fixed number of vehicles
capacity: 160
instance upper bound: 521
route length upper bound: 51
compiling DD
time step mult: 1
time step: 10
cap step: 1
done compiling DD
batch size for lag: 1
deactivate cut value threshold: 0.01
deactivate cut iter threshold: 25
lag optimality gap to start repairing: 25
percent arcs fixed to change to CPLEX: 97.5
number arcs fixed to change to CPLEX: 100000
kappa iterations: 10
var fixing: 1
muSSP: 1
repairDuals: 1
robustCuts: 1
nonRobustCuts: 1
volume algo: 1
phases: 1
STATS - lpIterations[0] lagIterations[0] sspIterations[0] numSeparations[0] numCuts[0] compileTime[9] sspSolveTime[0] lpSolveTime[0] lb[0] ub[521] numArcs: [593267] numFixed: [0] time: [9]
STATS1 - lpIterations[0] lagIterations[0] sspIterations[0] numSeparations[0] numCuts[0] compileTime[9] sspSolveTime[0] lpSolveTime[0] repairTime[0] cutsTime[0] lb[0] ub[521] numArcs: [593267] numFixed: [0] time: [9]
STATS - lpIterations[1] lagIterations[0] sspIterations[0] numSeparations[0] numCuts[0] compileTime[9] sspSolveTime[0] lpSolveTime[0] lb[0] ub[521] numArcs: [593267] numFixed: [0] time: [9]
STATS1 - lpIterations[1] lagIterations[0] sspIterations[0] numSeparations[0] numCuts[0] compileTime[9] sspSolveTime[0] lpSolveTime[0] repairTime[0] cutsTime[0] lb[0] ub[521] numArcs: [593267] numFixed: [0] time: [9]
fixed path dual: 13.0325
STATS - lpIterations[1] lagIterations[1] sspIterations[5] numSeparations[0] numCuts[0] compileTime[9] sspSolveTime[2] lpSolveTime[0] lb[290.85] ub[521] numArcs: [593257] numFixed: [0] time: [12]
STATS1 - lpIterations[1] lagIterations[1] sspIterations[5] numSeparations[0] numCuts[0] compileTime[9] sspSolveTime[2] lpSolveTime[0] repairTime[0] cutsTime[0] lb[290.85] ub[521] numArcs: [593257] numFixed: [0] time: [12]
lambda: 0,1.225,7.875,6.6,1.9125,3.675,2.0625,6.175,6.325,3.1625,1.75,2.85,2.9,8.3375,4.725,3.125,4.125,0.6375,7.6875,3.6,11.2,3.2,2.1,4.4,3.125,8.05,2.45,1.5,5.25,2.175,7.3625,4.125,1.5,9.775,10.4,8.2875,3.3,2.025,3,6.65,3.675,10.125,5.0375,4.8125,5,3.875,0.125,2.8125,3.4,4.95,3.25,
mu: 
srcDuals: 
best alpha: 1
0:0
1:1
2:1
3:1
4:1
5:1
6:1
7:1
8:1
9:1
10:1
11:1
12:0
13:1
14:1
15:1
16:1
17:1
18:1
19:1
20:1
21:1
22:1
23:1
24:1
25:1
26:1
27:0
28:1
29:1
30:1
31:1
32:0
33:1
34:1
35:1
36:1
37:1
38:1
39:1
40:1
41:1
42:1
43:1
44:1
45:1
46:0
47:0
48:1
49:1
50:1
alpha: 0.323167
lagLB: 290.85
stepSizeMultiplier: 1
targetLowerBound: 305.392
||gamma||^2: 45
lambda: 0,1.225,7.875,6.6,1.9125,3.675,2.0625,6.175,6.325,3.1625,1.75,2.85,2.9,8.3375,4.725,3.125,4.125,0.6375,7.6875,3.6,11.2,3.2,2.1,4.4,3.125,8.05,2.45,1.5,5.25,2.175,7.3625,4.125,1.5,9.775,10.4,8.2875,3.3,2.025,3,6.65,3.675,10.125,5.0375,4.8125,5,3.875,0.125,2.8125,3.4,4.95,3.25,
mu: 
srcDuals: 
lambda: 0,1.225,7.875,6.6,1.9125,3.675,2.0625,6.175,6.325,3.1625,1.75,2.85,2.9,8.3375,4.725,3.125,4.125,0.6375,7.6875,3.6,11.2,3.2,2.1,4.4,3.125,8.05,2.45,1.5,5.25,2.175,7.3625,4.125,1.5,9.775,10.4,8.2875,3.3,2.025,3,6.65,3.675,10.125,5.0375,4.8125,5,3.875,0.125,2.8125,3.4,4.95,3.25,
mu: 
srcDuals: 
fixed path dual: 13.0325
STATS - lpIterations[1] lagIterations[2] sspIterations[10] numSeparations[0] numCuts[0] compileTime[9] sspSolveTime[5] lpSolveTime[0] lb[305.393] ub[521] numArcs: [593257] numFixed: [0] time: [14]
STATS1 - lpIterations[1] lagIterations[2] sspIterations[10] numSeparations[0] numCuts[0] compileTime[9] sspSolveTime[5] lpSolveTime[0] repairTime[0] cutsTime[0] lb[305.393] ub[521] numArcs: [593257] numFixed: [0] time: [14]
lambda: 0,1.54817,8.19817,6.92317,2.23567,3.99817,2.38567,6.49817,6.64817,3.48567,2.07317,3.17317,2.9,8.66067,5.04817,3.44817,4.44817,0.960667,8.01067,3.92317,11.5232,3.52317,2.42317,4.72317,3.44817,8.37317,2.77317,1.5,5.57317,2.49817,7.68567,4.44817,1.5,10.0982,10.7232,8.61067,3.62317,2.34817,3.32317,6.97317,3.99817,10.4482,5.36067,5.13567,5.32317,4.19817,0.125,2.8125,3.72317,5.27317,3.57317,
mu: 
srcDuals: 
best alpha: 0.01
0:0
1:1
2:1
3:1
4:1
5:1
6:1
7:1
8:1
9:1
10:1
11:1
12:0
13:1
14:1
15:1
16:1
17:1
18:1
19:1
20:1
21:1
22:1
23:1
24:1
25:1
26:1
27:0
28:1
29:1
30:1
31:1
32:0
33:1
34:1
35:1
36:1
37:1
38:1
39:1
40:1
41:1
42:1
43:1
44:1
45:1
46:0
47:0
48:1
49:1
50:1
alpha: 0.339325
lagLB: 305.393
stepSizeMultiplier: 1
targetLowerBound: 320.662
||gamma||^2: 45
lambda: 0,1.54817,8.19817,6.92317,2.23567,3.99817,2.38567,6.49817,6.64817,3.48567,2.07317,3.17317,2.9,8.66067,5.04817,3.44817,4.44817,0.960667,8.01067,3.92317,11.5232,3.52317,2.42317,4.72317,3.44817,8.37317,2.77317,1.5,5.57317,2.49817,7.68567,4.44817,1.5,10.0982,10.7232,8.61067,3.62317,2.34817,3.32317,6.97317,3.99817,10.4482,5.36067,5.13567,5.32317,4.19817,0.125,2.8125,3.72317,5.27317,3.57317,
mu: 
srcDuals: 
lambda: 0,1.54817,8.19817,6.92317,2.23567,3.99817,2.38567,6.49817,6.64817,3.48567,2.07317,3.17317,2.9,8.66067,5.04817,3.44817,4.44817,0.960667,8.01067,3.92317,11.5232,3.52317,2.42317,4.72317,3.44817,8.37317,2.77317,1.5,5.57317,2.49817,7.68567,4.44817,1.5,10.0982,10.7232,8.61067,3.62317,2.34817,3.32317,6.97317,3.99817,10.4482,5.36067,5.13567,5.32317,4.19817,0.125,2.8125,3.72317,5.27317,3.57317,
mu: 
srcDuals: 
fixed path dual: 13.0325
STATS - lpIterations[1] lagIterations[3] sspIterations[15] numSeparations[0] numCuts[0] compileTime[9] sspSolveTime[7] lpSolveTime[0] lb[320.662] ub[521] numArcs: [593257] numFixed: [0] time: [17]
STATS1 - lpIterations[1] lagIterations[3] sspIterations[15] numSeparations[0] numCuts[0] compileTime[9] sspSolveTime[7] lpSolveTime[0] repairTime[0] cutsTime[0] lb[320.662] ub[521] numArcs: [593257] numFixed: [0] time: [17]
lambda: 0,1.88749,8.53749,7.26249,2.57499,4.33749,2.72499,6.83749,6.98749,3.82499,2.41249,3.51249,2.9,8.99999,5.38749,3.78749,4.78749,1.29999,8.34999,4.26249,11.8625,3.86249,2.76249,5.06249,3.78749,8.71249,3.11249,1.5,5.91249,2.83749,8.02499,4.78749,1.5,10.4375,11.0625,8.94999,3.96249,2.68749,3.66249,7.31249,4.33749,10.7875,5.69999,5.47499,5.66249,4.53749,0.125,2.8125,4.06249,5.61249,3.91249,
mu: 
srcDuals: 
best alpha: 0.01
0:0
1:1
2:1
3:1
4:1
5:1
6:1
7:1
8:1
9:1
10:1
11:1
12:0
13:1
14:1
15:1
16:1
17:1
18:1
19:1
20:1
21:1
22:1
23:1
24:1
25:1
26:1
27:0
28:1
29:1
30:1
31:1
32:0
33:1
34:1
35:1
36:1
37:1
38:1
39:1
40:1
41:1
42:1
43:1
44:1
45:1
46:0
47:0
48:1
49:1
50:1
alpha: 0.39192
lagLB: 320.662
stepSizeMultiplier: 1.1
targetLowerBound: 336.695
||gamma||^2: 45
lambda: 0,1.88749,8.53749,7.26249,2.57499,4.33749,2.72499,6.83749,6.98749,3.82499,2.41249,3.51249,2.9,8.99999,5.38749,3.78749,4.78749,1.29999,8.34999,4.26249,11.8625,3.86249,2.76249,5.06249,3.78749,8.71249,3.11249,1.5,5.91249,2.83749,8.02499,4.78749,1.5,10.4375,11.0625,8.94999,3.96249,2.68749,3.66249,7.31249,4.33749,10.7875,5.69999,5.47499,5.66249,4.53749,0.125,2.8125,4.06249,5.61249,3.91249,
mu: 
srcDuals: 
lambda: 0,1.88749,8.53749,7.26249,2.57499,4.33749,2.72499,6.83749,6.98749,3.82499,2.41249,3.51249,2.9,8.99999,5.38749,3.78749,4.78749,1.29999,8.34999,4.26249,11.8625,3.86249,2.76249,5.06249,3.78749,8.71249,3.11249,1.5,5.91249,2.83749,8.02499,4.78749,1.5,10.4375,11.0625,8.94999,3.96249,2.68749,3.66249,7.31249,4.33749,10.7875,5.69999,5.47499,5.66249,4.53749,0.125,2.8125,4.06249,5.61249,3.91249,
mu: 
srcDuals: 
fixed path dual: 13.0325
STATS - lpIterations[1] lagIterations[4] sspIterations[20] numSeparations[0] numCuts[0] compileTime[9] sspSolveTime[9] lpSolveTime[0] lb[338.299] ub[521] numArcs: [593257] numFixed: [0] time: [19]
STATS1 - lpIterations[1] lagIterations[4] sspIterations[20] numSeparations[0] numCuts[0] compileTime[9] sspSolveTime[9] lpSolveTime[0] repairTime[0] cutsTime[0] lb[338.299] ub[521] numArcs: [593257] numFixed: [0] time: [19]
lambda: 0,2.27941,8.92941,7.65441,2.96691,4.72941,3.11691,7.22941,7.37941,4.21691,2.80441,3.90441,2.9,9.39191,5.77941,4.17941,5.17941,1.69191,8.74191,4.65441,12.2544,4.25441,3.15441,5.45441,4.17941,9.10441,3.50441,1.5,6.30441,3.22941,8.41691,5.17941,1.5,10.8294,11.4544,9.34191,4.35441,3.07941,4.05441,7.70441,4.72941,11.1794,6.09191,5.86691,6.05441,4.92941,0.125,2.8125,4.45441,6.00441,4.30441,
mu: 
srcDuals: 
best alpha: 0.01
0:0
1:1
2:1
3:1
4:1
5:1
6:1
7:1
8:1
9:1
10:1
11:1
12:0
13:1
14:1
15:1
16:1
17:1
18:1
19:1
20:1
21:1
22:1
23:1
24:1
25:1
26:1
27:0
28:1
29:1
30:1
31:1
32:0
33:1
34:1
35:1
36:1
37:1
38:1
39:1
40:1
41:1
42:1
43:1
44:1
45:1
46:0
47:0
48:1
49:1
50:1
alpha: 0.454824
lagLB: 338.299
stepSizeMultiplier: 1.21
targetLowerBound: 355.213
||gamma||^2: 45
lambda: 0,2.27941,8.92941,7.65441,2.96691,4.72941,3.11691,7.22941,7.37941,4.21691,2.80441,3.90441,2.9,9.39191,5.77941,4.17941,5.17941,1.69191,8.74191,4.65441,12.2544,4.25441,3.15441,5.45441,4.17941,9.10441,3.50441,1.5,6.30441,3.22941,8.41691,5.17941,1.5,10.8294,11.4544,9.34191,4.35441,3.07941,4.05441,7.70441,4.72941,11.1794,6.09191,5.86691,6.05441,4.92941,0.125,2.8125,4.45441,6.00441,4.30441,
mu: 
srcDuals: 
lambda: 0,2.27941,8.92941,7.65441,2.96691,4.72941,3.11691,7.22941,7.37941,4.21691,2.80441,3.90441,2.9,9.39191,5.77941,4.17941,5.17941,1.69191,8.74191,4.65441,12.2544,4.25441,3.15441,5.45441,4.17941,9.10441,3.50441,1.5,6.30441,3.22941,8.41691,5.17941,1.5,10.8294,11.4544,9.34191,4.35441,3.07941,4.05441,7.70441,4.72941,11.1794,6.09191,5.86691,6.05441,4.92941,0.125,2.8125,4.45441,6.00441,4.30441,
mu: 
srcDuals: 
fixed path dual: 13.0182
STATS - lpIterations[1] lagIterations[5] sspIterations[25] numSeparations[0] numCuts[0] compileTime[9] sspSolveTime[12] lpSolveTime[0] lb[358.694] ub[521] numArcs: [593255] numFixed: [0] time: [22]
STATS1 - lpIterations[1] lagIterations[5] sspIterations[25] numSeparations[0] numCuts[0] compileTime[9] sspSolveTime[12] lpSolveTime[0] repairTime[0] cutsTime[0] lb[358.694] ub[521] numArcs: [593255] numFixed: [0] time: [22]
lambda: 0,2.73424,9.38424,8.10924,3.42174,5.18424,3.57174,7.68424,7.83424,4.67174,3.25924,4.35924,2.9,9.84674,6.23424,4.63424,5.63424,2.14674,9.19674,5.10924,12.7092,4.70924,3.60924,5.90924,4.63424,9.55924,3.95924,1.5,6.75924,3.68424,8.87174,5.63424,1.5,11.2842,11.9092,9.79674,4.80924,3.53424,4.50924,8.15924,5.18424,11.6342,6.54674,6.32174,6.50924,5.38424,0.125,2.8125,4.90924,6.45924,4.75924,
mu: 
srcDuals: 
best alpha: 0.1
0:0
1:1
2:1
3:1
4:1
5:1
6:0.9
7:1
8:1
9:1
10:1
11:1
12:0
13:1
14:1
15:1
16:1
17:1
18:1
19:1
20:1
21:1
22:1
23:1
24:1
25:1
26:1
27:0
28:1
29:1
30:1
31:1
32:0.1
33:1
34:1
35:1
36:1
37:1
38:1
39:1
40:1
41:1
42:1
43:1
44:1
45:1
46:0
47:0
48:1
49:1
50:1
alpha: 0.532599
lagLB: 358.694
stepSizeMultiplier: 1.331
targetLowerBound: 376.629
||gamma||^2: 44.82
lambda: 0,2.73424,9.38424,8.10924,3.42174,5.18424,3.57174,7.68424,7.83424,4.67174,3.25924,4.35924,2.9,9.84674,6.23424,4.63424,5.63424,2.14674,9.19674,5.10924,12.7092,4.70924,3.60924,5.90924,4.63424,9.55924,3.95924,1.5,6.75924,3.68424,8.87174,5.63424,1.5,11.2842,11.9092,9.79674,4.80924,3.53424,4.50924,8.15924,5.18424,11.6342,6.54674,6.32174,6.50924,5.38424,0.125,2.8125,4.90924,6.45924,4.75924,
mu: 
srcDuals: 
lambda: 0,2.73424,9.38424,8.10924,3.42174,5.18424,3.57174,7.68424,7.83424,4.67174,3.25924,4.35924,2.9,9.84674,6.23424,4.63424,5.63424,2.14674,9.19674,5.10924,12.7092,4.70924,3.60924,5.90924,4.63424,9.55924,3.95924,1.5,6.75924,3.68424,8.87174,5.63424,1.5,11.2842,11.9092,9.79674,4.80924,3.53424,4.50924,8.15924,5.18424,11.6342,6.54674,6.32174,6.50924,5.38424,0.125,2.8125,4.90924,6.45924,4.75924,
mu: 
srcDuals: 
fixed path dual: 12.9223
STATS - lpIterations[1] lagIterations[6] sspIterations[30] numSeparations[0] numCuts[0] compileTime[9] sspSolveTime[14] lpSolveTime[0] lb[382.181] ub[521] numArcs: [593255] numFixed: [0] time: [24]
STATS1 - lpIterations[1] lagIterations[6] sspIterations[30] numSeparations[0] numCuts[0] compileTime[9] sspSolveTime[14] lpSolveTime[0] repairTime[0] cutsTime[0] lb[382.181] ub[521] numArcs: [593255] numFixed: [0] time: [24]
lambda: 0,3.26683,9.91683,8.64183,3.95433,5.71683,4.05107,8.21683,8.36683,5.20433,3.79183,4.89183,2.9,10.3793,6.76683,5.16683,6.16683,2.67933,9.72933,5.64183,13.2418,5.24183,4.14183,6.44183,5.16683,10.0918,4.49183,1.5,7.29183,4.21683,9.40433,6.16683,1.55326,11.8168,12.4418,10.3293,5.34183,4.06683,5.04183,8.69183,5.71683,12.1668,7.07933,6.85433,7.04183,5.91683,0.125,2.8125,5.44183,6.99183,5.29183,
mu: 
srcDuals: 
best alpha: 0.1
0:0
1:1
2:1
3:1
4:1
5:1
6:0.81
7:1
8:1
9:1
10:1
11:1
12:0
13:1
14:1
15:1
16:1
17:1
18:1
19:1
20:1
21:1
22:1
23:1
24:1
25:1
26:1
27:0
28:1
29:1
30:1
31:1
32:0.19
33:1
34:1
35:1
36:1
37:1
38:1
39:1
40:1
41:1
42:1
43:1
44:1
45:1
46:0
47:0
48:1
49:1
50:1
alpha: 0.626006
lagLB: 382.181
stepSizeMultiplier: 1.4641
targetLowerBound: 401.291
||gamma||^2: 44.6922
lambda: 0,3.26683,9.91683,8.64183,3.95433,5.71683,4.05107,8.21683,8.36683,5.20433,3.79183,4.89183,2.9,10.3793,6.76683,5.16683,6.16683,2.67933,9.72933,5.64183,13.2418,5.24183,4.14183,6.44183,5.16683,10.0918,4.49183,1.5,7.29183,4.21683,9.40433,6.16683,1.55326,11.8168,12.4418,10.3293,5.34183,4.06683,5.04183,8.69183,5.71683,12.1668,7.07933,6.85433,7.04183,5.91683,0.125,2.8125,5.44183,6.99183,5.29183,
mu: 
srcDuals: 
lambda: 0,3.26683,9.91683,8.64183,3.95433,5.71683,4.05107,8.21683,8.36683,5.20433,3.79183,4.89183,2.9,10.3793,6.76683,5.16683,6.16683,2.67933,9.72933,5.64183,13.2418,5.24183,4.14183,6.44183,5.16683,10.0918,4.49183,1.5,7.29183,4.21683,9.40433,6.16683,1.55326,11.8168,12.4418,10.3293,5.34183,4.06683,5.04183,8.69183,5.71683,12.1668,7.07933,6.85433,7.04183,5.91683,0.125,2.8125,5.44183,6.99183,5.29183,
mu: 
srcDuals: 
fixed path dual: 11.9208
STATS - lpIterations[1] lagIterations[7] sspIterations[35] numSeparations[0] numCuts[0] compileTime[9] sspSolveTime[16] lpSolveTime[0] lb[405.344] ub[521] numArcs: [593235] numFixed: [0] time: [26]
STATS1 - lpIterations[1] lagIterations[7] sspIterations[35] numSeparations[0] numCuts[0] compileTime[9] sspSolveTime[16] lpSolveTime[0] repairTime[0] cutsTime[0] lb[405.344] ub[521] numArcs: [593235] numFixed: [0] time: [26]
lambda: 0,3.89284,10.5428,9.26784,4.58034,6.34284,4.55814,8.84284,8.99284,5.83034,4.41784,5.51784,2.9,11.0053,7.39284,5.79284,6.79284,3.30534,10.3553,6.26784,13.8678,5.86784,4.76784,7.06784,5.79284,10.7178,5.11784,1.5,7.91784,4.84284,10.0303,6.79284,1.6722,12.4428,13.0678,10.9553,5.96784,4.69284,5.66784,9.31784,6.34284,12.7928,7.70534,7.48034,7.66784,6.54284,0.125,2.8125,6.06784,7.61784,5.91784,
mu: 
srcDuals: 
best alpha: 0.1
0:0
1:1
2:1
3:1
4:1
5:0.8
6:0.829
7:1
8:1
9:0.6
10:1
11:0.8
12:0
13:1
14:1
15:1
16:1
17:1
18:1
19:1
20:1
21:1
22:1
23:1
24:1
25:1
26:1
27:0
28:1
29:1
30:0.6
31:1
32:0.271
33:1
34:0.8
35:1
36:1
37:1
38:0.8
39:1
40:1
41:1
42:1
43:1
44:1
45:1
46:0
47:0.1
48:1
49:0.8
50:1
alpha: 0.782922
lagLB: 405.344
stepSizeMultiplier: 1.61051
targetLowerBound: 425.611
||gamma||^2: 41.6907
lambda: 0,3.89284,10.5428,9.26784,4.58034,6.34284,4.55814,8.84284,8.99284,5.83034,4.41784,5.51784,2.9,11.0053,7.39284,5.79284,6.79284,3.30534,10.3553,6.26784,13.8678,5.86784,4.76784,7.06784,5.79284,10.7178,5.11784,1.5,7.91784,4.84284,10.0303,6.79284,1.6722,12.4428,13.0678,10.9553,5.96784,4.69284,5.66784,9.31784,6.34284,12.7928,7.70534,7.48034,7.66784,6.54284,0.125,2.8125,6.06784,7.61784,5.91784,
mu: 
srcDuals: 
lambda: 0,3.89284,10.5428,9.26784,4.58034,6.34284,4.55814,8.84284,8.99284,5.83034,4.41784,5.51784,2.9,11.0053,7.39284,5.79284,6.79284,3.30534,10.3553,6.26784,13.8678,5.86784,4.76784,7.06784,5.79284,10.7178,5.11784,1.5,7.91784,4.84284,10.0303,6.79284,1.6722,12.4428,13.0678,10.9553,5.96784,4.69284,5.66784,9.31784,6.34284,12.7928,7.70534,7.48034,7.66784,6.54284,0.125,2.8125,6.06784,7.61784,5.91784,
mu: 
srcDuals: 
fixing. lower bound used: 365.12
percent fixed: 0.019046
updating best lambda arc fixing
fixing. lower bound used: 365.12
fixed path dual: 8.74297
STATS - lpIterations[1] lagIterations[8] sspIterations[40] numSeparations[0] numCuts[0] compileTime[9] sspSolveTime[19] lpSolveTime[0] lb[423.434] ub[521] numArcs: [593207] numFixed: [113] time: [37]
STATS1 - lpIterations[1] lagIterations[8] sspIterations[40] numSeparations[0] numCuts[0] compileTime[9] sspSolveTime[19] lpSolveTime[0] repairTime[0] cutsTime[0] lb[423.434] ub[521] numArcs: [593207] numFixed: [113] time: [37]
lambda: 0,4.67576,11.3258,10.0508,5.36326,6.96918,5.20718,9.62576,9.77576,6.30009,5.20076,6.14418,2.9,11.7883,8.17576,6.57576,7.57576,4.08826,11.1383,7.05076,14.6508,6.65076,5.55076,7.85076,6.57576,11.5008,5.90076,1.5,8.70076,5.62576,10.5001,7.57576,1.88437,13.2258,13.6942,11.7383,6.75076,5.47576,6.29418,10.1008,7.12576,13.5758,8.48826,8.26326,8.45076,7.32576,0.125,2.89079,6.85076,8.24418,6.70076,
mu: 
srcDuals: 
best alpha: 0.1
0:0
1:0.9
2:0.9
3:0.9
4:1
5:0.52
6:0.8461
7:1
8:1
9:0.14
10:1
11:0.52
12:0.1
13:1
14:1
15:1
16:0.9
17:1
18:1
19:1
20:0.8
21:0.9
22:0.9
23:1
24:1
25:1
26:1
27:0.1
28:1
29:1
30:0.24
31:1
32:0.3439
33:1
34:0.42
35:0.9
36:1
37:1
38:0.62
39:1
40:1
41:1
42:1
43:1
44:1
45:1
46:-0.2
47:0.19
48:1
49:0.52
50:0.7
alpha: 1.00881
lagLB: 423.434
stepSizeMultiplier: 1.77156
targetLowerBound: 444.606
||gamma||^2: 37.1795
lambda: 0,4.67576,11.3258,10.0508,5.36326,6.96918,5.20718,9.62576,9.77576,6.30009,5.20076,6.14418,2.9,11.7883,8.17576,6.57576,7.57576,4.08826,11.1383,7.05076,14.6508,6.65076,5.55076,7.85076,6.57576,11.5008,5.90076,1.5,8.70076,5.62576,10.5001,7.57576,1.88437,13.2258,13.6942,11.7383,6.75076,5.47576,6.29418,10.1008,7.12576,13.5758,8.48826,8.26326,8.45076,7.32576,0.125,2.89079,6.85076,8.24418,6.70076,
mu: 
srcDuals: 
lambda: 0,4.67576,11.3258,10.0508,5.36326,6.96918,5.20718,9.62576,9.77576,6.30009,5.20076,6.14418,2.9,11.7883,8.17576,6.57576,7.57576,4.08826,11.1383,7.05076,14.6508,6.65076,5.55076,7.85076,6.57576,11.5008,5.90076,1.5,8.70076,5.62576,10.5001,7.57576,1.88437,13.2258,13.6942,11.7383,6.75076,5.47576,6.29418,10.1008,7.12576,13.5758,8.48826,8.26326,8.45076,7.32576,0.125,2.89079,6.85076,8.24418,6.70076,
mu: 
srcDuals: 
fixing. lower bound used: 399.099
percent fixed: 0.0502253
updating best lambda arc fixing
fixing. lower bound used: 399.099
fixed path dual: 4.2454
STATS - lpIterations[1] lagIterations[9] sspIterations[45] numSeparations[0] numCuts[0] compileTime[9] sspSolveTime[21] lpSolveTime[0] lb[441.537] ub[521] numArcs: [593177] numFixed: [298] time: [47]
STATS1 - lpIterations[1] lagIterations[9] sspIterations[45] numSeparations[0] numCuts[0] compileTime[9] sspSolveTime[21] lpSolveTime[0] repairTime[0] cutsTime[0] lb[441.537] ub[521] numArcs: [593177] numFixed: [298] time: [47]
lambda: 0,5.58369,12.2337,10.9587,6.37207,7.49376,6.06073,10.6346,10.7846,6.44133,6.20957,6.66876,3.00088,12.7971,9.18457,7.58457,8.48369,5.09707,12.1471,8.05957,15.4578,7.55869,6.45869,8.85957,7.58457,12.5096,6.90957,1.60088,9.70957,6.63457,10.7422,8.58457,2.2313,14.2346,14.1179,12.6462,7.75957,6.48457,6.91964,11.1096,8.13457,14.5846,9.49707,9.27207,9.45957,8.33457,0,3.08247,7.85957,8.76876,7.40693,
mu: 
srcDuals: 
best alpha: 0.1
0:0
1:0.61
2:0.81
3:0.61
4:1
5:0.468
6:0.86149
7:1
8:1
9:-0.074
10:1
11:0.268
12:0.19
13:1
14:1
15:1
16:0.71
17:1
18:1
19:1
20:0.42
21:0.81
22:0.61
23:1
24:1
25:1
26:1
27:0.19
28:0.8
29:1
30:0.216
31:1
32:0.30951
33:1
34:0.178
35:0.71
36:1
37:1
38:0.558
39:1
40:1
41:1
42:1
43:1
44:1
45:1
46:-0.18
47:0.271
48:1
49:0.468
50:0.33
alpha: 1.29385
lagLB: 441.537
stepSizeMultiplier: 1.94872
targetLowerBound: 463.613
||gamma||^2: 33.2507
lambda: 0,5.58369,12.2337,10.9587,6.37207,7.49376,6.06073,10.6346,10.7846,6.44133,6.20957,6.66876,3.00088,12.7971,9.18457,7.58457,8.48369,5.09707,12.1471,8.05957,15.4578,7.55869,6.45869,8.85957,7.58457,12.5096,6.90957,1.60088,9.70957,6.63457,10.7422,8.58457,2.2313,14.2346,14.1179,12.6462,7.75957,6.48457,6.91964,11.1096,8.13457,14.5846,9.49707,9.27207,9.45957,8.33457,0,3.08247,7.85957,8.76876,7.40693,
mu: 
srcDuals: 
lambda: 0,5.58369,12.2337,10.9587,6.37207,7.49376,6.06073,10.6346,10.7846,6.44133,6.20957,6.66876,3.00088,12.7971,9.18457,7.58457,8.48369,5.09707,12.1471,8.05957,15.4578,7.55869,6.45869,8.85957,7.58457,12.5096,6.90957,1.60088,9.70957,6.63457,10.7422,8.58457,2.2313,14.2346,14.1179,12.6462,7.75957,6.48457,6.91964,11.1096,8.13457,14.5846,9.49707,9.27207,9.45957,8.33457,0,3.08247,7.85957,8.76876,7.40693,
mu: 
srcDuals: 
fixing. lower bound used: 436.805
percent fixed: 1.2377
updating best lambda arc fixing
fixing. lower bound used: 436.805
fixed path dual: -4.65328
STATS - lpIterations[1] lagIterations[10] sspIterations[50] numSeparations[0] numCuts[0] compileTime[9] sspSolveTime[23] lpSolveTime[0] lb[445.335] ub[521] numArcs: [593110] numFixed: [7353] time: [57]
STATS1 - lpIterations[1] lagIterations[10] sspIterations[50] numSeparations[0] numCuts[0] compileTime[9] sspSolveTime[23] lpSolveTime[0] repairTime[1] cutsTime[0] lb[445.335] ub[521] numArcs: [593110] numFixed: [7353] time: [57]
lambda: 0,6.37294,13.2817,11.7479,7.66593,8.09928,7.17538,11.9284,12.0784,6.34558,7.50343,7.01551,3.24671,14.0909,10.4784,8.87843,9.40233,6.39093,13.4409,9.35343,16.0012,8.60671,7.24794,10.1534,8.87843,13.8034,8.20343,1.84671,10.7447,7.92843,11.0217,9.87843,2.63176,15.5284,14.3482,13.5648,9.05343,7.77843,7.64161,12.4034,9.42843,15.8784,10.7909,10.5659,10.7534,9.62843,0,3.4331,9.15343,9.37428,7.8339,
mu: 
srcDuals: 
best alpha: 0.1
0:0
1:0.449
2:0.829
3:0.449
4:0.8
5:0.5212
6:0.875341
7:1
8:1
9:0.0334
10:1
11:0.3412
12:0.271
13:1
14:1
15:-0.3
16:0.739
17:0.3
18:0.9
19:1
20:0.278
21:0.829
22:0.449
23:1
24:1
25:1
26:1
27:0.271
28:0.72
29:1
30:0.2944
31:0.9
32:0.378559
33:0.7
34:0.2602
35:0.639
36:1
37:-0.4
38:0.6022
39:1
40:1
41:1
42:1
43:1
44:-0.2
45:0.7
46:-0.062
47:0.3439
48:1
49:0.5212
50:0.397
alpha: 1.56877
lagLB: 445.335
stepSizeMultiplier: 1.94872
targetLowerBound: 467.602
||gamma||^2: 27.6596
lambda: 0,6.37294,13.2817,11.7479,7.66593,8.09928,7.17538,11.9284,12.0784,6.34558,7.50343,7.01551,3.24671,14.0909,10.4784,8.87843,9.40233,6.39093,13.4409,9.35343,16.0012,8.60671,7.24794,10.1534,8.87843,13.8034,8.20343,1.84671,10.7447,7.92843,11.0217,9.87843,2.63176,15.5284,14.3482,13.5648,9.05343,7.77843,7.64161,12.4034,9.42843,15.8784,10.7909,10.5659,10.7534,9.62843,0,3.4331,9.15343,9.37428,7.8339,
mu: 
srcDuals: 
lambda: 0,6.37294,13.2817,11.7479,7.66593,8.09928,7.17538,11.9284,12.0784,6.34558,7.50343,7.01551,3.24671,14.0909,10.4784,8.87843,9.40233,6.39093,13.4409,9.35343,16.0012,8.60671,7.24794,10.1534,8.87843,13.8034,8.20343,1.84671,10.7447,7.92843,11.0217,9.87843,2.63176,15.5284,14.3482,13.5648,9.05343,7.77843,7.64161,12.4034,9.42843,15.8784,10.7909,10.5659,10.7534,9.62843,0,3.4331,9.15343,9.37428,7.8339,
mu: 
srcDuals: 
STATS - lpIterations[1] lagIterations[10] sspIterations[50] numSeparations[0] numCuts[0] compileTime[9] sspSolveTime[23] lpSolveTime[0] lb[470.424] ub[521] numArcs: [593110] numFixed: [7353] time: [58]
STATS1 - lpIterations[1] lagIterations[10] sspIterations[50] numSeparations[0] numCuts[0] compileTime[9] sspSolveTime[23] lpSolveTime[0] repairTime[1] cutsTime[0] lb[470.424] ub[521] numArcs: [593110] numFixed: [7353] time: [58]
lambda: 0,5.41766,13.1604,10.7927,7.60274,8.08928,7.11219,11.9184,12.0684,5.8719,7.49343,6.54183,3.23671,13.6153,9.9496,7.70634,8.92864,5.21884,13.3777,8.87779,15.0459,8.13303,6.29266,10.1434,8.86843,13.2746,8.19343,1.83671,9.78937,7.91843,11.0117,9.03448,2.51043,15.5184,13.8745,12.6095,9.04343,6.60634,7.16793,12.3934,9.41843,15.4028,10.3153,10.5559,9.58134,9.61843,0,3.4231,9.14343,9.36428,7.36022,
mu: 
srcDuals: 
fixing. lower bound used: 470.424
percent fixed: 20.0619
updating best lambda arc fixing
fixing. lower bound used: 470.424
fixed path dual: -12.2758
best alpha: 0.1
0:0
1:0.2041
2:0.8461
3:0.1041
4:0.82
5:0.56908
6:0.887807
7:1
8:0.8
9:0.13006
10:1
11:0.30708
12:0.3439
13:0.8
14:0.8
15:-0.37
16:0.6651
17:0.17
18:0.91
19:0.8
20:-0.0498
21:0.8461
22:0.2041
23:1
24:1
25:0.8
26:0.8
27:0.3439
28:0.348
29:0.9
30:0.36496
31:0.61
32:0.440703
33:0.73
34:0.33418
35:0.4751
36:1
37:-0.46
38:0.64198
39:1
40:1
41:0.8
42:0.8
43:1
44:-0.28
45:0.73
46:0.0442
47:0.40951
48:0.8
49:0.56908
50:0.4573
alpha: 1.9676
lagLB: 457.253
stepSizeMultiplier: 1.94872
targetLowerBound: 493.945
||gamma||^2: 23.2954
lambda: 0,7.07732,14.5822,12.4523,8.92095,8.91693,8.54859,13.4972,13.6472,6.39798,9.0722,7.55078,3.67185,15.6597,12.0472,8.40779,10.5617,6.86156,14.8528,10.9222,16.4373,9.90723,7.95232,11.7222,10.4472,15.3722,9.7722,2.27185,11.8742,9.4972,11.4835,11.2903,3.22564,16.6266,14.7564,14.5673,10.6222,7.15092,8.58633,13.9722,10.9972,17.4472,12.3597,12.1347,10.4397,10.7266,0,3.9726,10.7222,10.1919,8.4567,
mu: 
srcDuals: 
lambda: 0,5.41766,13.1604,10.7927,7.60274,8.08928,7.11219,11.9184,12.0684,5.8719,7.49343,6.54183,3.23671,13.6153,9.9496,7.70634,8.92864,5.21884,13.3777,8.87779,15.0459,8.13303,6.29266,10.1434,8.86843,13.2746,8.19343,1.83671,9.78937,7.91843,11.0117,9.03448,2.51043,15.5184,13.8745,12.6095,9.04343,6.60634,7.16793,12.3934,9.41843,15.4028,10.3153,10.5559,9.58134,9.61843,0,3.4231,9.14343,9.36428,7.36022,
mu: 
srcDuals: 
STATS - lpIterations[1] lagIterations[11] sspIterations[55] numSeparations[0] numCuts[0] compileTime[9] sspSolveTime[24] lpSolveTime[0] lb[476.26] ub[521] numArcs: [593073] numFixed: [119092] time: [69]
STATS1 - lpIterations[1] lagIterations[11] sspIterations[55] numSeparations[0] numCuts[0] compileTime[9] sspSolveTime[24] lpSolveTime[0] repairTime[2] cutsTime[0] lb[476.26] ub[521] numArcs: [593073] numFixed: [119092] time: [69]
lambda: 0,6.24569,14.5822,11.5666,8.92095,8.81288,8.07819,13.0268,13.1227,6.39798,8.96815,7.27581,3.67185,14.9582,11.3457,7.60225,10.2867,6.05602,14.8528,10.2207,15.6057,9.65325,7.12069,11.2518,10.4472,14.6707,9.24773,2.27185,10.9885,9.22224,11.4835,9.9552,3.22564,16.5225,14.5024,13.7356,10.6222,6.34538,8.33235,13.9722,10.9972,16.7457,11.6582,12.1347,9.73818,10.6225,0,3.9726,10.1977,10.0879,8.20272,
mu: 
srcDuals: 
fixing. lower bound used: 476.26
percent fixed: 29.8994
updating best lambda arc fixing
fixing. lower bound used: 476.26
fixed path dual: -8.47844
best alpha: 0.1
0:0
1:0.28369
2:0.86149
3:0.19369
4:0.838
5:0.412172
6:0.399026
7:0.4
8:0.12
9:0.217054
10:0.8
11:0.376372
12:0.40951
13:0.82
14:0.82
15:-0.233
16:0.69859
17:0.253
18:0.919
19:0.82
20:0.05518
21:0.86149
22:0.28369
23:0.4
24:1
25:0.82
26:0.12
27:0.30951
28:0.4132
29:0.91
30:0.428464
31:0.349
32:0.496633
33:0.557
34:0.400762
35:0.52759
36:1
37:-0.314
38:0.677782
39:0.9
40:1
41:0.82
42:0.82
43:0.9
44:-0.152
45:0.657
46:0.13978
47:0.468559
48:0.42
49:0.412172
50:0.51157
alpha: 2.51879
lagLB: 464.009
stepSizeMultiplier: 1.94872
targetLowerBound: 500.073
||gamma||^2: 18.4234
lambda: 0,5.81925,14.8252,10.9975,9.21617,9.20901,8.85904,13.886,13.6425,6.12781,9.46103,7.14604,3.91337,15.1894,11.5237,6.97832,10.2373,5.55333,15.1683,10.4519,14.948,9.79782,6.69425,12.111,10.836,14.8487,9.76751,2.51337,10.4741,9.68927,11.7298,10.2347,3.37756,16.9548,14.532,13.5444,11.011,5.70124,8.43109,14.361,11.386,16.9769,11.8894,12.5235,9.03041,11.0548,0.0869681,4.22885,10.7175,10.484,8.26,
mu: 
srcDuals: 
lambda: 0,6.24569,14.5822,11.5666,8.92095,8.81288,8.07819,13.0268,13.1227,6.39798,8.96815,7.27581,3.67185,14.9582,11.3457,7.60225,10.2867,6.05602,14.8528,10.2207,15.6057,9.65325,7.12069,11.2518,10.4472,14.6707,9.24773,2.27185,10.9885,9.22224,11.4835,9.9552,3.22564,16.5225,14.5024,13.7356,10.6222,6.34538,8.33235,13.9722,10.9972,16.7457,11.6582,12.1347,9.73818,10.6225,0,3.9726,10.1977,10.0879,8.20272,
mu: 
srcDuals: 
fixing. lower bound used: 445.022
percent fixed: 29.9015
updating best lambda arc fixing
fixing. lower bound used: 445.022
fixed path dual: -23.9232
best alpha: 0.04
0:0
1:0.272342
2:0.82703
3:0.225942
4:0.84448
5:0.435685
6:0.423065
7:0.424
8:0.1552
9:0.248372
10:0.808
11:0.241317
12:0.43313
13:0.8272
14:0.8272
15:-0.18368
16:0.110646
17:0.28288
18:0.92224
19:0.8272
20:0.0929728
21:0.0270304
22:0.312342
23:0.424
24:1
25:0.8272
26:0.1552
27:0.33713
28:0.436672
29:0.0736
30:0.451325
31:0.37504
32:0.516767
33:0.57472
34:0.424732
35:0.546486
36:1
37:-0.26144
38:0.570671
39:0.904
40:1
41:0.8272
42:0.8272
43:0.904
44:-0.10592
45:0.67072
46:0.0941888
47:0.489817
48:0.4432
49:0.435685
50:0.0911072
alpha: 2.84489
lagLB: 444.396
stepSizeMultiplier: 1.94872
targetLowerBound: 500.073
||gamma||^2: 16.3117
lambda: 0,6.96025,16.7521,12.0545,11.0317,9.85105,9.08326,14.0343,13.425,6.94469,10.9832,8.22382,4.70332,17.0236,13.4111,7.01538,12.0463,6.69327,17.1676,12.2861,15.7447,11.8232,7.83525,12.2593,12.966,16.7361,9.54998,3.05144,12.0292,11.5143,12.5627,10.8343,4.47655,17.9255,15.5118,15.0645,13.141,5.55448,10.0395,16.2391,13.516,18.8111,13.7236,14.4016,9.35533,12.2774,0.352077,5.1528,11.2556,11.1261,9.49126,
mu: 
srcDuals: 
lambda: 0,6.24569,14.5822,11.5666,8.92095,8.81288,8.07819,13.0268,13.1227,6.39798,8.96815,7.27581,3.67185,14.9582,11.3457,7.60225,10.2867,6.05602,14.8528,10.2207,15.6057,9.65325,7.12069,11.2518,10.4472,14.6707,9.24773,2.27185,10.9885,9.22224,11.4835,9.9552,3.22564,16.5225,14.5024,13.7356,10.6222,6.34538,8.33235,13.9722,10.9972,16.7457,11.6582,12.1347,9.73818,10.6225,0,3.9726,10.1977,10.0879,8.20272,
mu: 
srcDuals: 
STATS - lpIterations[1] lagIterations[13] sspIterations[65] numSeparations[0] numCuts[0] compileTime[9] sspSolveTime[27] lpSolveTime[0] lb[485.017] ub[521] numArcs: [592943] numFixed: [177470] time: [88]
STATS1 - lpIterations[1] lagIterations[13] sspIterations[65] numSeparations[0] numCuts[0] compileTime[9] sspSolveTime[27] lpSolveTime[0] repairTime[4] cutsTime[0] lb[485.017] ub[521] numArcs: [592943] numFixed: [177470] time: [88]
lambda: 0,6.56577,16.4971,11.5023,9.0977,9.54425,7.51954,13.2033,13.2673,6.57713,9.72859,7.10987,4.70332,15.8224,11.7067,7.01538,10.9323,6.69327,16.2942,11.0849,15.3502,10.1315,7.44077,11.4283,12.135,15.8627,9.39228,3.05144,11.8446,9.82265,12.3526,10.6766,4.22154,16.8811,14.9162,14.6701,12.7734,5.55448,8.72419,15.1947,13.516,17.6099,12.6631,13.5706,8.29476,11.233,0.141892,5.1528,10.2669,9.87146,7.79957,
mu: 
srcDuals: 
fixing. lower bound used: 485.017
percent fixed: 49.3213
updating best lambda arc fixing
fixing. lower bound used: 485.017
fixed path dual: -21.1982
best alpha: 0.1
0:0
1:0.345108
2:0.844327
3:0.303348
4:0.360032
5:0.292117
6:0.380759
7:0.4816
8:0.23968
9:0.323535
10:0.4272
11:0.317185
12:0.489817
13:0.54448
14:0.64448
15:-0.065312
16:0.199582
17:0.154592
18:0.930016
19:0.44448
20:0.183676
21:0.124327
22:0.381108
23:0.4816
24:1
25:0.64448
26:0.23968
27:0.403417
28:0.493005
29:0.16624
30:0.506193
31:0.437536
32:0.565091
33:0.217248
34:0.482258
35:0.591838
36:1
37:-0.135296
38:0.413604
39:0.6136
40:1
41:0.34448
42:0.44448
43:0.9136
44:-0.095328
45:0.503648
46:0.18477
47:0.540835
48:0.49888
49:0.0921166
50:0.181996
alpha: 3.82049
lagLB: 460.157
stepSizeMultiplier: 1.94872
targetLowerBound: 509.268
||gamma||^2: 12.3696
lambda: 0,7.02047,16.935,12.2094,11.3234,10.0523,9.28176,14.233,13.5643,7.10457,11.2668,7.96233,4.90406,17.3115,13.699,7.07971,10.6015,6.86078,17.4765,12.574,15.8702,9.73015,8.00927,12.458,13.2921,17.024,9.68925,3.23095,12.2307,9.43162,12.7675,11.0221,4.69578,18.1575,15.7107,15.2903,13.4671,5.60161,9.95584,16.544,13.8421,19.099,14.0115,14.7065,9.43685,12.5306,0.267956,5.36607,11.4586,11.3273,8.46191,
mu: 
srcDuals: 
lambda: 0,6.56577,16.4971,11.5023,9.0977,9.54425,7.51954,13.2033,13.2673,6.57713,9.72859,7.10987,4.70332,15.8224,11.7067,7.01538,10.9323,6.69327,16.2942,11.0849,15.3502,10.1315,7.44077,11.4283,12.135,15.8627,9.39228,3.05144,11.8446,9.82265,12.3526,10.6766,4.22154,16.8811,14.9162,14.6701,12.7734,5.55448,8.72419,15.1947,13.516,17.6099,12.6631,13.5706,8.29476,11.233,0.141892,5.1528,10.2669,9.87146,7.79957,
mu: 
srcDuals: 
fixing. lower bound used: 446.532
percent fixed: 49.3441
updating best lambda arc fixing
fixing. lower bound used: 446.532
fixed path dual: -30.6674
best alpha: 0.1
0:0
1:0.110597
2:0.759895
3:-0.126987
4:0.424029
5:0.362905
6:0.142683
7:-0.06656
8:0.315712
9:0.391181
10:0.48448
11:0.385467
12:0.540835
13:0.590032
14:0.580032
15:0.0412192
16:0.279624
17:0.239133
18:0.937014
19:0.500032
20:0.165308
21:0.211895
22:0.142997
23:-0.26656
24:0.3
25:0.680032
26:0.315712
27:0.463075
28:0.343704
29:0.149616
30:0.555574
31:0.493782
32:0.608582
33:0.295523
34:0.534033
35:0.232654
36:0.6
37:-0.0217664
38:0.472243
39:0.65224
40:1
41:0.410032
42:0.500032
43:0.32224
44:0.0142048
45:0.553283
46:0.266293
47:0.586751
48:0.348992
49:0.182905
50:0.263797
alpha: 4.8135
lagLB: 454.594
stepSizeMultiplier: 1.94872
targetLowerBound: 509.268
||gamma||^2: 9.81783
lambda: 0,7.88425,19.7229,12.6612,10.4732,10.6603,8.97423,15.0433,14.183,7.8132,11.3607,8.32168,6.57466,17.9026,14.169,6.76585,11.6948,7.28389,19.8473,12.783,16.052,10.6065,8.89679,13.2683,15.9555,18.3249,10.308,4.59269,13.7281,10.4578,14.2865,12.3482,6.38047,17.7111,16.7587,16.9312,16.5939,5.03758,10.3044,17.539,17.3365,18.926,14.3612,17.061,7.93056,13.1571,0.847804,7.21906,12.1729,10.2234,8.49489,
mu: 
srcDuals: 
lambda: 0,6.56577,16.4971,11.5023,9.0977,9.54425,7.51954,13.2033,13.2673,6.57713,9.72859,7.10987,4.70332,15.8224,11.7067,7.01538,10.9323,6.69327,16.2942,11.0849,15.3502,10.1315,7.44077,11.4283,12.135,15.8627,9.39228,3.05144,11.8446,9.82265,12.3526,10.6766,4.22154,16.8811,14.9162,14.6701,12.7734,5.55448,8.72419,15.1947,13.516,17.6099,12.6631,13.5706,8.29476,11.233,0.141892,5.1528,10.2669,9.87146,7.79957,
mu: 
srcDuals: 
fixing. lower bound used: 484.17
percent fixed: 51.1752
updating best lambda arc fixing
fixing. lower bound used: 484.17
fixed path dual: -31.2544
best alpha: 0.07
0:0
1:0.172856
2:0.566702
3:-0.0480976
4:0.114347
5:0.407502
6:0.202695
7:0.0080992
8:0.363612
9:0.433799
10:0.520566
11:0.428484
12:0.572977
13:0.47873
14:0.46943
15:0.108334
16:0.26005
17:0.0823935
18:0.941423
19:0.25503
20:0.223736
21:0.197062
22:0.202988
23:-0.177901
24:0.349
25:0.56243
26:0.363612
27:0.50066
28:0.389645
29:0.0691429
30:0.586683
31:0.529218
32:0.495981
33:0.344837
34:0.56665
35:0.286368
36:0.628
37:0.0497572
38:0.509186
39:0.676583
40:0.44
41:-0.38867
42:0.46503
43:0.369683
44:0.0832105
45:0.584553
46:0.247652
47:0.615679
48:0.394563
49:0.240102
50:0.245331
alpha: 5.51464
lagLB: 459.073
stepSizeMultiplier: 1.94872
targetLowerBound: 509.268
||gamma||^2: 8.56957
lambda: 0,7.09813,20.1549,10.8911,11.1388,11.2911,8.20635,12.883,14.787,8.46008,12.0606,8.96531,7.30663,18.6625,14.4987,7.21378,12.2783,7.84434,20.8045,13.4918,16.1459,11.1514,8.12908,10.1453,13.5791,19.136,10.912,5.28045,13.499,10.5428,15.0268,13.0534,7.15095,18.3036,17.4868,15.7899,15.6615,5.4497,10.9973,18.3343,18.3295,19.5836,15.07,15.1217,8.36314,13.8962,1.42369,7.97713,11.9468,10.7519,9.06936,
mu: 
srcDuals: 
lambda: 0,6.56577,16.4971,11.5023,9.0977,9.54425,7.51954,13.2033,13.2673,6.57713,9.72859,7.10987,4.70332,15.8224,11.7067,7.01538,10.9323,6.69327,16.2942,11.0849,15.3502,10.1315,7.44077,11.4283,12.135,15.8627,9.39228,3.05144,11.8446,9.82265,12.3526,10.6766,4.22154,16.8811,14.9162,14.6701,12.7734,5.55448,8.72419,15.1947,13.516,17.6099,12.6631,13.5706,8.29476,11.233,0.141892,5.1528,10.2669,9.87146,7.79957,
mu: 
srcDuals: 
fixing. lower bound used: 461.038
percent fixed: 51.1733
fixing. lower bound used: 484.17
fixed path dual: -32.6962
best alpha: 0.09
0:0
1:0.0672985
2:0.605699
3:-0.0437688
4:0.194056
5:0.280826
6:0.274452
7:0.0973703
8:0.420887
9:0.304757
10:0.0237154
11:0.479921
12:0.611409
13:0.525644
14:0.517181
15:0.00858381
16:0.326645
17:-0.0150219
18:0.946695
19:0.322077
20:0.2936
21:0.269326
22:0.0947187
23:-0.0718897
24:0.40759
25:0.601811
26:0.240887
27:0.5456
28:0.084577
29:0.15292
30:0.443882
31:0.211588
32:0.541343
33:-0.136199
34:0.425652
35:0.350595
36:0.66148
37:-0.0447209
38:0.193359
39:0.255691
40:0.4904
41:-0.26369
42:0.513177
43:0.426412
44:0.165722
45:0.261944
46:0.135364
47:0.650268
48:0.449052
49:-0.0515075
50:0.133251
alpha: 6.65432
lagLB: 457.621
stepSizeMultiplier: 1.94872
targetLowerBound: 509.268
||gamma||^2: 7.10187
lambda: 0,7.519,19.6223,11.2371,9.72829,11.7915,8.63733,13.248,15.2725,8.96938,12.5993,9.47281,7.86308,18.4624,14.2955,7.6128,12.3664,7.14764,21.4858,12.4913,16.5841,11.2182,8.56017,10.4473,14.0596,18.9643,11.3975,5.8124,13.9934,10.2039,15.5879,13.595,6.9567,18.7827,18.0411,16.2493,16.2366,5.82887,11.5322,18.9258,15.9424,15.4665,15.2275,15.6093,8.75364,14.4566,1.50761,8.54805,12.4428,11.1955,9.15249,
mu: 
srcDuals: 
lambda: 0,6.56577,16.4971,11.5023,9.0977,9.54425,7.51954,13.2033,13.2673,6.57713,9.72859,7.10987,4.70332,15.8224,11.7067,7.01538,10.9323,6.69327,16.2942,11.0849,15.3502,10.1315,7.44077,11.4283,12.135,15.8627,9.39228,3.05144,11.8446,9.82265,12.3526,10.6766,4.22154,16.8811,14.9162,14.6701,12.7734,5.55448,8.72419,15.1947,13.516,17.6099,12.6631,13.5706,8.29476,11.233,0.141892,5.1528,10.2669,9.87146,7.79957,
mu: 
srcDuals: 
fixing. lower bound used: 462.399
percent fixed: 51.171
fixing. lower bound used: 484.17
fixed path dual: -32.3155
best alpha: 0.05
0:0
1:0.0639336
2:0.225414
3:0.00841963
4:0.184353
5:0.316785
6:0.26073
7:0.142502
8:0.449843
9:0.339519
10:0.0725297
11:0.405925
12:0.630838
13:0.549362
14:0.491322
15:0.0581546
16:0.210313
17:0.0357292
18:0.849361
19:0.355973
20:0.32892
21:-0.0941399
22:0.139983
23:-0.0182952
24:0.437211
25:0.571721
26:0.278843
27:0.56832
28:0.130348
29:-0.254726
30:0.471688
31:0.251009
32:0.314276
33:-0.0793888
34:0.254369
35:0.383065
36:0.678406
37:0.00751514
38:0.233692
39:0.292906
40:0.51588
41:-0.200505
42:0.537518
43:0.455091
44:0.207435
45:0.298846
46:0.128596
47:0.667754
48:0.476599
49:0.00106783
50:0.0765887
alpha: 7.18873
lagLB: 461.526
stepSizeMultiplier: 1.94872
targetLowerBound: 509.268
||gamma||^2: 6.57391
lambda: 0,7.01359,20.5276,11.211,10.389,11.413,9.34584,13.8513,16.068,8.60508,9.8864,10.3034,8.77183,19.3202,15.1482,7.07249,13.1059,6.59331,22.5938,13.2281,17.3039,11.9237,8.07106,10.95,14.8473,19.8673,10.9952,6.68204,12.4074,10.8402,15.3063,12.0845,7.82381,15.9748,17.7486,17.003,17.1751,5.25689,10.0109,16.8962,16.7793,15.8552,16.0779,16.4081,9.39753,12.976,1.04264,9.47989,13.2551,9.52871,8.68627,
mu: 
srcDuals: 
lambda: 0,6.56577,16.4971,11.5023,9.0977,9.54425,7.51954,13.2033,13.2673,6.57713,9.72859,7.10987,4.70332,15.8224,11.7067,7.01538,10.9323,6.69327,16.2942,11.0849,15.3502,10.1315,7.44077,11.4283,12.135,15.8627,9.39228,3.05144,11.8446,9.82265,12.3526,10.6766,4.22154,16.8811,14.9162,14.6701,12.7734,5.55448,8.72419,15.1947,13.516,17.6099,12.6631,13.5706,8.29476,11.233,0.141892,5.1528,10.2669,9.87146,7.79957,
mu: 
srcDuals: 
fixing. lower bound used: 458.952
percent fixed: 51.1677
fixing. lower bound used: 484.17
fixed path dual: -30.9187
best alpha: 0.1
0:0
1:-0.0424598
2:0.302872
3:-0.0924223
4:0.165918
5:0.385107
6:0.234657
7:0.228252
8:0.304858
9:0.405567
10:0.165277
11:0.465332
12:0.667754
13:0.594426
14:0.24219
15:0.152339
16:0.289282
17:0.132156
18:0.264424
19:0.420376
20:0.196028
21:0.0152741
22:0.0259844
23:0.0835343
24:0.493489
25:0.314548
26:0.150958
27:0.611488
28:0.0173133
29:-0.129253
30:0.524519
31:0.125908
32:0.282848
33:0.0285501
34:0.328932
35:0.244759
36:0.510565
37:0.106764
38:0.310322
39:0.363616
40:0.564292
41:-0.0804549
42:0.583766
43:0.509582
44:0.286692
45:0.368962
46:0.215736
47:0.500979
48:0.328939
49:0.100961
50:0.16893
alpha: 8.52057
lagLB: 471.385
stepSizeMultiplier: 1.94872
targetLowerBound: 509.268
||gamma||^2: 5.54635
lambda: 0,7.02537,18.1176,11.5628,10.423,11.8215,9.39386,14.2278,16.5011,9.01785,10.25,10.028,9.23825,19.7716,15.2387,7.43343,12.4442,6.95012,22.4,13.6439,17.7147,9.45473,8.44707,11.2968,15.278,19.9726,11.3968,7.13695,12.7816,7.99149,15.7434,12.481,6.48078,16.3104,16.7448,17.4238,17.6503,5.6085,10.4041,17.3003,17.2245,16.1685,16.5271,16.8422,9.78596,13.3813,1.06633,9.95311,13.6931,9.87914,8.35015,
mu: 
srcDuals: 
lambda: 0,6.56577,16.4971,11.5023,9.0977,9.54425,7.51954,13.2033,13.2673,6.57713,9.72859,7.10987,4.70332,15.8224,11.7067,7.01538,10.9323,6.69327,16.2942,11.0849,15.3502,10.1315,7.44077,11.4283,12.135,15.8627,9.39228,3.05144,11.8446,9.82265,12.3526,10.6766,4.22154,16.8811,14.9162,14.6701,12.7734,5.55448,8.72419,15.1947,13.516,17.6099,12.6631,13.5706,8.29476,11.233,0.141892,5.1528,10.2669,9.87146,7.79957,
mu: 
srcDuals: 
fixing. lower bound used: 464.401
percent fixed: 51.1655
fixing. lower bound used: 484.17
fixed path dual: -36.0357
best alpha: 0.05
0:0
1:0.00966323
2:0.337729
3:-0.0378012
4:0.207622
5:0.365851
6:0.272924
7:0.266839
8:0.339616
9:0.0852886
10:0.0570129
11:0.242066
12:0.684367
13:0.614704
14:0.28008
15:0.194722
16:0.274818
17:0.0755485
18:0.301203
19:0.299357
20:0.236227
21:0.0645104
22:0.0746852
23:0.129358
24:0.518815
25:0.348821
26:0.193411
27:0.630914
28:0.0664476
29:-0.0727907
30:0.0982931
31:0.169612
32:0.318706
33:0.0771226
34:0.162486
35:0.282521
36:0.535037
37:0.151425
38:-0.00519375
39:0.395435
40:0.586077
41:-0.0264321
42:0.304578
43:0.534103
44:0.172357
45:0.400514
46:0.104949
47:0.52593
48:0.362492
49:0.145913
50:0.110483
alpha: 9.74847
lagLB: 461.752
stepSizeMultiplier: 1.94872
targetLowerBound: 509.268
||gamma||^2: 4.84775
lambda: 0,6.20399,19.0778,10.7148,10.5114,12.8256,9.51895,15.1482,15.8648,10.0328,11.1368,11.0748,10.393,20.8872,13.7703,8.31339,13.3972,7.81932,18.5472,14.6667,17.0205,10.2616,7.66217,12.1401,16.3398,18.5428,10.6785,8.26167,11.9921,8.72134,16.8218,11.7494,6.63157,17.1243,17.7189,16.7555,17.1237,6.46416,11.3683,18.2929,18.3241,16.9244,17.6371,17.9126,10.7375,14.3767,1.98009,9.42143,13.0697,10.7317,9.23895,
mu: 
srcDuals: 
lambda: 0,6.56577,16.4971,11.5023,9.0977,9.54425,7.51954,13.2033,13.2673,6.57713,9.72859,7.10987,4.70332,15.8224,11.7067,7.01538,10.9323,6.69327,16.2942,11.0849,15.3502,10.1315,7.44077,11.4283,12.135,15.8627,9.39228,3.05144,11.8446,9.82265,12.3526,10.6766,4.22154,16.8811,14.9162,14.6701,12.7734,5.55448,8.72419,15.1947,13.516,17.6099,12.6631,13.5706,8.29476,11.233,0.141892,5.1528,10.2669,9.87146,7.79957,
mu: 
srcDuals: 
fixing. lower bound used: 478.841
percent fixed: 51.3568
updating best lambda arc fixing
fixing. lower bound used: 478.841
fixed path dual: -40.4355
best alpha: 0.03
0:0
1:0.0393733
2:0.357597
3:-0.00666718
4:0.231393
5:0.384876
6:0.174736
7:-0.0111662
8:0.359427
9:0.11273
10:0.0853025
11:0.264804
12:0.693836
13:0.626263
14:0.271678
15:0.218881
16:0.296573
17:0.103282
18:0.322167
19:0.320376
20:0.25914
21:0.0925751
22:0.102445
23:-0.204523
24:0.203251
25:0.368356
26:0.217608
27:0.551986
28:0.0944542
29:-0.040607
30:0.125344
31:0.194524
32:0.339144
33:0.104809
34:0.187611
35:0.304045
36:0.548986
37:0.176883
38:0.0249621
39:0.413572
40:0.598495
41:0.00436083
42:0.325441
43:0.24808
44:0.197187
45:0.418498
46:0.131801
47:0.540152
48:0.261618
49:0.171536
50:0.137169
alpha: 10.441
lagLB: 446.78
stepSizeMultiplier: 1.94872
targetLowerBound: 509.268
||gamma||^2: 4.52619
lambda: 0,6.65997,19.7895,11.1338,11.1217,13.1107,10.1801,15.8046,16.578,7.40857,10.2844,9.46964,11.3748,21.8148,14.4371,8.91362,13.6114,7.42975,19.2304,14.0031,17.6531,10.7603,8.16883,12.6894,17.1927,19.2632,11.2777,9.20189,12.4924,9.11305,13.3108,12.33,7.32843,17.6329,16.5002,17.4242,17.9892,7.03064,8.67356,19.0496,19.2293,17.3522,15.6322,18.7773,9.97498,15.1374,1.16499,10.2798,13.8007,11.2939,8.87662,
mu: 
srcDuals: 
lambda: 0,6.56577,16.4971,11.5023,9.0977,9.54425,7.51954,13.2033,13.2673,6.57713,9.72859,7.10987,4.70332,15.8224,11.7067,7.01538,10.9323,6.69327,16.2942,11.0849,15.3502,10.1315,7.44077,11.4283,12.135,15.8627,9.39228,3.05144,11.8446,9.82265,12.3526,10.6766,4.22154,16.8811,14.9162,14.6701,12.7734,5.55448,8.72419,15.1947,13.516,17.6099,12.6631,13.5706,8.29476,11.233,0.141892,5.1528,10.2669,9.87146,7.79957,
mu: 
srcDuals: 
fixing. lower bound used: 464.913
percent fixed: 51.3535
fixing. lower bound used: 478.841
fixed path dual: -36.6839
best alpha: 0.05
0:0
1:0.0874047
2:0.389717
3:0.0436662
4:0.0198233
5:0.415632
6:0.215999
7:0.0393921
8:0.391456
9:0.157093
10:0.0310373
11:0.301563
12:0.659144
13:0.39495
14:0.258094
15:0.0579365
16:0.331745
17:-0.101882
18:0.356059
19:0.204358
20:0.296183
21:0.137946
22:0.147322
23:-0.144297
24:0.243088
25:0.349939
26:0.256728
27:0.574387
28:0.139732
29:0.0114234
30:0.169077
31:0.234798
32:0.372187
33:-0.0504315
34:0.22823
35:0.338843
36:0.571537
37:0.0680385
38:0.073714
39:0.292893
40:0.51857
41:-0.195857
42:0.309169
43:0.285676
44:0.187327
45:0.197573
46:0.175211
47:0.413144
48:0.298537
49:0.212959
50:0.18031
alpha: 11.556
lagLB: 468.702
stepSizeMultiplier: 1.94872
targetLowerBound: 509.268
||gamma||^2: 4.08947
lambda: 0,6.97687,20.2308,11.4327,11.5137,13.5628,9.34397,13.0868,17.0201,7.75415,10.6192,9.8747,11.9477,22.3612,14.5433,9.30072,14.0289,7.77164,19.6579,14.4299,18.0559,11.0981,8.5104,9.29291,14.2572,19.7087,11.6643,8.81476,12.8308,9.39867,13.6613,12.7076,7.76256,17.9754,16.875,17.8446,18.5054,7.40132,8.98482,19.5128,19.7649,17.6554,16.061,16.1609,10.3536,15.6025,1.51803,10.7926,12.9985,11.6625,9.23176,
mu: 
srcDuals: 
lambda: 0,6.56577,16.4971,11.5023,9.0977,9.54425,7.51954,13.2033,13.2673,6.57713,9.72859,7.10987,4.70332,15.8224,11.7067,7.01538,10.9323,6.69327,16.2942,11.0849,15.3502,10.1315,7.44077,11.4283,12.135,15.8627,9.39228,3.05144,11.8446,9.82265,12.3526,10.6766,4.22154,16.8811,14.9162,14.6701,12.7734,5.55448,8.72419,15.1947,13.516,17.6099,12.6631,13.5706,8.29476,11.233,0.141892,5.1528,10.2669,9.87146,7.79957,
mu: 
srcDuals: 
fixing. lower bound used: 449.944
percent fixed: 51.3501
fixing. lower bound used: 478.841
fixed path dual: -42.9021
best alpha: 0.04
0:0
1:-0.116092
2:0.414128
3:-0.0380805
4:0.0590304
5:0.439007
6:0.247359
7:0.0778165
8:0.255797
9:0.19081
10:0.0697959
11:0.329501
12:0.672778
13:0.419152
14:0.28777
15:0.095619
16:0.278475
17:-0.0578068
18:0.381816
19:0.236183
20:0.0843356
21:0.172428
22:-0.0585705
23:-0.0985251
24:0.273364
25:0.375941
26:0.126459
27:0.511412
28:0.0941422
29:-0.0290336
30:0.202314
31:0.105406
32:0.2373
33:-0.00841427
34:0.259101
35:0.125289
36:0.348675
37:0.105317
38:0.110765
39:0.321177
40:0.537828
41:-0.148023
42:0.336802
43:0.314249
44:0.219834
45:0.22967
46:0.128202
47:0.436619
48:0.246595
49:0.24444
50:0.213098
alpha: 12.9191
lagLB: 441.716
stepSizeMultiplier: 1.94872
targetLowerBound: 509.268
||gamma||^2: 3.658
lambda: 0,7.57582,21.0007,12.0069,9.32678,14.3473,10.0156,13.6586,17.791,8.39251,10.0873,10.5947,12.3204,20.3864,14.6893,7.68489,14.766,5.51592,20.4088,13.4464,18.7729,11.7256,9.14323,9.76085,14.9442,19.9066,12.359,9.68908,13.4594,9.95466,14.3064,13.3899,8.52255,16.2983,17.5536,18.5857,19.3781,6.34073,9.57603,18.5794,19.5086,15.3465,16.2358,16.8719,10.4595,13.5161,2.16663,9.92712,13.7169,12.3324,9.88325,
mu: 
srcDuals: 
lambda: 0,6.56577,16.4971,11.5023,9.0977,9.54425,7.51954,13.2033,13.2673,6.57713,9.72859,7.10987,4.70332,15.8224,11.7067,7.01538,10.9323,6.69327,16.2942,11.0849,15.3502,10.1315,7.44077,11.4283,12.135,15.8627,9.39228,3.05144,11.8446,9.82265,12.3526,10.6766,4.22154,16.8811,14.9162,14.6701,12.7734,5.55448,8.72419,15.1947,13.516,17.6099,12.6631,13.5706,8.29476,11.233,0.141892,5.1528,10.2669,9.87146,7.79957,
mu: 
srcDuals: 
fixing. lower bound used: 463.328
percent fixed: 51.3469
fixing. lower bound used: 478.841
fixed path dual: -40.9233
best alpha: 0.01
0:0
1:-0.104931
2:0.369987
3:-0.0276997
4:0.0684401
5:0.434617
6:0.254886
7:0.0870383
8:0.263239
9:0.198902
10:0.0790979
11:0.266206
12:0.67605
13:0.424961
14:0.294893
15:0.104663
16:0.09569
17:-0.0472287
18:0.387998
19:0.243821
20:0.0934922
21:0.160704
22:-0.0479848
23:-0.0875399
24:0.280631
25:0.382182
26:0.135194
27:0.516298
28:0.103201
29:-0.0387432
30:0.210291
31:0.114352
32:0.224927
33:0.00166987
34:0.25651
35:0.134036
36:0.355188
37:0.114264
38:0.109658
39:0.327966
40:0.542449
41:-0.136543
42:0.343434
43:0.321106
44:0.227636
45:0.237374
46:0.10692
47:0.442253
48:0.254129
49:0.251996
50:0.120967
alpha: 13.2511
lagLB: 455.36
stepSizeMultiplier: 1.94872
targetLowerBound: 509.268
||gamma||^2: 3.56635
lambda: 0,5.06597,21.8473,11.0103,9.86033,15.2158,10.7152,14.2087,16.572,9.04223,10.6303,11.3667,13.395,21.2375,15.4245,8.25069,14.53,5.94646,21.2269,14.1362,16.4398,12.3591,6.68409,10.1555,15.6666,20.7195,11.026,9.65843,13.0608,9.44756,14.9663,12.0383,7.28724,16.7724,18.2635,16.2887,17.278,6.91508,10.1552,19.344,20.4642,15.6975,17.0142,17.6305,11.1348,14.2001,1.79815,10.7935,13.4527,13.0294,10.5526,
mu: 
srcDuals: 
lambda: 0,6.56577,16.4971,11.5023,9.0977,9.54425,7.51954,13.2033,13.2673,6.57713,9.72859,7.10987,4.70332,15.8224,11.7067,7.01538,10.9323,6.69327,16.2942,11.0849,15.3502,10.1315,7.44077,11.4283,12.135,15.8627,9.39228,3.05144,11.8446,9.82265,12.3526,10.6766,4.22154,16.8811,14.9162,14.6701,12.7734,5.55448,8.72419,15.1947,13.516,17.6099,12.6631,13.5706,8.29476,11.233,0.141892,5.1528,10.2669,9.87146,7.79957,
mu: 
srcDuals: 
fixing. lower bound used: 445.465
percent fixed: 51.3437
fixing. lower bound used: 478.841
fixed path dual: -36.7994
best alpha: 0.07
0:0
1:-0.0275855
2:0.274088
3:0.0442393
4:0.133649
5:0.194193
6:0.167044
7:0.150946
8:0.314813
9:0.184978
10:-0.066439
11:0.317571
12:0.628727
13:0.325213
14:0.13425
15:0.167336
16:0.158992
17:-0.0439227
18:0.430838
19:0.226754
20:0.156948
21:0.0794549
22:0.0253742
23:-0.0114121
24:0.330987
25:0.215429
26:0.195731
27:0.550157
28:0.165977
29:-0.106031
30:0.0555705
31:0.176347
32:0.139182
33:0.071553
34:0.0985545
35:0.194654
36:0.400325
37:0.176265
38:0.171982
39:0.235008
40:0.504478
41:-0.126985
42:0.319394
43:0.368629
44:0.281701
45:0.290758
46:0.0294358
47:0.481295
48:0.30634
49:0.0243563
50:0.112499
alpha: 14.787
lagLB: 477.628
stepSizeMultiplier: 1.94872
targetLowerBound: 509.268
||gamma||^2: 3.19592
lambda: 0,5.17532,21.3999,11.1352,10.0046,15.3034,10.8971,14.3567,16.7555,9.2128,10.7767,10.6374,13.6617,21.4536,15.6144,8.40228,12.2003,6.06744,21.4356,14.3158,16.5891,12.261,6.80492,10.2683,15.8537,20.927,11.1838,9.89297,13.2121,9.30926,15.1391,12.1919,7.20207,16.9032,18.3152,16.4462,17.4801,7.0686,10.1773,19.5406,20.7041,15.8005,17.2139,17.8257,11.3112,14.3784,1.5587,11.0131,13.6344,13.2107,9.40252,
mu: 
srcDuals: 
lambda: 0,6.56577,16.4971,11.5023,9.0977,9.54425,7.51954,13.2033,13.2673,6.57713,9.72859,7.10987,4.70332,15.8224,11.7067,7.01538,10.9323,6.69327,16.2942,11.0849,15.3502,10.1315,7.44077,11.4283,12.135,15.8627,9.39228,3.05144,11.8446,9.82265,12.3526,10.6766,4.22154,16.8811,14.9162,14.6701,12.7734,5.55448,8.72419,15.1947,13.516,17.6099,12.6631,13.5706,8.29476,11.233,0.141892,5.1528,10.2669,9.87146,7.79957,
mu: 
srcDuals: 
fixing. lower bound used: 457.009
percent fixed: 51.3411
fixing. lower bound used: 478.841
fixed path dual: -42.8692
best alpha: 0.02
0:0
1:-0.00703375
2:0.288606
3:0.0233545
4:0.150976
5:0.21031
6:0.163703
7:0.167927
8:0.0885165
9:0.201279
10:-0.0451102
11:0.33122
12:0.636152
13:0.338709
14:0.151565
15:0.18399
16:0.175812
17:-0.0230443
18:0.442222
19:0.242219
20:0.173809
21:0.0978658
22:0.0448667
23:0.00881616
24:0.344367
25:0.23112
26:0.0118159
27:0.439154
28:0.102657
29:-0.0839106
30:0.0744591
31:-0.00717973
32:0.156398
33:0.0901219
34:0.116583
35:0.210761
36:0.412319
37:0.19274
38:0.188542
39:0.250308
40:0.514388
41:-0.104445
42:0.333006
43:0.381256
44:0.296067
45:0.304942
46:0.0288471
47:0.491669
48:0.160213
49:0.0438692
50:0.130249
alpha: 15.477
lagLB: 455.457
stepSizeMultiplier: 1.94872
targetLowerBound: 509.268
||gamma||^2: 3.05344
lambda: 0,6.15786,20.5501,12.1565,11.074,12.4158,9.98962,15.4354,17.9224,9.31241,8.74616,11.8058,14.0003,20.6313,13.6919,9.48978,13.2834,6.04379,22.665,14.4379,17.671,11.3064,7.81598,11.2596,17.0293,19.0482,12.2865,11.1866,14.2989,8.25476,13.1743,13.2842,6.27962,17.9391,16.3735,17.5484,18.693,8.16091,11.2673,18.6698,20.9757,15.7322,17.3859,19.0216,12.4603,15.5324,0.577159,12.2697,14.7968,10.2316,9.4631,
mu: 
srcDuals: 
lambda: 0,6.56577,16.4971,11.5023,9.0977,9.54425,7.51954,13.2033,13.2673,6.57713,9.72859,7.10987,4.70332,15.8224,11.7067,7.01538,10.9323,6.69327,16.2942,11.0849,15.3502,10.1315,7.44077,11.4283,12.135,15.8627,9.39228,3.05144,11.8446,9.82265,12.3526,10.6766,4.22154,16.8811,14.9162,14.6701,12.7734,5.55448,8.72419,15.1947,13.516,17.6099,12.6631,13.5706,8.29476,11.233,0.141892,5.1528,10.2669,9.87146,7.79957,
mu: 
srcDuals: 
fixing. lower bound used: 478.712
percent fixed: 51.6887
updating best lambda arc fixing
fixing. lower bound used: 478.712
fixed path dual: -42.8999
best alpha: 0.02
0:0
1:0.0131069
2:0.302834
3:0.0428874
4:0.107957
5:0.226103
6:0.180429
7:0.184568
8:0.106746
9:0.217253
10:-0.024208
11:0.344596
12:0.603429
13:0.351935
14:0.168534
15:0.20031
16:0.192296
17:-0.102583
18:0.453377
19:0.0773745
20:0.190333
21:0.115908
22:0.0639694
23:0.0286398
24:0.35748
25:0.246498
26:0.0315796
27:0.450371
28:0.120604
29:-0.0622324
30:0.0929699
31:0.0129639
32:0.17327
33:0.108319
34:0.134252
35:0.226546
36:0.424072
37:0.0688853
38:0.204771
39:0.265302
40:0.2241
41:-0.0823561
42:-0.0136544
43:0.393631
44:0.0701459
45:0.318844
46:0.0482701
47:0.481836
48:0.177009
49:0.0629918
50:0.147644
alpha: 17.4442
lagLB: 457.729
stepSizeMultiplier: 1.94872
targetLowerBound: 509.268
||gamma||^2: 2.70909
lambda: 0,6.45691,20.9639,11.8638,11.4344,12.7992,10.0532,15.8023,14.6373,9.69233,9.03042,12.2362,14.549,21.0646,14.0525,9.86298,13.6534,6.33662,23.1384,14.8337,18.0403,11.6461,8.13517,11.5648,17.4648,19.4397,9.57516,9.84822,13.4334,8.52397,13.505,10.5654,6.64211,18.2759,16.7205,17.932,19.1549,8.53751,11.6423,19.0687,21.4772,15.9934,17.817,19.4713,12.877,15.9525,0.588358,12.7624,12.7466,10.5504,9.81544,
mu: 
srcDuals: 
lambda: 0,6.56577,16.4971,11.5023,9.0977,9.54425,7.51954,13.2033,13.2673,6.57713,9.72859,7.10987,4.70332,15.8224,11.7067,7.01538,10.9323,6.69327,16.2942,11.0849,15.3502,10.1315,7.44077,11.4283,12.135,15.8627,9.39228,3.05144,11.8446,9.82265,12.3526,10.6766,4.22154,16.8811,14.9162,14.6701,12.7734,5.55448,8.72419,15.1947,13.516,17.6099,12.6631,13.5706,8.29476,11.233,0.141892,5.1528,10.2669,9.87146,7.79957,
mu: 
srcDuals: 
fixing. lower bound used: 457.667
percent fixed: 51.6833
fixing. lower bound used: 478.712
fixed path dual: -49.6474
best alpha: 0.02
0:0
1:0.0328448
2:0.316778
3:0.0620297
4:0.125798
5:0.241581
6:0.0968204
7:-0.0191232
8:0.124611
9:0.232908
10:-0.00372382
11:0.357704
12:0.611361
13:0.364896
14:0.165163
15:0.216304
16:0.20845
17:-0.0805317
18:0.46431
19:0.095827
20:0.206526
21:0.13359
22:0.08269
23:-0.011933
24:0.09033
25:0.261568
26:0.050948
27:0.421363
28:0.138192
29:-0.0409877
30:0.111111
31:0.0327046
32:0.189805
33:0.126153
34:0.151567
35:0.242015
36:0.435591
37:0.0875076
38:0.220676
39:0.279996
40:0.239618
41:-0.060709
42:0.00661866
43:0.00575854
44:0.088743
45:0.332467
46:0.0673047
47:0.492199
48:0.133469
49:0.081732
50:0.164691
alpha: 18.6277
lagLB: 431.459
stepSizeMultiplier: 1.94872
targetLowerBound: 509.268
||gamma||^2: 2.53699
lambda: 0,6.79441,21.7798,12.2504,10.9809,13.4885,10.667,16.423,15.1294,10.367,9.3063,13.1211,15.2297,21.9616,14.6467,10.5096,14.2868,4.90378,24.203,12.4346,18.6704,12.1534,8.55666,11.9279,18.371,20.1627,9.94316,10.9078,13.9485,8.73705,13.9743,10.9027,7.24411,18.7706,17.2581,18.622,20.1711,6.75613,12.2963,19.8227,17.4253,16.1732,12.4249,20.4372,9.51841,16.7949,0.983928,13.5581,13.3547,10.9703,10.3751,
mu: 
srcDuals: 
lambda: 0,6.56577,16.4971,11.5023,9.0977,9.54425,7.51954,13.2033,13.2673,6.57713,9.72859,7.10987,4.70332,15.8224,11.7067,7.01538,10.9323,6.69327,16.2942,11.0849,15.3502,10.1315,7.44077,11.4283,12.135,15.8627,9.39228,3.05144,11.8446,9.82265,12.3526,10.6766,4.22154,16.8811,14.9162,14.6701,12.7734,5.55448,8.72419,15.1947,13.516,17.6099,12.6631,13.5706,8.29476,11.233,0.141892,5.1528,10.2669,9.87146,7.79957,
mu: 
srcDuals: 
fixing. lower bound used: 460.193
percent fixed: 51.6792
fixing. lower bound used: 478.712
fixed path dual: -49.1494
best alpha: 0.03
0:0
1:-0.0281406
2:0.277274
3:-0.0898312
4:0.152024
5:0.264334
6:0.123916
7:0.0114505
8:0.150873
9:0.225921
10:0.0263879
11:0.256973
12:0.62302
13:0.383949
14:0.190208
15:0.239815
16:0.0221963
17:-0.0481158
18:0.48038
19:0.122952
20:0.11033
21:0.0695826
22:0.0202093
23:0.018425
24:0.11762
25:0.283721
26:0.0794195
27:0.408722
28:0.164046
29:-0.129758
30:0.137777
31:0.0617235
32:0.214111
33:0.152369
34:0.17702
35:0.0547542
36:0.242523
37:0.114882
38:0.214056
39:0.301596
40:0.26243
41:-0.0288877
42:0.0364201
43:0.0355858
44:0.116081
45:0.352493
46:0.0652856
47:0.507433
48:0.159465
49:0.10928
50:0.0397507
alpha: 19.7931
lagLB: 437.675
stepSizeMultiplier: 1.94872
targetLowerBound: 509.268
||gamma||^2: 2.38761
lambda: 0,7.17759,22.398,12.6578,11.441,14.0443,9.32308,12.8471,15.5885,10.9157,9.65923,13.7731,16.0915,22.6195,14.7833,11.0446,14.8153,5.19316,24.9432,12.8699,19.1973,12.6199,8.98109,11.2061,13.8177,20.7351,10.3413,10.9005,14.4188,9.05914,14.4223,11.2858,7.75716,19.231,17.7395,19.1782,20.8875,7.18454,12.8349,20.4104,17.9795,16.479,12.7863,13.6779,9.94784,17.426,1.39562,14.3213,12.7532,11.3939,10.8674,
mu: 
srcDuals: 
lambda: 0,6.56577,16.4971,11.5023,9.0977,9.54425,7.51954,13.2033,13.2673,6.57713,9.72859,7.10987,4.70332,15.8224,11.7067,7.01538,10.9323,6.69327,16.2942,11.0849,15.3502,10.1315,7.44077,11.4283,12.135,15.8627,9.39228,3.05144,11.8446,9.82265,12.3526,10.6766,4.22154,16.8811,14.9162,14.6701,12.7734,5.55448,8.72419,15.1947,13.516,17.6099,12.6631,13.5706,8.29476,11.233,0.141892,5.1528,10.2669,9.87146,7.79957,
mu: 
srcDuals: 
fixing. lower bound used: 435.049
percent fixed: 51.676
fixing. lower bound used: 478.712
fixed path dual: -53.7981
best alpha: 0.02
0:0
1:-0.00757775
2:0.291729
3:-0.0680346
4:0.108983
5:0.279047
6:0.141437
7:0.0312215
8:0.167855
9:0.241403
10:-0.0341399
11:0.271833
12:0.570559
13:0.39627
14:0.206404
15:0.0550183
16:0.0417523
17:-0.127153
18:0.490773
19:0.140493
20:0.128124
21:0.0881909
22:0.0398051
23:0.0380565
24:0.135268
25:0.298047
26:0.0978312
27:0.420548
28:0.180765
29:-0.107163
30:0.155022
31:0.080489
32:0.229828
33:-0.0306789
34:0.193479
35:0.0736591
36:0.257673
37:-0.0274153
38:0.229774
39:0.175564
40:0.277181
41:-0.00830997
42:0.0556917
43:0.0548741
44:0.133759
45:0.165443
46:0.0839799
47:0.477284
48:0.176276
49:0.127094
50:0.0589557
alpha: 21.2357
lagLB: 413.875
stepSizeMultiplier: 1.94872
targetLowerBound: 509.268
||gamma||^2: 2.2254
lambda: 0,6.00878,21.9852,9.72426,12.1067,14.7762,9.97222,13.43,16.2535,11.0488,10.2509,12.1961,17.0348,23.4219,15.4715,11.762,11.3717,5.74091,25.8024,13.5185,17.534,11.5087,7.84077,11.793,14.4631,21.4784,10.9642,11.1413,15.0916,7.25434,15.0796,11.8983,8.45945,19.8969,18.42,15.7538,17.5737,7.82835,12.961,21.1642,18.7103,17.0381,13.3839,14.275,10.5924,18.2099,1.43409,15.1965,13.4233,12.0344,8.58636,
mu: 
srcDuals: 
lambda: 0,6.56577,16.4971,11.5023,9.0977,9.54425,7.51954,13.2033,13.2673,6.57713,9.72859,7.10987,4.70332,15.8224,11.7067,7.01538,10.9323,6.69327,16.2942,11.0849,15.3502,10.1315,7.44077,11.4283,12.135,15.8627,9.39228,3.05144,11.8446,9.82265,12.3526,10.6766,4.22154,16.8811,14.9162,14.6701,12.7734,5.55448,8.72419,15.1947,13.516,17.6099,12.6631,13.5706,8.29476,11.233,0.141892,5.1528,10.2669,9.87146,7.79957,
mu: 
srcDuals: 
fixing. lower bound used: 433.523
percent fixed: 51.6716
fixing. lower bound used: 478.712
fixed path dual: -49.0123
best alpha: 0.05
0:0
1:0.0428011
2:0.327142
3:-0.0146328
4:0.103534
5:0.215095
6:0.184366
7:0.0796604
8:0.209463
9:0.129332
10:0.0175671
11:0.308241
12:0.342031
13:0.426457
14:0.196084
15:0.102267
16:0.0896647
17:-0.0707958
18:0.216234
19:0.183468
20:0.171717
21:0.133781
22:0.0878148
23:0.0861537
24:0.178504
25:0.233144
26:0.14294
27:0.44952
28:0.221727
29:-0.0518048
30:0.197271
31:0.126465
32:0.268337
33:0.0208551
34:0.233805
35:0.119976
36:0.294789
37:0.0239554
38:0.118286
39:0.216786
40:0.313322
41:0.0421055
42:0.102907
43:0.10213
44:0.177071
45:0.207171
46:0.0297809
47:0.15342
48:0.217462
49:0.17074
50:0.0560079
alpha: 16.6728
lagLB: 440.702
stepSizeMultiplier: 1.28615
targetLowerBound: 509.268
||gamma||^2: 1.87074
lambda: 0,6.40485,22.6922,10.0575,11.412,15.47,10.5231,13.8664,16.8318,11.7035,9.00361,12.8824,16.8196,24.2375,16.0899,8.18373,11.819,3.99308,26.7161,14.0684,18.071,12.0043,8.28606,12.2365,15.0075,22.1919,11.4698,11.9821,15.6833,7.54696,15.6446,12.3858,9.10212,16.2296,19.0249,16.2343,18.2453,4.97229,13.6036,18.9229,19.4021,17.4334,13.8457,14.7359,11.1352,14.7463,1.92527,15.2883,14.0103,12.5704,9.05154,
mu: 
srcDuals: 
lambda: 0,6.56577,16.4971,11.5023,9.0977,9.54425,7.51954,13.2033,13.2673,6.57713,9.72859,7.10987,4.70332,15.8224,11.7067,7.01538,10.9323,6.69327,16.2942,11.0849,15.3502,10.1315,7.44077,11.4283,12.135,15.8627,9.39228,3.05144,11.8446,9.82265,12.3526,10.6766,4.22154,16.8811,14.9162,14.6701,12.7734,5.55448,8.72419,15.1947,13.516,17.6099,12.6631,13.5706,8.29476,11.233,0.141892,5.1528,10.2669,9.87146,7.79957,
mu: 
srcDuals: 
fixing. lower bound used: 416.774
percent fixed: 51.6696
fixing. lower bound used: 478.712
fixed path dual: -39.4206
best alpha: 0.01
0:0
1:0.0123731
2:0.333871
3:-0.0144865
4:0.112499
5:0.222944
6:0.192522
7:0.0888638
8:0.117368
9:0.138039
10:0.0273915
11:0.315159
12:0.348611
13:0.432192
14:0.204123
15:0.111245
16:0.0987681
17:-0.0600878
18:0.224072
19:0.191634
20:0.18
21:0.142444
22:0.0569367
23:0.0952922
24:0.186719
25:0.240813
26:0.0515102
27:0.405025
28:0.15951
29:-0.0412867
30:0.205298
31:0.0351999
32:0.255654
33:0.0306465
34:0.241467
35:0.128776
36:0.301841
37:0.0337159
38:0.127103
39:0.224618
40:0.320189
41:0.0516845
42:0.111878
43:0.111109
44:0.1853
45:0.215099
46:0.0294831
47:0.161886
48:0.165287
49:0.179032
50:0.0654478
alpha: 17.2203
lagLB: 462.59
stepSizeMultiplier: 1.28615
targetLowerBound: 509.268
||gamma||^2: 1.81125
lambda: 0,7.27938,21.9515,11.2583,10.8239,13.1305,10.5934,14.5315,16.7596,8.73346,10.0215,12.2491,10.4059,22.9326,14.976,8.72045,12.4273,5.51291,19.8994,14.1438,18.2132,12.362,8.90488,12.8648,15.1112,19.7499,11.7755,10.5462,15.5414,8.95892,15.6416,12.7851,8.69546,17.2288,18.8144,16.6704,17.6884,5.95388,10.6963,18.8091,18.7399,18.3119,14.3788,15.2734,11.247,14.6871,0.638421,7.71074,13.8926,12.7182,8.73338,
mu: 
srcDuals: 
lambda: 0,6.56577,16.4971,11.5023,9.0977,9.54425,7.51954,13.2033,13.2673,6.57713,9.72859,7.10987,4.70332,15.8224,11.7067,7.01538,10.9323,6.69327,16.2942,11.0849,15.3502,10.1315,7.44077,11.4283,12.135,15.8627,9.39228,3.05144,11.8446,9.82265,12.3526,10.6766,4.22154,16.8811,14.9162,14.6701,12.7734,5.55448,8.72419,15.1947,13.516,17.6099,12.6631,13.5706,8.29476,11.233,0.141892,5.1528,10.2669,9.87146,7.79957,
mu: 
srcDuals: 
fixing. lower bound used: 414.632
percent fixed: 51.6668
fixing. lower bound used: 478.712
fixed path dual: -38.3728
best alpha: 0.01
0:0
1:0.0222494
2:0.250532
3:-0.00434165
4:0.121374
5:0.220714
6:0.200597
7:0.0979752
8:0.126194
9:0.146659
10:0.0271175
11:0.282007
12:0.355125
13:0.43787
14:0.212082
15:0.120132
16:0.10778
17:-0.049487
18:0.231831
19:0.199717
20:0.1882
21:0.0610191
22:0.0663673
23:0.104339
24:0.194852
25:0.248405
26:0.0609951
27:0.390975
28:0.167915
29:-0.120874
30:0.203245
31:0.0448479
32:0.203097
33:0.0403401
34:0.199053
35:0.137489
36:0.308823
37:0.0433787
38:0.135832
39:0.222372
40:0.326987
41:0.0611676
42:0.120759
43:0.119998
44:0.193447
45:0.222948
46:0.0291882
47:0.170267
48:0.173634
49:0.177242
50:0.0647933
alpha: 17.672
lagLB: 469.086
stepSizeMultiplier: 1.28615
targetLowerBound: 509.268
||gamma||^2: 1.76496
lambda: 0,6.77884,22.2465,11.2528,11.035,13.3834,10.8348,14.7336,15.2884,8.95422,10.2003,12.537,10.7065,23.2649,15.2218,8.93105,12.6332,5.65854,20.1528,14.3849,18.4499,12.5844,8.42124,13.0693,15.3504,20.0096,10.2793,10.0261,14.5914,9.11168,15.8879,11.2827,8.62398,17.4088,19.0743,16.8876,17.9712,6.13507,10.9129,19.0627,19.0298,18.4999,14.5896,15.484,11.4857,14.937,0.6496,7.94053,13.1133,12.9545,8.92661,
mu: 
srcDuals: 
lambda: 0,6.56577,16.4971,11.5023,9.0977,9.54425,7.51954,13.2033,13.2673,6.57713,9.72859,7.10987,4.70332,15.8224,11.7067,7.01538,10.9323,6.69327,16.2942,11.0849,15.3502,10.1315,7.44077,11.4283,12.135,15.8627,9.39228,3.05144,11.8446,9.82265,12.3526,10.6766,4.22154,16.8811,14.9162,14.6701,12.7734,5.55448,8.72419,15.1947,13.516,17.6099,12.6631,13.5706,8.29476,11.233,0.141892,5.1528,10.2669,9.87146,7.79957,
mu: 
srcDuals: 
fixing. lower bound used: 463.847
percent fixed: 51.6638
fixing. lower bound used: 478.712
fixed path dual: -38.6653
best alpha: 0.02
0:0
1:0.0418044
2:0.265521
3:0.0157452
4:0.0189463
5:0.2363
6:0.176585
7:0.116016
8:0.14367
9:0.163726
10:0.0465752
11:0.296367
12:0.368023
13:0.309113
14:0.14784
15:0.13773
16:0.125625
17:-0.0284972
18:0.247194
19:0.115723
20:0.204436
21:0.0797988
22:0.08504
23:0.122252
24:0.210955
25:0.183437
26:0.0797752
27:0.383155
28:0.184556
29:-0.0984564
30:0.21918
31:0.0639509
32:0.219035
33:0.0595333
34:0.215072
35:0.154739
36:0.322646
37:0.0625112
38:0.153115
39:0.237924
40:0.240447
41:-0.0800557
42:0.118344
43:0.137598
44:0.209579
45:0.238489
46:0.0486045
47:0.166862
48:0.190162
49:0.193697
50:0.0834975
alpha: 18.4576
lagLB: 469.579
stepSizeMultiplier: 1.28615
targetLowerBound: 509.268
||gamma||^2: 1.68984
lambda: 0,6.95896,20.9245,11.4256,11.2426,13.4447,11.0645,14.9348,15.4974,9.16889,10.2078,12.0935,10.9791,23.5604,15.4546,9.13835,12.837,5.81874,20.3911,14.6143,18.6761,11.2098,8.61361,13.2722,15.5784,20.2525,10.4702,9.96075,14.812,7.68657,15.9443,11.4691,7.81067,17.594,18.4338,17.0998,18.2309,6.32106,11.1246,19.1245,19.2945,18.6908,14.7971,15.6912,11.7134,15.1729,0.657706,8.16176,13.3354,13.0037,8.9446,
mu: 
srcDuals: 
lambda: 0,6.56577,16.4971,11.5023,9.0977,9.54425,7.51954,13.2033,13.2673,6.57713,9.72859,7.10987,4.70332,15.8224,11.7067,7.01538,10.9323,6.69327,16.2942,11.0849,15.3502,10.1315,7.44077,11.4283,12.135,15.8627,9.39228,3.05144,11.8446,9.82265,12.3526,10.6766,4.22154,16.8811,14.9162,14.6701,12.7734,5.55448,8.72419,15.1947,13.516,17.6099,12.6631,13.5706,8.29476,11.233,0.141892,5.1528,10.2669,9.87146,7.79957,
mu: 
srcDuals: 
fixing. lower bound used: 470.45
percent fixed: 51.6625
fixing. lower bound used: 478.712
fixed path dual: -40.0124
best alpha: 0.02
0:0
1:-0.0390317
2:0.220211
3:-0.0445697
4:0.0385674
5:0.231574
6:0.193053
7:0.133695
8:0.160797
9:0.180451
10:0.0456437
11:0.25044
12:0.380662
13:0.322931
14:0.164883
15:0.154975
16:0.123112
17:-0.00792727
18:0.262251
19:0.133409
20:0.120348
21:0.0982028
22:0.00333917
23:0.139807
24:0.226736
25:0.199768
26:0.0981797
27:0.335492
28:0.140865
29:-0.0964873
30:0.214796
31:0.0826719
32:0.174654
33:0.0783426
34:0.21077
35:0.0716441
36:0.236193
37:0.0812609
38:0.170053
39:0.233166
40:0.255638
41:-0.0584546
42:0.135977
43:0.154846
44:0.225387
45:0.253719
46:0.0676324
47:0.183524
48:0.206358
49:0.189823
50:0.0818275
alpha: 19.3869
lagLB: 468.25
stepSizeMultiplier: 1.28615
targetLowerBound: 509.268
||gamma||^2: 1.60884
lambda: 0,7.33737,21.398,11.7929,9.44741,13.9058,10.7789,15.3447,15.9191,9.59911,10.5883,12.5801,11.4961,21.5278,14.4355,9.55753,13.2511,6.16728,20.8568,13.2208,19.1236,11.6044,9.0104,13.6848,16.0287,19.2485,10.8647,10.1236,15.2511,8.00538,16.3981,11.8569,8.26439,17.9799,18.8859,17.5262,18.7287,6.70828,11.5503,19.5862,17.9541,16.1322,14.8474,16.1104,12.1631,15.6349,1.03901,8.23266,13.7769,13.4466,9.34073,
mu: 
srcDuals: 
lambda: 0,6.56577,16.4971,11.5023,9.0977,9.54425,7.51954,13.2033,13.2673,6.57713,9.72859,7.10987,4.70332,15.8224,11.7067,7.01538,10.9323,6.69327,16.2942,11.0849,15.3502,10.1315,7.44077,11.4283,12.135,15.8627,9.39228,3.05144,11.8446,9.82265,12.3526,10.6766,4.22154,16.8811,14.9162,14.6701,12.7734,5.55448,8.72419,15.1947,13.516,17.6099,12.6631,13.5706,8.29476,11.233,0.141892,5.1528,10.2669,9.87146,7.79957,
mu: 
srcDuals: 
fixing. lower bound used: 471.789
percent fixed: 51.6663
fixing. lower bound used: 478.712
fixed path dual: -40.7609
best alpha: 0.02
0:0
1:-0.018251
2:0.235807
3:-0.0236783
4:0.057796
5:0.246943
6:0.169192
7:-0.00897855
8:0.177581
9:0.196842
10:0.0447308
11:0.265431
12:0.393049
13:0.336472
14:0.181586
15:0.131876
16:0.14065
17:-0.0277687
18:0.277006
19:0.15074
20:0.137941
21:0.116239
22:0.0232724
23:-0.0229887
24:0.122201
25:0.215772
26:0.116216
27:0.248782
28:0.158048
29:-0.0745575
30:0.2305
31:0.101018
32:0.191161
33:0.0567757
34:0.226555
35:0.0902112
36:0.25147
37:0.0796357
38:0.186652
39:0.208502
40:0.270526
41:-0.0372855
42:0.153258
43:0.0517491
44:0.220879
45:0.208645
46:0.0662797
47:0.199854
48:0.102231
49:0.206027
50:0.100191
alpha: 20.2251
lagLB: 467.479
stepSizeMultiplier: 1.28615
targetLowerBound: 509.268
||gamma||^2: 1.54216
lambda: 0,5.80906,20.7663,10.6382,9.84541,14.0338,11.2622,15.7953,16.3846,10.0755,10.6135,11.9651,12.0832,22.083,14.9033,10.0199,13.3191,6.53959,21.3784,13.6713,17.6834,12.0353,7.5055,14.1388,16.5307,19.7356,11.2957,9.5556,14.5755,7.95206,16.5168,12.2793,7.60755,18.3999,19.0024,16.059,17.3525,7.12987,12.021,19.7151,18.472,16.4766,15.2992,16.5726,12.6643,16.1518,1.45307,8.71077,14.2676,13.5515,9.38596,
mu: 
srcDuals: 
lambda: 0,6.56577,16.4971,11.5023,9.0977,9.54425,7.51954,13.2033,13.2673,6.57713,9.72859,7.10987,4.70332,15.8224,11.7067,7.01538,10.9323,6.69327,16.2942,11.0849,15.3502,10.1315,7.44077,11.4283,12.135,15.8627,9.39228,3.05144,11.8446,9.82265,12.3526,10.6766,4.22154,16.8811,14.9162,14.6701,12.7734,5.55448,8.72419,15.1947,13.516,17.6099,12.6631,13.5706,8.29476,11.233,0.141892,5.1528,10.2669,9.87146,7.79957,
mu: 
srcDuals: 
fixing. lower bound used: 470.131
percent fixed: 51.6659
route with flow 0.201565 : 0,12,0, 11,579778,
route with flow 0.201565 : 0,27,0, 26,579793,
route with flow 0.146941 : 0,32,0, 31,579798,
route with flow 0.248846 : 0,46,0, 45,579812,
route with flow 0.181409 : 0,47,0, 46,579813,
route with flow 0.0344677 : 0,6,0, 5,579772,
route with flow 0.0201565 : 0,5,49,9,30,34,30,9,38,11,0, 4,13202,70795,120815,210362,335682,428637,482968,548037,592584,
route with flow 0.0425527 : 0,11,38,9,30,34,30,9,49,5,0, 10,9628,51647,98197,186112,311432,404387,459219,540029,592424,
route with flow 0.0223961 : 0,1,22,3,20,35,20,2,11,46,0, 0,315,4947,40709,160844,244589,379159,522265,578241,593238,
route with flow 0.0223961 : 0,5,49,9,50,34,30,9,49,5,46,0, 4,13202,70795,120835,168702,292081,384987,439878,523590,579349,593259,
route with flow 0.0223961 : 0,38,9,30,34,50,21,34,50,16,11,0, 37,4464,26062,96746,219301,270588,309883,432701,483425,548073,592584,
route with flow 0.0248846 : 0,1,22,28,3,20,35,20,3,22,1,0, 0,315,4971,34561,97168,228695,312489,447060,523944,556182,592725,
route with flow 0.0248846 : 0,5,49,9,50,34,30,9,50,16,11,0, 4,13202,70795,120835,168702,292081,384987,439879,488129,551662,592658,
route with flow 0.0248846 : 0,11,16,50,34,21,34,50,9,38,11,0, 10,9606,51589,94175,214472,256533,379351,430626,483112,548037,592584,
route with flow 0.0248846 : 0,32,2,20,35,20,3,28,22,1,0, 31,1962,82458,214145,297939,432510,510528,564449,578662,593231,
route with flow 0.0583713 : 0,1,22,31,28,3,20,35,20,3,22,1,0, 0,315,4974,26110,75890,147878,282045,365839,499521,564153,578662,593231,
route with flow 0.0276496 : 0,4,17,37,15,44,37,44,15,33,45,15,44,37,17,0, 3,702,2534,14441,41851,106264,149746,225476,275545,384488,435384,483259,551500,575415,593182,
route with flow 0.0276496 : 0,17,37,15,44,37,15,44,37,15,44,37,15,44,37,17,0, 16,85,2122,16322,67227,107844,154110,230492,275722,323764,400242,445472,492763,558219,577806,593229,
route with flow 0.0276496 : 0,18,4,17,37,44,15,33,45,15,44,37,17,0, 17,78025,121481,136543,178894,254576,304645,413588,464320,511706,568996,579649,593264,
route with flow 0.0276496 : 0,37,15,45,33,15,44,37,15,44,37,15,44,37,17,0, 36,799,10319,35465,128082,178264,254742,299972,348014,424492,469452,516296,571083,579746,593266,
route with flow 0.0307217 : 0,11,16,29,20,35,20,3,28,22,1,0, 10,9606,51568,77556,204445,288239,422810,501064,558493,576826,593185,
route with flow 0.0307217 : 0,14,25,13,41,19,42,44,15,37,17,0, 13,13227,113812,224385,354974,401944,463823,536339,569609,579649,593264,
route with flow 0.0307217 : 0,17,37,15,44,42,19,41,13,25,14,0, 16,85,2122,16322,67232,125173,168998,296817,408767,539041,592464,
route with flow 0.116708 : 0,48,8,26,31,28,3,28,31,26,8,48,0, 47,6715,74356,108392,158607,226143,302990,371572,425501,460368,557518,592824,
route with flow 0.120327 : 0,5,49,10,39,33,45,33,10,49,5,0, 4,13202,70796,95536,158320,268088,319002,428201,456077,536005,592340,
route with flow 0.0341353 : 0,6,23,7,43,23,7,26,8,48,6,0, 5,4330,40746,119373,173201,249669,341400,378001,485877,557947,592796,
route with flow 0.0341353 : 0,23,7,26,8,31,8,26,7,23,6,0, 22,5490,54774,86089,190618,245887,355271,392696,481338,551444,592654,
route with flow 0.0341353 : 0,27,48,8,26,31,8,26,7,23,6,0, 26,4453,43959,142063,179318,231337,340721,378146,467082,540369,592425,
route with flow 0.0341353 : 0,48,8,26,31,8,26,7,23,48,6,0, 47,6715,74356,108392,158587,267971,305396,394553,472619,547641,592580,
route with flow 0.014223 : 0,1,2,29,21,50,21,29,16,29,21,50,21,29,16,38,0, 0,295,61965,90713,126464,173539,212878,242597,313031,344306,382746,430589,469653,498772,558283,592816,
route with flow 0.014223 : 0,11,16,29,21,50,21,29,16,29,21,50,21,29,16,11,0, 10,9606,51568,77557,112730,158989,198328,228047,298481,329756,368196,416039,455378,484516,547965,592584,
route with flow 0.014223 : 0,16,29,21,50,21,29,16,29,21,50,21,29,16,29,21,50,16,0, 15,4385,14884,35870,72507,108050,136281,206331,237606,276046,323889,363228,392947,463239,493881,529902,564897,592958,
route with flow 0.014223 : 0,38,16,29,21,50,21,29,16,29,21,50,21,29,16,11,46,0, 37,4471,37507,61521,94721,139877,178928,208647,279081,310356,348796,396639,435978,465508,532463,579364,593259,
route with flow 0.014223 : 0,46,11,16,29,21,50,21,29,16,29,21,50,21,29,16,38,0, 45,158,19903,71349,99644,135780,183239,222578,252297,322731,354006,392446,440289,479157,508276,564272,592941,
route with flow 0.0395084 : 0,4,41,19,42,44,42,19,41,13,4,0, 3,726,58023,99034,158427,235203,299005,343598,471114,566173,592978,
route with flow 0.0395084 : 0,6,14,25,13,41,19,42,17,4,17,4,0, 5,4321,58563,185122,297135,427724,474323,532954,546254,571698,577027,593186,
route with flow 0.0395084 : 0,14,25,13,41,19,42,41,4,0, 13,13227,113812,224385,354974,401944,463821,570405,593070,
route with flow 0.0861921 : 0,38,49,10,39,33,45,33,39,10,49,38,0, 37,4503,47415,69608,129796,238988,289902,399129,468354,494098,563913,592941,
route with flow 0.0438982 : 0,1,22,28,3,36,35,3,36,35,3,28,22,1,0, 0,315,4971,34561,97184,126887,205918,283598,315269,395068,472409,536830,565213,592921,
route with flow 0.0438982 : 0,2,29,20,35,36,3,36,35,3,22,1,0, 1,36578,61520,185045,268854,300736,375748,407419,486595,554788,575490,593151,
route with flow 0.0438982 : 0,6,23,7,43,24,23,24,43,7,23,48,0, 5,4330,40746,119373,173202,221943,298185,348256,401280,490842,558196,592841,
route with flow 0.0636489 : 0,14,24,23,7,43,24,23,7,43,24,6,0, 13,13226,41880,106040,195917,250802,299543,375769,467292,520535,558958,592796,
route with flow 0.0438982 : 0,48,23,7,43,24,23,24,43,7,23,6,0, 47,6730,47704,128593,182902,231643,307885,357956,410980,500346,564173,592923,
route with flow 0.0330417 : 0,4,41,40,41,40,41,40,19,41,4,0, 3,726,58044,90539,214345,251982,379245,416861,459924,568286,593026,
route with flow 0.0330417 : 0,14,25,13,41,40,41,19,42,17,0, 13,13227,113812,224385,354995,392632,518265,556109,579452,593258,
route with flow 0.0330417 : 0,17,4,41,40,41,40,19,41,40,41,4,0, 16,53,2049,69999,103888,228895,266511,309648,437493,474750,574330,593152,
route with flow 0.0330417 : 0,32,2,29,21,50,16,2,29,2,32,0, 31,1962,82467,113042,150042,197784,269502,412795,446137,568122,593038,
route with flow 0.0330417 : 0,46,17,4,41,40,19,41,13,25,14,0, 45,164,641,7286,91510,126629,168998,296817,408767,539041,592464,
route with flow 0.0466837 : 0,1,22,28,31,26,31,28,3,28,31,26,31,28,22,1,0, 0,315,4971,34588,76350,108295,158607,226143,302990,371572,425501,460389,511459,564503,578662,593231,
route with flow 0.0466837 : 0,17,37,15,45,33,39,10,30,34,50,9,38,46,0, 16,85,2122,16323,45538,142271,211551,237808,326762,452101,502426,548624,579424,593259,
route with flow 0.0466837 : 0,46,38,9,50,34,30,10,39,33,45,15,37,17,0, 45,185,11650,41566,80971,199931,292838,320267,386270,495237,541350,571549,579746,593266,
route with flow 0.0273004 : 0,1,2,29,21,34,50,16,21,29,2,32,0, 0,295,61965,90713,126448,248401,299683,371370,411728,441433,565804,592991,
route with flow 0.0273004 : 0,11,16,2,29,21,34,21,29,2,32,0, 10,9606,51542,184845,218206,256630,379323,421428,451133,570249,593082,
route with flow 0.0273004 : 0,18,4,18,25,14,6,0, 17,78025,121482,315742,451824,547211,592580,
route with flow 0.0273004 : 0,32,2,29,16,29,21,34,21,29,2,32,0, 31,1962,82467,113037,182081,213356,251780,374473,416578,446283,568122,593038,
route with flow 0.0273004 : 0,46,32,2,29,21,50,34,21,29,2,11,0, 45,179,6856,104603,136140,174196,222052,345422,387478,417183,550033,592658,
route with flow 0.109143 : 0,1,22,20,35,36,3,36,35,20,22,1,32,0, 0,315,4964,86988,167004,198886,273898,305569,385385,518223,552829,571903,593109,
route with flow 0.0606676 : 0,6,14,25,18,4,18,0, 5,4321,58563,185126,383574,430826,590212,
route with flow 0.106791 : 0,18,14,25,18,47,0, 17,78035,176160,311226,508637,591843,
route with flow 0.0606676 : 0,47,18,14,25,18,0, 46,22198,194434,297410,432476,590270,
route with flow 0.0319303 : 0,5,38,9,30,10,30,34,50,16,11,0, 4,13191,59472,107081,195789,223258,312212,437551,488177,551662,592658,
route with flow 0.0319303 : 0,11,38,9,30,34,30,9,38,11,46,0, 10,9628,51647,98197,186112,311432,404387,459208,528417,578934,593251,
route with flow 0.0319303 : 0,17,42,19,42,44,42,19,42,44,42,19,42,44,17,0, 16,90,5600,23831,67864,138491,202005,246599,308777,385553,449355,493189,548414,579613,593263,
route with flow 0.0319303 : 0,38,9,30,34,30,10,30,9,38,11,0, 37,4464,26062,96746,219282,312238,339658,428588,482968,548037,592584,
route with flow 0.0319303 : 0,46,38,9,50,34,30,10,30,9,38,11,46,0, 45,185,11650,41566,80971,199931,292838,320258,409188,463960,532545,579364,593259,
route with flow 0.0397507 : 0,6,24,23,7,43,24,43,7,23,48,27,0, 5,4331,23569,79536,166817,221702,270462,323680,413953,491627,561120,592874,
route with flow 0.0197507 : 0,23,7,43,24,23,24,43,7,23,48,27,0, 22,5490,54791,102708,149289,225435,275506,328530,418803,496379,564017,592934,
route with flow 0.0197507 : 0,27,48,23,7,43,24,23,7,43,24,6,0, 26,4453,43974,110603,200767,255652,304393,380619,472044,524840,562028,592862,
route with flow 0.0397507 : 0,48,23,7,43,24,23,7,43,24,23,6,0, 47,6730,47704,128593,182902,231643,307869,399617,454502,502295,564089,592923,
route with flow 0.0346504 : 0,4,13,41,40,19,41,13,4,47,0, 3,698,43502,160995,198611,241748,369567,480990,525369,592119,
route with flow 0.0346504 : 0,12,17,37,15,45,33,10,39,33,45,15,37,17,0, 11,33450,46562,81436,125683,173743,282701,310567,376570,485733,533398,567286,579509,593262,
route with flow 0.0346504 : 0,14,25,13,41,19,42,17,4,47,0, 13,13227,113812,224385,354974,401944,463799,479989,521077,592030,
route with flow 0.0546504 : 0,17,37,15,45,33,39,10,39,33,45,15,45,44,17,0, 16,85,2122,16323,45538,142271,211551,237817,303820,413588,464320,511707,552573,579713,593265,
route with flow 0.0538584 : 0,47,4,13,41,40,19,41,13,4,0, 46,22184,52814,151731,282245,319861,362998,490122,574464,593152,
route with flow 0.0288753 : 0,16,29,20,35,36,3,36,35,20,29,16,0, 15,4385,14883,113735,196104,227986,302998,334669,414485,542913,565458,592927,
route with flow 0.0288753 : 0,27,48,8,26,31,8,26,31,28,22,1,32,46,0, 26,4453,43959,142063,179318,231337,340721,378168,430207,496925,533915,559511,579459,593259,
route with flow 0.0288753 : 0,32,1,22,20,35,36,3,36,35,20,22,1,0, 31,1961,10833,29656,141635,225204,257086,332098,363769,443585,563265,578662,593231,
route with flow 0.0288753 : 0,46,32,1,22,28,31,8,26,31,26,8,48,27,0, 45,179,6855,21764,45873,102228,153979,263121,300568,352605,387701,495381,563989,592934,
route with flow 0.00729174 : 0,2,16,50,16,2,16,50,16,11,0, 1,36565,97490,144626,216152,359432,434302,483377,548073,592584,
route with flow 0.00729174 : 0,5,38,16,50,34,21,29,16,50,16,11,0, 4,13191,59479,124670,173552,296922,338978,368697,439152,488129,551662,592658,
route with flow 0.00729174 : 0,11,16,50,16,2,16,50,16,11,32,0, 10,9606,51589,94157,162802,306082,380952,430584,501383,570749,593082,
route with flow 0.00729174 : 0,32,2,16,50,16,21,29,16,50,16,11,46,0, 31,1962,82454,153098,202634,274370,314728,344447,414902,464369,532586,579364,593259,
route with flow 0.00729174 : 0,46,11,16,50,16,2,16,50,16,11,46,0, 45,158,19903,71370,116582,187052,330332,405202,454834,524236,578241,593238,
route with flow 0.064296 : 0,5,49,10,39,30,34,21,29,2,32,0, 4,13202,70796,95536,158317,249162,374473,416578,446283,568122,593038,
route with flow 0.0548841 : 0,6,14,25,13,25,14,6,0, 5,4321,58563,185122,297119,432424,531605,592257,
route with flow 0.0548841 : 0,12,17,42,40,19,41,13,25,14,0, 11,33450,46567,98014,131287,173848,301667,413617,542824,592542,
route with flow 0.0548841 : 0,32,2,29,21,34,30,39,10,49,5,0, 31,1962,82467,113042,150026,272632,365615,434651,460834,539991,592424,
route with flow 0.0548841 : 0,46,5,49,9,50,34,30,10,49,5,46,0, 45,152,24958,92354,144221,192952,316331,409238,436677,519212,578909,593251,
route with flow 0.0160012 : 0,6,48,8,26,31,26,31,26,8,48,27,0, 5,4355,43959,142063,179318,231355,266473,318655,353751,462117,540120,592440,
route with flow 0.0160012 : 0,8,26,31,28,3,28,31,26,8,48,27,0, 7,17473,39209,80576,143885,220540,289122,343051,378001,485877,557959,592808,
route with flow 0.0160012 : 0,27,8,26,31,26,8,31,26,8,48,27,0, 26,4414,66146,99508,149001,184001,292468,347755,382851,490629,561090,592874,
route with flow 0.0160012 : 0,46,27,48,8,31,8,31,8,48,27,0, 45,174,11639,62873,166126,221637,331026,386537,495144,563989,592934,
route with flow 0.0163277 : 0,4,17,37,44,42,40,19,40,42,44,42,40,19,40,42,4,0, 3,702,2534,14468,63151,120632,155057,198097,232631,294227,371003,434826,469930,512121,542085,576525,593186,
route with flow 0.0163277 : 0,12,17,37,44,42,40,19,40,42,44,37,12,0, 11,33450,46562,81463,152849,216576,251961,295097,329631,391227,467763,512142,591809,
route with flow 0.0163277 : 0,17,37,44,42,40,19,40,42,44,42,40,19,42,44,37,0, 16,85,2149,31191,80345,112847,154543,188981,250577,327353,391176,426561,469429,528856,576314,593195,
route with flow 0.0163277 : 0,37,44,42,40,19,40,42,44,42,40,19,42,44,37,17,0, 36,827,22663,67813,99449,140185,174431,236027,312803,376626,412011,455149,515886,571021,579746,593266,
route with flow 0.0163277 : 0,47,4,42,40,19,40,42,44,42,40,19,42,44,17,0, 46,22184,52843,106898,140699,183547,218081,279677,356453,420276,455661,497941,552003,579710,593265,
route with flow 0.016661 : 0,6,24,43,7,43,24,43,7,43,24,23,6,0, 5,4331,23588,60343,142565,197452,246212,299430,389723,444802,492791,558073,592796,
route with flow 0.016661 : 0,14,24,43,7,43,24,43,7,23,48,27,0, 13,13226,41899,85118,171473,226552,275312,328530,418803,496379,564017,592934,
route with flow 0.016661 : 0,24,43,7,43,24,43,7,43,24,43,7,48,0, 23,1071,13994,74714,125470,173462,226680,316973,372052,420812,473673,554412,592756,
route with flow 0.016661 : 0,27,6,24,43,7,43,24,43,7,43,24,6,0, 26,4412,37698,76559,125598,215123,270202,318962,372180,462350,516096,555727,592728,
route with flow 0.016661 : 0,48,23,24,43,7,43,24,43,7,43,24,6,0, 47,6730,47720,89813,139668,229673,284752,333512,386730,476606,529049,564839,592923,
route with flow 0.0257644 : 0,1,22,3,36,35,3,36,35,20,29,21,50,16,0, 0,315,4947,40725,65377,138306,215698,247369,327185,461529,493881,529902,564897,592958,
route with flow 0.0257644 : 0,2,20,35,36,3,36,35,29,16,11,0, 1,36569,155993,239754,271636,346648,378319,458108,489125,551554,592658,
route with flow 0.0257644 : 0,11,16,50,16,2,16,50,9,38,11,0, 10,9606,51589,94157,162802,306082,380952,430577,483112,548037,592584,
route with flow 0.0257644 : 0,16,50,21,29,20,35,36,3,36,35,3,22,1,0, 15,4406,23665,49425,73669,199595,283404,315286,390298,421969,500851,564069,578662,593231,
route with flow 0.0257644 : 0,27,1,22,3,36,35,20,29,21,50,16,11,46,0, 26,4407,16885,39037,101602,131545,210785,345235,378256,416696,464369,532586,579364,593259,
route with flow 0.0175268 : 0,4,17,37,15,45,33,39,33,45,15,37,12,0, 3,702,2534,14441,41852,81162,185729,255224,365088,415984,464244,507465,591712,
route with flow 0.0175268 : 0,12,37,15,45,33,39,10,39,33,45,15,17,0, 11,33470,68711,111901,159193,268179,337651,363917,429920,535469,569515,579736,593265,
route with flow 0.0175268 : 0,17,15,45,33,39,10,39,33,45,15,37,12,0, 16,64,2688,18704,100829,167901,194167,260170,369938,420834,468996,512142,591809,
route with flow 0.0175268 : 0,37,15,45,33,10,39,33,45,15,37,17,4,47,0, 36,799,10319,35465,128077,155463,221370,331138,382034,430457,474206,489541,529566,592206,
route with flow 0.0175268 : 0,47,4,17,37,15,45,33,10,39,33,45,15,37,0, 46,22184,52818,65717,103523,149261,197993,306951,334817,400820,509476,552373,576649,593195,
route with flow 0.0461231 : 0,5,38,9,50,9,38,9,38,5,12,0, 4,13191,59472,107101,154223,207214,279160,333167,405256,505041,591712,
route with flow 0.0461231 : 0,12,47,4,18,47,12,0, 11,33480,137239,183623,378814,499767,591667,
route with flow 0.0461231 : 0,46,12,47,18,47,12,46,0, 45,159,50365,161166,359366,480759,578824,593252,
route with flow 0.0461231 : 0,47,18,25,18,47,0, 46,22198,194444,330578,526476,592206,
route with flow 0.0093178 : 0,1,22,28,31,26,8,28,31,26,8,48,27,0, 0,315,4971,34588,76350,108273,214865,284272,338201,373151,481125,554696,592740,
route with flow 0.0093178 : 0,27,1,22,28,31,26,8,31,26,8,48,27,0, 26,4407,16885,39061,93345,144393,179151,287618,342905,378001,485877,557959,592808,
route with flow 0.0093178 : 0,32,1,22,28,31,26,8,31,26,8,48,27,0, 31,1961,10833,29663,80141,130227,164601,273068,328355,363451,471621,547619,592594,
route with flow 0.0093178 : 0,46,32,1,22,28,31,26,8,31,26,8,48,27,0, 45,179,6855,21764,45873,102228,153997,188851,297318,352605,387701,495381,563989,592934,
route with flow 0.00941192 : 0,11,2,29,21,34,21,29,2,32,27,0, 10,9593,113583,145648,183880,306573,348678,378383,517964,564611,592963,
route with flow 0.00941192 : 0,27,32,2,29,21,34,21,29,2,11,0, 26,4437,28762,150991,184256,222680,345373,387478,417183,550033,592658,
route with flow 0.00941192 : 0,32,11,2,29,21,34,21,29,2,32,0, 31,1971,40351,170295,203656,242080,364773,406878,436583,563104,592938,
route with flow 0.00941192 : 0,46,11,2,29,21,50,34,21,29,2,32,0, 45,158,19890,136681,169706,208146,256002,379372,421428,451133,570249,593082,
route with flow 0.019208 : 0,4,41,40,19,40,41,13,25,14,0, 3,726,58044,90518,130773,164730,291967,403917,534988,592383,
route with flow 0.019208 : 0,6,14,25,13,19,41,13,4,0, 5,4321,58563,185122,297113,343598,471114,566173,592978,
route with flow 0.019208 : 0,14,25,13,41,40,19,40,41,4,0, 13,13227,113812,224385,354995,392611,435747,469998,572426,593112,
route with flow 0.019208 : 0,27,6,14,25,13,41,19,42,4,0, 26,4412,37688,123626,257872,369885,499583,541747,576525,593186,
route with flow 0.0196 : 0,5,49,10,39,30,34,50,16,11,32,0, 4,13202,70796,95536,158317,249162,374501,425783,496631,568646,593038,
route with flow 0.0196 : 0,11,2,20,35,36,3,28,22,1,27,0, 10,9593,113574,248095,331904,363786,438790,506333,541830,565304,592934,
route with flow 0.0196 : 0,27,1,22,28,3,36,35,20,2,11,0, 26,4407,16885,39061,93318,167198,198869,278685,413109,549996,592658,
route with flow 0.0196 : 0,32,2,29,20,35,36,3,28,22,1,27,0, 31,1962,82467,113041,243245,327054,358936,433940,501581,537991,562543,592874,
route with flow 0.02 : 0,27,48,23,7,43,24,23,7,48,27,0, 26,4453,43974,110603,200767,255652,304393,380619,472049,547654,592594,
route with flow 0.02 : 0,46,27,48,7,23,24,43,7,23,48,27,0, 45,174,11639,62872,147299,225580,275506,328530,418803,496379,564017,592934,
total flow: 5
loc: 0 flow: 10
loc: 1 flow: 1.01825
loc: 2 flow: 0.764193
loc: 3 flow: 1.02368
loc: 4 flow: 0.942204
loc: 5 flow: 0.753057
loc: 6 flow: 0.830808
loc: 7 flow: 1.00898
loc: 8 flow: 0.822419
loc: 9 flow: 0.803158
loc: 10 flow: 0.955269
loc: 11 flow: 0.734569
loc: 12 flow: 0.606951
loc: 13 flow: 0.663528
loc: 14 flow: 0.818414
loc: 15 flow: 0.868124
loc: 16 flow: 0.85935
loc: 17 flow: 1.02777
loc: 18 flow: 0.722994
loc: 19 flow: 0.84926
loc: 20 flow: 0.862059
loc: 21 flow: 0.883761
loc: 22 flow: 0.976728
loc: 23 flow: 1.02299
loc: 24 flow: 0.877799
loc: 25 flow: 0.784228
loc: 26 flow: 0.883784
loc: 27 flow: 0.751218
loc: 28 flow: 0.841952
loc: 29 flow: 1.07456
loc: 30 flow: 0.7695
loc: 31 flow: 0.898982
loc: 32 flow: 0.808839
loc: 33 flow: 0.943224
loc: 34 flow: 0.773445
loc: 35 flow: 0.909789
loc: 36 flow: 0.74853
loc: 37 flow: 0.920364
loc: 38 flow: 0.813348
loc: 39 flow: 0.791498
loc: 40 flow: 0.729474
loc: 41 flow: 1.03729
loc: 42 flow: 0.846742
loc: 43 flow: 0.948251
loc: 44 flow: 0.779121
loc: 45 flow: 0.791355
loc: 46 flow: 0.93372
loc: 47 flow: 0.800146
loc: 48 flow: 0.897769
loc: 49 flow: 0.793973
loc: 50 flow: 0.899809
start separation phase
STATS - lpIterations[2] lagIterations[36] sspIterations[180] numSeparations[0] numCuts[0] compileTime[9] sspSolveTime[52] lpSolveTime[0] lb[485.017] ub[521] numArcs: [592128] numFixed: [307105] time: [300]
STATS1 - lpIterations[2] lagIterations[36] sspIterations[180] numSeparations[0] numCuts[0] compileTime[9] sspSolveTime[52] lpSolveTime[0] repairTime[10] cutsTime[0] lb[485.017] ub[521] numArcs: [592128] numFixed: [307105] time: [300]
fixing. lower bound used: 478.712
fixed path dual: -43.4614
best alpha: 0.02
0:0
1:0.00211398
2:0.251091
3:-0.00320476
4:0.0766401
5:0.182004
6:0.185808
7:0.011201
8:0.194029
9:0.0329052
10:0.0438362
11:0.180123
12:0.405188
13:0.349743
14:0.197954
15:0.149238
16:0.157837
17:-0.00721335
18:0.291465
19:0.167726
20:0.155182
21:0.113914
22:0.0428069
23:-0.00252896
24:0.139757
25:0.231457
26:0.133892
27:0.263807
28:0.174887
29:-0.0530664
30:0.10589
31:0.118998
32:0.187338
33:0.0756402
34:0.122024
35:0.108407
36:0.26644
37:0.098043
38:0.0429188
39:0.204332
40:0.285115
41:-0.0165398
42:0.170193
43:0.0707142
44:0.236462
45:0.224472
46:0.0649542
47:0.215857
48:0.120187
49:0.181906
50:0.0581872
alpha: 21.2276
lagLB: 454.364
stepSizeMultiplier: 1.28615
targetLowerBound: 509.268
||gamma||^2: 1.46933
lambda: 0,6.19664,21.2663,11.0234,10.2666,14.5387,10.9415,13.0218,16.8589,10.5583,10.6333,12.4782,12.6528,22.6275,15.3793,9.68257,13.777,6.13165,21.8966,14.1336,18.1401,12.4824,7.91145,10.9634,14.6065,20.2267,11.7428,8.08309,15.0411,8.31472,17.0144,12.7197,8.08779,18.0294,19.4983,16.4946,17.8594,7.16511,12.4992,19.4117,18.9874,16.8558,15.7627,14.6173,12.7621,15.4528,1.4824,9.19486,12.3346,14.0384,9.82594,
mu: 
srcDuals: 
lambda: 0,6.56577,16.4971,11.5023,9.0977,9.54425,7.51954,13.2033,13.2673,6.57713,9.72859,7.10987,4.70332,15.8224,11.7067,7.01538,10.9323,6.69327,16.2942,11.0849,15.3502,10.1315,7.44077,11.4283,12.135,15.8627,9.39228,3.05144,11.8446,9.82265,12.3526,10.6766,4.22154,16.8811,14.9162,14.6701,12.7734,5.55448,8.72419,15.1947,13.516,17.6099,12.6631,13.5706,8.29476,11.233,0.141892,5.1528,10.2669,9.87146,7.79957,
mu: 
srcDuals: 
fixing. lower bound used: 464.651
percent fixed: 51.6645
fixing. lower bound used: 478.712
fixed path dual: -40.4167
best alpha: 0.03
0:0
1:0.0320506
2:0.273558
3:-0.00310862
4:0.104341
5:0.206544
6:0.150234
7:0.040865
8:0.158209
9:0.061918
10:0.0425211
11:0.204719
12:0.423032
13:0.27925
14:0.132015
15:0.0847609
16:0.183102
17:-0.126997
18:0.312721
19:0.102694
20:0.180526
21:0.140497
22:0.0715227
23:0.0275469
24:0.165564
25:0.164513
26:0.099875
27:0.285893
28:0.13964
29:-0.0214744
30:0.132714
31:0.0854282
32:0.211718
33:0.043371
34:0.148363
35:0.135155
36:0.288447
37:0.0651017
38:0.0716312
39:0.168202
40:0.306562
41:-0.0760436
42:0.105087
43:0.0985927
44:0.139368
45:0.157738
46:0.0630055
47:0.239381
48:0.0865811
49:0.206449
50:0.0864415
alpha: 22.1745
lagLB: 474.134
stepSizeMultiplier: 1.28615
targetLowerBound: 509.268
||gamma||^2: 1.40659
lambda: 0,6.61064,21.8272,11.4343,10.7246,13.4078,11.4638,13.4411,17.3861,7.27563,10.6591,10.9334,13.3045,23.2466,15.9088,10.1833,14.2829,6.54015,22.4813,14.6453,18.6444,12.5496,8.34946,11.3747,15.1017,20.776,12.2345,8.65143,15.557,8.69618,14.6004,13.2026,8.19828,18.4867,17.5065,16.9713,18.4293,7.6357,9.63526,19.5322,19.5683,17.2588,16.2758,15.0717,13.3143,15.998,1.52071,9.73493,12.8182,13.7329,9.03475,
mu: 
srcDuals: 
lambda: 0,6.56577,16.4971,11.5023,9.0977,9.54425,7.51954,13.2033,13.2673,6.57713,9.72859,7.10987,4.70332,15.8224,11.7067,7.01538,10.9323,6.69327,16.2942,11.0849,15.3502,10.1315,7.44077,11.4283,12.135,15.8627,9.39228,3.05144,11.8446,9.82265,12.3526,10.6766,4.22154,16.8811,14.9162,14.6701,12.7734,5.55448,8.72419,15.1947,13.516,17.6099,12.6631,13.5706,8.29476,11.233,0.141892,5.1528,10.2669,9.87146,7.79957,
mu: 
srcDuals: 
fixing. lower bound used: 458.911
percent fixed: 37.0373
fixing. lower bound used: 478.712
fixed path dual: -43.4415
best alpha: 0.01
0:0
1:0.0317301
2:0.210822
3:-0.00307753
4:0.113297
5:0.214478
6:0.158732
7:0.0504563
8:0.166627
9:0.0712989
10:0.0520959
11:0.182672
12:0.428802
13:0.286458
14:0.140695
15:0.0939133
16:0.0412709
17:-0.115727
18:0.319594
19:0.111667
20:0.178721
21:0.119092
22:0.0708075
23:0.0372714
24:0.173909
25:0.172868
26:0.108876
27:0.283034
28:0.138244
29:-0.0412596
30:0.141387
31:0.0945739
32:0.169601
33:0.0529373
34:0.156879
35:0.133803
36:0.285563
37:0.0744507
38:0.0809149
39:0.17652
40:0.313496
41:-0.0652832
42:0.114036
43:0.107607
44:0.147974
45:0.16616
46:0.0523755
47:0.246987
48:0.0957153
49:0.214385
50:0.0155771
alpha: 22.697
lagLB: 458.324
stepSizeMultiplier: 1.28615
targetLowerBound: 509.268
||gamma||^2: 1.37421
lambda: 0,7.27647,22.5631,11.4334,11.4114,14.1243,10.8509,14.1095,16.7755,7.95014,10.6715,11.6494,14.0838,22.0146,14.6341,8.89491,14.9925,3.87718,23.2286,13.3621,19.3533,13.2469,9.02675,12.0392,15.8063,19.5107,11.607,9.39097,14.9411,9.34646,15.2954,12.5709,8.91628,17.8428,18.2061,17.667,19.1696,6.99807,10.3126,18.9245,20.3138,15.9236,14.9933,15.7569,11.3852,14.7307,1.53901,10.461,12.1868,14.4494,9.71637,
mu: 
srcDuals: 
lambda: 0,6.56577,16.4971,11.5023,9.0977,9.54425,7.51954,13.2033,13.2673,6.57713,9.72859,7.10987,4.70332,15.8224,11.7067,7.01538,10.9323,6.69327,16.2942,11.0849,15.3502,10.1315,7.44077,11.4283,12.135,15.8627,9.39228,3.05144,11.8446,9.82265,12.3526,10.6766,4.22154,16.8811,14.9162,14.6701,12.7734,5.55448,8.72419,15.1947,13.516,17.6099,12.6631,13.5706,8.29476,11.233,0.141892,5.1528,10.2669,9.87146,7.79957,
mu: 
srcDuals: 
fixing. lower bound used: 469.795
percent fixed: 37.5552
fixing. lower bound used: 478.712
fixed path dual: -40.3106
best alpha: 0.01
0:0
1:-0.00858725
2:0.198714
3:-0.0330468
4:0.122164
5:0.202333
6:0.167144
7:0.0599518
8:0.16496
9:0.0805859
10:0.0415749
11:0.190845
12:0.434514
13:0.293593
14:0.149288
15:0.102974
16:0.0508582
17:-0.10457
18:0.326398
19:0.12055
20:0.126934
21:0.127901
22:0.0300994
23:0.0468987
24:0.18217
25:0.181139
26:0.117788
27:0.270203
28:0.126862
29:-0.040847
30:0.149973
31:0.0936281
32:0.147905
33:0.0424079
34:0.165311
35:0.0824652
36:0.232707
37:0.0837062
38:0.0901058
39:0.174755
40:0.320361
41:-0.0546303
42:0.122896
43:0.116531
44:0.156494
45:0.164499
46:0.0618517
47:0.254517
48:0.104758
49:0.202241
50:0.0254214
alpha: 23.1992
lagLB: 475.045
stepSizeMultiplier: 1.28615
targetLowerBound: 509.268
||gamma||^2: 1.34446
lambda: 0,7.28594,21.2822,11.4324,11.6692,14.4123,11.1223,14.3486,17.0492,8.19541,10.911,11.256,14.4358,22.3241,14.9001,9.14693,11.8691,4.06662,23.548,13.6194,19.4067,12.8345,9.04789,12.2743,16.0822,19.7863,11.8634,9.47546,14.9823,8.88618,15.5616,12.8231,8.07097,18.0826,18.4769,17.707,19.2548,7.24428,10.5607,19.2012,20.6314,16.1281,15.2513,16.013,11.6533,15.0043,1.33066,10.7587,12.4394,14.7373,8.15313,
mu: 
srcDuals: 
lambda: 0,6.56577,16.4971,11.5023,9.0977,9.54425,7.51954,13.2033,13.2673,6.57713,9.72859,7.10987,4.70332,15.8224,11.7067,7.01538,10.9323,6.69327,16.2942,11.0849,15.3502,10.1315,7.44077,11.4283,12.135,15.8627,9.39228,3.05144,11.8446,9.82265,12.3526,10.6766,4.22154,16.8811,14.9162,14.6701,12.7734,5.55448,8.72419,15.1947,13.516,17.6099,12.6631,13.5706,8.29476,11.233,0.141892,5.1528,10.2669,9.87146,7.79957,
mu: 
srcDuals: 
fixing. lower bound used: 459.39
percent fixed: 37.099
fixing. lower bound used: 478.712
fixed path dual: -38.635
best alpha: 0.01
0:0
1:0.00149862
2:0.186727
3:-0.0227163
4:0.130943
5:0.15031
6:0.175473
7:0.0693523
8:0.173311
9:0.08978
10:-0.0188408
11:0.198937
12:0.430169
13:0.300657
14:0.157795
15:0.101944
16:0.0603496
17:-0.093524
18:0.333134
19:0.129345
20:0.135664
21:0.116622
22:0.0397984
23:0.0564297
24:0.190348
25:0.189328
26:0.12661
27:0.277501
28:0.135593
29:-0.0504386
30:0.098473
31:0.102692
32:0.136426
33:0.0419839
34:0.133657
35:0.0916405
36:0.24038
37:0.0828691
38:0.0892047
39:0.143008
40:0.327158
41:-0.044084
42:0.131667
43:0.125365
44:0.154929
45:0.162854
46:0.0512332
47:0.261972
48:0.113711
49:0.140218
50:0.0351671
alpha: 23.6295
lagLB: 484.271
stepSizeMultiplier: 1.28615
targetLowerBound: 509.268
||gamma||^2: 1.31997
lambda: 0,6.36655,21.1071,10.7356,11.9318,14.2382,11.3972,14.5942,17.0942,8.44666,10.6931,11.5373,14.7837,22.6335,15.1701,9.4043,12.1122,4.26734,23.8664,13.8815,18.295,13.0987,8.13905,12.5164,16.3612,20.065,12.1249,9.31995,14.7877,8.87503,15.8318,12.8487,7.65282,17.8649,18.7513,16.5832,18.1721,7.49639,10.8146,19.2489,20.9481,16.3425,15.5141,16.2741,11.9253,15.0492,1.5768,11.0574,12.6973,14.5633,8.38933,
mu: 
srcDuals: 
lambda: 0,6.56577,16.4971,11.5023,9.0977,9.54425,7.51954,13.2033,13.2673,6.57713,9.72859,7.10987,4.70332,15.8224,11.7067,7.01538,10.9323,6.69327,16.2942,11.0849,15.3502,10.1315,7.44077,11.4283,12.135,15.8627,9.39228,3.05144,11.8446,9.82265,12.3526,10.6766,4.22154,16.8811,14.9162,14.6701,12.7734,5.55448,8.72419,15.1947,13.516,17.6099,12.6631,13.5706,8.29476,11.233,0.141892,5.1528,10.2669,9.87146,7.79957,
mu: 
srcDuals: 
fixing. lower bound used: 475.893
percent fixed: 39.277
fixing. lower bound used: 478.712
fixed path dual: -39.6067
best alpha: 0.02
0:0
1:0.00146865
2:0.202992
3:-0.00226197
4:0.028324
5:0.167304
6:0.151963
7:0.0879652
8:0.149844
9:0.107984
10:0.00153601
11:0.214958
12:0.441565
13:0.234644
14:0.134639
15:0.119906
16:0.0791426
17:-0.0716535
18:0.266472
19:0.106758
20:0.152951
21:0.134289
22:0.0390025
23:0.0753011
24:0.206541
25:0.165542
26:0.104077
27:0.251951
28:0.132881
29:-0.0294298
30:0.116504
31:0.080638
32:0.153697
33:0.0611442
34:0.150984
35:0.109808
36:0.255572
37:0.101212
38:0.107421
39:0.160147
40:0.300614
41:-0.103202
42:0.149033
43:0.142858
44:0.171831
45:0.179597
46:0.0702085
47:0.236733
48:0.111436
49:0.157414
50:0.0544638
alpha: 24.5474
lagLB: 480.431
stepSizeMultiplier: 1.28615
targetLowerBound: 509.268
||gamma||^2: 1.27062
lambda: 0,6.60118,20.9094,10.9655,12.1918,13.096,11.6659,14.8421,17.3625,8.6986,9.28339,11.8106,14.868,22.9268,15.4354,9.42428,12.3584,4.48334,24.166,14.1412,18.5559,12.8872,8.38119,12.7618,16.6329,20.3364,12.384,9.60867,15.0486,8.63081,14.6794,13.1031,7.44522,17.8731,18.0745,16.8355,18.4535,7.51264,10.8321,18.5739,21.2466,16.5682,15.7743,16.533,11.9557,15.0811,1.35251,11.3431,12.9539,13.1848,8.63056,
mu: 
srcDuals: 
lambda: 0,6.56577,16.4971,11.5023,9.0977,9.54425,7.51954,13.2033,13.2673,6.57713,9.72859,7.10987,4.70332,15.8224,11.7067,7.01538,10.9323,6.69327,16.2942,11.0849,15.3502,10.1315,7.44077,11.4283,12.135,15.8627,9.39228,3.05144,11.8446,9.82265,12.3526,10.6766,4.22154,16.8811,14.9162,14.6701,12.7734,5.55448,8.72419,15.1947,13.516,17.6099,12.6631,13.5706,8.29476,11.233,0.141892,5.1528,10.2669,9.87146,7.79957,
mu: 
srcDuals: 
fixing. lower bound used: 483.33
percent fixed: 49.4601
fixing. lower bound used: 478.712
fixed path dual: -39.2937
STATS - lpIterations[2] lagIterations[43] sspIterations[215] numSeparations[21] numCuts[0] compileTime[9] sspSolveTime[63] lpSolveTime[0] lb[488.653] ub[521] numArcs: [596121] numFixed: [222380] time: [385]
STATS1 - lpIterations[2] lagIterations[43] sspIterations[215] numSeparations[21] numCuts[0] compileTime[9] sspSolveTime[63] lpSolveTime[0] repairTime[12] cutsTime[0] lb[488.653] ub[521] numArcs: [596121] numFixed: [222380] time: [385]
lambda: 0,6.60182,21.4801,11.4468,9.79299,13.6511,11.2499,15.3627,16.9456,9.22787,9.7663,12.3865,15.5426,21.5823,15.0118,9.95875,12.8751,4.93436,22.8354,13.7055,19.1048,13.4279,8.39818,13.2768,17.2051,19.9263,11.9471,9.2362,15.1065,9.10022,15.2124,12.656,7.99441,18.382,18.6225,17.3655,19.0471,8.03896,11.3611,19.1259,20.8953,15.0765,16.3214,17.0774,12.5128,15.6416,1.86533,10.964,13.0024,13.7356,9.13652,
mu: 
srcDuals: 
best alpha: 0.03
0:0
1:0.0314246
2:0.196903
3:0.0278059
4:0.0574743
5:0.132285
6:0.0874045
7:-0.00467374
8:0.175349
9:0.134745
10:-0.0285101
11:0.208509
12:0.398318
13:0.257605
14:0.1606
15:0.0863084
16:0.0767683
17:-0.0395039
18:0.288477
19:0.133555
20:0.178363
21:0.100261
22:0.0678324
23:-0.0469579
24:0.110345
25:0.190575
26:0.130955
27:0.244393
28:0.158895
29:-0.0285469
30:0.143008
31:0.108219
32:0.149086
33:0.0293099
34:0.116455
35:0.136513
36:0.277905
37:0.0681754
38:0.134198
39:0.125343
40:0.321596
41:-0.0701063
42:0.174562
43:0.0485724
44:0.136676
45:0.144209
46:0.0381023
47:0.259631
48:0.108093
49:0.122692
50:0.0528299
alpha: 25.9458
lagLB: 488.653
stepSizeMultiplier: 1.28615
targetLowerBound: 513.085
||gamma||^2: 1.21114
lambda: 0,6.60182,21.4801,11.4468,9.79299,13.6511,11.2499,15.3627,16.9456,9.22787,9.7663,12.3865,15.5426,21.5823,15.0118,9.95875,12.8751,4.93436,22.8354,13.7055,19.1048,13.4279,8.39818,13.2768,17.2051,19.9263,11.9471,9.2362,15.1065,9.10022,15.2124,12.656,7.99441,18.382,18.6225,17.3655,19.0471,8.03896,11.3611,19.1259,20.8953,15.0765,16.3214,17.0774,12.5128,15.6416,1.86533,10.964,13.0024,13.7356,9.13652,
mu: 
srcDuals: 
lambda: 0,6.60182,21.4801,11.4468,9.79299,13.6511,11.2499,15.3627,16.9456,9.22787,9.7663,12.3865,15.5426,21.5823,15.0118,9.95875,12.8751,4.93436,22.8354,13.7055,19.1048,13.4279,8.39818,13.2768,17.2051,19.9263,11.9471,9.2362,15.1065,9.10022,15.2124,12.656,7.99441,18.382,18.6225,17.3655,19.0471,8.03896,11.3611,19.1259,20.8953,15.0765,16.3214,17.0774,12.5128,15.6416,1.86533,10.964,13.0024,13.7356,9.13652,
mu: 
srcDuals: 
fixing. lower bound used: 487.062
percent fixed: 55.0936
updating best lambda arc fixing
fixing. lower bound used: 487.062
fixed path dual: -105.521
best alpha: 0.01
0:0
1:0.0411103
2:0.204934
3:0.0375278
4:0.0368995
5:0.140962
6:0.0965304
7:0.00537299
8:0.183596
9:0.143397
10:-0.018225
11:0.216424
12:0.404335
13:0.165029
14:0.168994
15:0.0954453
16:0.0860007
17:-0.0491089
18:0.295593
19:-0.0077804
20:0.186579
21:0.109258
22:0.0771541
23:-0.0364883
24:0.119241
25:0.19867
26:0.139646
27:0.251949
28:0.167306
29:-0.0182614
30:0.151578
31:0.117137
32:0.157595
33:0.0390168
34:0.12529
35:0.145148
36:0.285126
37:0.0774936
38:0.142856
39:0.13409
40:0.02838
41:-0.0594052
42:0.0728166
43:0.0580866
44:0.115309
45:0.152767
46:0.0477213
47:0.267035
48:0.117012
49:0.131465
50:0.0623016
alpha: 28.4285
lagLB: 316.096
stepSizeMultiplier: 1.28615
targetLowerBound: 513.085
||gamma||^2: 1.10537
lambda: 0,7.41716,26.5889,12.1682,11.2842,17.0834,13.5176,15.2414,21.4952,12.7239,9.02658,17.7965,25.8773,28.2661,19.1787,12.1981,14.8669,3.9094,30.3201,17.1707,23.7325,16.0293,10.1581,12.0584,20.0681,24.871,15.3449,15.5772,19.2291,8.35955,18.9229,15.4638,11.8626,19.1425,21.644,20.9075,26.2575,9.80783,14.843,22.378,29.2394,13.2576,20.8506,18.3377,16.0589,19.3832,2.85393,17.7003,15.807,16.9189,10.5072,
mu: 
srcDuals: 
lambda: 0,6.60182,21.4801,11.4468,9.79299,13.6511,11.2499,15.3627,16.9456,9.22787,9.7663,12.3865,15.5426,21.5823,15.0118,9.95875,12.8751,4.93436,22.8354,13.7055,19.1048,13.4279,8.39818,13.2768,17.2051,19.9263,11.9471,9.2362,15.1065,9.10022,15.2124,12.656,7.99441,18.382,18.6225,17.3655,19.0471,8.03896,11.3611,19.1259,20.8953,15.0765,16.3214,17.0774,12.5128,15.6416,1.86533,10.964,13.0024,13.7356,9.13652,
mu: 
srcDuals: 
fixing. lower bound used: 487.062
fixed path dual: -86.9476
best alpha: 0.02
0:0
1:0.000288138
2:0.220835
3:0.0167773
4:0.0561615
5:0.158143
6:0.1146
7:0.0252655
8:0.119924
9:0.160529
10:0.00213953
11:0.232095
12:0.416249
13:0.181728
14:0.185614
15:0.113536
16:0.104281
17:-0.0281267
18:0.309681
19:0.0123752
20:0.142847
21:0.127073
22:0.055611
23:-0.0157585
24:0.136857
25:0.214696
26:0.0168527
27:0.16691
28:0.00395958
29:0.00210379
30:0.168547
31:-0.00520604
32:0.134444
33:0.0582364
34:0.142784
35:0.0222454
36:0.0994235
37:0.0959438
38:0.159999
39:0.151408
40:0.0478124
41:-0.0382171
42:0.0913603
43:0.0769249
44:0.133003
45:0.169711
46:0.0667668
47:0.281694
48:0.114672
49:0.148835
50:0.0810556
alpha: 31.1802
lagLB: 415.579
stepSizeMultiplier: 1.28615
targetLowerBound: 513.085
||gamma||^2: 1.00782
lambda: 0,7.77053,27.306,12.5136,10.842,17.6585,13.9941,15.5154,22.1649,13.3045,9.24819,18.5391,27.0373,26.2738,19.816,12.6721,15.32,3.53827,31.2386,13.4843,24.409,16.534,10.5916,12.2395,20.5949,25.5742,15.917,16.3987,19.8628,8.58108,19.5216,15.986,12.4746,19.4912,22.1843,21.4919,27.1528,10.242,15.4223,22.9379,21.7021,13.3877,18.3915,18.7288,15.7908,19.9845,3.22198,18.5554,16.3289,17.4729,10.9077,
mu: 
srcDuals: 
lambda: 0,6.60182,21.4801,11.4468,9.79299,13.6511,11.2499,15.3627,16.9456,9.22787,9.7663,12.3865,15.5426,21.5823,15.0118,9.95875,12.8751,4.93436,22.8354,13.7055,19.1048,13.4279,8.39818,13.2768,17.2051,19.9263,11.9471,9.2362,15.1065,9.10022,15.2124,12.656,7.99441,18.382,18.6225,17.3655,19.0471,8.03896,11.3611,19.1259,20.8953,15.0765,16.3214,17.0774,12.5128,15.6416,1.86533,10.964,13.0024,13.7356,9.13652,
mu: 
srcDuals: 
fixing. lower bound used: 322.71
percent fixed: 55.1383
updating best lambda arc fixing
fixing. lower bound used: 322.71
fixed path dual: -92.1676
best alpha: 0.02
0:0
1:0.0202824
2:0.236418
3:0.0364417
4:0.0750383
5:0.17498
6:0.132308
7:0.0447602
8:0.137525
9:0.0973189
10:0.0220967
11:0.167454
12:0.307924
13:0.198094
14:0.201902
15:0.0312656
16:0.122195
17:-0.00756417
18:0.323487
19:0.0321277
20:0.159991
21:0.0445313
22:0.0744988
23:0.00455662
24:0.154119
25:0.230402
26:0.0365156
27:0.183572
28:0.0238804
29:0.0220617
30:0.185176
31:0.0148981
32:0.111755
33:0.0370717
34:0.159929
35:0.0418005
36:0.117435
37:-0.00597511
38:0.0967989
39:0.16838
40:0.0668561
41:-0.0174528
42:0.109533
43:0.0953864
44:0.0703429
45:0.0863172
46:0.00543149
47:0.27606
48:0.132379
49:0.165859
50:-0.0405656
alpha: 34.8661
lagLB: 394.362
stepSizeMultiplier: 1.28615
targetLowerBound: 513.085
||gamma||^2: 0.901281
lambda: 0,6.6108,28.3657,11.9699,11.5441,18.5821,14.8231,16.1505,20.6848,14.2332,9.83301,19.6233,28.5213,27.2486,20.7993,13.4988,16.1266,4.05737,32.4913,14.0914,23.5588,17.3901,10.1321,12.7854,21.4723,26.6206,12.4726,14.4405,15.23,9.16582,20.4677,12.4937,12.1864,20.1978,23.0745,18.0592,22.1471,11.0305,16.3499,23.8468,22.3861,13.8849,19.1701,19.476,16.6598,20.9332,3.94713,19.7473,16.5779,18.3763,11.6638,
mu: 
srcDuals: 
lambda: 0,6.60182,21.4801,11.4468,9.79299,13.6511,11.2499,15.3627,16.9456,9.22787,9.7663,12.3865,15.5426,21.5823,15.0118,9.95875,12.8751,4.93436,22.8354,13.7055,19.1048,13.4279,8.39818,13.2768,17.2051,19.9263,11.9471,9.2362,15.1065,9.10022,15.2124,12.656,7.99441,18.382,18.6225,17.3655,19.0471,8.03896,11.3611,19.1259,20.8953,15.0765,16.3214,17.0774,12.5128,15.6416,1.86533,10.964,13.0024,13.7356,9.13652,
mu: 
srcDuals: 
fixing. lower bound used: 412.538
percent fixed: 0.370487
fixing. lower bound used: 322.71
fixed path dual: -88.4779
best alpha: 0.01
0:0
1:0.0300796
2:0.244054
3:0.0460773
4:0.0742879
5:0.18323
6:0.100985
7:0.0543126
8:0.14615
9:0.106346
10:0.0318758
11:0.175779
12:0.274844
13:0.206113
14:0.0698831
15:0.040953
16:0.130973
17:0.00251147
18:0.310252
19:0.0418064
20:0.168391
21:0.054086
22:0.0837538
23:0.0145111
24:0.0525783
25:0.238098
26:0.0461505
27:0.181736
28:0.0336416
29:0.0318411
30:0.193324
31:0.0247491
32:0.120637
33:0.046701
34:0.168329
35:0.0513825
36:0.126261
37:0.00408464
38:0.105831
39:0.176696
40:0.0761876
41:-0.00727825
42:0.118438
43:0.104433
44:0.0796395
45:0.095454
46:-0.00462282
47:0.243299
48:0.141055
49:0.1742
50:-0.0301599
alpha: 36.7485
lagLB: 422.836
stepSizeMultiplier: 1.28615
targetLowerBound: 513.085
||gamma||^2: 0.855114
lambda: 0,7.30899,29.723,12.7174,12.4093,19.752,15.8629,16.9233,21.7405,12.621,10.5367,18.225,26.2787,28.489,22.0513,11.0489,17.1356,4.67063,34.1141,14.8257,24.683,14.9806,10.9957,13.4357,22.5786,27.9595,13.2203,15.6366,15.9391,9.86943,21.6688,13.1755,11.8909,19.6746,24.1985,18.823,23.1416,7.83063,14.7361,24.9967,23.2263,14.468,20.1404,20.4032,14.9653,18.6511,2.0547,20.5891,17.6179,19.5184,7.72216,
mu: 
srcDuals: 
lambda: 0,6.60182,21.4801,11.4468,9.79299,13.6511,11.2499,15.3627,16.9456,9.22787,9.7663,12.3865,15.5426,21.5823,15.0118,9.95875,12.8751,4.93436,22.8354,13.7055,19.1048,13.4279,8.39818,13.2768,17.2051,19.9263,11.9471,9.2362,15.1065,9.10022,15.2124,12.656,7.99441,18.382,18.6225,17.3655,19.0471,8.03896,11.3611,19.1259,20.8953,15.0765,16.3214,17.0774,12.5128,15.6416,1.86533,10.964,13.0024,13.7356,9.13652,
mu: 
srcDuals: 
fixing. lower bound used: 404.387
percent fixed: 0.297234
fixing. lower bound used: 322.71
fixed path dual: -89.0016
best alpha: 0.01
0:0
1:0.0397788
2:0.251614
3:0.0556165
4:0.0835451
5:0.131398
6:0.109975
7:0.0637695
8:0.154688
9:0.0952823
10:-0.028443
11:0.144021
12:0.252096
13:0.214052
14:0.0791842
15:0.0505435
16:0.139663
17:0.0124864
18:0.31715
19:0.0513884
20:0.176707
21:0.0635452
22:0.0929162
23:0.0243659
24:0.0620525
25:0.245717
26:0.0556889
27:0.179919
28:0.0433052
29:0.0415227
30:0.161391
31:0.0345016
32:0.0994308
33:0.056234
34:0.176646
35:0.0608686
36:0.134998
37:0.0140438
38:0.0747726
39:0.124929
40:0.0854257
41:0.00279453
42:0.127253
43:0.113388
44:0.0888431
45:0.104499
46:0.00542341
47:0.250866
48:0.149644
49:0.082458
50:-0.0198583
alpha: 38.5878
lagLB: 430.615
stepSizeMultiplier: 1.28615
targetLowerBound: 513.085
||gamma||^2: 0.814355
lambda: 0,7.7072,30.4487,13.14,12.523,20.3846,14.9609,17.3586,22.3164,13.1359,10.9377,18.8461,25.6427,29.1566,17.5799,11.4637,17.6881,5.02666,34.2367,15.2418,25.2929,15.4155,11.476,13.8101,19.1372,28.6761,13.6431,15.9147,16.3428,10.2703,22.3168,13.5655,12.4276,20.0982,24.8083,19.2538,23.687,8.18907,15.2502,25.6192,23.6951,14.8091,20.6738,20.9152,15.4394,19.1494,1.69545,19.9049,18.186,20.1371,8.02819,
mu: 
srcDuals: 
lambda: 0,6.60182,21.4801,11.4468,9.79299,13.6511,11.2499,15.3627,16.9456,9.22787,9.7663,12.3865,15.5426,21.5823,15.0118,9.95875,12.8751,4.93436,22.8354,13.7055,19.1048,13.4279,8.39818,13.2768,17.2051,19.9263,11.9471,9.2362,15.1065,9.10022,15.2124,12.656,7.99441,18.382,18.6225,17.3655,19.0471,8.03896,11.3611,19.1259,20.8953,15.0765,16.3214,17.0774,12.5128,15.6416,1.86533,10.964,13.0024,13.7356,9.13652,
mu: 
srcDuals: 
fixing. lower bound used: 432.408
percent fixed: 1.18315
fixing. lower bound used: 322.71
fixed path dual: -86.5491
best alpha: 0.02
0:0
1:0.0589832
2:0.126581
3:0.0745042
4:0.0818741
5:0.14877
6:0.127775
7:0.0824941
8:0.171595
9:0.113377
10:-0.00787413
11:0.121141
12:0.227054
13:0.229771
14:0.0976006
15:0.0695326
16:0.0768701
17:0.0322366
18:0.270807
19:0.0703606
20:0.193173
21:0.00227425
22:0.111058
23:0.0438786
24:0.0808114
25:0.240803
26:0.0745752
27:0.17632
28:0.0624391
29:-0.0193078
30:0.178163
31:0.0538116
32:0.0374422
33:0.0751093
34:0.153113
35:0.0796513
36:0.152298
37:0.0337629
38:0.0932772
39:0.14243
40:0.103717
41:0.0227386
42:0.144708
43:0.13112
44:0.107066
45:0.122409
46:0.0253149
47:0.185849
48:0.166651
49:0.100809
50:0.000538868
alpha: 40.8753
lagLB: 450.412
stepSizeMultiplier: 1.28615
targetLowerBound: 513.085
||gamma||^2: 0.76878
lambda: 0,8.13679,31.1893,13.5929,13.0168,18.7215,15.4935,17.8234,22.9147,12.9046,8.66875,17.944,25.2704,29.8421,18.0673,11.9091,18.2644,5.41618,35.0735,15.6885,25.9235,15.88,11.9836,14.217,19.5995,29.408,14.096,16.1789,16.7775,10.7025,21.4401,13.9874,11.8312,20.552,25.4388,19.7143,24.2563,8.58088,14.2464,23.9466,24.1917,15.1844,21.2319,21.4528,15.941,19.674,2.07461,20.6444,18.7769,16.9174,8.37023,
mu: 
srcDuals: 
lambda: 0,6.60182,21.4801,11.4468,9.79299,13.6511,11.2499,15.3627,16.9456,9.22787,9.7663,12.3865,15.5426,21.5823,15.0118,9.95875,12.8751,4.93436,22.8354,13.7055,19.1048,13.4279,8.39818,13.2768,17.2051,19.9263,11.9471,9.2362,15.1065,9.10022,15.2124,12.656,7.99441,18.382,18.6225,17.3655,19.0471,8.03896,11.3611,19.1259,20.8953,15.0765,16.3214,17.0774,12.5128,15.6416,1.86533,10.964,13.0024,13.7356,9.13652,
mu: 
srcDuals: 
fixing. lower bound used: 438.15
percent fixed: 1.52502
fixing. lower bound used: 322.71
fixed path dual: -92.3239
best alpha: 0.01
0:0
1:0.0583933
2:0.135316
3:0.0837592
4:0.0710554
5:0.157282
6:0.136498
7:0.0916692
8:0.159879
9:0.122243
10:0.00220462
11:0.129929
12:0.194783
13:0.217473
14:0.106625
15:0.0788373
16:0.0861014
17:-0.0280857
18:0.278099
19:-0.010343
20:0.201241
21:0.0122515
22:0.109947
23:0.0534398
24:0.0900033
25:0.248395
26:0.0638294
27:0.164557
28:0.0618147
29:-0.00911469
30:0.186381
31:0.0432735
32:0.0470678
33:0.0843582
34:0.161582
35:0.0888547
36:0.160775
37:0.0434253
38:0.102344
39:0.151006
40:-0.05732
41:0.0325113
42:0.0132612
43:0.139809
44:0.0859955
45:0.131185
46:0.0250618
47:0.193991
48:0.164985
49:0.109801
50:0.0105335
alpha: 41.3943
lagLB: 438.075
stepSizeMultiplier: 1.28615
targetLowerBound: 513.085
||gamma||^2: 0.759141
lambda: 0,9.01277,26.6541,14.4922,13.1396,19.7321,16.4727,18.7346,23.9596,13.8622,9.44444,17.3382,24.8235,30.9742,19.0012,12.8009,16.0172,6.25205,33.9047,16.5815,27.0008,13.5209,12.9377,15.0703,20.5083,29.7692,14.9954,16.4433,17.6587,8.31101,22.4949,14.8556,9.52487,21.4521,24.881,20.6213,25.2723,9.41903,15.1738,24.9478,25.1348,16.006,22.2364,22.437,16.8891,20.6451,2.90009,18.5606,19.8143,17.8562,9.15855,
mu: 
srcDuals: 
lambda: 0,6.60182,21.4801,11.4468,9.79299,13.6511,11.2499,15.3627,16.9456,9.22787,9.7663,12.3865,15.5426,21.5823,15.0118,9.95875,12.8751,4.93436,22.8354,13.7055,19.1048,13.4279,8.39818,13.2768,17.2051,19.9263,11.9471,9.2362,15.1065,9.10022,15.2124,12.656,7.99441,18.382,18.6225,17.3655,19.0471,8.03896,11.3611,19.1259,20.8953,15.0765,16.3214,17.0774,12.5128,15.6416,1.86533,10.964,13.0024,13.7356,9.13652,
mu: 
srcDuals: 
fixing. lower bound used: 458.762
percent fixed: 6.54107
fixing. lower bound used: 322.71
fixed path dual: -91.255
best alpha: 0.01
0:0
1:0.0178094
2:0.143962
3:0.0429216
4:0.0803449
5:0.165709
6:0.125133
7:0.0807525
8:0.16828
9:0.13102
10:0.0121826
11:0.13863
12:0.202836
13:0.225298
14:0.115558
15:0.0880489
16:0.0952404
17:-0.0178049
18:0.285318
19:-0.000239579
20:0.139228
21:0.022129
22:0.0488479
23:0.0629054
24:0.0691033
25:0.255911
26:0.0731911
27:0.122911
28:0.0711965
29:0.000976459
30:0.194518
31:0.0528407
32:0.0465971
33:0.0935146
34:0.169966
35:0.0179662
36:0.0691674
37:0.052991
38:0.111321
39:0.159496
40:-0.0467468
41:0.0421861
42:0.0231286
43:0.108411
44:0.0951356
45:0.139874
46:0.0348112
47:0.202051
48:0.173335
49:0.118703
50:0.0204281
alpha: 43.2074
lagLB: 435.278
stepSizeMultiplier: 1.28615
targetLowerBound: 513.085
||gamma||^2: 0.727286
lambda: 0,9.01897,27.0814,14.9139,12.7343,20.1617,16.9001,19.1572,23.5636,14.288,9.85756,17.7649,23.6055,30.5844,19.4254,13.2222,16.4392,3.77177,34.3471,13.2774,27.435,13.9351,12.9494,15.4889,20.9307,30.2085,14.5893,16.0479,17.6653,8.72293,22.9275,14.4473,9.94275,21.874,25.311,21.0436,25.7022,9.83652,15.5976,25.3767,18.5226,16.4223,16.8704,22.8647,16.0725,21.0719,2.90275,18.9941,19.8319,18.2807,9.57255,
mu: 
srcDuals: 
lambda: 0,6.60182,21.4801,11.4468,9.79299,13.6511,11.2499,15.3627,16.9456,9.22787,9.7663,12.3865,15.5426,21.5823,15.0118,9.95875,12.8751,4.93436,22.8354,13.7055,19.1048,13.4279,8.39818,13.2768,17.2051,19.9263,11.9471,9.2362,15.1065,9.10022,15.2124,12.656,7.99441,18.382,18.6225,17.3655,19.0471,8.03896,11.3611,19.1259,20.8953,15.0765,16.3214,17.0774,12.5128,15.6416,1.86533,10.964,13.0024,13.7356,9.13652,
mu: 
srcDuals: 
fixing. lower bound used: 429.798
percent fixed: 0.98696
fixing. lower bound used: 322.71
fixed path dual: -93.2238
best alpha: 0.01
0:0
1:0.0276313
2:0.152523
3:0.0524924
4:0.0895414
5:0.154052
6:0.133881
7:0.0899449
8:0.176597
9:0.0697102
10:-0.0279393
11:0.127244
12:0.190807
13:0.233045
14:0.124403
15:0.0771684
16:0.104288
17:-0.00762683
18:0.292465
19:0.00976282
20:0.147836
21:0.0319077
22:0.0583594
23:0.0722764
24:0.0784122
25:0.263352
26:0.0824592
27:0.131682
28:0.0804846
29:0.0109667
30:0.122572
31:0.0623123
32:0.0561311
33:0.0825795
34:0.168267
35:0.0277865
36:0.0784757
37:0.0424611
38:0.0602077
39:0.077901
40:-0.0362793
41:0.0517643
42:0.0328973
43:0.117327
44:0.104184
45:0.128475
46:0.0344631
47:0.21003
48:0.181602
49:0.0975157
50:0.0302239
alpha: 45.2442
lagLB: 428.432
stepSizeMultiplier: 1.28615
targetLowerBound: 513.085
||gamma||^2: 0.694545
lambda: 0,7.37132,27.7003,13.3013,13.2645,20.811,16.6565,18.8518,24.2165,14.8889,10.2927,18.3764,24.3066,31.3168,20.0047,13.7631,16.9902,4.16506,35.1632,13.6952,25.1205,14.3841,10.5088,15.9948,20.1908,30.9835,15.1095,14.5469,18.1827,9.14241,23.617,14.9391,10.0077,22.4225,25.9663,18.1418,22.0356,10.3286,16.171,26.0173,18.8755,16.8993,17.3208,21.7616,16.6233,21.6852,3.36943,19.6941,20.4918,18.8644,10.0192,
mu: 
srcDuals: 
lambda: 0,6.60182,21.4801,11.4468,9.79299,13.6511,11.2499,15.3627,16.9456,9.22787,9.7663,12.3865,15.5426,21.5823,15.0118,9.95875,12.8751,4.93436,22.8354,13.7055,19.1048,13.4279,8.39818,13.2768,17.2051,19.9263,11.9471,9.2362,15.1065,9.10022,15.2124,12.656,7.99441,18.382,18.6225,17.3655,19.0471,8.03896,11.3611,19.1259,20.8953,15.0765,16.3214,17.0774,12.5128,15.6416,1.86533,10.964,13.0024,13.7356,9.13652,
mu: 
srcDuals: 
fixing. lower bound used: 435.51
percent fixed: 1.80009
fixing. lower bound used: 322.71
fixed path dual: -94.6836
best alpha: 0.01
0:0
1:0.037355
2:0.160998
3:0.0619674
4:0.098646
5:0.162512
6:0.122543
7:0.0990455
8:0.0748312
9:0.0790131
10:-0.0176599
11:0.135971
12:0.198899
13:0.230715
14:0.123159
15:0.0863967
16:0.113245
17:0.00244943
18:0.28954
19:0.0196652
20:0.156358
21:0.0415886
22:0.0677758
23:0.0815536
24:0.0876281
25:0.250718
26:-0.00836538
27:0.0903655
28:0.0896797
29:0.020857
30:0.131347
31:0.0116892
32:0.0655698
33:0.0917537
34:0.176584
35:0.0375087
36:0.0876909
37:0.0520365
38:0.0696057
39:0.087122
40:-0.0259165
41:0.0612466
42:0.0425683
43:0.126154
44:0.113142
45:0.13719
46:0.0341184
47:0.21793
48:0.0997857
49:0.106541
50:0.0399216
alpha: 46.8477
lagLB: 427.003
stepSizeMultiplier: 1.28615
targetLowerBound: 513.085
||gamma||^2: 0.670772
lambda: 0,7.85198,28.3808,13.8218,13.8442,20.6211,17.3072,19.4322,24.9356,12.3819,8.50221,18.1436,24.1755,32.1262,20.6403,13.4502,17.5935,4.58929,36.0677,14.1472,25.7935,14.8716,11.0386,16.5469,20.7528,31.8415,15.6779,15.1941,18.748,9.5964,20.7581,15.4753,10.534,22.1183,26.2356,18.6227,22.5976,9.96008,14.0851,22.6505,19.2539,17.4186,17.8099,22.3858,17.2265,21.4543,3.42458,20.4666,21.2188,18.1476,10.504,
mu: 
srcDuals: 
lambda: 0,6.60182,21.4801,11.4468,9.79299,13.6511,11.2499,15.3627,16.9456,9.22787,9.7663,12.3865,15.5426,21.5823,15.0118,9.95875,12.8751,4.93436,22.8354,13.7055,19.1048,13.4279,8.39818,13.2768,17.2051,19.9263,11.9471,9.2362,15.1065,9.10022,15.2124,12.656,7.99441,18.382,18.6225,17.3655,19.0471,8.03896,11.3611,19.1259,20.8953,15.0765,16.3214,17.0774,12.5128,15.6416,1.86533,10.964,13.0024,13.7356,9.13652,
mu: 
srcDuals: 
fixing. lower bound used: 432.17
percent fixed: 1.27787
fixing. lower bound used: 322.71
fixed path dual: -93.6573
best alpha: 0.01
0:0
1:0.0469815
2:0.169388
3:0.0713478
4:0.10766
5:0.170887
6:0.0813171
7:0.068055
8:0.0840829
9:0.088223
10:-0.00748326
11:0.144612
12:0.18691
13:0.238408
14:0.131927
15:0.0755328
16:0.122113
17:0.0124249
18:0.296645
19:0.0294685
20:0.164794
21:0.0511727
22:0.077098
23:0.0307381
24:-0.0132482
25:0.258211
26:0.00171827
27:0.0894618
28:0.0987829
29:0.0306485
30:0.140033
31:0.0215723
32:0.0749141
33:0.100836
34:0.184818
35:0.0471336
36:0.096814
37:0.0215161
38:0.0789096
39:0.0962508
40:-0.0156574
41:0.0706342
42:0.0521426
43:0.0548922
44:0.062011
45:0.0858182
46:0.0437772
47:0.205751
48:0.0987878
49:0.115475
50:0.0495224
alpha: 48.0187
lagLB: 438.004
stepSizeMultiplier: 1.28615
targetLowerBound: 513.085
||gamma||^2: 0.654414
lambda: 0,8.35181,29.0224,14.3498,14.4143,21.2644,16.9907,20.0027,20.4512,12.9295,8.93897,18.7565,24.8606,32.3907,20.7815,14.0062,18.1804,5.04911,36.3996,14.6268,26.4298,15.3763,11.5733,17.0974,21.3102,31.6719,11.5552,13.4696,19.3078,10.0773,21.3657,13.2036,11.0662,22.6805,26.895,19.1227,23.1552,10.4768,14.622,23.2074,19.6812,17.9458,18.3157,22.9875,17.8132,22.0686,3.4637,21.1735,17.6771,18.7267,11.0068,
mu: 
srcDuals: 
lambda: 0,6.60182,21.4801,11.4468,9.79299,13.6511,11.2499,15.3627,16.9456,9.22787,9.7663,12.3865,15.5426,21.5823,15.0118,9.95875,12.8751,4.93436,22.8354,13.7055,19.1048,13.4279,8.39818,13.2768,17.2051,19.9263,11.9471,9.2362,15.1065,9.10022,15.2124,12.656,7.99441,18.382,18.6225,17.3655,19.0471,8.03896,11.3611,19.1259,20.8953,15.0765,16.3214,17.0774,12.5128,15.6416,1.86533,10.964,13.0024,13.7356,9.13652,
mu: 
srcDuals: 
fixing. lower bound used: 432.536
percent fixed: 1.25393
fixing. lower bound used: 322.71
fixed path dual: -92.3592
best alpha: 0.02
0:0
1:0.0660418
2:0.186
3:0.0899208
4:0.0655063
5:0.187469
6:0.0796907
7:0.0866939
8:0.102401
9:0.106459
10:0.0126664
11:0.0817194
12:0.203172
13:0.173639
14:0.109289
15:0.0940221
16:0.0596704
17:0.0321764
18:0.270712
19:0.0488792
20:0.181498
21:0.0301493
22:0.0955561
23:0.0501233
24:0.00701681
25:0.173047
26:0.0216839
27:0.107673
28:0.116807
29:0.0500355
30:0.157233
31:0.0411409
32:0.0734158
33:0.118819
34:0.121122
35:0.0661909
36:0.114878
37:0.0410858
38:0.0973314
39:0.114326
40:0.00465578
41:0.0892215
42:0.0710998
43:0.0737944
44:0.0807707
45:0.104102
46:0.0229017
47:0.161636
48:0.116812
49:0.133166
50:-0.011468
alpha: 52.2348
lagLB: 443.915
stepSizeMultiplier: 1.28615
targetLowerBound: 513.085
||gamma||^2: 0.601593
lambda: 0,8.85781,29.6138,14.8728,14.9627,21.8569,15.1546,18.6306,20.9831,13.4642,9.40696,19.3306,24.5178,33.0303,21.3467,13.5857,18.7388,5.53099,37.0798,15.1205,27.018,15.8852,12.1003,14.7528,16.5689,32.3253,12.0296,13.532,19.8499,10.5719,21.9366,13.6919,11.5917,23.224,27.4972,19.6288,23.696,9.07214,15.1502,23.7478,20.1435,18.4683,18.8253,19.7133,15.4905,19.7625,3.96746,20.8439,17.7461,19.2805,11.5145,
mu: 
srcDuals: 
lambda: 0,6.60182,21.4801,11.4468,9.79299,13.6511,11.2499,15.3627,16.9456,9.22787,9.7663,12.3865,15.5426,21.5823,15.0118,9.95875,12.8751,4.93436,22.8354,13.7055,19.1048,13.4279,8.39818,13.2768,17.2051,19.9263,11.9471,9.2362,15.1065,9.10022,15.2124,12.656,7.99441,18.382,18.6225,17.3655,19.0471,8.03896,11.3611,19.1259,20.8953,15.0765,16.3214,17.0774,12.5128,15.6416,1.86533,10.964,13.0024,13.7356,9.13652,
mu: 
srcDuals: 
fixing. lower bound used: 437.424
percent fixed: 1.55964
fixing. lower bound used: 322.71
fixed path dual: -99.7935
best alpha: 0.01
0:0
1:0.0153814
2:0.19414
3:0.0390216
4:0.0748513
5:0.175594
6:0.0888938
7:0.095827
8:0.111377
9:0.115394
10:0.00253974
11:0.0909022
12:0.19114
13:0.181903
14:0.118196
15:0.0830819
16:0.0690737
17:0.0218547
18:0.278005
19:0.0583904
20:0.159683
21:0.0398478
22:0.0446005
23:0.0596221
24:0.0169466
25:0.181316
26:0.0314671
27:0.106596
28:0.0756392
29:0.0595351
30:0.16566
31:0.0507294
32:0.0526817
33:0.107631
34:0.129911
35:0.045529
36:0.063729
37:0.050675
38:0.106358
39:0.103183
40:0.0146092
41:0.0983293
42:0.0803888
43:0.0830565
44:0.069963
45:0.0730608
46:0.0326727
47:0.170019
48:0.125644
49:0.121834
50:-0.00135336
alpha: 54.4792
lagLB: 430.714
stepSizeMultiplier: 1.28615
targetLowerBound: 513.085
||gamma||^2: 0.576809
lambda: 0,10.0515,31.1957,16.1438,13.2147,23.4435,15.4125,19.8911,22.2945,14.7887,10.4279,16.6551,26.1553,30.6523,20.7204,14.87,15.992,6.61509,36.9759,16.2587,28.5853,15.0028,13.3895,15.895,17.5716,28.9654,13.0798,14.8605,21.2079,11.7138,23.4254,14.805,11.8293,24.5885,24.9492,20.823,25.0477,10.1851,16.4452,25.0977,21.1385,19.737,20.0353,20.9321,16.7318,21.0793,3.0616,19.407,19.1041,20.6915,8.53749,
mu: 
srcDuals: 
lambda: 0,6.60182,21.4801,11.4468,9.79299,13.6511,11.2499,15.3627,16.9456,9.22787,9.7663,12.3865,15.5426,21.5823,15.0118,9.95875,12.8751,4.93436,22.8354,13.7055,19.1048,13.4279,8.39818,13.2768,17.2051,19.9263,11.9471,9.2362,15.1065,9.10022,15.2124,12.656,7.99441,18.382,18.6225,17.3655,19.0471,8.03896,11.3611,19.1259,20.8953,15.0765,16.3214,17.0774,12.5128,15.6416,1.86533,10.964,13.0024,13.7356,9.13652,
mu: 
srcDuals: 
fixing. lower bound used: 454.482
percent fixed: 5.97505
fixing. lower bound used: 322.71
fixed path dual: -99.6359
best alpha: 0.01
0:0
1:0.0252276
2:0.202198
3:0.0486314
4:0.0841028
5:0.103838
6:0.0980049
7:0.104869
8:0.120263
9:0.00423999
10:0.0125143
11:0.0899932
12:0.179229
13:0.190084
14:0.127014
15:0.0922511
16:0.0783829
17:0.0316361
18:0.285225
19:0.0678065
20:0.168087
21:0.0494493
22:0.0541545
23:0.0690259
24:0.0267772
25:0.189503
26:0.0411524
27:0.11553
28:0.0848828
29:0.0689398
30:0.0940036
31:0.0602222
32:0.0621548
33:0.116555
34:0.128611
35:0.0550737
36:0.0730917
37:0.0601682
38:0.0352945
39:0.112151
40:0.0244631
41:0.107346
42:0.0895849
43:0.0922259
44:0.0792634
45:0.0823302
46:0.012346
47:0.178319
48:0.134387
49:0.0706157
50:0.00866017
alpha: 55.8996
lagLB: 433.468
stepSizeMultiplier: 1.28615
targetLowerBound: 513.085
||gamma||^2: 0.562153
lambda: 0,7.43979,32.0567,13.5726,13.8708,23.2174,16.0927,20.5832,23.0133,15.5144,9.90466,17.3388,25.9558,31.4922,21.451,14.485,16.6382,6.12499,37.9808,16.8866,27.8042,15.5988,10.828,16.525,18.1283,29.8043,13.6614,15.0435,19.2273,12.3437,24.2375,15.4197,10.8645,24.2457,25.6999,19.8459,22.519,10.7997,17.1554,24.7472,21.6912,20.4334,20.701,21.6023,16.3243,19.6219,3.64531,20.2265,19.8474,20.373,9.06279,
mu: 
srcDuals: 
lambda: 0,6.60182,21.4801,11.4468,9.79299,13.6511,11.2499,15.3627,16.9456,9.22787,9.7663,12.3865,15.5426,21.5823,15.0118,9.95875,12.8751,4.93436,22.8354,13.7055,19.1048,13.4279,8.39818,13.2768,17.2051,19.9263,11.9471,9.2362,15.1065,9.10022,15.2124,12.656,7.99441,18.382,18.6225,17.3655,19.0471,8.03896,11.3611,19.1259,20.8953,15.0765,16.3214,17.0774,12.5128,15.6416,1.86533,10.964,13.0024,13.7356,9.13652,
mu: 
srcDuals: 
fixing. lower bound used: 431.908
percent fixed: 1.28445
fixing. lower bound used: 322.71
fixed path dual: -96.5535
best alpha: 0.01
0:0
1:0.0349753
2:0.210176
3:0.0581451
4:0.0632617
5:0.1128
6:0.107025
7:0.11382
8:0.129061
9:0.0141976
10:0.0123892
11:0.0990933
12:0.157437
13:0.198183
14:0.135744
15:0.00132855
16:0.0875991
17:-0.0186802
18:0.292372
19:0.0771284
20:0.176406
21:0.0589548
22:0.063613
23:0.0783356
24:0.0365094
25:0.197608
26:0.0507409
27:0.124375
28:0.094034
29:0.0782504
30:0.103064
31:0.0696199
32:0.0715333
33:0.0253894
34:0.137325
35:0.064523
36:0.0823608
37:-0.0304335
38:0.0449416
39:0.0710292
40:0.0342185
41:0.116273
42:0.0986891
43:0.101304
44:0.0884708
45:-0.0284931
46:0.0222225
47:0.166536
48:0.143044
49:0.0799095
50:0.0185736
alpha: 54.6854
lagLB: 453.336
stepSizeMultiplier: 1.28615
targetLowerBound: 513.085
||gamma||^2: 0.574635
lambda: 0,8.01203,32.7829,14.1652,14.4943,19.4556,16.7283,21.2248,23.6683,9.46489,10.4658,17.4171,25.5614,32.2079,22.1118,15.1155,17.2567,6.70281,38.7793,17.4959,28.5007,16.1921,11.4254,17.1353,18.7019,30.5195,14.2475,15.6943,19.8514,12.9539,20.4672,16.0224,11.4688,24.8974,25.8118,20.4441,23.1329,11.4023,13.334,25.3951,22.2628,21.0771,21.3292,22.2328,16.9436,20.2438,2.55546,20.9319,20.5146,17.683,9.62062,
mu: 
srcDuals: 
lambda: 0,6.60182,21.4801,11.4468,9.79299,13.6511,11.2499,15.3627,16.9456,9.22787,9.7663,12.3865,15.5426,21.5823,15.0118,9.95875,12.8751,4.93436,22.8354,13.7055,19.1048,13.4279,8.39818,13.2768,17.2051,19.9263,11.9471,9.2362,15.1065,9.10022,15.2124,12.656,7.99441,18.382,18.6225,17.3655,19.0471,8.03896,11.3611,19.1259,20.8953,15.0765,16.3214,17.0774,12.5128,15.6416,1.86533,10.964,13.0024,13.7356,9.13652,
mu: 
srcDuals: 
fixing. lower bound used: 437.924
percent fixed: 1.51116
fixing. lower bound used: 322.71
fixed path dual: -97.2662
best alpha: 0.01
0:0
1:0.0446256
2:0.138075
3:0.0675636
4:0.0726291
5:0.121672
6:0.115955
7:0.122682
8:0.11777
9:0.0240556
10:0.0222653
11:0.0881023
12:0.165862
13:0.206201
14:0.144386
15:0.0113153
16:0.0867231
17:-0.00849343
18:0.299449
19:0.0863571
20:0.184642
21:-0.0216347
22:0.0629768
23:0.0875523
24:0.0461443
25:0.205632
26:0.0502335
27:0.103131
28:0.0830936
29:-0.00253212
30:0.112033
31:0.0589237
32:0.030818
33:0.0351355
34:0.095952
35:0.0738777
36:0.0915372
37:-0.0201291
38:0.0544921
39:0.0803189
40:0.0438763
41:0.12511
42:0.107702
43:0.110291
44:0.0975861
45:-0.0182082
46:0.0320003
47:0.17487
48:0.131613
49:0.0891104
50:0.0283878
alpha: 55.7909
lagLB: 435.303
stepSizeMultiplier: 1.28615
targetLowerBound: 513.085
||gamma||^2: 0.563249
lambda: 0,8.51446,32.9736,14.6265,13.2525,19.8196,17.1025,21.587,24.0033,10.0043,10.4438,17.8055,24.1521,32.42,22.435,10.0314,17.6655,3.91283,38.8238,17.9233,28.7516,16.6519,11.8769,17.5606,19.2016,30.7326,14.7219,16.0377,20.2488,13.3794,20.8485,16.4632,11.9062,19.7704,26.1321,20.894,23.551,6.3747,13.8187,23.0102,22.7665,21.4349,21.7183,22.6173,17.3508,14.0834,3.08058,20.0711,20.8248,18.1054,10.1522,
mu: 
srcDuals: 
lambda: 0,6.60182,21.4801,11.4468,9.79299,13.6511,11.2499,15.3627,16.9456,9.22787,9.7663,12.3865,15.5426,21.5823,15.0118,9.95875,12.8751,4.93436,22.8354,13.7055,19.1048,13.4279,8.39818,13.2768,17.2051,19.9263,11.9471,9.2362,15.1065,9.10022,15.2124,12.656,7.99441,18.382,18.6225,17.3655,19.0471,8.03896,11.3611,19.1259,20.8953,15.0765,16.3214,17.0774,12.5128,15.6416,1.86533,10.964,13.0024,13.7356,9.13652,
mu: 
srcDuals: 
fixing. lower bound used: 437.55
percent fixed: 1.33352
fixing. lower bound used: 322.71
fixed path dual: -99.1073
best alpha: 0.02
0:0
1:0.0637331
2:0.155313
3:0.0862123
4:0.0511765
5:0.139238
6:0.0936355
7:0.100228
8:0.135415
9:0.0435745
10:0.04182
11:0.10634
12:0.182545
13:0.0820773
14:0.101498
15:0.031089
16:0.104989
17:0.0116764
18:0.25346
19:0.00462998
20:0.200949
21:-0.00120204
22:0.0817173
23:0.0658012
24:0.0252214
25:0.161519
26:0.0692288
27:0.101068
28:0.101432
29:0.0175185
30:0.129792
31:0.0777453
32:0.0502016
33:0.0544328
34:0.114033
35:0.0924002
36:0.109706
37:0.000273454
38:0.0734023
39:0.0987125
40:-0.0770012
41:0.142608
42:0.0655481
43:0.0880848
44:0.0956343
45:0.00215597
46:0.0513603
47:0.171373
48:0.128981
49:0.107328
50:0.0478201
alpha: 59.6058
lagLB: 427.35
stepSizeMultiplier: 1.28615
targetLowerBound: 513.085
||gamma||^2: 0.527199
lambda: 0,9.09152,29.1834,15.2162,13.845,20.4393,17.7191,22.2072,23.5161,10.57,11.0085,17.3018,24.7962,33.0864,23.0672,10.59,17.7134,4.46051,39.5418,18.5234,29.4061,12.2209,11.9117,18.1614,19.7795,31.3987,14.7497,14.99,19.7424,8.95895,21.4628,15.9434,9.71377,20.3422,23.9757,21.4873,24.154,6.91594,14.4013,23.607,23.3432,22.0565,22.3302,23.2306,17.9572,14.6257,3.65065,20.7202,20.3452,18.7071,10.7203,
mu: 
srcDuals: 
lambda: 0,6.60182,21.4801,11.4468,9.79299,13.6511,11.2499,15.3627,16.9456,9.22787,9.7663,12.3865,15.5426,21.5823,15.0118,9.95875,12.8751,4.93436,22.8354,13.7055,19.1048,13.4279,8.39818,13.2768,17.2051,19.9263,11.9471,9.2362,15.1065,9.10022,15.2124,12.656,7.99441,18.382,18.6225,17.3655,19.0471,8.03896,11.3611,19.1259,20.8953,15.0765,16.3214,17.0774,12.5128,15.6416,1.86533,10.964,13.0024,13.7356,9.13652,
mu: 
srcDuals: 
fixing. lower bound used: 433.058
percent fixed: 1.14643
fixing. lower bound used: 322.71
fixed path dual: -106.812
best alpha: 0.01
0:0
1:-0.0169043
2:0.16376
3:0.0453502
4:0.0606648
5:0.147846
6:0.102699
7:0.109226
8:0.134061
9:0.0531388
10:0.0514018
11:0.115277
12:0.190719
13:0.0912565
14:0.110483
15:0.0407781
16:0.113939
17:0.0215597
18:0.260925
19:0.0145837
20:0.128939
21:0.00880998
22:0.000900123
23:0.0751432
24:0.0349692
25:0.169904
26:0.0685365
27:0.0900576
28:0.0504174
29:0.0273433
30:0.138494
31:0.0769678
32:0.0496996
33:0.0638884
34:0.122893
35:0.0414762
36:0.0186093
37:0.0102707
38:0.0826683
39:0.107725
40:-0.0662312
41:0.151182
42:0.0748926
43:0.0972039
44:0.104678
45:0.0121344
46:0.0408467
47:0.179659
48:0.127691
49:0.116255
50:0.0573419
alpha: 61.5457
lagLB: 403.579
stepSizeMultiplier: 1.28615
targetLowerBound: 513.085
||gamma||^2: 0.510582
lambda: 0,10.4007,30.7376,16.5855,12.8434,21.9505,16.8311,21.3368,25.0171,11.8252,12.259,18.725,26.4233,26.4746,21.0617,11.8118,19.133,5.63035,37.943,13.9815,31.0825,13.3563,13.269,17.1989,18.7084,29.5538,16.0735,15.2604,21.1524,10.1444,22.9488,17.2901,10.9867,21.6265,25.4195,22.8731,25.5862,8.05526,15.7363,25.0098,16.3056,23.5768,20.2285,22.3278,18.2131,15.7701,4.9267,21.1788,20.6904,20.1329,11.9869,
mu: 
srcDuals: 
lambda: 0,6.60182,21.4801,11.4468,9.79299,13.6511,11.2499,15.3627,16.9456,9.22787,9.7663,12.3865,15.5426,21.5823,15.0118,9.95875,12.8751,4.93436,22.8354,13.7055,19.1048,13.4279,8.39818,13.2768,17.2051,19.9263,11.9471,9.2362,15.1065,9.10022,15.2124,12.656,7.99441,18.382,18.6225,17.3655,19.0471,8.03896,11.3611,19.1259,20.8953,15.0765,16.3214,17.0774,12.5128,15.6416,1.86533,10.964,13.0024,13.7356,9.13652,
mu: 
srcDuals: 
fixing. lower bound used: 434.698
percent fixed: 1.52669
fixing. lower bound used: 322.71
fixed path dual: -101.853
best alpha: 0.01
0:0
1:-0.00673523
2:0.172122
3:0.0548967
4:0.0700581
5:0.0763676
6:0.101672
7:0.118134
8:0.11272
9:0.0626074
10:-0.0191122
11:0.114124
12:0.168812
13:0.100344
14:0.119379
15:0.0503703
16:0.122799
17:0.0313441
18:0.268316
19:0.0244378
20:0.13765
21:0.0187219
22:0.0108911
23:0.0843918
24:0.0446195
25:0.178205
26:0.0478511
27:0.089157
28:0.0599133
29:0.0370699
30:0.0971094
31:0.0661981
32:0.0592026
33:0.0732495
34:0.131664
35:0.0510614
36:0.0284233
37:0.020168
38:0.0818416
39:0.0766481
40:-0.0555689
41:0.15967
42:0.0841437
43:0.106232
44:0.113631
45:0.0220131
46:0.0204382
47:0.187863
48:0.126414
49:0.0450924
50:0.0667685
alpha: 63.8482
lagLB: 426.604
stepSizeMultiplier: 1.28615
targetLowerBound: 513.085
||gamma||^2: 0.492169
lambda: 0,5.56143,31.5588,14.2379,13.5266,22.7504,17.5705,22.0851,25.1964,12.4983,12.9299,19.4813,27.2806,27.1987,21.8116,12.4685,19.8875,6.26127,38.8942,14.6031,27.0404,13.9701,8.45358,17.9015,19.3573,30.3832,16.1652,14.7789,18.2095,10.7831,23.7362,17.3931,11.0532,22.3141,26.186,19.9182,20.1924,8.67108,16.449,25.756,16.8191,24.3811,20.9308,23.0599,18.9552,16.3884,4.37927,22.0212,20.8613,20.8906,12.6657,
mu: 
srcDuals: 
lambda: 0,6.60182,21.4801,11.4468,9.79299,13.6511,11.2499,15.3627,16.9456,9.22787,9.7663,12.3865,15.5426,21.5823,15.0118,9.95875,12.8751,4.93436,22.8354,13.7055,19.1048,13.4279,8.39818,13.2768,17.2051,19.9263,11.9471,9.2362,15.1065,9.10022,15.2124,12.656,7.99441,18.382,18.6225,17.3655,19.0471,8.03896,11.3611,19.1259,20.8953,15.0765,16.3214,17.0774,12.5128,15.6416,1.86533,10.964,13.0024,13.7356,9.13652,
mu: 
srcDuals: 
fixing. lower bound used: 401.804
percent fixed: 0.394016
fixing. lower bound used: 322.71
fixed path dual: -102.509
best alpha: 0.01
0:0
1:0.00333212
2:0.170401
3:0.0643478
4:0.0793575
5:0.0856039
6:0.0806554
7:0.0569523
8:0.121593
9:0.0619813
10:-0.0089211
11:0.102983
12:0.177124
13:0.10934
14:0.118185
15:0.0598666
16:0.0915714
17:0.0410306
18:0.275633
19:0.0341935
20:0.146273
21:0.0285347
22:0.0207822
23:0.0135479
24:-0.0258267
25:0.186423
26:0.0573726
27:0.0682654
28:0.0693141
29:0.0466992
30:0.106138
31:0.0755361
32:0.0686106
33:0.082517
34:0.140347
35:0.0605508
36:0.038139
37:0.0299663
38:0.0910232
39:0.0858817
40:-0.0450132
41:0.168073
42:0.0933023
43:0.0251696
44:0.122495
45:0.0317929
46:0.0302338
47:0.195984
48:0.0851501
49:0.0546414
50:0.0561008
alpha: 64.7452
lagLB: 428.823
stepSizeMultiplier: 1.28615
targetLowerBound: 513.085
||gamma||^2: 0.48535
lambda: 0,6.17179,32.4698,14.9518,14.2661,18.5271,17.7414,22.9053,24.1425,13.2252,8.54602,19.6731,26.321,27.9891,22.6339,13.1748,20.7156,6.93563,39.9668,15.2658,27.8935,14.6233,9.09356,18.6651,20.0539,31.3044,15.0023,14.9287,18.9319,11.4671,21.4127,16.8826,11.7744,23.0589,27.029,20.6257,20.8618,9.32665,16.5865,24.0198,17.3473,25.2711,21.6939,23.8602,19.7679,17.0471,3.17027,22.9587,21.0737,16.6146,13.3996,
mu: 
srcDuals: 
lambda: 0,6.60182,21.4801,11.4468,9.79299,13.6511,11.2499,15.3627,16.9456,9.22787,9.7663,12.3865,15.5426,21.5823,15.0118,9.95875,12.8751,4.93436,22.8354,13.7055,19.1048,13.4279,8.39818,13.2768,17.2051,19.9263,11.9471,9.2362,15.1065,9.10022,15.2124,12.656,7.99441,18.382,18.6225,17.3655,19.0471,8.03896,11.3611,19.1259,20.8953,15.0765,16.3214,17.0774,12.5128,15.6416,1.86533,10.964,13.0024,13.7356,9.13652,
mu: 
srcDuals: 
fixing. lower bound used: 430.648
percent fixed: 1.17718
fixing. lower bound used: 322.71
fixed path dual: -101.854
best alpha: 0.02
0:0
1:0.0232655
2:0.186993
3:0.0830608
4:0.0177704
5:0.103892
6:0.0590423
7:0.0758133
8:0.139161
9:0.0807417
10:0.0112573
11:0.120923
12:0.153582
13:0.127154
14:0.0758211
15:0.0586693
16:0.10974
17:0.000210025
18:0.17012
19:0.0335096
20:0.163348
21:0.047964
22:0.0403666
23:0.0332769
24:-0.00531015
25:0.142695
26:0.0762252
27:0.0869001
28:0.0879278
29:0.0657652
30:0.124016
31:0.0940254
32:0.0872384
33:0.100867
34:0.15754
35:0.0793398
36:0.0573762
37:0.029367
38:0.109203
39:0.104164
40:-0.0241129
41:0.184712
42:0.0714362
43:0.0446662
44:0.100045
45:0.0511571
46:0.0296291
47:0.0720644
48:0.103447
49:0.0735486
50:0.0749788
alpha: 45.6584
lagLB: 430.512
stepSizeMultiplier: 0.848861
targetLowerBound: 513.085
||gamma||^2: 0.454241
lambda: 0,6.81756,32.5127,15.613,14.931,19.1936,16.4719,19.0501,24.8181,13.2409,9.1887,19.0542,27.0106,28.6616,22.6637,13.8348,18.8039,7.5909,40.6813,15.9194,28.5753,15.2754,9.74373,14.154,15.5329,31.9963,15.6617,13.6561,19.5943,12.1238,22.0844,17.5466,12.4366,23.7246,27.7093,21.2859,21.5164,9.97914,17.2544,24.6863,17.9809,25.9585,22.3623,18.7071,20.4437,17.7,3.82283,23.653,18.5155,17.2733,12.7688,
mu: 
srcDuals: 
lambda: 0,6.60182,21.4801,11.4468,9.79299,13.6511,11.2499,15.3627,16.9456,9.22787,9.7663,12.3865,15.5426,21.5823,15.0118,9.95875,12.8751,4.93436,22.8354,13.7055,19.1048,13.4279,8.39818,13.2768,17.2051,19.9263,11.9471,9.2362,15.1065,9.10022,15.2124,12.656,7.99441,18.382,18.6225,17.3655,19.0471,8.03896,11.3611,19.1259,20.8953,15.0765,16.3214,17.0774,12.5128,15.6416,1.86533,10.964,13.0024,13.7356,9.13652,
mu: 
srcDuals: 
fixing. lower bound used: 427.12
percent fixed: 0.943079
fixing. lower bound used: 322.71
fixed path dual: -86.4392
best alpha: 0.01
0:0
1:0.0330328
2:0.145123
3:0.0722302
4:0.0275927
5:0.112853
6:0.0684519
7:0.0850551
8:0.127769
9:0.0899343
10:0.0211448
11:0.089714
12:0.162046
13:0.135882
14:0.0850629
15:0.0680826
16:0.0886426
17:0.0102079
18:0.178419
19:0.0431745
20:0.161714
21:-0.0225157
22:0.0499629
23:0.0429441
24:0.00474295
25:0.151268
26:0.0554629
27:0.0860311
28:0.0670486
29:-0.00489243
30:0.132775
31:0.0730852
32:0.076366
33:0.109858
34:0.145965
35:0.0785464
36:0.0568025
37:0.0390733
38:0.108111
39:0.113122
40:-0.0138718
41:0.192864
42:0.0807219
43:0.0542195
44:0.109045
45:0.0606455
46:0.0193328
47:0.0813437
48:0.0924126
49:0.0828131
50:0.044229
alpha: 47.439
lagLB: 439.877
stepSizeMultiplier: 0.848861
targetLowerBound: 513.085
||gamma||^2: 0.437191
lambda: 0,7.66408,30.0179,15.2392,10.6044,18.3947,13.9456,18.8242,23.2994,12.9144,10.2803,17.9077,22.5549,27.3879,18.4736,12.6375,17.8856,4.94395,30.6028,15.2355,26.563,15.6179,10.2412,14.7962,16.9626,26.4415,15.4274,13.2039,19.1211,12.103,20.8748,16.9491,11.9776,22.9874,25.8155,20.9881,21.6668,9.37981,16.3471,23.8819,19.7943,23.5102,19.5831,19.1168,17.0807,17.9773,3.21815,14.2543,17.7256,17.0937,12.5599,
mu: 
srcDuals: 
lambda: 0,6.60182,21.4801,11.4468,9.79299,13.6511,11.2499,15.3627,16.9456,9.22787,9.7663,12.3865,15.5426,21.5823,15.0118,9.95875,12.8751,4.93436,22.8354,13.7055,19.1048,13.4279,8.39818,13.2768,17.2051,19.9263,11.9471,9.2362,15.1065,9.10022,15.2124,12.656,7.99441,18.382,18.6225,17.3655,19.0471,8.03896,11.3611,19.1259,20.8953,15.0765,16.3214,17.0774,12.5128,15.6416,1.86533,10.964,13.0024,13.7356,9.13652,
mu: 
srcDuals: 
fixing. lower bound used: 362.805
percent fixed: 0.047242
fixing. lower bound used: 322.71
fixed path dual: -82.0739
best alpha: 0.01
0:0
1:0.0427025
2:0.153672
3:0.0815079
4:0.0373168
5:0.111724
6:0.0777674
7:0.0942046
8:0.136492
9:0.0490349
10:-0.0090667
11:0.0788169
12:0.140425
13:0.144523
14:0.0942123
15:0.0374017
16:0.0977561
17:0.0201058
18:0.186635
19:0.0527428
20:0.170097
21:-0.0122905
22:0.0594633
23:0.0525147
24:0.0146955
25:0.159755
26:0.0649083
27:0.0951708
28:0.0763781
29:0.00515649
30:0.111448
31:0.0823543
32:0.0856023
33:0.0787595
34:0.144505
35:0.0877609
36:0.0662345
37:0.0086826
38:0.0670296
39:0.0619912
40:-0.00373309
41:0.200936
42:0.0899147
43:0.0636773
44:0.0879541
45:0.0200391
46:0.0191395
47:0.0905303
48:0.101488
49:0.061985
50:0.0437867
alpha: 48.6495
lagLB: 463.257
stepSizeMultiplier: 0.848861
targetLowerBound: 513.085
||gamma||^2: 0.426313
lambda: 0,8.16886,28.3646,14.8733,11.102,19.0048,14.4971,19.3976,23.0068,13.4943,10.7694,16.6425,23.2299,28.0284,19.0471,13.1885,17.0802,5.41862,31.2994,15.7537,26.7764,12.3598,10.7684,15.314,17.4301,27.1023,14.5782,13.3174,18.2872,8.86813,21.5112,16.1231,11.6171,23.5936,25.5469,21.0917,21.7417,9.89256,16.4898,24.4923,20.2372,24.2258,20.1508,19.6496,17.6857,18.5186,2.78246,14.8229,17.3864,17.6641,11.2347,
mu: 
srcDuals: 
lambda: 0,6.60182,21.4801,11.4468,9.79299,13.6511,11.2499,15.3627,16.9456,9.22787,9.7663,12.3865,15.5426,21.5823,15.0118,9.95875,12.8751,4.93436,22.8354,13.7055,19.1048,13.4279,8.39818,13.2768,17.2051,19.9263,11.9471,9.2362,15.1065,9.10022,15.2124,12.656,7.99441,18.382,18.6225,17.3655,19.0471,8.03896,11.3611,19.1259,20.8953,15.0765,16.3214,17.0774,12.5128,15.6416,1.86533,10.964,13.0024,13.7356,9.13652,
mu: 
srcDuals: 
fixing. lower bound used: 441.431
percent fixed: 1.98521
fixing. lower bound used: 322.71
fixed path dual: -85.2951
best alpha: 0.01
0:0
1:0.0222755
2:0.152135
3:0.0806928
4:0.0469436
5:0.120607
6:0.0869897
7:0.103263
8:0.0651268
9:0.0585446
10:0.00102397
11:0.0880287
12:0.149021
13:0.153078
14:0.10327
15:0.0470277
16:0.106779
17:0.0299048
18:0.194768
19:0.0622153
20:0.168396
21:-0.00216761
22:0.0288686
23:0.0619895
24:0.0245486
25:0.168158
26:-0.00574079
27:0.0642191
28:0.0156143
29:0.0151049
30:0.120333
31:0.00153077
32:0.0647463
33:0.0879719
34:0.15306
35:0.0868833
36:0.0655721
37:0.0185958
38:0.0763593
39:0.0713713
40:0.00630424
41:0.208926
42:0.0990155
43:0.0730406
44:0.0970746
45:0.0298387
46:0.0189481
47:0.099625
48:0.0504736
49:0.0713651
50:0.0533488
alpha: 49.0781
lagLB: 447.596
stepSizeMultiplier: 0.848861
targetLowerBound: 513.085
||gamma||^2: 0.42259
lambda: 0,8.67927,28.9561,15.4121,11.6084,19.0865,15.0332,19.9457,23.5858,11.6134,9.32521,16.2209,22.3742,28.6133,19.5952,11.7783,17.6309,5.9125,31.915,16.2714,27.3799,12.83,11.291,15.8316,17.92,27.6983,15.1049,13.8662,18.8223,9.35108,20.6343,16.6625,12.1589,22.2136,25.6526,21.6351,22.2693,8.46137,14.622,22.1418,20.7137,24.852,20.6957,20.1753,16.7917,16.6165,2.79646,15.3682,17.9398,16.7511,11.2667,
mu: 
srcDuals: 
lambda: 0,6.60182,21.4801,11.4468,9.79299,13.6511,11.2499,15.3627,16.9456,9.22787,9.7663,12.3865,15.5426,21.5823,15.0118,9.95875,12.8751,4.93436,22.8354,13.7055,19.1048,13.4279,8.39818,13.2768,17.2051,19.9263,11.9471,9.2362,15.1065,9.10022,15.2124,12.656,7.99441,18.382,18.6225,17.3655,19.0471,8.03896,11.3611,19.1259,20.8953,15.0765,16.3214,17.0774,12.5128,15.6416,1.86533,10.964,13.0024,13.7356,9.13652,
mu: 
srcDuals: 
fixing. lower bound used: 458.612
percent fixed: 8.49583
fixing. lower bound used: 322.71
fixed path dual: -82.2387
best alpha: 0.01
0:0
1:0.0320527
2:0.140614
3:0.0598859
4:0.0564742
5:0.129401
6:0.0761198
7:0.11223
8:0.0744755
9:0.0679591
10:0.0110137
11:0.0971484
12:0.157531
13:0.141547
14:0.0922375
15:0.0565574
16:0.0957108
17:0.0196057
18:0.202821
19:0.0515932
20:0.116712
21:0.00785407
22:0.03858
23:0.0713696
24:0.0343031
25:0.156476
26:0.00431662
27:0.0735769
28:0.0254582
29:0.00495388
30:0.12913
31:0.0115155
32:0.0540988
33:0.0970921
34:0.161529
35:0.0360145
36:0.0149164
37:0.0284098
38:0.0855957
39:0.0806575
40:0.0162412
41:0.196837
42:0.0880254
43:0.0823102
44:0.0861038
45:0.0395403
46:0.00875864
47:0.108629
48:0.0599688
49:0.0806515
50:0.0628153
alpha: 51.3096
lagLB: 458.71
stepSizeMultiplier: 0.848861
targetLowerBound: 513.085
||gamma||^2: 0.404211
lambda: 0,7.69506,28.9466,15.407,12.0969,19.5703,15.5191,20.4306,20.1419,12.1011,9.81655,16.7068,22.8563,29.0951,20.0801,12.2668,18.1156,6.40203,32.3942,16.7589,27.3694,13.3215,9.815,16.3191,18.4099,28.1792,11.6654,12.3879,15.8728,9.84154,21.1181,12.7311,11.172,22.6995,26.1344,21.6296,22.2652,8.95161,15.1087,22.6287,21.2047,25.3302,21.1809,20.6621,17.277,17.106,2.79527,15.8534,15.4796,17.238,11.7548,
mu: 
srcDuals: 
lambda: 0,6.60182,21.4801,11.4468,9.79299,13.6511,11.2499,15.3627,16.9456,9.22787,9.7663,12.3865,15.5426,21.5823,15.0118,9.95875,12.8751,4.93436,22.8354,13.7055,19.1048,13.4279,8.39818,13.2768,17.2051,19.9263,11.9471,9.2362,15.1065,9.10022,15.2124,12.656,7.99441,18.382,18.6225,17.3655,19.0471,8.03896,11.3611,19.1259,20.8953,15.0765,16.3214,17.0774,12.5128,15.6416,1.86533,10.964,13.0024,13.7356,9.13652,
mu: 
srcDuals: 
fixing. lower bound used: 443.429
percent fixed: 2.02865
fixing. lower bound used: 322.71
fixed path dual: -82.9918
best alpha: 0.01
0:0
1:0.0417322
2:0.149208
3:0.069287
4:0.0659094
5:0.098107
6:0.0853586
7:0.121108
8:0.0837307
9:-0.00272047
10:0.0209036
11:0.0661769
12:0.145956
13:0.150132
14:0.101315
15:0.0659919
16:0.0747537
17:0.0294097
18:0.210792
19:0.0610772
20:0.125545
21:0.00777553
22:0.0481942
23:0.0806559
24:0.0439601
25:0.164911
26:0.0142735
27:0.0828411
28:0.0352036
29:0.0149043
30:0.0978386
31:0.0214003
32:0.0635578
33:0.106121
34:0.109914
35:0.0456543
36:0.0247672
37:0.0381257
38:0.0547397
39:0.089851
40:0.0260788
41:0.204869
42:0.0971451
43:0.091487
44:0.0952428
45:0.0491449
46:0.00867106
47:0.117542
48:0.0693691
49:0.049845
50:0.00218717
alpha: 52.1472
lagLB: 461.928
stepSizeMultiplier: 0.848861
targetLowerBound: 513.085
||gamma||^2: 0.397719
lambda: 0,8.24643,28.6949,14.5195,12.6907,20.2906,15.1555,21.1211,20.7669,12.7148,10.3314,17.3712,23.6255,28.845,19.7444,12.8607,17.786,5.94033,33.242,16.3527,25.0932,13.8309,10.3777,16.9387,18.9652,27.955,12.1686,13.0114,16.4127,9.3544,21.838,13.2469,10.7702,23.3638,26.9105,19.2134,19.8124,9.49666,15.753,23.2644,21.7286,25.1762,20.838,21.3007,16.9307,17.6704,2.31473,16.5377,16.0794,17.8738,12.3596,
mu: 
srcDuals: 
lambda: 0,6.60182,21.4801,11.4468,9.79299,13.6511,11.2499,15.3627,16.9456,9.22787,9.7663,12.3865,15.5426,21.5823,15.0118,9.95875,12.8751,4.93436,22.8354,13.7055,19.1048,13.4279,8.39818,13.2768,17.2051,19.9263,11.9471,9.2362,15.1065,9.10022,15.2124,12.656,7.99441,18.382,18.6225,17.3655,19.0471,8.03896,11.3611,19.1259,20.8953,15.0765,16.3214,17.0774,12.5128,15.6416,1.86533,10.964,13.0024,13.7356,9.13652,
mu: 
srcDuals: 
fixing. lower bound used: 464.723
percent fixed: 15.4054
fixing. lower bound used: 322.71
fixed path dual: -85.8057
best alpha: 0.01
0:0
1:0.0513149
2:0.157716
3:0.0785942
4:0.0552503
5:0.107126
6:0.064505
7:0.0898966
8:0.0928934
9:0.00730673
10:0.0306946
11:0.0755151
12:0.154496
13:0.128631
14:0.100302
15:0.0653319
16:0.0840061
17:0.00911558
18:0.218684
19:0.0204665
20:0.13429
21:0.0176978
22:0.0577122
23:0.0398494
24:0.0135205
25:0.163262
26:0.0241307
27:0.0820127
28:0.0448515
29:0.0247553
30:0.10686
31:0.0311863
32:0.0729223
33:0.11506
34:0.118815
35:0.0551978
36:0.0345196
37:0.0177445
38:0.0641923
39:0.0989525
40:0.035818
41:0.18282
42:0.0361736
43:0.0605722
44:0.0542904
45:0.0586534
46:0.0185843
47:0.126367
48:0.0686755
49:0.0593465
50:0.0121653
alpha: 54.5434
lagLB: 450.083
stepSizeMultiplier: 0.848861
targetLowerBound: 513.085
||gamma||^2: 0.380246
lambda: 0,8.77804,29.2608,15.0599,13.23,18.7671,15.7011,21.6781,21.3119,9.08601,10.8564,15.8375,23.1538,29.4112,20.2951,13.4,16.7733,6.468,33.8276,16.8905,25.6516,13.8334,10.9114,17.4828,19.4975,28.526,12.6914,13.5561,16.9423,9.87744,20.3144,13.772,11.3088,23.9159,24.3542,19.7463,20.3386,10.0271,14.2156,23.8114,22.2552,25.7599,21.3873,21.8482,17.4794,18.2044,2.3175,17.0935,16.6198,16.3348,9.25058,
mu: 
srcDuals: 
lambda: 0,6.60182,21.4801,11.4468,9.79299,13.6511,11.2499,15.3627,16.9456,9.22787,9.7663,12.3865,15.5426,21.5823,15.0118,9.95875,12.8751,4.93436,22.8354,13.7055,19.1048,13.4279,8.39818,13.2768,17.2051,19.9263,11.9471,9.2362,15.1065,9.10022,15.2124,12.656,7.99441,18.382,18.6225,17.3655,19.0471,8.03896,11.3611,19.1259,20.8953,15.0765,16.3214,17.0774,12.5128,15.6416,1.86533,10.964,13.0024,13.7356,9.13652,
mu: 
srcDuals: 
fixing. lower bound used: 460.035
percent fixed: 9.47981
fixing. lower bound used: 322.71
fixed path dual: -82.3117
best alpha: 0.01
0:0
1:0.0608017
2:0.166139
3:0.0878082
4:0.0646978
5:0.0960547
6:0.07386
7:0.0989976
8:0.101965
9:0.0172337
10:-0.0196124
11:0.08476
12:0.122951
13:0.137344
14:0.109299
15:-0.0153214
16:0.0931661
17:-0.0109756
18:0.226498
19:0.0302618
20:0.142947
21:0.0275208
22:0.0671351
23:0.0494509
24:0.0233852
25:0.171629
26:0.0338894
27:0.0911926
28:0.054403
29:0.0345077
30:0.115792
31:0.0408744
32:0.082193
33:0.0239094
34:0.127627
35:0.0646458
36:0.0441744
37:-0.022433
38:0.0735504
39:0.0279629
40:0.0454598
41:0.190992
42:0.0458119
43:0.0699665
44:0.0637475
45:-0.0319331
46:0.0183985
47:0.135103
48:0.0779887
49:0.0587531
50:0.0220437
alpha: 52.422
lagLB: 471.165
stepSizeMultiplier: 0.848861
targetLowerBound: 513.085
||gamma||^2: 0.395634
lambda: 0,9.40071,30.0824,15.7336,12.8065,19.4941,14.7682,20.2659,22.0123,9.62641,11.4405,16.5054,23.9694,28.5982,20.4826,13.5222,17.4571,5.43156,34.7631,14.8218,26.4294,14.3932,11.546,15.4503,17.9425,28.8312,13.2633,13.7094,17.5529,10.4505,21.0409,14.357,11.9718,24.6578,25.103,20.3762,20.9299,9.00681,14.8624,24.5231,22.8489,25.0482,18.2945,20.3813,15.4739,18.8408,2.87898,17.8565,16.7482,16.9725,9.80006,
mu: 
srcDuals: 
lambda: 0,6.60182,21.4801,11.4468,9.79299,13.6511,11.2499,15.3627,16.9456,9.22787,9.7663,12.3865,15.5426,21.5823,15.0118,9.95875,12.8751,4.93436,22.8354,13.7055,19.1048,13.4279,8.39818,13.2768,17.2051,19.9263,11.9471,9.2362,15.1065,9.10022,15.2124,12.656,7.99441,18.382,18.6225,17.3655,19.0471,8.03896,11.3611,19.1259,20.8953,15.0765,16.3214,17.0774,12.5128,15.6416,1.86533,10.964,13.0024,13.7356,9.13652,
mu: 
srcDuals: 
fixing. lower bound used: 453.695
percent fixed: 6.29555
fixing. lower bound used: 322.71
fixed path dual: -83.5929
best alpha: 0.01
0:0
1:0.000193701
2:0.144477
3:0.0269301
4:0.0740508
5:0.105094
6:0.0831214
7:0.108008
8:0.110945
9:0.0270613
10:-0.00941626
11:0.0839124
12:0.131722
13:0.145971
14:0.118206
15:-0.00516816
16:0.102234
17:-0.000865815
18:0.234233
19:0.0399592
20:0.101517
21:0.0372456
22:0.00646374
23:0.0589564
24:0.0331514
25:0.179913
26:0.0435505
27:0.0802807
28:0.013859
29:0.0341627
30:0.124634
31:0.0504657
32:0.0313711
33:0.0336703
34:0.136351
35:0.0139994
36:-0.0162674
37:-0.0122087
38:0.0828149
39:0.0376833
40:0.0550052
41:0.199082
42:0.0553538
43:0.0792668
44:0.07311
45:-0.0216138
46:0.00821452
47:0.143752
48:0.0872088
49:0.0681655
50:0.0318232
alpha: 52.5971
lagLB: 450.456
stepSizeMultiplier: 0.848861
targetLowerBound: 513.085
||gamma||^2: 0.394317
lambda: 0,9.78916,30.1894,16.0499,13.1846,18.6865,15.1217,20.5523,22.2908,10.1313,8.73818,16.8298,21.988,28.7821,20.7414,9.15557,17.759,4.359,34.7088,15.2919,26.5983,14.8706,11.9175,15.8691,18.431,28.9235,13.7237,14.0167,17.9584,10.9092,21.2824,14.7987,12.3031,19.6354,25.3129,20.7544,21.3628,6.86298,15.2167,20.5918,23.2784,25.0887,18.723,20.7452,15.8545,13.9676,2.82982,18.0464,17.0907,16.8155,10.2921,
mu: 
srcDuals: 
lambda: 0,6.60182,21.4801,11.4468,9.79299,13.6511,11.2499,15.3627,16.9456,9.22787,9.7663,12.3865,15.5426,21.5823,15.0118,9.95875,12.8751,4.93436,22.8354,13.7055,19.1048,13.4279,8.39818,13.2768,17.2051,19.9263,11.9471,9.2362,15.1065,9.10022,15.2124,12.656,7.99441,18.382,18.6225,17.3655,19.0471,8.03896,11.3611,19.1259,20.8953,15.0765,16.3214,17.0774,12.5128,15.6416,1.86533,10.964,13.0024,13.7356,9.13652,
mu: 
srcDuals: 
fixing. lower bound used: 454.325
percent fixed: 5.97651
fixing. lower bound used: 322.71
fixed path dual: -84.9174
best alpha: 0.01
0:0
1:0.0101918
2:0.153032
3:0.0366608
4:0.0333103
5:0.114043
6:0.0722902
7:0.116928
8:0.119835
9:0.0367907
10:0.000677898
11:0.0930733
12:0.140404
13:0.0945111
14:0.0870239
15:0.00488352
16:0.111212
17:0.00914284
18:0.24189
19:-0.000440406
20:0.110502
21:0.0468731
22:0.0163991
23:0.0683668
24:0.0428199
25:0.138114
26:0.053115
27:0.0894779
28:0.0237204
29:0.043821
30:0.133387
31:0.059961
32:0.0410574
33:0.0433336
34:0.144987
35:0.0238594
36:-0.00610471
37:-0.00208657
38:0.0919868
39:0.0473065
40:-0.0155448
41:0.127091
42:0.0548003
43:0.0884741
44:0.0823789
45:-0.0113976
46:0.0181324
47:0.142315
48:0.0963367
49:0.0774839
50:0.041505
alpha: 55.7456
lagLB: 437.873
stepSizeMultiplier: 0.848861
targetLowerBound: 513.085
||gamma||^2: 0.372046
lambda: 0,6.61201,29.0791,12.8632,13.6878,19.1788,15.6218,21.0435,22.7809,10.6512,9.27103,16.8001,22.4708,29.2599,21.2291,9.68692,18.2523,4.88882,35.1553,15.8072,24.4443,15.3869,8.73815,16.3777,18.9487,29.3892,14.2377,13.4587,15.8354,10.8971,21.7678,15.3104,9.64444,20.153,25.7941,18.1019,18.1915,7.39682,15.7169,21.1079,23.7884,25.5477,19.2329,21.2466,16.3581,14.5048,2.29739,18.5249,17.5893,17.3209,10.8103,
mu: 
srcDuals: 
lambda: 0,6.60182,21.4801,11.4468,9.79299,13.6511,11.2499,15.3627,16.9456,9.22787,9.7663,12.3865,15.5426,21.5823,15.0118,9.95875,12.8751,4.93436,22.8354,13.7055,19.1048,13.4279,8.39818,13.2768,17.2051,19.9263,11.9471,9.2362,15.1065,9.10022,15.2124,12.656,7.99441,18.382,18.6225,17.3655,19.0471,8.03896,11.3611,19.1259,20.8953,15.0765,16.3214,17.0774,12.5128,15.6416,1.86533,10.964,13.0024,13.7356,9.13652,
mu: 
srcDuals: 
fixing. lower bound used: 442.588
percent fixed: 2.24192
fixing. lower bound used: 322.71
fixed path dual: -87.0339
best alpha: 0.01
0:0
1:0.0200898
2:0.141502
3:0.0462942
4:0.0429772
5:0.102903
6:0.0815673
7:0.105758
8:0.128637
9:0.0464228
10:0.0106711
11:0.0721425
12:0.149
13:0.103566
14:0.0961536
15:0.0148347
16:0.0301
17:0.0190514
18:0.249471
19:0.009564
20:0.119397
21:-0.0235956
22:0.0262351
23:0.0676832
24:0.0323917
25:0.146733
26:0.0625839
27:0.0785831
28:0.0334832
29:-0.0166172
30:0.142053
31:0.0693614
32:0.0306468
33:0.0529003
34:0.103537
35:0.0336208
36:0.00395633
37:0.0079343
38:0.0710669
39:0.0568334
40:-0.00538938
41:0.13582
42:0.0642523
43:0.0775894
44:0.0915551
45:-0.00128367
46:0.027951
47:0.150892
48:0.0853734
49:0.086709
50:0.0110899
alpha: 57.383
lagLB: 438.814
stepSizeMultiplier: 0.848861
targetLowerBound: 513.085
||gamma||^2: 0.36143
lambda: 0,7.16996,30.011,13.4905,11.6499,20.0085,15.2797,21.8809,23.6259,11.2788,9.80409,17.575,23.3695,26.8509,19.863,10.231,19.0747,5.44404,36.3197,13.681,25.2648,16.0409,9.31235,17.0879,19.5921,27.6256,14.908,14.2242,16.4288,11.5431,22.6482,15.9986,10.2832,20.7977,26.7049,18.6956,18.7068,7.92265,16.4889,21.763,20.0287,22.1613,19.3763,22.0095,17.105,15.0062,2.87613,18.8974,18.3728,18.055,11.4502,
mu: 
srcDuals: 
lambda: 0,6.60182,21.4801,11.4468,9.79299,13.6511,11.2499,15.3627,16.9456,9.22787,9.7663,12.3865,15.5426,21.5823,15.0118,9.95875,12.8751,4.93436,22.8354,13.7055,19.1048,13.4279,8.39818,13.2768,17.2051,19.9263,11.9471,9.2362,15.1065,9.10022,15.2124,12.656,7.99441,18.382,18.6225,17.3655,19.0471,8.03896,11.3611,19.1259,20.8953,15.0765,16.3214,17.0774,12.5128,15.6416,1.86533,10.964,13.0024,13.7356,9.13652,
mu: 
srcDuals: 
fixing. lower bound used: 446.402
percent fixed: 3.77707
route with flow 0.121774 : 0,12,0, 11,579778,
route with flow 0.121774 : 0,27,0, 26,579793,
route with flow 0.088773 : 0,32,0, 31,579798,
route with flow 0.150338 : 0,46,0, 45,579812,
route with flow 0.109596 : 0,47,0, 46,579813,
route with flow 0.0208233 : 0,6,0, 5,579772,
route with flow 0.0199532 : 0,5,49,9,30,34,30,9,38,11,0, 4,13202,70795,120815,210362,335682,428637,482968,548037,592584,
route with flow 0.0380372 : 0,11,38,9,30,34,30,9,49,5,0, 10,9628,51647,98197,186112,311432,404387,459219,540029,592424,
route with flow 0.0135304 : 0,1,22,3,20,35,20,2,11,46,0, 0,315,4947,40709,160844,244589,379159,522265,578241,593238,
route with flow 0.0135304 : 0,5,49,9,50,34,30,9,49,5,46,0, 4,13202,70795,120835,168702,292081,384987,439878,523590,579349,593259,
route with flow 0.0135304 : 0,38,9,30,34,50,21,34,50,16,11,0, 37,4464,26062,96746,219301,270588,309883,432701,483425,548073,592584,
route with flow 0.0150338 : 0,1,22,28,3,20,35,20,3,22,1,0, 0,315,4971,34561,97168,228695,312489,447060,523944,556182,592725,
route with flow 0.0150338 : 0,5,49,9,50,34,30,9,50,16,11,0, 4,13202,70795,120835,168702,292081,384987,439879,488129,551662,592658,
route with flow 0.0150338 : 0,11,16,50,34,21,34,50,9,38,11,0, 10,9606,51589,94175,214472,256533,379351,430626,483112,548037,592584,
route with flow 0.0150338 : 0,32,2,20,35,20,3,28,22,1,0, 31,1962,82458,214145,297939,432510,510528,564449,578662,593231,
route with flow 0.0352644 : 0,1,22,31,28,3,20,35,20,3,22,1,0, 0,315,4974,26110,75890,147878,282045,365839,499521,564153,578662,593231,
route with flow 0.0167042 : 0,4,17,37,15,44,37,44,15,33,45,15,44,37,17,0, 3,702,2534,14441,41851,106264,149746,225476,275545,384488,435384,483259,551500,575415,593182,
route with flow 0.0167042 : 0,17,37,15,44,37,15,44,37,15,44,37,15,44,37,17,0, 16,85,2122,16322,67227,107844,154110,230492,275722,323764,400242,445472,492763,558219,577806,593229,
route with flow 0.0167042 : 0,18,4,17,37,44,15,33,45,15,44,37,17,0, 17,78025,121481,136543,178894,254576,304645,413588,464320,511706,568996,579649,593264,
route with flow 0.0167042 : 0,37,15,45,33,15,44,37,15,44,37,15,44,37,17,0, 36,799,10319,35465,128082,178264,254742,299972,348014,424492,469452,516296,571083,579746,593266,
route with flow 0.0185602 : 0,11,16,29,20,35,20,3,28,22,1,0, 10,9606,51568,77556,204445,288239,422810,501064,558493,576826,593185,
route with flow 0.0472322 : 0,14,25,13,41,19,42,44,15,37,17,0, 13,13227,113812,224385,354974,401944,463823,536339,569609,579649,593264,
route with flow 0.0185602 : 0,17,37,15,44,42,19,41,13,25,14,0, 16,85,2122,16322,67232,125173,168998,296817,408767,539041,592464,
route with flow 0.0895742 : 0,48,8,26,31,28,3,28,31,26,8,48,0, 47,6715,74356,108392,158607,226143,302990,371572,425501,460368,557518,592824,
route with flow 0.079179 : 0,5,49,10,39,33,45,33,10,49,5,0, 4,13202,70796,95536,158320,268088,319002,428201,456077,536005,592340,
route with flow 0.0206225 : 0,6,23,7,43,23,7,26,8,48,6,0, 5,4330,40746,119373,173201,249669,341400,378001,485877,557947,592796,
route with flow 0.0206225 : 0,23,7,26,8,31,8,26,7,23,6,0, 22,5490,54774,86089,190618,245887,355271,392696,481338,551444,592654,
route with flow 0.0206225 : 0,27,48,8,26,31,8,26,7,23,6,0, 26,4453,43959,142063,179318,231337,340721,378146,467082,540369,592425,
route with flow 0.0206225 : 0,48,8,26,31,8,26,7,23,48,6,0, 47,6715,74356,108392,158587,267971,305396,394553,472619,547641,592580,
route with flow 0.0085927 : 0,1,2,29,21,50,21,29,16,29,21,50,21,29,16,38,0, 0,295,61965,90713,126464,173539,212878,242597,313031,344306,382746,430589,469653,498772,558283,592816,
route with flow 0.0085927 : 0,11,16,29,21,50,21,29,16,29,21,50,21,29,16,11,0, 10,9606,51568,77557,112730,158989,198328,228047,298481,329756,368196,416039,455378,484516,547965,592584,
route with flow 0.0085927 : 0,16,29,21,50,21,29,16,29,21,50,21,29,16,29,21,50,16,0, 15,4385,14884,35870,72507,108050,136281,206331,237606,276046,323889,363228,392947,463239,493881,529902,564897,592958,
route with flow 0.0085927 : 0,38,16,29,21,50,21,29,16,29,21,50,21,29,16,11,46,0, 37,4471,37507,61521,94721,139877,178928,208647,279081,310356,348796,396639,435978,465508,532463,579364,593259,
route with flow 0.0085927 : 0,46,11,16,29,21,50,21,29,16,29,21,50,21,29,16,38,0, 45,158,19903,71349,99644,135780,183239,222578,252297,322731,354006,392446,440289,479157,508276,564272,592941,
route with flow 0.0238686 : 0,4,41,19,42,44,42,19,41,13,4,0, 3,726,58023,99034,158427,235203,299005,343598,471114,566173,592978,
route with flow 0.0238686 : 0,6,14,25,13,41,19,42,17,4,17,4,0, 5,4321,58563,185122,297135,427724,474323,532954,546254,571698,577027,593186,
route with flow 0.0238686 : 0,14,25,13,41,19,42,41,4,0, 13,13227,113812,224385,354974,401944,463821,570405,593070,
route with flow 0.0520721 : 0,38,49,10,39,33,45,33,39,10,49,38,0, 37,4503,47415,69608,129796,238988,289902,399129,468354,494098,563913,592941,
route with flow 0.0265207 : 0,1,22,28,3,36,35,3,36,35,3,28,22,1,0, 0,315,4971,34561,97184,126887,205918,283598,315269,395068,472409,536830,565213,592921,
route with flow 0.0265207 : 0,2,29,20,35,36,3,36,35,3,22,1,0, 1,36578,61520,185045,268854,300736,375748,407419,486595,554788,575490,593151,
route with flow 0.0265207 : 0,6,23,7,43,24,23,24,43,7,23,48,0, 5,4330,40746,119373,173202,221943,298185,348256,401280,490842,558196,592841,
route with flow 0.0384529 : 0,14,24,23,7,43,24,23,7,43,24,6,0, 13,13226,41880,106040,195917,250802,299543,375769,467292,520535,558958,592796,
route with flow 0.0265207 : 0,48,23,7,43,24,23,24,43,7,23,6,0, 47,6730,47704,128593,182902,231643,307885,357956,410980,500346,564173,592923,
route with flow 0.0199618 : 0,4,41,40,41,40,41,40,19,41,4,0, 3,726,58044,90539,214345,251982,379245,416861,459924,568286,593026,
route with flow 0.0199618 : 0,14,25,13,41,40,41,19,42,17,0, 13,13227,113812,224385,354995,392632,518265,556109,579452,593258,
route with flow 0.0199618 : 0,17,4,41,40,41,40,19,41,40,41,4,0, 16,53,2049,69999,103888,228895,266511,309648,437493,474750,574330,593152,
route with flow 0.0199618 : 0,32,2,29,21,50,16,2,29,2,32,0, 31,1962,82467,113042,150042,197784,269502,412795,446137,568122,593038,
route with flow 0.0199618 : 0,46,17,4,41,40,19,41,13,25,14,0, 45,164,641,7286,91510,126629,168998,296817,408767,539041,592464,
route with flow 0.0282035 : 0,1,22,28,31,26,31,28,3,28,31,26,31,28,22,1,0, 0,315,4971,34588,76350,108295,158607,226143,302990,371572,425501,460389,511459,564503,578662,593231,
route with flow 0.0282035 : 0,17,37,15,45,33,39,10,30,34,50,9,38,46,0, 16,85,2122,16323,45538,142271,211551,237808,326762,452101,502426,548624,579424,593259,
route with flow 0.0282035 : 0,46,38,9,50,34,30,10,39,33,45,15,37,17,0, 45,185,11650,41566,80971,199931,292838,320267,386270,495237,541350,571549,579746,593266,
route with flow 0.0164933 : 0,1,2,29,21,34,50,16,21,29,2,32,0, 0,295,61965,90713,126448,248401,299683,371370,411728,441433,565804,592991,
route with flow 0.031583 : 0,11,16,2,29,21,34,21,29,2,32,0, 10,9606,51542,184845,218206,256630,379323,421428,451133,570249,593082,
route with flow 0.0298604 : 0,18,4,18,25,14,6,0, 17,78025,121482,315742,451824,547211,592580,
route with flow 0.024921 : 0,32,2,29,16,29,21,34,21,29,2,32,0, 31,1962,82467,113037,182081,213356,251780,374473,416578,446283,568122,593038,
route with flow 0.0164933 : 0,46,32,2,29,21,50,34,21,29,2,11,0, 45,179,6856,104603,136140,174196,222052,345422,387478,417183,550033,592658,
route with flow 0.0724219 : 0,1,22,20,35,36,3,36,35,20,22,1,32,0, 0,315,4964,86988,167004,198886,273898,305569,385385,518223,552829,571903,593109,
route with flow 0.0500188 : 0,6,14,25,18,4,18,0, 5,4321,58563,185126,383574,430826,590212,
route with flow 0.0826042 : 0,18,14,25,18,47,0, 17,78035,176160,311226,508637,591843,
route with flow 0.0366517 : 0,47,18,14,25,18,0, 46,22198,194434,297410,432476,590270,
route with flow 0.0192904 : 0,5,38,9,30,10,30,34,50,16,11,0, 4,13191,59472,107081,195789,223258,312212,437551,488177,551662,592658,
route with flow 0.0192904 : 0,11,38,9,30,34,30,9,38,11,46,0, 10,9628,51647,98197,186112,311432,404387,459208,528417,578934,593251,
route with flow 0.0192904 : 0,17,42,19,42,44,42,19,42,44,42,19,42,44,17,0, 16,90,5600,23831,67864,138491,202005,246599,308777,385553,449355,493189,548414,579613,593263,
route with flow 0.0192904 : 0,38,9,30,34,30,10,30,9,38,11,0, 37,4464,26062,96746,219282,312238,339658,428588,482968,548037,592584,
route with flow 0.0192904 : 0,46,38,9,50,34,30,10,30,9,38,11,46,0, 45,185,11650,41566,80971,199931,292838,320258,409188,463960,532545,579364,593259,
route with flow 0.024015 : 0,6,24,23,7,43,24,43,7,23,48,27,0, 5,4331,23569,79536,166817,221702,270462,323680,413953,491627,561120,592874,
route with flow 0.0119322 : 0,23,7,43,24,23,24,43,7,23,48,27,0, 22,5490,54791,102708,149289,225435,275506,328530,418803,496379,564017,592934,
route with flow 0.0119322 : 0,27,48,23,7,43,24,23,7,43,24,6,0, 26,4453,43974,110603,200767,255652,304393,380619,472044,524840,562028,592862,
route with flow 0.0328779 : 0,48,23,7,43,24,23,7,43,24,23,6,0, 47,6730,47704,128593,182902,231643,307869,399617,454502,502295,564089,592923,
route with flow 0.0343008 : 0,4,13,41,40,19,41,13,4,47,0, 3,698,43502,160995,198611,241748,369567,480990,525369,592119,
route with flow 0.0209337 : 0,12,17,37,15,45,33,10,39,33,45,15,37,17,0, 11,33450,46562,81436,125683,173743,282701,310567,376570,485733,533398,567286,579509,593262,
route with flow 0.0209337 : 0,14,25,13,41,19,42,17,4,47,0, 13,13227,113812,224385,354974,401944,463799,479989,521077,592030,
route with flow 0.0520825 : 0,17,37,15,45,33,39,10,39,33,45,15,45,44,17,0, 16,85,2122,16323,45538,142271,211551,237817,303820,413588,464320,511707,552573,579713,593265,
route with flow 0.0459051 : 0,47,4,13,41,40,19,41,13,4,0, 46,22184,52814,151731,282245,319861,362998,490122,574464,593152,
route with flow 0.0268595 : 0,16,29,20,35,36,3,36,35,20,29,16,0, 15,4385,14883,113735,196104,227986,302998,334669,414485,542913,565458,592927,
route with flow 0.0174447 : 0,27,48,8,26,31,8,26,31,28,22,1,32,46,0, 26,4453,43959,142063,179318,231337,340721,378168,430207,496925,533915,559511,579459,593259,
route with flow 0.0239291 : 0,32,1,22,20,35,36,3,36,35,20,22,1,0, 31,1961,10833,29656,141635,225204,257086,332098,363769,443585,563265,578662,593231,
route with flow 0.0174447 : 0,46,32,1,22,28,31,8,26,31,26,8,48,27,0, 45,179,6855,21764,45873,102228,153979,263121,300568,352605,387701,495381,563989,592934,
route with flow 0.0108248 : 0,2,16,50,16,2,16,50,16,11,0, 1,36565,97490,144626,216152,359432,434302,483377,548073,592584,
route with flow 0.0144052 : 0,5,38,16,50,34,21,29,16,50,16,11,0, 4,13191,59479,124670,173552,296922,338978,368697,439152,488129,551662,592658,
route with flow 0.00440523 : 0,11,16,50,16,2,16,50,16,11,32,0, 10,9606,51589,94157,162802,306082,380952,430584,501383,570749,593082,
route with flow 0.00440523 : 0,32,2,16,50,16,21,29,16,50,16,11,46,0, 31,1962,82454,153098,202634,274370,314728,344447,414902,464369,532586,579364,593259,
route with flow 0.00440523 : 0,46,11,16,50,16,2,16,50,16,11,46,0, 45,158,19903,71370,116582,187052,330332,405202,454834,524236,578241,593238,
route with flow 0.0453937 : 0,5,49,10,39,30,34,21,29,2,32,0, 4,13202,70796,95536,158317,249162,374473,416578,446283,568122,593038,
route with flow 0.0331577 : 0,6,14,25,13,25,14,6,0, 5,4321,58563,185122,297119,432424,531605,592257,
route with flow 0.0331577 : 0,12,17,42,40,19,41,13,25,14,0, 11,33450,46567,98014,131287,173848,301667,413617,542824,592542,
route with flow 0.0397075 : 0,32,2,29,21,34,30,39,10,49,5,0, 31,1962,82467,113042,150026,272632,365615,434651,460834,539991,592424,
route with flow 0.0331577 : 0,46,5,49,9,50,34,30,10,49,5,46,0, 45,152,24958,92354,144221,192952,316331,409238,436677,519212,578909,593251,
route with flow 0.00966696 : 0,6,48,8,26,31,26,31,26,8,48,27,0, 5,4355,43959,142063,179318,231355,266473,318655,353751,462117,540120,592440,
route with flow 0.00966696 : 0,8,26,31,28,3,28,31,26,8,48,27,0, 7,17473,39209,80576,143885,220540,289122,343051,378001,485877,557959,592808,
route with flow 0.00966696 : 0,27,8,26,31,26,8,31,26,8,48,27,0, 26,4414,66146,99508,149001,184001,292468,347755,382851,490629,561090,592874,
route with flow 0.00966696 : 0,46,27,48,8,31,8,31,8,48,27,0, 45,174,11639,62873,166126,221637,331026,386537,495144,563989,592934,
route with flow 0.00986424 : 0,4,17,37,44,42,40,19,40,42,44,42,40,19,40,42,4,0, 3,702,2534,14468,63151,120632,155057,198097,232631,294227,371003,434826,469930,512121,542085,576525,593186,
route with flow 0.00986424 : 0,12,17,37,44,42,40,19,40,42,44,37,12,0, 11,33450,46562,81463,152849,216576,251961,295097,329631,391227,467763,512142,591809,
route with flow 0.00986424 : 0,17,37,44,42,40,19,40,42,44,42,40,19,42,44,37,0, 16,85,2149,31191,80345,112847,154543,188981,250577,327353,391176,426561,469429,528856,576314,593195,
route with flow 0.00986424 : 0,37,44,42,40,19,40,42,44,42,40,19,42,44,37,17,0, 36,827,22663,67813,99449,140185,174431,236027,312803,376626,412011,455149,515886,571021,579746,593266,
route with flow 0.00986424 : 0,47,4,42,40,19,40,42,44,42,40,19,42,44,17,0, 46,22184,52843,106898,140699,183547,218081,279677,356453,420276,455661,497941,552003,579710,593265,
route with flow 0.0100656 : 0,6,24,43,7,43,24,43,7,43,24,23,6,0, 5,4331,23588,60343,142565,197452,246212,299430,389723,444802,492791,558073,592796,
route with flow 0.0189285 : 0,14,24,43,7,43,24,43,7,23,48,27,0, 13,13226,41899,85118,171473,226552,275312,328530,418803,496379,564017,592934,
route with flow 0.0100656 : 0,24,43,7,43,24,43,7,43,24,43,7,48,0, 23,1071,13994,74714,125470,173462,226680,316973,372052,420812,473673,554412,592756,
route with flow 0.0100656 : 0,27,6,24,43,7,43,24,43,7,43,24,6,0, 26,4412,37698,76559,125598,215123,270202,318962,372180,462350,516096,555727,592728,
route with flow 0.0179993 : 0,48,23,24,43,7,43,24,43,7,43,24,6,0, 47,6730,47720,89813,139668,229673,284752,333512,386730,476606,529049,564839,592923,
route with flow 0.0155653 : 0,1,22,3,36,35,3,36,35,20,29,21,50,16,0, 0,315,4947,40725,65377,138306,215698,247369,327185,461529,493881,529902,564897,592958,
route with flow 0.0155653 : 0,2,20,35,36,3,36,35,29,16,11,0, 1,36569,155993,239754,271636,346648,378319,458108,489125,551554,592658,
route with flow 0.0155653 : 0,11,16,50,16,2,16,50,9,38,11,0, 10,9606,51589,94157,162802,306082,380952,430577,483112,548037,592584,
route with flow 0.0155653 : 0,16,50,21,29,20,35,36,3,36,35,3,22,1,0, 15,4406,23665,49425,73669,199595,283404,315286,390298,421969,500851,564069,578662,593231,
route with flow 0.0155653 : 0,27,1,22,3,36,35,20,29,21,50,16,11,46,0, 26,4407,16885,39037,101602,131545,210785,345235,378256,416696,464369,532586,579364,593259,
route with flow 0.0189321 : 0,4,17,37,15,45,33,39,33,45,15,37,12,0, 3,702,2534,14441,41852,81162,185729,255224,365088,415984,464244,507465,591712,
route with flow 0.0105886 : 0,12,37,15,45,33,39,10,39,33,45,15,17,0, 11,33470,68711,111901,159193,268179,337651,363917,429920,535469,569515,579736,593265,
route with flow 0.0202916 : 0,17,15,45,33,39,10,39,33,45,15,37,12,0, 16,64,2688,18704,100829,167901,194167,260170,369938,420834,468996,512142,591809,
route with flow 0.0189321 : 0,37,15,45,33,10,39,33,45,15,37,17,4,47,0, 36,799,10319,35465,128077,155463,221370,331138,382034,430457,474206,489541,529566,592206,
route with flow 0.0105886 : 0,47,4,17,37,15,45,33,10,39,33,45,15,37,0, 46,22184,52818,65717,103523,149261,197993,306951,334817,400820,509476,552373,576649,593195,
route with flow 0.0278648 : 0,5,38,9,50,9,38,9,38,5,12,0, 4,13191,59472,107101,154223,207214,279160,333167,405256,505041,591712,
route with flow 0.0351849 : 0,12,47,4,18,47,12,0, 11,33480,137239,183623,378814,499767,591667,
route with flow 0.0351849 : 0,46,12,47,18,47,12,46,0, 45,159,50365,161166,359366,480759,578824,593252,
route with flow 0.0429546 : 0,47,18,25,18,47,0, 46,22198,194444,330578,526476,592206,
route with flow 0.0149499 : 0,1,22,28,31,26,8,28,31,26,8,48,27,0, 0,315,4971,34588,76350,108273,214865,284272,338201,373151,481125,554696,592740,
route with flow 0.0189964 : 0,27,1,22,28,31,26,8,31,26,8,48,27,0, 26,4407,16885,39061,93345,144393,179151,287618,342905,378001,485877,557959,592808,
route with flow 0.0149499 : 0,32,1,22,28,31,26,8,31,26,8,48,27,0, 31,1961,10833,29663,80141,130227,164601,273068,328355,363451,471621,547619,592594,
route with flow 0.0149499 : 0,46,32,1,22,28,31,26,8,31,26,8,48,27,0, 45,179,6855,21764,45873,102228,153997,188851,297318,352605,387701,495381,563989,592934,
route with flow 0.0141138 : 0,11,2,29,21,34,21,29,2,32,27,0, 10,9593,113583,145648,183880,306573,348678,378383,517964,564611,592963,
route with flow 0.0141138 : 0,27,32,2,29,21,34,21,29,2,11,0, 26,4437,28762,150991,184256,222680,345373,387478,417183,550033,592658,
route with flow 0.00568612 : 0,32,11,2,29,21,34,21,29,2,32,0, 31,1971,40351,170295,203656,242080,364773,406878,436583,563104,592938,
route with flow 0.0148213 : 0,46,11,2,29,21,50,34,21,29,2,32,0, 45,158,19890,136681,169706,208146,256002,379372,421428,451133,570249,593082,
route with flow 0.0215043 : 0,4,41,40,19,40,41,13,25,14,0, 3,726,58044,90518,130773,164730,291967,403917,534988,592383,
route with flow 0.0116043 : 0,6,14,25,13,19,41,13,4,0, 5,4321,58563,185122,297113,343598,471114,566173,592978,
route with flow 0.0215043 : 0,14,25,13,41,40,19,40,41,4,0, 13,13227,113812,224385,354995,392611,435747,469998,572426,593112,
route with flow 0.0116043 : 0,27,6,14,25,13,41,19,42,4,0, 26,4412,37688,123626,257872,369885,499583,541747,576525,593186,
route with flow 0.0118411 : 0,5,49,10,39,30,34,50,16,11,32,0, 4,13202,70796,95536,158317,249162,374501,425783,496631,568646,593038,
route with flow 0.0216421 : 0,11,2,20,35,36,3,28,22,1,27,0, 10,9593,113574,248095,331904,363786,438790,506333,541830,565304,592934,
route with flow 0.0118411 : 0,27,1,22,28,3,36,35,20,2,11,0, 26,4407,16885,39061,93318,167198,198869,278685,413109,549996,592658,
route with flow 0.0118411 : 0,32,2,29,20,35,36,3,28,22,1,27,0, 31,1962,82467,113041,243245,327054,358936,433940,501581,537991,562543,592874,
route with flow 0.0120828 : 0,27,48,23,7,43,24,23,7,48,27,0, 26,4453,43974,110603,200767,255652,304393,380619,472049,547654,592594,
route with flow 0.0120828 : 0,46,27,48,7,23,24,43,7,23,48,27,0, 45,174,11639,62872,147299,225580,275506,328530,418803,496379,564017,592934,
route with flow 0.0123294 : 0,5,38,9,50,34,30,39,10,49,5,0, 4,13191,59472,107101,154248,277531,370465,439501,465586,543774,592502,
route with flow 0.0123294 : 0,32,11,38,9,50,34,30,9,38,5,0, 31,1971,40385,101966,153825,202652,326031,418937,473464,540556,592485,
route with flow 0.0123294 : 0,38,9,30,34,21,34,50,9,38,11,0, 37,4464,26062,96746,219273,261383,384201,435476,487864,551626,592658,
route with flow 0.0123294 : 0,46,11,38,9,30,34,30,9,38,11,0, 45,158,19925,71476,120815,210362,335682,428637,482968,548037,592584,
route with flow 0.0190661 : 0,6,14,25,13,41,19,42,44,17,0, 5,4321,58563,185122,297135,427724,474323,532974,577448,593213,
route with flow 0.0284809 : 0,46,17,44,42,19,41,13,25,14,6,0, 45,164,680,20273,63759,103354,228917,340867,475677,563673,592923,
route with flow 0.00641955 : 0,11,16,50,16,29,21,16,50,16,2,32,46,0, 10,9606,51589,94157,162828,193956,232364,303352,352984,424702,556885,579456,593259,
route with flow 0.0227049 : 0,27,1,22,28,3,36,35,20,29,2,32,0, 26,4407,16885,39061,93318,167198,198869,278685,413135,446137,568122,593038,
route with flow 0.00641955 : 0,32,2,16,50,16,21,50,16,2,32,0, 31,1962,82454,153098,202634,274370,314749,362684,434402,563077,592938,
route with flow 0.00641955 : 0,46,11,16,50,16,29,21,16,50,16,2,32,0, 45,158,595385,71370,116582,187078,218206,256614,327602,377234,448952,570229,593082,
route with flow 0.00648439 : 0,2,20,35,36,3,28,31,8,27,0, 1,36569,155993,239754,271636,346640,415222,468875,563462,592934,
route with flow 0.0272207 : 0,12,37,44,15,45,33,39,10,49,5,46,0, 11,33470,68739,138464,188256,236793,345779,415251,441527,523547,579349,593259,
route with flow 0.00654989 : 0,38,49,10,39,30,34,30,10,49,5,0, 37,4503,47415,69608,129793,220062,345382,438338,465586,543774,592502,
route with flow 0.00654989 : 0,46,5,49,10,30,34,30,10,49,5,0, 45,152,24958,92355,117952,205512,330832,423788,451227,531929,592256,
route with flow 0.0206708 : 0,6,23,7,43,24,23,7,43,24,23,6,0, 5,4330,40746,119373,173202,221943,298169,389917,444802,492791,558073,592796,
route with flow 0.0206708 : 0,11,16,50,34,21,34,21,29,2,32,0, 10,9606,596220,596255,214472,256533,379323,421428,451133,570249,593082,
route with flow 0.0206708 : 0,27,48,23,7,43,24,43,7,23,24,6,0, 26,4453,43974,110603,200767,255652,304412,357630,447903,523988,562148,592862,
route with flow 0.0298983 : 0,46,5,49,10,39,33,45,15,44,37,12,0, 45,152,597473,597515,597545,182570,292338,343234,391664,467904,512142,591809,
route with flow 0.00695987 : 0,4,42,40,19,40,13,40,19,40,13,40,19,40,42,4,0, 3,727,15978,35987,68686,99588,204984,242261,285397,319904,428084,465178,507443,538267,575104,593152,
route with flow 0.00695987 : 0,13,40,19,40,13,40,19,40,13,40,19,40,42,4,0, 12,17536,39247,72815,103910,209834,247111,290247,324754,432934,469930,512121,542085,576525,593186,
route with flow 0.00695987 : 0,17,42,40,19,40,13,40,19,40,13,40,19,40,42,44,0, 16,90,5621,19226,45642,73468,175884,213161,256297,290804,398984,436261,478931,512681,561755,592886,
route with flow 0.00695987 : 0,42,40,19,40,42,44,42,40,19,40,13,40,19,40,42,0, 41,2635,12783,35569,61444,116025,191553,255376,290761,333897,368404,476176,512613,549052,569921,593053,
route with flow 0.00695987 : 0,44,42,40,19,40,13,40,19,40,13,40,19,40,42,17,0, 43,5574,34744,61326,98935,131330,238934,276211,319347,353854,461920,498442,537778,562642,579727,593265,
route with flow 0.0142038 : 0,1,22,28,36,35,20,36,28,31,26,8,27,0, 0,315,4971,34593,57407,128911,262791,295911,361872,415801,450751,550703,592668,
route with flow 0.0142038 : 0,8,26,31,28,36,20,35,36,28,31,26,27,0, 7,17473,39209,80576,143916,174604,306295,390104,422011,487333,537320,562573,592874,
route with flow 0.0142038 : 0,27,8,26,31,28,36,35,3,36,35,22,1,32,0, 26,4414,66146,99508,149003,216474,247369,327168,404848,436519,514956,549240,569855,593067,
route with flow 0.0142038 : 0,32,1,28,36,35,20,36,28,31,26,8,27,0, 31,1961,10839,48218,73587,147831,282191,315311,381272,435201,469872,563600,592934,
route with flow 0.0142038 : 0,48,26,31,28,36,35,3,35,36,28,31,26,27,0, 47,6733,21675,56089,115872,145711,225318,302997,385254,417161,482581,533244,559539,592808,
route with flow 0.0144937 : 0,11,38,9,50,21,50,21,50,21,50,9,38,11,46,0, 10,9628,594777,594815,144631,183799,231739,271099,319039,358399,406327,459352,528417,578934,593251,
route with flow 0.0144937 : 0,12,37,15,45,33,15,45,44,37,12,46,0, 11,33470,68711,111901,159193,268156,318915,367754,443892,488457,579295,593260,
route with flow 0.0144937 : 0,32,11,38,9,50,21,50,21,50,9,38,11,32,0, 31,1971,40385,594965,594997,595028,241999,289939,329299,377227,430314,501335,570749,593082,
route with flow 0.0144937 : 0,46,12,37,15,45,33,15,45,44,37,12,0, 45,159,50355,90029,134999,183443,292406,343165,392004,467904,512142,591809,
route with flow 0.0144937 : 0,47,12,37,44,15,45,44,37,12,46,0, 46,22192,136786,183600,259426,309506,358054,434192,478953,578058,593239,
route with flow 0.00732005 : 0,6,14,24,14,24,14,24,14,24,14,0, 5,4321,597867,102940,200409,251034,350759,401384,500205,545094,592508,
route with flow 0.00732005 : 0,14,24,14,24,14,24,14,24,14,6,0, 13,13226,41871,128235,178284,278009,328634,428359,478527,563645,592923,
route with flow 0.00732005 : 0,27,6,14,24,14,24,14,24,14,6,0, 26,4412,37688,123625,173434,273159,323784,423509,473775,560710,592862,
route with flow 0.00739399 : 0,5,49,10,39,30,39,10,49,38,11,32,0, 4,13202,596742,596779,596815,249167,318251,344527,428810,501335,570749,593082,
route with flow 0.00739399 : 0,11,38,9,49,10,39,30,39,10,49,5,0, 10,9628,594777,594814,181480,208863,274717,365567,434651,460834,539991,592424,
route with flow 0.00739399 : 0,12,5,49,10,30,49,5,12,0, 11,33439,119039,205682,233104,321927,409377,509629,591809,
route with flow 0.00739399 : 0,27,32,11,38,49,9,49,5,12,0, 26,4437,28771,101264,172499,259031,313778,399726,500146,591614,
route with flow 0.00739399 : 0,32,11,38,49,10,39,30,39,10,49,5,0, 31,1971,40385,594963,186282,213713,279567,370417,439501,465586,543774,592502,
route with flow 0.0150898 : 0,12,47,18,4,47,12,0, 11,33480,137252,335074,382355,499767,591667,
route with flow 0.0150898 : 0,27,32,2,16,2,16,2,32,0, 26,4437,602754,150978,225705,369132,443955,568101,593038,
route with flow 0.0150898 : 0,32,2,29,21,34,21,29,2,16,11,0, 31,1962,596312,113042,150026,272623,314728,344433,484992,551554,592658,
route with flow 0.00762109 : 0,4,17,42,40,19,40,42,44,42,40,19,40,42,17,12,0, 3,702,2539,23148,46060,81266,112917,172977,249753,313576,348961,392097,426631,487559,503757,591614,
route with flow 0.00762109 : 0,12,17,42,40,19,40,13,40,19,40,42,17,12,0, 11,33450,46567,98014,131287,173847,208354,316534,353811,396947,431481,492311,508509,591712,
route with flow 0.00762109 : 0,17,42,19,40,42,44,42,40,19,40,13,40,19,40,42,17,0, 16,90,599422,23829,46130,98065,172153,235976,271361,314497,349004,457168,493690,533702,559613,579630,593263,
route with flow 0.00762109 : 0,27,1,22,28,31,8,26,31,26,8,48,27,0, 26,4407,598137,598175,598211,598238,253421,290868,342905,378001,485877,557959,592808,
route with flow 0.00762109 : 0,46,12,17,42,40,19,40,42,44,42,40,19,40,42,4,0, 45,159,601443,65722,120632,155057,198097,232631,294227,371003,434826,469930,512121,542085,576525,593186,
route with flow 0.00769807 : 0,1,22,36,35,20,36,3,36,35,20,36,22,1,0, 0,315,4979,14947,66968,194891,227986,302998,334669,414485,542917,565516,578662,593231,
route with flow 0.00769807 : 0,6,24,43,7,43,24,43,7,43,24,6,27,0, 5,4331,23588,60343,142565,197452,246212,299430,389723,444802,492775,554989,592740,
route with flow 0.00769807 : 0,22,20,35,36,3,36,35,20,22,1,27,0, 21,510,57940,133438,164936,239948,271619,351435,485282,525629,552951,592668,
route with flow 0.00769807 : 0,27,1,22,3,36,35,3,36,35,20,22,27,0, 26,4407,598137,598172,101602,131545,210768,288448,320119,399935,531001,562455,592874,
route with flow 0.00769807 : 0,32,20,35,36,3,36,35,20,22,1,27,0, 31,1980,74120,152550,184336,259348,291019,370835,504290,541830,565304,592934,
route with flow 0.00777583 : 0,11,38,9,30,39,10,39,30,9,49,38,0, 10,9628,594777,594816,594846,255201,281467,347467,438288,492483,563940,592941,
route with flow 0.00777583 : 0,12,37,15,45,33,39,10,39,30,9,38,0, 11,33470,601241,601289,601336,601359,337651,363917,429917,519043,561839,592881,
route with flow 0.00777583 : 0,38,9,30,39,10,39,33,45,15,37,12,0, 37,4464,595189,595220,163051,189317,255320,365088,415984,464244,507465,591712,
route with flow 0.00777583 : 0,46,38,9,30,39,10,39,30,39,10,49,5,0, 45,185,11650,41546,119273,187301,213567,279567,370417,439501,465586,543774,592502,
route with flow 0.00785438 : 0,6,48,8,48,8,26,31,26,8,48,0, 5,4355,43959,142085,225226,335871,373318,425355,460368,557518,592824,
route with flow 0.00785438 : 0,18,25,13,25,14,6,0, 17,78045,209323,321369,456669,550800,592654,
route with flow 0.00785438 : 0,27,48,8,26,31,26,8,31,26,8,27,0, 26,4453,598900,142063,179318,231355,266451,374918,430205,465120,560660,592874,
route with flow 0.00785438 : 0,46,27,48,8,26,31,26,31,26,8,48,27,0, 45,174,11639,62873,166121,203568,255605,290723,342905,378001,485877,557959,592808,
route with flow 0.00785438 : 0,48,26,8,48,8,26,31,8,48,27,0, 47,6733,600781,105303,186426,297071,334518,386537,495144,563989,592934,
route with flow 0.00793371 : 0,6,24,23,7,43,24,23,24,43,23,24,6,0, 5,4331,604753,79536,166817,221702,270443,346685,396756,449796,523860,562148,592862,
route with flow 0.00793371 : 0,12,37,44,45,15,45,44,45,44,37,47,0, 11,33470,601230,138493,188034,236465,285304,361449,411404,486912,529650,592206,
route with flow 0.00793371 : 0,27,6,24,23,24,43,7,43,24,23,24,6,0, 26,4412,37698,76540,147931,197906,250930,341223,396302,445043,519532,559086,592796,
route with flow 0.00793371 : 0,47,37,44,45,15,45,44,45,44,37,12,0, 46,22217,52942,119861,168634,217065,265904,342049,392004,467904,512142,591809,
route with flow 0.0161913 : 0,6,14,25,13,25,18,0, 5,4321,597887,597931,297119,432428,590270,
route with flow 0.0161913 : 0,14,25,13,25,13,4,47,0, 13,13227,113812,224369,359673,471390,516663,591938,
route with flow 0.0161913 : 0,32,11,16,50,34,21,34,50,16,11,0, 31,1971,40364,101908,149398,272672,314733,437551,488177,551662,592658,
route with flow 0.0161913 : 0,46,11,16,50,34,21,34,50,16,11,46,0, 45,158,595385,596460,596481,238722,280783,403601,454883,524236,578241,593238,
route with flow 0.0161913 : 0,47,4,13,25,18,4,47,0, 46,22184,52814,598377,286928,484836,529566,592206,
route with flow 0.0081774 : 0,1,22,28,3,36,35,20,36,3,28,22,1,32,0, 0,315,4971,599872,97184,126887,205935,340391,373486,448490,515638,549240,569855,593067,
route with flow 0.0081774 : 0,5,49,10,39,33,45,15,45,44,17,12,0, 4,13202,596742,596779,596820,596865,596896,367415,416254,491645,508509,591712,
route with flow 0.0081774 : 0,12,17,44,45,15,45,33,39,10,49,5,0, 11,33450,604018,110689,158934,207365,256193,365179,434651,460834,539991,592424,
route with flow 0.0081774 : 0,27,1,22,28,3,36,35,20,36,3,22,1,32,0, 26,4407,598137,598175,598210,167198,198869,278685,413141,446236,519486,552829,571903,593109,
route with flow 0.0081774 : 0,32,1,22,28,3,36,35,20,36,3,28,22,1,0, 31,1961,10833,596972,80114,152744,184319,264135,398591,431686,505673,561593,577852,593211,
route with flow 0.00826 : 0,5,38,9,30,9,49,38,5,12,0, 4,13191,59472,594462,195788,250728,336708,410106,509769,591809,
route with flow 0.00826 : 0,11,38,49,9,30,9,30,9,38,5,0, 10,9628,594775,128657,182809,273388,328309,418888,473464,540556,592485,
route with flow 0.00826 : 0,12,5,38,9,30,9,49,38,5,0, 11,33439,602555,191956,245859,336438,391378,476934,544339,592563,
route with flow 0.00826 : 0,38,49,9,30,34,30,9,38,5,46,0, 37,4503,597197,93732,181262,306582,399537,454417,524187,579358,593259,
route with flow 0.00826 : 0,46,5,49,9,30,9,30,9,49,5,46,0, 45,152,597473,597512,144201,234588,289509,380088,435028,519256,578909,593251,
route with flow 0.00834343 : 0,12,37,45,15,45,33,39,33,45,15,37,17,0, 11,33470,601218,111970,158865,207693,316679,386174,495237,541350,571549,579746,593266,
route with flow 0.00834343 : 0,17,37,45,15,45,33,39,33,45,15,37,12,0, 16,85,2150,16392,45258,85531,190579,260074,369938,420834,468996,512142,591809,
route with flow 0.00834343 : 0,47,4,17,37,15,45,33,39,33,45,15,37,17,0, 46,22184,52818,65717,103523,149261,197993,306979,376474,485733,533398,567286,579509,593262,
route with flow 0.00842771 : 0,2,29,21,34,21,34,21,29,2,32,0, 1,36578,61521,94705,214423,256533,379323,421428,451133,570249,593082,
route with flow 0.00842771 : 0,48,8,26,31,28,22,28,31,8,48,27,0, 47,6715,595860,595900,595944,595973,266276,332772,386683,495144,563989,592934,
route with flow 0.0171994 : 0,4,42,19,40,42,44,42,19,40,13,18,0, 3,727,599175,42236,69270,125245,201253,265055,309647,344154,452312,590670,
route with flow 0.0171994 : 0,6,24,43,7,23,24,43,7,23,48,27,0, 5,4331,604772,604820,604829,220730,270656,323680,413953,491627,561120,592874,
route with flow 0.0171994 : 0,14,25,13,40,19,40,13,18,0, 13,13227,113812,607569,261661,304797,339304,447462,590570,
route with flow 0.0171994 : 0,18,13,40,19,40,13,25,14,0, 17,78034,185584,222861,265997,300504,408669,539041,592464,
route with flow 0.0171994 : 0,47,4,13,19,40,13,25,14,6,0, 46,22184,52814,598374,198097,232604,340769,475677,563673,592923,
route with flow 0.00868657 : 0,1,22,28,3,36,20,36,35,20,22,1,27,0, 0,315,4971,599872,608055,608062,257796,291019,370835,504290,541830,565304,592934,
route with flow 0.00868657 : 0,27,1,22,20,36,35,20,36,3,28,22,1,0, 26,4407,598137,598152,155994,189169,268985,403441,436536,510388,564449,578662,593231,
route with flow 0.00868657 : 0,32,1,22,28,3,36,20,35,36,3,28,22,1,0, 31,1961,10833,596972,608602,608646,608653,315995,399804,431686,505673,561593,577852,593211,
route with flow 0.00868657 : 0,46,1,22,20,35,36,3,36,35,20,22,1,46,0, 45,148,2176,12589,109318,191254,223136,298148,329819,409635,539124,567614,578690,593238,
route with flow 0.00868657 : 0,48,8,26,31,28,36,35,20,36,28,22,1,0, 47,6715,595860,595900,595944,595982,257069,336885,471039,503488,558493,576826,593185,
route with flow 0.00877431 : 0,5,49,10,30,10,39,30,39,10,49,5,0, 4,13202,596742,596764,181239,208717,274717,365567,434651,460834,539991,592424,
route with flow 0.00877431 : 0,6,48,8,26,31,26,8,31,26,8,27,0, 5,4355,606134,606183,179318,231355,266451,374918,430205,465120,560660,592874,
route with flow 0.00877431 : 0,11,38,5,49,10,39,30,10,49,5,46,0, 10,9628,594736,142522,229932,257363,323217,414039,441527,523547,579349,593259,
route with flow 0.00877431 : 0,12,5,49,30,10,49,5,12,0, 11,33439,602569,602585,297639,325127,409377,509629,591809,
route with flow 0.00877431 : 0,46,5,49,10,39,30,10,49,5,12,46,0, 45,152,597473,597515,597545,182567,273389,300877,385127,485890,579295,593260,
route with flow 0.00886294 : 0,6,48,23,7,43,24,23,7,43,24,6,0, 5,4355,606124,110603,200767,255652,304393,380619,472044,524840,562028,592862,
route with flow 0.00886294 : 0,11,16,9,50,16,2,16,50,16,11,0, 10,9606,596181,98217,144626,216152,359432,434302,483377,548073,592584,
route with flow 0.00886294 : 0,27,48,23,24,43,7,43,24,23,48,27,0, 26,4453,598902,598924,159106,212130,302423,357502,406243,481981,554728,592740,
route with flow 0.0180876 : 0,6,14,25,18,47,12,0, 5,4321,597887,597932,597978,504519,591765,
route with flow 0.0180876 : 0,12,47,18,25,14,6,0, 11,33480,137252,603341,470925,560741,592862,
route with flow 0.0180876 : 0,46,47,18,4,17,4,18,47,0, 45,193,36666,218674,265925,281627,324126,517890,592030,
route with flow 0.0180876 : 0,47,4,17,37,15,44,42,19,42,44,17,4,47,0, 46,22184,52818,610100,610147,610167,225647,289305,333899,396077,472496,489493,529566,592206,
route with flow 0.00913517 : 0,11,16,29,21,50,21,29,16,50,21,29,2,11,0, 10,9606,596212,77557,112730,158989,198328,228047,298502,348139,387478,417183,550033,592658,
route with flow 0.00913517 : 0,27,8,26,31,28,3,28,31,26,8,48,0, 26,4414,600295,600338,600385,600414,293290,361872,415801,450751,550720,592685,
route with flow 0.00913517 : 0,32,2,29,21,50,34,21,29,2,11,46,0, 31,1962,596312,603563,603588,197802,321172,363228,392933,530743,579364,593259,
route with flow 0.00913517 : 0,38,16,21,29,20,35,36,3,28,31,26,48,0, 37,4471,37499,68821,95324,223845,307654,339536,414540,482581,533244,559555,592824,
route with flow 0.00922745 : 0,11,38,9,30,39,33,45,15,37,12,0, 10,9628,594777,594816,594846,605569,365088,415984,464244,507465,591712,
route with flow 0.00922745 : 0,12,37,44,15,45,33,39,10,49,9,38,0, 11,33470,601230,606896,188256,236793,345779,415251,441527,523551,564670,592941,
route with flow 0.00922745 : 0,37,44,45,15,45,33,39,10,49,9,38,11,0, 36,827,22665,56416,98503,144835,253629,323101,349377,433631,487720,551626,592658,
route with flow 0.00922745 : 0,38,9,50,34,30,39,10,39,30,9,38,0, 37,4464,595188,60613,175681,268615,337651,363917,429917,519043,561839,592881,
route with flow 0.00932065 : 0,27,48,8,26,31,28,22,28,31,8,48,0, 26,4453,598900,606328,606375,606389,298912,339026,405522,459371,557355,592824,
route with flow 0.00932065 : 0,48,26,31,28,3,36,35,20,2,32,0, 47,6733,600795,600843,600875,191448,223119,302935,437359,565781,592991,
route with flow 0.0094148 : 0,6,14,25,13,41,19,42,44,17,46,0, 5,4321,597887,597931,607531,427724,474323,532974,577448,579570,593259,
route with flow 0.0094148 : 0,20,35,36,3,36,35,20,2,32,0, 19,30351,96990,126904,201148,232819,312635,447059,570229,593082,
route with flow 0.0094148 : 0,32,2,20,35,36,3,36,35,20,0, 31,1962,596311,214145,297954,329836,404848,436519,514954,591966,
route with flow 0.0095099 : 0,5,49,9,50,9,30,34,50,16,11,0, 4,13202,596739,605444,168677,221756,312212,437551,488177,551662,592658,
route with flow 0.0095099 : 0,11,38,9,50,34,21,34,50,16,11,0, 10,9628,594777,594815,601115,267822,309883,432701,483425,548073,592584,
route with flow 0.0095099 : 0,12,5,49,9,30,34,50,9,38,0, 11,33439,602569,602574,260409,351012,475948,525169,564751,592941,
route with flow 0.0095099 : 0,38,9,30,34,50,9,49,5,12,0, 37,4464,595189,595226,595271,270576,323625,409426,509629,591809,
route with flow 0.0095099 : 0,46,11,38,16,50,34,30,9,49,5,0, 45,158,595387,595404,138740,188102,311481,404387,459219,540029,592424,
route with flow 0.00960596 : 0,4,13,41,19,42,44,42,19,42,44,37,17,0, 3,698,597683,597715,207944,269977,346753,410555,455149,515886,571021,579746,593266,
route with flow 0.00960596 : 0,6,23,24,43,7,23,24,43,7,23,6,0, 5,4330,598592,81075,130256,219953,298330,348256,401280,490842,558169,592796,
route with flow 0.00960596 : 0,17,37,44,42,19,42,44,42,19,41,13,4,0, 16,85,2149,31191,80324,121555,182677,259453,323255,367848,494874,576034,593186,
route with flow 0.00960596 : 0,27,48,7,23,24,43,7,43,24,23,6,0, 26,4453,598868,123721,201330,251256,304280,394573,449652,497543,561199,592862,
route with flow 0.00970299 : 0,5,10,39,33,45,15,45,33,10,49,5,0, 4,13163,27480,75967,180788,231684,280115,328943,437901,465586,543774,592502,
route with flow 0.00970299 : 0,12,17,15,45,33,39,10,39,33,45,15,37,0, 11,33450,604000,85203,130669,239079,308551,334817,400820,509476,552373,576649,593195,
route with flow 0.00970299 : 0,37,15,45,33,39,10,39,33,45,15,12,0, 36,799,609866,609914,609930,197001,223267,289270,399038,449934,497485,591516,
route with flow 0.00970299 : 0,46,12,37,15,45,33,10,39,33,45,15,37,17,0, 45,159,601476,601524,601571,601617,601622,320267,386270,495237,541350,571549,579746,593266,
route with flow 0.009801 : 0,1,22,28,3,36,20,35,36,3,28,22,1,32,0, 0,315,4971,599872,608055,608062,611466,341604,373486,448490,515638,549240,569855,593067,
route with flow 0.009801 : 0,32,1,22,3,36,35,3,36,35,20,22,1,32,0, 31,1961,10833,596936,88253,117667,196218,273898,305569,385385,518223,552829,571903,593109,
route with flow 0.009801 : 0,46,32,2,20,35,36,3,28,22,1,32,46,0, 45,179,615191,104594,238395,322204,354086,429090,496829,533915,559511,579459,593259,
route with flow 0.0099 : 0,6,14,25,13,41,40,19,40,42,4,0, 5,4321,597887,597931,607531,427745,465178,507443,538267,575104,593152,
route with flow 0.0099 : 0,25,13,41,40,19,40,41,13,4,0, 24,30379,123399,253145,290761,333897,368430,494874,576034,593186,
route with flow 0.0099 : 0,47,4,19,41,13,25,14,6,0, 46,22184,52820,90005,214367,326317,461421,554317,592728,
route with flow 0.01 : 0,11,16,50,34,21,29,16,50,16,38,5,0, 10,9606,596220,596255,598792,598827,286247,356702,406334,477648,544339,592563,
route with flow 0.01 : 0,27,48,7,43,24,23,24,43,7,48,27,0, 26,4453,598868,616933,178052,226793,303035,353106,406130,495619,563989,592934,
route with flow 0.01 : 0,32,2,29,21,16,29,21,34,21,29,16,11,0, 31,1962,596312,603563,603573,220881,252156,290580,413273,455378,484516,547965,592584,
route with flow 0.01 : 0,38,16,29,21,34,21,34,21,29,2,32,0, 37,4471,37507,61521,94705,214423,256533,379323,421428,451133,570249,593082,
total flow: 5
loc: 0 flow: 10
loc: 1 flow: 0.97991
loc: 2 flow: 0.858498
loc: 3 flow: 0.953706
loc: 4 flow: 0.957023
loc: 5 flow: 0.897097
loc: 6 flow: 0.918433
loc: 7 flow: 0.894242
loc: 8 flow: 0.871363
loc: 9 flow: 0.953577
loc: 10 flow: 0.989329
loc: 11 flow: 0.927857
loc: 12 flow: 0.851
loc: 13 flow: 0.896434
loc: 14 flow: 0.903846
loc: 15 flow: 0.985165
loc: 16 flow: 0.9699
loc: 17 flow: 0.980949
loc: 18 flow: 0.750529
loc: 19 flow: 0.990436
loc: 20 flow: 0.880603
loc: 21 flow: 1.0236
loc: 22 flow: 0.973765
loc: 23 flow: 0.932317
loc: 24 flow: 0.967608
loc: 25 flow: 0.853267
loc: 26 flow: 0.937416
loc: 27 flow: 0.921417
loc: 28 flow: 0.966517
loc: 29 flow: 1.01662
loc: 30 flow: 0.857947
loc: 31 flow: 0.930639
loc: 32 flow: 0.969353
loc: 33 flow: 0.9471
loc: 34 flow: 0.896463
loc: 35 flow: 0.966379
loc: 36 flow: 0.996044
loc: 37 flow: 0.992066
loc: 38 flow: 0.928933
loc: 39 flow: 0.943167
loc: 40 flow: 1.00539
loc: 41 flow: 0.86418
loc: 42 flow: 0.935748
loc: 43 flow: 0.922411
loc: 44 flow: 0.908445
loc: 45 flow: 1.00128
loc: 46 flow: 0.972049
loc: 47 flow: 0.849108
loc: 48 flow: 0.914627
loc: 49 flow: 0.913291
loc: 50 flow: 0.98891
start robust primal phase
STATS - lpIterations[3] lagIterations[74] sspIterations[370] numSeparations[160] numCuts[0] compileTime[9] sspSolveTime[131] lpSolveTime[0] lb[488.653] ub[521] numArcs: [615157] numFixed: [23386] time: [764]
STATS1 - lpIterations[3] lagIterations[74] sspIterations[370] numSeparations[160] numCuts[0] compileTime[9] sspSolveTime[131] lpSolveTime[0] repairTime[23] cutsTime[0] lb[488.653] ub[521] numArcs: [615157] numFixed: [23386] time: [764]
fixing. lower bound used: 322.71
fixed path dual: -85.7198
best alpha: 1
0:0
1:1
2:1
3:1
4:1
5:1
6:-1
7:0
8:-10
9:1
10:1
11:1
12:0
13:1
14:0
15:1
16:1
17:1
18:0
19:1
20:1
21:1
22:1
23:1
24:0
25:0
26:-8
27:-4
28:1
29:1
30:1
31:-6
32:1
33:1
34:1
35:1
36:1
37:1
38:1
39:1
40:1
41:1
42:1
43:0
44:1
45:1
46:-1
47:0
48:-5
49:1
50:1
alpha: 0.074604
lagLB: 445.545
stepSizeMultiplier: 0.848861
targetLowerBound: 513.085
||gamma||^2: 278
lambda: 0,7.75463,29.5999,14.1033,12.2591,19.556,15.9304,21.4314,24.3272,11.8918,10.3786,16.5263,24.0927,27.5252,20.5294,10.81,14.6023,6.02759,37.1508,14.2543,25.9561,12.0739,9.90363,17.1607,19.0638,28.3463,15.5384,13.7455,17.0279,8.14668,23.3639,16.6362,9.75302,21.4176,24.5637,19.2948,19.2741,8.49426,15.4391,22.3872,20.586,22.8703,20.0084,21.5297,17.7665,15.5679,3.46924,19.6226,17.9014,18.7112,9.77289,
mu: 
srcDuals: 
lambda: 0,6.60182,21.4801,11.4468,9.79299,13.6511,11.2499,15.3627,16.9456,9.22787,9.7663,12.3865,15.5426,21.5823,15.0118,9.95875,12.8751,4.93436,22.8354,13.7055,19.1048,13.4279,8.39818,13.2768,17.2051,19.9263,11.9471,9.2362,15.1065,9.10022,15.2124,12.656,7.99441,18.382,18.6225,17.3655,19.0471,8.03896,11.3611,19.1259,20.8953,15.0765,16.3214,17.0774,12.5128,15.6416,1.86533,10.964,13.0024,13.7356,9.13652,
mu: 
srcDuals: 
fixing. lower bound used: 438.871
percent fixed: 3.80229
fixing. lower bound used: 322.71
fixed path dual: -39.3757
best alpha: 0.1
0:0
1:0.9
2:1
3:0.9
4:1
5:0.7
6:-1
7:0
8:-8.9
9:1
10:0.7
11:0.9
12:-0.2
13:1
14:0.1
15:0.7
16:0.9
17:1
18:0.1
19:1
20:0.9
21:0.9
22:0.9
23:0.7
24:-0.3
25:0.1
26:-7.1
27:-3.5
28:0.9
29:0.9
30:1
31:-5.3
32:1
33:0.7
34:1
35:0.9
36:0.9
37:0.7
38:1
39:0.7
40:1
41:1
42:1
43:-0.1
44:0.7
45:0.7
46:-1.2
47:0.1
48:-4.4
49:0.7
50:0.9
alpha: 0.0944613
lagLB: 488.242
stepSizeMultiplier: 0.848861
targetLowerBound: 513.085
||gamma||^2: 219.56
lambda: 0,6.67642,21.5547,11.5214,9.86759,13.7257,11.1752,15.3627,16.1995,9.30248,9.8409,12.4611,15.5426,21.6569,15.0118,10.0334,12.9497,5.00897,22.8354,13.7801,19.1794,13.5025,8.47278,13.3514,17.2051,19.9263,11.3503,8.93778,15.1811,9.17483,15.287,12.2084,8.06902,18.4566,18.6971,17.4402,19.1217,8.11357,11.4357,19.2005,20.9699,15.1511,16.396,17.0774,12.5874,15.7162,1.79073,10.964,12.6294,13.8102,9.21112,
mu: 
srcDuals: 
lambda: 0,6.60182,21.4801,11.4468,9.79299,13.6511,11.2499,15.3627,16.9456,9.22787,9.7663,12.3865,15.5426,21.5823,15.0118,9.95875,12.8751,4.93436,22.8354,13.7055,19.1048,13.4279,8.39818,13.2768,17.2051,19.9263,11.9471,9.2362,15.1065,9.10022,15.2124,12.656,7.99441,18.382,18.6225,17.3655,19.0471,8.03896,11.3611,19.1259,20.8953,15.0765,16.3214,17.0774,12.5128,15.6416,1.86533,10.964,13.0024,13.7356,9.13652,
mu: 
srcDuals: 
fixing. lower bound used: 256.522
percent fixed: 3.80218
fixing. lower bound used: 322.71
fixed path dual: -39.3216
best alpha: 0.1
0:0
1:0.71
2:0.6
3:0.71
4:1
5:0.73
6:-1
7:0
8:-7.91
9:1
10:0.73
11:0.51
12:-0.08
13:1
14:0.19
15:0.73
16:0.71
17:1
18:0.19
19:1
20:0.71
21:0.31
22:0.71
23:0.43
24:-0.57
25:0.19
26:-6.29
27:-3.15
28:0.71
29:0.31
30:1
31:-4.67
32:0.8
33:0.73
34:0.8
35:0.71
36:0.71
37:0.73
38:1
39:0.73
40:1
41:1
42:1
43:-0.19
44:0.73
45:0.73
46:-1.28
47:0.19
48:-3.86
49:0.73
50:0.61
alpha: 0.119613
lagLB: 488.438
stepSizeMultiplier: 0.848861
targetLowerBound: 513.085
||gamma||^2: 173.392
lambda: 0,6.68683,21.5745,11.5318,9.88745,13.7173,11.1554,15.3627,16.1049,9.32233,9.83242,12.4715,15.5237,21.6767,15.0212,10.0249,12.9601,5.02883,22.8448,13.8,19.1898,13.5129,8.48319,13.3429,17.1767,19.9358,11.2764,8.90558,15.1915,9.18524,15.3069,12.1554,8.08887,18.4481,18.7169,17.4506,19.1321,8.10509,11.4556,19.192,20.9898,15.171,16.4159,17.068,12.5789,15.7077,1.75198,10.9734,12.5868,13.8017,9.22154,
mu: 
srcDuals: 
lambda: 0,6.60182,21.4801,11.4468,9.79299,13.6511,11.2499,15.3627,16.9456,9.22787,9.7663,12.3865,15.5426,21.5823,15.0118,9.95875,12.8751,4.93436,22.8354,13.7055,19.1048,13.4279,8.39818,13.2768,17.2051,19.9263,11.9471,9.2362,15.1065,9.10022,15.2124,12.656,7.99441,18.382,18.6225,17.3655,19.0471,8.03896,11.3611,19.1259,20.8953,15.0765,16.3214,17.0774,12.5128,15.6416,1.86533,10.964,13.0024,13.7356,9.13652,
mu: 
srcDuals: 
fixing. lower bound used: 487.521
percent fixed: 56.6226
updating best lambda arc fixing
fixing. lower bound used: 487.521
fixed path dual: -39.28
best alpha: 0.1
0:0
1:0.739
2:0.64
3:0.739
4:1
5:0.457
6:-1
7:0
8:-7.019
9:1
10:0.357
11:0.559
12:-0.372
13:1
14:0.271
15:0.357
16:0.739
17:1
18:0.271
19:1
20:0.739
21:0.379
22:0.739
23:0.187
24:-0.813
25:0.271
26:-5.561
27:-2.735
28:0.739
29:0.379
30:1
31:-4.103
32:0.82
33:0.357
34:0.82
35:0.739
36:0.739
37:0.357
38:0.9
39:0.357
40:1
41:1
42:1
43:-0.271
44:0.357
45:0.257
46:-1.352
47:0.271
48:-3.374
49:0.357
50:0.649
alpha: 0.150245
lagLB: 488.527
stepSizeMultiplier: 0.848861
targetLowerBound: 513.085
||gamma||^2: 138.041
lambda: 0,6.68674,21.5518,11.5317,9.9126,13.7384,11.1302,15.3627,15.9994,9.34749,9.85361,12.4475,15.533,21.7019,15.0345,10.0461,12.96,5.05398,22.8581,13.8251,19.1897,13.465,8.4831,13.3282,17.1369,19.949,11.1947,8.85941,15.1914,9.1373,15.332,12.0974,8.0901,18.4693,18.7182,17.4505,19.132,8.12628,11.4807,19.2132,21.0149,15.1961,16.4411,17.0547,12.6001,15.7289,1.71223,10.9867,12.5407,13.8229,9.20948,
mu: 
srcDuals: 
lambda: 0,6.60182,21.4801,11.4468,9.79299,13.6511,11.2499,15.3627,16.9456,9.22787,9.7663,12.3865,15.5426,21.5823,15.0118,9.95875,12.8751,4.93436,22.8354,13.7055,19.1048,13.4279,8.39818,13.2768,17.2051,19.9263,11.9471,9.2362,15.1065,9.10022,15.2124,12.656,7.99441,18.382,18.6225,17.3655,19.0471,8.03896,11.3611,19.1259,20.8953,15.0765,16.3214,17.0774,12.5128,15.6416,1.86533,10.964,13.0024,13.7356,9.13652,
mu: 
srcDuals: 
fixing. lower bound used: 487.712
percent fixed: 57.0717
updating best lambda arc fixing
fixing. lower bound used: 487.712
fixed path dual: -39.1659
STATS - lpIterations[3] lagIterations[79] sspIterations[395] numSeparations[160] numCuts[0] compileTime[9] sspSolveTime[137] lpSolveTime[0] lb[488.983] ub[521] numArcs: [615096] numFixed: [353399] time: [816]
STATS1 - lpIterations[3] lagIterations[79] sspIterations[395] numSeparations[160] numCuts[0] compileTime[9] sspSolveTime[137] lpSolveTime[0] repairTime[24] cutsTime[0] lb[488.983] ub[521] numArcs: [615096] numFixed: [353399] time: [816]
lambda: 0,6.71285,21.5762,11.5578,9.94323,13.7198,11.0996,15.3627,15.891,9.37812,9.81993,12.4705,15.4867,21.7325,15.0525,10.0124,12.9861,5.08461,22.8761,13.8558,19.2158,13.4849,8.50921,13.3049,17.0829,19.967,11.1116,8.82528,15.2175,9.15717,15.3627,12.0396,8.11761,18.4356,18.7457,17.4766,19.1581,8.0926,11.4963,19.1796,21.0455,15.2268,16.4717,17.0367,12.5664,15.6802,1.6622,11.0047,12.4955,13.7892,9.23403,
mu: 
srcDuals: 
best alpha: 0.1
0:0
1:0.5651
2:0.276
3:0.5651
4:1
5:0.5113
6:-1
7:-2.22045e-16
8:-6.2171
9:1
10:0.4213
11:0.2031
12:-0.2348
13:1
14:0.3439
15:0.4213
16:0.5651
17:1
18:0.3439
19:1
20:0.5651
21:-0.1589
22:0.5651
23:-0.0317
24:-1.0317
25:0.3439
26:-4.9049
27:-2.4615
28:0.5651
29:-0.1589
30:1
31:-3.5927
32:0.638
33:0.4213
34:0.638
35:0.5651
36:0.5651
37:0.4213
38:0.91
39:0.4213
40:1
41:1
42:1
43:-0.3439
44:0.4213
45:0.3313
46:-1.4168
47:0.3439
48:-2.9366
49:0.4213
50:0.3841
alpha: 0.188422
lagLB: 488.983
stepSizeMultiplier: 0.848861
targetLowerBound: 513.432
||gamma||^2: 110.146
lambda: 0,6.71285,21.5762,11.5578,9.94323,13.7198,11.0996,15.3627,15.891,9.37812,9.81993,12.4705,15.4867,21.7325,15.0525,10.0124,12.9861,5.08461,22.8761,13.8558,19.2158,13.4849,8.50921,13.3049,17.0829,19.967,11.1116,8.82528,15.2175,9.15717,15.3627,12.0396,8.11761,18.4356,18.7457,17.4766,19.1581,8.0926,11.4963,19.1796,21.0455,15.2268,16.4717,17.0367,12.5664,15.6802,1.6622,11.0047,12.4955,13.7892,9.23403,
mu: 
srcDuals: 
lambda: 0,6.71285,21.5762,11.5578,9.94323,13.7198,11.0996,15.3627,15.891,9.37812,9.81993,12.4705,15.4867,21.7325,15.0525,10.0124,12.9861,5.08461,22.8761,13.8558,19.2158,13.4849,8.50921,13.3049,17.0829,19.967,11.1116,8.82528,15.2175,9.15717,15.3627,12.0396,8.11761,18.4356,18.7457,17.4766,19.1581,8.0926,11.4963,19.1796,21.0455,15.2268,16.4717,17.0367,12.5664,15.6802,1.6622,11.0047,12.4955,13.7892,9.23403,
mu: 
srcDuals: 
fixing. lower bound used: 488.001
percent fixed: 57.7194
updating best lambda arc fixing
fixing. lower bound used: 488.001
fixed path dual: -39.4901
best alpha: 0.1
0:0
1:0.30859
2:0.3484
3:0.30859
4:1
5:0.36017
6:-0.8
7:0.1
8:-5.49539
9:1
10:0.27917
11:-0.01721
12:-0.31132
13:1
14:0.40951
15:0.27917
16:0.30859
17:1
18:0.40951
19:1
20:0.30859
21:-0.34301
22:0.30859
23:0.07147
24:-0.82853
25:0.40951
26:-4.31441
27:-2.31535
28:0.30859
29:-0.34301
30:1
31:-3.13343
32:0.6742
33:0.27917
34:0.6742
35:0.30859
36:0.30859
37:0.27917
38:0.919
39:0.27917
40:1
41:1
42:1
43:-0.20951
44:0.27917
45:0.19817
46:-1.47512
47:0.40951
48:-2.54294
49:0.27917
50:0.34569
alpha: 0.237201
lagLB: 486.843
stepSizeMultiplier: 0.848861
targetLowerBound: 513.432
||gamma||^2: 87.4949
lambda: 0,6.81933,21.6282,11.6643,10.1317,13.8161,10.9112,15.3627,14.7196,9.56654,9.89932,12.5088,15.4425,21.921,15.1173,10.0918,13.0926,5.27303,22.9409,14.0442,19.3223,13.4549,8.61569,13.2989,16.8885,20.0318,10.1874,8.36147,15.324,9.12723,15.5511,11.3626,8.23783,18.515,18.8659,17.5831,19.2646,8.17198,11.6678,19.2589,21.234,15.4152,16.6601,16.9719,12.6458,15.7426,1.39524,11.0695,11.9422,13.8686,9.3064,
mu: 
srcDuals: 
lambda: 0,6.71285,21.5762,11.5578,9.94323,13.7198,11.0996,15.3627,15.891,9.37812,9.81993,12.4705,15.4867,21.7325,15.0525,10.0124,12.9861,5.08461,22.8761,13.8558,19.2158,13.4849,8.50921,13.3049,17.0829,19.967,11.1116,8.82528,15.2175,9.15717,15.3627,12.0396,8.11761,18.4356,18.7457,17.4766,19.1581,8.0926,11.4963,19.1796,21.0455,15.2268,16.4717,17.0367,12.5664,15.6802,1.6622,11.0047,12.4955,13.7892,9.23403,
mu: 
srcDuals: 
fixing. lower bound used: 487.393
percent fixed: 58.1979
updating best lambda arc fixing
fixing. lower bound used: 487.393
fixed path dual: -39.2647
best alpha: 0.1
0:0
1:0.277731
2:0.01356
3:0.277731
4:1
5:0.424153
6:-0.62
7:0.19
8:-4.84585
9:1
10:0.251253
11:-0.215489
12:-0.480188
13:1
14:0.468559
15:0.151253
16:0.277731
17:1
18:0.468559
19:0.9
20:0.277731
21:-0.708709
22:0.277731
23:0.164323
24:-0.645677
25:0.468559
26:-3.78297
27:-1.98382
28:0.277731
29:-0.708709
30:1
31:-2.72009
32:0.50678
33:0.251253
34:0.50678
35:0.277731
36:0.277731
37:0.051253
38:0.8271
39:0.251253
40:0.9
41:1
42:0.8
43:-0.088559
44:0.051253
45:0.078353
46:-1.52761
47:0.468559
48:-2.18865
49:0.251253
50:0.111121
alpha: 0.297175
lagLB: 487.687
stepSizeMultiplier: 0.848861
targetLowerBound: 513.432
||gamma||^2: 69.8373
lambda: 0,6.78605,21.6589,11.631,10.1804,13.8052,10.9098,15.3864,14.5875,9.61532,9.88615,12.4664,15.4129,21.9697,15.1496,10.0786,13.0593,5.32181,22.9732,14.093,19.289,13.4035,8.58241,13.3218,16.8864,20.0642,10.0882,8.27607,15.2907,9.0758,15.5999,11.2963,8.27753,18.5019,18.9056,17.5498,19.2313,8.15882,11.7143,19.2458,21.2827,15.464,16.7089,16.987,12.6326,15.7272,1.3123,11.1018,11.8923,13.8554,9.31603,
mu: 
srcDuals: 
lambda: 0,6.71285,21.5762,11.5578,9.94323,13.7198,11.0996,15.3627,15.891,9.37812,9.81993,12.4705,15.4867,21.7325,15.0525,10.0124,12.9861,5.08461,22.8761,13.8558,19.2158,13.4849,8.50921,13.3049,17.0829,19.967,11.1116,8.82528,15.2175,9.15717,15.3627,12.0396,8.11761,18.4356,18.7457,17.4766,19.1581,8.0926,11.4963,19.1796,21.0455,15.2268,16.4717,17.0367,12.5664,15.6802,1.6622,11.0047,12.4955,13.7892,9.23403,
mu: 
srcDuals: 
fixing. lower bound used: 486.395
percent fixed: 58.1989
updating best lambda arc fixing
fixing. lower bound used: 486.395
fixed path dual: -38.9743
best alpha: 0.1
0:0
1:0.249958
2:-0.087796
3:0.149958
4:1
5:0.281738
6:-0.458
7:0.271
8:-4.26127
9:1
10:0.0261277
11:-0.19394
12:-0.632169
13:1
14:0.521703
15:-0.0638723
16:0.349958
17:1
18:0.521703
19:0.91
20:0.0499579
21:-0.537838
22:0.249958
23:0.247891
24:-0.481109
25:0.521703
26:-3.30467
27:-1.68543
28:0.249958
29:-0.537838
30:1
31:-2.34808
32:0.356102
33:0.0261277
34:0.556102
35:0.0499579
36:0.0499579
37:-0.153872
38:0.74439
39:0.0261277
40:0.91
41:1
42:0.82
43:0.0202969
44:-0.153872
45:-0.229482
46:-1.47485
47:0.521703
48:-1.86978
49:0.0261277
50:0.200009
alpha: 0.372747
lagLB: 488.83
stepSizeMultiplier: 0.848861
targetLowerBound: 513.432
||gamma||^2: 55.6782
lambda: 0,6.79538,21.5803,11.6403,10.2404,13.8458,10.9154,15.4191,14.4509,9.67529,9.8946,12.4065,15.344,22.0297,15.1917,10.0573,13.0687,5.38178,23.0153,14.1232,19.2983,13.2743,8.59174,13.3537,16.891,20.1063,9.9874,8.23573,15.3001,8.94656,15.6598,11.2312,8.26821,18.5103,18.8963,17.5591,19.2406,8.10783,11.7421,19.2542,21.313,15.5239,16.7094,17.0104,12.5816,15.7035,1.20823,11.1439,11.8451,13.8639,9.26705,
mu: 
srcDuals: 
lambda: 0,6.71285,21.5762,11.5578,9.94323,13.7198,11.0996,15.3627,15.891,9.37812,9.81993,12.4705,15.4867,21.7325,15.0525,10.0124,12.9861,5.08461,22.8761,13.8558,19.2158,13.4849,8.50921,13.3049,17.0829,19.967,11.1116,8.82528,15.2175,9.15717,15.3627,12.0396,8.11761,18.4356,18.7457,17.4766,19.1581,8.0926,11.4963,19.1796,21.0455,15.2268,16.4717,17.0367,12.5664,15.6802,1.6622,11.0047,12.4955,13.7892,9.23403,
mu: 
srcDuals: 
fixing. lower bound used: 487.27
percent fixed: 58.3306
updating best lambda arc fixing
fixing. lower bound used: 487.27
fixed path dual: -38.5925
STATS - lpIterations[3] lagIterations[83] sspIterations[415] numSeparations[160] numCuts[0] compileTime[9] sspSolveTime[141] lpSolveTime[0] lb[490.52] ub[521] numArcs: [615062] numFixed: [361202] time: [858]
STATS1 - lpIterations[3] lagIterations[83] sspIterations[415] numSeparations[160] numCuts[0] compileTime[9] sspSolveTime[141] lpSolveTime[0] repairTime[25] cutsTime[0] lb[490.52] ub[521] numArcs: [615062] numFixed: [361202] time: [858]
lambda: 0,6.80602,21.5435,11.6137,10.316,13.8248,10.9289,15.4637,14.3026,9.75087,9.82967,12.3982,15.2511,22.1053,15.247,9.98858,13.1166,5.45736,23.0705,14.195,19.2344,13.2844,8.60238,13.3973,16.9036,20.1615,9.87979,8.19703,15.3107,8.95669,15.7354,11.1643,8.25035,18.4454,18.9529,17.4952,19.1767,8.03524,11.7738,19.1893,21.3847,15.5995,16.7773,17.0443,12.509,15.5947,1.11245,11.1992,11.7985,13.7989,9.30858,
mu: 
srcDuals: 
best alpha: 0.1
0:0
1:0.224962
2:-0.379016
3:0.134962
4:1
5:0.353564
6:-0.3122
7:0.3439
8:-3.73514
9:0.9
10:0.0235149
11:-0.474546
12:-0.668952
13:1
14:0.569533
15:-0.0574851
16:0.314962
17:1
18:0.569533
19:0.819
20:0.0449621
21:-0.884054
22:0.224962
23:0.323102
24:-0.332998
25:0.569533
26:-2.8742
27:-1.41689
28:0.224962
29:-0.884054
30:0.9
31:-2.01327
32:0.120492
33:0.123515
34:0.300492
35:0.0449621
36:0.0449621
37:-0.238485
38:0.569951
39:0.0235149
40:0.819
41:1
42:0.638
43:0.118267
44:-0.238485
45:-0.106534
46:-1.42736
47:0.569533
48:-1.5828
49:0.0235149
50:-0.119992
alpha: 0.459626
lagLB: 490.52
stepSizeMultiplier: 0.848861
targetLowerBound: 515.046
||gamma||^2: 45.296
lambda: 0,6.80602,21.5435,11.6137,10.316,13.8248,10.9289,15.4637,14.3026,9.75087,9.82967,12.3982,15.2511,22.1053,15.247,9.98858,13.1166,5.45736,23.0705,14.195,19.2344,13.2844,8.60238,13.3973,16.9036,20.1615,9.87979,8.19703,15.3107,8.95669,15.7354,11.1643,8.25035,18.4454,18.9529,17.4952,19.1767,8.03524,11.7738,19.1893,21.3847,15.5995,16.7773,17.0443,12.509,15.5947,1.11245,11.1992,11.7985,13.7989,9.30858,
mu: 
srcDuals: 
lambda: 0,6.80602,21.5435,11.6137,10.316,13.8248,10.9289,15.4637,14.3026,9.75087,9.82967,12.3982,15.2511,22.1053,15.247,9.98858,13.1166,5.45736,23.0705,14.195,19.2344,13.2844,8.60238,13.3973,16.9036,20.1615,9.87979,8.19703,15.3107,8.95669,15.7354,11.1643,8.25035,18.4454,18.9529,17.4952,19.1767,8.03524,11.7738,19.1893,21.3847,15.5995,16.7773,17.0443,12.509,15.5947,1.11245,11.1992,11.7985,13.7989,9.30858,
mu: 
srcDuals: 
fixing. lower bound used: 488.612
percent fixed: 59.3182
updating best lambda arc fixing
fixing. lower bound used: 488.612
fixed path dual: -39.1946
best alpha: 0.1
0:0
1:0.102466
2:-0.241115
3:0.0214659
4:1
5:0.418208
6:-0.18098
7:0.40951
8:-3.26163
9:0.51
10:0.121163
11:-0.527091
12:-0.702057
13:0.9
14:0.51258
15:0.0482634
16:0.283466
17:0.9
18:0.61258
19:0.6371
20:-0.0595341
21:-0.895649
22:0.102466
23:0.390791
24:-0.199699
25:0.51258
26:-2.48678
27:-1.1752
28:0.102466
29:-0.895649
30:0.81
31:-1.71194
32:0.00844262
33:0.211163
34:0.270443
35:-0.0595341
36:-0.0595341
37:-0.414637
38:0.212956
39:0.121163
40:0.4371
41:0.9
42:0.3742
43:0.20644
44:-0.414637
45:0.00411934
46:-1.18463
47:0.61258
48:-1.32452
49:0.121163
50:-0.307993
alpha: 0.60405
lagLB: 485.76
stepSizeMultiplier: 0.848861
targetLowerBound: 515.046
||gamma||^2: 34.466
lambda: 0,6.90942,21.3693,11.6757,10.7756,13.9873,10.7854,15.6217,12.5859,10.1645,9.84048,12.1801,14.9436,22.5649,15.5087,9.96215,13.2613,5.91698,23.3323,14.5714,19.2551,12.8781,8.70578,13.5458,16.7505,20.4233,8.55873,7.5458,15.4141,8.55035,16.1491,10.239,8.30573,18.5022,19.0911,17.5159,19.1974,7.92563,12.0357,19.2001,21.7612,16.0591,17.0706,17.0986,12.3994,15.5457,0.456401,11.4609,11.071,13.8098,9.25343,
mu: 
srcDuals: 
lambda: 0,6.80602,21.5435,11.6137,10.316,13.8248,10.9289,15.4637,14.3026,9.75087,9.82967,12.3982,15.2511,22.1053,15.247,9.98858,13.1166,5.45736,23.0705,14.195,19.2344,13.2844,8.60238,13.3973,16.9036,20.1615,9.87979,8.19703,15.3107,8.95669,15.7354,11.1643,8.25035,18.4454,18.9529,17.4952,19.1767,8.03524,11.7738,19.1893,21.3847,15.5995,16.7773,17.0443,12.509,15.5947,1.11245,11.1992,11.7985,13.7989,9.30858,
mu: 
srcDuals: 
fixing. lower bound used: 487.484
percent fixed: 59.6259
updating best lambda arc fixing
fixing. lower bound used: 487.484
fixed path dual: -38.79
best alpha: 0.1
0:0
1:0.192219
2:-0.117003
3:0.119319
4:1
5:0.376387
6:-0.262882
7:0.368559
8:-2.83546
9:0.459
10:0.00904709
11:-0.674382
12:-0.731851
13:0.71
14:0.361322
15:0.143437
16:0.255119
17:0.71
18:0.651322
19:0.47339
20:0.0464193
21:-0.706084
22:0.192219
23:0.151712
24:-0.479729
25:0.361322
26:-2.13811
27:-0.957681
28:0.192219
29:-0.706084
30:0.629
31:-1.44075
32:0.107598
33:0.290047
34:0.143398
35:0.0464193
36:0.0464193
37:-0.273173
38:0.0916603
39:0.00904709
40:0.29339
41:0.71
42:0.23678
43:0.0857964
44:-0.273173
45:0.103707
46:-0.966164
47:0.651322
48:-1.09207
49:0.00904709
50:-0.377194
alpha: 0.813966
lagLB: 486.979
stepSizeMultiplier: 0.848861
targetLowerBound: 515.046
||gamma||^2: 25.5775
lambda: 0,6.86792,21.3979,11.6267,10.92,14.0774,10.8196,15.711,12.3324,10.0589,9.90286,12.0798,14.827,22.6489,15.5566,10.0177,13.2878,6.001,23.4406,14.5798,19.1985,12.7434,8.66427,13.6334,16.783,20.4711,8.37765,7.48715,15.3726,8.41567,16.2247,10.1302,8.25545,18.5729,19.1163,17.4592,19.1408,7.78478,11.9024,19.2625,21.6488,16.1432,17.0034,17.169,12.2586,15.5972,0.396879,11.5692,10.9985,13.8721,9.12254,
mu: 
srcDuals: 
lambda: 0,6.80602,21.5435,11.6137,10.316,13.8248,10.9289,15.4637,14.3026,9.75087,9.82967,12.3982,15.2511,22.1053,15.247,9.98858,13.1166,5.45736,23.0705,14.195,19.2344,13.2844,8.60238,13.3973,16.9036,20.1615,9.87979,8.19703,15.3107,8.95669,15.7354,11.1643,8.25035,18.4454,18.9529,17.4952,19.1767,8.03524,11.7738,19.1893,21.3847,15.5995,16.7773,17.0443,12.509,15.5947,1.11245,11.1992,11.7985,13.7989,9.30858,
mu: 
srcDuals: 
fixing. lower bound used: 484.956
percent fixed: 59.6345
updating best lambda arc fixing
fixing. lower bound used: 484.956
fixed path dual: -38.6243
best alpha: 0.1
0:0
1:0.0729974
2:-0.305303
3:-0.0926126
4:1
5:0.438748
6:-0.136594
7:0.431703
8:-2.45192
9:0.5131
10:0.108142
11:-0.706944
12:-0.658666
13:0.539
14:0.225189
15:0.229093
16:0.329607
17:0.639
18:0.686189
19:0.326051
20:-0.258223
21:-0.535476
22:0.0729974
23:0.236541
24:-0.331756
25:0.225189
26:-1.8243
27:-0.761913
28:0.0729974
29:-0.535476
30:0.6661
31:-1.19667
32:-0.103161
33:0.361042
34:0.229059
35:-0.258223
36:-0.258223
37:-0.245856
38:0.182494
39:0.108142
40:0.064051
41:0.539
42:0.113102
43:0.177217
44:-0.245856
45:0.193337
46:-0.769547
47:0.686189
48:-0.882864
49:0.108142
50:-0.239474
alpha: 1.05976
lagLB: 487.264
stepSizeMultiplier: 0.848861
targetLowerBound: 515.046
||gamma||^2: 19.6452
lambda: 0,6.96248,21.4483,11.7108,11.1299,14.1312,10.7149,15.7637,11.9947,10.1245,9.83704,11.8493,14.6554,22.6832,15.5411,10.1053,13.3242,6.03527,23.6007,14.5803,19.2722,12.7097,8.75884,13.5208,16.5131,20.4556,8.13945,7.41752,15.4672,8.38196,16.2474,9.9916,8.33793,18.6815,19.0697,17.533,19.2145,7.81289,11.8484,19.1967,21.6236,16.1774,16.9701,17.1141,12.2867,15.6791,0.326029,11.7293,10.9096,13.8063,9.00156,
mu: 
srcDuals: 
lambda: 0,6.80602,21.5435,11.6137,10.316,13.8248,10.9289,15.4637,14.3026,9.75087,9.82967,12.3982,15.2511,22.1053,15.247,9.98858,13.1166,5.45736,23.0705,14.195,19.2344,13.2844,8.60238,13.3973,16.9036,20.1615,9.87979,8.19703,15.3107,8.95669,15.7354,11.1643,8.25035,18.4454,18.9529,17.4952,19.1767,8.03524,11.7738,19.1893,21.3847,15.5995,16.7773,17.0443,12.509,15.5947,1.11245,11.1992,11.7985,13.7989,9.30858,
mu: 
srcDuals: 
fixing. lower bound used: 486.436
percent fixed: 59.6764
updating best lambda arc fixing
fixing. lower bound used: 486.436
fixed path dual: -39.2427
best alpha: 0.1
0:0
1:0.165698
2:-0.274773
3:0.0166486
4:1
5:-0.205127
6:-0.0229344
7:0.488533
8:-2.10672
9:-0.03821
10:-0.102672
11:-0.53625
12:-0.5928
13:0.5851
14:0.30267
15:0.206184
16:0.296647
17:0.6751
18:0.71757
19:0.393446
20:-0.1324
21:-0.381928
22:0.165698
23:0.312887
24:-0.19858
25:0.30267
26:-1.54187
27:-0.585722
28:0.165698
29:-0.381928
30:0.29949
31:-0.977007
32:-0.0928453
33:0.224938
34:-0.0938473
35:-0.1324
36:-0.1324
37:-0.12127
38:-0.135755
39:0.0973281
40:0.157646
41:0.5851
42:0.201792
43:0.259495
44:-0.12127
45:0.074003
46:-0.692593
47:0.71757
48:-0.694577
49:-0.402672
50:-0.515527
alpha: 1.38172
lagLB: 483.852
stepSizeMultiplier: 0.848861
targetLowerBound: 515.046
||gamma||^2: 15.0675
lambda: 0,6.88338,21.22,11.5156,11.3757,14.2898,10.7841,15.9212,11.7042,10.2946,9.94428,11.649,14.5531,22.6765,15.4856,10.2314,13.4659,6.13454,23.7977,14.5405,18.9608,12.7169,8.67974,13.648,16.552,20.4001,7.94648,7.38959,15.3881,8.38921,16.4413,9.89613,8.14102,18.828,19.1957,17.2215,18.9031,7.7747,11.9672,19.3039,21.4526,16.1707,16.8972,17.2321,12.2485,15.7996,0.296919,11.9264,10.8629,13.9135,9.0548,
mu: 
srcDuals: 
lambda: 0,6.80602,21.5435,11.6137,10.316,13.8248,10.9289,15.4637,14.3026,9.75087,9.82967,12.3982,15.2511,22.1053,15.247,9.98858,13.1166,5.45736,23.0705,14.195,19.2344,13.2844,8.60238,13.3973,16.9036,20.1615,9.87979,8.19703,15.3107,8.95669,15.7354,11.1643,8.25035,18.4454,18.9529,17.4952,19.1767,8.03524,11.7738,19.1893,21.3847,15.5995,16.7773,17.0443,12.509,15.5947,1.11245,11.1992,11.7985,13.7989,9.30858,
mu: 
srcDuals: 
fixing. lower bound used: 485.966
percent fixed: 59.7469
updating best lambda arc fixing
fixing. lower bound used: 485.966
fixed path dual: -40.0915
best alpha: 0.1
0:0
1:0.249128
2:-0.147295
3:0.114984
4:0.6
5:-0.084614
6:-0.120641
7:0.43968
8:-1.79605
9:0.065611
10:0.00759533
11:-0.382625
12:-0.63352
13:0.02659
14:0.172403
15:0.285566
16:0.366982
17:0.50759
18:0.745813
19:0.0541013
20:-0.0191603
21:-0.243735
22:0.249128
23:0.0815983
24:-0.478722
25:0.172403
26:-1.28768
27:-0.427149
28:0.249128
29:-0.243735
30:0.369541
31:-0.779306
32:0.0164392
33:0.302444
34:0.0155374
35:-0.0191603
36:-0.0191603
37:-0.00914305
38:-0.0221796
39:0.187595
40:-0.158119
41:0.02659
42:0.0816126
43:0.133546
44:-0.00914305
45:0.166603
46:-0.523333
47:0.545813
48:-0.525119
49:-0.262405
50:-0.363974
alpha: 2.11103
lagLB: 479.154
stepSizeMultiplier: 0.848861
targetLowerBound: 515.046
||gamma||^2: 9.86212
lambda: 0,7.03497,21.1638,11.6367,11.6977,13.5414,10.8972,16.1387,11.3917,9.69807,9.68781,11.6573,14.432,22.9137,15.6652,10.2735,13.5265,6.39016,24.062,14.7386,19.0515,12.7567,8.83133,13.8296,16.6292,20.5797,7.74936,7.38773,15.5396,8.42897,16.1492,9.81437,8.12206,18.7562,18.8233,17.3123,18.9938,7.86768,11.5862,19.3238,21.6026,16.408,17.0562,17.4028,12.3415,15.6969,0.155481,12.1906,10.8388,13.2426,8.59627,
mu: 
srcDuals: 
lambda: 0,6.80602,21.5435,11.6137,10.316,13.8248,10.9289,15.4637,14.3026,9.75087,9.82967,12.3982,15.2511,22.1053,15.247,9.98858,13.1166,5.45736,23.0705,14.195,19.2344,13.2844,8.60238,13.3973,16.9036,20.1615,9.87979,8.19703,15.3107,8.95669,15.7354,11.1643,8.25035,18.4454,18.9529,17.4952,19.1767,8.03524,11.7738,19.1893,21.3847,15.5995,16.7773,17.0443,12.509,15.5947,1.11245,11.1992,11.7985,13.7989,9.30858,
mu: 
srcDuals: 
fixing. lower bound used: 482.303
percent fixed: 59.7466
fixing. lower bound used: 485.966
fixed path dual: -40.9294
best alpha: 0.06
0:0
1:0.29418
2:-0.0784577
3:0.168085
4:0.444
5:-0.0195372
6:-0.0534025
7:0.473299
8:-1.62829
9:0.121674
10:-0.17286
11:-0.359667
12:-0.595508
13:0.0849946
14:0.222059
15:-0.211568
16:0.404963
17:0.0571346
18:0.761065
19:0.110855
20:0.0419893
21:-0.169111
22:0.29418
23:0.136702
24:-0.389999
25:0.222059
26:-1.15042
27:-0.34152
28:0.29418
29:-0.169111
30:0.407369
31:-0.672548
32:0.0754529
33:-0.195702
34:0.0746052
35:0.0419893
36:0.0419893
37:-0.428594
38:-0.0208489
39:-0.12366
40:-0.0886316
41:0.0849946
42:0.136716
43:0.185533
44:-0.0685945
45:-0.443393
46:-0.431933
47:0.453065
48:-0.433612
49:-0.24666
50:-0.282136
alpha: 2.49684
lagLB: 473.934
stepSizeMultiplier: 0.848861
targetLowerBound: 515.046
||gamma||^2: 8.3382
lambda: 0,7.33194,21.2326,11.8564,11.5826,13.6462,10.6742,16.3919,10.5111,9.88937,9.84571,11.5905,13.9137,22.1614,15.6109,10.5914,13.8913,6.52889,24.645,14.3092,19.194,12.7699,9.12829,13.5695,15.893,20.5254,7.16147,7.29531,15.8366,8.44216,16.5155,9.51918,8.28505,19.0839,18.9857,17.4548,19.1363,8.01594,11.727,19.5853,21.051,15.6556,16.9496,17.3262,12.4897,15.9464,0.00768311,12.3514,10.69,13.245,8.54022,
mu: 
srcDuals: 
lambda: 0,6.80602,21.5435,11.6137,10.316,13.8248,10.9289,15.4637,14.3026,9.75087,9.82967,12.3982,15.2511,22.1053,15.247,9.98858,13.1166,5.45736,23.0705,14.195,19.2344,13.2844,8.60238,13.3973,16.9036,20.1615,9.87979,8.19703,15.3107,8.95669,15.7354,11.1643,8.25035,18.4454,18.9529,17.4952,19.1767,8.03524,11.7738,19.1893,21.3847,15.5995,16.7773,17.0443,12.509,15.5947,1.11245,11.1992,11.7985,13.7989,9.30858,
mu: 
srcDuals: 
fixing. lower bound used: 477.125
percent fixed: 59.7429
fixing. lower bound used: 485.966
fixed path dual: -40.5658
best alpha: 0.07
0:0
1:-0.0764124
2:-0.142966
3:-0.193681
4:0.48292
5:0.0518304
6:0.0203357
7:0.510168
8:-1.44431
9:0.113157
10:-0.0907602
11:-0.404491
12:-0.483823
13:0.149045
14:0.276515
15:-0.126759
16:0.306616
17:0.123135
18:0.77779
19:0.173095
20:-0.24095
21:-0.227273
22:-0.0764124
23:0.197133
24:-0.292699
25:0.276515
26:-0.999889
27:-0.317614
28:0.0635876
29:-0.297273
30:0.448853
31:-0.555469
32:-0.209829
33:-0.112003
34:0.139383
35:-0.31095
36:-0.31095
37:-0.328593
38:-0.0193894
39:-0.0450042
40:-0.0124274
41:0.149045
42:0.197146
43:0.242546
44:0.00620715
45:-0.342356
46:-0.331698
47:0.49135
48:-0.333259
49:-0.159394
50:-0.262386
alpha: 2.9251
lagLB: 472.807
stepSizeMultiplier: 0.848861
targetLowerBound: 515.046
||gamma||^2: 7.11744
lambda: 0,7.54054,21.3476,12.0334,11.4246,13.776,10.7956,16.6454,10.237,10.0547,9.39807,11.5002,13.7642,22.3175,15.8014,9.46032,14.1277,5.60001,24.9708,14.4717,19.3393,12.8621,9.3369,13.7386,15.9298,20.7159,7.00738,7.34431,16.0452,8.53444,16.7525,9.48507,8.43874,17.9567,19.1392,17.6,19.2816,6.96511,11.7217,18.8805,21.1634,15.8117,17.1187,17.5075,12.3378,14.4876,0.0339834,12.3304,10.7159,13.1831,8.60413,
mu: 
srcDuals: 
lambda: 0,6.80602,21.5435,11.6137,10.316,13.8248,10.9289,15.4637,14.3026,9.75087,9.82967,12.3982,15.2511,22.1053,15.247,9.98858,13.1166,5.45736,23.0705,14.195,19.2344,13.2844,8.60238,13.3973,16.9036,20.1615,9.87979,8.19703,15.3107,8.95669,15.7354,11.1643,8.25035,18.4454,18.9529,17.4952,19.1767,8.03524,11.7738,19.1893,21.3847,15.5995,16.7773,17.0443,12.509,15.5947,1.11245,11.1992,11.7985,13.7989,9.30858,
mu: 
srcDuals: 
fixing. lower bound used: 470.52
percent fixed: 59.7423
fixing. lower bound used: 485.966
fixed path dual: -40.5852
best alpha: 0.1
0:0
1:0.0312288
2:-0.0286691
3:-0.0743131
4:0.534628
5:0.146647
6:-0.181698
7:0.359151
8:-1.19988
9:0.201841
10:0.0183159
11:-0.264041
12:-0.535441
13:0.23414
14:-0.151136
15:-0.0140827
16:0.375954
17:0.210822
18:0.200011
19:0.255786
20:-0.116855
21:-0.104546
22:0.0312288
23:0.0774199
24:-0.463429
25:-0.0511364
26:-0.7999
27:-0.185853
28:0.157229
29:-0.167546
30:0.503967
31:-0.399922
32:-0.088846
33:-0.000802849
34:0.225445
35:-0.179855
36:-0.179855
37:-0.195734
38:0.0825495
39:0.0594963
40:0.0888154
41:0.23414
42:0.277431
43:0.118291
44:0.105586
45:-0.20812
46:-0.198528
47:0.142215
48:-0.199934
49:-0.0434547
50:-0.136148
alpha: 4.55242
lagLB: 470.165
stepSizeMultiplier: 0.848861
targetLowerBound: 515.046
||gamma||^2: 4.57322
lambda: 0,6.58251,21.1253,11.0472,11.7286,13.9764,10.9884,16.956,10.0779,10.0819,9.56419,11.2151,13.8359,22.5412,16.0558,9.61779,14.0134,5.81754,25.3457,14.7013,18.5296,12.6196,8.37887,13.9739,16.0474,20.9703,6.95502,7.26798,15.4967,8.08714,17.0483,9.53952,7.63658,18.1178,19.3607,16.5856,18.2672,7.07408,11.7171,19.0577,21.3484,16.0355,17.354,17.7538,12.5272,14.5932,0.142205,12.6364,10.8237,13.3327,8.54108,
mu: 
srcDuals: 
lambda: 0,6.80602,21.5435,11.6137,10.316,13.8248,10.9289,15.4637,14.3026,9.75087,9.82967,12.3982,15.2511,22.1053,15.247,9.98858,13.1166,5.45736,23.0705,14.195,19.2344,13.2844,8.60238,13.3973,16.9036,20.1615,9.87979,8.19703,15.3107,8.95669,15.7354,11.1643,8.25035,18.4454,18.9529,17.4952,19.1767,8.03524,11.7738,19.1893,21.3847,15.5995,16.7773,17.0443,12.509,15.5947,1.11245,11.1992,11.7985,13.7989,9.30858,
mu: 
srcDuals: 
fixing. lower bound used: 469.429
percent fixed: 59.7417
fixing. lower bound used: 485.966
fixed path dual: -45.856
best alpha: 0.04
0:0
1:0.0699797
2:0.0124777
3:-0.0313405
4:0.273243
5:0.100781
6:-0.13443
7:0.384785
8:-1.11188
9:0.153768
10:0.0575832
11:-0.21348
12:-0.474023
13:0.264775
14:-0.105091
15:0.0264806
16:0.400916
17:0.162389
18:0.192011
19:-0.0344456
20:-0.0721808
21:-0.0603642
22:0.0699797
23:0.114323
24:-0.404892
25:-0.00909098
26:-0.727904
27:-0.138419
28:0.19094
29:-0.120844
30:0.443809
31:-0.343926
32:-0.0452921
33:0.0392293
34:0.216427
35:-0.132661
36:-0.132661
37:-0.187904
38:0.0392475
39:0.0971164
40:-0.394737
41:0.264775
42:-0.333666
43:0.153559
44:-0.098637
45:-0.159796
46:-0.150587
47:0.0965265
48:-0.151936
49:-0.00171656
50:-0.0907016
alpha: 5.48597
lagLB: 447.386
stepSizeMultiplier: 0.848861
targetLowerBound: 515.046
||gamma||^2: 3.79498
lambda: 0,6.94819,21.413,11.2754,12.7498,14.4924,10.1017,17.0987,8.84028,10.6697,9.91305,11.1962,12.8135,23.1712,14.5589,9.92447,14.8281,6.4171,23.9811,15.3594,18.7025,12.8085,8.74455,13.7497,14.7939,19.9287,6.23831,7.35096,16.0265,8.19395,18.0297,9.34371,7.84588,18.4417,19.9793,16.6764,18.3579,7.14418,12.1496,19.4601,21.7891,16.6654,18.0403,17.5828,12.9897,14.6472,0.20867,11.8466,10.8884,13.6011,8.68878,
mu: 
srcDuals: 
lambda: 0,6.80602,21.5435,11.6137,10.316,13.8248,10.9289,15.4637,14.3026,9.75087,9.82967,12.3982,15.2511,22.1053,15.247,9.98858,13.1166,5.45736,23.0705,14.195,19.2344,13.2844,8.60238,13.3973,16.9036,20.1615,9.87979,8.19703,15.3107,8.95669,15.7354,11.1643,8.25035,18.4454,18.9529,17.4952,19.1767,8.03524,11.7738,19.1893,21.3847,15.5995,16.7773,17.0443,12.509,15.5947,1.11245,11.1992,11.7985,13.7989,9.30858,
mu: 
srcDuals: 
fixing. lower bound used: 466.97
percent fixed: 59.739
fixing. lower bound used: 485.966
fixed path dual: -44.2294
best alpha: 0.06
0:0
1:0.125781
2:0.011729
3:0.0305399
4:0.316848
5:-0.0852654
6:-0.0663642
7:0.421698
8:-0.98517
9:-0.155458
10:-0.0658718
11:-0.260671
12:-0.385582
13:0.308888
14:-0.0387855
15:0.0848918
16:0.196861
17:0.212645
18:0.24049
19:0.0276211
20:-0.00784992
21:0.00325769
22:0.125781
23:0.167464
24:-0.320598
25:0.0514545
26:-0.62423
27:-0.0701134
28:0.239483
29:-0.0535935
30:-0.12282
31:-0.26329
32:-0.0425746
33:0.0968755
34:-0.0965589
35:-0.0647011
36:-0.0647011
37:-0.11663
38:-0.143107
39:0.151289
40:-0.311053
41:0.308888
42:-0.253646
43:0.204346
44:-0.0327188
45:-0.0902078
46:-0.0815518
47:0.150735
48:-0.08282
49:-0.121614
50:-0.20526
alpha: 7.07118
lagLB: 451.159
stepSizeMultiplier: 0.848861
targetLowerBound: 515.046
||gamma||^2: 2.94423
lambda: 0,7.18993,21.612,11.4418,11.815,14.3777,10.1914,17.5746,8.20287,10.5944,10.1456,11.2271,12.6506,23.5578,14.6704,10.1338,15.316,6.34822,24.1239,14.006,18.8385,12.9532,8.98629,14.0245,14.6824,20.1116,5.88653,7.43767,16.3582,8.29374,18.1701,9.27755,8.00188,18.6606,20.1403,16.7674,18.449,7.00441,11.9891,19.7221,19.2192,17.0521,14.9469,17.8867,11.9679,14.718,0.286337,11.7287,10.965,13.7895,8.811,
mu: 
srcDuals: 
lambda: 0,6.80602,21.5435,11.6137,10.316,13.8248,10.9289,15.4637,14.3026,9.75087,9.82967,12.3982,15.2511,22.1053,15.247,9.98858,13.1166,5.45736,23.0705,14.195,19.2344,13.2844,8.60238,13.3973,16.9036,20.1615,9.87979,8.19703,15.3107,8.95669,15.7354,11.1643,8.25035,18.4454,18.9529,17.4952,19.1767,8.03524,11.7738,19.1893,21.3847,15.5995,16.7773,17.0443,12.509,15.5947,1.11245,11.1992,11.7985,13.7989,9.30858,
mu: 
srcDuals: 
fixing. lower bound used: 443.025
percent fixed: 59.7376
fixing. lower bound used: 485.966
fixed path dual: -43.1418
best alpha: 0.05
0:0
1:0.169492
2:0.0611426
3:0.0790129
4:0.151006
5:-0.0310021
6:-0.213046
7:0.050613
8:-0.885912
9:-0.0976854
10:-0.0125782
11:-0.197637
12:-0.316302
13:0.143444
14:-0.0368462
15:0.130647
16:0.237018
17:0.252013
18:0.278465
19:-0.0237599
20:0.0425426
21:0.0530948
22:0.169492
23:-0.190909
24:-0.454568
25:0.0988818
26:-0.543019
27:-0.0166078
28:0.277509
29:-0.00091383
30:-0.0666788
31:-0.200126
32:0.00955413
33:0.142032
34:-0.0417309
35:-0.0114661
36:-0.0114661
37:-0.0607985
38:-0.085952
39:0.193725
40:-0.3455
41:0.143444
42:-0.190964
43:-0.0558715
44:0.0189171
45:-0.0356974
46:-0.0274742
47:0.0931981
48:-0.028679
49:-0.0655329
50:-0.144997
alpha: 9.16593
lagLB: 455.504
stepSizeMultiplier: 0.848861
targetLowerBound: 515.046
||gamma||^2: 2.27137
lambda: 0,7.69544,21.6264,11.8297,12.5565,13.2219,10.4596,18.4456,7.33632,8.65159,9.36388,10.555,12.5246,24.2895,14.9727,10.5889,14.5086,6.96101,24.7711,14.3903,19.1789,13.3074,9.4918,14.5815,14.6366,20.5253,5.46575,7.70125,17.0041,8.57772,14.8669,9.30255,7.9493,19.1304,18.2702,17.0377,18.7192,7.21053,10.7618,20.2591,19.1852,17.7837,14.9838,18.4893,12.2777,14.9568,0.535786,12.265,11.2129,12.939,7.85716,
mu: 
srcDuals: 
lambda: 0,6.80602,21.5435,11.6137,10.316,13.8248,10.9289,15.4637,14.3026,9.75087,9.82967,12.3982,15.2511,22.1053,15.247,9.98858,13.1166,5.45736,23.0705,14.195,19.2344,13.2844,8.60238,13.3973,16.9036,20.1615,9.87979,8.19703,15.3107,8.95669,15.7354,11.1643,8.25035,18.4454,18.9529,17.4952,19.1767,8.03524,11.7738,19.1893,21.3847,15.5995,16.7773,17.0443,12.509,15.5947,1.11245,11.1992,11.7985,13.7989,9.30858,
mu: 
srcDuals: 
fixing. lower bound used: 449.486
percent fixed: 59.7365
fixing. lower bound used: 485.966
fixed path dual: -47.064
best alpha: 0.04
0:0
1:-0.117288
2:0.0986969
3:-0.204148
4:0.184966
5:0.0102379
6:-0.164524
7:0.0885885
8:-0.810475
9:-0.053778
10:-0.0120751
11:-0.149732
12:-0.26365
13:0.177706
14:0.0046276
15:0.0854213
16:0.267537
17:0.201933
18:0.307327
19:0.0171905
20:-0.0391591
21:0.090971
22:-0.117288
23:-0.143273
24:-0.396386
25:0.134926
26:-0.481298
27:-0.0159435
28:-0.0135912
29:0.0391227
30:-0.0240116
31:-0.15212
32:-0.110828
33:0.0963505
34:-6.16867e-05
35:-0.171007
36:-0.171007
37:-0.0983665
38:-0.0425139
39:0.145976
40:-0.29168
41:0.177706
42:-0.143325
43:-0.0136366
44:0.0181605
45:-0.0742695
46:-0.0263752
47:0.12947
48:0.0124682
49:-0.0229116
50:-0.0991967
alpha: 10.9977
lagLB: 433.512
stepSizeMultiplier: 0.848861
targetLowerBound: 515.046
||gamma||^2: 1.89305
lambda: 0,8.35957,22.1039,12.3379,11.7001,13.5406,8.97612,15.9276,6.18243,8.85549,9.71438,10.5867,12.3519,23.4201,14.9092,11.1861,15.2891,7.76729,25.6229,13.9772,19.6244,13.7711,10.1559,11.6474,12.737,21.0678,4.90252,8.04481,17.8543,8.94831,15.1242,9.32998,8.33792,19.7472,18.5704,17.3901,19.0716,7.47797,10.986,20.965,18.2179,16.9143,15.027,16.5322,12.6824,15.2675,0.860627,12.0534,11.5357,13.1983,7.97955,
mu: 
srcDuals: 
lambda: 0,6.80602,21.5435,11.6137,10.316,13.8248,10.9289,15.4637,14.3026,9.75087,9.82967,12.3982,15.2511,22.1053,15.247,9.98858,13.1166,5.45736,23.0705,14.195,19.2344,13.2844,8.60238,13.3973,16.9036,20.1615,9.87979,8.19703,15.3107,8.95669,15.7354,11.1643,8.25035,18.4454,18.9529,17.4952,19.1767,8.03524,11.7738,19.1893,21.3847,15.5995,16.7773,17.0443,12.509,15.5947,1.11245,11.1992,11.7985,13.7989,9.30858,
mu: 
srcDuals: 
fixing. lower bound used: 448.153
percent fixed: 59.7335
fixing. lower bound used: 485.966
fixed path dual: -44.2192
best alpha: 0.05
0:0
1:-0.0614234
2:0.043762
3:-0.14394
4:0.0257174
5:0.059726
6:-0.106298
7:0.134159
8:-0.719951
9:-0.00108907
10:-0.0614713
11:-0.192245
12:-0.200468
13:0.218821
14:0.0543962
15:-0.0688497
16:-0.0958397
17:-0.00816397
18:0.241961
19:0.0663309
20:0.0127988
21:-0.0635775
22:-0.0614234
23:-0.0861094
24:-0.326566
25:0.17818
26:-0.407233
27:0.0348537
28:0.0370883
29:-0.112833
30:0.027189
31:-0.0945145
32:-0.155287
33:-0.0584671
34:0.0499414
35:-0.112457
36:-0.112457
37:-0.143448
38:0.00961181
39:-0.0113228
40:-0.227096
41:0.218821
42:-0.086159
43:0.0370452
44:-0.0327476
45:-0.220556
46:0.0249435
47:0.0729967
48:0.0618447
49:0.028234
50:-0.144237
alpha: 14.9022
lagLB: 438.912
stepSizeMultiplier: 0.848861
targetLowerBound: 515.046
||gamma||^2: 1.39705
lambda: 0,5.51613,22.6289,9.36855,12.3502,13.9374,9.1195,16.4379,5.38928,9.15943,9.69688,10.7515,12.3515,24.0596,15.2979,10.928,16.0589,7.67815,26.4504,14.384,18.8038,14.2849,7.31248,11.8216,12.5443,21.6454,4.58663,8.02169,15.1612,9.38695,15.4713,9.49135,7.0315,19.505,18.9523,15.6145,17.296,6.95344,11.3062,20.7947,18.1769,17.5539,15.2011,16.8943,12.7088,14.7779,0.822386,12.623,11.9357,13.547,8.21765,
mu: 
srcDuals: 
lambda: 0,6.80602,21.5435,11.6137,10.316,13.8248,10.9289,15.4637,14.3026,9.75087,9.82967,12.3982,15.2511,22.1053,15.247,9.98858,13.1166,5.45736,23.0705,14.195,19.2344,13.2844,8.60238,13.3973,16.9036,20.1615,9.87979,8.19703,15.3107,8.95669,15.7354,11.1643,8.25035,18.4454,18.9529,17.4952,19.1767,8.03524,11.7738,19.1893,21.3847,15.5995,16.7773,17.0443,12.509,15.5947,1.11245,11.1992,11.7985,13.7989,9.30858,
mu: 
srcDuals: 
fixing. lower bound used: 424.688
percent fixed: 59.7305
fixing. lower bound used: 485.966
fixed path dual: -46.1111
best alpha: 0.06
0:0
1:0.00226197
2:0.101136
3:-0.0753038
4:-0.0358257
5:0.116142
6:-0.0399201
7:0.18611
8:-0.616754
9:0.0589763
10:0.00221697
11:-0.120711
12:-0.12844
13:-0.154308
14:-0.0688676
15:-0.00471876
16:-0.0300893
17:0.0523259
18:-0.0725571
19:-0.0576489
20:0.0720309
21:0.000237119
22:0.00226197
23:-0.0209429
24:-0.246972
25:-0.0725107
26:-0.322799
27:0.0927625
28:0.094863
29:-0.0460634
30:0.0855576
31:-0.0288436
32:-0.0859694
33:0.00504096
34:0.106945
35:-0.0457096
36:-0.0457096
37:-0.0748413
38:0.0690351
39:0.0493565
40:-0.153471
41:0.0256916
42:-0.0209894
43:0.0948225
44:0.0292173
45:-0.147323
46:0.0834469
47:0.0686169
48:0.118134
49:0.08654
50:-0.0755826
alpha: 24.2795
lagLB: 416.003
stepSizeMultiplier: 0.848861
targetLowerBound: 515.046
||gamma||^2: 0.857481
lambda: 0,5.89067,22.1957,9.46867,10.6992,14.7149,9.34481,17.463,3.57374,9.73464,8.91361,9.53334,12.2637,25.3662,16.0576,8.96256,11.6883,5.33569,26.6763,15.1834,19.4252,12.3369,7.68703,12.1141,12.037,22.8168,3.81111,8.71643,15.8634,7.27522,16.1406,9.75584,5.93623,17.5741,19.6972,15.8193,17.5009,5.89754,11.917,19.0206,18.0005,18.8604,15.4934,17.5963,12.021,12.3079,1.48417,12.287,12.7202,14.2197,7.15913,
mu: 
srcDuals: 
lambda: 0,6.80602,21.5435,11.6137,10.316,13.8248,10.9289,15.4637,14.3026,9.75087,9.82967,12.3982,15.2511,22.1053,15.247,9.98858,13.1166,5.45736,23.0705,14.195,19.2344,13.2844,8.60238,13.3973,16.9036,20.1615,9.87979,8.19703,15.3107,8.95669,15.7354,11.1643,8.25035,18.4454,18.9529,17.4952,19.1767,8.03524,11.7738,19.1893,21.3847,15.5995,16.7773,17.0443,12.509,15.5947,1.11245,11.1992,11.7985,13.7989,9.30858,
mu: 
srcDuals: 
fixing. lower bound used: 423.021
percent fixed: 59.7289
fixing. lower bound used: 485.966
fixed path dual: -53.4839
best alpha: 0.04
0:0
1:0.0421715
2:0.137091
3:-0.0322917
4:0.00560736
5:-0.0485032
6:0.00167674
7:-0.0613349
8:-0.552084
9:-0.0633828
10:-0.0778717
11:-0.0758822
12:-0.0833022
13:-0.108136
14:-0.0261128
15:0.03547
16:0.0111143
17:0.0902328
18:-0.0296548
19:-0.015343
20:0.10915
21:0.0402276
22:0.0421715
23:-0.0201052
24:-0.197094
25:-0.0296102
26:-0.269887
27:0.009052
28:0.131069
29:-0.00422087
30:-0.117865
31:0.0123101
32:-0.0425307
33:0.0448393
34:0.0226671
35:-0.00388124
36:-0.00388124
37:-0.0318477
38:-0.0537263
39:0.0873823
40:-0.107332
41:0.064664
42:0.0198501
43:-0.0689704
44:0.0680486
45:-0.10143
46:0.040109
47:0.105872
48:-0.0065913
49:0.00307837
50:-0.0325593
alpha: 34.4944
lagLB: 387.864
stepSizeMultiplier: 0.848861
targetLowerBound: 515.046
||gamma||^2: 0.603553
lambda: 0,6.86094,23.999,9.78537,9.44615,16.6447,9.95965,19.9823,0,11.1828,9.8835,9.46743,12.1326,18.3587,13.5749,9.87401,12.386,6.7278,21.3089,12.7953,20.9833,13.2901,8.6573,12.8888,10.9072,18.401,2.0424,10.4493,17.6139,7.83829,17.8127,10.464,6.16306,18.5678,21.5495,16.3854,18.0669,6.21814,13.4499,20.3876,17.6586,16.2233,16.2677,19.3465,13.2184,12.0178,3.1385,12.8651,14.6668,15.9001,7.47347,
mu: 
srcDuals: 
lambda: 0,6.80602,21.5435,11.6137,10.316,13.8248,10.9289,15.4637,14.3026,9.75087,9.82967,12.3982,15.2511,22.1053,15.247,9.98858,13.1166,5.45736,23.0705,14.195,19.2344,13.2844,8.60238,13.3973,16.9036,20.1615,9.87979,8.19703,15.3107,8.95669,15.7354,11.1643,8.25035,18.4454,18.9529,17.4952,19.1767,8.03524,11.7738,19.1893,21.3847,15.5995,16.7773,17.0443,12.509,15.5947,1.11245,11.1992,11.7985,13.7989,9.30858,
mu: 
srcDuals: 
fixing. lower bound used: 485.966
fixed path dual: -52.3203
best alpha: 0.02
0:0
1:-0.0386719
2:0.014349
3:-0.0716458
4:0.0254952
5:-0.0275332
6:0.0216432
7:-0.0401082
8:-0.521042
9:-0.0421151
10:-0.0563143
11:-0.0543646
12:-0.0616362
13:-0.0859733
14:-0.00559059
15:0.0547606
16:0.030892
17:0.108428
18:-0.00906172
19:0.00496391
20:-0.0530333
21:0.0594231
22:0.00132807
23:0.000296946
24:-0.173152
25:-0.00901802
26:-0.244489
27:0.00887096
28:0.0884471
29:-0.00413645
30:-0.0955074
31:0.0320639
32:-0.08168
33:0.0639425
34:0.0422138
35:-0.0838036
36:-0.103804
37:-0.0112107
38:-0.0326518
39:0.105635
40:-0.0851851
41:0.0833707
42:0.0394531
43:-0.047591
44:0.0866876
45:-0.0794012
46:0.0393068
47:0.123755
48:0.0135405
49:0.0230168
50:-0.0119081
alpha: 39.7883
lagLB: 387.245
stepSizeMultiplier: 0.848861
targetLowerBound: 515.046
||gamma||^2: 0.523249
lambda: 0,8.2607,26.2724,10.4998,10.5094,12.1517,10.9867,13.348,0,7.56452,7.14354,9.78072,12.3776,18.3752,14.3462,11.2121,13.4999,8.56988,22.0476,13.6657,22.9995,14.672,10.0571,12.7038,10.105,19.1401,0.570213,8.50928,19.8318,8.81109,11.6697,11.589,6.78328,19.9921,19.7348,17.3613,19.0428,6.93668,9.92053,22.2035,17.6824,17.8301,17.4621,14.6652,14.8563,12.0959,2.49599,14.8512,11.5712,13.9051,8.18547,
mu: 
srcDuals: 
lambda: 0,6.80602,21.5435,11.6137,10.316,13.8248,10.9289,15.4637,14.3026,9.75087,9.82967,12.3982,15.2511,22.1053,15.247,9.98858,13.1166,5.45736,23.0705,14.195,19.2344,13.2844,8.60238,13.3973,16.9036,20.1615,9.87979,8.19703,15.3107,8.95669,15.7354,11.1643,8.25035,18.4454,18.9529,17.4952,19.1767,8.03524,11.7738,19.1893,21.3847,15.5995,16.7773,17.0443,12.509,15.5947,1.11245,11.1992,11.7985,13.7989,9.30858,
mu: 
srcDuals: 
fixing. lower bound used: 485.966
fixed path dual: -59.7706
best alpha: 0.01
0:0
1:-0.0282852
2:0.0242056
3:-0.0609294
4:0.00524026
5:-0.0172578
6:0.0314268
7:-0.0297071
8:-0.505832
9:-0.031694
10:-0.0457511
11:-0.0438209
12:-0.0510198
13:-0.0751136
14:0.00446531
15:0.014213
16:0.0405831
17:0.0173439
18:0.0010289
19:-0.0750857
20:-0.042503
21:0.0688289
22:0.0113148
23:0.010294
24:-0.16142
25:0.00107216
26:-0.232044
27:0.0187822
28:0.0975627
29:0.00590491
30:-0.0845523
31:0.0417433
32:-0.0708632
33:0.0733031
34:0.0517916
35:-0.0729656
36:-0.0927656
37:-0.0510986
38:-0.0223253
39:0.114578
40:-0.0743332
41:0.092537
42:-0.130941
43:-0.0371151
44:-0.0441793
45:-0.0686072
46:0.0389138
47:0.0925172
48:0.0234051
49:0.0327866
50:-0.00178906
alpha: 43.0216
lagLB: 348.933
stepSizeMultiplier: 0.848861
targetLowerBound: 515.046
||gamma||^2: 0.483924
lambda: 0,5.26733,22.1144,8.76304,11.3304,12.7293,11.79,13.8678,0,8.07518,7.58903,10.2352,12.7987,18.6845,15.0245,12.1674,14.3457,9.77153,22.71,14.3925,17.1243,15.6487,8.65522,13.4091,10.0142,19.8027,0.15199,8.54999,18.8299,8.79211,11.9353,12.4401,5.00044,20.9895,20.6326,14.1608,15.0466,7.58919,10.4746,23.3923,17.9954,18.9167,18.3471,15.1507,15.9582,12.4354,2.6764,16.1232,12.3373,14.7147,8.83478,
mu: 
srcDuals: 
lambda: 0,6.80602,21.5435,11.6137,10.316,13.8248,10.9289,15.4637,14.3026,9.75087,9.82967,12.3982,15.2511,22.1053,15.247,9.98858,13.1166,5.45736,23.0705,14.195,19.2344,13.2844,8.60238,13.3973,16.9036,20.1615,9.87979,8.19703,15.3107,8.95669,15.7354,11.1643,8.25035,18.4454,18.9529,17.4952,19.1767,8.03524,11.7738,19.1893,21.3847,15.5995,16.7773,17.0443,12.509,15.5947,1.11245,11.1992,11.7985,13.7989,9.30858,
mu: 
srcDuals: 
fixing. lower bound used: 485.966
fixed path dual: -50.655
best alpha: 0.01
0:0
1:-0.0180024
2:0.0239635
3:-0.0503201
4:0.0151879
5:-0.00708524
6:0.0411125
7:-0.01941
8:-0.490774
9:-0.021377
10:-0.0352936
11:-0.0533827
12:-0.0405096
13:-0.0643624
14:0.0144207
15:0.0240709
16:-0.0398227
17:0.0271705
18:0.0110186
19:-0.0643349
20:-0.032078
21:-0.121859
22:0.0212016
23:0.020191
24:-0.149806
25:0.0110614
26:-0.219724
27:0.0285944
28:0.106587
29:0.00584586
30:-0.0737068
31:0.0513259
32:-0.0601546
33:0.0825701
34:-0.0787263
35:-0.0622359
36:-0.0818379
37:-0.0405876
38:-0.042102
39:0.123432
40:-0.0635899
41:0.101612
42:-0.119632
43:-0.0267439
44:-0.0337375
45:-0.0579211
46:0.0285246
47:0.101592
48:0.0331711
49:0.0424588
50:-0.00177117
alpha: 44.677
lagLB: 384.503
stepSizeMultiplier: 0.848861
targetLowerBound: 515.046
||gamma||^2: 0.465993
lambda: 0,5.58915,22.5849,8.99242,10.5414,13.0823,12.2809,14.1856,0,8.38734,7.86139,10.513,13.0561,18.8738,15.4391,10.6,14.8625,6.20352,23.1148,10.9646,17.4059,16.2455,9.08916,13.8402,9.95903,20.2076,0,9.00508,19.508,9.21073,12.0978,12.9602,5.2017,21.599,21.1811,14.3561,15.1858,5.8369,10.8133,24.1186,18.1868,19.5806,11.144,15.4475,10.6084,12.6431,2.78659,15.1794,12.8055,15.2095,9.23161,
mu: 
srcDuals: 
lambda: 0,6.80602,21.5435,11.6137,10.316,13.8248,10.9289,15.4637,14.3026,9.75087,9.82967,12.3982,15.2511,22.1053,15.247,9.98858,13.1166,5.45736,23.0705,14.195,19.2344,13.2844,8.60238,13.3973,16.9036,20.1615,9.87979,8.19703,15.3107,8.95669,15.7354,11.1643,8.25035,18.4454,18.9529,17.4952,19.1767,8.03524,11.7738,19.1893,21.3847,15.5995,16.7773,17.0443,12.509,15.5947,1.11245,11.1992,11.7985,13.7989,9.30858,
mu: 
srcDuals: 
fixing. lower bound used: 485.966
fixed path dual: -49.3677
best alpha: 0.01
0:0
1:-0.00782234
2:0.0337239
3:-0.0398169
4:0.015036
5:-0.0170144
6:0.0507014
7:-0.00921591
8:-0.475866
9:-0.0111633
10:-0.104941
11:-0.0428489
12:-0.0301045
13:-0.0537188
14:0.0242765
15:-0.00616985
16:-0.0294245
17:-0.00310125
18:0.0209084
19:-0.0536915
20:-0.0217572
21:-0.110641
22:0.0309896
23:0.0299891
24:-0.138308
25:0.0209508
26:-0.207527
27:0.0383085
28:0.115521
29:0.0157874
30:-0.0629697
31:0.0608126
32:-0.0495531
33:-0.00825562
34:-0.067939
35:-0.0516136
36:-0.0710195
37:-0.0401817
38:-0.051681
39:0.0321982
40:-0.052954
41:0.110595
42:-0.108436
43:-0.0164765
44:-0.0234001
45:-0.117342
46:0.0182394
47:0.0905761
48:0.0428394
49:-0.00796582
50:0.00824654
alpha: 48.8735
lagLB: 388.164
stepSizeMultiplier: 0.848861
targetLowerBound: 515.046
||gamma||^2: 0.425981
lambda: 0,6.00173,22.6141,9.36555,10.9945,13.5083,12.7657,14.5965,0,8.7958,8.25286,10.0132,13.4412,19.2298,15.8912,11.064,11.3374,6.67125,23.5628,11.3207,17.8013,7.84007,9.54961,14.2994,10.2107,20.6557,0.0631834,9.47455,20.0727,9.21786,12.4424,13.4574,5.56282,22.1344,15.4357,14.7147,15.5204,6.22191,9.89279,24.7039,18.5437,20.1392,11.4325,15.8494,11.0018,13.0069,2.38685,15.738,13.2805,15.6959,9.22945,
mu: 
srcDuals: 
lambda: 0,6.80602,21.5435,11.6137,10.316,13.8248,10.9289,15.4637,14.3026,9.75087,9.82967,12.3982,15.2511,22.1053,15.247,9.98858,13.1166,5.45736,23.0705,14.195,19.2344,13.2844,8.60238,13.3973,16.9036,20.1615,9.87979,8.19703,15.3107,8.95669,15.7354,11.1643,8.25035,18.4454,18.9529,17.4952,19.1767,8.03524,11.7738,19.1893,21.3847,15.5995,16.7773,17.0443,12.509,15.5947,1.11245,11.1992,11.7985,13.7989,9.30858,
mu: 
srcDuals: 
fixing. lower bound used: 485.966
fixed path dual: -48.4284
best alpha: 0.01
0:0
1:-0.0877441
2:0.0433866
3:-0.0294187
4:0.0248856
5:-0.00684425
6:0.0501944
7:0.000876248
8:-0.461107
9:-0.00105163
10:-0.0938913
11:-0.0324204
12:-0.0198035
13:-0.0431816
14:0.0340337
15:0.00389185
16:-0.0191303
17:0.00692977
18:0.0306993
19:-0.0431546
20:-0.0115396
21:-0.0995344
22:-0.24932
23:0.0396892
24:-0.126925
25:0.0307413
26:-0.195451
27:0.0179254
28:-0.125634
29:0.0256295
30:-0.05234
31:0.0202045
32:-0.0490575
33:0.00182694
34:-0.0572596
35:-0.0410974
36:-0.0603093
37:-0.0297799
38:-0.0411642
39:0.0418762
40:-0.0424245
41:0.11949
42:-0.0973513
43:-0.00631173
44:-0.0131661
45:-0.106168
46:0.018057
47:0.0996704
48:0.042411
49:0.00211384
50:0.0181641
alpha: 45.6066
lagLB: 385.399
stepSizeMultiplier: 0.848861
targetLowerBound: 515.046
||gamma||^2: 0.456495
lambda: 0,6.42372,23.1917,9.66771,11.0508,12.9933,13.4068,15.0133,0,9.20528,4.70085,10.304,13.7798,19.4798,16.4334,9.68703,11.6785,5.30579,24.0924,11.5709,18.1711,7.87699,10.117,14.863,10.144,21.1854,0,10.0693,20.9566,9.72827,12.6579,14.1364,5.82852,18.0419,15.6325,14.9727,15.7058,6.07142,9.24795,20.7629,18.7967,21.0047,11.4777,16.239,11.3654,9.85976,2.00388,15.6259,13.8922,13.4096,9.71162,
mu: 
srcDuals: 
lambda: 0,6.80602,21.5435,11.6137,10.316,13.8248,10.9289,15.4637,14.3026,9.75087,9.82967,12.3982,15.2511,22.1053,15.247,9.98858,13.1166,5.45736,23.0705,14.195,19.2344,13.2844,8.60238,13.3973,16.9036,20.1615,9.87979,8.19703,15.3107,8.95669,15.7354,11.1643,8.25035,18.4454,18.9529,17.4952,19.1767,8.03524,11.7738,19.1893,21.3847,15.5995,16.7773,17.0443,12.509,15.5947,1.11245,11.1992,11.7985,13.7989,9.30858,
mu: 
srcDuals: 
fixing. lower bound used: 485.966
fixed path dual: -45.1661
best alpha: 0.03
0:0
1:-0.0551118
2:0.072085
3:0.00146385
4:-0.035861
5:0.0233611
6:-0.0413115
7:0.03085
8:-0.417274
9:0.0289799
10:-0.0610745
11:-0.0014478
12:-0.0192094
13:-0.0718862
14:-0.0869873
15:0.0337751
16:0.0114436
17:0.0367219
18:-0.0602216
19:-0.07186
20:0.0188066
21:-0.0665484
22:-0.211841
23:0.0684986
24:-0.0931171
25:-0.0901809
26:-0.159588
27:0.0173876
28:-0.091865
29:0.0548606
30:-0.0207698
31:0.0495984
32:-0.0175858
33:0.0317721
34:-0.0255418
35:-0.0098645
36:-0.0285001
37:0.00111348
38:-0.00992925
39:0.0706199
40:-0.0111517
41:0.0859049
42:-0.0644308
43:0.0238776
44:0.0172289
45:-0.0729834
46:0.0475153
47:-0.0233197
48:0.0711386
49:0.0320504
50:0.0476192
alpha: 37.7316
lagLB: 395.55
stepSizeMultiplier: 0.560248
targetLowerBound: 515.046
||gamma||^2: 0.364168
lambda: 0,2.80431,23.5222,10.272,11.4509,13.5127,13.2181,15.5036,0,9.7029,5.54761,10.9196,14.3479,20.1359,16.7991,10.1661,12.2441,5.7734,24.4706,12.2268,18.7082,8.74496,0,15.2074,11.115,21.5635,0.965919,9.01455,9.58096,10.1256,13.3484,12.0858,6.013,18.5287,16.3415,15.6209,16.4262,6.67708,9.89642,21.0991,19.4499,21.049,12.3375,16.7564,11.9086,10.7527,1.93597,15.7448,13.7328,13.8953,10.137,
mu: 
srcDuals: 
lambda: 0,6.80602,21.5435,11.6137,10.316,13.8248,10.9289,15.4637,14.3026,9.75087,9.82967,12.3982,15.2511,22.1053,15.247,9.98858,13.1166,5.45736,23.0705,14.195,19.2344,13.2844,8.60238,13.3973,16.9036,20.1615,9.87979,8.19703,15.3107,8.95669,15.7354,11.1643,8.25035,18.4454,18.9529,17.4952,19.1767,8.03524,11.7738,19.1893,21.3847,15.5995,16.7773,17.0443,12.509,15.5947,1.11245,11.1992,11.7985,13.7989,9.30858,
mu: 
srcDuals: 
fixing. lower bound used: 379.239
percent fixed: 59.7068
fixing. lower bound used: 485.966
fixed path dual: -46.3125
best alpha: 0.01
0:0
1:-0.0445607
2:-0.0286358
3:0.0114492
4:-0.0255023
5:0.0131275
6:-0.0308983
7:0.0405415
8:-0.403101
9:-0.00130988
10:-0.0504638
11:-0.0314333
12:-0.00901727
13:-0.0611673
14:-0.0761174
15:0.0434373
16:-0.0286708
17:0.0463547
18:-0.0496194
19:-0.0611414
20:0.0286185
21:-0.0658829
22:-0.199722
23:0.0778136
24:-0.0821859
25:-0.0792791
26:-0.147992
27:0.0272138
28:-0.0809464
29:0.00431204
30:-0.0105621
31:0.0591024
32:-0.0374099
33:0.0414544
34:-0.0152864
35:0.000234141
36:-0.0182151
37:0.0111023
38:-0.01983
39:0.0799137
40:-0.00104021
41:0.0950458
42:-0.0537865
43:0.0336388
44:0.0270566
45:-0.0622536
46:0.0270401
47:-0.0130865
48:0.0804272
49:0.0117299
50:0.00714296
alpha: 42.1709
lagLB: 414.016
stepSizeMultiplier: 0.560248
targetLowerBound: 515.046
||gamma||^2: 0.325833
lambda: 0,4.72656,24.2634,11.6689,8.96289,14.7063,9.37014,16.6277,0,10.8443,7.52523,12.3436,14.5263,19.3929,11.9648,11.263,13.5484,6.84293,20.7983,11.4836,19.944,10.7734,0.609286,15.9819,13.3901,16.7588,3.85828,8.8531,11.8445,11.0267,14.9517,13.0357,7.58681,19.6442,17.9892,17.123,18.1014,8.07726,11.3991,21.8539,20.964,18.8408,14.3463,17.9452,13.1591,12.8409,2.90528,10.3193,14.4827,15.0083,11.1053,
mu: 
srcDuals: 
lambda: 0,6.80602,21.5435,11.6137,10.316,13.8248,10.9289,15.4637,14.3026,9.75087,9.82967,12.3982,15.2511,22.1053,15.247,9.98858,13.1166,5.45736,23.0705,14.195,19.2344,13.2844,8.60238,13.3973,16.9036,20.1615,9.87979,8.19703,15.3107,8.95669,15.7354,11.1643,8.25035,18.4454,18.9529,17.4952,19.1767,8.03524,11.7738,19.1893,21.3847,15.5995,16.7773,17.0443,12.509,15.5947,1.11245,11.1992,11.7985,13.7989,9.30858,
mu: 
srcDuals: 
fixing. lower bound used: 417.625
percent fixed: 59.7048
fixing. lower bound used: 485.966
fixed path dual: -48.256
best alpha: 0.01
0:0
1:-0.0341151
2:-0.0183495
3:0.0213347
4:-0.0152473
5:0.0229962
6:-0.0205894
7:-0.039864
8:-0.38907
9:0.00870322
10:-0.0499592
11:-0.021119
12:0.0010729
13:-0.0505556
14:-0.0653563
15:0.033003
16:-0.0183841
17:0.0358911
18:-0.0391232
19:-0.05053
20:0.0383323
21:-0.0552241
22:-0.187725
23:-0.0229646
24:-0.0813641
25:-0.0684863
26:-0.136512
27:-0.0130584
28:-0.0701369
29:0.0142689
30:-0.000456504
31:0.0685113
32:-0.0270358
33:0.0310399
34:-0.00513355
35:0.0102318
36:-0.00803292
37:0.000991317
38:-0.00963166
39:0.0691146
40:0.00897019
41:0.104095
42:-0.0432486
43:-0.0266975
44:0.026786
45:-0.071631
46:0.0267697
47:-0.00295567
48:0.019623
49:0.0216126
50:0.0170715
alpha: 48.908
lagLB: 401.786
stepSizeMultiplier: 0.560248
targetLowerBound: 515.046
||gamma||^2: 0.280949
lambda: 0,4.92686,20.3359,12.0965,9.24052,14.3784,9.62588,17.1734,0,9.69563,7.70157,11.0727,14.8708,19.5258,12.037,11.8204,11.9075,7.41217,20.978,11.6166,20.4413,10.5061,0.179915,16.6788,13.4377,16.8182,3.63884,9.34466,11.8971,9.13853,15.29,13.6567,6.67274,20.1936,18.3083,17.5051,18.4086,8.50344,10.9375,22.5593,21.3409,19.6077,14.5091,18.4629,13.65,12.9694,2.25276,10.6473,15.1902,14.2936,9.60981,
mu: 
srcDuals: 
lambda: 0,6.80602,21.5435,11.6137,10.316,13.8248,10.9289,15.4637,14.3026,9.75087,9.82967,12.3982,15.2511,22.1053,15.247,9.98858,13.1166,5.45736,23.0705,14.195,19.2344,13.2844,8.60238,13.3973,16.9036,20.1615,9.87979,8.19703,15.3107,8.95669,15.7354,11.1643,8.25035,18.4454,18.9529,17.4952,19.1767,8.03524,11.7738,19.1893,21.3847,15.5995,16.7773,17.0443,12.509,15.5947,1.11245,11.1992,11.7985,13.7989,9.30858,
mu: 
srcDuals: 
fixing. lower bound used: 408.722
percent fixed: 59.7024
fixing. lower bound used: 485.966
fixed path dual: -43.8562
best alpha: 0.01
0:0
1:-0.0237739
2:-0.00816597
3:0.0311214
4:-0.0250948
5:0.00276623
6:-0.0103835
7:-0.0294653
8:-0.37518
9:0.0186162
10:-0.0794596
11:-0.0109078
12:-0.0189378
13:-0.0400501
14:-0.0547027
15:-0.00732706
16:-0.00820026
17:0.0155322
18:-0.028732
19:-0.0500247
20:0.047949
21:-0.0446718
22:-0.175848
23:-0.0127349
24:-0.0705504
25:-0.0578015
26:-0.125147
27:-0.0029278
28:-0.0594355
29:0.0241262
30:0.00954806
31:0.0778262
32:-0.0167655
33:-0.00927053
34:0.00491778
35:0.0201295
36:0.00204741
37:-0.0390186
38:0.000464661
39:0.0284234
40:-0.0111195
41:0.0730544
42:-0.0328161
43:-0.0164306
44:-0.00348182
45:-0.110915
46:0.016502
47:0.00707389
48:0.0294267
49:0.00139649
50:0.0269008
alpha: 54.269
lagLB: 417.56
stepSizeMultiplier: 0.560248
targetLowerBound: 515.046
||gamma||^2: 0.253196
lambda: 0,5.13752,20.6461,12.6571,9.57026,14.9495,9.9219,13.514,0,10.1765,7.38627,11.3653,15.3036,19.6327,12.0505,11.6027,12.2174,7.21272,21.1571,11.7236,21.1092,10.5835,0,12.2741,12.9242,16.812,3.20326,7.55838,11.8804,9.65455,15.7131,14.5151,6.92808,19.9635,18.7019,17.9956,18.7839,8.08373,11.3027,22.5695,21.8235,20.6906,14.6621,15.7386,13.8191,12.0913,2.42171,11.0546,12.7583,14.856,10.1435,
mu: 
srcDuals: 
lambda: 0,6.80602,21.5435,11.6137,10.316,13.8248,10.9289,15.4637,14.3026,9.75087,9.82967,12.3982,15.2511,22.1053,15.247,9.98858,13.1166,5.45736,23.0705,14.195,19.2344,13.2844,8.60238,13.3973,16.9036,20.1615,9.87979,8.19703,15.3107,8.95669,15.7354,11.1643,8.25035,18.4454,18.9529,17.4952,19.1767,8.03524,11.7738,19.1893,21.3847,15.5995,16.7773,17.0443,12.509,15.5947,1.11245,11.1992,11.7985,13.7989,9.30858,
mu: 
srcDuals: 
fixing. lower bound used: 395.561
percent fixed: 59.7014
fixing. lower bound used: 485.966
fixed path dual: -44.8395
best alpha: 0.01
0:0
1:-0.0135362
2:-0.0180843
3:-0.00918985
4:-0.0148439
5:0.0127386
6:-0.000279636
7:-0.0191707
8:-0.361428
9:0.02843
10:-0.068665
11:-0.0107987
12:-0.00874845
13:-0.0296496
14:-0.0441557
15:0.00274621
16:-0.0281183
17:0.0253769
18:-0.0184447
19:-0.0395244
20:-0.0425305
21:-0.0342251
22:-0.164089
23:-0.00260757
24:-0.0598449
25:-0.0472234
26:-0.113895
27:0.00710148
28:-0.0488412
29:-0.026115
30:0.0194526
31:0.087048
32:-0.0165978
33:0.000822171
34:0.0148686
35:-0.0700718
36:-0.0879731
37:-0.0286284
38:-0.00953999
39:0.0381392
40:-0.00100832
41:0.0823238
42:-0.022488
43:-0.00626626
44:0.006553
45:-0.0998056
46:0.016337
47:0.0170032
48:0.0391325
49:0.0113825
50:0.0366318
alpha: 57.2451
lagLB: 405.421
stepSizeMultiplier: 0.560248
targetLowerBound: 515.046
||gamma||^2: 0.240032
lambda: 0,5.51583,21.1003,13.3026,8.95411,13.9749,10.3654,13.8646,0,10.7611,5.51748,11.8063,14.2233,19.9318,12.2783,9.59094,12.6715,6.30027,21.5113,11.4802,21.8366,10.8601,0,12.7062,13.0749,17.0247,3.0882,8.03815,12.0852,10.266,16.2536,15.3879,7.3405,17.9423,19.2198,18.5876,19.2878,5.91775,11.799,20.7318,20.7813,19.5641,14.9964,16.1526,12.3201,9.57544,2.008,11.5831,13.3955,13.8747,10.7685,
mu: 
srcDuals: 
lambda: 0,6.80602,21.5435,11.6137,10.316,13.8248,10.9289,15.4637,14.3026,9.75087,9.82967,12.3982,15.2511,22.1053,15.247,9.98858,13.1166,5.45736,23.0705,14.195,19.2344,13.2844,8.60238,13.3973,16.9036,20.1615,9.87979,8.19703,15.3107,8.95669,15.7354,11.1643,8.25035,18.4454,18.9529,17.4952,19.1767,8.03524,11.7738,19.1893,21.3847,15.5995,16.7773,17.0443,12.509,15.5947,1.11245,11.1992,11.7985,13.7989,9.30858,
mu: 
srcDuals: 
fixing. lower bound used: 408.796
percent fixed: 59.6986
fixing. lower bound used: 485.966
fixed path dual: -45.6648
best alpha: 0.01
0:0
1:-0.00340082
2:-0.00790347
3:0.000902052
4:-0.00469546
5:-0.0373888
6:0.00972316
7:-0.00897895
8:-0.347813
9:-0.0718543
10:-0.0579783
11:-0.0106907
12:-0.00866096
13:-0.0193531
14:-0.0337141
15:0.0127187
16:-0.0178371
17:0.0351231
18:-0.00826023
19:-0.0291292
20:-0.0321052
21:-0.0238829
22:-0.152448
23:0.00741851
24:-0.0492465
25:-0.0367512
26:-0.102756
27:0.0170305
28:-0.0383528
29:-0.0158539
30:-0.0207419
31:0.0961775
32:-0.00643186
33:0.0108139
34:-0.0352801
35:-0.0593711
36:-0.0770933
37:-0.0183421
38:-0.0394446
39:0.0477578
40:0.00900177
41:0.0915006
42:-0.0122631
43:0.0037964
44:0.0164875
45:-0.0888075
46:-0.0138263
47:0.0268331
48:0.0487412
49:-0.0387313
50:-0.0137345
alpha: 61.5565
lagLB: 398.206
stepSizeMultiplier: 0.560248
targetLowerBound: 515.046
||gamma||^2: 0.22322
lambda: 0,6.03114,20.5083,11.0876,9.46624,14.554,10.9129,14.3663,0,11.3783,5.89894,11.7801,14.7503,20.408,12.7193,10.1458,11.5069,6.91006,22.0147,11.9324,16.7998,11.3252,0,13.248,13.4778,17.4582,3.35984,8.60356,12.5148,7.46173,16.849,16.1474,7.3002,18.4925,19.8041,13.4839,14.1407,6.39641,11.2277,21.3726,21.327,20.3122,15.49,16.6856,12.8842,9.88129,2.04767,12.1725,14.0387,14.4505,11.4056,
mu: 
srcDuals: 
lambda: 0,6.80602,21.5435,11.6137,10.316,13.8248,10.9289,15.4637,14.3026,9.75087,9.82967,12.3982,15.2511,22.1053,15.247,9.98858,13.1166,5.45736,23.0705,14.195,19.2344,13.2844,8.60238,13.3973,16.9036,20.1615,9.87979,8.19703,15.3107,8.95669,15.7354,11.1643,8.25035,18.4454,18.9529,17.4952,19.1767,8.03524,11.7738,19.1893,21.3847,15.5995,16.7773,17.0443,12.509,15.5947,1.11245,11.1992,11.7985,13.7989,9.30858,
mu: 
srcDuals: 
fixing. lower bound used: 400.209
percent fixed: 59.6969
fixing. lower bound used: 485.966
fixed path dual: -45.1247
best alpha: 0.01
0:0
1:0.00663319
2:0.00217556
3:0.010893
4:-0.0646485
5:-0.0270149
6:0.0196259
7:0.00111084
8:-0.334335
9:-0.0611357
10:-0.0473985
11:-0.000583828
12:-0.00857435
13:-0.00915956
14:-0.023377
15:0.0225916
16:-0.0076587
17:0.0247719
18:0.00182237
19:-0.0688379
20:-0.0217841
21:-0.013644
22:-0.140924
23:0.0173443
24:-0.038754
25:-0.0263837
26:-0.0917289
27:0.0268602
28:-0.0279692
29:-0.00569535
30:-0.0105345
31:0.105216
32:0.00363246
33:0.0207058
34:-0.0249273
35:-0.0487774
36:-0.0663224
37:-0.0081587
38:-0.0290501
39:0.0572802
40:-0.131088
41:-0.0694144
42:-0.0321404
43:0.0137584
44:0.0163226
45:-0.0779194
46:-0.00368809
47:0.0265648
48:0.0582537
49:-0.028344
50:-0.00359717
alpha: 62.307
lagLB: 397.477
stepSizeMultiplier: 0.560248
targetLowerBound: 515.046
||gamma||^2: 0.220531
lambda: 0,6.59668,21.057,11.6692,10.0269,11.5233,11.5274,14.911,0,5.32777,6.26073,11.7401,14.7179,20.914,13.1716,10.7715,12.0186,7.61941,22.5621,12.4019,17.2582,11.8142,0,13.8539,13.8722,17.8992,3.55447,9.24537,12.9498,7.98078,14.4586,17.0847,7.85443,19.1111,16.7812,13.8405,14.4311,6.90617,9.34571,22.1291,21.9389,21.232,16.0225,17.278,13.524,10.128,0.261352,12.8509,14.7989,11.4148,8.46313,
mu: 
srcDuals: 
lambda: 0,6.80602,21.5435,11.6137,10.316,13.8248,10.9289,15.4637,14.3026,9.75087,9.82967,12.3982,15.2511,22.1053,15.247,9.98858,13.1166,5.45736,23.0705,14.195,19.2344,13.2844,8.60238,13.3973,16.9036,20.1615,9.87979,8.19703,15.3107,8.95669,15.7354,11.1643,8.25035,18.4454,18.9529,17.4952,19.1767,8.03524,11.7738,19.1893,21.3847,15.5995,16.7773,17.0443,12.509,15.5947,1.11245,11.1992,11.7985,13.7989,9.30858,
mu: 
srcDuals: 
fixing. lower bound used: 394.162
percent fixed: 59.6945
fixing. lower bound used: 485.966
fixed path dual: -41.5218
best alpha: 0.01
0:0
1:0.0165669
2:0.0121538
3:0.0207841
4:-0.054002
5:-0.0167448
6:-0.000570331
7:-0.0789003
8:-0.320992
9:-0.0505244
10:-0.0369245
11:0.00942201
12:0.00151139
13:0.000932031
14:-0.0131432
15:0.0323656
16:0.00241789
17:0.0345242
18:0.0118041
19:-0.0581495
20:-0.0115663
21:-0.00350761
22:-0.129515
23:-0.0828291
24:-0.0683665
25:-0.0161199
26:-0.0808116
27:-0.0334084
28:-0.0176896
29:0.00436161
30:-0.000429181
31:0.114164
32:0.00359614
33:0.0304988
34:-0.014678
35:-0.0382896
36:-0.0556592
37:0.00192288
38:-0.0187596
39:0.0667074
40:-0.119777
41:-0.0587203
42:-0.021819
43:-0.0363791
44:0.0261594
45:-0.0671402
46:-0.00365121
47:0.0362991
48:-0.0323288
49:-0.0180605
50:0.0064388
alpha: 65.1081
lagLB: 412.921
stepSizeMultiplier: 0.560248
targetLowerBound: 515.046
||gamma||^2: 0.211044
lambda: 0,7.21932,21.6791,12.2924,6.28792,12.1416,12.1517,15.5329,0,5.94168,6.87641,12.3618,14.7168,21.5346,13.7904,11.3962,12.6394,7.00082,23.1841,9.90587,17.8771,12.4343,0,14.478,14.4889,18.5176,4.16444,9.87061,13.568,8.60183,15.079,17.72,8.47668,19.7355,17.3998,14.456,15.0444,7.5269,9.96375,22.7583,13.217,11.2745,14.7748,17.9015,13.5261,10.7397,0.88266,12.8543,15.4282,12.0329,9.08445,
mu: 
srcDuals: 
lambda: 0,6.80602,21.5435,11.6137,10.316,13.8248,10.9289,15.4637,14.3026,9.75087,9.82967,12.3982,15.2511,22.1053,15.247,9.98858,13.1166,5.45736,23.0705,14.195,19.2344,13.2844,8.60238,13.3973,16.9036,20.1615,9.87979,8.19703,15.3107,8.95669,15.7354,11.1643,8.25035,18.4454,18.9529,17.4952,19.1767,8.03524,11.7738,19.1893,21.3847,15.5995,16.7773,17.0443,12.509,15.5947,1.11245,11.1992,11.7985,13.7989,9.30858,
mu: 
srcDuals: 
fixing. lower bound used: 394.907
percent fixed: 59.6928
fixing. lower bound used: 485.966
fixed path dual: -45.2889
best alpha: 0.01
0:0
1:0.0264012
2:0.0220323
3:0.0305763
4:-0.043462
5:-0.00657733
6:0.00943537
7:-0.0681113
8:-0.307782
9:-0.0400191
10:-0.0465553
11:0.0193278
12:-0.00850372
13:0.0109227
14:-0.00301178
15:-0.057958
16:0.0123937
17:-0.0458211
18:0.0216861
19:-0.047568
20:-0.00145063
21:0.00652747
22:-0.11822
23:-0.0720008
24:-0.0576828
25:-0.00595866
26:-0.0700035
27:-0.0230744
28:-0.00751266
29:0.014318
30:0.00957511
31:0.123022
32:0.0135602
33:-0.0498062
34:-0.00453123
35:-0.0279067
36:-0.0451026
37:-0.0780963
38:-0.00857204
39:0.0160403
40:-0.10858
41:-0.0481331
42:-0.0116008
43:-0.0260154
44:-0.0141022
45:-0.146469
46:-0.00361469
47:0.0259361
48:-0.0220055
49:-0.00787994
50:0.0163744
alpha: 65.531
lagLB: 390.27
stepSizeMultiplier: 0.560248
targetLowerBound: 515.046
||gamma||^2: 0.209682
lambda: 0,7.88466,22.3348,12.9669,6.80001,12.7346,10.8918,10.3266,0,6.46132,7.42559,13.0117,15.3495,22.166,14.3912,12.0958,13.274,7.70516,23.8391,10.4089,18.4814,13.056,0.169925,8.00445,12.4524,19.112,4.6183,6.02187,14.159,9.24066,15.7075,18.5973,8.48449,20.4311,17.9973,15.0022,15.5529,8.16044,10.5524,23.5325,13.5863,11.7764,15.3567,14.6757,14.2122,11.2233,0.87473,13.5625,9.69367,12.6231,9.7278,
mu: 
srcDuals: 
lambda: 0,6.80602,21.5435,11.6137,10.316,13.8248,10.9289,15.4637,14.3026,9.75087,9.82967,12.3982,15.2511,22.1053,15.247,9.98858,13.1166,5.45736,23.0705,14.195,19.2344,13.2844,8.60238,13.3973,16.9036,20.1615,9.87979,8.19703,15.3107,8.95669,15.7354,11.1643,8.25035,18.4454,18.9529,17.4952,19.1767,8.03524,11.7738,19.1893,21.3847,15.5995,16.7773,17.0443,12.509,15.5947,1.11245,11.1992,11.7985,13.7989,9.30858,
mu: 
srcDuals: 
fixing. lower bound used: 485.966
fixed path dual: -46.1478
best alpha: 0.01
0:0
1:0.0161372
2:-0.0281881
3:0.0202705
4:-0.0330274
5:0.00348844
6:0.019341
7:-0.0574302
8:-0.294704
9:-0.0296189
10:-0.0360897
11:-0.0108655
12:0.00158131
13:0.0208135
14:0.00701833
15:-0.0473784
16:-0.00773023
17:-0.0353629
18:0.0314692
19:-0.0370923
20:-0.00143612
21:-0.113538
22:-0.107037
23:-0.0612808
24:-0.047106
25:0.00410092
26:-0.0593035
27:-0.0128436
28:-0.0174375
29:-0.0458252
30:0.0194794
31:0.111792
32:-0.0265754
33:-0.0393082
34:-0.00448592
35:-0.0276276
36:-0.0446516
37:-0.0673154
38:0.00151368
39:0.0258799
40:-0.0974938
41:-0.0376517
42:-0.00148484
43:-0.0157552
44:-0.00396121
45:-0.135004
46:-0.00357855
47:0.0356768
48:-0.0117855
49:0.00219886
50:-0.0837893
alpha: 68.9805
lagLB: 376.333
stepSizeMultiplier: 0.560248
targetLowerBound: 515.046
||gamma||^2: 0.199196
lambda: 0,8.53612,22.9873,13.6174,7.46787,13.3938,11.5472,11.0003,0,7.12837,6.77886,13.6648,14.6938,22.8211,15.0496,6.19053,13.9287,2.45465,24.4917,11.0778,19.1394,13.7121,0.85533,8.679,13.1236,19.771,5.29239,6.68495,14.8184,9.89496,16.3629,19.2261,9.13896,15.1815,18.656,15.6664,16.2211,2.91751,11.212,20.2404,14.2694,12.4453,16.0171,15.3395,11.5849,5.99641,0.875579,12.8988,10.3565,13.2826,10.3816,
mu: 
srcDuals: 
lambda: 0,6.80602,21.5435,11.6137,10.316,13.8248,10.9289,15.4637,14.3026,9.75087,9.82967,12.3982,15.2511,22.1053,15.247,9.98858,13.1166,5.45736,23.0705,14.195,19.2344,13.2844,8.60238,13.3973,16.9036,20.1615,9.87979,8.19703,15.3107,8.95669,15.7354,11.1643,8.25035,18.4454,18.9529,17.4952,19.1767,8.03524,11.7738,19.1893,21.3847,15.5995,16.7773,17.0443,12.509,15.5947,1.11245,11.1992,11.7985,13.7989,9.30858,
mu: 
srcDuals: 
fixing. lower bound used: 485.966
fixed path dual: -41.221
best alpha: 0.02
0:0
1:-0.00418556
2:-0.00762429
3:-0.000134912
4:-0.0123668
5:0.0234187
6:-0.0010458
7:-0.0362816
8:-0.26881
9:-0.00902656
10:-0.015368
11:0.00935182
12:-0.0184503
13:0.0403972
14:-0.053122
15:-0.0264309
16:0.0124244
17:-0.0146556
18:-0.0691601
19:-0.0163505
20:-0.0014074
21:-0.0912671
22:-0.0848966
23:-0.0400552
24:-0.0261638
25:-0.0559811
26:-0.0381174
27:0.00741326
28:-0.0370888
29:-0.0249087
30:0.0390898
31:0.0895559
32:-0.0260439
33:-0.018522
34:0.0156038
35:-0.0270751
36:-0.0437585
37:-0.0459691
38:0.0214834
39:0.0453623
40:-0.0755439
41:-0.0168987
42:0.0185449
43:0.0045599
44:0.016118
45:-0.112304
46:0.016493
47:-0.0250367
48:0.00845026
49:0.0221549
50:-0.0621135
alpha: 89.9384
lagLB: 389.384
stepSizeMultiplier: 0.560248
targetLowerBound: 515.046
||gamma||^2: 0.152779
lambda: 0,7.91917,19.5991,13.012,8.03773,14.0654,12.263,11.5021,0,7.70774,7.34018,11.6487,15.3602,23.541,15.7311,6.72039,12.5833,3.01801,25.2413,11.6363,19.1354,5.4525,1.21889,9.17011,13.6542,20.4444,5.78901,7.31108,14.1078,5.79564,17.0791,18.8758,6.41716,15.7339,18.6435,15.5894,16.0966,3.3918,11.8782,20.9745,14.6596,13.0023,16.6749,15.9575,12.2358,6.28201,0.865603,13.6602,10.9856,13.9506,3.52875,
mu: 
srcDuals: 
lambda: 0,6.80602,21.5435,11.6137,10.316,13.8248,10.9289,15.4637,14.3026,9.75087,9.82967,12.3982,15.2511,22.1053,15.247,9.98858,13.1166,5.45736,23.0705,14.195,19.2344,13.2844,8.60238,13.3973,16.9036,20.1615,9.87979,8.19703,15.3107,8.95669,15.7354,11.1643,8.25035,18.4454,18.9529,17.4952,19.1767,8.03524,11.7738,19.1893,21.3847,15.5995,16.7773,17.0443,12.509,15.5947,1.11245,11.1992,11.7985,13.7989,9.30858,
mu: 
srcDuals: 
checking cuts, max violation: 1.01574, num cuts: 3
new capacity cutset: 1 2 3 4 5 6 7 8 9 10 11 12 13 14 15 16 17 18 19 20 21 22 23 24 25 26 27 28 29 30 31 32 33 34 35 36 37 38 39 40 41 42 43 44 45 46 47 48 49 50 <= 45
new capacity cutset: 2 3 4 5 6 7 8 9 10 11 12 13 14 15 16 17 18 19 20 21 22 23 24 25 26 28 29 30 31 33 34 35 36 37 38 39 40 41 42 43 44 45 47 48 49 50 <= 41
new capacity cutset: 1 2 3 9 10 11 15 16 20 21 22 28 29 30 32 33 34 35 36 38 39 45 49 50 <= 21
max violation: 0.704469
new strengthened comb with 3 teeth
handle: 15,37,44,
tooth: 15,45,33,39,10,49,5,38,9,30,34,50,21,16,29,2,11,20,35,36,3,28,22,
tooth: 42,44,0,17,12,47,4,18,46,40,19,41,13,25,14,6,27,
tooth: 17,37,
>= 20
new strengthened comb with 3 teeth
handle: 15,17,37,44,
tooth: 15,45,33,39,10,49,5,38,9,30,34,50,21,16,29,2,11,20,35,36,3,28,22,
tooth: 42,44,
tooth: 12,37,0,17,47,4,18,46,
>= 22
new strengthened comb with 3 teeth
handle: 20,2,29,
tooth: 20,35,36,3,
tooth: 21,29,
tooth: 2,32,0,46,11,
>= 18
new strengthened comb with 3 teeth
handle: 24,23,43,
tooth: 7,43,
tooth: 7,23,
tooth: 6,24,0,14,25,18,47,12,46,27,4,17,5,13,32,37,48,1,22,28,11,38,49,9,41,2,16,29,21,50,34,30,10,39,33,45,15,44,42,40,19,20,3,36,35,8,26,31,
>= 10
route with flow 0.115346 : 0,6,24,43,7,26,8,31,26,8,48,27,0, 5,4331,604772,604820,604831,179151,287618,342905,378001,485877,557959,592808,
route with flow 0.21988 : 0,12,47,18,25,14,6,0, 11,33480,137252,603341,470925,560741,592862,
route with flow 0.115346 : 0,27,48,26,8,31,26,8,31,26,8,27,0, 26,4453,598884,73269,176068,231355,266451,374918,430205,465120,560660,592874,
route with flow 0.115346 : 0,46,27,48,8,31,26,8,31,26,8,48,0, 45,174,606469,606517,606542,221655,256751,365218,420505,455601,554243,592756,
route with flow 0.115346 : 0,48,8,31,26,8,31,26,8,48,27,46,0, 47,6715,595850,125423,159751,268218,323505,358601,466869,543903,579028,593251,
route with flow 0.0858756 : 0,1,22,28,3,36,35,20,29,21,50,16,11,46,0, 0,315,4971,599872,608055,608100,608146,608162,373406,411846,459617,528459,578934,593251,
route with flow 0.0286388 : 0,5,49,10,39,33,45,15,44,37,12,46,0, 4,13202,596742,596779,596820,596865,596896,608215,443892,488457,579295,593260,
route with flow 0.105838 : 0,6,24,23,43,24,23,7,43,24,23,24,6,0, 5,4331,604753,606754,130128,178293,254519,346267,401152,449893,523860,562148,592862,
route with flow 0.0815154 : 0,12,37,44,15,45,33,39,10,49,5,46,0, 11,33470,601230,606896,188256,236793,345779,415251,441527,523547,579349,593259,
route with flow 0.0815154 : 0,46,5,49,10,39,33,45,15,44,37,12,0, 45,152,597473,597515,597545,612638,292338,343234,391664,467904,512142,591809,
route with flow 0.0337743 : 0,11,16,21,29,20,35,36,3,28,22,1,27,0, 10,9606,596189,85866,113187,243245,327054,358936,433940,501581,537991,562543,592874,
route with flow 0.080321 : 0,32,2,29,21,34,50,21,29,2,11,46,0, 31,1962,596312,603563,603610,603633,323938,363228,392933,530743,579364,593259,
route with flow 0.090121 : 0,46,11,2,29,21,34,50,21,29,2,32,0, 45,158,595386,614185,614232,614248,330851,382138,421428,451133,570249,593082,
route with flow 0.0616431 : 0,38,49,10,39,33,45,15,45,44,37,12,0, 37,4503,597232,597272,597305,238988,289884,338315,387154,463152,507465,591712,
route with flow 0.0371146 : 0,27,1,22,28,3,36,35,20,29,21,16,11,0, 26,4407,598137,598175,598210,608421,608465,608510,608536,446156,483994,547965,592584,
route with flow 0.0217045 : 0,12,37,44,42,40,19,42,44,15,37,12,0, 11,33470,601230,606891,202026,237411,280549,342727,419476,469282,512142,591809,
route with flow 0.0701925 : 0,2,20,35,36,3,36,35,20,32,0, 1,36569,155993,239754,271636,346648,378319,458099,570375,593082,
route with flow 0.0608727 : 0,32,1,22,28,3,36,35,20,2,11,0, 31,1961,10833,596972,608602,608646,608690,608735,608739,538846,592429,
route with flow 0.0598766 : 0,11,16,50,34,30,39,10,49,38,11,0, 10,9606,596220,596255,598780,307415,376451,402727,486391,551626,592658,
route with flow 0.0267956 : 0,12,37,15,44,42,19,40,42,44,37,12,0, 11,33470,601241,601260,186847,250505,295097,329631,391227,467763,512142,591809,
route with flow 0.0929047 : 0,38,9,50,21,29,20,35,36,3,28,22,1,32,0, 37,4464,595188,614545,94798,122407,252945,336754,368636,443640,511034,545613,567694,593022,
route with flow 0.0297729 : 0,11,38,9,16,50,34,30,9,38,11,0, 10,9628,594777,594790,167552,217202,340581,433487,487720,551626,592658,
route with flow 0.0297729 : 0,12,37,44,42,40,19,40,42,44,37,17,12,0, 11,33470,601230,606891,202026,237411,280547,315081,376677,453448,497966,513211,591809,
route with flow 0.0297729 : 0,32,1,22,28,3,36,35,20,29,21,50,9,38,0, 31,1961,10833,596972,608602,608646,608690,608735,608753,431606,469769,516402,558852,592816,
route with flow 0.0665296 : 0,37,44,42,40,19,40,41,13,25,14,0, 36,827,614413,67813,99449,140185,174430,301667,413617,542824,592542,
route with flow 0.033081 : 0,5,49,10,39,30,34,50,9,38,11,0, 4,13202,596742,596779,596815,602311,374501,425776,478360,544344,592507,
route with flow 0.033081 : 0,6,24,23,43,24,23,24,43,7,23,24,6,0, 5,4331,604753,606754,130128,178293,254535,304606,357630,447903,523988,562148,592862,
route with flow 0.0784596 : 0,12,17,42,19,40,41,13,25,14,0, 11,33450,604037,604046,140185,174430,301667,413617,542824,592542,
route with flow 0.033081 : 0,14,25,13,41,40,19,42,17,12,0, 13,13227,113812,607576,618854,618897,618911,497063,513164,591809,
route with flow 0.0367567 : 0,11,2,20,35,36,3,28,22,1,32,0, 10,9593,610523,248095,331904,363786,438790,506333,541830,565308,592974,
route with flow 0.0821353 : 0,14,25,13,41,19,40,42,17,12,0, 13,13227,113812,607576,618848,401943,436331,497063,513164,591809,
route with flow 0.0408408 : 0,5,49,10,39,30,34,50,9,38,5,0, 4,13202,596742,596779,596815,602311,374501,425776,478360,544339,592563,
route with flow 0.0502546 : 0,12,5,49,9,50,34,30,9,38,0, 11,33439,602569,602574,616242,309352,432731,523425,564670,592941,
route with flow 0.0791894 : 0,32,2,16,50,34,30,9,38,5,0, 31,1962,596317,596362,596399,326031,418937,473464,540556,592485,
route with flow 0.0408408 : 0,38,49,10,33,45,15,45,33,10,49,5,0, 37,4503,597232,597259,171088,221984,270415,319243,428201,456077,536005,592340,
route with flow 0.0502546 : 0,46,5,49,9,50,34,30,9,49,5,0, 45,152,597473,597512,609320,192952,316331,409237,463971,543812,592502,
route with flow 0.0790178 : 0,4,13,41,19,40,41,13,4,47,0, 3,698,597683,597715,616477,242330,369567,480990,525369,592119,
route with flow 0.0790178 : 0,47,4,13,41,19,40,41,13,4,0, 46,22184,52814,598392,598423,329193,363580,490122,574464,593152,
route with flow 0.0289651 : 0,4,17,37,44,45,15,45,33,39,33,45,15,37,17,0, 3,702,603831,609429,63153,107456,154111,202843,311829,381324,490485,537474,569483,579649,593264,
route with flow 0.0289651 : 0,11,38,49,10,39,33,45,15,37,17,4,47,0, 10,9628,594775,608873,155609,221370,331138,382034,430457,474206,489541,529566,592206,
route with flow 0.0289651 : 0,12,17,37,15,45,33,39,10,33,45,15,37,17,0, 11,33450,604025,81436,125683,173743,282729,352201,378461,485733,533398,567286,579509,593262,
route with flow 0.0289651 : 0,17,44,45,15,45,33,39,10,39,33,45,15,37,17,0, 16,92,9831,35254,72383,116791,224529,294001,320267,386270,495237,541350,571549,579746,593266,
route with flow 0.0289651 : 0,47,4,17,37,15,45,33,39,10,33,45,15,37,0, 46,22184,52818,610100,610147,610193,610238,610283,610287,402711,509476,552373,576649,593195,
route with flow 0.0363361 : 0,1,22,28,3,36,35,20,2,16,11,0, 0,315,4971,599872,608055,608100,608146,608150,484944,551554,592658,
route with flow 0.0363361 : 0,11,16,21,29,20,35,36,3,28,22,1,32,0, 10,9606,596189,85866,113187,243245,327054,358936,433940,501581,537991,562547,592918,
route with flow 0.0530196 : 0,27,1,22,28,3,36,35,20,29,2,32,0, 26,4407,598137,598175,598210,608421,608465,608510,608536,446137,568122,593038,
route with flow 0.0363361 : 0,32,1,22,3,35,36,3,36,35,20,22,1,32,0, 31,1961,10833,596936,618057,167004,198886,273898,305569,385385,518223,552829,571903,593109,
route with flow 0.0776764 : 0,6,14,25,18,47,12,0, 5,4321,597887,597932,597978,504519,591765,
route with flow 0.0576764 : 0,14,24,23,7,43,24,23,7,43,24,6,0, 13,13226,602045,106040,195917,250802,299543,375769,467292,520535,558958,592796,
route with flow 0.104534 : 0,18,25,14,18,47,0, 17,78045,606190,312002,508637,591843,
route with flow 0.124764 : 0,47,18,14,25,18,0, 46,22198,603692,297410,432476,590270,
route with flow 0.0240318 : 0,4,17,37,44,42,40,19,40,42,44,42,40,19,40,42,4,0, 3,702,603831,609429,63151,120632,155057,198097,232631,294227,371003,434826,469930,512121,542085,576525,593186,
route with flow 0.0240318 : 0,5,38,9,30,34,30,9,38,5,0, 4,13191,59472,594462,608828,321132,414087,468712,536615,592405,
route with flow 0.0240318 : 0,17,44,42,40,19,40,42,44,42,40,19,42,4,47,0, 16,92,9829,44769,73329,112333,145523,206927,283703,347526,382911,426049,487546,529566,592206,
route with flow 0.0240318 : 0,18,4,42,19,42,44,42,40,19,40,42,4,0, 17,78025,598071,182605,227199,289377,366153,429976,465178,507443,538267,575104,593152,
route with flow 0.0240318 : 0,47,4,42,40,19,40,42,44,42,40,19,40,42,4,0, 46,22184,52843,106898,140699,183547,218081,279677,356453,420276,455661,497939,530102,571359,593070,
route with flow 0.0383487 : 0,5,49,10,30,34,30,9,49,5,0, 4,13202,596742,596764,612203,306582,399537,454428,536046,592340,
route with flow 0.0383487 : 0,11,16,9,30,34,30,9,49,5,0, 10,9606,596181,612946,186112,311432,404387,459219,540029,592424,
route with flow 0.0383487 : 0,16,50,34,30,10,30,34,50,16,38,0, 15,4406,23678,123243,215238,242658,331612,456940,507185,564353,592941,
route with flow 0.0383487 : 0,38,9,30,10,30,34,30,9,38,11,0, 37,4464,595189,595206,122464,210362,335682,428637,482968,548037,592584,
route with flow 0.0336392 : 0,6,24,23,43,24,23,7,43,7,23,6,0, 5,4331,604753,606754,130128,178293,254519,346267,401135,490842,558169,592796,
route with flow 0.0336392 : 0,14,24,23,7,43,7,43,7,23,6,0, 13,13226,602045,106040,195917,250785,341223,396285,486090,554913,592728,
route with flow 0.0336392 : 0,23,7,43,24,23,7,43,7,23,6,0, 22,5490,54791,102708,149289,225419,317167,372035,462330,536413,592341,
route with flow 0.0280326 : 0,1,22,28,3,20,35,36,3,28,22,1,32,0, 0,315,4971,599872,608025,228695,312504,344386,419390,487325,525629,552956,592721,
route with flow 0.0560954 : 0,17,37,44,15,45,33,39,10,39,33,45,15,37,17,0, 16,85,2149,616754,68545,112229,219679,289151,315417,381420,490485,537474,569483,579649,593264,
route with flow 0.0280326 : 0,27,1,22,28,3,20,35,36,3,28,22,1,0, 26,4407,598137,598175,598210,608384,301445,385254,417136,491417,551809,573788,593111,
route with flow 0.0280326 : 0,32,1,22,28,36,35,3,36,35,3,28,22,1,32,0, 31,1961,10833,596972,608573,108591,186518,264198,295869,375668,453340,520097,552829,571903,593109,
route with flow 0.0280326 : 0,46,32,1,22,28,3,20,35,36,3,28,22,1,0, 45,179,615193,615241,615288,615291,176882,311145,394954,426836,500921,558493,576826,593185,
route with flow 0.0368851 : 0,4,17,44,15,45,33,39,10,39,33,45,15,37,17,0, 3,702,603825,31164,68545,112229,219679,289151,315417,381420,490485,537474,569483,579649,593264,
route with flow 0.0368851 : 0,11,16,21,29,16,50,16,29,21,16,2,32,0, 10,9606,596189,85866,113183,182102,231734,303478,334606,373014,443955,568101,593038,
route with flow 0.0368851 : 0,17,44,15,45,33,39,10,39,33,45,15,37,17,4,0, 16,92,9802,35428,72711,176029,245501,271767,337770,447538,497584,541290,569683,575775,593152,
route with flow 0.0368851 : 0,32,2,16,29,21,16,50,16,29,21,16,11,0, 31,1962,596317,596341,184256,222664,293652,343284,415028,446156,483994,547965,592584,
route with flow 0.0368851 : 0,47,18,4,17,4,18,47,0, 46,22198,603660,241675,257377,299876,494430,591550,
route with flow 0.0470873 : 0,4,13,19,41,13,25,18,0, 3,698,597666,81267,204667,316617,451828,590670,
route with flow 0.0470873 : 0,14,25,13,41,19,4,18,0, 13,13227,113812,607576,618848,401908,445376,590512,
route with flow 0.0470873 : 0,18,13,41,13,18,0, 17,78034,611183,316168,428160,590170,
route with flow 0.0470873 : 0,25,13,41,19,13,25,14,0, 24,30379,618993,619000,300067,408767,539041,592464,
route with flow 0.0326995 : 0,5,38,9,30,34,30,10,49,5,46,0, 4,13191,59472,594462,608828,321132,414088,441527,523547,579349,593259,
route with flow 0.0326995 : 0,27,48,7,43,7,43,7,23,48,27,0, 26,4453,598868,616933,178035,268473,323535,413953,491627,561120,592874,
route with flow 0.0326995 : 0,38,9,49,10,30,34,30,9,38,5,0, 37,4464,595187,92403,117952,205512,330832,423787,478216,544339,592563,
route with flow 0.0326995 : 0,46,5,38,9,30,34,30,10,49,5,0, 45,152,597462,79927,130035,220062,345382,438338,465586,543774,592502,
route with flow 0.0326995 : 0,48,7,43,7,43,7,43,7,48,27,0, 47,6714,58678,107157,195723,250785,341223,396285,486115,557959,592808,
route with flow 0.0166834 : 0,1,2,20,36,35,20,2,32,0, 0,295,61956,189896,223119,302935,437359,565781,592991,
route with flow 0.0166834 : 0,2,20,36,20,35,36,3,28,22,1,0, 1,36569,155994,189154,320845,404654,436536,510388,564449,578662,593231,
route with flow 0.0166834 : 0,32,2,20,36,35,20,2,1,0, 31,1962,596311,615877,247369,327185,461504,575814,593185,
route with flow 0.0166834 : 0,46,2,20,36,35,20,3,28,22,1,0, 45,149,53986,180196,213419,293235,427660,505816,561593,577852,593211,
route with flow 0.00842597 : 0,4,17,44,42,19,42,44,42,19,42,44,17,47,0, 3,702,603825,31191,80324,121555,182677,259453,323255,367849,430027,505760,522122,592030,
route with flow 0.00842597 : 0,17,15,44,42,19,42,44,42,19,42,44,17,47,0, 16,64,617587,34355,84693,126117,187527,264303,328105,372699,434877,510473,526391,592119,
route with flow 0.00842597 : 0,37,15,44,42,19,42,44,42,19,42,44,15,37,17,0, 36,799,609840,55277,111391,154545,216627,293403,357205,401799,463823,536339,569609,579649,593264,
route with flow 0.00842597 : 0,46,17,44,42,19,42,44,42,19,42,44,15,37,17,4,17,0, 45,164,680,20273,63759,103355,163277,240053,303855,348449,410627,486750,533578,565086,572189,579744,593265,
route with flow 0.00842597 : 0,47,17,37,15,44,42,19,42,44,37,17,4,47,0, 46,22197,33373,64775,107386,181997,245655,290249,352427,429198,474206,489541,529566,592206,
route with flow 0.00851109 : 0,2,29,21,50,21,34,21,34,21,16,38,0, 1,36578,610388,610413,139877,178933,301723,343833,466416,507658,564272,592941,
route with flow 0.00851109 : 0,11,16,21,34,21,34,21,34,21,16,0, 10,9606,596189,85871,204723,246833,369623,411733,531124,562418,592866,
route with flow 0.00851109 : 0,16,21,34,21,34,21,34,21,16,11,0, 15,4377,18948,113965,154779,277473,319583,442373,483898,547965,592584,
route with flow 0.00851109 : 0,38,16,21,34,21,34,21,34,21,16,46,0, 37,4471,37499,68826,185323,227433,350223,392333,513816,549213,579418,593259,
route with flow 0.00851109 : 0,46,38,16,21,34,21,34,21,34,21,16,0, 45,185,605843,55353,90240,209573,251683,374473,416583,535200,565192,592927,
route with flow 0.00859706 : 0,4,17,15,45,33,39,10,39,33,45,15,17,47,0, 3,702,603809,16323,45538,142271,211551,237817,303820,413588,464320,511680,526391,592119,
route with flow 0.00859706 : 0,38,49,10,39,33,45,33,39,10,49,38,0, 37,4503,597232,597272,597305,238988,289902,399129,468354,494098,563913,592941,
route with flow 0.00859706 : 0,46,49,10,39,33,45,33,39,10,49,5,0, 45,195,17605,33327,84658,190488,241402,350629,420101,446377,527786,592170,
route with flow 0.00859706 : 0,47,17,37,15,45,33,39,10,39,33,45,15,17,0, 46,22197,33373,64775,107387,154439,263329,332801,359067,425070,531393,567321,579639,593263,
route with flow 0.00859706 : 0,49,10,39,33,45,33,39,10,49,5,46,0, 48,8085,19536,63724,166238,217152,326379,395851,422127,505367,576083,593197,
route with flow 0.00868389 : 0,1,22,31,28,22,28,22,28,22,28,22,28,22,1,27,0, 0,315,4974,26110,75909,112612,177564,217776,284264,324476,390964,431176,496829,533915,559507,592808,
route with flow 0.00868389 : 0,6,48,31,28,22,28,22,28,22,28,22,28,22,1,0, 5,4355,606112,89314,153508,193526,260014,300226,366714,406926,473069,512388,564449,578662,593231,
route with flow 0.00868389 : 0,27,1,22,31,28,22,28,22,28,22,28,22,28,22,1,0, 26,4407,598137,598160,80576,143904,183826,250314,290526,357014,397226,463565,502964,558493,576826,593185,
route with flow 0.00868389 : 0,32,1,22,31,28,22,31,28,22,28,22,28,22,1,27,0, 31,1961,10833,596958,68044,129738,169279,221657,289212,329326,395814,436026,501581,537991,562543,592874,
route with flow 0.00868389 : 0,46,1,22,28,22,28,22,28,22,28,22,28,22,28,22,1,0, 45,148,611772,611789,51805,85914,148560,188676,255164,295376,361864,402076,468317,507716,561593,577852,593211,
route with flow 0.0268574 : 0,6,14,25,13,41,19,4,47,0, 5,4321,597887,597931,607531,618713,474288,516663,591938,
route with flow 0.0268574 : 0,27,6,14,25,18,4,47,0, 26,4412,37688,602094,257876,456324,502650,591648,
route with flow 0.0268574 : 0,47,4,19,41,13,25,14,6,0, 46,22184,52820,90005,214367,326317,461421,554317,592728,
route with flow 0.0090429 : 0,5,49,9,50,16,2,29,2,11,0, 4,13202,596739,605444,616084,240402,383695,417037,550033,592658,
route with flow 0.0090429 : 0,11,38,9,50,16,2,29,2,11,46,0, 10,9628,594777,594815,601124,216152,359445,392787,530743,579364,593259,
route with flow 0.0090429 : 0,32,2,29,21,50,16,2,29,2,32,0, 31,1962,596312,603563,603588,614072,269502,412795,446137,568122,593038,
route with flow 0.0090429 : 0,38,49,9,50,16,2,29,2,11,46,0, 37,4503,597197,609174,139872,211302,354595,387937,526574,578934,593251,
route with flow 0.0090429 : 0,46,5,49,9,50,16,2,29,2,32,0, 45,152,597473,597512,609320,192934,264652,407945,441287,565804,592991,
route with flow 0.00913424 : 0,23,7,43,23,7,43,7,23,48,27,0, 22,5490,54791,102707,176919,268667,323535,413953,491627,561120,592874,
route with flow 0.00913424 : 0,27,48,23,43,23,7,43,7,23,48,0, 26,4453,598902,598933,163501,239969,331717,386585,476586,547884,592630,
route with flow 0.0187392 : 0,46,27,48,23,7,43,24,23,7,48,27,0, 45,174,606469,606487,133653,225017,279902,328643,404869,495809,564017,592934,
route with flow 0.00913424 : 0,48,23,43,23,7,43,7,23,48,27,0, 47,6730,607318,93824,167219,258967,313835,404253,482123,554728,592740,
route with flow 0.0187354 : 0,4,41,19,40,41,40,41,40,41,4,0, 3,726,618541,99033,131356,258043,295680,422943,460494,568286,593026,
route with flow 0.00922651 : 0,5,49,10,39,33,45,15,44,37,17,12,0, 4,13202,596742,596779,596820,596865,596896,608215,443892,488462,503805,591614,
route with flow 0.0093197 : 0,11,16,29,20,35,36,3,36,35,20,0, 10,9606,596212,613883,204445,288254,320136,395148,426819,505619,591775,
route with flow 0.0093197 : 0,29,20,35,36,3,36,35,20,29,2,0, 28,216,50402,124122,155332,230248,261919,341735,475785,508119,591793,
route with flow 0.0093197 : 0,38,16,29,20,35,36,3,36,35,20,29,0, 37,4471,37507,61520,185045,268854,300736,375748,407419,486611,578842,593249,
route with flow 0.0093197 : 0,46,38,16,29,20,35,36,3,36,35,20,0, 45,185,605843,55361,81974,209295,293104,324986,399998,431669,510335,591872,
route with flow 0.00941384 : 0,5,49,9,50,34,30,9,49,5,46,0, 4,13202,596739,605444,616101,292081,384987,439878,523590,579349,593259,
route with flow 0.00941384 : 0,11,38,9,50,34,30,9,49,5,46,0, 10,9628,594777,594815,601115,616135,360737,415628,500663,574527,593166,
route with flow 0.00941384 : 0,38,9,34,50,9,30,34,50,9,38,46,0, 37,4464,595175,127823,178426,231456,321912,447251,497674,544963,579033,593251,
route with flow 0.00950893 : 0,12,17,42,19,41,40,41,40,41,4,0, 11,33450,604037,604046,140186,267743,305380,432643,469998,572426,593112,
route with flow 0.00950893 : 0,17,44,42,40,19,40,41,40,41,40,41,4,0, 16,92,9829,44769,73329,112333,145522,272593,310230,437493,474750,574330,593152,
route with flow 0.00950893 : 0,42,19,41,40,41,40,41,40,41,4,0, 41,2614,16564,113935,150276,277443,315080,442343,479502,575931,593186,
route with flow 0.00950893 : 0,47,4,41,40,19,40,41,40,41,4,0, 46,22184,52842,170695,208311,251447,285980,413243,450880,563312,592922,
route with flow 0.00960498 : 0,6,48,7,23,24,43,7,23,48,27,0, 5,4355,606092,123721,201330,251256,304280,394553,472619,547654,592594,
route with flow 0.00960498 : 0,27,6,48,23,7,43,7,23,48,6,0, 26,4412,37721,105863,181769,273517,328385,418803,496379,564006,592923,
route with flow 0.00960498 : 0,32,27,48,23,7,43,7,23,48,27,0, 31,1987,28417,92514,167219,258967,313835,404253,482123,554728,592740,
route with flow 0.00960498 : 0,48,23,43,24,23,7,43,24,23,48,27,0, 47,6730,607318,93825,139781,215719,307467,362352,411093,486733,557990,592808,
route with flow 0.009702 : 0,12,17,44,15,45,33,39,33,45,15,37,17,0, 11,33450,604018,608244,159156,207693,316679,386174,495237,541350,571549,579746,593266,
route with flow 0.009702 : 0,37,44,15,45,33,39,10,39,33,45,15,37,17,0, 36,827,614399,56590,98831,205129,274601,300867,366870,476229,525088,562015,578625,593245,
route with flow 0.009702 : 0,46,12,17,37,15,45,33,39,33,45,15,37,17,0, 45,159,601443,604397,103523,149261,197993,306979,376474,485733,533398,567286,579509,593262,
route with flow 0.009702 : 0,47,17,37,44,15,45,33,15,44,37,17,47,0, 46,22197,33373,64802,133710,183406,231943,340906,391664,467904,512147,526433,592119,
route with flow 0.0098 : 0,1,31,28,3,36,35,20,3,28,31,1,32,0, 0,324,8495,44636,110582,140957,220485,354910,434086,501589,548634,569855,593067,
route with flow 0.0098 : 0,2,29,21,50,21,50,21,50,21,50,21,50,16,11,0, 1,36578,610388,610413,139877,178949,226889,266249,314189,353549,401489,440849,488129,551662,592658,
route with flow 0.0098 : 0,11,16,50,21,50,21,29,16,50,21,29,2,32,0, 10,9606,596220,596235,131025,178389,217728,247447,317902,367539,406878,436583,563104,592938,
route with flow 0.0098 : 0,32,11,2,29,21,50,21,50,21,29,2,32,0, 31,1971,40351,170295,203656,242096,289939,329299,377239,416578,446283,568122,593038,
route with flow 0.02 : 0,32,1,31,28,3,20,35,36,3,28,31,1,0, 31,1961,10842,38284,93416,167182,301445,385254,417136,491417,551816,577684,593211,
total flow: 5
loc: 0 flow: 10
loc: 1 flow: 1.00419
loc: 2 flow: 1.00762
loc: 3 flow: 1.00013
loc: 4 flow: 1.01237
loc: 5 flow: 0.976581
loc: 6 flow: 1.00105
loc: 7 flow: 1.03628
loc: 8 flow: 1.26881
loc: 9 flow: 1.00903
loc: 10 flow: 1.01537
loc: 11 flow: 0.990648
loc: 12 flow: 1.01845
loc: 13 flow: 0.959603
loc: 14 flow: 1.05312
loc: 15 flow: 1.02643
loc: 16 flow: 0.987576
loc: 17 flow: 1.01466
loc: 18 flow: 1.06916
loc: 19 flow: 1.01635
loc: 20 flow: 1.00141
loc: 21 flow: 1.09127
loc: 22 flow: 1.0849
loc: 23 flow: 1.04006
loc: 24 flow: 1.02616
loc: 25 flow: 1.05598
loc: 26 flow: 1.03812
loc: 27 flow: 0.992587
loc: 28 flow: 1.03709
loc: 29 flow: 1.02491
loc: 30 flow: 0.96091
loc: 31 flow: 0.910444
loc: 32 flow: 1.02604
loc: 33 flow: 1.01852
loc: 34 flow: 0.984396
loc: 35 flow: 1.02708
loc: 36 flow: 1.04376
loc: 37 flow: 1.04597
loc: 38 flow: 0.978517
loc: 39 flow: 0.954638
loc: 40 flow: 1.07554
loc: 41 flow: 1.0169
loc: 42 flow: 0.981455
loc: 43 flow: 0.99544
loc: 44 flow: 0.983882
loc: 45 flow: 1.1123
loc: 46 flow: 0.983507
loc: 47 flow: 1.02504
loc: 48 flow: 0.99155
loc: 49 flow: 0.977845
loc: 50 flow: 1.06211
start robust cut dual phase
STATS - lpIterations[4] lagIterations[114] sspIterations[570] numSeparations[160] numCuts[7] compileTime[9] sspSolveTime[179] lpSolveTime[0] lb[490.52] ub[521] numArcs: [614380] numFixed: [370020] time: [1185]
STATS1 - lpIterations[4] lagIterations[114] sspIterations[570] numSeparations[160] numCuts[7] compileTime[9] sspSolveTime[179] lpSolveTime[0] repairTime[31] cutsTime[71] lb[490.52] ub[521] numArcs: [614380] numFixed: [370020] time: [1185]
fixing. lower bound used: 485.966
fixed path dual: -31.0255
best alpha: 0.02
0:0
1:0.0158981
2:0.0125282
3:0.0198678
4:0.00788051
5:-0.11705
6:0.0189751
7:-0.0155559
8:-0.243434
9:0.011154
10:0.00493941
11:-0.0108352
12:-0.0180813
13:0.0595893
14:-0.0320596
15:-0.00590225
16:0.0321759
17:0.00563749
18:-0.0477769
19:0.00397653
20:0.0186208
21:-0.0694417
22:-0.0631987
23:-0.0192541
24:-0.00564056
25:-0.0348615
26:-0.0173551
27:0.027265
28:-0.016347
29:-0.00441051
30:-0.141692
31:0.107765
32:-0.00552304
33:0.00184843
34:-0.0447083
35:-0.00653359
36:-0.0228834
37:-0.0250497
38:-0.0389463
39:0.0444551
40:-0.054033
41:0.00343929
42:0.038174
43:0.0244687
44:0.0357957
45:-0.090058
46:-0.00383684
47:-0.00453601
48:0.0282813
49:-0.158288
50:-0.0408713
51:0.835428
52:0.869232
53:0.731874
54:0.17532
55:0.442204
56:0.218542
57:0.890379
alpha: 4.2522
lagLB: 338.19
stepSizeMultiplier: 0.560248
targetLowerBound: 515.046
||gamma||^2: 3.23143
lambda: 0,6.42958,20.8578,11.6016,9.20373,15.931,10.8348,12.2006,0,8.93903,8.4475,13.2393,13.5917,25.7385,10.4692,7.61143,14.234,4.13925,16.8504,12.7244,19.1079,5.07598,0.966914,9.79479,14.5505,15.1266,6.45157,8.86377,11.975,6.71644,19.2511,19.2188,5.908,16.7795,20.3563,15.0601,15.2412,3.90086,13.706,23.2691,14.5904,14.0797,18.4452,17.4544,13.9587,5.49422,2.59581,8.9474,12.5585,15.7915,3.72219,
mu: 1.01574,1.01574,1.01574,
srcDuals: 
lambda: 0,6.80602,21.5435,11.6137,10.316,13.8248,10.9289,15.4637,14.3026,9.75087,9.82967,12.3982,15.2511,22.1053,15.247,9.98858,13.1166,5.45736,23.0705,14.195,19.2344,13.2844,8.60238,13.3973,16.9036,20.1615,9.87979,8.19703,15.3107,8.95669,15.7354,11.1643,8.25035,18.4454,18.9529,17.4952,19.1767,8.03524,11.7738,19.1893,21.3847,15.5995,16.7773,17.0443,12.509,15.5947,1.11245,11.1992,11.7985,13.7989,9.30858,
mu: 0,0,0,
srcDuals: 
fixing. lower bound used: 485.966
fixed path dual: -82.7993
best alpha: 0.01
0:0
1:0.0257392
2:0.0224029
3:0.0296691
4:0.0178017
5:-0.105879
6:0.0187854
7:-0.2454
8:-0.231
9:0.0210424
10:0.01489
11:-0.000726863
12:-0.00790049
13:0.0689934
14:-0.021739
15:0.00415678
16:0.0418541
17:0.0155811
18:-0.0372992
19:0.0139368
20:0.0284345
21:-0.0587473
22:-0.0525667
23:-0.0490616
24:-0.215584
25:-0.0245129
26:-0.0171815
27:0.0369923
28:-0.00618353
29:0.00563359
30:-0.130275
31:0.116687
32:0.00453219
33:0.0118299
34:-0.0342612
35:0.00353174
36:-0.0126545
37:-0.0147992
38:-0.0285568
39:0.0540105
40:-0.0434927
41:0.0134049
42:0.0477922
43:0.014224
44:0.0454377
45:-0.0791574
46:0.00620153
47:0.00550935
48:0.0379984
49:-0.146705
50:-0.0304626
51:0.867074
52:0.940539
53:0.514555
54:0.273567
55:0.557782
56:0.296357
57:-1.05852
alpha: 5.19852
lagLB: 0.0454426
stepSizeMultiplier: 0.560248
targetLowerBound: 515.046
||gamma||^2: 2.64319
lambda: 0,6.87362,21.5968,11.6982,10.3495,13.3271,11.0096,15.3975,13.2675,9.79829,9.85068,12.3522,15.1742,22.3587,15.1106,9.96348,13.2534,5.48133,22.8674,14.2119,19.3136,12.9891,8.33365,13.3154,16.8796,20.0133,9.806,8.31297,15.2412,8.93793,15.1329,11.6226,8.22686,18.4532,18.7628,17.4674,19.0794,7.92873,11.6082,19.3783,21.155,15.6141,16.9397,17.1483,12.6613,15.2117,1.09614,11.1799,11.9188,13.1259,9.13479,
mu: 3.55241,3.69615,3.11207,
srcDuals: 
lambda: 0,6.80602,21.5435,11.6137,10.316,13.8248,10.9289,15.4637,14.3026,9.75087,9.82967,12.3982,15.2511,22.1053,15.247,9.98858,13.1166,5.45736,23.0705,14.195,19.2344,13.2844,8.60238,13.3973,16.9036,20.1615,9.87979,8.19703,15.3107,8.95669,15.7354,11.1643,8.25035,18.4454,18.9529,17.4952,19.1767,8.03524,11.7738,19.1893,21.3847,15.5995,16.7773,17.0443,12.509,15.5947,1.11245,11.1992,11.7985,13.7989,9.30858,
mu: 0,0,0,
srcDuals: 
fixing. lower bound used: 485.966
fixed path dual: -67.1915
best alpha: 0.01
0:0
1:0.0354818
2:0.0321789
3:0.0393724
4:0.0276237
5:-0.11482
6:0.0285975
7:-0.232946
8:-0.21869
9:0.030832
10:0.0247411
11:0.00928041
12:0.00217851
13:0.0783034
14:-0.0115216
15:-0.0258848
16:0.0514356
17:0.0154253
18:-0.0269262
19:0.0237974
20:0.0381502
21:-0.0481598
22:-0.042041
23:-0.0385709
24:-0.203428
25:-0.0142677
26:-0.0070097
27:0.0466224
28:0.0038783
29:0.0155773
30:-0.118972
31:0.12552
32:0.0144869
33:0.0217116
34:-0.0239186
35:0.0134964
36:-0.00252797
37:-0.0446512
38:-0.0182712
39:0.0634704
40:-0.0330578
41:0.0232708
42:0.0573143
43:0.0240818
44:-0.215017
45:-0.308366
46:0.0161395
47:0.0154543
48:0.0476185
49:-0.135238
50:-0.0201579
51:0.978403
52:1.09113
53:0.29941
54:-1.40917
55:-1.0878
56:0.373393
57:-0.947939
alpha: 4.96507
lagLB: 3.50741
stepSizeMultiplier: 0.560248
targetLowerBound: 515.046
||gamma||^2: 2.76746
lambda: 0,6.93983,21.66,11.7679,10.4085,13.2744,11.0265,14.188,13.1018,9.86026,9.90708,12.3944,15.21,22.4639,15.1339,10.0102,13.3341,5.53835,22.8766,14.2674,19.3823,12.979,8.32911,13.1422,15.7829,20.0341,9.79047,8.38934,15.2786,8.98597,15.0582,11.7709,8.27391,18.5069,18.7748,17.5136,19.1109,7.95831,11.6253,19.4701,21.1586,15.6692,17.0258,17.1182,12.7453,15.1832,1.14469,11.2278,11.9961,13.0363,9.15022,
mu: 4.5075,4.88941,2.67492,
srcDuals: 
lambda: 0,6.80602,21.5435,11.6137,10.316,13.8248,10.9289,15.4637,14.3026,9.75087,9.82967,12.3982,15.2511,22.1053,15.247,9.98858,13.1166,5.45736,23.0705,14.195,19.2344,13.2844,8.60238,13.3973,16.9036,20.1615,9.87979,8.19703,15.3107,8.95669,15.7354,11.1643,8.25035,18.4454,18.9529,17.4952,19.1767,8.03524,11.7738,19.1893,21.3847,15.5995,16.7773,17.0443,12.509,15.5947,1.11245,11.1992,11.7985,13.7989,9.30858,
mu: 0,0,0,
srcDuals: 
fixing. lower bound used: 485.966
fixed path dual: 5.69578
best alpha: 0.04
0:0
1:0.0740625
2:0.0708917
3:0.0777975
4:0.0665187
5:-0.0702276
6:0.0674536
7:-0.183629
8:-0.169942
9:0.0695987
10:0.0637515
11:0.0489092
12:-0.0379086
13:0.115171
14:-0.0910607
15:0.0151506
16:0.0893782
17:0.0548083
18:-0.305849
19:0.0628455
20:0.0766242
21:-0.00623343
22:-0.000359377
23:0.00297189
24:-0.155291
25:-0.133697
26:0.0332707
27:0.0847575
28:0.0437232
29:0.0549542
30:-0.0742135
31:0.160499
32:0.0539074
33:0.0608432
34:0.0170382
35:0.0529566
36:0.0375731
37:-0.00286516
38:0.0224596
39:0.100932
40:0.00826452
41:0.06234
42:0.0950217
43:0.0631185
44:-0.166416
45:-0.256031
46:0.0154939
47:-0.0651639
48:0.0857137
49:-0.0898287
50:0.0206484
51:-0.220733
52:0.0074886
53:-0.552567
54:-0.552802
55:-0.484284
56:0.678458
57:-0.510022
alpha: 14.5992
lagLB: 268.533
stepSizeMultiplier: 0.560248
targetLowerBound: 515.046
||gamma||^2: 0.941196
lambda: 0,6.98219,21.7033,11.8092,10.4531,13.2547,11.0709,14.3071,13.2168,9.90395,9.95251,12.4443,15.2619,22.4941,15.1898,9.86006,13.3719,5.53394,22.9368,14.3131,19.4239,13.0453,8.39364,13.2058,15.8936,20.0907,9.84499,8.42852,15.33,9.03403,15.1447,11.7875,8.32228,18.5532,18.8342,17.5622,19.1642,7.81355,11.6831,19.5044,21.2206,15.7151,17.0619,17.1639,11.4415,14.0636,1.19259,11.2759,12.035,13.1275,9.2085,
mu: 4.85784,5.41756,1.48659,
srcDuals: 
lambda: 0,6.80602,21.5435,11.6137,10.316,13.8248,10.9289,15.4637,14.3026,9.75087,9.82967,12.3982,15.2511,22.1053,15.247,9.98858,13.1166,5.45736,23.0705,14.195,19.2344,13.2844,8.60238,13.3973,16.9036,20.1615,9.87979,8.19703,15.3107,8.95669,15.7354,11.1643,8.25035,18.4454,18.9529,17.4952,19.1767,8.03524,11.7738,19.1893,21.3847,15.5995,16.7773,17.0443,12.509,15.5947,1.11245,11.1992,11.7985,13.7989,9.30858,
mu: 0,0,0,
srcDuals: 
fixing. lower bound used: 485.966
fixed path dual: -544.408
best alpha: 0.01
0:0
1:0.0733219
2:0.0801828
3:0.0770195
4:0.0758535
5:-0.0595253
6:0.0767791
7:-0.171792
8:-0.158243
9:0.0789027
10:0.063114
11:0.0584201
12:-0.0275295
13:0.12402
14:-0.0801501
15:0.0249991
16:0.0984844
17:0.0642602
18:-0.292791
19:0.072217
20:0.0858579
21:-0.00617109
22:0.00964422
23:0.0129422
24:-0.143738
25:-0.12236
26:0.042938
27:0.0939099
28:0.0532859
29:-0.585595
30:-0.0634713
31:0.168894
32:0.0633683
33:0.0702347
34:0.0268678
35:0.062427
36:-0.532803
37:0.00716349
38:0.032235
39:0.109922
40:0.0181819
41:0.0717166
42:0.104072
43:0.0724873
44:-0.154752
45:-0.243471
46:0.005339
47:-0.0545123
48:0.0948566
49:-0.0789305
50:0.0204419
51:0.581475
52:0.817414
53:0.472959
54:-0.547274
55:-0.459441
56:-3.02833
57:-0.404921
alpha: 5.90904
lagLB: -1861.53
stepSizeMultiplier: 0.560248
targetLowerBound: 515.046
||gamma||^2: 2.32536
lambda: 0,7.88727,22.5785,12.7495,11.2871,12.7995,11.9137,12.7829,11.8216,10.7669,10.7604,13.1123,14.6976,23.7867,13.9175,10.2098,14.4214,6.25751,18.6054,15.1124,20.3531,13.1934,8.59713,13.4407,14.6365,18.2096,10.3655,9.43442,15.949,9.75897,14.652,13.5075,9.03735,19.3336,19.2017,18.2683,19.7253,7.99342,12.1017,20.6628,21.5054,16.5096,18.1646,17.9658,10.0795,11.8568,1.33865,10.2478,13.0499,12.4875,9.61003,
mu: 0,0.109327,0,
srcDuals: 
lambda: 0,6.80602,21.5435,11.6137,10.316,13.8248,10.9289,15.4637,14.3026,9.75087,9.82967,12.3982,15.2511,22.1053,15.247,9.98858,13.1166,5.45736,23.0705,14.195,19.2344,13.2844,8.60238,13.3973,16.9036,20.1615,9.87979,8.19703,15.3107,8.95669,15.7354,11.1643,8.25035,18.4454,18.9529,17.4952,19.1767,8.03524,11.7738,19.1893,21.3847,15.5995,16.7773,17.0443,12.509,15.5947,1.11245,11.1992,11.7985,13.7989,9.30858,
mu: 0,0,0,
srcDuals: 
fixing. lower bound used: 485.966
fixed path dual: 6.12988
best alpha: 0.04
0:0
1:0.110389
2:0.116975
3:0.113939
4:0.112819
5:-0.0171443
6:0.0737079
7:-0.124921
8:-0.111913
9:0.115747
10:0.100589
11:0.0960833
12:-0.106428
13:0.159059
14:-0.236944
15:0.0639991
16:0.134545
17:0.10169
18:-0.561079
19:0.109328
20:0.122424
21:0.0340758
22:0.0492584
23:0.0524245
24:-0.0979887
25:-0.277466
26:0.0812205
27:0.130154
28:0.0911545
29:-0.522172
30:-0.0209325
31:0.202139
32:0.100834
33:0.107425
34:0.0657931
35:0.0999299
36:-0.47149
37:0.046877
38:0.0709456
39:0.145525
40:0.0574546
41:0.108848
42:0.139909
43:0.109588
44:-0.108562
45:-0.193732
46:0.0451254
47:-0.172332
48:0.131062
49:-0.0357732
50:0.0596242
51:-0.401784
52:-0.0152828
53:-0.385959
54:0.274617
55:0.0389368
56:-2.58719
57:0.0112755
alpha: 8.93665
lagLB: 299.353
stepSizeMultiplier: 0.560248
targetLowerBound: 515.046
||gamma||^2: 1.53756
lambda: 0,7.23928,22.0173,12.0688,10.7642,13.4731,11.3826,14.4486,13.3676,10.2171,10.2026,12.7434,15.0884,22.8381,14.7733,10.1363,13.6985,5.83707,21.3404,14.6217,19.7418,13.2479,8.65937,13.4738,16.0542,19.4385,10.1335,8.75195,15.6256,5.49638,15.3604,12.1623,8.62479,18.8604,19.1117,17.8641,16.0284,8.07757,11.9643,19.8388,21.4922,16.0233,17.3923,17.4726,11.5946,14.156,1.144,10.877,12.3591,13.3325,9.42937,
mu: 3.43596,4.83013,2.79474,
srcDuals: 
lambda: 0,6.80602,21.5435,11.6137,10.316,13.8248,10.9289,15.4637,14.3026,9.75087,9.82967,12.3982,15.2511,22.1053,15.247,9.98858,13.1166,5.45736,23.0705,14.195,19.2344,13.2844,8.60238,13.3973,16.9036,20.1615,9.87979,8.19703,15.3107,8.95669,15.7354,11.1643,8.25035,18.4454,18.9529,17.4952,19.1767,8.03524,11.7738,19.1893,21.3847,15.5995,16.7773,17.0443,12.509,15.5947,1.11245,11.1992,11.7985,13.7989,9.30858,
mu: 0,0,0,
srcDuals: 
fixing. lower bound used: 485.966
fixed path dual: -163.354
best alpha: 0.01
0:0
1:0.119285
2:0.125806
3:0.122799
4:0.121691
5:-0.0169729
6:0.0829708
7:-0.113671
8:-0.100794
9:0.124589
10:0.109584
11:0.105122
12:-0.0953641
13:0.167468
14:-0.224575
15:-0.456641
16:0.1432
17:-0.459327
18:-0.545468
19:0.118235
20:0.131199
21:0.043735
22:0.0587659
23:0.0619002
24:-0.0870089
25:-0.264691
26:0.0904083
27:0.138852
28:0.100243
29:-0.50695
30:-0.0107231
31:0.210117
32:0.109825
33:0.116351
34:0.0751351
35:0.108931
36:-0.456776
37:-0.0135918
38:0.0802362
39:0.15407
40:0.0668801
41:0.117759
42:0.14851
43:0.118492
44:-0.0974762
45:-0.181795
46:0.0446742
47:-0.160608
48:0.139752
49:-0.0254155
50:0.069028
51:0.292233
52:0.70487
53:-0.5921
54:-4.06813
55:-2.00145
56:-2.48132
57:0.111163
alpha: 5.63808
lagLB: -71.9512
stepSizeMultiplier: 0.560248
targetLowerBound: 515.046
||gamma||^2: 2.43712
lambda: 0,7.79253,22.5889,12.6319,11.3242,13.6716,11.5876,14.3473,13.3025,10.7853,10.7286,13.2569,14.3,23.5267,13.1295,10.5605,14.319,6.36612,18.0564,15.172,20.3285,13.5889,9.04258,13.8658,16.0279,17.6819,10.6056,9.36017,16.1253,4.29022,15.5483,12.9708,9.15146,19.4054,19.5409,18.3882,14.9632,8.45417,12.4078,20.4898,21.8982,16.5723,18.0277,18.0236,11.5389,13.8634,1.51572,9.65909,12.9698,13.4792,9.84142,
mu: 0,0,0,
srcDuals: 
lambda: 0,6.80602,21.5435,11.6137,10.316,13.8248,10.9289,15.4637,14.3026,9.75087,9.82967,12.3982,15.2511,22.1053,15.247,9.98858,13.1166,5.45736,23.0705,14.195,19.2344,13.2844,8.60238,13.3973,16.9036,20.1615,9.87979,8.19703,15.3107,8.95669,15.7354,11.1643,8.25035,18.4454,18.9529,17.4952,19.1767,8.03524,11.7738,19.1893,21.3847,15.5995,16.7773,17.0443,12.509,15.5947,1.11245,11.1992,11.7985,13.7989,9.30858,
mu: 0,0,0,
srcDuals: 
fixing. lower bound used: 485.966
fixed path dual: -8.89727
best alpha: 0.01
0:0
1:0.118092
2:0.0245477
3:0.131571
4:0.130474
5:-0.00680313
6:0.0921411
7:-0.102535
8:-0.0897859
9:0.133343
10:0.118488
11:0.0740712
12:-0.0844104
13:0.175794
14:-0.212329
15:-0.442074
16:0.141768
17:-0.444734
18:-0.530014
19:0.127053
20:0.0798874
21:0.0532976
22:0.0681782
23:0.0712812
24:-0.0761388
25:-0.252044
26:0.0995042
27:0.127463
28:0.109241
29:-0.49188
30:-0.000615914
31:0.218016
32:0.028727
33:0.125188
34:0.0843838
35:0.0878413
36:-0.442208
37:-0.0034559
38:0.0894338
39:0.162529
40:0.0762113
41:0.126582
42:0.157024
43:0.127307
44:-0.0865014
45:-0.169977
46:0.0442274
47:-0.149002
48:0.148354
49:-0.0151614
50:0.0783377
51:0.169311
52:0.437821
53:-0.496179
54:-4.12745
55:-2.06144
56:-2.69651
57:0.210051
alpha: 6.87031
lagLB: 406.534
stepSizeMultiplier: 0.560248
targetLowerBound: 515.046
||gamma||^2: 2.00001
lambda: 0,7.47856,22.2528,12.3061,11.0021,13.7291,11.3967,14.8228,13.7343,10.4533,10.4475,12.9909,14.7134,23.0495,13.9808,7.414,13.9239,2.86763,19.9951,14.8616,19.9741,13.531,8.93371,13.7463,16.413,18.6691,10.3895,8.97989,15.8759,6.09846,15.6749,12.349,8.86955,19.1014,19.3766,18.1094,16.6014,7.95861,12.2262,20.058,21.7618,16.2635,17.6146,17.7124,11.9595,14.5697,1.36433,10.2936,12.5865,13.6556,9.69777,
mu: 1.64764,3.97412,0,
srcDuals: 
lambda: 0,6.80602,21.5435,11.6137,10.316,13.8248,10.9289,15.4637,14.3026,9.75087,9.82967,12.3982,15.2511,22.1053,15.247,9.98858,13.1166,5.45736,23.0705,14.195,19.2344,13.2844,8.60238,13.3973,16.9036,20.1615,9.87979,8.19703,15.3107,8.95669,15.7354,11.1643,8.25035,18.4454,18.9529,17.4952,19.1767,8.03524,11.7738,19.1893,21.3847,15.5995,16.7773,17.0443,12.509,15.5947,1.11245,11.1992,11.7985,13.7989,9.30858,
mu: 0,0,0,
srcDuals: 
fixing. lower bound used: -371.391
percent fixed: 59.6461
fixing. lower bound used: 485.966
fixed path dual: -26.9507
best alpha: 0.01
0:0
1:0.126911
2:0.0343022
3:0.140256
4:0.13917
5:0.0032649
6:0.0612197
7:-0.181509
8:-0.078888
9:0.14201
10:0.127303
11:0.0833305
12:-0.0735663
13:0.184036
14:-0.200206
15:-0.427654
16:0.15035
17:-0.430286
18:-0.514713
19:0.135782
20:0.0890885
21:0.0627647
22:0.0774964
23:-0.0694316
24:-0.175377
25:-0.239524
26:0.108509
27:0.106189
28:0.118148
29:-0.476962
30:0.00939025
31:0.225836
32:0.0384397
33:0.133936
34:0.09354
35:0.0969629
36:-0.427786
37:0.00657866
38:0.0985395
39:0.170904
40:0.0854491
41:0.135316
42:0.165454
43:0.036034
44:-0.0756364
45:-0.158277
46:0.0537852
47:-0.137512
48:0.126871
49:-0.00500974
50:0.0875543
51:0.217618
52:0.493443
53:-0.701217
54:-3.98617
55:-1.92082
56:-2.58954
57:-0.772049
alpha: 6.85874
lagLB: 386.326
stepSizeMultiplier: 0.560248
targetLowerBound: 515.046
||gamma||^2: 2.00338
lambda: 0,7.61735,21.7122,12.5176,11.2124,13.7781,11.5619,14.7592,13.6858,10.667,10.6437,12.9071,14.6712,23.313,13.7882,6.95139,14.0906,2.4019,19.4292,15.0678,19.7833,13.6506,9.07078,13.887,16.3805,18.4299,10.5634,9.07275,16.0612,5.57732,15.7312,12.6622,8.44771,19.3055,19.5327,18.0987,16.1386,8.0115,12.3882,20.3059,21.9083,16.4692,17.8561,17.9189,11.9148,14.4269,1.41631,10.1755,12.8178,13.6948,9.84679,
mu: 1.16322,3.00797,0,
srcDuals: 
lambda: 0,6.80602,21.5435,11.6137,10.316,13.8248,10.9289,15.4637,14.3026,9.75087,9.82967,12.3982,15.2511,22.1053,15.247,9.98858,13.1166,5.45736,23.0705,14.195,19.2344,13.2844,8.60238,13.3973,16.9036,20.1615,9.87979,8.19703,15.3107,8.95669,15.7354,11.1643,8.25035,18.4454,18.9529,17.4952,19.1767,8.03524,11.7738,19.1893,21.3847,15.5995,16.7773,17.0443,12.509,15.5947,1.11245,11.1992,11.7985,13.7989,9.30858,
mu: 0,0,0,
srcDuals: 
fixing. lower bound used: 485.966
fixed path dual: -10.2658
best alpha: 0.01
0:0
1:0.115642
2:-0.0560408
3:0.148853
4:0.147778
5:0.0132322
6:0.0706075
7:-0.169694
8:-0.0680991
9:0.15059
10:0.13603
11:0.0624972
12:-0.0628307
13:0.192195
14:-0.188204
15:-0.413377
16:0.148846
17:-0.415984
18:-0.499566
19:0.144424
20:0.0181976
21:0.072137
22:0.0867215
23:-0.0587373
24:-0.163624
25:-0.227128
26:0.117424
27:0.095127
28:0.126967
29:-0.462192
30:0.0192963
31:0.233578
32:-0.0119447
33:0.142596
34:0.102605
35:0.0659933
36:-0.423508
37:0.0165129
38:0.107554
39:0.179195
40:0.0945947
41:0.143963
42:0.1738
43:0.0456736
44:-0.06488
45:-0.146694
46:0.0632473
47:-0.126137
48:0.135602
49:0.00504036
50:0.0966788
51:0.0854418
52:0.278509
53:-0.604205
54:-3.98631
55:-1.92162
56:-2.84365
57:-0.664329
alpha: 7.90475
lagLB: 424.735
stepSizeMultiplier: 0.560248
targetLowerBound: 515.046
||gamma||^2: 1.73828
lambda: 0,7.67647,21.7788,12.5757,11.2705,13.8472,11.3488,14.2188,13.7616,10.7249,10.7028,12.9698,14.7465,23.3675,13.8738,7.05541,14.1478,2.50613,19.5403,15.1262,19.8455,13.7149,9.13391,12.9211,15.7007,18.5187,10.624,8.92536,16.121,5.68533,15.7998,12.7133,8.514,19.364,19.5945,18.1602,16.2427,8.08037,12.4496,20.3615,21.9708,16.5276,17.9121,17.2914,11.9903,14.5091,1.48135,10.256,12.6687,13.7646,9.90909,
mu: 1.49258,3.3844,0,
srcDuals: 
lambda: 0,6.80602,21.5435,11.6137,10.316,13.8248,10.9289,15.4637,14.3026,9.75087,9.82967,12.3982,15.2511,22.1053,15.247,9.98858,13.1166,5.45736,23.0705,14.195,19.2344,13.2844,8.60238,13.3973,16.9036,20.1615,9.87979,8.19703,15.3107,8.95669,15.7354,11.1643,8.25035,18.4454,18.9529,17.4952,19.1767,8.03524,11.7738,19.1893,21.3847,15.5995,16.7773,17.0443,12.509,15.5947,1.11245,11.1992,11.7985,13.7989,9.30858,
mu: 0,0,0,
srcDuals: 
fixing. lower bound used: 341.31
percent fixed: 59.6432
fixing. lower bound used: 485.966
fixed path dual: -20.8229
best alpha: 0.08
0:0
1:0.186391
2:-0.211558
3:0.216945
4:0.215956
5:0.0121737
6:0.144959
7:-0.0761186
8:0.0173488
9:-0.261457
10:0.205147
11:-0.262503
12:0.0221958
13:0.25682
14:-0.0931473
15:-0.300307
16:-0.103061
17:-0.302705
18:-0.379601
19:0.21287
20:0.0967418
21:0.0663661
22:0.159784
23:0.0259617
24:-0.0705337
25:-0.128958
26:0.18803
27:0.167517
28:0.196809
29:-0.345217
30:-0.302247
31:0.294891
32:-0.170989
33:0.211189
34:-0.305604
35:0.140714
36:-0.309627
37:0.0951918
38:-0.38105
39:0.24486
40:0.167027
41:0.212446
42:0.239896
43:0.12202
44:0.0203104
45:-0.0549587
46:-0.0218125
47:-0.0360463
48:0.204754
49:0.0846371
50:-0.231056
51:-0.0813935
52:0.016228
53:0.964132
54:-3.66741
55:-1.60789
56:-2.61616
57:0.188817
alpha: 3.00917
lagLB: 458.037
stepSizeMultiplier: 0.369764
targetLowerBound: 515.046
||gamma||^2: 3.01373
lambda: 0,7.72014,21.1005,12.7903,11.4841,13.9294,11.487,14.1223,13.7643,10.9412,10.905,12.8923,14.7544,23.6245,13.7593,6.72093,14.2932,2.16911,19.1216,15.3366,19.3783,13.8546,9.28789,12.933,15.6102,18.3661,10.808,8.94899,16.3143,5.30318,15.8879,13.0107,8.15593,19.5726,19.764,18.0169,15.829,8.16577,12.624,20.6058,22.1325,16.7375,18.1512,17.4053,11.9962,14.4351,1.61241,10.2021,12.8704,13.8388,10.0728,
mu: 0.675396,2.20154,0,
srcDuals: 
lambda: 0,6.80602,21.5435,11.6137,10.316,13.8248,10.9289,15.4637,14.3026,9.75087,9.82967,12.3982,15.2511,22.1053,15.247,9.98858,13.1166,5.45736,23.0705,14.195,19.2344,13.2844,8.60238,13.3973,16.9036,20.1615,9.87979,8.19703,15.3107,8.95669,15.7354,11.1643,8.25035,18.4454,18.9529,17.4952,19.1767,8.03524,11.7738,19.1893,21.3847,15.5995,16.7773,17.0443,12.509,15.5947,1.11245,11.1992,11.7985,13.7989,9.30858,
mu: 0,0,0,
srcDuals: 
fixing. lower bound used: 478.04
percent fixed: 59.7033
fixing. lower bound used: 485.966
fixed path dual: -47.1271
best alpha: 0.01
0:0
1:0.194527
2:-0.199442
3:0.224775
4:0.223796
5:0.0220519
6:0.103509
7:-0.145357
8:0.0271753
9:-0.248843
10:0.213096
11:-0.249878
12:0.0319738
13:0.264251
14:-0.0922158
15:-0.287304
16:-0.0920307
17:-0.289678
18:-0.365805
19:0.220742
20:0.105774
21:0.0757024
22:0.168186
23:-0.104298
24:-0.189828
25:-0.117669
26:0.19615
27:0.155842
28:0.204841
29:-0.331764
30:-0.289225
31:0.301942
32:-0.159279
33:0.219077
34:-0.292548
35:0.149307
36:-0.296531
37:0.10424
38:-0.36724
39:0.252411
40:0.175357
41:0.220321
42:0.247497
43:0.0307995
44:0.0301073
45:-0.0444091
46:-0.0115943
47:-0.0256858
48:0.182706
49:0.0937908
50:-0.218745
51:-0.0205796
52:0.0960657
53:0.74449
54:-3.53073
55:-1.47181
56:-2.50999
57:-0.733071
alpha: 3.50045
lagLB: 390.846
stepSizeMultiplier: 0.369764
targetLowerBound: 515.046
||gamma||^2: 2.59076
lambda: 0,7.3669,20.9069,12.2665,10.9658,13.8614,11.3651,15.2346,14.3548,8.9641,10.447,11.6083,15.3179,22.8781,14.9667,9.0849,12.8064,4.54646,21.9283,14.8355,19.5255,13.4841,9.0832,13.4754,16.6913,19.7734,10.4456,8.70112,15.9029,7.91787,14.8259,12.0517,7.73581,19.0809,18.0333,17.9186,18.245,8.32169,10.6271,19.9261,21.8874,16.2388,17.4992,17.4115,12.5702,15.4293,1.04682,11.0907,12.4147,14.0536,8.6133,
mu: 0,0.0488327,2.90124,
srcDuals: 
lambda: 0,6.80602,21.5435,11.6137,10.316,13.8248,10.9289,15.4637,14.3026,9.75087,9.82967,12.3982,15.2511,22.1053,15.247,9.98858,13.1166,5.45736,23.0705,14.195,19.2344,13.2844,8.60238,13.3973,16.9036,20.1615,9.87979,8.19703,15.3107,8.95669,15.7354,11.1643,8.25035,18.4454,18.9529,17.4952,19.1767,8.03524,11.7738,19.1893,21.3847,15.5995,16.7773,17.0443,12.509,15.5947,1.11245,11.1992,11.7985,13.7989,9.30858,
mu: 0,0,0,
srcDuals: 
fixing. lower bound used: 469.799
percent fixed: 59.7023
fixing. lower bound used: 485.966
fixed path dual: -37.8401
best alpha: 0.01
0:0
1:0.202582
2:-0.187448
3:0.232528
4:0.211558
5:0.0318314
6:0.112474
7:-0.133904
8:0.0369036
9:-0.236354
10:0.220965
11:-0.237379
12:0.00165409
13:0.241609
14:-0.0912937
15:-0.274431
16:-0.0811104
17:-0.286781
18:-0.352147
19:0.158534
20:0.114717
21:0.0849454
22:0.176504
23:-0.0932549
24:-0.17793
25:-0.116492
26:0.204188
27:0.164283
28:0.212793
29:-0.318447
30:-0.276333
31:0.308923
32:-0.147686
33:0.226886
34:-0.279622
35:0.157814
36:-0.283566
37:0.0431975
38:-0.353567
39:0.259887
40:0.0936032
41:0.198118
42:0.165022
43:0.0404915
44:-0.0401938
45:-0.033965
46:-0.0014784
47:-0.0254289
48:0.190879
49:0.102853
50:-0.206558
51:0.0396262
52:0.195105
53:0.527045
54:-3.73543
55:-1.65709
56:-2.40489
57:-0.62574
alpha: 4.15963
lagLB: 425.84
stepSizeMultiplier: 0.369764
targetLowerBound: 515.046
||gamma||^2: 2.18021
lambda: 0,7.48695,20.8454,12.4005,11.0994,13.902,11.2912,14.9549,14.3978,8.8798,10.5756,11.5235,15.363,23.0303,14.9242,8.98288,12.7944,4.44335,21.7901,14.9676,19.6047,13.5494,9.19111,13.0322,16.2391,19.7496,10.5664,8.74255,16.0277,7.79536,14.723,12.2213,7.6928,19.2123,17.9289,18.0178,18.1387,8.40013,10.4883,20.0728,21.9986,16.3707,17.6437,17.1521,12.6144,15.4392,1.07187,11.1093,12.4381,14.1273,8.54288,
mu: 0,0.336273,2.60605,
srcDuals: 
lambda: 0,6.80602,21.5435,11.6137,10.316,13.8248,10.9289,15.4637,14.3026,9.75087,9.82967,12.3982,15.2511,22.1053,15.247,9.98858,13.1166,5.45736,23.0705,14.195,19.2344,13.2844,8.60238,13.3973,16.9036,20.1615,9.87979,8.19703,15.3107,8.95669,15.7354,11.1643,8.25035,18.4454,18.9529,17.4952,19.1767,8.03524,11.7738,19.1893,21.3847,15.5995,16.7773,17.0443,12.509,15.5947,1.11245,11.1992,11.7985,13.7989,9.30858,
mu: 0,0,0,
srcDuals: 
fixing. lower bound used: 379.405
percent fixed: 59.7004
fixing. lower bound used: 485.966
fixed path dual: -31.2316
best alpha: 0.08
0:0
1:0.266375
2:-0.0924517
3:0.293925
4:-0.125367
5:0.109285
6:0.103476
7:-0.0431916
8:0.113951
9:-0.137446
10:0.283288
11:-0.138388
12:-0.0784782
13:-0.17772
14:-0.16399
15:-0.172476
16:0.00537843
17:-0.183839
18:-0.243975
19:-0.174148
20:0.185539
21:0.15815
22:0.242384
23:-0.00579452
24:-0.0836957
25:-0.187173
26:0.267853
27:0.231141
28:0.275769
29:-0.212971
30:-0.174226
31:0.364209
32:-0.0558715
33:0.288735
34:-0.177253
35:0.225189
36:-0.18088
37:-0.120258
38:-0.245282
39:0.319096
40:-0.073885
41:-0.217731
42:-0.00817996
43:0.117252
44:-0.196978
45:0.0487522
46:0.0786399
47:-0.263395
48:0.255609
49:0.174625
50:-0.110033
51:-0.363544
52:0.0994966
53:-1.19512
54:-3.27659
55:-1.52452
56:-1.5725
57:0.224319
alpha: 4.88975
lagLB: 440.43
stepSizeMultiplier: 0.369764
targetLowerBound: 515.046
||gamma||^2: 1.85466
lambda: 0,7.64868,20.7638,12.5809,11.196,13.9572,11.3967,14.9067,14.4561,8.76772,10.7488,11.4108,15.258,23.1103,14.8672,8.84705,12.7792,4.26445,21.6057,14.8544,19.7116,13.6377,9.33657,13.0094,16.1635,19.6769,10.7291,8.88039,16.1958,7.63207,14.586,12.4493,7.63603,19.3891,17.7898,18.1516,17.9972,8.21493,10.3031,20.2703,21.7741,16.4236,17.4638,17.2127,12.3419,15.4534,1.1063,11.0934,12.5925,14.2268,8.44938,
mu: 0.16483,0.811564,2.19231,
srcDuals: 
lambda: 0,6.80602,21.5435,11.6137,10.316,13.8248,10.9289,15.4637,14.3026,9.75087,9.82967,12.3982,15.2511,22.1053,15.247,9.98858,13.1166,5.45736,23.0705,14.195,19.2344,13.2844,8.60238,13.3973,16.9036,20.1615,9.87979,8.19703,15.3107,8.95669,15.7354,11.1643,8.25035,18.4454,18.9529,17.4952,19.1767,8.03524,11.7738,19.1893,21.3847,15.5995,16.7773,17.0443,12.509,15.5947,1.11245,11.1992,11.7985,13.7989,9.30858,
mu: 0,0,0,
srcDuals: 
fixing. lower bound used: 407.388
percent fixed: 59.7001
fixing. lower bound used: 485.966
fixed path dual: -54.3869
best alpha: 0.01
0:0
1:0.273711
2:-0.0815272
3:0.300986
4:-0.114113
5:0.118192
6:0.0724415
7:-0.11276
8:0.122812
9:-0.126072
10:0.290455
11:-0.127005
12:-0.0676935
13:-0.165943
14:-0.15235
15:-0.160752
16:0.0153246
17:-0.172
18:-0.231535
19:-0.162407
20:0.193684
21:0.166568
22:0.24996
23:-0.135737
24:-0.192859
25:-0.175301
26:0.275175
27:0.208829
28:0.283012
29:-0.200841
30:-0.162484
31:0.370567
32:-0.0453128
33:0.295848
34:-0.16548
35:0.232937
36:-0.169072
37:-0.109056
38:-0.232829
39:0.325905
40:-0.0631462
41:-0.205554
42:0.00190184
43:0.0160797
44:-0.185009
45:0.0582647
46:0.0878535
47:-0.250761
48:0.223053
49:0.182878
50:-0.0989326
51:-0.299908
52:0.168502
53:-1.39317
54:-3.14383
55:-1.38928
56:-1.47678
57:-0.757924
alpha: 5.0233
lagLB: 404.348
stepSizeMultiplier: 0.369764
targetLowerBound: 515.046
||gamma||^2: 1.80535
lambda: 0,8.10853,21.0914,13.0509,9.70297,14.3592,11.4349,15.2525,14.8598,9.07879,11.2149,11.7215,14.8673,21.2363,14.4451,9.14521,13.1429,4.55843,21.8776,13.3434,20.1417,14.0577,9.78757,13.369,16.4943,19.2463,11.1895,9.32725,16.6591,7.91531,14.8835,12.9452,7.97715,19.8572,18.0862,18.5963,18.2923,7.44721,10.5744,20.7496,21.0235,14.5349,16.7373,17.6176,11.5459,15.8331,1.49698,9.91123,13.0484,14.6528,8.77055,
mu: 0,0.486513,0,
srcDuals: 
lambda: 0,6.80602,21.5435,11.6137,10.316,13.8248,10.9289,15.4637,14.3026,9.75087,9.82967,12.3982,15.2511,22.1053,15.247,9.98858,13.1166,5.45736,23.0705,14.195,19.2344,13.2844,8.60238,13.3973,16.9036,20.1615,9.87979,8.19703,15.3107,8.95669,15.7354,11.1643,8.25035,18.4454,18.9529,17.4952,19.1767,8.03524,11.7738,19.1893,21.3847,15.5995,16.7773,17.0443,12.509,15.5947,1.11245,11.1992,11.7985,13.7989,9.30858,
mu: 0,0,0,
srcDuals: 
fixing. lower bound used: 480.181
percent fixed: 59.7
fixing. lower bound used: 485.966
fixed path dual: -40.0682
best alpha: 0.05
0:0
1:-0.0899742
2:-0.0274509
3:-0.0640631
4:-0.0584072
5:0.0622824
6:0.118819
7:-0.0571217
8:0.166671
9:-0.069768
10:0.225932
11:-0.0706543
12:-0.0143088
13:-0.107645
14:-0.0947328
15:-0.102714
16:0.0645584
17:-0.1134
18:-0.169959
19:-0.104287
20:0.0339997
21:0.20824
22:-0.112538
23:-0.0789497
24:-0.133216
25:-0.116536
26:0.311416
27:0.148388
28:0.0188611
29:-0.140799
30:-0.10436
31:0.402039
32:-0.143047
33:0.231055
34:-0.107206
35:0.0212898
36:-0.360618
37:-0.0536029
38:-0.171188
39:0.30961
40:-0.00998886
41:-0.145276
42:0.0518067
43:0.0652757
44:-0.125758
45:0.0553514
46:0.0834608
47:-0.188223
48:0.2619
49:0.123734
50:-0.043986
51:0.215087
52:0.160077
53:0.126491
54:-2.98663
55:-1.21981
56:-1.80294
57:-0.220028
alpha: 7.38572
lagLB: 449.945
stepSizeMultiplier: 0.369764
targetLowerBound: 515.046
||gamma||^2: 1.22789
lambda: 0,8.18096,21.134,13.1256,9.74275,14.4185,11.2928,14.8973,14.9196,9.11757,11.2887,11.7602,14.911,21.2717,14.4817,9.18107,13.1935,4.59335,21.9075,13.3791,20.2074,14.1211,9.858,12.7154,15.9348,19.2809,11.2621,9.24605,16.7324,7.9478,14.9192,13.0258,8.02273,19.9315,18.1217,18.6653,18.3274,7.48743,10.6042,20.8264,21.0675,14.567,16.7869,17.1251,11.5797,15.8873,1.55377,9.93952,12.919,14.7176,8.81161,
mu: 0,0.846434,0,
srcDuals: 
lambda: 0,6.80602,21.5435,11.6137,10.316,13.8248,10.9289,15.4637,14.3026,9.75087,9.82967,12.3982,15.2511,22.1053,15.247,9.98858,13.1166,5.45736,23.0705,14.195,19.2344,13.2844,8.60238,13.3973,16.9036,20.1615,9.87979,8.19703,15.3107,8.95669,15.7354,11.1643,8.25035,18.4454,18.9529,17.4952,19.1767,8.03524,11.7738,19.1893,21.3847,15.5995,16.7773,17.0443,12.509,15.5947,1.11245,11.1992,11.7985,13.7989,9.30858,
mu: 0,0,0,
srcDuals: 
fixing. lower bound used: 378.351
percent fixed: 59.6995
fixing. lower bound used: 485.966
fixed path dual: -17.8365
best alpha: 0.07
0:0
1:-0.013676
2:0.0444707
3:0.0104213
4:0.0156813
5:-0.0120773
6:0.0405021
7:0.0168768
8:0.225004
9:0.00511572
10:0.140117
11:0.00429146
12:-0.153307
13:-0.0301103
14:-0.298101
15:-0.0255241
16:0.130039
17:-0.0354622
18:-0.508062
19:-0.0269865
20:0.10162
21:0.263663
22:-0.0346604
23:-0.00342326
24:-0.0538907
25:-0.318378
26:0.359617
27:0.208001
28:0.0875408
29:-0.0609433
30:-0.0270544
31:0.443896
32:-0.0630338
33:0.144882
34:-0.0297016
35:0.0897995
36:-0.265375
37:0.0201493
38:-0.0892046
39:0.287937
40:0.0607104
41:-0.0651069
42:0.11818
43:0.130706
44:-0.046955
45:0.0514768
46:0.147619
47:-0.315047
48:0.313567
49:0.045073
50:0.0290931
51:-1.05997
52:-0.831129
53:-0.862363
54:-1.65757
55:-0.434426
56:-1.11673
57:0.495374
alpha: 5.21201
lagLB: 453.134
stepSizeMultiplier: 0.369764
targetLowerBound: 515.046
||gamma||^2: 1.73999
lambda: 0,6.1415,21.3408,11.1406,9.8846,14.2848,11.8065,15.0418,15.5336,9.23558,11.4983,11.8764,15.1454,21.3102,14.5473,9.22996,13.5934,4.61981,21.8153,13.4247,19.4855,14.8224,7.7712,12.8142,15.9197,19.3008,12.1798,9.29299,15.45,7.91678,14.9646,14.1337,7.19384,20.1519,18.1612,17.6524,16.5133,7.63935,10.5094,21.476,21.311,14.5265,17.16,17.5264,11.5802,16.0035,1.72887,9.809,13.7329,14.7128,8.98371,
mu: 1.58857,1.18228,0.93423,
srcDuals: 
lambda: 0,6.80602,21.5435,11.6137,10.316,13.8248,10.9289,15.4637,14.3026,9.75087,9.82967,12.3982,15.2511,22.1053,15.247,9.98858,13.1166,5.45736,23.0705,14.195,19.2344,13.2844,8.60238,13.3973,16.9036,20.1615,9.87979,8.19703,15.3107,8.95669,15.7354,11.1643,8.25035,18.4454,18.9529,17.4952,19.1767,8.03524,11.7738,19.1893,21.3847,15.5995,16.7773,17.0443,12.509,15.5947,1.11245,11.1992,11.7985,13.7989,9.30858,
mu: 0,0,0,
srcDuals: 
fixing. lower bound used: 341.975
percent fixed: 59.6994
fixing. lower bound used: 485.966
fixed path dual: -101.801
best alpha: 0.01
0:0
1:-0.00353923
2:0.054026
3:0.0203171
4:0.0255245
5:-0.00195655
6:0.0400971
7:-0.173292
8:0.232754
9:0.0150646
10:0.148716
11:0.0142485
12:-0.141774
13:-0.0198092
14:-0.28512
15:-0.0152688
16:0.138739
17:-0.0251076
18:-0.492981
19:-0.0167167
20:0.110604
21:0.271026
22:-0.0243138
23:-0.083389
24:-0.233352
25:-0.305194
26:0.336021
27:0.215921
28:0.0966654
29:-0.0503339
30:-0.0167839
31:0.449457
32:-0.0524035
33:0.153433
34:-0.0194046
35:0.0989015
36:-0.252721
37:0.0299478
38:-0.0783125
39:0.295058
40:0.0701033
41:-0.0544558
42:0.126998
43:0.119399
44:-0.0364855
45:0.0609621
46:0.146142
47:-0.301897
48:0.310431
49:0.0546223
50:0.0388021
51:-0.989369
52:-0.732817
53:-1.06374
54:-1.54099
55:-0.310082
56:-1.02557
57:-1.30958
alpha: 5.87676
lagLB: 205.819
stepSizeMultiplier: 0.369764
targetLowerBound: 515.046
||gamma||^2: 1.54317
lambda: 0,6.73474,21.7753,11.668,10.3977,13.7619,11.14,15.5516,15.4754,9.77753,10.56,12.4206,14.452,21.9483,13.6933,9.85554,13.7943,5.27253,20.4225,14.0543,19.7641,14.6586,8.42173,13.3795,16.6227,18.5021,11.7541,9.28113,15.767,8.63905,15.5944,13.4779,7.92182,19.2005,18.7981,17.9632,17.7936,8.14026,11.3088,20.69,21.7012,15.2602,17.3933,17.7255,12.2643,15.863,1.88184,9.55714,13.4329,14.0339,9.46022,
mu: 0,0,0,
srcDuals: 
lambda: 0,6.80602,21.5435,11.6137,10.316,13.8248,10.9289,15.4637,14.3026,9.75087,9.82967,12.3982,15.2511,22.1053,15.247,9.98858,13.1166,5.45736,23.0705,14.195,19.2344,13.2844,8.60238,13.3973,16.9036,20.1615,9.87979,8.19703,15.3107,8.95669,15.7354,11.1643,8.25035,18.4454,18.9529,17.4952,19.1767,8.03524,11.7738,19.1893,21.3847,15.5995,16.7773,17.0443,12.509,15.5947,1.11245,11.1992,11.7985,13.7989,9.30858,
mu: 0,0,0,
srcDuals: 
fixing. lower bound used: 485.966
fixed path dual: -43.1738
best alpha: 0.04
0:0
1:0.0366023
2:0.0918649
3:0.0595044
4:0.0645035
5:-0.0418783
6:0.0784932
7:-0.12636
8:0.263444
9:0.054462
10:0.0227671
11:-0.186321
12:-0.0961031
13:0.0209832
14:-0.233716
15:0.0253419
16:-0.0668106
17:0.0158967
18:-0.433262
19:0.023952
20:0.146179
21:-0.0998146
22:0.0166587
23:-0.0400535
24:-0.184018
25:-0.252987
26:0.36258
27:0.247284
28:0.132799
29:-0.00832051
30:0.0238875
31:0.471479
32:-0.0503074
33:0.0272954
34:-0.0586284
35:0.134945
36:-0.202612
37:0.0687499
38:-0.11518
39:0.203255
40:0.107299
41:-0.0122776
42:0.161919
43:0.154623
44:0.00497395
45:0.0185236
46:0.100297
47:-0.249821
48:0.338014
49:-0.0675626
50:-0.40275
51:-0.549795
52:-0.263505
53:0.17881
54:-1.47935
55:-0.217679
56:-1.46454
57:-0.857196
alpha: 5.8733
lagLB: 473.428
stepSizeMultiplier: 0.369764
targetLowerBound: 515.046
||gamma||^2: 1.54408
lambda: 0,6.78522,21.861,11.7331,10.466,13.8133,11.1645,14.4453,15.6705,9.8394,10.7036,12.482,14.4179,21.9889,13.5714,9.89884,13.9319,5.30981,20.1734,14.0967,19.8844,14.8771,8.45949,12.9072,15.5322,18.3679,11.8545,9.46595,15.8788,8.66089,15.6368,13.8057,7.94239,19.3471,18.8389,18.0764,17.6915,8.21124,11.3136,20.9233,21.7967,15.2795,17.5237,17.746,12.2946,15.9529,1.9713,9.42499,13.6229,14.1199,9.53661,
mu: 0,0,0,
srcDuals: 
lambda: 0,6.80602,21.5435,11.6137,10.316,13.8248,10.9289,15.4637,14.3026,9.75087,9.82967,12.3982,15.2511,22.1053,15.247,9.98858,13.1166,5.45736,23.0705,14.195,19.2344,13.2844,8.60238,13.3973,16.9036,20.1615,9.87979,8.19703,15.3107,8.95669,15.7354,11.1643,8.25035,18.4454,18.9529,17.4952,19.1767,8.03524,11.7738,19.1893,21.3847,15.5995,16.7773,17.0443,12.509,15.5947,1.11245,11.1992,11.7985,13.7989,9.30858,
mu: 0,0,0,
srcDuals: 
fixing. lower bound used: 180.29
percent fixed: 59.6943
fixing. lower bound used: 485.966
fixed path dual: -40.9567
best alpha: 0.01
0:0
1:0.0462363
2:0.100946
3:0.0589094
4:0.0538585
5:-0.0314595
6:0.0877083
7:-0.115097
8:0.26081
9:0.0639174
10:0.0325394
11:-0.174458
12:-0.105142
13:0.0307734
14:-0.221378
15:0.0350885
16:-0.0561425
17:-0.0142622
18:-0.418929
19:-0.0362875
20:0.154718
21:-0.0888165
22:0.0264921
23:-0.0296529
24:-0.172178
25:-0.240457
26:0.358954
27:0.234811
28:0.121471
29:0.00176269
30:0.0336486
31:0.456764
32:-0.0398043
33:0.0370224
34:-0.0480421
35:0.143596
36:-0.190586
37:0.00806239
38:-0.104028
39:0.211223
40:-0.00377386
41:-0.00215484
42:0.0302993
43:0.163077
44:-0.0850758
45:0.0283383
46:0.109294
47:-0.237323
48:0.324634
49:-0.056887
50:-0.388722
51:-0.354297
52:-0.0508698
53:-0.0129779
54:-1.78456
55:-0.535502
56:-1.3899
57:-0.748624
alpha: 6.49026
lagLB: 459.874
stepSizeMultiplier: 0.369764
targetLowerBound: 515.046
||gamma||^2: 1.3973
lambda: 0,7.021,22.0831,11.9632,10.6948,13.5788,11.3899,14.7215,15.8499,10.0707,9.96339,11.3039,14.6866,22.2285,13.8743,10.1374,12.7242,5.55072,20.5259,14.3356,20.093,12.6981,8.70022,13.162,15.8228,18.6756,12.0093,9.64941,16.0907,8.90782,15.8757,13.9335,7.95488,18.6057,18.6086,18.2878,17.9867,8.43903,11.0973,20.3831,22.0149,15.5274,17.7283,17.9524,12.5383,15.7035,1.70153,9.73189,13.7838,13.4021,6.94311,
mu: 0,0,1.05021,
srcDuals: 
lambda: 0,6.80602,21.5435,11.6137,10.316,13.8248,10.9289,15.4637,14.3026,9.75087,9.82967,12.3982,15.2511,22.1053,15.247,9.98858,13.1166,5.45736,23.0705,14.195,19.2344,13.2844,8.60238,13.3973,16.9036,20.1615,9.87979,8.19703,15.3107,8.95669,15.7354,11.1643,8.25035,18.4454,18.9529,17.4952,19.1767,8.03524,11.7738,19.1893,21.3847,15.5995,16.7773,17.0443,12.509,15.5947,1.11245,11.1992,11.7985,13.7989,9.30858,
mu: 0,0,0,
srcDuals: 
fixing. lower bound used: 448.789
percent fixed: 59.6937
fixing. lower bound used: 485.966
fixed path dual: -42.7413
best alpha: 0.02
0:0
1:0.0453116
2:0.0389274
3:-0.00226883
4:0.0727813
5:-0.0108303
6:0.0859541
7:-0.0927947
8:0.215593
9:0.082639
10:0.0518886
11:-0.150969
12:-0.0830393
13:0.0501579
14:-0.196951
15:0.0543867
16:-0.0350197
17:0.006023
18:-0.39055
19:-0.0155618
20:0.0916233
21:-0.0670402
22:0.00596229
23:-0.00905988
24:-0.148734
25:-0.215648
26:0.311775
27:0.210115
28:-0.000958605
29:0.0217274
30:0.0529756
31:0.327629
32:-0.0590082
33:0.056282
34:-0.0270812
35:0.0807241
36:-0.246774
37:0.0279011
38:-0.0819476
39:0.226998
40:0.0163016
41:0.0178883
42:0.0496934
43:0.179816
44:-0.0633743
45:0.0477716
46:0.127108
47:-0.212576
48:0.278141
49:-0.0357492
50:-0.360948
51:-0.327211
52:-0.0498524
53:0.0872816
54:-1.78887
55:-0.524792
56:-1.5221
57:-0.533652
alpha: 8.2747
lagLB: 472.076
stepSizeMultiplier: 0.369764
targetLowerBound: 515.046
||gamma||^2: 1.09597
lambda: 0,7.10611,22.1987,11.996,10.6655,13.6206,11.4981,14.7167,15.9954,10.1657,10.0409,11.2659,14.5687,22.305,13.8102,10.2163,12.7522,5.36479,20.3516,13.9594,20.2386,12.7079,8.77432,13.2048,15.7861,18.6009,12.2095,9.72102,16.0991,8.96813,15.9538,14.1288,7.99201,18.6857,18.6411,18.4272,17.9398,8.08757,11.0986,20.5602,21.3602,15.5855,16.974,18.1027,11.9569,15.7786,1.8218,9.65888,13.9055,13.4297,6.78567,
mu: 0,0,0,
srcDuals: 
lambda: 0,6.80602,21.5435,11.6137,10.316,13.8248,10.9289,15.4637,14.3026,9.75087,9.82967,12.3982,15.2511,22.1053,15.247,9.98858,13.1166,5.45736,23.0705,14.195,19.2344,13.2844,8.60238,13.3973,16.9036,20.1615,9.87979,8.19703,15.3107,8.95669,15.7354,11.1643,8.25035,18.4454,18.9529,17.4952,19.1767,8.03524,11.7738,19.1893,21.3847,15.5995,16.7773,17.0443,12.509,15.5947,1.11245,11.1992,11.7985,13.7989,9.30858,
mu: 0,0,0,
srcDuals: 
fixing. lower bound used: 478.081
percent fixed: 59.6928
fixing. lower bound used: 485.966
fixed path dual: -38.8089
best alpha: 0.01
0:0
1:0.0548585
2:0.0485381
3:0.00775386
4:0.0820535
5:-0.020722
6:0.0850945
7:-0.0918668
8:0.193437
9:0.0918126
10:0.0413697
11:-0.139459
12:-0.0922089
13:0.0596563
14:-0.184981
15:0.0438429
16:-0.0246695
17:0.0159628
18:-0.376645
19:-0.00540616
20:0.100707
21:-0.0563698
22:-0.00409734
23:-0.0189693
24:-0.157247
25:-0.203491
26:0.288657
27:0.178014
28:-0.030949
29:0.0315102
30:0.0624459
31:0.294352
32:-0.0484181
33:0.0457192
34:-0.0168104
35:0.0899168
36:-0.234307
37:0.0176221
38:-0.0711282
39:0.214728
40:0.0261386
41:0.0277094
42:0.0591964
43:0.168017
44:-0.0727405
45:0.0372939
46:0.115837
47:-0.20045
48:0.22536
49:-0.0453917
50:-0.347339
51:-0.263939
52:-0.00935383
53:0.0164088
54:-1.87098
55:-0.559544
56:-1.42688
57:-0.608315
alpha: 9.44695
lagLB: 476.979
stepSizeMultiplier: 0.369764
targetLowerBound: 515.046
||gamma||^2: 0.959975
lambda: 0,7.18096,21.8656,11.5949,10.9182,13.7352,11.6401,14.6958,16.0866,10.4347,10.259,11.149,14.564,22.5203,13.6172,10.4386,12.8268,5.50719,19.8389,14.0662,19.9926,12.7297,8.65172,13.3223,15.6729,18.3771,12.4596,9.93567,15.3028,9.13648,16.1738,13.8753,7.76207,18.9111,18.7289,18.1632,17.1347,8.26612,11.0957,21.0676,21.5196,15.7475,17.1885,18.5322,11.9846,15.99,2.16423,9.44016,14.1001,13.5031,6.32185,
mu: 0,0,0.722229,
srcDuals: 
lambda: 0,6.80602,21.5435,11.6137,10.316,13.8248,10.9289,15.4637,14.3026,9.75087,9.82967,12.3982,15.2511,22.1053,15.247,9.98858,13.1166,5.45736,23.0705,14.195,19.2344,13.2844,8.60238,13.3973,16.9036,20.1615,9.87979,8.19703,15.3107,8.95669,15.7354,11.1643,8.25035,18.4454,18.9529,17.4952,19.1767,8.03524,11.7738,19.1893,21.3847,15.5995,16.7773,17.0443,12.509,15.5947,1.11245,11.1992,11.7985,13.7989,9.30858,
mu: 0,0,0,
srcDuals: 
fixing. lower bound used: 457.317
percent fixed: 59.6918
fixing. lower bound used: 485.966
fixed path dual: -40.5335
best alpha: 0.01
0:0
1:0.0643099
2:0.0580527
3:0.00767632
4:0.0912329
5:-0.0305148
6:0.0942436
7:-0.0809481
8:0.191503
9:0.100895
10:0.010956
11:-0.128065
12:-0.101287
13:0.0690597
14:-0.173132
15:-0.00659558
16:-0.0144228
17:-0.00419686
18:-0.362879
19:0.0046479
20:0.1097
21:-0.0458061
22:0.00594364
23:-0.00877959
24:-0.145674
25:-0.191456
26:0.285771
27:0.166233
28:-0.0406395
29:0.0411951
30:0.0718214
31:0.281409
32:-0.0379339
33:-0.00473803
34:-0.00664233
35:0.0990177
36:-0.221964
37:-0.0325541
38:-0.0604169
39:0.162581
40:0.0358772
41:0.0374323
42:0.0686045
43:0.176337
44:-0.102013
45:-0.0130791
46:0.104678
47:-0.188446
48:0.213106
49:-0.0549378
50:-0.333865
51:-0.161299
52:0.0907397
53:0.0862447
54:-2.17227
55:-0.733948
56:-1.35261
57:-0.502232
alpha: 10.0258
lagLB: 480.053
stepSizeMultiplier: 0.369764
targetLowerBound: 515.046
||gamma||^2: 0.904547
lambda: 0,7.32427,22.002,11.687,11.0911,13.629,11.7328,14.5958,16.13,10.6182,10.2205,11.0808,14.38,22.6688,13.4994,10.4028,12.8835,5.60816,19.5124,14.1439,20.1858,12.7519,8.56367,13.2181,15.4181,18.2391,12.6067,9.87872,15.0183,9.25436,16.3253,13.9451,7.79294,18.8773,18.7941,18.3446,16.9632,8.20172,11.1018,21.2178,21.6317,15.8613,17.3366,18.6315,11.8219,15.947,2.20676,9.30552,13.9275,13.3701,6.02729,
mu: 0,0,0.155013,
srcDuals: 
lambda: 0,6.80602,21.5435,11.6137,10.316,13.8248,10.9289,15.4637,14.3026,9.75087,9.82967,12.3982,15.2511,22.1053,15.247,9.98858,13.1166,5.45736,23.0705,14.195,19.2344,13.2844,8.60238,13.3973,16.9036,20.1615,9.87979,8.19703,15.3107,8.95669,15.7354,11.1643,8.25035,18.4454,18.9529,17.4952,19.1767,8.03524,11.7738,19.1893,21.3847,15.5995,16.7773,17.0443,12.509,15.5947,1.11245,11.1992,11.7985,13.7989,9.30858,
mu: 0,0,0,
srcDuals: 
fixing. lower bound used: 485.439
percent fixed: 60.3558
updating best lambda arc fixing
fixing. lower bound used: 485.439
fixed path dual: -30.8169
best alpha: 0.05
0:0
1:0.0110944
2:0.10515
3:0.0572925
4:0.136671
5:0.0210109
6:0.0895314
7:-0.176901
8:-0.268072
9:0.14585
10:0.0604082
11:-0.0716615
12:-0.0462224
13:0.115607
14:-0.114475
15:0.0437342
16:0.0362984
17:0.046013
18:-0.294735
19:0.0544155
20:0.154215
21:0.00648424
22:-0.0443535
23:-0.0583406
24:-0.0883905
25:-0.131883
26:-0.128518
27:-0.0920783
28:-0.0886076
29:0.0891353
30:0.11823
31:-0.0326615
32:-0.0860372
33:0.0454989
34:0.0436898
35:0.144067
36:-0.160865
37:0.0190736
38:-0.00739604
39:0.204452
40:0.0840834
41:0.0855607
42:0.115174
43:0.16752
44:-0.0469125
45:0.0375749
46:0.0994445
47:-0.129024
48:-0.097549
49:-0.00219091
50:-0.267172
51:0.0967657
52:-0.0137973
53:-0.668068
54:-1.76366
55:-0.297251
56:-0.88498
57:-0.977121
alpha: 13.2353
lagLB: 475.558
stepSizeMultiplier: 0.369764
targetLowerBound: 515.046
||gamma||^2: 0.685199
lambda: 0,7.45078,22.1255,11.6907,11.2307,13.5189,11.8738,14.6521,16.2226,10.7624,9.93952,11.1143,14.2356,22.7977,13.5112,9.92245,12.972,5.41528,19.4324,14.2415,20.3343,12.8251,8.66197,13.3093,15.4431,18.242,12.7449,9.86366,14.9033,9.3697,16.4555,13.9857,7.87003,18.3979,18.8864,18.4879,16.9514,7.70886,11.1681,20.8193,21.7444,15.9748,17.4652,18.8122,11.4863,15.4635,2.16194,9.30984,13.9351,13.2481,5.96131,
mu: 0,0.909741,0.864675,
srcDuals: 
lambda: 0,6.80602,21.5435,11.6137,10.316,13.8248,10.9289,15.4637,14.3026,9.75087,9.82967,12.3982,15.2511,22.1053,15.247,9.98858,13.1166,5.45736,23.0705,14.195,19.2344,13.2844,8.60238,13.3973,16.9036,20.1615,9.87979,8.19703,15.3107,8.95669,15.7354,11.1643,8.25035,18.4454,18.9529,17.4952,19.1767,8.03524,11.7738,19.1893,21.3847,15.5995,16.7773,17.0443,12.509,15.5947,1.11245,11.1992,11.7985,13.7989,9.30858,
mu: 0,0,0,
srcDuals: 
fixing. lower bound used: 426.975
percent fixed: 60.3552
fixing. lower bound used: 485.439
fixed path dual: -34.345
best alpha: 0.03
0:0
1:0.0407616
2:-0.0480044
3:0.0855737
4:0.162571
5:-0.00961938
6:0.116845
7:-0.141594
8:-0.23003
9:0.111474
10:-0.031404
11:-0.0995117
12:-0.0148358
13:0.142139
14:-0.0810408
15:0.0724222
16:0.0652094
17:0.0746326
18:-0.255893
19:0.082783
20:0.0595885
21:-0.0237103
22:-0.0130229
23:-0.0265904
24:-0.0557388
25:-0.097927
26:-0.0946623
27:-0.0593159
28:-0.0559493
29:0.0564613
30:0.0246834
31:-0.00168169
32:-0.113456
33:0.0741339
34:0.0123791
35:0.109745
36:-0.186039
37:0.0485014
38:-0.0371742
39:0.0783184
40:0.111561
41:0.112994
42:0.141719
43:0.192495
44:-0.0155051
45:0.0664476
46:0.126461
47:-0.0951528
48:-0.0646225
49:-0.0621252
50:-0.229157
51:-0.0261373
52:-0.0733834
53:-0.108025
54:-1.71075
55:-0.228333
56:-1.21843
57:-0.647807
alpha: 16.583
lagLB: 452.845
stepSizeMultiplier: 0.369764
targetLowerBound: 515.046
||gamma||^2: 0.546876
lambda: 0,6.95286,22.9352,12.372,12.1249,14.1029,12.1139,13.1223,10.7546,11.6812,10.6292,11.4498,14.6393,23.6354,13.7318,10.5674,13.597,6.06635,19.1696,14.9152,21.2755,13.3702,8.01535,12.6251,15.7337,18.416,8.17882,6.97835,14.1379,10.1364,17.3002,10.732,7.11162,19.0476,19.5312,19.402,17.0476,8.28769,11.6759,21.8953,22.4976,16.7319,18.3017,19.2615,11.8881,16.092,2.42863,9.49149,10.5074,13.7699,5.77247,
mu: 1.28073,0,0,
srcDuals: 
lambda: 0,6.80602,21.5435,11.6137,10.316,13.8248,10.9289,15.4637,14.3026,9.75087,9.82967,12.3982,15.2511,22.1053,15.247,9.98858,13.1166,5.45736,23.0705,14.195,19.2344,13.2844,8.60238,13.3973,16.9036,20.1615,9.87979,8.19703,15.3107,8.95669,15.7354,11.1643,8.25035,18.4454,18.9529,17.4952,19.1767,8.03524,11.7738,19.1893,21.3847,15.5995,16.7773,17.0443,12.509,15.5947,1.11245,11.1992,11.7985,13.7989,9.30858,
mu: 0,0,0,
srcDuals: 
fixing. lower bound used: 463.581
percent fixed: 60.3539
fixing. lower bound used: 485.439
fixed path dual: -56.493
best alpha: 0.01
0:0
1:0.0503539
2:-0.0375244
3:0.094718
4:0.120945
5:0.000476814
6:0.125677
7:-0.130178
8:-0.21773
9:0.12036
10:-0.02109
11:-0.0885165
12:-0.00468741
13:0.140717
14:-0.0702304
15:0.061698
16:0.0745573
17:0.0338863
18:-0.243334
19:-0.0180448
20:0.0689926
21:-0.0134732
22:-0.00289271
23:-0.0163245
24:-0.0451814
25:-0.0869477
26:-0.0837157
27:-0.0487228
28:-0.0453898
29:0.0658966
30:0.0344366
31:0.00833512
32:-0.102322
33:0.0833926
34:0.0222553
35:0.118647
36:-0.174179
37:0.0280164
38:-0.0268024
39:0.0875352
40:-0.0895548
41:0.121864
42:-0.0496982
43:0.20057
44:-0.08535
45:0.0757831
46:0.125197
47:-0.0942013
48:-0.0539763
49:-0.0515039
50:-0.216865
51:0.254124
52:0.23735
53:-0.316945
54:-1.87364
55:-0.66605
56:-1.12625
57:-0.541329
alpha: 14.983
lagLB: 401.452
stepSizeMultiplier: 0.369764
targetLowerBound: 515.046
||gamma||^2: 0.605277
lambda: 0,7.48197,20.7474,13.0328,13.0119,13.6653,12.8665,13.1156,10.488,11.5994,9.3089,10.748,15.0051,24.4624,13.9031,11.1896,14.1979,6.69499,18.8271,15.5677,20.2226,12.8912,8.38642,12.9563,15.9793,18.5376,8.31001,7.2134,14.3829,9.89298,16.1447,11.1364,6.36891,19.6747,19.1582,19.3151,16.0916,8.83954,11.1573,20.488,23.2348,17.4733,19.1275,20.2364,12.2519,16.6966,3.20956,9.62125,10.7269,12.7687,5.50848,
mu: 0,0,0,
srcDuals: 
lambda: 0,6.80602,21.5435,11.6137,10.316,13.8248,10.9289,15.4637,14.3026,9.75087,9.82967,12.3982,15.2511,22.1053,15.247,9.98858,13.1166,5.45736,23.0705,14.195,19.2344,13.2844,8.60238,13.3973,16.9036,20.1615,9.87979,8.19703,15.3107,8.95669,15.7354,11.1643,8.25035,18.4454,18.9529,17.4952,19.1767,8.03524,11.7738,19.1893,21.3847,15.5995,16.7773,17.0443,12.509,15.5947,1.11245,11.1992,11.7985,13.7989,9.30858,
mu: 0,0,0,
srcDuals: 
fixing. lower bound used: 478.62
percent fixed: 60.3503
fixing. lower bound used: 485.439
fixed path dual: 4.41884
best alpha: 0.02
0:0
1:0.0493469
2:-0.136774
3:0.112824
4:0.138527
5:0.0204673
6:0.143163
7:-0.107574
8:-0.193375
9:0.137952
10:-0.000668169
11:-0.0867462
12:0.0154063
13:0.0779028
14:-0.0488257
15:0.080464
16:0.0930662
17:0.0532085
18:-0.298467
19:0.00231611
20:-0.0323872
21:0.00679628
22:0.0171651
23:0.00400201
24:-0.0242777
25:-0.0652088
26:-0.0620414
27:-0.0277483
28:-0.024482
29:0.0845787
30:0.0537479
31:0.0281684
32:-0.120275
33:0.101725
34:0.0418102
35:0.0762744
36:-0.150695
37:0.0474561
38:-0.00626637
39:0.105785
40:-0.0677637
41:0.0994266
42:-0.0287042
43:0.216558
44:-0.063643
45:0.0942675
46:0.122693
47:-0.0723173
48:-0.0328968
49:-0.0304739
50:-0.192528
51:-0.150958
52:-0.167397
53:-0.410606
54:-1.67617
55:-0.532729
56:-1.34372
57:-0.330502
alpha: 18.4847
lagLB: 384.626
stepSizeMultiplier: 0.369764
targetLowerBound: 515.046
||gamma||^2: 0.490612
lambda: 0,7.56047,20.9813,13.0329,12.1281,13.832,12.8119,13.5132,11.0404,11.5542,9.51368,11.072,15.1808,24.2136,14.1947,10.913,14.2337,5.96507,19.4247,13.9246,20.2681,13.0825,8.55904,13.1527,16.2266,18.8588,8.62548,7.46702,14.6306,9.94401,16.2514,11.2892,6.71727,19.6949,19.2864,19.2729,16.567,8.45501,11.3722,20.5008,20.0429,17.4254,16.0327,20.0494,11.2303,16.7301,2.98827,9.78775,10.9898,13.0273,6.0593,
mu: 3.80753,3.55621,0,
srcDuals: 
lambda: 0,6.80602,21.5435,11.6137,10.316,13.8248,10.9289,15.4637,14.3026,9.75087,9.82967,12.3982,15.2511,22.1053,15.247,9.98858,13.1166,5.45736,23.0705,14.195,19.2344,13.2844,8.60238,13.3973,16.9036,20.1615,9.87979,8.19703,15.3107,8.95669,15.7354,11.1643,8.25035,18.4454,18.9529,17.4952,19.1767,8.03524,11.7738,19.1893,21.3847,15.5995,16.7773,17.0443,12.509,15.5947,1.11245,11.1992,11.7985,13.7989,9.30858,
mu: 0,0,0,
srcDuals: 
fixing. lower bound used: 485.439
fixed path dual: -53.1076
best alpha: 0.01
0:0
1:0.0588534
2:-0.125406
3:0.121695
4:0.127141
5:0.0302626
6:0.151732
7:-0.0964984
8:-0.181441
9:0.146573
10:-0.0406615
11:-0.0758787
12:-0.00474772
13:0.0871238
14:-0.0383375
15:-0.0103406
16:0.102136
17:-0.00732354
18:-0.285482
19:0.0122929
20:-0.0220633
21:0.0167283
22:0.0269935
23:0.013962
24:-0.014035
25:-0.0545567
26:-0.051421
27:-0.0174708
28:-0.0142372
29:0.0937329
30:0.0632104
31:0.0378867
32:-0.109072
33:0.0107075
34:0.0513921
35:0.0855117
36:-0.139188
37:-0.0430185
38:0.00379629
39:0.0447267
40:-0.057086
41:0.108432
42:-0.0184172
43:0.224393
44:-0.0530066
45:-0.00667519
46:0.101466
47:-0.0615941
48:-0.0225678
49:-0.0201691
50:-0.180603
51:0.0305512
52:0.0242774
53:-0.2365
54:-2.07941
55:-0.727402
56:-1.25028
57:-0.227197
alpha: 21.0072
lagLB: 420.735
stepSizeMultiplier: 0.369764
targetLowerBound: 515.046
||gamma||^2: 0.431701
lambda: 0,7.71818,19.0153,13.6992,12.8766,14.2031,13.5752,13.4752,10.7281,12.3009,9.81732,10.7947,15.5359,23.5453,14.3444,11.4759,14.8369,6.4409,17.5535,14.2378,18.6358,13.41,8.91967,13.4713,16.4548,18.9561,8.73297,7.68411,14.8582,10.5201,16.7289,11.685,6.02709,20.3257,19.7258,18.9051,16.3912,8.91246,11.6579,21.1447,20.1321,17.4374,16.2467,21.0473,11.3326,17.3372,3.38039,9.8624,11.1905,13.2356,5.74976,
mu: 0,0,0,
srcDuals: 
lambda: 0,6.80602,21.5435,11.6137,10.316,13.8248,10.9289,15.4637,14.3026,9.75087,9.82967,12.3982,15.2511,22.1053,15.247,9.98858,13.1166,5.45736,23.0705,14.195,19.2344,13.2844,8.60238,13.3973,16.9036,20.1615,9.87979,8.19703,15.3107,8.95669,15.7354,11.1643,8.25035,18.4454,18.9529,17.4952,19.1767,8.03524,11.7738,19.1893,21.3847,15.5995,16.7773,17.0443,12.509,15.5947,1.11245,11.1992,11.7985,13.7989,9.30858,
mu: 0,0,0,
srcDuals: 
fixing. lower bound used: 488.677
percent fixed: 62.9296
updating best lambda arc fixing
fixing. lower bound used: 488.677
fixed path dual: -38.1066
best alpha: 0.03
0:0
1:0.0870878
2:-0.091644
3:0.148045
4:0.153327
5:-0.0306453
6:0.11718
7:-0.0936035
8:-0.145998
9:-0.0678244
10:-0.00944164
11:-0.0736024
12:0.0253947
13:0.11451
14:-0.00718736
15:0.0199696
16:0.0690714
17:0.0228962
18:-0.246918
19:0.0419242
20:0.00859856
21:-0.0437735
22:0.0561837
23:-0.0464569
24:-0.0736139
25:-0.02292
26:-0.0198783
27:0.0130533
28:0.0161899
29:0.0909209
30:-0.118686
31:0.0667501
32:-0.0758002
33:0.0403862
34:-0.10015
35:0.112946
36:-0.105013
37:-0.0117279
38:-0.146318
39:0.0733849
40:-0.0253734
41:0.135179
42:0.0121353
43:0.157661
44:-0.0214164
45:0.0235251
46:0.0684217
47:-0.0297463
48:0.00810925
49:-0.019564
50:-0.145185
51:0.0896347
52:0.143549
53:0.0705947
54:-1.95702
55:-0.58558
56:-1.21278
57:-0.640381
alpha: 21.9504
lagLB: 442.517
stepSizeMultiplier: 0.369764
targetLowerBound: 515.046
||gamma||^2: 0.413152
lambda: 0,8.04237,18.9091,14.1702,12.9869,14.4605,14.1164,13.4365,10.4911,12.83,8.97549,10.8042,15.1513,23.9355,14.4416,9.77135,15.2622,5.30351,17.0733,14.4532,18.7709,13.6358,9.16944,13.6906,16.6088,19.0154,8.79958,7.83002,15.0116,10.9258,17.0633,11.9602,5.95904,18.6703,20.0326,19.2916,16.2528,7.13154,11.8535,20.1289,20.1855,17.8774,16.3904,21.7582,11.3955,15.4544,3.24397,9.90524,11.3245,13.3752,5.51462,
mu: 0.641796,0.510002,0,
srcDuals: 
lambda: 0,6.80602,21.5435,11.6137,10.316,13.8248,10.9289,15.4637,14.3026,9.75087,9.82967,12.3982,15.2511,22.1053,15.247,9.98858,13.1166,5.45736,23.0705,14.195,19.2344,13.2844,8.60238,13.3973,16.9036,20.1615,9.87979,8.19703,15.3107,8.95669,15.7354,11.1643,8.25035,18.4454,18.9529,17.4952,19.1767,8.03524,11.7738,19.1893,21.3847,15.5995,16.7773,17.0443,12.509,15.5947,1.11245,11.1992,11.7985,13.7989,9.30858,
mu: 0,0,0,
srcDuals: 
fixing. lower bound used: 367.512
percent fixed: 62.9378
updating best lambda arc fixing
fixing. lower bound used: 367.512
fixed path dual: -8.95268
best alpha: 0.05
0:0
1:0.132733
2:-0.0370618
3:0.190642
4:-0.154339
5:0.020887
6:0.0613209
7:-0.0389233
8:-0.0886982
9:-0.0144331
10:0.0410304
11:-0.0199223
12:-0.025875
13:-0.291215
14:-0.106828
15:0.0689711
16:0.115618
17:0.0717514
18:-0.184572
19:-0.0601721
20:0.0581686
21:0.00841514
22:0.103375
23:0.00586597
24:-0.0199332
25:-0.121774
26:0.0311156
27:0.0624006
28:0.0653804
29:0.136375
30:-0.0627516
31:0.113413
32:-0.0220102
33:0.0883669
34:-0.0451422
35:0.157299
36:-0.0497622
37:0.0388585
38:-0.0890017
39:0.119716
40:-0.0741048
41:-0.17158
42:0.0615286
43:0.199778
44:0.0296544
45:0.0723488
46:0.0650006
47:-0.0782589
48:0.0577038
49:0.0314142
50:-0.0879253
51:-0.364847
52:-0.163628
53:-0.982935
54:-0.859172
55:0.0436992
56:-0.752137
57:-0.108362
alpha: 18.2409
lagLB: 386.484
stepSizeMultiplier: 0.369764
targetLowerBound: 515.046
||gamma||^2: 0.497171
lambda: 0,8.71763,19.5319,14.8633,13.6816,13.1521,13.501,13.4091,11.0979,8.2621,9.62243,10.7826,15.8085,24.6188,15.0892,10.4269,14.6327,5.95994,17.6506,15.1152,19.4232,12.3235,9.83563,12.3775,15.2877,19.6584,9.44346,8.48356,15.6661,10.9524,13.1302,12.6295,6.58651,19.3319,16.7546,19.9744,16.8717,7.77781,8.56206,20.8001,20.8278,18.5668,17.0437,20.505,12.0389,16.1111,2.61433,10.5462,11.9765,13.3695,6.12173,
mu: 1.96751,3.15096,1.54958,
srcDuals: 
lambda: 0,6.80602,21.5435,11.6137,10.316,13.8248,10.9289,15.4637,14.3026,9.75087,9.82967,12.3982,15.2511,22.1053,15.247,9.98858,13.1166,5.45736,23.0705,14.195,19.2344,13.2844,8.60238,13.3973,16.9036,20.1615,9.87979,8.19703,15.3107,8.95669,15.7354,11.1643,8.25035,18.4454,18.9529,17.4952,19.1767,8.03524,11.7738,19.1893,21.3847,15.5995,16.7773,17.0443,12.509,15.5947,1.11245,11.1992,11.7985,13.7989,9.30858,
mu: 0,0,0,
srcDuals: 
fixing. lower bound used: 367.512
fixed path dual: -61.9239
best alpha: 0.01
0:0
1:0.0814061
2:-0.0266912
3:0.108736
4:-0.142796
5:0.0306781
6:0.0707077
7:-0.0285341
8:-0.0778112
9:-0.00428881
10:0.0506201
11:-0.00972304
12:-0.0156163
13:-0.278303
14:-0.0957597
15:0.0382814
16:0.124462
17:0.0510338
18:-0.172726
19:-0.0595703
20:0.0675869
21:0.018331
22:0.0523408
23:0.0158073
24:-0.00973388
25:-0.110556
26:0.0408044
27:0.0717766
28:0.0347266
29:0.145011
30:-0.0521241
31:0.122279
32:-0.0217901
33:0.0974833
34:-0.0346908
35:0.095726
36:-0.109265
37:-0.00153013
38:-0.0781117
39:0.128518
40:-0.0633637
41:-0.159864
42:0.0509133
43:0.20778
44:-0.0406421
45:0.0216253
46:0.0543506
47:-0.0674764
48:0.0671267
49:0.0411
50:-0.077046
51:-0.151199
52:-0.00199207
53:-0.753106
54:-1.31058
55:-0.336738
56:-0.724615
57:-0.00727878
alpha: 21.9172
lagLB: 398.055
stepSizeMultiplier: 0.369764
targetLowerBound: 515.046
||gamma||^2: 0.413778
lambda: 0,9.2272,20.8675,15.0912,7.50069,14.2058,12.0474,14.7537,12.6847,9.48759,10.5781,12.0348,14.7791,16.7932,13.2983,11.2467,15.2255,6.76616,19.7038,13.0974,20.2955,13.4379,10.488,13.5043,16.54,17.9402,10.4474,9.33528,16.5033,11.4443,14.5908,13.2331,7.84886,20.0573,18.1295,20.3645,18.269,8.74406,10.1503,21.373,20.033,12.4698,17.8997,20.6884,13.05,16.9144,2.29812,9.77165,12.8511,14.372,7.70475,
mu: 0,0,0,
srcDuals: 
lambda: 0,6.80602,21.5435,11.6137,10.316,13.8248,10.9289,15.4637,14.3026,9.75087,9.82967,12.3982,15.2511,22.1053,15.247,9.98858,13.1166,5.45736,23.0705,14.195,19.2344,13.2844,8.60238,13.3973,16.9036,20.1615,9.87979,8.19703,15.3107,8.95669,15.7354,11.1643,8.25035,18.4454,18.9529,17.4952,19.1767,8.03524,11.7738,19.1893,21.3847,15.5995,16.7773,17.0443,12.509,15.5947,1.11245,11.1992,11.7985,13.7989,9.30858,
mu: 0,0,0,
srcDuals: 
fixing. lower bound used: 471.267
percent fixed: 62.9335
fixing. lower bound used: 367.512
fixed path dual: -52.6257
best alpha: 0.01
0:0
1:0.050592
2:-0.0164242
3:0.0776485
4:-0.131368
5:0.0403713
6:0.0600006
7:-0.0282487
8:-0.0670331
9:0.00575408
10:0.0601139
11:-0.0396258
12:-0.00546011
13:-0.26552
14:-0.0848021
15:0.0478986
16:0.0932171
17:0.0605235
18:-0.160999
19:-0.0489746
20:0.0369111
21:-0.0118523
22:0.0218174
23:-0.00435076
24:-0.0296365
25:-0.0994507
26:0.0503964
27:0.0610589
28:0.00437934
29:0.113561
30:-0.0416029
31:0.111056
32:-0.0115722
33:0.106508
34:-0.0243439
35:0.0647687
36:-0.138172
37:0.00848517
38:-0.0673306
39:0.137233
40:-0.0527301
41:-0.148265
42:0.0604042
43:0.185702
44:-0.0302357
45:0.0314091
46:0.0438071
47:-0.0568016
48:0.0764555
49:0.050689
50:-0.0662756
51:-0.0296866
52:0.0780279
53:-0.575575
54:-1.31747
55:-0.33337
56:-0.877369
57:-0.147206
alpha: 16.804
lagLB: 423.668
stepSizeMultiplier: 0.244044
targetLowerBound: 515.046
||gamma||^2: 0.356191
lambda: 0,8.59021,20.9585,13.9969,7.18629,14.4972,12.4786,14.8383,12.5972,9.65687,10.9391,12.1851,14.9088,16.0057,13.1482,10.8276,15.8444,6.57587,19.2849,12.8893,20.7157,13.6862,9.74954,13.7437,16.6903,17.7384,10.7741,9.77018,16.0718,12.1349,14.593,13.8443,7.77277,20.5819,18.1926,19.5932,16.782,8.00171,10.0618,22.0061,19.996,12.0958,17.8932,21.5982,11.6183,16.0686,2.30367,9.72027,13.2698,14.6997,7.61995,
mu: 0,0,0,
srcDuals: 
lambda: 0,6.80602,21.5435,11.6137,10.316,13.8248,10.9289,15.4637,14.3026,9.75087,9.82967,12.3982,15.2511,22.1053,15.247,9.98858,13.1166,5.45736,23.0705,14.195,19.2344,13.2844,8.60238,13.3973,16.9036,20.1615,9.87979,8.19703,15.3107,8.95669,15.7354,11.1643,8.25035,18.4454,18.9529,17.4952,19.1767,8.03524,11.7738,19.1893,21.3847,15.5995,16.7773,17.0443,12.509,15.5947,1.11245,11.1992,11.7985,13.7989,9.30858,
mu: 0,0,0,
srcDuals: 
fixing. lower bound used: 377.177
percent fixed: 62.9321
fixing. lower bound used: 367.512
fixed path dual: -34.6976
best alpha: 0.01
0:0
1:0.0500861
2:-0.01626
3:0.076872
4:-0.120054
5:-3.23741e-05
6:0.0694006
7:-0.0179662
8:-0.0563627
9:0.0156965
10:0.0195128
11:-0.0292296
12:-0.0154055
13:-0.252865
14:-0.0739541
15:0.0174196
16:0.102285
17:0.0699183
18:-0.149389
19:-0.0384849
20:0.036542
21:-0.0017338
22:0.0215992
23:0.00569274
24:-0.0193402
25:-0.0884562
26:0.0598924
27:0.0604483
28:0.00433554
29:0.112425
30:-0.0311868
31:0.119945
32:-0.0114565
33:0.0554433
34:-0.0141004
35:0.064121
36:-0.13679
37:-0.0115997
38:-0.0566573
39:0.105861
40:-0.0422028
41:-0.136782
42:0.0698001
43:0.193845
44:-0.0399334
45:-0.00890502
46:0.023369
47:-0.0462336
48:0.0856909
49:0.0101821
50:-0.0556128
51:0.0206102
52:0.107248
53:-0.439819
54:-1.4843
55:-0.430037
56:-0.848596
57:-0.0457339
alpha: 18.8323
lagLB: 456.736
stepSizeMultiplier: 0.244044
targetLowerBound: 515.046
||gamma||^2: 0.317828
lambda: 0,7.65617,21.2675,12.9185,8.10847,14.5032,11.9371,14.989,13.1762,9.84756,10.8398,11.7324,15.1593,17.6435,13.8219,10.7935,14.683,6.47439,20.3651,13.372,19.8547,13.0852,8.969,13.3242,16.4056,18.4903,10.7267,9.22307,15.3843,10.865,15.0363,13.0305,8.05589,20.2352,18.5439,18.5836,16.8549,8.17783,10.6424,21.4954,20.4987,13.1081,17.7924,20.1648,12.001,16.1225,1.84859,10.2447,13.0833,14.6507,8.19489,
mu: 0,1.31118,0,
srcDuals: 
lambda: 0,6.80602,21.5435,11.6137,10.316,13.8248,10.9289,15.4637,14.3026,9.75087,9.82967,12.3982,15.2511,22.1053,15.247,9.98858,13.1166,5.45736,23.0705,14.195,19.2344,13.2844,8.60238,13.3973,16.9036,20.1615,9.87979,8.19703,15.3107,8.95669,15.7354,11.1643,8.25035,18.4454,18.9529,17.4952,19.1767,8.03524,11.7738,19.1893,21.3847,15.5995,16.7773,17.0443,12.509,15.5947,1.11245,11.1992,11.7985,13.7989,9.30858,
mu: 0,0,0,
srcDuals: 
fixing. lower bound used: 367.095
percent fixed: 62.9311
fixing. lower bound used: 367.512
fixed path dual: -24.2264
best alpha: 0.01
0:0
1:0.0195852
2:-0.0660974
3:0.0561033
4:-0.108854
5:0.00996795
6:0.0787066
7:-0.00778659
8:-0.0457991
9:0.0255396
10:0.0293177
11:-0.0389373
12:-0.00525146
13:-0.240336
14:-0.0632146
15:0.0272454
16:0.101262
17:0.0792191
18:-0.137895
19:-0.0281
20:-0.0238235
21:0.00828354
22:0.00138319
23:0.0156358
24:-0.00914678
25:-0.0775716
26:0.0692935
27:0.0398438
28:-0.0157078
29:0.0913012
30:-0.020875
31:0.128746
32:-0.0413419
33:0.0648889
34:-0.00395941
35:0.0234798
36:-0.165422
37:-0.00148368
38:-0.0460907
39:0.114802
40:-0.0317808
41:-0.125415
42:0.0791021
43:0.201907
44:-0.029534
45:0.00118403
46:0.0231353
47:-0.0357712
48:0.094834
49:0.0200803
50:-0.0450567
51:0.0104041
52:0.0161751
53:-0.245421
54:-1.46946
55:-0.405736
56:-1.08011
57:0.0547234
alpha: 19.9876
lagLB: 461.688
stepSizeMultiplier: 0.244044
targetLowerBound: 515.046
||gamma||^2: 0.299457
lambda: 0,7.74926,21.2373,13.0614,8.05508,13.8242,12.2359,15.1253,13.2412,10.0465,10.1971,11.8478,14.961,17.3432,13.8542,10.3166,15.0428,6.77408,20.2572,13.4702,19.9226,13.2517,9.00914,13.5045,16.5394,18.4957,11.0077,9.33542,15.3923,11.0739,15.1481,13.4232,8.0346,19.4895,18.6874,18.7027,16.6006,7.8168,10.7068,21.1829,20.59,13.0236,18.0918,20.6948,11.757,15.427,1.55255,10.3285,13.4123,13.9907,8.26126,
mu: 0.388139,2.01972,0,
srcDuals: 
lambda: 0,6.80602,21.5435,11.6137,10.316,13.8248,10.9289,15.4637,14.3026,9.75087,9.82967,12.3982,15.2511,22.1053,15.247,9.98858,13.1166,5.45736,23.0705,14.195,19.2344,13.2844,8.60238,13.3973,16.9036,20.1615,9.87979,8.19703,15.3107,8.95669,15.7354,11.1643,8.25035,18.4454,18.9529,17.4952,19.1767,8.03524,11.7738,19.1893,21.3847,15.5995,16.7773,17.0443,12.509,15.5947,1.11245,11.1992,11.7985,13.7989,9.30858,
mu: 0,0,0,
srcDuals: 
fixing. lower bound used: 409.332
percent fixed: 62.9308
fixing. lower bound used: 367.512
fixed path dual: -66.8268
best alpha: 0.01
0:0
1:0.0293894
2:-0.0554364
3:0.0655423
4:-0.0977652
5:0.0198683
6:0.0279195
7:-0.0777087
8:-0.0353411
9:0.0352842
10:0.0390245
11:-0.0285479
12:0.00480106
13:-0.227933
14:-0.0525824
15:0.0369729
16:0.110249
17:0.0884269
18:-0.126516
19:-0.017819
20:-0.0135852
21:0.0182007
22:0.0113694
23:-0.0645205
24:-0.149055
25:-0.0667959
26:0.0786005
27:0.0394454
28:-0.00555073
29:0.100388
30:-0.0106662
31:0.137458
32:-0.0309285
33:0.07424
34:0.00608018
35:0.033245
36:-0.153768
37:0.00853116
38:-0.0356298
39:0.123654
40:-0.021463
41:-0.114161
42:0.0883111
43:0.00988789
44:-0.0192387
45:0.0111722
46:0.032904
47:-0.0254135
48:0.0938857
49:0.0298795
50:-0.0346061
51:0.1103
52:0.146013
53:-0.452966
54:-1.35476
55:-0.281679
56:-0.989308
57:-1.02582
alpha: 19.5301
lagLB: 337.466
stepSizeMultiplier: 0.244044
targetLowerBound: 515.046
||gamma||^2: 0.306472
lambda: 0,7.19748,20.2224,12.7351,8.14025,14.024,12.502,15.308,13.3872,10.2613,10.4157,11.62,15.1461,17.3015,13.9835,10.5331,15.1406,7.04076,20.3143,13.6333,18.7583,13.45,8.63003,13.7098,16.7208,18.611,11.2648,8.99342,14.9967,10.7816,15.3182,13.7376,7.42402,19.7424,18.8738,17.9645,15.8703,8.00559,10.8525,21.4839,20.7495,13.0928,18.3584,21.0799,11.9187,15.6183,1.57487,10.4842,13.694,14.2003,8.40801,
mu: 0.207954,0.323301,0,
srcDuals: 
lambda: 0,6.80602,21.5435,11.6137,10.316,13.8248,10.9289,15.4637,14.3026,9.75087,9.82967,12.3982,15.2511,22.1053,15.247,9.98858,13.1166,5.45736,23.0705,14.195,19.2344,13.2844,8.60238,13.3973,16.9036,20.1615,9.87979,8.19703,15.3107,8.95669,15.7354,11.1643,8.25035,18.4454,18.9529,17.4952,19.1767,8.03524,11.7738,19.1893,21.3847,15.5995,16.7773,17.0443,12.509,15.5947,1.11245,11.1992,11.7985,13.7989,9.30858,
mu: 0,0,0,
srcDuals: 
fixing. lower bound used: 367.512
fixed path dual: -5.82733
best alpha: 0.02
0:0
1:0.0488016
2:-0.0343277
3:0.0842314
4:-0.0758099
5:-0.000529095
6:0.00736115
7:-0.0561545
8:-0.0146343
9:0.0345785
10:0.058244
11:-0.00797693
12:-0.055295
13:-0.203374
14:-0.111531
15:0.0562335
16:0.128044
17:0.106658
18:-0.223986
19:0.00253735
20:0.00668648
21:0.0378367
22:0.031142
23:-0.0432301
24:-0.126074
25:-0.12546
26:0.0970285
27:0.0586564
28:0.0145603
29:0.11838
30:0.00954711
31:0.154709
32:-0.0103099
33:0.0927552
34:0.0259586
35:0.0525801
36:-0.130693
37:0.0283605
38:-0.0149172
39:0.141181
40:-0.00103369
41:-0.0918773
42:0.106545
43:0.0296901
44:0.00114609
45:0.0309487
46:0.0322459
47:-0.0849053
48:0.112008
49:0.00928191
50:-0.013914
51:-0.291906
52:-0.196907
53:-0.823907
54:-1.00767
55:-0.0760454
56:-0.809522
57:-0.805307
alpha: 17.481
lagLB: 438.337
stepSizeMultiplier: 0.244044
targetLowerBound: 515.046
||gamma||^2: 0.342397
lambda: 0,7.38,20.4608,12.8938,8.40661,14.2128,11.4742,13.946,13.6124,10.44,10.5918,11.8407,15.3448,17.6537,14.22,10.7107,15.2698,7.18434,20.5997,13.8469,18.9691,13.6399,8.82442,12.1372,13.9925,18.857,11.4149,8.96741,15.2023,10.9173,15.5271,13.8489,7.64631,19.8953,19.0717,18.1445,16.1736,8.20186,11.0779,21.6043,20.9656,13.37,18.5021,17.2374,12.1333,15.8129,1.75507,10.7028,13.6321,14.3825,8.63272,
mu: 2.15417,2.85166,0,
srcDuals: 
lambda: 0,6.80602,21.5435,11.6137,10.316,13.8248,10.9289,15.4637,14.3026,9.75087,9.82967,12.3982,15.2511,22.1053,15.247,9.98858,13.1166,5.45736,23.0705,14.195,19.2344,13.2844,8.60238,13.3973,16.9036,20.1615,9.87979,8.19703,15.3107,8.95669,15.7354,11.1643,8.25035,18.4454,18.9529,17.4952,19.1767,8.03524,11.7738,19.1893,21.3847,15.5995,16.7773,17.0443,12.509,15.5947,1.11245,11.1992,11.7985,13.7989,9.30858,
mu: 0,0,0,
srcDuals: 
fixing. lower bound used: 133.339
percent fixed: 62.928
fixing. lower bound used: 367.512
fixed path dual: -49.8402
best alpha: 0.01
0:0
1:0.0583136
2:-0.0239844
3:0.0933891
4:-0.0750518
5:0.0094762
6:0.0172875
7:-0.045593
8:-0.00448794
9:0.0442327
10:0.0276616
11:-0.0178972
12:-0.054742
13:-0.191341
14:-0.100415
15:-0.0143289
16:0.096764
17:0.0455918
18:-0.211746
19:0.012512
20:0.0166196
21:0.0174583
22:0.0408305
23:-0.0327978
24:-0.114813
25:-0.114205
26:0.106058
27:0.0680699
28:0.0244147
29:0.0971966
30:0.0194516
31:0.163162
32:-0.000206825
33:0.0218277
34:0.035699
35:0.0620543
36:-0.119386
37:-0.0319231
38:-0.00476803
39:0.0797694
40:0.00897664
41:-0.0809585
42:0.115479
43:0.0393932
44:-0.0188654
45:-0.0393607
46:0.0419234
47:-0.0740562
48:0.120888
49:0.0191891
50:-0.0237748
51:-0.108987
52:0.0250622
53:-0.585668
54:-1.35759
55:-0.275285
56:-0.841427
57:-0.697254
alpha: 20.8719
lagLB: 439.385
stepSizeMultiplier: 0.244044
targetLowerBound: 515.046
||gamma||^2: 0.286769
lambda: 0,7.65912,20.9434,13.0861,8.99075,13.8156,11.0576,14.482,14.0468,10.3553,10.8478,12.2588,14.2845,18.5501,13.2973,10.9716,15.3549,7.32185,19.1551,14.2393,19.3513,13.9458,9.14677,12.6416,14.6997,17.9683,11.5759,9.22241,15.5652,11.0261,15.9023,13.8688,8.07012,20.0668,19.4067,18.4144,16.8921,8.53101,11.513,21.6573,21.3667,13.9934,18.6398,17.5633,12.5291,16.1357,1.67614,9.71494,13.7565,13.9612,9.06535,
mu: 0,0,0,
srcDuals: 
lambda: 0,6.80602,21.5435,11.6137,10.316,13.8248,10.9289,15.4637,14.3026,9.75087,9.82967,12.3982,15.2511,22.1053,15.247,9.98858,13.1166,5.45736,23.0705,14.195,19.2344,13.2844,8.60238,13.3973,16.9036,20.1615,9.87979,8.19703,15.3107,8.95669,15.7354,11.1643,8.25035,18.4454,18.9529,17.4952,19.1767,8.03524,11.7738,19.1893,21.3847,15.5995,16.7773,17.0443,12.509,15.5947,1.11245,11.1992,11.7985,13.7989,9.30858,
mu: 0,0,0,
srcDuals: 
fixing. lower bound used: 490.022
percent fixed: 64.7549
updating best lambda arc fixing
fixing. lower bound used: 490.022
fixed path dual: -42.1147
best alpha: 0.01
0:0
1:0.0177304
2:-0.0137446
3:0.0524552
4:-0.0643013
5:0.0193814
6:0.0271147
7:-0.0351371
8:0.00555694
9:0.0537904
10:0.0373849
11:-0.0577182
12:-0.0441946
13:-0.179427
14:-0.0894113
15:-0.00418557
16:0.0557964
17:0.0551359
18:-0.199628
19:0.0223869
20:-0.0235466
21:-0.0227163
22:0.000422242
23:-0.0224699
24:-0.103665
25:-0.103063
26:0.114998
27:0.0573892
28:-0.0158295
29:0.0562246
30:0.0292571
31:0.15153
32:-0.000204756
33:0.0316094
34:0.045342
35:0.0214338
36:-0.158192
37:-0.0216038
38:0.00527965
39:0.0889717
40:0.0188869
41:-0.0701489
42:0.124325
43:0.0489993
44:-0.00867672
45:-0.0289671
46:0.0315042
47:-0.0633156
48:0.129679
49:0.0289972
50:-0.0135371
51:0.012103
52:0.0848115
53:-0.299811
54:-1.38401
55:-0.292532
56:-1.05301
57:-0.590282
alpha: 22.6785
lagLB: 453.737
stepSizeMultiplier: 0.244044
targetLowerBound: 515.046
||gamma||^2: 0.263925
lambda: 0,8.02314,21.0429,13.5629,8.7495,14.0226,11.2897,14.5121,14.209,10.6741,10.407,12.0247,14.1085,18.1116,13.1511,9.6895,15.1362,6.40895,18.651,14.4561,19.5813,13.6488,9.45459,12.7127,14.5072,17.7778,12.0934,9.61779,15.8203,10.9854,16.1414,14.5698,8.24603,18.901,19.6981,18.7904,16.6849,7.36895,11.6743,20.8542,21.5721,13.9098,19.1876,17.8665,12.1153,14.7731,1.98748,9.65347,14.3217,14.1995,8.81235,
mu: 0,0.523096,0,
srcDuals: 
lambda: 0,6.80602,21.5435,11.6137,10.316,13.8248,10.9289,15.4637,14.3026,9.75087,9.82967,12.3982,15.2511,22.1053,15.247,9.98858,13.1166,5.45736,23.0705,14.195,19.2344,13.2844,8.60238,13.3973,16.9036,20.1615,9.87979,8.19703,15.3107,8.95669,15.7354,11.1643,8.25035,18.4454,18.9529,17.4952,19.1767,8.03524,11.7738,19.1893,21.3847,15.5995,16.7773,17.0443,12.509,15.5947,1.11245,11.1992,11.7985,13.7989,9.30858,
mu: 0,0,0,
srcDuals: 
fixing. lower bound used: 415.11
percent fixed: 64.7573
updating best lambda arc fixing
fixing. lower bound used: 415.11
fixed path dual: -25.5303
best alpha: 0.03
0:0
1:0.0471985
2:-0.0733322
3:0.0508816
4:-0.0323722
5:-0.0712
6:0.0563012
7:-0.00408296
8:0.00539023
9:-0.00782333
10:0.0062634
11:-0.0559866
12:-0.0128688
13:-0.144044
14:-0.056729
15:0.02594
16:0.0541225
17:0.0834818
18:-0.16364
19:0.0517153
20:0.00715982
21:-0.0520348
22:0.0304096
23:0.00820424
24:-0.0705554
25:-0.0699714
26:0.111548
27:0.0256675
28:-0.0453546
29:0.0245379
30:-0.0616206
31:0.116984
32:-0.0601986
33:0.0606611
34:-0.0460183
35:0.0507908
36:-0.123446
37:0.00904427
38:0.00512126
39:0.0563026
40:0.0483203
41:-0.0380445
42:0.150595
43:0.0775293
44:0.0215836
45:0.00190188
46:0.0305591
47:-0.0314162
48:0.0957886
49:-0.0618727
50:-0.043131
51:0.0117399
52:0.0222672
53:0.039183
54:-1.34249
55:-0.223756
56:-1.14142
57:-0.272573
alpha: 27.6847
lagLB: 464.346
stepSizeMultiplier: 0.244044
targetLowerBound: 515.046
||gamma||^2: 0.2162
lambda: 0,7.20812,21.2318,12.8033,8.85772,14.2643,11.5438,14.6668,14.4287,10.9708,10.6775,11.0893,14.2488,18.0361,13.2192,9.89365,14.3819,6.70775,18.5433,14.7027,18.7004,12.7692,8.61195,12.8877,14.5526,17.8242,12.4878,9.49853,14.9517,10.2318,16.3989,14.6008,8.2457,19.1622,19.9812,17.9813,15.5892,7.5453,11.8935,21.207,21.8131,14.0086,19.5968,18.1555,12.3123,14.9377,1.82692,9.76326,14.7395,14.4566,9.00158,
mu: 0.274478,1.9234,0,
srcDuals: 
lambda: 0,6.80602,21.5435,11.6137,10.316,13.8248,10.9289,15.4637,14.3026,9.75087,9.82967,12.3982,15.2511,22.1053,15.247,9.98858,13.1166,5.45736,23.0705,14.195,19.2344,13.2844,8.60238,13.3973,16.9036,20.1615,9.87979,8.19703,15.3107,8.95669,15.7354,11.1643,8.25035,18.4454,18.9529,17.4952,19.1767,8.03524,11.7738,19.1893,21.3847,15.5995,16.7773,17.0443,12.509,15.5947,1.11245,11.1992,11.7985,13.7989,9.30858,
mu: 0,0,0,
srcDuals: 
fixing. lower bound used: 381.424
percent fixed: 64.7563
fixing. lower bound used: 415.11
fixed path dual: -50.7743
best alpha: 0.01
0:0
1:0.0567265
2:-0.0625989
3:0.0603728
4:-0.0220485
5:-0.060488
6:0.0657382
7:0.00595787
8:0.0153363
9:0.0022549
10:0.0162008
11:-0.0454268
12:-0.0127401
13:-0.132604
14:-0.0461617
15:0.0356806
16:0.0635812
17:0.012647
18:-0.152003
19:-0.0688019
20:0.0170882
21:-0.0415144
22:0.0401055
23:0.0181222
24:-0.0598498
25:-0.0592717
26:0.120432
27:0.0354108
28:-0.034901
29:0.0342925
30:-0.0510044
31:0.125815
32:-0.0495966
33:0.0700545
34:-0.0355581
35:0.0602829
36:-0.112212
37:-0.00104617
38:0.0150701
39:0.0657396
40:-0.0221629
41:-0.027664
42:-0.110911
43:0.086754
44:-0.0886323
45:0.0118829
46:0.0302535
47:-0.021102
48:0.104831
49:-0.051254
50:-0.0326997
51:0.231623
52:0.272045
53:-0.171209
54:-1.58907
55:-0.821519
56:-1.05001
57:-0.169848
alpha: 18.4245
lagLB: 366.606
stepSizeMultiplier: 0.244044
targetLowerBound: 515.046
||gamma||^2: 0.324863
lambda: 0,8.1127,19.5133,13.0223,9.41976,11.8537,12.4876,15.3506,14.4519,9.53428,10.0031,10.8483,14.8948,18.1174,13.6764,10.7067,14.6149,7.76853,18.5402,15.6267,19.4327,11.8438,9.44426,13.6244,14.9503,18.2244,12.968,8.90763,14.0551,9.63601,14.0295,14.403,6.58377,20.1248,17.6789,18.9013,15.7592,8.28563,11.9156,20.748,22.7225,14.5463,20.9465,19.1907,13.1066,15.6473,1.95847,10.3294,14.4504,12.086,8.11451,
mu: 0.325017,0.616461,1.08477,
srcDuals: 
lambda: 0,6.80602,21.5435,11.6137,10.316,13.8248,10.9289,15.4637,14.3026,9.75087,9.82967,12.3982,15.2511,22.1053,15.247,9.98858,13.1166,5.45736,23.0705,14.195,19.2344,13.2844,8.60238,13.3973,16.9036,20.1615,9.87979,8.19703,15.3107,8.95669,15.7354,11.1643,8.25035,18.4454,18.9529,17.4952,19.1767,8.03524,11.7738,19.1893,21.3847,15.5995,16.7773,17.0443,12.509,15.5947,1.11245,11.1992,11.7985,13.7989,9.30858,
mu: 0,0,0,
srcDuals: 
fixing. lower bound used: 415.11
fixed path dual: 11.5693
best alpha: 0.02
0:0
1:0.075592
2:-0.0413469
3:0.0791653
4:-0.00160756
5:-0.0392782
6:0.0844234
7:0.0258387
8:0.0350296
9:0.0222098
10:0.0358767
11:-0.0245182
12:-0.0724853
13:-0.109952
14:-0.0652384
15:0.054967
16:0.0823096
17:0.032394
18:-0.248963
19:-0.0474259
20:0.0367465
21:-0.0206841
22:0.0593034
23:0.0377598
24:-0.0386528
25:-0.0780863
26:0.138024
27:0.0547026
28:-0.014203
29:0.0536066
30:-0.0299843
31:0.143298
32:-0.0286047
33:0.0886534
34:-0.0148469
35:0.0790772
36:-0.0899675
37:0.0189748
38:0.0347687
39:0.0844248
40:-0.00171967
41:-0.00711076
42:-0.0886928
43:0.105019
44:-0.0668596
45:0.0316452
46:0.0296484
47:-0.10068
48:0.122734
49:-0.0302289
50:-0.0120457
51:-0.37301
52:-0.273396
53:-0.587785
54:-1.15729
55:-0.445088
56:-0.869008
57:0.0335494
alpha: 22.2667
lagLB: 339.519
stepSizeMultiplier: 0.244044
targetLowerBound: 515.046
||gamma||^2: 0.268807
lambda: 0,7.85118,20.3901,12.726,9.90975,12.7103,12.1401,15.5735,14.5852,9.79241,10.1282,11.5613,15.0164,19.6621,14.3965,10.646,14.288,5.69037,20.27,12.9273,19.5493,12.5195,9.3413,13.7312,15.8009,19.0694,12.0987,8.84946,14.6677,9.58851,14.7957,13.4824,7.33656,19.7361,18.2978,18.6059,17.1093,8.01597,12.0514,20.4005,20.9764,15.0898,14.7339,18.6427,10.876,15.8136,1.66986,10.8104,13.73,12.8546,8.70611,
mu: 4.26753,5.01228,0,
srcDuals: 
lambda: 0,6.80602,21.5435,11.6137,10.316,13.8248,10.9289,15.4637,14.3026,9.75087,9.82967,12.3982,15.2511,22.1053,15.247,9.98858,13.1166,5.45736,23.0705,14.195,19.2344,13.2844,8.60238,13.3973,16.9036,20.1615,9.87979,8.19703,15.3107,8.95669,15.7354,11.1643,8.25035,18.4454,18.9529,17.4952,19.1767,8.03524,11.7738,19.1893,21.3847,15.5995,16.7773,17.0443,12.509,15.5947,1.11245,11.1992,11.7985,13.7989,9.30858,
mu: 0,0,0,
srcDuals: 
fixing. lower bound used: 415.11
fixed path dual: -60.6677
best alpha: 0.01
0:0
1:0.0848361
2:-0.0309335
3:0.0883737
4:0.00840852
5:-0.0288855
6:0.0435792
7:-0.0444197
8:0.0446793
9:0.0319877
10:0.045518
11:-0.0142731
12:-0.0617604
13:-0.0988524
14:-0.0545861
15:0.0644173
16:0.0914865
17:0.0420701
18:-0.236474
19:-0.0369516
20:0.046379
21:-0.0104773
22:0.0687103
23:-0.0826178
24:-0.138266
25:-0.0673054
26:0.146643
27:0.0341556
28:-0.00406099
29:0.0630706
30:-0.0196845
31:0.151865
32:-0.0183186
33:0.0977669
34:-0.00469844
35:0.0882864
36:-0.0790678
37:0.028785
38:0.044421
39:0.0935805
40:0.00829752
41:0.00296035
42:-0.0778059
43:-0.00603124
44:-0.056191
45:0.0413287
46:0.0293519
47:-0.0896732
48:0.0915068
49:-0.0199266
50:-0.00192523
51:-0.29928
52:-0.200662
53:-0.791907
54:-1.04572
55:-0.320637
56:-0.780318
57:-0.946786
alpha: 22.5034
lagLB: 395.921
stepSizeMultiplier: 0.244044
targetLowerBound: 515.046
||gamma||^2: 0.265979
lambda: 0,8.4892,20.6228,13.3764,10.2802,12.9502,12.8087,16.039,15.0826,10.2454,10.6285,11.8523,13.6371,19.657,13.7943,11.2125,14.9493,6.17866,17.527,13.1389,20.0527,12.8238,9.92287,14.2381,16.0429,18.4228,12.9531,9.41508,14.9944,10.1503,15.0678,14.3551,7.61342,20.4194,18.6224,19.256,17.1735,8.45775,12.548,21.0691,21.3465,15.4412,14.8024,19.3827,11.0203,16.2993,1.77262,8.95736,14.5314,13.1258,9.04036,
mu: 0,0,0,
srcDuals: 
lambda: 0,6.80602,21.5435,11.6137,10.316,13.8248,10.9289,15.4637,14.3026,9.75087,9.82967,12.3982,15.2511,22.1053,15.247,9.98858,13.1166,5.45736,23.0705,14.195,19.2344,13.2844,8.60238,13.3973,16.9036,20.1615,9.87979,8.19703,15.3107,8.95669,15.7354,11.1643,8.25035,18.4454,18.9529,17.4952,19.1767,8.03524,11.7738,19.1893,21.3847,15.5995,16.7773,17.0443,12.509,15.5947,1.11245,11.1992,11.7985,13.7989,9.30858,
mu: 0,0,0,
srcDuals: 
fixing. lower bound used: 473.506
percent fixed: 64.7509
fixing. lower bound used: 415.11
fixed path dual: -50.5847
best alpha: 0.01
0:0
1:0.0639877
2:-0.0206241
3:0.0674899
4:0.0183244
5:-0.0185966
6:0.0531434
7:-0.0339755
8:0.0542325
9:0.0416678
10:0.0250628
11:-0.00413032
12:-0.0611428
13:-0.0878638
14:-0.0440402
15:0.0137731
16:0.0905717
17:0.0116494
18:-0.224109
19:-0.0265821
20:0.0459152
21:-0.00037252
22:0.0480232
23:-0.0717917
24:-0.126884
25:-0.0566323
26:0.135177
27:0.043814
28:-0.0440204
29:0.0624399
30:-0.00948761
31:0.120347
32:-0.00813546
33:0.0367892
34:0.00534854
35:0.0774036
36:-0.0882771
37:-0.0215028
38:0.0539768
39:0.0526447
40:0.0182145
41:0.0129307
42:-0.0670279
43:0.00402907
44:-0.0556291
45:-0.00908454
46:0.0390584
47:-0.0787764
48:0.100592
49:-0.00972735
50:0.00809402
51:-0.136287
52:-0.0286558
53:-0.583988
54:-1.33526
55:-0.477431
56:-0.772515
57:-0.837318
alpha: 28.6428
lagLB: 437.294
stepSizeMultiplier: 0.244044
targetLowerBound: 515.046
||gamma||^2: 0.208968
lambda: 0,8.71512,20.8474,13.6024,10.5052,13.1748,11.9096,14.4641,15.3081,10.4707,10.854,12.077,13.8613,19.8808,14.0186,11.4382,15.1753,6.40408,17.7491,13.3634,20.2781,13.0486,10.1486,11.5381,13.7921,18.6469,13.1798,8.96565,15.2193,10.376,15.2924,14.5818,7.83812,20.6455,18.8472,19.4819,17.3974,8.683,12.7734,21.2952,21.5715,15.6661,15.0264,16.9086,11.2446,16.5247,1.77297,9.18121,13.8578,13.3505,9.26526,
mu: 0,0,0,
srcDuals: 
lambda: 0,6.80602,21.5435,11.6137,10.316,13.8248,10.9289,15.4637,14.3026,9.75087,9.82967,12.3982,15.2511,22.1053,15.247,9.98858,13.1166,5.45736,23.0705,14.195,19.2344,13.2844,8.60238,13.3973,16.9036,20.1615,9.87979,8.19703,15.3107,8.95669,15.7354,11.1643,8.25035,18.4454,18.9529,17.4952,19.1767,8.03524,11.7738,19.1893,21.3847,15.5995,16.7773,17.0443,12.509,15.5947,1.11245,11.1992,11.7985,13.7989,9.30858,
mu: 0,0,0,
srcDuals: 
fixing. lower bound used: 386.879
percent fixed: 64.7495
fixing. lower bound used: 415.11
fixed path dual: -49.4642
best alpha: 0.01
0:0
1:0.0433479
2:-0.0104179
3:0.016815
4:0.0281412
5:-0.00841065
6:0.062612
7:-0.0236357
8:0.0636902
9:0.0512512
10:0.0348122
11:-0.014089
12:-0.0505314
13:-0.0769852
14:-0.0335998
15:0.0236354
16:0.0396659
17:0.0215329
18:-0.211868
19:-0.0163163
20:0.00545605
21:-0.0403688
22:0.027543
23:-0.0610737
24:-0.115615
25:-0.046066
26:0.123825
27:0.0433759
28:-0.0535802
29:0.0218155
30:0.000607266
31:0.109143
32:0.00194589
33:0.0464213
34:0.0152951
35:0.0266295
36:-0.137394
37:-0.0112878
38:0.043437
39:0.0621183
40:0.0280324
41:0.0228014
42:-0.0563576
43:0.0139888
44:-0.0450728
45:0.00100631
46:0.0286678
47:-0.0679887
48:0.0895858
49:0.000369922
50:-0.0119869
51:-0.00492415
52:0.0816308
53:-0.298148
54:-1.32191
55:-0.452657
56:-0.98479
57:-0.728945
alpha: 32.8845
lagLB: 440.065
stepSizeMultiplier: 0.244044
targetLowerBound: 515.046
||gamma||^2: 0.182014
lambda: 0,8.63881,20.9528,13.5468,10.8408,13.2921,12.4511,14.4905,15.856,10.9443,10.5475,12.2799,13.4998,19.5886,13.9855,10.3831,15.7108,5.79103,16.6514,13.4336,20.5496,13.2737,9.9779,11.341,13.2693,18.5394,13.7516,9.45199,14.0498,10.7451,15.4637,14.6114,8.01733,19.4991,19.1061,19.7123,16.6482,7.41934,13.3198,20.6972,21.9065,15.9699,14.8575,17.1597,10.9157,15.3345,2.2312,8.94278,14.6798,13.5203,9.54042,
mu: 0,0,0,
srcDuals: 
lambda: 0,6.80602,21.5435,11.6137,10.316,13.8248,10.9289,15.4637,14.3026,9.75087,9.82967,12.3982,15.2511,22.1053,15.247,9.98858,13.1166,5.45736,23.0705,14.195,19.2344,13.2844,8.60238,13.3973,16.9036,20.1615,9.87979,8.19703,15.3107,8.95669,15.7354,11.1643,8.25035,18.4454,18.9529,17.4952,19.1767,8.03524,11.7738,19.1893,21.3847,15.5995,16.7773,17.0443,12.509,15.5947,1.11245,11.1992,11.7985,13.7989,9.30858,
mu: 0,0,0,
srcDuals: 
fixing. lower bound used: 434.463
percent fixed: 64.7487
fixing. lower bound used: 415.11
fixed path dual: -24.0803
best alpha: 0.05
0:0
1:-0.0588195
2:-0.009897
3:0.0659743
4:0.0767341
5:0.0420099
6:0.0594814
7:0.0275461
8:-0.339494
9:0.0486886
10:0.0830716
11:-0.0133846
12:0.00199519
13:-0.0231359
14:0.0180802
15:0.0724536
16:0.0376826
17:0.0704562
18:-0.151274
19:0.0344995
20:0.0551832
21:0.0116496
22:-0.0238341
23:-0.00802006
24:-0.0598341
25:0.00623728
26:-0.232366
27:-0.208793
28:-0.100901
29:0.0707247
30:0.000576903
31:-0.196314
32:-0.0981514
33:0.0941002
34:0.0145303
35:0.0752981
36:-0.0805246
37:0.0392766
38:0.0412651
39:0.109012
40:0.0766308
41:0.0716614
42:-0.00353969
43:0.0632893
44:0.00718083
45:0.050956
46:0.0272344
47:-0.0145892
48:-0.114893
49:0.0503514
50:-0.0113876
51:0.245322
52:-0.172451
53:-0.63324
54:-1.05581
55:-0.130024
56:-0.63555
57:-0.192498
alpha: 12.4555
lagLB: 453.184
stepSizeMultiplier: 0.244044
targetLowerBound: 515.046
||gamma||^2: 0.480544
lambda: 0,8.23149,21.2009,12.1667,11.2414,13.5482,12.9878,14.6864,16.397,11.4362,10.9745,11.9349,13.5894,19.5737,14.142,10.7658,14.421,6.16545,16.1034,13.6584,19.4139,11.9569,9.50812,11.3889,13.1017,18.6466,13.9517,9.62343,13.5487,9.67408,15.7554,14.7534,8.31434,19.9719,19.4559,18.3709,14.6586,7.66405,13.2022,21.232,22.3066,16.3493,14.924,17.5043,11.0269,15.6278,2.05518,8.96339,14.7445,13.8111,8.9144,
mu: 0,2.68438,0,
srcDuals: 
lambda: 0,6.80602,21.5435,11.6137,10.316,13.8248,10.9289,15.4637,14.3026,9.75087,9.82967,12.3982,15.2511,22.1053,15.247,9.98858,13.1166,5.45736,23.0705,14.195,19.2344,13.2844,8.60238,13.3973,16.9036,20.1615,9.87979,8.19703,15.3107,8.95669,15.7354,11.1643,8.25035,18.4454,18.9529,17.4952,19.1767,8.03524,11.7738,19.1893,21.3847,15.5995,16.7773,17.0443,12.509,15.5947,1.11245,11.1992,11.7985,13.7989,9.30858,
mu: 0,0,0,
srcDuals: 
fixing. lower bound used: 326.264
percent fixed: 64.7468
fixing. lower bound used: 415.11
fixed path dual: -19.0843
best alpha: 0.01
0:0
1:-0.0482313
2:-0.039798
3:0.0753145
4:0.0859668
5:0.0515898
6:0.0488866
7:0.0372706
8:-0.326099
9:0.0582017
10:0.0922408
11:-0.0232507
12:-0.00802477
13:-0.0129046
14:-0.0021006
15:0.0817291
16:0.0473058
17:0.0797517
18:-0.179762
19:0.0441545
20:0.0246314
21:0.0215331
22:-0.0135958
23:0.00206014
24:-0.0492357
25:-0.0138251
26:-0.220042
27:-0.196705
28:-0.0898922
29:0.0800175
30:0.0105711
31:-0.184351
32:-0.0871699
33:0.103159
34:0.024385
35:0.0645451
36:-0.0897194
37:0.0488838
38:0.0508525
39:0.117922
40:0.0858645
41:0.0809448
42:0.0064957
43:0.0726564
44:0.017109
45:0.0604464
46:0.0369621
47:-0.0344433
48:-0.103745
49:0.0598479
50:-0.00127369
51:0.0528688
52:-0.320726
53:-0.716908
54:-0.925252
55:-0.0487236
56:-0.669195
57:-0.0905728
alpha: 14.1049
lagLB: 447.503
stepSizeMultiplier: 0.244044
targetLowerBound: 515.046
||gamma||^2: 0.424352
lambda: 0,6.07339,21.4202,12.4354,11.2717,14.3481,11.6698,15.8068,10.074,10.3573,10.8644,12.2315,15.2759,21.8171,15.4722,10.891,13.5859,6.33493,21.1863,14.6247,19.9218,13.4295,8.30551,13.2974,16.1583,20.2392,6.98555,5.59641,14.0539,9.8376,15.7426,8.71912,7.02782,19.6175,19.1339,18.4331,18.1737,8.52446,12.2878,20.5471,22.3392,16.4921,16.7332,17.8326,12.5985,16.2294,1.45167,11.0174,10.3675,14.4261,9.16674,
mu: 3.05562,0,0,
srcDuals: 
lambda: 0,6.80602,21.5435,11.6137,10.316,13.8248,10.9289,15.4637,14.3026,9.75087,9.82967,12.3982,15.2511,22.1053,15.247,9.98858,13.1166,5.45736,23.0705,14.195,19.2344,13.2844,8.60238,13.3973,16.9036,20.1615,9.87979,8.19703,15.3107,8.95669,15.7354,11.1643,8.25035,18.4454,18.9529,17.4952,19.1767,8.03524,11.7738,19.1893,21.3847,15.5995,16.7773,17.0443,12.509,15.5947,1.11245,11.1992,11.7985,13.7989,9.30858,
mu: 0,0,0,
srcDuals: 
fixing. lower bound used: 422.523
percent fixed: 64.7468
fixing. lower bound used: 415.11
fixed path dual: -40.9948
best alpha: 0.01
0:0
1:-0.037749
2:-0.0294
3:0.0845614
4:0.0951071
5:0.0310739
6:0.0583977
7:0.0468979
8:-0.312838
9:0.0676197
10:0.0313184
11:-0.0130182
12:-0.0179445
13:-0.00277552
14:0.0079204
15:0.0309118
16:0.0568328
17:0.0489542
18:-0.167964
19:0.053713
20:0.0343851
21:0.0313178
22:-0.00345985
23:0.0120395
24:-0.0387434
25:-0.00368684
26:-0.207842
27:-0.184738
28:-0.0789932
29:0.0892173
30:0.0204654
31:-0.172507
32:-0.0762982
33:0.0221277
34:0.0341411
35:0.0738996
36:-0.0788222
37:0.00839497
38:0.040344
39:0.056743
40:0.0950058
41:0.0901353
42:0.0164307
43:0.0819299
44:0.00693793
45:-0.010158
46:0.0365925
47:-0.0240989
48:-0.0927071
49:0.0292494
50:0.00873904
51:0.15234
52:-0.187519
53:-0.539739
54:-1.176
55:-0.188236
56:-0.582503
57:0.0103329
alpha: 15.9452
lagLB: 444.206
stepSizeMultiplier: 0.244044
targetLowerBound: 515.046
||gamma||^2: 0.375374
lambda: 0,6.12572,20.9822,12.676,11.5285,14.5525,11.6184,15.9894,9.70304,10.5718,11.1307,12.0703,15.1379,21.9233,15.2173,11.1414,13.7838,6.58224,20.535,14.8177,19.5819,13.5881,8.41061,13.4264,16.2091,19.9665,6.77612,5.42254,14.0428,10.0853,15.8845,8.56408,7.02083,19.9004,19.2969,18.4056,17.9112,8.72474,12.491,20.8526,22.5958,16.7412,16.869,18.0691,12.7504,16.4473,1.6338,10.7133,10.3352,14.6431,9.29062,
mu: 0.745708,0,0,
srcDuals: 
lambda: 0,6.80602,21.5435,11.6137,10.316,13.8248,10.9289,15.4637,14.3026,9.75087,9.82967,12.3982,15.2511,22.1053,15.247,9.98858,13.1166,5.45736,23.0705,14.195,19.2344,13.2844,8.60238,13.3973,16.9036,20.1615,9.87979,8.19703,15.3107,8.95669,15.7354,11.1643,8.25035,18.4454,18.9529,17.4952,19.1767,8.03524,11.7738,19.1893,21.3847,15.5995,16.7773,17.0443,12.509,15.5947,1.11245,11.1992,11.7985,13.7989,9.30858,
mu: 0,0,0,
srcDuals: 
fixing. lower bound used: 483.776
percent fixed: 64.7569
fixing. lower bound used: 415.11
fixed path dual: -21.8448
best alpha: 0.01
0:0
1:-0.0273715
2:-0.059106
3:0.0937158
4:0.104156
5:0.000763151
6:0.0578137
7:0.0564289
8:-0.29971
9:0.0569435
10:0.0310053
11:-0.022888
12:-0.0377651
13:0.00725223
14:0.0078412
15:0.0406027
16:0.0662644
17:0.0584646
18:-0.166284
19:0.0631759
20:0.00404125
21:0.0410046
22:0.00657475
23:0.0219191
24:-0.0283559
25:-0.00364997
26:-0.195764
27:-0.172891
28:-0.0682033
29:0.0983251
30:0.0102608
31:-0.160782
32:-0.0655352
33:0.0319064
34:0.0337997
35:0.0631606
36:-0.088034
37:0.018311
38:0.0299405
39:0.0661756
40:0.104056
41:0.099234
42:0.0262664
43:0.0911106
44:0.0168686
45:-5.64516e-05
46:0.0462265
47:-0.0238579
48:-0.08178
49:0.00895694
50:0.0186517
51:0.0208167
52:-0.275644
53:-0.534342
54:-1.12424
55:-0.146354
56:-0.616678
57:0.11023
alpha: 16.8468
lagLB: 464.168
stepSizeMultiplier: 0.244044
targetLowerBound: 515.046
||gamma||^2: 0.355286
lambda: 0,6.2041,21.0747,12.9621,11.8325,14.3203,11.8601,16.2115,9.31435,10.8291,10.3291,12.1906,14.965,22.061,15.3733,10.4815,14.0228,6.23794,20.3923,15.0514,19.7827,13.7838,8.54721,13.5893,16.2858,20.1027,6.5657,5.25135,14.0511,10.3793,16.0617,8.41365,7.03376,18.7982,19.4973,18.6735,17.9199,8.1691,12.4171,20.0941,22.8996,17.0367,17.0393,18.3507,12.6197,15.4327,1.69593,10.8149,10.3203,14.2653,9.44793,
mu: 2.4291,0,0,
srcDuals: 
lambda: 0,6.80602,21.5435,11.6137,10.316,13.8248,10.9289,15.4637,14.3026,9.75087,9.82967,12.3982,15.2511,22.1053,15.247,9.98858,13.1166,5.45736,23.0705,14.195,19.2344,13.2844,8.60238,13.3973,16.9036,20.1615,9.87979,8.19703,15.3107,8.95669,15.7354,11.1643,8.25035,18.4454,18.9529,17.4952,19.1767,8.03524,11.7738,19.1893,21.3847,15.5995,16.7773,17.0443,12.509,15.5947,1.11245,11.1992,11.7985,13.7989,9.30858,
mu: 0,0,0,
srcDuals: 
fixing. lower bound used: 366.935
percent fixed: 64.7554
fixing. lower bound used: 415.11
fixed path dual: -79.5274
best alpha: 0.01
0:0
1:-0.0170978
2:-0.048515
3:0.102779
4:0.113114
5:0.0107555
6:0.0172356
7:-0.0341354
8:-0.286713
9:0.0663741
10:0.0406952
11:-0.0126592
12:-0.0273874
13:0.0171797
14:0.0177628
15:0.0501967
16:0.0756018
17:0.06788
18:-0.154621
19:0.0725441
20:0.0140008
21:0.0505946
22:0.016509
23:-0.0983
24:-0.168072
25:0.00638653
26:-0.183806
27:-0.161162
28:-0.0575213
29:0.107342
30:0.0201582
31:-0.149174
32:-0.0548799
33:0.0415873
34:0.0434617
35:0.072529
36:-0.0771536
37:0.0281279
38:0.0396411
39:0.0755138
40:0.113015
41:0.108242
42:0.0360038
43:-0.0498005
44:0.0266999
45:0.00994411
46:0.0457643
47:-0.0136193
48:-0.0709622
49:0.0188674
50:0.0284651
51:0.110609
52:-0.152887
53:-0.738998
54:-1.013
55:-0.0248904
56:-0.530511
57:-1.05087
alpha: 16.0333
lagLB: 288.284
stepSizeMultiplier: 0.244044
targetLowerBound: 515.046
||gamma||^2: 0.373312
lambda: 0,6.3449,20.5478,13.1925,12.0707,13.8377,11.9029,16.4143,9.25347,10.7102,10.352,12.0126,14.6149,22.2275,15.3791,10.6726,14.2329,6.4423,20.2692,15.2593,19.3025,13.9752,8.71314,13.7666,16.4259,20.1,6.5818,5.28438,14.1617,10.6132,15.9083,8.45565,7.14629,18.9829,19.5224,18.5593,17.6936,8.34373,12.2782,20.3041,23.1378,17.2713,17.2198,18.5792,12.7932,15.5937,1.89122,10.7972,10.4208,13.9498,9.6228,
mu: 0.350696,0,0,
srcDuals: 
lambda: 0,6.80602,21.5435,11.6137,10.316,13.8248,10.9289,15.4637,14.3026,9.75087,9.82967,12.3982,15.2511,22.1053,15.247,9.98858,13.1166,5.45736,23.0705,14.195,19.2344,13.2844,8.60238,13.3973,16.9036,20.1615,9.87979,8.19703,15.3107,8.95669,15.7354,11.1643,8.25035,18.4454,18.9529,17.4952,19.1767,8.03524,11.7738,19.1893,21.3847,15.5995,16.7773,17.0443,12.509,15.5947,1.11245,11.1992,11.7985,13.7989,9.30858,
mu: 0,0,0,
srcDuals: 
fixing. lower bound used: 415.11
fixed path dual: -28.8705
best alpha: 0.01
0:0
1:-0.00692685
2:-0.0380298
3:0.111751
4:0.0719833
5:0.020648
6:0.0270632
7:-0.023794
8:-0.273846
9:0.0757103
10:0.0502883
11:-0.00253256
12:-0.0371135
13:-0.0329921
14:0.00758516
15:0.0596947
16:0.0848458
17:0.0672012
18:-0.143075
19:0.0318187
20:0.0238608
21:0.0600886
22:0.0263439
23:-0.087317
24:-0.156392
25:-0.00367734
26:-0.171968
27:-0.14955
28:-0.0469461
29:0.116268
30:0.0299566
31:-0.137683
32:-0.0443311
33:0.0511714
34:0.0530271
35:0.0818037
36:-0.0663821
37:0.0178466
38:0.0492447
39:0.0847587
40:0.0418851
41:0.0371592
42:0.0156437
43:-0.0393025
44:0.0164329
45:0.0198447
46:0.0553066
47:-0.0234832
48:-0.0602526
49:0.0286787
50:0.0381805
51:0.0895025
52:-0.131358
53:-0.941608
54:-0.942867
55:-0.0246415
56:-0.445206
57:-0.940364
alpha: 18.7362
lagLB: 457.553
stepSizeMultiplier: 0.244044
targetLowerBound: 515.046
||gamma||^2: 0.319459
lambda: 0,6.53189,20.7656,13.2616,12.1296,13.9973,11.2052,14.9164,9.70567,10.8151,10.4822,12.1953,14.812,22.3807,15.5318,10.7934,14.3287,6.5457,20.5914,15.3581,19.4589,14.0956,8.86707,11.8212,14.2088,20.2639,6.93277,5.61308,14.3884,10.6777,16.0586,8.77256,7.37044,19.1122,19.6498,18.6581,17.9397,8.48623,12.4094,20.4,23.1968,17.335,17.3546,16.2458,12.9371,15.7541,1.84621,10.9808,10.6608,14.1014,9.76497,
mu: 1.77342,0,0,
srcDuals: 
lambda: 0,6.80602,21.5435,11.6137,10.316,13.8248,10.9289,15.4637,14.3026,9.75087,9.82967,12.3982,15.2511,22.1053,15.247,9.98858,13.1166,5.45736,23.0705,14.195,19.2344,13.2844,8.60238,13.3973,16.9036,20.1615,9.87979,8.19703,15.3107,8.95669,15.7354,11.1643,8.25035,18.4454,18.9529,17.4952,19.1767,8.03524,11.7738,19.1893,21.3847,15.5995,16.7773,17.0443,12.509,15.5947,1.11245,11.1992,11.7985,13.7989,9.30858,
mu: 0,0,0,
srcDuals: 
fixing. lower bound used: 204.268
percent fixed: 64.7544
fixing. lower bound used: 415.11
fixed path dual: -30.9788
best alpha: 0.03
0:0
1:0.023281
2:-0.0368889
3:0.138398
4:0.0998238
5:-0.00997147
6:0.0562513
7:0.0069198
8:-0.23563
9:0.043439
10:0.0487796
11:-0.122457
12:-0.00600014
13:-0.00200233
14:0.0373576
15:0.0879039
16:-0.0676996
17:0.0951851
18:-0.108783
19:0.0608641
20:0.053145
21:-0.151714
22:0.0555536
23:-0.0546975
24:-0.1217
25:0.026433
26:-0.136809
27:-0.115064
28:-0.0155377
29:0.0527804
30:-0.000942119
31:-0.103552
32:-0.0430011
33:0.0796363
34:-0.188564
35:0.10935
36:-0.0343906
37:0.0473112
38:0.0177674
39:0.0822159
40:0.0706285
41:0.0660444
42:0.0451744
43:-0.00812344
44:0.0459399
45:0.0492493
46:0.0536474
47:0.00722134
48:-0.028445
49:-0.00218167
50:-0.112965
51:0.146817
52:-0.00741774
53:-0.22336
54:-0.914581
55:0.0360977
56:-0.85185
57:-0.612153
alpha: 16.5273
lagLB: 451.45
stepSizeMultiplier: 0.244044
targetLowerBound: 515.046
||gamma||^2: 0.362155
lambda: 0,6.67624,20.831,13.7075,11.6647,14.2117,11.436,15.0179,9.17181,11.1694,10.7719,12.3508,14.5557,21.4871,15.3891,11.107,14.7063,6.71645,20.3899,14.7911,19.6815,14.4102,9.09596,11.7613,13.9734,20.0926,6.65777,5.39504,14.4311,11.1351,16.2967,8.58467,7.41975,19.4041,19.9465,19.0279,17.933,8.36962,12.6964,20.7773,22.1695,16.2957,17.0704,16.3079,12.8169,15.9665,2.14869,10.7592,10.6696,14.3363,10.0239,
mu: 1.67693,0,0,
srcDuals: 
lambda: 0,6.80602,21.5435,11.6137,10.316,13.8248,10.9289,15.4637,14.3026,9.75087,9.82967,12.3982,15.2511,22.1053,15.247,9.98858,13.1166,5.45736,23.0705,14.195,19.2344,13.2844,8.60238,13.3973,16.9036,20.1615,9.87979,8.19703,15.3107,8.95669,15.7354,11.1643,8.25035,18.4454,18.9529,17.4952,19.1767,8.03524,11.7738,19.1893,21.3847,15.5995,16.7773,17.0443,12.509,15.5947,1.11245,11.1992,11.7985,13.7989,9.30858,
mu: 0,0,0,
srcDuals: 
fixing. lower bound used: 459.196
percent fixed: 64.7529
fixing. lower bound used: 415.11
fixed path dual: -28.5453
best alpha: 0.01
0:0
1:0.0330481
2:-0.0265201
3:0.147014
4:0.108826
5:-0.00987176
6:0.0656888
7:0.0168506
8:-0.223274
9:0.0530046
10:0.0382918
11:-0.111232
12:-0.0459401
13:0.0080177
14:0.046984
15:0.0270248
16:-0.0570226
17:0.0942333
18:-0.0976952
19:0.0602555
20:0.0626136
21:-0.140197
22:0.0649981
23:-0.0441506
24:-0.110483
25:0.0361687
26:-0.125441
27:-0.103913
28:-0.0053823
29:0.0622526
30:0.0090673
31:-0.0925166
32:-0.0325711
33:0.0288399
34:-0.176678
35:0.118256
36:-0.0240467
37:-0.0131619
38:0.0175897
39:0.0513938
40:0.0699222
41:0.075384
42:0.0347227
43:0.00195779
44:-0.0145195
45:-0.0212432
46:0.063111
47:0.0171491
48:-0.0181606
49:-0.0121598
50:-0.101835
51:0.195349
52:0.0826564
53:-0.181126
54:-1.36544
55:-0.284263
56:-0.763331
57:-0.506032
alpha: 17.4723
lagLB: 442.263
stepSizeMultiplier: 0.244044
targetLowerBound: 515.046
||gamma||^2: 0.342567
lambda: 0,7.19079,20.9338,13.901,11.9658,13.66,11.8586,15.578,10.4083,10.4688,10.6359,10.3744,15.1519,22.0722,15.8644,11.4414,11.9977,7.03051,21.2727,15.2009,20.1128,10.777,9.52053,12.4933,14.8922,20.5984,7.61872,6.29535,15.0539,9.829,15.7198,9.45289,7.53966,19.7616,15.8365,19.3025,18.6083,8.81717,12.0674,20.5481,22.552,16.6911,17.5239,16.91,13.2683,16.4086,1.9991,11.3185,11.3284,13.7629,7.44158,
mu: 2.42649,0,0,
srcDuals: 
lambda: 0,6.80602,21.5435,11.6137,10.316,13.8248,10.9289,15.4637,14.3026,9.75087,9.82967,12.3982,15.2511,22.1053,15.247,9.98858,13.1166,5.45736,23.0705,14.195,19.2344,13.2844,8.60238,13.3973,16.9036,20.1615,9.87979,8.19703,15.3107,8.95669,15.7354,11.1643,8.25035,18.4454,18.9529,17.4952,19.1767,8.03524,11.7738,19.1893,21.3847,15.5995,16.7773,17.0443,12.509,15.5947,1.11245,11.1992,11.7985,13.7989,9.30858,
mu: 0,0,0,
srcDuals: 
fixing. lower bound used: 417.567
percent fixed: 64.752
fixing. lower bound used: 415.11
fixed path dual: -11.8229
best alpha: 0.02
0:0
1:0.0523872
2:-0.00598965
3:0.164074
4:0.126649
5:0.0103257
6:0.024375
7:0.0365136
8:-0.198809
9:0.0719445
10:0.057526
11:-0.0890074
12:-0.0650213
13:0.0278573
14:-0.0539557
15:0.0464843
16:-0.0358822
17:0.112349
18:-0.215741
19:0.0790504
20:0.0813613
21:-0.117393
22:0.0836981
23:-0.0232675
24:-0.0882732
25:-0.0645547
26:-0.102932
27:-0.0818346
28:0.0147253
29:0.0810075
30:0.028886
31:-0.0706663
32:-0.0119197
33:0.0482631
34:-0.153144
35:0.135891
36:-0.00356578
37:0.00710136
38:0.0372379
39:0.0703659
40:0.0885238
41:0.0938763
42:0.0540282
43:0.0219186
44:0.00577088
45:-0.000818298
46:0.0818487
47:-0.0431939
48:0.00220263
49:0.00808335
50:-0.0797986
51:-0.248558
52:-0.278997
53:-0.597504
54:-0.938127
55:-0.078578
56:-0.588064
57:-0.295911
alpha: 11.7512
lagLB: 408.149
stepSizeMultiplier: 0.161069
targetLowerBound: 515.046
||gamma||^2: 0.33617
lambda: 0,7.38345,21.0801,14.1824,12.2174,13.6523,12.0766,15.7581,10.4015,10.677,10.4987,10.4547,14.4484,22.2454,16.0679,10.4608,12.1203,7.10383,21.3636,15.2478,20.3284,10.8348,9.73804,12.6259,14.9732,20.7934,7.68805,6.38144,15.2167,10.0444,15.8938,9.54784,7.68126,18.9493,15.866,19.5614,18.7566,7.80528,12.0811,20.0873,22.6064,16.9166,17.384,17.0785,12.2554,15.2235,2.21515,11.4988,11.4812,13.5865,7.52928,
mu: 3.4132,1.4442,0,
srcDuals: 
lambda: 0,6.80602,21.5435,11.6137,10.316,13.8248,10.9289,15.4637,14.3026,9.75087,9.82967,12.3982,15.2511,22.1053,15.247,9.98858,13.1166,5.45736,23.0705,14.195,19.2344,13.2844,8.60238,13.3973,16.9036,20.1615,9.87979,8.19703,15.3107,8.95669,15.7354,11.1643,8.25035,18.4454,18.9529,17.4952,19.1767,8.03524,11.7738,19.1893,21.3847,15.5995,16.7773,17.0443,12.509,15.5947,1.11245,11.1992,11.7985,13.7989,9.30858,
mu: 0,0,0,
srcDuals: 
fixing. lower bound used: 324.537
percent fixed: 64.7514
fixing. lower bound used: 415.11
fixed path dual: -46.3981
best alpha: 0.01
0:0
1:-0.0181367
2:0.00407025
3:0.0424333
4:0.135383
5:0.0202224
6:0.0341313
7:0.0461485
8:-0.186821
9:0.0812251
10:0.0669507
11:-0.0881173
12:-0.0543711
13:0.0375788
14:-0.0434161
15:0.0560195
16:-0.0255233
17:0.121225
18:-0.203584
19:0.0882599
20:0.0605477
21:-0.106219
22:0.00286112
23:-0.0130349
24:-0.0773905
25:-0.0539092
26:-0.0919026
27:-0.0710163
28:-0.0054219
29:0.0801975
30:0.0385971
31:-0.0599597
32:-0.0218005
33:0.0577805
34:-0.141613
35:0.0245321
36:-0.11353
37:0.0170303
38:0.0468655
39:0.0796622
40:0.0976385
41:0.102938
42:0.0634879
43:0.0316994
44:0.0157132
45:0.00918988
46:0.0810303
47:-0.0327619
48:0.0121806
49:0.0180025
50:-0.0690006
51:-0.0960722
52:-0.196207
53:-0.211529
54:-0.928745
55:-0.0577922
56:-0.682184
57:-0.192952
alpha: 13.8359
lagLB: 454.413
stepSizeMultiplier: 0.161069
targetLowerBound: 515.046
||gamma||^2: 0.285517
lambda: 0,7.42163,21.4731,13.5418,11.8043,13.9461,11.2153,15.8928,11.9664,10.5963,10.5057,11.3523,14.487,22.4326,14.6129,10.5348,12.6949,6.77758,20.5353,15.1239,20.1905,11.9049,9.58593,13.1239,15.8663,19.4029,8.67022,7.23538,15.4837,9.90862,16.0749,10.3339,8.11028,19.0125,17.1533,19.0921,19.1348,8.11869,12.2114,20.0162,22.425,16.7027,17.4122,17.3019,12.5769,15.5851,2.07427,10.6916,11.8244,13.8939,8.37086,
mu: 0,0,0,
srcDuals: 
lambda: 0,6.80602,21.5435,11.6137,10.316,13.8248,10.9289,15.4637,14.3026,9.75087,9.82967,12.3982,15.2511,22.1053,15.247,9.98858,13.1166,5.45736,23.0705,14.195,19.2344,13.2844,8.60238,13.3973,16.9036,20.1615,9.87979,8.19703,15.3107,8.95669,15.7354,11.1643,8.25035,18.4454,18.9529,17.4952,19.1767,8.03524,11.7738,19.1893,21.3847,15.5995,16.7773,17.0443,12.509,15.5947,1.11245,11.1992,11.7985,13.7989,9.30858,
mu: 0,0,0,
srcDuals: 
fixing. lower bound used: 489.897
percent fixed: 65.7297
updating best lambda arc fixing
route with flow 0.0364595 : 0,6,24,43,7,26,8,31,26,8,48,27,0, 5,4331,604772,604820,604831,179151,287618,342905,378001,485877,557959,592808,
route with flow 0.149542 : 0,12,47,18,25,14,6,0, 11,33480,137252,603341,470925,560741,592862,
route with flow 0.0364595 : 0,27,48,26,8,31,26,8,31,26,8,27,0, 26,4453,598884,73269,176068,231355,266451,374918,430205,465120,560660,592874,
route with flow 0.0364595 : 0,46,27,48,8,31,26,8,31,26,8,48,0, 45,174,606469,606517,606542,221655,256751,365218,420505,455601,554243,592756,
route with flow 0.0364595 : 0,48,8,31,26,8,31,26,8,48,27,46,0, 47,6715,595850,125423,159751,268218,323505,358601,466869,543903,579028,593251,
route with flow 0.0271442 : 0,1,22,28,3,36,35,20,29,21,50,16,11,46,0, 0,315,4971,599872,608055,608100,608146,608162,373406,411846,459617,528459,578934,593251,
route with flow 0.00905236 : 0,5,49,10,39,33,45,15,44,37,12,46,0, 4,13202,596742,596779,596820,596865,596896,608215,443892,488457,579295,593260,
route with flow 0.0375767 : 0,6,24,23,43,24,23,7,43,24,23,24,6,0, 5,4331,604753,606754,130128,178293,254519,346267,401152,449893,523860,562148,592862,
route with flow 0.0443967 : 0,12,37,44,15,45,33,39,10,49,5,46,0, 11,33470,601230,606896,188256,236793,345779,415251,441527,523547,579349,593259,
route with flow 0.0534368 : 0,46,5,49,10,39,33,45,15,44,37,12,0, 45,152,597473,597515,597545,612638,292338,343234,391664,467904,512142,591809,
route with flow 0.0255249 : 0,11,16,21,29,20,35,36,3,28,22,1,27,0, 10,9606,596189,85866,113187,243245,327054,358936,433940,501581,537991,562543,592874,
route with flow 0.0253884 : 0,32,2,29,21,34,50,21,29,2,11,46,0, 31,1962,596312,603563,603610,603633,323938,363228,392933,530743,579364,593259,
route with flow 0.0284861 : 0,46,11,2,29,21,34,50,21,29,2,32,0, 45,158,595386,614185,614232,614248,330851,382138,421428,451133,570249,593082,
route with flow 0.0291866 : 0,38,49,10,39,33,45,15,45,44,37,12,0, 37,4503,597232,597272,597305,238988,289884,338315,387154,463152,507465,591712,
route with flow 0.0265808 : 0,27,1,22,28,3,36,35,20,29,21,16,11,0, 26,4407,598137,598175,598210,608421,608465,608510,608536,446156,483994,547965,592584,
route with flow 0.0068605 : 0,12,37,44,42,40,19,42,44,15,37,12,0, 11,33470,601230,606891,202026,237411,280549,342727,419476,469282,512142,591809,
route with flow 0.0221869 : 0,2,20,35,36,3,36,35,20,32,0, 1,36569,155993,239754,271636,346648,378319,458099,570375,593082,
route with flow 0.0192411 : 0,32,1,22,28,3,36,35,20,2,11,0, 31,1961,10833,596972,608602,608646,608690,608735,608739,538846,592429,
route with flow 0.0189262 : 0,11,16,50,34,30,39,10,49,38,11,0, 10,9606,596220,596255,598780,307415,376451,402727,486391,551626,592658,
route with flow 0.00846975 : 0,12,37,15,44,42,19,40,42,44,37,12,0, 11,33470,601241,601260,186847,250505,295097,329631,391227,467763,512142,591809,
route with flow 0.029366 : 0,38,9,50,21,29,20,35,36,3,28,22,1,32,0, 37,4464,595188,614545,94798,122407,252945,336754,368636,443640,511034,545613,567694,593022,
route with flow 0.00941083 : 0,11,38,9,16,50,34,30,9,38,11,0, 10,9628,594777,594790,167552,217202,340581,433487,487720,551626,592658,
route with flow 0.0149108 : 0,12,37,44,42,40,19,40,42,44,37,17,12,0, 11,33470,601230,606891,202026,237411,280547,315081,376677,453448,497966,513211,591809,
route with flow 0.00941083 : 0,32,1,22,28,3,36,35,20,29,21,50,9,38,0, 31,1961,10833,596972,608602,608646,608690,608735,608753,431606,469769,516402,558852,592816,
route with flow 0.0707208 : 0,37,44,42,40,19,40,41,13,25,14,0, 36,827,614413,67813,99449,140185,174430,301667,413617,542824,592542,
route with flow 0.0104565 : 0,5,49,10,39,30,34,50,9,38,11,0, 4,13202,596742,596779,596815,602311,374501,425776,478360,544344,592507,
route with flow 0.0104565 : 0,6,24,23,43,24,23,24,43,7,23,24,6,0, 5,4331,604753,606754,130128,178293,254535,304606,357630,447903,523988,562148,592862,
route with flow 0.0248001 : 0,12,17,42,19,40,41,13,25,14,0, 11,33450,604037,604046,140185,174430,301667,413617,542824,592542,
route with flow 0.0104565 : 0,14,25,13,41,40,19,42,17,12,0, 13,13227,113812,607576,618854,618897,618911,497063,513164,591809,
route with flow 0.0116183 : 0,11,2,20,35,36,3,28,22,1,32,0, 10,9593,610523,248095,331904,363786,438790,506333,541830,565308,592974,
route with flow 0.0352787 : 0,14,25,13,41,19,40,42,17,12,0, 13,13227,113812,607576,618848,401943,436331,497063,513164,591809,
route with flow 0.0129092 : 0,5,49,10,39,30,34,50,9,38,5,0, 4,13202,596742,596779,596815,602311,374501,425776,478360,544339,592563,
route with flow 0.0158848 : 0,12,5,49,9,50,34,30,9,38,0, 11,33439,602569,602574,616242,309352,432731,523425,564670,592941,
route with flow 0.0250308 : 0,32,2,16,50,34,30,9,38,5,0, 31,1962,596317,596362,596399,326031,418937,473464,540556,592485,
route with flow 0.0129092 : 0,38,49,10,33,45,15,45,33,10,49,5,0, 37,4503,597232,597259,171088,221984,270415,319243,428201,456077,536005,592340,
route with flow 0.0158848 : 0,46,5,49,9,50,34,30,9,49,5,0, 45,152,597473,597512,609320,192952,316331,409237,463971,543812,592502,
route with flow 0.105607 : 0,4,13,41,19,40,41,13,4,47,0, 3,698,597683,597715,616477,242330,369567,480990,525369,592119,
route with flow 0.0693967 : 0,47,4,13,41,19,40,41,13,4,0, 46,22184,52814,598392,598423,329193,363580,490122,574464,593152,
route with flow 0.00915549 : 0,4,17,37,44,45,15,45,33,39,33,45,15,37,17,0, 3,702,603831,609429,63153,107456,154111,202843,311829,381324,490485,537474,569483,579649,593264,
route with flow 0.00915549 : 0,11,38,49,10,39,33,45,15,37,17,4,47,0, 10,9628,594775,608873,155609,221370,331138,382034,430457,474206,489541,529566,592206,
route with flow 0.00915549 : 0,12,17,37,15,45,33,39,10,33,45,15,37,17,0, 11,33450,604025,81436,125683,173743,282729,352201,378461,485733,533398,567286,579509,593262,
route with flow 0.00915549 : 0,17,44,45,15,45,33,39,10,39,33,45,15,37,17,0, 16,92,9831,35254,72383,116791,224529,294001,320267,386270,495237,541350,571549,579746,593266,
route with flow 0.00915549 : 0,47,4,17,37,15,45,33,39,10,33,45,15,37,0, 46,22184,52818,610100,610147,610193,610238,610283,610287,402711,509476,552373,576649,593195,
route with flow 0.0114854 : 0,1,22,28,3,36,35,20,2,16,11,0, 0,315,4971,599872,608055,608100,608146,608150,484944,551554,592658,
route with flow 0.0114854 : 0,11,16,21,29,20,35,36,3,28,22,1,32,0, 10,9606,596189,85866,113187,243245,327054,358936,433940,501581,537991,562547,592918,
route with flow 0.031303 : 0,27,1,22,28,3,36,35,20,29,2,32,0, 26,4407,598137,598175,598210,608421,608465,608510,608536,446137,568122,593038,
route with flow 0.0455488 : 0,32,1,22,3,35,36,3,36,35,20,22,1,32,0, 31,1961,10833,596936,618057,167004,198886,273898,305569,385385,518223,552829,571903,593109,
route with flow 0.128152 : 0,6,14,25,18,47,12,0, 5,4321,597887,597932,597978,504519,591765,
route with flow 0.0223533 : 0,14,24,23,7,43,24,23,7,43,24,6,0, 13,13226,602045,106040,195917,250802,299543,375769,467292,520535,558958,592796,
route with flow 0.0823356 : 0,18,25,14,18,47,0, 17,78045,606190,312002,508637,591843,
route with flow 0.144151 : 0,47,18,14,25,18,0, 46,22198,603692,297410,432476,590270,
route with flow 0.0193729 : 0,4,17,37,44,42,40,19,40,42,44,42,40,19,40,42,4,0, 3,702,603831,609429,63151,120632,155057,198097,232631,294227,371003,434826,469930,512121,542085,576525,593186,
route with flow 0.0276051 : 0,5,38,9,30,34,30,9,38,5,0, 4,13191,59472,594462,608828,321132,414087,468712,536615,592405,
route with flow 0.00759615 : 0,17,44,42,40,19,40,42,44,42,40,19,42,4,47,0, 16,92,9829,44769,73329,112333,145523,206927,283703,347526,382911,426049,487546,529566,592206,
route with flow 0.00759615 : 0,18,4,42,19,42,44,42,40,19,40,42,4,0, 17,78025,598071,182605,227199,289377,366153,429976,465178,507443,538267,575104,593152,
route with flow 0.0138729 : 0,47,4,42,40,19,40,42,44,42,40,19,40,42,4,0, 46,22184,52843,106898,140699,183547,218081,279677,356453,420276,455661,497939,530102,571359,593070,
route with flow 0.0212529 : 0,5,49,10,30,34,30,9,49,5,0, 4,13202,596742,596764,612203,306582,399537,454428,536046,592340,
route with flow 0.0321304 : 0,11,16,9,30,34,30,9,49,5,0, 10,9606,596181,612946,186112,311432,404387,459219,540029,592424,
route with flow 0.0121215 : 0,16,50,34,30,10,30,34,50,16,38,0, 15,4406,23678,123243,215238,242658,331612,456940,507185,564353,592941,
route with flow 0.0121215 : 0,38,9,30,10,30,34,30,9,38,11,0, 37,4464,595189,595206,122464,210362,335682,428637,482968,548037,592584,
route with flow 0.0106329 : 0,6,24,23,43,24,23,7,43,7,23,6,0, 5,4331,604753,606754,130128,178293,254519,346267,401135,490842,558169,592796,
route with flow 0.0106329 : 0,14,24,23,7,43,7,43,7,23,6,0, 13,13226,602045,106040,195917,250785,341223,396285,486090,554913,592728,
route with flow 0.0106329 : 0,23,7,43,24,23,7,43,7,23,6,0, 22,5490,54791,102708,149289,225419,317167,372035,462330,536413,592341,
route with flow 0.00886076 : 0,1,22,28,3,20,35,36,3,28,22,1,32,0, 0,315,4971,599872,608025,228695,312504,344386,419390,487325,525629,552956,592721,
route with flow 0.0484396 : 0,17,37,44,15,45,33,39,10,39,33,45,15,37,17,0, 16,85,2149,616754,68545,112229,219679,289151,315417,381420,490485,537474,569483,579649,593264,
route with flow 0.0329242 : 0,27,1,22,28,3,20,35,36,3,28,22,1,0, 26,4407,598137,598175,598210,608384,301445,385254,417136,491417,551809,573788,593111,
route with flow 0.00886076 : 0,32,1,22,28,36,35,3,36,35,3,28,22,1,32,0, 31,1961,10833,596972,608573,108591,186518,264198,295869,375668,453340,520097,552829,571903,593109,
route with flow 0.0329242 : 0,46,32,1,22,28,3,20,35,36,3,28,22,1,0, 45,179,615193,615241,615288,615291,176882,311145,394954,426836,500921,558493,576826,593185,
route with flow 0.0116589 : 0,4,17,44,15,45,33,39,10,39,33,45,15,37,17,0, 3,702,603825,31164,68545,112229,219679,289151,315417,381420,490485,537474,569483,579649,593264,
route with flow 0.0116589 : 0,11,16,21,29,16,50,16,29,21,16,2,32,0, 10,9606,596189,85866,113183,182102,231734,303478,334606,373014,443955,568101,593038,
route with flow 0.0116589 : 0,17,44,15,45,33,39,10,39,33,45,15,37,17,4,0, 16,92,9802,35428,72711,176029,245501,271767,337770,447538,497584,541290,569683,575775,593152,
route with flow 0.0116589 : 0,32,2,16,29,21,16,50,16,29,21,16,11,0, 31,1962,596317,596341,184256,222664,293652,343284,415028,446156,483994,547965,592584,
route with flow 0.0116589 : 0,47,18,4,17,4,18,47,0, 46,22198,603660,241675,257377,299876,494430,591550,
route with flow 0.0148837 : 0,4,13,19,41,13,25,18,0, 3,698,597666,81267,204667,316617,451828,590670,
route with flow 0.0148837 : 0,14,25,13,41,19,4,18,0, 13,13227,113812,607576,618848,401908,445376,590512,
route with flow 0.0276934 : 0,18,13,41,13,18,0, 17,78034,611183,316168,428160,590170,
route with flow 0.0148837 : 0,25,13,41,19,13,25,14,0, 24,30379,618993,619000,300067,408767,539041,592464,
route with flow 0.0103359 : 0,5,38,9,30,34,30,10,49,5,46,0, 4,13191,59472,594462,608828,321132,414088,441527,523547,579349,593259,
route with flow 0.0103359 : 0,27,48,7,43,7,43,7,23,48,27,0, 26,4453,598868,616933,178035,268473,323535,413953,491627,561120,592874,
route with flow 0.0103359 : 0,38,9,49,10,30,34,30,9,38,5,0, 37,4464,595187,92403,117952,205512,330832,423787,478216,544339,592563,
route with flow 0.0103359 : 0,46,5,38,9,30,34,30,10,49,5,0, 45,152,597462,79927,130035,220062,345382,438338,465586,543774,592502,
route with flow 0.0103359 : 0,48,7,43,7,43,7,43,7,48,27,0, 47,6714,58678,107157,195723,250785,341223,396285,486115,557959,592808,
route with flow 0.0125821 : 0,1,2,20,36,35,20,2,32,0, 0,295,61956,189896,223119,302935,437359,565781,592991,
route with flow 0.00527342 : 0,2,20,36,20,35,36,3,28,22,1,0, 1,36569,155994,189154,320845,404654,436536,510388,564449,578662,593231,
route with flow 0.00902826 : 0,32,2,20,36,35,20,2,1,0, 31,1962,596311,615877,247369,327185,461504,575814,593185,
route with flow 0.00527342 : 0,46,2,20,36,35,20,3,28,22,1,0, 45,149,53986,180196,213419,293235,427660,505816,561593,577852,593211,
route with flow 0.00266334 : 0,4,17,44,42,19,42,44,42,19,42,44,17,47,0, 3,702,603825,31191,80324,121555,182677,259453,323255,367849,430027,505760,522122,592030,
route with flow 0.00266334 : 0,17,15,44,42,19,42,44,42,19,42,44,17,47,0, 16,64,617587,34355,84693,126117,187527,264303,328105,372699,434877,510473,526391,592119,
route with flow 0.00266334 : 0,37,15,44,42,19,42,44,42,19,42,44,15,37,17,0, 36,799,609840,55277,111391,154545,216627,293403,357205,401799,463823,536339,569609,579649,593264,
route with flow 0.00266334 : 0,46,17,44,42,19,42,44,42,19,42,44,15,37,17,4,17,0, 45,164,680,20273,63759,103355,163277,240053,303855,348449,410627,486750,533578,565086,572189,579744,593265,
route with flow 0.00266334 : 0,47,17,37,15,44,42,19,42,44,37,17,4,47,0, 46,22197,33373,64775,107386,181997,245655,290249,352427,429198,474206,489541,529566,592206,
route with flow 0.00269024 : 0,2,29,21,50,21,34,21,34,21,16,38,0, 1,36578,610388,610413,139877,178933,301723,343833,466416,507658,564272,592941,
route with flow 0.00269024 : 0,11,16,21,34,21,34,21,34,21,16,0, 10,9606,596189,85871,204723,246833,369623,411733,531124,562418,592866,
route with flow 0.00269024 : 0,16,21,34,21,34,21,34,21,16,11,0, 15,4377,18948,113965,154779,277473,319583,442373,483898,547965,592584,
route with flow 0.00269024 : 0,38,16,21,34,21,34,21,34,21,16,46,0, 37,4471,37499,68826,185323,227433,350223,392333,513816,549213,579418,593259,
route with flow 0.00269024 : 0,46,38,16,21,34,21,34,21,34,21,16,0, 45,185,605843,55353,90240,209573,251683,374473,416583,535200,565192,592927,
route with flow 0.00271742 : 0,4,17,15,45,33,39,10,39,33,45,15,17,47,0, 3,702,603809,16323,45538,142271,211551,237817,303820,413588,464320,511680,526391,592119,
route with flow 0.0335375 : 0,38,49,10,39,33,45,33,39,10,49,38,0, 37,4503,597232,597272,597305,238988,289902,399129,468354,494098,563913,592941,
route with flow 0.00271742 : 0,46,49,10,39,33,45,33,39,10,49,5,0, 45,195,17605,33327,84658,190488,241402,350629,420101,446377,527786,592170,
route with flow 0.00271742 : 0,47,17,37,15,45,33,39,10,39,33,45,15,17,0, 46,22197,33373,64775,107387,154439,263329,332801,359067,425070,531393,567321,579639,593263,
route with flow 0.00271742 : 0,49,10,39,33,45,33,39,10,49,5,46,0, 48,8085,19536,63724,166238,217152,326379,395851,422127,505367,576083,593197,
route with flow 0.00274487 : 0,1,22,31,28,22,28,22,28,22,28,22,28,22,1,27,0, 0,315,4974,26110,75909,112612,177564,217776,284264,324476,390964,431176,496829,533915,559507,592808,
route with flow 0.00274487 : 0,6,48,31,28,22,28,22,28,22,28,22,28,22,1,0, 5,4355,606112,89314,153508,193526,260014,300226,366714,406926,473069,512388,564449,578662,593231,
route with flow 0.00274487 : 0,27,1,22,31,28,22,28,22,28,22,28,22,28,22,1,0, 26,4407,598137,598160,80576,143904,183826,250314,290526,357014,397226,463565,502964,558493,576826,593185,
route with flow 0.00274487 : 0,32,1,22,31,28,22,31,28,22,28,22,28,22,1,27,0, 31,1961,10833,596958,68044,129738,169279,221657,289212,329326,395814,436026,501581,537991,562543,592874,
route with flow 0.00274487 : 0,46,1,22,28,22,28,22,28,22,28,22,28,22,28,22,1,0, 45,148,611772,611789,51805,85914,148560,188676,255164,295376,361864,402076,468317,507716,561593,577852,593211,
route with flow 0.0446999 : 0,6,14,25,13,41,19,4,47,0, 5,4321,597887,597931,607531,618713,474288,516663,591938,
route with flow 0.00848928 : 0,27,6,14,25,18,4,47,0, 26,4412,37688,602094,257876,456324,502650,591648,
route with flow 0.00848928 : 0,47,4,19,41,13,25,14,6,0, 46,22184,52820,90005,214367,326317,461421,554317,592728,
route with flow 0.00285834 : 0,5,49,9,50,16,2,29,2,11,0, 4,13202,596739,605444,616084,240402,383695,417037,550033,592658,
route with flow 0.00285834 : 0,11,38,9,50,16,2,29,2,11,46,0, 10,9628,594777,594815,601124,216152,359445,392787,530743,579364,593259,
route with flow 0.00285834 : 0,32,2,29,21,50,16,2,29,2,32,0, 31,1962,596312,603563,603588,614072,269502,412795,446137,568122,593038,
route with flow 0.00285834 : 0,38,49,9,50,16,2,29,2,11,46,0, 37,4503,597197,609174,139872,211302,354595,387937,526574,578934,593251,
route with flow 0.00285834 : 0,46,5,49,9,50,16,2,29,2,32,0, 45,152,597473,597512,609320,192934,264652,407945,441287,565804,592991,
route with flow 0.00288722 : 0,23,7,43,23,7,43,7,23,48,27,0, 22,5490,54791,102707,176919,268667,323535,413953,491627,561120,592874,
route with flow 0.00288722 : 0,27,48,23,43,23,7,43,7,23,48,0, 26,4453,598902,598933,163501,239969,331717,386585,476586,547884,592630,
route with flow 0.00592323 : 0,46,27,48,23,7,43,24,23,7,48,27,0, 45,174,606469,606487,133653,225017,279902,328643,404869,495809,564017,592934,
route with flow 0.00288722 : 0,48,23,43,23,7,43,7,23,48,27,0, 47,6730,607318,93824,167219,258967,313835,404253,482123,554728,592740,
route with flow 0.00592203 : 0,4,41,19,40,41,40,41,40,41,4,0, 3,726,618541,99033,131356,258043,295680,422943,460494,568286,593026,
route with flow 0.00291638 : 0,5,49,10,39,33,45,15,44,37,17,12,0, 4,13202,596742,596779,596820,596865,596896,608215,443892,488462,503805,591614,
route with flow 0.00294584 : 0,11,16,29,20,35,36,3,36,35,20,0, 10,9606,596212,613883,204445,288254,320136,395148,426819,505619,591775,
route with flow 0.00294584 : 0,29,20,35,36,3,36,35,20,29,2,0, 28,216,50402,124122,155332,230248,261919,341735,475785,508119,591793,
route with flow 0.00294584 : 0,38,16,29,20,35,36,3,36,35,20,29,0, 37,4471,37507,61520,185045,268854,300736,375748,407419,486611,578842,593249,
route with flow 0.00294584 : 0,46,38,16,29,20,35,36,3,36,35,20,0, 45,185,605843,55361,81974,209295,293104,324986,399998,431669,510335,591872,
route with flow 0.00297559 : 0,5,49,9,50,34,30,9,49,5,46,0, 4,13202,596739,605444,616101,292081,384987,439878,523590,579349,593259,
route with flow 0.00297559 : 0,11,38,9,50,34,30,9,49,5,46,0, 10,9628,594777,594815,601115,616135,360737,415628,500663,574527,593166,
route with flow 0.00297559 : 0,38,9,34,50,9,30,34,50,9,38,46,0, 37,4464,595175,127823,178426,231456,321912,447251,497674,544963,579033,593251,
route with flow 0.00300565 : 0,12,17,42,19,41,40,41,40,41,4,0, 11,33450,604037,604046,140186,267743,305380,432643,469998,572426,593112,
route with flow 0.00300565 : 0,17,44,42,40,19,40,41,40,41,40,41,4,0, 16,92,9829,44769,73329,112333,145522,272593,310230,437493,474750,574330,593152,
route with flow 0.00300565 : 0,42,19,41,40,41,40,41,40,41,4,0, 41,2614,16564,113935,150276,277443,315080,442343,479502,575931,593186,
route with flow 0.00300565 : 0,47,4,41,40,19,40,41,40,41,4,0, 46,22184,52842,170695,208311,251447,285980,413243,450880,563312,592922,
route with flow 0.00303601 : 0,6,48,7,23,24,43,7,23,48,27,0, 5,4355,606092,123721,201330,251256,304280,394553,472619,547654,592594,
route with flow 0.00303601 : 0,27,6,48,23,7,43,7,23,48,6,0, 26,4412,37721,105863,181769,273517,328385,418803,496379,564006,592923,
route with flow 0.00303601 : 0,32,27,48,23,7,43,7,23,48,27,0, 31,1987,28417,92514,167219,258967,313835,404253,482123,554728,592740,
route with flow 0.0158578 : 0,48,23,43,24,23,7,43,24,23,48,27,0, 47,6730,607318,93825,139781,215719,307467,362352,411093,486733,557990,592808,
route with flow 0.00306668 : 0,12,17,44,15,45,33,39,33,45,15,37,17,0, 11,33450,604018,608244,159156,207693,316679,386174,495237,541350,571549,579746,593266,
route with flow 0.0164021 : 0,37,44,15,45,33,39,10,39,33,45,15,37,17,0, 36,827,614399,56590,98831,205129,274601,300867,366870,476229,525088,562015,578625,593245,
route with flow 0.00306668 : 0,46,12,17,37,15,45,33,39,33,45,15,37,17,0, 45,159,601443,604397,103523,149261,197993,306979,376474,485733,533398,567286,579509,593262,
route with flow 0.00306668 : 0,47,17,37,44,15,45,33,15,44,37,17,47,0, 46,22197,33373,64802,133710,183406,231943,340906,391664,467904,512147,526433,592119,
route with flow 0.00309765 : 0,1,31,28,3,36,35,20,3,28,31,1,32,0, 0,324,8495,44636,110582,140957,220485,354910,434086,501589,548634,569855,593067,
route with flow 0.00309765 : 0,2,29,21,50,21,50,21,50,21,50,21,50,16,11,0, 1,36578,610388,610413,139877,178949,226889,266249,314189,353549,401489,440849,488129,551662,592658,
route with flow 0.00309765 : 0,11,16,50,21,50,21,29,16,50,21,29,2,32,0, 10,9606,596220,596235,131025,178389,217728,247447,317902,367539,406878,436583,563104,592938,
route with flow 0.00309765 : 0,32,11,2,29,21,50,21,50,21,29,2,32,0, 31,1971,40351,170295,203656,242096,289939,329299,377239,416578,446283,568122,593038,
route with flow 0.00632174 : 0,32,1,31,28,3,20,35,36,3,28,31,1,0, 31,1961,10842,38284,93416,167182,301445,385254,417136,491417,551816,577684,593211,
route with flow 0.00645076 : 0,5,49,30,34,30,49,38,5,0, 4,13202,596720,157012,282332,375325,462631,532539,592321,
route with flow 0.00645076 : 0,11,38,49,30,34,30,49,5,46,0, 10,9628,594775,608886,220062,345382,438375,523547,579349,593259,
route with flow 0.00645076 : 0,12,5,49,30,39,30,49,5,0, 11,33439,602569,602585,612542,366771,457700,539991,592424,
route with flow 0.00645076 : 0,38,5,49,30,34,30,49,5,0, 37,4460,58635,138090,229762,355082,448075,531929,592256,
route with flow 0.00645076 : 0,46,11,38,49,30,34,30,49,5,0, 45,158,595387,595433,152448,244312,369632,462499,543774,592502,
route with flow 0.00325796 : 0,6,24,7,24,7,24,7,24,7,24,7,0, 5,4331,604729,92125,139765,229654,280127,370304,420777,509826,552333,592655,
route with flow 0.00325796 : 0,7,24,7,24,7,24,7,24,7,23,0, 6,9565,35197,109988,158877,249054,299527,389704,440177,527550,592227,
route with flow 0.00325796 : 0,23,7,24,7,24,7,24,7,24,43,23,0, 22,5490,54772,98710,186198,236672,326848,377322,467273,516523,558904,592805,
route with flow 0.00325796 : 0,24,7,26,7,24,7,24,7,24,7,23,0, 23,1036,33802,61265,142546,192827,283004,333477,423654,473768,554393,592772,
route with flow 0.00325796 : 0,43,24,7,24,7,24,7,24,7,24,7,0, 42,1592,14139,74695,121133,210254,260727,350904,401377,490843,537426,592342,
route with flow 0.00329087 : 0,5,37,44,45,44,45,44,45,44,45,44,15,0, 4,13190,38883,101709,149359,225505,275363,351605,401463,477274,525113,574820,593179,
route with flow 0.00329087 : 0,15,44,45,44,45,44,45,44,45,44,37,5,0, 14,1023,25491,60719,129225,178604,254749,304704,380849,430804,505920,545427,592502,
route with flow 0.00329087 : 0,17,44,45,44,45,44,45,44,45,44,45,44,15,0, 16,92,9831,35283,97291,144605,220655,270513,346755,396613,472522,520815,573003,593143,
route with flow 0.00329087 : 0,37,45,44,45,44,45,44,45,44,45,44,45,37,0, 36,828,10417,55182,98601,172155,222013,298255,348113,424355,473852,544105,573557,593125,
route with flow 0.00329087 : 0,44,45,44,45,44,45,44,45,44,45,44,15,0, 43,5576,26418,83991,130439,206105,255963,332205,382063,458266,507116,566675,593014,
route with flow 0.0300464 : 0,12,47,18,0, 11,33480,137252,603357,
route with flow 0.0137119 : 0,14,25,18,25,18,0, 13,13227,113816,310844,446978,590570,
route with flow 0.0137119 : 0,18,25,14,18,0, 17,78045,606190,312002,587770,
route with flow 0.0300464 : 0,46,12,47,18,0, 45,159,601474,602216,602244,
route with flow 0.00346261 : 0,1,29,36,29,36,29,36,29,36,29,36,29,36,29,36,29,36,29,36,29,36,29,36,29,36,29,0, 0,322,3120,11133,24408,42858,65328,90770,117618,145705,174570,203713,232770,261913,290970,320113,349170,378313,407370,436513,465383,493937,521762,546010,565469,576951,593193,
route with flow 0.00346261 : 0,10,29,36,29,36,29,36,29,36,29,36,29,36,29,36,29,36,29,36,29,36,29,36,29,36,29,46,0, 9,126,1750,7812,19339,36191,57358,82032,108542,136197,164870,194013,223070,252213,281270,310413,339470,368613,397670,426813,455870,484433,512814,538419,559703,573986,579551,593259,
route with flow 0.00346261 : 0,21,29,36,29,36,29,36,29,36,29,36,29,36,29,36,29,36,29,36,29,36,29,36,29,36,29,0, 20,469,4049,12891,27283,46264,69313,95236,122276,150459,179420,208563,237620,266763,295820,324963,354020,383163,412220,441363,470135,498689,526040,549615,567831,577946,593217,
route with flow 0.00346261 : 0,29,3,29,36,29,36,29,36,29,36,29,36,29,36,29,36,29,36,29,36,29,36,29,36,29,0, 28,199,15477,33032,53560,77571,104119,131496,160063,189120,218263,247320,276463,305520,334663,363720,392863,421920,451063,479639,508193,534307,556525,572022,579247,593249,
route with flow 0.00346261 : 0,46,29,50,29,36,29,36,29,36,29,36,29,36,29,36,29,36,29,36,29,36,29,36,29,36,29,0, 45,176,1764,14259,30011,49960,73538,99701,126838,155309,184270,213413,242470,271613,300670,329813,358870,388013,417070,446213,474887,503441,530221,553204,569980,578737,593235,
route with flow 0.0144276 : 0,12,18,14,25,18,0, 11,33451,213834,316810,451876,590670,
route with flow 0.030762 : 0,14,25,18,47,12,0, 13,13227,113816,310866,432761,590286,
route with flow 0.00364332 : 0,5,37,17,15,17,15,17,15,17,15,17,15,17,15,17,15,17,15,17,15,17,37,0, 4,13190,38857,50286,89544,104444,149233,165238,212187,228288,275237,291338,338287,354388,401337,417438,464225,480000,525003,538692,569473,575769,593184,
route with flow 0.00364332 : 0,15,17,15,17,15,17,15,17,15,17,15,17,15,17,15,17,15,17,15,17,15,17,15,17,0, 14,996,3296,18492,27603,60400,73906,116435,131864,178237,194338,241287,257388,304337,320438,367387,383488,430437,446538,492737,508512,548713,559943,578545,593233,
route with flow 0.00364332 : 0,17,15,37,17,15,17,15,17,15,17,15,17,15,17,15,17,15,17,15,17,15,17,15,17,0, 16,64,617581,16590,24681,56319,69633,111873,127206,173387,189488,236437,252538,299487,315588,362537,378638,425587,441688,487985,503760,545058,556742,577706,593213,
route with flow 0.00364332 : 0,37,17,15,17,15,37,17,15,17,15,17,15,17,15,17,15,17,15,17,15,17,15,17,37,0, 36,801,2562,16295,24632,56339,94497,108959,154083,170088,217037,233138,280087,296188,343137,359238,406187,422288,468977,484752,529208,542479,571539,577035,593210,
route with flow 0.00364332 : 0,46,37,17,15,17,15,17,15,17,15,17,15,17,15,17,15,17,15,17,15,17,15,17,15,17,0, 45,184,3690,8042,29116,39777,76484,91095,134971,150784,197637,213738,260687,276788,323737,339838,386787,402888,449837,465744,511680,526364,562002,570138,579736,593265,
route with flow 0.0202447 : 0,1,2,20,35,20,2,32,0, 0,295,61956,189895,273689,408259,546422,592599,
route with flow 0.00743497 : 0,2,20,35,20,2,32,27,0, 1,36569,155993,239739,374309,517920,564611,592963,
route with flow 0.00368012 : 0,11,32,2,32,2,16,2,32,0, 10,9622,41422,170298,231185,373982,448805,570229,593082,
route with flow 0.00743497 : 0,27,32,2,20,35,20,2,0, 26,4437,602754,603433,286895,370689,504272,591702,
route with flow 0.00368012 : 0,46,11,32,11,2,32,2,32,11,0, 45,158,595370,60007,142768,286698,347585,489711,544755,592564,
route with flow 0.00371729 : 0,6,23,43,24,23,7,43,24,23,48,27,0, 5,4330,598602,84990,130369,206019,297767,352652,401393,477229,551243,592668,
route with flow 0.0206616 : 0,23,7,43,24,23,7,43,24,23,48,27,0, 22,5490,54791,102708,149289,225419,317167,372052,420793,496237,564017,592934,
route with flow 0.00828934 : 0,24,23,7,43,24,23,7,43,24,23,6,0, 23,1052,25406,96803,149048,197693,273919,365667,420552,469031,540255,592425,
route with flow 0.00371729 : 0,27,23,7,43,24,23,7,43,24,23,6,0, 26,4429,40746,119373,173202,221943,298169,389917,444802,492791,558073,592796,
route with flow 0.00371729 : 0,48,7,23,24,43,23,7,43,24,23,6,0, 47,6714,58658,129156,178506,231546,307869,399617,454502,502295,564089,592923,
route with flow 0.00375484 : 0,11,32,2,16,2,11,32,11,0, 10,9622,41422,170282,245105,388527,481395,537065,592406,
route with flow 0.0326508 : 0,5,38,9,30,34,50,16,2,32,0, 4,13191,59472,594462,608828,321151,372433,444102,568101,593038,
route with flow 0.100723 : 0,11,38,9,30,34,50,16,2,32,0, 10,9628,594777,594816,594852,594900,362733,434402,563077,592938,
route with flow 0.0326508 : 0,32,2,16,50,34,30,9,38,11,0, 31,1962,596317,596362,596399,326031,418937,473464,540561,592429,
route with flow 0.0326508 : 0,38,9,50,34,21,34,30,9,38,11,0, 37,4464,595188,614582,614593,217733,340532,433487,487720,551626,592658,
route with flow 0.0326508 : 0,46,11,38,9,30,34,50,16,38,11,46,0, 45,158,595387,595435,595474,595509,595554,386983,458640,528417,578934,593251,
route with flow 0.00412258 : 0,27,48,23,43,24,23,24,43,7,23,6,0, 26,4453,598902,598933,163502,212243,288485,338556,391580,481338,551444,592654,
route with flow 0.00412258 : 0,48,7,23,24,43,23,24,43,7,23,6,0, 47,6714,58658,129156,178506,231546,307885,357956,410980,500346,564173,592923,
route with flow 0.00416422 : 0,4,19,40,13,41,40,19,42,44,37,12,0, 3,704,8800,24338,109665,238595,276211,319349,381527,458259,502713,591614,
route with flow 0.00416422 : 0,12,37,44,42,40,19,40,42,44,37,12,0, 11,33470,601230,606891,202026,237411,280547,315081,376677,453448,497961,591516,
route with flow 0.00416422 : 0,17,37,44,42,40,19,40,42,44,42,40,19,42,44,37,0, 16,85,2149,616793,616809,112847,154543,188981,250577,327353,391176,426561,469429,528856,576314,593195,
route with flow 0.0403748 : 0,47,4,13,41,19,42,44,37,12,0, 46,22184,52814,598392,598423,329194,391227,467763,512142,591809,
route with flow 0.0362106 : 0,12,37,44,42,19,41,13,4,47,0, 11,33470,601230,606891,202005,246598,374417,485742,529566,592206,
route with flow 0.0566 : 0,6,23,43,24,23,24,43,7,43,24,23,6,0, 5,4330,598602,84990,130369,206035,256106,309130,399423,454502,502295,564089,592923,
route with flow 0.00457205 : 0,27,48,7,43,24,23,24,43,7,23,6,0, 26,4453,598868,616933,178052,226793,303035,353106,406130,495594,561289,592862,
route with flow 0.0240634 : 0,1,22,28,3,20,35,36,3,28,22,1,27,0, 0,315,4971,599872,608025,228695,312504,344386,419390,487325,525629,552951,592668,
route with flow 0.0893034 : 0,5,49,10,33,45,33,39,10,49,5,0, 4,13202,596742,596766,200188,251102,360329,429801,456077,536005,592340,
route with flow 0.0362245 : 0,18,25,14,18,12,0, 17,78045,606190,312002,508603,591809,
route with flow 0.0052272 : 0,6,23,24,7,26,7,24,7,24,7,23,0, 5,4330,598592,616609,166800,203400,292704,343177,433354,483272,560811,592903,
route with flow 0.0052272 : 0,7,24,7,24,7,24,7,26,7,24,23,0, 6,9565,35197,109988,158877,249054,299527,389706,426500,514456,555736,592737,
route with flow 0.0052272 : 0,23,7,24,7,24,7,24,43,7,24,23,0, 22,5490,54772,98710,186198,236672,326848,377356,430380,518966,558967,592805,
route with flow 0.0052272 : 0,46,23,24,7,26,7,24,7,24,7,24,23,0, 45,170,13373,42011,119356,154996,244204,294677,384854,435327,523307,562037,592871,
route with flow 0.0052272 : 0,48,23,24,7,24,7,43,24,7,24,23,0, 47,6730,607346,607352,176498,226972,317167,372052,420777,509826,552343,592665,
route with flow 0.02178 : 0,11,16,50,21,50,21,50,34,21,50,16,11,0, 10,9606,596220,596235,131025,178389,217749,265702,389072,431149,478625,544382,592507,
route with flow 0.02178 : 0,32,11,16,50,21,50,21,34,21,50,16,11,0, 31,1971,40364,607653,607665,188649,236589,275933,398723,440849,488129,551662,592658,
route with flow 0.02178 : 0,46,11,16,50,21,50,21,50,21,50,21,50,16,11,46,0, 45,158,595385,596460,596473,154795,202639,241999,289939,329299,377239,416599,464369,532586,579364,593259,
route with flow 0.0055 : 0,17,37,44,42,40,19,42,44,42,40,19,40,42,44,37,0, 16,85,2149,616793,616809,112847,154545,216627,293403,357226,392611,435747,469999,528856,576314,593195,
route with flow 0.0112262 : 0,27,48,26,31,28,3,28,31,8,48,27,0, 26,4453,598884,73291,120863,187343,264190,332772,386683,495144,563989,592934,
route with flow 0.0055 : 0,37,44,42,40,19,40,42,44,42,40,19,42,44,37,17,0, 36,827,614413,67813,99449,140185,174431,236027,312803,376626,412011,455149,515886,571021,579746,593266,
route with flow 0.0112245 : 0,2,20,35,36,3,28,31,8,27,0, 1,36569,155993,239754,271636,346640,415222,468875,563462,592934,
route with flow 0.0112245 : 0,6,48,8,31,28,22,28,31,26,31,28,22,1,0, 5,4355,606134,606155,197407,264962,305076,371572,425501,460389,511459,564503,578662,593231,
route with flow 0.0112245 : 0,27,8,31,28,3,36,35,20,2,0, 26,4414,600286,116205,182493,259348,291019,370835,504272,591702,
route with flow 0.0112245 : 0,32,2,20,35,36,3,28,31,26,48,0, 31,1962,596311,615909,615957,616003,616018,473077,524926,553004,592685,
route with flow 0.0112245 : 0,48,26,31,28,3,36,35,20,2,32,0, 47,6733,600795,600843,600875,191448,223119,302935,437359,565781,592991,
route with flow 0.00566893 : 0,6,48,23,24,43,7,43,24,23,48,27,0, 5,4355,606124,612747,159106,212130,302423,357502,406243,481981,554728,592740,
route with flow 0.00566893 : 0,27,48,26,31,28,22,28,31,26,8,48,27,0, 26,4453,598884,73291,120863,187362,227476,293972,347901,382851,490629,561090,592874,
route with flow 0.00566893 : 0,48,8,31,28,22,28,31,26,8,48,27,0, 47,6715,595850,125425,192212,232326,298822,352751,387701,495381,563989,592934,
route with flow 0.0301379 : 0,6,23,7,26,8,31,26,8,48,27,0, 5,4330,598606,598647,154997,263368,318655,353751,462117,540120,592440,
route with flow 0.0301379 : 0,27,48,8,26,7,43,7,23,48,27,0, 26,4453,598900,606328,606333,268473,323535,413953,491627,561120,592874,
route with flow 0.0744389 : 0,32,1,22,28,31,8,26,31,26,8,48,27,0, 31,1961,10833,596972,608578,615015,238871,276318,328355,363451,471621,547619,592594,
route with flow 0.0744389 : 0,46,32,1,22,28,31,8,26,31,26,8,48,27,0, 45,179,615193,615241,615288,615333,615354,263121,300568,352605,387701,495381,563989,592934,
route with flow 0.0301379 : 0,48,8,31,26,8,31,26,8,48,27,0, 47,6715,595850,125423,159751,268218,323505,358601,466869,543903,592518,
route with flow 0.0367231 : 0,2,20,36,35,20,2,11,0, 1,36569,155994,189169,268985,403409,542629,592507,
route with flow 0.0424134 : 0,5,49,10,39,30,34,21,29,2,32,0, 4,13202,596742,596779,596815,602311,374473,416578,446283,568122,593038,
route with flow 0.0275917 : 0,11,2,20,36,35,20,2,0, 10,9593,610523,248096,281319,361135,494768,591506,
route with flow 0.0712284 : 0,32,2,29,21,34,30,39,10,49,5,0, 31,1962,596312,603563,603610,603634,365615,434651,460834,539991,592424,
route with flow 0.018642 : 0,38,9,49,10,39,30,39,10,39,30,9,38,0, 37,4464,595187,92403,117961,182567,273417,342501,368767,434767,523382,564670,592941,
route with flow 0.00627676 : 0,17,42,19,40,13,40,19,40,42,44,42,40,19,40,42,17,0, 16,90,599422,604226,604229,142126,179211,222347,256881,318477,395253,459021,493690,533702,559613,579630,593263,
route with flow 0.00627676 : 0,37,15,44,42,40,19,40,42,44,42,40,19,40,42,4,0, 36,799,609840,55277,111412,145453,188397,222931,284527,361303,425126,460426,502691,534191,573336,593112,
route with flow 0.00627676 : 0,46,17,42,40,19,40,42,44,42,40,19,40,42,44,15,37,17,0, 45,164,678,13782,32871,64653,95150,153673,230353,294176,329561,372697,407231,468575,540299,571669,579746,593266,
route with flow 0.0128097 : 0,2,20,35,20,2,32,0, 1,36569,155993,239739,374309,517920,592015,
route with flow 0.0128097 : 0,11,2,20,35,20,2,0, 10,9593,610523,248095,331889,466256,590918,
route with flow 0.0128097 : 0,46,18,13,41,13,18,0, 45,165,100121,209835,340418,452410,590670,
route with flow 0.00646955 : 0,4,17,37,15,45,33,39,10,39,33,45,15,37,17,46,0, 3,702,603831,609445,609492,609538,609583,609626,281467,347470,457221,507088,548728,573699,578019,593220,
route with flow 0.0314519 : 0,12,17,37,15,45,33,10,39,33,45,15,37,17,0, 11,33450,604025,81436,125683,173743,282701,310567,376570,485733,533398,567286,579509,593262,
route with flow 0.00646955 : 0,17,37,15,45,33,10,39,33,45,15,37,12,46,0, 16,85,2122,595625,595669,595687,169917,235920,345688,396584,445007,488457,579295,593260,
route with flow 0.00646955 : 0,37,45,15,45,33,39,10,39,33,45,15,37,17,4,0, 36,828,10388,35185,72711,176029,245501,271767,337770,447538,497584,541290,569683,575775,593152,
route with flow 0.00646955 : 0,46,12,37,15,45,33,39,10,33,45,15,37,17,0, 45,159,601476,601524,601571,601617,601632,361901,388161,495237,541350,571549,579746,593266,
route with flow 0.0200089 : 0,38,9,16,29,21,34,21,34,30,9,38,0, 37,4464,595162,79800,108528,145272,267773,309883,432682,523425,564670,592941,
route with flow 0.0200089 : 0,46,38,9,30,34,21,34,30,9,38,46,0, 45,185,605876,605924,605937,243523,285633,408432,500478,548516,579424,593259,
route with flow 0.0351034 : 0,6,14,25,13,19,41,13,4,0, 5,4321,597887,597931,607529,343598,471114,566173,592978,
route with flow 0.0351034 : 0,12,4,13,41,13,25,14,0, 11,33438,68610,171035,301618,413617,542824,592542,
route with flow 0.0351034 : 0,46,12,4,41,13,25,14,6,0, 45,159,601431,89956,214318,326317,461421,554317,592728,
route with flow 0.00709159 : 0,1,22,28,3,35,36,3,36,35,3,28,22,1,46,0, 0,315,4971,599872,608022,176704,208586,283598,315269,395068,472409,536830,565213,577885,593220,
route with flow 0.00709159 : 0,17,37,44,45,15,45,44,37,44,45,15,45,44,37,17,0, 16,85,2149,616764,68371,111901,159204,235342,280600,356455,406284,454715,502600,564217,579174,593255,
route with flow 0.00709159 : 0,32,1,22,3,35,36,3,36,35,3,36,35,22,1,0, 31,1961,10833,596936,618057,167004,198886,273898,305569,385368,462913,493943,561147,577852,593211,
route with flow 0.00709159 : 0,37,44,15,45,44,42,19,42,44,15,45,44,37,17,0, 36,827,614399,56590,98842,172297,235955,280549,342727,419476,469289,516615,571083,579746,593266,
route with flow 0.0170916 : 0,46,1,22,28,3,36,35,3,36,35,3,28,22,1,0, 45,148,611772,611789,51786,119754,150465,230168,307848,339519,419318,496169,555247,575490,593151,
route with flow 0.0148493 : 0,1,22,31,28,3,36,35,20,29,21,16,11,46,0, 0,315,4974,26110,75890,147894,179469,259285,393735,426756,464986,532463,579364,593259,
route with flow 0.0148493 : 0,46,11,16,21,29,20,35,36,3,28,31,22,1,0, 45,158,595385,596429,108050,136285,267495,351304,383186,458153,524419,564768,578662,593231,
route with flow 0.00723558 : 0,37,15,33,45,15,45,33,39,10,49,5,46,0, 36,799,609833,83068,130410,178265,227093,336079,405551,431827,514713,578201,593238,
route with flow 0.00730866 : 0,11,2,20,35,36,3,28,22,1,27,0, 10,9593,610523,248095,331904,363786,438790,506333,541830,565304,592934,
route with flow 0.00730866 : 0,32,2,29,20,35,36,3,28,22,1,27,0, 31,1962,596312,603541,243245,327054,358936,433940,501581,537991,562543,592874,
route with flow 0.00730866 : 0,46,11,16,29,20,35,20,2,32,0, 45,158,595385,596451,99643,228695,312489,447059,570229,593082,
route with flow 0.0166062 : 0,23,24,43,7,43,24,43,7,43,24,23,6,0, 22,5506,26513,64136,147319,202302,251062,304280,394573,449652,497543,561199,592862,
route with flow 0.00738249 : 0,24,43,7,43,24,43,7,43,24,43,23,6,0, 23,1071,13994,74714,125470,173462,226680,316973,372052,420812,473688,544038,592503,
route with flow 0.00738249 : 0,27,23,24,43,7,43,24,43,7,43,24,6,0, 26,4429,40762,81075,130256,219973,275052,323812,377030,467102,520535,558958,592796,
route with flow 0.00738249 : 0,48,23,43,24,43,7,43,24,43,23,24,6,0, 47,6730,607318,93825,139800,192730,283023,338102,386862,440096,515048,555859,592728,
route with flow 0.0150663 : 0,46,12,5,49,9,49,5,12,0, 45,159,601432,142377,229931,284678,370626,471634,591026,
route with flow 0.00760924 : 0,4,17,37,15,45,33,39,10,39,33,45,15,44,17,0, 3,702,603831,609445,609492,609538,609583,609626,281467,347470,457221,507088,548734,579616,593263,
route with flow 0.00760924 : 0,11,16,50,21,29,16,29,21,16,50,21,29,16,11,0, 10,9606,596220,596235,131004,160147,230581,261856,300264,371252,420889,460149,489268,551554,592658,
route with flow 0.00768611 : 0,32,1,22,28,3,36,35,20,29,21,16,11,0, 31,1961,10833,596972,608602,608646,608690,608735,608753,431606,469738,536539,592346,
route with flow 0.0237715 : 0,27,48,8,31,28,3,28,31,26,48,27,0, 26,4453,598900,606300,197407,264943,341790,410372,464140,498422,563989,592934,
route with flow 0.0237715 : 0,46,5,49,9,30,34,50,9,49,5,0, 45,152,597473,597512,609336,609347,359951,411226,464115,543812,592502,
route with flow 0.00800386 : 0,12,17,44,42,40,19,40,42,44,42,19,40,42,17,0, 11,33450,604018,608255,172926,208311,251447,285981,347577,424353,487512,529602,556402,579452,593258,
route with flow 0.00800386 : 0,17,44,42,19,42,44,42,19,42,44,42,19,42,17,0, 16,92,9829,44748,81268,139315,215803,279605,324199,386377,463016,524580,559233,579630,593263,
route with flow 0.00800386 : 0,37,44,42,19,40,42,44,42,40,19,40,42,44,37,17,0, 36,827,614413,67792,107819,140769,202077,278853,342676,378061,421197,455731,515886,571021,579746,593266,
route with flow 0.00800386 : 0,42,19,42,44,42,19,42,44,42,19,42,40,42,17,0, 41,2614,16565,55909,124421,187455,232049,294227,371003,434805,478933,537048,562642,579727,593265,
route with flow 0.00800386 : 0,46,17,42,19,42,44,42,19,42,44,42,40,19,42,17,0, 45,164,678,13761,38832,89134,162453,226255,270849,333027,409803,473277,507946,545416,577617,593213,
route with flow 0.0163344 : 0,18,47,12,0, 17,78067,195111,585386,
route with flow 0.0082497 : 0,27,48,7,43,24,23,7,43,24,23,6,0, 26,4453,598868,616933,178052,226793,303019,394767,449652,497543,561199,592862,
route with flow 0.0082497 : 0,46,6,23,7,43,24,43,7,43,24,23,6,0, 45,153,11516,59178,142759,197452,246212,299430,389723,444802,492791,558073,592796,
route with flow 0.00833303 : 0,1,22,28,3,35,36,3,28,31,26,31,28,22,1,0, 0,315,4971,599872,608022,176704,208586,283590,352172,406101,441073,492511,551881,573788,593111,
route with flow 0.00833303 : 0,16,29,20,35,36,3,28,31,26,31,28,22,1,0, 15,4385,615531,615579,615625,615672,615689,371572,425501,460389,511459,564503,578662,593231,
route with flow 0.00833303 : 0,37,15,33,45,33,39,10,39,33,45,15,37,0, 36,799,609833,83068,130428,239079,308551,334817,400820,509476,552373,576649,593195,
route with flow 0.0084172 : 0,1,22,3,36,35,20,29,21,16,50,16,11,46,0, 0,315,4947,40725,65377,138323,272485,305506,343914,414902,464369,532586,579364,593259,
route with flow 0.0084172 : 0,16,50,21,29,20,35,36,3,36,35,3,22,1,0, 15,4406,23665,49425,73669,199595,283404,315286,390298,421969,500851,564069,578662,593231,
route with flow 0.0084172 : 0,38,16,21,29,20,35,36,3,28,31,26,48,0, 37,4471,37499,68821,95324,223845,307654,339536,414540,482581,533244,559555,592824,
route with flow 0.0084172 : 0,46,11,16,50,21,29,20,35,36,3,22,1,27,0, 45,158,595385,596460,596473,154774,184401,315995,399804,431686,505667,541830,565304,592934,
route with flow 0.0084172 : 0,48,26,31,28,3,36,35,20,29,21,16,38,0, 47,6733,600795,600843,600875,191448,223119,302935,437385,470121,507754,564272,592941,
route with flow 0.0443011 : 0,6,27,48,8,26,31,26,8,48,27,0, 5,4334,37575,105848,214621,252068,304105,339201,447685,527929,592188,
route with flow 0.0443011 : 0,27,1,8,26,31,26,8,31,8,48,27,0, 26,4407,598096,96203,131394,182855,217951,326418,381687,490392,561090,592874,
route with flow 0.00904011 : 0,5,10,33,45,15,45,33,39,10,49,5,0, 4,13163,617113,114232,163784,212215,261043,370029,439501,465586,543774,592502,
route with flow 0.00913143 : 0,11,2,20,35,36,20,2,0, 10,9593,610523,248095,331904,363803,494768,591506,
route with flow 0.00913143 : 0,12,5,38,49,9,38,5,12,0, 11,33439,602555,609044,278431,333167,405256,505041,591712,
route with flow 0.00922366 : 0,7,43,24,43,7,23,24,43,7,23,6,0, 6,9584,38329,76559,125598,215103,293480,343406,396430,486090,554913,592728,
route with flow 0.00922366 : 0,24,23,7,43,24,23,24,43,7,43,24,23,0, 23,1052,25406,96803,149048,197693,273935,324006,377030,467102,520535,558967,592805,
route with flow 0.00922366 : 0,46,23,24,43,7,24,23,7,43,24,23,6,0, 45,170,13373,42045,85118,171454,221943,298169,389917,444802,492791,558073,592796,
route with flow 0.00931683 : 0,12,37,44,42,40,19,40,41,40,41,4,0, 11,33470,601230,606891,202026,237411,280547,315080,442343,479502,575931,593186,
route with flow 0.0288149 : 0,5,49,9,50,34,21,34,50,16,38,0, 4,13202,596739,605444,616101,292072,334133,456940,507185,564353,592941,
route with flow 0.0288149 : 0,11,16,50,21,34,21,34,21,29,16,11,0, 10,9606,596220,596235,131009,253223,295333,418123,460149,489268,551554,592658,
route with flow 0.0288149 : 0,38,9,30,34,50,21,34,50,16,11,0, 37,4464,595189,595226,595271,616413,309883,432701,483425,548073,592584,
route with flow 0.0288149 : 0,46,11,16,29,21,34,21,34,50,16,11,0, 45,158,595385,596451,99644,135764,258073,300183,423001,473921,540599,592429,
route with flow 0.009702 : 0,5,49,10,39,33,45,15,44,37,12,0, 4,13202,596742,596779,596820,596865,596896,608215,443892,488457,591320,
route with flow 0.009702 : 0,12,37,15,44,42,40,19,42,44,37,12,0, 11,33470,601241,601260,186847,250526,285911,329049,391227,467763,512142,591809,
route with flow 0.009702 : 0,17,44,15,45,33,39,33,45,15,37,12,0, 16,92,9802,35428,72711,176029,245524,355388,406284,454707,497961,591516,
route with flow 0.009702 : 0,37,44,15,45,33,39,33,45,15,45,44,37,0, 36,827,614399,56590,98831,205129,274624,384488,435384,483260,529522,576353,593195,
route with flow 0.0198 : 0,14,25,18,25,14,6,0, 13,13227,113816,310844,446974,543474,592503,
route with flow 0.0198 : 0,47,18,25,14,18,0, 46,22198,603706,603713,433252,590270,
route with flow 0.01 : 0,1,22,35,36,3,36,35,3,36,35,20,22,1,0, 0,315,4978,43937,69379,138386,169769,249568,327248,358919,438735,560288,577852,593211,
route with flow 0.01 : 0,11,29,20,35,36,3,36,35,3,28,22,1,0, 10,9619,24393,132223,215504,247386,322398,354069,433868,510388,564449,578662,593231,
route with flow 0.01 : 0,22,3,36,35,3,36,35,3,36,35,3,22,1,0, 21,493,20168,39506,105940,181748,213419,293218,370898,402569,481843,551309,573788,593111,
total flow: 5
loc: 0 flow: 10
loc: 1 flow: 1.01814
loc: 2 flow: 0.99593
loc: 3 flow: 0.957567
loc: 4 flow: 0.864617
loc: 5 flow: 0.979778
loc: 6 flow: 0.965869
loc: 7 flow: 0.953852
loc: 8 flow: 1.18682
loc: 9 flow: 0.918775
loc: 10 flow: 0.933049
loc: 11 flow: 1.08812
loc: 12 flow: 1.05437
loc: 13 flow: 0.962421
loc: 14 flow: 1.04342
loc: 15 flow: 0.943981
loc: 16 flow: 1.02552
loc: 17 flow: 0.878775
loc: 18 flow: 1.20358
loc: 19 flow: 0.91174
loc: 20 flow: 0.939452
loc: 21 flow: 1.10622
loc: 22 flow: 0.997139
loc: 23 flow: 1.01303
loc: 24 flow: 1.07739
loc: 25 flow: 1.05391
loc: 26 flow: 1.0919
loc: 27 flow: 1.07102
loc: 28 flow: 1.00542
loc: 29 flow: 0.919803
loc: 30 flow: 0.961403
loc: 31 flow: 1.05996
loc: 32 flow: 1.0218
loc: 33 flow: 0.942219
loc: 34 flow: 1.14161
loc: 35 flow: 0.975468
loc: 36 flow: 1.11353
loc: 37 flow: 0.98297
loc: 38 flow: 0.953134
loc: 39 flow: 0.920338
loc: 40 flow: 0.902361
loc: 41 flow: 0.897062
loc: 42 flow: 0.936512
loc: 43 flow: 0.968301
loc: 44 flow: 0.984287
loc: 45 flow: 0.99081
loc: 46 flow: 0.91897
loc: 47 flow: 1.03276
loc: 48 flow: 0.987819
loc: 49 flow: 0.981997
loc: 50 flow: 1.069
start separation phase again
STATS - lpIterations[5] lagIterations[168] sspIterations[840] numSeparations[160] numCuts[7] compileTime[9] sspSolveTime[266] lpSolveTime[0] lb[490.52] ub[521] numArcs: [613388] numFixed: [408133] time: [1741]
STATS1 - lpIterations[5] lagIterations[168] sspIterations[840] numSeparations[160] numCuts[7] compileTime[9] sspSolveTime[266] lpSolveTime[0] repairTime[122] cutsTime[71] lb[490.52] ub[521] numArcs: [613388] numFixed: [408133] time: [1741]
fixing. lower bound used: 489.897
fixed path dual: -48.1029
best alpha: 0.01
0:0
1:-0.00795532
2:0.0140295
3:0.052009
4:0.104029
5:0.0300202
6:0.04379
7:0.055687
8:-0.174952
9:0.0904128
10:0.0762812
11:-0.0772361
12:-0.0438274
13:0.017203
14:-0.0329819
15:0.0454593
16:-0.0152681
17:0.0700129
18:-0.191548
19:-0.00262274
20:0.0699422
21:-0.0951568
22:0.0128325
23:-0.00290452
24:-0.0666166
25:-0.0433701
26:-0.0809836
27:-0.0603061
28:0.00463231
29:0.0893955
30:0.0482111
31:-0.0493601
32:-0.0115825
33:0.0672027
34:-0.130197
35:0.0342868
36:-0.102395
37:-0.01314
38:0.0563969
39:0.0888656
40:-0.0933378
41:0.0819082
42:-0.0671469
43:0.0413825
44:-0.034444
45:0.019098
46:0.08022
47:-0.0324343
48:0.0220588
49:0.0278225
50:-0.0583106
51:0.144889
52:0.0757553
53:-0.419414
54:-1.09946
55:-0.397214
56:-0.595362
57:-0.0910223
alpha: 14.7695
lagLB: 444.298
stepSizeMultiplier: 0.161069
targetLowerBound: 515.046
||gamma||^2: 0.26747
lambda: 0,6.55508,21.5998,12.2008,12.1891,14.1046,11.4011,16.1022,11.7178,10.8747,10.756,11.179,14.4988,22.6252,14.6463,10.7637,12.7634,7.13461,20.2538,15.4161,20.0722,11.8148,8.64197,13.2169,15.8328,19.4156,8.60824,7.21446,15.2357,10.0663,16.2694,10.3347,7.94872,19.2448,16.9936,17.8346,17.6059,8.27087,12.4222,20.2915,22.7357,17.0237,17.6557,17.4829,12.7265,15.7218,2.23358,10.7459,11.9671,14.048,8.3539,
mu: 0,0,0,
srcDuals: 
lambda: 0,6.80602,21.5435,11.6137,10.316,13.8248,10.9289,15.4637,14.3026,9.75087,9.82967,12.3982,15.2511,22.1053,15.247,9.98858,13.1166,5.45736,23.0705,14.195,19.2344,13.2844,8.60238,13.3973,16.9036,20.1615,9.87979,8.19703,15.3107,8.95669,15.7354,11.1643,8.25035,18.4454,18.9529,17.4952,19.1767,8.03524,11.7738,19.1893,21.3847,15.5995,16.7773,17.0443,12.509,15.5947,1.11245,11.1992,11.7985,13.7989,9.30858,
mu: 0,0,0,
srcDuals: 
fixing. lower bound used: 451.257
percent fixed: 65.7303
updating best lambda arc fixing
fixing. lower bound used: 451.257
fixed path dual: -17.1163
best alpha: 0.01
0:0
1:-0.00787577
2:-0.0761108
3:0.0614889
4:0.112988
5:0.03972
6:0.0533521
7:0.0651301
8:-0.163203
9:0.0995087
10:0.0855184
11:-0.0864638
12:-0.0333891
13:0.027031
14:-0.0226521
15:0.0550047
16:-0.00511542
17:0.0793128
18:-0.179633
19:0.00740349
20:-0.0207572
21:-0.0842052
22:0.0227042
23:0.00712452
24:-0.0559504
25:-0.0329364
26:-0.0701738
27:-0.0497031
28:0.014586
29:0.0885015
30:0.057729
31:-0.0388665
32:-0.0314667
33:0.0765307
34:-0.118895
35:-0.00605609
36:-0.141371
37:-0.00300856
38:0.0658329
39:0.097977
40:-0.0824045
41:0.0910891
42:-0.0564755
43:0.0509686
44:-0.0240995
45:0.028907
46:0.0794178
47:-0.02211
48:0.0318382
49:0.0375443
50:-0.0477275
51:0.0234397
52:-0.0550022
53:-0.305219
54:-1.08846
55:-0.373242
56:-0.849408
57:0.00988795
alpha: 15.9103
lagLB: 453.592
stepSizeMultiplier: 0.161069
targetLowerBound: 515.046
||gamma||^2: 0.24829
lambda: 0,6.68853,21.7507,12.3818,11.8524,14.2682,11.5756,16.2861,11.7187,11.0862,10.9563,11.2575,14.6038,22.3594,14.7598,10.66,12.8911,6.49141,20.2415,14.1562,20.2674,11.879,8.79191,13.3544,15.9197,19.5209,8.68371,7.30635,15.3791,10.277,16.4475,10.4353,8.07928,19.4379,17.03,18.0016,17.6644,7.84117,12.6067,20.5018,20.0062,16.8093,15.7856,17.6555,12.0003,15.8767,2.29726,10.7201,12.1243,14.2099,8.44737,
mu: 2.13992,1.11886,0,
srcDuals: 
lambda: 0,6.80602,21.5435,11.6137,10.316,13.8248,10.9289,15.4637,14.3026,9.75087,9.82967,12.3982,15.2511,22.1053,15.247,9.98858,13.1166,5.45736,23.0705,14.195,19.2344,13.2844,8.60238,13.3973,16.9036,20.1615,9.87979,8.19703,15.3107,8.95669,15.7354,11.1643,8.25035,18.4454,18.9529,17.4952,19.1767,8.03524,11.7738,19.1893,21.3847,15.5995,16.7773,17.0443,12.509,15.5947,1.11245,11.1992,11.7985,13.7989,9.30858,
mu: 0,0,0,
srcDuals: 
fixing. lower bound used: 298.658
percent fixed: 3.2395
fixing. lower bound used: 451.257
fixed path dual: -42.8085
best alpha: 0.01
0:0
1:0.00220299
2:-0.0653496
3:0.070874
4:0.111859
5:0.0193228
6:0.0628186
7:0.0744788
8:-0.151571
9:0.0985136
10:0.0146632
11:-0.0755991
12:-0.0230552
13:0.0367606
14:-0.0124256
15:0.0144546
16:0.00493574
17:0.0485196
18:-0.167836
19:0.0173295
20:-0.0105497
21:-0.0733632
22:0.0324771
23:0.0170533
24:-0.0453909
25:-0.022607
26:-0.059472
27:-0.039206
28:0.0244401
29:0.0976165
30:0.0471517
31:-0.0284778
32:-0.021152
33:0.00576536
34:-0.107706
35:0.00400447
36:-0.129957
37:-0.0229785
38:0.0351746
39:0.0269972
40:-0.0715804
41:0.100178
42:-0.0459107
43:0.0604589
44:-0.0238585
45:-0.0413821
46:0.0786236
47:-0.0118889
48:0.0415198
49:-0.00283118
50:-0.0372502
51:0.143205
52:0.0955478
53:-0.0721672
54:-1.27758
55:-0.48951
56:-0.760914
57:0.109789
alpha: 16.6793
lagLB: 453.859
stepSizeMultiplier: 0.161069
targetLowerBound: 515.046
||gamma||^2: 0.236843
lambda: 0,6.68071,20.3326,12.592,12.1137,14.4568,11.7777,16.4999,11.706,11.3341,11.1903,11.0226,14.7198,22.5353,14.8866,10.8637,13.0352,6.71925,20.2125,14.3127,18.9042,11.9447,8.96361,13.5106,16.0134,19.6375,8.7633,7.40624,15.5428,10.3648,16.6539,10.5459,7.7497,19.663,17.0613,17.3988,16.9275,7.98738,12.8212,20.7481,20.0737,17.0488,15.8788,17.8552,12.1256,16.0546,2.37602,10.8474,12.3051,14.3963,8.54922,
mu: 0.372933,0,0,
srcDuals: 
lambda: 0,6.80602,21.5435,11.6137,10.316,13.8248,10.9289,15.4637,14.3026,9.75087,9.82967,12.3982,15.2511,22.1053,15.247,9.98858,13.1166,5.45736,23.0705,14.195,19.2344,13.2844,8.60238,13.3973,16.9036,20.1615,9.87979,8.19703,15.3107,8.95669,15.7354,11.1643,8.25035,18.4454,18.9529,17.4952,19.1767,8.03524,11.7738,19.1893,21.3847,15.5995,16.7773,17.0443,12.509,15.5947,1.11245,11.1992,11.7985,13.7989,9.30858,
mu: 0,0,0,
srcDuals: 
STATS - lpIterations[5] lagIterations[171] sspIterations[855] numSeparations[170] numCuts[7] compileTime[9] sspSolveTime[271] lpSolveTime[0] lb[492.302] ub[521] numArcs: [614978] numFixed: [20180] time: [1781]
STATS1 - lpIterations[5] lagIterations[171] sspIterations[855] numSeparations[170] numCuts[7] compileTime[9] sspSolveTime[271] lpSolveTime[0] repairTime[131] cutsTime[71] lb[492.302] ub[521] numArcs: [614978] numFixed: [20180] time: [1781]
lambda: 0,5.28429,18.822,11.1956,10.0548,12.215,8.22078,14.3105,11.706,8.878,8.74968,9.82069,12.0747,20.3963,13.4174,9.50579,12.6233,5.5756,18.845,11.1103,17.2101,11.9447,7.56718,11.3212,13.8239,18.1897,8.7633,6.99006,14.1463,8.67065,14.1978,10.5459,6.35327,17.0081,14.8195,15.7047,15.2333,6.62945,9.59058,18.0932,18.0148,14.9097,14.7351,15.6658,10.982,13.3997,0.709941,7.42103,11.8889,10.2896,6.88314,
mu: 0.372933,0,0,
srcDuals: 
fixing. lower bound used: 492.302
percent fixed: 65.0698
fixing. lower bound used: 451.257
fixed path dual: -40.825
best alpha: 0.01
0:0
1:0.012181
2:-0.0546961
3:0.0801652
4:0.12074
5:0.0291296
6:0.0321904
7:-0.056266
8:-0.140055
9:0.107528
10:0.0245166
11:-0.0648431
12:-0.0128247
13:0.046393
14:-0.00230134
15:0.0243101
16:0.0148864
17:0.0580344
18:-0.156158
19:0.0271562
20:-0.00044416
21:-0.0626296
22:0.0421524
23:-0.0931173
24:-0.144937
25:-0.0123809
26:-0.0488773
27:-0.038814
28:0.0341957
29:0.10664
30:0.0566802
31:-0.018193
32:-0.0109405
33:0.0157077
34:-0.0966289
35:0.0139644
36:-0.118658
37:-0.0127487
38:0.0448228
39:0.0367272
40:-0.0608646
41:0.109176
42:-0.0354516
43:-0.0501456
44:-0.0136199
45:-0.0309682
46:0.0878373
47:-0.00176997
48:0.0411046
49:0.00719713
50:-0.0268777
51:0.191773
52:0.174592
53:-0.281446
54:-1.1648
55:-0.364615
56:-0.673305
57:-1.07131
alpha: 2.7813
lagLB: 322.456
stepSizeMultiplier: 0.161069
targetLowerBound: 516.917
||gamma||^2: 1.4255
lambda: 0,6.84277,20.4535,12.7958,12.1817,14.1471,11.9767,16.7059,11.7745,11.394,10.0742,11.1373,14.8665,22.7184,15.0397,10.2297,13.1989,6.26663,20.2711,14.484,19.0585,12.0607,9.14408,13.6817,16.1465,19.7844,8.88784,7.5431,15.7183,10.5849,16.5219,10.6893,7.89755,18.5415,17.1565,17.562,17.0091,7.65198,12.3605,19.6396,20.1908,17.2704,16.0116,18.0527,12.1111,14.9044,2.42384,11.0009,12.4911,13.7517,8.68727,
mu: 2.38857,1.59367,0,
srcDuals: 
lambda: 0,5.28429,18.822,11.1956,10.0548,12.215,8.22078,14.3105,11.706,8.878,8.74968,9.82069,12.0747,20.3963,13.4174,9.50579,12.6233,5.5756,18.845,11.1103,17.2101,11.9447,7.56718,11.3212,13.8239,18.1897,8.7633,6.99006,14.1463,8.67065,14.1978,10.5459,6.35327,17.0081,14.8195,15.7047,15.2333,6.62945,9.59058,18.0932,18.0148,14.9097,14.7351,15.6658,10.982,13.3997,0.709941,7.42103,11.8889,10.2896,6.88314,
mu: 0.372933,0,0,
srcDuals: 
fixing. lower bound used: 451.257
fixed path dual: -10.9427
best alpha: 0.03
0:0
1:0.0418155
2:-0.113055
3:0.10776
4:0.117118
5:0.0582557
6:0.0312247
7:-0.024578
8:-0.105853
9:0.134303
10:0.0537811
11:-0.0928978
12:-0.04244
13:-0.0449988
14:-0.0622323
15:0.0535808
16:-0.0155602
17:0.0862934
18:-0.271473
19:0.0563415
20:0.0295692
21:-0.0307507
22:0.0708878
23:-0.0603237
24:-0.110589
25:-0.0720095
26:-0.017411
27:-0.00764955
28:0.0631699
29:0.133441
30:0.0849798
31:0.0123528
32:0.0193877
33:0.0452365
34:-0.0637301
35:0.0435455
36:-0.0850979
37:0.0176338
38:0.0734781
39:0.0656254
40:-0.0290387
41:0.0759011
42:-0.00438806
43:-0.0186413
44:0.0167887
45:-3.91963e-05
46:0.115202
47:-0.0317169
48:0.0698715
49:0.0369812
50:0.00392863
51:-0.41398
52:-0.310645
53:-0.723002
54:-0.649859
55:-0.0536762
56:-0.653106
57:-0.73917
alpha: 3.92803
lagLB: 478.568
stepSizeMultiplier: 0.161069
targetLowerBound: 516.917
||gamma||^2: 1.00934
lambda: 0,5.31816,18.6698,11.4185,10.3906,12.296,8.31031,14.154,11.3165,9.17707,8.81786,9.64034,12.039,20.5253,13.411,9.57341,12.6647,5.73701,18.4107,11.1858,17.2088,11.7705,7.68442,11.0622,13.4208,18.1553,8.62736,6.8821,14.2414,8.96725,14.3555,10.4953,6.32284,17.0518,14.5507,15.7436,14.9033,6.59399,9.71524,18.1954,17.8455,15.2133,14.6365,15.5263,10.9441,13.3136,0.954242,7.41611,12.0032,10.3096,6.80839,
mu: 0.906312,0.485593,0,
srcDuals: 
lambda: 0,5.28429,18.822,11.1956,10.0548,12.215,8.22078,14.3105,11.706,8.878,8.74968,9.82069,12.0747,20.3963,13.4174,9.50579,12.6233,5.5756,18.845,11.1103,17.2101,11.9447,7.56718,11.3212,13.8239,18.1897,8.7633,6.99006,14.1463,8.67065,14.1978,10.5459,6.35327,17.0081,14.8195,15.7047,15.2333,6.62945,9.59058,18.0932,18.0148,14.9097,14.7351,15.6658,10.982,13.3997,0.709941,7.42103,11.8889,10.2896,6.88314,
mu: 0.372933,0,0,
srcDuals: 
fixing. lower bound used: 329.157
percent fixed: 3.25332
fixing. lower bound used: 451.257
fixed path dual: -22.1761
best alpha: 0.01
0:0
1:0.0513974
2:-0.101925
3:0.116683
4:0.125947
5:0.0476731
6:0.0409124
7:-0.0143322
8:-0.0947949
9:0.13296
10:0.0332433
11:-0.0919689
12:-0.0720156
13:-0.0345488
14:-0.05161
15:-0.00695501
16:-0.00540461
17:0.0454305
18:-0.258758
19:0.0657781
20:0.0392735
21:-0.0204432
22:0.0801789
23:-0.0497205
24:-0.099483
25:-0.0612894
26:-0.00723687
27:0.00242695
28:0.0725382
29:0.142107
30:0.08413
31:0.0222292
32:0.0291939
33:-0.0152159
34:-0.0530928
35:0.05311
36:-0.0742469
37:-0.0325426
38:0.0727434
39:0.0149691
40:-0.0187483
41:0.0851421
42:0.00565582
43:-0.00845486
44:-0.0133792
45:-0.0600388
46:0.11405
47:-0.0213997
48:0.0791728
49:0.0266114
50:0.0138893
51:-0.32984
52:-0.197539
53:-0.615772
54:-0.98336
55:-0.253139
56:-0.566575
57:-0.631778
alpha: 5.07112
lagLB: 485.254
stepSizeMultiplier: 0.161069
targetLowerBound: 516.917
||gamma||^2: 0.781827
lambda: 0,5.44854,18.3779,11.6189,10.5149,12.4438,8.34343,14.2139,11.2902,9.40555,8.96093,9.45578,11.908,20.2195,13.173,9.71626,12.5622,5.91457,17.7787,11.3316,17.3262,11.8239,7.84563,11.0842,13.3895,17.9069,8.69491,6.96001,14.3945,9.19481,14.5316,10.5945,6.42943,17.1858,14.5692,15.8758,14.8991,6.69872,9.8792,18.351,17.9007,15.2078,14.7179,15.5925,11.0479,13.3995,1.16246,7.29645,12.1634,10.4348,6.89858,
mu: 0,0,0,
srcDuals: 
lambda: 0,5.28429,18.822,11.1956,10.0548,12.215,8.22078,14.3105,11.706,8.878,8.74968,9.82069,12.0747,20.3963,13.4174,9.50579,12.6233,5.5756,18.845,11.1103,17.2101,11.9447,7.56718,11.3212,13.8239,18.1897,8.7633,6.99006,14.1463,8.67065,14.1978,10.5459,6.35327,17.0081,14.8195,15.7047,15.2333,6.62945,9.59058,18.0932,18.0148,14.9097,14.7351,15.6658,10.982,13.3997,0.709941,7.42103,11.8889,10.2896,6.88314,
mu: 0.372933,0,0,
srcDuals: 
STATS - lpIterations[5] lagIterations[174] sspIterations[870] numSeparations[184] numCuts[7] compileTime[9] sspSolveTime[277] lpSolveTime[0] lb[494.903] ub[521] numArcs: [616482] numFixed: [20290] time: [1830]
STATS1 - lpIterations[5] lagIterations[174] sspIterations[870] numSeparations[184] numCuts[7] compileTime[9] sspSolveTime[277] lpSolveTime[0] repairTime[139] cutsTime[71] lb[494.903] ub[521] numArcs: [616482] numFixed: [20290] time: [1830]
lambda: 0,4.40427,17.596,10.5294,9.68481,10.8862,7.47656,13.6736,11.2902,8.25163,7.72885,8.56891,10.7811,18.9927,11.8705,8.48418,11.141,4.6894,17.4133,10.1048,16.2217,10.4292,6.80136,10.5439,12.8492,17.1447,8.64971,5.54776,13.305,7.80011,13.3777,10.5493,5.66252,15.9537,13.4152,14.7713,13.967,5.46664,8.72528,17.1189,17.0707,13.981,14.3212,15.0522,9.81584,12.1675,0.758808,6.10098,11.5778,10.0312,6.87208,
mu: 0,0,0,
srcDuals: 
fixing. lower bound used: 494.903
percent fixed: 70.4742
updating best lambda arc fixing
fixing. lower bound used: 494.903
fixed path dual: -21.8971
