flexible number of vehicles
capacity: 55
instance upper bound: 34231
route length upper bound: 298
compiling DD
time step mult: 1
time step: 10
cap step: 1
done compiling DD
batch size for lag: 1
deactivate cut value threshold: 0.01
deactivate cut iter threshold: 25
lag optimality gap to start repairing: 10
percent arcs fixed to change to CPLEX: 97.5
number arcs fixed to change to CPLEX: 100000
var fixing: 1
muSSP: 1
repairDuals: 1
robustCuts: 1
nonRobustCuts: 1
volume algo: 1
phases: 1
STATS - lpIterations[0] lagIterations[0] sspIterations[0] numSeparations[0] numCuts[0] compileTime[215] sspSolveTime[0] lpSolveTime[0] lb[0] ub[34231] numArcs: [7365713] numFixed: [0] time: [215]
STATS1 - lpIterations[0] lagIterations[0] sspIterations[0] numSeparations[0] numCuts[0] compileTime[215] sspSolveTime[0] lpSolveTime[0] repairTime[0] cutsTime[0] lb[0] ub[34231] numArcs: [7365713] numFixed: [0] time: [215]
STATS - lpIterations[1] lagIterations[0] sspIterations[0] numSeparations[0] numCuts[0] compileTime[215] sspSolveTime[0] lpSolveTime[0] lb[0] ub[34231] numArcs: [7365713] numFixed: [0] time: [215]
STATS1 - lpIterations[1] lagIterations[0] sspIterations[0] numSeparations[0] numCuts[0] compileTime[215] sspSolveTime[0] lpSolveTime[0] repairTime[0] cutsTime[0] lb[0] ub[34231] numArcs: [7365713] numFixed: [0] time: [215]
STATS - lpIterations[1] lagIterations[1] sspIterations[1] numSeparations[0] numCuts[0] compileTime[215] sspSolveTime[2] lpSolveTime[0] lb[26468.7] ub[34231] numArcs: [7365713] numFixed: [0] time: [217]
STATS1 - lpIterations[1] lagIterations[1] sspIterations[1] numSeparations[0] numCuts[0] compileTime[215] sspSolveTime[2] lpSolveTime[0] repairTime[0] cutsTime[0] lb[26468.7] ub[34231] numArcs: [7365713] numFixed: [0] time: [217]
lambda: 0,32.1455,122.073,3.70909,113.745,139.745,76.1818,168.255,42.8364,74.4727,113.527,39.4909,155.782,7.27273,225.455,137.818,129.455,127.818,59.0545,193.455,29.6727,85.0182,7.41818,17.6364,68.0727,50.7273,25.4182,8.36364,203.273,8.4,42.3273,228.364,158.545,177.927,88.6909,156,14.7636,18.3273,220.255,90,129.273,178.036,51.7091,152.727,74.0364,31.0545,177.745,18.9818,236.364,118.909,239.891,124.909,115.273,85.0182,316.364,20.1818,50.0364,12.9818,45.6727,25.0182,133.455,67.4545,168.727,141.709,69.2364,22,54.3636,110.291,172.8,28.8,47.8545,41.2727,39.2727,272.291,14.9455,110.618,213.818,250.909,86.0364,34.5455,41.4545,106.473,123.709,20.8,94.4727,13.6,31.4182,160,266.545,42.5455,135.818,30.8727,145.455,175.273,75.7091,72.3636,72,219.418,107.164,69.0909,27.0182,30.5455,58.0364,38,122.545,63.5636,22.7636,182.291,14.8,110.4,94.6909,54.4727,105.091,10.5818,57.4909,56.8727,24.1455,49.5273,155.564,34.0364,90.6545,174.364,103.091,41.7455,134.109,100.364,16.5455,112.727,26.7273,164.655,45.5636,33.6,78.1091,191.418,103.855,146.618,113.236,139.091,148.073,26.6545,7.38182,26.7636,33.2727,82.3273,67.2,16.6545,213.091,106.691,21.2727,25.1273,120.4,42.5455,54.2545,230.982,17.7455,162.655,111.855,48.2182,43.8545,7.52727,50.4,89.2364,65.6727,19.3455,174.545,72.2909,27.0545,100.545,95.2364,135.709,16.3273,97.0909,52.9091,66.3273,122.4,30.4,188.836,177.091,64.8,63.7091,140,38.9091,79.6364,174.764,22.1455,118.364,72,41.9636,118.8,70.8364,49.0909,17.0182,50.7273,62.8364,210.036,193.964,93.8182,83.1273,118.182,147.382,129.745,146.618,10.0364,117.818,26.6182,37.0909,71.6364,203.564,10.6182,23.0182,29.0182,88.7273,120.727,170.182,140.364,164.655,166.473,76.8727,67.2,109.964,108.509,82.0364,39.9273,74.7273,11.1273,186.109,21.4909,18.3273,66.8727,68.6545,18.4727,84,70.9091,71.7818,11.3818,58.9091,35.0182,117.491,116.945,167.273,16.8,30.2909,20.1455,190.145,143.055,112.291,96.3636,123.709,8.50909,19.7091,145.309,21.8909,85.3091,4,21.2727,101.127,93.3818,44.8,16.7273,12,52.7273,184.582,122.727,60,281.818,132.618,28,143.636,76.2545,68.5091,164.727,150.873,86.9455,114.182,11.6364,134.909,15.9273,55.8545,92.3636,49.7455,235.273,9.09091,40,128.545,75.6364,106.364,83.3455,64.4364,138.764,26.2182,48.6545,15.3818,60.8727,47.1273,43.8545,17.3455,201.818,72.7273,
mu: 
srcDuals: 
best alpha: 1
0:0
1:1
2:1
3:1
4:1
5:1
6:1
7:1
8:1
9:1
10:1
11:1
12:1
13:1
14:1
15:1
16:1
17:1
18:1
19:1
20:1
21:1
22:1
23:1
24:1
25:1
26:1
27:1
28:1
29:1
30:1
31:1
32:1
33:1
34:1
35:1
36:1
37:1
38:1
39:1
40:1
41:1
42:1
43:1
44:1
45:1
46:1
47:1
48:1
49:1
50:1
51:1
52:1
53:1
54:1
55:1
56:1
57:1
58:1
59:1
60:1
61:1
62:1
63:1
64:1
65:1
66:1
67:1
68:1
69:1
70:1
71:1
72:1
73:1
74:1
75:1
76:1
77:1
78:1
79:1
80:1
81:1
82:1
83:1
84:1
85:1
86:1
87:1
88:1
89:1
90:1
91:1
92:1
93:1
94:1
95:1
96:1
97:1
98:0
99:1
100:1
101:1
102:1
103:1
104:1
105:1
106:1
107:1
108:1
109:1
110:1
111:1
112:1
113:1
114:1
115:1
116:1
117:1
118:1
119:1
120:1
121:1
122:1
123:1
124:1
125:1
126:1
127:1
128:1
129:1
130:1
131:1
132:1
133:1
134:1
135:1
136:1
137:1
138:1
139:1
140:1
141:1
142:1
143:1
144:1
145:1
146:1
147:1
148:1
149:1
150:1
151:1
152:1
153:1
154:1
155:1
156:1
157:1
158:1
159:1
160:1
161:1
162:1
163:1
164:1
165:1
166:1
167:1
168:1
169:1
170:1
171:1
172:1
173:1
174:1
175:1
176:1
177:1
178:1
179:1
180:1
181:1
182:1
183:1
184:1
185:1
186:1
187:1
188:1
189:1
190:1
191:1
192:1
193:1
194:1
195:1
196:1
197:1
198:1
199:1
200:1
201:1
202:1
203:1
204:1
205:1
206:1
207:1
208:1
209:1
210:1
211:1
212:1
213:1
214:1
215:1
216:1
217:1
218:1
219:1
220:1
221:1
222:1
223:1
224:1
225:1
226:1
227:1
228:1
229:1
230:1
231:1
232:1
233:1
234:1
235:1
236:0
237:1
238:1
239:1
240:1
241:1
242:1
243:1
244:1
245:-1
246:1
247:1
248:1
249:1
250:1
251:1
252:1
253:1
254:1
255:1
256:1
257:1
258:1
259:1
260:1
261:1
262:1
263:1
264:1
265:1
266:1
267:-1
268:1
269:1
270:1
271:1
272:1
273:1
274:1
275:1
276:1
277:1
278:1
279:1
280:1
281:1
282:1
283:1
284:1
285:1
286:1
287:1
288:0
289:1
290:1
291:1
292:1
293:1
294:1
295:1
296:1
297:1
alpha: 4.50147
lagLB: 26468.7
stepSizeMultiplier: 1
targetLowerBound: 27792.1
||gamma||^2: 294
lambda: 0,32.1455,122.073,3.70909,113.745,139.745,76.1818,168.255,42.8364,74.4727,113.527,39.4909,155.782,7.27273,225.455,137.818,129.455,127.818,59.0545,193.455,29.6727,85.0182,7.41818,17.6364,68.0727,50.7273,25.4182,8.36364,203.273,8.4,42.3273,228.364,158.545,177.927,88.6909,156,14.7636,18.3273,220.255,90,129.273,178.036,51.7091,152.727,74.0364,31.0545,177.745,18.9818,236.364,118.909,239.891,124.909,115.273,85.0182,316.364,20.1818,50.0364,12.9818,45.6727,25.0182,133.455,67.4545,168.727,141.709,69.2364,22,54.3636,110.291,172.8,28.8,47.8545,41.2727,39.2727,272.291,14.9455,110.618,213.818,250.909,86.0364,34.5455,41.4545,106.473,123.709,20.8,94.4727,13.6,31.4182,160,266.545,42.5455,135.818,30.8727,145.455,175.273,75.7091,72.3636,72,219.418,107.164,69.0909,27.0182,30.5455,58.0364,38,122.545,63.5636,22.7636,182.291,14.8,110.4,94.6909,54.4727,105.091,10.5818,57.4909,56.8727,24.1455,49.5273,155.564,34.0364,90.6545,174.364,103.091,41.7455,134.109,100.364,16.5455,112.727,26.7273,164.655,45.5636,33.6,78.1091,191.418,103.855,146.618,113.236,139.091,148.073,26.6545,7.38182,26.7636,33.2727,82.3273,67.2,16.6545,213.091,106.691,21.2727,25.1273,120.4,42.5455,54.2545,230.982,17.7455,162.655,111.855,48.2182,43.8545,7.52727,50.4,89.2364,65.6727,19.3455,174.545,72.2909,27.0545,100.545,95.2364,135.709,16.3273,97.0909,52.9091,66.3273,122.4,30.4,188.836,177.091,64.8,63.7091,140,38.9091,79.6364,174.764,22.1455,118.364,72,41.9636,118.8,70.8364,49.0909,17.0182,50.7273,62.8364,210.036,193.964,93.8182,83.1273,118.182,147.382,129.745,146.618,10.0364,117.818,26.6182,37.0909,71.6364,203.564,10.6182,23.0182,29.0182,88.7273,120.727,170.182,140.364,164.655,166.473,76.8727,67.2,109.964,108.509,82.0364,39.9273,74.7273,11.1273,186.109,21.4909,18.3273,66.8727,68.6545,18.4727,84,70.9091,71.7818,11.3818,58.9091,35.0182,117.491,116.945,167.273,16.8,30.2909,20.1455,190.145,143.055,112.291,96.3636,123.709,8.50909,19.7091,145.309,21.8909,85.3091,4,21.2727,101.127,93.3818,44.8,16.7273,12,52.7273,184.582,122.727,60,281.818,132.618,28,143.636,76.2545,68.5091,164.727,150.873,86.9455,114.182,11.6364,134.909,15.9273,55.8545,92.3636,49.7455,235.273,9.09091,40,128.545,75.6364,106.364,83.3455,64.4364,138.764,26.2182,48.6545,15.3818,60.8727,47.1273,43.8545,17.3455,201.818,72.7273,
mu: 
srcDuals: 
lambda: 0,32.1455,122.073,3.70909,113.745,139.745,76.1818,168.255,42.8364,74.4727,113.527,39.4909,155.782,7.27273,225.455,137.818,129.455,127.818,59.0545,193.455,29.6727,85.0182,7.41818,17.6364,68.0727,50.7273,25.4182,8.36364,203.273,8.4,42.3273,228.364,158.545,177.927,88.6909,156,14.7636,18.3273,220.255,90,129.273,178.036,51.7091,152.727,74.0364,31.0545,177.745,18.9818,236.364,118.909,239.891,124.909,115.273,85.0182,316.364,20.1818,50.0364,12.9818,45.6727,25.0182,133.455,67.4545,168.727,141.709,69.2364,22,54.3636,110.291,172.8,28.8,47.8545,41.2727,39.2727,272.291,14.9455,110.618,213.818,250.909,86.0364,34.5455,41.4545,106.473,123.709,20.8,94.4727,13.6,31.4182,160,266.545,42.5455,135.818,30.8727,145.455,175.273,75.7091,72.3636,72,219.418,107.164,69.0909,27.0182,30.5455,58.0364,38,122.545,63.5636,22.7636,182.291,14.8,110.4,94.6909,54.4727,105.091,10.5818,57.4909,56.8727,24.1455,49.5273,155.564,34.0364,90.6545,174.364,103.091,41.7455,134.109,100.364,16.5455,112.727,26.7273,164.655,45.5636,33.6,78.1091,191.418,103.855,146.618,113.236,139.091,148.073,26.6545,7.38182,26.7636,33.2727,82.3273,67.2,16.6545,213.091,106.691,21.2727,25.1273,120.4,42.5455,54.2545,230.982,17.7455,162.655,111.855,48.2182,43.8545,7.52727,50.4,89.2364,65.6727,19.3455,174.545,72.2909,27.0545,100.545,95.2364,135.709,16.3273,97.0909,52.9091,66.3273,122.4,30.4,188.836,177.091,64.8,63.7091,140,38.9091,79.6364,174.764,22.1455,118.364,72,41.9636,118.8,70.8364,49.0909,17.0182,50.7273,62.8364,210.036,193.964,93.8182,83.1273,118.182,147.382,129.745,146.618,10.0364,117.818,26.6182,37.0909,71.6364,203.564,10.6182,23.0182,29.0182,88.7273,120.727,170.182,140.364,164.655,166.473,76.8727,67.2,109.964,108.509,82.0364,39.9273,74.7273,11.1273,186.109,21.4909,18.3273,66.8727,68.6545,18.4727,84,70.9091,71.7818,11.3818,58.9091,35.0182,117.491,116.945,167.273,16.8,30.2909,20.1455,190.145,143.055,112.291,96.3636,123.709,8.50909,19.7091,145.309,21.8909,85.3091,4,21.2727,101.127,93.3818,44.8,16.7273,12,52.7273,184.582,122.727,60,281.818,132.618,28,143.636,76.2545,68.5091,164.727,150.873,86.9455,114.182,11.6364,134.909,15.9273,55.8545,92.3636,49.7455,235.273,9.09091,40,128.545,75.6364,106.364,83.3455,64.4364,138.764,26.2182,48.6545,15.3818,60.8727,47.1273,43.8545,17.3455,201.818,72.7273,
mu: 
srcDuals: 
fixing. lower bound used: 26398.5
percent fixed: 0
STATS - lpIterations[1] lagIterations[2] sspIterations[2] numSeparations[0] numCuts[0] compileTime[215] sspSolveTime[4] lpSolveTime[0] lb[27739.9] ub[34231] numArcs: [7365713] numFixed: [0] time: [270]
STATS1 - lpIterations[1] lagIterations[2] sspIterations[2] numSeparations[0] numCuts[0] compileTime[215] sspSolveTime[4] lpSolveTime[0] repairTime[1] cutsTime[0] lb[27739.9] ub[34231] numArcs: [7365713] numFixed: [0] time: [270]
lambda: 0,36.6469,126.574,8.21057,118.247,144.247,80.6833,172.756,47.3378,78.9742,118.029,43.9924,160.283,11.7742,229.956,142.32,133.956,132.32,63.556,197.956,34.1742,89.5197,11.9197,22.1378,72.5742,55.2287,29.9197,12.8651,207.774,12.9015,46.8287,232.865,163.047,182.429,93.1924,160.501,19.2651,22.8287,224.756,94.5015,133.774,182.538,56.2106,157.229,78.5378,35.556,182.247,23.4833,240.865,123.411,244.392,129.411,119.774,89.5197,320.865,24.6833,54.5378,17.4833,50.1742,29.5197,137.956,71.956,173.229,146.211,73.7378,26.5015,58.8651,114.792,177.301,33.3015,52.356,45.7742,43.7742,276.792,19.4469,115.12,218.32,255.411,90.5378,39.0469,45.956,110.974,128.211,25.3015,98.9742,18.1015,35.9197,164.501,271.047,47.0469,140.32,35.3742,149.956,179.774,80.2106,76.8651,76.5015,223.92,107.164,73.5924,31.5197,35.0469,62.5378,42.5015,127.047,68.0651,27.2651,186.792,19.3015,114.901,99.1924,58.9742,109.592,15.0833,61.9924,61.3742,28.6469,54.0287,160.065,38.5378,95.156,178.865,107.592,46.2469,138.611,104.865,21.0469,117.229,31.2287,169.156,50.0651,38.1015,82.6106,195.92,108.356,151.12,117.738,143.592,152.574,31.156,11.8833,31.2651,37.7742,86.8287,71.7015,21.156,217.592,111.192,25.7742,29.6287,124.901,47.0469,58.756,235.483,22.2469,167.156,116.356,52.7197,48.356,12.0287,54.9015,93.7378,70.1742,23.8469,179.047,76.7924,31.556,105.047,99.7378,140.211,20.8287,101.592,57.4106,70.8287,126.901,34.9015,193.338,181.592,69.3015,68.2106,144.501,43.4106,84.1378,179.265,26.6469,122.865,76.5015,46.4651,123.301,75.3378,53.5924,21.5197,55.2287,67.3378,214.538,198.465,98.3197,87.6287,122.683,151.883,134.247,151.12,14.5378,122.32,31.1197,41.5924,76.1378,208.065,15.1197,27.5197,33.5197,93.2287,125.229,174.683,144.865,169.156,170.974,81.3742,71.7015,114.465,113.011,86.5378,44.4287,79.2287,15.6287,190.611,25.9924,22.8287,71.3742,73.156,22.9742,88.5015,75.4106,76.2833,15.8833,63.4106,35.0182,121.992,121.447,171.774,21.3015,34.7924,24.6469,194.647,147.556,107.789,100.865,128.211,13.0106,24.2106,149.811,26.3924,89.8106,8.50147,25.7742,105.629,97.8833,49.3015,21.2287,16.5015,57.2287,189.083,127.229,64.5015,286.32,137.12,32.5015,139.135,80.756,73.0106,169.229,155.374,91.4469,118.683,16.1378,139.411,20.4287,60.356,96.8651,54.2469,239.774,13.5924,44.5015,133.047,80.1378,110.865,87.8469,68.9378,138.764,30.7197,53.156,19.8833,65.3742,51.6287,48.356,21.8469,206.32,77.2287,
mu: 
srcDuals: 
best alpha: 0.1
0:0
1:1
2:1
3:1
4:1
5:1
6:1
7:1
8:1
9:1
10:1
11:1
12:1
13:1
14:1
15:1
16:1
17:1
18:1
19:1
20:1
21:1
22:1
23:1
24:1
25:1
26:1
27:1
28:1
29:1
30:1
31:1
32:1
33:1
34:1
35:1
36:1
37:1
38:1
39:1
40:1
41:1
42:1
43:1
44:1
45:1
46:1
47:1
48:1
49:1
50:1
51:1
52:1
53:1
54:1
55:1
56:1
57:1
58:1
59:1
60:1
61:1
62:1
63:1
64:1
65:1
66:1
67:1
68:1
69:1
70:1
71:1
72:1
73:1
74:1
75:1
76:1
77:1
78:1
79:1
80:1
81:1
82:1
83:1
84:1
85:1
86:1
87:1
88:1
89:1
90:1
91:1
92:1
93:1
94:1
95:1
96:1
97:1
98:0.1
99:1
100:1
101:1
102:1
103:1
104:1
105:1
106:1
107:1
108:1
109:1
110:1
111:1
112:0.7
113:1
114:1
115:1
116:1
117:1
118:1
119:1
120:1
121:1
122:1
123:1
124:1
125:1
126:1
127:1
128:1
129:1
130:1
131:1
132:1
133:1
134:1
135:1
136:1
137:1
138:1
139:1
140:1
141:1
142:1
143:1
144:1
145:1
146:1
147:1
148:1
149:1
150:1
151:1
152:1
153:1
154:1
155:1
156:1
157:1
158:1
159:1
160:1
161:1
162:1
163:1
164:1
165:1
166:1
167:1
168:1
169:1
170:1
171:1
172:1
173:1
174:1
175:1
176:1
177:1
178:1
179:1
180:1
181:1
182:1
183:1
184:1
185:1
186:1
187:1
188:1
189:1
190:1
191:1
192:1
193:1
194:1
195:1
196:1
197:1
198:1
199:1
200:1
201:0.8
202:1
203:1
204:1
205:1
206:1
207:1
208:1
209:1
210:1
211:1
212:1
213:1
214:1
215:1
216:1
217:1
218:1
219:1
220:1
221:1
222:1
223:1
224:1
225:1
226:1
227:1
228:1
229:1
230:1
231:1
232:1
233:1
234:1
235:1
236:0.1
237:1
238:1
239:0.9
240:1
241:1
242:1
243:1
244:1
245:-0.8
246:1
247:1
248:1
249:1
250:1
251:1
252:1
253:1
254:1
255:1
256:1
257:1
258:1
259:1
260:1
261:0.8
262:1
263:1
264:1
265:1
266:1
267:-0.8
268:1
269:1
270:1
271:1
272:1
273:1
274:1
275:1
276:1
277:1
278:1
279:1
280:1
281:1
282:1
283:1
284:1
285:1
286:1
287:1
288:0.1
289:1
290:1
291:1
292:1
293:1
294:1
295:1
296:1
297:1
alpha: 4.75178
lagLB: 27739.9
stepSizeMultiplier: 1
targetLowerBound: 29126.9
||gamma||^2: 291.89
lambda: 0,36.6469,126.574,8.21057,118.247,144.247,80.6833,172.756,47.3378,78.9742,118.029,43.9924,160.283,11.7742,229.956,142.32,133.956,132.32,63.556,197.956,34.1742,89.5197,11.9197,22.1378,72.5742,55.2287,29.9197,12.8651,207.774,12.9015,46.8287,232.865,163.047,182.429,93.1924,160.501,19.2651,22.8287,224.756,94.5015,133.774,182.538,56.2106,157.229,78.5378,35.556,182.247,23.4833,240.865,123.411,244.392,129.411,119.774,89.5197,320.865,24.6833,54.5378,17.4833,50.1742,29.5197,137.956,71.956,173.229,146.211,73.7378,26.5015,58.8651,114.792,177.301,33.3015,52.356,45.7742,43.7742,276.792,19.4469,115.12,218.32,255.411,90.5378,39.0469,45.956,110.974,128.211,25.3015,98.9742,18.1015,35.9197,164.501,271.047,47.0469,140.32,35.3742,149.956,179.774,80.2106,76.8651,76.5015,223.92,107.164,73.5924,31.5197,35.0469,62.5378,42.5015,127.047,68.0651,27.2651,186.792,19.3015,114.901,99.1924,58.9742,109.592,15.0833,61.9924,61.3742,28.6469,54.0287,160.065,38.5378,95.156,178.865,107.592,46.2469,138.611,104.865,21.0469,117.229,31.2287,169.156,50.0651,38.1015,82.6106,195.92,108.356,151.12,117.738,143.592,152.574,31.156,11.8833,31.2651,37.7742,86.8287,71.7015,21.156,217.592,111.192,25.7742,29.6287,124.901,47.0469,58.756,235.483,22.2469,167.156,116.356,52.7197,48.356,12.0287,54.9015,93.7378,70.1742,23.8469,179.047,76.7924,31.556,105.047,99.7378,140.211,20.8287,101.592,57.4106,70.8287,126.901,34.9015,193.338,181.592,69.3015,68.2106,144.501,43.4106,84.1378,179.265,26.6469,122.865,76.5015,46.4651,123.301,75.3378,53.5924,21.5197,55.2287,67.3378,214.538,198.465,98.3197,87.6287,122.683,151.883,134.247,151.12,14.5378,122.32,31.1197,41.5924,76.1378,208.065,15.1197,27.5197,33.5197,93.2287,125.229,174.683,144.865,169.156,170.974,81.3742,71.7015,114.465,113.011,86.5378,44.4287,79.2287,15.6287,190.611,25.9924,22.8287,71.3742,73.156,22.9742,88.5015,75.4106,76.2833,15.8833,63.4106,35.0182,121.992,121.447,171.774,21.3015,34.7924,24.6469,194.647,147.556,107.789,100.865,128.211,13.0106,24.2106,149.811,26.3924,89.8106,8.50147,25.7742,105.629,97.8833,49.3015,21.2287,16.5015,57.2287,189.083,127.229,64.5015,286.32,137.12,32.5015,139.135,80.756,73.0106,169.229,155.374,91.4469,118.683,16.1378,139.411,20.4287,60.356,96.8651,54.2469,239.774,13.5924,44.5015,133.047,80.1378,110.865,87.8469,68.9378,138.764,30.7197,53.156,19.8833,65.3742,51.6287,48.356,21.8469,206.32,77.2287,
mu: 
srcDuals: 
lambda: 0,36.6469,126.574,8.21057,118.247,144.247,80.6833,172.756,47.3378,78.9742,118.029,43.9924,160.283,11.7742,229.956,142.32,133.956,132.32,63.556,197.956,34.1742,89.5197,11.9197,22.1378,72.5742,55.2287,29.9197,12.8651,207.774,12.9015,46.8287,232.865,163.047,182.429,93.1924,160.501,19.2651,22.8287,224.756,94.5015,133.774,182.538,56.2106,157.229,78.5378,35.556,182.247,23.4833,240.865,123.411,244.392,129.411,119.774,89.5197,320.865,24.6833,54.5378,17.4833,50.1742,29.5197,137.956,71.956,173.229,146.211,73.7378,26.5015,58.8651,114.792,177.301,33.3015,52.356,45.7742,43.7742,276.792,19.4469,115.12,218.32,255.411,90.5378,39.0469,45.956,110.974,128.211,25.3015,98.9742,18.1015,35.9197,164.501,271.047,47.0469,140.32,35.3742,149.956,179.774,80.2106,76.8651,76.5015,223.92,107.164,73.5924,31.5197,35.0469,62.5378,42.5015,127.047,68.0651,27.2651,186.792,19.3015,114.901,99.1924,58.9742,109.592,15.0833,61.9924,61.3742,28.6469,54.0287,160.065,38.5378,95.156,178.865,107.592,46.2469,138.611,104.865,21.0469,117.229,31.2287,169.156,50.0651,38.1015,82.6106,195.92,108.356,151.12,117.738,143.592,152.574,31.156,11.8833,31.2651,37.7742,86.8287,71.7015,21.156,217.592,111.192,25.7742,29.6287,124.901,47.0469,58.756,235.483,22.2469,167.156,116.356,52.7197,48.356,12.0287,54.9015,93.7378,70.1742,23.8469,179.047,76.7924,31.556,105.047,99.7378,140.211,20.8287,101.592,57.4106,70.8287,126.901,34.9015,193.338,181.592,69.3015,68.2106,144.501,43.4106,84.1378,179.265,26.6469,122.865,76.5015,46.4651,123.301,75.3378,53.5924,21.5197,55.2287,67.3378,214.538,198.465,98.3197,87.6287,122.683,151.883,134.247,151.12,14.5378,122.32,31.1197,41.5924,76.1378,208.065,15.1197,27.5197,33.5197,93.2287,125.229,174.683,144.865,169.156,170.974,81.3742,71.7015,114.465,113.011,86.5378,44.4287,79.2287,15.6287,190.611,25.9924,22.8287,71.3742,73.156,22.9742,88.5015,75.4106,76.2833,15.8833,63.4106,35.0182,121.992,121.447,171.774,21.3015,34.7924,24.6469,194.647,147.556,107.789,100.865,128.211,13.0106,24.2106,149.811,26.3924,89.8106,8.50147,25.7742,105.629,97.8833,49.3015,21.2287,16.5015,57.2287,189.083,127.229,64.5015,286.32,137.12,32.5015,139.135,80.756,73.0106,169.229,155.374,91.4469,118.683,16.1378,139.411,20.4287,60.356,96.8651,54.2469,239.774,13.5924,44.5015,133.047,80.1378,110.865,87.8469,68.9378,138.764,30.7197,53.156,19.8833,65.3742,51.6287,48.356,21.8469,206.32,77.2287,
mu: 
srcDuals: 
fixing. lower bound used: 27703.9
percent fixed: 0
STATS - lpIterations[1] lagIterations[3] sspIterations[3] numSeparations[0] numCuts[0] compileTime[215] sspSolveTime[8] lpSolveTime[0] lb[29082.9] ub[34231] numArcs: [7365700] numFixed: [0] time: [323]
STATS1 - lpIterations[1] lagIterations[3] sspIterations[3] numSeparations[0] numCuts[0] compileTime[215] sspSolveTime[8] lpSolveTime[0] repairTime[2] cutsTime[0] lb[29082.9] ub[34231] numArcs: [7365700] numFixed: [0] time: [323]
lambda: 0,41.3987,131.326,12.9623,122.999,148.999,85.4351,177.508,52.0896,83.726,122.781,48.7442,165.035,16.526,234.708,147.071,138.708,137.071,68.3078,202.708,38.926,94.2714,16.6714,26.8896,77.326,59.9805,34.6714,17.6169,212.526,17.6533,51.5805,237.617,167.799,187.181,97.9442,165.253,24.0169,27.5805,229.508,99.2533,138.526,187.29,60.9623,161.981,83.2896,40.3078,186.999,28.2351,245.617,128.162,249.144,134.162,124.526,94.2714,325.617,29.4351,59.2896,22.2351,54.926,34.2714,142.708,76.7078,177.981,150.962,78.4896,31.2533,63.6169,119.544,182.053,38.0533,57.1078,50.526,48.526,281.544,24.1987,119.871,223.071,260.162,95.2896,43.7987,50.7078,115.726,132.962,30.0533,103.726,22.8533,40.6714,169.253,275.799,51.7987,145.071,40.126,154.708,184.526,84.9623,81.6169,81.2533,228.671,107.639,78.3442,36.2714,39.7987,67.2896,47.2533,131.799,72.8169,32.0169,191.544,24.0533,119.653,103.944,63.726,112.919,19.8351,66.7442,66.126,33.3987,58.7805,164.817,43.2896,99.9078,183.617,112.344,50.9987,143.362,109.617,25.7987,121.981,35.9805,173.908,54.8169,42.8533,87.3623,200.671,113.108,155.871,122.49,148.344,157.326,35.9078,16.6351,36.0169,42.526,91.5805,76.4533,25.9078,222.344,115.944,30.526,34.3805,129.653,51.7987,63.5078,240.235,26.9987,171.908,121.108,57.4714,53.1078,16.7805,59.6533,98.4896,74.926,28.5987,183.799,81.5442,36.3078,109.799,104.49,144.962,25.5805,106.344,62.1623,75.5805,131.653,39.6533,198.09,186.344,74.0533,72.9623,149.253,48.1623,88.8896,184.017,31.3987,127.617,81.2533,51.2169,128.053,80.0896,58.3442,26.2714,59.9805,72.0896,219.29,203.217,103.071,92.3805,127.435,156.635,138.999,154.921,19.2896,127.071,35.8714,46.3442,80.8896,212.817,19.8714,32.2714,38.2714,97.9805,129.981,179.435,149.617,173.908,175.726,86.126,76.4533,119.217,117.762,91.2896,49.1805,83.9805,20.3805,195.362,30.7442,27.5805,76.126,77.9078,27.726,93.2533,80.1623,81.0351,20.6351,68.1623,35.4934,126.744,126.199,176.051,26.0533,39.5442,29.3987,199.399,152.308,103.988,105.617,132.962,17.7623,28.9623,154.562,31.1442,94.5623,13.2533,30.526,110.381,102.635,54.0533,25.9805,21.2533,61.9805,192.885,131.981,69.2533,291.071,141.871,37.2533,135.333,85.5078,77.7623,173.981,160.126,96.1987,123.435,20.8896,144.162,25.1805,65.1078,101.617,58.9987,244.526,18.3442,49.2533,137.799,84.8896,115.617,92.5987,73.6896,139.239,35.4714,57.9078,24.6351,70.126,56.3805,53.1078,26.5987,211.071,81.9805,
mu: 
srcDuals: 
best alpha: 0.1
0:0
1:1
2:1
3:1
4:1
5:1
6:1
7:1
8:1
9:1
10:1
11:1
12:1
13:1
14:1
15:1
16:1
17:1
18:1
19:1
20:1
21:1
22:1
23:1
24:1
25:1
26:1
27:1
28:1
29:1
30:1
31:1
32:1
33:1
34:1
35:1
36:0.8
37:1
38:1
39:1
40:1
41:1
42:1
43:1
44:1
45:1
46:1
47:1
48:1
49:1
50:1
51:1
52:1
53:1
54:1
55:1
56:1
57:1
58:1
59:1
60:1
61:1
62:1
63:1
64:1
65:1
66:1
67:1
68:1
69:1
70:1
71:1
72:1
73:1
74:1
75:1
76:1
77:1
78:1
79:1
80:1
81:1
82:1
83:1
84:1
85:1
86:1
87:1
88:1
89:1
90:1
91:1
92:1
93:1
94:1
95:1
96:1
97:1
98:0.19
99:1
100:1
101:1
102:1
103:1
104:1
105:1
106:1
107:1
108:1
109:1
110:1
111:1
112:0.53
113:1
114:1
115:1
116:1
117:1
118:1
119:1
120:1
121:1
122:1
123:1
124:1
125:1
126:1
127:1
128:1
129:1
130:1
131:1
132:1
133:1
134:1
135:1
136:1
137:1
138:1
139:1
140:1
141:1
142:1
143:1
144:1
145:1
146:1
147:1
148:1
149:1
150:1
151:1
152:1
153:1
154:1
155:1
156:1
157:1
158:1
159:1
160:1
161:1
162:1
163:1
164:1
165:1
166:1
167:1
168:1
169:1
170:0.8
171:1
172:1
173:1
174:1
175:1
176:1
177:1
178:1
179:1
180:1
181:1
182:1
183:1
184:1
185:1
186:1
187:1
188:1
189:1
190:1
191:1
192:1
193:1
194:1
195:1
196:1
197:1
198:1
199:1
200:1
201:0.62
202:1
203:1
204:1
205:1
206:1
207:1
208:1
209:1
210:1
211:1
212:1
213:1
214:1
215:1
216:1
217:1
218:1
219:1
220:1
221:1
222:1
223:1
224:1
225:1
226:1
227:1
228:1
229:1
230:1
231:1
232:1
233:1
234:1
235:1
236:0.19
237:1
238:1
239:0.81
240:1
241:1
242:1
243:1
244:1
245:-0.62
246:1
247:1
248:1
249:1
250:1
251:1
252:1
253:1
254:1
255:1
256:1
257:1
258:1
259:1
260:1
261:0.62
262:1
263:1
264:1
265:1
266:1
267:-0.62
268:1
269:1
270:1
271:1
272:1
273:1
274:0.9
275:1
276:1
277:1
278:1
279:1
280:1
281:1
282:1
283:1
284:1
285:1
286:1
287:1
288:0.19
289:1
290:1
291:1
292:1
293:1
294:1
295:1
296:1
297:1
alpha: 5.52194
lagLB: 29082.9
stepSizeMultiplier: 1.1
targetLowerBound: 30537
||gamma||^2: 289.673
lambda: 0,41.3987,131.326,12.9623,122.999,148.999,85.4351,177.508,52.0896,83.726,122.781,48.7442,165.035,16.526,234.708,147.071,138.708,137.071,68.3078,202.708,38.926,94.2714,16.6714,26.8896,77.326,59.9805,34.6714,17.6169,212.526,17.6533,51.5805,237.617,167.799,187.181,97.9442,165.253,24.0169,27.5805,229.508,99.2533,138.526,187.29,60.9623,161.981,83.2896,40.3078,186.999,28.2351,245.617,128.162,249.144,134.162,124.526,94.2714,325.617,29.4351,59.2896,22.2351,54.926,34.2714,142.708,76.7078,177.981,150.962,78.4896,31.2533,63.6169,119.544,182.053,38.0533,57.1078,50.526,48.526,281.544,24.1987,119.871,223.071,260.162,95.2896,43.7987,50.7078,115.726,132.962,30.0533,103.726,22.8533,40.6714,169.253,275.799,51.7987,145.071,40.126,154.708,184.526,84.9623,81.6169,81.2533,228.671,107.639,78.3442,36.2714,39.7987,67.2896,47.2533,131.799,72.8169,32.0169,191.544,24.0533,119.653,103.944,63.726,112.919,19.8351,66.7442,66.126,33.3987,58.7805,164.817,43.2896,99.9078,183.617,112.344,50.9987,143.362,109.617,25.7987,121.981,35.9805,173.908,54.8169,42.8533,87.3623,200.671,113.108,155.871,122.49,148.344,157.326,35.9078,16.6351,36.0169,42.526,91.5805,76.4533,25.9078,222.344,115.944,30.526,34.3805,129.653,51.7987,63.5078,240.235,26.9987,171.908,121.108,57.4714,53.1078,16.7805,59.6533,98.4896,74.926,28.5987,183.799,81.5442,36.3078,109.799,104.49,144.962,25.5805,106.344,62.1623,75.5805,131.653,39.6533,198.09,186.344,74.0533,72.9623,149.253,48.1623,88.8896,184.017,31.3987,127.617,81.2533,51.2169,128.053,80.0896,58.3442,26.2714,59.9805,72.0896,219.29,203.217,103.071,92.3805,127.435,156.635,138.999,154.921,19.2896,127.071,35.8714,46.3442,80.8896,212.817,19.8714,32.2714,38.2714,97.9805,129.981,179.435,149.617,173.908,175.726,86.126,76.4533,119.217,117.762,91.2896,49.1805,83.9805,20.3805,195.362,30.7442,27.5805,76.126,77.9078,27.726,93.2533,80.1623,81.0351,20.6351,68.1623,35.4934,126.744,126.199,176.051,26.0533,39.5442,29.3987,199.399,152.308,103.988,105.617,132.962,17.7623,28.9623,154.562,31.1442,94.5623,13.2533,30.526,110.381,102.635,54.0533,25.9805,21.2533,61.9805,192.885,131.981,69.2533,291.071,141.871,37.2533,135.333,85.5078,77.7623,173.981,160.126,96.1987,123.435,20.8896,144.162,25.1805,65.1078,101.617,58.9987,244.526,18.3442,49.2533,137.799,84.8896,115.617,92.5987,73.6896,139.239,35.4714,57.9078,24.6351,70.126,56.3805,53.1078,26.5987,211.071,81.9805,
mu: 
srcDuals: 
lambda: 0,41.3987,131.326,12.9623,122.999,148.999,85.4351,177.508,52.0896,83.726,122.781,48.7442,165.035,16.526,234.708,147.071,138.708,137.071,68.3078,202.708,38.926,94.2714,16.6714,26.8896,77.326,59.9805,34.6714,17.6169,212.526,17.6533,51.5805,237.617,167.799,187.181,97.9442,165.253,24.0169,27.5805,229.508,99.2533,138.526,187.29,60.9623,161.981,83.2896,40.3078,186.999,28.2351,245.617,128.162,249.144,134.162,124.526,94.2714,325.617,29.4351,59.2896,22.2351,54.926,34.2714,142.708,76.7078,177.981,150.962,78.4896,31.2533,63.6169,119.544,182.053,38.0533,57.1078,50.526,48.526,281.544,24.1987,119.871,223.071,260.162,95.2896,43.7987,50.7078,115.726,132.962,30.0533,103.726,22.8533,40.6714,169.253,275.799,51.7987,145.071,40.126,154.708,184.526,84.9623,81.6169,81.2533,228.671,107.639,78.3442,36.2714,39.7987,67.2896,47.2533,131.799,72.8169,32.0169,191.544,24.0533,119.653,103.944,63.726,112.919,19.8351,66.7442,66.126,33.3987,58.7805,164.817,43.2896,99.9078,183.617,112.344,50.9987,143.362,109.617,25.7987,121.981,35.9805,173.908,54.8169,42.8533,87.3623,200.671,113.108,155.871,122.49,148.344,157.326,35.9078,16.6351,36.0169,42.526,91.5805,76.4533,25.9078,222.344,115.944,30.526,34.3805,129.653,51.7987,63.5078,240.235,26.9987,171.908,121.108,57.4714,53.1078,16.7805,59.6533,98.4896,74.926,28.5987,183.799,81.5442,36.3078,109.799,104.49,144.962,25.5805,106.344,62.1623,75.5805,131.653,39.6533,198.09,186.344,74.0533,72.9623,149.253,48.1623,88.8896,184.017,31.3987,127.617,81.2533,51.2169,128.053,80.0896,58.3442,26.2714,59.9805,72.0896,219.29,203.217,103.071,92.3805,127.435,156.635,138.999,154.921,19.2896,127.071,35.8714,46.3442,80.8896,212.817,19.8714,32.2714,38.2714,97.9805,129.981,179.435,149.617,173.908,175.726,86.126,76.4533,119.217,117.762,91.2896,49.1805,83.9805,20.3805,195.362,30.7442,27.5805,76.126,77.9078,27.726,93.2533,80.1623,81.0351,20.6351,68.1623,35.4934,126.744,126.199,176.051,26.0533,39.5442,29.3987,199.399,152.308,103.988,105.617,132.962,17.7623,28.9623,154.562,31.1442,94.5623,13.2533,30.526,110.381,102.635,54.0533,25.9805,21.2533,61.9805,192.885,131.981,69.2533,291.071,141.871,37.2533,135.333,85.5078,77.7623,173.981,160.126,96.1987,123.435,20.8896,144.162,25.1805,65.1078,101.617,58.9987,244.526,18.3442,49.2533,137.799,84.8896,115.617,92.5987,73.6896,139.239,35.4714,57.9078,24.6351,70.126,56.3805,53.1078,26.5987,211.071,81.9805,
mu: 
srcDuals: 
fixing. lower bound used: 29081.4
percent fixed: 0
STATS - lpIterations[1] lagIterations[4] sspIterations[61] numSeparations[0] numCuts[0] compileTime[215] sspSolveTime[115] lpSolveTime[0] lb[29340.1] ub[34231] numArcs: [7364931] numFixed: [0] time: [481]
STATS1 - lpIterations[1] lagIterations[4] sspIterations[61] numSeparations[0] numCuts[0] compileTime[215] sspSolveTime[115] lpSolveTime[0] repairTime[3] cutsTime[0] lb[29340.1] ub[34231] numArcs: [7364931] numFixed: [0] time: [481]
lambda: 0,46.9207,136.848,18.4843,128.521,154.521,90.957,183.03,57.6116,89.2479,128.302,54.2661,170.557,22.0479,240.23,152.593,144.23,142.593,73.8297,208.23,44.4479,99.7934,22.1934,32.4116,82.8479,65.5025,40.1934,23.1388,218.048,23.1752,57.1025,243.139,173.321,192.702,103.466,170.775,28.4344,33.1025,235.03,104.775,144.048,192.812,66.4843,167.502,88.8116,45.8297,192.521,33.757,251.139,133.684,254.666,139.684,130.048,99.7934,331.139,34.957,64.8116,27.757,60.4479,39.7934,148.23,82.2297,183.502,156.484,84.0116,36.7752,69.1388,125.066,187.575,43.5752,62.6297,56.0479,54.0479,287.066,29.7207,125.393,228.593,265.684,100.812,49.3207,56.2297,121.248,138.484,35.5752,109.248,28.3752,46.1934,174.775,281.321,57.3207,150.593,45.6479,160.23,190.048,90.4843,87.1388,86.7752,234.193,108.688,83.8661,41.7934,45.3207,72.8116,52.7752,137.321,78.3388,37.5388,197.066,29.5752,125.175,109.466,69.2479,115.845,25.357,72.2661,71.6479,38.9207,64.3025,170.339,48.8116,105.43,189.139,117.866,56.5207,148.884,115.139,31.3207,127.502,41.5025,179.43,60.3388,48.3752,92.8843,206.193,118.63,161.393,128.012,153.866,162.848,41.4297,22.157,41.5388,48.0479,97.1025,81.9752,31.4297,227.866,121.466,36.0479,39.9025,135.175,57.3207,69.0297,245.757,32.5207,177.43,126.63,62.9934,58.6297,22.3025,65.1752,104.012,80.4479,34.1207,189.321,87.0661,41.8297,115.321,110.012,150.484,29.9981,111.866,67.6843,81.1025,137.175,45.1752,203.612,191.866,79.5752,78.4843,154.775,53.6843,94.4116,189.539,36.9207,133.139,86.7752,56.7388,133.575,85.6116,63.8661,31.7934,65.5025,77.6116,224.812,208.739,108.593,97.9025,132.957,162.157,144.521,158.345,24.8116,132.593,41.3934,51.8661,86.4116,218.339,25.3934,37.7934,43.7934,103.502,135.502,184.957,155.139,179.43,181.248,91.6479,81.9752,124.739,123.284,96.8116,54.7025,89.5025,25.9025,200.884,36.2661,33.1025,81.6479,83.4297,33.2479,98.7752,85.6843,86.557,26.157,73.6843,36.5425,132.266,131.721,180.524,31.5752,45.0661,34.9207,204.921,157.83,100.564,111.139,138.484,23.2843,34.4843,160.084,36.6661,100.084,18.7752,36.0479,115.902,108.157,59.5752,31.5025,26.7752,67.5025,196.308,137.502,74.7752,296.593,147.393,42.7752,131.91,91.0297,83.2843,179.502,165.648,101.721,128.957,25.8594,149.684,30.7025,70.6297,107.139,64.5207,250.048,23.8661,54.7752,143.321,90.4116,121.139,98.1207,79.2116,140.288,40.9934,63.4297,30.157,75.6479,61.9025,58.6297,32.1207,216.593,87.5025,
mu: 
srcDuals: 
best alpha: 0.05
0:0
1:1
2:1
3:0.8
4:1
5:1
6:1
7:1
8:0.75
9:1
10:1
11:1
12:1
13:1
14:1
15:1
16:1
17:0.9
18:0.6
19:0.8
20:1
21:1
22:0.9
23:1
24:1
25:1
26:1
27:0.9
28:1
29:0.95
30:1
31:1
32:1
33:1
34:1
35:1
36:0.51
37:1
38:1
39:1
40:1
41:1
42:1
43:1
44:1
45:1
46:1
47:0.9
48:1
49:1
50:0.95
51:0.85
52:1
53:1
54:1
55:0.85
56:1
57:1
58:0.9
59:1
60:1
61:1
62:1
63:1
64:0.7
65:1
66:1
67:1
68:1
69:1
70:1
71:1
72:1
73:1
74:1
75:0.8
76:1
77:1
78:1
79:1
80:1
81:1
82:0.8
83:1
84:-0.1
85:1
86:0.95
87:1
88:1
89:0.9
90:1
91:1
92:1
93:1
94:1
95:0.2
96:0.65
97:1
98:0.2305
99:1
100:1
101:1
102:1
103:1
104:1
105:-1.75
106:0.35
107:1
108:-0.45
109:1
110:1
111:0.5
112:-0.4965
113:0.95
114:0.5
115:1
116:0.85
117:1
118:1
119:1
120:1
121:1
122:1
123:1
124:1
125:0.8
126:0.8
127:1
128:1
129:0.7
130:0.8
131:0.55
132:1
133:1
134:1
135:1
136:1
137:1
138:1
139:1
140:1
141:1
142:0.9
143:1
144:1
145:0.65
146:1
147:1
148:1
149:1
150:1
151:1
152:0.4
153:1
154:1
155:1
156:1
157:0.55
158:1
159:1
160:1
161:1
162:1
163:0.9
164:0.7
165:1
166:1
167:1
168:1
169:1
170:0.46
171:1
172:1
173:1
174:1
175:1
176:1
177:1
178:1
179:1
180:0.65
181:1
182:1
183:0.4
184:1
185:1
186:1
187:1
188:1
189:1
190:0.9
191:1
192:1
193:-0.3
194:1
195:1
196:1
197:1
198:0.9
199:0.75
200:1
201:-0.211
202:0.9
203:1
204:0.9
205:1
206:1
207:1
208:0.9
209:1
210:0.8
211:1
212:1
213:1
214:1
215:-0.4
216:0.95
217:0.8
218:1
219:1
220:1
221:1
222:1
223:1
224:0.9
225:1
226:0.9
227:1
228:1
229:0.65
230:1
231:0.9
232:1
233:1
234:0.8
235:1
236:0.2305
237:1
238:1
239:0.2695
240:0.8
241:0.9
242:0.65
243:1
244:1
245:-0.539
246:0.95
247:1
248:0.95
249:0.9
250:1
251:1
252:0.95
253:0.65
254:1
255:0.95
256:1
257:1
258:0.6
259:0.8
260:1
261:0.239
262:0.95
263:1
264:0.9
265:1
266:0.7
267:-0.539
268:1
269:0.6
270:-0.9
271:1
272:1
273:1
274:0.755
275:1
276:1
277:1
278:1
279:0.95
280:1
281:0.8
282:-0.6
283:1
284:1
285:1
286:1
287:1
288:0.2305
289:1
290:1
291:1
292:0.9
293:1
294:0.85
295:1
296:0.7
297:1
alpha: 6.23021
lagLB: 29340.1
stepSizeMultiplier: 1.1
targetLowerBound: 30807.1
||gamma||^2: 259.013
lambda: 0,46.9207,136.848,18.4843,128.521,154.521,90.957,183.03,57.6116,89.2479,128.302,54.2661,170.557,22.0479,240.23,152.593,144.23,142.593,73.8297,208.23,44.4479,99.7934,22.1934,32.4116,82.8479,65.5025,40.1934,23.1388,218.048,23.1752,57.1025,243.139,173.321,192.702,103.466,170.775,28.4344,33.1025,235.03,104.775,144.048,192.812,66.4843,167.502,88.8116,45.8297,192.521,33.757,251.139,133.684,254.666,139.684,130.048,99.7934,331.139,34.957,64.8116,27.757,60.4479,39.7934,148.23,82.2297,183.502,156.484,84.0116,36.7752,69.1388,125.066,187.575,43.5752,62.6297,56.0479,54.0479,287.066,29.7207,125.393,228.593,265.684,100.812,49.3207,56.2297,121.248,138.484,35.5752,109.248,28.3752,46.1934,174.775,281.321,57.3207,150.593,45.6479,160.23,190.048,90.4843,87.1388,86.7752,234.193,108.688,83.8661,41.7934,45.3207,72.8116,52.7752,137.321,78.3388,37.5388,197.066,29.5752,125.175,109.466,69.2479,115.845,25.357,72.2661,71.6479,38.9207,64.3025,170.339,48.8116,105.43,189.139,117.866,56.5207,148.884,115.139,31.3207,127.502,41.5025,179.43,60.3388,48.3752,92.8843,206.193,118.63,161.393,128.012,153.866,162.848,41.4297,22.157,41.5388,48.0479,97.1025,81.9752,31.4297,227.866,121.466,36.0479,39.9025,135.175,57.3207,69.0297,245.757,32.5207,177.43,126.63,62.9934,58.6297,22.3025,65.1752,104.012,80.4479,34.1207,189.321,87.0661,41.8297,115.321,110.012,150.484,29.9981,111.866,67.6843,81.1025,137.175,45.1752,203.612,191.866,79.5752,78.4843,154.775,53.6843,94.4116,189.539,36.9207,133.139,86.7752,56.7388,133.575,85.6116,63.8661,31.7934,65.5025,77.6116,224.812,208.739,108.593,97.9025,132.957,162.157,144.521,158.345,24.8116,132.593,41.3934,51.8661,86.4116,218.339,25.3934,37.7934,43.7934,103.502,135.502,184.957,155.139,179.43,181.248,91.6479,81.9752,124.739,123.284,96.8116,54.7025,89.5025,25.9025,200.884,36.2661,33.1025,81.6479,83.4297,33.2479,98.7752,85.6843,86.557,26.157,73.6843,36.5425,132.266,131.721,180.524,31.5752,45.0661,34.9207,204.921,157.83,100.564,111.139,138.484,23.2843,34.4843,160.084,36.6661,100.084,18.7752,36.0479,115.902,108.157,59.5752,31.5025,26.7752,67.5025,196.308,137.502,74.7752,296.593,147.393,42.7752,131.91,91.0297,83.2843,179.502,165.648,101.721,128.957,25.8594,149.684,30.7025,70.6297,107.139,64.5207,250.048,23.8661,54.7752,143.321,90.4116,121.139,98.1207,79.2116,140.288,40.9934,63.4297,30.157,75.6479,61.9025,58.6297,32.1207,216.593,87.5025,
mu: 
srcDuals: 
lambda: 0,46.9207,136.848,18.4843,128.521,154.521,90.957,183.03,57.6116,89.2479,128.302,54.2661,170.557,22.0479,240.23,152.593,144.23,142.593,73.8297,208.23,44.4479,99.7934,22.1934,32.4116,82.8479,65.5025,40.1934,23.1388,218.048,23.1752,57.1025,243.139,173.321,192.702,103.466,170.775,28.4344,33.1025,235.03,104.775,144.048,192.812,66.4843,167.502,88.8116,45.8297,192.521,33.757,251.139,133.684,254.666,139.684,130.048,99.7934,331.139,34.957,64.8116,27.757,60.4479,39.7934,148.23,82.2297,183.502,156.484,84.0116,36.7752,69.1388,125.066,187.575,43.5752,62.6297,56.0479,54.0479,287.066,29.7207,125.393,228.593,265.684,100.812,49.3207,56.2297,121.248,138.484,35.5752,109.248,28.3752,46.1934,174.775,281.321,57.3207,150.593,45.6479,160.23,190.048,90.4843,87.1388,86.7752,234.193,108.688,83.8661,41.7934,45.3207,72.8116,52.7752,137.321,78.3388,37.5388,197.066,29.5752,125.175,109.466,69.2479,115.845,25.357,72.2661,71.6479,38.9207,64.3025,170.339,48.8116,105.43,189.139,117.866,56.5207,148.884,115.139,31.3207,127.502,41.5025,179.43,60.3388,48.3752,92.8843,206.193,118.63,161.393,128.012,153.866,162.848,41.4297,22.157,41.5388,48.0479,97.1025,81.9752,31.4297,227.866,121.466,36.0479,39.9025,135.175,57.3207,69.0297,245.757,32.5207,177.43,126.63,62.9934,58.6297,22.3025,65.1752,104.012,80.4479,34.1207,189.321,87.0661,41.8297,115.321,110.012,150.484,29.9981,111.866,67.6843,81.1025,137.175,45.1752,203.612,191.866,79.5752,78.4843,154.775,53.6843,94.4116,189.539,36.9207,133.139,86.7752,56.7388,133.575,85.6116,63.8661,31.7934,65.5025,77.6116,224.812,208.739,108.593,97.9025,132.957,162.157,144.521,158.345,24.8116,132.593,41.3934,51.8661,86.4116,218.339,25.3934,37.7934,43.7934,103.502,135.502,184.957,155.139,179.43,181.248,91.6479,81.9752,124.739,123.284,96.8116,54.7025,89.5025,25.9025,200.884,36.2661,33.1025,81.6479,83.4297,33.2479,98.7752,85.6843,86.557,26.157,73.6843,36.5425,132.266,131.721,180.524,31.5752,45.0661,34.9207,204.921,157.83,100.564,111.139,138.484,23.2843,34.4843,160.084,36.6661,100.084,18.7752,36.0479,115.902,108.157,59.5752,31.5025,26.7752,67.5025,196.308,137.502,74.7752,296.593,147.393,42.7752,131.91,91.0297,83.2843,179.502,165.648,101.721,128.957,25.8594,149.684,30.7025,70.6297,107.139,64.5207,250.048,23.8661,54.7752,143.321,90.4116,121.139,98.1207,79.2116,140.288,40.9934,63.4297,30.157,75.6479,61.9025,58.6297,32.1207,216.593,87.5025,
mu: 
srcDuals: 
best alpha: 0.05
0:0
1:0.85
2:1
3:0.41
4:1
5:1
6:1
7:1
8:0.3125
9:1
10:1
11:-0.05
12:1
13:0.8
14:1
15:1
16:0.95
17:0.355
18:-0.13
19:-0.79
20:0.9
21:0.85
22:0.705
23:1
24:1
25:0.95
26:-0.3
27:0.555
28:1
29:0.8525
30:1
31:1
32:1
33:0.75
34:1
35:0.65
36:0.1845
37:1
38:0.65
39:0.95
40:1
41:0.45
42:1
43:1
44:1
45:1
46:0.2
47:0.755
48:0.75
49:0.9
50:0.5525
51:-0.5425
52:0.3
53:1
54:0.5
55:0.6075
56:0.8
57:1
58:0.805
59:0.9
60:0.95
61:1
62:1
63:0.95
64:0.115
65:1
66:0.95
67:1
68:1
69:0.75
70:0.75
71:1
72:1
73:0.85
74:0.95
75:0.46
76:1
77:0.65
78:1
79:0.95
80:0.9
81:0.7
82:0.66
83:1
84:-0.995
85:1
86:0.9025
87:1
88:1
89:-2.095
90:0.75
91:1
92:0.6
93:1
94:1
95:-0.61
96:0.2675
97:0.1
98:0.268975
99:1
100:1
101:1
102:1
103:0.95
104:0.85
105:-2.2125
106:0.0325
107:0.85
108:-1.0775
109:1
110:0.8
111:-0.425
112:-0.821675
113:0.8525
114:-0.725
115:0.75
116:0.3575
117:1
118:0.95
119:0.65
120:0.6
121:1
122:1
123:1
124:0.8
125:0.36
126:0.61
127:0.7
128:0.6
129:0.215
130:0.11
131:0.1725
132:1
133:1
134:1
135:0.95
136:1
137:0.95
138:1
139:1
140:0.9
141:0.8
142:0.655
143:1
144:0.95
145:0.5175
146:0.5
147:0.45
148:1
149:0.95
150:1
151:0.85
152:-0.07
153:1
154:0.85
155:0.7
156:1
157:-0.0275
158:1
159:0.75
160:1
161:-1.35
162:1
163:0.355
164:0.065
165:0.8
166:0.8
167:1
168:1
169:0.85
170:0.087
171:1
172:0.25
173:0.4
174:1
175:0.25
176:1
177:0.85
178:0.75
179:1
180:0.2675
181:1
182:1
183:-1.17
184:0.95
185:1
186:0.45
187:1
188:0.6
189:1
190:0.455
191:0.9
192:0.9
193:-0.835
194:-0.35
195:0.55
196:1
197:0.95
198:0.355
199:0.3625
200:0.85
201:-0.65045
202:0.705
203:0.45
204:0.405
205:0.95
206:1
207:0.95
208:0.705
209:0.65
210:0.11
211:0.5
212:1
213:-0.05
214:1
215:-0.68
216:0.2025
217:-0.09
218:1
219:1
220:0.5
221:0.85
222:1
223:1
224:-0.045
225:1
226:0.755
227:0.75
228:1
229:0.5175
230:1
231:-0.045
232:1
233:1
234:0.36
235:0.85
236:0.268975
237:1
238:0.75
239:-0.293975
240:0.21
241:0.705
242:0.3675
243:0.5
244:0.95
245:-0.46205
246:0.7525
247:1
248:0.8525
249:0.555
250:1
251:0.75
252:0.9025
253:0.2675
254:1
255:0.9025
256:1
257:0.95
258:-0.28
259:0.51
260:1
261:0.07705
262:0.4525
263:0.9
264:0.255
265:0.85
266:0.115
267:-0.46205
268:1
269:-0.23
270:-1.405
271:0.75
272:1
273:1
274:0.56725
275:0.15
276:0.75
277:0.95
278:0.95
279:0.6525
280:1
281:0.41
282:-0.87
283:1
284:0.9
285:0.15
286:0.8
287:1
288:0.268975
289:1
290:1
291:0.95
292:0.455
293:0.65
294:0.5075
295:0.35
296:-0.135
297:0.9
alpha: 8.06349
lagLB: 27343.9
stepSizeMultiplier: 1.1
targetLowerBound: 30807.1
||gamma||^2: 200.125
lambda: 0,53.1509,143.078,23.4685,134.751,160.751,97.1872,189.26,62.2842,95.4781,134.533,60.4963,176.787,28.2781,246.46,158.824,150.46,148.201,77.5679,213.214,50.6781,106.024,27.8006,38.6418,89.0781,71.7327,46.4236,28.746,224.278,29.0939,63.3327,249.369,179.551,198.933,109.696,177.005,31.6119,39.3327,241.26,111.005,150.278,199.042,72.7145,173.733,95.0418,52.06,198.751,39.3642,257.369,139.915,260.585,144.98,136.278,106.024,337.369,40.2527,71.0418,33.9872,66.0551,46.0236,154.46,88.46,189.733,162.715,88.3727,43.0054,75.369,131.296,193.805,49.8054,68.86,62.2781,60.2781,293.296,35.9509,130.378,234.824,271.915,107.042,55.5509,62.46,127.478,143.468,41.8054,108.625,34.6054,52.1121,181.005,287.551,62.9278,156.824,51.8781,166.46,196.278,96.7145,88.3849,90.8248,240.424,110.124,90.0963,48.0236,51.5509,79.0418,59.0054,143.551,67.436,39.7194,203.296,26.7716,131.405,115.696,72.363,112.752,31.2757,75.3812,77.8781,44.2163,70.5327,176.569,55.0418,111.66,195.369,124.096,62.7509,155.115,120.123,36.3048,133.733,47.7327,183.791,65.323,51.8018,99.1145,212.424,124.86,167.624,134.242,160.096,169.078,47.66,28.3872,47.769,53.6551,103.333,88.2054,35.4794,234.096,127.696,42.2781,46.1327,141.405,63.5509,71.5218,251.987,38.7509,183.66,132.86,66.42,64.86,28.5327,71.4054,110.242,86.6781,39.7278,193.682,93.2963,48.06,121.551,116.242,156.715,32.864,118.096,73.9145,87.3327,143.405,51.4054,209.842,198.096,85.8054,84.7145,158.825,59.9145,100.642,192.031,43.1509,139.369,93.0054,62.969,139.805,91.8418,69.4733,38.0236,71.7327,75.7425,231.042,214.969,114.824,104.133,138.564,166.83,150.751,157.03,30.4188,138.824,47.0006,58.0963,92.6418,224.569,31.0006,44.0236,48.7776,109.733,141.733,191.187,161.369,176.938,187.167,96.6321,88.2054,130.969,129.515,103.042,60.9327,95.7327,31.5097,207.115,41.8733,39.3327,87.8781,87.4794,39.4781,104.382,91.9145,92.7872,31.1412,79.9145,37.9786,138.496,137.951,182.203,36.5594,50.6733,38.9703,211.151,164.06,97.2063,117.058,144.715,29.203,40.0915,166.315,42.8963,106.003,22.8248,42.2781,121.821,114.387,65.8054,35.2406,31.7594,73.7327,197.797,143.421,81.0054,302.201,153.624,47.1363,128.552,97.26,87.0224,173.895,171.878,107.951,135.187,30.5632,155.915,36.9327,76.86,113.369,70.4394,256.278,28.8503,51.0371,149.551,96.6418,127.369,104.351,85.4418,141.724,47.2236,69.66,36.3872,81.2551,68.1327,63.9254,38.3509,220.955,93.7327,
mu: 
srcDuals: 
lambda: 0,46.9207,136.848,18.4843,128.521,154.521,90.957,183.03,57.6116,89.2479,128.302,54.2661,170.557,22.0479,240.23,152.593,144.23,142.593,73.8297,208.23,44.4479,99.7934,22.1934,32.4116,82.8479,65.5025,40.1934,23.1388,218.048,23.1752,57.1025,243.139,173.321,192.702,103.466,170.775,28.4344,33.1025,235.03,104.775,144.048,192.812,66.4843,167.502,88.8116,45.8297,192.521,33.757,251.139,133.684,254.666,139.684,130.048,99.7934,331.139,34.957,64.8116,27.757,60.4479,39.7934,148.23,82.2297,183.502,156.484,84.0116,36.7752,69.1388,125.066,187.575,43.5752,62.6297,56.0479,54.0479,287.066,29.7207,125.393,228.593,265.684,100.812,49.3207,56.2297,121.248,138.484,35.5752,109.248,28.3752,46.1934,174.775,281.321,57.3207,150.593,45.6479,160.23,190.048,90.4843,87.1388,86.7752,234.193,108.688,83.8661,41.7934,45.3207,72.8116,52.7752,137.321,78.3388,37.5388,197.066,29.5752,125.175,109.466,69.2479,115.845,25.357,72.2661,71.6479,38.9207,64.3025,170.339,48.8116,105.43,189.139,117.866,56.5207,148.884,115.139,31.3207,127.502,41.5025,179.43,60.3388,48.3752,92.8843,206.193,118.63,161.393,128.012,153.866,162.848,41.4297,22.157,41.5388,48.0479,97.1025,81.9752,31.4297,227.866,121.466,36.0479,39.9025,135.175,57.3207,69.0297,245.757,32.5207,177.43,126.63,62.9934,58.6297,22.3025,65.1752,104.012,80.4479,34.1207,189.321,87.0661,41.8297,115.321,110.012,150.484,29.9981,111.866,67.6843,81.1025,137.175,45.1752,203.612,191.866,79.5752,78.4843,154.775,53.6843,94.4116,189.539,36.9207,133.139,86.7752,56.7388,133.575,85.6116,63.8661,31.7934,65.5025,77.6116,224.812,208.739,108.593,97.9025,132.957,162.157,144.521,158.345,24.8116,132.593,41.3934,51.8661,86.4116,218.339,25.3934,37.7934,43.7934,103.502,135.502,184.957,155.139,179.43,181.248,91.6479,81.9752,124.739,123.284,96.8116,54.7025,89.5025,25.9025,200.884,36.2661,33.1025,81.6479,83.4297,33.2479,98.7752,85.6843,86.557,26.157,73.6843,36.5425,132.266,131.721,180.524,31.5752,45.0661,34.9207,204.921,157.83,100.564,111.139,138.484,23.2843,34.4843,160.084,36.6661,100.084,18.7752,36.0479,115.902,108.157,59.5752,31.5025,26.7752,67.5025,196.308,137.502,74.7752,296.593,147.393,42.7752,131.91,91.0297,83.2843,179.502,165.648,101.721,128.957,25.8594,149.684,30.7025,70.6297,107.139,64.5207,250.048,23.8661,54.7752,143.321,90.4116,121.139,98.1207,79.2116,140.288,40.9934,63.4297,30.157,75.6479,61.9025,58.6297,32.1207,216.593,87.5025,
mu: 
srcDuals: 
STATS - lpIterations[1] lagIterations[6] sspIterations[308] numSeparations[0] numCuts[0] compileTime[215] sspSolveTime[503] lpSolveTime[0] lb[30596.2] ub[34231] numArcs: [7362810] numFixed: [0] time: [871]
STATS1 - lpIterations[1] lagIterations[6] sspIterations[308] numSeparations[0] numCuts[0] compileTime[215] sspSolveTime[503] lpSolveTime[0] repairTime[3] cutsTime[0] lb[30596.2] ub[34231] numArcs: [7362810] numFixed: [0] time: [871]
lambda: 0,53.7746,144.911,21.7903,136.584,162.584,99.0205,191.093,60.1314,97.3114,136.366,53.8629,178.621,28.4987,248.293,160.657,151.89,145.456,72.7815,201.86,51.7051,106.647,27.8781,40.4751,90.9114,73.1628,37.7743,27.6141,226.111,30.0493,65.166,251.202,181.384,198.75,111.53,176.016,29.9222,41.166,240.271,112.436,152.111,196.44,74.5478,175.566,96.8751,53.8932,194.133,39.845,257.186,140.941,259.121,135.31,132.467,107.857,335.171,39.8556,71.2624,35.8205,66.939,47.0505,155.89,90.2932,191.566,164.145,84.9389,44.8387,76.7991,133.13,195.639,49.6228,68.6774,64.1114,62.1114,293.92,37.381,129.103,236.657,270.926,108.875,56.981,63.4869,126.892,143.806,43.6387,101.225,36.4387,53.4707,182.839,289.384,40.4276,156.641,53.7114,165.068,198.111,98.5478,82.2201,88.9322,235,110.857,91.9296,49.8569,53.3841,80.8751,60.4355,144.175,60.4984,37.8009,203.92,20.8868,133.239,115.917,65.8209,109.22,32.2311,66.4201,77.6955,41.8034,72.366,177.999,54.0528,110.268,197.202,125.93,64.5841,155.335,118.042,36.2394,133.147,46.3406,181.163,61.2258,49.7661,100.948,214.257,126.693,169.054,136.075,161.526,170.911,49.4932,29.4142,47.9896,53.3295,105.166,89.6355,35.6026,231.898,125.095,44.1114,47.5628,143.239,64.1746,68.4653,253.821,39.3746,183.074,134.693,62.7716,66.6932,28.3501,73.2387,93.1259,88.5114,36.9832,189.845,93.5169,48.2805,123.384,118.075,157.338,30.6996,119.93,69.7002,84.3279,145.239,47.1911,211.675,198.72,85.6228,86.5478,156.932,61.7478,102.475,180.105,44.581,141.202,90.4038,64.8023,138.413,93.6751,67.535,39.0505,72.7596,70.8785,221.989,213.174,116.657,105.563,135.82,165.08,151.375,153.1,30.4963,136.222,44.6591,59.5264,94.4751,225.999,31.0781,43.0346,44.6804,107.534,143.566,184.554,163.202,173.947,182.881,90.9222,90.0387,132.802,127.316,103.666,62.766,97.566,25.5396,208.948,42.354,39.1501,89.7114,87.6026,41.3114,98.4123,93.7478,94.6205,29.0599,80.5383,38.7114,140.33,137.768,178.153,33.2685,50.7509,37.884,208.952,165.49,96.8387,117.207,146.548,30.1584,38.9595,168.148,42.7137,107.362,20.9322,44.1114,123.18,116.221,67.2355,29.2447,30.8876,75.566,196.93,141.151,82.0323,298.65,154.247,43.7025,128.184,99.0932,81.4297,168.173,171.696,109.784,137.021,30.4334,150.894,36.7501,78.2901,114.799,69.7821,258.111,27.1721,47.76,151.384,97.6687,122.348,104.571,87.2751,142.457,49.0569,71.4932,37.8173,79.3168,67.1437,62.722,34.9429,215.505,94.7596,
mu: 
srcDuals: 
best alpha: 0.08
0:0
1:-0.258
2:1
3:0.1372
4:1
5:1
6:1
7:1
8:0.2075
9:1
10:1
11:-0.766
12:1
13:0.496
14:1
15:1
16:0.954
17:-0.3134
18:-0.5196
19:-1.1268
20:0.748
21:0.462
22:0.4886
23:1
24:1
25:0.874
26:-0.196
27:0.3506
28:1
29:0.7043
30:1
31:1
32:1
33:0.29
34:1
35:0.678
36:-0.23026
37:1
38:0.278
39:0.474
40:1
41:0.254
42:1
43:1
44:1
45:1
46:-0.456
47:0.2146
48:0.29
49:0.588
50:0.0283
51:-0.6591
52:-0.444
53:1
54:0.46
55:0.3989
56:0.416
57:1
58:0.2606
59:0.668
60:0.794
61:1
62:1
63:-0.646
64:-0.1342
65:1
66:0.794
67:1
68:1
69:0.45
70:0.29
71:1
72:1
73:0.782
74:0.954
75:0.1032
76:1
77:0.278
78:1
79:0.874
80:0.268
81:0.644
82:0.4472
83:1
84:-0.8354
85:1
86:0.8303
87:1
88:1
89:-1.8474
90:0.37
91:1
92:0.232
93:1
94:1
95:-1.1212
96:-0.1539
97:0.012
98:0.327457
99:1
100:1
101:1
102:1
103:0.954
104:0.862
105:-1.9555
106:-0.0501
107:0.622
108:-0.9113
109:1
110:0.816
111:-0.871
112:-1.15594
113:0.7843
114:-0.827
115:0.61
116:-0.1511
117:1
118:0.954
119:0.118
120:-0.008
121:1
122:1
123:1
124:0.656
125:-0.3088
126:0.3212
127:0.244
128:-0.008
129:-0.0422
130:-0.7788
131:-0.3213
132:1
133:1
134:1
135:0.634
136:1
137:0.954
138:1
139:1
140:0.748
141:0.496
142:0.3626
143:0.6
144:0.554
145:0.3161
146:-0.02
147:0.174
148:1
149:0.954
150:1
151:0.622
152:0.0156
153:1
154:0.702
155:0.404
156:1
157:-0.5053
158:1
159:0.45
160:1
161:-1.162
162:1
163:-0.0734
164:-0.0202
165:0.496
166:0.496
167:1
168:1
169:0.222
170:-0.39996
171:1
172:-0.33
173:0.448
174:1
175:0.15
176:1
177:0.382
178:0.29
179:1
180:-0.1539
181:1
182:1
183:-1.2364
184:0.874
185:1
186:0.014
187:1
188:0.072
189:1
190:-0.0614
191:0.908
192:0.348
193:-0.8482
194:-0.242
195:0.506
196:1
197:0.954
198:-0.0734
199:0.2535
200:-0.098
201:-0.838414
202:0.4886
203:0.494
204:0.1326
205:0.954
206:1
207:0.954
208:0.5686
209:-0.282
210:-0.6988
211:0.46
212:1
213:-0.286
214:1
215:-0.9456
216:-0.2937
217:-0.8028
218:1
219:1
220:-0.02
221:0.782
222:1
223:1
224:-0.1214
225:1
226:-0.0254
227:0.45
228:1
229:0.2361
230:1
231:-0.5214
232:1
233:1
234:0.0112
235:0.622
236:0.327457
237:1
238:0.37
239:-0.510457
240:-0.0468
241:-0.0714
242:0.0981
243:-0.02
244:0.954
245:-0.345086
246:0.5323
247:1
248:0.7043
249:0.4306
250:1
251:0.37
252:-0.6097
253:-0.2339
254:1
255:0.6703
256:1
257:0.954
258:-0.8976
259:0.3092
260:1
261:-0.329114
262:0.2563
263:0.908
264:-0.4054
265:0.462
266:-0.3742
267:-0.345086
268:1
269:-0.5316
270:-1.2126
271:0.53
272:1
273:1
274:0.36187
275:-0.342
276:0.45
277:0.954
278:0.314
279:0.6003
280:0.2
281:-0.1028
282:-0.8804
283:1
284:0.748
285:-0.342
286:0.336
287:1
288:0.327457
289:1
290:1
291:0.954
292:-0.1414
293:-0.042
294:-0.3331
295:-0.318
296:-0.2842
297:0.908
alpha: 9.92642
lagLB: 30596.2
stepSizeMultiplier: 1.1
targetLowerBound: 32126
||gamma||^2: 169.526
lambda: 0,53.7746,144.911,21.7903,136.584,162.584,99.0205,191.093,60.1314,97.3114,136.366,53.8629,178.621,28.4987,248.293,160.657,151.89,145.456,72.7815,201.86,51.7051,106.647,27.8781,40.4751,90.9114,73.1628,37.7743,27.6141,226.111,30.0493,65.166,251.202,181.384,198.75,111.53,176.016,29.9222,41.166,240.271,112.436,152.111,196.44,74.5478,175.566,96.8751,53.8932,194.133,39.845,257.186,140.941,259.121,135.31,132.467,107.857,335.171,39.8556,71.2624,35.8205,66.939,47.0505,155.89,90.2932,191.566,164.145,84.9389,44.8387,76.7991,133.13,195.639,49.6228,68.6774,64.1114,62.1114,293.92,37.381,129.103,236.657,270.926,108.875,56.981,63.4869,126.892,143.806,43.6387,101.225,36.4387,53.4707,182.839,289.384,40.4276,156.641,53.7114,165.068,198.111,98.5478,82.2201,88.9322,235,110.857,91.9296,49.8569,53.3841,80.8751,60.4355,144.175,60.4984,37.8009,203.92,20.8868,133.239,115.917,65.8209,109.22,32.2311,66.4201,77.6955,41.8034,72.366,177.999,54.0528,110.268,197.202,125.93,64.5841,155.335,118.042,36.2394,133.147,46.3406,181.163,61.2258,49.7661,100.948,214.257,126.693,169.054,136.075,161.526,170.911,49.4932,29.4142,47.9896,53.3295,105.166,89.6355,35.6026,231.898,125.095,44.1114,47.5628,143.239,64.1746,68.4653,253.821,39.3746,183.074,134.693,62.7716,66.6932,28.3501,73.2387,93.1259,88.5114,36.9832,189.845,93.5169,48.2805,123.384,118.075,157.338,30.6996,119.93,69.7002,84.3279,145.239,47.1911,211.675,198.72,85.6228,86.5478,156.932,61.7478,102.475,180.105,44.581,141.202,90.4038,64.8023,138.413,93.6751,67.535,39.0505,72.7596,70.8785,221.989,213.174,116.657,105.563,135.82,165.08,151.375,153.1,30.4963,136.222,44.6591,59.5264,94.4751,225.999,31.0781,43.0346,44.6804,107.534,143.566,184.554,163.202,173.947,182.881,90.9222,90.0387,132.802,127.316,103.666,62.766,97.566,25.5396,208.948,42.354,39.1501,89.7114,87.6026,41.3114,98.4123,93.7478,94.6205,29.0599,80.5383,38.7114,140.33,137.768,178.153,33.2685,50.7509,37.884,208.952,165.49,96.8387,117.207,146.548,30.1584,38.9595,168.148,42.7137,107.362,20.9322,44.1114,123.18,116.221,67.2355,29.2447,30.8876,75.566,196.93,141.151,82.0323,298.65,154.247,43.7025,128.184,99.0932,81.4297,168.173,171.696,109.784,137.021,30.4334,150.894,36.7501,78.2901,114.799,69.7821,258.111,27.1721,47.76,151.384,97.6687,122.348,104.571,87.2751,142.457,49.0569,71.4932,37.8173,79.3168,67.1437,62.722,34.9429,215.505,94.7596,
mu: 
srcDuals: 
lambda: 0,53.7746,144.911,21.7903,136.584,162.584,99.0205,191.093,60.1314,97.3114,136.366,53.8629,178.621,28.4987,248.293,160.657,151.89,145.456,72.7815,201.86,51.7051,106.647,27.8781,40.4751,90.9114,73.1628,37.7743,27.6141,226.111,30.0493,65.166,251.202,181.384,198.75,111.53,176.016,29.9222,41.166,240.271,112.436,152.111,196.44,74.5478,175.566,96.8751,53.8932,194.133,39.845,257.186,140.941,259.121,135.31,132.467,107.857,335.171,39.8556,71.2624,35.8205,66.939,47.0505,155.89,90.2932,191.566,164.145,84.9389,44.8387,76.7991,133.13,195.639,49.6228,68.6774,64.1114,62.1114,293.92,37.381,129.103,236.657,270.926,108.875,56.981,63.4869,126.892,143.806,43.6387,101.225,36.4387,53.4707,182.839,289.384,40.4276,156.641,53.7114,165.068,198.111,98.5478,82.2201,88.9322,235,110.857,91.9296,49.8569,53.3841,80.8751,60.4355,144.175,60.4984,37.8009,203.92,20.8868,133.239,115.917,65.8209,109.22,32.2311,66.4201,77.6955,41.8034,72.366,177.999,54.0528,110.268,197.202,125.93,64.5841,155.335,118.042,36.2394,133.147,46.3406,181.163,61.2258,49.7661,100.948,214.257,126.693,169.054,136.075,161.526,170.911,49.4932,29.4142,47.9896,53.3295,105.166,89.6355,35.6026,231.898,125.095,44.1114,47.5628,143.239,64.1746,68.4653,253.821,39.3746,183.074,134.693,62.7716,66.6932,28.3501,73.2387,93.1259,88.5114,36.9832,189.845,93.5169,48.2805,123.384,118.075,157.338,30.6996,119.93,69.7002,84.3279,145.239,47.1911,211.675,198.72,85.6228,86.5478,156.932,61.7478,102.475,180.105,44.581,141.202,90.4038,64.8023,138.413,93.6751,67.535,39.0505,72.7596,70.8785,221.989,213.174,116.657,105.563,135.82,165.08,151.375,153.1,30.4963,136.222,44.6591,59.5264,94.4751,225.999,31.0781,43.0346,44.6804,107.534,143.566,184.554,163.202,173.947,182.881,90.9222,90.0387,132.802,127.316,103.666,62.766,97.566,25.5396,208.948,42.354,39.1501,89.7114,87.6026,41.3114,98.4123,93.7478,94.6205,29.0599,80.5383,38.7114,140.33,137.768,178.153,33.2685,50.7509,37.884,208.952,165.49,96.8387,117.207,146.548,30.1584,38.9595,168.148,42.7137,107.362,20.9322,44.1114,123.18,116.221,67.2355,29.2447,30.8876,75.566,196.93,141.151,82.0323,298.65,154.247,43.7025,128.184,99.0932,81.4297,168.173,171.696,109.784,137.021,30.4334,150.894,36.7501,78.2901,114.799,69.7821,258.111,27.1721,47.76,151.384,97.6687,122.348,104.571,87.2751,142.457,49.0569,71.4932,37.8173,79.3168,67.1437,62.722,34.9429,215.505,94.7596,
mu: 
srcDuals: 
best alpha: 0.04
0:0
1:-0.52768
2:0.8
3:-0.028288
4:0.56
5:1
6:0.92
7:1
8:-0.0008
9:0.16
10:0.92
11:-0.81536
12:0.44
13:0.27616
14:0.96
15:1
16:0.83584
17:-0.380864
18:-0.458816
19:-1.08173
20:0.55808
21:0.32352
22:0.429056
23:1
24:0.64
25:0.75904
26:-0.46816
27:0.256576
28:0.8
29:0.596128
30:0.84
31:-0.68
32:0.68
33:-0.0016
34:0.96
35:0.29088
36:-0.42105
37:-0.28
38:0.26688
39:0.05504
40:1
41:-0.07616
42:0.28
43:0.96
44:1
45:0.72
46:-0.39776
47:0.006016
48:0.0384
49:0.44448
50:-0.252832
51:-0.592736
52:-0.42624
53:0.8
54:0.0016
55:0.342944
56:-0.04064
57:0.28
58:0.130176
59:0.24128
60:0.56224
61:0.68
62:1
63:-0.58016
64:-0.128832
65:-1.48
66:0.44224
67:0.8
68:1
69:-0.168
70:0.0784
71:0.64
72:-0.32
73:0.51072
74:-0.28416
75:-0.020928
76:-0.08
77:0.26688
78:1
79:0.83904
80:0.01728
81:0.57824
82:0.389312
83:0.16
84:-0.801984
85:0.04
86:0.717088
87:1
88:0.88
89:-1.7335
90:-0.0448
91:0.68
92:-0.25728
93:0.96
94:0.8
95:-1.07635
96:-0.267744
97:-0.62848
98:0.0343587
99:1
100:0.12
101:0.56
102:1
103:0.71584
104:0.70752
105:-1.83728
106:-0.168096
107:0.27712
108:-0.914848
109:0.84
110:0.58336
111:-0.79616
112:-1.0697
113:0.032928
114:-0.75392
115:-0.0144
116:-0.225056
117:0.52
118:0.83584
119:-0.16672
120:-0.24768
121:1
122:0.88
123:1
124:0.26976
125:-0.256448
126:0.228352
127:-0.08576
128:-0.20768
129:-0.080512
130:-0.787648
131:-0.308448
132:1
133:0.68
134:0.28
135:0.52864
136:0.88
137:0.87584
138:0.6
139:1
140:0.39808
141:0.27616
142:0.188096
143:0.496
144:-0.50816
145:0.223456
146:-0.0192
147:0.16704
148:0.76
149:0.83584
150:-0.28
151:0.39712
152:-0.025024
153:-1.36
154:0.47392
155:0.18784
156:-0.56
157:-0.525088
158:-0.64
159:0.032
160:1
161:-1.07552
162:0.88
163:-0.230464
164:-0.299392
165:0.19616
166:0.39616
167:-0.04
168:0.8
169:0.01312
170:-0.583962
171:0.12
172:-0.6768
173:0.27008
174:-1.08
175:-0.136
176:0.84
177:0.40672
178:0.1184
179:0.28
180:-0.147744
181:0.6
182:1
183:-1.18694
184:0.59904
185:0.76
186:0.05344
187:1
188:-0.21088
189:0.52
190:-0.218944
191:0.63168
192:-1.02592
193:-0.814272
194:-0.27232
195:0.04576
196:0.6
197:0.03584
198:-0.030464
199:-0.07664
200:-0.13408
201:-0.804877
202:-0.050944
203:0.51424
204:0.047296
205:0.95584
206:1
207:0.91584
208:0.025856
209:-0.79072
210:-0.630848
211:0.4416
212:0.8
213:-0.27456
214:0.84
215:-0.867776
216:-0.321952
217:-0.730688
218:0.64
219:1
220:-0.3792
221:0.63072
222:0.76
223:1
224:-0.236544
225:1
226:-0.384384
227:0.232
228:1
229:0.226656
230:1
231:-0.500544
232:0.96
233:0.88
234:-0.069248
235:0.15712
236:0.314359
237:0.68
238:-0.0848
239:-0.450039
240:-0.084928
241:-0.308544
242:0.014176
243:-0.0192
244:0.79584
245:-0.331283
246:0.551008
247:0.84
248:0.636128
249:0.253376
250:1
251:0.1152
252:-0.625312
253:-0.384544
254:-1.44
255:0.483488
256:-0.28
257:0.67584
258:-0.821696
259:0.056832
260:0.36
261:-0.275949
262:0.206048
263:0.63168
264:-0.509184
265:0.36352
266:-0.439232
267:-0.291283
268:0.88
269:-0.470336
270:-1.1241
271:0.1488
272:-0.6
273:1
274:0.267395
275:-0.36832
276:-0.128
277:0.39584
278:0.30144
279:0.576288
280:0.072
281:-0.338688
282:-0.805184
283:0.64
284:0.63808
285:-0.36832
286:-0.07744
287:0.28
288:0.114359
289:1
290:0.76
291:0.75584
292:-0.255744
293:-0.12032
294:-0.519776
295:-0.66528
296:-0.272832
297:0.83168
alpha: 14.2691
lagLB: 25970.1
stepSizeMultiplier: 1.1
targetLowerBound: 32126
||gamma||^2: 117.932
lambda: 0,51.2136,154.838,23.1522,146.511,172.511,108.947,201.02,62.1911,107.238,146.292,46.2593,188.547,33.4222,258.22,170.583,161.36,142.345,67.6237,190.675,59.13,111.233,32.7282,50.4015,100.838,81.8385,35.8288,31.0943,236.038,37.0405,75.0924,261.129,191.311,201.629,121.456,182.747,27.6365,51.0924,243.031,117.141,162.038,198.961,84.4742,185.492,106.801,63.8196,189.607,41.9752,260.065,146.778,259.402,128.767,128.06,117.783,339.737,43.8152,75.3917,45.7469,69.5259,53.6814,163.772,100.22,201.492,157.732,83.6067,54.7651,84.6807,143.056,205.565,54.0897,71.556,74.0378,72.0378,301.683,46.8508,130.127,246.583,273.685,118.801,65.6567,66.1472,133.285,148.245,53.5651,92.9322,46.3651,61.7126,192.765,299.311,22.0896,160.314,63.6378,167.371,208.038,108.474,71.0906,87.4045,235.119,114.107,101.856,59.7833,63.3106,90.8015,69.9053,152.731,41.0873,37.3036,210.094,11.8408,143.165,124.017,57.175,97.7453,40.0164,58.2109,83.7507,40.3035,82.2924,187.469,55.2241,110.188,207.129,135.856,74.5106,161.847,114.976,39.4277,135.569,46.2612,180.744,53.4951,46.5768,110.874,224.183,136.62,175.347,146.001,170.996,180.838,59.4196,36.8391,52.9131,56.9288,111.122,95.1347,38.7403,231.699,126.822,54.0378,57.0326,153.165,70.3488,68.6202,263.747,46.343,187.084,144.62,57.7558,76.6196,32.817,83.1651,81.5914,98.4378,36.2546,189.644,98.4404,53.204,133.311,128.001,159.542,26.7294,129.856,66.4244,88.7749,155.165,48.68,221.601,202.512,88.5015,96.4742,155.405,71.6742,112.401,167.832,53.2567,151.129,90.5427,74.7287,139.128,103.601,66.9255,48.0637,76.214,62.459,219.587,218.197,126.583,115.033,135.091,167.596,150.402,144.777,35.3464,141.126,45.9753,68.9962,104.401,235.469,36.7223,40.2354,37.7438,112.1,153.492,181.715,173.129,164.56,179.965,82.9533,99.9651,142.729,127.118,111.428,72.6924,107.492,24.3345,218.874,42.1019,43.617,99.6378,89.9462,51.2378,93.2367,103.674,104.547,29.171,86.7125,41.9619,150.256,141.441,173.086,32.804,50.0421,38.8578,208.754,174.96,93.4132,122.49,156.474,37.1496,43.2338,178.074,46.3865,101.309,18.6104,54.0378,129.833,126.147,76.7053,20.3347,33.9568,85.4924,193.663,143.695,91.0455,294.625,158.833,39.988,124.759,109.02,76.1528,156.136,176.957,119.711,146.947,34.0255,147.499,41.217,87.7599,117.916,75.7409,260.097,26.1517,39.0207,161.311,105.094,118.954,107.907,97.2015,145.707,58.9833,81.4196,47.2871,77.9132,66.7268,59.4155,31.7863,212.684,103.773,
mu: 
srcDuals: 
lambda: 0,53.7746,144.911,21.7903,136.584,162.584,99.0205,191.093,60.1314,97.3114,136.366,53.8629,178.621,28.4987,248.293,160.657,151.89,145.456,72.7815,201.86,51.7051,106.647,27.8781,40.4751,90.9114,73.1628,37.7743,27.6141,226.111,30.0493,65.166,251.202,181.384,198.75,111.53,176.016,29.9222,41.166,240.271,112.436,152.111,196.44,74.5478,175.566,96.8751,53.8932,194.133,39.845,257.186,140.941,259.121,135.31,132.467,107.857,335.171,39.8556,71.2624,35.8205,66.939,47.0505,155.89,90.2932,191.566,164.145,84.9389,44.8387,76.7991,133.13,195.639,49.6228,68.6774,64.1114,62.1114,293.92,37.381,129.103,236.657,270.926,108.875,56.981,63.4869,126.892,143.806,43.6387,101.225,36.4387,53.4707,182.839,289.384,40.4276,156.641,53.7114,165.068,198.111,98.5478,82.2201,88.9322,235,110.857,91.9296,49.8569,53.3841,80.8751,60.4355,144.175,60.4984,37.8009,203.92,20.8868,133.239,115.917,65.8209,109.22,32.2311,66.4201,77.6955,41.8034,72.366,177.999,54.0528,110.268,197.202,125.93,64.5841,155.335,118.042,36.2394,133.147,46.3406,181.163,61.2258,49.7661,100.948,214.257,126.693,169.054,136.075,161.526,170.911,49.4932,29.4142,47.9896,53.3295,105.166,89.6355,35.6026,231.898,125.095,44.1114,47.5628,143.239,64.1746,68.4653,253.821,39.3746,183.074,134.693,62.7716,66.6932,28.3501,73.2387,93.1259,88.5114,36.9832,189.845,93.5169,48.2805,123.384,118.075,157.338,30.6996,119.93,69.7002,84.3279,145.239,47.1911,211.675,198.72,85.6228,86.5478,156.932,61.7478,102.475,180.105,44.581,141.202,90.4038,64.8023,138.413,93.6751,67.535,39.0505,72.7596,70.8785,221.989,213.174,116.657,105.563,135.82,165.08,151.375,153.1,30.4963,136.222,44.6591,59.5264,94.4751,225.999,31.0781,43.0346,44.6804,107.534,143.566,184.554,163.202,173.947,182.881,90.9222,90.0387,132.802,127.316,103.666,62.766,97.566,25.5396,208.948,42.354,39.1501,89.7114,87.6026,41.3114,98.4123,93.7478,94.6205,29.0599,80.5383,38.7114,140.33,137.768,178.153,33.2685,50.7509,37.884,208.952,165.49,96.8387,117.207,146.548,30.1584,38.9595,168.148,42.7137,107.362,20.9322,44.1114,123.18,116.221,67.2355,29.2447,30.8876,75.566,196.93,141.151,82.0323,298.65,154.247,43.7025,128.184,99.0932,81.4297,168.173,171.696,109.784,137.021,30.4334,150.894,36.7501,78.2901,114.799,69.7821,258.111,27.1721,47.76,151.384,97.6687,122.348,104.571,87.2751,142.457,49.0569,71.4932,37.8173,79.3168,67.1437,62.722,34.9429,215.505,94.7596,
mu: 
srcDuals: 
best alpha: 0.06
0:0
1:-0.556019
2:-0.208
3:-0.206591
4:0.5864
5:1
6:0.2648
7:1
8:-0.000752
9:0.2104
10:-0.0952
11:-0.706438
12:-0.0664
13:0.0795904
14:0.9624
15:1
16:0.60569
17:-0.298012
18:-0.371287
19:-0.956824
20:0.284595
21:-0.175891
22:0.223313
23:1
24:0.4816
25:0.353498
26:-0.38007
27:-0.118819
28:0.812
29:0.38036
30:0.0696
31:-0.5792
32:-0.0208
33:0.058496
34:0.9024
35:0.333427
36:-0.455787
37:-0.2032
38:-0.169133
39:-0.0082624
40:1
41:-0.13159
42:0.3232
43:0.9624
44:1
45:0.4968
46:-0.313894
47:-0.174345
48:-0.083904
49:0.117811
50:-0.177662
51:-0.497172
52:-0.460666
53:0.572
54:-0.058496
55:0.262367
56:-0.278202
57:-0.0368
58:-0.477635
59:-0.0731968
60:-0.371494
61:0.4592
62:0.76
63:-0.48535
64:-0.0611021
65:-1.3312
66:0.475706
67:0.572
68:1
69:-0.39792
70:-0.046304
71:0.4816
72:-0.2408
73:0.300077
74:-0.20711
75:-0.439672
76:-0.0152
77:-0.169133
78:1
79:0.668698
80:-0.163757
81:0.483546
82:0.425953
83:-0.2696
84:-0.693865
85:-0.8624
86:0.494063
87:1
88:0.8872
89:-1.56949
90:-0.282112
91:0.3992
92:-0.601843
93:0.8424
94:0.752
95:-0.951771
96:-0.191679
97:-0.650771
98:0.0322972
99:1
100:0.1728
101:-0.3136
102:1
103:0.25289
104:0.185069
105:-1.66704
106:-0.0980102
107:-0.0395072
108:-0.799957
109:-0.0504
110:0.608358
111:-0.68839
112:-0.945521
113:-0.149048
114:-0.648685
115:-0.313536
116:-0.271553
117:-0.2912
118:0.72569
119:-0.276717
120:-0.412819
121:1
122:0.7072
123:1
124:-0.286426
125:-0.181061
126:0.154651
127:-0.260614
128:-0.375219
129:-0.255681
130:-0.680389
131:-0.229941
132:0.88
133:0.5192
134:-0.0368
135:0.496922
136:0.6472
137:0.88329
138:0.564
139:1
140:0.0741952
141:0.0195904
142:-0.24319
143:0.04624
144:-0.41767
145:-0.0299514
146:-0.138048
147:0.217018
148:0.4744
149:0.84569
150:-0.2032
151:0.133293
152:0.0364774
153:-1.2184
154:0.145485
155:0.0565696
156:-0.4664
157:-0.433583
158:-0.5416
159:-0.02992
160:1
161:-0.950989
162:0.8872
163:-0.576636
164:-0.281428
165:-0.11561
166:0.37239
167:0.0224
168:-0.148
169:-0.287667
170:-0.548924
171:0.1728
172:-0.576192
173:0.313875
174:-0.9552
175:-0.30784
176:0.1896
177:0.442317
178:-0.008704
179:0.3232
180:-0.438879
181:0.624
182:1
183:-1.05573
184:-0.156902
185:0.0544
186:0.110234
187:1
188:-0.198227
189:0.5488
190:-0.145807
191:0.413779
192:-0.904365
193:-0.705416
194:-0.195981
195:-0.0169856
196:0.264
197:0.0336896
198:0.0313638
199:-0.0720416
200:-0.0660352
201:-0.696585
202:-0.347887
203:0.543386
204:-0.255542
205:0.95849
206:1
207:0.32089
208:-0.395695
209:-1.04328
210:-0.532997
211:0.475104
212:0.812
213:-0.198086
214:0.1296
215:-0.755709
216:-0.242635
217:-0.626847
218:0.1816
219:1
220:-0.476448
221:0.412877
222:0.5344
223:1
224:-0.582351
225:1
226:-0.721321
227:0.03808
228:1
229:0.0330566
230:1
231:-0.410511
232:0.9624
233:0.5872
234:-0.605093
235:-0.152307
236:0.115497
237:0.1592
238:-0.439712
239:-0.363036
240:-0.139832
241:-0.710031
242:-0.106675
243:-0.138048
244:0.32809
245:-0.371406
246:0.217948
247:-0.0504
248:0.53796
249:0.118173
250:0.94
251:-0.131712
252:-0.527793
253:-0.301471
254:-1.2936
255:0.454479
256:-0.2032
257:0.39529
258:-0.712394
259:0.113422
260:0.3984
261:-0.199392
262:0.193685
263:0.473779
264:-0.418633
265:-0.0782912
266:-0.412878
267:-0.213806
268:0.8872
269:-0.382116
270:-0.99665
271:0.199872
272:-0.504
273:1
274:0.191351
275:-0.286221
276:-0.60032
277:-0.64791
278:0.0433536
279:0.421711
280:-0.17232
281:-0.558367
282:-0.816873
283:0.1816
284:0.239795
285:-0.286221
286:-0.0127936
287:0.3232
288:0.107497
289:1
290:-0.0056
291:0.59049
292:-0.180399
293:-0.293101
294:-0.788589
295:-0.685363
296:-0.196462
297:0.661779
alpha: 18.2386
lagLB: 30395.4
stepSizeMultiplier: 1.1
targetLowerBound: 32126
||gamma||^2: 92.2654
lambda: 0,46.2451,156.327,21.3867,144.575,176.853,112.148,205.362,60.12,99.5945,149.494,42.2284,184.899,32.4393,261.992,174.926,163.817,140.021,66.2346,186.424,59.6684,111.264,34.0004,54.7442,100.044,83.9936,31.0941,31.2752,237.527,38.5556,77.152,241.499,191.087,198.727,125.228,180.167,23.9141,37.1706,244.079,113.221,166.381,195.353,78.5431,189.264,111.144,64.167,188.458,39.9308,257.734,147.284,255.513,126.852,126.385,119.272,335.193,44.7491,70.6825,39.8159,68.7965,50.4934,163.913,99.9962,205.835,155.866,83.1005,23.7204,83.1095,144.545,209.908,47.2256,69.7961,73.2437,57.5453,301.208,33.3262,128.804,235.515,274.734,123.144,68.9533,63.7335,135.143,149.361,45.9217,89.7811,37.0095,63.7029,197.108,301.941,15.692,156.002,63.4144,161.397,211.81,109.963,66.8615,85.1117,226.032,111.347,106.199,51.5692,61.3749,95.1442,70.6499,154.27,34.282,35.4023,207.874,7.8327,145.225,124.241,54.4604,93.9559,32.701,55.6623,77.4901,38.592,79.7859,189.926,51.6739,106.734,211.471,138.486,78.8533,159.184,114.382,39.4978,131.923,43.3771,180.015,49.9868,45.3649,115.217,223.96,130.689,176.597,148.632,174.024,179.473,63.7624,35.0944,51.9302,56.0135,112.243,82.3845,38.7911,231.624,127.478,54.956,59.4895,139.243,69.8412,68.1082,234.414,46.137,185.755,126.703,55.2791,57.561,28.8067,87.5078,77.7791,101.068,33.6947,185.573,96.3159,53.9334,122.813,129.49,157.525,22.367,121.642,60.0428,88.1817,129.828,45.2505,223.661,204.524,87.3123,90.5431,154.824,70.3093,116.744,163.168,53.1288,152.047,91.1663,79.0715,135.404,101.095,64.4109,48.064,58.1206,59.2596,218.104,213.827,125.218,106.074,135.385,163.986,149.461,141.615,29.7694,143.56,45.334,73.1654,108.744,239.067,31.4471,31.7518,35.6787,113.835,154.981,180.636,175.188,161.564,178.287,80.4959,99.1709,147.071,121.905,112.665,73.6105,111.835,22.1643,223.217,36.8692,42.4605,103.981,90.8368,55.5806,91.27,107.446,107.177,28.0718,82.7802,43.197,150.033,136.558,171.731,32.0567,46.3482,38.0863,208.678,176.846,92.1116,125.069,158.534,39.2354,42.575,182.417,44.3575,98.4389,15.4451,23.5639,130.079,112.225,76.8792,17.5198,31.6985,80.7028,192.992,144.091,91.0459,291.384,159.434,37.435,124.028,111.65,74.7184,152.133,173.819,101.223,151.29,34.2489,145.638,34.9236,83.9384,119.1,78.0052,259.139,22.3394,36.2707,160.516,106.774,117.093,103.466,91.2704,144.089,63.326,82.3378,48.6025,75.6676,65.4269,55.3052,25.4499,211.612,106.627,
mu: 
srcDuals: 
lambda: 0,53.7746,144.911,21.7903,136.584,162.584,99.0205,191.093,60.1314,97.3114,136.366,53.8629,178.621,28.4987,248.293,160.657,151.89,145.456,72.7815,201.86,51.7051,106.647,27.8781,40.4751,90.9114,73.1628,37.7743,27.6141,226.111,30.0493,65.166,251.202,181.384,198.75,111.53,176.016,29.9222,41.166,240.271,112.436,152.111,196.44,74.5478,175.566,96.8751,53.8932,194.133,39.845,257.186,140.941,259.121,135.31,132.467,107.857,335.171,39.8556,71.2624,35.8205,66.939,47.0505,155.89,90.2932,191.566,164.145,84.9389,44.8387,76.7991,133.13,195.639,49.6228,68.6774,64.1114,62.1114,293.92,37.381,129.103,236.657,270.926,108.875,56.981,63.4869,126.892,143.806,43.6387,101.225,36.4387,53.4707,182.839,289.384,40.4276,156.641,53.7114,165.068,198.111,98.5478,82.2201,88.9322,235,110.857,91.9296,49.8569,53.3841,80.8751,60.4355,144.175,60.4984,37.8009,203.92,20.8868,133.239,115.917,65.8209,109.22,32.2311,66.4201,77.6955,41.8034,72.366,177.999,54.0528,110.268,197.202,125.93,64.5841,155.335,118.042,36.2394,133.147,46.3406,181.163,61.2258,49.7661,100.948,214.257,126.693,169.054,136.075,161.526,170.911,49.4932,29.4142,47.9896,53.3295,105.166,89.6355,35.6026,231.898,125.095,44.1114,47.5628,143.239,64.1746,68.4653,253.821,39.3746,183.074,134.693,62.7716,66.6932,28.3501,73.2387,93.1259,88.5114,36.9832,189.845,93.5169,48.2805,123.384,118.075,157.338,30.6996,119.93,69.7002,84.3279,145.239,47.1911,211.675,198.72,85.6228,86.5478,156.932,61.7478,102.475,180.105,44.581,141.202,90.4038,64.8023,138.413,93.6751,67.535,39.0505,72.7596,70.8785,221.989,213.174,116.657,105.563,135.82,165.08,151.375,153.1,30.4963,136.222,44.6591,59.5264,94.4751,225.999,31.0781,43.0346,44.6804,107.534,143.566,184.554,163.202,173.947,182.881,90.9222,90.0387,132.802,127.316,103.666,62.766,97.566,25.5396,208.948,42.354,39.1501,89.7114,87.6026,41.3114,98.4123,93.7478,94.6205,29.0599,80.5383,38.7114,140.33,137.768,178.153,33.2685,50.7509,37.884,208.952,165.49,96.8387,117.207,146.548,30.1584,38.9595,168.148,42.7137,107.362,20.9322,44.1114,123.18,116.221,67.2355,29.2447,30.8876,75.566,196.93,141.151,82.0323,298.65,154.247,43.7025,128.184,99.0932,81.4297,168.173,171.696,109.784,137.021,30.4334,150.894,36.7501,78.2901,114.799,69.7821,258.111,27.1721,47.76,151.384,97.6687,122.348,104.571,87.2751,142.457,49.0569,71.4932,37.8173,79.3168,67.1437,62.722,34.9429,215.505,94.7596,
mu: 
srcDuals: 
STATS - lpIterations[1] lagIterations[9] sspIterations[622] numSeparations[0] numCuts[0] compileTime[215] sspSolveTime[1055] lpSolveTime[0] lb[32020.1] ub[34231] numArcs: [7359818] numFixed: [0] time: [1427]
STATS1 - lpIterations[1] lagIterations[9] sspIterations[622] numSeparations[0] numCuts[0] compileTime[215] sspSolveTime[1055] lpSolveTime[0] repairTime[3] cutsTime[0] lb[32020.1] ub[34231] numArcs: [7359818] numFixed: [0] time: [1427]
lambda: 0,43.6336,141.118,18.0224,147.279,180.823,103.85,209.332,60.1177,101.149,134.63,40.9785,177.409,29.9503,265.846,178.895,162.937,140.021,66.0097,184.408,56.8957,103.439,31.951,58.7136,99.6951,79.6101,30.8424,25.447,240.921,36.9866,66.4354,240.639,181.005,199.817,127.988,182.098,21.6093,37.4599,237.186,112.285,170.35,194.04,80.4425,193.119,115.114,62.9542,188.408,36.6651,255.656,143.09,255.881,126.242,124.065,118.289,334.104,44.6408,66.1884,35.1493,58.2277,45.7155,149.115,98.6684,205.427,155.293,83.8244,20.5595,85.4753,143.562,213.877,42.3653,67.8328,72.8951,57.7196,299.393,33.6036,121.084,236.38,267.841,127.114,69.1771,60.5002,135.712,151.575,38.7216,88.5696,20.7097,62.4817,201.077,305.565,11.8023,151.496,60.9923,154.091,213.476,112.263,64.8612,85.4362,223.131,111.446,110.168,53.0085,47.6645,99.1136,65.0479,147.55,30.0939,36.0133,203.2,6.29671,132.319,127.012,53.2657,91.9747,29.5127,54.589,71.9771,36.8506,67.0549,191.235,49.0059,102.739,215.441,138.828,82.8227,150.111,114.739,39.06,128.394,39.4971,176.5,48.8165,45.5724,116.998,223.726,126.022,178.117,147.879,177.636,181.198,67.7318,30.7674,48.3469,48.8941,106.009,82.0178,35.0563,229.38,129.053,52.7638,62.987,139.533,66.6057,69.1306,231.599,42.0281,184.106,126.187,54.8637,56.8152,27.8044,91.4773,75.7812,104.693,26.4662,184.712,91.4083,55.0724,123.793,115.376,152.092,20.688,123.081,59.1912,90.0525,127.817,41.5765,215.133,206.787,85.4641,92.4425,148.928,73.1287,120.714,160.85,41.7193,142.195,92.4143,83.0409,134.798,103.684,64.8757,46.5973,56.2653,58.0128,218.415,212.864,121.472,106.177,136.392,163.766,150.17,140.395,24.1514,146.133,39.9984,77.0079,112.714,231.852,23.8612,24.0068,34.9593,116.199,158.376,180.941,165.566,160.164,178.455,79.4894,93.3508,151.041,118.626,111.196,72.5127,115.805,14.9184,227.186,29.1982,39.8446,107.95,88.2055,59.55,90.9252,111.301,105.33,18.0238,77.7604,40.8179,143.233,129.749,171.532,30.7182,37.8009,35.9384,206.435,171.474,90.0648,121.182,145.629,39.97,41.1148,185.292,40.3115,97.7354,15.4338,20.518,131.469,112.514,74.445,16.2516,32.9562,82.8322,193.293,144.684,90.6734,291.014,152.819,36.1722,124.285,115.274,74.4604,149.996,175.341,100.592,155.259,33.9234,145.674,25.8011,66.4731,115.59,77.4735,254.969,16.9883,32.8614,154.696,102.042,117.128,104.338,93.1698,144.417,67.2954,71.3911,48.587,76.0266,61.798,48.3392,22.4428,211.922,106.83,
mu: 
srcDuals: 
best alpha: 0.1
0:0
1:-0.400417
2:-0.0872
3:-0.385932
4:0.62776
5:1
6:0.33832
7:1
8:-0.0006768
9:-0.11064
10:0.01432
11:-0.535795
12:0.04024
13:-0.128369
14:0.56616
15:1
16:0.645121
17:-0.168211
18:-0.334158
19:-0.761142
20:0.156136
21:-0.0583021
22:0.100981
23:1
24:0.43344
25:0.418148
26:-0.242063
27:-0.0069367
28:0.6308
29:0.142324
30:0.16264
31:-0.42128
32:0.08128
33:-0.0473536
34:0.51216
35:0.400084
36:-0.510208
37:-0.08288
38:-0.0522195
39:-0.307436
40:1
41:-0.0184314
42:0.39088
43:0.96616
44:1
45:0.54712
46:-0.182505
47:-0.15691
48:-0.0755136
49:0.20603
50:-0.259896
51:-0.347455
52:-0.314599
53:0.6148
54:-0.152646
55:0.136131
56:-0.450381
57:0.06688
58:-0.329871
59:0.0341229
60:-0.234345
61:0.51328
62:0.784
63:-0.336815
64:-0.0549919
65:-1.09808
66:0.528135
67:0.6148
68:1
69:-0.258128
70:0.0583264
71:0.23344
72:-0.11672
73:-0.0299309
74:-0.486399
75:-0.295705
76:0.08632
77:-0.0522195
78:1
79:0.201828
80:-0.0473811
81:0.535191
82:0.483358
83:-0.34264
84:-0.524478
85:-0.67616
86:0.544656
87:1
88:0.89848
89:-1.31254
90:-0.153901
91:0.45928
92:-0.441659
93:0.85816
94:0.2768
95:-0.756594
96:-0.172511
97:-0.685694
98:0.129067
99:1
100:0.25552
101:-0.18224
102:1
103:0.327601
104:0.266562
105:-1.40034
106:0.0117908
107:0.0644435
108:-0.619961
109:0.05464
110:0.647523
111:-0.619551
112:-0.750969
113:-0.234143
114:-0.483816
115:-0.182182
116:-0.144397
117:-0.16208
118:0.553121
119:-0.549045
120:-0.471537
121:1
122:0.23648
123:1
124:-0.157783
125:-0.062955
126:0.0391858
127:-0.234553
128:-0.237697
129:-0.130113
130:-0.51235
131:-0.106947
132:0.692
133:0.46728
134:0.06688
135:0.447229
136:0.68248
137:0.794961
138:0.6076
139:1
140:-0.0332243
141:-0.182369
142:-0.118871
143:0.141616
144:-0.275903
145:0.0730438
146:-0.0242432
147:0.295316
148:0.22696
149:0.661121
150:-0.28288
151:-0.280036
152:0.13283
153:-0.99656
154:0.230936
155:0.150913
156:-0.31976
157:-0.390224
158:-0.38744
159:0.073072
160:0.2
161:-0.75589
162:0.89848
163:-0.418973
164:-0.253286
165:-0.104049
166:0.235151
167:0.12016
168:-0.0332
169:-0.1589
170:-0.494032
171:0.25552
172:-0.618573
173:0.382488
174:-0.75968
175:-0.577056
176:0.27064
177:0.498085
178:-0.0078336
179:0.39088
180:-0.294991
181:0.2616
182:0.4
183:-0.850155
184:-0.0412122
185:0.14896
186:0.19921
187:1
188:-0.0784045
189:0.59392
190:-0.0312266
191:0.0724013
192:-0.713928
193:-0.534874
194:-0.0763827
195:-0.115287
196:0.3376
197:-0.0696794
198:0.128227
199:-0.0648374
200:0.0405683
201:-0.526926
202:-0.413099
203:0.589047
204:-0.129988
205:0.962641
206:1
207:0.388801
208:-0.456126
209:-0.838949
210:-0.379697
211:0.527594
212:0.4308
213:-0.0782778
214:0.21664
215:-0.580138
216:-0.318371
217:-0.464162
218:0.26344
219:1
220:-0.328803
221:0.0715891
222:0.58096
223:1
224:-0.424116
225:1
226:-0.649189
227:-0.365728
228:0.8
229:0.129751
230:1
231:-0.46946
232:0.96616
233:-0.37152
234:-0.444584
235:-0.0370765
236:0.203947
237:0.24328
238:-0.295741
239:-0.226733
240:-0.125849
241:-0.539028
242:0.0039929
243:-0.0242432
244:0.395281
245:-0.234265
246:0.296153
247:0.05464
248:0.284164
249:0.106356
250:0.946
251:-0.418541
252:-0.375014
253:-0.271324
254:-1.06424
255:0.309031
256:-0.08288
257:0.455761
258:-0.541155
259:0.20208
260:0.45856
261:-0.0794532
262:0.274317
263:0.326401
264:-0.67677
265:0.0295379
266:-0.27159
267:-0.092425
268:0.89848
269:-0.243904
270:-0.796985
271:-0.0201152
272:-0.3536
273:1
274:0.0722163
275:-0.157599
276:-0.440288
277:-0.483119
278:0.0390182
279:0.0795396
280:-0.055088
281:-0.40253
282:-0.635186
283:0.26344
284:0.315816
285:-0.157599
286:-0.311514
287:0.39088
288:0.196747
289:1
290:0.09496
291:0.231441
292:-0.0623594
293:-0.663791
294:-0.60973
295:-0.616827
296:-0.0768159
297:-0.304399
alpha: 24.2056
lagLB: 32020.1
stepSizeMultiplier: 1.1
targetLowerBound: 33621.1
||gamma||^2: 72.7561
lambda: 0,43.6336,141.118,18.0224,147.279,180.823,103.85,209.332,60.1177,101.149,134.63,40.9785,177.409,29.9503,265.846,178.895,162.937,140.021,66.0097,184.408,56.8957,103.439,31.951,58.7136,99.6951,79.6101,30.8424,25.447,240.921,36.9866,66.4354,240.639,181.005,199.817,127.988,182.098,21.6093,37.4599,237.186,112.285,170.35,194.04,80.4425,193.119,115.114,62.9542,188.408,36.6651,255.656,143.09,255.881,126.242,124.065,118.289,334.104,44.6408,66.1884,35.1493,58.2277,45.7155,149.115,98.6684,205.427,155.293,83.8244,20.5595,85.4753,143.562,213.877,42.3653,67.8328,72.8951,57.7196,299.393,33.6036,121.084,236.38,267.841,127.114,69.1771,60.5002,135.712,151.575,38.7216,88.5696,20.7097,62.4817,201.077,305.565,11.8023,151.496,60.9923,154.091,213.476,112.263,64.8612,85.4362,223.131,111.446,110.168,53.0085,47.6645,99.1136,65.0479,147.55,30.0939,36.0133,203.2,6.29671,132.319,127.012,53.2657,91.9747,29.5127,54.589,71.9771,36.8506,67.0549,191.235,49.0059,102.739,215.441,138.828,82.8227,150.111,114.739,39.06,128.394,39.4971,176.5,48.8165,45.5724,116.998,223.726,126.022,178.117,147.879,177.636,181.198,67.7318,30.7674,48.3469,48.8941,106.009,82.0178,35.0563,229.38,129.053,52.7638,62.987,139.533,66.6057,69.1306,231.599,42.0281,184.106,126.187,54.8637,56.8152,27.8044,91.4773,75.7812,104.693,26.4662,184.712,91.4083,55.0724,123.793,115.376,152.092,20.688,123.081,59.1912,90.0525,127.817,41.5765,215.133,206.787,85.4641,92.4425,148.928,73.1287,120.714,160.85,41.7193,142.195,92.4143,83.0409,134.798,103.684,64.8757,46.5973,56.2653,58.0128,218.415,212.864,121.472,106.177,136.392,163.766,150.17,140.395,24.1514,146.133,39.9984,77.0079,112.714,231.852,23.8612,24.0068,34.9593,116.199,158.376,180.941,165.566,160.164,178.455,79.4894,93.3508,151.041,118.626,111.196,72.5127,115.805,14.9184,227.186,29.1982,39.8446,107.95,88.2055,59.55,90.9252,111.301,105.33,18.0238,77.7604,40.8179,143.233,129.749,171.532,30.7182,37.8009,35.9384,206.435,171.474,90.0648,121.182,145.629,39.97,41.1148,185.292,40.3115,97.7354,15.4338,20.518,131.469,112.514,74.445,16.2516,32.9562,82.8322,193.293,144.684,90.6734,291.014,152.819,36.1722,124.285,115.274,74.4604,149.996,175.341,100.592,155.259,33.9234,145.674,25.8011,66.4731,115.59,77.4735,254.969,16.9883,32.8614,154.696,102.042,117.128,104.338,93.1698,144.417,67.2954,71.3911,48.587,76.0266,61.798,48.3392,22.4428,211.922,106.83,
mu: 
srcDuals: 
lambda: 0,43.6336,141.118,18.0224,147.279,180.823,103.85,209.332,60.1177,101.149,134.63,40.9785,177.409,29.9503,265.846,178.895,162.937,140.021,66.0097,184.408,56.8957,103.439,31.951,58.7136,99.6951,79.6101,30.8424,25.447,240.921,36.9866,66.4354,240.639,181.005,199.817,127.988,182.098,21.6093,37.4599,237.186,112.285,170.35,194.04,80.4425,193.119,115.114,62.9542,188.408,36.6651,255.656,143.09,255.881,126.242,124.065,118.289,334.104,44.6408,66.1884,35.1493,58.2277,45.7155,149.115,98.6684,205.427,155.293,83.8244,20.5595,85.4753,143.562,213.877,42.3653,67.8328,72.8951,57.7196,299.393,33.6036,121.084,236.38,267.841,127.114,69.1771,60.5002,135.712,151.575,38.7216,88.5696,20.7097,62.4817,201.077,305.565,11.8023,151.496,60.9923,154.091,213.476,112.263,64.8612,85.4362,223.131,111.446,110.168,53.0085,47.6645,99.1136,65.0479,147.55,30.0939,36.0133,203.2,6.29671,132.319,127.012,53.2657,91.9747,29.5127,54.589,71.9771,36.8506,67.0549,191.235,49.0059,102.739,215.441,138.828,82.8227,150.111,114.739,39.06,128.394,39.4971,176.5,48.8165,45.5724,116.998,223.726,126.022,178.117,147.879,177.636,181.198,67.7318,30.7674,48.3469,48.8941,106.009,82.0178,35.0563,229.38,129.053,52.7638,62.987,139.533,66.6057,69.1306,231.599,42.0281,184.106,126.187,54.8637,56.8152,27.8044,91.4773,75.7812,104.693,26.4662,184.712,91.4083,55.0724,123.793,115.376,152.092,20.688,123.081,59.1912,90.0525,127.817,41.5765,215.133,206.787,85.4641,92.4425,148.928,73.1287,120.714,160.85,41.7193,142.195,92.4143,83.0409,134.798,103.684,64.8757,46.5973,56.2653,58.0128,218.415,212.864,121.472,106.177,136.392,163.766,150.17,140.395,24.1514,146.133,39.9984,77.0079,112.714,231.852,23.8612,24.0068,34.9593,116.199,158.376,180.941,165.566,160.164,178.455,79.4894,93.3508,151.041,118.626,111.196,72.5127,115.805,14.9184,227.186,29.1982,39.8446,107.95,88.2055,59.55,90.9252,111.301,105.33,18.0238,77.7604,40.8179,143.233,129.749,171.532,30.7182,37.8009,35.9384,206.435,171.474,90.0648,121.182,145.629,39.97,41.1148,185.292,40.3115,97.7354,15.4338,20.518,131.469,112.514,74.445,16.2516,32.9562,82.8322,193.293,144.684,90.6734,291.014,152.819,36.1722,124.285,115.274,74.4604,149.996,175.341,100.592,155.259,33.9234,145.674,25.8011,66.4731,115.59,77.4735,254.969,16.9883,32.8614,154.696,102.042,117.128,104.338,93.1698,144.417,67.2954,71.3911,48.587,76.0266,61.798,48.3392,22.4428,211.922,106.83,
mu: 
srcDuals: 
STATS - lpIterations[1] lagIterations[9] sspIterations[622] numSeparations[0] numCuts[0] compileTime[215] sspSolveTime[1055] lpSolveTime[0] lb[32184.1] ub[34231] numArcs: [7359818] numFixed: [0] time: [1450]
STATS1 - lpIterations[1] lagIterations[9] sspIterations[622] numSeparations[0] numCuts[0] compileTime[215] sspSolveTime[1055] lpSolveTime[0] repairTime[26] cutsTime[0] lb[32184.1] ub[34231] numArcs: [7359818] numFixed: [0] time: [1450]
lambda: 0,43.6336,141.118,17.8515,147.279,180.823,103.85,209.332,59.2518,98.6512,134.63,40.9785,177.409,26.8595,263.348,178.895,162.766,140.021,66.0097,184.408,56.7438,103.439,31.951,58.7136,98.8292,79.6101,30.8424,25.447,238.423,35.0689,66.4354,240.639,181.005,199.54,126.321,182.098,20.7434,37.4599,237.186,110.367,170.35,194.04,80.4425,193.119,115.114,62.9542,188.408,36.1166,254.79,143.09,255.604,126.242,124.065,118.289,333.937,44.2871,63.9297,35.1493,58.2277,45.7155,149.115,98.6684,205.427,155.293,83.4707,20.5595,85.4753,143.562,213.877,42.3653,67.8328,70.9775,57.7196,299.227,31.1059,121.084,236.38,267.841,127.114,66.9184,60.5002,135.712,151.575,37.3525,88.5696,20.7097,62.4817,201.077,305.565,11.8023,151.496,60.9923,154.091,213.476,107.565,64.8612,85.0684,222.964,111.446,110.168,53.0085,47.6645,99.1136,65.0479,147.55,30.0939,36.0133,203.2,6.29671,132.319,127.012,52.912,91.9747,27.5951,54.589,71.9771,36.8506,67.0549,191.068,45.915,102.587,215.441,134.112,82.8227,149.94,114.739,37.6446,128.242,39.4971,176.5,48.8165,45.5724,116.721,222.86,126.022,177.251,147.708,177.059,181.198,67.7318,28.2697,45.2561,48.8941,106.009,82.0178,35.0563,229.38,129.053,50.8462,62.7102,139.218,64.347,69.1306,231.599,42.0281,184.106,126.187,54.4958,56.8152,27.8044,89.6941,75.7812,104.693,26.4662,183.846,91.2564,54.9205,123.793,115.376,152.092,19.8221,123.081,58.7845,90.0525,127.817,41.4101,215.133,206.787,84.5982,92.4425,148.928,70.631,118.93,160.85,41.7193,142.195,92.4143,83.0409,134.798,103.684,64.8757,44.9301,56.2653,58.0128,218.415,212.698,121.472,104.51,136.392,162.9,150.17,140.395,22.4842,146.133,39.9984,77.0079,112.714,231.852,23.6903,24.0068,34.9593,116.199,156.709,180.941,165.566,160.164,178.179,79.4894,93.3508,151.041,118.626,111.029,72.5127,115.805,14.9184,227.186,29.1982,35.0866,105.452,88.2055,59.55,90.6484,111.301,100.615,18.0238,77.7604,40.8179,143.233,129.749,171.532,30.7182,37.8009,35.9384,206.435,171.474,90.0648,121.182,145.629,38.1868,40.249,185.292,37.2206,97.7354,14.0184,20.518,129.551,110.332,74.2742,16.2516,32.9562,82.8322,193.293,144.684,90.0958,290.737,152.819,36.1722,124.285,115.274,74.4604,149.996,174.763,100.592,155.259,32.6508,145.674,25.8011,66.4731,115.041,77.1023,254.969,16.9883,32.8614,154.696,102.042,117.128,104.061,93.1698,144.417,67.2954,71.3911,43.5178,76.0266,59.5394,48.3392,22.0361,211.922,101.76,
mu: 
srcDuals: 
fixing. lower bound used: 32184.1
percent fixed: 0
best alpha: 0.01
0:0
1:-0.406413
2:-0.076328
3:-0.392072
4:0.631482
5:0.97
6:0.314937
7:0.76
8:-0.06067
9:-0.199534
10:0.0241768
11:-0.540437
12:0.0298376
13:-0.127085
14:0.250498
15:0.8
16:0.618669
17:-0.166529
18:-0.320817
19:-0.74353
20:0.154574
21:-0.0577191
22:0.0799716
23:0.33
24:0.129106
25:0.413966
26:-0.339643
27:-0.0968673
28:0.514492
29:0.120901
30:0.121014
31:-0.407067
32:0.0604672
33:-0.0468801
34:0.507038
35:-0.123916
36:-0.515106
37:-0.0720512
38:-0.0616973
39:-0.294362
40:0.57
41:-0.018247
42:-0.0330288
43:0.126498
44:0.47
45:0.521649
46:-0.19068
47:-0.155341
48:-0.0747585
49:0.15397
50:-0.247297
51:-0.33398
52:-0.311453
53:0.418652
54:-0.15112
55:0.124769
56:-0.445878
57:-0.103789
58:-0.316572
59:0.00378165
60:-0.232002
61:0.408147
62:0.69616
63:-0.333447
64:-0.084442
65:-1.0771
66:0.492854
67:0.358652
68:0.37
69:-0.265547
70:0.0577431
71:0.221106
72:-0.105553
73:-0.0396316
74:-0.491535
75:-0.292748
76:0.0754568
77:-0.0916973
78:0.91
79:0.20981
80:-0.0469073
81:0.439839
82:0.468524
83:-0.329214
84:-0.509234
85:-0.659398
86:0.53921
87:0.07
88:0.759495
89:-1.28942
90:-0.172362
91:0.294687
92:-0.427242
93:0.789578
94:0.264032
95:-0.739028
96:-0.170786
97:-0.668837
98:0.0977768
99:0.41
100:0.262965
101:-0.180418
102:0.78
103:0.274325
104:0.253896
105:-1.37634
106:-0.0283271
107:0.0637991
108:-0.613762
109:0.0540936
110:0.0610473
111:-0.613356
112:-0.743459
113:-0.231801
114:-0.468978
115:-0.220361
116:-0.172953
117:-0.160459
118:0.427589
119:-0.543555
120:-0.466822
121:-0.05
122:0.234115
123:0.66
124:-0.146205
125:-0.0623255
126:0.0287939
127:-0.232207
128:-0.23532
129:-0.118812
130:-0.507227
131:-0.105878
132:0.57508
133:0.202607
134:-0.103789
135:0.412757
136:0.485655
137:0.787011
138:0.501524
139:-0.77
140:-0.0728921
141:-0.180545
142:-0.127682
143:0.1502
144:-0.273144
145:-0.0276867
146:-0.0340008
147:0.242363
148:0.20469
149:0.554509
150:-0.300051
151:-0.277236
152:0.0415014
153:-0.976594
154:0.208627
155:0.139404
156:-0.306562
157:-0.386322
158:-0.373566
159:-0.177659
160:0.148
161:-0.738331
162:0.699495
163:-0.424783
164:-0.260753
165:-0.103008
166:0.2228
167:0.108958
168:-0.032868
169:-0.227311
170:-0.499091
171:0.242965
172:-0.622387
173:-0.0913372
174:-0.742083
175:-0.571285
176:0.267934
177:0.483104
178:-0.107755
179:-0.333029
180:-0.292042
181:0.048984
182:0.366
183:-0.831653
184:-0.0908
185:0.14747
186:0.157218
187:0.09
188:-0.0776204
189:0.0279808
190:-0.0309144
191:0.0316773
192:-0.706789
193:-0.519525
194:-0.135619
195:-0.114134
196:0.304224
197:-0.0789826
198:0.106945
199:-0.0841891
200:0.0401626
201:-0.521657
202:-0.418968
203:0.543157
204:-0.138688
205:0.823014
206:0.73
207:0.364913
208:-0.481565
209:-0.82056
210:-0.3959
211:0.412318
212:0.426492
213:-0.097495
214:0.214474
215:-0.564337
216:-0.305188
217:-0.45952
218:0.250806
219:0.05
220:-0.325515
221:0.0408732
222:0.32515
223:0.62
224:-0.429875
225:0.99
226:-0.632697
227:-0.372071
228:0.482
229:0.0784535
230:0.5
231:-0.454766
232:0.736498
233:-0.367805
234:-0.440138
235:-0.0467057
236:0.161908
237:0.190847
238:-0.292783
239:-0.234465
240:-0.134591
241:-0.533638
242:-0.016047
243:-0.0440008
244:0.391328
245:-0.221922
246:0.283191
247:0.0540936
248:0.261323
249:0.0252925
250:0.81654
251:-0.414355
252:-0.361264
253:-0.278611
254:-1.0436
255:0.305941
256:-0.0820512
257:0.291203
258:-0.535743
259:0.140059
260:0.303974
261:-0.0886587
262:0.281573
263:0.123137
264:-0.660002
265:0.00924254
266:-0.288874
267:-0.0815008
268:0.699495
269:-0.251465
270:-0.779015
271:-0.00991405
272:-0.340064
273:0.92
274:0.0314942
275:-0.176023
276:-0.455885
277:-0.478288
278:0.0486281
279:0.0387443
280:-0.0545371
281:-0.418505
282:-0.628834
283:0.220806
284:0.272658
285:-0.176023
286:-0.298399
287:-0.333029
288:0.15478
289:0.03
290:0.0440104
291:0.209126
292:-0.0817358
293:-0.647153
294:-0.603633
295:-0.620659
296:-0.0660477
297:-0.301355
alpha: 35.0303
lagLB: 10989
stepSizeMultiplier: 1.1
targetLowerBound: 33793.3
||gamma||^2: 50.5313
lambda: 0,33.9413,139.007,8.68068,162.475,205.028,112.039,233.537,60.1013,98.4707,134.976,28.0093,178.383,26.8431,279.55,203.101,178.553,135.949,57.9212,165.985,60.675,102.028,34.3954,82.9193,110.187,89.7316,24.9831,25.2791,256.19,40.4316,70.3722,230.441,182.972,198.671,140.385,191.782,9.25935,35.4537,235.922,104.843,194.556,193.594,89.904,216.505,139.319,76.1975,183.991,32.867,253.828,148.077,249.59,117.832,116.45,133.171,330.409,47.9359,55.2866,36.7682,50.2429,46.5415,143.442,111.093,224.404,147.14,82.4933,0,98.2592,158.444,238.083,36.1172,69.2447,78.5457,54.8943,298.669,21.83,113.926,238.469,266.577,151.319,74.0624,59.3533,148.666,163.275,30.4277,75.8743,4.34286,75.6654,225.283,327.314,0,147.77,72.1094,143.4,234.248,118.963,46.5473,81.2605,206.533,114.57,134.374,59.1935,43.2533,123.319,72.9776,154.002,0,36.2987,204.759,0,133.642,142.686,38.269,73.7971,23.8451,42.8779,67.5673,33.3554,63.1316,204.623,35.7159,91.3247,239.647,144.552,107.028,146.292,113.216,40.0085,122.716,33.7435,173.351,36.4147,42.9836,133.748,235.037,127.641,188.942,164.399,196.879,195.905,91.9374,29.9632,43.9326,46.0167,109.437,75.3394,36.8244,228.793,136.201,58.2575,78.9898,132.685,59.8272,72.3458,207.476,47.618,187.759,118.447,45.4181,47.437,29.5731,96.3184,57.4844,126.441,16.3247,178.581,88.8898,60.7644,126.701,114.572,148.245,8.72967,129.266,44.2183,99.3109,109.429,27.6085,221.684,218.844,85.2744,101.904,141.787,79.4608,130.396,140.271,40.7217,145.8,97.2363,107.247,132.9,118.061,64.1198,48.3498,38.9842,45.0658,216.566,210.073,129.644,104.491,139.495,162.197,151.152,127.64,14.152,160.391,36.8519,100.309,136.919,241.263,12.8204,3.69947,25.7684,128.97,168.803,179.046,170.81,146.121,170.749,68.2541,99.7275,175.247,110.667,112.929,86.5752,140.01,4.65235,251.392,13.4841,30.9919,127.314,91.3462,83.7556,79.5616,134.687,96.3373,7.2624,76.8629,45.7546,149.122,122.59,166.044,27.6719,24.7534,36.035,205.848,181.042,84.3942,128.35,146.951,46.8484,43.6893,208.191,30.1804,88.6579,8.8662,0,138.949,110.508,85.477,3.15264,37.8477,93.9319,191.37,151.324,98.5741,274.633,153.534,29.5982,122.047,137.023,68.5566,130.704,174.854,92.0328,179.465,35.6714,141.859,15.1437,54.7789,116.534,79.3988,253.635,7.24483,17.4863,161.073,109.687,113.313,96.7977,102.631,149.18,91.5011,73.6897,54.1892,74.5171,45.7305,33.5803,7.51214,210.062,99.4614,
mu: 
srcDuals: 
lambda: 0,43.6336,141.118,17.8515,147.279,180.823,103.85,209.332,59.2518,98.6512,134.63,40.9785,177.409,26.8595,263.348,178.895,162.766,140.021,66.0097,184.408,56.7438,103.439,31.951,58.7136,98.8292,79.6101,30.8424,25.447,238.423,35.0689,66.4354,240.639,181.005,199.54,126.321,182.098,20.7434,37.4599,237.186,110.367,170.35,194.04,80.4425,193.119,115.114,62.9542,188.408,36.1166,254.79,143.09,255.604,126.242,124.065,118.289,333.937,44.2871,63.9297,35.1493,58.2277,45.7155,149.115,98.6684,205.427,155.293,83.4707,20.5595,85.4753,143.562,213.877,42.3653,67.8328,70.9775,57.7196,299.227,31.1059,121.084,236.38,267.841,127.114,66.9184,60.5002,135.712,151.575,37.3525,88.5696,20.7097,62.4817,201.077,305.565,11.8023,151.496,60.9923,154.091,213.476,107.565,64.8612,85.0684,222.964,111.446,110.168,53.0085,47.6645,99.1136,65.0479,147.55,30.0939,36.0133,203.2,6.29671,132.319,127.012,52.912,91.9747,27.5951,54.589,71.9771,36.8506,67.0549,191.068,45.915,102.587,215.441,134.112,82.8227,149.94,114.739,37.6446,128.242,39.4971,176.5,48.8165,45.5724,116.721,222.86,126.022,177.251,147.708,177.059,181.198,67.7318,28.2697,45.2561,48.8941,106.009,82.0178,35.0563,229.38,129.053,50.8462,62.7102,139.218,64.347,69.1306,231.599,42.0281,184.106,126.187,54.4958,56.8152,27.8044,89.6941,75.7812,104.693,26.4662,183.846,91.2564,54.9205,123.793,115.376,152.092,19.8221,123.081,58.7845,90.0525,127.817,41.4101,215.133,206.787,84.5982,92.4425,148.928,70.631,118.93,160.85,41.7193,142.195,92.4143,83.0409,134.798,103.684,64.8757,44.9301,56.2653,58.0128,218.415,212.698,121.472,104.51,136.392,162.9,150.17,140.395,22.4842,146.133,39.9984,77.0079,112.714,231.852,23.6903,24.0068,34.9593,116.199,156.709,180.941,165.566,160.164,178.179,79.4894,93.3508,151.041,118.626,111.029,72.5127,115.805,14.9184,227.186,29.1982,35.0866,105.452,88.2055,59.55,90.6484,111.301,100.615,18.0238,77.7604,40.8179,143.233,129.749,171.532,30.7182,37.8009,35.9384,206.435,171.474,90.0648,121.182,145.629,38.1868,40.249,185.292,37.2206,97.7354,14.0184,20.518,129.551,110.332,74.2742,16.2516,32.9562,82.8322,193.293,144.684,90.0958,290.737,152.819,36.1722,124.285,115.274,74.4604,149.996,174.763,100.592,155.259,32.6508,145.674,25.8011,66.4731,115.041,77.1023,254.969,16.9883,32.8614,154.696,102.042,117.128,104.061,93.1698,144.417,67.2954,71.3911,43.5178,76.0266,59.5394,48.3392,22.0361,211.922,101.76,
mu: 
srcDuals: 
best alpha: 0.02
0:0
1:-0.378285
2:-0.0548014
3:-0.424231
4:0.638853
5:0.3906
6:0.228638
7:0.1248
8:-0.0394566
9:-0.235543
10:0.0436933
11:-0.509628
12:0.00924085
13:-0.124543
14:-0.174512
15:0.144
16:0.346296
17:-0.163198
18:-0.2944
19:-0.70866
20:0.0714828
21:-0.0565647
22:0.0383721
23:-0.2566
24:0.0265235
25:0.385687
26:-0.31285
27:-0.13493
28:0.164202
29:0.078483
30:-0.0414067
31:-0.378926
32:-0.0207421
33:-0.0859425
34:0.396898
35:-0.221438
36:-0.504804
37:-0.0506102
38:-0.140463
39:-0.268475
40:0.5786
41:-0.0178821
42:-0.0923682
43:0.0239684
44:0.4806
45:0.231216
46:-0.206866
47:-0.132235
48:-0.173263
49:0.13089
50:-0.222351
51:-0.307301
52:-0.285224
53:0.070279
54:-0.308098
55:0.102274
56:-0.41696
57:-0.381713
58:-0.290241
59:-0.036294
60:-0.207361
61:0.219984
62:0.302237
63:-0.306778
64:-0.122753
65:-1.03556
66:0.502997
67:0.131479
68:-0.1574
69:-0.260236
70:0.0565883
71:0.176683
72:-0.0834417
73:-0.0388389
74:-0.501705
75:-0.286893
76:0.0139477
77:-0.229863
78:0.4318
79:0.225613
80:-0.0459692
81:0.351042
82:0.399154
83:-0.302629
84:-0.479049
85:-0.62621
86:0.488426
87:-0.4114
88:0.104305
89:-1.24363
90:-0.148915
91:-0.0112065
92:-0.398697
93:0.553787
94:0.178751
95:-0.704247
96:-0.147371
97:-0.73546
98:-0.164179
99:-0.0782
100:0.137706
101:-0.176809
102:0.7844
103:0.128838
104:0.208818
105:-1.32881
106:-0.0477606
107:0.0425231
108:-0.581487
109:0.0330117
110:-0.0401736
111:-0.581089
112:-0.70859
113:-0.207165
114:-0.439599
115:-0.195953
116:-0.229494
117:-0.19725
118:0.0990376
119:-0.512684
120:-0.457485
121:-0.029
122:0.229433
123:0.2868
124:-0.143281
125:-0.0610789
126:0.00821806
127:-0.227563
128:-0.230614
129:-0.116436
130:-0.497082
131:-0.10376
132:0.123578
133:0.0985551
134:-0.321713
135:0.324502
136:0.195942
137:0.711271
138:-0.0485065
139:-0.7346
140:-0.111434
141:-0.176934
142:-0.145128
143:0.127196
144:-0.247681
145:-0.347133
146:-0.0333208
147:0.177515
148:0.140597
149:0.103419
150:-0.29405
151:-0.251691
152:0.0206714
153:-0.937063
154:0.104454
155:0.0766154
156:-0.280431
157:-0.358596
158:-0.346094
159:-0.774106
160:0.10504
161:-0.703564
162:-0.0144947
163:-0.416287
164:-0.235538
165:-0.100948
166:0.0583438
167:0.0467792
168:-0.0322106
169:-0.202765
170:-0.469109
171:0.138106
172:-0.589939
173:-0.10951
174:-0.707242
175:-0.53986
176:0.242575
177:0.373442
178:-0.1256
179:-0.306368
180:-0.286201
181:-0.0519957
182:0.33868
183:-0.79502
184:-0.188984
185:0.144521
186:0.0940738
187:-0.4318
188:-0.056068
189:0.0474212
190:-0.0502961
191:-0.0689563
192:-0.672653
193:-0.489135
194:-0.152907
195:-0.191851
196:0.23814
197:-0.137403
198:0.104806
199:-0.0625053
200:0.0193594
201:-0.491224
202:-0.430588
203:0.292293
204:-0.135914
205:0.506554
206:0.0754
207:0.157614
208:-0.491933
209:-0.784148
210:-0.407982
211:0.344071
212:0.297962
213:-0.135545
214:0.210184
215:-0.53305
216:-0.279084
217:-0.45033
218:-0.0742105
219:0.069
220:-0.299005
221:-0.0599442
222:-0.0813526
223:0.3276
224:-0.441278
225:0.8102
226:-0.600043
227:-0.364629
228:-0.22764
229:-0.243116
230:0.17
231:-0.42567
232:0.261768
233:-0.360449
234:-0.431335
235:-0.0657716
236:-0.0213302
237:-0.0529697
238:-0.266928
239:-0.209776
240:-0.151899
241:-0.522965
242:-0.0157261
243:-0.0431208
244:0.383501
245:-0.197484
246:0.277527
247:0.0130117
248:0.176096
249:0.00478668
250:0.0202092
251:-0.406068
252:-0.334039
253:-0.273039
254:-1.00273
255:0.319822
256:-0.0804102
257:-0.074621
258:-0.525028
259:0.0172579
260:-0.242105
261:-0.0668855
262:0.235942
263:-0.0593255
264:-0.626802
265:-0.0709423
266:-0.283097
267:-0.0598708
268:-0.0144947
269:-0.286436
270:-0.743435
271:-0.0497158
272:-0.313263
273:0.4016
274:-0.109136
275:-0.172502
276:-0.486767
277:-0.468722
278:0.0676555
279:-0.0820306
280:-0.0734464
281:-0.450135
282:-0.596257
283:0.0563895
284:0.127204
285:-0.172502
286:-0.272431
287:-0.306368
288:-0.128316
289:0.0494
290:0.0431302
291:0.164944
292:-0.0801011
293:-0.61421
294:-0.591561
295:-0.608245
296:-0.0447268
297:-0.295328
alpha: 48.9657
lagLB: 23805.6
stepSizeMultiplier: 1.1
targetLowerBound: 33793.3
||gamma||^2: 36.1503
lambda: 0,29.3969,138.444,4.11712,169.4,214.802,114.882,235.955,57.1265,91.6614,135.477,22.0469,178.455,22.4076,272.123,206.92,184.438,134.187,54.7714,158.362,62.1585,101.417,34.7525,70.2736,103.352,94.1114,18.9446,22.0537,256.446,39.3041,70.6745,226.379,183.123,197.898,144.083,177.757,2.69907,34.9359,235.025,100.056,190.317,193.401,79.2855,197.55,131.578,81.2277,181.729,30.6749,252.171,148.484,246.941,114.543,113.155,132.955,328.644,48.6578,48.3105,31.5136,47.138,45.848,140.987,112.966,229.814,143.612,80.5127,0,102.74,156.126,226.838,33.0631,69.8556,78.7229,54.022,297.838,13.8873,110.829,239.023,264.629,158.991,74.2681,58.857,151.119,167.988,25.82,70.731,0,81.3704,203.529,332.171,0,145.458,71.3152,139.125,241.135,116.814,38.9728,79.0857,199.535,114.871,124.531,62.2202,41.3444,126.437,74.6575,156.444,0,35.021,205.434,0,134.214,129.151,31.4259,65.9311,19.475,38.1606,64.2578,30.792,61.434,206.047,26.8742,86.2338,213.689,142.313,105.943,144.819,112.556,38.6533,120.107,31.2538,172.338,31.0482,41.8634,136.866,229.958,122.386,191.71,164.721,204.628,198.767,40.7585,25.7163,38.9315,44.4213,111.271,72.4495,34.0865,228.189,137.543,58.0165,82.1348,128.707,54.6354,70.5844,197.388,49.3363,188.989,115.448,40.9629,43.7291,21.581,94.8785,49.9172,129.196,11.5859,174.712,87.648,62.7252,127.61,114.224,144.129,2.33883,131.592,36.9821,86.8529,101.822,21.3978,224.519,223.711,80.8235,80.7764,138.697,72.3469,131.752,131.717,38.5385,147.36,97.9217,86.1936,132.079,104.665,63.7927,46.0398,31.5063,39.8136,213.664,208.699,132.129,101.743,140.138,159.951,151.577,122.121,7.80764,165.159,35.1401,105.838,138.286,244.635,6.821,0,21.0908,130.643,171.649,177.526,173.079,140.395,167.488,63.3923,102.137,152.792,107.223,112.461,83.9028,137.523,0,261.866,7.03462,22.0528,122.337,90.9538,77.0651,74.7178,137.1,87.7303,2.60568,76.1243,46.4896,149.919,119.492,163.318,26.0034,19.1074,35.3763,204.893,185.182,82.2908,131.102,147.523,47.341,41.135,213.896,22.7056,85.0802,4.25859,0,140.268,107.457,84.4751,0,37.8625,93.4805,190.187,154.547,94.4093,267.617,153.143,26.0528,121.43,139.778,65.6515,122.707,174.416,88.6794,187.487,33.754,139.507,9.83132,49.7185,116.745,78.4595,253.058,2.32798,10.8331,162.431,111.593,110.962,93.6083,81.5037,149.839,68.3464,72.9328,50.8435,73.1634,36.8694,27.1938,0.29426,209.608,91.2037,
mu: 
srcDuals: 
lambda: 0,43.6336,141.118,17.8515,147.279,180.823,103.85,209.332,59.2518,98.6512,134.63,40.9785,177.409,26.8595,263.348,178.895,162.766,140.021,66.0097,184.408,56.7438,103.439,31.951,58.7136,98.8292,79.6101,30.8424,25.447,238.423,35.0689,66.4354,240.639,181.005,199.54,126.321,182.098,20.7434,37.4599,237.186,110.367,170.35,194.04,80.4425,193.119,115.114,62.9542,188.408,36.1166,254.79,143.09,255.604,126.242,124.065,118.289,333.937,44.2871,63.9297,35.1493,58.2277,45.7155,149.115,98.6684,205.427,155.293,83.4707,20.5595,85.4753,143.562,213.877,42.3653,67.8328,70.9775,57.7196,299.227,31.1059,121.084,236.38,267.841,127.114,66.9184,60.5002,135.712,151.575,37.3525,88.5696,20.7097,62.4817,201.077,305.565,11.8023,151.496,60.9923,154.091,213.476,107.565,64.8612,85.0684,222.964,111.446,110.168,53.0085,47.6645,99.1136,65.0479,147.55,30.0939,36.0133,203.2,6.29671,132.319,127.012,52.912,91.9747,27.5951,54.589,71.9771,36.8506,67.0549,191.068,45.915,102.587,215.441,134.112,82.8227,149.94,114.739,37.6446,128.242,39.4971,176.5,48.8165,45.5724,116.721,222.86,126.022,177.251,147.708,177.059,181.198,67.7318,28.2697,45.2561,48.8941,106.009,82.0178,35.0563,229.38,129.053,50.8462,62.7102,139.218,64.347,69.1306,231.599,42.0281,184.106,126.187,54.4958,56.8152,27.8044,89.6941,75.7812,104.693,26.4662,183.846,91.2564,54.9205,123.793,115.376,152.092,19.8221,123.081,58.7845,90.0525,127.817,41.4101,215.133,206.787,84.5982,92.4425,148.928,70.631,118.93,160.85,41.7193,142.195,92.4143,83.0409,134.798,103.684,64.8757,44.9301,56.2653,58.0128,218.415,212.698,121.472,104.51,136.392,162.9,150.17,140.395,22.4842,146.133,39.9984,77.0079,112.714,231.852,23.6903,24.0068,34.9593,116.199,156.709,180.941,165.566,160.164,178.179,79.4894,93.3508,151.041,118.626,111.029,72.5127,115.805,14.9184,227.186,29.1982,35.0866,105.452,88.2055,59.55,90.6484,111.301,100.615,18.0238,77.7604,40.8179,143.233,129.749,171.532,30.7182,37.8009,35.9384,206.435,171.474,90.0648,121.182,145.629,38.1868,40.249,185.292,37.2206,97.7354,14.0184,20.518,129.551,110.332,74.2742,16.2516,32.9562,82.8322,193.293,144.684,90.0958,290.737,152.819,36.1722,124.285,115.274,74.4604,149.996,174.763,100.592,155.259,32.6508,145.674,25.8011,66.4731,115.041,77.1023,254.969,16.9883,32.8614,154.696,102.042,117.128,104.061,93.1698,144.417,67.2954,71.3911,43.5178,76.0266,59.5394,48.3392,22.0361,211.922,101.76,
mu: 
srcDuals: 
best alpha: 0.04
0:0
1:-0.323153
2:-0.0126094
3:-0.407262
4:0.653299
5:0.094976
6:-0.220507
7:0.159808
8:0.00212163
9:-0.186121
10:0.0819455
11:-0.449243
12:0.00887121
13:-0.159562
14:-0.207531
15:0.17824
16:0.132444
17:-0.11667
18:-0.242624
19:-0.640313
20:-0.0113765
21:-0.0143021
22:-0.00316275
23:-0.206336
24:0.0654625
25:0.33026
26:-0.260336
27:-0.129533
28:0.0376341
29:-0.0046563
30:0.000249595
31:-0.323769
32:0.0200875
33:-0.0425048
34:-0.0589783
35:-0.172581
36:-0.444612
37:-0.00858577
38:-0.0948448
39:-0.497736
40:0.595456
41:0.0228332
42:-0.0486735
43:0.0630097
44:0.261376
45:0.261967
46:-0.198592
47:-0.166945
48:-0.126333
49:0.165655
50:-0.173457
51:-0.255008
52:-0.273815
53:0.107468
54:-0.255774
55:0.098183
56:-0.360282
57:-0.326445
58:-0.238631
59:-0.0748422
60:-0.159067
61:-0.0288151
62:0.250147
63:-0.254507
64:-0.077843
65:-0.954135
66:0.442877
67:0.0862198
68:-0.111104
69:-0.209826
70:0.0943247
71:-0.0703839
72:-0.0401041
73:0.00271462
74:-0.441636
75:-0.235417
76:0.0533898
77:-0.180669
78:-0.065472
79:0.256589
80:-0.0441304
81:-0.302999
82:0.103188
83:-0.250524
84:-0.419887
85:-0.561162
86:0.388889
87:-0.354944
88:0.140133
89:-1.15389
90:-0.102958
91:0.0292417
92:-0.34275
93:-0.428365
94:-0.188399
95:-0.636077
96:-0.101476
97:-0.666042
98:-0.117612
99:-0.035072
100:0.172197
101:-0.129737
102:0.633024
103:0.163685
104:0.200466
105:-1.23566
106:-0.0858502
107:0.000822179
108:-0.518227
109:-0.248309
110:0.00143333
111:-0.517845
112:-0.640247
113:-0.158879
114:-0.382015
115:-0.148115
116:-0.180315
117:-0.18936
118:0.135076
119:-0.452176
120:-0.399186
121:0.01216
122:0.100256
123:0.315328
124:-0.25755
125:-0.0186358
126:-0.152111
127:-0.178461
128:-0.181389
129:-0.231778
130:-0.437199
131:-0.0996096
132:0.158635
133:0.134613
134:-0.268845
135:0.351522
136:0.0681044
137:-0.11718
138:-0.0865662
139:-0.665216
140:-0.226977
141:-0.169857
142:-0.139323
143:-0.157892
144:-0.197774
145:-0.293248
146:0.00801208
147:-0.189585
148:-0.0650273
149:0.139282
150:-0.242288
151:-0.201624
152:-0.0201555
153:-0.85958
154:-0.0197238
155:0.113551
156:-0.229214
157:-0.304252
158:-0.292251
159:-0.703141
160:-0.499162
161:-0.635422
162:0.0260851
163:-0.359636
164:-0.186116
165:-0.0569101
166:-0.10399
167:0.0849081
168:0.00907779
169:-0.154655
170:-0.410345
171:0.172581
172:-0.526342
173:-0.06513
174:-0.638952
175:-0.478265
176:0.232872
177:0.278504
178:-0.0805762
179:-0.414113
180:-0.234753
181:-0.00991585
182:-0.0348672
183:-0.723219
184:-0.141425
185:0.17874
186:0.130311
187:-0.374528
188:-0.0138253
189:-0.154476
190:-0.00828423
191:-0.386198
192:-0.605747
193:-0.429569
194:-0.10679
195:-0.144177
196:0.228614
197:-0.371907
198:0.140614
199:-0.0200051
200:-0.221415
201:-0.431575
202:-0.453365
203:0.240602
204:-0.0904774
205:0.206292
206:-0.207616
207:0.11131
208:-0.432256
209:-0.712782
210:-0.351663
211:0.290308
212:-0.313956
213:-0.290123
214:0.161777
215:-0.471728
216:-0.227921
217:-0.392317
218:-0.351242
219:0.10624
220:-0.247045
221:-0.0175465
222:-0.0380985
223:0.354496
224:-0.383626
225:0.817792
226:-0.536041
227:-0.350044
228:-0.178534
229:-0.193391
230:0.2032
231:-0.368643
232:0.291298
233:-0.346031
234:-0.374082
235:-0.0231407
236:0.019523
237:-0.010851
238:-0.216251
239:-0.161385
240:-0.145823
241:-0.462047
242:-0.415097
243:-0.00139592
244:0.368161
245:-0.149585
246:0.306426
247:-0.347509
248:-0.190948
249:0.0445952
250:0.0594008
251:-0.349826
252:-0.280677
253:-0.262117
254:-0.922617
255:-0.132971
256:-0.0371938
257:-0.111636
258:-0.504027
259:-0.0234324
260:-0.192421
261:-0.0242101
262:0.266504
263:-0.176952
264:-0.56173
265:-0.348105
266:-0.231773
267:-0.0174759
268:0.0260851
269:-0.274978
270:-0.673698
271:-0.607727
272:-0.260732
273:-0.174464
274:-0.38477
275:-0.245602
276:-0.427297
277:-0.409974
278:-0.0950507
279:-0.118749
280:-0.0305085
281:-0.392129
282:-0.532407
283:0.0541339
284:-0.197884
285:-0.165602
286:-0.221534
287:-0.414113
288:-0.083183
289:0.087424
290:0.081405
291:0.038346
292:-0.0368971
293:-0.549641
294:-0.527898
295:-0.543916
296:-0.00293769
297:-0.243515
alpha: 58.6514
lagLB: 29205.9
stepSizeMultiplier: 1.1
targetLowerBound: 33793.3
||gamma||^2: 30.1804
lambda: 0,25.1106,138.434,0,178.561,199.949,115.046,215.443,57.3198,87.1176,136.769,16.0242,177.862,20.7611,254.803,185.947,179.723,132.029,51.5942,149.708,60.244,100.67,33.83,46.149,100.128,98.4955,15.5235,18.84,246.464,38.9119,64.4079,222.084,179.989,195.332,145.755,171.255,0,34.9817,230.308,97.2211,198.682,193.164,75.9196,194.292,138.647,74.2758,178.279,29.6416,246.306,149.499,244.716,111.195,110.099,121.731,318.851,49.295,43.513,16.4585,44.0158,43.9384,138.961,109.44,220.227,140.271,77.46,0,110.105,150,206.17,29.6227,70.6037,79.6289,53.6338,297.325,6.53959,107.036,237.063,256.585,148.257,77.9657,58.2493,152.901,171.12,22.534,65.1127,0,86.3978,180.933,310.673,0,144.204,60.4435,134.569,240.592,116.318,30.3772,77.8523,186.952,103.407,106.339,59.7513,39.0069,137.522,71.3565,157.775,0,33.6747,205.282,0,133.936,125.045,24.4585,57.2781,17.4511,33.0637,62.3821,25.6133,57.3964,195.918,20.8111,80.1856,214.021,145.347,96.8661,142.924,111.749,38.047,117.099,28.2049,170.799,24.4765,40.4917,122.772,227.686,110.269,193.14,157.303,211.887,178.823,31.7616,22.8133,36.5923,41.7878,112.238,69.8899,18.0587,227.748,137.745,57.7306,67.7742,124.819,52.0228,70.1428,185.715,47.1427,187.857,112.455,36.9369,39.8685,0,94.8374,41.3306,103.983,6.08236,172.313,86.3134,57.7773,126.083,113.799,142.163,0,129.844,29.8977,84.6902,93.1866,14.9755,227.011,225.073,78.4481,77.4409,134.914,68.085,135.514,121.921,32.4655,149.271,97.0207,61.8975,132.052,106.006,62.4129,41.5536,23.3283,34.0619,210.928,203.303,133.133,97.782,141.524,159.84,151.118,116.342,1.40012,160.445,33.3432,101.812,116.406,239.569,0,0,14.9821,133.047,171.298,174.304,175.858,134.062,164.513,57.4387,89.717,154.42,103.985,108.094,68.5292,131.846,0,266.858,0,17.2322,94.3058,76.3012,67.8742,69.8051,124.118,82.965,0,74.5398,39.7735,140.639,116.678,161.26,23.2804,12.1935,35.1684,204.323,190.252,80.3948,134.771,146.266,46.8095,40.4833,186.282,17.3372,81.3789,0.64887,0,145.211,106.394,70.6203,0,33.8013,70.9774,190.018,156.237,87.1909,260.046,149.346,22.3101,121.353,114.565,60.4349,113.593,172.329,85.2528,174.924,27.3069,137.227,1.96618,43.5218,118.354,73.0856,251.372,0,3.66519,157.457,108.271,108.681,90.7215,78.1682,138.134,69.7144,73.503,51.5943,72.1044,29.4641,19.373,0,209.732,87.2993,
mu: 
srcDuals: 
lambda: 0,43.6336,141.118,17.8515,147.279,180.823,103.85,209.332,59.2518,98.6512,134.63,40.9785,177.409,26.8595,263.348,178.895,162.766,140.021,66.0097,184.408,56.7438,103.439,31.951,58.7136,98.8292,79.6101,30.8424,25.447,238.423,35.0689,66.4354,240.639,181.005,199.54,126.321,182.098,20.7434,37.4599,237.186,110.367,170.35,194.04,80.4425,193.119,115.114,62.9542,188.408,36.1166,254.79,143.09,255.604,126.242,124.065,118.289,333.937,44.2871,63.9297,35.1493,58.2277,45.7155,149.115,98.6684,205.427,155.293,83.4707,20.5595,85.4753,143.562,213.877,42.3653,67.8328,70.9775,57.7196,299.227,31.1059,121.084,236.38,267.841,127.114,66.9184,60.5002,135.712,151.575,37.3525,88.5696,20.7097,62.4817,201.077,305.565,11.8023,151.496,60.9923,154.091,213.476,107.565,64.8612,85.0684,222.964,111.446,110.168,53.0085,47.6645,99.1136,65.0479,147.55,30.0939,36.0133,203.2,6.29671,132.319,127.012,52.912,91.9747,27.5951,54.589,71.9771,36.8506,67.0549,191.068,45.915,102.587,215.441,134.112,82.8227,149.94,114.739,37.6446,128.242,39.4971,176.5,48.8165,45.5724,116.721,222.86,126.022,177.251,147.708,177.059,181.198,67.7318,28.2697,45.2561,48.8941,106.009,82.0178,35.0563,229.38,129.053,50.8462,62.7102,139.218,64.347,69.1306,231.599,42.0281,184.106,126.187,54.4958,56.8152,27.8044,89.6941,75.7812,104.693,26.4662,183.846,91.2564,54.9205,123.793,115.376,152.092,19.8221,123.081,58.7845,90.0525,127.817,41.4101,215.133,206.787,84.5982,92.4425,148.928,70.631,118.93,160.85,41.7193,142.195,92.4143,83.0409,134.798,103.684,64.8757,44.9301,56.2653,58.0128,218.415,212.698,121.472,104.51,136.392,162.9,150.17,140.395,22.4842,146.133,39.9984,77.0079,112.714,231.852,23.6903,24.0068,34.9593,116.199,156.709,180.941,165.566,160.164,178.179,79.4894,93.3508,151.041,118.626,111.029,72.5127,115.805,14.9184,227.186,29.1982,35.0866,105.452,88.2055,59.55,90.6484,111.301,100.615,18.0238,77.7604,40.8179,143.233,129.749,171.532,30.7182,37.8009,35.9384,206.435,171.474,90.0648,121.182,145.629,38.1868,40.249,185.292,37.2206,97.7354,14.0184,20.518,129.551,110.332,74.2742,16.2516,32.9562,82.8322,193.293,144.684,90.0958,290.737,152.819,36.1722,124.285,115.274,74.4604,149.996,174.763,100.592,155.259,32.6508,145.674,25.8011,66.4731,115.041,77.1023,254.969,16.9883,32.8614,154.696,102.042,117.128,104.061,93.1698,144.417,67.2954,71.3911,43.5178,76.0266,59.5394,48.3392,22.0361,211.922,101.76,
mu: 
srcDuals: 
best alpha: 0.1
0:0
1:-0.190838
2:0.0886516
3:-0.266535
4:0.687969
5:0.185478
6:-0.0984567
7:0.243827
8:0.101909
9:-0.0675091
10:0.173751
11:-0.304318
12:0.107984
13:-0.0436054
14:-0.086778
15:0.260416
16:0.2192
17:-0.00500329
18:-0.118362
19:-0.476282
20:0.0897612
21:0.0871281
22:0.0971535
23:-0.0857024
24:-0.541084
25:0.197234
26:-0.134302
27:-0.0165795
28:0.133871
29:0.0958093
30:0.100225
31:-0.191392
32:0.118079
33:0.0617457
34:0.0469196
35:-0.0553225
36:-0.30015
37:0.0922728
38:0.0146396
39:-0.347962
40:-0.0640896
41:0.12055
42:0.0561939
43:0.156709
44:0.335238
45:0.33577
46:-0.0787325
47:-0.0502506
48:-0.113699
49:0.249089
50:-0.0561112
51:-0.129508
52:-0.146434
53:-0.00327898
54:-0.430196
55:0.188365
56:-0.224254
57:-0.2938
58:-0.114768
59:0.032642
60:-0.0431603
61:0.0740664
62:0.125133
63:-0.129056
64:0.0299413
65:-0.758721
66:0.498589
67:0.177598
68:6.4e-06
69:-0.0888437
70:0.184892
71:0.0366545
72:0.0639063
73:0.00244316
74:-0.297473
75:-0.111876
76:0.148051
77:-0.062602
78:0.0410752
79:0.33093
80:0.0602826
81:-0.172699
82:0.192869
83:-0.125472
84:-0.277898
85:-0.405046
86:0.0499998
87:-0.21945
88:0.22612
89:-0.938497
90:0.00733782
91:-0.0736825
92:-0.208475
93:-0.285528
94:-0.0695588
95:-0.47247
96:0.00867182
97:-0.499438
98:-0.00585043
99:0.0684352
100:0.254978
101:-0.0167632
102:0.669722
103:0.0473162
104:0.280419
105:-1.01209
106:0.0227349
107:0.10074
108:-0.366404
109:-0.123478
110:0.10129
111:-0.366061
112:-0.476222
113:-0.042991
114:-0.243813
115:-0.0333037
116:-0.0622831
117:-0.070424
118:0.221569
119:-0.306959
120:-0.259267
121:-0.489056
122:0.19023
123:0.383795
124:-0.131795
125:-0.116772
126:-0.3369
127:-0.0606147
128:-0.0632504
129:-0.108601
130:-0.293479
131:0.0103514
132:-0.157228
133:-0.578848
134:-0.24196
135:0.0163697
136:0.161294
137:-0.00546202
138:0.0220904
139:-0.498694
140:-0.104279
141:-0.052871
142:-0.025391
143:-0.0421028
144:-0.0779968
145:-0.163923
146:0.107211
147:-0.0706267
148:0.0414755
149:-0.174646
150:-0.118059
151:-0.0814614
152:0.0818601
153:-0.673622
154:0.0822486
155:0.202196
156:-0.106293
157:-0.173827
158:-0.163025
159:-0.532827
160:-0.349245
161:-0.47188
162:0.123477
163:-0.223672
164:-0.0675046
165:0.0487809
166:0.00640909
167:0.176417
168:0.10817
169:-0.0391892
170:-0.26931
171:0.255323
172:-0.373708
173:0.041383
174:-0.475057
175:-0.330439
176:0.309585
177:0.350654
178:-0.272519
179:-0.272702
180:-0.111277
181:0.0910757
182:0.0686195
183:-0.550897
184:-0.0272822
185:0.260866
186:0.11728
187:-0.237075
188:0.0875572
189:-0.0390281
190:0.0925442
191:-0.247578
192:-0.445172
193:-0.286613
194:0.00388877
195:-0.22976
196:0.305753
197:-0.234716
198:0.126553
199:0.0819954
200:-0.0992735
201:-0.288417
202:-0.308028
203:0.316542
204:0.0185703
205:0.285663
206:-0.0868544
207:0.200179
208:-0.28903
209:-0.541504
210:-0.216497
211:0.361278
212:-0.182561
213:-0.161111
214:0.245599
215:-0.324556
216:-0.105129
217:-0.253085
218:-0.216118
219:0.195616
220:-0.12234
221:0.0842082
222:-0.134289
223:0.419046
224:-0.245264
225:0.436013
226:-0.382437
227:-0.21504
228:-0.060681
229:-0.0740519
230:0.28288
231:-0.231779
232:0.162168
233:-0.211428
234:-0.236674
235:0.0791733
236:0.117571
237:0.0902341
238:-0.0946256
239:-0.0452466
240:-0.0312406
241:-0.315842
242:-0.273587
243:0.0987437
244:0.431345
245:-0.0346261
246:0.375784
247:-0.212758
248:-0.0718529
249:-0.159864
250:0.153461
251:-0.214843
252:-0.152609
253:-0.135905
254:-0.730355
255:-0.019674
256:0.0665256
257:-0.000472567
258:-0.353625
259:0.0789108
260:-0.0731788
261:0.0782109
262:0.339854
263:-0.0592572
264:-0.405557
265:-0.213294
266:-0.108596
267:0.0842716
268:0.123477
269:-0.147481
270:-0.506328
271:-0.446954
272:-0.134659
273:-0.0570176
274:-0.346293
275:-0.121042
276:-0.284567
277:-0.268976
278:0.0144543
279:-0.00687447
280:0.0725423
281:-0.252916
282:-0.379166
283:0.148721
284:-0.0780954
285:-0.049042
286:-0.19938
287:-0.272702
288:0.0251353
289:-0.121318
290:0.173264
291:0.134511
292:0.0667926
293:-0.394677
294:-0.375108
295:-0.389524
296:0.0973561
297:-0.119163
alpha: 94.1283
lagLB: 29653.7
stepSizeMultiplier: 1.1
targetLowerBound: 33793.3
||gamma||^2: 18.8054
lambda: 0,24.6802,140.378,0,185.596,186.393,90.917,218.705,59.3762,87.7349,139.436,14.6298,177.93,17.501,251.176,189.349,170.534,133.178,51.7795,146.853,56.0765,102.601,31.7655,46.6117,102.669,98.9803,15.5733,17.8497,240.631,34.7958,66.45,221.649,182.183,197.047,122.862,171.976,0,36.9563,231.623,81.1743,205.274,195.379,77.5877,196.814,130.444,78.3189,176.761,26.325,247.381,152.806,245.431,111.286,108.005,124.592,318.936,50.0456,42.7987,16.0029,44.2316,41.3259,139.785,96.9783,220.099,140.365,78.9051,0,111.451,148.619,207.361,30.0587,73.3651,66.8494,55.3674,299.386,5.20333,107.276,239.511,257.244,123.274,81.9677,57.9119,117.94,157.627,22.6589,63.9427,0,85.2905,180.259,313.784,0,145.457,62.7073,133.988,188.351,96.5153,27.5543,79.1167,183.9,104.548,108.111,63.1081,40.0553,136.241,74.6482,159.308,0,30.9781,203.248,0,117.756,127.097,22.5396,54.4234,18.2766,32.1833,63.2899,26.2749,55.9487,198.991,19.3943,79.1739,216.154,139.992,101.317,134.835,113.646,28.7231,117.775,28.8584,162.906,23.1742,39.7301,126.025,230.756,110.254,197.868,151.703,170.186,176.121,28.716,14.9572,35.2937,40.7226,96.7487,70.4181,17.8569,229.85,117.933,47.0322,70.8793,125.007,52.5215,67.9484,181.183,40.8712,190.766,112.743,36.6511,39.6743,0,60.4175,38.5128,106.223,5.37304,172.93,87.9186,48.8213,128.773,115.908,143.021,0,133.203,27.9138,86.2325,90.3418,13.3592,228.791,223.122,79.8723,68.1542,135.159,70.0494,116.885,118.432,33.4245,152.678,100.057,61.0743,133.987,94.6242,64.3898,22.2791,20.7374,32.8179,212.152,204.241,134.88,82.6972,144.639,161.727,137.184,115.083,0,160.244,34.6918,89.1072,100.537,238.38,0,0,14.3337,133.226,138.295,163.925,175.054,132.496,164.811,56.4795,72.75,157.272,104.137,110,70.2781,136.596,0,275.151,0,14.556,94.9811,76.8629,71.468,69.0269,128.386,80.3195,0,76.4032,41.963,142.597,117.065,162.066,22.1655,10.7012,11.5924,206.353,193.067,81.2914,139.154,125.247,26.9875,42.8645,188.776,16.7029,81.2733,0,0,121.752,108.15,67.7265,0,31.5819,71.5465,191.873,160.315,79.7173,257.791,132.403,22.5784,123.26,116.804,58.3326,110.482,139.119,85.2996,145.027,10.0835,131.269,0.739559,42.4276,109.466,70.1375,253.179,0,1.63496,157.871,90.4361,107.415,91.068,68.8814,139.539,72.423,76.1656,45.7668,73.8625,27.3021,17.3773,0,211.749,87.4778,
mu: 
srcDuals: 
lambda: 0,43.6336,141.118,17.8515,147.279,180.823,103.85,209.332,59.2518,98.6512,134.63,40.9785,177.409,26.8595,263.348,178.895,162.766,140.021,66.0097,184.408,56.7438,103.439,31.951,58.7136,98.8292,79.6101,30.8424,25.447,238.423,35.0689,66.4354,240.639,181.005,199.54,126.321,182.098,20.7434,37.4599,237.186,110.367,170.35,194.04,80.4425,193.119,115.114,62.9542,188.408,36.1166,254.79,143.09,255.604,126.242,124.065,118.289,333.937,44.2871,63.9297,35.1493,58.2277,45.7155,149.115,98.6684,205.427,155.293,83.4707,20.5595,85.4753,143.562,213.877,42.3653,67.8328,70.9775,57.7196,299.227,31.1059,121.084,236.38,267.841,127.114,66.9184,60.5002,135.712,151.575,37.3525,88.5696,20.7097,62.4817,201.077,305.565,11.8023,151.496,60.9923,154.091,213.476,107.565,64.8612,85.0684,222.964,111.446,110.168,53.0085,47.6645,99.1136,65.0479,147.55,30.0939,36.0133,203.2,6.29671,132.319,127.012,52.912,91.9747,27.5951,54.589,71.9771,36.8506,67.0549,191.068,45.915,102.587,215.441,134.112,82.8227,149.94,114.739,37.6446,128.242,39.4971,176.5,48.8165,45.5724,116.721,222.86,126.022,177.251,147.708,177.059,181.198,67.7318,28.2697,45.2561,48.8941,106.009,82.0178,35.0563,229.38,129.053,50.8462,62.7102,139.218,64.347,69.1306,231.599,42.0281,184.106,126.187,54.4958,56.8152,27.8044,89.6941,75.7812,104.693,26.4662,183.846,91.2564,54.9205,123.793,115.376,152.092,19.8221,123.081,58.7845,90.0525,127.817,41.4101,215.133,206.787,84.5982,92.4425,148.928,70.631,118.93,160.85,41.7193,142.195,92.4143,83.0409,134.798,103.684,64.8757,44.9301,56.2653,58.0128,218.415,212.698,121.472,104.51,136.392,162.9,150.17,140.395,22.4842,146.133,39.9984,77.0079,112.714,231.852,23.6903,24.0068,34.9593,116.199,156.709,180.941,165.566,160.164,178.179,79.4894,93.3508,151.041,118.626,111.029,72.5127,115.805,14.9184,227.186,29.1982,35.0866,105.452,88.2055,59.55,90.6484,111.301,100.615,18.0238,77.7604,40.8179,143.233,129.749,171.532,30.7182,37.8009,35.9384,206.435,171.474,90.0648,121.182,145.629,38.1868,40.249,185.292,37.2206,97.7354,14.0184,20.518,129.551,110.332,74.2742,16.2516,32.9562,82.8322,193.293,144.684,90.0958,290.737,152.819,36.1722,124.285,115.274,74.4604,149.996,174.763,100.592,155.259,32.6508,145.674,25.8011,66.4731,115.041,77.1023,254.969,16.9883,32.8614,154.696,102.042,117.128,104.061,93.1698,144.417,67.2954,71.3911,43.5178,76.0266,59.5394,48.3392,22.0361,211.922,101.76,
mu: 
srcDuals: 
best alpha: 0.01
0:0
1:-0.19893
2:0.067765
3:-0.26387
4:0.0110891
5:0.193624
6:-0.0974721
7:0.0213889
8:0.11089
9:-0.076834
10:0.142013
11:-0.311275
12:0.0269043
13:-0.0531693
14:-0.18591
15:0.0478118
16:0.187008
17:-0.0249533
18:-0.107178
19:-0.461519
20:0.0388636
21:0.0562568
22:0.056182
23:-0.0848454
24:-0.525673
25:0.145261
26:-0.162959
27:-0.0864137
28:0.072532
29:0.0748512
30:-0.0607776
31:-0.179478
32:-0.083102
33:-0.00887174
34:0.0264504
35:-0.314769
36:-0.287149
37:0.0913501
38:0.0244932
39:-0.334482
40:-0.0534487
41:0.0293444
42:-0.184368
43:-0.104858
44:0.041886
45:-0.0475872
46:-0.297945
47:-0.0597481
48:-0.102562
49:0.196598
50:-0.0955501
51:-0.118213
52:-0.134969
53:0.00675381
54:-0.415894
55:0.166481
56:-0.222011
57:-0.290862
58:-0.11362
59:0.00231558
60:-0.0427287
61:-0.0166743
62:0.103881
63:-0.117766
64:0.0196419
65:-0.741134
66:0.313603
67:-0.0341782
68:-0.0299937
69:-0.117955
70:0.123043
71:0.00628799
72:0.0732673
73:0.0124187
74:-0.284498
75:-0.100757
76:-0.21343
77:-0.0519759
78:0.0506644
79:0.297621
80:0.0596798
81:-0.170972
82:0.13094
83:-0.124217
84:-0.275119
85:-0.390995
86:0.0494998
87:-0.287255
88:-0.0561414
89:-0.919112
90:0.0172644
91:-0.0829456
92:-0.19639
93:-0.272673
94:-0.0588632
95:-0.457745
96:0.0085851
97:-0.484443
98:-0.0957919
99:0.0777508
100:-0.00757222
101:-0.0665956
102:0.433024
103:0.036843
104:0.197615
105:-0.99197
106:-0.0174925
107:0.0797326
108:-0.37274
109:-0.142243
110:-0.159723
111:-0.3524
112:-0.46146
113:-0.062561
114:-0.231375
115:-0.0229707
116:-0.0616603
117:-0.0597198
118:0.139353
119:-0.293889
120:-0.246675
121:-0.474165
122:0.198328
123:0.179957
124:-0.130477
125:-0.105604
126:-0.323531
127:-0.0500085
128:-0.0526179
129:-0.0975145
130:-0.280544
131:0.0202479
132:-0.145656
133:-0.56306
134:-0.23954
135:0.026206
136:0.00968103
137:0.0045926
138:-0.0281305
139:-0.483707
140:-0.123236
141:-0.0423423
142:-0.0251371
143:-0.0316818
144:-0.167217
145:-0.182284
146:0.0661388
147:-0.0699204
148:-0.0289393
149:-0.162899
150:-0.116879
151:-0.0806467
152:-0.0189585
153:-0.656886
154:0.0214261
155:0.160174
156:-0.10523
157:-0.162088
158:-0.151395
159:-0.527499
160:-0.335753
161:-0.457161
162:0.0222418
163:-0.221435
164:-0.0568295
165:0.0582931
166:0.016345
167:-0.0153469
168:0.0670883
169:-0.0487973
170:-0.256617
171:-0.16723
172:-0.359971
173:-0.139031
174:-0.460306
175:-0.317134
176:0.206489
177:0.00714751
178:-0.259793
179:-0.319975
180:-0.130165
181:-0.019835
182:0.0779333
183:-0.535388
184:-0.0570094
185:0.0582575
186:0.0361069
187:-0.264704
188:0.0966817
189:-0.328638
190:0.0416188
191:-0.255102
192:-0.430721
193:-0.283746
194:-0.11615
195:-0.217462
196:0.142695
197:-0.222369
198:0.0852871
199:0.0911755
200:-0.0982808
201:-0.275533
202:-0.304948
203:0.223376
204:-0.00161536
205:0.202806
206:-0.0759859
207:0.188177
208:-0.29614
209:-0.536089
210:-0.214332
211:0.0576648
212:-0.170735
213:-0.1495
214:0.133143
215:-0.31131
216:-0.0940772
217:-0.240554
218:-0.203957
219:0.20366
220:-0.111117
221:0.0333661
222:-0.122946
223:0.254856
224:-0.252811
225:0.441653
226:-0.378613
227:-0.212889
228:-0.210074
229:-0.0933114
230:0.130051
231:-0.219461
232:0.140546
233:-0.199313
234:-0.234307
235:0.0583816
236:-0.053605
237:-0.140668
238:-0.0836793
239:-0.0347941
240:-0.0409281
241:-0.302683
242:-0.280851
243:0.0577562
244:0.257032
245:-0.0242799
246:0.302026
247:-0.22063
248:-0.0711344
249:-0.148266
250:0.0519261
251:-0.202695
252:-0.151083
253:-0.154546
254:-0.713051
255:-0.0294773
256:0.0558604
257:-0.100468
258:-0.460088
259:-0.00187829
260:-0.172447
261:0.0874288
262:0.346455
263:-0.168665
264:-0.391501
265:-0.201161
266:-0.10751
267:0.0934289
268:0.0722418
269:-0.256006
270:-0.491265
271:-0.432485
272:-0.463312
273:-0.0464474
274:-0.34283
275:-0.119832
276:-0.291721
277:-0.256286
278:0.0143098
279:-0.00680572
280:0.0618169
281:-0.250387
282:-0.365374
283:-0.0227667
284:-0.0873145
285:-0.138552
286:-0.187387
287:-0.379975
288:-0.195116
289:-0.110105
290:0.131532
291:0.123166
292:0.0561247
293:-0.38073
294:-0.361357
295:-0.385629
296:0.106383
297:-0.107971
alpha: 108.807
lagLB: 24024.4
stepSizeMultiplier: 1.1
targetLowerBound: 33793.3
||gamma||^2: 16.2685
lambda: 0,25.6704,149.462,0,212.037,198.281,94.5825,232.283,68.8444,92.2967,150.985,12.3335,187.574,22.755,255.18,203.408,183.399,139.55,54.8685,139.577,65.1928,111.641,41.0959,50.6466,47.898,98.1753,18.2007,23.8864,251.025,44.0873,75.8693,222.623,192.119,205.352,130.737,176.89,0,46.1454,238.564,77.6141,164.317,205.387,85.7319,207.869,146.669,94.5597,180.997,31.3866,244.088,166.536,250.322,114.052,110.282,117.981,293.444,62.0175,42.8211,7.49443,47.4247,48.7881,145.052,105.64,217.206,143.145,86.2891,0,132.407,160.279,213.878,34.0026,85.2364,74.4277,63.735,299.457,3.10532,110.553,250.315,261.948,130.98,98.0683,66.1745,119.456,169.729,25.5421,62.4116,0,67.1881,180.421,326.85,0,152.186,54.0567,134.468,186.599,101.018,20.3884,85.8846,175.953,110.895,116.61,77.0091,46.0866,162.153,69.5016,173.945,0,38.1533,212.682,0,120.697,136.547,18.4553,47.1488,23.5484,31.6393,68.8423,30.988,60.426,211.924,17.0215,78.1823,169.407,152.018,118.949,137.535,103.748,5.93285,122.536,33.5434,166.278,21.1918,46.5467,101.921,168.374,103.247,178.792,162.891,176.545,183.277,20.7906,18.4541,40.2794,46.5041,102.046,74.6761,19.6266,239.472,122.405,54.7502,46.2711,128.105,56.6792,76.8359,168.192,49.77,203.138,116.182,38.1338,41.4699,0,56.8202,31.3639,116.315,5.4123,177.492,95.8481,55.5238,140.399,125.558,148.403,0,147.114,23.6081,93.9478,83.1009,10.3065,244.274,239.794,58.9465,66.7735,138.453,79.2038,125.389,108.995,39.1513,166.749,103.454,60.7254,143.04,100.011,73.5867,21.626,14.362,31.0344,218.781,191.071,150.252,82.4167,148.304,170.618,140.826,113.247,0,175.928,41.7464,103.897,104.538,250.694,0,0,14.5808,150.206,139.524,165.776,188.684,129.614,168.283,55.667,73.008,169.454,107.111,118.956,59.8723,155.249,0,268.227,0,14.8453,99.7406,81.2351,86.177,68.8314,126.565,80.7133,0,85.2128,51.8846,151.727,120.842,167.273,27.7776,8.07125,10.1861,215.729,212.076,86.8055,156.554,125.602,31.4234,25.2012,199.737,16.9978,83.3705,1.22586,0,127.699,116.594,74.2297,0,40.384,75.944,200.655,176.674,84.518,252.563,132.742,25.9503,132.217,126.897,60.5783,102.336,132.692,87.9167,149.892,0.0547735,134.28,0,41.1548,116.402,76.4552,261.797,0,0,168.695,94.6912,112.512,85.294,67.5008,146.783,55.876,87.7002,56.1791,82.3137,22.3891,13.0309,0,221.086,90.5436,
mu: 
srcDuals: 
lambda: 0,43.6336,141.118,17.8515,147.279,180.823,103.85,209.332,59.2518,98.6512,134.63,40.9785,177.409,26.8595,263.348,178.895,162.766,140.021,66.0097,184.408,56.7438,103.439,31.951,58.7136,98.8292,79.6101,30.8424,25.447,238.423,35.0689,66.4354,240.639,181.005,199.54,126.321,182.098,20.7434,37.4599,237.186,110.367,170.35,194.04,80.4425,193.119,115.114,62.9542,188.408,36.1166,254.79,143.09,255.604,126.242,124.065,118.289,333.937,44.2871,63.9297,35.1493,58.2277,45.7155,149.115,98.6684,205.427,155.293,83.4707,20.5595,85.4753,143.562,213.877,42.3653,67.8328,70.9775,57.7196,299.227,31.1059,121.084,236.38,267.841,127.114,66.9184,60.5002,135.712,151.575,37.3525,88.5696,20.7097,62.4817,201.077,305.565,11.8023,151.496,60.9923,154.091,213.476,107.565,64.8612,85.0684,222.964,111.446,110.168,53.0085,47.6645,99.1136,65.0479,147.55,30.0939,36.0133,203.2,6.29671,132.319,127.012,52.912,91.9747,27.5951,54.589,71.9771,36.8506,67.0549,191.068,45.915,102.587,215.441,134.112,82.8227,149.94,114.739,37.6446,128.242,39.4971,176.5,48.8165,45.5724,116.721,222.86,126.022,177.251,147.708,177.059,181.198,67.7318,28.2697,45.2561,48.8941,106.009,82.0178,35.0563,229.38,129.053,50.8462,62.7102,139.218,64.347,69.1306,231.599,42.0281,184.106,126.187,54.4958,56.8152,27.8044,89.6941,75.7812,104.693,26.4662,183.846,91.2564,54.9205,123.793,115.376,152.092,19.8221,123.081,58.7845,90.0525,127.817,41.4101,215.133,206.787,84.5982,92.4425,148.928,70.631,118.93,160.85,41.7193,142.195,92.4143,83.0409,134.798,103.684,64.8757,44.9301,56.2653,58.0128,218.415,212.698,121.472,104.51,136.392,162.9,150.17,140.395,22.4842,146.133,39.9984,77.0079,112.714,231.852,23.6903,24.0068,34.9593,116.199,156.709,180.941,165.566,160.164,178.179,79.4894,93.3508,151.041,118.626,111.029,72.5127,115.805,14.9184,227.186,29.1982,35.0866,105.452,88.2055,59.55,90.6484,111.301,100.615,18.0238,77.7604,40.8179,143.233,129.749,171.532,30.7182,37.8009,35.9384,206.435,171.474,90.0648,121.182,145.629,38.1868,40.249,185.292,37.2206,97.7354,14.0184,20.518,129.551,110.332,74.2742,16.2516,32.9562,82.8322,193.293,144.684,90.0958,290.737,152.819,36.1722,124.285,115.274,74.4604,149.996,174.763,100.592,155.259,32.6508,145.674,25.8011,66.4731,115.041,77.1023,254.969,16.9883,32.8614,154.696,102.042,117.128,104.061,93.1698,144.417,67.2954,71.3911,43.5178,76.0266,59.5394,48.3392,22.0361,211.922,101.76,
mu: 
srcDuals: 
best alpha: 0.06
0:0
1:-0.126994
2:0.123699
3:-0.248038
4:0.0704237
5:0.242006
6:-0.0316238
7:0.0801056
8:0.164237
9:-0.012224
10:0.193493
11:-0.232599
12:0.08529
13:0.0100208
14:-0.114756
15:0.104943
16:0.115787
17:-0.0234561
18:-0.0407476
19:-0.373828
20:0.0965317
21:-0.187119
22:-0.307189
23:-0.0197547
24:-0.434132
25:0.196546
26:-0.0931817
27:-0.0212289
28:0.12818
29:-0.0496398
30:0.00286905
31:-0.108709
32:-0.0181159
33:-0.128339
34:0.0848633
35:-0.235883
36:-0.20992
37:0.145869
38:-0.216976
39:-0.254413
40:0.00975822
41:-0.152416
42:-0.113306
43:-0.0385669
44:0.0993729
45:0.015268
46:-0.220068
47:0.00383676
48:-0.0364087
49:-0.115198
50:-0.0898171
51:-0.0511198
52:-0.126871
53:0.0663486
54:-0.330941
55:0.216492
56:-0.14869
57:-0.21341
58:-0.0468033
59:0.0621766
60:0.019835
61:0.0443262
62:-0.202352
63:-0.0506999
64:0.0784634
65:-0.636666
66:0.354787
67:0.0278725
68:0.031806
69:-0.050878
70:0.115661
71:0.0659107
72:0.128871
73:0.0716736
74:-0.207428
75:-0.0347115
76:-0.140624
77:-0.288857
78:0.107625
79:-0.200237
80:0.116099
81:-0.100714
82:0.123084
83:-0.056764
84:-0.198612
85:-0.307536
86:0.10653
87:-0.21002
88:0.00722706
89:-0.803965
90:0.0762286
91:-0.0179689
92:-0.124606
93:-0.196313
94:0.00466856
95:-0.37028
96:0.06807
97:-0.395377
98:-0.0300444
99:0.133086
100:0.0528821
101:-0.00259982
102:0.467043
103:0.0946324
104:-0.234242
105:-0.872452
106:-0.0764429
107:-0.345051
108:-0.290376
109:-0.0737085
110:-0.0901395
111:-0.271256
112:-0.373772
113:0.00119262
114:-0.157493
115:0.0384076
116:0.00203934
117:0.00386341
118:0.190992
119:-0.216256
120:-0.171874
121:-0.385716
122:0.246428
123:0.22916
124:-0.0626483
125:-0.0392682
126:-0.244119
127:0.012992
128:0.0105392
129:-0.0316636
130:-0.203712
131:0.079033
132:-0.0769166
133:-0.469276
134:-0.165168
135:0.0846337
136:0.0691002
137:0.064317
138:-0.206443
139:-0.394685
140:-0.0558422
141:0.0201982
142:0.0363712
143:0.0302191
144:-0.0971838
145:-0.111347
146:-0.11783
147:-0.00572518
148:0.0327971
149:-0.0931254
150:-0.049866
151:-0.375808
152:0.042179
153:-0.557473
154:0.0801406
155:-0.209437
156:-0.0389158
157:-0.0923632
158:-0.0823115
159:-0.435849
160:-0.255608
161:-0.369731
162:0.0809073
163:-0.148149
164:0.00658023
165:0.114796
166:0.0753643
167:0.0455739
168:0.123063
169:-0.225869
170:-0.18122
171:-0.0971963
172:-0.278372
173:-0.070689
174:-0.372688
175:-0.238106
176:0.2541
177:0.0667187
178:-0.184206
179:-0.240777
180:-0.422355
181:0.0413551
182:0.133257
183:-0.443265
184:0.00641118
185:0.114762
186:0.0939405
187:-0.188822
188:0.150881
189:-0.24892
190:-0.0808784
191:-0.179796
192:-0.344877
193:-0.206722
194:-0.0491811
195:-0.144414
196:0.194133
197:-0.149027
198:0.14017
199:0.145705
200:-0.0323839
201:-0.199001
202:-0.226651
203:-0.210026
204:-0.121518
205:0.250638
206:-0.0114267
207:-0.603114
208:-0.218372
209:-0.443924
210:-0.141472
211:0.114205
212:-0.100491
213:-0.0805299
214:0.185155
215:-0.232631
216:-0.0284326
217:-0.166121
218:-0.131719
219:0.25144
220:-0.0444498
221:0.0913641
222:-0.055569
223:0.299565
224:-0.237643
225:0.475154
226:-0.295896
227:-0.140116
228:-0.13747
229:-0.147713
230:0.182248
231:-0.146294
232:0.192113
233:-0.127355
234:-0.160248
235:-0.00512129
236:0.00961133
237:-0.0722281
238:-0.0186585
239:0.0272935
240:0.0215275
241:-0.224522
242:-0.204
243:-0.125709
244:0.18161
245:0.0371769
246:-0.136096
247:-0.147392
248:-0.0068663
249:-0.0793697
250:-0.311189
251:-0.130533
252:-0.0820182
253:-0.0852736
254:-0.610268
255:0.0322914
256:0.112509
257:-0.0344398
258:-0.372483
259:0.0582344
260:-0.1021
261:0.142183
262:0.385668
263:-0.0985448
264:-0.308011
265:-0.129092
266:-0.0410592
267:0.147823
268:0.127907
269:-0.180645
270:-0.401789
271:-0.346536
272:-0.375514
273:0.0163394
274:-0.32226
275:-0.0526417
276:-0.214218
277:-0.180909
278:0.0734512
279:0.0536026
280:-0.181892
281:-0.175364
282:-0.283452
283:0.0385993
284:-0.0220756
285:-0.0702385
286:-0.116143
287:-0.297177
288:-0.123409
289:-0.0434989
290:0.18364
291:0.175776
292:0.112757
293:-0.297887
294:-0.279676
295:-0.302491
296:0.16
297:-0.0414932
alpha: 139.522
lagLB: 28768.7
stepSizeMultiplier: 1.1
targetLowerBound: 33793.3
||gamma||^2: 12.6871
lambda: 0,21.9887,148.491,0,148.486,201.89,93.2445,211.659,71.3174,90.2911,150.082,7.10967,180.337,21.0743,243.12,184.098,183.114,137.306,54.348,134.192,60.9724,109.56,38.064,49.4819,41.6325,95.4155,13.1113,16.0446,246.315,43.2132,59.8224,221.11,171.963,198.575,129.199,147.849,0,47.3994,239.851,73.9733,164.534,197.233,60.382,181.709,119.671,57.7763,155.99,29.6156,243.631,164.481,245.208,113.38,109.38,119.024,288.685,62.4013,39.7734,3.50159,45.865,45.9675,144.465,96.8541,216.73,142.479,85.6079,0,119.597,139.843,210.614,29.531,81.2208,71.6617,65.6915,300.578,0.15063,110.121,213.157,262.185,132.626,99.3015,66.9938,117.109,165.822,23.8368,58.6348,0,67.8676,169.822,299.457,0,153.374,51.9672,132.723,183.807,101.16,15.0554,86.0025,170.254,101.023,118.628,52.1846,40.4185,146.23,69.0566,169.052,0,34.11,211.875,0,116.842,109.634,14.5685,41.7648,20.788,29.4138,69.4777,30.1416,60.557,206.231,13.9379,75.7468,163.849,155.692,102.403,135.743,103.249,2.44234,122.8,33.7719,165.89,18.2914,47.7755,100.873,161.596,99.9584,180.102,148.762,177.558,178.137,15.1012,14.8608,40.6489,46.159,102.562,63.8235,15.2227,236.576,121.445,47.6974,44.9856,126.5,55.5721,67.0678,160.125,44.3594,201.534,114.737,36.8595,40.3424,0,53.1619,26.039,107.113,2.37252,177.663,97.5991,56.6989,122.123,122.675,146.782,0,104.885,19.6173,74.925,77.7328,6.90379,237.6,207.565,56.3309,57.6271,134.765,68.4728,127.41,102.596,35.5163,148.533,96.3429,54.2393,145.318,67.9264,69.4041,17.1733,9.39999,27.1393,205.777,189.036,136.998,80.3148,145.671,172.821,139.477,110.415,0,170.437,39.8226,99.0746,104.446,252.327,0,0,11.6385,122.474,138.131,164.674,180.053,126.291,167.942,53.3155,71.159,173.2,106.536,114.66,59.1353,143.535,0,275.241,0,11.9228,82.5949,78.0526,73.7004,66.7695,126.593,78.928,0,84.1127,34.9853,127.928,120.644,167.746,26.2649,4.86692,5.37987,212.719,199.441,87.4229,154.044,121.623,30.4469,24.1167,190.942,15.1661,81.2965,0,0,126.344,116.41,63.3426,0,32.7519,64.0688,202.806,182.38,71.744,248.14,130.932,24.4744,134.45,123.135,46.6053,96.5429,127.706,50.1804,150.205,0,132.635,0,38.5874,116.598,76.3618,261.695,0,0,152.219,92.5418,102.053,83.6724,51.8259,123.188,55.3153,85.7026,56.9191,82.1333,18.1133,9.02113,0,223.497,90.0122,
mu: 
srcDuals: 
lambda: 0,43.6336,141.118,17.8515,147.279,180.823,103.85,209.332,59.2518,98.6512,134.63,40.9785,177.409,26.8595,263.348,178.895,162.766,140.021,66.0097,184.408,56.7438,103.439,31.951,58.7136,98.8292,79.6101,30.8424,25.447,238.423,35.0689,66.4354,240.639,181.005,199.54,126.321,182.098,20.7434,37.4599,237.186,110.367,170.35,194.04,80.4425,193.119,115.114,62.9542,188.408,36.1166,254.79,143.09,255.604,126.242,124.065,118.289,333.937,44.2871,63.9297,35.1493,58.2277,45.7155,149.115,98.6684,205.427,155.293,83.4707,20.5595,85.4753,143.562,213.877,42.3653,67.8328,70.9775,57.7196,299.227,31.1059,121.084,236.38,267.841,127.114,66.9184,60.5002,135.712,151.575,37.3525,88.5696,20.7097,62.4817,201.077,305.565,11.8023,151.496,60.9923,154.091,213.476,107.565,64.8612,85.0684,222.964,111.446,110.168,53.0085,47.6645,99.1136,65.0479,147.55,30.0939,36.0133,203.2,6.29671,132.319,127.012,52.912,91.9747,27.5951,54.589,71.9771,36.8506,67.0549,191.068,45.915,102.587,215.441,134.112,82.8227,149.94,114.739,37.6446,128.242,39.4971,176.5,48.8165,45.5724,116.721,222.86,126.022,177.251,147.708,177.059,181.198,67.7318,28.2697,45.2561,48.8941,106.009,82.0178,35.0563,229.38,129.053,50.8462,62.7102,139.218,64.347,69.1306,231.599,42.0281,184.106,126.187,54.4958,56.8152,27.8044,89.6941,75.7812,104.693,26.4662,183.846,91.2564,54.9205,123.793,115.376,152.092,19.8221,123.081,58.7845,90.0525,127.817,41.4101,215.133,206.787,84.5982,92.4425,148.928,70.631,118.93,160.85,41.7193,142.195,92.4143,83.0409,134.798,103.684,64.8757,44.9301,56.2653,58.0128,218.415,212.698,121.472,104.51,136.392,162.9,150.17,140.395,22.4842,146.133,39.9984,77.0079,112.714,231.852,23.6903,24.0068,34.9593,116.199,156.709,180.941,165.566,160.164,178.179,79.4894,93.3508,151.041,118.626,111.029,72.5127,115.805,14.9184,227.186,29.1982,35.0866,105.452,88.2055,59.55,90.6484,111.301,100.615,18.0238,77.7604,40.8179,143.233,129.749,171.532,30.7182,37.8009,35.9384,206.435,171.474,90.0648,121.182,145.629,38.1868,40.249,185.292,37.2206,97.7354,14.0184,20.518,129.551,110.332,74.2742,16.2516,32.9562,82.8322,193.293,144.684,90.0958,290.737,152.819,36.1722,124.285,115.274,74.4604,149.996,174.763,100.592,155.259,32.6508,145.674,25.8011,66.4731,115.041,77.1023,254.969,16.9883,32.8614,154.696,102.042,117.128,104.061,93.1698,144.417,67.2954,71.3911,43.5178,76.0266,59.5394,48.3392,22.0361,211.922,101.76,
mu: 
srcDuals: 
best alpha: 0.01
0:0
1:-0.115724
2:0.00246215
3:-0.255558
4:0.0797195
5:0.179586
6:-0.0413076
7:-0.0306955
8:-0.00740542
9:-0.0221017
10:0.0615577
11:-0.220273
12:0.0444371
13:-0.0100794
14:-0.103608
15:0.0838937
16:0.124629
17:-0.0132215
18:-0.0403402
19:-0.36009
20:-0.0544336
21:-0.175247
22:-0.294117
23:-0.199557
24:-0.419791
25:0.0945801
26:-0.0822499
27:-0.0210166
28:0.116898
29:-0.0591434
30:-0.0371596
31:-0.0976222
32:-0.0779347
33:-0.117056
34:0.0540147
35:-0.223524
36:-0.207821
37:0.15441
38:-0.204807
39:-0.241869
40:0.0196606
41:-0.140892
42:-0.102173
43:-0.0281812
44:0.108379
45:0.0251153
46:-0.207868
47:0.00379839
48:-0.0260447
49:-0.104046
50:-0.078919
51:-0.0406086
52:-0.115602
53:0.0156851
54:-0.317631
55:0.154327
56:-0.137203
57:-0.201276
58:-0.0363352
59:0.0415549
60:-0.0203633
61:-0.00611707
62:-0.190328
63:-0.0401929
64:-0.00232125
65:-0.6203
66:0.201239
67:-0.0524062
68:-0.0185121
69:-0.0503692
70:0.104504
71:0.0152516
72:0.137583
73:-0.0190431
74:-0.205354
75:-0.0243643
76:-0.129218
77:-0.275969
78:0.0465483
79:-0.188234
80:0.104938
81:-0.0897069
82:0.121853
83:-0.0661964
84:-0.186626
85:-0.29446
86:0.0854645
87:-0.26792
88:0.0171548
89:-0.785925
90:-0.0345337
91:-0.0377892
92:-0.11336
93:-0.184349
94:-0.00537813
95:-0.356577
96:0.0573893
97:-0.391423
98:-0.019744
99:-0.0382451
100:0.0623533
101:-0.0125738
102:0.382372
103:-0.136314
104:-0.2219
105:-0.853727
106:-0.0656785
107:-0.331601
108:-0.277472
109:-0.0629714
110:-0.0792381
111:-0.258543
112:-0.360034
113:-0.00881931
114:-0.145918
115:-0.121977
116:-0.0179811
117:-0.00617522
118:0.0790818
119:-0.204093
120:-0.160156
121:-0.371858
122:0.203964
123:0.136868
124:-0.0520218
125:-0.0388755
126:-0.231678
127:-0.00713794
128:0.0104338
129:-0.091347
130:-0.191674
131:0.0782427
132:-0.0661475
133:-0.454584
134:-0.153516
135:0.0537873
136:-0.0115908
137:0.0536739
138:-0.194378
139:-0.380738
140:-0.0852838
141:0.0199962
142:0.0160075
143:-0.090083
144:-0.146212
145:-0.100233
146:-0.106651
147:0.00433207
148:0.0124691
149:-0.0821941
150:-0.0593674
151:-0.36205
152:0.0317572
153:-0.541898
154:-0.0806608
155:-0.197342
156:-0.0285267
157:-0.0814395
158:-0.0714884
159:-0.43149
160:-0.243052
161:-0.356034
162:-0.0599018
163:-0.136668
164:-0.263486
165:0.0636476
166:0.0246107
167:0.0551182
168:0.101832
169:-0.213611
170:-0.179408
171:-0.0862243
172:-0.265589
173:-0.0599821
174:-0.358961
175:-0.265725
176:0.161559
177:0.0660515
178:-0.172364
179:-0.228369
180:-0.408131
181:0.000941526
182:0.141925
183:-0.428832
184:-0.0436529
185:0.0436144
186:-0.0969989
187:-0.236934
188:0.0493719
189:-0.23643
190:-0.0700696
191:-0.177998
192:-0.331429
193:-0.194654
194:-0.0386893
195:-0.13297
196:0.112192
197:-0.137537
198:-0.0312318
199:-0.285752
200:-0.0220601
201:-0.187011
202:-0.214385
203:-0.197926
204:-0.110303
205:0.0581313
206:-0.0713124
207:-0.587082
208:-0.226188
209:-0.429485
210:-0.150057
211:0.123063
212:-0.0894861
213:-0.0697246
214:0.153303
215:-0.220305
216:-0.0181483
217:-0.16446
218:-0.130402
219:0.258926
220:-0.0840053
221:-0.0195495
222:-0.0550133
223:0.0365689
224:-0.225266
225:0.480402
226:-0.282937
227:-0.138715
228:-0.156095
229:-0.136236
230:0.110426
231:-0.134831
232:0.200192
233:-0.116081
234:-0.148646
235:-0.0150701
236:0.0195152
237:-0.0615058
238:-0.128472
239:-0.0829794
240:0.0113123
241:-0.212277
242:-0.19196
243:-0.114452
244:0.0997937
245:0.0468052
246:-0.124735
247:-0.135919
248:-0.00679764
249:-0.068576
250:-0.298078
251:-0.129228
252:-0.071198
253:-0.0844209
254:-0.594166
255:0.0219684
256:0.0213836
257:-0.104095
258:-0.358758
259:0.0176521
260:-0.0910792
261:0.0807612
262:0.391811
263:-0.177559
264:-0.294931
265:-0.137801
266:-0.0406486
267:0.156345
268:-0.0233718
269:-0.168839
270:-0.387771
271:-0.33307
272:-0.361759
273:-0.013824
274:-0.329038
275:-0.0421152
276:-0.202076
277:-0.1691
278:0.0627167
279:-0.0169334
280:-0.170073
281:-0.17361
282:-0.270618
283:-0.00178668
284:-0.0318548
285:-0.0595361
286:-0.104982
287:-0.284205
288:-0.112175
289:-0.0330639
290:-0.0281965
291:0.0940185
292:0.0416297
293:-0.284908
294:-0.266879
295:-0.289466
296:0.0883996
297:-0.0810782
alpha: 155.765
lagLB: 26640.8
stepSizeMultiplier: 1.1
targetLowerBound: 33793.3
||gamma||^2: 11.3641
lambda: 0,25.9152,158.377,0,157.105,214.588,99.4379,220.508,82.1665,96.9457,161.626,8.52588,189.309,28.2576,247.337,193.537,178.921,136.748,60.3246,132.251,70.212,77.3322,0,55.9574,38.2582,107.032,17.8415,22.4851,256.307,28.1431,66.8357,225.471,178.477,181.634,138.161,149.187,0,57.8118,206.913,74.8709,171.711,172.775,64.6338,187.738,128.978,65.0844,157.704,36.6519,249.71,127.018,243.073,119.11,106.364,127.546,287.764,74.4925,43.1842,5.37391,51.6976,54.3905,151.882,104.853,177.195,148.219,94.4181,0,134.976,147.451,218.315,35.2667,83.97,80.1735,75.6999,309.227,2.16515,116.241,216.76,227.539,142.13,38.981,76.6986,121.66,168.748,29.4327,60.8589,0,77.3449,171.775,306.574,0,162.131,58.4852,136.706,186.086,108.216,13.199,94.5656,167.8,107.254,128.737,60.3867,47.3018,164.276,78.2512,114.868,0,25.3479,155.057,0,122.036,114.436,15.0658,39.8253,27.7615,32.6153,77.3358,37.1351,67.5939,217.716,15.7426,78.6065,161.625,168.494,114.796,141.199,109.261,3.58472,130.054,40.9675,172.082,20.3943,56.5992,105.989,157.386,102.977,189.059,157.349,186.032,152.395,12.6646,20.4785,48.0741,53.9687,110.226,68.4585,19.521,212.94,128.254,55.4221,49.7171,132.26,11.9136,75.0155,153.819,53.2094,154.885,120.757,41.6092,45.331,0,54.0312,24.1956,115.981,5.7961,184.764,107.273,65.4355,130.151,132.546,120.578,0,109.52,19.9455,80.1898,75.8191,8.18909,250.586,216.096,58.8974,58.8489,89.9999,76.4009,137.523,99.0044,42.6138,158.206,105.521,56.6961,155.849,68.9547,53.5914,19.8446,8.14733,29.1706,211.553,192.549,148.558,83.7176,155.948,183.229,145.652,112.63,0,116.829,23.0439,111.977,111.119,147.704,0,0,15.2208,132.134,142.688,169.705,191.399,127.706,174.212,56.3119,74.9731,186.122,112.425,123.777,64.7596,157.6,0,293.481,0,15.5373,86.2723,67.5964,84.9776,70.2372,138.105,82.8459,0,77.0459,42.1589,133.156,127.145,175.34,33.7218,6.4751,7.47587,188.895,196.812,95.2518,102.193,125.064,37.2288,29.1751,141.874,19.0084,86.2921,2.12087,0,134.057,126.029,69.4691,0,41.0812,68.587,213.131,198.493,76.3467,247.763,134.808,30.4435,144.909,133.12,49.2564,93.9375,126.414,48.1995,157.539,0,138.329,0,41.2323,125.289,84.581,229.591,0,0,160.082,98.9622,107.328,87.8567,51.7071,127.199,61.2264,97.0129,68.0424,91.7587,17.9776,9.31832,0,234.245,95.9711,
mu: 
srcDuals: 
lambda: 0,43.6336,141.118,17.8515,147.279,180.823,103.85,209.332,59.2518,98.6512,134.63,40.9785,177.409,26.8595,263.348,178.895,162.766,140.021,66.0097,184.408,56.7438,103.439,31.951,58.7136,98.8292,79.6101,30.8424,25.447,238.423,35.0689,66.4354,240.639,181.005,199.54,126.321,182.098,20.7434,37.4599,237.186,110.367,170.35,194.04,80.4425,193.119,115.114,62.9542,188.408,36.1166,254.79,143.09,255.604,126.242,124.065,118.289,333.937,44.2871,63.9297,35.1493,58.2277,45.7155,149.115,98.6684,205.427,155.293,83.4707,20.5595,85.4753,143.562,213.877,42.3653,67.8328,70.9775,57.7196,299.227,31.1059,121.084,236.38,267.841,127.114,66.9184,60.5002,135.712,151.575,37.3525,88.5696,20.7097,62.4817,201.077,305.565,11.8023,151.496,60.9923,154.091,213.476,107.565,64.8612,85.0684,222.964,111.446,110.168,53.0085,47.6645,99.1136,65.0479,147.55,30.0939,36.0133,203.2,6.29671,132.319,127.012,52.912,91.9747,27.5951,54.589,71.9771,36.8506,67.0549,191.068,45.915,102.587,215.441,134.112,82.8227,149.94,114.739,37.6446,128.242,39.4971,176.5,48.8165,45.5724,116.721,222.86,126.022,177.251,147.708,177.059,181.198,67.7318,28.2697,45.2561,48.8941,106.009,82.0178,35.0563,229.38,129.053,50.8462,62.7102,139.218,64.347,69.1306,231.599,42.0281,184.106,126.187,54.4958,56.8152,27.8044,89.6941,75.7812,104.693,26.4662,183.846,91.2564,54.9205,123.793,115.376,152.092,19.8221,123.081,58.7845,90.0525,127.817,41.4101,215.133,206.787,84.5982,92.4425,148.928,70.631,118.93,160.85,41.7193,142.195,92.4143,83.0409,134.798,103.684,64.8757,44.9301,56.2653,58.0128,218.415,212.698,121.472,104.51,136.392,162.9,150.17,140.395,22.4842,146.133,39.9984,77.0079,112.714,231.852,23.6903,24.0068,34.9593,116.199,156.709,180.941,165.566,160.164,178.179,79.4894,93.3508,151.041,118.626,111.029,72.5127,115.805,14.9184,227.186,29.1982,35.0866,105.452,88.2055,59.55,90.6484,111.301,100.615,18.0238,77.7604,40.8179,143.233,129.749,171.532,30.7182,37.8009,35.9384,206.435,171.474,90.0648,121.182,145.629,38.1868,40.249,185.292,37.2206,97.7354,14.0184,20.518,129.551,110.332,74.2742,16.2516,32.9562,82.8322,193.293,144.684,90.0958,290.737,152.819,36.1722,124.285,115.274,74.4604,149.996,174.763,100.592,155.259,32.6508,145.674,25.8011,66.4731,115.041,77.1023,254.969,16.9883,32.8614,154.696,102.042,117.128,104.061,93.1698,144.417,67.2954,71.3911,43.5178,76.0266,59.5394,48.3392,22.0361,211.922,101.76,
mu: 
srcDuals: 
best alpha: 0.04
0:0
1:-0.071095
2:0.0423637
3:-0.205335
4:0.116531
5:0.212403
6:0.000344724
7:0.0105324
8:0.0328908
9:0.0187823
10:0.0990954
11:-0.171462
12:0.0826596
13:0.0303238
14:-0.0594637
15:0.120538
16:0.159644
17:0.0273074
18:0.00127344
19:-0.305686
20:-0.0122562
21:-0.128237
22:-0.242352
23:-0.151575
24:-0.363
25:0.130797
26:-0.0389599
27:-0.0201759
28:0.152222
29:-0.136778
30:0.00432674
31:-0.0537174
32:-0.0348173
33:-0.0723738
34:-0.0281459
35:-0.174583
36:-0.159508
37:0.188234
38:-0.156614
39:-0.192195
40:0.0588742
41:-0.0952565
42:-0.058086
43:0.0129461
44:0.144044
45:0.0641107
46:-0.159553
47:-0.116354
48:-0.865003
49:-0.0598837
50:-0.0357622
51:0.00101573
52:-0.0709782
53:0.0550577
54:-0.264926
55:0.108154
56:-0.0917153
57:-0.153225
58:0.00511818
59:0.0798927
60:-0.139549
61:0.0341276
62:-0.142715
63:0.00141481
64:0.0377716
65:-0.555488
66:0.23319
67:-0.0103099
68:0.0222284
69:-0.00835442
70:0.140324
71:0.0146415
72:0.172079
73:0.0217186
74:-0.15714
75:0.0166102
76:-0.084049
77:-0.22493
78:0.0846864
79:-0.140705
80:-0.0192595
81:-0.0461187
82:0.116979
83:-0.0235485
84:-0.139161
85:-0.242682
86:0.0420459
87:-0.217203
88:0.0564686
89:-0.714488
90:0.00684764
91:0.00372237
92:-0.068826
93:-0.136975
94:-0.005163
95:-0.302314
96:0.0550937
97:-0.335766
98:0.0210458
99:0.00328474
100:0.0998592
101:0.0279291
102:0.407078
103:-0.0908614
104:-0.173024
105:-0.779578
106:-0.0230514
107:-0.278337
108:-0.226373
109:-0.0204526
110:-0.0360686
111:-0.208202
112:-0.305633
113:0.0315335
114:-0.100081
115:-0.0770974
116:0.0227382
117:0.0340718
118:0.115918
119:-0.155929
120:-0.113749
121:-0.316984
122:0.195805
123:0.171393
124:-0.00994095
125:0.00267948
126:-0.18241
127:0.0331476
128:0.0500164
129:-0.0476931
130:-0.144007
131:0.0351129
132:-0.0235016
133:-0.3964
134:-0.107376
135:-0.0283642
136:0.0288728
137:0.0915269
138:-0.146603
139:-0.325509
140:-0.0418724
141:0.0591964
142:0.0553672
143:-0.0464797
144:-0.100363
145:-0.136224
146:-0.0623852
147:0.0441588
148:-0.0280297
149:-0.0389063
150:-0.0169927
151:-0.307568
152:-0.0095131
153:-0.480222
154:-0.0374344
155:-0.149449
156:0.0126144
157:-0.0781819
158:-0.0286288
159:-0.374231
160:-0.19333
161:-0.301793
162:-0.0175057
163:-0.0912011
164:-0.212946
165:0.101102
166:0.0636262
167:0.0929134
168:0.0577591
169:-0.165066
170:-0.132232
171:-0.0427753
172:-0.214965
173:-0.0175828
174:-0.304602
175:-0.215096
176:0.195096
177:0.103409
178:-0.125469
179:-0.179234
180:-0.351806
181:0.0409039
182:0.136248
183:-0.371679
184:-0.00190682
185:0.0818698
186:-0.0531189
187:-0.187457
188:0.0873971
189:-0.186973
190:-0.0272668
191:-0.130878
192:-0.278172
193:-0.146868
194:0.00285827
195:-0.0876514
196:0.147704
197:-0.0920351
198:0.0100174
199:-0.234322
200:0.0188223
201:-0.139531
202:-0.165809
203:-0.150009
204:-0.0658911
205:0.095806
206:-0.0284599
207:-0.523599
208:-0.17714
209:-0.372305
210:-0.104055
211:0.15814
212:-0.0459066
213:-0.0269356
214:0.0671708
215:-0.171493
216:0.0225777
217:-0.117881
218:-0.085186
219:0.288569
220:-0.0406451
221:0.0212325
222:-0.0128128
223:0.0751062
224:-0.176255
225:0.501186
226:-0.23162
227:-0.0931662
228:-0.109851
229:-0.0907861
230:0.146009
231:-0.0894375
232:0.232185
233:-0.151438
234:-0.1027
235:0.0255327
236:0.0187346
237:-0.0990456
238:-0.0833331
239:-0.0396602
240:0.0508598
241:-0.163786
242:-0.144282
243:-0.069874
244:0.135802
245:0.0849329
246:-0.159745
247:-0.0904818
248:0.0334743
249:-0.225833
250:-0.246154
251:-0.0840585
252:-0.0283501
253:-0.0410441
254:-0.530399
255:-0.0989103
256:0.0605283
257:-0.0599316
258:-0.304408
259:0.056946
260:-0.047436
261:0.0775308
262:-0.503861
263:-0.130457
264:-0.243134
265:-0.0922886
266:-0.0390226
267:0.150091
268:0.0175631
269:-0.122085
270:-0.33226
271:-0.279748
272:-0.307288
273:0.026729
274:-0.275876
275:-0.00043063
276:-0.153993
277:-0.122336
278:-0.139792
279:-0.0162561
280:-0.12327
281:-0.126666
282:-0.219793
283:0.0382848
284:0.00941935
285:-0.0171546
286:-0.0607828
287:-0.232837
288:-0.067688
289:0.00825864
290:0.0129314
291:0.0102578
292:0.0799645
293:-0.233511
294:-0.216204
295:-0.237888
296:0.124864
297:-0.0778351
alpha: 186.332
lagLB: 28243.6
stepSizeMultiplier: 1.1
targetLowerBound: 33793.3
||gamma||^2: 9.49981
lambda: 0,25.6079,141.501,0,159.697,208.796,97.4158,204.551,58.0983,95.2085,144.218,6.6677,184.331,25.2894,247.21,191.963,182.179,137.961,59.7262,128.319,48.2649,76.1419,0,27.6296,33.4404,94.3424,18.0307,22.1733,256.632,25.8564,60.6472,225.432,168.865,181.307,134.735,147.28,0,61.5116,205.285,72.6924,173.412,172.094,64.5275,188.729,131.995,66.8662,156.03,36.7082,250.733,126.883,243.311,119.917,106.058,120.733,284.461,68.3259,42.5582,3.79753,52.5679,52.1883,145.943,97.7156,175.781,149.032,83.1092,0,116.821,135.399,210.994,34.5196,84.1109,73.3531,79.1501,296.26,0,117.288,216.252,224.855,134.364,37.5981,76.8459,121.738,170.555,27.0414,59.4998,0,75.7941,159.345,308.238,0,146.117,55.106,136.433,184.76,106.727,9.31886,94.0076,161.994,108.37,104.211,62.721,45.706,158.674,43.8149,112.986,0,25.7829,151.548,0,122.511,114.67,12.6399,35.894,26.2213,31.8601,52.9774,34.0498,66.093,203.386,14.1245,77.64,157.518,165.883,104.142,141.837,108.684,1.55737,127.13,41.1223,162.271,18.9603,57.7598,106.417,152.052,102.11,185.629,145.903,185.419,150.921,8.42612,14.9855,48.3708,51.3875,91.9775,59.2431,19.4435,212.768,129.728,52.7884,49.9072,129.97,7.95234,74.0773,147.19,29.4639,153.367,121.743,41.8104,45.6798,0,51.8351,20.3235,95.3621,5.17811,142.804,101.17,58.754,132.378,131.238,118.819,0,109.65,17.4151,80.7094,71.9036,0.0194287,240.298,217.076,57.7499,56.8706,85.3551,70.7777,141.037,94.0525,34.9197,148.988,77.3052,46.1349,142.488,66.8568,53.9613,17.2042,4.64028,27.6924,212.388,191.985,138.947,83.0867,131.527,118.39,146.734,111.265,0,115.303,22.817,86.0627,101.606,140.405,0,0,11.5856,135.368,142.77,170.08,189.445,125.848,175.352,53.8723,73.0387,191.372,105.541,107.984,63.9435,121.501,0,302.016,0,13.4797,81.1382,66.9848,76.7504,69.6465,142.484,82.5333,0,75.413,43.8577,133.653,109.737,158.607,32.4802,4.73553,6.03768,188.607,187.018,97.3554,101.752,124.457,37.128,29.5672,138.862,17.0915,86.6452,0.868588,0,132.973,113.663,58.0597,0,35.7058,68.6453,205.873,205.714,62.4383,244.798,131.355,29.8406,148.638,111.634,48.1612,89.5946,122.883,44.2426,153.106,0,139.113,0,40.1332,124.81,74.4647,228.477,0,0,154.418,97.0804,107.854,87.7088,48.9006,126.945,62.1452,66.9991,58.1626,82.511,15.1607,6.76879,0,225.691,89.1311,
mu: 
srcDuals: 
lambda: 0,43.6336,141.118,17.8515,147.279,180.823,103.85,209.332,59.2518,98.6512,134.63,40.9785,177.409,26.8595,263.348,178.895,162.766,140.021,66.0097,184.408,56.7438,103.439,31.951,58.7136,98.8292,79.6101,30.8424,25.447,238.423,35.0689,66.4354,240.639,181.005,199.54,126.321,182.098,20.7434,37.4599,237.186,110.367,170.35,194.04,80.4425,193.119,115.114,62.9542,188.408,36.1166,254.79,143.09,255.604,126.242,124.065,118.289,333.937,44.2871,63.9297,35.1493,58.2277,45.7155,149.115,98.6684,205.427,155.293,83.4707,20.5595,85.4753,143.562,213.877,42.3653,67.8328,70.9775,57.7196,299.227,31.1059,121.084,236.38,267.841,127.114,66.9184,60.5002,135.712,151.575,37.3525,88.5696,20.7097,62.4817,201.077,305.565,11.8023,151.496,60.9923,154.091,213.476,107.565,64.8612,85.0684,222.964,111.446,110.168,53.0085,47.6645,99.1136,65.0479,147.55,30.0939,36.0133,203.2,6.29671,132.319,127.012,52.912,91.9747,27.5951,54.589,71.9771,36.8506,67.0549,191.068,45.915,102.587,215.441,134.112,82.8227,149.94,114.739,37.6446,128.242,39.4971,176.5,48.8165,45.5724,116.721,222.86,126.022,177.251,147.708,177.059,181.198,67.7318,28.2697,45.2561,48.8941,106.009,82.0178,35.0563,229.38,129.053,50.8462,62.7102,139.218,64.347,69.1306,231.599,42.0281,184.106,126.187,54.4958,56.8152,27.8044,89.6941,75.7812,104.693,26.4662,183.846,91.2564,54.9205,123.793,115.376,152.092,19.8221,123.081,58.7845,90.0525,127.817,41.4101,215.133,206.787,84.5982,92.4425,148.928,70.631,118.93,160.85,41.7193,142.195,92.4143,83.0409,134.798,103.684,64.8757,44.9301,56.2653,58.0128,218.415,212.698,121.472,104.51,136.392,162.9,150.17,140.395,22.4842,146.133,39.9984,77.0079,112.714,231.852,23.6903,24.0068,34.9593,116.199,156.709,180.941,165.566,160.164,178.179,79.4894,93.3508,151.041,118.626,111.029,72.5127,115.805,14.9184,227.186,29.1982,35.0866,105.452,88.2055,59.55,90.6484,111.301,100.615,18.0238,77.7604,40.8179,143.233,129.749,171.532,30.7182,37.8009,35.9384,206.435,171.474,90.0648,121.182,145.629,38.1868,40.249,185.292,37.2206,97.7354,14.0184,20.518,129.551,110.332,74.2742,16.2516,32.9562,82.8322,193.293,144.684,90.0958,290.737,152.819,36.1722,124.285,115.274,74.4604,149.996,174.763,100.592,155.259,32.6508,145.674,25.8011,66.4731,115.041,77.1023,254.969,16.9883,32.8614,154.696,102.042,117.128,104.061,93.1698,144.417,67.2954,71.3911,43.5178,76.0266,59.5394,48.3392,22.0361,211.922,101.76,
mu: 
srcDuals: 
best alpha: 0.02
0:0
1:-0.0496731
2:-0.0384836
3:-0.201229
4:0.1342
5:0.00815464
6:-0.0596622
7:-0.0896783
8:0.052233
9:-0.281593
10:0.0171135
11:-0.148033
12:-0.138994
13:0.0297173
14:-0.298274
15:0.0581272
16:0.0364514
17:0.0467612
18:0.021248
19:-0.279573
20:-0.0520111
21:-0.105673
22:-0.237505
23:-0.128543
24:-0.33574
25:0.088181
26:-0.0181807
27:0.000227578
28:-0.110822
29:-0.114042
30:-0.0157598
31:-0.032643
32:-0.074121
33:-0.0509263
34:-0.00758297
35:-0.151092
36:-0.136318
37:0.124469
38:-0.133482
39:-0.168351
40:0.0776967
41:-0.0733513
42:-0.0369243
43:0.0326871
44:0.161163
45:0.0628285
46:-0.136362
47:-0.0940265
48:-0.827703
49:-0.038686
50:-0.0150469
51:0.0209954
52:-0.0495587
53:-0.166043
54:-0.359627
55:0.0459911
56:-0.069881
57:-0.170161
58:0.0250158
59:-0.0617052
60:-0.116758
61:-0.206555
62:-0.119861
63:0.0213865
64:0.0570162
65:-0.524378
66:0.208526
67:-0.0101037
68:0.0417838
69:-0.208187
70:0.0575175
71:0.0143487
72:0.108638
73:0.0412842
74:-0.133997
75:0.036278
76:-0.062368
77:-0.200431
78:-0.177007
79:-0.117891
80:0.00112571
81:-0.0251963
82:0.134639
83:-0.0430775
84:-0.116378
85:-0.217828
86:0.061205
87:-0.192859
88:-0.164661
89:-0.680199
90:-0.0132893
91:-0.156352
92:-0.0474495
93:-0.114236
94:-0.0450597
95:-0.276268
96:0.0739918
97:-0.309051
98:0.0206249
99:0.023219
100:-0.142138
101:0.0473705
102:0.378936
103:-0.0890441
104:-0.149563
105:-0.743987
106:-0.00259034
107:-0.25277
108:-0.201846
109:-0.120044
110:-0.0153472
111:-0.184038
112:-0.27952
113:0.0109028
114:-0.0780793
115:-0.0555555
116:0.0422834
117:0.0133904
118:0.0936001
119:-0.132811
120:-0.0914743
121:-0.290644
122:0.151889
123:-0.132034
124:-0.00974214
125:0.0226259
126:-0.158762
127:-0.127515
128:0.0290161
129:-0.0267393
130:-0.121127
131:0.0544107
132:-0.0430315
133:-0.368472
134:-0.145228
135:-0.00779688
136:-0.0117047
137:0.109696
138:-0.123671
139:-0.298998
140:-0.081035
141:0.0780125
142:0.0342598
143:-0.0255501
144:-0.0783562
145:-0.113499
146:-0.0411375
147:0.0632756
148:-0.00746908
149:-0.0581282
150:-0.176653
151:-0.281417
152:0.0106772
153:-0.450618
154:-0.0766857
155:-0.12646
156:0.0323621
157:-0.0566183
158:-0.0880563
159:-0.346746
160:-0.169463
161:-0.275757
162:0.00284441
163:-0.069377
164:-0.188687
165:-0.14092
166:-0.0976463
167:0.0710552
168:0.0766039
169:-0.141765
170:-0.109587
171:-0.0219198
172:-0.190666
173:0.00276882
174:-0.27851
175:-0.190794
176:-0.0688057
177:0.0613412
178:-0.10296
179:-0.155649
180:-0.32477
181:-0.339914
182:0.153523
183:-0.344245
184:-0.0418687
185:0.0402324
186:-0.0320565
187:-0.163707
188:0.0656491
189:-0.163234
190:-0.00672147
191:-0.108261
192:-0.252608
193:-0.123931
194:0.0228011
195:-0.145898
196:-0.11525
197:-0.0701944
198:0.0298171
199:-0.209636
200:0.0384459
201:-0.11674
202:-0.142493
203:-0.127009
204:-0.0445733
205:0.0338899
206:-0.227891
207:-0.493127
208:-0.293598
209:-0.344859
210:-0.0819738
211:0.0549776
212:-0.0249885
213:-0.00639686
214:0.0458274
215:-0.148063
216:0.0421261
217:-0.0955238
218:-0.0834823
219:-0.0172026
220:-0.0598322
221:0.000807822
222:-0.172557
223:0.0936041
224:-0.15273
225:0.271162
226:-0.206987
227:-0.0713029
228:-0.127654
229:-0.0689704
230:0.163088
231:-0.0676488
232:0.047541
233:-0.128409
234:-0.0806461
235:-0.0149779
236:0.0383599
237:-0.0770647
238:-0.101666
239:-0.018867
240:-0.0501574
241:-0.14051
242:-0.121396
243:-0.0484765
244:-0.106914
245:0.103234
246:-0.13655
247:-0.108672
248:-0.00719522
249:-0.201316
250:-0.221231
251:-0.0623773
252:-0.0077831
253:-0.0202232
254:-0.499791
255:-0.0769321
256:0.0193177
257:-0.0987329
258:-0.29832
259:0.0358071
260:-0.0264873
261:0.0959802
262:-0.473784
263:-0.107848
264:-0.218271
265:-0.0704428
266:-0.0182422
267:0.167089
268:0.0372118
269:-0.119644
270:-0.305615
271:-0.254153
272:-0.281142
273:-0.133806
274:-0.250359
275:0.019578
276:-0.150913
277:-0.0998894
278:-0.116996
279:0.00406905
280:-0.100805
281:-0.104133
282:-0.195397
283:-0.182481
284:-0.010769
285:-0.0368115
286:-0.0595671
287:-0.20818
288:-0.0463342
289:-0.131907
290:-0.0273272
291:-0.00994738
292:0.0983652
293:-0.208841
294:-0.19188
295:-0.21313
296:0.142366
297:-0.0562784
alpha: 207.17
lagLB: 27805.8
stepSizeMultiplier: 1.1
targetLowerBound: 33793.3
||gamma||^2: 8.54431
lambda: 0,30.3863,149.012,0,168.993,220.4,103.914,211.294,65.3804,102.151,153.094,9.02958,192.812,32.5098,252.268,201.356,192.513,145.109,66.247,127.449,54.46,79.5445,0,30.4703,31.1906,103.982,23.5829,21.6876,266.787,9.58279,67.2416,230.629,174.517,186.055,121.076,149.567,0,72.534,208.004,74.5551,181.32,176.291,69.6192,195.531,141.954,74.9001,158.678,14.4361,93.6121,131.932,248.94,126.431,110.84,128.548,284.573,64.4397,46.8402,6.5985,59.1813,60.6021,123.112,105.027,178.835,155.556,90.5088,0,128.926,141.641,218.019,40.8086,93.9798,73.7057,89.7835,303.274,1.82568,124.179,220.719,225.929,142.893,40.7005,56.9115,127.118,173.372,32.9646,62.6394,0,70.3162,160.605,316.087,0,152.772,61.6859,141.267,187.953,106.603,8.53017,95.3341,160.4,115.367,110.78,71.6155,52.8686,174.965,48.1174,115.31,0,31.7181,151.336,0,128.508,120.292,14.1172,35.0254,33.4708,35.9407,57.6113,41.0875,73.4036,212.668,16.8603,81.3915,156.376,170.597,114.759,148.088,115.239,3.65563,134.418,48.8168,167.613,21.9832,52.115,112.342,148.998,106.014,171.966,153.088,194.113,153.881,7.07897,20.4675,56.2863,59.2108,97.3486,63.3168,9.67341,217.756,137.281,45.6233,55.4606,136.051,7.03716,67.358,142.118,35.0528,156.259,128.537,39.928,51.4807,0,53.6705,19.5474,101.431,9.47245,144.167,110.095,66.7761,141.105,126.138,121.334,0,115.111,18.7296,86.7762,71.0599,1.33071,251.486,226.056,61.2192,59.0453,83.3748,78.2527,144.318,91.5937,41.364,157.45,82.5165,48.1116,151.083,68.8452,59.795,20.5432,4.43289,30.6464,218.948,196.365,148.994,87.361,138.258,119.238,153.677,114.396,0,118.181,27.7207,94.8597,107.411,134.288,0,0,15.5704,145.666,148.155,175.922,178.082,128.209,182.386,57.5243,77.4779,204.811,111.053,114.986,70.1252,129.799,0,320.574,0,17.7267,84.9835,71.2891,86.7561,73.9833,154.564,72.3969,0,82.518,44.3088,124.778,114.221,164.142,40.195,7.28222,9.05397,193.415,196.778,105.891,91.4159,128.769,44.4242,0,139.425,21.5578,92.4528,6.37057,0,111.121,121.61,63.107,0,43.5671,73.9933,207.739,50.798,65.7874,245.434,135.623,28.901,152.251,118.547,51.7119,88.0849,122.637,43.3341,160.24,0,145.593,0,43.6779,88.9935,74.0733,231.999,0,0,161.83,103.797,113.932,92.7355,49.7847,131.805,68.8343,73.8006,45.4291,90.9266,16.0286,8.05341,0,235.188,87.257,
mu: 
srcDuals: 
lambda: 0,43.6336,141.118,17.8515,147.279,180.823,103.85,209.332,59.2518,98.6512,134.63,40.9785,177.409,26.8595,263.348,178.895,162.766,140.021,66.0097,184.408,56.7438,103.439,31.951,58.7136,98.8292,79.6101,30.8424,25.447,238.423,35.0689,66.4354,240.639,181.005,199.54,126.321,182.098,20.7434,37.4599,237.186,110.367,170.35,194.04,80.4425,193.119,115.114,62.9542,188.408,36.1166,254.79,143.09,255.604,126.242,124.065,118.289,333.937,44.2871,63.9297,35.1493,58.2277,45.7155,149.115,98.6684,205.427,155.293,83.4707,20.5595,85.4753,143.562,213.877,42.3653,67.8328,70.9775,57.7196,299.227,31.1059,121.084,236.38,267.841,127.114,66.9184,60.5002,135.712,151.575,37.3525,88.5696,20.7097,62.4817,201.077,305.565,11.8023,151.496,60.9923,154.091,213.476,107.565,64.8612,85.0684,222.964,111.446,110.168,53.0085,47.6645,99.1136,65.0479,147.55,30.0939,36.0133,203.2,6.29671,132.319,127.012,52.912,91.9747,27.5951,54.589,71.9771,36.8506,67.0549,191.068,45.915,102.587,215.441,134.112,82.8227,149.94,114.739,37.6446,128.242,39.4971,176.5,48.8165,45.5724,116.721,222.86,126.022,177.251,147.708,177.059,181.198,67.7318,28.2697,45.2561,48.8941,106.009,82.0178,35.0563,229.38,129.053,50.8462,62.7102,139.218,64.347,69.1306,231.599,42.0281,184.106,126.187,54.4958,56.8152,27.8044,89.6941,75.7812,104.693,26.4662,183.846,91.2564,54.9205,123.793,115.376,152.092,19.8221,123.081,58.7845,90.0525,127.817,41.4101,215.133,206.787,84.5982,92.4425,148.928,70.631,118.93,160.85,41.7193,142.195,92.4143,83.0409,134.798,103.684,64.8757,44.9301,56.2653,58.0128,218.415,212.698,121.472,104.51,136.392,162.9,150.17,140.395,22.4842,146.133,39.9984,77.0079,112.714,231.852,23.6903,24.0068,34.9593,116.199,156.709,180.941,165.566,160.164,178.179,79.4894,93.3508,151.041,118.626,111.029,72.5127,115.805,14.9184,227.186,29.1982,35.0866,105.452,88.2055,59.55,90.6484,111.301,100.615,18.0238,77.7604,40.8179,143.233,129.749,171.532,30.7182,37.8009,35.9384,206.435,171.474,90.0648,121.182,145.629,38.1868,40.249,185.292,37.2206,97.7354,14.0184,20.518,129.551,110.332,74.2742,16.2516,32.9562,82.8322,193.293,144.684,90.0958,290.737,152.819,36.1722,124.285,115.274,74.4604,149.996,174.763,100.592,155.259,32.6508,145.674,25.8011,66.4731,115.041,77.1023,254.969,16.9883,32.8614,154.696,102.042,117.128,104.061,93.1698,144.417,67.2954,71.3911,43.5178,76.0266,59.5394,48.3392,22.0361,211.922,101.76,
mu: 
srcDuals: 
best alpha: 0.06
0:0
1:-0.226693
2:0.0238254
3:-0.129155
4:0.186148
5:0.0676654
6:0.00391756
7:-0.0242976
8:0.109099
9:-0.204698
10:0.0760867
11:-0.0791507
12:-0.070654
13:0.0879343
14:-0.220378
15:0.11464
16:0.0942643
17:0.103956
18:0.0799731
19:-0.202798
20:0.0111096
21:-0.0393324
22:-0.163255
23:-0.0608307
24:-0.255595
25:0.0228901
26:0.0429101
27:0.0602139
28:-0.0441728
29:-0.0471996
30:-0.194814
31:0.0293156
32:-0.00967373
33:0.0121293
34:0.052872
35:-0.0820261
36:-0.0681387
37:0.177001
38:-0.0654731
39:-0.0982496
40:0.133035
41:-0.00895024
42:0.0252912
43:0.0907259
44:-0.0285067
45:0.119059
46:-0.0681803
47:-0.0283849
48:-0.718041
49:0.0236351
50:0.0458559
51:0.0797357
52:0.0134148
53:-0.0960809
54:-0.27805
55:0.103232
56:-0.00568811
57:-0.099951
58:-0.156485
59:0.00199714
60:-0.0497524
61:-0.134162
62:-0.052669
63:-0.0998967
64:0.113595
65:-0.432915
66:-0.103986
67:0.0505025
68:0.0992768
69:-0.135696
70:0.114066
71:0.0734878
72:0.162119
73:0.0988072
74:-0.0659572
75:0.0941014
76:0.00137407
77:-0.128406
78:-0.106387
79:-0.0508173
80:0.0610582
81:-0.203685
82:-0.293439
83:0.0195071
84:-0.0493951
85:-0.144759
86:-0.00246729
87:-0.121287
88:-0.0947811
89:-0.579387
90:0.047508
91:-0.086971
92:0.0153975
93:-0.0473818
94:0.0176438
95:-0.199692
96:-0.0504477
97:-0.230508
98:0.0793874
99:0.0818259
100:-0.0736097
101:-0.0154717
102:0.1762
103:-0.0237015
104:-0.0805893
105:-0.639347
106:-0.0624349
107:-0.177604
108:-0.129735
109:-0.0528409
110:0.0455736
111:-0.112995
112:-0.202749
113:0.0702486
114:-0.0133945
115:0.00777783
116:-0.0802536
117:0.0725869
118:0.147984
119:-0.0648422
120:-0.0259859
121:-0.213206
122:0.202776
123:-0.0641123
124:0.0508424
125:-0.158732
126:-0.0892365
127:-0.0598644
128:0.0872751
129:0.0348651
130:-0.0538597
131:-0.068854
132:0.0195504
133:-0.286364
134:-0.0765145
135:0.0526709
136:0.0489976
137:0.163115
138:-0.0562508
139:-0.221059
140:-0.0161729
141:0.133332
142:-0.147796
143:0.0359829
144:-0.313655
145:-0.0466894
146:0.0213307
147:-0.180521
148:-0.0670209
149:0.00535948
150:-0.106054
151:-0.204532
152:0.0700365
153:-0.363581
154:-0.0120846
155:-0.058872
156:0.0904204
157:0.00677879
158:-0.0227729
159:-0.265941
160:-0.219295
161:-0.199211
162:-0.117326
163:-0.00521442
164:-0.117366
165:-0.0724651
166:-0.0317875
167:0.126792
168:-0.107992
169:-0.0732591
170:-0.043012
171:0.0393954
172:-0.119226
173:0.0626027
174:-0.2018
175:-0.119347
176:-0.00467736
177:0.117661
178:-0.0367822
179:-0.20631
180:-0.245284
181:-0.259519
182:-0.0356886
183:-0.263591
184:0.0206434
185:0.0978185
186:-0.0901332
187:-0.093885
188:0.12171
189:-0.33344
190:0.0536818
191:-0.0417652
192:-0.177452
193:-0.056495
194:0.081433
195:-0.0771445
196:-0.0483348
197:-0.00598272
198:-0.0319719
199:-0.137057
200:-0.203861
201:-0.0497358
202:-0.0739435
203:-0.0593884
204:-0.0418989
205:0.0918565
206:-0.154217
207:-0.40354
208:-0.215982
209:-0.264168
210:-0.0170554
211:0.111679
212:0.0365108
213:-0.066013
214:0.103078
215:-0.0791792
216:0.0995985
217:-0.0297924
218:-0.0184734
219:0.0438296
220:0.00375775
221:0.0607594
222:-0.102203
223:0.147988
224:-0.0835665
225:0.314892
226:-0.134568
227:-0.00702471
228:-0.0599949
229:-0.00483218
230:0.213303
231:-0.00358983
232:0.104688
233:-0.0607045
234:-0.0158074
235:0.0459207
236:-0.143942
237:-0.492441
238:-0.0355664
239:0.042265
240:0.012852
241:-0.0720798
242:-0.0541125
243:0.0144321
244:-0.0404993
245:-0.0829598
246:-0.0683574
247:-0.0421518
248:-0.0667635
249:-0.129237
250:-0.147957
251:0.00136534
252:-0.127316
253:-0.0190098
254:-0.409804
255:-0.0123162
256:0.0781587
257:-0.032809
258:-0.220421
259:-0.146341
260:0.0351019
261:0.150221
262:-0.385357
263:-0.0413769
264:-0.145175
265:-0.00621626
266:0.0428524
267:-0.022936
268:-0.205021
269:-0.0524651
270:-0.227278
271:-0.178903
272:-0.204274
273:-0.0657773
274:-0.175337
275:-0.0415967
276:-0.0818582
277:-0.033896
278:-0.0499764
279:0.0638249
280:-0.0347566
281:-0.0378846
282:-0.123673
283:-0.111532
284:0.0498771
285:0.0253972
286:0.00400692
287:-0.135689
288:0.0164458
289:-0.0639921
290:0.0343124
291:0.0506495
292:-0.207537
293:-0.136311
294:-0.120367
295:-0.140342
296:0.193824
297:0.00709831
alpha: 286.649
lagLB: 27415.1
stepSizeMultiplier: 1.1
targetLowerBound: 33793.3
||gamma||^2: 6.17523
lambda: 0,33.3428,133.145,0,175.081,182.512,91.4899,190.753,70.0729,40.3135,138.175,10.3106,148.614,33.016,201.555,190.938,170.318,149.708,70.4117,126.489,45.9686,81.5471,0,32.0833,29.2741,97.8785,27.0759,25.4941,215.464,11.4428,63.1704,233.876,165.649,188.99,124.75,150.796,0,63.2462,209.533,75.49,186.446,178.844,72.7929,199.891,148.502,75.9703,160.158,16.6371,83.3152,135.076,252.487,130.592,113.798,83.8901,259.433,53.815,49.4525,0,63.4102,32.9321,124.926,55.8764,180.596,159.723,95.2828,0,128.676,141.469,222.534,0,79.7487,73.9501,80.226,307.78,3.3458,128.599,223.459,226.317,90.4431,42.495,60.7334,130.492,179.468,28.4281,64.4597,0,75.1615,161.123,271.453,0,148.743,28.6008,144.261,189.809,98.2301,7.62675,100.397,158.938,115.719,114.978,23.5618,57.4783,177.618,46.6006,116.565,0,35.4767,150.833,0,107.45,123.833,14.7849,34.0666,29.8538,38.4133,60.4677,45.6105,69.829,210.459,18.4006,83.636,155.228,165.579,55.4692,147.922,119.427,4.75388,101.824,45.5084,170.961,23.7226,56.8446,107.806,146.524,95.9352,175.636,145.283,199.785,155.577,5.78835,11.4817,61.4179,55.9917,100.716,65.7848,11.5427,220.858,142.162,49.2988,50.6677,102.62,6.04604,71.3426,138.244,26.1411,157.907,132.891,42.7662,38.5726,0,54.5864,18.6527,105.282,12.0933,144.756,62.062,34.6911,138.513,131.246,122.722,0,118.54,19.2843,90.6261,70.1183,1.88331,200.879,219.495,63.268,60.1966,81.6451,0.211039,150.736,89.5323,33.0454,150.529,85.7731,49.1257,148.398,69.8673,63.4832,22.5017,3.93251,32.338,223.139,182.472,97.5956,89.9679,142.569,119.47,158.135,116.21,0,119.82,30.7641,84.0289,65.5015,129.691,0,0,17.9768,127.589,151.532,179.616,175.06,129.489,186.906,59.6998,76.0558,147.477,106.231,111.197,36.7641,135.196,0,283.363,0,20.3148,79.0063,73.9169,93.337,76.6336,121.15,74.0122,1.31639,74.6574,48.7649,127.268,108.686,167.623,20.3271,8.69138,10.7887,196.392,149.325,111.452,92.8925,123.115,36.6962,0,139.46,24.2979,96.123,9.82878,0,113.613,114.334,53.8197,0,40.3744,77.3448,213.177,46.53,67.753,245.518,138.226,32.393,158.9,122.984,49.6739,86.6816,122.111,42.3477,127.539,0,149.73,0,45.779,90.8032,77.9453,234.085,0,0,116.892,99.8112,109.502,91.7208,50.0412,134.818,39.9684,65.7297,41.457,96.4049,16.2738,8.58751,0,241.416,90.1011,
mu: 
srcDuals: 
lambda: 0,43.6336,141.118,17.8515,147.279,180.823,103.85,209.332,59.2518,98.6512,134.63,40.9785,177.409,26.8595,263.348,178.895,162.766,140.021,66.0097,184.408,56.7438,103.439,31.951,58.7136,98.8292,79.6101,30.8424,25.447,238.423,35.0689,66.4354,240.639,181.005,199.54,126.321,182.098,20.7434,37.4599,237.186,110.367,170.35,194.04,80.4425,193.119,115.114,62.9542,188.408,36.1166,254.79,143.09,255.604,126.242,124.065,118.289,333.937,44.2871,63.9297,35.1493,58.2277,45.7155,149.115,98.6684,205.427,155.293,83.4707,20.5595,85.4753,143.562,213.877,42.3653,67.8328,70.9775,57.7196,299.227,31.1059,121.084,236.38,267.841,127.114,66.9184,60.5002,135.712,151.575,37.3525,88.5696,20.7097,62.4817,201.077,305.565,11.8023,151.496,60.9923,154.091,213.476,107.565,64.8612,85.0684,222.964,111.446,110.168,53.0085,47.6645,99.1136,65.0479,147.55,30.0939,36.0133,203.2,6.29671,132.319,127.012,52.912,91.9747,27.5951,54.589,71.9771,36.8506,67.0549,191.068,45.915,102.587,215.441,134.112,82.8227,149.94,114.739,37.6446,128.242,39.4971,176.5,48.8165,45.5724,116.721,222.86,126.022,177.251,147.708,177.059,181.198,67.7318,28.2697,45.2561,48.8941,106.009,82.0178,35.0563,229.38,129.053,50.8462,62.7102,139.218,64.347,69.1306,231.599,42.0281,184.106,126.187,54.4958,56.8152,27.8044,89.6941,75.7812,104.693,26.4662,183.846,91.2564,54.9205,123.793,115.376,152.092,19.8221,123.081,58.7845,90.0525,127.817,41.4101,215.133,206.787,84.5982,92.4425,148.928,70.631,118.93,160.85,41.7193,142.195,92.4143,83.0409,134.798,103.684,64.8757,44.9301,56.2653,58.0128,218.415,212.698,121.472,104.51,136.392,162.9,150.17,140.395,22.4842,146.133,39.9984,77.0079,112.714,231.852,23.6903,24.0068,34.9593,116.199,156.709,180.941,165.566,160.164,178.179,79.4894,93.3508,151.041,118.626,111.029,72.5127,115.805,14.9184,227.186,29.1982,35.0866,105.452,88.2055,59.55,90.6484,111.301,100.615,18.0238,77.7604,40.8179,143.233,129.749,171.532,30.7182,37.8009,35.9384,206.435,171.474,90.0648,121.182,145.629,38.1868,40.249,185.292,37.2206,97.7354,14.0184,20.518,129.551,110.332,74.2742,16.2516,32.9562,82.8322,193.293,144.684,90.0958,290.737,152.819,36.1722,124.285,115.274,74.4604,149.996,174.763,100.592,155.259,32.6508,145.674,25.8011,66.4731,115.041,77.1023,254.969,16.9883,32.8614,154.696,102.042,117.128,104.061,93.1698,144.417,67.2954,71.3911,43.5178,76.0266,59.5394,48.3392,22.0361,211.922,101.76,
mu: 
srcDuals: 
