fixed number of vehicles
capacity: 100
instance upper bound: 742
route length upper bound: 33
compiling DD
time step mult: 1
time step: 10
cap step: 1
done compiling DD
batch size for lag: 1
deactivate cut value threshold: 0.01
deactivate cut iter threshold: 25
lag optimality gap to start repairing: 25
percent arcs fixed to change to CPLEX: 97.5
number arcs fixed to change to CPLEX: 100000
kappa iterations: 10
var fixing: 1
muSSP: 1
repairDuals: 1
robustCuts: 0
nonRobustCuts: 0
volume algo: 1
phases: 1
STATS - lpIterations[0] lagIterations[0] sspIterations[0] numSeparations[0] numCuts[0] compileTime[2] sspSolveTime[0] lpSolveTime[0] lb[0] ub[742] numArcs: [119324] numFixed: [0] time: [2]
STATS1 - lpIterations[0] lagIterations[0] sspIterations[0] numSeparations[0] numCuts[0] compileTime[2] sspSolveTime[0] lpSolveTime[0] repairTime[0] cutsTime[0] lb[0] ub[742] numArcs: [119324] numFixed: [0] time: [2]
STATS - lpIterations[1] lagIterations[0] sspIterations[0] numSeparations[0] numCuts[0] compileTime[2] sspSolveTime[0] lpSolveTime[0] lb[0] ub[742] numArcs: [119324] numFixed: [0] time: [2]
STATS1 - lpIterations[1] lagIterations[0] sspIterations[0] numSeparations[0] numCuts[0] compileTime[2] sspSolveTime[0] lpSolveTime[0] repairTime[0] cutsTime[0] lb[0] ub[742] numArcs: [119324] numFixed: [0] time: [2]
fixed path dual: 13.24
STATS - lpIterations[1] lagIterations[1] sspIterations[6] numSeparations[0] numCuts[0] compileTime[2] sspSolveTime[0] lpSolveTime[0] lb[498.64] ub[742] numArcs: [119302] numFixed: [0] time: [2]
STATS1 - lpIterations[1] lagIterations[1] sspIterations[6] numSeparations[0] numCuts[0] compileTime[2] sspSolveTime[0] lpSolveTime[0] repairTime[0] cutsTime[0] lb[498.64] ub[742] numArcs: [119302] numFixed: [0] time: [2]
lambda: 0,13.52,20.74,7.32,17.7,4.9,3.1,11.1,18.24,24.48,0.26,18.06,46.2,14,4.48,14.3,5.6,8.5,10.2,18.04,12.4,11.5,15.68,7.7,17.64,4.62,24.36,7.92,2.52,29.92,19,1.24,3.96,
mu: 
srcDuals: 
best alpha: 1
0:0
1:-3
2:1
3:1
4:1
5:1
6:-1
7:1
8:1
9:1
10:1
11:1
12:-1
13:-1
14:1
15:1
16:1
17:1
18:-1
19:1
20:1
21:-1
22:1
23:1
24:1
25:1
26:1
27:1
28:0
29:1
30:1
31:1
32:0
alpha: 0.656105
lagLB: 498.64
stepSizeMultiplier: 1
targetLowerBound: 523.572
||gamma||^2: 38
lambda: 0,13.52,20.74,7.32,17.7,4.9,3.1,11.1,18.24,24.48,0.26,18.06,46.2,14,4.48,14.3,5.6,8.5,10.2,18.04,12.4,11.5,15.68,7.7,17.64,4.62,24.36,7.92,2.52,29.92,19,1.24,3.96,
mu: 
srcDuals: 
lambda: 0,13.52,20.74,7.32,17.7,4.9,3.1,11.1,18.24,24.48,0.26,18.06,46.2,14,4.48,14.3,5.6,8.5,10.2,18.04,12.4,11.5,15.68,7.7,17.64,4.62,24.36,7.92,2.52,29.92,19,1.24,3.96,
mu: 
srcDuals: 
fixed path dual: 14.8342
STATS - lpIterations[1] lagIterations[2] sspIterations[12] numSeparations[0] numCuts[0] compileTime[2] sspSolveTime[0] lpSolveTime[0] lb[518.703] ub[742] numArcs: [119298] numFixed: [0] time: [2]
STATS1 - lpIterations[1] lagIterations[2] sspIterations[12] numSeparations[0] numCuts[0] compileTime[2] sspSolveTime[0] lpSolveTime[0] repairTime[0] cutsTime[0] lb[518.703] ub[742] numArcs: [119298] numFixed: [0] time: [2]
lambda: 0,11.5517,21.3961,7.97611,18.3561,5.55611,2.44389,11.7561,18.8961,25.1361,0.916105,18.7161,45.5439,13.3439,5.13611,14.9561,6.25611,9.15611,9.54389,18.6961,13.0561,10.8439,16.3361,8.35611,18.2961,5.27611,25.0161,8.57611,2.52,30.5761,19.6561,1.89611,3.96,
mu: 
srcDuals: 
best alpha: 0.1
0:0
1:-2.8
2:1
3:1
4:1
5:1
6:-0.9
7:1
8:1
9:1
10:0.9
11:1
12:-1.1
13:-0.9
14:1
15:1
16:1
17:1
18:-0.9
19:1
20:1
21:-1.1
22:1
23:1
24:1
25:1
26:1
27:1
28:0
29:1
30:1
31:1
32:0
alpha: 0.710552
lagLB: 518.703
stepSizeMultiplier: 1
targetLowerBound: 544.638
||gamma||^2: 36.5
lambda: 0,11.5517,21.3961,7.97611,18.3561,5.55611,2.44389,11.7561,18.8961,25.1361,0.916105,18.7161,45.5439,13.3439,5.13611,14.9561,6.25611,9.15611,9.54389,18.6961,13.0561,10.8439,16.3361,8.35611,18.2961,5.27611,25.0161,8.57611,2.52,30.5761,19.6561,1.89611,3.96,
mu: 
srcDuals: 
lambda: 0,11.5517,21.3961,7.97611,18.3561,5.55611,2.44389,11.7561,18.8961,25.1361,0.916105,18.7161,45.5439,13.3439,5.13611,14.9561,6.25611,9.15611,9.54389,18.6961,13.0561,10.8439,16.3361,8.35611,18.2961,5.27611,25.0161,8.57611,2.52,30.5761,19.6561,1.89611,3.96,
mu: 
srcDuals: 
fixed path dual: 15.774
STATS - lpIterations[1] lagIterations[3] sspIterations[18] numSeparations[0] numCuts[0] compileTime[2] sspSolveTime[0] lpSolveTime[0] lb[535.853] ub[742] numArcs: [119296] numFixed: [0] time: [2]
STATS1 - lpIterations[1] lagIterations[3] sspIterations[18] numSeparations[0] numCuts[0] compileTime[2] sspSolveTime[0] lpSolveTime[0] repairTime[0] cutsTime[0] lb[535.853] ub[742] numArcs: [119296] numFixed: [0] time: [2]
lambda: 0,9.56214,22.1067,8.68666,19.0667,6.26666,1.8044,12.4667,19.6067,25.8467,1.5556,19.4267,44.7623,12.7044,5.84666,15.6667,6.96666,9.86666,8.9044,19.4067,13.7667,10.0623,17.0467,9.06666,19.0067,5.98666,25.7267,9.28666,2.52,31.2867,20.3667,2.60666,3.96,
mu: 
srcDuals: 
best alpha: 0.1
0:0
1:-2.42
2:1
3:1
4:1
5:1
6:-0.71
7:1
8:1
9:1
10:0.81
11:1
12:-1.19
13:-0.71
14:0.9
15:1
16:1
17:1
18:-0.71
19:1
20:1
21:-1.19
22:1
23:1
24:1
25:1
26:1
27:1
28:0
29:1
30:1
31:1
32:0
alpha: 0.875394
lagLB: 535.853
stepSizeMultiplier: 1.1
targetLowerBound: 562.645
||gamma||^2: 33.667
lambda: 0,9.56214,22.1067,8.68666,19.0667,6.26666,1.8044,12.4667,19.6067,25.8467,1.5556,19.4267,44.7623,12.7044,5.84666,15.6667,6.96666,9.86666,8.9044,19.4067,13.7667,10.0623,17.0467,9.06666,19.0067,5.98666,25.7267,9.28666,2.52,31.2867,20.3667,2.60666,3.96,
mu: 
srcDuals: 
lambda: 0,9.56214,22.1067,8.68666,19.0667,6.26666,1.8044,12.4667,19.6067,25.8467,1.5556,19.4267,44.7623,12.7044,5.84666,15.6667,6.96666,9.86666,8.9044,19.4067,13.7667,10.0623,17.0467,9.06666,19.0067,5.98666,25.7267,9.28666,2.52,31.2867,20.3667,2.60666,3.96,
mu: 
srcDuals: 
fixed path dual: 16.3685
STATS - lpIterations[1] lagIterations[4] sspIterations[24] numSeparations[0] numCuts[0] compileTime[2] sspSolveTime[0] lpSolveTime[0] lb[554.109] ub[742] numArcs: [119285] numFixed: [0] time: [3]
STATS1 - lpIterations[1] lagIterations[4] sspIterations[24] numSeparations[0] numCuts[0] compileTime[2] sspSolveTime[0] lpSolveTime[0] repairTime[0] cutsTime[0] lb[554.109] ub[742] numArcs: [119285] numFixed: [0] time: [3]
lambda: 0,7.44368,22.9821,9.56205,19.9421,7.14205,1.18287,13.3421,20.4821,26.7221,2.26467,20.3021,43.7206,12.0829,6.63451,16.5421,7.84205,10.7421,8.28287,20.2821,14.6421,9.02057,17.9221,9.94205,19.8821,6.86205,26.6021,10.1621,2.52,32.1621,21.2421,3.48205,3.96,
mu: 
srcDuals: 
best alpha: 0.1
0:0
1:-2.078
2:0.7
3:1
4:1
5:0.9
6:-0.539
7:1
8:1
9:1
10:0.629
11:1
12:-1.271
13:-0.539
14:0.91
15:0.9
16:1
17:1
18:-0.539
19:1
20:0.7
21:-1.271
22:1
23:1
24:1
25:1
26:1
27:1
28:0
29:1
30:1
31:1
32:0
alpha: 1.10843
lagLB: 554.109
stepSizeMultiplier: 1.21
targetLowerBound: 581.814
||gamma||^2: 30.2443
lambda: 0,7.44368,22.9821,9.56205,19.9421,7.14205,1.18287,13.3421,20.4821,26.7221,2.26467,20.3021,43.7206,12.0829,6.63451,16.5421,7.84205,10.7421,8.28287,20.2821,14.6421,9.02057,17.9221,9.94205,19.8821,6.86205,26.6021,10.1621,2.52,32.1621,21.2421,3.48205,3.96,
mu: 
srcDuals: 
lambda: 0,7.44368,22.9821,9.56205,19.9421,7.14205,1.18287,13.3421,20.4821,26.7221,2.26467,20.3021,43.7206,12.0829,6.63451,16.5421,7.84205,10.7421,8.28287,20.2821,14.6421,9.02057,17.9221,9.94205,19.8821,6.86205,26.6021,10.1621,2.52,32.1621,21.2421,3.48205,3.96,
mu: 
srcDuals: 
fixed path dual: 13.7544
STATS - lpIterations[1] lagIterations[5] sspIterations[30] numSeparations[0] numCuts[0] compileTime[2] sspSolveTime[1] lpSolveTime[0] lb[556.715] ub[742] numArcs: [119254] numFixed: [0] time: [3]
STATS1 - lpIterations[1] lagIterations[5] sspIterations[30] numSeparations[0] numCuts[0] compileTime[2] sspSolveTime[1] lpSolveTime[0] repairTime[0] cutsTime[0] lb[556.715] ub[742] numArcs: [119254] numFixed: [0] time: [3]
lambda: 0,5.14037,23.758,10.6705,21.0505,8.13964,0.585426,14.4505,21.5905,27.8305,2.96187,21.4105,42.3118,11.4854,7.64318,17.5396,8.95048,11.8505,7.68543,21.3905,15.418,7.61176,19.0305,11.0505,20.9905,7.97048,27.7105,11.2705,2.52,33.2705,22.3505,4.59048,3.96,
mu: 
srcDuals: 
best alpha: 0.1
0:0
1:-1.7702
2:-0.47
3:1
4:1
5:0.71
6:-0.3851
7:0.9
8:1
9:0.9
10:0.6661
11:1
12:-1.0439
13:-0.3851
14:0.919
15:0.51
16:1
17:1
18:-0.3851
19:1
20:-0.27
21:-1.0439
22:1
23:1
24:1
25:1
26:1
27:1
28:0
29:1
30:1
31:1
32:0
alpha: 1.30932
lagLB: 556.715
stepSizeMultiplier: 1.21
targetLowerBound: 584.551
||gamma||^2: 25.7242
lambda: 0,5.14037,23.758,10.6705,21.0505,8.13964,0.585426,14.4505,21.5905,27.8305,2.96187,21.4105,42.3118,11.4854,7.64318,17.5396,8.95048,11.8505,7.68543,21.3905,15.418,7.61176,19.0305,11.0505,20.9905,7.97048,27.7105,11.2705,2.52,33.2705,22.3505,4.59048,3.96,
mu: 
srcDuals: 
lambda: 0,5.14037,23.758,10.6705,21.0505,8.13964,0.585426,14.4505,21.5905,27.8305,2.96187,21.4105,42.3118,11.4854,7.64318,17.5396,8.95048,11.8505,7.68543,21.3905,15.418,7.61176,19.0305,11.0505,20.9905,7.97048,27.7105,11.2705,2.52,33.2705,22.3505,4.59048,3.96,
mu: 
srcDuals: 
fixing. lower bound used: 543.353
percent fixed: 0.500025
updating best lambda arc fixing
fixing. lower bound used: 543.353
fixed path dual: 13.938
STATS - lpIterations[1] lagIterations[6] sspIterations[36] numSeparations[0] numCuts[0] compileTime[2] sspSolveTime[1] lpSolveTime[0] lb[577.263] ub[742] numArcs: [119245] numFixed: [2506] time: [5]
STATS1 - lpIterations[1] lagIterations[6] sspIterations[36] numSeparations[0] numCuts[0] compileTime[2] sspSolveTime[1] lpSolveTime[0] repairTime[0] cutsTime[0] lb[577.263] ub[742] numArcs: [119245] numFixed: [2506] time: [5]
lambda: 0,2.82261,23.1426,11.9798,22.3598,9.06925,0.0812058,15.6289,22.8998,29.0089,3.83401,22.7198,40.945,10.9812,8.84645,18.2074,10.2598,13.1598,7.18121,22.6998,15.0644,6.24496,20.3398,12.3598,22.2998,9.2798,29.0198,12.5798,2.52,34.5798,23.6598,5.8998,3.96,
mu: 
srcDuals: 
best alpha: 0.1
0:0
1:-1.49318
2:-1.223
3:1
4:0.8
5:0.439
6:-0.24659
7:0.91
8:0.9
9:0.81
10:0.69949
11:1
12:-0.83951
13:-0.24659
14:0.9271
15:0.259
16:1
17:1
18:-0.24659
19:1
20:-0.843
21:-0.83951
22:0.8
23:1
24:1
25:1
26:0.9
27:1
28:0
29:1
30:1
31:1
32:0
alpha: 1.59932
lagLB: 577.263
stepSizeMultiplier: 1.331
targetLowerBound: 606.126
||gamma||^2: 24.0207
lambda: 0,2.82261,23.1426,11.9798,22.3598,9.06925,0.0812058,15.6289,22.8998,29.0089,3.83401,22.7198,40.945,10.9812,8.84645,18.2074,10.2598,13.1598,7.18121,22.6998,15.0644,6.24496,20.3398,12.3598,22.2998,9.2798,29.0198,12.5798,2.52,34.5798,23.6598,5.8998,3.96,
mu: 
srcDuals: 
lambda: 0,2.82261,23.1426,11.9798,22.3598,9.06925,0.0812058,15.6289,22.8998,29.0089,3.83401,22.7198,40.945,10.9812,8.84645,18.2074,10.2598,13.1598,7.18121,22.6998,15.0644,6.24496,20.3398,12.3598,22.2998,9.2798,29.0198,12.5798,2.52,34.5798,23.6598,5.8998,3.96,
mu: 
srcDuals: 
fixing. lower bound used: 562.799
percent fixed: 2.29642
updating best lambda arc fixing
fixing. lower bound used: 562.799
fixed path dual: 12.0204
STATS - lpIterations[1] lagIterations[7] sspIterations[42] numSeparations[0] numCuts[0] compileTime[2] sspSolveTime[2] lpSolveTime[0] lb[587.608] ub[742] numArcs: [119222] numFixed: [2772] time: [7]
STATS1 - lpIterations[1] lagIterations[7] sspIterations[42] numSeparations[0] numCuts[0] compileTime[2] sspSolveTime[2] lpSolveTime[0] repairTime[0] cutsTime[0] lb[587.608] ub[742] numArcs: [119222] numFixed: [2772] time: [7]
lambda: 0,0.434538,21.1866,13.5791,23.6393,9.77136,0,17.0842,24.3392,30.3043,4.95272,24.3191,39.6023,10.5868,10.3292,18.6216,11.8591,14.7591,6.78683,24.2991,13.7162,4.90231,21.6193,13.9591,23.8991,10.8791,30.4592,14.1791,2.52,36.1791,25.2591,7.49912,3.96,
mu: 
srcDuals: 
best alpha: 0.1
0:0
1:-1.24386
2:-1.0007
3:0.8
4:0.22
5:0.2951
6:-0.121931
7:0.819
8:0.51
9:0.629
10:0.729541
11:1
12:-0.655559
13:-0.121931
14:0.93439
15:0.2331
16:1
17:1
18:-0.121931
19:1
20:-0.7587
21:-0.655559
22:0.32
23:1
24:1
25:1
26:0.61
27:1
28:0
29:1
30:1
31:1
32:0
alpha: 2.05281
lagLB: 587.608
stepSizeMultiplier: 1.331
targetLowerBound: 616.988
||gamma||^2: 19.0496
lambda: 0,0.434538,21.1866,13.5791,23.6393,9.77136,0,17.0842,24.3392,30.3043,4.95272,24.3191,39.6023,10.5868,10.3292,18.6216,11.8591,14.7591,6.78683,24.2991,13.7162,4.90231,21.6193,13.9591,23.8991,10.8791,30.4592,14.1791,2.52,36.1791,25.2591,7.49912,3.96,
mu: 
srcDuals: 
lambda: 0,0.434538,21.1866,13.5791,23.6393,9.77136,0,17.0842,24.3392,30.3043,4.95272,24.3191,39.6023,10.5868,10.3292,18.6216,11.8591,14.7591,6.78683,24.2991,13.7162,4.90231,21.6193,13.9591,23.8991,10.8791,30.4592,14.1791,2.52,36.1791,25.2591,7.49912,3.96,
mu: 
srcDuals: 
fixing. lower bound used: 579.824
percent fixed: 2.50281
updating best lambda arc fixing
fixing. lower bound used: 579.824
fixed path dual: 5.26633
best alpha: 0.1
0:0
1:-1.01948
2:-0.80063
3:0.62
4:-0.102
5:0.16559
6:-0.0097379
7:0.5371
8:0.259
9:0.4661
10:0.456587
11:1
12:-0.490003
13:-0.0097379
14:0.840951
15:0.20979
16:0.8
17:0.7
18:-0.0097379
19:0.6
20:-0.68283
21:-0.490003
22:0.088
23:1
24:1
25:0.7
26:0.449
27:1
28:0.1
29:1
30:0.8
31:1
32:0.1
alpha: 2.91156
lagLB: 574.948
stepSizeMultiplier: 1.331
targetLowerBound: 616.988
||gamma||^2: 13.431
lambda: 0,0,19.1324,15.2214,24.0909,10.3771,0,18.7655,25.3861,31.5955,6.45033,26.3719,38.2566,10.3365,12.2473,19.1001,13.9119,16.8119,6.53653,26.3519,12.1587,3.55657,22.2762,16.0119,25.9519,12.9319,31.7114,16.2319,2.52,38.2319,27.3119,9.55193,3.96,
mu: 
srcDuals: 
lambda: 0,0.434538,21.1866,13.5791,23.6393,9.77136,0,17.0842,24.3392,30.3043,4.95272,24.3191,39.6023,10.5868,10.3292,18.6216,11.8591,14.7591,6.78683,24.2991,13.7162,4.90231,21.6193,13.9591,23.8991,10.8791,30.4592,14.1791,2.52,36.1791,25.2591,7.49912,3.96,
mu: 
srcDuals: 
STATS - lpIterations[1] lagIterations[8] sspIterations[48] numSeparations[0] numCuts[0] compileTime[2] sspSolveTime[2] lpSolveTime[0] lb[595.643] ub[742] numArcs: [119201] numFixed: [2989] time: [9]
STATS1 - lpIterations[1] lagIterations[8] sspIterations[48] numSeparations[0] numCuts[0] compileTime[2] sspSolveTime[2] lpSolveTime[0] repairTime[0] cutsTime[0] lb[595.643] ub[742] numArcs: [119201] numFixed: [2989] time: [9]
lambda: 0,0,18.9769,15.0659,22.4389,10.2217,0,17.215,23.5887,31.4401,5.58115,26.3619,38.2466,10.3265,11.5559,18.9447,12.5785,15.9428,6.52653,24.8014,12.1487,3.54657,20.6242,16.0019,25.9419,11.5985,30.0594,16.2219,0,38.2219,25.9785,9.54193,3.95,
mu: 
srcDuals: 
fixing. lower bound used: 595.643
percent fixed: 2.96952
updating best lambda arc fixing
fixing. lower bound used: 595.643
fixed path dual: 5.93972
best alpha: 0.1
0:0
1:-0.817528
2:-0.620567
3:0.558
4:-0.3918
5:0.149031
6:0.0912359
7:0.38339
8:0.1331
9:0.51949
10:0.410928
11:1
12:-0.341003
13:0.0912359
14:0.556856
15:0.288811
16:0.62
17:0.63
18:0.0912359
19:0.24
20:-0.514547
21:-0.341003
22:-0.1208
23:1
24:1
25:0.43
26:0.3041
27:1
28:0.09
29:1
30:0.62
31:1
32:0.19
alpha: 3.98357
lagLB: 583.611
stepSizeMultiplier: 1.331
targetLowerBound: 625.425
||gamma||^2: 9.95089
lambda: 0,0,18.8555,15.3843,23.3423,10.2535,0,18.648,25.0933,31.6614,6.2821,27.2307,38.1756,10.5585,12.7777,19.2324,14.1884,16.7972,6.75848,26.0461,11.7281,3.47564,21.8755,16.8707,26.8107,12.9172,31.7665,17.0907,2.81116,39.0907,27.5884,10.4107,4.25116,
mu: 
srcDuals: 
lambda: 0,0,18.9769,15.0659,22.4389,10.2217,0,17.215,23.5887,31.4401,5.58115,26.3619,38.2466,10.3265,11.5559,18.9447,12.5785,15.9428,6.52653,24.8014,12.1487,3.54657,20.6242,16.0019,25.9419,11.5985,30.0594,16.2219,0,38.2219,25.9785,9.54193,3.95,
mu: 
srcDuals: 
fixing. lower bound used: 577.665
percent fixed: 2.96942
fixing. lower bound used: 595.643
fixed path dual: 1.42785
best alpha: 0.1
0:0
1:-0.635775
2:-0.45851
3:0.2022
4:-0.25262
5:0.0341279
6:0.182112
7:0.245051
8:-0.18021
9:0.167541
10:0.169835
11:1
12:-0.206903
13:0.182112
14:0.50117
15:0.15993
16:0.258
17:0.367
18:0.182112
19:-0.084
20:-0.363092
21:-0.206903
22:-0.00872
23:1
24:1
25:0.087
26:0.37369
27:0.8
28:0.181
29:1
30:0.258
31:1
32:0.271
alpha: 5.48453
lagLB: 572.321
stepSizeMultiplier: 1.331
targetLowerBound: 625.425
||gamma||^2: 7.2276
lambda: 0,0,16.5048,17.2887,20.8781,10.8154,0.363444,18.7422,24.1189,33.5095,7.21811,30.3455,36.8882,10.69,13.7742,20.0952,15.0483,18.4524,6.88997,25.7574,10.099,2.18816,20.1429,19.9855,29.9255,13.3115,31.2708,20.2055,0.358521,42.2055,28.4483,13.5255,4.70688,
mu: 
srcDuals: 
lambda: 0,0,18.9769,15.0659,22.4389,10.2217,0,17.215,23.5887,31.4401,5.58115,26.3619,38.2466,10.3265,11.5559,18.9447,12.5785,15.9428,6.52653,24.8014,12.1487,3.54657,20.6242,16.0019,25.9419,11.5985,30.0594,16.2219,0,38.2219,25.9785,9.54193,3.95,
mu: 
srcDuals: 
fixing. lower bound used: 591.13
percent fixed: 2.97131
updating best lambda arc fixing
fixing. lower bound used: 591.13
fixed path dual: 6.74244
STATS - lpIterations[1] lagIterations[11] sspIterations[66] numSeparations[0] numCuts[0] compileTime[2] sspSolveTime[4] lpSolveTime[0] lb[607.217] ub[742] numArcs: [119165] numFixed: [3550] time: [16]
STATS1 - lpIterations[1] lagIterations[11] sspIterations[66] numSeparations[0] numCuts[0] compileTime[2] sspSolveTime[4] lpSolveTime[0] repairTime[0] cutsTime[0] lb[607.217] ub[742] numArcs: [119165] numFixed: [3550] time: [16]
lambda: 0,0,16.4622,16.1749,21.0534,10.4089,0.998801,18.559,22.6003,32.359,6.51262,31.8465,37.1118,11.3253,14.3046,19.8218,13.9935,17.9556,7.52533,24.3407,10.1573,2.41181,20.5763,21.4865,31.4265,12.0757,32.1089,20.6096,0.992701,43.7065,27.3935,15.0265,5.43631,
mu: 
srcDuals: 
best alpha: 0.1
0:0
1:-0.472198
2:-0.312659
3:0.08198
4:-0.127358
5:0.0307151
6:0.263901
7:0.120546
8:-0.262189
9:0.0507869
10:-0.0471481
11:1
12:-0.0862123
13:0.263901
14:0.151053
15:0.143937
16:-0.0678
17:0.1303
18:0.263901
19:-0.3756
20:-0.226783
21:-0.0862123
22:0.092152
23:1
24:1
25:-0.2217
26:0.436321
27:0.62
28:0.2629
29:1
30:-0.0678
31:1
32:0.1439
alpha: 6.29643
lagLB: 607.217
stepSizeMultiplier: 1.331
targetLowerBound: 637.578
||gamma||^2: 6.41797
lambda: 0,0,16.4622,16.1749,21.0534,10.4089,0.998801,18.559,22.6003,32.359,6.51262,31.8465,37.1118,11.3253,14.3046,19.8218,13.9935,17.9556,7.52533,24.3407,10.1573,2.41181,20.5763,21.4865,31.4265,12.0757,32.1089,20.6096,0.992701,43.7065,27.3935,15.0265,5.43631,
mu: 
srcDuals: 
lambda: 0,0,16.4622,16.1749,21.0534,10.4089,0.998801,18.559,22.6003,32.359,6.51262,31.8465,37.1118,11.3253,14.3046,19.8218,13.9935,17.9556,7.52533,24.3407,10.1573,2.41181,20.5763,21.4865,31.4265,12.0757,32.1089,20.6096,0.992701,43.7065,27.3935,15.0265,5.43631,
mu: 
srcDuals: 
fixing. lower bound used: 575.329
percent fixed: 2.97113
fixing. lower bound used: 591.13
fixed path dual: -1.00881
best alpha: 0.1
0:0
1:-0.324978
2:-0.181393
3:0.173782
4:-0.0146222
5:0.127644
6:0.337511
7:0.208491
8:-0.13597
9:0.145708
10:-0.342433
11:0.8
12:0.022409
13:0.337511
14:-0.064052
15:0.229543
16:-0.16102
17:-0.38273
18:0.337511
19:-0.23804
20:-0.104105
21:0.022409
22:-0.0170632
23:0.6
24:0.6
25:-0.19953
26:0.292689
27:0.458
28:0.33661
29:0.8
30:-0.16102
31:0.7
32:0.02951
alpha: 10.4012
lagLB: 599.589
stepSizeMultiplier: 1.331
targetLowerBound: 637.578
||gamma||^2: 3.88515
lambda: 0,0,14.4935,16.6911,20.2515,10.6022,2.66044,19.318,20.9494,32.6787,6.21575,38.1429,36.569,12.987,15.2557,20.7281,13.5666,18.776,9.18696,21.9758,8.72942,1.86898,21.1566,27.7829,37.7229,10.6798,34.8562,24.5133,2.64803,50.0029,26.9666,21.3229,6.34236,
mu: 
srcDuals: 
lambda: 0,0,16.4622,16.1749,21.0534,10.4089,0.998801,18.559,22.6003,32.359,6.51262,31.8465,37.1118,11.3253,14.3046,19.8218,13.9935,17.9556,7.52533,24.3407,10.1573,2.41181,20.5763,21.4865,31.4265,12.0757,32.1089,20.6096,0.992701,43.7065,27.3935,15.0265,5.43631,
mu: 
srcDuals: 
STATS - lpIterations[1] lagIterations[12] sspIterations[72] numSeparations[0] numCuts[0] compileTime[2] sspSolveTime[4] lpSolveTime[0] lb[627.23] ub[742] numArcs: [119137] numFixed: [3550] time: [18]
STATS1 - lpIterations[1] lagIterations[12] sspIterations[72] numSeparations[0] numCuts[0] compileTime[2] sspSolveTime[4] lpSolveTime[0] repairTime[0] cutsTime[0] lb[627.23] ub[742] numArcs: [119137] numFixed: [3550] time: [18]
lambda: 0,0,14.4935,16.6911,20.2515,10.6022,2.2674,18.9249,20.9494,32.6787,5.0638,36.9909,36.569,12.987,13.7107,20.7281,12.7787,17.624,8.79392,21.9758,8.72942,1.86898,19.48,26.1063,36.0463,9.89184,33.1796,23.7254,2.64803,48.8509,26.1787,19.6463,6.34236,
mu: 
srcDuals: 
fixing. lower bound used: 627.23
percent fixed: 6.61111
updating best lambda arc fixing
fixing. lower bound used: 627.23
fixed path dual: -1.97946
best alpha: 0.08
0:0
1:-0.21898
2:-0.0868819
3:0.159879
4:0.0665476
5:0.117432
6:0.23051
7:-0.448188
8:-0.125092
9:0.0540516
10:-0.235039
11:0.816
12:0.100616
13:0.39051
14:-0.298928
15:0.21118
16:-0.0681384
17:-0.272112
18:-0.0894899
19:-0.138997
20:-0.0957764
21:0.100616
22:-0.0956981
23:0.312
24:0.312
25:-0.103568
26:0.189274
27:0.50136
28:0.389681
29:0.816
30:-0.0681384
31:0.484
32:0.107149
alpha: 13.7457
lagLB: 602.287
stepSizeMultiplier: 1.331
targetLowerBound: 658.591
||gamma||^2: 3.03674
lambda: 0,0,14.5755,17.9824,20.9013,11.7365,4.50933,20.7275,21.186,33.8745,2.95089,40.1674,37.3449,14.8359,13.6384,22.2093,12.3187,13.9747,11.0359,21.8648,9.07453,2.64489,20.3989,27.7272,37.6672,10.0003,35.1532,25.3733,4.49386,52.0274,25.7187,22.3073,5.74325,
mu: 
srcDuals: 
lambda: 0,0,14.4935,16.6911,20.2515,10.6022,2.2674,18.9249,20.9494,32.6787,5.0638,36.9909,36.569,12.987,13.7107,20.7281,12.7787,17.624,8.79392,21.9758,8.72942,1.86898,19.48,26.1063,36.0463,9.89184,33.1796,23.7254,2.64803,48.8509,26.1787,19.6463,6.34236,
mu: 
srcDuals: 
fixing. lower bound used: 602.629
percent fixed: 6.63069
updating best lambda arc fixing
fixing. lower bound used: 602.629
fixed path dual: -14.3878
best alpha: 0.06
0:0
1:-0.145841
2:-0.021669
3:0.0902867
4:0.00255472
5:0.110386
6:0.276679
7:-0.361297
8:-0.0575869
9:0.110808
10:-0.160936
11:0.82704
12:0.154579
13:0.427079
14:-0.220992
15:0.258509
16:-0.12405
17:-0.195785
18:-0.0241205
19:-0.070657
20:-0.0300298
21:0.154579
22:-0.149956
23:-0.06672
24:-0.06672
25:-0.0973535
26:0.0579174
27:0.0512784
28:0.3063
29:0.82704
30:-0.18405
31:0.03496
32:0.16072
alpha: 18.5931
lagLB: 544.885
stepSizeMultiplier: 1.331
targetLowerBound: 658.591
||gamma||^2: 2.24503
lambda: 0,0,13.2993,18.8887,21.1662,12.2164,5.43592,12.7643,19.23,33.4217,1.83303,48.2074,37.952,18.3548,9.60176,23.6309,11.8421,13.8837,7.56382,20.0651,7.41291,3.25202,18.1646,30.395,40.335,8.46823,35.7813,30.617,8.00447,60.0674,25.2421,26.2992,7.81521,
mu: 
srcDuals: 
lambda: 0,0,14.4935,16.6911,20.2515,10.6022,2.2674,18.9249,20.9494,32.6787,5.0638,36.9909,36.569,12.987,13.7107,20.7281,12.7787,17.624,8.79392,21.9758,8.72942,1.86898,19.48,26.1063,36.0463,9.89184,33.1796,23.7254,2.64803,48.8509,26.1787,19.6463,6.34236,
mu: 
srcDuals: 
fixing. lower bound used: 602.629
fixed path dual: -13.5248
best alpha: 0.04
0:0
1:-0.100007
2:0.0191978
3:0.126675
4:0.0424525
5:0.145971
6:0.305612
7:-0.306845
8:-0.0152835
9:0.146376
10:-0.314499
11:0.393958
12:0.188396
13:0.449996
14:-0.252153
15:0.288169
16:-0.0790881
17:-0.547954
18:0.0168443
19:-0.0278307
20:0.0111714
21:0.188396
22:-0.103958
23:-0.0240512
24:-0.0240512
25:-0.0534594
26:0.0956007
27:0.0892273
28:0.334048
29:0.593958
30:-0.136688
31:0.0735616
32:0.154291
alpha: 23.5188
lagLB: 543.162
stepSizeMultiplier: 1.331
targetLowerBound: 658.591
||gamma||^2: 1.77484
lambda: 0,0,14.0906,18.3698,20.299,12.6547,7.41173,12.2073,19.8787,34.739,2.07149,52.3682,39.4431,20.9277,9.6018,25.5346,10.4722,13.9838,8.34545,20.662,8.17107,4.74309,16.6918,24.8658,34.8058,8.08173,34.2565,24.6789,8.34311,64.2282,22.7566,20.2963,9.33066,
mu: 
srcDuals: 
lambda: 0,0,14.4935,16.6911,20.2515,10.6022,2.2674,18.9249,20.9494,32.6787,5.0638,36.9909,36.569,12.987,13.7107,20.7281,12.7787,17.624,8.79392,21.9758,8.72942,1.86898,19.48,26.1063,36.0463,9.89184,33.1796,23.7254,2.64803,48.8509,26.1787,19.6463,6.34236,
mu: 
srcDuals: 
fixing. lower bound used: 602.629
fixed path dual: -11.8294
best alpha: 0.02
0:0
1:-0.0780072
2:0.0388138
3:-0.135858
4:0.00160348
5:0.0430513
6:0.2995
7:-0.280708
8:-0.0349778
9:-0.156551
10:-0.288209
11:0.406079
12:0.204628
13:0.460996
14:-0.227109
15:0.102405
16:-0.0575063
17:-0.516994
18:0.0365074
19:-0.0072741
20:0.030948
21:0.204628
22:-0.0818788
23:-0.00357018
24:-0.00357018
25:-0.0323902
26:0.113689
27:0.107443
28:0.347367
29:0.602079
30:-0.113954
31:0.0920904
32:0.171206
alpha: 25.1237
lagLB: 559.949
stepSizeMultiplier: 1.331
targetLowerBound: 658.591
||gamma||^2: 1.66146
lambda: 0,0,14.945,19.6703,21.2499,14.0353,9.45502,11.7083,20.59,36.1213,0,46.2564,40.9998,23.5703,7.78042,27.5055,10.9187,4.73686,9.19008,21.3212,8.99216,6.29982,17.035,25.5407,35.4807,8.63454,35.428,25.8239,10.5044,62.8201,22.964,21.3764,9.97111,
mu: 
srcDuals: 
lambda: 0,0,14.4935,16.6911,20.2515,10.6022,2.2674,18.9249,20.9494,32.6787,5.0638,36.9909,36.569,12.987,13.7107,20.7281,12.7787,17.624,8.79392,21.9758,8.72942,1.86898,19.48,26.1063,36.0463,9.89184,33.1796,23.7254,2.64803,48.8509,26.1787,19.6463,6.34236,
mu: 
srcDuals: 
fixing. lower bound used: 547.438
percent fixed: 6.62432
fixing. lower bound used: 602.629
fixed path dual: -5.81424
best alpha: 0.05
0:0
1:-0.0241069
2:0.0868731
3:-0.0790654
4:0.0515233
5:0.0908988
6:-0.115475
7:-0.266673
8:0.0167711
9:-0.0987238
10:-0.273798
11:0.335775
12:0.244397
13:0.0379466
14:-0.165754
15:0.147285
16:-0.00463101
17:-0.441145
18:-0.115318
19:-0.0569104
20:0.0794006
21:0.244397
22:-0.0277849
23:0.0466083
24:0.0466083
25:-0.0307707
26:0.158004
27:0.0520706
28:0.279999
29:0.521975
30:-0.108257
31:0.137486
32:0.212645
alpha: 36.1442
lagLB: 587.292
stepSizeMultiplier: 1.331
targetLowerBound: 658.591
||gamma||^2: 1.15488
lambda: 0,0,15.4687,13.2778,20.2918,11.6839,9.79194,11.8725,20.0707,28.7456,0,47.1932,41.71,24.5689,8.0049,23.3009,11.3339,4.63524,9.71113,21.793,9.50695,7.00999,17.4229,26.0166,35.9566,9.07808,36.0359,26.4248,11.3752,63.9774,23.3158,21.96,10.6437,
mu: 
srcDuals: 
lambda: 0,0,14.4935,16.6911,20.2515,10.6022,2.2674,18.9249,20.9494,32.6787,5.0638,36.9909,36.569,12.987,13.7107,20.7281,12.7787,17.624,8.79392,21.9758,8.72942,1.86898,19.48,26.1063,36.0463,9.89184,33.1796,23.7254,2.64803,48.8509,26.1787,19.6463,6.34236,
mu: 
srcDuals: 
fixing. lower bound used: 551.201
percent fixed: 6.62255
fixing. lower bound used: 602.629
fixed path dual: -5.78742
best alpha: 0.07
0:0
1:0.0475806
2:0.150792
3:-0.00353081
4:0.117917
5:0.154536
6:-0.0373917
7:-0.178005
8:0.0855971
9:-0.0218132
10:-0.254633
11:0.172271
12:0.297289
13:0.10529
14:-0.224151
15:0.206975
16:0.0656932
17:-0.340265
18:-0.0372457
19:0.0170733
20:0.143843
21:0.297289
22:-0.09584
23:-0.166654
24:-0.166654
25:0.0413832
26:0.0769439
27:0.118426
28:0.190399
29:0.205437
30:-0.0306787
31:-0.0121382
32:-0.0122398
alpha: 52.9937
lagLB: 595.163
stepSizeMultiplier: 1.331
targetLowerBound: 658.591
||gamma||^2: 0.787682
lambda: 0,0,17.6335,13.8333,22.1137,13.8877,0,9.28626,21.5556,29.1104,0,49.1273,45.4025,14.3585,7.71969,26.0516,12.6113,1.67923,4.62585,19.9188,11.5993,10.7025,18.4757,27.7909,37.7309,8.77966,38.8905,25.6075,12.7684,67.7173,22.2659,24.6156,14.0283,
mu: 
srcDuals: 
lambda: 0,0,14.4935,16.6911,20.2515,10.6022,2.2674,18.9249,20.9494,32.6787,5.0638,36.9909,36.569,12.987,13.7107,20.7281,12.7787,17.624,8.79392,21.9758,8.72942,1.86898,19.48,26.1063,36.0463,9.89184,33.1796,23.7254,2.64803,48.8509,26.1787,19.6463,6.34236,
mu: 
srcDuals: 
fixing. lower bound used: 589.485
percent fixed: 6.62267
fixing. lower bound used: 602.629
fixed path dual: -20.3494
best alpha: 0.02
0:0
1:0.066629
2:0.127776
3:-0.0834602
4:0.0955583
5:0.0914451
6:-0.0166439
7:-0.154445
8:0.0238852
9:-0.0813769
10:-0.22954
11:0.188826
12:0.311343
13:0.123184
14:-0.199668
15:0.162836
16:-0.0156207
17:-0.313459
18:-0.0165008
19:0.0367319
20:0.140966
21:0.311343
22:-0.0739232
23:-0.143321
24:-0.143321
25:0.000555581
26:0.095405
27:-0.0839429
28:0.186591
29:0.221328
30:-0.0700651
31:0.0081046
32:0.00800495
alpha: 58.639
lagLB: 521.926
stepSizeMultiplier: 1.331
targetLowerBound: 658.591
||gamma||^2: 0.711849
lambda: 0,2.52147,22.4846,16.504,26.5003,18.7917,0.285873,9.49176,25.4855,31.5228,0,46.1202,52.3234,18.5667,1.83214,31.6965,16.26,0,6.82014,22.8805,16.3522,17.6234,14.4011,17.2747,27.2147,12.0849,37.2572,30.0012,12.738,59.7378,24.5529,19.0031,5.69373,
mu: 
srcDuals: 
lambda: 0,0,14.4935,16.6911,20.2515,10.6022,2.2674,18.9249,20.9494,32.6787,5.0638,36.9909,36.569,12.987,13.7107,20.7281,12.7787,17.624,8.79392,21.9758,8.72942,1.86898,19.48,26.1063,36.0463,9.89184,33.1796,23.7254,2.64803,48.8509,26.1787,19.6463,6.34236,
mu: 
srcDuals: 
fixing. lower bound used: 602.629
fixed path dual: -5.45669
best alpha: 0.03
0:0
1:0.0946301
2:-0.116057
3:-0.0509564
4:0.122692
5:-0.0612982
6:0.0138554
7:-0.119812
8:0.0531686
9:-0.0489356
10:-0.192654
11:0.183161
12:0.272003
13:0.119489
14:-0.163678
15:0.0679505
16:0.0148479
17:-0.274056
18:0.0139942
19:0.0656299
20:-0.0732633
21:0.272003
22:-0.0417055
23:-0.109022
24:-0.109022
25:0.0305389
26:0.122543
27:-0.0514246
28:0.210993
29:0.214688
30:-0.0379631
31:0.0378615
32:0.0377648
alpha: 75.6017
lagLB: 596.919
stepSizeMultiplier: 1.331
targetLowerBound: 658.591
||gamma||^2: 0.552132
lambda: 0,3.90706,21.9862,11.797,25.8549,15.9645,1.29142,9.86839,22.35,27.9069,0,48.0635,54.8258,20.2104,2.00238,30.2766,11.8627,0,7.82633,24.1297,16.9955,20.1258,15.1452,17.7021,27.6421,9.92442,38.7741,18.8031,13.5896,61.8294,22.0702,20.1216,6.81177,
mu: 
srcDuals: 
lambda: 0,0,14.4935,16.6911,20.2515,10.6022,2.2674,18.9249,20.9494,32.6787,5.0638,36.9909,36.569,12.987,13.7107,20.7281,12.7787,17.624,8.79392,21.9758,8.72942,1.86898,19.48,26.1063,36.0463,9.89184,33.1796,23.7254,2.64803,48.8509,26.1787,19.6463,6.34236,
mu: 
srcDuals: 
fixing. lower bound used: 507.563
percent fixed: 6.62001
fixing. lower bound used: 602.629
fixed path dual: -10.8676
best alpha: 0.03
0:0
1:0.121791
2:-0.0825754
3:-0.0494277
4:-0.0909892
5:-0.0294593
6:0.0434398
7:-0.0862176
8:-0.0684264
9:-0.0174675
10:-0.156874
11:0.207666
12:0.233843
13:0.145904
14:-0.128768
15:0.095912
16:0.0444025
17:-0.235834
18:0.0435744
19:0.093661
20:-0.0410654
21:0.233843
22:-0.0104543
23:-0.0757509
24:-0.0757509
25:0.0596227
26:0.0288666
27:-0.0198818
28:0.174664
29:0.238248
30:-0.00682423
31:0.0667256
32:0.0366319
alpha: 92.5252
lagLB: 571.813
stepSizeMultiplier: 1.331
targetLowerBound: 658.591
||gamma||^2: 0.451143
lambda: 0,7.1542,5.71942,12.8387,29.5272,5.968,3.31489,9.86693,24.9691,28.9791,0,50.8382,57.1329,22.0205,1.33638,25.8653,13.9012,0,9.85191,26.9375,3.19059,22.4329,16.327,17.8641,27.8041,12.2006,42.4441,19.8376,18.5995,65.0818,23.3086,22.5087,9.19745,
mu: 
srcDuals: 
lambda: 0,0,14.4935,16.6911,20.2515,10.6022,2.2674,18.9249,20.9494,32.6787,5.0638,36.9909,36.569,12.987,13.7107,20.7281,12.7787,17.624,8.79392,21.9758,8.72942,1.86898,19.48,26.1063,36.0463,9.89184,33.1796,23.7254,2.64803,48.8509,26.1787,19.6463,6.34236,
mu: 
srcDuals: 
fixing. lower bound used: 589.902
percent fixed: 6.64
updating best lambda arc fixing
fixing. lower bound used: 589.902
fixed path dual: -26.877
best alpha: 0.03
0:0
1:0.148137
2:-0.0500981
3:-0.0179449
4:-0.0582595
5:0.0014245
6:-0.0778634
7:-0.0536311
8:-0.0363736
9:0.0130565
10:-0.152168
11:0.081436
12:0.256828
13:0.0815272
14:-0.0949048
15:0.123035
16:0.0430704
17:-0.198759
18:0.0722672
19:-0.0291488
20:-0.00983343
21:0.256828
22:0.0198593
23:-0.0434784
24:-0.0434784
25:0.0278341
26:0.0580006
27:0.0107146
28:0.139424
29:0.0511003
30:-0.0066195
31:0.0947239
32:0.0655329
alpha: 129.464
lagLB: 503.283
stepSizeMultiplier: 1.331
targetLowerBound: 658.591
||gamma||^2: 0.322423
lambda: 0,11.2688,6.85323,12.1178,11.8327,7.87652,6.28667,10.9476,14.6183,31.0625,0,56.2053,58.2053,26.4868,1.79646,29.6024,16.8871,0,12.8257,30.6418,4.92984,23.5053,18.5127,19.0975,29.0375,15.4084,35.8505,21.8859,18.8088,70.8949,25.5473,25.8201,9.73174,
mu: 
srcDuals: 
lambda: 0,0,14.4935,16.6911,20.2515,10.6022,2.2674,18.9249,20.9494,32.6787,5.0638,36.9909,36.569,12.987,13.7107,20.7281,12.7787,17.624,8.79392,21.9758,8.72942,1.86898,19.48,26.1063,36.0463,9.89184,33.1796,23.7254,2.64803,48.8509,26.1787,19.6463,6.34236,
mu: 
srcDuals: 
start separation phase
STATS - lpIterations[2] lagIterations[22] sspIterations[132] numSeparations[0] numCuts[0] compileTime[2] sspSolveTime[8] lpSolveTime[0] lb[627.23] ub[742] numArcs: [118871] numFixed: [7952] time: [36]
STATS1 - lpIterations[2] lagIterations[22] sspIterations[132] numSeparations[0] numCuts[0] compileTime[2] sspSolveTime[8] lpSolveTime[0] repairTime[1] cutsTime[0] lb[627.23] ub[742] numArcs: [118871] numFixed: [7952] time: [36]
fixing. lower bound used: 589.902
fixed path dual: -31.3704
best alpha: 0.04
0:0
1:0.182212
2:-0.0080942
3:0.0227729
4:-0.0159291
5:0.0413675
6:-0.0347489
7:-0.0114859
8:0.0050813
9:0.0525342
10:-0.146081
11:0.118179
12:0.166554
13:0.118266
14:-0.0511086
15:0.158113
16:0.0413476
17:-0.150808
18:0.109376
19:0.0120171
20:0.0305599
21:0.0465544
22:0.059065
23:-0.00173922
24:-0.00173922
25:-0.0132793
26:0.0956806
27:0.010286
28:0.0138467
29:0.0890563
30:-0.00635472
31:0.130935
32:-0.0170884
alpha: 187.426
lagLB: 516.141
stepSizeMultiplier: 1.331
targetLowerBound: 658.591
||gamma||^2: 0.222713
lambda: 0,19.1785,8.00764,14.3679,12.709,10.7867,0,11.9816,16.2404,34.3691,0,47.534,69.8189,23.5418,1.42399,36.6566,18.3548,0,18.1499,18.202,7.45635,35.1189,22.0511,20.4774,30.4174,13.4953,40.6886,25.1126,20.6984,55.4666,25.3217,31.9096,14.8265,
mu: 
srcDuals: 
lambda: 0,0,14.4935,16.6911,20.2515,10.6022,2.2674,18.9249,20.9494,32.6787,5.0638,36.9909,36.569,12.987,13.7107,20.7281,12.7787,17.624,8.79392,21.9758,8.72942,1.86898,19.48,26.1063,36.0463,9.89184,33.1796,23.7254,2.64803,48.8509,26.1787,19.6463,6.34236,
mu: 
srcDuals: 
fixing. lower bound used: 589.902
fixed path dual: -103.86
best alpha: 0.01
0:0
1:0.19039
2:0.00198674
3:-0.267455
4:-0.00576981
5:-0.00904616
6:-0.0244014
7:-0.00137101
8:0.0150305
9:0.0620089
10:-0.14462
11:0.126997
12:0.174889
13:0.127083
14:-0.0405975
15:-0.153468
16:0.0509341
17:-0.1393
18:0.118283
19:0.021897
20:0.0302543
21:0.0560889
22:0.0684743
23:0.00827817
24:0.00827817
25:-0.00314651
26:0.104724
27:0.0201832
28:0.0237082
29:0.0981658
30:0.00370882
31:0.129626
32:-0.00691753
alpha: 136.702
lagLB: 196.743
stepSizeMultiplier: 1.331
targetLowerBound: 658.591
||gamma||^2: 0.305351
lambda: 0,34.1512,12.9765,20.9593,17.266,18.3556,0,16.7722,21.9018,42.525,0,59.1407,67.7856,35.1531,4.13167,50.3626,20.5283,0,29.2939,24.2281,14.4571,10.5945,30.5503,25.7803,35.7203,7.40295,51.1126,25.6533,5.24326,65.5424,24.9877,44.1869,3.13955,
mu: 
srcDuals: 
lambda: 0,0,14.4935,16.6911,20.2515,10.6022,2.2674,18.9249,20.9494,32.6787,5.0638,36.9909,36.569,12.987,13.7107,20.7281,12.7787,17.624,8.79392,21.9758,8.72942,1.86898,19.48,26.1063,36.0463,9.89184,33.1796,23.7254,2.64803,48.8509,26.1787,19.6463,6.34236,
mu: 
srcDuals: 
fixing. lower bound used: 589.902
fixed path dual: -44.6163
best alpha: 0.02
0:0
1:0.146582
2:0.021947
3:-0.242106
4:-0.00565441
5:0.0111348
6:-0.00391335
7:-0.0413436
8:0.0347299
9:0.0807687
10:-0.121728
11:0.144457
12:0.191391
13:0.0445417
14:-0.0397855
15:-0.130399
16:0.0699154
17:-0.116514
18:-0.0240829
19:0.041459
20:0.0496492
21:0.0749671
22:0.0471048
23:-0.0118874
24:-0.0318874
25:0.0169164
26:0.0626293
27:0.0397795
28:0.0432341
29:0.116202
30:0.0236346
31:0.087033
32:0.0132208
alpha: 170.532
lagLB: 444.55
stepSizeMultiplier: 1.331
targetLowerBound: 658.591
||gamma||^2: 0.244776
lambda: 0,26.0267,14.7651,0,19.4627,9.36562,0,18.7375,23.0041,41.1555,0,54.3517,60.4766,30.3595,8.16098,0,19.7415,0,24.9634,24.9691,12.8652,9.53644,28.8406,27.238,37.178,9.4617,47.4956,26.4845,5.88899,62.2704,26.6857,37.3664,5.39673,
mu: 
srcDuals: 
lambda: 0,0,14.4935,16.6911,20.2515,10.6022,2.2674,18.9249,20.9494,32.6787,5.0638,36.9909,36.569,12.987,13.7107,20.7281,12.7787,17.624,8.79392,21.9758,8.72942,1.86898,19.48,26.1063,36.0463,9.89184,33.1796,23.7254,2.64803,48.8509,26.1787,19.6463,6.34236,
mu: 
srcDuals: 
fixing. lower bound used: 589.902
fixed path dual: -54.7233
best alpha: 0.01
0:0
1:0.155116
2:0.0317275
3:-0.229685
4:0.00440213
5:0.0210234
6:0.00612578
7:-0.0309302
8:0.0443826
9:0.089961
10:-0.120511
11:0.153012
12:0.199477
13:0.0540963
14:-0.0293877
15:-0.119095
16:-0.160784
17:-0.105349
18:-0.0138421
19:0.0510444
20:0.0591527
21:0.0842175
22:0.0566338
23:-0.00176852
24:-0.0215685
25:0.0167473
26:0.072003
27:-0.200618
28:0.0528017
29:0.12504
30:-0.0166017
31:0.0561627
32:0.0230886
alpha: 135.9
lagLB: 403.435
stepSizeMultiplier: 1.331
targetLowerBound: 658.591
||gamma||^2: 0.307154
lambda: 0,24.9969,18.2362,0,19.2872,12.5011,1.60004,11.8745,26.872,46.4524,0,61.6254,69.2073,20.5828,6.92603,0,24.7015,0,4.68702,29.0458,17.1962,14.6533,27.5129,24.0791,30.6085,12.7766,43.8599,30.5091,10.0208,68.6672,30.2092,34.4882,8.59694,
mu: 
srcDuals: 
lambda: 0,0,14.4935,16.6911,20.2515,10.6022,2.2674,18.9249,20.9494,32.6787,5.0638,36.9909,36.569,12.987,13.7107,20.7281,12.7787,17.624,8.79392,21.9758,8.72942,1.86898,19.48,26.1063,36.0463,9.89184,33.1796,23.7254,2.64803,48.8509,26.1787,19.6463,6.34236,
mu: 
srcDuals: 
fixing. lower bound used: 589.902
fixed path dual: -21.0534
best alpha: 0.01
0:0
1:0.143565
2:0.0414103
3:-0.217388
4:0.0143581
5:0.0108132
6:-0.00393548
7:-0.0206209
8:0.0539388
9:-0.000938577
10:-0.109306
11:0.131482
12:0.197482
13:0.0635554
14:-0.0190938
15:-0.107904
16:-0.149176
17:-0.0942958
18:-0.00370368
19:0.040534
20:-0.0414388
21:0.0933753
22:0.0660674
23:0.00824916
24:-0.0113528
25:0.0265798
26:0.081283
27:-0.188612
28:0.0622737
29:0.11379
30:-0.00643568
31:0.0656011
32:0.0328577
alpha: 154.328
lagLB: 540.497
stepSizeMultiplier: 1.331
targetLowerBound: 658.591
||gamma||^2: 0.270477
lambda: 0,21.0802,18.8053,0,20.8497,13.4593,3.09989,14.7215,26.981,44.9044,0,57.7852,63.6778,20.3386,9.71696,4.54319,0,3.30714,6.91279,28.9127,16.7682,13.3141,27.1765,25.866,33.1152,12.1678,42.9648,0,9.82376,65.8439,23.9225,27.2788,9.4801,
mu: 
srcDuals: 
lambda: 0,0,14.4935,16.6911,20.2515,10.6022,2.2674,18.9249,20.9494,32.6787,5.0638,36.9909,36.569,12.987,13.7107,20.7281,12.7787,17.624,8.79392,21.9758,8.72942,1.86898,19.48,26.1063,36.0463,9.89184,33.1796,23.7254,2.64803,48.8509,26.1787,19.6463,6.34236,
mu: 
srcDuals: 
fixing. lower bound used: 589.902
fixed path dual: -27.757
best alpha: 0.02
0:0
1:0.160694
2:0.0605821
3:-0.19304
4:0.0140709
5:-0.00940308
6:0.0161432
7:-0.000208436
8:0.03286
9:0.0190802
10:-0.0871195
11:0.108853
12:0.173533
13:0.0622843
14:0.00128806
15:-0.0857456
16:-0.126192
17:-0.0724098
18:0.0163704
19:0.0597233
20:-0.02061
21:0.111508
22:-0.0152539
23:-0.0519158
24:-0.0711258
25:0.00604819
26:-0.000342679
27:-0.16484
28:0.0810282
29:0.131514
30:0.013693
31:-0.0157109
32:0.0522006
alpha: 181.795
lagLB: 506.656
stepSizeMultiplier: 1.331
targetLowerBound: 658.591
||gamma||^2: 0.229611
lambda: 0,22.1561,20.8843,0,22.4673,12.271,1.66004,15.7426,29.2737,32.5339,0,57.2823,67.046,22.7953,10.764,4.07558,0,3.0716,8.22234,28.2313,2.33427,16.2794,29.676,27.3794,34.2943,13.9938,45.7238,0,12.2586,66.4119,25.1855,29.7704,11.4132,
mu: 
srcDuals: 
lambda: 0,0,14.4935,16.6911,20.2515,10.6022,2.2674,18.9249,20.9494,32.6787,5.0638,36.9909,36.569,12.987,13.7107,20.7281,12.7787,17.624,8.79392,21.9758,8.72942,1.86898,19.48,26.1063,36.0463,9.89184,33.1796,23.7254,2.64803,48.8509,26.1787,19.6463,6.34236,
mu: 
srcDuals: 
fixing. lower bound used: 589.902
fixed path dual: -36.655
best alpha: 0.02
0:0
1:0.11748
2:0.0793704
3:-0.169179
4:0.0337895
5:0.010785
6:-0.0441796
7:-0.0402043
8:0.0522028
9:0.0386986
10:-0.0853771
11:0.00667546
12:0.190062
13:0.0810386
14:-0.0187377
15:-0.0640306
16:-0.103669
17:-0.0509616
18:0.016043
19:-0.0214712
20:-0.000197824
21:0.129278
22:0.00505116
23:-0.0308775
24:-0.0497033
25:0.0259272
26:0.0196642
27:-0.141543
28:0.0994077
29:0.00888392
30:0.0334192
31:0.00460328
32:0.0711566
alpha: 227.196
lagLB: 450.158
stepSizeMultiplier: 1.331
targetLowerBound: 658.591
||gamma||^2: 0.183728
lambda: 0,29.2133,25.507,0,22.8095,8.89282,5.20215,18.887,26.9232,36.1474,0,56.7798,68.1163,24.3099,13.9449,5.14,0,4.46032,11.77,32.8331,4.98263,22.1405,16.7069,16.6683,23.116,10.9914,33.1173,0,17.3785,72.7595,28.668,16.7902,15.8322,
mu: 
srcDuals: 
lambda: 0,0,14.4935,16.6911,20.2515,10.6022,2.2674,18.9249,20.9494,32.6787,5.0638,36.9909,36.569,12.987,13.7107,20.7281,12.7787,17.624,8.79392,21.9758,8.72942,1.86898,19.48,26.1063,36.0463,9.89184,33.1796,23.7254,2.64803,48.8509,26.1787,19.6463,6.34236,
mu: 
srcDuals: 
fixing. lower bound used: 589.902
fixed path dual: -41.3476
best alpha: 0.03
0:0
1:0.143956
2:0.0169893
3:-0.134104
4:0.0627758
5:-0.0195386
6:-0.0128542
7:-0.00899814
8:0.0806367
9:0.00753763
10:-0.112816
11:0.0364752
12:0.12436
13:0.108607
14:0.0118244
15:-0.0321097
16:-0.0705585
17:-0.0194328
18:0.0455617
19:0.00917298
20:0.0298081
21:0.00539929
22:0.0348996
23:4.88225e-05
24:-0.0182122
25:0.0251494
26:0.0490742
27:-0.107297
28:0.0364254
29:0.0386174
30:0.0624166
31:0.0344652
32:0.00902187
alpha: 333.581
lagLB: 447.958
stepSizeMultiplier: 1.331
targetLowerBound: 658.591
||gamma||^2: 0.125133
lambda: 0,26.6909,32.5262,0,27.9283,13.0526,0,9.79068,32.8097,41.4709,0,38.5076,79.7503,31.3986,9.45361,6.1806,0,6.04578,12.4388,17.0976,8.68448,31.2403,20.6276,19.0911,24.754,15.7824,37.6472,0,25.233,50.8693,33.7714,20.6922,22.5088,
mu: 
srcDuals: 
lambda: 0,0,14.4935,16.6911,20.2515,10.6022,2.2674,18.9249,20.9494,32.6787,5.0638,36.9909,36.569,12.987,13.7107,20.7281,12.7787,17.624,8.79392,21.9758,8.72942,1.86898,19.48,26.1063,36.0463,9.89184,33.1796,23.7254,2.64803,48.8509,26.1787,19.6463,6.34236,
mu: 
srcDuals: 
fixing. lower bound used: 589.902
fixed path dual: -99.2838
best alpha: 0.02
0:0
1:0.0410764
2:0.0366495
3:-0.111422
4:-0.0384797
5:0.000852204
6:0.00740284
7:0.0111818
8:0.019024
9:0.0273869
10:-0.0905594
11:0.0557457
12:0.141873
13:0.00643527
14:0.0115879
15:-0.0114675
16:-0.0491473
17:0.000955865
18:0.00465047
19:0.0289895
20:0.0492119
21:0.0252913
22:0.0542016
23:0.0200478
24:0.00215208
25:0.0446464
26:0.0280928
27:-0.0851508
28:0.0556969
29:0.0578451
30:0.0811683
31:0.0537759
32:0.0288414
alpha: 482.904
lagLB: 222.406
stepSizeMultiplier: 1.331
targetLowerBound: 658.591
||gamma||^2: 0.0864398
lambda: 0,48.0209,20.1608,0,41.1923,4.08455,0,15.9233,47.8483,35.1931,0,49.1584,78.0532,49.2164,17.6551,10.0169,0,11.1416,23.9925,25.0357,18.6729,3.67008,31.1219,26.1226,29.9711,18.2812,49.5499,0,14.7989,61.733,46.9997,31.1433,9.35189,
mu: 
srcDuals: 
lambda: 0,0,14.4935,16.6911,20.2515,10.6022,2.2674,18.9249,20.9494,32.6787,5.0638,36.9909,36.569,12.987,13.7107,20.7281,12.7787,17.624,8.79392,21.9758,8.72942,1.86898,19.48,26.1063,36.0463,9.89184,33.1796,23.7254,2.64803,48.8509,26.1787,19.6463,6.34236,
mu: 
srcDuals: 
fixing. lower bound used: 589.902
fixed path dual: -118.645
best alpha: 0.01
0:0
1:0.0506656
2:0.046283
3:-0.100308
4:-0.0280949
5:0.0108437
6:0.0173288
7:0.02107
8:0.0288337
9:0.037113
10:-0.0896538
11:0.0651882
12:0.150454
13:0.0163709
14:0.0114721
15:-0.00135286
16:-0.0386558
17:0.0109463
18:0.014604
19:0.0386996
20:0.0587198
21:0.0350384
22:0.0636596
23:-0.000152632
24:0.00213056
25:-0.0958
26:0.0378118
27:-0.0742993
28:0.05514
29:0.0672666
30:-0.0396434
31:-0.0167619
32:0.038553
alpha: 296.089
lagLB: 224.618
stepSizeMultiplier: 0.87846
targetLowerBound: 658.591
||gamma||^2: 0.0930456
lambda: 0,19.836,32.1917,0,1.66948,11.0138,5.84226,24.3247,30.1362,45.904,0,63.9108,105.08,16.0946,19.3066,15.1904,0,18.0856,11.0397,35.9749,32.4941,14.0823,45.6542,35.7875,37.0856,31.4518,46.7457,0,29.5443,76.7846,65.3752,45.6149,20.27,
mu: 
srcDuals: 
lambda: 0,0,14.4935,16.6911,20.2515,10.6022,2.2674,18.9249,20.9494,32.6787,5.0638,36.9909,36.569,12.987,13.7107,20.7281,12.7787,17.624,8.79392,21.9758,8.72942,1.86898,19.48,26.1063,36.0463,9.89184,33.1796,23.7254,2.64803,48.8509,26.1787,19.6463,6.34236,
mu: 
srcDuals: 
fixing. lower bound used: 589.902
fixed path dual: -54.4876
best alpha: 0.01
0:0
1:0.060159
2:0.0458202
3:-0.0893045
4:-0.0178139
5:-0.00926476
6:0.0171555
7:0.000859305
8:0.0385454
9:-0.113258
10:-0.0887573
11:0.0745364
12:0.15895
13:0.0262072
14:0.0213573
15:-0.0413393
16:-0.0282693
17:0.0208368
18:0.0244579
19:0.0483126
20:-0.111867
21:0.044688
22:0.073023
23:0.00984889
24:0.0121093
25:-0.084842
26:0.0474337
27:-0.0635563
28:0.0645886
29:0.0765939
30:-0.029247
31:-0.00659426
32:0.0481675
alpha: 227.208
lagLB: 429.316
stepSizeMultiplier: 0.87846
targetLowerBound: 658.591
||gamma||^2: 0.121253
lambda: 0,15.0015,28.1974,0,11.9329,13.8129,7.39827,25.1635,29.4868,43.6675,0,56.2925,81.1169,17.8342,17.1075,20.3275,1.33314,20.8651,13.118,33.4343,26.1157,12.2435,38.3289,26.0611,36.6772,0,44.3753,1.7262,18.9744,68.7679,14.4407,14.6833,17.7575,
mu: 
srcDuals: 
lambda: 0,0,14.4935,16.6911,20.2515,10.6022,2.2674,18.9249,20.9494,32.6787,5.0638,36.9909,36.569,12.987,13.7107,20.7281,12.7787,17.624,8.79392,21.9758,8.72942,1.86898,19.48,26.1063,36.0463,9.89184,33.1796,23.7254,2.64803,48.8509,26.1787,19.6463,6.34236,
mu: 
srcDuals: 
fixing. lower bound used: 589.902
fixed path dual: -37.3005
best alpha: 0.01
0:0
1:0.0695574
2:0.055362
3:-0.0784114
4:-0.00763579
5:0.000827893
6:0.026984
7:0.0108507
8:0.0481599
9:-0.102126
10:-0.0978697
11:0.00379099
12:0.16736
13:0.0359451
14:0.00114377
15:-0.0309259
16:-0.0179866
17:-0.0793715
18:0.0342133
19:0.0478295
20:-0.100749
21:0.0542411
22:0.0822928
23:0.0197504
24:0.0219882
25:-0.0739936
26:0.0569594
27:-0.0529208
28:0.0739427
29:0.025828
30:-0.0189545
31:0.00347168
32:0.0476858
alpha: 232.141
lagLB: 459.899
stepSizeMultiplier: 0.87846
targetLowerBound: 658.591
||gamma||^2: 0.118677
lambda: 0,13.6686,24.9043,0,16.204,8.49722,6.16528,19.1202,29.7073,6.94554,0,53.9262,72.6837,18.9415,18.5633,11.3354,6.3557,22.3584,14.351,32.9528,0,12.0225,36.0714,28.3441,38.7976,0,43.957,9.2849,17.3231,66.2537,19.5336,18.1481,17.2864,
mu: 
srcDuals: 
lambda: 0,0,14.4935,16.6911,20.2515,10.6022,2.2674,18.9249,20.9494,32.6787,5.0638,36.9909,36.569,12.987,13.7107,20.7281,12.7787,17.624,8.79392,21.9758,8.72942,1.86898,19.48,26.1063,36.0463,9.89184,33.1796,23.7254,2.64803,48.8509,26.1787,19.6463,6.34236,
mu: 
srcDuals: 
fixing. lower bound used: 589.902
fixed path dual: -43.0065
best alpha: 0.01
0:0
1:0.0788618
2:0.0648084
3:-0.0676273
4:0.00244057
5:0.000819614
6:0.0367141
7:0.0207422
8:0.00767833
9:-0.0911043
10:-0.086891
11:0.0137531
12:0.175687
13:0.0455857
14:0.0111323
15:-0.0206167
16:-0.00780671
17:-0.0685778
18:0.0438712
19:0.0573512
20:-0.0897412
21:0.0636987
22:-0.0185301
23:-0.0304471
24:-0.00823172
25:-0.0632537
26:-0.0236102
27:-0.0423916
28:0.0832032
29:0.0355697
30:-0.00876497
31:-0.026563
32:0.057209
alpha: 254.163
lagLB: 423.4
stepSizeMultiplier: 0.87846
targetLowerBound: 658.591
||gamma||^2: 0.108394
lambda: 0,16.1471,27.3453,0,18.4789,10.7944,8.53148,21.4438,32.1293,8.97121,0,37.871,75.4202,21.3313,13.9763,13.5489,8.60329,0,16.7362,33.0789,0,14.4606,38.5835,30.6912,41.1507,0,46.4022,11.4403,19.8132,54.8467,21.7786,20.4522,17.4122,
mu: 
srcDuals: 
lambda: 0,0,14.4935,16.6911,20.2515,10.6022,2.2674,18.9249,20.9494,32.6787,5.0638,36.9909,36.569,12.987,13.7107,20.7281,12.7787,17.624,8.79392,21.9758,8.72942,1.86898,19.48,26.1063,36.0463,9.89184,33.1796,23.7254,2.64803,48.8509,26.1787,19.6463,6.34236,
mu: 
srcDuals: 
fixing. lower bound used: 589.902
fixed path dual: -47.1583
best alpha: 0.01
0:0
1:0.0780732
2:0.0741603
3:-0.0569511
4:0.0124162
5:0.0108114
6:-0.073653
7:-0.0494652
8:0.0176015
9:-0.0801932
10:-0.0760221
11:0.0236156
12:0.18393
13:0.0551298
14:-0.00897899
15:-0.0104105
16:0.00227136
17:-0.057892
18:-0.0265675
19:-0.0232223
20:-0.0788438
21:0.0730617
22:-0.00834483
23:-0.0201426
24:0.00185059
25:-0.0526211
26:-0.0133741
27:-0.0319677
28:0.0923712
29:0.045214
30:0.00132268
31:-0.0162974
32:0.0666369
alpha: 252.735
lagLB: 378.453
stepSizeMultiplier: 0.87846
targetLowerBound: 658.591
||gamma||^2: 0.109007
lambda: 0,20.0438,30.9654,0,20.8718,10.8106,11.5988,24.1968,22.901,9.52338,0,40.4865,81.2221,24.5732,16.5402,15.4881,10.7945,0.194096,19.9444,36.5523,0,18.0588,14.7703,18.3678,33.9541,0,27.1788,12.9511,23.7952,57.8915,23.951,12.895,20.8828,
mu: 
srcDuals: 
lambda: 0,0,14.4935,16.6911,20.2515,10.6022,2.2674,18.9249,20.9494,32.6787,5.0638,36.9909,36.569,12.987,13.7107,20.7281,12.7787,17.624,8.79392,21.9758,8.72942,1.86898,19.48,26.1063,36.0463,9.89184,33.1796,23.7254,2.64803,48.8509,26.1787,19.6463,6.34236,
mu: 
srcDuals: 
fixing. lower bound used: 589.902
fixed path dual: -33.6466
best alpha: 0.02
0:0
1:0.0965117
2:0.0926771
3:-0.035812
4:0.0321678
5:0.0305952
6:-0.05218
7:-0.0284759
8:0.0372495
9:-0.0585894
10:-0.0945017
11:0.0431432
12:0.120251
13:0.0740272
14:-0.00879941
15:0.0097977
16:0.0222259
17:-0.0367342
18:-0.00603615
19:-0.00275786
20:-0.0572669
21:0.0716005
22:0.0118221
23:0.000260224
24:0.0218136
25:-0.0315687
26:0.00689337
27:-0.0113283
28:0.0105238
29:0.0643097
30:0.0212962
31:0.00402854
32:-0.0146959
alpha: 355.801
lagLB: 443.523
stepSizeMultiplier: 0.87846
targetLowerBound: 658.591
||gamma||^2: 0.0774304
lambda: 0,19.7318,33.2364,2.29755,23.3895,13.3347,0,6.42334,25.398,12.4111,0,42.9594,83.0545,26.9202,11.4414,18.097,13.3528,2.99271,2.07939,16.1067,0,20.3342,17.371,21.0156,36.514,0,29.7995,15.6461,25.9935,60.2781,26.513,15.5274,23.1838,
mu: 
srcDuals: 
lambda: 0,0,14.4935,16.6911,20.2515,10.6022,2.2674,18.9249,20.9494,32.6787,5.0638,36.9909,36.569,12.987,13.7107,20.7281,12.7787,17.624,8.79392,21.9758,8.72942,1.86898,19.48,26.1063,36.0463,9.89184,33.1796,23.7254,2.64803,48.8509,26.1787,19.6463,6.34236,
mu: 
srcDuals: 
fixing. lower bound used: 589.902
fixed path dual: -57.5424
best alpha: 0.01
0:0
1:0.0555466
2:0.0417503
3:-0.0254539
4:0.0318462
5:-0.0397108
6:-0.0416582
7:-0.0181912
8:0.00687702
9:-0.0480035
10:-0.0935567
11:0.0527118
12:0.129049
13:0.023287
14:-0.0287114
15:-0.0103003
16:0.0320037
17:-0.0263668
18:0.00402421
19:0.00726972
20:-0.0466943
21:0.0808845
22:0.0217038
23:0.0102576
24:0.0315954
25:-0.021253
26:0.0168244
27:-0.00121502
28:0.0204185
29:0.0736666
30:0.0310833
31:0.0139883
32:-0.00454892
alpha: 444.414
lagLB: 417.651
stepSizeMultiplier: 0.87846
targetLowerBound: 658.591
||gamma||^2: 0.0619913
lambda: 0,34.339,47.4681,3.9491,31.6968,21.4881,0,8.79316,34.2029,11.8326,0,52.3414,79.3545,39.3259,10.5799,24.2141,20.6867,4.55398,6.64625,20.9945,0,27.3445,23.6863,26.1989,43.8076,0,35.6323,19.6948,6.39241,71.7324,33.7559,21.0797,1.11356,
mu: 
srcDuals: 
lambda: 0,0,14.4935,16.6911,20.2515,10.6022,2.2674,18.9249,20.9494,32.6787,5.0638,36.9909,36.569,12.987,13.7107,20.7281,12.7787,17.624,8.79392,21.9758,8.72942,1.86898,19.48,26.1063,36.0463,9.89184,33.1796,23.7254,2.64803,48.8509,26.1787,19.6463,6.34236,
mu: 
srcDuals: 
fixing. lower bound used: 589.902
fixed path dual: -57.6611
best alpha: 0.02
0:0
1:0.0744357
2:0.0609153
3:-0.00494484
4:0.0512092
5:-0.0189165
6:-0.020825
7:0.00217267
8:0.0267395
9:-0.0270434
10:-0.0916855
11:0.0316576
12:0.0664677
13:0.0428212
14:-0.00813719
15:0.00990573
16:0.0513636
17:-0.00583951
18:0.0239437
19:0.0271243
20:-0.0257604
21:0.0192668
22:0.0212698
23:-0.00994753
24:0.0109635
25:-0.000827977
26:0.0164879
27:0.0188093
28:0.0400102
29:0.0521933
30:0.0504616
31:-0.00629151
32:0.0155421
alpha: 634.325
lagLB: 436.683
stepSizeMultiplier: 0.87846
targetLowerBound: 658.591
||gamma||^2: 0.0434317
lambda: 0,24.6857,33.048,5.37898,34.4044,0,0,10.8405,24.0057,11.3453,0,60.4168,93.92,23.336,0.950977,16.1505,27.0016,5.90625,10.5823,25.2065,0,37.8152,29.1255,30.665,50.0878,0.446688,40.6566,23.1855,11.7223,81.5894,39.9926,25.8629,4.32076,
mu: 
srcDuals: 
lambda: 0,0,14.4935,16.6911,20.2515,10.6022,2.2674,18.9249,20.9494,32.6787,5.0638,36.9909,36.569,12.987,13.7107,20.7281,12.7787,17.624,8.79392,21.9758,8.72942,1.86898,19.48,26.1063,36.0463,9.89184,33.1796,23.7254,2.64803,48.8509,26.1787,19.6463,6.34236,
mu: 
srcDuals: 
fixing. lower bound used: 589.902
fixed path dual: -179.546
best alpha: 0.01
0:0
1:0.0836913
2:0.0703062
3:0.00510461
4:0.0606971
5:-0.00872738
6:-0.0106167
7:0.0121509
8:0.0364721
9:-0.016773
10:-0.0907687
11:0.041341
12:0.0758031
13:0.052393
14:0.00194418
15:0.0198067
16:-0.20915
17:0.00421888
18:0.0337043
19:0.0368531
20:-0.0155028
21:0.0290741
22:0.0310571
23:0.000151945
24:0.0208539
25:-0.000819697
26:0.0263231
27:-0.211379
28:0.0396101
29:0.0616714
30:0.019957
31:-0.00622859
32:0.0253866
alpha: 201.079
lagLB: -104.393
stepSizeMultiplier: 0.87846
targetLowerBound: 658.591
||gamma||^2: 0.13701
lambda: 0,47.2164,53.1337,13.5544,52.7348,0,0,20.3031,37.911,15.5244,0,57.0721,78.7312,40.1496,8.54911,27.0115,45.36,13.9199,23.982,39.1814,0,14.0904,32.9719,19.7964,43.0008,9.36663,43.6383,35.6566,28.0275,81.9585,58.1878,15.6555,16.2011,
mu: 
srcDuals: 
lambda: 0,0,14.4935,16.6911,20.2515,10.6022,2.2674,18.9249,20.9494,32.6787,5.0638,36.9909,36.569,12.987,13.7107,20.7281,12.7787,17.624,8.79392,21.9758,8.72942,1.86898,19.48,26.1063,36.0463,9.89184,33.1796,23.7254,2.64803,48.8509,26.1787,19.6463,6.34236,
mu: 
srcDuals: 
fixing. lower bound used: 589.902
fixed path dual: -33.4041
best alpha: 0.01
0:0
1:0.0928544
2:0.0796031
3:-0.164946
4:-0.14991
5:-0.00864011
6:-0.000510573
7:0.0220294
8:-0.0138926
9:-0.00660525
10:-0.079861
11:0.0509276
12:0.085045
13:0.0618691
14:0.0119247
15:0.0296086
16:-0.197059
17:0.0141767
18:0.0433672
19:0.0464846
20:-0.00534773
21:0.0387834
22:0.0207465
23:0.0101504
24:0.0306454
25:0.0091885
26:0.0260598
27:-0.199265
28:0.049214
29:0.0710547
30:0.0297574
31:0.00383369
32:0.0351328
alpha: 150.841
lagLB: 491.551
stepSizeMultiplier: 0.87846
targetLowerBound: 658.591
||gamma||^2: 0.182642
lambda: 0,16.8286,28.6306,17.7175,32.4564,8.84736,0.132594,21.3682,28.2832,29.306,0,45.3037,51.8114,23.5221,14.1017,24.7108,0,18.4724,15.5711,29.3861,5.61214,7.71517,25.7249,26.1369,40.2396,9.72701,38.4726,0,10.6128,61.2518,30.1916,18.3939,11.4471,
mu: 
srcDuals: 
lambda: 0,0,14.4935,16.6911,20.2515,10.6022,2.2674,18.9249,20.9494,32.6787,5.0638,36.9909,36.569,12.987,13.7107,20.7281,12.7787,17.624,8.79392,21.9758,8.72942,1.86898,19.48,26.1063,36.0463,9.89184,33.1796,23.7254,2.64803,48.8509,26.1787,19.6463,6.34236,
mu: 
srcDuals: 
fixing. lower bound used: 589.902
fixed path dual: -14.365
best alpha: 0.01
0:0
1:0.101926
2:0.0888071
3:-0.153297
4:-0.138411
5:0.00144629
6:-0.0205055
7:-0.0181909
8:-0.00375371
9:0.00346081
10:-0.0790624
11:0.0304183
12:0.0941946
13:0.0612504
14:-0.0281945
15:0.0393125
16:-0.185088
17:-0.0259651
18:-0.00706643
19:0.0260197
20:0.00470574
21:0.0483956
22:0.030539
23:0.0200489
24:0.0403389
25:0.0190966
26:0.0357992
27:-0.187272
28:0.0587218
29:0.0503441
30:0.0394598
31:0.0137954
32:0.0447814
alpha: 160.836
lagLB: 546.889
stepSizeMultiplier: 0.87846
targetLowerBound: 658.591
||gamma||^2: 0.171291
lambda: 0,14.0062,26.5009,0,0,9.29897,2.19038,22.2479,18.8539,31.6824,0,44.6729,49.3972,22.3193,15.5095,25.1943,0,19.7625,15.3355,28.9875,7.92277,7.71909,22.6094,27.6374,40.6689,11.2778,37.1105,0,10.0715,59.5689,30.6673,20.2246,11.6418,
mu: 
srcDuals: 
lambda: 0,0,14.4935,16.6911,20.2515,10.6022,2.2674,18.9249,20.9494,32.6787,5.0638,36.9909,36.569,12.987,13.7107,20.7281,12.7787,17.624,8.79392,21.9758,8.72942,1.86898,19.48,26.1063,36.0463,9.89184,33.1796,23.7254,2.64803,48.8509,26.1787,19.6463,6.34236,
mu: 
srcDuals: 
fixing. lower bound used: 589.902
fixed path dual: -16.2784
best alpha: 0.01
0:0
1:0.110907
2:0.047919
3:-0.141764
4:-0.127027
5:-0.0185682
6:-0.0103004
7:-0.00800895
8:0.00628383
9:-0.0265738
10:-0.0682718
11:0.0401141
12:0.103253
13:0.0606379
14:-0.0179126
15:0.0289194
16:-0.173237
17:-0.0157054
18:0.00300424
19:0.0357595
20:0.0146587
21:0.0579116
22:0.0102336
23:-0.0401516
24:-0.0200645
25:0.0289056
26:0.00544125
27:-0.1754
28:0.0581346
29:0.0598407
30:0.0490652
31:-0.0263426
32:0.0543336
alpha: 176.904
lagLB: 532.121
stepSizeMultiplier: 0.87846
targetLowerBound: 658.591
||gamma||^2: 0.155733
lambda: 0,16.3934,28.7769,0,0,10.8349,0,15.9992,20.3457,33.2354,0,41.8833,51.7189,22.8383,9.17603,27.051,0,13.4479,7.65739,26.1607,9.48628,9.65274,24.3918,29.3309,42.5343,12.9633,38.9374,0,12.0926,56.9481,32.5253,21.8651,13.5449,
mu: 
srcDuals: 
lambda: 0,0,14.4935,16.6911,20.2515,10.6022,2.2674,18.9249,20.9494,32.6787,5.0638,36.9909,36.569,12.987,13.7107,20.7281,12.7787,17.624,8.79392,21.9758,8.72942,1.86898,19.48,26.1063,36.0463,9.89184,33.1796,23.7254,2.64803,48.8509,26.1787,19.6463,6.34236,
mu: 
srcDuals: 
fixing. lower bound used: 589.902
fixed path dual: -5.06932
best alpha: 0.02
0:0
1:0.0886885
2:0.0669606
3:-0.118929
4:-0.104486
5:0.00180319
6:0.0099056
7:-0.0478488
8:0.0261582
9:-0.00604233
10:-0.0469063
11:0.0593118
12:0.101188
13:-0.0405749
14:-0.0375543
15:0.048341
16:-0.169772
17:0.00460869
18:0.0229442
19:0.0550443
20:0.0343655
21:0.0767534
22:0.030029
23:-0.0193485
24:0.00033681
25:-0.0516725
26:0.0253324
27:-0.151892
28:0.0169719
29:0.0786439
30:0.0280839
31:-0.00581575
32:0.033247
alpha: 200.501
lagLB: 582.522
stepSizeMultiplier: 0.87846
targetLowerBound: 658.591
||gamma||^2: 0.137405
lambda: 0,19.6198,22.9706,0,0,7.31747,0.445213,17.5081,22.0611,27.9777,0,44.0873,54.8348,23.714,10.5419,25.844,0,14.8457,9.32539,28.3017,11.3226,12.1138,21.2904,19.0034,32.4968,15.0054,34.1422,0,12.9323,59.437,34.8585,14.9862,15.9542,
mu: 
srcDuals: 
lambda: 0,0,14.4935,16.6911,20.2515,10.6022,2.2674,18.9249,20.9494,32.6787,5.0638,36.9909,36.569,12.987,13.7107,20.7281,12.7787,17.624,8.79392,21.9758,8.72942,1.86898,19.48,26.1063,36.0463,9.89184,33.1796,23.7254,2.64803,48.8509,26.1787,19.6463,6.34236,
mu: 
srcDuals: 
fixing. lower bound used: 515.267
percent fixed: 2.99599
fixing. lower bound used: 589.902
fixed path dual: -18.8935
best alpha: 0.01
0:0
1:0.0978016
2:0.056291
3:-0.107739
4:-0.0934412
5:0.0117852
6:0.0198065
7:-0.0373703
8:0.0358966
9:0.0040181
10:-0.0564373
11:0.00871873
12:0.110176
13:-0.0301691
14:-0.0271788
15:0.0478576
16:-0.158075
17:-0.0554374
18:0.00271471
19:0.0144939
20:0.0340219
21:0.0859858
22:0.0397287
23:-0.00915505
24:0.0103334
25:-0.0411557
26:0.0350791
27:-0.140373
28:0.0268022
29:0.0378574
30:0.0378031
31:0.00424241
32:0.0329145
alpha: 226.648
lagLB: 515.645
stepSizeMultiplier: 0.87846
targetLowerBound: 658.591
||gamma||^2: 0.121554
lambda: 0,17.7821,27.9192,0,0,10.9638,4.25348,9.33121,26.1942,31.4672,0,48.883,56.8572,4.85167,6.18107,30.4205,0,18.5481,13.3942,33.0122,15.6197,17.2581,25.5008,22.2269,36.1139,0,38.2588,0,6.05091,64.6191,31.8096,18.4803,13.0084,
mu: 
srcDuals: 
lambda: 0,0,14.4935,16.6911,20.2515,10.6022,2.2674,18.9249,20.9494,32.6787,5.0638,36.9909,36.569,12.987,13.7107,20.7281,12.7787,17.624,8.79392,21.9758,8.72942,1.86898,19.48,26.1063,36.0463,9.89184,33.1796,23.7254,2.64803,48.8509,26.1787,19.6463,6.34236,
mu: 
srcDuals: 
fixing. lower bound used: 589.902
fixed path dual: -17.5767
best alpha: 0.01
0:0
1:0.0968236
2:-0.0842719
3:-0.096662
4:-0.0825068
5:-0.0283327
6:-0.000391525
7:-0.0269966
8:0.0355376
9:-0.0160221
10:-0.0458729
11:0.0186315
12:0.119074
13:-0.0198674
14:-0.016907
15:-0.00262098
16:-0.146494
17:-0.044883
18:0.0126876
19:0.0243489
20:-0.0463184
21:0.095126
22:0.0393314
23:0.000936499
24:0.0202301
25:-0.0307442
26:0.0347283
27:-0.128969
28:0.0365342
29:0.0474789
30:0.0474251
31:0.0142
32:0.0425853
alpha: 235.44
lagLB: 528.336
stepSizeMultiplier: 0.87846
targetLowerBound: 658.591
||gamma||^2: 0.117014
lambda: 0,22.1665,27.2518,0,0,13.2733,6.7565,10.455,29.0853,33.5894,0,38.967,61.54,6.14921,7.55073,31.5749,0,5.0593,9.40921,25.2608,16.4404,21.3575,28.4844,24.0314,38.3884,0.563991,41.1302,0,8.72268,57.4312,34.7467,20.6079,13.8024,
mu: 
srcDuals: 
lambda: 0,0,14.4935,16.6911,20.2515,10.6022,2.2674,18.9249,20.9494,32.6787,5.0638,36.9909,36.569,12.987,13.7107,20.7281,12.7787,17.624,8.79392,21.9758,8.72942,1.86898,19.48,26.1063,36.0463,9.89184,33.1796,23.7254,2.64803,48.8509,26.1787,19.6463,6.34236,
mu: 
srcDuals: 
fixing. lower bound used: 589.902
fixed path dual: -17.1564
best alpha: 0.02
0:0
1:0.114887
2:-0.0625865
3:-0.0747288
4:-0.0608567
5:-0.00776604
6:0.0196163
7:-0.00645665
8:0.0348269
9:0.00429836
10:-0.0449554
11:0.0382589
12:0.0766925
13:0.000529911
14:0.00343116
15:0.0174314
16:-0.123564
17:-0.0239854
18:0.0324338
19:0.043862
20:-0.025392
21:0.0532235
22:-0.0214552
23:-0.0390822
24:-0.0601745
25:-0.0101293
26:-0.00596626
27:-0.10639
28:0.0558035
29:0.0665293
30:0.0664766
31:-0.046084
32:0.0617336
alpha: 289.812
lagLB: 500.394
stepSizeMultiplier: 0.87846
targetLowerBound: 658.591
||gamma||^2: 0.095061
lambda: 0,22.7962,0,0,0.826061,3.9316,2.17522,12.5688,29.3164,28.9065,0,41.3776,64.6038,8.30937,9.73015,20.111,0,7.05678,11.7811,27.7085,0,24.2655,28.7402,26.3268,40.8093,2.65342,41.3561,0,11.2496,60.0294,37.3445,22.9896,16.3687,
mu: 
srcDuals: 
lambda: 0,0,14.4935,16.6911,20.2515,10.6022,2.2674,18.9249,20.9494,32.6787,5.0638,36.9909,36.569,12.987,13.7107,20.7281,12.7787,17.624,8.79392,21.9758,8.72942,1.86898,19.48,26.1063,36.0463,9.89184,33.1796,23.7254,2.64803,48.8509,26.1787,19.6463,6.34236,
mu: 
srcDuals: 
fixing. lower bound used: 589.902
fixed path dual: -42.9657
best alpha: 0.01
0:0
1:-0.00626177
2:-0.0519606
3:-0.0639815
4:-0.0502481
5:0.00231162
6:-0.0805799
7:-0.00639208
8:0.0444786
9:0.0142554
10:-0.0345059
11:0.0478763
12:0.0859255
13:0.0105246
14:-0.00660315
15:0.0272571
16:-0.112328
17:-0.0137455
18:0.0121095
19:0.0334233
20:-0.0151381
21:0.0626912
22:-0.0112407
23:-0.0286914
24:-0.0495727
25:-2.80054e-05
26:0.0040934
27:-0.0953257
28:0.0552455
29:0.075864
30:0.0758118
31:-0.0356232
32:0.0611163
alpha: 343.934
lagLB: 367.136
stepSizeMultiplier: 0.87846
targetLowerBound: 658.591
||gamma||^2: 0.0801021
lambda: 0,33.2956,0,0,2.61449,8.35156,7.95243,17.0537,31.0427,33.9244,0,48.0788,58.7954,13.1405,14.7051,25.7799,0,10.6728,18.1936,34.6875,1.37052,17.2938,13.262,14.7798,18.607,6.95625,31.4505,0,18.8205,68.1319,45.4444,6.29063,24.2335,
mu: 
srcDuals: 
lambda: 0,0,14.4935,16.6911,20.2515,10.6022,2.2674,18.9249,20.9494,32.6787,5.0638,36.9909,36.569,12.987,13.7107,20.7281,12.7787,17.624,8.79392,21.9758,8.72942,1.86898,19.48,26.1063,36.0463,9.89184,33.1796,23.7254,2.64803,48.8509,26.1787,19.6463,6.34236,
mu: 
srcDuals: 
fixing. lower bound used: 589.902
fixed path dual: -37.4753
best alpha: 0.01
0:0
1:0.00380085
2:-0.041441
3:-0.0533417
4:-0.0397456
5:0.0122885
6:-0.0697741
7:0.00367184
8:0.0540338
9:0.0241128
10:-0.0441608
11:0.0273976
12:0.0950663
13:0.0204194
14:-0.00653712
15:0.0369846
16:-0.101205
17:-0.0136081
18:0.0219884
19:0.0330891
20:-0.00498669
21:0.0620643
22:-0.00112828
23:-0.0184045
24:-0.039077
25:-0.0100277
26:0.0140525
27:-0.0843725
28:0.014693
29:0.0551053
30:0.0650537
31:-0.0252669
32:-0.00949486
alpha: 446.973
lagLB: 422.998
stepSizeMultiplier: 0.87846
targetLowerBound: 658.591
||gamma||^2: 0.0616364
lambda: 0,0,0,0,2.96946,11.3973,0,16.7265,36.2471,37.5816,0,53.4572,66.1217,16.6067,11.4397,30.1027,0,12.8965,12.9588,33.4712,3.52293,23.4306,15.6139,16.2384,18.9966,9.88221,34.5875,0,21.6488,74.9431,52.2529,7.39432,27.3623,
mu: 
srcDuals: 
lambda: 0,0,14.4935,16.6911,20.2515,10.6022,2.2674,18.9249,20.9494,32.6787,5.0638,36.9909,36.569,12.987,13.7107,20.7281,12.7787,17.624,8.79392,21.9758,8.72942,1.86898,19.48,26.1063,36.0463,9.89184,33.1796,23.7254,2.64803,48.8509,26.1787,19.6463,6.34236,
mu: 
srcDuals: 
fixing. lower bound used: 589.902
fixed path dual: -58.4006
best alpha: 0.01
0:0
1:0.0137628
2:-0.0310266
3:-0.0428083
4:-0.0293482
5:-0.0478344
6:-0.0590763
7:0.00363512
8:-0.0665065
9:-0.0761283
10:-0.0337192
11:0.0371236
12:0.104116
13:0.0302152
14:-0.00647175
15:-0.0333853
16:-0.090193
17:-0.00347198
18:0.0317685
19:0.0427582
20:0.00506317
21:0.0714437
22:-0.00111699
23:-0.00822045
24:-0.0286863
25:7.25519e-05
26:0.0239119
27:-0.0735288
28:0.0245461
29:0.0645543
30:0.0744031
31:-0.0150143
32:0.000600087
alpha: 400.456
lagLB: 329.21
stepSizeMultiplier: 0.87846
targetLowerBound: 658.591
||gamma||^2: 0.0687961
lambda: 0,1.69888,0,0,2.48626,16.0949,0,20.5661,45.1011,43.4565,0,49.2369,79.061,22.1139,10.7888,37.2592,0,11.5416,18.6221,36.7657,6.50051,29.61,18.9757,17.88,18.58,5.40972,39.4607,0,9.21541,73.4815,55.2559,8.35269,2.09842,
mu: 
srcDuals: 
lambda: 0,0,14.4935,16.6911,20.2515,10.6022,2.2674,18.9249,20.9494,32.6787,5.0638,36.9909,36.569,12.987,13.7107,20.7281,12.7787,17.624,8.79392,21.9758,8.72942,1.86898,19.48,26.1063,36.0463,9.89184,33.1796,23.7254,2.64803,48.8509,26.1787,19.6463,6.34236,
mu: 
srcDuals: 
fixing. lower bound used: 589.902
fixed path dual: -44.7726
best alpha: 0.01
0:0
1:0.0236252
2:-0.0207163
3:-0.0323802
4:-0.0190547
5:-0.037356
6:-0.0484856
7:-0.0264012
8:-0.0558415
9:-0.065367
10:-0.033382
11:-0.0132477
12:0.113074
13:0.039913
14:-0.00640703
15:-0.0230514
16:-0.0792911
17:-0.0134373
18:-0.00854919
19:-0.00766937
20:0.0150125
21:0.0807292
22:0.00889418
23:0.00186176
24:-0.0183994
25:0.0100718
26:0.0336728
27:-0.0627935
28:0.0343006
29:0.0139087
30:0.0836591
31:-0.00486413
32:0.0105941
alpha: 475.646
lagLB: 344.237
stepSizeMultiplier: 0.87846
targetLowerBound: 658.591
||gamma||^2: 0.0579208
lambda: 0,5.51141,2.06875,0,8.49882,0,0,20.3806,0,2.19269,0,51.8573,78.2627,25.0868,11.1191,7.35875,0,16.2337,21.5158,39.0985,10.757,30.479,19.0327,22.8144,24.5587,9.92089,42.7553,0,12.4777,74.7021,55.9739,13.6338,6.58267,
mu: 
srcDuals: 
lambda: 0,0,14.4935,16.6911,20.2515,10.6022,2.2674,18.9249,20.9494,32.6787,5.0638,36.9909,36.569,12.987,13.7107,20.7281,12.7787,17.624,8.79392,21.9758,8.72942,1.86898,19.48,26.1063,36.0463,9.89184,33.1796,23.7254,2.64803,48.8509,26.1787,19.6463,6.34236,
mu: 
srcDuals: 
fixing. lower bound used: 589.902
fixed path dual: -68.2898
best alpha: 0.01
0:0
1:0.033389
2:-0.0105092
3:-0.0220564
4:-0.00886415
5:-0.0269825
6:-0.0380007
7:-0.0161372
8:-0.0452831
9:-0.0547134
10:-0.0330482
11:-0.00311518
12:0.121944
13:0.0495139
14:0.00365704
15:-0.0128209
16:-0.0784982
17:-0.00330288
18:0.0015363
19:0.00240733
20:0.0248624
21:0.0399219
22:0.0188052
23:0.0118431
24:-0.0082154
25:-0.0800289
26:0.0433361
27:-0.0521655
28:0.0239576
29:0.0237697
30:-0.0271775
31:0.00518451
32:0.0204881
alpha: 549.338
lagLB: 201.427
stepSizeMultiplier: 0.87846
targetLowerBound: 658.591
||gamma||^2: 0.0501509
lambda: 0,11.2372,4.63989,1.28954,11.1882,0,0,6.36727,0,1.58715,0,30.6897,90.3524,31.9714,10.6633,9.76376,0,11.2327,4.72753,18.3278,15.8701,40.2675,23.7105,26.9919,27.2947,14.6825,49.196,0,18.963,55.4666,65.9709,17.3327,11.3814,
mu: 
srcDuals: 
lambda: 0,0,14.4935,16.6911,20.2515,10.6022,2.2674,18.9249,20.9494,32.6787,5.0638,36.9909,36.569,12.987,13.7107,20.7281,12.7787,17.624,8.79392,21.9758,8.72942,1.86898,19.48,26.1063,36.0463,9.89184,33.1796,23.7254,2.64803,48.8509,26.1787,19.6463,6.34236,
mu: 
srcDuals: 
fixing. lower bound used: 589.902
fixed path dual: -51.5851
best alpha: 0.02
0:0
1:0.0527212
2:0.00970102
3:-0.00161527
4:0.0113131
5:-0.00644282
6:-0.0372407
7:0.00418552
8:-0.0243774
9:-0.0336191
10:-0.0323872
11:0.0169471
12:0.0395049
13:0.00852361
14:0.0035839
15:0.00743549
16:-0.0569282
17:-0.00323683
18:0.00150558
19:0.0223592
20:0.0443652
21:-0.000876501
22:0.0384291
23:0.0316063
24:0.0119489
25:-0.0584283
26:0.0624694
27:-0.0311222
28:0.0434785
29:0.0432943
30:-0.00663393
31:0.0250808
32:0.0200784
alpha: 592.68
lagLB: 333.552
stepSizeMultiplier: 0.579784
targetLowerBound: 658.591
||gamma||^2: 0.0306791
lambda: 0,18.3418,8.72045,4.57464,15.3821,0,0,10.0601,0,2.6226,0,35.2797,103.557,40.1868,15.7197,13.6851,0,15.8096,9.63787,23.2982,22.3873,23.7996,29.8104,32.6122,31.5333,0,56.9858,0,15.8089,61.9085,11.2491,22.4944,17.5973,
mu: 
srcDuals: 
lambda: 0,0,14.4935,16.6911,20.2515,10.6022,2.2674,18.9249,20.9494,32.6787,5.0638,36.9909,36.569,12.987,13.7107,20.7281,12.7787,17.624,8.79392,21.9758,8.72942,1.86898,19.48,26.1063,36.0463,9.89184,33.1796,23.7254,2.64803,48.8509,26.1787,19.6463,6.34236,
mu: 
srcDuals: 
fixing. lower bound used: 589.902
fixed path dual: -121.782
best alpha: 0.01
0:0
1:0.062194
2:0.019604
3:0.00840088
4:-0.00879999
5:0.0036216
6:-0.0268683
7:0.0141437
8:-0.0141336
9:-0.0232829
10:-0.0220634
11:0.0267777
12:0.0491098
13:0.0184384
14:0.0135481
15:0.0173611
16:-0.0463589
17:0.00679554
18:0.0114905
19:0.0321356
20:0.0539215
21:0.00913226
22:-0.0319552
23:-0.0987098
24:0.00182942
25:-0.047844
26:-0.0381553
27:-0.020811
28:0.0430437
29:0.0528613
30:0.00343241
31:-0.06517
32:0.0298776
alpha: 436.946
lagLB: 57.5887
stepSizeMultiplier: 0.579784
targetLowerBound: 658.591
||gamma||^2: 0.0416136
lambda: 0,31.2468,20.2431,15.7337,26.9565,6.78372,0,21.4056,6.50146,12.7534,0,47.0352,59.9827,18.0387,15.8348,25.135,0,15.7056,9.68625,35.2276,35.0238,1.34949,42.2562,44.8387,43.1282,0,70.2039,5.27992,28.4168,74.5106,22.2469,34.5112,18.2424,
mu: 
srcDuals: 
lambda: 0,0,14.4935,16.6911,20.2515,10.6022,2.2674,18.9249,20.9494,32.6787,5.0638,36.9909,36.569,12.987,13.7107,20.7281,12.7787,17.624,8.79392,21.9758,8.72942,1.86898,19.48,26.1063,36.0463,9.89184,33.1796,23.7254,2.64803,48.8509,26.1787,19.6463,6.34236,
mu: 
srcDuals: 
fixing. lower bound used: 589.902
fixed path dual: -63.0968
best alpha: 0.01
0:0
1:0.071572
2:-0.030592
3:-0.0116831
4:0.00128801
5:-0.0164146
6:-0.0265996
7:-0.0159978
8:-0.00399229
9:-0.0130501
10:-0.0118427
11:0.0365099
12:0.0586187
13:0.028254
14:0.0134126
15:-0.0628125
16:-0.0358953
17:0.0167276
18:0.0213756
19:0.0218142
20:-0.166618
21:0.0190409
22:-0.0216356
23:-0.0877227
24:0.0118111
25:-0.0373656
26:-0.0277738
27:-0.0106029
28:0.0526132
29:0.0623327
30:0.0133981
31:-0.0545183
32:0.0395788
alpha: 259.65
lagLB: 281.255
stepSizeMultiplier: 0.579784
targetLowerBound: 658.591
||gamma||^2: 0.0700284
lambda: 0,27.1754,23.0594,20.3618,16.4064,12.1847,0,25.1049,14.7738,22.5054,0,48.6913,58.0273,21.0435,19.6305,28.314,0,20.5933,13.8147,36.0173,32.2902,5.85928,5.51733,0,36.8457,0,16.5078,14.6322,21.4558,71.9485,27.6785,0,19.3972,
mu: 
srcDuals: 
lambda: 0,0,14.4935,16.6911,20.2515,10.6022,2.2674,18.9249,20.9494,32.6787,5.0638,36.9909,36.569,12.987,13.7107,20.7281,12.7787,17.624,8.79392,21.9758,8.72942,1.86898,19.48,26.1063,36.0463,9.89184,33.1796,23.7254,2.64803,48.8509,26.1787,19.6463,6.34236,
mu: 
srcDuals: 
fixing. lower bound used: 589.902
fixed path dual: -23.4613
best alpha: 0.01
0:0
1:0.0808563
2:-0.0202861
3:-0.00156629
4:0.0112751
5:-0.00625047
6:-0.0163336
7:-0.00583779
8:0.00604764
9:-0.00291957
10:-0.0317243
11:-0.00385522
12:0.0680325
13:0.0379715
14:-0.0167215
15:-0.0521843
16:-0.0255364
17:-0.0634397
18:0.0211619
19:0.0115961
20:-0.154952
21:0.0288505
22:-0.0114193
23:-0.0768455
24:0.021693
25:-0.0269919
26:-0.017496
27:-0.00049686
28:0.0520871
29:0.0217094
30:0.0232641
31:-0.0439731
32:0.019183
alpha: 296.97
lagLB: 441.878
stepSizeMultiplier: 0.579784
targetLowerBound: 658.591
||gamma||^2: 0.0612279
lambda: 0,18.5837,6.55031,13.6575,20.5859,6.34019,0,14.7711,19.9128,29.2903,1.98883,46.4707,51.7893,20.3231,17.1933,4.41883,3.45849,21.9674,14.3441,27.6398,0,6.81296,13.8623,3.32912,39.1131,0.189861,25.9682,20.9724,16.3091,65.0356,29.6575,5.49065,16.619,
mu: 
srcDuals: 
lambda: 0,0,14.4935,16.6911,20.2515,10.6022,2.2674,18.9249,20.9494,32.6787,5.0638,36.9909,36.569,12.987,13.7107,20.7281,12.7787,17.624,8.79392,21.9758,8.72942,1.86898,19.48,26.1063,36.0463,9.89184,33.1796,23.7254,2.64803,48.8509,26.1787,19.6463,6.34236,
mu: 
srcDuals: 
fixing. lower bound used: 589.902
fixed path dual: -15.7476
best alpha: 0.01
0:0
1:0.0100477
2:-0.0100832
3:0.00844937
4:0.0211624
5:0.00381204
6:-0.0261703
7:-0.0157794
8:0.0159872
9:0.00710963
10:-0.0214071
11:0.00618333
12:0.0773522
13:-0.00240826
14:-0.0165543
15:-0.0416625
16:-0.015281
17:-0.0528053
18:-0.0290498
19:0.0214801
20:-0.143402
21:0.038562
22:-0.00130506
23:-0.066077
24:0.0314761
25:-0.016722
26:-0.00732107
27:-0.0104919
28:0.0415662
29:0.0314923
30:0.0230315
31:-0.0335334
32:0.0289912
alpha: 379.862
lagLB: 485.732
stepSizeMultiplier: 0.579784
targetLowerBound: 658.591
||gamma||^2: 0.0478671
lambda: 0,24.0119,8.46916,16.2259,23.5999,8.74605,0,17.1913,22.7454,31.8117,0,35.8461,56.7726,24.2634,8.74493,5.23089,5.19516,0,15.0784,25.4194,0,10.4367,16.0888,3.2855,42.4885,1.87603,27.9838,23.5779,18.1164,55.298,33.0875,6.58761,12.0392,
mu: 
srcDuals: 
lambda: 0,0,14.4935,16.6911,20.2515,10.6022,2.2674,18.9249,20.9494,32.6787,5.0638,36.9909,36.569,12.987,13.7107,20.7281,12.7787,17.624,8.79392,21.9758,8.72942,1.86898,19.48,26.1063,36.0463,9.89184,33.1796,23.7254,2.64803,48.8509,26.1787,19.6463,6.34236,
mu: 
srcDuals: 
fixing. lower bound used: 589.902
fixed path dual: -22.6819
best alpha: 0.01
0:0
1:0.0199473
2:1.75865e-05
3:-0.191635
4:-0.169049
5:-0.0362261
6:-0.0159086
7:-0.00562162
8:-0.0341727
9:0.0170385
10:-0.021193
11:0.0161215
12:0.0865787
13:0.00761582
14:-0.00638879
15:-0.0312459
16:-0.00512821
17:-0.0422772
18:-0.0187593
19:0.0312653
20:-0.131968
21:0.0481764
22:-0.00129201
23:-0.0554162
24:0.0311613
25:-0.0065548
26:0.00275214
27:-0.000386973
28:0.0511506
29:0.0411774
30:0.0328011
31:-0.023198
32:0.0387013
alpha: 161.723
lagLB: 457.391
stepSizeMultiplier: 0.579784
targetLowerBound: 658.591
||gamma||^2: 0.112432
lambda: 0,3.81675,10.6633,19.9007,28.2903,12.0503,0,12.9309,27.0224,35.3794,0,39.3398,65.9521,12.0722,7.42238,4.9021,6.97404,0,0,30.1352,0,16.5172,18.9842,1.0062,48.0029,3.53978,30.3986,19.74,18.4375,60.8137,34.9275,6.90828,17.355,
mu: 
srcDuals: 
lambda: 0,0,14.4935,16.6911,20.2515,10.6022,2.2674,18.9249,20.9494,32.6787,5.0638,36.9909,36.569,12.987,13.7107,20.7281,12.7787,17.624,8.79392,21.9758,8.72942,1.86898,19.48,26.1063,36.0463,9.89184,33.1796,23.7254,2.64803,48.8509,26.1787,19.6463,6.34236,
mu: 
srcDuals: 
fixing. lower bound used: 589.902
fixed path dual: 0.738634
best alpha: 0.01
0:0
1:0.0297478
2:0.0100174
3:-0.179719
4:-0.157359
5:-0.0258638
6:-0.00574948
7:-0.0055654
8:-0.023831
9:0.0268681
10:-0.0109811
11:0.0259603
12:0.0957129
13:0.0175397
14:-0.0163249
15:-0.0209334
16:-0.0250769
17:-0.0318545
18:-0.00857167
19:0.0209527
20:-0.120648
21:0.0576946
22:0.00872091
23:-0.0448621
24:0.0408497
25:-0.0564892
26:0.0127246
27:-0.0903831
28:0.0206391
29:0.0507656
30:-0.0275269
31:-0.0129661
32:0.0383143
alpha: 162.705
lagLB: 565.366
stepSizeMultiplier: 0.579784
targetLowerBound: 658.591
||gamma||^2: 0.111754
lambda: 0,3.22592,14.4964,0,0,4.74367,0,18.0158,15.4229,35.4343,1.63641,39.5982,50.5707,14.2186,12.6775,15.6749,11.9494,10.7869,5.76013,27.0321,0,9.66019,19.271,17.1443,41.0858,8.83178,33.6247,23.6628,10.9202,55.5103,31.4834,15.8947,12.6012,
mu: 
srcDuals: 
lambda: 0,0,14.4935,16.6911,20.2515,10.6022,2.2674,18.9249,20.9494,32.6787,5.0638,36.9909,36.569,12.987,13.7107,20.7281,12.7787,17.624,8.79392,21.9758,8.72942,1.86898,19.48,26.1063,36.0463,9.89184,33.1796,23.7254,2.64803,48.8509,26.1787,19.6463,6.34236,
mu: 
srcDuals: 
fixing. lower bound used: 424.843
percent fixed: 3.01526
fixing. lower bound used: 589.902
fixed path dual: 4.83231
best alpha: 0.02
0:0
1:0.0491528
2:0.0298171
3:-0.156124
4:-0.134212
5:-0.00534654
6:0.0143655
7:-0.00545409
8:-0.00335437
9:0.0463308
10:-0.110761
11:0.0254411
12:0.0337986
13:0.0371889
14:-0.0159984
15:-0.000514752
16:-0.00457539
17:-0.0112174
18:0.0115998
19:0.0205336
20:-0.0982353
21:0.0565407
22:0.0285465
23:-0.0239648
24:0.0600327
25:-0.0353595
26:0.0324701
27:-0.0685754
28:0.0202263
29:0.0497503
30:-0.00697633
31:0.00729326
32:-0.00245201
alpha: 196.881
lagLB: 578.155
stepSizeMultiplier: 0.579784
targetLowerBound: 658.591
||gamma||^2: 0.0923544
lambda: 0,4.84012,16.1234,0,0,6.39407,1.33193,18.0194,17.072,37.0503,3.27712,41.2148,52.1419,15.8408,11.0546,17.3221,8.69857,12.4412,7.39927,25.3849,0,11.2562,20.8989,18.807,42.6928,0.700751,35.25,9.01964,6.00611,57.1108,21.7,17.5367,12.5763,
mu: 
srcDuals: 
lambda: 0,0,14.4935,16.6911,20.2515,10.6022,2.2674,18.9249,20.9494,32.6787,5.0638,36.9909,36.569,12.987,13.7107,20.7281,12.7787,17.624,8.79392,21.9758,8.72942,1.86898,19.48,26.1063,36.0463,9.89184,33.1796,23.7254,2.64803,48.8509,26.1787,19.6463,6.34236,
mu: 
srcDuals: 
fixing. lower bound used: 553.593
percent fixed: 3.06542
fixing. lower bound used: 589.902
fixed path dual: -13.1245
best alpha: 0.01
0:0
1:0.0586613
2:0.0195189
3:-0.144563
4:-0.122869
5:0.00470692
6:0.00422186
7:-0.0153996
8:0.00667918
9:-0.00413252
10:-0.0996538
11:0.0351867
12:0.0434606
13:0.046817
14:-0.00583842
15:-0.0105096
16:0.00547037
17:-0.0011052
18:0.0214838
19:0.0303283
20:-0.087253
21:0.0659753
22:-0.00173897
23:-0.0537252
24:-0.0105676
25:-0.0250059
26:-0.00785457
27:-0.0578897
28:0.030024
29:0.0592528
30:0.00309344
31:-0.0227797
32:0.00757251
alpha: 224.573
lagLB: 524.094
stepSizeMultiplier: 0.579784
targetLowerBound: 658.591
||gamma||^2: 0.0809663
lambda: 0,9.67728,20.364,0,0,9.54961,5.0957,17.8511,20.289,41.8004,0,41.9998,43.2233,20.3088,10.5609,20.6267,11.8779,15.4156,11.0777,26.0184,0,13.0008,25.1003,21.3881,47.8657,2.93022,39.5724,10.2242,6.63021,58.6459,24.8052,21.0822,5.85961,
mu: 
srcDuals: 
lambda: 0,0,14.4935,16.6911,20.2515,10.6022,2.2674,18.9249,20.9494,32.6787,5.0638,36.9909,36.569,12.987,13.7107,20.7281,12.7787,17.624,8.79392,21.9758,8.72942,1.86898,19.48,26.1063,36.0463,9.89184,33.1796,23.7254,2.64803,48.8509,26.1787,19.6463,6.34236,
mu: 
srcDuals: 
fixing. lower bound used: 589.902
fixed path dual: -7.62911
best alpha: 0.01
0:0
1:0.0680747
2:0.0293237
3:-0.133118
4:-0.111641
5:0.0146599
6:0.00417964
7:-0.0252456
8:0.0166124
9:0.0059088
10:-0.0986573
11:-0.0051652
12:0.053026
13:0.0463488
14:-0.01578
15:-0.000404509
16:0.0154157
17:-0.0410942
18:-0.00873107
19:-0.019975
20:-0.0763805
21:0.0753156
22:0.00827842
23:-0.0431879
24:-0.000461932
25:-0.0147558
26:0.00222397
27:-0.0473108
28:0.0397238
29:0.0186603
30:0.0130625
31:-0.0125519
32:0.0174968
alpha: 250.139
lagLB: 540.997
stepSizeMultiplier: 0.579784
targetLowerBound: 658.591
||gamma||^2: 0.0726911
lambda: 0,13.1738,18.877,0,0,11.6593,3.21551,15.4666,22.4494,31.7507,0,44.8929,46.3291,23.5008,12.3996,18.3679,14.0072,17.3758,13.6186,28.7867,0,16.6853,19.0895,14.0411,33.6731,4.27619,31.4157,10.725,9.39062,62.1575,26.8734,14.5306,8.04295,
mu: 
srcDuals: 
lambda: 0,0,14.4935,16.6911,20.2515,10.6022,2.2674,18.9249,20.9494,32.6787,5.0638,36.9909,36.569,12.987,13.7107,20.7281,12.7787,17.624,8.79392,21.9758,8.72942,1.86898,19.48,26.1063,36.0463,9.89184,33.1796,23.7254,2.64803,48.8509,26.1787,19.6463,6.34236,
mu: 
srcDuals: 
fixing. lower bound used: 589.902
fixed path dual: -2.24346
best alpha: 0.01
0:0
1:0.0173939
2:0.0390305
3:-0.121786
4:-0.100524
5:-0.00548675
6:0.00413784
7:-0.0249931
8:0.0264463
9:0.0158497
10:-0.0876707
11:0.00488645
12:0.0624958
13:-0.0641147
14:-0.0356222
15:0.00959954
16:0.0252615
17:-0.0306832
18:0.00135624
19:-0.00977525
20:-0.0656167
21:0.0845624
22:0.0181956
23:-0.0327561
24:0.00954269
25:-0.00460825
26:0.0122017
27:-0.0368377
28:0.0393265
29:0.0284736
30:0.0229319
31:-0.00242635
32:0.0173218
alpha: 280.523
lagLB: 571.017
stepSizeMultiplier: 0.579784
targetLowerBound: 658.591
||gamma||^2: 0.0648177
lambda: 0,17.0281,21.8285,0,0,14.2692,3.31289,12.61,25.1048,34.1568,0,35.6989,49.8329,24.5806,9.76353,20.6269,16.6348,7.3448,6.60994,16.9792,0,20.7083,21.5507,15.3033,35.9308,6.20084,33.7359,11.8912,12.5845,53.5186,29.4462,16.5066,10.719,
mu: 
srcDuals: 
lambda: 0,0,14.4935,16.6911,20.2515,10.6022,2.2674,18.9249,20.9494,32.6787,5.0638,36.9909,36.569,12.987,13.7107,20.7281,12.7787,17.624,8.79392,21.9758,8.72942,1.86898,19.48,26.1063,36.0463,9.89184,33.1796,23.7254,2.64803,48.8509,26.1787,19.6463,6.34236,
mu: 
srcDuals: 
fixing. lower bound used: 538.703
percent fixed: 3.16429
fixing. lower bound used: 589.902
fixed path dual: -8.18596
best alpha: 0.02
0:0
1:0.0370461
2:-0.00175014
3:-0.0993506
4:-0.0785139
5:0.014623
6:0.0240551
7:-0.00449324
8:0.0459173
9:-0.00446728
10:-0.0659173
11:0.0247887
12:0.0412459
13:-0.0428324
14:-0.0149098
15:0.00940755
16:-0.0352437
17:-0.0100695
18:0.0213291
19:0.0104203
20:-0.0443043
21:0.0428712
22:0.0378317
23:-0.0121009
24:0.0293518
25:-0.0845161
26:0.0319577
27:-0.0161009
28:-0.00145999
29:0.0479042
30:-0.0375268
31:0.0176222
32:0.0169754
alpha: 363.424
lagLB: 545.701
stepSizeMultiplier: 0.579784
targetLowerBound: 658.591
||gamma||^2: 0.0500321
lambda: 0,4.87941,25.4425,0,0,9.06309,3.42816,11.9138,28.3682,37.1249,0,38.3617,54.1005,0,3.71787,23.421,19.8651,9.0167,9.17438,19.2336,0,25.5907,24.5843,16.9175,38.7233,8.59912,36.6025,13.3916,13.68,56.8385,32.6116,18.9657,11.2015,
mu: 
srcDuals: 
lambda: 0,0,14.4935,16.6911,20.2515,10.6022,2.2674,18.9249,20.9494,32.6787,5.0638,36.9909,36.569,12.987,13.7107,20.7281,12.7787,17.624,8.79392,21.9758,8.72942,1.86898,19.48,26.1063,36.0463,9.89184,33.1796,23.7254,2.64803,48.8509,26.1787,19.6463,6.34236,
mu: 
srcDuals: 
fixing. lower bound used: 589.902
fixed path dual: -39.9365
best alpha: 0.01
0:0
1:0.0466756
2:0.00826736
3:-0.0883571
4:-0.0677287
5:-0.00552324
6:0.0238145
7:-0.00444831
8:-0.00454184
9:0.00557739
10:-0.0552581
11:0.0345408
12:0.0508334
13:-0.0324041
14:-0.00476069
15:0.0193135
16:-0.0248913
17:3.11489e-05
18:0.0211158
19:0.0203161
20:-0.0338613
21:0.0524425
22:-0.0225466
23:-0.00197992
24:-0.0309417
25:-0.0736709
26:-0.0383619
27:-0.00593992
28:0.00855461
29:0.0574251
30:-0.0271515
31:-0.022554
32:0.0268056
alpha: 425.821
lagLB: 388.132
stepSizeMultiplier: 0.579784
targetLowerBound: 658.591
||gamma||^2: 0.0427008
lambda: 0,13.4634,13.8575,0,0,15.9166,11.0096,17.292,37.6369,31.0552,0,45.9998,51.5587,0,8.29216,24.147,0,13.9645,16.5454,25.7627,0,17.4494,33.2289,21.7086,46.7135,0,44.7938,17.874,2.11744,66.2605,12.5406,26.0506,12.5116,
mu: 
srcDuals: 
lambda: 0,0,14.4935,16.6911,20.2515,10.6022,2.2674,18.9249,20.9494,32.6787,5.0638,36.9909,36.569,12.987,13.7107,20.7281,12.7787,17.624,8.79392,21.9758,8.72942,1.86898,19.48,26.1063,36.0463,9.89184,33.1796,23.7254,2.64803,48.8509,26.1787,19.6463,6.34236,
mu: 
srcDuals: 
fixing. lower bound used: 589.902
fixed path dual: -32.706
best alpha: 0.01
0:0
1:0.0462089
2:0.0181847
3:-0.0774735
4:-0.0570515
5:0.00453199
6:-0.0364236
7:0.00559618
8:0.00550358
9:0.0155216
10:-0.0547055
11:-0.0158046
12:0.0603251
13:-0.02208
14:0.00528692
15:0.0291203
16:-0.0146424
17:-0.00996916
18:0.0109047
19:-0.0598871
20:-0.0235227
21:0.061918
22:-0.0123211
23:0.00803987
24:-0.0206323
25:-0.0629342
26:-0.0279783
27:0.00411948
28:0.0184691
29:0.00685088
30:-0.01688
31:-0.0123285
32:0.0365376
alpha: 483.759
lagLB: 394.455
stepSizeMultiplier: 0.579784
targetLowerBound: 658.591
||gamma||^2: 0.0375867
lambda: 0,19.8754,18.0139,0,0,8.25034,12.4081,17.0307,19.0154,35.0537,0,51.6991,58.2149,0,11.6835,28.9522,2.17949,17.6373,17.7855,30.6267,0,24.2001,9.87918,25.2632,22.8707,0,16.8443,21.1961,6.29076,73.3038,14.617,10.0423,17.7568,
mu: 
srcDuals: 
lambda: 0,0,14.4935,16.6911,20.2515,10.6022,2.2674,18.9249,20.9494,32.6787,5.0638,36.9909,36.569,12.987,13.7107,20.7281,12.7787,17.624,8.79392,21.9758,8.72942,1.86898,19.48,26.1063,36.0463,9.89184,33.1796,23.7254,2.64803,48.8509,26.1787,19.6463,6.34236,
mu: 
srcDuals: 
fixing. lower bound used: 589.902
fixed path dual: -31.2821
best alpha: 0.01
0:0
1:0.0557468
2:0.0180028
3:-0.0666988
4:-0.0464809
5:0.00448667
6:-0.0260594
7:0.00554021
8:0.0154485
9:0.0053664
10:-0.0641585
11:-0.00564653
12:0.0697218
13:-0.0118592
14:-0.024766
15:0.0288291
16:-0.00449595
17:0.000130529
18:0.0207956
19:-0.0492882
20:-0.0132874
21:0.0112989
22:-0.00219792
23:0.0179595
24:-0.0104259
25:-0.0523049
26:-0.0176985
27:0.0140783
28:0.0182844
29:0.0167824
30:-0.00671118
31:-0.00220522
32:-0.0638278
alpha: 546.981
lagLB: 403.457
stepSizeMultiplier: 0.579784
targetLowerBound: 658.591
||gamma||^2: 0.0332422
lambda: 0,22.3539,23.2905,0,0,12.7946,0,21.6321,23.6118,40.1875,0,29.3453,65.7518,2.30556,16.2683,34.8153,5.69534,12.8014,14.0692,0,0,31.8224,13.5195,29.9957,26.0653,0,19.6449,25.7183,11.5826,52.1651,18.0129,13.6823,24.0177,
mu: 
srcDuals: 
lambda: 0,0,14.4935,16.6911,20.2515,10.6022,2.2674,18.9249,20.9494,32.6787,5.0638,36.9909,36.569,12.987,13.7107,20.7281,12.7787,17.624,8.79392,21.9758,8.72942,1.86898,19.48,26.1063,36.0463,9.89184,33.1796,23.7254,2.64803,48.8509,26.1787,19.6463,6.34236,
mu: 
srcDuals: 
fixing. lower bound used: 589.902
fixed path dual: -30.5006
best alpha: 0.01
0:0
1:-0.0348107
2:0.0278228
3:-0.0560318
4:-0.0360161
5:0.0044418
6:-0.0257988
7:-0.0945152
8:0.0252941
9:0.0153127
10:-0.0635169
11:0.00440994
12:0.0790246
13:-0.00174063
14:-0.0245183
15:0.0385408
16:0.00554901
17:0.0101292
18:-0.0494123
19:-0.0387954
20:-0.00315456
21:0.0211859
22:0.00782406
23:0.0277799
24:-0.000321686
25:-0.0417818
26:-0.00752149
27:0.0239375
28:0.0281015
29:0.0266145
30:0.00335593
31:0.00781683
32:-0.0531895
alpha: 451.877
lagLB: 432.423
stepSizeMultiplier: 0.579784
targetLowerBound: 658.591
||gamma||^2: 0.0402385
lambda: 0,30.4924,24.3407,0,0,13.0564,0,21.9553,29.3995,35.6141,0,33.9024,74.7055,6.50019,0.164222,36.4971,10.3195,17.6954,20.1687,0,1.46144,8.04925,18.2778,35.9298,30.3435,0,23.4989,31.426,12.6492,58.0306,22.5078,18.4401,0,
mu: 
srcDuals: 
lambda: 0,0,14.4935,16.6911,20.2515,10.6022,2.2674,18.9249,20.9494,32.6787,5.0638,36.9909,36.569,12.987,13.7107,20.7281,12.7787,17.624,8.79392,21.9758,8.72942,1.86898,19.48,26.1063,36.0463,9.89184,33.1796,23.7254,2.64803,48.8509,26.1787,19.6463,6.34236,
mu: 
srcDuals: 
fixing. lower bound used: 589.902
fixed path dual: -31.8748
best alpha: 0.01
0:0
1:-0.0244626
2:-0.0224554
3:-0.0454715
4:-0.025656
5:-0.00560261
6:-0.0155408
7:-0.08357
8:0.00504112
9:-0.0648404
10:-0.0528817
11:0.0143658
12:0.0882344
13:0.00827678
14:-0.0142731
15:-0.0118446
16:-0.0445065
17:0.0200279
18:-0.0389182
19:-0.0284074
20:0.00687698
21:0.030974
22:0.0177458
23:0.0375021
24:0.00968153
25:-0.031364
26:0.00255372
27:-0.0363019
28:0.0278205
29:0.0363484
30:-0.00667762
31:0.0177387
32:-0.0426576
alpha: 454.29
lagLB: 438.294
stepSizeMultiplier: 0.579784
targetLowerBound: 658.591
||gamma||^2: 0.0400248
lambda: 0,0,27.066,0,3.97661,12.6094,0,0,32.3793,39.5982,0,38.9837,72.2784,12.2004,2.63148,38.1438,15.2862,22.2012,0,4.44502,7.30395,11.4424,23.0155,38.6594,35.901,0,29.7808,34.5422,15.3465,60.8774,27.6952,23.1786,0,
mu: 
srcDuals: 
lambda: 0,0,14.4935,16.6911,20.2515,10.6022,2.2674,18.9249,20.9494,32.6787,5.0638,36.9909,36.569,12.987,13.7107,20.7281,12.7787,17.624,8.79392,21.9758,8.72942,1.86898,19.48,26.1063,36.0463,9.89184,33.1796,23.7254,2.64803,48.8509,26.1787,19.6463,6.34236,
mu: 
srcDuals: 
fixing. lower bound used: 589.902
fixed path dual: -35.4121
best alpha: 0.01
0:0
1:-0.014218
2:-0.0122309
3:-0.0350168
4:-0.0153994
5:0.00445341
6:-0.00538538
7:-0.0727343
8:0.0149907
9:-0.054192
10:-0.0523529
11:0.0242222
12:0.087352
13:0.018194
14:-0.00413038
15:-0.00172612
16:-0.0340614
17:0.00982765
18:-0.028529
19:-0.0181233
20:0.0168082
21:0.0406643
22:-0.0124316
23:-0.0828729
24:-0.0704153
25:-0.0210504
26:-0.0174718
27:-0.0259389
28:0.0175423
29:0.0459849
30:0.00338915
31:-0.0824387
32:-0.0322311
alpha: 367.862
lagLB: 342.216
stepSizeMultiplier: 0.579784
targetLowerBound: 658.591
||gamma||^2: 0.0494285
lambda: 0,0,4.29226,0,8.59622,8.05704,0,0,23.2396,3.22238,0,43.5172,76.653,16.747,7.2266,15.3472,0,26.7225,0,9.07055,11.8536,15.9402,27.5417,43.1432,40.4445,0,34.3397,7.23385,15.2866,65.3637,23.1451,27.7048,0,
mu: 
srcDuals: 
lambda: 0,0,14.4935,16.6911,20.2515,10.6022,2.2674,18.9249,20.9494,32.6787,5.0638,36.9909,36.569,12.987,13.7107,20.7281,12.7787,17.624,8.79392,21.9758,8.72942,1.86898,19.48,26.1063,36.0463,9.89184,33.1796,23.7254,2.64803,48.8509,26.1787,19.6463,6.34236,
mu: 
srcDuals: 
fixing. lower bound used: 589.902
fixed path dual: -14.1823
best alpha: 0.02
0:0
1:0.00606639
2:0.00801375
3:-0.0143164
4:0.00490858
5:0.0243643
6:0.0147223
7:-0.0512796
8:0.0346909
9:-0.0331081
10:-0.0513059
11:-0.0362623
12:0.025605
13:0.0378301
14:-0.00404777
15:0.0183084
16:-0.0133802
17:-0.0703689
18:-0.00795845
19:0.00223914
20:0.036472
21:0.019851
22:0.00781699
23:-0.0612155
24:-0.049007
25:-0.000629359
26:0.00287762
27:-0.00542008
28:0.0171915
29:0.0250652
30:0.0233214
31:-0.06079
32:-0.0115864
alpha: 587.982
lagLB: 400.564
stepSizeMultiplier: 0.579784
targetLowerBound: 658.591
||gamma||^2: 0.0309242
lambda: 0,0,9.99426,3.80972,14.5866,12.2405,0.286319,0,26.464,12.7436,0,45.9014,68.7025,19.6798,12.1913,20.0931,0.248814,21.2393,0,15.3089,14.9125,16.8278,14.9069,0,10.1432,2.14821,26.7524,14.1835,9.10118,65.767,27.4255,0,0,
mu: 
srcDuals: 
lambda: 0,0,14.4935,16.6911,20.2515,10.6022,2.2674,18.9249,20.9494,32.6787,5.0638,36.9909,36.569,12.987,13.7107,20.7281,12.7787,17.624,8.79392,21.9758,8.72942,1.86898,19.48,26.1063,36.0463,9.89184,33.1796,23.7254,2.64803,48.8509,26.1787,19.6463,6.34236,
mu: 
srcDuals: 
fixing. lower bound used: 589.902
fixed path dual: -70.0842
best alpha: 0.01
0:0
1:0.0160057
2:0.0179336
3:-0.0141733
4:0.0148595
5:-0.0558793
6:0.0045751
7:-0.0407669
8:-0.025656
9:-0.0227771
10:-0.0507928
11:-0.0258996
12:0.0353489
13:0.0174518
14:0.00599271
15:-0.0818747
16:-0.00324638
17:-0.0596652
18:0.00212113
19:0.0122167
20:-0.153893
21:0.0296525
22:0.0177388
23:-0.0506033
24:-0.0385169
25:0.00937693
26:0.0128488
27:0.00463412
28:0.0270196
29:0.0348146
30:0.0330882
31:-0.0501821
32:-0.00147057
alpha: 318.98
lagLB: 157.946
stepSizeMultiplier: 0.579784
targetLowerBound: 658.591
||gamma||^2: 0.0570033
lambda: 0,3.56693,19.2055,8.27324,23.1376,24.9281,10.9239,0,41.3471,13.2117,0,15.6694,51.6242,35.2304,11.3307,31.4931,4.9114,0,4.1145,23.2923,30.1743,13.541,24.0762,0,7.23109,9.52179,34.8716,20.5385,12.7563,63.5889,39.8913,0,0,
mu: 
srcDuals: 
lambda: 0,0,14.4935,16.6911,20.2515,10.6022,2.2674,18.9249,20.9494,32.6787,5.0638,36.9909,36.569,12.987,13.7107,20.7281,12.7787,17.624,8.79392,21.9758,8.72942,1.86898,19.48,26.1063,36.0463,9.89184,33.1796,23.7254,2.64803,48.8509,26.1787,19.6463,6.34236,
mu: 
srcDuals: 
fixing. lower bound used: 589.902
fixed path dual: -12.909
best alpha: 0.01
0:0
1:0.0258457
2:0.0277543
3:-0.00403155
4:0.0247109
5:-0.0453205
6:0.0145293
7:-0.0303592
8:-0.0153995
9:-0.0125493
10:-0.0402849
11:-0.0156406
12:0.0449954
13:0.0272773
14:0.0159328
15:-0.0710559
16:-0.0332139
17:-0.0490686
18:0.0120999
19:0.0220946
20:-0.142354
21:0.039356
22:0.0275614
23:-0.0400973
24:-0.0281317
25:-0.0807168
26:0.0227204
27:-0.115412
28:0.0167494
29:0.0444664
30:-0.0472427
31:-0.0396802
32:-0.00145586
alpha: 255.661
lagLB: 453.715
stepSizeMultiplier: 0.579784
targetLowerBound: 658.591
||gamma||^2: 0.071121
lambda: 0,5.1055,20.214,12.1701,24.9914,0,3.72676,5.92113,12.7657,25.4133,0,28.7295,47.8446,18.5537,15.6223,0,11.7432,0,9.47052,25.8726,0,11.3275,25.1383,9.9649,23.7602,12.8829,37.2781,25.2036,11.2667,59.9561,36.7332,3.63927,5.87328,
mu: 
srcDuals: 
lambda: 0,0,14.4935,16.6911,20.2515,10.6022,2.2674,18.9249,20.9494,32.6787,5.0638,36.9909,36.569,12.987,13.7107,20.7281,12.7787,17.624,8.79392,21.9758,8.72942,1.86898,19.48,26.1063,36.0463,9.89184,33.1796,23.7254,2.64803,48.8509,26.1787,19.6463,6.34236,
mu: 
srcDuals: 
fixing. lower bound used: 589.902
fixed path dual: -5.99317
best alpha: 0.01
0:0
1:0.0355872
2:0.0374767
3:0.00600876
4:-0.00553621
5:-0.0348673
6:-0.0456159
7:-0.0400556
8:-0.0252455
9:-0.0024238
10:-0.039882
11:-0.00548424
12:0.0545455
13:0.0270045
14:-0.0342265
15:-0.0603454
16:-0.0228818
17:-0.0385779
18:-0.0480211
19:-0.00812636
20:-0.13093
21:0.0489624
22:-0.00271418
23:-0.0296963
24:-0.0178504
25:-0.0699097
26:0.0124932
27:-0.104258
28:0.0265819
29:0.0540218
30:-0.0367703
31:-0.0292834
32:0.0085587
alpha: 183.573
lagLB: 487.222
stepSizeMultiplier: 0.382657
targetLowerBound: 658.591
||gamma||^2: 0.0653728
lambda: 0,6.60774,21.5892,15.6604,26.5691,0,5.98199,11.1633,17.0124,29.4704,0,32.9922,48.0726,19.9607,17.7841,2.56184,4.2872,5.07912,11.8874,27.6245,0,11.9308,26.5264,15.855,28.8541,0,38.9883,0,6.93019,60.2193,14.1006,9.50163,5.97016,
mu: 
srcDuals: 
lambda: 0,0,14.4935,16.6911,20.2515,10.6022,2.2674,18.9249,20.9494,32.6787,5.0638,36.9909,36.569,12.987,13.7107,20.7281,12.7787,17.624,8.79392,21.9758,8.72942,1.86898,19.48,26.1063,36.0463,9.89184,33.1796,23.7254,2.64803,48.8509,26.1787,19.6463,6.34236,
mu: 
srcDuals: 
fixing. lower bound used: 589.902
fixed path dual: 12.6125
best alpha: 0.02
0:0
1:0.0548755
2:0.0567272
3:0.0258886
4:0.0145745
5:-0.01417
6:-0.0247036
7:-0.0192545
8:-0.00474055
9:0.0176247
10:-0.0390844
11:-0.00537455
12:-0.00654543
13:0.0464644
14:-0.013542
15:-0.0391385
16:-0.00242415
17:-0.0178063
18:-0.0270607
19:0.0120362
20:-0.108312
21:0.00798315
22:0.0173401
23:-0.00910239
24:0.00250659
25:-0.0485115
26:0.0322433
27:-0.0821729
28:0.0260502
29:0.0729413
30:-0.0160349
31:-0.00869776
32:0.00838752
alpha: 272.539
lagLB: 593.356
stepSizeMultiplier: 0.382657
targetLowerBound: 658.591
||gamma||^2: 0.0440329
lambda: 0,6.53286,21.3733,17.7941,19.2352,4.20155,0,11.5718,16.3151,32.2338,0,35.9842,46.5821,17.9443,7.42766,9.65029,8.57823,10.5422,0,20.484,0,10.8572,18.9817,20.6549,32.7695,0,35.473,4.58643,7.52775,58.7679,19.4287,14.2707,7.91351,
mu: 
srcDuals: 
lambda: 0,0,14.4935,16.6911,20.2515,10.6022,2.2674,18.9249,20.9494,32.6787,5.0638,36.9909,36.569,12.987,13.7107,20.7281,12.7787,17.624,8.79392,21.9758,8.72942,1.86898,19.48,26.1063,36.0463,9.89184,33.1796,23.7254,2.64803,48.8509,26.1787,19.6463,6.34236,
mu: 
srcDuals: 
fixing. lower bound used: 481.723
percent fixed: 3.08326
fixing. lower bound used: 589.902
fixed path dual: -17.5193
best alpha: 0.01
0:0
1:0.0643267
2:0.0461599
3:-0.16437
4:-0.155571
5:-0.0240283
6:-0.0144566
7:-0.00906194
8:-0.0246931
9:0.0174484
10:-0.0286935
11:0.00467919
12:0.00352002
13:0.0559998
14:-0.0034066
15:-0.0287471
16:0.0076001
17:-0.00762825
18:-0.01679
19:0.0219158
20:-0.0972285
21:0.0179033
22:0.0071667
23:0.000988632
24:0.0124815
25:-0.0380264
26:0.0119209
27:-0.0713512
28:0.0357897
29:0.0822119
30:-0.00587454
31:0.00138922
32:0.0183036
alpha: 133.262
lagLB: 491.022
stepSizeMultiplier: 0.382657
targetLowerBound: 658.591
||gamma||^2: 0.0900534
lambda: 0,14.9557,29.9539,23.7467,24.2236,6.74038,0,13.6773,19.6575,37.4822,0,35.5262,34.7851,25.6504,10.02,10.0613,12.118,12.7711,1.41883,25.2561,0,4.0447,24.2059,23.6256,36.7295,0,41.9672,1.33006,9.74775,68.7303,21.8086,17.2758,8.6283,
mu: 
srcDuals: 
lambda: 0,0,14.4935,16.6911,20.2515,10.6022,2.2674,18.9249,20.9494,32.6787,5.0638,36.9909,36.569,12.987,13.7107,20.7281,12.7787,17.624,8.79392,21.9758,8.72942,1.86898,19.48,26.1063,36.0463,9.89184,33.1796,23.7254,2.64803,48.8509,26.1787,19.6463,6.34236,
mu: 
srcDuals: 
fixing. lower bound used: 589.902
fixed path dual: 4.64564
best alpha: 0.01
0:0
1:0.0736834
2:0.0556983
3:-0.152727
4:-0.144016
5:-0.013788
6:-0.00431202
7:-0.0389713
8:-0.0144462
9:0.0272739
10:-0.0184066
11:-0.0153676
12:0.0134848
13:0.0354398
14:-0.0233725
15:-0.0184596
16:0.0175241
17:-0.037552
18:-0.0166221
19:0.00169664
20:-0.0862562
21:0.0277243
22:0.017095
23:0.0109787
24:0.0223567
25:-0.0276461
26:0.0218017
27:-0.0606377
28:0.0354318
29:0.0613898
30:0.0041842
31:0.0113753
32:0.0181206
alpha: 150.553
lagLB: 587.24
stepSizeMultiplier: 0.382657
targetLowerBound: 658.591
||gamma||^2: 0.079711
lambda: 0,8.57231,20.6449,0,0,7.40019,0.340882,17.7173,17.6588,35.0039,1.24004,37.6145,37.0381,20.4496,13.2568,16.8972,13.7915,16.6075,6.55645,24.8963,0,4.25481,20.435,26.2381,37.7096,4.82437,34.7682,14.217,7.41744,59.8067,25.3959,19.8315,8.78155,
mu: 
srcDuals: 
lambda: 0,0,14.4935,16.6911,20.2515,10.6022,2.2674,18.9249,20.9494,32.6787,5.0638,36.9909,36.569,12.987,13.7107,20.7281,12.7787,17.624,8.79392,21.9758,8.72942,1.86898,19.48,26.1063,36.0463,9.89184,33.1796,23.7254,2.64803,48.8509,26.1787,19.6463,6.34236,
mu: 
srcDuals: 
fixing. lower bound used: 454.251
percent fixed: 3.07967
fixing. lower bound used: 589.902
fixed path dual: 4.11014
best alpha: 0.01
0:0
1:0.0829466
2:0.0451413
3:-0.141199
4:-0.132575
5:-0.0136501
6:-0.0042689
7:-0.0385816
8:-0.00430175
9:0.0170012
10:-0.00822254
11:-0.00521392
12:0.02335
13:0.0350854
14:-0.0131388
15:-0.018275
16:0.0273489
17:-0.0271765
18:-0.00645593
19:0.0116797
20:-0.0753936
21:0.037447
22:-0.00307591
23:-0.029131
24:-0.0378669
25:-0.0173696
26:-0.00841637
27:-0.0500313
28:0.0350775
29:0.0707759
30:0.0141424
31:-0.0287384
32:0.0179394
alpha: 165.949
lagLB: 590.707
stepSizeMultiplier: 0.382657
targetLowerBound: 658.591
||gamma||^2: 0.0723157
lambda: 0,11.0932,22.8791,0,0,8.52643,1.61821,13.0577,18.7745,36.7849,2.29264,34.6773,38.5992,18.3225,10.1919,17.9489,15.417,11.9705,6.29142,22.2312,0,6.04294,22.0537,27.7592,39.4122,5.72965,36.4619,14.5963,7.98239,58.0933,26.8087,21.3589,9.07047,
mu: 
srcDuals: 
lambda: 0,0,14.4935,16.6911,20.2515,10.6022,2.2674,18.9249,20.9494,32.6787,5.0638,36.9909,36.569,12.987,13.7107,20.7281,12.7787,17.624,8.79392,21.9758,8.72942,1.86898,19.48,26.1063,36.0463,9.89184,33.1796,23.7254,2.64803,48.8509,26.1787,19.6463,6.34236,
mu: 
srcDuals: 
fixing. lower bound used: 588.676
percent fixed: 3.64858
fixing. lower bound used: 589.902
fixed path dual: 8.87718
best alpha: 0.02
0:0
1:0.0412877
2:0.0642385
3:-0.118375
4:-0.109924
5:0.00662291
6:-0.00418352
7:-0.01781
8:0.0157843
9:0.0366612
10:-0.00805809
11:-0.00510965
12:0.042883
13:0.0143837
14:-0.072876
15:0.00209048
16:0.00680188
17:-0.0266329
18:-0.00632681
19:0.0114461
20:-0.0538858
21:0.0566981
22:0.0169856
23:-0.00854842
24:-0.0171095
25:-0.0570222
26:0.011752
27:-0.0290307
28:0.014376
29:0.0693604
30:-0.00614049
31:-0.00816366
32:0.0175806
alpha: 204.393
lagLB: 611.628
stepSizeMultiplier: 0.382657
targetLowerBound: 658.591
||gamma||^2: 0.0587138
lambda: 0,13.7649,21.9847,0,0,8.33703,1.55898,12.5224,20.2356,35.5001,3.69928,36.1257,40.4439,18.8093,11.5304,17.6954,17.3172,13.1142,7.72257,23.914,0,8.08326,18.9695,21.2721,29.7624,7.00937,31.7829,15.4228,8.4691,60.5961,28.5256,14.8772,9.31938,
mu: 
srcDuals: 
lambda: 0,0,14.4935,16.6911,20.2515,10.6022,2.2674,18.9249,20.9494,32.6787,5.0638,36.9909,36.569,12.987,13.7107,20.7281,12.7787,17.624,8.79392,21.9758,8.72942,1.86898,19.48,26.1063,36.0463,9.89184,33.1796,23.7254,2.64803,48.8509,26.1787,19.6463,6.34236,
mu: 
srcDuals: 
fixing. lower bound used: 582.447
percent fixed: 3.37481
fixing. lower bound used: 589.902
fixed path dual: -10.8678
best alpha: 0.01
0:0
1:0.0508748
2:-0.0664039
3:-0.107192
4:-0.0988246
5:-0.00344332
6:-0.00414169
7:-0.0276319
8:0.0256264
9:-0.0837054
10:-0.00797751
11:0.00494145
12:0.0524541
13:0.0242399
14:-0.0621473
15:-0.0479304
16:0.0167339
17:-0.0163666
18:0.00373646
19:0.0213316
20:-0.0433469
21:0.0661311
22:0.0268157
23:0.00153706
24:-0.00693843
25:-0.046452
26:0.0216344
27:-0.0187404
28:0.0242322
29:0.0786668
30:0.00392092
31:0.00191798
32:0.0274048
alpha: 185.03
lagLB: 511.943
stepSizeMultiplier: 0.382657
targetLowerBound: 658.591
||gamma||^2: 0.0648581
lambda: 0,8.43891,27.6234,0,0,11.9559,1.41231,15.2847,24.1756,40.172,3.41678,35.9466,45.334,15.9269,0,21.1554,14.169,12.1805,7.50077,24.3153,0,13.4577,22.9517,24.3591,32.5493,0,35.5816,17.7918,5.58638,63.0277,24.9236,17.9777,9.93572,
mu: 
srcDuals: 
lambda: 0,0,14.4935,16.6911,20.2515,10.6022,2.2674,18.9249,20.9494,32.6787,5.0638,36.9909,36.569,12.987,13.7107,20.7281,12.7787,17.624,8.79392,21.9758,8.72942,1.86898,19.48,26.1063,36.0463,9.89184,33.1796,23.7254,2.64803,48.8509,26.1787,19.6463,6.34236,
mu: 
srcDuals: 
fixing. lower bound used: 589.902
fixed path dual: 5.4081
best alpha: 0.01
0:0
1:0.0603661
2:-0.0557398
3:-0.0961197
4:-0.0878364
5:0.00659111
6:0.00589973
7:-0.0473556
8:0.0353702
9:-0.0728684
10:-0.0278977
11:-0.025108
12:0.0619296
13:0.0339975
14:-0.0515258
15:-0.0374511
16:0.0265665
17:-0.0462029
18:0.00369909
19:-0.00888169
20:-0.0329134
21:0.0754698
22:0.0365476
23:0.0115217
24:0.00313096
25:-0.0359875
26:0.0314181
27:-0.00855298
28:0.0239899
29:0.0478801
30:0.0138817
31:0.0118988
32:0.0271308
alpha: 198.266
lagLB: 587.388
stepSizeMultiplier: 0.382657
targetLowerBound: 658.591
||gamma||^2: 0.0605282
lambda: 0,9.41337,2.20683,0,1.96596,9.96513,1.50106,13.8122,25.6911,17.1907,3.58772,37.9053,46.2746,17.4721,2.21162,11.8595,15.875,14.5957,9.48528,25.9227,0.708942,14.1052,24.4417,26.3907,34.7625,1.29682,37.1826,20.2579,7.13172,63.4067,26.9042,20.0012,11.4131,
mu: 
srcDuals: 
lambda: 0,0,14.4935,16.6911,20.2515,10.6022,2.2674,18.9249,20.9494,32.6787,5.0638,36.9909,36.569,12.987,13.7107,20.7281,12.7787,17.624,8.79392,21.9758,8.72942,1.86898,19.48,26.1063,36.0463,9.89184,33.1796,23.7254,2.64803,48.8509,26.1787,19.6463,6.34236,
mu: 
srcDuals: 
fixing. lower bound used: 489.732
percent fixed: 3.11031
fixing. lower bound used: 589.902
fixed path dual: -1.58146
best alpha: 0.01
0:0
1:0.0597624
2:-0.0451824
3:-0.0851585
4:-0.076958
5:-0.0334748
6:0.0158407
7:-0.036882
8:0.0350165
9:-0.0621397
10:-0.0176188
11:-0.0148569
12:0.0713103
13:0.0136575
14:-0.0410105
15:-0.0270766
16:0.0263009
17:-0.0357409
18:0.0136621
19:0.00120712
20:-0.0225843
21:0.0847151
22:-0.00381789
23:-0.0285935
24:-0.0369004
25:-0.0256276
26:-0.00889608
27:-0.0184674
28:0.01375
29:0.0574013
30:0.0137429
31:-0.0182202
32:0.0368595
alpha: 225.142
lagLB: 556.893
stepSizeMultiplier: 0.382657
targetLowerBound: 658.591
||gamma||^2: 0.0533028
lambda: 0,11.9685,3.44221,0,2.83649,11.909,3.43711,9.53591,27.9622,18.2314,0,32.0129,48.8475,19.7275,3.49491,13.3028,18.046,8.46357,9.52733,20.2148,2.2038,16.8321,26.7261,28.3907,36.6671,2.75673,39.4088,22.0297,7.40441,58.344,28.931,22.0055,11.7215,
mu: 
srcDuals: 
lambda: 0,0,14.4935,16.6911,20.2515,10.6022,2.2674,18.9249,20.9494,32.6787,5.0638,36.9909,36.569,12.987,13.7107,20.7281,12.7787,17.624,8.79392,21.9758,8.72942,1.86898,19.48,26.1063,36.0463,9.89184,33.1796,23.7254,2.64803,48.8509,26.1787,19.6463,6.34236,
mu: 
srcDuals: 
fixing. lower bound used: 583.359
percent fixed: 3.48455
fixing. lower bound used: 589.902
fixed path dual: -0.217295
best alpha: 0.02
0:0
1:0.0785671
2:-0.0242788
3:-0.0634553
4:-0.0554188
5:-0.0128053
6:0.0355239
7:-0.0161444
8:0.0543161
9:-0.0408969
10:-0.0572664
11:0.00544025
12:0.0298841
13:0.0333843
14:-0.0201903
15:-0.00653508
16:0.0257748
17:-0.0150261
18:0.0333889
19:0.021183
20:-0.00213262
21:-0.0169792
22:0.0162585
23:-0.00802165
24:-0.0161623
25:-0.00511507
26:0.0112818
27:-0.0180981
28:0.013475
29:0.0762533
30:0.013468
31:0.00214421
32:-0.0438777
alpha: 316.966
lagLB: 543.83
stepSizeMultiplier: 0.382657
targetLowerBound: 658.591
||gamma||^2: 0.0378612
lambda: 0,13.455,4.32107,0,2.92499,3.06566,5.83381,10.6212,28.8331,18.6885,1.09707,33.646,52.6239,16.0618,4.47753,14.632,18.7001,9.57726,11.8698,22.2475,3.64474,20.9419,18.6204,19.6687,27.7385,4.12198,31.1767,19.5676,5.74373,61.7744,29.2728,15.5442,14.641,
mu: 
srcDuals: 
lambda: 0,0,14.4935,16.6911,20.2515,10.6022,2.2674,18.9249,20.9494,32.6787,5.0638,36.9909,36.569,12.987,13.7107,20.7281,12.7787,17.624,8.79392,21.9758,8.72942,1.86898,19.48,26.1063,36.0463,9.89184,33.1796,23.7254,2.64803,48.8509,26.1787,19.6463,6.34236,
mu: 
srcDuals: 
fixing. lower bound used: 589.902
fixed path dual: -36.1573
best alpha: 0.01
0:0
1:-0.0122185
2:-0.014036
3:-0.0528208
4:-0.0448647
5:-0.00267725
6:-0.0948313
7:-0.0159829
8:0.063773
9:-0.0304879
10:-0.0466937
11:0.0153859
12:0.0395853
13:0.0130505
14:-0.0199884
15:0.00353028
16:0.0355171
17:-0.00487582
18:-0.036945
19:0.0209712
20:0.00788871
21:-0.0068094
22:0.0260959
23:0.00205856
24:-0.00600072
25:0.00493608
26:0.021169
27:-0.00791712
28:0.0233402
29:0.0854907
30:0.0233334
31:0.0121228
32:-0.033439
alpha: 316.338
lagLB: 406.275
stepSizeMultiplier: 0.382657
targetLowerBound: 658.591
||gamma||^2: 0.0379363
lambda: 0,24.9031,6.79799,0,2.6856,6.54341,13.5273,13.8077,38.1658,19.7158,0,38.7153,46.0412,23.5687,7.31109,18.6567,20.9485,12.8613,19.3771,28.69,8.05345,0,24.6334,23.5637,30.9234,8.27053,36.7556,17.989,6.91914,73.0206,30.4476,20.326,0,
mu: 
srcDuals: 
lambda: 0,0,14.4935,16.6911,20.2515,10.6022,2.2674,18.9249,20.9494,32.6787,5.0638,36.9909,36.569,12.987,13.7107,20.7281,12.7787,17.624,8.79392,21.9758,8.72942,1.86898,19.48,26.1063,36.0463,9.89184,33.1796,23.7254,2.64803,48.8509,26.1787,19.6463,6.34236,
mu: 
srcDuals: 
fixing. lower bound used: 589.902
fixed path dual: -21.6354
best alpha: 0.01
0:0
1:-0.00209634
2:-0.00389563
3:-0.0422925
4:-0.034416
5:-0.00265048
6:-0.083883
7:-0.00582308
8:0.0531353
9:-0.0201831
10:-0.0362268
11:0.025232
12:0.0491894
13:0.02292
14:-0.00978854
15:0.013495
16:-0.0748381
17:0.00517294
18:-0.0265756
19:0.0307614
20:0.0178098
21:0.0032587
22:0.0258349
23:0.012038
24:0.00405928
25:-0.0551133
26:0.0109573
27:-0.0878379
28:0.0231068
29:0.0946358
30:-0.0469
31:0.0120015
32:-0.0231046
alpha: 239.319
lagLB: 495.468
stepSizeMultiplier: 0.382657
targetLowerBound: 658.591
||gamma||^2: 0.0501452
lambda: 0,0,10.0534,0,6.05908,9.75533,0,13.8689,41.1233,23.0342,0,41.8581,49.0913,17.1153,7.38763,21.8449,24.0141,16.0816,0,28.6097,11.2249,0,27.7351,26.7575,34.1481,11.4533,39.8762,21.2209,10.0314,75.8949,33.5599,23.4812,0,
mu: 
srcDuals: 
lambda: 0,0,14.4935,16.6911,20.2515,10.6022,2.2674,18.9249,20.9494,32.6787,5.0638,36.9909,36.569,12.987,13.7107,20.7281,12.7787,17.624,8.79392,21.9758,8.72942,1.86898,19.48,26.1063,36.0463,9.89184,33.1796,23.7254,2.64803,48.8509,26.1787,19.6463,6.34236,
mu: 
srcDuals: 
fixing. lower bound used: 589.902
fixed path dual: -16.1224
best alpha: 0.01
0:0
1:0.00792462
2:0.00614332
3:-0.0318696
4:-0.0240719
5:0.00737603
6:-0.0730442
7:-0.0257649
8:0.0626039
9:-0.00998122
10:-0.0358645
11:-0.0250203
12:0.0586975
13:0.0326908
14:-0.0396907
15:0.02336
16:-0.0640897
17:-0.0348788
18:-0.0163098
19:-0.00954617
20:0.0276317
21:0.0132261
22:0.0355766
23:0.0219176
24:0.0140187
25:-0.0445621
26:0.0208478
27:-0.0769596
28:0.0328758
29:0.0336895
30:-0.036431
31:0.0218815
32:-0.0128735
alpha: 289.812
lagLB: 484.004
stepSizeMultiplier: 0.382657
targetLowerBound: 658.591
||gamma||^2: 0.0414086
lambda: 0,0,13.5612,6.56966,12.0151,9.96794,0,17.5313,33.6657,27.8486,0,43.0294,48.3409,18.4721,11.3682,23.9577,0,18.862,2.43389,29.3375,12.9916,2.64884,25.6628,28.9872,37.0178,0,35.8019,2.70416,8.17793,71.4991,14.9547,22.5185,0.813007,
mu: 
srcDuals: 
lambda: 0,0,14.4935,16.6911,20.2515,10.6022,2.2674,18.9249,20.9494,32.6787,5.0638,36.9909,36.569,12.987,13.7107,20.7281,12.7787,17.624,8.79392,21.9758,8.72942,1.86898,19.48,26.1063,36.0463,9.89184,33.1796,23.7254,2.64803,48.8509,26.1787,19.6463,6.34236,
mu: 
srcDuals: 
fixing. lower bound used: 589.902
fixed path dual: -25.5136
best alpha: 0.01
0:0
1:0.0178454
2:0.0160819
3:-0.0215509
4:-0.0238311
5:-0.00269773
6:-0.0623137
7:-0.0155072
8:0.0319779
9:0.000118592
10:-0.0255059
11:-0.0147701
12:0.0681105
13:0.0323639
14:-0.0292937
15:0.0331264
16:-0.0534488
17:-0.02453
18:-0.00614672
19:0.000549287
20:0.0373554
21:0.0230938
22:-0.0347792
23:-0.0383016
24:-0.0461215
25:-0.0341165
26:-0.0193607
27:-0.06619
28:0.032547
29:0.0433526
30:-0.0260667
31:-0.0383373
32:-0.00274479
alpha: 328.624
lagLB: 426.026
stepSizeMultiplier: 0.382657
targetLowerBound: 658.591
||gamma||^2: 0.036518
lambda: 0,2.29665,16.2739,7.45486,13.2752,12.7399,0,11.458,39.0928,29.7861,0,29.7398,53.5802,22.4611,2.20791,27.4981,0,7.51575,4.06714,19.2092,16.7374,5.70206,29.7905,32.4583,40.1091,0,39.2215,1.42162,12.1758,58.6146,15.6206,25.9879,2.61146,
mu: 
srcDuals: 
lambda: 0,0,14.4935,16.6911,20.2515,10.6022,2.2674,18.9249,20.9494,32.6787,5.0638,36.9909,36.569,12.987,13.7107,20.7281,12.7787,17.624,8.79392,21.9758,8.72942,1.86898,19.48,26.1063,36.0463,9.89184,33.1796,23.7254,2.64803,48.8509,26.1787,19.6463,6.34236,
mu: 
srcDuals: 
fixing. lower bound used: 589.902
fixed path dual: -13.2648
best alpha: 0.01
0:0
1:0.0276669
2:-0.00407893
3:-0.0213354
4:-0.0135928
5:-0.0126708
6:-0.0516906
7:-0.0153521
8:0.0316581
9:-0.0998826
10:-0.0152508
11:-0.00462242
12:0.0774294
13:0.0220402
14:-0.0190008
15:-0.0172048
16:-0.0429143
17:-0.0142847
18:0.00391474
19:0.0105438
20:-0.143018
21:0.0328629
22:-0.0244314
23:-0.0279186
24:-0.0356603
25:-0.0237754
26:-0.00916711
27:-0.0555281
28:0.0422215
29:0.0529191
30:-0.015806
31:-0.0279539
32:0.00728266
alpha: 204.736
lagLB: 452.963
stepSizeMultiplier: 0.382657
targetLowerBound: 658.591
||gamma||^2: 0.0586155
lambda: 0,5.86443,19.7784,9.6089,12.42,9.71571,0,13.8289,31.4581,32.7177,0,32.1371,58.9518,23.6225,4.08409,31.6142,0,9.56289,6.77396,22.1563,21.0053,9.45818,8.0507,13.5195,20.8897,0,26.8172,1.97379,13.3438,63.0977,17.6126,7.04776,5.44036,
mu: 
srcDuals: 
lambda: 0,0,14.4935,16.6911,20.2515,10.6022,2.2674,18.9249,20.9494,32.6787,5.0638,36.9909,36.569,12.987,13.7107,20.7281,12.7787,17.624,8.79392,21.9758,8.72942,1.86898,19.48,26.1063,36.0463,9.89184,33.1796,23.7254,2.64803,48.8509,26.1787,19.6463,6.34236,
mu: 
srcDuals: 
fixing. lower bound used: 589.902
fixed path dual: 8.02838
best alpha: 0.02
0:0
1:0.0471136
2:0.0160027
3:-0.000908707
4:0.00667904
5:0.00758266
6:-0.0306568
7:0.00495491
8:0.0510249
9:-0.0778849
10:-0.0149458
11:0.01547
12:0.0158808
13:0.0415994
14:-0.0186208
15:0.00313926
16:-0.022056
17:-0.013999
18:0.0238364
19:0.0303329
20:-0.120158
21:0.0322057
22:-0.00394277
23:-0.00736019
24:-0.0149471
25:-0.00329985
26:0.0110162
27:-0.0344175
28:0.0213771
29:0.0718607
30:0.00451012
31:-0.00739484
32:-0.032863
alpha: 292.369
lagLB: 584.661
stepSizeMultiplier: 0.382657
targetLowerBound: 658.591
||gamma||^2: 0.0410464
lambda: 0,5.66442,13.6584,12.3229,17.4685,8.00809,0,15.7818,27.431,12.2292,1.94141,36.0446,52.4216,17.4994,9.82058,17.2056,3.9926,14.6995,9.59541,24.1344,0,8.5972,14.478,20.3904,28.7454,5.02416,31.3028,12.3568,11.2923,59.6854,22.9427,13.9231,7.83339,
mu: 
srcDuals: 
lambda: 0,0,14.4935,16.6911,20.2515,10.6022,2.2674,18.9249,20.9494,32.6787,5.0638,36.9909,36.569,12.987,13.7107,20.7281,12.7787,17.624,8.79392,21.9758,8.72942,1.86898,19.48,26.1063,36.0463,9.89184,33.1796,23.7254,2.64803,48.8509,26.1787,19.6463,6.34236,
mu: 
srcDuals: 
fixing. lower bound used: 456.902
percent fixed: 3.14319
fixing. lower bound used: 589.902
fixed path dual: -16.6599
best alpha: 0.01
0:0
1:0.0566424
2:0.0258426
3:0.00910038
4:-0.00338775
5:-0.00249317
6:-0.0203502
7:-0.0350946
8:0.0405147
9:-0.0671061
10:-0.0147963
11:-0.0146847
12:0.025722
13:0.0411834
14:-0.00843459
15:0.0131079
16:-0.0118355
17:-0.013859
18:-0.0164019
19:-0.00997041
20:-0.108956
21:0.0418836
22:0.00609666
23:0.00271341
24:-0.00479761
25:0.00673314
26:0.0109061
27:-0.0240733
28:0.0311633
29:0.0411421
30:0.014465
31:0.00267911
32:-0.0225344
alpha: 360.078
lagLB: 523.509
stepSizeMultiplier: 0.382657
targetLowerBound: 658.591
||gamma||^2: 0.033328
lambda: 0,13.7746,19.1722,16.4254,22.2042,12.8192,0,20.3736,35.8676,9.90758,0.694111,41.5139,41.212,25.1494,8.26659,21.6459,6.33021,13.5312,15.763,30.8442,0,11.2849,18.3272,23.9544,31.6763,8.92706,36.4004,13.6628,8.89804,69.8608,27.4973,17.4843,0,
mu: 
srcDuals: 
lambda: 0,0,14.4935,16.6911,20.2515,10.6022,2.2674,18.9249,20.9494,32.6787,5.0638,36.9909,36.569,12.987,13.7107,20.7281,12.7787,17.624,8.79392,21.9758,8.72942,1.86898,19.48,26.1063,36.0463,9.89184,33.1796,23.7254,2.64803,48.8509,26.1787,19.6463,6.34236,
mu: 
srcDuals: 
fixing. lower bound used: 589.902
fixed path dual: -22.4388
best alpha: 0.01
0:0
1:0.066076
2:-0.0244158
3:-0.110991
4:-0.00335388
5:-0.0224682
6:-0.0101467
7:-0.0247437
8:-0.0698905
9:-0.056435
10:-0.00464837
11:-0.00453783
12:0.0354648
13:0.0307716
14:0.00164976
15:-0.0470232
16:-0.00171712
17:-0.00372043
18:-0.0062379
19:0.000129293
20:-0.0978666
21:0.0514648
22:0.00603569
23:0.0126863
24:0.00525037
25:0.0166658
26:0.000797005
27:-0.0138326
28:0.0408517
29:0.0507306
30:0.0243204
31:0.0126523
32:-0.012309
alpha: 244.09
lagLB: 486.544
stepSizeMultiplier: 0.382657
targetLowerBound: 658.591
||gamma||^2: 0.0491651
lambda: 0,20.3957,23.7989,19.9679,19.0316,9.70451,0,6.28811,35.5379,8.5153,0,31.7033,45.8309,27.8162,10.6736,25.4479,8.51702,12.6337,2.88795,18.3856,0,16.9503,21.6753,27.0834,34.3188,12.3163,37.1067,15.0571,13.8693,63.6653,31.3872,20.611,0,
mu: 
srcDuals: 
lambda: 0,0,14.4935,16.6911,20.2515,10.6022,2.2674,18.9249,20.9494,32.6787,5.0638,36.9909,36.569,12.987,13.7107,20.7281,12.7787,17.624,8.79392,21.9758,8.72942,1.86898,19.48,26.1063,36.0463,9.89184,33.1796,23.7254,2.64803,48.8509,26.1787,19.6463,6.34236,
mu: 
srcDuals: 
fixing. lower bound used: 589.902
fixed path dual: -2.21553
best alpha: 0.01
0:0
1:0.0654153
2:-0.0141716
3:-0.0998807
4:0.00667966
5:-0.0122436
6:-4.5252e-05
7:-0.0144963
8:-0.0591916
9:-0.0458707
10:-0.00460188
11:0.00550755
12:0.0451102
13:0.0304639
14:-0.00836674
15:-0.036553
16:-0.0516999
17:0.00631678
18:-0.00617552
19:0.010128
20:-0.086888
21:0.0609501
22:0.0159753
23:0.0225594
24:0.0151979
25:-0.0835008
26:0.010789
27:-0.0536943
28:0.0204432
29:0.0602233
30:-0.0459228
31:0.0225258
32:-0.00218593
alpha: 211.877
lagLB: 560.491
stepSizeMultiplier: 0.382657
targetLowerBound: 658.591
||gamma||^2: 0.05664
lambda: 0,16.1285,8.53389,0,19.4328,5.11799,0,12.8852,3.8899,18.9035,3.92918,35.8833,45.2256,20.498,14.1134,9.25021,12.3596,16.7159,7.27132,22.0073,0,14.431,20.9532,29.2029,37.3279,13.9598,33.3742,20.349,12.6195,61.2338,32.1151,22.7346,3.33786,
mu: 
srcDuals: 
lambda: 0,0,14.4935,16.6911,20.2515,10.6022,2.2674,18.9249,20.9494,32.6787,5.0638,36.9909,36.569,12.987,13.7107,20.7281,12.7787,17.624,8.79392,21.9758,8.72942,1.86898,19.48,26.1063,36.0463,9.89184,33.1796,23.7254,2.64803,48.8509,26.1787,19.6463,6.34236,
mu: 
srcDuals: 
fixing. lower bound used: 439.152
percent fixed: 3.1292
fixing. lower bound used: 589.902
fixed path dual: -0.940346
best alpha: 0.01
0:0
1:0.0747611
2:-0.00402993
3:-0.0888819
4:0.0166129
5:-0.0221211
6:0.0099552
7:-0.0143513
8:-0.0485997
9:-0.035412
10:-0.0245559
11:-0.00454752
12:0.0546591
13:0.0201593
14:-0.00828307
15:-0.0261875
16:-0.0411829
17:-0.00374639
18:0.00388624
19:2.67202e-05
20:-0.0760191
21:0.0703406
22:-0.00418442
23:-0.0176662
24:-0.0349541
25:-0.0726658
26:-0.0193189
27:-0.0431573
28:0.0202387
29:0.0496211
30:-0.0354636
31:-0.0276995
32:0.00783593
alpha: 242.726
lagLB: 554.945
stepSizeMultiplier: 0.382657
targetLowerBound: 658.591
||gamma||^2: 0.0494414
lambda: 0,13.86,11.4909,0,21.6667,8.00812,2.25781,15.8535,8.40812,22.9598,4.08877,38.1579,46.1268,19.4416,11.938,12.9834,1.82469,18.9624,7.48548,24.1216,0,14.7829,22.8648,30.8861,39.2664,0,35.4656,12.3489,6.97947,61.6109,16.4487,24.419,5.87922,
mu: 
srcDuals: 
lambda: 0,0,14.4935,16.6911,20.2515,10.6022,2.2674,18.9249,20.9494,32.6787,5.0638,36.9909,36.569,12.987,13.7107,20.7281,12.7787,17.624,8.79392,21.9758,8.72942,1.86898,19.48,26.1063,36.0463,9.89184,33.1796,23.7254,2.64803,48.8509,26.1787,19.6463,6.34236,
mu: 
srcDuals: 
fixing. lower bound used: 589.902
fixed path dual: 2.43463
best alpha: 0.02
0:0
1:-0.00673411
2:0.0160507
3:-0.0671043
4:0.0362806
5:-0.00167869
6:-0.0102439
7:-0.0140643
8:-0.0276277
9:-0.0147037
10:-0.0240647
11:0.0155434
12:0.0135659
13:-0.0202439
14:-0.0281174
15:-0.0056637
16:-0.0203593
17:0.0163285
18:-0.0161915
19:0.0200262
20:-0.0544987
21:0.0289338
22:0.0158993
23:0.00268714
24:-0.014255
25:-0.0512125
26:0.00106752
27:-0.0222942
28:0.039834
29:0.0686287
30:-0.0147543
31:-0.00714547
32:0.0276792
alpha: 467.564
lagLB: 545.762
stepSizeMultiplier: 0.382657
targetLowerBound: 658.591
||gamma||^2: 0.0256664
lambda: 0,18.1464,13.5154,0,24.2838,5.23289,4.68378,15.4415,9.15306,24.0833,0,35.8871,49.8361,17.8801,11.7002,14.3717,2.78256,16.7147,9.73721,21.9822,0,18.9424,18.4643,21.8183,27.5621,0,28.4904,13.25,7.56049,60.8953,17.5708,12.923,8.24435,
mu: 
srcDuals: 
lambda: 0,0,14.4935,16.6911,20.2515,10.6022,2.2674,18.9249,20.9494,32.6787,5.0638,36.9909,36.569,12.987,13.7107,20.7281,12.7787,17.624,8.79392,21.9758,8.72942,1.86898,19.48,26.1063,36.0463,9.89184,33.1796,23.7254,2.64803,48.8509,26.1787,19.6463,6.34236,
mu: 
srcDuals: 
fixing. lower bound used: 589.902
fixed path dual: -36.014
best alpha: 0.01
0:0
1:0.00333323
2:0.0258902
3:-0.0564332
4:0.0459178
5:0.00833809
6:-0.000141464
7:-0.0139236
8:-0.0173514
9:-0.0045567
10:-0.0338241
11:-0.034612
12:0.0234302
13:-0.0100415
14:-0.0178362
15:0.00439293
16:-0.0101557
17:-0.0438347
18:-0.00602957
19:-0.000174076
20:-0.0439537
21:0.0386445
22:0.0257403
23:0.0126603
24:-0.00411248
25:-0.0407004
26:0.0110568
27:-0.0120712
28:0.0394356
29:-0.0020576
30:-0.0046068
31:0.00292598
32:0.0174024
alpha: 395.396
lagLB: 372.665
stepSizeMultiplier: 0.252554
targetLowerBound: 658.591
||gamma||^2: 0.0200317
lambda: 0,0,21.9983,0,37.215,9.81735,0,12.349,8.03173,25.8038,0,44.2585,42.9119,3.52162,0.564035,18.0799,3.25944,25.2587,1.22336,31.3393,0,15.3974,26.9139,27.3627,29.3812,0,33.6788,13.3015,21.273,80.9393,19.2801,16.3054,19.2842,
mu: 
srcDuals: 
lambda: 0,0,14.4935,16.6911,20.2515,10.6022,2.2674,18.9249,20.9494,32.6787,5.0638,36.9909,36.569,12.987,13.7107,20.7281,12.7787,17.624,8.79392,21.9758,8.72942,1.86898,19.48,26.1063,36.0463,9.89184,33.1796,23.7254,2.64803,48.8509,26.1787,19.6463,6.34236,
mu: 
srcDuals: 
fixing. lower bound used: 589.902
fixed path dual: -25.4392
best alpha: 0.01
0:0
1:0.0132999
2:0.0356313
3:-0.0458689
4:-0.0845414
5:-0.00174529
6:0.00985995
7:-0.00378439
8:-0.0471779
9:0.00548887
10:-0.0234859
11:-0.0242659
12:0.0331959
13:5.89243e-05
14:-0.00765787
15:0.014349
16:-5.41359e-05
17:-0.0333964
18:0.00403072
19:0.00982766
20:-0.0335142
21:0.048258
22:-0.0645171
23:0.00253367
24:-0.00407135
25:-0.0302934
26:-0.0290537
27:-0.00195053
28:0.0490413
29:0.00796298
30:0.00543927
31:0.00289672
32:0.0272284
alpha: 268.908
lagLB: 424.472
stepSizeMultiplier: 0.252554
targetLowerBound: 658.591
||gamma||^2: 0.0294541
lambda: 0,1.31795,24.7304,0,38.4072,13.8991,2.21146,13.4196,14.0888,30.877,0,23.3055,45.8332,9.0166,6.65836,22.465,8.76319,0.291966,6.40986,21.9069,0,17.1488,29.6576,31.1121,34.4203,0,37.5514,18.9525,18.2407,48.0374,24.3572,20.8032,13.2232,
mu: 
srcDuals: 
lambda: 0,0,14.4935,16.6911,20.2515,10.6022,2.2674,18.9249,20.9494,32.6787,5.0638,36.9909,36.569,12.987,13.7107,20.7281,12.7787,17.624,8.79392,21.9758,8.72942,1.86898,19.48,26.1063,36.0463,9.89184,33.1796,23.7254,2.64803,48.8509,26.1787,19.6463,6.34236,
mu: 
srcDuals: 
fixing. lower bound used: 589.902
fixed path dual: -1.37147
best alpha: 0.01
0:0
1:0.0231669
2:-0.0347251
3:-0.0354102
4:-0.073696
5:-0.00172784
6:-0.000238649
7:-0.0537465
8:-0.0367061
9:-0.024566
10:-0.013251
11:-0.0140232
12:0.042864
13:0.0100583
14:-0.00758129
15:-0.0157945
16:-5.35946e-05
17:-0.0230624
18:0.0139904
19:0.00972939
20:-0.0231791
21:0.0577754
22:-0.053872
23:0.0125083
24:0.00596936
25:-0.0199905
26:-0.0187632
27:-0.011931
28:0.0285509
29:0.0178833
30:0.00538488
31:0.0128678
32:0.0269561
alpha: 297.429
lagLB: 537.85
stepSizeMultiplier: 0.252554
targetLowerBound: 658.591
||gamma||^2: 0.0266298
lambda: 0,3.57645,24.0751,4.35654,0,10.1329,4.91882,17.9073,8.26293,34.1547,0,30.4656,45.4956,13.0028,11.6515,24.5867,12.7642,8.64348,9.87782,24.6185,0,14.846,2.13081,26.7876,34.9515,1.7457,25.3668,23.2009,15.8356,50.9923,27.6414,20.4253,13.6643,
mu: 
srcDuals: 
lambda: 0,0,14.4935,16.6911,20.2515,10.6022,2.2674,18.9249,20.9494,32.6787,5.0638,36.9909,36.569,12.987,13.7107,20.7281,12.7787,17.624,8.79392,21.9758,8.72942,1.86898,19.48,26.1063,36.0463,9.89184,33.1796,23.7254,2.64803,48.8509,26.1787,19.6463,6.34236,
mu: 
srcDuals: 
fixing. lower bound used: 589.902
fixed path dual: 2.80154
best alpha: 0.02
0:0
1:0.0427036
2:-0.0140305
3:-0.014702
4:-0.052222
5:0.0183067
6:0.0197661
7:-0.0326716
8:-0.015972
9:-0.0040747
10:-0.012986
11:0.00625723
12:0.00200668
13:0.0298572
14:-0.00742967
15:0.0045214
16:0.0199475
17:-0.00260119
18:0.0337106
19:0.0295348
20:-0.00271547
21:0.0166199
22:-0.0327945
23:0.0322582
24:0.02585
25:0.000409352
26:0.00161208
27:0.00830759
28:-0.0120202
29:0.0375257
30:0.0252772
31:0.0326104
32:-0.013583
alpha: 460.486
lagLB: 547.369
stepSizeMultiplier: 0.252554
targetLowerBound: 658.591
||gamma||^2: 0.0172002
lambda: 0,6.89051,4.1653,6.15904,0,10.0883,2.19642,2.93915,10.032,25.3721,1.12257,32.82,49.318,15.9786,11.4558,16.0304,12.7628,10.7646,12.9551,24.8696,1.8353,19.0531,3.45692,29.8267,37.8218,3.9461,27.5989,20.1768,11.1399,54.17,27.7803,23.4736,14.3599,
mu: 
srcDuals: 
lambda: 0,0,14.4935,16.6911,20.2515,10.6022,2.2674,18.9249,20.9494,32.6787,5.0638,36.9909,36.569,12.987,13.7107,20.7281,12.7787,17.624,8.79392,21.9758,8.72942,1.86898,19.48,26.1063,36.0463,9.89184,33.1796,23.7254,2.64803,48.8509,26.1787,19.6463,6.34236,
mu: 
srcDuals: 
fixing. lower bound used: 589.902
fixed path dual: -60.6344
best alpha: 0.01
0:0
1:0.0522765
2:-0.00389024
3:-0.00455498
4:-0.0416998
5:0.0181237
6:0.0195685
7:-0.0223449
8:-0.00581225
9:0.00596605
10:-0.00285612
11:0.0161947
12:0.0119866
13:0.0395586
14:0.00264463
15:0.0144762
16:-0.010252
17:0.00742482
18:0.0233735
19:0.0292395
20:0.00731168
21:0.0264537
22:-0.0224666
23:-0.0880644
24:-0.0444085
25:0.000405258
26:0.00159596
27:-0.0517755
28:-0.00189995
29:0.0471504
30:0.00502441
31:-0.137716
32:-0.00344718
alpha: 178.216
lagLB: 308.519
stepSizeMultiplier: 0.252554
targetLowerBound: 658.591
||gamma||^2: 0.0444431
lambda: 0,19.6644,8.03266,9.92099,0,19.0322,11.3694,3.88009,13.5946,30.8024,0,39.8723,37.493,26.7358,10.2895,22.8101,21.9643,16.4262,24.3172,35.5761,7.47898,9.52223,4.37857,40.9608,47.9499,10.0803,33.922,27.551,0,66.131,37.8185,34.663,0.0875744,
mu: 
srcDuals: 
lambda: 0,0,14.4935,16.6911,20.2515,10.6022,2.2674,18.9249,20.9494,32.6787,5.0638,36.9909,36.569,12.987,13.7107,20.7281,12.7787,17.624,8.79392,21.9758,8.72942,1.86898,19.48,26.1063,36.0463,9.89184,33.1796,23.7254,2.64803,48.8509,26.1787,19.6463,6.34236,
mu: 
srcDuals: 
fixing. lower bound used: 589.902
fixed path dual: -2.51552
best alpha: 0.01
0:0
1:0.0617538
2:0.00614866
3:0.00549057
4:-0.0312828
5:0.0279424
6:-0.0106272
7:-0.0421214
8:0.00424587
9:0.0159064
10:-0.0128276
11:-0.00396728
12:0.0218668
13:0.029163
14:-0.0373818
15:0.0243314
16:-0.000149477
17:-0.0126494
18:-0.0168602
19:-0.0210529
20:0.0172386
21:0.0361892
22:-0.0122419
23:-0.0771838
24:-0.0339644
25:0.0104012
26:0.01158
27:-0.0412577
28:0.00811905
29:0.0266789
30:0.0149742
31:-0.126339
32:0.00658729
alpha: 197.993
lagLB: 556.545
stepSizeMultiplier: 0.252554
targetLowerBound: 658.591
||gamma||^2: 0.0400038
lambda: 0,9.3165,13.8002,15.8793,12.8199,13.8322,5.75481,14.9427,19.9136,33.742,4.55479,39.8771,38.7052,20.0369,14.182,23.308,10.9516,18.9473,12.9595,27.1867,10.0325,6.58345,15.4761,10.4119,28.132,9.96406,33.464,14.4982,2.30943,57.2539,27.0741,0,5.72802,
mu: 
srcDuals: 
lambda: 0,0,14.4935,16.6911,20.2515,10.6022,2.2674,18.9249,20.9494,32.6787,5.0638,36.9909,36.569,12.987,13.7107,20.7281,12.7787,17.624,8.79392,21.9758,8.72942,1.86898,19.48,26.1063,36.0463,9.89184,33.1796,23.7254,2.64803,48.8509,26.1787,19.6463,6.34236,
mu: 
srcDuals: 
fixing. lower bound used: 207.832
percent fixed: 3.10518
fixing. lower bound used: 589.902
fixed path dual: -4.79449
best alpha: 0.01
0:0
1:0.0711362
2:0.0160872
3:-0.104564
4:-0.02097
5:-0.042337
6:-0.0105209
7:-0.0317002
8:-0.00579659
9:-0.134253
10:-0.00269928
11:0.00607239
12:0.0316481
13:0.0288714
14:-0.027008
15:-0.0659119
16:0.00985202
17:-0.00252293
18:-0.00669163
19:-0.0108424
20:0.0170662
21:0.0458273
22:-0.00211948
23:-0.0664119
24:-0.0236248
25:0.0202972
26:0.0214642
27:-0.0308452
28:0.0180379
29:0.0364121
30:0.0248244
31:-0.115075
32:0.0165214
alpha: 113.395
lagLB: 533.422
stepSizeMultiplier: 0.252554
targetLowerBound: 658.591
||gamma||^2: 0.0698483
lambda: 0,12.2268,15.7109,17.7782,14.0577,16.1347,0.163282,10.5852,21.7901,35.8281,2.52403,36.2054,40.8984,18.761,6.3094,25.5455,12.7491,15.1195,5.45572,17.8074,12.1425,9.03418,17.0562,10.8245,29.3216,11.9512,35.4724,15.5567,4.25555,54.1332,29.1435,0,7.6466,
mu: 
srcDuals: 
lambda: 0,0,14.4935,16.6911,20.2515,10.6022,2.2674,18.9249,20.9494,32.6787,5.0638,36.9909,36.569,12.987,13.7107,20.7281,12.7787,17.624,8.79392,21.9758,8.72942,1.86898,19.48,26.1063,36.0463,9.89184,33.1796,23.7254,2.64803,48.8509,26.1787,19.6463,6.34236,
mu: 
srcDuals: 
fixing. lower bound used: 589.902
fixed path dual: 10.4132
best alpha: 0.01
0:0
1:0.0804249
2:0.0259263
3:-0.0935187
4:-0.0107603
5:-0.0319136
6:-0.00041574
7:-0.0213832
8:0.00426138
9:-0.12291
10:-0.0326723
11:0.00601166
12:0.0413316
13:0.0385827
14:-0.0367379
15:-0.0552528
16:-0.0102465
17:-0.0224977
18:0.00337529
19:-0.000733989
20:0.0268955
21:0.055369
22:0.00790171
23:-0.0557478
24:-0.0133885
25:-0.0399058
26:0.0312496
27:-0.0405367
28:0.00785748
29:0.046048
30:-0.0154238
31:-0.103924
32:-0.00364379
alpha: 119.081
lagLB: 610.726
stepSizeMultiplier: 0.252554
targetLowerBound: 658.591
||gamma||^2: 0.0665134
lambda: 0,8.06651,16.3177,4.83397,17.8736,5.80143,1.07437,15.3303,20.2921,17.4551,4.75771,37.6795,40.1577,16.2608,10.6482,13.254,13.8959,17.338,8.03513,20.7463,10.6646,7.06557,19.2397,18.5755,33.3674,12.1934,35.6136,20.2277,4.69344,52.9799,28.9937,6.59735,8.21581,
mu: 
srcDuals: 
lambda: 0,0,14.4935,16.6911,20.2515,10.6022,2.2674,18.9249,20.9494,32.6787,5.0638,36.9909,36.569,12.987,13.7107,20.7281,12.7787,17.624,8.79392,21.9758,8.72942,1.86898,19.48,26.1063,36.0463,9.89184,33.1796,23.7254,2.64803,48.8509,26.1787,19.6463,6.34236,
mu: 
srcDuals: 
fixing. lower bound used: 519.479
percent fixed: 3.14931
fixing. lower bound used: 589.902
fixed path dual: 12.8303
best alpha: 0.01
0:0
1:0.0896206
2:0.035667
3:-0.0825835
4:-0.0106527
5:-0.0215945
6:-0.000411583
7:-0.0311694
8:0.0142188
9:-0.111681
10:-0.0223456
11:0.0159515
12:0.0509183
13:0.0181968
14:-0.0463705
15:-0.0447002
16:-0.010144
17:-0.0122727
18:-0.00665847
19:-0.000726649
20:0.0366266
21:0.0648153
22:0.0178227
23:-0.0451903
24:-0.0232547
25:-0.0395067
26:0.0209371
27:-0.0501313
28:0.0077789
29:0.0555875
30:-0.0252696
31:-0.0928852
32:-0.00360736
alpha: 124.029
lagLB: 623.701
stepSizeMultiplier: 0.252554
targetLowerBound: 658.591
||gamma||^2: 0.0638598
lambda: 0,9.57704,17.5809,5.5548,18.9701,6.80195,2.21789,16.3786,21.4569,18.0425,1.17316,37.7068,41.4908,17.5814,9.33596,14.1486,11.5586,14.945,9.19586,21.8883,11.9322,8.46236,20.4209,19.4678,34.452,5.13983,36.9008,18.8983,3.5837,54.3344,24.342,7.27094,5.90846,
mu: 
srcDuals: 
lambda: 0,0,14.4935,16.6911,20.2515,10.6022,2.2674,18.9249,20.9494,32.6787,5.0638,36.9909,36.569,12.987,13.7107,20.7281,12.7787,17.624,8.79392,21.9758,8.72942,1.86898,19.48,26.1063,36.0463,9.89184,33.1796,23.7254,2.64803,48.8509,26.1787,19.6463,6.34236,
mu: 
srcDuals: 
fixing. lower bound used: 607.201
percent fixed: 6.55419
fixing. lower bound used: 589.902
fixed path dual: 13.2767
STATS - lpIterations[2] lagIterations[104] sspIterations[624] numSeparations[334] numCuts[0] compileTime[2] sspSolveTime[50] lpSolveTime[0] lb[635.054] ub[742] numArcs: [132961] numFixed: [3857] time: [168]
STATS1 - lpIterations[2] lagIterations[104] sspIterations[624] numSeparations[334] numCuts[0] compileTime[2] sspSolveTime[50] lpSolveTime[0] repairTime[3] cutsTime[0] lb[635.054] ub[742] numArcs: [132961] numFixed: [3857] time: [168]
lambda: 0,11.1155,18.9173,6.44832,18.9302,7.92391,2.21635,15.059,22.713,18.8271,2.2923,38.9694,42.8843,15.2439,7.95944,15.184,11.5206,16.1019,7.96808,21.8856,13.2722,9.90795,21.6905,20.5014,33.1621,4.99186,35.7764,17.5077,3.61284,55.7454,23.0446,8.12588,5.89495,
mu: 
srcDuals: 
best alpha: 0.01
0:0
1:0.0987244
2:0.0453104
3:-0.0717577
4:-0.000546166
5:-0.0113786
6:0.00959253
7:-0.0508577
8:0.0240766
9:-0.100564
10:-0.0421221
11:-0.014208
12:0.0604091
13:0.0280149
14:-0.0459068
15:-0.0342532
16:-4.25975e-05
17:-0.04215
18:0.00340812
19:-0.0207194
20:0.0462603
21:0.0741672
22:0.0276445
23:-0.0347384
24:-0.0130221
25:-0.0291117
26:0.0307277
27:-0.03963
28:0.00770111
29:0.0250317
30:-0.0150169
31:-0.0819563
32:-0.0135713
alpha: 126.658
lagLB: 635.054
stepSizeMultiplier: 0.252554
targetLowerBound: 666.807
||gamma||^2: 0.0633143
lambda: 0,11.1155,18.9173,6.44832,18.9302,7.92391,2.21635,15.059,22.713,18.8271,2.2923,38.9694,42.8843,15.2439,7.95944,15.184,11.5206,16.1019,7.96808,21.8856,13.2722,9.90795,21.6905,20.5014,33.1621,4.99186,35.7764,17.5077,3.61284,55.7454,23.0446,8.12588,5.89495,
mu: 
srcDuals: 
lambda: 0,11.1155,18.9173,6.44832,18.9302,7.92391,2.21635,15.059,22.713,18.8271,2.2923,38.9694,42.8843,15.2439,7.95944,15.184,11.5206,16.1019,7.96808,21.8856,13.2722,9.90795,21.6905,20.5014,33.1621,4.99186,35.7764,17.5077,3.61284,55.7454,23.0446,8.12588,5.89495,
mu: 
srcDuals: 
fixing. lower bound used: 623.465
percent fixed: 10.9218
updating best lambda arc fixing
fixing. lower bound used: 623.465
fixed path dual: -1.47859
best alpha: 0.01
0:0
1:0.0277372
2:0.0548573
3:-0.0610401
4:0.0094593
5:-0.00126477
6:-0.0205034
7:-0.0403491
8:0.0338358
9:-0.0895586
10:-0.0317009
11:-0.00406589
12:0.049805
13:-0.00226528
14:-0.0454478
15:-0.0239107
16:0.00995783
17:-0.0317285
18:-0.016626
19:-0.0105122
20:0.0557977
21:0.0634255
22:0.037368
23:-0.024391
24:-0.0028919
25:-0.0188205
26:0.0404204
27:-0.0292337
28:0.0176241
29:0.0347813
30:-0.00486672
31:-0.0711368
32:-0.00343557
alpha: 178.041
lagLB: 531.6
stepSizeMultiplier: 0.252554
targetLowerBound: 666.807
||gamma||^2: 0.0450416
lambda: 0,23.6198,24.6562,0,18.8611,6.48272,3.43132,8.61748,25.7625,6.08978,0,37.1698,50.5356,18.7922,2.14497,10.8455,11.5152,10.7632,8.39975,19.2613,19.1314,19.3018,25.1919,16.1015,31.5127,1.30464,39.6683,12.4882,4.58825,58.9159,21.1425,0,4.17604,
mu: 
srcDuals: 
lambda: 0,11.1155,18.9173,6.44832,18.9302,7.92391,2.21635,15.059,22.713,18.8271,2.2923,38.9694,42.8843,15.2439,7.95944,15.184,11.5206,16.1019,7.96808,21.8856,13.2722,9.90795,21.6905,20.5014,33.1621,4.99186,35.7764,17.5077,3.61284,55.7454,23.0446,8.12588,5.89495,
mu: 
srcDuals: 
fixing. lower bound used: 623.465
fixed path dual: -16.6861
best alpha: 0.01
0:0
1:0.0374598
2:-0.125691
3:-0.0504297
4:0.0193647
5:-0.0112521
6:-0.0202984
7:-0.0299456
8:0.0334975
9:-0.078663
10:-0.0313839
11:0.00597477
12:0.059307
13:0.00775738
14:-0.0349933
15:-0.0336716
16:0.0198583
17:-0.0214112
18:-0.0064597
19:-0.000407067
20:-0.13476
21:0.0727913
22:0.0469943
23:-0.0141471
24:0.00713702
25:-0.00863233
26:0.0500162
27:-0.0189414
28:0.0274479
29:0.0444335
30:0.00518195
31:-0.0604254
32:0.00659879
alpha: 111.35
lagLB: 451.585
stepSizeMultiplier: 0.252554
targetLowerBound: 666.807
||gamma||^2: 0.0720188
lambda: 0,16.0539,28.6841,0,20.6144,7.69872,0,7.8752,28.7372,2.88192,0,38.2455,51.7517,14.8406,0,10.9269,13.2935,10.4529,5.00797,20.014,23.2065,21.2003,28.3436,16.1588,32.6472,1.64103,42.9729,12.3029,6.75066,61.9379,22.1781,0,5.28327,
mu: 
srcDuals: 
lambda: 0,11.1155,18.9173,6.44832,18.9302,7.92391,2.21635,15.059,22.713,18.8271,2.2923,38.9694,42.8843,15.2439,7.95944,15.184,11.5206,16.1019,7.96808,21.8856,13.2722,9.90795,21.6905,20.5014,33.1621,4.99186,35.7764,17.5077,3.61284,55.7454,23.0446,8.12588,5.89495,
mu: 
srcDuals: 
fixing. lower bound used: 623.465
fixed path dual: 1.57978
best alpha: 0.01
0:0
1:0.0470852
2:-0.114434
3:-0.0399254
4:-0.0208289
5:-0.0411396
6:-0.0100954
7:-0.0196462
8:0.00316248
9:-0.0678764
10:-0.02107
11:0.015915
12:0.0587139
13:-0.0023202
14:-0.0246434
15:-0.0233349
16:0.0296597
17:-0.0111971
18:0.00360489
19:0.009597
20:-0.123413
21:0.0720633
22:-0.0034756
23:-0.00400567
24:0.00706565
25:0.00145399
26:-0.010484
27:-0.00875197
28:0.0371734
29:0.0539892
30:0.0151301
31:-0.0498211
32:0.0165328
alpha: 137.032
lagLB: 541.385
stepSizeMultiplier: 0.252554
targetLowerBound: 666.807
||gamma||^2: 0.0585212
lambda: 0,15.2867,4.92161,0.832994,21.0865,6.67099,0,11.7246,26.4429,10.068,0,39.6347,49.4881,16.1077,4.06296,11.4347,13.7318,13.7177,7.2488,21.8403,0,18.0132,26.9233,18.9261,33.9568,4.03065,41.3457,15.3986,6.66915,60.6931,23.6216,1.39754,6.62972,
mu: 
srcDuals: 
lambda: 0,11.1155,18.9173,6.44832,18.9302,7.92391,2.21635,15.059,22.713,18.8271,2.2923,38.9694,42.8843,15.2439,7.95944,15.184,11.5206,16.1019,7.96808,21.8856,13.2722,9.90795,21.6905,20.5014,33.1621,4.99186,35.7764,17.5077,3.61284,55.7454,23.0446,8.12588,5.89495,
mu: 
srcDuals: 
fixing. lower bound used: 623.465
fixed path dual: 3.51768
best alpha: 0.02
0:0
1:0.0661435
2:-0.0921457
3:-0.0191269
4:-0.000412366
5:-0.0203168
6:0.0101065
7:0.000746742
8:0.0230992
9:-0.0465189
10:-0.0206486
11:-0.00440328
12:0.0175396
13:0.0177262
14:-0.00415049
15:-0.00286819
16:0.0490665
17:-0.0309732
18:-0.0164672
19:-0.0105949
20:-0.100944
21:0.0306221
22:0.0165939
23:0.0160744
24:0.0269243
25:0.0214249
26:0.00972573
27:0.0114231
28:0.0364299
29:0.0329094
30:0.0348275
31:-0.0288247
32:0.0362021
alpha: 199.867
lagLB: 549.859
stepSizeMultiplier: 0.252554
targetLowerBound: 666.807
||gamma||^2: 0.040123
lambda: 0,17.5677,3.23613,0.977267,16.076,2.28647,0.832961,12.3669,23.1463,9.52583,0,41.1503,50.93,14.926,4.58252,11.9863,15.5849,14.5675,8.46207,23.2007,0,19.7829,21.2143,19.9525,34.1303,5.1911,34.3398,16.3084,8.70678,63.1436,25.1179,1.29879,8.16047,
mu: 
srcDuals: 
lambda: 0,11.1155,18.9173,6.44832,18.9302,7.92391,2.21635,15.059,22.713,18.8271,2.2923,38.9694,42.8843,15.2439,7.95944,15.184,11.5206,16.1019,7.96808,21.8856,13.2722,9.90795,21.6905,20.5014,33.1621,4.99186,35.7764,17.5077,3.61284,55.7454,23.0446,8.12588,5.89495,
mu: 
srcDuals: 
fixing. lower bound used: 623.465
fixed path dual: -6.09056
best alpha: 0.01
0:0
1:0.0154821
2:-0.0812243
3:-0.00893562
4:0.00959176
5:-0.0101136
6:-0.00999453
7:-0.00926073
8:0.0328682
9:-0.0360537
10:-0.0104422
11:0.00564076
12:0.0273642
13:-0.00245106
14:-0.00410898
15:0.0071605
16:-0.00142419
17:-0.0206634
18:-0.00630253
19:-0.000488987
20:-0.089935
21:0.0403159
22:0.026428
23:0.0259137
24:0.0366551
25:-0.0287893
26:0.0196285
27:-0.00869116
28:0.0260656
29:0.0425803
30:0.0144793
31:-0.0185365
32:0.0358401
alpha: 275.038
lagLB: 539.419
stepSizeMultiplier: 0.252554
targetLowerBound: 666.807
||gamma||^2: 0.029157
lambda: 0,24.3354,0.500405,2.62549,18.8478,3.86325,4.23631,15.2083,27.3298,9.52948,0,38.0893,46.3899,18.7868,7.1299,14.6107,21.3273,9.91137,4.67683,19.768,0,16.0283,25.0071,23.7142,38.5434,9.27399,37.7203,19.7908,10.894,62.3229,30.0054,2.36477,13.1306,
mu: 
srcDuals: 
lambda: 0,11.1155,18.9173,6.44832,18.9302,7.92391,2.21635,15.059,22.713,18.8271,2.2923,38.9694,42.8843,15.2439,7.95944,15.184,11.5206,16.1019,7.96808,21.8856,13.2722,9.90795,21.6905,20.5014,33.1621,4.99186,35.7764,17.5077,3.61284,55.7454,23.0446,8.12588,5.89495,
mu: 
srcDuals: 
fixing. lower bound used: 623.465
fixed path dual: -12.1311
best alpha: 0.01
0:0
1:0.0253272
2:-0.070412
3:0.00115373
4:-0.0205042
5:-0.0100125
6:0.000105412
7:0.000831882
8:-0.0174604
9:-0.0256931
10:-0.000337735
11:0.0155843
12:0.0370906
13:0.00757345
14:0.00593211
15:0.0170889
16:0.00859005
17:-0.0104568
18:0.00376049
19:0.0095159
20:-0.0790356
21:0.0499127
22:-0.0438363
23:0.00565456
24:-0.0137115
25:-0.0185014
26:-0.0305678
27:0.00139575
28:0.025805
29:0.0521545
30:0.0243345
31:-0.00835109
32:0.0454817
alpha: 289.999
lagLB: 506.647
stepSizeMultiplier: 0.252554
targetLowerBound: 666.807
||gamma||^2: 0.0276528
lambda: 0,15.3737,0,3.99068,21.5683,5.14227,0,12.512,31.753,8.91093,0,40.5208,50.4105,14.5698,6.82932,17.1534,11.1289,10.4187,6.23465,21.7511,0,20.9963,28.9592,27.6287,43.2436,0,41.175,15.1173,10.7819,67.4566,27.0269,3.02765,15.7523,
mu: 
srcDuals: 
lambda: 0,11.1155,18.9173,6.44832,18.9302,7.92391,2.21635,15.059,22.713,18.8271,2.2923,38.9694,42.8843,15.2439,7.95944,15.184,11.5206,16.1019,7.96808,21.8856,13.2722,9.90795,21.6905,20.5014,33.1621,4.99186,35.7764,17.5077,3.61284,55.7454,23.0446,8.12588,5.89495,
mu: 
srcDuals: 
fixing. lower bound used: 623.465
fixed path dual: -10.4976
best alpha: 0.01
0:0
1:0.035074
2:-0.0597079
3:0.0111422
4:-0.0102991
5:8.76206e-05
6:0.0101044
7:0.0108236
8:-0.00728584
9:-0.0154362
10:-0.0403344
11:0.0054285
12:0.0267197
13:0.0174977
14:-0.00412722
15:0.026918
16:0.0185042
17:-0.0203522
18:0.0137229
19:0.0194207
20:-0.0682453
21:0.00941357
22:-0.0333979
23:0.015598
24:-0.00357434
25:-0.00831643
26:-0.0202621
27:0.0113818
28:0.0255469
29:0.041633
30:0.0340911
31:0.00173242
32:-0.0049731
alpha: 389.684
lagLB: 500.571
stepSizeMultiplier: 0.252554
targetLowerBound: 666.807
||gamma||^2: 0.0205789
lambda: 0,18.4604,0,6.7829,12.9841,5.02029,2.24692,15.3003,17.6495,11.3761,2.19436,43.4888,53.6405,17.4402,9.67975,20.1397,14.0117,13.0694,9.05862,24.6452,0,24.3826,8.97805,22.1412,29.1858,0,26.9118,17.9125,11.0962,70.8701,30.1015,5.70407,19.0846,
mu: 
srcDuals: 
lambda: 0,11.1155,18.9173,6.44832,18.9302,7.92391,2.21635,15.059,22.713,18.8271,2.2923,38.9694,42.8843,15.2439,7.95944,15.184,11.5206,16.1019,7.96808,21.8856,13.2722,9.90795,21.6905,20.5014,33.1621,4.99186,35.7764,17.5077,3.61284,55.7454,23.0446,8.12588,5.89495,
mu: 
srcDuals: 
fixing. lower bound used: 623.465
fixed path dual: -16.7142
best alpha: 0.01
0:0
1:-0.0352768
2:-0.0491108
3:0.0210308
4:-0.000196127
5:0.0100867
6:-0.0299967
7:0.0107153
8:0.00278702
9:-0.00528183
10:-0.039931
11:-0.0146258
12:0.0364525
13:-0.00267726
14:0.00591406
15:0.0366488
16:0.0283191
17:-0.0101487
18:-0.0164143
19:-0.000773463
20:-0.0575628
21:0.0193194
22:-0.023064
23:0.025442
24:0.0064614
25:0.00176674
26:-0.0100595
27:0.021268
28:0.0352914
29:0.0212166
30:0.0437502
31:0.0117151
32:0.00507663
alpha: 397.284
lagLB: 501.22
stepSizeMultiplier: 0.252554
targetLowerBound: 666.807
||gamma||^2: 0.0201852
lambda: 0,24.7833,0,10.7903,14.9168,7.95805,6.15386,19.2768,19.8738,12.8118,0,41.0848,53.2966,22.0625,6.35113,25.6735,18.7313,8.17093,13.3157,29.4536,0,13.5763,8.67587,26.5797,31.7692,1.75108,27.8806,21.943,13.5681,71.9691,36.3293,8.80097,3.95701,
mu: 
srcDuals: 
lambda: 0,11.1155,18.9173,6.44832,18.9302,7.92391,2.21635,15.059,22.713,18.8271,2.2923,38.9694,42.8843,15.2439,7.95944,15.184,11.5206,16.1019,7.96808,21.8856,13.2722,9.90795,21.6905,20.5014,33.1621,4.99186,35.7764,17.5077,3.61284,55.7454,23.0446,8.12588,5.89495,
mu: 
srcDuals: 
fixing. lower bound used: 623.465
fixed path dual: -27.7277
best alpha: 0.01
0:0
1:-0.024924
2:-0.0386197
3:0.0308205
4:0.00980583
5:0.0199859
6:-0.0196967
7:0.0206082
8:0.0127591
9:0.00477098
10:-0.0395317
11:-0.00447952
12:0.0460879
13:0.00734952
14:0.0158549
15:0.0462823
16:-0.111964
17:-4.72152e-05
18:-0.0062502
19:0.00923427
20:-0.0469872
21:0.0191262
22:-0.0128333
23:0.0351876
24:0.0163968
25:-0.00825093
26:4.10791e-05
27:-0.108945
28:0.00493853
29:0.0310045
30:-0.0166873
31:0.0215979
32:0.00502587
alpha: 194.127
lagLB: 444.516
stepSizeMultiplier: 0.252554
targetLowerBound: 666.807
||gamma||^2: 0.0413093
lambda: 0,0,0,14.8035,18.8523,11.9312,0,19.316,23.8202,16.7287,0,33.1588,57.3663,14.1803,10.309,29.744,22.7713,12.07,1.44693,21.5783,0,17.5833,12.5276,30.6091,35.7291,5.69376,31.7799,25.9571,17.6336,64.1744,40.4258,12.7801,7.91181,
mu: 
srcDuals: 
lambda: 0,11.1155,18.9173,6.44832,18.9302,7.92391,2.21635,15.059,22.713,18.8271,2.2923,38.9694,42.8843,15.2439,7.95944,15.184,11.5206,16.1019,7.96808,21.8856,13.2722,9.90795,21.6905,20.5014,33.1621,4.99186,35.7764,17.5077,3.61284,55.7454,23.0446,8.12588,5.89495,
mu: 
srcDuals: 
fixing. lower bound used: 623.465
fixed path dual: 5.0566
best alpha: 0.01
0:0
1:-0.0146748
2:-0.0282335
3:0.0405123
4:0.0197078
5:0.029786
6:-0.00949975
7:0.000402093
8:0.0226316
9:0.0147233
10:-0.0391364
11:-0.0344347
12:0.0356271
13:0.017276
14:0.0156964
15:0.0558195
16:-0.100844
17:-0.0300467
18:0.0038123
19:-0.0208581
20:-0.0365173
21:0.00893498
22:-0.00270499
23:0.0448357
24:0.0262328
25:0.00183158
26:0.0100407
27:-0.0978553
28:0.0148891
29:0.000694421
30:-0.00652042
31:0.031382
32:0.0149756
alpha: 204.622
lagLB: 590.595
stepSizeMultiplier: 0.252554
targetLowerBound: 666.807
||gamma||^2: 0.0391907
lambda: 0,6.27711,11.4201,12.4314,20.8338,11.8037,0,19.0596,25.1899,19.7532,0,38.0998,51.8313,16.6706,11.0373,24.1686,0,16.0927,6.75475,23.6783,4.15067,13.6209,19.1992,27.3323,36.3451,3.39013,35.7844,0,4.57154,61.7642,19.8051,12.3186,6.87061,
mu: 
srcDuals: 
lambda: 0,11.1155,18.9173,6.44832,18.9302,7.92391,2.21635,15.059,22.713,18.8271,2.2923,38.9694,42.8843,15.2439,7.95944,15.184,11.5206,16.1019,7.96808,21.8856,13.2722,9.90795,21.6905,20.5014,33.1621,4.99186,35.7764,17.5077,3.61284,55.7454,23.0446,8.12588,5.89495,
mu: 
srcDuals: 
fixing. lower bound used: 393.889
percent fixed: 10.9997
updating best lambda arc fixing
fixing. lower bound used: 393.889
fixed path dual: -1.74945
best alpha: 0.01
0:0
1:-0.00452802
2:-0.0179512
3:-0.00989286
4:-0.0404893
5:-0.0205118
6:0.000595246
7:0.0103981
8:-0.0375948
9:0.024576
10:-0.028745
11:-0.0240904
12:0.0452708
13:0.0171033
14:0.0255394
15:0.0552613
16:-0.089836
17:-0.0197463
18:0.0137742
19:-0.0106495
20:-0.0261521
21:0.0188456
22:-0.0126779
23:0.0243874
24:0.00597049
25:0.0118133
26:-0.0400597
27:-0.0868767
28:0.0247402
29:0.0106875
30:0.00354478
31:0.0310681
32:0.0248259
alpha: 233.884
lagLB: 559.887
stepSizeMultiplier: 0.252554
targetLowerBound: 666.807
||gamma||^2: 0.0342873
lambda: 0,8.11277,13.1401,14.738,22.9629,14.0188,0.272495,15.1413,27.3439,21.8398,0,31.9233,50.1744,18.7789,11.1713,26.6058,0,9.95366,8.74816,17.6176,5.79994,11.7362,21.137,29.6758,38.5299,5.36664,37.831,0,6.65948,55.8875,21.7103,14.5473,8.95928,
mu: 
srcDuals: 
lambda: 0,11.1155,18.9173,6.44832,18.9302,7.92391,2.21635,15.059,22.713,18.8271,2.2923,38.9694,42.8843,15.2439,7.95944,15.184,11.5206,16.1019,7.96808,21.8856,13.2722,9.90795,21.6905,20.5014,33.1621,4.99186,35.7764,17.5077,3.61284,55.7454,23.0446,8.12588,5.89495,
mu: 
srcDuals: 
fixing. lower bound used: 590.513
percent fixed: 11.0735
updating best lambda arc fixing
fixing. lower bound used: 590.513
fixed path dual: 3.21709
best alpha: 0.01
0:0
1:0.00551726
2:-0.00777166
3:0.000206068
4:-0.0300844
5:-0.0103067
6:-0.00941071
7:0.000294091
8:-0.0272188
9:0.0343303
10:-0.0184576
11:-0.0138495
12:0.0248181
13:0.00693223
14:0.00528401
15:0.0647087
16:-0.0789376
17:-0.00954881
18:-0.00636356
19:-0.000542996
20:-0.0158906
21:0.00865717
22:-0.00255116
23:0.0341435
24:0.0159108
25:0.0216951
26:-0.0296591
27:-0.0760079
28:0.0244928
29:0.0205806
30:0.0135093
31:0.0407575
32:0.0245776
alpha: 294.429
lagLB: 563.036
stepSizeMultiplier: 0.252554
targetLowerBound: 666.807
||gamma||^2: 0.0272366
lambda: 0,10.0565,14.7188,4.13453,9.46042,3.12651,2.35557,17.491,13.9202,24.575,0,33.335,53.4724,19.2441,13.9327,28.1087,0,11.4835,11.1896,19.3949,7.1556,14.3157,18.7254,26.2052,34.5585,7.7548,26.4071,0,9.3992,58.245,23.8736,15.3922,11.7013,
mu: 
srcDuals: 
lambda: 0,11.1155,18.9173,6.44832,18.9302,7.92391,2.21635,15.059,22.713,18.8271,2.2923,38.9694,42.8843,15.2439,7.95944,15.184,11.5206,16.1019,7.96808,21.8856,13.2722,9.90795,21.6905,20.5014,33.1621,4.99186,35.7764,17.5077,3.61284,55.7454,23.0446,8.12588,5.89495,
mu: 
srcDuals: 
fixing. lower bound used: 533.236
percent fixed: 4.33603
fixing. lower bound used: 590.513
fixed path dual: 5.87064
best alpha: 0.01
0:0
1:0.0154621
2:0.00230606
3:0.010204
4:-0.0197836
5:-0.000203656
6:0.000683401
7:0.0102912
8:-0.0169466
9:0.043987
10:-0.018273
11:-0.00371098
12:-0.00543009
13:0.0168629
14:0.0152312
15:0.0740616
16:-0.0681483
17:0.000546675
18:0.00370007
19:0.00946243
20:-0.00573172
21:0.0085706
22:0.00747435
23:0.0438021
24:0.0257517
25:0.0214782
26:-0.0193625
27:-0.0652479
28:0.0142479
29:0.0303748
30:0.0233742
31:0.0503499
32:-0.00566818
alpha: 305.247
lagLB: 613.796
stepSizeMultiplier: 0.252554
targetLowerBound: 666.807
||gamma||^2: 0.0262714
lambda: 0,12.74,16.6291,6.50899,10.0725,4.8893,0,15.1456,14.699,28.9349,0,34.8917,50.1915,17.2849,9.51521,34.2361,0,13.2904,6.09446,21.7258,8.59351,12.4569,20.9394,30.5543,37.8467,11.3795,27.0439,0,10.8243,61.8049,27.0221,20.1261,13.1313,
mu: 
srcDuals: 
lambda: 0,11.1155,18.9173,6.44832,18.9302,7.92391,2.21635,15.059,22.713,18.8271,2.2923,38.9694,42.8843,15.2439,7.95944,15.184,11.5206,16.1019,7.96808,21.8856,13.2722,9.90795,21.6905,20.5014,33.1621,4.99186,35.7764,17.5077,3.61284,55.7454,23.0446,8.12588,5.89495,
mu: 
srcDuals: 
fixing. lower bound used: 595.833
percent fixed: 5.00932
fixing. lower bound used: 590.513
fixed path dual: -2.84045
best alpha: 0.01
0:0
1:0.0253075
2:-0.007717
3:0.000101967
4:-0.00958573
5:-0.0102016
6:-0.0193234
7:-0.0198118
8:-0.00677716
9:-0.00645289
10:-0.00809027
11:0.00632613
12:0.00462421
13:0.00669428
14:0.0250789
15:0.033321
16:-0.0574668
17:0.0105412
18:0.0136631
19:0.0193678
20:-0.0156744
21:0.0184849
22:-0.00260039
23:0.0133641
24:-0.00450584
25:0.0312634
26:-0.0391689
27:-0.0545954
28:0.0141054
29:0.040071
30:0.0331405
31:0.0298464
32:0.0043885
alpha: 452.197
lagLB: 614.29
stepSizeMultiplier: 0.252554
targetLowerBound: 666.807
||gamma||^2: 0.017734
lambda: 0,15.8353,19.6212,9.56306,12.8914,7.86174,2.42495,18.2004,17.5401,32.254,0,37.8366,41.2268,20.3913,12.6087,37.7911,0,16.2687,9.09752,24.774,11.5226,12.5241,23.972,33.8719,41.0227,11.548,29.8661,0,7.96198,65.0172,30.1795,23.495,4.16475,
mu: 
srcDuals: 
lambda: 0,11.1155,18.9173,6.44832,18.9302,7.92391,2.21635,15.059,22.713,18.8271,2.2923,38.9694,42.8843,15.2439,7.95944,15.184,11.5206,16.1019,7.96808,21.8856,13.2722,9.90795,21.6905,20.5014,33.1621,4.99186,35.7764,17.5077,3.61284,55.7454,23.0446,8.12588,5.89495,
mu: 
srcDuals: 
STATS - lpIterations[2] lagIterations[118] sspIterations[708] numSeparations[370] numCuts[0] compileTime[2] sspSolveTime[56] lpSolveTime[0] lb[641.179] ub[742] numArcs: [134020] numFixed: [7087] time: [194]
STATS1 - lpIterations[2] lagIterations[118] sspIterations[708] numSeparations[370] numCuts[0] compileTime[2] sspSolveTime[56] lpSolveTime[0] repairTime[4] cutsTime[0] lb[641.179] ub[742] numArcs: [134020] numFixed: [7087] time: [194]
lambda: 0,14.5808,18.4801,8.26628,12.8914,7.63844,1.32867,15.2628,17.5401,30.9572,0,37.0608,41.2268,18.9134,11.3359,36.4943,0,15.493,8.92674,23.9982,11.3669,12.5241,23.7487,32.2224,39.3733,11.548,28.2166,0,6.12936,64.2414,30.1795,21.8456,4.16475,
mu: 
srcDuals: 
fixing. lower bound used: 641.179
percent fixed: 15.6069
updating best lambda arc fixing
fixing. lower bound used: 641.179
fixed path dual: -24.3089
best alpha: 0.01
0:0
1:0.0350544
2:0.00236017
3:0.0101009
4:0.000510128
5:-9.96036e-05
6:-0.0091302
7:-0.00961364
8:0.00329061
9:0.00361164
10:-0.0180094
11:-0.0437371
12:0.014578
13:0.0166273
14:-0.0151719
15:0.0429878
16:-0.0468921
17:-0.0395642
18:0.00352644
19:-0.000825868
20:-0.00551766
21:0.0283
22:0.00742561
23:0.0232304
24:0.00553922
25:0.0409508
26:-0.0287772
27:-0.0440494
28:0.0239644
29:-0.0203297
30:0.0428091
31:0.0395479
32:0.00434461
alpha: 507.311
lagLB: 469.697
stepSizeMultiplier: 0.252554
targetLowerBound: 673.238
||gamma||^2: 0.0159599
lambda: 0,22.5595,15.4277,6.49443,14.5956,3.31077,0,6.1002,19.6484,15.9091,0,41.8301,44.9754,18.271,19.3,30.2516,0,20.8686,14.1465,30.6437,6.18426,18.2668,20.5146,26.5446,31.1245,19.1291,18.0644,0,9.99127,73.8654,38.0306,21.6223,7.87941,
mu: 
srcDuals: 
lambda: 0,14.5808,18.4801,8.26628,12.8914,7.63844,1.32867,15.2628,17.5401,30.9572,0,37.0608,41.2268,18.9134,11.3359,36.4943,0,15.493,8.92674,23.9982,11.3669,12.5241,23.7487,32.2224,39.3733,11.548,28.2166,0,6.12936,64.2414,30.1795,21.8456,4.16475,
mu: 
srcDuals: 
fixing. lower bound used: 641.179
fixed path dual: -129.489
best alpha: 0.01
0:0
1:0.0447038
2:0.0123366
3:0.0199999
4:0.010505
5:0.00990139
6:0.000961103
7:0.000482493
8:0.0132577
9:0.0135755
10:-0.0178293
11:-0.0332998
12:0.0244322
13:0.0264611
14:-0.00502021
15:0.0525579
16:-0.0364232
17:-0.0291686
18:0.0134912
19:0.00918239
20:0.00453752
21:0.038017
22:0.00735135
23:-0.447002
24:-0.0145162
25:0.0205413
26:-0.0184895
27:-0.0336089
28:0.0237247
29:-0.0101264
30:0.052381
31:-0.470848
32:0.0143012
alpha: 18.5257
lagLB: -73.8134
stepSizeMultiplier: 0.252554
targetLowerBound: 673.238
||gamma||^2: 0.437047
lambda: 0,32.3643,19.6774,13.3906,13.1502,7.58791,0,10.3857,19.2094,32.7894,0,14.8725,48.6224,27.3487,3.63903,58.3025,0,0,10.7157,23.5792,8.56777,26.881,27.5158,44.0075,42.1834,32.3228,13.6176,0,18.2868,53.928,51.897,41.9087,6.36882,
mu: 
srcDuals: 
lambda: 0,14.5808,18.4801,8.26628,12.8914,7.63844,1.32867,15.2628,17.5401,30.9572,0,37.0608,41.2268,18.9134,11.3359,36.4943,0,15.493,8.92674,23.9982,11.3669,12.5241,23.7487,32.2224,39.3733,11.548,28.2166,0,6.12936,64.2414,30.1795,21.8456,4.16475,
mu: 
srcDuals: 
fixing. lower bound used: 641.179
fixed path dual: 4.99542
best alpha: 0.02
0:0
1:0.0238098
2:-0.0279102
3:-0.0204001
4:0.0302949
5:0.00970336
6:0.0209419
7:0.000472843
8:0.0329926
9:-0.106696
10:0.00252731
11:-0.0126338
12:0.0439435
13:0.00593184
14:-0.0449198
15:-0.0484932
16:-0.0156947
17:-0.00858519
18:-0.00677864
19:0.0289987
20:-0.0355532
21:0.0572567
22:0.0272043
23:-0.418062
24:0.00577415
25:0.0401304
26:0.00188033
27:-0.0129368
28:0.0232502
29:0.0100762
30:0.0713334
31:-0.441431
32:0.0340151
alpha: 19.9129
lagLB: 624.521
stepSizeMultiplier: 0.252554
targetLowerBound: 673.238
||gamma||^2: 0.406602
lambda: 0,15.409,18.7086,8.6368,13.086,7.82187,1.34648,15.2718,17.7857,31.2087,0,36.4439,41.6794,19.4036,11.2429,37.468,0,14.9526,9.17668,24.1683,11.451,13.2284,23.8849,23.9414,39.1044,11.9286,27.8741,0,6.56887,64.0538,31.1499,13.1228,4.42969,
mu: 
srcDuals: 
lambda: 0,14.5808,18.4801,8.26628,12.8914,7.63844,1.32867,15.2628,17.5401,30.9572,0,37.0608,41.2268,18.9134,11.3359,36.4943,0,15.493,8.92674,23.9982,11.3669,12.5241,23.7487,32.2224,39.3733,11.548,28.2166,0,6.12936,64.2414,30.1795,21.8456,4.16475,
mu: 
srcDuals: 
fixing. lower bound used: -182.385
percent fixed: 15.5923
fixing. lower bound used: 641.179
fixed path dual: 6.3188
best alpha: 0.01
0:0
1:0.0335717
2:-0.0176311
3:-0.0101961
4:0.039992
5:0.0196063
6:0.0307325
7:-0.0195319
8:0.0426626
9:-0.095629
10:0.00250204
11:-0.0525074
12:0.0535041
13:0.0158725
14:-0.0544706
15:-0.0380083
16:-0.00553778
17:-0.0484993
18:0.00328914
19:-0.0112912
20:-0.0251977
21:0.0666841
22:0.0369323
23:-0.403881
24:0.0157164
25:0.0497291
26:0.0118615
27:-0.00280738
28:0.0230177
29:-0.0300246
30:0.08062
31:-0.427016
32:0.043675
alpha: 20.5914
lagLB: 629.911
stepSizeMultiplier: 0.252554
targetLowerBound: 673.238
||gamma||^2: 0.393204
lambda: 0,15.0549,17.9243,7.86006,13.4946,7.83166,1.74568,15.2722,18.197,28.8326,0.0503261,36.8093,42.1018,19.0315,10.4414,35.5286,0,15.322,8.79176,24.5757,10.659,13.6643,24.2905,23.8976,39.4883,12.3471,28.2541,0,6.59233,64.4421,31.5999,13.0554,4.84209,
mu: 
srcDuals: 
lambda: 0,14.5808,18.4801,8.26628,12.8914,7.63844,1.32867,15.2628,17.5401,30.9572,0,37.0608,41.2268,18.9134,11.3359,36.4943,0,15.493,8.92674,23.9982,11.3669,12.5241,23.7487,32.2224,39.3733,11.548,28.2166,0,6.12936,64.2414,30.1795,21.8456,4.16475,
mu: 
srcDuals: 
fixing. lower bound used: 621.971
percent fixed: 15.7716
updating best lambda arc fixing
fixing. lower bound used: 621.971
fixed path dual: 8.11538
best alpha: 0.02
0:0
1:-0.0270998
2:0.00272156
3:0.0100079
4:0.0591921
5:0.0392142
6:0.0301178
7:-0.0591412
8:0.0618094
9:-0.0737164
10:0.022452
11:-0.0714573
12:0.072434
13:-0.0244449
14:-0.0933812
15:-0.0172481
16:0.014573
17:-0.0675294
18:-0.0367766
19:-0.0310654
20:-0.00469375
21:0.0853505
22:0.0561936
23:-0.375804
24:0.0354021
25:0.0687345
26:0.0316243
27:0.0172488
28:0.0225574
29:-0.0494241
30:0.0990076
31:-0.398476
32:0.0628015
alpha: 21.2201
lagLB: 640.977
stepSizeMultiplier: 0.252554
targetLowerBound: 673.238
||gamma||^2: 0.381554
lambda: 0,15.2721,18.117,8.05633,13.7148,8.04216,1.96149,14.8606,18.4186,28.988,0.0515204,35.9796,42.3285,19.2403,10.2143,35.7116,0,14.4943,8.99447,23.7657,10.8481,13.8972,24.5092,23.906,39.6969,12.572,28.4609,0,6.60332,63.6232,31.8396,13.0528,5.06408,
mu: 
srcDuals: 
lambda: 0,14.5808,18.4801,8.26628,12.8914,7.63844,1.32867,15.2628,17.5401,30.9572,0,37.0608,41.2268,18.9134,11.3359,36.4943,0,15.493,8.92674,23.9982,11.3669,12.5241,23.7487,32.2224,39.3733,11.548,28.2166,0,6.12936,64.2414,30.1795,21.8456,4.16475,
mu: 
srcDuals: 
fixing. lower bound used: 629.275
percent fixed: 16.2578
updating best lambda arc fixing
fixing. lower bound used: 629.275
fixed path dual: 10.9591
STATS - lpIterations[2] lagIterations[124] sspIterations[744] numSeparations[388] numCuts[0] compileTime[2] sspSolveTime[58] lpSolveTime[0] lb[660.276] ub[742] numArcs: [134618] numFixed: [16367] time: [207]
STATS1 - lpIterations[2] lagIterations[124] sspIterations[744] numSeparations[388] numCuts[0] compileTime[2] sspSolveTime[58] lpSolveTime[0] repairTime[4] cutsTime[0] lb[660.276] ub[742] numArcs: [134618] numFixed: [16367] time: [207]
lambda: 0,14.0057,18.5378,8.47865,14.1474,8.47057,1.96777,14.0078,18.8517,29.3929,0.476433,35.5445,42.7639,18.3947,9.35436,36.1283,0.30924,14.06,8.14634,23.339,11.2673,14.3352,24.9412,24.2479,40.1245,13.0066,28.8877,0.36602,6.60802,63.1926,32.2804,13.3899,5.4974,
mu: 
srcDuals: 
best alpha: 0.01
0:0
1:-0.0268288
2:-0.00730566
3:0.00990778
4:0.0686002
5:0.0488221
6:0.0398166
7:-0.0685498
8:0.0711913
9:-0.0829793
10:0.0322275
11:-0.0807427
12:0.0817097
13:-0.0242005
14:-0.102447
15:-0.0270757
16:0.0244272
17:-0.0768541
18:-0.0364089
19:-0.0407548
20:0.00535319
21:0.0944969
22:0.0656317
23:-0.362046
24:0.0450481
25:0.0780472
26:0.0413081
27:0.0270763
28:0.0223318
29:-0.0589299
30:0.108018
31:-0.384491
32:0.0621735
alpha: 23.8855
lagLB: 660.276
stepSizeMultiplier: 0.277809
targetLowerBound: 693.29
||gamma||^2: 0.383979
lambda: 0,14.0057,18.5378,8.47865,14.1474,8.47057,1.96777,14.0078,18.8517,29.3929,0.476433,35.5445,42.7639,18.3947,9.35436,36.1283,0.30924,14.06,8.14634,23.339,11.2673,14.3352,24.9412,24.2479,40.1245,13.0066,28.8877,0.36602,6.60802,63.1926,32.2804,13.3899,5.4974,
mu: 
srcDuals: 
lambda: 0,14.0057,18.5378,8.47865,14.1474,8.47057,1.96777,14.0078,18.8517,29.3929,0.476433,35.5445,42.7639,18.3947,9.35436,36.1283,0.30924,14.06,8.14634,23.339,11.2673,14.3352,24.9412,24.2479,40.1245,13.0066,28.8877,0.36602,6.60802,63.1926,32.2804,13.3899,5.4974,
mu: 
srcDuals: 
fixing. lower bound used: 640.491
percent fixed: 16.5573
updating best lambda arc fixing
fixing. lower bound used: 640.491
fixed path dual: 8.1599
best alpha: 0.02
0:0
1:-0.00629219
2:0.0128405
3:0.0297096
4:0.0872282
5:0.0678456
6:0.0590203
7:-0.0471788
8:0.0897675
9:-0.0613197
10:0.0315829
11:-0.0591279
12:0.0800755
13:-0.00371647
14:-0.0803984
15:-0.00653415
16:0.0239387
17:-0.055317
18:-0.0156807
19:-0.0199397
20:0.0252461
21:0.032607
22:0.0843191
23:-0.334805
24:0.0641471
25:-0.0635137
26:0.0604819
27:0.0465348
28:-0.0381148
29:-0.0377513
30:0.0258572
31:-0.356801
32:0.06093
alpha: 28.4855
lagLB: 632.651
stepSizeMultiplier: 0.277809
targetLowerBound: 693.29
||gamma||^2: 0.321972
lambda: 0,13.3649,18.3633,8.7153,15.786,9.63671,2.91881,12.3705,20.5521,27.4109,1.2462,33.6159,44.7155,17.8167,6.90735,35.4816,0.892698,12.2243,7.27669,22.3656,11.3952,16.5924,26.5088,15.6002,41.2005,14.8708,29.8744,1.01275,7.14143,61.7851,34.8605,4.20614,6.98245,
mu: 
srcDuals: 
lambda: 0,14.0057,18.5378,8.47865,14.1474,8.47057,1.96777,14.0078,18.8517,29.3929,0.476433,35.5445,42.7639,18.3947,9.35436,36.1283,0.30924,14.06,8.14634,23.339,11.2673,14.3352,24.9412,24.2479,40.1245,13.0066,28.8877,0.36602,6.60802,63.1926,32.2804,13.3899,5.4974,
mu: 
srcDuals: 
fixing. lower bound used: 638.997
percent fixed: 18.0445
updating best lambda arc fixing
fixing. lower bound used: 638.997
fixed path dual: 9.69557
best alpha: 0.04
0:0
1:0.0339595
2:-0.0276732
3:-0.0114788
4:0.123739
5:-0.0148682
6:0.0966595
7:-0.00529169
8:0.0861768
9:-0.0588669
10:0.0703196
11:-0.0167627
12:0.0368725
13:0.0364322
14:-0.0371825
15:-0.0862728
16:0.0629812
17:-0.0131043
18:0.0249465
19:0.0208579
20:0.0642363
21:-0.00869727
22:0.0809463
23:-0.281412
24:0.0615812
25:-0.0209732
26:0.0580626
27:0.0846734
28:-0.0365902
29:0.00375878
30:0.0648229
31:-0.302529
32:0.0584928
alpha: 34.6095
lagLB: 644.026
stepSizeMultiplier: 0.277809
targetLowerBound: 693.29
||gamma||^2: 0.265001
lambda: 0,13.8265,18.9036,9.32494,16.6322,10.4032,3.649,12.6639,21.4087,27.6462,1.37609,33.8602,45.0448,18.2888,7.06417,35.9422,0.991146,12.4842,7.69967,22.771,11.9865,15.2641,27.343,14.7108,41.9518,11.1973,30.6106,1.69159,5.5223,62.1173,33.017,3.22625,7.23303,
mu: 
srcDuals: 
lambda: 0,14.0057,18.5378,8.47865,14.1474,8.47057,1.96777,14.0078,18.8517,29.3929,0.476433,35.5445,42.7639,18.3947,9.35436,36.1283,0.30924,14.06,8.14634,23.339,11.2673,14.3352,24.9412,24.2479,40.1245,13.0066,28.8877,0.36602,6.60802,63.1926,32.2804,13.3899,5.4974,
mu: 
srcDuals: 
fixing. lower bound used: 633.129
percent fixed: 16.261
fixing. lower bound used: 638.997
fixed path dual: 7.54395
best alpha: 0.03
0:0
1:-0.0570593
2:0.00315703
3:0.0188656
4:0.0600269
5:-0.0144222
6:0.0337597
7:-0.00513293
8:0.0535915
9:-0.0271009
10:0.09821
11:0.0137401
12:0.0657663
13:-0.0846608
14:-0.036067
15:-0.0536846
16:0.0910917
17:0.0172888
18:0.0241981
19:0.0502322
20:0.0923092
21:0.0215636
22:0.0185179
23:-0.24297
24:0.0297338
25:0.009656
26:0.0563207
27:0.112133
28:-0.0354925
29:0.033646
30:0.0928782
31:-0.263453
32:0.086738
alpha: 41.2285
lagLB: 644.901
stepSizeMultiplier: 0.277809
targetLowerBound: 693.29
||gamma||^2: 0.222456
lambda: 0,15.181,17.5801,8.08138,18.43,7.95599,5.31311,13.8247,21.8342,27.3556,2.91016,34.9644,44.04,19.6556,8.06749,33.1424,2.48899,13.6064,9.00973,24.0609,13.4905,14.0342,27.7427,14.5083,42.2558,12.2807,30.8972,3.29652,5.34166,63.3227,34.5239,2.91953,7.52181,
mu: 
srcDuals: 
lambda: 0,14.0057,18.5378,8.47865,14.1474,8.47057,1.96777,14.0078,18.8517,29.3929,0.476433,35.5445,42.7639,18.3947,9.35436,36.1283,0.30924,14.06,8.14634,23.339,11.2673,14.3352,24.9412,24.2479,40.1245,13.0066,28.8877,0.36602,6.60802,63.1926,32.2804,13.3899,5.4974,
mu: 
srcDuals: 
fixing. lower bound used: 648.411
percent fixed: 21.7139
updating best lambda arc fixing
fixing. lower bound used: 648.411
fixed path dual: 5.81883
best alpha: 0.01
0:0
1:-0.0464887
2:0.0131255
3:0.0286769
4:0.0694266
5:-0.00427794
6:0.0434221
7:-0.0150816
8:0.0630555
9:-0.0168299
10:0.0572279
11:-0.0163973
12:0.0751086
13:-0.0738142
14:-0.0357064
15:-0.0431478
16:0.100181
17:-0.0128841
18:0.0239562
19:0.0197299
20:0.101386
21:0.021348
22:0.0283327
23:-0.23054
24:0.0394364
25:-0.000440561
26:0.0657575
27:0.121012
28:-0.0351376
29:0.00330956
30:0.0919495
31:-0.250819
32:0.0858706
alpha: 43.989
lagLB: 640.294
stepSizeMultiplier: 0.277809
targetLowerBound: 693.29
||gamma||^2: 0.208496
lambda: 0,11.6533,18.668,9.25645,16.6222,7.87596,3.35963,13.7962,21.0612,28.2756,4.52549,36.111,45.4753,14.9043,7.86737,33.9149,4.06481,14.7728,9.14399,25.41,15.0731,15.2243,25.7046,14.2306,41.3504,13.4047,31.2097,4.9891,5.14472,64.5798,36.1097,2.52813,9.07348,
mu: 
srcDuals: 
lambda: 0,14.0057,18.5378,8.47865,14.1474,8.47057,1.96777,14.0078,18.8517,29.3929,0.476433,35.5445,42.7639,18.3947,9.35436,36.1283,0.30924,14.06,8.14634,23.339,11.2673,14.3352,24.9412,24.2479,40.1245,13.0066,28.8877,0.36602,6.60802,63.1926,32.2804,13.3899,5.4974,
mu: 
srcDuals: 
fixing. lower bound used: 646.525
percent fixed: 22.1983
updating best lambda arc fixing
fixing. lower bound used: 646.525
fixed path dual: 8.09185
best alpha: 0.01
0:0
1:-0.0360238
2:-0.00700579
3:0.0283902
4:0.0787324
5:-0.0142352
6:0.0329879
7:-0.00493079
8:0.072425
9:-0.0466616
10:0.0466556
11:-0.00623329
12:0.0643576
13:-0.063076
14:-0.0253493
15:-0.0727163
16:0.109179
17:-0.00275522
18:0.0337166
19:0.00953256
20:0.0503722
21:0.0111345
22:0.0380494
23:-0.218235
24:0.0490421
25:0.00956384
26:0.0751
27:0.129802
28:-0.0347862
29:0.0132765
30:0.10103
31:-0.238311
32:0.0950119
alpha: 45.7104
lagLB: 654.983
stepSizeMultiplier: 0.277809
targetLowerBound: 693.29
||gamma||^2: 0.200644
lambda: 0,11.9607,19.1152,9.74012,17.2014,8.28238,3.87787,13.3444,21.6254,28.6526,2.99383,34.8232,46.0678,15.1477,7.78368,34.2303,4.71609,13.4932,9.20015,24.2069,15.7272,15.2743,26.1875,14.1066,41.8593,12.9872,31.7803,5.68921,5.06236,63.3382,36.3252,2.35664,9.27477,
mu: 
srcDuals: 
lambda: 0,14.0057,18.5378,8.47865,14.1474,8.47057,1.96777,14.0078,18.8517,29.3929,0.476433,35.5445,42.7639,18.3947,9.35436,36.1283,0.30924,14.06,8.14634,23.339,11.2673,14.3352,24.9412,24.2479,40.1245,13.0066,28.8877,0.36602,6.60802,63.1926,32.2804,13.3899,5.4974,
mu: 
srcDuals: 
fixing. lower bound used: 641.345
percent fixed: 20.1605
fixing. lower bound used: 646.525
fixed path dual: 8.66057
best alpha: 0.03
0:0
1:-0.00494309
2:0.0232044
3:0.0575385
4:0.0463704
5:-0.0438081
6:0.0619983
7:0.0252171
8:0.0402522
9:-0.0152617
10:0.015256
11:0.0239537
12:0.0324268
13:-0.0311837
14:0.00541119
15:-0.0405348
16:0.105904
17:0.0273274
18:0.0627051
19:0.0392466
20:0.0788611
21:-0.0191995
22:0.00690793
23:-0.181688
24:0.0175708
25:-0.0807231
26:0.042847
27:0.155908
28:-0.0337426
29:0.0428782
30:0.00799907
31:-0.201161
32:0.0921616
alpha: 57.0271
lagLB: 659.195
stepSizeMultiplier: 0.277809
targetLowerBound: 693.29
||gamma||^2: 0.160828
lambda: 0,12.3591,18.2176,9.77638,17.7463,7.81987,3.47566,13.7824,22.1622,27.26,2.60908,35.2596,45.7057,15.5115,8.19564,32.8044,5.29986,13.934,9.68754,23.7747,13.5699,14.8442,26.6804,14.2723,42.3662,13.4437,32.3205,6.29931,5.01793,63.7995,36.8985,2.49664,9.84044,
mu: 
srcDuals: 
lambda: 0,14.0057,18.5378,8.47865,14.1474,8.47057,1.96777,14.0078,18.8517,29.3929,0.476433,35.5445,42.7639,18.3947,9.35436,36.1283,0.30924,14.06,8.14634,23.339,11.2673,14.3352,24.9412,24.2479,40.1245,13.0066,28.8877,0.36602,6.60802,63.1926,32.2804,13.3899,5.4974,
mu: 
srcDuals: 
fixing. lower bound used: 653.493
percent fixed: 24.941
updating best lambda arc fixing
fixing. lower bound used: 653.493
fixed path dual: 3.01165
best alpha: 0.01
0:0
1:0.00510634
2:0.0129723
3:0.0669631
4:0.0559067
5:-0.03337
6:0.0513783
7:0.00496496
8:0.0498497
9:-0.00510913
10:0.0151034
11:-0.00628582
12:0.0421026
13:-0.0208719
14:0.0153571
15:-0.0501294
16:0.114845
17:-0.00294583
18:0.042078
19:-0.0111459
20:0.0280725
21:-0.00900751
22:0.0168388
23:-0.169871
24:0.0273951
25:-0.0699158
26:0.0524185
27:0.164349
28:-0.0234052
29:0.0124494
30:0.0179191
31:-0.18915
32:0.10124
alpha: 62.4478
lagLB: 633.104
stepSizeMultiplier: 0.277809
targetLowerBound: 693.29
||gamma||^2: 0.146867
lambda: 0,13.7238,19.8611,11.7599,16.7918,5.97232,5.50335,15.4459,21.1471,28.5226,1.34644,36.9105,44.6131,16.6164,9.66295,33.8167,6.34861,15.6184,11.7222,25.5771,15.7645,13.2404,25.3351,13.8867,41.1265,8.40317,31.3311,9.25698,4.68378,65.6379,32.7366,1.91827,10.7531,
mu: 
srcDuals: 
lambda: 0,14.0057,18.5378,8.47865,14.1474,8.47057,1.96777,14.0078,18.8517,29.3929,0.476433,35.5445,42.7639,18.3947,9.35436,36.1283,0.30924,14.06,8.14634,23.339,11.2673,14.3352,24.9412,24.2479,40.1245,13.0066,28.8877,0.36602,6.60802,63.1926,32.2804,13.3899,5.4974,
mu: 
srcDuals: 
fixing. lower bound used: 654.173
percent fixed: 27.5052
updating best lambda arc fixing
switching from LAG to LP solver
start robust primal phase
fixing. lower bound used: 654.173
num vars: 98514
DUALS: -0,15.2739,20.8967,17.3834,22.2412,8.601,4.98475,14.2412,20.8242,29.8967,2,30.9717,52,17.4644,9.65484,27.329,14.7143,13.2412,10.2412,24.8422,16.2565,10.4286,22.7849,34,34.9536,7.71429,31.6246,20.7143,3.42857,70.1323,35.4286,20,9.42857,
fixed path dual: 8.57143
lp dual value: 725.125
STATS - lpIterations[2] lagIterations[131] sspIterations[786] numSeparations[405] numCuts[0] compileTime[2] sspSolveTime[60] lpSolveTime[6] lb[725.125] ub[742] numArcs: [135300] numFixed: [38467] time: [233]
STATS1 - lpIterations[2] lagIterations[131] sspIterations[786] numSeparations[405] numCuts[0] compileTime[2] sspSolveTime[60] lpSolveTime[6] repairTime[5] cutsTime[0] lb[725.125] ub[742] numArcs: [135300] numFixed: [38467] time: [233]
checking cuts, max violation: 0.450514, num cuts: 30
new capacity cutset: 1 2 3 4 5 6 7 8 9 11 13 14 15 17 18 19 20 22 23 24 26 29 31 <= 19
new capacity cutset: 2 3 4 5 8 9 15 20 22 23 24 26 31 <= 11
new capacity cutset: 3 4 8 22 23 24 26 31 <= 6
new capacity cutset: 3 4 5 8 22 23 24 26 31 <= 7
new capacity cutset: 2 3 4 5 6 7 8 9 11 13 15 17 18 19 20 22 23 24 26 29 31 <= 17
new capacity cutset: 1 2 3 4 5 6 7 8 9 10 11 12 13 14 15 17 18 19 20 21 22 23 24 26 29 31 <= 21
new capacity cutset: 2 3 4 5 7 8 9 13 15 20 22 23 24 26 31 <= 12
new capacity cutset: 16 25 27 30 <= 3
new capacity cutset: 2 3 4 8 9 15 20 26 <= 6
new capacity cutset: 1 2 3 4 5 6 7 8 9 10 11 12 13 14 15 16 17 18 19 20 21 22 23 24 25 26 27 29 30 31 32 <= 25
new capacity cutset: 10 11 12 16 17 21 25 27 29 30 <= 7
new capacity cutset: 1 2 3 4 5 6 8 9 10 11 12 13 14 15 16 17 18 19 20 21 22 23 24 25 26 27 29 30 31 32 <= 24
new capacity cutset: 2 3 4 8 9 15 20 22 23 24 26 31 <= 10
new capacity cutset: 2 3 4 5 7 8 9 15 19 20 22 23 24 26 31 <= 12
new capacity cutset: 1 2 3 4 5 6 7 8 9 11 13 15 17 18 19 20 22 23 24 26 29 31 <= 18
new capacity cutset: 1 2 3 4 5 6 7 8 9 10 11 12 13 15 17 18 19 20 21 22 23 24 26 29 31 <= 20
new capacity cutset: 1 2 3 4 5 6 7 8 9 10 11 12 13 15 16 17 18 19 20 21 22 23 24 25 26 27 29 30 31 32 <= 24
new capacity cutset: 1 2 6 7 9 11 14 15 17 18 19 20 29 <= 10
new capacity cutset: 1 2 3 4 5 6 7 8 9 11 13 14 15 17 18 19 20 22 26 29 <= 16
new capacity cutset: 1 2 3 4 5 6 7 8 9 10 11 12 13 14 15 17 18 19 20 21 22 26 29 <= 18
new capacity cutset: 1 2 3 4 6 7 8 9 11 14 15 17 18 19 20 22 23 24 26 29 31 <= 17
new capacity cutset: 1 2 3 4 5 6 7 8 9 11 14 15 17 18 19 20 22 23 24 26 29 31 <= 18
new capacity cutset: 1 2 3 4 5 6 7 8 9 10 11 12 14 15 17 18 19 20 21 22 23 24 26 29 31 <= 20
new capacity cutset: 1 2 6 9 11 14 15 17 18 19 20 29 <= 9
new capacity cutset: 1 2 3 4 5 6 7 8 9 11 15 17 18 19 20 22 23 24 26 29 31 <= 17
new capacity cutset: 1 2 3 4 5 6 7 8 9 10 11 12 15 17 18 19 20 21 22 23 24 26 29 31 <= 19
new capacity cutset: 10 11 12 16 17 21 25 27 29 30 32 <= 8
new capacity cutset: 1 2 3 4 5 6 7 8 9 11 13 15 17 18 19 20 22 26 29 <= 15
new capacity cutset: 2 3 4 5 8 9 15 20 22 26 <= 8
new capacity cutset: 2 3 4 8 9 15 20 22 26 <= 7
no comb cuts found
num src3 cuts added: 0
num src4 cuts added: 0
num src5V1 cuts added: 0
num src5V2 cuts added: 0
fixing. lower bound used: 654.173
num vars: 100399
DUALS: -0,31.9836,45.2295,46.1393,53.2022,29.7896,26.1776,34.5355,48.6038,54.2295,12.3989,48.4372,54.1803,36.9836,19.8361,49.8852,32.7814,34.4372,29.6557,42.4918,42.4836,23.2186,49.5055,40.8552,46.5492,25.7814,60.5055,36,2,89.8743,48.7814,33,14,
fixed path dual: 4
cap dual [2]: -5.37432
cap dual [6]: -1.3306
cap dual [7]: -9.78142
cap dual [8]: -1.59836
cap dual [9]: -7.21858
cap dual [10]: -1.78142
cap dual [13]: -0.879781
cap dual [18]: -5.51913
cap dual [19]: -1.39891
cap dual [27]: -7.69672
cap dual [29]: -2.15301
lp dual value: 732.885
STATS - lpIterations[3] lagIterations[131] sspIterations[786] numSeparations[416] numCuts[30] compileTime[2] sspSolveTime[60] lpSolveTime[31] lb[732.885] ub[742] numArcs: [135808] numFixed: [37088] time: [265]
STATS1 - lpIterations[3] lagIterations[131] sspIterations[786] numSeparations[416] numCuts[30] compileTime[2] sspSolveTime[60] lpSolveTime[31] repairTime[5] cutsTime[5] lb[732.885] ub[742] numArcs: [135808] numFixed: [37088] time: [265]
checking cuts, max violation: 0.352459, num cuts: 26
new capacity cutset: 1 2 3 4 5 6 7 8 9 11 12 13 14 15 17 18 19 20 22 23 24 26 29 <= 18
new capacity cutset: 2 3 4 5 8 9 15 20 22 23 24 26 <= 10
new capacity cutset: 1 2 3 4 5 6 7 8 9 10 11 12 13 14 15 16 17 18 19 20 21 22 23 24 25 26 27 28 29 30 <= 24
new capacity cutset: 12 16 21 25 27 28 30 <= 5
new capacity cutset: 2 3 4 8 9 15 20 22 23 24 26 <= 9
new capacity cutset: 2 3 4 5 8 9 12 15 16 20 22 23 24 25 26 27 28 30 31 <= 15
new capacity cutset: 1 2 3 4 5 6 7 8 9 11 14 15 17 18 19 20 22 23 24 26 29 <= 17
new capacity cutset: 2 3 4 5 8 9 12 15 16 20 21 22 23 24 25 26 27 28 30 31 <= 16
new capacity cutset: 2 3 4 5 8 9 15 16 20 22 23 24 25 26 27 28 30 31 <= 15
new capacity cutset: 1 2 3 4 5 6 7 8 9 11 13 14 15 16 17 18 19 20 22 23 24 25 26 27 28 29 30 31 <= 23
new capacity cutset: 12 16 21 23 24 25 26 27 28 30 31 <= 8
new capacity cutset: 1 2 3 6 7 8 9 10 11 12 14 15 16 17 18 19 20 21 25 27 28 29 30 <= 18
new capacity cutset: 1 2 3 4 5 6 7 8 9 10 11 12 13 14 15 16 17 18 19 20 21 22 23 24 25 26 27 28 29 30 31 <= 25
new capacity cutset: 2 3 4 5 7 8 9 13 15 20 22 23 24 26 <= 11
new capacity cutset: 1 2 3 4 5 6 7 8 9 11 12 13 14 15 16 18 19 20 21 22 23 24 25 26 27 28 29 30 31 <= 23
new capacity cutset: 1 2 3 4 5 6 7 8 9 11 12 13 14 15 16 17 18 19 20 21 22 23 24 25 26 27 28 29 30 31 <= 24
new capacity cutset: 1 2 3 4 5 6 7 8 9 10 11 12 13 15 16 17 18 19 20 21 22 23 24 25 26 27 28 29 30 <= 23
new capacity cutset: 1 2 3 4 5 6 7 8 9 10 11 12 13 15 16 17 18 19 20 21 22 23 24 25 26 27 28 29 30 31 <= 24
new capacity cutset: 2 3 4 5 7 8 9 15 19 20 22 23 24 26 <= 11
new capacity cutset: 1 2 3 4 5 6 7 8 9 11 13 15 18 19 20 22 23 24 26 29 <= 16
new capacity cutset: 1 2 3 4 5 6 7 8 9 11 13 15 18 19 20 22 23 24 26 29 31 <= 17
new capacity cutset: 1 2 3 6 7 8 9 11 15 18 19 20 29 <= 10
new capacity cutset: 1 2 3 4 5 6 7 8 9 10 11 12 13 14 15 17 18 19 20 21 22 23 24 26 29 <= 20
new capacity cutset: 1 2 3 4 5 6 7 8 9 10 11 12 13 14 15 17 18 19 20 22 23 24 26 29 <= 19
new capacity cutset: 1 2 3 4 5 6 7 8 9 10 11 12 13 15 17 18 19 20 22 23 24 26 29 <= 18
new capacity cutset: 1 2 3 4 6 7 8 9 11 14 15 17 18 19 20 22 23 24 26 29 <= 16
max violation: 0.786885
new strengthened comb with 3 teeth
handle: 10,17,11,
tooth: 11,29,19,7,13,18,6,1,14,5,22,26,2,20,15,9,3,8,4,23,24,
tooth: 10,32,0,
tooth: 17,29,0,14,32,21,1,6,18,12,19,7,13,5,22,4,8,3,2,20,9,15,26,23,31,24,25,27,30,16,28,
>= 26
new strengthened comb with 3 teeth
handle: 23,26,31,24,
tooth: 22,26,23,24,
tooth: 4,26,0,8,3,9,15,20,2,5,13,7,19,6,18,1,14,17,32,10,11,29,
tooth: 25,27,30,16,31,0,28,21,32,10,12,17,14,
>= 20
num src3 cuts added: 0
num src4 cuts added: 0
num src5V1 cuts added: 0
num src5V2 cuts added: 0
fixing. lower bound used: 714.419
fixing. lower bound used: 654.173
num vars: 26516
DUALS: -0,48,65.0805,66.9655,76.6207,49,45.3793,53.1149,70.6207,74.0805,17.2874,60.5747,54.7126,50.2529,24,70.4598,32.7471,38.2874,48.023,60.6092,62.5862,31.5747,71.6207,61.7471,57.931,25.0345,81.092,38.0345,8,106.218,45.2874,43.0345,14,
fixed path dual: 4
cap dual [2]: -7.54023
cap dual [4]: -0.252874
cap dual [7]: -2.74713
cap dual [8]: -1.02299
cap dual [9]: -9.28736
cap dual [18]: -2.71264
cap dual [19]: -4
cap dual [27]: -8.03448
cap dual [29]: -6.94253
cap dual [42]: -2
cap dual [45]: -4
cap dual [49]: -13.2184
comb dual [0]: -0
comb dual [1]: -0
lp dual value: 737.862
STATS - lpIterations[4] lagIterations[131] sspIterations[786] numSeparations[432] numCuts[58] compileTime[2] sspSolveTime[60] lpSolveTime[43] lb[737.862] ub[742] numArcs: [136509] numFixed: [111670] time: [305]
STATS1 - lpIterations[4] lagIterations[131] sspIterations[786] numSeparations[432] numCuts[58] compileTime[2] sspSolveTime[60] lpSolveTime[43] repairTime[14] cutsTime[20] lb[737.862] ub[742] numArcs: [136509] numFixed: [111670] time: [305]
checking cuts, max violation: 0.344828, num cuts: 3
new capacity cutset: 2 3 4 5 8 9 13 15 19 20 22 23 24 26 31 <= 12
new capacity cutset: 2 3 4 8 9 15 19 20 <= 6
new capacity cutset: 2 3 4 5 8 9 13 15 19 20 22 23 24 26 <= 11
no comb cuts found
num src3 cuts added: 0
num src4 cuts added: 0
num src5V1 cuts added: 0
num src5V2 cuts added: 0
fixing. lower bound used: 734.741
fixing. lower bound used: 654.173
num vars: 4123
DUALS: -0,44.125,73,76.875,82.25,49.125,43.375,51.875,76.25,82,13.25,55.5,52.25,49.5,19.25,81.875,26.25,34.5,45.5,61.875,71.375,26,72.25,62,61.125,20.25,85.375,31.5,8,106.125,40.75,38.375,14,
fixed path dual: 4
cap dual [2]: -5.25
cap dual [4]: -2.5
cap dual [8]: -1
cap dual [9]: -7.25
cap dual [18]: -5.375
cap dual [27]: -6.125
cap dual [29]: -11.875
cap dual [30]: -0.5
cap dual [42]: -4
cap dual [43]: -0.875
cap dual [48]: -2.375
cap dual [49]: -15.5
cap dual [57]: -4.25
comb dual [0]: -0
comb dual [1]: -0
lp dual value: 739.25
STATS - lpIterations[5] lagIterations[131] sspIterations[786] numSeparations[446] numCuts[61] compileTime[2] sspSolveTime[60] lpSolveTime[46] lb[739.25] ub[742] numArcs: [136919] numFixed: [134471] time: [315]
STATS1 - lpIterations[5] lagIterations[131] sspIterations[786] numSeparations[446] numCuts[61] compileTime[2] sspSolveTime[60] lpSolveTime[46] repairTime[18] cutsTime[21] lb[739.25] ub[742] numArcs: [136919] numFixed: [134471] time: [315]
checking cuts, max violation: 0.125, num cuts: 8
new capacity cutset: 2 3 4 5 8 9 15 16 20 22 23 24 25 26 27 30 31 <= 14
new capacity cutset: 2 3 4 8 9 15 16 20 22 23 24 25 26 27 30 31 <= 13
new capacity cutset: 1 2 3 4 6 7 8 9 10 11 13 14 15 17 18 19 20 29 32 <= 15
new capacity cutset: 1 2 3 4 5 6 7 8 9 10 11 13 14 15 17 18 19 20 29 32 <= 16
new capacity cutset: 1 2 3 4 5 6 7 8 9 10 11 13 14 15 16 17 18 19 20 22 23 24 25 26 27 29 30 31 <= 23
new capacity cutset: 1 2 3 4 6 7 8 9 13 15 18 19 20 <= 10
new capacity cutset: 1 2 3 4 5 6 7 8 9 13 15 18 19 20 <= 11
new capacity cutset: 2 3 4 5 8 9 12 15 16 20 21 22 23 24 25 26 27 30 31 <= 15
no comb cuts found
num src3 cuts added: 0
num src4 cuts added: 0
num src5V1 cuts added: 0
num src5V2 cuts added: 0
fixing. lower bound used: 730.418
fixing. lower bound used: 654.173
num vars: 10267
DUALS: -0,45,74.8333,79.75,84,47.6667,41.6667,50.3333,78,83.8333,14,56.7708,55.4792,48.8333,22.3542,83.5833,31.4375,31.5833,44,59.9167,73.5833,25.5208,73.8333,67.9583,59,18.4792,85.0833,32.4792,8,103.313,41.4792,38.9167,14,
fixed path dual: 4
cap dual [2]: -5.16667
cap dual [6]: -1.83333
cap dual [8]: -1
cap dual [9]: -7
cap dual [18]: -3.6875
cap dual [19]: -3
cap dual [27]: -3.89583
cap dual [29]: -12.375
cap dual [30]: -2.25
cap dual [42]: -2
cap dual [43]: -1.98952e-13
cap dual [45]: -2
cap dual [48]: -2.33333
cap dual [49]: -15.4167
cap dual [57]: -5.16667
cap dual [60]: -1.95833
comb dual [0]: -0
comb dual [1]: -0
lp dual value: 739.333
STATS - lpIterations[6] lagIterations[131] sspIterations[786] numSeparations[449] numCuts[69] compileTime[2] sspSolveTime[60] lpSolveTime[53] lb[739.333] ub[742] numArcs: [137027] numFixed: [128435] time: [332]
STATS1 - lpIterations[6] lagIterations[131] sspIterations[786] numSeparations[449] numCuts[69] compileTime[2] sspSolveTime[60] lpSolveTime[53] repairTime[23] cutsTime[23] lb[739.333] ub[742] numArcs: [137027] numFixed: [128435] time: [332]
no rcc cuts found
no comb cuts found
num src3 cuts added: 0
num src4 cuts added: 0
num src5V1 cuts added: 0
num src5V2 cuts added: 0
fixing. lower bound used: 731.497
fixing. lower bound used: 654.173
num vars: 9248
DUALS: -0,43.5,75,80.1667,84.3333,47.8333,41.1667,49.8333,78.3333,84,13,53,54,48.6667,19,83.8333,32.6667,33.8333,43.6667,59.1667,73.8333,24.6667,74,71.6667,61.6667,24.6667,85.1667,33.6667,8,104.667,45.5,49.1667,14,
fixed path dual: 4
cap dual [2]: -5.33333
cap dual [4]: -1
cap dual [6]: -2.16667
cap dual [8]: -1
cap dual [9]: -7
cap dual [13]: -2.16667
cap dual [18]: -5.5
cap dual [27]: -6.83333
cap dual [29]: -8.66667
cap dual [42]: -4
cap dual [49]: -10
cap dual [50]: -4.33333
cap dual [57]: -5.33333
cap dual [60]: -5.5
cap dual [66]: -0.666667
comb dual [0]: -0
comb dual [1]: -0
lp dual value: 739.333
STATS - lpIterations[7] lagIterations[131] sspIterations[786] numSeparations[451] numCuts[69] compileTime[2] sspSolveTime[60] lpSolveTime[60] lb[739.333] ub[742] numArcs: [137112] numFixed: [129539] time: [344]
STATS1 - lpIterations[7] lagIterations[131] sspIterations[786] numSeparations[451] numCuts[69] compileTime[2] sspSolveTime[60] lpSolveTime[60] repairTime[26] cutsTime[23] lb[739.333] ub[742] numArcs: [137112] numFixed: [129539] time: [344]
no rcc cuts found
no comb cuts found
num src3 cuts added: 0
num src4 cuts added: 0
num src5V1 cuts added: 0
num src5V2 cuts added: 0
fixing. lower bound used: 734.753
fixing. lower bound used: 654.173
num vars: 5371
DUALS: -0,46,75.6,82,86.4,62.6,43.8,49.8,80.4,84.6,11,53,54,49.4,21,84.8,28,31.6,45,60.6,74.6,27,75.2,66.6,62,27,85.8,41,8,107.4,31,40.4,14,
fixed path dual: 4
cap dual [2]: -6.8
cap dual [8]: -1
cap dual [9]: -7
cap dual [18]: -8
cap dual [27]: -3.8
cap dual [28]: -11.8
cap dual [42]: -2
cap dual [43]: -1.6
cap dual [45]: -2
cap dual [48]: -1.4
cap dual [49]: -17.4
cap dual [57]: -6
cap dual [65]: -0.2
cap dual [66]: -3
comb dual [0]: -0
comb dual [1]: -0
lp dual value: 739.8
STATS - lpIterations[8] lagIterations[131] sspIterations[786] numSeparations[452] numCuts[69] compileTime[2] sspSolveTime[60] lpSolveTime[64] lb[739.8] ub[742] numArcs: [137124] numFixed: [133428] time: [354]
STATS1 - lpIterations[8] lagIterations[131] sspIterations[786] numSeparations[452] numCuts[69] compileTime[2] sspSolveTime[60] lpSolveTime[64] repairTime[28] cutsTime[23] lb[739.8] ub[742] numArcs: [137124] numFixed: [133428] time: [354]
no rcc cuts found
no comb cuts found
num src3 cuts added: 0
num src4 cuts added: 0
num src5V1 cuts added: 0
num src5V2 cuts added: 0
fixing. lower bound used: 709.825
fixing. lower bound used: 654.173
num vars: 55938
DUALS: -0,43.4244,75.13,81.091,84.8399,46.0822,40.0866,48.7489,78.8399,84.13,12.4868,54.0088,55.2159,47.6711,20.0044,83.0044,36.0639,34,42.6711,57.7445,74.5888,25.0088,75.8789,67.42,66.2511,24.2511,83.8789,33.2511,8,101.831,47.326,49.2511,14,
fixed path dual: 4
cap dual [2]: -5.70999
cap dual [4]: -0.826725
cap dual [8]: -1
cap dual [9]: -7
cap dual [18]: -4.19971
cap dual [19]: -0.748899
cap dual [27]: -5.83554
cap dual [29]: -10.3847
cap dual [42]: -2.73789
cap dual [43]: -2.41997
cap dual [45]: -2.73789
cap dual [48]: -2.07783
cap dual [49]: -5.67107
cap dual [50]: -7.57562
cap dual [57]: -5.33333
cap dual [60]: -5.663
cap dual [62]: -2.22045e-16
cap dual [65]: -0.168869
comb dual [0]: -0
comb dual [1]: -0
lp dual value: 739.333
WARNING possible - lower bound not monotonically increasing, but this can happen!
STATS - lpIterations[9] lagIterations[131] sspIterations[786] numSeparations[455] numCuts[69] compileTime[2] sspSolveTime[60] lpSolveTime[91] lb[739.333] ub[742] numArcs: [137196] numFixed: [82933] time: [388]
STATS1 - lpIterations[9] lagIterations[131] sspIterations[786] numSeparations[455] numCuts[69] compileTime[2] sspSolveTime[60] lpSolveTime[91] repairTime[32] cutsTime[23] lb[739.333] ub[742] numArcs: [137196] numFixed: [82933] time: [388]
no rcc cuts found
no comb cuts found
num src3 cuts added: 0
num src4 cuts added: 0
num src5V1 cuts added: 0
num src5V2 cuts added: 0
fixing. lower bound used: 739.329
fixing. lower bound used: 654.173
num vars: 1883
DUALS: -0,43,67,73,79.5,51,40.5,47.5,73.5,77,7,35.5,59.5,45.5,7,76,28.5,34,42,57.5,66,14,67.5,112,-0,14,77.5,53.5,4,118,16.5,39.5,12,
fixed path dual: 6
cap dual [2]: -8.5
cap dual [8]: -1
cap dual [9]: -5
cap dual [13]: -1.5
cap dual [27]: -20.5
cap dual [29]: -4.5
cap dual [43]: -1.5
cap dual [49]: -11
cap dual [50]: -0.5
cap dual [57]: -4.5
cap dual [65]: -0.5
cap dual [66]: -5.5
comb dual [0]: -0
comb dual [1]: 1
lp dual value: 721
STATS - lpIterations[10] lagIterations[131] sspIterations[786] numSeparations[458] numCuts[69] compileTime[2] sspSolveTime[60] lpSolveTime[94] lb[740] ub[742] numArcs: [137280] numFixed: [137072] time: [396]
STATS1 - lpIterations[10] lagIterations[131] sspIterations[786] numSeparations[458] numCuts[69] compileTime[2] sspSolveTime[60] lpSolveTime[94] repairTime[34] cutsTime[23] lb[740] ub[742] numArcs: [137280] numFixed: [137072] time: [396]
no rcc cuts found
no comb cuts found
num src3 cuts added: 0
num src4 cuts added: 0
num src5V1 cuts added: 0
num src5V2 cuts added: 0
fixing. lower bound used: 565.107
fixing. lower bound used: 654.173
num vars: 101465
DUALS: -0,44.1598,75.1129,81.0645,84.8172,48.2696,40.086,48.7634,78.8172,85.0753,13.2465,52.8157,54.904,47.6667,20.7512,82.0269,35.5645,33.3748,42.6667,57.7742,74.5699,25.9885,75.8656,70.2957,63.3602,22.4831,83.8656,34.8963,8,102.431,45.0584,49.2473,14,
fixed path dual: 4
cap dual [2]: -5.7043
cap dual [4]: -0.0875576
cap dual [8]: -1
cap dual [9]: -7
cap dual [18]: -6.44009
cap dual [19]: -0.625192
cap dual [27]: -4.62135
cap dual [29]: -9.47465
cap dual [42]: -3.62135
cap dual [43]: -2.4086
cap dual [45]: -0.473118
cap dual [48]: -2.09677
cap dual [49]: -5.65591
cap dual [50]: -8.81951
cap dual [57]: -5.33333
cap dual [60]: -4.36866
cap dual [65]: -0.16129
cap dual [66]: -2.17281
comb dual [0]: -0
comb dual [1]: -0
lp dual value: 739.333
WARNING possible - lower bound not monotonically increasing, but this can happen!
STATS - lpIterations[11] lagIterations[131] sspIterations[786] numSeparations[459] numCuts[69] compileTime[2] sspSolveTime[60] lpSolveTime[148] lb[739.333] ub[742] numArcs: [137280] numFixed: [37490] time: [458]
STATS1 - lpIterations[11] lagIterations[131] sspIterations[786] numSeparations[459] numCuts[69] compileTime[2] sspSolveTime[60] lpSolveTime[148] repairTime[39] cutsTime[23] lb[739.333] ub[742] numArcs: [137280] numFixed: [37490] time: [458]
no rcc cuts found
no comb cuts found
num src3 cuts added: 0
num src4 cuts added: 0
num src5V1 cuts added: 0
num src5V2 cuts added: 0
fixing. lower bound used: 739.328
fixing. lower bound used: 654.173
num vars: 1702
DUALS: -0,43.45,71.55,78.65,83.15,45.05,41.35,47.65,77.15,81.55,7.95,71.05,26.05,46.35,7.95,78.95,-0,39.05,42.15,57.65,70.95,43.95,70.35,40.7,80.225,52.55,77.425,66.6,-0,83.075,25.55,46.6,12.95,
fixed path dual: 5.05
cap dual [2]: -7.6
cap dual [8]: -1
cap dual [9]: -5.95
cap dual [27]: -24.125
cap dual [43]: -1.9
cap dual [48]: -1.5
cap dual [49]: -6.975
cap dual [57]: -5.3
cap dual [60]: -13.6
cap dual [64]: -0.7
comb dual [0]: -0
comb dual [1]: 0.95
lp dual value: 722.05
STATS - lpIterations[12] lagIterations[131] sspIterations[786] numSeparations[460] numCuts[69] compileTime[2] sspSolveTime[60] lpSolveTime[151] lb[740.1] ub[742] numArcs: [137311] numFixed: [137282] time: [467]
STATS1 - lpIterations[12] lagIterations[131] sspIterations[786] numSeparations[460] numCuts[69] compileTime[2] sspSolveTime[60] lpSolveTime[151] repairTime[42] cutsTime[23] lb[740.1] ub[742] numArcs: [137311] numFixed: [137282] time: [467]
no rcc cuts found
no comb cuts found
num src3 cuts added: 0
num src4 cuts added: 0
num src5V1 cuts added: 0
num src5V2 cuts added: 0
fixing. lower bound used: 557.588
fixing. lower bound used: 654.173
num vars: 101489
DUALS: -0,46.8095,75.4762,81,86.0476,52.619,44.619,51.8571,79.7619,84.7619,14.7381,57.7143,53.4762,49.8095,22.8095,84.7619,32,34,46.0952,61.1429,74.2381,31,77.2857,67.8571,67.1905,27,85.2381,38,8,103,42,49.5238,14,
fixed path dual: 4
cap dual [2]: -6.28571
cap dual [7]: -0.47619
cap dual [9]: -7
cap dual [13]: -1.38095
cap dual [18]: -5.61905
cap dual [19]: -3.47619
cap dual [27]: -4.28571
cap dual [29]: -8.61905
cap dual [30]: -0.714286
cap dual [42]: -2.2619
cap dual [43]: -1.71429
cap dual [45]: -1.7381
cap dual [48]: -0.380952
cap dual [49]: -8.19048
cap dual [50]: -7.33333
cap dual [57]: -4.7619
cap dual [60]: -3.52381
cap dual [62]: -7.10543e-15
cap dual [65]: -1
cap dual [66]: -3
comb dual [0]: -0
comb dual [1]: -0
lp dual value: 739.762
WARNING possible - lower bound not monotonically increasing, but this can happen!
STATS - lpIterations[13] lagIterations[131] sspIterations[786] numSeparations[462] numCuts[69] compileTime[2] sspSolveTime[60] lpSolveTime[209] lb[739.762] ub[742] numArcs: [137340] numFixed: [37524] time: [534]
STATS1 - lpIterations[13] lagIterations[131] sspIterations[786] numSeparations[462] numCuts[69] compileTime[2] sspSolveTime[60] lpSolveTime[209] repairTime[48] cutsTime[23] lb[739.762] ub[742] numArcs: [137340] numFixed: [37524] time: [534]
no rcc cuts found
no comb cuts found
num src3 cuts added: 0
num src4 cuts added: 0
num src5V1 cuts added: 0
num src5V2 cuts added: 0
fixing. lower bound used: 739.759
fixing. lower bound used: 654.173
num vars: 1657
DUALS: -0,44.6923,71.5385,78.6923,83.3846,47.9231,44.0769,49.6923,77.3846,80.5385,10.8462,47.2308,54.1538,47.8462,11.2308,79.6923,48.2308,36.8462,44.3846,59.6923,70.6923,20.7692,71.0769,99.7692,34.1538,22.9231,79.1538,27.9231,6,111.231,47.1538,49.6154,13.8462,
fixed path dual: 4.15385
cap dual [2]: -7.84615
cap dual [4]: -0.692308
cap dual [8]: -1
cap dual [9]: -6.84615
cap dual [13]: -1.30769
cap dual [27]: -18
cap dual [42]: -2
cap dual [43]: -1.46154
cap dual [49]: -11.6923
cap dual [57]: -4.61538
cap dual [60]: -11.1538
cap dual [61]: -0.384615
cap dual [64]: -0.615385
cap dual [66]: -1.07692
comb dual [0]: -0
comb dual [1]: 0.923077
lp dual value: 722.615
STATS - lpIterations[14] lagIterations[131] sspIterations[786] numSeparations[473] numCuts[69] compileTime[2] sspSolveTime[60] lpSolveTime[212] lb[740.154] ub[742] numArcs: [137879] numFixed: [137893] time: [542]
STATS1 - lpIterations[14] lagIterations[131] sspIterations[786] numSeparations[473] numCuts[69] compileTime[2] sspSolveTime[60] lpSolveTime[212] repairTime[50] cutsTime[23] lb[740.154] ub[742] numArcs: [137879] numFixed: [137893] time: [542]
no rcc cuts found
no comb cuts found
num src3 cuts added: 0
num src4 cuts added: 0
num src5V1 cuts added: 0
num src5V2 cuts added: 0
fixing. lower bound used: 646.765
fixing. lower bound used: 654.173
num vars: 101921
DUALS: -0,47.2045,71.5379,77.447,81.75,49.9318,45.8636,52.6818,75.75,81.4697,15.2045,56.8636,52.9242,49.9091,23.2045,79.4773,29.0076,34.7045,46.9091,62.6364,70.4697,27.2803,73.9924,65.5909,65.9545,22.0076,82,31.7197,8,106.136,46.447,38.6894,14,
fixed path dual: 4
cap dual [2]: -6.25758
cap dual [4]: -0.704545
cap dual [8]: -0.939394
cap dual [9]: -7
cap dual [18]: -7.41667
cap dual [19]: -2.20455
cap dual [27]: -4.25
cap dual [29]: -6.21212
cap dual [30]: -0.378788
cap dual [42]: -4
cap dual [43]: -1
cap dual [48]: -1.77273
cap dual [49]: -15.9773
cap dual [57]: -3.93182
cap dual [60]: -3.72727
cap dual [62]: -0.204545
cap dual [64]: -0.681818
comb dual [0]: -0
comb dual [1]: -0
lp dual value: 739.932
WARNING possible - lower bound not monotonically increasing, but this can happen!
STATS - lpIterations[15] lagIterations[131] sspIterations[786] numSeparations[475] numCuts[69] compileTime[2] sspSolveTime[60] lpSolveTime[268] lb[739.932] ub[742] numArcs: [138043] numFixed: [37793] time: [607]
STATS1 - lpIterations[15] lagIterations[131] sspIterations[786] numSeparations[475] numCuts[69] compileTime[2] sspSolveTime[60] lpSolveTime[268] repairTime[56] cutsTime[23] lb[739.932] ub[742] numArcs: [138043] numFixed: [37793] time: [607]
no rcc cuts found
no comb cuts found
num src3 cuts added: 0
num src4 cuts added: 0
num src5V1 cuts added: 0
num src5V2 cuts added: 0
fixing. lower bound used: 739.928
fixing. lower bound used: 654.173
num vars: 1558
DUALS: -0,42,67,73,78.5,43,38,45,72.5,76,7,55,52,44,19,75.5,45,45,40,55,65.5,16,66.5,56.5,53.5,18,77,43,4,95,3.5,36.5,12,
fixed path dual: 6
cap dual [2]: -8
cap dual [8]: -1
cap dual [9]: -5
cap dual [27]: -18
cap dual [29]: -7
cap dual [30]: -12
cap dual [43]: -2
cap dual [48]: -1
cap dual [57]: -5
cap dual [60]: -4.5
comb dual [0]: -0
comb dual [1]: 1
lp dual value: 721
STATS - lpIterations[16] lagIterations[131] sspIterations[786] numSeparations[479] numCuts[69] compileTime[2] sspSolveTime[60] lpSolveTime[270] lb[740] ub[742] numArcs: [138130] numFixed: [138241] time: [615]
STATS1 - lpIterations[16] lagIterations[131] sspIterations[786] numSeparations[479] numCuts[69] compileTime[2] sspSolveTime[60] lpSolveTime[270] repairTime[58] cutsTime[23] lb[740] ub[742] numArcs: [138130] numFixed: [138241] time: [615]
no rcc cuts found
no comb cuts found
num src3 cuts added: 0
num src4 cuts added: 0
num src5V1 cuts added: 0
num src5V2 cuts added: 0
fixing. lower bound used: 662.398
fixing. lower bound used: 654.173
num vars: 100708
DUALS: -0,46.3929,73.2143,79.5,83.2857,48.3571,44.7143,51.5714,77.2857,82.3571,15,55.4643,56,49,22.6071,81.4286,30.3036,33.2857,46,60.5714,72.2143,26,74.6786,65.9643,66.8929,22.2143,82.75,35.2143,8,104.536,42.9107,39.3929,14,
fixed path dual: 4
cap dual [2]: -6.35714
cap dual [4]: -0.821429
cap dual [8]: -1
cap dual [9]: -7
cap dual [18]: -4.92857
cap dual [19]: -4
cap dual [27]: -3.35714
cap dual [29]: -8.07143
cap dual [30]: -0.464286
cap dual [42]: -2
cap dual [43]: -1.78571
cap dual [45]: -2
cap dual [48]: -1.64286
cap dual [49]: -15.3571
cap dual [57]: -4.07143
cap dual [60]: -4.21429
cap dual [64]: -1.21429
cap dual [65]: -0.285714
comb dual [0]: -0
comb dual [1]: -0
lp dual value: 740
STATS - lpIterations[17] lagIterations[131] sspIterations[786] numSeparations[480] numCuts[69] compileTime[2] sspSolveTime[60] lpSolveTime[328] lb[740] ub[742] numArcs: [138158] numFixed: [39119] time: [680]
STATS1 - lpIterations[17] lagIterations[131] sspIterations[786] numSeparations[480] numCuts[69] compileTime[2] sspSolveTime[60] lpSolveTime[328] repairTime[63] cutsTime[23] lb[740] ub[742] numArcs: [138158] numFixed: [39119] time: [680]
no rcc cuts found
no comb cuts found
num src3 cuts added: 0
num src4 cuts added: 0
num src5V1 cuts added: 0
num src5V2 cuts added: 0
fixing. lower bound used: 739.997
fixing. lower bound used: 654.173
num vars: 1451
DUALS: -0,44,70.3077,77.5385,82.0769,58.6154,41.5385,46.5385,76.0769,80.0769,6.76923,-0,66.7308,44.7692,6.84615,77.7692,30.9615,32.7692,42,57.4615,69.5385,15.8846,70.6154,122.731,-0,28.6154,77.6923,38,4,152.615,42.2692,55.0385,11.7692,
fixed path dual: 6.23077
cap dual [2]: -7.76923
cap dual [9]: -4.76923
cap dual [27]: -18.5385
cap dual [43]: -0.769231
cap dual [48]: -1.46154
cap dual [49]: -13.4615
cap dual [57]: -4.92308
cap dual [61]: -0.0769231
cap dual [64]: -0.923077
cap dual [66]: -14.8462
comb dual [0]: -0
comb dual [1]: 0.884615
lp dual value: 723.423
STATS - lpIterations[18] lagIterations[131] sspIterations[786] numSeparations[481] numCuts[69] compileTime[2] sspSolveTime[60] lpSolveTime[331] lb[740.231] ub[742] numArcs: [138158] numFixed: [138376] time: [687]
STATS1 - lpIterations[18] lagIterations[131] sspIterations[786] numSeparations[481] numCuts[69] compileTime[2] sspSolveTime[60] lpSolveTime[331] repairTime[65] cutsTime[23] lb[740.231] ub[742] numArcs: [138158] numFixed: [138376] time: [687]
no rcc cuts found
no comb cuts found
num src3 cuts added: 0
num src4 cuts added: 0
num src5V1 cuts added: 0
num src5V2 cuts added: 0
fixing. lower bound used: 522.318
fixing. lower bound used: 654.173
num vars: 102142
DUALS: -0,46.3974,73.5983,79.9316,83.7265,49.3333,44.6667,51.3333,77.7265,82.5983,15,55.3974,55.5897,49,22.5641,81.6667,30.7051,33.6966,46,60.3333,72.5983,25.7051,74.8248,66.1175,67.4295,23.6154,83.2949,35.9103,8,104.436,43,40.141,14,
fixed path dual: 4
cap dual [2]: -6.46154
cap dual [4]: -0.769231
cap dual [8]: -1
cap dual [9]: -7
cap dual [18]: -5.41026
cap dual [19]: -2.79487
cap dual [27]: -3.69658
cap dual [29]: -8.3547
cap dual [30]: -0.692308
cap dual [42]: -3.20513
cap dual [43]: -1.83333
cap dual [45]: -1.29487
cap dual [48]: -1.5
cap dual [49]: -14.9701
cap dual [57]: -4.16667
cap dual [60]: -4.41026
cap dual [65]: -1.5
comb dual [0]: -0
comb dual [1]: -0
lp dual value: 740
WARNING possible - lower bound not monotonically increasing, but this can happen!
STATS - lpIterations[19] lagIterations[131] sspIterations[786] numSeparations[482] numCuts[69] compileTime[2] sspSolveTime[60] lpSolveTime[385] lb[740] ub[742] numArcs: [138158] numFixed: [37685] time: [750]
STATS1 - lpIterations[19] lagIterations[131] sspIterations[786] numSeparations[482] numCuts[69] compileTime[2] sspSolveTime[60] lpSolveTime[385] repairTime[70] cutsTime[23] lb[740] ub[742] numArcs: [138158] numFixed: [37685] time: [750]
no rcc cuts found
no comb cuts found
num src3 cuts added: 0
num src4 cuts added: 0
num src5V1 cuts added: 0
num src5V2 cuts added: 0
fixing. lower bound used: 739.997
fixing. lower bound used: 654.173
num vars: 1484
DUALS: -0,26.25,70.8333,77.4167,80.8333,36.5417,4.75,27.5,74.8333,79.8333,2,50.6667,41,8,19.75,78.75,25.7917,27.75,5.25,38.5,69.4167,33.7917,70.8333,62.9583,22.8333,24.7917,79.5,25.1667,4,28.8333,40.625,93.5,7,
fixed path dual: 7.66667
cap dual [2]: -6.33333
cap dual [8]: -1
cap dual [13]: -19.25
cap dual [29]: -21.2083
cap dual [43]: -0.75
cap dual [57]: -5
cap dual [64]: -1
cap dual [66]: -11.7917
comb dual [0]: -0
comb dual [1]: 0.166667
lp dual value: 737.083
STATS - lpIterations[20] lagIterations[131] sspIterations[786] numSeparations[483] numCuts[69] compileTime[2] sspSolveTime[60] lpSolveTime[387] lb[740.25] ub[742] numArcs: [138170] numFixed: [138355] time: [757]
STATS1 - lpIterations[20] lagIterations[131] sspIterations[786] numSeparations[483] numCuts[69] compileTime[2] sspSolveTime[60] lpSolveTime[387] repairTime[72] cutsTime[23] lb[740.25] ub[742] numArcs: [138170] numFixed: [138355] time: [757]
no rcc cuts found
no comb cuts found
num src3 cuts added: 0
num src4 cuts added: 0
num src5V1 cuts added: 0
num src5V2 cuts added: 0
routes: 
flow {0.25}: 0 22 26 24 23 31 
flow {0.75}: 0 25 16 30 27 28 
flow {0.25}: 0 31 23 24 22 26 4 8 
flow {0.5}: 0 1 18 6 7 19 
flow {0.5}: 0 13 5 22 26 24 23 31 
flow {0.25}: 0 13 7 6 18 1 
flow {0.25}: 0 14 1 13 
flow {0.75}: 0 14 17 29 11 10 32 
flow {0.25}: 0 5 2 20 15 9 3 8 4 
flow {0.25}: 0 5 8 3 2 15 9 20 7 
flow {1}: 0 21 12 
flow {0.25}: 0 32 25 16 30 27 28 
flow {0.25}: 0 6 20 9 15 2 3 8 4 
flow {0.25}: 0 10 17 11 29 19 18 
flow {0.25}: 0 19 20 9 15 2 3 4 
flow {0.25}: 0 22 26 24 23 31 
flow {0.75}: 0 25 16 30 27 28 
flow {0.25}: 0 31 23 24 22 26 4 8 
flow {0.5}: 0 1 18 6 7 19 
flow {0.5}: 0 13 5 22 26 24 23 31 
flow {0.25}: 0 13 7 6 18 1 
flow {0.25}: 0 14 1 13 
flow {0.75}: 0 14 17 29 11 10 32 
flow {0.25}: 0 5 2 20 15 9 3 8 4 
flow {0.25}: 0 5 8 3 2 15 9 20 7 
flow {1}: 0 21 12 
flow {0.25}: 0 32 25 16 30 27 28 
flow {0.25}: 0 6 20 9 15 2 3 8 4 
flow {0.25}: 0 10 17 11 29 19 18 
flow {0.25}: 0 19 20 9 15 2 3 4 
no more separations possible
no more separations or cuts possible
LP solved - switching to IP
fixing. lower bound used: 737.079
fixing. lower bound used: 654.173
solving IP
num vars: 1035
STATS - lpIterations[21] lagIterations[131] sspIterations[786] numSeparations[483] numCuts[69] compileTime[2] sspSolveTime[60] lpSolveTime[389] lb[742] ub[742] numArcs: [138170] numFixed: [138804] time: [762]
STATS1 - lpIterations[21] lagIterations[131] sspIterations[786] numSeparations[483] numCuts[69] compileTime[2] sspSolveTime[60] lpSolveTime[389] repairTime[75] cutsTime[23] lb[742] ub[742] numArcs: [138170] numFixed: [138804] time: [762]
routes: 
flow {1}: 0 4 8 3 9 15 20 2 5 
flow {1}: 0 22 26 23 24 31 
flow {1}: 0 13 18 6 1 14 
flow {1}: 0 21 12 
flow {1}: 0 32 25 16 30 27 28 
flow {1}: 0 7 19 29 11 17 10 
no more separations possible
no more separations or cuts possible
STATS - lpIterations[21] lagIterations[131] sspIterations[786] numSeparations[483] numCuts[69] compileTime[2] sspSolveTime[60] lpSolveTime[389] lb[742] ub[742] numArcs: [138170] numFixed: [138804] time: [762]
STATS1 - lpIterations[21] lagIterations[131] sspIterations[786] numSeparations[483] numCuts[69] compileTime[2] sspSolveTime[60] lpSolveTime[389] repairTime[75] cutsTime[23] lb[742] ub[742] numArcs: [138170] numFixed: [138804] time: [762]
finished solving - complete
time elapsed: 762
