do not relax capacity constraint
instance upper bound: 2694.9
compiling DD
time step mult: 10
time step: 900
cap step: 1
done compiling DD
batch size for lag: 1
iteration delay to start separating: 0
optimality gap to start repairing: 100
percent fixed to change to CPLEX: 99.99
num arcs to change to CPLEX: 1
num arcs to change to LAG: 999999999
STATS - lpIterations[0] lagIterations[0] sspIterations[0] numSeparations[0] numCuts[0] compileTime[0] sspSolveTime[0] lpSolveTime[0] lb[0] ub[2694.9] numArcs: [520367] numFixed: [0] time: [0]
STATS - lpIterations[1] lagIterations[0] sspIterations[0] numSeparations[0] numCuts[0] compileTime[0] sspSolveTime[0] lpSolveTime[0] lb[0] ub[2694.9] numArcs: [520367] numFixed: [0] time: [0]
DUALS 0,0,520367,0,0,7.56,4.2,26.97,7.82,12.58,3.66,7.92,36.48,7.8,12.72,7.5,4.3,2.11,4.68,10.2,7.33,1.7,8.22,7.8,9.9,14.48,7.5,23.46,2.8,4.21,9.32,7.05,7.88,6.85,6.44,8.6,8.48,18.3,5.87,9.2,18.72,5.23,7.03,2.84,9.9,7.8,19.44,4.74,5.84,1.92,13.3,15.3,4.04,15.04,13.2,9.26,15.52,3.79,25.77,22.48,12.7,5.37,6.65,9.56,15.56,4.8,4.66,13.86,2.41,18.66,9.98,3.56,2.87,14.98,14.64,8.2,30.84,7.06,3.68,24.66,7.02,4.01,2.88,14.16,4.3,4.95,7.99,5.94,8.29,8.4,9.55,13.36,27.6,10.52,2.14,9.6,7.72,5.1,18.94,5.86,4.24,12.9,8.77,3.71,4.8,3.55,5.92,21.24,15.8,5.12,6.5,2.16,11.52,5.43,11.28,21.39,13.52,1.52,6.57,28.86,8.2,7.74,11.08,8.42,3.57,12.14,3.67,6.12,7.72,7.82,4.27,9.2,6.78,7.86,4.16,7.89,25.29,3.89,13.16,11.18,8.56,4.74,9.74,6.8,15.38,7.76,14.6,12.44,7.72,16.02,6.16,5.11,14.04,6.52,7.16,7.07,14.64,5.09,2.63,1.47,13.48,8.28,11.16,13.76,21.04,7.68,10.05,8.28,14.7,5.96,4.35,12.18,7,10.62,6.51,27.36,8.22,2.59,27.42,1.83,12.54,8.68,2.24,4.2,24.63,15.42,16.92,9.08,11.46,16.28,18.66,7.71,5.88,8.48,11.18,8.1,8.32,13.16,16.36,15.48,4.34,22.14,4.82,5.23,14.48,
STATS - lpIterations[1] lagIterations[1] sspIterations[1] numSeparations[0] numCuts[0] compileTime[0] sspSolveTime[0] lpSolveTime[0] lb[2006.96] ub[2694.9] numArcs: [520367] numFixed: [0] time: [0]
DUALS 0,2006.96,520367,0,0,8.08568,4.72568,27.4957,8.34568,13.1057,4.18568,8.44568,37.0057,8.32568,13.2457,8.02568,4.82568,2.63568,5.20568,10.7257,7.85568,2.22568,8.74568,8.32568,10.4257,15.0057,8.02568,23.9857,3.32568,4.73568,9.84568,7.57568,8.40568,7.37568,6.96568,9.12568,9.00568,18.3,6.39568,9.72568,18.72,5.75568,7.55568,3.36568,10.4257,8.32568,19.9657,5.26568,6.36568,2.44568,13.8257,15.8257,4.56568,15.5657,13.7257,9.78568,16.0457,4.31568,26.2957,23.0057,13.2257,5.37,7.17568,10.0857,16.0857,5.32568,5.18568,14.3857,2.93568,19.1857,10.5057,4.08568,3.39568,15.5057,15.1657,8.72568,31.3657,7.58568,4.20568,25.1857,7.54568,4.53568,3.40568,14.6857,4.82568,5.47568,8.51568,5.94,8.81568,8.92568,10.0757,13.8857,28.1257,11.0457,2.66568,10.1257,8.24568,5.62568,19.4657,6.38568,4.76568,13.4257,9.29568,4.23568,5.32568,4.07568,6.44568,21.7657,16.3257,5.64568,7.02568,2.68568,11.52,5.95568,11.8057,21.9157,14.0457,2.04568,7.09568,29.3857,8.72568,8.26568,11.08,8.94568,4.09568,12.14,4.19568,6.64568,8.24568,8.34568,4.79568,9.72568,7.30568,8.38568,4.68568,8.41568,25.8157,4.41568,13.6857,11.7057,9.08568,5.26568,10.2657,7.32568,15.9057,8.28568,15.1257,12.44,8.24568,16.5457,6.68568,5.63568,14.5657,7.04568,7.68568,7.59568,15.1657,5.61568,3.15568,1.99568,14.0057,8.80568,11.6857,14.2857,21.5657,8.20568,10.5757,8.80568,15.2257,5.96,4.87568,12.7057,7.52568,11.1457,7.03568,27.8857,8.74568,3.11568,27.9457,2.35568,12.54,9.20568,2.76568,4.72568,25.1557,15.9457,17.4457,9.60568,11.9857,16.8057,19.1857,8.23568,5.88,9.00568,11.7057,8.62568,8.84568,13.6857,16.8857,16.0057,4.86568,22.6657,5.34568,5.75568,15.0057,
STATS - lpIterations[1] lagIterations[2] sspIterations[2] numSeparations[0] numCuts[0] compileTime[0] sspSolveTime[0] lpSolveTime[0] lb[2103.68] ub[2694.9] numArcs: [520367] numFixed: [0] time: [0]
DUALS 0,2103.68,520367,0,0,8.62843,5.26843,28.0384,8.88843,13.6484,4.72843,8.98843,37.5484,8.86843,13.7884,8.56843,5.36843,3.17843,5.74843,11.2684,8.39843,2.76843,9.28843,8.86843,10.4257,15.5484,8.56843,24.5284,3.86843,4.73568,10.3884,8.11843,8.94843,7.91843,7.50843,9.12568,9.54843,18.8427,6.93843,10.2684,19.2627,6.29843,8.09843,3.90843,10.9684,8.32568,20.5084,5.80843,6.90843,2.98843,14.3684,16.3684,5.10843,16.1084,14.2684,10.3284,16.5884,4.85843,26.8384,23.5484,13.7684,5.91274,7.71843,10.6284,16.6284,5.86843,5.72843,14.9284,3.47843,19.7284,11.0484,4.62843,3.93843,16.0484,15.7084,9.26843,31.9084,8.12843,4.74843,25.7284,8.08843,4.53568,3.94843,15.2284,4.82568,6.01843,9.05843,6.48274,9.35843,8.92568,10.6184,14.4284,28.6684,11.5884,3.20843,10.6684,8.78843,6.16843,20.0084,6.92843,5.30843,13.9684,9.83843,4.77843,5.86843,4.61843,6.98843,22.3084,16.8684,6.18843,7.56843,3.22843,12.0627,6.49843,11.8057,22.4584,14.5884,2.58843,7.63843,29.9284,9.26843,8.80843,11.6227,9.48843,4.63843,12.6827,4.73843,7.18843,8.78843,8.88843,5.33843,10.2684,7.84843,8.92843,5.22843,8.95843,26.3584,4.95843,14.2284,12.2484,9.62843,5.80843,10.8084,7.86843,16.4484,8.82843,15.6684,12.9827,8.78843,17.0884,7.22843,6.17843,15.1084,7.58843,8.22843,8.13843,15.7084,6.15843,3.69843,2.53843,14.5484,9.34843,12.2284,14.8284,22.1084,8.74843,10.5757,9.34843,15.7684,6.50274,5.41843,13.2484,8.06843,11.6884,7.57843,28.4284,8.74568,3.65843,28.4884,2.89843,13.0827,9.74843,3.30843,5.26843,25.6984,16.4884,17.9884,10.1484,12.5284,17.3484,19.7284,8.77843,6.42274,9.54843,12.2484,9.16843,9.38843,14.2284,17.4284,16.5484,5.40843,23.2084,5.88843,6.29843,15.5484,
STATS - lpIterations[1] lagIterations[3] sspIterations[3] numSeparations[0] numCuts[0] compileTime[0] sspSolveTime[0] lpSolveTime[0] lb[2202.66] ub[2694.9] numArcs: [520367] numFixed: [0] time: [0]
DUALS 0,2202.66,520537,0,0,9.19718,5.83718,28.6072,9.45718,14.2172,5.29718,9.55718,38.1172,9.43718,14.3572,9.13718,5.93718,3.74718,6.31718,11.8372,8.96718,3.33718,9.85718,9.43718,10.9944,16.1172,9.13718,25.0972,4.43718,5.30444,10.9572,8.68718,9.51718,7.91843,8.07718,9.69444,10.1172,19.4115,7.50718,10.8372,19.8315,6.86718,8.66718,4.47718,11.5372,8.89444,20.5084,6.37718,7.47718,3.55718,14.9372,16.9372,5.10843,16.6772,14.2684,10.8972,17.1572,5.42718,27.4072,24.1172,14.3372,6.4815,8.28718,11.1972,17.1972,6.43718,6.29718,15.4972,4.04718,20.2972,11.6172,5.19718,4.50718,16.6172,16.2772,9.83718,32.4772,8.69718,5.31718,26.2972,8.65718,5.10444,4.51718,15.2284,5.39444,6.58718,9.62718,7.0515,9.92718,9.49444,11.1872,14.4284,29.2372,12.1572,3.77718,11.2372,9.35718,6.73718,20.5772,7.49718,5.87718,14.5372,10.4072,5.34718,6.43718,5.18718,7.55718,22.8772,17.4372,6.75718,8.13718,3.79718,12.6315,7.06718,12.3744,23.0272,14.5884,3.15718,8.20718,30.4972,9.83718,9.37718,12.1915,10.0572,5.20718,13.2515,5.30718,7.18843,9.35718,9.45718,5.90718,10.8372,8.41718,9.49718,5.79718,9.52718,26.9272,5.52718,14.2284,12.8172,10.1972,6.37718,11.3772,8.43718,17.0172,9.39718,16.2372,13.5515,9.35718,17.6572,7.79718,6.74718,15.6772,8.15718,8.79718,8.70718,16.2772,6.72718,4.26718,3.10718,14.5484,9.91718,12.7972,15.3972,22.6772,9.31718,11.1444,9.91718,16.3372,7.0715,5.98718,13.8172,8.06843,12.2572,7.57843,28.9972,9.31444,4.22718,29.0572,3.46718,13.6515,10.3172,3.87718,5.83718,26.2672,17.0572,18.5572,10.7172,13.0972,17.9172,20.2972,9.34718,6.9915,10.1172,12.8172,9.73718,9.95718,14.7972,17.9972,17.1172,5.97718,23.7772,6.45718,6.86718,16.1172,
STATS - lpIterations[1] lagIterations[4] sspIterations[4] numSeparations[1] numCuts[0] compileTime[0] sspSolveTime[0] lpSolveTime[0] lb[2304.13] ub[2694.9] numArcs: [520537] numFixed: [0] time: [0]
DUALS 0,2304.13,520432,271,0,9.7833,6.4233,29.1933,10.0433,14.8033,5.8833,10.1433,38.7033,10.0233,14.9433,9.7233,6.5233,4.3333,6.9033,12.4233,9.5533,3.9233,10.4433,10.0233,11.5806,16.7033,9.7233,25.6833,5.0233,5.89055,11.5433,9.2733,10.1033,8.50454,8.6633,10.2806,10.7033,19.4115,8.0933,11.4233,19.8315,7.4533,9.2533,5.0633,12.1233,9.48055,21.0945,6.9633,8.0633,4.1433,15.5233,17.5233,5.69454,17.2633,14.8545,11.4833,17.7433,6.0133,27.9933,24.7033,14.9233,6.4815,8.8733,11.7833,17.7833,7.0233,6.8833,16.0833,4.6333,20.8833,12.2033,5.7833,5.0933,17.2033,16.8633,10.4233,33.0633,9.2833,5.9033,26.8833,9.2433,5.69055,5.1033,15.8145,5.98055,7.1733,10.2133,7.0515,10.5133,10.0806,11.7733,15.0145,29.8233,12.7433,4.3633,11.8233,9.9433,7.3233,21.1633,8.0833,6.4633,15.1233,10.9933,5.9333,7.0233,5.7733,8.1433,23.4633,18.0233,7.3433,8.7233,4.3833,12.6315,7.6533,12.9606,23.6133,15.1745,3.7433,8.7933,31.0833,10.4233,9.9633,12.1915,10.6433,5.7933,13.2515,5.8933,7.77454,9.9433,10.0433,6.4933,11.4233,9.0033,10.0833,6.3833,10.1133,27.5133,6.1133,14.8145,13.4033,10.7833,6.9633,11.9633,9.0233,17.6033,9.9833,16.8233,13.5515,9.9433,18.2433,8.3833,7.3333,16.2633,8.7433,9.3833,9.2933,16.8633,7.3133,4.8533,3.6933,15.1345,10.5033,13.3833,15.9833,23.2633,9.9033,11.7306,10.5033,16.9233,7.0715,6.5733,14.4033,8.65454,12.8433,8.16454,29.5833,9.90055,4.8133,29.6433,4.0533,13.6515,10.9033,4.4633,6.4233,26.8533,17.6433,19.1433,11.3033,13.6833,18.5033,20.8833,9.9333,6.9915,10.7033,13.4033,10.3233,10.5433,15.3833,18.5833,17.7033,6.5633,24.3633,7.0433,7.4533,16.7033,
STATS - lpIterations[1] lagIterations[5] sspIterations[13] numSeparations[1] numCuts[0] compileTime[0] sspSolveTime[0] lpSolveTime[0] lb[2399.69] ub[2694.9] numArcs: [520432] numFixed: [271] time: [0]
STATS - lpIterations[1] lagIterations[5] sspIterations[13] numSeparations[1] numCuts[0] compileTime[0] sspSolveTime[0] lpSolveTime[0] lb[2402.59] ub[2694.9] numArcs: [520432] numFixed: [271] time: [0]
DUALS 0,2402.59,522638,3738,0,10.3198,6.95978,29.7298,10.5798,15.3398,5.8833,10.6798,39.2398,10.5598,15.4798,10.2598,7.05978,4.86978,7.43978,11.3503,10.0898,4.45978,10.9798,10.5598,11.5806,16.1668,10.2598,25.1468,5.55978,5.35407,10.4703,9.2733,10.6398,9.04103,9.19978,9.20759,11.2398,19.948,8.62978,11.9598,20.368,7.98978,9.78978,5.59978,11.0503,8.94407,21.631,7.49978,8.59978,4.1433,16.0598,17.5233,4.62158,17.7998,15.391,12.0198,17.2068,6.54978,28.5298,25.2398,15.4598,7.01798,9.40978,10.7103,18.3198,7.0233,7.41978,16.6198,5.16978,21.4198,12.2033,6.31978,5.62978,17.7398,17.3998,10.9598,33.5998,9.81978,5.9033,26.3468,9.77978,5.15407,5.63978,16.351,4.90759,7.70978,10.7498,7.58798,11.0498,9.54407,12.3098,15.551,30.3598,11.6703,4.89978,11.8233,9.40681,7.85978,21.6998,8.61978,6.99978,15.6598,11.5298,6.46978,7.0233,6.30978,8.67978,23.9998,18.5598,6.27033,9.25978,4.91978,13.168,7.11681,12.4241,24.1498,15.711,4.27978,9.32978,31.6198,10.4233,10.4998,12.728,11.1798,5.7933,13.788,5.8933,8.31103,10.4798,10.5798,7.02978,11.9598,9.53978,10.6198,6.91978,10.6498,28.0498,5.57681,15.351,13.9398,11.3198,7.49978,12.4998,9.0233,18.1398,10.5198,17.3598,14.088,10.4798,17.7068,8.91978,7.86978,16.7998,8.20681,9.91978,9.82978,15.7903,7.84978,4.8533,4.22978,15.671,11.0398,13.9198,16.5198,23.2633,10.4398,11.1941,9.96681,16.9233,7.60798,7.10978,14.9398,9.19103,11.7703,8.70103,30.1198,9.36407,4.8133,30.1798,4.58978,14.188,11.4398,4.4633,5.88681,27.3898,18.1798,19.1433,11.8398,14.2198,19.0398,21.4198,10.4698,7.52798,11.2398,13.9398,10.8598,11.0798,15.9198,18.0468,17.1668,7.09978,24.8998,6.50681,7.98978,17.2398,
STATS - lpIterations[1] lagIterations[6] sspIterations[28] numSeparations[7] numCuts[0] compileTime[0] sspSolveTime[0] lpSolveTime[0] lb[2434.17] ub[2694.9] numArcs: [522638] numFixed: [3738] time: [0]
STATS - lpIterations[1] lagIterations[6] sspIterations[28] numSeparations[7] numCuts[0] compileTime[0] sspSolveTime[0] lpSolveTime[0] lb[2442.15] ub[2694.9] numArcs: [522638] numFixed: [3738] time: [0]
DUALS 0,2442.15,528509,12731,0,9.88974,5.23964,30.1598,11.0098,15.3398,6.31333,11.1098,39.6698,10.1297,15.4798,10.6898,7.48982,4.00971,7.86982,11.7804,10.5198,3.59971,11.4098,9.69971,12.0106,16.5968,10.6898,25.5768,5.98982,5.78411,10.9004,9.70333,9.77971,8.61099,8.76974,9.63762,11.2398,19.5179,8.62978,12.3898,19.9379,8.41982,10.2198,4.30967,11.4804,9.37411,21.201,5.77964,8.59978,4.57333,16.0598,17.5233,5.05161,18.2298,14.961,12.0198,17.6368,6.11974,28.9598,25.6698,15.8898,6.58794,9.83982,11.1404,18.7498,7.45333,7.41978,17.0498,5.59982,21.4198,12.2033,5.45971,6.05982,18.1698,17.8298,9.66967,34.0298,9.81978,5.04323,26.7768,10.2098,5.58411,4.77971,15.921,5.33762,8.13982,11.1798,7.15794,11.4798,9.97411,12.3098,15.121,30.7898,12.1004,4.89978,11.8233,9.83685,8.28982,21.6998,8.61978,6.13971,14.7997,11.9598,6.03974,7.45333,6.30978,9.10982,24.4298,18.9898,6.70037,9.25978,3.62967,12.7379,7.54685,12.8541,24.5798,15.281,4.27978,9.75982,31.6198,10.8533,10.9298,12.2979,10.3197,5.7933,13.3579,5.8933,7.88099,10.9098,11.0098,5.73967,12.3898,9.53978,11.0498,6.05971,10.6498,28.4798,5.57681,14.921,14.3698,11.3198,7.92982,12.9298,9.0233,18.5698,10.9498,17.7898,13.6579,10.0497,18.1368,9.34982,7.86978,16.7998,7.34674,10.3498,10.2598,16.2204,8.27982,5.28333,3.79974,15.241,11.4698,13.9198,16.9498,23.2633,10.8698,11.6241,10.3968,16.9233,7.17794,6.67974,14.9398,8.76099,12.2004,8.27099,30.1198,9.79411,5.24333,30.1798,3.72971,13.7579,11.8698,4.89333,6.31685,27.8198,18.6098,19.5733,12.2698,14.6498,19.4698,21.8498,10.8998,7.09794,11.2398,13.9398,11.2898,10.2197,15.9198,18.4768,17.5968,6.23971,25.3298,6.50681,8.41982,17.6698,
STATS - lpIterations[1] lagIterations[7] sspIterations[34] numSeparations[18] numCuts[0] compileTime[0] sspSolveTime[0] lpSolveTime[0] lb[2467.51] ub[2694.9] numArcs: [528509] numFixed: [12731] time: [0]
STATS - lpIterations[1] lagIterations[7] sspIterations[34] numSeparations[18] numCuts[0] compileTime[0] sspSolveTime[0] lpSolveTime[0] lb[2468.9] ub[2694.9] numArcs: [528509] numFixed: [12731] time: [0]
DUALS 1,2468.9,529348,20998,0,10.5761,5.92597,30.1598,11.6962,16.0261,6.99967,11.7962,39.6698,10.8161,16.1661,11.3762,8.17615,4.69604,8.55615,12.4667,10.5198,4.28604,12.0962,10.386,12.6969,16.5968,10.6898,25.5768,4.61714,6.47044,11.5867,9.017,10.466,9.29733,9.45608,10.324,11.9261,20.2043,9.31612,13.0762,20.6243,9.10615,10.2198,4.99601,12.1667,10.0604,21.8873,6.46597,9.28612,4.57333,16.7461,18.2096,5.73795,18.2298,15.6473,12.0198,17.6368,6.80608,28.9598,26.3562,15.8898,7.27428,10.5262,11.8267,19.4362,6.08066,8.10612,17.0498,4.91348,21.4198,12.8896,6.14604,6.74615,18.8562,18.5162,10.356,34.7162,10.5061,5.72956,26.7768,10.8962,6.27044,5.46604,16.6073,6.02396,8.82615,11.8662,7.84428,12.1662,10.6604,12.3098,15.8073,30.7898,12.7867,5.58612,12.5096,9.83685,8.97615,21.6998,9.30612,6.82604,15.486,12.6462,6.72608,6.767,6.99612,9.79615,24.4298,19.6762,7.3867,9.94612,4.31601,13.4243,6.86051,13.5404,24.5798,15.9673,4.96612,9.75982,31.6198,11.5397,10.9298,12.9843,11.006,6.47963,14.0443,6.57963,8.56733,11.5962,11.6962,6.42601,13.0762,10.2261,11.7362,6.74604,11.3361,29.1662,6.26315,15.6073,15.0562,11.3198,7.92982,13.6162,9.70963,18.5698,11.6362,17.7898,14.3443,10.7361,18.1368,10.0362,8.55612,17.4861,8.03308,10.3498,10.2598,16.9067,8.96615,3.91066,4.48608,15.9273,12.1562,14.6061,16.9498,23.9496,11.5562,12.3104,10.3968,17.6096,7.86428,7.36608,15.6261,9.44733,12.8867,8.95733,30.1198,10.4804,3.87066,30.1798,4.41604,14.4443,11.8698,4.89333,5.63051,28.5062,19.2962,19.5733,12.9562,15.3362,19.4698,22.5362,10.8998,7.78428,11.2398,14.6261,11.9762,10.906,16.6061,18.4768,17.5968,6.92604,26.0162,7.19315,9.10615,18.3562,
STATS - lpIterations[1] lagIterations[8] sspIterations[64] numSeparations[21] numCuts[0] compileTime[0] sspSolveTime[0] lpSolveTime[0] lb[2471.17] ub[2694.9] numArcs: [529348] numFixed: [20998] time: [1]
STATS - lpIterations[1] lagIterations[8] sspIterations[64] numSeparations[21] numCuts[0] compileTime[0] sspSolveTime[0] lpSolveTime[0] lb[2509.48] ub[2694.9] numArcs: [529348] numFixed: [20998] time: [1]
DUALS 1,2509.48,537204,54910,0,10.2893,6.2127,29.8731,11.6962,15.1659,6.99967,12.0829,39.3831,10.5293,15.5927,11.6629,8.17615,4.98278,8.84288,11.8932,10.5198,4.57278,11.8094,10.6728,12.6969,16.5968,10.6898,25.5768,4.90388,5.89698,10.4398,9.30373,9.89258,8.72386,9.45608,9.46376,12.2128,19.9175,8.74265,12.7894,20.3375,9.39288,10.2198,5.28274,11.3065,9.48698,21.3139,6.7527,8.99938,4.57333,16.1727,17.6362,5.73795,17.3696,15.0739,12.0198,17.6368,6.51935,28.6731,26.6429,15.8898,7.27428,10.8129,10.9665,19.4362,6.36739,8.10612,17.0498,5.20021,21.4198,12.3162,6.43278,7.03288,19.1429,18.5162,9.49581,34.7162,10.5061,4.86937,26.7768,11.1829,5.12351,5.75278,16.0339,5.45049,9.11288,11.8662,7.55755,12.1662,10.087,12.3098,15.2339,30.5031,11.9265,5.87285,11.9362,9.83685,8.97615,21.6998,8.73265,6.53931,15.1993,12.9329,6.43935,7.05373,6.70938,9.50942,24.4298,19.3894,6.52651,9.37265,4.60274,12.8508,7.14725,12.967,24.5798,15.3939,4.96612,9.75982,31.6198,11.2529,10.3564,12.6975,10.7193,6.47963,13.4708,6.2929,7.99386,11.8829,11.6962,6.13928,12.7894,9.65265,12.0229,6.17258,11.0494,28.306,5.97642,15.0339,15.3429,11.3198,7.92982,13.9029,9.13617,18.5698,11.9229,17.7898,14.0575,10.1626,18.1368,10.0362,7.98265,17.7728,7.45961,10.3498,10.2598,16.0465,8.39269,4.19739,4.77281,15.3539,12.4429,14.0327,16.9498,23.3762,11.2694,11.737,10.3968,17.6096,7.29082,7.36608,15.0527,8.87386,12.0265,8.95733,30.1198,9.90698,4.15739,30.1798,4.70278,14.1575,11.8698,4.89333,5.91725,28.5062,18.7227,19.5733,12.6694,15.6229,19.1831,22.2494,10.8998,7.21082,11.2398,14.0527,11.9762,10.906,16.0327,18.4768,17.5968,6.63931,26.3029,6.90642,9.39288,18.6429,
STATS - lpIterations[1] lagIterations[9] sspIterations[72] numSeparations[41] numCuts[0] compileTime[0] sspSolveTime[0] lpSolveTime[0] lb[2521.63] ub[2694.9] numArcs: [537204] numFixed: [54910] time: [1]
STATS - lpIterations[1] lagIterations[9] sspIterations[72] numSeparations[41] numCuts[0] compileTime[0] sspSolveTime[0] lpSolveTime[0] lb[2522.08] ub[2694.9] numArcs: [537204] numFixed: [54910] time: [1]
DUALS 1,2522.08,537528,71543,0,10.9779,5.52419,30.5616,12.3847,15.8544,7.68819,12.7714,40.0716,11.2179,16.2812,12.3514,8.86467,4.29426,9.5314,12.5818,10.5198,3.19574,12.4979,11.3613,13.3854,16.5968,10.6898,25.5768,5.59239,6.58549,11.1283,9.99225,10.5811,9.41238,10.1446,10.1523,12.2128,19.9175,9.43117,13.4779,20.3375,10.0814,10.2198,3.90571,11.995,10.1755,22.0024,6.06419,8.31087,5.26185,16.8612,18.3247,6.42647,18.0581,15.7624,12.0198,17.6368,7.20787,29.3616,27.3314,15.8898,7.27428,11.5014,11.655,20.1247,7.05591,8.10612,17.0498,5.88873,21.4198,13.0047,5.74426,5.65585,19.8314,19.2047,10.1843,35.4047,11.1946,5.55788,26.7768,9.80585,5.81203,5.06426,16.7224,6.13901,9.8014,12.5547,7.55755,12.8547,10.7755,12.3098,15.9224,31.1916,12.615,5.18433,12.6247,9.83685,9.66467,21.6998,9.42117,7.22783,15.8878,13.6214,7.12787,7.74225,7.3979,8.8209,25.1183,20.0779,7.21502,10.0612,3.91422,12.8508,7.83576,13.6555,24.5798,16.0824,4.96612,9.75982,31.6198,11.2529,11.0449,12.6975,11.4078,7.16815,13.4708,6.98142,8.68238,12.5714,12.3847,6.82779,13.4779,10.3412,12.7114,6.8611,10.3609,28.9945,6.66494,15.7224,16.0314,11.3198,8.61833,14.5914,9.82469,18.5698,12.6114,17.7898,14.0575,10.8511,18.1368,8.65912,8.67117,18.4614,8.14813,10.3498,10.2598,16.735,9.0812,4.88591,4.08429,16.0424,13.1314,14.7212,16.9498,24.0647,11.9579,12.4255,10.3968,18.2981,7.29082,8.0546,15.7412,9.56238,12.715,9.64584,30.1198,10.5955,4.84591,30.1798,4.01426,14.1575,12.5583,5.58185,6.60576,29.1947,19.4112,19.5733,13.3579,16.3114,19.8716,22.9379,10.8998,7.21082,11.2398,14.7412,12.6647,11.5946,16.7212,18.4768,17.5968,7.32783,26.9914,7.59494,10.0814,19.3314,
STATS - lpIterations[1] lagIterations[10] sspIterations[105] numSeparations[45] numCuts[0] compileTime[0] sspSolveTime[0] lpSolveTime[0] lb[2534.07] ub[2694.9] numArcs: [537528] numFixed: [71543] time: [1]
DUALS 2,2534.07,544098,94043,0,10.9779,5.80926,29.7064,11.8145,15.5694,7.68819,12.7714,39.2164,11.2179,16.2812,12.3514,9.14974,4.57933,9.24633,12.2967,10.5198,3.48082,12.4979,10.5061,13.3854,16.5968,10.6898,25.5768,5.30732,6.01535,10.8432,9.70717,9.72587,8.55716,9.57445,9.29706,12.4979,20.2026,9.43117,13.4779,20.6226,9.79633,10.2198,4.19078,11.7099,9.60535,21.1472,6.34926,8.59594,5.26185,16.8612,17.7545,6.14139,17.7731,14.9072,12.0198,17.6368,7.20787,29.3616,26.7613,15.8898,7.27428,11.7865,11.3699,19.8396,6.77084,8.10612,17.0498,4.74843,21.4198,12.7196,6.02933,5.94092,20.1165,18.9196,9.89926,34.8345,11.1946,4.41759,26.7768,10.0909,5.24188,5.34933,15.8672,5.56886,8.94618,11.9845,7.84262,12.2845,10.2053,12.3098,15.0672,30.3364,12.3299,5.4694,12.3396,9.83685,9.37959,21.6998,9.42117,6.37261,15.0326,13.0513,7.12787,7.1721,7.3979,9.10598,25.1183,19.7929,6.92995,10.0612,4.1993,12.2807,7.26561,13.0853,24.5798,15.2272,5.25119,9.75982,31.6198,11.2529,11.0449,12.9826,11.4078,6.88308,13.4708,6.69634,7.82716,12.8565,11.8145,6.82779,12.9078,10.3412,12.9965,6.00587,10.3609,28.7094,6.37986,15.1522,15.7463,11.3198,7.47804,14.0213,9.25454,18.5698,12.8965,17.7898,14.3426,10.5661,18.1368,8.94419,8.10102,18.7464,6.72276,10.3498,10.2598,16.1649,8.79613,4.60084,4.36937,15.1872,12.5613,14.4361,16.9498,23.4945,11.9579,12.1404,10.3968,18.0131,6.72067,8.0546,15.7412,8.70716,12.1449,9.64584,30.1198,10.0253,4.56084,30.1798,4.29933,14.4426,12.5583,5.58185,5.75054,28.6245,19.1261,19.5733,12.5027,16.0263,19.8716,22.0827,10.8998,6.64067,11.2398,14.7412,12.0945,10.7393,16.7212,18.4768,17.5968,6.47261,27.2765,7.02479,9.79633,19.6165,
STATS - lpIterations[1] lagIterations[11] sspIterations[118] numSeparations[64] numCuts[0] compileTime[0] sspSolveTime[0] lpSolveTime[0] lb[2541.34] ub[2694.9] numArcs: [544098] numFixed: [94043] time: [2]
STATS - lpIterations[1] lagIterations[11] sspIterations[118] numSeparations[64] numCuts[0] compileTime[0] sspSolveTime[0] lpSolveTime[0] lb[2541.35] ub[2694.9] numArcs: [544098] numFixed: [94043] time: [2]
DUALS 2,2541.35,544867,110102,0,9.88763,6.8995,30.7966,12.9048,15.5694,7.68819,12.7714,40.3066,10.1276,16.2812,11.2612,10.24,5.66957,10.3366,12.2967,10.5198,4.57105,12.4979,11.5963,13.3854,16.5968,10.6898,25.5768,6.39755,6.01535,10.8432,10.7974,10.8161,9.64739,10.6647,9.29706,13.5882,20.2026,9.43117,13.4779,20.6226,9.79633,10.2198,5.28101,11.7099,9.60535,22.2374,7.4395,9.68618,6.35208,16.8612,17.7545,6.14139,17.7731,15.9974,12.0198,17.6368,6.11763,29.3616,26.7613,15.8898,7.27428,12.8767,11.3699,20.9298,7.86107,9.19635,17.0498,5.83867,21.4198,12.7196,7.11957,7.03116,21.2067,18.9196,6.62855,35.9248,11.1946,5.50782,26.7768,11.1812,5.24188,6.43957,16.9574,5.56886,8.94618,13.0748,7.84262,13.3748,10.2053,12.3098,16.1574,31.4266,12.3299,6.55964,12.3396,9.83685,9.37959,21.6998,9.42117,7.46284,16.1228,14.1415,6.03763,8.26233,6.30767,10.1962,25.1183,19.7929,6.92995,10.0612,5.28953,12.2807,8.35585,13.0853,24.5798,16.3174,6.34142,9.75982,31.6198,11.2529,11.0449,12.9826,9.22736,7.97331,13.4708,6.69634,8.91739,13.9467,12.9048,4.64732,13.998,10.3412,11.9062,7.09611,11.4511,28.7094,6.37986,16.2425,15.7463,11.3198,7.47804,14.0213,8.1643,18.5698,13.9867,17.7898,14.3426,10.5661,18.1368,10.0344,8.10102,19.8367,7.81299,10.3498,10.2598,16.1649,8.79613,5.69107,5.4596,16.2774,13.6515,14.4361,16.9498,23.4945,11.9579,12.1404,10.3968,18.0131,6.72067,6.96436,15.7412,9.79739,12.1449,10.7361,30.1198,10.0253,5.65107,30.1798,5.38957,14.4426,13.6486,6.67208,6.84078,29.7148,19.1261,19.5733,11.4125,16.0263,19.8716,23.1729,10.8998,6.64067,11.2398,14.7412,13.1848,11.8296,16.7212,18.4768,17.5968,7.56284,28.3667,7.02479,9.79633,20.7067,
STATS - lpIterations[1] lagIterations[12] sspIterations[145] numSeparations[67] numCuts[0] compileTime[0] sspSolveTime[1] lpSolveTime[0] lb[2553.64] ub[2694.9] numArcs: [544867] numFixed: [110102] time: [2]
DUALS 2,2553.64,547681,143400,0,10.1838,6.30716,29.3158,12.3124,15.8655,7.98436,13.0676,38.8258,10.4238,16.5773,11.5573,10.24,5.07723,10.3366,12.2967,10.816,3.97871,12.7941,10.7078,13.3854,16.5968,10.986,25.5768,6.10138,6.01535,11.1394,10.2051,10.2238,8.75888,10.0723,9.29706,13.5882,20.4988,9.135,13.7741,20.9188,10.0925,10.516,4.09634,12.0061,9.60535,21.3489,6.84716,9.98234,6.35208,17.1573,17.7545,6.14139,18.0692,15.1089,12.0198,17.6368,6.4138,29.6578,26.7613,15.8898,7.27428,13.1729,11.0738,20.3375,6.67639,9.19635,16.7536,5.24633,21.4198,12.7196,6.52723,7.32733,21.5029,18.9196,6.92472,35.3324,11.1946,4.61931,26.7768,11.4773,5.24188,5.84723,16.0689,5.56886,8.94618,12.7786,8.13879,12.7824,10.2053,12.3098,15.2689,29.9458,12.3299,5.9673,12.3396,9.83685,9.37959,21.6998,9.125,6.8705,15.2343,12.6606,6.3338,7.66999,6.60384,10.4924,25.1183,19.7929,6.92995,10.3573,4.40102,12.2807,7.46734,13.0853,24.876,15.4289,6.34142,9.75982,31.6198,11.5491,11.341,13.2788,9.52353,7.67714,13.4708,6.99251,8.02888,14.2429,12.3124,4.94349,12.5172,10.6373,12.2024,6.50377,11.4511,29.0056,6.37986,15.9463,16.0425,11.3198,6.8857,13.4289,8.1643,18.866,14.2829,17.7898,14.6388,10.8622,18.1368,10.3306,8.10102,19.8367,6.92449,10.646,10.556,16.1649,9.0923,5.09873,5.16343,15.3889,12.1706,14.1399,17.246,23.4945,11.9579,12.1404,10.3968,18.3092,6.72067,7.26053,16.0373,8.90888,12.1449,10.4399,30.4159,10.0253,5.05873,30.1798,4.79723,14.7388,13.3524,6.67208,5.95227,29.1224,19.4223,19.5733,11.7086,16.3225,20.1678,21.6921,10.8998,6.64067,11.2398,14.7412,12.5924,10.9411,17.0173,18.4768,17.5968,6.67433,28.6629,7.02479,10.0925,21.0029,
STATS - lpIterations[1] lagIterations[13] sspIterations[166] numSeparations[83] numCuts[0] compileTime[0] sspSolveTime[1] lpSolveTime[0] lb[2555.54] ub[2694.9] numArcs: [547681] numFixed: [143400] time: [2]
STATS - lpIterations[1] lagIterations[13] sspIterations[166] numSeparations[83] numCuts[0] compileTime[0] sspSolveTime[1] lpSolveTime[0] lb[2563.08] ub[2694.9] numArcs: [547681] numFixed: [143400] time: [2]
DUALS 3,2563.08,550982,173971,0,10.8451,6.30716,29.977,12.9737,14.543,7.98436,13.0676,39.487,11.0851,15.2548,12.2186,10.9012,5.07723,10.3366,12.958,10.816,4.63998,11.4716,10.7078,13.3854,16.5968,10.986,25.5768,6.10138,6.01535,11.8007,9.5438,10.885,8.75888,10.0723,9.29706,14.2494,19.8375,8.47373,14.4354,20.2575,10.7538,10.516,4.09634,12.6674,9.60535,21.3489,6.84716,9.98234,6.35208,15.8348,17.7545,6.80266,16.7467,15.1089,11.3585,17.6368,7.07507,28.3352,26.7613,15.8898,7.27428,13.8341,11.0738,20.9988,6.67639,9.19635,16.7536,4.58506,21.4198,13.3809,6.52723,5.34352,21.5029,19.5809,7.58599,35.9937,11.1946,4.61931,26.7768,10.1548,5.24188,5.84723,16.0689,5.56886,9.60745,13.4399,8.13879,13.4437,10.2053,11.6485,15.2689,30.607,12.3299,5.9673,12.3396,9.83685,9.37959,21.0385,8.46373,7.53177,15.2343,13.3219,6.99507,7.00872,7.2651,9.83111,23.7958,18.4703,6.92995,9.69607,3.73975,11.6194,6.1448,13.0853,24.876,15.4289,6.34142,9.75982,30.9585,12.2104,10.0185,13.2788,10.1848,7.67714,12.8095,6.99251,8.02888,13.5816,12.9737,5.60476,13.1784,9.97607,12.8637,7.16504,10.7898,27.683,7.04113,15.9463,16.7038,10.6585,6.8857,14.0902,8.1643,18.866,14.2829,17.7898,14.6388,11.5235,18.1368,9.00806,8.10102,19.1754,7.58575,10.646,10.556,16.8261,9.75357,3.11493,4.50216,15.3889,12.8319,13.4787,17.246,23.4945,11.9579,11.4792,10.3968,17.648,6.72067,7.9218,15.3761,8.90888,12.1449,10.4399,30.4159,10.0253,4.39746,29.5185,4.79723,14.0775,14.0137,6.01082,4.62973,29.7837,18.0998,19.5733,11.0474,16.9838,18.8452,22.3534,10.8998,6.64067,11.2398,14.7412,13.2537,10.9411,15.6948,18.4768,17.5968,6.67433,28.0016,7.02479,10.7538,21.0029,
DUALS 3,2563.08,553080,170543,0,11.1968,6.30716,30.3288,12.9737,14.8948,8.33612,13.4193,39.8388,11.4368,15.6066,12.5704,10.9012,5.07723,10.3366,11.5509,10.816,4.63998,11.8233,10.7078,13.3854,16.5968,10.986,25.5768,6.45315,6.01535,9.69008,9.89556,9.82975,8.40712,10.0723,9.29706,14.6012,19.8375,8.82549,14.7871,20.2575,10.402,10.516,4.09634,10.9086,9.60535,20.9971,6.84716,10.3341,6.35208,16.1866,17.4028,6.09914,17.0985,14.7571,11.7103,17.6368,7.42683,28.687,26.4095,15.8898,7.27428,14.1859,10.3703,21.3505,7.02815,9.19635,16.7536,4.93682,21.7715,13.3809,6.52723,5.69528,21.8546,19.2291,7.93775,35.9937,11.1946,3.91579,26.7768,10.5066,5.24188,5.84723,15.7171,5.56886,9.25568,13.4399,8.13879,13.4437,10.2053,12.0003,14.9171,30.9588,10.9229,5.9673,11.9878,9.83685,9.02783,21.3903,8.81549,7.18001,15.2343,13.6737,7.34683,7.36049,7.2651,10.1829,24.1476,18.8221,5.5229,10.0478,3.73975,11.2676,6.49657,13.0853,24.876,15.0771,6.34142,9.75982,31.3103,12.2104,10.3703,13.2788,10.5366,7.32538,12.4578,7.34428,7.67712,13.9334,12.9737,5.95652,13.5302,10.3278,13.2154,6.81328,10.7898,28.0348,6.68937,15.5945,16.352,11.0103,6.53393,13.7384,7.81254,18.866,14.6346,17.7898,14.6388,11.8753,18.1368,9.35982,7.74926,19.5272,6.88223,10.646,10.556,15.0673,6.93947,3.46669,4.50216,15.0371,13.1837,13.8304,17.246,23.1428,12.3097,11.4792,10.3968,17.648,6.36891,8.27356,15.7278,8.55712,10.7378,10.0881,30.7677,10.0253,4.74923,29.8703,4.79723,14.0775,14.3654,6.01082,4.98149,29.7837,18.4515,19.5733,10.6956,16.632,19.197,22.7051,10.8998,6.28891,11.5915,14.7412,13.2537,10.9411,16.0466,18.4768,17.5968,6.67433,28.3534,6.67302,10.402,21.3546,
STATS - lpIterations[1] lagIterations[15] sspIterations[196] numSeparations[104] numCuts[0] compileTime[0] sspSolveTime[1] lpSolveTime[0] lb[2572.63] ub[2694.9] numArcs: [553080] numFixed: [170543] time: [3]
DUALS 4,2572.63,553889,192640,0,11.1968,6.30716,30.3288,12.9737,16.0599,8.33612,14.5845,39.8388,11.4368,16.7717,11.4052,10.9012,5.07723,11.5017,12.716,10.816,4.63998,12.9885,11.8729,13.3854,16.5968,10.986,25.5768,5.288,6.01535,10.8552,9.89556,10.9949,9.57226,11.2375,9.29706,14.6012,21.0027,9.99063,14.7871,21.4227,11.5671,10.516,4.09634,12.0737,9.60535,22.1623,6.84716,10.3341,6.35208,17.3517,18.5679,7.26428,18.2636,15.9223,11.7103,17.6368,7.42683,29.8521,27.5746,15.8898,8.43942,15.3511,11.5354,21.3505,5.86301,9.19635,16.7536,4.93682,21.7715,14.546,6.52723,5.69528,23.0198,20.3942,7.93775,35.9937,11.1946,5.08093,26.7768,10.5066,5.24188,5.84723,16.8823,5.56886,10.4208,14.605,9.30393,13.4437,10.2053,12.0003,16.0823,30.9588,12.088,5.9673,13.153,9.83685,10.193,21.3903,9.98063,8.34515,16.3995,13.6737,7.34683,7.36049,7.2651,10.1829,25.3127,19.9872,6.68804,11.213,3.73975,11.2676,6.49657,13.0853,23.7108,16.2423,6.34142,9.75982,31.3103,12.2104,11.5354,14.4439,10.5366,8.49052,12.4578,7.34428,8.84226,15.0985,12.9737,5.95652,13.5302,11.493,12.0503,7.97842,10.7898,29.1999,7.85451,16.7597,17.5171,11.0103,7.69908,14.9036,7.81254,18.866,15.7998,17.7898,15.8039,11.8753,18.1368,9.35982,8.9144,20.6923,8.04737,10.646,10.556,16.2325,8.10462,3.46669,4.50216,16.2023,13.1837,14.9956,17.246,24.3079,13.4748,11.4792,10.3968,18.8131,7.53405,8.27356,16.893,9.72226,11.903,11.2533,30.7677,10.0253,5.91437,29.8703,4.79723,15.2427,14.3654,6.01082,4.98149,29.7837,19.6167,19.5733,11.8608,17.7971,20.3621,22.7051,9.73467,6.28891,11.5915,14.7412,13.2537,12.1062,17.2117,18.4768,17.5968,7.83947,29.5185,7.83817,11.5671,22.5198,
STATS - lpIterations[1] lagIterations[16] sspIterations[232] numSeparations[108] numCuts[0] compileTime[0] sspSolveTime[2] lpSolveTime[0] lb[2585.91] ub[2694.9] numArcs: [553889] numFixed: [192640] time: [4]
DUALS 4,2585.91,558856,269439,0,11.1968,6.54781,30.0881,12.9737,15.5786,8.57677,14.3438,39.5981,11.4368,16.2904,11.6459,10.9012,5.31788,9.81715,12.4754,10.816,4.88063,12.7478,10.6697,13.3854,16.5968,10.986,25.5768,5.52866,6.256,10.3739,10.1362,9.79164,9.09096,10.9968,9.53771,14.8418,20.2807,9.02803,14.7871,20.7007,11.0858,10.516,4.33699,11.8331,9.846,21.4403,7.08781,10.3341,6.35208,16.8704,18.3273,6.78298,17.5416,15.2003,11.9509,17.6368,7.42683,29.3708,27.0933,15.8898,8.19877,14.8697,11.2947,21.3505,6.10366,9.19635,16.7536,5.17747,22.0122,14.546,6.76788,5.93593,22.2978,19.9129,7.93775,35.9937,11.1946,3.87767,26.7768,10.7472,5.48253,6.08788,16.1603,5.80951,9.93952,14.605,8.34133,13.4437,10.446,12.2409,15.3603,30.7181,11.8474,6.20795,12.9123,9.83685,10.193,21.6309,9.01803,7.1419,14.7149,13.9143,7.34683,7.60114,7.2651,10.4235,24.5907,19.7466,6.44739,10.491,3.4991,10.7863,6.73722,13.0853,23.7108,15.5203,6.34142,9.75982,31.5509,11.9697,10.8135,13.722,10.5366,8.24987,11.9765,7.34428,8.12031,14.3766,13.2143,5.95652,13.5302,11.0117,12.2909,6.77516,10.7898,28.9593,7.61386,16.0377,17.0358,11.2509,6.73647,14.4223,7.33124,18.866,15.0778,17.7898,15.082,11.6346,18.1368,9.60047,8.9144,19.9704,6.60347,10.646,10.556,15.9918,8.34527,3.70734,4.50216,15.4803,13.4243,14.033,17.246,24.0673,13.4748,10.9978,10.3968,18.8131,7.05275,8.27356,15.9304,9.00031,11.4217,11.2533,31.0084,10.266,6.15502,30.1109,5.03788,14.5207,14.3654,6.01082,5.22214,29.7837,18.8947,19.5733,10.8982,17.3158,19.8808,22.7051,9.73467,6.04825,11.8322,14.7412,13.2537,10.903,16.7304,18.4768,17.5968,6.63622,28.7966,7.59752,11.0858,21.7978,
STATS - lpIterations[1] lagIterations[17] sspIterations[251] numSeparations[128] numCuts[0] compileTime[0] sspSolveTime[2] lpSolveTime[0] lb[2591.86] ub[2694.9] numArcs: [558856] numFixed: [269439] time: [4]
DUALS 5,2591.86,560262,285464,0,11.1968,6.54781,30.0881,14.0704,15.5786,9.67344,14.3438,39.5981,11.4368,16.2904,12.7425,11.9979,5.31788,10.9138,13.5721,10.816,4.88063,12.7478,11.7664,12.2888,16.5968,12.0827,25.5768,6.62532,5.15933,11.4706,11.2329,10.8883,9.09096,10.9968,8.44104,15.9385,20.2807,9.02803,14.7871,20.7007,11.0858,10.516,4.33699,12.9297,9.846,20.3436,7.08781,10.3341,6.35208,16.8704,16.1339,7.87965,17.5416,14.1036,11.9509,17.6368,7.42683,29.3708,27.0933,14.7931,8.19877,15.9664,12.3914,22.4472,7.20033,9.19635,15.657,5.17747,22.0122,12.3527,6.76788,5.93593,22.2978,17.7196,7.93775,37.0904,11.1946,4.97434,26.7768,10.7472,3.2892,6.08788,15.0636,4.71285,9.93952,15.7017,8.34133,14.5404,9.34933,12.2409,14.2636,30.7181,12.9441,6.20795,10.719,9.83685,10.193,21.6309,9.01803,8.23856,15.8116,13.9143,7.34683,7.60114,7.2651,10.4235,23.4941,19.7466,7.54406,10.491,3.4991,10.7863,7.83388,10.892,23.7108,14.4236,6.34142,9.75982,31.5509,13.0664,10.8135,13.722,10.5366,9.34654,11.9765,7.34428,7.02364,14.3766,14.311,5.95652,13.5302,11.0117,13.3876,7.87183,10.7898,28.9593,8.71053,14.9411,17.0358,11.2509,6.73647,14.4223,6.23457,18.866,15.0778,17.7898,15.082,11.6346,18.1368,9.60047,6.72106,19.9704,7.70013,10.646,10.556,17.0885,9.44193,4.80401,4.50216,14.3836,13.4243,14.033,17.246,21.8739,13.4748,9.90118,10.3968,17.7165,7.05275,8.27356,15.9304,7.90364,12.5183,10.1566,31.0084,9.16933,7.25169,30.1109,5.03788,14.5207,14.3654,7.10748,6.31881,30.8804,18.8947,19.5733,9.80149,17.3158,19.8808,22.7051,9.73467,6.04825,11.8322,14.7412,14.3504,11.9996,16.7304,18.4768,17.5968,7.73289,28.7966,7.59752,11.0858,21.7978,
DUALS 5,2591.86,564001,288016,0,11.1968,6.81625,30.0881,12.7282,15.5786,9.67344,14.3438,39.3297,11.4368,16.2904,12.4741,11.9979,5.58632,9.30318,11.9614,11.0844,5.14907,12.7478,10.6926,12.5572,16.5968,12.3511,25.5768,6.62532,5.42777,10.6653,10.9644,10.083,9.3594,10.46,8.70948,15.1332,20.5492,8.22271,14.7871,20.9692,11.0858,10.7844,4.60543,12.1244,10.1144,20.6121,7.35625,10.3341,6.35208,16.8704,16.4024,7.61121,17.5416,14.3721,11.414,17.6368,7.42683,29.6393,27.0933,14.7931,8.19877,15.9664,11.0492,21.9103,6.66345,9.19635,15.657,5.17747,21.4753,12.6211,7.03632,6.20437,22.5663,17.988,7.93775,35.7482,11.1946,3.90058,26.7768,11.0156,3.55764,6.35632,15.3321,4.98129,9.93952,14.3595,8.60977,13.1982,9.61777,11.704,14.5321,30.7181,11.3334,6.47639,10.9874,9.83685,10.193,21.094,8.21271,7.70168,14.4694,13.9143,7.34683,7.3327,7.2651,10.4235,23.7625,19.7466,5.93342,10.491,3.76754,10.2495,7.297,11.1604,23.9793,14.6921,6.34142,10.0283,31.014,13.3348,10.8135,13.722,10.5366,9.0781,12.2449,7.34428,7.29208,14.645,12.9688,5.95652,13.2618,11.0117,13.1192,7.33495,10.7898,28.9593,8.17365,15.2095,17.0358,10.714,6.73647,14.4223,6.23457,19.1344,15.3463,18.0583,15.3504,11.6346,18.1368,9.86891,6.9895,19.9704,6.62638,10.9144,10.8244,16.2832,9.17349,4.53557,4.50216,14.6521,13.4243,13.2276,17.5144,22.1424,13.4748,10.1696,10.3968,17.7165,6.51587,8.27356,15.1251,8.17208,10.9077,10.4251,30.4715,9.43777,6.98325,29.574,5.30632,14.7892,14.3654,6.83904,5.78193,29.5382,18.8947,19.5733,9.80149,17.3158,20.1493,22.4367,10.0031,5.51137,11.5638,14.7412,13.2766,10.6574,16.7304,18.4768,17.5968,6.39069,29.065,7.06064,11.0858,22.0663,
DUALS 5,2591.86,564497,258601,0,11.1968,5.05031,30.0881,13.6111,15.5786,9.67344,14.3438,39.3297,11.4368,16.2904,11.5911,11.9979,3.82038,9.30318,12.8444,11.0844,2.50017,12.7478,11.5756,13.4402,16.5968,12.3511,24.6939,6.62532,6.31074,10.6653,10.0815,10.083,10.2424,11.3429,9.59245,16.0162,20.5492,8.22271,14.7871,20.9692,11.0858,10.7844,1.95653,12.1244,10.9974,21.495,5.59031,10.3341,6.35208,16.8704,17.2853,7.61121,17.5416,15.255,12.297,16.7539,7.42683,29.6393,27.0933,14.7931,8.19877,15.9664,11.9322,22.7933,6.66345,9.19635,15.657,3.41154,22.3583,13.5041,5.27038,6.20437,22.5663,18.871,7.93775,36.6311,11.1946,3.90058,25.8939,11.0156,4.4406,4.59038,16.215,5.86425,9.93952,15.2424,8.60977,14.0811,10.5007,12.587,15.415,30.7181,12.2164,4.71046,11.8704,8.95388,10.193,21.977,8.21271,7.70168,14.4694,13.9143,7.34683,6.44973,7.2651,10.4235,23.7625,19.7466,6.81639,10.491,2.00161,10.2495,5.53107,12.0434,23.0963,15.575,6.34142,10.0283,31.897,13.3348,10.8135,13.722,10.5366,9.0781,12.2449,7.34428,8.17505,14.645,13.8518,5.95652,14.1447,11.0117,13.1192,7.33495,10.7898,28.9593,8.17365,16.0925,17.0358,11.597,6.73647,14.4223,6.23457,19.1344,15.3463,17.1753,15.3504,11.6346,17.2539,9.86891,7.87247,19.9704,6.62638,10.9144,10.8244,16.2832,10.0565,3.6526,3.6192,15.535,13.4243,13.2276,17.5144,23.0253,13.4748,10.1696,9.51388,17.7165,6.51587,8.27356,15.1251,9.05505,11.7907,11.308,31.3544,10.3207,6.10028,30.457,3.54038,14.7892,14.3654,6.83904,3.13303,30.4211,18.8947,18.6904,8.91852,17.3158,20.1493,22.4367,10.0031,5.51137,12.4467,14.7412,14.1596,11.5404,16.7304,17.5939,16.7139,7.27366,29.065,7.06064,11.0858,22.0663,
DUALS 6,2591.86,566056,259376,0,11.1968,5.46451,30.0881,12.7827,15.5786,10.0876,14.3438,39.3297,11.4368,16.2904,12.0053,12.4121,4.23458,9.71737,12.016,11.0844,2.91437,12.7478,11.1614,13.4402,17.011,12.3511,25.1081,7.03952,6.31074,9.83688,10.4957,9.66879,9.82817,10.9287,9.59245,16.0162,20.9633,8.22271,14.7871,21.3833,11.0858,10.7844,2.37072,10.8818,10.9974,21.0809,6.00451,10.3341,6.35208,16.8704,17.6995,6.78281,17.1274,14.8409,11.0544,17.1681,7.42683,29.6393,27.0933,14.7931,8.19877,15.9664,10.6896,22.3791,7.07765,9.19635,15.657,3.82573,21.1157,13.9183,5.68458,6.20437,22.9805,19.2852,7.93775,35.8027,11.6088,3.07219,26.3081,11.0156,4.4406,5.00458,15.8009,5.86425,9.93952,14.8282,9.02397,13.2527,10.5007,11.3444,15.0009,30.7181,10.9738,5.12465,12.2846,9.36808,10.193,20.7344,8.21271,7.28749,14.0552,13.9143,7.34683,6.86393,7.2651,10.4235,23.7625,19.7466,5.5738,10.491,2.41581,9.42106,5.94527,12.0434,23.0963,15.1609,6.34142,10.0283,30.6544,13.749,10.3993,13.722,10.5366,8.6639,12.2449,7.75847,7.76085,15.0592,13.0234,5.95652,14.1447,11.0117,13.5334,6.92075,10.3756,28.9593,7.34525,15.6783,17.0358,10.3544,6.32227,14.4223,6.64877,19.1344,15.7605,17.1753,15.7646,11.6346,17.6681,9.86891,8.28667,19.9704,5.79798,10.9144,10.8244,15.0406,8.39967,4.0668,4.0334,15.1209,13.4243,13.2276,17.5144,23.4395,13.4748,10.1696,9.92808,17.7165,5.68747,8.27356,15.1251,8.64085,10.5481,11.308,30.1119,10.3207,6.51448,29.2144,3.95458,15.2033,14.3654,6.83904,3.54723,29.5927,18.8947,19.1046,8.50432,17.3158,20.1493,22.4367,10.0031,4.68298,11.2041,14.7412,13.3312,10.712,16.7304,18.0081,17.1281,6.44526,29.4792,6.23224,11.0858,22.4805,
DUALS 6,2591.86,566712,259938,0,11.1968,6.4737,31.0973,13.7919,15.5786,9.07845,14.3438,40.3389,11.4368,16.2904,8.97777,13.4213,5.24377,10.7266,13.0252,11.0844,3.92355,12.7478,12.1705,14.4494,18.0202,12.3511,26.1173,6.03033,7.31992,10.8461,10.4957,10.678,9.82817,11.9379,10.6016,17.0253,20.9633,8.22271,14.7871,21.3833,11.0858,10.7844,3.37991,11.891,12.0066,21.0809,7.0137,10.3341,6.35208,16.8704,18.7087,7.792,17.1274,14.8409,12.0636,18.1773,7.42683,29.6393,27.0933,14.7931,8.19877,15.9664,11.6988,23.3883,6.06846,9.19635,15.657,3.82573,22.1249,14.9275,6.69377,6.20437,22.9805,20.2944,7.93775,36.8119,10.5996,4.08137,27.3173,11.0156,5.44979,6.01377,15.8009,6.87344,9.93952,15.8374,9.02397,14.2619,11.5099,12.3536,15.0009,31.7273,11.983,6.13384,13.2938,10.3773,10.193,21.7436,8.21271,8.29667,15.0644,14.9235,7.34683,6.86393,7.2651,10.4235,23.7625,19.7466,6.58298,10.491,3.42499,9.42106,5.94527,12.0434,23.0963,15.1609,6.34142,10.0283,31.6636,14.7582,10.3993,13.722,10.5366,9.67309,12.2449,6.74929,7.76085,15.0592,14.0326,5.95652,15.1539,11.0117,10.5058,7.92994,10.3756,28.9593,8.35444,15.6783,17.0358,11.3636,6.32227,14.4223,5.63958,19.1344,15.7605,17.1753,15.7646,11.6346,18.6773,9.86891,9.29586,19.9704,6.80717,10.9144,10.8244,16.0498,9.40886,5.07598,5.04258,15.1209,14.4335,13.2276,17.5144,24.4487,13.4748,10.1696,10.9373,18.7256,5.68747,8.27356,15.1251,8.64085,11.5573,11.308,31.121,11.3299,6.51448,30.2236,4.96377,15.2033,15.3746,6.83904,3.54723,30.6019,18.8947,20.1137,7.49514,17.3158,20.1493,23.4459,10.0031,4.68298,12.2133,14.7412,14.3404,11.7212,16.7304,19.0173,18.1373,7.45445,29.4792,6.23224,11.0858,22.4805,
STATS - lpIterations[1] lagIterations[22] sspIterations[365] numSeparations[169] numCuts[0] compileTime[0] sspSolveTime[3] lpSolveTime[0] lb[2609.17] ub[2694.9] numArcs: [566712] numFixed: [259938] time: [6]
DUALS 7,2609.17,572094,374587,0,11.1968,6.65683,29.9985,13.4256,15.5786,9.26158,14.527,38.8738,11.4368,16.2904,9.16091,12.8719,5.42691,10.5434,13.0252,11.2676,4.10669,12.7478,11.8043,14.2662,17.8371,12.5342,25.5679,6.21347,6.77051,10.8461,10.6788,10.1286,10.0113,11.5716,9.31968,17.2085,21.1465,7.6733,14.7871,21.5665,11.269,10.9676,3.56305,11.891,11.6403,21.264,7.19683,10.5172,6.35208,16.8704,17.9762,7.60886,17.1274,15.024,11.8805,17.6279,7.42683,29.6393,26.9102,14.7931,8.19877,15.9664,11.8819,23.3883,6.2516,9.19635,15.4738,4.00887,22.1249,14.5612,6.87691,6.38751,23.1636,19.5618,7.93775,36.4456,10.5996,3.53196,26.7679,11.1988,5.08352,6.19691,15.984,6.32403,9.93952,15.4711,9.2071,13.8956,10.9605,12.3536,15.184,30.6285,12.1661,6.31698,12.5612,10.011,10.193,21.5605,7.6633,7.74726,14.6981,13.6415,7.34683,7.04706,7.2651,10.6067,23.5794,19.7466,6.76612,10.491,3.60813,9.6042,6.1284,11.494,22.9132,15.344,6.34142,10.0283,31.4805,14.3919,10.5824,13.722,10.5366,9.48995,12.4281,6.74929,7.94399,15.0592,13.8494,5.95652,13.872,11.0117,10.689,7.38053,10.3756,28.9593,8.35444,15.8614,17.0358,11.1805,5.956,14.056,5.09017,19.3176,15.9436,16.9922,15.9478,11.6346,18.1279,10.052,8.74645,19.9704,6.25776,11.0976,11.0076,16.0498,9.59199,5.25912,5.04258,15.304,13.1515,12.6782,17.3313,23.7162,13.4748,9.80335,10.3879,18.7256,5.87061,8.27356,14.7588,8.82399,11.5573,11.4912,31.121,10.7805,6.69761,30.0405,5.14691,15.3865,15.3746,6.83904,3.73036,30.2356,18.8947,19.5643,7.67827,17.499,20.3324,21.9808,9.81998,4.86612,12.0302,14.7412,13.9741,11.3549,16.7304,18.4679,17.5879,7.08817,29.4792,6.23224,11.269,22.6636,
STATS - lpIterations[1] lagIterations[23] sspIterations[386] numSeparations[188] numCuts[0] compileTime[0] sspSolveTime[3] lpSolveTime[0] lb[2616.32] ub[2694.9] numArcs: [572094] numFixed: [374587] time: [7]
DUALS 7,2616.32,572253,390803,0,11.1968,5.77787,30.8775,13.4256,15.5786,10.1405,14.527,39.7528,11.4368,16.2904,10.0399,13.7508,4.54794,9.66446,10.3883,11.2676,3.22773,12.7478,10.0464,14.2662,17.8371,12.5342,25.5679,7.09243,6.77051,9.9671,11.5578,10.1286,10.0113,10.6927,9.31968,18.0874,21.1465,7.6733,14.7871,21.5665,11.269,10.9676,2.68408,11.0121,11.6403,21.264,6.31787,10.5172,7.23105,16.8704,17.9762,6.7299,17.1274,15.024,11.0015,17.6279,7.42683,29.6393,26.9102,14.7931,8.19877,15.9664,9.24503,23.3883,7.13056,9.19635,15.4738,4.88783,22.1249,14.5612,5.99794,6.38751,24.0426,19.5618,7.93775,36.4456,11.4786,2.653,26.7679,11.1988,5.08352,5.31794,15.984,6.32403,9.93952,15.4711,9.2071,13.8956,10.9605,12.3536,15.184,31.5075,9.52923,5.43802,12.5612,10.011,10.193,20.6815,7.6633,7.74726,12.9402,14.5205,7.34683,7.92603,7.2651,10.6067,22.7004,19.7466,4.12923,10.491,2.72917,8.72523,7.00737,11.494,22.9132,15.344,6.34142,10.0283,30.6015,15.2709,10.5824,13.722,10.5366,8.61099,12.4281,7.62825,7.94399,15.0592,13.8494,5.95652,14.7509,11.0117,11.5679,7.38053,9.49667,28.9593,7.47548,15.8614,17.0358,10.3015,5.956,14.056,5.09017,19.3176,16.8226,16.9922,15.9478,11.6346,18.1279,10.052,8.74645,19.9704,5.37879,11.0976,11.0076,15.1708,7.83407,6.13808,4.16362,15.304,14.0305,12.6782,17.3313,23.7162,13.4748,9.80335,10.3879,18.7256,4.99165,8.27356,14.7588,8.82399,10.6783,11.4912,31.121,10.7805,7.57658,29.1615,4.26794,15.3865,16.2536,7.71801,4.60933,30.2356,18.8947,19.5643,6.79931,17.499,20.3324,22.8597,9.81998,3.98715,11.1512,14.7412,13.9741,9.59698,16.7304,18.4679,17.5879,5.33025,29.4792,5.35328,11.269,23.5426,
DUALS 7,2616.32,573710,391770,0,11.1968,6.39029,29.0402,13.4256,15.5786,10.753,15.1394,37.3031,11.4368,16.2904,10.6523,14.3633,5.16036,10.2769,11.0007,11.2676,3.84015,13.3602,10.6588,14.2662,17.8371,12.5342,25.5679,6.48001,6.77051,10.5795,10.3329,10.741,10.0113,11.3051,9.31968,18.6999,21.1465,7.06088,14.7871,21.5665,11.8814,10.9676,3.2965,11.6245,11.6403,21.264,6.93029,10.5172,7.23105,16.8704,17.9762,7.34232,17.1274,15.024,11.6139,17.6279,7.42683,29.6393,26.9102,14.1807,8.19877,16.5788,9.85745,23.3883,4.68089,9.19635,15.4738,3.663,22.7373,14.5612,6.61036,6.38751,23.4301,19.5618,7.93775,36.4456,11.4786,3.26542,26.7679,11.1988,5.08352,5.93036,15.984,6.32403,9.93952,15.4711,9.2071,13.8956,10.9605,12.966,15.184,29.6702,10.1417,6.05043,12.5612,10.011,10.193,21.2939,7.05088,8.35968,13.5526,12.6833,7.34683,6.08877,7.2651,10.6067,22.088,19.7466,4.74165,10.491,3.34159,8.72523,4.55769,11.494,22.3008,15.344,6.95384,10.0283,31.2139,15.8833,11.1948,13.722,10.5366,9.22341,12.4281,7.62825,7.94399,14.4468,13.8494,5.95652,12.3012,11.0117,12.1803,7.99295,9.49667,28.9593,8.0879,15.8614,17.6483,10.9139,5.34358,14.056,5.70259,19.3176,16.2101,15.7673,15.9478,11.6346,18.1279,10.052,8.74645,19.3579,5.99121,11.0976,11.0076,15.7832,8.44649,4.30083,4.77604,15.304,12.1933,12.0658,17.3313,23.7162,13.4748,9.19093,10.3879,18.7256,4.99165,8.27356,14.7588,8.82399,11.2907,11.4912,31.7335,10.7805,6.96416,29.7739,4.88036,15.3865,16.2536,7.10559,2.77207,30.2356,18.8947,19.5643,7.41173,18.1114,20.9448,20.4101,9.81998,3.98715,11.7636,14.7412,13.9741,10.2094,16.7304,18.4679,17.5879,5.94267,28.8668,5.35328,11.8814,22.9301,
DUALS 8,2616.32,573907,392027,0,11.1968,7.38867,30.0386,14.424,16.577,11.7513,15.1394,38.3015,11.4368,17.2888,11.6507,14.3633,6.15874,11.2753,11.9991,11.2676,4.83853,12.3619,11.6572,14.2662,16.8387,12.5342,24.5695,7.4784,6.77051,11.5779,11.3313,11.7394,10.0113,12.3035,9.31968,17.7015,21.1465,8.05926,14.7871,21.5665,11.8814,10.9676,4.29488,12.6229,11.6403,21.264,7.92867,10.5172,8.22943,17.8688,16.9778,8.3407,16.1291,15.024,10.6155,16.6295,7.42683,28.6409,25.9118,14.1807,8.19877,16.5788,10.8558,24.3866,5.67927,9.19635,15.4738,4.66138,21.7389,14.5612,7.60874,6.38751,24.4285,18.5635,7.93775,37.444,11.4786,4.2638,25.7695,11.1988,5.08352,6.92874,15.984,6.32403,9.93952,16.4695,9.2071,14.894,10.9605,11.9676,15.184,30.6686,11.14,7.04882,11.5629,10.011,10.193,20.2955,8.04926,9.35806,14.551,13.6816,7.34683,7.08715,7.2651,10.6067,23.0864,18.7482,5.74003,11.4894,4.33997,8.72523,5.55607,11.494,22.3008,15.344,7.95222,10.0283,30.2155,14.8849,10.1964,13.722,10.5366,10.2218,12.4281,8.62663,7.94399,15.4452,14.8478,5.95652,13.2996,12.0101,13.1787,8.99133,9.49667,27.9609,8.0879,15.8614,17.6483,9.91554,5.34358,14.056,4.70421,19.3176,17.2085,15.7673,15.9478,11.6346,17.1295,10.052,8.74645,20.3563,6.98959,11.0976,11.0076,16.7816,9.44487,5.29921,5.77442,15.304,13.1916,13.0642,17.3313,22.7178,13.4748,9.19093,9.38948,18.7256,4.99165,8.27356,15.7572,8.82399,12.2891,11.4912,30.7351,10.7805,7.96254,28.7755,5.87874,15.3865,17.252,8.10397,3.77045,31.234,17.8963,18.566,6.41335,18.1114,19.9464,21.4085,9.81998,3.98715,10.7653,15.7396,14.9725,11.2078,17.7288,17.4695,16.5895,6.94105,29.8652,5.35328,11.8814,23.9285,
DUALS 8,2616.32,575502,393429,0,11.4612,6.85986,30.0386,13.3664,16.3126,12.0158,15.4038,38.3015,11.7012,17.0244,11.9151,14.6277,5.62993,9.68882,12.2635,11.532,4.30971,12.6263,11.1283,14.2662,17.1031,12.7986,24.8339,7.4784,7.03492,10.5203,11.3313,9.88852,10.0113,11.7747,9.58408,17.9659,21.4109,7.00164,15.0515,21.8309,11.8814,11.232,3.76607,11.3008,11.9047,21.264,7.39986,10.7817,8.22943,17.6044,17.2422,8.07629,16.3935,15.024,10.88,16.8939,7.69124,28.9053,25.9118,14.1807,8.19877,16.5788,11.1202,23.8578,5.67927,9.19635,15.4738,4.66138,22.0033,14.8256,7.07993,6.65192,23.8997,18.8279,8.20216,36.3864,11.4786,2.67736,26.0339,11.4632,5.34792,6.39993,15.984,6.58844,9.93952,15.9407,9.47151,14.1008,11.2249,12.232,15.184,30.6686,11.14,6.52,11.8273,10.2754,10.193,20.56,6.72723,7.50722,13.7578,13.6816,7.61124,7.08715,7.2651,10.8711,22.5576,19.0126,6.00444,11.4894,3.28234,8.98964,5.55607,11.494,22.5652,15.344,7.95222,10.2927,30.48,15.1493,10.4608,13.722,10.801,9.69297,12.6925,8.89104,7.94399,14.9163,13.7902,6.22093,13.2996,12.0101,13.4431,7.14048,9.49667,28.2253,7.55908,15.8614,17.6483,10.18,5.34358,14.056,4.96862,19.582,16.6797,16.0317,16.2122,11.899,17.3939,10.3165,9.01085,19.8275,5.66756,11.362,11.272,15.4596,9.18046,5.29921,5.51001,15.304,13.1916,11.7422,17.5957,22.9822,13.7392,8.66212,9.65388,18.99,5.25605,8.53797,15.4928,8.82399,11.4959,11.4912,30.9995,11.0449,7.96254,29.04,5.34993,15.6509,17.252,7.83956,3.77045,30.4408,18.1607,18.8304,6.41335,18.1114,20.2109,21.4085,10.0844,4.25156,11.0297,15.7396,14.1792,10.679,17.4644,17.7339,16.8539,6.67664,29.3363,5.35328,11.8814,23.3997,
DUALS 9,2616.32,575966,390641,0,10.4609,5.85952,31.0389,13.3664,16.3126,11.0154,16.4041,39.3018,10.7009,17.0244,11.9151,14.6277,4.62959,10.6892,13.2638,11.532,3.30938,13.6266,12.1287,14.2662,18.1035,12.7986,25.8342,7.4784,7.03492,11.5206,11.3313,10.8889,10.0113,12.775,9.58408,18.9662,21.4109,7.00164,14.0512,21.8309,11.8814,11.232,2.76573,12.3012,11.9047,21.264,6.39952,10.7817,8.22943,17.6044,17.2422,9.07663,17.3938,15.024,11.8803,17.8942,6.6909,29.9056,25.9118,14.1807,8.19877,16.5788,12.1206,23.8578,5.67927,9.19635,15.4738,4.66138,23.0037,14.8256,6.07959,6.65192,24.9001,19.8282,6.20148,36.3864,11.4786,3.6777,27.0342,11.4632,5.34792,5.39959,15.984,6.58844,9.93952,15.9407,9.47151,14.1008,11.2249,13.2324,15.184,31.6689,12.1404,5.51966,12.8276,11.2757,10.193,21.5603,6.72723,8.50756,14.7581,14.682,6.6109,7.08715,7.2651,10.8711,23.5579,20.0129,7.00478,11.4894,2.282,7.9893,5.55607,11.494,22.5652,15.344,7.95222,10.2927,31.4803,15.1493,11.4612,13.722,9.80063,10.6933,12.6925,5.89002,7.94399,15.9167,13.7902,5.22059,14.3,12.0101,13.4431,8.14082,9.49667,29.2256,8.55942,15.8614,17.6483,11.1803,5.34358,14.056,3.96828,19.582,17.6801,16.0317,16.2122,10.8987,18.3942,10.3165,9.01085,20.8278,6.6679,11.362,11.272,16.4599,10.1808,5.29921,4.50967,15.304,14.192,11.7422,17.5957,22.9822,14.7396,8.66212,10.6542,18.99,4.25571,7.53763,15.4928,8.82399,12.4962,11.4912,31.9998,11.0449,7.96254,30.0403,4.34959,15.6509,18.2523,7.83956,3.77045,30.4408,19.1611,19.8307,6.41335,18.1114,21.2112,22.4088,10.0844,3.25122,12.03,15.7396,14.1792,11.6793,17.4644,18.7342,17.8542,7.67698,30.3367,5.35328,11.8814,24.4001,
STATS - lpIterations[1] lagIterations[28] sspIterations[488] numSeparations[214] numCuts[0] compileTime[0] sspSolveTime[5] lpSolveTime[0] lb[2619.26] ub[2694.9] numArcs: [575966] numFixed: [390641] time: [9]
DUALS 9,2619.26,577688,419030,0,10.8494,6.24802,30.6504,13.3664,16.3126,11.4039,15.6271,38.9133,11.0894,17.0244,12.3036,14.2392,5.01809,10.3007,12.4868,11.532,3.69787,13.2381,10.9632,14.2662,18.1035,12.7986,25.4457,7.86689,7.03492,10.7436,11.7198,9.72337,10.0113,11.998,9.58408,18.5777,21.4109,6.61314,14.4397,21.8309,12.2699,11.232,3.15423,11.5242,11.9047,21.264,6.78802,11.1701,8.22943,17.6044,16.8537,8.29964,16.6168,15.024,11.1033,17.5057,7.0794,29.1286,25.5233,14.1807,8.19877,16.5788,10.9551,23.8578,6.06776,9.19635,15.4738,5.04987,22.2267,14.8256,6.46809,7.04041,24.1231,19.0512,6.58998,36.3864,11.4786,2.12371,26.6457,11.8517,4.95943,5.78809,15.984,6.97693,10.328,15.9407,9.47151,14.1008,11.2249,12.4554,15.184,31.2804,11.3634,5.90816,12.4391,10.8872,10.193,20.7833,6.33873,7.34206,13.5926,14.682,6.9994,7.47565,7.6536,11.2596,22.3924,19.6244,6.22779,11.4894,2.6705,7.9893,5.94457,10.717,22.1767,15.344,7.95222,10.2927,30.7033,14.7609,10.2957,13.722,10.1891,10.3048,12.6925,6.27852,7.94399,15.1397,13.7902,5.60909,13.9115,12.0101,13.8316,6.97533,9.49667,28.0602,8.17092,15.8614,18.0368,10.4033,5.73208,14.4445,4.35677,19.582,16.9031,16.0317,16.2122,11.2872,18.0057,10.705,9.01085,20.4393,5.50241,11.362,11.272,15.6829,9.01531,5.68771,4.89817,15.304,14.192,11.3537,17.5957,22.5937,14.7396,8.27362,10.2657,18.99,4.25571,7.92613,15.4928,8.82399,11.3307,11.4912,31.2228,11.0449,8.35103,29.2633,4.73809,15.6509,18.2523,7.83956,3.77045,30.4408,17.9956,19.4422,6.41335,18.4999,20.4342,22.0203,9.69589,3.25122,11.253,15.7396,14.1792,10.5138,17.4644,18.3457,17.4657,6.51149,29.5597,5.35328,12.2699,23.6231,
STATS - lpIterations[1] lagIterations[29] sspIterations[503] numSeparations[223] numCuts[0] compileTime[0] sspSolveTime[5] lpSolveTime[0] lb[2622.92] ub[2694.9] numArcs: [577688] numFixed: [419030] time: [9]
DUALS 10,2622.92,579104,427029,0,11.4405,6.83909,29.4683,13.9575,16.3126,11.995,16.2182,37.7312,11.6805,16.4333,12.8946,14.8302,5.60916,10.8917,13.0779,12.123,3.69787,13.8292,11.5543,14.2662,18.1035,13.3897,25.4457,7.27582,7.03492,11.3347,11.1287,10.3144,10.0113,12.5891,9.58408,19.1688,20.8198,6.61314,15.0308,21.2398,11.0878,11.823,3.7453,12.1152,11.9047,21.264,7.37909,10.5791,8.22943,17.0133,17.4448,8.89071,17.2079,15.024,11.6944,17.5057,7.67046,29.1286,25.5233,14.1807,8.19877,15.9878,11.5462,24.4489,5.4767,8.60528,15.4738,3.86774,22.8177,15.4167,7.05916,6.44935,24.1231,19.6423,7.18105,36.9775,12.0697,2.71478,26.6457,10.6695,4.95943,6.37916,15.984,6.97693,9.14588,16.5318,9.47151,14.6919,11.2249,13.0465,15.184,30.0983,11.9544,6.49923,13.0302,10.8872,10.193,21.3744,6.33873,7.93313,14.1837,14.682,7.59046,6.29351,8.24467,10.6685,22.3924,20.2155,6.81885,11.4894,3.26157,7.9893,4.17137,10.717,22.7677,15.344,7.95222,10.2927,31.2944,15.3519,10.8868,13.722,10.7802,10.8959,12.1014,6.86959,7.94399,15.1397,14.3812,6.20016,13.9115,12.0101,14.4227,7.5664,8.9056,28.6512,8.76199,15.8614,18.0368,10.9944,5.14101,13.2623,4.94784,20.173,16.9031,16.6228,16.2122,11.8782,18.0057,10.1139,9.60192,20.4393,6.09348,11.953,11.863,16.274,9.60638,5.09664,5.48924,15.304,14.192,11.3537,18.1868,23.1848,15.3307,8.27362,10.2657,19.5811,4.25571,8.5172,15.4928,8.82399,11.9218,11.4912,31.8139,11.0449,7.75997,29.8544,5.32916,15.0598,18.2523,7.24849,3.17938,31.0319,18.5867,19.4422,6.41335,17.3178,21.0253,22.0203,10.287,3.25122,11.8441,15.1485,14.7703,11.1049,16.8733,18.3457,17.4657,7.10256,29.5597,5.35328,11.0878,23.6231,
STATS - lpIterations[1] lagIterations[30] sspIterations[528] numSeparations[229] numCuts[0] compileTime[0] sspSolveTime[5] lpSolveTime[0] lb[2626.56] ub[2694.9] numArcs: [579104] numFixed: [427029] time: [10]
STATS - lpIterations[1] lagIterations[30] sspIterations[528] numSeparations[229] numCuts[0] compileTime[0] sspSolveTime[5] lpSolveTime[0] lb[2632.8] ub[2694.9] numArcs: [579104] numFixed: [427029] time: [10]
DUALS 10,2632.8,580221,465899,0,11.4405,6.45203,29.4683,13.9575,16.3126,11.6079,16.2182,37.3441,11.6805,16.4333,11.7335,14.8302,5.2221,10.1176,11.9167,11.736,4.08493,13.4421,11.9413,13.8792,18.1035,13.0026,25.4457,7.66288,6.64786,9.78647,11.5158,10.3144,10.0113,12.5891,9.19703,19.1688,21.2069,6.22608,15.0308,21.6269,11.4748,11.436,3.35824,10.567,11.9047,21.264,6.99203,10.5791,8.22943,17.0133,17.4448,7.72954,17.2079,15.024,11.3073,17.5057,7.67046,28.7416,25.9104,13.7937,8.58583,16.3748,10.385,24.4489,5.86375,8.60528,14.6997,4.25479,22.4307,15.0296,6.6721,6.44935,24.5101,19.6423,7.18105,36.9775,12.0697,2.32773,26.6457,10.6695,4.18532,5.9921,15.984,6.58988,9.53294,16.5318,9.85857,14.6919,10.8379,12.6594,15.184,30.0983,10.7933,6.11217,13.0302,10.8872,10.193,20.9873,5.95168,7.93313,14.5707,14.2949,7.59046,6.68057,8.24467,10.6685,22.3924,20.2155,5.65769,11.4894,2.87451,8.37636,4.55842,10.33,21.9936,15.344,7.95222,10.2927,30.9073,14.9649,10.8868,14.109,10.7802,10.5088,12.4885,6.48253,7.94399,15.5267,14.3812,6.20016,13.5244,12.0101,13.2615,7.5664,8.9056,28.6512,7.98788,15.8614,18.4238,10.6073,5.52807,13.6494,4.17373,19.786,17.2901,15.8487,16.5992,11.8782,18.0057,10.1139,9.98898,20.8264,6.09348,11.566,11.476,14.7258,8.83227,5.48369,5.10218,15.304,13.8049,10.9666,17.7997,23.1848,14.9436,7.88656,10.2657,19.5811,4.64277,8.5172,15.4928,8.82399,10.3736,11.4912,31.4268,10.6579,8.14702,29.4673,4.9421,15.4469,18.2523,7.24849,3.56644,31.0319,18.5867,19.4422,6.41335,17.7048,21.0253,21.6332,9.12579,3.63828,11.457,15.1485,14.7703,11.4919,16.8733,18.3457,17.4657,7.48961,29.9467,5.35328,11.4748,24.0101,
DUALS 10,2632.8,580930,446843,0,11.4405,6.45203,30.5209,12.9049,16.3126,12.6605,15.1656,38.3967,11.6805,16.4333,12.7861,14.8302,5.2221,11.1702,12.9693,11.736,4.08493,13.4421,10.8887,14.9318,18.1035,13.0026,24.3931,7.66288,7.70044,10.839,11.5158,9.26186,10.0113,11.5365,10.2496,20.2214,21.2069,7.27866,15.0308,21.6269,12.5274,11.436,3.35824,11.6196,12.9573,21.264,6.99203,11.6317,8.22943,17.0133,16.3922,8.78211,16.1553,15.024,12.3599,16.4531,7.67046,28.7416,25.9104,13.7937,8.58583,16.3748,11.4376,24.4489,5.86375,8.60528,14.6997,4.25479,23.4833,15.0296,6.6721,7.50192,24.5101,18.5897,7.18105,35.9249,12.0697,1.27515,25.5931,11.7221,5.23789,5.9921,15.984,7.64245,10.5855,16.5318,9.85857,14.6919,11.8904,13.712,15.184,31.1509,11.8459,6.11217,11.9776,9.83467,10.193,22.0399,7.00425,6.88056,13.5182,15.3475,7.59046,6.68057,8.24467,11.7211,22.3924,20.2155,6.71026,12.542,2.87451,6.27121,4.55842,10.33,21.9936,15.344,7.95222,10.2927,31.9599,16.0174,9.83418,14.109,10.7802,9.45625,11.4359,7.53511,7.94399,15.5267,13.3287,6.20016,14.577,13.0626,14.3141,6.51383,9.95818,27.5986,9.04046,15.8614,18.4238,11.6599,5.52807,14.702,5.22631,19.786,17.2901,15.8487,16.5992,11.8782,16.9531,11.1665,8.9364,20.8264,5.0409,11.566,11.476,15.7783,9.88484,5.48369,5.10218,15.304,14.8575,12.0192,17.7997,22.1322,14.9436,7.88656,9.21315,18.5285,3.59019,8.5172,16.5453,8.82399,11.4261,11.4912,32.4794,11.7104,8.14702,30.5199,4.9421,15.4469,19.3049,7.24849,3.56644,31.0319,17.5341,18.3896,6.41335,18.7574,19.9727,22.6858,9.12579,2.5857,12.5096,15.1485,14.7703,10.4394,16.8733,17.2931,16.4131,6.43704,29.9467,5.35328,12.5274,24.0101,
DUALS 11,2632.8,583604,448770,0,11.4405,6.80708,30.1658,13.2599,16.3126,11.9504,15.5207,38.0416,11.6805,16.4333,11.0108,15.1853,5.57715,11.1702,12.2592,12.091,4.43997,13.7972,11.2438,14.5767,18.4585,13.3577,24.7482,8.01793,7.34539,10.129,11.8708,9.61691,10.0113,11.5365,9.89456,19.8663,20.8518,6.21352,15.0308,21.2718,12.5274,11.791,3.71329,10.9095,12.9573,21.264,7.34708,11.6317,8.22943,17.0133,16.7472,8.42707,16.5104,15.024,10.9397,16.8082,7.67046,29.0966,25.9104,13.7937,8.58583,16.3748,10.7275,24.4489,6.2188,8.25024,14.6997,4.60984,22.0631,15.3847,7.02715,6.43678,24.8652,18.9448,7.18105,35.9249,12.0697,1.6302,25.9482,11.3671,4.5278,6.34715,15.984,7.28741,10.2305,16.5318,9.50352,14.6919,11.5354,12.2918,15.184,30.7958,11.1358,6.46722,12.3327,10.1897,10.193,20.6197,6.29416,7.2356,13.8732,14.9924,7.59046,7.03561,8.24467,11.366,22.3924,20.5706,6.00017,11.8319,3.22956,6.62625,4.91347,9.97491,22.3487,15.344,7.95222,10.2927,30.5397,15.6624,10.1892,13.754,10.7802,9.45625,11.7909,6.82501,7.94399,15.8818,13.3287,6.20016,14.2219,13.0626,12.5389,6.86887,9.95818,27.9537,8.68541,15.8614,18.4238,10.2397,5.17302,14.3469,4.51621,20.141,17.6452,16.2037,16.2442,11.8782,17.3082,10.1013,9.29145,20.8264,5.39595,11.921,11.831,15.0682,9.17475,5.83874,5.45723,15.304,14.5024,10.954,18.1548,22.4872,15.2986,7.53152,9.56819,18.1735,3.94524,8.5172,15.4802,8.82399,10.7161,11.4912,31.0592,11.3554,8.50207,29.0997,5.29715,15.0918,19.3049,7.24849,3.92148,31.0319,17.8891,18.7447,6.41335,18.7574,20.3277,22.3308,9.48083,2.94075,11.0894,15.1485,14.7703,10.7944,16.8733,17.6482,16.7682,6.79208,30.3018,5.35328,12.5274,24.3652,
DUALS 11,2632.8,583765,448886,0,11.4405,5.92735,30.1658,13.2599,16.3126,12.8301,16.4004,38.0416,11.6805,16.4333,11.8905,16.065,4.69742,12.0499,13.139,12.091,3.56025,14.6769,12.1235,14.5767,19.3382,13.3577,25.6279,6.25848,7.34539,11.0087,10.9911,10.4966,10.0113,12.4162,9.89456,20.746,21.7316,5.3338,15.0308,22.1516,12.5274,11.791,2.83356,11.7892,12.9573,21.264,6.46735,11.6317,8.22943,17.0133,17.627,9.30679,17.3901,15.024,11.8194,17.6879,7.67046,29.9764,25.9104,13.7937,9.46555,16.3748,11.6072,24.4489,4.45935,8.25024,14.6997,2.85039,22.9428,16.2644,6.14742,6.43678,24.8652,19.8245,7.18105,35.9249,12.9494,2.50992,26.8279,11.3671,4.5278,5.46742,15.984,7.28741,10.2305,16.5318,10.3832,14.6919,11.5354,13.1715,15.184,30.7958,12.0155,5.58749,13.2124,11.0694,10.193,21.4994,5.41444,8.11533,14.7529,14.9924,7.59046,5.27616,8.24467,11.366,22.3924,21.4503,6.8799,11.8319,2.34983,7.50598,3.15402,9.97491,21.4689,15.344,7.95222,10.2927,31.4194,16.5421,11.0689,14.6337,10.7802,10.336,12.6706,7.70474,7.94399,15.8818,13.3287,6.20016,14.2219,13.0626,13.4186,7.7486,9.95818,28.8334,9.56514,15.8614,18.4238,11.1194,5.17302,14.3469,5.39594,20.141,17.6452,16.2037,17.1239,11.8782,18.1879,10.1013,10.1712,20.8264,6.27567,11.921,11.831,15.948,10.0545,5.83874,4.57751,15.304,14.5024,10.0743,18.1548,23.367,16.1784,7.53152,10.4479,19.0532,4.82496,8.5172,15.4802,8.82399,11.5958,11.4912,31.939,11.3554,7.62234,29.9794,4.41742,15.9716,19.3049,6.36877,3.04176,31.0319,18.7689,19.6244,6.41335,18.7574,21.2075,22.3308,8.60111,3.82047,11.9691,15.1485,14.7703,11.6741,16.8733,18.5279,17.6479,7.67181,30.3018,5.35328,12.5274,24.3652,
DUALS 12,2632.8,585683,470599,0,11.4405,6.28929,29.8039,13.2599,16.3126,12.4682,16.4004,37.6797,11.6805,16.4333,12.2525,15.3411,5.05936,9.15442,12.0531,12.091,3.92219,14.315,11.3996,14.5767,19.3382,13.3577,25.6279,6.62041,7.34539,9.92286,11.3531,9.77276,10.0113,12.0543,9.89456,20.746,21.0077,5.69574,15.0308,21.4277,12.1655,11.791,3.1955,10.7034,12.9573,21.264,6.82929,11.6317,8.22943,17.0133,16.5412,8.94486,16.6662,15.024,11.4575,17.6879,7.67046,29.2525,25.5484,13.7937,9.46555,16.3748,10.5214,24.4489,4.82129,8.25024,14.6997,3.21233,22.5809,15.9025,6.50936,6.43678,24.8652,19.4625,7.18105,35.9249,12.9494,1.78605,26.8279,11.3671,4.5278,5.82936,15.984,7.28741,9.86853,16.5318,9.65937,14.6919,11.5354,12.8096,15.184,30.4339,10.9297,5.94943,12.1266,11.0694,10.193,21.1375,5.77638,7.39145,14.029,14.9924,7.59046,5.6381,8.24467,11.366,22.0305,21.0883,5.79408,12.1938,2.71177,6.7821,3.51595,9.97491,21.4689,15.344,7.95222,10.2927,31.0575,15.8182,10.3451,14.2718,10.7802,9.97404,11.9468,7.3428,7.94399,15.8818,13.3287,6.20016,14.5839,13.4246,13.7805,7.02472,9.59624,28.4715,8.47932,15.8614,18.4238,10.3955,5.17302,13.985,4.31013,20.141,17.6452,16.2037,16.762,11.8782,18.1879,10.1013,9.44729,20.8264,5.5518,11.921,11.831,14.8622,9.69254,6.20068,4.57751,15.304,14.5024,10.4363,18.1548,22.2812,16.1784,7.53152,10.4479,19.0532,3.73915,8.5172,15.8421,8.82399,10.148,11.4912,31.577,11.3554,7.98428,29.2555,4.77936,15.6096,19.3049,6.36877,3.4037,31.0319,18.045,19.6244,6.05141,18.7574,20.4836,22.3308,8.60111,3.0966,11.2453,15.1485,14.7703,10.9503,16.8733,18.5279,17.6479,7.30987,30.3018,4.99134,12.1655,24.3652,
STATS - lpIterations[1] lagIterations[35] sspIterations[628] numSeparations[266] numCuts[0] compileTime[0] sspSolveTime[6] lpSolveTime[0] lb[2638.66] ub[2694.9] numArcs: [585683] numFixed: [470599] time: [12]
DUALS 12,2638.66,587040,476911,0,11.4405,7.11053,29.8039,14.0812,16.3126,12.4682,16.4004,37.6797,11.6805,16.4333,11.4312,15.3411,5.88061,9.97566,12.0531,12.091,4.74343,14.315,12.2209,14.5767,18.517,13.3577,23.9854,7.44166,7.34539,10.7441,12.1743,10.594,10.0113,12.0543,9.89456,21.5673,21.8289,5.69574,15.0308,22.2489,12.1655,11.791,4.01675,11.5246,12.9573,21.264,7.65053,11.6317,8.22943,17.0133,16.5412,9.7661,16.6662,15.024,12.2787,16.0454,7.67046,29.2525,25.5484,13.7937,10.2868,16.3748,11.3426,25.2701,5.64253,8.25024,13.8785,4.03357,23.4021,16.7237,7.33061,6.43678,24.0439,19.4625,7.18105,36.7461,12.9494,2.60729,25.1854,11.3671,4.5278,6.65061,15.984,7.28741,9.86853,17.353,10.4806,15.5131,11.5354,13.6308,15.184,30.4339,11.7509,6.77068,12.1266,9.42695,10.193,21.9587,5.77638,8.2127,14.8503,14.9924,7.59046,6.45935,8.24467,11.366,21.2092,21.0883,6.61533,12.1938,3.53302,7.60335,4.3372,9.97491,21.4689,15.344,8.77347,10.2927,31.8787,14.997,10.3451,15.093,10.7802,9.97404,12.768,7.3428,7.94399,15.0606,14.1499,6.20016,14.5839,13.4246,12.9593,7.84596,9.59624,28.4715,9.30057,15.8614,18.4238,9.5743,5.17302,13.985,4.31013,20.141,16.8239,15.3825,17.5832,11.8782,16.5454,10.1013,10.2685,20.0052,6.37304,11.921,11.831,15.6834,10.5138,7.02192,5.39875,15.304,14.5024,10.4363,18.1548,22.2812,16.1784,7.53152,8.80543,19.0532,4.56039,8.5172,15.8421,8.82399,10.9693,11.4912,32.3983,11.3554,8.80553,28.4343,5.60061,16.4309,19.3049,7.19001,4.22494,31.8531,18.045,19.6244,5.23017,18.7574,20.4836,22.3308,8.60111,3.91784,10.424,15.1485,15.5916,11.7715,16.8733,16.8854,16.0054,8.13112,29.4806,4.99134,12.1655,23.5439,
DUALS 12,2638.66,587666,477278,0,11.4405,6.21933,29.8039,13.6356,16.7582,12.9138,16.4004,37.6797,11.6805,16.8789,11.8768,15.7867,4.9894,9.97566,11.6075,12.5366,3.85223,14.315,11.3297,14.5767,18.9626,13.8033,24.431,7.44166,7.34539,9.8529,12.1743,9.2572,10.0113,11.1631,9.89456,21.1217,21.3833,6.14134,15.0308,21.8033,12.1655,12.2366,3.12554,10.6334,12.9573,21.264,6.75933,12.0773,8.22943,17.4589,16.5412,9.3205,16.6662,15.024,11.8331,16.491,7.67046,29.2525,25.5484,13.7937,10.2868,16.3748,10.897,25.2701,5.64253,8.25024,13.8785,4.03357,22.9565,16.7237,6.4394,6.88238,24.4895,19.4625,7.18105,36.3005,12.9494,1.27049,25.631,11.8127,4.5278,5.7594,15.984,7.28741,9.86853,16.9074,10.035,15.0675,11.5354,13.1852,15.184,30.4339,11.3053,5.87947,12.1266,9.87255,10.193,21.5131,6.22198,6.87589,13.9591,14.9924,7.59046,6.45935,8.24467,11.8116,21.6548,21.0883,6.16972,12.6394,2.64181,6.26654,4.3372,9.97491,21.9145,15.344,8.77347,10.7383,31.4331,15.4426,10.3451,14.2018,10.7802,9.97404,12.3224,7.7884,7.94399,15.5062,13.7043,6.20016,14.5839,13.8702,13.4049,6.50916,9.59624,28.4715,8.85496,15.8614,18.4238,9.1287,5.17302,13.985,4.75573,20.5866,17.2695,15.8281,17.1376,11.8782,16.991,10.5469,10.2685,20.4508,5.03624,12.3666,12.2766,14.7922,8.73138,6.57632,4.95315,15.304,14.5024,10.8819,18.6004,22.2812,16.1784,7.53152,9.25103,19.0532,3.22359,8.5172,16.2877,8.82399,10.0781,11.4912,31.9527,11.3554,8.80553,27.9887,4.7094,15.9853,19.3049,7.19001,4.22494,31.4075,18.045,20.07,4.78457,18.7574,20.4836,22.3308,9.04671,2.58104,9.97841,15.1485,15.1459,10.8803,17.3189,17.331,16.451,7.23991,29.9262,4.99134,12.1655,23.9895,
DUALS 13,2638.66,588017,477608,0,11.4405,7.0983,29.8039,12.7566,16.7582,12.0348,16.4004,37.6797,11.6805,16.8789,10.9979,14.9078,5.86837,10.8546,12.4865,12.5366,4.7312,14.315,12.2086,14.5767,19.8416,13.8033,25.31,7.44166,7.34539,10.7319,12.1743,10.1362,10.0113,12.0421,9.89456,22.0007,21.3833,3.50442,15.0308,21.8033,12.1655,12.2366,4.00452,11.5124,12.9573,21.264,7.6383,12.0773,8.22943,17.4589,16.5412,10.1995,16.6662,15.024,12.7121,17.37,7.67046,29.2525,25.5484,13.7937,10.2868,16.3748,11.776,24.3912,5.64253,8.25024,13.8785,4.03357,23.8355,16.7237,7.31837,6.88238,25.3685,20.3415,7.18105,35.4216,12.9494,2.14946,26.51,11.8127,4.5278,6.63837,15.984,7.28741,9.86853,16.0285,10.035,14.1885,11.5354,14.0642,15.184,30.4339,12.1843,6.75845,13.0055,10.7515,10.193,22.3921,4.46403,7.75486,14.8381,14.9924,7.59046,6.45935,8.24467,11.8116,22.5338,21.0883,7.0487,11.7605,3.52079,7.14551,4.3372,9.97491,21.0356,15.344,8.77347,10.7383,32.3121,15.4426,10.3451,14.2018,10.7802,10.853,13.2014,6.03046,7.94399,16.3851,13.7043,6.20016,14.5839,13.8702,13.4049,7.38813,9.59624,28.4715,9.73394,15.8614,18.4238,10.0077,5.17302,13.985,3.87675,20.5866,18.1485,15.8281,17.1376,11.8782,17.87,10.5469,11.1475,21.3297,5.91521,12.3666,12.2766,15.6712,9.61035,6.57632,5.83212,15.304,14.5024,8.24494,18.6004,22.2812,16.1784,7.53152,10.13,19.0532,4.10256,8.5172,14.5298,8.82399,10.957,11.4912,32.8316,11.3554,8.80553,28.8677,5.58837,15.9853,19.3049,7.19001,4.22494,30.5285,18.045,20.949,3.90559,18.7574,20.4836,22.3308,8.16774,3.46001,10.8574,15.1485,14.267,11.7593,17.3189,18.21,17.33,8.11888,30.8051,4.99134,12.1655,24.8685,
DUALS 13,2638.66,588908,481282,0,11.4405,6.21541,29.8039,13.198,16.7582,12.4763,16.4004,37.6797,11.6805,16.8789,11.4393,14.9078,4.98548,9.53029,10.7207,12.5366,3.40686,14.315,11.7672,14.5767,19.8416,13.8033,25.31,7.44166,7.34539,9.84898,12.1743,10.1362,10.0113,12.0421,9.89456,22.0007,20.9419,3.94587,15.0308,21.3619,12.1655,12.2366,3.12162,10.6295,12.9573,21.264,6.75541,11.6358,8.22943,17.4589,15.6583,9.31658,16.6662,15.024,11.8292,17.37,7.67046,29.2525,25.5484,13.3522,10.2868,16.3748,10.0102,24.8326,5.64253,8.25024,13.8785,4.03357,22.9526,15.8408,6.43548,6.88238,25.3685,19.4586,7.18105,35.863,12.9494,1.70801,26.51,11.8127,4.96925,5.75548,15.984,7.28741,9.86853,16.4699,10.035,14.63,11.5354,13.1813,15.184,30.4339,10.4185,5.87555,12.1226,10.7515,10.193,21.5092,4.90548,7.75486,13.9552,14.9924,7.59046,6.0179,8.24467,11.3702,22.0924,21.0883,5.28291,12.2019,2.63789,7.14551,4.3372,9.53347,21.0356,15.344,8.77347,10.7383,31.4292,15.0012,10.3451,14.2018,10.7802,10.4116,12.7599,6.4719,7.94399,16.3851,14.1458,6.20016,14.5839,14.3116,13.8463,7.38813,9.1548,28.4715,9.29249,15.8614,18.4238,9.12478,4.73157,13.985,4.3182,20.5866,18.1485,15.3866,17.1376,11.8782,17.87,10.1055,10.7061,21.3297,5.47376,12.3666,12.2766,14.7883,8.72746,6.57632,5.39067,15.304,14.5024,8.68639,18.6004,21.3983,16.1784,7.53152,10.13,19.0532,3.66112,8.5172,14.9712,8.82399,10.0741,11.4912,31.9487,11.3554,8.80553,27.9848,4.70548,15.9853,19.3049,6.74857,3.78349,30.97,18.045,20.949,3.90559,18.7574,20.4836,22.3308,8.16774,3.46001,9.97449,15.1485,14.7084,11.3178,17.3189,18.21,17.33,7.23599,30.8051,4.99134,12.1655,24.8685,
STATS - lpIterations[1] lagIterations[39] sspIterations[712] numSeparations[286] numCuts[0] compileTime[0] sspSolveTime[7] lpSolveTime[0] lb[2640.48] ub[2694.9] numArcs: [588908] numFixed: [481282] time: [13]
DUALS 14,2640.48,589453,489894,0,11.4405,7.0868,29.8039,13.198,16.7582,13.3477,15.529,37.6797,11.6805,16.8789,12.3107,15.7792,5.85687,10.4017,11.5921,12.5366,4.27825,14.315,11.7672,14.5767,19.8416,13.8033,24.4386,7.44166,7.34539,10.7204,12.1743,10.1362,10.0113,12.0421,9.89456,22.8721,20.0705,4.81726,15.0308,20.4905,12.1655,12.2366,3.99301,11.5009,12.9573,21.264,7.6268,11.6358,8.22943,17.4589,16.5296,10.188,15.7948,15.024,12.7006,16.4986,7.67046,29.2525,25.5484,13.3522,10.2868,16.3748,10.8816,24.8326,5.64253,8.25024,13.8785,4.03357,23.824,16.7122,7.30687,6.88238,23.6257,19.4586,7.18105,35.863,13.8208,1.70801,25.6386,11.8127,4.96925,6.62687,15.984,7.28741,9.86853,16.4699,10.035,14.63,11.5354,14.0527,15.184,30.4339,11.2899,6.74694,12.994,9.88013,10.193,22.3806,5.77687,7.75486,13.9552,15.8638,7.59046,6.0179,8.24467,11.3702,20.3496,21.0883,6.1543,13.0733,3.50928,5.40274,3.46581,7.79069,21.0356,15.344,8.77347,10.7383,32.3006,15.8725,9.47368,14.2018,10.7802,9.54018,11.8886,7.34329,7.94399,14.6423,14.1458,6.20016,14.5839,15.183,14.7177,7.38813,9.1548,28.4715,10.1639,15.8614,18.4238,9.99617,4.73157,13.985,5.18959,20.5866,16.4057,15.3866,17.1376,11.8782,16.9986,10.1055,11.5775,20.4583,5.47376,12.3666,12.2766,15.6597,9.59885,6.57632,6.26206,15.304,15.3738,9.55777,18.6004,22.2696,16.1784,7.53152,9.25862,19.0532,2.78973,8.5172,15.8426,8.82399,10.9455,11.4912,32.8201,11.3554,8.80553,28.8562,5.57687,15.9853,19.3049,6.74857,2.91211,30.97,17.1736,20.0776,3.03421,18.7574,20.4836,22.3308,8.16774,2.58862,10.8459,15.1485,14.7084,11.3178,17.3189,17.3386,16.4586,7.23599,29.0623,4.99134,12.1655,23.1257,
DUALS 14,2640.48,590415,488592,0,11.4405,5.70979,29.8039,13.6571,16.2992,12.4296,15.988,37.2207,11.6805,16.4199,10.4747,14.8612,4.93886,10.8607,12.0511,12.5366,2.90124,14.774,11.7672,14.5767,20.3006,13.8033,24.8976,7.44166,7.34539,11.1794,12.1743,10.1362,9.5523,12.0421,9.89456,22.8721,20.5295,4.35825,15.0308,20.9495,12.6245,12.2366,2.616,11.9599,12.9573,20.805,6.70879,11.6358,8.22943,16.9999,16.9887,10.188,16.2538,14.565,11.7826,16.9576,7.67046,29.2525,26.0074,12.8932,10.2868,16.8338,10.8816,25.2916,5.64253,8.25024,13.8785,4.03357,22.906,16.7122,5.92986,6.88238,24.0847,19.9176,7.18105,36.322,13.8208,1.70801,26.0976,11.8127,4.96925,5.70886,15.525,7.28741,10.3275,16.9289,10.494,15.089,11.5354,13.1347,14.725,30.4339,11.7489,5.36993,13.453,10.3391,10.652,21.4626,5.31786,7.75486,13.9552,15.4048,7.59046,6.0179,8.24467,11.3702,20.3496,21.0883,6.6133,12.6143,2.13227,5.86174,3.46581,7.79069,20.5766,14.885,8.77347,10.7383,31.3826,15.4135,9.93269,14.6608,10.7802,9.54018,12.3476,6.88429,7.48499,15.1014,14.6048,6.20016,14.1249,14.724,13.3407,7.38813,9.1548,28.9305,10.1639,15.8614,18.8828,9.07816,5.19058,14.444,4.73059,20.5866,16.8647,14.4686,17.5966,11.8782,17.4576,10.1055,12.0365,20.4583,5.47376,12.3666,12.2766,16.1187,10.0579,6.57632,5.80306,14.845,14.9148,9.09877,18.6004,22.7287,16.1784,7.53152,9.71762,19.0532,3.24873,8.5172,15.3836,8.36499,11.4045,11.4912,31.9021,11.3554,8.80553,27.9382,4.65886,16.4443,19.3049,6.74857,2.91211,31.429,17.6326,20.5366,3.49321,19.2164,20.9426,21.8718,8.16774,3.04762,9.92787,14.6895,15.1674,11.3178,16.8599,17.7976,16.9176,7.23599,29.5214,4.99134,12.6245,23.5847,
STATS - lpIterations[1] lagIterations[41] sspIterations[753] numSeparations[292] numCuts[0] compileTime[0] sspSolveTime[8] lpSolveTime[0] lb[2643] ub[2694.9] numArcs: [590415] numFixed: [488592] time: [14]
DUALS 14,2643,591269,509418,0,11.4405,6.27709,29.8039,13.6571,16.8665,12.4296,15.988,37.2207,11.6805,16.9872,11.042,14.2939,5.50616,9.72609,10.9165,12.5366,3.46854,14.774,12.3345,14.5767,20.3006,13.8033,24.8976,7.44166,7.34539,9.47748,12.1743,10.1362,10.1196,12.0421,9.89456,22.8721,20.5295,4.92555,15.0308,20.9495,12.0572,12.2366,3.1833,10.258,12.9573,21.3723,7.27609,11.6358,8.22943,17.5672,15.2868,9.05337,16.2538,15.1323,11.7826,16.9576,7.67046,29.2525,26.0074,12.8932,10.2868,16.8338,9.747,25.2916,5.64253,8.25024,13.8785,4.03357,22.906,15.5776,6.49716,6.88238,24.652,18.783,7.18105,36.322,13.8208,1.70801,26.0976,11.8127,4.96925,6.27616,16.0923,7.28741,9.76024,16.9289,10.494,15.089,11.5354,13.1347,15.2923,30.4339,10.6143,5.93723,11.7511,10.3391,10.652,21.4626,5.88516,7.75486,14.5225,15.9721,7.59046,6.0179,8.24467,11.3702,20.9169,21.0883,5.47871,13.1816,2.69957,5.29444,3.46581,7.79069,20.5766,15.4523,8.77347,10.7383,31.3826,15.4135,9.93269,14.6608,10.7802,10.1075,12.3476,6.88429,8.05228,15.6687,14.6048,6.20016,14.6922,15.2913,13.908,7.38813,9.1548,28.9305,8.46198,16.4287,18.8828,9.07816,5.19058,13.8767,4.73059,20.5866,17.432,14.4686,17.5966,11.8782,17.4576,10.1055,10.3346,21.0256,4.90646,12.3666,12.2766,14.4168,8.35595,6.57632,6.37036,15.4123,15.4821,9.66607,18.6004,21.0268,16.1784,7.53152,9.71762,19.0532,2.68143,8.5172,15.9509,8.93228,10.8372,12.0585,31.9021,11.3554,8.80553,27.9382,5.22616,16.4443,19.3049,6.18127,2.91211,31.429,17.6326,20.5366,2.92591,18.6491,20.3753,22.4391,8.16774,2.48033,9.92787,15.2568,15.1674,11.8851,17.4272,17.7976,16.9176,7.80329,30.0887,4.99134,12.0572,24.152,
STATS - lpIterations[1] lagIterations[42] sspIterations[766] numSeparations[298] numCuts[0] compileTime[0] sspSolveTime[8] lpSolveTime[0] lb[2645.54] ub[2694.9] numArcs: [591269] numFixed: [509418] time: [14]
DUALS 15,2645.54,591166,510362,0,11.4405,6.27709,29.8039,13.6571,16.8665,13.7604,17.3188,37.2207,11.6805,16.9872,12.3727,15.6246,5.50616,11.0568,12.2473,13.8674,4.79929,16.1047,12.3345,14.5767,20.3006,15.134,24.8976,7.44166,7.34539,10.8082,12.1743,10.1362,10.1196,12.0421,9.89456,22.8721,21.8602,3.5948,15.0308,22.2802,12.0572,13.5674,3.1833,11.5888,12.9573,21.3723,7.27609,11.6358,8.22943,17.5672,16.6175,10.3841,17.5846,15.1323,11.7826,16.9576,7.67046,30.5832,26.0074,12.8932,11.6175,16.8338,11.0778,25.2916,5.64253,8.25024,13.8785,4.03357,22.906,16.9084,6.49716,6.88238,25.9828,20.1138,7.18105,36.322,15.1515,1.70801,26.0976,11.8127,4.96925,6.27616,16.0923,7.28741,9.76024,16.9289,11.8248,15.089,11.5354,13.1347,15.2923,30.4339,11.9451,5.93723,13.0819,10.3391,10.652,21.4626,4.55441,7.75486,14.5225,15.9721,7.59046,6.0179,8.24467,11.3702,22.2476,22.4191,6.80946,13.1816,2.69957,6.62519,3.46581,7.79069,21.9073,15.4523,8.77347,12.069,31.3826,16.7443,11.2634,15.9916,10.7802,10.1075,13.6783,8.21504,8.05228,16.9994,14.6048,6.20016,14.6922,15.2913,15.2388,7.38813,9.1548,30.2612,9.79273,16.4287,18.8828,9.07816,5.19058,13.8767,6.06134,21.9174,18.7628,15.7994,18.9274,11.8782,17.4576,10.1055,11.6653,22.3564,4.90646,13.6974,13.6074,15.7475,9.6867,6.57632,6.37036,15.4123,15.4821,8.33532,19.9311,22.3575,17.5091,7.53152,9.71762,20.384,4.01218,8.5172,15.9509,8.93228,12.168,12.0585,31.9021,11.3554,8.80553,27.9382,5.22616,17.775,19.3049,6.18127,2.91211,31.429,18.9633,20.5366,2.92591,18.6491,21.706,22.4391,9.49849,3.81108,9.92787,15.2568,15.1674,11.8851,17.4272,17.7976,16.9176,7.80329,31.4194,4.99134,12.0572,25.4828,
STATS - lpIterations[1] lagIterations[43] sspIterations[798] numSeparations[298] numCuts[0] compileTime[0] sspSolveTime[8] lpSolveTime[0] lb[2657.7] ub[2694.9] numArcs: [591166] numFixed: [510362] time: [15]
DUALS 15,2657.7,594699,549428,0,11.6799,6.51656,29.5644,13.6571,16.8665,12.8025,16.1214,36.7417,11.9199,16.9872,10.9359,14.9062,5.74564,11.0568,11.7683,13.3884,4.79929,15.1468,12.3345,14.5767,20.3006,14.6551,24.8976,7.44166,7.58487,10.8082,12.1743,10.3756,9.88013,12.0421,10.134,22.8721,20.9023,3.83427,15.2702,21.3223,12.2966,13.0884,3.42277,11.3493,12.9573,21.1328,7.51557,11.8753,8.22943,17.8067,16.6175,9.90517,16.3872,14.8928,11.7826,16.9576,7.90994,29.6253,26.0074,12.6537,11.1386,17.0733,10.5988,25.2916,5.64253,8.25024,13.3995,4.03357,22.906,17.1478,6.73663,7.12186,25.5038,20.1138,7.42052,36.322,15.1515,1.94749,26.0976,12.0522,5.20872,6.51564,15.8528,7.52688,9.99971,16.9289,11.1063,15.089,11.7749,13.1347,15.0528,30.4339,11.4661,6.17671,13.0819,10.3391,10.652,21.4626,4.79389,7.99434,14.5225,15.9721,7.82994,6.0179,8.24467,11.6097,22.0082,21.4612,6.3305,13.4211,2.93905,5.90677,3.46581,7.79069,21.1889,15.2128,8.77347,11.8295,31.3826,16.0259,10.3055,15.2731,11.0197,9.868,12.7204,7.25714,7.81281,16.5205,14.6048,6.43963,14.2132,15.5308,13.8019,7.62761,9.39427,29.0639,9.55326,16.1892,19.1223,9.07816,5.19058,14.1162,4.86396,21.4384,18.2838,15.081,17.9695,11.8782,17.4576,10.345,11.9048,21.8774,5.14594,13.2184,13.1284,15.5081,9.20775,6.57632,6.37036,15.1728,15.4821,8.57479,19.4522,22.3575,17.2696,7.29204,9.71762,20.384,2.8148,8.75667,16.1904,8.69281,11.4496,12.0585,31.9021,11.5949,8.80553,27.9382,5.46564,16.8171,19.3049,6.18127,2.91211,31.429,18.0054,20.5366,2.92591,18.8886,20.9876,21.9601,9.01954,3.09265,9.92787,15.2568,15.1674,11.8851,17.6667,17.7976,16.9176,8.04277,30.9405,4.99134,12.2966,25.0038,
DUALS 16,2657.7,595031,549136,0,10.4361,5.89463,29.5644,13.6571,16.8665,13.4244,16.1214,36.7417,10.6761,16.9872,11.5578,15.5281,5.12371,11.6788,12.3903,12.7665,2.9335,14.5249,11.7126,14.5767,20.3006,14.0332,24.8976,7.44166,7.58487,11.4302,12.1743,9.75371,9.88013,11.4201,10.134,22.8721,20.9023,3.83427,14.0264,21.3223,12.2966,12.4665,2.17891,11.9712,12.9573,21.1328,6.89364,11.8753,8.22943,17.8067,15.3736,10.5271,15.7653,14.8928,11.7826,16.9576,6.66608,29.0034,25.3855,12.0318,11.1386,17.0733,11.2207,25.2916,5.64253,8.25024,12.7776,4.03357,22.906,16.5259,5.49277,7.12186,25.5038,18.8699,5.55473,36.322,15.1515,1.32556,26.0976,12.0522,5.20872,5.89371,15.8528,7.52688,9.99971,16.9289,11.1063,15.089,11.7749,13.1347,15.0528,30.4339,12.088,5.55477,11.838,10.3391,10.652,21.4626,4.79389,7.37241,13.9005,15.9721,6.58608,6.0179,7.62274,11.6097,22.0082,20.8393,6.95244,13.4211,2.31711,5.90677,2.84388,7.79069,19.945,15.2128,8.77347,11.8295,31.3826,15.4039,9.6836,15.2731,9.15388,9.868,12.7204,7.25714,7.81281,16.5205,14.6048,5.19577,14.2132,15.5308,14.4238,7.00568,8.77234,28.4419,10.1752,16.1892,19.1223,9.07816,5.19058,14.1162,4.24203,20.8165,18.2838,14.459,17.9695,10.6344,17.4576,10.345,10.6609,21.8774,4.52401,12.5965,12.5065,16.13,9.82968,6.57632,5.74843,15.1728,15.4821,8.57479,18.8302,21.1136,17.2696,6.67011,9.71762,20.384,2.8148,7.51281,16.1904,8.69281,12.0715,12.0585,31.9021,11.5949,8.80553,27.9382,4.84371,16.8171,19.3049,6.18127,2.91211,31.429,17.3835,20.5366,2.30398,18.8886,20.3657,21.9601,7.77568,3.09265,9.92787,15.2568,15.1674,11.2632,17.6667,17.7976,16.9176,7.42084,30.9405,4.99134,12.2966,25.0038,
DUALS 16,2657.7,595601,549672,0,11.2407,6.6993,29.5644,13.6571,16.8665,13.4244,16.9261,36.7417,11.4807,16.9872,10.7531,15.5281,5.92838,10.8741,9.97624,12.7665,3.73817,15.3295,11.7126,15.3814,20.3006,14.0332,24.8976,7.44166,8.38954,9.82082,12.1743,10.5584,9.88013,11.4201,10.9387,22.8721,20.9023,3.83427,14.8311,21.3223,12.2966,12.4665,2.98358,10.3619,13.762,21.1328,7.69831,11.8753,8.22943,17.8067,16.1783,8.91776,16.5699,14.8928,11.7826,16.9576,7.47075,29.8081,25.3855,12.0318,11.1386,17.0733,8.80672,25.2916,5.64253,8.25024,12.7776,4.03357,22.906,17.3306,6.29744,7.12186,24.6991,18.8699,6.3594,36.322,15.1515,2.13023,26.0976,12.0522,6.01339,6.69838,15.8528,8.33155,9.99971,16.9289,11.1063,15.089,12.5795,13.1347,15.0528,30.4339,9.67402,6.35945,12.6427,10.3391,10.652,21.4626,4.79389,8.17708,13.9005,15.9721,7.39075,6.0179,8.42741,11.6097,22.0082,21.6439,4.53842,13.4211,3.12179,5.10209,2.84388,7.79069,19.945,15.2128,9.57814,11.8295,31.3826,16.2086,10.4883,15.2731,9.95855,9.868,12.7204,7.25714,7.81281,15.7158,14.6048,6.00044,14.2132,15.5308,14.4238,7.81035,8.77234,29.2466,9.37052,16.1892,19.1223,9.07816,4.38591,13.3115,4.24203,20.8165,17.4791,14.459,17.9695,11.4391,17.4576,10.345,11.4656,21.0728,5.32868,12.5965,12.5065,14.5206,8.22034,6.57632,6.5531,15.1728,15.4821,8.57479,18.8302,21.9183,18.0743,6.67011,9.71762,19.5793,2.01013,8.31748,16.1904,8.69281,9.65748,12.0585,31.9021,12.3995,8.80553,27.9382,5.64838,16.8171,19.3049,5.3766,2.91211,31.429,18.1882,20.5366,2.30398,18.8886,21.1704,21.9601,7.77568,2.28798,9.92787,15.2568,15.1674,11.2632,17.6667,17.7976,16.9176,8.22551,30.1358,4.99134,12.2966,24.1991,
DUALS 16,2657.7,596438,550420,0,11.2407,6.04334,29.5644,13.6571,16.8665,12.7685,14.9582,36.0858,11.4807,16.9872,10.7531,14.8721,5.27242,11.5301,10.6322,12.7665,4.39413,14.0176,11.7126,14.7254,20.3006,14.0332,24.8976,8.09762,7.07762,10.4768,12.8303,10.5584,9.88013,11.4201,8.97082,22.8721,20.9023,3.83427,14.8311,21.3223,12.9526,12.4665,2.32762,11.0178,13.106,21.1328,7.04234,11.8753,8.22943,17.8067,15.5224,9.57372,14.602,14.8928,11.7826,16.9576,7.47075,29.1521,25.3855,12.0318,11.1386,17.7293,9.46268,25.2916,6.29849,8.25024,12.7776,4.68953,22.906,16.6746,4.98552,7.12186,25.3551,18.8699,6.3594,36.322,15.1515,2.13023,26.0976,12.0522,4.04551,6.04242,15.8528,6.36367,10.6557,16.9289,11.1063,15.089,11.9236,13.1347,15.0528,30.4339,10.33,5.70348,11.9867,10.3391,10.652,21.4626,4.13792,8.17708,13.9005,16.6281,7.39075,6.67386,8.42741,11.6097,22.6641,20.988,5.19439,13.4211,1.1539,5.75806,3.49984,6.47876,19.945,15.2128,9.57814,11.8295,31.3826,15.5526,9.17635,15.2731,9.95855,9.868,12.7204,6.60117,7.81281,16.3717,14.6048,6.00044,14.2132,15.5308,14.4238,7.81035,8.77234,27.9347,10.0265,16.1892,19.7783,9.07816,5.04187,13.9675,3.58606,20.8165,18.1351,14.459,17.9695,11.4391,17.4576,10.345,11.4656,21.7287,5.32868,12.5965,12.5065,15.1766,8.8763,7.23228,5.89714,15.1728,16.1381,7.91883,18.8302,21.2624,17.4184,5.35819,9.71762,19.5793,2.66609,8.31748,16.1904,8.69281,10.3134,12.0585,31.9021,11.0876,9.46149,27.9382,4.99242,16.8171,19.3049,5.3766,3.56807,31.429,16.2203,20.5366,2.30398,19.5445,19.8584,21.3041,7.77568,2.94394,9.92787,15.2568,15.1674,11.2632,17.6667,17.7976,16.9176,8.22551,30.7917,4.99134,12.9526,24.8551,
DUALS 17,2657.7,596884,550904,0,11.2407,7.46515,30.9862,13.6571,16.8665,12.7685,16.38,36.0858,11.4807,16.9872,10.7531,14.8721,6.69422,11.5301,12.054,12.7665,5.81594,15.4394,11.7126,16.1472,20.3006,14.0332,24.8976,8.09762,8.49942,11.8986,12.8303,10.5584,9.88013,11.4201,10.3926,22.8721,19.4805,3.83427,14.8311,19.9005,11.5308,12.4665,3.74943,12.4397,14.5278,21.1328,8.46415,11.8753,8.22943,17.8067,15.5224,10.9955,16.0239,14.8928,11.7826,16.9576,7.47075,29.1521,25.3855,12.0318,9.71679,17.7293,10.8845,25.2916,4.87669,8.25024,12.7776,3.26773,22.906,16.6746,6.40732,7.12186,25.3551,18.8699,6.3594,36.322,15.1515,2.13023,26.0976,12.0522,5.46731,7.46422,15.8528,7.78547,9.23387,16.9289,9.68453,15.089,13.3454,13.1347,15.0528,30.4339,11.7518,7.12529,11.9867,10.3391,10.652,21.4626,4.13792,8.17708,13.9005,18.0499,7.39075,5.25206,8.42741,11.6097,22.6641,20.988,6.61619,13.4211,2.5757,2.91444,3.49984,7.90057,19.945,15.2128,9.57814,11.8295,31.3826,15.5526,10.5982,13.8513,9.95855,9.868,11.2986,6.60117,7.81281,16.3717,14.6048,6.00044,15.635,15.5308,14.4238,7.81035,8.77234,29.3565,11.4483,16.1892,19.7783,9.07816,5.04187,12.5457,3.58606,20.8165,18.1351,14.459,16.5476,11.4391,17.4576,10.345,11.4656,21.7287,5.32868,12.5965,12.5065,16.5984,10.2981,7.23228,7.31894,15.1728,17.5599,7.91883,18.8302,21.2624,17.4184,6.77999,9.71762,19.5793,0,8.31748,16.1904,8.69281,11.7353,12.0585,31.9021,12.5094,9.46149,27.9382,6.41422,15.3953,20.7267,6.7984,2.14626,31.429,17.6421,20.5366,2.30398,18.1227,21.2802,22.726,7.77568,1.52213,9.92787,15.2568,15.1674,11.2632,17.6667,17.7976,16.9176,8.22551,30.7917,4.99134,11.5308,24.8551,
DUALS 17,2657.7,597845,551781,0,11.2407,6.31197,30.2174,13.6571,16.8665,12.7685,16.7644,34.5482,11.4807,16.9872,10.7531,14.8721,5.92544,10.3769,11.2852,13.1509,4.27837,15.055,12.097,16.1472,20.3006,14.4176,24.8976,8.48201,8.11503,10.361,13.2147,9.7896,9.88013,11.4201,9.62384,22.8721,19.8649,3.83427,14.8311,20.2849,11.9152,12.8509,2.21186,10.9021,14.1434,21.1328,7.69537,11.8753,8.22943,17.8067,15.5224,10.6111,16.0239,14.8928,11.7826,16.9576,7.47075,29.1521,25.0011,12.0318,10.1012,18.1137,10.5001,25.2916,5.26108,8.25024,12.7776,3.65212,22.906,16.6746,5.25415,7.12186,25.3551,18.8699,6.3594,36.322,15.1515,1.74584,26.0976,12.0522,4.69853,6.69544,15.8528,7.78547,9.61826,16.9289,10.0689,15.089,12.961,13.1347,15.0528,29.6651,10.983,5.97211,11.9867,10.3391,10.652,21.4626,4.13792,7.79269,14.2849,16.5123,7.39075,5.63645,8.42741,11.6097,22.6641,20.988,5.84741,13.4211,1.03813,3.29884,3.49984,7.51618,19.945,15.2128,9.57814,12.2139,31.3826,15.5526,10.5982,14.2357,9.95855,9.48361,11.683,6.98557,7.81281,16.3717,14.6048,6.00044,14.0975,15.5308,14.4238,7.42596,8.77234,29.7409,10.2951,16.1892,20.1626,9.07816,5.04187,12.5457,3.97046,20.8165,18.1351,14.459,16.932,11.4391,17.4576,10.345,11.4656,21.7287,4.94429,12.9809,12.8909,15.0608,9.14493,7.61667,6.93455,15.1728,16.0223,7.91883,19.2146,21.2624,17.4184,6.01121,9.71762,19.5793,0.384392,8.31748,16.1904,8.69281,10.1977,12.0585,31.9021,12.125,9.84588,27.9382,5.64544,15.7797,20.7267,6.7984,2.53066,31.429,17.6421,20.5366,2.68837,18.5071,21.6646,21.1884,8.16007,1.90653,9.92787,15.2568,15.1674,11.6476,17.6667,17.7976,16.9176,8.6099,30.7917,4.99134,11.9152,24.8551,
DUALS 18,2657.7,598136,552192,0,11.2407,6.31197,31.4083,14.8479,16.8665,12.7685,14.3826,35.7391,11.4807,16.9872,10.7531,14.8721,5.92544,11.5678,12.4761,13.1509,4.27837,15.055,12.097,16.1472,20.3006,14.4176,24.8976,8.48201,8.11503,11.5519,14.4055,9.7896,9.88013,11.4201,9.62384,22.8721,21.0558,3.83427,14.8311,21.4758,13.1061,12.8509,2.21186,12.093,14.1434,21.1328,7.69537,11.8753,8.22943,17.8067,15.5224,11.802,13.6421,14.8928,11.7826,16.9576,7.47075,26.7703,23.8102,12.0318,11.2921,16.9228,11.691,26.4825,5.26108,8.25024,12.7776,2.46123,22.906,16.6746,5.25415,7.12186,25.3551,18.8699,6.3594,37.5129,15.1515,1.74584,26.0976,12.0522,4.69853,6.69544,15.8528,7.78547,10.8092,18.1198,11.2598,16.2799,12.961,13.1347,15.0528,30.856,12.1739,5.97211,11.9867,10.3391,10.652,21.4626,4.13792,7.79269,14.2849,17.7032,7.39075,4.44555,8.42741,11.6097,22.6641,20.988,7.0383,13.4211,1.03813,4.48973,2.30895,7.51618,19.945,15.2128,9.57814,12.2139,31.3826,15.5526,9.40726,15.4266,9.95855,9.48361,12.8739,6.98557,7.81281,16.3717,15.7957,6.00044,15.2884,15.5308,14.4238,7.42596,8.77234,27.3591,11.486,16.1892,20.1626,9.07816,6.23276,13.7366,3.97046,20.8165,18.1351,14.459,18.1229,11.4391,17.4576,10.345,11.4656,21.7287,4.94429,12.9809,12.8909,16.2517,10.3358,6.42578,6.93455,15.1728,17.2132,7.91883,19.2146,21.2624,17.4184,6.01121,9.71762,19.5793,1.57529,8.31748,16.1904,8.69281,11.3886,12.0585,31.9021,12.125,8.65499,27.9382,5.64544,16.9706,21.9176,6.7984,2.53066,32.6199,15.2603,20.5366,2.68837,19.698,19.2828,22.3793,8.16007,3.09742,9.92787,15.2568,16.3583,11.6476,17.6667,17.7976,16.9176,8.6099,30.7917,4.99134,13.1061,24.8551,
DUALS 18,2657.7,599614,553618,0,11.5645,6.31197,30.7607,14.2004,16.8665,12.7685,14.7064,34.7677,11.8045,17.311,10.7531,14.8721,5.92544,10.9202,10.8571,13.1509,4.27837,15.3788,11.7732,16.1472,20.3006,14.4176,24.8976,8.80581,8.11503,10.5805,14.7293,10.1134,9.88013,11.4201,9.62384,22.8721,21.3796,4.15807,15.1549,21.7996,13.1061,12.8509,2.21186,11.1216,14.1434,21.1328,7.69537,11.8753,8.22943,18.1305,15.5224,11.4782,13.9659,14.8928,11.7826,16.9576,7.79455,27.0941,23.4864,12.0318,11.2921,16.9228,10.072,26.4825,5.58488,8.25024,12.7776,2.78502,22.906,16.6746,5.25415,7.12186,25.3551,18.8699,6.6832,36.8653,15.1515,2.06963,26.0976,12.0522,4.69853,6.69544,15.8528,7.78547,10.4854,18.1198,11.5836,15.6323,12.961,13.1347,15.0528,29.8846,10.5549,5.97211,11.9867,10.3391,10.652,21.4626,4.46172,8.11649,14.2849,16.7318,7.71455,4.76935,8.42741,11.6097,22.6641,20.6642,5.41931,13.7449,1.03813,3.84214,2.63275,7.51618,19.6212,15.2128,9.57814,12.2139,31.3826,15.5526,9.73106,15.4266,10.2823,9.15981,12.5501,6.98557,7.81281,16.3717,15.1481,6.32424,14.317,15.8546,14.4238,7.74975,8.77234,27.6829,10.5146,16.1892,20.1626,9.07816,5.58517,13.089,3.97046,20.8165,18.1351,14.459,18.4467,11.7628,17.4576,10.345,11.4656,21.7287,4.94429,12.9809,12.8909,15.2803,8.71684,6.74958,6.93455,15.1728,16.2418,8.24263,19.2146,21.2624,17.4184,5.68741,9.71762,19.5793,1.25149,8.64128,16.5142,8.69281,10.0934,12.0585,31.9021,12.125,8.97878,27.9382,5.64544,17.2944,21.9176,6.7984,2.85445,31.9723,15.5841,20.5366,2.68837,19.698,19.6066,21.4079,7.83627,2.44983,9.92787,15.2568,15.7107,11.3238,17.9905,17.7976,16.9176,8.2861,30.7917,4.66754,13.1061,24.8551,
DUALS 18,2657.7,599787,553795,0,11.5645,6.31197,30.7607,14.2004,16.8665,12.7685,16.1326,34.7677,11.8045,17.311,10.7531,14.8721,5.92544,12.3464,12.2833,13.1509,0,16.805,11.7732,16.1472,20.3006,14.4176,24.8976,8.80581,8.11503,12.0067,14.7293,10.1134,8.45393,11.4201,9.62384,22.8721,19.9534,2.73187,15.1549,20.3734,13.1061,12.8509,0.785659,12.5478,14.1434,19.7066,7.69537,11.8753,8.22943,18.1305,15.5224,11.4782,15.3921,13.4666,11.7826,16.9576,7.79455,28.5203,23.4864,12.0318,11.2921,16.9228,11.4982,26.4825,5.58488,8.25024,11.3514,2.78502,22.906,16.6746,3.82795,7.12186,25.3551,18.8699,6.6832,36.8653,15.1515,2.06963,26.0976,12.0522,4.69853,6.69544,14.4266,7.78547,10.4854,18.1198,8.73122,15.6323,12.961,13.1347,13.6266,29.8846,11.9811,5.97211,11.9867,10.3391,10.652,21.4626,3.03552,8.11649,14.2849,16.7318,7.71455,4.76935,8.42741,11.6097,22.6641,22.0904,6.84551,13.7449,1.03813,5.26834,2.63275,6.08998,19.6212,13.7866,9.57814,12.2139,31.3826,15.5526,11.1573,14.0004,10.2823,9.15981,11.1239,6.98557,6.38661,16.3717,15.1481,6.32424,14.317,15.8546,14.4238,7.74975,8.77234,29.1091,10.5146,16.1892,20.1626,9.07816,5.58517,13.089,3.97046,20.8165,18.1351,13.0328,17.0205,11.7628,17.4576,10.345,11.4656,21.7287,3.51809,12.9809,12.8909,16.7065,10.143,6.74958,5.50835,13.7466,16.2418,6.81643,19.2146,21.2624,18.8446,5.68741,9.71762,19.5793,2.67769,8.64128,16.5142,7.26661,11.5196,12.0585,31.9021,12.125,8.97878,27.9382,5.64544,15.8682,21.9176,6.7984,1.42825,31.9723,17.0103,20.5366,2.68837,19.698,21.0328,21.4079,7.83627,3.87603,9.92787,15.2568,15.7107,11.3238,17.9905,17.7976,16.9176,8.2861,30.7917,4.66754,13.1061,24.8551,
DUALS 19,2657.7,600580,554586,0,11.5645,6.94556,30.7607,13.5668,16.8665,12.7685,16.1326,35.4013,11.8045,17.311,10.7531,14.8721,6.55902,9.17845,11.0162,13.1509,0.633587,16.805,11.7732,16.1472,20.3006,14.4176,24.8976,9.4394,8.11503,9.47237,15.3629,9.47981,9.08751,11.4201,9.62384,22.8721,20.587,2.73187,15.1549,21.007,12.4725,12.8509,1.41925,10.0134,14.1434,20.3402,8.32895,11.8753,8.22943,18.1305,15.5224,9.57747,15.3921,14.1002,11.7826,16.9576,7.79455,27.8867,23.4864,12.0318,11.2921,16.9228,10.231,25.8489,6.21846,8.25024,11.3514,3.41861,22.906,16.6746,4.46154,7.12186,25.3551,18.8699,6.6832,36.2317,15.1515,0.802458,26.0976,12.0522,4.69853,7.32902,15.0602,7.78547,9.85177,18.1198,9.3648,14.9987,12.961,13.1347,14.2602,29.8846,10.7139,6.6057,11.9867,10.3391,10.652,21.4626,3.03552,7.4829,14.9185,17.3654,7.71455,5.40294,8.42741,11.6097,22.6641,22.0904,5.57834,13.7449,1.03813,4.63475,3.26633,6.08998,19.6212,14.4202,10.2117,12.2139,31.3826,15.5526,11.1573,14.634,10.2823,9.7934,11.7575,6.98557,7.0202,16.3717,14.5145,6.32424,14.9506,15.8546,14.4238,7.11617,8.77234,29.1091,9.88102,16.8228,20.1626,8.44458,4.95158,12.4554,3.97046,20.8165,18.1351,13.0328,17.6541,11.7628,17.4576,10.345,11.4656,21.7287,3.51809,12.9809,12.8909,14.1722,9.50945,7.38316,6.14194,14.3802,16.8754,6.81643,19.2146,21.2624,18.8446,5.68741,9.71762,19.5793,2.0441,8.64128,16.5142,7.9002,9.61882,12.6921,31.9021,12.125,9.61237,27.3046,6.27902,16.5018,21.9176,6.7984,2.06184,31.3387,17.0103,20.5366,2.05478,19.0644,20.3993,22.0415,7.83627,3.24244,9.29428,15.2568,15.0771,11.3238,17.9905,17.7976,16.9176,8.91969,30.7917,4.66754,12.4725,24.8551,
DUALS 19,2657.7,600809,554798,0,11.5645,6.94556,30.7607,13.5668,16.8665,12.7685,15.0585,34.3272,11.8045,17.311,10.7531,14.8721,6.55902,10.2525,12.0903,13.1509,1.70769,15.7309,12.8473,16.1472,20.3006,14.4176,24.8976,8.36529,8.11503,10.5465,14.2888,10.5539,10.1616,12.4942,9.62384,23.9462,21.6611,2.73187,15.1549,22.0811,13.5466,12.8509,1.41925,11.0875,14.1434,21.4143,8.32895,11.8753,8.22943,18.1305,15.5224,10.6516,14.318,15.1743,12.8567,16.9576,7.79455,27.8867,24.5605,12.0318,12.3662,17.9969,11.3051,25.8489,5.14436,8.25024,11.3514,2.34451,23.9801,16.6746,4.46154,7.12186,25.3551,18.8699,6.6832,36.2317,15.1515,1.87656,26.0976,12.0522,4.69853,7.32902,16.1343,7.78547,10.9259,18.1198,10.4389,14.9987,12.961,14.2088,15.3343,29.8846,11.788,6.6057,11.9867,10.3391,10.652,22.5367,3.03552,8.557,15.9926,17.3654,7.71455,4.32884,8.42741,11.6097,22.6641,21.0163,6.65244,13.7449,1.03813,4.63475,1.11813,6.08998,18.5471,15.4943,10.2117,12.2139,32.4567,15.5526,10.0832,15.7081,10.2823,10.8675,12.8316,6.98557,8.0943,16.3717,14.5145,6.32424,13.8764,15.8546,14.4238,8.19027,8.77234,28.035,10.9551,17.8969,21.2368,9.51868,6.02569,13.5295,3.97046,20.8165,18.1351,13.0328,18.7282,11.7628,17.4576,10.345,11.4656,21.7287,4.59219,12.9809,12.8909,15.2463,10.5836,6.30906,6.14194,15.4543,16.8754,6.81643,19.2146,21.2624,18.8446,4.61331,9.71762,19.5793,2.0441,8.64128,16.5142,8.9743,10.6929,13.7662,32.9762,12.125,8.53827,28.3787,6.27902,17.5759,21.9176,5.7243,0.987736,31.3387,15.9362,20.5366,2.05478,20.1385,20.3993,20.9674,6.76217,3.24244,10.3684,15.2568,15.0771,12.3979,17.9905,17.7976,16.9176,9.99379,30.7917,5.74165,13.5466,24.8551,
DUALS 19,2657.7,601526,555490,0,11.5645,6.94556,30.7607,13.5668,16.8665,12.7685,15.4121,34.3272,11.8045,17.311,10.7531,14.8721,6.55902,10.2525,12.0903,13.5045,2.06132,16.0846,11.7864,16.1472,20.3006,14.7712,24.8976,8.71892,8.11503,10.9001,14.6425,9.84666,9.45437,11.787,9.62384,23.2389,21.3075,3.0855,15.1549,21.7275,13.193,13.2045,1.41925,11.4412,14.1434,20.707,8.32895,12.2289,8.58305,18.1305,15.876,10.6516,14.6716,14.467,11.4422,16.9576,7.79455,28.2404,24.2069,12.0318,12.3662,17.6432,10.9515,25.8489,5.49798,8.25024,11.3514,2.69813,22.5656,17.0282,4.46154,7.47549,25.7087,19.2235,6.6832,36.2317,15.1515,1.16931,26.0976,12.4058,4.69853,7.32902,15.427,7.78547,10.5722,18.1198,10.4389,14.9987,12.961,12.7943,14.627,29.8846,11.788,6.6057,12.3404,10.3391,10.652,21.1222,3.38915,7.84975,14.9317,17.3654,7.71455,4.68246,8.42741,11.9633,22.6641,21.3699,6.65244,14.0985,1.03813,3.9275,1.47175,6.08998,18.9008,14.787,10.2117,12.5676,31.0422,15.5526,10.4368,15.7081,10.2823,10.5139,12.478,6.98557,7.38705,16.7254,14.5145,6.32424,13.8764,16.2082,14.4238,7.48302,8.77234,28.3886,10.6015,17.8969,20.8831,8.10418,5.67206,13.1758,3.97046,21.1701,18.4887,13.3864,18.7282,11.4092,17.4576,10.6986,11.8192,21.7287,3.53132,13.3345,13.2445,15.5999,10.9372,6.66269,5.78831,14.747,16.8754,7.17005,19.5682,21.616,19.1982,4.61331,9.71762,19.5793,1.69048,8.64128,16.8678,8.26705,10.6929,13.4125,31.5617,12.125,8.89189,26.9642,6.27902,17.5759,21.9176,6.07792,1.34136,31.3387,16.2898,20.5366,1.70116,19.7849,20.7529,20.9674,7.11579,2.88881,9.30751,15.2568,15.0771,11.337,17.9905,17.7976,16.9176,8.93292,31.1454,5.74165,13.193,25.2087,
STATS - lpIterations[1] lagIterations[55] sspIterations[1044] numSeparations[358] numCuts[0] compileTime[0] sspSolveTime[11] lpSolveTime[0] lb[2660.91] ub[2694.9] numArcs: [601526] numFixed: [555490] time: [19]
DUALS 20,2660.91,602236,557417,0,11.5645,6.94556,30.7607,14.4426,16.8665,13.6443,16.288,34.3272,11.8045,17.311,11.629,15.748,6.55902,11.1284,10.3385,13.5045,2.93719,16.9604,11.7864,16.1472,20.3006,14.7712,24.8976,9.59479,8.11503,10.0242,15.5183,10.7225,9.45437,11.787,9.62384,24.1148,21.3075,3.0855,15.1549,21.7275,13.193,13.2045,1.41925,10.5653,14.1434,20.707,8.32895,11.353,9.45893,18.1305,15.876,9.7757,15.5475,14.467,12.3181,16.9576,7.79455,29.1162,24.2069,11.1559,12.3662,17.6432,9.19975,26.7248,6.37386,8.25024,11.3514,3.57401,23.4414,17.0282,4.46154,6.59961,24.8329,18.3477,6.6832,37.1076,15.1515,2.04519,26.0976,10.654,4.69853,7.32902,15.427,7.78547,10.5722,18.9957,10.4389,15.8746,12.961,13.6702,14.627,29.8846,10.0363,6.6057,12.3404,10.3391,10.652,21.9981,3.38915,7.84975,14.9317,17.3654,7.71455,5.55834,8.42741,11.0874,21.7882,22.2458,4.90069,14.0985,1.03813,3.9275,2.34763,6.08998,18.9008,14.787,10.2117,12.5676,31.9181,16.4285,11.3127,15.7081,10.2823,10.5139,12.478,7.86144,7.38705,15.8495,15.3904,6.32424,13.8764,16.2082,15.2997,8.35889,7.89647,29.2645,9.72563,17.8969,20.8831,8.98005,5.67206,13.1758,4.84633,21.1701,17.6129,12.5106,18.7282,11.4092,17.4576,9.8227,11.8192,21.7287,4.40719,13.3345,13.2445,14.724,9.18543,7.53856,5.78831,14.747,16.8754,7.17005,19.5682,21.616,20.0741,3.73743,9.71762,19.5793,1.69048,8.64128,16.8678,8.26705,9.81705,13.4125,32.4376,12.125,9.76777,27.8401,6.27902,17.5759,21.9176,6.9538,2.21724,32.2146,17.1657,20.5366,1.70116,19.7849,21.6288,20.9674,7.11579,2.88881,10.1834,15.2568,15.953,11.337,17.9905,17.7976,16.9176,8.93292,30.2695,4.86577,13.193,24.3329,
DUALS 20,2660.91,602755,557876,0,11.5645,6.94556,30.7607,14.4426,16.8665,12.1228,15.5272,35.088,11.8045,17.311,10.8682,14.9872,6.55902,11.8892,11.0993,13.5045,3.69798,16.1996,11.0256,16.1472,20.3006,14.7712,24.8976,8.834,8.11503,10.785,14.7575,9.96175,9.45437,11.0262,9.62384,24.1148,21.3075,3.0855,15.1549,21.7275,12.4322,13.2045,1.41925,11.3261,14.1434,20.707,8.32895,12.1138,9.45893,18.1305,15.876,10.5365,14.7867,14.467,12.3181,16.9576,7.79455,27.5946,23.4461,11.1559,12.3662,17.6432,9.96055,26.7248,4.85228,8.25024,11.3514,2.05242,23.4414,16.2674,4.46154,7.3604,25.5937,19.1085,6.6832,37.1076,15.1515,1.28439,26.0976,11.4148,4.69853,7.32902,15.427,8.54627,9.81146,18.9957,10.4389,15.8746,12.961,13.6702,14.627,29.8846,10.7971,6.6057,13.1012,10.3391,10.652,21.9981,3.38915,7.08896,14.171,18.1262,7.71455,4.03675,8.42741,11.8482,22.549,21.485,5.66149,14.0985,1.03813,3.16671,1.58683,6.85077,18.9008,14.787,10.2117,12.5676,31.9181,15.6677,10.5519,15.7081,10.2823,10.5139,12.478,4.81827,7.38705,16.6103,15.3904,6.32424,14.6372,16.2082,14.5389,7.5981,8.65726,27.7429,10.4864,17.8969,20.8831,8.98005,5.67206,12.4151,3.32475,21.1701,18.3737,12.5106,18.7282,11.4092,17.4576,10.5835,11.8192,22.4895,3.6464,13.3345,13.2445,15.4848,9.94622,6.77777,5.78831,14.747,17.6362,7.17005,19.5682,21.616,20.0741,4.49822,9.71762,19.5793,0.929684,8.64128,16.8678,8.26705,10.5778,13.4125,32.4376,12.125,9.00698,27.8401,6.27902,17.5759,21.9176,6.19301,0.695652,32.2146,16.4049,20.5366,0.940367,19.7849,20.1072,21.7282,7.11579,2.12802,10.1834,15.2568,15.953,10.5762,17.9905,17.7976,16.9176,8.17213,31.0303,4.86577,13.193,25.0937,
STATS - lpIterations[1] lagIterations[57] sspIterations[1083] numSeparations[366] numCuts[0] compileTime[0] sspSolveTime[11] lpSolveTime[0] lb[2661.52] ub[2694.9] numArcs: [602755] numFixed: [557876] time: [20]
DUALS 21,2661.52,603433,568477,0,10.7712,6.94556,29.9674,14.4426,16.8665,12.9161,16.3205,34.2947,11.0112,17.311,11.6615,14.1939,6.55902,12.6825,11.8926,14.2978,4.49129,16.9929,11.8189,16.1472,20.3006,15.5645,24.8976,9.6273,7.32173,11.5783,14.7575,10.755,9.45437,11.8195,8.03723,24.1148,21.3075,3.0855,15.1549,21.7275,12.4322,13.9978,1.41925,12.1194,14.1434,20.707,8.32895,12.1138,9.45893,18.1305,15.0827,11.3298,14.7867,14.467,11.5248,16.9576,7.00124,28.388,23.4461,11.1559,12.3662,17.6432,10.7538,26.7248,5.64558,8.25024,11.3514,2.84573,22.6481,16.2674,4.46154,6.5671,25.5937,18.3152,5.8899,36.3143,15.1515,2.0777,26.0976,11.4148,3.90522,7.32902,15.427,7.75296,10.6048,18.9957,10.4389,15.8746,12.1677,12.8769,14.627,29.0913,11.5904,6.6057,12.3079,10.3391,10.652,21.2048,3.38915,7.88226,14.9643,17.3329,6.92124,4.83005,8.42741,11.8482,22.549,22.2783,6.45479,14.0985,1.03813,3.16671,2.38014,6.05747,19.6941,14.787,10.2117,13.3609,31.1248,14.8744,10.5519,15.7081,10.2823,11.3072,12.478,5.61157,7.38705,16.6103,15.3904,6.32424,13.8439,16.2082,15.3322,8.39141,8.65726,28.5362,11.2797,17.8969,20.8831,7.39345,5.67206,13.2084,4.11805,21.9634,18.3737,13.3039,18.7282,11.4092,17.4576,10.5835,11.8192,22.4895,4.4397,14.1278,14.0378,16.2781,10.7395,7.57107,5.78831,14.747,16.8429,7.17005,20.3615,20.8227,20.0741,4.49822,9.71762,19.5793,0.929684,8.64128,16.8678,8.26705,11.3711,13.4125,32.4376,11.3317,9.80028,26.2534,6.27902,17.5759,21.9176,6.98631,1.48896,32.2146,17.1982,20.5366,1.73367,19.7849,20.9005,20.9349,7.9091,2.12802,8.59678,15.2568,15.953,11.3695,17.9905,17.7976,16.9176,8.96543,30.237,4.86577,13.193,25.0937,
STATS - lpIterations[1] lagIterations[58] sspIterations[1104] numSeparations[372] numCuts[0] compileTime[0] sspSolveTime[11] lpSolveTime[0] lb[2664.94] ub[2694.9] numArcs: [603433] numFixed: [568477] time: [21]
DUALS 21,2664.94,604221,575039,0,10.7712,6.94556,29.9674,14.4426,16.8665,12.9161,16.3205,34.2947,11.0112,17.311,11.6615,14.1939,6.55902,9.94296,11.5502,14.2978,3.8064,16.9929,11.4765,16.4897,20.3006,15.5645,24.8976,9.96975,7.66417,10.2085,14.7575,9.38527,9.45437,11.8195,8.37968,24.4572,21.3075,3.0855,15.1549,21.7275,12.4322,13.9978,1.0768,10.7496,14.4859,20.707,8.32895,11.7714,9.45893,18.1305,15.4251,10.9873,14.7867,14.467,11.8672,16.9576,7.00124,28.388,23.4461,11.1559,12.3662,17.6432,10.4114,26.7248,5.98802,8.25024,11.3514,3.18817,22.9906,16.6099,4.11909,6.5671,25.5937,18.6576,5.8899,36.3143,15.1515,1.39281,26.0976,11.4148,4.24767,7.32902,15.427,8.09541,10.6048,18.9957,10.4389,15.8746,12.5101,13.2193,14.627,29.0913,11.2479,6.6057,12.6503,10.3391,10.652,21.5472,3.38915,6.51248,14.6218,17.3329,6.92124,5.1725,8.42741,11.5058,22.549,22.2783,6.11234,14.0985,0.695689,3.50915,2.72258,6.05747,19.3516,14.787,10.2117,13.3609,31.4672,14.8744,10.5519,15.7081,10.2823,10.9647,12.478,5.61157,7.38705,16.6103,15.3904,6.32424,13.8439,16.2082,15.3322,7.02162,8.31481,28.5362,10.9373,17.8969,20.8831,7.73589,5.67206,13.2084,4.11805,21.9634,18.3737,13.3039,18.7282,11.4092,17.4576,10.241,12.1617,22.4895,3.75481,14.1278,14.0378,14.9084,9.71219,7.91352,5.78831,14.747,16.8429,7.17005,20.3615,21.1651,20.0741,4.49822,9.71762,19.9217,1.27213,8.64128,16.8678,8.26705,9.65892,13.4125,32.7801,11.6742,10.1427,26.5959,6.27902,17.5759,21.9176,6.98631,1.8314,32.2146,17.1982,20.5366,1.39122,19.7849,20.9005,20.9349,7.56665,2.47047,8.93923,15.2568,15.953,11.3695,17.9905,17.7976,16.9176,8.96543,30.237,4.86577,13.193,25.0937,
STATS - lpIterations[1] lagIterations[59] sspIterations[1122] numSeparations[378] numCuts[0] compileTime[0] sspSolveTime[12] lpSolveTime[0] lb[2668.99] ub[2694.9] numArcs: [604221] numFixed: [575039] time: [21]
DUALS 21,2668.99,604598,579601,0,10.7712,6.94556,30.9434,14.4426,16.8665,12.9161,16.3205,35.2706,11.0112,17.311,11.6615,14.1939,6.55902,9.94296,11.5502,14.2978,4.78233,16.9929,11.4765,16.4897,20.3006,15.5645,24.8976,8.01788,8.64011,11.1845,12.8057,10.3612,9.45437,11.8195,9.35561,25.4332,21.3075,3.0855,15.1549,21.7275,12.4322,13.9978,1.0768,11.7255,15.4618,20.707,8.32895,11.7714,9.45893,18.1305,15.4251,11.9633,14.7867,14.467,12.8431,16.9576,7.00124,28.388,23.4461,11.1559,12.3662,17.6432,10.4114,26.7248,4.03615,8.25024,11.3514,1.2363,23.9665,16.6099,4.11909,6.5671,25.5937,18.6576,5.8899,36.3143,15.1515,2.36874,26.0976,11.4148,5.22361,7.32902,15.427,9.07134,10.6048,18.9957,10.4389,15.8746,13.4861,14.1952,14.627,30.0672,11.2479,6.6057,12.6503,10.3391,10.652,22.5231,3.38915,7.48842,14.6218,18.3088,6.92124,3.22063,8.42741,11.5058,22.549,22.2783,6.11234,14.0985,0.695689,2.53321,0.77071,6.05747,19.3516,14.787,10.2117,13.3609,32.4431,14.8744,10.5519,15.7081,10.2823,10.9647,12.478,5.61157,7.38705,16.6103,15.3904,6.32424,14.8199,16.2082,15.3322,7.99756,8.31481,28.5362,11.9132,17.8969,20.8831,8.71183,5.67206,13.2084,4.11805,21.9634,18.3737,13.3039,18.7282,11.4092,17.4576,10.241,12.1617,22.4895,4.73075,14.1278,14.0378,15.8843,10.6881,4.98571,5.78831,14.747,17.8188,7.17005,20.3615,21.1651,20.0741,4.49822,9.71762,19.9217,0.296193,8.64128,16.8678,8.26705,10.6349,13.4125,33.756,12.6501,7.21491,27.5718,6.27902,17.5759,22.8935,6.01037,0.855464,32.2146,17.1982,20.5366,0.415288,19.7849,20.9005,21.9108,7.56665,1.49453,9.91516,15.2568,15.953,11.3695,17.9905,17.7976,16.9176,8.96543,30.237,4.86577,13.193,25.0937,
DUALS 22,2668.99,605043,563293,0,10.7712,6.94556,30.9434,14.4426,16.8665,12.9161,17.2527,35.2706,11.0112,17.311,11.6615,14.1939,6.55902,10.8751,10.618,14.2978,2.91796,16.9929,11.4765,16.4897,20.3006,15.5645,24.8976,8.95006,7.70792,10.2523,13.7378,10.3612,9.45437,11.8195,8.42343,24.501,21.3075,3.0855,15.1549,21.7275,12.4322,13.9978,0.144615,10.7934,13.5974,20.707,8.32895,11.7714,9.45893,18.1305,15.4251,11.0311,15.7189,14.467,10.9788,16.9576,7.00124,28.388,23.4461,11.1559,12.3662,17.6432,9.47922,26.7248,4.96834,8.25024,11.3514,2.16848,22.1021,16.6099,4.11909,6.5671,26.5258,18.6576,5.8899,36.3143,15.1515,2.36874,26.0976,11.4148,3.35924,7.32902,15.427,8.13916,10.6048,18.9957,10.4389,15.8746,12.5539,12.3309,14.627,30.0672,10.3158,6.6057,12.6503,10.3391,10.652,20.6588,3.38915,7.48842,14.6218,17.3767,6.92124,4.15281,8.42741,11.5058,23.4812,22.2783,5.18016,14.0985,0,3.4654,1.7029,5.12528,17.4872,14.787,10.2117,13.3609,30.5788,14.8744,11.484,15.7081,10.2823,10.9647,12.478,5.61157,7.38705,17.5425,15.3904,6.32424,13.8877,16.2082,15.3322,7.99756,8.31481,29.4684,10.981,17.8969,20.8831,6.84746,5.67206,13.2084,4.11805,21.0312,19.3058,12.3717,18.7282,11.4092,17.4576,10.241,12.1617,22.4895,4.73075,14.1278,14.0378,14.9521,9.75594,5.91789,5.78831,14.747,16.8867,7.17005,20.3615,21.1651,20.0741,3.56604,9.71762,19.9217,1.22838,8.64128,16.8678,8.26705,9.70267,13.4125,31.8916,11.7179,8.1471,25.7075,6.27902,17.5759,22.8935,6.94256,1.78765,32.2146,18.1304,20.5366,1.34747,19.7849,21.8327,20.9786,5.70228,2.42672,8.05079,15.2568,15.953,11.3695,17.9905,17.7976,16.9176,8.96543,31.1692,4.86577,13.193,26.0258,
DUALS 22,2668.99,606096,564360,0,10.7712,7.68407,30.9434,14.4426,16.8665,13.6546,16.5142,35.2706,11.0112,17.311,12.4,14.9324,7.29754,11.6137,11.3565,14.2978,3.65648,16.2544,11.4765,16.4897,20.3006,15.5645,24.8976,9.68858,8.44644,10.9908,14.4764,10.3612,9.45437,11.8195,9.16194,25.2395,21.3075,3.0855,15.1549,21.7275,11.6937,13.9978,0.883129,11.5319,14.3359,20.707,9.06747,11.7714,10.1974,18.1305,15.4251,11.7696,14.9803,14.467,11.7173,16.9576,7.00124,27.6494,22.7076,11.1559,12.3662,17.6432,10.2177,26.7248,5.70685,8.25024,11.3514,2.907,22.8407,16.6099,4.8576,6.5671,24.3103,17.1806,5.8899,36.3143,15.1515,2.36874,26.0976,11.4148,4.09775,8.06754,15.427,8.87767,9.86625,18.9957,10.4389,15.8746,13.2924,13.0694,14.627,30.0672,11.0543,7.34421,12.6503,10.3391,10.652,21.3973,3.38915,7.48842,14.6218,18.1152,6.92124,4.89133,8.42741,11.5058,22.0042,21.5398,5.91867,14.0985,0.738513,2.72689,2.44141,5.12528,17.4872,14.787,10.2117,13.3609,31.3173,15.6129,10.7455,15.7081,10.2823,10.9647,12.478,6.35009,7.38705,15.3269,15.3904,6.32424,14.6262,16.2082,16.0707,7.99756,8.31481,27.9914,11.7195,17.8969,20.8831,7.58597,4.93355,13.2084,4.85656,21.0312,17.0903,12.3717,18.7282,11.4092,17.4576,10.241,12.1617,21.0125,4.73075,14.1278,14.0378,15.6906,10.4945,6.65641,6.52683,14.747,17.6252,7.17005,20.3615,21.1651,20.0741,2.82753,9.71762,19.9217,0.489865,8.64128,16.8678,8.26705,10.4412,13.4125,32.6301,12.4564,8.88561,26.446,7.01754,17.5759,22.8935,7.68107,2.52616,32.2146,17.3919,20.5366,0.60896,19.7849,20.3556,21.7171,5.70228,1.6882,8.78931,15.2568,15.953,11.3695,17.9905,17.7976,16.9176,8.96543,28.9536,4.86577,13.193,23.8103,
DUALS 23,2668.99,606309,564557,0,10.7712,6.62349,29.8828,14.4426,16.8665,12.594,17.5747,34.2101,11.0112,17.311,10.2789,14.9324,6.23696,10.5531,11.3565,14.2978,4.71705,17.315,11.4765,16.4897,20.3006,15.5645,24.8976,9.68858,8.44644,9.93023,14.4764,9.30063,9.45437,11.8195,9.16194,26.3001,21.3075,2.02492,15.1549,21.7275,11.6937,13.9978,0,10.4713,14.3359,20.707,8.00689,11.7714,10.1974,18.1305,16.4857,10.709,14.9803,14.467,12.7779,16.9576,7.00124,28.71,22.7076,10.0954,12.3662,17.6432,10.2177,26.7248,5.70685,8.25024,10.2908,1.84642,23.9012,16.6099,2.73645,6.5671,25.3709,18.2412,5.8899,36.3143,15.1515,1.30817,26.0976,11.4148,4.09775,7.00696,15.427,8.87767,9.86625,18.9957,10.4389,15.8746,13.2924,14.13,14.627,29.0067,9.99369,6.28364,13.7109,10.3391,10.652,22.4579,2.32857,6.42784,14.6218,17.0546,6.92124,4.89133,8.42741,11.5058,23.0648,22.6003,5.91867,14.0985,0,3.78746,1.38083,6.18586,17.4872,14.787,10.2117,13.3609,32.3779,15.6129,10.7455,15.7081,10.2823,10.9647,12.478,5.28951,7.38705,16.3875,15.3904,6.32424,14.6262,16.2082,15.0102,6.93698,8.31481,29.0519,10.659,17.8969,20.8831,8.64655,4.93355,13.2084,3.79599,21.0312,18.1509,12.3717,18.7282,11.4092,17.4576,10.241,12.1617,22.0731,3.67017,14.1278,14.0378,14.63,9.43388,6.65641,5.46625,14.747,16.5646,6.10948,20.3615,22.2257,20.0741,3.8881,9.71762,19.9217,1.55044,8.64128,16.8678,8.26705,10.4412,13.4125,33.6907,12.4564,8.88561,27.5065,5.95696,17.5759,22.8935,7.68107,1.46559,32.2146,17.3919,20.5366,1.66954,19.7849,21.4162,20.6565,6.76286,2.74878,9.84988,15.2568,15.953,11.3695,17.9905,17.7976,16.9176,8.96543,30.0142,4.86577,13.193,24.8709,
DUALS 23,2668.99,606697,564984,0,10.7712,6.98299,30.2423,14.4426,16.8665,12.9535,17.5747,34.5695,11.0112,17.311,10.6384,14.9324,6.59646,10.9126,11.716,14.2978,4.71705,17.315,11.8359,16.4897,20.3006,15.5645,24.8976,9.68858,8.80593,10.2897,14.4764,9.66012,9.45437,12.179,9.52144,25.5811,20.948,2.38442,15.1549,21.368,11.6937,13.9978,0.359497,10.8308,14.6954,20.707,8.36639,11.7714,10.1974,18.1305,15.4072,11.0685,14.9803,14.467,11.3399,16.9576,7.00124,28.71,22.7076,10.0954,12.3662,17.6432,10.5772,26.7248,5.70685,8.25024,10.2908,1.84642,22.4632,16.2504,3.09595,6.5671,25.7304,17.1627,5.8899,36.3143,14.792,1.66766,26.0976,11.4148,4.45725,7.36646,15.427,9.23717,9.86625,18.9957,10.4389,15.8746,13.6519,12.692,14.627,29.3662,10.3532,6.64313,12.6324,10.3391,10.652,21.0199,2.68807,6.78734,14.9813,17.4141,6.92124,4.89133,8.42741,11.5058,23.0648,22.6003,6.27817,14.458,0.359497,3.42797,1.38083,6.54536,17.4872,14.787,10.2117,13.3609,30.9399,15.6129,10.7455,15.7081,10.2823,11.3242,12.1185,5.64901,7.38705,16.747,15.3904,6.32424,14.9857,16.5677,15.3697,7.29648,8.31481,29.0519,11.0185,17.8969,20.8831,7.56806,4.93355,13.2084,4.15548,21.0312,18.5104,12.3717,18.7282,11.4092,17.4576,10.241,11.0832,22.0731,4.02967,14.1278,14.0378,14.9895,9.79338,6.65641,5.82575,14.747,16.9241,6.46897,20.3615,21.1472,20.0741,4.2476,9.71762,19.5622,1.19094,8.64128,17.2273,8.26705,10.8007,13.4125,32.2527,12.8159,8.88561,26.0686,6.31646,17.5759,23.253,7.32158,1.46559,32.2146,17.3919,20.5366,1.31004,19.7849,21.4162,21.016,6.76286,2.38928,8.41189,15.2568,15.953,11.729,17.9905,17.7976,16.9176,9.32493,30.3737,4.86577,13.193,25.2304,
STATS - lpIterations[1] lagIterations[64] sspIterations[1219] numSeparations[392] numCuts[0] compileTime[0] sspSolveTime[13] lpSolveTime[0] lb[2672.63] ub[2694.9] numArcs: [606697] numFixed: [564984] time: [23]
DUALS 23,2672.63,607135,565550,0,10.7712,6.98299,30.2423,14.4426,16.8665,12.9535,17.5747,34.5695,11.0112,17.311,10.6384,14.9324,6.59646,10.9126,11.716,14.2978,4.71705,17.315,11.8359,16.4897,20.3006,15.5645,24.8976,10.9819,7.51256,11.5831,14.4764,10.9535,9.45437,12.179,6.93469,26.8744,20.948,2.38442,15.1549,21.368,11.6937,13.9978,1.65287,12.1242,14.6954,20.707,8.36639,11.7714,10.1974,18.1305,16.7006,12.3619,13.687,14.467,12.6333,16.9576,7.00124,28.71,22.7076,10.0954,12.3662,17.6432,10.5772,26.7248,7.00022,8.25024,10.2908,3.13979,23.7566,17.5438,3.09595,6.5671,25.7304,18.456,5.8899,36.3143,14.792,2.96104,26.0976,11.4148,1.8705,7.36646,15.427,7.9438,9.86625,18.9957,10.4389,15.8746,12.3585,13.9853,14.627,29.3662,10.3532,6.64313,13.9258,10.3391,10.652,22.3133,2.68807,8.08071,14.9813,17.4141,6.92124,6.1847,8.42741,11.5058,23.0648,22.6003,6.27817,14.458,1.65287,2.13459,2.6742,3.95861,17.4872,14.787,10.2117,13.3609,32.2333,15.6129,9.45216,15.7081,10.2823,11.3242,12.1185,5.64901,7.38705,16.747,15.3904,6.32424,14.9857,16.5677,15.3697,8.58985,8.31481,29.0519,12.3118,17.8969,20.8831,8.86143,4.93355,13.2084,4.15548,21.0312,18.5104,12.3717,18.7282,11.4092,17.4576,10.241,12.3765,22.0731,5.32304,14.1278,14.0378,16.2829,11.0867,7.94978,5.82575,14.747,16.9241,6.46897,20.3615,22.4406,20.0741,2.95423,9.71762,20.8556,0,8.64128,17.2273,8.26705,12.0941,13.4125,33.5461,11.5226,10.179,27.3619,6.31646,17.5759,23.253,8.61495,2.75896,32.2146,17.3919,20.5366,0.0166666,19.7849,21.4162,21.016,6.76286,1.09591,9.70527,15.2568,15.953,11.729,17.9905,17.7976,16.9176,9.32493,30.3737,4.86577,13.193,25.2304,
DUALS 24,2672.63,607824,566156,0,10.7712,6.98299,30.2423,14.4426,16.8665,13.3223,17.5747,34.5695,11.0112,17.311,11.0072,15.3012,6.59646,10.175,11.716,14.2978,3.97946,17.315,10.7296,16.4897,20.3006,15.5645,24.8976,9.50677,7.88136,11.2143,13.7388,9.10952,9.45437,11.4414,7.30349,26.8744,20.948,2.38442,15.1549,21.368,11.6937,13.9978,1.28408,11.0178,15.0642,20.707,8.36639,12.1402,10.1974,18.1305,15.963,11.6243,13.687,14.467,12.2645,16.9576,7.00124,28.71,22.7076,10.0954,12.3662,17.6432,10.5772,26.7248,5.52504,8.25024,10.2908,2.4022,23.3878,17.175,3.09595,6.9359,25.7304,17.7184,5.8899,36.3143,14.792,1.48586,26.0976,11.7836,2.23929,7.36646,15.427,8.31259,9.86625,18.9957,10.4389,15.8746,12.7273,13.6166,14.627,29.3662,10.3532,6.64313,13.1882,10.3391,10.652,21.9445,2.68807,6.23673,14.2437,17.4141,6.92124,5.44711,8.42741,11.8745,22.696,22.6003,6.27817,14.458,0.91528,2.50339,1.93661,4.3274,17.4872,14.787,10.2117,13.3609,31.8645,15.6129,9.45216,15.7081,10.2823,10.9554,12.1185,6.0178,7.38705,16.747,15.3904,6.32424,14.9857,16.5677,15.7384,6.74588,8.31481,29.0519,11.943,17.8969,20.8831,8.12384,4.93355,12.8396,4.52428,21.0312,18.5104,12.3717,18.7282,11.4092,17.4576,10.6098,11.639,22.0731,3.47907,14.1278,14.0378,15.1765,9.61157,7.21219,5.82575,14.747,16.9241,6.46897,20.3615,21.703,20.0741,3.32302,9.71762,20.4868,0.368795,8.64128,17.2273,8.26705,10.9877,13.4125,33.1773,11.8914,9.81019,26.6243,6.31646,17.5759,23.253,8.24615,2.39016,32.2146,17.3919,20.5366,0.385462,19.7849,21.4162,21.016,6.76286,1.4647,8.96768,15.2568,15.953,10.6226,17.9905,17.7976,16.9176,8.58734,30.3737,4.86577,13.193,25.2304,
STATS - lpIterations[1] lagIterations[66] sspIterations[1263] numSeparations[399] numCuts[0] compileTime[0] sspSolveTime[13] lpSolveTime[0] lb[2673.37] ub[2694.9] numArcs: [607824] numFixed: [566156] time: [24]
DUALS 24,2673.37,607757,582810,0,10.7712,6.98299,30.2423,14.4426,16.8665,13.3223,17.5747,34.5695,11.0112,17.311,11.0072,15.3012,6.59646,12.0922,11.716,14.2978,2.06224,17.315,12.6468,18.4069,20.3006,15.5645,24.8976,9.50677,9.79857,11.2143,13.7388,11.0267,9.45437,13.3586,9.22071,26.8744,20.948,2.38442,15.1549,21.368,13.6109,13.9978,0,11.0178,16.9815,20.707,8.36639,12.1402,10.1974,18.1305,15.963,11.6243,13.687,14.467,12.2645,16.9576,7.00124,28.71,24.6248,10.0954,12.3662,19.5605,10.5772,26.7248,5.52504,8.25024,10.2908,2.4022,23.3878,17.175,3.09595,6.9359,25.7304,17.7184,5.8899,36.3143,14.792,3.40307,26.0976,11.7836,4.15651,7.36646,15.427,10.2298,11.7835,18.9957,10.4389,15.8746,14.6445,13.6166,14.627,29.3662,10.3532,6.64313,13.1882,10.3391,12.5692,21.9445,2.68807,8.15395,16.1609,17.4141,6.92124,5.44711,8.42741,11.8745,22.696,22.6003,6.27817,14.458,0,4.42061,1.93661,6.24462,15.57,14.787,10.2117,13.3609,31.8645,15.6129,9.45216,15.7081,10.2823,12.8727,12.1185,6.0178,7.38705,16.747,15.3904,6.32424,14.9857,16.5677,15.7384,8.6631,8.31481,29.0519,11.943,17.8969,22.8003,8.12384,6.85077,14.7568,4.52428,21.0312,18.5104,12.3717,18.7282,11.4092,17.4576,10.6098,11.639,22.0731,5.39628,14.1278,14.0378,15.1765,9.61157,7.21219,5.82575,14.747,16.9241,6.46897,20.3615,21.703,20.0741,3.32302,9.71762,20.4868,2.28601,8.64128,17.2273,8.26705,10.9877,13.4125,33.1773,13.8086,9.81019,26.6243,6.31646,17.5759,23.253,8.24615,2.39016,32.2146,17.3919,20.5366,0.385462,21.7021,21.4162,21.016,4.84564,3.38192,8.96768,15.2568,15.953,12.5399,17.9905,17.7976,16.9176,10.5046,30.3737,4.86577,15.1102,25.2304,
DUALS 24,2673.37,610047,583967,0,11.0465,6.98299,29.9671,14.4426,16.8665,13.3223,17.5747,34.5695,11.2865,17.311,11.0072,15.3012,6.59646,10.1656,11.9912,14.2978,2.33748,17.5902,11.8211,18.1316,20.3006,15.5645,24.8976,9.782,9.2481,10.9391,14.014,9.37533,9.45437,13.0834,8.395,26.8744,20.948,2.38442,15.4301,21.368,12.2347,13.9978,0,11.0178,16.7062,20.707,8.36639,12.1402,10.1974,18.1305,15.963,11.3491,13.9622,14.467,12.2645,16.9576,7.27648,28.71,23.7991,10.0954,12.3662,18.4595,10.8525,26.7248,5.80028,8.25024,10.2908,2.4022,23.3878,17.175,3.09595,6.9359,25.7304,17.7184,6.16513,36.3143,14.792,1.75166,26.0976,12.0589,3.60604,7.36646,15.427,9.67934,10.4073,18.9957,10.4389,15.8746,14.0941,13.6166,14.627,29.0909,10.6284,6.64313,13.1882,10.3391,12.0187,21.9445,2.68807,6.50254,13.9591,17.6893,7.19648,5.44711,8.42741,11.8745,22.696,22.8756,6.5534,14.458,0.275235,4.14537,1.93661,5.69415,15.57,14.787,10.2117,13.3609,31.8645,15.6129,9.7274,15.7081,10.5576,12.047,12.1185,6.0178,7.38705,16.747,15.3904,6.59948,15.2609,16.5677,15.7384,7.01168,8.31481,29.0519,11.6678,17.8969,21.9746,8.12384,5.47459,13.6558,4.52428,21.0312,18.5104,12.3717,18.7282,11.4092,17.4576,10.6098,11.639,22.0731,4.29534,14.1278,14.0378,14.9013,9.61157,7.48743,5.82575,14.747,17.1993,6.46897,20.3615,21.703,20.0741,3.32302,9.71762,20.4868,2.01078,8.91651,17.2273,8.26705,10.9877,13.4125,33.1773,13.2581,10.0854,26.6243,6.31646,17.5759,23.253,8.24615,2.11493,32.2146,17.6671,20.5366,0.660697,20.6012,21.6914,21.016,4.84564,3.10669,8.96768,15.2568,15.953,11.9894,17.9905,17.7976,16.9176,9.95408,30.3737,4.86577,14.0092,25.2304,
DUALS 25,2673.37,610574,589410,0,11.0465,6.98299,29.9671,14.4426,16.8665,13.3223,16.1479,34.5695,11.2865,17.311,11.0072,15.3012,6.59646,10.1656,10.5643,15.7247,3.76436,16.1634,13.248,18.1316,20.3006,16.9914,24.8976,9.782,7.82123,10.9391,14.014,10.8022,9.45437,13.0834,6.96812,26.8744,20.948,2.38442,15.4301,21.368,12.2347,15.4247,1.42688,11.0178,15.2793,20.707,8.36639,12.1402,10.1974,18.1305,15.963,11.3491,12.5353,14.467,12.2645,16.9576,7.27648,27.2831,22.3722,10.0954,12.3662,18.4595,9.42559,26.7248,5.80028,8.25024,10.2908,0.975326,23.3878,17.175,3.09595,5.50902,25.7304,17.7184,6.16513,36.3143,14.792,3.17854,26.0976,10.632,2.17917,7.36646,15.427,8.25246,10.4073,18.9957,10.4389,15.8746,12.6672,13.6166,14.627,29.0909,9.20154,6.64313,13.1882,10.3391,12.0187,21.9445,2.68807,7.92942,13.9591,17.6893,7.19648,4.02023,8.42741,11.8745,22.696,21.4487,5.12653,14.458,0.275235,2.7185,0.509738,4.26728,16.9969,14.787,10.2117,14.7877,31.8645,15.6129,9.7274,15.7081,10.5576,12.047,12.1185,6.0178,7.38705,16.747,15.3904,6.59948,15.2609,16.5677,15.7384,8.43856,9.74169,27.6251,11.6678,17.8969,21.9746,8.12384,5.47459,13.6558,4.52428,22.4581,18.5104,13.7986,18.7282,11.4092,17.4576,10.6098,11.639,22.0731,5.72222,15.5547,15.4647,14.9013,8.18469,7.48743,5.82575,14.747,17.1993,6.46897,21.7884,21.703,20.0741,3.32302,9.71762,20.4868,0.583902,8.91651,17.2273,8.26705,9.56079,13.4125,33.1773,11.8312,10.0854,26.6243,6.31646,17.5759,23.253,6.81928,0,32.2146,16.2402,20.5366,0.660697,20.6012,20.2646,21.016,6.27252,1.67981,8.96768,15.2568,15.953,11.9894,17.9905,17.7976,16.9176,9.95408,30.3737,4.86577,14.0092,25.2304,
DUALS 25,2673.37,610622,589454,0,11.0465,6.98299,29.9671,14.4426,16.8665,13.3223,16.8436,34.5695,11.2865,17.311,11.0072,15.3012,6.59646,9.46978,11.2601,15.0289,3.76436,16.8591,11.1606,18.8274,20.3006,16.2956,24.8976,9.782,8.517,11.6348,14.014,8.71488,9.45437,10.9961,7.6639,26.8744,20.948,2.38442,15.4301,21.368,12.2347,14.7289,0.731101,11.7136,15.9751,20.707,8.36639,12.836,10.1974,18.1305,15.963,12.0449,13.2311,14.467,12.2645,16.9576,7.27648,27.9789,22.3722,8.70381,12.3662,18.4595,10.1214,26.7248,5.80028,8.25024,9.59505,1.6711,23.3878,17.175,3.09595,6.20479,25.7304,17.7184,6.16513,36.3143,14.792,1.09121,26.0976,11.3277,2.87494,7.36646,15.427,8.94824,10.4073,18.9957,10.4389,15.8746,13.363,13.6166,14.627,29.0909,9.89732,6.64313,13.1882,10.3391,12.0187,21.9445,2.68807,5.84209,11.8717,17.6893,7.19648,4.02023,8.42741,12.5703,22.696,22.1445,5.8223,14.458,0.275235,2.7185,0.509738,4.96305,16.3011,14.787,10.2117,14.7877,31.8645,15.6129,10.4232,15.7081,10.5576,11.3512,12.1185,6.0178,7.38705,16.747,15.3904,6.59948,15.2609,16.5677,15.7384,6.35124,9.74169,28.3208,12.3636,17.8969,21.9746,8.12384,5.47459,13.6558,4.52428,21.7623,18.5104,12.407,18.7282,11.4092,17.4576,11.3056,11.639,22.0731,3.63489,14.8589,14.7689,15.5971,8.88047,7.48743,5.82575,14.747,17.1993,6.46897,21.0926,21.703,20.7698,3.32302,9.71762,20.4868,0.583902,8.91651,17.2273,8.26705,9.56079,13.4125,33.1773,12.527,10.0854,26.6243,6.31646,17.5759,23.253,6.81928,0.695775,32.2146,16.936,20.5366,1.35647,20.6012,20.9603,21.016,5.57674,1.67981,8.96768,15.2568,15.953,10.5978,17.9905,17.7976,16.9176,7.86676,30.3737,4.86577,14.0092,25.2304,
DUALS 25,2673.37,610533,590170,0,11.0465,6.98299,29.9671,14.4426,16.8665,13.3223,16.8436,34.5695,11.2865,17.311,11.0072,15.3012,6.59646,13.6354,11.2601,15.0289,0,16.8591,15.3263,18.8274,20.3006,16.2956,24.8976,9.782,8.517,11.6348,14.014,12.8805,9.45437,15.1617,7.6639,26.8744,20.948,2.38442,15.4301,21.368,12.2347,14.7289,4.89675,11.7136,15.9751,20.707,8.36639,12.836,10.1974,18.1305,15.963,12.0449,13.2311,14.467,12.2645,16.9576,7.27648,27.9789,22.3722,8.70381,12.3662,18.4595,10.1214,26.7248,5.80028,8.25024,9.59505,1.6711,23.3878,17.175,3.09595,6.20479,25.7304,17.7184,6.16513,36.3143,14.792,5.25687,26.0976,11.3277,2.87494,7.36646,15.427,8.94824,10.4073,18.9957,10.4389,15.8746,13.363,13.6166,14.627,29.0909,9.89732,6.64313,13.1882,10.3391,12.0187,21.9445,2.68807,10.0077,16.0374,17.6893,7.19648,4.02023,8.42741,12.5703,22.696,22.1445,5.8223,14.458,4.44089,2.7185,0.509738,4.96305,16.3011,14.787,10.2117,14.7877,31.8645,15.6129,10.4232,15.7081,10.5576,15.5168,12.1185,6.0178,7.38705,16.747,15.3904,6.59948,15.2609,16.5677,15.7384,10.5169,9.74169,28.3208,12.3636,17.8969,21.9746,8.12384,5.47459,9.49019,4.52428,21.7623,18.5104,12.407,18.7282,11.4092,17.4576,11.3056,11.639,22.0731,7.80054,14.8589,14.7689,15.5971,8.88047,7.48743,5.82575,14.747,17.1993,6.46897,21.0926,21.703,20.7698,0,9.71762,20.4868,0.583902,8.91651,17.2273,8.26705,9.56079,13.4125,33.1773,12.527,10.0854,26.6243,6.31646,17.5759,23.253,6.81928,4.86143,32.2146,16.936,20.5366,0,20.6012,20.9603,21.016,5.57674,1.67981,8.96768,15.2568,15.953,14.7635,17.9905,17.7976,16.9176,12.0324,30.3737,4.86577,14.0092,25.2304,
DUALS 26,2673.37,612270,589390,0,11.0465,6.41423,30.1566,14.4426,16.8665,13.3223,16.8436,34.7591,11.2865,17.311,11.0072,15.3012,6.21729,10.4125,11.4497,15.0289,0.189585,16.8591,14.5679,18.8274,20.3006,16.2956,24.8976,9.97159,8.517,11.0661,13.8244,10.4159,9.45437,14.5929,7.6639,26.8744,20.948,2.574,15.4301,21.368,12.2347,14.7289,3.94883,11.3344,15.9751,20.707,7.98722,12.836,10.1974,18.1305,15.963,11.8553,13.2311,14.467,12.2645,17.1472,7.27648,27.9789,22.3722,8.70381,12.3662,18.4595,10.3109,26.7248,5.98986,8.25024,9.59505,1.86069,23.3878,17.175,2.52719,6.39438,25.7304,17.7184,6.16513,36.3143,14.792,3.17143,26.0976,11.5173,2.87494,6.98729,15.427,8.94824,10.4073,18.9957,10.4389,15.8746,13.363,13.6166,14.627,29.2805,10.0869,6.07438,13.1882,10.5287,12.0187,21.9445,2.68807,7.54313,13.3832,17.8789,7.19648,4.20982,8.42741,12.5703,22.696,22.1445,5.8223,14.458,3.30337,2.90808,0.699323,4.77347,16.3011,14.787,10.2117,14.7877,31.8645,15.6129,10.4232,15.7081,10.5576,15.1377,12.1185,6.20739,7.38705,16.747,15.3904,6.59948,15.4505,16.5677,15.7384,8.05228,9.74169,28.3208,12.174,17.8969,21.9746,8.12384,5.47459,9.49019,4.71386,21.7623,18.5104,12.407,18.7282,11.4092,17.4576,11.4952,11.639,22.0731,6.09428,14.8589,14.7689,15.0283,8.88047,7.67701,5.63616,14.747,17.3889,6.46897,21.0926,21.703,20.7698,0.189585,9.71762,20.4868,0.773487,8.91651,17.2273,8.26705,9.75038,13.4125,33.1773,12.527,10.275,26.6243,5.93729,17.5759,23.4426,6.81928,4.67184,32.2146,16.936,20.5366,0.189585,20.6012,20.9603,21.2056,5.57674,1.67981,8.96768,15.2568,15.953,13.2468,17.9905,17.7976,17.1072,10.5157,30.3737,4.86577,14.0092,25.2304,
DUALS 26,2673.37,612294,589421,0,11.0465,6.41423,30.1566,14.4426,16.8665,13.3223,16.8436,34.7591,11.2865,17.311,11.0072,15.3012,6.21729,10.4125,11.8948,15.0289,0.634665,16.8591,12.7876,18.8274,20.3006,16.2956,24.8976,9.97159,8.517,11.0661,13.8244,8.19052,9.45437,13.7028,7.6639,26.8744,20.948,2.574,15.4301,21.368,12.2347,14.7289,3.05867,11.3344,15.9751,20.707,7.98722,13.281,10.1974,18.1305,15.963,11.8553,12.786,14.467,12.2645,17.1472,7.27648,27.9789,22.3722,8.70381,12.3662,18.4595,10.756,26.7248,5.98986,8.25024,9.59505,1.86069,23.3878,17.175,2.52719,6.83946,25.7304,17.7184,6.16513,36.3143,14.792,0.946026,26.0976,11.9624,2.87494,6.98729,15.427,8.94824,10.4073,18.9957,10.4389,15.8746,13.363,13.6166,14.627,29.2805,10.532,6.07438,13.1882,10.5287,12.0187,21.9445,3.13315,5.31773,11.6029,17.8789,7.19648,4.20982,8.42741,13.0154,22.696,22.1445,5.8223,14.458,1.96813,3.35316,0.699323,4.32839,16.3011,14.787,10.2117,14.7877,31.8645,15.6129,9.97809,15.7081,10.5576,14.2475,12.1185,6.20739,7.38705,16.747,15.3904,6.59948,15.4505,16.5677,15.7384,5.82688,9.74169,28.3208,12.174,17.8969,21.9746,8.12384,5.47459,9.49019,4.71386,21.7623,18.5104,12.407,18.7282,11.4092,17.4576,11.9403,11.639,22.0731,3.86888,14.8589,14.7689,15.0283,9.32555,7.67701,5.63616,14.747,17.3889,6.46897,21.0926,21.703,20.7698,0.634665,9.71762,20.4868,1.21857,8.91651,17.2273,8.26705,9.75038,13.4125,33.1773,12.527,10.275,26.6243,5.93729,17.5759,23.4426,6.3742,3.78168,32.2146,16.936,20.5366,0.634665,20.6012,20.9603,21.2056,5.57674,1.67981,8.96768,15.2568,15.953,11.4665,17.9905,17.7976,17.1072,8.73541,30.3737,4.86577,14.0092,25.2304,
DUALS 27,2673.37,612695,589815,0,11.0465,6.41423,30.1566,14.4426,16.8665,13.3223,16.8436,34.7591,11.2865,17.311,11.0072,15.3012,6.21729,10.4125,10.5905,15.0289,1.93892,16.8591,12.7876,18.8274,20.3006,16.2956,24.8976,9.97159,8.517,11.0661,13.8244,9.49478,9.45437,12.3985,7.6639,26.8744,20.948,2.574,15.4301,21.368,12.2347,14.7289,1.75441,11.3344,15.9751,20.707,7.98722,11.9768,10.1974,18.1305,15.963,11.8553,12.786,14.467,12.2645,17.1472,7.27648,27.9789,22.3722,7.39956,12.3662,18.4595,9.45177,26.7248,5.98986,6.94598,8.29079,1.86069,23.3878,17.175,2.52719,1.62244,25.7304,17.7184,6.16513,36.3143,14.792,2.25028,26.0976,9.3539,2.87494,6.98729,15.427,8.94824,10.4073,18.9957,10.4389,15.8746,13.363,13.6166,14.627,29.2805,9.22773,6.07438,13.1882,10.5287,12.0187,21.9445,3.13315,6.62199,11.6029,17.8789,7.19648,4.20982,8.42741,10.4069,22.696,22.1445,4.51805,14.458,0,3.35316,0.699323,3.02413,16.3011,14.787,10.2117,14.7877,31.8645,15.6129,9.97809,15.7081,10.5576,12.9432,12.1185,6.20739,7.38705,16.747,15.3904,6.59948,15.4505,16.5677,15.7384,7.13113,8.43743,28.3208,12.174,17.8969,21.9746,8.12384,5.47459,9.49019,4.71386,21.7623,18.5104,12.407,18.7282,11.4092,17.4576,8.02752,11.639,22.0731,5.17313,14.8589,14.7689,15.0283,9.32555,7.67701,5.63616,14.747,17.3889,6.46897,21.0926,21.703,20.7698,1.93892,9.71762,20.4868,2.52282,8.91651,17.2273,8.26705,9.75038,13.4125,33.1773,12.527,10.275,26.6243,5.93729,17.5759,23.4426,6.3742,1.17317,32.2146,16.936,20.5366,0.634665,20.6012,20.9603,21.2056,6.881,1.67981,8.96768,15.2568,15.953,11.4665,17.9905,17.7976,17.1072,8.73541,30.3737,4.86577,14.0092,25.2304,
DUALS 27,2673.37,612753,589902,0,11.0465,8.09167,30.1566,14.4426,16.8665,13.3223,16.8436,34.7591,11.2865,17.311,11.0072,15.3012,7.89472,12.0899,12.268,15.0289,3.61635,16.8591,12.7876,18.8274,20.3006,16.2956,24.8976,9.97159,8.517,12.7435,13.8244,9.49478,9.45437,12.3985,7.6639,26.8744,20.948,2.574,15.4301,21.368,12.2347,14.7289,3.43184,13.0118,15.9751,20.707,9.66465,13.6542,10.1974,18.1305,15.963,13.5327,12.786,14.467,12.2645,17.1472,7.27648,27.9789,22.3722,7.39956,12.3662,18.4595,11.1292,26.7248,4.31243,8.62341,8.29079,0.183256,23.3878,17.175,4.20462,3.29987,27.4078,17.7184,6.16513,36.3143,14.792,2.25028,26.0976,11.0313,4.55237,8.66472,15.427,8.94824,10.4073,18.9957,10.4389,15.8746,13.363,13.6166,14.627,29.2805,10.9052,7.75181,13.1882,10.5287,12.0187,21.9445,3.13315,6.62199,11.6029,17.8789,7.19648,2.53239,8.42741,12.0843,24.3734,22.1445,6.19548,14.458,1.67743,1.67573,0.699323,4.70156,14.6237,14.787,11.8892,14.7877,31.8645,15.6129,9.97809,15.7081,10.5576,12.9432,12.1185,6.20739,7.38705,18.4244,15.3904,6.59948,15.4505,16.5677,15.7384,7.13113,10.1149,28.3208,13.8514,17.8969,21.9746,8.12384,5.47459,9.49019,4.71386,21.7623,20.1878,12.407,18.7282,11.4092,17.4576,9.70495,11.639,23.7505,5.17313,14.8589,14.7689,16.7057,11.003,7.67701,7.31359,14.747,17.3889,6.46897,21.0926,21.703,20.7698,3.61635,9.71762,20.4868,0.845392,8.91651,17.2273,8.26705,11.4278,13.4125,33.1773,12.527,10.275,26.6243,7.61472,17.5759,23.4426,6.3742,0,32.2146,16.936,20.5366,0.634665,20.6012,20.9603,21.2056,5.20357,0.00237917,8.96768,15.2568,15.953,11.4665,17.9905,17.7976,17.1072,8.73541,32.0511,4.86577,14.0092,26.9078,
DUALS 27,2673.37,614233,594733,0,11.0465,7.55565,30.4247,14.4426,16.8665,13.3223,16.8436,35.0271,11.2865,17.311,11.0072,15.0332,7.3587,11.0179,10.9279,15.0289,3.61635,16.8591,13.0556,18.8274,20.3006,16.2956,24.8976,10.2396,8.517,10.8675,14.0924,9.22677,9.45437,12.3985,7.6639,26.8744,20.948,2.574,15.4301,21.368,12.2347,14.7289,2.3598,11.1357,15.9751,20.707,9.12863,13.9222,10.1974,18.1305,16.231,12.4607,12.786,14.467,12.5325,17.1472,7.27648,27.9789,22.3722,7.39956,12.3662,18.4595,9.78916,26.7248,4.58044,8.62341,8.29079,0.451265,23.6558,17.175,3.40059,3.56788,26.6038,17.4504,6.16513,36.3143,14.792,1.98227,26.0976,11.2993,4.55237,8.1287,15.427,8.94824,10.4073,18.9957,10.4389,15.8746,13.363,13.8846,14.627,29.5485,9.56511,7.21579,13.4562,10.5287,12.0187,22.2125,3.13315,6.35398,11.8709,18.1469,7.19648,2.8004,8.42741,12.3523,24.1054,22.1445,4.85543,14.458,0.873403,1.94374,0.967333,4.70156,14.6237,14.787,11.8892,14.7877,32.1325,15.3449,9.97809,15.7081,10.5576,12.6752,12.1185,6.20739,7.38705,17.6204,15.3904,6.59948,15.7185,16.5677,15.7384,6.86312,10.1149,28.3208,12.5114,17.8969,21.9746,8.39185,5.47459,9.49019,4.71386,21.7623,19.3838,12.407,18.7282,11.4092,17.4576,9.97296,11.907,23.4825,4.90512,14.8589,14.7689,14.8297,9.12691,7.94502,7.04558,14.747,17.6569,6.46897,21.0926,21.971,20.7698,3.08033,9.71762,20.4868,1.1134,8.91651,17.2273,8.26705,10.3558,13.4125,33.4453,12.527,10.543,26.8924,7.0787,17.5759,23.7106,6.3742,0.268009,32.2146,16.936,20.5366,0.634665,20.6012,20.9603,21.4736,5.20357,0.270389,9.23569,15.2568,15.953,11.7345,17.9905,17.7976,17.1072,9.00342,31.2471,4.59776,14.0092,26.1038,
STATS - lpIterations[1] lagIterations[76] sspIterations[1487] numSeparations[434] numCuts[0] compileTime[0] sspSolveTime[15] lpSolveTime[0] lb[2676.67] ub[2694.9] numArcs: [614233] numFixed: [594733] time: [27]
DUALS 28,2676.67,614495,602727,0,11.0465,6.52254,30.4247,14.4426,16.8665,13.3223,16.8436,35.0271,11.2865,17.311,12.0403,15.0332,6.32559,12.051,11.961,15.0289,2.58325,16.8591,13.0556,18.8274,20.3006,16.2956,24.8976,11.2727,8.517,11.9006,15.1255,9.22677,9.45437,12.3985,7.6639,26.8744,20.948,2.574,15.4301,21.368,12.2347,14.7289,0,12.1689,15.9751,20.707,8.09552,13.9222,11.2305,18.1305,15.1979,13.4938,11.7529,14.467,11.4994,17.1472,7.27648,27.9789,22.3722,7.39956,12.3662,18.4595,10.8223,26.7248,5.61355,8.62341,8.29079,1.48437,22.6227,17.175,2.36749,3.56788,26.6038,17.4504,6.16513,36.3143,14.792,1.98227,26.0976,11.2993,4.55237,7.09559,15.427,8.94824,10.4073,18.9957,10.4389,15.8746,13.363,12.8515,14.627,29.5485,10.5982,6.18268,12.4231,10.5287,12.0187,21.1794,3.13315,6.35398,11.8709,18.1469,7.19648,3.8335,8.42741,12.3523,23.0723,22.1445,5.88854,14.458,0,2.97684,2.00044,4.70156,14.6237,14.787,11.8892,14.7877,31.0994,16.378,8.94499,15.7081,10.5576,12.6752,12.1185,6.20739,7.38705,17.6204,15.3904,6.59948,15.7185,16.5677,16.7716,6.86312,10.1149,28.3208,13.5445,17.8969,21.9746,6.32564,5.47459,9.49019,4.71386,21.7623,19.3838,12.407,18.7282,11.4092,17.4576,9.97296,11.907,23.4825,4.90512,14.8589,14.7689,15.8628,10.16,8.97813,6.01248,14.747,17.6569,6.46897,21.0926,20.9379,20.7698,3.08033,9.71762,19.4537,1.1134,8.91651,17.2273,8.26705,11.3889,13.4125,32.4122,12.527,11.5761,24.8261,6.04559,17.5759,23.7106,7.4073,1.30112,32.2146,16.936,20.5366,0.634665,20.6012,20.9603,21.4736,5.20357,1.30349,7.16947,15.2568,15.953,11.7345,17.9905,17.7976,17.1072,9.00342,31.2471,4.59776,14.0092,26.1038,
DUALS 28,2676.67,615574,603793,0,11.0465,7.08889,30.4247,14.4426,16.8665,12.1896,17.41,35.0271,11.2865,17.311,10.3412,14.4669,6.89194,10.9183,10.8283,15.0289,3.1496,17.4255,13.622,18.8274,20.3006,16.2956,24.8976,10.7064,8.517,10.2015,15.1255,9.22677,9.45437,12.3985,7.6639,27.4408,20.948,2.574,15.4301,21.368,12.2347,14.7289,0.566349,10.4698,15.9751,20.707,8.66187,13.9222,11.2305,18.1305,15.7642,12.3611,12.3193,14.467,12.0657,17.1472,7.27648,28.5453,22.3722,7.39956,12.3662,18.4595,9.68956,26.7248,5.0472,8.62341,7.72445,2.05072,23.1891,17.175,2.93384,3.56788,26.6038,18.0168,6.16513,36.3143,14.792,1.98227,26.0976,11.2993,4.55237,7.66194,15.427,8.94824,10.4073,18.9957,10.4389,15.8746,13.363,13.4178,14.627,29.5485,9.46552,6.74903,12.9894,10.5287,12.0187,21.7457,3.13315,6.35398,12.4372,18.1469,7.19648,3.26715,8.42741,12.3523,23.0723,22.7108,4.75584,14.458,0.566349,2.4105,1.43409,4.70156,14.6237,14.787,11.8892,14.7877,31.6657,16.378,9.51134,15.7081,10.5576,12.6752,12.1185,5.07469,7.38705,17.6204,15.3904,6.59948,15.7185,16.5677,15.0725,6.86312,10.1149,28.8872,11.8454,17.8969,21.9746,6.89199,5.47459,9.49019,3.58116,21.7623,19.3838,11.8407,18.7282,11.4092,17.4576,9.97296,12.4733,23.4825,4.33877,14.8589,14.7689,14.1637,8.46097,7.84543,6.57883,14.747,17.6569,6.46897,21.0926,20.9379,21.3362,2.51398,9.71762,19.4537,0.547052,8.91651,17.2273,8.26705,10.8225,13.4125,32.9785,12.527,10.4434,25.3925,6.61194,17.5759,23.7106,6.84095,0.734766,32.2146,17.5024,20.5366,1.20101,20.6012,21.5267,21.4736,5.20357,0.737145,7.73582,15.2568,15.953,12.3008,17.9905,17.7976,17.1072,9.56977,31.2471,4.59776,14.0092,26.1038,
STATS - lpIterations[1] lagIterations[78] sspIterations[1526] numSeparations[441] numCuts[0] compileTime[0] sspSolveTime[16] lpSolveTime[0] lb[2679.71] ub[2694.9] numArcs: [615574] numFixed: [603793] time: [28]
DUALS 29,2679.71,615531,602801,0,11.0465,7.08889,30.4247,14.4426,16.8665,14.3402,15.2593,35.0271,11.2865,17.311,12.4919,16.6175,6.89194,13.0689,12.979,15.0289,3.1496,17.4255,13.622,18.8274,20.3006,16.2956,24.8976,10.7064,8.517,12.3522,15.1255,9.22677,9.45437,12.3985,7.6639,27.4408,20.948,2.574,15.4301,21.368,12.2347,14.7289,0.566349,12.6204,15.9751,20.707,8.66187,13.9222,11.2305,18.1305,15.7642,14.5117,12.3193,14.467,12.0657,17.1472,7.27648,28.5453,22.3722,7.39956,12.3662,18.4595,11.8402,26.7248,5.0472,8.62341,7.72445,2.05072,23.1891,17.175,2.93384,3.56788,26.6038,18.0168,6.16513,36.3143,16.9427,1.98227,26.0976,11.2993,4.55237,7.66194,15.427,8.94824,8.25664,18.9957,10.4389,15.8746,13.363,13.4178,14.627,29.5485,11.6162,6.74903,12.9894,10.5287,12.0187,21.7457,0.982499,6.35398,12.4372,20.2976,7.19648,3.26715,8.42741,12.3523,23.0723,22.7108,6.90648,14.458,0,4.56114,1.43409,4.70156,14.6237,14.787,11.8892,14.7877,31.6657,18.5287,9.51134,15.7081,10.5576,12.6752,12.1185,7.22534,7.38705,17.6204,15.3904,6.59948,17.8692,16.5677,17.2232,6.86312,10.1149,26.7365,13.9961,17.8969,21.9746,6.89199,5.47459,9.49019,5.73181,21.7623,19.3838,11.8407,18.7282,11.4092,17.4576,9.97296,12.4733,23.4825,4.33877,14.8589,14.7689,16.3144,10.6116,7.84543,6.57883,14.747,19.8076,4.31833,21.0926,20.9379,21.3362,0.363338,9.71762,19.4537,2.6977,8.91651,17.2273,8.26705,12.9732,13.4125,32.9785,12.527,10.4434,25.3925,6.61194,17.5759,23.7106,6.84095,0.734766,32.2146,15.3517,20.5366,0,20.6012,21.5267,21.4736,5.20357,2.88779,7.73582,15.2568,15.953,12.3008,17.9905,17.7976,17.1072,9.56977,31.2471,4.59776,14.0092,26.1038,
DUALS 29,2679.71,617781,605021,0,11.0465,7.28115,30.2324,14.4426,17.0587,13.1867,15.4516,34.4504,11.2865,17.5033,10.377,16.0407,7.0842,11.5309,11.6332,15.2212,3.34186,17.4255,13.0452,18.8274,20.3006,16.4878,24.8976,10.8986,8.70926,11.7754,15.3178,9.41903,9.45437,12.3985,7.85616,27.4408,20.948,2.76626,15.4301,21.368,12.427,14.9212,0.758608,12.0437,16.1674,20.707,8.85413,13.9222,11.2305,18.3227,15.9565,13.9349,12.5115,14.467,12.0657,17.1472,7.27648,28.5453,22.3722,7.39956,12.3662,18.6518,10.3021,26.7248,5.23946,8.62341,7.72445,2.24298,23.1891,17.3672,3.1261,3.76014,26.6038,18.0168,6.16513,36.3143,16.9427,1.98227,26.0976,11.4916,4.74463,7.66194,15.427,9.1405,8.4489,18.9957,10.4389,15.8746,13.5552,13.4178,14.627,29.3563,10.0781,6.94129,13.1817,10.5287,12.0187,21.7457,1.17476,6.54624,12.245,19.7208,7.19648,3.45941,8.42741,12.3523,23.0723,22.7108,5.36841,14.6502,0.192259,4.36888,1.62635,4.89382,14.4314,14.787,11.8892,14.98,31.6657,17.7596,9.7036,15.7081,10.5576,12.0985,12.1185,6.07178,7.38705,17.8127,15.3904,6.59948,17.2924,16.76,15.4928,7.05538,10.1149,26.9288,13.8038,17.8969,22.1669,6.89199,5.47459,9.68245,4.386,21.7623,19.3838,11.6484,18.7282,11.4092,17.4576,9.97296,12.6656,23.4825,4.14651,15.0512,14.9612,15.7376,10.2271,8.03769,6.57883,14.747,19.2308,4.51059,21.2849,20.9379,21.1439,0.555597,9.71762,19.4537,2.50544,8.91651,17.4196,8.26705,11.4351,13.4125,32.9785,12.7193,10.6357,25.3925,6.8042,17.5759,23.7106,6.84095,0.927025,32.2146,15.544,20.5366,0.192259,20.7934,21.7189,20.8969,5.20357,2.69553,7.73582,15.449,15.953,11.7241,18.1827,17.7976,17.1072,8.80073,31.2471,4.4055,14.2015,26.1038,
DUALS 29,2679.71,617969,605207,0,11.0465,7.28115,30.2324,13.0586,17.0587,13.1867,16.8357,33.0663,11.2865,17.5033,10.377,16.0407,7.0842,11.5309,10.2491,15.2212,4.72594,18.8096,13.0452,18.8274,20.3006,16.4878,24.8976,10.8986,8.70926,10.3913,15.3178,9.41903,9.45437,12.3985,7.85616,27.4408,20.948,4.15035,15.4301,21.368,12.427,14.9212,0.758608,9.2755,16.1674,20.707,8.85413,13.9222,11.2305,18.3227,14.5724,12.5509,12.5115,14.467,12.0657,17.1472,7.27648,28.5453,22.3722,7.39956,12.3662,18.6518,8.91805,26.7248,5.23946,8.62341,7.72445,2.24298,23.1891,15.9831,3.1261,3.76014,26.6038,16.6327,6.16513,34.9302,16.9427,1.98227,26.0976,11.4916,4.74463,7.66194,15.427,9.1405,8.4489,18.9957,10.4389,15.8746,13.5552,13.4178,14.627,29.3563,8.69401,6.94129,11.7976,10.5287,12.0187,21.7457,2.55884,6.54624,13.6291,18.3367,7.19648,3.45941,8.42741,12.3523,23.0723,22.7108,3.98433,16.0343,1.57634,1.60071,0.242262,4.89382,13.0474,14.787,11.8892,14.98,31.6657,16.3756,9.7036,15.7081,10.5576,12.0985,10.7344,6.07178,7.38705,17.8127,15.3904,6.59948,15.9083,16.76,15.4928,7.05538,10.1149,28.3129,12.4197,17.8969,22.1669,6.89199,5.47459,9.68245,4.386,21.7623,19.3838,10.2643,18.7282,11.4092,17.4576,9.97296,11.2815,23.4825,4.14651,15.0512,14.9612,12.9694,7.45893,8.03769,6.57883,14.747,17.8467,5.89467,21.2849,19.5538,21.1439,1.93968,9.71762,19.4537,1.12135,8.91651,18.8037,8.26705,10.051,13.4125,32.9785,12.7193,10.6357,25.3925,6.8042,17.5759,23.7106,6.84095,0.927025,32.2146,16.9281,20.5366,1.57634,20.7934,23.103,19.5128,5.20357,1.31145,7.73582,15.449,15.953,13.1082,18.1827,17.7976,17.1072,8.80073,31.2471,4.4055,14.2015,26.1038,
DUALS 29,2679.71,617965,605207,0,11.0465,6.01248,31.5011,13.0586,17.0587,13.1867,16.8357,34.335,11.2865,17.5033,10.377,16.0407,5.81553,11.5309,11.5177,16.4899,0.919924,18.8096,13.0452,18.8274,20.3006,17.7565,24.8976,10.8986,8.70926,11.66,15.3178,9.41903,9.45437,12.3985,7.85616,27.4408,20.948,4.15035,15.4301,21.368,12.427,16.1899,0,10.5442,16.1674,20.707,7.58546,13.9222,11.2305,18.3227,15.8411,13.8195,12.5115,14.467,12.0657,17.1472,7.27648,28.5453,22.3722,8.66823,12.3662,18.6518,10.1867,26.7248,5.23946,8.62341,8.99312,2.24298,23.1891,17.2518,1.85742,3.76014,26.6038,17.9014,6.16513,34.9302,16.9427,1.98227,26.0976,11.4916,4.74463,6.39327,15.427,9.1405,8.4489,18.9957,10.4389,15.8746,13.5552,13.4178,14.627,30.6249,9.96268,5.67262,13.0663,10.5287,12.0187,21.7457,2.55884,6.54624,13.6291,19.6054,7.19648,3.45941,8.42741,12.3523,23.0723,22.7108,5.253,16.0343,0,2.86938,0.242262,4.89382,14.316,14.787,11.8892,16.2487,31.6657,16.3756,9.7036,15.7081,10.5576,12.0985,10.7344,6.07178,7.38705,17.8127,15.3904,6.59948,17.177,16.76,15.4928,7.05538,10.1149,28.3129,13.6884,17.8969,22.1669,6.89199,5.47459,9.68245,4.386,23.031,19.3838,11.533,18.7282,11.4092,17.4576,9.97296,12.5502,23.4825,4.14651,16.3199,16.2299,14.2381,8.7276,8.03769,5.31015,14.747,19.1154,5.89467,22.5536,20.8225,21.1439,1.93968,9.71762,20.7224,2.39003,8.91651,18.8037,8.26705,11.3197,13.4125,32.9785,12.7193,10.6357,25.3925,5.53553,17.5759,24.9793,6.84095,0.927025,32.2146,16.9281,20.5366,0.307673,20.7934,23.103,20.7814,6.47224,2.58012,7.73582,15.449,15.953,13.1082,18.1827,17.7976,17.1072,8.80073,31.2471,4.4055,14.2015,26.1038,
DUALS 30,2679.71,618400,605635,0,11.0465,8.07426,29.4393,13.0586,17.0587,13.1867,16.8357,32.2732,11.2865,17.5033,10.377,16.0407,7.87731,9.46908,11.5177,16.4899,2.9817,18.8096,13.0452,18.8274,20.3006,17.7565,24.8976,10.8986,8.70926,11.66,15.3178,9.41903,9.45437,12.3985,7.85616,27.4408,18.8862,2.08857,15.4301,19.3062,12.427,16.1899,2.06178,10.5442,16.1674,20.707,9.64724,13.9222,11.2305,18.3227,15.8411,11.7577,12.5115,14.467,12.0657,17.1472,7.27648,28.5453,20.3104,6.60645,12.3662,18.6518,10.1867,26.7248,5.23946,8.62341,8.99312,2.24298,23.1891,17.2518,3.9192,3.76014,26.6038,17.9014,6.16513,34.9302,16.9427,1.98227,26.0976,11.4916,4.74463,8.45505,15.427,9.1405,8.4489,18.9957,8.37713,15.8746,13.5552,13.4178,14.627,28.5632,9.96268,7.7344,13.0663,10.5287,12.0187,21.7457,2.55884,6.54624,13.6291,17.5436,7.19648,3.45941,8.42741,12.3523,23.0723,22.7108,5.253,13.9725,2.06178,0.807602,0.242262,4.89382,14.316,14.787,11.8892,16.2487,31.6657,16.3756,9.7036,13.6463,10.5576,12.0985,10.7344,6.07178,7.38705,17.8127,15.3904,6.59948,15.1152,16.76,15.4928,7.05538,10.1149,28.3129,13.6884,17.8969,22.1669,6.89199,3.41281,9.68245,4.386,23.031,19.3838,9.47121,16.6664,11.4092,17.4576,9.97296,12.5502,23.4825,4.14651,16.3199,16.2299,14.2381,10.7894,8.03769,7.37193,14.747,17.0536,3.83289,22.5536,20.8225,21.1439,1.93968,9.71762,20.7224,0.328245,8.91651,16.7419,8.26705,11.3197,15.4743,32.9785,12.7193,10.6357,25.3925,7.59731,15.5141,24.9793,6.84095,0.927025,32.2146,16.9281,20.5366,0.307673,20.7934,23.103,18.7197,6.47224,0.518338,7.73582,15.449,15.953,13.1082,18.1827,17.7976,17.1072,8.80073,31.2471,4.4055,14.2015,26.1038,
DUALS 30,2679.71,618459,605696,0,11.0465,5.98649,30.4832,13.0586,18.1026,13.1867,16.8357,33.3171,11.2865,18.5471,10.377,16.0407,5.78954,10.513,10.4739,16.4899,2.9817,18.8096,13.0452,18.8274,20.3006,17.7565,24.8976,10.8986,8.70926,10.6161,15.3178,9.41903,9.45437,12.3985,7.85616,27.4408,19.9301,3.13245,15.4301,20.3501,13.4708,16.1899,0,10.5442,16.1674,20.707,7.55947,13.9222,11.2305,19.3666,15.8411,10.7139,12.5115,14.467,12.0657,17.1472,7.27648,28.5453,21.3543,6.60645,13.4101,19.6957,9.14284,26.7248,5.23946,8.62341,8.99312,2.24298,23.1891,17.2518,1.83144,3.76014,26.6038,17.9014,6.16513,34.9302,16.9427,1.98227,26.0976,11.4916,4.74463,6.36728,15.427,9.1405,9.49278,18.9957,9.42101,15.8746,13.5552,13.4178,14.627,29.607,8.9188,5.64663,13.0663,10.5287,13.0626,21.7457,3.60273,6.54624,13.6291,18.5875,7.19648,3.45941,8.42741,12.3523,23.0723,22.7108,4.20911,15.0164,0,1.85149,0.242262,4.89382,14.316,14.787,11.8892,16.2487,31.6657,16.3756,9.7036,14.6902,10.5576,12.0985,11.7783,6.07178,7.38705,17.8127,15.3904,6.59948,16.1591,17.8038,15.4928,7.05538,10.1149,28.3129,12.6445,17.8969,23.2108,6.89199,4.45669,10.7263,4.386,23.031,19.3838,9.47121,17.7103,11.4092,17.4576,9.97296,12.5502,23.4825,4.14651,16.3199,16.2299,13.1942,8.70161,8.03769,6.32805,14.747,18.0975,4.87677,22.5536,20.8225,21.1439,1.93968,9.71762,20.7224,1.37213,8.91651,17.7858,8.26705,9.23192,15.4743,32.9785,12.7193,10.6357,25.3925,5.50954,16.558,26.0232,6.84095,0.927025,32.2146,16.9281,20.5366,0.307673,21.8373,23.103,19.7636,6.47224,1.56222,7.73582,16.4929,15.953,13.1082,19.2266,17.7976,17.1072,8.80073,31.2471,4.4055,15.2454,26.1038,
DUALS 31,2679.71,618969,606213,0,11.0465,7.34459,30.4832,14.4167,16.7445,13.1867,16.8357,33.3171,11.2865,15.8309,10.377,16.0407,7.14765,11.8711,11.832,16.4899,1.6236,18.8096,13.0452,18.8274,20.3006,17.7565,24.8976,10.8986,8.70926,11.9742,15.3178,9.41903,8.09627,12.3985,7.85616,27.4408,18.572,3.13245,15.4301,18.992,13.4708,16.1899,1.3581,11.9023,16.1674,19.3489,8.91757,13.9222,11.2305,16.6504,15.8411,12.072,12.5115,13.1089,12.0657,17.1472,7.27648,28.5453,21.3543,6.60645,13.4101,19.6957,10.5009,28.0829,5.23946,8.62341,8.99312,2.24298,23.1891,17.2518,3.18954,3.76014,26.6038,17.9014,6.16513,36.2883,16.9427,1.98227,26.0976,11.4916,4.74463,7.72539,14.0689,9.1405,9.49278,20.3538,10.7791,17.2327,13.5552,13.4178,13.2689,29.607,10.2769,7.00474,13.0663,10.5287,13.0626,21.7457,3.60273,6.54624,13.6291,18.5875,7.19648,3.45941,8.42741,12.3523,23.0723,22.7108,5.56722,15.0164,1.3581,3.20959,0.242262,4.89382,14.316,13.4289,11.8892,16.2487,31.6657,16.3756,9.7036,16.0483,10.5576,12.0985,10.4202,6.07178,6.02895,17.8127,16.7485,6.59948,16.1591,16.4457,15.4928,7.05538,10.1149,28.3129,12.6445,17.8969,23.2108,6.89199,4.45669,9.36823,4.386,23.031,19.3838,9.47121,19.0684,11.4092,17.4576,9.97296,12.5502,23.4825,2.78841,16.3199,16.2299,14.5523,10.0597,8.03769,7.68615,13.3889,18.0975,4.87677,22.5536,20.8225,21.1439,1.93968,9.71762,20.7224,2.73023,8.91651,17.7858,6.90895,10.59,14.1162,32.9785,12.7193,10.6357,25.3925,6.86765,16.558,26.0232,6.84095,0.927025,33.5727,16.9281,20.5366,0.307673,21.8373,23.103,19.7636,6.47224,2.92032,7.73582,15.1348,17.3111,13.1082,16.5104,17.7976,17.1072,8.80073,31.2471,4.4055,15.2454,26.1038,
DUALS 31,2679.71,619239,606493,0,11.0465,6.86724,30.4832,12.5072,17.2219,13.1867,16.8357,33.3171,11.2865,16.3083,10.377,16.0407,6.67029,11.8711,10.8772,16.4899,2.10096,18.8096,13.0452,18.8274,20.3006,17.7565,24.8976,10.8986,8.70926,11.4968,15.3178,9.89638,8.57362,12.3985,7.85616,27.4408,19.0493,3.6098,15.4301,19.4693,13.4708,16.1899,0.880748,11.4249,16.1674,19.8263,8.44022,13.9222,11.2305,17.1278,15.8411,11.5946,12.0342,13.5863,12.0657,17.1472,7.27648,28.5453,21.3543,6.60645,13.4101,19.6957,9.54623,27.1282,5.23946,8.62341,8.99312,2.24298,23.1891,17.2518,2.71218,3.76014,26.6038,17.9014,6.16513,34.3789,16.9427,2.45963,26.0976,11.4916,4.74463,7.24803,14.5463,9.1405,9.49278,18.9217,10.7791,15.3233,13.5552,13.4178,13.7463,29.607,9.32219,6.52738,13.0663,10.5287,13.0626,21.7457,4.08008,7.02359,13.6291,18.5875,7.19648,3.45941,8.42741,12.3523,23.0723,22.7108,4.61251,15.4938,0.403393,1.30017,0.242262,4.89382,14.316,13.9063,11.8892,16.2487,31.6657,16.3756,9.22624,16.0483,10.5576,12.0985,10.8975,6.07178,6.5063,17.8127,14.839,6.59948,16.1591,16.9231,15.4928,7.53274,10.1149,28.3129,12.1672,18.3743,23.2108,6.89199,4.45669,9.36823,4.386,23.031,19.3838,9.47121,19.5458,10.9319,17.4576,9.97296,12.5502,23.4825,3.26577,16.3199,16.2299,14.075,9.58236,8.03769,7.2088,13.8663,18.0975,5.35413,22.5536,20.8225,21.1439,1.93968,9.71762,20.7224,1.29817,8.91651,18.2631,7.3863,10.1127,14.5936,32.9785,12.7193,10.6357,25.3925,6.39029,17.0353,26.0232,6.84095,0.927025,31.6633,16.9281,20.5366,0.307673,21.8373,23.103,19.7636,6.47224,1.0109,7.73582,15.1348,15.4017,13.1082,16.9878,17.7976,17.1072,8.80073,31.2471,4.4055,15.2454,26.1038,
DUALS 31,2679.71,619208,606493,0,11.0465,6.86724,30.4832,13.9324,17.2219,13.1867,16.8357,33.3171,11.2865,16.3083,10.377,16.0407,6.67029,10.4458,12.3025,16.4899,3.52617,18.8096,11.62,18.8274,20.3006,17.7565,24.8976,10.8986,8.70926,12.922,15.3178,8.47117,9.99883,12.3985,7.85616,27.4408,20.4746,3.6098,15.4301,20.8946,13.4708,16.1899,0.880748,12.8501,16.1674,21.2515,8.44022,13.9222,11.2305,17.1278,15.8411,13.0198,12.0342,15.0115,12.0657,17.1472,7.27648,28.5453,21.3543,6.60645,14.8353,19.6957,10.9714,28.5534,5.23946,8.62341,8.99312,2.24298,23.1891,17.2518,2.71218,3.76014,26.6038,17.9014,6.16513,35.8041,16.9427,1.03441,26.0976,11.4916,4.74463,7.24803,15.9715,9.1405,9.49278,20.3469,12.2043,16.7485,13.5552,13.4178,15.1715,29.607,10.7474,6.52738,13.0663,10.5287,13.0626,21.7457,4.08008,5.59838,12.2038,18.5875,7.19648,3.45941,8.42741,12.3523,23.0723,22.7108,6.03772,15.4938,0.403393,2.72538,0.242262,4.89382,12.8908,15.3315,11.8892,16.2487,31.6657,16.3756,9.22624,17.4735,10.5576,10.6732,12.3227,6.07178,7.93151,17.8127,16.2642,6.59948,16.1591,16.9231,15.4928,6.10752,8.68965,28.3129,13.5924,19.7995,23.2108,6.89199,4.45669,9.36823,4.386,23.031,19.3838,9.47121,20.971,10.9319,17.4576,9.97296,12.5502,23.4825,1.84055,16.3199,16.2299,15.5002,11.0076,8.03769,7.2088,15.2915,18.0975,5.35413,22.5536,20.8225,21.1439,1.93968,9.71762,20.7224,2.72338,8.91651,18.2631,8.81151,11.5379,16.0188,32.9785,12.7193,10.6357,25.3925,6.39029,18.4606,26.0232,6.84095,0.927025,33.0885,16.9281,20.5366,0.307673,21.8373,23.103,19.7636,5.04703,2.43612,7.73582,15.1348,16.8269,11.6829,16.9878,17.7976,17.1072,7.37552,31.2471,5.83072,15.2454,26.1038,
DUALS 32,2679.71,620133,607426,0,11.2841,7.10485,30.4832,13.9324,17.4595,13.1867,16.5981,33.3171,11.5241,16.5459,10.377,16.0407,6.9079,10.4458,11.1144,16.4899,3.76378,18.8096,11.8576,18.8274,20.3006,17.7565,24.8976,11.1362,8.70926,11.734,15.5554,8.70878,9.76122,12.3985,7.85616,27.4408,19.5241,3.37219,15.6677,19.9441,13.4708,16.1899,1.11836,11.6621,16.1674,21.0139,8.67783,14.1598,11.2305,17.3654,15.8411,12.7822,12.0342,14.7739,12.0657,17.1472,7.51409,28.5453,21.3543,6.60645,14.1224,19.6957,9.78339,28.5534,5.47707,8.62341,8.99312,2.48059,23.1891,17.2518,2.9498,3.99775,26.6038,17.9014,6.40274,35.5665,16.9427,1.27203,26.0976,11.7292,4.74463,7.48564,15.7339,9.1405,9.25517,20.1093,11.2539,16.5109,13.5552,13.4178,14.9339,29.607,9.55935,6.76499,13.0663,10.5287,13.0626,21.7457,3.60486,5.83599,12.4414,18.8251,7.43409,3.69702,8.42741,12.5899,23.0723,22.7108,4.84966,15.2562,0.641004,2.48777,0.479873,4.89382,12.8908,15.0939,11.8892,16.2487,31.6657,16.3756,9.22624,16.5231,10.7952,10.4356,11.8475,6.07178,7.93151,17.8127,16.0266,6.83709,16.3967,17.1607,15.4928,6.34514,8.92726,28.0753,12.8795,19.5619,23.2108,6.89199,4.45669,9.36823,4.386,23.031,19.3838,9.47121,20.0205,11.1695,17.4576,10.2106,12.5502,23.4825,2.07817,16.3199,16.2299,14.3121,9.5819,8.2753,7.2088,15.0539,18.3351,4.87891,22.5536,20.8225,21.1439,1.93968,9.71762,20.7224,2.01055,9.15413,17.7879,8.5739,10.3498,15.7812,32.9785,12.7193,10.8733,25.3925,6.6279,17.5101,26.0232,6.84095,1.16464,32.8509,16.6905,20.5366,0.307673,21.8373,22.8654,20.0012,5.04703,1.72328,7.73582,15.1348,16.5893,11.9206,17.2254,17.7976,17.1072,7.61313,31.2471,5.5931,15.2454,26.1038,
DUALS 32,2679.71,620119,607435,0,9.46592,7.10485,30.4832,13.9324,17.4595,13.1867,16.5981,33.3171,11.5241,16.5459,10.377,16.0407,6.9079,12.264,12.9326,16.4899,5.58195,18.8096,13.6758,18.8274,20.3006,17.7565,24.8976,11.1362,8.70926,13.5522,15.5554,10.527,7.94305,14.2167,7.85616,27.4408,19.5241,3.37219,15.6677,19.9441,13.4708,16.1899,1.11836,13.4802,16.1674,19.1957,8.67783,14.1598,11.2305,17.3654,15.8411,14.6004,12.0342,12.9557,12.0657,17.1472,5.69592,28.5453,21.3543,6.60645,14.1224,19.6957,11.6016,28.5534,5.47707,8.62341,8.99312,2.48059,23.1891,17.2518,2.9498,3.99775,26.6038,17.9014,6.40274,35.5665,16.9427,3.0902,26.0976,11.7292,4.74463,7.48564,13.9157,9.1405,9.25517,20.1093,11.2539,16.5109,13.5552,13.4178,13.1157,29.607,11.3775,6.76499,13.0663,10.5287,13.0626,21.7457,3.60486,7.65416,14.2596,18.8251,5.61592,3.69702,8.42741,12.5899,23.0723,22.7108,6.66784,15.2562,0.641004,0.669598,0.479873,4.89382,12.8908,13.2757,11.8892,16.2487,31.6657,16.3756,9.22624,16.5231,10.7952,12.2538,11.8475,6.07178,6.11334,17.8127,16.0266,6.83709,16.3967,17.1607,15.4928,8.16331,8.92726,28.0753,12.8795,19.5619,23.2108,6.89199,4.45669,9.36823,4.386,23.031,19.3838,9.47121,20.0205,11.1695,17.4576,10.2106,12.5502,23.4825,3.89634,16.3199,16.2299,16.1303,11.4001,8.2753,7.2088,13.2357,18.3351,4.87891,22.5536,20.8225,21.1439,1.93968,9.71762,20.7224,0.192373,9.15413,17.7879,6.75573,12.168,13.963,32.9785,12.7193,10.8733,25.3925,6.6279,17.5101,26.0232,6.84095,1.16464,32.8509,16.6905,20.5366,0.307673,21.8373,22.8654,20.0012,5.04703,0,7.73582,15.1348,16.5893,13.7387,17.2254,17.7976,17.1072,9.4313,31.2471,3.77493,15.2454,26.1038,
DUALS 32,2679.71,621511,608787,0,9.66722,6.90355,30.4832,13.9324,17.4595,13.1867,16.5981,33.3171,11.7254,16.5459,10.377,16.0407,6.7066,10.8549,11.5235,16.4899,4.97804,18.8096,12.8706,18.8274,20.3006,17.7565,24.6963,11.3375,8.91056,12.3443,15.5554,9.72174,8.14435,14.0154,8.05746,27.4408,19.5241,3.37219,15.869,19.9441,13.4708,16.1899,0.715752,12.2724,16.1674,19.397,8.47653,14.1598,11.2305,17.3654,15.8411,13.5939,12.0342,13.157,12.0657,16.9459,5.89722,28.5453,21.3543,6.60645,14.1224,19.6957,10.1924,28.5534,5.67837,8.62341,8.99312,2.68189,23.1891,17.2518,2.74849,4.19905,26.6038,17.9014,6.60405,35.5665,16.9427,2.08368,25.8963,11.9305,4.94594,7.28434,14.117,9.3418,9.25517,20.1093,11.2539,16.5109,13.7565,13.4178,13.317,29.607,9.96839,6.56369,13.0663,10.5287,13.0626,21.7457,3.60486,6.84895,13.2531,18.8251,5.81722,3.89833,8.62871,12.5899,23.0723,22.7108,5.46001,15.2562,0.238397,0.870902,0.681177,5.09512,12.8908,13.477,11.8892,16.2487,31.6657,16.3756,9.22624,16.5231,10.9965,11.8512,11.8475,6.07178,6.31464,17.8127,16.0266,7.03839,16.3967,17.1607,15.4928,7.35809,8.92726,28.0753,12.2756,19.5619,23.2108,6.89199,4.45669,9.16693,4.386,23.031,19.3838,9.47121,20.0205,11.3708,17.2563,10.2106,12.5502,23.4825,3.29243,16.3199,16.2299,14.9225,10.3936,8.4766,7.00749,13.437,18.3351,4.87891,22.5536,20.8225,21.1439,2.14099,9.51632,20.7224,0.393676,9.35543,17.7879,6.95703,10.3563,13.963,32.9785,12.9206,11.0746,25.3925,6.4266,17.5101,26.0232,6.84095,1.36594,32.8509,16.6905,20.3353,0.307673,21.8373,22.8654,20.0012,5.04703,0.201304,7.73582,15.1348,16.5893,12.9335,17.2254,17.5963,16.9059,8.42478,31.2471,3.77493,15.2454,26.1038,
DUALS 33,2679.71,621591,608878,0,9.66722,6.90355,30.4832,13.9324,17.4595,13.1867,16.5981,33.3171,11.7254,16.5459,10.377,16.0407,6.7066,12.8722,9.50614,16.4899,0.943419,18.8096,12.8706,18.8274,20.3006,17.7565,24.6963,9.32022,8.91056,10.327,15.5554,9.72174,10.1617,14.0154,8.05746,27.4408,19.5241,3.37219,15.869,19.9441,13.4708,16.1899,2.73306,10.2551,16.1674,21.4143,8.47653,14.1598,11.2305,17.3654,15.8411,11.5766,12.0342,15.1743,12.0657,16.9459,5.89722,28.5453,21.3543,4.58914,14.1224,19.6957,8.17513,28.5534,5.67837,8.62341,6.97581,2.68189,23.1891,17.2518,2.74849,4.19905,26.6038,17.9014,6.60405,35.5665,16.9427,2.08368,25.8963,11.9305,4.94594,7.28434,16.1343,9.3418,9.25517,20.1093,11.2539,16.5109,13.7565,13.4178,15.3343,29.607,7.95108,6.56369,13.0663,10.5287,13.0626,21.7457,3.60486,6.84895,13.2531,18.8251,5.81722,3.89833,8.62871,12.5899,23.0723,22.7108,3.4427,15.2562,2.25571,2.88821,0.681177,3.07781,12.8908,15.4943,11.8892,16.2487,31.6657,16.3756,9.22624,16.5231,10.9965,11.8512,11.8475,6.07178,8.33196,17.8127,16.0266,7.03839,16.3967,17.1607,15.4928,7.35809,8.92726,28.0753,10.2583,21.5792,23.2108,6.89199,4.45669,9.16693,4.386,23.031,19.3838,9.47121,20.0205,11.3708,17.2563,10.2106,12.5502,23.4825,3.29243,16.3199,16.2299,12.9052,8.37625,8.4766,7.00749,15.4543,18.3351,4.87891,22.5536,20.8225,21.1439,2.14099,9.51632,20.7224,2.41099,9.35543,17.7879,8.97434,8.33896,15.9803,32.9785,12.9206,11.0746,25.3925,6.4266,17.5101,26.0232,8.85826,0,32.8509,16.6905,20.3353,0.307673,21.8373,22.8654,20.0012,7.06434,2.21862,7.73582,15.1348,16.5893,12.9335,17.2254,17.5963,16.9059,8.42478,31.2471,3.77493,15.2454,26.1038,
DUALS 33,2679.71,621737,609022,0,9.66722,6.2628,30.4832,13.2917,17.4595,13.1867,16.5981,33.3171,11.7254,16.5459,10.377,16.0407,6.06585,13.513,10.1469,16.4899,1.58417,18.8096,13.5113,18.8274,20.3006,17.7565,24.6963,9.32022,8.91056,10.9678,15.5554,10.3625,8.23941,14.0154,8.05746,27.4408,19.5241,3.37219,15.869,19.9441,13.4708,16.1899,1.45156,10.8959,16.1674,19.4921,7.83578,14.1598,11.2305,17.3654,15.8411,12.2173,12.0342,13.2521,12.0657,16.9459,5.89722,28.5453,21.3543,4.58914,14.1224,19.6957,8.81588,28.5534,5.67837,8.62341,6.97581,2.04114,23.1891,17.2518,2.10774,4.19905,26.6038,17.9014,6.60405,34.9257,16.9427,2.72443,25.8963,11.9305,4.94594,6.64359,14.2121,9.3418,9.25517,19.4686,11.2539,15.8701,13.7565,13.4178,13.4121,29.607,8.59183,5.92294,13.0663,10.5287,13.0626,21.7457,3.60486,7.4897,13.8939,18.8251,5.81722,3.89833,8.62871,12.5899,23.0723,22.7108,4.08345,15.2562,0.974209,2.24746,0.0404266,3.71856,12.8908,13.5721,11.8892,16.2487,31.6657,16.3756,9.22624,15.8823,10.9965,11.8512,11.8475,6.07178,6.40971,17.8127,15.3859,7.03839,16.3967,17.1607,15.4928,7.99884,8.92726,28.0753,10.2583,20.2977,23.2108,6.89199,4.45669,8.52618,4.386,23.031,19.3838,9.47121,20.0205,11.3708,17.2563,10.2106,12.5502,23.4825,3.29243,16.3199,16.2299,13.5459,9.017,8.4766,6.36674,13.5321,18.3351,4.87891,22.5536,20.8225,21.1439,2.14099,9.51632,20.7224,1.77024,9.35543,17.7879,7.05209,8.97971,15.3396,32.9785,12.9206,11.0746,25.3925,5.78585,17.5101,26.0232,8.21751,0.64075,32.2101,16.6905,20.3353,0.307673,21.8373,22.8654,20.0012,7.06434,0.937115,7.73582,15.1348,15.9485,13.5743,17.2254,17.5963,16.9059,9.06553,31.2471,4.41568,15.2454,26.1038,
DUALS 34,2679.71,621889,609169,0,9.66722,6.84639,30.4832,13.2917,17.4595,12.6031,16.5981,33.3171,11.7254,16.5459,9.20985,15.4571,6.64944,11.1786,10.7305,16.4899,2.16776,18.8096,12.3441,18.8274,20.3006,17.7565,24.6963,9.32022,8.91056,11.5514,15.5554,8.61171,8.82301,12.2646,8.05746,27.4408,19.5241,3.37219,15.869,19.9441,13.4708,16.1899,2.03516,11.4795,16.1674,20.0757,8.41937,14.7434,11.2305,17.3654,15.8411,12.8009,11.4506,13.8357,12.0657,16.9459,5.89722,28.5453,21.3543,4.58914,14.1224,19.6957,9.39947,28.5534,5.67837,8.62341,6.97581,2.04114,23.1891,17.2518,2.69133,4.78264,26.6038,17.9014,6.60405,34.9257,16.3591,0.973654,25.8963,12.5141,4.94594,7.22718,14.7957,9.3418,9.25517,19.4686,11.2539,15.8701,13.7565,13.4178,13.9957,29.607,9.17542,6.50653,13.0663,10.5287,13.0626,21.7457,3.60486,5.73892,12.1431,18.8251,5.81722,3.89833,8.62871,13.1735,23.0723,22.7108,4.66705,15.2562,1.5578,1.66387,0.624019,3.71856,12.8908,14.1557,11.8892,16.2487,31.6657,16.3756,8.64265,15.8823,10.9965,11.2676,11.8475,5.48819,6.9933,17.8127,15.3859,7.03839,16.3967,17.1607,14.9092,6.24807,8.92726,28.0753,10.8419,20.8813,23.2108,6.89199,4.45669,8.52618,3.80241,23.031,19.3838,9.47121,20.0205,11.3708,17.2563,10.7942,12.5502,23.4825,2.12524,16.3199,16.2299,14.1295,9.60059,8.4766,6.95034,14.1157,18.3351,4.87891,22.5536,20.8225,21.1439,1.55739,9.51632,20.7224,1.18665,9.35543,17.7879,7.63569,8.97971,15.9231,32.9785,12.9206,11.0746,25.3925,6.36944,17.5101,26.0232,8.21751,0.64075,32.2101,16.6905,20.3353,0.307673,21.8373,22.8654,20.0012,7.06434,0.353523,7.73582,15.1348,15.9485,11.8235,17.2254,17.5963,16.9059,7.31476,31.2471,4.99927,15.2454,26.1038,
DUALS 34,2679.71,621877,609308,0,9.66722,6.84639,30.4832,13.2917,17.4595,14.3037,16.5981,33.3171,11.7254,16.5459,10.9105,15.4571,6.64944,12.8792,12.4311,16.4899,2.16776,18.8096,14.0448,18.8274,20.3006,17.7565,24.6963,9.32022,8.91056,13.252,15.5554,10.3124,8.82301,13.9653,8.05746,27.4408,19.5241,3.37219,15.869,19.9441,13.4708,16.1899,0,13.1801,16.1674,20.0757,8.41937,14.7434,11.2305,17.3654,14.1404,14.5015,11.4506,13.8357,12.0657,16.9459,5.89722,28.5453,21.3543,4.58914,14.1224,19.6957,11.1001,28.5534,5.67837,8.62341,6.97581,2.04114,23.1891,17.2518,0.990689,4.78264,26.6038,16.2007,6.60405,34.9257,16.3591,2.6743,25.8963,12.5141,4.94594,7.22718,14.7957,9.3418,9.25517,19.4686,11.2539,15.8701,13.7565,13.4178,13.9957,29.607,10.8761,6.50653,11.3656,10.5287,13.0626,21.7457,3.60486,7.43957,13.8437,18.8251,5.81722,3.89833,8.62871,13.1735,23.0723,22.7108,6.36769,15.2562,0,3.36452,0.624019,3.71856,11.1902,14.1557,11.8892,16.2487,31.6657,16.3756,8.64265,15.8823,10.9965,12.9682,11.8475,7.18883,6.9933,17.8127,15.3859,7.03839,16.3967,17.1607,16.6099,7.94871,8.92726,28.0753,12.5426,20.8813,23.2108,6.89199,4.45669,8.52618,5.50305,23.031,19.3838,9.47121,20.0205,11.3708,17.2563,10.7942,12.5502,23.4825,3.82589,16.3199,16.2299,15.8302,11.3012,8.4766,6.95034,14.1157,18.3351,4.87891,22.5536,19.1218,21.1439,3.25804,9.51632,20.7224,2.88729,9.35543,17.7879,7.63569,10.6804,15.9231,32.9785,12.9206,11.0746,25.3925,6.36944,17.5101,26.0232,8.21751,2.3414,32.2101,16.6905,20.3353,0.307673,21.8373,22.8654,20.0012,5.36369,2.05417,7.73582,15.1348,15.9485,13.5241,17.2254,17.5963,16.9059,9.0154,31.2471,4.99927,15.2454,26.1038,
DUALS 34,2679.71,623387,610663,0,9.66722,7.12975,30.4832,13.2917,17.4595,13.4537,16.5981,33.3171,11.7254,16.5459,9.77707,14.8904,6.9328,11.1791,11.5811,16.4899,2.45112,18.8096,13.1947,18.8274,20.3006,17.7565,24.6963,9.60357,8.91056,12.4019,15.8388,9.46229,8.82301,13.3986,8.05746,27.4408,19.5241,3.37219,15.869,19.9441,13.4708,16.1899,0.283357,11.48,16.1674,20.0757,8.70273,15.0268,11.2305,17.3654,14.4238,13.6515,11.4506,13.8357,12.0657,16.9459,5.89722,28.5453,21.3543,4.58914,14.1224,19.6957,10.25,28.5534,5.96173,8.62341,6.97581,2.3245,23.1891,17.2518,1.27405,5.066,26.6038,16.4841,6.60405,34.9257,16.0757,2.10759,25.8963,12.7975,4.94594,7.51054,14.7957,9.3418,9.25517,19.4686,11.2539,15.8701,13.7565,13.4178,13.9957,29.607,10.026,6.78989,11.649,10.5287,13.0626,21.7457,3.60486,6.5895,13.8437,18.8251,5.81722,4.18168,8.62871,13.4569,23.0723,22.7108,5.51762,15.2562,0.283357,3.08116,0.907376,3.71856,11.1902,14.1557,11.8892,16.2487,31.6657,15.8088,8.64265,15.8823,10.9965,12.6849,11.8475,5.77205,6.9933,17.8127,15.3859,7.03839,16.3967,17.1607,15.7598,7.09864,8.92726,28.0753,12.2592,20.8813,23.2108,6.89199,4.45669,8.24282,4.65298,23.031,19.3838,9.47121,20.0205,11.3708,17.2563,11.0775,12.8335,23.4825,3.25917,16.3199,16.2299,14.13,9.03438,8.75996,7.23369,14.1157,18.3351,4.87891,22.5536,19.4052,21.1439,2.97468,9.51632,20.7224,2.60393,9.35543,17.7879,7.63569,10.397,15.9231,32.9785,12.9206,11.358,25.3925,6.6528,17.5101,26.0232,8.21751,2.62475,32.2101,16.6905,20.3353,0.307673,21.8373,22.8654,20.0012,5.36369,1.77081,7.73582,15.1348,15.9485,12.6741,17.2254,17.5963,16.9059,9.0154,31.2471,4.71592,15.2454,26.1038,
STATS - lpIterations[1] lagIterations[95] sspIterations[1890] numSeparations[493] numCuts[0] compileTime[0] sspSolveTime[19] lpSolveTime[0] lb[2680.1] ub[2694.9] numArcs: [623387] numFixed: [610663] time: [34]
DUALS 35,2680.1,623687,615079,0,9.66722,7.12975,30.4832,13.2917,17.4595,13.4537,16.5981,33.3171,11.7254,16.5459,9.77707,14.8904,6.9328,11.1791,11.5811,16.4899,3.94504,18.8096,13.1947,17.3335,20.3006,17.7565,24.6963,8.10965,8.91056,12.4019,14.3448,9.46229,8.82301,13.3986,8.05746,27.4408,19.5241,3.37219,15.869,19.9441,13.4708,16.1899,0.283357,11.48,16.1674,20.0757,8.70273,13.5329,11.2305,17.3654,15.9177,13.6515,11.4506,13.8357,12.0657,16.9459,5.89722,28.5453,21.3543,4.58914,14.1224,19.6957,10.25,28.5534,4.4678,7.12949,6.97581,0,23.1891,18.7457,1.27405,2.07815,26.6038,17.978,6.60405,34.9257,16.0757,2.10759,25.8963,9.80962,4.94594,7.51054,14.7957,9.3418,9.25517,19.4686,11.2539,15.8701,13.7565,13.4178,13.9957,29.607,10.026,6.78989,13.1429,10.5287,13.0626,21.7457,3.60486,6.5895,13.8437,18.8251,5.81722,2.68776,8.62871,11.963,23.0723,22.7108,5.51762,15.2562,0.283357,1.58724,0,5.21249,11.1902,14.1557,11.8892,16.2487,31.6657,15.8088,8.64265,15.8823,10.9965,12.6849,11.8475,5.77205,6.9933,17.8127,15.3859,7.03839,16.3967,17.1607,15.7598,7.09864,7.43334,28.0753,12.2592,20.8813,23.2108,6.89199,4.45669,6.7489,4.65298,23.031,19.3838,9.47121,20.0205,11.3708,17.2563,11.0775,14.3274,23.4825,3.25917,16.3199,16.2299,14.13,10.5283,5.77211,7.23369,14.1157,18.3351,4.87891,22.5536,20.8991,21.1439,2.97468,9.51632,22.2163,1.11001,9.35543,17.7879,7.63569,10.397,15.9231,32.9785,12.9206,9.86403,25.3925,6.6528,17.5101,26.0232,6.72359,0,32.2101,16.6905,20.3353,0.307673,21.8373,22.8654,20.0012,5.36369,0.276888,7.73582,15.1348,15.9485,12.6741,17.2254,17.5963,16.9059,9.0154,31.2471,4.71592,15.2454,26.1038,
DUALS 35,2680.1,623829,615248,0,9.66722,7.12975,30.4832,13.2917,17.4595,14.2702,16.5981,33.3171,11.7254,16.5459,10.5936,15.7069,6.9328,11.9956,10.7646,16.4899,2.31205,18.8096,13.1947,17.3335,20.3006,17.7565,24.6963,8.92615,8.91056,11.5854,15.1613,9.46229,8.82301,13.3986,8.05746,27.4408,19.5241,3.37219,15.869,19.9441,13.4708,16.1899,1.09986,10.6635,16.1674,20.0757,8.70273,14.3494,11.2305,17.3654,13.4682,12.835,10.6341,13.8357,12.0657,16.9459,5.89722,28.5453,21.3543,4.58914,14.1224,19.6957,9.43354,28.5534,5.2843,7.94599,6.97581,0.816498,23.1891,17.1127,1.27405,2.89465,26.6038,15.5285,6.60405,34.9257,16.0757,2.10759,25.8963,10.6261,4.94594,7.51054,14.7957,9.3418,9.25517,19.4686,11.2539,15.8701,13.7565,13.4178,13.9957,29.607,9.2095,6.78989,10.6934,10.5287,13.0626,21.7457,3.60486,6.5895,13.8437,18.8251,5.81722,3.50426,8.62871,12.7795,23.0723,22.7108,4.70112,15.2562,1.09986,2.40373,0.816498,5.21249,11.1902,14.1557,11.8892,16.2487,31.6657,15.8088,7.82615,15.8823,10.9965,12.6849,11.8475,6.58855,6.9933,17.8127,15.3859,7.03839,16.3967,17.1607,16.5763,7.09864,8.24984,28.0753,11.4427,20.8813,23.2108,6.89199,4.45669,6.7489,5.46948,23.031,19.3838,9.47121,20.0205,11.3708,17.2563,11.894,11.8779,23.4825,3.25917,16.3199,16.2299,13.3135,9.7118,6.58861,7.23369,14.1157,18.3351,4.87891,22.5536,18.4496,21.1439,2.15818,9.51632,20.5833,1.92651,9.35543,17.7879,7.63569,9.5805,15.9231,32.9785,12.9206,10.6805,25.3925,6.6528,17.5101,26.0232,7.54009,0.816498,32.2101,16.6905,20.3353,0.307673,21.8373,22.8654,20.0012,5.36369,1.09339,7.73582,15.1348,15.9485,12.6741,17.2254,17.5963,16.9059,9.0154,31.2471,4.71592,15.2454,26.1038,
DUALS 35,2680.1,623793,615248,0,9.66722,7.12975,32.4841,13.2917,17.4595,12.2692,16.5981,35.318,11.7254,16.5459,8.59265,13.706,6.9328,11.9956,12.7655,16.4899,4.31297,18.8096,13.1947,17.3335,20.3006,17.7565,24.6963,8.92615,8.91056,13.5864,15.1613,9.46229,8.82301,13.3986,8.05746,27.4408,19.5241,3.37219,15.869,19.9441,13.4708,16.1899,1.09986,12.6644,16.1674,20.0757,8.70273,14.3494,11.2305,17.3654,15.4691,14.8359,10.6341,13.8357,12.0657,16.9459,5.89722,28.5453,21.3543,4.58914,14.1224,19.6957,11.4345,28.5534,5.2843,7.94599,6.97581,2.81742,23.1891,17.1127,1.27405,2.89465,26.6038,17.5294,6.60405,34.9257,16.0757,2.10759,25.8963,10.6261,4.94594,7.51054,14.7957,9.3418,9.25517,19.4686,11.2539,15.8701,13.7565,13.4178,13.9957,31.608,11.2104,6.78989,12.6943,10.5287,13.0626,21.7457,3.60486,6.5895,13.8437,20.826,5.81722,3.50426,8.62871,12.7795,23.0723,22.7108,6.70204,15.2562,1.09986,0.402814,0.816498,5.21249,11.1902,14.1557,11.8892,16.2487,31.6657,15.8088,7.82615,15.8823,10.9965,12.6849,11.8475,4.58763,6.9933,17.8127,15.3859,7.03839,18.3976,17.1607,14.5754,7.09864,8.24984,28.0753,13.4436,20.8813,23.2108,6.89199,4.45669,6.7489,3.46856,23.031,19.3838,9.47121,20.0205,11.3708,17.2563,11.894,13.8789,23.4825,3.25917,16.3199,16.2299,15.3144,11.7127,6.58861,7.23369,14.1157,20.336,4.87891,22.5536,20.4505,21.1439,0.157263,9.51632,20.5833,0,9.35543,17.7879,7.63569,11.5814,15.9231,32.9785,12.9206,10.6805,25.3925,6.6528,17.5101,28.0241,7.54009,0.816498,32.2101,16.6905,20.3353,0.307673,21.8373,22.8654,22.0021,5.36369,0,7.73582,15.1348,15.9485,12.6741,17.2254,17.5963,16.9059,9.0154,31.2471,4.71592,15.2454,26.1038,
DUALS 36,2680.1,624832,616256,0,9.66722,7.12975,31.2893,13.2917,17.4595,12.4399,16.7688,34.1231,11.7254,16.5459,8.76334,13.8767,6.9328,11.8249,11.5707,16.6605,3.97159,18.9803,13.024,17.3335,20.3006,17.9272,24.6963,9.09684,8.91056,12.7329,15.332,9.63298,8.82301,13.3986,8.05746,27.4408,19.5241,3.37219,15.869,19.9441,13.4708,16.3605,0.929166,11.8109,16.1674,20.0757,8.70273,14.52,11.2305,17.3654,15.2985,14.1531,10.6341,13.8357,12.0657,16.9459,5.89722,28.5453,21.1836,4.58914,14.1224,19.6957,10.2396,28.5534,5.45499,7.94599,6.97581,2.98811,23.1891,17.1127,1.27405,3.06534,26.6038,17.3587,6.60405,34.9257,16.0757,2.10759,25.8963,10.7968,4.94594,7.51054,14.7957,9.3418,9.08448,19.4686,11.2539,15.8701,13.7565,13.4178,13.9957,30.4131,10.0156,6.78989,12.5236,10.5287,13.0626,21.7457,3.60486,6.76019,13.673,19.6312,5.81722,3.67495,8.62871,12.9502,23.0723,22.5401,5.50721,15.2562,0.758476,0.573503,0.987188,5.0418,11.3609,14.1557,11.8892,16.2487,31.6657,15.9795,7.82615,15.8823,10.9965,12.3435,11.8475,4.75832,6.9933,17.8127,15.3859,7.03839,17.3735,17.1607,14.7461,7.26933,8.24984,28.246,12.9316,20.8813,23.2108,6.89199,3.77393,6.40752,3.63925,23.2017,19.3838,9.47121,20.0205,11.2001,17.2563,12.0647,13.7082,23.4825,3.42986,16.4905,16.4005,14.6317,10.5179,6.7593,7.23369,14.1157,19.1412,4.87891,22.5536,20.2799,21.1439,0.327953,9.51632,20.4126,0.17069,9.35543,17.7879,7.63569,10.728,15.9231,32.9785,12.9206,10.8512,25.3925,6.6528,17.5101,28.0241,7.54009,0.987188,32.2101,16.8611,20.3353,0.478362,21.8373,23.0361,20.8073,5.36369,0.17069,7.73582,15.1348,15.9485,12.5034,17.2254,17.5963,16.9059,8.84471,31.2471,4.54523,15.2454,26.1038,
DUALS 36,2680.1,624824,616347,0,9.66722,7.12975,31.2893,13.2917,17.4595,14.5799,16.7688,34.1231,11.7254,16.5459,10.9033,16.0167,6.9328,11.8249,9.43065,16.6605,1.83159,18.9803,13.024,17.3335,20.3006,17.9272,24.6963,9.09684,8.91056,10.5929,15.332,9.63298,8.82301,13.3986,8.05746,27.4408,19.5241,3.37219,15.869,19.9441,13.4708,16.3605,0,9.67093,16.1674,20.0757,8.70273,14.52,11.2305,17.3654,13.1585,12.0131,10.6341,13.8357,12.0657,16.9459,5.89722,28.5453,21.1836,4.58914,14.1224,19.6957,8.09964,28.5534,5.45499,7.94599,6.97581,2.98811,23.1891,17.1127,1.27405,3.06534,26.6038,15.2187,6.60405,34.9257,16.0757,2.10759,25.8963,10.7968,4.94594,7.51054,14.7957,9.3418,9.08448,19.4686,11.2539,15.8701,13.7565,13.4178,13.9957,30.4131,7.87559,6.78989,10.3836,10.5287,13.0626,21.7457,3.60486,6.76019,13.673,19.6312,5.81722,3.67495,8.62871,12.9502,23.0723,22.5401,3.36721,15.2562,0,2.7135,0.987188,5.0418,11.3609,14.1557,11.8892,16.2487,31.6657,18.1195,7.82615,15.8823,10.9965,12.3435,11.8475,6.89832,6.9933,17.8127,15.3859,7.03839,17.3735,17.1607,16.8861,7.26933,8.24984,28.246,10.7916,20.8813,23.2108,6.89199,3.77393,4.26752,5.77925,23.2017,19.3838,9.47121,20.0205,11.2001,17.2563,12.0647,11.5682,23.4825,3.42986,16.4905,16.4005,12.4917,8.3779,6.7593,7.23369,14.1157,19.1412,4.87891,22.5536,18.1399,21.1439,2.46795,9.51632,18.2726,2.31069,9.35543,17.7879,7.63569,8.58797,15.9231,32.9785,12.9206,10.8512,25.3925,6.6528,17.5101,28.0241,7.54009,0.987188,32.2101,16.8611,20.3353,0.478362,21.8373,23.0361,20.8073,5.36369,2.31069,7.73582,15.1348,15.9485,12.5034,17.2254,17.5963,16.9059,8.84471,31.2471,4.54523,15.2454,26.1038,
DUALS 36,2680.1,625651,617082,0,8.90906,7.88791,31.2893,13.2917,17.4595,12.3055,16.7688,34.1231,10.9672,16.5459,7.11254,14.5004,7.69096,11.8249,10.1888,16.6605,2.58975,18.9803,13.024,17.3335,20.3006,17.9272,24.6963,9.09684,8.91056,11.3511,15.332,9.63298,8.82301,13.3986,8.05746,27.4408,19.5241,3.37219,15.869,19.9441,13.4708,16.3605,0.75816,10.4291,16.1674,20.0757,9.46089,14.52,11.2305,17.3654,13.9166,12.7713,9.87592,13.8357,12.0657,16.9459,5.13906,28.5453,21.1836,4.58914,14.1224,20.4538,8.8578,28.5534,5.45499,7.94599,6.97581,2.98811,23.1891,17.1127,2.03221,3.06534,26.6038,15.9769,5.84589,34.9257,16.0757,2.10759,25.8963,10.7968,4.94594,8.2687,14.7957,9.3418,9.84264,19.4686,11.2539,15.8701,13.7565,13.4178,13.9957,30.4131,8.63375,7.54805,11.1418,10.5287,13.0626,21.7457,3.60486,6.76019,13.673,19.6312,5.05906,3.67495,8.62871,12.9502,23.0723,22.5401,4.12537,15.2562,0.75816,1.95534,0.987188,5.0418,11.3609,14.1557,11.8892,16.2487,31.6657,15.845,7.06799,15.8823,10.9965,12.3435,11.8475,3.86568,6.9933,17.8127,15.3859,7.03839,17.3735,17.1607,14.6116,7.26933,8.24984,28.246,11.5497,20.8813,23.2108,6.89199,4.53209,5.02568,3.50477,23.2017,19.3838,9.47121,20.0205,11.2001,17.2563,12.0647,11.5682,23.4825,3.42986,16.4905,16.4005,13.2498,9.13606,6.7593,7.23369,14.1157,19.1412,4.87891,22.5536,18.898,21.1439,1.70979,9.51632,19.0308,1.55253,9.35543,17.7879,7.63569,9.34613,15.9231,32.9785,12.9206,10.8512,25.3925,7.41096,17.5101,28.0241,7.54009,0.987188,32.2101,16.8611,20.3353,0.478362,21.8373,23.0361,20.8073,5.36369,1.55253,7.73582,15.1348,15.9485,12.5034,17.2254,17.5963,16.9059,8.84471,31.2471,4.54523,15.2454,26.1038,
DUALS 37,2680.1,625717,617169,0,10.0964,6.70059,30.1019,13.2917,17.4595,13.4928,17.9561,32.9358,12.1546,16.5459,8.29986,15.6877,6.50364,11.8249,11.3761,16.6605,3.77707,20.1676,13.024,17.3335,20.3006,17.9272,24.6963,9.09684,8.91056,12.5384,15.332,9.63298,8.82301,13.3986,8.05746,27.4408,19.5241,3.37219,17.0563,19.9441,12.2835,16.3605,0,11.6164,16.1674,20.0757,8.27357,14.52,11.2305,17.3654,15.1039,13.9586,11.0632,13.8357,12.0657,16.9459,6.32638,29.7326,21.1836,4.58914,14.1224,20.4538,10.0451,28.5534,5.45499,7.94599,5.78849,2.98811,23.1891,18.3001,0.844887,3.06534,26.6038,17.1642,7.0332,34.9257,17.2631,2.10759,25.8963,10.7968,4.94594,7.08138,14.7957,9.3418,8.65532,19.4686,11.2539,15.8701,13.7565,13.4178,13.9957,29.2258,9.82107,6.36073,12.3291,10.5287,13.0626,21.7457,3.60486,6.76019,13.673,19.6312,6.24638,3.67495,9.81603,12.9502,23.0723,23.7275,5.31269,15.2562,0,0.768025,0.987188,5.0418,11.3609,14.1557,11.8892,16.2487,31.6657,17.0324,8.25531,15.8823,12.1838,12.3435,11.8475,5.053,6.9933,17.8127,15.3859,8.22571,17.3735,17.1607,15.7989,7.26933,8.24984,29.4333,12.737,20.8813,23.2108,6.89199,3.34477,5.02568,4.69209,23.2017,19.3838,8.28389,20.0205,12.3874,17.2563,12.0647,12.7555,23.4825,3.42986,16.4905,16.4005,14.4372,10.3234,6.7593,6.04637,14.1157,19.1412,4.87891,22.5536,20.0853,21.1439,1.70979,9.51632,20.2181,0.365211,10.5427,17.7879,7.63569,10.5334,15.9231,32.9785,12.9206,10.8512,25.3925,6.22364,17.5101,28.0241,7.54009,0.987188,32.2101,18.0485,20.3353,1.66568,20.65,23.0361,20.8073,5.36369,0.365211,7.73582,15.1348,15.9485,12.5034,17.2254,17.5963,16.9059,8.84471,31.2471,4.54523,14.0581,26.1038,
DUALS 37,2680.1,626330,617756,0,9.61249,7.18448,30.1019,13.2917,17.4595,13.4928,16.0205,32.9358,11.6707,16.5459,8.29986,15.6877,6.98753,11.8249,10.8922,16.6605,3.29317,19.1998,13.024,17.3335,20.3006,17.9272,24.6963,9.09684,8.91056,12.0545,15.332,9.63298,8.82301,13.3986,8.05746,27.4408,19.5241,3.37219,16.5724,19.9441,12.7674,16.3605,0.483891,11.1325,16.1674,20.0757,8.75746,14.52,11.2305,17.3654,15.1039,13.4747,9.61156,13.8357,12.0657,16.9459,5.84249,27.797,21.1836,4.58914,14.1224,20.4538,9.56122,28.5534,5.45499,7.94599,5.78849,2.98811,23.1891,18.3001,1.32878,3.06534,26.6038,17.1642,6.54931,34.9257,17.2631,2.10759,25.8963,10.7968,4.94594,7.56527,14.7957,9.3418,9.13921,19.4686,11.2539,15.8701,13.7565,13.4178,13.9957,29.7097,9.33718,6.84462,12.3291,10.5287,12.5787,21.7457,3.60486,6.76019,13.673,20.1151,5.76249,3.67495,9.33214,12.9502,23.0723,23.2436,4.8288,15.2562,0.483891,1.25192,0.987188,5.0418,11.3609,14.1557,11.8892,16.2487,31.6657,17.0324,6.80364,15.8823,11.6999,12.3435,11.8475,5.053,6.9933,17.8127,15.3859,7.74182,17.8574,17.1607,15.7989,7.26933,8.24984,27.4977,12.2531,20.8813,23.2108,6.89199,3.34477,5.50957,4.69209,23.2017,19.3838,8.28389,20.0205,11.4196,17.2563,12.0647,12.7555,23.4825,3.42986,16.4905,16.4005,13.9533,9.83948,6.7593,6.53027,14.1157,19.6251,4.87891,22.5536,20.0853,20.66,1.70979,9.51632,20.2181,0.849102,10.0589,17.7879,7.63569,10.0496,15.9231,32.9785,12.9206,10.8512,25.3925,6.70753,17.5101,28.0241,7.54009,0.987188,32.2101,16.1129,20.3353,1.18179,21.1339,21.1006,21.2911,5.36369,0.849102,7.73582,15.1348,15.9485,12.5034,17.2254,17.5963,16.9059,8.84471,31.2471,4.54523,14.542,26.1038,
STATS - lpIterations[1] lagIterations[103] sspIterations[2056] numSeparations[512] numCuts[0] compileTime[0] sspSolveTime[21] lpSolveTime[0] lb[2685.6] ub[2694.9] numArcs: [626330] numFixed: [617756] time: [37]
DUALS 37,2685.6,626301,619446,0,9.61249,7.18448,30.1019,13.2917,17.4595,13.4928,17.7612,32.9358,11.6707,16.5459,8.29986,15.6877,6.98753,11.8249,12.633,16.6605,1.55244,20.9405,13.024,17.3335,20.3006,17.9272,24.6963,9.09684,8.91056,13.7952,15.332,9.63298,8.82301,13.3986,8.05746,27.4408,19.5241,3.37219,16.5724,19.9441,14.5081,16.3605,0.483891,12.8733,16.1674,20.0757,8.75746,14.52,11.2305,17.3654,15.1039,15.2155,11.3523,13.8357,12.0657,16.9459,5.84249,29.5378,22.9244,4.58914,14.1224,22.1946,11.302,28.5534,5.45499,7.94599,5.78849,2.98811,23.1891,18.3001,1.32878,3.06534,26.6038,17.1642,6.54931,34.9257,17.2631,2.10759,25.8963,10.7968,4.94594,7.56527,14.7957,9.3418,10.8799,19.4686,11.2539,15.8701,13.7565,13.4178,13.9957,29.7097,11.0779,6.84462,12.3291,10.5287,14.3195,21.7457,3.60486,6.76019,13.673,20.1151,5.76249,3.67495,9.33214,12.9502,23.0723,24.9843,6.56953,15.2562,0.483891,2.99265,0.987188,5.0418,9.62013,14.1557,11.8892,16.2487,31.6657,17.0324,8.54437,15.8823,11.6999,12.3435,11.8475,5.053,6.9933,17.8127,15.3859,7.74182,17.8574,17.1607,15.7989,7.26933,8.24984,29.2384,13.9939,20.8813,24.9515,6.89199,5.08551,7.2503,4.69209,23.2017,19.3838,8.28389,20.0205,11.4196,17.2563,12.0647,12.7555,23.4825,3.42986,16.4905,16.4005,15.694,11.5802,6.7593,6.53027,14.1157,19.6251,4.87891,22.5536,20.0853,22.4008,1.70979,9.51632,20.2181,2.58983,10.0589,17.7879,7.63569,11.7903,15.9231,32.9785,12.9206,10.8512,25.3925,6.70753,17.5101,28.0241,7.54009,0.987188,32.2101,17.8536,20.3353,2.92252,22.8746,22.8413,21.2911,3.62296,2.58983,7.73582,15.1348,15.9485,12.5034,17.2254,17.5963,16.9059,8.84471,31.2471,4.54523,16.2827,26.1038,
DUALS 38,2685.6,627331,620549,0,9.84467,7.41665,30.1019,13.2917,17.4595,13.4928,17.5291,32.9358,11.9028,16.5459,8.29986,15.6877,7.21971,11.5927,11.4721,16.8927,1.78462,20.7084,13.2562,17.3335,20.3006,18.1594,24.6963,9.32901,8.91056,12.4022,15.5642,9.63298,8.82301,13.3986,8.05746,27.4408,19.5241,3.37219,16.8046,19.9441,13.5794,16.5927,0.716068,11.4802,16.1674,20.0757,8.98964,14.7522,11.2305,17.3654,15.1039,14.0546,11.1201,13.8357,12.0657,16.9459,6.07467,29.0734,21.9957,4.82131,14.1224,21.0337,10.1411,28.5534,5.68717,7.94599,6.02066,3.22029,23.1891,18.3001,1.56095,3.29752,26.6038,17.1642,6.78149,34.9257,17.2631,1.87541,25.8963,11.029,4.94594,7.79745,14.7957,9.3418,9.95124,19.4686,11.2539,15.8701,13.7565,13.4178,13.9957,29.9419,9.91703,7.0768,12.3291,10.5287,13.6229,21.7457,3.60486,6.76019,13.9052,20.1151,5.99467,3.90712,9.33214,13.1823,23.0723,24.9843,5.40865,15.2562,0.716068,2.76047,1.21937,5.0418,9.8523,14.1557,11.8892,16.4808,31.6657,17.0324,8.31219,15.8823,11.9321,12.1113,11.8475,5.053,6.9933,17.8127,15.3859,7.974,17.8574,17.1607,15.7989,7.26933,8.24984,29.0063,13.5295,20.8813,23.7906,6.89199,3.92462,6.08941,4.69209,23.4339,19.3838,8.51607,20.0205,11.4196,17.2563,12.2969,12.7555,23.4825,3.66204,16.7227,16.6327,14.3009,10.1872,6.99147,6.76244,14.1157,19.6251,4.87891,22.7858,20.0853,22.4008,1.70979,9.51632,20.2181,2.35766,10.291,17.7879,7.63569,10.6294,15.9231,32.9785,12.9206,11.0834,25.3925,6.93971,17.5101,28.0241,7.54009,1.21937,32.2101,17.6215,20.3353,1.76164,21.9459,22.6091,21.2911,3.85514,2.35766,7.73582,15.1348,15.9485,12.7355,17.2254,17.5963,16.9059,9.07689,31.2471,4.54523,15.354,26.1038,
DUALS 38,2685.6,627486,621536,0,8.67363,7.41665,30.1019,13.2917,17.4595,13.4928,16.358,32.9358,10.7318,16.5459,8.29986,15.6877,7.21971,11.5927,10.301,16.8927,2.95566,19.5373,13.2562,17.3335,20.3006,18.1594,24.6963,9.32901,8.91056,11.2311,15.5642,8.46193,8.82301,13.3986,8.05746,27.4408,19.5241,3.37219,16.8046,19.9441,13.5794,16.5927,0.716068,10.3092,16.1674,20.0757,8.98964,13.5812,11.2305,17.3654,15.1039,12.8835,8.77804,13.8357,12.0657,16.9459,4.90363,27.9024,20.8246,4.82131,14.1224,21.0337,8.97003,28.5534,5.68717,7.94599,6.02066,2.04925,23.1891,18.3001,1.56095,3.29752,26.6038,17.1642,4.43941,34.9257,17.2631,0.704367,25.8963,11.029,4.94594,7.79745,14.7957,9.3418,9.95124,19.4686,11.2539,15.8701,13.7565,13.4178,13.9957,29.9419,8.74599,7.0768,12.3291,10.5287,13.6229,21.7457,3.60486,5.58915,12.7342,20.1151,4.82363,3.90712,8.1611,12.0113,23.0723,23.8133,4.23761,15.2562,0.716068,1.58943,0.0483242,6.21284,9.8523,14.1557,11.8892,16.4808,31.6657,17.0324,7.14115,15.8823,10.7611,12.1113,11.8475,5.053,6.9933,17.8127,15.3859,5.63191,17.8574,17.1607,15.7989,6.09829,7.0788,27.8352,12.3585,20.8813,23.7906,6.89199,3.92462,6.08941,4.69209,23.4339,19.3838,8.51607,20.0205,10.2486,17.2563,11.1258,12.7555,23.4825,2.491,16.7227,16.6327,13.1299,9.01611,6.99147,6.76244,14.1157,19.6251,4.87891,22.7858,20.0853,22.4008,2.88083,9.51632,20.2181,1.18662,9.11999,17.7879,7.63569,9.45836,15.9231,32.9785,12.9206,11.0834,25.3925,6.93971,17.5101,28.0241,7.54009,0.0483242,32.2101,16.4504,20.3353,0.590597,21.9459,21.4381,21.2911,3.85514,1.18662,7.73582,15.1348,15.9485,12.7355,17.2254,17.5963,16.9059,7.90585,31.2471,4.54523,15.354,26.1038,
DUALS 38,2685.6,627456,621536,0,10.3085,7.41665,30.1019,13.2917,17.4595,13.4928,17.9929,32.9358,12.3667,16.5459,8.29986,15.6877,7.21971,13.2276,11.9359,16.8927,2.95566,21.1722,14.8911,17.3335,20.3006,18.1594,24.6963,9.32901,8.91056,12.866,15.5642,10.0968,8.82301,15.0335,8.05746,27.4408,19.5241,3.37219,18.4395,19.9441,13.5794,16.5927,0.716068,11.9441,16.1674,20.0757,8.98964,13.5812,11.2305,17.3654,15.1039,14.5184,10.4129,13.8357,12.0657,16.9459,6.53853,29.5373,20.8246,4.82131,14.1224,21.0337,10.6049,28.5534,5.68717,7.94599,6.02066,2.04925,23.1891,18.3001,1.56095,3.29752,26.6038,17.1642,6.07431,34.9257,17.2631,2.33927,25.8963,11.029,4.94594,7.79745,14.7957,9.3418,9.95124,19.4686,11.2539,15.8701,13.7565,13.4178,13.9957,29.9419,10.3809,7.0768,12.3291,10.5287,13.6229,21.7457,3.60486,7.22405,14.3691,20.1151,6.45853,3.90712,9.796,12.0113,23.0723,25.4482,5.87251,15.2562,0.716068,1.58943,0.0483242,4.57793,9.8523,14.1557,11.8892,16.4808,31.6657,17.0324,8.77606,15.8823,12.396,13.7462,11.8475,5.053,6.9933,17.8127,15.3859,7.26682,17.8574,17.1607,15.7989,7.73319,7.0788,29.4701,13.9934,20.8813,23.7906,6.89199,3.92462,4.45451,4.69209,23.4339,19.3838,8.51607,20.0205,11.8835,17.2563,11.1258,12.7555,23.4825,4.1259,16.7227,16.6327,14.7648,10.651,6.99147,6.76244,14.1157,19.6251,4.87891,22.7858,20.0853,24.0357,2.88083,9.51632,20.2181,1.18662,10.7549,17.7879,7.63569,11.0933,15.9231,32.9785,12.9206,11.0834,25.3925,6.93971,17.5101,28.0241,7.54009,1.68323,32.2101,18.0853,20.3353,2.2255,21.9459,23.073,21.2911,3.85514,1.18662,7.73582,15.1348,15.9485,14.3704,17.2254,17.5963,16.9059,9.54075,31.2471,4.54523,15.354,26.1038,
DUALS 38,2685.6,628658,623569,0,10.003,7.41665,30.1019,13.2917,17.4595,13.4928,17.0764,33.2414,12.0612,16.5459,8.29986,15.6877,7.21971,10.4779,11.0194,16.8927,2.95566,20.5612,13.669,17.3335,20.3006,18.1594,24.6963,9.63454,8.91056,12.255,15.8697,9.18026,8.82301,14.7279,8.05746,27.4408,19.5241,3.37219,18.134,19.9441,13.885,16.5927,0.716068,11.333,16.1674,20.0757,8.98964,13.8867,11.2305,17.3654,15.1039,13.9074,10.1074,13.8357,12.0657,16.9459,5.92748,28.6207,20.8246,4.82131,14.1224,21.3392,9.68836,28.5534,5.99269,7.94599,6.02066,2.35477,23.1891,18.3001,1.56095,3.60304,26.6038,17.1642,5.76879,34.9257,17.2631,1.4227,25.8963,11.3345,4.94594,7.79745,14.7957,9.3418,9.95124,19.4686,11.2539,15.8701,13.7565,13.4178,13.9957,29.6364,9.46432,7.0768,12.3291,10.5287,13.6229,21.7457,3.60486,6.30748,13.147,20.4206,6.153,4.21265,9.796,12.3168,23.0723,25.1426,4.95594,15.2562,0.716068,1.58943,0.353849,4.57793,9.8523,14.1557,11.8892,16.4808,31.6657,17.0324,8.16501,15.8823,12.0904,12.8297,11.8475,5.053,6.9933,17.8127,15.3859,6.96129,18.1629,17.1607,15.7989,6.81662,7.0788,28.5536,13.6879,20.8813,24.0962,6.89199,3.92462,4.76004,4.69209,23.4339,19.3838,8.51607,20.0205,11.578,17.2563,11.4314,12.7555,23.4825,3.20933,16.7227,16.6327,14.1537,10.651,7.297,6.76244,14.1157,19.9306,4.87891,22.7858,20.0853,23.7301,2.57531,9.51632,20.2181,1.18662,10.4494,17.7879,7.63569,9.87117,15.9231,32.9785,12.9206,11.3889,25.3925,6.93971,17.5101,28.0241,7.54009,1.98875,32.2101,17.1687,20.3353,2.2255,22.2514,22.1564,21.5967,3.85514,1.18662,7.73582,15.1348,15.9485,13.1484,17.2254,17.5963,16.9059,8.62418,31.2471,4.54523,15.6595,26.1038,
STATS - lpIterations[1] lagIterations[108] sspIterations[2168] numSeparations[526] numCuts[0] compileTime[0] sspSolveTime[22] lpSolveTime[0] lb[2689.37] ub[2694.9] numArcs: [628658] numFixed: [623569] time: [38]
DUALS 39,2689.37,628793,625869,0,10.003,7.41665,30.1019,13.2917,17.4595,13.4928,17.0764,33.2414,12.0612,16.5459,8.29986,15.6877,7.21971,14.7878,11.0194,16.8927,2.95566,20.5612,13.669,17.3335,20.3006,18.1594,20.3864,9.63454,8.91056,12.255,15.8697,9.18026,8.82301,14.7279,8.05746,27.4408,19.5241,3.37219,18.134,19.9441,13.885,16.5927,0.716068,11.333,16.1674,20.0757,8.98964,13.8867,11.2305,17.3654,15.1039,9.5975,5.79753,13.8357,12.0657,12.636,5.92748,28.6207,20.8246,4.82131,14.1224,21.3392,9.68836,28.5534,5.99269,7.94599,6.02066,2.35477,23.1891,18.3001,1.56095,3.60304,26.6038,17.1642,5.76879,34.9257,17.2631,1.4227,21.5864,11.3345,4.94594,7.79745,14.7957,9.3418,9.95124,19.4686,11.2539,15.8701,13.7565,13.4178,13.9957,29.6364,9.46432,7.0768,12.3291,10.5287,13.6229,21.7457,3.60486,6.30748,13.147,20.4206,6.153,4.21265,9.796,12.3168,23.0723,25.1426,4.95594,15.2562,0.716068,1.58943,0.353849,4.57793,9.8523,14.1557,11.8892,16.4808,31.6657,17.0324,3.85512,15.8823,12.0904,12.8297,11.8475,5.053,6.9933,17.8127,15.3859,6.96129,18.1629,17.1607,15.7989,6.81662,7.0788,28.5536,13.6879,16.5714,24.0962,6.89199,3.92462,4.76004,4.69209,23.4339,19.3838,8.51607,20.0205,11.578,12.9464,11.4314,12.7555,23.4825,3.20933,16.7227,16.6327,14.1537,10.651,7.297,6.76244,14.1157,19.9306,4.87891,22.7858,20.0853,23.7301,0,5.20643,20.2181,1.18662,10.4494,17.7879,7.63569,9.87117,15.9231,32.9785,12.9206,11.3889,25.3925,6.93971,17.5101,28.0241,7.54009,1.98875,32.2101,17.1687,16.0254,0,22.2514,22.1564,21.5967,3.85514,1.18662,7.73582,15.1348,15.9485,13.1484,17.2254,13.2864,12.596,8.62418,31.2471,4.54523,15.6595,26.1038,
DUALS 39,2689.37,629195,626291,0,8.35517,7.41665,30.1019,13.2917,17.4595,13.4928,17.0764,33.2414,12.0612,16.5459,8.29986,15.6877,7.21971,8.19645,11.0194,16.8927,2.95566,20.5612,12.0212,17.3335,21.9484,18.1594,22.0343,9.63454,8.91056,12.255,15.8697,7.53243,10.4708,13.0801,8.05746,27.4408,19.5241,3.37219,18.134,19.9441,13.885,16.5927,0.716068,11.333,16.1674,21.7235,8.98964,15.5345,11.2305,17.3654,15.1039,11.2453,7.44537,15.4835,12.0657,14.2839,4.27965,28.6207,20.8246,3.17348,14.1224,21.3392,9.68836,28.5534,5.99269,7.94599,4.37283,2.35477,23.1891,18.3001,1.56095,5.25088,26.6038,17.1642,5.76879,34.9257,17.2631,0,23.2343,12.9823,4.94594,7.79745,16.4435,9.3418,9.95124,19.4686,11.2539,15.8701,13.7565,13.4178,15.6435,29.6364,9.46432,7.0768,12.3291,12.1766,13.6229,21.7457,3.60486,4.65964,11.4991,20.4206,4.50517,4.21265,9.796,13.9647,23.0723,25.1426,4.95594,15.2562,0.716068,1.58943,0.353849,2.9301,9.8523,15.8035,11.8892,16.4808,31.6657,17.0324,5.50296,15.8823,12.0904,12.8297,11.8475,5.053,8.64113,17.8127,15.3859,6.96129,18.1629,17.1607,15.7989,5.16879,8.72663,28.5536,13.6879,18.2192,24.0962,6.89199,3.92462,4.76004,4.69209,23.4339,19.3838,8.51607,20.0205,11.578,14.5943,13.0792,12.7555,23.4825,3.20933,16.7227,16.6327,14.1537,10.651,7.297,6.76244,15.7635,19.9306,4.87891,22.7858,20.0853,23.7301,1.64783,6.85427,20.2181,1.18662,10.4494,17.7879,9.28352,8.22333,17.571,32.9785,12.9206,11.3889,25.3925,6.93971,17.5101,28.0241,7.54009,0,32.2101,17.1687,17.6732,1.64783,22.2514,22.1564,21.5967,5.50297,1.18662,7.73582,15.1348,15.9485,11.5005,17.2254,14.9343,14.2439,8.62418,31.2471,4.54523,15.6595,26.1038,
DUALS 40,2689.37,630129,627231,0,8.35517,7.41665,30.1019,13.2917,17.4595,13.4928,17.0764,33.2414,12.0612,16.5459,8.29986,15.6877,7.21971,9.00775,11.8307,17.704,2.95566,20.5612,12.8325,17.3335,22.7597,18.9707,22.8456,9.63454,8.91056,12.255,15.8697,8.34373,8.03694,13.0801,8.86876,27.4408,19.5241,3.37219,18.134,19.9441,13.885,17.404,0.716068,10.5217,16.1674,19.2896,8.98964,13.9119,11.2305,17.3654,15.1039,11.2453,7.44537,14.6722,12.0657,15.0952,4.27965,28.6207,20.8246,3.98478,14.1224,21.3392,10.4997,28.5534,5.18139,7.94599,5.18413,1.54347,23.1891,18.3001,1.56095,3.62828,26.6038,17.1642,5.76879,34.9257,17.2631,0.8113,24.0456,10.5484,4.94594,7.79745,14.0096,9.3418,9.95124,19.4686,11.2539,15.8701,13.7565,13.4178,13.2096,29.6364,10.2756,7.0768,12.3291,12.9879,13.6229,21.7457,3.60486,5.47094,12.3104,20.4206,4.50517,3.40135,9.796,12.3421,23.0723,25.1426,5.76724,15.2562,0.716068,1.58943,0,3.7414,10.6636,13.3696,11.8892,17.2921,31.6657,17.0324,5.50296,15.8823,12.0904,12.8297,11.8475,5.053,6.20723,17.8127,15.3859,6.96129,18.1629,17.1607,15.7989,5.98009,7.91533,28.5536,12.0653,18.2192,24.0962,6.89199,3.92462,3.94874,4.69209,24.2452,19.3838,9.32737,20.0205,11.578,15.4056,11.4566,12.7555,23.4825,3.20933,17.534,17.444,14.1537,9.83972,7.297,6.76244,14.9522,19.9306,4.87891,23.5971,20.0853,23.7301,2.45913,7.66557,20.2181,1.18662,10.4494,17.7879,6.84962,9.03463,16.7597,32.9785,12.9206,11.3889,25.3925,6.93971,17.5101,28.0241,6.72879,0.8113,32.2101,17.1687,18.4845,0.836535,22.2514,22.1564,21.5967,6.31427,1.18662,7.73582,15.1348,15.9485,12.3118,17.2254,15.7456,15.0552,9.43548,31.2471,3.73393,15.6595,26.1038,
DUALS 40,2689.37,630243,606739,0,8.35517,7.41665,30.1019,13.2917,17.4595,13.4928,18.6415,33.2414,12.0612,16.5459,8.29986,15.6877,7.21971,9.00775,11.8307,17.704,2.95566,20.5612,12.8325,17.3335,24.3248,18.9707,24.4107,9.63454,8.91056,13.8201,15.8697,9.90887,9.60208,13.0801,8.86876,27.4408,19.5241,3.37219,18.134,19.9441,13.885,17.404,0.716068,12.0869,16.1674,20.8548,8.98964,13.9119,11.2305,17.3654,15.1039,12.8105,9.01051,16.2374,12.0657,16.6603,4.27965,28.6207,20.8246,3.98478,14.1224,21.3392,10.4997,28.5534,5.18139,7.94599,5.18413,1.54347,23.1891,18.3001,1.56095,3.62828,26.6038,17.1642,5.76879,34.9257,17.2631,2.37644,25.6107,10.5484,4.94594,7.79745,15.5748,9.3418,9.95124,19.4686,11.2539,15.8701,13.7565,13.4178,14.7748,29.6364,10.2756,7.0768,12.3291,14.553,13.6229,21.7457,3.60486,7.03609,12.3104,18.8555,4.50517,3.40135,9.796,12.3421,23.0723,25.1426,5.76724,15.2562,0.716068,1.58943,1.56514,3.7414,7.53331,14.9348,11.8892,17.2921,31.6657,17.0324,7.0681,15.8823,12.0904,12.8297,11.8475,5.053,7.77238,17.8127,15.3859,6.96129,16.5978,17.1607,15.7989,7.54523,7.91533,30.1187,13.6304,19.7844,24.0962,6.89199,3.92462,3.94874,4.69209,22.68,19.3838,7.76222,20.0205,11.578,16.9707,11.4566,12.7555,23.4825,4.77447,17.534,17.444,15.7189,11.4049,7.297,6.76244,16.5174,18.3655,4.87891,23.5971,20.0853,23.7301,0.89399,9.23071,20.2181,1.18662,10.4494,17.7879,8.41477,10.5998,18.3248,32.9785,12.9206,11.3889,25.3925,6.93971,17.5101,28.0241,6.72879,0.8113,32.2101,18.7339,20.0497,2.40168,22.2514,22.1564,21.5967,3.18398,1.18662,7.73582,15.1348,15.9485,12.3118,17.2254,17.3107,16.6203,9.43548,31.2471,3.73393,15.6595,26.1038,
DUALS 40,2689.37,630693,607169,0,8.35517,7.41665,30.1019,13.2917,17.4595,13.4928,17.5344,33.2414,12.0612,16.5459,8.29986,15.6877,7.21971,9.00775,10.7236,17.704,2.95566,20.0076,12.2789,17.3335,24.3248,18.9707,24.4107,10.1881,8.91056,12.1595,16.4233,9.35532,9.04853,13.0801,8.31521,27.4408,19.5241,3.37219,18.134,19.9441,13.885,17.404,0.716068,10.4262,16.1674,20.3012,8.98964,13.9119,11.2305,17.3654,15.1039,12.8105,8.45696,15.6838,12.0657,16.6603,4.27965,27.5136,20.2711,3.98478,14.1224,21.3392,9.39255,28.5534,5.73495,7.94599,5.18413,2.09702,23.1891,18.3001,1.56095,3.62828,26.6038,17.1642,5.76879,34.9257,17.2631,1.26934,25.6107,10.5484,4.94594,7.79745,15.0212,8.78825,9.95124,19.4686,11.2539,15.8701,14.3101,13.4178,14.2212,30.1899,9.16851,7.0768,12.3291,14.553,13.6229,21.7457,3.60486,6.48253,12.3104,19.409,4.50517,3.9549,9.796,12.3421,23.0723,24.5891,4.66013,15.2562,0.716068,1.58943,2.1187,3.7414,7.53331,14.3812,11.8892,17.2921,31.6657,17.0324,6.51455,15.8823,12.0904,12.2761,11.8475,5.053,7.21882,17.8127,15.3859,6.96129,17.1513,17.1607,15.7989,6.99168,7.91533,29.0116,11.9697,19.7844,24.0962,6.89199,3.92462,3.94874,4.69209,22.68,19.3838,7.76222,20.0205,11.578,16.9707,11.4566,12.7555,23.4825,3.66737,17.534,17.444,14.0582,8.63709,7.85055,6.76244,15.9638,18.919,4.87891,23.5971,20.0853,23.7301,1.44754,9.23071,20.2181,1.18662,10.4494,17.7879,7.86121,9.49267,17.7713,32.9785,12.9206,11.9425,25.3925,6.93971,17.5101,28.0241,6.72879,1.36485,32.2101,17.6268,20.0497,1.84813,22.2514,21.0493,22.1502,3.73754,1.18662,7.73582,15.1348,15.9485,12.3118,17.2254,17.3107,16.6203,9.43548,31.2471,3.73393,15.6595,26.1038,
DUALS 41,2689.37,631120,607574,0,8.35517,7.41665,30.1019,13.2917,17.4595,13.4928,17.5344,33.2414,12.0612,16.5459,8.29986,15.6877,7.21971,10.3015,10.7236,17.704,2.95566,20.0076,12.2789,17.3335,23.0311,18.9707,24.4107,8.89437,8.91056,13.4532,15.1296,9.35532,7.75481,13.0801,8.31521,27.4408,19.5241,3.37219,18.134,19.9441,13.885,17.404,0.716068,11.7199,16.1674,19.0075,8.98964,13.9119,11.2305,17.3654,15.1039,12.8105,8.45696,14.3901,12.0657,15.3666,4.27965,27.5136,20.2711,3.98478,14.1224,21.3392,10.6863,28.5534,4.44123,7.94599,5.18413,0,23.1891,18.3001,1.56095,3.62828,26.6038,17.1642,5.76879,34.9257,17.2631,1.26934,24.317,10.5484,4.94594,7.79745,13.7275,8.78825,9.95124,19.4686,11.2539,15.8701,14.3101,13.4178,12.9275,30.1899,10.4622,7.0768,12.3291,13.2593,13.6229,21.7457,3.60486,6.48253,12.3104,19.409,4.50517,2.66118,9.796,12.3421,23.0723,24.5891,5.95385,15.2562,0.716068,1.58943,0,5.03512,7.53331,13.0875,11.8892,17.2921,31.6657,17.0324,6.51455,15.8823,12.0904,12.2761,11.8475,5.053,5.9251,17.8127,15.3859,6.96129,17.1513,17.1607,15.7989,6.99168,7.91533,29.0116,11.9697,19.7844,24.0962,6.89199,2.6309,3.94874,4.69209,22.68,19.3838,7.76222,20.0205,11.578,15.677,11.4566,12.7555,23.4825,2.37365,17.534,17.444,15.352,9.93081,6.55683,6.76244,14.6701,18.919,4.87891,23.5971,20.0853,23.7301,2.74126,7.93699,20.2181,1.18662,10.4494,17.7879,6.56749,10.7864,16.4776,32.9785,12.9206,10.6488,25.3925,6.93971,17.5101,28.0241,5.43507,0,32.2101,17.6268,18.756,0,22.2514,21.0493,22.1502,3.73754,1.18662,7.73582,15.1348,15.9485,12.3118,17.2254,16.017,15.3266,9.43548,31.2471,5.02765,15.6595,26.1038,
DUALS 41,2689.37,631175,607621,0,8.35517,7.41665,30.1019,13.2917,17.4595,13.4928,17.5344,33.2414,12.0612,16.5459,8.29986,15.6877,7.21971,10.3015,8.86091,17.704,2.95566,20.0076,12.8998,17.3335,23.652,18.9707,25.0316,9.51526,8.91056,11.5905,15.7505,9.97621,8.3757,13.0801,8.31521,27.4408,19.5241,3.37219,18.134,19.9441,13.885,17.404,0.716068,9.85725,16.1674,19.6284,8.98964,13.9119,11.2305,17.3654,15.1039,12.1896,8.45696,15.011,12.0657,15.9875,4.27965,27.5136,20.2711,3.36389,14.1224,21.3392,8.82361,28.5534,5.06212,7.94599,4.56324,0.620888,23.1891,18.3001,1.56095,3.62828,26.6038,17.1642,5.76879,34.9257,17.2631,1.89023,24.9379,10.5484,4.94594,7.79745,14.3484,8.78825,9.95124,19.4686,11.2539,15.8701,14.3101,13.4178,13.5484,30.1899,8.59957,7.0768,12.3291,13.8802,13.6229,21.7457,3.60486,7.10342,12.9313,19.409,4.50517,3.28207,9.796,12.3421,23.0723,24.5891,4.09119,15.2562,0.716068,1.58943,0.620888,5.03512,7.53331,13.7084,11.8892,17.2921,31.6657,17.0324,6.51455,15.8823,12.0904,12.2761,11.8475,5.053,6.54599,17.8127,15.3859,6.96129,17.1513,17.1607,15.7989,7.61256,7.91533,29.0116,10.728,20.4053,24.0962,6.89199,2.6309,3.94874,4.69209,22.68,19.3838,7.76222,20.0205,11.578,16.2979,11.4566,12.7555,23.4825,2.99454,17.534,17.444,13.4893,8.06815,7.17772,6.76244,15.291,18.919,4.87891,23.5971,20.0853,23.7301,2.12038,8.55788,20.2181,1.18662,10.4494,17.7879,7.18838,8.92373,17.0984,32.9785,12.9206,11.2696,25.3925,6.93971,17.5101,28.0241,6.05596,0.620888,32.2101,17.6268,19.3769,0.620888,22.2514,21.0493,22.1502,4.35842,1.18662,7.73582,15.1348,15.9485,12.9327,17.2254,16.6379,15.9475,10.0564,31.2471,5.02765,15.6595,26.1038,
DUALS 42,2689.37,631137,618802,0,8.35517,7.41665,30.1019,13.2917,17.4595,13.4928,17.5344,33.2414,12.0612,16.5459,8.29986,15.6877,7.21971,15.1372,13.6966,17.704,2.95566,20.0076,12.8998,17.3335,23.652,18.9707,25.0316,9.51526,8.91056,16.4262,15.7505,9.97621,8.3757,13.0801,8.31521,27.4408,19.5241,3.37219,18.134,19.9441,13.885,17.404,0.716068,14.693,16.1674,19.6284,8.98964,13.9119,11.2305,17.3654,15.1039,17.0253,8.45696,15.011,12.0657,15.9875,4.27965,27.5136,20.2711,3.36389,14.1224,21.3392,13.6593,28.5534,5.06212,7.94599,4.56324,5.45661,23.1891,18.3001,1.56095,3.62828,26.6038,17.1642,5.76879,34.9257,17.2631,1.89023,24.9379,10.5484,4.94594,7.79745,14.3484,8.78825,9.95124,19.4686,11.2539,15.8701,14.3101,13.4178,13.5484,30.1899,13.4353,7.0768,12.3291,13.8802,13.6229,21.7457,3.60486,7.10342,12.9313,19.409,4.50517,3.28207,9.796,12.3421,23.0723,24.5891,8.92691,15.2562,0.716068,1.58943,0.620888,5.03512,7.53331,13.7084,11.8892,17.2921,31.6657,17.0324,6.51455,15.8823,12.0904,12.2761,11.8475,5.053,6.54599,17.8127,15.3859,6.96129,17.1513,17.1607,15.7989,7.61256,7.91533,29.0116,15.5637,20.4053,24.0962,6.89199,2.6309,0,4.69209,22.68,19.3838,7.76222,20.0205,11.578,16.2979,11.4566,12.7555,23.4825,2.99454,17.534,17.444,18.325,12.9039,7.17772,6.76244,15.291,18.919,4.87891,23.5971,20.0853,23.7301,0,8.55788,20.2181,1.18662,10.4494,17.7879,7.18838,13.7594,17.0984,32.9785,12.9206,11.2696,25.3925,6.93971,17.5101,28.0241,6.05596,0.620888,32.2101,17.6268,19.3769,0.620888,22.2514,21.0493,22.1502,4.35842,1.18662,7.73582,15.1348,15.9485,12.9327,17.2254,16.6379,15.9475,10.0564,31.2471,5.02765,15.6595,26.1038,
DUALS 42,2689.37,632734,609160,0,8.35517,7.41665,30.1019,13.2917,17.4595,13.4928,17.5344,33.2414,12.0612,16.5459,8.29986,15.6877,7.21971,11.1539,10.939,17.704,2.95566,20.0076,13.2062,17.3335,23.652,18.9707,25.0316,9.82167,9.21697,13.6686,15.7505,9.97621,8.6821,13.0801,8.62161,27.4408,19.5241,3.37219,18.134,19.9441,13.885,17.404,0.716068,11.9353,16.4738,19.9348,8.98964,13.9119,11.2305,17.3654,15.1039,15.4933,8.15055,15.011,12.0657,15.9875,4.27965,27.5136,20.2711,3.36389,14.1224,21.3392,10.9017,28.5534,5.36852,7.94599,4.56324,5.76301,23.1891,18.3001,1.56095,3.93468,26.6038,17.1642,5.76879,34.9257,17.2631,1.58382,24.9379,10.8548,5.25234,7.79745,14.6548,9.09465,9.95124,19.4686,11.2539,15.8701,14.6165,13.4178,13.8548,30.1899,10.3712,7.0768,12.3291,13.8802,13.6229,21.7457,3.60486,7.10342,12.9313,19.409,4.50517,3.58848,9.796,12.3421,23.0723,24.5891,5.86285,15.2562,0.716068,1.58943,0.927293,5.34152,7.53331,13.7084,11.8892,17.2921,31.6657,17.0324,6.20814,15.8823,12.0904,11.6633,11.8475,5.053,6.8524,17.8127,15.3859,6.96129,17.1513,17.1607,15.7989,7.61256,7.91533,29.0116,14.6445,20.4053,24.0962,6.89199,2.6309,0.306406,4.69209,22.68,19.3838,7.76222,20.0205,11.578,16.2979,11.763,12.7555,23.4825,2.99454,17.534,17.444,15.5674,11.3718,7.48413,6.76244,15.291,18.919,4.87891,23.5971,20.0853,23.7301,0.306406,8.55788,20.2181,1.18662,10.4494,17.7879,7.49479,11.3082,17.0984,32.9785,13.227,11.5761,25.3925,6.93971,17.5101,28.0241,6.05596,0.927293,32.2101,17.6268,19.3769,0.620888,22.2514,21.0493,22.1502,4.35842,1.18662,7.73582,15.1348,15.9485,13.2391,17.2254,16.6379,15.9475,10.0564,31.2471,4.72124,15.6595,26.1038,
DUALS 42,2689.37,632868,609278,0,8.35517,7.41665,30.1019,13.2917,17.4595,13.4928,17.5344,33.2414,12.0612,16.5459,8.29986,15.6877,7.21971,11.1539,8.99324,18.3526,2.95566,20.0076,13.2062,17.3335,23.652,19.6193,25.0316,9.82167,9.21697,11.7229,15.7505,9.97621,8.6821,13.0801,8.62161,27.4408,19.5241,3.37219,18.134,19.9441,13.885,18.0526,0.716068,9.98958,16.4738,19.9348,8.98964,13.9119,11.2305,17.3654,15.1039,14.1961,8.15055,15.011,12.0657,15.9875,4.27965,27.5136,20.2711,3.36389,14.1224,21.3392,8.95594,28.5534,5.36852,7.94599,4.56324,4.46585,23.1891,18.3001,1.56095,3.93468,25.9552,17.1642,5.76879,34.9257,17.2631,1.58382,24.9379,10.8548,5.25234,7.79745,14.6548,9.09465,9.95124,19.4686,11.2539,15.8701,14.6165,13.4178,13.8548,30.1899,8.42549,7.0768,12.3291,13.8802,13.6229,21.7457,3.60486,7.10342,12.9313,19.409,4.50517,2.9399,9.796,12.3421,22.4237,24.5891,3.91712,15.2562,0.716068,1.58943,0.278715,4.69295,8.18189,13.7084,11.8892,17.9407,31.6657,16.3838,6.20814,15.8823,12.0904,11.0147,11.8475,5.053,6.8524,17.1641,15.3859,6.96129,17.1513,17.1607,15.7989,7.61256,7.91533,29.0116,13.3473,20.4053,24.0962,6.89199,2.6309,0.954983,4.69209,23.3286,18.7352,8.4108,20.0205,11.578,16.2979,11.763,12.7555,23.4825,2.99454,18.1826,18.0926,13.6216,9.42611,7.48413,6.76244,15.291,18.919,4.87891,24.2456,20.0853,23.7301,0.954983,8.55788,20.2181,1.18662,10.4494,17.7879,7.49479,9.36247,17.0984,32.9785,13.227,11.5761,25.3925,6.93971,17.5101,28.0241,5.40738,0.278715,32.2101,17.6268,19.3769,0.620888,22.2514,21.0493,22.1502,5.007,1.18662,7.73582,15.1348,15.9485,13.2391,17.2254,16.6379,15.9475,10.0564,30.5985,4.72124,15.6595,25.4552,
DUALS 43,2689.37,632858,627506,0,8.35517,7.41665,30.1019,13.2917,17.4595,13.4928,17.5344,33.2414,12.0612,16.5459,8.29986,15.6877,7.21971,14.4127,12.252,18.3526,2.95566,20.0076,13.2062,17.3335,23.652,19.6193,25.0316,9.82167,9.21697,14.9816,15.7505,9.97621,8.6821,13.0801,8.62161,27.4408,19.5241,3.37219,18.134,19.9441,13.885,18.0526,0.716068,13.2483,16.4738,19.9348,8.98964,13.9119,11.2305,17.3654,15.1039,17.4549,8.15055,15.011,12.0657,15.9875,4.27965,27.5136,20.2711,3.36389,14.1224,21.3392,12.2147,28.5534,5.36852,7.94599,1.30448,1.20709,23.1891,18.3001,1.56095,3.93468,25.9552,17.1642,5.76879,34.9257,17.2631,1.58382,24.9379,10.8548,5.25234,7.79745,14.6548,9.09465,9.95124,19.4686,11.2539,15.8701,14.6165,13.4178,13.8548,30.1899,11.6843,7.0768,12.3291,13.8802,13.6229,21.7457,3.60486,7.10342,12.9313,19.409,4.50517,2.9399,9.796,12.3421,22.4237,24.5891,7.17588,15.2562,0.716068,1.58943,0,7.95171,8.18189,13.7084,11.8892,17.9407,31.6657,16.3838,6.20814,15.8823,12.0904,11.0147,11.8475,5.053,6.8524,17.1641,15.3859,6.96129,17.1513,17.1607,15.7989,7.61256,7.91533,29.0116,16.6061,20.4053,24.0962,6.89199,2.6309,4.21375,4.69209,23.3286,18.7352,5.15204,20.0205,11.578,16.2979,11.763,12.7555,23.4825,2.99454,18.1826,18.0926,16.8804,12.6849,7.48413,6.76244,15.291,18.919,4.87891,24.2456,20.0853,23.7301,4.21375,8.55788,20.2181,1.18662,10.4494,17.7879,7.49479,12.6212,17.0984,32.9785,13.227,11.5761,25.3925,6.93971,17.5101,28.0241,5.40738,3.53748,32.2101,17.6268,19.3769,0.620888,22.2514,21.0493,22.1502,5.007,1.18662,7.73582,15.1348,15.9485,13.2391,17.2254,16.6379,15.9475,10.0564,30.5985,4.72124,15.6595,25.4552,
DUALS 43,2689.37,633788,610200,0,8.35517,7.41665,30.1019,13.2917,17.4595,13.4928,17.5344,33.2414,12.0612,16.5459,8.29986,15.6877,7.21971,12.3833,10.2227,18.3526,2.95566,20.0076,13.2062,17.3335,23.652,19.6193,25.0316,10.329,8.70963,11.9376,16.2578,9.46887,8.6821,13.0801,8.11428,27.4408,19.5241,3.37219,18.134,19.9441,13.885,18.0526,0.716068,10.2043,15.9664,19.9348,8.98964,13.9119,11.2305,17.3654,15.1039,16.4402,8.15055,15.011,12.0657,15.9875,4.27965,27.5136,20.2711,3.36389,14.1224,21.3392,10.1854,28.5534,5.87586,7.94599,1.30448,1.71443,23.1891,18.3001,1.56095,4.44202,25.9552,17.1642,5.76879,34.9257,17.2631,1.58382,24.9379,11.3622,4.23767,7.79745,14.6548,8.58732,9.95124,19.4686,11.2539,15.8701,14.1092,13.4178,13.8548,30.1899,9.65492,7.0768,12.3291,13.8802,13.6229,21.7457,3.60486,6.59609,13.4387,19.409,4.50517,3.44723,9.796,12.8494,22.4237,24.5891,5.65387,15.2562,0.716068,1.58943,0.507335,6.93704,8.18189,13.7084,11.8892,17.9407,31.6657,16.3838,6.20814,15.8823,12.0904,11.0147,11.8475,5.053,6.8524,17.1641,15.3859,6.96129,17.1513,17.1607,15.7989,7.10523,7.91533,29.0116,15.0841,20.4053,24.0962,6.89199,2.6309,3.70641,4.69209,23.3286,18.7352,5.15204,20.0205,11.578,16.2979,12.2703,12.7555,23.4825,3.50187,18.1826,18.0926,13.8364,9.13352,7.99146,6.76244,15.291,18.919,4.87891,24.2456,20.0853,23.7301,3.70641,8.55788,20.2181,1.18662,10.4494,17.7879,7.49479,11.0992,17.0984,32.9785,12.7196,12.0834,25.3925,6.93971,17.5101,28.0241,5.40738,3.53748,32.2101,17.6268,19.3769,0.620888,22.2514,21.0493,22.1502,5.007,1.18662,7.73582,15.1348,15.9485,12.7318,17.2254,16.6379,15.9475,10.5637,30.5985,4.21391,15.6595,25.4552,
DUALS 43,2689.37,633786,631292,0,8.35517,7.41665,30.1019,13.2917,17.4595,13.4928,17.5344,33.2414,12.0612,16.5459,8.29986,15.6877,7.21971,6.46942,7.2657,18.3526,2.95566,20.0076,13.2062,17.3335,23.652,19.6193,25.0316,10.329,8.70963,8.98065,16.2578,9.46887,8.6821,13.0801,8.11428,27.4408,19.5241,3.37219,18.134,19.9441,13.885,18.0526,0.716068,7.24737,15.9664,19.9348,8.98964,13.9119,11.2305,17.3654,15.1039,13.4833,8.15055,15.011,12.0657,15.9875,4.27965,27.5136,20.2711,3.36389,14.1224,21.3392,7.22841,28.5534,5.87586,7.94599,1.30448,1.71443,23.1891,18.3001,1.56095,4.44202,25.9552,17.1642,5.76879,34.9257,17.2631,1.58382,24.9379,11.3622,4.23767,7.79745,14.6548,8.58732,9.95124,19.4686,11.2539,15.8701,14.1092,13.4178,13.8548,30.1899,6.69796,7.0768,12.3291,13.8802,13.6229,21.7457,3.60486,6.59609,13.4387,19.409,4.50517,3.44723,9.796,12.8494,22.4237,24.5891,2.69691,15.2562,0.716068,1.58943,0.507335,3.98008,8.18189,13.7084,11.8892,17.9407,31.6657,16.3838,6.20814,15.8823,12.0904,11.0147,11.8475,5.053,6.8524,17.1641,15.3859,6.96129,17.1513,17.1607,15.7989,7.10523,7.91533,29.0116,12.1271,20.4053,24.0962,6.89199,2.6309,0.749452,4.69209,23.3286,18.7352,5.15204,20.0205,11.578,16.2979,12.2703,12.7555,23.4825,3.50187,18.1826,18.0926,10.8794,12.0905,7.99146,6.76244,15.291,18.919,4.87891,24.2456,20.0853,23.7301,6.66337,8.55788,20.2181,1.18662,10.4494,17.7879,7.49479,8.14226,17.0984,32.9785,12.7196,12.0834,25.3925,6.93971,17.5101,28.0241,5.40738,0,32.2101,17.6268,19.3769,0.620888,22.2514,21.0493,22.1502,5.007,1.18662,7.73582,15.1348,15.9485,12.7318,17.2254,16.6379,15.9475,10.5637,30.5985,4.21391,15.6595,25.4552,
DUALS 44,2689.37,634118,631646,0,8.35517,7.41665,30.1019,13.2917,17.4595,13.4928,17.5344,33.2414,12.0612,16.5459,8.29986,15.6877,7.21971,9.89881,10.6951,18.3526,2.95566,20.0076,13.2062,17.3335,23.652,19.6193,25.0316,10.329,8.70963,12.41,16.2578,9.46887,8.6821,13.0801,8.11428,27.4408,19.5241,3.37219,18.134,19.9441,13.885,18.0526,0.716068,10.6768,15.9664,19.9348,8.98964,13.9119,11.2305,17.3654,15.1039,16.9126,4.72116,15.011,15.4951,15.9875,4.27965,27.5136,20.2711,3.36389,14.1224,21.3392,10.6578,28.5534,5.87586,7.94599,1.30448,1.71443,23.1891,18.3001,1.56095,4.44202,22.5258,17.1642,5.76879,34.9257,17.2631,1.58382,24.9379,11.3622,4.23767,7.79745,14.6548,8.58732,9.95124,19.4686,11.2539,15.8701,14.1092,13.4178,13.8548,30.1899,10.1273,7.0768,12.3291,13.8802,13.6229,21.7457,3.60486,6.59609,13.4387,19.409,4.50517,3.44723,9.796,12.8494,22.4237,24.5891,6.1263,15.2562,0.716068,1.58943,0.507335,3.98008,8.18189,13.7084,11.8892,17.9407,31.6657,16.3838,2.77875,15.8823,12.0904,11.0147,11.8475,5.053,6.8524,17.1641,15.3859,6.96129,17.1513,17.1607,15.7989,7.10523,7.91533,29.0116,15.5565,20.4053,24.0962,10.3214,2.6309,4.17884,4.69209,23.3286,18.7352,5.15204,20.0205,11.578,16.2979,12.2703,12.7555,23.4825,3.50187,18.1826,18.0926,14.3088,15.5199,7.99146,6.76244,15.291,18.919,4.87891,24.2456,20.0853,23.7301,0,8.55788,20.2181,1.18662,10.4494,17.7879,7.49479,11.5717,17.0984,32.9785,12.7196,12.0834,28.8219,6.93971,17.5101,28.0241,5.40738,3.42939,32.2101,17.6268,19.3769,0.620888,22.2514,21.0493,22.1502,5.007,1.18662,11.1652,15.1348,15.9485,12.7318,17.2254,16.6379,15.9475,10.5637,30.5985,4.21391,15.6595,22.0258,
DUALS 44,2689.37,634325,617163,0,8.35517,7.41665,30.1019,13.2917,17.4595,13.4928,18.2612,33.2414,12.0612,16.5459,8.29986,15.6877,7.21971,9.89881,9.24149,18.3526,2.95566,20.7344,13.2062,17.3335,23.652,19.6193,25.0316,10.329,8.70963,11.6832,16.2578,10.1957,8.6821,13.0801,8.11428,27.4408,19.5241,3.37219,18.134,19.9441,13.885,18.0526,0.716068,9.94996,15.9664,19.9348,8.98964,13.9119,11.2305,17.3654,15.8307,16.1858,5.44796,15.011,13.3147,15.9875,4.27965,28.2404,20.2711,3.36389,14.1224,21.3392,9.20419,28.5534,5.87586,7.94599,1.30448,1.71443,21.0087,19.0269,1.56095,4.44202,23.2526,17.891,5.76879,34.9257,17.2631,2.31062,24.9379,11.3622,4.23767,7.79745,14.6548,8.58732,9.95124,19.4686,11.2539,15.8701,14.1092,11.2374,13.8548,30.1899,8.67374,7.0768,13.0559,13.8802,13.6229,19.5653,3.60486,7.32289,13.4387,19.409,4.50517,3.44723,9.796,12.8494,22.4237,25.3159,4.6727,15.2562,0.716068,1.58943,0.507335,3.98008,8.18189,13.7084,11.8892,17.9407,29.4853,16.3838,3.50555,15.8823,12.0904,11.0147,11.8475,5.053,6.8524,17.8909,15.3859,6.96129,17.1513,17.1607,15.7989,7.83203,7.91533,29.7384,14.8297,20.4053,24.0962,8.14097,2.6309,3.45204,4.69209,23.3286,19.462,5.15204,20.0205,11.578,16.2979,12.2703,13.4823,23.4825,4.22867,18.1826,18.0926,14.3088,13.3395,7.99146,6.76244,15.291,18.919,4.87891,24.2456,20.8121,24.4569,0.726803,8.55788,20.2181,1.18662,10.4494,17.7879,7.49479,9.39125,17.0984,30.7981,12.7196,12.0834,26.6415,6.93971,17.5101,28.0241,5.40738,2.70259,32.2101,18.3536,19.3769,1.34769,22.2514,21.7761,22.1502,5.007,1.18662,8.98481,15.1348,15.9485,13.4586,17.2254,16.6379,15.9475,10.5637,31.3253,3.4871,15.6595,22.7526,
DUALS 44,2689.37,634591,617437,0,8.35517,7.41665,30.1019,13.2917,17.4595,14.1111,17.6428,32.623,12.0612,16.5459,8.91822,15.6877,7.21971,8.66208,9.85985,18.3526,2.95566,20.7344,13.2062,17.3335,23.652,19.6193,25.0316,10.329,8.70963,11.0649,16.2578,8.34058,8.6821,13.0801,8.11428,28.0592,19.5241,3.37219,18.134,19.9441,14.5033,18.0526,0.716068,9.3316,15.9664,19.9348,8.98964,13.2936,11.2305,17.3654,14.594,15.5675,5.44796,15.011,13.9331,15.9875,4.27965,27.622,20.8894,3.36389,14.1224,21.9576,9.82256,28.5534,5.87586,7.94599,1.30448,1.71443,21.627,17.7901,1.56095,4.44202,23.871,16.6543,5.76879,34.9257,17.2631,0.45553,24.9379,11.3622,4.23767,7.79745,14.6548,8.58732,10.5696,19.4686,11.2539,15.8701,14.1092,11.8558,13.8548,29.5715,8.67374,7.0768,11.8192,13.8802,13.6229,20.1837,3.60486,5.4678,12.8203,19.409,4.50517,3.44723,9.796,12.231,23.0421,25.3159,5.29106,15.2562,0.716068,1.58943,0.507335,3.98008,8.18189,13.7084,11.8892,17.9407,30.1037,16.3838,3.50555,15.8823,12.0904,11.0147,11.8475,5.67136,6.8524,18.5093,15.3859,6.96129,17.1513,17.1607,16.4173,5.97694,7.29697,29.12,14.2113,20.4053,24.7145,8.75934,3.24927,3.45204,5.31045,23.3286,20.0804,5.15204,20.0205,11.578,16.2979,11.652,12.2456,24.1009,2.37358,18.1826,18.0926,13.6904,12.7211,7.99146,6.76244,15.291,18.919,4.87891,24.2456,19.5754,23.8386,1.34517,8.55788,20.2181,1.18662,10.4494,17.7879,7.49479,10.0096,17.0984,31.4165,12.7196,12.0834,27.2598,6.93971,17.5101,28.0241,5.40738,2.08422,32.2101,17.7352,19.3769,1.34769,22.8698,21.1577,22.1502,5.007,1.18662,9.60317,15.1348,15.9485,13.4586,17.2254,16.6379,15.9475,9.94534,31.9437,4.10547,16.2779,23.371,
DUALS 45,2689.37,634570,628839,0,8.35517,7.41665,30.1019,13.2917,17.4595,14.1111,19.494,32.623,12.0612,16.5459,8.91822,15.6877,7.21971,10.5133,9.85985,18.3526,2.95566,22.5856,15.0574,17.3335,23.652,19.6193,25.0316,10.329,8.70963,11.0649,16.2578,10.1918,8.6821,14.9313,8.11428,28.0592,19.5241,3.37219,18.134,19.9441,14.5033,18.0526,0.716068,9.3316,15.9664,19.9348,8.98964,13.2936,11.2305,17.3654,16.4452,15.5675,7.29918,15.011,13.9331,15.9875,4.27965,29.4732,20.8894,3.36389,14.1224,21.9576,9.82256,28.5534,5.87586,7.94599,1.30448,1.71443,21.627,19.6413,1.56095,4.44202,23.871,18.5055,5.76879,34.9257,17.2631,2.30675,24.9379,11.3622,4.23767,7.79745,14.6548,8.58732,10.5696,19.4686,11.2539,15.8701,14.1092,11.8558,13.8548,29.5715,8.67374,7.0768,13.6704,13.8802,13.6229,20.1837,3.60486,7.31901,14.6715,19.409,4.50517,3.44723,9.796,12.231,23.0421,27.1671,5.29106,15.2562,0.716068,1.58943,0.507335,3.98008,8.18189,13.7084,11.8892,17.9407,30.1037,16.3838,5.35677,15.8823,12.0904,12.8659,11.8475,5.67136,6.8524,18.5093,15.3859,6.96129,17.1513,17.1607,16.4173,7.82816,7.29697,30.9713,14.2113,20.4053,24.7145,6.90812,3.24927,1.60082,5.31045,23.3286,20.0804,5.15204,20.0205,11.578,16.2979,11.652,14.0968,24.1009,4.2248,18.1826,18.0926,13.6904,12.7211,7.99146,6.76244,15.291,18.919,4.87891,24.2456,21.4266,25.6898,3.19638,8.55788,22.0693,1.18662,10.4494,17.7879,7.49479,10.0096,17.0984,31.4165,12.7196,12.0834,25.4086,6.93971,17.5101,28.0241,5.40738,0.233007,32.2101,19.5864,19.3769,1.34769,22.8698,23.0089,22.1502,5.007,1.18662,7.75195,15.1348,15.9485,15.3098,17.2254,16.6379,15.9475,11.7966,31.9437,4.10547,16.2779,23.371,
DUALS 45,2689.37,635470,618322,0,8.35517,7.41665,30.1019,13.2917,17.4595,14.4141,18.2822,32.017,12.0612,16.5459,9.2212,15.6877,7.21971,9.3014,10.1628,18.3526,2.95566,21.6767,14.1485,17.3335,23.652,19.6193,25.0316,10.329,8.70963,11.0649,16.2578,8.67693,8.6821,14.3254,8.11428,28.3621,19.5241,3.37219,18.134,19.9441,14.5033,18.0526,0.716068,9.3316,15.9664,19.9348,8.98964,13.5965,11.2305,17.3654,15.5363,15.2645,6.99621,15.011,14.236,15.9875,4.27965,28.2613,20.5865,3.36389,14.1224,21.9576,10.1255,28.5534,5.87586,7.94599,1.30448,1.71443,21.93,19.0354,1.56095,4.74499,23.871,17.5966,5.76879,34.9257,17.2631,0.791877,24.9379,11.6652,4.23767,7.79745,14.6548,8.58732,10.5696,19.4686,11.2539,15.8701,14.1092,12.1587,13.8548,29.8745,8.97672,7.0768,12.7615,13.8802,13.6229,20.4866,3.60486,5.80414,13.7626,19.712,4.50517,3.44723,9.796,12.534,23.0421,26.2582,5.59404,15.2562,0.716068,1.58943,0.507335,3.98008,8.18189,13.7084,11.8892,17.9407,30.4066,16.3838,4.75082,15.8823,12.0904,12.563,11.8475,5.97433,6.8524,18.5093,15.3859,6.96129,17.4543,17.1607,16.7202,6.31329,7.29697,29.7594,13.9084,20.4053,24.7145,7.21109,2.94629,1.9038,5.00748,23.3286,20.0804,5.15204,20.0205,11.275,16.2979,11.955,13.1879,24.1009,2.70993,18.1826,18.0926,13.3875,11.8122,7.99146,6.45947,15.291,19.222,4.87891,24.2456,20.5177,25.6898,2.89341,8.55788,21.7663,1.18662,10.4494,17.7879,7.49479,9.70664,17.0984,31.7195,12.7196,12.0834,25.7116,6.93971,17.5101,28.0241,5.40738,0.535981,32.2101,18.3745,19.3769,1.04472,22.8698,21.797,22.4532,5.007,1.18662,8.05493,15.1348,15.9485,14.4009,17.2254,16.6379,15.9475,10.8876,31.9437,4.10547,16.2779,23.371,
DUALS 45,2689.37,635455,629009,0,8.35517,7.41665,30.1019,13.2917,17.4595,14.4141,18.2822,32.017,12.0612,16.5459,9.2212,15.6877,7.21971,11.5201,10.1628,18.3526,2.95566,21.6767,14.1485,17.3335,23.652,19.6193,25.0316,10.329,8.70963,11.0649,16.2578,8.67693,8.6821,14.3254,8.11428,30.5808,19.5241,3.37219,18.134,19.9441,14.5033,18.0526,0.716068,9.3316,15.9664,19.9348,8.98964,13.5965,11.2305,17.3654,13.3176,15.2645,6.99621,15.011,16.4547,15.9875,4.27965,28.2613,20.5865,3.36389,14.1224,21.9576,10.1255,28.5534,5.87586,7.94599,1.30448,1.71443,24.1487,16.8167,1.56095,4.74499,23.871,15.3779,5.76879,34.9257,17.2631,0.791877,24.9379,11.6652,4.23767,7.79745,14.6548,8.58732,10.5696,19.4686,11.2539,15.8701,14.1092,14.3774,13.8548,29.8745,8.97672,7.0768,10.5428,13.8802,13.6229,22.7053,3.60486,5.80414,13.7626,19.712,4.50517,3.44723,9.796,12.534,23.0421,26.2582,5.59404,15.2562,0.716068,1.58943,0.507335,3.98008,8.18189,13.7084,11.8892,17.9407,32.6253,14.1651,4.75082,15.8823,12.0904,12.563,11.8475,5.97433,6.8524,18.5093,15.3859,6.96129,17.4543,17.1607,16.7202,6.31329,7.29697,29.7594,13.9084,20.4053,24.7145,9.42976,0.727627,4.12246,2.78881,23.3286,20.0804,5.15204,20.0205,11.275,16.2979,11.955,10.9692,24.1009,2.70993,18.1826,18.0926,13.3875,11.8122,7.99146,6.45947,15.291,19.222,4.87891,24.2456,18.299,25.6898,0.674747,8.55788,21.7663,1.18662,10.4494,17.7879,7.49479,9.70664,17.0984,33.9381,12.7196,12.0834,27.9303,6.93971,17.5101,28.0241,5.40738,2.75465,32.2101,18.3745,19.3769,0,22.8698,21.797,22.4532,5.007,1.18662,10.2736,15.1348,15.9485,14.4009,17.2254,16.6379,15.9475,10.8876,31.9437,4.10547,16.2779,23.371,
DUALS 46,2689.37,635590,618456,0,8.35517,7.81427,30.1019,13.2917,17.4595,14.4141,18.2822,32.017,12.0612,16.5459,9.2212,15.6877,7.61732,11.1225,9.76521,18.3526,2.95566,21.6767,13.7509,17.3335,23.652,19.6193,25.0316,10.329,8.70963,11.4625,16.2578,9.07455,8.6821,14.3254,8.11428,29.7856,19.5241,3.37219,18.134,19.9441,14.5033,18.0526,1.11368,9.72921,15.9664,19.9348,9.38725,13.5965,11.2305,17.3654,13.7153,15.6621,6.99621,15.011,14.4666,15.9875,4.27965,28.2613,20.5865,3.36389,14.1224,21.9576,9.72791,28.5534,5.87586,7.94599,1.30448,1.71443,22.1606,17.2144,1.95857,4.74499,24.2686,15.7755,5.76879,34.9257,17.2631,1.18949,24.9379,11.6652,4.23767,8.19506,14.6548,8.58732,10.5696,19.4686,11.2539,15.8701,14.1092,12.3893,13.8548,29.8745,8.5791,7.47441,10.9404,13.8802,13.6229,20.7172,3.60486,6.20176,13.365,19.712,4.50517,3.44723,9.796,12.534,23.0421,26.2582,5.19642,15.2562,1.11368,1.58943,0.507335,3.98008,8.18189,13.7084,11.8892,17.9407,30.6372,14.1651,4.75082,15.8823,12.0904,12.1653,11.8475,5.97433,6.8524,18.9069,15.3859,6.96129,17.4543,17.1607,16.7202,6.7109,7.29697,29.7594,14.306,20.4053,24.7145,7.44168,1.12524,3.72485,2.78881,23.3286,20.478,5.15204,20.0205,11.275,16.2979,11.955,11.3668,24.1009,3.10754,18.1826,18.0926,13.7851,12.2098,7.99146,6.85708,15.291,19.222,4.87891,24.2456,18.6967,25.6898,1.07236,8.55788,21.7663,1.18662,10.4494,17.7879,7.49479,9.70664,17.0984,31.9501,12.7196,12.0834,25.9422,7.33732,17.5101,28.0241,5.40738,2.35703,32.2101,18.3745,19.3769,0.397615,22.8698,21.797,22.4532,5.007,1.18662,8.28551,15.1348,15.9485,14.0033,17.2254,16.6379,15.9475,10.49,32.3413,4.10547,16.2779,23.7686,
DUALS 46,2689.37,635587,629265,0,8.35517,6.02957,30.1019,13.2917,17.4595,14.4141,18.2822,32.017,12.0612,16.5459,9.2212,15.6877,5.83262,12.9071,9.76521,18.3526,1.17096,21.6767,13.7509,17.3335,23.652,19.6193,25.0316,10.329,8.70963,11.4625,16.2578,9.07455,8.6821,14.3254,8.11428,29.7856,19.5241,3.37219,18.134,19.9441,14.5033,18.0526,0,9.72921,15.9664,19.9348,7.60255,13.5965,11.2305,17.3654,15.5,15.6621,6.99621,15.011,14.4666,15.9875,4.27965,28.2613,20.5865,3.36389,14.1224,21.9576,9.72791,28.5534,5.87586,7.94599,1.30448,1.71443,22.1606,18.999,0.173872,4.74499,24.2686,17.5602,5.76879,34.9257,17.2631,1.18949,24.9379,11.6652,4.23767,6.41037,14.6548,8.58732,10.5696,19.4686,11.2539,15.8701,14.1092,12.3893,13.8548,29.8745,8.5791,5.68971,12.7251,13.8802,13.6229,20.7172,3.60486,6.20176,13.365,19.712,4.50517,3.44723,9.796,12.534,23.0421,26.2582,5.19642,15.2562,0,3.37413,0.507335,3.98008,8.18189,13.7084,11.8892,17.9407,30.6372,14.1651,4.75082,15.8823,12.0904,12.1653,11.8475,5.97433,6.8524,18.9069,15.3859,6.96129,17.4543,17.1607,16.7202,6.7109,7.29697,29.7594,14.306,20.4053,24.7145,7.44168,2.90994,1.94015,2.78881,23.3286,20.478,5.15204,20.0205,11.275,16.2979,11.955,13.1515,24.1009,3.10754,18.1826,18.0926,13.7851,12.2098,7.99146,5.07239,15.291,19.222,4.87891,24.2456,20.4813,25.6898,2.85706,8.55788,23.551,2.97131,10.4494,17.7879,7.49479,9.70664,17.0984,31.9501,12.7196,12.0834,25.9422,5.55262,17.5101,28.0241,5.40738,0.572332,32.2101,18.3745,19.3769,0.397615,22.8698,21.797,22.4532,5.007,2.97131,8.28551,15.1348,15.9485,14.0033,17.2254,16.6379,15.9475,10.49,32.3413,4.10547,16.2779,23.7686,
DUALS 46,2689.37,635972,618831,0,8.35517,7.68789,30.1019,13.2917,17.4595,14.4141,18.2822,32.017,12.0612,16.5459,10.8795,17.346,7.49094,12.9071,9.76521,18.3526,2.82928,21.6767,13.7509,17.3335,23.652,19.6193,25.0316,10.329,8.70963,11.4625,16.2578,9.07455,8.6821,14.3254,8.11428,29.7856,19.5241,3.37219,18.134,19.9441,14.5033,18.0526,1.65832,9.72921,15.9664,19.9348,9.26087,13.5965,11.2305,17.3654,12.1833,15.6621,6.99621,15.011,14.4666,15.9875,4.27965,28.2613,20.5865,3.36389,14.1224,21.9576,9.72791,28.5534,5.87586,7.94599,1.30448,1.71443,22.1606,18.999,1.83219,4.74499,24.2686,15.9019,5.76879,34.9257,17.2631,1.18949,24.9379,11.6652,4.23767,8.06869,14.6548,8.58732,10.5696,19.4686,11.2539,15.8701,14.1092,12.3893,13.8548,29.8745,8.5791,7.34803,9.4085,13.8802,13.6229,20.7172,3.60486,6.20176,13.365,19.712,4.50517,3.44723,9.796,12.534,23.0421,26.2582,5.19642,15.2562,1.65832,1.71581,0.507335,3.98008,8.18189,13.7084,11.8892,17.9407,30.6372,15.8234,4.75082,15.8823,12.0904,12.1653,11.8475,5.97433,6.8524,18.9069,15.3859,6.96129,17.4543,17.1607,18.3786,6.7109,7.29697,29.7594,14.306,20.4053,24.7145,7.44168,1.25162,3.59847,2.78881,23.3286,20.478,5.15204,20.0205,11.275,16.2979,11.955,9.83488,24.1009,3.10754,18.1826,18.0926,13.7851,12.2098,7.99146,6.73071,15.291,19.222,4.87891,24.2456,17.1647,25.6898,1.19874,8.55788,20.2344,1.31299,10.4494,17.7879,7.49479,9.70664,17.0984,31.9501,12.7196,12.0834,25.9422,7.21094,17.5101,28.0241,5.40738,2.23065,32.2101,18.3745,19.3769,0.397615,22.8698,21.797,22.4532,5.007,1.31299,8.28551,15.1348,15.9485,14.0033,17.2254,16.6379,15.9475,10.49,32.3413,4.10547,16.2779,23.7686,
DUALS 47,2689.37,636201,619072,0,8.35517,6.09862,30.1019,13.2917,17.4595,12.8248,18.2822,32.017,12.0612,16.5459,7.70098,17.346,5.90167,12.9071,9.76521,18.3526,1.24001,21.6767,13.7509,17.3335,23.652,19.6193,25.0316,10.329,8.70963,11.4625,16.2578,9.07455,8.6821,14.3254,8.11428,29.7856,19.5241,3.37219,18.134,19.9441,14.5033,18.0526,0,9.72921,15.9664,19.9348,7.6716,13.5965,11.2305,17.3654,13.7726,15.6621,6.99621,15.011,14.4666,15.9875,4.27965,28.2613,20.5865,3.36389,14.1224,21.9576,9.72791,28.5534,5.87586,7.94599,1.30448,1.71443,22.1606,17.4098,0.242922,4.74499,24.2686,17.4912,5.76879,34.9257,17.2631,1.18949,24.9379,11.6652,4.23767,6.47942,14.6548,8.58732,10.5696,19.4686,11.2539,15.8701,14.1092,12.3893,13.8548,29.8745,8.5791,5.75876,10.9978,13.8802,13.6229,20.7172,3.60486,6.20176,13.365,19.712,4.50517,3.44723,9.796,12.534,23.0421,26.2582,5.19642,15.2562,0,3.30508,0.507335,3.98008,8.18189,13.7084,11.8892,17.9407,30.6372,17.4127,4.75082,15.8823,12.0904,12.1653,11.8475,4.38507,6.8524,18.9069,15.3859,6.96129,17.4543,17.1607,15.2,6.7109,7.29697,29.7594,14.306,20.4053,24.7145,7.44168,2.84089,2.0092,1.19954,23.3286,20.478,5.15204,20.0205,11.275,16.2979,11.955,11.4241,24.1009,3.10754,18.1826,18.0926,13.7851,12.2098,7.99146,5.14144,15.291,19.222,4.87891,24.2456,18.754,25.6898,2.78801,8.55788,20.2344,2.90226,10.4494,17.7879,7.49479,9.70664,17.0984,31.9501,12.7196,12.0834,25.9422,5.62167,17.5101,28.0241,5.40738,0.641382,32.2101,18.3745,19.3769,0.397615,22.8698,21.797,22.4532,5.007,2.90226,8.28551,15.1348,15.9485,14.0033,17.2254,16.6379,15.9475,10.49,32.3413,4.10547,16.2779,23.7686,
DUALS 47,2689.37,636201,621156,0,8.35517,8.17231,30.1019,13.2917,17.4595,14.8985,18.2822,32.017,12.0612,16.5459,9.77466,19.4197,7.97536,12.9071,9.76521,18.3526,3.3137,21.6767,13.7509,17.3335,23.652,19.6193,25.0316,10.329,8.70963,11.4625,16.2578,9.07455,8.6821,14.3254,8.11428,29.7856,19.5241,3.37219,18.134,19.9441,14.5033,18.0526,2.07369,9.72921,15.9664,19.9348,9.74529,13.5965,11.2305,17.3654,15.8463,15.6621,6.99621,15.011,14.4666,15.9875,4.27965,28.2613,20.5865,3.36389,14.1224,21.9576,9.72791,28.5534,5.87586,7.94599,1.30448,1.71443,22.1606,19.4835,2.31661,4.74499,24.2686,19.5649,5.76879,34.9257,19.3367,1.18949,24.9379,11.6652,4.23767,8.5531,14.6548,8.58732,10.5696,19.4686,11.2539,15.8701,14.1092,12.3893,13.8548,29.8745,8.5791,7.83245,13.0714,13.8802,13.6229,20.7172,3.60486,6.20176,13.365,19.712,4.50517,3.44723,9.796,12.534,23.0421,26.2582,5.19642,15.2562,2.07369,1.23139,0.507335,3.98008,8.18189,13.7084,13.9628,17.9407,30.6372,19.4864,4.75082,15.8823,12.0904,12.1653,11.8475,6.45875,6.8524,18.9069,15.3859,6.96129,17.4543,17.1607,17.2737,6.7109,7.29697,29.7594,14.306,20.4053,24.7145,7.44168,0.767205,4.08288,3.27323,23.3286,20.478,5.15204,20.0205,11.275,16.2979,11.955,13.4978,24.1009,3.10754,18.1826,18.0926,13.7851,12.2098,7.99146,7.21512,15.291,19.222,4.87891,24.2456,20.8277,25.6898,0.714325,8.55788,22.3081,0.828579,10.4494,17.7879,7.49479,9.70664,17.0984,31.9501,12.7196,12.0834,25.9422,7.69536,17.5101,28.0241,5.40738,2.71507,32.2101,18.3745,19.3769,0.397615,22.8698,21.797,22.4532,5.007,0.828579,8.28551,15.1348,15.9485,14.0033,17.2254,16.6379,15.9475,10.49,32.3413,4.10547,16.2779,23.7686,
DUALS 47,2689.37,636194,627244,0,8.35517,5.98452,30.1019,13.2917,17.4595,14.8985,18.2822,32.017,12.0612,16.5459,9.77466,19.4197,5.78757,12.9071,9.76521,18.3526,2.2198,21.6767,13.7509,17.3335,23.652,19.6193,25.0316,10.329,8.70963,11.4625,16.2578,9.07455,8.6821,14.3254,8.11428,29.7856,19.5241,3.37219,18.134,19.9441,14.5033,18.0526,0,9.72921,15.9664,19.9348,7.5575,13.5965,11.2305,17.3654,14.7524,15.6621,6.99621,15.011,14.4666,15.9875,4.27965,28.2613,20.5865,3.36389,14.1224,21.9576,9.72791,28.5534,5.87586,7.94599,1.30448,1.71443,22.1606,18.3896,0.128816,4.74499,24.2686,18.471,5.76879,34.9257,19.3367,1.18949,24.9379,11.6652,4.23767,6.36531,14.6548,8.58732,10.5696,19.4686,11.2539,15.8701,14.1092,12.3893,13.8548,29.8745,8.5791,5.64466,11.9776,13.8802,13.6229,20.7172,3.60486,6.20176,13.365,19.712,4.50517,3.44723,9.796,12.534,23.0421,26.2582,5.19642,15.2562,0,2.32529,0.507335,2.88618,8.18189,13.7084,13.9628,17.9407,30.6372,18.3925,4.75082,15.8823,12.0904,12.1653,11.8475,6.45875,6.8524,18.9069,15.3859,6.96129,17.4543,17.1607,17.2737,6.7109,7.29697,29.7594,14.306,20.4053,24.7145,7.44168,1.8611,2.98899,3.27323,23.3286,20.478,5.15204,20.0205,11.275,16.2979,11.955,12.4039,24.1009,3.10754,18.1826,18.0926,13.7851,12.2098,7.99146,6.12123,15.291,19.222,4.87891,24.2456,19.7338,25.6898,1.80822,8.55788,22.3081,1.92247,10.4494,17.7879,7.49479,9.70664,17.0984,31.9501,12.7196,12.0834,25.9422,5.50757,17.5101,28.0241,5.40738,0.527276,32.2101,18.3745,19.3769,0.397615,22.8698,21.797,22.4532,5.007,1.92247,8.28551,15.1348,15.9485,14.0033,17.2254,16.6379,15.9475,10.49,32.3413,4.10547,16.2779,23.7686,
DUALS 48,2689.37,636464,619341,0,8.35517,7.33177,30.1019,13.2917,17.4595,12.204,18.2822,32.017,12.0612,16.5459,7.08015,15.3779,7.13482,12.9071,9.76521,18.3526,3.56706,21.6767,13.7509,17.3335,23.652,19.6193,25.0316,10.329,8.70963,11.4625,16.2578,9.07455,8.6821,14.3254,8.11428,29.7856,19.5241,3.37219,18.134,19.9441,14.5033,18.0526,1.34725,9.72921,15.9664,19.9348,8.90475,13.5965,11.2305,17.3654,14.7524,15.6621,6.99621,15.011,14.4666,15.9875,4.27965,28.2613,20.5865,3.36389,14.1224,21.9576,9.72791,28.5534,5.87586,7.94599,1.30448,1.71443,22.1606,18.3896,1.47607,4.74499,24.2686,18.471,5.76879,34.9257,17.9895,1.18949,24.9379,11.6652,4.23767,7.71256,14.6548,8.58732,10.5696,19.4686,11.2539,15.8701,14.1092,12.3893,13.8548,29.8745,8.5791,6.99191,11.9776,13.8802,13.6229,20.7172,3.60486,6.20176,13.365,19.712,4.50517,3.44723,9.796,12.534,23.0421,26.2582,5.19642,15.2562,1.34725,0.978034,0.507335,2.88618,8.18189,13.7084,13.9628,17.9407,30.6372,17.0453,4.75082,15.8823,12.0904,12.1653,11.8475,2.41699,6.8524,18.9069,15.3859,6.96129,17.4543,17.1607,14.5792,6.7109,7.29697,29.7594,14.306,20.4053,24.7145,7.44168,1.8611,2.98899,0.57872,23.3286,20.478,5.15204,20.0205,11.275,16.2979,11.955,12.4039,24.1009,3.10754,18.1826,18.0926,13.7851,12.2098,7.99146,7.46848,15.291,19.222,4.87891,24.2456,19.7338,25.6898,1.80822,8.55788,22.3081,0.57522,10.4494,17.7879,7.49479,9.70664,17.0984,31.9501,12.7196,12.0834,25.9422,6.85482,17.5101,28.0241,5.40738,1.87453,32.2101,18.3745,19.3769,0.397615,22.8698,21.797,22.4532,5.007,0.57522,8.28551,15.1348,15.9485,14.0033,17.2254,16.6379,15.9475,10.49,32.3413,4.10547,16.2779,23.7686,
DUALS 48,2689.37,636872,619760,0,8.35517,5.80349,30.1019,13.2917,17.4595,13.7323,18.2822,32.017,12.0612,16.5459,8.60844,16.9062,5.60654,12.9071,9.76521,18.3526,2.03877,21.6767,13.7509,17.3335,23.652,19.6193,25.0316,10.329,8.70963,11.4625,16.2578,9.07455,8.6821,14.3254,8.11428,29.7856,19.5241,3.37219,18.134,19.9441,14.5033,18.0526,0,9.72921,15.9664,19.9348,7.37647,13.5965,11.2305,17.3654,14.7524,15.6621,6.99621,15.011,14.4666,15.9875,4.27965,28.2613,20.5865,3.36389,14.1224,21.9576,9.72791,28.5534,5.87586,7.94599,1.30448,0.186141,22.1606,18.3896,0,4.74499,22.7403,16.9427,5.76879,34.9257,17.9895,1.18949,24.9379,11.6652,4.23767,6.18428,14.6548,8.58732,10.5696,19.4686,11.2539,15.8701,14.1092,12.3893,13.8548,29.8745,8.5791,5.46363,11.9776,13.8802,13.6229,20.7172,3.60486,6.20176,13.365,19.712,4.50517,3.44723,9.796,12.534,23.0421,26.2582,5.19642,15.2562,0,2.50632,0,4.41447,8.18189,13.7084,13.9628,17.9407,30.6372,18.5735,4.75082,15.8823,12.0904,12.1653,11.8475,3.94527,6.8524,17.3786,15.3859,6.96129,17.4543,17.1607,16.1075,6.7109,7.29697,29.7594,14.306,20.4053,24.7145,7.44168,1.8611,2.98899,2.107,23.3286,18.9497,5.15204,20.0205,11.275,16.2979,11.955,12.4039,24.1009,3.10754,18.1826,18.0926,13.7851,12.2098,7.99146,5.94019,15.291,19.222,4.87891,24.2456,19.7338,25.6898,3.33651,8.55788,20.7798,2.1035,10.4494,17.7879,7.49479,9.70664,17.0984,31.9501,12.7196,12.0834,25.9422,5.32654,17.5101,28.0241,5.40738,0.346245,32.2101,18.3745,19.3769,0.397615,22.8698,21.797,22.4532,5.007,2.1035,8.28551,15.1348,15.9485,14.0033,17.2254,16.6379,15.9475,10.49,30.813,4.10547,16.2779,22.2403,
DUALS 48,2689.37,637307,620179,0,8.35517,7.70894,30.1019,13.2917,17.4595,13.7323,18.2822,32.017,12.0612,16.5459,8.60844,16.9062,7.512,12.9071,9.76521,18.3526,3.94423,21.6767,13.7509,17.3335,23.652,19.6193,25.0316,10.329,8.70963,11.4625,16.2578,9.07455,8.6821,14.3254,8.11428,29.7856,17.6187,1.46674,18.134,18.0387,14.5033,18.0526,1.90546,9.72921,15.9664,19.9348,9.28192,13.5965,11.2305,17.3654,14.7524,15.6621,6.99621,15.011,14.4666,15.9875,4.27965,28.2613,20.5865,3.36389,12.217,21.9576,9.72791,28.5534,5.87586,7.94599,1.30448,2.0916,22.1606,18.3896,1.90546,4.74499,24.6458,16.9427,5.76879,34.9257,17.9895,1.18949,24.9379,11.6652,4.23767,8.08974,14.6548,8.58732,10.5696,19.4686,9.34842,15.8701,14.1092,12.3893,13.8548,29.8745,8.5791,7.36909,11.9776,13.8802,13.6229,20.7172,1.6994,6.20176,13.365,19.712,4.50517,3.44723,9.796,12.534,24.9475,26.2582,5.19642,13.3507,1.90546,0.60086,1.90546,4.41447,8.18189,13.7084,13.9628,17.9407,30.6372,18.5735,4.75082,15.8823,12.0904,12.1653,11.8475,3.94527,6.8524,19.284,15.3859,6.96129,17.4543,17.1607,16.1075,6.7109,7.29697,29.7594,14.306,20.4053,24.7145,7.44168,1.8611,2.98899,2.107,23.3286,20.8552,5.15204,18.1151,11.275,16.2979,11.955,12.4039,26.0063,3.10754,18.1826,18.0926,13.7851,12.2098,7.99146,7.84565,15.291,19.222,2.97345,24.2456,19.7338,25.6898,3.33651,8.55788,20.7798,0.198047,10.4494,15.8824,7.49479,9.70664,17.0984,31.9501,12.7196,12.0834,25.9422,7.232,15.6046,28.0241,5.40738,0.346245,32.2101,18.3745,19.3769,0.397615,22.8698,21.797,22.4532,5.007,0.198047,8.28551,15.1348,15.9485,14.0033,17.2254,16.6379,15.9475,10.49,32.7185,4.10547,16.2779,24.1458,
DUALS 49,2689.37,637423,620314,0,8.35517,6.06942,30.1019,13.2917,19.099,13.7323,18.2822,32.017,12.0612,18.1854,8.60844,16.9062,5.87247,12.9071,9.76521,18.3526,3.94423,21.6767,13.7509,17.3335,23.652,19.6193,25.0316,10.329,8.70963,11.4625,16.2578,9.07455,8.6821,14.3254,8.11428,29.7856,19.2582,3.10626,18.134,19.6782,14.5033,18.0526,0,9.72921,15.9664,19.9348,7.6424,13.5965,11.2305,19.0049,14.7524,15.6621,6.99621,15.011,14.4666,15.9875,4.27965,28.2613,20.5865,3.36389,13.8565,21.9576,9.72791,28.5534,5.87586,7.94599,1.30448,2.0916,22.1606,18.3896,0.265935,4.74499,23.0062,16.9427,5.76879,34.9257,17.9895,1.18949,24.9379,11.6652,4.23767,6.45021,14.6548,8.58732,10.5696,19.4686,10.9879,15.8701,14.1092,12.3893,13.8548,29.8745,8.5791,5.72956,11.9776,13.8802,13.6229,20.7172,3.33892,6.20176,13.365,19.712,4.50517,3.44723,9.796,12.534,23.308,26.2582,5.19642,14.9902,0,2.24038,1.90546,4.41447,8.18189,13.7084,13.9628,17.9407,30.6372,18.5735,4.75082,17.5219,12.0904,12.1653,13.487,3.94527,6.8524,17.6445,15.3859,6.96129,17.4543,18.8002,16.1075,6.7109,7.29697,29.7594,14.306,20.4053,24.7145,7.44168,1.8611,2.98899,2.107,23.3286,19.2156,5.15204,19.7546,11.275,16.2979,11.955,12.4039,24.3668,3.10754,18.1826,18.0926,13.7851,12.2098,7.99146,6.20613,15.291,19.222,4.61297,24.2456,19.7338,25.6898,0.0574593,8.55788,20.7798,1.83757,10.4494,17.522,7.49479,9.70664,17.0984,31.9501,12.7196,12.0834,25.9422,5.59247,17.2442,28.0241,3.76786,1.98577,32.2101,18.3745,19.3769,0.397615,22.8698,21.797,22.4532,5.007,1.83757,8.28551,16.7743,15.9485,14.0033,18.8649,16.6379,15.9475,10.49,31.079,4.10547,16.2779,22.5062,
DUALS 49,2689.37,637490,620380,0,8.35517,6.98702,30.1019,13.2917,17.2638,13.7323,18.2822,32.017,12.0612,16.3502,8.60844,16.9062,6.79007,12.9071,9.76521,18.3526,4.86183,21.6767,13.7509,17.3335,23.652,19.6193,25.0316,9.41141,8.70963,11.4625,16.2578,9.07455,8.6821,14.3254,8.11428,29.7856,19.2582,1.27107,18.134,19.6782,14.5033,18.0526,0.917595,9.72921,15.9664,19.9348,8.56,13.5965,11.2305,17.1697,14.7524,15.6621,6.99621,15.011,14.4666,15.9875,4.27965,28.2613,20.5865,3.36389,13.8565,21.9576,9.72791,28.5534,4.95826,7.94599,1.30448,1.174,22.1606,18.3896,1.18353,4.74499,23.9238,16.9427,5.76879,34.9257,17.9895,1.18949,24.9379,11.6652,4.23767,7.36781,14.6548,8.58732,10.5696,19.4686,10.9879,15.8701,14.1092,12.3893,13.8548,29.8745,8.5791,6.64716,11.9776,13.8802,13.6229,20.7172,1.50373,6.20176,13.365,19.712,4.50517,3.44723,9.796,12.534,24.2256,26.2582,5.19642,13.155,0.917595,1.32279,0.987863,5.33206,8.18189,13.7084,13.9628,17.9407,30.6372,18.5735,4.75082,16.6043,12.0904,12.1653,13.487,3.94527,6.8524,18.5621,15.3859,6.96129,17.4543,16.965,16.1075,6.7109,7.29697,29.7594,14.306,20.4053,24.7145,7.44168,1.8611,2.98899,2.107,23.3286,20.1332,5.15204,19.7546,11.275,16.2979,11.955,12.4039,25.2844,3.10754,18.1826,18.0926,13.7851,12.2098,8.90906,7.12373,15.291,19.222,2.77778,24.2456,19.7338,25.6898,0.975055,8.55788,20.7798,0.919975,10.4494,15.6868,7.49479,9.70664,17.0984,31.9501,12.7196,12.0834,25.9422,6.51007,17.2442,28.0241,4.68545,1.06817,32.2101,18.3745,19.3769,0.397615,22.8698,21.797,22.4532,5.007,0.919975,8.28551,16.7743,15.9485,14.0033,17.0297,16.6379,15.9475,10.49,31.9966,4.10547,16.2779,23.4238,
DUALS 50,2689.37,637723,620668,0,8.35517,6.98702,30.1019,13.2917,19.6591,13.7323,18.2822,32.017,12.0612,18.7455,8.60844,16.9062,6.79007,12.9071,9.76521,18.3526,0.0712993,21.6767,13.7509,14.9382,23.652,19.6193,25.0316,9.41141,8.70963,11.4625,16.2578,9.07455,8.6821,14.3254,8.11428,29.7856,19.2582,3.66633,18.134,19.6782,14.5033,18.0526,0,9.72921,15.9664,19.9348,8.56,13.5965,11.2305,19.565,14.7524,15.6621,6.99621,15.011,14.4666,15.9875,4.27965,28.2613,20.5865,3.36389,13.8565,21.9576,9.72791,28.5534,4.95826,7.94599,1.30448,3.56927,22.1606,18.3896,3.57879,4.74499,23.9238,16.9427,5.76879,34.9257,17.9895,1.18949,24.9379,11.6652,4.23767,7.36781,14.6548,8.58732,10.5696,19.4686,10.9879,15.8701,14.1092,12.3893,13.8548,29.8745,8.5791,6.64716,11.9776,13.8802,13.6229,20.7172,3.899,6.20176,13.365,19.712,4.50517,3.44723,9.796,12.534,24.2256,26.2582,5.19642,15.5503,0,3.71805,0.987863,2.9368,8.18189,13.7084,13.9628,17.9407,30.6372,18.5735,4.75082,16.6043,12.0904,12.1653,13.487,3.94527,6.8524,18.5621,15.3859,6.96129,17.4543,19.3603,16.1075,6.7109,7.29697,29.7594,14.306,20.4053,24.7145,7.44168,1.8611,2.98899,2.107,23.3286,20.1332,5.15204,19.7546,11.275,16.2979,11.955,12.4039,25.2844,3.10754,18.1826,18.0926,13.7851,12.2098,6.51379,7.12373,15.291,19.222,5.17304,24.2456,19.7338,25.6898,3.37032,8.55788,20.7798,3.31524,10.4494,18.082,7.49479,9.70664,17.0984,31.9501,12.7196,12.0834,25.9422,6.51007,17.2442,28.0241,7.08071,1.06817,32.2101,18.3745,19.3769,0.397615,22.8698,21.797,22.4532,5.007,3.31524,8.28551,19.1696,15.9485,14.0033,19.425,16.6379,15.9475,10.49,31.9966,4.10547,16.2779,23.4238,
DUALS 50,2689.37,637950,620881,0,8.35517,7.55342,30.1019,13.2917,17.9599,13.7323,18.2822,32.017,12.0612,16.4799,8.60844,16.9062,7.35647,12.9071,9.76521,18.3526,0.637703,21.6767,13.7509,14.9382,23.652,19.6193,25.0316,9.41141,8.70963,11.4625,16.2578,9.07455,8.6821,14.3254,8.11428,29.7856,18.1254,2.53352,18.134,19.1118,14.5033,18.0526,0.566403,9.72921,15.9664,19.9348,9.1264,13.5965,11.2305,17.2994,14.7524,15.6621,6.99621,15.011,14.4666,15.9875,4.27965,28.2613,20.5865,3.36389,13.8565,21.9576,9.72791,28.5534,4.95826,7.94599,1.30448,3.00286,22.1606,18.3896,4.1452,4.74499,23.9238,16.9427,5.76879,34.9257,17.9895,1.18949,24.9379,11.6652,4.23767,7.93421,14.6548,8.58732,10.5696,19.4686,10.9879,15.8701,14.1092,12.3893,13.8548,29.8745,8.5791,7.21356,11.9776,13.8802,13.6229,20.7172,2.76619,6.20176,13.365,19.712,4.50517,3.44723,9.796,12.534,24.2256,26.2582,5.19642,13.8511,0.566403,2.58524,0.421459,3.5032,8.18189,13.7084,13.9628,17.9407,30.6372,18.5735,4.75082,16.0379,12.0904,12.1653,12.3542,3.94527,6.8524,18.5621,15.3859,6.96129,17.4543,17.0947,16.1075,6.7109,7.29697,29.7594,14.306,20.4053,24.7145,7.44168,1.8611,2.98899,2.107,23.3286,20.1332,5.15204,19.7546,11.275,16.2979,11.955,12.4039,25.2844,3.10754,18.1826,18.0926,13.7851,12.2098,6.51379,7.12373,15.291,19.222,4.04024,24.2456,19.7338,25.6898,3.37032,8.55788,20.7798,1.61603,10.4494,16.9492,7.49479,9.70664,17.0984,31.9501,12.7196,12.0834,25.9422,7.07647,17.2442,28.0241,7.08071,0.50177,32.2101,18.3745,19.3769,0.397615,22.8698,21.797,22.4532,5.007,1.61603,8.28551,18.6032,15.9485,14.0033,17.1594,16.6379,15.9475,10.49,31.9966,4.10547,16.2779,23.4238,
DUALS 50,2689.37,637926,633306,0,8.35517,4.74787,30.1019,13.2917,17.9599,13.7323,18.2822,32.017,12.0612,16.4799,8.60844,16.9062,4.55092,12.9071,9.76521,18.3526,3.44325,21.6767,13.7509,14.9382,23.652,19.6193,25.0316,9.41141,8.70963,11.4625,16.2578,9.07455,8.6821,14.3254,8.11428,29.7856,20.9309,2.53352,18.134,21.9173,14.5033,18.0526,0,9.72921,15.9664,19.9348,6.32085,13.5965,11.2305,17.2994,14.7524,15.6621,6.99621,15.011,14.4666,15.9875,4.27965,28.2613,20.5865,3.36389,16.6621,21.9576,9.72791,28.5534,4.95826,7.94599,1.30448,3.00286,22.1606,18.3896,1.33965,4.74499,23.9238,16.9427,5.76879,34.9257,17.9895,1.18949,24.9379,11.6652,4.23767,5.12867,14.6548,8.58732,10.5696,19.4686,13.7935,15.8701,14.1092,12.3893,13.8548,29.8745,8.5791,4.40801,11.9776,13.8802,13.6229,20.7172,2.76619,6.20176,13.365,19.712,4.50517,3.44723,9.796,12.534,24.2256,26.2582,5.19642,13.8511,0,2.58524,0.421459,3.5032,8.18189,13.7084,13.9628,17.9407,30.6372,18.5735,4.75082,18.8434,12.0904,12.1653,15.1598,3.94527,6.8524,18.5621,15.3859,6.96129,17.4543,17.0947,16.1075,6.7109,7.29697,29.7594,14.306,20.4053,24.7145,7.44168,1.8611,2.98899,2.107,23.3286,20.1332,5.15204,22.5602,11.275,16.2979,11.955,12.4039,25.2844,3.10754,18.1826,18.0926,13.7851,12.2098,6.51379,4.31818,15.291,19.222,4.04024,24.2456,19.7338,25.6898,0.56477,8.55788,20.7798,1.61603,10.4494,16.9492,7.49479,9.70664,17.0984,31.9501,12.7196,12.0834,25.9422,4.27092,20.0497,28.0241,7.08071,3.30732,32.2101,18.3745,19.3769,0.397615,22.8698,21.797,22.4532,5.007,1.61603,8.28551,18.6032,15.9485,14.0033,17.1594,16.6379,15.9475,10.49,31.9966,4.10547,16.2779,23.4238,
DUALS 51,2689.37,638804,621716,0,8.9581,5.3508,30.1019,13.8946,18.5628,13.7323,18.2822,32.017,12.6641,17.0828,8.60844,16.9062,5.15385,12.9071,9.76521,18.3526,2.23739,21.6767,13.7509,14.9382,23.652,19.6193,25.0316,9.41141,8.70963,11.4625,16.2578,9.07455,8.6821,14.3254,8.11428,29.7856,17.9163,3.13645,18.7369,18.9027,14.5033,18.0526,0.602931,9.72921,15.9664,19.9348,6.92378,13.5965,11.2305,17.2994,14.7524,15.6621,6.99621,15.011,14.4666,15.9875,4.88258,28.2613,20.5865,3.36389,16.0591,21.9576,9.72791,28.5534,4.95826,7.94599,1.30448,2.39993,22.1606,18.3896,1.94258,4.74499,23.9238,16.9427,6.37172,34.3228,17.9895,1.18949,24.9379,11.6652,4.23767,5.7316,14.6548,8.58732,10.5696,19.4686,11.3818,16.473,14.1092,12.3893,13.8548,29.8745,8.5791,5.01094,11.9776,13.8802,13.6229,20.7172,3.36912,6.20176,13.365,19.712,5.1081,3.44723,9.796,12.534,24.2256,26.2582,5.19642,14.454,0.602931,2.58524,0,3.5032,8.18189,13.7084,13.9628,17.9407,30.6372,18.5735,4.75082,16.4317,12.6934,12.1653,12.1451,3.94527,6.8524,18.5621,15.9888,7.56422,17.4543,17.6976,16.1075,6.7109,7.29697,29.7594,14.306,20.4053,24.7145,7.44168,1.8611,2.98899,2.107,23.3286,20.1332,5.15204,20.1484,11.8779,16.2979,11.955,12.4039,25.2844,3.10754,18.1826,18.0926,13.7851,12.2098,6.51379,4.92111,15.291,19.222,4.64317,24.2456,19.7338,25.6898,1.1677,8.55788,20.7798,1.0131,11.0523,17.5522,7.49479,9.70664,17.0984,31.9501,12.7196,12.0834,25.9422,4.87385,17.0351,28.0241,7.08071,2.10146,32.2101,18.3745,19.3769,0.397615,22.8698,21.797,22.4532,5.007,1.61603,8.28551,18.6032,16.5515,14.0033,17.1594,16.6379,15.9475,10.49,31.9966,4.10547,16.2779,23.4238,
DUALS 51,2689.37,638792,630057,0,8.9581,7.16954,30.1019,12.0759,18.5628,13.7323,18.2822,32.017,12.6641,17.0828,8.60844,16.9062,6.97259,12.9071,9.76521,18.3526,4.05613,21.6767,13.7509,14.9382,23.652,19.6193,25.0316,9.41141,8.70963,11.4625,16.2578,9.07455,8.6821,14.3254,8.11428,29.7856,19.735,3.13645,18.7369,20.7214,14.5033,18.0526,2.42167,9.72921,15.9664,19.9348,8.74252,13.5965,11.2305,17.2994,14.7524,15.6621,6.99621,15.011,14.4666,15.9875,4.88258,28.2613,20.5865,3.36389,16.0591,21.9576,9.72791,26.7347,4.95826,7.94599,1.30448,2.39993,22.1606,18.3896,3.76132,4.74499,23.9238,16.9427,6.37172,32.5041,17.9895,1.18949,24.9379,11.6652,4.23767,7.55033,14.6548,8.58732,10.5696,19.4686,13.2005,14.6543,14.1092,12.3893,13.8548,29.8745,8.5791,6.82968,11.9776,13.8802,13.6229,20.7172,3.36912,6.20176,13.365,19.712,5.1081,3.44723,9.796,12.534,24.2256,26.2582,5.19642,14.454,2.42167,0.766507,1.81874,3.5032,8.18189,13.7084,15.7816,17.9407,30.6372,18.5735,4.75082,18.2504,12.6934,12.1653,13.9638,3.94527,6.8524,18.5621,14.1701,7.56422,17.4543,17.6976,16.1075,6.7109,7.29697,29.7594,14.306,20.4053,24.7145,7.44168,1.8611,2.98899,2.107,23.3286,20.1332,5.15204,21.9672,11.8779,16.2979,11.955,12.4039,25.2844,3.10754,18.1826,18.0926,13.7851,12.2098,6.51379,6.73985,15.291,19.222,4.64317,24.2456,19.7338,25.6898,2.98644,8.55788,20.7798,0,11.0523,17.5522,7.49479,9.70664,17.0984,31.9501,12.7196,12.0834,25.9422,6.69259,18.8538,28.0241,7.08071,0.282718,30.3914,18.3745,19.3769,0.397615,22.8698,21.797,22.4532,5.007,0,8.28551,18.6032,14.7327,14.0033,17.1594,16.6379,15.9475,10.49,31.9966,4.10547,16.2779,23.4238,
DUALS 51,2689.37,639074,622011,0,8.9581,6.72759,30.1019,12.5178,18.5628,13.7323,18.2822,32.017,12.6641,17.0828,8.60844,16.9062,6.97259,12.9071,9.76521,18.3526,1.40442,21.6767,13.7509,14.9382,23.652,19.6193,25.0316,9.41141,8.70963,11.4625,16.2578,9.07455,8.6821,14.3254,8.11428,29.7856,17.9672,3.57841,18.7369,18.9536,14.5033,18.0526,1.53777,9.72921,15.9664,19.9348,8.74252,13.5965,11.2305,17.7413,14.7524,15.6621,6.99621,15.011,14.4666,15.9875,4.88258,28.2613,20.5865,3.36389,15.6172,21.9576,9.72791,27.1766,4.95826,7.94599,1.30448,2.39993,22.1606,18.3896,3.31937,4.74499,23.9238,16.9427,6.37172,32.946,17.9895,1.18949,24.9379,11.6652,4.23767,7.55033,14.6548,8.58732,10.5696,19.9105,11.4327,15.0963,14.1092,12.3893,13.8548,29.8745,8.5791,6.38773,11.9776,13.8802,13.6229,20.7172,3.81107,6.20176,13.365,19.712,5.1081,3.44723,9.796,12.534,24.2256,26.2582,5.19642,14.896,0.653867,1.20846,1.81874,3.5032,8.18189,13.7084,15.7816,17.9407,30.6372,18.5735,4.75082,16.9246,12.6934,12.1653,12.196,4.38722,6.8524,18.5621,14.612,7.56422,17.4543,18.1396,16.1075,6.7109,7.29697,29.7594,14.306,20.4053,24.7145,7.44168,1.8611,2.98899,2.54895,23.3286,20.1332,5.15204,20.1994,11.436,16.2979,11.955,12.4039,25.2844,3.10754,18.1826,18.0926,13.7851,12.2098,6.51379,6.73985,15.291,19.222,5.08512,24.2456,19.7338,25.6898,2.54449,8.55788,20.7798,0.44195,11.0523,17.9941,7.49479,9.70664,17.0984,31.9501,12.7196,12.0834,25.9422,6.69259,17.086,28.0241,7.08071,0.724668,30.8333,18.3745,19.3769,0.397615,22.8698,21.797,22.4532,5.007,0.44195,8.28551,18.6032,15.1747,14.0033,17.6013,16.6379,15.9475,10.49,31.9966,4.10547,16.2779,23.4238,
DUALS 52,2689.37,639063,627921,0,8.9581,6.72759,30.1019,15.9073,18.5628,13.7323,18.2822,32.017,12.6641,17.0828,8.60844,16.9062,6.97259,12.9071,9.76521,18.3526,4.7939,21.6767,13.7509,14.9382,23.652,19.6193,25.0316,9.41141,8.70963,11.4625,16.2578,9.07455,8.6821,14.3254,8.11428,29.7856,17.9672,3.57841,18.7369,18.9536,14.5033,18.0526,0,9.72921,15.9664,19.9348,8.74252,13.5965,11.2305,17.7413,14.7524,15.6621,6.99621,15.011,14.4666,15.9875,4.88258,28.2613,20.5865,3.36389,15.6172,21.9576,9.72791,30.5661,4.95826,7.94599,1.30448,0,22.1606,18.3896,0,4.74499,23.9238,16.9427,6.37172,36.3355,17.9895,1.18949,24.9379,11.6652,4.23767,7.55033,14.6548,8.58732,10.5696,23.3,11.4327,18.4857,14.1092,12.3893,13.8548,29.8745,8.5791,6.38773,11.9776,13.8802,13.6229,20.7172,3.81107,6.20176,13.365,19.712,5.1081,3.44723,9.796,12.534,24.2256,26.2582,5.19642,14.896,0.653867,4.59793,0,6.89268,8.18189,13.7084,15.7816,17.9407,30.6372,18.5735,4.75082,16.9246,12.6934,12.1653,12.196,4.38722,6.8524,18.5621,18.0015,7.56422,17.4543,18.1396,16.1075,6.7109,7.29697,29.7594,14.306,20.4053,24.7145,7.44168,1.8611,2.98899,2.54895,23.3286,20.1332,5.15204,20.1994,11.436,16.2979,11.955,12.4039,25.2844,3.10754,18.1826,18.0926,13.7851,12.2098,6.51379,6.73985,15.291,19.222,5.08512,24.2456,19.7338,25.6898,2.54449,8.55788,20.7798,3.83142,11.0523,17.9941,7.49479,9.70664,17.0984,31.9501,12.7196,12.0834,25.9422,6.69259,17.086,28.0241,7.08071,0,34.2228,18.3745,19.3769,0.397615,22.8698,21.797,22.4532,5.007,3.83142,8.28551,18.6032,18.5642,14.0033,17.6013,16.6379,15.9475,10.49,31.9966,4.10547,16.2779,23.4238,
DUALS 52,2689.37,639900,622822,0,8.9581,7.2032,30.1019,13.5293,19.0384,13.7323,18.2822,32.017,12.6641,17.5584,8.60844,16.9062,7.4482,12.9071,9.76521,18.3526,5.26951,21.6767,13.7509,14.9382,23.652,19.6193,25.0316,9.41141,8.70963,11.4625,16.2578,9.07455,8.6821,14.3254,8.11428,29.7856,18.4428,4.05402,18.7369,19.4292,14.5033,18.0526,0.475611,9.72921,15.9664,19.9348,9.21813,13.5965,11.2305,18.2169,14.7524,15.6621,6.99621,15.011,14.4666,15.9875,4.88258,28.2613,20.5865,3.36389,15.6172,21.9576,9.72791,29.6149,4.95826,7.94599,1.30448,0.475611,22.1606,18.3896,0.475611,4.74499,23.9238,16.9427,6.37172,33.9574,17.9895,1.18949,24.9379,11.6652,4.23767,8.02594,14.6548,8.58732,10.5696,21.8732,11.9083,16.1077,14.1092,12.3893,13.8548,29.8745,8.5791,6.86334,11.9776,13.8802,13.6229,20.7172,4.28668,6.20176,13.365,19.712,5.1081,3.44723,9.32039,12.534,24.2256,26.2582,5.19642,15.3716,1.12948,2.21988,0.475611,6.41707,8.18189,13.7084,15.7816,17.9407,30.6372,18.5735,4.75082,16.9246,12.6934,12.1653,11.7204,4.38722,6.8524,18.5621,15.6235,7.56422,17.4543,18.6152,16.1075,6.7109,7.29697,29.7594,14.306,20.4053,24.7145,7.44168,1.8611,2.98899,2.54895,23.3286,20.1332,5.15204,20.675,11.436,16.2979,11.955,12.4039,25.2844,3.10754,18.1826,18.0926,13.7851,12.2098,6.51379,7.21546,15.291,19.222,5.56073,24.2456,19.7338,25.6898,2.54449,8.55788,20.7798,1.92898,11.0523,18.4697,7.49479,9.70664,17.0984,31.9501,12.7196,12.0834,25.9422,7.1682,17.5616,28.0241,7.08071,0.475611,31.8447,18.3745,19.3769,0.397615,22.8698,21.797,22.4532,5.007,1.45337,8.28551,18.6032,16.1861,14.0033,18.0769,16.6379,15.9475,10.49,31.9966,4.10547,16.2779,23.4238,
DUALS 52,2689.37,639900,634494,0,8.9581,7.2032,30.1019,13.5293,16.9716,13.7323,18.2822,32.017,12.6641,15.4916,8.60844,16.9062,7.4482,12.9071,9.76521,18.3526,3.20271,21.6767,13.7509,14.9382,23.652,19.6193,25.0316,9.41141,8.70963,11.4625,16.2578,9.07455,8.6821,14.3254,8.11428,29.7856,18.4428,1.98722,18.7369,19.4292,14.5033,18.0526,0,9.72921,15.9664,19.9348,9.21813,13.5965,11.2305,16.1501,14.7524,15.6621,6.99621,15.011,14.4666,15.9875,4.88258,28.2613,20.5865,3.36389,15.6172,21.9576,9.72791,29.6149,4.95826,7.94599,1.30448,1.50901,22.1606,18.3896,1.50901,4.74499,23.9238,16.9427,6.37172,33.9574,17.9895,1.18949,24.9379,11.6652,4.23767,8.02594,14.6548,8.58732,10.5696,21.8732,11.9083,16.1077,14.1092,12.3893,13.8548,29.8745,8.5791,6.86334,11.9776,13.8802,13.6229,20.7172,2.21989,6.20176,13.365,19.712,5.1081,3.44723,9.32039,12.534,24.2256,26.2582,5.19642,13.3048,0,3.25327,0.475611,5.38367,8.18189,13.7084,15.7816,17.9407,30.6372,18.5735,4.75082,15.8912,12.6934,12.1653,11.7204,4.38722,6.8524,18.5621,15.6235,7.56422,17.4543,16.5484,16.1075,6.7109,7.29697,29.7594,14.306,20.4053,24.7145,7.44168,1.8611,2.98899,2.54895,23.3286,20.1332,5.15204,20.675,11.436,16.2979,11.955,12.4039,25.2844,3.10754,18.1826,18.0926,13.7851,12.2098,6.51379,6.18206,15.291,19.222,3.49393,24.2456,19.7338,25.6898,2.54449,8.55788,20.7798,2.96238,11.0523,16.4029,7.49479,9.70664,17.0984,31.9501,12.7196,12.0834,25.9422,7.1682,17.5616,28.0241,7.08071,0.475611,31.8447,18.3745,19.3769,0.397615,22.8698,21.797,22.4532,5.007,2.48677,8.28551,18.6032,16.1861,14.0033,16.0101,16.6379,15.9475,10.49,31.9966,4.10547,16.2779,23.4238,
DUALS 53,2689.37,639880,634521,0,8.9581,7.2032,30.1019,13.5293,20.3214,13.7323,18.2822,32.017,12.6641,18.8414,8.60844,16.9062,7.4482,12.9071,9.76521,18.3526,3.20271,21.6767,13.7509,14.9382,23.652,19.6193,25.0316,9.41141,8.70963,11.4625,16.2578,9.07455,8.6821,14.3254,8.11428,29.7856,18.4428,5.33697,18.7369,19.4292,14.5033,18.0526,3.34975,9.72921,15.9664,19.9348,9.21813,13.5965,11.2305,19.4999,14.7524,15.6621,6.99621,15.011,14.4666,15.9875,4.88258,28.2613,20.5865,3.36389,15.6172,21.9576,9.72791,29.6149,4.95826,7.94599,1.30448,1.50901,22.1606,18.3896,1.50901,4.74499,23.9238,16.9427,6.37172,33.9574,17.9895,1.18949,24.9379,11.6652,4.23767,8.02594,14.6548,8.58732,10.5696,21.8732,11.9083,16.1077,14.1092,12.3893,13.8548,29.8745,8.5791,6.86334,11.9776,13.8802,13.6229,20.7172,5.56963,6.20176,13.365,19.712,5.1081,3.44723,9.32039,12.534,24.2256,26.2582,5.19642,16.6545,3.34975,0,0.475611,5.38367,8.18189,13.7084,15.7816,17.9407,30.6372,18.5735,4.75082,15.8912,12.6934,12.1653,11.7204,4.38722,6.8524,18.5621,15.6235,7.56422,17.4543,19.8981,16.1075,6.7109,7.29697,29.7594,14.306,20.4053,24.7145,7.44168,1.8611,2.98899,2.54895,23.3286,20.1332,5.15204,20.675,11.436,16.2979,11.955,12.4039,25.2844,3.10754,18.1826,18.0926,13.7851,12.2098,6.51379,6.18206,15.291,19.222,6.84368,24.2456,19.7338,25.6898,0,8.55788,20.7798,0,11.0523,19.7527,7.49479,9.70664,17.0984,31.9501,12.7196,12.0834,25.9422,7.1682,17.5616,28.0241,7.08071,3.82536,31.8447,18.3745,19.3769,0.397615,22.8698,21.797,22.4532,5.007,0,8.28551,21.9529,16.1861,14.0033,19.3599,16.6379,15.9475,10.49,31.9966,4.10547,16.2779,23.4238,
DUALS 53,2689.37,640525,623437,0,8.9581,6.5298,30.1019,14.2027,20.3214,13.7323,18.2822,32.017,12.6641,18.168,9.28184,16.9062,7.4482,12.9071,9.76521,18.3526,3.87611,21.6767,13.7509,14.9382,23.652,19.6193,25.0316,9.41141,8.70963,11.4625,16.2578,9.07455,8.6821,14.3254,8.11428,29.7856,18.4428,2.64336,18.7369,19.4292,14.5033,18.0526,2.67635,9.72921,15.9664,19.9348,8.54473,13.5965,11.2305,17.4797,14.7524,15.6621,6.99621,15.011,14.4666,15.9875,4.88258,28.2613,20.5865,3.36389,14.9438,21.9576,9.72791,29.6149,4.95826,7.94599,1.30448,1.50901,22.1606,18.3896,0.835607,4.74499,23.9238,16.9427,6.37172,34.6308,17.9895,1.18949,24.9379,11.6652,4.23767,8.02594,14.6548,8.58732,10.5696,21.8732,12.5817,16.7811,14.1092,12.3893,13.8548,29.8745,8.5791,6.18994,11.9776,13.8802,13.6229,20.7172,2.87602,6.20176,13.365,19.712,5.1081,3.44723,9.32039,12.534,24.2256,26.2582,5.19642,13.9609,1.32954,0.673402,0.475611,4.71027,8.18189,13.7084,15.7816,17.9407,30.6372,18.5735,4.75082,15.2178,12.6934,12.1653,12.3938,5.06063,6.8524,18.5621,16.2969,7.56422,17.4543,17.8779,16.1075,6.7109,7.29697,29.7594,14.306,20.4053,24.7145,7.44168,1.8611,2.98899,3.22236,23.3286,20.1332,5.15204,20.0016,11.436,16.2979,11.955,12.4039,25.2844,3.10754,18.1826,18.0926,13.7851,12.2098,6.51379,6.18206,15.291,19.222,4.15007,24.2456,19.7338,25.6898,0.673402,8.55788,20.7798,0.673402,11.0523,17.0591,7.49479,9.70664,17.0984,31.9501,12.7196,12.0834,25.9422,7.1682,17.5616,28.0241,7.08071,2.47855,31.8447,18.3745,19.3769,0.397615,22.8698,21.797,22.4532,5.007,0.673402,8.28551,21.2795,16.8595,14.0033,17.3397,16.6379,15.9475,10.49,31.9966,4.10547,16.2779,23.4238,
DUALS 53,2689.37,640524,635396,0,8.9581,6.5298,30.1019,14.2027,20.3214,13.7323,18.2822,32.017,12.6641,18.168,9.28184,16.9062,7.4482,12.9071,9.76521,18.3526,0,21.6767,13.7509,14.9382,23.652,19.6193,25.0316,9.41141,8.70963,11.4625,16.2578,9.07455,8.6821,14.3254,8.11428,29.7856,18.4428,2.64336,18.7369,19.4292,14.5033,18.0526,0,9.72921,15.9664,19.9348,8.54473,13.5965,11.2305,17.4797,14.7524,15.6621,6.99621,15.011,14.4666,15.9875,4.88258,28.2613,20.5865,3.36389,14.9438,21.9576,9.72791,29.6149,4.95826,7.94599,1.30448,1.50901,22.1606,18.3896,3.91683,4.74499,23.9238,16.9427,6.37172,34.6308,17.9895,1.18949,24.9379,11.6652,4.23767,8.02594,14.6548,8.58732,10.5696,21.8732,12.5817,16.7811,14.1092,12.3893,13.8548,29.8745,8.5791,6.18994,11.9776,13.8802,13.6229,20.7172,2.87602,6.20176,13.365,19.712,5.1081,3.44723,9.32039,12.534,24.2256,26.2582,5.19642,13.9609,0,3.75463,0.475611,1.62904,8.18189,13.7084,15.7816,17.9407,30.6372,18.5735,4.75082,15.2178,12.6934,12.1653,12.3938,5.06063,6.8524,18.5621,16.2969,7.56422,17.4543,17.8779,16.1075,6.7109,7.29697,29.7594,14.306,20.4053,24.7145,7.44168,1.8611,2.98899,3.22236,23.3286,20.1332,5.15204,20.0016,11.436,16.2979,11.955,12.4039,25.2844,3.10754,18.1826,18.0926,13.7851,12.2098,6.51379,6.18206,15.291,19.222,4.15007,24.2456,19.7338,25.6898,3.75463,8.55788,20.7798,3.75463,11.0523,17.0591,7.49479,9.70664,17.0984,31.9501,12.7196,12.0834,25.9422,7.1682,17.5616,28.0241,7.08071,0,31.8447,18.3745,19.3769,0.397615,22.8698,21.797,22.4532,5.007,3.75463,8.28551,21.2795,16.8595,14.0033,17.3397,16.6379,15.9475,10.49,31.9966,4.10547,16.2779,23.4238,
DUALS 54,2689.37,640502,635396,0,8.9581,6.5298,30.1019,12.1557,20.3214,13.7323,18.2822,32.017,12.6641,18.168,9.28184,16.9062,7.4482,12.9071,9.76521,18.3526,2.04697,21.6767,13.7509,16.9852,23.652,19.6193,25.0316,9.41141,10.7566,11.4625,16.2578,9.07455,8.6821,14.3254,10.1613,29.7856,20.4898,2.64336,18.7369,21.4762,14.5033,18.0526,2.04697,9.72921,18.0134,19.9348,8.54473,13.5965,11.2305,17.4797,14.7524,15.6621,6.99621,15.011,14.4666,15.9875,4.88258,28.2613,20.5865,3.36389,14.9438,21.9576,9.72791,27.5679,4.95826,7.94599,1.30448,1.50901,22.1606,18.3896,3.91683,4.74499,23.9238,16.9427,6.37172,32.5839,17.9895,1.18949,24.9379,11.6652,6.28464,8.02594,14.6548,10.6343,10.5696,21.8732,14.6287,14.7341,16.1561,12.3893,13.8548,29.8745,8.5791,6.18994,11.9776,13.8802,13.6229,20.7172,2.87602,6.20176,13.365,19.712,5.1081,3.44723,9.32039,12.534,24.2256,26.2582,5.19642,13.9609,2.04697,1.70766,0.475611,3.67601,8.18189,13.7084,15.7816,17.9407,30.6372,18.5735,4.75082,17.2647,12.6934,12.1653,14.4408,5.06063,6.8524,18.5621,14.2499,7.56422,17.4543,17.8779,16.1075,6.7109,7.29697,29.7594,14.306,20.4053,24.7145,7.44168,1.8611,2.98899,3.22236,23.3286,20.1332,5.15204,22.0486,11.436,16.2979,11.955,12.4039,25.2844,3.10754,18.1826,18.0926,13.7851,12.2098,6.51379,6.18206,15.291,19.222,4.15007,24.2456,19.7338,25.6898,3.75463,8.55788,20.7798,1.70766,11.0523,17.0591,7.49479,9.70664,17.0984,31.9501,14.7666,12.0834,25.9422,7.1682,19.6086,28.0241,7.08071,2.04697,29.7978,18.3745,19.3769,0.397615,22.8698,21.797,22.4532,5.007,1.70766,8.28551,21.2795,14.8125,14.0033,17.3397,16.6379,15.9475,10.49,31.9966,4.10547,16.2779,23.4238,
DUALS 54,2689.37,641378,624293,0,8.9581,6.5298,30.1019,12.4682,20.0089,13.7323,18.2822,32.017,12.6641,18.168,9.28184,16.9062,7.4482,12.9071,9.76521,18.3526,2.04697,21.6767,13.7509,16.9852,23.652,19.6193,25.0316,9.7239,9.50662,11.4625,15.9453,9.07455,8.6821,14.3254,7.97376,29.7856,18.9273,2.95586,18.7369,19.9137,14.5033,18.0526,1.73448,9.72921,17.3884,19.9348,8.54473,13.5965,11.2305,17.4797,14.7524,15.6621,6.99621,15.011,14.4666,15.9875,4.88258,28.2613,20.5865,3.36389,14.9438,21.9576,9.72791,27.5679,5.27076,7.94599,1.30448,1.82151,22.1606,18.3896,3.29184,4.74499,23.9238,16.9427,6.37172,32.8964,17.9895,1.18949,24.9379,11.6652,4.72215,8.02594,14.6548,9.0718,10.5696,21.8732,13.3787,14.7341,15.2186,12.3893,13.8548,29.8745,8.5791,6.18994,11.9776,13.8802,13.6229,20.7172,2.87602,6.20176,13.365,19.712,5.1081,3.75973,9.32039,12.534,24.2256,26.2582,5.19642,14.2734,1.73448,2.02015,0.788109,2.42602,8.18189,13.7084,15.7816,17.9407,30.6372,18.5735,4.75082,16.3273,12.6934,12.1653,12.8783,5.06063,6.8524,18.5621,14.5624,7.56422,17.4543,18.1904,16.1075,6.7109,7.29697,29.7594,14.306,20.4053,24.7145,7.44168,1.8611,2.98899,3.22236,23.3286,20.1332,5.15204,20.7986,11.436,16.2979,11.955,12.4039,25.2844,3.10754,18.1826,18.0926,13.7851,12.2098,6.82629,6.18206,15.291,19.222,4.15007,24.2456,19.7338,25.6898,2.50464,8.55788,20.7798,1.39516,11.0523,17.0591,7.49479,9.70664,17.0984,31.9501,13.5166,12.3959,25.9422,7.1682,18.0461,28.0241,7.08071,2.35947,29.7978,18.3745,19.3769,0.397615,22.8698,21.797,22.4532,5.007,1.39516,8.28551,21.2795,15.125,14.0033,17.6522,16.6379,15.9475,10.49,31.9966,4.10547,16.2779,23.4238,
DUALS 54,2689.37,641377,631886,0,8.9581,4.72778,30.1019,14.2702,20.0089,13.7323,18.2822,32.017,12.6641,18.168,9.28184,16.9062,5.64619,12.9071,9.76521,18.3526,3.84899,21.6767,13.7509,16.9852,23.652,19.6193,25.0316,9.7239,9.50662,11.4625,15.9453,9.07455,8.6821,14.3254,7.97376,29.7856,18.9273,2.95586,18.7369,19.9137,14.5033,18.0526,0,9.72921,17.3884,19.9348,6.74271,13.5965,11.2305,17.4797,14.7524,15.6621,6.99621,15.011,14.4666,15.9875,4.88258,28.2613,20.5865,3.36389,14.9438,21.9576,9.72791,29.3699,5.27076,7.94599,1.30448,0.0194911,22.1606,18.3896,0,4.74499,23.9238,16.9427,6.37172,34.6984,17.9895,1.18949,24.9379,11.6652,4.72215,6.22393,14.6548,9.0718,10.5696,23.6752,13.3787,16.5361,15.2186,12.3893,13.8548,29.8745,8.5791,4.38792,11.9776,13.8802,13.6229,20.7172,2.87602,6.20176,13.365,19.712,5.1081,3.75973,9.32039,12.534,24.2256,26.2582,5.19642,14.2734,0,3.82217,0,4.22804,8.18189,13.7084,15.7816,17.9407,30.6372,18.5735,4.75082,16.3273,12.6934,12.1653,12.8783,5.06063,6.8524,18.5621,16.3644,7.56422,17.4543,18.1904,16.1075,6.7109,7.29697,29.7594,14.306,20.4053,24.7145,7.44168,1.8611,2.98899,3.22236,23.3286,20.1332,5.15204,20.7986,11.436,16.2979,11.955,12.4039,25.2844,3.10754,18.1826,18.0926,13.7851,12.2098,6.82629,4.38004,15.291,19.222,4.15007,24.2456,19.7338,25.6898,2.50464,8.55788,20.7798,3.19717,11.0523,17.0591,7.49479,9.70664,17.0984,31.9501,13.5166,12.3959,25.9422,5.36619,18.0461,28.0241,7.08071,0.557456,31.5998,18.3745,19.3769,0.397615,22.8698,21.797,22.4532,5.007,3.19717,8.28551,21.2795,16.9271,14.0033,17.6522,16.6379,15.9475,10.49,31.9966,4.10547,16.2779,23.4238,
DUALS 55,2689.37,641799,624714,0,8.9581,5.85095,30.1019,12.0239,20.0089,13.7323,18.2822,32.017,12.6641,18.168,9.28184,16.9062,6.76936,12.9071,9.76521,18.3526,4.97216,21.6767,13.7509,16.9852,23.652,19.6193,25.0316,9.7239,9.50662,11.4625,15.9453,9.07455,8.6821,14.3254,7.97376,29.7856,18.9273,2.95586,18.7369,19.9137,14.5033,18.0526,1.12317,9.72921,17.3884,19.9348,7.86588,13.5965,11.2305,17.4797,14.7524,15.6621,6.99621,15.011,14.4666,15.9875,4.88258,28.2613,20.5865,3.36389,14.9438,21.9576,9.72791,29.3699,5.27076,7.94599,1.30448,1.14266,22.1606,18.3896,1.12317,4.74499,23.9238,16.9427,6.37172,32.452,17.9895,1.18949,24.9379,11.6652,4.72215,7.3471,14.6548,9.0718,10.5696,22.552,13.3787,14.2898,15.2186,12.3893,13.8548,29.8745,8.5791,5.51109,11.9776,13.8802,13.6229,20.7172,2.87602,6.20176,13.365,19.712,5.1081,3.75973,9.32039,12.534,24.2256,26.2582,5.19642,14.2734,1.12317,0.452663,1.12317,4.22804,8.18189,13.7084,15.7816,17.9407,30.6372,18.5735,4.75082,15.2041,12.6934,12.1653,11.7551,5.06063,6.8524,18.5621,14.1181,7.56422,17.4543,18.1904,16.1075,6.7109,7.29697,29.7594,14.306,20.4053,24.7145,7.44168,1.8611,2.98899,3.22236,23.3286,20.1332,5.15204,20.7986,11.436,16.2979,11.955,12.4039,25.2844,3.10754,18.1826,18.0926,13.7851,12.2098,6.82629,5.50321,15.291,19.222,4.15007,24.2456,19.7338,25.6898,1.38147,8.55788,20.7798,0.950836,11.0523,17.0591,7.49479,9.70664,17.0984,31.9501,13.5166,12.3959,25.9422,6.48936,18.0461,28.0241,7.08071,0.557456,29.3534,18.3745,19.3769,0.397615,22.8698,21.797,22.4532,5.007,0,8.28551,20.1564,14.6807,14.0033,17.6522,16.6379,15.9475,10.49,31.9966,4.10547,16.2779,23.4238,
DUALS 55,2689.37,641771,629602,0,8.9581,5.85095,30.1019,15.6371,20.0089,13.7323,18.2822,32.017,12.6641,18.168,9.28184,16.9062,6.76936,12.9071,9.76521,18.3526,1.35889,21.6767,13.7509,16.9852,23.652,19.6193,25.0316,9.7239,9.50662,11.4625,15.9453,9.07455,8.6821,14.3254,7.97376,29.7856,18.9273,2.95586,18.7369,19.9137,14.5033,18.0526,1.12317,9.72921,17.3884,19.9348,7.86588,13.5965,11.2305,17.4797,14.7524,15.6621,6.99621,15.011,14.4666,15.9875,4.88258,28.2613,20.5865,3.36389,14.9438,21.9576,9.72791,32.9832,5.27076,7.94599,1.30448,4.75593,22.1606,18.3896,4.73644,4.74499,23.9238,16.9427,6.37172,36.0653,17.9895,1.18949,24.9379,11.6652,4.72215,7.3471,14.6548,9.0718,10.5696,26.1653,13.3787,17.9031,15.2186,12.3893,13.8548,29.8745,8.5791,5.51109,11.9776,13.8802,13.6229,20.7172,2.87602,6.20176,13.365,19.712,5.1081,3.75973,9.32039,12.534,24.2256,26.2582,5.19642,14.2734,0,4.06593,1.12317,4.22804,8.18189,13.7084,15.7816,17.9407,30.6372,18.5735,4.75082,15.2041,12.6934,12.1653,11.7551,5.06063,6.8524,18.5621,17.7313,7.56422,17.4543,18.1904,16.1075,6.7109,7.29697,29.7594,14.306,20.4053,24.7145,7.44168,1.8611,2.98899,3.22236,23.3286,20.1332,5.15204,20.7986,11.436,16.2979,11.955,12.4039,25.2844,3.10754,18.1826,18.0926,13.7851,12.2098,6.82629,5.50321,15.291,19.222,4.15007,24.2456,19.7338,25.6898,4.99474,8.55788,20.7798,4.56411,11.0523,17.0591,7.49479,9.70664,17.0984,31.9501,13.5166,12.3959,25.9422,6.48936,18.0461,28.0241,7.08071,0.557456,32.9667,18.3745,19.3769,0.397615,22.8698,21.797,22.4532,5.007,3.61327,8.28551,20.1564,18.294,14.0033,17.6522,16.6379,15.9475,10.49,31.9966,4.10547,16.2779,23.4238,
DUALS 55,2689.37,642201,625137,0,8.9581,6.20712,30.1019,13.5001,19.6527,13.7323,18.2822,32.017,12.6641,18.168,9.28184,16.9062,7.12553,12.9071,9.76521,18.3526,1.35889,21.6767,13.7509,16.9852,23.652,19.6193,25.0316,9.7239,9.50662,11.4625,15.9453,9.07455,8.6821,14.3254,7.97376,29.7856,18.9273,3.31202,18.7369,19.9137,14.5033,18.0526,1.12317,9.72921,17.3884,19.9348,8.22205,13.5965,11.2305,17.4797,14.7524,15.6621,6.99621,15.011,14.4666,15.9875,4.88258,28.2613,20.5865,3.36389,14.5876,21.9576,9.72791,32.2709,5.27076,7.94599,1.30448,4.75593,22.1606,18.3896,4.73644,4.74499,23.9238,16.9427,6.37172,33.5721,17.9895,1.18949,24.9379,11.6652,4.72215,7.70327,14.6548,9.0718,10.5696,24.7406,13.3787,16.1222,15.2186,12.3893,13.8548,29.8745,8.5791,5.86726,11.9776,13.8802,13.6229,20.7172,3.23219,6.20176,13.365,19.712,5.1081,3.75973,8.96422,12.534,24.2256,26.2582,5.19642,14.6296,0.356168,2.64126,1.12317,4.22804,8.18189,13.7084,15.7816,17.9407,30.6372,18.5735,4.75082,15.2041,12.6934,12.1653,11.0428,5.06063,6.8524,18.5621,15.9505,7.56422,17.4543,18.5466,16.1075,6.7109,7.29697,29.7594,14.306,20.4053,24.7145,7.44168,1.8611,2.98899,3.22236,23.3286,20.1332,5.15204,20.7986,11.436,16.2979,11.955,12.4039,25.2844,3.10754,18.1826,18.0926,13.7851,12.2098,6.82629,5.50321,15.291,19.222,4.50624,24.2456,19.7338,25.6898,4.63857,8.55788,20.7798,2.4271,11.0523,17.4152,7.49479,9.70664,17.0984,31.9501,13.5166,12.3959,25.9422,6.84553,18.0461,28.0241,7.08071,0.913624,31.1859,18.3745,19.3769,0.397615,22.8698,21.797,22.4532,5.007,1.47626,8.28551,20.1564,16.5131,14.0033,17.6522,16.6379,15.9475,10.49,31.9966,4.10547,16.2779,23.4238,
DUALS 56,2689.37,642172,635787,0,8.9581,6.20712,30.1019,13.5001,19.6527,13.7323,18.2822,32.017,12.6641,18.168,9.28184,16.9062,7.12553,12.9071,9.76521,18.3526,14.5922,21.6767,13.7509,16.9852,23.652,19.6193,25.0316,9.7239,9.50662,11.4625,15.9453,9.07455,8.6821,14.3254,7.97376,29.7856,18.9273,3.31202,18.7369,19.9137,14.5033,18.0526,0,9.72921,17.3884,19.9348,8.22205,13.5965,11.2305,17.4797,14.7524,15.6621,6.99621,15.011,14.4666,15.9875,4.88258,28.2613,20.5865,3.36389,14.5876,21.9576,9.72791,32.2709,5.27076,7.94599,1.30448,4.75593,22.1606,18.3896,0,4.74499,23.9238,16.9427,6.37172,33.5721,17.9895,1.18949,24.9379,11.6652,4.72215,7.70327,14.6548,9.0718,10.5696,24.7406,13.3787,16.1222,15.2186,12.3893,13.8548,29.8745,8.5791,5.86726,11.9776,13.8802,13.6229,20.7172,3.23219,6.20176,13.365,19.712,5.1081,3.75973,8.96422,12.534,24.2256,26.2582,5.19642,14.6296,0.356168,2.64126,1.12317,4.22804,8.18189,13.7084,15.7816,17.9407,30.6372,18.5735,4.75082,15.2041,12.6934,12.1653,11.0428,5.06063,6.8524,18.5621,15.9505,7.56422,17.4543,18.5466,16.1075,6.7109,7.29697,29.7594,14.306,20.4053,24.7145,7.44168,1.8611,2.98899,3.22236,23.3286,20.1332,5.15204,20.7986,11.436,16.2979,11.955,12.4039,25.2844,3.10754,18.1826,18.0926,13.7851,12.2098,6.82629,5.50321,15.291,19.222,4.50624,24.2456,19.7338,25.6898,0,8.55788,20.7798,2.4271,11.0523,17.4152,7.49479,9.70664,17.0984,31.9501,13.5166,12.3959,25.9422,6.84553,18.0461,28.0241,7.08071,0.913624,31.1859,18.3745,19.3769,0.397615,22.8698,21.797,22.4532,5.007,1.47626,8.28551,20.1564,16.5131,14.0033,17.6522,16.6379,15.9475,10.49,31.9966,4.10547,16.2779,23.4238,
DUALS 56,2689.37,642658,625594,0,8.9581,5.31138,30.1019,13.5001,19.2048,13.2844,18.2822,32.017,12.6641,18.168,8.83397,16.4584,6.67765,12.9071,9.76521,18.3526,7.42629,21.6767,13.7509,16.9852,23.652,19.6193,25.0316,9.7239,9.50662,11.4625,15.9453,9.07455,8.6821,14.3254,7.97376,29.7856,18.0315,3.75989,18.7369,19.018,14.5033,18.0526,0,9.72921,17.3884,19.9348,7.32631,13.5965,11.2305,17.4797,14.7524,15.6621,6.99621,15.011,14.4666,15.9875,4.88258,28.2613,20.5865,3.36389,14.1397,21.9576,9.72791,32.2709,5.27076,7.94599,1.30448,4.30806,22.1606,18.3896,0,4.74499,23.9238,16.9427,6.37172,33.5721,17.9895,1.18949,24.9379,11.6652,4.72215,7.25539,14.6548,9.0718,10.5696,24.7406,12.483,16.1222,15.2186,12.3893,13.8548,29.8745,8.5791,4.52365,11.9776,13.8802,13.6229,20.7172,3.68006,6.20176,13.365,19.712,5.1081,3.75973,8.96422,12.534,24.2256,26.2582,5.19642,14.6296,0.80404,3.08913,0.675298,4.67591,8.18189,13.7084,15.7816,17.9407,30.6372,18.1257,4.75082,14.3083,12.6934,12.1653,10.1471,5.06063,6.8524,18.5621,15.9505,7.56422,17.4543,18.5466,15.6596,6.7109,7.29697,29.7594,14.306,20.4053,24.7145,7.44168,1.8611,2.98899,3.67023,23.3286,20.1332,5.15204,19.9028,11.436,16.2979,11.955,12.4039,25.2844,3.10754,18.1826,18.0926,13.7851,12.2098,6.82629,5.05534,15.291,19.222,4.95411,24.2456,19.7338,25.6898,0.447871,8.55788,20.7798,2.87497,11.0523,17.4152,7.49479,9.70664,17.0984,31.9501,13.5166,12.3959,25.9422,6.39765,17.1504,28.0241,7.08071,0.465753,31.1859,18.3745,19.3769,0.397615,22.8698,21.797,22.4532,5.007,1.92413,8.28551,20.1564,16.5131,14.0033,17.6522,16.6379,15.9475,10.49,31.9966,4.10547,16.2779,23.4238,
DUALS 56,2689.37,642667,625606,0,8.9581,6.61602,30.1019,12.1955,19.2048,13.2844,18.2822,32.017,12.6641,16.8633,8.83397,16.4584,7.9823,12.9071,9.76521,18.3526,4.81699,21.6767,13.7509,16.9852,23.652,19.6193,25.0316,9.7239,9.50662,11.4625,15.9453,9.07455,8.6821,14.3254,7.97376,29.7856,19.3362,2.45525,18.7369,20.3226,14.5033,18.0526,1.30465,9.72921,17.3884,19.9348,8.63096,13.5965,11.2305,16.175,14.7524,15.6621,6.99621,15.011,14.4666,15.9875,4.88258,28.2613,20.5865,3.36389,14.1397,21.9576,9.72791,30.9662,5.27076,7.94599,1.30448,3.00342,22.1606,18.3896,0,4.74499,23.9238,16.9427,6.37172,32.2675,17.9895,1.18949,24.9379,11.6652,4.72215,8.56004,14.6548,9.0718,10.5696,24.7406,13.7876,14.8176,15.2186,12.3893,13.8548,29.8745,8.5791,5.82829,11.9776,13.8802,13.6229,20.7172,2.37542,6.20176,13.365,19.712,5.1081,3.75973,8.96422,12.534,24.2256,26.2582,5.19642,13.325,2.10869,4.39378,0,5.98055,8.18189,13.7084,15.7816,17.9407,30.6372,18.1257,4.75082,15.613,12.6934,12.1653,11.4517,5.06063,6.8524,18.5621,14.6458,7.56422,17.4543,17.2419,15.6596,6.7109,7.29697,29.7594,14.306,20.4053,24.7145,7.44168,1.8611,2.98899,3.67023,23.3286,20.1332,5.15204,21.2075,11.436,16.2979,11.955,12.4039,25.2844,3.10754,18.1826,18.0926,13.7851,12.2098,6.82629,6.35999,15.291,19.222,3.64946,24.2456,19.7338,25.6898,1.75252,8.55788,20.7798,4.17962,11.0523,16.1106,7.49479,9.70664,17.0984,31.9501,13.5166,12.3959,25.9422,7.7023,18.455,28.0241,7.08071,1.7704,29.8812,18.3745,19.3769,0.397615,22.8698,21.797,22.4532,5.007,3.22878,8.28551,18.8517,15.2085,14.0033,16.3475,16.6379,15.9475,10.49,31.9966,4.10547,16.2779,23.4238,
DUALS 57,2689.37,642733,625678,0,8.9581,5.65673,30.1019,12.1955,19.2048,13.2844,18.2822,32.017,12.6641,16.8633,8.83397,16.4584,7.02301,12.9071,9.76521,18.3526,2.8984,21.6767,13.7509,16.9852,23.652,19.6193,25.0316,9.7239,9.50662,11.4625,15.9453,9.07455,8.6821,14.3254,7.97376,29.7856,17.4176,3.41454,18.7369,18.404,14.5033,18.0526,0.345352,9.72921,17.3884,19.9348,7.67166,13.5965,11.2305,17.1343,14.7524,15.6621,6.99621,15.011,14.4666,15.9875,4.88258,28.2613,20.5865,3.36389,14.1397,21.9576,9.72791,30.9662,5.27076,7.94599,1.30448,3.00342,22.1606,18.3896,0.959295,4.74499,23.9238,16.9427,6.37172,32.2675,17.9895,1.18949,24.9379,11.6652,4.72215,7.60075,14.6548,9.0718,10.5696,24.7406,12.8283,14.8176,15.2186,12.3893,13.8548,29.8745,8.5791,4.869,11.9776,13.8802,13.6229,20.7172,3.33471,6.20176,13.365,19.712,5.1081,3.75973,8.96422,12.534,24.2256,26.2582,5.19642,14.2842,1.14939,2.47519,0.959295,5.02126,8.18189,13.7084,15.7816,17.9407,30.6372,18.1257,4.75082,14.6537,12.6934,12.1653,9.53312,5.06063,6.8524,18.5621,14.6458,7.56422,17.4543,18.2012,15.6596,6.7109,7.29697,29.7594,14.306,20.4053,24.7145,7.44168,1.8611,2.98899,3.67023,23.3286,20.1332,5.15204,19.2889,11.436,16.2979,11.955,12.4039,25.2844,3.10754,18.1826,18.0926,13.7851,12.2098,6.82629,5.40069,15.291,19.222,4.60876,24.2456,19.7338,25.6898,2.71181,8.55788,20.7798,1.30173,11.0523,17.0699,7.49479,9.70664,17.0984,31.9501,13.5166,12.3959,25.9422,6.74301,16.5364,28.0241,7.08071,0,29.8812,18.3745,19.3769,0.397615,22.8698,21.797,22.4532,5.007,1.31019,8.28551,18.8517,15.2085,14.0033,17.3068,16.6379,15.9475,10.49,31.9966,4.10547,16.2779,23.4238,
DUALS 57,2689.37,642722,634664,0,8.9581,5.65673,30.1019,12.1955,19.2048,13.2844,18.2822,32.017,12.6641,16.8633,8.83397,16.4584,7.02301,12.9071,9.76521,18.3526,7.78909,21.6767,13.7509,16.9852,23.652,19.6193,25.0316,9.7239,9.50662,11.4625,15.9453,9.07455,8.6821,14.3254,7.97376,29.7856,22.3083,3.41454,18.7369,23.2947,14.5033,18.0526,0.345352,9.72921,17.3884,19.9348,7.67166,13.5965,11.2305,17.1343,14.7524,15.6621,6.99621,15.011,14.4666,15.9875,4.88258,28.2613,20.5865,3.36389,19.0304,21.9576,9.72791,30.9662,5.27076,7.94599,1.30448,3.00342,22.1606,18.3896,0.959295,4.74499,23.9238,16.9427,6.37172,32.2675,17.9895,1.18949,24.9379,11.6652,4.72215,7.60075,14.6548,9.0718,10.5696,24.7406,17.719,14.8176,15.2186,12.3893,13.8548,29.8745,8.5791,4.869,11.9776,13.8802,13.6229,20.7172,3.33471,6.20176,13.365,19.712,5.1081,3.75973,8.96422,12.534,24.2256,26.2582,5.19642,14.2842,1.14939,2.47519,0.959295,5.02126,8.18189,13.7084,15.7816,17.9407,30.6372,18.1257,4.75082,19.5444,12.6934,12.1653,14.4238,5.06063,6.8524,18.5621,14.6458,7.56422,17.4543,18.2012,15.6596,6.7109,7.29697,29.7594,14.306,20.4053,24.7145,7.44168,1.8611,2.98899,3.67023,23.3286,20.1332,5.15204,24.1796,11.436,16.2979,11.955,12.4039,25.2844,3.10754,18.1826,18.0926,13.7851,12.2098,6.82629,5.40069,15.291,19.222,4.60876,24.2456,19.7338,25.6898,0,8.55788,20.7798,1.30173,11.0523,17.0699,7.49479,9.70664,17.0984,31.9501,13.5166,12.3959,25.9422,6.74301,21.4271,28.0241,7.08071,4.89069,29.8812,18.3745,19.3769,0.397615,22.8698,21.797,22.4532,5.007,1.31019,8.28551,18.8517,15.2085,14.0033,17.3068,16.6379,15.9475,10.49,31.9966,4.10547,16.2779,23.4238,
DUALS 58,2689.37,642955,625896,0,8.9581,6.75365,30.1019,13.2924,20.3017,13.2844,18.2822,32.017,12.6641,17.9603,8.83397,16.4584,8.11993,12.9071,9.76521,18.3526,3.40141,21.6767,13.7509,16.9852,23.652,19.6193,25.0316,8.62698,9.50662,11.4625,14.8484,9.07455,8.6821,14.3254,7.97376,29.7856,19.0175,4.51146,18.7369,20.0039,14.5033,18.0526,1.44227,9.72921,17.3884,19.9348,8.76858,13.5965,11.2305,18.2312,14.7524,15.6621,6.99621,15.011,14.4666,15.9875,4.88258,28.2613,20.5865,3.36389,19.0304,21.9576,9.72791,30.9662,4.17384,7.94599,1.30448,1.90649,22.1606,18.3896,0.959295,4.74499,23.9238,16.9427,6.37172,33.3644,17.9895,1.18949,24.9379,11.6652,4.72215,8.69767,14.6548,9.0718,10.5696,24.7406,15.5252,14.8176,15.2186,12.3893,13.8548,29.8745,8.5791,5.96592,11.9776,13.8802,13.6229,20.7172,4.43163,6.20176,13.365,19.712,5.1081,2.66281,8.96422,12.534,24.2256,26.2582,5.19642,15.3812,0.0524711,3.57211,0,3.92434,8.18189,13.7084,15.7816,17.9407,30.6372,18.1257,4.75082,17.3505,12.6934,12.1653,11.1331,5.06063,6.8524,18.5621,15.7428,7.56422,17.4543,19.2982,15.6596,6.7109,7.29697,29.7594,14.306,20.4053,24.7145,7.44168,1.8611,2.98899,3.67023,23.3286,20.1332,5.15204,21.9857,11.436,16.2979,11.955,12.4039,25.2844,3.10754,18.1826,18.0926,13.7851,12.2098,5.72937,6.49761,15.291,19.222,5.70568,24.2456,19.7338,25.6898,1.09692,8.55788,20.7798,1.30173,11.0523,18.1668,7.49479,9.70664,17.0984,31.9501,13.5166,11.299,25.9422,7.83993,18.1363,28.0241,5.98379,1.59993,29.8812,18.3745,19.3769,0.397615,22.8698,21.797,22.4532,5.007,2.40711,8.28551,18.8517,16.3054,14.0033,18.4037,16.6379,15.9475,10.49,31.9966,4.10547,16.2779,23.4238,
DUALS 58,2689.37,643225,626153,0,8.9581,7.06139,30.1019,13.2924,19.3785,13.2844,18.2822,32.017,12.6641,17.3448,8.83397,16.4584,8.42767,12.9071,9.76521,18.3526,3.70916,21.6767,13.7509,16.9852,23.652,19.6193,25.0316,8.93473,9.19887,11.4625,15.1561,9.07455,8.6821,14.3254,7.66602,29.7856,18.7098,2.97274,18.7369,19.0807,14.5033,18.0526,1.75002,9.72921,17.0807,19.9348,9.07632,13.5965,11.2305,17.6158,14.7524,15.6621,6.99621,15.011,14.4666,15.9875,4.88258,28.2613,20.5865,3.36389,18.4149,21.9576,9.72791,30.9662,4.48158,7.94599,1.30448,2.21424,22.1606,18.3896,1.26704,4.74499,23.9238,16.9427,6.37172,33.3644,17.9895,1.18949,24.9379,11.6652,4.41441,9.00541,14.6548,8.76406,10.5696,24.7406,14.6019,14.8176,14.9109,12.3893,13.8548,29.8745,8.5791,6.27366,11.9776,13.8802,13.6229,20.7172,3.20066,6.20176,13.365,19.712,5.1081,2.97055,8.96422,12.534,24.2256,26.2582,5.19642,14.1502,0.360215,3.26437,0.307744,3.61659,8.18189,13.7084,15.7816,17.9407,30.6372,18.1257,4.75082,16.7351,12.6934,12.1653,10.8253,5.06063,6.8524,18.5621,15.7428,7.56422,17.4543,18.0672,15.6596,6.7109,7.29697,29.7594,14.306,20.4053,24.7145,7.44168,1.8611,2.98899,3.67023,23.3286,20.1332,5.15204,21.0625,11.1282,16.2979,11.955,12.4039,25.2844,3.10754,18.1826,18.0926,13.7851,12.2098,6.03712,6.49761,15.291,19.222,4.16696,24.2456,19.7338,25.6898,1.40466,8.55788,20.7798,0.993988,11.0523,16.6281,7.49479,9.70664,17.0984,31.9501,13.2089,11.6067,25.9422,8.14767,17.2131,28.0241,6.29154,1.29219,29.8812,18.3745,19.3769,0.397615,22.8698,21.797,22.4532,5.007,2.09937,8.28551,18.8517,16.3054,14.0033,17.7883,16.6379,15.9475,10.49,31.9966,4.10547,16.2779,23.4238,
STATS - lpIterations[1] lagIterations[163] sspIterations[3318] numSeparations[623] numCuts[0] compileTime[0] sspSolveTime[32] lpSolveTime[0] lb[2691.5] ub[2694.9] numArcs: [643225] numFixed: [626153] time: [58]
DUALS 58,2691.5,643222,641466,0,8.9581,3.86332,30.1019,13.2924,19.3785,13.2844,18.2822,32.017,12.6641,17.3448,8.83397,16.4584,5.2296,12.9071,9.76521,18.3526,6.90723,21.6767,13.7509,16.9852,23.652,19.6193,25.0316,8.93473,9.19887,11.4625,15.1561,9.07455,8.6821,14.3254,7.66602,29.7856,18.7098,2.97274,18.7369,19.0807,14.5033,18.0526,0,9.72921,17.0807,19.9348,5.87825,13.5965,11.2305,17.6158,14.7524,15.6621,6.99621,15.011,14.4666,15.9875,4.88258,28.2613,20.5865,3.36389,18.4149,21.9576,9.72791,30.9662,4.48158,7.94599,1.30448,2.21424,22.1606,18.3896,0,4.74499,23.9238,16.9427,6.37172,33.3644,17.9895,1.18949,24.9379,11.6652,4.41441,5.80734,14.6548,8.76406,10.5696,24.7406,14.6019,14.8176,14.9109,12.3893,13.8548,29.8745,8.5791,3.07559,11.9776,13.8802,13.6229,20.7172,3.20066,6.20176,13.365,19.712,5.1081,2.97055,8.96422,12.534,24.2256,26.2582,5.19642,14.1502,0,0.066295,0.307744,3.61659,8.18189,13.7084,15.7816,17.9407,30.6372,18.1257,4.75082,16.7351,12.6934,12.1653,10.8253,5.06063,6.8524,18.5621,15.7428,7.56422,17.4543,18.0672,15.6596,6.7109,7.29697,29.7594,14.306,20.4053,24.7145,7.44168,1.8611,2.98899,3.67023,23.3286,20.1332,5.15204,21.0625,11.1282,16.2979,11.955,12.4039,25.2844,3.10754,18.1826,18.0926,13.7851,12.2098,6.03712,3.29954,15.291,19.222,4.16696,24.2456,19.7338,25.6898,4.60274,8.55788,20.7798,0,11.0523,16.6281,7.49479,9.70664,17.0984,31.9501,13.2089,11.6067,25.9422,4.9496,17.2131,28.0241,6.29154,0,29.8812,18.3745,19.3769,0.397615,22.8698,21.797,22.4532,5.007,0,8.28551,18.8517,16.3054,14.0033,17.7883,16.6379,15.9475,10.49,31.9966,4.10547,16.2779,23.4238,
DUALS 59,2691.5,643245,641501,0,8.9581,5.54748,30.1019,13.2924,19.3785,13.2844,18.2822,32.017,12.6641,17.3448,8.83397,16.4584,6.91375,12.9071,9.76521,18.3526,3.53891,21.6767,13.7509,16.9852,23.652,19.6193,25.0316,10.6189,7.51471,11.4625,16.8403,9.07455,8.6821,14.3254,5.98186,29.7856,17.0256,2.97274,18.7369,17.3966,14.5033,18.0526,1.68416,9.72921,15.3965,19.9348,7.56241,13.5965,11.2305,17.6158,14.7524,15.6621,6.99621,15.011,14.4666,15.9875,4.88258,28.2613,20.5865,3.36389,16.7308,21.9576,9.72791,30.9662,6.16574,7.94599,1.30448,3.8984,22.1606,18.3896,1.68416,4.74499,23.9238,16.9427,6.37172,31.6803,17.9895,1.18949,24.9379,11.6652,2.73025,7.4915,14.6548,7.0799,10.5696,24.7406,12.9178,14.8176,13.2267,12.3893,13.8548,29.8745,8.5791,4.75975,11.9776,13.8802,13.6229,20.7172,3.20066,6.20176,13.365,19.712,5.1081,4.65471,8.96422,12.534,24.2256,26.2582,5.19642,14.1502,1.68416,1.75045,1.9919,1.93244,8.18189,13.7084,15.7816,17.9407,30.6372,18.1257,4.75082,16.7351,12.6934,12.1653,9.14115,5.06063,6.8524,18.5621,15.7428,7.56422,17.4543,18.0672,15.6596,6.7109,7.29697,29.7594,14.306,20.4053,24.7145,7.44168,1.8611,2.98899,3.67023,23.3286,20.1332,5.15204,19.3783,11.1282,16.2979,11.955,12.4039,25.2844,3.10754,18.1826,18.0926,13.7851,12.2098,7.72127,4.9837,15.291,19.222,4.16696,24.2456,19.7338,25.6898,1.23442,8.55788,20.7798,1.68416,11.0523,16.6281,7.49479,9.70664,17.0984,31.9501,11.5247,13.2909,25.9422,6.63375,15.529,28.0241,7.9757,1.68416,29.8812,18.3745,19.3769,0.397615,22.8698,21.797,22.4532,5.007,1.68416,8.28551,18.8517,16.3054,14.0033,17.7883,16.6379,15.9475,10.49,31.9966,4.10547,16.2779,23.4238,
DUALS 59,2691.5,643489,641749,0,8.9581,5.54748,30.1019,13.2924,19.3785,13.2844,18.2822,32.017,12.6641,17.3448,8.83397,16.4584,6.91375,12.9071,9.76521,18.3526,3.53891,21.6767,13.7509,16.9852,23.652,19.6193,25.0316,8.16904,8.73964,11.4625,14.3904,9.07455,8.6821,14.3254,7.20679,29.7856,18.2506,2.97274,18.7369,18.6215,14.5033,18.0526,0.459234,9.72921,15.3965,19.9348,7.56241,13.5965,11.2305,17.6158,14.7524,15.6621,6.99621,15.011,14.4666,15.9875,4.88258,28.2613,20.5865,3.36389,17.9557,21.9576,9.72791,30.9662,3.71589,7.94599,1.30448,1.44855,22.1606,18.3896,1.68416,4.74499,23.9238,16.9427,6.37172,31.6803,17.9895,1.18949,24.9379,11.6652,3.95517,7.4915,14.6548,8.30482,10.5696,24.7406,14.1427,14.8176,14.4517,12.3893,13.8548,29.8745,8.5791,4.75975,11.9776,13.8802,13.6229,20.7172,3.20066,6.20176,13.365,19.712,5.1081,2.20487,8.96422,12.534,24.2256,26.2582,5.19642,14.1502,0.459234,2.97537,0,3.15736,8.18189,13.7084,15.7816,17.9407,30.6372,18.1257,4.75082,17.96,12.6934,12.1653,10.3661,5.06063,6.8524,18.5621,15.7428,7.56422,17.4543,18.0672,15.6596,6.7109,7.29697,29.7594,14.306,20.4053,24.7145,7.44168,1.8611,2.98899,3.67023,23.3286,20.1332,5.15204,20.6033,11.1282,16.2979,11.955,12.4039,25.2844,3.10754,18.1826,18.0926,13.7851,12.2098,4.04651,4.9837,15.291,19.222,4.16696,24.2456,19.7338,25.6898,2.45934,8.55788,20.7798,2.90908,11.0523,16.6281,7.49479,9.70664,17.0984,31.9501,12.7496,10.841,25.9422,6.63375,16.7539,28.0241,6.75077,0.459234,29.8812,18.3745,19.3769,0.397615,22.8698,21.797,22.4532,5.007,2.90908,8.28551,18.8517,16.3054,14.0033,17.7883,16.6379,15.9475,10.49,31.9966,4.10547,16.2779,23.4238,
DUALS 59,2691.5,643484,641762,0,8.9581,5.54748,30.1019,13.2924,19.3785,13.2844,18.2822,32.017,12.6641,17.3448,8.83397,16.4584,6.91375,12.9071,9.76521,18.3526,3.53891,21.6767,13.7509,16.9852,23.652,19.6193,25.0316,11.573,8.73964,11.4625,17.7943,9.07455,8.6821,14.3254,7.20679,29.7856,18.2506,2.97274,18.7369,18.6215,14.5033,18.0526,3.86315,9.72921,15.3965,19.9348,7.56241,13.5965,14.6345,17.6158,14.7524,15.6621,6.99621,15.011,14.4666,15.9875,4.88258,28.2613,20.5865,3.36389,17.9557,21.9576,9.72791,30.9662,7.11981,7.94599,1.30448,4.85246,22.1606,18.3896,1.68416,4.74499,23.9238,16.9427,6.37172,31.6803,17.9895,1.18949,24.9379,11.6652,3.95517,7.4915,14.6548,8.30482,10.5696,24.7406,14.1427,14.8176,14.4517,12.3893,13.8548,29.8745,8.5791,4.75975,11.9776,13.8802,13.6229,20.7172,3.20066,6.20176,13.365,19.712,5.1081,5.60878,8.96422,12.534,24.2256,26.2582,5.19642,14.1502,3.86315,0,3.40391,3.15736,8.18189,13.7084,15.7816,17.9407,30.6372,18.1257,4.75082,17.96,12.6934,12.1653,10.3661,5.06063,6.8524,18.5621,15.7428,7.56422,17.4543,18.0672,15.6596,6.7109,7.29697,29.7594,14.306,20.4053,24.7145,7.44168,1.8611,2.98899,3.67023,23.3286,20.1332,5.15204,20.6033,11.1282,16.2979,11.955,12.4039,25.2844,3.10754,18.1826,18.0926,13.7851,12.2098,7.45042,4.9837,15.291,19.222,4.16696,24.2456,19.7338,25.6898,0,8.55788,20.7798,0,11.0523,16.6281,7.49479,9.70664,17.0984,31.9501,12.7496,14.2449,25.9422,6.63375,16.7539,28.0241,10.1547,3.86315,29.8812,18.3745,19.3769,0.397615,22.8698,21.797,22.4532,5.007,0,8.28551,18.8517,16.3054,14.0033,17.7883,16.6379,15.9475,10.49,31.9966,4.10547,16.2779,23.4238,
DUALS 60,2691.5,643647,635536,0,8.9581,5.54748,30.1019,13.2924,19.3785,13.2844,18.2822,32.017,12.6641,17.3448,8.83397,16.4584,6.91375,12.9071,9.76521,18.3526,3.53891,21.6767,13.7509,16.9852,23.652,19.6193,25.0316,7.55593,10.0786,11.4625,16.4553,9.07455,8.6821,14.3254,8.54579,29.7856,18.2506,4.31175,18.7369,18.6215,14.5033,18.0526,1.18513,9.72921,15.3965,19.9348,7.56241,13.5965,14.6345,17.6158,14.7524,15.6621,6.99621,15.011,14.4666,15.9875,4.88258,28.2613,20.5865,3.36389,17.9557,21.9576,9.72791,30.9662,3.10279,7.94599,1.30448,0.835442,22.1606,18.3896,1.68416,4.74499,23.9238,16.9427,6.37172,31.6803,17.9895,1.18949,24.9379,11.6652,5.29418,7.4915,14.6548,8.30482,10.5696,24.7406,14.1427,14.8176,14.4517,12.3893,13.8548,29.8745,8.5791,4.75975,11.9776,13.8802,13.6229,20.7172,3.20066,6.20176,13.365,19.712,5.1081,2.93076,8.96422,12.534,24.2256,26.2582,5.19642,14.1502,0,1.33901,0,4.49637,8.18189,13.7084,15.7816,17.9407,30.6372,18.1257,4.75082,17.96,12.6934,12.1653,10.3661,5.06063,6.8524,18.5621,15.7428,7.56422,17.4543,18.0672,15.6596,6.7109,7.29697,29.7594,14.306,20.4053,24.7145,7.44168,1.8611,2.98899,3.67023,23.3286,20.1332,5.15204,20.6033,11.1282,16.2979,11.955,12.4039,25.2844,3.10754,18.1826,18.0926,13.7851,12.2098,6.11141,4.9837,15.291,19.222,4.16696,24.2456,19.7338,25.6898,1.33901,8.55788,20.7798,1.33901,11.0523,16.6281,7.49479,9.70664,17.0984,31.9501,14.0886,12.9059,25.9422,6.63375,16.7539,28.0241,8.81568,1.18513,29.8812,18.3745,19.3769,0.397615,22.8698,21.797,22.4532,5.007,1.33901,8.28551,18.8517,16.3054,14.0033,17.7883,16.6379,15.9475,10.49,31.9966,4.10547,16.2779,23.4238,
DUALS 60,2691.5,643753,635639,0,8.9581,5.54748,30.1019,13.2924,19.3785,13.2844,18.2822,32.017,12.6641,17.3448,8.83397,16.4584,6.91375,12.9071,9.76521,18.3526,1.35146,21.6767,13.7509,16.9852,23.652,19.6193,25.0316,9.74338,7.89119,11.4625,16.4553,9.07455,8.6821,14.3254,4.17089,29.7856,18.2506,4.31175,18.7369,18.6215,14.5033,18.0526,1.18513,9.72921,15.3965,19.9348,7.56241,13.5965,14.6345,17.6158,14.7524,15.6621,6.99621,15.011,14.4666,15.9875,4.88258,28.2613,20.5865,3.36389,17.9557,21.9576,9.72791,30.9662,5.29024,7.94599,1.30448,3.02289,22.1606,18.3896,1.68416,4.74499,23.9238,16.9427,6.37172,31.6803,17.9895,1.18949,24.9379,11.6652,3.10673,7.4915,14.6548,6.11737,10.5696,24.7406,14.1427,14.8176,14.4517,12.3893,13.8548,29.8745,8.5791,4.75975,11.9776,13.8802,13.6229,20.7172,3.20066,6.20176,13.365,19.712,5.1081,5.11822,8.96422,12.534,24.2256,26.2582,5.19642,14.1502,2.18745,3.52646,2.18745,2.30892,8.18189,13.7084,15.7816,17.9407,30.6372,18.1257,4.75082,17.96,12.6934,12.1653,10.3661,5.06063,6.8524,18.5621,15.7428,7.56422,17.4543,18.0672,15.6596,6.7109,7.29697,29.7594,14.306,20.4053,24.7145,7.44168,1.8611,2.98899,3.67023,23.3286,20.1332,5.15204,20.6033,11.1282,16.2979,11.955,12.4039,25.2844,3.10754,18.1826,18.0926,13.7851,12.2098,8.29886,4.9837,15.291,19.222,4.16696,24.2456,19.7338,25.6898,3.52646,8.55788,20.7798,3.52646,11.0523,16.6281,7.49479,9.70664,17.0984,31.9501,11.9012,12.9059,25.9422,6.63375,16.7539,28.0241,11.0031,3.37258,29.8812,18.3745,19.3769,0.397615,22.8698,21.797,22.4532,5.007,3.52646,8.28551,18.8517,16.3054,14.0033,17.7883,16.6379,15.9475,10.49,31.9966,4.10547,16.2779,23.4238,
DUALS 60,2691.5,643743,635651,0,8.9581,5.54748,30.1019,13.2924,19.3785,13.2844,18.2822,32.017,12.6641,17.3448,8.83397,16.4584,6.91375,12.9071,9.76521,18.3526,4.49151,21.6767,13.7509,20.1253,23.652,19.6193,25.0316,6.60334,11.0312,11.4625,13.3153,9.07455,8.6821,14.3254,7.31093,29.7856,18.2506,4.31175,18.7369,18.6215,14.5033,18.0526,1.18513,9.72921,18.5366,19.9348,7.56241,13.5965,14.6345,17.6158,14.7524,15.6621,6.99621,15.011,14.4666,15.9875,4.88258,28.2613,20.5865,3.36389,17.9557,21.9576,9.72791,30.9662,2.1502,7.94599,1.30448,0,22.1606,18.3896,1.68416,4.74499,23.9238,16.9427,6.37172,31.6803,17.9895,1.18949,24.9379,11.6652,6.24677,7.4915,14.6548,9.25741,10.5696,24.7406,14.1427,14.8176,17.5917,12.3893,13.8548,29.8745,8.5791,4.75975,11.9776,13.8802,13.6229,20.7172,3.20066,6.20176,13.365,19.712,5.1081,1.97817,8.96422,12.534,24.2256,26.2582,5.19642,14.1502,2.18745,0.386416,0,5.44896,8.18189,13.7084,15.7816,17.9407,30.6372,18.1257,4.75082,17.96,12.6934,12.1653,10.3661,5.06063,6.8524,18.5621,15.7428,7.56422,17.4543,18.0672,15.6596,6.7109,7.29697,29.7594,14.306,20.4053,24.7145,7.44168,1.8611,2.98899,3.67023,23.3286,20.1332,5.15204,20.6033,11.1282,16.2979,11.955,12.4039,25.2844,3.10754,18.1826,18.0926,13.7851,12.2098,5.15882,4.9837,15.291,19.222,4.16696,24.2456,19.7338,25.6898,3.52646,8.55788,20.7798,0.386416,11.0523,16.6281,7.49479,9.70664,17.0984,31.9501,15.0412,9.76588,25.9422,6.63375,16.7539,28.0241,7.86309,0.232542,29.8812,18.3745,19.3769,0.397615,22.8698,21.797,22.4532,5.007,0.386416,8.28551,18.8517,16.3054,14.0033,17.7883,16.6379,15.9475,10.49,31.9966,4.10547,16.2779,23.4238,
DUALS 61,2691.5,643868,635763,0,8.9581,5.54748,30.1019,13.2924,19.3785,13.2844,18.2822,32.017,12.6641,17.3448,8.83397,16.4584,6.91375,12.9071,9.76521,18.3526,1.82129,21.6767,13.7509,17.455,23.652,19.6193,25.0316,7.93845,8.36102,11.4625,14.6504,9.07455,8.6821,14.3254,4.64072,29.7856,18.2506,4.31175,18.7369,18.6215,14.5033,18.0526,0,9.72921,18.5366,19.9348,7.56241,13.5965,14.6345,17.6158,14.7524,15.6621,6.99621,15.011,14.4666,15.9875,4.88258,28.2613,20.5865,3.36389,17.9557,21.9576,9.72791,30.9662,3.4853,7.94599,1.30448,1.33511,22.1606,18.3896,1.68416,4.74499,23.9238,16.9427,6.37172,31.6803,17.9895,1.18949,24.9379,11.6652,2.24145,7.4915,14.6548,6.5872,10.5696,24.7406,14.1427,14.8176,14.9215,12.3893,13.8548,29.8745,8.5791,4.75975,11.9776,13.8802,13.6229,20.7172,3.20066,6.20176,13.365,19.712,5.1081,3.31328,8.96422,12.534,24.2256,26.2582,5.19642,14.1502,0,1.72152,1.33511,2.77874,8.18189,13.7084,15.7816,17.9407,30.6372,18.1257,4.75082,17.96,12.6934,12.1653,10.3661,5.06063,6.8524,18.5621,15.7428,7.56422,17.4543,18.0672,15.6596,6.7109,7.29697,29.7594,14.306,20.4053,24.7145,7.44168,1.8611,2.98899,3.67023,23.3286,20.1332,5.15204,20.6033,11.1282,16.2979,11.955,12.4039,25.2844,3.10754,18.1826,18.0926,13.7851,12.2098,6.49393,4.9837,15.291,19.222,4.16696,24.2456,19.7338,25.6898,0,8.55788,20.7798,1.72152,11.0523,16.6281,7.49479,9.70664,17.0984,31.9501,12.371,11.101,25.9422,6.63375,16.7539,28.0241,7.86309,1.56765,29.8812,18.3745,19.3769,0.397615,22.8698,21.797,22.4532,5.007,1.72152,8.28551,18.8517,16.3054,14.0033,17.7883,16.6379,15.9475,10.49,31.9966,4.10547,16.2779,23.4238,
DUALS 61,2691.5,643865,638214,0,8.9581,7.10594,30.1019,13.2924,17.82,13.2844,18.2822,32.017,12.6641,15.7863,8.83397,16.4584,8.47221,12.9071,9.76521,18.3526,3.37975,21.6767,13.7509,19.0135,23.652,19.6193,25.0316,7.93845,9.91948,11.4625,14.6504,9.07455,8.6821,14.3254,6.19918,29.7856,18.2506,2.75329,18.7369,18.6215,14.5033,18.0526,1.55846,9.72921,20.095,19.9348,9.12087,13.5965,14.6345,16.0573,14.7524,15.6621,6.99621,15.011,14.4666,15.9875,4.88258,28.2613,20.5865,3.36389,17.9557,21.9576,9.72791,30.9662,3.4853,7.94599,1.30448,2.89356,22.1606,18.3896,3.24261,4.74499,23.9238,16.9427,6.37172,31.6803,17.9895,1.18949,24.9379,11.6652,3.79991,9.04995,14.6548,8.14566,10.5696,24.7406,14.1427,14.8176,16.4799,12.3893,13.8548,29.8745,8.5791,6.31821,11.9776,13.8802,13.6229,20.7172,1.6422,6.20176,13.365,19.712,5.1081,3.31328,8.96422,12.534,24.2256,26.2582,5.19642,12.5917,1.55846,0.163064,1.33511,4.3372,8.18189,13.7084,15.7816,17.9407,30.6372,18.1257,4.75082,17.96,12.6934,12.1653,10.3661,5.06063,6.8524,18.5621,15.7428,7.56422,17.4543,16.5087,15.6596,6.7109,7.29697,29.7594,14.306,20.4053,24.7145,7.44168,1.8611,2.98899,3.67023,23.3286,20.1332,5.15204,20.6033,11.1282,16.2979,11.955,12.4039,25.2844,3.10754,18.1826,18.0926,13.7851,12.2098,6.49393,6.54216,15.291,19.222,2.6085,24.2456,19.7338,25.6898,1.55846,8.55788,20.7798,0.163064,11.0523,15.0696,7.49479,9.70664,17.0984,31.9501,13.9295,11.101,25.9422,8.19221,16.7539,28.0241,7.86309,1.56765,29.8812,18.3745,19.3769,0.397615,22.8698,21.797,22.4532,5.007,0.163064,8.28551,18.8517,16.3054,14.0033,16.2298,16.6379,15.9475,10.49,31.9966,4.10547,16.2779,23.4238,
DUALS 61,2691.5,643933,635829,0,8.9581,5.83523,30.1019,13.2924,19.0907,13.2844,18.2822,32.017,12.6641,17.057,8.83397,16.4584,7.20151,12.9071,9.76521,18.3526,2.10905,21.6767,13.7509,19.0135,23.652,19.6193,25.0316,9.20915,8.64878,11.4625,15.9211,9.07455,8.6821,14.3254,4.92848,29.7856,18.2506,4.024,18.7369,18.6215,14.5033,18.0526,0,9.72921,18.8243,19.9348,7.85017,13.5965,14.6345,17.328,14.7524,15.6621,6.99621,15.011,14.4666,15.9875,4.88258,28.2613,20.5865,3.36389,17.9557,21.9576,9.72791,30.9662,4.756,7.94599,1.30448,1.62286,22.1606,18.3896,1.97191,4.74499,23.9238,16.9427,6.37172,31.6803,17.9895,1.18949,24.9379,11.6652,2.52921,7.77925,14.6548,6.87496,10.5696,24.7406,14.1427,14.8176,15.2092,12.3893,13.8548,29.8745,8.5791,5.04751,11.9776,13.8802,13.6229,20.7172,2.9129,6.20176,13.365,19.712,5.1081,3.31328,8.96422,12.534,24.2256,26.2582,5.19642,13.8624,0,1.43377,0.0644044,5.6079,8.18189,13.7084,15.7816,17.9407,30.6372,18.1257,4.75082,17.96,12.6934,12.1653,10.3661,5.06063,6.8524,18.5621,15.7428,7.56422,17.4543,17.7794,15.6596,6.7109,7.29697,29.7594,14.306,20.4053,24.7145,7.44168,1.8611,2.98899,3.67023,23.3286,20.1332,5.15204,20.6033,11.1282,16.2979,11.955,12.4039,25.2844,3.10754,18.1826,18.0926,13.7851,12.2098,7.76463,5.27145,15.291,19.222,3.8792,24.2456,19.7338,25.6898,2.82916,8.55788,20.7798,1.43377,11.0523,16.3403,7.49479,9.70664,17.0984,31.9501,12.6588,12.3717,25.9422,6.92151,16.7539,28.0241,9.13379,0.296946,29.8812,18.3745,19.3769,0.397615,22.8698,21.797,22.4532,5.007,1.43377,8.28551,20.1224,16.3054,14.0033,17.5005,16.6379,15.9475,10.49,31.9966,4.10547,16.2779,23.4238,
STATS - lpIterations[1] lagIterations[173] sspIterations[3518] numSeparations[629] numCuts[0] compileTime[0] sspSolveTime[33] lpSolveTime[0] lb[2693.28] ub[2694.9] numArcs: [643933] numFixed: [635829] time: [61]
DUALS 61,2693.28,643924,642710,0,8.9581,5.83523,30.1019,13.2924,19.0907,13.2844,18.2822,32.017,12.6641,17.057,8.83397,16.4584,7.20151,12.9071,9.76521,18.3526,9.15582,21.6767,13.7509,19.0135,23.652,19.6193,25.0316,9.20915,8.64878,11.4625,15.9211,9.07455,8.6821,14.3254,4.92848,29.7856,18.2506,4.024,18.7369,18.6215,14.5033,18.0526,7.04677,9.72921,18.8243,19.9348,7.85017,13.5965,14.6345,17.328,14.7524,15.6621,6.99621,15.011,14.4666,15.9875,4.88258,28.2613,20.5865,3.36389,17.9557,21.9576,9.72791,30.9662,4.756,7.94599,1.30448,1.62286,22.1606,18.3896,1.97191,4.74499,23.9238,16.9427,6.37172,31.6803,17.9895,1.18949,24.9379,11.6652,2.52921,7.77925,14.6548,6.87496,10.5696,24.7406,14.1427,14.8176,15.2092,12.3893,13.8548,29.8745,8.5791,5.04751,11.9776,13.8802,13.6229,20.7172,2.9129,6.20176,13.365,19.712,5.1081,3.31328,8.96422,12.534,24.2256,26.2582,5.19642,13.8624,0,0,0.0644044,5.6079,8.18189,13.7084,15.7816,17.9407,30.6372,18.1257,4.75082,17.96,12.6934,12.1653,10.3661,5.06063,6.8524,18.5621,15.7428,7.56422,17.4543,17.7794,15.6596,6.7109,7.29697,29.7594,14.306,20.4053,24.7145,7.44168,1.8611,2.98899,3.67023,23.3286,20.1332,5.15204,20.6033,11.1282,16.2979,11.955,12.4039,25.2844,3.10754,18.1826,18.0926,13.7851,12.2098,7.76463,5.27145,15.291,19.222,3.8792,24.2456,19.7338,25.6898,0,8.55788,20.7798,0,11.0523,16.3403,7.49479,9.70664,17.0984,31.9501,12.6588,12.3717,25.9422,6.92151,16.7539,28.0241,9.13379,7.34372,29.8812,18.3745,19.3769,0.397615,22.8698,21.797,22.4532,5.007,0,8.28551,20.1224,16.3054,14.0033,17.5005,16.6379,15.9475,10.49,31.9966,4.10547,16.2779,23.4238,
DUALS 62,2693.28,644213,642984,0,8.9581,5.83523,30.1019,13.2924,19.0907,13.2844,18.2822,32.017,12.6641,17.057,8.83397,16.4584,7.20151,12.9071,9.76521,18.3526,1.28818,21.6767,13.7509,19.0135,23.652,19.6193,25.0316,9.20915,8.64878,11.4625,15.9211,9.07455,8.6821,14.3254,4.92848,29.7856,18.2506,5.59752,18.7369,18.6215,14.5033,18.0526,0,9.72921,18.8243,19.9348,7.85017,13.5965,14.6345,17.328,14.7524,15.6621,6.99621,15.011,14.4666,15.9875,4.88258,28.2613,20.5865,3.36389,17.9557,21.9576,9.72791,30.9662,4.756,7.94599,1.30448,1.62286,22.1606,18.3896,1.97191,4.74499,23.9238,16.9427,6.37172,31.6803,17.9895,1.18949,24.9379,11.6652,2.52921,7.77925,14.6548,6.87496,10.5696,24.7406,14.1427,14.8176,15.2092,12.3893,13.8548,29.8745,8.5791,6.62103,11.9776,13.8802,13.6229,20.7172,4.48643,6.20176,13.365,19.712,5.1081,3.31328,8.96422,12.534,24.2256,26.2582,5.19642,13.8624,1.57353,1.57353,1.63793,4.03438,8.18189,13.7084,15.7816,17.9407,30.6372,18.1257,4.75082,17.96,12.6934,12.1653,10.3661,5.06063,6.8524,18.5621,15.7428,7.56422,17.4543,17.7794,15.6596,6.7109,7.29697,29.7594,14.306,20.4053,24.7145,7.44168,1.8611,2.98899,3.67023,23.3286,20.1332,5.15204,20.6033,11.1282,16.2979,11.955,12.4039,25.2844,3.10754,18.1826,18.0926,13.7851,12.2098,7.76463,5.27145,15.291,19.222,5.45273,24.2456,19.7338,25.6898,1.57353,8.55788,20.7798,1.57353,11.0523,16.3403,7.49479,9.70664,17.0984,31.9501,12.6588,12.3717,25.9422,6.92151,16.7539,28.0241,9.13379,2.62314,29.8812,18.3745,19.3769,0.397615,22.8698,21.797,22.4532,5.007,1.57353,8.28551,20.1224,16.3054,14.0033,17.5005,16.6379,15.9475,10.49,31.9966,4.10547,16.2779,23.4238,
DUALS 62,2693.28,644325,643097,0,8.9581,5.83523,30.1019,13.2924,19.0907,13.2844,18.2822,32.017,12.6641,17.057,8.83397,16.4584,7.20151,12.9071,9.76521,18.3526,3.54412,21.6767,13.7509,19.0135,23.652,19.6193,25.0316,6.95321,10.9047,11.4625,15.9211,9.07455,8.6821,14.3254,7.18442,29.7856,18.2506,3.34158,18.7369,18.6215,14.5033,18.0526,2.25594,9.72921,18.8243,19.9348,7.85017,13.5965,14.6345,17.328,14.7524,15.6621,6.99621,15.011,14.4666,15.9875,4.88258,28.2613,20.5865,3.36389,17.9557,21.9576,9.72791,30.9662,2.50006,7.94599,1.30448,1.62286,22.1606,18.3896,1.97191,4.74499,23.9238,16.9427,6.37172,31.6803,17.9895,1.18949,24.9379,11.6652,4.78515,7.77925,14.6548,9.1309,10.5696,24.7406,14.1427,14.8176,15.2092,12.3893,13.8548,29.8745,8.5791,6.62103,11.9776,13.8802,13.6229,20.7172,2.23049,6.20176,13.365,19.712,5.1081,1.05734,8.96422,12.534,24.2256,26.2582,5.19642,13.8624,1.57353,1.57353,0,4.03438,8.18189,13.7084,15.7816,17.9407,30.6372,18.1257,4.75082,17.96,12.6934,12.1653,10.3661,5.06063,6.8524,18.5621,15.7428,7.56422,17.4543,17.7794,15.6596,6.7109,7.29697,29.7594,14.306,20.4053,24.7145,7.44168,1.8611,2.98899,3.67023,23.3286,20.1332,5.15204,20.6033,11.1282,16.2979,11.955,12.4039,25.2844,3.10754,18.1826,18.0926,13.7851,12.2098,3.25275,5.27145,15.291,19.222,3.19679,24.2456,19.7338,25.6898,3.82947,8.55788,20.7798,1.57353,11.0523,16.3403,7.49479,9.70664,17.0984,31.9501,14.9147,10.1158,25.9422,6.92151,16.7539,28.0241,9.13379,0,29.8812,18.3745,19.3769,0.397615,22.8698,21.797,22.4532,5.007,1.57353,8.28551,20.1224,16.3054,14.0033,17.5005,16.6379,15.9475,10.49,31.9966,4.10547,16.2779,23.4238,
DUALS 62,2693.28,644325,643137,0,8.9581,5.83523,30.1019,13.2924,19.0907,13.2844,18.2822,32.017,12.6641,17.057,8.83397,16.4584,7.20151,12.9071,9.76521,18.3526,1.37749,21.6767,13.7509,19.0135,23.652,19.6193,25.0316,9.11984,8.73808,11.4625,18.0877,9.07455,8.6821,14.3254,5.01778,29.7856,18.2506,3.34158,18.7369,18.6215,14.5033,18.0526,0,9.72921,16.6577,19.9348,7.85017,13.5965,14.6345,17.328,14.7524,15.6621,6.99621,15.011,14.4666,15.9875,4.88258,28.2613,20.5865,3.36389,17.9557,21.9576,9.72791,30.9662,4.6667,7.94599,1.30448,3.78949,22.1606,18.3896,1.97191,4.74499,23.9238,16.9427,6.37172,31.6803,17.9895,1.18949,24.9379,11.6652,2.61852,7.77925,14.6548,6.96426,10.5696,24.7406,14.1427,14.8176,13.0426,12.3893,13.8548,29.8745,8.5791,6.62103,11.9776,13.8802,13.6229,20.7172,2.23049,6.20176,13.365,19.712,5.1081,3.22397,8.96422,12.534,24.2256,26.2582,5.19642,13.8624,0,3.74016,2.16663,1.86774,8.18189,13.7084,15.7816,17.9407,30.6372,18.1257,4.75082,17.96,12.6934,12.1653,10.3661,5.06063,6.8524,18.5621,15.7428,7.56422,17.4543,17.7794,15.6596,6.7109,7.29697,29.7594,14.306,20.4053,24.7145,7.44168,1.8611,2.98899,3.67023,23.3286,20.1332,5.15204,20.6033,11.1282,16.2979,11.955,12.4039,25.2844,3.10754,18.1826,18.0926,13.7851,12.2098,5.41938,5.27145,15.291,19.222,3.19679,24.2456,19.7338,25.6898,0,8.55788,20.7798,3.74016,11.0523,16.3403,7.49479,9.70664,17.0984,31.9501,12.7481,12.2824,25.9422,6.92151,16.7539,28.0241,11.3004,2.16663,29.8812,18.3745,19.3769,0.397615,22.8698,21.797,22.4532,5.007,3.74016,8.28551,20.1224,16.3054,14.0033,17.5005,16.6379,15.9475,10.49,31.9966,4.10547,16.2779,23.4238,
DUALS 63,2693.28,644319,643137,0,8.9581,5.83523,30.1019,13.2924,19.0907,13.2844,18.2822,32.017,12.6641,17.057,8.83397,16.4584,7.20151,12.9071,9.76521,18.3526,7.64635,21.6767,13.7509,19.0135,23.652,19.6193,25.0316,9.11984,8.73808,11.4625,18.0877,9.07455,8.6821,14.3254,5.01778,29.7856,18.2506,3.34158,18.7369,18.6215,14.5033,18.0526,6.26886,9.72921,16.6577,19.9348,7.85017,13.5965,14.6345,17.328,14.7524,15.6621,6.99621,15.011,14.4666,15.9875,4.88258,28.2613,20.5865,3.36389,17.9557,21.9576,9.72791,30.9662,4.6667,7.94599,1.30448,0,22.1606,18.3896,1.97191,4.74499,23.9238,16.9427,6.37172,31.6803,17.9895,1.18949,24.9379,11.6652,2.61852,7.77925,14.6548,6.96426,10.5696,24.7406,14.1427,14.8176,13.0426,12.3893,13.8548,29.8745,8.5791,6.62103,11.9776,13.8802,13.6229,20.7172,2.23049,6.20176,13.365,19.712,5.1081,3.22397,8.96422,12.534,24.2256,26.2582,5.19642,13.8624,0,0,0,8.13661,8.18189,13.7084,15.7816,17.9407,30.6372,18.1257,4.75082,17.96,12.6934,12.1653,10.3661,5.06063,6.8524,18.5621,15.7428,7.56422,17.4543,17.7794,15.6596,6.7109,7.29697,29.7594,14.306,20.4053,24.7145,7.44168,1.8611,2.98899,3.67023,23.3286,20.1332,5.15204,20.6033,11.1282,16.2979,11.955,12.4039,25.2844,3.10754,18.1826,18.0926,13.7851,12.2098,5.41938,5.27145,15.291,19.222,3.19679,24.2456,19.7338,25.6898,6.26886,8.55788,20.7798,0,11.0523,16.3403,7.49479,9.70664,17.0984,31.9501,12.7481,12.2824,25.9422,6.92151,16.7539,28.0241,11.3004,0,29.8812,18.3745,19.3769,0.397615,22.8698,21.797,22.4532,5.007,0,8.28551,20.1224,16.3054,14.0033,17.5005,16.6379,15.9475,10.49,31.9966,4.10547,16.2779,23.4238,
DUALS 63,2693.28,645012,637347,0,8.9581,5.83523,30.1019,13.2924,19.0907,13.2844,18.2822,32.017,12.6641,17.057,8.83397,16.4584,7.20151,12.9071,9.76521,18.3526,1.34015,21.6767,13.7509,19.0135,23.652,19.6193,25.0316,9.11984,8.73808,11.4625,18.0877,9.07455,8.6821,14.3254,5.01778,29.7856,18.2506,3.34158,18.7369,18.6215,14.5033,18.0526,0,9.72921,16.6577,19.9348,7.85017,13.5965,14.6345,17.328,14.7524,15.6621,6.99621,15.011,14.4666,15.9875,4.88258,28.2613,20.5865,3.36389,17.9557,21.9576,9.72791,30.9662,4.6667,7.94599,1.30448,1.57655,22.1606,18.3896,1.97191,4.74499,23.9238,16.9427,6.37172,31.6803,17.9895,1.18949,24.9379,11.6652,4.19507,7.77925,14.6548,6.96426,10.5696,24.7406,14.1427,14.8176,13.0426,12.3893,13.8548,29.8745,8.5791,6.62103,11.9776,13.8802,13.6229,20.7172,3.80704,6.20176,13.365,19.712,5.1081,3.22397,8.96422,12.534,24.2256,26.2582,5.19642,13.8624,1.57655,1.57655,1.57655,6.56006,8.18189,13.7084,15.7816,17.9407,30.6372,18.1257,4.75082,17.96,12.6934,12.1653,10.3661,5.06063,6.8524,18.5621,15.7428,7.56422,17.4543,17.7794,15.6596,6.7109,7.29697,29.7594,14.306,20.4053,24.7145,7.44168,1.8611,2.98899,3.67023,23.3286,20.1332,5.15204,20.6033,11.1282,16.2979,11.955,12.4039,25.2844,3.10754,18.1826,18.0926,13.7851,12.2098,5.41938,6.848,15.291,19.222,4.77334,24.2456,19.7338,25.6898,4.69231,8.55788,20.7798,1.57655,11.0523,16.3403,7.49479,9.70664,17.0984,31.9501,12.7481,12.2824,25.9422,6.92151,16.7539,28.0241,11.3004,1.57655,29.8812,18.3745,19.3769,0.397615,22.8698,21.797,22.4532,5.007,1.57655,8.28551,20.1224,16.3054,14.0033,17.5005,16.6379,15.9475,10.49,31.9966,4.10547,16.2779,23.4238,
DUALS 63,2693.28,645200,637532,0,8.9581,5.83523,30.1019,13.2924,19.0907,13.2844,18.2822,32.017,12.6641,17.057,8.83397,16.4584,7.20151,10.4776,9.76521,18.3526,3.76967,21.6767,13.7509,19.0135,23.652,19.6193,25.0316,9.11984,8.73808,11.4625,15.6582,6.64503,8.6821,14.3254,5.01778,29.7856,18.2506,3.34158,18.7369,18.6215,14.5033,18.0526,2.42951,7.2997,16.6577,19.9348,7.85017,13.5965,14.6345,17.328,14.7524,15.6621,6.99621,15.011,14.4666,15.9875,4.88258,28.2613,20.5865,3.36389,17.9557,21.9576,9.72791,30.9662,4.6667,7.94599,1.30448,1.57655,22.1606,18.3896,1.97191,4.74499,23.9238,16.9427,6.37172,31.6803,17.9895,0,24.9379,11.6652,4.19507,7.77925,14.6548,6.96426,10.5696,24.7406,14.1427,14.8176,13.0426,12.3893,13.8548,29.8745,8.5791,6.62103,11.9776,13.8802,13.6229,20.7172,3.80704,3.77225,13.365,19.712,5.1081,3.22397,8.96422,12.534,24.2256,26.2582,5.19642,13.8624,1.57655,0,1.57655,6.56006,8.18189,13.7084,15.7816,17.9407,30.6372,18.1257,4.75082,17.96,12.6934,12.1653,10.3661,5.06063,6.8524,18.5621,15.7428,7.56422,17.4543,17.7794,15.6596,4.28139,7.29697,29.7594,14.306,20.4053,24.7145,7.44168,1.8611,2.98899,3.67023,23.3286,20.1332,5.15204,20.6033,11.1282,16.2979,11.955,12.4039,25.2844,0.678032,18.1826,18.0926,11.3556,7.35077,5.41938,6.848,15.291,19.222,4.77334,24.2456,19.7338,25.6898,2.2628,8.55788,20.7798,0,11.0523,16.3403,7.49479,9.70664,17.0984,31.9501,12.7481,9.85287,25.9422,6.92151,16.7539,28.0241,8.87091,1.57655,29.8812,18.3745,19.3769,0.397615,22.8698,21.797,22.4532,5.007,0,8.28551,20.1224,16.3054,14.0033,17.5005,16.6379,15.9475,10.49,31.9966,4.10547,16.2779,23.4238,
DUALS 64,2693.28,645185,637546,0,8.9581,5.83523,30.1019,13.2924,19.0907,13.2844,18.2822,32.017,12.6641,17.057,8.83397,16.4584,7.20151,10.4776,9.76521,18.3526,0.57003,21.6767,13.7509,19.0135,23.652,19.6193,25.0316,9.11984,8.73808,14.6621,15.6582,9.84467,8.6821,14.3254,5.01778,29.7856,18.2506,3.34158,18.7369,18.6215,14.5033,18.0526,0,10.4993,16.6577,19.9348,7.85017,13.5965,14.6345,17.328,14.7524,18.8618,6.99621,15.011,14.4666,15.9875,4.88258,28.2613,20.5865,3.36389,17.9557,21.9576,9.72791,30.9662,4.6667,7.94599,1.30448,1.57655,22.1606,18.3896,1.97191,4.74499,23.9238,16.9427,6.37172,31.6803,17.9895,3.19964,24.9379,11.6652,4.19507,7.77925,14.6548,6.96426,10.5696,24.7406,14.1427,14.8176,13.0426,12.3893,13.8548,29.8745,8.5791,6.62103,11.9776,13.8802,13.6229,20.7172,3.80704,6.97188,13.365,19.712,5.1081,3.22397,8.96422,12.534,24.2256,26.2582,5.19642,13.8624,0,3.19964,1.57655,3.36042,8.18189,13.7084,15.7816,17.9407,30.6372,18.1257,4.75082,17.96,12.6934,12.1653,10.3661,5.06063,6.8524,18.5621,15.7428,7.56422,17.4543,17.7794,15.6596,7.48103,7.29697,29.7594,17.5056,20.4053,24.7145,7.44168,1.8611,2.98899,3.67023,23.3286,20.1332,5.15204,20.6033,11.1282,16.2979,11.955,12.4039,25.2844,3.87767,18.1826,18.0926,14.5552,10.5504,5.41938,6.848,15.291,19.222,4.77334,24.2456,19.7338,25.6898,2.2628,8.55788,20.7798,3.19964,11.0523,16.3403,7.49479,12.9063,17.0984,31.9501,12.7481,9.85287,25.9422,6.92151,16.7539,28.0241,8.87091,0,29.8812,18.3745,19.3769,0.397615,22.8698,21.797,22.4532,5.007,3.19964,8.28551,20.1224,16.3054,14.0033,17.5005,16.6379,15.9475,10.49,31.9966,4.10547,16.2779,23.4238,
DUALS 64,2693.28,646013,638345,0,8.9581,5.83523,30.1019,13.2924,19.0907,13.2844,18.2822,32.017,12.6641,17.057,8.83397,16.4584,7.20151,9.59736,9.76521,18.3526,0.790099,21.6767,13.5308,19.0135,23.652,19.6193,25.0316,9.33991,8.95815,13.3417,15.8783,8.52425,8.6821,14.1053,5.23785,29.7856,18.2506,3.34158,18.7369,18.6215,14.5033,18.0526,0,9.39899,16.6577,19.9348,7.85017,13.5965,14.6345,17.328,14.7524,17.5413,6.99621,15.011,14.4666,15.9875,4.88258,28.2613,20.5865,3.36389,17.9557,21.9576,9.50785,30.9662,4.88677,7.94599,1.30448,1.79662,22.1606,18.3896,1.97191,4.74499,23.9238,16.9427,6.37172,31.6803,17.9895,1.65915,24.9379,11.6652,4.41513,7.77925,14.6548,7.18433,10.5696,24.7406,14.1427,14.8176,13.2627,12.3893,13.8548,29.8745,8.35903,6.62103,11.9776,13.8802,13.6229,20.7172,3.80704,5.65147,13.1449,19.712,5.1081,3.44404,8.96422,12.534,24.2256,26.2582,4.97635,13.8624,0.220069,2.97957,1.79662,3.58049,8.18189,13.7084,15.7816,17.9407,30.6372,18.1257,4.75082,17.96,12.6934,11.9453,10.3661,5.06063,6.8524,18.5621,15.7428,7.56422,17.4543,17.7794,15.6596,6.16061,7.0769,29.7594,17.0655,20.4053,24.7145,7.44168,1.8611,2.98899,3.67023,23.3286,20.1332,5.15204,20.6033,11.1282,16.2979,11.955,12.4039,25.2844,2.99739,18.1826,18.0926,13.2348,9.45006,5.63945,6.848,15.291,19.222,4.77334,24.2456,19.7338,25.6898,2.2628,8.55788,20.7798,2.97957,11.0523,16.3403,7.49479,11.3658,17.0984,31.9501,12.9682,10.0729,25.9422,6.92151,16.7539,28.0241,8.87091,0.220069,29.8812,18.3745,19.3769,0.397615,22.8698,21.797,22.4532,5.007,2.97957,8.28551,20.1224,16.3054,13.7832,17.5005,16.6379,15.9475,10.2699,31.9966,4.10547,16.2779,23.4238,
DUALS 64,2693.28,646013,640097,0,8.9581,5.83523,30.1019,13.2924,19.0907,13.2844,18.2822,32.017,12.6641,17.057,8.83397,16.4584,7.20151,12.6147,6.74788,18.3526,3.80743,21.6767,13.5308,19.0135,23.652,19.6193,25.0316,9.33991,8.95815,10.3244,15.8783,8.52425,8.6821,14.1053,5.23785,29.7856,18.2506,3.34158,18.7369,18.6215,14.5033,18.0526,3.01733,6.38166,16.6577,19.9348,7.85017,13.5965,14.6345,17.328,14.7524,14.524,6.99621,15.011,14.4666,15.9875,4.88258,28.2613,20.5865,3.36389,17.9557,21.9576,6.49052,30.9662,4.88677,7.94599,1.30448,1.79662,22.1606,18.3896,1.97191,4.74499,23.9238,16.9427,6.37172,31.6803,17.9895,1.65915,24.9379,11.6652,4.41513,7.77925,14.6548,7.18433,10.5696,24.7406,14.1427,14.8176,13.2627,12.3893,13.8548,29.8745,5.3417,6.62103,11.9776,13.8802,13.6229,20.7172,3.80704,5.65147,13.1449,19.712,5.1081,3.44404,8.96422,12.534,24.2256,26.2582,1.95903,13.8624,0.220069,0,1.79662,3.58049,8.18189,13.7084,15.7816,17.9407,30.6372,18.1257,4.75082,17.96,12.6934,11.9453,10.3661,5.06063,6.8524,18.5621,15.7428,7.56422,17.4543,17.7794,15.6596,6.16061,7.0769,29.7594,14.0482,20.4053,24.7145,7.44168,1.8611,2.98899,3.67023,23.3286,20.1332,5.15204,20.6033,11.1282,16.2979,11.955,12.4039,25.2844,2.99739,18.1826,18.0926,10.2175,6.43273,5.63945,6.848,15.291,19.222,4.77334,24.2456,19.7338,25.6898,0,8.55788,20.7798,0,11.0523,16.3403,7.49479,8.34846,17.0984,31.9501,12.9682,10.0729,25.9422,6.92151,16.7539,28.0241,8.87091,3.2374,29.8812,18.3745,19.3769,0.397615,22.8698,21.797,22.4532,5.007,0,8.28551,20.1224,16.3054,13.7832,17.5005,16.6379,15.9475,10.2699,31.9966,4.10547,16.2779,23.4238,
DUALS 64,2693.28,646013,640097,0,8.9581,5.83523,30.1019,13.2924,19.0907,13.2844,18.2822,32.017,12.6641,17.057,8.83397,16.4584,7.20151,12.6147,9.95063,18.3526,0.604682,21.6767,13.5308,19.0135,23.652,19.6193,25.0316,9.33991,8.95815,13.5271,15.8783,8.52425,8.6821,14.1053,5.23785,29.7856,18.2506,3.34158,18.7369,18.6215,14.5033,18.0526,0,9.58441,16.6577,19.9348,7.85017,13.5965,14.6345,17.328,14.7524,17.7268,6.99621,15.011,14.4666,15.9875,4.88258,28.2613,20.5865,3.36389,17.9557,21.9576,9.69326,30.9662,4.88677,7.94599,1.30448,0,22.1606,18.3896,1.97191,4.74499,23.9238,16.9427,6.37172,31.6803,17.9895,1.65915,24.9379,11.6652,4.41513,7.77925,14.6548,7.18433,10.5696,24.7406,14.1427,14.8176,13.2627,12.3893,13.8548,29.8745,8.54445,6.62103,11.9776,13.8802,13.6229,20.7172,3.80704,5.65147,13.1449,19.712,5.1081,3.44404,8.96422,12.534,24.2256,26.2582,5.16177,13.8624,0,3.20274,0,3.58049,8.18189,13.7084,15.7816,17.9407,30.6372,18.1257,4.75082,17.96,12.6934,11.9453,10.3661,5.06063,6.8524,18.5621,15.7428,7.56422,17.4543,17.7794,15.6596,6.16061,7.0769,29.7594,17.2509,20.4053,24.7145,7.44168,1.8611,2.98899,3.67023,23.3286,20.1332,5.15204,20.6033,11.1282,16.2979,11.955,12.4039,25.2844,2.99739,18.1826,18.0926,13.4202,9.63548,5.63945,6.848,15.291,19.222,4.77334,24.2456,19.7338,25.6898,3.20274,8.55788,20.7798,3.20274,11.0523,16.3403,7.49479,11.5512,17.0984,31.9501,12.9682,10.0729,25.9422,6.92151,16.7539,28.0241,8.87091,0,29.8812,18.3745,19.3769,0.397615,22.8698,21.797,22.4532,5.007,3.20274,8.28551,20.1224,16.3054,13.7832,17.5005,16.6379,15.9475,10.2699,31.9966,4.10547,16.2779,23.4238,
DUALS 65,2693.28,646115,638439,0,8.9581,5.83523,30.1019,13.2924,19.0907,13.2844,18.2822,32.017,12.6641,17.057,8.83397,16.4584,7.20151,8.68673,8.96864,18.3526,1.58667,21.6767,13.5308,19.0135,23.652,19.6193,25.0316,10.3219,8.95815,11.5631,16.8603,7.54227,8.6821,14.1053,5.23785,29.7856,18.2506,3.34158,18.7369,18.6215,14.5033,18.0526,0.981989,8.60242,16.6577,19.9348,7.85017,13.5965,14.6345,17.328,14.7524,16.7448,6.99621,15.011,14.4666,15.9875,4.88258,28.2613,20.5865,3.36389,17.9557,21.9576,8.71127,30.9662,5.86876,7.94599,1.30448,0.981989,22.1606,18.3896,1.97191,4.74499,23.9238,16.9427,6.37172,31.6803,17.9895,0.677162,24.9379,11.6652,4.41513,7.77925,14.6548,7.18433,10.5696,24.7406,14.1427,14.8176,13.2627,12.3893,13.8548,29.8745,7.56246,6.62103,11.9776,13.8802,13.6229,20.7172,3.80704,4.66948,13.1449,19.712,5.1081,4.42603,8.96422,12.534,24.2256,26.2582,4.17978,13.8624,0.981989,2.22075,0.981989,3.58049,8.18189,13.7084,15.7816,17.9407,30.6372,18.1257,4.75082,17.96,12.6934,11.9453,10.3661,5.06063,6.8524,18.5621,15.7428,7.56422,17.4543,17.7794,15.6596,5.17862,7.0769,29.7594,15.2869,20.4053,24.7145,7.44168,1.8611,2.98899,3.67023,23.3286,20.1332,5.15204,20.6033,11.1282,16.2979,11.955,12.4039,25.2844,2.0154,18.1826,18.0926,11.4562,9.63548,6.62144,6.848,15.291,19.222,4.77334,24.2456,19.7338,25.6898,2.22075,8.55788,20.7798,2.22075,11.0523,16.3403,7.49479,8.60524,17.0984,31.9501,12.9682,11.0549,25.9422,6.92151,16.7539,28.0241,9.8529,0.981989,29.8812,18.3745,19.3769,0.397615,22.8698,21.797,22.4532,5.007,2.22075,8.28551,20.1224,16.3054,13.7832,17.5005,16.6379,15.9475,10.2699,31.9966,4.10547,16.2779,23.4238,
DUALS 65,2693.28,646109,639129,0,8.9581,5.83523,30.1019,13.2924,19.0907,13.2844,18.2822,32.017,12.6641,17.057,8.83397,16.4584,7.20151,10.7341,11.016,18.3526,3.63408,21.6767,15.5782,19.0135,23.652,19.6193,25.0316,10.3219,8.95815,13.6106,16.8603,9.58968,8.6821,16.1527,5.23785,29.7856,18.2506,3.34158,18.7369,18.6215,14.5033,18.0526,0.981989,10.6498,16.6577,19.9348,7.85017,13.5965,14.6345,17.328,14.7524,18.7922,6.99621,15.011,14.4666,15.9875,4.88258,28.2613,20.5865,3.36389,17.9557,21.9576,10.7587,30.9662,5.86876,7.94599,1.30448,3.0294,22.1606,18.3896,1.97191,4.74499,23.9238,16.9427,6.37172,31.6803,17.9895,2.72457,24.9379,11.6652,4.41513,7.77925,14.6548,7.18433,10.5696,24.7406,14.1427,14.8176,13.2627,12.3893,13.8548,29.8745,9.60987,6.62103,11.9776,13.8802,13.6229,20.7172,3.80704,6.71689,15.1923,19.712,5.1081,4.42603,8.96422,12.534,24.2256,26.2582,6.22719,13.8624,0.981989,0.173344,0.981989,3.58049,8.18189,13.7084,15.7816,17.9407,30.6372,18.1257,4.75082,17.96,12.6934,13.9927,10.3661,5.06063,6.8524,18.5621,15.7428,7.56422,17.4543,17.7794,15.6596,7.22603,7.0769,29.7594,17.3343,20.4053,24.7145,7.44168,1.8611,2.98899,3.67023,23.3286,20.1332,5.15204,20.6033,11.1282,16.2979,11.955,12.4039,25.2844,4.06281,18.1826,18.0926,13.5036,11.6829,6.62144,6.848,15.291,19.222,4.77334,24.2456,19.7338,25.6898,0.173344,8.55788,20.7798,0.173344,11.0523,16.3403,7.49479,10.6526,17.0984,31.9501,12.9682,11.0549,25.9422,6.92151,16.7539,28.0241,9.8529,0.981989,29.8812,18.3745,19.3769,0.397615,22.8698,21.797,22.4532,5.007,0.173344,8.28551,20.1224,16.3054,15.8306,17.5005,16.6379,15.9475,12.3174,31.9966,4.10547,16.2779,23.4238,
DUALS 65,2693.28,646198,638526,0,8.9581,5.83523,30.1019,13.2924,19.0907,13.2844,18.2822,32.017,12.6641,17.057,8.83397,16.4584,7.20151,10.0892,9.08112,18.3526,2.98911,21.6767,12.9983,19.0135,23.652,19.6193,25.0316,10.3219,8.95815,12.9656,16.8603,8.29972,8.6821,14.8628,5.23785,29.7856,18.2506,3.34158,18.7369,18.6215,14.5033,18.0526,0.337013,10.0049,16.6577,19.9348,7.85017,14.2415,14.6345,17.328,14.7524,18.1472,6.99621,15.011,14.4666,15.9875,4.88258,28.2613,20.5865,3.36389,17.9557,21.9576,8.82375,30.9662,5.86876,7.94599,1.30448,2.38442,22.1606,18.3896,1.97191,5.38997,23.9238,16.9427,6.37172,31.6803,17.9895,1.43462,24.9379,12.3101,4.41513,7.77925,14.6548,7.18433,10.5696,24.7406,14.1427,14.8176,13.2627,12.3893,13.8548,29.8745,7.67494,6.62103,11.9776,13.8802,13.6229,20.7172,3.80704,5.42694,12.6124,19.712,5.1081,4.42603,8.96422,13.179,24.2256,26.2582,4.29226,13.8624,0.337013,0.818321,0.337013,4.22547,8.18189,13.7084,15.7816,17.9407,30.6372,18.1257,4.75082,17.96,12.6934,12.7027,10.3661,5.06063,6.8524,18.5621,15.7428,7.56422,17.4543,17.7794,15.6596,5.93608,7.0769,29.7594,16.6894,20.4053,24.7145,7.44168,1.8611,2.98899,3.67023,23.3286,20.1332,5.15204,20.6033,11.1282,16.2979,12.5999,12.4039,25.2844,2.77286,18.1826,18.0926,12.8587,11.0379,6.62144,6.848,15.291,19.222,4.77334,24.2456,19.7338,25.6898,0.818321,8.55788,20.7798,0.818321,11.0523,16.3403,7.49479,8.71772,17.0984,31.9501,12.9682,11.0549,25.9422,6.92151,16.7539,28.0241,9.20792,0.337013,29.8812,18.3745,19.3769,0.397615,22.8698,21.797,22.4532,5.007,0.818321,8.28551,20.1224,16.3054,13.2507,17.5005,16.6379,15.9475,9.73745,31.9966,4.10547,16.2779,23.4238,
DUALS 66,2693.28,647122,639427,0,8.9581,5.83523,30.1019,13.2924,19.0907,13.2844,18.2822,32.017,12.6641,17.057,8.83397,16.4584,7.20151,11.2078,10.1997,18.3526,1.87051,21.6767,14.1169,19.0135,23.652,19.6193,25.0316,10.3219,8.95815,14.0842,16.8603,9.41831,7.56351,14.8628,5.23785,29.7856,18.2506,3.34158,18.7369,18.6215,14.5033,18.0526,0.337013,11.1234,16.6577,18.8162,7.85017,13.1229,14.6345,17.328,14.7524,17.0286,6.99621,13.8924,14.4666,15.9875,4.88258,28.2613,20.5865,3.36389,17.9557,21.9576,9.94234,30.9662,5.86876,7.94599,1.30448,2.38442,22.1606,18.3896,1.97191,3.15279,23.9238,16.9427,6.37172,31.6803,17.9895,2.55321,24.9379,11.1915,4.41513,7.77925,13.5362,7.18433,10.5696,24.7406,14.1427,14.8176,13.2627,12.3893,12.7362,29.8745,8.79353,6.62103,11.9776,13.8802,13.6229,20.7172,3.80704,6.54553,13.731,19.712,5.1081,4.42603,8.96422,12.0604,24.2256,26.2582,5.41085,13.8624,0.337013,1.93691,0.337013,4.22547,8.18189,12.5898,15.7816,17.9407,30.6372,18.1257,4.75082,17.96,12.6934,13.8213,10.3661,5.06063,5.73381,18.5621,15.7428,7.56422,17.4543,17.7794,15.6596,7.05467,7.0769,29.7594,16.6894,20.4053,24.7145,7.44168,1.8611,2.98899,3.67023,23.3286,20.1332,5.15204,20.6033,11.1282,16.2979,10.3627,12.4039,25.2844,2.77286,18.1826,18.0926,13.9773,12.1565,6.62144,6.848,14.1724,19.222,4.77334,24.2456,19.7338,25.6898,1.93691,8.55788,20.7798,1.93691,11.0523,16.3403,6.3762,9.83631,18.217,31.9501,12.9682,11.0549,25.9422,6.92151,16.7539,28.0241,9.20792,1.4556,29.8812,18.3745,19.3769,0.397615,22.8698,21.797,22.4532,5.007,1.93691,8.28551,20.1224,16.3054,14.3693,17.5005,16.6379,15.9475,10.856,31.9966,4.10547,16.2779,23.4238,
DUALS 66,2693.28,647500,639795,0,8.9581,5.83523,30.1019,13.2924,19.0907,13.2844,18.2822,32.017,12.6641,17.057,8.83397,16.4584,7.20151,10.8306,9.82259,18.3526,2.24764,21.6767,13.3627,19.0135,23.652,19.6193,25.0316,10.3219,8.95815,12.9528,16.8603,7.90982,7.94064,13.7314,5.23785,29.7856,18.2506,3.34158,18.7369,18.6215,14.5033,18.0526,0.337013,10.3692,16.6577,19.1933,7.85017,13.5001,14.6345,17.328,14.7524,16.6515,6.99621,14.2695,14.4666,15.9875,4.88258,28.2613,20.5865,3.36389,17.9557,21.9576,9.56522,30.9662,5.86876,7.94599,1.30448,2.38442,22.1606,18.3896,1.97191,3.52991,23.9238,16.9427,6.37172,31.6803,17.9895,1.04472,24.9379,11.5687,4.41513,7.77925,13.9133,7.18433,10.5696,24.7406,14.1427,14.8176,13.2627,12.3893,13.1133,29.8745,8.41641,6.62103,11.9776,13.8802,13.6229,20.7172,3.80704,5.03703,12.9768,19.712,5.1081,4.42603,8.96422,12.4375,24.2256,26.2582,5.03373,13.8624,0.337013,1.55979,0.337013,4.22547,8.18189,12.9669,15.7816,17.9407,30.6372,18.1257,4.75082,17.96,12.6934,13.4442,10.3661,5.06063,6.11093,18.5621,15.7428,7.56422,17.4543,17.7794,15.6596,5.54618,7.0769,29.7594,15.9351,20.7824,24.7145,7.44168,1.8611,2.98899,3.67023,23.3286,20.1332,5.15204,20.6033,11.1282,16.2979,10.7399,12.4039,25.2844,1.26437,18.1826,18.0926,12.8459,10.2709,6.62144,6.848,14.5495,19.222,4.77334,24.2456,19.7338,25.6898,2.31403,8.55788,20.7798,1.55979,11.0523,16.3403,6.75332,9.08206,18.5942,31.9501,12.9682,11.0549,25.9422,6.92151,16.7539,28.0241,8.8308,1.07848,29.8812,18.3745,19.3769,0.397615,22.8698,21.797,22.4532,5.007,1.55979,8.28551,20.1224,16.3054,13.615,17.5005,16.6379,15.9475,10.1018,31.9966,4.10547,16.2779,23.4238,
DUALS 67,2693.28,647487,644911,0,8.9581,5.83523,30.1019,13.2924,19.0907,13.2844,18.2822,32.017,12.6641,17.057,8.83397,16.4584,7.20151,10.8306,7.80394,18.3526,4.26629,21.6767,13.3627,19.0135,23.652,19.6193,25.0316,10.3219,8.95815,12.9528,16.8603,9.92847,9.95929,13.7314,5.23785,29.7856,18.2506,3.34158,18.7369,18.6215,14.5033,18.0526,0.337013,10.3692,16.6577,21.212,7.85017,13.5001,14.6345,17.328,14.7524,16.6515,6.99621,16.2882,14.4666,15.9875,4.88258,28.2613,20.5865,3.36389,17.9557,21.9576,7.54657,30.9662,5.86876,7.94599,1.30448,2.38442,22.1606,18.3896,1.97191,3.52991,23.9238,16.9427,6.37172,31.6803,17.9895,3.06337,24.9379,11.5687,4.41513,7.77925,15.932,7.18433,10.5696,24.7406,14.1427,14.8176,13.2627,12.3893,15.132,29.8745,6.39776,6.62103,11.9776,13.8802,13.6229,20.7172,3.80704,7.05568,12.9768,19.712,5.1081,4.42603,8.96422,12.4375,24.2256,26.2582,3.01508,13.8624,0.337013,0,0.337013,4.22547,8.18189,14.9856,15.7816,17.9407,30.6372,18.1257,4.75082,17.96,12.6934,13.4442,10.3661,5.06063,8.12958,18.5621,15.7428,7.56422,17.4543,17.7794,15.6596,7.56483,7.0769,29.7594,15.9351,22.801,24.7145,7.44168,1.8611,2.98899,3.67023,23.3286,20.1332,5.15204,20.6033,11.1282,16.2979,10.7399,12.4039,25.2844,3.28302,18.1826,18.0926,12.8459,10.2709,6.62144,6.848,16.5682,19.222,4.77334,24.2456,19.7338,25.6898,0.295384,8.55788,20.7798,0,11.0523,16.3403,8.77197,9.08206,20.6128,31.9501,12.9682,11.0549,25.9422,6.92151,16.7539,28.0241,8.8308,1.07848,29.8812,18.3745,19.3769,0.397615,22.8698,21.797,22.4532,5.007,0,8.28551,20.1224,16.3054,13.615,17.5005,16.6379,15.9475,10.1018,31.9966,4.10547,16.2779,23.4238,
DUALS 67,2693.28,648059,640363,0,8.9581,5.83523,30.1019,13.2924,19.0907,13.2844,18.2822,32.017,12.6641,17.057,8.83397,16.4584,7.20151,11.5918,8.56512,18.3526,2.74392,21.6767,12.6015,19.0135,23.652,19.6193,25.0316,10.3219,8.95815,13.714,16.8603,9.16728,7.67573,12.9702,5.23785,29.7856,18.2506,3.34158,18.7369,18.6215,14.5033,18.0526,1.0982,11.1304,16.6577,18.9284,7.85017,14.2612,14.6345,17.328,14.7524,16.6515,6.99621,14.0046,14.4666,15.9875,4.88258,28.2613,20.5865,3.36389,17.9557,21.9576,7.54657,30.9662,5.86876,7.94599,1.30448,2.38442,22.1606,18.3896,1.97191,4.2911,23.9238,16.9427,6.37172,31.6803,17.9895,2.30218,24.9379,12.3299,4.41513,7.77925,13.6484,7.18433,10.5696,24.7406,14.1427,14.8176,13.2627,12.3893,12.8484,29.8745,7.15894,6.62103,11.9776,13.8802,13.6229,20.7172,3.80704,6.2945,12.2156,19.712,5.1081,4.42603,8.96422,13.1987,24.2256,26.2582,3.77626,13.8624,1.0982,0.761187,0.337013,4.22547,8.18189,12.702,15.7816,17.9407,30.6372,18.1257,4.75082,17.96,12.6934,12.683,10.3661,5.06063,5.84602,18.5621,15.7428,7.56422,17.4543,17.7794,15.6596,6.80364,7.83809,29.7594,15.9351,21.2787,24.7145,7.44168,1.8611,2.98899,3.67023,23.3286,20.1332,5.15204,20.6033,11.1282,16.2979,11.5011,12.4039,25.2844,1.76064,18.1826,18.0926,13.6071,11.0321,6.62144,6.848,14.2846,19.222,4.77334,24.2456,19.7338,25.6898,1.05657,8.55788,20.7798,0.761187,11.0523,16.3403,7.2496,9.84325,19.8516,31.9501,12.9682,11.0549,25.9422,6.92151,16.7539,28.0241,8.8308,1.07848,29.8812,18.3745,19.3769,0.397615,22.8698,21.797,22.4532,5.007,0.761187,8.28551,20.1224,16.3054,12.8538,17.5005,16.6379,15.9475,9.34061,31.9966,4.10547,16.2779,23.4238,
DUALS 67,2693.28,648046,641863,0,8.9581,5.83523,30.1019,13.2924,19.0907,13.2844,18.2822,32.017,12.6641,17.057,8.83397,16.4584,7.20151,9.9453,10.2116,18.3526,1.09739,21.6767,12.6015,19.0135,23.652,19.6193,25.0316,10.3219,8.95815,13.714,16.8603,7.52076,9.32225,12.9702,5.23785,29.7856,18.2506,3.34158,18.7369,18.6215,14.5033,18.0526,0,11.1304,16.6577,20.5749,7.85017,14.2612,14.6345,17.328,14.7524,16.6515,6.99621,15.6511,14.4666,15.9875,4.88258,28.2613,20.5865,3.36389,17.9557,21.9576,9.19309,30.9662,5.86876,7.94599,1.30448,2.38442,22.1606,18.3896,1.97191,4.2911,23.9238,16.9427,6.37172,31.6803,17.9895,0.655658,24.9379,12.3299,4.41513,7.77925,15.2949,7.18433,10.5696,24.7406,14.1427,14.8176,13.2627,12.3893,14.4949,29.8745,8.80547,6.62103,11.9776,13.8802,13.6229,20.7172,3.80704,4.64797,12.2156,19.712,5.1081,4.42603,8.96422,13.1987,24.2256,26.2582,5.42279,13.8624,0,2.40771,0.337013,4.22547,8.18189,14.3485,15.7816,17.9407,30.6372,18.1257,4.75082,17.96,12.6934,12.683,10.3661,5.06063,7.49254,18.5621,15.7428,7.56422,17.4543,17.7794,15.6596,5.15712,7.83809,29.7594,15.9351,22.9252,24.7145,7.44168,1.8611,2.98899,3.67023,23.3286,20.1332,5.15204,20.6033,11.1282,16.2979,11.5011,12.4039,25.2844,3.40716,18.1826,18.0926,13.6071,11.0321,6.62144,6.848,15.9311,19.222,4.77334,24.2456,19.7338,25.6898,2.70309,8.55788,20.7798,2.40771,11.0523,16.3403,8.89612,11.4898,21.4981,31.9501,12.9682,11.0549,25.9422,6.92151,16.7539,28.0241,8.8308,1.07848,29.8812,18.3745,19.3769,0.397615,22.8698,21.797,22.4532,5.007,2.40771,8.28551,20.1224,16.3054,12.8538,17.5005,16.6379,15.9475,9.34061,31.9966,5.75199,16.2779,23.4238,
DUALS 68,2693.28,648339,640655,0,8.9581,5.83523,30.1019,13.2924,19.0907,13.2844,18.2822,32.017,12.6641,17.057,8.83397,16.4584,7.20151,10.371,10.2116,18.3526,1.52309,21.6767,13.0272,19.0135,23.652,19.6193,25.0316,10.3219,9.38385,13.714,16.8603,7.94646,8.04515,12.9702,5.66355,29.7856,18.2506,3.34158,18.7369,18.6215,14.5033,18.0526,0,11.1304,17.0834,18.8721,7.85017,14.2612,14.6345,17.328,14.7524,16.2258,6.99621,13.9483,14.4666,15.9875,4.88258,28.2613,20.5865,3.36389,17.9557,21.9576,9.19309,30.9662,5.86876,7.94599,1.30448,2.38442,22.1606,18.3896,1.97191,4.2911,23.9238,16.9427,6.37172,31.6803,17.9895,1.08136,24.9379,12.3299,4.84083,7.77925,13.5921,7.61003,10.5696,24.7406,14.1427,14.8176,13.6884,12.3893,12.7921,29.8745,8.80547,6.62103,11.9776,13.8802,13.6229,20.7172,3.80704,5.07367,12.6413,19.712,5.1081,4.42603,8.96422,13.1987,24.2256,26.2582,5.42279,13.8624,0.425699,1.98201,0.337013,4.65117,8.18189,12.6457,15.7816,17.9407,30.6372,18.1257,4.75082,17.96,12.6934,13.1087,10.3661,5.06063,6.21545,18.5621,15.7428,7.56422,17.4543,17.7794,15.6596,5.58282,7.83809,29.7594,15.9351,21.6481,24.7145,7.44168,1.8611,2.98899,3.67023,23.3286,20.1332,5.15204,20.6033,11.1282,16.2979,11.5011,12.4039,25.2844,3.40716,18.1826,18.0926,14.0328,10.6064,6.62144,6.848,14.2283,19.222,4.77334,24.2456,19.7338,25.6898,2.70309,8.55788,20.7798,1.98201,11.0523,16.3403,7.19332,11.0641,20.6467,31.9501,13.3939,11.0549,25.9422,6.92151,16.7539,28.0241,8.4051,1.07848,29.8812,18.3745,19.3769,0.397615,22.8698,21.797,22.4532,5.007,1.98201,8.28551,20.1224,16.3054,13.2795,17.5005,16.6379,15.9475,9.76631,31.9966,5.32629,16.2779,23.4238,
DUALS 68,2693.28,648483,640796,0,8.9581,5.83523,30.1019,13.2924,19.0907,13.2844,18.2822,32.017,12.6641,17.057,8.83397,16.4584,7.20151,12.2673,8.31531,18.3526,3.41943,21.6767,13.0272,19.0135,23.652,19.6193,25.0316,10.3219,9.38385,11.8177,16.8603,7.94646,9.94149,12.9702,5.66355,29.7856,18.2506,3.34158,18.7369,18.6215,14.5033,18.0526,1.89633,9.23405,17.0834,20.7685,7.85017,14.2612,14.6345,17.328,14.7524,14.3295,6.99621,15.8447,14.4666,15.9875,4.88258,28.2613,20.5865,3.36389,17.9557,21.9576,7.29676,30.9662,5.86876,7.94599,1.30448,2.38442,22.1606,18.3896,1.97191,4.2911,23.9238,16.9427,6.37172,31.6803,17.9895,1.08136,24.9379,12.3299,4.84083,7.77925,15.4885,7.61003,10.5696,24.7406,14.1427,14.8176,13.6884,12.3893,14.6885,29.8745,6.90913,6.62103,11.9776,13.8802,13.6229,20.7172,3.80704,5.07367,12.6413,19.712,5.1081,4.42603,8.96422,13.1987,24.2256,26.2582,3.52645,13.8624,0.425699,0.0856757,0.337013,4.65117,8.18189,14.5421,15.7816,17.9407,30.6372,18.1257,4.75082,17.96,12.6934,13.1087,10.3661,5.06063,8.11178,18.5621,15.7428,7.56422,17.4543,17.7794,15.6596,5.58282,7.83809,29.7594,14.0388,23.5444,24.7145,7.44168,1.8611,2.98899,3.67023,23.3286,20.1332,5.15204,20.6033,11.1282,16.2979,11.5011,12.4039,25.2844,3.40716,18.1826,18.0926,12.1364,8.71004,6.62144,6.848,16.1247,19.222,4.77334,24.2456,19.7338,25.6898,0.806759,10.4542,20.7798,0.0856757,11.0523,16.3403,9.08966,9.16774,20.6467,31.9501,13.3939,11.0549,25.9422,6.92151,16.7539,28.0241,8.4051,1.07848,29.8812,18.3745,19.3769,0.397615,22.8698,21.797,22.4532,5.007,0.0856757,8.28551,20.1224,16.3054,13.2795,17.5005,16.6379,15.9475,9.76631,31.9966,5.32629,16.2779,23.4238,
DUALS 68,2693.28,648483,640815,0,8.9581,5.83523,30.1019,13.2924,19.0907,13.2844,18.2822,32.017,12.6641,17.057,8.83397,16.4584,7.20151,13.0552,9.10314,18.3526,2.6316,21.6767,13.815,19.0135,23.652,19.6193,25.0316,10.3219,9.38385,12.6055,16.8603,8.73429,7.57801,12.9702,5.66355,29.7856,18.2506,3.34158,18.7369,18.6215,14.5033,18.0526,0.32068,10.0219,17.0834,18.405,7.85017,14.2612,14.6345,17.328,14.7524,14.3295,6.99621,13.4812,14.4666,15.9875,4.88258,28.2613,20.5865,3.36389,17.9557,21.9576,8.08459,30.9662,5.86876,7.94599,1.30448,2.38442,22.1606,18.3896,1.97191,4.2911,23.9238,16.9427,6.37172,31.6803,17.9895,1.86918,24.9379,12.3299,4.84083,7.77925,13.125,7.61003,10.5696,24.7406,14.1427,14.8176,13.6884,12.3893,12.325,29.8745,7.69696,6.62103,11.9776,13.8802,13.6229,20.7172,3.80704,5.8615,13.4291,19.712,5.1081,4.42603,8.96422,13.1987,24.2256,26.2582,4.31428,13.8624,0,0.873502,0.337013,4.65117,8.18189,12.1786,15.7816,17.9407,30.6372,18.1257,4.75082,17.96,12.6934,13.8965,10.3661,5.06063,5.7483,18.5621,15.7428,7.56422,17.4543,17.7794,15.6596,6.37064,7.83809,29.7594,14.0388,21.9688,24.7145,7.44168,1.8611,2.98899,3.67023,23.3286,20.1332,5.15204,20.6033,11.1282,16.2979,11.5011,12.4039,25.2844,3.40716,18.1826,18.0926,12.9243,9.49787,6.62144,6.848,13.7612,19.222,4.77334,24.2456,19.7338,25.6898,1.59459,10.4542,20.7798,0.873502,11.0523,16.3403,6.72618,9.95556,19.8589,31.9501,13.3939,11.0549,25.9422,6.92151,16.7539,28.0241,8.4051,1.07848,29.8812,18.3745,19.3769,0.397615,22.8698,21.797,22.4532,5.007,0.873502,8.28551,20.1224,16.3054,14.0674,17.5005,16.6379,15.9475,10.5541,31.9966,5.32629,16.2779,23.4238,
DUALS 69,2693.28,648932,641232,0,8.9581,5.83523,30.1019,13.2924,19.0907,13.2844,18.2822,32.017,12.6641,17.057,8.83397,16.4584,7.20151,11.8921,9.10314,18.3526,2.6316,21.6767,12.652,19.0135,23.652,19.6193,25.0316,10.3219,9.38385,13.7685,16.8603,7.57126,8.74103,12.9702,5.66355,29.7856,18.2506,2.17856,18.7369,18.6215,14.5033,18.0526,0.32068,11.1849,17.0834,19.568,7.85017,14.2612,14.6345,17.328,14.7524,15.4925,6.99621,14.6442,14.4666,14.8244,4.88258,28.2613,20.5865,3.36389,17.9557,21.9576,9.24761,30.9662,5.86876,7.94599,1.30448,2.38442,22.1606,18.3896,1.97191,4.2911,23.9238,16.9427,6.37172,31.6803,17.9895,0.706156,23.7749,12.3299,4.84083,7.77925,14.288,7.61003,10.5696,24.7406,14.1427,14.8176,13.6884,12.3893,13.488,29.8745,8.85999,6.62103,11.9776,12.7171,13.6229,20.7172,2.64401,4.69847,12.2661,19.712,5.1081,4.42603,8.96422,13.1987,24.2256,26.2582,5.47731,13.8624,1.16303,2.03653,0.337013,4.65117,8.18189,13.3416,15.7816,17.9407,30.6372,18.1257,4.75082,17.96,12.6934,12.7335,10.3661,5.06063,6.91133,18.5621,15.7428,7.56422,17.4543,17.7794,15.6596,5.20762,6.67506,29.7594,15.2018,21.9688,24.7145,7.44168,1.8611,2.98899,3.67023,23.3286,20.1332,5.15204,20.6033,11.1282,15.1349,11.5011,12.4039,25.2844,2.24414,18.1826,18.0926,14.0873,10.6609,6.62144,6.848,14.9242,19.222,3.61031,24.2456,19.7338,25.6898,2.75761,9.29119,20.7798,2.03653,11.0523,16.3403,7.8892,11.1186,19.8589,31.9501,13.3939,11.0549,25.9422,6.92151,16.7539,28.0241,8.4051,1.07848,29.8812,18.3745,18.2138,0.397615,22.8698,21.797,22.4532,5.007,2.03653,8.28551,20.1224,16.3054,12.9043,17.5005,15.4749,14.7844,9.39111,31.9966,6.48932,16.2779,23.4238,
DUALS 69,2693.28,648985,641283,0,8.9581,5.83523,30.1019,13.2924,19.0907,13.2844,18.2822,32.017,12.6641,17.057,8.83397,16.4584,7.20151,10.6435,7.85452,18.3526,3.88022,21.6767,12.652,19.0135,24.9006,19.6193,26.2802,10.3219,9.38385,12.5199,16.8603,8.81988,8.74103,12.9702,5.66355,29.7856,18.2506,2.17856,18.7369,18.6215,14.5033,18.0526,0.32068,9.93628,17.0834,19.568,7.85017,14.2612,14.6345,17.328,14.7524,14.2439,6.99621,14.6442,14.4666,16.0731,4.88258,28.2613,20.5865,3.36389,17.9557,21.9576,6.75038,30.9662,5.86876,7.94599,1.30448,2.38442,22.1606,18.3896,1.97191,4.2911,23.9238,16.9427,6.37172,31.6803,17.9895,1.95477,25.0235,12.3299,4.84083,7.77925,14.288,7.61003,10.5696,24.7406,14.1427,14.8176,13.6884,12.3893,13.488,29.8745,6.36275,6.62103,11.9776,13.9658,13.6229,20.7172,2.64401,5.94709,13.5147,19.712,5.1081,4.42603,8.96422,13.1987,24.2256,26.2582,2.98007,13.8624,1.16303,0.787913,0.337013,4.65117,8.18189,13.3416,15.7816,17.9407,30.6372,18.1257,4.75082,17.96,12.6934,12.7335,10.3661,5.06063,6.91133,18.5621,15.7428,7.56422,17.4543,17.7794,15.6596,6.45623,6.67506,29.7594,13.9532,21.9688,24.7145,7.44168,1.8611,2.98899,3.67023,23.3286,20.1332,5.15204,20.6033,11.1282,16.3835,11.5011,12.4039,25.2844,2.24414,18.1826,18.0926,12.8387,9.41228,6.62144,6.848,14.9242,19.222,3.61031,24.2456,19.7338,25.6898,1.509,10.5398,20.7798,0.787913,11.0523,16.3403,7.8892,8.62136,19.8589,31.9501,13.3939,11.0549,25.9422,6.92151,16.7539,28.0241,8.4051,1.07848,29.8812,18.3745,19.4624,0.397615,22.8698,21.797,22.4532,5.007,0.787913,8.28551,20.1224,16.3054,12.9043,17.5005,16.7235,16.0331,9.39111,31.9966,3.99208,16.2779,23.4238,
DUALS 69,2693.28,649129,641424,0,8.9581,5.83523,30.1019,13.2924,19.0907,13.2844,18.2822,32.017,12.6641,17.057,8.83397,16.4584,7.20151,12.7083,9.91928,18.3526,1.81546,21.6767,12.652,19.0135,24.9006,19.6193,24.2155,10.3219,9.38385,14.5846,16.8603,8.81988,8.74103,12.9702,5.66355,29.7856,18.2506,2.17856,18.7369,18.6215,14.5033,18.0526,0.32068,12.001,17.0834,19.568,7.85017,14.2612,14.6345,17.328,14.7524,16.3086,6.99621,14.6442,14.4666,14.0083,4.88258,28.2613,20.5865,3.36389,17.9557,21.9576,8.81513,30.9662,5.86876,7.94599,1.30448,2.38442,22.1606,18.3896,1.97191,4.2911,23.9238,16.9427,6.37172,31.6803,17.9895,1.95477,22.9587,12.3299,4.84083,7.77925,14.288,7.61003,10.5696,24.7406,14.1427,14.8176,13.6884,12.3893,13.488,29.8745,8.42751,6.62103,11.9776,11.901,13.6229,20.7172,2.64401,5.94709,13.5147,19.712,5.1081,4.42603,8.96422,13.1987,24.2256,26.2582,5.04483,13.8624,0,2.85267,0.337013,4.65117,8.18189,13.3416,15.7816,17.9407,30.6372,18.1257,4.75082,17.96,12.6934,12.7335,10.3661,5.06063,6.91133,18.5621,15.7428,7.56422,17.4543,17.7794,15.6596,6.45623,6.67506,29.7594,13.9532,19.904,24.7145,7.44168,1.8611,2.98899,3.67023,23.3286,20.1332,5.15204,20.6033,11.1282,14.3187,11.5011,12.4039,25.2844,2.24414,18.1826,18.0926,14.9034,11.477,6.62144,6.848,14.9242,19.222,3.61031,24.2456,19.7338,25.6898,3.57375,8.47505,20.7798,2.85267,11.0523,16.3403,7.8892,10.6861,19.8589,31.9501,13.3939,11.0549,25.9422,6.92151,16.7539,28.0241,8.4051,1.07848,29.8812,18.3745,19.4624,0.397615,22.8698,21.797,22.4532,5.007,2.85267,8.28551,20.1224,16.3054,12.9043,17.5005,14.6587,13.9683,9.39111,31.9966,3.99208,16.2779,23.4238,
DUALS 70,2693.28,649216,641507,0,8.9581,5.83523,30.1019,13.2924,19.0907,13.2844,18.2822,32.017,12.6641,17.057,8.83397,16.4584,7.20151,12.7083,8.56062,18.3526,3.17412,21.6767,14.0106,19.0135,26.2593,19.6193,25.5741,10.3219,9.38385,11.8673,16.8603,8.81988,8.74103,12.9702,5.66355,29.7856,18.2506,2.17856,18.7369,18.6215,14.5033,18.0526,0.32068,9.28372,17.0834,19.568,7.85017,14.2612,14.6345,17.328,14.7524,14.95,6.99621,14.6442,14.4666,15.367,4.88258,28.2613,20.5865,3.36389,17.9557,21.9576,7.45648,30.9662,5.86876,7.94599,1.30448,2.38442,22.1606,18.3896,1.97191,4.2911,23.9238,16.9427,6.37172,31.6803,17.9895,1.95477,24.3174,12.3299,4.84083,7.77925,14.288,7.61003,10.5696,24.7406,14.1427,14.8176,13.6884,12.3893,13.488,29.8745,7.06885,6.62103,11.9776,13.2597,13.6229,20.7172,2.64401,5.94709,14.8733,19.712,5.1081,4.42603,8.96422,13.1987,24.2256,26.2582,3.68617,13.8624,1.35866,1.49401,0.337013,4.65117,8.18189,13.3416,15.7816,17.9407,30.6372,18.1257,4.75082,17.96,12.6934,12.7335,10.3661,5.06063,6.91133,18.5621,15.7428,7.56422,17.4543,17.7794,15.6596,6.45623,6.67506,29.7594,12.5945,19.904,24.7145,7.44168,1.8611,2.98899,3.67023,23.3286,20.1332,5.15204,20.6033,11.1282,15.6774,11.5011,12.4039,25.2844,2.24414,18.1826,18.0926,12.1861,7.40106,6.62144,6.848,14.9242,19.222,3.61031,24.2456,19.7338,25.6898,2.21509,9.83371,20.7798,1.49401,11.0523,16.3403,7.8892,9.32745,19.8589,31.9501,13.3939,11.0549,25.9422,6.92151,16.7539,28.0241,8.4051,1.07848,29.8812,18.3745,20.8211,0.397615,22.8698,21.797,22.4532,5.007,1.49401,8.28551,20.1224,16.3054,14.263,17.5005,16.0174,15.327,10.7498,31.9966,3.99208,16.2779,23.4238,
DUALS 70,2693.28,649202,641939,0,8.9581,5.83523,30.1019,13.2924,19.0907,13.2844,18.2822,32.017,12.6641,17.057,8.83397,16.4584,7.20151,12.7083,12.6758,18.3526,3.17412,21.6767,14.0106,19.0135,26.2593,19.6193,25.5741,10.3219,9.38385,15.9825,16.8603,8.81988,8.74103,12.9702,5.66355,29.7856,18.2506,2.17856,18.7369,18.6215,14.5033,18.0526,0.32068,13.3989,17.0834,19.568,7.85017,14.2612,14.6345,17.328,14.7524,19.0652,6.99621,14.6442,14.4666,15.367,4.88258,28.2613,20.5865,3.36389,17.9557,21.9576,11.5717,30.9662,5.86876,7.94599,1.30448,2.38442,22.1606,18.3896,1.97191,4.2911,23.9238,16.9427,6.37172,31.6803,17.9895,1.95477,24.3174,12.3299,4.84083,7.77925,14.288,7.61003,10.5696,24.7406,14.1427,14.8176,13.6884,12.3893,13.488,29.8745,11.1841,6.62103,11.9776,13.2597,13.6229,20.7172,2.64401,5.94709,14.8733,19.712,5.1081,4.42603,8.96422,13.1987,24.2256,26.2582,7.80138,13.8624,0,1.49401,0.337013,4.65117,8.18189,13.3416,15.7816,17.9407,30.6372,18.1257,4.75082,17.96,12.6934,12.7335,10.3661,5.06063,6.91133,18.5621,15.7428,7.56422,17.4543,17.7794,15.6596,6.45623,6.67506,29.7594,16.7097,19.904,24.7145,7.44168,1.8611,2.98899,3.67023,23.3286,20.1332,5.15204,20.6033,11.1282,15.6774,11.5011,12.4039,25.2844,2.24414,18.1826,18.0926,16.3013,11.5163,6.62144,6.848,14.9242,19.222,3.61031,24.2456,19.7338,25.6898,0,9.83371,20.7798,1.49401,11.0523,16.3403,7.8892,13.4427,19.8589,31.9501,13.3939,11.0549,25.9422,6.92151,16.7539,28.0241,8.4051,1.07848,29.8812,18.3745,20.8211,0.397615,22.8698,21.797,22.4532,5.007,1.49401,8.28551,20.1224,16.3054,14.263,17.5005,16.0174,15.327,10.7498,31.9966,8.10729,16.2779,23.4238,
DUALS 70,2693.28,649470,641769,0,8.9581,5.83523,30.1019,13.2924,19.0907,13.2844,18.2822,32.017,12.6641,17.057,8.83397,16.4584,7.20151,11.3043,9.86784,18.3526,2.82312,21.6767,12.9576,19.0135,26.2593,19.6193,25.5741,10.6729,9.38385,14.9296,17.2113,9.17088,8.74103,12.9702,5.66355,29.7856,18.2506,2.17856,18.7369,18.6215,14.5033,18.0526,0.671679,12.3459,17.0834,19.568,7.85017,14.2612,14.6345,17.328,14.7524,18.0122,6.99621,14.6442,14.4666,15.367,4.88258,28.2613,20.5865,3.36389,17.9557,21.9576,8.7637,30.9662,6.21975,7.94599,1.30448,2.73542,22.1606,18.3896,1.97191,4.64209,23.9238,16.9427,6.37172,31.6803,17.9895,1.95477,24.3174,12.6809,4.84083,7.77925,14.288,7.61003,10.5696,24.7406,14.1427,14.8176,13.6884,12.3893,13.488,29.8745,8.37607,6.62103,11.9776,13.2597,13.6229,20.7172,2.64401,6.29809,13.8203,19.712,5.1081,4.77703,8.96422,13.1987,24.2256,26.2582,4.99339,13.8624,0.350999,1.49401,0.688011,4.65117,8.18189,13.3416,15.7816,17.9407,30.6372,18.1257,4.75082,17.96,12.6934,11.6805,10.3661,5.06063,6.91133,18.5621,15.7428,7.56422,17.4543,17.7794,15.6596,6.80723,6.67506,29.7594,16.3587,19.904,24.7145,7.44168,1.8611,2.98899,3.67023,23.3286,20.1332,5.15204,20.6033,11.1282,15.6774,11.5011,12.4039,25.2844,2.59514,18.1826,18.0926,15.5993,10.1123,6.97244,6.848,14.9242,19.222,3.61031,24.2456,19.7338,25.6898,0.350999,9.83371,20.7798,1.49401,11.0523,16.3403,7.8892,10.9857,19.8589,31.9501,13.3939,11.4059,25.9422,6.92151,16.7539,28.0241,8.4051,1.42948,29.8812,18.3745,20.8211,0.397615,22.8698,21.797,22.4532,5.007,1.49401,8.28551,20.1224,16.3054,13.21,17.5005,16.0174,15.327,9.34577,31.9966,7.4053,16.2779,23.4238,
DUALS 71,2693.28,649990,642270,0,8.9581,5.83523,30.1019,13.2924,19.0907,13.2844,18.2822,32.017,12.6641,17.057,8.83397,16.4584,7.20151,10.3353,9.38337,18.3526,2.82312,21.6767,13.4421,19.0135,26.2593,19.6193,25.5741,10.6729,9.38385,12.9917,17.2113,8.68641,8.74103,12.9702,5.66355,29.7856,18.2506,2.17856,18.7369,18.6215,14.5033,18.0526,0.671679,10.4081,17.0834,19.568,7.85017,14.2612,14.6345,17.328,14.7524,16.0743,6.99621,14.6442,14.4666,15.367,4.88258,28.2613,20.5865,3.36389,17.9557,21.9576,7.79476,30.9662,6.21975,7.94599,1.30448,2.73542,22.1606,18.3896,1.97191,4.64209,23.9238,16.9427,6.37172,31.6803,17.9895,1.4703,24.3174,12.6809,4.84083,7.77925,14.288,7.61003,10.5696,24.7406,14.1427,14.8176,13.6884,12.3893,13.488,29.8745,7.40713,6.62103,11.9776,13.2597,13.6229,20.7172,2.64401,5.81362,14.3048,19.712,5.1081,4.77703,8.96422,13.1987,24.2256,26.2582,4.50892,13.8624,0.350999,1.49401,0.688011,4.65117,8.18189,13.3416,15.7816,17.9407,30.6372,18.1257,4.75082,17.96,12.6934,11.6805,10.3661,5.06063,6.91133,18.5621,15.7428,7.56422,17.4543,17.7794,15.6596,6.32276,6.67506,29.7594,15.8743,19.904,24.7145,7.44168,1.8611,2.98899,3.67023,23.3286,20.1332,5.15204,20.6033,11.1282,15.6774,11.5011,12.4039,25.2844,2.11066,18.1826,18.0926,13.6614,8.65887,6.97244,6.848,14.9242,19.222,3.61031,24.2456,19.7338,25.6898,0.835469,9.83371,20.7798,1.49401,11.0523,16.3403,7.8892,9.04779,19.8589,31.9501,13.3939,11.4059,25.9422,6.92151,16.7539,28.0241,7.92063,0.945008,29.8812,18.3745,20.8211,0.397615,22.8698,21.797,22.4532,5.007,1.49401,8.28551,20.1224,16.3054,13.6945,17.5005,16.0174,15.327,9.83024,31.9966,6.43636,16.2779,23.4238,
DUALS 71,2693.28,649990,645813,0,8.9581,5.83523,30.1019,13.2924,19.0907,13.2844,18.2822,32.017,12.6641,17.057,8.83397,16.4584,7.20151,12.4375,11.4855,18.3526,2.82312,21.6767,13.4421,19.0135,26.2593,19.6193,25.5741,10.6729,9.38385,15.0938,17.2113,8.68641,6.63886,12.9702,5.66355,29.7856,18.2506,2.17856,18.7369,18.6215,14.5033,18.0526,0.671679,12.5102,17.0834,17.4658,7.85017,14.2612,14.6345,17.328,14.7524,18.1765,6.99621,12.542,14.4666,15.367,4.88258,28.2613,20.5865,3.36389,17.9557,21.9576,9.89693,30.9662,6.21975,7.94599,1.30448,2.73542,22.1606,18.3896,1.97191,4.64209,23.9238,16.9427,6.37172,31.6803,17.9895,1.4703,24.3174,12.6809,4.84083,7.77925,12.1858,7.61003,10.5696,24.7406,14.1427,14.8176,13.6884,12.3893,11.3858,29.8745,9.50931,6.62103,11.9776,13.2597,13.6229,20.7172,2.64401,5.81362,14.3048,19.712,5.1081,4.77703,8.96422,13.1987,24.2256,26.2582,6.6111,13.8624,0.350999,1.49401,0.688011,4.65117,8.18189,11.2394,15.7816,17.9407,30.6372,18.1257,4.75082,17.96,12.6934,11.6805,10.3661,5.06063,4.80915,18.5621,15.7428,7.56422,17.4543,17.7794,15.6596,6.32276,6.67506,29.7594,15.8743,19.904,24.7145,7.44168,1.8611,2.98899,3.67023,23.3286,20.1332,5.15204,20.6033,11.1282,15.6774,11.5011,12.4039,25.2844,2.11066,18.1826,18.0926,15.7636,10.761,6.97244,6.848,12.822,19.222,3.61031,24.2456,19.7338,25.6898,2.93764,9.83371,20.7798,1.49401,11.0523,16.3403,5.78703,11.15,17.7567,31.9501,13.3939,11.4059,25.9422,6.92151,16.7539,28.0241,7.92063,0.945008,29.8812,18.3745,20.8211,0.397615,22.8698,21.797,22.4532,5.007,1.49401,8.28551,20.1224,16.3054,13.6945,17.5005,16.0174,15.327,9.83024,31.9966,4.33418,16.2779,23.4238,
DUALS 71,2693.28,649990,645833,0,8.9581,5.83523,30.1019,13.2924,19.0907,13.2844,18.2822,32.017,12.6641,17.057,8.83397,16.4584,7.20151,11.6708,8.41868,18.3526,2.82312,21.6767,12.6754,19.0135,26.2593,19.6193,25.5741,10.6729,9.38385,13.5604,17.2113,9.45312,7.40558,12.9702,5.66355,29.7856,18.2506,2.17856,18.7369,18.6215,14.5033,18.0526,0.671679,10.9768,17.0834,18.2326,7.85017,14.2612,14.6345,17.328,14.7524,16.643,6.99621,13.3088,14.4666,15.367,4.88258,28.2613,20.5865,3.36389,17.9557,21.9576,6.83007,30.9662,6.21975,7.94599,1.30448,2.73542,22.1606,18.3896,1.97191,4.64209,23.9238,16.9427,6.37172,31.6803,17.9895,2.23702,24.3174,12.6809,4.84083,7.77925,12.9526,7.61003,10.5696,24.7406,14.1427,14.8176,13.6884,12.3893,12.1526,29.8745,6.44244,6.62103,11.9776,13.2597,13.6229,20.7172,2.64401,6.58033,13.5381,19.712,5.1081,4.77703,8.96422,13.1987,24.2256,26.2582,3.54423,13.8624,0.350999,1.49401,0.688011,4.65117,8.18189,12.0062,15.7816,17.9407,30.6372,18.1257,4.75082,17.96,12.6934,10.9138,10.3661,5.06063,5.57587,18.5621,15.7428,7.56422,17.4543,17.7794,15.6596,7.08948,6.67506,29.7594,15.1075,20.6707,24.7145,7.44168,1.8611,2.98899,3.67023,23.3286,20.1332,5.15204,20.6033,11.1282,15.6774,11.5011,12.4039,25.2844,2.87738,18.1826,18.0926,14.2302,9.22761,6.97244,6.848,13.5888,19.222,3.61031,24.2456,19.7338,25.6898,2.17093,9.83371,20.7798,1.49401,11.0523,16.3403,6.55375,8.84982,18.5235,31.9501,13.3939,11.4059,25.9422,6.92151,16.7539,28.0241,7.15391,0.945008,29.8812,18.3745,20.8211,0.397615,22.8698,21.797,22.4532,5.007,1.49401,8.28551,20.1224,16.3054,12.9278,17.5005,16.0174,15.327,9.06353,31.9966,4.33418,16.2779,23.4238,
DUALS 72,2693.28,649990,645833,0,8.9581,5.83523,30.1019,13.2924,19.0907,13.2844,18.2822,32.017,12.6641,17.057,8.83397,16.4584,7.20151,9.10988,10.9796,18.3526,2.82312,21.6767,12.6754,19.0135,26.2593,19.6193,25.5741,10.6729,9.38385,13.5604,17.2113,6.89222,9.96648,12.9702,5.66355,29.7856,18.2506,2.17856,18.7369,18.6215,14.5033,18.0526,0.671679,10.9768,17.0834,20.7935,7.85017,14.2612,14.6345,17.328,14.7524,16.643,6.99621,15.8697,14.4666,15.367,4.88258,28.2613,20.5865,3.36389,17.9557,21.9576,9.39097,30.9662,6.21975,7.94599,1.30448,2.73542,22.1606,18.3896,1.97191,4.64209,23.9238,16.9427,6.37172,31.6803,17.9895,0,24.3174,12.6809,4.84083,7.77925,15.5135,7.61003,10.5696,24.7406,14.1427,14.8176,13.6884,12.3893,14.7135,29.8745,9.00335,6.62103,11.9776,13.2597,13.6229,20.7172,2.64401,4.01943,13.5381,19.712,5.1081,4.77703,8.96422,13.1987,24.2256,26.2582,6.10514,13.8624,0.350999,1.49401,0.688011,4.65117,8.18189,14.5671,15.7816,17.9407,30.6372,18.1257,4.75082,17.96,12.6934,10.9138,10.3661,5.06063,8.13678,18.5621,15.7428,7.56422,17.4543,17.7794,15.6596,4.52857,6.67506,29.7594,15.1075,23.2316,24.7145,7.44168,1.8611,2.98899,3.67023,23.3286,20.1332,5.15204,20.6033,11.1282,15.6774,11.5011,12.4039,25.2844,0.316475,18.1826,18.0926,14.2302,9.22761,6.97244,6.848,16.1497,19.222,3.61031,24.2456,19.7338,25.6898,0,9.83371,20.7798,1.49401,11.0523,16.3403,9.11465,11.4107,21.0844,31.9501,13.3939,11.4059,25.9422,6.92151,16.7539,28.0241,7.15391,0.945008,29.8812,18.3745,20.8211,0.397615,22.8698,21.797,22.4532,5.007,1.49401,8.28551,20.1224,16.3054,12.9278,17.5005,16.0174,15.327,9.06353,31.9966,6.89509,16.2779,23.4238,
DUALS 72,2693.28,649989,645833,0,8.9581,5.83523,30.1019,13.2924,19.0907,13.2844,18.2822,32.017,12.6641,17.057,8.83397,16.4584,7.20151,10.3369,12.2066,18.3526,2.82312,21.6767,13.9024,19.0135,26.2593,19.6193,25.5741,10.6729,9.38385,14.7874,17.2113,8.11923,7.51245,14.1972,5.66355,29.7856,18.2506,2.17856,18.7369,18.6215,14.5033,18.0526,0.671679,12.2038,17.0834,18.3394,7.85017,14.2612,14.6345,17.328,14.7524,16.643,6.99621,13.4156,14.4666,15.367,4.88258,28.2613,20.5865,3.36389,17.9557,21.9576,10.618,30.9662,6.21975,7.94599,1.30448,2.73542,22.1606,18.3896,1.97191,4.64209,23.9238,16.9427,6.37172,31.6803,17.9895,1.22701,24.3174,12.6809,4.84083,7.77925,13.0594,7.61003,10.5696,24.7406,14.1427,14.8176,13.6884,12.3893,12.2594,29.8745,10.2304,6.62103,11.9776,13.2597,13.6229,20.7172,2.64401,5.24644,14.7651,19.712,5.1081,4.77703,8.96422,13.1987,24.2256,26.2582,7.33215,13.8624,0.350999,1.49401,0.688011,4.65117,8.18189,12.113,15.7816,17.9407,30.6372,18.1257,4.75082,17.96,12.6934,12.1408,10.3661,5.06063,5.68275,18.5621,15.7428,7.56422,17.4543,17.7794,15.6596,5.75559,6.67506,29.7594,15.1075,22.0046,24.7145,7.44168,1.8611,2.98899,3.67023,23.3286,20.1332,5.15204,20.6033,11.1282,15.6774,11.5011,12.4039,25.2844,1.54349,18.1826,18.0926,15.4572,10.4546,6.97244,6.848,13.6956,19.222,3.61031,24.2456,19.7338,25.6898,1.22701,9.83371,20.7798,1.49401,11.0523,16.3403,6.66062,12.6377,19.8573,31.9501,13.3939,11.4059,25.9422,6.92151,16.7539,28.0241,7.15391,0.945008,29.8812,18.3745,20.8211,0.397615,22.8698,21.797,22.4532,5.007,1.49401,8.28551,20.1224,16.3054,14.1548,17.5005,16.0174,15.327,10.2905,31.9966,5.66807,16.2779,23.4238,
DUALS 72,2693.28,650215,642485,0,8.9581,5.83523,30.1019,13.2924,19.0907,13.2844,18.2822,32.017,12.6641,17.057,8.83397,16.4584,7.20151,9.63019,10.4398,18.3526,2.82312,21.6767,13.1957,19.0135,26.2593,19.6193,25.5741,11.0263,9.38385,13.7274,17.5646,8.47259,7.86581,13.8439,5.66355,29.7856,18.2506,2.17856,18.7369,18.6215,14.5033,18.0526,0.671679,11.1438,17.0834,18.6928,7.85017,14.6146,14.6345,17.328,14.7524,15.583,6.99621,13.769,14.4666,15.367,4.88258,28.2613,20.5865,3.36389,17.9557,21.9576,8.49786,30.9662,6.57311,7.94599,1.30448,3.08878,22.1606,18.3896,1.97191,4.99545,23.9238,16.9427,6.37172,31.6803,17.9895,1.58037,24.3174,13.0342,4.84083,7.77925,13.4128,7.61003,10.5696,24.7406,14.1427,14.8176,13.6884,12.3893,12.6128,29.8745,8.11023,6.62103,11.9776,13.2597,13.6229,20.7172,2.64401,5.5998,14.0584,19.712,5.1081,5.13039,8.96422,13.552,24.2256,26.2582,5.21203,13.8624,0.350999,1.49401,1.04137,4.65117,8.18189,12.4664,15.7816,17.9407,30.6372,18.1257,4.75082,17.96,12.6934,11.7875,10.3661,5.06063,6.0361,18.5621,15.7428,7.56422,17.4543,17.7794,15.6596,6.10894,7.02841,29.7594,14.7542,22.358,24.7145,7.44168,1.8611,2.98899,3.67023,23.3286,20.1332,5.15204,20.6033,11.1282,15.6774,11.8544,12.4039,25.2844,1.89684,18.1826,18.0926,14.3971,9.39456,7.32579,6.848,14.049,19.222,3.61031,24.2456,19.7338,25.6898,1.58037,9.83371,20.7798,1.49401,11.0523,16.3403,7.01398,10.871,20.2107,31.9501,13.3939,11.7593,25.9422,6.92151,16.7539,28.0241,7.15391,1.29836,29.8812,18.3745,20.8211,0.397615,22.8698,21.797,22.4532,5.007,1.49401,8.28551,20.1224,16.3054,13.4481,17.5005,16.0174,15.327,9.58383,31.9966,5.66807,16.2779,23.4238,
DUALS 72,2693.28,650214,645809,0,8.9581,5.83523,30.1019,13.2924,19.0907,13.2844,18.2822,32.017,12.6641,17.057,8.83397,16.4584,7.20151,11.3213,8.74874,18.3526,2.82312,21.6767,13.1957,19.0135,26.2593,19.6193,25.5741,11.0263,9.38385,12.0363,17.5646,8.47259,9.55689,13.8439,5.66355,29.7856,18.2506,2.17856,18.7369,18.6215,14.5033,18.0526,0.671679,9.45267,17.0834,20.3839,7.85017,14.6146,14.6345,17.328,14.7524,13.8919,6.99621,15.4601,14.4666,15.367,4.88258,28.2613,20.5865,3.36389,17.9557,21.9576,6.80678,30.9662,6.57311,7.94599,1.30448,1.39769,22.1606,18.3896,1.97191,4.99545,23.9238,16.9427,6.37172,31.6803,17.9895,1.58037,24.3174,13.0342,4.84083,7.77925,15.1039,7.61003,10.5696,24.7406,14.1427,14.8176,13.6884,12.3893,14.3039,29.8745,6.41915,6.62103,11.9776,13.2597,13.6229,20.7172,2.64401,5.5998,14.0584,19.712,5.1081,5.13039,8.96422,13.552,24.2256,26.2582,3.52094,13.8624,0.350999,1.49401,0,6.34225,8.18189,14.1575,15.7816,17.9407,30.6372,18.1257,4.75082,17.96,12.6934,11.7875,10.3661,5.06063,7.72718,18.5621,15.7428,7.56422,17.4543,17.7794,15.6596,6.10894,7.02841,29.7594,13.0631,24.0491,24.7145,7.44168,1.8611,2.98899,3.67023,23.3286,20.1332,5.15204,20.6033,11.1282,15.6774,11.8544,12.4039,25.2844,1.89684,18.1826,18.0926,12.7061,7.70348,7.32579,6.848,15.7401,19.222,3.61031,24.2456,19.7338,25.6898,3.27145,9.83371,20.7798,1.49401,11.0523,16.3403,8.70506,9.17988,21.9018,31.9501,13.3939,11.7593,25.9422,6.92151,16.7539,28.0241,7.15391,0,29.8812,18.3745,20.8211,0.397615,22.8698,21.797,22.4532,5.007,1.49401,8.28551,20.1224,16.3054,13.4481,17.5005,16.0174,15.327,9.58383,31.9966,5.66807,16.2779,23.4238,
DUALS 73,2693.28,650214,645809,0,8.9581,5.83523,30.1019,13.2924,19.0907,13.2844,18.2822,32.017,12.6641,17.057,8.83397,16.4584,7.20151,12.0124,9.43988,18.3526,2.82312,21.6767,13.8868,19.0135,26.2593,19.6193,25.5741,11.0263,9.38385,12.7274,17.5646,9.16372,7.48349,13.8439,5.66355,29.7856,18.2506,2.17856,18.7369,18.6215,14.5033,18.0526,0.671679,10.1438,17.0834,18.3105,7.85017,14.6146,14.6345,17.328,14.7524,13.8919,6.99621,13.3867,14.4666,15.367,4.88258,28.2613,20.5865,3.36389,17.9557,21.9576,7.49791,30.9662,6.57311,7.94599,1.30448,1.39769,22.1606,18.3896,1.97191,4.99545,23.9238,16.9427,6.37172,31.6803,17.9895,2.2715,24.3174,13.0342,4.84083,7.77925,13.0305,7.61003,10.5696,24.7406,14.1427,14.8176,13.6884,12.3893,12.2305,29.8745,7.11028,6.62103,11.9776,13.2597,13.6229,20.7172,2.64401,6.29093,14.7495,19.712,5.1081,5.13039,8.96422,13.552,24.2256,26.2582,4.21208,13.8624,0.350999,1.49401,0.691135,6.34225,8.18189,12.0841,15.7816,17.9407,30.6372,18.1257,4.75082,17.96,12.6934,12.4786,10.3661,5.06063,5.65378,18.5621,15.7428,7.56422,17.4543,17.7794,15.6596,6.80008,7.02841,29.7594,13.0631,22.6668,24.7145,7.44168,1.8611,2.98899,3.67023,23.3286,20.1332,5.15204,20.6033,11.1282,15.6774,11.8544,12.4039,25.2844,2.58798,18.1826,18.0926,13.3972,8.39461,7.32579,6.848,13.6667,19.222,3.61031,24.2456,19.7338,25.6898,2.58032,9.83371,20.7798,1.49401,11.0523,16.3403,6.63166,9.87102,21.2107,31.9501,13.3939,11.7593,25.9422,6.92151,16.7539,28.0241,7.15391,0.691135,29.8812,18.3745,20.8211,0.397615,22.8698,21.797,22.4532,5.007,1.49401,8.28551,20.1224,16.3054,14.1392,17.5005,16.0174,15.327,10.275,31.9966,4.97694,16.2779,23.4238,
DUALS 73,2693.28,650212,645809,0,8.9581,5.83523,30.1019,13.2924,19.0907,13.2844,18.2822,32.017,12.6641,17.057,8.83397,16.4584,7.20151,12.0124,11.6447,18.3526,2.82312,21.6767,13.8868,19.0135,26.2593,19.6193,25.5741,11.0263,9.38385,14.9322,17.5646,9.16372,9.68826,13.8439,5.66355,29.7856,18.2506,2.17856,18.7369,18.6215,14.5033,18.0526,0.671679,12.3486,17.0834,20.5152,7.85017,14.6146,14.6345,17.328,14.7524,16.0967,6.99621,15.5914,14.4666,15.367,4.88258,28.2613,20.5865,3.36389,17.9557,21.9576,9.70268,30.9662,6.57311,7.94599,1.30448,3.60247,22.1606,18.3896,1.97191,4.99545,23.9238,16.9427,6.37172,31.6803,17.9895,2.2715,24.3174,13.0342,4.84083,7.77925,15.2352,7.61003,10.5696,24.7406,14.1427,14.8176,13.6884,12.3893,14.4352,29.8745,9.31506,6.62103,11.9776,13.2597,13.6229,20.7172,2.64401,6.29093,14.7495,19.712,5.1081,5.13039,8.96422,13.552,24.2256,26.2582,6.41685,13.8624,0.350999,1.49401,0.691135,4.13748,8.18189,14.2888,15.7816,17.9407,30.6372,18.1257,4.75082,17.96,12.6934,12.4786,10.3661,5.06063,7.85855,18.5621,15.7428,7.56422,17.4543,17.7794,15.6596,6.80008,7.02841,29.7594,15.2679,24.8716,24.7145,7.44168,1.8611,2.98899,3.67023,23.3286,20.1332,5.15204,20.6033,11.1282,15.6774,11.8544,12.4039,25.2844,2.58798,18.1826,18.0926,15.602,10.5994,7.32579,6.848,15.8714,19.222,3.61031,24.2456,19.7338,25.6898,2.58032,9.83371,20.7798,1.49401,11.0523,16.3403,8.83643,12.0758,23.4154,31.9501,13.3939,11.7593,25.9422,6.92151,16.7539,28.0241,7.15391,0.691135,29.8812,18.3745,20.8211,0.397615,22.8698,21.797,22.4532,5.007,1.49401,8.28551,20.1224,16.3054,14.1392,17.5005,16.0174,15.327,10.275,31.9966,7.18171,16.2779,23.4238,
DUALS 73,2693.28,650296,642555,0,8.9581,5.83523,30.1019,13.2924,19.0907,13.2844,18.2822,32.017,12.6641,17.057,8.83397,16.4584,7.20151,10.299,9.07457,18.3526,2.82312,21.6767,13.0301,19.0135,26.2593,19.6193,25.5741,11.0263,9.38385,14.0755,17.5646,10.0204,8.83157,13.8439,5.66355,29.7856,18.2506,2.17856,18.7369,18.6215,14.5033,18.0526,0.671679,11.4919,17.0834,19.6585,7.85017,14.6146,14.6345,17.328,14.7524,14.3833,6.99621,14.7347,14.4666,15.367,4.88258,28.2613,20.5865,3.36389,17.9557,21.9576,7.1326,30.9662,6.57311,7.94599,1.30448,3.60247,22.1606,18.3896,1.97191,4.99545,23.9238,16.9427,6.37172,31.6803,17.9895,3.1282,24.3174,13.0342,4.84083,7.77925,14.3785,7.61003,10.5696,24.7406,14.1427,14.8176,13.6884,12.3893,13.5785,29.8745,7.60167,6.62103,11.9776,13.2597,13.6229,20.7172,2.64401,7.14763,13.8929,19.712,5.1081,5.13039,8.96422,13.552,24.2256,26.2582,3.84677,13.8624,0.350999,1.49401,0.691135,4.13748,8.18189,13.4321,15.7816,17.9407,30.6372,18.1257,4.75082,17.96,12.6934,11.6219,10.3661,5.06063,7.00186,18.5621,15.7428,7.56422,17.4543,17.7794,15.6596,7.65677,7.02841,29.7594,15.2679,24.0149,24.7145,7.44168,1.8611,2.98899,3.67023,23.3286,20.1332,5.15204,20.6033,11.1282,15.6774,11.8544,12.4039,25.2844,2.58798,18.1826,18.0926,15.602,9.74269,7.32579,6.848,15.0147,19.222,3.61031,24.2456,19.7338,25.6898,1.72362,9.83371,20.7798,1.49401,11.0523,16.3403,7.97973,9.50571,23.4154,31.9501,13.3939,11.7593,25.9422,6.92151,16.7539,28.0241,6.29722,1.54783,29.8812,18.3745,20.8211,0.397615,22.8698,21.797,22.4532,5.007,1.49401,8.28551,20.1224,16.3054,13.2825,17.5005,16.0174,15.327,9.41827,31.9966,5.46832,16.2779,23.4238,
DUALS 73,2693.28,650296,644857,0,8.9581,5.83523,30.1019,13.2924,19.0907,13.2844,18.2822,32.017,12.6641,17.057,8.83397,16.4584,7.20151,10.299,10.2216,18.3526,2.82312,21.6767,13.0301,19.0135,26.2593,19.6193,25.5741,11.0263,9.38385,14.0755,17.5646,7.72642,7.68457,13.8439,5.66355,29.7856,18.2506,2.17856,18.7369,18.6215,14.5033,18.0526,0.671679,11.4919,17.0834,18.5115,7.85017,13.4676,14.6345,17.328,14.7524,13.2363,6.99621,13.5877,14.4666,15.367,4.88258,28.2613,20.5865,3.36389,17.9557,21.9576,8.2796,30.9662,6.57311,7.94599,1.30448,2.45547,22.1606,18.3896,1.97191,4.99545,23.9238,16.9427,6.37172,31.6803,17.9895,0.8342,24.3174,13.0342,4.84083,7.77925,13.2315,7.61003,10.5696,24.7406,14.1427,14.8176,13.6884,12.3893,12.4315,29.8745,8.74867,6.62103,11.9776,13.2597,13.6229,20.7172,2.64401,4.85363,12.7459,19.712,5.1081,5.13039,8.96422,12.4051,24.2256,26.2582,4.99377,13.8624,0.350999,1.49401,0,5.28448,8.18189,12.2851,15.7816,17.9407,30.6372,18.1257,4.75082,17.96,12.6934,11.6219,10.3661,5.06063,5.85486,18.5621,15.7428,7.56422,17.4543,17.7794,15.6596,5.36277,5.88141,29.7594,15.2679,22.8679,24.7145,7.44168,1.8611,2.98899,3.67023,23.3286,20.1332,5.15204,20.6033,11.1282,15.6774,10.7074,12.4039,25.2844,0.293981,18.1826,18.0926,15.602,10.8897,7.32579,6.848,13.8677,19.222,3.61031,24.2456,19.7338,25.6898,2.87062,9.83371,20.7798,1.49401,11.0523,16.3403,6.83274,9.50571,23.4154,31.9501,13.3939,11.7593,25.9422,6.92151,16.7539,28.0241,6.29722,0.40083,29.8812,18.3745,20.8211,0.397615,22.8698,21.797,22.4532,5.007,1.49401,8.28551,20.1224,16.3054,13.2825,17.5005,16.0174,15.327,8.27127,31.9966,5.46832,16.2779,23.4238,
DUALS 74,2693.28,650737,642998,0,8.9581,5.83523,30.1019,13.2924,19.0907,13.2844,18.2822,32.017,12.6641,17.057,8.83397,16.4584,7.20151,11.3511,8.11741,18.3526,2.82312,21.6767,14.0822,19.0135,25.2072,19.6193,25.5741,11.0263,9.38385,13.0234,17.5646,8.7785,8.73665,14.8959,5.66355,29.7856,18.2506,2.17856,18.7369,18.6215,14.5033,18.0526,0.671679,10.4398,17.0834,19.5636,7.85017,13.4676,14.6345,17.328,14.7524,12.1842,6.99621,14.6398,14.4666,14.3149,4.88258,28.2613,20.5865,3.36389,17.9557,21.9576,7.22752,30.9662,6.57311,7.94599,1.30448,2.45547,22.1606,18.3896,1.97191,4.99545,23.9238,16.9427,6.37172,31.6803,17.9895,1.88628,23.2653,13.0342,4.84083,7.77925,14.2836,7.61003,10.5696,24.7406,14.1427,14.8176,13.6884,12.3893,13.4836,29.8745,7.69659,6.62103,11.9776,12.2076,13.6229,20.7172,2.64401,5.90571,13.7979,19.712,5.1081,5.13039,8.96422,12.4051,24.2256,26.2582,3.94169,13.8624,0.350999,1.49401,1.05208,5.28448,8.18189,13.3372,15.7816,17.9407,30.6372,18.1257,4.75082,17.96,12.6934,12.674,10.3661,5.06063,6.90694,18.5621,15.7428,7.56422,17.4543,17.7794,15.6596,6.41485,5.88141,29.7594,14.2158,23.9199,24.7145,7.44168,1.8611,2.98899,3.67023,23.3286,20.1332,5.15204,20.6033,11.1282,14.6253,10.7074,12.4039,25.2844,1.34606,18.1826,18.0926,14.5499,9.83761,7.32579,6.848,14.9198,19.222,3.61031,24.2456,19.7338,25.6898,1.81854,8.78163,20.7798,1.49401,11.0523,16.3403,7.88481,8.45363,23.4154,31.9501,13.3939,11.7593,25.9422,6.92151,16.7539,28.0241,6.29722,1.45291,29.8812,18.3745,19.769,0.397615,22.8698,21.797,22.4532,5.007,1.49401,8.28551,20.1224,16.3054,14.3346,17.5005,14.9653,14.2749,9.32335,31.9966,5.46832,16.2779,23.4238,
DUALS 74,2693.28,650736,643226,0,8.9581,5.83523,30.1019,13.2924,19.0907,13.2844,18.2822,32.017,12.6641,17.057,8.83397,16.4584,7.20151,11.3511,9.66235,18.3526,2.82312,21.6767,14.0822,19.0135,26.7522,19.6193,27.1191,11.0263,9.38385,14.5684,17.5646,8.7785,7.1917,14.8959,5.66355,29.7856,18.2506,2.17856,18.7369,18.6215,14.5033,18.0526,0.671679,11.9847,17.0834,18.0187,7.85017,13.4676,14.6345,17.328,14.7524,13.7291,6.99621,13.0949,14.4666,15.8598,4.88258,28.2613,20.5865,3.36389,17.9557,21.9576,8.77246,30.9662,6.57311,7.94599,1.30448,2.45547,22.1606,18.3896,1.97191,4.99545,23.9238,16.9427,6.37172,31.6803,17.9895,1.88628,24.8102,13.0342,4.84083,7.77925,12.7387,7.61003,10.5696,24.7406,14.1427,14.8176,13.6884,12.3893,11.9387,29.8745,9.24153,6.62103,11.9776,13.7525,13.6229,20.7172,2.64401,5.90571,13.7979,19.712,5.1081,5.13039,8.96422,12.4051,24.2256,26.2582,5.48663,13.8624,0.350999,1.49401,1.05208,3.73954,8.18189,11.7923,15.7816,17.9407,30.6372,18.1257,4.75082,17.96,12.6934,12.674,10.3661,5.06063,5.362,18.5621,15.7428,7.56422,17.4543,17.7794,15.6596,6.41485,5.88141,29.7594,14.2158,23.9199,24.7145,7.44168,1.8611,2.98899,3.67023,23.3286,20.1332,5.15204,20.6033,11.1282,16.1702,10.7074,12.4039,25.2844,2.891,18.1826,18.0926,16.0948,11.3825,7.32579,6.848,13.3749,19.222,3.61031,24.2456,19.7338,25.6898,3.36349,10.3266,20.7798,1.49401,11.0523,16.3403,6.33987,9.99857,21.8705,31.9501,13.3939,11.7593,25.9422,6.92151,16.7539,28.0241,6.29722,0,29.8812,18.3745,21.314,0.397615,22.8698,21.797,22.4532,5.007,1.49401,8.28551,20.1224,16.3054,14.3346,17.5005,16.5102,15.8198,9.32335,31.9966,3.92338,16.2779,23.4238,
DUALS 74,2693.28,650736,643793,0,8.9581,5.83523,30.1019,13.2924,19.0907,13.2844,18.2822,32.017,12.6641,17.057,8.83397,16.4584,7.20151,11.3511,7.99756,18.3526,2.82312,21.6767,14.0822,19.0135,26.7522,19.6193,25.4543,11.0263,9.38385,12.9036,17.5646,8.7785,8.8565,14.8959,5.66355,29.7856,18.2506,2.17856,18.7369,18.6215,14.5033,18.0526,0.671679,10.32,17.0834,19.6835,7.85017,13.4676,14.6345,17.328,14.7524,12.0643,6.99621,14.7597,14.4666,14.195,4.88258,28.2613,20.5865,3.36389,17.9557,21.9576,7.10767,30.9662,6.57311,7.94599,1.30448,2.45547,22.1606,18.3896,1.97191,4.99545,23.9238,16.9427,6.37172,31.6803,17.9895,1.88628,23.1454,13.0342,4.84083,7.77925,14.4035,7.61003,10.5696,24.7406,14.1427,14.8176,13.6884,12.3893,13.6035,29.8745,7.57674,6.62103,11.9776,12.0877,13.6229,20.7172,2.64401,5.90571,13.7979,19.712,5.1081,5.13039,8.96422,12.4051,24.2256,26.2582,3.82184,13.8624,0.350999,1.49401,1.05208,3.73954,8.18189,13.4571,15.7816,17.9407,30.6372,18.1257,4.75082,17.96,12.6934,12.674,10.3661,5.06063,7.02679,18.5621,15.7428,7.56422,17.4543,17.7794,15.6596,6.41485,5.88141,29.7594,12.551,25.5847,24.7145,7.44168,1.8611,2.98899,3.67023,23.3286,20.1332,5.15204,20.6033,11.1282,14.5054,10.7074,12.4039,25.2844,2.891,18.1826,18.0926,14.43,9.71776,7.32579,6.848,15.0397,19.222,3.61031,24.2456,19.7338,25.6898,1.69869,8.66178,20.7798,1.49401,11.0523,16.3403,8.00467,8.33378,21.8705,31.9501,13.3939,11.7593,25.9422,6.92151,16.7539,28.0241,6.29722,1.66479,29.8812,18.3745,19.6492,0.397615,22.8698,21.797,22.4532,5.007,1.49401,8.28551,20.1224,16.3054,14.3346,17.5005,14.8454,14.155,9.32335,31.9966,3.92338,16.2779,23.4238,
DUALS 74,2693.28,650736,643793,0,8.9581,5.83523,30.1019,13.2924,19.0907,13.2844,18.2822,32.017,12.6641,17.057,8.83397,16.4584,7.20151,11.3511,8.949,18.3526,2.82312,21.6767,14.0822,19.0135,27.7036,19.6193,26.4057,11.0263,9.38385,13.855,17.5646,8.7785,6.95362,14.8959,5.66355,29.7856,18.2506,2.17856,18.7369,18.6215,14.5033,18.0526,0.671679,11.2714,17.0834,17.7806,7.85017,13.4676,14.6345,17.328,14.7524,12.0643,6.99621,12.8568,14.4666,15.1465,4.88258,28.2613,20.5865,3.36389,17.9557,21.9576,8.05911,30.9662,6.57311,7.94599,1.30448,1.50403,22.1606,18.3896,1.97191,4.99545,23.9238,16.9427,6.37172,31.6803,17.9895,1.88628,24.0969,13.0342,4.84083,7.77925,12.5006,7.61003,10.5696,24.7406,14.1427,14.8176,13.6884,12.3893,11.7006,29.8745,8.52818,6.62103,11.9776,13.0392,13.6229,20.7172,2.64401,5.90571,13.7979,19.712,5.1081,5.13039,8.96422,12.4051,24.2256,26.2582,4.77328,13.8624,0.350999,1.49401,0.100639,4.69098,8.18189,11.5542,15.7816,17.9407,30.6372,18.1257,4.75082,17.96,12.6934,12.674,10.3661,5.06063,5.12391,18.5621,15.7428,7.56422,17.4543,17.7794,15.6596,6.41485,5.88141,29.7594,12.551,24.6333,24.7145,7.44168,1.8611,2.98899,3.67023,23.3286,20.1332,5.15204,20.6033,11.1282,15.4569,10.7074,12.4039,25.2844,1.93956,18.1826,18.0926,15.3815,10.6692,7.32579,6.848,13.1368,19.222,3.61031,24.2456,19.7338,25.6898,2.65013,9.61322,20.7798,1.49401,11.0523,16.3403,6.10179,9.28522,20.919,31.9501,13.3939,11.7593,25.9422,6.92151,16.7539,28.0241,6.29722,0.713352,29.8812,18.3745,20.6006,0.397615,22.8698,21.797,22.4532,5.007,1.49401,8.28551,20.1224,16.3054,14.3346,17.5005,15.7969,15.1065,9.32335,31.9966,4.87482,16.2779,23.4238,
DUALS 75,2693.28,650717,643800,0,8.9581,5.83523,30.1019,13.2924,19.0907,13.2844,18.2822,32.017,12.6641,17.057,8.83397,16.4584,7.20151,11.3511,10.9937,18.3526,2.82312,21.6767,14.0822,19.0135,27.7036,19.6193,26.4057,11.0263,9.38385,15.8997,17.5646,8.7785,8.99829,14.8959,5.66355,29.7856,18.2506,2.17856,18.7369,18.6215,14.5033,18.0526,0.671679,13.3161,17.0834,19.8253,7.85017,13.4676,14.6345,17.328,14.7524,14.109,6.99621,14.9015,14.4666,15.1465,4.88258,28.2613,20.5865,3.36389,17.9557,21.9576,10.1038,30.9662,6.57311,7.94599,1.30448,1.50403,22.1606,18.3896,1.97191,4.99545,23.9238,16.9427,6.37172,31.6803,17.9895,1.88628,24.0969,13.0342,4.84083,7.77925,14.5453,7.61003,10.5696,24.7406,14.1427,14.8176,13.6884,12.3893,13.7453,29.8745,10.5729,6.62103,11.9776,13.0392,13.6229,20.7172,2.64401,5.90571,13.7979,19.712,5.1081,5.13039,8.96422,12.4051,24.2256,26.2582,6.81795,13.8624,0.350999,1.49401,2.14531,4.69098,8.18189,13.5989,15.7816,17.9407,30.6372,18.1257,4.75082,17.96,12.6934,12.674,10.3661,5.06063,7.16859,18.5621,15.7428,7.56422,17.4543,17.7794,15.6596,6.41485,5.88141,29.7594,14.5957,26.678,24.7145,7.44168,1.8611,2.98899,3.67023,23.3286,20.1332,5.15204,20.6033,11.1282,15.4569,10.7074,12.4039,25.2844,1.93956,18.1826,18.0926,17.4261,12.7139,7.32579,6.848,15.1815,19.222,3.61031,24.2456,19.7338,25.6898,0.605458,9.61322,20.7798,1.49401,11.0523,16.3403,8.14646,11.3299,22.9637,31.9501,13.3939,11.7593,25.9422,6.92151,16.7539,28.0241,6.29722,0.713352,29.8812,18.3745,20.6006,0.397615,22.8698,21.797,22.4532,5.007,1.49401,8.28551,20.1224,16.3054,14.3346,17.5005,15.7969,15.1065,9.32335,31.9966,6.9195,16.2779,23.4238,
DUALS 75,2693.28,651467,643764,0,8.9581,5.83523,30.1019,13.2924,19.0907,13.2844,18.2822,32.017,12.6641,17.057,8.83397,16.4584,7.20151,10.8939,10.0793,18.3526,2.82312,21.6767,14.3108,19.0135,27.7036,19.6193,26.4057,11.2549,9.38385,14.0709,17.7932,8.5499,8.99829,14.4387,5.66355,29.7856,18.2506,2.17856,18.7369,18.6215,14.5033,18.0526,0.671679,11.9445,17.0834,19.8253,7.85017,13.6962,14.6345,17.328,14.7524,13.8804,6.99621,14.9015,14.4666,15.1465,4.88258,28.2613,20.5865,3.36389,17.9557,21.9576,8.9608,30.9662,6.80171,7.94599,1.30448,1.73262,22.1606,18.3896,1.97191,5.22405,23.9238,16.9427,6.37172,31.6803,17.9895,1.65768,24.0969,13.2628,4.84083,7.77925,14.5453,7.61003,10.5696,24.7406,14.1427,14.8176,13.6884,12.3893,13.7453,29.8745,9.42987,6.62103,11.9776,13.0392,13.6229,20.7172,2.64401,5.67711,14.0265,19.712,5.1081,5.35898,8.96422,12.6336,24.2256,26.2582,5.67497,13.8624,0.350999,1.49401,2.14531,4.69098,8.18189,13.5989,15.7816,17.9407,30.6372,18.1257,4.75082,17.96,12.6934,12.674,10.3661,5.06063,7.16859,18.5621,15.7428,7.56422,17.4543,17.7794,15.6596,6.18625,5.88141,29.7594,13.6813,26.678,24.7145,7.44168,1.8611,2.98899,3.67023,23.3286,20.1332,5.15204,20.6033,11.1282,15.4569,10.936,12.4039,25.2844,2.16816,18.1826,18.0926,15.826,10.4279,7.55439,6.848,15.1815,19.222,3.61031,24.2456,19.7338,25.6898,0.834055,9.61322,20.7798,1.49401,11.0523,16.3403,8.14646,10.1869,22.9637,31.9501,13.3939,11.9879,25.9422,6.92151,16.7539,28.0241,6.29722,0.941949,29.8812,18.3745,20.6006,0.397615,22.8698,21.797,22.4532,5.007,1.49401,8.28551,20.1224,16.3054,14.106,17.5005,15.7969,15.1065,9.55195,31.9966,6.6909,16.2779,23.4238,
DUALS 75,2693.28,651463,646226,0,8.9581,5.83523,30.1019,13.2924,19.0907,13.2844,18.2822,32.017,12.6641,17.057,8.83397,16.4584,7.20151,14.366,10.0793,18.3526,2.82312,21.6767,14.3108,19.0135,27.7036,19.6193,26.4057,11.2549,9.38385,14.0709,17.7932,8.5499,5.5262,14.4387,5.66355,29.7856,18.2506,2.17856,18.7369,18.6215,14.5033,18.0526,0.671679,11.9445,17.0834,16.3532,7.85017,13.6962,14.6345,17.328,14.7524,10.4083,6.99621,11.4294,14.4666,15.1465,4.88258,28.2613,20.5865,3.36389,17.9557,21.9576,8.9608,30.9662,6.80171,7.94599,1.30448,1.73262,22.1606,18.3896,1.97191,5.22405,23.9238,16.9427,6.37172,31.6803,17.9895,1.65768,24.0969,13.2628,4.84083,7.77925,11.0732,7.61003,10.5696,24.7406,14.1427,14.8176,13.6884,12.3893,10.2732,29.8745,9.42987,6.62103,11.9776,13.0392,13.6229,20.7172,2.64401,5.67711,14.0265,19.712,5.1081,5.35898,8.96422,12.6336,24.2256,26.2582,5.67497,13.8624,0.350999,1.49401,0,4.69098,8.18189,10.1268,15.7816,17.9407,30.6372,18.1257,4.75082,17.96,12.6934,12.674,10.3661,5.06063,3.69649,18.5621,15.7428,7.56422,17.4543,17.7794,15.6596,6.18625,5.88141,29.7594,13.6813,23.2059,24.7145,7.44168,1.8611,2.98899,3.67023,23.3286,20.1332,5.15204,20.6033,11.1282,15.4569,10.936,12.4039,25.2844,2.16816,18.1826,18.0926,15.826,10.4279,7.55439,6.848,11.7094,19.222,3.61031,24.2456,19.7338,25.6898,4.30615,9.61322,20.7798,1.49401,11.0523,16.3403,4.67436,10.1869,22.9637,31.9501,13.3939,11.9879,25.9422,6.92151,16.7539,28.0241,6.29722,0.941949,29.8812,18.3745,20.6006,0.397615,22.8698,21.797,22.4532,5.007,1.49401,8.28551,20.1224,16.3054,14.106,17.5005,15.7969,15.1065,9.55195,31.9966,6.6909,16.2779,23.4238,
DUALS 76,2693.28,651581,643873,0,8.9581,5.83523,30.1019,13.2924,19.0907,13.2844,18.2822,32.017,12.6641,17.057,8.83397,16.4584,7.20151,9.76014,8.92782,18.3526,2.82312,21.6767,13.1593,19.0135,27.7036,19.6193,26.4057,11.2549,9.38385,12.9194,17.7932,8.5499,6.67766,14.4387,5.66355,29.7856,18.2506,2.17856,18.7369,18.6215,14.5033,18.0526,0.671679,9.64155,17.0834,17.5046,7.85017,13.6962,14.6345,17.328,14.7524,9.25686,6.99621,12.5808,14.4666,15.1465,4.88258,28.2613,20.5865,3.36389,17.9557,21.9576,6.65787,30.9662,6.80171,7.94599,1.30448,1.73262,22.1606,18.3896,1.97191,5.22405,23.9238,16.9427,6.37172,31.6803,17.9895,1.65768,24.0969,13.2628,4.84083,7.77925,12.2246,7.61003,10.5696,24.7406,14.1427,14.8176,13.6884,12.3893,11.4246,29.8745,7.12694,6.62103,11.9776,13.0392,13.6229,20.7172,2.64401,5.67711,12.8751,19.712,5.1081,5.35898,8.96422,12.6336,24.2256,26.2582,3.37203,13.8624,0.350999,1.49401,1.15147,4.69098,8.18189,11.2782,15.7816,17.9407,30.6372,18.1257,4.75082,17.96,12.6934,11.5225,10.3661,5.06063,4.84795,18.5621,15.7428,7.56422,17.4543,17.7794,15.6596,6.18625,5.88141,29.7594,12.5298,24.3573,24.7145,7.44168,1.8611,2.98899,3.67023,23.3286,20.1332,5.15204,20.6033,11.1282,15.4569,10.936,12.4039,25.2844,2.16816,18.1826,18.0926,13.523,10.4279,7.55439,6.848,12.8608,19.222,3.61031,24.2456,19.7338,25.6898,3.15469,9.61322,20.7798,1.49401,11.0523,16.3403,5.82583,10.1869,24.1152,31.9501,13.3939,11.9879,25.9422,6.92151,16.7539,28.0241,6.29722,0.941949,29.8812,18.3745,20.6006,0.397615,22.8698,21.797,22.4532,5.007,1.49401,8.28551,20.1224,16.3054,12.9545,17.5005,15.7969,15.1065,9.55195,31.9966,4.38797,16.2779,23.4238,
DUALS 76,2693.28,651574,644005,0,8.9581,5.83523,30.1019,13.2924,19.0907,13.2844,18.2822,32.017,12.6641,17.057,8.83397,16.4584,7.20151,12.292,11.4597,18.3526,2.82312,21.6767,13.1593,19.0135,27.7036,19.6193,26.4057,11.2549,9.38385,15.4513,17.7932,8.5499,9.20952,14.4387,5.66355,29.7856,18.2506,2.17856,18.7369,18.6215,14.5033,18.0526,0.671679,12.1734,17.0834,20.0365,7.85017,13.6962,14.6345,17.328,14.7524,11.7887,6.99621,15.1127,14.4666,15.1465,4.88258,28.2613,20.5865,3.36389,17.9557,21.9576,9.18973,30.9662,6.80171,7.94599,1.30448,1.73262,22.1606,18.3896,1.97191,5.22405,23.9238,16.9427,6.37172,31.6803,17.9895,1.65768,24.0969,13.2628,4.84083,7.77925,14.7565,7.61003,10.5696,24.7406,14.1427,14.8176,13.6884,12.3893,13.9565,29.8745,9.6588,6.62103,11.9776,13.0392,13.6229,20.7172,2.64401,5.67711,12.8751,19.712,5.1081,5.35898,8.96422,12.6336,24.2256,26.2582,5.9039,13.8624,0.350999,1.49401,1.15147,4.69098,8.18189,13.8101,15.7816,17.9407,30.6372,18.1257,4.75082,17.96,12.6934,11.5225,10.3661,5.06063,7.37982,18.5621,15.7428,7.56422,17.4543,17.7794,15.6596,6.18625,5.88141,29.7594,15.0617,26.8892,24.7145,7.44168,1.8611,2.98899,3.67023,23.3286,20.1332,5.15204,20.6033,11.1282,15.4569,10.936,12.4039,25.2844,2.16816,18.1826,18.0926,16.0549,12.9598,7.55439,6.848,15.3927,19.222,3.61031,24.2456,19.7338,25.6898,0.622824,9.61322,20.7798,1.49401,11.0523,16.3403,8.35769,12.7188,26.647,31.9501,13.3939,11.9879,25.9422,6.92151,16.7539,28.0241,6.29722,0.941949,29.8812,18.3745,20.6006,0.397615,22.8698,21.797,22.4532,5.007,1.49401,8.28551,20.1224,16.3054,12.9545,17.5005,15.7969,15.1065,9.55195,31.9966,6.91983,16.2779,23.4238,
DUALS 76,2693.28,651984,644270,0,8.9581,5.83523,30.1019,13.2924,19.0907,13.2844,18.2822,32.017,12.6641,17.057,8.83397,16.4584,7.20151,12.6602,9.98686,18.3526,2.82312,21.6767,13.5275,19.0135,27.7036,19.6193,26.4057,11.2549,9.38385,13.9785,17.7932,8.9181,9.20952,14.4387,5.66355,29.7856,18.2506,2.17856,18.7369,18.6215,14.5033,18.0526,0.671679,11.0688,17.0834,20.0365,7.85017,13.6962,14.6345,17.328,14.7524,11.4205,6.99621,15.1127,14.4666,15.1465,4.88258,28.2613,20.5865,3.36389,17.9557,21.9576,7.71691,30.9662,6.80171,7.94599,1.30448,1.73262,22.1606,18.3896,1.97191,5.22405,23.9238,16.9427,6.37172,31.6803,17.9895,2.02589,24.0969,13.2628,4.84083,7.77925,14.7565,7.61003,10.5696,24.7406,14.1427,14.8176,13.6884,12.3893,13.9565,29.8745,8.18598,6.62103,11.9776,13.0392,13.6229,20.7172,2.64401,6.04532,13.2433,19.712,5.1081,5.35898,8.96422,12.6336,24.2256,26.2582,4.79928,13.8624,0.350999,1.49401,1.15147,4.69098,8.18189,13.8101,15.7816,17.9407,30.6372,18.1257,4.75082,17.96,12.6934,11.5225,10.3661,5.06063,7.37982,18.5621,15.7428,7.56422,17.4543,17.7794,15.6596,6.55446,5.88141,29.7594,13.5889,26.8892,24.7145,7.44168,1.8611,2.98899,3.67023,23.3286,20.1332,5.15204,20.6033,11.1282,15.4569,10.936,12.4039,25.2844,2.53636,18.1826,18.0926,14.9503,10.3823,7.55439,6.848,15.3927,19.222,3.61031,24.2456,19.7338,25.6898,0.991029,9.61322,20.7798,1.49401,11.0523,16.3403,8.35769,10.5095,26.647,31.9501,13.3939,11.9879,25.9422,6.92151,16.7539,28.0241,5.92901,0.941949,29.8812,18.3745,20.6006,0.397615,22.8698,21.797,22.4532,5.007,1.49401,8.28551,20.1224,16.3054,13.3227,17.5005,15.7969,15.1065,9.92015,31.9966,6.55162,16.2779,23.4238,
DUALS 77,2693.28,651976,645954,0,8.9581,5.83523,30.1019,13.2924,19.0907,13.2844,18.2822,32.017,12.6641,17.057,8.83397,16.4584,7.20151,12.6602,11.1775,18.3526,2.82312,21.6767,13.5275,19.0135,27.7036,19.6193,26.4057,11.2549,9.38385,15.1691,17.7932,8.9181,6.82834,14.4387,5.66355,29.7856,18.2506,2.17856,18.7369,18.6215,14.5033,18.0526,0.671679,12.2594,17.0834,17.6553,7.85017,13.6962,14.6345,17.328,14.7524,11.4205,6.99621,12.7315,14.4666,15.1465,4.88258,28.2613,20.5865,3.36389,17.9557,21.9576,8.9075,30.9662,6.80171,7.94599,1.30448,1.73262,22.1606,18.3896,1.97191,5.22405,23.9238,16.9427,6.37172,31.6803,17.9895,2.02589,24.0969,13.2628,4.84083,7.77925,12.3753,7.61003,10.5696,24.7406,14.1427,14.8176,13.6884,12.3893,11.5753,29.8745,9.37657,6.62103,11.9776,13.0392,13.6229,20.7172,2.64401,6.04532,13.2433,19.712,5.1081,5.35898,8.96422,12.6336,24.2256,26.2582,5.98987,13.8624,0.350999,1.49401,1.15147,4.69098,8.18189,11.4289,15.7816,17.9407,30.6372,18.1257,4.75082,17.96,12.6934,11.5225,10.3661,5.06063,4.99863,18.5621,15.7428,7.56422,17.4543,17.7794,15.6596,6.55446,5.88141,29.7594,13.5889,25.6986,24.7145,7.44168,1.8611,2.98899,3.67023,23.3286,20.1332,5.15204,20.6033,11.1282,15.4569,10.936,12.4039,25.2844,2.53636,18.1826,18.0926,16.1409,11.5729,7.55439,6.848,13.0115,19.222,3.61031,24.2456,19.7338,25.6898,2.18162,9.61322,20.7798,1.49401,11.0523,16.3403,5.97651,11.7001,25.4565,31.9501,13.3939,11.9879,25.9422,6.92151,16.7539,28.0241,5.92901,0.941949,29.8812,18.3745,20.6006,0.397615,22.8698,21.797,22.4532,5.007,1.49401,8.28551,20.1224,16.3054,13.3227,17.5005,15.7969,15.1065,9.92015,31.9966,5.36103,16.2779,23.4238,
DUALS 77,2693.28,652750,645030,0,8.9581,5.83523,30.1019,13.2924,19.0907,13.2844,18.2822,32.017,12.6641,17.057,8.83397,16.4584,7.20151,11.6549,10.5073,18.3526,2.82312,21.6767,13.5275,19.0135,27.7036,19.6193,26.4057,11.2549,9.38385,13.8287,17.4581,8.24793,7.16342,14.4387,5.66355,29.7856,18.2506,2.17856,18.7369,18.6215,14.5033,18.0526,0.671679,10.584,17.0834,17.9904,7.85017,13.6962,14.6345,17.328,14.7524,11.0854,6.99621,12.7315,14.4666,15.1465,4.88258,28.2613,20.5865,3.36389,17.9557,21.9576,8.23733,30.9662,6.80171,7.94599,1.30448,1.73262,22.1606,18.3896,1.97191,5.22405,23.9238,16.9427,6.37172,31.6803,17.9895,1.35572,24.0969,13.2628,4.84083,7.77925,12.7104,7.61003,10.5696,24.7406,14.1427,14.8176,13.6884,12.3893,11.9104,29.8745,8.7064,6.62103,11.9776,13.0392,13.6229,20.7172,2.64401,5.37515,13.5784,19.712,5.1081,5.35898,8.96422,12.6336,24.2256,26.2582,5.3197,13.8624,0.350999,1.49401,1.15147,4.69098,8.18189,11.764,15.7816,17.9407,30.6372,18.1257,4.75082,17.96,12.6934,11.1874,10.3661,5.06063,5.33371,18.5621,15.7428,7.56422,17.4543,17.7794,15.6596,5.88429,5.88141,29.7594,13.2538,25.6986,24.7145,7.44168,1.8611,2.98899,3.67023,23.3286,20.1332,5.15204,20.6033,11.1282,15.4569,10.936,12.4039,25.2844,2.53636,18.1826,18.0926,14.8005,9.56241,7.55439,6.848,13.0115,19.222,3.61031,24.2456,19.7338,25.6898,1.84654,9.61322,20.7798,1.49401,11.0523,16.3403,6.31159,10.3598,25.4565,31.9501,13.3939,11.9879,25.9422,6.92151,16.7539,28.0241,5.59393,0.941949,29.8812,18.3745,20.6006,0.397615,22.8698,21.797,22.4532,5.007,1.49401,8.28551,20.1224,16.3054,13.6578,17.5005,15.7969,15.1065,10.2552,31.9966,5.36103,16.2779,23.4238,
DUALS 77,2693.28,652737,648188,0,8.9581,5.83523,30.1019,13.2924,19.0907,13.2844,18.2822,32.017,12.6641,17.057,8.83397,16.4584,7.20151,11.6549,10.5073,18.3526,2.82312,21.6767,13.5275,19.0135,27.7036,19.6193,26.4057,11.2549,9.38385,15.3072,17.4581,9.72643,8.64192,14.4387,5.66355,29.7856,18.2506,2.17856,18.7369,18.6215,14.5033,18.0526,0.671679,12.0625,17.0834,19.4689,7.85017,13.6962,14.6345,17.328,14.7524,12.5639,6.99621,14.21,14.4666,13.668,4.88258,28.2613,20.5865,3.36389,17.9557,21.9576,8.23733,30.9662,6.80171,7.94599,1.30448,1.73262,22.1606,18.3896,1.97191,5.22405,23.9238,16.9427,6.37172,31.6803,17.9895,2.83422,22.6184,13.2628,4.84083,7.77925,14.1889,7.61003,10.5696,24.7406,14.1427,14.8176,13.6884,12.3893,13.3889,29.8745,8.7064,6.62103,11.9776,11.5607,13.6229,20.7172,2.64401,6.85364,13.5784,19.712,5.1081,5.35898,8.96422,12.6336,24.2256,26.2582,5.3197,13.8624,0.350999,1.49401,1.15147,4.69098,8.18189,13.2425,15.7816,17.9407,30.6372,18.1257,4.75082,17.96,12.6934,11.1874,10.3661,5.06063,6.81221,18.5621,15.7428,7.56422,17.4543,17.7794,15.6596,7.36279,5.88141,29.7594,14.7323,25.6986,24.7145,7.44168,1.8611,2.98899,3.67023,23.3286,20.1332,5.15204,20.6033,11.1282,13.9784,10.936,12.4039,25.2844,4.01486,18.1826,18.0926,16.279,11.0409,7.55439,6.848,14.49,19.222,3.61031,24.2456,19.7338,25.6898,1.84654,8.13472,20.7798,1.49401,11.0523,16.3403,7.79009,11.8383,25.4565,31.9501,13.3939,11.9879,25.9422,6.92151,16.7539,28.0241,5.59393,0.941949,29.8812,18.3745,19.1221,0.397615,22.8698,21.797,22.4532,5.007,1.49401,8.28551,20.1224,16.3054,13.6578,17.5005,14.3184,13.628,10.2552,31.9966,3.88253,16.2779,23.4238,
DUALS 78,2693.28,653325,645604,0,8.9581,5.83523,30.1019,13.2924,19.0907,13.2844,18.2822,32.017,12.6641,17.057,8.83397,16.4584,7.20151,10.4326,10.8129,18.3526,2.82312,21.6767,13.2219,19.0135,28.0092,19.6193,26.7113,11.2549,9.38385,14.3904,17.4581,8.19847,8.64192,13.522,5.66355,29.7856,18.2506,2.17856,18.7369,18.6215,14.5033,18.0526,0.671679,11.1457,17.0834,19.4689,7.85017,14.0018,14.6345,17.328,14.7524,12.5639,6.99621,14.21,14.4666,13.9736,4.88258,28.2613,20.5865,3.36389,17.9557,21.9576,8.54293,30.9662,6.80171,7.94599,1.30448,1.73262,22.1606,18.3896,1.97191,5.52964,23.9238,16.9427,6.37172,31.6803,17.9895,1.30625,22.924,13.5684,4.84083,7.77925,14.1889,7.61003,10.5696,24.7406,14.1427,14.8176,13.6884,12.3893,13.3889,29.8745,9.01199,6.62103,11.9776,11.8663,13.6229,20.7172,2.64401,5.32568,13.2728,19.712,5.1081,5.35898,8.96422,12.9392,24.2256,26.2582,5.6253,13.8624,0.350999,1.49401,1.15147,4.69098,8.18189,13.2425,15.7816,17.9407,30.6372,18.1257,4.75082,17.96,12.6934,10.8818,10.3661,5.06063,6.81221,18.5621,15.7428,7.56422,17.4543,17.7794,15.6596,5.83482,5.88141,29.7594,14.4267,25.6986,24.7145,7.44168,1.8611,2.98899,3.67023,23.3286,20.1332,5.15204,20.6033,11.1282,14.284,11.2416,12.4039,25.2844,3.09808,18.1826,18.0926,15.3623,9.81854,7.55439,6.848,14.49,19.222,3.61031,24.2456,19.7338,25.6898,1.84654,8.44031,20.7798,1.49401,11.0523,16.3403,7.79009,11.2271,25.4565,31.9501,13.3939,11.9879,25.9422,6.92151,16.7539,28.0241,5.59393,0.941949,29.8812,18.3745,19.4277,0.397615,22.8698,21.797,22.4532,5.007,1.49401,8.28551,20.1224,16.3054,13.3522,17.5005,14.624,13.9336,9.94965,31.9966,4.18812,16.2779,23.4238,
DUALS 78,2693.28,653456,645733,0,8.9581,5.83523,30.1019,13.2924,19.0907,13.2844,18.2822,32.017,12.6641,17.057,8.83397,16.4584,7.20151,11.051,10.1945,18.3526,2.82312,21.6767,13.8404,19.0135,28.6276,19.6193,27.3297,11.2549,9.38385,13.772,17.4581,8.81689,8.64192,13.522,5.66355,29.7856,18.2506,2.17856,18.7369,18.6215,14.5033,18.0526,0.671679,10.5273,17.0834,19.4689,7.85017,12.7649,14.6345,17.328,14.7524,11.9455,6.99621,14.21,14.4666,14.592,4.88258,28.2613,20.5865,3.36389,17.9557,21.9576,7.9245,30.9662,6.80171,7.94599,1.30448,1.73262,22.1606,18.3896,1.97191,3.05593,23.9238,16.9427,6.37172,31.6803,17.9895,1.92468,23.5424,11.0947,4.84083,7.77925,14.1889,7.61003,10.5696,24.7406,14.1427,14.8176,13.6884,12.3893,13.3889,29.8745,8.39357,6.62103,11.9776,12.4847,13.6229,20.7172,2.64401,5.94411,13.8912,19.712,5.1081,5.35898,8.96422,11.7024,24.2256,26.2582,5.00687,13.8624,0.350999,1.49401,1.15147,4.69098,8.18189,13.2425,15.7816,17.9407,30.6372,18.1257,4.75082,17.96,12.6934,11.5003,10.3661,5.06063,6.81221,18.5621,15.7428,7.56422,17.4543,17.7794,15.6596,6.45325,5.88141,29.7594,13.8083,25.6986,24.7145,7.44168,1.8611,2.98899,3.67023,23.3286,20.1332,5.15204,20.6033,11.1282,14.9024,10.0047,12.4039,25.2844,3.71651,18.1826,18.0926,14.7438,9.20011,7.55439,6.848,14.49,19.222,3.61031,24.2456,19.7338,25.6898,1.84654,9.05874,20.7798,1.49401,11.0523,16.3403,7.79009,10.6087,25.4565,31.9501,13.3939,11.9879,25.9422,6.92151,16.7539,28.0241,5.59393,0.941949,29.8812,18.3745,20.0461,0.397615,22.8698,21.797,22.4532,5.007,1.49401,8.28551,20.1224,16.3054,13.9707,17.5005,15.2424,14.552,10.5681,31.9966,4.18812,16.2779,23.4238,
DUALS 78,2693.28,653456,647184,0,8.9581,5.83523,30.1019,13.2924,19.0907,13.2844,18.2822,32.017,12.6641,17.057,8.83397,16.4584,7.20151,12.282,11.4254,18.3526,2.82312,21.6767,12.6094,19.0135,28.6276,19.6193,27.3297,11.2549,9.38385,15.003,17.4581,7.58591,7.41094,12.291,5.66355,29.7856,18.2506,2.17856,18.7369,18.6215,14.5033,18.0526,0.671679,11.7582,17.0834,18.2379,7.85017,13.9959,14.6345,17.328,14.7524,13.1765,6.99621,12.979,14.4666,14.592,4.88258,28.2613,20.5865,3.36389,17.9557,21.9576,9.15548,30.9662,6.80171,7.94599,1.30448,1.73262,22.1606,18.3896,1.97191,4.28691,23.9238,16.9427,6.37172,31.6803,17.9895,0.693694,23.5424,12.3257,4.84083,7.77925,12.9579,7.61003,10.5696,24.7406,14.1427,14.8176,13.6884,12.3893,12.1579,29.8745,9.62455,6.62103,11.9776,12.4847,13.6229,20.7172,2.64401,4.71312,12.6602,19.712,5.1081,5.35898,8.96422,12.9334,24.2256,26.2582,6.23785,13.8624,0.350999,1.49401,1.15147,4.69098,8.18189,12.0115,15.7816,17.9407,30.6372,18.1257,4.75082,17.96,12.6934,11.5003,10.3661,5.06063,5.58123,18.5621,15.7428,7.56422,17.4543,17.7794,15.6596,5.22227,7.1124,29.7594,13.8083,25.6986,24.7145,7.44168,1.8611,2.98899,3.67023,23.3286,20.1332,5.15204,20.6033,11.1282,14.9024,11.2357,12.4039,25.2844,1.25454,18.1826,18.0926,15.9748,10.4311,7.55439,6.848,13.259,19.222,3.61031,24.2456,19.7338,25.6898,1.84654,9.05874,20.7798,1.49401,11.0523,16.3403,6.55911,11.8397,24.2255,31.9501,13.3939,11.9879,25.9422,6.92151,16.7539,28.0241,5.59393,0.941949,29.8812,18.3745,20.0461,0.397615,22.8698,21.797,22.4532,5.007,1.49401,8.28551,20.1224,16.3054,12.7397,17.5005,15.2424,14.552,9.33709,31.9966,4.18812,16.2779,23.4238,
DUALS 79,2693.28,653456,647317,0,8.9581,5.83523,30.1019,13.2924,19.0907,13.2844,18.2822,32.017,12.6641,17.057,8.83397,16.4584,7.20151,13.4261,9.13715,18.3526,2.82312,21.6767,13.7535,19.0135,28.6276,19.6193,27.3297,11.2549,9.38385,12.7147,17.4581,8.73005,7.41094,12.291,5.66355,29.7856,18.2506,2.17856,18.7369,18.6215,14.5033,18.0526,0.671679,9.46996,17.0834,18.2379,7.85017,13.9959,14.6345,17.328,14.7524,12.0323,6.99621,12.979,14.4666,14.592,4.88258,28.2613,20.5865,3.36389,17.9557,21.9576,6.8672,30.9662,6.80171,7.94599,1.30448,1.73262,22.1606,18.3896,1.97191,4.28691,23.9238,16.9427,6.37172,31.6803,17.9895,1.83783,23.5424,12.3257,4.84083,7.77925,12.9579,7.61003,10.5696,24.7406,14.1427,14.8176,13.6884,12.3893,12.1579,29.8745,7.33627,6.62103,11.9776,12.4847,13.6229,20.7172,2.64401,5.85726,13.8043,19.712,5.1081,5.35898,8.96422,12.9334,24.2256,26.2582,3.94957,13.8624,0.350999,1.49401,1.15147,4.69098,8.18189,12.0115,15.7816,17.9407,30.6372,18.1257,4.75082,17.96,12.6934,11.5003,10.3661,5.06063,5.58123,18.5621,15.7428,7.56422,17.4543,17.7794,15.6596,6.36641,7.1124,29.7594,12.6641,25.6986,24.7145,7.44168,1.8611,2.98899,3.67023,23.3286,20.1332,5.15204,20.6033,11.1282,14.9024,11.2357,12.4039,25.2844,2.39868,18.1826,18.0926,13.6865,8.14281,7.55439,6.848,13.259,19.222,3.61031,24.2456,19.7338,25.6898,1.84654,9.05874,20.7798,1.49401,11.0523,16.3403,6.55911,9.55138,24.2255,31.9501,13.3939,11.9879,25.9422,6.92151,16.7539,28.0241,5.59393,0.941949,29.8812,18.3745,20.0461,0.397615,22.8698,21.797,22.4532,5.007,1.49401,8.28551,20.1224,16.3054,13.8838,17.5005,15.2424,14.552,10.4812,31.9966,4.18812,16.2779,23.4238,
DUALS 79,2693.28,653444,647383,0,8.9581,5.83523,30.1019,13.2924,19.0907,13.2844,18.2822,32.017,12.6641,17.057,8.83397,16.4584,7.20151,13.4261,13.8512,18.3526,2.82312,21.6767,13.7535,19.0135,28.6276,19.6193,27.3297,11.2549,9.38385,17.4288,17.4581,8.73005,7.41094,12.291,5.66355,29.7856,18.2506,2.17856,18.7369,18.6215,14.5033,18.0526,0.671679,14.184,17.0834,18.2379,7.85017,13.9959,14.6345,17.328,14.7524,16.7464,6.99621,12.979,14.4666,14.592,4.88258,28.2613,20.5865,3.36389,17.9557,21.9576,11.5813,30.9662,6.80171,7.94599,1.30448,1.73262,22.1606,18.3896,1.97191,4.28691,23.9238,16.9427,6.37172,31.6803,17.9895,1.83783,23.5424,12.3257,4.84083,7.77925,12.9579,7.61003,10.5696,24.7406,14.1427,14.8176,13.6884,12.3893,12.1579,29.8745,12.0503,6.62103,11.9776,12.4847,13.6229,20.7172,2.64401,5.85726,13.8043,19.712,5.1081,5.35898,8.96422,12.9334,24.2256,26.2582,8.66364,13.8624,0.350999,1.49401,1.15147,4.69098,8.18189,12.0115,15.7816,17.9407,30.6372,18.1257,4.75082,17.96,12.6934,11.5003,10.3661,5.06063,5.58123,18.5621,15.7428,7.56422,17.4543,17.7794,15.6596,6.36641,7.1124,29.7594,17.3782,25.6986,24.7145,7.44168,1.8611,2.98899,3.67023,23.3286,20.1332,5.15204,20.6033,11.1282,14.9024,11.2357,12.4039,25.2844,2.39868,18.1826,18.0926,18.4006,12.8569,7.55439,6.848,13.259,19.222,3.61031,24.2456,19.7338,25.6898,1.84654,9.05874,20.7798,1.49401,11.0523,16.3403,6.55911,14.2654,24.2255,31.9501,13.3939,11.9879,25.9422,6.92151,16.7539,28.0241,5.59393,0.941949,29.8812,18.3745,20.0461,0.397615,22.8698,21.797,22.4532,5.007,1.49401,8.28551,20.1224,16.3054,13.8838,17.5005,15.2424,14.552,10.4812,31.9966,4.18812,16.2779,23.4238,
DUALS 79,2693.28,654154,646427,0,8.9581,5.83523,30.1019,13.2924,19.0907,13.2844,18.2822,32.017,12.6641,17.057,8.83397,16.4584,7.20151,13.0333,11.1012,18.3526,2.82312,21.6767,14.1464,19.0135,28.6276,19.6193,27.3297,11.6477,9.38385,15.0716,17.851,9.12291,7.41094,12.291,5.66355,29.7856,18.2506,2.17856,18.7369,18.6215,14.5033,18.0526,0.671679,11.8269,17.0834,18.2379,7.85017,13.9959,14.6345,17.328,14.7524,15.9607,6.99621,12.979,14.4666,14.592,4.88258,28.2613,20.5865,3.36389,17.9557,21.9576,9.22411,30.9662,7.19456,7.94599,1.30448,2.12548,22.1606,18.3896,1.97191,4.67977,23.9238,16.9427,6.37172,31.6803,17.9895,1.83783,23.5424,12.7185,4.84083,7.77925,12.9579,7.61003,10.5696,24.7406,14.1427,14.8176,13.6884,12.3893,12.1579,29.8745,9.30032,6.62103,11.9776,12.4847,13.6229,20.7172,2.64401,6.25012,13.8043,19.712,5.1081,5.75184,8.96422,13.3262,24.2256,26.2582,5.91362,13.8624,0.350999,1.49401,1.54433,4.69098,8.18189,12.0115,15.7816,17.9407,30.6372,18.1257,4.75082,17.96,12.6934,11.5003,10.3661,5.06063,5.58123,18.5621,15.7428,7.56422,17.4543,17.7794,15.6596,6.75926,7.1124,29.7594,15.4139,25.6986,24.7145,7.44168,1.8611,2.98899,3.67023,23.3286,20.1332,5.15204,20.6033,11.1282,15.2953,11.6286,12.4039,25.2844,2.79154,18.1826,18.0926,16.4363,9.32115,7.94725,6.848,13.259,19.222,3.61031,24.2456,19.7338,25.6898,1.84654,9.05874,20.7798,1.49401,11.0523,16.3403,6.55911,11.1226,24.2255,31.9501,13.3939,12.3807,25.9422,6.92151,16.7539,28.0241,5.59393,1.33481,29.8812,18.3745,20.0461,0.397615,22.8698,21.797,22.4532,5.007,1.49401,8.28551,20.1224,16.3054,13.8838,17.5005,15.2424,14.552,10.4812,31.9966,3.79527,16.2779,23.4238,
DUALS 80,2693.28,654402,646673,0,8.9581,5.83523,30.1019,13.2924,19.0907,13.2844,18.2822,32.017,12.6641,17.057,8.83397,16.4584,7.20151,10.1524,9.94887,18.3526,2.82312,21.6767,14.1464,19.0135,28.6276,19.6193,27.3297,11.0715,9.38385,13.3431,17.851,7.97057,7.41094,12.291,5.66355,29.7856,18.2506,2.17856,18.7369,18.6215,14.5033,18.0526,0.671679,10.0984,17.0834,18.2379,7.85017,13.9959,14.6345,17.328,14.7524,14.8084,6.99621,12.979,14.4666,14.592,4.88258,28.2613,20.5865,3.36389,17.9557,21.9576,8.64794,30.9662,6.6184,7.94599,1.30448,2.12548,22.1606,18.3896,1.97191,4.67977,23.9238,16.9427,6.37172,31.6803,17.9895,0.685495,23.5424,12.7185,4.84083,7.77925,12.9579,7.61003,10.5696,24.7406,14.1427,14.8176,13.6884,12.3893,12.1579,29.8745,8.14798,6.62103,11.9776,12.4847,13.6229,20.7172,2.64401,5.67395,13.8043,19.712,5.1081,5.75184,8.96422,13.3262,24.2256,26.2582,4.76129,13.8624,0.350999,1.49401,1.54433,4.69098,8.18189,12.0115,15.7816,17.9407,30.6372,18.1257,4.75082,17.96,12.6934,10.9241,10.3661,5.06063,5.58123,18.5621,15.7428,7.56422,17.4543,17.7794,15.6596,6.1831,7.1124,29.7594,14.2616,25.6986,24.7145,7.44168,1.8611,2.98899,3.67023,23.3286,20.1332,5.15204,20.6033,11.1282,15.2953,11.6286,12.4039,25.2844,2.21537,18.1826,18.0926,14.7078,9.89732,7.94725,6.848,13.259,19.222,3.61031,24.2456,19.7338,25.6898,1.84654,9.05874,20.7798,1.49401,11.0523,16.3403,6.55911,9.39407,24.2255,31.9501,13.3939,12.9569,25.9422,6.92151,16.7539,28.0241,5.59393,1.33481,29.8812,18.3745,20.0461,0.397615,22.8698,21.797,22.4532,5.007,1.49401,8.28551,20.1224,16.3054,13.8838,17.5005,15.2424,14.552,10.4812,31.9966,3.79527,16.2779,23.4238,
STATS - lpIterations[1] lagIterations[232] sspIterations[4743] numSeparations[695] numCuts[0] compileTime[0] sspSolveTime[43] lpSolveTime[0] lb[2693.56] ub[2694.9] numArcs: [654402] numFixed: [646673] time: [80]
DUALS 80,2693.56,654396,652108,0,8.9581,5.83523,30.1019,13.2924,19.0907,13.2844,18.2822,32.017,12.6641,17.057,8.83397,16.4584,7.20151,13.2729,13.0693,18.3526,2.82312,21.6767,14.1464,19.0135,28.6276,19.6193,27.3297,11.0715,9.38385,16.4636,17.851,7.97057,7.41094,12.291,5.66355,29.7856,18.2506,2.17856,18.7369,18.6215,14.5033,18.0526,0.671679,13.2188,17.0834,18.2379,7.85017,13.9959,14.6345,17.328,14.7524,17.9288,6.99621,12.979,14.4666,14.592,4.88258,28.2613,20.5865,3.36389,17.9557,21.9576,11.7684,30.9662,6.6184,7.94599,1.30448,2.12548,22.1606,18.3896,1.97191,4.67977,23.9238,16.9427,6.37172,31.6803,17.9895,0.685495,23.5424,12.7185,4.84083,7.77925,12.9579,7.61003,10.5696,24.7406,14.1427,14.8176,13.6884,12.3893,12.1579,29.8745,11.2684,6.62103,11.9776,12.4847,13.6229,20.7172,2.64401,5.67395,13.8043,19.712,5.1081,5.75184,8.96422,13.3262,24.2256,26.2582,7.88173,13.8624,0.350999,1.49401,1.54433,4.69098,8.18189,12.0115,15.7816,17.9407,30.6372,18.1257,4.75082,17.96,12.6934,10.9241,10.3661,5.06063,5.58123,18.5621,15.7428,7.56422,17.4543,17.7794,15.6596,6.1831,7.1124,29.7594,17.382,25.6986,24.7145,7.44168,1.8611,2.98899,3.67023,23.3286,20.1332,5.15204,20.6033,11.1282,15.2953,11.6286,12.4039,25.2844,2.21537,18.1826,18.0926,17.8282,13.0178,7.94725,6.848,13.259,19.222,3.61031,24.2456,19.7338,25.6898,1.84654,9.05874,20.7798,1.49401,11.0523,16.3403,6.55911,12.5145,24.2255,31.9501,13.3939,12.9569,25.9422,6.92151,16.7539,28.0241,5.59393,1.33481,29.8812,18.3745,20.0461,0.397615,22.8698,21.797,22.4532,5.007,1.49401,8.28551,20.1224,16.3054,13.8838,17.5005,15.2424,14.552,10.4812,31.9966,6.91571,16.2779,23.4238,
DUALS 80,2693.56,654728,646996,0,8.9581,5.83523,30.1019,13.2924,19.0907,13.2844,18.2822,32.017,12.6641,17.057,8.83397,16.4584,7.20151,11.5945,10.8315,18.3526,2.82312,21.6767,13.5869,19.0135,28.6276,19.6193,27.3297,11.631,9.38385,14.7852,18.4105,8.53003,7.41094,12.291,5.66355,29.7856,18.2506,2.17856,18.7369,18.6215,14.5033,18.0526,0.671679,11.5404,17.0834,18.2379,7.85017,14.5554,14.6345,17.328,14.7524,16.8099,6.99621,12.979,14.4666,14.592,4.88258,28.2613,20.5865,3.36389,17.9557,21.9576,8.9711,30.9662,7.17785,7.94599,1.30448,2.68494,22.1606,18.3896,1.97191,5.23923,23.9238,16.9427,6.37172,31.6803,17.9895,1.24495,23.5424,13.278,4.84083,7.77925,12.9579,7.61003,10.5696,24.7406,14.1427,14.8176,13.6884,12.3893,12.1579,29.8745,8.47114,6.62103,11.9776,12.4847,13.6229,20.7172,2.64401,6.23341,13.8043,19.712,5.1081,6.3113,8.96422,13.8857,24.2256,26.2582,5.08444,13.8624,0.350999,1.49401,2.10378,4.69098,8.18189,12.0115,15.7816,17.9407,30.6372,18.1257,4.75082,17.96,12.6934,10.9241,10.3661,5.06063,5.58123,18.5621,15.7428,7.56422,17.4543,17.7794,15.6596,6.74255,7.67185,29.7594,16.2631,25.6986,24.7145,7.44168,1.8611,2.98899,3.67023,23.3286,20.1332,5.15204,20.6033,11.1282,15.2953,12.188,12.4039,25.2844,2.77483,18.1826,18.0926,15.5904,10.2205,8.50671,6.848,13.259,19.222,3.61031,24.2456,19.7338,25.6898,1.84654,9.05874,20.7798,1.49401,11.0523,16.3403,6.55911,10.2767,24.2255,31.9501,13.3939,13.5164,25.9422,6.92151,16.7539,28.0241,6.15339,1.89426,29.8812,18.3745,20.0461,0.397615,22.8698,21.797,22.4532,5.007,1.49401,8.28551,20.1224,16.3054,13.3244,17.5005,15.2424,14.552,9.92177,31.9966,6.35625,16.2779,23.4238,
DUALS 81,2693.56,654759,647023,0,8.9581,5.83523,30.1019,13.2924,19.0907,13.2844,18.2822,32.017,12.6641,17.057,8.83397,16.4584,7.20151,11.5945,8.9304,18.3526,2.82312,21.6767,13.5869,19.0135,28.6276,19.6193,27.3297,11.631,9.38385,12.8841,18.4105,8.53003,7.41094,12.291,7.56463,29.7856,18.2506,2.17856,18.7369,18.6215,14.5033,18.0526,0.671679,9.63935,17.0834,18.2379,7.85017,12.6543,14.6345,17.328,14.7524,14.9088,6.99621,12.979,14.4666,14.592,4.88258,28.2613,20.5865,3.36389,17.9557,21.9576,7.07002,30.9662,7.17785,7.94599,1.30448,0.783856,22.1606,18.3896,1.97191,3.33815,23.9238,16.9427,6.37172,31.6803,17.9895,1.24495,23.5424,11.3769,4.84083,7.77925,12.9579,7.61003,10.5696,24.7406,14.1427,14.8176,13.6884,12.3893,12.1579,29.8745,6.57006,6.62103,11.9776,12.4847,13.6229,20.7172,2.64401,6.23341,13.8043,19.712,5.1081,4.41022,8.96422,11.9846,24.2256,26.2582,3.18336,13.8624,0.350999,1.49401,0.2027,4.69098,8.18189,12.0115,15.7816,17.9407,30.6372,18.1257,4.75082,17.96,12.6934,10.9241,10.3661,5.06063,5.58123,18.5621,15.7428,7.56422,17.4543,17.7794,15.6596,6.74255,5.77077,29.7594,14.362,25.6986,24.7145,7.44168,1.8611,2.98899,3.67023,23.3286,20.1332,5.15204,20.6033,11.1282,15.2953,10.287,12.4039,25.2844,2.77483,18.1826,18.0926,13.6893,8.31939,8.50671,6.848,13.259,19.222,3.61031,24.2456,19.7338,25.6898,3.74762,9.05874,20.7798,1.49401,11.0523,16.3403,6.55911,8.3756,24.2255,31.9501,13.3939,13.5164,25.9422,6.92151,16.7539,28.0241,6.15339,0,29.8812,18.3745,20.0461,0.397615,22.8698,21.797,22.4532,5.007,1.49401,8.28551,20.1224,16.3054,13.3244,17.5005,15.2424,14.552,9.92177,31.9966,6.35625,16.2779,23.4238,
DUALS 81,2693.56,654746,647407,0,8.9581,5.83523,30.1019,13.2924,19.0907,13.2844,18.2822,32.017,12.6641,17.057,8.83397,16.4584,7.20151,11.5945,11.4942,18.3526,2.82312,21.6767,13.5869,19.0135,28.6276,19.6193,27.3297,11.631,9.38385,15.4479,18.4105,8.53003,7.41094,12.291,7.56463,29.7856,18.2506,2.17856,18.7369,18.6215,14.5033,18.0526,0.671679,12.2032,17.0834,18.2379,7.85017,15.2181,14.6345,17.328,14.7524,17.4726,6.99621,12.979,14.4666,14.592,4.88258,28.2613,20.5865,3.36389,17.9557,21.9576,9.63385,30.9662,7.17785,10.5098,1.30448,3.34769,22.1606,18.3896,1.97191,5.90198,23.9238,16.9427,6.37172,31.6803,17.9895,1.24495,23.5424,13.9407,4.84083,7.77925,12.9579,7.61003,10.5696,24.7406,14.1427,14.8176,13.6884,12.3893,12.1579,29.8745,9.13389,6.62103,11.9776,12.4847,13.6229,20.7172,2.64401,6.23341,13.8043,19.712,5.1081,4.41022,8.96422,14.5484,24.2256,26.2582,5.74719,13.8624,0.350999,1.49401,0.2027,4.69098,8.18189,12.0115,15.7816,17.9407,30.6372,18.1257,4.75082,17.96,12.6934,10.9241,10.3661,5.06063,5.58123,18.5621,15.7428,7.56422,17.4543,17.7794,15.6596,6.74255,8.3346,29.7594,16.9258,25.6986,24.7145,7.44168,1.8611,2.98899,3.67023,23.3286,20.1332,5.15204,20.6033,11.1282,15.2953,12.8508,12.4039,25.2844,2.77483,18.1826,18.0926,16.2532,10.8832,8.50671,6.848,13.259,19.222,3.61031,24.2456,19.7338,25.6898,1.18379,9.05874,20.7798,1.49401,11.0523,16.3403,6.55911,10.9394,24.2255,31.9501,13.3939,13.5164,25.9422,6.92151,16.7539,28.0241,6.15339,2.56383,29.8812,18.3745,20.0461,0.397615,22.8698,21.797,22.4532,5.007,1.49401,8.28551,20.1224,16.3054,13.3244,17.5005,15.2424,14.552,9.92177,31.9966,6.35625,16.2779,23.4238,
DUALS 81,2693.56,655603,647871,0,8.9581,5.83523,30.1019,13.2924,19.0907,13.2844,18.2822,32.017,12.6641,17.057,8.83397,16.4584,7.20151,11.5945,10.2976,18.3526,2.82312,21.6767,13.9858,19.0135,28.6276,19.6193,27.3297,11.631,9.38385,14.2513,18.4105,8.9289,7.41094,12.291,7.56463,29.7856,18.2506,2.17856,18.7369,18.6215,14.5033,18.0526,0.671679,11.4054,17.0834,18.2379,7.85017,14.0215,14.6345,17.328,14.7524,16.6749,6.99621,12.979,14.4666,14.592,4.88258,28.2613,20.5865,3.36389,17.9557,21.9576,8.43722,30.9662,7.17785,10.1109,1.30448,3.34769,22.1606,18.3896,1.97191,4.30646,23.9238,16.9427,6.37172,31.6803,17.9895,1.24495,23.5424,11.5475,4.84083,7.77925,12.9579,7.61003,10.5696,24.7406,14.1427,14.8176,13.6884,12.3893,12.1579,29.8745,7.93726,6.62103,11.9776,12.4847,13.6229,20.7172,2.64401,6.63229,14.2032,19.712,5.1081,4.41022,8.96422,13.3518,24.2256,26.2582,4.55056,13.8624,0.350999,1.49401,0.2027,4.2921,8.18189,12.0115,15.7816,17.9407,30.6372,18.1257,4.75082,17.96,12.6934,10.9241,10.3661,5.06063,5.58123,18.5621,15.7428,7.56422,17.4543,17.7794,15.6596,7.14143,7.53685,29.7594,16.1281,25.6986,24.7145,7.44168,1.8611,2.98899,3.67023,23.3286,20.1332,5.15204,20.6033,11.1282,15.2953,12.053,12.4039,25.2844,3.17371,18.1826,18.0926,15.0565,9.28771,8.50671,6.848,13.259,19.222,3.61031,24.2456,19.7338,25.6898,1.58267,9.05874,20.7798,1.49401,11.0523,16.3403,6.55911,9.7428,24.2255,31.9501,13.3939,13.5164,25.9422,6.92151,16.7539,28.0241,5.75451,1.76608,29.8812,18.3745,20.0461,0.397615,22.8698,21.797,22.4532,5.007,1.49401,8.28551,20.1224,16.3054,13.7232,17.5005,15.2424,14.552,10.3207,31.9966,5.95737,16.2779,23.4238,
DUALS 82,2693.56,655650,647919,0,8.9581,5.83523,30.1019,13.2924,19.0907,13.2844,18.2822,32.017,12.6641,17.057,8.83397,16.4584,7.20151,7.34707,10.2976,18.3526,2.82312,21.6767,13.9858,19.0135,28.6276,19.6193,27.3297,11.631,11.5076,12.1276,18.4105,6.8052,7.41094,12.291,7.56463,29.7856,18.2506,2.17856,18.7369,18.6215,14.5033,18.0526,0.671679,9.28172,17.0834,18.2379,7.85017,14.0215,14.6345,17.328,14.7524,14.5512,6.99621,12.979,14.4666,14.592,4.88258,28.2613,20.5865,3.36389,17.9557,21.9576,8.43722,30.9662,5.05414,10.1109,1.30448,1.22398,22.1606,18.3896,1.97191,4.30646,23.9238,16.9427,6.37172,31.6803,17.9895,0,23.5424,11.5475,4.84083,7.77925,12.9579,7.61003,10.5696,24.7406,14.1427,14.8176,13.6884,12.3893,12.1579,29.8745,7.93726,6.62103,11.9776,12.4847,13.6229,20.7172,2.64401,4.50858,14.2032,19.712,5.1081,2.28651,8.96422,13.3518,24.2256,26.2582,4.55056,13.8624,0.350999,1.49401,0.2027,6.41581,8.18189,12.0115,15.7816,17.9407,30.6372,18.1257,4.75082,17.96,12.6934,10.9241,10.3661,5.06063,5.58123,18.5621,15.7428,7.56422,17.4543,17.7794,15.6596,5.01772,7.53685,29.7594,14.0044,25.6986,24.7145,7.44168,1.8611,2.98899,3.67023,23.3286,20.1332,5.15204,20.6033,11.1282,15.2953,12.053,12.4039,25.2844,1.05,18.1826,18.0926,12.9328,9.28771,8.50671,6.848,13.259,19.222,3.61031,24.2456,19.7338,25.6898,3.70638,9.05874,20.7798,1.49401,11.0523,16.3403,6.55911,9.7428,24.2255,31.9501,13.3939,13.5164,25.9422,6.92151,16.7539,28.0241,5.75451,0,29.8812,18.3745,20.0461,0.397615,22.8698,21.797,22.4532,5.007,1.49401,8.28551,20.1224,16.3054,13.7232,17.5005,15.2424,14.552,10.3207,31.9966,5.95737,16.2779,23.4238,
DUALS 82,2693.56,655763,648033,0,8.9581,5.83523,30.1019,13.2924,19.0907,13.2844,18.2822,32.017,12.6641,17.057,8.83397,16.4584,7.20151,8.79888,11.7494,18.3526,2.82312,21.6767,15.4376,19.0135,28.6276,19.6193,27.3297,11.631,10.0558,13.5794,18.4105,8.25701,7.41094,13.7428,7.56463,29.7856,18.2506,2.17856,18.7369,18.6215,14.5033,18.0526,0.671679,10.7335,17.0834,18.2379,7.85017,14.0215,14.6345,17.328,14.7524,16.003,6.99621,12.979,14.4666,14.592,4.88258,28.2613,20.5865,3.36389,17.9557,21.9576,9.88903,30.9662,6.50595,10.1109,1.30448,2.67579,22.1606,18.3896,1.97191,4.30646,23.9238,16.9427,6.37172,31.6803,17.9895,1.45181,23.5424,11.5475,1.93721,7.77925,12.9579,7.61003,10.5696,24.7406,14.1427,14.8176,13.6884,12.3893,12.1579,29.8745,9.38907,6.62103,11.9776,12.4847,13.6229,20.7172,2.64401,5.96039,15.655,19.712,5.1081,3.73832,8.96422,13.3518,24.2256,26.2582,6.00237,13.8624,0.350999,1.49401,1.65451,4.964,8.18189,12.0115,15.7816,17.9407,30.6372,18.1257,4.75082,17.96,12.6934,12.3759,10.3661,5.06063,5.58123,18.5621,15.7428,7.56422,17.4543,17.7794,15.6596,6.46953,7.53685,29.7594,15.4562,25.6986,24.7145,7.44168,1.8611,2.98899,3.67023,23.3286,20.1332,5.15204,20.6033,11.1282,15.2953,12.053,12.4039,25.2844,2.50181,18.1826,18.0926,14.3846,10.7395,8.50671,6.848,13.259,19.222,3.61031,24.2456,19.7338,25.6898,0.802755,9.05874,20.7798,1.49401,11.0523,16.3403,6.55911,11.1946,24.2255,31.9501,11.942,13.5164,25.9422,6.92151,16.7539,28.0241,7.20632,1.45181,29.8812,18.3745,20.0461,0.397615,22.8698,21.797,22.4532,5.007,1.49401,8.28551,20.1224,16.3054,15.175,17.5005,15.2424,14.552,11.7725,31.9966,5.95737,16.2779,23.4238,
DUALS 82,2693.56,655763,650846,0,8.9581,5.83523,30.1019,13.2924,19.0907,13.2844,18.2822,32.017,12.6641,17.057,8.83397,16.4584,7.20151,8.79888,9.39763,18.3526,2.82312,21.6767,13.8698,19.0135,28.6276,19.6193,27.3297,11.631,10.0558,12.7955,18.4105,8.25701,7.41094,12.9589,7.56463,29.7856,18.2506,2.17856,18.7369,18.6215,14.5033,18.0526,0.671679,9.9496,17.0834,18.2379,7.85017,14.0215,14.6345,17.328,14.7524,15.219,6.99621,12.979,14.4666,14.592,4.88258,28.2613,20.5865,3.36389,17.9557,21.9576,7.53725,30.9662,6.50595,10.1109,1.30448,1.89186,22.1606,18.3896,1.97191,4.30646,23.9238,16.9427,6.37172,31.6803,17.9895,1.45181,23.5424,11.5475,2.72114,7.77925,12.9579,7.61003,10.5696,24.7406,14.1427,14.8176,13.6884,12.3893,12.1579,29.8745,7.03729,6.62103,11.9776,12.4847,13.6229,20.7172,2.64401,5.96039,14.0872,19.712,5.1081,2.95439,8.96422,13.3518,24.2256,26.2582,3.65059,13.8624,0.350999,1.49401,0.870584,4.964,8.18189,12.0115,15.7816,17.9407,30.6372,18.1257,4.75082,17.96,12.6934,11.592,10.3661,5.06063,5.58123,18.5621,15.7428,7.56422,17.4543,17.7794,15.6596,6.46953,6.75292,29.7594,14.6723,25.6986,24.7145,7.44168,1.8611,2.98899,3.67023,23.3286,20.1332,5.15204,20.6033,11.1282,15.2953,12.053,12.4039,25.2844,2.50181,18.1826,18.0926,13.6007,9.9556,8.50671,6.848,13.259,19.222,3.61031,24.2456,19.7338,25.6898,1.58668,9.05874,20.7798,1.49401,11.0523,16.3403,6.55911,8.84283,24.2255,31.9501,11.942,13.5164,25.9422,6.92151,16.7539,28.0241,7.20632,0.667884,29.8812,18.3745,20.0461,0.397615,22.8698,21.797,22.4532,5.007,1.49401,8.28551,20.1224,16.3054,13.6072,17.5005,15.2424,14.552,10.2046,31.9966,5.95737,16.2779,23.4238,
DUALS 83,2693.56,655757,650854,0,8.9581,5.83523,30.1019,13.2924,19.0907,13.2844,18.2822,32.017,12.6641,17.057,8.83397,16.4584,7.20151,12.1034,12.7022,18.3526,2.82312,21.6767,13.8698,19.0135,28.6276,19.6193,27.3297,11.631,10.0558,16.1,18.4105,8.25701,7.41094,12.9589,7.56463,29.7856,18.2506,2.17856,18.7369,18.6215,14.5033,18.0526,0.671679,13.2542,17.0834,18.2379,7.85017,14.0215,14.6345,17.328,14.7524,18.5236,6.99621,12.979,14.4666,14.592,4.88258,28.2613,20.5865,3.36389,17.9557,21.9576,10.8418,30.9662,6.50595,10.1109,1.30448,1.89186,22.1606,18.3896,1.97191,4.30646,23.9238,16.9427,6.37172,31.6803,17.9895,1.45181,23.5424,11.5475,2.72114,7.77925,12.9579,7.61003,10.5696,24.7406,14.1427,14.8176,13.6884,12.3893,12.1579,29.8745,10.3418,6.62103,11.9776,12.4847,13.6229,20.7172,2.64401,5.96039,14.0872,19.712,5.1081,2.95439,8.96422,13.3518,24.2256,26.2582,6.95515,13.8624,0.350999,1.49401,0.870584,4.964,8.18189,12.0115,15.7816,17.9407,30.6372,18.1257,4.75082,17.96,12.6934,11.592,10.3661,5.06063,5.58123,18.5621,15.7428,7.56422,17.4543,17.7794,15.6596,6.46953,6.75292,29.7594,17.9768,25.6986,24.7145,7.44168,1.8611,2.98899,3.67023,23.3286,20.1332,5.15204,20.6033,11.1282,15.2953,12.053,12.4039,25.2844,2.50181,18.1826,18.0926,16.9053,13.2602,8.50671,6.848,13.259,19.222,3.61031,24.2456,19.7338,25.6898,4.89124,9.05874,20.7798,1.49401,11.0523,16.3403,6.55911,12.1474,24.2255,31.9501,11.942,13.5164,25.9422,6.92151,16.7539,28.0241,7.20632,3.97245,29.8812,18.3745,20.0461,0.397615,22.8698,21.797,22.4532,5.007,1.49401,8.28551,20.1224,16.3054,13.6072,17.5005,15.2424,14.552,10.2046,31.9966,5.95737,16.2779,23.4238,
DUALS 83,2693.56,655997,648261,0,8.9581,5.83523,30.1019,13.2924,19.0907,13.2844,18.2822,32.017,12.6641,17.057,8.83397,16.4584,7.20151,12.1034,10.5887,18.3526,2.82312,21.6767,13.5175,19.0135,28.6276,19.6193,27.3297,11.9833,10.0558,14.691,18.7627,8.60926,7.41094,12.6066,7.56463,29.7856,18.2506,2.17856,18.7369,18.6215,14.5033,18.0526,0.671679,11.4929,17.0834,18.2379,7.85017,14.0215,14.6345,17.328,14.7524,17.1146,6.99621,12.979,14.4666,14.592,4.88258,28.2613,20.5865,3.36389,17.9557,21.9576,8.72828,30.9662,6.85821,9.75868,1.30448,2.24412,22.1606,18.3896,1.97191,4.30646,23.9238,16.9427,6.37172,31.6803,17.9895,1.80406,23.5424,11.5475,2.72114,7.77925,12.9579,7.61003,10.5696,24.7406,14.1427,14.8176,13.6884,12.3893,12.1579,29.8745,8.22832,6.62103,11.9776,12.4847,13.6229,20.7172,2.64401,6.31264,14.4394,19.712,5.1081,3.30664,8.96422,13.3518,24.2256,26.2582,5.19388,13.8624,0.350999,1.49401,1.22284,4.964,8.18189,12.0115,15.7816,17.9407,30.6372,18.1257,4.75082,17.96,12.6934,11.592,10.3661,5.06063,5.58123,18.5621,15.7428,7.56422,17.4543,17.7794,15.6596,6.82178,6.75292,29.7594,17.6246,25.6986,24.7145,7.44168,1.8611,2.98899,3.67023,23.3286,20.1332,5.15204,20.6033,11.1282,15.2953,12.053,12.4039,25.2844,2.85406,18.1826,18.0926,15.4962,10.4421,8.85896,6.848,13.259,19.222,3.61031,24.2456,19.7338,25.6898,4.53899,9.05874,20.7798,1.49401,11.0523,16.3403,6.55911,10.0339,24.2255,31.9501,11.942,13.8686,25.9422,6.92151,16.7539,28.0241,7.20632,4.3247,29.8812,18.3745,20.0461,0.397615,22.8698,21.797,22.4532,5.007,1.49401,8.28551,20.1224,16.3054,13.2549,17.5005,15.2424,14.552,9.85235,31.9966,5.60512,16.2779,23.4238,
DUALS 83,2693.56,655996,651071,0,8.9581,5.83523,30.1019,13.2924,19.0907,13.2844,18.2822,32.017,12.6641,17.057,8.83397,16.4584,7.20151,9.33761,10.5887,18.3526,2.82312,21.6767,13.5175,19.0135,28.6276,19.6193,27.3297,11.9833,10.0558,11.9252,18.7627,5.84342,7.41094,12.6066,7.56463,29.7856,18.2506,2.17856,18.7369,18.6215,14.5033,18.0526,0.671679,8.72706,17.0834,18.2379,7.85017,14.0215,14.6345,17.328,14.7524,14.3488,6.99621,12.979,14.4666,14.592,4.88258,28.2613,20.5865,3.36389,17.9557,21.9576,8.72828,30.9662,6.85821,9.75868,1.30448,2.24412,22.1606,18.3896,1.97191,4.30646,23.9238,16.9427,6.37172,31.6803,17.9895,0,23.5424,11.5475,2.72114,7.77925,12.9579,7.61003,10.5696,24.7406,14.1427,14.8176,13.6884,12.3893,12.1579,29.8745,8.22832,6.62103,11.9776,12.4847,13.6229,20.7172,2.64401,3.54681,14.4394,19.712,5.1081,3.30664,8.96422,13.3518,24.2256,26.2582,5.19388,13.8624,0.350999,1.49401,1.22284,2.19816,8.18189,12.0115,15.7816,17.9407,30.6372,18.1257,4.75082,17.96,12.6934,11.592,10.3661,5.06063,5.58123,18.5621,15.7428,7.56422,17.4543,17.7794,15.6596,4.05595,6.75292,29.7594,14.8587,25.6986,24.7145,7.44168,1.8611,2.98899,3.67023,23.3286,20.1332,5.15204,20.6033,11.1282,15.2953,12.053,12.4039,25.2844,0.0882255,18.1826,18.0926,12.7304,7.67629,8.85896,6.848,13.259,19.222,3.61031,24.2456,19.7338,25.6898,7.30483,9.05874,20.7798,1.49401,11.0523,16.3403,6.55911,10.0339,24.2255,31.9501,11.942,13.8686,25.9422,6.92151,16.7539,28.0241,7.20632,0,29.8812,18.3745,20.0461,0.397615,22.8698,21.797,22.4532,5.007,1.49401,8.28551,20.1224,16.3054,13.2549,17.5005,15.2424,14.552,9.85235,31.9966,5.60512,16.2779,23.4238,
DUALS 84,2693.56,656128,648394,0,8.9581,5.83523,30.1019,13.2924,19.0907,13.2844,18.2822,32.017,12.6641,17.057,8.83397,16.4584,7.20151,9.33761,10.5887,18.3526,2.82312,21.6767,13.5175,19.0135,28.6276,19.6193,27.3297,11.9833,10.0558,14.3813,18.7627,8.29949,7.41094,12.6066,7.56463,29.7856,18.2506,2.17856,18.7369,18.6215,14.5033,18.0526,0.671679,11.1831,17.0834,18.2379,7.85017,14.0215,14.6345,17.328,14.7524,16.8048,6.99621,12.979,14.4666,14.592,4.88258,28.2613,20.5865,3.36389,17.9557,21.9576,8.72828,30.9662,6.85821,9.75868,1.30448,2.24412,22.1606,18.3896,1.97191,4.30646,21.4678,16.9427,6.37172,31.6803,17.9895,2.45607,23.5424,11.5475,2.72114,7.77925,12.9579,7.61003,10.5696,24.7406,14.1427,14.8176,13.6884,12.3893,12.1579,29.8745,8.22832,6.62103,11.9776,12.4847,13.6229,20.7172,2.64401,6.00287,14.4394,19.712,5.1081,3.30664,8.96422,13.3518,21.7695,26.2582,5.19388,13.8624,0.350999,1.49401,1.22284,2.19816,8.18189,12.0115,15.7816,17.9407,30.6372,18.1257,4.75082,17.96,12.6934,11.592,10.3661,5.06063,5.58123,16.106,15.7428,7.56422,17.4543,17.7794,15.6596,6.51202,6.75292,29.7594,17.3148,25.6986,24.7145,7.44168,1.8611,2.98899,3.67023,23.3286,17.6772,5.15204,20.6033,11.1282,15.2953,12.053,12.4039,22.8283,2.54429,18.1826,18.0926,15.1865,10.1324,8.85896,4.39194,13.259,19.222,3.61031,24.2456,19.7338,25.6898,2.39269,9.05874,20.7798,1.49401,11.0523,16.3403,6.55911,12.4899,24.2255,31.9501,11.942,13.8686,25.9422,6.92151,16.7539,28.0241,7.20632,2.45607,29.8812,18.3745,20.0461,0.397615,22.8698,21.797,22.4532,5.007,1.49401,8.28551,20.1224,16.3054,13.2549,17.5005,15.2424,14.552,9.85235,29.5405,5.60512,16.2779,20.9678,
DUALS 84,2693.56,656128,648500,0,8.9581,5.83523,30.1019,13.2924,19.0907,13.2844,18.2822,32.017,12.6641,17.057,8.83397,16.4584,7.20151,11.9703,7.95598,18.3526,2.82312,21.6767,13.5175,19.0135,28.6276,19.6193,27.3297,11.9833,10.0558,11.7486,18.7627,8.29949,7.41094,12.6066,7.56463,29.7856,18.2506,2.17856,18.7369,18.6215,14.5033,18.0526,0.671679,8.55044,17.0834,18.2379,7.85017,14.0215,14.6345,17.328,14.7524,14.1721,6.99621,12.979,14.4666,14.592,4.88258,28.2613,20.5865,3.36389,17.9557,21.9576,6.0956,30.9662,6.85821,9.75868,1.30448,0,22.1606,18.3896,1.97191,4.30646,24.1004,16.9427,6.37172,31.6803,17.9895,2.45607,23.5424,11.5475,2.72114,7.77925,12.9579,7.61003,10.5696,24.7406,14.1427,14.8176,13.6884,12.3893,12.1579,29.8745,5.59564,6.62103,11.9776,12.4847,13.6229,20.7172,2.64401,6.00287,14.4394,19.712,5.1081,3.30664,8.96422,13.3518,24.4022,26.2582,2.5612,13.8624,0.350999,1.49401,0,4.83084,8.18189,12.0115,15.7816,17.9407,30.6372,18.1257,4.75082,17.96,12.6934,11.592,10.3661,5.06063,5.58123,18.7387,15.7428,7.56422,17.4543,17.7794,15.6596,6.51202,6.75292,29.7594,14.6821,25.6986,24.7145,7.44168,1.8611,2.98899,3.67023,23.3286,20.3098,5.15204,20.6033,11.1282,15.2953,12.053,12.4039,25.461,2.54429,18.1826,18.0926,12.5538,7.49967,8.85896,4.39194,13.259,19.222,3.61031,24.2456,19.7338,25.6898,5.02537,9.05874,20.7798,1.49401,11.0523,16.3403,6.55911,9.85725,24.2255,31.9501,11.942,13.8686,25.9422,6.92151,16.7539,28.0241,7.20632,0,29.8812,18.3745,20.0461,0.397615,22.8698,21.797,22.4532,5.007,1.49401,8.28551,20.1224,16.3054,13.2549,17.5005,15.2424,14.552,9.85235,32.1732,5.60512,16.2779,23.6004,
DUALS 84,2693.56,656122,648550,0,8.9581,5.83523,30.1019,13.2924,19.0907,13.2844,18.2822,32.017,12.6641,17.057,8.83397,16.4584,7.20151,11.9703,11.9063,18.3526,2.82312,21.6767,13.5175,19.0135,28.6276,19.6193,27.3297,11.9833,10.0558,15.6989,18.7627,8.29949,7.41094,12.6066,7.56463,29.7856,18.2506,2.17856,18.7369,18.6215,14.5033,18.0526,0.671679,12.5007,17.0834,18.2379,7.85017,14.0215,14.6345,17.328,14.7524,18.1224,6.99621,12.979,14.4666,14.592,4.88258,28.2613,20.5865,3.36389,17.9557,21.9576,10.0459,30.9662,6.85821,9.75868,1.30448,3.9503,22.1606,18.3896,1.97191,4.30646,24.1004,16.9427,6.37172,31.6803,17.9895,2.45607,23.5424,11.5475,2.72114,7.77925,12.9579,7.61003,10.5696,24.7406,14.1427,14.8176,13.6884,12.3893,12.1579,29.8745,9.54594,6.62103,11.9776,12.4847,13.6229,20.7172,2.64401,6.00287,14.4394,19.712,5.1081,3.30664,8.96422,13.3518,24.4022,26.2582,6.5115,13.8624,0.350999,1.49401,3.9503,4.83084,8.18189,12.0115,15.7816,17.9407,30.6372,18.1257,4.75082,17.96,12.6934,11.592,10.3661,5.06063,5.58123,18.7387,15.7428,7.56422,17.4543,17.7794,15.6596,6.51202,6.75292,29.7594,18.6324,25.6986,24.7145,7.44168,1.8611,2.98899,3.67023,23.3286,20.3098,5.15204,20.6033,11.1282,15.2953,12.053,12.4039,25.461,2.54429,18.1826,18.0926,16.5041,11.45,8.85896,4.39194,13.259,19.222,3.61031,24.2456,19.7338,25.6898,1.07508,9.05874,20.7798,1.49401,11.0523,16.3403,6.55911,13.8075,24.2255,31.9501,11.942,13.8686,25.9422,6.92151,16.7539,28.0241,7.20632,3.9503,29.8812,18.3745,20.0461,0.397615,22.8698,21.797,22.4532,5.007,1.49401,8.28551,20.1224,16.3054,13.2549,17.5005,15.2424,14.552,9.85235,32.1732,5.60512,16.2779,23.6004,
DUALS 85,2693.56,656330,648605,0,8.9581,6.21891,30.1019,13.2924,19.0907,13.2844,18.2822,32.017,12.6641,17.057,8.83397,16.4584,7.58518,12.354,10.3716,18.3526,2.82312,21.6767,13.9012,19.0135,28.6276,19.6193,27.3297,11.9833,10.0558,13.7805,18.7627,8.68316,7.41094,12.6066,7.56463,29.7856,18.2506,2.17856,18.7369,18.6215,14.5033,18.0526,1.05535,10.5824,17.0834,18.2379,8.23384,14.0215,14.6345,17.328,14.7524,17.3551,6.99621,12.979,14.4666,14.592,4.88258,28.2613,20.5865,3.36389,17.9557,21.9576,8.12754,30.9662,6.85821,9.75868,1.30448,3.18295,22.1606,18.3896,2.35558,4.30646,24.1004,16.9427,6.37172,31.6803,17.9895,2.45607,23.5424,11.5475,2.72114,8.16292,12.9579,7.61003,10.5696,24.7406,14.1427,14.8176,13.6884,12.3893,12.1579,29.8745,7.62758,7.0047,11.9776,12.4847,13.6229,20.7172,2.64401,6.38654,14.8231,19.712,5.1081,3.30664,8.96422,13.3518,24.4022,26.2582,4.59314,13.8624,0.73467,1.49401,3.18295,5.21451,8.18189,12.0115,15.7816,17.9407,30.6372,18.1257,4.75082,17.96,12.6934,11.592,10.3661,5.06063,5.58123,18.7387,15.7428,7.56422,17.4543,17.7794,15.6596,6.89569,6.75292,29.7594,16.714,25.6986,24.7145,7.44168,1.8611,2.98899,3.67023,23.3286,20.3098,5.15204,20.6033,11.1282,15.2953,12.053,12.4039,25.461,2.92796,18.1826,18.0926,14.5857,9.53161,8.85896,4.77561,13.259,19.222,3.61031,24.2456,19.7338,25.6898,1.45875,9.05874,20.7798,1.49401,11.0523,16.3403,6.55911,11.5055,24.2255,31.9501,11.942,13.8686,25.9422,7.30518,16.7539,28.0241,6.82265,3.18295,29.8812,18.3745,20.0461,0.397615,22.8698,21.797,22.4532,5.007,1.49401,8.28551,20.1224,16.3054,13.6386,17.5005,15.2424,14.552,10.236,32.1732,5.60512,16.2779,23.6004,
DUALS 85,2693.56,656638,648933,0,8.9581,6.21891,30.1019,13.2924,19.0907,13.2844,18.2822,32.017,12.6641,17.057,8.83397,16.4584,7.58518,8.17636,10.3716,18.3526,2.82312,21.6767,13.9012,19.0135,28.6276,19.6193,27.3297,11.9833,10.0558,12.388,18.7627,5.8981,7.41094,12.6066,7.56463,29.7856,18.2506,2.17856,18.7369,18.6215,14.5033,18.0526,1.05535,9.18985,17.0834,18.2379,8.23384,14.0215,14.6345,17.328,14.7524,15.9626,6.99621,12.979,14.4666,14.592,4.88258,28.2613,20.5865,3.36389,17.9557,21.9576,9.52007,30.9662,6.85821,9.75868,1.30448,1.79042,22.1606,18.3896,2.35558,4.30646,24.1004,16.9427,6.37172,31.6803,17.9895,1.06353,23.5424,11.5475,2.72114,8.16292,12.9579,7.61003,10.5696,24.7406,14.1427,14.8176,13.6884,12.3893,12.1579,29.8745,7.62758,7.0047,11.9776,12.4847,13.6229,20.7172,2.64401,4.99401,13.4306,19.712,5.1081,3.30664,8.96422,13.3518,24.4022,26.2582,5.98567,13.8624,0.73467,1.49401,1.79042,5.21451,8.18189,12.0115,15.7816,17.9407,30.6372,18.1257,4.75082,17.96,12.6934,12.9845,10.3661,5.06063,5.58123,18.7387,15.7428,7.56422,17.4543,17.7794,15.6596,5.50315,6.75292,29.7594,15.3215,25.6986,24.7145,7.44168,1.8611,2.98899,3.67023,23.3286,20.3098,5.15204,20.6033,11.1282,15.2953,12.053,12.4039,25.461,2.92796,18.1826,18.0926,13.1932,10.9241,8.85896,4.77561,13.259,19.222,3.61031,24.2456,19.7338,25.6898,2.85128,9.05874,20.7798,1.49401,11.0523,16.3403,6.55911,8.72045,24.2255,31.9501,11.942,13.8686,25.9422,7.30518,16.7539,28.0241,6.82265,0.397888,29.8812,18.3745,20.0461,0.397615,22.8698,21.797,22.4532,5.007,1.49401,8.28551,20.1224,16.3054,13.6386,17.5005,15.2424,14.552,10.236,32.1732,5.60512,16.2779,23.6004,
DUALS 85,2693.56,656634,650307,0,8.9581,6.21891,30.1019,13.2924,19.0907,13.2844,18.2822,32.017,12.6641,17.057,8.83397,16.4584,7.58518,8.17636,10.3716,18.3526,2.82312,21.6767,13.9012,19.0135,28.6276,19.6193,27.3297,11.9833,10.0558,15.376,18.7627,8.88609,7.41094,12.6066,7.56463,29.7856,18.2506,2.17856,18.7369,18.6215,14.5033,18.0526,1.05535,12.1778,17.0834,18.2379,8.23384,14.0215,14.6345,17.328,14.7524,18.9506,6.99621,12.979,14.4666,14.592,4.88258,28.2613,20.5865,3.36389,17.9557,21.9576,9.52007,30.9662,6.85821,9.75868,1.30448,1.79042,22.1606,18.3896,2.35558,4.30646,24.1004,16.9427,6.37172,31.6803,17.9895,4.05153,23.5424,11.5475,2.72114,8.16292,12.9579,7.61003,10.5696,24.7406,14.1427,14.8176,13.6884,12.3893,12.1579,29.8745,7.62758,7.0047,11.9776,12.4847,13.6229,20.7172,2.64401,7.982,13.4306,19.712,5.1081,3.30664,8.96422,13.3518,24.4022,26.2582,5.98567,13.8624,0.73467,1.49401,1.79042,5.21451,8.18189,12.0115,15.7816,17.9407,30.6372,18.1257,4.75082,17.96,12.6934,12.9845,10.3661,5.06063,5.58123,18.7387,15.7428,7.56422,17.4543,17.7794,15.6596,8.49115,6.75292,29.7594,18.3095,25.6986,24.7145,7.44168,1.8611,2.98899,3.67023,23.3286,20.3098,5.15204,20.6033,11.1282,15.2953,12.053,12.4039,25.461,5.91596,18.1826,18.0926,16.1812,13.9121,8.85896,4.77561,13.259,19.222,3.61031,24.2456,19.7338,25.6898,0,9.05874,20.7798,1.49401,11.0523,16.3403,6.55911,11.7084,24.2255,31.9501,11.942,13.8686,25.9422,7.30518,16.7539,28.0241,6.82265,3.38588,29.8812,18.3745,20.0461,0.397615,22.8698,21.797,22.4532,5.007,1.49401,8.28551,20.1224,16.3054,13.6386,17.5005,15.2424,14.552,10.236,32.1732,5.60512,16.2779,23.6004,
DUALS 86,2693.56,656917,649201,0,8.9581,6.21891,30.1019,13.2924,19.0907,13.2844,18.2822,32.017,12.6641,17.057,8.83397,16.4584,7.58518,7.22822,9.89752,18.3526,2.82312,21.6767,13.9012,19.0135,28.6276,19.6193,27.3297,11.9833,10.0558,13.4797,18.7627,6.98981,7.41094,12.1325,7.56463,29.7856,18.2506,2.17856,18.7369,18.6215,14.5033,18.0526,1.05535,10.2816,17.0834,18.2379,8.23384,14.0215,14.6345,17.328,14.7524,17.5284,6.99621,12.979,14.4666,14.592,4.88258,28.2613,20.5865,3.36389,17.9557,21.9576,9.046,30.9662,6.85821,9.75868,1.30448,1.79042,22.1606,18.3896,2.35558,4.78053,24.1004,16.9427,6.37172,31.6803,17.9895,2.15525,23.5424,12.0215,2.72114,8.16292,12.9579,7.61003,10.5696,24.7406,14.1427,14.8176,13.6884,12.3893,12.1579,29.8745,7.62758,7.0047,11.9776,12.4847,13.6229,20.7172,2.64401,6.08573,12.9565,19.712,5.1081,3.30664,8.96422,13.3518,24.4022,26.2582,5.5116,13.8624,0.73467,1.49401,1.79042,4.74044,8.18189,12.0115,15.7816,17.9407,30.6372,18.1257,4.75082,17.96,12.6934,12.9845,10.3661,5.06063,5.58123,18.7387,15.7428,7.56422,17.4543,17.7794,15.6596,6.59487,6.75292,29.7594,17.3614,25.6986,24.7145,7.44168,1.8611,2.98899,3.67023,23.3286,20.3098,5.15204,20.6033,11.1282,15.2953,12.053,12.4039,25.461,3.54561,18.1826,18.0926,14.2849,11.0677,8.85896,4.77561,13.259,19.222,3.61031,24.2456,19.7338,25.6898,0.474069,9.05874,20.7798,1.49401,11.0523,16.3403,6.55911,11.2344,24.2255,31.9501,11.942,13.8686,25.9422,7.30518,16.7539,28.0241,6.34858,2.43774,29.8812,18.3745,20.0461,0.397615,22.8698,21.797,22.4532,5.007,1.49401,8.28551,20.1224,16.3054,13.6386,17.5005,15.2424,14.552,9.76196,32.1732,5.13105,16.2779,23.6004,
DUALS 86,2693.56,656917,650281,0,8.9581,6.21891,30.1019,13.2924,19.0907,13.2844,18.2822,32.017,12.6641,17.057,8.83397,16.4584,7.58518,10.0159,7.10985,18.3526,2.82312,21.6767,13.9012,19.0135,28.6276,19.6193,27.3297,11.9833,10.0558,10.692,18.7627,6.98981,7.41094,12.1325,7.56463,29.7856,18.2506,2.17856,18.7369,18.6215,14.5033,18.0526,1.05535,7.49389,17.0834,18.2379,8.23384,14.0215,14.6345,17.328,14.7524,14.7407,6.99621,12.979,14.4666,14.592,4.88258,28.2613,20.5865,3.36389,17.9557,21.9576,6.25833,30.9662,6.85821,9.75868,1.30448,1.79042,22.1606,18.3896,2.35558,4.78053,24.1004,16.9427,6.37172,31.6803,17.9895,2.15525,23.5424,12.0215,2.72114,8.16292,12.9579,7.61003,10.5696,24.7406,14.1427,14.8176,13.6884,12.3893,12.1579,29.8745,4.8399,7.0047,11.9776,12.4847,13.6229,20.7172,2.64401,6.08573,12.9565,19.712,5.1081,3.30664,8.96422,13.3518,24.4022,26.2582,2.72392,13.8624,0.73467,1.49401,1.79042,1.95277,8.18189,12.0115,15.7816,17.9407,30.6372,18.1257,4.75082,17.96,12.6934,12.9845,10.3661,5.06063,5.58123,18.7387,15.7428,7.56422,17.4543,17.7794,15.6596,6.59487,6.75292,29.7594,14.5737,25.6986,24.7145,7.44168,1.8611,2.98899,3.67023,23.3286,20.3098,5.15204,20.6033,11.1282,15.2953,12.053,12.4039,25.461,3.54561,18.1826,18.0926,11.4972,8.28005,8.85896,4.77561,13.259,19.222,3.61031,24.2456,19.7338,25.6898,3.26175,9.05874,20.7798,1.49401,11.0523,16.3403,6.55911,8.4467,24.2255,31.9501,11.942,13.8686,25.9422,7.30518,16.7539,28.0241,6.34858,0,29.8812,18.3745,20.0461,0.397615,22.8698,21.797,22.4532,5.007,1.49401,8.28551,20.1224,16.3054,13.6386,17.5005,15.2424,14.552,9.76196,32.1732,5.13105,16.2779,23.6004,
DUALS 86,2693.56,656912,650298,0,8.9581,6.21891,30.1019,13.2924,19.0907,13.2844,18.2822,32.017,12.6641,17.057,8.83397,16.4584,7.58518,13.884,10.978,18.3526,2.82312,21.6767,13.9012,19.0135,28.6276,19.6193,27.3297,11.9833,10.0558,14.5602,18.7627,6.98981,7.41094,12.1325,7.56463,29.7856,18.2506,2.17856,18.7369,18.6215,14.5033,18.0526,1.05535,11.362,17.0834,18.2379,8.23384,14.0215,14.6345,17.328,14.7524,18.6088,6.99621,12.979,14.4666,14.592,4.88258,28.2613,20.5865,3.36389,17.9557,21.9576,10.1265,30.9662,6.85821,9.75868,1.30448,0,22.1606,18.3896,2.35558,4.78053,24.1004,16.9427,6.37172,31.6803,17.9895,2.15525,23.5424,12.0215,2.72114,8.16292,12.9579,7.61003,10.5696,24.7406,14.1427,14.8176,13.6884,12.3893,12.1579,29.8745,8.70804,7.0047,11.9776,12.4847,13.6229,20.7172,2.64401,6.08573,12.9565,19.712,5.1081,3.30664,8.96422,13.3518,24.4022,26.2582,6.59206,13.8624,0.73467,1.49401,0,5.8209,8.18189,12.0115,15.7816,17.9407,30.6372,18.1257,4.75082,17.96,12.6934,12.9845,10.3661,5.06063,5.58123,18.7387,15.7428,7.56422,17.4543,17.7794,15.6596,6.59487,6.75292,29.7594,18.4418,25.6986,24.7145,7.44168,1.8611,2.98899,3.67023,23.3286,20.3098,5.15204,20.6033,11.1282,15.2953,12.053,12.4039,25.461,3.54561,18.1826,18.0926,15.3654,12.1482,8.85896,4.77561,13.259,19.222,3.61031,24.2456,19.7338,25.6898,3.26175,9.05874,20.7798,1.49401,11.0523,16.3403,6.55911,12.3148,24.2255,31.9501,11.942,13.8686,25.9422,7.30518,16.7539,28.0241,6.34858,3.86813,29.8812,18.3745,20.0461,0.397615,22.8698,21.797,22.4532,5.007,1.49401,8.28551,20.1224,16.3054,13.6386,17.5005,15.2424,14.552,9.76196,32.1732,5.13105,16.2779,23.6004,
DUALS 86,2693.56,657219,649492,0,8.9581,6.21891,30.1019,13.2924,19.0907,13.2844,18.2822,32.017,12.6641,17.057,8.83397,16.4584,7.58518,12.9316,10.0256,18.3526,2.82312,21.6767,14.3774,19.0135,28.6276,19.6193,27.3297,11.9833,10.0558,12.6553,18.7627,6.98981,7.41094,12.1325,7.56463,29.7856,18.2506,2.17856,18.7369,18.6215,14.5033,18.0526,1.05535,9.93338,17.0834,18.2379,8.23384,14.0215,14.6345,17.328,14.7524,17.6564,6.99621,12.979,14.4666,14.592,4.88258,28.2613,20.5865,3.36389,17.9557,21.9576,8.69782,30.9662,6.85821,9.75868,1.30448,0.476214,22.1606,18.3896,2.35558,4.78053,24.1004,16.9427,6.37172,31.6803,17.9895,1.67904,23.5424,12.0215,2.72114,8.16292,12.9579,7.61003,10.5696,24.7406,14.1427,14.8176,13.6884,12.3893,12.1579,29.8745,7.27939,7.0047,11.9776,12.4847,13.6229,20.7172,2.64401,6.08573,13.4327,19.712,5.1081,3.30664,8.96422,13.3518,24.4022,26.2582,5.16341,13.8624,0.73467,1.49401,0.476214,5.34469,8.18189,12.0115,15.7816,17.9407,30.6372,18.1257,4.75082,17.96,12.6934,12.9845,10.3661,5.06063,5.58123,18.7387,15.7428,7.56422,17.4543,17.7794,15.6596,6.59487,6.75292,29.7594,17.0132,25.6986,24.7145,7.44168,1.8611,2.98899,3.67023,23.3286,20.3098,5.15204,20.6033,11.1282,15.2953,12.053,12.4039,25.461,3.54561,18.1826,18.0926,13.9367,9.76711,8.85896,4.77561,13.259,19.222,3.61031,24.2456,19.7338,25.6898,3.73796,9.05874,20.7798,1.49401,11.0523,16.3403,6.55911,9.45754,24.2255,31.9501,11.942,13.8686,25.9422,7.30518,16.7539,28.0241,5.87236,2.9157,29.8812,18.3745,20.0461,0.397615,22.8698,21.797,22.4532,5.007,1.49401,8.28551,20.1224,16.3054,14.1148,17.5005,15.2424,14.552,10.2382,32.1732,5.13105,16.2779,23.6004,
DUALS 87,2693.56,657219,652771,0,8.9581,6.21891,30.1019,13.2924,19.0907,13.2844,18.2822,32.017,12.6641,17.057,8.83397,16.4584,7.58518,7.88993,10.0256,18.3526,2.82312,21.6767,14.3774,19.0135,28.6276,19.6193,27.3297,11.9833,10.0558,10.1345,18.7627,4.46898,7.41094,12.1325,7.56463,29.7856,18.2506,2.17856,18.7369,18.6215,14.5033,18.0526,1.05535,7.41254,17.0834,18.2379,8.23384,14.0215,14.6345,17.328,14.7524,15.1355,6.99621,12.979,14.4666,14.592,4.88258,28.2613,20.5865,3.36389,17.9557,21.9576,8.69782,30.9662,6.85821,9.75868,1.30448,2.99705,22.1606,18.3896,2.35558,4.78053,24.1004,16.9427,6.37172,31.6803,17.9895,0,23.5424,12.0215,2.72114,8.16292,12.9579,7.61003,10.5696,24.7406,14.1427,14.8176,13.6884,12.3893,12.1579,29.8745,7.27939,7.0047,11.9776,12.4847,13.6229,20.7172,2.64401,3.56489,13.4327,19.712,5.1081,3.30664,8.96422,13.3518,24.4022,26.2582,5.16341,13.8624,0.73467,1.49401,0.476214,2.82385,8.18189,12.0115,15.7816,17.9407,30.6372,18.1257,4.75082,17.96,12.6934,12.9845,10.3661,5.06063,5.58123,18.7387,15.7428,7.56422,17.4543,17.7794,15.6596,4.07403,6.75292,29.7594,14.4923,25.6986,24.7145,7.44168,1.8611,2.98899,3.67023,23.3286,20.3098,5.15204,20.6033,11.1282,15.2953,12.053,12.4039,25.461,1.02477,18.1826,18.0926,11.4159,9.76711,8.85896,4.77561,13.259,19.222,3.61031,24.2456,19.7338,25.6898,3.73796,9.05874,20.7798,1.49401,11.0523,16.3403,6.55911,9.45754,24.2255,31.9501,11.942,13.8686,25.9422,7.30518,16.7539,28.0241,5.87236,0.394867,29.8812,18.3745,20.0461,0.397615,22.8698,21.797,22.4532,5.007,1.49401,8.28551,20.1224,16.3054,14.1148,17.5005,15.2424,14.552,10.2382,32.1732,5.13105,16.2779,23.6004,
DUALS 87,2693.56,657213,652796,0,8.9581,6.21891,30.1019,13.2924,19.0907,13.2844,18.2822,32.017,12.6641,17.057,8.83397,16.4584,7.58518,10.2166,12.3523,18.3526,2.82312,21.6767,16.7041,19.0135,28.6276,19.6193,27.3297,11.9833,10.0558,12.4612,18.7627,6.79569,7.41094,14.4593,7.56463,29.7856,18.2506,2.17856,18.7369,18.6215,14.5033,18.0526,1.05535,9.73925,17.0834,18.2379,8.23384,14.0215,14.6345,17.328,14.7524,17.4623,6.99621,12.979,14.4666,14.592,4.88258,28.2613,20.5865,3.36389,17.9557,21.9576,11.0245,30.9662,6.85821,9.75868,1.30448,2.99705,22.1606,18.3896,2.35558,4.78053,24.1004,16.9427,6.37172,31.6803,17.9895,2.32671,23.5424,12.0215,2.72114,8.16292,12.9579,7.61003,10.5696,24.7406,14.1427,14.8176,13.6884,12.3893,12.1579,29.8745,9.6061,7.0047,11.9776,12.4847,13.6229,20.7172,2.64401,5.8916,15.7594,19.712,5.1081,3.30664,8.96422,13.3518,24.4022,26.2582,7.49012,13.8624,0.73467,1.49401,0.476214,2.82385,8.18189,12.0115,15.7816,17.9407,30.6372,18.1257,4.75082,17.96,12.6934,15.3112,10.3661,5.06063,5.58123,18.7387,15.7428,7.56422,17.4543,17.7794,15.6596,6.40074,6.75292,29.7594,16.8191,25.6986,24.7145,7.44168,1.8611,2.98899,3.67023,23.3286,20.3098,5.15204,20.6033,11.1282,15.2953,12.053,12.4039,25.461,3.35148,18.1826,18.0926,13.7426,12.0938,8.85896,4.77561,13.259,19.222,3.61031,24.2456,19.7338,25.6898,1.41125,9.05874,20.7798,1.49401,11.0523,16.3403,6.55911,11.7843,24.2255,31.9501,11.942,13.8686,25.9422,7.30518,16.7539,28.0241,5.87236,2.72158,29.8812,18.3745,20.0461,0.397615,22.8698,21.797,22.4532,5.007,1.49401,8.28551,20.1224,16.3054,16.4415,17.5005,15.2424,14.552,12.5649,32.1732,5.13105,16.2779,23.6004,
DUALS 87,2693.56,657528,649794,0,8.9581,6.21891,30.1019,13.2924,19.0907,13.2844,18.2822,32.017,12.6641,17.057,8.83397,16.4584,7.58518,8.74999,9.90784,18.3526,2.82312,21.6767,14.7486,19.0135,28.6276,19.6193,27.3297,11.9833,10.0558,12.4612,18.7627,7.28457,7.41094,14.4593,7.56463,29.7856,18.2506,2.17856,18.7369,18.6215,14.5033,18.0526,1.05535,9.73925,17.0834,18.2379,8.23384,14.5104,14.6345,17.328,14.7524,16.9734,6.99621,12.979,14.4666,14.592,4.88258,28.2613,20.5865,3.36389,17.9557,21.9576,8.09122,30.9662,6.85821,9.75868,1.30448,2.50817,22.1606,18.3896,2.35558,5.26942,24.1004,16.9427,6.37172,31.6803,17.9895,2.32671,23.5424,12.5104,2.72114,8.16292,12.9579,7.61003,10.5696,24.7406,14.1427,14.8176,13.6884,12.3893,12.1579,29.8745,7.65056,7.0047,11.9776,12.4847,13.6229,20.7172,2.64401,5.8916,13.8039,19.712,5.1081,3.30664,8.96422,13.8407,24.4022,26.2582,5.0457,13.8624,0.73467,1.49401,0,3.31273,8.18189,12.0115,15.7816,17.9407,30.6372,18.1257,4.75082,17.96,12.6934,13.8446,10.3661,5.06063,6.07011,18.7387,15.7428,7.56422,17.4543,17.7794,15.6596,6.40074,6.75292,29.7594,16.3302,25.6986,24.7145,7.44168,1.8611,2.98899,3.67023,23.3286,20.3098,5.15204,20.6033,11.1282,15.2953,12.5419,12.4039,25.461,3.84037,18.1826,18.0926,13.7426,12.0938,8.85896,4.77561,13.259,19.222,3.61031,24.2456,19.7338,25.6898,1.90014,9.05874,20.7798,1.49401,11.0523,16.3403,6.55911,10.8065,24.2255,31.9501,11.942,13.8686,25.9422,7.30518,16.7539,28.0241,5.87236,2.23269,29.8812,18.3745,20.0461,0.397615,22.8698,21.797,22.4532,5.007,1.49401,8.28551,20.1224,16.3054,14.486,17.5005,15.2424,14.552,10.6093,32.1732,4.64216,16.2779,23.6004,
DUALS 88,2693.56,657642,649904,0,8.9581,6.21891,30.1019,13.2924,19.0907,13.2844,18.2822,32.017,12.6641,17.057,8.83397,16.4584,7.58518,10.2479,8.40987,18.3526,2.82312,21.6767,14.7486,19.0135,28.6276,19.6193,27.3297,11.9833,10.0558,10.9632,18.7627,7.28457,7.41094,14.4593,7.56463,29.7856,18.2506,2.17856,18.7369,18.6215,14.5033,18.0526,1.05535,8.24129,17.0834,18.2379,8.23384,13.0124,14.6345,17.328,14.7524,15.4754,6.99621,12.979,14.4666,14.592,4.88258,28.2613,20.5865,3.36389,17.9557,21.9576,6.59326,30.9662,6.85821,8.26072,1.30448,1.0102,22.1606,18.3896,2.35558,3.77146,24.1004,16.9427,6.37172,31.6803,17.9895,2.32671,23.5424,9.5145,4.2191,8.16292,12.9579,7.61003,10.5696,24.7406,14.1427,14.8176,13.6884,12.3893,12.1579,29.8745,6.1526,7.0047,11.9776,12.4847,13.6229,20.7172,2.64401,5.8916,13.8039,19.712,5.1081,1.80868,8.96422,12.3427,24.4022,26.2582,3.54774,13.8624,0.73467,1.49401,1.49796,4.8107,8.18189,12.0115,15.7816,17.9407,30.6372,18.1257,4.75082,17.96,12.6934,13.8446,10.3661,5.06063,6.07011,18.7387,15.7428,7.56422,17.4543,17.7794,15.6596,6.40074,6.75292,29.7594,14.8322,25.6986,24.7145,7.44168,1.8611,2.98899,3.67023,23.3286,20.3098,5.15204,20.6033,11.1282,15.2953,11.044,12.4039,25.461,3.84037,18.1826,18.0926,12.2446,10.5959,8.85896,4.77561,13.259,19.222,3.61031,24.2456,19.7338,25.6898,3.3981,9.05874,20.7798,1.49401,11.0523,16.3403,6.55911,9.30852,24.2255,31.9501,11.942,13.8686,25.9422,7.30518,16.7539,28.0241,5.87236,0.734731,29.8812,18.3745,20.0461,0.397615,22.8698,21.797,22.4532,5.007,1.49401,8.28551,20.1224,16.3054,14.486,17.5005,15.2424,14.552,10.6093,32.1732,4.64216,16.2779,23.6004,
DUALS 88,2693.56,657636,650560,0,8.9581,6.21891,30.1019,13.2924,19.0907,13.2844,18.2822,32.017,12.6641,17.057,8.83397,16.4584,7.58518,12.0082,10.1702,18.3526,2.82312,21.6767,12.9883,19.0135,28.6276,19.6193,27.3297,11.9833,10.0558,12.7235,18.7627,5.52428,7.41094,12.699,7.56463,29.7856,18.2506,2.17856,18.7369,18.6215,14.5033,18.0526,1.05535,10.0016,17.0834,18.2379,8.23384,14.7727,14.6345,17.328,14.7524,17.2357,6.99621,12.979,14.4666,14.592,4.88258,28.2613,20.5865,3.36389,17.9557,21.9576,8.35355,30.9662,6.85821,8.26072,1.30448,2.7705,22.1606,18.3896,2.35558,5.53175,24.1004,16.9427,6.37172,31.6803,17.9895,0.566418,23.5424,11.2748,4.2191,8.16292,12.9579,7.61003,10.5696,24.7406,14.1427,14.8176,13.6884,12.3893,12.1579,29.8745,7.91289,7.0047,11.9776,12.4847,13.6229,20.7172,2.64401,4.13131,12.0436,19.712,5.1081,3.56898,8.96422,14.103,24.4022,26.2582,5.30803,13.8624,0.73467,1.49401,1.49796,4.8107,8.18189,12.0115,15.7816,17.9407,30.6372,18.1257,4.75082,17.96,12.6934,13.8446,10.3661,5.06063,6.07011,18.7387,15.7428,7.56422,17.4543,17.7794,15.6596,4.64045,8.51321,29.7594,16.5925,25.6986,24.7145,7.44168,1.8611,2.98899,3.67023,23.3286,20.3098,5.15204,20.6033,11.1282,15.2953,12.8043,12.4039,25.461,2.08008,18.1826,18.0926,14.0049,12.3561,8.85896,4.77561,13.259,19.222,3.61031,24.2456,19.7338,25.6898,1.6378,9.05874,20.7798,1.49401,11.0523,16.3403,6.55911,11.0688,24.2255,31.9501,11.942,13.8686,25.9422,7.30518,16.7539,28.0241,5.87236,0.734731,29.8812,18.3745,20.0461,0.397615,22.8698,21.797,22.4532,5.007,1.49401,8.28551,20.1224,16.3054,12.7257,17.5005,15.2424,14.552,8.84905,32.1732,4.64216,16.2779,23.6004,
DUALS 88,2693.56,657636,650918,0,8.9581,6.21891,30.1019,13.2924,19.0907,13.2844,18.2822,32.017,12.6641,17.057,8.83397,16.4584,7.58518,13.1525,9.02591,18.3526,2.82312,21.6767,14.1325,19.0135,28.6276,19.6193,27.3297,11.9833,10.0558,11.5793,18.7627,6.66853,7.41094,12.699,7.56463,29.7856,18.2506,2.17856,18.7369,18.6215,14.5033,18.0526,1.05535,8.85733,17.0834,18.2379,8.23384,12.4842,14.6345,17.328,14.7524,16.0914,6.99621,12.979,14.4666,14.592,4.88258,28.2613,20.5865,3.36389,17.9557,21.9576,7.2093,30.9662,6.85821,8.26072,1.30448,2.7705,22.1606,18.3896,2.35558,3.24325,24.1004,16.9427,6.37172,31.6803,17.9895,1.71067,23.5424,8.98629,4.2191,8.16292,12.9579,7.61003,10.5696,24.7406,14.1427,14.8176,13.6884,12.3893,12.1579,29.8745,6.76864,7.0047,11.9776,12.4847,13.6229,20.7172,2.64401,5.27556,13.1878,19.712,5.1081,3.56898,8.96422,11.8145,24.4022,26.2582,4.16378,13.8624,0.73467,1.49401,1.49796,4.8107,8.18189,12.0115,15.7816,17.9407,30.6372,18.1257,4.75082,17.96,12.6934,13.8446,10.3661,5.06063,6.07011,18.7387,15.7428,7.56422,17.4543,17.7794,15.6596,5.7847,7.36896,29.7594,15.4483,25.6986,24.7145,7.44168,1.8611,2.98899,3.67023,23.3286,20.3098,5.15204,20.6033,11.1282,15.2953,10.5158,12.4039,25.461,3.22433,18.1826,18.0926,12.8607,11.2119,8.85896,4.77561,13.259,19.222,3.61031,24.2456,19.7338,25.6898,2.78206,9.05874,20.7798,1.49401,11.0523,16.3403,6.55911,9.92456,24.2255,31.9501,11.942,13.8686,25.9422,7.30518,16.7539,28.0241,5.87236,0.734731,29.8812,18.3745,20.0461,0.397615,22.8698,21.797,22.4532,5.007,1.49401,8.28551,20.1224,16.3054,13.8699,17.5005,15.2424,14.552,9.9933,32.1732,4.64216,16.2779,23.6004,
DUALS 88,2693.56,657630,651266,0,8.9581,6.21891,30.1019,13.2924,19.0907,13.2844,18.2822,32.017,12.6641,17.057,8.83397,16.4584,7.58518,13.1525,11.381,18.3526,2.82312,21.6767,14.1325,19.0135,28.6276,19.6193,27.3297,11.9833,10.0558,13.9343,18.7627,6.66853,7.41094,12.699,7.56463,29.7856,18.2506,2.17856,18.7369,18.6215,14.5033,18.0526,1.05535,11.2124,17.0834,18.2379,8.23384,14.8393,14.6345,17.328,14.7524,18.4465,6.99621,12.979,14.4666,14.592,4.88258,28.2613,20.5865,3.36389,17.9557,21.9576,9.56437,30.9662,6.85821,10.6158,1.30448,2.7705,22.1606,18.3896,2.35558,5.59832,24.1004,16.9427,6.37172,31.6803,17.9895,1.71067,23.5424,11.3414,4.2191,8.16292,12.9579,7.61003,10.5696,24.7406,14.1427,14.8176,13.6884,12.3893,12.1579,29.8745,9.12372,7.0047,11.9776,12.4847,13.6229,20.7172,2.64401,5.27556,13.1878,19.712,5.1081,3.56898,8.96422,14.1696,24.4022,26.2582,6.51886,13.8624,0.73467,1.49401,1.49796,4.8107,8.18189,12.0115,15.7816,17.9407,30.6372,18.1257,4.75082,17.96,12.6934,13.8446,10.3661,5.06063,6.07011,18.7387,15.7428,7.56422,17.4543,17.7794,15.6596,5.7847,9.72404,29.7594,17.8033,25.6986,24.7145,7.44168,1.8611,2.98899,3.67023,23.3286,20.3098,5.15204,20.6033,11.1282,15.2953,12.8708,12.4039,25.461,3.22433,18.1826,18.0926,15.2158,13.567,8.85896,4.77561,13.259,19.222,3.61031,24.2456,19.7338,25.6898,0.426977,9.05874,20.7798,1.49401,11.0523,16.3403,6.55911,12.2796,24.2255,31.9501,11.942,13.8686,25.9422,7.30518,16.7539,28.0241,5.87236,0.734731,29.8812,18.3745,20.0461,0.397615,22.8698,21.797,22.4532,5.007,1.49401,8.28551,20.1224,16.3054,13.8699,17.5005,15.2424,14.552,9.9933,32.1732,4.64216,16.2779,23.6004,
DUALS 89,2693.56,657756,650030,0,8.9581,6.21891,30.1019,13.2924,19.0907,13.2844,18.2822,32.017,12.6641,17.057,8.83397,16.4584,7.58518,11.9023,8.88065,18.3526,2.82312,21.6767,12.8824,19.0135,28.6276,19.6193,27.3297,11.9833,10.0558,13.3092,18.7627,7.29362,7.41094,12.699,7.56463,29.7856,18.2506,2.17856,18.7369,18.6215,14.5033,18.0526,1.05535,10.5873,17.0834,18.2379,8.23384,14.8393,14.6345,17.328,14.7524,17.8214,6.99621,12.979,14.4666,14.592,4.88258,28.2613,20.5865,3.36389,17.9557,21.9576,7.06404,30.9662,6.85821,10.6158,1.30448,2.7705,22.1606,18.3896,2.35558,5.59832,24.1004,16.9427,6.37172,31.6803,17.9895,2.33575,23.5424,11.3414,4.2191,8.16292,12.9579,7.61003,10.5696,24.7406,14.1427,14.8176,13.6884,12.3893,12.1579,29.8745,6.62338,7.0047,11.9776,12.4847,13.6229,20.7172,2.64401,5.90065,12.5628,19.712,5.1081,3.56898,8.96422,14.1696,24.4022,26.2582,4.01852,13.8624,0.73467,1.49401,1.49796,4.8107,8.18189,12.0115,15.7816,17.9407,30.6372,18.1257,4.75082,17.96,12.6934,12.5944,10.3661,5.06063,6.07011,18.7387,15.7428,7.56422,17.4543,17.7794,15.6596,6.40979,9.09895,29.7594,17.1782,25.6986,24.7145,7.44168,1.8611,2.98899,3.67023,23.3286,20.3098,5.15204,20.6033,11.1282,15.2953,12.8708,12.4039,25.461,3.84941,18.1826,18.0926,14.5907,11.6917,8.85896,4.77561,13.259,19.222,3.61031,24.2456,19.7338,25.6898,1.05206,9.05874,20.7798,1.49401,11.0523,16.3403,6.55911,10.4044,24.2255,31.9501,11.942,13.8686,25.9422,7.30518,16.7539,28.0241,5.87236,0.734731,29.8812,18.3745,20.0461,0.397615,22.8698,21.797,22.4532,5.007,1.49401,8.28551,20.1224,16.3054,12.6198,17.5005,15.2424,14.552,9.36821,32.1732,4.01708,16.2779,23.6004,
DUALS 89,2693.56,657956,650226,0,8.9581,6.21891,30.1019,13.2924,19.0907,13.2844,18.2822,32.017,12.6641,17.057,8.83397,16.4584,7.58518,10.5371,10.2459,18.3526,2.82312,21.6767,14.2476,19.0135,28.6276,19.6193,27.3297,11.9833,10.0558,11.944,18.7627,5.92837,7.41094,14.0642,7.56463,29.7856,18.2506,2.17856,18.7369,18.6215,14.5033,18.0526,1.05535,9.22208,17.0834,18.2379,8.23384,13.474,14.6345,17.328,14.7524,16.4562,6.99621,12.979,14.4666,14.592,4.88258,28.2613,20.5865,3.36389,17.9557,21.9576,8.42928,30.9662,6.85821,9.25056,1.30448,2.7705,22.1606,18.3896,2.35558,2.86783,24.1004,16.9427,6.37172,31.6803,17.9895,0.970508,23.5424,9.97612,4.2191,8.16292,12.9579,7.61003,10.5696,24.7406,14.1427,14.8176,13.6884,12.3893,12.1579,29.8745,7.98863,7.0047,11.9776,12.4847,13.6229,20.7172,2.64401,4.5354,13.928,19.712,5.1081,3.56898,8.96422,14.1696,24.4022,26.2582,5.38376,13.8624,0.73467,1.49401,1.49796,4.8107,8.18189,12.0115,15.7816,17.9407,30.6372,18.1257,4.75082,17.96,12.6934,13.9596,10.3661,5.06063,6.07011,18.7387,15.7428,7.56422,17.4543,17.7794,15.6596,5.04454,7.73371,29.7594,15.813,25.6986,24.7145,7.44168,1.8611,2.98899,3.67023,23.3286,20.3098,5.15204,20.6033,11.1282,15.2953,10.1403,12.4039,25.461,2.48417,18.1826,18.0926,13.2254,11.6917,8.85896,4.77561,13.259,19.222,3.61031,24.2456,19.7338,25.6898,2.41731,9.05874,20.7798,1.49401,11.0523,16.3403,6.55911,10.4044,24.2255,31.9501,11.942,13.8686,25.9422,7.30518,16.7539,28.0241,5.87236,0.734731,29.8812,18.3745,20.0461,0.397615,22.8698,21.797,22.4532,5.007,1.49401,8.28551,20.1224,16.3054,13.985,17.5005,15.2424,14.552,10.7335,32.1732,4.01708,16.2779,23.6004,
DUALS 90,2693.56,657951,655750,0,8.9581,6.21891,30.1019,13.2924,19.0907,13.2844,18.2822,32.017,12.6641,17.057,8.83397,16.4584,7.58518,10.5371,6.31888,18.3526,2.82312,21.6767,14.2476,19.0135,28.6276,19.6193,27.3297,11.9833,10.0558,11.944,18.7627,9.85539,7.41094,14.0642,7.56463,29.7856,18.2506,2.17856,18.7369,18.6215,14.5033,18.0526,1.05535,9.22208,17.0834,18.2379,8.23384,13.474,14.6345,17.328,14.7524,16.4562,6.99621,12.979,14.4666,14.592,4.88258,28.2613,20.5865,3.36389,17.9557,21.9576,4.50227,30.9662,6.85821,9.25056,1.30448,2.7705,22.1606,18.3896,2.35558,2.86783,24.1004,16.9427,6.37172,31.6803,17.9895,4.89752,23.5424,9.97612,4.2191,8.16292,12.9579,7.61003,10.5696,24.7406,14.1427,14.8176,13.6884,12.3893,12.1579,29.8745,4.06161,7.0047,11.9776,12.4847,13.6229,20.7172,2.64401,8.46242,13.928,19.712,5.1081,3.56898,8.96422,14.1696,24.4022,26.2582,1.45675,13.8624,0.73467,1.49401,1.49796,4.8107,8.18189,12.0115,15.7816,17.9407,30.6372,18.1257,4.75082,17.96,12.6934,13.9596,10.3661,5.06063,6.07011,18.7387,15.7428,7.56422,17.4543,17.7794,15.6596,8.97156,7.73371,29.7594,15.813,25.6986,24.7145,7.44168,1.8611,2.98899,3.67023,23.3286,20.3098,5.15204,20.6033,11.1282,15.2953,10.1403,12.4039,25.461,6.41118,18.1826,18.0926,13.2254,11.6917,8.85896,4.77561,13.259,19.222,3.61031,24.2456,19.7338,25.6898,0,9.05874,20.7798,1.49401,11.0523,16.3403,6.55911,10.4044,24.2255,31.9501,11.942,13.8686,25.9422,7.30518,16.7539,28.0241,5.87236,0.734731,29.8812,18.3745,20.0461,0.397615,22.8698,21.797,22.4532,5.007,1.49401,8.28551,20.1224,16.3054,13.985,17.5005,15.2424,14.552,10.7335,32.1732,4.01708,16.2779,23.6004,
DUALS 90,2693.56,658340,650590,0,8.9581,6.21891,30.1019,13.2924,19.0907,13.2844,18.2822,32.017,12.6641,17.057,8.83397,16.4584,7.58518,8.59146,6.80529,18.3526,2.82312,21.6767,12.7884,19.0135,28.6276,19.6193,27.3297,11.9833,10.0558,11.944,18.7627,7.42337,7.41094,13.0914,7.56463,29.7856,18.2506,2.17856,18.7369,18.6215,14.5033,18.0526,1.05535,8.73567,17.0834,18.2379,8.23384,13.9604,14.6345,17.328,14.7524,15.9698,6.99621,12.979,14.4666,14.592,4.88258,28.2613,20.5865,3.36389,17.9557,21.9576,4.98867,30.9662,6.85821,9.25056,1.30448,2.7705,22.1606,18.3896,2.35558,3.35424,24.1004,16.9427,6.37172,31.6803,17.9895,1.9791,23.5424,10.4625,4.2191,8.16292,12.9579,7.61003,10.5696,24.7406,14.1427,14.8176,13.6884,12.3893,12.1579,29.8745,4.54801,7.0047,11.9776,12.4847,13.6229,20.7172,2.64401,6.0304,12.4688,19.712,5.1081,3.56898,8.96422,14.656,24.4022,26.2582,1.94315,13.8624,0.73467,1.49401,1.49796,4.8107,8.18189,12.0115,15.7816,17.9407,30.6372,18.1257,4.75082,17.96,12.6934,13.4732,10.3661,5.06063,6.07011,18.7387,15.7428,7.56422,17.4543,17.7794,15.6596,6.53954,7.73371,29.7594,15.3266,25.6986,24.7145,7.44168,1.8611,2.98899,3.67023,23.3286,20.3098,5.15204,20.6033,11.1282,15.2953,10.6267,12.4039,25.461,4.46557,18.1826,18.0926,12.739,10.7189,8.85896,4.77561,13.259,19.222,3.61031,24.2456,19.7338,25.6898,0.486404,9.05874,20.7798,1.49401,11.0523,16.3403,6.55911,9.43158,24.2255,31.9501,11.942,13.8686,25.9422,7.30518,16.7539,28.0241,5.87236,0.734731,29.8812,18.3745,20.0461,0.397615,22.8698,21.797,22.4532,5.007,1.49401,8.28551,20.1224,16.3054,12.5258,17.5005,15.2424,14.552,9.27425,32.1732,4.50348,16.2779,23.6004,
DUALS 90,2693.56,658323,650657,0,8.9581,6.21891,30.1019,13.2924,19.0907,13.2844,18.2822,32.017,12.6641,17.057,8.83397,16.4584,7.58518,12.7788,10.9926,18.3526,2.82312,21.6767,12.7884,19.0135,28.6276,19.6193,27.3297,11.9833,10.0558,16.1313,18.7627,7.42337,7.41094,13.0914,7.56463,29.7856,18.2506,2.17856,18.7369,18.6215,14.5033,18.0526,1.05535,12.923,17.0834,18.2379,8.23384,13.9604,14.6345,17.328,14.7524,20.1571,6.99621,12.979,14.4666,14.592,4.88258,28.2613,20.5865,3.36389,17.9557,21.9576,9.176,30.9662,6.85821,9.25056,1.30448,2.7705,22.1606,18.3896,2.35558,3.35424,24.1004,16.9427,6.37172,31.6803,17.9895,1.9791,23.5424,10.4625,4.2191,8.16292,12.9579,7.61003,10.5696,24.7406,14.1427,14.8176,13.6884,12.3893,12.1579,29.8745,8.73534,7.0047,11.9776,12.4847,13.6229,20.7172,2.64401,6.0304,12.4688,19.712,5.1081,3.56898,8.96422,14.656,24.4022,26.2582,6.13048,13.8624,0.73467,1.49401,1.49796,4.8107,8.18189,12.0115,15.7816,17.9407,30.6372,18.1257,4.75082,17.96,12.6934,13.4732,10.3661,5.06063,6.07011,18.7387,15.7428,7.56422,17.4543,17.7794,15.6596,6.53954,7.73371,29.7594,19.5139,25.6986,24.7145,7.44168,1.8611,2.98899,3.67023,23.3286,20.3098,5.15204,20.6033,11.1282,15.2953,10.6267,12.4039,25.461,4.46557,18.1826,18.0926,16.9264,14.9062,8.85896,4.77561,13.259,19.222,3.61031,24.2456,19.7338,25.6898,4.67373,9.05874,20.7798,1.49401,11.0523,16.3403,6.55911,13.6189,24.2255,31.9501,11.942,13.8686,25.9422,7.30518,16.7539,28.0241,5.87236,0.734731,29.8812,18.3745,20.0461,0.397615,22.8698,21.797,22.4532,5.007,1.49401,8.28551,20.1224,16.3054,12.5258,17.5005,15.2424,14.552,9.27425,32.1732,4.50348,16.2779,23.6004,
DUALS 91,2693.56,659310,651579,0,8.9581,6.21891,30.1019,13.2924,19.0907,13.2844,18.2822,32.017,12.6641,17.057,8.83397,16.4584,7.58518,11.8393,10.0532,18.3526,2.82312,21.6767,13.0233,19.0135,28.6276,19.6193,27.3297,12.2181,10.2906,14.2524,18.9976,6.95364,7.41094,12.8565,7.79949,29.7856,18.2506,2.17856,18.7369,18.6215,14.5033,18.0526,1.05535,11.5138,17.3183,18.2379,8.23384,14.1953,14.6345,17.328,14.7524,18.9828,6.99621,12.979,14.4666,14.592,4.88258,28.2613,20.5865,3.36389,17.9557,21.9576,8.00169,30.9662,7.09307,9.25056,1.30448,3.00536,22.1606,18.3896,2.35558,3.5891,24.1004,16.9427,6.37172,31.6803,17.9895,1.74424,23.5424,10.6974,4.45396,8.16292,12.9579,7.84489,10.5696,24.7406,14.1427,14.8176,13.9232,12.3893,12.1579,29.8745,7.56104,7.0047,11.9776,12.4847,13.6229,20.7172,2.64401,5.56067,12.7037,19.712,5.1081,3.80384,8.96422,14.8909,24.4022,26.2582,4.95617,13.8624,0.73467,1.49401,1.73282,4.8107,8.18189,12.0115,15.7816,17.9407,30.6372,18.1257,4.75082,17.96,12.6934,13.4732,10.3661,5.06063,6.07011,18.7387,15.7428,7.56422,17.4543,17.7794,15.6596,6.06982,7.73371,29.7594,18.8093,25.6986,24.7145,7.44168,1.8611,2.98899,3.67023,23.3286,20.3098,5.15204,20.6033,11.1282,15.2953,10.8616,12.4039,25.461,3.99585,18.1826,18.0926,15.2823,11.6182,9.09382,4.77561,13.259,19.222,3.61031,24.2456,19.7338,25.6898,4.67373,9.05874,20.7798,1.49401,11.0523,16.3403,6.55911,11.9749,24.2255,31.9501,12.1769,14.1035,25.9422,7.30518,16.7539,28.0241,5.87236,0.969593,29.8812,18.3745,20.0461,0.397615,22.8698,21.797,22.4532,5.007,1.49401,8.28551,20.1224,16.3054,12.7607,17.5005,15.2424,14.552,9.50911,32.1732,4.26862,16.2779,23.6004,
DUALS 91,2693.56,659426,651690,0,8.9581,6.21891,30.1019,13.2924,19.0907,13.2844,18.2822,32.017,12.6641,17.057,8.83397,16.4584,7.58518,10.2559,9.26147,18.3526,2.82312,21.6767,13.815,19.0135,28.6276,19.6193,27.3297,12.2181,10.2906,11.8773,18.9976,6.16194,7.41094,12.8565,7.79949,29.7856,18.2506,2.17856,18.7369,18.6215,14.5033,18.0526,1.05535,9.13873,17.3183,18.2379,8.23384,14.1953,14.6345,17.328,14.7524,17.3994,6.99621,12.979,14.4666,14.592,4.88258,28.2613,20.5865,3.36389,17.9557,21.9576,7.20999,30.9662,7.09307,9.25056,1.30448,3.00536,22.1606,18.3896,2.35558,3.5891,24.1004,16.9427,6.37172,31.6803,17.9895,1.74424,23.5424,10.6974,4.45396,8.16292,12.9579,7.84489,10.5696,24.7406,14.1427,14.8176,13.9232,12.3893,12.1579,29.8745,6.76934,7.0047,11.9776,12.4847,13.6229,20.7172,2.64401,4.76897,13.4954,19.712,5.1081,3.80384,8.96422,14.8909,24.4022,26.2582,4.16447,13.8624,0.73467,1.49401,1.73282,4.8107,8.18189,12.0115,15.7816,17.9407,30.6372,18.1257,4.75082,17.96,12.6934,13.4732,10.3661,5.06063,6.07011,18.7387,15.7428,7.56422,17.4543,17.7794,15.6596,5.27812,7.73371,29.7594,17.2259,25.6986,24.7145,7.44168,1.8611,2.98899,3.67023,23.3286,20.3098,5.15204,20.6033,11.1282,15.2953,10.8616,12.4039,25.461,3.20415,18.1826,18.0926,12.9072,10.0348,9.09382,4.77561,13.259,19.222,3.61031,24.2456,19.7338,25.6898,3.88203,9.05874,20.7798,1.49401,11.0523,16.3403,6.55911,9.59978,24.2255,31.9501,12.1769,14.1035,25.9422,7.30518,16.7539,28.0241,5.87236,0.969593,29.8812,18.3745,20.0461,0.397615,22.8698,21.797,22.4532,5.007,1.49401,8.28551,20.1224,16.3054,13.5524,17.5005,15.2424,14.552,10.3008,32.1732,4.26862,16.2779,23.6004,
DUALS 91,2693.56,659425,653878,0,8.9581,6.21891,30.1019,13.2924,19.0907,13.2844,18.2822,32.017,12.6641,17.057,8.83397,16.4584,7.58518,13.3789,12.3845,18.3526,2.82312,21.6767,13.815,19.0135,28.6276,19.6193,27.3297,12.2181,10.2906,15.0003,18.9976,6.16194,7.41094,12.8565,7.79949,29.7856,18.2506,2.17856,18.7369,18.6215,14.5033,18.0526,1.05535,12.2617,17.3183,18.2379,8.23384,14.1953,14.6345,17.328,14.7524,20.5224,6.99621,12.979,14.4666,14.592,4.88258,28.2613,20.5865,3.36389,17.9557,21.9576,10.333,30.9662,7.09307,9.25056,1.30448,3.00536,22.1606,18.3896,2.35558,3.5891,24.1004,16.9427,6.37172,31.6803,17.9895,1.74424,23.5424,10.6974,4.45396,8.16292,12.9579,7.84489,10.5696,24.7406,14.1427,14.8176,13.9232,12.3893,12.1579,29.8745,9.89234,7.0047,11.9776,12.4847,13.6229,20.7172,2.64401,4.76897,13.4954,19.712,5.1081,3.80384,8.96422,14.8909,24.4022,26.2582,7.28747,13.8624,0.73467,1.49401,1.73282,4.8107,8.18189,12.0115,15.7816,17.9407,30.6372,18.1257,4.75082,17.96,12.6934,13.4732,10.3661,5.06063,6.07011,18.7387,15.7428,7.56422,17.4543,17.7794,15.6596,5.27812,7.73371,29.7594,20.3489,25.6986,24.7145,7.44168,1.8611,2.98899,3.67023,23.3286,20.3098,5.15204,20.6033,11.1282,15.2953,10.8616,12.4039,25.461,3.20415,18.1826,18.0926,16.0302,13.1578,9.09382,4.77561,13.259,19.222,3.61031,24.2456,19.7338,25.6898,0.759031,9.05874,20.7798,1.49401,11.0523,16.3403,6.55911,12.7228,24.2255,31.9501,12.1769,14.1035,25.9422,7.30518,16.7539,28.0241,5.87236,0.969593,29.8812,18.3745,20.0461,0.397615,22.8698,21.797,22.4532,5.007,1.49401,8.28551,20.1224,16.3054,13.5524,17.5005,15.2424,14.552,10.3008,32.1732,4.26862,16.2779,23.6004,
DUALS 92,2693.56,659974,652234,0,8.9581,6.21891,30.1019,13.2924,19.0907,13.2844,18.2822,32.017,12.6641,17.057,8.83397,16.4584,7.58518,11.9697,10.6229,18.3526,2.82312,21.6767,13.4626,19.0135,28.6276,19.6193,27.3297,12.5704,10.2906,13.9434,19.3499,6.51427,7.41094,12.8565,7.79949,29.7856,18.2506,2.17856,18.7369,18.6215,14.5033,18.0526,1.05535,11.5571,17.3183,18.2379,8.23384,14.5476,14.6345,17.328,14.7524,19.8178,6.99621,12.979,14.4666,14.592,4.88258,28.2613,20.5865,3.36389,17.9557,21.9576,8.21907,30.9662,7.44539,9.25056,1.30448,3.00536,22.1606,18.3896,2.35558,3.94142,24.1004,16.9427,6.37172,31.6803,17.9895,1.74424,23.5424,11.0497,4.45396,8.16292,12.9579,7.84489,10.5696,24.7406,14.1427,14.8176,13.9232,12.3893,12.1579,29.8745,7.77841,7.0047,11.9776,12.4847,13.6229,20.7172,2.64401,5.1213,12.7907,19.712,5.1081,4.15616,8.96422,15.2432,24.4022,26.2582,5.17355,13.8624,0.73467,1.49401,1.73282,5.16302,8.18189,12.0115,15.7816,17.9407,30.6372,18.1257,4.75082,17.96,12.6934,12.7686,10.3661,5.06063,6.07011,18.7387,15.7428,7.56422,17.4543,17.7794,15.6596,5.63044,7.73371,29.7594,19.6443,25.6986,24.7145,7.44168,1.8611,2.98899,3.67023,23.3286,20.3098,5.15204,20.6033,11.1282,15.2953,11.2139,12.4039,25.461,3.55647,18.1826,18.0926,14.9733,11.3962,9.44614,4.77561,13.259,19.222,3.61031,24.2456,19.7338,25.6898,1.11135,9.05874,20.7798,1.49401,11.0523,16.3403,6.55911,10.9612,24.2255,31.9501,12.1769,14.4558,25.9422,7.30518,16.7539,28.0241,6.22468,0.969593,29.8812,18.3745,20.0461,0.397615,22.8698,21.797,22.4532,5.007,1.49401,8.28551,20.1224,16.3054,12.8477,17.5005,15.2424,14.552,9.59617,32.1732,3.9163,16.2779,23.6004,
DUALS 92,2693.56,659974,653917,0,8.9581,6.21891,30.1019,13.2924,19.0907,13.2844,18.2822,32.017,12.6641,17.057,8.83397,16.4584,7.58518,12.8026,8.95691,18.3526,2.82312,21.6767,14.2956,19.0135,28.6276,19.6193,27.3297,12.5704,10.2906,12.2774,19.3499,7.34725,7.41094,12.8565,7.79949,29.7856,18.2506,2.17856,18.7369,18.6215,14.5033,18.0526,1.05535,9.89113,17.3183,18.2379,8.23384,14.5476,14.6345,17.328,14.7524,18.9848,6.99621,12.979,14.4666,14.592,4.88258,28.2613,20.5865,3.36389,17.9557,21.9576,6.55311,30.9662,7.44539,9.25056,1.30448,2.17238,22.1606,18.3896,2.35558,3.94142,24.1004,16.9427,6.37172,31.6803,17.9895,2.57722,23.5424,11.0497,4.45396,8.16292,12.9579,7.84489,10.5696,24.7406,14.1427,14.8176,13.9232,12.3893,12.1579,29.8745,6.11245,7.0047,11.9776,12.4847,13.6229,20.7172,2.64401,5.95428,13.6237,19.712,5.1081,4.15616,8.96422,15.2432,24.4022,26.2582,3.50759,13.8624,0.73467,1.49401,0.0668623,5.16302,8.18189,12.0115,15.7816,17.9407,30.6372,18.1257,4.75082,17.96,12.6934,13.6016,10.3661,5.06063,6.07011,18.7387,15.7428,7.56422,17.4543,17.7794,15.6596,6.46342,7.73371,29.7594,17.9783,25.6986,24.7145,7.44168,1.8611,2.98899,3.67023,23.3286,20.3098,5.15204,20.6033,11.1282,15.2953,11.2139,12.4039,25.461,4.38945,18.1826,18.0926,13.3073,9.73022,9.44614,4.77561,13.259,19.222,3.61031,24.2456,19.7338,25.6898,1.94433,9.05874,20.7798,1.49401,11.0523,16.3403,6.55911,9.29521,24.2255,31.9501,12.1769,14.4558,25.9422,7.30518,16.7539,28.0241,6.22468,0.136612,29.8812,18.3745,20.0461,0.397615,22.8698,21.797,22.4532,5.007,1.49401,8.28551,20.1224,16.3054,13.6807,17.5005,15.2424,14.552,10.4292,32.1732,3.9163,16.2779,23.6004,
DUALS 92,2693.56,659976,652255,0,8.9581,6.21891,30.1019,13.2924,19.0907,13.2844,18.2822,32.017,12.6641,17.057,8.83397,16.4584,7.58518,10.4211,9.5523,18.3526,2.82312,21.6767,13.7002,19.0135,28.6276,19.6193,27.3297,12.5704,10.2906,11.682,19.3499,5.56106,7.41094,12.8565,7.79949,29.7856,18.2506,2.17856,18.7369,18.6215,14.5033,18.0526,1.05535,9.89113,17.3183,18.2379,8.23384,14.5476,14.6345,17.328,14.7524,18.3894,6.99621,12.979,14.4666,14.592,4.88258,28.2613,20.5865,3.36389,17.9557,21.9576,7.1485,30.9662,7.44539,9.25056,1.30448,2.17238,22.1606,18.3896,2.35558,3.94142,24.1004,16.9427,6.37172,31.6803,17.9895,0.791034,23.5424,11.0497,4.45396,8.16292,12.9579,7.84489,10.5696,24.7406,14.1427,14.8176,13.9232,12.3893,12.1579,29.8745,6.70785,7.0047,11.9776,12.4847,13.6229,20.7172,2.64401,4.16809,12.4329,19.712,5.1081,4.15616,8.96422,15.2432,24.4022,26.2582,4.10298,13.8624,0.73467,1.49401,0.0668623,5.16302,8.18189,12.0115,15.7816,17.9407,30.6372,18.1257,4.75082,17.96,12.6934,13.0062,10.3661,5.06063,6.07011,18.7387,15.7428,7.56422,17.4543,17.7794,15.6596,4.67723,7.13831,29.7594,17.3829,25.6986,24.7145,7.44168,1.8611,2.98899,3.67023,23.3286,20.3098,5.15204,20.6033,11.1282,15.2953,11.2139,12.4039,25.461,2.60326,18.1826,18.0926,12.7119,9.73022,9.44614,4.77561,13.259,19.222,3.61031,24.2456,19.7338,25.6898,1.94433,9.05874,20.7798,1.49401,11.0523,16.3403,6.55911,9.89061,24.2255,31.9501,12.1769,14.4558,25.9422,7.30518,16.7539,28.0241,6.22468,0.732009,29.8812,18.3745,20.0461,0.397615,22.8698,21.797,22.4532,5.007,1.49401,8.28551,20.1224,16.3054,13.0853,17.5005,15.2424,14.552,9.83376,32.1732,4.5117,16.2779,23.6004,
DUALS 93,2693.56,659976,653287,0,8.9581,6.21891,30.1019,13.2924,19.0907,13.2844,18.2822,32.017,12.6641,17.057,8.83397,16.4584,7.58518,12.1532,11.2845,18.3526,2.82312,21.6767,15.4324,19.0135,28.6276,19.6193,27.3297,12.5704,10.2906,13.4142,19.3499,7.29324,7.41094,14.5887,7.79949,29.7856,18.2506,2.17856,18.7369,18.6215,14.5033,18.0526,1.05535,11.6233,17.3183,18.2379,8.23384,14.5476,14.6345,17.328,14.7524,20.1216,6.99621,12.979,14.4666,14.592,4.88258,28.2613,20.5865,3.36389,17.9557,21.9576,8.88068,30.9662,7.44539,9.25056,1.30448,2.17238,22.1606,18.3896,2.35558,3.94142,24.1004,16.9427,6.37172,31.6803,17.9895,2.52322,23.5424,11.0497,4.45396,8.16292,12.9579,7.84489,10.5696,24.7406,14.1427,14.8176,13.9232,12.3893,12.1579,29.8745,8.44003,7.0047,11.9776,12.4847,13.6229,20.7172,2.64401,5.90027,14.1651,19.712,5.1081,4.15616,8.96422,15.2432,24.4022,26.2582,5.83517,13.8624,0.73467,1.49401,1.79905,5.16302,8.18189,12.0115,15.7816,17.9407,30.6372,18.1257,4.75082,17.96,12.6934,14.7384,10.3661,5.06063,6.07011,18.7387,15.7428,7.56422,17.4543,17.7794,15.6596,6.40941,7.13831,29.7594,19.1151,25.6986,24.7145,7.44168,1.8611,2.98899,3.67023,23.3286,20.3098,5.15204,20.6033,11.1282,15.2953,11.2139,12.4039,25.461,4.33544,18.1826,18.0926,14.4441,11.4624,9.44614,4.77561,13.259,19.222,3.61031,24.2456,19.7338,25.6898,1.94433,9.05874,20.7798,1.49401,11.0523,16.3403,6.55911,11.6228,24.2255,31.9501,12.1769,14.4558,25.9422,7.30518,16.7539,28.0241,6.22468,0.732009,29.8812,18.3745,20.0461,0.397615,22.8698,21.797,22.4532,5.007,1.49401,8.28551,20.1224,16.3054,14.8175,17.5005,15.2424,14.552,11.5659,32.1732,4.5117,16.2779,23.6004,
DUALS 93,2693.56,659976,654932,0,8.9581,6.21891,30.1019,13.2924,19.0907,13.2844,18.2822,32.017,12.6641,17.057,8.83397,16.4584,7.58518,10.8778,9.37128,18.3526,2.82312,21.6767,14.1569,19.0135,28.6276,19.6193,27.3297,12.5704,10.2906,12.1387,19.3499,6.65551,7.41094,14.5887,7.79949,29.7856,18.2506,2.17856,18.7369,18.6215,14.5033,18.0526,1.05535,10.3478,17.3183,18.2379,8.23384,14.5476,14.6345,17.328,14.7524,18.8461,6.99621,12.979,14.4666,14.592,4.88258,28.2613,20.5865,3.36389,17.9557,21.9576,6.96748,30.9662,7.44539,9.25056,1.30448,2.17238,22.1606,18.3896,2.35558,3.94142,24.1004,16.9427,6.37172,31.6803,17.9895,1.88548,23.5424,11.0497,4.45396,8.16292,12.9579,7.84489,10.5696,24.7406,14.1427,14.8176,13.9232,12.3893,12.1579,29.8745,6.52683,7.0047,11.9776,12.4847,13.6229,20.7172,2.64401,5.26254,12.8896,19.712,5.1081,4.15616,8.96422,15.2432,24.4022,26.2582,3.92197,13.8624,0.73467,1.49401,1.16131,4.52528,8.18189,12.0115,15.7816,17.9407,30.6372,18.1257,4.75082,17.96,12.6934,13.4629,10.3661,5.06063,6.07011,18.7387,15.7428,7.56422,17.4543,17.7794,15.6596,5.77168,6.50058,29.7594,18.4774,25.6986,24.7145,7.44168,1.8611,2.98899,3.67023,23.3286,20.3098,5.15204,20.6033,11.1282,15.2953,11.2139,12.4039,25.461,3.69771,18.1826,18.0926,13.1686,10.1869,9.44614,4.77561,13.259,19.222,3.61031,24.2456,19.7338,25.6898,1.94433,9.05874,20.7798,1.49401,11.0523,16.3403,6.55911,9.70959,24.2255,31.9501,12.1769,14.4558,25.9422,7.30518,16.7539,28.0241,5.58695,0.732009,29.8812,18.3745,20.0461,0.397615,22.8698,21.797,22.4532,5.007,1.49401,8.28551,20.1224,16.3054,13.542,17.5005,15.2424,14.552,10.2905,32.1732,4.5117,16.2779,23.6004,
STATS - lpIterations[1] lagIterations[273] sspIterations[5607] numSeparations[746] numCuts[0] compileTime[0] sspSolveTime[49] lpSolveTime[0] lb[2693.95] ub[2694.9] numArcs: [659976] numFixed: [654932] time: [93]
DUALS 93,2693.95,659976,656198,0,8.9581,6.21891,30.1019,13.2924,19.0907,13.2844,18.2822,32.017,12.6641,17.057,8.83397,16.4584,7.58518,7.59487,12.6542,18.3526,2.82312,21.6767,14.1569,19.0135,28.6276,19.6193,27.3297,12.5704,10.2906,12.1387,19.3499,3.37261,7.41094,14.5887,7.79949,29.7856,18.2506,2.17856,18.7369,18.6215,14.5033,18.0526,1.05535,10.3478,17.3183,18.2379,8.23384,14.5476,14.6345,17.328,14.7524,18.8461,6.99621,12.979,14.4666,14.592,4.88258,28.2613,20.5865,3.36389,17.9557,21.9576,10.2504,30.9662,7.44539,9.25056,1.30448,2.17238,22.1606,18.3896,2.35558,3.94142,24.1004,16.9427,6.37172,31.6803,17.9895,0,23.5424,11.0497,4.45396,8.16292,12.9579,7.84489,10.5696,24.7406,14.1427,14.8176,13.9232,12.3893,12.1579,29.8745,9.80973,7.0047,11.9776,12.4847,13.6229,20.7172,2.64401,1.97964,12.8896,19.712,5.1081,4.15616,8.96422,15.2432,24.4022,26.2582,7.20486,13.8624,0.73467,1.49401,1.16131,4.52528,8.18189,12.0115,15.7816,17.9407,30.6372,18.1257,4.75082,17.96,12.6934,13.4629,10.3661,5.06063,6.07011,18.7387,15.7428,7.56422,17.4543,17.7794,15.6596,2.48878,6.50058,29.7594,18.4774,25.6986,24.7145,7.44168,1.8611,2.98899,3.67023,23.3286,20.3098,5.15204,20.6033,11.1282,15.2953,11.2139,12.4039,25.461,0.41481,18.1826,18.0926,13.1686,10.1869,9.44614,4.77561,13.259,19.222,3.61031,24.2456,19.7338,25.6898,1.94433,9.05874,20.7798,1.49401,11.0523,16.3403,6.55911,12.9925,24.2255,31.9501,12.1769,14.4558,25.9422,7.30518,16.7539,28.0241,5.58695,0.732009,29.8812,18.3745,20.0461,0.397615,22.8698,21.797,22.4532,5.007,1.49401,8.28551,20.1224,16.3054,13.542,17.5005,15.2424,14.552,10.2905,32.1732,4.5117,16.2779,23.6004,
STATS - lpIterations[2] lagIterations[274] sspIterations[5628] numSeparations[746] numCuts[0] compileTime[0] sspSolveTime[49] lpSolveTime[0] lb[2693.95] ub[2694.9] numArcs: [659976] numFixed: [656211] time: [93]
DUALS 93,2693.95,659976,656211,0,8.9581,6.21891,30.1019,13.2924,19.0907,13.2844,18.2822,32.017,12.6641,17.057,8.83397,16.4584,7.58518,9.43121,8.98151,18.3526,2.82312,21.6767,14.1569,19.0135,28.6276,19.6193,27.3297,12.5704,10.2906,10.3024,19.3499,5.20894,7.41094,14.5887,7.79949,29.7856,18.2506,2.17856,18.7369,18.6215,14.5033,18.0526,1.05535,8.51151,17.3183,18.2379,8.23384,14.5476,14.6345,17.328,14.7524,17.0098,6.99621,12.979,14.4666,14.592,4.88258,28.2613,20.5865,3.36389,17.9557,21.9576,6.57771,30.9662,7.44539,9.25056,1.30448,2.17238,22.1606,18.3896,2.35558,3.94142,24.1004,16.9427,6.37172,31.6803,17.9895,1.83634,23.5424,11.0497,4.45396,8.16292,12.9579,7.84489,10.5696,24.7406,14.1427,14.8176,13.9232,12.3893,12.1579,29.8745,6.13705,7.0047,11.9776,12.4847,13.6229,20.7172,2.64401,3.81597,14.726,19.712,5.1081,4.15616,8.96422,15.2432,24.4022,26.2582,3.53219,13.8624,0.73467,1.49401,1.16131,4.52528,8.18189,12.0115,15.7816,17.9407,30.6372,18.1257,4.75082,17.96,12.6934,13.4629,10.3661,5.06063,6.07011,18.7387,15.7428,7.56422,17.4543,17.7794,15.6596,4.32512,6.50058,29.7594,16.6411,25.6986,24.7145,7.44168,1.8611,2.98899,3.67023,23.3286,20.3098,5.15204,20.6033,11.1282,15.2953,11.2139,12.4039,25.461,2.25115,18.1826,18.0926,11.3323,6.51426,9.44614,4.77561,13.259,19.222,3.61031,24.2456,19.7338,25.6898,1.94433,9.05874,20.7798,1.49401,11.0523,16.3403,6.55911,7.48348,24.2255,31.9501,12.1769,14.4558,25.9422,7.30518,16.7539,28.0241,5.58695,0.732009,29.8812,18.3745,20.0461,0.397615,22.8698,21.797,22.4532,5.007,1.49401,8.28551,20.1224,16.3054,13.542,17.5005,15.2424,14.552,10.2905,32.1732,4.5117,16.2779,23.6004,
DUALS 93,2693.95,659971,656222,0,8.9581,6.21891,30.1019,13.2924,19.0907,13.2844,18.2822,32.017,12.6641,17.057,8.83397,16.4584,7.58518,13.7488,13.2991,18.3526,2.82312,21.6767,14.1569,19.0135,28.6276,19.6193,27.3297,12.5704,10.2906,14.62,19.3499,5.20894,7.41094,14.5887,7.79949,29.7856,18.2506,2.17856,18.7369,18.6215,14.5033,18.0526,1.05535,12.8291,17.3183,18.2379,8.23384,14.5476,14.6345,17.328,14.7524,21.3274,6.99621,12.979,14.4666,14.592,4.88258,28.2613,20.5865,3.36389,17.9557,21.9576,10.8953,30.9662,7.44539,9.25056,1.30448,2.17238,22.1606,18.3896,2.35558,3.94142,24.1004,16.9427,6.37172,31.6803,17.9895,1.83634,23.5424,11.0497,4.45396,8.16292,12.9579,7.84489,10.5696,24.7406,14.1427,14.8176,13.9232,12.3893,12.1579,29.8745,10.4547,7.0047,11.9776,12.4847,13.6229,20.7172,2.64401,3.81597,14.726,19.712,5.1081,4.15616,8.96422,15.2432,24.4022,26.2582,7.8498,13.8624,0.73467,1.49401,1.16131,4.52528,8.18189,12.0115,15.7816,17.9407,30.6372,18.1257,4.75082,17.96,12.6934,13.4629,10.3661,5.06063,6.07011,18.7387,15.7428,7.56422,17.4543,17.7794,15.6596,4.32512,6.50058,29.7594,20.9587,25.6986,24.7145,7.44168,1.8611,2.98899,3.67023,23.3286,20.3098,5.15204,20.6033,11.1282,15.2953,11.2139,12.4039,25.461,2.25115,18.1826,18.0926,15.6499,10.8319,9.44614,4.77561,13.259,19.222,3.61031,24.2456,19.7338,25.6898,1.94433,9.05874,20.7798,1.49401,11.0523,16.3403,6.55911,11.8011,24.2255,31.9501,12.1769,14.4558,25.9422,7.30518,16.7539,28.0241,5.58695,0.732009,29.8812,18.3745,20.0461,0.397615,22.8698,21.797,22.4532,5.007,1.49401,8.28551,20.1224,16.3054,13.542,17.5005,15.2424,14.552,10.2905,32.1732,4.5117,16.2779,23.6004,
DUALS 94,2693.95,660151,652414,0,8.9581,6.21891,30.1019,13.2924,19.0907,13.2844,18.2822,32.017,12.6641,17.057,8.83397,16.4584,7.58518,10.6664,10.7305,18.3526,2.82312,21.6767,13.6432,19.0135,28.6276,19.6193,27.3297,13.0842,10.2906,13.0788,19.8636,5.72267,7.41094,14.075,7.79949,29.7856,18.2506,2.17856,18.7369,18.6215,14.5033,18.0526,1.05535,11.2879,17.3183,18.2379,8.23384,14.5476,14.6345,17.328,14.7524,20.2999,6.99621,12.979,14.4666,14.592,4.88258,28.2613,20.5865,3.36389,17.9557,21.9576,8.32668,30.9662,7.95912,8.73683,1.30448,2.68611,22.1606,18.3896,2.35558,3.94142,24.1004,16.9427,6.37172,31.6803,17.9895,1.83634,23.5424,11.0497,4.45396,8.16292,12.9579,7.84489,10.5696,24.7406,14.1427,14.8176,13.9232,12.3893,12.1579,29.8745,7.88602,7.0047,11.9776,12.4847,13.6229,20.7172,2.64401,4.3297,14.2122,19.712,5.1081,4.66989,8.96422,15.2432,24.4022,26.2582,5.79489,13.8624,0.73467,1.49401,1.67504,4.52528,8.18189,12.0115,15.7816,17.9407,30.6372,18.1257,4.75082,17.96,12.6934,13.4629,10.3661,5.06063,6.07011,18.7387,15.7428,7.56422,17.4543,17.7794,15.6596,4.83885,6.50058,29.7594,19.9312,25.6986,24.7145,7.44168,1.8611,2.98899,3.67023,23.3286,20.3098,5.15204,20.6033,11.1282,15.2953,11.2139,12.4039,25.461,2.25115,18.1826,18.0926,14.1087,10.8319,9.95987,4.77561,13.259,19.222,3.61031,24.2456,19.7338,25.6898,1.94433,9.05874,20.7798,1.49401,11.0523,16.3403,6.55911,10.2599,24.2255,31.9501,12.1769,14.9695,25.9422,7.30518,16.7539,28.0241,6.10068,1.24574,29.8812,18.3745,20.0461,0.397615,22.8698,21.797,22.4532,5.007,1.49401,8.28551,20.1224,16.3054,13.0283,17.5005,15.2424,14.552,9.77674,32.1732,4.5117,16.2779,23.6004,
DUALS 94,2693.95,660151,655754,0,8.9581,6.21891,30.1019,13.2924,19.0907,13.2844,18.2822,32.017,12.6641,17.057,8.83397,16.4584,7.58518,10.6664,7.69967,18.3526,2.82312,21.6767,13.6432,19.0135,28.6276,19.6193,27.3297,13.0842,10.2906,11.5634,19.8636,7.23807,7.41094,14.075,7.79949,29.7856,18.2506,2.17856,18.7369,18.6215,14.5033,18.0526,1.05535,9.77253,17.3183,18.2379,8.23384,14.5476,14.6345,17.328,14.7524,18.7845,6.99621,12.979,14.4666,14.592,4.88258,28.2613,20.5865,3.36389,17.9557,21.9576,5.29587,30.9662,7.95912,8.73683,1.30448,1.17071,22.1606,18.3896,2.35558,3.94142,24.1004,16.9427,6.37172,31.6803,17.9895,3.35174,23.5424,11.0497,4.45396,8.16292,12.9579,7.84489,10.5696,24.7406,14.1427,14.8176,13.9232,12.3893,12.1579,29.8745,4.85522,7.0047,11.9776,12.4847,13.6229,20.7172,2.64401,5.8451,14.2122,19.712,5.1081,4.66989,8.96422,15.2432,24.4022,26.2582,2.76408,13.8624,0.73467,1.49401,0.159639,6.04068,8.18189,12.0115,15.7816,17.9407,30.6372,18.1257,4.75082,17.96,12.6934,13.4629,10.3661,5.06063,6.07011,18.7387,15.7428,7.56422,17.4543,17.7794,15.6596,6.35425,6.50058,29.7594,18.4158,25.6986,24.7145,7.44168,1.8611,2.98899,3.67023,23.3286,20.3098,5.15204,20.6033,11.1282,15.2953,11.2139,12.4039,25.461,3.76655,18.1826,18.0926,12.5933,9.31647,9.95987,4.77561,13.259,19.222,3.61031,24.2456,19.7338,25.6898,3.45973,9.05874,20.7798,1.49401,11.0523,16.3403,6.55911,8.7445,24.2255,31.9501,12.1769,14.9695,25.9422,7.30518,16.7539,28.0241,6.10068,0,29.8812,18.3745,20.0461,0.397615,22.8698,21.797,22.4532,5.007,1.49401,8.28551,20.1224,16.3054,13.0283,17.5005,15.2424,14.552,9.77674,32.1732,4.5117,16.2779,23.6004,
DUALS 94,2693.95,660149,655754,0,8.9581,6.21891,30.1019,13.2924,19.0907,13.2844,18.2822,32.017,12.6641,17.057,8.83397,16.4584,7.58518,6.98159,11.3845,18.3526,2.82312,21.6767,13.6432,19.0135,28.6276,19.6193,27.3297,13.0842,10.2906,11.5634,19.8636,3.55321,7.41094,14.075,7.79949,29.7856,18.2506,2.17856,18.7369,18.6215,14.5033,18.0526,1.05535,9.77253,17.3183,18.2379,8.23384,14.5476,14.6345,17.328,14.7524,18.7845,6.99621,12.979,14.4666,14.592,4.88258,28.2613,20.5865,3.36389,17.9557,21.9576,8.98074,30.9662,7.95912,8.73683,1.30448,1.17071,22.1606,18.3896,2.35558,3.94142,24.1004,16.9427,6.37172,31.6803,17.9895,0,23.5424,11.0497,4.45396,8.16292,12.9579,7.84489,10.5696,24.7406,14.1427,14.8176,13.9232,12.3893,12.1579,29.8745,8.54008,7.0047,11.9776,12.4847,13.6229,20.7172,2.64401,2.16024,14.2122,19.712,5.1081,4.66989,8.96422,15.2432,24.4022,26.2582,6.44895,13.8624,0.73467,1.49401,0.159639,6.04068,8.18189,12.0115,15.7816,17.9407,30.6372,18.1257,4.75082,17.96,12.6934,13.4629,10.3661,5.06063,6.07011,18.7387,15.7428,7.56422,17.4543,17.7794,15.6596,2.66938,6.50058,29.7594,18.4158,25.6986,24.7145,7.44168,1.8611,2.98899,3.67023,23.3286,20.3098,5.15204,20.6033,11.1282,15.2953,11.2139,12.4039,25.461,0.0816846,18.1826,18.0926,12.5933,9.31647,9.95987,4.77561,13.259,19.222,3.61031,24.2456,19.7338,25.6898,0,9.05874,20.7798,1.49401,11.0523,16.3403,6.55911,12.4294,24.2255,31.9501,12.1769,14.9695,25.9422,7.30518,16.7539,28.0241,6.10068,3.68486,29.8812,18.3745,20.0461,0.397615,22.8698,21.797,22.4532,5.007,1.49401,8.28551,20.1224,16.3054,13.0283,17.5005,15.2424,14.552,9.77674,32.1732,4.5117,16.2779,23.6004,
DUALS 94,2693.95,660149,655760,0,8.9581,6.21891,30.1019,13.2924,19.0907,13.2844,18.2822,32.017,12.6641,17.057,8.83397,16.4584,7.58518,8.72744,7.89284,18.3526,2.82312,21.6767,13.6432,19.0135,28.6276,19.6193,27.3297,13.0842,10.2906,9.81757,19.8636,5.29906,7.41094,14.075,7.79949,29.7856,18.2506,2.17856,18.7369,18.6215,14.5033,18.0526,1.05535,8.02668,17.3183,18.2379,8.23384,14.5476,14.6345,17.328,14.7524,17.0387,6.99621,12.979,14.4666,14.592,4.88258,28.2613,20.5865,3.36389,17.9557,21.9576,5.48904,30.9662,7.95912,8.73683,1.30448,2.91656,22.1606,18.3896,2.35558,3.94142,24.1004,16.9427,6.37172,31.6803,17.9895,1.74585,23.5424,11.0497,4.45396,8.16292,12.9579,7.84489,10.5696,24.7406,14.1427,14.8176,13.9232,12.3893,12.1579,29.8745,5.04838,7.0047,11.9776,12.4847,13.6229,20.7172,2.64401,3.90609,14.2122,19.712,5.1081,4.66989,8.96422,15.2432,24.4022,26.2582,2.95725,13.8624,0.73467,1.49401,1.90549,4.29483,8.18189,12.0115,15.7816,17.9407,30.6372,18.1257,4.75082,17.96,12.6934,13.4629,10.3661,5.06063,6.07011,18.7387,15.7428,7.56422,17.4543,17.7794,15.6596,4.41523,6.50058,29.7594,16.67,25.6986,24.7145,7.44168,1.8611,2.98899,3.67023,23.3286,20.3098,5.15204,20.6033,11.1282,15.2953,11.2139,12.4039,25.461,1.82753,18.1826,18.0926,10.8475,7.57062,9.95987,4.77561,13.259,19.222,3.61031,24.2456,19.7338,25.6898,1.74585,9.05874,20.7798,1.49401,11.0523,16.3403,6.55911,8.93767,24.2255,31.9501,12.1769,14.9695,25.9422,7.30518,16.7539,28.0241,6.10068,0.193163,29.8812,18.3745,20.0461,0.397615,22.8698,21.797,22.4532,5.007,1.49401,8.28551,20.1224,16.3054,13.0283,17.5005,15.2424,14.552,9.77674,32.1732,4.5117,16.2779,23.6004,
DUALS 95,2693.95,660147,655760,0,8.9581,6.21891,30.1019,13.2924,19.0907,13.2844,18.2822,32.017,12.6641,17.057,8.83397,16.4584,7.58518,10.8048,9.97018,18.3526,2.82312,21.6767,15.7206,19.0135,28.6276,19.6193,27.3297,13.0842,10.2906,11.8949,19.8636,7.37641,7.41094,16.1523,7.79949,29.7856,18.2506,2.17856,18.7369,18.6215,14.5033,18.0526,1.05535,10.104,17.3183,18.2379,8.23384,14.5476,14.6345,17.328,14.7524,19.116,6.99621,12.979,14.4666,14.592,4.88258,28.2613,20.5865,3.36389,17.9557,21.9576,7.56638,30.9662,7.95912,8.73683,1.30448,0.839212,22.1606,18.3896,2.35558,3.94142,24.1004,16.9427,6.37172,31.6803,17.9895,3.82319,23.5424,11.0497,4.45396,8.16292,12.9579,7.84489,10.5696,24.7406,14.1427,14.8176,13.9232,12.3893,12.1579,29.8745,7.12573,7.0047,11.9776,12.4847,13.6229,20.7172,2.64401,5.98343,16.2896,19.712,5.1081,4.66989,8.96422,15.2432,24.4022,26.2582,5.03459,13.8624,0.73467,1.49401,0,6.37218,8.18189,12.0115,15.7816,17.9407,30.6372,18.1257,4.75082,17.96,12.6934,15.5402,10.3661,5.06063,6.07011,18.7387,15.7428,7.56422,17.4543,17.7794,15.6596,6.49258,6.50058,29.7594,18.7473,25.6986,24.7145,7.44168,1.8611,2.98899,3.67023,23.3286,20.3098,5.15204,20.6033,11.1282,15.2953,11.2139,12.4039,25.461,3.90488,18.1826,18.0926,12.9248,9.64796,9.95987,4.77561,13.259,19.222,3.61031,24.2456,19.7338,25.6898,3.82319,9.05874,20.7798,1.49401,11.0523,16.3403,6.55911,11.015,24.2255,31.9501,12.1769,14.9695,25.9422,7.30518,16.7539,28.0241,6.10068,2.27051,29.8812,18.3745,20.0461,0.397615,22.8698,21.797,22.4532,5.007,1.49401,8.28551,20.1224,16.3054,15.1056,17.5005,15.2424,14.552,11.8541,32.1732,4.5117,16.2779,23.6004,
DUALS 95,2693.95,660526,652792,0,8.9581,6.21891,30.1019,13.2924,19.0907,13.2844,18.2822,32.017,12.6641,17.057,8.83397,16.4584,7.58518,10.1825,9.97018,18.3526,2.82312,21.6767,14.476,19.0135,28.6276,19.6193,27.3297,13.0842,10.2906,12.2061,19.8636,6.13186,7.41094,15.5301,7.79949,29.7856,18.2506,2.17856,18.7369,18.6215,14.5033,18.0526,1.05535,10.4152,17.3183,18.2379,8.23384,14.8588,14.6345,17.328,14.7524,18.8049,6.99621,12.979,14.4666,14.592,4.88258,28.2613,20.5865,3.36389,17.9557,21.9576,7.56638,30.9662,7.95912,8.73683,1.30448,1.15035,22.1606,18.3896,2.35558,4.25255,24.1004,16.9427,6.37172,31.6803,17.9895,2.57865,23.5424,11.3608,4.45396,8.16292,12.9579,7.84489,10.5696,24.7406,14.1427,14.8176,13.9232,12.3893,12.1579,29.8745,7.12573,7.0047,11.9776,12.4847,13.6229,20.7172,2.64401,4.73889,14.4228,19.712,5.1081,4.66989,8.96422,15.5543,24.4022,26.2582,5.03459,13.8624,0.73467,1.49401,0.311136,6.06104,8.18189,12.0115,15.7816,17.9407,30.6372,18.1257,4.75082,17.96,12.6934,15.2291,10.3661,5.06063,6.07011,18.7387,15.7428,7.56422,17.4543,17.7794,15.6596,5.24803,6.50058,29.7594,18.4362,25.6986,24.7145,7.44168,1.8611,2.98899,3.67023,23.3286,20.3098,5.15204,20.6033,11.1282,15.2953,11.5251,12.4039,25.461,2.66033,18.1826,18.0926,13.2359,9.9591,9.95987,4.77561,13.259,19.222,3.61031,24.2456,19.7338,25.6898,3.82319,9.05874,20.7798,1.49401,11.0523,16.3403,6.55911,11.015,24.2255,31.9501,12.1769,14.9695,25.9422,7.30518,16.7539,28.0241,6.10068,1.95937,29.8812,18.3745,20.0461,0.397615,22.8698,21.797,22.4532,5.007,1.49401,8.28551,20.1224,16.3054,13.55,17.5005,15.2424,14.552,10.2984,32.1732,4.5117,16.2779,23.6004,
DUALS 95,2693.95,660520,655818,0,8.9581,6.21891,30.1019,13.2924,19.0907,13.2844,18.2822,32.017,12.6641,17.057,8.83397,16.4584,7.58518,13.0159,7.13682,18.3526,2.82312,21.6767,14.476,19.0135,28.6276,19.6193,27.3297,13.0842,10.2906,9.37269,19.8636,6.13186,7.41094,15.5301,7.79949,29.7856,18.2506,2.17856,18.7369,18.6215,14.5033,18.0526,1.05535,7.5818,17.3183,18.2379,8.23384,14.8588,14.6345,17.328,14.7524,15.9715,6.99621,12.979,14.4666,14.592,4.88258,28.2613,20.5865,3.36389,17.9557,21.9576,4.73302,30.9662,7.95912,8.73683,1.30448,3.98371,22.1606,18.3896,2.35558,4.25255,24.1004,16.9427,6.37172,31.6803,17.9895,2.57865,23.5424,11.3608,4.45396,8.16292,12.9579,7.84489,10.5696,24.7406,14.1427,14.8176,13.9232,12.3893,12.1579,29.8745,4.29236,7.0047,11.9776,12.4847,13.6229,20.7172,2.64401,4.73889,14.4228,19.712,5.1081,4.66989,8.96422,15.5543,24.4022,26.2582,2.20123,13.8624,0.73467,1.49401,0.311136,6.06104,8.18189,12.0115,15.7816,17.9407,30.6372,18.1257,4.75082,17.96,12.6934,15.2291,10.3661,5.06063,6.07011,18.7387,15.7428,7.56422,17.4543,17.7794,15.6596,5.24803,6.50058,29.7594,15.6028,25.6986,24.7145,7.44168,1.8611,2.98899,3.67023,23.3286,20.3098,5.15204,20.6033,11.1282,15.2953,11.5251,12.4039,25.461,2.66033,18.1826,18.0926,10.4026,7.12574,9.95987,4.77561,13.259,19.222,3.61031,24.2456,19.7338,25.6898,0.989833,9.05874,20.7798,1.49401,11.0523,16.3403,6.55911,8.18165,24.2255,31.9501,12.1769,14.9695,25.9422,7.30518,16.7539,28.0241,6.10068,1.95937,29.8812,18.3745,20.0461,0.397615,22.8698,21.797,22.4532,5.007,1.49401,8.28551,20.1224,16.3054,13.55,17.5005,15.2424,14.552,10.2984,32.1732,4.5117,16.2779,23.6004,
DUALS 96,2693.95,660551,652827,0,8.9581,6.21891,30.1019,13.2924,19.0907,13.2844,18.2822,32.017,12.6641,17.057,8.83397,16.4584,7.58518,13.0159,8.99863,18.3526,2.82312,21.6767,14.476,19.0135,28.6276,19.6193,27.3297,13.0842,10.2906,11.2345,19.8636,6.13186,7.41094,15.5301,7.79949,29.7856,18.2506,2.17856,18.7369,18.6215,14.5033,18.0526,1.05535,9.44361,17.3183,18.2379,8.23384,14.8588,14.6345,17.328,16.6142,17.8333,6.99621,12.979,14.4666,14.592,4.88258,28.2613,20.5865,3.36389,17.9557,21.9576,6.59483,30.9662,7.95912,8.73683,1.30448,2.1219,22.1606,20.2514,2.35558,4.25255,22.2386,18.8045,6.37172,31.6803,17.9895,2.57865,23.5424,11.3608,4.45396,8.16292,12.9579,7.84489,10.5696,24.7406,14.1427,14.8176,13.9232,12.3893,12.1579,29.8745,6.15418,7.0047,13.8394,12.4847,13.6229,20.7172,2.64401,4.73889,14.4228,19.712,5.1081,2.80807,8.96422,15.5543,24.4022,26.2582,4.06304,13.8624,0.73467,1.49401,0.311136,2.33742,8.18189,12.0115,15.7816,17.9407,30.6372,18.1257,4.75082,17.96,12.6934,15.2291,10.3661,5.06063,6.07011,16.8769,15.7428,7.56422,17.4543,17.7794,15.6596,5.24803,6.50058,29.7594,17.4646,25.6986,24.7145,7.44168,1.8611,2.98899,3.67023,23.3286,18.448,5.15204,20.6033,11.1282,15.2953,11.5251,14.2657,23.5992,2.66033,18.1826,18.0926,12.2644,8.98755,9.95987,4.77561,13.259,19.222,3.61031,24.2456,21.5956,25.6898,2.85164,9.05874,20.7798,1.49401,11.0523,16.3403,6.55911,10.0435,24.2255,31.9501,12.1769,14.9695,25.9422,7.30518,16.7539,28.0241,6.10068,0,29.8812,18.3745,20.0461,0.397615,22.8698,21.797,22.4532,5.007,1.49401,8.28551,20.1224,16.3054,13.55,17.5005,15.2424,14.552,10.2984,30.3114,4.5117,16.2779,21.7386,
DUALS 96,2693.95,660551,652976,0,8.9581,6.21891,30.1019,13.2924,19.0907,14.6255,18.2822,32.017,12.6641,17.057,10.1751,16.4584,7.58518,13.0159,10.3397,18.3526,2.82312,21.6767,14.476,19.0135,28.6276,19.6193,27.3297,13.0842,10.2906,12.5756,19.8636,6.13186,7.41094,15.5301,7.79949,29.7856,18.2506,2.17856,18.7369,18.6215,14.5033,18.0526,1.05535,10.7847,17.3183,18.2379,8.23384,14.8588,14.6345,17.328,13.932,19.1744,6.99621,12.979,14.4666,14.592,4.88258,28.2613,20.5865,3.36389,17.9557,21.9576,7.93595,30.9662,7.95912,8.73683,1.30448,2.1219,22.1606,18.9103,2.35558,4.25255,23.5798,16.1223,6.37172,31.6803,17.9895,2.57865,23.5424,11.3608,4.45396,8.16292,12.9579,7.84489,10.5696,24.7406,14.1427,14.8176,13.9232,12.3893,12.1579,29.8745,7.49529,7.0047,11.1571,12.4847,13.6229,20.7172,2.64401,4.73889,14.4228,19.712,5.1081,2.80807,8.96422,15.5543,25.7433,26.2582,5.40416,13.8624,0.73467,1.49401,0.311136,2.33742,8.18189,12.0115,15.7816,17.9407,30.6372,16.7845,4.75082,17.96,12.6934,15.2291,10.3661,6.40174,6.07011,18.218,15.7428,7.56422,17.4543,17.7794,17.0007,5.24803,6.50058,29.7594,18.8057,25.6986,24.7145,7.44168,1.8611,2.98899,5.01134,23.3286,19.7891,5.15204,20.6033,11.1282,15.2953,11.5251,12.9246,24.9403,2.66033,18.1826,18.0926,13.6055,10.3287,9.95987,4.77561,13.259,19.222,3.61031,24.2456,18.9133,25.6898,2.85164,9.05874,20.7798,1.49401,11.0523,16.3403,6.55911,11.3846,24.2255,31.9501,12.1769,14.9695,25.9422,7.30518,16.7539,28.0241,6.10068,1.34112,29.8812,18.3745,20.0461,0.397615,22.8698,21.797,22.4532,5.007,1.49401,8.28551,20.1224,16.3054,13.55,17.5005,15.2424,14.552,10.2984,31.6525,4.5117,16.2779,23.0798,
DUALS 96,2693.95,660551,653808,0,8.9581,6.21891,30.1019,13.2924,19.0907,13.6723,18.2822,32.017,12.6641,17.057,9.22184,15.5051,7.58518,10.1561,8.43327,18.3526,2.82312,21.6767,13.5228,19.0135,28.6276,19.6193,27.3297,13.0842,10.2906,11.6224,19.8636,6.13186,7.41094,15.5301,7.79949,29.7856,18.2506,2.17856,18.7369,18.6215,14.5033,18.0526,1.05535,9.83149,17.3183,18.2379,8.23384,14.8588,14.6345,17.328,14.8852,18.2212,6.99621,12.979,14.4666,14.592,4.88258,28.2613,20.5865,3.36389,17.9557,21.9576,6.02946,30.9662,7.95912,8.73683,1.30448,2.1219,22.1606,18.9103,2.35558,4.25255,23.5798,17.0755,6.37172,31.6803,17.9895,2.57865,23.5424,11.3608,4.45396,8.16292,12.9579,7.84489,10.5696,24.7406,14.1427,14.8176,13.9232,12.3893,12.1579,29.8745,5.58881,7.0047,12.1104,12.4847,13.6229,20.7172,2.64401,4.73889,13.4695,19.712,5.1081,2.80807,8.96422,15.5543,25.7433,26.2582,3.49767,13.8624,0.73467,1.49401,0.311136,2.33742,8.18189,12.0115,15.7816,17.9407,30.6372,16.7845,4.75082,17.96,12.6934,14.2759,10.3661,5.4485,6.07011,18.218,15.7428,7.56422,17.4543,17.7794,16.0475,5.24803,6.50058,29.7594,17.8525,25.6986,24.7145,7.44168,1.8611,2.98899,4.0581,23.3286,19.7891,5.15204,20.6033,11.1282,15.2953,11.5251,13.8779,24.9403,2.66033,18.1826,18.0926,12.6523,11.2819,9.95987,4.77561,13.259,19.222,3.61031,24.2456,19.8666,25.6898,1.8984,9.05874,20.7798,1.49401,11.0523,16.3403,6.55911,9.47809,24.2255,31.9501,12.1769,14.9695,25.9422,7.30518,16.7539,28.0241,6.10068,1.34112,29.8812,18.3745,20.0461,0.397615,22.8698,21.797,22.4532,5.007,1.49401,8.28551,20.1224,16.3054,12.5967,17.5005,15.2424,14.552,9.34516,31.6525,4.5117,16.2779,23.0798,
DUALS 96,2693.95,660549,654046,0,8.9581,6.21891,30.1019,13.2924,19.0907,13.6723,18.2822,32.017,12.6641,17.057,9.22184,15.5051,7.58518,11.4399,9.71697,18.3526,2.82312,21.6767,14.8065,19.0135,28.6276,19.6193,27.3297,13.0842,10.2906,12.9061,19.8636,7.41557,7.41094,15.5301,7.79949,29.7856,18.2506,2.17856,18.7369,18.6215,14.5033,18.0526,1.05535,11.1152,17.3183,18.2379,8.23384,13.5751,14.6345,17.328,14.8852,19.5049,6.99621,12.979,14.4666,14.592,4.88258,28.2613,20.5865,3.36389,17.9557,21.9576,7.31317,30.9662,7.95912,8.73683,1.30448,0.838191,22.1606,18.9103,2.35558,2.96885,23.5798,17.0755,6.37172,31.6803,17.9895,3.86235,23.5424,10.0771,4.45396,8.16292,12.9579,7.84489,10.5696,24.7406,14.1427,14.8176,13.9232,12.3893,12.1579,29.8745,6.87252,7.0047,12.1104,12.4847,13.6229,20.7172,2.64401,6.0226,14.7532,19.712,5.1081,2.80807,8.96422,14.2706,25.7433,26.2582,4.78138,13.8624,0.73467,1.49401,0,3.62112,8.18189,12.0115,15.7816,17.9407,30.6372,16.7845,4.75082,17.96,12.6934,14.2759,10.3661,5.4485,6.07011,18.218,15.7428,7.56422,17.4543,17.7794,16.0475,6.53174,6.50058,29.7594,19.1362,25.6986,24.7145,7.44168,1.8611,2.98899,4.0581,23.3286,19.7891,5.15204,20.6033,11.1282,15.2953,10.2414,13.8779,24.9403,3.94404,18.1826,18.0926,13.936,12.5656,9.95987,4.77561,13.259,19.222,3.61031,24.2456,19.8666,25.6898,3.18211,9.05874,20.7798,1.49401,11.0523,16.3403,6.55911,10.7618,24.2255,31.9501,12.1769,14.9695,25.9422,7.30518,16.7539,28.0241,6.10068,0.0574097,29.8812,18.3745,20.0461,0.397615,22.8698,21.797,22.4532,5.007,1.49401,8.28551,20.1224,16.3054,13.8804,17.5005,15.2424,14.552,10.6289,31.6525,4.5117,16.2779,23.0798,
DUALS 97,2693.95,660612,652887,0,8.9581,6.21891,30.1019,13.2924,19.0907,13.6723,18.2822,32.017,12.6641,17.057,9.22184,15.5051,7.58518,9.63895,9.71697,18.3526,2.82312,21.6767,13.7259,19.0135,28.6276,19.6193,27.3297,13.0842,10.2906,12.5459,19.8636,5.97485,7.41094,14.8097,7.79949,29.7856,18.2506,2.17856,18.7369,18.6215,14.5033,18.0526,1.05535,10.3948,17.3183,18.2379,8.23384,13.9352,14.6345,17.328,14.8852,19.1447,6.99621,12.979,14.4666,14.592,4.88258,28.2613,20.5865,3.36389,17.9557,21.9576,7.31317,30.9662,7.95912,8.73683,1.30448,1.19837,22.1606,18.9103,2.35558,3.32903,23.5798,17.0755,6.37172,31.6803,17.9895,2.42164,23.5424,10.4373,4.45396,8.16292,12.9579,7.84489,10.5696,24.7406,14.1427,14.8176,13.9232,12.3893,12.1579,29.8745,6.87252,7.0047,12.1104,12.4847,13.6229,20.7172,2.64401,4.58188,14.0329,19.712,5.1081,2.80807,8.96422,14.6308,25.7433,26.2582,4.78138,13.8624,0.73467,1.49401,0.36018,3.62112,8.18189,12.0115,15.7816,17.9407,30.6372,16.7845,4.75082,17.96,12.6934,13.9157,10.3661,5.4485,6.07011,18.218,15.7428,7.56422,17.4543,17.7794,16.0475,5.09102,6.50058,29.7594,18.776,25.6986,24.7145,7.44168,1.8611,2.98899,4.0581,23.3286,19.7891,5.15204,20.6033,11.1282,15.2953,10.6015,13.8779,24.9403,2.8635,18.1826,18.0926,13.2156,11.8453,9.95987,4.77561,13.259,19.222,3.61031,24.2456,19.8666,25.6898,2.82193,9.05874,20.7798,1.49401,11.0523,16.3403,6.55911,10.7618,24.2255,31.9501,12.1769,14.9695,25.9422,7.30518,16.7539,28.0241,6.10068,0.417589,29.8812,18.3745,20.0461,0.397615,22.8698,21.797,22.4532,5.007,1.49401,8.28551,20.1224,16.3054,12.7999,17.5005,15.2424,14.552,9.90851,31.6525,4.5117,16.2779,23.0798,
DUALS 97,2693.95,660612,655983,0,8.9581,6.21891,30.1019,13.2924,19.0907,13.6723,18.2822,32.017,12.6641,17.057,9.22184,15.5051,7.58518,12.5115,6.84447,18.3526,2.82312,21.6767,13.7259,19.0135,28.6276,19.6193,27.3297,13.0842,10.2906,9.6734,19.8636,5.97485,7.41094,14.8097,7.79949,29.7856,18.2506,2.17856,18.7369,18.6215,14.5033,18.0526,1.05535,7.52233,17.3183,18.2379,8.23384,13.9352,14.6345,17.328,14.8852,16.2722,6.99621,12.979,14.4666,14.592,4.88258,28.2613,20.5865,3.36389,17.9557,21.9576,4.44067,30.9662,7.95912,8.73683,1.30448,4.07088,22.1606,18.9103,2.35558,3.32903,23.5798,17.0755,6.37172,31.6803,17.9895,2.42164,23.5424,10.4373,4.45396,8.16292,12.9579,7.84489,10.5696,24.7406,14.1427,14.8176,13.9232,12.3893,12.1579,29.8745,4.00001,7.0047,12.1104,12.4847,13.6229,20.7172,2.64401,4.58188,14.0329,19.712,5.1081,2.80807,8.96422,14.6308,25.7433,26.2582,1.90888,13.8624,0.73467,1.49401,0.36018,3.62112,8.18189,12.0115,15.7816,17.9407,30.6372,16.7845,4.75082,17.96,12.6934,13.9157,10.3661,5.4485,6.07011,18.218,15.7428,7.56422,17.4543,17.7794,16.0475,5.09102,6.50058,29.7594,15.9035,25.6986,24.7145,7.44168,1.8611,2.98899,4.0581,23.3286,19.7891,5.15204,20.6033,11.1282,15.2953,10.6015,13.8779,24.9403,2.8635,18.1826,18.0926,10.3431,8.97275,9.95987,4.77561,13.259,19.222,3.61031,24.2456,19.8666,25.6898,0,9.05874,20.7798,1.49401,11.0523,16.3403,6.55911,7.8893,24.2255,31.9501,12.1769,14.9695,25.9422,7.30518,16.7539,28.0241,6.10068,0.417589,29.8812,18.3745,20.0461,0.397615,22.8698,21.797,22.4532,5.007,1.49401,8.28551,20.1224,16.3054,12.7999,17.5005,15.2424,14.552,9.90851,31.6525,4.5117,16.2779,23.0798,
DUALS 97,2693.95,660612,655983,0,8.9581,6.21891,30.1019,13.2924,19.0907,13.6723,18.2822,32.017,12.6641,17.057,9.22184,15.5051,7.58518,12.5115,10.6629,18.3526,2.82312,21.6767,13.7259,19.0135,28.6276,19.6193,27.3297,13.0842,10.2906,13.4918,19.8636,5.97485,7.41094,14.8097,7.79949,29.7856,18.2506,2.17856,18.7369,18.6215,14.5033,18.0526,1.05535,11.3408,17.3183,18.2379,8.23384,13.9352,14.6345,17.328,14.8852,20.0907,6.99621,12.979,14.4666,14.592,4.88258,28.2613,20.5865,3.36389,17.9557,21.9576,8.25909,30.9662,7.95912,8.73683,1.30448,0.252454,22.1606,18.9103,2.35558,3.32903,23.5798,17.0755,6.37172,31.6803,17.9895,2.42164,23.5424,10.4373,4.45396,8.16292,12.9579,7.84489,10.5696,24.7406,14.1427,14.8176,13.9232,12.3893,12.1579,29.8745,7.81843,7.0047,12.1104,12.4847,13.6229,20.7172,2.64401,4.58188,14.0329,19.712,5.1081,2.80807,8.96422,14.6308,25.7433,26.2582,5.7273,13.8624,0.73467,1.49401,0,7.43954,8.18189,12.0115,15.7816,17.9407,30.6372,16.7845,4.75082,17.96,12.6934,13.9157,10.3661,5.4485,6.07011,18.218,15.7428,7.56422,17.4543,17.7794,16.0475,5.09102,6.50058,29.7594,19.7219,25.6986,24.7145,7.44168,1.8611,2.98899,4.0581,23.3286,19.7891,5.15204,20.6033,11.1282,15.2953,10.6015,13.8779,24.9403,2.8635,18.1826,18.0926,14.1615,12.7912,9.95987,4.77561,13.259,19.222,3.61031,24.2456,19.8666,25.6898,3.81842,9.05874,20.7798,1.49401,11.0523,16.3403,6.55911,11.7077,24.2255,31.9501,12.1769,14.9695,25.9422,7.30518,16.7539,28.0241,6.10068,4.23601,29.8812,18.3745,20.0461,0.397615,22.8698,21.797,22.4532,5.007,1.49401,8.28551,20.1224,16.3054,12.7999,17.5005,15.2424,14.552,9.90851,31.6525,4.5117,16.2779,23.0798,
DUALS 97,2693.95,660610,656002,0,8.9581,6.21891,30.1019,13.2924,19.0907,13.6723,18.2822,32.017,12.6641,17.057,9.22184,15.5051,7.58518,12.5115,7.49439,18.3526,2.82312,21.6767,13.7259,19.0135,28.6276,19.6193,27.3297,13.0842,10.2906,11.9076,19.8636,7.5591,7.41094,14.8097,7.79949,29.7856,18.2506,2.17856,18.7369,18.6215,14.5033,18.0526,1.05535,9.7565,17.3183,18.2379,8.23384,13.9352,14.6345,17.328,14.8852,18.5064,6.99621,12.979,14.4666,14.592,4.88258,28.2613,20.5865,3.36389,17.9557,21.9576,5.09059,30.9662,7.95912,8.73683,1.30448,1.83671,22.1606,18.9103,2.35558,3.32903,23.5798,17.0755,6.37172,31.6803,17.9895,4.00589,23.5424,10.4373,4.45396,8.16292,12.9579,7.84489,10.5696,24.7406,14.1427,14.8176,13.9232,12.3893,12.1579,29.8745,4.64993,7.0047,12.1104,12.4847,13.6229,20.7172,2.64401,6.16613,14.0329,19.712,5.1081,2.80807,8.96422,14.6308,25.7433,26.2582,2.5588,13.8624,0.73467,1.49401,1.58425,5.85529,8.18189,12.0115,15.7816,17.9407,30.6372,16.7845,4.75082,17.96,12.6934,13.9157,10.3661,5.4485,6.07011,18.218,15.7428,7.56422,17.4543,17.7794,16.0475,6.67527,6.50058,29.7594,18.1377,25.6986,24.7145,7.44168,1.8611,2.98899,4.0581,23.3286,19.7891,5.15204,20.6033,11.1282,15.2953,10.6015,13.8779,24.9403,4.44775,18.1826,18.0926,12.5773,11.2069,9.95987,4.77561,13.259,19.222,3.61031,24.2456,19.8666,25.6898,5.40267,9.05874,20.7798,1.49401,11.0523,16.3403,6.55911,10.1235,24.2255,31.9501,12.1769,14.9695,25.9422,7.30518,16.7539,28.0241,6.10068,1.06751,29.8812,18.3745,20.0461,0.397615,22.8698,21.797,22.4532,5.007,1.49401,8.28551,20.1224,16.3054,12.7999,17.5005,15.2424,14.552,9.90851,31.6525,4.5117,16.2779,23.0798,
DUALS 98,2693.95,660660,652934,0,8.9581,6.21891,30.1019,13.2924,19.0907,13.6723,18.2822,32.017,12.6641,17.057,9.22184,15.5051,7.58518,9.68362,8.20135,18.3526,2.82312,21.6767,13.019,19.0135,28.6276,19.6193,27.3297,13.0842,10.2906,11.2006,19.8636,5.43822,7.41094,14.1027,7.79949,29.7856,18.2506,2.17856,18.7369,18.6215,14.5033,18.0526,1.05535,9.04954,17.3183,18.2379,8.23384,14.6422,14.6345,17.328,14.8852,17.7994,6.99621,12.979,14.4666,14.592,4.88258,28.2613,20.5865,3.36389,17.9557,21.9576,5.79754,30.9662,7.95912,8.73683,1.30448,1.83671,22.1606,18.9103,2.35558,4.03599,23.5798,17.0755,6.37172,31.6803,17.9895,1.88501,23.5424,11.1443,4.45396,8.16292,12.9579,7.84489,10.5696,24.7406,14.1427,14.8176,13.9232,12.3893,12.1579,29.8745,5.35689,7.0047,12.1104,12.4847,13.6229,20.7172,2.64401,4.04525,13.3259,19.712,5.1081,2.80807,8.96422,15.3377,25.7433,26.2582,3.26575,13.8624,0.73467,1.49401,1.58425,5.85529,8.18189,12.0115,15.7816,17.9407,30.6372,16.7845,4.75082,17.96,12.6934,13.9157,10.3661,5.4485,6.07011,18.218,15.7428,7.56422,17.4543,17.7794,16.0475,4.55439,7.20754,29.7594,17.4307,25.6986,24.7145,7.44168,1.8611,2.98899,4.0581,23.3286,19.7891,5.15204,20.6033,11.1282,15.2953,11.3085,13.8779,24.9403,2.32687,18.1826,18.0926,12.5773,10.5,9.95987,4.77561,13.259,19.222,3.61031,24.2456,19.8666,25.6898,4.69571,9.05874,20.7798,1.49401,11.0523,16.3403,6.55911,10.1235,24.2255,31.9501,12.1769,14.9695,25.9422,7.30518,16.7539,28.0241,6.10068,1.06751,29.8812,18.3745,20.0461,0.397615,22.8698,21.797,22.4532,5.007,1.49401,8.28551,20.1224,16.3054,12.0929,17.5005,15.2424,14.552,9.20155,31.6525,4.5117,16.2779,23.0798,
DUALS 98,2693.95,660660,653067,0,8.9581,6.21891,30.1019,13.2924,19.0907,13.6723,18.2822,32.017,12.6641,17.057,9.22184,15.5051,7.58518,11.4613,9.97902,18.3526,2.82312,21.6767,14.7966,19.0135,28.6276,19.6193,27.3297,13.0842,10.2906,12.9783,19.8636,7.21589,7.41094,14.1027,7.79949,29.7856,18.2506,2.17856,18.7369,18.6215,14.5033,18.0526,1.05535,10.8272,17.3183,18.2379,8.23384,12.8645,14.6345,17.328,14.8852,19.5771,6.99621,12.979,14.4666,14.592,4.88258,28.2613,20.5865,3.36389,17.9557,21.9576,7.57522,30.9662,7.95912,8.73683,1.30448,1.83671,22.1606,18.9103,2.35558,2.25831,23.5798,17.0755,6.37172,31.6803,17.9895,3.66268,23.5424,9.3666,4.45396,8.16292,12.9579,7.84489,10.5696,24.7406,14.1427,14.8176,13.9232,12.3893,12.1579,29.8745,7.13456,7.0047,12.1104,12.4847,13.6229,20.7172,2.64401,5.82292,15.1036,19.712,5.1081,2.80807,8.96422,13.5601,25.7433,26.2582,5.04343,13.8624,0.73467,1.49401,1.58425,5.85529,8.18189,12.0115,15.7816,17.9407,30.6372,16.7845,4.75082,17.96,12.6934,13.9157,10.3661,5.4485,6.07011,18.218,15.7428,7.56422,17.4543,17.7794,16.0475,6.33207,7.20754,29.7594,19.2084,25.6986,24.7145,7.44168,1.8611,2.98899,4.0581,23.3286,19.7891,5.15204,20.6033,11.1282,15.2953,9.53082,13.8779,24.9403,4.10455,18.1826,18.0926,14.3549,12.2776,9.95987,4.77561,13.259,19.222,3.61031,24.2456,19.8666,25.6898,2.91804,9.05874,20.7798,1.49401,11.0523,16.3403,6.55911,11.9011,24.2255,31.9501,12.1769,14.9695,25.9422,7.30518,16.7539,28.0241,6.10068,1.06751,29.8812,18.3745,20.0461,0.397615,22.8698,21.797,22.4532,5.007,1.49401,8.28551,20.1224,16.3054,13.8706,17.5005,15.2424,14.552,10.9792,31.6525,4.5117,16.2779,23.0798,
DUALS 99,2693.95,660672,652939,0,8.9581,6.21891,30.1019,13.2924,19.0907,13.6723,18.2822,32.017,12.6641,17.057,9.22184,15.5051,7.58518,9.18457,9.97902,18.3526,2.82312,21.6767,13.2788,19.0135,28.6276,19.6193,27.3297,13.0842,10.2906,12.2194,19.8636,5.69808,7.41094,13.3438,7.79949,29.7856,18.2506,2.17856,18.7369,18.6215,14.5033,18.0526,1.05535,10.0683,17.3183,18.2379,8.23384,13.6234,14.6345,17.328,14.8852,18.8182,6.99621,12.979,14.4666,14.592,4.88258,28.2613,20.5865,3.36389,17.9557,21.9576,6.81631,30.9662,7.95912,8.73683,1.30448,1.83671,22.1606,18.9103,2.35558,3.01722,23.5798,17.0755,6.37172,31.6803,17.9895,2.14487,23.5424,10.1255,4.45396,8.16292,12.9579,7.84489,10.5696,24.7406,14.1427,14.8176,13.9232,12.3893,12.1579,29.8745,6.37565,7.0047,12.1104,12.4847,13.6229,20.7172,2.64401,4.30511,13.5858,19.712,5.1081,2.80807,8.96422,14.319,25.7433,26.2582,4.28452,13.8624,0.73467,1.49401,1.58425,5.85529,8.18189,12.0115,15.7816,17.9407,30.6372,16.7845,4.75082,17.96,12.6934,13.1568,10.3661,5.4485,6.07011,18.218,15.7428,7.56422,17.4543,17.7794,16.0475,4.81425,7.96644,29.7594,18.4495,25.6986,24.7145,7.44168,1.8611,2.98899,4.0581,23.3286,19.7891,5.15204,20.6033,11.1282,15.2953,10.2897,13.8779,24.9403,1.82782,18.1826,18.0926,13.596,11.5187,9.95987,4.77561,13.259,19.222,3.61031,24.2456,19.8666,25.6898,2.15913,9.05874,20.7798,1.49401,11.0523,16.3403,6.55911,11.1422,24.2255,31.9501,12.1769,14.9695,25.9422,7.30518,16.7539,28.0241,6.10068,1.06751,29.8812,18.3745,20.0461,0.397615,22.8698,21.797,22.4532,5.007,1.49401,8.28551,20.1224,16.3054,12.3528,17.5005,15.2424,14.552,9.46141,31.6525,3.75279,16.2779,23.0798,
DUALS 99,2693.95,660672,653760,0,8.9581,6.21891,30.1019,13.2924,19.0907,13.6723,18.2822,32.017,12.6641,17.057,9.22184,15.5051,7.58518,10.836,8.32754,18.3526,2.82312,21.6767,14.9303,19.0135,28.6276,19.6193,27.3297,13.0842,10.2906,10.5679,19.8636,7.34955,7.41094,14.9953,7.79949,29.7856,18.2506,2.17856,18.7369,18.6215,14.5033,18.0526,1.05535,8.41683,17.3183,18.2379,8.23384,13.6234,14.6345,17.328,14.8852,17.1667,6.99621,12.979,14.4666,14.592,4.88258,28.2613,20.5865,3.36389,17.9557,21.9576,5.16483,30.9662,7.95912,8.73683,1.30448,1.83671,22.1606,18.9103,2.35558,3.01722,23.5798,17.0755,6.37172,31.6803,17.9895,3.79634,23.5424,10.1255,4.45396,8.16292,12.9579,7.84489,10.5696,24.7406,14.1427,14.8176,13.9232,12.3893,12.1579,29.8745,4.72418,7.0047,12.1104,12.4847,13.6229,20.7172,2.64401,5.95658,15.2372,19.712,5.1081,2.80807,8.96422,14.319,25.7433,26.2582,2.63304,13.8624,0.73467,1.49401,0,4.20382,8.18189,12.0115,15.7816,17.9407,30.6372,16.7845,4.75082,17.96,12.6934,14.8083,10.3661,5.4485,6.07011,18.218,15.7428,7.56422,17.4543,17.7794,16.0475,6.46573,7.96644,29.7594,16.798,25.6986,24.7145,7.44168,1.8611,2.98899,4.0581,23.3286,19.7891,5.15204,20.6033,11.1282,15.2953,10.2897,13.8779,24.9403,3.4793,18.1826,18.0926,11.9446,9.86725,9.95987,4.77561,13.259,19.222,3.61031,24.2456,19.8666,25.6898,2.15913,9.05874,20.7798,1.49401,11.0523,16.3403,6.55911,9.49075,24.2255,31.9501,12.1769,14.9695,25.9422,7.30518,16.7539,28.0241,6.10068,1.06751,29.8812,18.3745,20.0461,0.397615,22.8698,21.797,22.4532,5.007,1.49401,8.28551,20.1224,16.3054,14.0043,17.5005,15.2424,14.552,11.1129,31.6525,3.75279,16.2779,23.0798,
DUALS 99,2693.95,660672,653805,0,8.9581,6.21891,30.1019,13.2924,19.0907,13.6723,18.2822,32.017,12.6641,17.057,9.22184,15.5051,7.58518,11.7543,9.24581,18.3526,2.82312,21.6767,13.0938,19.0135,28.6276,19.6193,27.3297,13.0842,10.2906,11.4862,19.8636,5.51302,7.41094,13.1588,7.79949,29.7856,18.2506,2.17856,18.7369,18.6215,14.5033,18.0526,1.05535,9.3351,17.3183,18.2379,8.23384,14.5417,14.6345,17.328,14.8852,18.085,6.99621,12.979,14.4666,14.592,4.88258,28.2613,20.5865,3.36389,17.9557,21.9576,6.0831,30.9662,7.95912,8.73683,1.30448,1.83671,22.1606,18.9103,2.35558,3.93549,23.5798,17.0755,6.37172,31.6803,17.9895,1.95981,23.5424,11.0438,4.45396,8.16292,12.9579,7.84489,10.5696,24.7406,14.1427,14.8176,13.9232,12.3893,12.1579,29.8745,5.64244,7.0047,12.1104,12.4847,13.6229,20.7172,2.64401,4.12005,13.4007,19.712,5.1081,2.80807,8.96422,15.2372,25.7433,26.2582,3.55131,13.8624,0.73467,1.49401,0.918265,4.20382,8.18189,12.0115,15.7816,17.9407,30.6372,16.7845,4.75082,17.96,12.6934,14.8083,10.3661,5.4485,6.07011,18.218,15.7428,7.56422,17.4543,17.7794,16.0475,4.6292,7.96644,29.7594,17.7163,25.6986,24.7145,7.44168,1.8611,2.98899,4.0581,23.3286,19.7891,5.15204,20.6033,11.1282,15.2953,11.208,13.8779,24.9403,1.64277,18.1826,18.0926,12.8628,10.7855,9.95987,4.77561,13.259,19.222,3.61031,24.2456,19.8666,25.6898,1.24087,9.05874,20.7798,1.49401,11.0523,16.3403,6.55911,10.409,24.2255,31.9501,12.1769,14.9695,25.9422,7.30518,16.7539,28.0241,6.10068,1.06751,29.8812,18.3745,20.0461,0.397615,22.8698,21.797,22.4532,5.007,1.49401,8.28551,20.1224,16.3054,12.1677,17.5005,15.2424,14.552,9.27635,31.6525,4.67105,16.2779,23.0798,
DUALS 99,2693.95,660669,653843,0,8.9581,6.21891,30.1019,13.2924,19.0907,13.6723,18.2822,32.017,12.6641,17.057,9.22184,15.5051,7.58518,13.404,10.8955,18.3526,2.82312,21.6767,14.7435,19.0135,28.6276,19.6193,27.3297,13.0842,10.2906,13.1359,19.8636,7.16272,7.41094,14.8085,7.79949,29.7856,18.2506,2.17856,18.7369,18.6215,14.5033,18.0526,1.05535,10.9848,17.3183,18.2379,8.23384,14.5417,14.6345,17.328,14.8852,19.7347,6.99621,12.979,14.4666,14.592,4.88258,28.2613,20.5865,3.36389,17.9557,21.9576,7.7328,30.9662,7.95912,8.73683,1.30448,1.83671,22.1606,18.9103,2.35558,3.93549,23.5798,17.0755,6.37172,31.6803,17.9895,3.60951,23.5424,11.0438,4.45396,8.16292,12.9579,7.84489,10.5696,24.7406,14.1427,14.8176,13.9232,12.3893,12.1579,29.8745,7.29214,7.0047,12.1104,12.4847,13.6229,20.7172,2.64401,5.76975,15.0504,19.712,5.1081,2.80807,8.96422,15.2372,25.7433,26.2582,5.20101,13.8624,0.73467,1.49401,0.918265,4.20382,8.18189,12.0115,15.7816,17.9407,30.6372,16.7845,4.75082,17.96,12.6934,16.458,10.3661,5.4485,6.07011,18.218,15.7428,7.56422,17.4543,17.7794,16.0475,6.2789,7.96644,29.7594,19.366,25.6986,24.7145,7.44168,1.8611,2.98899,4.0581,23.3286,19.7891,5.15204,20.6033,11.1282,15.2953,11.208,13.8779,24.9403,3.29247,18.1826,18.0926,14.5125,12.4352,9.95987,4.77561,13.259,19.222,3.61031,24.2456,19.8666,25.6898,2.89057,9.05874,20.7798,1.49401,11.0523,16.3403,6.55911,12.0587,24.2255,31.9501,12.1769,14.9695,25.9422,7.30518,16.7539,28.0241,6.10068,1.06751,29.8812,18.3745,20.0461,0.397615,22.8698,21.797,22.4532,5.007,1.49401,8.28551,20.1224,16.3054,13.8174,17.5005,15.2424,14.552,10.9261,31.6525,4.67105,16.2779,23.0798,
DUALS 100,2693.95,660720,652986,0,8.9581,6.21891,30.1019,13.2924,19.0907,13.6723,18.2822,32.017,12.6641,17.057,9.22184,15.5051,7.58518,10.9906,10.4128,18.3526,2.82312,21.6767,13.2954,19.0135,28.6276,19.6193,27.3297,13.0842,10.2906,12.6532,19.8636,5.71468,7.41094,14.8085,7.79949,29.7856,18.2506,2.17856,18.7369,18.6215,14.5033,18.0526,1.05535,10.5021,17.3183,18.2379,8.23384,15.0244,14.6345,17.328,14.8852,19.252,6.99621,12.979,14.4666,14.592,4.88258,28.2613,20.5865,3.36389,17.9557,21.9576,7.25011,30.9662,7.95912,8.73683,1.30448,1.83671,22.1606,18.9103,2.35558,4.41817,23.5798,17.0755,6.37172,31.6803,17.9895,2.16147,23.5424,11.5265,4.45396,8.16292,12.9579,7.84489,10.5696,24.7406,14.1427,14.8176,13.9232,12.3893,12.1579,29.8745,6.80946,7.0047,12.1104,12.4847,13.6229,20.7172,2.64401,4.32171,13.6024,19.712,5.1081,2.80807,8.96422,15.7199,25.7433,26.2582,4.71832,13.8624,0.73467,1.49401,0.918265,4.20382,8.18189,12.0115,15.7816,17.9407,30.6372,16.7845,4.75082,17.96,12.6934,15.0099,10.3661,5.4485,6.07011,18.218,15.7428,7.56422,17.4543,17.7794,16.0475,4.83085,7.96644,29.7594,18.8833,25.6986,24.7145,7.44168,1.8611,2.98899,4.0581,23.3286,19.7891,5.15204,20.6033,11.1282,15.2953,11.6907,13.8779,24.9403,2.32711,18.1826,18.0926,14.0298,11.9525,9.95987,4.77561,13.259,19.222,3.61031,24.2456,19.8666,25.6898,2.40789,9.05874,20.7798,1.49401,11.0523,16.3403,6.55911,11.0934,24.2255,31.9501,12.1769,14.9695,25.9422,7.30518,16.7539,28.0241,6.10068,1.06751,29.8812,18.3745,20.0461,0.397615,22.8698,21.797,22.4532,5.007,1.49401,8.28551,20.1224,16.3054,12.3694,17.5005,15.2424,14.552,9.96069,31.6525,4.67105,16.2779,23.0798,
DUALS 100,2693.95,660720,655126,0,8.9581,6.21891,30.1019,13.2924,19.0907,13.6723,18.2822,32.017,12.6641,17.057,9.22184,15.5051,7.58518,11.9931,9.41035,18.3526,2.82312,21.6767,14.2979,19.0135,28.6276,19.6193,27.3297,13.0842,10.2906,11.6507,19.8636,6.71715,7.41094,14.8085,7.79949,29.7856,18.2506,2.17856,18.7369,18.6215,14.5033,18.0526,1.05535,9.49964,17.3183,18.2379,8.23384,13.0194,14.6345,17.328,14.8852,18.2495,6.99621,12.979,14.4666,14.592,4.88258,28.2613,20.5865,3.36389,17.9557,21.9576,6.24764,30.9662,7.95912,8.73683,1.30448,1.83671,22.1606,18.9103,2.35558,2.41323,23.5798,17.0755,6.37172,31.6803,17.9895,3.16394,23.5424,9.52151,4.45396,8.16292,12.9579,7.84489,10.5696,24.7406,14.1427,14.8176,13.9232,12.3893,12.1579,29.8745,5.80699,7.0047,12.1104,12.4847,13.6229,20.7172,2.64401,5.32418,14.6048,19.712,5.1081,2.80807,8.96422,13.715,25.7433,26.2582,3.71585,13.8624,0.73467,1.49401,0.918265,4.20382,8.18189,12.0115,15.7816,17.9407,30.6372,16.7845,4.75082,17.96,12.6934,15.0099,10.3661,5.4485,6.07011,18.218,15.7428,7.56422,17.4543,17.7794,16.0475,5.83333,6.96397,29.7594,17.8808,25.6986,24.7145,7.44168,1.8611,2.98899,4.0581,23.3286,19.7891,5.15204,20.6033,11.1282,15.2953,9.68573,13.8779,24.9403,3.32958,18.1826,18.0926,13.0274,10.9501,9.95987,4.77561,13.259,19.222,3.61031,24.2456,19.8666,25.6898,1.40541,9.05874,20.7798,1.49401,11.0523,16.3403,6.55911,10.0909,24.2255,31.9501,12.1769,14.9695,25.9422,7.30518,16.7539,28.0241,6.10068,1.06751,29.8812,18.3745,20.0461,0.397615,22.8698,21.797,22.4532,5.007,1.49401,8.28551,20.1224,16.3054,13.3719,17.5005,15.2424,14.552,10.9632,31.6525,4.67105,16.2779,23.0798,
DUALS 100,2693.95,660720,655146,0,8.9581,6.21891,30.1019,13.2924,19.0907,13.6723,18.2822,32.017,12.6641,17.057,9.22184,15.5051,7.58518,9.96976,10.422,18.3526,2.82312,21.6767,13.2862,19.0135,28.6276,19.6193,27.3297,13.0842,10.2906,11.6507,19.8636,4.69384,7.41094,13.7968,7.79949,29.7856,18.2506,2.17856,18.7369,18.6215,14.5033,18.0526,1.05535,9.49964,17.3183,18.2379,8.23384,14.0311,14.6345,17.328,14.8852,18.2495,6.99621,12.979,14.4666,14.592,4.88258,28.2613,20.5865,3.36389,17.9557,21.9576,7.2593,30.9662,7.95912,8.73683,1.30448,1.83671,22.1606,18.9103,2.35558,3.42488,23.5798,17.0755,6.37172,31.6803,17.9895,1.14063,23.5424,10.5332,4.45396,8.16292,12.9579,7.84489,10.5696,24.7406,14.1427,14.8176,13.9232,12.3893,12.1579,29.8745,6.81865,7.0047,12.1104,12.4847,13.6229,20.7172,2.64401,3.30087,13.5932,19.712,5.1081,2.80807,8.96422,14.7266,25.7433,26.2582,4.72751,13.8624,0.73467,1.49401,0.918265,4.20382,8.18189,12.0115,15.7816,17.9407,30.6372,16.7845,4.75082,17.96,12.6934,15.0099,10.3661,5.4485,6.07011,18.218,15.7428,7.56422,17.4543,17.7794,16.0475,3.81001,7.97563,29.7594,17.8808,25.6986,24.7145,7.44168,1.8611,2.98899,4.0581,23.3286,19.7891,5.15204,20.6033,11.1282,15.2953,10.6974,13.8779,24.9403,1.30626,18.1826,18.0926,13.0274,10.9501,9.95987,4.77561,13.259,19.222,3.61031,24.2456,19.8666,25.6898,2.41707,9.05874,20.7798,1.49401,11.0523,16.3403,6.55911,11.1025,24.2255,31.9501,12.1769,14.9695,25.9422,7.30518,16.7539,28.0241,6.10068,1.06751,29.8812,18.3745,20.0461,0.397615,22.8698,21.797,22.4532,5.007,1.49401,8.28551,20.1224,16.3054,12.3602,17.5005,15.2424,14.552,9.9515,31.6525,4.67105,16.2779,23.0798,
DUALS 100,2693.95,660720,655171,0,8.9581,6.21891,30.1019,13.2924,19.0907,13.6723,18.2822,32.017,12.6641,17.057,9.22184,15.5051,7.58518,11.62,8.77173,18.3526,2.82312,21.6767,14.9365,19.0135,28.6276,19.6193,27.3297,13.0842,10.2906,10.0004,19.8636,6.34412,7.41094,15.4471,7.79949,29.7856,18.2506,2.17856,18.7369,18.6215,14.5033,18.0526,1.05535,7.84936,17.3183,18.2379,8.23384,14.0311,14.6345,17.328,14.8852,16.5993,6.99621,12.979,14.4666,14.592,4.88258,28.2613,20.5865,3.36389,17.9557,21.9576,5.60902,30.9662,7.95912,8.73683,1.30448,1.83671,22.1606,18.9103,2.35558,3.42488,23.5798,17.0755,6.37172,31.6803,17.9895,2.79091,23.5424,10.5332,4.45396,8.16292,12.9579,7.84489,10.5696,24.7406,14.1427,14.8176,13.9232,12.3893,12.1579,29.8745,5.16836,7.0047,12.1104,12.4847,13.6229,20.7172,2.64401,4.95115,15.2435,19.712,5.1081,2.80807,8.96422,14.7266,25.7433,26.2582,3.07723,13.8624,0.73467,1.49401,0.918265,4.20382,8.18189,12.0115,15.7816,17.9407,30.6372,16.7845,4.75082,17.96,12.6934,16.6602,10.3661,5.4485,6.07011,18.218,15.7428,7.56422,17.4543,17.7794,16.0475,5.46029,7.97563,29.7594,16.2305,25.6986,24.7145,7.44168,1.8611,2.98899,4.0581,23.3286,19.7891,5.15204,20.6033,11.1282,15.2953,10.6974,13.8779,24.9403,2.95655,18.1826,18.0926,11.3771,9.29977,9.95987,4.77561,13.259,19.222,3.61031,24.2456,19.8666,25.6898,0.766789,9.05874,20.7798,1.49401,11.0523,16.3403,6.55911,9.45226,24.2255,31.9501,12.1769,14.9695,25.9422,7.30518,16.7539,28.0241,6.10068,1.06751,29.8812,18.3745,20.0461,0.397615,22.8698,21.797,22.4532,5.007,1.49401,8.28551,20.1224,16.3054,14.0105,17.5005,15.2424,14.552,11.6018,31.6525,4.67105,16.2779,23.0798,
DUALS 101,2693.95,660720,655171,0,8.9581,6.21891,30.1019,13.2924,19.0907,13.6723,18.2822,32.017,12.6641,17.057,9.22184,15.5051,7.58518,9.52896,10.8628,18.3526,2.82312,21.6767,12.8454,19.0135,28.6276,19.6193,27.3297,13.0842,10.2906,12.0915,19.8636,4.25303,7.41094,15.4471,7.79949,29.7856,18.2506,2.17856,18.7369,18.6215,14.5033,18.0526,1.05535,9.94045,17.3183,18.2379,8.23384,14.0311,14.6345,17.328,14.8852,18.6903,6.99621,12.979,14.4666,14.592,4.88258,28.2613,20.5865,3.36389,17.9557,21.9576,7.70011,30.9662,7.95912,8.73683,1.30448,1.83671,22.1606,18.9103,2.35558,3.42488,23.5798,17.0755,6.37172,31.6803,17.9895,0.699819,23.5424,10.5332,4.45396,8.16292,12.9579,7.84489,10.5696,24.7406,14.1427,14.8176,13.9232,12.3893,12.1579,29.8745,7.25945,7.0047,12.1104,12.4847,13.6229,20.7172,2.64401,2.86006,13.1524,19.712,5.1081,2.80807,8.96422,14.7266,25.7433,26.2582,5.16832,13.8624,0.73467,1.49401,0.918265,4.20382,8.18189,12.0115,15.7816,17.9407,30.6372,16.7845,4.75082,17.96,12.6934,14.5691,10.3661,5.4485,6.07011,18.218,15.7428,7.56422,17.4543,17.7794,16.0475,3.3692,5.88454,29.7594,18.3216,25.6986,24.7145,7.44168,1.8611,2.98899,4.0581,23.3286,19.7891,5.15204,20.6033,11.1282,15.2953,10.6974,13.8779,24.9403,0.865456,18.1826,18.0926,13.4682,11.3909,9.95987,4.77561,13.259,19.222,3.61031,24.2456,19.8666,25.6898,2.85788,9.05874,20.7798,1.49401,11.0523,16.3403,6.55911,11.5433,24.2255,31.9501,12.1769,14.9695,25.9422,7.30518,16.7539,28.0241,6.10068,1.06751,29.8812,18.3745,20.0461,0.397615,22.8698,21.797,22.4532,5.007,1.49401,8.28551,20.1224,16.3054,11.9194,17.5005,15.2424,14.552,9.5107,31.6525,4.67105,16.2779,23.0798,
DUALS 101,2693.95,660720,655172,0,8.9581,6.21891,30.1019,13.2924,19.0907,13.6723,18.2822,32.017,12.6641,17.057,9.22184,15.5051,7.58518,11.5259,8.86584,18.3526,2.82312,21.6767,14.8424,19.0135,28.6276,19.6193,27.3297,13.0842,10.2906,10.0945,19.8636,6.25001,7.41094,17.4441,7.79949,29.7856,18.2506,2.17856,18.7369,18.6215,14.5033,18.0526,1.05535,7.94347,17.3183,18.2379,8.23384,14.0311,14.6345,17.328,14.8852,16.6934,6.99621,12.979,14.4666,14.592,4.88258,28.2613,20.5865,3.36389,17.9557,21.9576,5.70313,30.9662,7.95912,8.73683,1.30448,1.83671,22.1606,18.9103,2.35558,3.42488,23.5798,17.0755,6.37172,31.6803,17.9895,2.6968,23.5424,10.5332,4.45396,8.16292,12.9579,7.84489,10.5696,24.7406,14.1427,14.8176,13.9232,12.3893,12.1579,29.8745,5.26247,7.0047,12.1104,12.4847,13.6229,20.7172,2.64401,4.85704,15.1493,19.712,5.1081,2.80807,8.96422,14.7266,25.7433,26.2582,3.17134,13.8624,0.73467,1.49401,0.918265,4.20382,8.18189,12.0115,15.7816,17.9407,30.6372,16.7845,4.75082,17.96,12.6934,16.5661,10.3661,5.4485,6.07011,18.218,15.7428,7.56422,17.4543,17.7794,16.0475,5.36618,5.88454,29.7594,16.3246,25.6986,24.7145,7.44168,1.8611,2.98899,4.0581,23.3286,19.7891,5.15204,20.6033,11.1282,15.2953,10.6974,13.8779,24.9403,2.86244,18.1826,18.0926,11.4712,9.39388,9.95987,4.77561,13.259,19.222,3.61031,24.2456,19.8666,25.6898,0.860898,9.05874,20.7798,1.49401,11.0523,16.3403,6.55911,9.54637,24.2255,31.9501,12.1769,14.9695,25.9422,7.30518,16.7539,28.0241,6.10068,1.06751,29.8812,18.3745,20.0461,0.397615,22.8698,21.797,22.4532,5.007,1.49401,8.28551,20.1224,16.3054,13.9164,17.5005,15.2424,14.552,11.5077,31.6525,4.67105,16.2779,23.0798,
DUALS 101,2693.95,660720,655172,0,8.9581,6.21891,30.1019,13.2924,19.0907,13.6723,18.2822,32.017,12.6641,17.057,9.22184,15.5051,7.58518,9.83767,10.5541,18.3526,2.82312,21.6767,13.1542,19.0135,28.6276,19.6193,27.3297,13.0842,10.2906,11.7828,19.8636,4.56175,7.41094,15.7558,7.79949,29.7856,18.2506,2.17856,18.7369,18.6215,14.5033,18.0526,1.05535,9.63173,17.3183,18.2379,8.23384,15.7193,14.6345,17.328,14.8852,18.3816,6.99621,12.979,14.4666,14.592,4.88258,28.2613,20.5865,3.36389,17.9557,21.9576,7.39139,30.9662,7.95912,8.73683,1.30448,1.83671,22.1606,18.9103,2.35558,5.11314,23.5798,17.0755,6.37172,31.6803,17.9895,1.00854,23.5424,12.2214,4.45396,8.16292,12.9579,7.84489,10.5696,24.7406,14.1427,14.8176,13.9232,12.3893,12.1579,29.8745,6.95073,7.0047,12.1104,12.4847,13.6229,20.7172,2.64401,3.16878,13.4611,19.712,5.1081,2.80807,8.96422,16.4149,25.7433,26.2582,4.8596,13.8624,0.73467,1.49401,0.918265,4.20382,8.18189,12.0115,15.7816,17.9407,30.6372,16.7845,4.75082,17.96,12.6934,16.5661,10.3661,5.4485,6.07011,18.218,15.7428,7.56422,17.4543,17.7794,16.0475,3.67792,7.5728,29.7594,18.0129,25.6986,24.7145,7.44168,1.8611,2.98899,4.0581,23.3286,19.7891,5.15204,20.6033,11.1282,15.2953,12.3857,13.8779,24.9403,1.17417,18.1826,18.0926,13.1595,11.0821,9.95987,4.77561,13.259,19.222,3.61031,24.2456,19.8666,25.6898,2.54916,9.05874,20.7798,1.49401,11.0523,16.3403,6.55911,11.2346,24.2255,31.9501,12.1769,14.9695,25.9422,7.30518,16.7539,28.0241,6.10068,1.06751,29.8812,18.3745,20.0461,0.397615,22.8698,21.797,22.4532,5.007,1.49401,8.28551,20.1224,16.3054,12.2281,17.5005,15.2424,14.552,9.81942,31.6525,4.67105,16.2779,23.0798,
DUALS 101,2693.95,660720,655173,0,8.9581,6.21891,30.1019,13.2924,19.0907,13.6723,18.2822,32.017,12.6641,17.057,9.22184,15.5051,7.58518,11.0532,9.33857,18.3526,2.82312,21.6767,14.3697,19.0135,28.6276,19.6193,27.3297,13.0842,10.2906,10.5673,19.8636,5.77728,7.41094,15.7558,7.79949,29.7856,18.2506,2.17856,18.7369,18.6215,14.5033,18.0526,1.05535,8.4162,17.3183,18.2379,8.23384,13.2883,14.6345,17.328,14.8852,17.1661,6.99621,12.979,14.4666,14.592,4.88258,28.2613,20.5865,3.36389,17.9557,21.9576,6.17586,30.9662,7.95912,8.73683,1.30448,1.83671,22.1606,18.9103,2.35558,2.68208,23.5798,17.0755,6.37172,31.6803,17.9895,2.22407,23.5424,9.79037,4.45396,8.16292,12.9579,7.84489,10.5696,24.7406,14.1427,14.8176,13.9232,12.3893,12.1579,29.8745,5.7352,7.0047,12.1104,12.4847,13.6229,20.7172,2.64401,4.38431,14.6766,19.712,5.1081,2.80807,8.96422,13.9838,25.7433,26.2582,3.64407,13.8624,0.73467,1.49401,0.918265,4.20382,8.18189,12.0115,15.7816,17.9407,30.6372,16.7845,4.75082,17.96,12.6934,16.5661,10.3661,5.4485,6.07011,18.218,15.7428,7.56422,17.4543,17.7794,16.0475,4.89345,6.35727,29.7594,16.7974,25.6986,24.7145,7.44168,1.8611,2.98899,4.0581,23.3286,19.7891,5.15204,20.6033,11.1282,15.2953,9.95459,13.8779,24.9403,2.3897,18.1826,18.0926,11.9439,9.86661,9.95987,4.77561,13.259,19.222,3.61031,24.2456,19.8666,25.6898,1.33363,9.05874,20.7798,1.49401,11.0523,16.3403,6.55911,10.0191,24.2255,31.9501,12.1769,14.9695,25.9422,7.30518,16.7539,28.0241,6.10068,1.06751,29.8812,18.3745,20.0461,0.397615,22.8698,21.797,22.4532,5.007,1.49401,8.28551,20.1224,16.3054,13.4436,17.5005,15.2424,14.552,11.0349,31.6525,4.67105,16.2779,23.0798,
DUALS 101,2693.95,660718,655175,0,8.9581,6.21891,30.1019,13.2924,19.0907,13.6723,18.2822,32.017,12.6641,17.057,9.22184,15.5051,7.58518,13.1559,11.4413,18.3526,2.82312,21.6767,14.3697,19.0135,28.6276,19.6193,27.3297,13.0842,10.2906,12.67,19.8636,5.77728,7.41094,15.7558,7.79949,29.7856,18.2506,2.17856,18.7369,18.6215,14.5033,18.0526,1.05535,10.5189,17.3183,18.2379,8.23384,15.391,14.6345,17.328,14.8852,19.2688,6.99621,12.979,14.4666,14.592,4.88258,28.2613,20.5865,3.36389,17.9557,21.9576,8.27859,30.9662,7.95912,10.8396,1.30448,1.83671,22.1606,18.9103,2.35558,4.78482,23.5798,17.0755,6.37172,31.6803,17.9895,2.22407,23.5424,11.8931,4.45396,8.16292,12.9579,7.84489,10.5696,24.7406,14.1427,14.8176,13.9232,12.3893,12.1579,29.8745,7.83794,7.0047,12.1104,12.4847,13.6229,20.7172,2.64401,4.38431,14.6766,19.712,5.1081,2.80807,8.96422,16.0866,25.7433,26.2582,5.7468,13.8624,0.73467,1.49401,0.918265,4.20382,8.18189,12.0115,15.7816,17.9407,30.6372,16.7845,4.75082,17.96,12.6934,16.5661,10.3661,5.4485,6.07011,18.218,15.7428,7.56422,17.4543,17.7794,16.0475,4.89345,8.46001,29.7594,18.9001,25.6986,24.7145,7.44168,1.8611,2.98899,4.0581,23.3286,19.7891,5.15204,20.6033,11.1282,15.2953,12.0573,13.8779,24.9403,2.3897,18.1826,18.0926,14.0467,11.9693,9.95987,4.77561,13.259,19.222,3.61031,24.2456,19.8666,25.6898,3.43636,9.05874,20.7798,1.49401,11.0523,16.3403,6.55911,12.1218,24.2255,31.9501,12.1769,14.9695,25.9422,7.30518,16.7539,28.0241,6.10068,1.06751,29.8812,18.3745,20.0461,0.397615,22.8698,21.797,22.4532,5.007,1.49401,8.28551,20.1224,16.3054,13.4436,17.5005,15.2424,14.552,11.0349,31.6525,4.67105,16.2779,23.0798,
DUALS 102,2693.95,660718,655180,0,8.9581,6.21891,30.1019,13.2924,19.0907,13.6723,18.2822,32.017,12.6641,17.057,9.22184,15.5051,7.58518,12.2122,8.61021,18.3526,2.82312,21.6767,13.426,19.0135,28.6276,19.6193,27.3297,13.0842,10.2906,11.7263,19.8636,6.72098,7.41094,15.7558,7.79949,29.7856,18.2506,2.17856,18.7369,18.6215,14.5033,18.0526,1.05535,9.57524,17.3183,18.2379,8.23384,14.4473,14.6345,17.328,14.8852,18.3251,6.99621,12.979,14.4666,14.592,4.88258,28.2613,20.5865,3.36389,17.9557,21.9576,5.4475,30.9662,7.95912,9.89586,1.30448,1.83671,22.1606,18.9103,2.35558,4.78482,23.5798,17.0755,6.37172,31.6803,17.9895,3.16777,23.5424,10.9494,4.45396,8.16292,12.9579,7.84489,10.5696,24.7406,14.1427,14.8176,13.9232,12.3893,12.1579,29.8745,5.00684,7.0047,12.1104,12.4847,13.6229,20.7172,2.64401,5.32801,13.7329,19.712,5.1081,2.80807,8.96422,15.1429,25.7433,26.2582,2.91571,13.8624,0.73467,1.49401,0.918265,4.20382,8.18189,12.0115,15.7816,17.9407,30.6372,16.7845,4.75082,17.96,12.6934,15.6224,10.3661,5.4485,6.07011,18.218,15.7428,7.56422,17.4543,17.7794,16.0475,5.83715,7.51631,29.7594,17.9564,25.6986,24.7145,7.44168,1.8611,2.98899,4.0581,23.3286,19.7891,5.15204,20.6033,11.1282,15.2953,11.1136,13.8779,24.9403,3.3334,18.1826,18.0926,13.103,11.0257,9.95987,4.77561,13.259,19.222,3.61031,24.2456,19.8666,25.6898,2.49267,9.05874,20.7798,1.49401,11.0523,16.3403,6.55911,10.2344,24.2255,31.9501,12.1769,14.9695,25.9422,7.30518,16.7539,28.0241,6.10068,1.06751,29.8812,18.3745,20.0461,0.397615,22.8698,21.797,22.4532,5.007,1.49401,8.28551,20.1224,16.3054,12.4999,17.5005,15.2424,14.552,10.0912,31.6525,4.67105,16.2779,23.0798,
DUALS 102,2693.95,660717,655185,0,8.9581,6.21891,30.1019,13.2924,19.0907,13.6723,18.2822,32.017,12.6641,17.057,9.22184,15.5051,7.58518,8.86065,11.9618,18.3526,2.82312,21.6767,13.426,19.0135,28.6276,19.6193,27.3297,13.0842,10.2906,11.7263,19.8636,3.36938,7.41094,15.7558,7.79949,29.7856,18.2506,2.17856,18.7369,18.6215,14.5033,18.0526,1.05535,9.57524,17.3183,18.2379,8.23384,14.4473,14.6345,17.328,14.8852,18.3251,6.99621,12.979,14.4666,14.592,4.88258,28.2613,20.5865,3.36389,17.9557,21.9576,8.79909,30.9662,7.95912,9.89586,1.30448,1.83671,22.1606,18.9103,2.35558,4.78482,23.5798,17.0755,6.37172,31.6803,17.9895,0,23.5424,10.9494,4.45396,8.16292,12.9579,7.84489,10.5696,24.7406,14.1427,14.8176,13.9232,12.3893,12.1579,29.8745,8.35844,7.0047,12.1104,12.4847,13.6229,20.7172,2.64401,1.97641,13.7329,19.712,5.1081,2.80807,8.96422,15.1429,25.7433,26.2582,6.2673,13.8624,0.73467,1.49401,0.918265,4.20382,8.18189,12.0115,15.7816,17.9407,30.6372,16.7845,4.75082,17.96,12.6934,15.6224,10.3661,5.4485,6.07011,18.218,15.7428,7.56422,17.4543,17.7794,16.0475,2.48555,7.51631,29.7594,17.9564,25.6986,24.7145,7.44168,1.8611,2.98899,4.0581,23.3286,19.7891,5.15204,20.6033,11.1282,15.2953,11.1136,13.8779,24.9403,0,18.1826,18.0926,13.103,11.0257,9.95987,4.77561,13.259,19.222,3.61031,24.2456,19.8666,25.6898,0,9.05874,20.7798,1.49401,11.0523,16.3403,6.55911,13.586,24.2255,31.9501,12.1769,14.9695,25.9422,7.30518,16.7539,28.0241,6.10068,1.06751,29.8812,18.3745,20.0461,0.397615,22.8698,21.797,22.4532,5.007,1.49401,8.28551,20.1224,16.3054,12.4999,17.5005,15.2424,14.552,10.0912,31.6525,4.67105,16.2779,23.0798,
DUALS 102,2693.95,660849,653110,0,8.9581,6.21891,30.1019,13.2924,19.0907,13.6723,18.2822,32.017,12.6641,17.057,9.22184,15.5051,7.58518,8.86065,9.46085,18.3526,2.82312,21.6767,12.5923,19.0135,28.6276,19.6193,27.3297,13.0842,10.2906,10.8927,19.8636,4.20303,7.41094,15.7558,7.79949,29.7856,18.2506,2.17856,18.7369,18.6215,14.5033,18.0526,1.05535,9.57524,17.3183,18.2379,8.23384,14.4473,14.6345,17.328,14.8852,17.4915,6.99621,12.979,14.4666,14.592,4.88258,28.2613,20.5865,3.36389,17.9557,21.9576,6.29814,30.9662,7.95912,9.89586,1.30448,1.83671,22.1606,18.9103,2.35558,4.78482,23.5798,17.0755,6.37172,31.6803,17.9895,0.83365,23.5424,10.9494,4.45396,8.16292,12.9579,7.84489,10.5696,24.7406,14.1427,14.8176,13.9232,12.3893,12.1579,29.8745,5.85749,7.0047,12.1104,12.4847,13.6229,20.7172,2.64401,2.81006,13.7329,19.712,5.1081,2.80807,8.96422,15.1429,25.7433,26.2582,3.76635,13.8624,0.73467,1.49401,0.918265,4.20382,8.18189,12.0115,15.7816,17.9407,30.6372,16.7845,4.75082,17.96,12.6934,14.7887,10.3661,5.4485,6.07011,18.218,15.7428,7.56422,17.4543,17.7794,16.0475,3.3192,7.51631,29.7594,17.1228,25.6986,24.7145,7.44168,1.8611,2.98899,4.0581,23.3286,19.7891,5.15204,20.6033,11.1282,15.2953,11.1136,13.8779,24.9403,0.83365,18.1826,18.0926,12.2693,9.35835,9.95987,4.77561,13.259,19.222,3.61031,24.2456,19.8666,25.6898,0.83365,9.05874,20.7798,1.49401,11.0523,16.3403,6.55911,9.41778,24.2255,31.9501,12.1769,14.9695,25.9422,7.30518,16.7539,28.0241,6.10068,1.06751,29.8812,18.3745,20.0461,0.397615,22.8698,21.797,22.4532,5.007,1.49401,8.28551,20.1224,16.3054,11.6663,17.5005,15.2424,14.552,9.2576,31.6525,3.8374,16.2779,23.0798,
DUALS 103,2693.95,660848,653173,0,8.9581,6.21891,30.1019,13.2924,19.0907,13.6723,18.2822,32.017,12.6641,17.057,9.22184,15.5051,7.58518,10.7259,11.3261,18.3526,2.82312,21.6767,14.4576,19.0135,28.6276,19.6193,27.3297,13.0842,10.2906,12.7579,19.8636,6.06828,7.41094,15.7558,7.79949,29.7856,18.2506,2.17856,18.7369,18.6215,14.5033,18.0526,1.05535,11.4405,17.3183,18.2379,8.23384,12.5821,14.6345,17.328,14.8852,19.3567,6.99621,12.979,14.4666,14.592,4.88258,28.2613,20.5865,3.36389,17.9557,21.9576,8.16339,30.9662,7.95912,9.89586,1.30448,1.83671,22.1606,18.9103,2.35558,2.91957,23.5798,17.0755,6.37172,31.6803,17.9895,2.6989,23.5424,9.08416,4.45396,8.16292,12.9579,7.84489,10.5696,24.7406,14.1427,14.8176,13.9232,12.3893,12.1579,29.8745,7.72274,7.0047,12.1104,12.4847,13.6229,20.7172,2.64401,4.67531,15.5982,19.712,5.1081,2.80807,8.96422,13.2776,25.7433,26.2582,5.6316,13.8624,0.73467,1.49401,0.918265,4.20382,8.18189,12.0115,15.7816,17.9407,30.6372,16.7845,4.75082,17.96,12.6934,14.7887,10.3661,5.4485,6.07011,18.218,15.7428,7.56422,17.4543,17.7794,16.0475,5.18445,7.51631,29.7594,18.988,25.6986,24.7145,7.44168,1.8611,2.98899,4.0581,23.3286,19.7891,5.15204,20.6033,11.1282,15.2953,9.24838,13.8779,24.9403,2.6989,18.1826,18.0926,14.1346,11.2236,9.95987,4.77561,13.259,19.222,3.61031,24.2456,19.8666,25.6898,2.6989,9.05874,20.7798,1.49401,11.0523,16.3403,6.55911,11.283,24.2255,31.9501,12.1769,14.9695,25.9422,7.30518,16.7539,28.0241,6.10068,1.06751,29.8812,18.3745,20.0461,0.397615,22.8698,21.797,22.4532,5.007,1.49401,8.28551,20.1224,16.3054,13.5315,17.5005,15.2424,14.552,11.1228,31.6525,5.70265,16.2779,23.0798,
DUALS 103,2693.95,660846,654273,0,8.9581,6.21891,30.1019,13.2924,19.0907,13.6723,18.2822,32.017,12.6641,17.057,9.22184,15.5051,7.58518,9.76657,9.40744,18.3526,2.82312,21.6767,13.4983,19.0135,28.6276,19.6193,27.3297,13.0842,10.2906,12.2782,19.8636,6.54795,7.41094,15.2762,7.79949,29.7856,18.2506,2.17856,18.7369,18.6215,14.5033,18.0526,1.05535,10.9608,17.3183,18.2379,8.23384,13.0617,14.6345,17.328,14.8852,18.8771,6.99621,12.979,14.4666,14.592,4.88258,28.2613,20.5865,3.36389,17.9557,21.9576,6.24473,30.9662,7.95912,9.89586,1.30448,1.83671,22.1606,18.9103,2.35558,3.39923,23.5798,17.0755,6.37172,31.6803,17.9895,3.17856,23.5424,9.56382,4.45396,8.16292,12.9579,7.84489,10.5696,24.7406,14.1427,14.8176,13.9232,12.3893,12.1579,29.8745,5.80408,7.0047,12.1104,12.4847,13.6229,20.7172,2.64401,5.15497,14.6388,19.712,5.1081,2.80807,8.96422,13.7573,25.7433,26.2582,3.71294,13.8624,0.73467,1.49401,0.918265,4.20382,8.18189,12.0115,15.7816,17.9407,30.6372,16.7845,4.75082,17.96,12.6934,14.3091,10.3661,5.4485,6.07011,18.218,15.7428,7.56422,17.4543,17.7794,16.0475,5.66412,7.99597,29.7594,18.5084,25.6986,24.7145,7.44168,1.8611,2.98899,4.0581,23.3286,19.7891,5.15204,20.6033,11.1282,15.2953,9.72804,13.8779,24.9403,3.17856,18.1826,18.0926,13.6549,10.7439,9.95987,4.77561,13.259,19.222,3.61031,24.2456,19.8666,25.6898,2.21923,9.05874,20.7798,1.49401,11.0523,16.3403,6.55911,10.3237,24.2255,31.9501,12.1769,14.9695,25.9422,7.30518,16.7539,28.0241,6.10068,1.06751,29.8812,18.3745,20.0461,0.397615,22.8698,21.797,22.4532,5.007,1.49401,8.28551,20.1224,16.3054,12.5722,17.5005,15.2424,14.552,10.1635,31.6525,5.70265,16.2779,23.0798,
DUALS 103,2693.95,660846,654620,0,8.9581,6.21891,30.1019,13.2924,19.0907,13.6723,18.2822,32.017,12.6641,17.057,9.22184,15.5051,7.58518,9.76657,9.40744,18.3526,2.82312,21.6767,13.4983,19.0135,28.6276,19.6193,27.3297,13.0842,10.2906,9.42274,19.8636,3.69244,7.41094,15.2762,7.79949,29.7856,18.2506,2.17856,18.7369,18.6215,14.5033,18.0526,1.05535,8.10532,17.3183,18.2379,8.23384,13.0617,14.6345,17.328,14.8852,16.0216,6.99621,12.979,14.4666,14.592,4.88258,28.2613,20.5865,3.36389,17.9557,21.9576,6.24473,30.9662,7.95912,9.89586,1.30448,1.83671,22.1606,18.9103,2.35558,3.39923,23.5798,17.0755,6.37172,31.6803,17.9895,0.323063,23.5424,9.56382,4.45396,8.16292,12.9579,7.84489,10.5696,24.7406,14.1427,14.8176,13.9232,12.3893,12.1579,29.8745,5.80408,7.0047,12.1104,12.4847,13.6229,20.7172,2.64401,2.29947,14.6388,19.712,5.1081,2.80807,8.96422,13.7573,25.7433,26.2582,3.71294,13.8624,0.73467,1.49401,0.918265,4.20382,8.18189,12.0115,15.7816,17.9407,30.6372,16.7845,4.75082,17.96,12.6934,14.3091,10.3661,5.4485,6.07011,18.218,15.7428,7.56422,17.4543,17.7794,16.0475,2.80862,7.99597,29.7594,15.6528,25.6986,24.7145,7.44168,1.8611,2.98899,4.0581,23.3286,19.7891,5.15204,20.6033,11.1282,15.2953,9.72804,13.8779,24.9403,0.323063,18.1826,18.0926,10.7994,10.7439,9.95987,4.77561,13.259,19.222,3.61031,24.2456,19.8666,25.6898,0,9.05874,20.7798,1.49401,11.0523,16.3403,6.55911,7.4682,24.2255,31.9501,12.1769,14.9695,25.9422,7.30518,16.7539,28.0241,6.10068,1.06751,29.8812,18.3745,20.0461,0.397615,22.8698,21.797,22.4532,5.007,1.49401,8.28551,20.1224,16.3054,12.5722,17.5005,15.2424,14.552,10.1635,31.6525,5.70265,16.2779,23.0798,
DUALS 103,2693.95,660844,654620,0,8.9581,6.21891,30.1019,13.2924,19.0907,13.6723,18.2822,32.017,12.6641,17.057,9.22184,15.5051,7.58518,12.1493,11.7902,18.3526,2.82312,21.6767,15.881,19.0135,28.6276,19.6193,27.3297,13.0842,10.2906,11.8055,19.8636,6.07517,7.41094,17.6589,7.79949,29.7856,18.2506,2.17856,18.7369,18.6215,14.5033,18.0526,1.05535,10.488,17.3183,18.2379,8.23384,13.0617,14.6345,17.328,14.8852,18.4043,6.99621,12.979,14.4666,14.592,4.88258,28.2613,20.5865,3.36389,17.9557,21.9576,8.62746,30.9662,7.95912,9.89586,1.30448,1.83671,22.1606,18.9103,2.35558,3.39923,23.5798,17.0755,6.37172,31.6803,17.9895,2.70579,23.5424,9.56382,4.45396,8.16292,12.9579,7.84489,10.5696,24.7406,14.1427,14.8176,13.9232,12.3893,12.1579,29.8745,8.18681,7.0047,12.1104,12.4847,13.6229,20.7172,2.64401,4.6822,17.0216,19.712,5.1081,2.80807,8.96422,13.7573,25.7433,26.2582,6.09567,13.8624,0.73467,1.49401,0.918265,4.20382,8.18189,12.0115,15.7816,17.9407,30.6372,16.7845,4.75082,17.96,12.6934,16.6918,10.3661,5.4485,6.07011,18.218,15.7428,7.56422,17.4543,17.7794,16.0475,5.19135,7.99597,29.7594,18.0356,25.6986,24.7145,7.44168,1.8611,2.98899,4.0581,23.3286,19.7891,5.15204,20.6033,11.1282,15.2953,9.72804,13.8779,24.9403,2.70579,18.1826,18.0926,13.1821,13.1267,9.95987,4.77561,13.259,19.222,3.61031,24.2456,19.8666,25.6898,2.38273,9.05874,20.7798,1.49401,11.0523,16.3403,6.55911,9.85093,24.2255,31.9501,12.1769,14.9695,25.9422,7.30518,16.7539,28.0241,6.10068,1.06751,29.8812,18.3745,20.0461,0.397615,22.8698,21.797,22.4532,5.007,1.49401,8.28551,20.1224,16.3054,14.9549,17.5005,15.2424,14.552,12.5462,31.6525,5.70265,16.2779,23.0798,
DUALS 104,2693.95,661710,653965,0,8.9581,6.21891,30.1019,13.2924,19.0907,13.6723,18.2822,32.017,12.6641,17.057,9.22184,15.5051,7.58518,10.257,10.2764,18.3526,2.82312,21.6767,13.9887,19.0135,28.6276,19.6193,27.3297,13.0842,10.2906,12.1839,19.8636,6.07517,7.41094,16.902,7.79949,29.7856,18.2506,2.17856,18.7369,18.6215,14.5033,18.0526,1.05535,10.8665,17.3183,18.2379,8.23384,13.4402,14.6345,17.328,14.8852,18.4043,6.99621,12.979,14.4666,14.592,4.88258,28.2613,20.5865,3.36389,17.9557,21.9576,7.11365,30.9662,7.95912,9.89586,1.30448,1.83671,22.1606,18.9103,2.35558,3.77769,23.5798,17.0755,6.37172,31.6803,17.9895,2.70579,23.5424,9.94227,4.45396,8.16292,12.9579,7.84489,10.5696,24.7406,14.1427,14.8176,13.9232,12.3893,12.1579,29.8745,6.673,7.0047,12.1104,12.4847,13.6229,20.7172,2.64401,4.6822,15.1293,19.712,5.1081,2.80807,8.96422,14.1357,25.7433,26.2582,4.58187,13.8624,0.73467,1.49401,0.918265,4.20382,8.18189,12.0115,15.7816,17.9407,30.6372,16.7845,4.75082,17.96,12.6934,15.9349,10.3661,5.4485,6.07011,18.218,15.7428,7.56422,17.4543,17.7794,16.0475,5.19135,7.99597,29.7594,17.6571,25.6986,24.7145,7.44168,1.8611,2.98899,4.0581,23.3286,19.7891,5.15204,20.6033,11.1282,15.2953,10.1065,13.8779,24.9403,3.08424,18.1826,18.0926,13.5606,13.1267,9.95987,4.77561,13.259,19.222,3.61031,24.2456,19.8666,25.6898,2.00428,9.05874,20.7798,1.49401,11.0523,16.3403,6.55911,9.09403,24.2255,31.9501,12.1769,14.9695,25.9422,7.30518,16.7539,28.0241,6.10068,1.06751,29.8812,18.3745,20.0461,0.397615,22.8698,21.797,22.4532,5.007,1.49401,8.28551,20.1224,16.3054,13.4411,17.5005,15.2424,14.552,10.654,31.6525,5.3242,16.2779,23.0798,
DUALS 104,2693.95,661710,655370,0,8.9581,6.21891,30.1019,13.2924,19.0907,13.6723,18.2822,32.017,12.6641,17.057,9.22184,15.5051,7.58518,13.1373,7.39611,18.3526,2.82312,21.6767,13.9887,19.0135,28.6276,19.6193,27.3297,13.0842,10.2906,9.30367,19.8636,6.07517,7.41094,16.902,7.79949,29.7856,18.2506,2.17856,18.7369,18.6215,14.5033,18.0526,1.05535,7.98625,17.3183,18.2379,8.23384,13.4402,14.6345,17.328,14.8852,15.524,6.99621,12.979,14.4666,14.592,4.88258,28.2613,20.5865,3.36389,17.9557,21.9576,4.2334,30.9662,7.95912,9.89586,1.30448,1.83671,22.1606,18.9103,2.35558,3.77769,23.5798,17.0755,6.37172,31.6803,17.9895,2.70579,23.5424,9.94227,4.45396,8.16292,12.9579,7.84489,10.5696,24.7406,14.1427,14.8176,13.9232,12.3893,12.1579,29.8745,3.79275,7.0047,12.1104,12.4847,13.6229,20.7172,2.64401,4.6822,15.1293,19.712,5.1081,2.80807,8.96422,14.1357,25.7433,26.2582,1.70161,13.8624,0.73467,1.49401,0.918265,4.20382,8.18189,12.0115,15.7816,17.9407,30.6372,16.7845,4.75082,17.96,12.6934,15.9349,10.3661,5.4485,6.07011,18.218,15.7428,7.56422,17.4543,17.7794,16.0475,5.19135,7.99597,29.7594,14.7769,25.6986,24.7145,7.44168,1.8611,2.98899,4.0581,23.3286,19.7891,5.15204,20.6033,11.1282,15.2953,10.1065,13.8779,24.9403,3.08424,18.1826,18.0926,10.6803,10.2464,9.95987,4.77561,13.259,19.222,3.61031,24.2456,19.8666,25.6898,2.00428,9.05874,20.7798,1.49401,11.0523,16.3403,6.55911,6.21378,24.2255,31.9501,12.1769,14.9695,25.9422,7.30518,16.7539,28.0241,6.10068,1.06751,29.8812,18.3745,20.0461,0.397615,22.8698,21.797,22.4532,5.007,1.49401,8.28551,20.1224,16.3054,13.4411,17.5005,15.2424,14.552,10.654,31.6525,5.3242,16.2779,23.0798,
DUALS 104,2693.95,661704,655370,0,8.9581,6.21891,30.1019,13.2924,19.0907,13.6723,18.2822,32.017,12.6641,17.057,9.22184,15.5051,7.58518,11.0572,9.47616,18.3526,2.82312,21.6767,11.9087,19.0135,28.6276,19.6193,27.3297,13.0842,10.2906,11.3837,19.8636,3.99513,7.41094,14.8219,7.79949,29.7856,18.2506,2.17856,18.7369,18.6215,14.5033,18.0526,1.05535,10.0663,17.3183,18.2379,8.23384,15.5202,14.6345,17.328,14.8852,17.6041,6.99621,12.979,14.4666,14.592,4.88258,28.2613,20.5865,3.36389,17.9557,21.9576,6.31345,30.9662,7.95912,9.89586,1.30448,1.83671,22.1606,18.9103,2.35558,5.85773,23.5798,17.0755,6.37172,31.6803,17.9895,0.625747,23.5424,12.0223,4.45396,8.16292,12.9579,7.84489,10.5696,24.7406,14.1427,14.8176,13.9232,12.3893,12.1579,29.8745,5.87279,7.0047,12.1104,12.4847,13.6229,20.7172,2.64401,2.60216,13.0493,19.712,5.1081,2.80807,8.96422,16.2158,25.7433,26.2582,3.78166,13.8624,0.73467,1.49401,0.918265,4.20382,8.18189,12.0115,15.7816,17.9407,30.6372,16.7845,4.75082,17.96,12.6934,15.9349,10.3661,5.4485,6.07011,18.218,15.7428,7.56422,17.4543,17.7794,16.0475,3.1113,10.076,29.7594,16.8569,25.6986,24.7145,7.44168,1.8611,2.98899,4.0581,23.3286,19.7891,5.15204,20.6033,11.1282,15.2953,12.1865,13.8779,24.9403,1.0042,18.1826,18.0926,12.7604,12.3265,9.95987,4.77561,13.259,19.222,3.61031,24.2456,19.8666,25.6898,2.00428,9.05874,20.7798,1.49401,11.0523,16.3403,6.55911,8.29382,24.2255,31.9501,12.1769,14.9695,25.9422,7.30518,16.7539,28.0241,6.10068,1.06751,29.8812,18.3745,20.0461,0.397615,22.8698,21.797,22.4532,5.007,1.49401,8.28551,20.1224,16.3054,11.3611,17.5005,15.2424,14.552,8.57394,31.6525,5.3242,16.2779,23.0798,
DUALS 105,2693.95,661769,654032,0,8.9581,6.21891,30.1019,13.2924,19.0907,13.6723,18.2822,32.017,12.6641,17.057,9.22184,15.5051,7.58518,11.8598,10.2787,18.3526,2.82312,21.6767,12.7113,19.0135,28.6276,19.6193,27.3297,13.0842,10.2906,12.1863,19.8636,4.79771,7.41094,14.0194,7.79949,29.7856,18.2506,2.17856,18.7369,18.6215,14.5033,18.0526,1.05535,10.8689,17.3183,18.2379,8.23384,13.9151,14.6345,17.328,14.8852,18.4067,6.99621,12.979,14.4666,14.592,4.88258,28.2613,20.5865,3.36389,17.9557,21.9576,7.11603,30.9662,7.95912,9.89586,1.30448,1.83671,22.1606,18.9103,2.35558,2.64739,23.5798,17.0755,6.37172,31.6803,17.9895,1.42833,23.5424,8.81198,4.45396,8.16292,12.9579,7.84489,10.5696,24.7406,14.1427,14.8176,13.9232,12.3893,12.1579,29.8745,6.67538,7.0047,12.1104,12.4847,13.6229,20.7172,2.64401,3.40474,13.8518,19.712,5.1081,2.80807,8.96422,13.808,25.7433,26.2582,4.58424,13.8624,0.73467,1.49401,0.918265,4.20382,8.18189,12.0115,15.7816,17.9407,30.6372,16.7845,4.75082,17.96,12.6934,15.1323,10.3661,5.4485,6.07011,18.218,15.7428,7.56422,17.4543,17.7794,16.0475,3.91389,9.27343,29.7594,17.6595,25.6986,24.7145,7.44168,1.8611,2.98899,4.0581,23.3286,19.7891,5.15204,20.6033,11.1282,15.2953,9.77878,13.8779,24.9403,1.80678,18.1826,18.0926,13.563,13.129,9.95987,4.77561,13.259,19.222,3.61031,24.2456,19.8666,25.6898,2.00428,9.05874,20.7798,1.49401,11.0523,16.3403,6.55911,9.09641,24.2255,31.9501,12.1769,14.9695,25.9422,7.30518,16.7539,28.0241,6.10068,1.06751,29.8812,18.3745,20.0461,0.397615,22.8698,21.797,22.4532,5.007,1.49401,8.28551,20.1224,16.3054,12.1637,17.5005,15.2424,14.552,9.37653,31.6525,5.3242,16.2779,23.0798,
DUALS 105,2693.95,661768,654809,0,8.9581,6.21891,30.1019,13.2924,19.0907,13.6723,18.2822,32.017,12.6641,17.057,9.22184,15.5051,7.58518,11.8598,8.55904,18.3526,2.82312,21.6767,14.431,19.0135,28.6276,19.6193,27.3297,13.0842,10.2906,10.4666,19.8636,6.51742,7.41094,15.7391,7.79949,29.7856,18.2506,2.17856,18.7369,18.6215,14.5033,18.0526,1.05535,9.14918,17.3183,18.2379,8.23384,13.9151,14.6345,17.328,14.8852,16.687,6.99621,12.979,14.4666,14.592,4.88258,28.2613,20.5865,3.36389,17.9557,21.9576,5.39633,30.9662,7.95912,9.89586,1.30448,1.83671,22.1606,18.9103,2.35558,2.64739,23.5798,17.0755,6.37172,31.6803,17.9895,3.14804,23.5424,8.81198,4.45396,8.16292,12.9579,7.84489,10.5696,24.7406,14.1427,14.8176,13.9232,12.3893,12.1579,29.8745,4.95568,7.0047,12.1104,12.4847,13.6229,20.7172,2.64401,5.12445,15.5715,19.712,5.1081,2.80807,8.96422,13.808,25.7433,26.2582,2.86454,13.8624,0.73467,1.49401,0.918265,4.20382,8.18189,12.0115,15.7816,17.9407,30.6372,16.7845,4.75082,17.96,12.6934,16.852,10.3661,5.4485,6.07011,18.218,15.7428,7.56422,17.4543,17.7794,16.0475,5.63359,9.27343,29.7594,15.9398,25.6986,24.7145,7.44168,1.8611,2.98899,4.0581,23.3286,19.7891,5.15204,20.6033,11.1282,15.2953,9.77878,13.8779,24.9403,3.52649,18.1826,18.0926,11.8433,11.4093,9.95987,4.77561,13.259,19.222,3.61031,24.2456,19.8666,25.6898,2.00428,9.05874,20.7798,1.49401,11.0523,16.3403,6.55911,9.09641,24.2255,31.9501,12.1769,14.9695,25.9422,7.30518,16.7539,28.0241,6.10068,1.06751,29.8812,18.3745,20.0461,0.397615,22.8698,21.797,22.4532,5.007,1.49401,8.28551,20.1224,16.3054,13.8834,17.5005,15.2424,14.552,11.0962,31.6525,3.6045,16.2779,23.0798,
DUALS 105,2693.95,661768,654874,0,8.9581,6.21891,30.1019,13.2924,19.0907,13.6723,18.2822,32.017,12.6641,17.057,9.22184,15.5051,7.58518,10.9828,9.43604,18.3526,2.82312,21.6767,12.677,19.0135,28.6276,19.6193,27.3297,13.0842,10.2906,11.3436,19.8636,4.76342,7.41094,15.7391,7.79949,29.7856,18.2506,2.17856,18.7369,18.6215,14.5033,18.0526,1.05535,10.0262,17.3183,18.2379,8.23384,14.7921,14.6345,17.328,14.8852,17.564,6.99621,12.979,14.4666,14.592,4.88258,28.2613,20.5865,3.36389,17.9557,21.9576,6.27333,30.9662,7.95912,9.89586,1.30448,1.83671,22.1606,18.9103,2.35558,3.52439,23.5798,17.0755,6.37172,31.6803,17.9895,1.39404,23.5424,9.68898,4.45396,8.16292,12.9579,7.84489,10.5696,24.7406,14.1427,14.8176,13.9232,12.3893,12.1579,29.8745,5.83267,7.0047,12.1104,12.4847,13.6229,20.7172,2.64401,3.37045,13.8176,19.712,5.1081,2.80807,8.96422,14.685,25.7433,26.2582,3.74154,13.8624,0.73467,1.49401,0.918265,4.20382,8.18189,12.0115,15.7816,17.9407,30.6372,16.7845,4.75082,17.96,12.6934,15.098,10.3661,5.4485,6.07011,18.218,15.7428,7.56422,17.4543,17.7794,16.0475,3.87959,9.27343,29.7594,16.8168,25.6986,24.7145,7.44168,1.8611,2.98899,4.0581,23.3286,19.7891,5.15204,20.6033,11.1282,15.2953,10.6558,13.8779,24.9403,1.77249,18.1826,18.0926,12.7203,12.2863,9.95987,4.77561,13.259,19.222,3.61031,24.2456,19.8666,25.6898,2.00428,9.05874,20.7798,1.49401,11.0523,16.3403,6.55911,9.9734,24.2255,31.9501,12.1769,14.9695,25.9422,7.30518,16.7539,28.0241,6.10068,1.06751,29.8812,18.3745,20.0461,0.397615,22.8698,21.797,22.4532,5.007,1.49401,8.28551,20.1224,16.3054,12.1294,17.5005,15.2424,14.552,9.34223,31.6525,4.48149,16.2779,23.0798,
DUALS 105,2693.95,661759,654895,0,8.9581,6.21891,30.1019,13.2924,19.0907,13.6723,18.2822,32.017,12.6641,17.057,9.22184,15.5051,7.58518,12.5921,11.0453,18.3526,2.82312,21.6767,14.2863,19.0135,28.6276,19.6193,27.3297,13.0842,10.2906,12.9529,19.8636,6.37271,7.41094,17.3483,7.79949,29.7856,18.2506,2.17856,18.7369,18.6215,14.5033,18.0526,1.05535,11.6355,17.3183,18.2379,8.23384,14.7921,14.6345,17.328,14.8852,19.1733,6.99621,12.979,14.4666,14.592,4.88258,28.2613,20.5865,3.36389,17.9557,21.9576,7.88262,30.9662,7.95912,9.89586,1.30448,1.83671,22.1606,18.9103,2.35558,3.52439,23.5798,17.0755,6.37172,31.6803,17.9895,3.00333,23.5424,9.68898,4.45396,8.16292,12.9579,7.84489,10.5696,24.7406,14.1427,14.8176,13.9232,12.3893,12.1579,29.8745,7.44196,7.0047,12.1104,12.4847,13.6229,20.7172,2.64401,4.97974,15.4268,19.712,5.1081,2.80807,8.96422,14.685,25.7433,26.2582,5.35083,13.8624,0.73467,1.49401,0.918265,4.20382,8.18189,12.0115,15.7816,17.9407,30.6372,16.7845,4.75082,17.96,12.6934,16.7073,10.3661,5.4485,6.07011,18.218,15.7428,7.56422,17.4543,17.7794,16.0475,5.48888,9.27343,29.7594,18.4261,25.6986,24.7145,7.44168,1.8611,2.98899,4.0581,23.3286,19.7891,5.15204,20.6033,11.1282,15.2953,10.6558,13.8779,24.9403,3.38178,18.1826,18.0926,14.3295,13.8956,9.95987,4.77561,13.259,19.222,3.61031,24.2456,19.8666,25.6898,2.00428,9.05874,20.7798,1.49401,11.0523,16.3403,6.55911,11.5827,24.2255,31.9501,12.1769,14.9695,25.9422,7.30518,16.7539,28.0241,6.10068,1.06751,29.8812,18.3745,20.0461,0.397615,22.8698,21.797,22.4532,5.007,1.49401,8.28551,20.1224,16.3054,13.7387,17.5005,15.2424,14.552,10.9515,31.6525,4.48149,16.2779,23.0798,
DUALS 106,2693.95,662490,654749,0,8.9581,6.21891,30.1019,13.2924,19.0907,13.6723,18.2822,32.017,12.6641,17.057,9.22184,15.5051,7.58518,11.1106,9.86011,18.3526,2.82312,21.6767,13.3974,19.0135,28.6276,19.6193,27.3297,13.0842,10.2906,12.6566,19.8636,6.0764,7.41094,16.7557,7.79949,29.7856,18.2506,2.17856,18.7369,18.6215,14.5033,18.0526,1.05535,11.0429,17.3183,18.2379,8.23384,15.0884,14.6345,17.328,14.8852,18.5807,6.99621,12.979,14.4666,14.592,4.88258,28.2613,20.5865,3.36389,17.9557,21.9576,6.6974,30.9662,7.95912,9.89586,1.30448,1.83671,22.1606,18.9103,2.35558,3.82069,23.5798,17.0755,6.37172,31.6803,17.9895,2.41072,23.5424,9.98528,4.45396,8.16292,12.9579,7.84489,10.5696,24.7406,14.1427,14.8176,13.9232,12.3893,12.1579,29.8745,6.25675,7.0047,12.1104,12.4847,13.6229,20.7172,2.64401,4.68343,14.5379,19.712,5.1081,2.80807,8.96422,14.9813,25.7433,26.2582,4.16561,13.8624,0.73467,1.49401,0.918265,4.20382,8.18189,12.0115,15.7816,17.9407,30.6372,16.7845,4.75082,17.96,12.6934,16.1147,10.3661,5.4485,6.07011,18.218,15.7428,7.56422,17.4543,17.7794,16.0475,5.19258,9.27343,29.7594,18.1298,25.6986,24.7145,7.44168,1.8611,2.98899,4.0581,23.3286,19.7891,5.15204,20.6033,11.1282,15.2953,10.9521,13.8779,24.9403,3.38178,18.1826,18.0926,13.7369,12.4141,9.95987,4.77561,13.259,19.222,3.61031,24.2456,19.8666,25.6898,2.00428,9.05874,20.7798,1.49401,11.0523,16.3403,6.55911,10.3975,24.2255,31.9501,12.1769,14.9695,25.9422,7.30518,16.7539,28.0241,5.80437,1.06751,29.8812,18.3745,20.0461,0.397615,22.8698,21.797,22.4532,5.007,1.49401,8.28551,20.1224,16.3054,13.4424,17.5005,15.2424,14.552,10.3589,31.6525,4.18519,16.2779,23.0798,
DUALS 106,2693.95,662490,656510,0,8.9581,6.21891,30.1019,13.2924,19.0907,13.6723,18.2822,32.017,12.6641,17.057,9.22184,15.5051,7.58518,12.9862,7.98449,18.3526,2.82312,21.6767,13.3974,19.0135,28.6276,19.6193,27.3297,13.0842,10.2906,10.7809,19.8636,6.0764,7.41094,16.7557,7.79949,29.7856,18.2506,2.17856,18.7369,18.6215,14.5033,18.0526,1.05535,9.16723,17.3183,18.2379,8.23384,13.2127,14.6345,17.328,14.8852,16.705,6.99621,12.979,14.4666,14.592,4.88258,28.2613,20.5865,3.36389,17.9557,21.9576,4.82178,30.9662,7.95912,8.02024,1.30448,1.83671,22.1606,18.9103,2.35558,3.82069,23.5798,17.0755,6.37172,31.6803,17.9895,2.41072,23.5424,8.10965,4.45396,8.16292,12.9579,7.84489,10.5696,24.7406,14.1427,14.8176,13.9232,12.3893,12.1579,29.8745,4.38112,7.0047,12.1104,12.4847,13.6229,20.7172,2.64401,4.68343,14.5379,19.712,5.1081,2.80807,8.96422,13.1057,25.7433,26.2582,4.16561,13.8624,0.73467,1.49401,0.918265,4.20382,8.18189,12.0115,15.7816,17.9407,30.6372,16.7845,4.75082,17.96,12.6934,16.1147,10.3661,5.4485,6.07011,18.218,15.7428,7.56422,17.4543,17.7794,16.0475,5.19258,7.39781,29.7594,16.2542,25.6986,24.7145,7.44168,1.8611,2.98899,4.0581,23.3286,19.7891,5.15204,20.6033,11.1282,15.2953,9.07646,13.8779,24.9403,1.50615,18.1826,18.0926,11.8613,10.5385,9.95987,4.77561,13.259,19.222,3.61031,24.2456,19.8666,25.6898,2.00428,9.05874,20.7798,1.49401,11.0523,16.3403,6.55911,8.52185,24.2255,31.9501,12.1769,14.9695,25.9422,7.30518,16.7539,28.0241,5.80437,1.06751,29.8812,18.3745,20.0461,0.397615,22.8698,21.797,22.4532,5.007,1.49401,8.28551,20.1224,16.3054,13.4424,17.5005,15.2424,14.552,10.3589,31.6525,4.18519,16.2779,23.0798,
DUALS 106,2693.95,662489,656510,0,8.9581,6.21891,30.1019,13.2924,19.0907,13.6723,18.2822,32.017,12.6641,17.057,9.22184,15.5051,7.58518,12.9862,10.4599,18.3526,2.82312,21.6767,13.3974,19.0135,28.6276,19.6193,27.3297,13.0842,10.2906,13.2564,19.8636,6.0764,7.41094,16.7557,7.79949,29.7856,18.2506,2.17856,18.7369,18.6215,14.5033,18.0526,1.05535,11.6427,17.3183,18.2379,8.23384,15.6882,14.6345,17.328,14.8852,19.1805,6.99621,12.979,14.4666,14.592,4.88258,28.2613,20.5865,3.36389,17.9557,21.9576,7.29724,30.9662,7.95912,10.4957,1.30448,1.83671,22.1606,18.9103,2.35558,6.29616,23.5798,17.0755,6.37172,31.6803,17.9895,2.41072,23.5424,10.5851,4.45396,8.16292,12.9579,7.84489,10.5696,24.7406,14.1427,14.8176,13.9232,12.3893,12.1579,29.8745,6.85659,7.0047,12.1104,12.4847,13.6229,20.7172,2.64401,4.68343,14.5379,19.712,5.1081,2.80807,8.96422,15.5812,25.7433,26.2582,6.64108,13.8624,0.73467,1.49401,0.918265,4.20382,8.18189,12.0115,15.7816,17.9407,30.6372,16.7845,4.75082,17.96,12.6934,16.1147,10.3661,5.4485,6.07011,18.218,15.7428,7.56422,17.4543,17.7794,16.0475,5.19258,9.87327,29.7594,18.7296,25.6986,24.7145,7.44168,1.8611,2.98899,4.0581,23.3286,19.7891,5.15204,20.6033,11.1282,15.2953,11.5519,13.8779,24.9403,3.98162,18.1826,18.0926,14.3368,13.0139,9.95987,4.77561,13.259,19.222,3.61031,24.2456,19.8666,25.6898,2.00428,9.05874,20.7798,1.49401,11.0523,16.3403,6.55911,10.9973,24.2255,31.9501,12.1769,14.9695,25.9422,7.30518,16.7539,28.0241,5.80437,1.06751,29.8812,18.3745,20.0461,0.397615,22.8698,21.797,22.4532,5.007,1.49401,8.28551,20.1224,16.3054,13.4424,17.5005,15.2424,14.552,10.3589,31.6525,4.18519,16.2779,23.0798,
DUALS 107,2693.95,662593,654852,0,8.9581,6.21891,30.1019,13.2924,19.0907,13.6723,18.2822,32.017,12.6641,17.057,9.22184,15.5051,7.58518,9.885,9.42621,18.3526,2.82312,21.6767,13.3974,19.0135,28.6276,19.6193,27.3297,13.0842,10.2906,11.1889,19.8636,5.04267,7.41094,15.722,7.79949,29.7856,18.2506,2.17856,18.7369,18.6215,14.5033,18.0526,1.05535,9.57522,17.3183,18.2379,8.23384,14.6545,14.6345,17.328,14.8852,18.1467,6.99621,12.979,14.4666,14.592,4.88258,28.2613,20.5865,3.36389,17.9557,21.9576,6.2635,30.9662,7.95912,10.4957,1.30448,1.83671,22.1606,18.9103,2.35558,5.26242,23.5798,17.0755,6.37172,31.6803,17.9895,1.37698,23.5424,9.55138,4.45396,8.16292,12.9579,7.84489,10.5696,24.7406,14.1427,14.8176,13.9232,12.3893,12.1579,29.8745,5.82285,7.0047,12.1104,12.4847,13.6229,20.7172,2.64401,3.6497,14.5379,19.712,5.1081,2.80807,8.96422,14.5474,25.7433,26.2582,5.60734,13.8624,0.73467,1.49401,0.918265,4.20382,8.18189,12.0115,15.7816,17.9407,30.6372,16.7845,4.75082,17.96,12.6934,15.081,10.3661,5.4485,6.07011,18.218,15.7428,7.56422,17.4543,17.7794,16.0475,4.15884,8.83953,29.7594,17.6959,25.6986,24.7145,7.44168,1.8611,2.98899,4.0581,23.3286,19.7891,5.15204,20.6033,11.1282,15.2953,10.5182,13.8779,24.9403,1.91414,18.1826,18.0926,12.2693,10.9465,9.95987,4.77561,13.259,19.222,3.61031,24.2456,19.8666,25.6898,2.00428,9.05874,20.7798,1.49401,11.0523,16.3403,6.55911,10.9973,24.2255,31.9501,12.1769,14.9695,25.9422,7.30518,16.7539,28.0241,5.80437,1.06751,29.8812,18.3745,20.0461,0.397615,22.8698,21.797,22.4532,5.007,1.49401,8.28551,20.1224,16.3054,13.4424,17.5005,15.2424,14.552,10.3589,31.6525,4.18519,16.2779,23.0798,
DUALS 107,2693.95,662588,656117,0,8.9581,6.21891,30.1019,13.2924,19.0907,13.6723,18.2822,32.017,12.6641,17.057,9.22184,15.5051,7.58518,9.885,9.42621,18.3526,2.82312,21.6767,13.3974,19.0135,28.6276,19.6193,27.3297,13.0842,10.2906,13.9683,19.8636,7.82204,7.41094,15.722,7.79949,29.7856,18.2506,2.17856,18.7369,18.6215,14.5033,18.0526,1.05535,12.3546,17.3183,18.2379,8.23384,14.6545,14.6345,17.328,14.8852,20.9261,6.99621,12.979,14.4666,14.592,4.88258,28.2613,20.5865,3.36389,17.9557,21.9576,6.2635,30.9662,7.95912,10.4957,1.30448,1.83671,22.1606,18.9103,2.35558,5.26242,23.5798,17.0755,6.37172,31.6803,17.9895,4.15636,23.5424,9.55138,4.45396,8.16292,12.9579,7.84489,10.5696,24.7406,14.1427,14.8176,13.9232,12.3893,12.1579,29.8745,5.82285,7.0047,12.1104,12.4847,13.6229,20.7172,2.64401,6.42907,14.5379,19.712,5.1081,2.80807,8.96422,14.5474,25.7433,26.2582,5.60734,13.8624,0.73467,1.49401,0.918265,4.20382,8.18189,12.0115,15.7816,17.9407,30.6372,16.7845,4.75082,17.96,12.6934,15.081,10.3661,5.4485,6.07011,18.218,15.7428,7.56422,17.4543,17.7794,16.0475,6.93822,8.83953,29.7594,20.4753,25.6986,24.7145,7.44168,1.8611,2.98899,4.0581,23.3286,19.7891,5.15204,20.6033,11.1282,15.2953,10.5182,13.8779,24.9403,4.69352,18.1826,18.0926,15.0487,13.7258,9.95987,4.77561,13.259,19.222,3.61031,24.2456,19.8666,25.6898,2.00428,9.05874,20.7798,1.49401,11.0523,16.3403,6.55911,13.7767,24.2255,31.9501,12.1769,14.9695,25.9422,7.30518,16.7539,28.0241,5.80437,1.06751,29.8812,18.3745,20.0461,0.397615,22.8698,21.797,22.4532,5.007,1.49401,8.28551,20.1224,16.3054,13.4424,17.5005,15.2424,14.552,10.3589,31.6525,4.18519,16.2779,23.0798,
DUALS 107,2693.95,662837,655094,0,8.9581,6.21891,30.1019,13.2924,19.0907,13.6723,18.2822,32.017,12.6641,17.057,9.22184,15.5051,7.58518,9.1966,9.42621,18.3526,2.82312,21.6767,12.7089,19.0135,28.6276,19.6193,27.3297,13.0842,10.2906,13.2799,19.8636,5.06842,7.41094,15.0336,7.79949,29.7856,18.2506,2.17856,18.7369,18.6215,14.5033,18.0526,1.05535,10.9778,17.3183,18.2379,8.23384,14.6545,14.6345,17.328,14.8852,20.2377,6.99621,12.979,14.4666,14.592,4.88258,28.2613,20.5865,3.36389,17.9557,21.9576,6.95191,30.9662,7.95912,10.4957,1.30448,1.83671,22.1606,18.9103,2.35558,5.26242,23.5798,17.0755,6.37172,31.6803,17.9895,1.40273,23.5424,9.55138,4.45396,8.16292,12.9579,7.84489,10.5696,24.7406,14.1427,14.8176,13.9232,12.3893,12.1579,29.8745,6.51125,7.0047,12.1104,12.4847,13.6229,20.7172,2.64401,4.36386,13.8495,19.712,5.1081,2.80807,8.96422,14.5474,25.7433,26.2582,5.60734,13.8624,0.73467,1.49401,0.918265,4.20382,8.18189,12.0115,15.7816,17.9407,30.6372,16.7845,4.75082,17.96,12.6934,14.3926,10.3661,5.4485,6.07011,18.218,15.7428,7.56422,17.4543,17.7794,16.0475,4.873,8.15113,29.7594,19.0985,25.6986,24.7145,7.44168,1.8611,2.98899,4.0581,23.3286,19.7891,5.15204,20.6033,11.1282,15.2953,10.5182,13.8779,24.9403,1.93989,18.1826,18.0926,13.6719,12.349,9.95987,4.77561,13.259,19.222,3.61031,24.2456,19.8666,25.6898,2.00428,9.05874,20.7798,1.49401,11.0523,16.3403,6.55911,12.3999,24.2255,31.9501,12.1769,14.9695,25.9422,7.30518,16.7539,28.0241,5.80437,1.06751,29.8812,18.3745,20.0461,0.397615,22.8698,21.797,22.4532,5.007,1.49401,8.28551,20.1224,16.3054,12.754,17.5005,15.2424,14.552,9.67051,31.6525,4.18519,16.2779,23.0798,
DUALS 107,2693.95,662837,656003,0,8.9581,6.21891,30.1019,13.2924,19.0907,13.6723,18.2822,32.017,12.6641,17.057,9.22184,15.5051,7.58518,11.0715,7.55128,18.3526,2.82312,21.6767,14.5839,19.0135,28.6276,19.6193,27.3297,13.0842,10.2906,11.405,19.8636,6.94335,7.41094,16.9085,7.79949,29.7856,18.2506,2.17856,18.7369,18.6215,14.5033,18.0526,1.05535,9.10285,17.3183,18.2379,8.23384,14.6545,14.6345,17.328,14.8852,18.3628,6.99621,12.979,14.4666,14.592,4.88258,28.2613,20.5865,3.36389,17.9557,21.9576,5.07698,30.9662,7.95912,10.4957,1.30448,1.83671,22.1606,18.9103,2.35558,5.26242,23.5798,17.0755,6.37172,31.6803,17.9895,3.27766,23.5424,9.55138,4.45396,8.16292,12.9579,7.84489,10.5696,24.7406,14.1427,14.8176,13.9232,12.3893,12.1579,29.8745,4.63633,7.0047,12.1104,12.4847,13.6229,20.7172,2.64401,6.23878,15.7244,19.712,5.1081,2.80807,8.96422,14.5474,25.7433,26.2582,3.73241,13.8624,0.73467,1.49401,0.918265,4.20382,8.18189,12.0115,15.7816,17.9407,30.6372,16.7845,4.75082,17.96,12.6934,16.2675,10.3661,5.4485,6.07011,18.218,15.7428,7.56422,17.4543,17.7794,16.0475,6.74792,8.15113,29.7594,17.2235,25.6986,24.7145,7.44168,1.8611,2.98899,4.0581,23.3286,19.7891,5.15204,20.6033,11.1282,15.2953,10.5182,13.8779,24.9403,3.81482,18.1826,18.0926,11.7969,10.4741,9.95987,4.77561,13.259,19.222,3.61031,24.2456,19.8666,25.6898,2.00428,9.05874,20.7798,1.49401,11.0523,16.3403,6.55911,10.525,24.2255,31.9501,12.1769,14.9695,25.9422,7.30518,16.7539,28.0241,5.80437,1.06751,29.8812,18.3745,20.0461,0.397615,22.8698,21.797,22.4532,5.007,1.49401,8.28551,20.1224,16.3054,14.6289,17.5005,15.2424,14.552,11.5454,31.6525,4.18519,16.2779,23.0798,
DUALS 108,2693.95,662837,656018,0,8.9581,6.21891,30.1019,13.2924,19.0907,13.6723,18.2822,32.017,12.6641,17.057,9.22184,15.5051,7.58518,11.402,7.88171,18.3526,2.82312,21.6767,13.2622,19.0135,28.6276,19.6193,27.3297,13.0842,10.2906,11.7354,19.8636,5.62163,7.41094,16.2477,7.79949,29.7856,18.2506,2.17856,18.7369,18.6215,14.5033,18.0526,1.05535,9.43328,17.3183,18.2379,8.23384,14.9849,14.6345,17.328,14.8852,18.3628,6.99621,12.979,14.4666,14.592,4.88258,28.2613,20.5865,3.36389,17.9557,21.9576,5.40741,30.9662,7.95912,10.4957,1.30448,1.83671,22.1606,18.9103,2.35558,5.59285,23.5798,17.0755,6.37172,31.6803,17.9895,1.95594,23.5424,9.88181,4.45396,8.16292,12.9579,7.84489,10.5696,24.7406,14.1427,14.8176,13.9232,12.3893,12.1579,29.8745,4.96676,7.0047,12.1104,12.4847,13.6229,20.7172,2.64401,4.91706,14.4027,19.712,5.1081,2.80807,8.96422,14.8779,25.7433,26.2582,4.06284,13.8624,0.73467,1.49401,0.918265,4.20382,8.18189,12.0115,15.7816,17.9407,30.6372,16.7845,4.75082,17.96,12.6934,15.9371,10.3661,5.4485,6.07011,18.218,15.7428,7.56422,17.4543,17.7794,16.0475,5.4262,8.15113,29.7594,17.2235,25.6986,24.7145,7.44168,1.8611,2.98899,4.0581,23.3286,19.7891,5.15204,20.6033,11.1282,15.2953,10.8486,13.8779,24.9403,2.4931,18.1826,18.0926,12.1274,10.8045,9.95987,4.77561,13.259,19.222,3.61031,24.2456,19.8666,25.6898,2.00428,9.05874,20.7798,1.49401,11.0523,16.3403,6.55911,10.8554,24.2255,31.9501,12.1769,14.9695,25.9422,7.30518,16.7539,28.0241,5.80437,1.06751,29.8812,18.3745,20.0461,0.397615,22.8698,21.797,22.4532,5.007,1.49401,8.28551,20.1224,16.3054,13.3072,17.5005,15.2424,14.552,10.2237,31.6525,4.18519,16.2779,23.0798,
DUALS 108,2693.95,662831,656071,0,8.9581,6.21891,30.1019,13.2924,19.0907,13.6723,18.2822,32.017,12.6641,17.057,9.22184,15.5051,7.58518,11.402,11.1323,18.3526,2.82312,21.6767,13.2622,19.0135,28.6276,19.6193,27.3297,13.0842,10.2906,14.986,19.8636,5.62163,7.41094,16.2477,7.79949,29.7856,18.2506,2.17856,18.7369,18.6215,14.5033,18.0526,1.05535,12.6839,17.3183,18.2379,8.23384,14.9849,14.6345,17.328,14.8852,21.6134,6.99621,12.979,14.4666,14.592,4.88258,28.2613,20.5865,3.36389,17.9557,21.9576,8.65803,30.9662,7.95912,10.4957,1.30448,1.83671,22.1606,18.9103,2.35558,5.59285,23.5798,17.0755,6.37172,31.6803,17.9895,1.95594,23.5424,9.88181,4.45396,8.16292,12.9579,7.84489,10.5696,24.7406,14.1427,14.8176,13.9232,12.3893,12.1579,29.8745,8.21737,7.0047,12.1104,12.4847,13.6229,20.7172,2.64401,4.91706,14.4027,19.712,5.1081,2.80807,8.96422,14.8779,25.7433,26.2582,7.31346,13.8624,0.73467,1.49401,0.918265,4.20382,8.18189,12.0115,15.7816,17.9407,30.6372,16.7845,4.75082,17.96,12.6934,15.9371,10.3661,5.4485,6.07011,18.218,15.7428,7.56422,17.4543,17.7794,16.0475,5.4262,8.15113,29.7594,20.4741,25.6986,24.7145,7.44168,1.8611,2.98899,4.0581,23.3286,19.7891,5.15204,20.6033,11.1282,15.2953,10.8486,13.8779,24.9403,2.4931,18.1826,18.0926,15.378,14.0552,9.95987,4.77561,13.259,19.222,3.61031,24.2456,19.8666,25.6898,2.00428,9.05874,20.7798,1.49401,11.0523,16.3403,6.55911,14.106,24.2255,31.9501,12.1769,14.9695,25.9422,7.30518,16.7539,28.0241,5.80437,1.06751,29.8812,18.3745,20.0461,0.397615,22.8698,21.797,22.4532,5.007,1.49401,8.28551,20.1224,16.3054,13.3072,17.5005,15.2424,14.552,10.2237,31.6525,4.18519,16.2779,23.0798,
DUALS 108,2693.95,663133,655384,0,8.9581,6.21891,30.1019,13.2924,19.0907,13.6723,18.2822,32.017,12.6641,17.057,9.22184,15.5051,7.58518,11.905,9.62333,18.3526,2.82312,21.6767,13.7652,19.0135,28.6276,19.6193,27.3297,13.0842,10.2906,12.974,19.8636,6.12463,7.41094,15.7447,7.79949,29.7856,18.2506,2.17856,18.7369,18.6215,14.5033,18.0526,1.05535,10.6719,17.3183,18.2379,8.23384,14.9849,14.6345,17.328,14.8852,20.6074,6.99621,12.979,14.4666,14.592,4.88258,28.2613,20.5865,3.36389,17.9557,21.9576,6.64602,30.9662,7.95912,9.9927,1.30448,1.83671,22.1606,18.9103,2.35558,5.59285,23.5798,17.0755,6.37172,31.6803,17.9895,1.95594,23.5424,9.88181,4.45396,8.16292,12.9579,7.84489,10.5696,24.7406,14.1427,14.8176,13.9232,12.3893,12.1579,29.8745,6.20537,7.0047,12.1104,12.4847,13.6229,20.7172,2.64401,5.42006,14.9057,19.712,5.1081,2.80807,8.96422,14.8779,25.7433,26.2582,5.30145,13.8624,0.73467,1.49401,0.918265,4.20382,8.18189,12.0115,15.7816,17.9407,30.6372,16.7845,4.75082,17.96,12.6934,15.9371,10.3661,5.4485,6.07011,18.218,15.7428,7.56422,17.4543,17.7794,16.0475,5.92921,8.15113,29.7594,19.4681,25.6986,24.7145,7.44168,1.8611,2.98899,4.0581,23.3286,19.7891,5.15204,20.6033,11.1282,15.2953,10.8486,13.8779,24.9403,2.9961,18.1826,18.0926,13.869,11.0371,9.95987,4.77561,13.259,19.222,3.61031,24.2456,19.8666,25.6898,2.00428,9.05874,20.7798,1.49401,11.0523,16.3403,6.55911,11.591,24.2255,31.9501,12.1769,14.9695,25.9422,7.30518,16.7539,28.0241,5.80437,1.06751,29.8812,18.3745,20.0461,0.397615,22.8698,21.797,22.4532,5.007,1.49401,8.28551,20.1224,16.3054,13.8102,17.5005,15.2424,14.552,10.7267,31.6525,4.18519,16.2779,23.0798,
DUALS 109,2693.95,663133,657013,0,8.9581,6.21891,30.1019,13.2924,19.0907,13.6723,18.2822,32.017,12.6641,17.057,9.22184,15.5051,7.58518,11.905,6.27186,18.3526,2.82312,21.6767,13.7652,19.0135,28.6276,19.6193,27.3297,13.0842,10.2906,9.62255,19.8636,6.12463,7.41094,15.7447,7.79949,29.7856,18.2506,2.17856,18.7369,18.6215,14.5033,18.0526,1.05535,7.32043,17.3183,18.2379,8.23384,14.9849,14.6345,17.328,14.8852,17.2559,6.99621,12.979,14.4666,14.592,4.88258,28.2613,20.5865,3.36389,17.9557,21.9576,3.29455,30.9662,7.95912,9.9927,1.30448,1.83671,22.1606,18.9103,2.35558,5.59285,23.5798,17.0755,6.37172,31.6803,17.9895,1.95594,23.5424,9.88181,4.45396,8.16292,12.9579,7.84489,10.5696,24.7406,14.1427,14.8176,13.9232,12.3893,12.1579,29.8745,2.8539,7.0047,12.1104,12.4847,13.6229,20.7172,2.64401,5.42006,14.9057,19.712,5.1081,2.80807,8.96422,14.8779,25.7433,26.2582,1.94998,13.8624,0.73467,1.49401,0.918265,4.20382,8.18189,12.0115,15.7816,17.9407,30.6372,16.7845,4.75082,17.96,12.6934,15.9371,10.3661,5.4485,6.07011,18.218,15.7428,7.56422,17.4543,17.7794,16.0475,5.92921,8.15113,29.7594,16.1167,25.6986,24.7145,7.44168,1.8611,2.98899,4.0581,23.3286,19.7891,5.15204,20.6033,11.1282,15.2953,10.8486,13.8779,24.9403,2.9961,18.1826,18.0926,10.5175,7.68568,9.95987,4.77561,13.259,19.222,3.61031,24.2456,19.8666,25.6898,2.00428,9.05874,20.7798,1.49401,11.0523,16.3403,6.55911,8.23952,24.2255,31.9501,12.1769,14.9695,25.9422,7.30518,16.7539,28.0241,5.80437,1.06751,29.8812,18.3745,20.0461,0.397615,22.8698,21.797,22.4532,5.007,1.49401,8.28551,20.1224,16.3054,13.8102,17.5005,15.2424,14.552,10.7267,31.6525,4.18519,16.2779,23.0798,
DUALS 109,2693.95,663133,657013,0,8.9581,6.21891,30.1019,13.2924,19.0907,13.6723,18.2822,32.017,12.6641,17.057,9.22184,15.5051,7.58518,11.905,11.4782,18.3526,2.82312,21.6767,13.7652,19.0135,28.6276,19.6193,27.3297,13.0842,10.2906,14.8289,19.8636,6.12463,7.41094,15.7447,7.79949,29.7856,18.2506,2.17856,18.7369,18.6215,14.5033,18.0526,1.05535,12.5268,17.3183,18.2379,8.23384,14.9849,14.6345,17.328,14.8852,22.4623,6.99621,12.979,14.4666,14.592,4.88258,28.2613,20.5865,3.36389,17.9557,21.9576,8.50093,30.9662,7.95912,9.9927,1.30448,1.83671,22.1606,18.9103,2.35558,5.59285,23.5798,17.0755,6.37172,31.6803,17.9895,1.95594,23.5424,9.88181,4.45396,8.16292,12.9579,7.84489,10.5696,24.7406,14.1427,14.8176,13.9232,12.3893,12.1579,29.8745,8.06028,7.0047,12.1104,12.4847,13.6229,20.7172,2.64401,5.42006,14.9057,19.712,5.1081,2.80807,8.96422,14.8779,25.7433,26.2582,7.15636,13.8624,0.73467,1.49401,0.918265,4.20382,8.18189,12.0115,15.7816,17.9407,30.6372,16.7845,4.75082,17.96,12.6934,15.9371,10.3661,5.4485,6.07011,18.218,15.7428,7.56422,17.4543,17.7794,16.0475,5.92921,8.15113,29.7594,21.323,25.6986,24.7145,7.44168,1.8611,2.98899,4.0581,23.3286,19.7891,5.15204,20.6033,11.1282,15.2953,10.8486,13.8779,24.9403,2.9961,18.1826,18.0926,15.7239,12.8921,9.95987,4.77561,13.259,19.222,3.61031,24.2456,19.8666,25.6898,2.00428,9.05874,20.7798,1.49401,11.0523,16.3403,6.55911,13.4459,24.2255,31.9501,12.1769,14.9695,25.9422,7.30518,16.7539,28.0241,5.80437,1.06751,29.8812,18.3745,20.0461,0.397615,22.8698,21.797,22.4532,5.007,1.49401,8.28551,20.1224,16.3054,13.8102,17.5005,15.2424,14.552,10.7267,31.6525,4.18519,16.2779,23.0798,
DUALS 109,2693.95,663131,657013,0,8.9581,6.21891,30.1019,13.2924,19.0907,13.6723,18.2822,32.017,12.6641,17.057,9.22184,15.5051,7.58518,11.905,8.51722,18.3526,2.82312,21.6767,13.7652,19.0135,28.6276,19.6193,27.3297,13.0842,10.2906,12.8549,19.8636,7.11163,7.41094,15.7447,7.79949,29.7856,18.2506,2.17856,18.7369,18.6215,14.5033,18.0526,1.05535,10.5528,17.3183,18.2379,8.23384,14.9849,14.6345,17.328,14.8852,21.4753,6.99621,12.979,14.4666,14.592,4.88258,28.2613,20.5865,3.36389,17.9557,21.9576,5.53992,30.9662,7.95912,9.9927,1.30448,1.83671,22.1606,18.9103,2.35558,5.59285,23.5798,17.0755,6.37172,31.6803,17.9895,2.94295,23.5424,9.88181,4.45396,8.16292,12.9579,7.84489,10.5696,24.7406,14.1427,14.8176,13.9232,12.3893,12.1579,29.8745,5.09926,7.0047,12.1104,12.4847,13.6229,20.7172,2.64401,6.40707,14.9057,19.712,5.1081,2.80807,8.96422,14.8779,25.7433,26.2582,4.19535,13.8624,0.73467,1.49401,0.918265,4.20382,8.18189,12.0115,15.7816,17.9407,30.6372,16.7845,4.75082,17.96,12.6934,15.9371,10.3661,5.4485,6.07011,18.218,15.7428,7.56422,17.4543,17.7794,16.0475,6.91621,8.15113,29.7594,19.349,25.6986,24.7145,7.44168,1.8611,2.98899,4.0581,23.3286,19.7891,5.15204,20.6033,11.1282,15.2953,10.8486,13.8779,24.9403,3.98311,18.1826,18.0926,13.7499,10.918,9.95987,4.77561,13.259,19.222,3.61031,24.2456,19.8666,25.6898,2.00428,9.05874,20.7798,1.49401,11.0523,16.3403,6.55911,10.4849,24.2255,31.9501,12.1769,14.9695,25.9422,7.30518,16.7539,28.0241,5.80437,1.06751,29.8812,18.3745,20.0461,0.397615,22.8698,21.797,22.4532,5.007,1.49401,8.28551,20.1224,16.3054,13.8102,17.5005,15.2424,14.552,10.7267,31.6525,4.18519,16.2779,23.0798,
DUALS 109,2693.95,663184,655433,0,8.9581,6.21891,30.1019,13.2924,19.0907,13.6723,18.2822,32.017,12.6641,17.057,9.22184,15.5051,7.58518,9.21533,9.18963,18.3526,2.82312,21.6767,13.0927,19.0135,28.6276,19.6193,27.3297,13.0842,10.2906,12.1825,19.8636,5.09441,7.41094,15.7447,7.79949,29.7856,18.2506,2.17856,18.7369,18.6215,14.5033,18.0526,1.05535,10.5528,17.3183,18.2379,8.23384,14.9849,14.6345,17.328,14.8852,20.8029,6.99621,12.979,14.4666,14.592,4.88258,28.2613,20.5865,3.36389,17.9557,21.9576,6.21232,30.9662,7.95912,9.9927,1.30448,1.83671,22.1606,18.9103,2.35558,5.59285,23.5798,17.0755,6.37172,31.6803,17.9895,0.925728,23.5424,9.88181,4.45396,8.16292,12.9579,7.84489,10.5696,24.7406,14.1427,14.8176,13.9232,12.3893,12.1579,29.8745,5.77167,7.0047,12.1104,12.4847,13.6229,20.7172,2.64401,4.38985,14.2333,19.712,5.1081,2.80807,8.96422,14.8779,25.7433,26.2582,4.86775,13.8624,0.73467,1.49401,0.918265,4.20382,8.18189,12.0115,15.7816,17.9407,30.6372,16.7845,4.75082,17.96,12.6934,15.2646,10.3661,5.4485,6.07011,18.218,15.7428,7.56422,17.4543,17.7794,16.0475,4.89899,7.47872,29.7594,18.6766,25.6986,24.7145,7.44168,1.8611,2.98899,4.0581,23.3286,19.7891,5.15204,20.6033,11.1282,15.2953,10.8486,13.8779,24.9403,1.96589,18.1826,18.0926,13.0775,10.918,9.95987,4.77561,13.259,19.222,3.61031,24.2456,19.8666,25.6898,2.00428,9.05874,20.7798,1.49401,11.0523,16.3403,6.55911,10.4849,24.2255,31.9501,12.1769,14.9695,25.9422,7.30518,16.7539,28.0241,5.80437,1.06751,29.8812,18.3745,20.0461,0.397615,22.8698,21.797,22.4532,5.007,1.49401,8.28551,20.1224,16.3054,13.1378,17.5005,15.2424,14.552,10.0543,31.6525,4.18519,16.2779,23.0798,
DUALS 110,2693.95,663184,656951,0,8.9581,6.21891,30.1019,13.2924,19.0907,13.6723,18.2822,32.017,12.6641,17.057,9.22184,15.5051,7.58518,10.5537,7.85128,18.3526,2.82312,21.6767,14.4311,19.0135,28.6276,19.6193,27.3297,13.0842,10.2906,10.8442,19.8636,6.43276,7.41094,15.7447,7.79949,29.7856,18.2506,2.17856,18.7369,18.6215,14.5033,18.0526,1.05535,9.21445,17.3183,18.2379,8.23384,13.6465,14.6345,17.328,14.8852,19.4646,6.99621,12.979,14.4666,14.592,4.88258,28.2613,20.5865,3.36389,17.9557,21.9576,4.87398,30.9662,7.95912,9.9927,1.30448,1.83671,22.1606,18.9103,2.35558,4.2545,23.5798,17.0755,6.37172,31.6803,17.9895,2.26407,23.5424,8.54346,4.45396,8.16292,12.9579,7.84489,10.5696,24.7406,14.1427,14.8176,13.9232,12.3893,12.1579,29.8745,4.43332,7.0047,12.1104,12.4847,13.6229,20.7172,2.64401,5.7282,15.5717,19.712,5.1081,2.80807,8.96422,13.5395,25.7433,26.2582,3.52941,13.8624,0.73467,1.49401,0.918265,4.20382,8.18189,12.0115,15.7816,17.9407,30.6372,16.7845,4.75082,17.96,12.6934,15.2646,10.3661,5.4485,6.07011,18.218,15.7428,7.56422,17.4543,17.7794,16.0475,6.23734,7.47872,29.7594,17.3383,25.6986,24.7145,7.44168,1.8611,2.98899,4.0581,23.3286,19.7891,5.15204,20.6033,11.1282,15.2953,9.51027,13.8779,24.9403,3.30423,18.1826,18.0926,11.7391,9.5797,9.95987,4.77561,13.259,19.222,3.61031,24.2456,19.8666,25.6898,2.00428,9.05874,20.7798,1.49401,11.0523,16.3403,6.55911,9.14654,24.2255,31.9501,12.1769,14.9695,25.9422,7.30518,16.7539,28.0241,5.80437,1.06751,29.8812,18.3745,20.0461,0.397615,22.8698,21.797,22.4532,5.007,1.49401,8.28551,20.1224,16.3054,14.4761,17.5005,15.2424,14.552,11.3927,31.6525,4.18519,16.2779,23.0798,
DUALS 110,2693.95,663184,656965,0,8.9581,6.21891,30.1019,13.2924,19.0907,13.6723,18.2822,32.017,12.6641,17.057,9.22184,15.5051,7.58518,11.382,8.6796,18.3526,2.82312,21.6767,12.7745,19.0135,28.6276,19.6193,27.3297,13.0842,10.2906,11.6725,19.8636,4.77612,7.41094,14.088,7.79949,29.7856,18.2506,2.17856,18.7369,18.6215,14.5033,18.0526,1.05535,10.0428,17.3183,18.2379,8.23384,14.4749,14.6345,17.328,14.8852,20.2929,6.99621,12.979,14.4666,14.592,4.88258,28.2613,20.5865,3.36389,17.9557,21.9576,5.70229,30.9662,7.95912,9.9927,1.30448,1.83671,22.1606,18.9103,2.35558,5.08282,23.5798,17.0755,6.37172,31.6803,17.9895,0.607436,23.5424,9.37178,4.45396,8.16292,12.9579,7.84489,10.5696,24.7406,14.1427,14.8176,13.9232,12.3893,12.1579,29.8745,5.26164,7.0047,12.1104,12.4847,13.6229,20.7172,2.64401,4.07156,13.915,19.712,5.1081,2.80807,8.96422,14.3678,25.7433,26.2582,4.35773,13.8624,0.73467,1.49401,0.918265,4.20382,8.18189,12.0115,15.7816,17.9407,30.6372,16.7845,4.75082,17.96,12.6934,15.2646,10.3661,5.4485,6.07011,18.218,15.7428,7.56422,17.4543,17.7794,16.0475,4.5807,7.47872,29.7594,18.1666,25.6986,24.7145,7.44168,1.8611,2.98899,4.0581,23.3286,19.7891,5.15204,20.6033,11.1282,15.2953,10.3386,13.8779,24.9403,1.6476,18.1826,18.0926,12.5674,10.408,9.95987,4.77561,13.259,19.222,3.61031,24.2456,19.8666,25.6898,2.00428,9.05874,20.7798,1.49401,11.0523,16.3403,6.55911,9.97486,24.2255,31.9501,12.1769,14.9695,25.9422,7.30518,16.7539,28.0241,5.80437,1.06751,29.8812,18.3745,20.0461,0.397615,22.8698,21.797,22.4532,5.007,1.49401,8.28551,20.1224,16.3054,12.8195,17.5005,15.2424,14.552,9.73602,31.6525,4.18519,16.2779,23.0798,
DUALS 110,2693.95,663184,656996,0,8.9581,6.21891,30.1019,13.2924,19.0907,13.6723,18.2822,32.017,12.6641,17.057,9.22184,15.5051,7.58518,12.8581,10.1557,18.3526,2.82312,21.6767,14.2506,19.0135,28.6276,19.6193,27.3297,13.0842,10.2906,13.1486,19.8636,6.25225,7.41094,15.5642,7.79949,29.7856,18.2506,2.17856,18.7369,18.6215,14.5033,18.0526,1.05535,11.5189,17.3183,18.2379,8.23384,14.4749,14.6345,17.328,14.8852,21.769,6.99621,12.979,14.4666,14.592,4.88258,28.2613,20.5865,3.36389,17.9557,21.9576,7.17842,30.9662,7.95912,9.9927,1.30448,1.83671,22.1606,18.9103,2.35558,5.08282,23.5798,17.0755,6.37172,31.6803,17.9895,2.08356,23.5424,9.37178,4.45396,8.16292,12.9579,7.84489,10.5696,24.7406,14.1427,14.8176,13.9232,12.3893,12.1579,29.8745,6.73777,7.0047,12.1104,12.4847,13.6229,20.7172,2.64401,5.54769,15.3912,19.712,5.1081,2.80807,8.96422,14.3678,25.7433,26.2582,5.83385,13.8624,0.73467,1.49401,0.918265,4.20382,8.18189,12.0115,15.7816,17.9407,30.6372,16.7845,4.75082,17.96,12.6934,16.7408,10.3661,5.4485,6.07011,18.218,15.7428,7.56422,17.4543,17.7794,16.0475,6.05683,7.47872,29.7594,19.6427,25.6986,24.7145,7.44168,1.8611,2.98899,4.0581,23.3286,19.7891,5.15204,20.6033,11.1282,15.2953,10.3386,13.8779,24.9403,3.12373,18.1826,18.0926,14.0436,11.8841,9.95987,4.77561,13.259,19.222,3.61031,24.2456,19.8666,25.6898,2.00428,9.05874,20.7798,1.49401,11.0523,16.3403,6.55911,11.451,24.2255,31.9501,12.1769,14.9695,25.9422,7.30518,16.7539,28.0241,5.80437,1.06751,29.8812,18.3745,20.0461,0.397615,22.8698,21.797,22.4532,5.007,1.49401,8.28551,20.1224,16.3054,14.2956,17.5005,15.2424,14.552,11.2121,31.6525,4.18519,16.2779,23.0798,
DUALS 110,2693.95,663184,657098,0,8.9581,6.21891,30.1019,13.2924,19.0907,13.6723,18.2822,32.017,12.6641,17.057,9.22184,15.5051,7.58518,11.1035,8.4011,18.3526,2.82312,21.6767,12.496,19.0135,28.6276,19.6193,27.3297,13.0842,10.2906,12.2713,19.8636,5.37493,7.41094,15.5642,7.79949,29.7856,18.2506,2.17856,18.7369,18.6215,14.5033,18.0526,1.05535,10.6416,17.3183,18.2379,8.23384,14.4749,14.6345,17.328,14.8852,20.8917,6.99621,12.979,14.4666,14.592,4.88258,28.2613,20.5865,3.36389,17.9557,21.9576,5.42379,30.9662,7.95912,9.9927,1.30448,1.83671,22.1606,18.9103,2.35558,5.08282,23.5798,17.0755,6.37172,31.6803,17.9895,1.20625,23.5424,9.37178,4.45396,8.16292,12.9579,7.84489,10.5696,24.7406,14.1427,14.8176,13.9232,12.3893,12.1579,29.8745,4.98314,7.0047,12.1104,12.4847,13.6229,20.7172,2.64401,4.67037,13.6365,19.712,5.1081,2.80807,8.96422,14.3678,25.7433,26.2582,4.07922,13.8624,0.73467,1.49401,0.918265,4.20382,8.18189,12.0115,15.7816,17.9407,30.6372,16.7845,4.75082,17.96,12.6934,14.9861,10.3661,5.4485,6.07011,18.218,15.7428,7.56422,17.4543,17.7794,16.0475,5.17951,6.6014,29.7594,18.7654,25.6986,24.7145,7.44168,1.8611,2.98899,4.0581,23.3286,19.7891,5.15204,20.6033,11.1282,15.2953,10.3386,13.8779,24.9403,2.24641,18.1826,18.0926,13.1663,11.0068,9.95987,4.77561,13.259,19.222,3.61031,24.2456,19.8666,25.6898,2.00428,9.05874,20.7798,1.49401,11.0523,16.3403,6.55911,9.69636,24.2255,31.9501,12.1769,14.9695,25.9422,7.30518,16.7539,28.0241,5.80437,1.06751,29.8812,18.3745,20.0461,0.397615,22.8698,21.797,22.4532,5.007,1.49401,8.28551,20.1224,16.3054,12.541,17.5005,15.2424,14.552,9.45751,31.6525,4.18519,16.2779,23.0798,
STATS - lpIterations[2] lagIterations[338] sspIterations[6946] numSeparations[771] numCuts[0] compileTime[0] sspSolveTime[57] lpSolveTime[0] lb[2694.16] ub[2694.9] numArcs: [663184] numFixed: [657098] time: [110]
DUALS 111,2694.16,663183,658071,0,8.9581,6.21891,30.1019,13.2924,19.0907,13.6723,18.2822,32.017,12.6641,17.057,9.22184,15.5051,7.58518,11.1035,11.197,18.3526,2.82312,21.6767,15.2919,19.0135,28.6276,19.6193,27.3297,13.0842,10.2906,12.2713,19.8636,5.37493,7.41094,18.3601,7.79949,29.7856,18.2506,2.17856,18.7369,18.6215,14.5033,18.0526,1.05535,10.6416,17.3183,18.2379,8.23384,14.4749,14.6345,17.328,14.8852,20.8917,6.99621,12.979,14.4666,14.592,4.88258,28.2613,20.5865,3.36389,17.9557,21.9576,8.21973,30.9662,7.95912,9.9927,1.30448,1.83671,22.1606,18.9103,2.35558,5.08282,23.5798,17.0755,6.37172,31.6803,17.9895,1.20625,23.5424,9.37178,4.45396,8.16292,12.9579,7.84489,10.5696,24.7406,14.1427,14.8176,13.9232,12.3893,12.1579,29.8745,7.77907,7.0047,12.1104,12.4847,13.6229,20.7172,2.64401,4.67037,16.4325,19.712,5.1081,2.80807,8.96422,14.3678,25.7433,26.2582,6.87516,13.8624,0.73467,1.49401,0.918265,4.20382,8.18189,12.0115,15.7816,17.9407,30.6372,16.7845,4.75082,17.96,12.6934,17.7821,10.3661,5.4485,6.07011,18.218,15.7428,7.56422,17.4543,17.7794,16.0475,5.17951,6.6014,29.7594,18.7654,25.6986,24.7145,7.44168,1.8611,2.98899,4.0581,23.3286,19.7891,5.15204,20.6033,11.1282,15.2953,10.3386,13.8779,24.9403,2.24641,18.1826,18.0926,13.1663,11.0068,9.95987,4.77561,13.259,19.222,3.61031,24.2456,19.8666,25.6898,2.00428,9.05874,20.7798,1.49401,11.0523,16.3403,6.55911,12.4923,24.2255,31.9501,12.1769,14.9695,25.9422,7.30518,16.7539,28.0241,5.80437,1.06751,29.8812,18.3745,20.0461,0.397615,22.8698,21.797,22.4532,5.007,1.49401,8.28551,20.1224,16.3054,15.3369,17.5005,15.2424,14.552,12.2535,31.6525,4.18519,16.2779,23.0798,
DUALS 111,2694.16,663799,656032,0,8.9581,6.21891,30.1019,13.2924,19.0907,13.6723,18.2822,32.017,12.6641,17.057,9.22184,15.5051,7.58518,9.81283,9.26104,18.3526,2.82312,21.6767,13.3559,19.0135,28.6276,19.6193,27.3297,13.0842,10.2906,12.2713,19.8636,6.02026,7.41094,17.0694,7.79949,29.7856,18.2506,2.17856,18.7369,18.6215,14.5033,18.0526,1.05535,10.6416,17.3183,18.2379,8.23384,15.1202,14.6345,17.328,14.8852,20.2464,6.99621,12.979,14.4666,14.592,4.88258,28.2613,20.5865,3.36389,17.9557,21.9576,6.28374,30.9662,7.95912,9.9927,1.30448,1.83671,22.1606,18.9103,2.35558,5.08282,23.5798,17.0755,6.37172,31.6803,17.9895,1.85158,23.5424,9.37178,4.45396,8.16292,12.9579,7.84489,10.5696,24.7406,14.1427,14.8176,13.9232,12.3893,12.1579,29.8745,5.84308,7.0047,12.1104,12.4847,13.6229,20.7172,2.64401,5.3157,14.4965,19.712,5.1081,2.80807,8.96422,15.0132,25.7433,26.2582,4.93917,13.8624,0.73467,1.49401,0.918265,4.20382,8.18189,12.0115,15.7816,17.9407,30.6372,16.7845,4.75082,17.96,12.6934,17.7821,10.3661,5.4485,6.07011,18.218,15.7428,7.56422,17.4543,17.7794,16.0475,5.82484,6.6014,29.7594,18.1201,25.6986,24.7145,7.44168,1.8611,2.98899,4.0581,23.3286,19.7891,5.15204,20.6033,11.1282,15.2953,10.9839,13.8779,24.9403,2.89174,18.1826,18.0926,13.1663,11.0068,9.95987,4.77561,13.259,19.222,3.61031,24.2456,19.8666,25.6898,2.00428,9.05874,20.7798,1.49401,11.0523,16.3403,6.55911,11.847,24.2255,31.9501,12.1769,14.9695,25.9422,7.30518,16.7539,28.0241,5.80437,1.06751,29.8812,18.3745,20.0461,0.397615,22.8698,21.797,22.4532,5.007,1.49401,8.28551,20.1224,16.3054,13.4009,17.5005,15.2424,14.552,10.3175,31.6525,4.18519,16.2779,23.0798,
DUALS 111,2694.16,663799,657401,0,8.9581,6.21891,30.1019,13.2924,19.0907,13.6723,18.2822,32.017,12.6641,17.057,9.22184,15.5051,7.58518,12.5957,6.47821,18.3526,2.82312,21.6767,13.3559,19.0135,28.6276,19.6193,27.3297,13.0842,10.2906,9.48847,19.8636,6.02026,7.41094,17.0694,7.79949,29.7856,18.2506,2.17856,18.7369,18.6215,14.5033,18.0526,1.05535,7.85875,17.3183,18.2379,8.23384,15.1202,14.6345,17.328,14.8852,17.4635,6.99621,12.979,14.4666,14.592,4.88258,28.2613,20.5865,3.36389,17.9557,21.9576,3.50091,30.9662,7.95912,9.9927,1.30448,1.83671,22.1606,18.9103,2.35558,5.08282,23.5798,17.0755,6.37172,31.6803,17.9895,1.85158,23.5424,9.37178,4.45396,8.16292,12.9579,7.84489,10.5696,24.7406,14.1427,14.8176,13.9232,12.3893,12.1579,29.8745,3.06025,7.0047,12.1104,12.4847,13.6229,20.7172,2.64401,5.3157,14.4965,19.712,5.1081,2.80807,8.96422,15.0132,25.7433,26.2582,2.15634,13.8624,0.73467,1.49401,0.918265,4.20382,8.18189,12.0115,15.7816,17.9407,30.6372,16.7845,4.75082,17.96,12.6934,17.7821,10.3661,5.4485,6.07011,18.218,15.7428,7.56422,17.4543,17.7794,16.0475,5.82484,6.6014,29.7594,15.3373,25.6986,24.7145,7.44168,1.8611,2.98899,4.0581,23.3286,19.7891,5.15204,20.6033,11.1282,15.2953,10.9839,13.8779,24.9403,2.89174,18.1826,18.0926,10.3834,8.224,9.95987,4.77561,13.259,19.222,3.61031,24.2456,19.8666,25.6898,2.00428,9.05874,20.7798,1.49401,11.0523,16.3403,6.55911,9.06414,24.2255,31.9501,12.1769,14.9695,25.9422,7.30518,16.7539,28.0241,5.80437,1.06751,29.8812,18.3745,20.0461,0.397615,22.8698,21.797,22.4532,5.007,1.49401,8.28551,20.1224,16.3054,13.4009,17.5005,15.2424,14.552,10.3175,31.6525,4.18519,16.2779,23.0798,
DUALS 112,2694.16,663790,657401,0,8.9581,6.21891,30.1019,13.2924,19.0907,13.6723,18.2822,32.017,12.6641,17.057,9.22184,15.5051,7.58518,12.5957,11.4687,18.3526,2.82312,21.6767,13.3559,19.0135,28.6276,19.6193,27.3297,13.0842,10.2906,14.479,19.8636,6.02026,7.41094,17.0694,7.79949,29.7856,18.2506,2.17856,18.7369,18.6215,14.5033,18.0526,1.05535,12.8493,17.3183,18.2379,8.23384,15.1202,14.6345,17.328,14.8852,22.454,6.99621,12.979,14.4666,14.592,4.88258,28.2613,20.5865,3.36389,17.9557,21.9576,8.49142,30.9662,7.95912,9.9927,1.30448,1.83671,22.1606,18.9103,2.35558,5.08282,23.5798,17.0755,6.37172,31.6803,17.9895,1.85158,23.5424,9.37178,4.45396,8.16292,12.9579,7.84489,10.5696,24.7406,14.1427,14.8176,13.9232,12.3893,12.1579,29.8745,8.05077,7.0047,12.1104,12.4847,13.6229,20.7172,2.64401,5.3157,14.4965,19.712,5.1081,2.80807,8.96422,15.0132,25.7433,26.2582,7.14685,13.8624,0.73467,1.49401,0.918265,4.20382,8.18189,12.0115,15.7816,17.9407,30.6372,16.7845,4.75082,17.96,12.6934,17.7821,10.3661,5.4485,6.07011,18.218,15.7428,7.56422,17.4543,17.7794,16.0475,5.82484,6.6014,29.7594,20.3278,25.6986,24.7145,7.44168,1.8611,2.98899,4.0581,23.3286,19.7891,5.15204,20.6033,11.1282,15.2953,10.9839,13.8779,24.9403,2.89174,18.1826,18.0926,15.3739,13.2145,9.95987,4.77561,13.259,19.222,3.61031,24.2456,19.8666,25.6898,2.00428,9.05874,20.7798,1.49401,11.0523,16.3403,6.55911,14.0546,24.2255,31.9501,12.1769,14.9695,25.9422,7.30518,16.7539,28.0241,5.80437,1.06751,29.8812,18.3745,20.0461,0.397615,22.8698,21.797,22.4532,5.007,1.49401,8.28551,20.1224,16.3054,13.4009,17.5005,15.2424,14.552,10.3175,31.6525,4.18519,16.2779,23.0798,
DUALS 112,2694.16,664101,656338,0,8.9581,6.21891,30.1019,13.2924,19.0907,13.6723,18.2822,32.017,12.6641,17.057,9.22184,15.5051,7.58518,12.5957,9.29278,18.3526,2.82312,21.6767,13.3559,19.0135,28.6276,19.6193,27.3297,13.0842,10.2906,13.391,19.8636,6.56425,7.41094,17.0694,7.79949,29.7856,18.2506,2.17856,18.7369,18.6215,14.5033,18.0526,1.05535,11.2173,17.3183,18.2379,8.23384,15.1202,14.6345,17.328,14.8852,21.3661,6.99621,12.979,14.4666,14.592,4.88258,28.2613,20.5865,3.36389,17.9557,21.9576,6.85946,30.9662,7.95912,9.44871,1.30448,1.83671,22.1606,18.9103,2.35558,5.08282,23.5798,17.0755,6.37172,31.6803,17.9895,2.39557,23.5424,9.37178,4.45396,8.16292,12.9579,7.84489,10.5696,24.7406,14.1427,14.8176,13.9232,12.3893,12.1579,29.8745,5.87482,7.0047,12.1104,12.4847,13.6229,20.7172,2.64401,5.85969,14.4965,19.712,5.1081,2.80807,8.96422,15.0132,25.7433,26.2582,4.9709,13.8624,0.73467,1.49401,0.918265,4.20382,8.18189,12.0115,15.7816,17.9407,30.6372,16.7845,4.75082,17.96,12.6934,16.6941,10.3661,5.4485,6.07011,18.218,15.7428,7.56422,17.4543,17.7794,16.0475,6.36883,6.6014,29.7594,19.7838,25.6986,24.7145,7.44168,1.8611,2.98899,4.0581,23.3286,19.7891,5.15204,20.6033,11.1282,15.2953,10.9839,13.8779,24.9403,3.43573,18.1826,18.0926,13.742,11.0386,9.95987,4.77561,13.259,19.222,3.61031,24.2456,19.8666,25.6898,2.00428,9.05874,20.7798,1.49401,11.0523,16.3403,6.55911,10.7907,24.2255,31.9501,12.1769,14.9695,25.9422,7.30518,16.7539,28.0241,5.80437,1.06751,29.8812,18.3745,20.0461,0.397615,22.8698,21.797,22.4532,5.007,1.49401,8.28551,20.1224,16.3054,13.4009,17.5005,15.2424,14.552,10.8614,31.6525,4.18519,16.2779,23.0798,
DUALS 112,2694.16,664166,656402,0,8.9581,6.21891,30.1019,13.2924,19.0907,13.6723,18.2822,32.017,12.6641,17.057,9.22184,15.5051,7.58518,10.7112,9.29278,18.3526,2.82312,21.6767,12.8848,19.0135,28.6276,19.6193,27.3297,13.0842,10.2906,12.4488,19.8636,5.15091,7.41094,16.5983,7.79949,29.7856,18.2506,2.17856,18.7369,18.6215,14.5033,18.0526,1.05535,10.2751,17.3183,18.2379,8.23384,15.1202,14.6345,17.328,14.8852,20.895,6.99621,12.979,14.4666,14.592,4.88258,28.2613,20.5865,3.36389,17.9557,21.9576,6.85946,30.9662,7.95912,9.44871,1.30448,1.83671,22.1606,18.9103,2.35558,5.08282,23.5798,17.0755,6.37172,31.6803,17.9895,0.982221,23.5424,9.37178,4.45396,8.16292,12.9579,7.84489,10.5696,24.7406,14.1427,14.8176,13.9232,12.3893,12.1579,29.8745,5.87482,7.0047,12.1104,12.4847,13.6229,20.7172,2.64401,4.44634,14.0254,19.712,5.1081,2.80807,8.96422,15.0132,25.7433,26.2582,4.9709,13.8624,0.73467,1.49401,0.918265,4.20382,8.18189,12.0115,15.7816,17.9407,30.6372,16.7845,4.75082,17.96,12.6934,15.7519,10.3661,5.4485,6.07011,18.218,15.7428,7.56422,17.4543,17.7794,16.0475,4.95549,6.13029,29.7594,19.3127,25.6986,24.7145,7.44168,1.8611,2.98899,4.0581,23.3286,19.7891,5.15204,20.6033,11.1282,15.2953,10.9839,13.8779,24.9403,2.02238,18.1826,18.0926,12.7997,10.0963,9.95987,4.77561,13.259,19.222,3.61031,24.2456,19.8666,25.6898,2.00428,9.05874,20.7798,1.49401,11.0523,16.3403,6.55911,10.7907,24.2255,31.9501,12.1769,14.9695,25.9422,7.30518,16.7539,28.0241,5.80437,1.06751,29.8812,18.3745,20.0461,0.397615,22.8698,21.797,22.4532,5.007,1.49401,8.28551,20.1224,16.3054,12.9298,17.5005,15.2424,14.552,10.3903,31.6525,4.18519,16.2779,23.0798,
DUALS 113,2694.16,664165,658909,0,8.9581,6.21891,30.1019,13.2924,19.0907,13.6723,18.2822,32.017,12.6641,17.057,9.22184,15.5051,7.58518,11.984,8.01994,18.3526,2.82312,21.6767,14.1576,19.0135,28.6276,19.6193,27.3297,13.0842,10.2906,11.1759,19.8636,6.42375,7.41094,16.5983,7.79949,29.7856,18.2506,2.17856,18.7369,18.6215,14.5033,18.0526,1.05535,9.00223,17.3183,18.2379,8.23384,13.8474,14.6345,17.328,14.8852,19.6221,6.99621,12.979,14.4666,14.592,4.88258,28.2613,20.5865,3.36389,17.9557,21.9576,5.58662,30.9662,7.95912,9.44871,1.30448,1.83671,22.1606,18.9103,2.35558,3.80998,23.5798,17.0755,6.37172,31.6803,17.9895,2.25506,23.5424,8.09894,4.45396,8.16292,12.9579,7.84489,10.5696,24.7406,14.1427,14.8176,13.9232,12.3893,12.1579,29.8745,4.60198,7.0047,12.1104,12.4847,13.6229,20.7172,2.64401,5.71918,15.2982,19.712,5.1081,2.80807,8.96422,13.7403,25.7433,26.2582,3.69806,13.8624,0.73467,1.49401,0.918265,4.20382,8.18189,12.0115,15.7816,17.9407,30.6372,16.7845,4.75082,17.96,12.6934,15.7519,10.3661,5.4485,6.07011,18.218,15.7428,7.56422,17.4543,17.7794,16.0475,6.22833,6.13029,29.7594,18.0398,25.6986,24.7145,7.44168,1.8611,2.98899,4.0581,23.3286,19.7891,5.15204,20.6033,11.1282,15.2953,9.71108,13.8779,24.9403,3.29522,18.1826,18.0926,11.5269,8.82349,9.95987,4.77561,13.259,19.222,3.61031,24.2456,19.8666,25.6898,2.00428,9.05874,20.7798,1.49401,11.0523,16.3403,6.55911,9.51788,24.2255,31.9501,12.1769,14.9695,25.9422,7.30518,16.7539,28.0241,5.80437,1.06751,29.8812,18.3745,20.0461,0.397615,22.8698,21.797,22.4532,5.007,1.49401,8.28551,20.1224,16.3054,14.2026,17.5005,15.2424,14.552,11.6632,31.6525,4.18519,16.2779,23.0798,
DUALS 113,2694.16,664167,656403,0,8.9581,6.21891,30.1019,13.2924,19.0907,13.6723,18.2822,32.017,12.6641,17.057,9.22184,15.5051,7.58518,9.78772,8.75204,18.3526,2.82312,21.6767,13.4255,19.0135,28.6276,19.6193,27.3297,13.0842,10.2906,11.908,19.8636,4.95953,7.41094,15.8662,7.79949,29.7856,18.2506,2.17856,18.7369,18.6215,14.5033,18.0526,1.05535,9.73434,17.3183,18.2379,8.23384,14.5795,14.6345,17.328,14.8852,19.6221,6.99621,12.979,14.4666,14.592,4.88258,28.2613,20.5865,3.36389,17.9557,21.9576,6.31873,30.9662,7.95912,9.44871,1.30448,1.83671,22.1606,18.9103,2.35558,4.54209,23.5798,17.0755,6.37172,31.6803,17.9895,0.790848,23.5424,8.83105,4.45396,8.16292,12.9579,7.84489,10.5696,24.7406,14.1427,14.8176,13.9232,12.3893,12.1579,29.8745,5.33408,7.0047,12.1104,12.4847,13.6229,20.7172,2.64401,4.25497,13.1019,19.712,5.1081,2.80807,8.96422,14.4724,25.7433,26.2582,4.43017,13.8624,0.73467,1.49401,0.918265,4.20382,8.18189,12.0115,15.7816,17.9407,30.6372,16.7845,4.75082,17.96,12.6934,15.7519,10.3661,5.4485,6.07011,18.218,15.7428,7.56422,17.4543,17.7794,16.0475,4.76411,6.86239,29.7594,18.0398,25.6986,24.7145,7.44168,1.8611,2.98899,4.0581,23.3286,19.7891,5.15204,20.6033,11.1282,15.2953,10.4432,13.8779,24.9403,1.83101,18.1826,18.0926,12.259,9.5556,9.95987,4.77561,13.259,19.222,3.61031,24.2456,19.8666,25.6898,2.00428,9.05874,20.7798,1.49401,11.0523,16.3403,6.55911,10.25,24.2255,31.9501,12.1769,14.9695,25.9422,7.30518,16.7539,28.0241,5.80437,1.06751,29.8812,18.3745,20.0461,0.397615,22.8698,21.797,22.4532,5.007,1.49401,8.28551,20.1224,16.3054,12.7384,17.5005,15.2424,14.552,10.199,31.6525,4.18519,16.2779,23.0798,
DUALS 113,2694.16,664164,657975,0,8.9581,6.21891,30.1019,13.2924,19.0907,13.6723,18.2822,32.017,12.6641,17.057,9.22184,15.5051,7.58518,12.5191,11.4834,18.3526,2.82312,21.6767,13.4255,19.0135,28.6276,19.6193,27.3297,13.0842,10.2906,14.6394,19.8636,4.95953,7.41094,15.8662,7.79949,29.7856,18.2506,2.17856,18.7369,18.6215,14.5033,18.0526,1.05535,12.4657,17.3183,18.2379,8.23384,14.5795,14.6345,17.328,14.8852,22.3535,6.99621,12.979,14.4666,14.592,4.88258,28.2613,20.5865,3.36389,17.9557,21.9576,9.05013,30.9662,7.95912,9.44871,1.30448,1.83671,22.1606,18.9103,2.35558,4.54209,23.5798,17.0755,6.37172,31.6803,17.9895,0.790848,23.5424,8.83105,4.45396,8.16292,12.9579,7.84489,10.5696,24.7406,14.1427,14.8176,13.9232,12.3893,12.1579,29.8745,8.06549,7.0047,12.1104,12.4847,13.6229,20.7172,2.64401,4.25497,13.1019,19.712,5.1081,2.80807,8.96422,14.4724,25.7433,26.2582,7.16157,13.8624,0.73467,1.49401,0.918265,4.20382,8.18189,12.0115,15.7816,17.9407,30.6372,16.7845,4.75082,17.96,12.6934,15.7519,10.3661,5.4485,6.07011,18.218,15.7428,7.56422,17.4543,17.7794,16.0475,4.76411,6.86239,29.7594,20.7712,25.6986,24.7145,7.44168,1.8611,2.98899,4.0581,23.3286,19.7891,5.15204,20.6033,11.1282,15.2953,10.4432,13.8779,24.9403,1.83101,18.1826,18.0926,14.9904,12.287,9.95987,4.77561,13.259,19.222,3.61031,24.2456,19.8666,25.6898,2.00428,9.05874,20.7798,1.49401,11.0523,16.3403,6.55911,12.9814,24.2255,31.9501,12.1769,14.9695,25.9422,7.30518,16.7539,28.0241,5.80437,1.06751,29.8812,18.3745,20.0461,0.397615,22.8698,21.797,22.4532,5.007,1.49401,8.28551,20.1224,16.3054,12.7384,17.5005,15.2424,14.552,10.199,31.6525,4.18519,16.2779,23.0798,
DUALS 114,2694.16,664161,658194,0,8.9581,6.21891,30.1019,13.2924,19.0907,13.6723,18.2822,32.017,12.6641,17.057,9.22184,15.5051,7.58518,12.5191,8.48049,18.3526,2.82312,21.6767,13.4255,19.0135,28.6276,19.6193,27.3297,13.0842,10.2906,12.6375,19.8636,5.96052,7.41094,15.8662,7.79949,29.7856,18.2506,2.17856,18.7369,18.6215,14.5033,18.0526,1.05535,10.4638,17.3183,18.2379,8.23384,14.5795,14.6345,17.328,14.8852,20.3515,6.99621,12.979,14.4666,14.592,4.88258,28.2613,20.5865,3.36389,17.9557,21.9576,6.04717,30.9662,7.95912,9.44871,1.30448,1.83671,22.1606,18.9103,2.35558,4.54209,23.5798,17.0755,6.37172,31.6803,17.9895,1.79183,23.5424,8.83105,4.45396,8.16292,12.9579,7.84489,10.5696,24.7406,14.1427,14.8176,13.9232,12.3893,12.1579,29.8745,5.06253,7.0047,12.1104,12.4847,13.6229,20.7172,2.64401,5.25596,13.1019,19.712,5.1081,2.80807,8.96422,14.4724,25.7433,26.2582,4.15861,13.8624,0.73467,1.49401,0.918265,4.20382,8.18189,12.0115,15.7816,17.9407,30.6372,16.7845,4.75082,17.96,12.6934,15.7519,10.3661,5.4485,6.07011,18.218,15.7428,7.56422,17.4543,17.7794,16.0475,5.7651,6.86239,29.7594,19.7702,25.6986,24.7145,7.44168,1.8611,2.98899,4.0581,23.3286,19.7891,5.15204,20.6033,11.1282,15.2953,10.4432,13.8779,24.9403,2.83199,18.1826,18.0926,12.9884,10.285,9.95987,4.77561,13.259,19.222,3.61031,24.2456,19.8666,25.6898,2.00428,9.05874,20.7798,1.49401,11.0523,16.3403,6.55911,9.97843,24.2255,31.9501,12.1769,14.9695,25.9422,7.30518,16.7539,28.0241,5.80437,1.06751,29.8812,18.3745,20.0461,0.397615,22.8698,21.797,22.4532,5.007,1.49401,8.28551,20.1224,16.3054,12.7384,17.5005,15.2424,14.552,10.199,31.6525,4.18519,16.2779,23.0798,
DUALS 114,2694.16,664212,656450,0,8.9581,6.21891,30.1019,13.2924,19.0907,13.6723,18.2822,32.017,12.6641,17.057,9.22184,15.5051,7.58518,9.99878,9.3206,18.3526,2.82312,21.6767,13.4255,19.0135,28.6276,19.6193,27.3297,13.0842,10.2906,11.7974,19.8636,4.28029,7.41094,15.8662,7.79949,29.7856,18.2506,2.17856,18.7369,18.6215,14.5033,18.0526,1.05535,9.62366,17.3183,18.2379,8.23384,14.5795,14.6345,17.328,14.8852,19.5114,6.99621,12.979,14.4666,14.592,4.88258,28.2613,20.5865,3.36389,17.9557,21.9576,6.88728,30.9662,7.95912,9.44871,1.30448,1.83671,22.1606,18.9103,2.35558,4.54209,23.5798,17.0755,6.37172,31.6803,17.9895,0.111608,23.5424,8.83105,4.45396,8.16292,12.9579,7.84489,10.5696,24.7406,14.1427,14.8176,13.9232,12.3893,12.1579,29.8745,5.90264,7.0047,12.1104,12.4847,13.6229,20.7172,2.64401,3.57573,13.1019,19.712,5.1081,2.80807,8.96422,14.4724,25.7433,26.2582,4.99873,13.8624,0.73467,1.49401,0.918265,4.20382,8.18189,12.0115,15.7816,17.9407,30.6372,16.7845,4.75082,17.96,12.6934,15.7519,10.3661,5.4485,6.07011,18.218,15.7428,7.56422,17.4543,17.7794,16.0475,4.08487,6.86239,29.7594,18.9301,25.6986,24.7145,7.44168,1.8611,2.98899,4.0581,23.3286,19.7891,5.15204,20.6033,11.1282,15.2953,10.4432,13.8779,24.9403,1.15177,18.1826,18.0926,12.1483,10.285,9.95987,4.77561,13.259,19.222,3.61031,24.2456,19.8666,25.6898,2.00428,9.05874,20.7798,1.49401,11.0523,16.3403,6.55911,9.13832,24.2255,31.9501,12.1769,14.9695,25.9422,7.30518,16.7539,28.0241,5.80437,1.06751,29.8812,18.3745,20.0461,0.397615,22.8698,21.797,22.4532,5.007,1.49401,8.28551,20.1224,16.3054,13.5785,17.5005,15.2424,14.552,10.199,31.6525,4.18519,16.2779,23.0798,
DUALS 114,2694.16,664669,656894,0,8.9581,6.21891,30.1019,13.2924,19.0907,13.6723,18.2822,32.017,12.6641,17.057,9.22184,15.5051,7.58518,9.99878,7.67679,18.3526,2.82312,21.6767,13.4255,19.0135,26.9838,19.6193,27.3297,13.0842,10.2906,13.4412,19.8636,5.92411,7.41094,15.8662,7.79949,29.7856,18.2506,2.17856,18.7369,18.6215,14.5033,18.0526,1.05535,11.2675,17.3183,18.2379,8.23384,14.5795,14.6345,17.328,14.8852,21.1552,6.99621,12.979,14.4666,12.9482,4.88258,28.2613,20.5865,3.36389,17.9557,21.9576,6.88728,30.9662,7.95912,9.44871,1.30448,1.83671,22.1606,18.9103,2.35558,4.54209,23.5798,17.0755,6.37172,31.6803,17.9895,1.75542,21.8986,8.83105,4.45396,8.16292,12.9579,7.84489,10.5696,24.7406,14.1427,14.8176,13.9232,12.3893,12.1579,29.8745,5.90264,7.0047,12.1104,10.8409,13.6229,20.7172,2.64401,5.21954,13.1019,19.712,5.1081,2.80807,8.96422,14.4724,25.7433,26.2582,4.99873,13.8624,0.73467,1.49401,0.918265,4.20382,8.18189,12.0115,15.7816,17.9407,30.6372,16.7845,4.75082,17.96,12.6934,15.7519,10.3661,5.4485,6.07011,18.218,15.7428,7.56422,17.4543,17.7794,16.0475,5.72869,6.86239,29.7594,18.9301,25.6986,24.7145,7.44168,1.8611,2.98899,4.0581,23.3286,19.7891,5.15204,20.6033,11.1282,13.6514,10.4432,13.8779,24.9403,2.79558,18.1826,18.0926,13.7921,11.9288,9.95987,4.77561,13.259,19.222,3.61031,24.2456,19.8666,25.6898,2.00428,7.41492,20.7798,1.49401,11.0523,16.3403,6.55911,10.7821,24.2255,31.9501,12.1769,14.9695,25.9422,7.30518,16.7539,28.0241,5.80437,1.06751,29.8812,18.3745,18.4023,0.397615,22.8698,21.797,22.4532,5.007,1.49401,8.28551,20.1224,16.3054,13.5785,17.5005,13.5986,12.9082,10.199,31.6525,4.18519,16.2779,23.0798,
DUALS 115,2694.16,664665,656969,0,8.9581,6.21891,30.1019,13.2924,19.0907,13.6723,18.2822,32.017,12.6641,17.057,9.22184,15.5051,7.58518,12.1982,5.47737,18.3526,2.82312,21.6767,13.4255,19.0135,29.1832,19.6193,29.5291,13.0842,10.2906,11.2418,19.8636,5.92411,7.41094,15.8662,7.79949,29.7856,18.2506,2.17856,18.7369,18.6215,14.5033,18.0526,1.05535,9.06805,17.3183,18.2379,8.23384,14.5795,14.6345,17.328,14.8852,18.9558,6.99621,12.979,14.4666,15.1476,4.88258,28.2613,20.5865,3.36389,17.9557,21.9576,4.68786,30.9662,7.95912,9.44871,1.30448,1.83671,22.1606,18.9103,2.35558,4.54209,23.5798,17.0755,6.37172,31.6803,17.9895,1.75542,24.098,8.83105,4.45396,8.16292,12.9579,7.84489,10.5696,24.7406,14.1427,14.8176,13.9232,12.3893,12.1579,29.8745,3.70322,7.0047,12.1104,13.0403,13.6229,20.7172,2.64401,5.21954,13.1019,19.712,5.1081,2.80807,8.96422,14.4724,25.7433,26.2582,2.79931,13.8624,0.73467,1.49401,0.918265,4.20382,8.18189,12.0115,15.7816,17.9407,30.6372,16.7845,4.75082,17.96,12.6934,15.7519,10.3661,5.4485,6.07011,18.218,15.7428,7.56422,17.4543,17.7794,16.0475,5.72869,6.86239,29.7594,16.7307,25.6986,24.7145,7.44168,1.8611,2.98899,4.0581,23.3286,19.7891,5.15204,20.6033,11.1282,15.8509,10.4432,13.8779,24.9403,2.79558,18.1826,18.0926,11.5927,9.72943,9.95987,4.77561,13.259,19.222,3.61031,24.2456,19.8666,25.6898,2.00428,9.61434,20.7798,1.49401,11.0523,16.3403,6.55911,8.58272,24.2255,31.9501,12.1769,14.9695,25.9422,7.30518,16.7539,28.0241,5.80437,1.06751,29.8812,18.3745,20.6017,0.397615,22.8698,21.797,22.4532,5.007,1.49401,8.28551,20.1224,16.3054,13.5785,17.5005,15.798,15.1076,10.199,31.6525,4.18519,16.2779,23.0798,
DUALS 115,2694.16,664807,657035,0,8.9581,6.21891,30.1019,13.2924,19.0907,13.6723,18.2822,32.017,12.6641,17.057,9.22184,15.5051,7.58518,12.1982,6.36989,18.3526,2.82312,21.6767,13.4255,19.0135,28.2907,19.6193,27.7441,13.0842,10.2906,12.1343,19.8636,5.92411,8.30346,15.8662,7.79949,29.7856,18.2506,2.17856,18.7369,18.6215,14.5033,18.0526,1.05535,9.96058,17.3183,19.1304,8.23384,14.5795,14.6345,17.328,14.8852,18.9558,6.99621,13.8716,14.4666,13.3625,4.88258,28.2613,20.5865,3.36389,17.9557,21.9576,5.58039,30.9662,7.95912,9.44871,1.30448,1.83671,22.1606,18.9103,2.35558,4.54209,23.5798,17.0755,6.37172,31.6803,17.9895,1.75542,22.313,8.83105,4.45396,8.16292,13.8504,7.84489,10.5696,24.7406,14.1427,14.8176,13.9232,12.3893,13.0504,29.8745,4.59575,7.0047,12.1104,12.1478,13.6229,20.7172,2.64401,5.21954,13.1019,19.712,5.1081,2.80807,8.96422,14.4724,25.7433,26.2582,3.69184,13.8624,0.73467,1.49401,0.918265,4.20382,8.18189,12.904,15.7816,17.9407,30.6372,16.7845,4.75082,17.96,12.6934,15.7519,10.3661,5.4485,6.96264,18.218,15.7428,7.56422,17.4543,17.7794,16.0475,5.72869,6.86239,29.7594,17.6232,26.5911,24.7145,7.44168,1.8611,2.98899,4.0581,23.3286,19.7891,5.15204,20.6033,11.1282,14.0658,10.4432,13.8779,24.9403,2.79558,18.1826,18.0926,12.4853,10.622,9.95987,4.77561,14.1516,19.222,3.61031,24.2456,19.8666,25.6898,2.00428,7.82929,20.7798,1.49401,11.0523,16.3403,7.45163,9.47524,24.2255,31.9501,12.1769,14.9695,25.9422,7.30518,16.7539,28.0241,5.80437,1.06751,29.8812,18.3745,18.8167,0.397615,22.8698,21.797,22.4532,5.007,1.49401,8.28551,20.1224,16.3054,13.5785,17.5005,14.013,13.3225,10.199,31.6525,4.18519,16.2779,23.0798,
DUALS 115,2694.16,664807,657134,0,8.9581,6.21891,30.1019,13.2924,19.0907,13.6723,18.2822,32.017,12.6641,17.057,9.22184,15.5051,7.58518,12.1982,7.22382,18.3526,2.82312,21.6767,13.4255,19.0135,29.1446,19.6193,28.598,13.0842,10.2906,12.9882,19.8636,5.92411,6.59561,15.8662,7.79949,29.7856,18.2506,2.17856,18.7369,18.6215,14.5033,18.0526,1.05535,10.8145,17.3183,17.4226,8.23384,14.5795,14.6345,17.328,14.8852,18.9558,6.99621,12.1637,14.4666,14.2165,4.88258,28.2613,20.5865,3.36389,17.9557,21.9576,6.43432,30.9662,7.95912,9.44871,1.30448,1.83671,22.1606,18.9103,2.35558,4.54209,23.5798,17.0755,6.37172,31.6803,17.9895,1.75542,23.1669,8.83105,4.45396,8.16292,12.1426,7.84489,10.5696,24.7406,14.1427,14.8176,13.9232,12.3893,11.3426,29.8745,5.44968,7.0047,12.1104,13.0017,13.6229,20.7172,2.64401,5.21954,13.1019,19.712,5.1081,2.80807,8.96422,14.4724,25.7433,26.2582,4.54576,13.8624,0.73467,1.49401,0.918265,4.20382,8.18189,11.1962,15.7816,17.9407,30.6372,16.7845,4.75082,17.96,12.6934,15.7519,10.3661,5.4485,5.25478,18.218,15.7428,7.56422,17.4543,17.7794,16.0475,5.72869,6.86239,29.7594,17.6232,24.8833,24.7145,7.44168,1.8611,2.98899,4.0581,23.3286,19.7891,5.15204,20.6033,11.1282,14.9197,10.4432,13.8779,24.9403,2.79558,18.1826,18.0926,13.3392,11.4759,9.95987,4.77561,12.4437,19.222,3.61031,24.2456,19.8666,25.6898,2.00428,8.68322,20.7798,1.49401,11.0523,16.3403,5.74378,10.3292,24.2255,31.9501,12.1769,14.9695,25.9422,7.30518,16.7539,28.0241,5.80437,1.06751,29.8812,18.3745,19.6706,0.397615,22.8698,21.797,22.4532,5.007,1.49401,8.28551,20.1224,16.3054,13.5785,17.5005,14.8669,14.1765,10.199,31.6525,4.18519,16.2779,23.0798,
DUALS 116,2694.16,664807,657399,0,8.9581,6.21891,30.1019,13.2924,19.0907,13.6723,18.2822,32.017,12.6641,17.057,9.22184,15.5051,7.58518,10.4921,8.92996,18.3526,2.82312,21.6767,13.4255,19.0135,29.1446,19.6193,28.598,13.0842,10.2906,12.9882,19.8636,4.21797,8.30174,15.8662,7.79949,29.7856,18.2506,2.17856,18.7369,18.6215,14.5033,18.0526,1.05535,10.8145,17.3183,19.1287,8.23384,14.5795,14.6345,17.328,14.8852,18.9558,6.99621,13.8698,14.4666,14.2165,4.88258,28.2613,20.5865,3.36389,17.9557,21.9576,8.14046,30.9662,7.95912,9.44871,1.30448,1.83671,22.1606,18.9103,2.35558,4.54209,23.5798,17.0755,6.37172,31.6803,17.9895,0.0492871,23.1669,8.83105,4.45396,8.16292,13.8487,7.84489,10.5696,24.7406,14.1427,14.8176,13.9232,12.3893,13.0487,29.8745,7.15581,7.0047,12.1104,13.0017,13.6229,20.7172,2.64401,3.51341,13.1019,19.712,5.1081,2.80807,8.96422,14.4724,25.7433,26.2582,6.2519,13.8624,0.73467,1.49401,0.918265,4.20382,8.18189,12.9023,15.7816,17.9407,30.6372,16.7845,4.75082,17.96,12.6934,15.7519,10.3661,5.4485,6.96092,18.218,15.7428,7.56422,17.4543,17.7794,16.0475,4.02255,6.86239,29.7594,17.6232,26.5894,24.7145,7.44168,1.8611,2.98899,4.0581,23.3286,19.7891,5.15204,20.6033,11.1282,14.9197,10.4432,13.8779,24.9403,1.08945,18.1826,18.0926,13.3392,11.4759,9.95987,4.77561,14.1498,19.222,3.61031,24.2456,19.8666,25.6898,2.00428,8.68322,20.7798,1.49401,11.0523,16.3403,7.44991,12.0353,25.9316,31.9501,12.1769,14.9695,25.9422,7.30518,16.7539,28.0241,5.80437,1.06751,29.8812,18.3745,19.6706,0.397615,22.8698,21.797,22.4532,5.007,1.49401,8.28551,20.1224,16.3054,13.5785,17.5005,14.8669,14.1765,10.199,31.6525,5.89133,16.2779,23.0798,
DUALS 116,2694.16,664807,657577,0,8.9581,6.21891,30.1019,13.2924,19.0907,13.6723,18.2822,32.017,12.6641,17.057,9.22184,15.5051,7.58518,10.4921,5.87767,18.3526,2.82312,21.6767,13.4255,19.0135,29.1446,19.6193,28.598,13.0842,10.2906,11.4621,19.8636,5.74412,8.30174,15.8662,7.79949,29.7856,18.2506,2.17856,18.7369,18.6215,14.5033,18.0526,1.05535,9.28836,17.3183,19.1287,8.23384,14.5795,14.6345,17.328,14.8852,17.4297,6.99621,13.8698,14.4666,14.2165,4.88258,28.2613,20.5865,3.36389,17.9557,21.9576,5.08817,30.9662,7.95912,9.44871,1.30448,1.83671,22.1606,18.9103,2.35558,4.54209,23.5798,17.0755,6.37172,31.6803,17.9895,1.57543,23.1669,8.83105,4.45396,8.16292,13.8487,7.84489,10.5696,24.7406,14.1427,14.8176,13.9232,12.3893,13.0487,29.8745,4.10353,7.0047,12.1104,13.0017,13.6229,20.7172,2.64401,5.03955,13.1019,19.712,5.1081,2.80807,8.96422,14.4724,25.7433,26.2582,3.19961,13.8624,0.73467,1.49401,0.918265,4.20382,8.18189,12.9023,15.7816,17.9407,30.6372,16.7845,4.75082,17.96,12.6934,15.7519,10.3661,5.4485,6.96092,18.218,15.7428,7.56422,17.4543,17.7794,16.0475,5.5487,6.86239,29.7594,16.0971,26.5894,24.7145,7.44168,1.8611,2.98899,4.0581,23.3286,19.7891,5.15204,20.6033,11.1282,14.9197,10.4432,13.8779,24.9403,2.61559,18.1826,18.0926,11.813,9.94974,9.95987,4.77561,14.1498,19.222,3.61031,24.2456,19.8666,25.6898,2.00428,8.68322,20.7798,1.49401,11.0523,16.3403,7.44991,10.5092,25.9316,31.9501,12.1769,14.9695,25.9422,7.30518,16.7539,28.0241,5.80437,1.06751,29.8812,18.3745,19.6706,0.397615,22.8698,21.797,22.4532,5.007,1.49401,8.28551,20.1224,16.3054,13.5785,17.5005,14.8669,14.1765,10.199,31.6525,5.89133,16.2779,23.0798,
DUALS 116,2694.16,664807,657617,0,8.9581,6.21891,30.1019,13.2924,19.0907,13.6723,18.2822,32.017,12.6641,17.057,9.22184,15.5051,7.58518,11.4905,6.87607,18.3526,2.82312,21.6767,13.4255,19.0135,29.1446,19.6193,28.598,13.0842,10.2906,12.4605,19.8636,5.74412,6.30495,15.8662,7.79949,29.7856,18.2506,2.17856,18.7369,18.6215,14.5033,18.0526,1.05535,10.2868,17.3183,17.1319,8.23384,14.5795,14.6345,17.328,14.8852,17.4297,6.99621,11.873,14.4666,14.2165,4.88258,28.2613,20.5865,3.36389,17.9557,21.9576,6.08657,30.9662,7.95912,9.44871,1.30448,1.83671,22.1606,18.9103,2.35558,4.54209,23.5798,17.0755,6.37172,31.6803,17.9895,1.57543,23.1669,8.83105,4.45396,8.16292,11.8519,7.84489,10.5696,24.7406,14.1427,14.8176,13.9232,12.3893,11.0519,29.8745,5.10192,7.0047,12.1104,13.0017,13.6229,20.7172,2.64401,5.03955,13.1019,19.712,5.1081,2.80807,8.96422,14.4724,25.7433,26.2582,4.19801,13.8624,0.73467,1.49401,0.918265,4.20382,8.18189,10.9055,15.7816,17.9407,30.6372,16.7845,4.75082,17.96,12.6934,15.7519,10.3661,5.4485,4.96413,18.218,15.7428,7.56422,17.4543,17.7794,16.0475,5.5487,6.86239,29.7594,16.0971,25.591,24.7145,7.44168,1.8611,2.98899,4.0581,23.3286,19.7891,5.15204,20.6033,11.1282,14.9197,10.4432,13.8779,24.9403,2.61559,18.1826,18.0926,12.8114,10.9481,9.95987,4.77561,12.153,19.222,3.61031,24.2456,19.8666,25.6898,2.00428,8.68322,20.7798,1.49401,11.0523,16.3403,5.45312,11.5076,24.9332,31.9501,12.1769,14.9695,25.9422,7.30518,16.7539,28.0241,5.80437,1.06751,29.8812,18.3745,19.6706,0.397615,22.8698,21.797,22.4532,5.007,1.49401,8.28551,20.1224,16.3054,13.5785,17.5005,14.8669,14.1765,10.199,31.6525,4.89293,16.2779,23.0798,
DUALS 116,2694.16,664799,657631,0,8.9581,6.21891,30.1019,13.2924,19.0907,13.6723,18.2822,32.017,12.6641,17.057,9.22184,15.5051,7.58518,11.4905,8.65414,18.3526,2.82312,21.6767,13.4255,19.0135,29.1446,19.6193,28.598,13.0842,10.2906,14.2385,19.8636,5.74412,8.08302,15.8662,7.79949,29.7856,18.2506,2.17856,18.7369,18.6215,14.5033,18.0526,1.05535,12.0648,17.3183,18.91,8.23384,14.5795,14.6345,17.328,14.8852,19.2078,6.99621,13.6511,14.4666,14.2165,4.88258,28.2613,20.5865,3.36389,17.9557,21.9576,7.86464,30.9662,7.95912,9.44871,1.30448,1.83671,22.1606,18.9103,2.35558,4.54209,23.5798,17.0755,6.37172,31.6803,17.9895,1.57543,23.1669,8.83105,4.45396,8.16292,13.63,7.84489,10.5696,24.7406,14.1427,14.8176,13.9232,12.3893,12.83,29.8745,6.88,7.0047,12.1104,13.0017,13.6229,20.7172,2.64401,5.03955,13.1019,19.712,5.1081,2.80807,8.96422,14.4724,25.7433,26.2582,5.97608,13.8624,0.73467,1.49401,0.918265,4.20382,8.18189,12.6836,15.7816,17.9407,30.6372,16.7845,4.75082,17.96,12.6934,15.7519,10.3661,5.4485,6.7422,18.218,15.7428,7.56422,17.4543,17.7794,16.0475,5.5487,6.86239,29.7594,17.8752,27.3691,24.7145,7.44168,1.8611,2.98899,4.0581,23.3286,19.7891,5.15204,20.6033,11.1282,14.9197,10.4432,13.8779,24.9403,2.61559,18.1826,18.0926,14.5895,12.7262,9.95987,4.77561,13.9311,19.222,3.61031,24.2456,19.8666,25.6898,2.00428,8.68322,20.7798,1.49401,11.0523,16.3403,7.23119,13.2856,26.7113,31.9501,12.1769,14.9695,25.9422,7.30518,16.7539,28.0241,5.80437,1.06751,29.8812,18.3745,19.6706,0.397615,22.8698,21.797,22.4532,5.007,1.49401,8.28551,20.1224,16.3054,13.5785,17.5005,14.8669,14.1765,10.199,31.6525,6.671,16.2779,23.0798,
DUALS 117,2694.16,665049,657285,0,8.9581,6.21891,30.1019,13.2924,19.0907,13.6723,18.2822,32.017,12.6641,17.057,9.22184,15.5051,7.58518,11.4905,7.89448,18.3526,2.82312,21.6767,13.6787,19.0135,29.1446,19.6193,28.598,13.0842,10.2906,13.4789,19.8636,5.99734,8.08302,15.8662,7.79949,29.7856,18.2506,2.17856,18.7369,18.6215,14.5033,18.0526,1.05535,11.3052,17.3183,18.91,8.23384,14.5795,14.6345,17.328,14.8852,18.4481,6.99621,13.6511,14.4666,14.2165,4.88258,28.2613,20.5865,3.36389,17.9557,21.9576,7.10498,30.9662,7.95912,9.44871,1.30448,1.83671,22.1606,18.9103,2.35558,4.54209,23.5798,17.0755,6.37172,31.6803,17.9895,1.82865,23.1669,8.83105,4.45396,8.16292,13.63,7.84489,10.5696,24.7406,14.1427,14.8176,13.9232,12.3893,12.83,29.8745,5.86712,7.0047,12.1104,13.0017,13.6229,20.7172,2.64401,5.29277,13.3551,19.712,5.1081,2.80807,8.96422,14.4724,25.7433,26.2582,4.9632,13.8624,0.73467,1.49401,0.918265,4.20382,8.18189,12.6836,15.7816,17.9407,30.6372,16.7845,4.75082,17.96,12.6934,15.4987,10.3661,5.4485,6.7422,18.218,15.7428,7.56422,17.4543,17.7794,16.0475,5.80192,6.86239,29.7594,17.6219,27.3691,24.7145,7.44168,1.8611,2.98899,4.0581,23.3286,19.7891,5.15204,20.6033,11.1282,14.9197,10.4432,13.8779,24.9403,2.61559,18.1826,18.0926,13.5766,10.9537,9.95987,4.77561,13.9311,19.222,3.61031,24.2456,19.8666,25.6898,2.00428,8.68322,20.7798,1.49401,11.0523,16.3403,7.23119,12.0195,26.7113,31.9501,12.1769,14.9695,25.9422,7.30518,16.7539,28.0241,5.55115,1.06751,29.8812,18.3745,19.6706,0.397615,22.8698,21.797,22.4532,5.007,1.49401,8.28551,20.1224,16.3054,13.8318,17.5005,14.8669,14.1765,10.4522,31.6525,6.16456,16.2779,23.0798,
DUALS 117,2694.16,665261,657498,0,8.9581,6.21891,30.1019,13.2924,19.0907,13.6723,18.2822,32.017,12.6641,17.057,9.22184,15.5051,7.58518,11.4905,7.89448,18.3526,2.82312,21.6767,13.6787,16.9004,29.1446,19.6193,28.598,10.9711,10.2906,13.4789,19.8636,5.99734,5.96993,15.8662,7.79949,29.7856,18.2506,2.17856,18.7369,18.6215,14.5033,18.0526,1.05535,11.3052,17.3183,16.7969,8.23384,14.5795,14.6345,17.328,14.8852,16.335,6.99621,11.538,14.4666,14.2165,4.88258,28.2613,20.5865,3.36389,17.9557,21.9576,7.10498,30.9662,7.95912,9.44871,1.30448,3.9498,22.1606,18.9103,2.35558,4.54209,23.5798,17.0755,6.37172,31.6803,17.9895,1.82865,23.1669,8.83105,4.45396,8.16292,11.5169,7.84489,10.5696,24.7406,14.1427,14.8176,13.9232,12.3893,10.7169,29.8745,5.86712,7.0047,12.1104,13.0017,13.6229,20.7172,2.64401,5.29277,13.3551,19.712,5.1081,2.80807,8.96422,14.4724,25.7433,26.2582,4.9632,13.8624,0.73467,1.49401,0.918265,4.20382,8.18189,10.5705,15.7816,17.9407,30.6372,16.7845,4.75082,17.96,12.6934,15.4987,10.3661,5.4485,4.62911,18.218,15.7428,7.56422,17.4543,17.7794,16.0475,5.80192,6.86239,29.7594,17.6219,25.256,24.7145,7.44168,1.8611,2.98899,4.0581,23.3286,19.7891,5.15204,20.6033,11.1282,14.9197,10.4432,13.8779,24.9403,2.61559,18.1826,18.0926,13.5766,10.9537,9.95987,4.77561,11.818,19.222,3.61031,24.2456,19.8666,25.6898,2.00428,8.68322,20.7798,1.49401,11.0523,16.3403,5.1181,12.0195,26.7113,31.9501,12.1769,14.9695,25.9422,7.30518,16.7539,28.0241,7.66425,1.06751,29.8812,18.3745,19.6706,0.397615,22.8698,21.797,22.4532,5.007,1.49401,8.28551,20.1224,16.3054,13.8318,17.5005,14.8669,14.1765,10.4522,31.6525,6.16456,16.2779,23.0798,
DUALS 118,2694.16,665275,657505,0,8.9581,6.21891,30.1019,13.2924,19.0907,13.6723,18.2822,32.017,12.6641,17.057,9.22184,15.5051,7.58518,10.0497,7.89448,18.3526,2.82312,21.6767,13.6787,16.9004,29.1446,19.6193,28.598,10.9711,10.2906,12.0381,19.8636,5.99734,7.41071,15.8662,7.79949,29.7856,18.2506,2.17856,18.7369,18.6215,14.5033,18.0526,1.05535,9.86439,17.3183,18.2377,8.23384,14.5795,14.6345,17.328,14.8852,14.8942,6.99621,12.9788,14.4666,14.2165,4.88258,28.2613,20.5865,3.36389,17.9557,21.9576,5.6642,30.9662,7.95912,9.44871,1.30448,2.50901,22.1606,18.9103,2.35558,4.54209,23.5798,17.0755,6.37172,31.6803,17.9895,1.82865,23.1669,8.83105,4.45396,8.16292,12.9577,7.84489,10.5696,24.7406,14.1427,14.8176,13.9232,12.3893,12.1577,29.8745,4.42633,7.0047,12.1104,13.0017,13.6229,20.7172,2.64401,5.29277,13.3551,19.712,5.1081,2.80807,8.96422,14.4724,25.7433,26.2582,3.52242,13.8624,0.73467,1.49401,0,5.6446,8.18189,12.0113,15.7816,17.9407,30.6372,16.7845,4.75082,17.96,12.6934,15.4987,10.3661,5.4485,6.06989,18.218,15.7428,7.56422,17.4543,17.7794,16.0475,5.80192,6.86239,29.7594,16.1812,26.6968,24.7145,7.44168,1.8611,2.98899,4.0581,23.3286,19.7891,5.15204,20.6033,11.1282,14.9197,10.4432,13.8779,24.9403,1.17481,18.1826,18.0926,12.1358,10.9537,9.95987,4.77561,13.2588,19.222,3.61031,24.2456,19.8666,25.6898,3.44506,8.68322,20.7798,1.49401,11.0523,16.3403,6.55888,10.5788,28.1521,31.9501,12.1769,14.9695,25.9422,7.30518,16.7539,28.0241,7.66425,0,29.8812,18.3745,19.6706,0.397615,22.8698,21.797,22.4532,5.007,1.49401,8.28551,20.1224,16.3054,13.8318,17.5005,14.8669,14.1765,10.4522,31.6525,4.72378,16.2779,23.0798,
DUALS 118,2694.16,665266,657917,0,8.9581,6.21891,30.1019,13.2924,19.0907,13.6723,18.2822,32.017,12.6641,17.057,9.22184,15.5051,7.58518,12.6944,10.5392,18.3526,2.82312,21.6767,13.6787,16.9004,29.1446,19.6193,28.598,10.9711,10.2906,14.6829,19.8636,5.99734,7.41071,15.8662,7.79949,29.7856,18.2506,2.17856,18.7369,18.6215,14.5033,18.0526,1.05535,12.5092,17.3183,18.2377,8.23384,14.5795,14.6345,17.328,14.8852,17.539,6.99621,12.9788,14.4666,14.2165,4.88258,28.2613,20.5865,3.36389,17.9557,21.9576,8.30896,30.9662,7.95912,9.44871,1.30448,2.50901,22.1606,18.9103,2.35558,4.54209,23.5798,17.0755,6.37172,31.6803,17.9895,1.82865,23.1669,8.83105,4.45396,8.16292,12.9577,7.84489,10.5696,24.7406,14.1427,14.8176,13.9232,12.3893,12.1577,29.8745,7.0711,7.0047,12.1104,13.0017,13.6229,20.7172,2.64401,5.29277,13.3551,19.712,5.1081,2.80807,8.96422,14.4724,25.7433,26.2582,6.16719,13.8624,0.73467,1.49401,2.64477,5.6446,8.18189,12.0113,15.7816,17.9407,30.6372,16.7845,4.75082,17.96,12.6934,15.4987,10.3661,5.4485,6.06989,18.218,15.7428,7.56422,17.4543,17.7794,16.0475,5.80192,6.86239,29.7594,18.8259,26.6968,24.7145,7.44168,1.8611,2.98899,4.0581,23.3286,19.7891,5.15204,20.6033,11.1282,14.9197,10.4432,13.8779,24.9403,3.81957,18.1826,18.0926,14.7806,13.5984,9.95987,4.77561,13.2588,19.222,3.61031,24.2456,19.8666,25.6898,0.800295,8.68322,20.7798,1.49401,11.0523,16.3403,6.55888,13.2235,28.1521,31.9501,12.1769,14.9695,25.9422,7.30518,16.7539,28.0241,7.66425,2.64477,29.8812,18.3745,19.6706,0.397615,22.8698,21.797,22.4532,5.007,1.49401,8.28551,20.1224,16.3054,13.8318,17.5005,14.8669,14.1765,10.4522,31.6525,4.72378,16.2779,23.0798,
DUALS 118,2694.16,665415,657647,0,8.9581,6.21891,30.1019,13.2924,19.0907,13.6723,18.2822,32.017,12.6641,17.057,9.22184,15.5051,7.58518,13.0437,9.14228,18.3526,2.82312,21.6767,14.028,16.9004,29.1446,19.6193,28.598,10.9711,10.2906,13.9844,19.8636,6.34658,7.41071,15.8662,7.79949,29.7856,18.2506,2.17856,18.7369,18.6215,14.5033,18.0526,1.05535,11.1122,17.3183,18.2377,8.23384,14.5795,14.6345,17.328,14.8852,17.1897,6.99621,12.9788,14.4666,14.2165,4.88258,28.2613,20.5865,3.36389,17.9557,21.9576,6.91199,30.9662,7.95912,9.44871,1.30448,2.15977,22.1606,18.9103,2.35558,4.54209,23.5798,17.0755,6.37172,31.6803,17.9895,2.17789,23.1669,8.83105,4.45396,8.16292,12.9577,7.84489,10.5696,24.7406,14.1427,14.8176,13.9232,12.3893,12.1577,29.8745,5.67413,7.0047,12.1104,13.0017,13.6229,20.7172,2.64401,5.64201,13.7043,19.712,5.1081,2.80807,8.96422,14.4724,25.7433,26.2582,4.77022,13.8624,0.73467,1.49401,2.29552,5.6446,8.18189,12.0113,15.7816,17.9407,30.6372,16.7845,4.75082,17.96,12.6934,15.1494,10.3661,5.4485,6.06989,18.218,15.7428,7.56422,17.4543,17.7794,16.0475,6.15116,6.86239,29.7594,17.7782,26.6968,24.7145,7.44168,1.8611,2.98899,4.0581,23.3286,19.7891,5.15204,20.6033,11.1282,14.9197,10.4432,13.8779,24.9403,4.16881,18.1826,18.0926,13.7329,11.503,9.95987,4.77561,13.2588,19.222,3.61031,24.2456,19.8666,25.6898,1.14954,8.68322,20.7798,1.49401,11.0523,16.3403,6.55888,11.4773,28.1521,31.9501,12.1769,14.9695,25.9422,7.30518,16.7539,28.0241,7.315,1.94628,29.8812,18.3745,19.6706,0.397615,22.8698,21.797,22.4532,5.007,1.49401,8.28551,20.1224,16.3054,13.8318,17.5005,14.8669,14.1765,10.4522,31.6525,4.37454,16.2779,23.0798,
DUALS 119,2694.16,665415,660827,0,8.9581,6.21891,30.1019,13.2924,19.0907,13.6723,18.2822,32.017,12.6641,17.057,9.22184,15.5051,7.58518,11.3738,9.14228,18.3526,2.82312,21.6767,13.193,16.9004,29.1446,19.6193,28.598,10.9711,10.2906,13.1495,19.8636,4.67672,7.41071,15.0313,7.79949,29.7856,18.2506,2.17856,18.7369,18.6215,14.5033,18.0526,1.05535,10.2773,17.3183,18.2377,8.23384,15.4144,14.6345,17.328,14.8852,16.3548,6.99621,12.9788,14.4666,14.2165,4.88258,28.2613,20.5865,3.36389,17.9557,21.9576,6.91199,30.9662,7.95912,9.44871,1.30448,2.15977,22.1606,18.9103,2.35558,5.37702,23.5798,17.0755,6.37172,31.6803,17.9895,0.508031,23.1669,9.66598,4.45396,8.16292,12.9577,7.84489,10.5696,24.7406,14.1427,14.8176,13.9232,12.3893,12.1577,29.8745,5.67413,7.0047,12.1104,13.0017,13.6229,20.7172,2.64401,3.97215,12.8694,19.712,5.1081,2.80807,8.96422,15.3074,25.7433,26.2582,4.77022,13.8624,0.73467,1.49401,1.46059,4.80967,8.18189,12.0113,15.7816,17.9407,30.6372,16.7845,4.75082,17.96,12.6934,15.1494,10.3661,5.4485,6.06989,18.218,15.7428,7.56422,17.4543,17.7794,16.0475,4.4813,7.69733,29.7594,16.9433,26.6968,24.7145,7.44168,1.8611,2.98899,4.0581,23.3286,19.7891,5.15204,20.6033,11.1282,14.9197,11.2781,13.8779,24.9403,2.49895,18.1826,18.0926,12.898,10.6681,9.95987,4.77561,13.2588,19.222,3.61031,24.2456,19.8666,25.6898,1.98447,8.68322,20.7798,1.49401,11.0523,16.3403,6.55888,11.4773,28.1521,31.9501,12.1769,14.9695,25.9422,7.30518,16.7539,28.0241,7.315,1.11135,29.8812,18.3745,19.6706,0.397615,22.8698,21.797,22.4532,5.007,1.49401,8.28551,20.1224,16.3054,12.9968,17.5005,14.8669,14.1765,9.61725,31.6525,4.37454,16.2779,23.0798,
DUALS 119,2694.16,665411,660949,0,8.9581,6.21891,30.1019,13.2924,19.0907,13.6723,18.2822,32.017,12.6641,17.057,9.22184,15.5051,7.58518,13.6082,9.14228,18.3526,2.82312,21.6767,15.4274,16.9004,29.1446,19.6193,28.598,10.9711,10.2906,13.1495,19.8636,6.91104,7.41071,15.0313,7.79949,29.7856,18.2506,2.17856,18.7369,18.6215,14.5033,18.0526,1.05535,10.2773,17.3183,18.2377,8.23384,13.1801,14.6345,17.328,14.8852,16.3548,6.99621,12.9788,14.4666,14.2165,4.88258,28.2613,20.5865,3.36389,17.9557,21.9576,6.91199,30.9662,7.95912,9.44871,1.30448,2.15977,22.1606,18.9103,2.35558,3.14269,23.5798,17.0755,6.37172,31.6803,17.9895,2.74236,23.1669,7.43165,4.45396,8.16292,12.9577,7.84489,10.5696,24.7406,14.1427,14.8176,13.9232,12.3893,12.1577,29.8745,5.67413,7.0047,12.1104,13.0017,13.6229,20.7172,2.64401,6.20648,15.1037,19.712,5.1081,2.80807,8.96422,13.073,25.7433,26.2582,4.77022,13.8624,0.73467,1.49401,1.46059,4.80967,8.18189,12.0113,15.7816,17.9407,30.6372,16.7845,4.75082,17.96,12.6934,15.1494,10.3661,5.4485,6.06989,18.218,15.7428,7.56422,17.4543,17.7794,16.0475,6.71562,7.69733,29.7594,16.9433,26.6968,24.7145,7.44168,1.8611,2.98899,4.0581,23.3286,19.7891,5.15204,20.6033,11.1282,14.9197,9.04379,13.8779,24.9403,4.73328,18.1826,18.0926,12.898,10.6681,9.95987,4.77561,13.2588,19.222,3.61031,24.2456,19.8666,25.6898,1.98447,8.68322,20.7798,1.49401,11.0523,16.3403,6.55888,11.4773,28.1521,31.9501,12.1769,14.9695,25.9422,7.30518,16.7539,28.0241,7.315,1.11135,29.8812,18.3745,19.6706,0.397615,22.8698,21.797,22.4532,5.007,1.49401,8.28551,20.1224,16.3054,15.2312,17.5005,14.8669,14.1765,11.8516,31.6525,4.37454,16.2779,23.0798,
DUALS 119,2694.16,665491,657716,0,8.9581,6.21891,30.1019,13.2924,19.0907,13.6723,18.2822,32.017,12.6641,17.057,9.22184,15.5051,7.58518,11.0365,9.14228,18.3526,2.82312,21.6767,14.3987,16.9004,29.1446,19.6193,28.598,10.9711,10.2906,12.6351,19.8636,5.36805,7.41071,14.5169,7.79949,29.7856,18.2506,2.17856,18.7369,18.6215,14.5033,18.0526,1.05535,9.76293,17.3183,18.2377,8.23384,13.6944,14.6345,17.328,14.8852,15.8405,6.99621,12.9788,14.4666,14.2165,4.88258,28.2613,20.5865,3.36389,17.9557,21.9576,6.91199,30.9662,7.95912,9.44871,1.30448,2.15977,22.1606,18.9103,2.35558,3.65702,23.5798,17.0755,6.37172,31.6803,17.9895,1.19936,23.1669,7.94599,4.45396,8.16292,12.9577,7.84489,10.5696,24.7406,14.1427,14.8176,13.9232,12.3893,12.1577,29.8745,6.18846,7.0047,12.1104,13.0017,13.6229,20.7172,2.64401,4.66348,14.0751,19.712,5.1081,2.80807,8.96422,13.5874,25.7433,26.2582,4.77022,13.8624,0.73467,1.49401,1.46059,4.80967,8.18189,12.0113,15.7816,17.9407,30.6372,16.7845,4.75082,17.96,12.6934,14.6351,10.3661,5.4485,6.06989,18.218,15.7428,7.56422,17.4543,17.7794,16.0475,5.17262,8.21166,29.7594,16.9433,26.6968,24.7145,7.44168,1.8611,2.98899,4.0581,23.3286,19.7891,5.15204,20.6033,11.1282,14.9197,9.55812,13.8779,24.9403,2.67595,18.1826,18.0926,12.3836,10.1537,9.95987,4.77561,13.2588,19.222,3.61031,24.2456,19.8666,25.6898,1.98447,8.68322,20.7798,1.49401,11.0523,16.3403,6.55888,10.963,28.1521,31.9501,12.1769,14.9695,25.9422,7.30518,16.7539,28.0241,7.315,1.11135,29.8812,18.3745,19.6706,0.397615,22.8698,21.797,22.4532,5.007,1.49401,8.28551,20.1224,16.3054,14.2025,17.5005,14.8669,14.1765,10.8229,31.6525,3.86021,16.2779,23.0798,
DUALS 119,2694.16,665485,659638,0,8.9581,6.21891,30.1019,13.2924,19.0907,13.6723,18.2822,32.017,12.6641,17.057,9.22184,15.5051,7.58518,13.4167,11.5225,18.3526,2.82312,21.6767,14.3987,16.9004,29.1446,19.6193,28.598,10.9711,10.2906,15.0153,19.8636,5.36805,7.41071,14.5169,7.79949,29.7856,18.2506,2.17856,18.7369,18.6215,14.5033,18.0526,1.05535,12.1431,17.3183,18.2377,8.23384,13.6944,14.6345,17.328,14.8852,18.2207,6.99621,12.9788,14.4666,14.2165,4.88258,28.2613,20.5865,3.36389,17.9557,21.9576,9.29219,30.9662,7.95912,9.44871,1.30448,2.15977,22.1606,18.9103,2.35558,3.65702,23.5798,17.0755,6.37172,31.6803,17.9895,1.19936,23.1669,7.94599,4.45396,8.16292,12.9577,7.84489,10.5696,24.7406,14.1427,14.8176,13.9232,12.3893,12.1577,29.8745,8.56866,7.0047,12.1104,13.0017,13.6229,20.7172,2.64401,4.66348,14.0751,19.712,5.1081,2.80807,8.96422,13.5874,25.7433,26.2582,7.15042,13.8624,0.73467,1.49401,1.46059,4.80967,8.18189,12.0113,15.7816,17.9407,30.6372,16.7845,4.75082,17.96,12.6934,14.6351,10.3661,5.4485,6.06989,18.218,15.7428,7.56422,17.4543,17.7794,16.0475,5.17262,8.21166,29.7594,19.3235,26.6968,24.7145,7.44168,1.8611,2.98899,4.0581,23.3286,19.7891,5.15204,20.6033,11.1282,14.9197,9.55812,13.8779,24.9403,2.67595,18.1826,18.0926,14.7638,12.5339,9.95987,4.77561,13.2588,19.222,3.61031,24.2456,19.8666,25.6898,1.98447,8.68322,20.7798,1.49401,11.0523,16.3403,6.55888,13.3432,28.1521,31.9501,12.1769,14.9695,25.9422,7.30518,16.7539,28.0241,7.315,1.11135,29.8812,18.3745,19.6706,0.397615,22.8698,21.797,22.4532,5.007,1.49401,8.28551,20.1224,16.3054,14.2025,17.5005,14.8669,14.1765,10.8229,31.6525,6.24041,16.2779,23.0798,
DUALS 120,2694.16,665589,657816,0,8.9581,6.21891,30.1019,13.2924,19.0907,13.6723,18.2822,32.017,12.6641,17.057,9.22184,15.5051,7.58518,11.4828,9.58858,18.3526,2.82312,21.6767,13.2384,16.9004,29.1446,19.6193,28.598,10.9711,10.2906,14.6285,19.8636,5.75483,7.41071,14.5169,7.79949,29.7856,18.2506,2.17856,18.7369,18.6215,14.5033,18.0526,1.05535,11.7563,17.3183,18.2377,8.23384,14.0812,14.6345,17.328,14.8852,17.8339,6.99621,12.9788,14.4666,14.2165,4.88258,28.2613,20.5865,3.36389,17.9557,21.9576,7.35829,30.9662,7.95912,9.44871,1.30448,2.15977,22.1606,18.9103,2.35558,4.0438,23.5798,17.0755,6.37172,31.6803,17.9895,1.58614,23.1669,8.33277,4.45396,8.16292,12.9577,7.84489,10.5696,24.7406,14.1427,14.8176,13.9232,12.3893,12.1577,29.8745,6.63476,7.0047,12.1104,13.0017,13.6229,20.7172,2.64401,5.05026,14.0751,19.712,5.1081,2.80807,8.96422,13.9742,25.7433,26.2582,5.21652,13.8624,0.73467,1.49401,1.46059,4.80967,8.18189,12.0113,15.7816,17.9407,30.6372,16.7845,4.75082,17.96,12.6934,13.4747,10.3661,5.4485,6.06989,18.218,15.7428,7.56422,17.4543,17.7794,16.0475,5.5594,8.21166,29.7594,18.9367,26.6968,24.7145,7.44168,1.8611,2.98899,4.0581,23.3286,19.7891,5.15204,20.6033,11.1282,14.9197,9.9449,13.8779,24.9403,3.06273,18.1826,18.0926,14.377,12.1471,9.95987,4.77561,13.2588,19.222,3.61031,24.2456,19.8666,25.6898,1.98447,8.68322,20.7798,1.49401,11.0523,16.3403,6.55888,11.4093,28.1521,31.9501,12.1769,14.9695,25.9422,7.30518,16.7539,28.0241,7.315,1.11135,29.8812,18.3745,19.6706,0.397615,22.8698,21.797,22.4532,5.007,1.49401,8.28551,20.1224,16.3054,13.0422,17.5005,14.8669,14.1765,9.66257,31.6525,5.46685,16.2779,23.0798,
DUALS 120,2694.16,665589,661269,0,8.9581,6.21891,30.1019,13.2924,19.0907,13.6723,18.2822,32.017,12.6641,17.057,9.22184,15.5051,7.58518,11.4828,6.27063,18.3526,2.82312,21.6767,13.2384,16.9004,29.1446,19.6193,28.598,10.9711,10.2906,11.3106,19.8636,5.75483,7.41071,14.5169,7.79949,29.7856,18.2506,2.17856,18.7369,18.6215,14.5033,18.0526,1.05535,8.4384,17.3183,18.2377,8.23384,14.0812,14.6345,17.328,14.8852,14.516,6.99621,12.9788,14.4666,14.2165,4.88258,28.2613,20.5865,3.36389,17.9557,21.9576,4.04035,30.9662,7.95912,9.44871,1.30448,2.15977,22.1606,18.9103,2.35558,4.0438,23.5798,17.0755,6.37172,31.6803,17.9895,1.58614,23.1669,8.33277,4.45396,8.16292,12.9577,7.84489,10.5696,24.7406,14.1427,14.8176,13.9232,12.3893,12.1577,29.8745,3.31682,7.0047,12.1104,13.0017,13.6229,20.7172,2.64401,5.05026,14.0751,19.712,5.1081,2.80807,8.96422,13.9742,25.7433,26.2582,1.89857,13.8624,0.73467,1.49401,1.46059,4.80967,8.18189,12.0113,15.7816,17.9407,30.6372,16.7845,4.75082,17.96,12.6934,13.4747,10.3661,5.4485,6.06989,18.218,15.7428,7.56422,17.4543,17.7794,16.0475,5.5594,8.21166,29.7594,15.6187,26.6968,24.7145,7.44168,1.8611,2.98899,4.0581,23.3286,19.7891,5.15204,20.6033,11.1282,14.9197,9.9449,13.8779,24.9403,3.06273,18.1826,18.0926,11.0591,8.8292,9.95987,4.77561,13.2588,19.222,3.61031,24.2456,19.8666,25.6898,1.98447,8.68322,20.7798,1.49401,11.0523,16.3403,6.55888,8.09133,28.1521,31.9501,12.1769,14.9695,25.9422,7.30518,16.7539,28.0241,7.315,1.11135,29.8812,18.3745,19.6706,0.397615,22.8698,21.797,22.4532,5.007,1.49401,8.28551,20.1224,16.3054,13.0422,17.5005,14.8669,14.1765,9.66257,31.6525,5.46685,16.2779,23.0798,
DUALS 120,2694.16,665589,661269,0,8.9581,6.21891,30.1019,13.2924,19.0907,13.6723,18.2822,32.017,12.6641,17.057,9.22184,15.5051,7.58518,11.4828,11.0669,18.3526,2.82312,21.6767,13.2384,16.9004,29.1446,19.6193,28.598,10.9711,10.2906,16.1069,19.8636,5.75483,7.41071,14.5169,7.79949,29.7856,18.2506,2.17856,18.7369,18.6215,14.5033,18.0526,1.05535,13.2347,17.3183,18.2377,8.23384,14.0812,14.6345,17.328,14.8852,19.3122,6.99621,12.9788,14.4666,14.2165,4.88258,28.2613,20.5865,3.36389,17.9557,21.9576,8.83662,30.9662,7.95912,9.44871,1.30448,2.15977,22.1606,18.9103,2.35558,4.0438,23.5798,17.0755,6.37172,31.6803,17.9895,1.58614,23.1669,8.33277,4.45396,8.16292,12.9577,7.84489,10.5696,24.7406,14.1427,14.8176,13.9232,12.3893,12.1577,29.8745,8.11309,7.0047,12.1104,13.0017,13.6229,20.7172,2.64401,5.05026,14.0751,19.712,5.1081,2.80807,8.96422,13.9742,25.7433,26.2582,6.69484,13.8624,0.73467,1.49401,1.46059,4.80967,8.18189,12.0113,15.7816,17.9407,30.6372,16.7845,4.75082,17.96,12.6934,13.4747,10.3661,5.4485,6.06989,18.218,15.7428,7.56422,17.4543,17.7794,16.0475,5.5594,8.21166,29.7594,20.415,26.6968,24.7145,7.44168,1.8611,2.98899,4.0581,23.3286,19.7891,5.15204,20.6033,11.1282,14.9197,9.9449,13.8779,24.9403,3.06273,18.1826,18.0926,15.8554,13.6255,9.95987,4.77561,13.2588,19.222,3.61031,24.2456,19.8666,25.6898,1.98447,8.68322,20.7798,1.49401,11.0523,16.3403,6.55888,12.8876,28.1521,31.9501,12.1769,14.9695,25.9422,7.30518,16.7539,28.0241,7.315,1.11135,29.8812,18.3745,19.6706,0.397615,22.8698,21.797,22.4532,5.007,1.49401,8.28551,20.1224,16.3054,13.0422,17.5005,14.8669,14.1765,9.66257,31.6525,5.46685,16.2779,23.0798,
DUALS 121,2694.16,665585,661269,0,8.9581,6.21891,30.1019,13.2924,19.0907,13.6723,18.2822,32.017,12.6641,17.057,9.22184,15.5051,7.58518,12.7459,8.54062,18.3526,2.82312,21.6767,14.5015,16.9004,29.1446,19.6193,28.598,10.9711,10.2906,13.5806,19.8636,7.01797,7.41071,14.5169,7.79949,29.7856,18.2506,2.17856,18.7369,18.6215,14.5033,18.0526,1.05535,10.7084,17.3183,18.2377,8.23384,14.0812,14.6345,17.328,14.8852,18.0491,6.99621,12.9788,14.4666,14.2165,4.88258,28.2613,20.5865,3.36389,17.9557,21.9576,6.31034,30.9662,7.95912,9.44871,1.30448,2.15977,22.1606,18.9103,2.35558,4.0438,23.5798,17.0755,6.37172,31.6803,17.9895,2.84928,23.1669,8.33277,4.45396,8.16292,12.9577,7.84489,10.5696,24.7406,14.1427,14.8176,13.9232,12.3893,12.1577,29.8745,5.58681,7.0047,12.1104,13.0017,13.6229,20.7172,2.64401,6.3134,15.3382,19.712,5.1081,2.80807,8.96422,13.9742,25.7433,26.2582,4.16856,13.8624,0.73467,1.49401,1.46059,4.80967,8.18189,12.0113,15.7816,17.9407,30.6372,16.7845,4.75082,17.96,12.6934,14.7379,10.3661,5.4485,6.06989,18.218,15.7428,7.56422,17.4543,17.7794,16.0475,6.82255,8.21166,29.7594,17.8887,26.6968,24.7145,7.44168,1.8611,2.98899,4.0581,23.3286,19.7891,5.15204,20.6033,11.1282,14.9197,9.9449,13.8779,24.9403,4.32587,18.1826,18.0926,13.3291,11.0992,9.95987,4.77561,13.2588,19.222,3.61031,24.2456,19.8666,25.6898,1.98447,8.68322,20.7798,1.49401,11.0523,16.3403,6.55888,10.3613,28.1521,31.9501,12.1769,14.9695,25.9422,7.30518,16.7539,28.0241,7.315,1.11135,29.8812,18.3745,19.6706,0.397615,22.8698,21.797,22.4532,5.007,1.49401,8.28551,20.1224,16.3054,14.3053,17.5005,14.8669,14.1765,10.9257,31.6525,5.46685,16.2779,23.0798,
DUALS 121,2694.16,665738,657965,0,8.9581,6.21891,30.1019,13.2924,19.0907,13.6723,18.2822,32.017,12.6641,17.057,9.22184,15.5051,7.58518,10.9864,8.89252,18.3526,2.82312,21.6767,13.7977,16.9004,29.1446,19.6193,28.598,10.9711,10.2906,13.2287,19.8636,5.61037,7.41071,13.8131,7.79949,29.7856,18.2506,2.17856,18.7369,18.6215,14.5033,18.0526,1.05535,10.7084,17.3183,18.2377,8.23384,14.4331,14.6345,17.328,14.8852,17.6972,6.99621,12.9788,14.4666,14.2165,4.88258,28.2613,20.5865,3.36389,17.9557,21.9576,6.66223,30.9662,7.95912,9.44871,1.30448,2.15977,22.1606,18.9103,2.35558,4.3957,23.5798,17.0755,6.37172,31.6803,17.9895,1.44169,23.1669,8.68467,4.45396,8.16292,12.9577,7.84489,10.5696,24.7406,14.1427,14.8176,13.9232,12.3893,12.1577,29.8745,5.9387,7.0047,12.1104,13.0017,13.6229,20.7172,2.64401,4.90581,14.2825,19.712,5.1081,2.80807,8.96422,14.3261,25.7433,26.2582,4.52046,13.8624,0.73467,1.49401,1.46059,4.80967,8.18189,12.0113,15.7816,17.9407,30.6372,16.7845,4.75082,17.96,12.6934,14.7379,10.3661,5.4485,6.06989,18.218,15.7428,7.56422,17.4543,17.7794,16.0475,5.41495,8.21166,29.7594,17.5368,26.6968,24.7145,7.44168,1.8611,2.98899,4.0581,23.3286,19.7891,5.15204,20.6033,11.1282,14.9197,10.2968,13.8779,24.9403,3.27017,18.1826,18.0926,12.9772,10.7473,9.95987,4.77561,13.2588,19.222,3.61031,24.2456,19.8666,25.6898,1.98447,8.68322,20.7798,1.49401,11.0523,16.3403,6.55888,10.7132,28.1521,31.9501,12.1769,14.9695,25.9422,7.30518,16.7539,28.0241,7.315,1.11135,29.8812,18.3745,19.6706,0.397615,22.8698,21.797,22.4532,5.007,1.49401,8.28551,20.1224,16.3054,13.6015,17.5005,14.8669,14.1765,10.2219,31.6525,5.46685,16.2779,23.0798,
STATS - lpIterations[2] lagIterations[371] sspIterations[7630] numSeparations[792] numCuts[0] compileTime[0] sspSolveTime[63] lpSolveTime[0] lb[2694.69] ub[2694.9] numArcs: [665738] numFixed: [657965] time: [121]
DUALS 121,2694.69,665725,661161,0,8.9581,6.21891,30.1019,13.2924,19.0907,13.6723,18.2822,32.017,12.6641,17.057,9.22184,15.5051,7.58518,39.5925,8.89252,18.3526,2.82312,21.6767,13.7977,16.9004,29.1446,19.6193,28.598,10.9711,10.2906,13.2287,19.8636,5.61037,7.41071,13.8131,7.79949,29.7856,18.2506,2.17856,18.7369,18.6215,14.5033,18.0526,1.05535,10.7084,17.3183,18.2377,8.23384,14.4331,14.6345,17.328,14.8852,17.6972,6.99621,12.9788,14.4666,14.2165,4.88258,28.2613,20.5865,3.36389,17.9557,21.9576,6.66223,30.9662,7.95912,9.44871,1.30448,2.15977,22.1606,18.9103,2.35558,4.3957,23.5798,17.0755,6.37172,31.6803,17.9895,1.44169,23.1669,8.68467,4.45396,8.16292,12.9577,7.84489,10.5696,24.7406,14.1427,14.8176,13.9232,12.3893,12.1577,29.8745,5.9387,7.0047,12.1104,13.0017,13.6229,20.7172,2.64401,4.90581,14.2825,19.712,5.1081,2.80807,8.96422,14.3261,25.7433,26.2582,4.52046,13.8624,0.73467,1.49401,1.46059,4.80967,8.18189,12.0113,15.7816,17.9407,30.6372,16.7845,4.75082,17.96,12.6934,14.7379,10.3661,5.4485,6.06989,18.218,15.7428,7.56422,17.4543,17.7794,16.0475,5.41495,8.21166,29.7594,17.5368,26.6968,24.7145,7.44168,1.8611,2.98899,4.0581,23.3286,19.7891,5.15204,20.6033,11.1282,14.9197,10.2968,13.8779,24.9403,3.27017,18.1826,18.0926,12.9772,10.7473,9.95987,4.77561,13.2588,19.222,3.61031,24.2456,19.8666,25.6898,1.98447,8.68322,20.7798,1.49401,11.0523,16.3403,6.55888,10.7132,28.1521,31.9501,12.1769,14.9695,25.9422,7.30518,16.7539,28.0241,7.315,1.11135,29.8812,18.3745,19.6706,0.397615,22.8698,21.797,22.4532,5.007,1.49401,8.28551,20.1224,16.3054,13.6015,17.5005,14.8669,14.1765,10.2219,31.6525,5.46685,16.2779,23.0798,
DUALS 122,2694.69,666069,658335,0,8.9581,6.21891,30.1019,13.2924,19.0907,13.6723,18.2822,32.017,12.6641,17.057,9.22184,15.5051,7.58518,30.5364,8.89252,18.3526,2.82312,21.6767,12.1512,16.9004,29.1446,19.6193,28.598,11.7944,10.2906,13.2287,19.8636,1.49397,7.41071,13.8131,7.79949,29.7856,18.2506,2.17856,18.7369,18.6215,14.5033,18.0526,1.05535,9.06183,17.3183,18.2377,8.23384,15.2564,14.6345,17.328,14.8852,16.8739,6.99621,12.9788,14.4666,14.2165,4.88258,28.2613,20.5865,3.36389,17.9557,21.9576,7.48551,30.9662,8.7824,9.44871,1.30448,2.98305,22.1606,18.9103,2.35558,5.21898,23.5798,17.0755,6.37172,31.6803,17.9895,0,23.1669,9.50795,4.45396,8.16292,12.9577,7.84489,10.5696,24.7406,14.1427,14.8176,13.9232,12.3893,12.1577,29.8745,5.9387,7.0047,12.1104,13.0017,13.6229,20.7172,2.64401,0.789409,9.34284,19.712,5.1081,3.63135,8.96422,15.1493,25.7433,26.2582,4.52046,13.8624,0.73467,1.49401,2.28387,4.80967,8.18189,12.0113,15.7816,17.9407,30.6372,16.7845,4.75082,17.96,12.6934,13.0913,10.3661,5.4485,6.06989,18.218,15.7428,7.56422,17.4543,17.7794,16.0475,1.29855,8.21166,29.7594,16.7136,26.6968,24.7145,7.44168,1.8611,2.98899,4.0581,23.3286,19.7891,5.15204,20.6033,11.1282,14.9197,11.1201,13.8779,24.9403,0,18.1826,18.0926,12.1539,11.5706,10.7832,4.77561,13.2588,19.222,3.61031,24.2456,19.8666,25.6898,1.98447,8.68322,20.7798,1.49401,11.0523,16.3403,6.55888,9.06666,28.1521,31.9501,12.1769,14.9695,25.9422,7.30518,16.7539,28.0241,8.13828,1.93463,29.8812,18.3745,19.6706,0.397615,22.8698,21.797,22.4532,5.007,1.49401,8.28551,20.1224,16.3054,11.1317,17.5005,14.8669,14.1765,7.75207,31.6525,4.64357,16.2779,23.0798,
DUALS 122,2694.69,667126,659399,0,8.9581,6.21891,30.1019,13.2924,19.0907,13.6723,18.2822,32.017,12.6641,17.057,9.22184,15.5051,7.58518,24.9375,6.27972,18.3526,2.82312,21.6767,12.5244,16.9004,29.1446,19.6193,28.598,11.7944,10.2906,12.4822,19.4904,1.86723,7.41071,13.8131,7.79949,29.7856,18.2506,2.17856,18.7369,18.6215,14.5033,18.0526,1.05535,7.94206,17.3183,18.2377,8.23384,14.5098,14.6345,17.328,14.8852,16.5007,6.99621,12.9788,14.4666,14.2165,4.88258,28.2613,20.5865,3.36389,17.9557,21.9576,4.87271,30.9662,8.7824,9.44871,1.30448,2.60979,22.1606,18.9103,2.35558,5.59224,23.5798,17.0755,6.37172,31.6803,17.9895,0.373257,23.1669,9.8812,4.45396,8.16292,12.9577,7.84489,10.5696,24.7406,14.1427,14.8176,13.9232,12.3893,12.1577,29.8745,4.07242,7.0047,12.1104,13.0017,13.6229,20.7172,2.64401,1.16267,8.96958,19.712,5.1081,3.63135,8.96422,14.4028,25.7433,26.2582,2.28092,13.8624,0.73467,1.49401,1.53736,4.80967,8.18189,12.0113,15.7816,17.9407,30.6372,16.7845,4.75082,17.96,12.6934,12.7181,10.3661,5.4485,6.06989,18.218,15.7428,7.56422,17.4543,17.7794,16.0475,1.67181,8.21166,29.7594,16.3403,26.6968,24.7145,7.44168,1.8611,2.98899,4.0581,23.3286,19.7891,5.15204,20.6033,11.1282,14.9197,10.3736,13.8779,24.9403,0.373257,18.1826,18.0926,11.4074,8.58451,10.7832,4.77561,13.2588,19.222,3.61031,24.2456,19.8666,25.6898,2.35773,8.68322,20.7798,1.49401,11.0523,16.3403,6.55888,8.6934,28.1521,31.9501,12.1769,14.5963,25.9422,7.30518,16.7539,28.0241,7.76503,1.56137,29.8812,18.3745,19.6706,0.397615,22.8698,21.797,22.4532,5.007,1.49401,8.28551,20.1224,16.3054,11.5049,17.5005,14.8669,14.1765,7.75207,31.6525,2.77728,16.2779,23.0798,
DUALS 123,2694.69,667151,659448,0,8.9581,6.21891,30.1019,13.2924,19.0907,13.6723,18.2822,32.017,12.6641,17.057,9.22184,15.5051,7.58518,21.1986,10.0186,18.3526,2.82312,21.6767,16.2633,16.9004,29.1446,19.6193,28.598,11.7944,10.2906,12.4822,19.4904,5.60612,7.41071,13.8131,7.79949,29.7856,18.2506,2.17856,18.7369,18.6215,14.5033,18.0526,1.05535,7.94206,17.3183,18.2377,8.23384,14.5098,14.6345,17.328,14.8852,20.2395,6.99621,12.9788,14.4666,14.2165,4.88258,28.2613,20.5865,3.36389,17.9557,21.9576,4.87271,30.9662,8.7824,9.44871,1.30448,2.60979,22.1606,18.9103,2.35558,5.59224,23.5798,17.0755,6.37172,31.6803,17.9895,4.11214,23.1669,9.8812,4.45396,8.16292,12.9577,7.84489,10.5696,24.7406,14.1427,14.8176,13.9232,12.3893,12.1577,29.8745,7.81131,7.0047,12.1104,13.0017,13.6229,20.7172,2.64401,4.90155,12.7085,19.712,5.1081,3.63135,8.96422,14.4028,25.7433,26.2582,6.0198,13.8624,0.73467,1.49401,1.53736,4.80967,8.18189,12.0113,15.7816,17.9407,30.6372,16.7845,4.75082,17.96,12.6934,12.7181,10.3661,5.4485,6.06989,18.218,15.7428,7.56422,17.4543,17.7794,16.0475,5.4107,8.21166,29.7594,20.0792,26.6968,24.7145,7.44168,1.8611,2.98899,4.0581,23.3286,19.7891,5.15204,20.6033,11.1282,14.9197,10.3736,13.8779,24.9403,0.373257,18.1826,18.0926,11.4074,12.3234,10.7832,4.77561,13.2588,19.222,3.61031,24.2456,19.8666,25.6898,0,8.68322,20.7798,1.49401,11.0523,16.3403,6.55888,8.6934,28.1521,31.9501,12.1769,14.5963,25.9422,7.30518,16.7539,28.0241,7.76503,1.56137,29.8812,18.3745,19.6706,0.397615,22.8698,21.797,22.4532,5.007,1.49401,8.28551,20.1224,16.3054,15.2438,17.5005,14.8669,14.1765,11.491,31.6525,2.77728,16.2779,23.0798,
DUALS 123,2694.69,667894,660188,0,8.9581,6.21891,30.1019,13.2924,19.0907,13.6723,18.2822,32.017,12.6641,17.057,9.22184,15.5051,7.58518,18.032,10.2825,18.3526,2.82312,21.6767,15.2077,16.9004,29.1446,19.6193,28.598,11.7944,10.2906,12.2183,19.4904,4.02278,7.41071,13.8131,7.79949,29.7856,18.2506,2.17856,18.7369,18.6215,14.5033,18.0526,1.05535,7.94206,17.3183,18.2377,8.23384,14.7737,14.6345,17.328,14.8852,19.9756,6.99621,12.9788,14.4666,14.2165,4.88258,28.2613,20.5865,3.36389,17.9557,21.9576,5.1366,30.9662,8.7824,9.44871,1.30448,2.34591,22.1606,18.9103,2.35558,5.85613,23.5798,17.0755,6.37172,31.6803,17.9895,2.52881,23.1669,10.1451,4.45396,8.16292,12.9577,7.84489,10.5696,24.7406,14.1427,14.8176,13.9232,12.3893,12.1577,29.8745,8.07519,7.0047,12.1104,13.0017,13.6229,20.7172,2.64401,3.31822,11.6529,19.712,5.1081,3.63135,8.96422,14.6667,25.7433,26.2582,6.28369,13.8624,0.73467,1.49401,1.27347,5.07356,8.18189,12.0113,15.7816,17.9407,30.6372,16.7845,4.75082,17.96,12.6934,12.4542,10.3661,5.4485,6.06989,18.218,15.7428,7.56422,17.4543,17.7794,16.0475,3.82736,8.21166,29.7594,19.5514,26.6968,24.7145,7.44168,1.8611,2.98899,4.0581,23.3286,19.7891,5.15204,20.6033,11.1282,14.9197,10.6375,13.8779,24.9403,0.637146,18.1826,18.0926,11.6713,11.004,10.7832,4.77561,13.2588,19.222,3.61031,24.2456,19.8666,25.6898,0.263889,8.68322,20.7798,1.49401,11.0523,16.3403,6.55888,8.6934,28.1521,31.9501,12.1769,14.5963,25.9422,7.30518,16.7539,28.0241,7.50114,1.29748,29.8812,18.3745,19.6706,0.397615,22.8698,21.797,22.4532,5.007,1.49401,8.28551,20.1224,16.3054,14.1882,17.5005,14.8669,14.1765,10.4354,31.6525,3.04117,16.2779,23.0798,
DUALS 123,2694.69,668003,660281,0,8.9581,6.21891,30.1019,13.2924,19.0907,13.6723,18.2822,32.017,12.6641,17.057,9.22184,15.5051,7.58518,15.2493,8.19551,18.3526,2.82312,21.6767,14.5121,16.9004,29.1446,19.6193,28.598,11.7944,10.2906,11.5226,19.4904,4.71845,7.41071,13.1175,7.79949,29.7856,18.2506,2.17856,18.7369,18.6215,14.5033,18.0526,1.05535,7.2464,17.3183,18.2377,8.23384,14.7737,14.6345,17.328,14.8852,19.28,6.99621,12.9788,14.4666,14.2165,4.88258,28.2613,20.5865,3.36389,17.9557,21.9576,3.04962,30.9662,8.7824,9.44871,1.30448,2.34591,22.1606,18.9103,2.35558,5.85613,23.5798,17.0755,6.37172,31.6803,17.9895,2.52881,23.1669,10.1451,4.45396,8.16292,12.9577,7.84489,10.5696,24.7406,14.1427,14.8176,13.9232,12.3893,12.1577,29.8745,5.98821,7.0047,12.1104,13.0017,13.6229,20.7172,2.64401,4.01388,11.6529,19.712,5.1081,3.63135,8.96422,14.6667,25.7433,26.2582,4.1967,13.8624,0.73467,1.49401,1.27347,5.07356,8.18189,12.0113,15.7816,17.9407,30.6372,16.7845,4.75082,17.96,12.6934,12.4542,10.3661,5.4485,6.06989,18.218,15.7428,7.56422,17.4543,17.7794,16.0475,4.52303,7.516,29.7594,18.8557,26.6968,24.7145,7.44168,1.8611,2.98899,4.0581,23.3286,19.7891,5.15204,20.6033,11.1282,14.9197,10.6375,13.8779,24.9403,1.33281,18.1826,18.0926,10.9756,10.3083,10.7832,4.77561,13.2588,19.222,3.61031,24.2456,19.8666,25.6898,0.959551,8.68322,20.7798,1.49401,11.0523,16.3403,6.55888,8.6934,28.1521,31.9501,12.1769,14.5963,25.9422,7.30518,16.7539,28.0241,7.50114,0.601821,29.8812,18.3745,19.6706,0.397615,22.8698,21.797,22.4532,5.007,1.49401,8.28551,20.1224,16.3054,13.4926,17.5005,14.8669,14.1765,9.73974,31.6525,3.04117,16.2779,23.0798,
DUALS 124,2694.69,667992,660581,0,8.9581,6.21891,30.1019,13.2924,19.0907,13.6723,18.2822,32.017,12.6641,17.057,9.22184,15.5051,7.58518,16.8256,9.77177,18.3526,2.82312,21.6767,16.0883,16.9004,29.1446,19.6193,28.598,11.7944,10.2906,13.0989,19.4904,6.29471,7.41071,14.6937,7.79949,29.7856,18.2506,2.17856,18.7369,18.6215,14.5033,18.0526,1.05535,8.82265,17.3183,18.2377,8.23384,14.7737,14.6345,17.328,14.8852,20.8562,6.99621,12.9788,14.4666,14.2165,4.88258,28.2613,20.5865,3.36389,17.9557,21.9576,4.62587,30.9662,8.7824,9.44871,1.30448,2.34591,22.1606,18.9103,2.35558,5.85613,23.5798,17.0755,6.37172,31.6803,17.9895,4.10507,23.1669,10.1451,4.45396,8.16292,12.9577,7.84489,10.5696,24.7406,14.1427,14.8176,13.9232,12.3893,12.1577,29.8745,7.56447,7.0047,12.1104,13.0017,13.6229,20.7172,2.64401,5.59014,13.2292,19.712,5.1081,3.63135,8.96422,14.6667,25.7433,26.2582,5.77296,13.8624,0.73467,1.49401,1.27347,5.07356,8.18189,12.0113,15.7816,17.9407,30.6372,16.7845,4.75082,17.96,12.6934,14.0304,10.3661,5.4485,6.06989,18.218,15.7428,7.56422,17.4543,17.7794,16.0475,6.09928,7.516,29.7594,20.432,26.6968,24.7145,7.44168,1.8611,2.98899,4.0581,23.3286,19.7891,5.15204,20.6033,11.1282,14.9197,10.6375,13.8779,24.9403,2.90907,18.1826,18.0926,12.5519,11.8845,10.7832,4.77561,13.2588,19.222,3.61031,24.2456,19.8666,25.6898,2.53581,8.68322,20.7798,1.49401,11.0523,16.3403,6.55888,10.2697,28.1521,31.9501,12.1769,14.5963,25.9422,7.30518,16.7539,28.0241,7.50114,2.17808,29.8812,18.3745,19.6706,0.397615,22.8698,21.797,22.4532,5.007,1.49401,8.28551,20.1224,16.3054,15.0688,17.5005,14.8669,14.1765,11.316,31.6525,4.61743,16.2779,23.0798,
DUALS 124,2694.69,668392,660664,0,8.9581,6.21891,30.1019,13.2924,19.0907,13.6723,18.2822,32.017,12.6641,17.057,9.22184,15.5051,7.58518,14.803,9.97402,18.3526,2.82312,21.6767,15.4816,16.9004,29.1446,19.6193,28.598,11.7944,10.2906,12.6944,19.4904,5.08117,7.41071,14.2892,7.79949,29.7856,18.2506,2.17856,18.7369,18.6215,14.5033,18.0526,1.05535,8.6204,17.3183,18.2377,8.23384,14.976,14.6345,17.328,14.8852,20.4517,6.99621,12.9788,14.4666,14.2165,4.88258,28.2613,20.5865,3.36389,17.9557,21.9576,4.82813,30.9662,8.7824,9.44871,1.30448,2.34591,22.1606,18.9103,2.35558,6.05838,23.5798,17.0755,6.37172,31.6803,17.9895,2.89153,23.1669,10.3473,4.45396,8.16292,12.9577,7.84489,10.5696,24.7406,14.1427,14.8176,13.9232,12.3893,12.1577,29.8745,7.76672,7.0047,12.1104,13.0017,13.6229,20.7172,2.64401,4.3766,12.8247,19.712,5.1081,3.63135,8.96422,14.869,25.7433,26.2582,5.97522,13.8624,0.73467,1.49401,1.27347,4.8713,8.18189,12.0113,15.7816,17.9407,30.6372,16.7845,4.75082,17.96,12.6934,13.8282,10.3661,5.4485,6.06989,18.218,15.7428,7.56422,17.4543,17.7794,16.0475,4.88575,7.516,29.7594,20.2297,26.6968,24.7145,7.44168,1.8611,2.98899,4.0581,23.3286,19.7891,5.15204,20.6033,11.1282,14.9197,10.8397,13.8779,24.9403,1.89778,18.1826,18.0926,12.1474,11.2778,10.7832,4.77561,13.2588,19.222,3.61031,24.2456,19.8666,25.6898,2.73807,8.68322,20.7798,1.49401,11.0523,16.3403,6.55888,10.0674,28.1521,31.9501,12.1769,14.5963,25.9422,7.30518,16.7539,28.0241,7.29888,1.77357,29.8812,18.3745,19.6706,0.397615,22.8698,21.797,22.4532,5.007,1.49401,8.28551,20.1224,16.3054,14.4621,17.5005,14.8669,14.1765,10.7092,31.6525,4.61743,16.2779,23.0798,
DUALS 125,2694.69,668424,660690,0,8.9581,6.21891,30.1019,13.2924,19.0907,13.6723,18.2822,32.017,12.6641,17.057,9.22184,15.5051,7.58518,10.1109,7.62795,18.3526,2.82312,21.6767,15.4816,16.9004,29.1446,19.6193,28.598,11.7944,10.2906,10.3483,19.4904,2.7351,7.41071,14.2892,7.79949,29.7856,18.2506,2.17856,18.7369,18.6215,14.5033,18.0526,1.05535,6.27433,17.3183,18.2377,8.23384,14.976,14.6345,17.328,14.8852,18.1057,6.99621,12.9788,14.4666,14.2165,4.88258,28.2613,20.5865,3.36389,17.9557,21.9576,4.82813,30.9662,8.7824,9.44871,1.30448,2.34591,22.1606,18.9103,2.35558,6.05838,23.5798,17.0755,6.37172,31.6803,17.9895,0.545461,23.1669,10.3473,4.45396,8.16292,12.9577,7.84489,10.5696,24.7406,14.1427,14.8176,13.9232,12.3893,12.1577,29.8745,5.42065,7.0047,12.1104,13.0017,13.6229,20.7172,2.64401,4.3766,12.8247,19.712,5.1081,3.63135,8.96422,14.869,25.7433,26.2582,3.62915,13.8624,0.73467,1.49401,1.27347,4.8713,8.18189,12.0113,15.7816,17.9407,30.6372,16.7845,4.75082,17.96,12.6934,13.8282,10.3661,5.4485,6.06989,18.218,15.7428,7.56422,17.4543,17.7794,16.0475,4.88575,7.516,29.7594,17.8837,26.6968,24.7145,7.44168,1.8611,2.98899,4.0581,23.3286,19.7891,5.15204,20.6033,11.1282,14.9197,10.8397,13.8779,24.9403,1.89778,18.1826,18.0926,9.80129,11.2778,10.7832,4.77561,13.2588,19.222,3.61031,24.2456,19.8666,25.6898,0.391996,8.68322,20.7798,1.49401,11.0523,16.3403,6.55888,10.0674,28.1521,31.9501,12.1769,14.5963,25.9422,7.30518,16.7539,28.0241,7.29888,1.77357,29.8812,18.3745,19.6706,0.397615,22.8698,21.797,22.4532,5.007,1.49401,8.28551,20.1224,16.3054,14.4621,17.5005,14.8669,14.1765,10.7092,31.6525,4.61743,16.2779,23.0798,
DUALS 125,2694.69,668708,660970,0,8.9581,6.21891,30.1019,13.2924,19.0907,13.6723,18.2822,32.017,12.6641,17.057,9.22184,15.5051,7.58518,11.527,9.04409,18.3526,2.82312,21.6767,15.4816,16.9004,29.1446,19.6193,28.598,11.7944,10.2906,11.7644,19.4904,4.15123,7.41071,14.2892,7.79949,29.7856,18.2506,2.17856,18.7369,18.6215,14.5033,18.0526,1.05535,7.69046,17.3183,18.2377,8.23384,14.976,14.6345,17.328,14.8852,19.5218,6.99621,12.9788,14.4666,14.2165,4.88258,28.2613,20.5865,3.36389,17.9557,21.9576,6.24427,30.9662,8.7824,9.44871,1.30448,2.34591,22.1606,18.9103,2.35558,4.64225,23.5798,17.0755,6.37172,31.6803,17.9895,1.9616,23.1669,7.51508,4.45396,8.16292,12.9577,7.84489,10.5696,24.7406,14.1427,14.8176,13.9232,12.3893,12.1577,29.8745,6.83679,7.0047,12.1104,13.0017,13.6229,20.7172,2.64401,5.79274,14.2408,19.712,5.1081,3.63135,8.96422,13.4528,25.7433,26.2582,5.04528,13.8624,0.73467,1.49401,1.27347,3.45517,8.18189,12.0113,15.7816,17.9407,30.6372,16.7845,4.75082,17.96,12.6934,13.8282,10.3661,5.4485,6.06989,18.218,15.7428,7.56422,17.4543,17.7794,16.0475,6.30188,7.516,29.7594,19.2998,26.6968,24.7145,7.44168,1.8611,2.98899,4.0581,23.3286,19.7891,5.15204,20.6033,11.1282,14.9197,9.42358,13.8779,24.9403,3.31392,18.1826,18.0926,11.2174,12.6939,10.7832,4.77561,13.2588,19.222,3.61031,24.2456,19.8666,25.6898,1.80813,8.68322,20.7798,1.49401,11.0523,16.3403,6.55888,11.4835,28.1521,31.9501,12.1769,14.5963,25.9422,7.30518,16.7539,28.0241,7.29888,0,29.8812,18.3745,19.6706,0.397615,22.8698,21.797,22.4532,5.007,1.49401,8.28551,20.1224,16.3054,15.8782,17.5005,14.8669,14.1765,12.1254,31.6525,4.61743,16.2779,23.0798,
DUALS 125,2694.69,668708,665589,0,8.9581,6.21891,30.1019,13.2924,19.0907,13.6723,18.2822,32.017,12.6641,17.057,9.22184,15.5051,7.58518,10.056,8.30858,18.3526,2.82312,21.6767,14.0106,16.9004,29.1446,19.6193,28.598,11.7944,10.2906,11.7644,19.4904,3.41573,7.41071,13.5537,7.79949,29.7856,18.2506,2.17856,18.7369,18.6215,14.5033,18.0526,1.05535,7.69046,17.3183,18.2377,8.23384,15.7115,14.6345,17.328,14.8852,19.5218,6.99621,12.9788,14.4666,14.2165,4.88258,28.2613,20.5865,3.36389,17.9557,21.9576,5.50876,30.9662,8.7824,9.44871,1.30448,1.6104,22.1606,18.9103,2.35558,5.37776,23.5798,17.0755,6.37172,31.6803,17.9895,1.22609,23.1669,8.25058,4.45396,8.16292,12.9577,7.84489,10.5696,24.7406,14.1427,14.8176,13.9232,12.3893,12.1577,29.8745,6.10128,7.0047,12.1104,13.0017,13.6229,20.7172,2.64401,5.05723,12.7698,19.712,5.1081,3.63135,8.96422,14.1883,25.7433,26.2582,4.30978,13.8624,0.73467,1.49401,0.537964,4.19067,8.18189,12.0113,15.7816,17.9407,30.6372,16.7845,4.75082,17.96,12.6934,13.0927,10.3661,5.4485,6.06989,18.218,15.7428,7.56422,17.4543,17.7794,16.0475,5.56638,8.2515,29.7594,19.2998,26.6968,24.7145,7.44168,1.8611,2.98899,4.0581,23.3286,19.7891,5.15204,20.6033,11.1282,14.9197,10.1591,13.8779,24.9403,2.57841,18.1826,18.0926,11.2174,12.6939,10.7832,4.77561,13.2588,19.222,3.61031,24.2456,19.8666,25.6898,2.54364,8.68322,20.7798,1.49401,11.0523,16.3403,6.55888,10.748,28.1521,31.9501,12.1769,14.5963,25.9422,7.30518,16.7539,28.0241,7.29888,0.735505,29.8812,18.3745,19.6706,0.397615,22.8698,21.797,22.4532,5.007,1.49401,8.28551,20.1224,16.3054,14.4072,17.5005,14.8669,14.1765,10.6544,31.6525,4.61743,16.2779,23.0798,
DUALS 125,2694.69,668699,665660,0,8.9581,6.21891,30.1019,13.2924,19.0907,13.6723,18.2822,32.017,12.6641,17.057,9.22184,15.5051,7.58518,11.3656,9.6182,18.3526,2.82312,21.6767,15.3202,16.9004,29.1446,19.6193,28.598,11.7944,10.2906,13.074,19.4904,4.72534,7.41071,14.8633,7.79949,29.7856,18.2506,2.17856,18.7369,18.6215,14.5033,18.0526,1.05535,9.00008,17.3183,18.2377,8.23384,15.7115,14.6345,17.328,14.8852,20.8314,6.99621,12.9788,14.4666,14.2165,4.88258,28.2613,20.5865,3.36389,17.9557,21.9576,6.81838,30.9662,8.7824,9.44871,1.30448,1.6104,22.1606,18.9103,2.35558,5.37776,23.5798,17.0755,6.37172,31.6803,17.9895,2.53571,23.1669,8.25058,4.45396,8.16292,12.9577,7.84489,10.5696,24.7406,14.1427,14.8176,13.9232,12.3893,12.1577,29.8745,7.4109,7.0047,12.1104,13.0017,13.6229,20.7172,2.64401,6.36685,14.0794,19.712,5.1081,3.63135,8.96422,14.1883,25.7433,26.2582,5.6194,13.8624,0.73467,1.49401,0.537964,4.19067,8.18189,12.0113,15.7816,17.9407,30.6372,16.7845,4.75082,17.96,12.6934,14.4023,10.3661,5.4485,6.06989,18.218,15.7428,7.56422,17.4543,17.7794,16.0475,6.87599,8.2515,29.7594,20.6094,26.6968,24.7145,7.44168,1.8611,2.98899,4.0581,23.3286,19.7891,5.15204,20.6033,11.1282,14.9197,10.1591,13.8779,24.9403,3.88803,18.1826,18.0926,12.527,14.0035,10.7832,4.77561,13.2588,19.222,3.61031,24.2456,19.8666,25.6898,1.23402,8.68322,20.7798,1.49401,11.0523,16.3403,6.55888,12.0577,28.1521,31.9501,12.1769,14.5963,25.9422,7.30518,16.7539,28.0241,7.29888,0.735505,29.8812,18.3745,19.6706,0.397615,22.8698,21.797,22.4532,5.007,1.49401,8.28551,20.1224,16.3054,15.7168,17.5005,14.8669,14.1765,11.964,31.6525,4.61743,16.2779,23.0798,
DUALS 126,2694.69,668763,661039,0,8.9581,6.21891,30.1019,13.2924,19.0907,13.6723,18.2822,32.017,12.6641,17.057,9.22184,15.5051,7.58518,11.7657,8.81801,18.3526,2.82312,21.6767,14.1199,16.9004,29.1446,19.6193,28.598,11.7944,10.2906,12.674,19.4904,3.92516,7.41071,14.0632,7.79949,29.7856,18.2506,2.17856,18.7369,18.6215,14.5033,18.0526,1.05535,8.59999,17.3183,18.2377,8.23384,16.1116,14.6345,17.328,14.8852,20.4313,6.99621,12.9788,14.4666,14.2165,4.88258,28.2613,20.5865,3.36389,17.9557,21.9576,6.01819,30.9662,8.7824,9.44871,1.30448,1.6104,22.1606,18.9103,2.35558,5.77785,23.5798,17.0755,6.37172,31.6803,17.9895,1.73552,23.1669,8.65068,4.45396,8.16292,12.9577,7.84489,10.5696,24.7406,14.1427,14.8176,13.9232,12.3893,12.1577,29.8745,6.61071,7.0047,12.1104,13.0017,13.6229,20.7172,2.64401,5.56666,13.2792,19.712,5.1081,3.63135,8.96422,14.5884,25.7433,26.2582,4.81921,13.8624,0.73467,1.49401,0.537964,4.19067,8.18189,12.0113,15.7816,17.9407,30.6372,16.7845,4.75082,17.96,12.6934,14.0022,10.3661,5.4485,6.06989,18.218,15.7428,7.56422,17.4543,17.7794,16.0475,6.07581,8.2515,29.7594,20.2093,26.6968,24.7145,7.44168,1.8611,2.98899,4.0581,23.3286,19.7891,5.15204,20.6033,11.1282,14.9197,10.5592,13.8779,24.9403,2.68775,18.1826,18.0926,12.527,12.4032,10.7832,4.77561,13.2588,19.222,3.61031,24.2456,19.8666,25.6898,1.63411,8.68322,20.7798,1.49401,11.0523,16.3403,6.55888,10.8574,28.1521,31.9501,12.1769,14.5963,25.9422,7.30518,16.7539,28.0241,7.29888,0.735505,29.8812,18.3745,19.6706,0.397615,22.8698,21.797,22.4532,5.007,1.49401,8.28551,20.1224,16.3054,14.5165,17.5005,14.8669,14.1765,10.7637,31.6525,4.21733,16.2779,23.0798,
DUALS 126,2694.69,668763,664974,0,8.9581,6.21891,30.1019,13.2924,19.0907,13.6723,18.2822,32.017,12.6641,17.057,9.22184,15.5051,7.58518,11.7657,6.30482,18.3526,2.82312,21.6767,14.1199,16.9004,29.1446,19.6193,28.598,11.7944,10.2906,10.1608,19.4904,3.92516,7.41071,14.0632,7.79949,29.7856,18.2506,2.17856,18.7369,18.6215,14.5033,18.0526,1.05535,6.0868,17.3183,18.2377,8.23384,16.1116,14.6345,17.328,14.8852,17.9181,6.99621,12.9788,14.4666,14.2165,4.88258,28.2613,20.5865,3.36389,17.9557,21.9576,3.505,30.9662,8.7824,9.44871,1.30448,1.6104,22.1606,18.9103,2.35558,5.77785,23.5798,17.0755,6.37172,31.6803,17.9895,1.73552,23.1669,8.65068,4.45396,8.16292,12.9577,7.84489,10.5696,24.7406,14.1427,14.8176,13.9232,12.3893,12.1577,29.8745,4.09752,7.0047,12.1104,13.0017,13.6229,20.7172,2.64401,5.56666,13.2792,19.712,5.1081,3.63135,8.96422,14.5884,25.7433,26.2582,2.30602,13.8624,0.73467,1.49401,0.537964,4.19067,8.18189,12.0113,15.7816,17.9407,30.6372,16.7845,4.75082,17.96,12.6934,14.0022,10.3661,5.4485,6.06989,18.218,15.7428,7.56422,17.4543,17.7794,16.0475,6.07581,8.2515,29.7594,17.6961,26.6968,24.7145,7.44168,1.8611,2.98899,4.0581,23.3286,19.7891,5.15204,20.6033,11.1282,14.9197,10.5592,13.8779,24.9403,2.68775,18.1826,18.0926,10.0139,9.88997,10.7832,4.77561,13.2588,19.222,3.61031,24.2456,19.8666,25.6898,4.1473,8.68322,20.7798,1.49401,11.0523,16.3403,6.55888,8.34418,28.1521,31.9501,12.1769,14.5963,25.9422,7.30518,16.7539,28.0241,7.29888,0.735505,29.8812,18.3745,19.6706,0.397615,22.8698,21.797,22.4532,5.007,1.49401,8.28551,20.1224,16.3054,14.5165,17.5005,14.8669,14.1765,10.7637,31.6525,4.21733,16.2779,23.0798,
DUALS 126,2694.69,668761,664974,0,8.9581,6.21891,30.1019,13.2924,19.0907,13.6723,18.2822,32.017,12.6641,17.057,9.22184,15.5051,7.58518,11.7657,10.5874,18.3526,2.82312,21.6767,14.1199,16.9004,29.1446,19.6193,28.598,11.7944,10.2906,14.4433,19.4904,3.92516,7.41071,14.0632,7.79949,29.7856,18.2506,2.17856,18.7369,18.6215,14.5033,18.0526,1.05535,10.3694,17.3183,18.2377,8.23384,16.1116,14.6345,17.328,14.8852,22.2007,6.99621,12.9788,14.4666,14.2165,4.88258,28.2613,20.5865,3.36389,17.9557,21.9576,7.78757,30.9662,8.7824,9.44871,1.30448,1.6104,22.1606,18.9103,2.35558,5.77785,23.5798,17.0755,6.37172,31.6803,17.9895,1.73552,23.1669,8.65068,4.45396,8.16292,12.9577,7.84489,10.5696,24.7406,14.1427,14.8176,13.9232,12.3893,12.1577,29.8745,8.38009,7.0047,12.1104,13.0017,13.6229,20.7172,2.64401,5.56666,13.2792,19.712,5.1081,3.63135,8.96422,14.5884,25.7433,26.2582,6.58859,13.8624,0.73467,1.49401,0.537964,4.19067,8.18189,12.0113,15.7816,17.9407,30.6372,16.7845,4.75082,17.96,12.6934,14.0022,10.3661,5.4485,6.06989,18.218,15.7428,7.56422,17.4543,17.7794,16.0475,6.07581,8.2515,29.7594,21.9787,26.6968,24.7145,7.44168,1.8611,2.98899,4.0581,23.3286,19.7891,5.15204,20.6033,11.1282,14.9197,10.5592,13.8779,24.9403,2.68775,18.1826,18.0926,14.2964,14.1725,10.7832,4.77561,13.2588,19.222,3.61031,24.2456,19.8666,25.6898,0,8.68322,20.7798,1.49401,11.0523,16.3403,6.55888,12.6267,28.1521,31.9501,12.1769,14.5963,25.9422,7.30518,16.7539,28.0241,7.29888,0.735505,29.8812,18.3745,19.6706,0.397615,22.8698,21.797,22.4532,5.007,1.49401,8.28551,20.1224,16.3054,14.5165,17.5005,14.8669,14.1765,10.7637,31.6525,4.21733,16.2779,23.0798,
DUALS 127,2694.69,668827,661102,0,8.9581,6.21891,30.1019,13.2924,19.0907,13.6723,18.2822,32.017,12.6641,17.057,9.22184,15.5051,7.58518,11.7657,8.99461,18.3526,2.82312,21.6767,14.1199,16.9004,29.1446,19.6193,28.598,11.7944,10.2906,12.8505,19.4904,4.72155,7.41071,14.0632,7.79949,29.7856,18.2506,2.17856,18.7369,18.6215,14.5033,18.0526,1.05535,9.57297,17.3183,18.2377,8.23384,16.1116,14.6345,17.328,14.8852,21.4043,6.99621,12.9788,14.4666,14.2165,4.88258,28.2613,20.5865,3.36389,17.9557,21.9576,5.3984,30.9662,8.7824,9.44871,1.30448,1.6104,22.1606,18.9103,2.35558,5.77785,23.5798,17.0755,6.37172,31.6803,17.9895,1.73552,23.1669,8.65068,4.45396,8.16292,12.9577,7.84489,10.5696,24.7406,14.1427,14.8176,13.9232,12.3893,12.1577,29.8745,5.99092,7.0047,12.1104,13.0017,13.6229,20.7172,2.64401,6.36305,13.2792,19.712,5.1081,3.63135,8.96422,14.5884,25.7433,26.2582,4.19942,13.8624,0.73467,1.49401,0.537964,4.19067,8.18189,12.0113,15.7816,17.9407,30.6372,16.7845,4.75082,17.96,12.6934,14.0022,10.3661,5.4485,6.06989,18.218,15.7428,7.56422,17.4543,17.7794,16.0475,6.8722,8.2515,29.7594,20.3859,26.6968,24.7145,7.44168,1.8611,2.98899,4.0581,23.3286,19.7891,5.15204,20.6033,11.1282,14.9197,10.5592,13.8779,24.9403,3.48414,18.1826,18.0926,12.7036,11.7834,10.7832,4.77561,13.2588,19.222,3.61031,24.2456,19.8666,25.6898,0.79639,8.68322,20.7798,1.49401,11.0523,16.3403,6.55888,9.44119,28.1521,31.9501,12.1769,14.5963,25.9422,7.30518,16.7539,28.0241,7.29888,0.735505,29.8812,18.3745,19.6706,0.397615,22.8698,21.797,22.4532,5.007,1.49401,8.28551,20.1224,16.3054,14.5165,17.5005,14.8669,14.1765,10.7637,31.6525,4.21733,16.2779,23.0798,
DUALS 127,2694.69,668827,664604,0,8.9581,6.21891,30.1019,13.2924,19.0907,13.6723,18.2822,32.017,12.6641,17.057,9.22184,15.5051,7.58518,9.05808,8.99461,18.3526,2.82312,21.6767,14.1199,16.9004,29.1446,19.6193,28.598,11.7944,10.2906,10.1429,19.4904,2.01392,7.41071,14.0632,7.79949,29.7856,18.2506,2.17856,18.7369,18.6215,14.5033,18.0526,1.05535,6.86534,17.3183,18.2377,8.23384,16.1116,14.6345,17.328,14.8852,18.6967,6.99621,12.9788,14.4666,14.2165,4.88258,28.2613,20.5865,3.36389,17.9557,21.9576,5.3984,30.9662,8.7824,9.44871,1.30448,1.6104,22.1606,18.9103,2.35558,5.77785,23.5798,17.0755,6.37172,31.6803,17.9895,0,23.1669,8.65068,4.45396,8.16292,12.9577,7.84489,10.5696,24.7406,14.1427,14.8176,13.9232,12.3893,12.1577,29.8745,5.99092,7.0047,12.1104,13.0017,13.6229,20.7172,2.64401,3.65542,13.2792,19.712,5.1081,3.63135,8.96422,14.5884,25.7433,26.2582,4.19942,13.8624,0.73467,1.49401,0.537964,4.19067,8.18189,12.0113,15.7816,17.9407,30.6372,16.7845,4.75082,17.96,12.6934,14.0022,10.3661,5.4485,6.06989,18.218,15.7428,7.56422,17.4543,17.7794,16.0475,4.16457,8.2515,29.7594,17.6783,26.6968,24.7145,7.44168,1.8611,2.98899,4.0581,23.3286,19.7891,5.15204,20.6033,11.1282,14.9197,10.5592,13.8779,24.9403,0.776513,18.1826,18.0926,9.99601,9.07573,10.7832,4.77561,13.2588,19.222,3.61031,24.2456,19.8666,25.6898,3.50402,8.68322,20.7798,1.49401,11.0523,16.3403,6.55888,9.44119,28.1521,31.9501,12.1769,14.5963,25.9422,7.30518,16.7539,28.0241,7.29888,0.735505,29.8812,18.3745,19.6706,0.397615,22.8698,21.797,22.4532,5.007,1.49401,8.28551,20.1224,16.3054,14.5165,17.5005,14.8669,14.1765,10.7637,31.6525,4.21733,16.2779,23.0798,
DUALS 127,2694.69,668818,664604,0,8.9581,6.21891,30.1019,13.2924,19.0907,13.6723,18.2822,32.017,12.6641,17.057,9.22184,15.5051,7.58518,11.0875,11.0241,18.3526,2.82312,21.6767,16.1494,16.9004,29.1446,19.6193,28.598,11.7944,10.2906,12.1724,19.4904,4.04339,7.41071,16.0926,7.79949,29.7856,18.2506,2.17856,18.7369,18.6215,14.5033,18.0526,1.05535,8.89481,17.3183,18.2377,8.23384,16.1116,14.6345,17.328,14.8852,20.7261,6.99621,12.9788,14.4666,14.2165,4.88258,28.2613,20.5865,3.36389,17.9557,21.9576,7.42787,30.9662,8.7824,9.44871,1.30448,1.6104,22.1606,18.9103,2.35558,5.77785,23.5798,17.0755,6.37172,31.6803,17.9895,2.02947,23.1669,8.65068,4.45396,8.16292,12.9577,7.84489,10.5696,24.7406,14.1427,14.8176,13.9232,12.3893,12.1577,29.8745,8.02039,7.0047,12.1104,13.0017,13.6229,20.7172,2.64401,5.68489,15.3087,19.712,5.1081,3.63135,8.96422,14.5884,25.7433,26.2582,6.22888,13.8624,0.73467,1.49401,0.537964,4.19067,8.18189,12.0113,15.7816,17.9407,30.6372,16.7845,4.75082,17.96,12.6934,16.0317,10.3661,5.4485,6.06989,18.218,15.7428,7.56422,17.4543,17.7794,16.0475,6.19404,8.2515,29.7594,19.7078,26.6968,24.7145,7.44168,1.8611,2.98899,4.0581,23.3286,19.7891,5.15204,20.6033,11.1282,14.9197,10.5592,13.8779,24.9403,2.80598,18.1826,18.0926,12.0255,11.1052,10.7832,4.77561,13.2588,19.222,3.61031,24.2456,19.8666,25.6898,1.47455,8.68322,20.7798,1.49401,11.0523,16.3403,6.55888,11.4707,28.1521,31.9501,12.1769,14.5963,25.9422,7.30518,16.7539,28.0241,7.29888,0.735505,29.8812,18.3745,19.6706,0.397615,22.8698,21.797,22.4532,5.007,1.49401,8.28551,20.1224,16.3054,16.546,17.5005,14.8669,14.1765,12.7932,31.6525,4.21733,16.2779,23.0798,
DUALS 128,2694.69,669126,661408,0,8.9581,6.21891,30.1019,13.2924,19.0907,13.6723,18.2822,32.017,12.6641,17.057,9.22184,15.5051,7.58518,9.93388,9.87041,18.3526,2.82312,21.6767,14.7073,16.9004,29.1446,19.6193,28.598,11.7944,10.2906,12.4608,19.4904,4.04339,7.41071,15.5158,7.79949,29.7856,18.2506,2.17856,18.7369,18.6215,14.5033,18.0526,1.05535,9.18323,17.3183,18.2377,8.23384,16.4,14.6345,17.328,14.8852,20.4377,6.99621,12.9788,14.4666,14.2165,4.88258,28.2613,20.5865,3.36389,17.9557,21.9576,6.2742,30.9662,8.7824,9.44871,1.30448,1.6104,22.1606,18.9103,2.35558,6.06627,23.5798,17.0755,6.37172,31.6803,17.9895,2.02947,23.1669,8.93909,4.45396,8.16292,12.9577,7.84489,10.5696,24.7406,14.1427,14.8176,13.9232,12.3893,12.1577,29.8745,6.86672,7.0047,12.1104,13.0017,13.6229,20.7172,2.64401,5.68489,13.8666,19.712,5.1081,3.63135,8.96422,14.8768,25.7433,26.2582,5.07522,13.8624,0.73467,1.49401,0.537964,4.19067,8.18189,12.0113,15.7816,17.9407,30.6372,16.7845,4.75082,17.96,12.6934,15.4548,10.3661,5.4485,6.06989,18.218,15.7428,7.56422,17.4543,17.7794,16.0475,6.19404,8.2515,29.7594,19.7078,26.6968,24.7145,7.44168,1.8611,2.98899,4.0581,23.3286,19.7891,5.15204,20.6033,11.1282,14.9197,10.8476,13.8779,24.9403,2.51756,18.1826,18.0926,12.3139,11.3936,10.7832,4.77561,13.2588,19.222,3.61031,24.2456,19.8666,25.6898,1.76297,8.68322,20.7798,1.49401,11.0523,16.3403,6.55888,11.1822,28.1521,31.9501,12.1769,14.5963,25.9422,7.30518,16.7539,28.0241,7.29888,0.735505,29.8812,18.3745,19.6706,0.397615,22.8698,21.797,22.4532,5.007,1.49401,8.28551,20.1224,16.3054,15.1039,17.5005,14.8669,14.1765,11.3511,31.6525,4.21733,16.2779,23.0798,
DUALS 128,2694.69,669126,663822,0,8.9581,6.21891,30.1019,13.2924,19.0907,13.6723,18.2822,32.017,12.6641,17.057,9.22184,15.5051,7.58518,12.5851,7.21915,18.3526,2.82312,21.6767,14.7073,16.9004,29.1446,19.6193,28.598,11.7944,10.2906,9.80954,19.4904,4.04339,7.41071,15.5158,7.79949,29.7856,18.2506,2.17856,18.7369,18.6215,14.5033,18.0526,1.05535,6.53196,17.3183,18.2377,8.23384,16.4,14.6345,17.328,14.8852,17.7865,6.99621,12.9788,14.4666,14.2165,4.88258,28.2613,20.5865,3.36389,17.9557,21.9576,3.62293,30.9662,8.7824,9.44871,1.30448,1.6104,22.1606,18.9103,2.35558,6.06627,23.5798,17.0755,6.37172,31.6803,17.9895,2.02947,23.1669,8.93909,4.45396,8.16292,12.9577,7.84489,10.5696,24.7406,14.1427,14.8176,13.9232,12.3893,12.1577,29.8745,4.21545,7.0047,12.1104,13.0017,13.6229,20.7172,2.64401,5.68489,13.8666,19.712,5.1081,3.63135,8.96422,14.8768,25.7433,26.2582,2.42395,13.8624,0.73467,1.49401,0.537964,4.19067,8.18189,12.0113,15.7816,17.9407,30.6372,16.7845,4.75082,17.96,12.6934,15.4548,10.3661,5.4485,6.06989,18.218,15.7428,7.56422,17.4543,17.7794,16.0475,6.19404,8.2515,29.7594,17.0565,26.6968,24.7145,7.44168,1.8611,2.98899,4.0581,23.3286,19.7891,5.15204,20.6033,11.1282,14.9197,10.8476,13.8779,24.9403,2.51756,18.1826,18.0926,9.66263,8.74235,10.7832,4.77561,13.2588,19.222,3.61031,24.2456,19.8666,25.6898,1.76297,8.68322,20.7798,1.49401,11.0523,16.3403,6.55888,8.53097,28.1521,31.9501,12.1769,14.5963,25.9422,7.30518,16.7539,28.0241,7.29888,0.735505,29.8812,18.3745,19.6706,0.397615,22.8698,21.797,22.4532,5.007,1.49401,8.28551,20.1224,16.3054,15.1039,17.5005,14.8669,14.1765,11.3511,31.6525,4.21733,16.2779,23.0798,
DUALS 128,2694.69,669126,663823,0,8.9581,6.21891,30.1019,13.2924,19.0907,13.6723,18.2822,32.017,12.6641,17.057,9.22184,15.5051,7.58518,12.5851,11.7396,18.3526,2.82312,21.6767,14.7073,16.9004,29.1446,19.6193,28.598,11.7944,10.2906,14.33,19.4904,4.04339,7.41071,15.5158,7.79949,29.7856,18.2506,2.17856,18.7369,18.6215,14.5033,18.0526,1.05535,11.0524,17.3183,18.2377,8.23384,16.4,14.6345,17.328,14.8852,22.3069,6.99621,12.9788,14.4666,14.2165,4.88258,28.2613,20.5865,3.36389,17.9557,21.9576,8.14342,30.9662,8.7824,9.44871,1.30448,1.6104,22.1606,18.9103,2.35558,6.06627,23.5798,17.0755,6.37172,31.6803,17.9895,2.02947,23.1669,8.93909,4.45396,8.16292,12.9577,7.84489,10.5696,24.7406,14.1427,14.8176,13.9232,12.3893,12.1577,29.8745,8.73594,7.0047,12.1104,13.0017,13.6229,20.7172,2.64401,5.68489,13.8666,19.712,5.1081,3.63135,8.96422,14.8768,25.7433,26.2582,6.94443,13.8624,0.73467,1.49401,0.537964,4.19067,8.18189,12.0113,15.7816,17.9407,30.6372,16.7845,4.75082,17.96,12.6934,15.4548,10.3661,5.4485,6.06989,18.218,15.7428,7.56422,17.4543,17.7794,16.0475,6.19404,8.2515,29.7594,21.577,26.6968,24.7145,7.44168,1.8611,2.98899,4.0581,23.3286,19.7891,5.15204,20.6033,11.1282,14.9197,10.8476,13.8779,24.9403,2.51756,18.1826,18.0926,14.1831,13.2628,10.7832,4.77561,13.2588,19.222,3.61031,24.2456,19.8666,25.6898,1.76297,8.68322,20.7798,1.49401,11.0523,16.3403,6.55888,13.0515,28.1521,31.9501,12.1769,14.5963,25.9422,7.30518,16.7539,28.0241,7.29888,0.735505,29.8812,18.3745,19.6706,0.397615,22.8698,21.797,22.4532,5.007,1.49401,8.28551,20.1224,16.3054,15.1039,17.5005,14.8669,14.1765,11.3511,31.6525,4.21733,16.2779,23.0798,
DUALS 128,2694.69,669126,663841,0,8.9581,6.21891,30.1019,13.2924,19.0907,13.6723,18.2822,32.017,12.6641,17.057,9.22184,15.5051,7.58518,11.2263,9.02193,18.3526,2.82312,21.6767,13.3484,16.9004,29.1446,19.6193,28.598,11.7944,10.2906,13.6506,19.4904,4.72281,7.41071,15.5158,7.79949,29.7856,18.2506,2.17856,18.7369,18.6215,14.5033,18.0526,1.05535,10.373,17.3183,18.2377,8.23384,16.4,14.6345,17.328,14.8852,21.6275,6.99621,12.9788,14.4666,14.2165,4.88258,28.2613,20.5865,3.36389,17.9557,21.9576,5.42571,30.9662,8.7824,9.44871,1.30448,1.6104,22.1606,18.9103,2.35558,6.06627,23.5798,17.0755,6.37172,31.6803,17.9895,2.70889,23.1669,8.93909,4.45396,8.16292,12.9577,7.84489,10.5696,24.7406,14.1427,14.8176,13.9232,12.3893,12.1577,29.8745,6.01824,7.0047,12.1104,13.0017,13.6229,20.7172,2.64401,6.36432,12.5077,19.712,5.1081,3.63135,8.96422,14.8768,25.7433,26.2582,4.22673,13.8624,0.73467,1.49401,0.537964,4.19067,8.18189,12.0113,15.7816,17.9407,30.6372,16.7845,4.75082,17.96,12.6934,14.096,10.3661,5.4485,6.06989,18.218,15.7428,7.56422,17.4543,17.7794,16.0475,6.87346,7.57207,29.7594,20.8976,26.6968,24.7145,7.44168,1.8611,2.98899,4.0581,23.3286,19.7891,5.15204,20.6033,11.1282,14.9197,10.8476,13.8779,24.9403,3.19699,18.1826,18.0926,13.5037,12.5834,10.7832,4.77561,13.2588,19.222,3.61031,24.2456,19.8666,25.6898,1.76297,8.68322,20.7798,1.49401,11.0523,16.3403,6.55888,11.6926,28.1521,31.9501,12.1769,14.5963,25.9422,7.30518,16.7539,28.0241,7.29888,0.735505,29.8812,18.3745,19.6706,0.397615,22.8698,21.797,22.4532,5.007,1.49401,8.28551,20.1224,16.3054,13.7451,17.5005,14.8669,14.1765,9.99223,31.6525,4.21733,16.2779,23.0798,
DUALS 129,2694.69,669126,665009,0,8.9581,6.21891,30.1019,13.2924,19.0907,13.6723,18.2822,32.017,12.6641,17.057,9.22184,15.5051,7.58518,8.05592,9.02193,18.3526,2.82312,21.6767,13.3484,16.9004,29.1446,19.6193,28.598,11.7944,10.2906,10.4802,19.4904,1.55244,7.41071,15.5158,7.79949,29.7856,18.2506,2.17856,18.7369,18.6215,14.5033,18.0526,1.05535,7.20265,17.3183,18.2377,8.23384,16.4,14.6345,17.328,14.8852,18.4571,6.99621,12.9788,14.4666,14.2165,4.88258,28.2613,20.5865,3.36389,17.9557,21.9576,5.42571,30.9662,8.7824,9.44871,1.30448,1.6104,22.1606,18.9103,2.35558,6.06627,23.5798,17.0755,6.37172,31.6803,17.9895,0,23.1669,8.93909,4.45396,8.16292,12.9577,7.84489,10.5696,24.7406,14.1427,14.8176,13.9232,12.3893,12.1577,29.8745,6.01824,7.0047,12.1104,13.0017,13.6229,20.7172,2.64401,3.19394,12.5077,19.712,5.1081,3.63135,8.96422,14.8768,25.7433,26.2582,4.22673,13.8624,0.73467,1.49401,0.537964,4.19067,8.18189,12.0113,15.7816,17.9407,30.6372,16.7845,4.75082,17.96,12.6934,14.096,10.3661,5.4485,6.06989,18.218,15.7428,7.56422,17.4543,17.7794,16.0475,3.70309,7.57207,29.7594,17.7272,26.6968,24.7145,7.44168,1.8611,2.98899,4.0581,23.3286,19.7891,5.15204,20.6033,11.1282,14.9197,10.8476,13.8779,24.9403,0.0266149,18.1826,18.0926,10.3333,9.41304,10.7832,4.77561,13.2588,19.222,3.61031,24.2456,19.8666,25.6898,1.76297,8.68322,20.7798,1.49401,11.0523,16.3403,6.55888,11.6926,28.1521,31.9501,12.1769,14.5963,25.9422,7.30518,16.7539,28.0241,7.29888,0.735505,29.8812,18.3745,19.6706,0.397615,22.8698,21.797,22.4532,5.007,1.49401,8.28551,20.1224,16.3054,13.7451,17.5005,14.8669,14.1765,9.99223,31.6525,4.21733,16.2779,23.0798,
DUALS 129,2694.69,669124,665009,0,8.9581,6.21891,30.1019,13.2924,19.0907,13.6723,18.2822,32.017,12.6641,17.057,9.22184,15.5051,7.58518,9.99693,10.9629,18.3526,2.82312,21.6767,15.2894,16.9004,29.1446,19.6193,28.598,11.7944,10.2906,12.4212,19.4904,3.49344,7.41071,15.5158,7.79949,29.7856,18.2506,2.17856,18.7369,18.6215,14.5033,18.0526,1.05535,9.14365,17.3183,18.2377,8.23384,14.459,14.6345,17.328,14.8852,20.3982,6.99621,12.9788,14.4666,14.2165,4.88258,28.2613,20.5865,3.36389,17.9557,21.9576,7.36672,30.9662,8.7824,9.44871,1.30448,1.6104,22.1606,18.9103,2.35558,4.12526,23.5798,17.0755,6.37172,31.6803,17.9895,1.94101,23.1669,6.99809,4.45396,8.16292,12.9577,7.84489,10.5696,24.7406,14.1427,14.8176,13.9232,12.3893,12.1577,29.8745,7.95924,7.0047,12.1104,13.0017,13.6229,20.7172,2.64401,5.13495,14.4488,19.712,5.1081,3.63135,8.96422,12.9358,25.7433,26.2582,6.16774,13.8624,0.73467,1.49401,0.537964,4.19067,8.18189,12.0113,15.7816,17.9407,30.6372,16.7845,4.75082,17.96,12.6934,14.096,10.3661,5.4485,6.06989,18.218,15.7428,7.56422,17.4543,17.7794,16.0475,5.64409,7.57207,29.7594,19.6682,26.6968,24.7145,7.44168,1.8611,2.98899,4.0581,23.3286,19.7891,5.15204,20.6033,11.1282,14.9197,8.90659,13.8779,24.9403,1.96762,18.1826,18.0926,12.2743,11.354,10.7832,4.77561,13.2588,19.222,3.61031,24.2456,19.8666,25.6898,1.76297,8.68322,20.7798,1.49401,11.0523,16.3403,6.55888,13.6336,28.1521,31.9501,12.1769,14.5963,25.9422,7.30518,16.7539,28.0241,7.29888,0.735505,29.8812,18.3745,19.6706,0.397615,22.8698,21.797,22.4532,5.007,1.49401,8.28551,20.1224,16.3054,15.6861,17.5005,14.8669,14.1765,11.9332,31.6525,4.21733,16.2779,23.0798,
DUALS 129,2694.69,669126,661408,0,8.9581,6.21891,30.1019,13.2924,19.0907,13.6723,18.2822,32.017,12.6641,17.057,9.22184,15.5051,7.58518,9.54756,9.16545,18.3526,2.82312,21.6767,14.3907,16.9004,29.1446,19.6193,28.598,11.7944,10.2906,11.9719,19.4904,3.94281,7.41071,15.5158,7.79949,29.7856,18.2506,2.17856,18.7369,18.6215,14.5033,18.0526,1.05535,9.14365,17.3183,18.2377,8.23384,14.9084,14.6345,17.328,14.8852,19.9488,6.99621,12.9788,14.4666,14.2165,4.88258,28.2613,20.5865,3.36389,17.9557,21.9576,5.56924,30.9662,8.7824,9.44871,1.30448,1.6104,22.1606,18.9103,2.35558,4.57463,23.5798,17.0755,6.37172,31.6803,17.9895,2.39038,23.1669,7.44746,4.45396,8.16292,12.9577,7.84489,10.5696,24.7406,14.1427,14.8176,13.9232,12.3893,12.1577,29.8745,6.16176,7.0047,12.1104,13.0017,13.6229,20.7172,2.64401,5.58432,13.55,19.712,5.1081,3.63135,8.96422,13.3852,25.7433,26.2582,4.37026,13.8624,0.73467,1.49401,0.537964,4.19067,8.18189,12.0113,15.7816,17.9407,30.6372,16.7845,4.75082,17.96,12.6934,13.1972,10.3661,5.4485,6.06989,18.218,15.7428,7.56422,17.4543,17.7794,16.0475,6.09346,8.02144,29.7594,19.2188,26.6968,24.7145,7.44168,1.8611,2.98899,4.0581,23.3286,19.7891,5.15204,20.6033,11.1282,14.9197,9.35596,13.8779,24.9403,2.41699,18.1826,18.0926,11.825,10.9047,10.7832,4.77561,13.2588,19.222,3.61031,24.2456,19.8666,25.6898,1.76297,8.68322,20.7798,1.49401,11.0523,16.3403,6.55888,11.8361,28.1521,31.9501,12.1769,14.5963,25.9422,7.30518,16.7539,28.0241,7.29888,0.735505,29.8812,18.3745,19.6706,0.397615,22.8698,21.797,22.4532,5.007,1.49401,8.28551,20.1224,16.3054,14.7873,17.5005,14.8669,14.1765,11.0345,31.6525,3.76796,16.2779,23.0798,
DUALS 130,2694.69,669122,665133,0,8.9581,6.21891,30.1019,13.2924,19.0907,13.6723,18.2822,32.017,12.6641,17.057,9.22184,15.5051,7.58518,38.1506,9.16545,18.3526,2.82312,21.6767,14.3907,16.9004,29.1446,19.6193,28.598,11.7944,10.2906,11.9719,19.4904,3.94281,7.41071,15.5158,7.79949,29.7856,18.2506,2.17856,18.7369,18.6215,14.5033,18.0526,1.05535,9.14365,17.3183,18.2377,8.23384,14.9084,14.6345,17.328,14.8852,19.9488,6.99621,12.9788,14.4666,14.2165,4.88258,28.2613,20.5865,3.36389,17.9557,21.9576,5.56924,30.9662,8.7824,9.44871,1.30448,1.6104,22.1606,18.9103,2.35558,4.57463,23.5798,17.0755,6.37172,31.6803,17.9895,2.39038,23.1669,7.44746,4.45396,8.16292,12.9577,7.84489,10.5696,24.7406,14.1427,14.8176,13.9232,12.3893,12.1577,29.8745,6.16176,7.0047,12.1104,13.0017,13.6229,20.7172,2.64401,5.58432,13.55,19.712,5.1081,3.63135,8.96422,13.3852,25.7433,26.2582,4.37026,13.8624,0.73467,1.49401,0.537964,4.19067,8.18189,12.0113,15.7816,17.9407,30.6372,16.7845,4.75082,17.96,12.6934,13.1972,10.3661,5.4485,6.06989,18.218,15.7428,7.56422,17.4543,17.7794,16.0475,6.09346,8.02144,29.7594,19.2188,26.6968,24.7145,7.44168,1.8611,2.98899,4.0581,23.3286,19.7891,5.15204,20.6033,11.1282,14.9197,9.35596,13.8779,24.9403,2.41699,18.1826,18.0926,11.825,10.9047,10.7832,4.77561,13.2588,19.222,3.61031,24.2456,19.8666,25.6898,1.76297,8.68322,20.7798,1.49401,11.0523,16.3403,6.55888,11.8361,28.1521,31.9501,12.1769,14.5963,25.9422,7.30518,16.7539,28.0241,7.29888,0.735505,29.8812,18.3745,19.6706,0.397615,22.8698,21.797,22.4532,5.007,1.49401,8.28551,20.1224,16.3054,14.7873,17.5005,14.8669,14.1765,11.0345,31.6525,3.76796,16.2779,23.0798,
DUALS 130,2694.69,669334,661622,0,8.9581,6.21891,30.1019,13.2924,19.0907,13.6723,18.2822,32.017,12.6641,17.057,9.22184,15.5051,7.58518,26.7545,7.89922,18.3526,2.82312,21.6767,10.592,16.9004,29.1446,19.6193,28.598,11.7944,10.2906,10.7056,19.4904,0.144101,7.41071,12.9833,7.79949,29.7856,18.2506,2.17856,18.7369,18.6215,14.5033,18.0526,1.05535,9.14365,17.3183,18.2377,8.23384,16.1746,14.6345,17.328,14.8852,18.6825,6.99621,12.9788,14.4666,14.2165,4.88258,28.2613,20.5865,3.36389,17.9557,21.9576,4.303,30.9662,8.7824,9.44871,1.30448,1.6104,22.1606,18.9103,2.35558,5.84087,23.5798,17.0755,6.37172,31.6803,17.9895,0,23.1669,8.7137,4.45396,8.16292,12.9577,7.84489,10.5696,24.7406,14.1427,14.8176,13.9232,12.3893,12.1577,29.8745,4.89552,7.0047,12.1104,13.0017,13.6229,20.7172,2.64401,1.78561,11.0175,19.712,5.1081,3.63135,8.96422,14.6514,25.7433,26.2582,3.10402,13.8624,0.73467,1.49401,0.537964,4.19067,8.18189,12.0113,15.7816,17.9407,30.6372,16.7845,4.75082,17.96,12.6934,11.931,10.3661,5.4485,6.06989,18.218,15.7428,7.56422,17.4543,17.7794,16.0475,2.29475,8.02144,29.7594,17.9526,26.6968,24.7145,7.44168,1.8611,2.98899,4.0581,23.3286,19.7891,5.15204,20.6033,11.1282,14.9197,10.6222,13.8779,24.9403,0,18.1826,18.0926,11.825,10.9047,10.7832,4.77561,13.2588,19.222,3.61031,24.2456,19.8666,25.6898,1.76297,8.68322,20.7798,1.49401,11.0523,16.3403,6.55888,8.03742,28.1521,31.9501,12.1769,14.5963,25.9422,7.30518,16.7539,28.0241,7.29888,0.735505,29.8812,18.3745,19.6706,0.397615,22.8698,21.797,22.4532,5.007,1.49401,8.28551,20.1224,16.3054,10.9886,17.5005,14.8669,14.1765,8.50202,31.6525,5.0342,16.2779,23.0798,
DUALS 130,2694.69,670215,662481,0,8.9581,6.21891,30.1019,13.2924,19.0907,13.6723,18.2822,32.017,12.6641,17.057,9.22184,15.5051,7.58518,23.8086,6.76617,18.3526,2.82312,21.6767,10.8186,16.9004,29.1446,19.6193,28.598,11.7944,10.2906,10.7056,19.2638,0.37071,7.41071,12.9833,7.79949,29.7856,18.2506,2.17856,18.7369,18.6215,14.5033,18.0526,1.05535,8.46383,17.3183,18.2377,8.23384,15.948,14.6345,17.328,14.8852,18.2293,6.99621,12.9788,14.4666,14.2165,4.88258,28.2613,20.5865,3.36389,17.9557,21.9576,2.94335,30.9662,8.7824,9.44871,1.30448,1.6104,22.1606,18.9103,2.35558,6.06748,23.5798,17.0755,6.37172,31.6803,17.9895,0.226608,23.1669,8.9403,4.45396,8.16292,12.9577,7.84489,10.5696,24.7406,14.1427,14.8176,13.9232,12.3893,12.1577,29.8745,4.2157,7.0047,12.1104,13.0017,13.6229,20.7172,2.64401,2.01222,11.0175,19.712,5.1081,3.63135,8.96422,14.4248,25.7433,26.2582,1.97098,13.8624,0.73467,1.49401,0.537964,4.19067,8.18189,12.0113,15.7816,17.9407,30.6372,16.7845,4.75082,17.96,12.6934,11.931,10.3661,5.4485,6.06989,18.218,15.7428,7.56422,17.4543,17.7794,16.0475,2.52136,8.02144,29.7594,17.4994,26.6968,24.7145,7.44168,1.8611,2.98899,4.0581,23.3286,19.7891,5.15204,20.6033,11.1282,14.9197,10.6222,13.8779,24.9403,0.226608,18.1826,18.0926,10.9185,9.31841,10.7832,4.77561,13.2588,19.222,3.61031,24.2456,19.8666,25.6898,1.76297,8.68322,20.7798,1.49401,11.0523,16.3403,6.55888,8.03742,28.1521,31.9501,12.1769,14.3697,25.9422,7.30518,16.7539,28.0241,7.07227,0.735505,29.8812,18.3745,19.6706,0.397615,22.8698,21.797,22.4532,5.007,1.49401,8.28551,20.1224,16.3054,11.2152,17.5005,14.8669,14.1765,8.27541,31.6525,3.67455,16.2779,23.0798,
DUALS 131,2694.69,670184,662481,0,8.9581,6.21891,30.1019,13.2924,19.0907,13.6723,18.2822,32.017,12.6641,17.057,9.22184,15.5051,7.58518,26.2851,9.24271,18.3526,2.82312,21.6767,13.2951,16.9004,29.1446,19.6193,28.598,11.7944,10.2906,13.1822,19.2638,2.84725,7.41071,15.4599,7.79949,29.7856,18.2506,2.17856,18.7369,18.6215,14.5033,18.0526,1.05535,10.9404,17.3183,18.2377,8.23384,15.948,14.6345,17.328,14.8852,20.7059,6.99621,12.9788,14.4666,14.2165,4.88258,28.2613,20.5865,3.36389,17.9557,21.9576,5.41989,30.9662,8.7824,9.44871,1.30448,1.6104,22.1606,18.9103,2.35558,6.06748,23.5798,17.0755,6.37172,31.6803,17.9895,2.70314,23.1669,8.9403,4.45396,8.16292,12.9577,7.84489,10.5696,24.7406,14.1427,14.8176,13.9232,12.3893,12.1577,29.8745,6.69224,7.0047,12.1104,13.0017,13.6229,20.7172,2.64401,4.48875,13.4941,19.712,5.1081,3.63135,8.96422,14.4248,25.7433,26.2582,4.44752,13.8624,0.73467,1.49401,0.537964,4.19067,8.18189,12.0113,15.7816,17.9407,30.6372,16.7845,4.75082,17.96,12.6934,14.4075,10.3661,5.4485,6.06989,18.218,15.7428,7.56422,17.4543,17.7794,16.0475,4.9979,8.02144,29.7594,19.9759,26.6968,24.7145,7.44168,1.8611,2.98899,4.0581,23.3286,19.7891,5.15204,20.6033,11.1282,14.9197,10.6222,13.8779,24.9403,2.70314,18.1826,18.0926,13.3951,11.795,10.7832,4.77561,13.2588,19.222,3.61031,24.2456,19.8666,25.6898,1.76297,8.68322,20.7798,1.49401,11.0523,16.3403,6.55888,10.514,28.1521,31.9501,12.1769,14.3697,25.9422,7.30518,16.7539,28.0241,7.07227,0.735505,29.8812,18.3745,19.6706,0.397615,22.8698,21.797,22.4532,5.007,1.49401,8.28551,20.1224,16.3054,13.6918,17.5005,14.8669,14.1765,10.7519,31.6525,6.15109,16.2779,23.0798,
DUALS 131,2694.69,671040,663320,0,8.9581,6.21891,30.1019,13.2924,19.0907,13.6723,18.2822,32.017,12.6641,17.057,9.22184,15.5051,7.58518,21.4116,8.02434,18.3526,2.82312,21.6767,12.9905,16.9004,29.1446,19.6193,28.598,12.0989,10.2906,12.573,19.2638,2.84725,7.41071,15.1553,7.79949,29.7856,18.2506,2.17856,18.7369,18.6215,14.5033,18.0526,1.05535,10.3312,17.3183,18.2377,8.23384,15.6434,14.6345,17.328,14.8852,20.4013,6.99621,12.9788,14.4666,14.2165,4.88258,28.2613,20.5865,3.36389,17.9557,21.9576,4.20152,30.9662,9.08699,9.44871,1.30448,1.91499,22.1606,18.9103,2.35558,6.37207,23.5798,17.0755,6.37172,31.6803,17.9895,1.78937,23.1669,9.2449,4.45396,8.16292,12.9577,7.84489,10.5696,24.7406,14.1427,14.8176,13.9232,12.3893,12.1577,29.8745,6.08305,7.0047,12.1104,13.0017,13.6229,20.7172,2.64401,3.57497,12.5803,19.712,5.1081,3.93595,8.96422,14.1202,25.7433,26.2582,3.22914,13.8624,0.73467,1.49401,0.842557,4.19067,8.18189,12.0113,15.7816,17.9407,30.6372,16.7845,4.75082,17.96,12.6934,14.4075,10.3661,5.4485,6.06989,18.218,15.7428,7.56422,17.4543,17.7794,16.0475,4.08412,8.02144,29.7594,19.0621,26.6968,24.7145,7.44168,1.8611,2.98899,4.0581,23.3286,19.7891,5.15204,20.6033,11.1282,14.9197,10.3176,13.8779,24.9403,1.48477,18.1826,18.0926,12.1767,10.5766,11.0877,4.77561,13.2588,19.222,3.61031,24.2456,19.8666,25.6898,1.76297,8.68322,20.7798,1.49401,11.0523,16.3403,6.55888,9.29558,28.1521,31.9501,12.1769,14.3697,25.9422,7.30518,16.7539,28.0241,7.07227,1.0401,29.8812,18.3745,19.6706,0.397615,22.8698,21.797,22.4532,5.007,1.49401,8.28551,20.1224,16.3054,13.3872,17.5005,14.8669,14.1765,10.4474,31.6525,4.62812,16.2779,23.0798,
DUALS 132,2694.69,671136,663419,0,8.9581,6.21891,30.1019,13.2924,19.0907,13.6723,18.2822,32.017,12.6641,17.057,9.22184,15.5051,7.58518,17.6095,8.02434,18.3526,2.82312,21.6767,12.9905,16.9004,29.1446,19.6193,28.598,12.0989,10.2906,11.8125,19.2638,1.3264,7.41071,15.1553,7.79949,29.7856,18.2506,2.17856,18.7369,18.6215,14.5033,18.0526,1.05535,10.3312,17.3183,18.2377,8.23384,14.883,14.6345,17.328,14.8852,19.6409,6.99621,12.9788,14.4666,14.2165,4.88258,28.2613,20.5865,3.36389,17.9557,21.9576,4.20152,30.9662,9.08699,9.44871,1.30448,1.91499,22.1606,18.9103,2.35558,6.37207,23.5798,17.0755,6.37172,31.6803,17.9895,0.268521,23.1669,9.2449,4.45396,8.16292,12.9577,7.84489,10.5696,24.7406,14.1427,14.8176,13.9232,12.3893,12.1577,29.8745,6.08305,7.0047,12.1104,13.0017,13.6229,20.7172,2.64401,2.05413,11.0594,19.712,5.1081,3.93595,8.96422,13.3598,25.7433,26.2582,3.22914,13.8624,0.73467,1.49401,0.842557,4.19067,8.18189,12.0113,15.7816,17.9407,30.6372,16.7845,4.75082,17.96,12.6934,14.4075,10.3661,5.4485,6.06989,18.218,15.7428,7.56422,17.4543,17.7794,16.0475,2.56327,7.26102,29.7594,18.3017,26.6968,24.7145,7.44168,1.8611,2.98899,4.0581,23.3286,19.7891,5.15204,20.6033,11.1282,14.9197,10.3176,13.8779,24.9403,2.2452,18.1826,18.0926,11.4163,11.337,11.0877,4.77561,13.2588,19.222,3.61031,24.2456,19.8666,25.6898,1.76297,8.68322,20.7798,1.49401,11.0523,16.3403,6.55888,7.77474,28.1521,31.9501,12.1769,14.3697,25.9422,7.30518,16.7539,28.0241,7.07227,1.0401,29.8812,18.3745,19.6706,0.397615,22.8698,21.797,22.4532,5.007,1.49401,8.28551,20.1224,16.3054,13.3872,17.5005,14.8669,14.1765,9.68693,31.6525,4.62812,16.2779,23.0798,
DUALS 132,2694.69,671115,663685,0,8.9581,6.21891,30.1019,13.2924,19.0907,13.6723,18.2822,32.017,12.6641,17.057,9.22184,15.5051,7.58518,19.2843,9.69911,18.3526,2.82312,21.6767,14.6653,16.9004,29.1446,19.6193,28.598,12.0989,10.2906,13.4873,19.2638,3.00117,7.41071,16.83,7.79949,29.7856,18.2506,2.17856,18.7369,18.6215,14.5033,18.0526,1.05535,12.0059,17.3183,18.2377,8.23384,14.883,14.6345,17.328,14.8852,21.3156,6.99621,12.9788,14.4666,14.2165,4.88258,28.2613,20.5865,3.36389,17.9557,21.9576,5.87629,30.9662,9.08699,9.44871,1.30448,1.91499,22.1606,18.9103,2.35558,6.37207,23.5798,17.0755,6.37172,31.6803,17.9895,1.94329,23.1669,9.2449,4.45396,8.16292,12.9577,7.84489,10.5696,24.7406,14.1427,14.8176,13.9232,12.3893,12.1577,29.8745,7.75782,7.0047,12.1104,13.0017,13.6229,20.7172,2.64401,3.7289,12.7342,19.712,5.1081,3.93595,8.96422,13.3598,25.7433,26.2582,4.90391,13.8624,0.73467,1.49401,0.842557,4.19067,8.18189,12.0113,15.7816,17.9407,30.6372,16.7845,4.75082,17.96,12.6934,16.0823,10.3661,5.4485,6.06989,18.218,15.7428,7.56422,17.4543,17.7794,16.0475,4.23804,7.26102,29.7594,19.9765,26.6968,24.7145,7.44168,1.8611,2.98899,4.0581,23.3286,19.7891,5.15204,20.6033,11.1282,14.9197,10.3176,13.8779,24.9403,3.91996,18.1826,18.0926,13.091,13.0118,11.0877,4.77561,13.2588,19.222,3.61031,24.2456,19.8666,25.6898,1.76297,8.68322,20.7798,1.49401,11.0523,16.3403,6.55888,9.44951,28.1521,31.9501,12.1769,14.3697,25.9422,7.30518,16.7539,28.0241,7.07227,1.0401,29.8812,18.3745,19.6706,0.397615,22.8698,21.797,22.4532,5.007,1.49401,8.28551,20.1224,16.3054,15.0619,17.5005,14.8669,14.1765,11.3617,31.6525,4.62812,16.2779,23.0798,
DUALS 132,2694.69,671625,663918,0,8.9581,6.21891,30.1019,13.2924,19.0907,13.6723,18.2822,32.017,12.6641,17.057,9.22184,15.5051,7.58518,17.0405,8.35282,18.3526,2.82312,21.6767,14.2165,16.9004,29.1446,19.6193,28.598,12.0989,10.2906,13.2629,19.2638,3.22555,7.41071,16.6056,7.79949,29.7856,18.2506,2.17856,18.7369,18.6215,14.5033,18.0526,1.05535,11.5572,17.3183,18.2377,8.23384,15.1074,14.6345,17.328,14.8852,21.0912,6.99621,12.9788,14.4666,14.2165,4.88258,28.2613,20.5865,3.36389,17.9557,21.9576,4.53,30.9662,9.08699,9.44871,1.30448,1.91499,22.1606,18.9103,2.35558,6.59645,23.5798,17.0755,6.37172,31.6803,17.9895,2.16767,23.1669,9.46928,4.45396,8.16292,12.9577,7.84489,10.5696,24.7406,14.1427,14.8176,13.9232,12.3893,12.1577,29.8745,6.41153,7.0047,12.1104,13.0017,13.6229,20.7172,2.64401,3.95328,12.5098,19.712,5.1081,3.93595,8.96422,13.5842,25.7433,26.2582,3.55763,13.8624,0.73467,1.49401,0.842557,4.19067,8.18189,12.0113,15.7816,17.9407,30.6372,16.7845,4.75082,17.96,12.6934,15.6335,10.3661,5.4485,6.06989,18.218,15.7428,7.56422,17.4543,17.7794,16.0475,4.46242,7.26102,29.7594,19.5277,26.6968,24.7145,7.44168,1.8611,2.98899,4.0581,23.3286,19.7891,5.15204,20.6033,11.1282,14.9197,10.542,13.8779,24.9403,3.4712,18.1826,18.0926,12.6423,11.4411,11.0877,4.77561,13.2588,19.222,3.61031,24.2456,19.8666,25.6898,1.76297,8.68322,20.7798,1.49401,11.0523,16.3403,6.55888,9.67389,28.1521,31.9501,12.1769,14.3697,25.9422,7.30518,16.7539,28.0241,6.84789,1.0401,29.8812,18.3745,19.6706,0.397615,22.8698,21.797,22.4532,5.007,1.49401,8.28551,20.1224,16.3054,14.3888,17.5005,14.8669,14.1765,10.6886,31.6525,4.17936,16.2779,23.0798,
DUALS 132,2694.69,671625,665341,0,8.9581,6.21891,30.1019,13.2924,19.0907,13.6723,18.2822,32.017,12.6641,17.057,9.22184,15.5051,7.58518,13.072,8.35282,18.3526,2.82312,21.6767,14.2165,16.9004,29.1446,19.6193,28.598,12.0989,10.2906,11.2787,19.2638,1.24133,7.41071,16.6056,7.79949,29.7856,18.2506,2.17856,18.7369,18.6215,14.5033,18.0526,1.05535,9.57296,17.3183,18.2377,8.23384,15.1074,14.6345,17.328,14.8852,19.107,6.99621,12.9788,14.4666,14.2165,4.88258,28.2613,20.5865,3.36389,17.9557,21.9576,4.53,30.9662,9.08699,9.44871,1.30448,1.91499,22.1606,18.9103,2.35558,6.59645,23.5798,17.0755,6.37172,31.6803,17.9895,0.183447,23.1669,9.46928,4.45396,8.16292,12.9577,7.84489,10.5696,24.7406,14.1427,14.8176,13.9232,12.3893,12.1577,29.8745,6.41153,7.0047,12.1104,13.0017,13.6229,20.7172,2.64401,1.96905,12.5098,19.712,5.1081,3.93595,8.96422,13.5842,25.7433,26.2582,3.55763,13.8624,0.73467,1.49401,0.842557,4.19067,8.18189,12.0113,15.7816,17.9407,30.6372,16.7845,4.75082,17.96,12.6934,15.6335,10.3661,5.4485,6.06989,18.218,15.7428,7.56422,17.4543,17.7794,16.0475,2.4782,7.26102,29.7594,17.5435,26.6968,24.7145,7.44168,1.8611,2.98899,4.0581,23.3286,19.7891,5.15204,20.6033,11.1282,14.9197,10.542,13.8779,24.9403,0,18.1826,18.0926,10.658,9.45688,11.0877,4.77561,13.2588,19.222,3.61031,24.2456,19.8666,25.6898,1.76297,8.68322,20.7798,1.49401,11.0523,16.3403,6.55888,11.6581,28.1521,31.9501,12.1769,14.3697,25.9422,7.30518,16.7539,28.0241,6.84789,1.0401,29.8812,18.3745,19.6706,0.397615,22.8698,21.797,22.4532,5.007,1.49401,8.28551,20.1224,16.3054,14.3888,17.5005,14.8669,14.1765,10.6886,31.6525,4.17936,16.2779,23.0798,
DUALS 133,2694.69,671621,665361,0,8.9581,6.21891,30.1019,13.2924,19.0907,13.6723,18.2822,32.017,12.6641,17.057,9.22184,15.5051,7.58518,14.6601,9.94093,18.3526,2.82312,21.6767,15.8047,16.9004,29.1446,19.6193,28.598,12.0989,10.2906,12.8668,19.2638,2.82944,7.41071,16.6056,7.79949,29.7856,18.2506,2.17856,18.7369,18.6215,14.5033,18.0526,1.05535,11.1611,17.3183,18.2377,8.23384,13.5193,14.6345,17.328,14.8852,20.6951,6.99621,12.9788,14.4666,14.2165,4.88258,28.2613,20.5865,3.36389,17.9557,21.9576,6.11811,30.9662,9.08699,9.44871,1.30448,1.91499,22.1606,18.9103,2.35558,5.00834,23.5798,17.0755,6.37172,31.6803,17.9895,1.77156,23.1669,7.88117,4.45396,8.16292,12.9577,7.84489,10.5696,24.7406,14.1427,14.8176,13.9232,12.3893,12.1577,29.8745,7.99964,7.0047,12.1104,13.0017,13.6229,20.7172,2.64401,3.55716,14.0979,19.712,5.1081,3.93595,8.96422,11.9961,25.7433,26.2582,5.14573,13.8624,0.73467,1.49401,0.842557,4.19067,8.18189,12.0113,15.7816,17.9407,30.6372,16.7845,4.75082,17.96,12.6934,15.6335,10.3661,5.4485,6.06989,18.218,15.7428,7.56422,17.4543,17.7794,16.0475,4.06631,7.26102,29.7594,19.1316,26.6968,24.7145,7.44168,1.8611,2.98899,4.0581,23.3286,19.7891,5.15204,20.6033,11.1282,14.9197,8.95387,13.8779,24.9403,1.58811,18.1826,18.0926,12.2462,11.045,11.0877,4.77561,13.2588,19.222,3.61031,24.2456,19.8666,25.6898,1.76297,8.68322,20.7798,1.49401,11.0523,16.3403,6.55888,13.2462,28.1521,31.9501,12.1769,14.3697,25.9422,7.30518,16.7539,28.0241,6.84789,1.0401,29.8812,18.3745,19.6706,0.397615,22.8698,21.797,22.4532,5.007,1.49401,8.28551,20.1224,16.3054,15.9769,17.5005,14.8669,14.1765,12.2767,31.6525,4.17936,16.2779,23.0798,
DUALS 133,2694.69,671725,664012,0,8.9581,6.21891,30.1019,13.2924,19.0907,13.6723,18.2822,32.017,12.6641,17.057,9.22184,15.5051,7.58518,12.7855,8.44119,18.3526,2.82312,21.6767,14.6798,16.9004,29.1446,19.6193,28.598,12.0989,10.2906,12.8668,19.2638,3.20437,7.41071,15.8558,7.79949,29.7856,18.2506,2.17856,18.7369,18.6215,14.5033,18.0526,1.05535,10.7861,17.3183,18.2377,8.23384,13.8942,14.6345,17.328,14.8852,20.3202,6.99621,12.9788,14.4666,14.2165,4.88258,28.2613,20.5865,3.36389,17.9557,21.9576,4.61837,30.9662,9.08699,9.44871,1.30448,1.91499,22.1606,18.9103,2.35558,5.38328,23.5798,17.0755,6.37172,31.6803,17.9895,2.14649,23.1669,8.2561,4.45396,8.16292,12.9577,7.84489,10.5696,24.7406,14.1427,14.8176,13.9232,12.3893,12.1577,29.8745,6.12497,7.0047,12.1104,13.0017,13.6229,20.7172,2.64401,3.9321,12.9731,19.712,5.1081,3.93595,8.96422,12.371,25.7433,26.2582,3.27106,13.8624,0.73467,1.49401,0.842557,4.19067,8.18189,12.0113,15.7816,17.9407,30.6372,16.7845,4.75082,17.96,12.6934,15.2586,10.3661,5.4485,6.06989,18.218,15.7428,7.56422,17.4543,17.7794,16.0475,4.44124,7.26102,29.7594,18.7567,26.6968,24.7145,7.44168,1.8611,2.98899,4.0581,23.3286,19.7891,5.15204,20.6033,11.1282,14.9197,9.32881,13.8779,24.9403,1.96304,18.1826,18.0926,11.8712,11.045,11.0877,4.77561,13.2588,19.222,3.61031,24.2456,19.8666,25.6898,1.76297,8.68322,20.7798,1.49401,11.0523,16.3403,6.55888,11.7465,28.1521,31.9501,12.1769,14.3697,25.9422,7.30518,16.7539,28.0241,6.84789,1.0401,29.8812,18.3745,19.6706,0.397615,22.8698,21.797,22.4532,5.007,1.49401,8.28551,20.1224,16.3054,14.8521,17.5005,14.8669,14.1765,11.1519,31.6525,4.17936,16.2779,23.0798,
STATS - lpIterations[2] lagIterations[407] sspIterations[8393] numSeparations[855] numCuts[0] compileTime[0] sspSolveTime[69] lpSolveTime[0] lb[2694.9] ub[2694.9] numArcs: [671725] numFixed: [664012] time: [133]
STATS - lpIterations[3] lagIterations[407] sspIterations[8393] numSeparations[855] numCuts[0] compileTime[0] sspSolveTime[69] lpSolveTime[0] lb[2694.9] ub[2694.9] numArcs: [671725] numFixed: [669530] time: [133]
DUALS 133,2694.9,671724,669547,0,0,0,0,0,0,0,0,0,0,0,0,0,0,0,0,0,0,0,0,0,0,0,0,0,0,0,0,0,0,0,0,0,0,0,0,0,0,0,0,0,0,0,0,0,0,0,0,0,0,0,0,0,0,0,0,0,0,0,0,0,0,0,0,0,0,0,0,0,0,0,0,0,0,0,0,0,0,0,0,0,0,0,0,0,0,0,0,0,0,0,0,0,0,0,0,0,0,0,0,0,0,0,0,0,0,0,0,0,0,0,0,0,0,0,0,0,0,0,0,0,0,0,0,0,0,0,0,0,0,0,0,0,0,0,0,0,0,0,0,0,0,0,0,0,0,0,0,0,0,0,0,0,0,0,0,0,0,0,0,0,0,0,0,0,0,0,0,0,0,0,0,0,0,0,0,0,0,0,0,0,0,0,0,0,0,0,0,0,0,0,0,0,0,0,0,0,0,0,0,0,
STATS - lpIterations[4] lagIterations[408] sspIterations[8394] numSeparations[855] numCuts[0] compileTime[0] sspSolveTime[69] lpSolveTime[0] lb[2694.9] ub[2694.9] numArcs: [671724] numFixed: [669547] time: [133]
DUALS 133,2694.9,671654,669547,0,13.6346,13.6346,13.6346,13.6346,13.6346,13.6346,13.6346,13.6346,13.6346,13.6346,13.6346,13.6346,13.6346,13.6346,13.6346,13.6346,13.6346,13.6346,13.6346,13.6346,13.6346,13.6346,13.6346,13.6346,13.6346,13.6346,13.6346,13.6346,13.6346,13.6346,13.6346,13.6346,13.6346,13.6346,13.6346,13.6346,13.6346,13.6346,13.6346,13.6346,13.6346,13.6346,13.6346,13.6346,13.6346,13.6346,13.6346,13.6346,13.6346,13.6346,13.6346,13.6346,13.6346,13.6346,13.6346,13.6346,13.6346,13.6346,13.6346,13.6346,13.6346,13.6346,13.6346,13.6346,13.6346,13.6346,13.6346,13.6346,13.6346,13.6346,13.6346,13.6346,13.6346,13.6346,13.6346,13.6346,13.6346,0,13.6346,13.6346,13.6346,13.6346,13.6346,13.6346,13.6346,13.6346,13.6346,13.6346,13.6346,13.6346,13.6346,13.6346,13.6346,13.6346,13.6346,13.6346,13.6346,13.6346,13.6346,13.6346,13.6346,13.6346,13.6346,13.6346,13.6346,13.6346,13.6346,13.6346,13.6346,13.6346,13.6346,13.6346,0,13.6346,13.6346,13.6346,13.6346,13.6346,13.6346,13.6346,13.6346,13.6346,13.6346,13.6346,13.6346,13.6346,13.6346,13.6346,13.6346,13.6346,13.6346,13.6346,13.6346,13.6346,13.6346,13.6346,13.6346,13.6346,13.6346,13.6346,13.6346,13.6346,13.6346,13.6346,13.6346,13.6346,13.6346,13.6346,13.6346,13.6346,13.6346,13.6346,13.6346,13.6346,0,13.6346,13.6346,13.6346,13.6346,13.6346,13.6346,13.6346,13.6346,13.6346,13.6346,13.6346,13.6346,13.6346,13.6346,13.6346,13.6346,13.6346,13.6346,13.6346,13.6346,13.6346,13.6346,13.6346,13.6346,13.6346,13.6346,13.6346,13.6346,13.6346,13.6346,13.6346,13.6346,13.6346,13.6346,13.6346,13.6346,13.6346,13.6346,13.6346,13.6346,13.6346,13.6346,13.6346,13.6346,13.6346,
STATS - lpIterations[5] lagIterations[409] sspIterations[8414] numSeparations[855] numCuts[0] compileTime[0] sspSolveTime[69] lpSolveTime[0] lb[2694.9] ub[2694.9] numArcs: [671654] numFixed: [669547] time: [134]
DUALS 134,2694.9,671633,669547,0,9.1437,9.1437,15.8801,15.8801,13.6346,9.1437,15.8801,15.8801,9.1437,13.6346,9.1437,13.6346,11.3892,4.65276,15.8801,15.8801,13.6346,15.8801,9.1437,13.6346,15.8801,15.8801,15.8801,15.8801,13.6346,13.6346,13.6346,6.89823,13.6346,11.3892,13.6346,15.8801,13.6346,13.6346,9.1437,13.6346,13.6346,15.8801,2.40729,11.3892,13.6346,13.6346,9.1437,13.6346,13.6346,13.6346,13.6346,11.3892,15.8801,15.8801,15.8801,15.8801,9.1437,15.8801,13.6346,15.8801,13.6346,15.8801,13.6346,15.8801,13.6346,11.3892,15.8801,9.1437,15.8801,11.3892,11.3892,13.6346,15.8801,15.8801,4.65276,15.8801,13.6346,4.65276,15.8801,13.6346,13.6346,0,13.6346,13.6346,13.6346,15.8801,13.6346,15.8801,13.6346,15.8801,13.6346,15.8801,13.6346,13.6346,15.8801,15.8801,13.6346,15.8801,13.6346,6.89823,9.1437,15.8801,9.1437,13.6346,11.3892,13.6346,15.8801,15.8801,9.1437,13.6346,0,15.8801,11.3892,15.8801,15.8801,13.6346,0,15.8801,15.8801,11.3892,15.8801,13.6346,9.1437,11.3892,15.8801,6.89823,13.6346,15.8801,15.8801,9.1437,15.8801,13.6346,11.3892,6.89823,13.6346,15.8801,11.3892,13.6346,13.6346,15.8801,13.6346,13.6346,9.1437,15.8801,15.8801,15.8801,13.6346,11.3892,15.8801,13.6346,13.6346,15.8801,4.65276,15.8801,15.8801,11.3892,13.6346,13.6346,0,13.6346,15.8801,15.8801,15.8801,13.6346,15.8801,15.8801,15.8801,13.6346,13.6346,9.1437,13.6346,13.6346,6.89823,13.6346,15.8801,13.6346,13.6346,15.8801,11.3892,13.6346,15.8801,13.6346,9.1437,15.8801,15.8801,15.8801,13.6346,13.6346,15.8801,15.8801,15.8801,13.6346,15.8801,13.6346,15.8801,9.1437,13.6346,15.8801,15.8801,9.1437,15.8801,13.6346,13.6346,15.8801,
STATS - lpIterations[6] lagIterations[410] sspIterations[8428] numSeparations[855] numCuts[0] compileTime[0] sspSolveTime[69] lpSolveTime[0] lb[2694.9] ub[2694.9] numArcs: [671633] numFixed: [669547] time: [134]
DUALS 134,2694.9,671612,669547,0,11.8535,6.43387,18.5899,18.5899,13.6346,11.8535,18.5899,18.5899,11.8535,13.6346,11.8535,16.3445,8.67934,7.3626,10.4604,15.8801,10.9248,18.5899,9.1437,13.6346,18.5899,15.8801,18.5899,15.8801,13.6346,10.9248,13.6346,9.60807,13.6346,11.3892,13.6346,18.5899,13.6346,13.6346,11.8535,13.6346,13.6346,15.8801,2.40729,5.9695,13.6346,13.6346,6.43387,10.9248,13.6346,13.6346,16.3445,8.67934,18.5899,15.8801,18.5899,18.5899,11.8535,18.5899,13.6346,15.8801,13.6346,15.8801,8.21497,18.5899,10.9248,8.67934,15.8801,6.43387,18.5899,14.099,8.67934,8.21497,18.5899,18.5899,7.3626,18.5899,16.3445,7.3626,18.5899,10.9248,13.6346,0,13.6346,13.6346,13.6346,18.5899,13.6346,18.5899,16.3445,18.5899,13.6346,18.5899,8.21497,10.9248,18.5899,18.5899,13.6346,18.5899,13.6346,9.60807,11.8535,18.5899,11.8535,10.9248,14.099,13.6346,18.5899,18.5899,3.72403,13.6346,2.70984,15.8801,8.67934,18.5899,15.8801,13.6346,0,15.8801,18.5899,14.099,18.5899,13.6346,11.8535,11.3892,15.8801,9.60807,13.6346,18.5899,18.5899,11.8535,18.5899,13.6346,14.099,9.60807,10.9248,18.5899,8.67934,13.6346,13.6346,18.5899,13.6346,13.6346,11.8535,15.8801,18.5899,15.8801,13.6346,14.099,18.5899,8.21497,16.3445,18.5899,1.94293,15.8801,15.8801,11.3892,5.50513,13.6346,0,13.6346,18.5899,15.8801,15.8801,16.3445,18.5899,18.5899,18.5899,16.3445,13.6346,11.8535,13.6346,13.6346,4.1884,13.6346,18.5899,13.6346,13.6346,18.5899,5.9695,13.6346,18.5899,13.6346,6.43387,18.5899,18.5899,18.5899,13.6346,13.6346,18.5899,18.5899,15.8801,13.6346,18.5899,13.6346,18.5899,11.8535,13.6346,18.5899,18.5899,9.1437,18.5899,5.50513,13.6346,18.5899,
STATS - lpIterations[7] lagIterations[411] sspIterations[8449] numSeparations[855] numCuts[0] compileTime[0] sspSolveTime[69] lpSolveTime[0] lb[2694.9] ub[2694.9] numArcs: [671612] numFixed: [669547] time: [134]
DUALS 134,2694.9,671604,669547,0,9.02291,6.43387,20.0053,17.1746,15.05,13.2689,18.5899,20.0053,9.02291,15.05,13.2689,16.3445,8.67934,8.77792,10.4604,15.8801,9.50949,18.5899,9.1437,13.6346,18.5899,15.8801,17.1746,17.2954,12.2193,12.3401,13.6346,9.60807,13.6346,11.3892,12.2193,20.0053,13.6346,15.05,9.02291,13.6346,13.6346,15.8801,0.991978,7.38482,13.6346,13.6346,6.43387,10.9248,13.6346,15.05,13.5138,10.0947,18.5899,15.8801,20.0053,15.7593,9.02291,18.5899,13.6346,15.8801,13.6346,15.8801,9.63029,18.5899,12.3401,8.67934,15.8801,7.84918,20.0053,12.6837,8.67934,8.21497,20.0053,17.1746,1.70133,17.1746,16.3445,4.53197,15.7593,10.9248,10.804,1.41532,13.6346,12.2193,13.6346,17.1746,13.6346,17.1746,14.9292,20.0053,13.6346,20.0053,9.63029,10.9248,15.7593,15.7593,13.6346,20.0053,15.05,9.60807,11.8535,20.0053,9.02291,12.3401,12.6837,13.6346,20.0053,18.5899,5.13935,15.05,1.29452,13.0495,10.0947,17.1746,15.8801,13.6346,0,15.8801,20.0053,14.099,18.5899,13.6346,9.02291,9.97386,15.8801,8.19275,13.6346,20.0053,17.1746,9.02291,20.0053,15.05,15.5143,9.60807,10.9248,18.5899,8.67934,13.6346,13.6346,20.0053,13.6346,13.6346,9.02291,15.8801,20.0053,15.8801,13.6346,12.6837,15.7593,8.21497,13.5138,20.0053,1.94293,15.8801,15.8801,12.8045,6.92045,15.05,1.41532,13.6346,20.0053,17.2954,15.8801,13.5138,18.5899,17.1746,15.7593,16.3445,10.804,9.02291,15.05,13.6346,5.60371,12.2193,20.0053,12.2193,15.05,20.0053,5.9695,13.6346,20.0053,15.05,7.84918,17.1746,18.5899,15.7593,12.2193,13.6346,18.5899,20.0053,15.8801,10.804,20.0053,13.6346,17.1746,11.8535,15.05,15.7593,15.7593,9.1437,20.0053,5.50513,13.6346,20.0053,
STATS - lpIterations[8] lagIterations[412] sspIterations[8463] numSeparations[855] numCuts[0] compileTime[0] sspSolveTime[69] lpSolveTime[0] lb[2694.9] ub[2694.9] numArcs: [671604] numFixed: [669547] time: [134]
DUALS 134,2694.9,671582,669547,0,10.7493,8.16021,21.7316,18.901,13.3236,11.5425,18.5899,21.7316,10.7493,13.3236,11.5425,16.3445,10.4057,10.5043,12.1868,15.8801,11.2358,18.5899,9.1437,13.6346,20.3163,15.8801,18.901,15.5691,12.2193,14.0665,13.6346,9.60807,13.6346,11.3892,13.9457,21.7316,13.6346,11.5973,10.7493,13.6346,13.6346,15.8801,2.71832,9.11116,13.6346,13.6346,8.16021,10.9248,13.6346,13.3236,15.2402,11.821,18.5899,15.8801,21.7316,17.4857,10.7493,18.5899,13.6346,15.8801,13.6346,15.8801,11.3566,20.3163,10.6138,8.67934,15.8801,6.12284,21.7316,12.6837,10.4057,8.21497,20.0053,18.901,3.42768,18.901,16.3445,4.53197,17.4857,10.9248,12.5304,3.14166,13.6346,12.2193,13.6346,18.901,13.6346,18.901,14.9292,21.7316,13.6346,21.7316,11.3566,12.6512,17.4857,17.4857,13.6346,21.7316,11.5973,9.60807,11.8535,21.7316,10.7493,10.6138,14.41,13.6346,20.0053,18.5899,6.86569,13.3236,3.02086,14.7758,8.36831,17.1746,15.8801,13.6346,0,15.8801,21.7316,14.099,18.5899,13.6346,10.7493,9.97386,15.8801,4.74007,13.6346,20.0053,18.901,10.7493,21.7316,13.3236,13.788,9.60807,10.9248,18.5899,10.4057,13.6346,13.6346,21.7316,13.6346,13.6346,7.29656,15.8801,20.0053,15.8801,13.6346,14.41,17.4857,8.21497,13.5138,20.0053,1.94293,15.8801,15.8801,14.5308,8.64679,15.05,3.14166,13.6346,21.7316,13.8427,15.8801,15.2402,18.5899,17.1746,17.4857,16.3445,12.5304,10.7493,13.3236,13.6346,7.33006,12.2193,21.7316,13.9457,15.05,21.7316,7.69584,13.6346,21.7316,15.05,4.3965,18.901,18.5899,17.4857,10.493,13.6346,18.5899,21.7316,15.8801,12.5304,21.7316,13.6346,18.901,11.8535,13.3236,17.4857,17.4857,9.1437,20.0053,5.50513,13.6346,20.0053,
STATS - lpIterations[9] lagIterations[413] sspIterations[8484] numSeparations[855] numCuts[0] compileTime[0] sspSolveTime[69] lpSolveTime[0] lb[2694.9] ub[2694.9] numArcs: [671582] numFixed: [669547] time: [134]
DUALS 134,2694.9,671579,669547,0,9.81431,7.22527,21.7316,17.966,14.2586,12.4775,19.5249,19.8617,9.81431,14.2586,12.4775,16.3445,9.47074,11.4392,13.1217,15.8801,10.3009,18.5899,9.1437,13.6346,20.3163,15.8801,18.901,16.504,11.2844,15.0014,13.6346,9.60807,13.6346,11.3892,13.0107,21.7316,13.6346,12.5322,9.81431,13.6346,14.5696,15.8801,0.848433,10.0461,13.6346,13.6346,7.22527,10.9248,13.6346,14.2586,16.1751,12.7559,19.5249,15.8801,18.9268,17.4857,9.81431,19.5249,14.5696,14.9452,13.6346,16.8151,12.2916,20.3163,11.5487,8.67934,15.8801,7.05778,19.8617,13.6186,9.47074,8.21497,20.9402,19.8359,3.42768,17.966,16.3445,4.53197,17.4857,10.9248,10.6605,3.14166,13.6346,12.2193,13.6346,17.966,13.6346,17.966,14.9292,18.9268,13.6346,20.7967,12.2916,11.7162,18.4206,17.4857,13.6346,18.9268,12.5322,9.60807,11.8535,19.8617,9.81431,11.5487,13.4751,13.6346,20.0053,18.5899,7.80064,14.2586,1.15097,12.9059,9.30325,16.2397,14.9452,13.6346,0,15.8801,18.9268,15.034,19.5249,13.6346,9.81431,9.97386,15.8801,5.67501,13.6346,20.0053,17.966,9.81431,19.8617,14.2586,14.7229,9.60807,10.9248,19.5249,11.3406,13.6346,14.5696,18.9268,12.6997,13.6346,8.23151,15.8801,20.9402,14.0102,13.6346,13.4751,17.4857,8.21497,14.4488,20.0053,1.94293,15.8801,15.8801,15.4658,9.58174,15.05,2.20672,13.6346,19.8617,14.7777,15.8801,16.1751,17.655,16.2397,17.4857,17.2794,10.6605,9.81431,14.2586,13.6346,8.265,12.2193,19.8617,13.0107,15.05,18.9268,6.7609,13.6346,21.7316,15.9849,5.33144,17.966,19.5249,17.4857,10.493,14.5696,19.5249,19.8617,14.9452,10.6605,18.9268,13.6346,17.966,11.8535,14.2586,17.4857,17.4857,9.1437,20.0053,5.50513,14.5696,20.9402,
STATS - lpIterations[10] lagIterations[414] sspIterations[8504] numSeparations[855] numCuts[0] compileTime[0] sspSolveTime[69] lpSolveTime[0] lb[2694.9] ub[2694.9] numArcs: [671579] numFixed: [669547] time: [135]
DUALS 135,2694.9,671570,669547,0,9.81431,5.70945,23.2474,17.966,14.2586,13.9933,19.5249,21.3775,9.81431,14.2586,13.9933,14.8287,7.95492,9.92338,10.0901,15.8801,8.78507,18.5899,10.6595,13.6346,20.3163,15.8801,18.901,16.504,12.8002,13.4856,13.6346,11.1239,15.1505,11.3892,13.0107,23.2474,13.6346,12.5322,9.81431,13.6346,14.5696,15.8801,0.848433,8.53028,13.6346,15.1505,5.70945,10.9248,13.6346,14.2586,13.1435,11.2401,19.5249,17.3959,20.4426,17.4857,9.81431,19.5249,14.5696,14.9452,13.6346,16.8151,9.25993,20.3163,11.5487,8.67934,15.8801,7.05778,21.3775,13.6186,7.95492,8.21497,20.9402,16.8043,3.42768,17.966,16.3445,3.01615,17.4857,10.9248,9.14464,3.14166,15.1505,12.2193,13.6346,17.966,13.6346,17.966,14.9292,20.4426,15.1505,22.3125,9.25993,10.2004,15.389,17.4857,13.6346,20.4426,12.5322,11.1239,11.8535,21.3775,9.81431,11.5487,13.4751,13.6346,20.0053,18.5899,4.76899,14.2586,1.15097,11.3901,9.30325,14.7239,14.9452,15.1505,0,15.8801,20.4426,15.034,19.5249,13.6346,9.81431,9.97386,15.8801,5.67501,15.1505,20.0053,17.966,9.81431,21.3775,14.2586,16.2387,11.1239,10.9248,19.5249,9.8248,15.1505,14.5696,20.4426,12.6997,13.6346,6.71569,15.8801,20.9402,14.0102,13.6346,13.4751,17.4857,8.21497,11.4171,20.0053,3.45875,15.8801,15.8801,13.95,8.06592,15.05,0.690895,15.1505,21.3775,14.7777,15.8801,13.1435,17.655,14.7239,17.4857,17.2794,9.14464,9.81431,14.2586,15.1505,6.74918,13.7351,21.3775,13.0107,15.05,20.4426,5.24508,13.6346,23.2474,15.9849,5.33144,17.966,19.5249,17.4857,8.97716,14.5696,19.5249,21.3775,14.9452,9.14464,20.4426,13.6346,17.966,11.8535,14.2586,17.4857,17.4857,9.1437,20.0053,5.50513,14.5696,20.9402,
STATS - lpIterations[11] lagIterations[415] sspIterations[8523] numSeparations[855] numCuts[0] compileTime[0] sspSolveTime[69] lpSolveTime[0] lb[2694.9] ub[2694.9] numArcs: [671570] numFixed: [669547] time: [135]
DUALS 135,2694.9,671560,669547,0,9.81431,6.9079,23.2474,19.1645,14.2586,13.9933,18.3264,21.3775,9.81431,14.2586,13.9933,14.8287,9.15337,11.1218,11.2885,15.8801,9.98352,17.3915,10.6595,13.6346,20.3163,15.8801,18.901,16.504,12.8002,14.684,13.6346,11.1239,12.7536,11.3892,13.0107,23.2474,13.6346,12.5322,9.81431,13.6346,15.768,15.8801,2.04689,9.72874,13.6346,12.7536,6.9079,10.9248,13.6346,14.2586,14.3419,11.2401,17.128,14.999,18.0457,17.4857,9.81431,18.3264,15.768,14.9452,13.6346,18.0135,10.4584,21.5147,11.5487,8.67934,15.8801,7.05778,18.9806,14.8171,9.15337,8.21497,22.1387,18.0027,3.42768,19.1645,16.3445,3.01615,17.4857,10.9248,9.14464,4.34011,12.7536,12.2193,14.8331,19.1645,13.6346,19.1645,14.9292,18.0457,12.7536,22.3125,10.4584,11.3988,16.5874,17.4857,13.6346,18.0457,12.5322,11.1239,11.8535,21.3775,9.81431,11.5487,13.4751,13.6346,20.0053,18.5899,5.96745,14.2586,2.34943,11.3901,9.30325,14.7239,14.9452,12.7536,1.19845,15.8801,18.0457,15.034,17.128,13.6346,9.81431,9.97386,15.8801,5.67501,12.7536,21.2037,19.1645,9.81431,20.1791,14.2586,16.2387,11.1239,10.9248,18.3264,9.8248,13.952,15.768,18.0457,13.8982,14.8331,6.71569,15.8801,22.1387,14.0102,13.6346,13.4751,17.4857,8.21497,12.6156,20.0053,2.26029,15.8801,15.8801,15.1484,9.26437,15.05,1.88935,12.7536,21.3775,14.7777,15.8801,14.3419,16.4565,14.7239,17.4857,18.4779,9.14464,9.81431,14.2586,12.7536,7.94764,12.5367,18.9806,13.0107,15.05,18.0457,6.44353,13.6346,23.2474,15.9849,5.33144,19.1645,18.3264,17.4857,7.77871,15.768,19.5249,20.1791,14.9452,9.14464,18.0457,13.6346,19.1645,11.8535,14.2586,17.4857,17.4857,9.1437,21.2037,5.50513,15.768,22.1387,
STATS - lpIterations[12] lagIterations[416] sspIterations[8541] numSeparations[855] numCuts[0] compileTime[0] sspSolveTime[69] lpSolveTime[0] lb[2694.9] ub[2694.9] numArcs: [671560] numFixed: [669547] time: [135]
DUALS 135,2694.9,671556,669547,0,9.81431,5.29955,23.2474,19.1645,14.2586,13.9933,19.9348,21.3775,9.81431,14.2586,13.9933,14.8287,7.54502,7.90513,12.8969,15.8801,8.37517,18.9998,10.6595,13.6346,20.3163,15.8801,18.901,14.8957,12.8002,13.0757,13.6346,7.90718,14.3619,11.3892,14.6191,24.8558,13.6346,10.9239,9.81431,13.6346,15.768,15.8801,0.438533,8.12038,13.6346,14.3619,5.29955,10.9248,13.6346,14.2586,15.9503,9.63177,18.7363,16.6074,19.654,17.4857,9.81431,19.9348,15.768,14.9452,13.6346,18.0135,12.0667,21.5147,9.94037,8.67934,15.8801,5.44943,20.589,16.4254,7.54502,8.21497,22.1387,19.6111,3.42768,19.1645,16.3445,0,17.4857,10.9248,10.753,2.73176,14.3619,12.2193,14.8331,19.1645,13.6346,19.1645,14.9292,19.654,14.3619,22.3125,10.4584,9.79049,18.1958,17.4857,13.6346,19.654,10.9239,7.90718,11.8535,21.3775,9.81431,9.94037,13.4751,13.6346,20.0053,20.1983,7.5758,14.2586,0.741075,11.3901,7.6949,14.7239,14.9452,14.3619,1.19845,15.8801,19.654,15.034,18.7363,13.6346,9.81431,9.97386,15.8801,5.67501,14.3619,21.2037,19.1645,9.81431,20.1791,14.2586,16.2387,7.90718,10.9248,19.9348,8.21645,15.5604,15.768,19.654,12.2898,13.2247,6.71569,15.8801,22.1387,14.0102,13.6346,13.4751,17.4857,8.21497,14.224,20.0053,0.65194,15.8801,15.8801,13.5401,9.26437,15.05,1.88935,14.3619,21.3775,13.1693,15.8801,15.9503,18.0649,14.7239,17.4857,20.0862,9.14464,9.81431,14.2586,14.3619,7.94764,14.145,20.589,14.6191,15.05,19.654,4.83518,13.6346,23.2474,15.9849,3.72309,19.1645,19.9348,17.4857,7.77871,15.768,21.1332,20.1791,13.3368,9.14464,19.654,13.6346,19.1645,11.8535,14.2586,17.4857,17.4857,9.1437,21.2037,7.11349,15.768,22.1387,
STATS - lpIterations[13] lagIterations[417] sspIterations[8561] numSeparations[855] numCuts[0] compileTime[0] sspSolveTime[69] lpSolveTime[0] lb[2694.9] ub[2694.9] numArcs: [671556] numFixed: [669547] time: [135]
DUALS 135,2694.9,671553,669547,0,9.81431,6.83272,24.7806,19.1645,14.2586,13.9933,19.9348,22.9107,9.81431,14.2586,12.4601,16.3618,9.07819,9.43831,12.8969,15.8801,9.90835,18.9998,10.6595,13.6346,20.3163,15.8801,18.901,14.8957,12.8002,14.6089,13.6346,9.44036,11.2956,11.3892,13.0859,24.8558,13.6346,10.9239,9.81431,13.6346,15.768,15.8801,1.97171,9.65356,13.6346,11.2956,6.83272,10.9248,13.6346,14.2586,14.4171,9.63177,18.7363,13.541,19.654,17.4857,9.81431,19.9348,15.768,14.9452,13.6346,18.0135,12.0667,21.5147,9.94037,8.67934,15.8801,5.44943,20.589,14.8923,9.07819,8.21497,22.1387,18.0779,3.42768,19.1645,16.3445,1.53318,17.4857,10.9248,10.753,4.26494,11.2956,12.2193,14.8331,19.1645,13.6346,19.1645,16.4623,19.654,11.2956,23.8457,11.9916,11.3237,16.6626,17.4857,13.6346,19.654,10.9239,7.90718,11.8535,22.9107,9.81431,9.94037,13.4751,13.6346,20.0053,20.1983,7.5758,14.2586,2.27425,9.85694,7.6949,13.1907,14.9452,11.2956,2.73163,15.8801,19.654,15.034,18.7363,13.6346,9.81431,9.97386,15.8801,5.67501,11.2956,21.2037,19.1645,9.81431,21.7123,14.2586,16.2387,7.90718,10.9248,19.9348,8.21645,14.0272,15.768,19.654,12.2898,13.2247,5.18251,15.8801,22.1387,14.0102,13.6346,13.4751,17.4857,8.21497,11.1576,20.0053,2.18512,15.8801,15.8801,15.0732,10.7976,15.05,3.42253,11.2956,22.9107,13.1693,15.8801,14.4171,18.0649,13.1907,17.4857,18.5531,7.61147,9.81431,14.2586,11.2956,9.48081,12.6119,20.589,14.6191,15.05,19.654,6.36836,13.6346,24.7806,15.9849,3.72309,19.1645,19.9348,17.4857,6.24553,15.768,21.1332,21.7123,13.3368,7.61147,19.654,13.6346,19.1645,11.8535,14.2586,17.4857,17.4857,9.1437,21.2037,4.04713,15.768,22.1387,
STATS - lpIterations[14] lagIterations[418] sspIterations[8581] numSeparations[855] numCuts[0] compileTime[0] sspSolveTime[69] lpSolveTime[0] lb[2694.9] ub[2694.9] numArcs: [671553] numFixed: [669547] time: [135]
DUALS 135,2694.9,671550,669547,0,9.81431,5.00889,24.7806,19.1645,14.2586,13.9933,19.9348,22.9107,9.81431,14.2586,12.4601,16.3618,7.25436,9.43831,9.24922,15.8801,8.08451,18.9998,10.6595,13.6346,20.3163,15.8801,18.901,14.8957,12.8002,12.785,13.6346,11.2642,13.1194,11.3892,13.0859,24.8558,13.6346,9.10002,9.81431,13.6346,15.768,15.8801,0,7.82972,13.6346,13.1194,5.00889,10.9248,13.6346,14.2586,16.241,7.80793,16.9125,15.3649,19.654,17.4857,9.81431,19.9348,15.768,14.9452,13.6346,18.0135,8.41906,21.5147,9.94037,8.67934,15.8801,5.44943,20.589,16.7161,7.25436,8.21497,22.1387,19.9017,3.42768,19.1645,16.3445,3.35702,17.4857,10.9248,7.10532,4.26494,13.1194,12.2193,14.8331,19.1645,13.6346,19.1645,16.4623,19.654,13.1194,23.8457,8.34389,9.49983,18.4864,17.4857,13.6346,19.654,9.10002,9.73102,11.8535,22.9107,9.81431,9.94037,13.4751,13.6346,20.0053,20.1983,3.92812,14.2586,0.450415,9.85694,7.6949,11.3668,14.9452,13.1194,2.73163,15.8801,19.654,15.034,16.9125,13.6346,9.81431,9.97386,15.8801,5.67501,13.1194,21.2037,19.1645,9.81431,21.7123,14.2586,16.2387,9.73102,10.9248,19.9348,6.39261,15.851,15.768,19.654,12.2898,13.2247,5.18251,15.8801,22.1387,14.0102,13.6346,13.4751,17.4857,8.21497,12.9814,20.0053,4.00896,15.8801,15.8801,13.2494,8.97371,15.05,1.59869,13.1194,22.9107,11.3455,15.8801,16.241,18.0649,13.1907,17.4857,20.3769,7.61147,9.81431,14.2586,13.1194,7.65698,14.4357,20.589,12.7952,15.05,19.654,4.54452,13.6346,24.7806,15.9849,3.72309,19.1645,19.9348,17.4857,4.42169,15.768,21.1332,21.7123,13.3368,7.61147,19.654,13.6346,19.1645,11.8535,14.2586,17.4857,17.4857,9.1437,21.2037,4.04713,15.768,23.9625,
STATS - lpIterations[15] lagIterations[419] sspIterations[8598] numSeparations[855] numCuts[0] compileTime[0] sspSolveTime[70] lpSolveTime[0] lb[2694.9] ub[2694.9] numArcs: [671550] numFixed: [669547] time: [135]
DUALS 136,2694.9,671550,669547,0,9.81431,6.49287,24.7806,19.1645,15.7425,13.9933,21.4188,21.4267,9.81431,15.7425,12.4601,16.3618,8.73834,10.9223,10.7332,15.8801,9.5685,18.9998,10.6595,13.6346,20.3163,15.8801,18.901,14.8957,12.8002,14.269,13.6346,11.2642,14.6034,11.3892,11.6019,24.8558,13.6346,10.584,9.81431,13.6346,15.768,15.8801,1.48399,9.31371,15.1186,14.6034,6.49287,10.9248,13.6346,15.7425,14.757,9.29191,18.3965,16.8488,19.654,17.4857,9.81431,21.4188,15.768,13.4612,13.6346,18.0135,9.90305,21.5147,9.94037,8.67934,15.8801,5.44943,20.589,15.2321,8.73834,8.21497,22.1387,18.4178,3.42768,19.1645,16.3445,3.35702,17.4857,10.9248,8.58931,5.74893,14.6034,10.7353,14.8331,19.1645,13.6346,19.1645,16.4623,19.654,14.6034,23.8457,9.82788,10.9838,17.0024,17.4857,13.6346,19.654,10.584,9.73102,11.8535,21.4267,9.81431,9.94037,13.4751,13.6346,20.0053,20.1983,5.41211,15.7425,1.9344,8.37295,6.21091,11.3668,13.4612,14.6034,4.21562,15.8801,19.654,13.55,18.3965,13.6346,9.81431,9.97386,15.8801,5.67501,14.6034,21.2037,19.1645,9.81431,20.2283,15.7425,16.2387,9.73102,10.9248,21.4188,7.8766,17.335,15.768,19.654,10.8058,13.2247,3.69852,15.8801,22.1387,11.0422,13.6346,13.4751,17.4857,8.21497,11.4975,20.0053,4.00896,15.8801,15.8801,14.7334,10.4577,15.05,3.08268,14.6034,21.4267,12.8295,15.8801,14.757,18.0649,11.7067,17.4857,20.3769,6.12748,9.81431,15.7425,14.6034,9.14096,15.9197,20.589,12.7952,15.05,19.654,6.02851,13.6346,24.7806,15.9849,3.72309,19.1645,21.4188,17.4857,4.42169,15.768,22.6172,20.2283,11.8528,6.12748,19.654,15.1186,19.1645,11.8535,15.7425,17.4857,17.4857,9.1437,21.2037,5.53112,15.768,23.9625,
STATS - lpIterations[16] lagIterations[420] sspIterations[8618] numSeparations[855] numCuts[0] compileTime[0] sspSolveTime[70] lpSolveTime[0] lb[2694.9] ub[2694.9] numArcs: [671550] numFixed: [669547] time: [136]
DUALS 136,2694.9,671548,669547,0,9.81431,5.0672,24.7806,19.1645,15.7425,13.9933,21.4188,21.4267,9.81431,15.7425,12.4601,16.3618,7.31267,12.348,12.1589,15.8801,8.14282,18.9998,10.6595,13.6346,20.3163,15.8801,18.901,14.8957,12.8002,15.6947,13.6346,11.2642,11.752,11.3892,11.6019,24.8558,15.0603,9.15833,9.81431,15.0603,15.768,15.8801,0.0583098,10.7394,15.1186,11.752,5.0672,10.9248,13.6346,15.7425,16.1827,9.29191,16.9708,13.9975,19.654,17.4857,9.81431,21.4188,15.768,13.4612,15.0603,18.0135,11.3287,21.5147,9.94037,8.67934,15.8801,5.44943,20.589,16.6578,7.31267,8.21497,22.1387,19.8434,3.42768,19.1645,16.3445,3.35702,17.4857,10.9248,8.58931,4.32325,11.752,10.7353,14.8331,19.1645,15.0603,19.1645,16.4623,19.654,11.752,23.8457,11.2536,9.55813,18.4281,17.4857,13.6346,19.654,9.15833,9.73102,11.8535,21.4267,9.81431,9.94037,13.4751,13.6346,20.0053,20.1983,6.83779,15.7425,0.508725,9.79863,6.21091,11.3668,13.4612,11.752,4.21562,15.8801,19.654,13.55,16.9708,15.0603,9.81431,9.97386,17.3058,5.67501,11.752,21.2037,19.1645,9.81431,20.2283,15.7425,16.2387,9.73102,10.9248,21.4188,7.8766,15.9093,15.768,18.2284,10.8058,13.2247,3.69852,15.8801,22.1387,11.0422,15.0603,13.4751,17.4857,8.21497,12.9231,20.0053,2.58328,15.8801,15.8801,16.1591,11.8834,15.05,3.08268,11.752,21.4267,11.4038,15.8801,16.1827,18.0649,11.7067,17.4857,21.8026,7.55316,9.81431,15.7425,11.752,10.5666,14.494,20.589,12.7952,15.05,18.2284,4.60283,15.0603,24.7806,15.9849,3.72309,19.1645,21.4188,17.4857,2.99601,15.768,22.6172,20.2283,11.8528,7.55316,18.2284,15.1186,19.1645,11.8535,15.7425,17.4857,17.4857,9.1437,21.2037,5.53112,15.768,23.9625,
STATS - lpIterations[17] lagIterations[421] sspIterations[8635] numSeparations[855] numCuts[0] compileTime[0] sspSolveTime[70] lpSolveTime[0] lb[2694.9] ub[2694.9] numArcs: [671548] numFixed: [669547] time: [136]
DUALS 136,2694.9,671544,669547,0,9.81431,6.52625,26.2397,19.1645,15.7425,15.4523,21.4188,22.8858,9.81431,15.7425,13.9192,17.8209,8.77172,10.8889,12.1589,15.8801,9.60187,18.9998,10.6595,13.6346,20.3163,15.8801,18.901,14.8957,12.8002,14.2356,13.6346,9.80515,13.2111,11.3892,11.6019,26.3148,15.0603,9.15833,9.81431,15.0603,15.768,15.8801,1.51736,9.28034,15.1186,13.2111,6.52625,10.9248,13.6346,15.7425,14.7236,7.83286,16.9708,15.4565,21.1131,17.4857,8.35525,21.4188,15.768,13.4612,15.0603,18.0135,11.3287,21.5147,9.94037,8.67934,15.8801,5.44943,22.048,16.6578,8.77172,8.21497,22.1387,18.3844,3.42768,19.1645,16.3445,1.89797,17.4857,10.9248,8.58931,5.7823,13.2111,10.7353,14.8331,19.1645,15.0603,19.1645,16.4623,21.1131,13.2111,25.3047,11.2536,11.0172,16.9691,17.4857,13.6346,21.1131,9.15833,8.27197,11.8535,22.8858,8.35525,9.94037,13.4751,13.6346,20.0053,20.1983,6.83779,15.7425,1.96778,8.33957,4.75186,11.3668,13.4612,13.2111,5.67467,15.8801,21.1131,15.009,16.9708,15.0603,9.81431,9.97386,17.3058,7.13406,13.2111,21.2037,19.1645,9.81431,21.6873,15.7425,17.6978,8.27197,10.9248,21.4188,6.41755,17.3684,15.768,19.6874,10.8058,13.2247,5.15757,15.8801,22.1387,11.0422,15.0603,13.4751,17.4857,8.21497,11.4641,20.0053,1.12423,15.8801,15.8801,14.7,10.4243,15.05,4.54173,13.2111,22.8858,11.4038,15.8801,14.7236,18.0649,10.2476,17.4857,20.3435,6.0941,9.81431,15.7425,13.2111,10.5666,15.9531,22.048,12.7952,15.05,19.6874,6.06188,15.0603,26.2397,15.9849,3.72309,19.1645,21.4188,17.4857,2.99601,15.768,22.6172,21.6873,11.8528,6.0941,19.6874,15.1186,19.1645,11.8535,15.7425,17.4857,17.4857,9.1437,21.2037,5.53112,15.768,23.9625,
STATS - lpIterations[18] lagIterations[422] sspIterations[8655] numSeparations[855] numCuts[0] compileTime[0] sspSolveTime[70] lpSolveTime[0] lb[2694.9] ub[2694.9] numArcs: [671544] numFixed: [669547] time: [136]
DUALS 136,2694.9,671543,669547,0,9.81431,4.89598,26.2397,20.7948,15.7425,13.8221,21.4188,22.8858,9.81431,15.7425,12.2889,16.1906,7.14145,10.8889,12.1589,15.8801,7.9716,18.9998,10.6595,13.6346,20.3163,15.8801,18.901,14.8957,12.8002,15.8659,13.6346,11.4354,13.2111,11.3892,11.6019,26.3148,15.0603,9.15833,9.81431,15.0603,15.768,15.8801,0,10.9106,15.1186,13.2111,4.89598,10.9248,13.6346,15.7425,16.3539,9.46313,15.3405,15.4565,19.4828,17.4857,8.35525,21.4188,15.768,13.4612,15.0603,18.0135,11.3287,23.145,9.94037,8.67934,15.8801,5.44943,20.4178,16.6578,7.14145,8.21497,22.1387,20.0147,3.42768,20.7948,16.3445,3.52824,17.4857,10.9248,8.58931,4.15203,13.2111,10.7353,14.8331,20.7948,15.0603,20.7948,16.4623,19.4828,13.2111,25.3047,11.2536,9.38692,18.5993,17.4857,13.6346,19.4828,9.15833,9.90224,11.8535,22.8858,8.35525,9.94037,13.4751,13.6346,18.375,20.1983,6.83779,15.7425,0.337506,8.33957,4.75186,11.3668,13.4612,13.2111,5.67467,15.8801,19.4828,15.009,15.3405,15.0603,9.81431,9.97386,17.3058,5.50379,13.2111,21.2037,20.7948,9.81431,21.6873,15.7425,16.0675,9.90224,10.9248,21.4188,8.04782,17.3684,15.768,16.4269,10.8058,13.2247,3.5273,15.8801,22.1387,11.0422,15.0603,13.4751,17.4857,8.21497,13.0943,20.0053,2.7545,15.8801,15.8801,16.3303,12.0546,15.05,2.91146,13.2111,22.8858,11.4038,15.8801,16.3539,18.0649,10.2476,17.4857,20.3435,6.0941,9.81431,15.7425,13.2111,12.1969,15.9531,20.4178,12.7952,15.05,16.4269,4.43161,15.0603,26.2397,15.9849,3.72309,20.7948,21.4188,17.4857,1.36574,15.768,22.6172,21.6873,11.8528,6.0941,16.4269,15.1186,20.7948,11.8535,15.7425,17.4857,17.4857,9.1437,21.2037,5.53112,15.768,23.9625,
STATS - lpIterations[19] lagIterations[423] sspIterations[8674] numSeparations[855] numCuts[0] compileTime[0] sspSolveTime[70] lpSolveTime[0] lb[2694.9] ub[2694.9] numArcs: [671543] numFixed: [669547] time: [136]
DUALS 136,2694.9,671542,669547,0,9.81431,5.84514,26.2397,20.7948,15.7425,14.7712,21.4188,22.8858,9.81431,15.7425,13.238,17.1398,8.09061,10.8889,11.2097,15.8801,8.92076,18.9998,11.6087,13.6346,20.3163,15.8801,18.901,14.8957,12.8002,13.9676,13.6346,11.4354,13.2111,11.3892,11.6019,27.264,15.0603,8.20917,9.81431,15.0603,15.768,15.8801,0.949165,9.01228,15.1186,13.2111,5.84514,10.9248,13.6346,15.7425,14.4555,7.5648,15.3405,15.4565,20.432,17.4857,8.35525,21.4188,15.768,13.4612,15.0603,18.0135,10.3796,23.145,9.94037,8.67934,15.8801,5.44943,21.3669,15.7086,8.09061,8.21497,23.0878,18.1163,3.42768,20.7948,16.3445,3.52824,17.4857,10.9248,8.58931,5.10119,13.2111,10.7353,14.8331,20.7948,15.0603,20.7948,16.4623,20.432,13.2111,25.3047,10.3044,10.3361,16.701,17.4857,13.6346,20.432,8.20917,9.90224,12.8027,22.8858,8.35525,9.94037,13.4751,13.6346,19.3242,20.1983,5.88863,15.7425,1.28667,8.33957,4.75186,11.3668,13.4612,13.2111,6.62384,15.8801,20.432,15.009,15.3405,15.0603,9.81431,10.923,17.3058,6.45296,13.2111,22.1529,20.7948,9.81431,21.6873,15.7425,17.0167,9.90224,10.9248,21.4188,7.09865,17.3684,15.768,17.376,9.85665,12.2756,4.47647,15.8801,23.0878,11.0422,15.0603,13.4751,17.4857,8.21497,11.196,20.9544,3.70366,15.8801,15.8801,14.432,10.1563,15.05,3.86062,13.2111,22.8858,10.4546,15.8801,14.4555,18.0649,10.2476,17.4857,19.3944,6.0941,9.81431,15.7425,13.2111,10.2986,15.9531,21.3669,12.7952,15.05,17.376,5.38078,15.0603,26.2397,15.9849,3.72309,20.7948,21.4188,17.4857,0.416574,15.768,22.6172,21.6873,10.9037,6.0941,17.376,15.1186,20.7948,12.8027,15.7425,17.4857,17.4857,10.0929,22.1529,5.53112,15.768,24.9117,
STATS - lpIterations[20] lagIterations[424] sspIterations[8693] numSeparations[855] numCuts[0] compileTime[0] sspSolveTime[70] lpSolveTime[0] lb[2694.9] ub[2694.9] numArcs: [671542] numFixed: [669547] time: [136]
DUALS 136,2694.9,671538,669547,0,9.81431,5.84514,26.2397,20.7948,15.7425,13.1505,21.4188,22.8858,9.81431,15.7425,11.6174,15.5191,8.09061,12.5096,12.8304,15.8801,8.92076,18.9998,9.988,13.6346,20.3163,15.8801,18.901,14.8957,12.8002,15.5883,13.6346,9.81473,13.2111,9.76849,13.2226,27.264,15.0603,8.20917,9.81431,15.0603,15.768,15.8801,0.949165,10.633,15.1186,13.2111,5.84514,12.5455,13.6346,15.7425,16.0762,9.18549,13.7199,15.4565,20.432,17.4857,6.73457,21.4188,15.768,13.4612,15.0603,18.0135,12.0003,23.145,9.94037,8.67934,15.8801,5.44943,21.3669,15.7086,8.09061,9.83566,23.0878,19.737,3.42768,20.7948,16.3445,1.90755,17.4857,12.5455,6.96862,5.10119,13.2111,10.7353,14.8331,20.7948,15.0603,20.7948,16.4623,20.432,13.2111,25.3047,11.9251,10.3361,18.3217,17.4857,13.6346,20.432,8.20917,8.28155,11.182,22.8858,6.73457,9.94037,13.4751,15.2553,19.3242,20.1983,7.50931,15.7425,1.28667,6.71889,4.75186,9.74616,13.4612,13.2111,6.62384,15.8801,20.432,15.009,13.7199,15.0603,9.81431,10.923,17.3058,4.83227,13.2111,22.1529,20.7948,9.81431,21.6873,15.7425,15.396,8.28155,12.5455,21.4188,8.71934,17.3684,15.768,17.376,9.85665,12.2756,2.85578,15.8801,23.0878,11.0422,15.0603,13.4751,17.4857,9.83566,12.8167,20.9544,2.08298,15.8801,15.8801,16.0526,11.777,15.05,3.86062,13.2111,22.8858,10.4546,15.8801,16.0762,18.0649,8.62696,17.4857,19.3944,4.47342,9.81431,15.7425,13.2111,11.9193,15.9531,21.3669,12.7952,15.05,17.376,5.38078,15.0603,26.2397,15.9849,3.72309,20.7948,21.4188,17.4857,0.416574,15.768,22.6172,21.6873,10.9037,4.47342,17.376,15.1186,20.7948,11.182,15.7425,17.4857,17.4857,8.47218,22.1529,5.53112,15.768,24.9117,
STATS - lpIterations[21] lagIterations[425] sspIterations[8715] numSeparations[855] numCuts[0] compileTime[0] sspSolveTime[70] lpSolveTime[0] lb[2694.9] ub[2694.9] numArcs: [671538] numFixed: [669547] time: [137]
DUALS 137,2694.9,671538,669547,0,9.81431,5.84514,26.2397,20.7948,15.7425,14.1875,22.4558,21.8488,9.81431,15.7425,12.6543,16.5561,8.09061,12.5096,10.7565,15.8801,8.92076,18.9998,11.025,13.6346,20.3163,15.8801,18.901,14.8957,12.8002,14.5513,13.6346,10.8517,13.2111,9.76849,12.1856,27.264,15.0603,7.1722,9.81431,15.0603,15.768,15.8801,0.949165,9.59599,16.1556,13.2111,5.84514,12.5455,13.6346,15.7425,15.0393,8.14852,14.7568,15.4565,20.432,17.4857,6.73457,22.4558,15.768,11.3872,15.0603,18.0135,9.92631,23.145,9.94037,7.64237,14.8431,5.44943,21.3669,15.7086,8.09061,7.76172,23.0878,18.7,3.42768,20.7948,16.3445,1.90755,17.4857,10.4716,6.96862,5.10119,13.2111,9.69837,14.8331,20.7948,15.0603,20.7948,16.4623,20.432,13.2111,25.3047,9.85114,10.3361,17.2847,17.4857,13.6346,20.432,7.1722,9.31852,11.182,21.8488,6.73457,9.94037,13.4751,14.2184,19.3242,20.1983,5.43537,15.7425,1.28667,6.71889,4.75186,8.70919,12.4242,13.2111,6.62384,15.8801,20.432,16.046,14.7568,15.0603,9.81431,10.923,17.3058,5.86924,13.2111,22.1529,20.7948,9.81431,20.6504,15.7425,16.433,9.31852,11.5085,22.4558,7.68237,17.3684,15.768,17.376,9.85665,12.2756,3.89275,15.8801,23.0878,10.0053,15.0603,13.4751,17.4857,8.79869,11.7797,20.9544,3.11995,15.8801,15.8801,15.0157,10.74,15.05,3.86062,13.2111,21.8488,9.41767,15.8801,15.0393,18.0649,8.62696,17.4857,18.3574,4.47342,9.81431,15.7425,13.2111,9.84533,15.9531,21.3669,12.7952,15.05,17.376,5.38078,15.0603,26.2397,15.9849,3.72309,20.7948,22.4558,17.4857,1.45354,15.768,23.6542,20.6504,11.9406,4.47342,17.376,15.1186,20.7948,11.182,15.7425,17.4857,17.4857,8.47218,22.1529,5.53112,15.768,24.9117,
STATS - lpIterations[22] lagIterations[426] sspIterations[8733] numSeparations[855] numCuts[0] compileTime[0] sspSolveTime[70] lpSolveTime[0] lb[2694.9] ub[2694.9] numArcs: [671538] numFixed: [669547] time: [137]
DUALS 137,2694.9,671535,669547,0,9.81431,5.84514,26.2397,20.7948,15.7425,14.1875,22.4558,21.8488,9.81431,15.7425,12.6543,16.5561,8.09061,12.5096,12.8183,15.8801,8.92076,18.9998,11.025,13.6346,20.3163,15.8801,18.901,12.8338,12.8002,16.6131,13.6346,10.8517,13.2111,9.76849,14.2475,27.264,15.0603,7.1722,9.81431,15.0603,15.768,15.8801,0.949165,11.6578,16.1556,13.2111,5.84514,12.5455,13.6346,15.7425,17.1011,10.2104,14.7568,15.4565,20.432,17.4857,6.73457,22.4558,15.768,11.3872,15.0603,18.0135,11.9882,23.145,7.87852,7.64237,14.8431,3.38758,21.3669,17.7705,8.09061,7.76172,23.0878,20.7619,3.42768,20.7948,16.3445,1.90755,17.4857,10.4716,9.03047,5.10119,13.2111,9.69837,14.8331,20.7948,15.0603,20.7948,16.4623,20.432,13.2111,25.3047,11.913,10.3361,19.3466,17.4857,13.6346,20.432,7.1722,9.31852,11.182,21.8488,6.73457,7.87852,13.4751,14.2184,19.3242,20.1983,7.49722,15.7425,1.28667,4.65704,2.69001,8.70919,12.4242,13.2111,6.62384,15.8801,20.432,16.046,14.7568,15.0603,9.81431,10.923,17.3058,5.86924,13.2111,22.1529,20.7948,9.81431,20.6504,15.7425,16.433,9.31852,11.5085,22.4558,9.74422,17.3684,15.768,17.376,7.7948,10.2137,3.89275,15.8801,23.0878,10.0053,15.0603,13.4751,17.4857,8.79869,13.8416,20.9544,3.11995,15.8801,15.8801,17.0775,12.8018,15.05,3.86062,13.2111,21.8488,9.41767,15.8801,17.1011,18.0649,8.62696,17.4857,20.4192,2.41157,9.81431,15.7425,13.2111,11.9072,15.9531,21.3669,14.8571,15.05,17.376,5.38078,15.0603,26.2397,15.9849,1.66124,20.7948,22.4558,17.4857,0,15.768,23.6542,20.6504,9.87878,2.41157,17.376,15.1186,20.7948,11.182,15.7425,17.4857,17.4857,8.47218,22.1529,5.53112,15.768,24.9117,
STATS - lpIterations[23] lagIterations[427] sspIterations[8756] numSeparations[855] numCuts[0] compileTime[0] sspSolveTime[70] lpSolveTime[0] lb[2694.9] ub[2694.9] numArcs: [671535] numFixed: [669547] time: [137]
DUALS 137,2694.9,671533,669547,0,9.81431,5.84514,26.2397,20.7948,15.7425,14.9009,21.0289,21.8488,9.81431,15.7425,13.3678,17.2695,8.09061,11.7962,11.3914,15.8801,8.92076,18.2864,11.025,13.6346,20.3163,15.8801,18.901,12.8338,12.8002,15.1863,13.6346,10.8517,13.2111,9.76849,14.2475,27.264,15.0603,5.74533,9.81431,15.0603,16.4815,15.8801,0.949165,10.231,16.1556,13.2111,5.84514,12.5455,13.6346,15.7425,15.6742,8.7835,13.33,15.4565,20.432,17.4857,6.73457,21.7423,16.4815,11.3872,15.0603,18.7269,10.5613,23.145,7.87852,7.64237,14.8431,3.38758,21.3669,17.057,8.09061,7.76172,23.0878,19.335,3.42768,20.7948,16.3445,1.90755,17.4857,10.4716,9.03047,5.10119,13.2111,9.69837,15.5465,20.7948,15.0603,20.7948,16.4623,20.432,13.2111,25.3047,10.4861,10.3361,17.9197,17.4857,13.6346,20.432,5.74533,9.31852,11.182,22.5622,6.73457,7.87852,13.4751,14.2184,19.3242,19.4849,6.07035,15.7425,1.28667,5.37047,2.69001,8.70919,12.4242,13.2111,6.62384,15.8801,20.432,16.046,13.33,15.0603,9.81431,10.923,17.3058,6.58267,13.2111,22.1529,20.7948,9.81431,19.9369,15.7425,17.1464,9.31852,11.5085,21.7423,9.03078,17.3684,16.4815,16.6626,8.50823,10.9272,4.60618,15.8801,23.0878,10.0053,15.0603,13.4751,17.4857,8.79869,12.4147,20.9544,3.83338,15.8801,15.8801,15.6506,11.375,15.05,3.86062,13.2111,22.5622,7.9908,15.8801,15.6742,18.0649,8.62696,17.4857,19.7058,3.125,9.81431,15.7425,13.2111,9.76687,15.9531,21.3669,14.8571,15.05,16.6626,5.38078,15.0603,26.2397,15.9849,1.66124,20.7948,21.0289,17.4857,0.713434,16.4815,23.6542,19.9369,9.87878,3.125,16.6626,15.1186,20.7948,11.182,15.7425,17.4857,17.4857,8.47218,22.1529,5.53112,16.4815,24.9117,
STATS - lpIterations[24] lagIterations[428] sspIterations[8773] numSeparations[855] numCuts[0] compileTime[0] sspSolveTime[70] lpSolveTime[0] lb[2694.9] ub[2694.9] numArcs: [671533] numFixed: [669551] time: [137]
DUALS 137,2694.9,671533,669551,0,9.81431,5.84514,27.0304,20.004,15.7425,14.1102,21.8196,22.6396,9.81431,15.7425,12.577,16.4787,8.09061,11.0054,12.1822,15.8801,8.13,19.0772,11.025,13.6346,20.3163,15.8801,18.901,12.8338,12.8002,15.1863,13.6346,10.0609,13.2111,9.76849,13.4567,28.0548,15.0603,6.53609,9.81431,15.0603,16.4815,15.8801,0.949165,10.231,16.9464,13.2111,5.84514,12.5455,13.6346,16.5333,16.465,8.7835,14.1207,15.4565,21.2227,17.4857,6.73457,22.5331,16.4815,11.3872,15.0603,18.7269,11.3521,23.145,7.87852,7.64237,14.8431,3.38758,22.1577,17.057,8.09061,7.76172,23.0878,20.1258,3.42768,20.004,16.3445,1.11679,17.4857,10.4716,9.03047,5.10119,13.2111,8.90761,15.5465,20.7948,15.0603,20.7948,16.4623,21.2227,13.2111,26.0955,11.2769,10.3361,18.7105,17.4857,13.6346,21.2227,6.53609,8.52776,11.182,23.353,6.73457,7.87852,13.4751,14.2184,19.3242,20.2756,6.86111,16.5333,0.495909,4.57971,2.69001,7.91843,12.4242,13.2111,6.62384,15.8801,21.2227,16.046,14.1207,15.0603,9.81431,10.923,16.515,5.79191,13.2111,22.1529,20.004,9.81431,20.7277,16.5333,16.3557,8.52776,11.5085,22.5331,9.03078,17.3684,16.4815,17.4534,8.50823,10.9272,3.81542,15.8801,23.0878,10.0053,15.0603,13.4751,17.4857,8.79869,13.2055,20.9544,3.04262,15.8801,15.8801,15.6506,11.375,15.05,3.86062,13.2111,23.353,8.78156,15.8801,16.465,18.8557,8.62696,17.4857,19.7058,2.33424,9.81431,16.5333,13.2111,10.5576,15.9531,22.1577,14.8571,15.05,17.4534,5.38078,15.0603,27.0304,15.9849,1.66124,20.7948,21.8196,17.4857,1.5042,16.4815,24.445,20.7277,9.87878,2.33424,17.4534,15.1186,20.004,11.182,15.7425,17.4857,17.4857,8.47218,22.1529,5.53112,16.4815,24.9117,
STATS - lpIterations[25] lagIterations[429] sspIterations[8793] numSeparations[855] numCuts[0] compileTime[0] sspSolveTime[70] lpSolveTime[0] lb[2694.9] ub[2694.9] numArcs: [671533] numFixed: [669551] time: [137]
DUALS 137,2694.9,671533,669551,0,9.81431,5.84514,27.0304,20.004,15.7425,14.1102,21.8196,22.6396,9.81431,15.7425,12.577,16.4787,8.09061,12.3389,10.8487,15.8801,8.13,19.0772,12.3584,13.6346,20.3163,15.8801,18.901,12.8338,12.8002,13.8528,13.6346,11.3944,13.2111,11.102,13.4567,28.0548,16.3938,5.20262,9.81431,16.3938,16.4815,15.8801,0.949165,8.89751,16.9464,13.2111,5.84514,12.5455,13.6346,16.5333,15.1315,7.45003,12.7872,15.4565,21.2227,17.4857,6.73457,22.5331,16.4815,11.3872,16.3938,18.7269,10.0186,23.145,7.87852,7.64237,14.8431,3.38758,22.1577,15.7236,8.09061,7.76172,23.0878,18.7923,3.42768,20.004,16.3445,2.45026,17.4857,10.4716,9.03047,5.10119,13.2111,8.90761,15.5465,20.7948,16.3938,20.7948,16.4623,21.2227,13.2111,26.0955,9.94341,10.3361,17.377,17.4857,13.6346,21.2227,5.20262,9.86123,12.5155,23.353,6.73457,7.87852,13.4751,14.2184,19.3242,20.2756,5.52764,16.5333,0.495909,5.91318,2.69001,7.91843,12.4242,13.2111,6.62384,15.8801,21.2227,14.7125,12.7872,16.3938,9.81431,12.2565,17.8485,5.79191,13.2111,22.1529,20.004,9.81431,20.7277,16.5333,16.3557,9.86123,11.5085,22.5331,7.69731,17.3684,16.4815,16.1199,8.50823,10.9272,3.81542,15.8801,23.0878,10.0053,16.3938,13.4751,17.4857,8.79869,11.872,20.9544,4.37609,15.8801,15.8801,14.3172,10.0415,15.05,3.86062,13.2111,23.353,7.44809,15.8801,15.1315,18.8557,8.62696,17.4857,19.7058,3.66771,9.81431,16.5333,13.2111,9.22417,15.9531,22.1577,14.8571,15.05,16.1199,5.38078,16.3938,27.0304,15.9849,1.66124,20.7948,21.8196,17.4857,0.170727,16.4815,24.445,20.7277,9.87878,3.66771,16.1199,15.1186,20.004,12.5155,15.7425,17.4857,17.4857,9.80565,22.1529,5.53112,16.4815,24.9117,
STATS - lpIterations[26] lagIterations[430] sspIterations[8808] numSeparations[855] numCuts[0] compileTime[0] sspSolveTime[70] lpSolveTime[0] lb[2694.9] ub[2694.9] numArcs: [671533] numFixed: [669551] time: [138]
DUALS 138,2694.9,671533,669551,0,9.81431,5.84514,27.0304,21.4159,15.7425,14.1102,21.8196,22.6396,9.81431,15.7425,12.577,16.4787,8.09061,12.3389,12.2606,17.292,8.13,19.0772,12.3584,13.6346,20.3163,17.292,18.901,12.8338,12.8002,15.2647,13.6346,11.3944,13.2111,11.102,13.4567,28.0548,16.3938,5.20262,9.81431,16.3938,16.4815,17.292,0.949165,10.3094,16.9464,13.2111,5.84514,12.5455,13.6346,16.5333,16.5434,8.8619,12.7872,15.4565,21.2227,17.4857,6.73457,22.5331,16.4815,11.3872,16.3938,18.7269,11.4305,24.5569,7.87852,7.64237,14.8431,3.38758,22.1577,17.1354,8.09061,7.76172,24.4997,20.2042,3.42768,21.4159,16.3445,2.45026,17.4857,10.4716,9.03047,5.10119,13.2111,8.90761,15.5465,22.2066,16.3938,22.2066,16.4623,21.2227,13.2111,26.0955,11.3553,10.3361,18.7889,17.4857,13.6346,21.2227,5.20262,9.86123,12.5155,23.353,6.73457,7.87852,13.4751,14.2184,20.736,20.2756,6.93951,16.5333,0.495909,5.91318,2.69001,7.91843,13.8361,13.2111,6.62384,17.292,21.2227,14.7125,12.7872,16.3938,9.81431,12.2565,17.8485,5.79191,13.2111,23.5648,21.4159,9.81431,20.7277,16.5333,16.3557,9.86123,11.5085,22.5331,9.10918,17.3684,16.4815,16.1199,8.50823,10.9272,3.81542,17.292,24.4997,11.4171,16.3938,13.4751,17.4857,8.79869,13.2839,22.3663,4.37609,17.292,17.292,15.729,11.4534,15.05,3.86062,13.2111,23.353,7.44809,17.292,16.5434,18.8557,8.62696,17.4857,21.1177,3.66771,9.81431,16.5333,13.2111,10.636,15.9531,22.1577,14.8571,15.05,16.1199,5.38078,16.3938,27.0304,15.9849,1.66124,22.2066,21.8196,17.4857,1.5826,16.4815,24.445,20.7277,11.2907,3.66771,16.1199,15.1186,21.4159,12.5155,15.7425,17.4857,17.4857,9.80565,23.5648,5.53112,16.4815,26.3235,
STATS - lpIterations[27] lagIterations[431] sspIterations[8831] numSeparations[855] numCuts[0] compileTime[0] sspSolveTime[70] lpSolveTime[0] lb[2694.9] ub[2694.9] numArcs: [671533] numFixed: [669551] time: [138]
DUALS 138,2694.9,671533,669551,0,9.81431,5.84514,27.0304,20.5416,15.7425,14.9845,21.8196,22.6396,9.81431,15.7425,13.4513,17.353,8.09061,10.5903,11.3863,17.292,7.25571,19.0772,11.4842,13.6346,20.3163,17.292,18.901,12.8338,12.8002,14.3904,13.6346,10.5201,13.2111,11.102,13.4567,28.0548,16.3938,6.07691,9.81431,16.3938,16.4815,17.292,0.949165,9.43509,16.9464,13.2111,5.84514,12.5455,13.6346,17.4076,14.7948,7.98761,12.7872,15.4565,21.2227,17.4857,6.73457,22.5331,16.4815,11.3872,16.3938,18.7269,10.5562,24.5569,7.87852,7.64237,13.9689,3.38758,22.1577,16.2612,8.09061,7.76172,24.4997,18.4556,3.42768,20.5416,16.3445,1.57597,17.4857,10.4716,9.03047,5.10119,13.2111,8.90761,15.5465,22.2066,16.3938,22.2066,16.4623,21.2227,13.2111,26.0955,10.481,10.3361,17.0403,17.4857,13.6346,21.2227,6.07691,8.98694,11.6412,23.353,6.73457,7.87852,13.4751,14.2184,20.736,20.2756,6.06522,17.4076,0.495909,5.03889,2.69001,7.91843,13.8361,13.2111,6.62384,17.292,21.2227,14.7125,12.7872,16.3938,9.81431,11.3822,16.9742,6.6662,13.2111,23.5648,20.5416,9.81431,20.7277,17.4076,17.2299,8.98694,11.5085,22.5331,8.23489,17.3684,16.4815,16.1199,8.50823,10.9272,4.68971,17.292,24.4997,10.5429,16.3938,13.4751,17.4857,8.79869,11.5353,22.3663,3.5018,17.292,17.292,14.8548,10.5791,15.05,3.86062,13.2111,23.353,8.32238,17.292,14.7948,18.8557,7.75267,17.4857,20.2434,2.79342,9.81431,17.4076,13.2111,9.76175,15.9531,22.1577,14.8571,15.05,16.1199,5.38078,16.3938,27.0304,15.9849,1.66124,22.2066,21.8196,17.4857,0.708306,16.4815,24.445,20.7277,11.2907,2.79342,16.1199,15.1186,20.5416,11.6412,15.7425,17.4857,17.4857,8.93136,23.5648,5.53112,16.4815,26.3235,
STATS - lpIterations[28] lagIterations[432] sspIterations[8850] numSeparations[855] numCuts[0] compileTime[0] sspSolveTime[71] lpSolveTime[0] lb[2694.9] ub[2694.9] numArcs: [671533] numFixed: [669551] time: [138]
DUALS 138,2694.9,671521,669551,0,9.81431,5.84514,27.0304,20.5416,15.7425,12.984,21.8196,22.6396,9.81431,15.7425,11.4508,15.3526,8.09061,12.5908,13.3868,17.292,7.25571,19.0772,11.4842,13.6346,20.3163,17.292,18.901,12.8338,12.8002,16.3909,13.6346,10.5201,13.2111,11.102,13.4567,28.0548,16.3938,4.07644,9.81431,16.3938,16.4815,17.292,0.949165,11.4356,16.9464,13.2111,5.84514,12.5455,13.6346,17.4076,16.7953,9.98808,12.7872,15.4565,21.2227,17.4857,6.73457,22.5331,16.4815,11.3872,16.3938,18.7269,12.5566,24.5569,7.87852,7.64237,13.9689,3.38758,22.1577,16.2612,8.09061,7.76172,24.4997,20.4561,3.42768,20.5416,16.3445,1.57597,17.4857,10.4716,9.03047,5.10119,13.2111,8.90761,15.5465,22.2066,16.3938,22.2066,16.4623,21.2227,13.2111,26.0955,12.4815,10.3361,19.0408,17.4857,13.6346,21.2227,4.07644,8.98694,11.6412,23.353,6.73457,7.87852,13.4751,14.2184,20.736,20.2756,8.0657,17.4076,0.495909,5.03889,2.69001,7.91843,13.8361,13.2111,6.62384,17.292,21.2227,14.7125,12.7872,16.3938,9.81431,11.3822,16.9742,4.66573,13.2111,23.5648,20.5416,9.81431,20.7277,17.4076,15.2295,8.98694,11.5085,22.5331,10.2354,17.3684,16.4815,16.1199,6.50776,8.92669,2.68924,17.292,24.4997,10.5429,16.3938,13.4751,17.4857,8.79869,13.5358,22.3663,3.5018,17.292,17.292,16.8552,12.5795,15.05,3.86062,13.2111,23.353,6.32191,17.292,16.7953,18.8557,5.7522,17.4857,20.2434,2.79342,9.81431,17.4076,13.2111,11.7622,15.9531,22.1577,14.8571,15.05,16.1199,5.38078,16.3938,27.0304,15.9849,1.66124,22.2066,21.8196,17.4857,0.708306,16.4815,24.445,20.7277,9.29018,2.79342,16.1199,15.1186,20.5416,11.6412,15.7425,17.4857,17.4857,8.93136,23.5648,5.53112,16.4815,26.3235,
STATS - lpIterations[29] lagIterations[433] sspIterations[8873] numSeparations[855] numCuts[0] compileTime[0] sspSolveTime[71] lpSolveTime[0] lb[2694.9] ub[2694.9] numArcs: [671521] numFixed: [669559] time: [138]
DUALS 138,2694.9,671521,669559,0,9.81431,5.84514,27.0304,20.5416,15.7425,13.572,21.8196,22.6396,9.81431,15.7425,12.0388,15.9406,8.09061,12.5908,11.6227,17.292,7.25571,18.4892,10.8961,13.6346,20.3163,17.292,18.901,12.8338,12.8002,15.8028,13.6346,11.1081,13.2111,11.102,13.4567,28.0548,16.3938,4.07644,9.81431,16.3938,17.0695,17.292,0.949165,10.2595,16.9464,13.2111,5.84514,12.5455,13.6346,17.4076,15.6193,9.40006,12.7872,15.4565,21.2227,17.4857,6.73457,21.9451,17.0695,10.2112,16.3938,19.315,10.2046,24.5569,7.87852,7.64237,13.3808,3.38758,22.1577,15.6731,8.09061,7.76172,24.4997,19.28,3.42768,20.5416,16.3445,2.16399,17.4857,10.4716,9.03047,5.10119,13.2111,8.90761,16.1346,22.2066,16.3938,22.2066,16.4623,21.2227,13.2111,26.0955,10.7174,10.3361,17.8647,17.4857,13.6346,21.2227,4.07644,9.57496,11.6412,22.765,6.73457,7.87852,13.4751,14.2184,20.736,20.2756,6.30163,17.4076,0.495909,4.45087,2.69001,7.91843,13.2481,13.2111,6.62384,17.292,21.2227,14.7125,12.7872,16.3938,9.81431,10.7942,16.9742,5.25375,13.2111,23.5648,20.5416,9.81431,20.1397,17.4076,15.8175,9.57496,11.5085,22.5331,9.64735,17.3684,17.0695,15.5319,7.09578,9.51471,3.27726,16.704,24.4997,9.95484,16.3938,13.4751,17.4857,8.79869,12.3597,22.3663,4.08982,17.292,17.292,16.2672,10.8155,15.05,3.86062,13.2111,22.765,6.32191,17.292,15.6193,18.2676,5.7522,17.4857,19.6554,2.2054,9.81431,17.4076,13.2111,9.99816,15.9531,22.1577,14.8571,15.05,15.5319,5.38078,16.3938,27.0304,15.9849,1.66124,22.2066,21.8196,18.0737,0.708306,17.0695,24.445,20.1397,9.8782,2.2054,15.5319,15.1186,20.5416,11.6412,15.7425,17.4857,17.4857,8.34334,23.5648,4.9431,17.0695,26.3235,
STATS - lpIterations[30] lagIterations[434] sspIterations[8894] numSeparations[855] numCuts[0] compileTime[0] sspSolveTime[71] lpSolveTime[0] lb[2694.9] ub[2694.9] numArcs: [671521] numFixed: [669581] time: [139]
DUALS 139,2694.9,671521,669581,0,9.81431,5.84514,27.0304,20.5416,15.7425,13.572,21.8196,22.6396,9.81431,15.7425,12.0388,15.9406,8.09061,10.1347,12.8508,17.292,7.25571,18.4892,10.8961,13.6346,20.3163,17.292,18.901,12.8338,12.8002,14.5748,13.6346,8.65207,13.2111,11.102,12.2287,28.0548,16.3938,4.07644,9.81431,16.3938,17.0695,17.292,0,9.03148,18.1744,13.2111,5.84514,12.5455,13.6346,17.4076,15.6193,8.17203,11.5592,15.4565,21.2227,17.4857,6.73457,21.9451,17.0695,10.2112,16.3938,19.315,11.4326,24.5569,7.87852,7.64237,13.3808,3.38758,22.1577,15.6731,6.86258,7.76172,24.4997,19.28,3.42768,20.5416,16.3445,0,17.4857,10.4716,9.03047,5.10119,13.2111,7.67957,16.1346,22.2066,16.3938,22.2066,16.4623,21.2227,13.2111,26.0955,11.9454,10.3361,17.8647,17.4857,13.6346,21.2227,4.07644,7.11889,11.6412,22.765,6.73457,7.87852,13.4751,14.2184,20.736,20.2756,6.30163,17.4076,0.495909,4.45087,2.69001,6.6904,13.2481,13.2111,6.62384,17.292,21.2227,14.7125,11.5592,16.3938,9.81431,10.7942,16.9742,5.25375,13.2111,23.5648,20.5416,9.81431,20.1397,17.4076,15.8175,7.11889,11.5085,22.5331,8.41931,17.3684,17.0695,15.5319,7.09578,9.51471,3.27726,16.704,24.4997,9.95484,16.3938,13.4751,17.4857,8.79869,12.3597,22.3663,1.63375,17.292,17.292,15.0392,10.8155,15.05,3.86062,13.2111,22.765,6.32191,17.292,15.6193,18.2676,5.7522,17.4857,19.6554,2.2054,9.81431,17.4076,13.2111,9.99816,15.9531,22.1577,14.8571,15.05,15.5319,5.38078,16.3938,27.0304,15.9849,1.66124,22.2066,21.8196,18.0737,0.708306,17.0695,24.445,20.1397,9.8782,2.2054,15.5319,15.1186,20.5416,11.6412,15.7425,17.4857,17.4857,8.34334,23.5648,4.9431,17.0695,26.3235,
STATS - lpIterations[31] lagIterations[435] sspIterations[8912] numSeparations[855] numCuts[0] compileTime[0] sspSolveTime[71] lpSolveTime[0] lb[2694.9] ub[2694.9] numArcs: [671521] numFixed: [669581] time: [139]
DUALS 139,2694.9,671518,669581,0,9.81431,5.84514,27.0304,20.5416,15.7425,13.572,23.6243,22.6396,9.81431,15.7425,12.0388,15.9406,8.09061,11.9394,12.8508,17.292,5.45103,20.2938,12.7008,13.6346,20.3163,17.292,18.901,12.8338,12.8002,14.5748,13.6346,10.4568,13.2111,12.9066,12.2287,28.0548,16.3938,4.07644,9.81431,16.3938,17.0695,17.292,1.80468,9.03148,18.1744,13.2111,5.84514,12.5455,13.6346,17.4076,15.6193,8.17203,13.3639,15.4565,21.2227,17.4857,6.73457,23.7497,17.0695,10.2112,16.3938,19.315,11.4326,24.5569,7.87852,7.64237,11.5761,3.38758,22.1577,15.6731,6.86258,7.76172,24.4997,19.28,3.42768,20.5416,16.3445,1.80468,17.4857,10.4716,9.03047,5.10119,13.2111,7.67957,16.1346,22.2066,16.3938,22.2066,16.4623,21.2227,13.2111,26.0955,11.9454,10.3361,17.8647,17.4857,13.6346,21.2227,4.07644,8.92357,13.4459,22.765,6.73457,7.87852,13.4751,14.2184,20.736,22.0803,6.30163,17.4076,2.30059,4.45087,2.69001,6.6904,13.2481,13.2111,6.62384,17.292,21.2227,14.7125,13.3639,16.3938,9.81431,12.5989,16.9742,5.25375,13.2111,23.5648,20.5416,9.81431,20.1397,17.4076,15.8175,8.92357,11.5085,24.3378,8.41931,17.3684,17.0695,15.5319,7.09578,9.51471,3.27726,16.704,24.4997,8.15015,16.3938,13.4751,17.4857,8.79869,12.3597,22.3663,3.43843,17.292,17.292,15.0392,10.8155,15.05,3.86062,13.2111,22.765,6.32191,17.292,15.6193,20.0723,3.94752,17.4857,19.6554,2.2054,9.81431,17.4076,13.2111,9.99816,15.9531,22.1577,14.8571,15.05,15.5319,5.38078,16.3938,27.0304,15.9849,1.66124,22.2066,23.6243,18.0737,2.51299,17.0695,26.2496,20.1397,9.8782,2.2054,15.5319,15.1186,20.5416,13.4459,15.7425,17.4857,17.4857,10.148,23.5648,4.9431,17.0695,26.3235,
STATS - lpIterations[32] lagIterations[436] sspIterations[8934] numSeparations[855] numCuts[0] compileTime[0] sspSolveTime[71] lpSolveTime[0] lb[2694.9] ub[2694.9] numArcs: [671518] numFixed: [669581] time: [139]
DUALS 139,2694.9,671517,669581,0,9.81431,5.84514,27.0304,20.5416,15.7425,13.572,21.724,23.273,9.81431,15.7425,12.0388,15.9406,8.09061,11.306,12.2173,17.292,4.8176,19.027,12.0674,13.6346,20.3163,17.292,18.901,12.8338,12.8002,14.5748,13.6346,10.4568,13.2111,12.9066,12.2287,28.0548,16.3938,4.07644,9.81431,16.3938,17.7029,17.292,1.17125,9.03148,18.1744,13.2111,5.84514,12.5455,13.6346,17.4076,15.6193,8.17203,12.097,15.4565,21.2227,17.4857,6.73457,21.8494,17.0695,10.2112,16.3938,19.9484,10.7992,24.5569,7.87852,7.64237,11.5761,3.38758,22.1577,15.6731,6.22914,7.76172,24.4997,19.28,3.42768,20.5416,16.3445,1.80468,17.4857,10.4716,9.03047,5.10119,13.2111,7.67957,16.768,22.2066,16.3938,22.2066,16.4623,21.2227,13.2111,26.0955,11.312,10.3361,17.8647,17.4857,13.6346,21.2227,4.07644,8.92357,12.8124,23.3984,6.73457,7.87852,13.4751,14.2184,20.736,20.8134,5.6682,17.4076,1.03372,5.0843,2.69001,6.6904,13.2481,13.2111,6.62384,17.292,21.2227,14.7125,12.097,16.3938,9.81431,11.9654,16.9742,5.25375,13.2111,23.5648,20.5416,9.81431,20.7731,17.4076,15.8175,8.92357,11.5085,22.4375,8.41931,17.3684,17.7029,14.8984,7.09578,10.1481,3.27726,16.704,24.4997,8.15015,16.3938,13.4751,17.4857,8.79869,12.3597,22.3663,3.43843,17.292,17.292,15.0392,10.8155,15.05,3.86062,13.2111,23.3984,6.32191,17.292,15.6193,20.0723,3.94752,17.4857,19.6554,2.83883,9.81431,17.4076,13.2111,9.36472,15.9531,22.1577,14.8571,15.05,14.8984,5.38078,16.3938,27.0304,15.9849,1.66124,22.2066,21.724,18.0737,2.51299,17.7029,24.3493,20.1397,9.8782,2.83883,14.8984,15.1186,20.5416,12.8124,15.7425,17.4857,17.4857,9.51459,23.5648,4.9431,17.7029,26.3235,
STATS - lpIterations[33] lagIterations[437] sspIterations[8951] numSeparations[855] numCuts[0] compileTime[0] sspSolveTime[71] lpSolveTime[0] lb[2694.9] ub[2694.9] numArcs: [671517] numFixed: [669581] time: [139]
DUALS 139,2694.9,671517,669581,0,9.81431,6.87089,27.0304,20.5416,15.7425,13.572,20.6983,23.273,9.81431,15.7425,12.0388,15.9406,9.11636,11.306,13.2431,17.292,5.84334,19.027,12.0674,13.6346,20.3163,17.292,18.901,12.8338,12.8002,15.6006,13.6346,10.4568,13.2111,12.9066,12.2287,29.0805,16.3938,4.07644,9.81431,16.3938,16.6772,17.292,2.19699,10.0572,18.1744,13.2111,6.87089,12.5455,13.6346,17.4076,15.6193,9.19777,12.097,15.4565,22.2485,17.4857,6.73457,21.8494,17.0695,10.2112,16.3938,19.9484,11.8249,24.5569,7.87852,7.64237,11.5761,3.38758,23.1834,15.6731,7.25489,7.76172,24.4997,19.28,3.42768,20.5416,16.3445,1.80468,17.4857,10.4716,9.03047,6.12694,13.2111,7.67957,15.7422,22.2066,16.3938,22.2066,16.4623,22.2485,13.2111,26.0955,12.3377,11.3618,17.8647,17.4857,13.6346,22.2485,4.07644,8.92357,12.8124,24.4242,6.73457,7.87852,13.4751,14.2184,20.736,20.8134,6.69395,17.4076,2.05947,4.05856,1.66426,5.66465,13.2481,13.2111,7.64958,17.292,22.2485,14.7125,12.097,16.3938,9.81431,11.9654,16.9742,5.25375,13.2111,23.5648,20.5416,9.81431,20.7731,17.4076,15.8175,8.92357,11.5085,22.4375,9.44506,17.3684,17.7029,15.9242,6.07003,9.1224,3.27726,16.704,24.4997,8.15015,16.3938,13.4751,17.4857,8.79869,12.3597,22.3663,3.43843,17.292,17.292,16.0649,11.8412,15.05,4.88637,13.2111,24.4242,6.32191,17.292,15.6193,20.0723,3.94752,17.4857,19.6554,1.81309,9.81431,17.4076,13.2111,10.3905,15.9531,23.1834,14.8571,15.05,15.9242,6.40652,16.3938,27.0304,15.9849,1.66124,22.2066,21.724,18.0737,1.48724,17.7029,24.3493,20.1397,9.8782,1.81309,15.9242,15.1186,20.5416,12.8124,15.7425,17.4857,17.4857,9.51459,23.5648,4.9431,17.7029,26.3235,
STATS - lpIterations[34] lagIterations[438] sspIterations[8974] numSeparations[855] numCuts[0] compileTime[0] sspSolveTime[71] lpSolveTime[0] lb[2694.9] ub[2694.9] numArcs: [671517] numFixed: [669593] time: [139]
DUALS 139,2694.9,671517,669593,0,9.81431,6.315,27.0304,20.5416,15.7425,14.1279,20.6983,23.273,9.81431,15.7425,12.5947,15.9406,8.56047,10.7501,11.5754,17.292,5.28745,19.027,11.5115,13.6346,20.3163,17.292,18.901,12.8338,12.8002,15.0447,13.6346,11.0126,13.2111,12.9066,12.2287,29.0805,16.3938,4.07644,9.81431,16.3938,16.6772,17.292,0.529327,9.50134,18.1744,13.2111,6.315,12.5455,13.6346,17.4076,15.6193,8.64188,11.5411,15.4565,21.6926,17.4857,6.73457,21.8494,17.0695,10.2112,16.3938,19.9484,10.1572,24.5569,7.87852,7.64237,11.5761,3.38758,23.1834,15.6731,6.14311,7.76172,24.4997,19.28,3.42768,20.5416,16.3445,2.36057,17.4857,10.4716,9.03047,5.57105,13.2111,7.67957,15.7422,22.2066,16.3938,22.2066,16.4623,21.6926,13.2111,26.0955,10.6701,10.8059,17.8647,17.4857,13.6346,21.6926,4.07644,9.47946,12.2566,24.4242,6.73457,7.87852,13.4751,14.2184,20.736,20.8134,5.02628,17.4076,0.947691,4.61445,1.66426,5.66465,13.2481,13.2111,7.64958,17.292,21.6926,15.2684,11.5411,16.3938,9.81431,11.4095,16.9742,5.80964,13.2111,23.0089,20.5416,9.81431,20.7731,17.4076,16.3734,9.47946,11.5085,22.4375,8.88917,17.3684,17.7029,14.8124,6.07003,9.1224,3.83315,16.704,24.4997,8.15015,16.3938,13.4751,17.4857,8.79869,12.3597,22.3663,3.99432,17.292,17.292,15.509,11.2853,15.05,4.33048,13.2111,24.4242,6.32191,17.292,15.6193,20.0723,3.94752,17.4857,19.6554,2.36898,9.81431,17.4076,13.2111,9.27869,15.9531,23.1834,14.8571,15.05,14.8124,5.85063,16.3938,27.0304,15.9849,1.66124,22.2066,21.724,18.0737,0.931355,17.7029,24.3493,20.1397,9.8782,2.36898,14.8124,15.1186,20.5416,12.2566,15.7425,17.4857,17.4857,8.9587,23.0089,4.9431,17.7029,26.3235,
STATS - lpIterations[35] lagIterations[439] sspIterations[8994] numSeparations[855] numCuts[0] compileTime[0] sspSolveTime[71] lpSolveTime[0] lb[2694.9] ub[2694.9] numArcs: [671517] numFixed: [669593] time: [140]
DUALS 140,2694.9,671511,669593,0,9.81431,6.315,27.0304,20.5416,15.7425,14.1279,20.6983,23.273,9.81431,15.7425,12.5947,15.9406,8.56047,8.22688,14.0986,17.292,5.28745,19.027,11.5115,13.6346,20.3163,17.292,18.901,12.8338,12.8002,15.0447,13.6346,8.48946,13.2111,12.9066,12.2287,29.0805,16.3938,4.07644,9.81431,16.3938,16.6772,17.292,0.529327,9.50134,18.1744,13.2111,6.315,12.5455,13.6346,17.4076,15.6193,8.64188,11.5411,15.4565,21.6926,17.4857,6.73457,21.8494,17.0695,10.2112,16.3938,19.9484,12.6804,24.5569,7.87852,7.64237,11.5761,3.38758,23.1834,15.6731,6.14311,7.76172,24.4997,19.28,3.42768,20.5416,16.3445,0,17.4857,10.4716,9.03047,5.57105,13.2111,7.67957,15.7422,22.2066,16.3938,22.2066,16.4623,21.6926,13.2111,26.0955,13.1933,10.8059,17.8647,17.4857,13.6346,21.6926,4.07644,6.95628,12.2566,24.4242,6.73457,7.87852,13.4751,14.2184,20.736,20.8134,7.54946,17.4076,0.947691,2.09127,1.66426,5.66465,10.7249,13.2111,7.64958,17.292,21.6926,15.2684,11.5411,16.3938,9.81431,11.4095,16.9742,5.80964,13.2111,23.0089,20.5416,9.81431,20.7731,17.4076,16.3734,6.95628,11.5085,22.4375,8.88917,17.3684,17.7029,14.8124,6.07003,9.1224,3.83315,16.704,24.4997,8.15015,16.3938,13.4751,17.4857,8.79869,12.3597,22.3663,1.47114,17.292,17.292,15.509,11.2853,15.05,4.33048,13.2111,24.4242,6.32191,17.292,15.6193,20.0723,1.42433,17.4857,19.6554,0,9.81431,17.4076,13.2111,11.8019,15.9531,23.1834,14.8571,15.05,14.8124,5.85063,16.3938,27.0304,15.9849,1.66124,22.2066,21.724,18.0737,0.931355,17.7029,24.3493,20.1397,7.35502,0,14.8124,15.1186,20.5416,12.2566,15.7425,17.4857,17.4857,8.9587,23.0089,4.9431,17.7029,26.3235,
STATS - lpIterations[36] lagIterations[440] sspIterations[9016] numSeparations[855] numCuts[0] compileTime[0] sspSolveTime[71] lpSolveTime[0] lb[2694.9] ub[2694.9] numArcs: [671511] numFixed: [669593] time: [140]
DUALS 140,2694.9,671507,669593,0,9.81431,6.315,27.0304,20.5416,15.7425,14.1279,20.6983,23.273,9.81431,15.7425,12.5947,15.9406,8.56047,8.22688,11.6103,17.292,5.28745,19.027,10.6821,13.6346,20.3163,17.292,18.901,12.8338,12.8002,14.2152,13.6346,9.31889,13.2111,12.9066,12.2287,29.0805,16.3938,3.24701,9.81431,16.3938,16.6772,17.292,0.529327,8.67191,18.1744,13.2111,6.315,12.5455,13.6346,17.4076,15.6193,7.81245,11.5411,15.4565,21.6926,17.4857,6.73457,21.8494,17.0695,9.38177,16.3938,19.9484,10.1921,24.5569,7.87852,7.64237,10.7467,2.55815,23.1834,15.6731,5.31368,7.76172,24.4997,19.28,3.42768,20.5416,16.3445,0.82943,17.4857,10.4716,7.37161,5.57105,13.2111,8.509,15.7422,22.2066,16.3938,22.2066,16.4623,21.6926,13.2111,26.0955,10.705,10.8059,17.8647,17.4857,13.6346,21.6926,3.24701,7.78571,11.4271,24.4242,6.73457,7.04909,13.4751,14.2184,20.736,20.8134,5.06117,17.4076,0.118261,2.9207,1.66426,4.83522,10.7249,13.2111,7.64958,17.292,21.6926,15.2684,11.5411,16.3938,9.81431,10.5801,16.9742,5.80964,13.2111,23.0089,20.5416,9.81431,20.7731,17.4076,16.3734,7.78571,11.5085,22.4375,8.05974,17.3684,17.7029,14.8124,6.07003,9.1224,3.83315,16.704,24.4997,8.15015,16.3938,13.4751,17.4857,8.79869,12.3597,22.3663,2.30057,17.292,17.292,14.6796,10.4559,15.05,4.33048,13.2111,24.4242,5.49248,17.292,15.6193,20.0723,2.25376,17.4857,19.6554,0.82943,9.81431,17.4076,13.2111,9.31358,15.9531,23.1834,14.0277,15.05,14.8124,5.85063,16.3938,27.0304,15.9849,1.66124,22.2066,21.724,18.0737,0.931355,17.7029,24.3493,20.1397,8.18445,0.82943,14.8124,15.1186,20.5416,11.4271,15.7425,17.4857,17.4857,8.12927,23.0089,4.9431,17.7029,27.153,
STATS - lpIterations[37] lagIterations[441] sspIterations[9035] numSeparations[855] numCuts[0] compileTime[0] sspSolveTime[71] lpSolveTime[0] lb[2694.9] ub[2694.9] numArcs: [671507] numFixed: [669593] time: [140]
DUALS 140,2694.9,671507,669593,0,9.81431,6.315,27.0304,20.5416,15.7425,14.1279,20.6983,23.273,9.81431,15.7425,12.5947,15.9406,8.56047,9.25236,12.6358,17.292,3.2365,19.027,11.7075,13.6346,19.2908,17.292,18.901,12.8338,12.8002,15.2407,13.6346,10.3444,13.2111,12.9066,12.2287,29.0805,16.3938,3.24701,9.81431,16.3938,16.6772,17.292,1.5548,9.69739,18.1744,13.2111,6.315,12.5455,13.6346,17.4076,15.6193,8.83793,10.5157,15.4565,21.6926,16.4602,6.73457,21.8494,17.0695,9.38177,16.3938,19.9484,11.2176,24.5569,7.87852,7.64237,10.7467,1.53267,23.1834,15.6731,5.31368,7.76172,24.4997,19.28,3.42768,20.5416,16.3445,1.85491,16.4602,10.4716,7.37161,5.57105,13.2111,8.509,15.7422,22.2066,16.3938,22.2066,16.4623,21.6926,13.2111,26.0955,11.7304,10.8059,17.8647,16.4602,13.6346,21.6926,3.24701,8.81119,12.4526,24.4242,6.73457,7.04909,13.4751,14.2184,20.736,20.8134,6.08665,17.4076,1.14374,3.94617,0.638787,5.8607,10.7249,13.2111,7.64958,17.292,21.6926,15.2684,10.5157,16.3938,9.81431,11.6056,16.9742,5.80964,12.1856,23.0089,20.5416,9.81431,20.7731,17.4076,16.3734,8.81119,11.5085,22.4375,9.08521,17.3684,17.7029,13.7869,6.07003,9.1224,3.83315,16.704,24.4997,8.15015,16.3938,13.4751,16.4602,8.79869,12.3597,22.3663,3.32605,17.292,17.292,15.7051,11.4814,15.05,4.33048,13.2111,24.4242,5.49248,17.292,15.6193,20.0723,3.27924,16.4602,19.6554,1.85491,9.81431,17.4076,13.2111,10.3391,15.9531,23.1834,14.0277,15.05,13.7869,5.85063,16.3938,27.0304,15.9849,0.635759,22.2066,21.724,17.0482,0.931355,17.7029,24.3493,20.1397,8.18445,1.85491,13.7869,15.1186,20.5416,12.4526,15.7425,16.4602,16.4602,9.15475,23.0089,4.9431,17.7029,27.153,
STATS - lpIterations[38] lagIterations[442] sspIterations[9055] numSeparations[855] numCuts[0] compileTime[0] sspSolveTime[71] lpSolveTime[0] lb[2694.9] ub[2694.9] numArcs: [671507] numFixed: [669593] time: [140]
DUALS 140,2694.9,671507,669593,0,9.81431,5.44499,27.0304,20.5416,15.7425,14.1279,21.5683,23.273,9.81431,15.7425,12.5947,15.9406,7.69046,10.1224,11.7658,17.292,4.10651,19.897,11.7075,13.6346,20.1608,17.292,19.771,12.8338,12.8002,14.3707,13.6346,10.3444,13.2111,12.9066,12.2287,29.0805,16.3938,3.24701,9.81431,16.3938,16.6772,17.292,0,8.82737,18.1744,13.2111,5.44499,12.5455,13.6346,17.4076,15.6193,7.96792,11.3857,15.4565,21.6926,17.3302,6.73457,22.7194,17.0695,8.51176,16.3938,19.9484,10.3476,24.5569,7.87852,7.64237,9.87671,1.53267,23.1834,15.6731,3.57366,7.76172,24.4997,19.28,3.42768,20.5416,16.3445,1.85491,17.3302,10.4716,7.37161,4.70104,13.2111,8.509,15.7422,22.2066,16.3938,22.2066,16.4623,21.6926,13.2111,26.0955,10.8604,9.93592,17.8647,17.3302,13.6346,21.6926,3.24701,8.81119,12.4526,24.4242,6.73457,7.04909,13.4751,14.2184,20.736,21.6835,5.21664,17.4076,0.273727,3.94617,0.638787,5.8607,10.7249,13.2111,7.64958,17.292,21.6926,15.2684,11.3857,16.3938,9.81431,11.6056,16.9742,5.80964,12.1856,23.0089,20.5416,9.81431,20.7731,17.4076,16.3734,8.81119,11.5085,23.3075,8.2152,17.3684,17.7029,13.7869,6.07003,9.1224,3.83315,16.704,24.4997,8.15015,16.3938,13.4751,17.3302,8.79869,12.3597,22.3663,3.32605,17.292,17.292,14.8351,10.6114,15.05,3.46047,13.2111,24.4242,5.49248,17.292,15.6193,20.9423,2.40923,17.3302,19.6554,1.85491,9.81431,17.4076,13.2111,9.46905,15.9531,23.1834,14.0277,15.05,13.7869,4.98062,16.3938,27.0304,15.9849,1.50577,22.2066,22.594,17.9182,1.80137,17.7029,25.2194,20.1397,9.05446,1.85491,13.7869,15.1186,20.5416,12.4526,15.7425,17.3302,17.3302,9.15475,23.0089,4.9431,17.7029,27.153,
STATS - lpIterations[39] lagIterations[443] sspIterations[9073] numSeparations[855] numCuts[0] compileTime[0] sspSolveTime[71] lpSolveTime[0] lb[2694.9] ub[2694.9] numArcs: [671507] numFixed: [669593] time: [140]
DUALS 141,2694.9,671507,669593,0,9.81431,7.00244,27.0304,20.5416,15.7425,14.1279,21.5683,23.273,9.81431,15.7425,12.5947,15.9406,9.24791,11.6798,13.3232,17.292,5.66397,19.897,11.7075,13.6346,20.1608,17.292,19.771,12.8338,12.8002,15.9282,13.6346,10.3444,13.2111,12.9066,12.2287,29.0805,16.3938,3.24701,9.81431,16.3938,16.6772,17.292,1.55746,10.3848,18.1744,13.2111,7.00244,12.5455,13.6346,17.4076,15.6193,9.52538,9.82821,15.4565,21.6926,17.3302,6.73457,22.7194,17.0695,8.51176,16.3938,19.9484,11.905,24.5569,7.87852,7.64237,9.87671,1.53267,23.1834,15.6731,5.13111,7.76172,24.4997,19.28,3.42768,20.5416,16.3445,1.85491,17.3302,10.4716,7.37161,6.2585,13.2111,8.509,15.7422,22.2066,16.3938,22.2066,16.4623,21.6926,13.2111,26.0955,12.4179,11.4934,17.8647,17.3302,13.6346,21.6926,3.24701,8.81119,12.4526,24.4242,6.73457,7.04909,13.4751,14.2184,20.736,21.6835,6.77409,17.4076,1.83118,2.38872,0.638787,4.30324,10.7249,13.2111,9.20704,17.292,21.6926,15.2684,9.82821,16.3938,9.81431,11.6056,16.9742,5.80964,12.1856,23.0089,20.5416,9.81431,20.7731,17.4076,16.3734,8.81119,11.5085,23.3075,9.77266,17.3684,17.7029,13.7869,6.07003,9.1224,3.83315,16.704,24.4997,8.15015,16.3938,13.4751,17.3302,8.79869,12.3597,22.3663,3.32605,17.292,17.292,16.3925,12.1688,15.05,5.01792,13.2111,24.4242,5.49248,17.292,15.6193,20.9423,2.40923,17.3302,19.6554,0.29745,9.81431,17.4076,13.2111,11.0265,15.9531,23.1834,14.0277,15.05,13.7869,6.53808,16.3938,27.0304,15.9849,0,22.2066,22.594,17.9182,0.243909,17.7029,25.2194,20.1397,9.05446,0.29745,13.7869,15.1186,20.5416,12.4526,15.7425,17.3302,17.3302,9.15475,23.0089,4.9431,17.7029,27.153,
STATS - lpIterations[40] lagIterations[444] sspIterations[9095] numSeparations[855] numCuts[0] compileTime[0] sspSolveTime[71] lpSolveTime[0] lb[2694.9] ub[2694.9] numArcs: [671507] numFixed: [669612] time: [141]
DUALS 141,2694.9,671507,669612,0,9.81431,6.41227,27.0304,20.5416,15.7425,14.1279,21.5683,23.273,9.81431,15.7425,12.5947,15.9406,8.65774,11.0897,11.5527,17.8822,4.48362,19.897,11.1174,13.6346,20.1608,17.8822,19.771,12.8338,12.8002,15.338,13.6346,10.9345,13.2111,12.9066,12.2287,29.0805,16.3938,3.24701,9.81431,16.3938,16.6772,17.8822,0.377107,9.79466,18.1744,13.2111,6.41227,12.5455,13.6346,17.4076,15.6193,8.9352,9.82821,15.4565,21.6926,17.3302,6.73457,22.7194,17.0695,8.51176,16.3938,19.9484,10.1345,24.5569,7.87852,7.64237,9.87671,1.53267,23.1834,15.6731,4.54094,7.76172,24.4997,19.28,3.42768,20.5416,16.3445,2.44508,17.3302,10.4716,7.37161,5.66832,13.2111,8.509,15.7422,22.2066,16.3938,22.2066,16.4623,21.6926,13.2111,26.0955,10.6474,10.9032,17.8647,17.3302,13.6346,21.6926,3.24701,9.40136,11.8624,24.4242,6.73457,7.04909,13.4751,14.2184,20.736,21.6835,5.00357,17.4076,0.0606584,2.97889,0.638787,4.30324,11.3151,13.2111,9.20704,17.8822,21.6926,15.2684,9.82821,16.3938,9.81431,11.0154,16.9742,5.80964,12.1856,23.0089,20.5416,9.81431,20.7731,17.4076,16.3734,9.40136,11.5085,23.3075,9.18248,17.3684,17.7029,13.7869,6.07003,9.1224,3.83315,17.2941,24.4997,8.74033,16.3938,13.4751,17.3302,8.79869,12.3597,22.3663,3.91622,17.8822,17.8822,15.8023,11.5787,15.05,4.42775,13.2111,24.4242,5.49248,17.8822,15.6193,20.9423,1.81905,17.3302,19.6554,0.887625,9.81431,17.4076,13.2111,9.84616,15.9531,23.1834,14.0277,15.05,13.7869,5.9479,16.3938,27.0304,15.9849,0.590175,22.2066,22.594,17.9182,0.243909,17.7029,25.2194,20.1397,9.64463,0.887625,13.7869,15.1186,20.5416,11.8624,15.7425,17.3302,17.3302,8.56457,23.0089,4.9431,17.7029,27.153,
STATS - lpIterations[41] lagIterations[445] sspIterations[9114] numSeparations[855] numCuts[0] compileTime[0] sspSolveTime[72] lpSolveTime[0] lb[2694.9] ub[2694.9] numArcs: [671507] numFixed: [669674] time: [141]
DUALS 141,2694.9,671504,669674,0,9.81431,6.41227,27.0304,21.8646,15.7425,14.1279,21.5683,23.273,9.81431,15.7425,12.5947,15.9406,8.65774,9.76658,12.8758,17.8822,3.16055,19.897,11.1174,13.6346,20.1608,17.8822,19.771,12.8338,12.8002,15.338,13.6346,9.61147,13.2111,12.9066,12.2287,29.0805,16.3938,3.24701,9.81431,16.3938,16.6772,17.8822,1.70018,9.79466,18.1744,13.2111,6.41227,12.5455,13.6346,17.4076,15.6193,8.9352,9.82821,15.4565,21.6926,17.3302,6.73457,22.7194,17.0695,8.51176,16.3938,19.9484,11.4576,25.88,7.87852,7.64237,9.87671,1.53267,23.1834,15.6731,4.54094,7.76172,24.4997,19.28,3.42768,21.8646,16.3445,1.12201,17.3302,10.4716,7.37161,5.66832,13.2111,8.509,15.7422,23.5297,16.3938,23.5297,16.4623,21.6926,13.2111,26.0955,11.9704,10.9032,17.8647,17.3302,13.6346,21.6926,3.24701,8.0783,11.8624,24.4242,6.73457,7.04909,13.4751,14.2184,20.736,21.6835,6.32664,17.4076,1.38373,4.30196,0.638787,4.30324,9.99198,13.2111,9.20704,17.8822,21.6926,15.2684,9.82821,16.3938,9.81431,11.0154,16.9742,5.80964,12.1856,23.0089,21.8646,9.81431,20.7731,17.4076,16.3734,8.0783,11.5085,23.3075,9.18248,17.3684,17.7029,13.7869,6.07003,9.1224,3.83315,17.2941,24.4997,8.74033,16.3938,13.4751,17.3302,8.79869,12.3597,22.3663,2.59315,17.8822,17.8822,15.8023,11.5787,15.05,4.42775,13.2111,24.4242,5.49248,17.8822,15.6193,20.9423,1.81905,17.3302,19.6554,2.21069,9.81431,17.4076,13.2111,11.1692,15.9531,23.1834,14.0277,15.05,13.7869,5.9479,16.3938,27.0304,15.9849,1.91324,23.5297,22.594,17.9182,0.243909,17.7029,25.2194,20.1397,8.32156,2.21069,13.7869,15.1186,21.8646,11.8624,15.7425,17.3302,17.3302,8.56457,23.0089,4.9431,17.7029,27.153,
STATS - lpIterations[42] lagIterations[446] sspIterations[9136] numSeparations[855] numCuts[0] compileTime[0] sspSolveTime[72] lpSolveTime[0] lb[2694.9] ub[2694.9] numArcs: [671504] numFixed: [669674] time: [141]
DUALS 141,2694.9,671504,669674,0,9.81431,5.96854,27.0304,20.9772,16.1863,14.1279,21.5683,23.273,9.81431,16.1863,12.5947,15.9406,8.21401,9.76658,11.9883,17.8822,3.60427,19.897,11.1174,13.6346,20.1608,17.8822,19.771,12.8338,12.8002,14.8943,13.6346,10.0552,13.2111,12.9066,12.2287,29.0805,16.8375,3.69073,9.81431,16.8375,16.6772,17.8822,1.25645,9.35093,18.1744,13.2111,5.96854,12.5455,13.6346,17.8513,15.6193,8.49148,9.82821,15.4565,21.6926,17.3302,6.73457,22.7194,17.0695,8.51176,16.3938,19.9484,10.5701,25.4362,7.87852,7.64237,9.87671,1.53267,23.1834,15.6731,4.09721,7.76172,24.4997,19.28,3.42768,20.9772,16.3445,1.56574,17.3302,10.4716,7.37161,5.2246,13.2111,8.509,15.2985,23.086,16.8375,22.6422,16.4623,21.6926,13.2111,26.0955,11.083,10.4595,17.8647,17.3302,13.6346,21.6926,3.69073,8.52202,11.8624,24.4242,6.73457,7.04909,13.4751,14.2184,20.736,21.6835,5.43919,17.8513,0.496281,3.41451,0.638787,4.30324,9.99198,13.2111,9.20704,17.8822,21.6926,15.2684,9.82821,16.8375,9.81431,11.0154,17.4179,5.80964,12.1856,23.0089,20.9772,9.81431,20.7731,17.8513,16.3734,8.52202,11.5085,23.3075,8.73876,17.3684,17.7029,13.7869,6.07003,8.67868,3.83315,17.2941,24.4997,8.74033,16.8375,13.4751,17.3302,8.79869,12.3597,22.3663,3.03688,17.8822,17.8822,15.3586,11.1349,15.05,3.98403,13.2111,24.8679,5.9362,17.8822,15.6193,20.9423,2.26278,17.3302,19.6554,1.32325,9.81431,17.8513,13.2111,10.2818,15.9531,23.1834,14.0277,15.05,13.7869,5.50418,16.8375,27.0304,15.9849,1.46952,22.6422,22.1503,17.9182,0.243909,17.7029,25.2194,20.1397,8.32156,1.32325,13.7869,15.1186,20.9772,11.8624,16.1863,17.3302,17.3302,9.0083,23.0089,4.9431,17.7029,27.153,
STATS - lpIterations[43] lagIterations[447] sspIterations[9154] numSeparations[855] numCuts[0] compileTime[0] sspSolveTime[72] lpSolveTime[0] lb[2694.9] ub[2694.9] numArcs: [671504] numFixed: [669675] time: [141]
DUALS 141,2694.9,671503,669675,0,9.81431,7.25832,27.0304,20.9772,16.1863,14.1279,21.5683,23.273,9.81431,16.1863,12.5947,15.9406,9.50379,11.0564,13.2781,17.8822,4.89405,19.897,11.1174,13.6346,20.1608,17.8822,19.771,12.8338,12.8002,16.184,13.6346,10.0552,13.2111,12.9066,12.2287,29.0805,16.8375,3.69073,9.81431,16.8375,16.6772,17.8822,1.25645,10.6407,18.1744,13.2111,7.25832,12.5455,13.6346,17.8513,15.6193,9.78125,9.82821,15.4565,21.6926,17.3302,6.73457,22.7194,17.0695,7.22198,16.3938,19.9484,11.8599,25.4362,7.87852,7.64237,8.58693,1.53267,23.1834,15.6731,4.09721,7.76172,24.4997,19.28,3.42768,20.9772,16.3445,1.56574,17.3302,10.4716,7.37161,6.51437,13.2111,8.509,15.2985,23.086,16.8375,22.6422,16.4623,21.6926,13.2111,26.0955,12.3728,11.7493,17.8647,17.3302,13.6346,21.6926,3.69073,8.52202,11.8624,24.4242,6.73457,7.04909,13.4751,14.2184,20.736,21.6835,6.72897,17.8513,1.78606,3.41451,0.638787,4.30324,9.99198,13.2111,10.4968,17.8822,21.6926,15.2684,9.82821,16.8375,9.81431,11.0154,17.4179,5.80964,12.1856,23.0089,20.9772,9.81431,20.7731,17.8513,16.3734,8.52202,11.5085,23.3075,10.0285,17.3684,17.7029,13.7869,6.07003,8.67868,3.83315,17.2941,24.4997,8.74033,16.8375,13.4751,17.3302,8.79869,12.3597,22.3663,3.03688,17.8822,17.8822,16.6484,12.4247,15.05,5.2738,13.2111,24.8679,5.9362,17.8822,15.6193,20.9423,0.973002,17.3302,19.6554,1.32325,9.81431,17.8513,13.2111,11.5716,15.9531,23.1834,14.0277,15.05,13.7869,6.79395,16.8375,27.0304,15.9849,1.46952,22.6422,22.1503,17.9182,0.243909,17.7029,25.2194,20.1397,9.61134,1.32325,13.7869,15.1186,20.9772,11.8624,16.1863,17.3302,17.3302,9.0083,23.0089,4.9431,17.7029,27.153,
STATS - lpIterations[44] lagIterations[448] sspIterations[9177] numSeparations[855] numCuts[0] compileTime[0] sspSolveTime[72] lpSolveTime[0] lb[2694.9] ub[2694.9] numArcs: [671503] numFixed: [669780] time: [142]
DUALS 142,2694.9,671503,669780,0,9.81431,6.7093,27.0304,20.9772,16.1863,14.1279,21.5683,23.273,9.81431,16.1863,12.5947,15.9406,8.95477,10.5073,11.631,17.8822,3.796,19.897,11.1174,13.6346,20.1608,17.8822,19.771,12.8338,12.8002,15.086,13.6346,10.6042,13.2111,12.9066,12.2287,29.0805,16.8375,3.69073,9.81431,16.8375,16.6772,17.8822,0.158405,9.54266,18.1744,13.2111,6.7093,12.5455,13.6346,17.8513,15.6193,9.23223,9.82821,15.4565,21.6926,17.3302,6.73457,22.7194,17.0695,7.22198,16.3938,19.9484,10.2128,25.4362,7.87852,7.64237,8.58693,1.53267,23.1834,15.6731,3.54819,7.76172,24.4997,19.28,3.42768,20.9772,16.3445,2.11476,17.3302,10.4716,7.37161,5.96535,13.2111,8.509,15.2985,23.086,16.8375,22.6422,16.4623,21.6926,13.2111,26.0955,10.7257,11.2002,17.8647,17.3302,13.6346,21.6926,3.69073,9.07104,11.8624,24.4242,6.73457,7.04909,13.4751,14.2184,20.736,21.6835,5.63092,17.8513,0.138984,3.96354,0.638787,4.30324,9.99198,13.2111,10.4968,17.8822,21.6926,15.2684,9.82821,16.8375,9.81431,11.0154,17.4179,5.80964,12.1856,23.0089,20.9772,9.81431,20.7731,17.8513,16.3734,9.07104,11.5085,23.3075,8.93049,17.3684,17.7029,13.7869,6.07003,8.12965,3.83315,17.2941,24.4997,8.74033,16.8375,13.4751,17.3302,8.79869,12.3597,22.3663,3.5859,17.8822,17.8822,15.5504,11.3267,15.05,4.72478,13.2111,24.8679,5.9362,17.8822,15.6193,20.9423,1.52203,17.3302,19.6554,1.87227,9.81431,17.8513,13.2111,9.92448,15.9531,23.1834,14.0277,15.05,13.7869,6.24493,16.8375,27.0304,15.9849,0.920497,22.6422,22.1503,17.9182,0.243909,17.7029,25.2194,20.1397,9.61134,1.87227,13.7869,15.1186,20.9772,11.8624,16.1863,17.3302,17.3302,9.0083,23.0089,4.9431,17.7029,27.153,
STATS - lpIterations[45] lagIterations[449] sspIterations[9196] numSeparations[855] numCuts[0] compileTime[0] sspSolveTime[72] lpSolveTime[0] lb[2694.9] ub[2694.9] numArcs: [671503] numFixed: [669795] time: [142]
DUALS 142,2694.9,671503,669795,0,9.81431,6.7093,27.0304,20.9772,16.1863,14.1279,21.5683,23.273,9.81431,16.1863,12.5947,15.9406,8.95477,12.2091,13.3328,17.8822,3.796,19.897,11.1174,13.6346,20.1608,17.8822,19.771,12.8338,12.8002,16.7877,13.6346,10.6042,13.2111,12.9066,12.2287,29.0805,16.8375,3.69073,9.81431,16.8375,16.6772,17.8822,1.86016,11.2444,18.1744,13.2111,6.7093,12.5455,13.6346,17.8513,15.6193,10.934,9.82821,15.4565,21.6926,17.3302,6.73457,22.7194,17.0695,7.22198,16.3938,19.9484,11.9146,25.4362,7.87852,7.64237,8.58693,1.53267,23.1834,15.6731,3.54819,7.76172,24.4997,19.28,3.42768,20.9772,16.3445,2.11476,17.3302,10.4716,7.37161,5.96535,13.2111,8.509,15.2985,23.086,16.8375,22.6422,16.4623,21.6926,13.2111,26.0955,12.4274,11.2002,17.8647,17.3302,13.6346,21.6926,3.69073,9.07104,11.8624,24.4242,6.73457,7.04909,13.4751,14.2184,20.736,21.6835,7.33267,17.8513,1.84073,2.26179,0.638787,4.30324,8.29023,13.2111,10.4968,17.8822,21.6926,15.2684,9.82821,16.8375,9.81431,11.0154,17.4179,5.80964,12.1856,23.0089,20.9772,9.81431,20.7731,17.8513,16.3734,9.07104,11.5085,23.3075,10.6322,17.3684,17.7029,13.7869,6.07003,8.12965,3.83315,17.2941,24.4997,8.74033,16.8375,13.4751,17.3302,8.79869,12.3597,22.3663,3.5859,17.8822,17.8822,17.2521,13.0284,15.05,4.72478,13.2111,24.8679,5.9362,17.8822,15.6193,20.9423,3.22378,17.3302,19.6554,0.17052,9.81431,17.8513,13.2111,11.6262,15.9531,23.1834,14.0277,15.05,13.7869,6.24493,16.8375,27.0304,15.9849,0.920497,22.6422,22.1503,17.9182,0.243909,17.7029,25.2194,20.1397,7.90959,0.17052,13.7869,15.1186,20.9772,11.8624,16.1863,17.3302,17.3302,9.0083,23.0089,4.9431,17.7029,27.153,
STATS - lpIterations[46] lagIterations[450] sspIterations[9219] numSeparations[855] numCuts[0] compileTime[0] sspSolveTime[72] lpSolveTime[0] lb[2694.9] ub[2694.9] numArcs: [671503] numFixed: [669795] time: [142]
DUALS 142,2694.9,671500,669795,0,9.81431,6.07951,27.0304,20.9772,16.1863,14.1279,21.5683,23.273,9.81431,16.1863,12.5947,15.9406,8.32498,11.5793,11.4434,17.8822,3.16622,19.897,11.1174,13.6346,20.1608,17.8822,19.771,12.8338,12.8002,15.5282,13.6346,11.234,13.2111,12.9066,12.2287,29.0805,16.8375,3.69073,9.81431,16.8375,16.6772,17.8822,0.600593,9.98485,18.1744,13.2111,6.07951,12.5455,13.6346,17.8513,15.6193,10.3042,9.82821,15.4565,21.6926,17.3302,6.73457,22.7194,17.0695,7.22198,16.3938,19.9484,10.0253,25.4362,7.87852,7.64237,8.58693,1.53267,23.1834,15.6731,2.91841,7.76172,24.4997,19.28,3.42768,20.9772,16.3445,2.74454,17.3302,10.4716,7.37161,5.33557,13.2111,8.509,15.2985,23.086,16.8375,22.6422,16.4623,21.6926,13.2111,26.0955,10.5381,10.5705,17.8647,17.3302,13.6346,21.6926,3.69073,9.70082,11.8624,24.4242,6.73457,7.04909,13.4751,14.2184,20.736,21.6835,6.07311,17.8513,0,2.89157,0.638787,4.30324,8.29023,13.2111,10.4968,17.8822,21.6926,15.2684,9.82821,16.8375,9.81431,11.0154,17.4179,5.80964,12.1856,23.0089,20.9772,9.81431,20.7731,17.8513,16.3734,9.70082,11.5085,23.3075,9.37268,17.3684,17.7029,13.7869,6.07003,7.49987,3.83315,17.2941,24.4997,8.74033,16.8375,13.4751,17.3302,8.79869,12.3597,22.3663,4.21568,17.8822,17.8822,15.9925,11.7689,15.05,4.095,13.2111,24.8679,5.9362,17.8822,15.6193,20.9423,2.594,17.3302,19.6554,0.800301,9.81431,17.8513,13.2111,9.73689,15.9531,23.1834,14.0277,15.05,13.7869,5.61515,16.8375,27.0304,15.9849,0.920497,22.6422,22.1503,17.9182,0.243909,17.7029,25.2194,20.1397,7.90959,0.800301,13.7869,15.1186,20.9772,11.8624,16.1863,17.3302,17.3302,9.0083,23.0089,4.9431,17.7029,27.153,
STATS - lpIterations[47] lagIterations[451] sspIterations[9240] numSeparations[855] numCuts[0] compileTime[0] sspSolveTime[72] lpSolveTime[0] lb[2694.9] ub[2694.9] numArcs: [671500] numFixed: [669800] time: [142]
DUALS 142,2694.9,671500,669800,0,9.81431,6.70037,27.0304,20.9772,16.1863,13.507,21.5683,23.273,9.81431,16.1863,11.353,15.9406,8.94584,10.3376,12.0643,17.8822,3.16622,19.897,11.1174,13.6346,20.1608,17.8822,19.771,12.8338,12.8002,14.9073,13.6346,9.99228,13.2111,12.9066,12.2287,29.0805,16.8375,3.06987,9.81431,16.8375,16.6772,17.8822,1.22145,9.98485,18.1744,13.2111,6.70037,12.5455,13.6346,17.8513,15.6193,9.68334,9.20735,15.4565,21.6926,17.3302,6.73457,22.7194,17.0695,7.22198,16.3938,19.9484,10.6461,25.4362,7.87852,7.64237,8.58693,1.53267,23.1834,15.6731,3.53927,7.76172,24.4997,19.28,3.42768,20.9772,16.3445,1.50282,17.3302,10.4716,7.37161,5.95643,13.2111,8.509,15.2985,23.086,16.8375,22.6422,16.4623,21.6926,13.2111,26.0955,10.5381,11.1913,17.8647,17.3302,13.6346,21.6926,3.06987,8.45911,11.8624,24.4242,6.73457,7.04909,13.4751,14.2184,20.736,21.6835,6.69397,17.8513,0.620859,3.51243,0.638787,4.30324,8.29023,13.2111,10.4968,17.8822,21.6926,15.2684,9.20735,16.8375,9.81431,11.0154,17.4179,5.18878,12.1856,23.0089,20.9772,9.81431,20.7731,17.8513,15.1317,8.45911,11.5085,23.3075,8.75182,17.3684,17.7029,13.7869,6.07003,7.49987,3.21229,17.2941,24.4997,8.74033,16.8375,13.4751,17.3302,8.79869,12.3597,22.3663,2.97396,17.8822,17.8822,15.3717,11.148,15.05,4.71586,13.2111,24.8679,5.31534,17.8822,15.6193,20.9423,1.97314,17.3302,19.6554,1.42116,9.81431,17.8513,13.2111,9.73689,15.9531,23.1834,14.0277,15.05,13.7869,6.23601,16.8375,27.0304,15.9849,0.920497,22.6422,22.1503,17.9182,0.243909,17.7029,25.2194,20.1397,7.90959,1.42116,13.7869,15.1186,20.9772,11.8624,16.1863,17.3302,17.3302,9.0083,23.0089,4.9431,17.7029,27.153,
STATS - lpIterations[48] lagIterations[452] sspIterations[9261] numSeparations[855] numCuts[0] compileTime[0] sspSolveTime[72] lpSolveTime[0] lb[2694.9] ub[2694.9] numArcs: [671500] numFixed: [669803] time: [142]
DUALS 143,2694.9,671500,669803,0,9.81431,4.75107,27.0304,20.9772,16.1863,13.507,21.5683,23.273,9.81431,16.1863,11.353,15.9406,6.99654,12.2869,12.0643,17.8822,5.11552,19.897,11.1174,13.6346,20.1608,17.8822,19.771,12.8338,12.8002,14.9073,13.6346,9.99228,13.2111,12.9066,12.2287,29.0805,16.8375,3.06987,9.81431,16.8375,16.6772,17.8822,0,9.98485,18.1744,13.2111,4.75107,12.5455,13.6346,17.8513,15.6193,9.68334,9.20735,15.4565,21.6926,17.3302,6.73457,22.7194,17.0695,7.22198,16.3938,19.9484,10.6461,25.4362,7.87852,7.64237,8.58693,1.53267,23.1834,15.6731,1.58996,7.76172,24.4997,19.28,3.42768,20.9772,16.3445,1.50282,17.3302,10.4716,7.37161,4.00712,13.2111,8.509,15.2985,23.086,16.8375,22.6422,16.4623,21.6926,13.2111,26.0955,10.5381,9.24201,17.8647,17.3302,13.6346,21.6926,3.06987,8.45911,11.8624,24.4242,6.73457,7.04909,13.4751,14.2184,20.736,21.6835,6.69397,17.8513,0,1.56312,0.638787,4.30324,8.29023,13.2111,10.4968,17.8822,21.6926,15.2684,9.20735,16.8375,9.81431,11.0154,17.4179,5.18878,12.1856,23.0089,20.9772,9.81431,20.7731,17.8513,15.1317,8.45911,11.5085,23.3075,8.75182,17.3684,17.7029,13.7869,6.07003,5.55056,3.21229,17.2941,24.4997,8.74033,16.8375,13.4751,17.3302,8.79869,12.3597,22.3663,2.97396,17.8822,17.8822,15.3717,11.148,15.05,2.76655,13.2111,24.8679,5.31534,17.8822,15.6193,20.9423,1.97314,17.3302,19.6554,0,9.81431,17.8513,13.2111,9.73689,15.9531,23.1834,14.0277,15.05,13.7869,4.2867,16.8375,27.0304,15.9849,0.920497,22.6422,22.1503,17.9182,0.243909,17.7029,25.2194,20.1397,7.90959,0,13.7869,15.1186,20.9772,11.8624,16.1863,17.3302,17.3302,9.0083,23.0089,4.9431,17.7029,27.153,
STATS - lpIterations[49] lagIterations[453] sspIterations[9279] numSeparations[855] numCuts[0] compileTime[0] sspSolveTime[72] lpSolveTime[0] lb[2694.9] ub[2694.9] numArcs: [671500] numFixed: [669803] time: [143]
DUALS 143,2694.9,671500,669803,0,9.81431,6.47112,27.0304,20.9772,16.1863,13.507,21.5683,23.273,9.81431,16.1863,11.353,15.9406,8.71659,12.2869,12.0643,19.6022,3.39547,19.897,11.1174,13.6346,20.1608,19.6022,19.771,12.8338,12.8002,14.9073,13.6346,9.99228,13.2111,12.9066,12.2287,29.0805,16.8375,3.06987,9.81431,16.8375,16.6772,19.6022,1.72005,9.98485,18.1744,13.2111,6.47112,12.5455,13.6346,17.8513,15.6193,9.68334,9.20735,15.4565,21.6926,17.3302,6.73457,22.7194,17.0695,7.22198,16.3938,19.9484,10.6461,25.4362,7.87852,7.64237,8.58693,1.53267,23.1834,15.6731,3.31001,7.76172,24.4997,19.28,3.42768,20.9772,16.3445,1.50282,17.3302,10.4716,7.37161,5.72717,13.2111,8.509,15.2985,23.086,16.8375,22.6422,16.4623,21.6926,13.2111,26.0955,10.5381,10.9621,17.8647,17.3302,13.6346,21.6926,3.06987,8.45911,11.8624,24.4242,6.73457,7.04909,13.4751,14.2184,20.736,21.6835,6.69397,17.8513,1.72005,3.28317,0.638787,4.30324,10.0103,13.2111,12.2169,19.6022,21.6926,15.2684,9.20735,16.8375,9.81431,11.0154,17.4179,5.18878,12.1856,23.0089,20.9772,9.81431,20.7731,17.8513,15.1317,8.45911,11.5085,23.3075,8.75182,17.3684,17.7029,13.7869,6.07003,5.55056,3.21229,19.0142,24.4997,10.4604,16.8375,13.4751,17.3302,8.79869,12.3597,22.3663,2.97396,19.6022,19.6022,15.3717,11.148,15.05,4.4866,13.2111,24.8679,5.31534,19.6022,15.6193,20.9423,1.97314,17.3302,19.6554,1.72005,9.81431,17.8513,13.2111,9.73689,15.9531,23.1834,14.0277,15.05,13.7869,6.00675,16.8375,27.0304,15.9849,0.920497,22.6422,22.1503,17.9182,0.243909,17.7029,25.2194,20.1397,9.62964,1.72005,13.7869,15.1186,20.9772,11.8624,16.1863,17.3302,17.3302,9.0083,23.0089,4.9431,17.7029,27.153,
STATS - lpIterations[50] lagIterations[454] sspIterations[9299] numSeparations[855] numCuts[0] compileTime[0] sspSolveTime[72] lpSolveTime[0] lb[2694.9] ub[2694.9] numArcs: [671500] numFixed: [669932] time: [143]
DUALS 143,2694.9,671500,669934,0,9.81431,6.47112,27.0304,20.9772,16.1863,13.507,21.5683,23.273,9.81431,16.1863,11.353,15.9406,8.71659,12.2869,12.0643,19.6022,7.99691,19.897,11.1174,13.6346,20.1608,19.6022,19.771,12.8338,12.8002,14.9073,13.6346,9.99228,13.2111,12.9066,12.2287,29.0805,16.8375,3.06987,9.81431,16.8375,16.6772,19.6022,1.72005,9.98485,18.1744,13.2111,6.47112,12.5455,13.6346,17.8513,15.6193,9.68334,9.20735,15.4565,21.6926,17.3302,6.73457,22.7194,17.0695,7.22198,16.3938,19.9484,10.6461,25.4362,7.87852,7.64237,8.58693,1.53267,23.1834,15.6731,3.31001,7.76172,24.4997,19.28,3.42768,20.9772,16.3445,1.50282,17.3302,10.4716,7.37161,5.72717,13.2111,8.509,15.2985,23.086,16.8375,22.6422,16.4623,21.6926,13.2111,26.0955,10.5381,10.9621,17.8647,17.3302,13.6346,21.6926,3.06987,8.45911,11.8624,24.4242,6.73457,7.04909,13.4751,14.2184,20.736,21.6835,6.69397,17.8513,1.72005,0,0.638787,4.30324,10.0103,13.2111,12.2169,19.6022,21.6926,15.2684,9.20735,16.8375,9.81431,11.0154,17.4179,5.18878,12.1856,23.0089,20.9772,9.81431,20.7731,17.8513,15.1317,8.45911,11.5085,23.3075,8.75182,17.3684,17.7029,13.7869,1.46859,5.55056,3.21229,19.0142,24.4997,5.85894,16.8375,13.4751,17.3302,8.79869,12.3597,22.3663,2.97396,19.6022,19.6022,15.3717,11.148,15.05,4.4866,13.2111,24.8679,5.31534,19.6022,15.6193,20.9423,1.97314,17.3302,19.6554,0,9.81431,17.8513,13.2111,9.73689,15.9531,23.1834,14.0277,15.05,13.7869,6.00675,16.8375,27.0304,15.9849,0.920497,22.6422,22.1503,17.9182,0.243909,17.7029,25.2194,20.1397,5.0282,0,13.7869,15.1186,20.9772,11.8624,16.1863,17.3302,17.3302,9.0083,23.0089,4.9431,17.7029,27.153,
STATS - lpIterations[51] lagIterations[455] sspIterations[9318] numSeparations[855] numCuts[0] compileTime[0] sspSolveTime[72] lpSolveTime[0] lb[2694.9] ub[2694.9] numArcs: [671500] numFixed: [669934] time: [143]
DUALS 143,2694.9,671500,669934,0,9.81431,6.47112,27.0304,19.9487,16.1863,13.507,21.5683,23.273,9.81431,16.1863,11.353,15.9406,8.71659,12.2869,12.0643,19.6022,4.91137,19.897,11.1174,13.6346,20.1608,19.6022,19.771,12.8338,12.8002,14.9073,13.6346,9.99228,13.2111,12.9066,12.2287,29.0805,16.8375,4.09839,9.81431,16.8375,17.7057,19.6022,0.691539,9.98485,18.1744,13.2111,6.47112,12.5455,13.6346,18.8798,15.6193,9.68334,9.20735,15.4565,21.6926,17.3302,6.73457,22.7194,18.098,6.19347,16.3938,20.9769,10.6461,25.4362,7.87852,7.64237,7.55842,1.53267,23.1834,15.6731,3.31001,7.76172,24.4997,19.28,3.42768,19.9487,16.3445,1.50282,17.3302,10.4716,7.37161,5.72717,13.2111,8.509,16.327,23.086,16.8375,22.6422,16.4623,21.6926,13.2111,26.0955,10.5381,10.9621,17.8647,17.3302,14.6632,21.6926,4.09839,8.45911,11.8624,24.4242,6.73457,7.04909,13.4751,14.2184,20.736,21.6835,6.69397,18.8798,0,1.02851,0.638787,4.30324,10.0103,13.2111,12.2169,19.6022,21.6926,15.2684,9.20735,16.8375,9.81431,11.0154,16.3894,5.18878,12.1856,23.0089,19.9487,9.81431,20.7731,18.8798,15.1317,8.45911,11.5085,23.3075,8.75182,17.3684,18.7314,13.7869,2.49711,6.57908,3.21229,19.0142,24.4997,5.85894,16.8375,13.4751,17.3302,8.79869,12.3597,22.3663,2.97396,19.6022,19.6022,15.3717,11.148,15.05,4.4866,13.2111,24.8679,6.34386,19.6022,15.6193,20.9423,1.97314,17.3302,19.6554,1.02851,9.81431,18.8798,13.2111,9.73689,15.9531,23.1834,14.0277,15.05,13.7869,6.00675,16.8375,27.0304,15.9849,0.920497,22.6422,22.1503,17.9182,0.243909,18.7314,25.2194,20.1397,6.05672,1.02851,13.7869,15.1186,19.9487,11.8624,16.1863,17.3302,17.3302,9.0083,23.0089,4.9431,18.7314,27.153,
STATS - lpIterations[52] lagIterations[456] sspIterations[9337] numSeparations[855] numCuts[0] compileTime[0] sspSolveTime[72] lpSolveTime[0] lb[2694.9] ub[2694.9] numArcs: [671500] numFixed: [669942] time: [143]
DUALS 143,2694.9,671499,669942,0,9.81431,6.47112,28.9702,19.9487,16.1863,13.507,21.5683,25.2127,9.81431,16.1863,11.353,15.9406,8.71659,12.2869,12.0643,19.6022,2.97163,19.897,11.1174,13.6346,20.1608,19.6022,19.771,12.8338,12.8002,14.9073,13.6346,9.99228,13.2111,12.9066,12.2287,29.0805,16.8375,2.15865,9.81431,16.8375,17.7057,19.6022,2.63127,9.98485,18.1744,13.2111,6.47112,12.5455,13.6346,18.8798,15.6193,9.68334,9.20735,15.4565,21.6926,17.3302,6.73457,22.7194,18.098,6.19347,16.3938,20.9769,10.6461,25.4362,7.87852,7.64237,7.55842,1.53267,23.1834,15.6731,3.31001,7.76172,24.4997,19.28,3.42768,19.9487,16.3445,1.50282,17.3302,10.4716,7.37161,5.72717,13.2111,8.509,16.327,23.086,16.8375,22.6422,16.4623,21.6926,13.2111,28.0352,10.5381,10.9621,17.8647,17.3302,14.6632,21.6926,2.15865,8.45911,11.8624,26.3639,6.73457,7.04909,13.4751,14.2184,20.736,21.6835,6.69397,18.8798,1.93973,2.96825,0.638787,4.30324,10.0103,13.2111,12.2169,19.6022,21.6926,15.2684,9.20735,16.8375,9.81431,11.0154,16.3894,5.18878,12.1856,23.0089,19.9487,9.81431,22.7128,18.8798,15.1317,8.45911,11.5085,23.3075,8.75182,17.3684,18.7314,13.7869,2.49711,6.57908,3.21229,19.0142,24.4997,5.85894,16.8375,13.4751,17.3302,8.79869,12.3597,22.3663,2.97396,19.6022,19.6022,15.3717,11.148,15.05,4.4866,13.2111,26.8076,4.40412,19.6022,15.6193,20.9423,1.97314,17.3302,19.6554,2.96825,9.81431,18.8798,13.2111,9.73689,15.9531,23.1834,14.0277,15.05,13.7869,6.00675,16.8375,28.9702,15.9849,0.920497,22.6422,22.1503,17.9182,0.243909,18.7314,25.2194,22.0794,6.05672,2.96825,13.7869,15.1186,19.9487,11.8624,16.1863,17.3302,17.3302,9.0083,23.0089,4.9431,18.7314,27.153,
STATS - lpIterations[53] lagIterations[457] sspIterations[9359] numSeparations[855] numCuts[0] compileTime[0] sspSolveTime[72] lpSolveTime[0] lb[2694.9] ub[2694.9] numArcs: [671499] numFixed: [669963] time: [144]
DUALS 144,2694.9,671499,669963,0,9.2063,5.86312,27.7541,19.9487,16.1863,13.507,22.1763,23.9967,9.81431,16.1863,11.353,15.9406,8.10859,12.2869,12.0643,19.6022,3.57964,20.505,11.1174,13.6346,20.1608,19.6022,19.771,12.8338,12.8002,14.9073,13.6346,9.99228,13.2111,12.9066,12.2287,29.0805,16.8375,2.15865,9.81431,16.8375,17.7057,19.6022,2.02327,9.98485,18.1744,13.2111,5.86312,12.5455,13.6346,18.8798,15.6193,9.68334,9.81536,15.4565,21.6926,17.3302,6.12656,23.3275,17.49,6.19347,16.3938,20.9769,10.6461,25.4362,7.87852,7.64237,7.55842,1.53267,23.1834,15.6731,2.70201,7.76172,24.4997,19.28,3.42768,19.9487,16.3445,1.50282,17.3302,10.4716,7.37161,5.11917,13.2111,8.509,16.327,23.086,16.8375,22.6422,16.4623,21.6926,13.2111,26.8192,10.5381,10.3541,17.8647,17.3302,14.6632,21.6926,2.15865,8.45911,11.8624,25.1479,6.12656,7.04909,13.4751,14.2184,20.736,22.2915,6.69397,18.8798,1.33173,2.36024,0.638787,4.30324,10.0103,13.2111,12.2169,19.6022,21.6926,15.2684,9.81536,16.8375,9.81431,11.0154,16.3894,5.18878,12.1856,23.0089,19.9487,9.81431,21.4968,18.8798,15.1317,8.45911,11.5085,23.9155,8.75182,17.3684,18.7314,13.7869,1.88911,5.97107,3.21229,19.0142,24.4997,5.85894,16.8375,13.4751,17.3302,8.79869,12.3597,22.3663,2.97396,19.6022,19.6022,15.3717,11.148,15.05,3.8786,13.2111,25.5916,4.40412,19.6022,15.6193,20.9423,1.97314,17.3302,19.6554,2.36024,9.81431,18.8798,13.2111,9.73689,15.9531,23.1834,14.0277,15.05,13.7869,5.39875,16.8375,28.9702,15.9849,0.920497,22.6422,22.7583,17.9182,0.851913,18.7314,25.8274,20.8634,6.05672,2.36024,13.7869,15.1186,19.9487,11.8624,16.1863,17.3302,17.3302,9.0083,23.0089,4.9431,18.7314,27.153,
STATS - lpIterations[54] lagIterations[458] sspIterations[9378] numSeparations[855] numCuts[0] compileTime[0] sspSolveTime[73] lpSolveTime[0] lb[2694.9] ub[2694.9] numArcs: [671499] numFixed: [669969] time: [144]
DUALS 144,2694.9,671497,669969,0,11.034,5.86312,27.7541,19.9487,16.1863,13.507,22.1763,23.9967,11.642,16.1863,11.353,15.9406,8.10859,12.2869,12.0643,19.6022,5.40733,20.505,11.1174,13.6346,20.1608,19.6022,19.771,12.8338,12.8002,14.9073,13.6346,9.99228,13.2111,12.9066,12.2287,29.0805,16.8375,2.15865,11.642,16.8375,17.7057,19.6022,2.02327,9.98485,18.1744,13.2111,5.86312,12.5455,13.6346,18.8798,15.6193,9.68334,7.98766,15.4565,21.6926,17.3302,7.95426,23.3275,17.49,6.19347,16.3938,20.9769,10.6461,25.4362,7.87852,7.64237,7.55842,1.53267,23.1834,15.6731,2.70201,7.76172,24.4997,19.28,5.25537,19.9487,16.3445,1.50282,17.3302,10.4716,7.37161,5.11917,13.2111,8.509,16.327,23.086,16.8375,22.6422,16.4623,21.6926,13.2111,26.8192,10.5381,10.3541,17.8647,17.3302,14.6632,21.6926,2.15865,8.45911,11.8624,25.1479,7.95426,7.04909,15.3028,14.2184,20.736,22.2915,6.69397,18.8798,1.33173,0.532548,0.638787,4.30324,10.0103,13.2111,12.2169,19.6022,21.6926,15.2684,7.98766,16.8375,11.642,11.0154,16.3894,5.18878,12.1856,23.0089,19.9487,11.642,21.4968,18.8798,15.1317,8.45911,11.5085,23.9155,8.75182,17.3684,18.7314,13.7869,1.88911,5.97107,3.21229,19.0142,24.4997,5.85894,16.8375,15.3028,17.3302,8.79869,12.3597,22.3663,2.97396,19.6022,19.6022,15.3717,11.148,15.05,3.8786,13.2111,25.5916,4.40412,19.6022,15.6193,20.9423,1.97314,17.3302,19.6554,0.532548,11.642,18.8798,13.2111,9.73689,15.9531,23.1834,14.0277,15.05,13.7869,5.39875,16.8375,28.9702,15.9849,0.920497,22.6422,22.7583,17.9182,0.851913,18.7314,25.8274,20.8634,6.05672,0.532548,13.7869,15.1186,19.9487,11.8624,16.1863,17.3302,17.3302,9.0083,23.0089,4.9431,18.7314,27.153,
STATS - lpIterations[55] lagIterations[459] sspIterations[9399] numSeparations[855] numCuts[0] compileTime[0] sspSolveTime[73] lpSolveTime[0] lb[2694.9] ub[2694.9] numArcs: [671497] numFixed: [669969] time: [144]
DUALS 144,2694.9,671497,669969,0,9.23187,5.86312,27.7541,19.9487,16.1863,13.507,22.1763,23.9967,9.83987,16.1863,11.353,15.9406,8.10859,12.2869,12.0643,19.6022,1.80307,20.505,11.1174,13.6346,20.1608,19.6022,19.771,12.8338,12.8002,14.9073,13.6346,9.99228,13.2111,12.9066,12.2287,29.0805,16.8375,2.15865,9.83987,16.8375,17.7057,19.6022,0,9.98485,18.1744,13.2111,5.86312,12.5455,13.6346,18.8798,15.6193,9.68334,7.98766,15.4565,21.6926,17.3302,6.15213,23.3275,17.49,4.39134,16.3938,20.9769,10.6461,25.4362,7.87852,7.64237,5.75629,1.53267,23.1834,15.6731,2.70201,7.76172,24.4997,19.28,5.25537,19.9487,16.3445,1.50282,17.3302,10.4716,7.37161,5.11917,13.2111,8.509,16.327,23.086,16.8375,22.6422,16.4623,21.6926,13.2111,26.8192,10.5381,10.3541,17.8647,17.3302,14.6632,21.6926,2.15865,8.45911,11.8624,25.1479,6.15213,7.04909,13.5007,14.2184,20.736,22.2915,6.69397,18.8798,0,2.33468,0.638787,4.30324,10.0103,13.2111,12.2169,19.6022,21.6926,15.2684,7.98766,16.8375,9.83987,11.0154,16.3894,5.18878,12.1856,23.0089,19.9487,9.83987,21.4968,18.8798,15.1317,8.45911,11.5085,23.9155,8.75182,17.3684,18.7314,13.7869,1.88911,5.97107,3.21229,19.0142,24.4997,5.85894,16.8375,13.5007,17.3302,8.79869,12.3597,22.3663,2.97396,19.6022,19.6022,15.3717,11.148,15.05,3.8786,13.2111,25.5916,4.40412,19.6022,15.6193,20.9423,1.97314,17.3302,19.6554,2.33468,9.83987,18.8798,13.2111,9.73689,15.9531,23.1834,14.0277,15.05,13.7869,5.39875,16.8375,28.9702,15.9849,0.920497,22.6422,22.7583,17.9182,0.851913,18.7314,25.8274,20.8634,7.85885,2.33468,13.7869,15.1186,19.9487,11.8624,16.1863,17.3302,17.3302,9.0083,23.0089,4.9431,18.7314,27.153,
STATS - lpIterations[56] lagIterations[460] sspIterations[9418] numSeparations[855] numCuts[0] compileTime[0] sspSolveTime[73] lpSolveTime[0] lb[2694.9] ub[2694.9] numArcs: [671497] numFixed: [669999] time: [144]
DUALS 144,2694.9,671497,669999,0,9.23187,7.74708,27.7541,19.9487,16.1863,13.507,22.1763,23.9967,9.83987,16.1863,11.353,15.9406,9.99255,12.2869,12.0643,19.6022,3.68704,20.505,11.1174,13.6346,20.1608,19.6022,19.771,12.8338,12.8002,14.9073,13.6346,9.99228,13.2111,12.9066,12.2287,29.0805,16.8375,2.15865,9.83987,16.8375,17.7057,19.6022,1.88397,9.98485,18.1744,13.2111,7.74708,12.5455,13.6346,18.8798,15.6193,9.68334,7.98766,15.4565,21.6926,17.3302,6.15213,23.3275,17.49,4.39134,16.3938,20.9769,10.6461,25.4362,7.87852,7.64237,5.75629,1.53267,23.1834,15.6731,4.58598,7.76172,24.4997,19.28,5.25537,19.9487,16.3445,1.50282,17.3302,10.4716,7.37161,7.00314,13.2111,8.509,16.327,23.086,16.8375,22.6422,16.4623,21.6926,13.2111,26.8192,10.5381,12.238,17.8647,17.3302,14.6632,21.6926,2.15865,8.45911,11.8624,25.1479,6.15213,7.04909,13.5007,14.2184,20.736,22.2915,6.69397,18.8798,1.88397,0.450711,0.638787,4.30324,8.12632,13.2111,14.1008,19.6022,21.6926,15.2684,7.98766,16.8375,9.83987,11.0154,16.3894,5.18878,12.1856,23.0089,19.9487,9.83987,21.4968,18.8798,15.1317,8.45911,11.5085,23.9155,8.75182,17.3684,18.7314,13.7869,1.88911,5.97107,3.21229,19.0142,24.4997,5.85894,16.8375,13.5007,17.3302,8.79869,12.3597,22.3663,2.97396,19.6022,19.6022,15.3717,11.148,15.05,5.76256,13.2111,25.5916,4.40412,19.6022,15.6193,20.9423,1.97314,17.3302,19.6554,0.450711,9.83987,18.8798,13.2111,9.73689,15.9531,23.1834,14.0277,15.05,13.7869,7.28272,16.8375,28.9702,15.9849,0.920497,22.6422,22.7583,17.9182,0.851913,18.7314,25.8274,20.8634,5.97488,0.450711,13.7869,15.1186,19.9487,11.8624,16.1863,17.3302,17.3302,9.0083,23.0089,4.9431,18.7314,27.153,
STATS - lpIterations[57] lagIterations[461] sspIterations[9439] numSeparations[855] numCuts[0] compileTime[0] sspSolveTime[73] lpSolveTime[0] lb[2694.9] ub[2694.9] numArcs: [671497] numFixed: [669999] time: [145]
DUALS 145,2694.9,671497,669999,0,9.23187,6.15413,27.7541,19.9487,16.1863,13.507,22.1763,23.9967,9.83987,16.1863,11.353,15.9406,8.3996,12.2869,12.0643,19.6022,3.68704,20.505,11.1174,13.6346,20.1608,19.6022,19.771,12.8338,12.8002,14.9073,13.6346,9.99228,13.2111,12.9066,12.2287,29.0805,16.8375,2.15865,9.83987,16.8375,17.7057,19.6022,0,9.98485,18.1744,13.2111,6.15413,12.5455,13.6346,18.8798,15.6193,9.68334,7.98766,15.4565,21.6926,17.3302,6.15213,23.3275,17.49,4.39134,16.3938,20.9769,10.6461,25.4362,7.87852,7.64237,5.75629,1.53267,23.1834,15.6731,1.40008,7.76172,24.4997,19.28,5.25537,19.9487,16.3445,1.50282,17.3302,10.4716,7.37161,5.41019,13.2111,8.509,16.327,23.086,16.8375,22.6422,16.4623,21.6926,13.2111,26.8192,10.5381,10.6451,17.8647,17.3302,14.6632,21.6926,2.15865,8.45911,11.8624,25.1479,6.15213,7.04909,13.5007,14.2184,20.736,22.2915,6.69397,18.8798,0,2.04366,0.638787,4.30324,8.12632,13.2111,14.1008,19.6022,21.6926,15.2684,7.98766,16.8375,9.83987,11.0154,16.3894,5.18878,12.1856,23.0089,19.9487,9.83987,21.4968,18.8798,15.1317,8.45911,11.5085,23.9155,8.75182,17.3684,18.7314,13.7869,1.88911,4.37812,3.21229,19.0142,24.4997,5.85894,16.8375,13.5007,17.3302,8.79869,12.3597,22.3663,2.97396,19.6022,19.6022,15.3717,11.148,15.05,4.16961,13.2111,25.5916,4.40412,19.6022,15.6193,20.9423,1.97314,17.3302,19.6554,2.04366,9.83987,18.8798,13.2111,9.73689,15.9531,23.1834,14.0277,15.05,13.7869,5.68977,16.8375,28.9702,15.9849,0.920497,22.6422,22.7583,17.9182,0.851913,18.7314,25.8274,20.8634,5.97488,2.04366,13.7869,15.1186,19.9487,11.8624,16.1863,17.3302,17.3302,9.0083,23.0089,4.9431,18.7314,27.153,
STATS - lpIterations[58] lagIterations[462] sspIterations[9459] numSeparations[855] numCuts[0] compileTime[0] sspSolveTime[73] lpSolveTime[0] lb[2694.9] ub[2694.9] numArcs: [671497] numFixed: [670353] time: [145]
DUALS 145,2694.9,671495,670353,0,9.23187,6.15413,27.7541,19.9487,16.1863,13.507,22.1763,23.9967,9.83987,16.1863,11.353,15.9406,8.3996,12.2869,12.0643,19.6022,3.68704,20.505,11.1174,13.6346,20.1608,19.6022,19.771,12.8338,12.8002,14.9073,13.6346,9.99228,13.2111,12.9066,12.2287,29.0805,16.8375,2.15865,9.83987,16.8375,17.7057,19.6022,4.48085,9.98485,18.1744,13.2111,6.15413,12.5455,13.6346,18.8798,15.6193,9.68334,7.98766,15.4565,21.6926,17.3302,6.15213,23.3275,17.49,4.39134,16.3938,20.9769,10.6461,25.4362,7.87852,7.64237,5.75629,1.53267,23.1834,15.6731,1.40008,7.76172,24.4997,19.28,5.25537,19.9487,16.3445,1.50282,17.3302,10.4716,7.37161,5.41019,13.2111,8.509,16.327,23.086,16.8375,22.6422,16.4623,21.6926,13.2111,26.8192,10.5381,10.6451,17.8647,17.3302,14.6632,21.6926,2.15865,8.45911,11.8624,25.1479,6.15213,7.04909,13.5007,14.2184,20.736,22.2915,6.69397,18.8798,4.48085,0,0.638787,4.30324,8.12632,13.2111,14.1008,19.6022,21.6926,15.2684,7.98766,16.8375,9.83987,11.0154,16.3894,5.18878,12.1856,23.0089,19.9487,9.83987,21.4968,18.8798,15.1317,8.45911,11.5085,23.9155,8.75182,17.3684,18.7314,13.7869,1.88911,0,3.21229,19.0142,24.4997,5.85894,16.8375,13.5007,17.3302,8.79869,12.3597,22.3663,2.97396,19.6022,19.6022,15.3717,11.148,15.05,4.16961,13.2111,25.5916,4.40412,19.6022,15.6193,20.9423,1.97314,17.3302,19.6554,0,9.83987,18.8798,13.2111,9.73689,15.9531,23.1834,14.0277,15.05,13.7869,5.68977,16.8375,28.9702,15.9849,0.920497,22.6422,22.7583,17.9182,0.851913,18.7314,25.8274,20.8634,5.97488,0,13.7869,15.1186,19.9487,11.8624,16.1863,17.3302,17.3302,9.0083,23.0089,4.9431,18.7314,27.153,
STATS - lpIterations[59] lagIterations[463] sspIterations[9480] numSeparations[855] numCuts[0] compileTime[0] sspSolveTime[73] lpSolveTime[0] lb[2694.9] ub[2694.9] numArcs: [671495] numFixed: [670353] time: [145]
DUALS 145,2694.9,671495,670353,0,9.23187,5.14756,27.7541,19.9487,16.1863,13.507,22.1763,23.9967,9.83987,16.1863,11.353,15.9406,7.39303,12.2869,12.0643,19.6022,3.68704,20.505,11.1174,13.6346,20.1608,19.6022,19.771,12.8338,12.8002,14.9073,13.6346,9.99228,13.2111,12.9066,12.2287,29.0805,16.8375,3.16522,9.83987,16.8375,17.7057,19.6022,0.454572,9.98485,18.1744,13.2111,5.14756,12.5455,13.6346,18.8798,15.6193,9.68334,6.98109,15.4565,21.6926,17.3302,6.15213,23.3275,17.49,4.39134,16.3938,20.9769,10.6461,25.4362,7.87852,7.64237,5.75629,1.53267,23.1834,15.6731,0.393509,7.76172,24.4997,19.28,5.25537,19.9487,16.3445,1.50282,17.3302,10.4716,7.37161,4.40362,13.2111,8.509,16.327,23.086,16.8375,22.6422,16.4623,21.6926,13.2111,26.8192,10.5381,9.6385,17.8647,17.3302,14.6632,21.6926,2.15865,8.45911,11.8624,25.1479,6.15213,7.04909,13.5007,14.2184,20.736,22.2915,6.69397,18.8798,0.454572,1.00657,0.638787,4.30324,8.12632,13.2111,14.1008,19.6022,21.6926,15.2684,6.98109,16.8375,9.83987,11.0154,16.3894,5.18878,12.1856,23.0089,19.9487,9.83987,21.4968,18.8798,15.1317,8.45911,11.5085,23.9155,8.75182,17.3684,18.7314,13.7869,1.88911,1.00657,3.21229,19.0142,24.4997,5.85894,16.8375,13.5007,17.3302,8.79869,12.3597,22.3663,2.97396,19.6022,19.6022,15.3717,11.148,15.05,3.16305,13.2111,25.5916,5.41069,19.6022,15.6193,20.9423,1.97314,17.3302,19.6554,1.00657,9.83987,18.8798,13.2111,9.73689,15.9531,23.1834,14.0277,15.05,13.7869,4.6832,16.8375,28.9702,15.9849,0.920497,22.6422,22.7583,17.9182,0.851913,18.7314,25.8274,20.8634,5.97488,1.00657,13.7869,15.1186,19.9487,11.8624,16.1863,17.3302,17.3302,9.0083,23.0089,4.9431,18.7314,27.153,
STATS - lpIterations[60] lagIterations[464] sspIterations[9499] numSeparations[855] numCuts[0] compileTime[0] sspSolveTime[73] lpSolveTime[0] lb[2694.9] ub[2694.9] numArcs: [671495] numFixed: [670353] time: [145]
DUALS 145,2694.9,671493,670353,0,9.23187,6.20927,27.7541,21.0104,15.1246,13.507,22.1763,23.9967,9.83987,15.1246,11.353,15.9406,8.45474,12.2869,12.0643,19.6022,3.68704,20.505,11.1174,13.6346,20.1608,19.6022,19.771,12.8338,12.8002,14.9073,13.6346,9.99228,13.2111,12.9066,12.2287,29.0805,16.8375,2.10352,9.83987,16.8375,17.7057,19.6022,1.51628,9.98485,18.1744,13.2111,6.20927,12.5455,13.6346,17.8181,15.6193,9.68334,6.98109,15.4565,21.6926,17.3302,6.15213,23.3275,17.49,4.39134,16.3938,20.9769,10.6461,26.4979,7.87852,7.64237,5.75629,1.53267,23.1834,15.6731,1.45521,7.76172,24.4997,19.28,5.25537,21.0104,16.3445,1.50282,17.3302,10.4716,7.37161,5.46532,13.2111,8.509,16.327,24.1477,16.8375,23.704,16.4623,21.6926,13.2111,26.8192,10.5381,10.7002,17.8647,17.3302,14.6632,21.6926,1.09695,8.45911,11.8624,25.1479,6.15213,7.04909,13.5007,14.2184,20.736,22.2915,6.69397,17.8181,1.51628,2.06827,0.638787,4.30324,7.06461,13.2111,14.1008,19.6022,21.6926,15.2684,6.98109,16.8375,9.83987,11.0154,16.3894,5.18878,12.1856,23.0089,21.0104,9.83987,21.4968,17.8181,15.1317,8.45911,11.5085,23.9155,8.75182,17.3684,18.7314,13.7869,1.88911,2.06827,3.21229,19.0142,24.4997,5.85894,16.8375,13.5007,17.3302,8.79869,12.3597,22.3663,2.97396,19.6022,19.6022,15.3717,11.148,15.05,4.22475,13.2111,25.5916,4.34899,19.6022,15.6193,20.9423,1.97314,17.3302,19.6554,2.06827,9.83987,17.8181,13.2111,9.73689,15.9531,23.1834,14.0277,15.05,13.7869,5.7449,16.8375,28.9702,15.9849,0.920497,23.704,22.7583,17.9182,0.851913,18.7314,25.8274,20.8634,4.91317,2.06827,13.7869,15.1186,21.0104,11.8624,15.1246,17.3302,17.3302,9.0083,23.0089,4.9431,18.7314,27.153,
STATS - lpIterations[61] lagIterations[465] sspIterations[9519] numSeparations[855] numCuts[0] compileTime[0] sspSolveTime[73] lpSolveTime[0] lb[2694.9] ub[2694.9] numArcs: [671493] numFixed: [670353] time: [145]
DUALS 146,2694.9,671493,670353,0,9.23187,6.20927,27.7541,19.8889,16.246,13.507,22.1763,23.9967,9.83987,16.246,11.353,15.9406,8.45474,12.2869,12.0643,19.6022,3.68704,20.505,11.1174,13.6346,20.1608,19.6022,19.771,12.8338,12.8002,14.9073,13.6346,9.99228,13.2111,12.9066,12.2287,29.0805,16.8375,3.22496,9.83987,16.8375,17.7057,19.6022,0.394831,9.98485,18.1744,13.2111,6.20927,12.5455,13.6346,18.9396,15.6193,9.68334,6.98109,15.4565,21.6926,17.3302,6.15213,23.3275,17.49,3.26989,16.3938,20.9769,10.6461,26.4979,7.87852,7.64237,4.63484,1.53267,23.1834,15.6731,1.45521,7.76172,24.4997,19.28,5.25537,19.8889,16.3445,1.50282,17.3302,10.4716,7.37161,5.46532,13.2111,8.509,16.327,23.0262,16.8375,22.5825,16.4623,21.6926,13.2111,26.8192,10.5381,10.7002,17.8647,17.3302,14.6632,21.6926,2.21839,8.45911,11.8624,25.1479,6.15213,7.04909,13.5007,14.2184,20.736,22.2915,6.69397,18.9396,0.394831,0.946827,0.638787,4.30324,7.06461,13.2111,14.1008,19.6022,21.6926,15.2684,6.98109,16.8375,9.83987,11.0154,16.3894,5.18878,12.1856,23.0089,19.8889,9.83987,21.4968,18.9396,15.1317,8.45911,11.5085,23.9155,8.75182,17.3684,18.7314,13.7869,1.88911,3.18972,3.21229,19.0142,24.4997,5.85894,16.8375,13.5007,17.3302,8.79869,12.3597,22.3663,2.97396,19.6022,19.6022,15.3717,11.148,15.05,4.22475,13.2111,25.5916,5.47043,19.6022,15.6193,20.9423,1.97314,17.3302,19.6554,0,9.83987,18.9396,13.2111,9.73689,15.9531,23.1834,14.0277,15.05,13.7869,5.7449,16.8375,28.9702,15.9849,0.920497,22.5825,22.7583,17.9182,0.851913,18.7314,25.8274,20.8634,6.03462,0.946827,13.7869,15.1186,19.8889,11.8624,16.246,17.3302,17.3302,9.0083,23.0089,4.9431,18.7314,27.153,
STATS - lpIterations[62] lagIterations[466] sspIterations[9538] numSeparations[855] numCuts[0] compileTime[0] sspSolveTime[73] lpSolveTime[0] lb[2694.9] ub[2694.9] numArcs: [671493] numFixed: [670426] time: [146]
DUALS 146,2694.9,671492,670426,0,9.23187,6.20927,27.7541,21.6793,16.246,13.507,22.1763,23.9967,9.83987,16.246,11.353,15.9406,8.45474,12.2869,12.0643,19.6022,1.8967,20.505,11.1174,13.6346,20.1608,19.6022,19.771,12.8338,12.8002,14.9073,13.6346,9.99228,13.2111,12.9066,12.2287,29.0805,16.8375,3.22496,9.83987,16.8375,17.7057,19.6022,2.18517,9.98485,18.1744,13.2111,6.20927,12.5455,13.6346,18.9396,15.6193,9.68334,6.98109,15.4565,21.6926,17.3302,6.15213,23.3275,17.49,3.26989,16.3938,20.9769,10.6461,28.2883,7.87852,7.64237,4.63484,1.53267,23.1834,15.6731,1.45521,7.76172,24.4997,19.28,5.25537,21.6793,16.3445,1.50282,17.3302,10.4716,7.37161,5.46532,13.2111,8.509,16.327,24.8166,16.8375,24.3728,16.4623,21.6926,13.2111,26.8192,10.5381,10.7002,17.8647,17.3302,14.6632,21.6926,2.21839,8.45911,11.8624,25.1479,6.15213,7.04909,13.5007,14.2184,20.736,22.2915,6.69397,18.9396,2.18517,2.73716,0.638787,4.30324,7.06461,13.2111,14.1008,19.6022,21.6926,15.2684,6.98109,16.8375,9.83987,11.0154,16.3894,5.18878,12.1856,23.0089,21.6793,9.83987,21.4968,18.9396,15.1317,8.45911,11.5085,23.9155,8.75182,17.3684,18.7314,13.7869,1.88911,1.39939,3.21229,19.0142,24.4997,5.85894,16.8375,13.5007,17.3302,8.79869,12.3597,22.3663,2.97396,19.6022,19.6022,15.3717,11.148,15.05,4.22475,13.2111,25.5916,5.47043,19.6022,15.6193,20.9423,1.97314,17.3302,19.6554,1.79034,9.83987,18.9396,13.2111,9.73689,15.9531,23.1834,14.0277,15.05,13.7869,5.7449,16.8375,28.9702,15.9849,0.920497,24.3728,22.7583,17.9182,0.851913,18.7314,25.8274,20.8634,6.03462,2.73716,13.7869,15.1186,21.6793,11.8624,16.246,17.3302,17.3302,9.0083,23.0089,4.9431,18.7314,27.153,
STATS - lpIterations[63] lagIterations[467] sspIterations[9558] numSeparations[855] numCuts[0] compileTime[0] sspSolveTime[73] lpSolveTime[0] lb[2694.9] ub[2694.9] numArcs: [671492] numFixed: [670439] time: [146]
DUALS 146,2694.9,671490,670439,0,9.23187,6.20927,27.7541,20.4345,16.246,13.507,22.1763,23.9967,9.83987,16.246,11.353,15.9406,8.45474,12.2869,12.0643,19.6022,3.14148,20.505,11.1174,13.6346,20.1608,19.6022,19.771,12.8338,12.8002,14.9073,13.6346,9.99228,13.2111,12.9066,12.2287,29.0805,18.0823,3.22496,9.83987,18.0823,17.7057,19.6022,2.18517,9.98485,18.1744,13.2111,6.20927,12.5455,13.6346,18.9396,15.6193,9.68334,6.98109,15.4565,21.6926,17.3302,6.15213,23.3275,17.49,3.26989,16.3938,20.9769,10.6461,27.0435,7.87852,7.64237,4.63484,1.53267,23.1834,15.6731,1.45521,7.76172,24.4997,19.28,5.25537,20.4345,16.3445,1.50282,17.3302,10.4716,7.37161,5.46532,13.2111,8.509,15.0823,24.8166,18.0823,23.1281,16.4623,21.6926,13.2111,26.8192,10.5381,10.7002,17.8647,17.3302,14.6632,21.6926,3.46317,8.45911,11.8624,25.1479,6.15213,7.04909,13.5007,14.2184,20.736,22.2915,6.69397,18.9396,0.940394,1.49239,0.638787,4.30324,7.06461,13.2111,14.1008,19.6022,21.6926,15.2684,6.98109,18.0823,9.83987,11.0154,17.6342,5.18878,12.1856,23.0089,20.4345,9.83987,21.4968,18.9396,15.1317,8.45911,11.5085,23.9155,8.75182,17.3684,18.7314,13.7869,0.644334,2.64416,3.21229,19.0142,24.4997,5.85894,18.0823,13.5007,17.3302,8.79869,12.3597,22.3663,2.97396,19.6022,19.6022,15.3717,11.148,15.05,4.22475,13.2111,26.8364,5.47043,19.6022,15.6193,20.9423,1.97314,17.3302,19.6554,0.545564,9.83987,18.9396,13.2111,9.73689,15.9531,23.1834,14.0277,15.05,13.7869,5.7449,18.0823,28.9702,15.9849,0.920497,23.1281,21.5135,17.9182,0.851913,18.7314,25.8274,20.8634,6.03462,1.49239,13.7869,15.1186,20.4345,11.8624,16.246,17.3302,17.3302,9.0083,23.0089,4.9431,18.7314,27.153,
STATS - lpIterations[64] lagIterations[468] sspIterations[9577] numSeparations[855] numCuts[0] compileTime[0] sspSolveTime[73] lpSolveTime[0] lb[2694.9] ub[2694.9] numArcs: [671490] numFixed: [670655] time: [146]
DUALS 146,2694.9,671490,670655,0,9.23187,7.07525,27.7541,20.4345,16.246,13.507,22.1763,23.9967,10.7059,16.246,11.353,15.9406,9.32072,12.2869,12.0643,19.6022,1.40951,20.505,11.1174,13.6346,20.1608,19.6022,19.771,12.8338,12.8002,14.9073,13.6346,9.99228,13.2111,12.9066,12.2287,29.0805,17.2163,3.22496,10.7059,17.2163,17.7057,19.6022,0.453196,9.98485,18.1744,13.2111,7.07525,12.5455,13.6346,18.9396,15.6193,9.68334,6.98109,15.4565,21.6926,17.3302,6.15213,23.3275,17.49,3.26989,16.3938,20.9769,10.6461,27.0435,7.87852,7.64237,4.63484,1.53267,23.1834,15.6731,2.3212,7.76172,24.4997,19.28,6.12136,20.4345,16.3445,1.50282,17.3302,10.4716,7.37161,6.33131,13.2111,8.509,15.0823,24.8166,17.2163,23.1281,16.4623,21.6926,13.2111,26.8192,10.5381,11.5662,17.8647,17.3302,14.6632,21.6926,3.46317,8.45911,11.8624,25.1479,6.15213,7.04909,14.3666,14.2184,20.736,22.2915,6.69397,18.9396,0.940394,2.35838,0.638787,4.30324,7.06461,13.2111,14.1008,19.6022,21.6926,15.2684,6.98109,17.2163,10.7059,11.0154,16.7682,5.18878,12.1856,23.0089,20.4345,10.7059,21.4968,18.9396,15.1317,8.45911,11.5085,23.9155,8.75182,17.3684,18.7314,13.7869,1.51032,2.64416,3.21229,19.0142,24.4997,5.85894,17.2163,14.3666,17.3302,8.79869,12.3597,22.3663,2.97396,19.6022,19.6022,15.3717,11.148,15.05,5.09074,13.2111,26.8364,5.47043,19.6022,15.6193,20.9423,1.97314,17.3302,19.6554,1.41155,10.7059,18.9396,13.2111,9.73689,15.9531,23.1834,14.0277,15.05,13.7869,6.61089,17.2163,28.9702,15.9849,0.920497,23.1281,21.5135,17.9182,0.851913,18.7314,25.8274,20.8634,6.03462,2.35838,13.7869,15.1186,20.4345,11.8624,16.246,17.3302,17.3302,9.0083,23.0089,4.9431,18.7314,27.153,
STATS - lpIterations[65] lagIterations[469] sspIterations[9598] numSeparations[855] numCuts[0] compileTime[0] sspSolveTime[73] lpSolveTime[0] lb[2694.9] ub[2694.9] numArcs: [671490] numFixed: [670714] time: [146]
DUALS 146,2694.9,671490,670714,0,9.23187,5.09776,27.7541,20.4345,16.246,13.507,22.1763,23.9967,10.7059,16.246,11.353,15.9406,7.34323,12.2869,12.0643,19.6022,3.387,20.505,11.1174,13.6346,20.1608,19.6022,19.771,12.8338,12.8002,14.9073,13.6346,9.99228,13.2111,12.9066,12.2287,29.0805,17.2163,3.22496,10.7059,17.2163,17.7057,19.6022,0,9.98485,18.1744,13.2111,5.09776,12.5455,13.6346,18.9396,15.6193,9.68334,6.98109,15.4565,21.6926,17.3302,6.15213,23.3275,17.49,3.26989,16.3938,20.9769,10.6461,27.0435,7.87852,7.64237,4.63484,1.53267,23.1834,15.6731,0.343702,7.76172,24.4997,19.28,6.12136,20.4345,16.3445,1.50282,17.3302,10.4716,7.37161,4.35381,13.2111,8.509,15.0823,24.8166,17.2163,23.1281,16.4623,21.6926,13.2111,26.8192,10.5381,9.5887,17.8647,17.3302,14.6632,21.6926,3.46317,8.45911,11.8624,25.1479,6.15213,7.04909,14.3666,14.2184,20.736,22.2915,6.69397,18.9396,0,0.380878,0.638787,4.30324,7.06461,13.2111,14.1008,19.6022,21.6926,15.2684,6.98109,17.2163,10.7059,11.0154,16.7682,5.18878,12.1856,23.0089,20.4345,10.7059,21.4968,18.9396,15.1317,8.45911,11.5085,23.9155,8.75182,17.3684,18.7314,13.7869,1.51032,2.64416,3.21229,19.0142,24.4997,5.85894,17.2163,14.3666,17.3302,8.79869,12.3597,22.3663,2.97396,19.6022,19.6022,15.3717,11.148,15.05,3.11324,13.2111,26.8364,5.47043,19.6022,15.6193,20.9423,1.97314,17.3302,19.6554,0,10.7059,18.9396,13.2111,9.73689,15.9531,23.1834,14.0277,15.05,13.7869,4.63339,17.2163,28.9702,15.9849,0.920497,23.1281,21.5135,17.9182,0.851913,18.7314,25.8274,20.8634,6.03462,0.380878,13.7869,15.1186,20.4345,11.8624,16.246,17.3302,17.3302,9.0083,23.0089,4.9431,18.7314,27.153,
STATS - lpIterations[66] lagIterations[470] sspIterations[9618] numSeparations[855] numCuts[0] compileTime[0] sspSolveTime[74] lpSolveTime[0] lb[2694.9] ub[2694.9] numArcs: [671490] numFixed: [670714] time: [147]
DUALS 147,2694.9,671490,670714,0,9.23187,6.69143,27.7541,20.4345,14.6523,13.507,22.1763,23.9967,10.7059,14.6523,11.353,15.9406,8.9369,12.2869,12.0643,19.6022,1.79333,20.505,11.1174,13.6346,20.1608,19.6022,19.771,12.8338,12.8002,14.9073,13.6346,9.99228,13.2111,12.9066,12.2287,29.0805,17.2163,1.63129,10.7059,17.2163,17.7057,19.6022,1.59367,9.98485,18.1744,13.2111,6.69143,12.5455,13.6346,17.3459,15.6193,9.68334,6.98109,15.4565,21.6926,17.3302,6.15213,23.3275,17.49,3.26989,16.3938,20.9769,10.6461,27.0435,7.87852,7.64237,4.63484,1.53267,23.1834,15.6731,1.93737,7.76172,24.4997,19.28,6.12136,20.4345,16.3445,1.50282,17.3302,10.4716,7.37161,5.94748,13.2111,8.509,15.0823,24.8166,17.2163,23.1281,16.4623,21.6926,13.2111,26.8192,10.5381,11.1824,17.8647,17.3302,14.6632,21.6926,1.8695,8.45911,11.8624,25.1479,6.15213,7.04909,14.3666,14.2184,20.736,22.2915,6.69397,17.3459,1.59367,1.97455,0.638787,4.30324,7.06461,13.2111,14.1008,19.6022,21.6926,15.2684,6.98109,17.2163,10.7059,11.0154,16.7682,5.18878,12.1856,23.0089,20.4345,10.7059,21.4968,17.3459,15.1317,8.45911,11.5085,23.9155,8.75182,17.3684,18.7314,13.7869,1.51032,2.64416,3.21229,19.0142,24.4997,5.85894,17.2163,14.3666,17.3302,8.79869,12.3597,22.3663,2.97396,19.6022,19.6022,15.3717,11.148,15.05,4.70691,13.2111,26.8364,3.87676,19.6022,15.6193,20.9423,1.97314,17.3302,19.6554,1.59367,10.7059,17.3459,13.2111,9.73689,15.9531,23.1834,14.0277,15.05,13.7869,6.22706,17.2163,28.9702,15.9849,0.920497,23.1281,21.5135,17.9182,0.851913,18.7314,25.8274,20.8634,6.03462,1.97455,13.7869,15.1186,20.4345,11.8624,14.6523,17.3302,17.3302,9.0083,23.0089,4.9431,18.7314,27.153,
STATS - lpIterations[67] lagIterations[471] sspIterations[9637] numSeparations[855] numCuts[0] compileTime[0] sspSolveTime[74] lpSolveTime[0] lb[2694.9] ub[2694.9] numArcs: [671490] numFixed: [670714] time: [147]
DUALS 147,2694.9,671490,670714,0,9.23187,6.69143,27.7541,20.4345,16.8731,13.507,22.1763,23.9967,10.7059,16.8731,11.353,15.9406,8.9369,12.2869,12.0643,19.6022,4.01404,20.505,11.1174,13.6346,20.1608,19.6022,19.771,12.8338,12.8002,14.9073,13.6346,9.99228,13.2111,12.9066,12.2287,29.0805,17.2163,3.852,10.7059,17.2163,17.7057,19.6022,1.59367,9.98485,18.1744,13.2111,6.69143,12.5455,13.6346,19.5666,15.6193,9.68334,6.98109,15.4565,21.6926,17.3302,6.15213,23.3275,17.49,3.26989,16.3938,20.9769,10.6461,27.0435,7.87852,7.64237,4.63484,1.53267,23.1834,15.6731,1.93737,7.76172,24.4997,19.28,6.12136,20.4345,16.3445,1.50282,17.3302,10.4716,7.37161,5.94748,13.2111,8.509,15.0823,24.8166,17.2163,23.1281,16.4623,21.6926,13.2111,26.8192,10.5381,11.1824,17.8647,17.3302,14.6632,21.6926,4.09021,8.45911,11.8624,25.1479,6.15213,7.04909,14.3666,14.2184,20.736,22.2915,6.69397,19.5666,1.59367,0,0.638787,4.30324,7.06461,13.2111,14.1008,19.6022,21.6926,15.2684,6.98109,17.2163,10.7059,11.0154,16.7682,5.18878,12.1856,23.0089,20.4345,10.7059,21.4968,19.5666,15.1317,8.45911,11.5085,23.9155,8.75182,17.3684,18.7314,13.7869,1.51032,2.64416,3.21229,19.0142,24.4997,5.85894,17.2163,14.3666,17.3302,8.79869,12.3597,22.3663,2.97396,19.6022,19.6022,15.3717,11.148,15.05,4.70691,13.2111,26.8364,6.09747,19.6022,15.6193,20.9423,1.97314,17.3302,19.6554,0,10.7059,19.5666,13.2111,9.73689,15.9531,23.1834,14.0277,15.05,13.7869,6.22706,17.2163,28.9702,15.9849,0.920497,23.1281,21.5135,17.9182,0.851913,18.7314,25.8274,20.8634,6.03462,0,13.7869,17.3393,20.4345,11.8624,16.8731,17.3302,17.3302,9.0083,23.0089,4.9431,18.7314,27.153,
STATS - lpIterations[68] lagIterations[472] sspIterations[9657] numSeparations[855] numCuts[0] compileTime[0] sspSolveTime[74] lpSolveTime[0] lb[2694.9] ub[2694.9] numArcs: [671490] numFixed: [670714] time: [147]
DUALS 147,2694.9,671490,670714,0,9.23187,8.09442,27.7541,20.4345,15.4701,13.507,22.1763,23.9967,10.7059,15.4701,11.353,15.9406,10.3399,12.2869,12.0643,19.6022,2.61105,20.505,11.1174,13.6346,20.1608,19.6022,19.771,12.8338,12.8002,14.9073,13.6346,9.99228,13.2111,12.9066,12.2287,29.0805,17.2163,2.44901,10.7059,17.2163,17.7057,19.6022,1.59367,9.98485,18.1744,13.2111,8.09442,12.5455,13.6346,18.1636,15.6193,9.68334,6.98109,15.4565,21.6926,17.3302,6.15213,23.3275,17.49,3.26989,16.3938,20.9769,10.6461,27.0435,7.87852,7.64237,4.63484,1.53267,23.1834,15.6731,3.34037,7.76172,24.4997,19.28,6.12136,20.4345,16.3445,1.50282,17.3302,10.4716,7.37161,7.35048,13.2111,8.509,15.0823,24.8166,17.2163,23.1281,16.4623,21.6926,13.2111,26.8192,10.5381,12.5854,17.8647,17.3302,14.6632,21.6926,2.68721,8.45911,11.8624,25.1479,6.15213,7.04909,14.3666,14.2184,20.736,22.2915,6.69397,18.1636,0.190672,1.403,0.638787,4.30324,7.06461,13.2111,14.1008,19.6022,21.6926,15.2684,6.98109,17.2163,10.7059,11.0154,16.7682,5.18878,12.1856,23.0089,20.4345,10.7059,21.4968,18.1636,15.1317,8.45911,11.5085,23.9155,8.75182,17.3684,18.7314,13.7869,1.51032,2.64416,3.21229,19.0142,24.4997,5.85894,17.2163,14.3666,17.3302,8.79869,12.3597,22.3663,2.97396,19.6022,19.6022,15.3717,11.148,15.05,6.1099,13.2111,26.8364,4.69448,19.6022,15.6193,20.9423,1.97314,17.3302,19.6554,1.403,10.7059,18.1636,13.2111,9.73689,15.9531,23.1834,14.0277,15.05,13.7869,7.63006,17.2163,28.9702,15.9849,0.920497,23.1281,21.5135,17.9182,0.851913,18.7314,25.8274,20.8634,6.03462,1.403,13.7869,17.3393,20.4345,11.8624,15.4701,17.3302,17.3302,9.0083,23.0089,4.9431,18.7314,27.153,
STATS - lpIterations[69] lagIterations[473] sspIterations[9678] numSeparations[855] numCuts[0] compileTime[0] sspSolveTime[74] lpSolveTime[0] lb[2694.9] ub[2694.9] numArcs: [671490] numFixed: [670726] time: [147]
DUALS 147,2694.9,671488,670726,0,9.23187,6.0658,27.7541,20.4345,15.4701,13.507,22.1763,23.9967,10.7059,15.4701,11.353,15.9406,8.31127,12.2869,12.0643,19.6022,4.63967,20.505,11.1174,13.6346,20.1608,19.6022,19.771,12.8338,12.8002,14.9073,13.6346,9.99228,13.2111,12.9066,12.2287,29.0805,17.2163,2.44901,10.7059,17.2163,17.7057,19.6022,0,9.98485,18.1744,13.2111,6.0658,12.5455,13.6346,18.1636,15.6193,9.68334,6.98109,15.4565,21.6926,17.3302,6.15213,23.3275,17.49,3.26989,16.3938,20.9769,10.6461,27.0435,7.87852,7.64237,4.63484,1.53267,23.1834,15.6731,0,7.76172,24.4997,19.28,6.12136,20.4345,16.3445,1.50282,17.3302,10.4716,7.37161,5.32185,13.2111,8.509,15.0823,24.8166,17.2163,23.1281,16.4623,21.6926,13.2111,26.8192,10.5381,10.5567,17.8647,17.3302,14.6632,21.6926,2.68721,8.45911,11.8624,25.1479,6.15213,7.04909,14.3666,14.2184,20.736,22.2915,6.69397,18.1636,2.2193,1.403,0.638787,4.30324,7.06461,13.2111,14.1008,19.6022,21.6926,15.2684,6.98109,17.2163,10.7059,11.0154,16.7682,5.18878,12.1856,23.0089,20.4345,10.7059,21.4968,18.1636,15.1317,8.45911,11.5085,23.9155,8.75182,17.3684,18.7314,13.7869,1.51032,2.64416,3.21229,19.0142,24.4997,5.85894,17.2163,14.3666,17.3302,8.79869,12.3597,22.3663,2.97396,19.6022,19.6022,15.3717,11.148,15.05,4.08128,13.2111,26.8364,4.69448,19.6022,15.6193,20.9423,1.97314,17.3302,19.6554,1.403,10.7059,18.1636,13.2111,9.73689,15.9531,23.1834,14.0277,15.05,13.7869,5.60143,17.2163,28.9702,15.9849,0.920497,23.1281,21.5135,17.9182,0.851913,18.7314,25.8274,20.8634,6.03462,1.403,13.7869,17.3393,20.4345,11.8624,15.4701,17.3302,17.3302,9.0083,23.0089,4.9431,18.7314,27.153,
STATS - lpIterations[70] lagIterations[474] sspIterations[9698] numSeparations[855] numCuts[0] compileTime[0] sspSolveTime[74] lpSolveTime[0] lb[2694.9] ub[2694.9] numArcs: [671488] numFixed: [670747] time: [148]
DUALS 148,2694.9,671486,670747,0,9.23187,6.0658,27.7541,20.4345,15.4701,13.507,22.1763,23.9967,10.7059,15.4701,11.353,15.9406,8.31127,12.2869,12.0643,19.6022,0.119105,20.505,11.1174,13.6346,20.1608,19.6022,19.771,12.8338,12.8002,14.9073,13.6346,9.99228,13.2111,12.9066,12.2287,29.0805,17.2163,2.44901,10.7059,17.2163,17.7057,19.6022,2.26028,9.98485,18.1744,13.2111,6.0658,12.5455,13.6346,18.1636,15.6193,9.68334,6.98109,15.4565,21.6926,17.3302,6.15213,23.3275,17.49,3.26989,16.3938,20.9769,10.6461,27.0435,7.87852,7.64237,4.63484,1.53267,23.1834,15.6731,2.26028,7.76172,24.4997,19.28,6.12136,20.4345,16.3445,1.50282,17.3302,10.4716,7.37161,5.32185,13.2111,8.509,15.0823,24.8166,17.2163,23.1281,16.4623,21.6926,13.2111,26.8192,10.5381,10.5567,17.8647,17.3302,14.6632,21.6926,2.68721,8.45911,11.8624,25.1479,6.15213,7.04909,14.3666,14.2184,20.736,22.2915,6.69397,18.1636,0,3.66328,0.638787,4.30324,7.06461,13.2111,14.1008,19.6022,21.6926,15.2684,6.98109,17.2163,10.7059,11.0154,16.7682,5.18878,12.1856,23.0089,20.4345,10.7059,21.4968,18.1636,15.1317,8.45911,11.5085,23.9155,8.75182,17.3684,18.7314,13.7869,1.51032,2.64416,3.21229,19.0142,24.4997,5.85894,17.2163,14.3666,17.3302,8.79869,12.3597,22.3663,2.97396,19.6022,19.6022,15.3717,11.148,15.05,4.08128,13.2111,26.8364,4.69448,19.6022,15.6193,20.9423,1.97314,17.3302,19.6554,3.66328,10.7059,18.1636,13.2111,9.73689,15.9531,23.1834,14.0277,15.05,13.7869,5.60143,17.2163,28.9702,15.9849,0.920497,23.1281,21.5135,17.9182,0.851913,18.7314,25.8274,20.8634,6.03462,3.66328,13.7869,17.3393,20.4345,11.8624,15.4701,17.3302,17.3302,9.0083,23.0089,4.9431,18.7314,27.153,
STATS - lpIterations[71] lagIterations[475] sspIterations[9718] numSeparations[855] numCuts[0] compileTime[0] sspSolveTime[74] lpSolveTime[0] lb[2694.9] ub[2694.9] numArcs: [671486] numFixed: [670747] time: [148]
DUALS 148,2694.9,671486,670747,0,9.23187,7.35167,27.7541,20.4345,15.4701,13.507,22.1763,23.9967,10.7059,15.4701,11.353,15.9406,9.59714,12.2869,12.0643,19.6022,1.40498,20.505,11.1174,13.6346,20.1608,19.6022,19.771,12.8338,12.8002,14.9073,13.6346,9.99228,13.2111,12.9066,12.2287,29.0805,15.9304,2.44901,10.7059,15.9304,17.7057,19.6022,2.26028,9.98485,18.1744,13.2111,7.35167,12.5455,13.6346,18.1636,15.6193,9.68334,6.98109,15.4565,21.6926,17.3302,6.15213,23.3275,17.49,3.26989,16.3938,20.9769,10.6461,27.0435,7.87852,7.64237,4.63484,1.53267,23.1834,15.6731,3.54616,7.76172,24.4997,19.28,6.12136,20.4345,16.3445,1.50282,17.3302,10.4716,7.37161,6.60773,13.2111,8.509,15.0823,24.8166,15.9304,23.1281,16.4623,21.6926,13.2111,26.8192,10.5381,11.8426,17.8647,17.3302,14.6632,21.6926,2.68721,8.45911,11.8624,25.1479,6.15213,7.04909,14.3666,14.2184,20.736,22.2915,6.69397,18.1636,1.28588,2.3774,0.638787,4.30324,7.06461,13.2111,14.1008,19.6022,21.6926,15.2684,6.98109,15.9304,10.7059,11.0154,15.4823,5.18878,12.1856,23.0089,20.4345,10.7059,21.4968,18.1636,15.1317,8.45911,11.5085,23.9155,8.75182,17.3684,18.7314,13.7869,1.51032,2.64416,3.21229,19.0142,24.4997,5.85894,15.9304,14.3666,17.3302,8.79869,12.3597,22.3663,2.97396,19.6022,19.6022,15.3717,11.148,15.05,5.36716,13.2111,26.8364,4.69448,19.6022,15.6193,20.9423,1.97314,17.3302,19.6554,1.09153,10.7059,18.1636,13.2111,9.73689,15.9531,23.1834,14.0277,15.05,13.7869,6.88731,15.9304,28.9702,15.9849,0.920497,23.1281,21.5135,17.9182,0.851913,18.7314,25.8274,20.8634,6.03462,1.09153,13.7869,17.3393,20.4345,11.8624,15.4701,17.3302,17.3302,9.0083,23.0089,4.9431,18.7314,27.153,
STATS - lpIterations[72] lagIterations[476] sspIterations[9739] numSeparations[855] numCuts[0] compileTime[0] sspSolveTime[74] lpSolveTime[0] lb[2694.9] ub[2694.9] numArcs: [671486] numFixed: [670748] time: [148]
DUALS 148,2694.9,671480,670748,0,9.23187,5.39919,27.7541,20.4345,15.4701,13.507,22.1763,23.9967,10.7059,15.4701,11.353,15.9406,7.64466,12.2869,12.0643,19.6022,3.35747,20.505,11.1174,13.6346,20.1608,19.6022,19.771,12.8338,12.8002,14.9073,13.6346,9.99228,13.2111,12.9066,12.2287,29.0805,15.9304,2.44901,10.7059,15.9304,17.7057,19.6022,0,9.98485,18.1744,13.2111,5.39919,12.5455,13.6346,18.1636,15.6193,9.68334,6.98109,15.4565,21.6926,17.3302,6.15213,23.3275,17.49,3.26989,16.3938,20.9769,10.6461,27.0435,7.87852,7.64237,4.63484,1.53267,23.1834,15.6731,0,7.76172,24.4997,19.28,6.12136,20.4345,16.3445,1.50282,17.3302,10.4716,7.37161,4.65524,13.2111,8.509,15.0823,24.8166,15.9304,23.1281,16.4623,21.6926,13.2111,26.8192,10.5381,9.89013,17.8647,17.3302,14.6632,21.6926,2.68721,8.45911,11.8624,25.1479,6.15213,7.04909,14.3666,14.2184,20.736,22.2915,6.69397,18.1636,0,2.3774,0.638787,4.30324,7.06461,13.2111,14.1008,19.6022,21.6926,15.2684,6.98109,15.9304,10.7059,11.0154,15.4823,5.18878,12.1856,23.0089,20.4345,10.7059,21.4968,18.1636,15.1317,8.45911,11.5085,23.9155,8.75182,17.3684,18.7314,13.7869,1.51032,2.64416,3.21229,19.0142,24.4997,5.85894,15.9304,14.3666,17.3302,8.79869,12.3597,22.3663,2.97396,19.6022,19.6022,15.3717,11.148,15.05,3.41467,13.2111,26.8364,4.69448,19.6022,15.6193,20.9423,1.97314,17.3302,19.6554,1.09153,10.7059,18.1636,13.2111,9.73689,15.9531,23.1834,14.0277,15.05,13.7869,4.93482,15.9304,28.9702,15.9849,0.920497,23.1281,21.5135,17.9182,0.851913,18.7314,25.8274,20.8634,6.03462,1.09153,13.7869,17.3393,20.4345,11.8624,15.4701,17.3302,17.3302,9.0083,23.0089,4.9431,18.7314,27.153,
STATS - lpIterations[73] lagIterations[477] sspIterations[9758] numSeparations[855] numCuts[0] compileTime[0] sspSolveTime[74] lpSolveTime[0] lb[2694.9] ub[2694.9] numArcs: [671480] numFixed: [670748] time: [148]
DUALS 148,2694.9,671480,670748,0,9.23187,6.59914,27.7541,20.4345,15.4701,12.3071,22.1763,23.9967,10.7059,15.4701,10.1531,15.9406,8.84461,12.2869,12.0643,19.6022,4.55743,20.505,11.1174,13.6346,20.1608,19.6022,19.771,12.8338,12.8002,14.9073,13.6346,9.99228,13.2111,12.9066,12.2287,29.0805,17.1304,2.44901,10.7059,17.1304,17.7057,19.6022,1.19996,9.98485,18.1744,13.2111,6.59914,12.5455,13.6346,18.1636,14.4193,9.68334,6.98109,15.4565,21.6926,17.3302,6.15213,23.3275,17.49,3.26989,17.5937,20.9769,10.6461,27.0435,7.87852,7.64237,4.63484,1.53267,23.1834,15.6731,1.19996,7.76172,24.4997,18.0801,6.12136,20.4345,15.1445,1.50282,17.3302,10.4716,7.37161,5.8552,13.2111,8.509,15.0823,24.8166,17.1304,23.1281,16.4623,21.6926,13.2111,26.8192,10.5381,11.0901,16.6648,17.3302,14.6632,21.6926,2.68721,8.45911,11.8624,25.1479,6.15213,7.04909,14.3666,14.2184,20.736,22.2915,6.69397,18.1636,1.19996,2.3774,0.638787,4.30324,7.06461,13.2111,14.1008,19.6022,21.6926,15.2684,6.98109,17.1304,10.7059,11.0154,16.6823,5.18878,12.1856,23.0089,20.4345,10.7059,21.4968,18.1636,13.9317,8.45911,11.5085,23.9155,8.75182,17.3684,18.7314,13.7869,1.51032,2.64416,3.21229,19.0142,24.4997,5.85894,17.1304,14.3666,17.3302,8.79869,12.3597,22.3663,2.97396,19.6022,19.6022,15.3717,11.148,15.05,4.61462,13.2111,26.8364,4.69448,19.6022,15.6193,20.9423,1.97314,17.3302,19.6554,1.09153,10.7059,18.1636,13.2111,9.73689,15.9531,23.1834,14.0277,15.05,13.7869,6.13478,17.1304,28.9702,15.9849,0.920497,23.1281,21.5135,17.9182,0.851913,18.7314,25.8274,20.8634,6.03462,1.09153,13.7869,17.3393,20.4345,11.8624,15.4701,17.3302,17.3302,9.0083,23.0089,4.9431,18.7314,27.153,
STATS - lpIterations[74] lagIterations[478] sspIterations[9776] numSeparations[855] numCuts[0] compileTime[0] sspSolveTime[74] lpSolveTime[0] lb[2694.9] ub[2694.9] numArcs: [671480] numFixed: [670748] time: [149]
DUALS 149,2694.9,671480,670748,0,9.23187,6.59914,27.7541,20.4345,15.4701,13.4053,22.1763,23.9967,10.7059,15.4701,11.2512,17.0387,8.84461,12.2869,12.0643,19.6022,2.3611,20.505,11.1174,13.6346,20.1608,19.6022,19.771,12.8338,12.8002,14.9073,13.6346,9.99228,13.2111,12.9066,12.2287,29.0805,17.1304,2.44901,10.7059,17.1304,17.7057,19.6022,0.101794,9.98485,18.1744,13.2111,6.59914,12.5455,13.6346,18.1636,15.5175,9.68334,6.98109,15.4565,21.6926,17.3302,6.15213,23.3275,17.49,3.26989,17.5937,20.9769,10.6461,27.0435,7.87852,7.64237,4.63484,1.53267,23.1834,16.7713,2.29812,7.76172,24.4997,19.1782,6.12136,20.4345,16.2427,1.50282,17.3302,10.4716,7.37161,5.8552,13.2111,8.509,15.0823,24.8166,17.1304,23.1281,16.4623,21.6926,13.2111,26.8192,10.5381,11.0901,17.7629,17.3302,14.6632,21.6926,2.68721,8.45911,11.8624,25.1479,6.15213,7.04909,14.3666,14.2184,20.736,22.2915,6.69397,18.1636,0,3.47557,0.638787,4.30324,7.06461,13.2111,14.1008,19.6022,21.6926,16.3666,6.98109,17.1304,10.7059,11.0154,16.6823,6.28694,12.1856,23.0089,20.4345,10.7059,21.4968,18.1636,15.0299,8.45911,11.5085,23.9155,8.75182,17.3684,18.7314,13.7869,1.51032,2.64416,4.31045,19.0142,24.4997,5.85894,17.1304,14.3666,17.3302,8.79869,13.4579,22.3663,2.97396,19.6022,19.6022,15.3717,11.148,15.05,4.61462,13.2111,26.8364,4.69448,19.6022,16.7174,20.9423,1.97314,17.3302,20.7535,2.18969,10.7059,18.1636,13.2111,9.73689,15.9531,23.1834,14.0277,15.05,13.7869,6.13478,17.1304,28.9702,15.9849,0.920497,23.1281,21.5135,17.9182,0.851913,18.7314,25.8274,20.8634,6.03462,2.18969,13.7869,17.3393,20.4345,11.8624,15.4701,17.3302,17.3302,9.0083,23.0089,4.9431,18.7314,27.153,
STATS - lpIterations[75] lagIterations[479] sspIterations[9797] numSeparations[855] numCuts[0] compileTime[0] sspSolveTime[74] lpSolveTime[0] lb[2694.9] ub[2694.9] numArcs: [671480] numFixed: [670750] time: [149]
DUALS 149,2694.9,671478,670750,0,9.23187,6.59914,27.7541,20.4345,15.4701,13.4053,22.1763,23.9967,10.7059,15.4701,11.2512,14.6883,8.84461,12.2869,12.0643,19.6022,4.71153,20.505,11.1174,13.6346,20.1608,19.6022,19.771,12.8338,12.8002,14.9073,13.6346,9.99228,13.2111,12.9066,12.2287,29.0805,17.1304,2.44901,10.7059,17.1304,17.7057,19.6022,0.101794,9.98485,18.1744,13.2111,6.59914,12.5455,13.6346,18.1636,13.167,9.68334,6.98109,15.4565,21.6926,17.3302,6.15213,23.3275,17.49,3.26989,17.5937,20.9769,10.6461,27.0435,7.87852,7.64237,4.63484,1.53267,23.1834,16.7713,2.29812,7.76172,24.4997,16.8278,6.12136,20.4345,16.2427,1.50282,17.3302,10.4716,7.37161,5.8552,13.2111,8.509,15.0823,24.8166,17.1304,23.1281,16.4623,21.6926,13.2111,26.8192,10.5381,11.0901,15.4125,17.3302,14.6632,21.6926,2.68721,8.45911,11.8624,25.1479,6.15213,7.04909,14.3666,14.2184,20.736,22.2915,6.69397,18.1636,2.35043,1.12514,0.638787,4.30324,7.06461,13.2111,14.1008,19.6022,21.6926,14.0161,6.98109,17.1304,10.7059,11.0154,16.6823,6.28694,12.1856,23.0089,20.4345,10.7059,21.4968,18.1636,15.0299,8.45911,11.5085,23.9155,8.75182,17.3684,18.7314,13.7869,1.51032,2.64416,4.31045,19.0142,24.4997,5.85894,17.1304,14.3666,17.3302,8.79869,11.1075,22.3663,2.97396,19.6022,19.6022,15.3717,11.148,15.05,4.61462,13.2111,26.8364,4.69448,19.6022,14.367,20.9423,1.97314,17.3302,20.7535,0,10.7059,18.1636,13.2111,9.73689,15.9531,23.1834,14.0277,15.05,13.7869,6.13478,17.1304,28.9702,15.9849,0.920497,23.1281,21.5135,17.9182,0.851913,18.7314,25.8274,20.8634,6.03462,0,13.7869,17.3393,20.4345,11.8624,15.4701,17.3302,17.3302,9.0083,23.0089,4.9431,18.7314,27.153,
STATS - lpIterations[76] lagIterations[480] sspIterations[9816] numSeparations[855] numCuts[0] compileTime[0] sspSolveTime[74] lpSolveTime[0] lb[2694.9] ub[2694.9] numArcs: [671478] numFixed: [670750] time: [149]
DUALS 149,2694.9,671478,670750,0,9.23187,6.59914,27.7541,20.4345,15.4701,13.4053,22.1763,23.9967,10.7059,15.4701,11.2512,14.6883,8.84461,12.2869,12.0643,19.6022,0.730236,20.505,11.1174,13.6346,20.1608,19.6022,19.771,12.8338,12.8002,14.9073,13.6346,9.99228,13.2111,12.9066,12.2287,29.0805,17.1304,2.44901,10.7059,17.1304,17.7057,19.6022,2.09244,9.98485,18.1744,13.2111,6.59914,12.5455,13.6346,18.1636,15.1577,9.68334,6.98109,15.4565,21.6926,17.3302,6.15213,23.3275,17.49,3.26989,17.5937,20.9769,10.6461,27.0435,7.87852,7.64237,4.63484,1.53267,23.1834,18.7619,2.29812,7.76172,24.4997,18.8185,6.12136,20.4345,16.2427,1.50282,17.3302,10.4716,7.37161,5.8552,13.2111,8.509,15.0823,24.8166,17.1304,23.1281,16.4623,21.6926,13.2111,26.8192,10.5381,11.0901,17.4031,17.3302,14.6632,21.6926,2.68721,8.45911,11.8624,25.1479,6.15213,7.04909,14.3666,14.2184,20.736,22.2915,6.69397,18.1636,0,3.11579,0.638787,4.30324,7.06461,13.2111,14.1008,19.6022,21.6926,14.0161,6.98109,17.1304,10.7059,11.0154,16.6823,6.28694,12.1856,23.0089,20.4345,10.7059,21.4968,18.1636,15.0299,8.45911,11.5085,23.9155,8.75182,17.3684,18.7314,13.7869,1.51032,2.64416,4.31045,19.0142,24.4997,5.85894,17.1304,14.3666,17.3302,8.79869,13.0981,22.3663,2.97396,19.6022,19.6022,15.3717,11.148,15.05,4.61462,13.2111,26.8364,4.69448,19.6022,16.3576,20.9423,1.97314,17.3302,22.7442,1.99064,10.7059,18.1636,13.2111,9.73689,15.9531,23.1834,14.0277,15.05,13.7869,6.13478,17.1304,28.9702,15.9849,0.920497,23.1281,21.5135,17.9182,0.851913,18.7314,25.8274,20.8634,6.03462,1.99064,13.7869,17.3393,20.4345,11.8624,15.4701,17.3302,17.3302,9.0083,23.0089,4.9431,18.7314,27.153,
STATS - lpIterations[77] lagIterations[481] sspIterations[9836] numSeparations[855] numCuts[0] compileTime[0] sspSolveTime[74] lpSolveTime[0] lb[2694.9] ub[2694.9] numArcs: [671478] numFixed: [670763] time: [149]
DUALS 149,2694.9,671478,670763,0,9.23187,6.59914,27.7541,20.4345,15.4701,15.1191,22.1763,23.9967,10.7059,15.4701,12.9651,16.4022,8.84461,12.2869,12.0643,19.6022,2.44411,20.505,11.1174,13.6346,20.1608,19.6022,19.771,12.8338,12.8002,14.9073,13.6346,9.99228,13.2111,12.9066,12.2287,29.0805,17.1304,2.44901,10.7059,17.1304,17.7057,19.6022,2.09244,9.98485,18.1744,13.2111,6.59914,12.5455,13.6346,18.1636,13.4438,9.68334,6.98109,15.4565,21.6926,17.3302,6.15213,23.3275,17.49,3.26989,17.5937,20.9769,10.6461,27.0435,7.87852,7.64237,4.63484,1.53267,23.1834,18.7619,2.29812,7.76172,24.4997,17.1046,6.12136,20.4345,16.2427,1.50282,17.3302,10.4716,7.37161,5.8552,13.2111,8.509,15.0823,24.8166,17.1304,23.1281,16.4623,21.6926,13.2111,26.8192,10.5381,11.0901,15.6893,17.3302,14.6632,21.6926,2.68721,8.45911,11.8624,25.1479,6.15213,7.04909,14.3666,14.2184,20.736,22.2915,6.69397,18.1636,1.71387,1.40191,0.638787,4.30324,7.06461,13.2111,14.1008,19.6022,21.6926,15.73,6.98109,17.1304,10.7059,11.0154,16.6823,8.00082,12.1856,23.0089,20.4345,10.7059,21.4968,18.1636,16.7437,8.45911,11.5085,23.9155,8.75182,17.3684,18.7314,13.7869,1.51032,2.64416,6.02433,19.0142,24.4997,5.85894,17.1304,14.3666,17.3302,8.79869,11.3842,22.3663,2.97396,19.6022,19.6022,15.3717,11.148,15.05,4.61462,13.2111,26.8364,4.69448,19.6022,14.6438,20.9423,1.97314,17.3302,21.0303,0.27677,10.7059,18.1636,13.2111,9.73689,15.9531,23.1834,14.0277,15.05,13.7869,6.13478,17.1304,28.9702,15.9849,0.920497,23.1281,21.5135,17.9182,0.851913,18.7314,25.8274,20.8634,6.03462,0.27677,13.7869,17.3393,20.4345,11.8624,15.4701,17.3302,17.3302,9.0083,23.0089,4.9431,18.7314,27.153,
STATS - lpIterations[78] lagIterations[482] sspIterations[9857] numSeparations[855] numCuts[0] compileTime[0] sspSolveTime[74] lpSolveTime[0] lb[2694.9] ub[2694.9] numArcs: [671478] numFixed: [670763] time: [149]
DUALS 150,2694.9,671478,670763,0,9.23187,6.59914,27.7541,20.4345,15.4701,13.2751,22.1763,23.9967,10.7059,15.4701,10.199,15.4802,8.84461,12.2869,12.0643,19.6022,1.52209,20.505,11.1174,13.6346,20.1608,19.6022,19.771,12.8338,12.8002,14.9073,13.6346,9.99228,13.2111,12.9066,12.2287,29.0805,17.1304,2.44901,10.7059,17.1304,17.7057,19.6022,0.248392,9.98485,18.1744,13.2111,6.59914,12.5455,13.6346,18.1636,14.3658,9.68334,6.98109,15.4565,21.6926,17.3302,6.15213,23.3275,17.49,3.26989,17.5937,20.9769,10.6461,27.0435,7.87852,7.64237,4.63484,1.53267,23.1834,18.7619,2.29812,7.76172,24.4997,18.0266,6.12136,20.4345,16.2427,1.50282,17.3302,10.4716,7.37161,5.8552,13.2111,8.509,15.0823,24.8166,17.1304,23.1281,16.4623,21.6926,13.2111,26.8192,10.5381,11.0901,16.6113,17.3302,14.6632,21.6926,2.68721,8.45911,11.8624,25.1479,6.15213,7.04909,14.3666,14.2184,20.736,22.2915,6.69397,18.1636,0.791852,2.32393,0.638787,4.30324,7.06461,13.2111,14.1008,19.6022,21.6926,15.73,6.98109,17.1304,10.7059,11.0154,16.6823,6.15677,12.1856,23.0089,20.4345,10.7059,21.4968,18.1636,13.9777,8.45911,11.5085,23.9155,8.75182,17.3684,18.7314,13.7869,1.51032,2.64416,4.18028,19.0142,24.4997,5.85894,17.1304,14.3666,17.3302,8.79869,12.3063,22.3663,2.97396,19.6022,19.6022,15.3717,11.148,15.05,4.61462,13.2111,26.8364,4.69448,19.6022,15.5658,20.9423,1.97314,17.3302,21.0303,1.19879,10.7059,18.1636,13.2111,9.73689,15.9531,23.1834,14.0277,15.05,13.7869,6.13478,17.1304,28.9702,15.9849,0.920497,23.1281,21.5135,17.9182,0.851913,18.7314,25.8274,20.8634,6.03462,1.19879,13.7869,17.3393,20.4345,11.8624,15.4701,17.3302,17.3302,9.0083,23.0089,4.9431,18.7314,27.153,
STATS - lpIterations[79] lagIterations[483] sspIterations[9877] numSeparations[855] numCuts[0] compileTime[0] sspSolveTime[75] lpSolveTime[0] lb[2694.9] ub[2694.9] numArcs: [671478] numFixed: [670770] time: [150]
DUALS 150,2694.9,671478,670770,0,9.23187,6.59914,27.7541,20.4345,15.4701,13.2751,22.1763,23.9967,10.7059,15.4701,10.199,15.4802,8.84461,12.2869,12.0643,19.6022,7.62503,20.505,11.1174,13.6346,20.1608,19.6022,19.771,12.8338,12.8002,14.9073,13.6346,9.99228,13.2111,12.9066,12.2287,29.0805,17.1304,2.44901,10.7059,17.1304,17.7057,19.6022,0.248392,9.98485,18.1744,13.2111,6.59914,12.5455,13.6346,18.1636,14.3658,9.68334,6.98109,15.4565,21.6926,17.3302,6.15213,23.3275,17.49,3.26989,17.5937,20.9769,10.6461,27.0435,7.87852,7.64237,4.63484,1.53267,23.1834,18.7619,2.29812,7.76172,24.4997,18.0266,6.12136,20.4345,16.2427,1.50282,17.3302,10.4716,7.37161,5.8552,13.2111,8.509,15.0823,24.8166,17.1304,23.1281,16.4623,21.6926,13.2111,26.8192,10.5381,11.0901,16.6113,17.3302,14.6632,21.6926,2.68721,8.45911,11.8624,25.1479,6.15213,7.04909,14.3666,14.2184,20.736,22.2915,6.69397,18.1636,0.791852,0,0.638787,4.30324,7.06461,13.2111,14.1008,19.6022,21.6926,15.73,6.98109,17.1304,10.7059,11.0154,16.6823,6.15677,12.1856,23.0089,20.4345,10.7059,21.4968,18.1636,13.9777,8.45911,11.5085,23.9155,8.75182,17.3684,18.7314,13.7869,1.51032,2.64416,4.18028,19.0142,24.4997,5.85894,17.1304,14.3666,17.3302,8.79869,12.3063,22.3663,2.97396,19.6022,19.6022,15.3717,11.148,15.05,4.61462,13.2111,26.8364,4.69448,19.6022,15.5658,20.9423,1.97314,17.3302,21.0303,0,10.7059,18.1636,13.2111,9.73689,15.9531,23.1834,14.0277,15.05,13.7869,6.13478,17.1304,28.9702,15.9849,0.920497,23.1281,21.5135,17.9182,0.851913,18.7314,25.8274,20.8634,6.03462,0,13.7869,17.3393,20.4345,11.8624,15.4701,17.3302,17.3302,9.0083,23.0089,4.9431,18.7314,27.153,
STATS - lpIterations[80] lagIterations[484] sspIterations[9897] numSeparations[855] numCuts[0] compileTime[0] sspSolveTime[75] lpSolveTime[0] lb[2694.9] ub[2694.9] numArcs: [671478] numFixed: [670770] time: [150]
DUALS 150,2694.9,671474,670770,0,9.23187,6.59914,27.7541,20.4345,15.4701,13.2751,22.1763,23.9967,10.7059,15.4701,10.199,15.4802,8.84461,12.2869,12.0643,19.6022,0,20.505,11.1174,13.6346,20.1608,19.6022,19.771,12.8338,12.8002,14.9073,13.6346,9.99228,13.2111,12.9066,12.2287,29.0805,17.1304,2.44901,10.7059,17.1304,17.7057,19.6022,4.1909,9.98485,18.1744,13.2111,6.59914,12.5455,13.6346,18.1636,14.3658,9.68334,6.98109,15.4565,21.6926,17.3302,6.15213,23.3275,17.49,3.26989,17.5937,20.9769,10.6461,27.0435,7.87852,7.64237,4.63484,1.53267,23.1834,18.7619,2.29812,7.76172,24.4997,18.0266,6.12136,20.4345,16.2427,1.50282,17.3302,10.4716,7.37161,5.8552,13.2111,8.509,15.0823,24.8166,17.1304,23.1281,16.4623,21.6926,13.2111,26.8192,10.5381,11.0901,16.6113,17.3302,14.6632,21.6926,2.68721,8.45911,11.8624,25.1479,6.15213,7.04909,14.3666,14.2184,20.736,22.2915,6.69397,18.1636,4.73436,3.94251,0.638787,4.30324,7.06461,13.2111,14.1008,19.6022,21.6926,15.73,6.98109,17.1304,10.7059,11.0154,16.6823,6.15677,12.1856,23.0089,20.4345,10.7059,21.4968,18.1636,13.9777,8.45911,11.5085,23.9155,8.75182,17.3684,18.7314,13.7869,1.51032,2.64416,4.18028,19.0142,24.4997,5.85894,17.1304,14.3666,17.3302,8.79869,12.3063,22.3663,2.97396,19.6022,19.6022,15.3717,11.148,15.05,4.61462,13.2111,26.8364,4.69448,19.6022,15.5658,20.9423,1.97314,17.3302,21.0303,3.94251,10.7059,18.1636,13.2111,9.73689,15.9531,23.1834,14.0277,15.05,13.7869,6.13478,17.1304,28.9702,15.9849,0.920497,23.1281,21.5135,17.9182,0.851913,18.7314,25.8274,20.8634,6.03462,3.94251,13.7869,17.3393,20.4345,11.8624,15.4701,17.3302,17.3302,9.0083,23.0089,4.9431,18.7314,27.153,
STATS - lpIterations[81] lagIterations[485] sspIterations[9918] numSeparations[855] numCuts[0] compileTime[0] sspSolveTime[75] lpSolveTime[0] lb[2694.9] ub[2694.9] numArcs: [671474] numFixed: [670770] time: [150]
DUALS 150,2694.9,671473,670770,0,9.23187,5.47026,27.7541,20.4345,15.4701,13.2751,22.1763,23.9967,10.7059,15.4701,10.199,15.4802,7.71573,12.2869,12.0643,19.6022,1.12888,20.505,11.1174,13.6346,20.1608,19.6022,19.771,12.8338,12.8002,14.9073,13.6346,9.99228,13.2111,12.9066,12.2287,29.0805,17.1304,2.44901,10.7059,17.1304,17.7057,19.6022,0.804258,9.98485,18.1744,13.2111,5.47026,12.5455,13.6346,18.1636,14.3658,9.68334,6.98109,15.4565,21.6926,17.3302,6.15213,23.3275,17.49,3.26989,17.5937,20.9769,10.6461,27.0435,7.87852,7.64237,4.63484,1.53267,23.1834,18.7619,1.16924,7.76172,24.4997,18.0266,6.12136,20.4345,16.2427,1.50282,17.3302,10.4716,7.37161,4.72631,13.2111,8.509,15.0823,24.8166,17.1304,23.1281,16.4623,21.6926,13.2111,26.8192,10.5381,9.9612,16.6113,17.3302,14.6632,21.6926,3.81609,8.45911,11.8624,25.1479,6.15213,7.04909,14.3666,14.2184,20.736,22.2915,6.69397,18.1636,0.218836,5.07139,0.638787,4.30324,7.06461,13.2111,14.1008,19.6022,21.6926,15.73,6.98109,17.1304,10.7059,11.0154,16.6823,6.15677,12.1856,23.0089,20.4345,10.7059,21.4968,18.1636,13.9777,8.45911,11.5085,23.9155,8.75182,17.3684,18.7314,13.7869,1.51032,2.64416,4.18028,19.0142,24.4997,5.85894,17.1304,14.3666,17.3302,8.79869,12.3063,22.3663,2.97396,19.6022,19.6022,15.3717,11.148,15.05,3.48574,13.2111,26.8364,5.82336,19.6022,15.5658,20.9423,1.97314,17.3302,21.0303,3.94251,10.7059,18.1636,13.2111,9.73689,15.9531,23.1834,14.0277,15.05,13.7869,5.00589,17.1304,28.9702,15.9849,0.920497,23.1281,21.5135,17.9182,0.851913,18.7314,25.8274,20.8634,6.03462,2.81363,13.7869,17.3393,20.4345,11.8624,15.4701,17.3302,17.3302,9.0083,23.0089,4.9431,18.7314,27.153,
STATS - lpIterations[82] lagIterations[486] sspIterations[9938] numSeparations[855] numCuts[0] compileTime[0] sspSolveTime[75] lpSolveTime[0] lb[2694.9] ub[2694.9] numArcs: [671473] numFixed: [670770] time: [150]
DUALS 150,2694.9,671473,670770,0,9.23187,7.07535,27.7541,20.4345,15.4701,13.2751,22.1763,23.9967,10.7059,15.4701,10.199,15.4802,9.32082,12.2869,12.0643,19.6022,2.73397,20.505,11.1174,13.6346,20.1608,19.6022,19.771,12.8338,12.8002,14.9073,13.6346,9.99228,13.2111,12.9066,12.2287,27.4754,17.1304,2.44901,10.7059,17.1304,17.7057,19.6022,2.40934,9.98485,18.1744,13.2111,7.07535,12.5455,13.6346,18.1636,14.3658,9.68334,6.98109,15.4565,20.0875,17.3302,6.15213,23.3275,17.49,3.26989,17.5937,20.9769,10.6461,27.0435,7.87852,7.64237,4.63484,1.53267,21.5784,17.1569,2.77432,7.76172,24.4997,18.0266,6.12136,20.4345,16.2427,1.50282,17.3302,10.4716,7.37161,6.3314,13.2111,8.509,15.0823,24.8166,17.1304,23.1281,16.4623,20.0875,13.2111,26.8192,10.5381,11.5663,16.6113,17.3302,14.6632,20.0875,3.81609,8.45911,11.8624,25.1479,6.15213,7.04909,14.3666,14.2184,20.736,22.2915,6.69397,18.1636,1.82392,3.46631,0.638787,4.30324,7.06461,13.2111,14.1008,19.6022,20.0875,15.73,6.98109,17.1304,10.7059,11.0154,16.6823,6.15677,12.1856,23.0089,20.4345,10.7059,21.4968,18.1636,13.9777,8.45911,11.5085,23.9155,8.75182,17.3684,18.7314,12.1818,1.51032,2.64416,4.18028,19.0142,24.4997,5.85894,17.1304,14.3666,17.3302,8.79869,12.3063,22.3663,2.97396,19.6022,19.6022,15.3717,11.148,15.05,5.09083,13.2111,26.8364,5.82336,19.6022,15.5658,20.9423,1.97314,17.3302,21.0303,2.33743,10.7059,18.1636,13.2111,9.73689,15.9531,23.1834,14.0277,15.05,12.1818,6.61098,17.1304,28.9702,15.9849,0.920497,23.1281,21.5135,17.9182,0.851913,18.7314,25.8274,20.8634,6.03462,1.20854,12.1818,17.3393,20.4345,11.8624,15.4701,17.3302,17.3302,9.0083,23.0089,4.9431,18.7314,27.153,
STATS - lpIterations[83] lagIterations[487] sspIterations[9958] numSeparations[855] numCuts[0] compileTime[0] sspSolveTime[75] lpSolveTime[0] lb[2694.9] ub[2694.9] numArcs: [671473] numFixed: [670770] time: [151]
DUALS 151,2694.9,671473,670770,0,9.23187,5.28456,27.7541,20.4345,15.4701,13.2751,22.1763,23.9967,10.7059,15.4701,10.199,15.4802,7.53003,12.2869,12.0643,19.6022,4.52476,20.505,11.1174,13.6346,20.1608,19.6022,19.771,12.8338,12.8002,14.9073,13.6346,9.99228,13.2111,12.9066,12.2287,29.2662,17.1304,2.44901,10.7059,17.1304,17.7057,19.6022,0.618555,9.98485,18.1744,13.2111,5.28456,12.5455,13.6346,18.1636,14.3658,9.68334,6.98109,15.4565,21.8783,17.3302,6.15213,23.3275,17.49,3.26989,17.5937,20.9769,10.6461,27.0435,7.87852,7.64237,4.63484,1.53267,23.3691,17.1569,0.983535,7.76172,24.4997,18.0266,6.12136,20.4345,16.2427,1.50282,17.3302,10.4716,7.37161,4.54061,13.2111,8.509,15.0823,24.8166,17.1304,23.1281,16.4623,21.8783,13.2111,26.8192,10.5381,9.7755,16.6113,17.3302,14.6632,21.8783,3.81609,8.45911,11.8624,25.1479,6.15213,7.04909,14.3666,14.2184,20.736,22.2915,6.69397,18.1636,0.0331332,1.67552,0.638787,4.30324,7.06461,13.2111,14.1008,19.6022,21.8783,15.73,6.98109,17.1304,10.7059,11.0154,16.6823,6.15677,12.1856,23.0089,20.4345,10.7059,21.4968,18.1636,13.9777,8.45911,11.5085,23.9155,8.75182,17.3684,18.7314,13.9726,1.51032,2.64416,4.18028,19.0142,24.4997,5.85894,17.1304,14.3666,17.3302,8.79869,12.3063,22.3663,2.97396,19.6022,19.6022,15.3717,11.148,15.05,3.30004,13.2111,26.8364,5.82336,19.6022,15.5658,20.9423,1.97314,17.3302,21.0303,0.546637,10.7059,18.1636,13.2111,9.73689,15.9531,24.9742,14.0277,15.05,13.9726,4.82019,17.1304,28.9702,15.9849,0.920497,23.1281,21.5135,17.9182,0.851913,18.7314,25.8274,20.8634,6.03462,0,13.9726,17.3393,20.4345,11.8624,15.4701,17.3302,17.3302,9.0083,23.0089,4.9431,18.7314,27.153,
STATS - lpIterations[84] lagIterations[488] sspIterations[9978] numSeparations[855] numCuts[0] compileTime[0] sspSolveTime[75] lpSolveTime[0] lb[2694.9] ub[2694.9] numArcs: [671473] numFixed: [670770] time: [151]
DUALS 151,2694.9,671473,670770,0,9.23187,6.72919,27.7541,20.4345,15.4701,13.2751,22.1763,23.9967,10.7059,15.4701,10.199,15.4802,8.97465,12.2869,12.0643,19.6022,3.08013,20.505,11.1174,13.6346,20.1608,19.6022,19.771,12.8338,12.8002,14.9073,13.6346,9.99228,13.2111,12.9066,12.2287,27.8216,17.1304,2.44901,10.7059,17.1304,17.7057,19.6022,2.06318,9.98485,18.1744,13.2111,6.72919,12.5455,13.6346,18.1636,14.3658,9.68334,6.98109,15.4565,20.4337,17.3302,6.15213,23.3275,17.49,3.26989,17.5937,20.9769,10.6461,27.0435,7.87852,7.64237,4.63484,1.53267,21.9245,15.7122,2.42816,7.76172,24.4997,18.0266,6.12136,20.4345,16.2427,1.50282,17.3302,10.4716,7.37161,5.98524,13.2111,8.509,15.0823,24.8166,17.1304,23.1281,16.4623,20.4337,13.2111,26.8192,10.5381,11.2201,16.6113,17.3302,14.6632,20.4337,3.81609,8.45911,11.8624,25.1479,6.15213,7.04909,14.3666,14.2184,20.736,22.2915,6.69397,18.1636,1.47776,3.12015,0.638787,4.30324,7.06461,13.2111,14.1008,19.6022,20.4337,15.73,6.98109,17.1304,10.7059,11.0154,16.6823,6.15677,12.1856,23.0089,20.4345,10.7059,21.4968,18.1636,13.9777,8.45911,11.5085,23.9155,8.75182,17.3684,18.7314,12.528,1.51032,2.64416,4.18028,19.0142,24.4997,5.85894,17.1304,14.3666,17.3302,8.79869,12.3063,22.3663,2.97396,19.6022,19.6022,15.3717,11.148,15.05,4.74467,13.2111,26.8364,5.82336,19.6022,15.5658,20.9423,1.97314,17.3302,21.0303,1.99126,10.7059,18.1636,13.2111,9.73689,15.9531,24.9742,14.0277,15.05,12.528,6.26482,17.1304,28.9702,15.9849,0.920497,23.1281,21.5135,17.9182,0.851913,18.7314,25.8274,20.8634,6.03462,1.44463,12.528,17.3393,20.4345,11.8624,15.4701,17.3302,17.3302,9.0083,23.0089,4.9431,18.7314,27.153,
STATS - lpIterations[85] lagIterations[489] sspIterations[9997] numSeparations[855] numCuts[0] compileTime[0] sspSolveTime[75] lpSolveTime[0] lb[2694.9] ub[2694.9] numArcs: [671473] numFixed: [670770] time: [151]
DUALS 151,2694.9,671472,670770,0,9.23187,5.59975,27.7541,20.4345,15.4701,13.2751,22.1763,23.9967,10.7059,15.4701,10.199,15.4802,7.84522,12.2869,12.0643,19.6022,4.20956,20.505,11.1174,13.6346,20.1608,19.6022,19.771,12.8338,12.8002,14.9073,13.6346,9.99228,13.2111,12.9066,12.2287,28.951,17.1304,2.44901,10.7059,17.1304,17.7057,19.6022,0.933749,9.98485,18.1744,13.2111,5.59975,12.5455,13.6346,18.1636,15.4953,9.68334,6.98109,15.4565,21.5631,17.3302,6.15213,23.3275,17.49,3.26989,17.5937,20.9769,10.6461,27.0435,7.87852,7.64237,4.63484,1.53267,23.0539,16.8417,1.29873,7.76172,24.4997,19.156,6.12136,20.4345,16.2427,1.50282,17.3302,10.4716,7.37161,4.8558,13.2111,8.509,15.0823,24.8166,17.1304,23.1281,16.4623,21.5631,13.2111,26.8192,10.5381,10.0907,17.7407,17.3302,14.6632,21.5631,3.81609,8.45911,11.8624,25.1479,6.15213,7.04909,14.3666,14.2184,20.736,22.2915,6.69397,18.1636,0.348327,1.99071,0.638787,4.30324,7.06461,13.2111,14.1008,19.6022,21.5631,15.73,6.98109,17.1304,10.7059,11.0154,16.6823,6.15677,12.1856,23.0089,20.4345,10.7059,21.4968,18.1636,13.9777,8.45911,11.5085,23.9155,8.75182,17.3684,18.7314,13.6574,1.51032,2.64416,4.18028,19.0142,24.4997,5.85894,17.1304,14.3666,17.3302,8.79869,13.4357,22.3663,2.97396,19.6022,19.6022,15.3717,11.148,15.05,3.61523,13.2111,26.8364,5.82336,19.6022,16.6952,20.9423,1.97314,17.3302,22.1597,0.861831,10.7059,18.1636,13.2111,9.73689,15.9531,26.1037,14.0277,15.05,13.6574,5.13539,17.1304,28.9702,15.9849,0.920497,23.1281,21.5135,17.9182,0.851913,18.7314,25.8274,20.8634,6.03462,0.315194,13.6574,17.3393,20.4345,11.8624,15.4701,17.3302,17.3302,9.0083,23.0089,4.9431,18.7314,27.153,
STATS - lpIterations[86] lagIterations[490] sspIterations[10018] numSeparations[855] numCuts[0] compileTime[0] sspSolveTime[75] lpSolveTime[0] lb[2694.9] ub[2694.9] numArcs: [671472] numFixed: [670770] time: [151]
DUALS 151,2694.9,671472,670770,0,9.23187,6.19793,27.7541,20.4345,15.4701,13.2751,22.1763,23.9967,10.7059,15.4701,10.7972,15.4802,8.4434,12.2869,12.0643,19.6022,3.61138,20.505,11.1174,13.6346,20.1608,19.6022,19.771,12.8338,12.8002,14.9073,13.6346,9.99228,13.2111,12.9066,12.2287,28.951,17.1304,2.44901,10.7059,17.1304,17.7057,19.6022,1.53193,9.98485,18.1744,13.2111,6.19793,12.5455,13.6346,18.1636,13.7007,9.68334,6.98109,15.4565,21.5631,17.3302,6.15213,23.3275,17.49,3.26989,17.5937,20.9769,10.6461,27.0435,7.87852,7.64237,4.63484,1.53267,23.0539,16.2435,1.89691,7.76172,24.4997,17.9597,6.12136,20.4345,15.6445,1.50282,17.3302,10.4716,7.37161,5.45399,13.2111,8.509,15.0823,24.8166,17.1304,23.1281,16.4623,21.5631,13.2111,26.8192,10.5381,10.6889,15.9462,17.3302,14.6632,21.5631,3.81609,8.45911,11.8624,25.1479,6.15213,7.04909,14.3666,14.2184,20.736,22.2915,6.69397,18.1636,0.946508,2.58889,0.638787,4.30324,7.06461,13.2111,14.1008,19.6022,21.5631,15.73,6.98109,17.1304,10.7059,11.0154,16.6823,6.15677,12.1856,23.0089,20.4345,10.7059,21.4968,18.1636,14.5758,8.45911,11.5085,23.9155,8.75182,17.3684,18.7314,13.6574,1.51032,2.64416,4.18028,19.0142,24.4997,5.85894,17.1304,14.3666,17.3302,8.79869,12.2393,22.3663,2.97396,19.6022,19.6022,15.3717,11.148,15.05,4.21341,13.2111,26.8364,5.82336,19.6022,14.9007,20.9423,1.97314,17.3302,21.5615,1.46001,10.7059,18.1636,13.2111,9.73689,15.9531,26.1037,14.0277,15.05,13.6574,5.73357,17.1304,28.9702,15.9849,0.920497,23.1281,21.5135,17.9182,0.851913,18.7314,25.8274,20.8634,6.03462,0.913374,13.6574,17.3393,20.4345,11.8624,15.4701,17.3302,17.3302,9.0083,23.0089,4.9431,18.7314,27.153,
STATS - lpIterations[87] lagIterations[491] sspIterations[10037] numSeparations[855] numCuts[0] compileTime[0] sspSolveTime[75] lpSolveTime[0] lb[2694.9] ub[2694.9] numArcs: [671472] numFixed: [670776] time: [152]
DUALS 152,2694.9,671471,670776,0,9.23187,6.19793,27.7541,20.4345,15.4701,13.2751,22.1763,23.9967,10.7059,15.4701,10.7972,15.4802,8.4434,12.2869,12.0643,19.6022,1.98592,20.505,11.1174,13.6346,20.1608,19.6022,19.771,12.8338,12.8002,14.9073,13.6346,9.99228,13.2111,12.9066,12.2287,28.951,17.1304,2.44901,10.7059,17.1304,17.7057,19.6022,0,9.98485,18.1744,13.2111,6.19793,12.5455,13.6346,18.1636,15.3262,9.68334,6.98109,15.4565,21.5631,17.3302,6.15213,23.3275,17.49,3.26989,17.5937,20.9769,10.6461,27.0435,7.87852,7.64237,4.63484,1.53267,23.0539,17.8689,1.89691,7.76172,24.4997,19.5851,6.12136,20.4345,15.6445,1.50282,17.3302,10.4716,7.37161,5.45399,13.2111,8.509,15.0823,24.8166,17.1304,23.1281,16.4623,21.5631,13.2111,26.8192,10.5381,10.6889,17.5716,17.3302,14.6632,21.5631,3.81609,8.45911,11.8624,25.1479,6.15213,7.04909,14.3666,14.2184,20.736,22.2915,6.69397,18.1636,0,4.21435,0.638787,4.30324,7.06461,13.2111,14.1008,19.6022,21.5631,15.73,6.98109,17.1304,10.7059,11.0154,16.6823,6.15677,12.1856,23.0089,20.4345,10.7059,21.4968,18.1636,14.5758,8.45911,11.5085,23.9155,8.75182,17.3684,18.7314,13.6574,1.51032,2.64416,4.18028,19.0142,24.4997,5.85894,17.1304,14.3666,17.3302,8.79869,13.8648,22.3663,2.97396,19.6022,19.6022,15.3717,11.148,15.05,4.21341,13.2111,26.8364,5.82336,19.6022,16.5261,20.9423,1.97314,17.3302,23.187,3.08547,10.7059,18.1636,13.2111,9.73689,15.9531,26.1037,14.0277,15.05,13.6574,5.73357,17.1304,28.9702,15.9849,0.920497,23.1281,21.5135,17.9182,0.851913,18.7314,25.8274,20.8634,6.03462,2.53883,13.6574,17.3393,20.4345,11.8624,15.4701,17.3302,17.3302,9.0083,23.0089,4.9431,18.7314,27.153,
STATS - lpIterations[88] lagIterations[492] sspIterations[10058] numSeparations[855] numCuts[0] compileTime[0] sspSolveTime[75] lpSolveTime[0] lb[2694.9] ub[2694.9] numArcs: [671471] numFixed: [670776] time: [152]
DUALS 152,2694.9,671471,670776,0,9.23187,6.70615,27.7541,20.4345,15.4701,13.7833,22.1763,23.9967,10.7059,15.4701,11.3054,15.4802,8.95162,12.2869,12.0643,19.6022,2.49414,20.505,11.1174,13.6346,20.1608,19.6022,19.771,12.8338,12.8002,14.9073,13.6346,9.99228,13.2111,12.9066,12.2287,28.951,17.1304,2.44901,10.7059,17.1304,17.7057,19.6022,0.508219,9.98485,18.1744,13.2111,6.70615,12.5455,13.6346,18.1636,13.8015,9.68334,6.98109,15.4565,21.5631,17.3302,6.15213,23.3275,17.49,3.26989,17.5937,20.9769,10.6461,27.0435,7.87852,7.64237,4.63484,1.53267,23.0539,17.3607,2.40513,7.76172,24.4997,18.0605,6.12136,20.4345,15.6445,1.50282,17.3302,10.4716,7.37161,5.9622,13.2111,8.509,15.0823,24.8166,17.1304,23.1281,16.4623,21.5631,13.2111,26.8192,10.5381,11.1971,16.047,17.3302,14.6632,21.5631,3.81609,8.45911,11.8624,25.1479,6.15213,7.04909,14.3666,14.2184,20.736,22.2915,6.69397,18.1636,0.508219,3.70613,0.638787,4.30324,7.06461,13.2111,14.1008,19.6022,21.5631,15.73,6.98109,17.1304,10.7059,11.0154,16.6823,6.66499,12.1856,23.0089,20.4345,10.7059,21.4968,18.1636,15.0841,8.45911,11.5085,23.9155,8.75182,17.3684,18.7314,13.6574,1.51032,2.64416,4.6885,19.0142,24.4997,5.85894,17.1304,14.3666,17.3302,8.79869,12.3401,22.3663,2.97396,19.6022,19.6022,15.3717,11.148,15.05,4.72163,13.2111,26.8364,5.82336,19.6022,15.0015,20.9423,1.97314,17.3302,22.1706,2.57725,10.7059,18.1636,13.2111,9.73689,15.9531,26.1037,14.0277,15.05,13.6574,6.24178,17.1304,28.9702,15.9849,0.920497,23.1281,21.5135,17.9182,0.851913,18.7314,25.8274,20.8634,6.03462,2.03062,13.6574,17.3393,20.4345,11.8624,15.4701,17.3302,17.3302,9.0083,23.0089,4.9431,18.7314,27.153,
STATS - lpIterations[89] lagIterations[493] sspIterations[10078] numSeparations[855] numCuts[0] compileTime[0] sspSolveTime[75] lpSolveTime[0] lb[2694.9] ub[2694.9] numArcs: [671471] numFixed: [670780] time: [152]
DUALS 152,2694.9,671471,670780,0,9.23187,6.70615,27.7541,20.4345,15.4701,12.0943,22.1763,23.9967,10.7059,15.4701,9.61647,15.4802,8.95162,12.2869,12.0643,19.6022,4.18309,20.505,11.1174,13.6346,20.1608,19.6022,19.771,12.8338,12.8002,14.9073,13.6346,9.99228,13.2111,12.9066,12.2287,28.951,17.1304,2.44901,10.7059,17.1304,17.7057,19.6022,0.508219,9.98485,18.1744,13.2111,6.70615,12.5455,13.6346,18.1636,15.4905,9.68334,6.98109,15.4565,21.5631,17.3302,6.15213,23.3275,17.49,3.26989,17.5937,20.9769,10.6461,27.0435,7.87852,7.64237,4.63484,1.53267,23.0539,17.3607,2.40513,7.76172,24.4997,19.7494,6.12136,20.4345,15.6445,1.50282,17.3302,10.4716,7.37161,5.9622,13.2111,8.509,15.0823,24.8166,17.1304,23.1281,16.4623,21.5631,13.2111,26.8192,10.5381,11.1971,17.7359,17.3302,14.6632,21.5631,3.81609,8.45911,11.8624,25.1479,6.15213,7.04909,14.3666,14.2184,20.736,22.2915,6.69397,18.1636,0.508219,2.01718,0.638787,4.30324,7.06461,13.2111,14.1008,19.6022,21.5631,15.73,6.98109,17.1304,10.7059,11.0154,16.6823,3.28708,12.1856,23.0089,20.4345,10.7059,21.4968,18.1636,13.3951,8.45911,11.5085,23.9155,8.75182,17.3684,18.7314,13.6574,1.51032,2.64416,2.99955,19.0142,24.4997,5.85894,17.1304,14.3666,17.3302,8.79869,12.3401,22.3663,2.97396,19.6022,19.6022,15.3717,11.148,15.05,4.72163,13.2111,26.8364,5.82336,19.6022,16.6904,20.9423,1.97314,17.3302,22.1706,0.888298,10.7059,18.1636,13.2111,9.73689,15.9531,26.1037,14.0277,15.05,13.6574,6.24178,17.1304,28.9702,15.9849,0.920497,23.1281,21.5135,17.9182,0.851913,18.7314,25.8274,20.8634,6.03462,0.341661,13.6574,17.3393,20.4345,11.8624,15.4701,17.3302,17.3302,9.0083,23.0089,4.9431,18.7314,27.153,
STATS - lpIterations[90] lagIterations[494] sspIterations[10099] numSeparations[855] numCuts[0] compileTime[0] sspSolveTime[75] lpSolveTime[0] lb[2694.9] ub[2694.9] numArcs: [671471] numFixed: [670785] time: [152]
DUALS 152,2694.9,671471,670785,0,9.23187,6.70615,27.7541,20.4345,15.4701,13.0473,22.1763,23.9967,10.7059,15.4701,10.5694,16.4331,8.95162,12.2869,12.0643,19.6022,2.27724,20.505,11.1174,13.6346,20.1608,19.6022,19.771,12.8338,12.8002,14.9073,13.6346,9.99228,13.2111,12.9066,12.2287,28.951,17.1304,2.44901,10.7059,17.1304,17.7057,19.6022,1.46115,9.98485,18.1744,13.2111,6.70615,12.5455,13.6346,18.1636,13.5846,9.68334,6.98109,15.4565,21.5631,17.3302,6.15213,23.3275,17.49,3.26989,17.5937,20.9769,10.6461,27.0435,7.87852,7.64237,4.63484,1.53267,23.0539,16.4078,2.40513,7.76172,24.4997,17.8436,6.12136,20.4345,15.6445,1.50282,17.3302,10.4716,7.37161,5.9622,13.2111,8.509,15.0823,24.8166,17.1304,23.1281,16.4623,21.5631,13.2111,26.8192,10.5381,11.1971,15.8301,17.3302,14.6632,21.5631,3.81609,8.45911,11.8624,25.1479,6.15213,7.04909,14.3666,14.2184,20.736,22.2915,6.69397,18.1636,1.46115,2.97011,0.638787,4.30324,7.06461,13.2111,14.1008,19.6022,21.5631,15.73,6.98109,17.1304,10.7059,11.0154,16.6823,4.24001,12.1856,23.0089,20.4345,10.7059,21.4968,18.1636,14.348,8.45911,11.5085,23.9155,8.75182,17.3684,18.7314,13.6574,1.51032,2.64416,3.95247,19.0142,24.4997,5.85894,17.1304,14.3666,17.3302,8.79869,10.4343,22.3663,2.97396,19.6022,19.6022,15.3717,11.148,15.05,4.72163,13.2111,26.8364,5.82336,19.6022,14.7846,20.9423,1.97314,17.3302,21.2176,1.84123,10.7059,18.1636,13.2111,9.73689,15.9531,26.1037,14.0277,15.05,13.6574,6.24178,17.1304,28.9702,15.9849,0.920497,23.1281,21.5135,17.9182,0.851913,18.7314,25.8274,20.8634,6.03462,1.29459,13.6574,17.3393,20.4345,11.8624,15.4701,17.3302,17.3302,9.0083,23.0089,4.9431,18.7314,27.153,
STATS - lpIterations[91] lagIterations[495] sspIterations[10119] numSeparations[855] numCuts[0] compileTime[0] sspSolveTime[76] lpSolveTime[0] lb[2694.9] ub[2694.9] numArcs: [671471] numFixed: [670786] time: [152]
DUALS 152,2694.9,671471,670786,0,9.23187,5.29727,27.7541,20.4345,15.4701,13.0473,22.1763,23.9967,10.7059,15.4701,10.5694,16.4331,7.54274,12.2869,12.0643,19.6022,3.68611,20.505,11.1174,13.6346,20.1608,19.6022,19.771,12.8338,12.8002,14.9073,13.6346,9.99228,13.2111,12.9066,12.2287,28.951,17.1304,2.44901,10.7059,17.1304,17.7057,19.6022,0.0522708,9.98485,18.1744,13.2111,5.29727,12.5455,13.6346,18.1636,14.9935,9.68334,6.98109,15.4565,21.5631,17.3302,6.15213,23.3275,17.49,3.26989,17.5937,20.9769,10.6461,27.0435,7.87852,7.64237,4.63484,1.53267,23.0539,17.8167,0.996252,7.76172,24.4997,19.2525,6.12136,20.4345,15.6445,1.50282,17.3302,10.4716,7.37161,4.55333,13.2111,8.509,15.0823,24.8166,17.1304,23.1281,16.4623,21.5631,13.2111,26.8192,10.5381,9.78821,17.239,17.3302,14.6632,21.5631,3.81609,8.45911,11.8624,25.1479,6.15213,7.04909,14.3666,14.2184,20.736,22.2915,6.69397,18.1636,0.0522708,1.56123,0.638787,4.30324,7.06461,13.2111,14.1008,19.6022,21.5631,15.73,6.98109,17.1304,10.7059,11.0154,16.6823,4.24001,12.1856,23.0089,20.4345,10.7059,21.4968,18.1636,14.348,8.45911,11.5085,23.9155,8.75182,17.3684,18.7314,13.6574,1.51032,2.64416,3.95247,19.0142,24.4997,5.85894,17.1304,14.3666,17.3302,8.79869,11.8432,22.3663,2.97396,19.6022,19.6022,15.3717,11.148,15.05,3.31276,13.2111,26.8364,5.82336,19.6022,16.1934,20.9423,1.97314,17.3302,22.6265,0.43235,10.7059,18.1636,13.2111,9.73689,15.9531,26.1037,14.0277,15.05,13.6574,4.83291,17.1304,28.9702,15.9849,0.920497,23.1281,21.5135,17.9182,0.851913,18.7314,25.8274,20.8634,6.03462,0,13.6574,17.3393,20.4345,11.8624,15.4701,17.3302,17.3302,9.0083,23.0089,4.9431,18.7314,27.153,
STATS - lpIterations[92] lagIterations[496] sspIterations[10139] numSeparations[855] numCuts[0] compileTime[0] sspSolveTime[76] lpSolveTime[0] lb[2694.9] ub[2694.9] numArcs: [671471] numFixed: [670786] time: [153]
DUALS 153,2694.9,671471,670786,0,9.23187,6.22294,27.7541,20.4345,15.4701,13.9729,22.1763,23.9967,10.7059,15.4701,11.4951,17.3588,8.46841,12.2869,12.0643,19.6022,2.76045,20.505,11.1174,13.6346,20.1608,19.6022,19.771,12.8338,12.8002,14.9073,13.6346,9.99228,13.2111,12.9066,12.2287,28.0254,17.1304,2.44901,10.7059,17.1304,17.7057,19.6022,0.977935,9.98485,18.1744,13.2111,6.22294,12.5455,13.6346,18.1636,14.0678,9.68334,6.98109,15.4565,20.6375,17.3302,6.15213,23.3275,17.49,3.26989,17.5937,20.9769,10.6461,27.0435,7.87852,7.64237,4.63484,1.53267,22.1283,16.891,1.92192,7.76172,24.4997,18.3268,6.12136,20.4345,15.6445,1.50282,17.3302,10.4716,7.37161,5.47899,13.2111,8.509,15.0823,24.8166,17.1304,23.1281,16.4623,20.6375,13.2111,26.8192,10.5381,10.7139,16.3133,17.3302,14.6632,20.6375,3.81609,8.45911,11.8624,25.1479,6.15213,7.04909,14.3666,14.2184,20.736,22.2915,6.69397,18.1636,0.977935,2.4869,0.638787,4.30324,7.06461,13.2111,14.1008,19.6022,20.6375,16.6557,6.98109,17.1304,10.7059,11.0154,16.6823,5.16568,12.1856,23.0089,20.4345,10.7059,21.4968,18.1636,15.2737,8.45911,11.5085,23.9155,8.75182,17.3684,18.7314,12.7318,1.51032,2.64416,4.87814,19.0142,24.4997,5.85894,17.1304,14.3666,17.3302,8.79869,10.9175,22.3663,2.97396,19.6022,19.6022,15.3717,11.148,15.05,4.23842,13.2111,26.8364,5.82336,19.6022,15.2678,20.9423,1.97314,17.3302,21.7008,1.35801,10.7059,18.1636,13.2111,9.73689,15.9531,26.1037,14.0277,15.05,12.7318,5.75857,17.1304,28.9702,15.9849,0.920497,23.1281,21.5135,17.9182,0.851913,18.7314,25.8274,20.8634,6.03462,0.925665,12.7318,17.3393,20.4345,11.8624,15.4701,17.3302,17.3302,9.0083,23.0089,4.9431,18.7314,27.153,
STATS - lpIterations[93] lagIterations[497] sspIterations[10158] numSeparations[855] numCuts[0] compileTime[0] sspSolveTime[76] lpSolveTime[0] lb[2694.9] ub[2694.9] numArcs: [671471] numFixed: [670786] time: [153]
DUALS 153,2694.9,671471,670786,0,9.23187,6.22294,27.7541,20.4345,15.4701,12.7918,22.1763,23.9967,10.7059,15.4701,10.3139,16.1776,8.46841,12.2869,12.0643,19.6022,3.94161,20.505,11.1174,13.6346,20.1608,19.6022,19.771,12.8338,12.8002,14.9073,13.6346,9.99228,13.2111,12.9066,12.2287,29.2065,17.1304,2.44901,10.7059,17.1304,17.7057,19.6022,0.977935,9.98485,18.1744,13.2111,6.22294,12.5455,13.6346,18.1636,15.249,9.68334,6.98109,15.4565,21.8186,17.3302,6.15213,23.3275,17.49,3.26989,17.5937,20.9769,10.6461,27.0435,7.87852,7.64237,4.63484,1.53267,23.3094,16.891,1.92192,7.76172,24.4997,19.508,6.12136,20.4345,15.6445,1.50282,17.3302,10.4716,7.37161,5.47899,13.2111,8.509,15.0823,24.8166,17.1304,23.1281,16.4623,21.8186,13.2111,26.8192,10.5381,10.7139,17.4945,17.3302,14.6632,21.8186,3.81609,8.45911,11.8624,25.1479,6.15213,7.04909,14.3666,14.2184,20.736,22.2915,6.69397,18.1636,0.977935,1.30573,0.638787,4.30324,7.06461,13.2111,14.1008,19.6022,21.8186,16.6557,6.98109,17.1304,10.7059,11.0154,16.6823,3.98451,12.1856,23.0089,20.4345,10.7059,21.4968,18.1636,14.0925,8.45911,11.5085,23.9155,8.75182,17.3684,18.7314,13.9129,1.51032,2.64416,3.69697,19.0142,24.4997,5.85894,17.1304,14.3666,17.3302,8.79869,12.0987,22.3663,2.97396,19.6022,19.6022,15.3717,11.148,15.05,4.23842,13.2111,26.8364,5.82336,19.6022,16.4489,20.9423,1.97314,17.3302,21.7008,0.176849,10.7059,18.1636,13.2111,9.73689,15.9531,27.2848,14.0277,15.05,13.9129,5.75857,17.1304,28.9702,15.9849,0.920497,23.1281,21.5135,17.9182,0.851913,18.7314,25.8274,20.8634,6.03462,0,13.9129,17.3393,20.4345,11.8624,15.4701,17.3302,17.3302,9.0083,23.0089,4.9431,18.7314,27.153,
STATS - lpIterations[94] lagIterations[498] sspIterations[10178] numSeparations[855] numCuts[0] compileTime[0] sspSolveTime[76] lpSolveTime[0] lb[2694.9] ub[2694.9] numArcs: [671471] numFixed: [670786] time: [153]
DUALS 153,2694.9,671470,670786,0,9.23187,6.22294,27.7541,20.4345,15.4701,14.7963,22.1763,23.9967,10.7059,15.4701,12.3184,16.1776,8.46841,12.2869,12.0643,19.6022,1.93707,20.505,11.1174,13.6346,20.1608,19.6022,19.771,12.8338,12.8002,14.9073,13.6346,9.99228,13.2111,12.9066,12.2287,29.2065,17.1304,2.44901,10.7059,17.1304,17.7057,19.6022,0,9.98485,18.1744,13.2111,6.22294,12.5455,13.6346,18.1636,13.2444,9.68334,6.98109,15.4565,21.8186,17.3302,6.15213,23.3275,17.49,3.26989,17.5937,20.9769,10.6461,27.0435,7.87852,7.64237,4.63484,1.53267,23.3094,16.891,1.92192,7.76172,24.4997,17.5034,6.12136,20.4345,15.6445,1.50282,17.3302,10.4716,7.37161,5.47899,13.2111,8.509,15.0823,24.8166,17.1304,23.1281,16.4623,21.8186,13.2111,26.8192,10.5381,10.7139,15.4899,17.3302,14.6632,21.8186,3.81609,8.45911,11.8624,25.1479,6.15213,7.04909,14.3666,14.2184,20.736,22.2915,6.69397,18.1636,0,3.31028,0.638787,4.30324,7.06461,13.2111,14.1008,19.6022,21.8186,16.6557,6.98109,17.1304,10.7059,11.0154,16.6823,5.98906,12.1856,23.0089,20.4345,10.7059,21.4968,18.1636,16.0971,8.45911,11.5085,23.9155,8.75182,17.3684,18.7314,13.9129,1.51032,2.64416,5.70152,19.0142,24.4997,5.85894,17.1304,14.3666,17.3302,8.79869,12.0987,22.3663,2.97396,19.6022,19.6022,15.3717,11.148,15.05,4.23842,13.2111,26.8364,5.82336,19.6022,14.4444,20.9423,1.97314,17.3302,21.7008,2.1814,10.7059,18.1636,13.2111,9.73689,15.9531,27.2848,14.0277,15.05,13.9129,5.75857,17.1304,28.9702,15.9849,0.920497,23.1281,21.5135,17.9182,0.851913,18.7314,25.8274,20.8634,6.03462,2.00455,13.9129,17.3393,20.4345,11.8624,15.4701,17.3302,17.3302,9.0083,23.0089,4.9431,18.7314,27.153,
STATS - lpIterations[95] lagIterations[499] sspIterations[10198] numSeparations[855] numCuts[0] compileTime[0] sspSolveTime[76] lpSolveTime[0] lb[2694.9] ub[2694.9] numArcs: [671470] numFixed: [670786] time: [153]
DUALS 153,2694.9,671470,670786,0,9.23187,6.94541,27.7541,20.4345,15.4701,13.3514,22.1763,23.9967,10.7059,15.4701,10.151,15.4551,9.19088,12.2869,12.0643,19.6022,2.65954,20.505,11.1174,13.6346,20.1608,19.6022,19.771,12.8338,12.8002,14.9073,13.6346,9.99228,13.2111,12.9066,12.2287,29.2065,17.1304,2.44901,10.7059,17.1304,17.7057,19.6022,0.722471,9.98485,18.1744,13.2111,6.94541,12.5455,13.6346,18.1636,13.9669,9.68334,6.98109,15.4565,21.8186,17.3302,6.15213,23.3275,17.49,3.26989,17.5937,20.9769,10.6461,27.0435,7.87852,7.64237,4.63484,1.53267,23.3094,16.891,2.64439,7.76172,24.4997,18.2259,6.12136,20.4345,15.6445,1.50282,17.3302,10.4716,7.37161,6.20146,13.2111,8.509,15.0823,24.8166,17.1304,23.1281,16.4623,21.8186,13.2111,26.8192,10.5381,11.4364,16.2124,17.3302,14.6632,21.8186,3.81609,8.45911,11.8624,25.1479,6.15213,7.04909,14.3666,14.2184,20.736,22.2915,6.69397,18.1636,0.722471,2.58781,0.638787,4.30324,7.06461,13.2111,14.1008,19.6022,21.8186,16.6557,6.98109,17.1304,10.7059,11.0154,16.6823,4.54411,12.1856,23.0089,20.4345,10.7059,21.4968,18.1636,13.9297,8.45911,11.5085,23.9155,8.75182,17.3684,18.7314,13.9129,1.51032,2.64416,4.25658,19.0142,24.4997,5.85894,17.1304,14.3666,17.3302,8.79869,12.8211,22.3663,2.97396,19.6022,19.6022,15.3717,11.148,15.05,4.96089,13.2111,26.8364,5.82336,19.6022,15.1669,20.9423,1.97314,17.3302,20.9784,1.45892,10.7059,18.1636,13.2111,9.73689,15.9531,27.2848,14.0277,15.05,13.9129,6.48104,17.1304,28.9702,15.9849,0.920497,23.1281,21.5135,17.9182,0.851913,18.7314,25.8274,20.8634,6.03462,1.28207,13.9129,17.3393,20.4345,11.8624,15.4701,17.3302,17.3302,9.0083,23.0089,4.9431,18.7314,27.153,
STATS - lpIterations[96] lagIterations[500] sspIterations[10218] numSeparations[855] numCuts[0] compileTime[0] sspSolveTime[76] lpSolveTime[0] lb[2694.9] ub[2694.9] numArcs: [671470] numFixed: [670987] time: [154]
DUALS 154,2694.9,671470,670987,0,9.23187,5.77803,27.7541,20.4345,15.4701,13.3514,22.1763,23.9967,10.7059,15.4701,10.151,15.4551,8.0235,12.2869,12.0643,19.6022,3.82692,20.505,11.1174,13.6346,20.1608,19.6022,19.771,12.8338,12.8002,14.9073,13.6346,9.99228,13.2111,12.9066,12.2287,29.2065,17.1304,2.44901,10.7059,17.1304,17.7057,19.6022,0,9.98485,18.1744,13.2111,5.77803,12.5455,13.6346,18.1636,15.1343,9.68334,6.98109,15.4565,21.8186,17.3302,6.15213,23.3275,17.49,3.26989,17.5937,20.9769,10.6461,27.0435,7.87852,7.64237,4.63484,1.53267,23.3094,18.0584,1.47701,7.76172,24.4997,19.3933,6.12136,20.4345,15.6445,1.50282,17.3302,10.4716,7.37161,5.03408,13.2111,8.509,15.0823,24.8166,17.1304,23.1281,16.4623,21.8186,13.2111,26.8192,10.5381,10.269,17.3798,17.3302,14.6632,21.8186,3.81609,8.45911,11.8624,25.1479,6.15213,7.04909,14.3666,14.2184,20.736,22.2915,6.69397,18.1636,0,1.42043,0.638787,4.30324,7.06461,13.2111,14.1008,19.6022,21.8186,16.6557,6.98109,17.1304,10.7059,11.0154,16.6823,4.54411,12.1856,23.0089,20.4345,10.7059,21.4968,18.1636,13.9297,8.45911,11.5085,23.9155,8.75182,17.3684,18.7314,13.9129,1.51032,2.64416,4.25658,19.0142,24.4997,5.85894,17.1304,14.3666,17.3302,8.79869,13.9885,22.3663,2.97396,19.6022,19.6022,15.3717,11.148,15.05,3.79351,13.2111,26.8364,5.82336,19.6022,16.3343,20.9423,1.97314,17.3302,22.1458,0.291544,10.7059,18.1636,13.2111,9.73689,15.9531,27.2848,14.0277,15.05,13.9129,5.31366,17.1304,28.9702,15.9849,0.920497,23.1281,21.5135,17.9182,0.851913,18.7314,25.8274,20.8634,6.03462,0.114695,13.9129,17.3393,20.4345,11.8624,15.4701,17.3302,17.3302,9.0083,23.0089,4.9431,18.7314,27.153,
STATS - lpIterations[97] lagIterations[501] sspIterations[10239] numSeparations[855] numCuts[0] compileTime[0] sspSolveTime[76] lpSolveTime[0] lb[2694.9] ub[2694.9] numArcs: [671470] numFixed: [670987] time: [154]
DUALS 154,2694.9,671470,670987,0,9.23187,6.4728,27.7541,20.4345,15.4701,14.0461,22.1763,23.9967,10.7059,15.4701,10.8458,16.1499,8.71827,12.2869,12.0643,19.6022,3.13215,20.505,11.1174,13.6346,20.1608,19.6022,19.771,12.8338,12.8002,14.9073,13.6346,9.99228,13.2111,12.9066,12.2287,28.5117,17.1304,2.44901,10.7059,17.1304,17.7057,19.6022,0.694772,9.98485,18.1744,13.2111,6.4728,12.5455,13.6346,18.1636,13.7448,9.68334,6.98109,15.4565,21.1238,17.3302,6.15213,23.3275,17.49,3.26989,17.5937,20.9769,10.6461,27.0435,7.87852,7.64237,4.63484,1.53267,22.6147,16.6688,2.17178,7.76172,24.4997,18.0037,6.12136,20.4345,15.6445,1.50282,17.3302,10.4716,7.37161,5.72886,13.2111,8.509,15.0823,24.8166,17.1304,23.1281,16.4623,21.1238,13.2111,26.8192,10.5381,10.9637,15.9902,17.3302,14.6632,21.1238,3.81609,8.45911,11.8624,25.1479,6.15213,7.04909,14.3666,14.2184,20.736,22.2915,6.69397,18.1636,0.694772,2.1152,0.638787,4.30324,7.06461,13.2111,14.1008,19.6022,21.1238,16.6557,6.98109,17.1304,10.7059,11.0154,16.6823,5.23888,12.1856,23.0089,20.4345,10.7059,21.4968,18.1636,14.6244,8.45911,11.5085,23.9155,8.75182,17.3684,18.7314,13.2182,1.51032,2.64416,4.95135,19.0142,24.4997,5.85894,17.1304,14.3666,17.3302,8.79869,12.599,22.3663,2.97396,19.6022,19.6022,15.3717,11.148,15.05,4.48828,13.2111,26.8364,5.82336,19.6022,14.9447,20.9423,1.97314,17.3302,21.451,0.986316,10.7059,18.1636,13.2111,9.73689,15.9531,27.2848,14.0277,15.05,13.2182,6.00844,17.1304,28.9702,15.9849,0.920497,23.1281,21.5135,17.9182,0.851913,18.7314,25.8274,20.8634,6.03462,0.809466,13.2182,17.3393,20.4345,11.8624,15.4701,17.3302,17.3302,9.0083,23.0089,4.9431,18.7314,27.153,
STATS - lpIterations[98] lagIterations[502] sspIterations[10258] numSeparations[855] numCuts[0] compileTime[0] sspSolveTime[76] lpSolveTime[0] lb[2694.9] ub[2694.9] numArcs: [671470] numFixed: [670987] time: [154]
DUALS 154,2694.9,671470,670987,0,9.23187,6.4728,27.7541,20.4345,15.4701,14.0461,22.1763,23.9967,10.7059,15.4701,10.8458,16.1499,8.71827,12.2869,12.0643,19.6022,3.13215,20.505,11.1174,13.6346,20.1608,19.6022,19.771,12.8338,12.8002,14.9073,13.6346,9.99228,13.2111,12.9066,12.2287,28.5117,17.1304,2.44901,10.7059,17.1304,17.7057,19.6022,0.694772,9.98485,18.1744,13.2111,6.4728,12.5455,13.6346,18.1636,15.6143,9.68334,6.98109,15.4565,21.1238,17.3302,6.15213,23.3275,17.49,3.26989,17.5937,20.9769,10.6461,27.0435,7.87852,7.64237,4.63484,1.53267,22.6147,18.5384,2.17178,7.76172,24.4997,19.8733,6.12136,20.4345,15.6445,1.50282,17.3302,10.4716,7.37161,5.72886,13.2111,8.509,15.0823,24.8166,17.1304,23.1281,16.4623,21.1238,13.2111,26.8192,10.5381,10.9637,17.8598,17.3302,14.6632,21.1238,1.94656,8.45911,11.8624,25.1479,6.15213,7.04909,14.3666,14.2184,20.736,22.2915,6.69397,18.1636,0,3.98473,0.638787,4.30324,7.06461,13.2111,14.1008,19.6022,21.1238,16.6557,6.98109,17.1304,10.7059,11.0154,16.6823,5.23888,12.1856,23.0089,20.4345,10.7059,21.4968,18.1636,14.6244,8.45911,11.5085,23.9155,8.75182,17.3684,18.7314,13.2182,1.51032,2.64416,4.95135,19.0142,24.4997,5.85894,17.1304,14.3666,17.3302,8.79869,14.4685,22.3663,2.97396,19.6022,19.6022,15.3717,11.148,15.05,4.48828,13.2111,26.8364,3.95383,19.6022,16.8142,20.9423,1.97314,17.3302,23.3205,2.85585,10.7059,18.1636,13.2111,9.73689,15.9531,27.2848,14.0277,15.05,13.2182,6.00844,17.1304,28.9702,15.9849,0.920497,23.1281,21.5135,17.9182,0.851913,18.7314,25.8274,20.8634,6.03462,2.679,13.2182,17.3393,20.4345,11.8624,15.4701,17.3302,17.3302,9.0083,23.0089,4.9431,18.7314,27.153,
STATS - lpIterations[99] lagIterations[503] sspIterations[10279] numSeparations[855] numCuts[0] compileTime[0] sspSolveTime[76] lpSolveTime[0] lb[2694.9] ub[2694.9] numArcs: [671470] numFixed: [671002] time: [154]
DUALS 154,2694.9,671470,671002,0,9.23187,6.99569,27.7541,20.4345,15.4701,14.569,22.1763,23.9967,10.7059,15.4701,11.3687,16.1499,9.24116,12.2869,12.0643,19.6022,3.65503,20.505,11.1174,13.6346,20.1608,19.6022,19.771,12.8338,12.8002,14.9073,13.6346,9.99228,13.2111,12.9066,12.2287,28.5117,17.1304,2.44901,10.7059,17.1304,17.7057,19.6022,1.21766,9.98485,18.1744,13.2111,6.99569,12.5455,13.6346,18.1636,14.0456,9.68334,6.98109,15.4565,21.1238,17.3302,6.15213,23.3275,17.49,3.26989,17.5937,20.9769,10.6461,27.0435,7.87852,7.64237,4.63484,1.53267,22.6147,18.0155,2.69466,7.76172,24.4997,18.3046,6.12136,20.4345,15.6445,1.50282,17.3302,10.4716,7.37161,6.25174,13.2111,8.509,15.0823,24.8166,17.1304,23.1281,16.4623,21.1238,13.2111,26.8192,10.5381,11.4866,16.2911,17.3302,14.6632,21.1238,1.94656,8.45911,11.8624,25.1479,6.15213,7.04909,14.3666,14.2184,20.736,22.2915,6.69397,18.1636,0.522885,3.46185,0.638787,4.30324,7.06461,13.2111,14.1008,19.6022,21.1238,16.6557,6.98109,17.1304,10.7059,11.0154,16.6823,5.76177,12.1856,23.0089,20.4345,10.7059,21.4968,18.1636,15.1473,8.45911,11.5085,23.9155,8.75182,17.3684,18.7314,13.2182,1.51032,2.64416,4.42846,19.0142,24.4997,5.85894,17.1304,14.3666,17.3302,8.79869,12.8998,22.3663,2.97396,19.6022,19.6022,15.3717,11.148,15.05,5.01117,13.2111,26.8364,3.95383,19.6022,15.2456,20.9423,1.97314,17.3302,22.2747,2.33296,10.7059,18.1636,13.2111,9.73689,15.9531,27.2848,14.0277,15.05,13.2182,6.53132,17.1304,28.9702,15.9849,0.920497,23.1281,21.5135,17.9182,0.851913,18.7314,25.8274,20.8634,6.03462,2.15611,13.2182,17.3393,20.4345,11.8624,15.4701,17.3302,17.3302,9.0083,23.0089,4.9431,18.7314,27.153,
STATS - lpIterations[100] lagIterations[504] sspIterations[10300] numSeparations[855] numCuts[0] compileTime[0] sspSolveTime[76] lpSolveTime[0] lb[2694.9] ub[2694.9] numArcs: [671470] numFixed: [671007] time: [154]
DUALS 155,2694.9,671469,671007,0,9.23187,5.13474,27.7541,20.4345,15.4701,14.569,22.1763,23.9967,10.7059,15.4701,11.3687,16.1499,7.38021,12.2869,12.0643,19.6022,5.51598,20.505,11.1174,13.6346,20.1608,19.6022,19.771,12.8338,12.8002,14.9073,13.6346,9.99228,13.2111,12.9066,12.2287,28.5117,17.1304,2.44901,10.7059,17.1304,17.7057,19.6022,0,9.98485,18.1744,13.2111,5.13474,12.5455,13.6346,18.1636,14.0456,9.68334,6.98109,15.4565,21.1238,17.3302,6.15213,23.3275,17.49,3.26989,17.5937,20.9769,10.6461,27.0435,7.87852,7.64237,4.63484,1.53267,22.6147,18.0155,0.833717,7.76172,24.4997,18.3046,6.12136,20.4345,15.6445,1.50282,17.3302,10.4716,7.37161,4.39079,13.2111,8.509,15.0823,24.8166,17.1304,23.1281,16.4623,21.1238,13.2111,26.8192,10.5381,9.62568,16.2911,17.3302,14.6632,21.1238,1.94656,8.45911,11.8624,25.1479,6.15213,7.04909,14.3666,14.2184,20.736,22.2915,6.69397,18.1636,0,1.6009,0.638787,4.30324,7.06461,13.2111,14.1008,19.6022,21.1238,16.6557,6.98109,17.1304,10.7059,11.0154,16.6823,5.76177,12.1856,23.0089,20.4345,10.7059,21.4968,18.1636,15.1473,8.45911,11.5085,23.9155,8.75182,17.3684,18.7314,13.2182,1.51032,2.64416,4.42846,19.0142,24.4997,5.85894,17.1304,14.3666,17.3302,8.79869,12.8998,22.3663,2.97396,19.6022,19.6022,15.3717,11.148,15.05,3.15022,13.2111,26.8364,3.95383,19.6022,15.2456,20.9423,1.97314,17.3302,22.2747,0.472017,10.7059,18.1636,13.2111,9.73689,15.9531,27.2848,14.0277,15.05,13.2182,4.67037,17.1304,28.9702,15.9849,0.920497,23.1281,21.5135,17.9182,0.851913,18.7314,25.8274,20.8634,6.03462,0.295167,13.2182,17.3393,20.4345,11.8624,15.4701,17.3302,17.3302,9.0083,23.0089,4.9431,18.7314,27.153,
STATS - lpIterations[101] lagIterations[505] sspIterations[10320] numSeparations[855] numCuts[0] compileTime[0] sspSolveTime[76] lpSolveTime[0] lb[2694.9] ub[2694.9] numArcs: [671469] numFixed: [671007] time: [155]
DUALS 155,2694.9,671469,671007,0,9.23187,6.57974,27.7541,20.4345,15.4701,14.569,22.1763,23.9967,10.7059,15.4701,11.3687,16.1499,8.8252,12.2869,12.0643,19.6022,2.62599,20.505,11.1174,13.6346,20.1608,19.6022,19.771,12.8338,12.8002,14.9073,13.6346,9.99228,13.2111,12.9066,12.2287,28.5117,15.6854,2.44901,10.7059,15.6854,17.7057,19.6022,1.44499,9.98485,18.1744,13.2111,6.57974,12.5455,13.6346,18.1636,14.0456,9.68334,6.98109,15.4565,21.1238,17.3302,6.15213,23.3275,17.49,3.26989,17.5937,20.9769,10.6461,27.0435,7.87852,7.64237,4.63484,1.53267,22.6147,18.0155,2.27871,7.76172,24.4997,18.3046,6.12136,20.4345,15.6445,1.50282,17.3302,10.4716,7.37161,5.83579,13.2111,8.509,15.0823,24.8166,15.6854,23.1281,16.4623,21.1238,13.2111,26.8192,10.5381,11.0707,16.2911,17.3302,14.6632,21.1238,1.94656,8.45911,11.8624,25.1479,6.15213,7.04909,14.3666,14.2184,20.736,22.2915,6.69397,18.1636,1.44499,3.04589,0.638787,4.30324,7.06461,13.2111,14.1008,19.6022,21.1238,16.6557,6.98109,15.6854,10.7059,11.0154,15.2373,5.76177,12.1856,23.0089,20.4345,10.7059,21.4968,18.1636,15.1473,8.45911,11.5085,23.9155,8.75182,17.3684,18.7314,13.2182,1.51032,2.64416,4.42846,19.0142,24.4997,5.85894,15.6854,14.3666,17.3302,8.79869,12.8998,22.3663,2.97396,19.6022,19.6022,15.3717,11.148,15.05,4.59522,13.2111,26.8364,3.95383,19.6022,15.2456,20.9423,1.97314,17.3302,22.2747,1.91701,10.7059,18.1636,13.2111,9.73689,15.9531,27.2848,14.0277,15.05,13.2182,6.11537,15.6854,28.9702,15.9849,0.920497,23.1281,21.5135,17.9182,0.851913,18.7314,25.8274,20.8634,6.03462,1.74016,13.2182,17.3393,20.4345,11.8624,15.4701,17.3302,17.3302,9.0083,23.0089,4.9431,18.7314,27.153,
STATS - lpIterations[102] lagIterations[506] sspIterations[10340] numSeparations[855] numCuts[0] compileTime[0] sspSolveTime[76] lpSolveTime[0] lb[2694.9] ub[2694.9] numArcs: [671469] numFixed: [671007] time: [155]
DUALS 155,2694.9,671469,671007,0,9.23187,6.57974,27.7541,18.9845,15.4701,14.569,22.1763,23.9967,10.7059,15.4701,11.3687,16.1499,8.8252,12.2869,12.0643,19.6022,4.07601,20.505,11.1174,13.6346,20.1608,19.6022,19.771,12.8338,12.8002,14.9073,13.6346,9.99228,13.2111,12.9066,12.2287,28.5117,17.1354,2.44901,10.7059,17.1354,17.7057,19.6022,1.44499,9.98485,18.1744,13.2111,6.57974,12.5455,13.6346,18.1636,14.0456,9.68334,6.98109,15.4565,21.1238,17.3302,6.15213,23.3275,17.49,3.26989,17.5937,20.9769,10.6461,25.5935,7.87852,7.64237,4.63484,1.53267,22.6147,18.0155,2.27871,7.76172,24.4997,18.3046,6.12136,18.9845,15.6445,1.50282,17.3302,10.4716,7.37161,5.83579,13.2111,8.509,15.0823,24.8166,17.1354,21.6781,16.4623,21.1238,13.2111,26.8192,10.5381,11.0707,16.2911,17.3302,14.6632,21.1238,1.94656,8.45911,11.8624,25.1479,6.15213,7.04909,14.3666,14.2184,20.736,22.2915,6.69397,18.1636,1.44499,1.59588,0.638787,4.30324,7.06461,13.2111,14.1008,19.6022,21.1238,16.6557,6.98109,17.1354,10.7059,11.0154,16.6873,5.76177,12.1856,23.0089,18.9845,10.7059,21.4968,18.1636,15.1473,8.45911,11.5085,23.9155,8.75182,17.3684,18.7314,13.2182,1.51032,2.64416,4.42846,19.0142,24.4997,5.85894,17.1354,14.3666,17.3302,8.79869,12.8998,22.3663,2.97396,19.6022,19.6022,15.3717,11.148,15.05,4.59522,13.2111,26.8364,3.95383,19.6022,15.2456,20.9423,1.97314,17.3302,22.2747,0.466996,10.7059,18.1636,13.2111,9.73689,15.9531,27.2848,14.0277,15.05,13.2182,6.11537,17.1354,28.9702,15.9849,0.920497,21.6781,21.5135,17.9182,0.851913,18.7314,25.8274,20.8634,6.03462,0.290147,13.2182,17.3393,18.9845,11.8624,15.4701,17.3302,17.3302,9.0083,23.0089,4.9431,18.7314,27.153,
STATS - lpIterations[103] lagIterations[507] sspIterations[10359] numSeparations[855] numCuts[0] compileTime[0] sspSolveTime[76] lpSolveTime[0] lb[2694.9] ub[2694.9] numArcs: [671469] numFixed: [671007] time: [155]
DUALS 155,2694.9,671468,671007,0,9.23187,6.57974,27.7541,21.2508,15.4701,14.569,22.1763,23.9967,10.7059,15.4701,11.3687,16.1499,8.8252,12.2869,12.0643,19.6022,1.80967,20.505,11.1174,13.6346,20.1608,19.6022,19.771,12.8338,12.8002,14.9073,13.6346,9.99228,13.2111,12.9066,12.2287,28.5117,17.1354,2.44901,10.7059,17.1354,17.7057,19.6022,1.44499,9.98485,18.1744,13.2111,6.57974,12.5455,13.6346,18.1636,14.0456,9.68334,6.98109,15.4565,21.1238,17.3302,6.15213,23.3275,17.49,3.26989,17.5937,20.9769,10.6461,27.8598,7.87852,7.64237,4.63484,1.53267,22.6147,18.0155,2.27871,7.76172,24.4997,18.3046,6.12136,21.2508,15.6445,1.50282,17.3302,10.4716,7.37161,5.83579,13.2111,8.509,15.0823,27.0829,17.1354,23.9444,16.4623,21.1238,13.2111,26.8192,10.5381,11.0707,16.2911,17.3302,14.6632,21.1238,1.94656,8.45911,11.8624,25.1479,6.15213,7.04909,14.3666,14.2184,20.736,22.2915,6.69397,18.1636,0,3.86221,0.638787,4.30324,7.06461,13.2111,14.1008,19.6022,21.1238,16.6557,6.98109,17.1354,10.7059,11.0154,16.6873,5.76177,12.1856,23.0089,21.2508,10.7059,21.4968,18.1636,15.1473,8.45911,11.5085,23.9155,8.75182,17.3684,18.7314,13.2182,1.51032,2.64416,4.42846,19.0142,24.4997,5.85894,17.1354,14.3666,17.3302,8.79869,12.8998,22.3663,2.97396,19.6022,19.6022,15.3717,11.148,15.05,4.59522,13.2111,26.8364,3.95383,19.6022,15.2456,20.9423,1.97314,17.3302,22.2747,2.73333,10.7059,18.1636,13.2111,9.73689,15.9531,27.2848,14.0277,15.05,13.2182,6.11537,17.1354,28.9702,15.9849,0.920497,23.9444,21.5135,17.9182,0.851913,18.7314,25.8274,20.8634,6.03462,2.55648,13.2182,17.3393,21.2508,11.8624,15.4701,17.3302,17.3302,9.0083,23.0089,4.9431,18.7314,27.153,
STATS - lpIterations[104] lagIterations[508] sspIterations[10379] numSeparations[855] numCuts[0] compileTime[0] sspSolveTime[77] lpSolveTime[0] lb[2694.9] ub[2694.9] numArcs: [671468] numFixed: [671011] time: [155]
DUALS 155,2694.9,671468,671011,0,9.23187,6.57974,27.7541,20.0703,16.6506,14.569,22.1763,23.9967,10.7059,16.6506,11.3687,16.1499,8.8252,12.2869,12.0643,19.6022,2.99021,20.505,11.1174,13.6346,20.1608,19.6022,19.771,12.8338,12.8002,14.9073,13.6346,9.99228,13.2111,12.9066,12.2287,28.5117,17.1354,3.62955,10.7059,17.1354,17.7057,19.6022,1.44499,9.98485,18.1744,13.2111,6.57974,12.5455,13.6346,19.3442,14.0456,9.68334,6.98109,15.4565,21.1238,17.3302,6.15213,23.3275,17.49,3.26989,17.5937,20.9769,10.6461,27.8598,7.87852,7.64237,4.63484,1.53267,22.6147,18.0155,2.27871,7.76172,24.4997,18.3046,6.12136,20.0703,15.6445,1.50282,17.3302,10.4716,7.37161,5.83579,13.2111,8.509,15.0823,25.9024,17.1354,22.7639,16.4623,21.1238,13.2111,26.8192,10.5381,11.0707,16.2911,17.3302,14.6632,21.1238,3.1271,8.45911,11.8624,25.1479,6.15213,7.04909,14.3666,14.2184,20.736,22.2915,6.69397,19.3442,1.18054,2.68167,0.638787,4.30324,7.06461,13.2111,14.1008,19.6022,21.1238,16.6557,6.98109,17.1354,10.7059,11.0154,16.6873,5.76177,12.1856,23.0089,20.0703,10.7059,21.4968,19.3442,15.1473,8.45911,11.5085,23.9155,8.75182,17.3684,18.7314,13.2182,1.51032,2.64416,4.42846,19.0142,24.4997,5.85894,17.1354,14.3666,17.3302,8.79869,12.8998,22.3663,2.97396,19.6022,19.6022,15.3717,11.148,15.05,4.59522,13.2111,26.8364,5.13437,19.6022,15.2456,20.9423,1.97314,17.3302,22.2747,0.372253,10.7059,19.3442,13.2111,9.73689,15.9531,27.2848,14.0277,15.05,13.2182,6.11537,17.1354,28.9702,15.9849,0.920497,22.7639,21.5135,17.9182,0.851913,18.7314,25.8274,20.8634,6.03462,0.195403,13.2182,17.3393,20.0703,11.8624,16.6506,17.3302,17.3302,9.0083,23.0089,4.9431,18.7314,27.153,
STATS - lpIterations[105] lagIterations[509] sspIterations[10399] numSeparations[855] numCuts[0] compileTime[0] sspSolveTime[77] lpSolveTime[0] lb[2694.9] ub[2694.9] numArcs: [671468] numFixed: [671011] time: [156]
DUALS 156,2694.9,671468,671011,0,9.23187,6.57974,27.7541,20.0703,16.6506,14.569,22.1763,23.9967,10.7059,16.6506,11.3687,16.1499,8.8252,12.2869,12.0643,19.6022,0.308318,20.505,11.1174,13.6346,20.1608,19.6022,19.771,12.8338,12.8002,14.9073,13.6346,9.99228,13.2111,12.9066,12.2287,28.5117,17.1354,3.62955,10.7059,17.1354,17.7057,19.6022,0,9.98485,18.1744,13.2111,6.57974,12.5455,13.6346,19.3442,14.0456,9.68334,6.98109,15.4565,21.1238,17.3302,6.15213,23.3275,17.49,3.26989,17.5937,20.9769,10.6461,27.8598,7.87852,7.64237,4.63484,1.53267,22.6147,18.0155,2.27871,7.76172,24.4997,18.3046,6.12136,20.0703,15.6445,1.50282,17.3302,10.4716,7.37161,5.83579,13.2111,8.509,15.0823,25.9024,17.1354,22.7639,16.4623,21.1238,13.2111,26.8192,10.5381,11.0707,16.2911,17.3302,14.6632,21.1238,3.1271,8.45911,11.8624,25.1479,6.15213,7.04909,14.3666,14.2184,20.736,22.2915,6.69397,19.3442,0,5.36357,0.638787,4.30324,7.06461,13.2111,14.1008,19.6022,21.1238,16.6557,6.98109,17.1354,10.7059,11.0154,16.6873,5.76177,12.1856,23.0089,20.0703,10.7059,21.4968,19.3442,15.1473,8.45911,11.5085,23.9155,8.75182,17.3684,18.7314,13.2182,1.51032,2.64416,4.42846,19.0142,24.4997,5.85894,17.1354,14.3666,17.3302,8.79869,12.8998,22.3663,2.97396,19.6022,19.6022,15.3717,11.148,15.05,4.59522,13.2111,26.8364,5.13437,19.6022,15.2456,20.9423,1.97314,17.3302,22.2747,3.05414,10.7059,19.3442,13.2111,9.73689,15.9531,27.2848,14.0277,15.05,13.2182,6.11537,17.1354,28.9702,15.9849,0.920497,22.7639,21.5135,17.9182,0.851913,18.7314,25.8274,20.8634,6.03462,2.8773,13.2182,17.3393,20.0703,11.8624,16.6506,17.3302,17.3302,9.0083,23.0089,4.9431,18.7314,27.153,
STATS - lpIterations[106] lagIterations[510] sspIterations[10419] numSeparations[855] numCuts[0] compileTime[0] sspSolveTime[77] lpSolveTime[0] lb[2694.9] ub[2694.9] numArcs: [671468] numFixed: [671011] time: [156]
DUALS 156,2694.9,671468,671011,0,9.23187,7.9387,27.7541,20.0703,15.2916,14.569,22.1763,23.9967,10.7059,15.2916,11.3687,16.1499,10.1842,12.2869,12.0643,19.6022,1.66728,20.505,11.1174,13.6346,20.1608,19.6022,19.771,12.8338,12.8002,14.9073,13.6346,9.99228,13.2111,12.9066,12.2287,28.5117,17.1354,2.27059,10.7059,17.1354,17.7057,19.6022,1.35896,9.98485,18.1744,13.2111,7.9387,12.5455,13.6346,17.9852,14.0456,9.68334,6.98109,15.4565,21.1238,17.3302,6.15213,23.3275,17.49,3.26989,17.5937,20.9769,10.6461,27.8598,7.87852,7.64237,4.63484,1.53267,22.6147,18.0155,3.63767,7.76172,24.4997,18.3046,6.12136,20.0703,15.6445,1.50282,17.3302,10.4716,7.37161,7.19475,13.2111,8.509,15.0823,25.9024,17.1354,22.7639,16.4623,21.1238,13.2111,26.8192,10.5381,12.4296,16.2911,17.3302,14.6632,21.1238,1.76814,8.45911,11.8624,25.1479,6.15213,7.04909,14.3666,14.2184,20.736,22.2915,6.69397,17.9852,1.35896,4.00461,0.638787,4.30324,7.06461,13.2111,14.1008,19.6022,21.1238,16.6557,6.98109,17.1354,10.7059,11.0154,16.6873,5.76177,12.1856,23.0089,20.0703,10.7059,21.4968,17.9852,15.1473,8.45911,11.5085,23.9155,8.75182,17.3684,18.7314,13.2182,1.51032,2.64416,4.42846,19.0142,24.4997,5.85894,17.1354,14.3666,17.3302,8.79869,12.8998,22.3663,2.97396,19.6022,19.6022,15.3717,11.148,15.05,5.95418,13.2111,26.8364,3.77541,19.6022,15.2456,20.9423,1.97314,17.3302,22.2747,1.69518,10.7059,17.9852,13.2111,9.73689,15.9531,27.2848,14.0277,15.05,13.2182,7.47433,17.1354,28.9702,15.9849,0.920497,22.7639,21.5135,17.9182,0.851913,18.7314,25.8274,20.8634,6.03462,1.51833,13.2182,17.3393,20.0703,11.8624,15.2916,17.3302,17.3302,9.0083,23.0089,4.9431,18.7314,27.153,
STATS - lpIterations[107] lagIterations[511] sspIterations[10439] numSeparations[855] numCuts[0] compileTime[0] sspSolveTime[77] lpSolveTime[0] lb[2694.9] ub[2694.9] numArcs: [671468] numFixed: [671011] time: [156]
DUALS 156,2694.9,671468,671011,0,9.23187,6.4865,27.7541,20.0703,16.7438,14.569,22.1763,23.9967,10.7059,16.7438,11.3687,16.1499,8.73197,12.2869,12.0643,19.6022,3.11947,20.505,11.1174,13.6346,20.1608,19.6022,19.771,12.8338,12.8002,14.9073,13.6346,9.99228,13.2111,12.9066,12.2287,28.5117,17.1354,3.72278,10.7059,17.1354,17.7057,19.6022,0,9.98485,18.1744,13.2111,6.4865,12.5455,13.6346,19.4374,14.0456,9.68334,6.98109,15.4565,21.1238,17.3302,6.15213,23.3275,17.49,3.26989,17.5937,20.9769,10.6461,27.8598,7.87852,7.64237,4.63484,1.53267,22.6147,18.0155,2.18548,7.76172,24.4997,18.3046,6.12136,20.0703,15.6445,1.50282,17.3302,10.4716,7.37161,5.74255,13.2111,8.509,15.0823,25.9024,17.1354,22.7639,16.4623,21.1238,13.2111,26.8192,10.5381,10.9774,16.2911,17.3302,14.6632,21.1238,3.22033,8.45911,11.8624,25.1479,6.15213,7.04909,14.3666,14.2184,20.736,22.2915,6.69397,19.4374,0,2.55241,0.638787,4.30324,7.06461,13.2111,14.1008,19.6022,21.1238,16.6557,6.98109,17.1354,10.7059,11.0154,16.6873,5.76177,12.1856,23.0089,20.0703,10.7059,21.4968,19.4374,15.1473,8.45911,11.5085,23.9155,8.75182,17.3684,18.7314,13.2182,1.51032,2.64416,4.42846,19.0142,24.4997,5.85894,17.1354,14.3666,17.3302,8.79869,12.8998,22.3663,2.97396,19.6022,19.6022,15.3717,11.148,15.05,4.50198,13.2111,26.8364,5.2276,19.6022,15.2456,20.9423,1.97314,17.3302,22.2747,0.242988,10.7059,19.4374,13.2111,9.73689,15.9531,27.2848,14.0277,15.05,13.2182,6.02213,17.1354,28.9702,15.9849,0.920497,22.7639,21.5135,17.9182,0.851913,18.7314,25.8274,20.8634,6.03462,0.0661392,13.2182,18.7915,20.0703,11.8624,16.7438,17.3302,17.3302,9.0083,23.0089,4.9431,18.7314,27.153,
STATS - lpIterations[108] lagIterations[512] sspIterations[10459] numSeparations[855] numCuts[0] compileTime[0] sspSolveTime[77] lpSolveTime[0] lb[2694.9] ub[2694.9] numArcs: [671468] numFixed: [671011] time: [156]
DUALS 156,2694.9,671467,671011,0,9.23187,7.34873,27.7541,20.0703,16.7438,14.569,22.1763,23.9967,10.7059,15.8816,11.3687,16.1499,9.5942,12.2869,12.0643,19.6022,3.11947,20.505,11.1174,13.6346,20.1608,19.6022,19.771,12.8338,12.8002,14.9073,13.6346,9.99228,13.2111,12.9066,12.2287,28.5117,17.1354,1.99833,10.7059,17.1354,17.7057,19.6022,0.862228,9.98485,18.1744,13.2111,7.34873,12.5455,13.6346,18.5752,14.0456,9.68334,6.98109,15.4565,21.1238,17.3302,6.15213,23.3275,17.49,3.26989,17.5937,20.9769,10.6461,27.8598,7.87852,7.64237,4.63484,1.53267,22.6147,18.0155,3.0477,7.76172,24.4997,18.3046,6.12136,20.0703,15.6445,1.50282,17.3302,10.4716,7.37161,6.60478,13.2111,8.509,15.0823,25.9024,17.1354,22.7639,16.4623,21.1238,13.2111,26.8192,10.5381,11.8397,16.2911,17.3302,14.6632,21.1238,1.49588,8.45911,11.8624,25.1479,6.15213,7.04909,14.3666,14.2184,20.736,22.2915,6.69397,18.5752,0.862228,3.41464,0.638787,4.30324,7.06461,13.2111,14.1008,19.6022,21.1238,16.6557,6.98109,17.1354,10.7059,11.0154,16.6873,5.76177,12.1856,23.0089,20.0703,10.7059,21.4968,18.5752,15.1473,8.45911,11.5085,23.9155,8.75182,17.3684,18.7314,13.2182,1.51032,2.64416,4.42846,19.0142,24.4997,5.85894,17.1354,14.3666,17.3302,8.79869,12.8998,22.3663,2.97396,19.6022,19.6022,15.3717,11.148,15.05,5.36421,13.2111,26.8364,3.50315,19.6022,15.2456,20.9423,1.97314,17.3302,22.2747,1.10522,10.7059,18.5752,13.2111,9.73689,15.9531,27.2848,14.0277,15.05,13.2182,6.88436,17.1354,28.9702,15.9849,0.920497,22.7639,21.5135,17.9182,0.851913,18.7314,25.8274,20.8634,6.03462,0.928367,13.2182,17.9293,20.0703,11.8624,15.8816,17.3302,17.3302,9.0083,23.0089,4.9431,18.7314,27.153,
STATS - lpIterations[109] lagIterations[513] sspIterations[10480] numSeparations[855] numCuts[0] compileTime[0] sspSolveTime[77] lpSolveTime[0] lb[2694.9] ub[2694.9] numArcs: [671467] numFixed: [671024] time: [156]
DUALS 157,2694.9,671466,671024,0,9.23187,5.12929,27.7541,20.0703,16.7438,14.569,22.1763,23.9967,10.7059,15.8816,11.3687,16.1499,7.37476,12.2869,12.0643,19.6022,5.33891,20.505,11.1174,13.6346,20.1608,19.6022,19.771,12.8338,12.8002,14.9073,13.6346,9.99228,13.2111,12.9066,12.2287,28.5117,17.1354,1.99833,10.7059,17.1354,17.7057,19.6022,0,9.98485,18.1744,13.2111,5.12929,12.5455,13.6346,18.5752,14.0456,9.68334,6.98109,15.4565,21.1238,17.3302,6.15213,23.3275,17.49,3.26989,17.5937,20.9769,10.6461,27.8598,7.87852,7.64237,4.63484,1.53267,22.6147,18.0155,0.828268,7.76172,24.4997,18.3046,6.12136,20.0703,15.6445,1.50282,17.3302,10.4716,7.37161,4.38534,13.2111,8.509,15.0823,25.9024,17.1354,22.7639,16.4623,21.1238,13.2111,26.8192,10.5381,9.62023,16.2911,17.3302,14.6632,21.1238,1.49588,8.45911,11.8624,25.1479,6.15213,7.04909,14.3666,14.2184,20.736,22.2915,6.69397,18.5752,0,1.1952,0.638787,4.30324,7.06461,13.2111,14.1008,19.6022,21.1238,16.6557,6.98109,17.1354,10.7059,11.0154,16.6873,5.76177,12.1856,23.0089,20.0703,10.7059,21.4968,18.5752,15.1473,8.45911,11.5085,23.9155,8.75182,17.3684,18.7314,13.2182,1.51032,2.64416,4.42846,19.0142,24.4997,5.85894,17.1354,14.3666,17.3302,8.79869,12.8998,22.3663,2.97396,19.6022,19.6022,15.3717,11.148,15.05,3.14477,13.2111,26.8364,3.50315,19.6022,15.2456,20.9423,1.97314,17.3302,22.2747,1.10522,10.7059,18.5752,13.2111,9.73689,15.9531,27.2848,14.0277,15.05,13.2182,4.66493,17.1354,28.9702,15.9849,0.920497,22.7639,21.5135,17.9182,0.851913,18.7314,25.8274,20.8634,6.03462,0.928367,13.2182,17.9293,20.0703,11.8624,15.8816,17.3302,17.3302,9.0083,23.0089,4.9431,18.7314,27.153,
STATS - lpIterations[110] lagIterations[514] sspIterations[10500] numSeparations[855] numCuts[0] compileTime[0] sspSolveTime[77] lpSolveTime[0] lb[2694.9] ub[2694.9] numArcs: [671466] numFixed: [671024] time: [157]
DUALS 157,2694.9,671466,671024,0,9.23187,6.21846,27.7541,20.0703,16.7438,14.569,22.1763,23.9967,10.7059,15.8816,11.3687,16.1499,8.46393,12.2869,12.0643,19.6022,2.07142,20.505,11.1174,13.6346,20.1608,19.6022,19.771,12.8338,12.8002,14.9073,13.6346,9.99228,13.2111,12.9066,12.2287,28.5117,16.0462,3.08749,10.7059,16.0462,17.7057,19.6022,1.08916,9.98485,18.1744,13.2111,6.21846,12.5455,13.6346,18.5752,14.0456,9.68334,6.98109,15.4565,21.1238,17.3302,6.15213,23.3275,17.49,3.26989,17.5937,20.9769,10.6461,27.8598,7.87852,7.64237,4.63484,1.53267,22.6147,18.0155,1.91743,7.76172,24.4997,18.3046,6.12136,20.0703,15.6445,1.50282,17.3302,10.4716,7.37161,5.47451,13.2111,8.509,15.0823,25.9024,16.0462,22.7639,16.4623,21.1238,13.2111,26.8192,10.5381,10.7094,16.2911,17.3302,14.6632,21.1238,2.58504,8.45911,11.8624,25.1479,6.15213,7.04909,14.3666,14.2184,20.736,22.2915,6.69397,18.5752,1.08916,2.28437,0.638787,4.30324,7.06461,13.2111,14.1008,19.6022,21.1238,16.6557,6.98109,16.0462,10.7059,11.0154,15.5981,5.76177,12.1856,23.0089,20.0703,10.7059,21.4968,18.5752,15.1473,8.45911,11.5085,23.9155,8.75182,17.3684,18.7314,13.2182,1.51032,2.64416,4.42846,19.0142,24.4997,5.85894,16.0462,14.3666,17.3302,8.79869,12.8998,22.3663,2.97396,19.6022,19.6022,15.3717,11.148,15.05,4.23394,13.2111,26.8364,4.59231,19.6022,15.2456,20.9423,1.97314,17.3302,22.2747,1.10522,10.7059,18.5752,13.2111,9.73689,15.9531,27.2848,14.0277,15.05,13.2182,5.75409,16.0462,28.9702,15.9849,0.920497,22.7639,21.5135,17.9182,0.851913,18.7314,25.8274,20.8634,6.03462,2.01753,13.2182,17.9293,20.0703,11.8624,15.8816,17.3302,17.3302,9.0083,23.0089,4.9431,18.7314,27.153,
STATS - lpIterations[111] lagIterations[515] sspIterations[10520] numSeparations[855] numCuts[0] compileTime[0] sspSolveTime[77] lpSolveTime[0] lb[2694.9] ub[2694.9] numArcs: [671466] numFixed: [671027] time: [157]
DUALS 157,2694.9,671466,671027,0,9.23187,6.21846,27.7541,20.0703,16.7438,14.569,22.1763,23.9967,10.7059,15.8816,11.3687,16.1499,8.46393,12.2869,12.0643,19.6022,7.90778,20.505,11.1174,13.6346,20.1608,19.6022,19.771,12.8338,12.8002,14.9073,13.6346,9.99228,13.2111,12.9066,12.2287,28.5117,16.0462,3.08749,10.7059,16.0462,17.7057,19.6022,1.08916,9.98485,18.1744,13.2111,6.21846,12.5455,13.6346,18.5752,14.0456,9.68334,6.98109,15.4565,21.1238,17.3302,6.15213,23.3275,17.49,3.26989,17.5937,20.9769,10.6461,27.8598,7.87852,7.64237,4.63484,1.53267,22.6147,18.0155,1.91743,7.76172,24.4997,18.3046,6.12136,20.0703,15.6445,1.50282,17.3302,10.4716,7.37161,5.47451,13.2111,8.509,15.0823,25.9024,16.0462,22.7639,16.4623,21.1238,13.2111,26.8192,10.5381,10.7094,16.2911,17.3302,14.6632,21.1238,2.58504,8.45911,11.8624,25.1479,6.15213,7.04909,14.3666,14.2184,20.736,22.2915,6.69397,18.5752,1.08916,0,0.638787,4.30324,7.06461,13.2111,14.1008,19.6022,21.1238,16.6557,6.98109,16.0462,10.7059,11.0154,15.5981,5.76177,12.1856,23.0089,20.0703,10.7059,21.4968,18.5752,15.1473,8.45911,11.5085,23.9155,8.75182,17.3684,18.7314,13.2182,1.51032,2.64416,4.42846,19.0142,24.4997,5.85894,16.0462,14.3666,17.3302,8.79869,12.8998,22.3663,2.97396,19.6022,19.6022,15.3717,11.148,15.05,4.23394,13.2111,26.8364,4.59231,19.6022,15.2456,20.9423,1.97314,17.3302,22.2747,0,10.7059,18.5752,13.2111,9.73689,15.9531,27.2848,14.0277,15.05,13.2182,5.75409,16.0462,28.9702,15.9849,0.920497,22.7639,21.5135,17.9182,0.851913,18.7314,25.8274,20.8634,6.03462,0,13.2182,17.9293,20.0703,11.8624,15.8816,17.3302,17.3302,9.0083,23.0089,4.9431,18.7314,27.153,
STATS - lpIterations[112] lagIterations[516] sspIterations[10540] numSeparations[855] numCuts[0] compileTime[0] sspSolveTime[77] lpSolveTime[0] lb[2694.9] ub[2694.9] numArcs: [671466] numFixed: [671027] time: [157]
DUALS 157,2694.9,671466,671027,0,9.23187,6.21846,27.7541,20.0703,16.7438,14.569,22.1763,23.9967,10.7059,15.8816,11.3687,16.1499,8.46393,12.2869,12.0643,19.6022,2.81682,20.505,11.1174,13.6346,20.1608,19.6022,19.771,12.8338,12.8002,14.9073,13.6346,9.99228,13.2111,12.9066,12.2287,28.5117,16.0462,3.08749,10.7059,16.0462,17.7057,19.6022,0,9.98485,18.1744,13.2111,6.21846,12.5455,13.6346,18.5752,14.0456,9.68334,6.98109,15.4565,21.1238,17.3302,6.15213,23.3275,17.49,3.26989,17.5937,20.9769,10.6461,27.8598,7.87852,7.64237,4.63484,1.53267,22.6147,18.0155,3.61442,7.76172,24.4997,18.3046,6.12136,20.0703,15.6445,1.50282,17.3302,10.4716,7.37161,5.47451,13.2111,8.509,15.0823,25.9024,16.0462,22.7639,16.4623,21.1238,13.2111,26.8192,10.5381,10.7094,16.2911,17.3302,14.6632,21.1238,2.58504,8.45911,11.8624,25.1479,6.15213,7.04909,14.3666,14.2184,20.736,22.2915,6.69397,18.5752,0,1.69699,0.638787,4.30324,7.06461,13.2111,14.1008,19.6022,21.1238,16.6557,6.98109,16.0462,10.7059,11.0154,15.5981,5.76177,12.1856,23.0089,20.0703,10.7059,21.4968,18.5752,15.1473,8.45911,11.5085,23.9155,8.75182,17.3684,18.7314,13.2182,1.51032,2.64416,4.42846,19.0142,24.4997,5.85894,16.0462,14.3666,17.3302,8.79869,12.8998,22.3663,2.97396,19.6022,19.6022,15.3717,11.148,15.05,4.23394,13.2111,26.8364,4.59231,19.6022,15.2456,20.9423,1.97314,17.3302,22.2747,1.69699,10.7059,18.5752,13.2111,9.73689,15.9531,27.2848,14.0277,15.05,13.2182,5.75409,16.0462,28.9702,15.9849,0.920497,22.7639,21.5135,17.9182,0.851913,18.7314,25.8274,20.8634,6.03462,1.69699,13.2182,17.9293,20.0703,11.8624,15.8816,17.3302,17.3302,9.0083,23.0089,4.9431,18.7314,27.153,
STATS - lpIterations[113] lagIterations[517] sspIterations[10560] numSeparations[855] numCuts[0] compileTime[0] sspSolveTime[77] lpSolveTime[0] lb[2694.9] ub[2694.9] numArcs: [671466] numFixed: [671040] time: [157]
DUALS 157,2694.9,671466,671040,0,9.23187,6.21846,27.7541,20.0703,16.7438,14.569,22.1763,23.9967,10.7059,15.8816,11.3687,16.1499,8.46393,12.2869,12.0643,19.6022,2.81682,20.505,11.1174,13.6346,20.1608,19.6022,19.771,12.8338,12.8002,14.9073,13.6346,9.99228,13.2111,12.9066,12.2287,28.5117,16.0462,3.08749,10.7059,16.0462,17.7057,19.6022,4.48594,9.98485,18.1744,13.2111,6.21846,12.5455,13.6346,18.5752,14.0456,9.68334,6.98109,15.4565,21.1238,17.3302,6.15213,23.3275,17.49,3.26989,17.5937,20.9769,10.6461,27.8598,7.87852,7.64237,4.63484,1.53267,22.6147,18.0155,3.61442,7.76172,24.4997,18.3046,6.12136,20.0703,15.6445,1.50282,17.3302,10.4716,7.37161,5.47451,13.2111,8.509,15.0823,25.9024,16.0462,22.7639,16.4623,21.1238,13.2111,26.8192,10.5381,10.7094,16.2911,17.3302,14.6632,21.1238,2.58504,8.45911,11.8624,25.1479,6.15213,7.04909,14.3666,14.2184,20.736,22.2915,6.69397,18.5752,4.48594,0,0.638787,4.30324,7.06461,13.2111,14.1008,19.6022,21.1238,16.6557,6.98109,16.0462,10.7059,11.0154,15.5981,5.76177,12.1856,23.0089,20.0703,10.7059,21.4968,18.5752,15.1473,8.45911,11.5085,23.9155,8.75182,17.3684,18.7314,13.2182,1.51032,2.64416,4.42846,19.0142,24.4997,5.85894,16.0462,14.3666,17.3302,8.79869,12.8998,22.3663,2.97396,19.6022,19.6022,15.3717,11.148,15.05,4.23394,13.2111,26.8364,4.59231,19.6022,15.2456,20.9423,1.97314,17.3302,22.2747,0,10.7059,18.5752,13.2111,9.73689,15.9531,27.2848,14.0277,15.05,13.2182,5.75409,16.0462,28.9702,15.9849,0.920497,22.7639,21.5135,17.9182,0.851913,18.7314,25.8274,20.8634,6.03462,0,13.2182,17.9293,20.0703,11.8624,15.8816,17.3302,17.3302,9.0083,23.0089,4.9431,18.7314,27.153,
STATS - lpIterations[114] lagIterations[518] sspIterations[10581] numSeparations[855] numCuts[0] compileTime[0] sspSolveTime[77] lpSolveTime[0] lb[2694.9] ub[2694.9] numArcs: [671466] numFixed: [671040] time: [158]
DUALS 158,2694.9,671466,671040,0,9.23187,5.01826,27.7541,20.0703,16.7438,14.569,22.1763,23.9967,10.7059,15.8816,11.3687,16.1499,7.26373,12.2869,12.0643,19.6022,2.81682,20.505,11.1174,13.6346,20.1608,19.6022,19.771,12.8338,12.8002,14.9073,13.6346,9.99228,13.2111,12.9066,12.2287,28.5117,16.0462,3.08749,10.7059,16.0462,17.7057,19.6022,0.885363,9.98485,18.1744,13.2111,5.01826,12.5455,13.6346,18.5752,14.0456,9.68334,6.98109,15.4565,21.1238,17.3302,6.15213,23.3275,17.49,3.26989,17.5937,20.9769,10.6461,27.8598,7.87852,7.64237,4.63484,1.53267,22.6147,18.0155,2.41423,7.76172,24.4997,18.3046,6.12136,20.0703,15.6445,1.50282,17.3302,10.4716,7.37161,4.27432,13.2111,8.509,15.0823,25.9024,16.0462,22.7639,16.4623,21.1238,13.2111,26.8192,10.5381,9.5092,16.2911,17.3302,14.6632,21.1238,3.78524,8.45911,11.8624,25.1479,6.15213,7.04909,14.3666,14.2184,20.736,22.2915,6.69397,18.5752,0,1.20019,0.638787,4.30324,7.06461,13.2111,14.1008,19.6022,21.1238,16.6557,6.98109,16.0462,10.7059,11.0154,15.5981,5.76177,12.1856,23.0089,20.0703,10.7059,21.4968,18.5752,15.1473,8.45911,11.5085,23.9155,8.75182,17.3684,18.7314,13.2182,1.51032,2.64416,4.42846,19.0142,24.4997,5.85894,16.0462,14.3666,17.3302,8.79869,12.8998,22.3663,2.97396,19.6022,19.6022,15.3717,11.148,15.05,3.03374,13.2111,26.8364,4.59231,19.6022,15.2456,20.9423,1.97314,17.3302,22.2747,1.20019,10.7059,18.5752,13.2111,9.73689,15.9531,27.2848,14.0277,15.05,13.2182,4.5539,16.0462,28.9702,15.9849,0.920497,22.7639,21.5135,17.9182,0.851913,18.7314,25.8274,20.8634,6.03462,1.20019,13.2182,17.9293,20.0703,11.8624,15.8816,17.3302,17.3302,9.0083,23.0089,4.9431,18.7314,27.153,
STATS - lpIterations[115] lagIterations[519] sspIterations[10601] numSeparations[855] numCuts[0] compileTime[0] sspSolveTime[77] lpSolveTime[0] lb[2694.9] ub[2694.9] numArcs: [671466] numFixed: [671043] time: [158]
DUALS 158,2694.9,671466,671043,0,9.23187,6.21291,27.7541,20.0703,16.7438,14.569,22.1763,23.9967,10.7059,14.687,11.3687,16.1499,8.45838,12.2869,12.0643,19.6022,1.62216,20.505,11.1174,13.6346,20.1608,19.6022,19.771,12.8338,12.8002,14.9073,13.6346,9.99228,13.2111,12.9066,12.2287,28.5117,16.0462,1.89284,10.7059,16.0462,17.7057,19.6022,2.08001,9.98485,18.1744,13.2111,6.21291,12.5455,13.6346,17.3805,14.0456,9.68334,6.98109,15.4565,21.1238,17.3302,6.15213,23.3275,17.49,3.26989,17.5937,20.9769,10.6461,27.8598,7.87852,7.64237,4.63484,1.53267,22.6147,18.0155,3.60888,7.76172,24.4997,18.3046,6.12136,20.0703,15.6445,1.50282,17.3302,10.4716,7.37161,5.46897,13.2111,8.509,15.0823,25.9024,16.0462,22.7639,16.4623,21.1238,13.2111,26.8192,10.5381,10.7039,16.2911,17.3302,14.6632,21.1238,2.59058,8.45911,11.8624,25.1479,6.15213,7.04909,14.3666,14.2184,20.736,22.2915,6.69397,17.3805,1.19465,2.39484,0.638787,4.30324,7.06461,13.2111,14.1008,19.6022,21.1238,16.6557,6.98109,16.0462,10.7059,11.0154,15.5981,5.76177,12.1856,23.0089,20.0703,10.7059,21.4968,17.3805,15.1473,8.45911,11.5085,23.9155,8.75182,17.3684,18.7314,13.2182,1.51032,2.64416,4.42846,19.0142,24.4997,5.85894,16.0462,14.3666,17.3302,8.79869,12.8998,22.3663,2.97396,19.6022,19.6022,15.3717,11.148,15.05,4.2284,13.2111,26.8364,3.39766,19.6022,15.2456,20.9423,1.97314,17.3302,22.2747,2.39484,10.7059,17.3805,13.2111,9.73689,15.9531,27.2848,14.0277,15.05,13.2182,5.74855,16.0462,28.9702,15.9849,0.920497,22.7639,21.5135,17.9182,0.851913,18.7314,25.8274,20.8634,6.03462,2.39484,13.2182,16.7347,20.0703,11.8624,14.687,17.3302,17.3302,9.0083,23.0089,4.9431,18.7314,27.153,
STATS - lpIterations[116] lagIterations[520] sspIterations[10620] numSeparations[855] numCuts[0] compileTime[0] sspSolveTime[77] lpSolveTime[0] lb[2694.9] ub[2694.9] numArcs: [671466] numFixed: [671043] time: [158]
DUALS 158,2694.9,671466,671043,0,9.23187,6.21291,27.7541,20.0703,18.6665,14.569,22.1763,23.9967,10.7059,16.6096,11.3687,16.1499,8.45838,12.2869,12.0643,19.6022,3.54482,20.505,11.1174,13.6346,20.1608,19.6022,19.771,12.8338,12.8002,14.9073,13.6346,9.99228,13.2111,12.9066,12.2287,28.5117,16.0462,3.8155,10.7059,16.0462,17.7057,19.6022,2.08001,9.98485,18.1744,13.2111,6.21291,12.5455,13.6346,19.3032,14.0456,9.68334,6.98109,15.4565,21.1238,17.3302,6.15213,23.3275,17.49,3.26989,17.5937,20.9769,10.6461,27.8598,7.87852,7.64237,4.63484,1.53267,22.6147,18.0155,3.60888,7.76172,24.4997,18.3046,6.12136,20.0703,15.6445,1.50282,17.3302,10.4716,7.37161,5.46897,13.2111,8.509,15.0823,25.9024,16.0462,22.7639,16.4623,21.1238,13.2111,26.8192,10.5381,10.7039,16.2911,17.3302,14.6632,21.1238,4.51324,8.45911,11.8624,25.1479,6.15213,7.04909,14.3666,14.2184,20.736,22.2915,6.69397,19.3032,1.19465,0.472185,0.638787,4.30324,7.06461,13.2111,14.1008,19.6022,21.1238,16.6557,6.98109,16.0462,10.7059,11.0154,15.5981,5.76177,12.1856,23.0089,20.0703,10.7059,21.4968,19.3032,15.1473,8.45911,11.5085,23.9155,8.75182,17.3684,18.7314,13.2182,1.51032,2.64416,4.42846,19.0142,24.4997,5.85894,16.0462,14.3666,17.3302,8.79869,12.8998,22.3663,2.97396,19.6022,19.6022,15.3717,11.148,15.05,4.2284,13.2111,26.8364,5.32032,19.6022,15.2456,20.9423,1.97314,17.3302,22.2747,0.472185,10.7059,19.3032,13.2111,9.73689,15.9531,27.2848,14.0277,15.05,13.2182,5.74855,16.0462,28.9702,15.9849,0.920497,22.7639,21.5135,17.9182,0.851913,18.7314,25.8274,20.8634,6.03462,0.472185,13.2182,18.6573,20.0703,11.8624,16.6096,17.3302,17.3302,9.0083,23.0089,4.9431,18.7314,27.153,
STATS - lpIterations[117] lagIterations[521] sspIterations[10640] numSeparations[855] numCuts[0] compileTime[0] sspSolveTime[78] lpSolveTime[0] lb[2694.9] ub[2694.9] numArcs: [671466] numFixed: [671043] time: [158]
DUALS 158,2694.9,671466,671043,0,9.23187,7.66411,27.7541,20.0703,17.2153,14.569,22.1763,23.9967,10.7059,15.1584,11.3687,16.1499,9.90958,12.2869,12.0643,19.6022,3.54482,20.505,11.1174,13.6346,20.1608,19.6022,19.771,12.8338,12.8002,14.9073,13.6346,9.99228,13.2111,12.9066,12.2287,28.5117,16.0462,2.36431,10.7059,16.0462,17.7057,19.6022,0.628822,9.98485,18.1744,13.2111,7.66411,12.5455,13.6346,17.852,14.0456,9.68334,6.98109,15.4565,21.1238,17.3302,6.15213,23.3275,17.49,3.26989,17.5937,20.9769,10.6461,27.8598,7.87852,7.64237,4.63484,1.53267,22.6147,18.0155,3.60888,7.76172,24.4997,18.3046,6.12136,20.0703,15.6445,1.50282,17.3302,10.4716,7.37161,6.92016,13.2111,8.509,15.0823,25.9024,16.0462,22.7639,16.4623,21.1238,13.2111,26.8192,10.5381,12.155,16.2911,17.3302,14.6632,21.1238,3.06205,8.45911,11.8624,25.1479,6.15213,7.04909,14.3666,14.2184,20.736,22.2915,6.69397,17.852,1.19465,1.92338,0.638787,4.30324,7.06461,13.2111,14.1008,19.6022,21.1238,16.6557,6.98109,16.0462,10.7059,11.0154,15.5981,5.76177,12.1856,23.0089,20.0703,10.7059,21.4968,17.852,15.1473,8.45911,11.5085,23.9155,8.75182,17.3684,18.7314,13.2182,1.51032,2.64416,4.42846,19.0142,24.4997,5.85894,16.0462,14.3666,17.3302,8.79869,12.8998,22.3663,2.97396,19.6022,19.6022,15.3717,11.148,15.05,5.67959,13.2111,26.8364,3.86912,19.6022,15.2456,20.9423,1.97314,17.3302,22.2747,1.92338,10.7059,17.852,13.2111,9.73689,15.9531,27.2848,14.0277,15.05,13.2182,7.19974,16.0462,28.9702,15.9849,0.920497,22.7639,21.5135,17.9182,0.851913,18.7314,25.8274,20.8634,6.03462,1.92338,13.2182,18.6573,20.0703,11.8624,15.1584,17.3302,17.3302,9.0083,23.0089,4.9431,18.7314,27.153,
STATS - lpIterations[118] lagIterations[522] sspIterations[10661] numSeparations[855] numCuts[0] compileTime[0] sspSolveTime[78] lpSolveTime[0] lb[2694.9] ub[2694.9] numArcs: [671466] numFixed: [671050] time: [158]
DUALS 159,2694.9,671466,671050,0,9.23187,5.59174,27.7541,20.0703,17.2153,14.569,22.1763,23.9967,10.7059,15.1584,11.3687,16.1499,7.83721,12.2869,12.0643,19.6022,5.61719,20.505,11.1174,13.6346,20.1608,19.6022,19.771,12.8338,12.8002,14.9073,13.6346,9.99228,13.2111,12.9066,12.2287,28.5117,16.0462,2.36431,10.7059,16.0462,17.7057,19.6022,0,9.98485,18.1744,13.2111,5.59174,12.5455,13.6346,17.852,14.0456,9.68334,6.98109,15.4565,21.1238,17.3302,6.15213,23.3275,17.49,3.26989,17.5937,20.9769,10.6461,27.8598,7.87852,7.64237,4.63484,1.53267,22.6147,18.0155,1.53651,7.76172,24.4997,18.3046,6.12136,20.0703,15.6445,1.50282,17.3302,10.4716,7.37161,4.84779,13.2111,8.509,15.0823,25.9024,16.0462,22.7639,16.4623,21.1238,13.2111,26.8192,10.5381,10.0827,16.2911,17.3302,14.6632,21.1238,3.06205,8.45911,11.8624,25.1479,6.15213,7.04909,14.3666,14.2184,20.736,22.2915,6.69397,17.852,0,0,0.638787,4.30324,7.06461,13.2111,14.1008,19.6022,21.1238,16.6557,6.98109,16.0462,10.7059,11.0154,15.5981,5.76177,12.1856,23.0089,20.0703,10.7059,21.4968,17.852,15.1473,8.45911,11.5085,23.9155,8.75182,17.3684,18.7314,13.2182,1.51032,2.64416,4.42846,19.0142,24.4997,5.85894,16.0462,14.3666,17.3302,8.79869,12.8998,22.3663,2.97396,19.6022,19.6022,15.3717,11.148,15.05,3.60722,13.2111,26.8364,3.86912,19.6022,15.2456,20.9423,1.97314,17.3302,22.2747,0,10.7059,17.852,13.2111,9.73689,15.9531,27.2848,14.0277,15.05,13.2182,5.12737,16.0462,28.9702,15.9849,0.920497,22.7639,21.5135,17.9182,0.851913,18.7314,25.8274,20.8634,6.03462,0,13.2182,18.6573,20.0703,11.8624,15.1584,17.3302,17.3302,9.0083,23.0089,4.9431,18.7314,27.153,
STATS - lpIterations[119] lagIterations[523] sspIterations[10681] numSeparations[855] numCuts[0] compileTime[0] sspSolveTime[78] lpSolveTime[0] lb[2694.9] ub[2694.9] numArcs: [671466] numFixed: [671050] time: [159]
DUALS 159,2694.9,671465,671050,0,9.23187,6.8221,27.7541,20.0703,17.2153,13.3387,22.1763,23.9967,10.7059,15.1584,8.90796,16.1499,9.06757,12.2869,12.0643,19.6022,4.38683,20.505,11.1174,13.6346,20.1608,19.6022,19.771,12.8338,12.8002,14.9073,13.6346,9.99228,13.2111,12.9066,12.2287,28.5117,16.0462,2.36431,10.7059,16.0462,17.7057,19.6022,1.23036,9.98485,18.1744,13.2111,6.8221,12.5455,13.6346,17.852,14.0456,9.68334,6.98109,15.4565,21.1238,17.3302,6.15213,23.3275,17.49,3.26989,17.5937,20.9769,10.6461,27.8598,7.87852,7.64237,4.63484,1.53267,22.6147,18.0155,2.76687,7.76172,24.4997,18.3046,6.12136,20.0703,15.6445,1.50282,17.3302,10.4716,7.37161,6.07815,13.2111,8.509,15.0823,25.9024,16.0462,22.7639,16.4623,21.1238,13.2111,26.8192,10.5381,11.313,16.2911,17.3302,14.6632,21.1238,3.06205,8.45911,11.8624,25.1479,6.15213,7.04909,14.3666,14.2184,20.736,22.2915,6.69397,17.852,1.23036,1.23036,0.638787,4.30324,7.06461,13.2111,14.1008,19.6022,21.1238,16.6557,6.98109,16.0462,10.7059,11.0154,15.5981,4.53141,12.1856,23.0089,20.0703,10.7059,21.4968,17.852,12.6866,8.45911,11.5085,23.9155,8.75182,17.3684,18.7314,13.2182,1.51032,2.64416,3.1981,19.0142,24.4997,5.85894,16.0462,14.3666,17.3302,8.79869,12.8998,22.3663,2.97396,19.6022,19.6022,15.3717,11.148,15.05,4.83758,13.2111,26.8364,3.86912,19.6022,15.2456,20.9423,1.97314,17.3302,21.0444,1.23036,10.7059,17.852,13.2111,9.73689,15.9531,27.2848,14.0277,15.05,13.2182,6.35773,16.0462,28.9702,15.9849,0.920497,22.7639,21.5135,17.9182,0.851913,18.7314,25.8274,20.8634,6.03462,1.23036,13.2182,18.6573,20.0703,11.8624,15.1584,17.3302,17.3302,9.0083,23.0089,4.9431,18.7314,27.153,
STATS - lpIterations[120] lagIterations[524] sspIterations[10702] numSeparations[855] numCuts[0] compileTime[0] sspSolveTime[78] lpSolveTime[0] lb[2694.9] ub[2694.9] numArcs: [671465] numFixed: [671072] time: [159]
DUALS 159,2694.9,671465,671072,0,9.23187,6.11572,27.7541,20.0703,17.2153,14.0451,22.1763,23.9967,10.7059,15.1584,9.61434,16.8563,8.36118,12.2869,12.0643,19.6022,2.97407,20.505,11.1174,13.6346,20.1608,19.6022,19.771,12.8338,12.8002,14.9073,13.6346,9.99228,13.2111,12.9066,12.2287,28.5117,16.0462,2.36431,10.7059,16.0462,17.7057,19.6022,0,9.98485,18.1744,13.2111,6.11572,12.5455,13.6346,17.852,14.0456,9.68334,6.98109,15.4565,21.1238,17.3302,6.15213,23.3275,17.49,3.26989,17.5937,20.9769,10.6461,27.8598,7.87852,7.64237,4.63484,1.53267,22.6147,18.0155,2.06049,7.76172,23.7933,17.5982,6.12136,20.0703,15.6445,1.50282,17.3302,10.4716,7.37161,5.37177,13.2111,8.509,15.0823,25.9024,16.0462,22.7639,16.4623,21.1238,13.2111,26.8192,10.5381,10.6067,16.2911,17.3302,14.6632,21.1238,3.06205,8.45911,11.8624,25.1479,6.15213,7.04909,14.3666,14.2184,20.736,22.2915,6.69397,17.852,0,1.93674,0.638787,4.30324,7.06461,13.2111,14.1008,19.6022,21.1238,16.6557,6.98109,16.0462,10.7059,11.0154,15.5981,5.23779,12.1856,22.3025,20.0703,10.7059,21.4968,17.852,13.393,8.45911,11.5085,23.9155,8.75182,17.3684,18.7314,13.2182,1.51032,2.64416,3.90448,19.0142,23.7933,5.85894,16.0462,14.3666,17.3302,8.79869,12.8998,22.3663,2.97396,19.6022,19.6022,15.3717,11.148,15.05,4.1312,13.2111,26.8364,3.86912,19.6022,15.2456,20.9423,1.97314,17.3302,21.0444,1.93674,10.7059,17.852,13.2111,9.73689,15.9531,27.2848,14.0277,15.05,13.2182,5.65135,16.0462,28.9702,15.9849,0.920497,22.7639,21.5135,17.9182,0.851913,18.7314,25.8274,20.8634,6.03462,1.93674,13.2182,18.6573,20.0703,11.8624,15.1584,17.3302,17.3302,9.0083,22.3025,4.9431,18.7314,26.4466,
STATS - lpIterations[121] lagIterations[525] sspIterations[10721] numSeparations[855] numCuts[0] compileTime[0] sspSolveTime[78] lpSolveTime[0] lb[2694.9] ub[2694.9] numArcs: [671465] numFixed: [671294] time: [159]
DUALS 159,2694.9,671461,671294,0,9.23187,6.11572,27.7541,20.0703,17.2153,14.0451,22.1763,23.9967,10.7059,15.1584,9.61434,16.8563,8.36118,12.2869,12.0643,19.6022,2.97407,20.505,11.1174,13.6346,20.1608,19.6022,19.771,12.8338,12.8002,14.9073,13.6346,9.99228,13.2111,12.9066,12.2287,28.5117,16.0462,2.36431,10.7059,16.0462,17.7057,19.6022,1.96908,9.98485,18.1744,13.2111,6.11572,12.5455,13.6346,17.852,14.0456,9.68334,6.98109,15.4565,21.1238,17.3302,6.15213,23.3275,17.49,3.26989,17.5937,20.9769,10.6461,27.8598,7.87852,7.64237,4.63484,1.53267,22.6147,18.0155,2.06049,7.76172,25.7624,17.5982,6.12136,20.0703,15.6445,1.50282,17.3302,10.4716,7.37161,5.37177,13.2111,8.509,15.0823,25.9024,16.0462,22.7639,16.4623,21.1238,13.2111,26.8192,10.5381,10.6067,16.2911,17.3302,14.6632,21.1238,3.06205,8.45911,11.8624,25.1479,6.15213,7.04909,14.3666,14.2184,22.7051,22.2915,6.69397,17.852,1.96908,0,0.638787,4.30324,7.06461,13.2111,14.1008,19.6022,21.1238,16.6557,6.98109,16.0462,10.7059,11.0154,15.5981,5.23779,12.1856,24.2716,20.0703,10.7059,21.4968,17.852,13.393,8.45911,11.5085,23.9155,8.75182,17.3684,18.7314,13.2182,1.51032,2.64416,3.90448,19.0142,25.7624,5.85894,16.0462,14.3666,17.3302,8.79869,12.8998,24.3354,2.97396,19.6022,19.6022,15.3717,11.148,15.05,4.1312,13.2111,26.8364,3.86912,19.6022,15.2456,20.9423,1.97314,17.3302,21.0444,0,10.7059,17.852,13.2111,9.73689,15.9531,27.2848,14.0277,15.05,13.2182,5.65135,16.0462,28.9702,15.9849,0.920497,22.7639,21.5135,17.9182,0.851913,18.7314,25.8274,20.8634,6.03462,0,13.2182,18.6573,20.0703,11.8624,15.1584,17.3302,17.3302,9.0083,24.2716,4.9431,18.7314,28.4157,
STATS - lpIterations[122] lagIterations[526] sspIterations[10742] numSeparations[855] numCuts[0] compileTime[0] sspSolveTime[78] lpSolveTime[0] lb[2694.9] ub[2694.9] numArcs: [671461] numFixed: [671294] time: [159]
DUALS 159,2694.9,671461,671294,0,9.23187,6.64286,27.7541,20.0703,17.2153,14.5722,22.1763,23.9967,10.7059,15.1584,10.1415,17.3834,8.88833,12.2869,12.0643,19.6022,2.44692,20.505,11.1174,13.6346,20.1608,19.6022,19.771,12.8338,12.8002,14.9073,13.6346,9.99228,13.2111,12.9066,12.2287,28.5117,16.0462,2.36431,10.7059,16.0462,17.7057,19.6022,1.96908,9.98485,17.6473,13.2111,6.64286,12.5455,13.6346,17.852,14.0456,9.68334,6.98109,15.4565,21.1238,17.3302,6.15213,23.3275,17.49,3.26989,17.5937,20.9769,10.6461,27.8598,7.87852,7.64237,4.63484,1.53267,22.6147,18.0155,2.58763,7.76172,24.181,16.0168,6.12136,20.0703,15.6445,1.50282,17.3302,10.4716,7.37161,5.89891,13.2111,8.509,15.0823,25.9024,16.0462,22.7639,16.4623,21.1238,13.2111,26.8192,10.5381,11.1338,16.2911,17.3302,14.6632,21.1238,3.06205,8.45911,11.8624,25.1479,6.15213,7.04909,14.3666,14.2184,22.178,22.2915,6.69397,17.852,1.44193,0.527146,0.638787,4.30324,7.06461,13.2111,14.1008,19.6022,21.1238,16.6557,6.98109,16.0462,10.7059,11.0154,15.5981,5.76494,12.1856,22.6901,20.0703,10.7059,21.4968,17.852,13.9201,8.45911,11.5085,23.9155,8.75182,17.3684,18.7314,13.2182,1.51032,2.64416,4.43163,19.0142,24.181,5.85894,16.0462,14.3666,17.3302,8.79869,12.8998,23.8082,2.97396,19.6022,19.6022,15.3717,11.148,15.05,4.65834,13.2111,26.8364,3.86912,19.6022,15.2456,20.9423,1.97314,17.3302,21.0444,0.527146,10.7059,17.852,13.2111,9.73689,15.9531,27.2848,14.0277,15.05,13.2182,6.1785,16.0462,28.9702,15.9849,0.920497,22.7639,21.5135,17.9182,0.851913,18.7314,25.8274,20.8634,6.03462,0.527146,13.2182,18.6573,20.0703,11.8624,15.1584,17.3302,17.3302,9.0083,22.6901,4.9431,18.7314,26.8342,
STATS - lpIterations[123] lagIterations[527] sspIterations[10762] numSeparations[855] numCuts[0] compileTime[0] sspSolveTime[78] lpSolveTime[0] lb[2694.9] ub[2694.9] numArcs: [671461] numFixed: [671294] time: [160]
DUALS 160,2694.9,671460,671294,0,9.23187,5.8205,27.7541,20.0703,17.2153,14.5722,22.1763,23.9967,10.7059,15.1584,10.1415,17.3834,8.06597,12.2869,12.0643,19.6022,2.44692,20.505,11.1174,13.6346,20.1608,19.6022,19.771,12.8338,12.8002,14.9073,13.6346,9.99228,13.2111,12.9066,12.2287,28.5117,16.0462,2.36431,10.7059,16.0462,17.7057,19.6022,0,9.98485,17.6473,13.2111,5.8205,12.5455,13.6346,17.852,14.868,9.68334,6.98109,15.4565,21.1238,17.3302,6.15213,23.3275,17.49,3.26989,17.5937,20.9769,10.6461,27.8598,7.87852,7.64237,4.63484,1.53267,22.6147,18.8378,0.942921,7.76172,24.181,16.8391,6.12136,20.0703,15.6445,1.50282,17.3302,10.4716,7.37161,5.07656,13.2111,8.509,15.0823,25.9024,16.0462,22.7639,16.4623,21.1238,13.2111,26.8192,10.5381,10.3114,17.1135,17.3302,14.6632,21.1238,3.06205,8.45911,11.8624,25.1479,6.15213,7.04909,14.3666,14.2184,22.178,22.2915,6.69397,17.852,0,1.3495,0.638787,4.30324,7.06461,13.2111,14.1008,19.6022,21.1238,16.6557,6.98109,16.0462,10.7059,11.0154,15.5981,5.76494,12.1856,22.6901,20.0703,10.7059,21.4968,17.852,13.9201,8.45911,11.5085,23.9155,8.75182,17.3684,18.7314,13.2182,1.51032,2.64416,4.43163,19.0142,24.181,5.85894,16.0462,14.3666,17.3302,8.79869,13.7222,23.8082,2.97396,19.6022,19.6022,15.3717,11.148,15.05,3.83599,13.2111,26.8364,3.86912,19.6022,16.0679,20.9423,1.97314,17.3302,21.8667,1.3495,10.7059,17.852,13.2111,9.73689,15.9531,27.2848,14.0277,15.05,13.2182,5.35614,16.0462,28.9702,15.9849,0.920497,22.7639,21.5135,17.9182,0.851913,18.7314,25.8274,20.8634,6.03462,1.3495,13.2182,18.6573,20.0703,11.8624,15.1584,17.3302,17.3302,9.0083,22.6901,4.9431,18.7314,26.8342,
STATS - lpIterations[124] lagIterations[528] sspIterations[10781] numSeparations[855] numCuts[0] compileTime[0] sspSolveTime[78] lpSolveTime[0] lb[2694.9] ub[2694.9] numArcs: [671460] numFixed: [671295] time: [160]
DUALS 160,2694.9,671460,671295,0,9.23187,6.80448,27.7541,20.0703,17.2153,13.5882,22.1763,23.9967,10.7059,15.1584,10.1415,16.3995,9.04995,12.2869,12.0643,19.6022,3.43089,20.505,11.1174,13.6346,20.1608,19.6022,19.771,12.8338,12.8002,14.9073,13.6346,9.99228,13.2111,12.9066,12.2287,28.5117,17.0302,2.36431,10.7059,17.0302,17.7057,19.6022,0.983971,9.98485,17.6473,13.2111,6.80448,12.5455,13.6346,17.852,13.884,9.68334,6.98109,15.4565,21.1238,17.3302,6.15213,23.3275,17.49,3.26989,18.5777,20.9769,10.6461,27.8598,7.87852,7.64237,4.63484,1.53267,22.6147,18.8378,1.92689,7.76172,24.181,16.8391,6.12136,20.0703,15.6445,1.50282,17.3302,10.4716,7.37161,6.06053,13.2111,8.509,15.0823,25.9024,17.0302,22.7639,16.4623,21.1238,13.2111,26.8192,10.5381,11.2954,16.1295,17.3302,14.6632,21.1238,3.06205,8.45911,11.8624,25.1479,6.15213,7.04909,14.3666,14.2184,22.178,22.2915,6.69397,17.852,0.983971,1.3495,0.638787,4.30324,7.06461,13.2111,14.1008,19.6022,21.1238,15.6717,6.98109,17.0302,10.7059,11.0154,16.5821,4.78097,12.1856,22.6901,20.0703,10.7059,21.4968,17.852,13.9201,8.45911,11.5085,23.9155,8.75182,17.3684,18.7314,13.2182,1.51032,2.64416,3.44766,19.0142,24.181,5.85894,17.0302,14.3666,17.3302,8.79869,13.7222,23.8082,2.97396,19.6022,19.6022,15.3717,11.148,15.05,4.81996,13.2111,26.8364,3.86912,19.6022,15.084,20.9423,1.97314,17.3302,21.8667,1.3495,10.7059,17.852,13.2111,9.73689,15.9531,27.2848,14.0277,15.05,13.2182,6.34011,17.0302,28.9702,15.9849,0.920497,22.7639,21.5135,17.9182,0.851913,18.7314,25.8274,20.8634,6.03462,1.3495,13.2182,18.6573,20.0703,11.8624,15.1584,17.3302,17.3302,9.0083,22.6901,4.9431,18.7314,26.8342,
STATS - lpIterations[125] lagIterations[529] sspIterations[10800] numSeparations[855] numCuts[0] compileTime[0] sspSolveTime[78] lpSolveTime[0] lb[2694.9] ub[2694.9] numArcs: [671460] numFixed: [671296] time: [160]
DUALS 160,2694.9,671460,671296,0,9.23187,6.80448,27.7541,20.0703,17.2153,15.1724,22.1763,23.9967,10.7059,15.1584,11.7257,17.9836,9.04995,12.2869,12.0643,19.6022,1.84673,20.505,11.1174,13.6346,20.1608,19.6022,19.771,12.8338,12.8002,14.9073,13.6346,9.99228,13.2111,12.9066,12.2287,28.5117,17.0302,2.36431,10.7059,17.0302,17.7057,19.6022,0,9.98485,17.6473,13.2111,6.80448,12.5455,13.6346,17.852,13.884,9.68334,6.98109,15.4565,21.1238,17.3302,6.15213,23.3275,17.49,3.26989,18.5777,20.9769,10.6461,27.8598,7.87852,7.64237,4.63484,1.53267,22.6147,18.8378,1.92689,7.76172,24.181,16.8391,6.12136,20.0703,17.2287,1.50282,17.3302,10.4716,7.37161,6.06053,13.2111,8.509,15.0823,25.9024,17.0302,22.7639,16.4623,21.1238,13.2111,26.8192,10.5381,11.2954,16.1295,17.3302,14.6632,21.1238,3.06205,8.45911,11.8624,25.1479,6.15213,7.04909,14.3666,14.2184,22.178,22.2915,6.69397,17.852,0,2.93367,0.638787,4.30324,7.06461,13.2111,14.1008,19.6022,21.1238,17.2559,6.98109,17.0302,10.7059,11.0154,16.5821,6.36513,12.1856,22.6901,20.0703,10.7059,21.4968,17.852,15.5043,8.45911,11.5085,23.9155,8.75182,17.3684,18.7314,13.2182,1.51032,2.64416,5.03182,19.0142,24.181,5.85894,17.0302,14.3666,17.3302,8.79869,13.7222,23.8082,2.97396,19.6022,19.6022,15.3717,11.148,15.05,4.81996,13.2111,26.8364,3.86912,19.6022,15.084,20.9423,1.97314,17.3302,21.8667,2.93367,10.7059,17.852,13.2111,9.73689,15.9531,27.2848,14.0277,15.05,13.2182,6.34011,17.0302,28.9702,15.9849,0.920497,22.7639,21.5135,17.9182,0.851913,18.7314,25.8274,20.8634,6.03462,2.93367,13.2182,18.6573,20.0703,11.8624,15.1584,17.3302,17.3302,9.0083,22.6901,4.9431,18.7314,26.8342,
STATS - lpIterations[126] lagIterations[530] sspIterations[10820] numSeparations[855] numCuts[0] compileTime[0] sspSolveTime[78] lpSolveTime[0] lb[2694.9] ub[2694.9] numArcs: [671460] numFixed: [671296] time: [160]
DUALS 160,2694.9,671460,671296,0,9.23187,6.80448,27.7541,20.0703,17.2153,13.2307,22.1763,23.9967,10.7059,15.1584,9.784,16.042,9.04995,12.2869,12.0643,19.6022,3.78838,20.505,11.1174,13.6346,20.1608,19.6022,19.771,12.8338,12.8002,14.9073,13.6346,9.99228,13.2111,12.9066,12.2287,28.5117,17.0302,2.36431,10.7059,17.0302,17.7057,19.6022,0,9.98485,17.6473,13.2111,6.80448,12.5455,13.6346,17.852,15.8257,9.68334,6.98109,15.4565,21.1238,17.3302,6.15213,23.3275,17.49,3.26989,18.5777,20.9769,10.6461,27.8598,7.87852,7.64237,4.63484,1.53267,22.6147,18.8378,1.92689,7.76172,24.181,18.7808,6.12136,20.0703,17.2287,1.50282,17.3302,10.4716,7.37161,6.06053,13.2111,8.509,15.0823,25.9024,17.0302,22.7639,16.4623,21.1238,13.2111,26.8192,10.5381,11.2954,18.0711,17.3302,14.6632,21.1238,3.06205,8.45911,11.8624,25.1479,6.15213,7.04909,14.3666,14.2184,22.178,22.2915,6.69397,17.852,1.94165,0.992012,0.638787,4.30324,7.06461,13.2111,14.1008,19.6022,21.1238,17.2559,6.98109,17.0302,10.7059,11.0154,16.5821,4.42347,12.1856,22.6901,20.0703,10.7059,21.4968,17.852,13.5626,8.45911,11.5085,23.9155,8.75182,17.3684,18.7314,13.2182,1.51032,2.64416,3.09017,19.0142,24.181,5.85894,17.0302,14.3666,17.3302,8.79869,15.6639,23.8082,2.97396,19.6022,19.6022,15.3717,11.148,15.05,4.81996,13.2111,26.8364,3.86912,19.6022,17.0256,20.9423,1.97314,17.3302,21.8667,0.992012,10.7059,17.852,13.2111,9.73689,15.9531,27.2848,14.0277,15.05,13.2182,6.34011,17.0302,28.9702,15.9849,0.920497,22.7639,21.5135,17.9182,0.851913,18.7314,25.8274,20.8634,6.03462,0.992012,13.2182,18.6573,20.0703,11.8624,15.1584,17.3302,17.3302,9.0083,22.6901,4.9431,18.7314,26.8342,
STATS - lpIterations[127] lagIterations[531] sspIterations[10841] numSeparations[855] numCuts[0] compileTime[0] sspSolveTime[78] lpSolveTime[0] lb[2694.9] ub[2694.9] numArcs: [671460] numFixed: [671296] time: [160]
DUALS 161,2694.9,671460,671296,0,9.23187,6.80448,27.7541,20.0703,17.2153,14.3106,22.1763,23.9967,10.7059,15.1584,10.8639,17.1218,9.04995,12.2869,12.0643,19.6022,2.7085,20.505,11.1174,13.6346,20.1608,19.6022,19.771,12.8338,12.8002,14.9073,13.6346,9.99228,13.2111,12.9066,12.2287,28.5117,17.0302,2.36431,10.7059,17.0302,17.7057,19.6022,1.07988,9.98485,17.6473,13.2111,6.80448,12.5455,13.6346,17.852,13.6659,9.68334,6.98109,15.4565,21.1238,17.3302,6.15213,23.3275,17.49,3.26989,18.5777,20.9769,10.6461,27.8598,7.87852,7.64237,4.63484,1.53267,22.6147,17.758,1.92689,7.76172,24.181,16.621,6.12136,20.0703,17.2287,1.50282,17.3302,10.4716,7.37161,6.06053,13.2111,8.509,15.0823,25.9024,17.0302,22.7639,16.4623,21.1238,13.2111,26.8192,10.5381,11.2954,15.9114,17.3302,14.6632,21.1238,3.06205,8.45911,11.8624,25.1479,6.15213,7.04909,14.3666,14.2184,22.178,22.2915,6.69397,17.852,0,2.07189,0.638787,4.30324,7.06461,13.2111,14.1008,19.6022,21.1238,17.2559,6.98109,17.0302,10.7059,11.0154,16.5821,5.50336,12.1856,22.6901,20.0703,10.7059,21.4968,17.852,14.6425,8.45911,11.5085,23.9155,8.75182,17.3684,18.7314,13.2182,1.51032,2.64416,4.17005,19.0142,24.181,5.85894,17.0302,14.3666,17.3302,8.79869,13.5041,23.8082,2.97396,19.6022,19.6022,15.3717,11.148,15.05,4.81996,13.2111,26.8364,3.86912,19.6022,14.8659,20.9423,1.97314,17.3302,20.7869,2.07189,10.7059,17.852,13.2111,9.73689,15.9531,27.2848,14.0277,15.05,13.2182,6.34011,17.0302,28.9702,15.9849,0.920497,22.7639,21.5135,17.9182,0.851913,18.7314,25.8274,20.8634,6.03462,2.07189,13.2182,18.6573,20.0703,11.8624,15.1584,17.3302,17.3302,9.0083,22.6901,4.9431,18.7314,26.8342,
STATS - lpIterations[128] lagIterations[532] sspIterations[10860] numSeparations[855] numCuts[0] compileTime[0] sspSolveTime[78] lpSolveTime[0] lb[2694.9] ub[2694.9] numArcs: [671460] numFixed: [671296] time: [161]
DUALS 161,2694.9,671460,671296,0,9.23187,6.80448,27.7541,20.0703,17.2153,14.3106,22.1763,23.9967,10.7059,15.1584,10.8639,17.1218,9.04995,12.2869,12.0643,19.6022,4.78471,20.505,11.1174,13.6346,20.1608,19.6022,19.771,12.8338,12.8002,14.9073,13.6346,9.99228,13.2111,12.9066,12.2287,28.5117,17.0302,2.36431,10.7059,17.0302,17.7057,19.6022,1.07988,9.98485,17.6473,13.2111,6.80448,12.5455,13.6346,17.852,15.7421,9.68334,6.98109,15.4565,21.1238,17.3302,6.15213,23.3275,17.49,3.26989,18.5777,20.9769,10.6461,27.8598,7.87852,7.64237,4.63484,1.53267,22.6147,19.8342,1.92689,7.76172,24.181,18.6972,6.12136,20.0703,17.2287,1.50282,17.3302,10.4716,7.37161,6.06053,13.2111,8.509,15.0823,25.9024,17.0302,22.7639,16.4623,21.1238,13.2111,26.8192,10.5381,11.2954,17.9876,17.3302,14.6632,21.1238,3.06205,8.45911,11.8624,25.1479,6.15213,7.04909,14.3666,14.2184,22.178,22.2915,6.69397,17.852,2.07621,0,0.638787,4.30324,7.06461,13.2111,14.1008,19.6022,21.1238,17.2559,6.98109,17.0302,10.7059,11.0154,16.5821,5.50336,12.1856,22.6901,20.0703,10.7059,21.4968,17.852,14.6425,8.45911,11.5085,23.9155,8.75182,17.3684,18.7314,13.2182,1.51032,2.64416,4.17005,19.0142,24.181,5.85894,17.0302,14.3666,17.3302,8.79869,15.5803,23.8082,2.97396,19.6022,19.6022,15.3717,11.148,15.05,4.81996,13.2111,26.8364,3.86912,19.6022,16.9421,20.9423,1.97314,17.3302,22.8631,0,10.7059,17.852,13.2111,9.73689,15.9531,27.2848,14.0277,15.05,13.2182,6.34011,17.0302,28.9702,15.9849,0.920497,22.7639,21.5135,17.9182,0.851913,18.7314,25.8274,20.8634,6.03462,0,13.2182,18.6573,20.0703,11.8624,15.1584,17.3302,17.3302,9.0083,22.6901,4.9431,18.7314,26.8342,
STATS - lpIterations[129] lagIterations[533] sspIterations[10882] numSeparations[855] numCuts[0] compileTime[0] sspSolveTime[78] lpSolveTime[0] lb[2694.9] ub[2694.9] numArcs: [671460] numFixed: [671296] time: [161]
DUALS 161,2694.9,671457,671296,0,9.23187,6.07716,27.7541,20.0703,17.2153,15.0379,22.1763,23.9967,10.7059,15.1584,11.5912,17.8492,8.32263,12.2869,12.0643,19.6022,3.33007,20.505,11.1174,13.6346,20.1608,19.6022,19.771,12.8338,12.8002,14.9073,13.6346,9.99228,13.2111,12.9066,12.2287,28.5117,17.0302,2.36431,10.7059,17.0302,17.7057,19.6022,0,9.98485,17.6473,13.2111,6.07716,12.5455,13.6346,17.852,14.2875,9.68334,6.98109,15.4565,21.1238,17.3302,6.15213,23.3275,17.49,3.26989,18.5777,20.9769,10.6461,27.8598,7.87852,7.64237,4.63484,1.53267,22.6147,19.1069,1.19957,7.76172,24.181,17.2426,6.12136,20.0703,17.2287,1.50282,17.3302,10.4716,7.37161,5.33321,13.2111,8.509,15.0823,25.9024,17.0302,22.7639,16.4623,21.1238,13.2111,26.8192,10.5381,10.5681,16.5329,17.3302,14.6632,21.1238,3.06205,8.45911,11.8624,25.1479,6.15213,7.04909,14.3666,14.2184,22.178,22.2915,6.69397,17.852,0,0.72732,0.638787,4.30324,7.06461,13.2111,14.1008,19.6022,21.1238,17.2559,6.98109,17.0302,10.7059,11.0154,16.5821,6.23068,12.1856,22.6901,20.0703,10.7059,21.4968,17.852,15.3698,8.45911,11.5085,23.9155,8.75182,17.3684,18.7314,13.2182,1.51032,2.64416,4.89737,19.0142,24.181,5.85894,17.0302,14.3666,17.3302,8.79869,14.1257,23.8082,2.97396,19.6022,19.6022,15.3717,11.148,15.05,4.09264,13.2111,26.8364,3.86912,19.6022,15.4874,20.9423,1.97314,17.3302,22.1357,0.72732,10.7059,17.852,13.2111,9.73689,15.9531,27.2848,14.0277,15.05,13.2182,5.61279,17.0302,28.9702,15.9849,0.920497,22.7639,21.5135,17.9182,0.851913,18.7314,25.8274,20.8634,6.03462,0.72732,13.2182,18.6573,20.0703,11.8624,15.1584,17.3302,17.3302,9.0083,22.6901,4.9431,18.7314,26.8342,
STATS - lpIterations[130] lagIterations[534] sspIterations[10902] numSeparations[855] numCuts[0] compileTime[0] sspSolveTime[78] lpSolveTime[0] lb[2694.9] ub[2694.9] numArcs: [671457] numFixed: [671296] time: [161]
DUALS 161,2694.9,671457,671296,0,9.23187,6.72953,27.7541,20.0703,17.2153,13.7332,22.1763,23.9967,10.7059,15.1584,10.2864,16.5444,8.975,12.2869,12.0643,19.6022,2.67769,20.505,11.1174,13.6346,20.1608,19.6022,19.771,12.8338,12.8002,14.9073,13.6346,9.99228,13.2111,12.9066,12.2287,28.5117,17.0302,2.36431,10.7059,17.0302,17.7057,19.6022,0.652379,9.98485,17.6473,13.2111,6.72953,12.5455,13.6346,17.852,14.9399,9.68334,6.98109,15.4565,21.1238,17.3302,6.15213,23.3275,17.49,3.26989,18.5777,20.9769,10.6461,27.8598,7.87852,7.64237,4.63484,1.53267,22.6147,18.4545,1.85195,7.76172,24.181,17.895,6.12136,20.0703,17.2287,1.50282,17.3302,10.4716,7.37161,5.98559,13.2111,8.509,15.0823,25.9024,17.0302,22.7639,16.4623,21.1238,13.2111,26.8192,10.5381,11.2205,17.1853,17.3302,14.6632,21.1238,3.06205,8.45911,11.8624,25.1479,6.15213,7.04909,14.3666,14.2184,22.178,22.2915,6.69397,17.852,0.652379,1.3797,0.638787,4.30324,7.06461,13.2111,14.1008,19.6022,21.1238,16.6035,6.98109,17.0302,10.7059,11.0154,16.5821,4.92592,12.1856,22.6901,20.0703,10.7059,21.4968,17.852,14.0651,8.45911,11.5085,23.9155,8.75182,17.3684,18.7314,13.2182,1.51032,2.64416,3.59261,19.0142,24.181,5.85894,17.0302,14.3666,17.3302,8.79869,14.778,23.8082,2.97396,19.6022,19.6022,15.3717,11.148,15.05,4.74502,13.2111,26.8364,3.86912,19.6022,16.1398,20.9423,1.97314,17.3302,22.1357,1.3797,10.7059,17.852,13.2111,9.73689,15.9531,27.2848,14.0277,15.05,13.2182,6.26517,17.0302,28.9702,15.9849,0.920497,22.7639,21.5135,17.9182,0.851913,18.7314,25.8274,20.8634,6.03462,1.3797,13.2182,18.6573,20.0703,11.8624,15.1584,17.3302,17.3302,9.0083,22.6901,4.9431,18.7314,26.8342,
STATS - lpIterations[131] lagIterations[535] sspIterations[10923] numSeparations[855] numCuts[0] compileTime[0] sspSolveTime[79] lpSolveTime[0] lb[2694.9] ub[2694.9] numArcs: [671457] numFixed: [671297] time: [161]
DUALS 161,2694.9,671457,671297,0,9.23187,6.72953,27.7541,20.0703,17.2153,14.5953,22.1763,23.9967,10.7059,15.1584,11.1485,17.4065,8.975,12.2869,12.0643,19.6022,2.67769,20.505,11.1174,13.6346,20.1608,19.6022,19.771,12.8338,12.8002,14.9073,13.6346,9.99228,13.2111,12.9066,12.2287,28.5117,17.0302,2.36431,10.7059,17.0302,17.7057,19.6022,0.652379,9.98485,17.6473,13.2111,6.72953,12.5455,13.6346,17.852,13.2157,9.68334,6.98109,15.4565,21.1238,17.3302,6.15213,23.3275,17.49,3.26989,18.5777,20.9769,10.6461,27.8598,7.87852,7.64237,4.63484,1.53267,22.6147,17.5924,1.85195,7.76172,24.181,16.1708,6.12136,20.0703,17.2287,1.50282,17.3302,10.4716,7.37161,5.98559,13.2111,8.509,15.0823,25.9024,17.0302,22.7639,16.4623,21.1238,13.2111,26.8192,10.5381,11.2205,15.4612,17.3302,14.6632,21.1238,3.06205,8.45911,11.8624,25.1479,6.15213,7.04909,14.3666,14.2184,22.178,22.2915,6.69397,17.852,0.652379,1.3797,0.638787,4.30324,7.06461,13.2111,14.1008,19.6022,21.1238,16.6035,6.98109,17.0302,10.7059,11.0154,16.5821,5.788,12.1856,22.6901,20.0703,10.7059,21.4968,17.852,14.9272,8.45911,11.5085,23.9155,8.75182,17.3684,18.7314,13.2182,1.51032,2.64416,4.45469,19.0142,24.181,5.85894,17.0302,14.3666,17.3302,8.79869,13.0539,23.8082,2.97396,19.6022,19.6022,15.3717,11.148,15.05,4.74502,13.2111,26.8364,3.86912,19.6022,14.4157,20.9423,1.97314,17.3302,21.2737,1.3797,10.7059,17.852,13.2111,9.73689,15.9531,27.2848,14.0277,15.05,13.2182,6.26517,17.0302,28.9702,15.9849,0.920497,22.7639,21.5135,17.9182,0.851913,18.7314,25.8274,20.8634,6.03462,1.3797,13.2182,18.6573,20.0703,11.8624,15.1584,17.3302,17.3302,9.0083,22.6901,4.9431,18.7314,26.8342,
STATS - lpIterations[132] lagIterations[536] sspIterations[10943] numSeparations[855] numCuts[0] compileTime[0] sspSolveTime[79] lpSolveTime[0] lb[2694.9] ub[2694.9] numArcs: [671457] numFixed: [671297] time: [162]
DUALS 162,2694.9,671457,671297,0,9.23187,6.72953,27.7541,20.0703,17.2153,12.2781,22.1763,23.9967,10.7059,15.1584,8.83132,15.0893,8.975,12.2869,12.0643,19.6022,2.67769,20.505,11.1174,13.6346,20.1608,19.6022,19.771,12.8338,12.8002,14.9073,13.6346,9.99228,13.2111,12.9066,12.2287,28.5117,17.0302,2.36431,10.7059,17.0302,17.7057,19.6022,0.652379,9.98485,17.6473,13.2111,6.72953,12.5455,13.6346,17.852,15.5329,9.68334,6.98109,15.4565,21.1238,17.3302,6.15213,23.3275,17.49,3.26989,18.5777,20.9769,10.6461,27.8598,7.87852,7.64237,4.63484,1.53267,22.6147,17.5924,1.85195,7.76172,24.181,18.488,6.12136,20.0703,17.2287,1.50282,17.3302,10.4716,7.37161,5.98559,13.2111,8.509,15.0823,25.9024,17.0302,22.7639,16.4623,21.1238,13.2111,26.8192,10.5381,11.2205,17.7784,17.3302,14.6632,21.1238,3.06205,8.45911,11.8624,25.1479,6.15213,7.04909,14.3666,14.2184,22.178,22.2915,6.69397,17.852,0.652379,1.3797,0.638787,4.30324,7.06461,13.2111,14.1008,19.6022,21.1238,16.6035,6.98109,17.0302,10.7059,11.0154,16.5821,3.47079,12.1856,22.6901,20.0703,10.7059,21.4968,17.852,12.61,8.45911,11.5085,23.9155,8.75182,17.3684,18.7314,13.2182,1.51032,2.64416,2.13749,19.0142,24.181,5.85894,17.0302,14.3666,17.3302,8.79869,15.3711,23.8082,2.97396,19.6022,19.6022,15.3717,11.148,15.05,4.74502,13.2111,26.8364,3.86912,19.6022,16.7329,20.9423,1.97314,17.3302,21.2737,1.3797,10.7059,17.852,13.2111,9.73689,15.9531,27.2848,14.0277,15.05,13.2182,6.26517,17.0302,28.9702,15.9849,0.920497,22.7639,21.5135,17.9182,0.851913,18.7314,25.8274,20.8634,6.03462,1.3797,13.2182,18.6573,20.0703,11.8624,15.1584,17.3302,17.3302,9.0083,22.6901,4.9431,18.7314,26.8342,
STATS - lpIterations[133] lagIterations[537] sspIterations[10964] numSeparations[855] numCuts[0] compileTime[0] sspSolveTime[79] lpSolveTime[0] lb[2694.9] ub[2694.9] numArcs: [671457] numFixed: [671297] time: [162]
DUALS 162,2694.9,671457,671297,0,9.23187,6.72953,27.7541,20.0703,17.2153,13.5998,22.1763,23.9967,10.7059,15.1584,10.1531,16.411,8.975,12.2869,12.0643,19.6022,2.67769,20.505,11.1174,13.6346,20.1608,19.6022,19.771,12.8338,12.8002,14.9073,13.6346,9.99228,13.2111,12.9066,12.2287,28.5117,17.0302,2.36431,10.7059,17.0302,17.7057,19.6022,0.652379,9.98485,17.6473,13.2111,6.72953,12.5455,13.6346,17.852,12.8894,9.68334,6.98109,15.4565,21.1238,17.3302,6.15213,23.3275,17.49,3.26989,18.5777,20.9769,10.6461,27.8598,7.87852,7.64237,4.63484,1.53267,22.6147,16.2707,1.85195,7.76172,24.181,15.8445,6.12136,20.0703,17.2287,1.50282,17.3302,10.4716,7.37161,5.98559,13.2111,8.509,15.0823,25.9024,17.0302,22.7639,16.4623,21.1238,13.2111,26.8192,10.5381,11.2205,15.1349,17.3302,14.6632,21.1238,3.06205,8.45911,11.8624,25.1479,6.15213,7.04909,14.3666,14.2184,22.178,22.2915,6.69397,17.852,0.652379,1.3797,0.638787,4.30324,7.06461,13.2111,14.1008,19.6022,21.1238,16.6035,6.98109,17.0302,10.7059,11.0154,16.5821,4.79253,12.1856,22.6901,20.0703,10.7059,21.4968,17.852,13.9317,8.45911,11.5085,23.9155,8.75182,17.3684,18.7314,13.2182,1.51032,2.64416,3.45923,19.0142,24.181,5.85894,17.0302,14.3666,17.3302,8.79869,12.7276,23.8082,2.97396,19.6022,19.6022,15.3717,11.148,15.05,4.74502,13.2111,26.8364,3.86912,19.6022,14.0894,20.9423,1.97314,17.3302,19.9519,1.3797,10.7059,17.852,13.2111,9.73689,15.9531,27.2848,14.0277,15.05,13.2182,6.26517,17.0302,28.9702,15.9849,0.920497,22.7639,21.5135,17.9182,0.851913,18.7314,25.8274,20.8634,6.03462,1.3797,13.2182,18.6573,20.0703,11.8624,15.1584,17.3302,17.3302,9.0083,22.6901,4.9431,18.7314,26.8342,
STATS - lpIterations[134] lagIterations[538] sspIterations[10983] numSeparations[855] numCuts[0] compileTime[0] sspSolveTime[79] lpSolveTime[0] lb[2694.9] ub[2694.9] numArcs: [671457] numFixed: [671297] time: [162]
DUALS 162,2694.9,671457,671297,0,9.23187,6.72953,27.7541,20.0703,17.2153,13.5998,22.1763,23.9967,10.7059,15.1584,10.1531,16.411,8.975,12.2869,12.0643,19.6022,2.67769,20.505,11.1174,13.6346,20.1608,19.6022,19.771,12.8338,12.8002,14.9073,13.6346,9.99228,13.2111,12.9066,12.2287,28.5117,17.0302,2.36431,10.7059,17.0302,17.7057,19.6022,0.652379,9.98485,17.6473,13.2111,6.72953,12.5455,13.6346,17.852,17.0482,9.68334,6.98109,15.4565,21.1238,17.3302,6.15213,23.3275,17.49,3.26989,18.5777,20.9769,10.6461,27.8598,7.87852,7.64237,4.63484,1.53267,22.6147,20.4294,1.85195,7.76172,24.181,20.0033,6.12136,20.0703,17.2287,1.50282,17.3302,10.4716,7.37161,5.98559,13.2111,8.509,15.0823,25.9024,17.0302,22.7639,16.4623,21.1238,13.2111,26.8192,10.5381,11.2205,19.2937,17.3302,14.6632,21.1238,3.06205,8.45911,11.8624,25.1479,6.15213,7.04909,14.3666,14.2184,22.178,22.2915,6.69397,17.852,0.652379,1.3797,0.638787,4.30324,7.06461,13.2111,14.1008,19.6022,21.1238,16.6035,6.98109,17.0302,10.7059,11.0154,16.5821,4.79253,12.1856,22.6901,20.0703,10.7059,21.4968,17.852,13.9317,8.45911,11.5085,23.9155,8.75182,17.3684,18.7314,13.2182,1.51032,2.64416,3.45923,19.0142,24.181,5.85894,17.0302,14.3666,17.3302,8.79869,16.8864,23.8082,2.97396,19.6022,19.6022,15.3717,11.148,15.05,4.74502,13.2111,26.8364,3.86912,19.6022,18.2482,20.9423,1.97314,17.3302,24.1107,1.3797,10.7059,17.852,13.2111,9.73689,15.9531,27.2848,14.0277,15.05,13.2182,6.26517,17.0302,28.9702,15.9849,0.920497,22.7639,21.5135,17.9182,0.851913,18.7314,25.8274,20.8634,6.03462,1.3797,13.2182,18.6573,20.0703,11.8624,15.1584,17.3302,17.3302,9.0083,22.6901,4.9431,18.7314,26.8342,
STATS - lpIterations[135] lagIterations[539] sspIterations[11004] numSeparations[855] numCuts[0] compileTime[0] sspSolveTime[79] lpSolveTime[0] lb[2694.9] ub[2694.9] numArcs: [671457] numFixed: [671297] time: [162]
DUALS 162,2694.9,671457,671297,0,9.23187,7.58697,27.7541,20.0703,17.2153,14.4572,22.1763,23.9967,10.7059,15.1584,11.0105,16.411,9.83244,12.2869,12.0643,19.6022,2.67769,20.505,11.1174,13.6346,20.1608,19.6022,19.771,12.8338,12.8002,14.9073,13.6346,9.99228,13.2111,12.9066,12.2287,28.5117,17.0302,2.36431,10.7059,17.0302,17.7057,19.6022,1.50982,9.98485,17.6473,13.2111,7.58697,12.5455,13.6346,17.852,14.4759,9.68334,6.98109,15.4565,21.1238,17.3302,6.15213,23.3275,17.49,3.26989,18.5777,20.9769,10.6461,27.8598,7.87852,7.64237,4.63484,1.53267,22.6147,19.572,2.70939,7.76172,24.181,17.431,6.12136,20.0703,17.2287,1.50282,17.3302,10.4716,7.37161,6.84303,13.2111,8.509,15.0823,25.9024,17.0302,22.7639,16.4623,21.1238,13.2111,26.8192,10.5381,12.0779,16.7214,17.3302,14.6632,21.1238,3.06205,8.45911,11.8624,25.1479,6.15213,7.04909,14.3666,14.2184,22.178,22.2915,6.69397,17.852,1.50982,1.3797,0.638787,4.30324,7.06461,13.2111,14.1008,19.6022,21.1238,16.6035,6.98109,17.0302,10.7059,11.0154,16.5821,5.64997,12.1856,22.6901,20.0703,10.7059,21.4968,17.852,14.7891,8.45911,11.5085,23.9155,8.75182,17.3684,18.7314,13.2182,1.51032,2.64416,4.31667,19.0142,24.181,5.85894,17.0302,14.3666,17.3302,8.79869,14.3141,23.8082,2.97396,19.6022,19.6022,15.3717,11.148,15.05,5.60246,13.2111,26.8364,3.86912,19.6022,15.6758,20.9423,1.97314,17.3302,22.3958,1.3797,10.7059,17.852,13.2111,9.73689,15.9531,27.2848,14.0277,15.05,13.2182,7.12261,17.0302,28.9702,15.9849,0.920497,22.7639,21.5135,17.9182,0.851913,18.7314,25.8274,20.8634,6.03462,1.3797,13.2182,18.6573,20.0703,11.8624,15.1584,17.3302,17.3302,9.0083,22.6901,4.9431,18.7314,26.8342,
STATS - lpIterations[136] lagIterations[540] sspIterations[11025] numSeparations[855] numCuts[0] compileTime[0] sspSolveTime[79] lpSolveTime[0] lb[2694.9] ub[2694.9] numArcs: [671457] numFixed: [671297] time: [163]
DUALS 163,2694.9,671457,671297,0,9.23187,6.41484,27.7541,20.0703,17.2153,14.4572,22.1763,23.9967,10.7059,15.1584,11.0105,16.411,8.66031,12.2869,12.0643,19.6022,1.50555,20.505,11.1174,13.6346,20.1608,19.6022,19.771,12.8338,12.8002,14.9073,13.6346,9.99228,13.2111,12.9066,12.2287,28.5117,17.0302,2.36431,10.7059,17.0302,17.7057,19.6022,0,9.98485,17.6473,13.2111,6.41484,12.5455,13.6346,17.852,14.4759,9.68334,6.98109,15.4565,21.1238,17.3302,6.15213,23.3275,17.49,3.26989,18.5777,20.9769,10.6461,27.8598,7.87852,7.64237,4.63484,1.53267,22.6147,19.572,1.53726,7.76172,24.181,17.431,6.12136,20.0703,17.2287,1.50282,17.3302,10.4716,7.37161,5.67089,13.2111,8.509,15.0823,25.9024,17.0302,22.7639,16.4623,21.1238,13.2111,26.8192,10.5381,10.9058,16.7214,17.3302,14.6632,21.1238,3.06205,8.45911,11.8624,25.1479,6.15213,7.04909,14.3666,14.2184,22.178,22.2915,6.69397,17.852,0,2.55183,0.638787,4.30324,7.06461,13.2111,14.1008,19.6022,21.1238,16.6035,6.98109,17.0302,10.7059,11.0154,16.5821,5.64997,12.1856,22.6901,20.0703,10.7059,21.4968,17.852,14.7891,8.45911,11.5085,23.9155,8.75182,17.3684,18.7314,13.2182,1.51032,2.64416,4.31667,19.0142,24.181,5.85894,17.0302,14.3666,17.3302,8.79869,14.3141,23.8082,2.97396,19.6022,19.6022,15.3717,11.148,15.05,4.43032,13.2111,26.8364,3.86912,19.6022,15.6758,20.9423,1.97314,17.3302,22.3958,2.55183,10.7059,17.852,13.2111,9.73689,15.9531,27.2848,14.0277,15.05,13.2182,5.95047,17.0302,28.9702,15.9849,0.920497,22.7639,21.5135,17.9182,0.851913,18.7314,25.8274,20.8634,6.03462,2.55183,13.2182,18.6573,20.0703,11.8624,15.1584,17.3302,17.3302,9.0083,22.6901,4.9431,18.7314,26.8342,
STATS - lpIterations[137] lagIterations[541] sspIterations[11045] numSeparations[855] numCuts[0] compileTime[0] sspSolveTime[79] lpSolveTime[0] lb[2694.9] ub[2694.9] numArcs: [671457] numFixed: [671297] time: [163]
DUALS 163,2694.9,671457,671297,0,9.23187,6.41484,27.7541,20.0703,17.2153,14.4572,22.1763,23.9967,10.7059,15.1584,11.0105,16.411,8.66031,12.2869,12.0643,19.6022,5.75072,20.505,11.1174,13.6346,20.1608,19.6022,19.771,12.8338,12.8002,14.9073,13.6346,9.99228,13.2111,12.9066,12.2287,28.5117,17.0302,2.36431,10.7059,17.0302,17.7057,19.6022,4.24517,9.98485,17.6473,13.2111,6.41484,12.5455,13.6346,17.852,14.4759,9.68334,6.98109,15.4565,21.1238,17.3302,6.15213,23.3275,17.49,3.26989,18.5777,20.9769,10.6461,27.8598,7.87852,7.64237,4.63484,1.53267,22.6147,19.572,1.53726,7.76172,24.181,17.431,6.12136,20.0703,17.2287,1.50282,17.3302,10.4716,7.37161,5.67089,13.2111,8.509,15.0823,25.9024,17.0302,22.7639,16.4623,21.1238,13.2111,26.8192,10.5381,10.9058,16.7214,17.3302,14.6632,21.1238,3.06205,8.45911,11.8624,25.1479,6.15213,7.04909,14.3666,14.2184,22.178,22.2915,6.69397,17.852,4.24517,0,0.638787,4.30324,7.06461,13.2111,14.1008,19.6022,21.1238,16.6035,6.98109,17.0302,10.7059,11.0154,16.5821,5.64997,12.1856,22.6901,20.0703,10.7059,21.4968,17.852,14.7891,8.45911,11.5085,23.9155,8.75182,17.3684,18.7314,13.2182,1.51032,2.64416,4.31667,19.0142,24.181,5.85894,17.0302,14.3666,17.3302,8.79869,14.3141,23.8082,2.97396,19.6022,19.6022,15.3717,11.148,15.05,4.43032,13.2111,26.8364,3.86912,19.6022,15.6758,20.9423,1.97314,17.3302,22.3958,0,10.7059,17.852,13.2111,9.73689,15.9531,27.2848,14.0277,15.05,13.2182,5.95047,17.0302,28.9702,15.9849,0.920497,22.7639,21.5135,17.9182,0.851913,18.7314,25.8274,20.8634,6.03462,0,13.2182,18.6573,20.0703,11.8624,15.1584,17.3302,17.3302,9.0083,22.6901,4.9431,18.7314,26.8342,
STATS - lpIterations[138] lagIterations[542] sspIterations[11066] numSeparations[855] numCuts[0] compileTime[0] sspSolveTime[79] lpSolveTime[0] lb[2694.9] ub[2694.9] numArcs: [671457] numFixed: [671297] time: [163]
DUALS 163,2694.9,671457,671297,0,9.23187,5.76922,27.7541,19.4247,17.8609,14.4572,22.1763,23.9967,10.7059,15.804,11.0105,16.411,8.01469,12.2869,12.0643,19.6022,3.16825,20.505,11.1174,13.6346,20.1608,19.6022,19.771,12.8338,12.8002,14.9073,13.6346,9.99228,13.2111,12.9066,12.2287,28.5117,17.0302,3.00992,10.7059,17.0302,17.7057,19.6022,1.6627,9.98485,17.6473,13.2111,5.76922,12.5455,13.6346,18.4976,14.4759,9.68334,6.98109,15.4565,21.1238,17.3302,6.15213,23.3275,17.49,3.26989,18.5777,20.9769,10.6461,27.8598,7.87852,7.64237,4.63484,1.53267,22.6147,19.572,1.53726,7.76172,24.181,17.431,6.12136,19.4247,17.2287,1.50282,17.3302,10.4716,7.37161,5.02528,13.2111,8.509,15.0823,25.2567,17.0302,22.1182,16.4623,21.1238,13.2111,26.8192,10.5381,10.2602,16.7214,17.3302,14.6632,21.1238,3.70767,8.45911,11.8624,25.1479,6.15213,7.04909,14.3666,14.2184,22.178,22.2915,6.69397,18.4976,1.6627,0.645617,0.638787,4.30324,7.06461,13.2111,14.1008,19.6022,21.1238,16.6035,6.98109,17.0302,10.7059,11.0154,16.5821,5.64997,12.1856,22.6901,19.4247,10.7059,21.4968,18.4976,14.7891,8.45911,11.5085,23.9155,8.75182,17.3684,18.7314,13.2182,1.51032,2.64416,4.31667,19.0142,24.181,5.85894,17.0302,14.3666,17.3302,8.79869,14.3141,23.8082,2.97396,19.6022,19.6022,15.3717,11.148,15.05,3.7847,13.2111,26.8364,4.51474,19.6022,15.6758,20.9423,1.97314,17.3302,22.3958,0,10.7059,18.4976,13.2111,9.73689,15.9531,27.2848,14.0277,15.05,13.2182,5.30486,17.0302,28.9702,15.9849,0.920497,22.1182,21.5135,17.9182,0.851913,18.7314,25.8274,20.8634,6.03462,0.645617,13.2182,18.6573,19.4247,11.8624,15.804,17.3302,17.3302,9.0083,22.6901,4.9431,18.7314,26.8342,
STATS - lpIterations[139] lagIterations[543] sspIterations[11086] numSeparations[855] numCuts[0] compileTime[0] sspSolveTime[79] lpSolveTime[0] lb[2694.9] ub[2694.9] numArcs: [671457] numFixed: [671297] time: [163]
DUALS 163,2694.9,671457,671297,0,9.23187,6.91349,27.7541,19.4247,17.8609,14.4572,22.1763,23.9967,10.7059,14.6598,11.0105,16.411,9.15896,12.2869,12.0643,19.6022,2.02399,20.505,11.1174,13.6346,20.1608,19.6022,19.771,12.8338,12.8002,14.9073,13.6346,9.99228,13.2111,12.9066,12.2287,28.5117,17.0302,1.86566,10.7059,17.0302,17.7057,19.6022,1.6627,9.98485,17.6473,13.2111,6.91349,12.5455,13.6346,17.3533,14.4759,9.68334,6.98109,15.4565,21.1238,17.3302,6.15213,23.3275,17.49,3.26989,18.5777,20.9769,10.6461,27.8598,7.87852,7.64237,4.63484,1.53267,22.6147,19.572,2.68152,7.76172,24.181,17.431,6.12136,19.4247,17.2287,1.50282,17.3302,10.4716,7.37161,6.16954,13.2111,8.509,15.0823,25.2567,17.0302,22.1182,16.4623,21.1238,13.2111,26.8192,10.5381,11.4044,16.7214,17.3302,14.6632,21.1238,2.5634,8.45911,11.8624,25.1479,6.15213,7.04909,14.3666,14.2184,22.178,22.2915,6.69397,17.3533,0.518434,1.78988,0.638787,4.30324,7.06461,13.2111,14.1008,19.6022,21.1238,16.6035,6.98109,17.0302,10.7059,11.0154,16.5821,5.64997,12.1856,22.6901,19.4247,10.7059,21.4968,17.3533,14.7891,8.45911,11.5085,23.9155,8.75182,17.3684,18.7314,13.2182,1.51032,2.64416,4.31667,19.0142,24.181,5.85894,17.0302,14.3666,17.3302,8.79869,14.3141,23.8082,2.97396,19.6022,19.6022,15.3717,11.148,15.05,4.92897,13.2111,26.8364,3.37047,19.6022,15.6758,20.9423,1.97314,17.3302,22.3958,1.14427,10.7059,17.3533,13.2111,9.73689,15.9531,27.2848,14.0277,15.05,13.2182,6.44912,17.0302,28.9702,15.9849,0.920497,22.1182,21.5135,17.9182,0.851913,18.7314,25.8274,20.8634,6.03462,1.78988,13.2182,17.513,19.4247,11.8624,14.6598,17.3302,17.3302,9.0083,22.6901,4.9431,18.7314,26.8342,
STATS - lpIterations[140] lagIterations[544] sspIterations[11106] numSeparations[855] numCuts[0] compileTime[0] sspSolveTime[79] lpSolveTime[0] lb[2694.9] ub[2694.9] numArcs: [671457] numFixed: [671297] time: [163]
DUALS 164,2694.9,671457,671297,0,9.23187,6.01572,27.7541,19.4247,18.7587,14.4572,22.1763,23.9967,10.7059,15.5575,11.0105,16.411,8.26119,12.2869,12.0643,19.6022,2.92176,20.505,11.1174,13.6346,20.1608,19.6022,19.771,12.8338,12.8002,14.9073,13.6346,9.99228,13.2111,12.9066,12.2287,28.5117,17.0302,2.76343,10.7059,17.0302,17.7057,19.6022,0,9.98485,17.6473,13.2111,6.01572,12.5455,13.6346,18.2511,14.4759,9.68334,6.98109,15.4565,21.1238,17.3302,6.15213,23.3275,17.49,3.26989,18.5777,20.9769,10.6461,27.8598,7.87852,7.64237,4.63484,1.53267,22.6147,19.572,0.885976,7.76172,24.181,17.431,6.12136,19.4247,17.2287,1.50282,17.3302,10.4716,7.37161,5.27177,13.2111,8.509,15.0823,25.2567,17.0302,22.1182,16.4623,21.1238,13.2111,26.8192,10.5381,10.5067,16.7214,17.3302,14.6632,21.1238,3.46117,8.45911,11.8624,25.1479,6.15213,7.04909,14.3666,14.2184,22.178,22.2915,6.69397,18.2511,0,1.78988,0.638787,4.30324,7.06461,13.2111,14.1008,19.6022,21.1238,16.6035,6.98109,17.0302,10.7059,11.0154,16.5821,5.64997,12.1856,22.6901,19.4247,10.7059,21.4968,18.2511,14.7891,8.45911,11.5085,23.9155,8.75182,17.3684,18.7314,13.2182,1.51032,2.64416,4.31667,19.0142,24.181,5.85894,17.0302,14.3666,17.3302,8.79869,14.3141,23.8082,2.97396,19.6022,19.6022,15.3717,11.148,15.05,4.0312,13.2111,26.8364,4.26825,19.6022,15.6758,20.9423,1.97314,17.3302,22.3958,1.14427,10.7059,18.2511,13.2111,9.73689,15.9531,27.2848,14.0277,15.05,13.2182,5.55135,17.0302,28.9702,15.9849,0.920497,22.1182,21.5135,17.9182,0.851913,18.7314,25.8274,20.8634,6.03462,1.78988,13.2182,18.4108,19.4247,11.8624,15.5575,17.3302,17.3302,9.0083,22.6901,4.9431,18.7314,26.8342,
STATS - lpIterations[141] lagIterations[545] sspIterations[11126] numSeparations[855] numCuts[0] compileTime[0] sspSolveTime[79] lpSolveTime[0] lb[2694.9] ub[2694.9] numArcs: [671457] numFixed: [671297] time: [164]
DUALS 164,2694.9,671457,671297,0,9.23187,7.27059,27.7541,19.4247,18.7587,13.2024,22.1763,23.9967,10.7059,15.5575,11.0105,15.1561,9.51606,12.2869,12.0643,19.6022,2.92176,20.505,11.1174,13.6346,20.1608,19.6022,19.771,12.8338,12.8002,14.9073,13.6346,9.99228,13.2111,12.9066,12.2287,28.5117,17.0302,2.76343,10.7059,17.0302,17.7057,19.6022,1.25488,9.98485,17.6473,13.2111,7.27059,12.5455,13.6346,18.2511,13.221,9.68334,6.98109,15.4565,21.1238,17.3302,6.15213,23.3275,17.49,3.26989,18.5777,20.9769,10.6461,27.8598,7.87852,7.64237,4.63484,1.53267,22.6147,19.572,2.14085,7.76172,24.181,17.431,6.12136,19.4247,15.9738,1.50282,17.3302,10.4716,7.37161,6.52665,13.2111,8.509,15.0823,25.2567,17.0302,22.1182,16.4623,21.1238,13.2111,26.8192,10.5381,11.7615,15.4665,17.3302,14.6632,21.1238,3.46117,8.45911,11.8624,25.1479,6.15213,7.04909,14.3666,14.2184,22.178,22.2915,6.69397,18.2511,1.25488,1.78988,0.638787,4.30324,7.06461,13.2111,14.1008,19.6022,21.1238,16.6035,6.98109,17.0302,10.7059,11.0154,16.5821,4.3951,12.1856,22.6901,19.4247,10.7059,21.4968,18.2511,14.7891,8.45911,11.5085,23.9155,8.75182,17.3684,18.7314,13.2182,1.51032,2.64416,3.06179,19.0142,24.181,5.85894,17.0302,14.3666,17.3302,8.79869,14.3141,23.8082,2.97396,19.6022,19.6022,15.3717,11.148,15.05,5.28607,13.2111,26.8364,4.26825,19.6022,14.421,20.9423,1.97314,17.3302,22.3958,1.14427,10.7059,18.2511,13.2111,9.73689,15.9531,27.2848,14.0277,15.05,13.2182,6.80623,17.0302,28.9702,15.9849,0.920497,22.1182,21.5135,17.9182,0.851913,18.7314,25.8274,20.8634,6.03462,1.78988,13.2182,18.4108,19.4247,11.8624,15.5575,17.3302,17.3302,9.0083,22.6901,4.9431,18.7314,26.8342,
STATS - lpIterations[142] lagIterations[546] sspIterations[11147] numSeparations[855] numCuts[0] compileTime[0] sspSolveTime[79] lpSolveTime[0] lb[2694.9] ub[2694.9] numArcs: [671457] numFixed: [671315] time: [164]
DUALS 164,2694.9,671457,671315,0,9.23187,6.28223,27.7541,19.4247,18.7587,13.2024,22.1763,23.9967,10.7059,15.5575,11.0105,15.1561,8.5277,12.2869,12.0643,19.6022,1.9334,20.505,11.1174,13.6346,20.1608,19.6022,19.771,12.8338,12.8002,14.9073,13.6346,9.99228,13.2111,12.9066,12.2287,28.5117,17.0302,2.76343,10.7059,17.0302,17.7057,19.6022,0,9.98485,17.6473,13.2111,6.28223,12.5455,13.6346,18.2511,13.221,9.68334,6.98109,15.4565,21.1238,17.3302,6.15213,23.3275,17.49,3.26989,18.5777,20.9769,10.6461,27.8598,7.87852,7.64237,4.63484,1.53267,22.6147,19.572,1.15249,7.76172,24.181,17.431,6.12136,19.4247,15.9738,1.50282,17.3302,10.4716,7.37161,5.53828,13.2111,8.509,15.0823,25.2567,17.0302,22.1182,16.4623,21.1238,13.2111,26.8192,10.5381,10.7732,15.4665,17.3302,14.6632,21.1238,3.46117,8.45911,11.8624,25.1479,6.15213,7.04909,14.3666,14.2184,22.178,22.2915,6.69397,18.2511,0,2.77825,0.638787,4.30324,7.06461,13.2111,14.1008,19.6022,21.1238,16.6035,6.98109,17.0302,10.7059,11.0154,16.5821,4.3951,12.1856,22.6901,19.4247,10.7059,21.4968,18.2511,14.7891,8.45911,11.5085,23.9155,8.75182,17.3684,18.7314,13.2182,1.51032,2.64416,3.06179,19.0142,24.181,5.85894,17.0302,14.3666,17.3302,8.79869,14.3141,23.8082,2.97396,19.6022,19.6022,15.3717,11.148,15.05,4.29771,13.2111,26.8364,4.26825,19.6022,14.421,20.9423,1.97314,17.3302,22.3958,2.13263,10.7059,18.2511,13.2111,9.73689,15.9531,27.2848,14.0277,15.05,13.2182,5.81786,17.0302,28.9702,15.9849,0.920497,22.1182,21.5135,17.9182,0.851913,18.7314,25.8274,20.8634,6.03462,2.77825,13.2182,18.4108,19.4247,11.8624,15.5575,17.3302,17.3302,9.0083,22.6901,4.9431,18.7314,26.8342,
STATS - lpIterations[143] lagIterations[547] sspIterations[11167] numSeparations[855] numCuts[0] compileTime[0] sspSolveTime[80] lpSolveTime[0] lb[2694.9] ub[2694.9] numArcs: [671457] numFixed: [671324] time: [164]
DUALS 164,2694.9,671455,671324,0,9.23187,6.28223,27.7541,19.4247,18.7587,13.2024,22.1763,23.9967,10.7059,15.5575,11.0105,15.1561,8.5277,12.2869,12.0643,19.6022,6.90977,20.505,11.1174,13.6346,20.1608,19.6022,19.771,12.8338,12.8002,14.9073,13.6346,9.99228,13.2111,12.9066,12.2287,28.5117,17.0302,2.76343,10.7059,17.0302,17.7057,19.6022,4.97637,9.98485,17.6473,13.2111,6.28223,12.5455,13.6346,18.2511,13.221,9.68334,6.98109,15.4565,21.1238,17.3302,6.15213,23.3275,17.49,3.26989,18.5777,20.9769,10.6461,27.8598,7.87852,7.64237,4.63484,1.53267,22.6147,19.572,1.15249,7.76172,24.181,17.431,6.12136,19.4247,15.9738,1.50282,17.3302,10.4716,7.37161,5.53828,13.2111,8.509,15.0823,25.2567,17.0302,22.1182,16.4623,21.1238,13.2111,26.8192,10.5381,10.7732,15.4665,17.3302,14.6632,21.1238,3.46117,8.45911,11.8624,25.1479,6.15213,7.04909,14.3666,14.2184,22.178,22.2915,6.69397,18.2511,0,0,0.638787,4.30324,7.06461,13.2111,14.1008,19.6022,21.1238,16.6035,6.98109,17.0302,10.7059,11.0154,16.5821,4.3951,12.1856,22.6901,19.4247,10.7059,21.4968,18.2511,14.7891,8.45911,11.5085,23.9155,8.75182,17.3684,18.7314,13.2182,1.51032,2.64416,3.06179,19.0142,24.181,5.85894,17.0302,14.3666,17.3302,8.79869,14.3141,23.8082,2.97396,19.6022,19.6022,15.3717,11.148,15.05,4.29771,13.2111,26.8364,4.26825,19.6022,14.421,20.9423,1.97314,17.3302,22.3958,0,10.7059,18.2511,13.2111,9.73689,15.9531,27.2848,14.0277,15.05,13.2182,5.81786,17.0302,28.9702,15.9849,0.920497,22.1182,21.5135,17.9182,0.851913,18.7314,25.8274,20.8634,6.03462,0,13.2182,18.4108,19.4247,11.8624,15.5575,17.3302,17.3302,9.0083,22.6901,4.9431,18.7314,26.8342,
STATS - lpIterations[144] lagIterations[548] sspIterations[11187] numSeparations[855] numCuts[0] compileTime[0] sspSolveTime[80] lpSolveTime[0] lb[2694.9] ub[2694.9] numArcs: [671455] numFixed: [671324] time: [164]
DUALS 164,2694.9,671455,671324,0,9.23187,6.28223,27.7541,19.4247,18.7587,13.2024,22.1763,23.9967,10.7059,15.5575,11.0105,15.1561,8.5277,12.2869,12.0643,19.6022,2.37045,20.505,11.1174,13.6346,20.1608,19.6022,19.771,12.8338,12.8002,14.9073,13.6346,9.99228,13.2111,12.9066,12.2287,28.5117,17.0302,3.89826,10.7059,17.0302,17.7057,19.6022,0.43705,9.98485,17.6473,13.2111,6.28223,12.5455,13.6346,18.2511,13.221,9.68334,6.98109,15.4565,21.1238,17.3302,6.15213,23.3275,17.49,3.26989,18.5777,20.9769,10.6461,27.8598,7.87852,7.64237,4.63484,1.53267,22.6147,19.572,2.28732,7.76172,24.181,17.431,6.12136,19.4247,15.9738,1.50282,17.3302,10.4716,7.37161,5.53828,13.2111,8.509,15.0823,25.2567,17.0302,22.1182,16.4623,21.1238,13.2111,26.8192,10.5381,10.7732,15.4665,17.3302,14.6632,21.1238,4.596,8.45911,11.8624,25.1479,6.15213,7.04909,14.3666,14.2184,22.178,22.2915,6.69397,18.2511,1.13483,1.13483,0.638787,4.30324,7.06461,13.2111,14.1008,19.6022,21.1238,16.6035,6.98109,17.0302,10.7059,11.0154,16.5821,4.3951,12.1856,22.6901,19.4247,10.7059,21.4968,18.2511,14.7891,8.45911,11.5085,23.9155,8.75182,17.3684,18.7314,13.2182,1.51032,2.64416,3.06179,19.0142,24.181,5.85894,17.0302,14.3666,17.3302,8.79869,14.3141,23.8082,2.97396,19.6022,19.6022,15.3717,11.148,15.05,4.29771,13.2111,26.8364,5.40308,19.6022,14.421,20.9423,1.97314,17.3302,22.3958,1.13483,10.7059,18.2511,13.2111,9.73689,15.9531,27.2848,14.0277,15.05,13.2182,5.81786,17.0302,28.9702,15.9849,0.920497,22.1182,21.5135,17.9182,0.851913,18.7314,25.8274,20.8634,6.03462,1.13483,13.2182,18.4108,19.4247,11.8624,15.5575,17.3302,17.3302,9.0083,22.6901,4.9431,18.7314,26.8342,
STATS - lpIterations[145] lagIterations[549] sspIterations[11207] numSeparations[855] numCuts[0] compileTime[0] sspSolveTime[80] lpSolveTime[0] lb[2694.9] ub[2694.9] numArcs: [671455] numFixed: [671351] time: [165]
DUALS 165,2694.9,671455,671351,0,9.23187,6.28223,27.7541,19.4247,18.7587,13.2024,22.1763,23.9967,10.7059,15.5575,11.0105,15.1561,8.5277,12.2869,12.0643,19.6022,2.37045,20.505,11.1174,13.6346,20.1608,19.6022,19.771,12.8338,12.8002,14.9073,13.6346,9.99228,13.2111,12.9066,12.2287,28.5117,17.0302,0.585456,10.7059,17.0302,17.7057,19.6022,0.43705,9.98485,17.6473,13.2111,6.28223,12.5455,13.6346,18.2511,13.221,9.68334,6.98109,15.4565,21.1238,17.3302,6.15213,23.3275,17.49,3.26989,18.5777,20.9769,10.6461,27.8598,7.87852,7.64237,4.63484,1.53267,22.6147,19.572,2.28732,7.76172,24.181,17.431,6.12136,19.4247,15.9738,1.50282,17.3302,10.4716,7.37161,5.53828,13.2111,8.509,15.0823,25.2567,17.0302,22.1182,16.4623,21.1238,13.2111,26.8192,10.5381,10.7732,15.4665,17.3302,14.6632,21.1238,1.2832,8.45911,11.8624,25.1479,6.15213,7.04909,14.3666,14.2184,22.178,22.2915,6.69397,18.2511,0,4.44763,0.638787,4.30324,7.06461,13.2111,14.1008,19.6022,21.1238,16.6035,6.98109,17.0302,10.7059,11.0154,16.5821,4.3951,12.1856,22.6901,19.4247,10.7059,21.4968,18.2511,14.7891,8.45911,11.5085,23.9155,8.75182,17.3684,18.7314,13.2182,1.51032,2.64416,3.06179,19.0142,24.181,5.85894,17.0302,14.3666,17.3302,8.79869,14.3141,23.8082,2.97396,19.6022,19.6022,15.3717,11.148,15.05,4.29771,13.2111,26.8364,2.09027,19.6022,14.421,20.9423,1.97314,17.3302,22.3958,4.44763,10.7059,18.2511,13.2111,9.73689,15.9531,27.2848,14.0277,15.05,13.2182,5.81786,17.0302,28.9702,15.9849,0.920497,22.1182,21.5135,17.9182,0.851913,18.7314,25.8274,20.8634,6.03462,4.44763,13.2182,18.4108,19.4247,11.8624,15.5575,17.3302,17.3302,9.0083,22.6901,4.9431,18.7314,26.8342,
STATS - lpIterations[146] lagIterations[550] sspIterations[11227] numSeparations[855] numCuts[0] compileTime[0] sspSolveTime[80] lpSolveTime[0] lb[2694.9] ub[2694.9] numArcs: [671455] numFixed: [671351] time: [165]
DUALS 165,2694.9,671455,671351,0,9.23187,6.28223,27.7541,19.4247,18.7587,13.2024,22.1763,23.9967,10.7059,15.5575,11.0105,15.1561,8.5277,12.2869,12.0643,19.6022,2.37045,20.505,11.1174,13.6346,20.1608,19.6022,19.771,12.8338,12.8002,14.9073,13.6346,9.99228,13.2111,12.9066,12.2287,28.5117,17.0302,4.94459,10.7059,17.0302,17.7057,19.6022,0.43705,9.98485,17.6473,13.2111,6.28223,12.5455,13.6346,18.2511,13.221,9.68334,6.98109,15.4565,21.1238,17.3302,6.15213,23.3275,17.49,3.26989,18.5777,20.9769,10.6461,27.8598,7.87852,7.64237,4.63484,1.53267,22.6147,19.572,2.28732,7.76172,24.181,17.431,6.12136,19.4247,15.9738,1.50282,17.3302,10.4716,7.37161,5.53828,13.2111,8.509,15.0823,25.2567,17.0302,22.1182,16.4623,21.1238,13.2111,26.8192,10.5381,10.7732,15.4665,17.3302,14.6632,21.1238,5.64234,8.45911,11.8624,25.1479,6.15213,7.04909,14.3666,14.2184,22.178,22.2915,6.69397,18.2511,4.35914,0.0884946,0.638787,4.30324,7.06461,13.2111,14.1008,19.6022,21.1238,16.6035,6.98109,17.0302,10.7059,11.0154,16.5821,4.3951,12.1856,22.6901,19.4247,10.7059,21.4968,18.2511,14.7891,8.45911,11.5085,23.9155,8.75182,17.3684,18.7314,13.2182,1.51032,2.64416,3.06179,19.0142,24.181,5.85894,17.0302,14.3666,17.3302,8.79869,14.3141,23.8082,2.97396,19.6022,19.6022,15.3717,11.148,15.05,4.29771,13.2111,26.8364,6.44941,19.6022,14.421,20.9423,1.97314,17.3302,22.3958,0.0884946,10.7059,18.2511,13.2111,9.73689,15.9531,27.2848,14.0277,15.05,13.2182,5.81786,17.0302,28.9702,15.9849,0.920497,22.1182,21.5135,17.9182,0.851913,18.7314,25.8274,20.8634,6.03462,0.0884946,13.2182,18.4108,19.4247,11.8624,15.5575,17.3302,17.3302,9.0083,22.6901,4.9431,18.7314,26.8342,
STATS - lpIterations[147] lagIterations[551] sspIterations[11247] numSeparations[855] numCuts[0] compileTime[0] sspSolveTime[80] lpSolveTime[0] lb[2694.9] ub[2694.9] numArcs: [671455] numFixed: [671351] time: [165]
DUALS 165,2694.9,671455,671351,0,9.23187,6.28223,27.7541,19.4247,18.7587,13.2024,22.1763,23.9967,10.7059,15.5575,11.0105,15.1561,8.5277,12.2869,12.0643,19.6022,2.37045,20.505,11.1174,13.6346,20.1608,19.6022,19.771,12.8338,12.8002,14.9073,13.6346,9.99228,13.2111,12.9066,12.2287,28.5117,17.0302,4.94459,10.7059,17.0302,17.7057,19.6022,0.43705,9.98485,17.6473,13.2111,6.28223,12.5455,13.6346,18.2511,13.221,9.68334,6.98109,15.4565,21.1238,17.3302,6.15213,23.3275,17.49,3.26989,18.5777,20.9769,10.6461,27.8598,7.87852,7.64237,4.63484,1.53267,22.6147,19.572,2.28732,7.76172,24.181,17.431,6.12136,19.4247,15.9738,1.50282,17.3302,10.4716,7.37161,5.53828,13.2111,8.509,15.0823,25.2567,17.0302,22.1182,16.4623,21.1238,13.2111,26.8192,10.5381,10.7732,15.4665,17.3302,14.6632,21.1238,1.83759,8.45911,11.8624,25.1479,6.15213,7.04909,14.3666,14.2184,22.178,22.2915,6.69397,18.2511,0,3.89324,0.638787,4.30324,7.06461,13.2111,14.1008,19.6022,21.1238,16.6035,6.98109,17.0302,10.7059,11.0154,16.5821,4.3951,12.1856,22.6901,19.4247,10.7059,21.4968,18.2511,14.7891,8.45911,11.5085,23.9155,8.75182,17.3684,18.7314,13.2182,1.51032,2.64416,3.06179,19.0142,24.181,5.85894,17.0302,14.3666,17.3302,8.79869,14.3141,23.8082,2.97396,19.6022,19.6022,15.3717,11.148,15.05,4.29771,13.2111,26.8364,2.64467,19.6022,14.421,20.9423,1.97314,17.3302,22.3958,3.89324,10.7059,18.2511,13.2111,9.73689,15.9531,27.2848,14.0277,15.05,13.2182,5.81786,17.0302,28.9702,15.9849,0.920497,22.1182,21.5135,17.9182,0.851913,18.7314,25.8274,20.8634,6.03462,3.89324,13.2182,18.4108,19.4247,11.8624,15.5575,17.3302,17.3302,9.0083,22.6901,4.9431,18.7314,26.8342,
STATS - lpIterations[148] lagIterations[552] sspIterations[11267] numSeparations[855] numCuts[0] compileTime[0] sspSolveTime[80] lpSolveTime[0] lb[2694.9] ub[2694.9] numArcs: [671455] numFixed: [671353] time: [165]
DUALS 165,2694.9,671455,671353,0,9.23187,6.28223,27.7541,19.4247,18.7587,13.2024,22.1763,23.9967,10.7059,15.5575,11.0105,15.1561,8.5277,12.2869,12.0643,19.6022,8.02558,20.505,11.1174,13.6346,20.1608,19.6022,19.771,12.8338,12.8002,14.9073,13.6346,9.99228,13.2111,12.9066,12.2287,28.5117,17.0302,4.94459,10.7059,17.0302,17.7057,19.6022,0.43705,9.98485,17.6473,13.2111,6.28223,12.5455,13.6346,18.2511,13.221,9.68334,6.98109,15.4565,21.1238,17.3302,6.15213,23.3275,17.49,3.26989,18.5777,20.9769,10.6461,27.8598,7.87852,7.64237,4.63484,1.53267,22.6147,19.572,2.28732,7.76172,24.181,17.431,6.12136,19.4247,15.9738,1.50282,17.3302,10.4716,7.37161,5.53828,13.2111,8.509,15.0823,25.2567,17.0302,22.1182,16.4623,21.1238,13.2111,26.8192,10.5381,10.7732,15.4665,17.3302,14.6632,21.1238,1.83759,8.45911,11.8624,25.1479,6.15213,7.04909,14.3666,14.2184,22.178,22.2915,6.69397,18.2511,5.65514,0,0.638787,4.30324,7.06461,13.2111,14.1008,19.6022,21.1238,16.6035,6.98109,17.0302,10.7059,11.0154,16.5821,4.3951,12.1856,22.6901,19.4247,10.7059,21.4968,18.2511,14.7891,8.45911,11.5085,23.9155,8.75182,17.3684,18.7314,13.2182,1.51032,2.64416,3.06179,19.0142,24.181,5.85894,17.0302,14.3666,17.3302,8.79869,14.3141,23.8082,2.97396,19.6022,19.6022,15.3717,11.148,15.05,4.29771,13.2111,26.8364,2.64467,19.6022,14.421,20.9423,1.97314,17.3302,22.3958,0,10.7059,18.2511,13.2111,9.73689,15.9531,27.2848,14.0277,15.05,13.2182,5.81786,17.0302,28.9702,15.9849,0.920497,22.1182,21.5135,17.9182,0.851913,18.7314,25.8274,20.8634,6.03462,0,13.2182,18.4108,19.4247,11.8624,15.5575,17.3302,17.3302,9.0083,22.6901,4.9431,18.7314,26.8342,
STATS - lpIterations[149] lagIterations[553] sspIterations[11288] numSeparations[855] numCuts[0] compileTime[0] sspSolveTime[80] lpSolveTime[0] lb[2694.9] ub[2694.9] numArcs: [671455] numFixed: [671353] time: [166]
DUALS 166,2694.9,671455,671353,0,9.23187,5.15465,27.7541,19.4247,18.7587,13.2024,22.1763,23.9967,10.7059,15.5575,11.0105,15.1561,7.40012,12.2869,12.0643,19.6022,4.64285,20.505,11.1174,13.6346,20.1608,19.6022,19.771,12.8338,12.8002,14.9073,13.6346,9.99228,13.2111,12.9066,12.2287,28.5117,17.0302,6.07217,10.7059,17.0302,17.7057,19.6022,0,9.98485,17.6473,13.2111,5.15465,12.5455,13.6346,18.2511,13.221,9.68334,6.98109,15.4565,21.1238,17.3302,6.15213,23.3275,17.49,3.26989,18.5777,20.9769,10.6461,27.8598,7.87852,7.64237,4.63484,1.53267,22.6147,19.572,1.15974,7.76172,24.181,17.431,6.12136,19.4247,15.9738,1.50282,17.3302,10.4716,7.37161,4.41071,13.2111,8.509,15.0823,25.2567,17.0302,22.1182,16.4623,21.1238,13.2111,26.8192,10.5381,9.64559,15.4665,17.3302,14.6632,21.1238,2.96517,8.45911,11.8624,25.1479,6.15213,7.04909,14.3666,14.2184,22.178,22.2915,6.69397,18.2511,1.14483,1.12758,0.638787,4.30324,7.06461,13.2111,14.1008,19.6022,21.1238,16.6035,6.98109,17.0302,10.7059,11.0154,16.5821,4.3951,12.1856,22.6901,19.4247,10.7059,21.4968,18.2511,14.7891,8.45911,11.5085,23.9155,8.75182,17.3684,18.7314,13.2182,1.51032,2.64416,3.06179,19.0142,24.181,5.85894,17.0302,14.3666,17.3302,8.79869,14.3141,23.8082,2.97396,19.6022,19.6022,15.3717,11.148,15.05,3.17014,13.2111,26.8364,3.77225,19.6022,14.421,20.9423,1.97314,17.3302,22.3958,1.12758,10.7059,18.2511,13.2111,9.73689,15.9531,27.2848,14.0277,15.05,13.2182,4.69029,17.0302,28.9702,15.9849,0.920497,22.1182,21.5135,17.9182,0.851913,18.7314,25.8274,20.8634,6.03462,1.12758,13.2182,18.4108,19.4247,11.8624,15.5575,17.3302,17.3302,9.0083,22.6901,4.9431,18.7314,26.8342,
STATS - lpIterations[150] lagIterations[554] sspIterations[11308] numSeparations[855] numCuts[0] compileTime[0] sspSolveTime[80] lpSolveTime[0] lb[2694.9] ub[2694.9] numArcs: [671455] numFixed: [671353] time: [166]
DUALS 166,2694.9,671455,671353,0,9.23187,6.43841,27.7541,19.4247,17.4749,13.2024,22.1763,23.9967,10.7059,14.2738,11.0105,15.1561,8.68388,12.2869,12.0643,19.6022,3.3591,20.505,11.1174,13.6346,20.1608,19.6022,19.771,12.8338,12.8002,14.9073,13.6346,9.99228,13.2111,12.9066,12.2287,28.5117,17.0302,4.78842,10.7059,17.0302,17.7057,19.6022,1.28375,9.98485,17.6473,13.2111,6.43841,12.5455,13.6346,16.9674,13.221,9.68334,6.98109,15.4565,21.1238,17.3302,6.15213,23.3275,17.49,3.26989,18.5777,20.9769,10.6461,27.8598,7.87852,7.64237,4.63484,1.53267,22.6147,19.572,2.4435,7.76172,24.181,17.431,6.12136,19.4247,15.9738,1.50282,17.3302,10.4716,7.37161,5.69446,13.2111,8.509,15.0823,25.2567,17.0302,22.1182,16.4623,21.1238,13.2111,26.8192,10.5381,10.9293,15.4665,17.3302,14.6632,21.1238,1.68142,8.45911,11.8624,25.1479,6.15213,7.04909,14.3666,14.2184,22.178,22.2915,6.69397,16.9674,0,2.41133,0.638787,4.30324,7.06461,13.2111,14.1008,19.6022,21.1238,16.6035,6.98109,17.0302,10.7059,11.0154,16.5821,4.3951,12.1856,22.6901,19.4247,10.7059,21.4968,16.9674,14.7891,8.45911,11.5085,23.9155,8.75182,17.3684,18.7314,13.2182,1.51032,2.64416,3.06179,19.0142,24.181,5.85894,17.0302,14.3666,17.3302,8.79869,14.3141,23.8082,2.97396,19.6022,19.6022,15.3717,11.148,15.05,4.45389,13.2111,26.8364,2.48849,19.6022,14.421,20.9423,1.97314,17.3302,22.3958,2.41133,10.7059,16.9674,13.2111,9.73689,15.9531,27.2848,14.0277,15.05,13.2182,5.97404,17.0302,28.9702,15.9849,0.920497,22.1182,21.5135,17.9182,0.851913,18.7314,25.8274,20.8634,6.03462,2.41133,13.2182,18.4108,19.4247,11.8624,14.2738,17.3302,17.3302,9.0083,22.6901,4.9431,18.7314,26.8342,
STATS - lpIterations[151] lagIterations[555] sspIterations[11327] numSeparations[855] numCuts[0] compileTime[0] sspSolveTime[80] lpSolveTime[0] lb[2694.9] ub[2694.9] numArcs: [671455] numFixed: [671355] time: [166]
DUALS 166,2694.9,671455,671355,0,9.23187,6.43841,27.7541,19.4247,19.049,13.2024,22.1763,23.9967,10.7059,15.8479,11.0105,15.1561,8.68388,12.2869,12.0643,19.6022,4.9332,20.505,11.1174,13.6346,20.1608,19.6022,19.771,12.8338,12.8002,14.9073,13.6346,9.99228,13.2111,12.9066,12.2287,28.5117,17.0302,6.36252,10.7059,17.0302,17.7057,19.6022,1.28375,9.98485,17.6473,13.2111,6.43841,12.5455,13.6346,18.5415,13.221,9.68334,6.98109,15.4565,21.1238,17.3302,6.15213,23.3275,17.49,3.26989,18.5777,20.9769,10.6461,27.8598,7.87852,7.64237,4.63484,1.53267,22.6147,19.572,2.4435,7.76172,24.181,17.431,6.12136,19.4247,15.9738,1.50282,17.3302,10.4716,7.37161,5.69446,13.2111,8.509,15.0823,25.2567,17.0302,22.1182,16.4623,21.1238,13.2111,26.8192,10.5381,10.9293,15.4665,17.3302,14.6632,21.1238,3.25552,8.45911,11.8624,25.1479,6.15213,7.04909,14.3666,14.2184,22.178,22.2915,6.69397,18.5415,1.5741,0.837233,0.638787,4.30324,7.06461,13.2111,14.1008,19.6022,21.1238,16.6035,6.98109,17.0302,10.7059,11.0154,16.5821,4.3951,12.1856,22.6901,19.4247,10.7059,21.4968,18.5415,14.7891,8.45911,11.5085,23.9155,8.75182,17.3684,18.7314,13.2182,1.51032,2.64416,3.06179,19.0142,24.181,5.85894,17.0302,14.3666,17.3302,8.79869,14.3141,23.8082,2.97396,19.6022,19.6022,15.3717,11.148,15.05,4.45389,13.2111,26.8364,4.06259,19.6022,14.421,20.9423,1.97314,17.3302,22.3958,0.837233,10.7059,18.5415,13.2111,9.73689,15.9531,27.2848,14.0277,15.05,13.2182,5.97404,17.0302,28.9702,15.9849,0.920497,22.1182,21.5135,17.9182,0.851913,18.7314,25.8274,20.8634,6.03462,0.837233,13.2182,19.9849,19.4247,11.8624,15.8479,17.3302,17.3302,9.0083,22.6901,4.9431,18.7314,26.8342,
STATS - lpIterations[152] lagIterations[556] sspIterations[11347] numSeparations[855] numCuts[0] compileTime[0] sspSolveTime[80] lpSolveTime[0] lb[2694.9] ub[2694.9] numArcs: [671455] numFixed: [671355] time: [166]
DUALS 166,2694.9,671455,671355,0,9.23187,6.43841,27.7541,19.4247,19.049,13.2024,22.1763,23.9967,10.7059,15.8479,11.0105,15.1561,8.68388,12.2869,12.0643,19.6022,0.478691,20.505,11.1174,13.6346,20.1608,19.6022,19.771,12.8338,12.8002,14.9073,13.6346,9.99228,13.2111,12.9066,12.2287,28.5117,17.0302,6.36252,10.7059,17.0302,17.7057,19.6022,0,9.98485,17.6473,13.2111,6.43841,12.5455,13.6346,18.5415,13.221,9.68334,6.98109,15.4565,21.1238,17.3302,6.15213,23.3275,17.49,3.26989,18.5777,20.9769,10.6461,27.8598,7.87852,7.64237,4.63484,1.53267,22.6147,19.572,2.4435,7.76172,24.181,17.431,6.12136,19.4247,15.9738,1.50282,17.3302,10.4716,7.37161,5.69446,13.2111,8.509,15.0823,25.2567,17.0302,22.1182,16.4623,21.1238,13.2111,26.8192,10.5381,10.9293,15.4665,17.3302,14.6632,21.1238,3.25552,8.45911,11.8624,25.1479,6.15213,7.04909,14.3666,14.2184,22.178,22.2915,6.69397,18.5415,0,3.06449,0.638787,4.30324,7.06461,13.2111,14.1008,19.6022,21.1238,16.6035,6.98109,17.0302,10.7059,11.0154,16.5821,4.3951,12.1856,22.6901,19.4247,10.7059,21.4968,18.5415,14.7891,8.45911,11.5085,23.9155,8.75182,17.3684,18.7314,13.2182,1.51032,2.64416,3.06179,19.0142,24.181,5.85894,17.0302,14.3666,17.3302,8.79869,14.3141,23.8082,2.97396,19.6022,19.6022,15.3717,11.148,15.05,4.45389,13.2111,26.8364,4.06259,19.6022,14.421,20.9423,1.97314,17.3302,22.3958,3.06449,10.7059,18.5415,13.2111,9.73689,15.9531,27.2848,14.0277,15.05,13.2182,5.97404,17.0302,28.9702,15.9849,0.920497,22.1182,21.5135,17.9182,0.851913,18.7314,25.8274,20.8634,6.03462,3.06449,13.2182,19.9849,19.4247,11.8624,15.8479,17.3302,17.3302,9.0083,22.6901,4.9431,18.7314,26.8342,
STATS - lpIterations[153] lagIterations[557] sspIterations[11367] numSeparations[855] numCuts[0] compileTime[0] sspSolveTime[80] lpSolveTime[0] lb[2694.9] ub[2694.9] numArcs: [671455] numFixed: [671355] time: [166]
DUALS 167,2694.9,671455,671355,0,9.23187,7.65487,27.7541,19.4247,19.049,13.2024,22.1763,23.9967,10.7059,14.6314,11.0105,15.1561,9.90034,12.2869,12.0643,19.6022,1.69515,20.505,11.1174,13.6346,20.1608,19.6022,19.771,12.8338,12.8002,14.9073,13.6346,9.99228,13.2111,12.9066,12.2287,28.5117,17.0302,5.14605,10.7059,17.0302,17.7057,19.6022,1.21646,9.98485,17.6473,13.2111,7.65487,12.5455,13.6346,17.325,13.221,9.68334,6.98109,15.4565,21.1238,17.3302,6.15213,23.3275,17.49,3.26989,18.5777,20.9769,10.6461,27.8598,7.87852,7.64237,4.63484,1.53267,22.6147,19.572,3.65996,7.76172,24.181,17.431,6.12136,19.4247,15.9738,1.50282,17.3302,10.4716,7.37161,6.91092,13.2111,8.509,15.0823,25.2567,17.0302,22.1182,16.4623,21.1238,13.2111,26.8192,10.5381,12.1458,15.4665,17.3302,14.6632,21.1238,2.03905,8.45911,11.8624,25.1479,6.15213,7.04909,14.3666,14.2184,22.178,22.2915,6.69397,17.325,1.21646,1.84802,0.638787,4.30324,7.06461,13.2111,14.1008,19.6022,21.1238,16.6035,6.98109,17.0302,10.7059,11.0154,16.5821,4.3951,12.1856,22.6901,19.4247,10.7059,21.4968,17.325,14.7891,8.45911,11.5085,23.9155,8.75182,17.3684,18.7314,13.2182,1.51032,2.64416,3.06179,19.0142,24.181,5.85894,17.0302,14.3666,17.3302,8.79869,14.3141,23.8082,2.97396,19.6022,19.6022,15.3717,11.148,15.05,5.67035,13.2111,26.8364,2.84613,19.6022,14.421,20.9423,1.97314,17.3302,22.3958,1.84802,10.7059,17.325,13.2111,9.73689,15.9531,27.2848,14.0277,15.05,13.2182,7.1905,17.0302,28.9702,15.9849,0.920497,22.1182,21.5135,17.9182,0.851913,18.7314,25.8274,20.8634,6.03462,1.84802,13.2182,18.7685,19.4247,11.8624,14.6314,17.3302,17.3302,9.0083,22.6901,4.9431,18.7314,26.8342,
STATS - lpIterations[154] lagIterations[558] sspIterations[11388] numSeparations[855] numCuts[0] compileTime[0] sspSolveTime[80] lpSolveTime[0] lb[2694.9] ub[2694.9] numArcs: [671455] numFixed: [671360] time: [167]
DUALS 167,2694.9,671455,671360,0,9.23187,5.87959,27.7541,19.4247,19.049,13.2024,22.1763,23.9967,10.7059,14.6314,11.0105,15.1561,8.12506,12.2869,12.0643,19.6022,3.47044,20.505,11.1174,13.6346,20.1608,19.6022,19.771,12.8338,12.8002,14.9073,13.6346,9.99228,13.2111,12.9066,12.2287,28.5117,17.0302,5.14605,10.7059,17.0302,17.7057,19.6022,0,9.98485,17.6473,13.2111,5.87959,12.5455,13.6346,17.325,13.221,9.68334,6.98109,15.4565,21.1238,17.3302,6.15213,23.3275,17.49,3.26989,18.5777,20.9769,10.6461,27.8598,7.87852,7.64237,4.63484,1.53267,22.6147,19.572,0.109397,7.76172,24.181,17.431,6.12136,19.4247,15.9738,1.50282,17.3302,10.4716,7.37161,5.13564,13.2111,8.509,15.0823,25.2567,17.0302,22.1182,16.4623,21.1238,13.2111,26.8192,10.5381,10.3705,15.4665,17.3302,14.6632,21.1238,2.03905,8.45911,11.8624,25.1479,6.15213,7.04909,14.3666,14.2184,22.178,22.2915,6.69397,17.325,0,1.84802,0.638787,4.30324,7.06461,13.2111,14.1008,19.6022,21.1238,16.6035,6.98109,17.0302,10.7059,11.0154,16.5821,4.3951,12.1856,22.6901,19.4247,10.7059,21.4968,17.325,14.7891,8.45911,11.5085,23.9155,8.75182,17.3684,18.7314,13.2182,1.51032,2.64416,3.06179,19.0142,24.181,5.85894,17.0302,14.3666,17.3302,8.79869,14.3141,23.8082,2.97396,19.6022,19.6022,15.3717,11.148,15.05,3.89507,13.2111,26.8364,2.84613,19.6022,14.421,20.9423,1.97314,17.3302,22.3958,1.84802,10.7059,17.325,13.2111,9.73689,15.9531,27.2848,14.0277,15.05,13.2182,5.41522,17.0302,28.9702,15.9849,0.920497,22.1182,21.5135,17.9182,0.851913,18.7314,25.8274,20.8634,6.03462,1.84802,13.2182,18.7685,19.4247,11.8624,14.6314,17.3302,17.3302,9.0083,22.6901,4.9431,18.7314,26.8342,
STATS - lpIterations[155] lagIterations[559] sspIterations[11408] numSeparations[855] numCuts[0] compileTime[0] sspSolveTime[80] lpSolveTime[0] lb[2694.9] ub[2694.9] numArcs: [671455] numFixed: [671360] time: [167]
DUALS 167,2694.9,671455,671360,0,9.23187,6.86621,27.7541,19.4247,19.049,13.2024,22.1763,23.9967,10.7059,14.6314,11.0105,15.1561,9.11168,12.2869,12.0643,19.6022,3.47044,20.505,11.1174,13.6346,20.1608,19.6022,19.771,12.8338,12.8002,14.9073,13.6346,9.99228,13.2111,12.9066,12.2287,28.5117,16.0436,5.14605,10.7059,16.0436,17.7057,19.6022,0.98662,9.98485,17.6473,13.2111,6.86621,12.5455,13.6346,17.325,13.221,9.68334,6.98109,15.4565,21.1238,17.3302,6.15213,23.3275,17.49,3.26989,18.5777,20.9769,10.6461,27.8598,7.87852,7.64237,4.63484,1.53267,22.6147,19.572,1.09602,7.76172,24.181,17.431,6.12136,19.4247,15.9738,1.50282,17.3302,10.4716,7.37161,6.12226,13.2111,8.509,15.0823,25.2567,16.0436,22.1182,16.4623,21.1238,13.2111,26.8192,10.5381,11.3571,15.4665,17.3302,14.6632,21.1238,2.03905,8.45911,11.8624,25.1479,6.15213,7.04909,14.3666,14.2184,22.178,22.2915,6.69397,17.325,0.98662,0.861403,0.638787,4.30324,7.06461,13.2111,14.1008,19.6022,21.1238,16.6035,6.98109,16.0436,10.7059,11.0154,15.5955,4.3951,12.1856,22.6901,19.4247,10.7059,21.4968,17.325,14.7891,8.45911,11.5085,23.9155,8.75182,17.3684,18.7314,13.2182,1.51032,2.64416,3.06179,19.0142,24.181,5.85894,16.0436,14.3666,17.3302,8.79869,14.3141,23.8082,2.97396,19.6022,19.6022,15.3717,11.148,15.05,4.88169,13.2111,26.8364,2.84613,19.6022,14.421,20.9423,1.97314,17.3302,22.3958,0,10.7059,17.325,13.2111,9.73689,15.9531,27.2848,14.0277,15.05,13.2182,6.40184,16.0436,28.9702,15.9849,0.920497,22.1182,21.5135,17.9182,0.851913,18.7314,25.8274,20.8634,6.03462,0.861403,13.2182,18.7685,19.4247,11.8624,14.6314,17.3302,17.3302,9.0083,22.6901,4.9431,18.7314,26.8342,
STATS - lpIterations[156] lagIterations[560] sspIterations[11428] numSeparations[855] numCuts[0] compileTime[0] sspSolveTime[81] lpSolveTime[0] lb[2694.9] ub[2694.9] numArcs: [671455] numFixed: [671360] time: [167]
DUALS 167,2694.9,671455,671360,0,9.23187,6.86621,27.7541,19.4247,19.049,13.2024,22.1763,23.9967,10.7059,14.6314,11.0105,15.1561,9.11168,12.2869,12.0643,19.6022,0,20.505,11.1174,13.6346,20.1608,19.6022,19.771,12.8338,12.8002,14.9073,13.6346,9.99228,13.2111,12.9066,12.2287,28.5117,16.0436,5.14605,10.7059,16.0436,17.7057,19.6022,0,9.98485,17.6473,13.2111,6.86621,12.5455,13.6346,17.325,13.221,9.68334,6.98109,15.4565,21.1238,17.3302,6.15213,23.3275,17.49,3.26989,18.5777,20.9769,10.6461,27.8598,7.87852,7.64237,4.63484,1.53267,22.6147,19.572,1.09602,7.76172,24.181,17.431,6.12136,19.4247,15.9738,1.50282,17.3302,10.4716,7.37161,6.12226,13.2111,8.509,15.0823,25.2567,16.0436,22.1182,16.4623,21.1238,13.2111,26.8192,10.5381,11.3571,15.4665,17.3302,14.6632,21.1238,2.03905,8.45911,11.8624,25.1479,6.15213,7.04909,14.3666,14.2184,22.178,22.2915,6.69397,17.325,0,4.7842,0.638787,4.30324,7.06461,13.2111,14.1008,19.6022,21.1238,16.6035,6.98109,16.0436,10.7059,11.0154,15.5955,4.3951,12.1856,22.6901,19.4247,10.7059,21.4968,17.325,14.7891,8.45911,11.5085,23.9155,8.75182,17.3684,18.7314,13.2182,1.51032,2.64416,3.06179,19.0142,24.181,5.85894,16.0436,14.3666,17.3302,8.79869,14.3141,23.8082,2.97396,19.6022,19.6022,15.3717,11.148,15.05,4.88169,13.2111,26.8364,2.84613,19.6022,14.421,20.9423,1.97314,17.3302,22.3958,3.9228,10.7059,17.325,13.2111,9.73689,15.9531,27.2848,14.0277,15.05,13.2182,6.40184,16.0436,28.9702,15.9849,0.920497,22.1182,21.5135,17.9182,0.851913,18.7314,25.8274,20.8634,6.03462,4.7842,13.2182,18.7685,19.4247,11.8624,14.6314,17.3302,17.3302,9.0083,22.6901,4.9431,18.7314,26.8342,
STATS - lpIterations[157] lagIterations[561] sspIterations[11448] numSeparations[855] numCuts[0] compileTime[0] sspSolveTime[81] lpSolveTime[0] lb[2694.9] ub[2694.9] numArcs: [671455] numFixed: [671360] time: [167]
DUALS 168,2694.9,671450,671360,0,9.23187,6.86621,27.7541,19.4247,19.049,13.2024,22.1763,23.9967,10.7059,14.6314,11.0105,15.1561,9.11168,12.2869,12.0643,19.6022,5.3627,20.505,11.1174,13.6346,20.1608,19.6022,19.771,12.8338,12.8002,14.9073,13.6346,9.99228,13.2111,12.9066,12.2287,28.5117,16.0436,5.14605,10.7059,16.0436,17.7057,19.6022,5.3627,9.98485,17.6473,13.2111,6.86621,12.5455,13.6346,17.325,13.221,9.68334,6.98109,15.4565,21.1238,17.3302,6.15213,23.3275,17.49,3.26989,18.5777,20.9769,10.6461,27.8598,7.87852,7.64237,4.63484,1.53267,22.6147,19.572,1.09602,7.76172,24.181,17.431,6.12136,19.4247,15.9738,1.50282,17.3302,10.4716,7.37161,6.12226,13.2111,8.509,15.0823,25.2567,16.0436,22.1182,16.4623,21.1238,13.2111,26.8192,10.5381,11.3571,15.4665,17.3302,14.6632,21.1238,2.03905,8.45911,11.8624,25.1479,6.15213,7.04909,14.3666,14.2184,22.178,22.2915,6.69397,17.325,5.3627,0,0.638787,4.30324,7.06461,13.2111,14.1008,19.6022,21.1238,16.6035,6.98109,16.0436,10.7059,11.0154,15.5955,4.3951,12.1856,22.6901,19.4247,10.7059,21.4968,17.325,14.7891,8.45911,11.5085,23.9155,8.75182,17.3684,18.7314,13.2182,1.51032,2.64416,3.06179,19.0142,24.181,5.85894,16.0436,14.3666,17.3302,8.79869,14.3141,23.8082,2.97396,19.6022,19.6022,15.3717,11.148,15.05,4.88169,13.2111,26.8364,2.84613,19.6022,14.421,20.9423,1.97314,17.3302,22.3958,0,10.7059,17.325,13.2111,9.73689,15.9531,27.2848,14.0277,15.05,13.2182,6.40184,16.0436,28.9702,15.9849,0.920497,22.1182,21.5135,17.9182,0.851913,18.7314,25.8274,20.8634,6.03462,0,13.2182,18.7685,19.4247,11.8624,14.6314,17.3302,17.3302,9.0083,22.6901,4.9431,18.7314,26.8342,
STATS - lpIterations[158] lagIterations[562] sspIterations[11469] numSeparations[855] numCuts[0] compileTime[0] sspSolveTime[81] lpSolveTime[0] lb[2694.9] ub[2694.9] numArcs: [671450] numFixed: [671360] time: [168]
DUALS 168,2694.9,671450,671360,0,9.23187,6.23951,27.7541,19.4247,19.049,13.2024,22.1763,23.9967,10.7059,14.6314,11.0105,15.1561,8.48498,12.2869,12.0643,19.6022,4.1093,20.505,11.1174,13.6346,20.1608,19.6022,19.771,12.8338,12.8002,14.9073,13.6346,9.99228,13.2111,12.9066,12.2287,28.5117,16.0436,5.14605,10.7059,16.0436,17.7057,19.6022,1.60251,9.98485,17.6473,13.2111,6.23951,12.5455,13.6346,17.325,13.221,9.68334,6.98109,15.4565,21.1238,17.3302,6.15213,23.3275,17.49,3.26989,18.5777,20.9769,10.6461,27.8598,7.87852,7.64237,4.63484,1.53267,22.6147,19.572,1.09602,7.76172,24.181,17.431,6.12136,19.4247,15.9738,1.50282,17.3302,10.4716,7.37161,5.49556,13.2111,8.509,15.0823,25.2567,16.0436,22.1182,16.4623,21.1238,13.2111,26.8192,10.5381,10.7304,15.4665,17.3302,14.6632,21.1238,2.66575,8.45911,11.8624,25.1479,6.15213,7.04909,14.3666,14.2184,22.178,22.2915,6.69397,17.325,1.60251,0.626699,0.638787,4.30324,7.06461,13.2111,14.1008,19.6022,21.1238,16.6035,6.98109,16.0436,10.7059,11.0154,14.9688,5.0218,12.1856,22.6901,19.4247,10.7059,21.4968,17.325,14.7891,8.45911,11.5085,23.9155,8.75182,17.3684,18.7314,13.2182,1.51032,2.64416,3.06179,19.0142,24.181,5.85894,16.0436,14.3666,17.3302,8.79869,14.3141,23.8082,2.97396,19.6022,19.6022,15.3717,11.148,15.05,4.25499,13.2111,26.8364,3.47283,19.6022,14.421,20.9423,1.97314,17.3302,22.3958,0.626699,10.7059,17.325,13.2111,9.73689,15.9531,27.2848,14.0277,15.05,13.2182,5.77514,16.0436,28.9702,15.9849,0.920497,22.1182,21.5135,17.9182,0.851913,18.7314,25.8274,20.8634,6.03462,0.626699,13.2182,18.7685,20.0514,11.8624,14.6314,17.3302,17.3302,9.0083,22.6901,4.9431,18.7314,26.8342,
STATS - lpIterations[159] lagIterations[563] sspIterations[11489] numSeparations[855] numCuts[0] compileTime[0] sspSolveTime[81] lpSolveTime[0] lb[2694.9] ub[2694.9] numArcs: [671450] numFixed: [671360] time: [168]
DUALS 168,2694.9,671450,671360,0,9.23187,6.23951,27.7541,19.4247,19.049,13.2024,22.1763,23.9967,10.7059,14.6314,11.0105,15.1561,8.48498,12.2869,12.0643,19.6022,0.113375,20.505,11.1174,13.6346,20.1608,19.6022,19.771,12.8338,12.8002,14.9073,13.6346,9.99228,13.2111,12.9066,12.2287,28.5117,16.0436,5.14605,10.7059,16.0436,17.7057,19.6022,0,9.98485,17.6473,13.2111,6.23951,12.5455,13.6346,17.325,13.221,9.68334,6.98109,15.4565,21.1238,17.3302,6.15213,23.3275,17.49,3.26989,18.5777,20.9769,10.6461,27.8598,7.87852,7.64237,4.63484,1.53267,22.6147,19.572,3.09398,7.76172,24.181,17.431,6.12136,19.4247,15.9738,1.50282,17.3302,10.4716,7.37161,5.49556,13.2111,8.509,15.0823,25.2567,16.0436,22.1182,16.4623,21.1238,13.2111,26.8192,10.5381,10.7304,15.4665,17.3302,14.6632,21.1238,2.66575,8.45911,11.8624,25.1479,6.15213,7.04909,14.3666,14.2184,22.178,22.2915,6.69397,17.325,0,2.62466,0.638787,4.30324,7.06461,13.2111,14.1008,19.6022,21.1238,16.6035,6.98109,16.0436,10.7059,11.0154,14.9688,5.0218,12.1856,22.6901,19.4247,10.7059,21.4968,17.325,14.7891,8.45911,11.5085,23.9155,8.75182,17.3684,18.7314,13.2182,1.51032,2.64416,3.06179,19.0142,24.181,5.85894,16.0436,14.3666,17.3302,8.79869,14.3141,23.8082,2.97396,19.6022,19.6022,15.3717,11.148,15.05,4.25499,13.2111,26.8364,3.47283,19.6022,14.421,20.9423,1.97314,17.3302,22.3958,2.62466,10.7059,17.325,13.2111,9.73689,15.9531,27.2848,14.0277,15.05,13.2182,5.77514,16.0436,28.9702,15.9849,0.920497,22.1182,21.5135,17.9182,0.851913,18.7314,25.8274,20.8634,6.03462,2.62466,13.2182,18.7685,20.0514,11.8624,14.6314,17.3302,17.3302,9.0083,22.6901,4.9431,18.7314,26.8342,
STATS - lpIterations[160] lagIterations[564] sspIterations[11509] numSeparations[855] numCuts[0] compileTime[0] sspSolveTime[81] lpSolveTime[0] lb[2694.9] ub[2694.9] numArcs: [671450] numFixed: [671360] time: [168]
DUALS 168,2694.9,671450,671360,0,9.23187,6.23951,27.7541,19.4247,19.049,13.2024,22.1763,23.9967,10.7059,14.6314,11.0105,15.1561,8.48498,12.2869,12.0643,19.6022,4.50563,20.505,11.1174,13.6346,20.1608,19.6022,19.771,12.8338,12.8002,14.9073,13.6346,9.99228,13.2111,12.9066,12.2287,28.5117,16.0436,5.14605,10.7059,16.0436,17.7057,19.6022,4.39226,9.98485,17.6473,13.2111,6.23951,12.5455,13.6346,17.325,13.221,9.68334,6.98109,15.4565,21.1238,17.3302,6.15213,23.3275,17.49,3.26989,18.5777,20.9769,10.6461,27.8598,7.87852,7.64237,4.63484,1.53267,22.6147,19.572,3.09398,7.76172,24.181,17.431,6.12136,19.4247,15.9738,1.50282,17.3302,10.4716,7.37161,5.49556,13.2111,8.509,15.0823,25.2567,16.0436,22.1182,16.4623,21.1238,13.2111,26.8192,10.5381,10.7304,15.4665,17.3302,14.6632,21.1238,2.66575,8.45911,11.8624,25.1479,6.15213,7.04909,14.3666,14.2184,22.178,22.2915,6.69397,17.325,4.39226,0,0.638787,4.30324,7.06461,13.2111,14.1008,19.6022,21.1238,16.6035,6.98109,16.0436,10.7059,11.0154,14.9688,5.0218,12.1856,22.6901,19.4247,10.7059,21.4968,17.325,14.7891,8.45911,11.5085,23.9155,8.75182,17.3684,18.7314,13.2182,1.51032,2.64416,3.06179,19.0142,24.181,5.85894,16.0436,14.3666,17.3302,8.79869,14.3141,23.8082,2.97396,19.6022,19.6022,15.3717,11.148,15.05,4.25499,13.2111,26.8364,3.47283,19.6022,14.421,20.9423,1.97314,17.3302,22.3958,0,10.7059,17.325,13.2111,9.73689,15.9531,27.2848,14.0277,15.05,13.2182,5.77514,16.0436,28.9702,15.9849,0.920497,22.1182,21.5135,17.9182,0.851913,18.7314,25.8274,20.8634,6.03462,0,13.2182,18.7685,20.0514,11.8624,14.6314,17.3302,17.3302,9.0083,22.6901,4.9431,18.7314,26.8342,
STATS - lpIterations[161] lagIterations[565] sspIterations[11530] numSeparations[855] numCuts[0] compileTime[0] sspSolveTime[81] lpSolveTime[0] lb[2694.9] ub[2694.9] numArcs: [671450] numFixed: [671360] time: [168]
DUALS 168,2694.9,671450,671360,0,9.23187,5.06519,27.7541,19.4247,19.049,13.2024,22.1763,23.9967,10.7059,14.6314,11.0105,15.1561,7.31066,12.2869,12.0643,19.6022,2.15699,20.505,11.1174,13.6346,20.1608,19.6022,19.771,12.8338,12.8002,14.9073,13.6346,9.99228,13.2111,12.9066,12.2287,28.5117,16.0436,5.14605,10.7059,16.0436,17.7057,19.6022,2.04361,9.98485,17.6473,13.2111,5.06519,12.5455,13.6346,17.325,13.221,9.68334,6.98109,15.4565,21.1238,17.3302,6.15213,23.3275,17.49,3.26989,18.5777,20.9769,10.6461,27.8598,7.87852,7.64237,4.63484,1.53267,22.6147,19.572,1.91966,7.76172,24.181,17.431,6.12136,19.4247,15.9738,1.50282,17.3302,10.4716,7.37161,4.32124,13.2111,8.509,15.0823,25.2567,16.0436,22.1182,16.4623,21.1238,13.2111,26.8192,10.5381,9.55613,15.4665,17.3302,14.6632,21.1238,3.84007,8.45911,11.8624,25.1479,6.15213,7.04909,14.3666,14.2184,22.178,22.2915,6.69397,17.325,0,1.17432,0.638787,4.30324,7.06461,13.2111,14.1008,19.6022,21.1238,16.6035,6.98109,16.0436,10.7059,11.0154,14.9688,5.0218,12.1856,22.6901,19.4247,10.7059,21.4968,17.325,14.7891,8.45911,11.5085,23.9155,8.75182,17.3684,18.7314,13.2182,1.51032,2.64416,3.06179,19.0142,24.181,5.85894,16.0436,14.3666,17.3302,8.79869,14.3141,23.8082,2.97396,19.6022,19.6022,15.3717,11.148,15.05,3.08067,13.2111,26.8364,3.47283,19.6022,14.421,20.9423,1.97314,17.3302,22.3958,1.17432,10.7059,17.325,13.2111,9.73689,15.9531,27.2848,14.0277,15.05,13.2182,4.60082,16.0436,28.9702,15.9849,0.920497,22.1182,21.5135,17.9182,0.851913,18.7314,25.8274,20.8634,6.03462,1.17432,13.2182,18.7685,20.0514,11.8624,14.6314,17.3302,17.3302,9.0083,22.6901,4.9431,18.7314,26.8342,
STATS - lpIterations[162] lagIterations[566] sspIterations[11550] numSeparations[855] numCuts[0] compileTime[0] sspSolveTime[81] lpSolveTime[0] lb[2694.9] ub[2694.9] numArcs: [671450] numFixed: [671375] time: [169]
DUALS 169,2694.9,671450,671375,0,9.23187,6.07706,27.7541,19.4247,19.049,13.2024,22.1763,23.9967,10.7059,14.6314,11.0105,15.1561,8.32253,12.2869,12.0643,19.6022,2.15699,20.505,11.1174,13.6346,20.1608,19.6022,19.771,12.8338,12.8002,14.9073,13.6346,9.99228,13.2111,12.9066,12.2287,27.4999,16.0436,4.13418,10.7059,16.0436,17.7057,19.6022,2.04361,9.98485,17.6473,13.2111,6.07706,12.5455,13.6346,17.325,13.221,9.68334,6.98109,15.4565,20.112,17.3302,6.15213,23.3275,17.49,3.26989,18.5777,20.9769,10.6461,27.8598,7.87852,7.64237,4.63484,1.53267,21.6028,18.5601,2.93153,7.76172,24.181,17.431,6.12136,19.4247,15.9738,1.50282,17.3302,10.4716,7.37161,5.33311,13.2111,8.509,15.0823,25.2567,16.0436,22.1182,16.4623,20.112,13.2111,26.8192,10.5381,10.568,15.4665,17.3302,14.6632,20.112,2.8282,8.45911,11.8624,25.1479,6.15213,7.04909,14.3666,14.2184,22.178,22.2915,6.69397,17.325,1.01187,2.18619,0.638787,4.30324,7.06461,13.2111,14.1008,19.6022,20.112,16.6035,6.98109,16.0436,10.7059,11.0154,14.9688,5.0218,12.1856,22.6901,19.4247,10.7059,21.4968,17.325,14.7891,8.45911,11.5085,23.9155,8.75182,17.3684,18.7314,12.2063,1.51032,2.64416,3.06179,19.0142,24.181,5.85894,16.0436,14.3666,17.3302,8.79869,14.3141,23.8082,2.97396,19.6022,19.6022,15.3717,11.148,15.05,4.09254,13.2111,26.8364,2.46096,19.6022,14.421,20.9423,1.97314,17.3302,22.3958,2.18619,10.7059,17.325,13.2111,9.73689,15.9531,27.2848,14.0277,15.05,12.2063,5.61269,16.0436,28.9702,15.9849,0.920497,22.1182,21.5135,17.9182,0.851913,18.7314,25.8274,20.8634,6.03462,2.18619,12.2063,18.7685,20.0514,11.8624,14.6314,17.3302,17.3302,9.0083,22.6901,4.9431,18.7314,26.8342,
STATS - lpIterations[163] lagIterations[567] sspIterations[11569] numSeparations[855] numCuts[0] compileTime[0] sspSolveTime[81] lpSolveTime[0] lb[2694.9] ub[2694.9] numArcs: [671450] numFixed: [671375] time: [169]
DUALS 169,2694.9,671450,671375,0,9.23187,6.07706,27.7541,19.4247,19.049,13.2024,22.1763,23.9967,10.7059,14.6314,11.0105,15.1561,8.32253,12.2869,12.0643,19.6022,4.41048,20.505,11.1174,13.6346,20.1608,19.6022,19.771,12.8338,12.8002,14.9073,13.6346,9.99228,13.2111,12.9066,12.2287,29.7534,16.0436,4.13418,10.7059,16.0436,17.7057,19.6022,2.04361,9.98485,17.6473,13.2111,6.07706,12.5455,13.6346,17.325,13.221,9.68334,6.98109,15.4565,22.3655,17.3302,6.15213,23.3275,17.49,3.26989,18.5777,20.9769,10.6461,27.8598,7.87852,7.64237,4.63484,1.53267,23.8563,18.5601,2.93153,7.76172,24.181,17.431,6.12136,19.4247,15.9738,1.50282,17.3302,10.4716,7.37161,5.33311,13.2111,8.509,15.0823,25.2567,16.0436,22.1182,16.4623,22.3655,13.2111,26.8192,10.5381,10.568,15.4665,17.3302,14.6632,22.3655,2.8282,8.45911,11.8624,25.1479,6.15213,7.04909,14.3666,14.2184,22.178,22.2915,6.69397,17.325,1.01187,0,0.638787,4.30324,7.06461,13.2111,14.1008,19.6022,22.3655,16.6035,6.98109,16.0436,10.7059,11.0154,14.9688,5.0218,12.1856,22.6901,19.4247,10.7059,21.4968,17.325,14.7891,8.45911,11.5085,23.9155,8.75182,17.3684,18.7314,14.4598,1.51032,2.64416,3.06179,19.0142,24.181,5.85894,16.0436,14.3666,17.3302,8.79869,14.3141,23.8082,2.97396,19.6022,19.6022,15.3717,11.148,15.05,4.09254,13.2111,26.8364,2.46096,19.6022,14.421,20.9423,1.97314,17.3302,22.3958,0,10.7059,17.325,13.2111,9.73689,15.9531,29.5383,14.0277,15.05,14.4598,5.61269,16.0436,28.9702,15.9849,0.920497,22.1182,21.5135,17.9182,0.851913,18.7314,25.8274,20.8634,6.03462,0,14.4598,18.7685,20.0514,11.8624,14.6314,17.3302,17.3302,9.0083,22.6901,4.9431,18.7314,26.8342,
STATS - lpIterations[164] lagIterations[568] sspIterations[11589] numSeparations[855] numCuts[0] compileTime[0] sspSolveTime[81] lpSolveTime[0] lb[2694.9] ub[2694.9] numArcs: [671450] numFixed: [671375] time: [169]
DUALS 169,2694.9,671450,671375,0,9.23187,6.69009,27.7541,19.4247,19.049,13.2024,22.1763,23.9967,10.7059,14.6314,11.0105,15.1561,8.93556,12.2869,12.0643,19.6022,3.79745,20.505,11.1174,13.6346,20.1608,19.6022,19.771,12.8338,12.8002,14.9073,13.6346,9.99228,13.2111,12.9066,12.2287,29.1403,16.0436,4.13418,10.7059,16.0436,17.7057,19.6022,1.43058,9.98485,17.6473,13.2111,6.69009,12.5455,13.6346,17.325,13.221,9.68334,6.98109,15.4565,21.1394,17.3302,6.15213,23.3275,17.49,3.26989,18.5777,20.9769,10.6461,27.8598,7.87852,7.64237,4.63484,1.53267,22.6302,17.9471,3.54456,7.76172,24.794,17.431,6.12136,19.4247,15.9738,1.50282,17.3302,10.4716,7.37161,5.94614,13.2111,8.509,15.0823,25.2567,16.0436,22.1182,16.4623,21.1394,13.2111,26.8192,10.5381,11.181,15.4665,17.3302,14.6632,21.1394,2.8282,8.45911,11.8624,25.1479,6.15213,7.04909,14.3666,14.2184,22.791,22.2915,6.69397,17.325,1.01187,0.61303,0.638787,4.30324,7.06461,13.2111,14.1008,19.6022,21.1394,16.6035,6.98109,16.0436,10.7059,11.0154,14.9688,5.0218,12.1856,23.3032,19.4247,10.7059,21.4968,17.325,14.7891,8.45911,11.5085,23.9155,8.75182,17.3684,18.7314,13.2337,1.51032,2.64416,3.06179,19.0142,24.794,5.85894,16.0436,14.3666,17.3302,8.79869,14.3141,23.8082,2.97396,19.6022,19.6022,15.3717,11.148,15.05,4.70557,13.2111,26.8364,2.46096,19.6022,14.421,20.9423,1.97314,17.3302,22.3958,0.61303,10.7059,17.325,13.2111,9.73689,15.9531,28.9253,14.0277,15.05,13.2337,6.22572,16.0436,28.9702,15.9849,0.920497,22.1182,21.5135,17.9182,0.851913,18.7314,25.8274,20.8634,6.03462,0.61303,13.2337,18.7685,20.0514,11.8624,14.6314,17.3302,17.3302,9.0083,23.3032,4.9431,18.7314,27.4473,
STATS - lpIterations[165] lagIterations[569] sspIterations[11611] numSeparations[855] numCuts[0] compileTime[0] sspSolveTime[81] lpSolveTime[0] lb[2694.9] ub[2694.9] numArcs: [671450] numFixed: [671375] time: [169]
DUALS 169,2694.9,671450,671375,0,9.23187,5.93116,27.7541,19.4247,19.049,13.2024,22.1763,23.9967,10.7059,14.6314,11.0105,15.1561,8.17663,12.2869,12.0643,19.6022,3.03852,20.505,11.1174,13.6346,20.1608,19.6022,19.771,12.8338,12.8002,14.9073,13.6346,9.99228,13.2111,12.9066,12.2287,29.1403,16.0436,4.13418,10.7059,16.0436,17.7057,19.6022,0,9.98485,16.8883,13.2111,5.93116,12.5455,13.6346,17.325,13.221,9.68334,6.98109,15.4565,21.1394,17.3302,6.15213,23.3275,17.49,3.26989,18.5777,20.9769,10.6461,27.8598,7.87852,7.64237,4.63484,1.53267,22.6302,17.9471,2.78563,7.76172,24.0351,16.6721,6.12136,19.4247,15.9738,1.50282,17.3302,10.4716,7.37161,5.18721,13.2111,8.509,15.0823,25.2567,16.0436,22.1182,16.4623,21.1394,13.2111,26.8192,10.5381,10.4221,15.4665,17.3302,14.6632,21.1394,2.8282,8.45911,11.8624,25.1479,6.15213,7.04909,14.3666,14.2184,22.0321,22.2915,6.69397,17.325,0,1.37196,0.638787,4.30324,7.06461,13.2111,14.1008,19.6022,21.1394,16.6035,6.98109,16.0436,10.7059,11.0154,14.9688,5.0218,12.1856,22.5442,19.4247,10.7059,21.4968,17.325,14.7891,8.45911,11.5085,23.9155,8.75182,17.3684,18.7314,13.2337,1.51032,2.64416,3.06179,19.0142,24.0351,5.85894,16.0436,14.3666,17.3302,8.79869,14.3141,23.8082,2.97396,19.6022,19.6022,15.3717,11.148,15.05,3.94664,13.2111,26.8364,2.46096,19.6022,14.421,20.9423,1.97314,17.3302,22.3958,1.37196,10.7059,17.325,13.2111,9.73689,15.9531,28.9253,14.0277,15.05,13.2337,5.46679,16.0436,28.9702,15.9849,0.920497,22.1182,21.5135,17.9182,0.851913,18.7314,25.8274,20.8634,6.03462,1.37196,13.2337,18.7685,20.0514,11.8624,14.6314,17.3302,17.3302,9.0083,22.5442,4.9431,18.7314,26.6883,
switching from LAG to LP solver
num vars: 2725
DUALS 171,2694.9,671450,671503,-0,0.8,4.25,6,3.6,27,21.4,38.3,3.6,27.5,5.1,2.2,11.5,11.35,11.2,4.4,67.1,4,-0,16.9,33,53.6333,4.1,25.4667,11.4833,2.2,13.8,3.6,6.1,-0,8.3,2,84.8,45.1,7.3,-0,-0,-0,4.2,1,7.2,4.25,57.3,6.85,18.7,0.7,-0,-0,20.8,12.3,-0,-0,4.53333,4.3,-0,90.75,0,35.4,62.6,4,42.7,9.25,-0,7.9,1.5,-0,23.45,3.5,19.6,2.8,50.7,2.2,72.4,19.85,1.5,11.4333,8.3,3.6,12.3,5,6.45,-0,45.8,4.1,3.1,3.75,-0,-0,2.2,13.3,4.1,3.1,59.1333,-0,-0,5.3,10.9,9.7,37.3,0.3,3,0,17.6,47.2,70.25,10.5,58.6,0.9,1,1.8,4.3,7.5,-0,4.9,65.7,-0,26.95,2.9,22.3,14.5,12,-0,5,11.9,3.6,2.8,2.2,-0,-0,2.2,4.7,-0,5.3,21.6,20.9,19.6,-0,1.8,3.1,4.8,-0,6.4,0.4,21.7,43.9,5.93333,1.4,9,76.1,1.8,1.4,10.6,5.7,11,-0,5.5,-0,-0,0.9,4.1,1.6,47.55,2.1,-0,27.05,0.8,11.4,-0,-0,7.3,55.8,74.2,31.85,27.6833,-0,5.85,-0,86.8,23.8,1.2,-0,-0,9.13333,1,-0,16,61.6,6.7,3.5,43.3,36.5,3.1,16.8,3,4.53333,5.03333,8.8,3.1,4,-0,29.2,
STATS - lpIterations[2] lagIterations[570] sspIterations[11630] numSeparations[855] numCuts[0] compileTime[0] sspSolveTime[81] lpSolveTime[1] lb[2694.9] ub[2694.9] numArcs: [671450] numFixed: [671503] time: [171]
integral solution
routes: 
flow {1}: 0 21 23 182 75 163 194 145 195 52 92 
flow {1}: 0 164 66 147 160 47 91 70 
flow {1}: 0 20 41 85 80 31 25 172 77 110 162 
flow {1}: 0 30 120 19 192 196 97 14 96 130 28 74 149 
flow {1}: 0 32 171 65 86 115 94 51 174 136 189 
flow {1}: 0 45 178 27 173 154 24 61 100 64 179 109 
flow {1}: 0 57 118 83 143 176 36 33 121 17 
flow {1}: 0 60 82 180 84 191 125 4 72 165 188 108 
flow {1}: 0 62 131 44 102 146 68 76 
flow {1}: 0 73 116 12 129 11 6 122 139 
flow {1}: 0 93 55 135 58 184 199 37 81 137 
flow {1}: 0 101 144 119 166 35 126 71 9 1 99 53 
flow {1}: 0 113 155 78 175 13 43 2 90 67 39 107 
flow {1}: 0 114 159 38 150 22 151 16 140 187 142 111 63 56 
flow {1}: 0 133 48 26 152 40 153 169 89 105 15 59 198 
flow {1}: 0 148 103 197 124 141 69 200 
flow {1}: 0 161 104 18 54 185 132 7 181 117 49 183 
flow {1}: 0 170 134 50 156 112 168 79 29 87 42 123 
flow {1}: 0 177 3 88 8 186 127 98 157 138 
flow {1}: 0 190 5 10 193 46 128 106 167 34 95 158 
no more separations possible
no more separations or cuts possible
STATS - lpIterations[2] lagIterations[570] sspIterations[11630] numSeparations[855] numCuts[0] compileTime[0] sspSolveTime[81] lpSolveTime[1] lb[2694.9] ub[2694.9] numArcs: [671450] numFixed: [671503] time: [171]
finished solving - complete
time elapsed: 171
