do not relax capacity constraint
instance upper bound: 7138.8
compiling DD
time step mult: 10
time step: 900
cap step: 1
done compiling DD
batch size for lag: 100
iteration delay to start separating: 0
optimality gap to start repairing: 100
percent fixed to change to CPLEX: 97.5
num arcs to change to CPLEX: 100000
num arcs to change to LAG: 999999999
STATS - lpIterations[0] lagIterations[0] sspIterations[0] numSeparations[0] numCuts[0] compileTime[2] sspSolveTime[0] lpSolveTime[0] lb[0] ub[7138.8] numArcs: [1927180] numFixed: [0] time: [2]
STATS - lpIterations[1] lagIterations[0] sspIterations[0] numSeparations[0] numCuts[0] compileTime[2] sspSolveTime[0] lpSolveTime[0] lb[0] ub[7138.8] numArcs: [1927180] numFixed: [0] time: [2]
DUALS 2,0,1927169,0,0,10.83,8.76,4.74,17.08,23.04,9.64,6.02,12.56,6.19,3.84,31.29,19.8,2.59,19.12,2.54,28.11,10.01,26.16,9.14,2.14,14.54,18.28,15.82,9.9,8.26,10.4,17.36,10.02,4.71,19.1,9.19,30.75,4.4,12,21.2,5.1,2.22,17.8,10.51,10.88,10.8,17.74,5.88,17.14,13.16,24.48,6.18,22.56,16.82,9.47,21.06,28.35,17.2,7.52,9.12,8.1,10.98,6.71,17.1,8.7,20.88,21.2,26.34,3.01,22.02,5.48,31.47,10.01,16.64,8.42,8.92,9.12,18.06,9.96,10.28,4.82,28.74,43.6,11.48,13.06,14.7,17.46,5.16,14.58,29.76,8.03,17.12,1.77,12.1,13.68,9.8,11.6,9.92,22.2,29.4,8.29,8.46,11.16,6.22,3.22,5.6,8.27,19.92,21.02,24.03,6.6,12.52,9.33,20.16,10.65,18.72,14.02,26.7,8.38,4.3,21.38,10.73,14.16,19.16,17.26,18.58,9.72,10.59,9.02,25.53,1.8,32.52,28.59,9.41,14.4,9.04,18,10.49,26.44,28,10,18.02,8.77,9.8,14.8,8.16,17.28,11.82,9.47,6.62,17.28,12.26,11.64,8.7,5,8.53,3.72,12.06,13.86,16.46,20.56,5,10.92,8.58,11.66,28.98,21.28,5.28,5.8,12.46,24.14,6.02,21.82,5.1,17.16,9.58,30.63,19.56,20.48,6.08,9.81,41.36,19.4,14.74,7.32,10.82,20.26,10.56,6.48,5.88,13.32,9.87,8.83,30.3,8.46,10.2,9.57,8.83,9.27,18.6,6.54,7.28,26.92,8.64,19.4,33.2,20.04,9.48,30.54,19.66,8.82,19.42,3.04,4.3,21.24,17.48,5,18.14,10.37,24,28.2,3.64,10.32,6.2,29.52,14.66,25.89,20.4,5.82,8.37,20.14,20.86,19.98,20.08,5.86,8.65,8.86,20.02,10.34,27.27,20.5,5.4,16.82,19.68,8.09,2.1,20.46,29.04,10.92,10.66,14.84,10.68,9.53,5.04,10.78,8.96,17.52,16.08,19,4.6,39.72,2.74,23.54,30.45,5.93,18.1,12.64,18.86,9.57,9.88,18.03,10.52,5.99,6,26.4,21.52,17.64,9.43,17.28,8.31,17.56,8.7,16.92,15.1,5,9.32,20.86,22,13.62,18.64,4.29,26.88,19.16,22.36,19.36,27.12,9.75,17.8,17.1,10.08,17.24,7.02,27,12.16,2.75,9.6,8.26,18.9,17.18,17.7,17.72,29.37,12.2,6.8,5.94,2.2,7.56,25.5,9.41,6.62,8.91,9.56,6.82,6.14,10.91,12.94,24.39,8.34,19.6,4.94,10.15,9.33,29.91,3.31,23.52,7.74,11.18,9.66,26.4,8.17,1.3,35.04,10.3,12.58,12.42,19.32,20.01,9,10,35.28,13.46,8.64,25.92,9.8,10.49,6.69,10.42,32,2.64,10.5,12.9,18.86,19.2,8.91,18.18,26.28,9.32,9.1,6.13,18.9,6.9,11.02,4.8,21.32,26.37,8.76,4.6,18.15,9.58,5.6,16.52,18.16,17.4,15.4,10.01,6.84,10.4,18.72,8.7,17.76,15.74,23.52,18.1,33.09,21.02,15.33,10,6.62,9.87,8.32,9.81,17.88,2.66,18.08,6.34,
STATS - lpIterations[1] lagIterations[1] sspIterations[1] numSeparations[0] numCuts[0] compileTime[2] sspSolveTime[0] lpSolveTime[0] lb[5660.7] ub[7138.8] numArcs: [1927169] numFixed: [0] time: [2]
DUALS 2,5660.7,1927158,0,0,11.5449,9.47488,5.45488,17.7949,23.7549,10.3549,6.73488,13.2749,6.90488,4.55488,32.0049,20.5149,3.30488,19.8349,3.25488,28.8249,10.7249,26.8749,9.85488,2.85488,15.2549,18.9949,16.5349,10.6149,8.97488,11.1149,18.0749,10.7349,5.42488,19.8149,9.90488,31.4649,5.11488,12.7149,21.9149,5.1,2.93488,18.5149,11.2249,11.5949,11.5149,18.4549,6.59488,17.8549,13.8749,25.1949,6.89488,23.2749,17.5349,10.1849,21.7749,29.0649,17.9149,8.23488,9.83488,8.81488,11.6949,7.42488,17.8149,9.41488,21.5949,21.9149,27.0549,3.72488,22.7349,6.19488,32.1849,10.7249,17.3549,9.13488,9.63488,9.83488,18.7749,10.6749,10.9949,5.53488,29.4549,44.3149,12.1949,13.7749,15.4149,18.1749,5.87488,15.2949,30.4749,8.74488,17.8349,2.48488,12.8149,14.3949,9.8,12.3149,10.6349,22.9149,30.1149,9.00488,9.17488,11.8749,6.93488,3.93488,6.31488,8.98488,20.6349,21.7349,24.7449,7.31488,13.2349,10.0449,20.8749,11.3649,19.4349,14.7349,27.4149,9.09488,5.01488,22.0949,11.4449,14.8749,19.8749,17.9749,19.2949,10.4349,11.3049,9.73488,26.2449,2.51488,33.2349,29.3049,10.1249,13.6851,9.75488,18.7149,11.2049,27.1549,28.7149,10.7149,18.7349,9.48488,9.8,15.5149,8.87488,17.9949,12.5349,10.1849,7.33488,17.9949,12.9749,12.3549,9.41488,5.71488,9.24488,4.43488,12.7749,14.5749,17.1749,21.2749,5.71488,11.6349,9.29488,12.3749,29.6949,21.9949,5.99488,6.51488,13.1749,24.8549,6.73488,22.5349,5.81488,17.8749,10.2949,31.3449,20.2749,21.1949,6.79488,10.5249,42.0749,20.1149,15.4549,8.03488,11.5349,20.9749,11.2749,7.19488,6.59488,14.0349,10.5849,9.54488,31.0149,9.17488,10.2,10.2849,9.54488,9.98488,19.3149,7.25488,7.99488,27.6349,9.35488,20.1149,33.9149,20.7549,10.1949,31.2549,20.3749,9.53488,20.1349,3.75488,5.01488,21.9549,18.1949,5.71488,18.8549,11.0849,24.7149,28.9149,4.35488,11.0349,6.91488,30.2349,15.3749,26.6049,21.1149,6.53488,9.08488,20.8549,21.5749,20.6949,20.7949,6.57488,9.36488,9.57488,20.7349,11.0549,27.9849,21.2149,6.11488,17.5349,20.3949,8.80488,2.81488,21.1749,29.7549,11.6349,11.3749,15.5549,11.3949,10.2449,5.75488,11.4949,9.67488,18.2349,16.7949,19.7149,5.31488,40.4349,3.45488,24.2549,31.1649,6.64488,18.8149,13.3549,19.5749,10.2849,10.5949,18.7449,11.2349,6.70488,6.71488,27.1149,22.2349,18.3549,10.1449,17.9949,9.02488,18.2749,9.41488,17.6349,15.8149,5.71488,10.0349,21.5749,22.7149,14.3349,19.3549,5.00488,27.5949,19.8749,23.0749,20.0749,27.8349,10.4649,18.5149,17.8149,10.7949,17.9549,7.73488,27.7149,12.8749,3.46488,9.6,8.97488,19.6149,17.8949,18.4149,18.4349,30.0849,12.9149,7.51488,6.65488,2.91488,8.27488,26.2149,10.1249,7.33488,9.62488,10.2749,7.53488,6.85488,11.6249,13.6549,25.1049,9.05488,20.3149,5.65488,10.8649,10.0449,30.6249,4.02488,24.2349,8.45488,11.8949,10.3749,27.1149,8.88488,2.01488,35.7549,11.0149,13.2949,13.1349,20.0349,20.7249,9.71488,10,35.9949,14.1749,9.35488,26.6349,10.5149,11.2049,7.40488,11.1349,32.7149,3.35488,11.2149,13.6149,19.5749,19.9149,9.62488,18.8949,26.9949,10.0349,9.81488,6.84488,19.6149,7.61488,11.7349,5.51488,22.0349,27.0849,9.47488,4.6,18.8649,10.2949,6.31488,17.2349,18.8749,18.1149,16.1149,10.7249,7.55488,11.1149,19.4349,9.41488,18.4749,16.4549,24.2349,18.8149,33.8049,21.7349,16.0449,10,7.33488,10.5849,9.03488,10.5249,18.5949,3.37488,18.7949,7.05488,
STATS - lpIterations[1] lagIterations[2] sspIterations[2] numSeparations[0] numCuts[0] compileTime[2] sspSolveTime[0] lpSolveTime[0] lb[5939] ub[7138.8] numArcs: [1927158] numFixed: [0] time: [2]
DUALS 2,5939,1927158,0,0,12.2914,10.2214,6.20136,18.5414,24.5014,11.1014,7.48136,14.0214,7.65136,5.30136,32.7514,21.2614,4.05136,20.5814,4.00136,29.5714,11.4714,27.6214,10.6014,3.60136,16.0014,19.7414,17.2814,11.3614,9.72136,11.8614,18.8214,11.4814,6.17136,20.5614,10.6514,32.2114,5.86136,13.4614,22.6614,5.84648,3.68136,19.2614,11.9714,12.3414,12.2614,19.2014,7.34136,18.6014,14.6214,25.9414,7.64136,24.0214,18.2814,10.1849,22.5214,29.8114,18.6614,8.98136,10.5814,9.56136,12.4414,8.17136,18.5614,10.1614,22.3414,22.6614,27.0549,4.47136,23.4814,6.94136,32.9314,11.4714,18.1014,9.88136,10.3814,10.5814,19.5214,11.4214,11.7414,6.28136,30.2014,45.0614,12.9414,14.5214,16.1614,18.9214,6.62136,16.0414,31.2214,9.49136,18.5814,3.23136,13.5614,15.1414,10.5465,13.0614,11.3814,23.6614,30.8614,9.75136,9.92136,12.6214,7.68136,4.68136,7.06136,9.73136,21.3814,22.4814,25.4914,8.06136,13.9814,10.7914,21.6214,12.1114,20.1814,15.4814,28.1614,9.84136,5.76136,22.8414,12.1914,15.6214,20.6214,18.7214,19.2949,11.1814,12.0514,10.4814,26.9914,3.26136,33.9814,30.0514,10.8714,14.4316,9.75488,19.4614,11.9514,27.9014,29.4614,11.4614,19.4814,10.2314,10.5465,16.2614,9.62136,18.7414,13.2814,10.9314,8.08136,18.7414,13.7214,13.1014,10.1614,6.46136,9.99136,5.18136,13.5214,15.3214,17.9214,22.0214,6.46136,12.3814,10.0414,13.1214,29.6949,22.7414,6.74136,7.26136,13.9214,25.6014,7.48136,23.2814,6.56136,18.6214,11.0414,32.0914,20.2749,21.9414,7.54136,11.2714,42.8214,20.8614,16.2014,8.78136,12.2814,21.7214,12.0214,7.94136,7.34136,14.7814,11.3314,10.2914,31.7614,9.92136,10.9465,11.0314,10.2914,10.7314,20.0614,8.00136,8.74136,28.3814,10.1014,20.8614,34.6614,21.5014,10.9414,32.0014,21.1214,10.2814,20.8814,4.50136,5.76136,22.7014,18.9414,6.46136,18.8549,11.8314,25.4614,29.6614,5.10136,11.7814,7.66136,30.9814,16.1214,27.3514,21.8614,7.28136,9.83136,21.6014,22.3214,21.4414,21.5414,7.32136,10.1114,10.3214,20.7349,11.8014,28.7314,21.9614,6.86136,18.2814,21.1414,9.55136,3.56136,21.9214,30.5014,12.3814,12.1214,16.3014,12.1414,10.9914,6.50136,12.2414,10.4214,18.9814,17.5414,20.4614,6.06136,41.1814,4.20136,25.0014,31.9114,7.39136,18.8149,14.1014,20.3214,11.0314,11.3414,19.4914,11.9814,7.45136,7.46136,27.8614,22.9814,19.1014,10.8914,18.7414,9.77136,19.0214,10.1614,18.3814,16.5614,6.46136,10.7814,22.3214,23.4614,15.0814,20.1014,5.75136,28.3414,20.6214,23.8214,20.8214,28.5814,11.2114,19.2614,18.5614,11.5414,18.7014,8.48136,28.4614,13.6214,4.21136,10.3465,9.72136,20.3614,18.6414,19.1614,19.1814,30.8314,13.6614,8.26136,7.40136,3.66136,9.02136,26.9614,10.8714,8.08136,10.3714,11.0214,8.28136,7.60136,12.3714,14.4014,25.8514,9.80136,21.0614,6.40136,11.6114,10.7914,31.3714,4.77136,24.9814,9.20136,12.6414,11.1214,27.8614,9.63136,2.76136,36.5014,11.7614,14.0414,13.8814,20.7814,21.4714,10.4614,10.7465,36.7414,14.9214,10.1014,27.3814,11.2614,11.9514,8.15136,11.8814,33.4614,4.10136,11.9614,14.3614,20.3214,20.6614,10.3714,19.6414,27.7414,10.7814,10.5614,7.59136,20.3614,8.36136,12.4814,6.26136,22.7814,27.8314,10.2214,5.34648,19.6114,11.0414,7.06136,17.9814,19.6214,18.8614,16.8614,11.4714,8.30136,11.8614,19.4349,10.1614,19.2214,17.2014,24.9814,19.5614,34.5514,22.4814,16.7914,10.7465,8.08136,11.3314,9.78136,11.2714,19.3414,4.12136,19.5414,7.80136,
STATS - lpIterations[1] lagIterations[3] sspIterations[3] numSeparations[0] numCuts[0] compileTime[2] sspSolveTime[0] lpSolveTime[0] lb[6222.7] ub[7138.8] numArcs: [1927158] numFixed: [0] time: [2]
DUALS 3,6222.7,1926872,0,0,13.0679,10.9979,6.9779,19.3179,25.2779,11.8779,8.2579,14.7979,8.4279,6.0779,33.5279,22.0379,4.8279,21.3579,4.7779,30.3479,12.2479,28.3979,11.3779,4.3779,16.7779,20.5179,18.0579,12.1379,10.4979,12.6379,19.5979,12.2579,6.9479,21.3379,11.4279,32.9879,6.6379,14.2379,23.4379,5.84648,4.4579,20.0379,12.7479,13.1179,13.0379,19.9779,8.1179,19.3779,15.3979,26.7179,8.4179,24.7979,19.0579,10.9614,23.2979,30.5879,19.4379,9.7579,11.3579,10.3379,13.2179,8.9479,19.3379,10.9379,23.1179,23.4379,27.8314,5.2479,24.2579,7.7179,33.7079,12.2479,18.8779,10.6579,11.1579,11.3579,20.2979,12.1979,12.5179,7.0579,30.9779,45.8379,13.7179,15.2979,16.9379,19.6979,7.3979,16.8179,31.9979,10.2679,19.3579,4.0079,14.3379,15.9179,10.5465,13.8379,12.1579,24.4379,31.6379,10.5279,10.6979,13.3979,8.4579,5.4579,7.8379,10.5079,22.1579,23.2579,26.2679,8.8379,14.7579,11.5679,22.3979,12.8879,20.9579,16.2579,28.9379,10.6179,6.5379,23.6179,12.9679,16.3979,21.3979,19.4979,20.0714,11.9579,12.8279,11.2579,27.7679,4.0379,34.7579,30.8279,11.6479,14.4316,10.5314,20.2379,12.7279,28.6779,30.2379,12.2379,20.2579,11.0079,10.5465,17.0379,10.3979,19.5179,14.0579,11.7079,8.8579,19.5179,14.4979,13.8779,10.9379,7.2379,10.7679,5.9579,14.2979,16.0979,18.6979,22.7979,7.2379,13.1579,10.8179,13.8979,30.4714,23.5179,7.5179,8.0379,14.6979,26.3779,8.2579,24.0579,7.3379,19.3979,11.8179,32.8679,21.0514,22.7179,8.3179,12.0479,43.5979,21.6379,16.9779,9.5579,13.0579,22.4979,12.7979,8.7179,8.1179,15.5579,12.1079,11.0679,32.5379,10.6979,10.9465,11.8079,11.0679,11.5079,20.8379,8.7779,9.5179,29.1579,10.8779,21.6379,35.4379,22.2779,11.7179,32.7779,21.8979,11.0579,21.6579,5.2779,6.5379,23.4779,19.7179,7.2379,19.6314,12.6079,26.2379,30.4379,5.8779,12.5579,8.4379,31.7579,16.8979,28.1279,22.6379,8.0579,10.6079,22.3779,23.0979,22.2179,22.3179,8.0979,10.8879,11.0979,21.5114,12.5779,29.5079,22.7379,7.6379,19.0579,21.9179,10.3279,4.3379,22.6979,31.2779,13.1579,12.8979,17.0779,12.9179,11.7679,7.2779,13.0179,11.1979,19.7579,18.3179,21.2379,6.8379,41.9579,4.9779,25.7779,32.6879,8.1679,19.5914,14.8779,21.0979,11.8079,12.1179,20.2679,12.7579,8.2279,8.2379,28.6379,23.7579,19.8779,11.6679,19.5179,10.5479,19.7979,10.9379,19.1579,17.3379,6.46136,11.5579,23.0979,24.2379,15.8579,20.8779,6.5279,29.1179,21.3979,24.5979,21.5979,29.3579,11.9879,20.0379,19.3379,12.3179,19.4779,9.2579,29.2379,14.3979,4.9879,10.3465,10.4979,21.1379,19.4179,19.9379,19.9579,31.6079,14.4379,9.0379,8.1779,4.4379,9.7979,27.7379,11.6479,8.8579,11.1479,11.7979,9.0579,8.3779,13.1479,15.1779,26.6279,10.5779,21.8379,7.1779,12.3879,11.5679,32.1479,5.5479,25.7579,9.9779,13.4179,11.8979,28.6379,10.4079,3.5379,37.2779,12.5379,14.8179,14.6579,21.5579,22.2479,11.2379,10.7465,37.5179,15.6979,10.8779,28.1579,11.2614,12.7279,8.9279,12.6579,34.2379,4.8779,12.7379,15.1379,21.0979,21.4379,11.1479,20.4179,28.5179,11.5579,11.3379,8.3679,21.1379,9.1379,13.2579,7.0379,23.5579,28.6079,10.9979,5.34648,20.3879,11.8179,7.8379,18.7579,20.3979,19.6379,17.6379,12.2479,9.0779,12.6379,20.2114,10.9379,19.9979,17.9779,25.7579,20.3379,35.3279,23.2579,17.5679,10.7465,8.8579,12.1079,10.5579,12.0479,20.1179,4.8979,20.3179,8.5779,
STATS - lpIterations[1] lagIterations[4] sspIterations[25] numSeparations[0] numCuts[0] compileTime[2] sspSolveTime[0] lpSolveTime[0] lb[6456.74] ub[7138.8] numArcs: [1926872] numFixed: [0] time: [3]
STATS - lpIterations[1] lagIterations[4] sspIterations[25] numSeparations[0] numCuts[0] compileTime[2] sspSolveTime[0] lpSolveTime[0] lb[6479.02] ub[7138.8] numArcs: [1926872] numFixed: [0] time: [3]
DUALS 4,6479.02,1926586,0,0,13.0679,11.65,7.63004,19.97,24.6258,12.53,6.95361,14.7979,9.08004,6.73004,32.8758,22.69,3.52361,22.01,2.16933,31,12.2479,29.05,12.03,3.72575,16.7779,21.17,18.71,12.1379,11.15,11.9858,20.25,12.91,7.60004,21.99,12.08,33.64,7.29004,14.2379,22.7858,6.49862,2.50147,20.69,13.4,13.77,13.0379,20.63,8.1179,20.03,15.3979,25.4136,9.07004,25.45,19.0579,11.6136,23.2979,31.24,20.09,10.41,12.01,10.3379,13.87,9.60004,19.99,11.59,22.4658,24.09,28.4836,4.59575,24.91,7.06575,34.36,12.9,19.53,11.31,11.81,12.01,20.95,12.85,13.17,4.44933,31.63,46.49,14.37,15.95,16.9379,20.35,8.05004,16.8179,32.65,10.2679,20.01,4.66004,13.0336,16.57,11.1986,13.8379,12.1579,25.09,32.29,11.18,10.6979,14.05,9.11004,4.15361,6.53361,11.16,22.1579,21.3015,26.92,7.53361,15.41,12.22,22.3979,12.2358,21.61,16.91,29.59,10.6179,6.5379,23.6179,12.9679,16.3979,22.05,20.15,20.7236,11.9579,13.48,11.91,28.42,4.0379,34.7579,31.48,12.3,15.0837,11.1836,20.89,13.38,29.33,30.89,12.89,20.91,11.66,11.1986,17.69,11.05,20.17,12.7536,12.36,8.20575,20.17,13.1936,13.8779,9.63361,7.89004,11.42,6.61004,12.3415,16.0979,19.35,23.45,7.89004,11.8536,11.47,12.5936,31.1236,22.8658,6.86575,8.0379,14.6979,25.0736,8.2579,22.1015,7.99004,20.05,12.47,32.2158,21.7036,23.37,8.97004,12.7,44.25,22.29,16.9779,9.5579,13.0579,21.8458,13.45,9.37004,8.77004,15.5579,12.76,11.72,33.19,11.35,11.5986,12.46,11.72,12.16,21.49,9.43004,9.5179,29.81,11.53,22.29,36.09,22.2779,12.37,32.7779,22.55,11.71,22.31,5.2779,7.19004,24.13,20.37,7.89004,20.2836,11.9558,24.9336,31.09,6.53004,11.9058,9.09004,31.7579,17.55,28.78,22.6379,8.0579,11.26,21.7258,21.7936,22.87,22.3179,8.0979,11.54,11.75,22.1636,13.23,30.16,22.0858,8.29004,19.71,22.57,9.67575,3.03361,22.6979,31.93,13.81,12.8979,17.0779,12.2658,12.42,7.93004,13.67,11.85,20.41,18.97,21.89,7.49004,42.61,3.67361,24.4736,32.6879,8.1679,20.2436,14.8779,21.75,12.46,12.77,20.2679,12.7579,8.88004,7.58575,29.29,24.41,20.53,12.32,20.17,10.5479,20.45,10.2858,19.81,17.99,7.1135,12.21,22.4458,22.2815,16.51,21.53,7.18004,29.77,22.05,23.2936,20.9458,30.01,11.9879,20.69,19.99,12.3179,20.13,8.60575,29.89,15.05,4.33575,10.9986,11.15,21.1379,20.07,20.59,20.61,32.26,15.09,9.0379,8.1779,3.13361,9.7979,28.39,12.3,9.51004,11.8,12.45,8.40575,9.03004,11.1915,15.83,27.28,11.23,22.49,6.52575,11.7358,12.22,32.8,5.5479,24.4536,9.32575,13.4179,12.55,29.29,10.4079,4.19004,35.9736,13.19,14.8179,14.6579,22.21,22.2479,10.5858,11.3986,38.17,15.6979,11.53,28.81,11.9135,12.0758,9.58004,12.0058,34.89,5.53004,12.0858,15.79,21.75,22.09,11.8,21.07,29.17,12.21,11.99,8.3679,21.79,9.79004,13.2579,5.08147,22.9058,29.26,11.65,5.99862,20.3879,12.47,6.53361,19.41,21.05,19.6379,17.6379,12.9,9.0779,13.29,20.8636,11.59,19.9979,17.9779,26.41,20.99,35.3279,23.91,17.5679,11.3986,9.51004,12.76,11.21,12.7,20.77,4.24575,20.97,8.5779,
STATS - lpIterations[1] lagIterations[5] sspIterations[57] numSeparations[0] numCuts[0] compileTime[2] sspSolveTime[0] lpSolveTime[0] lb[6509.2] ub[7138.8] numArcs: [1926586] numFixed: [0] time: [4]
STATS - lpIterations[1] lagIterations[5] sspIterations[57] numSeparations[0] numCuts[0] compileTime[2] sspSolveTime[0] lpSolveTime[0] lb[6539.3] ub[7138.8] numArcs: [1926586] numFixed: [0] time: [4]
DUALS 5,6539.3,1926451,0,0,13.0679,10.4127,8.24873,20.5887,25.2444,13.1487,7.5723,14.7979,7.84267,6.73004,33.4944,21.4527,4.1423,22.6287,2.78801,31.6187,12.8666,29.6687,12.6487,4.34444,17.3966,21.7887,19.3287,12.1379,11.7687,12.6044,20.25,12.2914,8.21873,22.6087,11.4614,33.64,7.29004,13.6192,23.4044,5.87994,3.12016,21.3087,13.4,14.3887,13.0379,20.63,7.49921,19.4114,16.0166,26.0323,7.83267,26.0687,19.0579,10.9949,23.2979,31.8587,18.8527,10.41,12.6287,10.9566,14.4887,10.2187,19.99,10.9714,23.0844,24.09,28.4836,5.21444,25.5287,7.68444,34.36,13.5187,19.53,11.9287,11.81,12.01,21.5687,13.4687,13.7887,5.06801,32.2487,45.8714,14.9887,15.95,16.3192,20.35,6.19398,16.1992,33.2687,10.2679,20.6287,4.04135,13.6523,17.1887,9.34256,13.2192,11.5392,25.09,32.9087,11.7987,11.3166,14.6687,9.72873,4.7723,7.1523,10.5414,21.5392,21.9202,25.6827,8.1523,16.0287,11.6014,23.0166,12.8544,22.2287,17.5287,29.59,10.6179,7.15658,23.6179,13.5866,17.0166,22.05,20.7687,20.1049,12.5766,14.0987,11.2914,27.8014,4.65658,34.7579,30.8614,11.6814,13.8464,10.5649,21.5087,13.9987,29.9487,31.5087,13.5087,20.2914,12.2787,9.34256,18.3087,11.6687,20.17,13.3723,11.7414,8.82444,20.7887,13.8123,13.8779,10.2523,6.65267,12.0387,6.61004,12.9602,16.7166,18.1127,24.0687,8.50873,12.4723,11.47,13.2123,30.5049,23.4844,7.48444,8.0379,14.6979,25.6923,8.2579,22.7202,8.60873,20.6687,11.8514,32.8344,21.0849,23.9887,7.11398,12.7,44.8687,22.9087,16.3592,8.93921,13.0579,22.4644,14.0687,7.51398,8.77004,15.5579,12.76,12.3387,33.8087,11.9687,9.12388,11.8414,12.3387,12.7787,22.1087,10.0487,8.89921,28.5727,11.53,22.29,36.7087,22.8966,12.37,32.1592,23.1687,11.0914,22.31,5.89658,7.19004,24.7487,20.37,8.50873,19.6649,12.5744,25.5523,31.7087,6.53004,12.5244,9.70873,31.1392,18.1687,28.78,23.2566,6.82052,10.6414,22.3444,22.4123,23.4887,21.6992,6.86052,10.9214,11.1314,21.5449,13.8487,29.5414,22.7044,8.90873,20.3287,21.9514,10.2944,3.6523,22.6979,31.3114,14.4287,12.8979,16.4592,12.8844,11.8014,7.31135,14.2887,12.4687,21.0287,18.97,21.89,7.49004,43.2287,4.2923,25.0923,32.6879,8.1679,19.6249,14.8779,21.1314,12.46,13.3887,20.2679,12.7579,9.49873,8.20444,29.9087,25.0287,19.2927,12.32,20.7887,11.1666,20.45,10.9044,19.1914,18.6087,4.63876,11.5914,23.0644,22.9002,17.1287,22.1487,7.18004,28.5327,22.6687,23.9123,21.5644,30.6287,12.6066,20.69,20.6087,11.6992,20.13,9.22444,30.5087,13.8127,4.95444,9.76125,11.7687,21.1379,20.07,19.3527,19.3727,32.26,15.7087,9.65658,8.1779,3.7523,9.17921,27.1527,12.9187,9.51004,11.8,13.0687,9.02444,9.64873,11.8102,16.4487,27.8987,10.6114,23.1087,7.14444,12.3544,12.8387,33.4187,6.16658,25.0723,9.94444,13.4179,13.1687,29.9087,10.4079,4.19004,36.5923,13.8087,14.8179,14.6579,22.21,22.8666,11.2044,9.54256,38.7887,16.3166,10.2927,28.1914,8.82007,12.6944,10.1987,12.6244,35.5087,6.14873,12.7044,16.4087,22.3687,22.7087,11.8,19.8327,27.9327,11.5914,12.6087,8.3679,21.79,9.79004,13.2579,5.70016,23.5244,29.8787,12.2687,4.76125,20.3879,12.47,6.53361,18.1727,19.8127,19.6379,17.0192,13.5187,9.69658,13.9087,20.2449,10.9714,19.9979,17.3592,25.7914,19.134,35.3279,24.5287,17.5679,9.54256,10.1287,13.3787,10.5914,12.7,20.77,4.86444,21.5887,8.5779,
STATS - lpIterations[1] lagIterations[6] sspIterations[80] numSeparations[0] numCuts[0] compileTime[2] sspSolveTime[1] lpSolveTime[0] lb[6591.39] ub[7138.8] numArcs: [1926451] numFixed: [0] time: [5]
STATS - lpIterations[1] lagIterations[6] sspIterations[80] numSeparations[0] numCuts[0] compileTime[2] sspSolveTime[1] lpSolveTime[0] lb[6597.42] ub[7138.8] numArcs: [1926451] numFixed: [0] time: [5]
DUALS 7,6597.42,1926037,6,0,14.0305,11.3753,9.21131,21.5513,26.207,14.1113,8.53488,14.7979,8.80525,6.73004,32.5319,22.4153,5.10488,22.6287,3.7506,31.6187,13.8292,30.6313,13.6113,4.34444,17.3966,21.7887,19.3287,13.1005,8.88098,10.6793,21.2126,13.2539,9.18131,21.6461,12.4239,32.6775,7.29004,13.6192,22.4419,6.84252,4.08274,22.2713,12.4375,12.4636,13.0379,19.6675,8.46179,19.4114,16.0166,26.9949,8.79525,27.0313,19.0579,11.9575,24.2605,31.8587,18.8527,11.3726,13.5913,10.9566,15.4513,11.1813,19.99,10.9714,22.1219,23.1275,29.4461,5.21444,26.4913,7.68444,33.3975,14.4813,20.4926,10.9661,12.7726,12.01,20.6061,13.4687,11.8636,6.0306,32.2487,46.8339,15.9513,16.9126,17.2818,20.35,7.15656,17.1618,32.3061,10.2679,19.6661,4.04135,14.6149,18.1513,10.3051,13.2192,12.5018,26.0526,31.9461,10.8361,12.2792,15.6313,10.6913,4.7723,8.11488,11.5039,22.5018,22.8827,26.6453,8.1523,16.0287,12.5639,21.0914,11.8919,22.2287,18.4913,29.59,10.6179,8.11917,24.5805,14.5492,17.0166,22.05,21.7313,21.0675,13.5392,12.1736,12.2539,28.7639,4.65658,35.7205,31.8239,11.6814,14.809,11.5275,21.5087,13.9987,30.9113,32.4713,13.5087,20.2914,13.2413,10.3051,19.2713,12.6313,19.2075,14.3349,12.7039,8.82444,21.7513,14.7749,13.8779,11.2149,7.61525,13.0013,6.61004,13.9227,15.754,19.0753,24.0687,9.47131,13.4349,12.4326,14.1749,31.4675,24.447,7.48444,8.0379,15.6605,26.6549,8.2579,23.6827,9.57131,21.6313,12.8139,29.9467,22.0475,24.9513,8.07656,13.6626,44.8687,23.8713,17.3218,9.90179,14.0205,21.5019,12.1436,8.47656,8.77004,15.5579,12.76,13.3013,34.7713,12.9313,10.0865,12.8039,13.3013,12.7787,23.0713,11.0113,9.86179,29.5353,11.53,22.29,33.821,22.8966,12.37,33.1218,23.1687,12.0539,22.31,5.89658,7.19004,24.7487,20.37,9.47131,20.6275,13.537,26.5149,32.6713,6.53004,11.5619,10.6713,32.1018,19.1313,29.7426,23.2566,6.82052,11.6039,20.4193,23.3749,21.5636,22.6618,6.86052,11.8839,10.1688,22.5075,14.8113,29.5414,21.7419,9.87131,21.2913,22.9139,9.33186,4.61488,23.6605,32.2739,15.3913,13.8605,17.4218,13.847,12.7639,8.27394,15.2513,11.5061,21.9913,18.97,21.89,8.45262,43.2287,5.25488,26.0549,33.6505,9.13048,20.5875,14.8779,21.1314,13.4226,12.4261,20.2679,12.7579,10.4613,8.20444,30.8713,25.9913,20.2553,12.32,21.7513,11.1666,19.4875,9.94186,20.1539,19.5713,5.60134,11.5914,21.1393,23.8627,18.0913,23.1113,7.18004,29.4953,22.6687,24.8749,20.6019,30.6287,12.6066,20.69,21.5713,12.6618,20.13,9.22444,30.5087,14.7753,5.91703,10.7238,12.7313,22.1005,21.0326,20.3153,20.3353,32.26,16.6713,9.65658,9.14048,3.7523,10.1418,27.1527,12.9187,10.4726,11.8,13.0687,9.02444,10.6113,12.7727,17.4113,27.8987,11.5739,23.1087,6.18186,13.317,13.8013,32.4561,6.16658,26.0349,9.94444,13.4179,14.1313,30.8713,10.4079,4.19004,37.5549,13.8087,14.8179,14.6579,22.21,22.8666,11.2044,10.5051,39.7513,16.3166,11.2553,28.1914,9.78265,10.7693,11.1613,12.6244,33.5836,7.11131,13.667,17.3713,22.3687,23.6713,11.8,20.7953,28.8953,12.5539,12.6087,8.3679,21.79,10.7526,13.2579,5.70016,22.5619,30.8413,13.2313,5.72383,20.3879,12.47,7.4962,19.1353,20.7753,19.6379,17.9818,12.5561,9.69658,13.9087,21.2075,10.9714,19.9979,18.3218,26.7539,18.1714,36.2905,25.4913,17.5679,10.5051,10.1287,13.3787,11.5539,12.7,20.77,4.86444,21.5887,8.5779,
STATS - lpIterations[1] lagIterations[7] sspIterations[137] numSeparations[0] numCuts[0] compileTime[2] sspSolveTime[2] lpSolveTime[0] lb[6639.96] ub[7138.8] numArcs: [1926037] numFixed: [6] time: [7]
DUALS 8,6639.96,1925971,44,0,13.4109,11.0655,8.90154,21.8611,25.5875,14.4211,8.22511,15.1077,9.11502,6.73004,32.8416,22.725,4.79511,22.9385,3.13106,31.9285,13.5194,30.3215,12.9918,4.65421,17.7064,22.0985,19.3287,11.8614,9.19075,10.989,20.9029,12.6344,9.18131,21.9559,12.1142,32.6775,7.29004,13.6192,22.7516,7.15229,4.39251,22.5811,12.4375,12.7733,12.7281,19.9772,8.15202,19.7211,16.3264,26.3753,9.10502,26.4118,19.0579,10.7184,23.9507,32.1685,18.8527,11.0629,13.2815,11.2664,14.8318,10.5618,19.3705,10.9714,22.4316,23.1275,28.8266,5.21444,26.8011,7.99421,33.3975,14.7911,19.8731,11.2759,12.1531,12.3198,20.9159,13.7785,12.1733,5.41106,32.5585,46.5242,16.2611,15.9833,15.7329,20.6598,6.84679,15.6129,32.6159,9.95813,19.9759,3.73158,13.6856,17.222,10.3051,13.2192,11.2627,25.7429,32.2559,11.1459,12.2792,15.0118,10.3815,4.7723,7.80511,10.8844,21.2627,22.2632,26.3355,8.1523,15.0994,11.9444,21.4012,12.2016,22.5385,17.8718,28.9705,10.6179,8.11917,23.9609,13.9296,17.3264,22.3598,21.7313,20.4479,12.9196,12.4833,11.9442,28.4542,4.65658,35.1009,31.2044,11.9911,14.4992,10.5981,21.8185,14.3085,29.982,31.542,13.8185,20.6011,13.5511,10.3051,18.342,12.9411,19.2075,13.4056,12.3942,8.82444,22.0611,13.8456,14.1877,10.9051,6.99571,12.6915,6.61004,13.613,16.0638,18.7655,24.3785,9.78108,12.1958,11.8131,13.5553,30.2284,23.5177,7.48444,8.34767,14.7312,25.106,8.56767,22.7534,9.88108,21.9411,12.1944,30.2565,21.1181,24.3318,7.76679,13.9724,45.1785,24.1811,15.7729,8.97248,13.4009,21.8116,12.4533,8.16679,8.77004,15.5579,13.0698,13.6111,34.1518,13.2411,10.3962,12.1844,12.6818,13.0885,22.7615,10.082,8.31294,28.9157,11.8398,22.5998,34.1307,23.2064,12.6798,31.8827,23.4785,11.7442,22.6198,5.89658,7.19004,25.0585,19.7505,9.78108,20.0079,12.6077,25.5856,32.3615,6.53004,11.8716,10.6713,30.8627,19.1313,29.1231,23.5664,6.20098,11.2942,20.4193,22.4456,21.8733,21.4227,6.86052,11.5742,10.4785,21.8879,14.5015,29.8511,22.0516,10.1811,20.9815,22.2944,9.64163,3.68557,22.7312,31.6544,14.7718,13.2409,15.8729,12.9177,12.1444,8.27394,14.6318,11.8159,22.3011,18.3505,22.1998,8.45262,43.5385,4.94511,24.8158,33.0309,9.13048,19.6581,15.1877,21.4411,13.1129,12.7359,19.9581,12.7579,10.7711,7.89467,30.2518,25.3718,19.9455,12.6298,22.0611,11.4764,19.4875,10.2516,19.8442,18.9518,5.91111,11.9011,21.449,22.9334,17.4718,22.8015,7.18004,28.8757,22.9785,23.9456,20.9116,30.9385,12.6066,20.9998,21.5713,11.4227,20.4398,9.22444,30.8185,15.085,5.60725,10.7238,13.0411,21.1712,20.4131,20.625,20.0255,31.9503,16.6713,9.96636,9.14048,3.44253,8.59294,26.2234,13.2285,9.85308,11.8,13.3785,9.02444,10.9211,11.8434,16.482,27.589,11.2642,23.4185,6.49163,12.6975,14.1111,32.7659,5.85681,25.1056,10.2542,13.4179,14.4411,30.2518,10.4079,4.19004,36.6256,14.1185,15.1277,14.9677,22.5198,23.1764,11.2044,10.8149,39.1318,16.6264,10.9455,28.5011,10.0924,11.079,10.5418,12.9342,33.8933,7.11131,12.7377,16.7518,22.6785,23.3615,12.1098,20.7953,28.5855,11.9344,12.9185,8.67767,22.0998,10.4429,13.5677,6.00993,22.8716,31.1511,13.2313,5.41406,20.6977,12.7798,7.18643,18.8255,20.4655,19.9477,16.4329,12.8659,10.0064,14.2185,19.9684,11.2811,19.3784,17.0827,26.4442,18.4812,35.6709,24.8718,17.8777,10.8149,9.81896,13.6885,11.2442,12.7,21.0798,5.17421,21.8985,8.88767,
STATS - lpIterations[1] lagIterations[8] sspIterations[169] numSeparations[0] numCuts[0] compileTime[2] sspSolveTime[3] lpSolveTime[0] lb[6652.42] ub[7138.8] numArcs: [1925971] numFixed: [44] time: [8]
STATS - lpIterations[1] lagIterations[8] sspIterations[169] numSeparations[0] numCuts[0] compileTime[2] sspSolveTime[3] lpSolveTime[0] lb[6653.16] ub[7138.8] numArcs: [1925971] numFixed: [44] time: [9]
DUALS 10,6653.16,1968631,40895,0,12.0174,11.0655,8.90154,20.4675,25.5875,14.4211,8.22511,15.1077,6.32785,6.73004,34.2352,19.9378,4.79511,21.5449,3.13106,31.9285,13.5194,30.3215,14.3854,6.0478,17.7064,22.0985,19.3287,13.255,10.5843,12.3826,20.9029,11.2408,10.5749,23.3495,12.1142,34.071,7.29004,12.2256,24.1452,8.54588,5.7861,22.5811,13.831,14.1669,12.7281,19.9772,5.36485,19.7211,16.3264,26.3753,6.31785,25.0182,19.0579,10.7184,22.5571,32.1685,18.8527,12.4564,14.6751,9.87277,13.4382,11.9554,19.3705,10.9714,23.8252,24.521,28.8266,5.21444,28.1947,9.3878,34.791,16.1847,21.2667,12.6695,13.5467,12.3198,22.3095,12.3849,13.5669,5.41106,31.1649,45.1306,17.6547,15.9833,17.1265,20.6598,6.84679,17.0065,34.0095,9.95813,21.3695,3.73158,13.6856,18.6156,11.6987,11.8256,12.6563,25.7429,33.6495,12.5395,12.2792,13.6182,10.3815,4.7723,7.80511,12.278,22.6563,22.2632,26.3355,8.1523,15.0994,11.9444,22.7948,13.5952,22.5385,19.2654,28.9705,10.6179,8.11917,22.5674,13.9296,17.3264,22.3598,23.1249,20.4479,14.3132,13.8769,11.9442,27.0606,4.65658,33.7074,31.2044,11.9911,15.8928,10.5981,21.8185,14.3085,31.3756,32.9356,13.8185,20.6011,12.1575,11.6987,19.7356,11.5475,19.2075,13.4056,13.7878,8.82444,23.4547,13.8456,14.1877,10.9051,6.99571,14.0851,6.61004,13.613,16.0638,18.7655,24.3785,11.1747,12.1958,13.2067,13.5553,30.2284,23.5177,7.48444,8.34767,16.1248,25.106,8.56767,22.7534,11.2747,20.5475,12.1944,31.65,21.1181,22.9382,7.76679,15.366,46.5721,24.1811,17.1665,10.3661,12.0074,23.2052,13.8469,8.16679,8.77004,15.5579,13.0698,15.0047,32.7582,11.8475,11.7898,12.1844,14.0754,13.0885,22.7615,11.4756,9.70653,26.1285,11.8398,22.5998,35.5243,23.2064,12.6798,33.2763,23.4785,11.7442,22.6198,5.89658,7.19004,25.0585,19.7505,11.1747,20.0079,12.6077,25.5856,32.3615,6.53004,13.2652,12.0649,32.2563,20.5249,30.5167,24.9599,7.59457,9.90058,21.8129,22.4456,23.2669,22.8163,5.46694,10.1806,9.08495,21.8879,13.108,29.8511,23.4452,11.5747,20.9815,22.2944,9.64163,2.29198,19.944,31.6544,13.3782,11.8474,17.2665,12.9177,12.1444,6.88035,13.2382,13.2095,20.9075,16.9569,22.1998,8.45262,43.5385,4.94511,24.8158,31.6374,7.7369,19.6581,15.1877,21.4411,13.1129,14.1295,21.3517,12.7579,12.1647,7.89467,31.6454,23.9782,19.9455,12.6298,20.6675,11.4764,19.4875,11.6452,18.4506,20.3454,7.3047,11.9011,22.8426,22.9334,18.8654,22.8015,7.18004,28.8757,21.5849,23.9456,22.3052,30.9385,14.0002,20.9998,22.9649,12.8163,20.4398,9.22444,32.2121,12.2978,5.60725,12.1174,14.4347,22.5648,21.8067,17.8378,20.0255,31.9503,18.0649,9.96636,9.14048,3.44253,9.98653,26.2234,13.2285,11.2467,11.8,13.3785,9.02444,10.9211,11.8434,17.8756,27.589,9.87058,23.4185,7.88521,12.6975,14.1111,34.1595,5.85681,25.1056,11.6478,13.4179,15.8347,28.8582,10.4079,4.19004,36.6256,14.1185,15.1277,14.9677,22.5198,23.1764,11.2044,12.2085,37.7382,16.6264,10.9455,28.5011,11.486,12.4726,11.9354,14.3278,35.2869,7.11131,12.7377,18.1454,21.2849,23.3615,12.1098,18.0081,28.5855,11.9344,12.9185,8.67767,22.0998,10.4429,12.1741,7.40351,24.2652,29.7575,13.2313,6.80765,20.6977,14.1734,5.79284,18.8255,20.4655,19.9477,17.8265,14.2595,10.0064,14.2185,19.9684,11.2811,19.3784,18.4763,25.0506,17.0876,34.2774,23.4782,16.4841,12.2085,9.81896,12.2949,11.2442,14.0936,21.0798,6.5678,21.8985,8.88767,
STATS - lpIterations[1] lagIterations[9] sspIterations[221] numSeparations[50] numCuts[0] compileTime[2] sspSolveTime[3] lpSolveTime[0] lb[6679.88] ub[7138.8] numArcs: [1968631] numFixed: [40895] time: [11]
DUALS 11,6679.88,1968570,41028,0,12.3683,11.0655,8.90154,20.8184,25.5875,14.772,8.57605,15.4586,6.67878,7.08098,33.8843,20.2888,5.14605,21.8958,3.48199,32.2794,13.5194,30.6725,13.3326,4.995,17.7064,22.4494,19.3287,12.2022,10.9353,11.6808,21.2538,10.5389,10.224,22.6476,12.4651,33.3692,7.29004,12.5766,23.7943,7.14214,4.38236,22.932,13.1292,13.465,12.7281,19.9772,5.71579,20.0721,16.3264,26.3753,6.66878,25.3691,19.4088,11.0693,22.9081,32.5194,18.1508,12.4564,13.9733,9.87277,13.7891,11.2535,18.6686,10.9714,23.4743,23.8192,28.4757,5.21444,27.8437,8.335,34.0892,16.5356,20.5648,13.0204,12.8448,12.6707,22.3095,12.7358,12.865,5.76199,31.5158,45.4815,18.0056,15.2814,15.7228,21.0107,6.84679,15.6028,32.9567,9.60719,21.7204,3.73158,13.6856,16.8609,10.295,12.1766,11.6035,25.7429,32.5967,12.1886,12.2792,13.9691,10.3815,4.7723,8.15605,12.278,21.6035,22.2632,26.3355,8.1523,13.6957,12.2953,22.0929,13.2443,22.8894,17.8616,28.2686,10.9688,7.76823,22.9183,13.9296,17.3264,22.7107,22.423,20.7988,13.6113,13.526,11.9442,27.4115,4.65658,34.0583,31.5553,12.3421,13.0853,10.9491,22.1694,14.6594,30.3228,31.1809,14.1694,20.9521,12.5084,10.6459,17.9809,11.8984,18.5056,13.4056,13.0859,8.82444,23.8056,13.8456,14.5386,11.256,6.64477,13.3833,6.96098,13.613,15.7128,18.7655,24.7294,11.5256,12.1958,12.5048,13.5553,30.5793,23.5177,7.48444,8.6986,15.7738,25.106,8.9186,22.7534,11.6256,20.8984,12.5453,30.2463,21.4691,23.2891,7.76679,15.7169,45.8702,24.532,15.7628,9.31327,12.3583,22.8543,13.145,8.16679,9.12098,15.5579,13.4207,15.3556,33.1091,12.1984,10.3861,12.5353,13.0226,13.4394,23.1125,9.72091,8.30279,25.7776,12.1907,22.9507,35.8753,23.2064,13.0307,32.2235,23.4785,11.7442,22.9707,5.89658,7.54098,25.4094,19.0486,11.5256,20.0079,12.6077,25.5856,32.7125,6.53004,12.9143,12.0649,31.2035,19.823,29.8148,24.609,6.8927,10.2515,21.8129,22.4456,22.565,21.7635,5.81787,10.5315,9.43589,22.2388,13.4589,30.2021,23.0943,11.9256,21.3325,22.6453,9.29069,2.29198,20.2949,32.0053,13.7291,12.1983,15.8628,12.9177,12.4953,6.88035,13.5891,12.8586,21.2584,16.255,22.5507,8.45262,43.5385,5.29605,24.8158,31.9883,8.08783,20.0091,15.5386,21.7921,12.7619,13.4276,21.0008,12.7579,12.5156,7.89467,30.5926,24.3291,19.9455,12.9807,21.0184,11.4764,19.1365,9.89054,18.8015,18.5907,5.55002,12.2521,22.1408,22.9334,18.1635,23.1525,7.18004,29.2266,21.9358,23.9456,22.3052,31.2894,13.6492,20.9998,21.9121,11.7635,20.7907,9.22444,32.2121,12.6488,5.95819,11.7665,14.7856,21.8629,21.1048,18.1888,20.0255,31.2484,17.363,9.96636,9.14048,3.44253,8.58279,25.5215,13.5794,10.5448,11.8,13.7294,9.02444,11.272,11.8434,16.1209,27.238,10.2215,23.7694,6.13054,12.6975,14.462,33.1067,5.85681,25.1056,10.9459,13.4179,16.1856,29.2091,10.4079,4.54098,36.6256,14.4694,15.4786,14.9677,22.8707,23.1764,11.2044,10.8048,38.0891,16.6264,10.9455,28.8521,10.4332,12.1217,11.2335,13.6259,34.585,7.11131,12.7377,17.4435,21.6358,23.7125,12.4607,18.0081,28.5855,12.2853,13.2694,9.0286,22.4507,10.4429,12.525,5.99978,23.9143,30.1084,13.2313,5.75485,21.0486,14.1734,5.79284,18.8255,20.4655,20.2986,16.4228,13.2067,10.0064,14.5694,20.3193,11.6321,19.3784,17.4235,25.4015,17.4385,34.6283,23.8291,16.835,10.8048,9.46802,12.6458,11.2442,13.3918,21.4307,5.86593,22.2494,9.2386,
STATS - lpIterations[1] lagIterations[10] sspIterations[246] numSeparations[50] numCuts[0] compileTime[2] sspSolveTime[4] lpSolveTime[0] lb[6693.14] ub[7138.8] numArcs: [1968570] numFixed: [41028] time: [11]
STATS - lpIterations[1] lagIterations[10] sspIterations[246] numSeparations[50] numCuts[0] compileTime[2] sspSolveTime[4] lpSolveTime[0] lb[6694.93] ub[7138.8] numArcs: [1968570] numFixed: [41028] time: [12]
DUALS 13,6694.93,1968222,41133,0,13.6412,11.0655,8.90154,22.0914,25.5875,16.045,8.57605,16.7315,7.95173,7.08098,32.6113,21.5617,5.14605,23.1688,3.48199,33.5524,13.5194,30.6725,13.3326,4.995,17.7064,23.7224,19.3287,13.4751,10.9353,12.9537,19.9808,11.8119,11.4969,22.6476,11.1922,33.3692,7.29004,13.8495,22.5213,8.41508,4.38236,24.205,13.1292,14.738,14.0011,21.2502,6.98873,18.7991,16.3264,26.3753,7.94173,26.6421,20.6818,11.0693,24.181,33.7924,18.1508,13.7294,13.9733,9.87277,15.0621,11.2535,19.9416,10.9714,22.2013,25.0921,28.4757,5.21444,29.1167,8.335,34.0892,17.8085,21.8377,13.0204,14.1177,13.9437,22.3095,14.0088,14.138,5.76199,32.7888,46.7545,19.2785,15.2814,16.9957,21.0107,6.84679,16.8757,32.9567,9.60719,21.7204,2.45864,13.6856,18.1339,10.295,13.4495,12.8764,27.0158,32.5967,10.9156,12.2792,15.2421,10.3815,4.7723,8.15605,13.5509,22.8764,22.2632,26.3355,8.1523,12.4227,11.0224,23.3658,11.9713,22.8894,19.1346,29.5416,9.69589,7.76823,24.1912,13.9296,17.3264,23.9837,22.423,20.7988,14.8843,14.7989,11.9442,28.6845,4.65658,35.3312,30.2824,11.0691,14.3582,10.9491,23.4424,15.9324,29.0498,32.4539,15.4424,19.6791,13.7814,11.9189,19.2539,13.1714,18.5056,13.4056,14.3588,8.82444,25.0785,13.8456,13.2657,11.256,6.64477,13.3833,6.96098,13.613,15.7128,18.7655,26.0024,12.7985,12.1958,13.7777,13.5553,30.5793,23.5177,7.48444,7.42566,17.0468,25.106,7.64566,22.7534,12.8985,22.1714,11.2724,31.5193,21.4691,24.5621,7.76679,15.7169,47.1432,25.805,17.0357,10.5862,13.6312,22.8543,14.418,8.16679,9.12098,15.5579,14.6937,16.6285,34.3821,13.4714,11.659,11.2624,13.0226,13.4394,23.1125,10.9939,9.57573,27.0505,12.1907,24.2237,35.8753,23.2064,14.3037,33.4964,24.7514,11.7442,24.2437,5.89658,7.54098,26.6824,20.3216,12.7985,20.0079,12.6077,25.5856,32.7125,6.53004,11.6413,13.3378,32.4764,19.823,31.0877,23.3361,8.16564,11.5245,23.0858,22.4456,23.838,23.0364,7.09082,11.8045,10.7088,22.2388,14.7318,28.9291,21.8213,13.1985,21.3325,21.3724,8.01775,1.01904,21.5679,30.7324,15.0021,13.4712,17.1357,12.9177,11.2224,8.1533,14.8621,12.8586,22.5314,17.528,22.5507,9.72557,44.8114,5.29605,24.8158,33.2612,9.36077,20.0091,16.8115,20.5191,14.0349,13.4276,22.2737,12.7579,13.7885,7.89467,30.5926,25.6021,19.9455,14.2537,22.2914,11.4764,19.1365,9.89054,20.0745,19.8636,6.82297,10.9791,23.4137,22.9334,18.1635,23.1525,7.18004,27.9537,23.2088,23.9456,21.0323,32.5624,14.9222,20.9998,21.9121,13.0364,20.7907,7.9515,32.2121,13.9217,5.95819,13.0394,16.0585,23.1358,22.3777,19.4617,20.0255,32.5213,18.636,9.96636,10.4134,3.44253,9.85573,25.5215,14.8524,10.5448,11.8,15.0024,9.02444,12.545,11.8434,17.3939,27.238,11.4945,25.0424,6.13054,12.6975,15.735,33.1067,4.58387,25.1056,10.9459,14.6908,17.4585,29.2091,10.4079,4.54098,36.6256,15.7424,16.7515,13.6947,24.1437,23.1764,11.2044,12.0777,39.3621,16.6264,10.9455,27.5791,11.7062,13.3946,11.2335,14.8989,32.0392,7.11131,12.7377,17.4435,22.9088,23.7125,12.4607,19.281,28.5855,11.0124,13.2694,9.0286,23.7237,10.4429,11.2521,5.99978,22.6413,31.3814,14.5043,5.75485,18.5027,14.1734,5.79284,18.8255,20.4655,19.0257,17.6957,13.2067,10.0064,15.8424,20.3193,10.3591,19.3784,18.6964,26.6745,14.8926,35.9012,25.1021,15.5621,12.0777,10.741,13.9188,11.2442,14.6647,22.7037,5.86593,23.5224,10.5115,
STATS - lpIterations[1] lagIterations[11] sspIterations[301] numSeparations[50] numCuts[0] compileTime[2] sspSolveTime[5] lpSolveTime[0] lb[6741.88] ub[7138.8] numArcs: [1968222] numFixed: [41133] time: [14]
DUALS 15,6741.88,1968180,41803,0,13.6412,11.3628,8.90154,22.3887,25.5875,15.4503,8.87337,15.8396,8.24905,7.08098,32.9087,21.8591,5.44337,23.1688,3.77931,32.3631,13.5194,30.9698,13.3326,5.29232,18.0037,22.5331,19.3287,11.9885,11.2326,11.4671,20.2782,11.5146,11.4969,22.3503,11.4895,33.0719,7.29004,12.9575,22.8187,8.11776,4.67968,24.205,12.8319,13.5487,13.7037,19.7636,5.79944,19.0964,16.6237,26.3753,8.23905,26.3447,20.6818,11.3666,23.8837,32.6031,17.8535,13.7294,14.2706,10.1701,14.7647,11.5508,19.3469,11.2687,22.4987,24.7948,28.4757,5.51176,28.522,8.63232,33.4945,17.8085,20.6485,13.3178,13.2258,12.7544,22.3095,14.3061,13.246,5.46467,32.7888,46.7545,19.5759,15.2814,16.9957,21.3081,6.84679,16.8757,32.6594,9.60719,22.0178,2.16132,13.6856,18.1339,9.99767,13.4495,11.6872,27.0158,32.2994,11.2129,12.2792,14.9447,10.3815,5.06962,8.45337,13.2536,21.3898,22.5605,26.3355,8.44962,12.4227,11.3197,21.8792,12.2687,23.1868,19.1346,28.055,9.99321,7.76823,23.8939,14.2269,17.6237,22.4971,22.7204,21.0962,13.9923,13.3123,12.2415,28.6845,4.65658,35.0339,30.5797,11.3664,14.0609,10.9491,22.2531,15.0404,29.0498,32.4539,14.8477,19.9764,14.0787,11.6216,19.2539,13.4687,17.6136,13.4056,13.4669,9.12176,25.3759,13.8456,13.563,11.5534,6.64477,13.3833,6.96098,13.613,15.7128,19.0628,25.1104,12.5012,12.4931,12.5885,13.5553,30.8766,23.815,7.78176,7.72298,16.7494,25.106,7.94298,23.0508,12.8985,22.4687,11.5697,29.438,21.7664,24.2647,7.76679,16.0142,46.8458,25.2103,17.0357,10.5862,13.6312,23.1516,12.9314,8.16679,9.12098,15.5579,13.5044,16.6285,34.0847,13.7687,11.3617,11.5597,13.0226,13.7368,23.4098,10.9939,9.57573,27.3479,12.4881,23.0344,36.1726,23.5037,13.1144,32.0098,23.5622,11.7442,23.0544,6.19391,7.54098,25.7904,19.7269,12.5012,20.3052,12.905,25.5856,33.0098,6.23272,11.9387,13.6352,30.9898,20.1204,29.8985,23.6334,7.27368,11.5245,21.8965,22.7429,22.946,21.5498,6.19885,11.8045,9.22222,22.5362,14.4345,29.2264,22.1187,13.1985,21.6298,21.6697,8.31507,0.721718,21.2706,31.0297,14.7047,12.8766,17.1357,13.215,11.5197,8.1533,14.5647,13.1559,22.8287,16.9333,22.8481,9.72557,43.6222,5.59337,24.8158,33.2612,8.17149,20.0091,15.9196,20.8164,12.5483,13.1303,21.3818,12.7579,14.0859,7.89467,30.5926,25.3047,20.2428,13.0644,22.5887,11.7737,18.5419,10.1879,20.0745,19.8636,6.52565,11.2764,21.9271,23.2308,18.4608,23.4498,7.18004,28.251,22.3168,24.2429,21.3296,31.3731,14.3275,21.2971,21.9121,11.5498,21.0881,8.24882,32.2121,14.2191,6.25551,13.0394,16.3559,22.2439,21.1885,19.7591,20.3228,31.6294,18.9333,10.2637,10.1161,2.84788,9.85573,24.6295,13.6631,10.8421,11.5027,13.8131,9.32176,11.3557,12.1408,17.3939,26.9407,11.7918,24.4477,6.42787,12.9948,15.1403,32.8094,4.88119,25.1056,11.2433,14.6908,17.4585,29.2091,10.4079,4.54098,36.6256,14.8504,15.8596,13.992,22.9544,23.4737,11.2044,11.7804,39.0647,16.9237,11.2428,27.8764,11.1115,12.5027,11.5308,13.4123,32.3365,7.11131,13.035,17.7408,22.9088,24.0098,12.7581,19.281,28.8828,11.3097,13.5668,9.0286,22.5344,10.4429,11.5494,6.2971,22.9387,31.6787,14.5043,5.1602,18.8,14.1734,5.79284,19.1228,20.7628,19.323,17.6957,12.9094,10.3037,14.9504,20.6166,10.6564,18.7837,18.6964,26.6745,15.1899,35.6039,24.8047,15.8594,11.7804,10.4436,13.9188,11.5415,13.7727,22.109,6.16325,22.3331,9.61958,
STATS - lpIterations[1] lagIterations[12] sspIterations[341] numSeparations[50] numCuts[0] compileTime[2] sspSolveTime[5] lpSolveTime[0] lb[6760.19] ub[7138.8] numArcs: [1968180] numFixed: [41803] time: [16]
DUALS 16,6760.19,2011749,60072,0,14.4698,11.3628,8.90154,21.5601,25.5875,15.4503,9.70192,15.8396,9.0776,7.08098,33.7372,22.6876,6.27192,23.1688,4.60787,32.3631,13.5194,30.9698,14.1611,4.46376,18.0037,22.5331,19.3287,12.8171,10.404,12.2956,21.1067,10.686,11.4969,21.5218,12.318,33.9004,7.29004,12.129,23.6472,7.28921,3.85113,23.3764,13.6604,14.3773,12.0466,19.7636,6.62799,19.925,16.6237,26.3753,9.0676,25.5162,20.6818,11.3666,24.7122,32.6031,17.8535,13.7294,15.0991,10.1701,13.9362,12.3794,19.3469,11.2687,23.3272,25.6233,28.4757,5.51176,29.3506,7.80376,34.3231,17.8085,20.6485,13.3178,13.2258,12.7544,22.3095,15.1347,14.0746,5.46467,32.7888,46.7545,19.5759,15.2814,14.5101,21.3081,6.84679,14.3901,31.8308,9.60719,22.0178,2.16132,13.6856,17.3053,9.16912,13.4495,12.5157,27.0158,31.4708,11.2129,12.2792,14.1162,10.3815,5.06962,9.28192,13.2536,22.2184,20.9034,26.3355,7.62107,13.2513,12.1483,22.7078,13.0972,22.3582,18.306,27.2264,10.8218,7.76823,24.7225,12.5698,17.6237,22.4971,23.5489,21.0962,14.8209,14.1409,12.2415,28.6845,4.65658,35.8625,31.4083,12.195,13.2324,10.1205,22.2531,15.0404,29.8784,31.6253,14.8477,20.805,13.2501,10.793,18.4253,12.6401,16.7851,13.4056,14.2954,9.12176,25.3759,13.8456,14.3915,12.3819,6.64477,13.3833,6.96098,13.613,15.7128,19.0628,25.1104,11.6727,11.6646,12.5885,13.5553,30.8766,22.1579,7.78176,8.55153,14.2638,25.106,8.77153,21.3936,12.8985,21.6401,12.3983,30.2666,21.7664,23.4362,7.76679,16.8428,46.0173,25.2103,14.5501,8.9291,14.4598,23.9802,13.7599,8.16679,9.12098,15.5579,13.5044,16.6285,33.2562,12.9401,10.5331,12.3883,13.8511,12.9082,23.4098,10.1653,7.09008,27.3479,12.4881,23.0344,35.344,23.5037,13.1144,32.8384,23.5622,11.7442,23.0544,6.19391,7.54098,25.7904,19.7269,11.6727,20.3052,11.2479,25.5856,33.0098,6.23272,12.7672,13.6352,31.8184,20.9489,29.8985,24.4619,3.95947,11.5245,21.8965,21.0858,22.946,22.3784,5.3703,11.8045,10.0508,22.5362,13.606,30.055,22.9472,13.1985,21.6298,22.4983,8.31507,0.721718,22.0991,31.8583,13.8762,13.7051,14.6501,11.5579,12.3483,8.1533,13.7362,10.6702,22.0001,16.9333,22.8481,9.72557,43.6222,6.42192,24.8158,34.0898,9.00004,19.1805,15.9196,21.645,13.3768,12.3018,19.7247,12.7579,14.0859,7.89467,30.5926,24.4762,20.2428,13.0644,21.7601,11.7737,17.7133,8.53076,20.0745,19.0351,5.69709,12.105,22.7556,21.5736,19.2894,23.4498,7.18004,29.0796,21.4883,22.5858,22.1581,31.3731,14.3275,21.2971,22.7406,12.3784,21.0881,7.42027,32.2121,15.0476,7.08406,13.0394,17.1844,23.0724,21.1885,20.5876,20.3228,32.4579,16.4476,10.2637,9.28755,2.01933,7.37008,24.6295,13.6631,11.6707,10.6742,13.8131,9.32176,12.1842,10.4836,16.5653,26.1121,11.7918,24.4477,4.77076,11.3377,15.1403,31.9808,4.88119,25.1056,10.4147,14.6908,18.2871,29.2091,10.4079,4.54098,36.6256,14.8504,16.6881,13.992,22.9544,23.4737,11.2044,10.9518,38.2362,16.9237,11.2428,28.705,9.4544,13.3312,12.3594,14.2408,32.3365,7.11131,11.3779,18.5694,22.9088,24.0098,12.7581,20.1096,28.8828,12.1383,12.7382,9.85716,22.5344,10.4429,11.5494,5.46854,23.7672,30.8501,14.5043,4.33165,19.6286,15.002,6.62139,19.1228,20.7628,20.1515,15.2101,12.0808,10.3037,14.9504,20.6166,11.485,18.7837,16.2108,26.6745,16.0185,36.4325,23.9762,15.8594,10.9518,10.4436,13.9188,11.5415,14.6013,22.109,5.3347,22.3331,9.61958,
DUALS 18,6760.19,2011658,60073,0,13.6279,11.3628,9.74344,22.402,26.4294,14.6084,8.86002,15.8396,9.0776,7.08098,32.8953,22.6876,5.43002,22.3269,2.92407,33.205,14.3613,30.9698,13.3192,5.30566,18.0037,23.375,19.3287,11.1333,11.2459,11.4538,21.1067,10.686,12.3388,22.3637,12.318,33.9004,8.13194,12.129,22.8053,8.13111,4.69303,22.5345,11.9766,13.5354,12.0466,19.7636,4.9442,20.7669,16.6237,27.2172,9.0676,26.3581,20.6818,11.3666,23.8703,33.445,17.0116,14.5713,14.2572,11.012,14.7781,10.6956,18.505,11.2687,22.4853,25.6233,28.4757,5.51176,27.6668,8.64566,32.6393,16.9666,19.8066,14.1597,12.3839,13.5963,23.1514,14.2928,13.2327,3.78087,31.9469,45.9126,20.4178,13.5976,15.352,22.15,7.68869,15.232,32.6727,8.7653,22.8597,2.16132,14.5275,18.1472,10.011,13.4495,10.8319,27.0158,32.3127,12.0548,11.4373,14.9581,11.2234,5.06962,8.44002,13.2536,20.5346,21.7453,26.3355,7.62107,10.7256,12.1483,21.8659,12.2553,23.2001,19.1479,25.5426,11.6637,8.61013,23.8806,13.4117,17.6237,23.339,23.5489,21.0962,13.979,14.1409,12.2415,27.8426,4.65658,34.1787,31.4083,13.0369,13.2324,10.1205,23.095,15.8823,28.1946,32.4672,15.6896,21.6469,14.092,10.793,19.2672,13.482,15.9432,14.2475,13.4535,9.12176,26.2178,14.6875,15.2334,11.54,7.48667,13.3833,6.96098,14.4549,14.8709,19.0628,25.9523,12.5146,12.5065,11.7466,14.3972,30.8766,22.9998,7.78176,9.39343,15.1057,25.9479,9.61343,22.2355,13.7404,22.482,12.3983,29.4247,21.7664,24.2781,8.60869,17.6847,46.8592,24.3684,15.392,9.771,13.6179,23.1383,12.918,9.00869,9.12098,15.5579,14.3463,15.7866,34.0981,13.782,11.375,12.3883,13.0092,13.7501,23.4098,11.0072,7.93197,27.3479,13.33,23.8763,36.1859,23.5037,13.9563,31.1546,23.5622,12.5861,23.8963,6.19391,7.54098,26.6323,18.885,12.5146,20.3052,12.0898,26.4275,33.0098,6.23272,11.9253,14.4771,30.1346,18.4232,29.0566,23.62,4.80136,10.6826,21.0546,21.9277,22.1041,20.6946,5.3703,10.9626,10.8927,22.5362,14.4479,30.8969,22.1053,13.1985,21.6298,22.4983,8.31507,0.721718,21.2572,31.8583,14.7181,11.1795,15.492,12.3998,12.3483,8.99519,14.5781,11.5121,22.842,16.0914,23.69,9.72557,43.6222,5.58002,25.6577,32.406,8.15814,19.1805,15.9196,22.4869,10.8511,13.1437,19.7247,12.7579,14.9278,7.89467,29.7507,25.3181,20.2428,13.9063,22.602,12.6156,17.7133,9.37266,19.2326,19.877,6.53899,12.9469,21.9138,22.4155,17.6056,23.4498,7.18004,29.0796,19.8045,23.4277,21.3162,32.215,14.3275,22.139,21.8987,10.6946,21.93,6.57837,33.054,15.0476,7.08406,13.0394,18.0263,21.3886,20.3466,20.5876,20.3228,30.7741,17.2895,10.2637,9.28755,2.01933,8.21197,23.7876,14.505,9.14498,11.5161,14.655,9.32176,12.1842,11.3255,17.4072,26.1121,10.9499,25.2896,5.61266,12.1796,14.2984,32.8227,4.03929,25.9475,11.2566,14.6908,18.2871,29.2091,10.4079,4.54098,37.4675,15.6923,16.6881,14.8339,23.7963,23.4737,11.2044,11.7937,39.0781,16.9237,11.2428,29.5469,10.2963,12.4893,10.6756,13.3989,33.1784,7.95321,12.2198,16.8856,22.0669,24.0098,13.6,20.1096,28.8828,12.1383,13.5801,10.6991,23.3763,10.4429,12.3913,6.31044,22.9253,31.692,13.6624,5.17355,20.4705,15.002,5.77949,19.1228,20.7628,20.9934,16.052,12.9227,10.3037,15.7923,20.6166,12.3269,18.7837,17.0527,25.8326,16.8604,35.5906,24.8181,16.7013,11.7937,11.2855,13.9188,11.5415,13.7594,22.9509,6.1766,23.175,9.61958,
STATS - lpIterations[1] lagIterations[14] sspIterations[408] numSeparations[123] numCuts[0] compileTime[2] sspSolveTime[7] lpSolveTime[0] lb[6761.64] ub[7138.8] numArcs: [2011658] numFixed: [60073] time: [19]
DUALS 19,6761.64,2011579,60138,0,14.4842,11.3628,8.88715,22.402,24.7168,15.4647,9.71631,16.6959,9.93389,7.08098,33.7516,23.5439,6.28631,23.1832,3.78036,31.4924,15.2176,31.8261,14.1755,5.30566,18.0037,21.6624,19.3287,11.9896,8.67707,12.31,20.2504,10.686,12.3388,22.3637,12.318,34.7567,8.13194,12.129,23.6616,8.13111,4.69303,23.3908,12.8329,14.3916,12.0466,18.9073,5.80049,19.0543,16.6237,26.361,9.92389,26.3581,20.6818,11.3666,24.7266,31.7324,17.0116,15.4276,15.1135,11.8683,14.7781,11.5519,19.3613,11.2687,23.3416,26.4796,28.4757,6.36805,28.5231,8.64566,33.4956,17.8229,20.6628,14.1597,13.2402,11.8837,23.1514,15.1491,14.089,4.63716,32.8032,46.7688,20.4178,14.4539,16.2083,22.15,5.97612,16.0883,32.6727,8.7653,22.0034,1.30503,12.8149,17.2909,10.011,13.4495,11.6882,27.8721,32.3127,11.1986,11.4373,14.9581,10.3672,5.92591,9.29631,14.1099,21.3909,22.6016,26.3355,8.47735,11.5819,12.1483,22.7222,13.1116,24.0564,18.2916,26.3989,10.8074,7.75384,24.7369,14.268,17.6237,20.7701,24.4052,21.0962,14.8353,14.9972,12.2415,28.6988,4.65658,35.035,30.552,12.1806,13.2324,9.26424,21.3824,15.026,29.0509,30.7546,14.8333,20.7906,14.092,10.793,17.5546,13.482,15.9432,12.5349,14.3098,9.97805,26.2178,12.9749,15.2334,12.3963,6.63039,14.2395,6.96098,11.886,14.8709,19.0628,25.096,12.5146,13.3628,12.6028,13.541,30.8766,23.8561,8.63805,9.39343,15.1057,24.2354,9.61343,23.0918,14.5967,22.482,11.542,30.2809,21.7664,24.2781,7.7524,16.8284,46.8592,25.2247,16.2483,10.6273,14.4742,23.9945,13.7743,8.1524,9.12098,15.5579,12.6337,16.6429,34.0981,13.782,11.375,11.532,13.8655,14.6064,24.2661,10.1509,8.78826,28.2042,13.33,22.1637,33.6171,23.5037,12.2437,32.0109,22.7059,11.7298,22.1837,7.05019,7.54098,25.776,19.7413,13.3709,20.3052,12.9461,24.7149,33.8661,6.23272,12.7816,14.4771,30.9909,19.2795,29.9128,24.4763,5.65765,11.5388,21.9109,22.784,22.9604,21.5509,6.22658,11.8188,8.32381,22.5362,14.4479,30.0406,22.9616,14.0548,22.4861,21.642,8.31507,0.721718,22.1135,31.002,14.7181,12.0357,16.3483,13.2561,12.3483,8.13891,14.5781,12.3684,22.842,16.9477,23.69,9.72557,42.7659,6.43631,23.9451,33.2623,9.01443,18.3242,16.7759,21.6306,11.7074,13.1437,19.7247,12.7579,14.9278,8.75096,30.6069,25.3181,20.2428,12.1937,22.602,12.6156,17.7133,9.37266,20.0888,19.0207,6.53899,12.0906,22.77,23.2718,18.4619,24.3061,7.18004,29.0796,20.6608,24.284,22.1725,30.5024,15.1838,22.139,22.755,11.5509,21.93,7.43466,32.1977,15.9039,7.94035,13.0394,18.0263,22.2449,21.2028,21.4439,20.3228,31.6304,17.2895,10.2637,9.28755,1.16304,9.06826,23.7876,12.7924,10.0013,11.5161,12.9424,10.1781,13.0405,12.1818,16.5509,26.9684,11.8062,25.2896,5.61266,13.0359,15.1547,32.8227,4.89558,24.2349,11.2566,15.5471,19.1434,30.0654,10.4079,4.54098,35.7549,14.836,17.5444,13.9777,22.0837,23.4737,11.2044,11.7937,39.0781,16.9237,11.2428,28.6906,10.2963,13.3456,11.5319,14.2552,33.1784,7.09692,13.0761,17.7419,22.9232,24.8661,13.6,20.1096,28.8828,12.1383,14.4364,10.6991,21.6637,10.4429,12.3913,6.31044,23.7816,31.692,14.5186,5.17355,20.4705,15.8582,6.63578,19.1228,20.7628,20.9934,16.9083,12.9227,10.3037,14.936,19.7603,11.4706,18.7837,17.909,26.6888,16.0041,36.4469,24.8181,16.7013,11.7937,10.4293,14.7751,11.5415,14.6157,22.0947,6.1766,21.4624,10.4759,
STATS - lpIterations[1] lagIterations[15] sspIterations[446] numSeparations[123] numCuts[0] compileTime[2] sspSolveTime[7] lpSolveTime[0] lb[6768.47] ub[7138.8] numArcs: [2011579] numFixed: [60138] time: [19]
STATS - lpIterations[1] lagIterations[15] sspIterations[446] numSeparations[123] numCuts[0] compileTime[2] sspSolveTime[7] lpSolveTime[0] lb[6786.48] ub[7138.8] numArcs: [2011579] numFixed: [60138] time: [20]
DUALS 21,6786.48,2011469,62298,0,13.5674,11.3628,8.88715,22.402,25.6336,14.5479,8.79955,15.7791,9.01712,7.99774,32.8348,22.6271,5.36955,22.2664,2.86359,32.4092,15.2176,31.8261,15.0923,5.30566,18.0037,22.5792,19.3287,12.9063,9.59384,11.3933,21.1672,9.76925,12.3388,21.4469,13.2348,33.8399,8.13194,10.2955,22.7448,8.13111,4.69303,24.3076,13.7497,14.3916,11.1299,18.9073,4.88372,19.9711,16.6237,27.2777,9.00712,26.3581,20.6818,11.3666,23.8099,32.6492,16.0948,16.3443,15.1135,11.8683,14.7781,12.4686,19.3613,10.3519,23.3416,25.5629,27.5589,5.45129,29.4398,8.64566,32.5788,17.8229,20.6628,15.0764,14.1569,12.8005,22.2346,15.1491,13.1722,3.7204,32.8032,45.8521,21.3345,14.4539,17.125,22.15,5.97612,17.005,31.756,7.84853,22.9201,2.22179,13.7317,18.2077,10.011,13.4495,12.605,27.8721,31.396,12.1153,10.5205,14.9581,10.3672,5.00914,8.37955,14.1099,22.3076,21.6848,26.3355,6.64383,12.4986,13.065,21.8054,12.1948,22.2229,19.2084,27.3157,11.7241,6.83708,23.8201,14.268,17.6237,21.6869,22.5717,20.1794,15.752,14.0804,12.2415,27.7821,4.65658,34.1182,31.4687,13.0974,13.2324,10.181,22.2992,15.9428,29.9676,31.6714,15.7501,21.7074,14.092,10.793,18.4714,12.5653,14.1096,13.4517,15.2266,9.06129,27.1345,13.8917,15.2334,11.4795,6.63039,14.2395,7.87774,12.8028,13.9542,19.0628,26.0128,13.4313,12.446,12.6028,14.4577,29.9599,22.9393,7.72129,9.39343,16.0224,25.1521,9.61343,22.1751,15.5135,22.482,12.4587,29.3642,20.8496,24.2781,7.7524,17.7452,45.9424,24.3079,17.165,11.5441,13.5574,23.9945,12.8576,8.1524,10.0377,15.5579,13.5505,15.7262,34.0981,13.782,11.375,12.4487,12.9487,12.7729,24.2661,11.0677,9.70502,27.2874,13.33,23.0805,34.5338,23.5037,13.1605,32.9276,23.6226,11.7298,23.1005,6.13343,8.45774,26.6928,20.6581,14.2876,19.3885,12.0293,25.6317,33.8661,7.14948,11.8648,14.4771,31.9076,20.1963,29.9128,23.5596,5.65765,10.6221,20.0774,21.8672,22.0437,22.4676,3.47629,10.9021,9.24058,21.6194,14.4479,30.9574,22.9616,14.0548,22.4861,22.5587,6.48154,0,22.1135,31.9187,14.7181,11.119,17.265,12.3393,13.265,8.13891,14.5781,10.5349,21.9253,16.9477,23.69,9.72557,43.6826,4.60278,24.8619,33.2623,8.09766,19.241,15.8591,22.5474,11.7074,12.2269,19.7247,12.7579,15.8445,7.83419,29.6902,25.3181,20.2428,13.1105,22.602,11.6988,15.8798,9.37266,19.1721,19.9375,6.53899,13.0074,21.8533,22.3551,19.3786,24.3061,8.09681,29.9963,19.744,23.3672,21.2558,31.4192,15.1838,21.2223,20.9215,12.4676,21.93,5.60113,33.1145,14.9871,6.10682,13.0394,18.9431,23.1617,21.2028,20.5271,20.3228,31.6304,18.2063,10.2637,8.37079,0.24628,9.98502,22.8709,13.7092,10.0013,9.68253,13.8592,9.26129,12.1237,11.2651,17.4677,26.0517,10.8894,26.2064,5.61266,12.1191,15.1547,31.906,3.97882,25.1517,11.2566,14.6304,19.1434,30.0654,10.4079,5.45774,36.6717,15.7528,16.6277,13.9777,23.0005,23.4737,10.2877,11.7937,39.0781,16.9237,11.2428,29.6074,10.2963,12.4289,12.4486,13.3384,34.0951,7.09692,12.1593,18.6586,22.9232,24.8661,13.6,20.1096,28.8828,13.055,12.6029,10.6991,22.5805,10.4429,12.3913,6.31044,22.8648,30.7753,15.4354,4.25678,20.4705,14.9415,6.63578,19.1228,20.7628,20.9934,17.825,12.006,10.3037,15.8528,20.6771,12.3874,18.7837,18.8257,25.7721,16.9209,35.5301,24.8181,16.7013,11.7937,11.346,14.7751,11.5415,14.6157,23.0114,6.1766,22.3792,9.5591,
STATS - lpIterations[1] lagIterations[16] sspIterations[484] numSeparations[123] numCuts[0] compileTime[2] sspSolveTime[8] lpSolveTime[0] lb[6792.22] ub[7138.8] numArcs: [2011469] numFixed: [62298] time: [22]
DUALS 22,6792.22,2011431,63193,0,14.008,11.3628,8.88715,22.8426,25.6336,14.9885,9.2401,16.2197,9.45768,7.99774,33.2754,23.0677,5.8101,22.707,3.30415,32.8497,15.6581,31.3855,15.5328,5.74622,18.0037,23.0197,19.3287,11.5847,10.0344,11.8338,19.8455,8.00703,11.0171,21.8874,12.3537,34.2805,8.13194,10.736,23.1854,8.57166,5.13358,24.7481,14.1902,14.8322,11.1299,19.3478,5.32428,19.5305,16.6237,27.2777,9.44768,26.3581,21.1223,11.8072,24.2504,33.0897,16.5354,15.9038,15.5541,12.3088,14.7781,12.9092,18.9208,10.7925,23.7822,26.0034,27.5589,5.89184,29.8804,9.08622,33.0194,18.2635,20.2223,15.0764,13.7164,13.241,22.6752,15.5896,13.6128,4.16095,33.2437,46.2926,20.0129,14.4539,15.3628,22.5905,5.97612,15.2428,32.1965,7.40798,22.9201,1.78124,13.7317,18.2077,10.4516,13.4495,11.2833,27.4315,31.8365,12.1153,10.5205,14.9581,10.3672,5.4497,8.8201,13.6693,20.986,22.1254,26.3355,7.08438,12.0581,12.1839,22.246,12.6354,22.6634,19.2084,26.8751,11.2836,7.27763,24.2606,14.7086,17.6237,22.1274,23.0122,20.62,14.4304,14.5209,12.2415,28.2226,4.65658,34.5587,30.1471,12.6568,13.6729,9.74045,22.7397,14.6211,29.5271,30.7903,16.1907,21.2668,14.5326,10.793,18.0308,13.0058,14.5502,13.4517,14.3455,9.50184,25.8129,13.8917,15.2334,11.9201,6.63039,14.6801,7.87774,12.8028,13.9542,19.0628,24.6911,10.3475,12.8865,12.1623,14.4577,30.4004,23.3799,7.72129,9.39343,14.7008,25.1521,9.61343,22.6156,14.1918,22.9226,11.1371,29.8047,21.2902,24.2781,7.7524,17.3046,46.383,24.7485,16.7245,11.1035,13.998,24.4351,13.2981,8.1524,10.0377,15.5579,13.991,16.1667,34.0981,14.2226,11.8156,11.1271,13.3893,13.2134,23.8255,11.0677,8.38336,27.2874,13.7705,23.521,34.5338,23.5037,13.601,31.606,21.8604,11.7298,23.541,6.57398,8.45774,24.9306,20.2175,11.2037,19.829,12.4699,25.6317,33.4255,7.14948,12.3054,14.9176,30.586,20.6368,29.4723,24.0001,5.65765,11.0626,20.5179,22.3078,22.4842,21.146,3.91684,11.3426,9.68113,22.06,14.4479,30.5168,23.4022,12.7332,22.0455,21.2371,6.9221,0.440554,22.5541,30.5971,14.7181,11.5595,15.5028,12.7799,12.3839,6.37669,14.5781,10.9754,22.3658,16.5072,24.1305,9.72557,41.9204,5.04334,24.8619,33.7028,8.53822,18.8005,16.2997,22.1068,12.148,12.6674,19.2841,12.7579,14.5229,8.27475,30.1307,25.3181,20.2428,13.551,23.0426,12.1394,16.3203,9.81321,19.6126,19.9375,6.97954,12.5668,22.2938,22.7956,19.8192,23.8655,8.09681,29.1152,20.1846,23.8078,21.6963,31.8597,15.6244,21.6628,21.3621,11.146,22.3705,6.04168,33.1145,15.4277,6.54738,13.0394,18.9431,21.84,20.7623,20.9677,20.3228,32.071,16.8846,10.2637,8.37079,0.686834,9.10392,22.8709,14.1497,10.4418,10.1231,14.2997,9.70184,12.5643,11.7056,17.4677,26.0517,11.33,24.8847,6.05321,12.5597,15.5953,32.3465,3.97882,25.1517,11.6971,14.1898,19.5839,29.6249,10.4079,5.45774,36.6717,13.9906,16.6277,13.9777,23.441,23.4737,10.2877,12.2343,39.0781,16.9237,11.2428,29.1668,10.7369,12.8694,12.8892,13.779,33.6546,7.09692,12.5999,19.0992,23.3637,24.4255,14.0405,20.1096,28.8828,12.1739,13.0434,10.6991,23.021,10.4429,12.3913,6.751,23.3054,31.2158,15.876,4.69734,20.4705,15.382,6.63578,19.1228,20.7628,20.9934,17.3845,12.4465,10.3037,14.0906,20.6771,11.9468,18.7837,18.3852,26.2126,16.4803,35.9706,24.8181,16.7013,12.2343,10.9055,15.2156,11.5415,15.0562,23.452,6.61715,22.8197,9.99966,
STATS - lpIterations[1] lagIterations[17] sspIterations[517] numSeparations[123] numCuts[0] compileTime[2] sspSolveTime[9] lpSolveTime[0] lb[6809.9] ub[7138.8] numArcs: [2011431] numFixed: [63193] time: [22]
STATS - lpIterations[1] lagIterations[17] sspIterations[517] numSeparations[123] numCuts[0] compileTime[2] sspSolveTime[9] lpSolveTime[0] lb[6818.58] ub[7138.8] numArcs: [2011431] numFixed: [63193] time: [23]
DUALS 24,6818.58,2011391,71077,0,14.008,11.3628,9.81693,22.8426,25.6336,14.9885,10.1699,17.1494,10.3875,7.99774,33.2754,23.9975,6.73988,21.7772,4.23393,30.9902,14.7284,30.4557,16.4626,3.88665,18.0037,21.1602,19.3287,12.5144,10.9642,12.7636,20.7753,8.93681,11.9469,22.8172,13.2835,35.2103,9.06172,11.6658,23.1854,7.64188,2.34424,23.8183,13.2604,15.762,12.0597,20.2776,5.32428,18.6007,16.6237,27.2777,10.3775,26.3581,21.1223,12.737,24.2504,31.2302,16.5354,16.8336,16.4839,12.3088,14.7781,11.9794,18.9208,10.7925,23.7822,26.0034,28.4887,6.82162,28.9506,7.22665,32.0896,17.3337,21.1521,15.0764,14.6462,13.241,23.605,14.6598,13.6128,5.09073,32.314,46.2926,20.9426,13.5242,16.2926,22.5905,6.9059,16.1726,33.1263,7.40798,22.9201,0.85146,13.7317,19.1375,9.52179,14.3793,12.2131,27.4315,32.7663,12.1153,10.5205,14.9581,11.2969,6.37948,9.74988,14.5991,21.9158,21.1956,26.3355,8.01416,11.1283,13.1137,23.1758,12.6354,23.5932,20.1382,26.8751,10.3538,6.34785,24.2606,13.7788,17.6237,22.1274,23.942,21.5497,15.3601,14.5209,12.2415,28.2226,4.65658,34.5587,31.0769,11.727,11.8134,10.6702,20.8802,15.5509,28.5973,31.7201,15.2609,20.337,14.5326,9.86322,18.9606,13.0058,13.6204,13.4517,15.2752,10.4316,26.7426,13.8917,15.2334,12.8499,7.56017,15.6099,7.87774,12.8028,13.9542,19.0628,25.6209,11.2772,11.9568,13.0921,14.4577,31.3302,22.4501,7.72129,9.39343,15.6306,25.1521,9.61343,21.6858,15.1216,22.9226,12.0669,30.7345,22.22,24.2781,8.68218,16.3748,47.3128,24.7485,17.6543,12.0333,13.998,24.4351,14.2279,9.08218,10.0377,15.5579,13.991,17.0965,34.0981,14.2226,9.95604,12.0569,14.3191,14.1432,22.8957,11.9975,9.31314,28.2172,13.7705,23.521,34.5338,23.5037,13.601,32.5358,22.7902,12.6596,23.541,7.50376,8.45774,25.8604,20.2175,12.1335,20.7588,11.5401,25.6317,32.4957,7.14948,12.3054,15.8474,31.5158,19.707,30.4021,24.0001,6.58743,11.0626,21.4477,21.378,22.4842,22.0758,4.84662,11.3426,10.6109,22.9897,14.4479,29.587,23.4022,13.663,21.1157,22.1669,6.9221,0.440554,22.5541,31.5269,14.7181,11.5595,16.4326,11.8501,13.3137,7.30647,14.5781,11.9052,22.3658,16.5072,24.1305,9.72557,42.8502,5.97312,24.8619,33.7028,8.53822,19.7302,17.2294,21.177,10.2884,13.5972,20.2139,12.7579,15.4526,9.20453,31.0605,25.3181,20.2428,13.551,23.0426,12.1394,16.3203,7.95365,19.6126,20.8672,5.11998,11.637,23.2236,21.8658,18.8894,22.9357,8.09681,30.045,19.2548,22.878,21.6963,30.0002,15.6244,21.6628,22.2918,12.0758,22.3705,6.97146,33.1145,16.3575,7.47716,13.0394,18.9431,22.7698,21.6921,21.8975,20.3228,31.1412,17.8144,10.2637,9.30057,0,10.0337,22.8709,12.2902,9.51204,11.0529,12.4402,10.6316,12.5643,10.7758,18.3975,26.9815,12.2597,25.8145,4.19365,12.5597,15.5953,33.2763,3.97882,25.1517,9.83759,14.1898,19.5839,28.6951,10.4079,5.45774,36.6717,14.9204,17.5574,13.9777,23.441,23.4737,10.2877,11.3045,39.0781,16.9237,11.2428,28.237,9.80707,13.7992,11.9594,14.7088,32.7248,8.0267,11.6701,18.1694,22.434,23.4957,14.0405,21.0394,28.8828,13.1037,13.9732,10.6991,23.021,10.4429,12.3913,3.96165,23.3054,31.2158,14.9462,4.69734,20.4705,16.3118,7.56556,19.1228,20.7628,20.9934,18.3143,13.3763,10.3037,15.0204,21.6069,11.017,18.7837,19.315,26.2126,15.5505,35.9706,24.8181,15.7715,11.3045,11.8352,15.2156,11.5415,14.1265,23.452,4.75759,20.9602,10.9294,
DUALS 26,6818.58,2047735,74440,0,14.7661,12.1209,9.05883,23.6007,25.6336,15.7466,10.1699,16.3913,10.3875,7.99774,33.2754,23.9975,6.73988,22.5353,3.47582,31.7483,14.7284,31.2139,14.9464,4.64476,18.0037,21.9183,19.3287,11.7563,9.44796,11.2474,20.0172,8.17871,12.705,22.0591,13.2835,35.9684,9.06172,10.9077,23.1854,8.39999,3.10234,24.5764,14.0185,14.2458,11.3016,19.5195,5.32428,19.3588,16.6237,27.2777,10.3775,26.3581,21.1223,11.2208,25.0085,31.9883,16.5354,16.0755,14.9676,13.0669,14.7781,12.7375,18.1627,10.7925,23.7822,26.7615,28.4887,6.06351,29.7087,7.98476,32.8477,18.0918,20.394,14.3183,13.8881,13.241,22.8469,15.4179,12.0965,2.81641,33.0721,47.0507,21.7008,13.5242,14.7764,22.5905,5.38969,14.6564,32.3682,6.64987,22.162,0.85146,13.7317,16.8631,10.2799,14.3793,11.455,26.6734,32.0082,12.1153,10.5205,14.9581,10.5388,5.62137,9.74988,13.841,21.1577,21.9537,26.3355,6.49795,11.8864,12.3556,21.6595,12.6354,24.3513,17.1057,26.117,11.1119,7.10596,25.0187,14.5369,17.6237,22.1274,23.942,21.5497,14.602,13.7628,12.9996,28.9807,4.65658,35.3169,30.3188,12.4851,12.5715,8.39591,21.6383,16.309,28.5973,29.4457,16.019,21.0951,15.2907,10.6213,16.6863,13.7639,14.3785,13.4517,15.2752,9.67351,27.5008,13.8917,15.2334,12.8499,6.80206,14.0937,7.87774,12.8028,13.9542,19.8209,26.379,12.0353,12.7149,12.334,14.4577,29.814,23.2082,6.96318,9.39343,15.6306,25.1521,9.61343,22.4439,15.8797,23.6807,11.3088,28.4602,21.4619,24.2781,7.92408,17.1329,46.5546,25.5066,16.138,10.5171,14.7561,24.4351,12.7117,8.32408,10.0377,15.5579,13.991,17.8546,34.0981,14.9807,10.7141,11.2988,12.0447,14.9013,23.6539,10.4812,8.55504,27.4591,13.7705,23.521,32.2595,23.5037,13.601,31.7777,22.7902,11.9015,23.541,6.74566,8.45774,26.6185,19.4594,12.8916,20.7588,12.2982,25.6317,33.2539,7.14948,12.3054,15.0893,30.7577,20.4651,29.644,24.0001,5.07122,11.8207,21.4477,22.1361,20.968,21.3177,4.84662,12.1007,10.6109,22.2316,14.4479,30.3451,23.4022,13.663,21.8739,21.4088,6.9221,0.440554,23.3122,30.7688,14.7181,12.3176,14.9164,12.6082,12.5556,6.54837,14.5781,12.6633,23.1239,15.7491,24.1305,9.72557,42.8502,5.97312,24.8619,34.4609,7.78011,17.4559,16.4713,21.9351,11.0465,12.8391,18.6977,12.7579,16.2108,8.44642,28.7862,25.3181,21.0009,13.551,23.8007,12.8975,17.0785,8.71175,20.3707,18.5929,5.87809,12.3951,21.7074,22.6239,19.6475,23.6939,8.09681,29.2869,20.0129,23.6361,21.6963,30.7583,14.8663,21.6628,22.2918,11.3177,22.3705,6.21336,32.3564,16.3575,8.23526,13.0394,18.185,22.0117,20.934,21.8975,21.0809,31.8993,18.5725,10.2637,8.54246,0.758106,8.51749,21.3546,13.0483,10.2701,11.811,13.1983,9.87351,11.8062,11.5339,16.1231,26.2233,13.0178,26.5726,4.95175,13.3178,16.3534,32.5182,3.97882,25.1517,10.5957,14.1898,20.342,29.4532,10.4079,5.45774,36.6717,15.6785,16.7993,13.9777,23.441,23.4737,9.52957,12.0626,39.0781,16.9237,12.0009,28.9951,10.5652,12.283,12.7175,13.1926,32.7248,7.2686,12.4282,18.9275,23.1921,24.2539,14.0405,21.0394,29.6409,12.3456,14.7313,10.6991,23.021,10.4429,12.3913,4.71976,23.3054,31.9739,15.7043,5.45544,20.4705,17.0699,6.80746,19.8809,21.5209,20.9934,16.798,12.6182,10.3037,15.7785,19.3326,11.7751,18.0256,17.7987,26.9707,16.3086,36.7287,24.8181,15.7715,12.0626,10.319,15.9737,12.2996,14.8846,23.452,5.51569,21.7183,10.1713,
STATS - lpIterations[1] lagIterations[19] sspIterations[589] numSeparations[198] numCuts[0] compileTime[2] sspSolveTime[10] lpSolveTime[0] lb[6825.75] ub[7138.8] numArcs: [2047735] numFixed: [74440] time: [27]
DUALS 27,6825.75,2047634,78575,0,14.0073,12.1209,9.05883,20.5657,25.6336,16.5053,9.41114,17.1501,9.62872,7.99774,33.2754,23.2387,5.98114,23.294,2.71708,32.507,14.7284,31.2139,15.7051,5.4035,18.0037,22.677,19.3287,12.5151,10.2067,12.0061,20.7759,7.41997,12.705,22.0591,14.0422,35.2096,9.06172,10.1489,23.1854,8.39999,3.86108,23.8177,13.2598,15.0045,11.3016,19.5195,6.08302,20.1176,16.6237,27.2777,9.61872,26.3581,21.1223,11.9795,25.0085,32.747,16.5354,16.8342,15.7264,13.0669,14.7781,13.4962,18.9214,10.7925,23.7822,26.0028,29.2474,6.82225,29.7087,8.7435,31.3302,18.8506,21.1527,15.0771,14.6468,13.241,22.8469,16.1767,12.8553,2.05767,33.8308,47.0507,20.942,14.2829,15.5351,22.5905,5.38969,15.4151,32.3682,6.64987,22.9208,0.85146,13.7317,17.6219,10.2799,13.6205,12.2137,27.4322,32.0082,12.8741,9.76177,14.9581,10.5388,6.38011,8.99114,14.5998,21.9164,21.9537,26.3355,7.25669,12.6452,13.1143,22.4183,12.6354,23.5926,17.8645,26.8757,11.8706,7.10596,24.26,14.5369,17.6237,21.3687,24.7007,22.3085,15.3608,14.5216,12.9996,28.9807,4.65658,33.7994,31.0775,13.2439,12.5715,9.15465,22.397,17.0677,29.3561,30.2045,16.7777,21.8539,12.2557,10.6213,17.445,10.729,13.6198,13.4517,16.034,10.4323,26.742,13.8917,15.9922,12.0911,6.80206,14.8524,7.87774,12.8028,13.9542,19.8209,27.1377,12.7941,12.7149,13.0927,14.4577,30.5727,23.2082,6.96318,10.1522,14.8718,25.1521,10.3722,22.4439,16.6385,20.6457,12.0675,29.2189,22.2206,24.2781,7.92408,17.8917,46.5546,26.2653,16.8968,11.2758,13.9973,24.4351,13.4704,8.32408,10.0377,15.5579,13.991,17.8546,34.0981,11.9457,10.7141,12.0575,12.8035,14.1426,23.6539,11.24,9.31378,26.7003,13.7705,23.521,33.0183,23.5037,13.601,32.5364,23.5489,11.9015,24.2998,7.5044,8.45774,27.3772,20.2182,13.6504,21.5175,12.2982,25.6317,33.2539,7.14948,12.3054,14.3306,31.5164,21.2239,30.4027,24.0001,5.82996,11.8207,22.2065,22.1361,21.7267,22.0764,4.84662,12.1007,9.85217,22.9904,14.4479,31.1039,23.4022,14.4217,21.8739,22.1675,4.64588,0.440554,21.0359,31.5275,14.7181,11.5589,15.6751,12.6082,13.3143,6.54837,14.5781,11.1458,20.089,16.5078,24.1305,10.4843,43.6089,5.21438,24.8619,33.7022,8.53885,18.2147,17.2301,22.6939,11.0465,12.8391,18.6977,12.7579,15.452,9.20516,29.5449,25.3181,21.0009,13.551,20.7657,11.38,15.561,9.47049,20.3707,19.3517,5.87809,13.1539,22.4661,22.6239,20.4062,23.6939,8.09681,30.0456,20.7716,23.6361,21.6963,31.517,15.625,21.6628,23.0506,12.0764,22.3705,6.9721,33.1151,15.5987,6.71778,13.0394,18.9437,22.7704,21.6927,21.1387,21.0809,29.6231,17.8138,10.2637,9.3012,0,9.27622,21.3546,13.807,11.0289,10.2935,13.957,10.6323,12.5649,11.5339,16.8819,26.2233,13.0178,27.3314,5.71049,13.3178,17.1121,32.5182,3.97882,25.1517,11.3544,14.1898,19.5833,29.4532,10.4079,5.45774,36.6717,16.4372,16.0406,13.9777,23.441,23.4737,10.2883,12.0626,39.0781,16.9237,12.0009,29.7539,10.5652,13.0417,13.4762,13.9513,33.4835,7.2686,12.4282,19.6862,23.9508,24.2539,14.0405,21.0394,29.6409,13.1043,13.9726,10.6991,23.021,10.4429,11.6326,5.4785,23.3054,28.939,14.9455,5.45544,21.2292,17.0699,6.04872,19.8809,21.5209,21.7522,17.5568,12.6182,10.3037,16.5372,20.0913,12.5339,18.0256,18.5575,26.9707,17.0674,35.97,24.8181,15.0128,12.0626,11.0778,16.7325,12.2996,14.1258,23.452,6.27443,22.477,10.9301,
STATS - lpIterations[1] lagIterations[20] sspIterations[629] numSeparations[198] numCuts[0] compileTime[2] sspSolveTime[11] lpSolveTime[0] lb[6851.52] ub[7138.8] numArcs: [2047634] numFixed: [78575] time: [28]
DUALS 29,6851.52,2047589,105163,0,14.6169,12.1209,9.66843,21.1753,25.6336,14.6765,10.0207,17.1501,10.2383,7.99774,33.885,23.8483,6.59074,21.4652,3.32669,33.1166,14.7284,31.2139,16.3147,5.4035,18.0037,23.2866,19.3287,12.5151,10.2067,12.0061,19.5567,7.41997,12.705,22.0591,12.823,35.8192,9.06172,10.7585,23.795,9.00959,3.86108,24.4273,13.8694,15.0045,11.3016,18.9099,6.69262,20.1176,16.6237,27.2777,10.2283,26.3581,21.1223,11.3699,25.6181,33.3566,16.5354,16.8342,16.336,13.6765,14.7781,11.0578,18.3118,10.7925,24.3918,26.6124,28.6378,6.21265,30.3183,9.3531,31.9398,17.0217,20.5431,15.0771,14.0372,13.241,22.8469,14.9575,13.4649,2.66728,32.002,47.0507,21.5516,12.4541,14.9255,22.5905,5.99929,14.8055,32.3682,6.64987,22.9208,0.241857,13.7317,18.2315,9.67029,13.6205,12.2137,26.8226,32.0082,11.6549,10.3714,14.9581,11.1484,5.16091,9.60074,14.5998,21.9164,21.9537,26.3355,6.03748,10.2067,11.8951,22.4183,13.245,24.2022,18.4741,25.6565,11.261,7.10596,24.8696,14.5369,17.6237,21.3687,24.7007,21.6989,15.3608,14.5216,12.9996,28.9807,4.65658,34.409,29.8583,12.6343,11.9619,8.54505,23.0066,16.4581,26.9176,30.8141,17.3873,21.2443,12.8653,10.6213,18.0546,11.3386,13.6198,13.4517,16.034,9.82265,27.3516,13.8917,15.3826,12.7007,7.41166,15.462,7.87774,12.8028,13.9542,19.8209,27.1377,12.1845,12.7149,12.4831,14.4577,29.9631,23.2082,6.35358,9.54257,15.4814,25.1521,9.76257,22.4439,16.6385,21.2553,10.8483,29.2189,21.611,24.2781,8.53368,17.2821,47.1642,24.4365,17.5064,11.8854,14.6069,25.0447,13.4704,8.93368,10.0377,15.5579,13.991,17.8546,34.0981,12.5553,11.3237,10.8383,13.4131,14.7522,23.6539,11.8496,8.70417,27.3099,13.7705,23.521,33.0183,23.5037,13.601,32.5364,22.9393,12.5111,24.2998,7.5044,8.45774,26.7676,19.6086,13.0408,20.9079,12.2982,25.6317,33.2539,7.14948,12.915,14.9402,31.5164,19.3951,29.7931,24.6097,6.43956,11.8207,22.2065,22.1361,21.7267,22.0764,5.45623,12.1007,9.85217,22.9904,14.4479,30.4943,24.0118,14.4217,21.8739,21.5579,5.25548,1.05016,21.6455,30.3083,14.7181,12.1685,15.6751,12.6082,12.0951,7.15797,14.5781,11.7554,20.6986,15.8982,24.1305,10.4843,42.9993,5.82398,24.8619,34.3118,9.14845,17.605,17.2301,22.0843,11.6561,12.8391,19.3073,12.1483,16.0616,8.59556,30.1545,25.3181,21.0009,13.551,21.3753,11.9896,15.561,10.0801,20.3707,19.9613,6.48769,12.5443,22.4661,22.6239,17.9678,23.6939,8.09681,28.8264,18.3332,23.6361,22.3059,32.1266,15.625,21.6628,23.0506,12.0764,22.3705,5.75289,33.1151,16.2083,7.32739,13.0394,18.9437,22.7704,21.0831,21.7483,21.0809,30.2327,18.4234,10.2637,9.3012,0.609602,9.27622,20.745,14.4166,8.59048,10.2935,14.5666,10.0227,13.1745,11.5339,17.4915,26.2233,13.0178,26.7218,6.3201,13.3178,15.2833,32.5182,3.36921,25.1517,11.964,14.1898,20.1929,29.4532,10.4079,5.45774,36.6717,15.8276,16.0406,13.3681,23.441,23.4737,9.67871,12.6722,39.0781,16.9237,12.0009,29.1443,11.1748,13.0417,11.0378,13.9513,32.8739,7.8782,12.4282,17.2478,23.3412,24.2539,14.0405,21.0394,29.6409,11.8851,14.5822,10.6991,23.021,10.4429,11.0229,6.0881,23.915,29.5486,15.5552,5.45544,20.01,17.6795,6.65832,19.8809,21.5209,21.1426,17.5568,12.6182,10.3037,15.9276,19.4817,11.9243,18.0256,19.1671,26.9707,15.8482,36.5796,24.8181,15.0128,12.6722,11.6874,14.9037,12.2996,14.7354,23.452,6.88404,23.0866,10.9301,
STATS - lpIterations[1] lagIterations[21] sspIterations[660] numSeparations[198] numCuts[0] compileTime[2] sspSolveTime[11] lpSolveTime[0] lb[6853.72] ub[7138.8] numArcs: [2047589] numFixed: [105163] time: [29]
DUALS 31,6853.72,2047418,105575,0,13.5149,12.1209,9.66843,22.2773,25.6336,15.7785,10.0207,16.0481,11.3403,7.99774,32.783,24.9503,6.59074,22.5672,3.32669,30.9126,14.7284,32.3158,16.3147,4.30151,18.0037,19.9806,19.3287,12.5151,11.3087,12.0061,20.6587,8.52196,13.807,23.1611,13.925,36.9212,9.06172,9.65656,22.693,9.00959,2.75909,25.5293,14.9714,15.0045,10.1996,18.9099,5.59063,20.1176,16.6237,27.2777,11.3303,26.3581,21.1223,12.4719,24.5161,31.1526,17.6374,16.8342,16.336,13.6765,14.7781,12.1598,19.4138,11.8945,23.2898,27.7144,29.7398,7.31464,31.4203,8.25111,33.0418,18.1237,21.6451,16.179,15.1392,13.241,22.8469,16.0595,12.3629,2.66728,33.104,47.0507,21.5516,13.5561,14.9255,23.6925,5.99929,14.8055,32.3682,7.75186,24.0228,1.34385,13.7317,19.3335,9.67029,13.6205,12.2137,26.8226,33.1102,12.7568,10.3714,14.9581,11.1484,6.2629,9.60074,15.7017,21.9164,21.9537,26.3355,7.13947,11.3087,12.9971,22.4183,12.143,25.3042,19.5761,26.7585,11.261,6.00397,23.7676,14.5369,17.6237,21.3687,23.5987,22.8009,15.3608,13.4196,12.9996,28.9807,4.65658,33.307,30.9603,12.6343,11.9619,8.54505,19.7006,17.5601,28.0196,31.9161,16.2853,21.2443,13.9673,10.6213,19.1566,12.4406,14.7218,13.4517,16.034,10.9246,27.3516,13.8917,15.3826,12.7007,7.41166,15.462,7.87774,12.8028,13.9542,19.8209,28.2397,13.2865,12.7149,13.5851,14.4577,31.0651,23.2082,7.45557,9.54257,15.4814,25.1521,9.76257,22.4439,17.7405,22.3573,11.9503,29.2189,22.713,24.2781,8.53368,17.2821,47.1642,25.5385,17.5064,11.8854,14.6069,23.9427,13.4704,8.93368,10.0377,15.5579,13.991,17.8546,34.0981,13.6573,11.3237,11.9403,13.4131,15.8542,24.7558,12.9516,8.70417,28.4119,14.8725,23.521,34.1203,23.5037,13.601,32.5364,24.0413,12.5111,24.2998,8.60639,8.45774,26.7676,20.7106,14.1428,22.0099,12.2982,25.6317,34.3558,7.14948,11.813,16.0421,31.5164,20.4971,30.8951,23.5077,5.33757,11.8207,22.2065,22.1361,20.6247,22.0764,3.25224,12.1007,10.9542,24.0924,14.4479,30.4943,22.9098,15.5237,22.9758,22.6599,4.15349,0,20.5436,31.4103,14.7181,11.0665,15.6751,12.6082,13.1971,8.25996,14.5781,12.8574,21.8006,17.0002,25.2325,11.5863,42.9993,5.82398,24.8619,33.2098,8.04646,17.605,16.1281,22.0843,12.7581,12.8391,17.1033,12.1483,16.0616,9.69755,29.0525,25.3181,21.0009,13.551,22.4773,11.9896,16.663,8.9781,20.3707,21.0632,6.48769,12.5443,22.4661,22.6239,19.0698,24.7958,8.09681,29.9284,19.4352,23.6361,22.3059,29.9226,15.625,22.7648,21.9486,12.0764,23.4725,6.85488,34.2171,17.3103,7.32739,13.0394,20.0457,22.7704,22.1851,22.8503,21.0809,30.2327,17.3214,10.2637,9.3012,0.609602,9.27622,20.745,12.2126,9.69247,11.3955,11.2606,11.1246,12.0725,11.5339,18.5935,25.1214,13.0178,27.8237,5.2181,13.3178,16.3853,32.5182,4.47121,25.1517,10.862,14.1898,21.2949,30.5552,11.5099,5.45774,36.6717,15.8276,13.8366,13.3681,23.441,23.4737,10.7807,12.6722,39.0781,16.9237,12.0009,29.1443,11.1748,13.0417,12.1398,15.0533,33.9759,7.8782,12.4282,18.3498,24.4432,25.3558,15.1425,21.0394,29.6409,12.9871,15.6842,10.6991,23.021,10.4429,11.0229,4.98611,22.813,30.6506,16.6571,4.35345,20.01,18.7815,6.65832,19.8809,21.5209,21.1426,17.5568,13.7202,10.3037,15.9276,19.4817,11.9243,19.1276,19.1671,26.9707,15.8482,35.4776,24.8181,15.0128,12.6722,12.7894,16.0057,12.2996,15.8374,23.452,5.78204,19.7806,9.82808,
DUALS 33,6853.72,2047386,105588,0,13.8545,12.1209,9.66843,22.6169,25.6336,15.7785,10.3603,16.3877,10.6611,7.99774,33.1226,24.2711,6.93034,22.2276,3.66628,31.2522,15.068,32.3158,16.6543,4.64111,18.0037,20.3202,19.3287,12.8547,9.9503,12.3457,20.3191,6.14477,12.4486,23.1611,13.925,35.9024,9.06172,9.99615,23.0326,9.34919,3.09869,25.1897,13.613,15.3441,10.1996,18.9099,5.93023,20.1176,16.6237,27.2777,10.6511,26.3581,21.1223,11.7927,24.8557,31.4922,15.9394,16.4946,16.6756,14.0161,14.7781,12.4994,18.395,10.1965,23.6294,26.356,28.3814,6.97504,30.0619,8.59071,31.0042,18.1237,20.6263,15.4998,14.1204,13.241,22.8469,16.0595,12.7025,3.00687,33.104,47.0507,21.8912,13.5561,14.5859,22.3341,5.99929,14.4659,32.3682,7.07267,23.3436,1.00425,13.7317,18.6543,10.0099,13.6205,12.5533,26.483,33.1102,12.0776,10.3714,14.9581,11.1484,5.9233,9.94034,15.7017,22.256,21.9537,26.3355,6.46028,11.6483,12.6575,22.7579,12.4826,24.2854,18.8969,25.4001,11.261,6.00397,24.1072,14.5369,17.6237,21.3687,23.2591,21.4425,15.7004,13.7592,12.9996,28.9807,4.65658,33.6466,30.6207,12.6343,12.3015,8.20545,20.0402,17.8997,28.3592,30.8973,16.6249,21.2443,14.3069,10.6213,18.4774,12.7802,13.703,13.4517,16.034,10.585,27.6912,13.8917,15.7222,12.3611,7.07206,15.8016,7.87774,12.8028,13.9542,19.8209,28.2397,11.5885,12.7149,12.5663,14.4577,29.7067,23.2082,7.11597,9.88217,15.821,25.1521,10.1022,22.4439,16.7217,22.6969,11.6107,29.5585,21.3546,24.2781,8.53368,17.2821,47.5038,25.5385,17.1668,11.5458,14.9465,24.2823,13.81,8.93368,10.0377,15.5579,13.991,17.8546,34.0981,13.9969,11.6633,11.6007,13.7527,15.5146,24.7558,12.612,8.70417,27.3931,13.5141,23.521,32.7619,23.5037,13.601,32.876,24.3809,12.5111,24.2998,8.26679,8.45774,27.1072,19.6918,12.4448,21.3307,12.2982,25.6317,34.3558,7.14948,12.1526,12.9858,31.856,20.8367,29.8763,23.8473,4.99797,11.8207,22.546,22.1361,20.9643,22.416,3.59184,12.1007,10.9542,22.734,14.4479,30.4943,23.2494,14.1653,22.9758,22.3203,4.49309,0.339599,20.8831,31.0707,14.7181,11.4061,15.3355,12.6082,12.8575,5.88277,14.5781,12.5178,22.1402,15.9814,23.5345,11.2467,43.3389,6.16358,24.8619,33.5494,8.38606,17.2655,16.4677,22.0843,11.0601,12.8391,17.4429,12.1483,16.4012,9.35795,29.3921,25.3181,21.0009,13.551,22.8169,12.3292,15.3046,9.3177,20.3707,20.384,6.82729,12.5443,22.8057,22.6239,19.4094,24.7958,8.09681,29.9284,19.4352,23.6361,22.6455,30.2622,15.625,21.0668,21.609,12.416,22.1141,6.17568,33.8775,16.6311,7.66699,13.0394,19.3665,22.7704,21.1663,21.4919,21.0809,28.8743,17.661,10.2637,9.6408,0.609602,8.93663,19.3866,12.5522,9.69247,11.0559,11.6002,10.785,12.4121,11.5339,18.2539,25.1214,13.0178,27.8237,5.5577,13.3178,16.3853,32.5182,4.13161,25.1517,11.2016,14.5294,20.9553,30.5552,11.1703,5.45774,36.6717,16.1672,14.1762,13.7077,23.441,23.4737,10.4411,13.0118,39.0781,16.9237,12.0009,29.1443,11.5144,13.3813,12.4794,15.3929,32.9571,7.8782,12.4282,18.6894,24.4432,25.3558,13.7841,20.6998,29.6409,12.6475,15.3446,11.0387,23.021,10.4429,11.3625,5.32571,23.1526,30.9902,16.3175,4.35345,20.3496,18.4419,6.65832,19.8809,21.5209,21.4822,17.2172,13.7202,10.3037,16.2672,19.1421,11.9243,18.1088,18.8275,26.9707,15.8482,35.8172,24.8181,15.3524,13.0118,12.7894,16.0057,12.2996,14.479,23.452,6.12164,20.1202,10.1677,
STATS - lpIterations[1] lagIterations[23] sspIterations[744] numSeparations[198] numCuts[0] compileTime[2] sspSolveTime[13] lpSolveTime[0] lb[6864.73] ub[7138.8] numArcs: [2047386] numFixed: [105588] time: [33]
DUALS 35,6864.73,2047279,126602,0,15.1585,12.1209,9.66843,23.9209,25.6336,17.0825,10.3603,17.6917,11.9651,7.99774,34.4266,24.2711,6.93034,23.5316,3.66628,32.5562,15.068,32.3158,15.3503,5.9451,16.6997,21.6242,19.3287,11.5507,9.9503,12.3457,20.3191,7.44876,11.1446,23.1611,15.229,37.2064,9.06172,11.3001,24.3366,9.34919,4.40268,26.4937,14.917,15.3441,10.1996,17.6059,5.93023,20.1176,15.3197,27.2777,11.9551,25.0541,21.1223,13.0967,26.1597,32.7962,17.2434,17.7986,17.9796,15.3201,13.4741,13.8034,18.395,11.5005,24.9334,27.66,29.6854,5.67105,31.3659,9.8947,32.3082,19.4277,20.6263,15.4998,14.1204,13.241,22.8469,17.3635,14.0065,3.00687,34.408,47.0507,21.8912,14.8601,14.5859,22.3341,5.99929,14.4659,32.3682,7.07267,23.3436,1.00425,13.7317,17.3503,10.0099,14.9245,11.2493,27.787,33.1102,10.7737,10.3714,13.6541,11.1484,4.61931,9.94034,15.7017,19.648,21.9537,26.3355,6.46028,11.6483,12.6575,22.7579,13.7866,25.5893,20.2009,25.4001,11.261,7.30796,25.4112,14.5369,16.3197,21.3687,24.5631,22.7465,13.0924,13.7592,12.9996,28.9807,4.65658,34.9506,30.6207,12.6343,12.3015,9.50944,21.3442,17.8997,28.3592,29.5933,17.9289,21.2443,15.6109,9.31733,17.1734,14.0842,13.703,13.4517,14.73,10.585,27.6912,13.8917,15.7222,12.3611,7.07206,15.8016,7.87774,12.8028,13.9542,19.8209,28.2397,12.8925,12.7149,12.5663,14.4577,31.0107,23.2082,5.81198,9.88217,15.821,25.1521,10.1022,22.4439,18.0256,24.0009,11.6107,29.5585,22.6586,22.9741,8.53368,17.2821,47.5038,26.8425,18.4708,12.8498,16.2505,25.5863,13.81,8.93368,10.0377,15.5579,13.991,17.8546,32.7941,15.3009,11.6633,11.6007,12.4487,16.8185,24.7558,11.308,8.70417,26.0891,13.5141,23.521,32.7619,22.1997,13.601,30.268,21.7729,12.5111,24.2998,6.9628,8.45774,27.1072,19.6918,13.7488,22.6347,12.2982,25.6317,34.3558,7.14948,13.4566,14.2897,29.248,22.1407,29.8763,25.1513,6.30196,11.8207,22.546,22.1361,20.9643,19.808,4.89583,12.1007,10.9542,24.038,13.1439,30.4943,24.5534,15.4693,22.9758,22.3203,5.79708,0.339599,22.1871,31.0707,13.4141,12.7101,15.3355,12.6082,12.8575,7.18676,13.2741,13.8218,23.4442,15.9814,24.8385,11.2467,40.7309,6.16358,24.8619,34.8534,9.69005,18.5694,17.7717,22.0843,12.3641,12.8391,18.7469,12.1483,16.4012,8.05396,28.0882,24.0141,21.0009,13.551,24.1209,13.6332,15.3046,10.6217,20.3707,19.0801,6.82729,12.5443,22.8057,22.6239,20.7134,24.7958,8.09681,31.2324,20.7392,23.6361,23.9495,31.5662,15.625,22.3708,22.913,9.80801,22.1141,6.17568,33.8775,17.9351,7.66699,13.0394,19.3665,21.4664,21.1663,22.7959,21.0809,30.1783,17.661,8.95969,9.6408,0,10.2406,19.3866,13.8562,10.9965,11.0559,12.9042,10.785,13.7161,11.5339,16.9499,23.8174,13.0178,27.8237,6.86169,13.3178,17.6893,32.5182,2.82762,25.1517,12.5056,14.5294,22.2593,30.5552,11.1703,5.45774,36.6717,13.5592,15.4802,13.7077,23.441,22.1697,10.4411,13.0118,37.7741,15.6197,12.0009,29.1443,11.5144,13.3813,13.7834,15.3929,32.9571,7.8782,12.4282,19.9934,25.7472,25.3558,15.0881,20.6998,29.6409,12.6475,16.6485,11.0387,23.021,10.4429,11.3625,6.6297,24.4566,32.2942,17.6215,4.35345,20.3496,19.7459,6.65832,19.8809,21.5209,21.4822,18.5212,13.7202,10.3037,14.9632,20.4461,11.9243,18.1088,20.1315,26.9707,15.8482,37.1212,23.5141,15.3524,13.0118,14.0934,17.3097,12.2996,15.783,23.452,7.42563,21.4242,11.4717,
STATS - lpIterations[1] lagIterations[24] sspIterations[795] numSeparations[198] numCuts[0] compileTime[2] sspSolveTime[14] lpSolveTime[0] lb[6866.42] ub[7138.8] numArcs: [2047279] numFixed: [126602] time: [36]
DUALS 37,6866.42,2084936,140578,0,14.6593,11.6217,9.66843,22.9224,25.6336,15.5848,10.8596,17.6917,10.4674,7.99774,33.4281,22.7734,7.42959,21.5346,4.16553,33.0555,15.068,32.3158,15.8496,4.44737,17.1989,22.1235,19.3287,12.0499,10.4495,12.3457,19.8199,5.45178,11.6439,23.1611,14.7297,35.7087,9.06172,10.8009,23.3381,9.84843,2.90495,25.9944,14.917,15.8434,9.70032,17.1067,5.93023,20.1176,15.8189,27.2777,10.4574,25.5533,21.1223,12.0982,26.1597,33.2955,16.7441,17.2993,18.4788,15.3201,13.9733,13.3042,18.395,11.0012,24.4341,26.1623,27.6884,6.1703,30.8667,9.39546,30.8105,17.93,21.1255,15.9991,14.6196,13.241,22.8469,15.3665,14.0065,3.50612,32.411,47.0507,22.3905,14.3608,14.0867,22.3341,5.99929,12.9682,32.3682,7.07267,23.8428,0.505006,13.7317,17.8495,10.5091,14.9245,11.7486,26.7885,33.1102,11.2729,10.3714,14.1533,11.1484,5.11855,10.4396,15.7017,20.1473,21.9537,25.8362,6.95952,11.1491,12.1583,22.7579,12.7881,24.0916,20.7001,25.4001,11.261,6.80871,24.912,14.5369,16.8189,21.3687,24.5631,20.7495,13.5916,13.7592,12.5004,28.9807,4.65658,33.4528,30.1214,12.6343,12.3015,9.0102,21.8435,18.399,27.86,30.0925,18.4282,21.2443,14.6124,9.31733,17.6727,13.0857,12.2052,13.4517,15.2292,11.0843,28.1905,13.8917,16.2214,12.3611,6.57282,16.3009,7.87774,12.8028,14.4534,19.3217,28.739,12.3932,12.7149,13.0655,14.4577,29.0137,23.2082,6.31122,10.3814,15.821,25.1521,10.6014,22.4439,18.0256,23.0024,11.1114,29.5585,20.6616,23.4733,8.53368,17.2821,47.5038,25.3448,17.9715,12.3506,15.7513,25.0871,13.81,8.93368,10.0377,15.5579,13.991,17.8546,33.2933,14.3024,12.1626,11.1014,12.9479,15.3208,24.7558,11.8072,8.70417,25.0906,13.5141,23.521,33.2611,22.6989,13.601,30.7673,22.2722,12.5111,24.2998,7.46204,8.45774,27.6064,19.6918,13.2495,21.137,12.2982,25.6317,34.3558,7.14948,13.4566,13.7905,29.7473,21.6414,30.3755,24.1528,5.30347,11.8207,22.546,22.1361,20.9643,20.3073,4.89583,12.1007,10.9542,22.041,13.6431,30.4943,24.5534,14.4708,22.9758,21.821,4.29935,0.838843,20.1902,30.5714,13.9133,11.7116,14.8363,12.6082,12.3583,6.68752,13.7733,13.3226,21.4472,15.9814,24.3393,10.7475,41.2302,6.66282,24.8619,33.8549,9.69005,17.571,17.7717,22.0843,11.3656,12.8391,18.2476,12.1483,16.9005,8.5532,28.5874,24.5133,20.5017,13.551,22.6232,11.6362,14.3061,9.62321,20.3707,19.5793,7.32653,12.5443,22.8057,22.6239,20.2142,24.7958,8.09681,30.7332,18.7422,23.6361,23.4503,32.0655,15.625,21.8716,22.913,10.3073,22.1141,6.17568,34.3767,16.4374,8.16623,13.0394,19.8658,21.9657,21.6655,21.2982,20.5817,28.6806,18.1602,9.45893,9.6408,0.499244,9.74137,19.3866,14.3555,9.99797,11.0559,13.4035,11.2843,13.7161,11.5339,17.4491,23.8174,13.0178,28.323,5.86321,13.3178,16.1915,32.5182,2.82762,25.1517,12.0064,14.5294,21.2608,30.5552,11.1703,5.45774,36.6717,14.0585,15.4802,13.7077,23.441,22.6689,10.9403,13.5111,38.2733,16.1189,11.5017,29.1443,12.0136,13.3813,13.2842,15.3929,33.4564,7.8782,12.4282,19.4942,24.7487,25.3558,15.0881,20.2005,29.1417,12.1483,15.1508,11.0387,23.021,10.4429,11.8618,6.13046,23.4581,30.2972,16.623,4.85269,20.8489,19.2467,6.65832,19.8809,21.0217,21.9814,18.0219,13.7202,10.8029,15.4624,19.4476,11.9243,18.1088,19.6322,26.9707,15.8482,36.622,24.0133,15.3524,13.5111,14.0934,15.3127,11.8004,14.7845,23.452,7.42563,21.9235,11.4717,
STATS - lpIterations[1] lagIterations[25] sspIterations[826] numSeparations[284] numCuts[0] compileTime[2] sspSolveTime[15] lpSolveTime[0] lb[6886.85] ub[7138.8] numArcs: [2084936] numFixed: [140578] time: [37]
STATS - lpIterations[1] lagIterations[25] sspIterations[826] numSeparations[284] numCuts[0] compileTime[2] sspSolveTime[15] lpSolveTime[0] lb[6895.09] ub[7138.8] numArcs: [2084936] numFixed: [140578] time: [38]
DUALS 39,6895.09,2084819,231103,0,15.7524,11.6217,9.66843,24.0156,25.6336,16.6779,9.76644,17.6917,11.5605,7.99774,32.335,23.8665,6.33644,22.6278,3.07238,33.0555,15.068,32.3158,16.9427,4.44737,17.1989,22.1235,19.3287,13.1431,11.5427,12.3457,20.913,6.54493,12.737,23.1611,15.8229,36.8018,10.1549,9.70775,22.245,8.75528,2.90495,25.9944,16.0101,15.8434,9.70032,17.1067,5.93023,20.1176,15.8189,27.2777,11.5505,26.6465,22.2155,13.1913,27.2529,33.2955,16.7441,17.2993,19.572,15.3201,15.0665,13.3042,18.395,11.0012,23.341,27.2554,28.7816,6.1703,31.9598,9.39546,31.9036,19.0231,21.1255,17.0922,14.6196,13.241,22.8469,16.4596,12.9133,2.41297,33.5041,47.0507,21.2973,14.3608,14.0867,22.3341,5.99929,12.9682,32.3682,7.07267,24.936,0.505006,13.7317,18.9427,8.32283,13.8314,12.8417,26.7885,33.1102,11.2729,9.27822,15.2465,11.1484,5.11855,9.34644,15.7017,21.2404,21.9537,25.8362,6.95952,11.1491,13.2514,22.7579,11.695,24.0916,21.7933,25.4001,11.261,5.71556,26.0051,14.5369,16.8189,21.3687,25.6563,21.8426,14.6848,12.666,12.5004,30.0739,4.65658,34.546,31.2146,12.6343,9.02201,10.1033,21.8435,19.4921,27.86,31.1857,18.4282,21.2443,15.7056,8.22418,18.7658,14.1788,13.2984,13.4517,16.3224,11.0843,26.0042,13.8917,15.1283,11.268,6.57282,17.394,7.87774,12.8028,14.4534,19.3217,29.8321,13.4864,12.7149,13.0655,14.4577,30.1069,23.2082,6.31122,9.28826,14.7279,25.1521,9.50826,22.4439,19.1188,24.0956,12.2046,29.5585,21.7548,24.5665,8.53368,17.2821,47.5038,26.4379,16.8784,12.3506,16.8444,25.0871,13.81,8.93368,10.0377,15.5579,13.991,18.9478,34.3865,15.3956,8.88314,12.1946,14.0411,15.3208,24.7558,12.9004,8.70417,26.1838,13.5141,23.521,34.3543,22.6989,13.601,31.8604,23.3653,12.5111,24.2998,7.46204,8.45774,28.6996,19.6918,14.3427,22.2301,12.2982,25.6317,34.3558,6.05633,12.3634,14.8837,30.8404,21.6414,30.3755,23.0597,5.30347,12.9139,22.546,22.1361,19.8712,21.4004,3.80268,13.1939,12.0473,23.1341,14.7363,30.4943,23.4602,15.5639,22.9758,22.9142,3.2062,0,21.2833,31.6646,15.0065,12.8048,14.8363,12.6082,13.4514,7.78067,14.8665,13.3226,22.5403,15.9814,24.3393,11.8406,42.3233,5.56967,24.8619,34.9481,9.69005,18.6641,18.8648,22.0843,12.4588,12.8391,19.3408,12.1483,15.8073,8.5532,29.6805,25.6065,20.5017,13.551,23.7163,11.6362,15.3992,9.62321,20.3707,20.6725,5.14023,12.5443,22.8057,22.6239,20.2142,24.7958,8.09681,31.8263,19.8354,23.6361,22.3571,32.0655,15.625,21.8716,24.0061,11.4004,22.1141,5.08253,35.4699,17.5305,5.97993,13.0394,20.9589,23.0588,21.6655,22.3913,20.5817,29.7737,15.9739,9.45893,9.6408,0.499244,9.74137,19.3866,14.3555,9.99797,12.149,13.4035,11.2843,13.7161,11.5339,18.5423,24.9105,14.111,29.4161,5.86321,13.3178,17.2847,32.5182,1.73446,25.1517,12.0064,14.5294,21.2608,30.5552,11.1703,5.45774,36.6717,15.1516,15.4802,12.6145,23.441,22.6689,10.9403,11.3248,39.3665,16.1189,11.5017,29.1443,7.64102,14.4745,13.2842,15.3929,32.3632,7.8782,12.4282,19.4942,25.8418,25.3558,15.0881,21.2937,29.1417,13.2414,15.1508,9.9455,23.021,10.4429,10.7686,6.13046,22.365,31.3903,16.623,3.75954,18.6626,20.3398,5.56517,19.8809,21.0217,20.8883,18.0219,13.7202,10.8029,16.5556,20.5408,11.9243,18.1088,19.6322,26.9707,15.8482,37.7151,25.1065,15.3524,11.3248,15.1865,16.4058,11.8004,15.8777,23.452,7.42563,21.9235,11.4717,
STATS - lpIterations[1] lagIterations[26] sspIterations[873] numSeparations[284] numCuts[0] compileTime[2] sspSolveTime[16] lpSolveTime[0] lb[6918.45] ub[7138.8] numArcs: [2084819] numFixed: [231103] time: [40]
DUALS 41,6918.45,2084803,350626,0,14.7913,11.6217,9.66843,23.0545,25.6336,16.1974,10.247,18.1722,12.0411,7.99774,32.8155,24.3471,6.817,22.1472,3.55294,33.536,15.068,32.3158,15.0205,4.92792,17.1989,22.604,19.3287,13.6236,10.101,12.8263,19.9519,5.58382,13.2176,23.1611,14.8618,35.8407,9.67431,10.1883,22.7255,9.23584,3.38551,25.9944,15.049,15.8434,9.70032,16.6261,4.96911,20.1176,15.8189,27.2777,12.0311,26.6465,22.2155,13.1913,26.7723,33.776,15.783,17.7799,17.6497,15.3201,15.0665,13.7847,18.395,10.5207,23.8215,26.7748,28.301,6.65086,30.9987,9.87601,30.4619,19.0231,21.1255,16.6117,15.1002,13.241,22.8469,16.4596,13.3939,2.89353,33.5041,45.6091,21.7779,14.3608,13.6061,22.8147,5.99929,12.9682,32.3682,6.59211,24.936,0.505006,13.7317,17.501,8.80339,13.8314,13.3223,26.7885,33.1102,10.7923,9.27822,15.2465,11.1484,5.59911,9.827,15.7017,21.721,21.9537,25.8362,7.44008,10.6685,12.2903,22.7579,12.1755,24.0916,20.8321,25.8807,11.261,5.71556,25.044,14.5369,16.8189,20.8881,23.2535,21.8426,15.1654,12.666,12.5004,28.6322,4.65658,32.6238,30.2535,12.6343,9.50256,9.62279,22.324,19.0116,27.86,29.744,18.9087,21.2443,14.7445,8.70474,17.3242,14.1788,12.3373,13.4517,16.8029,11.5648,26.4847,13.8917,15.6088,11.7486,6.09226,15.9523,7.87774,12.8028,14.4534,19.3217,29.3516,12.5253,12.7149,13.0655,14.4577,30.1069,23.2082,6.79178,9.76882,15.2084,25.1521,9.98882,22.4439,18.6382,23.1345,11.2435,29.5585,21.7548,24.5665,8.53368,17.2821,47.5038,25.9574,17.3589,12.8311,16.3639,24.6065,13.81,8.93368,10.0377,15.5579,13.991,17.5061,34.3865,14.4345,9.36369,11.2335,12.5994,15.3208,24.7558,11.4587,8.22362,25.2227,13.9947,23.521,32.9126,22.6989,13.601,32.341,23.3653,12.5111,24.2998,7.9426,8.45774,28.219,20.1723,12.901,22.2301,12.2982,25.6317,34.3558,6.05633,12.844,14.4031,31.321,22.122,30.3755,23.5402,5.78403,11.4722,22.546,22.1361,20.3517,21.881,3.80268,11.7522,11.5668,23.1341,14.7363,30.4943,23.9408,15.0834,22.9758,21.9531,2.72564,0.480559,19.3611,30.7035,15.0065,10.402,15.3168,12.6082,12.4903,6.33899,14.8665,13.8031,21.5792,15.5008,24.8198,10.8795,41.8428,6.05023,24.8619,33.0258,8.72893,17.2224,19.3454,22.0843,12.4588,12.8391,19.8213,12.6289,16.2879,9.03376,27.7583,25.6065,20.5017,13.551,22.7552,10.6751,14.4381,10.1038,19.4096,19.2308,5.62079,12.5443,22.8057,22.6239,20.6947,24.7958,8.09681,31.3458,19.3548,23.6361,21.8766,32.546,15.625,21.8716,21.6033,11.881,22.5947,5.56309,34.9893,18.0111,6.46049,13.0394,20.4783,23.5394,21.6655,22.8719,20.5817,29.2931,16.4545,9.45893,9.6408,0.499244,10.2219,18.9061,14.836,9.99797,11.6685,13.884,11.7648,13.7161,11.5339,17.1006,24.43,12.6693,28.9356,6.34377,13.3178,17.2847,32.5182,2.21502,25.1517,12.4869,14.5294,21.2608,30.5552,11.6508,5.45774,36.6717,15.1516,15.9608,13.0951,23.441,22.6689,11.4209,11.8053,39.3665,16.1189,11.5017,29.1443,8.12158,14.4745,13.7647,15.3929,31.8827,7.8782,12.4282,19.9747,26.3224,25.3558,15.5687,21.2937,29.1417,12.2803,15.1508,10.4261,23.021,10.4429,11.2492,6.61101,22.8455,30.4292,16.1425,4.2401,19.1431,20.3398,5.56517,19.8809,21.0217,21.3688,18.5025,13.7202,10.8029,16.075,19.5796,11.9243,18.5894,20.1128,26.4902,15.8482,36.754,25.1065,15.8329,11.8053,14.706,16.4058,11.8004,15.3971,23.452,7.90619,22.404,11.9522,
STATS - lpIterations[1] lagIterations[27] sspIterations[908] numSeparations[284] numCuts[0] compileTime[2] sspSolveTime[16] lpSolveTime[0] lb[6918.65] ub[7138.8] numArcs: [2084803] numFixed: [350626] time: [42]
DUALS 43,6918.65,2084645,355650,0,15.9733,11.6217,9.66843,24.2365,25.6336,17.3794,11.429,16.9902,9.67712,7.99774,33.9975,21.9831,7.99898,22.1472,4.73492,33.536,15.068,32.3158,16.2025,3.74594,17.1989,22.604,19.3287,12.4417,11.283,12.8263,21.1339,4.40183,14.3996,23.1611,16.0438,34.6587,9.67431,11.3703,23.9075,10.4178,2.20353,25.9944,13.867,17.0253,9.70032,16.6261,4.96911,20.1176,15.8189,27.2777,9.66712,26.6465,22.2155,13.1913,27.9543,33.776,15.783,17.7799,18.8317,16.5021,15.0665,14.9667,17.213,10.5207,25.0035,25.5929,28.301,5.46887,30.9987,8.69403,29.28,19.0231,21.1255,17.7937,15.1002,13.241,22.8469,16.4596,14.5759,4.07551,33.5041,46.791,22.9599,15.5428,12.4241,22.8147,5.99929,11.7862,32.3682,6.59211,26.1179,0.505006,13.7317,18.683,9.98538,13.8314,12.1403,26.7885,33.1102,11.9743,10.4602,15.2465,11.1484,4.41713,11.009,15.7017,20.539,20.7717,25.8362,5.07612,10.6685,13.4723,22.7579,13.3575,24.0916,20.8321,24.6987,11.261,4.53358,26.226,14.5369,16.8189,20.8881,24.4355,21.8426,13.9834,13.848,12.5004,29.8142,4.65658,33.8057,31.4355,12.6343,10.6845,9.62279,22.324,17.8296,27.86,28.562,18.9087,21.2443,15.9265,9.88672,18.5061,15.3608,11.1553,13.4517,15.621,10.3829,27.6667,13.8917,15.6088,12.9305,6.09226,17.1343,7.87774,12.8028,14.4534,19.3217,28.1696,13.7072,12.7149,13.0655,14.4577,30.1069,23.2082,5.6098,9.76882,15.2084,25.1521,9.98882,21.262,19.8202,24.3165,12.4255,30.7405,21.7548,24.5665,8.53368,17.2821,47.5038,27.1394,17.3589,12.8311,17.5459,25.7885,14.992,8.93368,10.0377,15.5579,13.991,18.6881,34.3865,15.6165,10.5457,12.4155,13.7814,15.3208,24.7558,12.6407,7.04163,24.0407,13.9947,23.521,34.0946,22.6989,13.601,31.159,22.1834,12.5111,24.2998,6.76062,8.45774,27.037,18.9903,14.083,22.2301,12.2982,25.6317,34.3558,6.05633,14.026,13.2211,30.139,23.304,30.3755,24.7222,5.78403,12.6542,22.546,20.9541,21.5337,20.699,3.80268,12.9342,11.5668,23.1341,14.7363,30.4943,25.1227,16.2654,22.9758,23.1351,3.90762,0.480559,20.5431,31.8855,15.0065,11.5839,14.1349,12.6082,13.6723,6.33899,14.8665,11.4392,22.7612,14.3189,24.8198,10.8795,40.6608,7.23221,24.8619,34.2078,8.72893,17.2224,18.1634,22.0843,11.2768,12.8391,19.8213,12.6289,17.4699,7.85178,28.9403,25.6065,20.5017,13.551,23.9372,11.8571,12.0742,8.92178,20.5916,20.4128,6.80277,12.5443,22.8057,21.442,21.8767,24.7958,8.09681,32.5278,20.5368,22.4541,23.0585,32.546,15.625,21.8716,22.7853,10.699,22.5947,3.19913,36.1713,15.6471,7.64247,13.0394,21.6603,22.3574,21.6655,20.5079,20.5817,26.9292,17.6365,9.45893,9.6408,0.499244,9.03995,17.7241,14.836,11.18,9.30452,13.884,10.5829,13.7161,11.5339,18.2826,24.43,13.8513,28.9356,5.16178,13.3178,18.4667,32.5182,1.03304,25.1517,11.305,14.5294,21.2608,30.5552,11.6508,5.45774,36.6717,15.1516,14.7788,13.0951,23.441,22.6689,10.2389,12.9873,39.3665,16.1189,11.5017,29.1443,9.30356,14.4745,14.9467,15.3929,33.0647,7.8782,12.4282,21.1567,26.3224,25.3558,15.5687,21.2937,29.1417,13.4623,16.3328,10.4261,23.021,10.4429,11.2492,5.42903,24.0275,31.6112,16.1425,5.42208,19.1431,19.1578,6.74715,19.8809,21.0217,21.3688,17.3205,13.7202,10.8029,14.8931,19.5796,11.9243,18.5894,20.1128,27.6722,15.8482,37.936,25.1065,15.8329,12.9873,15.8879,16.4058,11.8004,13.0331,23.452,6.72421,22.404,10.7702,
DUALS 45,6918.65,2084616,355650,0,15.9733,11.6217,9.66843,23.3044,25.6336,16.4473,10.8076,17.3009,9.98781,8.30843,33.6868,22.2938,7.37761,21.5259,4.11355,33.536,15.068,32.3158,16.5132,4.05663,17.5096,22.604,19.3287,12.7523,9.72957,11.5836,19.2698,4.71252,14.0889,23.1611,15.1117,34.9694,9.67431,11.0596,23.5968,10.7285,2.51421,26.3051,14.1777,15.7826,9.70032,16.6261,4.96911,20.1176,16.1296,27.2777,9.97781,26.6465,22.2155,12.8807,27.9543,33.776,15.783,18.0906,19.1424,16.5021,15.0665,13.1026,17.5237,10.5207,24.3821,25.9035,27.9903,5.77956,31.3094,9.00472,29.5907,18.4018,21.1255,16.8616,15.1002,13.5517,22.8469,15.8383,13.3331,3.45414,32.8828,46.4804,23.2705,14.3001,12.7348,22.8147,5.99929,11.7862,32.3682,6.59211,25.1859,0.505006,13.7317,18.9937,9.67469,13.8314,12.451,26.7885,33.1102,11.0423,10.1495,15.2465,11.1484,4.72781,10.3876,15.7017,20.8497,21.0824,25.8362,5.3868,9.42579,11.9189,21.8258,13.0468,24.4023,21.1428,24.6987,11.261,4.53358,26.226,14.8476,17.1296,21.1988,24.7462,21.532,14.2941,12.916,12.5004,29.5035,4.65658,33.8057,29.2607,12.6343,10.0632,9.31211,22.324,18.1403,26.3066,28.562,18.9087,21.2443,14.9944,9.88672,18.8168,15.0501,11.466,13.4517,15.9316,10.6936,27.9774,13.8917,15.6088,12.3092,5.78158,17.1343,8.18843,12.8028,14.7641,19.3217,28.4803,12.7752,13.0256,13.0655,14.4577,29.7962,23.5189,5.92049,9.76882,15.5191,25.1521,9.98882,21.5726,19.5095,23.3844,10.872,28.8764,21.4441,24.5665,8.53368,17.2821,47.5038,26.2073,17.6696,13.1418,17.5459,24.5457,13.7493,8.93368,10.3484,15.5579,14.3017,18.3774,34.3865,14.6844,10.8564,10.5513,14.0921,15.6315,24.7558,12.9514,7.35232,24.0407,13.9947,23.8317,32.5411,23.0096,13.9117,31.4697,22.494,12.5111,24.6105,7.07131,8.76843,27.3477,18.9903,13.7723,21.6088,12.6089,25.6317,34.3558,6.36702,13.7153,13.5318,30.4497,21.7505,30.3755,24.4115,5.78403,12.3435,21.614,21.2648,20.6017,21.0097,4.11337,12.6235,11.8774,22.8235,14.7363,30.4943,24.5014,15.9547,22.9758,20.9603,2.66488,0,20.8537,29.7107,15.0065,11.5839,14.4455,12.9189,12.1189,6.64968,14.8665,11.7499,22.1398,14.3189,24.8198,10.8795,40.9715,6.30016,24.8619,34.2078,8.41825,16.9117,18.4741,22.0843,11.5875,12.8391,20.132,12.6289,17.7805,8.16247,29.251,25.6065,20.5017,13.8617,23.0052,10.925,12.3848,9.23247,20.5916,20.7234,7.11346,12.5443,21.563,21.7526,20.0126,24.7958,8.09681,31.5957,19.9154,22.7648,22.4372,32.546,15.0036,21.8716,23.096,11.0097,22.5947,3.50981,35.5499,15.9578,6.39973,13.0394,21.3496,22.6681,21.6655,20.8186,20.5817,27.2399,17.9472,9.76962,9.95148,0.188559,9.35064,17.7241,14.836,9.62653,9.6152,13.884,10.8936,13.7161,11.8446,18.5933,24.43,13.5406,29.2463,5.47247,13.6285,17.5346,32.5182,1.34373,25.1517,11.6157,14.5294,21.5715,30.5552,11.6508,5.76843,36.6717,15.4623,15.0895,13.0951,23.7517,22.9796,10.5496,12.9873,39.3665,16.4296,11.5017,29.1443,9.61424,13.2317,13.0826,14.1502,31.8219,7.56751,12.7389,19.2926,26.0117,25.3558,15.5687,21.2937,29.1417,11.9089,16.6435,10.4261,23.3317,10.4429,11.2492,5.73972,23.7168,30.6791,16.4532,5.1114,19.1431,19.4685,6.43646,19.8809,21.0217,21.3688,17.6312,13.7202,11.1136,15.2037,19.269,11.9243,18.5894,20.4235,27.3615,15.8482,37.936,25.1065,15.8329,13.298,15.5772,15.7845,11.8004,13.3438,23.452,7.0349,22.404,11.0809,
DUALS 47,6918.65,2084517,355650,0,14.6777,11.6217,9.66843,23.3044,25.6336,16.4473,10.8076,18.5965,11.2834,8.30843,33.6868,23.5894,6.08202,22.8214,4.11355,32.2404,16.3635,32.3158,16.5132,5.35221,17.5096,22.604,20.6243,14.0479,11.0252,12.8791,20.5654,3.41694,12.7933,20.5699,16.4073,36.265,9.67431,9.76402,23.5968,10.7285,3.80979,27.6007,15.4733,17.0782,9.70032,16.6261,6.26469,20.1176,16.1296,27.2777,11.2734,26.6465,22.2155,14.1762,27.9543,33.776,15.783,19.3862,19.1424,16.5021,15.0665,14.3982,18.8193,10.5207,24.3821,27.1991,27.9903,7.07514,32.605,10.3003,30.8862,19.6974,21.1255,18.1572,15.1002,13.5517,22.8469,17.1338,14.6287,3.45414,34.1784,46.4804,21.975,15.5956,14.0304,22.8147,5.99929,13.0818,29.777,6.59211,25.1859,0.505006,13.7317,18.9937,9.67469,13.8314,13.7466,28.084,31.8146,12.3378,10.1495,15.2465,11.1484,6.0234,10.3876,15.7017,22.1452,22.378,25.8362,6.68239,9.42579,13.2144,23.1214,13.0468,25.6979,21.1428,24.6987,11.261,5.82916,24.9304,16.1432,17.1296,21.1988,24.7462,22.8275,15.5896,14.2115,12.5004,29.5035,5.95217,32.5102,30.5562,12.6343,10.0632,10.6077,22.324,19.4359,26.3066,28.562,18.9087,21.2443,14.9944,9.88672,18.8168,15.0501,12.7616,13.4517,17.2272,11.9891,26.6818,13.8917,15.6088,11.0136,5.78158,17.1343,8.18843,12.8028,14.7641,19.3217,29.7759,10.184,14.3211,13.0655,14.4577,31.0918,24.8145,5.92049,9.76882,14.2235,25.1521,9.98882,22.8682,18.214,23.3844,12.1676,30.172,22.7397,24.5665,8.53368,17.2821,44.9127,26.2073,18.9652,14.4374,16.2503,24.5457,15.0448,8.93368,10.3484,15.5579,14.3017,18.3774,34.3865,14.6844,9.56078,11.8469,14.0921,16.9271,24.7558,12.9514,8.6479,25.3363,13.9947,23.8317,33.8367,23.0096,13.9117,32.7652,23.7896,12.5111,24.6105,8.36689,8.76843,28.6433,18.9903,9.88553,22.9044,13.9045,25.6317,34.3558,6.36702,13.7153,14.8274,31.7452,23.0461,30.3755,24.4115,4.48845,12.3435,22.9096,22.5604,21.8973,22.3052,5.40895,12.6235,11.8774,24.119,14.7363,30.4943,24.5014,14.6591,22.9758,22.2558,1.36929,0,19.5582,31.0062,15.0065,10.2884,15.7411,14.2145,13.4144,5.35409,14.8665,13.0455,22.1398,15.6144,24.8198,12.1751,42.2671,6.30016,24.8619,32.9122,9.71383,18.2073,19.7697,22.0843,12.883,12.8391,20.132,12.6289,16.485,9.45805,29.251,25.6065,20.5017,13.8617,23.0052,10.925,13.6804,10.5281,20.5916,20.7234,7.11346,12.5443,22.8586,23.0482,21.3082,24.7958,8.09681,32.8913,21.211,24.0604,22.4372,31.2504,16.2992,21.8716,23.096,12.3052,22.5947,4.8054,35.5499,17.2534,7.69531,13.0394,22.6452,23.9637,21.6655,22.1142,20.5817,28.5355,16.6516,9.76962,9.95148,0,10.6462,17.7241,13.5404,10.9221,10.9108,13.884,12.1891,15.0117,13.1402,18.5933,25.7255,13.5406,30.5419,6.76805,14.924,17.5346,29.927,1.34373,25.1517,12.9112,14.5294,22.8671,30.5552,11.6508,5.76843,36.6717,16.7579,13.7939,13.0951,23.7517,22.9796,11.8452,12.9873,39.3665,16.4296,11.5017,29.1443,10.9098,14.5273,14.3782,15.4457,31.8219,7.56751,14.0345,20.5882,27.3073,25.3558,15.5687,21.2937,29.1417,13.2044,17.9391,10.4261,23.3317,10.4429,11.2492,7.0353,23.7168,30.6791,17.7488,5.1114,19.1431,20.7641,5.14088,19.8809,21.0217,21.3688,18.9268,13.7202,11.1136,16.4993,20.5645,11.9243,18.5894,21.7191,27.3615,15.8482,36.6404,25.1065,15.8329,13.298,14.2817,17.08,11.8004,14.6394,23.452,8.33048,22.404,12.3765,
STATS - lpIterations[1] lagIterations[30] sspIterations[1043] numSeparations[284] numCuts[0] compileTime[2] sspSolveTime[20] lpSolveTime[0] lb[6940.11] ub[7138.8] numArcs: [2084517] numFixed: [355650] time: [48]
DUALS 49,6940.11,2121693,528419,0,15.0216,11.9655,10.0123,23.6482,25.6336,16.1035,11.1515,18.5965,11.6272,8.30843,33.6868,23.9332,6.42587,22.4776,4.45739,32.5843,15.6758,32.3158,16.5132,4.66452,17.8535,22.9479,20.6243,13.3602,8.96208,12.5353,19.5338,3.76078,13.1371,20.9138,15.3757,36.265,9.67431,9.42018,23.5968,11.0724,3.1221,26.913,15.8172,16.7343,9.35647,16.6261,5.577,20.1176,16.4735,27.2777,11.6172,26.3026,22.2155,13.4885,28.2981,34.1199,15.783,19.0423,19.1424,16.846,14.7226,14.742,19.1631,10.8645,24.3821,27.1991,27.3026,6.7313,32.605,9.61261,30.1985,19.3535,21.4694,17.4695,15.444,13.5517,22.8469,16.79,13.941,3.45414,33.8345,46.1365,22.3188,15.5956,13.3427,23.1585,6.34313,12.0502,30.1209,6.59211,24.1543,0.505006,13.7317,18.6498,10.0185,13.8314,13.0589,27.7402,32.1584,11.6502,10.1495,14.9026,11.4923,5.67955,10.7315,15.7017,21.4576,21.0026,25.8362,5.99469,9.42579,11.8391,22.7776,13.0468,24.6663,20.4551,25.0426,11.261,5.48532,25.2742,14.4239,17.4735,21.1988,24.4023,22.1398,14.9019,13.8677,12.8442,29.1597,5.95217,32.854,29.1808,12.6343,10.407,9.92,22.6679,19.092,26.6504,28.2182,19.2526,21.2443,15.3382,9.88672,18.473,15.394,11.73,13.4517,16.8834,11.6453,27.0256,13.8917,15.6088,11.3574,5.78158,17.4782,8.18843,12.8028,14.7641,19.6655,29.432,10.5279,12.6019,13.4094,14.4577,30.4041,23.0953,5.57664,9.76882,14.2235,25.1521,9.98882,21.149,18.5578,23.7282,10.7922,29.4843,22.052,24.2226,8.87753,17.2821,45.2565,25.8635,18.2775,13.7497,16.5941,24.5457,14.701,9.27753,10.3484,15.5579,14.3017,18.0335,34.0426,15.0282,9.90463,10.8154,14.0921,16.2394,24.7558,12.6075,8.30406,25.3363,14.3385,23.8317,32.1175,23.3535,13.9117,32.0776,23.4458,12.8549,24.6105,8.02304,8.76843,28.2995,19.3342,10.2294,22.5605,12.1853,25.6317,34.3558,6.36702,13.7153,15.1712,31.0576,23.39,30.7194,24.4115,4.1446,11.9997,22.5657,21.185,21.2096,21.6176,4.72126,12.2797,12.2213,23.4313,14.3924,30.4943,24.5014,15.0029,22.9758,20.8805,1.36929,0.343846,19.5582,29.6308,14.6626,10.6322,15.0534,12.4953,12.0391,5.69794,14.5226,12.7016,22.4837,15.9583,25.1637,11.8312,41.9232,6.644,24.8619,32.9122,9.02614,17.5196,19.7697,22.0843,11.5077,13.183,19.7882,12.6289,16.8288,9.1142,29.251,25.2626,20.8455,13.8617,23.349,11.2689,13.3366,9.84036,20.5916,20.3796,7.4573,12.5443,22.5147,21.329,21.652,24.7958,8.09681,31.8597,20.8672,22.3411,22.4372,31.5943,16.2992,22.2154,22.7522,11.6176,22.9385,4.46155,34.5184,17.5972,8.03915,13.0394,21.6137,23.276,22.0094,22.458,20.9255,27.8478,16.9954,10.1135,9.95148,0.343846,9.95853,17.7241,13.8843,11.266,10.5669,14.2279,11.8453,14.324,12.1087,18.2494,25.3817,13.5406,30.198,6.08036,13.2048,17.1908,30.2709,1.34373,25.1517,12.2235,14.5294,22.1794,30.5552,11.6508,5.76843,36.6717,16.414,13.7939,13.0951,23.7517,23.3235,11.5013,13.3311,39.0226,16.7735,11.8455,29.1443,11.2537,14.1835,14.722,15.1019,31.1342,7.91136,12.3153,20.932,26.9635,25.3558,15.9125,21.2937,29.4855,11.8291,17.2514,10.4261,23.3317,10.4429,11.2492,6.34761,23.7168,31.023,17.0611,5.1114,19.1431,20.7641,5.14088,20.2248,21.3655,21.3688,18.2391,14.064,11.4575,16.1555,19.8769,11.9243,18.9332,21.0314,27.0176,15.8482,36.9842,24.7626,15.8329,13.6418,14.2817,16.7362,12.1442,14.9833,23.452,7.64279,22.7479,12.3765,
STATS - lpIterations[1] lagIterations[31] sspIterations[1079] numSeparations[373] numCuts[0] compileTime[2] sspSolveTime[20] lpSolveTime[0] lb[6949.93] ub[7138.8] numArcs: [2121693] numFixed: [528419] time: [49]
STATS - lpIterations[1] lagIterations[31] sspIterations[1079] numSeparations[373] numCuts[0] compileTime[2] sspSolveTime[20] lpSolveTime[0] lb[6951.08] ub[7138.8] numArcs: [2121693] numFixed: [528419] time: [50]
DUALS 51,6951.08,2121629,629284,0,15.9932,11.9655,10.0123,23.6482,25.6336,16.1035,11.1515,18.5965,11.6272,8.30843,33.6868,22.9616,6.42587,21.5059,4.45739,32.5843,15.6758,32.3158,17.4848,5.63618,17.8535,22.9479,20.6243,14.3319,9.93374,10.592,20.5055,4.73245,14.1088,21.8855,16.3474,36.265,9.67431,9.42018,23.5968,11.0724,4.09377,27.8847,16.7888,14.791,9.35647,15.6544,5.577,20.1176,16.4735,27.2777,11.6172,27.2743,23.1871,13.4885,29.2698,34.1199,15.783,19.0423,20.1141,16.846,15.6943,11.827,17.2198,10.8645,24.3821,27.1991,27.3026,6.7313,33.5766,10.5843,30.1985,18.3818,20.4977,18.4412,14.4724,13.5517,23.8185,15.8183,11.9977,3.45414,32.8628,46.1365,23.2905,13.6523,13.3427,23.1585,6.34313,12.0502,31.0925,6.59211,25.126,0.505006,13.7317,18.6498,8.07521,13.8314,14.0305,27.7402,33.1301,12.6218,10.1495,15.8743,11.4923,5.67955,10.7315,14.7301,22.4292,21.9743,25.8362,5.99469,8.45413,12.8107,20.8342,13.0468,24.6663,21.4268,23.0992,11.261,6.45698,26.2459,15.3956,17.4735,21.1988,25.374,22.1398,15.8736,12.896,12.8442,29.1597,5.95217,33.8257,30.1525,12.6343,8.46369,9.92,22.6679,19.092,25.6787,28.2182,19.2526,21.2443,15.3382,9.88672,18.473,15.394,10.7584,13.4517,17.855,11.6453,27.9973,13.8917,15.6088,11.3574,4.80991,16.5065,8.18843,12.8028,13.7924,19.6655,29.432,11.4995,13.5736,12.4377,14.4577,30.4041,24.0669,4.60497,9.76882,14.2235,25.1521,9.98882,22.1207,19.5295,23.7282,11.7639,27.541,22.052,25.1943,8.87753,17.2821,46.2282,25.8635,18.2775,13.7497,17.5658,24.5457,12.7577,9.27753,10.3484,15.5579,14.3017,18.0335,35.0143,15.0282,9.90463,11.787,15.0637,16.2394,24.7558,12.6075,8.30406,25.3363,14.3385,23.8317,33.0891,23.3535,13.9117,33.0492,22.4741,12.8549,24.6105,8.02304,8.76843,27.3278,17.3909,11.201,22.5605,13.1569,25.6317,34.3558,6.36702,13.7153,15.1712,32.0292,20.475,29.7477,24.4115,4.1446,11.9997,20.6224,22.1567,19.2662,22.5892,3.74959,12.2797,12.2213,23.4313,15.3641,30.4943,24.5014,15.9746,22.9758,21.8521,0.39763,0,20.5298,30.6025,15.6343,11.6039,15.0534,13.4669,13.0107,5.69794,15.4943,12.7016,22.4837,14.015,25.1637,12.8029,40.9516,6.644,24.8619,33.8839,9.02614,17.5196,19.7697,22.0843,12.4793,14.1546,19.7882,12.6289,17.8005,9.1142,28.2793,26.2343,20.8455,13.8617,23.349,11.2689,12.3649,10.812,20.5916,20.3796,7.4573,12.5443,20.5714,22.3007,18.737,24.7958,8.09681,32.8314,20.8672,23.3128,22.4372,31.5943,16.2992,22.2154,22.7522,12.5892,22.9385,4.46155,35.4901,17.5972,8.03915,13.0394,22.5854,24.2476,21.0377,22.458,20.9255,28.8194,16.9954,10.1135,10.9231,0.343846,9.95853,17.7241,13.8843,10.2943,9.59527,14.2279,11.8453,14.324,13.0803,18.2494,25.3817,13.5406,30.198,7.05202,14.1765,17.1908,31.2425,0.372062,25.1517,13.1952,14.5294,23.151,30.5552,11.6508,5.76843,36.6717,15.4424,14.7655,13.0951,23.7517,23.3235,11.5013,11.3878,39.9943,16.7735,11.8455,29.1443,10.282,12.2401,11.807,13.1586,32.1059,7.91136,13.2869,18.017,25.9918,25.3558,15.9125,20.322,29.4855,12.8007,17.2514,10.4261,23.3317,10.4429,11.2492,7.31927,23.7168,31.023,18.0327,2.1964,19.1431,20.7641,5.14088,20.2248,21.3655,21.3688,18.2391,15.0357,11.4575,15.1838,19.8769,11.9243,18.9332,21.0314,27.0176,15.8482,37.9559,25.7343,15.8329,13.6418,15.2533,15.7645,12.1442,15.9549,23.452,8.61445,22.7479,12.3765,
DUALS 54,6951.08,2121568,629284,0,15.1595,11.9655,10.0123,23.6482,25.6336,16.9372,11.1515,17.7628,12.461,8.30843,33.6868,23.7953,6.42587,22.3397,4.45739,32.5843,15.6758,32.3158,17.4848,3.96869,17.8535,22.9479,20.6243,12.6644,9.93374,11.4257,20.5055,5.5662,14.9426,21.8855,16.3474,35.4313,9.67431,9.42018,23.5968,11.9061,2.42627,26.2172,15.9551,15.6247,8.52272,15.6544,4.74325,20.1176,16.4735,27.2777,12.451,26.4406,22.3534,13.4885,28.4361,34.1199,14.9492,19.0423,20.1141,16.846,14.8606,12.6608,18.0535,10.0308,24.3821,26.3654,27.3026,7.56504,31.9091,8.91678,27.6973,19.2156,21.3315,18.4412,15.3061,13.5517,23.8185,16.6521,12.8314,3.45414,33.6966,46.1365,22.4567,13.6523,13.3427,22.3248,5.50939,12.0502,31.0925,5.75836,24.2923,0,13.7317,19.4836,8.90895,13.8314,12.363,27.7402,33.1301,11.7881,10.1495,15.0406,11.4923,6.5133,10.7315,15.5638,19.928,21.1405,25.8362,6.82844,9.28787,12.8107,21.668,13.0468,23.8326,22.2606,23.933,11.261,5.62324,25.4122,14.5619,17.4735,21.1988,26.2077,22.1398,13.3724,13.7298,12.8442,29.9934,5.95217,32.1582,30.1525,12.6343,9.29744,9.92,22.6679,19.9258,26.5125,29.0519,19.2526,21.2443,15.3382,9.88672,19.3067,15.394,9.92461,13.4517,16.1876,12.479,27.1636,13.8917,15.6088,11.3574,4.80991,16.5065,8.18843,12.8028,13.7924,19.6655,30.2658,12.3333,12.7398,13.2715,14.4577,29.5703,23.2332,5.43872,9.76882,14.2235,25.1521,9.98882,21.2869,20.3632,23.7282,11.7639,28.3747,22.052,24.3606,8.87753,17.2821,46.2282,26.6972,18.2775,13.7497,17.5658,24.5457,13.5914,9.27753,10.3484,15.5579,14.3017,18.8673,34.1806,15.0282,10.7384,11.787,15.0637,15.4056,24.7558,13.4413,8.30406,26.17,13.5048,23.8317,32.2554,23.3535,13.9117,30.548,23.3079,12.8549,24.6105,8.85679,8.76843,28.1616,18.2246,12.0348,22.5605,12.3232,25.6317,34.3558,6.36702,13.7153,16.005,29.528,21.3087,30.5815,24.4115,3.31086,12.8334,21.4561,21.3229,20.1,20.088,2.91585,13.1134,12.2213,23.4313,14.5303,30.4943,24.5014,16.8084,22.9758,21.8521,0.39763,0,18.0286,30.6025,14.8006,8.26888,15.0534,12.6332,13.0107,6.53169,14.6606,13.5354,22.4837,14.8487,24.3299,13.6366,41.7853,6.644,24.8619,31.3826,8.19239,17.5196,17.2684,22.0843,9.14433,14.1546,18.1207,12.6289,16.9667,9.94795,28.2793,25.4006,20.8455,13.8617,23.349,11.2689,12.3649,9.14453,20.5916,21.2133,8.29105,12.5443,21.4051,21.4669,19.5708,24.7958,8.09681,32.8314,21.7009,22.4791,22.4372,31.5943,16.2992,21.3817,23.5859,10.088,22.1048,4.46155,34.6563,18.431,8.03915,13.0394,21.7516,22.5802,21.8715,23.2918,20.9255,27.1519,15.3279,10.1135,10.9231,0,9.95853,16.0566,13.8843,11.128,10.429,14.2279,12.679,13.4903,12.2466,19.0832,25.3817,14.3744,31.0318,5.38453,13.3427,18.0245,31.2425,0.372062,25.1517,11.5277,14.5294,21.4836,30.5552,10.8171,5.76843,36.6717,16.2761,13.9318,13.0951,23.7517,23.3235,12.3351,12.2216,39.1606,16.7735,11.8455,29.1443,11.1158,13.0739,12.6408,13.9923,29.6046,7.91136,12.4532,18.8508,26.8255,25.3558,15.9125,21.1557,29.4855,12.8007,16.4176,10.4261,23.3317,10.4429,11.2492,5.65178,23.7168,31.023,16.3652,3.03015,19.1431,19.9303,5.14088,20.2248,21.3655,21.3688,18.2391,15.0357,11.4575,16.0176,19.8769,11.9243,18.9332,21.0314,27.0176,15.8482,37.1222,24.9006,15.8329,14.4756,16.0871,16.5983,12.1442,14.2874,23.452,6.94696,22.7479,11.5428,
DUALS 55,6951.08,2121519,629284,0,15.9643,11.9655,10.0123,23.6482,25.6336,14.5229,11.9562,18.5675,11.6562,8.30843,33.6868,22.9906,7.23064,19.9253,4.45739,32.5843,16.4806,32.3158,15.8753,4.77346,17.8535,22.9479,20.6243,13.4692,10.7385,12.2305,19.7007,3.15187,12.5282,21.8855,15.5426,36.236,9.67431,10.225,23.5968,12.7109,3.23105,27.022,16.7599,16.4295,8.52272,15.6544,5.54803,20.1176,16.4735,27.2777,11.6462,26.4406,23.1582,13.4885,29.2408,34.1199,14.9492,19.8471,18.5045,16.846,14.8606,13.4655,18.8583,10.8355,24.3821,27.1702,26.4979,6.76027,32.7139,9.72155,28.5021,17.606,21.3315,19.2459,16.1109,13.5517,23.8185,15.0425,13.6362,3.45414,32.087,46.1365,23.2615,13.6523,13.3427,23.1295,5.50939,12.0502,31.0925,5.75836,25.097,0.804775,13.7317,18.6788,9.71373,14.6362,13.1678,27.7402,33.1301,12.5928,10.1495,15.0406,11.4923,5.70852,11.5362,15.5638,20.7328,21.9453,25.8362,5.21889,9.28787,12.006,22.4727,13.0468,24.6374,21.4558,23.933,11.261,6.42801,26.2169,15.3666,17.4735,21.1988,23.7934,21.3351,14.1771,14.5346,12.8442,29.9934,5.95217,32.9629,29.3477,12.6343,10.1022,8.31045,22.6679,19.9258,26.5125,27.4424,19.2526,21.2443,15.3382,10.6915,18.502,15.394,10.7294,13.4517,16.9923,11.6743,27.9683,13.8917,15.6088,12.1622,4.80991,15.7017,8.18843,12.8028,13.7924,19.6655,30.2658,10.7237,13.5446,13.2715,14.4577,28.7656,24.038,3.82917,9.76882,15.0283,25.1521,9.98882,22.0917,18.7537,23.7282,10.9591,29.1795,21.2472,24.3606,8.87753,17.2821,46.2282,24.2829,19.0823,14.5545,18.3706,24.5457,14.3962,9.27753,10.3484,15.5579,14.3017,18.8673,34.1806,15.0282,11.5431,10.9823,13.4542,16.2104,24.7558,12.6365,8.30406,25.3653,14.3095,23.8317,33.0602,23.3535,13.9117,31.3528,23.3079,12.8549,24.6105,8.05201,8.76843,28.1616,19.0294,10.4252,21.7557,13.128,25.6317,34.3558,6.36702,13.7153,12.7859,30.3328,22.1135,30.5815,24.4115,4.11563,12.8334,22.2609,22.1277,20.9048,20.8928,3.72062,13.1134,12.2213,22.6266,14.5303,30.4943,24.5014,15.1988,22.9758,21.0473,0.39763,0,18.8334,29.7977,14.8006,9.07366,15.8582,13.438,12.206,3.31259,14.6606,14.3401,22.4837,14.8487,25.1347,11.2223,40.1758,7.44878,24.8619,32.1874,8.99717,15.9101,18.0732,22.0843,9.9491,14.1546,18.9255,12.6289,17.7715,9.14318,26.6698,25.4006,20.8455,13.8617,23.349,11.2689,13.1697,9.9493,20.5916,20.4086,9.09583,12.5443,22.2099,22.2717,20.3755,24.7958,8.09681,32.0266,19.2866,23.2838,22.4372,31.5943,17.104,22.1864,21.1716,10.8928,22.9095,5.26633,35.4611,17.6262,8.84393,13.0394,22.5564,23.3849,21.8715,20.0727,20.9255,27.9567,16.1327,10.1135,11.7279,0.804775,10.7633,16.8614,13.8843,11.9328,11.2338,14.2279,11.8743,14.2951,13.0514,18.2784,24.5769,14.3744,31.0318,6.1893,14.1475,15.6102,31.2425,0.372062,25.1517,12.3325,14.5294,22.2883,30.5552,11.6219,5.76843,36.6717,16.2761,14.7366,13.0951,23.7517,23.3235,11.5303,13.0263,39.1606,16.7735,11.8455,29.1443,11.9205,13.8787,13.4455,14.7971,30.4094,7.91136,13.258,19.6555,26.0208,25.3558,16.7173,21.1557,29.4855,11.996,17.2224,10.4261,23.3317,10.4429,11.2492,6.45655,23.7168,31.023,17.17,3.03015,19.1431,20.7351,5.14088,20.2248,21.3655,21.3688,19.0439,15.0357,11.4575,16.8223,19.8769,11.9243,19.738,21.8361,27.0176,15.8482,37.9269,24.9006,15.8329,15.2803,16.0871,14.9887,12.1442,15.0922,23.452,7.75173,22.7479,12.3475,
DUALS 57,6951.08,2121490,629284,0,15.9643,11.9655,10.0123,23.6482,25.6336,15.22,10.5619,19.2647,12.3534,9.00558,33.6868,23.6877,5.83634,20.6225,3.06308,32.5843,16.4806,32.3158,16.5724,4.07631,17.8535,22.2507,20.6243,14.1663,10.7385,12.9276,20.3979,3.84903,13.2254,21.8855,16.2398,36.9332,10.3715,10.225,23.5968,10.6194,2.53389,27.022,17.457,17.1267,8.52272,16.3516,5.54803,20.1176,16.4735,27.2777,12.3434,26.4406,22.461,14.1857,29.2408,34.1199,14.9492,19.1499,19.2017,16.846,14.8606,14.1627,18.8583,10.8355,24.3821,27.8673,27.195,7.45742,33.4111,9.0244,29.1992,18.3032,21.3315,17.8516,16.1109,13.5517,23.8185,15.7397,13.6362,2.05983,32.7842,45.4394,23.9586,14.3495,11.9484,23.1295,5.50939,10.6559,31.0925,5.75836,23.7027,0.804775,13.7317,19.376,7.62226,14.6362,13.865,27.7402,32.4329,11.8957,9.45236,15.0406,11.4923,6.40568,10.1419,15.5638,21.4299,20.551,25.8362,5.91605,9.98503,12.7031,23.1699,13.0468,24.6374,22.1529,23.933,11.261,5.73086,26.2169,13.9723,17.4735,21.1988,24.4906,22.0322,14.8743,14.5346,12.8442,29.2963,5.95217,32.9629,30.0449,12.6343,8.7079,9.0076,21.9707,19.2286,27.2096,28.1395,19.2526,21.2443,15.3382,9.99434,19.1991,15.394,10.0322,13.4517,17.6895,12.3714,28.6655,13.8917,15.6088,10.7679,4.11276,16.3989,8.88558,12.8028,13.7924,19.6655,30.2658,11.4209,12.1503,13.2715,14.4577,29.4627,22.6436,4.52633,9.76882,15.0283,25.1521,9.98882,20.6974,19.4508,23.7282,11.6563,29.8766,21.9443,24.3606,8.87753,17.2821,45.531,24.98,17.688,13.1602,18.3706,24.5457,15.0933,9.27753,11.0456,15.5579,14.3017,18.1701,34.1806,15.0282,8.75453,11.6794,14.1514,16.2104,24.7558,13.3337,6.90975,26.0624,14.3095,23.8317,32.363,23.3535,13.9117,32.0499,22.6107,12.8549,24.6105,8.74917,9.46558,27.4644,19.0294,11.1224,22.4529,11.7336,25.6317,34.3558,6.36702,13.7153,13.483,31.0299,22.8106,30.5815,24.4115,3.41848,12.1363,22.2609,20.7334,20.9048,21.5899,3.72062,12.4163,12.9184,23.3237,14.5303,30.4943,24.5014,15.896,22.9758,21.7445,0.39763,0,19.5305,30.4949,14.8006,9.07366,14.4639,12.0436,12.9031,4.00974,14.6606,12.9458,22.4837,14.8487,25.1347,11.9195,39.4786,6.05447,24.8619,32.1874,9.69432,16.6072,18.7704,22.0843,10.6463,14.1546,18.9255,12.6289,18.4686,9.84033,27.3669,25.4006,20.8455,13.8617,23.349,11.2689,11.7754,9.25215,20.5916,21.1057,7.00436,12.5443,22.9071,20.8774,21.0727,24.7958,8.09681,32.7238,19.9837,21.8895,22.4372,31.5943,17.104,22.1864,21.8687,11.5899,22.9095,5.26633,34.0668,18.3234,6.05531,12.3423,21.1621,24.0821,21.8715,20.7698,20.9255,28.6539,16.8299,10.1135,11.7279,0,9.36899,16.8614,13.8843,12.63,9.83949,14.2279,12.5714,14.9922,12.3542,18.9756,24.5769,13.6772,30.3346,5.49215,12.7532,16.3074,31.2425,0.372062,25.1517,11.6353,14.5294,22.2883,30.5552,11.6219,6.46558,36.6717,15.579,15.4337,13.0951,23.7517,23.3235,12.2275,10.9349,39.1606,16.7735,11.8455,29.1443,8.43476,14.5758,14.1427,15.4942,29.0151,7.91136,11.8636,20.3527,26.7179,25.3558,16.7173,21.8529,29.4855,12.6931,17.2224,10.4261,23.3317,10.4429,11.2492,5.7594,23.7168,31.023,17.17,1.63584,19.1431,21.4323,4.44373,20.2248,21.3655,21.3688,17.6495,15.0357,11.4575,16.1252,20.574,11.9243,19.738,20.4418,26.3205,15.8482,37.9269,24.9006,15.8329,13.1889,16.7842,15.6859,12.1442,15.7894,23.452,7.05458,22.0507,13.0447,
DUALS 59,6951.08,2121450,629379,0,15.9643,11.9655,10.0123,23.6482,25.6336,16.1236,11.4655,16.5539,13.257,7.19839,33.6868,23.6877,6.73993,21.5261,3.96668,32.5843,16.4806,32.3158,17.476,4.9799,17.8535,22.2507,20.6243,14.1663,11.6421,11.1204,19.4943,4.75262,14.129,21.8855,15.3362,36.9332,10.3715,7.51417,23.5968,11.523,3.43748,27.022,17.457,15.3195,7.61913,15.448,2.83724,20.1176,16.4735,27.2777,13.247,26.4406,22.461,14.1857,29.2408,34.1199,14.9492,19.1499,20.1053,16.846,14.8606,14.1627,18.8583,10.8355,24.3821,27.8673,27.195,6.55383,33.4111,9.92799,28.2956,19.2068,21.3315,18.7552,16.1109,13.5517,23.8185,16.6433,11.829,2.05983,33.6878,45.4394,23.9586,14.3495,12.852,23.1295,4.60579,11.5595,31.0925,5.75836,24.6063,0.804775,13.7317,17.5688,8.52586,14.6362,13.865,27.7402,32.4329,12.7993,10.356,15.0406,11.4923,5.50208,11.0455,15.5638,21.4299,21.4546,25.8362,5.01245,9.08143,11.7995,21.3627,13.0468,24.6374,22.1529,23.933,11.261,6.63445,26.2169,14.8759,17.4735,21.1988,25.3942,22.0322,14.8743,13.631,12.8442,30.1999,5.95217,32.9629,29.1413,12.6343,8.7079,9.0076,21.9707,19.2286,26.306,26.3323,19.2526,21.2443,15.3382,10.8979,17.3919,15.394,10.0322,13.4517,17.6895,11.4678,27.7619,13.8917,15.6088,11.6715,5.01635,17.3025,7.07839,12.8028,12.8888,19.6655,30.2658,12.3245,13.0539,13.2715,14.4577,29.4627,23.5472,3.62273,9.76882,14.1247,25.1521,9.98882,21.601,20.3544,23.7282,10.7527,28.0694,21.9443,24.3606,8.87753,17.2821,45.531,25.8836,17.688,13.1602,19.2742,24.5457,13.2862,9.27753,9.23839,15.5579,14.3017,19.0737,34.1806,15.0282,9.65812,10.7758,15.0549,16.2104,24.7558,11.5265,7.81334,26.0624,14.3095,23.8317,33.2666,23.3535,13.9117,32.0499,22.6107,12.8549,24.6105,7.84557,7.65839,27.4644,19.0294,12.026,22.4529,12.6372,25.6317,34.3558,4.55983,13.7153,14.3866,31.0299,22.8106,30.5815,24.4115,3.41848,13.0399,20.4537,21.637,19.0976,21.5899,1.91343,13.3199,12.9184,23.3237,14.5303,30.4943,24.5014,16.7996,22.9758,20.8409,0.39763,0.903594,19.5305,29.5913,14.8006,9.97725,15.3675,12.9472,11.9995,4.91334,14.6606,13.8494,22.4837,14.8487,25.1347,12.8231,39.4786,6.95806,24.8619,33.091,6.98354,16.6072,16.0596,22.0843,8.83907,14.1546,17.1183,12.6289,18.4686,8.93674,28.2705,25.4006,20.8455,13.8617,23.349,11.2689,11.7754,10.1557,20.5916,19.2985,7.90796,12.5443,21.0999,21.781,21.0727,24.7958,7.19321,31.8202,20.8873,22.7931,22.4372,31.5943,17.104,22.1864,22.7723,11.5899,22.9095,3.45914,34.9704,19.227,6.95891,12.3423,22.0657,24.0821,21.8715,21.6734,20.9255,26.8467,15.0227,10.1135,11.7279,0.903594,10.2726,16.8614,13.8843,12.63,10.7431,14.2279,11.6678,12.2814,13.2578,17.1684,25.4805,14.5808,30.3346,6.39574,13.6568,17.2109,31.2425,0,25.1517,12.5389,14.5294,22.2883,30.5552,11.6219,4.65839,36.6717,15.579,15.4337,13.0951,23.7517,23.3235,11.3239,11.8385,39.1606,16.7735,11.8455,29.1443,9.33835,12.7686,14.1427,13.687,29.9187,7.91136,12.7672,20.3527,27.6215,25.3558,16.7173,20.9493,29.4855,11.7895,17.2224,10.4261,23.3317,10.4429,11.2492,6.66299,23.7168,31.023,17.17,2.53944,19.1431,21.4323,5.34732,20.2248,21.3655,21.3688,18.5531,15.0357,11.4575,17.0288,20.574,11.9243,19.738,21.3454,26.3205,15.8482,37.9269,24.9006,15.8329,14.0925,16.7842,16.5895,12.1442,13.9822,23.452,7.95817,22.0507,10.3339,
DUALS 61,6951.08,2121377,630330,0,15.9643,11.9655,10.0123,23.6482,25.6336,16.1236,11.4655,18.0196,11.7913,8.66403,33.6868,22.2221,6.73993,21.5261,3.96668,32.5843,15.015,33.7815,16.0104,2.04863,17.8535,22.2507,20.6243,14.1663,8.71083,12.5861,20.9599,3.28698,14.129,21.8855,16.8018,36.9332,10.3715,8.97981,23.5968,12.9886,0.506209,28.4876,15.9914,16.7851,9.08477,15.448,4.30288,20.1176,16.4735,27.2777,11.7813,26.4406,22.461,14.1857,29.2408,34.1199,14.9492,19.1499,18.6396,16.846,14.8606,14.1627,18.8583,10.8355,24.3821,26.4017,27.195,8.01947,33.4111,8.46236,26.83,19.2068,21.3315,18.7552,16.1109,13.5517,23.8185,16.6433,13.2947,2.05983,33.6878,45.4394,25.4243,12.8838,11.3864,24.5952,4.60579,11.5595,31.0925,5.75836,24.6063,2.27041,13.7317,19.0344,9.9915,16.1018,13.865,27.7402,32.4329,11.3337,10.356,15.0406,11.4923,6.96772,11.0455,15.5638,21.4299,19.989,25.8362,6.47809,7.6158,13.2651,22.8284,13.0468,24.6374,23.6186,23.933,11.261,5.16881,26.2169,13.4103,17.4735,19.7332,23.9285,22.0322,14.8743,15.0966,12.8442,30.1999,5.95217,32.9629,30.6069,12.6343,10.1735,9.0076,21.9707,20.6942,24.8404,27.798,19.2526,21.2443,15.3382,12.3636,18.8576,15.394,10.0322,13.4517,17.6895,12.9335,29.2275,13.8917,15.6088,11.6715,5.01635,15.8368,8.54403,12.8028,12.8888,19.6655,30.2658,12.3245,11.5882,13.2715,14.4577,29.4627,22.0816,5.08837,9.76882,15.5904,25.1521,9.98882,20.1353,21.82,23.7282,12.2183,29.5351,21.9443,24.3606,8.87753,17.2821,45.531,25.8836,17.688,13.1602,19.2742,24.5457,14.7518,9.27753,10.704,15.5579,12.8361,19.0737,34.1806,15.0282,11.1238,12.2415,13.5893,16.2104,24.7558,12.9921,6.3477,26.0624,15.7752,22.3661,30.3353,23.3535,13.9117,32.0499,24.0763,12.8549,23.1448,9.31121,9.12403,28.93,19.0294,12.026,22.4529,11.1716,25.6317,34.3558,6.02547,13.7153,14.3866,31.0299,22.8106,30.5815,24.4115,3.41848,13.0399,21.9194,20.1713,20.5632,21.5899,3.37907,13.3199,9.98717,23.3237,14.5303,30.4943,24.5014,16.7996,24.4415,22.3065,0.39763,0,18.0649,31.0569,14.8006,8.51161,15.3675,11.4816,13.4651,6.37897,14.6606,13.8494,22.4837,14.8487,26.6003,12.8231,40.9442,6.95806,24.8619,31.6254,8.44918,16.6072,17.5252,22.0843,10.3047,14.1546,18.5839,12.6289,19.9343,10.4024,26.8049,25.4006,20.8455,13.8617,23.349,11.2689,11.7754,8.69011,20.5916,20.7642,9.3736,12.5443,22.5655,20.3153,21.0727,26.2615,7.19321,33.2858,20.8873,21.3275,22.4372,31.5943,17.104,22.1864,22.7723,11.5899,24.3752,4.92478,34.9704,17.7613,6.95891,12.3423,20.6,24.0821,21.8715,20.2078,20.9255,28.3123,16.4883,10.1135,13.1936,0.903594,10.2726,18.327,13.8843,12.63,10.7431,14.2279,13.1335,13.7471,11.7922,18.634,25.4805,14.5808,31.8002,4.93011,13.6568,17.2109,31.2425,1.46564,25.1517,11.0733,14.5294,23.754,30.5552,13.0875,6.12403,36.6717,17.0446,16.8994,13.0951,22.2861,23.3235,12.7895,13.3041,39.1606,16.7735,11.8455,29.1443,10.804,14.2343,14.1427,15.1527,26.9874,7.91136,11.3016,20.3527,27.6215,25.3558,18.1829,19.4837,29.4855,13.2551,17.2224,10.4261,23.3317,10.4429,11.2492,5.19735,23.7168,31.023,18.6356,4.00507,19.1431,21.4323,5.34732,20.2248,21.3655,21.3688,18.5531,15.0357,11.4575,18.4944,19.1084,11.9243,21.2036,21.3454,26.3205,15.8482,37.9269,24.9006,15.8329,15.5581,18.2499,16.5895,12.1442,15.4478,23.452,6.49253,22.0507,11.7996,
DUALS 63,6951.08,2121341,630710,0,15.9643,11.9655,10.3856,23.6482,25.6336,16.497,11.8389,18.3929,12.1647,8.66403,33.6868,22.5954,7.11329,21.8995,4.34004,32.5843,15.3883,33.0348,16.3837,2.42199,17.4801,22.2507,20.6243,14.5397,9.0842,12.2127,19.0931,3.66035,14.129,21.8855,16.0551,37.3066,10.3715,9.35317,23.5968,11.8686,0.879573,28.1142,16.3647,16.4118,9.45813,15.8214,4.67624,20.1176,16.4735,27.2777,12.1547,26.4406,22.461,14.5591,29.2408,34.1199,13.4558,19.1499,19.013,16.846,14.8606,14.5361,18.8583,9.71544,24.3821,26.775,27.195,8.01947,33.7844,8.83572,27.2034,19.5802,21.3315,19.1286,16.1109,13.9251,23.8185,17.0166,12.9213,2.43319,34.0612,45.4394,23.9308,12.8838,11.3864,23.1017,4.97916,11.5595,31.0925,5.01163,24.9797,1.89705,13.7317,19.0344,8.87141,15.7284,14.2383,27.7402,32.4329,11.707,10.356,15.0406,11.8656,6.59436,11.4189,15.5638,21.8033,20.3623,25.8362,5.73136,7.98916,11.3983,22.455,13.0468,24.6374,23.6186,23.933,11.261,5.54218,26.2169,13.7836,17.1001,20.1065,24.3019,22.4056,15.2477,14.7232,12.8442,30.5732,5.95217,32.9629,28.3668,12.6343,9.42682,9.0076,21.9707,19.5742,24.8404,27.798,19.2526,21.2443,15.3382,11.2435,18.8576,15.394,9.28551,13.4517,18.0628,12.5601,27.7341,13.8917,15.6088,12.0449,5.38971,16.2102,8.54403,12.8028,12.5155,19.6655,29.8924,12.3245,11.9616,13.2715,14.4577,29.8361,22.455,4.71501,9.76882,15.5904,25.1521,9.98882,20.5087,21.82,23.7282,10.3515,29.1617,22.3177,24.3606,9.25089,17.2821,45.531,26.257,17.688,13.1602,19.6475,24.5457,14.3784,9.65089,10.704,15.5579,13.2095,19.4471,34.1806,15.0282,9.63031,10.3747,13.9627,16.2104,24.0091,12.9921,6.3477,26.0624,14.2817,22.7395,30.7087,23.3535,14.2851,32.4233,22.5829,13.2283,23.5182,8.56449,9.12403,27.4366,19.0294,12.026,22.8263,11.545,25.6317,33.6091,5.6521,13.7153,14.76,31.4033,22.8106,30.5815,24.4115,3.79184,13.4132,21.546,20.5447,20.1898,21.9633,3.75243,13.6932,10.3605,23.6971,14.5303,30.4943,24.5014,16.7996,23.6948,20.0664,0.39763,0.373364,18.0649,28.8168,14.8006,8.88498,15.3675,11.855,11.5983,6.75234,14.6606,13.4761,22.4837,14.8487,25.1069,12.8231,39.4508,7.33143,24.8619,31.9987,8.82254,16.6072,16.7785,22.0843,9.93134,14.1546,18.5839,12.6289,18.4408,10.029,27.1782,25.4006,20.8455,14.2351,23.349,11.2689,11.0287,9.06347,20.5916,20.7642,8.2535,12.5443,22.1922,20.6887,21.4461,25.5148,7.19321,31.419,21.2607,21.7008,22.4372,31.5943,17.104,20.693,23.1457,11.9633,22.8817,4.17805,35.3437,18.1347,7.33227,11.9689,20.9734,24.0821,21.8715,20.5812,20.9255,27.5656,14.9949,10.1135,13.1936,0.53023,10.646,16.8336,13.8843,12.63,9.99636,14.2279,12.7601,14.1204,12.1655,18.634,25.4805,14.9542,30.6801,5.30347,14.0302,17.5843,31.2425,0.71891,25.1517,11.4467,14.5294,23.3806,30.1818,12.7142,6.12403,36.6717,15.5511,16.1526,13.0951,22.6595,23.3235,12.4162,12.184,39.1606,16.4001,11.8455,29.1443,9.31053,13.8609,14.5161,14.7793,27.3608,8.28472,11.675,20.7261,27.9949,24.6091,16.6895,19.4837,29.4855,11.3883,17.2224,10.4261,23.7051,10.4429,11.2492,5.57072,23.7168,31.023,18.2623,3.25835,19.1431,21.8056,5.72069,20.2248,21.3655,21.3688,18.9265,15.0357,11.4575,17.001,19.4817,11.9243,20.0835,21.7188,26.3205,15.8482,37.9269,24.9006,15.8329,14.438,17.8765,16.9628,12.1442,15.4478,23.452,6.8659,22.0507,12.1729,
STATS - lpIterations[1] lagIterations[38] sspIterations[1356] numSeparations[373] numCuts[0] compileTime[2] sspSolveTime[26] lpSolveTime[0] lb[6953.01] ub[7138.8] numArcs: [2121341] numFixed: [630710] time: [63]
STATS - lpIterations[1] lagIterations[38] sspIterations[1356] numSeparations[373] numCuts[0] compileTime[2] sspSolveTime[26] lpSolveTime[0] lb[6964.28] ub[7138.8] numArcs: [2121341] numFixed: [630710] time: [64]
DUALS 66,6964.28,2142245,783535,0,15.9643,11.9655,10.3856,23.6482,25.6336,14.9026,11.0417,19.1901,12.9619,7.06959,33.6868,23.3927,5.51886,20.305,2.74561,32.5843,16.1856,33.0348,17.181,3.21921,17.4801,22.2507,20.6243,13.7425,9.88142,13.0099,19.8903,3.66035,14.9262,21.8855,16.8523,38.1038,10.3715,7.75874,23.5968,12.6658,1.67679,28.1142,17.1619,16.4118,9.45813,15.8214,5.47346,20.1176,16.4735,27.2777,12.9519,26.4406,22.461,13.7618,29.2408,34.1199,14.253,19.9472,19.8102,16.846,14.8606,15.3333,18.0611,10.5127,24.3821,27.5723,26.3978,7.22225,34.5817,9.63294,28.0006,17.9857,20.5343,19.9258,15.3137,14.7223,23.8185,15.4222,12.9213,0.838757,32.4667,43.8449,24.728,13.6811,12.1836,23.1017,4.97916,12.3567,31.0925,5.80885,25.7769,1.09983,13.7317,19.0344,9.66862,15.7284,13.4411,27.7402,32.4329,12.5042,9.55874,15.0406,11.8656,5.79714,10.6217,14.7666,20.2088,21.1595,25.8362,4.93414,8.78638,12.1955,22.455,13.0468,24.6374,23.6186,23.1358,11.261,6.33939,26.2169,14.5809,17.1001,20.9038,24.3019,21.6084,13.6532,14.7232,12.8442,28.9788,5.95217,32.9629,29.164,12.6343,10.224,9.0076,21.9707,20.3714,25.6376,27.798,19.2526,21.2443,15.3382,11.2435,18.8576,15.394,9.28551,13.4517,17.2656,11.7629,28.5313,13.8917,15.6088,11.2476,5.38971,17.0074,6.94959,12.8028,12.5155,19.6655,30.6896,11.5273,12.7588,12.4743,14.4577,29.0389,23.2522,3.12057,9.76882,16.3876,25.1521,9.98882,21.3059,21.82,23.7282,11.1487,29.1617,21.5205,24.3606,9.25089,17.2821,45.531,23.8653,18.4852,13.9574,20.4447,24.5457,14.3784,9.65089,9.10959,15.5579,14.0067,17.8527,34.1806,15.0282,10.4275,11.1719,14.7599,16.2104,24.0091,12.9921,7.14492,26.8596,14.2817,23.5367,31.5059,23.3535,15.0823,30.8288,23.3801,13.2283,24.3154,7.76727,7.52959,28.2338,18.2322,11.2288,22.8263,12.3422,25.6317,33.6091,4.05767,13.7153,15.5572,29.8088,23.6079,29.7843,24.4115,3.79184,11.8188,21.546,21.3419,20.1898,20.3688,2.95522,12.0988,11.1577,22.8999,14.5303,30.4943,24.5014,16.7996,23.6948,20.8636,0.39763,0,18.0649,29.614,14.8006,9.68219,16.1647,12.6522,12.3955,6.75234,14.6606,13.4761,22.4837,14.0515,25.9041,12.8231,40.248,6.53421,24.8619,32.796,9.61976,16.6072,17.5757,22.0843,9.93134,14.1546,19.3811,12.6289,19.238,9.23179,27.9755,25.4006,20.8455,15.0323,23.349,11.2689,11.0287,9.86069,19.7944,20.7642,9.05072,12.5443,22.1922,21.4859,22.2433,25.5148,7.19321,32.2162,19.6663,22.4981,22.4372,31.5943,17.104,21.4902,23.1457,10.3688,22.8817,4.17805,36.141,18.9319,7.33227,11.9689,21.7706,23.2849,21.0743,21.3784,20.9255,26.7684,15.7921,10.1135,13.1936,0,11.4432,16.8336,13.8843,13.4272,9.99636,14.2279,11.9629,14.9176,12.9627,18.634,25.4805,13.3597,31.4774,6.10069,14.8274,15.1927,31.2425,0,25.1517,12.2439,14.5294,23.3806,30.1818,12.7142,4.52959,36.6717,16.3484,16.9499,13.0951,23.4567,23.3235,11.6189,12.9812,39.1606,16.4001,11.8455,29.1443,10.1078,13.8609,15.3133,14.7793,28.158,8.28472,12.4722,21.5233,27.1977,24.6091,17.4867,20.2809,29.4855,12.1855,17.2224,10.4261,24.5023,10.4429,11.2492,6.36794,23.7168,31.023,18.2623,4.05556,19.1431,22.6029,4.92347,20.2248,21.3655,21.3688,19.7237,15.0357,11.4575,17.7982,19.4817,11.9243,20.8807,22.516,25.5233,15.8482,37.9269,24.9006,15.8329,15.2352,17.8765,15.3684,12.1442,15.4478,24.2492,7.66311,22.0507,12.9701,
STATS - lpIterations[1] lagIterations[39] sspIterations[1394] numSeparations[445] numCuts[0] compileTime[2] sspSolveTime[27] lpSolveTime[0] lb[6968] ub[7138.8] numArcs: [2142245] numFixed: [783535] time: [67]
DUALS 67,6968,2142211,821185,0,15.9643,11.9655,10.3856,23.6482,25.6336,15.5032,11.6423,19.1901,10.5593,7.67024,33.6868,21.5907,6.11951,20.9057,3.34626,32.5843,16.1856,33.0348,17.7816,3.21921,18.0807,22.2507,20.6243,14.3431,9.88142,13.0099,20.491,2.45905,15.5269,21.8855,17.453,38.7044,10.3715,7.75874,23.5968,11.4645,1.67679,28.1142,17.7626,16.4118,8.85748,15.8214,4.87281,20.1176,17.0741,27.2777,10.5493,26.4406,22.461,14.3625,29.2408,34.1199,14.253,19.9472,20.4109,16.846,14.8606,14.7326,18.6618,10.5127,24.3821,28.1729,26.9985,7.8229,35.1823,9.63294,28.6012,18.5864,21.1349,19.9258,15.9143,14.1217,23.8185,16.0229,12.3207,1.43941,33.0674,44.4456,23.5267,13.6811,10.9823,23.1017,4.97916,11.1554,31.0925,5.80885,25.7769,1.70048,13.7317,19.6351,7.26603,15.1278,14.0418,27.7402,32.4329,12.5042,9.55874,15.0406,11.8656,6.39779,11.2223,15.3673,20.8095,21.1595,25.8362,5.53479,8.78638,12.7962,22.455,13.0468,25.238,23.6186,23.7364,11.261,6.33939,26.2169,14.5809,17.7007,20.3031,24.9025,22.209,14.2539,14.1226,12.8442,29.5794,5.95217,32.9629,29.7646,12.6343,7.22079,9.60825,21.9707,19.7707,24.4363,27.798,19.2526,21.2443,15.3382,10.6428,19.4582,15.394,9.28551,13.4517,17.8663,12.3635,27.33,13.8917,15.6088,11.8483,5.38971,17.6081,7.55024,12.8028,13.1161,19.6655,30.089,12.1279,12.7588,13.0749,14.4577,29.6395,23.2522,3.72122,9.76882,14.5856,25.1521,9.98882,21.3059,22.4207,23.7282,11.7494,29.1617,22.1211,24.3606,9.25089,17.2821,45.531,24.466,17.8845,13.3567,20.4447,24.5457,14.3784,9.65089,9.71024,15.5579,13.406,18.4533,34.1806,15.0282,8.62558,11.7725,15.3605,16.8111,24.0091,13.5928,6.54427,25.0577,14.2817,22.936,31.5059,23.9541,14.4817,31.4295,22.7795,13.2283,23.7148,8.36792,8.13024,27.6331,18.8328,11.8294,23.4269,12.3422,25.6317,33.6091,4.65832,13.7153,13.1546,30.4095,23.0072,30.3849,24.4115,3.19119,12.4194,21.546,21.3419,19.5892,20.9695,2.95522,12.6994,11.7584,23.5005,14.5303,30.4943,24.5014,15.5983,23.6948,21.4642,0.39763,0.600649,18.6655,30.2146,14.8006,9.68219,14.9634,12.6522,12.9962,4.34974,14.6606,14.0767,22.4837,14.6521,25.9041,12.8231,39.0467,7.13486,24.8619,32.796,9.01911,17.2079,17.5757,22.0843,10.532,14.1546,17.5792,12.6289,18.0367,9.83244,28.5761,25.4006,20.8455,14.4317,23.349,11.2689,11.0287,9.86069,20.395,21.3648,7.84942,12.5443,22.1922,21.4859,21.6426,25.5148,7.19321,32.8169,20.2669,22.4981,22.4372,31.5943,17.104,21.4902,23.1457,10.9695,22.8817,4.17805,36.141,16.5293,7.93292,11.3683,21.7706,23.8855,21.6749,18.9758,20.9255,27.369,14.5908,10.7141,11.9923,0.600649,10.8425,16.8336,13.8843,12.8265,9.99636,14.2279,12.5635,14.317,12.9627,19.2347,25.4805,13.9604,31.4774,6.10069,14.8274,15.7933,31.2425,0.600649,25.1517,12.2439,14.5294,23.3806,30.1818,12.7142,5.13024,36.6717,15.1471,16.9499,13.0951,22.856,23.9241,11.6189,11.1793,39.1606,17.0007,11.8455,29.1443,8.90645,13.8609,14.7126,14.7793,27.5574,8.28472,12.4722,20.9226,27.7983,24.6091,17.4867,20.2809,29.4855,12.7862,17.823,10.4261,23.9017,10.4429,11.2492,6.36794,23.7168,31.023,18.2623,2.85427,19.1431,23.2035,5.52412,20.2248,21.3655,21.3688,19.1231,15.0357,12.0581,16.5969,20.0824,11.9243,20.8807,21.9154,26.1239,15.8482,37.9269,24.9006,15.8329,14.0339,17.8765,15.9691,12.1442,16.0485,23.6485,7.66311,22.0507,12.9701,
STATS - lpIterations[1] lagIterations[40] sspIterations[1432] numSeparations[445] numCuts[0] compileTime[2] sspSolveTime[28] lpSolveTime[0] lb[6977.99] ub[7138.8] numArcs: [2142211] numFixed: [821185] time: [67]
STATS - lpIterations[1] lagIterations[40] sspIterations[1432] numSeparations[445] numCuts[0] compileTime[2] sspSolveTime[28] lpSolveTime[0] lb[6983.37] ub[7138.8] numArcs: [2142211] numFixed: [821185] time: [69]
DUALS 70,6983.37,2142160,992683,0,16.8119,11.9655,11.2333,23.6482,25.6336,16.3509,12.49,19.1901,11.407,7.67024,33.6868,22.4384,6.96717,21.7533,4.19392,32.5843,17.0332,33.0348,17.7816,3.21921,18.0807,22.2507,20.6243,15.1908,9.88142,13.8576,18.7956,3.30671,14.6792,21.8855,17.453,36.1614,8.67613,8.6064,23.5968,12.3121,1.67679,28.9619,16.0673,17.2594,8.85748,15.8214,4.87281,20.1176,17.0741,27.2777,11.397,26.4406,22.461,13.5148,29.2408,34.1199,13.4053,19.9472,20.4109,16.846,14.8606,15.5803,18.6618,10.5127,24.3821,25.6299,26.1508,7.8229,32.6393,9.63294,26.9059,19.434,21.1349,19.9258,15.9143,14.1217,23.8185,16.8705,13.1683,0.59174,33.915,44.4456,24.3744,14.5287,10.1346,22.2541,5.82682,10.3078,31.0925,4.96118,25.7769,1.70048,13.7317,17.0921,8.11369,15.1278,14.8894,27.7402,32.4329,12.5042,9.55874,15.0406,12.7133,6.39779,12.07,15.3673,21.6571,21.1595,25.8362,5.53479,9.63404,12.7962,23.3027,13.0468,25.238,21.9232,23.7364,11.261,6.33939,26.2169,14.5809,17.7007,20.3031,24.9025,21.3614,15.1015,14.9703,12.8442,29.5794,5.95217,32.9629,28.0693,12.6343,8.06845,7.91292,21.9707,20.6184,25.284,25.255,19.2526,21.2443,15.3382,11.4905,16.9152,15.394,8.43784,13.4517,18.7139,12.3635,28.1777,13.8917,15.6088,12.6959,6.23738,18.4557,7.55024,12.8028,13.1161,19.6655,30.9366,11.2802,12.7588,13.0749,14.4577,28.7919,23.2522,3.72122,9.76882,15.4333,25.1521,9.98882,21.3059,21.573,23.7282,11.7494,30.0094,21.2735,24.3606,10.0986,17.2821,45.531,25.3137,17.8845,13.3567,20.4447,24.5457,15.2261,10.4986,9.71024,15.5579,13.406,18.4533,34.1806,15.0282,9.47324,10.0772,15.3605,15.1157,24.0091,11.0498,5.69661,24.21,13.4341,22.936,31.5059,23.9541,14.4817,32.2771,23.6271,14.0759,23.7148,8.36792,8.13024,28.4808,18.8328,10.9818,22.5792,12.3422,25.6317,33.6091,4.65832,13.7153,13.1546,31.2571,23.0072,30.3849,24.4115,3.19119,12.4194,22.3937,21.3419,20.4369,21.8171,3.80288,12.6994,11.7584,22.6529,14.5303,30.4943,24.5014,15.5983,23.6948,19.7689,0.39763,0,19.5132,28.5193,14.8006,10.5299,14.1157,12.6522,12.9962,5.19741,14.6606,13.229,22.4837,14.6521,25.0564,12.8231,39.8944,7.98252,24.8619,33.6436,9.86677,15.5126,17.5757,22.0843,8.83666,14.1546,18.4268,12.6289,18.8844,9.83244,28.5761,25.4006,20.8455,14.4317,23.349,11.2689,9.33332,9.86069,20.395,18.8218,8.69709,12.5443,23.0398,21.4859,22.4903,25.5148,7.19321,32.8169,21.1146,22.4981,22.4372,31.5943,17.104,20.6425,23.1457,11.8171,22.0341,3.33038,36.141,17.377,8.78058,11.3683,21.7706,24.7332,21.6749,19.8234,20.9255,25.6737,15.4384,10.7141,11.9923,0,9.99485,15.1382,13.8843,12.8265,9.14869,14.2279,12.5635,15.1647,12.9627,16.6917,25.4805,13.9604,32.325,6.10069,14.8274,16.641,31.2425,0,25.1517,12.2439,15.3771,23.3806,30.1818,11.8665,5.13024,36.6717,15.9947,16.9499,13.0951,22.856,23.9241,11.6189,12.0269,39.1606,17.0007,11.8455,29.1443,9.75412,14.7086,15.5603,15.627,27.5574,9.13239,12.4722,21.7703,28.646,24.6091,16.639,20.2809,29.4855,12.7862,15.28,10.4261,23.9017,10.4429,11.2492,6.36794,23.7168,31.023,19.1099,3.70193,19.1431,22.3558,5.52412,20.2248,21.3655,21.3688,18.2754,15.0357,12.0581,17.4445,19.2347,11.9243,20.0331,21.9154,26.1239,15.8482,37.9269,24.9006,15.8329,14.8816,17.8765,16.8167,12.1442,14.3531,23.6485,7.66311,22.0507,12.9701,
DUALS 71,6983.37,2142135,992684,0,16.8119,11.9655,10.6546,23.6482,25.6336,16.3509,11.9113,19.1901,11.9856,8.24891,33.6868,23.017,6.38851,21.7533,3.61526,32.5843,17.0332,33.0348,18.3603,3.21921,18.0807,22.2507,20.6243,14.0335,9.88142,11.5429,19.3743,3.88538,15.2578,21.8855,18.0316,36.7401,9.2548,8.02774,23.5968,12.8908,1.67679,28.9619,16.6459,14.9448,8.85748,15.8214,4.87281,20.1176,16.4954,27.2777,11.9756,26.4406,22.461,14.0935,29.2408,34.1199,13.984,20.5258,20.9895,16.846,14.8606,13.8443,18.6618,11.0913,24.3821,26.2086,26.1508,7.8229,32.6393,9.63294,27.4846,19.434,21.1349,19.9258,15.9143,14.1217,23.8185,16.8705,12.011,1.17041,33.915,44.4456,24.3744,13.9501,10.7133,22.8327,4.66949,10.8864,31.0925,5.53985,25.7769,1.70048,13.7317,17.6707,8.69236,15.1278,13.7321,28.3189,32.4329,12.5042,8.98007,15.0406,11.556,6.39779,11.4913,15.3673,20.4998,21.7382,25.8362,5.53479,7.89805,13.3749,20.988,13.0468,25.238,22.5019,23.7364,11.261,6.33939,26.2169,15.1595,17.7007,20.8818,25.4812,21.94,13.9442,12.6556,12.8442,29.5794,5.95217,32.3843,28.648,12.6343,8.06845,8.49158,21.9707,20.0397,23.548,25.8337,19.2526,21.2443,15.3382,11.4905,17.4939,15.394,8.43784,13.4517,18.1353,12.3635,28.1777,13.8917,15.6088,12.1173,5.08005,18.4557,8.12891,12.8028,13.1161,19.0868,30.358,11.8589,13.3375,13.0749,14.4577,29.3705,23.8309,3.72122,9.76882,14.8546,25.1521,9.98882,21.8846,22.1517,23.7282,12.328,25.9587,21.8521,24.3606,8.36256,17.2821,45.531,25.3137,18.4632,13.9354,20.4447,24.5457,12.9114,8.76256,10.2889,15.5579,13.9847,18.4533,34.1806,15.0282,10.0519,10.6559,15.9392,15.6944,24.0091,11.6284,6.27527,24.7887,14.0127,23.5147,31.5059,23.9541,15.0603,31.1198,23.0485,12.9186,24.2934,8.36792,8.70891,27.9021,18.8328,11.5604,23.1579,12.9209,25.6317,33.6091,5.23698,13.7153,13.7333,30.0998,21.2712,30.3849,24.4115,3.76986,12.4194,21.815,21.9206,18.7009,20.6598,3.22422,12.6994,12.3371,23.2315,14.5303,30.4943,24.5014,16.1769,23.6948,20.3476,0.39763,0.578665,19.5132,29.098,14.8006,9.37253,14.6944,13.2309,13.5749,5.77607,14.6606,13.8077,22.4837,14.6521,25.6351,13.4017,39.3157,7.40386,24.8619,33.065,9.86677,16.0912,17.5757,22.0843,9.41533,14.1546,19.0055,12.6289,18.8844,9.83244,27.9974,25.4006,20.8455,15.0103,23.349,11.2689,9.33332,9.86069,20.395,19.4005,9.27575,12.5443,20.7252,22.0646,20.7543,25.5148,7.19321,33.3955,21.1146,23.0767,22.4372,31.5943,17.104,21.2212,23.7244,10.6598,22.6127,3.90905,36.141,17.9556,7.62325,11.3683,21.7706,23.5758,21.6749,20.4021,20.9255,26.2523,15.4384,10.7141,11.9923,0.578665,10.5735,15.1382,13.8843,12.2479,9.14869,14.2279,12.5635,15.1647,13.5414,17.2703,25.4805,13.9604,31.1677,6.10069,14.8274,16.641,31.2425,0.578665,25.1517,12.2439,14.7984,23.3806,30.1818,11.8665,5.70891,36.6717,15.4161,16.3712,13.0951,23.4347,23.9241,11.6189,12.6056,39.1606,17.0007,11.8455,29.1443,10.3328,12.3939,13.8243,13.3123,26.9787,7.97506,13.0509,20.0343,28.646,24.6091,17.2177,20.8596,29.4855,13.3649,15.8587,10.4261,24.4803,10.4429,11.2492,6.36794,23.7168,31.023,19.1099,4.2806,19.1431,22.9345,5.52412,20.2248,21.3655,21.3688,18.8541,15.0357,12.0581,16.8659,19.8134,11.9243,20.6117,22.494,26.1239,15.8482,37.9269,24.9006,15.8329,15.4603,18.4552,16.8167,12.1442,14.9318,23.6485,7.66311,22.0507,12.9701,
DUALS 74,6983.37,2142064,992782,0,16.8119,11.9655,10.6546,23.6482,25.6336,16.3509,11.9113,19.1901,13.6079,8.24891,33.6868,24.6393,6.38851,21.7533,3.61526,32.5843,15.4109,33.0348,15.1157,3.21921,18.0807,22.2507,20.6243,15.6558,9.88142,13.1652,19.3743,3.88538,15.2578,21.8855,18.0316,38.3624,9.2548,8.02774,23.5968,12.8908,1.67679,30.5842,18.2682,16.5671,8.85748,15.8214,4.87281,20.1176,16.4954,27.2777,13.5979,26.4406,22.461,15.7158,29.2408,34.1199,13.984,20.5258,16.1226,16.846,14.8606,15.4666,18.6618,11.0913,24.3821,27.8309,26.1508,7.8229,34.2616,9.63294,29.1069,19.434,21.1349,19.9258,15.9143,14.1217,23.8185,16.8705,13.6333,1.17041,33.915,44.4456,22.7521,13.9501,10.7133,24.455,4.66949,10.8864,31.0925,5.53985,25.7769,1.70048,13.7317,19.293,8.69236,15.1278,15.3544,28.3189,32.4329,12.5042,8.98007,15.0406,11.556,6.39779,11.4913,15.3673,22.1221,20.1159,25.8362,5.53479,7.89805,13.3749,22.6103,13.0468,26.8603,24.1242,23.7364,11.261,6.33939,26.2169,13.5372,17.7007,20.8818,22.2366,23.5623,15.5665,14.2779,12.8442,31.2017,5.95217,32.3843,28.648,12.6343,8.06845,8.49158,21.9707,21.662,23.548,27.456,19.2526,21.2443,15.3382,11.4905,19.1162,15.394,10.0601,13.4517,19.7576,12.3635,26.5554,13.8917,15.6088,12.1173,5.08005,15.2111,8.12891,12.8028,13.1161,19.0868,31.9803,11.8589,11.7152,13.0749,14.4577,27.7482,22.2085,3.72122,9.76882,13.2323,25.1521,9.98882,20.2623,22.1517,23.7282,12.328,27.581,21.8521,24.3606,8.36256,17.2821,45.531,25.3137,16.8409,13.9354,20.4447,24.5457,14.5337,8.76256,10.2889,15.5579,13.9847,20.0756,34.1806,15.0282,10.0519,10.6559,12.6946,17.3167,24.0091,13.2507,6.27527,26.411,15.635,23.5147,31.5059,23.9541,15.0603,32.7421,24.6708,12.9186,24.2934,8.36792,8.70891,29.5245,18.8328,9.93812,23.1579,11.2985,25.6317,33.6091,5.23698,13.7153,15.3556,31.7221,22.8935,30.3849,24.4115,3.76986,14.0417,23.4373,20.2983,20.3232,22.2821,3.22422,14.3217,12.3371,23.2315,14.5303,30.4943,24.5014,16.1769,23.6948,20.3476,0.39763,0,21.1355,29.098,14.8006,9.37253,14.6944,11.6085,13.5749,5.77607,14.6606,15.43,22.4837,14.6521,25.6351,13.4017,40.938,7.40386,24.8619,33.065,9.86677,16.0912,17.5757,22.0843,11.0376,14.1546,20.6278,12.6289,17.2621,9.83244,23.1305,25.4006,20.8455,15.0103,23.349,11.2689,10.9556,9.86069,20.395,21.0228,9.27575,12.5443,22.3475,20.4423,22.3766,25.5148,7.19321,33.3955,21.1146,21.4544,22.4372,31.5943,17.104,21.2212,20.4798,12.2821,24.235,2.28674,36.141,19.5779,7.62325,11.3683,21.7706,25.1982,21.6749,22.0244,20.9255,27.8746,15.4384,10.7141,11.9923,0,10.5735,16.7605,13.8843,13.8702,10.771,14.2279,12.5635,15.1647,11.9191,18.8926,25.4805,15.5827,32.79,6.10069,14.8274,16.641,31.2425,0,25.1517,12.2439,13.1761,25.0029,30.1818,13.4888,5.70891,36.6717,17.0384,14.7489,13.0951,23.4347,23.9241,11.6189,12.6056,39.1606,17.0007,11.8455,29.1443,10.3328,14.0162,15.4466,14.9346,25.3564,7.97506,11.4285,21.6566,28.646,24.6091,18.84,22.4819,29.4855,13.3649,17.481,10.4261,24.4803,10.4429,11.2492,6.36794,23.7168,31.023,20.7323,2.65829,19.1431,24.5568,5.52412,20.2248,21.3655,21.3688,18.8541,15.0357,12.0581,18.4882,19.8134,11.9243,22.234,20.8717,26.1239,15.8482,37.9269,24.9006,15.8329,15.4603,20.0775,16.8167,12.1442,16.5541,23.6485,7.66311,22.0507,12.9701,
STATS - lpIterations[1] lagIterations[43] sspIterations[1555] numSeparations[445] numCuts[0] compileTime[2] sspSolveTime[31] lpSolveTime[0] lb[6985.33] ub[7138.8] numArcs: [2142064] numFixed: [992782] time: [75]
DUALS 76,6985.33,2142034,1027680,0,16.8119,11.9655,11.0558,23.6482,25.6336,16.3509,12.3125,19.5913,12.0031,8.65011,33.6868,23.0345,6.78971,21.7533,4.01646,32.5843,15.8121,33.436,15.5169,3.21921,18.0807,22.2507,20.6243,14.4522,10.2826,13.1652,19.3743,3.08297,15.6591,21.8855,18.0316,37.1588,9.2548,8.02774,23.5968,13.292,1.67679,28.9794,17.4658,16.5671,8.85748,15.8214,4.47161,20.1176,16.4954,27.2777,11.5919,26.4406,22.461,16.117,29.2408,34.1199,12.7804,20.927,16.5238,16.846,14.8606,15.8678,18.6618,9.8877,24.3821,26.6273,26.1508,7.8229,33.8604,9.63294,28.7057,19.434,21.1349,20.327,15.9143,13.7205,23.8185,16.8705,13.6333,1.57161,33.915,43.242,23.1533,13.9501,11.1145,23.2514,5.0707,11.2877,31.0925,5.13864,26.1781,1.70048,13.7317,19.293,9.09356,15.1278,14.1508,28.3189,32.4329,12.9054,8.98007,15.0406,11.9572,6.39779,11.8925,15.3673,20.9185,20.5171,25.8362,5.53479,7.89805,13.3749,22.6103,13.0468,24.8543,22.9206,23.7364,11.261,6.33939,26.2169,13.9384,17.7007,20.4806,22.6378,23.9635,14.3629,14.2779,12.8442,29.9981,5.95217,31.9831,28.648,12.6343,8.46966,8.49158,21.9707,20.8596,23.9492,26.2523,19.2526,21.2443,15.3382,11.4905,18.715,15.394,8.05412,13.4517,18.9552,12.3635,26.9566,13.8917,15.6088,12.5185,5.08005,15.6123,8.53011,12.8028,13.1161,19.0868,31.5791,12.2601,12.1164,13.0749,14.4577,28.1494,22.6098,3.72122,9.76882,13.6335,25.1521,9.98882,20.6635,22.5529,23.7282,12.328,27.581,22.2533,24.3606,8.76377,17.2821,45.531,25.3137,17.2421,14.3366,20.4447,24.5457,14.5337,9.16377,10.6901,15.5579,13.5835,18.872,34.1806,15.0282,10.4531,10.6559,13.0958,15.3107,24.4103,13.2507,6.67648,25.6086,14.4314,23.1135,31.9071,23.9541,14.6591,31.5385,23.8683,13.3198,23.8922,8.36792,9.11011,28.722,18.8328,10.3393,23.5591,11.6998,25.6317,34.0103,5.63819,13.7153,13.3496,30.5185,22.8935,30.3849,24.4115,4.17106,12.8381,23.4373,20.6995,20.3232,21.0785,3.22422,13.1181,11.9359,23.6327,14.5303,30.4943,24.5014,15.7757,24.096,20.3476,0.39763,0.401205,19.9319,29.098,14.8006,9.37253,15.0956,12.0098,13.5749,4.17125,14.6606,13.0228,22.4837,14.6521,24.4315,13.4017,40.1356,7.80506,24.8619,32.2626,10.268,16.0912,17.9769,22.0843,9.0316,14.1546,21.029,12.6289,17.6633,9.83244,23.5317,25.4006,20.8455,14.6091,23.349,11.2689,9.3508,9.86069,19.5926,21.0228,9.67696,12.5443,22.3475,20.8435,22.7778,25.916,7.19321,33.3955,21.1146,21.8556,22.4372,31.5943,17.104,20.0176,20.881,11.0785,23.0314,2.68795,36.5422,17.5719,8.02446,11.3683,22.1718,23.5933,21.6749,20.0184,20.9255,26.671,15.8396,10.7141,12.3935,0.401205,10.9747,15.1557,13.8843,13.8702,9.56738,14.2279,12.5635,15.5659,12.3203,18.8926,25.4805,14.3791,31.9876,6.10069,15.2286,16.641,31.2425,0.401205,25.1517,12.2439,13.1761,23.3981,30.1818,13.0876,6.11011,36.6717,16.236,15.1501,13.0951,23.0335,23.9241,11.6189,13.0068,39.1606,17.0007,11.8455,29.1443,10.734,14.0162,15.8478,14.9346,25.7576,8.37626,11.8298,22.0578,28.646,25.0103,17.6364,22.0807,29.4855,13.3649,15.475,10.4261,24.0791,10.4429,11.2492,6.36794,23.7168,31.023,19.5286,3.0595,19.1431,23.7544,5.52412,20.2248,21.3655,21.3688,19.2553,15.0357,12.0581,17.6858,19.8134,11.9243,21.4316,21.2729,24.9203,15.8482,37.9269,24.9006,15.8329,15.8615,20.0775,16.8167,12.1442,16.5541,23.2473,7.66311,22.0507,13.3713,
STATS - lpIterations[1] lagIterations[44] sspIterations[1593] numSeparations[445] numCuts[0] compileTime[2] sspSolveTime[31] lpSolveTime[0] lb[6987.27] ub[7138.8] numArcs: [2142034] numFixed: [1027680] time: [77]
DUALS 78,6987.27,2141979,1046839,0,17.9397,11.9655,11.0558,23.6482,25.6336,16.3509,11.1847,18.4636,13.1309,7.52234,33.6868,23.0345,5.66194,21.7533,2.88869,32.5843,16.9399,33.436,16.6447,3.21921,18.0807,21.123,20.6243,15.5799,9.15485,13.1652,18.2465,4.21074,15.6591,21.8855,18.0316,38.2865,9.2548,8.02774,23.5968,12.1642,1.67679,28.9794,18.5936,16.5671,7.72971,16.9491,3.34383,20.1176,16.4954,27.2777,12.7197,26.4406,22.461,16.117,30.3686,34.1199,13.9082,20.927,17.6516,16.846,14.8606,15.8678,18.6618,11.0155,24.3821,26.6273,26.1508,7.8229,34.9882,9.63294,29.8334,19.434,21.1349,19.1992,15.9143,13.7205,23.8185,16.8705,12.5055,0,33.915,44.3697,24.2811,13.9501,11.1145,24.3792,5.0707,11.2877,31.0925,6.26642,25.0503,0.572706,13.7317,18.1652,6.83801,15.1278,15.2786,28.3189,31.3052,12.9054,7.8523,15.0406,11.9572,6.39779,10.7647,15.3673,22.0463,21.6449,25.8362,5.53479,7.89805,12.2471,22.6103,13.0468,25.9821,22.9206,23.7364,11.261,6.33939,27.3447,15.0662,17.7007,20.4806,23.7656,23.9635,15.4907,13.1501,12.8442,31.1259,5.95217,33.1109,27.5202,12.6343,6.21411,6.23603,20.843,19.7318,25.077,25.1246,19.2526,21.2443,15.3382,10.3627,17.5872,15.394,9.18189,13.4517,20.0829,12.3635,26.9566,13.8917,15.6088,11.3907,5.08005,16.7401,7.40234,12.8028,13.1161,19.0868,31.5791,13.3879,13.2442,13.0749,14.4577,28.1494,23.7375,2.59345,9.76882,13.6335,25.1521,9.98882,21.7913,23.6807,23.7282,11.2002,27.581,22.2533,24.3606,8.76377,17.2821,44.4033,25.3137,17.2421,14.3366,21.5725,24.5457,14.5337,9.16377,9.56234,15.5579,13.5835,19.9998,34.1806,15.0282,8.19756,9.52807,14.2236,16.4385,24.4103,12.123,6.67648,25.6086,15.5592,23.1135,30.7793,23.9541,14.6591,32.6663,21.6128,13.3198,23.8922,8.36792,7.98234,26.4665,18.8328,11.4671,23.5591,12.8275,25.6317,34.0103,4.51041,13.7153,14.4773,31.6463,22.8935,30.3849,24.4115,3.04329,13.9659,23.4373,21.8273,19.1954,22.2063,3.22422,14.2459,13.0636,23.6327,14.5303,30.4943,24.5014,16.9035,24.096,19.2198,0.39763,0,21.0597,27.9702,14.8006,10.5003,15.0956,13.1375,12.4471,5.29903,14.6606,14.1505,22.4837,14.6521,25.5593,14.5295,37.88,6.67729,24.8619,33.3903,9.1402,13.8357,17.9769,22.0843,10.1594,14.1546,19.9012,12.6289,18.7911,9.83244,24.6595,25.4006,20.8455,14.6091,23.349,11.2689,10.4786,9.86069,20.7204,19.895,8.54918,12.5443,22.3475,21.9713,22.7778,25.916,7.19321,33.3955,21.1146,22.9834,22.4372,31.5943,17.104,21.1454,22.0087,12.2063,24.1592,3.81572,35.4144,18.6997,5.76891,11.3683,22.1718,24.7211,21.6749,21.1462,20.9255,27.7988,15.8396,10.7141,12.3935,0,10.9747,16.2835,13.8843,13.8702,10.6952,14.2279,12.5635,14.4381,13.4481,17.7648,25.4805,15.5068,30.8598,6.10069,16.3564,16.641,31.2425,0.401205,25.1517,12.2439,14.3039,24.5259,30.1818,14.2154,4.98234,36.6717,15.1082,15.1501,13.0951,23.0335,23.9241,11.6189,10.7513,39.1606,17.0007,11.8455,29.1443,9.60622,14.0162,15.8478,14.9346,26.8854,8.37626,12.9575,22.0578,28.646,25.0103,18.7642,22.0807,29.4855,12.2371,16.6028,10.4261,24.0791,10.4429,11.2492,6.36794,23.7168,31.023,19.5286,1.93172,19.1431,24.8822,5.52412,20.2248,21.3655,21.3688,19.2553,15.0357,12.0581,15.4302,17.5578,11.9243,22.5594,21.2729,26.0481,15.8482,39.0547,24.9006,15.8329,14.7337,20.0775,16.8167,12.1442,17.6819,23.2473,7.66311,20.923,12.2436,
DUALS 80,6987.27,2141952,1046839,0,16.5339,11.9655,11.0558,23.6482,25.6336,16.3509,11.6533,18.9322,13.1309,7.99094,33.6868,23.0345,6.13054,21.7533,3.35729,33.0529,16.4713,33.436,17.1133,3.21921,18.0807,21.5916,20.6243,14.1741,9.62345,13.6338,18.7151,3.27354,14.7219,22.3541,18.5002,38.2865,8.7862,8.02774,23.5968,12.6328,1.67679,28.0422,17.6564,17.0357,7.72971,16.9491,3.34383,20.1176,16.4954,27.2777,12.7197,26.4406,22.461,16.117,28.9628,34.5885,12.5024,21.3956,18.1202,16.846,14.8606,15.8678,18.6618,9.14108,24.3821,26.6273,26.1508,8.2915,33.1138,9.63294,27.959,19.434,21.1349,19.6678,15.9143,13.7205,24.2871,16.8705,12.9741,0.4686,33.915,42.9639,24.7497,13.9501,11.5831,22.9734,5.0707,11.7563,31.5611,5.32922,25.5189,0.572706,13.7317,18.6338,7.30661,15.1278,13.8728,28.3189,31.7738,13.374,7.8523,15.0406,11.9572,6.86639,11.2333,15.3673,20.6405,20.7077,25.8362,6.00339,7.89805,12.7157,23.0789,13.0468,26.4507,23.3892,23.7364,11.261,6.33939,25.9389,14.129,17.7007,20.4806,24.2342,23.9635,14.0849,13.6187,12.8442,29.7201,5.95217,31.7051,27.9888,12.6343,6.68271,6.70463,21.3116,20.2004,25.077,25.5932,19.7212,21.2443,15.3382,10.3627,18.0558,15.394,8.71329,13.4517,19.1457,12.8321,27.4252,13.8917,15.6088,11.8593,4.61145,17.2087,7.87094,12.8028,13.1161,19.0868,31.5791,12.4507,12.7756,13.0749,14.4577,28.1494,22.8003,3.06205,9.76882,14.1021,25.1521,9.98882,20.8541,22.7435,23.7282,11.6688,28.0496,22.2533,24.3606,8.76377,17.2821,44.8719,25.3137,17.7107,14.8052,21.1039,24.5457,15.0023,9.16377,10.0309,15.5579,13.5835,18.594,34.1806,15.0282,8.66616,9.99667,14.6922,16.9071,24.4103,12.5916,7.14508,25.6086,14.1534,23.1135,31.2479,23.9541,14.6591,31.2605,22.0814,13.3198,23.8922,8.83652,8.45094,26.9351,18.8328,9.5927,23.5591,11.8903,25.6317,34.0103,4.97901,13.7153,14.4773,30.2405,22.4249,30.3849,24.4115,3.51189,12.5601,23.4373,20.8901,19.664,20.8005,2.75562,12.8401,13.0636,23.6327,14.5303,30.4943,24.5014,15.9663,24.096,19.6884,0.39763,0.4686,18.7167,28.4388,14.8006,9.09451,15.5642,12.2003,12.9157,3.89323,14.6606,13.6819,22.4837,14.6521,24.1535,13.1237,38.3486,7.14589,24.8619,31.5159,9.6088,14.3043,18.4455,22.0843,9.22218,14.6232,20.3698,12.6289,19.2597,10.301,25.1281,25.4006,20.8455,14.6091,23.349,11.2689,10.01,9.86069,19.7832,20.3636,9.01778,12.5443,22.8161,21.0341,22.7778,25.916,7.19321,33.8641,21.1146,22.0462,22.4372,32.0629,17.104,19.271,22.4773,10.8005,22.7534,3.81572,35.4144,18.6997,6.23751,11.3683,22.6404,22.8467,21.6749,21.1462,20.9255,25.9244,16.3082,10.7141,12.8621,0.4686,11.4433,14.4091,14.3529,13.4016,10.2266,14.6965,13.0321,14.9067,12.5109,18.2334,25.4805,14.101,30.8598,6.10069,15.8878,16.641,31.7111,0.401205,25.1517,12.2439,14.3039,23.5887,30.1818,13.7468,5.45094,36.6717,15.5768,15.6187,13.0951,23.0335,23.9241,12.0875,11.2199,39.1606,17.0007,11.8455,29.1443,10.0748,14.4848,15.8478,15.4032,27.354,8.37626,12.0203,22.0578,28.646,25.0103,17.3584,22.0807,29.4855,12.7057,16.1342,10.4261,24.0791,10.4429,11.2492,6.36794,23.7168,31.023,18.5914,2.40032,19.1431,24.8822,5.52412,20.2248,21.3655,21.3688,19.7239,15.5043,12.0581,15.8988,17.5578,11.9243,21.6222,21.7415,24.6423,15.8482,37.6489,24.9006,15.8329,15.2023,20.5461,16.8167,12.1442,15.3389,23.2473,7.66311,21.3916,12.7122,
DUALS 82,6987.27,2169618,1062229,0,17.6392,11.9655,9.95054,23.6482,25.6336,16.3509,12.7586,20.0375,13.1309,7.99094,33.6868,23.0345,7.23584,21.7533,4.46259,33.0529,16.4713,33.436,18.2186,3.21921,18.0807,21.5916,20.6243,15.2794,9.62345,11.4232,19.8204,3.27354,15.8272,21.2488,19.6055,38.2865,9.8915,9.13304,23.5968,13.7381,1.67679,29.1475,18.7617,14.8251,8.83501,15.8438,4.44914,20.1176,16.4954,27.2777,12.7197,26.4406,22.461,16.117,30.0681,34.5885,13.6077,21.3956,19.2255,16.846,14.8606,14.7625,18.6618,10.2464,24.3821,26.6273,26.1508,7.18619,34.2191,9.63294,29.0643,19.434,21.1349,19.6678,15.9143,13.7205,23.1818,16.8705,11.8688,1.5739,33.915,44.0692,24.7497,13.9501,10.4778,24.0787,6.176,10.6509,30.4558,6.43452,25.5189,0.572706,13.7317,19.7392,8.41192,15.1278,14.9781,28.3189,30.6685,12.2687,8.9576,15.0406,13.0625,5.76109,12.3386,15.3673,21.7458,21.813,25.8362,4.89809,7.89805,13.821,20.8683,13.0468,26.4507,24.4945,23.7364,11.261,6.33939,27.0442,15.2343,17.7007,19.3753,23.1289,22.8582,15.1902,11.4081,12.8442,30.8254,5.95217,32.8104,29.0941,12.6343,6.68271,7.80994,21.3116,21.3057,23.9717,26.6985,19.7212,21.2443,15.3382,11.468,19.1611,15.394,8.71329,13.4517,20.2511,11.7268,27.4252,13.8917,15.6088,12.9646,5.71675,18.314,7.87094,12.8028,12.0108,19.0868,32.6844,13.556,13.8809,13.0749,14.4577,27.0441,23.9056,1.95674,9.76882,15.2074,25.1521,9.98882,21.9594,23.8488,23.7282,12.7742,25.839,21.148,24.3606,9.86907,17.2821,43.7666,25.3137,16.6054,13.6999,22.2092,24.5457,12.7917,10.2691,10.0309,15.5579,13.5835,19.6993,34.1806,15.0282,9.77147,11.102,15.7975,16.9071,24.4103,13.6969,6.03977,25.6086,15.2587,23.1135,31.2479,23.9541,14.6591,32.3658,23.1867,14.4251,23.8922,7.73121,8.45094,28.0404,18.8328,10.698,22.4538,12.9956,25.6317,34.0103,4.97901,13.7153,14.4773,31.3458,21.3196,30.3849,24.4115,3.51189,13.6654,21.2267,21.9954,18.5587,21.9058,3.86092,13.9454,11.9583,22.5274,14.5303,30.4943,24.5014,17.0716,24.096,20.7937,0.39763,0.4686,19.822,29.5441,14.8006,10.1998,14.4589,13.3056,14.021,4.99853,14.6606,13.6819,22.4837,14.6521,25.2588,14.229,39.454,8.25119,24.8619,32.6212,10.7141,15.4096,18.4455,22.0843,10.3275,14.6232,20.3698,12.6289,19.2597,9.19574,26.2334,25.4006,20.8455,14.6091,23.349,11.2689,10.01,9.86069,20.8885,21.4689,10.1231,12.5443,20.6055,22.1394,21.6725,25.916,7.19321,34.9694,21.1146,23.1515,22.4372,32.0629,17.104,20.3763,21.372,11.9058,23.8587,2.71042,35.4144,18.6997,7.34281,12.4736,22.6404,23.952,21.6749,21.1462,20.9255,27.0297,15.2029,10.7141,12.8621,0.4686,10.338,15.5144,14.3529,13.4016,10.2266,14.6965,11.9268,16.012,13.6162,19.3388,24.3752,15.2064,31.9651,6.10069,16.9931,16.641,30.6058,0,25.1517,12.2439,14.3039,23.5887,30.1818,14.8521,5.45094,36.6717,16.6821,15.6187,13.0951,23.0335,23.9241,10.9822,12.3252,39.1606,17.0007,11.8455,29.1443,11.1801,12.2742,14.7425,14.2979,27.354,9.48157,13.1256,20.9525,28.646,25.0103,18.4637,22.0807,29.4855,13.811,16.1342,10.4261,24.0791,10.4429,11.2492,6.36794,23.7168,31.023,19.6967,2.40032,19.1431,24.8822,6.62942,20.2248,21.3655,21.3688,18.6186,14.399,12.0581,17.0041,18.6631,11.9243,22.7275,20.6362,25.7476,15.8482,38.7542,24.9006,15.8329,16.3076,20.5461,16.8167,12.1442,16.4442,23.2473,7.66311,21.3916,13.8175,
STATS - lpIterations[1] lagIterations[47] sspIterations[1716] numSeparations[531] numCuts[0] compileTime[2] sspSolveTime[34] lpSolveTime[0] lb[6993.62] ub[7138.8] numArcs: [2169618] numFixed: [1062229] time: [83]
DUALS 84,6993.62,2169599,1135960,0,17.1576,11.9655,9.46889,23.6482,25.6336,16.3509,12.7586,18.5925,13.6125,8.47258,33.6868,23.5162,7.23584,21.7533,4.46259,33.0529,16.4713,33.436,18.7002,3.21921,18.0807,21.5916,20.6243,13.8345,10.1051,11.9049,18.3755,3.27354,15.8272,21.7304,18.6422,37.8049,9.8915,6.72481,23.5968,13.7381,1.67679,29.1475,18.2801,15.3067,7.39007,15.8438,2.52255,20.1176,16.0138,27.2777,13.2013,26.4406,22.461,16.5986,30.0681,34.5885,13.6077,21.3956,19.7071,16.846,14.8606,15.2442,18.6618,10.2464,24.3821,26.1456,26.6324,7.66784,33.7374,9.63294,28.5827,19.434,21.1349,20.1495,15.9143,13.7205,23.6635,16.8705,12.3505,1.09226,33.915,43.5876,25.2313,13.9501,10.9594,24.0787,5.21271,11.1326,30.9375,5.95288,26.0006,1.05435,13.7317,18.2942,8.41192,14.6461,13.5331,28.3189,31.1501,12.7504,8.9576,15.0406,12.0992,6.24273,12.3386,15.3673,20.3008,20.8497,25.8362,5.37973,8.37969,12.8577,21.3499,13.0468,26.4507,24.0128,23.7364,11.261,6.33939,26.5626,14.7527,17.7007,19.3753,23.6105,23.3399,13.7452,11.8898,12.8442,30.3438,5.95217,32.3287,27.6491,12.6343,7.16435,8.29158,21.3116,21.3057,24.4533,25.2535,19.7212,21.2443,15.3382,11.468,17.7162,15.394,8.71329,13.4517,19.2878,12.2085,27.9068,13.8917,15.6088,12.9646,5.23511,18.7956,8.35258,12.8028,12.0108,19.0868,32.6844,13.556,12.9176,13.0749,14.4577,27.5258,22.9423,2.43839,9.76882,15.2074,25.1521,9.98882,20.9961,23.8488,23.7282,11.8109,26.3207,21.6297,24.3606,8.42413,17.2821,44.2482,25.3137,17.0871,14.1815,21.7276,24.5457,13.2734,8.82413,10.5126,15.5579,13.5835,19.2176,34.1806,15.0282,9.77147,10.1387,16.2791,16.9071,24.4103,12.2519,6.52142,25.1269,15.2587,23.1135,31.7296,23.9541,14.6591,30.9208,23.1867,13.4618,23.8922,8.21286,8.93258,28.0404,18.8328,10.698,22.9355,12.0323,25.6317,34.0103,5.46066,13.7153,14.4773,29.9008,21.8013,30.3849,24.4115,3.51189,13.1838,21.2267,21.0321,19.0403,20.4608,1.93434,13.4638,11.9583,23.0091,14.5303,30.4943,24.5014,17.5532,24.096,19.3487,0.39763,0,18.377,28.0991,14.8006,9.71816,14.9406,12.3423,13.0577,4.99853,14.6606,14.1636,22.4837,14.6521,25.2588,13.7474,39.454,8.25119,24.8619,30.6946,8.78752,15.8912,17.0006,22.0843,10.3275,15.1049,19.8882,12.6289,19.7413,9.67738,26.7151,25.4006,20.8455,14.6091,23.349,11.2689,10.01,9.86069,20.8885,20.024,10.1231,12.5443,21.0871,21.1761,22.1542,25.916,7.19321,34.0062,21.1146,22.1882,22.4372,32.0629,17.104,20.3763,21.8537,10.4608,23.8587,3.19207,35.896,19.1813,7.34281,12.4736,23.1221,22.5071,21.6749,21.1462,20.9255,25.5848,15.6846,10.7141,12.3804,0,10.8197,15.0328,14.3529,13.8832,10.2266,14.6965,12.4085,14.0854,12.6529,17.8938,24.8569,15.2064,31.9651,6.10069,16.0298,16.641,31.0875,0.481646,25.1517,12.2439,14.3039,23.5887,30.1818,14.8521,5.93258,36.6717,16.6821,14.1738,13.0951,23.0335,23.9241,11.4639,12.3252,39.1606,17.0007,11.8455,29.1443,10.6985,12.7558,15.2242,14.7796,27.354,8.51828,12.1623,21.4342,28.646,25.0103,18.4637,22.0807,29.4855,12.8477,16.1342,10.4261,24.0791,10.4429,11.2492,6.36794,23.7168,31.023,19.2151,2.40032,19.1431,24.8822,6.14777,20.2248,21.3655,21.3688,19.1002,14.8806,12.0581,17.0041,19.1448,11.9243,22.2459,21.1179,25.7476,15.8482,38.2726,24.9006,15.8329,16.3076,20.0644,16.8167,12.1442,16.9258,23.2473,7.66311,21.3916,12.3725,
STATS - lpIterations[1] lagIterations[48] sspIterations[1749] numSeparations[531] numCuts[0] compileTime[2] sspSolveTime[35] lpSolveTime[0] lb[7003.14] ub[7138.8] numArcs: [2169599] numFixed: [1135960] time: [84]
DUALS 87,7003.14,2169501,1203214,0,17.1576,11.9655,9.46889,23.6482,25.6336,16.3509,11.1492,20.202,13.6125,8.47258,33.6868,23.5162,2.40742,21.7533,1.24364,33.0529,18.0808,33.436,20.3097,3.21921,18.0807,21.5916,20.6243,15.444,8.49562,13.5144,19.985,4.88302,15.8272,23.3399,20.2517,39.4144,9.8915,8.33428,23.5968,13.7381,1.67679,29.1475,19.8895,16.9162,7.39007,15.8438,4.13202,20.1176,16.0138,27.2777,13.2013,26.4406,22.461,16.5986,30.0681,34.5885,13.6077,21.3956,21.3166,16.846,14.8606,15.2442,18.6618,10.2464,24.3821,27.7551,26.6324,9.27731,35.3469,9.63294,30.1922,19.434,21.1349,18.54,15.9143,13.7205,23.6635,16.8705,13.9599,0,33.915,43.5876,23.6219,13.9501,10.9594,24.0787,5.21271,11.1326,32.5469,5.95288,24.3911,1.05435,13.7317,19.9037,8.41192,14.6461,15.1426,28.3189,32.7596,9.53143,7.34813,15.0406,12.0992,7.8522,10.7292,15.3673,21.9103,22.4592,25.8362,6.98921,8.37969,14.4672,22.9594,13.0468,26.4507,25.6223,23.7364,11.261,6.33939,26.5626,16.3621,17.7007,19.3753,25.22,23.3399,15.3547,13.4992,12.8442,30.3438,5.95217,32.3287,29.2586,12.6343,7.16435,8.29158,21.3116,21.3057,24.4533,26.863,19.7212,21.2443,15.3382,11.468,19.3256,15.394,7.10382,13.4517,20.8972,13.8179,26.2973,13.8917,15.6088,11.3551,5.23511,20.4051,8.35258,12.8028,12.0108,19.0868,32.6844,13.556,14.5271,13.0749,14.4577,27.5258,24.5518,4.04786,9.76882,13.598,25.1521,9.98882,22.6055,23.8488,23.7282,13.4203,27.9301,21.6297,24.3606,8.42413,17.2821,45.8577,25.3137,17.0871,14.1815,21.7276,24.5457,14.8828,8.82413,10.5126,15.5579,13.5835,19.2176,34.1806,15.0282,9.77147,11.7482,17.8886,16.9071,24.4103,13.8614,6.52142,25.1269,15.2587,23.1135,30.1201,23.9541,14.6591,32.5303,23.1867,13.4618,23.8922,9.82233,8.93258,28.0404,18.8328,10.698,22.9355,13.6418,25.6317,34.0103,5.46066,13.7153,14.4773,31.5103,21.8013,30.3849,24.4115,1.90241,13.1838,22.8362,22.6415,20.6498,22.0703,3.54381,13.4638,11.9583,23.0091,14.5303,30.4943,24.5014,17.5532,24.096,20.9582,0.39763,1.60947,19.9865,29.7086,14.8006,9.71816,14.9406,13.9518,14.6672,4.99853,14.6606,14.1636,22.4837,14.6521,25.2588,13.7474,39.454,6.64172,24.8619,30.6946,10.397,15.8912,18.61,22.0843,11.937,16.7143,18.2787,12.6289,18.1319,11.2869,28.3245,25.4006,20.8455,14.6091,23.349,11.2689,8.40051,9.86069,20.8885,21.6335,10.1231,12.5443,22.6966,22.7855,22.1542,25.916,7.19321,35.6156,21.1146,23.7977,22.4372,32.0629,18.7135,20.3763,23.4631,12.0703,23.8587,3.19207,34.2866,19.1813,5.73334,12.4736,21.5126,24.1165,21.6749,21.1462,20.9255,25.5848,14.0751,10.7141,13.9899,1.60947,10.8197,15.0328,14.3529,13.8832,8.61708,14.6965,14.0179,15.6949,14.2624,19.5033,26.4663,15.2064,31.9651,6.10069,17.6392,16.641,32.6969,0.481646,25.1517,12.2439,14.3039,23.5887,30.1818,14.8521,5.93258,36.6717,16.6821,15.7832,13.0951,23.0335,23.9241,13.0733,12.3252,39.1606,17.0007,11.8455,29.1443,9.089,14.3653,15.2242,16.389,24.135,8.51828,13.7718,21.4342,28.646,25.0103,18.4637,22.0807,29.4855,14.4572,17.7436,10.4261,24.0791,10.4429,11.2492,6.36794,23.7168,31.023,19.2151,2.40032,19.1431,26.4916,6.14777,20.2248,21.3655,21.3688,19.1002,16.4901,12.0581,17.0041,19.1448,11.9243,22.2459,21.1179,25.7476,15.8482,38.2726,24.9006,15.8329,16.3076,21.6739,16.8167,12.1442,16.9258,23.2473,7.66311,21.3916,13.982,
STATS - lpIterations[1] lagIterations[49] sspIterations[1806] numSeparations[531] numCuts[0] compileTime[2] sspSolveTime[36] lpSolveTime[0] lb[7012.15] ub[7138.8] numArcs: [2169501] numFixed: [1203214] time: [88]
DUALS 89,7012.15,2169469,1356021,0,17.4451,11.9655,9.75643,23.6482,25.6336,16.3509,11.4367,19.6269,13.6125,8.47258,33.6868,23.5162,2.69496,21.7533,1.53118,33.0529,17.7932,33.436,18.2969,3.50674,18.0807,21.5916,20.6243,15.1564,8.78315,13.5144,18.8348,4.30795,16.1147,23.3399,19.1016,38.5518,9.8915,7.47168,23.5968,14.0257,1.96432,29.435,19.0269,16.9162,6.815,16.1314,3.55696,20.1176,16.0138,27.2777,13.2013,26.4406,22.461,16.8862,30.0681,34.5885,12.7451,21.3956,19.3039,16.846,14.8606,15.5317,18.6618,9.95885,24.3821,26.8925,26.6324,8.98978,34.7718,9.92047,29.3296,19.434,21.1349,18.8275,15.9143,13.7205,23.6635,16.8705,13.9599,0.287534,33.915,43.5876,23.9094,13.9501,10.9594,23.7912,5.50024,11.1326,32.5469,5.37781,24.6786,1.05435,13.7317,18.7536,8.69945,14.6461,14.5675,28.3189,32.7596,9.81897,7.34813,15.0406,12.3867,7.27714,11.0167,15.3673,21.0477,21.5966,25.8362,6.41414,8.09216,13.0295,23.2469,13.0468,26.1631,24.7597,23.7364,11.261,6.62693,26.5626,15.212,17.7007,19.6628,23.7823,23.6274,14.4921,13.4992,12.8442,30.3438,5.95217,32.3287,27.8209,12.6343,7.45189,7.71651,21.3116,21.3057,24.4533,25.7129,19.7212,21.2443,15.3382,11.468,18.1755,15.394,7.10382,13.4517,20.8972,13.5304,26.5849,13.8917,15.6088,11.6427,5.23511,18.3924,8.35258,12.8028,12.2984,19.0868,32.6844,13.8435,13.6645,13.0749,14.4577,27.5258,23.4017,3.47279,9.76882,13.8855,25.1521,9.98882,21.4554,24.1363,23.7282,11.9827,27.9301,21.9172,24.3606,8.71167,17.2821,45.8577,25.3137,17.0871,14.1815,21.7276,24.5457,14.8828,9.11167,10.5126,15.5579,13.871,19.2176,34.1806,15.0282,10.059,10.598,15.8759,16.6195,24.4103,12.7113,6.52142,24.8394,14.9712,23.401,30.4077,23.9541,14.6591,31.6677,22.8992,13.7494,24.1798,8.95973,8.93258,28.0404,18.8328,10.9855,23.223,12.4917,25.6317,34.0103,5.46066,13.7153,14.1898,30.6477,22.0888,30.3849,24.4115,2.18995,13.1838,22.8362,21.4914,20.6498,21.4953,2.68121,13.4638,12.2459,23.2966,14.5303,30.4943,24.5014,17.8408,24.096,19.5206,0.39763,0.459337,19.699,28.2709,14.8006,9.71816,14.9406,12.8017,13.2295,4.711,14.6606,14.4511,22.4837,14.6521,25.2588,13.7474,38.8789,6.92925,24.8619,30.6946,9.82193,14.7411,18.035,22.0843,10.7868,16.7143,18.2787,12.6289,18.4194,10.9993,26.3118,25.4006,20.8455,14.8967,23.349,11.2689,8.40051,10.1482,20.8885,20.4833,10.4106,12.5443,22.6966,21.6354,22.4417,25.916,7.19321,34.178,21.1146,22.6476,22.4372,32.0629,18.7135,20.3763,21.7379,11.2077,23.8587,3.4796,34.5741,19.1813,6.02087,12.4736,21.8001,23.829,21.6749,21.1462,20.9255,24.7222,14.0751,10.7141,13.4148,1.0344,10.8197,14.1702,14.3529,13.8832,8.90461,14.6965,13.7304,15.1198,13.1122,18.3531,25.8913,15.2064,31.9651,6.38822,16.4891,16.641,32.6969,0.481646,25.1517,12.5314,14.3039,23.8762,30.1818,14.8521,5.93258,36.6717,16.6821,15.2082,13.0951,23.321,23.9241,12.7858,12.6127,39.1606,17.0007,11.8455,29.1443,9.37653,14.3653,15.5117,16.389,24.4226,8.80581,12.6217,21.7217,28.646,25.0103,18.4637,22.0807,29.4855,13.0195,17.4561,10.4261,24.0791,10.4429,11.2492,6.65547,23.7168,31.023,19.2151,2.68786,19.1431,26.4916,6.14777,20.2248,21.3655,21.3688,19.1002,16.4901,12.3456,17.0041,19.4323,11.9243,21.6708,21.1179,25.7476,15.8482,38.2726,24.9006,15.8329,16.5951,20.8113,16.8167,12.1442,16.0632,23.2473,7.95065,21.3916,13.4069,
STATS - lpIterations[1] lagIterations[50] sspIterations[1846] numSeparations[531] numCuts[0] compileTime[2] sspSolveTime[37] lpSolveTime[0] lb[7013.78] ub[7138.8] numArcs: [2169469] numFixed: [1356021] time: [90]
DUALS 91,7013.78,2169453,1376300,0,17.4451,11.9655,9.75643,23.6482,25.6336,16.3509,12.3038,20.494,12.7454,8.47258,33.6868,22.6491,3.56206,21.7533,2.39828,32.1858,17.7932,33.436,19.164,3.50674,18.0807,21.5916,20.6243,16.0235,9.65025,11.7802,18.8348,1.70665,13.5134,22.4728,19.9687,35.9505,9.0244,7.47168,23.5968,14.0257,1.96432,30.3021,17.2927,15.182,7.6821,15.2643,4.42406,20.1176,16.0138,27.2777,12.3342,26.4406,23.3281,16.8862,30.0681,33.7214,12.7451,21.3956,20.171,16.846,14.8606,15.5317,18.6618,9.95885,24.3821,24.2912,26.6324,8.12268,33.9047,9.92047,26.7283,19.434,21.1349,19.6946,15.9143,13.7205,23.6635,16.8705,12.2257,1.15463,33.915,43.5876,24.7765,13.9501,10.9594,23.7912,5.50024,11.1326,31.6798,5.37781,25.5457,1.05435,13.7317,19.6207,7.83235,15.5132,15.4346,28.3189,32.7596,10.6861,7.34813,15.0406,12.3867,6.41004,11.8838,15.3673,21.9148,21.5966,25.8362,5.54704,8.95926,13.8966,21.5127,13.0468,25.296,25.6268,23.7364,11.261,6.62693,26.5626,15.212,17.7007,19.6628,24.6494,23.6274,15.3592,12.6321,12.8442,30.3438,5.95217,31.4616,27.8209,12.6343,6.58479,7.71651,21.3116,22.1728,24.4533,26.58,19.7212,21.2443,15.3382,11.468,19.0426,15.394,7.97092,13.4517,21.7643,12.6633,27.452,13.8917,15.6088,12.5098,5.23511,19.2595,8.35258,12.8028,11.4313,19.0868,33.5515,11.2422,13.6645,13.0749,14.4577,27.5258,23.4017,2.60569,9.76882,14.7526,25.1521,9.98882,21.4554,22.4021,23.7282,12.8498,26.1959,21.9172,24.3606,8.71167,17.2821,44.9906,25.3137,17.0871,14.1815,21.7276,24.5457,13.1486,9.11167,10.5126,15.5579,13.871,19.2176,34.1806,15.0282,10.059,10.598,16.743,15.7524,24.4103,13.5784,6.52142,24.8394,14.9712,23.401,31.2748,23.9541,14.6591,32.5348,23.7663,13.7494,24.1798,8.09263,8.93258,28.9075,18.8328,8.38424,23.223,12.4917,25.6317,34.0103,5.46066,13.7153,14.1898,31.5148,22.0888,30.3849,24.4115,3.05705,13.1838,21.102,21.4914,18.9156,22.3624,2.68121,13.4638,12.2459,23.2966,14.5303,30.4943,24.5014,16.1066,24.096,19.5206,0.39763,0,17.0977,28.2709,14.8006,7.98396,14.9406,12.8017,14.0966,2.9768,14.6606,14.4511,22.4837,14.6521,25.2588,12.0132,39.746,7.79635,24.8619,28.9604,10.689,14.7411,18.9021,22.0843,9.91972,16.7143,19.1458,12.6289,19.2865,10.1322,27.1789,25.4006,20.8455,14.8967,23.349,11.2689,8.40051,10.1482,20.8885,21.3504,10.4106,12.5443,20.9624,21.6354,22.4417,25.916,7.19321,35.0451,21.1146,22.6476,22.4372,32.0629,18.7135,20.3763,22.605,12.0748,23.8587,2.6125,35.4412,18.3142,6.88797,12.4736,22.6672,24.6961,21.6749,19.412,20.9255,24.7222,14.9422,10.7141,14.2819,0,10.8197,14.1702,14.3529,13.8832,8.90461,14.6965,12.8633,15.9869,13.1122,19.2202,25.8913,15.2064,32.8322,6.38822,15.622,16.641,31.8298,0,25.1517,12.5314,15.171,24.7433,30.1818,14.8521,5.93258,36.6717,17.5492,16.0753,13.0951,23.321,23.9241,11.9187,12.6127,39.1606,17.0007,11.8455,29.1443,9.37653,12.6311,15.5117,14.6548,25.2897,8.80581,12.6217,21.7217,28.646,25.0103,18.4637,22.0807,29.4855,13.8866,16.589,10.4261,24.0791,10.4429,11.2492,6.65547,23.7168,31.023,19.2151,2.68786,19.1431,26.4916,6.14777,20.2248,21.3655,21.3688,19.1002,15.623,12.3456,17.8712,19.4323,11.9243,21.6708,21.1179,25.7476,15.8482,38.2726,24.9006,15.8329,16.5951,20.8113,16.8167,12.1442,16.0632,23.2473,7.95065,21.3916,14.274,
DUALS 92,7013.78,2169416,1376306,0,18.0509,11.9655,9.75643,23.6482,25.6336,16.3509,12.9096,19.2825,13.3512,9.07835,33.6868,23.2548,4.16782,21.7533,3.00405,32.7916,17.7932,33.436,19.164,3.50674,18.0807,22.1973,20.6243,14.2062,10.256,12.3859,17.6233,2.31242,14.1192,22.4728,18.7572,36.5562,9.63017,5.65438,23.5968,14.0257,1.96432,30.9079,17.8985,15.7877,6.47057,15.2643,3.21252,20.1176,16.0138,27.2777,12.94,26.4406,23.9339,17.4919,30.6739,34.3271,12.7451,21.3956,20.171,16.846,14.8606,16.1375,18.6618,9.95885,24.3821,24.897,26.6324,8.12268,34.5105,9.92047,27.334,19.434,21.1349,20.3004,15.9143,13.7205,23.6635,16.8705,12.8315,0,33.915,43.5876,25.3823,13.9501,10.9594,23.7912,5.50024,11.1326,31.6798,5.37781,26.1515,1.66012,13.7317,17.8033,7.83235,15.5132,13.6173,28.3189,32.7596,11.2918,7.9539,15.0406,12.3867,6.41004,12.4896,15.3673,20.0975,20.9908,25.8362,5.54704,7.74773,12.6851,22.1185,13.0468,25.9018,23.8095,23.7364,11.261,6.62693,27.1683,14.6062,17.7007,19.6628,24.6494,24.2332,13.5419,13.2379,12.8442,30.3438,5.95217,32.0674,26.6094,12.6343,6.58479,7.71651,21.9173,20.9613,23.8476,24.7627,20.3269,21.2443,15.3382,11.468,17.2253,15.394,7.97092,13.4517,20.5528,12.6633,28.0577,13.8917,15.6088,13.1155,4.62934,19.2595,8.95835,12.8028,11.4313,19.0868,31.7342,11.848,13.0587,13.0749,14.4577,28.1315,22.7959,2.60569,9.76882,15.3584,25.1521,9.98882,20.8496,23.0079,23.7282,11.6382,26.8017,22.523,24.3606,8.71167,17.2821,44.9906,25.3137,17.0871,14.1815,22.3333,24.5457,13.7544,9.11167,11.1184,15.5579,13.871,19.2176,34.1806,15.0282,10.059,9.99226,16.743,16.3582,24.4103,11.7611,6.52142,24.8394,14.9712,23.401,31.8805,23.9541,14.6591,30.7175,21.949,13.7494,24.1798,8.09263,9.53835,27.0902,18.8328,8.99001,23.8288,11.8859,25.6317,34.0103,6.06643,13.7153,14.7956,29.6975,22.6946,30.3849,24.4115,1.84551,13.1838,21.7077,20.8856,19.5214,20.5451,0.863907,13.4638,12.2459,23.9024,14.5303,30.4943,24.5014,16.7123,24.096,18.309,0.39763,0.605767,17.7034,27.0594,14.8006,8.58973,14.9406,12.1959,12.8851,3.58257,14.6606,15.0569,22.4837,14.6521,25.2588,12.6189,37.9287,8.40212,24.8619,29.5662,9.47749,14.7411,17.6905,22.0843,10.5255,16.7143,19.1458,12.6289,19.8923,10.1322,27.1789,25.4006,20.8455,14.8967,23.349,11.2689,8.40051,10.1482,20.8885,19.5331,10.4106,12.5443,21.5681,21.0296,23.0475,25.916,7.19321,33.8335,21.1146,22.0418,22.4372,32.6687,18.7135,20.3763,21.9993,10.2575,23.8587,2.6125,36.047,18.92,7.49374,12.4736,23.273,22.8788,21.6749,20.0177,20.9255,25.3279,14.9422,10.7141,13.0704,0.605767,10.8197,13.5644,14.9587,14.489,8.90461,15.3022,12.8633,14.7754,12.5065,17.4029,25.8913,15.2064,32.2265,6.38822,15.0162,16.641,31.8298,0.605767,25.1517,12.5314,15.171,24.7433,30.1818,14.8521,6.53835,36.6717,15.7319,14.8637,13.0951,23.321,23.9241,11.9187,12.6127,39.1606,17.0007,11.8455,29.1443,9.37653,13.2369,16.1175,15.2606,25.8954,8.80581,12.0159,22.3275,28.646,25.0103,18.4637,22.0807,29.4855,12.6751,17.1948,10.4261,24.0791,10.4429,11.2492,6.65547,23.7168,31.023,19.8209,2.68786,19.1431,27.0974,6.14777,20.2248,21.3655,21.3688,19.1002,15.623,12.3456,16.0539,20.0381,11.9243,21.065,21.1179,25.7476,15.8482,38.8783,24.9006,15.8329,16.5951,20.2055,16.8167,12.1442,16.669,23.2473,7.95065,21.9973,13.0625,
DUALS 94,7013.78,2169364,1376306,0,16.7674,11.9655,9.75643,23.6482,25.6336,16.3509,12.9096,20.5659,13.3512,6.51146,33.6868,23.2548,4.16782,21.7533,3.00405,31.5081,19.0767,33.436,20.4475,3.50674,18.0807,22.1973,20.6243,15.4897,11.5395,13.6694,18.9067,3.59586,15.4026,21.1893,20.0406,37.8397,10.9136,6.93783,23.5968,14.0257,1.96432,30.9079,19.1819,17.0712,6.47057,15.2643,3.21252,20.1176,16.0138,27.2777,12.94,26.4406,23.9339,14.9251,29.3904,34.3271,12.7451,21.3956,21.4544,16.846,14.8606,16.1375,18.6618,9.95885,24.3821,26.1804,25.349,8.12268,34.5105,9.92047,27.334,19.434,21.1349,21.5839,15.9143,13.7205,23.6635,16.8705,14.1149,1.28345,33.915,43.5876,24.0988,13.9501,8.39252,23.7912,5.50024,9.84915,31.6798,5.37781,27.435,0.376672,13.7317,19.0868,7.83235,14.2298,14.9008,28.3189,31.4761,12.5753,7.9539,15.0406,12.3867,6.41004,12.4896,15.3673,21.381,22.2742,25.8362,5.54704,6.46428,13.9685,23.402,13.0468,25.9018,23.8095,23.7364,11.261,6.62693,25.8849,15.8897,17.7007,19.6628,24.6494,21.6663,14.8254,14.5213,12.8442,30.3438,5.95217,32.0674,27.8929,12.6343,5.30134,6.43307,21.9173,22.2448,23.8476,26.0461,19.0435,21.2443,15.3382,11.468,18.5088,15.394,6.68747,13.4517,21.8362,12.6633,26.7743,13.8917,15.6088,13.1155,4.62934,19.2595,6.39146,12.8028,11.4313,19.0868,33.0176,13.1314,14.3421,13.0749,14.4577,25.5646,24.0794,2.60569,9.76882,14.0749,25.1521,9.98882,22.1331,24.2913,23.7282,12.9217,28.0852,19.9561,24.3606,8.71167,17.2821,43.7071,25.3137,17.0871,14.1815,22.3333,24.5457,15.0379,9.11167,8.55146,15.5579,13.871,19.2176,34.1806,15.0282,10.059,11.2757,18.0264,16.3582,24.4103,13.0445,5.23797,24.8394,14.9712,23.401,33.164,23.9541,14.6591,32.001,23.2324,13.7494,24.1798,8.09263,6.97146,28.3736,18.8328,10.2735,22.5453,13.1694,25.6317,34.0103,3.49953,13.7153,14.7956,30.981,22.6946,30.3849,24.4115,3.12896,13.1838,22.9912,22.1691,20.8048,21.8285,2.14735,13.4638,12.2459,21.3355,14.5303,30.4943,24.5014,17.9958,24.096,19.5925,0.39763,0,18.9869,28.3429,14.8006,9.87318,12.3737,13.4794,14.1685,3.58257,14.6606,13.7734,22.4837,14.6521,25.2588,13.9024,39.2121,8.40212,24.8619,30.8497,10.7609,13.4576,18.974,22.0843,7.95859,16.7143,20.4293,12.6289,18.6088,10.1322,28.4623,25.4006,20.8455,14.8967,23.349,11.2689,8.40051,10.1482,20.8885,20.8166,10.4106,12.5443,22.8516,22.3131,23.0475,25.916,7.19321,35.117,21.1146,23.3252,22.4372,32.6687,19.9969,20.3763,21.9993,11.541,23.8587,2.6125,37.3304,18.92,7.49374,12.4736,24.5564,24.1623,21.6749,20.0177,20.9255,22.761,13.6588,10.7141,13.0704,0,8.25277,13.5644,13.6752,14.489,8.90461,15.3022,12.8633,16.0588,13.7899,18.6864,25.8913,15.2064,33.5099,6.38822,16.2997,16.641,30.5464,0.605767,25.1517,12.5314,15.171,24.7433,30.1818,14.8521,3.97146,36.6717,17.0153,16.1472,13.0951,23.321,23.9241,11.9187,12.6127,39.1606,17.0007,11.8455,29.1443,9.37653,14.5203,16.1175,16.5441,27.1789,8.80581,13.2994,22.3275,28.646,25.0103,18.4637,22.0807,29.4855,13.9585,17.1948,10.4261,24.0791,10.4429,11.2492,6.65547,23.7168,31.023,19.8209,2.68786,19.1431,28.3809,6.14777,20.2248,21.3655,21.3688,19.1002,15.623,12.3456,17.3374,18.7546,11.9243,21.065,21.1179,25.7476,15.8482,37.5949,24.9006,15.8329,16.5951,20.2055,16.8167,12.1442,15.3855,23.2473,7.95065,21.9973,14.3459,
STATS - lpIterations[1] lagIterations[53] sspIterations[1968] numSeparations[531] numCuts[0] compileTime[2] sspSolveTime[39] lpSolveTime[0] lb[7017.4] ub[7138.8] numArcs: [2169364] numFixed: [1376306] time: [95]
DUALS 96,7017.4,2169345,1420193,0,17.1014,11.9655,10.0904,23.6482,25.6336,16.3509,12.9096,20.232,13.3512,6.84545,33.6868,23.2548,4.16782,21.7533,3.00405,31.5081,19.0767,33.436,20.1135,3.50674,18.4147,22.1973,20.6243,15.1557,7.19761,13.0014,18.5728,3.59586,15.7366,21.5233,19.7066,37.8397,10.9136,6.26985,23.5968,14.0257,1.96432,31.2419,19.1819,16.7372,6.13658,15.5983,2.87853,20.1176,16.3478,27.2777,12.94,26.4406,23.9339,15.259,29.7244,34.3271,13.0791,21.7296,21.1204,16.846,14.8606,16.1375,18.6618,10.2928,24.3821,26.1804,25.683,8.12268,34.5105,9.92047,27.668,19.434,21.1349,19.2459,15.9143,13.7205,23.6635,16.8705,13.781,0.949459,33.915,43.5876,24.4328,13.9501,8.72651,23.7912,5.83423,10.1831,32.0138,5.7118,25.097,0.71066,13.7317,19.0868,7.49836,14.5638,14.5668,28.6529,31.8101,10.9053,7.9539,15.0406,12.7207,6.41004,12.4896,15.3673,20.713,21.2723,25.8362,5.54704,6.79827,13.6345,22.734,13.0468,26.2358,23.8095,23.7364,11.261,6.62693,26.2189,15.5557,18.0347,19.6628,24.6494,22.0003,14.1574,13.8534,12.8442,30.3438,5.95217,32.0674,27.5589,12.6343,5.30134,6.76705,21.9173,22.2448,23.8476,26.0461,19.0435,21.2443,15.3382,11.468,18.5088,15.394,6.68747,13.4517,21.5023,12.6633,27.1083,13.8917,15.6088,13.1155,4.62934,19.5935,6.72545,12.8028,11.7653,19.0868,33.0176,13.4654,13.3402,13.0749,14.4577,25.8986,23.7454,2.60569,9.76882,14.4089,25.1521,9.98882,21.1311,24.6253,23.7282,12.5877,27.7512,20.2901,24.3606,9.04565,17.2821,44.0411,25.3137,17.421,14.5155,22.6673,24.5457,14.7039,9.44565,8.88545,15.5579,13.871,19.2176,34.1806,15.0282,10.059,10.9417,17.6924,16.6922,24.4103,13.0445,5.57196,24.8394,14.9712,23.401,29.4901,24.2881,14.6591,31.333,22.8984,14.0833,24.1798,8.09263,7.30545,28.3736,18.8328,10.6074,22.8793,12.5014,25.6317,34.0103,3.83352,13.7153,14.7956,30.313,22.6946,30.3849,24.4115,2.79497,13.1838,22.3232,21.5011,20.1368,21.4945,1.81337,13.4638,12.5799,21.6695,14.5303,30.4943,24.5014,18.3298,24.096,19.2585,0.39763,0,18.9869,28.0089,14.8006,9.53919,12.7076,13.1454,13.8345,3.91656,14.6606,14.1074,22.4837,14.6521,25.5928,13.5684,38.8781,8.40212,24.8619,30.8497,10.427,13.7916,18.64,22.0843,8.29258,17.0483,20.0953,12.6289,18.9428,9.79823,28.1284,25.4006,20.8455,14.8967,23.349,11.2689,8.40051,10.1482,20.8885,20.8166,10.4106,12.5443,21.8496,21.3111,23.0475,25.916,7.19321,34.783,21.1146,22.3233,22.4372,32.6687,19.3289,20.7103,21.6653,10.873,23.8587,2.6125,35.3265,18.92,7.49374,12.4736,22.2185,23.8283,21.6749,20.0177,20.9255,23.095,13.9928,11.0481,13.0704,0.333989,8.58676,13.5644,13.6752,14.489,8.90461,15.3022,12.8633,15.7248,12.788,18.6864,25.5573,15.2064,33.1759,6.38822,15.2977,16.641,30.8804,0.605767,25.1517,12.5314,15.171,25.0773,30.1818,14.8521,4.30545,36.6717,17.0153,15.8132,13.0951,23.321,24.2581,11.9187,12.2787,39.1606,17.3347,11.8455,29.1443,9.04255,13.5184,16.1175,15.5421,25.8429,9.1398,12.6314,22.3275,28.646,25.0103,18.4637,22.0807,29.4855,13.6245,17.5288,10.4261,24.0791,10.4429,11.2492,6.65547,23.7168,31.023,20.1549,2.01988,19.1431,28.3809,5.81379,20.2248,21.3655,21.3688,19.4342,15.957,12.6796,17.3374,19.0886,11.9243,21.065,21.4519,25.7476,15.8482,37.9289,24.9006,15.8329,16.5951,20.2055,16.8167,12.1442,15.7195,23.2473,7.95065,21.9973,14.012,
STATS - lpIterations[1] lagIterations[54] sspIterations[2003] numSeparations[531] numCuts[0] compileTime[2] sspSolveTime[40] lpSolveTime[0] lb[7032.67] ub[7138.8] numArcs: [2169345] numFixed: [1420193] time: [96]
DUALS 98,7032.67,2169266,1526528,0,17.1014,11.9655,10.0904,23.6482,25.6336,16.3509,12.9096,21.7748,13.3512,8.38824,33.6868,23.2548,4.16782,21.7533,3.00405,31.5081,19.0767,33.436,18.5707,3.50674,15.3291,22.1973,20.6243,16.6985,8.74041,13.0014,17.03,3.59586,15.7366,21.5233,19.7066,37.8397,10.9136,7.81264,23.5968,14.0257,1.96432,32.7847,19.1819,16.7372,6.13658,15.5983,4.42133,20.1176,13.2622,27.2777,12.94,26.4406,25.4767,15.259,29.7244,34.3271,11.5363,23.2724,19.5776,16.846,14.8606,16.1375,18.6618,8.75004,24.3821,26.1804,27.2258,6.57989,34.5105,9.92047,29.2108,19.434,21.1349,20.7887,15.9143,13.7205,23.6635,16.8705,13.781,0,33.915,43.5876,25.9756,13.9501,10.2693,23.7912,5.83423,11.7259,32.0138,4.169,26.6398,2.25345,13.7317,19.0868,7.49836,16.1066,16.1096,30.1957,31.8101,12.4481,7.9539,15.0406,12.7207,6.41004,12.4896,15.3673,22.2558,21.2723,25.8362,7.08983,3.71268,13.6345,22.734,13.0468,27.7786,23.8095,23.7364,11.261,6.62693,26.2189,15.5557,14.9491,19.6628,24.6494,23.5431,15.7002,13.8534,12.8442,30.3438,5.95217,30.5246,26.0161,12.6343,6.84413,8.30985,21.9173,20.702,22.3048,26.0461,19.0435,21.2443,15.3382,11.468,18.5088,15.394,6.68747,13.4517,23.0451,14.2061,28.6511,13.8917,15.6088,13.1155,4.62934,18.0507,8.26824,12.8028,11.7653,19.0868,31.4748,13.4654,13.3402,13.0749,14.4577,27.4414,23.7454,4.14849,9.76882,15.9517,25.1521,9.98882,21.1311,24.6253,23.7282,12.5877,27.7512,21.8329,24.3606,9.04565,17.2821,44.0411,25.3137,18.9638,16.0583,22.6673,24.5457,14.7039,9.44565,10.4282,15.5579,13.871,19.2176,34.1806,15.0282,10.059,9.39892,16.1496,18.235,24.4103,13.0445,7.11475,24.8394,14.9712,23.401,31.0329,21.2025,14.6591,32.8758,21.3556,14.0833,24.1798,8.09263,8.84824,26.8308,18.8328,10.6074,24.4221,12.5014,25.6317,34.0103,5.37631,13.7153,14.7956,31.8558,22.6946,30.3849,24.4115,2.79497,13.1838,22.3232,21.5011,20.1368,23.0373,3.35616,13.4638,12.5799,23.2123,14.5303,30.4943,24.5014,19.8726,24.096,17.7157,0.39763,0,18.9869,26.4661,14.8006,6.4536,14.2504,13.1454,13.8345,5.45935,14.6606,15.6502,22.4837,14.6521,24.05,13.5684,37.3353,8.40212,24.8619,29.3069,11.9697,15.3344,20.1828,22.0843,9.83538,17.0483,21.6381,12.6289,20.4856,9.79823,26.5856,25.4006,20.8455,14.8967,23.349,11.2689,8.40051,10.1482,20.8885,20.8166,10.4106,12.5443,21.8496,21.3111,23.0475,25.916,7.19321,34.783,21.1146,22.3233,22.4372,32.6687,19.3289,19.1675,21.6653,12.4158,23.8587,2.6125,36.8693,18.92,7.49374,12.4736,23.7613,25.3711,21.6749,18.4749,20.9255,24.6378,15.5355,7.96251,14.6132,0,10.1296,13.5644,13.6752,14.489,8.90461,15.3022,14.4061,17.2676,12.788,18.6864,25.5573,15.2064,31.6331,6.38822,15.2977,16.641,30.8804,0.605767,25.1517,12.5314,16.7138,26.6201,30.1818,14.8521,5.84824,36.6717,15.4725,17.356,13.0951,23.321,21.1725,11.9187,12.2787,39.1606,14.2491,11.8455,29.1443,7.49975,13.5184,16.1175,15.5421,25.8429,9.1398,12.6314,22.3275,28.646,25.0103,18.4637,22.0807,29.4855,13.6245,19.0716,10.4261,24.0791,10.4429,11.2492,6.65547,23.7168,31.023,21.6976,2.01988,19.1431,28.3809,5.81379,20.2248,21.3655,21.3688,20.977,15.957,12.6796,15.7946,20.6314,11.9243,21.065,22.9947,25.7476,15.8482,37.9289,24.9006,15.8329,16.5951,20.2055,16.8167,12.1442,17.2623,23.2473,7.95065,21.9973,15.5548,
DUALS 101,7032.67,2196386,1546546,0,17.4884,11.9655,10.4774,23.6482,25.6336,16.3509,13.2966,20.6137,13.3512,8.38824,33.6868,23.2548,4.55483,21.7533,3.39106,31.5081,19.0767,33.436,18.9577,3.89375,15.7162,22.1973,20.6243,14.7634,8.74041,12.6144,17.417,2.43483,14.9626,21.5233,20.0936,37.8397,10.5266,6.65161,23.5968,14.4127,2.35133,30.4626,19.569,16.3502,5.74957,15.5983,3.2603,20.1176,13.6492,27.2777,12.94,26.4406,25.4767,15.6461,30.1114,34.3271,11.9233,22.8854,19.9647,16.846,14.8606,16.5245,18.6618,9.13705,24.3821,26.1804,27.2258,6.57989,34.8975,10.3075,29.2108,19.434,21.1349,20.7887,15.9143,13.7205,23.6635,16.8705,13.3939,0.38701,33.915,43.5876,25.5886,13.9501,10.2693,24.1782,6.22124,11.7259,32.0138,4.55601,26.6398,1.86644,13.7317,19.0868,7.88537,16.1066,14.1745,29.8086,31.8101,11.6741,7.9539,15.0406,13.1077,5.63602,12.8766,15.3673,20.3207,21.2723,25.8362,6.31581,4.09969,14.0215,22.347,13.0468,25.0695,23.8095,23.7364,11.261,7.01394,26.6059,15.5557,15.3362,19.6628,25.0364,23.9301,13.7651,13.4664,12.8442,30.7308,5.95217,30.9116,26.4031,12.6343,7.23114,8.69686,21.9173,21.089,22.6918,26.0461,19.0435,20.4703,15.3382,11.468,18.5088,15.394,4.75242,13.4517,21.497,13.8191,27.8771,13.8917,15.6088,13.5026,4.62934,18.4377,8.26824,12.8028,12.1523,19.0868,31.8618,12.3044,13.3402,13.0749,14.4577,27.8284,23.7454,3.37447,9.76882,15.5647,25.1521,9.98882,21.1311,23.4643,23.7282,12.9747,27.3642,22.2199,24.3606,9.43266,17.2821,44.0411,25.3137,18.5768,15.6713,23.0543,24.5457,14.3169,9.83266,10.4282,15.5579,13.871,19.6046,34.1806,15.0282,10.446,9.78593,16.5366,15.5259,24.4103,13.0445,7.11475,24.8394,15.3582,23.401,31.0329,21.5895,14.6591,30.9407,21.7426,14.4703,24.1798,7.70562,8.84824,27.2179,18.8328,9.44641,24.8091,12.5014,25.6317,34.0103,5.37631,13.7153,14.7956,29.9207,23.0816,30.3849,24.4115,2.40796,13.5708,22.3232,21.5011,19.7498,21.1023,2.58214,13.8508,12.5799,23.5993,14.5303,30.4943,24.5014,18.7115,24.096,18.1027,0.39763,0.38701,19.3739,26.8531,14.8006,6.84061,14.2504,13.1454,14.2215,3.91131,14.6606,13.7152,22.4837,14.6521,24.437,13.1814,37.7224,8.78913,24.8619,29.6939,10.8087,15.7214,19.0218,22.0843,8.67435,17.0483,20.477,12.6289,20.0986,9.41122,26.9726,25.4006,20.8455,14.8967,23.349,11.2689,7.62649,10.5352,20.8885,20.8166,10.7976,12.5443,21.4626,21.3111,23.4345,25.916,7.19321,35.17,21.1146,22.3233,22.4372,32.6687,18.9419,19.5545,22.0523,10.4807,24.2457,2.99951,36.8693,19.307,7.88075,12.4736,23.7613,24.21,21.6749,18.4749,20.9255,23.4768,15.5355,8.34952,14.6132,0.38701,10.1296,13.5644,13.6752,14.876,8.5176,15.3022,14.0191,16.1066,12.788,18.6864,24.7832,15.5934,32.0201,6.77523,14.9107,16.641,30.8804,0.605767,25.1517,12.9184,16.7138,23.911,30.1818,14.8521,5.84824,36.6717,15.8595,16.582,13.0951,23.321,21.5595,11.5317,12.6657,39.1606,14.6362,11.8455,29.1443,7.88676,13.1313,16.5045,15.1551,24.2949,9.52681,12.6314,22.7145,28.646,25.0103,18.8507,22.0807,29.4855,14.0115,16.3625,10.4261,24.0791,10.4429,11.2492,7.04248,23.7168,31.023,19.3756,2.40689,19.1431,28.3809,5.81379,20.2248,21.3655,21.3688,20.59,15.957,13.0666,16.1816,21.0184,11.1503,21.065,22.6076,25.7476,15.8482,38.3159,24.9006,15.8329,16.9822,20.2055,16.8167,12.1442,16.4883,23.2473,8.33766,21.9973,14.0067,
DUALS 102,7032.67,2196320,1546598,0,18.5244,11.9655,9.44142,23.6482,25.6336,16.3509,13.2966,20.6137,14.3872,8.38824,33.6868,24.2908,4.55483,21.7533,3.39106,31.5081,18.0407,33.436,19.9937,2.85774,16.7522,21.1613,20.6243,15.7994,9.77642,13.6504,18.453,3.47085,15.9986,21.5233,21.1296,37.8397,11.5626,5.6156,23.5968,14.4127,1.31532,31.4986,19.569,17.3862,4.71356,14.5622,2.22429,21.1536,14.6852,27.2777,13.976,26.4406,25.4767,14.61,31.1474,34.3271,12.9593,22.8854,21.0007,16.846,14.8606,16.5245,18.6618,10.1731,24.3821,26.1804,25.1538,6.57989,34.8975,9.27147,29.2108,19.434,21.1349,20.7887,15.9143,12.6844,23.6635,16.8705,14.43,0.38701,33.915,43.5876,23.5166,13.9501,10.2693,25.2142,5.18523,11.7259,32.0138,5.59202,26.6398,1.86644,13.7317,19.0868,6.84936,16.1066,15.2105,29.8086,31.8101,12.7101,7.9539,15.0406,12.0717,5.63602,12.8766,15.3673,21.3567,20.2363,25.8362,6.31581,5.1357,15.0575,23.383,13.0468,26.1055,23.8095,23.7364,12.2971,5.97793,27.6419,14.5197,16.3722,18.6268,25.0364,21.858,14.8011,14.5024,12.8442,30.7308,5.95217,31.9476,27.4391,13.6703,6.19513,7.66085,20.8813,22.125,23.7278,26.0461,19.0435,21.5063,15.3382,11.468,18.5088,15.394,5.78844,13.4517,22.533,13.8191,25.805,13.8917,15.6088,13.5026,3.59333,19.4737,8.26824,12.8028,13.1883,19.0868,32.8978,13.3404,12.3042,13.0749,14.4577,25.7564,22.7094,3.37447,9.76882,13.4927,25.1521,9.98882,20.0951,24.5003,23.7282,14.0107,28.4002,20.1479,24.3606,8.39665,18.3181,43.0051,25.3137,18.5768,15.6713,24.0903,24.5457,15.3529,8.79665,10.4282,15.5579,12.835,19.6046,34.1806,15.0282,10.446,10.8219,17.5726,16.5619,24.4103,13.0445,7.11475,25.8754,16.3942,22.365,32.0689,22.6255,13.6231,31.9767,22.7787,13.4343,23.1437,7.70562,8.84824,28.2539,18.8328,10.4824,22.7371,11.4654,25.6317,34.0103,5.37631,13.7153,15.8316,30.9567,23.0816,30.3849,24.4115,2.40796,13.5708,23.3592,20.4651,20.7858,22.1383,1.54613,13.8508,10.5078,21.5272,14.5303,31.5303,24.5014,19.7476,24.096,19.1387,0.39763,0,19.3739,27.8891,14.8006,7.87662,14.2504,12.1094,15.2575,4.94732,14.6606,14.7512,22.4837,14.6521,25.473,14.2174,38.7584,8.78913,24.8619,29.6939,9.77271,14.6854,19.0218,23.1203,9.71036,17.0483,17.369,12.6289,18.0266,9.41122,28.0086,25.4006,20.8455,13.8606,23.349,11.2689,8.6625,9.49922,20.8885,20.8166,10.7976,13.5803,22.4986,20.2751,23.4345,25.916,7.19321,36.206,21.1146,21.2873,22.4372,32.6687,18.9419,20.5905,22.0523,11.5167,25.2817,2.99951,36.8693,20.343,7.88075,12.4736,23.7613,25.246,21.6749,19.511,20.9255,23.4768,13.4635,9.38553,13.5772,0.38701,10.1296,14.6004,13.6752,14.876,9.55362,14.2662,14.0191,15.0706,11.7519,18.6864,25.8193,15.5934,33.0561,5.73922,14.9107,16.641,30.8804,0.605767,25.1517,11.8824,16.7138,24.947,30.1818,15.8881,5.84824,36.6717,16.8956,16.582,13.0951,22.285,22.5955,11.5317,11.6297,39.1606,15.6722,11.8455,30.1803,7.88676,14.1674,16.5045,16.1911,25.3309,8.4908,11.5954,22.7145,28.646,25.0103,19.8867,23.1167,29.4855,15.0475,17.3985,10.4261,23.0431,10.4429,11.2492,6.00647,23.7168,31.023,20.4116,1.37088,19.1431,28.3809,5.81379,20.2248,21.3655,21.3688,20.59,15.957,14.1026,17.2176,19.9824,12.1863,22.101,22.6076,25.7476,16.8842,39.3519,24.9006,15.8329,16.9822,20.2055,16.8167,12.1442,17.5243,23.2473,7.30165,20.9613,14.0067,
DUALS 104,7032.67,2196302,1546609,0,18.0861,11.9655,9.87974,23.2099,25.6336,16.3509,13.7349,20.6137,13.0722,8.38824,33.6868,22.9759,4.99316,21.7533,3.82938,31.9464,18.0407,33.436,19.9937,3.29607,17.1905,21.5996,20.6243,15.7994,9.77642,11.8971,17.5763,1.71755,15.5603,21.5233,20.253,37.8397,11.1243,6.05393,23.5968,14.851,1.75365,31.4986,19.1306,15.6329,5.15189,14.5622,2.66261,20.7153,15.1235,27.2777,12.661,26.4406,25.4767,15.0484,30.7091,34.7655,11.6443,22.8854,21.0007,16.846,14.8606,16.5245,18.6618,8.85809,24.3821,26.1804,25.5921,6.57989,34.4592,9.70979,28.7725,19.434,21.1349,20.7887,15.9143,13.1228,23.6635,16.8705,12.6767,0.825335,33.915,43.5876,23.9549,13.9501,9.39266,23.4609,5.62355,11.2876,32.0138,5.1537,26.6398,1.42812,13.7317,19.5251,6.84936,16.1066,15.2105,29.8086,31.8101,12.7101,7.9539,15.0406,12.51,5.63602,13.3149,15.3673,20.4801,20.6746,25.8362,6.31581,5.57402,14.1809,21.6297,13.0468,26.5439,24.2478,23.7364,12.2971,6.41625,27.2036,14.958,16.8105,19.0651,25.0364,22.2964,13.9245,13.1874,12.8442,30.7308,5.95217,31.5093,26.5624,13.232,6.19513,7.66085,21.3196,22.125,23.7278,26.4844,19.4818,21.0679,14.8999,11.468,18.9471,14.9556,5.78844,13.4517,22.533,13.8191,26.2434,13.8917,15.6088,13.5026,4.03165,19.4737,8.26824,12.8028,13.1883,19.0868,32.8978,12.9021,12.7425,13.0749,14.4577,26.1947,23.1477,3.37447,9.76882,13.931,25.1521,9.98882,20.5334,24.062,23.2899,13.1341,26.2085,20.5862,24.3606,8.83498,18.3181,43.0051,25.3137,18.5768,15.6713,23.652,24.5457,13.5996,9.23498,10.4282,15.5579,13.2733,19.6046,34.1806,14.5899,10.8843,9.94529,17.5726,17.0002,24.4103,13.4828,6.67643,24.5604,14.6409,22.8033,32.0689,23.0639,14.0614,31.1001,22.7787,13.8727,23.5821,7.70562,8.84824,28.2539,18.8328,10.0441,23.1754,11.9037,25.6317,34.0103,5.37631,13.7153,13.2016,30.0801,22.6432,30.3849,24.4115,2.84629,13.5708,22.0442,20.9034,19.4709,21.6999,1.98445,13.8508,10.9462,21.9656,14.5303,31.092,24.5014,17.9943,24.096,18.2621,0.39763,0.438325,19.3739,27.0124,14.8006,7.87662,13.8121,12.5477,14.3809,2.7557,14.6606,15.1895,22.0454,14.6521,24.5963,14.2174,38.7584,9.22745,24.8619,29.2556,10.211,14.6854,19.0218,22.682,9.27203,17.0483,17.8073,12.6289,18.4649,9.41122,28.0086,25.4006,20.8455,14.299,22.9107,10.8305,8.6625,9.93754,20.8885,21.2549,11.236,13.142,20.7453,20.7134,23.4345,25.916,7.19321,35.7677,21.1146,21.7256,22.4372,33.107,18.0653,19.7138,22.0523,10.6401,23.5284,2.99951,36.8693,19.0281,8.31907,12.4736,23.7613,24.8077,21.6749,17.7577,20.9255,23.0385,13.9019,9.82386,14.0155,0.825335,9.69123,12.8471,14.1135,14.4377,9.55362,14.7046,14.0191,15.5089,12.1903,19.1247,25.8193,15.5934,33.0561,6.17754,15.349,16.641,30.8804,0.605767,25.1517,12.3207,16.7138,24.947,30.1818,15.0114,5.84824,36.6717,16.8956,16.582,13.0951,22.7233,23.0339,11.5317,12.068,39.1606,16.1105,11.8455,29.742,8.32509,12.8524,16.5045,14.4378,24.8926,8.92912,12.0337,22.7145,28.646,25.0103,18.5717,22.6783,29.4855,14.1709,17.8368,10.4261,23.4814,10.4429,11.2492,6.44479,23.7168,30.5847,20.8499,1.8092,19.1431,27.9425,5.81379,20.2248,21.3655,21.3688,20.1517,15.957,14.541,17.6559,19.9824,11.7479,21.6627,22.6076,25.7476,16.0075,38.9136,24.9006,15.3946,17.4205,20.2055,16.8167,12.1442,17.086,23.2473,7.73997,21.3996,14.0067,
DUALS 106,7032.67,2196238,1550757,0,18.0861,11.9655,9.87974,24.6788,25.6336,16.3509,12.266,22.0826,14.5412,8.38824,33.6868,24.4448,3.52424,21.7533,0.891543,31.9464,19.5096,33.436,19.9937,3.29607,17.1905,21.5996,20.6243,17.2684,9.77642,13.366,17.5763,3.18647,17.0292,21.5233,20.253,37.8397,12.5932,6.05393,23.5968,14.851,1.75365,31.4986,19.1306,17.1018,6.6208,16.0312,4.13153,20.7153,15.1235,27.2777,14.13,26.4406,25.4767,16.5173,30.7091,34.7655,13.1132,22.8854,21.0007,18.3149,14.8606,16.5245,18.6618,10.327,24.3821,26.1804,27.061,6.57989,34.4592,9.70979,28.7725,19.434,21.1349,20.7887,15.9143,14.5917,23.6635,16.8705,14.1456,0,33.915,43.5876,23.9549,13.9501,9.39266,24.9298,5.62355,11.2876,32.0138,6.62262,26.6398,1.42812,13.7317,18.0562,5.38044,16.1066,16.6795,29.8086,31.8101,12.7101,7.9539,15.0406,12.51,5.63602,11.846,15.3673,21.949,22.1435,25.8362,6.31581,7.04294,14.1809,23.0986,13.0468,26.5439,24.2478,23.7364,12.2971,6.41625,27.2036,16.4269,16.8105,20.534,26.5053,23.7653,15.3934,14.6563,12.8442,30.7308,5.95217,31.5093,26.5624,13.232,4.72621,6.19193,21.3196,22.125,23.7278,25.0155,19.4818,21.0679,16.3688,11.468,17.4782,16.4246,5.78844,13.4517,24.0019,13.8191,26.2434,13.8917,15.6088,12.0336,4.03165,19.4737,8.26824,12.8028,13.1883,19.0868,32.8978,14.371,14.2114,13.0749,14.4577,27.6636,24.6166,3.37447,9.76882,15.3999,25.1521,9.98882,22.0024,25.5309,24.7588,13.1341,27.6775,22.0551,24.3606,8.83498,18.3181,43.0051,25.3137,18.5768,15.6713,23.652,24.5457,15.0685,9.23498,10.4282,15.5579,14.7422,19.6046,34.1806,16.0588,10.8843,9.94529,17.5726,17.0002,24.4103,12.0139,6.67643,24.5604,16.1098,24.2722,32.0689,23.0639,15.5304,32.569,21.3097,13.8727,25.051,7.70562,8.84824,28.2539,18.8328,11.513,24.6443,13.3726,25.6317,34.0103,5.37631,13.7153,14.6705,31.549,22.6432,30.3849,24.4115,2.84629,13.5708,23.5132,22.3723,20.9398,23.1689,1.98445,13.8508,12.4151,23.4345,14.5303,31.092,24.5014,17.9943,24.096,18.2621,0.39763,0,20.8428,27.0124,14.8006,7.87662,13.8121,14.0166,14.3809,4.22462,14.6606,13.7206,23.5143,14.6521,26.0652,15.6863,37.2895,7.75854,24.8619,29.2556,11.6799,13.2165,19.0218,22.682,10.741,17.0483,19.2763,12.6289,18.4649,9.41122,28.0086,25.4006,20.8455,15.7679,24.3796,12.2995,7.19358,9.93754,20.8885,19.786,11.236,13.142,22.2142,22.1824,23.4345,25.916,7.19321,35.7677,21.1146,23.1945,22.4372,33.107,19.5342,21.1828,23.5212,12.109,24.9973,2.99951,36.8693,20.497,5.38124,12.4736,23.7613,26.2766,21.6749,19.2266,20.9255,23.0385,15.3708,9.82386,15.4844,0,9.69123,14.316,14.1135,14.4377,8.0847,14.7046,14.0191,16.9778,13.6592,19.1247,25.8193,15.5934,31.5872,6.17754,16.818,16.641,30.8804,0.605767,25.1517,12.3207,16.7138,24.947,30.1818,16.4803,5.84824,36.6717,18.3645,16.582,13.0951,24.1922,23.0339,11.5317,12.068,39.1606,16.1105,11.8455,29.742,8.32509,14.3213,16.5045,15.9067,23.4236,8.92912,13.5026,22.7145,28.646,25.0103,20.0406,22.6783,29.4855,14.1709,17.8368,10.4261,24.9504,10.4429,11.2492,6.44479,23.7168,32.0536,22.3188,1.8092,19.1431,27.9425,4.34487,20.2248,21.3655,21.3688,20.1517,15.957,14.541,17.6559,18.5135,11.7479,23.1316,22.6076,25.7476,16.0075,38.9136,24.9006,15.3946,17.4205,20.2055,16.8167,12.1442,17.086,24.7163,7.73997,21.3996,14.0067,
STATS - lpIterations[1] lagIterations[59] sspIterations[2213] numSeparations[617] numCuts[0] compileTime[2] sspSolveTime[44] lpSolveTime[0] lb[7041.86] ub[7138.8] numArcs: [2196238] numFixed: [1550757] time: [107]
DUALS 108,7041.86,2196211,1699368,0,18.0861,11.9655,9.87974,22.933,25.6336,16.3509,12.6151,21.3843,14.192,8.38824,34.036,24.0956,3.8734,21.7533,1.2407,31.9464,19.1604,33.7851,19.9937,3.64522,17.5397,21.5996,20.6243,15.8717,9.77642,13.366,17.5763,1.78983,15.9817,21.5233,20.253,37.8397,11.8949,5.00645,23.946,15.2002,2.10281,31.4986,19.1306,17.1018,5.92249,15.682,3.43321,20.7153,15.4727,27.2777,13.7808,26.4406,25.4767,16.5173,30.7091,34.7655,12.0658,22.8854,21.0007,18.3149,14.8606,16.8736,18.6618,9.27953,24.7313,26.5296,27.061,6.92904,34.4592,10.059,28.7725,19.434,21.1349,20.7887,15.9143,13.5442,23.6635,16.8705,13.4473,0.349159,33.915,43.5876,24.3041,13.9501,9.39266,24.2315,5.62355,11.2876,32.0138,5.9243,26.6398,1.42812,13.7317,18.4054,5.7296,15.7574,15.2828,29.8086,31.8101,12.7101,7.9539,15.0406,12.51,5.98518,12.1951,15.3673,20.5524,21.4452,25.8362,6.66497,7.3921,14.1809,23.0986,13.396,26.893,24.597,23.7364,12.2971,6.41625,27.2036,15.7286,17.1597,19.1374,26.1562,24.1144,13.9968,14.3072,12.8442,30.7308,5.95217,31.1601,26.5624,13.232,5.07537,6.54109,21.3196,22.4741,24.0769,25.3647,19.4818,20.7188,14.623,11.468,17.8273,15.3771,5.78844,13.4517,22.9545,14.1683,26.5925,13.8917,15.958,12.3828,4.03165,19.4737,8.26824,12.8028,13.1883,19.0868,33.247,12.6252,13.5131,13.0749,14.4577,27.6636,23.9183,3.72363,10.118,15.7491,25.1521,10.338,21.304,24.4834,23.013,13.1341,27.6775,22.0551,24.3606,8.83498,18.3181,43.0051,25.3137,18.5768,15.6713,23.652,24.1966,14.7193,9.23498,10.4282,15.5579,13.3456,19.6046,34.1806,14.313,11.2335,9.94529,17.9218,17.3494,24.7595,12.3631,6.67643,24.2113,15.4115,22.8756,32.0689,23.413,14.1337,31.1724,21.6589,13.8727,23.6544,8.05478,8.84824,28.603,18.8328,10.1164,24.9935,12.6743,25.6317,34.0103,5.37631,14.0645,14.3214,30.1524,22.6432,30.3849,24.7607,2.14797,13.5708,23.164,21.674,20.2415,21.7722,1.28614,13.8508,11.3676,23.4345,14.5303,31.092,24.5014,16.5976,24.4451,18.2621,0.746789,0.349159,20.4936,27.0124,14.8006,8.22578,13.8121,13.3183,14.3809,2.82798,14.6606,14.0698,21.7685,14.6521,25.3669,15.3371,37.6386,8.1077,24.8619,29.2556,10.9816,13.5657,18.3234,22.682,10.3918,17.0483,19.2763,12.6289,18.8141,9.76038,28.0086,25.4006,20.8455,14.3712,22.6338,10.5537,7.54274,10.2867,20.8885,20.1351,11.5851,13.142,22.2142,21.484,23.7836,26.2651,7.19321,35.7677,21.1146,22.4962,22.4372,33.107,19.5342,20.1353,23.1721,10.7124,24.299,3.34867,36.8693,20.1478,5.7304,12.4736,23.7613,25.2292,21.6749,18.8774,20.9255,23.0385,15.3708,10.173,15.1353,0.349159,9.69123,12.9194,14.1135,14.4377,8.43386,14.7046,14.3683,16.2795,13.31,19.1247,25.8193,15.5934,31.9364,6.5267,16.4688,16.641,30.8804,0.954927,25.1517,12.6699,16.7138,24.947,30.1818,16.4803,5.84824,36.6717,18.7136,15.8836,13.4442,22.7956,23.383,11.5317,12.4172,39.1606,16.4597,11.8455,29.742,8.67424,14.3213,16.8536,15.9067,23.4236,8.92912,12.8043,23.0636,28.646,25.3595,19.3423,22.6783,29.4855,14.1709,18.186,10.7752,23.5537,10.4429,11.5984,6.79395,24.066,30.3078,22.3188,1.8092,19.4923,27.9425,4.34487,20.2248,21.3655,21.718,20.1517,15.957,14.8901,18.0051,18.8627,11.3988,22.4333,22.6076,25.7476,16.0075,38.9136,24.9006,14.6963,17.7696,20.2055,16.8167,12.1442,17.086,24.3671,8.08913,21.3996,13.3084,
STATS - lpIterations[1] lagIterations[60] sspIterations[2252] numSeparations[617] numCuts[0] compileTime[2] sspSolveTime[45] lpSolveTime[0] lb[7052.6] ub[7138.8] numArcs: [2196211] numFixed: [1699368] time: [108]
DUALS 110,7052.6,2196166,1756811,0,18.0861,11.9655,8.88698,23.9258,25.6336,16.3509,13.6079,21.3843,14.192,9.381,34.036,24.0956,4.86616,21.7533,2.23347,31.9464,19.1604,33.7851,20.9865,2.65246,17.5397,21.5996,20.6243,15.8717,9.77642,11.3805,17.5763,2.78259,16.9745,21.5233,20.253,37.8397,12.8877,5.00645,23.946,15.2002,1.11004,31.4986,18.1379,15.1163,5.92249,16.6748,3.43321,20.7153,15.4727,27.2777,13.7808,26.4406,25.4767,16.5173,30.7091,34.7655,12.0658,22.8854,21.0007,19.3076,14.8606,14.8881,18.6618,9.27953,24.7313,27.5223,27.061,6.92904,34.4592,9.06619,27.7797,19.434,21.1349,20.7887,15.9143,14.537,23.6635,16.8705,11.4617,1.34192,33.915,43.5876,25.2968,12.9573,9.39266,24.2315,5.62355,10.2948,32.0138,5.9243,26.6398,2.42088,13.7317,19.3981,5.7296,16.7502,15.2828,29.8086,31.8101,12.7101,8.94666,15.0406,12.51,3.99965,13.1879,15.3673,20.5524,20.4524,25.8362,4.67944,6.39934,14.1809,21.1131,13.396,26.893,25.5898,23.7364,12.2971,5.42349,27.2036,14.7358,17.1597,20.1302,25.1634,24.1144,13.9968,13.3144,12.8442,30.7308,5.95217,30.1674,26.5624,13.232,5.07537,7.53385,21.3196,23.4669,21.0986,26.3574,19.4818,20.7188,15.6158,9.4825,18.8201,16.3698,4.79567,13.4517,22.9545,13.1755,26.5925,13.8917,15.958,13.3756,4.03165,19.4737,9.261,12.8028,12.1955,19.0868,34.2398,13.618,13.5131,13.0749,14.4577,27.6636,22.9255,2.73086,10.118,15.7491,25.1521,10.338,20.3113,25.4762,24.0058,13.1341,25.6919,21.0623,24.3606,8.83498,18.3181,43.0051,25.3137,18.5768,15.6713,23.652,24.1966,12.7338,9.23498,11.421,15.5579,14.3384,19.6046,34.1806,15.3058,11.2335,9.94529,18.9146,17.3494,24.7595,13.3558,5.68366,24.2113,15.4115,23.8684,32.0689,23.413,15.1265,31.1724,22.6517,13.8727,24.6471,7.06201,9.841,29.5958,18.8328,11.1091,24.9935,11.6815,25.6317,34.0103,6.36908,14.0645,14.3214,30.1524,21.6505,30.3849,24.7607,3.14073,13.5708,20.1857,20.6813,18.2559,21.7722,2.2789,13.8508,12.3604,22.4417,14.5303,31.092,24.5014,17.5904,24.4451,18.2621,0.746789,0.349159,19.5009,27.0124,14.8006,9.21855,13.8121,12.3255,14.3809,3.82074,14.6606,15.0625,22.7612,14.6521,25.3669,16.3299,38.6314,9.10046,24.8619,29.2556,10.9816,14.5584,19.3162,22.682,8.40626,17.0483,20.269,12.6289,19.8068,8.76762,28.0086,25.4006,20.8455,15.364,23.6266,11.5464,8.5355,9.29394,20.8885,21.1279,10.5924,13.142,20.2287,20.4913,21.7981,26.2651,7.19321,35.7677,21.1146,21.5034,22.4372,33.107,18.5414,20.1353,22.1793,10.7124,24.299,3.34867,36.8693,20.1478,6.72316,12.4736,23.7613,25.2292,21.6749,18.8774,20.9255,22.0457,15.3708,10.173,15.1353,0.349159,9.69123,11.9266,14.1135,14.4377,9.42662,14.7046,13.3755,16.2795,12.3173,19.1247,25.8193,15.5934,32.9291,5.53394,15.476,16.641,30.8804,0.954927,25.1517,11.6771,16.7138,25.9398,30.1818,16.4803,6.841,36.6717,19.7064,16.8764,13.4442,23.7884,23.383,10.5389,12.4172,39.1606,16.4597,11.8455,29.742,8.67424,12.3358,14.8681,13.9212,23.4236,8.92912,11.8115,21.0781,28.646,25.3595,19.3423,22.6783,29.4855,14.1709,18.186,10.7752,24.5465,10.4429,11.5984,5.80119,24.066,31.3006,22.3188,0.816438,19.4923,27.9425,5.33763,20.2248,21.3655,21.718,20.1517,15.957,14.8901,18.9978,19.8554,11.3988,22.4333,22.6076,25.7476,16.0075,38.9136,24.9006,14.6963,16.7769,21.1983,16.8167,12.1442,16.0932,24.3671,7.09637,21.3996,13.3084,
DUALS 111,7052.6,2196139,1756811,0,18.6264,11.9655,8.88698,23.3855,25.6336,16.3509,14.1482,21.3843,14.192,7.7602,34.036,24.0956,4.86616,21.7533,2.23347,31.9464,19.7007,33.2449,21.5268,3.19273,17.5397,21.5996,20.6243,16.412,9.77642,11.9208,17.5763,2.24232,15.8939,21.5233,20.253,37.8397,11.8071,5.00645,23.946,15.7404,1.65031,31.4986,18.6781,15.6566,5.38222,16.6748,3.43321,20.7153,15.4727,27.2777,13.7808,26.4406,25.4767,16.5173,31.2494,34.7655,12.0658,22.8854,21.5409,19.3076,14.8606,15.4284,18.6618,9.27953,24.7313,26.9821,27.061,7.46931,34.9995,9.60646,28.32,19.434,21.1349,20.7887,15.9143,14.537,23.6635,16.8705,12.002,0,33.915,43.5876,24.2163,12.9573,9.39266,23.6912,5.62355,10.2948,32.0138,5.9243,26.6398,1.88062,13.7317,18.8579,6.26987,16.2099,15.8231,29.8086,31.8101,12.7101,8.94666,15.0406,12.51,4.53992,13.7282,15.3673,20.5524,20.9927,25.8362,5.21971,6.39934,14.1809,21.6533,13.396,27.4333,25.0495,23.7364,12.2971,5.96376,27.7438,15.2761,17.1597,19.5899,25.7037,24.1144,13.9968,13.8547,12.8442,30.7308,5.95217,30.7076,26.5624,13.232,5.61564,4.83251,21.3196,21.8461,21.6389,25.8172,19.4818,20.7188,15.0755,10.0228,18.2798,15.8296,5.33594,13.4517,23.4947,13.7158,25.512,13.8917,15.958,13.9158,4.03165,20.014,7.6402,12.8028,12.1955,19.0868,32.619,11.9972,14.0533,13.0749,14.4577,27.6636,23.4658,3.27113,10.118,15.2088,25.1521,10.338,20.8515,24.3956,23.4655,13.1341,26.2322,21.0623,24.3606,8.83498,18.3181,43.0051,25.3137,18.5768,15.6713,24.1923,24.1966,13.2741,9.23498,9.8002,15.5579,13.7981,19.6046,34.1806,14.7655,11.7738,9.94529,19.4548,17.8897,23.6789,12.8156,5.68366,24.2113,14.8712,23.3281,32.0689,23.413,15.1265,31.1724,20.4906,13.8727,24.1068,7.60228,8.2202,26.8944,18.8328,9.48834,24.9935,12.2218,25.6317,32.9298,5.28854,14.0645,14.3214,30.1524,22.1907,30.3849,24.7607,2.06019,13.5708,20.726,21.2215,18.7962,21.7722,2.2789,13.8508,11.8201,22.4417,14.5303,31.092,24.5014,16.5098,23.9049,18.2621,0.746789,0,20.0411,27.0124,14.8006,9.75881,13.8121,12.8658,14.3809,4.36101,14.6606,15.6028,22.221,14.6521,25.3669,15.7896,35.93,9.64073,24.8619,29.7958,10.9816,11.8571,18.7759,22.682,8.94653,17.0483,19.1885,12.6289,18.7263,9.30789,28.5489,25.4006,20.8455,14.8237,23.0863,11.0062,9.07577,9.83421,20.8885,20.5876,11.1326,13.142,20.769,21.0315,22.3384,25.7249,7.19321,35.7677,21.1146,22.0437,22.4372,33.107,19.0817,20.1353,22.1793,10.7124,23.7588,3.34867,36.8693,20.1478,7.26343,12.4736,23.7613,25.7694,21.6749,18.8774,20.9255,22.586,14.8305,10.173,14.595,0,9.69123,11.3863,14.1135,14.9779,9.96689,14.7046,13.9158,16.2795,12.8575,18.0442,25.8193,15.5934,32.9291,6.07421,16.0163,16.641,30.8804,0.954927,25.1517,12.2174,16.7138,25.9398,29.6415,15.9401,5.2202,36.6717,17.0051,16.3361,13.4442,23.2481,23.383,10.5389,12.9575,39.1606,16.4597,11.8455,29.742,9.21451,12.876,15.4084,14.4615,23.4236,8.92912,12.3518,21.6184,28.646,24.2789,19.3423,22.6783,29.4855,14.1709,18.7263,10.7752,24.0062,10.4429,11.5984,6.34146,24.066,30.7603,22.3188,1.35671,19.4923,27.9425,5.33763,20.2248,21.3655,21.718,20.1517,15.957,14.8901,16.2965,18.7749,11.3988,22.4333,22.6076,25.7476,16.0075,39.4538,24.9006,14.156,17.3171,21.1983,16.8167,12.1442,16.6335,24.3671,7.63664,21.3996,12.7681,
DUALS 113,7052.6,2196100,1756811,0,17.8208,11.9655,9.69252,23.3855,25.6336,16.3509,13.3426,21.3843,13.3865,8.56575,34.036,23.2901,4.06062,21.7533,1.42792,31.9464,18.8952,33.2449,21.5268,3.19273,17.5397,21.5996,20.6243,15.6064,10.582,12.7263,17.5763,3.04787,16.6995,21.5233,20.253,37.0341,11.8071,4.2009,23.946,15.7404,1.65031,29.082,18.6781,16.4621,5.38222,16.6748,3.43321,20.7153,15.4727,27.2777,12.9753,26.4406,25.4767,17.3228,30.4438,34.7655,12.0658,22.8854,21.5409,19.3076,14.8606,16.2339,18.6618,9.27953,24.7313,27.7876,27.061,8.27486,34.9995,9.60646,27.5144,19.434,21.1349,21.5943,15.9143,14.537,23.6635,16.8705,12.8075,0.805548,33.915,43.5876,25.0218,12.9573,9.39266,23.6912,6.4291,10.2948,32.0138,5.9243,27.4454,2.68616,13.7317,18.8579,6.26987,16.2099,15.0175,29.8086,31.8101,13.5157,8.14111,15.0406,13.3156,5.34546,12.9226,15.3673,19.7468,20.1871,25.8362,6.02526,6.39934,14.1809,22.4589,13.396,25.0166,25.0495,23.7364,12.2971,5.96376,26.9383,14.4706,17.1597,19.5899,25.7037,24.1144,13.1912,14.6602,12.8442,30.7308,5.95217,29.9021,26.5624,13.232,5.61564,5.63806,21.3196,22.6517,21.6389,25.0116,19.4818,20.7188,15.0755,10.0228,18.2798,15.8296,2.91929,13.4517,22.6892,14.5213,26.3175,13.8917,15.958,13.1103,4.8372,20.8195,8.44575,12.8028,12.1955,19.0868,33.4245,12.8027,13.2478,13.0749,14.4577,28.4692,22.6602,4.07668,10.118,16.0143,25.1521,10.338,20.046,25.2012,23.4655,13.1341,27.0378,21.8679,24.3606,9.64053,18.3181,43.0051,25.3137,18.5768,15.6713,24.1923,24.1966,14.0796,10.0405,10.6057,15.5579,13.7981,19.6046,34.1806,14.7655,11.7738,9.94529,19.4548,15.473,23.6789,12.8156,5.68366,24.2113,14.8712,23.3281,32.8744,23.413,15.1265,30.3668,21.2961,14.6782,24.1068,8.40783,9.02575,27.7,18.8328,10.2939,24.9935,11.4162,25.6317,32.9298,6.09409,14.0645,13.5158,29.3468,22.9963,30.3849,24.7607,2.86574,13.5708,21.5315,20.416,19.6018,20.9667,2.2789,13.8508,11.8201,23.2473,14.5303,31.092,24.5014,17.3154,23.9049,18.2621,0.746789,0,18.4301,27.0124,14.8006,8.95327,13.8121,12.0602,14.3809,3.55546,14.6606,9.96395,22.221,14.6521,25.3669,16.5952,36.7356,8.83518,24.8619,28.9903,10.9816,12.6626,18.7759,22.682,9.75208,17.0483,19.994,12.6289,19.5318,10.1134,29.3544,25.4006,20.8455,14.8237,23.0863,11.0062,5.04803,9.83421,20.8885,20.5876,11.1326,13.142,21.5745,20.226,23.1439,25.7249,7.19321,35.7677,21.1146,21.2381,22.4372,33.107,19.0817,20.1353,22.1793,9.90683,23.7588,3.34867,37.6748,19.3423,6.45788,12.4736,24.5669,25.7694,21.6749,18.0719,20.9255,23.3915,14.8305,10.173,15.4005,0,9.69123,10.5808,14.1135,15.7835,6.7447,14.7046,14.7213,16.2795,12.052,18.0442,25.8193,15.5934,32.9291,6.07421,16.0163,16.641,30.8804,0.954927,25.1517,12.2174,16.7138,23.5231,29.6415,15.9401,6.02575,36.6717,17.8106,16.3361,13.4442,23.2481,23.383,11.3445,12.9575,39.1606,16.4597,11.8455,29.742,9.21451,13.6816,16.2139,15.267,24.2292,9.73467,11.5462,22.4239,28.646,24.2789,19.3423,22.6783,29.4855,14.1709,15.5041,10.7752,24.0062,10.4429,11.5984,6.34146,24.066,30.7603,21.5133,1.35671,19.4923,27.137,4.53208,20.2248,21.3655,21.718,20.1517,15.957,14.8901,17.1021,19.5804,11.3988,21.6278,22.6076,25.7476,16.0075,38.6483,24.9006,14.156,17.3171,20.3927,16.8167,12.1442,16.6335,24.3671,7.63664,21.3996,12.7681,
DUALS 115,7052.6,2196091,1756815,0,18.1986,11.9655,9.69252,23.3855,25.6336,16.3509,13.7204,21.7621,13.7642,7.81017,34.036,23.6679,4.4384,21.7533,1.80571,31.9464,19.2729,33.2449,19.26,3.19273,17.5397,21.5996,20.6243,15.9842,7.93746,13.1041,17.5763,3.42566,16.6995,21.5233,20.253,37.4119,11.8071,4.2009,23.946,15.7404,1.65031,29.4598,19.0559,16.8399,5.38222,16.6748,3.43321,20.7153,15.4727,27.2777,13.353,26.4406,25.0989,17.3228,30.8216,34.7655,10.9324,22.8854,19.2742,19.3076,14.8606,16.6117,18.6618,8.14617,24.7313,28.1654,27.061,7.89707,35.3772,9.60646,27.8922,19.434,21.1349,19.7053,15.9143,14.537,23.6635,16.8705,13.1853,1.18334,33.915,43.5876,24.644,12.9573,9.39266,23.6912,6.4291,10.2948,32.0138,4.79094,25.5564,2.30838,13.7317,19.2356,6.26987,16.2099,15.3953,29.8086,31.8101,10.8712,8.5189,15.0406,13.3156,4.96768,13.3004,15.3673,20.1246,20.5649,25.8362,5.64747,6.02155,14.1809,22.8367,13.396,25.3944,25.4273,23.7364,12.2971,5.96376,27.3161,14.8483,17.1597,19.5899,23.8147,24.4922,13.569,15.038,12.8442,30.7308,5.95217,30.2799,26.5624,13.232,5.23786,6.01585,21.3196,23.0294,21.2611,25.3894,19.4818,20.7188,15.0755,9.64498,18.6576,15.8296,3.29708,13.4517,23.067,14.1435,25.9397,13.8917,15.958,13.4881,4.45942,19.3084,7.69017,12.8028,12.1955,19.0868,33.8023,13.1805,13.6256,13.0749,14.4577,28.847,23.038,3.3211,10.118,15.6366,25.1521,10.338,20.4238,25.579,23.4655,13.1341,27.4155,22.2457,24.3606,9.64053,18.3181,43.0051,25.3137,18.5768,15.6713,24.5701,24.1966,14.4574,10.0405,9.85017,15.5579,13.7981,19.6046,34.1806,14.7655,11.7738,9.94529,17.1881,15.8508,23.6789,13.1933,5.68366,24.5891,14.8712,23.3281,29.8521,23.413,15.1265,30.7446,21.6739,14.6782,24.1068,8.03004,8.27017,28.0778,18.8328,10.6717,25.3713,11.794,25.6317,32.9298,5.33852,14.0645,13.8936,29.7246,23.3741,30.3849,24.7607,2.86574,13.5708,21.9093,20.7938,19.9795,21.3445,2.2789,13.8508,11.8201,23.6251,14.5303,31.092,24.5014,17.6932,23.9049,18.2621,0.746789,0.377787,18.8078,27.0124,14.8006,9.33105,13.8121,12.438,14.3809,3.93325,14.6606,10.3417,22.221,14.6521,24.9891,16.5952,36.7356,9.21297,24.8619,29.3681,10.9816,13.0404,19.1537,22.682,10.1299,17.0483,19.6162,12.6289,19.154,9.73565,27.0877,25.4006,20.8455,14.8237,23.0863,11.0062,5.42582,9.83421,20.8885,20.9654,11.1326,13.142,21.9523,20.6038,23.5217,25.7249,7.19321,35.7677,21.1146,21.6159,22.4372,33.107,19.4595,19.3797,20.6681,10.2846,23.7588,3.34867,36.1637,19.72,6.83567,12.4736,23.0557,26.1472,21.6749,18.4497,20.9255,23.7693,14.4527,10.173,15.7783,0.377787,9.69123,9.82522,14.1135,15.7835,7.12248,14.7046,14.3435,16.2795,12.4298,18.422,25.0637,15.5934,32.9291,6.07421,16.3941,16.641,30.8804,0.577139,25.1517,12.2174,16.7138,23.9009,29.6415,15.9401,5.27017,36.6717,18.1884,16.7139,13.4442,23.2481,23.383,10.9667,12.9575,39.1606,16.4597,11.8455,29.742,9.21451,14.0594,16.5917,15.6448,23.0958,9.73467,11.924,22.8017,28.646,24.2789,19.3423,23.0561,29.4855,14.1709,15.8818,10.7752,24.0062,10.4429,11.5984,6.34146,24.066,30.7603,21.8911,0.978919,19.4923,27.5148,4.90987,20.2248,21.3655,21.718,20.1517,15.957,14.8901,17.4798,19.5804,11.3988,21.6278,22.6076,25.7476,16.0075,39.0261,24.9006,14.156,17.3171,20.3927,16.8167,12.1442,17.0113,24.3671,7.63664,21.3996,13.1459,
DUALS 116,7052.6,2196043,1764176,0,18.1986,11.9655,9.69252,23.3855,25.6336,16.3509,13.7204,20.2334,13.7642,7.81017,34.036,23.6679,2.90967,21.7533,0.276972,31.9464,19.2729,34.7736,20.7888,3.19273,17.5397,21.5996,20.6243,17.513,9.46619,13.1041,17.5763,3.42566,16.6995,21.5233,20.253,38.9407,11.8071,2.67217,23.946,15.7404,1.65031,30.9885,20.5847,16.8399,3.85348,16.6748,1.90448,20.7153,15.4727,27.2777,13.353,26.4406,25.0989,17.3228,29.2929,34.7655,12.4611,22.8854,20.8029,19.3076,14.8606,16.6117,18.6618,9.6749,24.7313,29.6941,25.5323,6.36834,35.3772,9.60646,29.421,19.434,21.1349,21.2341,15.9143,14.537,23.6635,16.8705,13.1853,0,33.915,43.5876,26.1728,12.9573,9.39266,25.22,4.90037,10.2948,32.0138,6.31967,27.0852,2.30838,13.7317,19.2356,4.74114,14.6812,16.9241,29.8086,31.8101,12.3999,8.5189,15.0406,11.7869,3.43894,13.3004,15.3673,21.6533,20.5649,25.8362,4.11874,7.55028,14.1809,22.8367,13.396,26.9232,25.4273,23.7364,12.2971,5.96376,25.7873,14.8483,17.1597,19.5899,23.8147,22.9635,15.0977,15.038,12.8442,30.7308,5.95217,28.7511,26.5624,13.232,3.70912,6.01585,21.3196,24.5582,22.7899,25.3894,19.4818,20.7188,15.0755,9.64498,18.6576,15.8296,4.82582,13.4517,24.5957,12.6148,27.4685,13.8917,15.958,13.4881,4.45942,20.8371,7.69017,12.8028,12.1955,19.0868,35.331,13.1805,13.6256,13.0749,14.4577,27.3183,23.038,1.79237,10.118,17.1653,25.1521,10.338,20.4238,25.579,23.4655,13.1341,27.4155,20.7169,24.3606,6.58306,18.3181,43.0051,25.3137,18.5768,15.6713,24.5701,24.1966,14.4574,6.98306,9.85017,15.5579,13.7981,19.6046,34.1806,14.7655,11.7738,9.94529,18.7169,17.3795,25.2077,13.1933,5.68366,24.5891,16.4,23.3281,31.3809,23.413,15.1265,32.2733,23.2027,13.1495,24.1068,6.50131,8.27017,29.6065,18.8328,10.6717,23.8425,11.794,25.6317,34.4585,5.33852,14.0645,13.8936,31.2533,23.3741,30.3849,24.7607,0,13.5708,21.9093,20.7938,19.9795,22.8732,0,13.8508,11.8201,22.0963,14.5303,31.092,24.5014,17.6932,25.4336,18.2621,0.746789,0,20.3366,27.0124,14.8006,9.33105,13.8121,12.438,14.3809,5.46198,14.6606,11.8705,22.221,14.6521,26.5179,16.5952,38.2643,9.21297,24.8619,29.3681,9.4529,13.0404,17.625,22.682,8.60113,17.0483,21.145,12.6289,20.6828,8.20691,28.6164,25.4006,20.8455,14.8237,23.0863,11.0062,6.95455,9.83421,20.8885,20.9654,11.1326,13.142,21.9523,20.6038,23.5217,27.2536,7.19321,35.7677,21.1146,21.6159,22.4372,33.107,19.4595,20.9084,20.6681,11.8133,25.2875,3.34867,37.6924,19.72,6.83567,12.4736,24.5844,27.676,21.6749,18.4497,20.9255,23.7693,14.4527,10.173,15.7783,0,9.69123,11.354,14.1135,15.7835,8.65122,14.7046,12.8148,14.7508,12.4298,18.422,26.5924,15.5934,34.4579,6.07421,16.3941,16.641,30.8804,0.577139,25.1517,12.2174,16.7138,25.4297,31.1703,17.4688,5.27017,36.6717,19.7171,15.1852,13.4442,23.2481,23.383,9.43797,11.4287,39.1606,16.4597,11.8455,29.742,9.21451,14.0594,16.5917,15.6448,23.0958,8.20594,11.924,22.8017,28.646,25.8077,20.871,23.0561,29.4855,14.1709,17.4106,10.7752,24.0062,10.4429,11.5984,6.34146,24.066,30.7603,23.4198,0,19.4923,29.0435,4.90987,20.2248,21.3655,21.718,20.1517,15.957,14.8901,19.0086,19.5804,11.3988,23.1565,22.6076,25.7476,16.0075,37.4973,24.9006,14.156,17.3171,20.3927,16.8167,12.1442,17.0113,24.3671,7.63664,21.3996,11.6172,
DUALS 119,7052.6,2226406,1781088,0,18.5832,11.9655,10.0771,23.3855,25.6336,16.3509,14.105,20.6179,13.7642,8.19474,34.036,23.6679,3.29424,21.7533,0.661544,31.9464,19.2729,34.0044,21.1733,3.5773,17.5397,21.5996,20.6243,15.5901,9.46619,13.1041,17.5763,2.27194,15.1612,21.5233,20.253,38.1715,11.038,3.05674,23.946,16.125,2.03488,30.9885,19.8155,16.8399,4.23805,16.6748,2.28905,20.7153,15.4727,27.2777,13.353,26.4406,25.0989,17.7074,29.6775,34.7655,11.3074,22.8854,21.1875,19.3076,14.8606,16.9963,18.6618,8.52119,24.7313,28.925,25.5323,6.75291,34.6081,9.99103,28.6518,19.434,21.1349,21.2341,15.9143,14.537,23.6635,16.8705,13.1853,0.384572,33.915,43.9722,25.4036,12.9573,9.39266,24.8354,5.28494,10.2948,32.0138,5.55053,27.0852,2.69295,13.7317,19.2356,5.12571,14.6812,15.0012,29.8086,31.8101,12.3999,8.5189,15.0406,12.1714,3.82352,13.685,15.3673,19.7305,20.5649,25.8362,4.50331,6.78114,14.1809,22.8367,13.396,27.3077,25.4273,23.7364,12.2971,6.34833,26.1719,14.8483,17.1597,19.5899,24.1993,23.3481,13.1749,15.038,12.8442,31.1153,5.95217,29.1357,26.5624,13.232,4.09369,6.01585,21.3196,21.8662,23.1744,25.3894,19.4818,20.3342,15.0755,9.64498,18.6576,15.8296,5.21039,13.4517,23.442,12.9994,26.6993,13.8917,15.958,13.8726,4.45942,21.2217,8.07474,12.8028,12.1955,19.0868,32.639,11.6422,13.6256,13.0749,14.4577,27.7028,23.038,2.17694,10.118,16.3962,25.1521,10.338,20.4238,24.4253,23.4655,13.1341,27.4155,21.1015,24.3606,6.96763,18.3181,43.0051,25.3137,18.5768,15.6713,24.9546,24.1966,14.4574,7.36763,10.2347,15.5579,13.7981,19.9892,34.1806,14.7655,12.1583,9.94529,19.1014,17.7641,24.4385,13.1933,5.68366,24.5891,16.0154,23.3281,31.3809,23.413,15.1265,30.3505,21.2798,13.5341,24.1068,6.88588,8.65474,27.2991,18.8328,9.13338,24.2271,11.794,25.6317,33.6894,5.72309,14.0645,13.8936,29.3305,23.3741,30.3849,24.7607,0.384572,13.9553,21.9093,20.7938,19.9795,20.9503,0.384572,14.2353,11.8201,22.4809,14.5303,31.092,24.5014,16.5395,24.6644,18.2621,0.746789,0,19.1829,27.0124,14.8006,9.33105,13.8121,12.438,14.3809,3.92369,14.6606,12.255,22.221,14.6521,26.1333,16.2106,35.9569,9.59754,24.8619,28.5989,9.83747,13.0404,18.0096,22.682,8.60113,17.0483,20.3758,12.6289,19.9136,8.20691,29.001,25.4006,20.8455,14.8237,23.0863,11.0062,7.33912,10.2188,21.2731,20.9654,11.5172,13.142,21.9523,20.6038,23.9063,26.4844,7.19321,35.7677,21.1146,21.6159,22.4372,33.107,19.4595,20.1393,21.0527,10.2751,24.9029,3.34867,37.6924,19.72,7.22024,12.4736,24.5844,26.1377,21.6749,18.4497,20.9255,23.3847,13.6836,10.173,15.7783,0.384572,9.69123,10.2002,14.1135,15.7835,9.03579,14.7046,13.1994,15.1354,12.4298,18.422,26.5924,15.9779,34.0733,6.45878,16.3941,16.641,30.8804,0.192567,25.1517,12.602,16.7138,25.4297,30.4011,17.4688,5.65474,36.6717,17.4097,15.5698,13.4442,23.2481,23.383,9.43797,11.8133,39.1606,16.4597,11.8455,29.742,9.59909,14.0594,16.9763,15.6448,23.0958,8.59051,11.924,23.1863,28.646,25.0385,20.4865,23.0561,29.4855,14.1709,17.7952,10.7752,24.0062,10.4429,11.5984,6.72603,24.066,30.7603,23.0352,0.384572,19.4923,29.0435,4.90987,20.2248,21.3655,21.718,20.1517,15.957,14.8901,16.7011,19.5804,11.0142,22.3874,22.6076,26.1322,16.0075,37.8819,24.9006,14.156,17.7017,20.3927,16.8167,12.1442,17.3959,24.3671,8.02121,21.3996,12.0018,
DUALS 120,7052.6,2226364,1781088,0,19.6816,11.9655,8.97863,23.3855,25.6336,16.3509,14.105,21.7164,13.7642,8.19474,34.036,23.6679,3.29424,21.7533,1.76001,31.9464,19.2729,34.0044,21.1733,3.5773,17.5397,21.5996,20.6243,16.6886,9.46619,13.1041,17.5763,3.3704,16.2597,21.5233,20.253,37.0731,12.1364,4.1552,23.946,17.2235,2.03488,32.087,18.717,16.8399,5.33652,16.6748,3.38751,20.7153,15.4727,27.2777,13.353,26.4406,25.0989,17.7074,30.7759,34.7655,9.11049,22.8854,22.286,19.3076,14.8606,13.7009,18.6618,6.32426,24.7313,27.8265,26.6307,7.85137,33.5096,9.99103,27.5534,19.434,21.1349,21.2341,15.9143,14.537,23.6635,16.8705,13.1853,0.384572,33.915,43.9722,23.2067,12.9573,8.2942,23.7369,6.3834,10.2948,32.0138,4.45206,27.0852,2.69295,13.7317,19.2356,6.22417,14.6812,16.0997,29.8086,31.8101,12.3999,8.5189,15.0406,13.2699,4.92198,13.685,15.3673,20.8289,20.5649,25.8362,5.60177,5.68268,14.1809,22.8367,13.396,28.4062,25.4273,23.7364,12.2971,6.34833,27.2704,14.8483,17.1597,19.5899,25.2978,24.4465,14.2733,15.038,12.8442,31.1153,5.95217,30.2342,26.5624,13.232,5.19216,7.11431,21.3196,22.9646,19.8791,25.3894,19.4818,20.3342,15.0755,10.7434,18.6576,15.8296,6.30885,13.4517,23.442,14.0978,24.5024,13.8917,15.958,13.8726,4.45942,20.1232,8.07474,12.8028,12.1955,19.0868,33.7375,12.7407,13.6256,13.0749,14.4577,27.7028,23.038,3.2754,10.118,14.1992,25.1521,10.338,20.4238,25.5237,23.4655,13.1341,27.4155,22.2,24.3606,8.06609,18.3181,43.0051,25.3137,18.5768,15.6713,26.0531,24.1966,14.4574,8.46609,10.2347,15.5579,13.7981,19.9892,34.1806,14.7655,13.2568,9.94529,19.1014,18.8626,24.4385,13.1933,4.5852,24.5891,14.9169,23.3281,31.3809,23.413,15.1265,31.4489,22.3783,14.6325,24.1068,7.98434,8.65474,28.3975,18.8328,10.2318,25.3256,11.794,25.6317,33.6894,5.72309,14.0645,13.8936,30.4289,20.0787,30.3849,24.7607,1.48303,13.9553,21.9093,20.7938,19.9795,22.0488,1.48303,14.2353,11.8201,23.5794,14.5303,31.092,24.5014,17.6379,24.6644,18.2621,0.746789,0,20.2813,27.0124,14.8006,10.4295,13.8121,12.438,14.3809,3.92369,14.6606,13.3535,22.221,14.6521,23.9364,17.3091,37.0553,9.59754,24.8619,29.6974,10.9359,14.1389,19.108,22.682,8.60113,17.0483,18.1789,12.6289,17.7167,9.30538,29.001,25.4006,20.8455,14.8237,23.0863,11.0062,7.33912,10.2188,21.2731,20.9654,12.6157,13.142,21.9523,20.6038,20.6109,26.4844,7.19321,35.7677,21.1146,21.6159,22.4372,33.107,19.4595,17.9424,22.1512,11.3735,23.8045,3.34867,37.6924,19.72,7.22024,12.4736,24.5844,26.1377,21.6749,18.4497,20.9255,22.2863,11.4866,10.173,15.7783,0,9.69123,9.10178,14.1135,13.5866,9.03579,14.7046,14.2978,16.2338,12.4298,18.422,25.494,15.9779,35.1718,6.45878,16.3941,16.641,30.8804,0.192567,25.1517,12.602,16.7138,26.5281,30.4011,17.4688,5.65474,36.6717,18.5081,16.6682,13.4442,23.2481,23.383,10.5364,12.9118,39.1606,16.4597,11.8455,29.742,10.6975,14.0594,13.6809,15.6448,23.0958,9.68897,11.924,19.8909,28.646,25.0385,19.388,23.0561,29.4855,14.1709,17.7952,10.7752,24.0062,10.4429,11.5984,6.72603,24.066,30.7603,24.1337,1.48303,19.4923,29.0435,4.90987,20.2248,21.3655,21.718,20.1517,15.957,14.8901,17.7996,20.6789,11.0142,22.3874,22.6076,26.1322,16.0075,38.9804,24.9006,14.156,18.8002,20.3927,16.8167,12.1442,15.1989,24.3671,8.02121,21.3996,13.1002,
DUALS 122,7052.6,2226319,1781876,0,18.8429,11.9655,9.398,23.3855,25.6336,16.3509,14.105,22.1358,13.7642,8.61411,34.036,23.6679,3.29424,21.7533,1.76001,31.9464,19.2729,34.0044,21.5927,3.5773,17.5397,21.5996,20.6243,15.4305,9.46619,13.1041,17.5763,3.3704,16.679,21.5233,20.253,37.0731,12.1364,4.57457,23.946,15.1266,2.03488,30.8289,19.1364,16.8399,5.33652,16.6748,3.38751,20.7153,15.4727,27.2777,13.353,26.4406,25.0989,17.288,30.7759,34.7655,9.52985,22.8854,22.7053,19.3076,14.8606,14.1203,18.6618,6.74363,24.7313,27.8265,26.2114,7.85137,33.5096,9.99103,27.5534,19.434,21.1349,21.2341,15.9143,14.537,23.6635,16.8705,13.1853,0.384572,33.915,43.9722,23.6261,12.9573,8.2942,24.1563,6.80277,10.2948,32.0138,4.87143,27.0852,2.69295,13.7317,19.2356,4.12734,15.1005,14.8416,29.8086,31.8101,12.3999,8.5189,15.0406,13.6893,4.92198,13.685,15.3673,19.5708,20.5649,25.8362,5.60177,6.10204,14.1809,22.8367,13.396,27.5675,25.4273,23.7364,12.2971,6.34833,26.4316,14.8483,17.1597,19.5899,25.7171,24.0272,13.0152,15.038,12.8442,31.1153,5.95217,28.9761,26.5624,13.232,3.93405,6.27557,21.3196,22.9646,20.2984,25.3894,19.4818,19.9148,15.0755,10.3241,18.6576,15.8296,5.88948,13.4517,23.442,14.0978,24.9218,13.8917,15.958,13.8726,4.45942,20.5426,8.49411,12.8028,12.1955,19.0868,33.7375,13.16,13.6256,13.0749,14.4577,27.2835,23.038,3.2754,10.118,14.6186,25.1521,10.338,20.4238,25.9431,23.4655,13.1341,27.4155,21.7806,24.3606,8.48546,18.3181,43.0051,25.3137,18.5768,15.6713,25.2144,24.1966,14.4574,8.88546,10.6541,15.5579,13.7981,19.9892,34.1806,14.7655,9.4825,9.94529,19.5208,18.0238,24.4385,13.1933,4.5852,24.5891,15.3363,23.3281,31.3809,23.413,15.1265,30.1908,22.3783,15.0519,24.1068,7.98434,9.07411,28.3975,18.8328,10.6512,24.9062,11.794,25.6317,33.6894,5.72309,14.0645,13.8936,29.1708,20.4981,30.3849,24.7607,1.9024,13.9553,21.9093,20.7938,19.9795,20.7907,1.9024,14.2353,11.8201,23.16,14.5303,31.092,24.5014,18.0573,24.6644,18.2621,0.746789,0,17.7651,27.0124,14.8006,8.33268,13.8121,12.438,14.3809,4.34306,14.6606,12.9341,22.221,14.6521,24.3557,17.7284,37.0553,9.59754,24.8619,28.0199,11.3553,13.3001,19.5274,22.682,9.0205,17.0483,18.5983,12.6289,18.1361,9.30538,29.4203,25.4006,20.8455,14.8237,23.0863,11.0062,6.50039,10.2188,21.2731,20.9654,10.0995,13.142,21.9523,20.6038,21.0303,26.4844,7.19321,35.7677,21.1146,21.6159,22.4372,33.107,19.4595,18.3617,22.5705,10.1154,24.2238,3.34867,37.273,19.72,7.22024,12.0542,24.5844,25.2989,21.6749,18.4497,20.9255,22.2863,11.906,10.173,16.1977,0.419367,9.69123,9.52115,14.1135,14.0059,8.61642,14.7046,14.2978,16.6532,12.4298,18.422,25.494,15.9779,35.1718,6.45878,16.3941,16.641,30.8804,0.192567,25.1517,12.602,17.1331,25.6894,30.4011,17.4688,6.07411,36.6717,18.5081,17.0876,13.4442,23.2481,23.383,10.5364,10.8149,39.1606,16.4597,11.8455,29.742,8.60071,14.0594,14.1003,15.6448,23.0958,10.1083,11.924,20.3103,28.646,25.0385,19.8074,23.0561,29.4855,14.1709,16.9564,10.7752,24.0062,10.4429,11.5984,6.72603,24.066,30.7603,23.295,0,19.4923,28.6241,4.90987,20.2248,21.3655,21.718,20.1517,15.957,14.8901,18.219,19.8402,10.5948,21.5486,22.6076,26.1322,16.0075,38.1416,24.9006,14.156,16.7033,20.3927,16.8167,12.1442,15.6183,24.3671,8.02121,21.3996,13.5196,
DUALS 124,7052.6,2226306,1781883,0,19.4812,11.9655,9.398,23.3855,25.6336,16.3509,14.7433,21.4975,13.7642,7.33754,34.036,23.6679,3.93253,21.7533,2.39829,31.9464,19.2729,34.0044,18.4013,3.5773,17.5397,21.5996,20.6243,16.0688,9.46619,13.1041,17.5763,2.09383,15.4024,21.5233,20.253,37.7113,11.4982,3.29799,23.946,15.7649,2.03488,31.4672,19.7747,16.8399,4.05994,16.6748,2.11094,20.7153,15.4727,27.2777,13.353,26.4406,25.0989,17.288,31.4142,34.7655,10.1681,22.8854,20.1522,19.3076,14.8606,14.7585,18.6618,7.38192,24.7313,28.4648,26.2114,7.85137,34.1479,9.99103,28.1916,19.434,21.1349,21.2341,15.9143,14.537,23.6635,16.8705,13.1853,0.384572,33.915,43.3339,24.2644,12.9573,8.2942,24.7946,6.80277,10.2948,32.0138,5.50972,27.0852,2.05466,13.7317,19.2356,4.76562,15.1005,15.4799,29.8086,31.8101,12.3999,8.5189,15.0406,13.6893,4.92198,14.3233,15.3673,20.2091,20.5649,25.8362,5.60177,6.10204,14.1809,22.8367,13.396,28.2057,25.4273,23.7364,12.2971,6.34833,27.0699,14.8483,17.1597,19.5899,23.164,24.6655,13.6535,15.038,12.8442,30.4771,5.95217,29.6144,26.5624,13.232,4.57234,4.36071,21.3196,22.9646,20.9367,25.3894,19.4818,19.9148,15.0755,10.9624,18.6576,15.8296,6.52777,13.4517,24.0803,14.0978,25.5601,13.8917,15.958,13.8726,3.82113,19.9043,7.21754,12.8028,12.1955,19.0868,33.7375,11.8835,13.6256,13.0749,14.4577,27.2835,23.038,3.2754,10.118,15.2569,25.1521,10.338,20.4238,24.6665,23.4655,13.1341,27.4155,22.4189,24.3606,8.48546,18.3181,43.0051,25.3137,18.5768,15.6713,25.8527,24.1966,14.4574,8.88546,9.37754,15.5579,13.7981,19.3509,34.1806,14.7655,10.1208,9.94529,16.3294,18.6621,24.4385,13.1933,4.5852,24.5891,15.9746,23.3281,31.3809,23.413,15.1265,30.8291,21.74,15.0519,24.1068,7.98434,7.79754,28.3975,18.8328,8.09806,24.9062,11.794,25.6317,33.6894,4.44651,14.0645,13.8936,29.8091,21.1363,30.3849,24.7607,2.54069,13.3171,21.9093,20.7938,19.9795,21.429,0.625826,13.5971,11.8201,23.7983,14.5303,31.092,24.5014,16.7807,24.6644,18.2621,0.746789,0,18.4034,27.0124,14.8006,8.97097,13.8121,12.438,14.3809,2.4282,14.6606,13.5724,22.221,14.6521,24.994,17.7284,35.1405,10.2358,24.8619,28.6582,10.0787,11.3853,18.8891,22.682,9.65879,17.0483,18.5983,12.6289,18.7744,9.30538,26.2289,25.4006,20.8455,14.8237,23.0863,11.0062,7.13868,10.2188,20.6348,20.9654,10.7377,13.142,21.9523,20.6038,21.6685,26.4844,7.19321,35.7677,21.1146,21.6159,22.4372,33.107,19.4595,19,19.3791,10.7537,24.8621,3.34867,37.273,19.72,7.85853,12.0542,24.5844,25.9372,21.6749,18.4497,20.9255,22.9246,12.5443,10.173,15.5594,0,9.69123,10.1594,14.1135,14.6442,9.25471,14.7046,14.2978,15.3766,12.4298,18.422,23.5791,15.9779,34.5335,6.45878,16.3941,16.641,30.8804,0.192567,25.1517,12.602,17.1331,26.3277,30.4011,18.1071,4.79754,36.6717,18.5081,16.4493,13.4442,23.2481,23.383,10.5364,11.4532,39.1606,16.4597,11.8455,29.742,9.239,14.0594,14.7385,15.6448,23.0958,10.1083,11.924,20.9485,28.646,25.0385,20.4457,23.0561,29.4855,14.1709,17.5947,10.7752,24.0062,10.4429,11.5984,6.72603,24.066,30.7603,23.9333,0.638288,19.4923,29.2624,4.90987,20.2248,21.3655,21.718,20.1517,15.957,14.8901,18.8573,19.2019,10.5948,22.1869,22.6076,26.1322,16.0075,38.7799,24.9006,14.156,17.3416,20.3927,16.8167,12.1442,16.2566,24.3671,8.02121,21.3996,12.8813,
DUALS 125,7052.6,2226299,1782075,0,19.4812,11.9655,8.50727,23.3855,25.6336,15.4601,13.8525,22.3882,13.7642,8.22827,34.036,23.6679,3.0418,20.8626,2.39829,31.9464,19.2729,34.0044,19.292,3.5773,17.5397,21.5996,20.6243,16.9595,9.46619,13.1041,17.5763,2.09383,16.2932,21.5233,20.253,35.9299,12.3889,4.18873,23.946,16.6557,2.03488,30.5764,19.7747,16.8399,4.95067,16.6748,3.00167,20.7153,15.4727,27.2777,13.353,26.4406,25.0989,18.1788,31.4142,34.7655,10.1681,22.8854,21.0429,19.3076,14.8606,15.6493,18.6618,7.38192,24.7313,26.6833,27.1021,7.85137,35.0387,9.99103,27.3009,18.5433,21.1349,21.2341,15.9143,14.537,23.6635,15.9798,13.1853,0.384572,33.0243,44.2246,25.1551,12.9573,8.2942,23.9038,5.91204,10.2948,32.0138,5.50972,27.0852,2.94539,13.7317,19.2356,5.65636,15.9913,16.3706,29.8086,31.8101,12.3999,7.62817,15.0406,12.7985,4.92198,13.4325,15.3673,20.2091,20.5649,25.8362,5.60177,6.99278,14.1809,22.8367,13.396,23.7521,25.4273,23.7364,12.2971,6.34833,27.0699,14.8483,17.1597,19.5899,24.0547,25.5562,13.6535,15.038,12.8442,31.3678,5.95217,29.6144,26.5624,13.232,5.46308,5.25144,21.3196,23.8554,21.8274,25.3894,19.4818,19.9148,15.0755,11.8531,18.6576,15.8296,3.85557,13.4517,24.971,14.0978,26.4508,13.8917,15.958,12.9819,2.93039,20.795,8.10827,12.8028,12.1955,19.0868,33.7375,12.7742,13.6256,13.0749,14.4577,28.1742,23.038,3.2754,10.118,16.1476,25.1521,10.338,20.4238,25.5572,23.4655,13.1341,27.4155,23.3096,24.3606,7.59473,18.3181,43.0051,24.4229,18.5768,15.6713,25.8527,24.1966,14.4574,7.99473,10.2683,15.5579,13.7981,20.2417,34.1806,14.7655,11.0115,9.94529,17.2201,14.2085,24.4385,13.1933,4.5852,24.5891,15.0838,23.3281,31.3809,23.413,15.1265,30.8291,22.6307,14.1611,24.1068,7.98434,8.68827,28.3975,18.8328,8.9888,25.7969,11.794,25.6317,33.6894,5.33725,14.0645,13.8936,29.8091,22.0271,30.3849,24.7607,3.43142,14.2078,21.9093,20.7938,19.9795,22.3197,1.51656,14.4878,11.8201,24.689,14.5303,31.092,24.5014,17.6715,24.6644,18.2621,0.746789,0.890733,18.4034,27.0124,14.8006,8.97097,13.8121,12.438,14.3809,3.31893,14.6606,12.6817,22.221,14.6521,24.994,18.6192,36.0312,9.34509,24.8619,27.7675,10.9695,12.276,19.7798,22.682,6.98659,17.0483,19.489,12.6289,19.6651,9.30538,27.1196,25.4006,20.8455,14.8237,23.0863,11.0062,6.24794,10.2188,21.5255,20.9654,11.6285,13.142,21.9523,20.6038,22.5593,26.4844,7.19321,35.7677,20.2238,21.6159,22.4372,33.107,19.4595,19,20.2698,10.7537,23.9714,3.34867,37.273,19.72,6.9678,12.0542,24.5844,26.8279,21.6749,18.4497,20.9255,20.2524,13.435,10.173,16.4501,0.890733,9.69123,10.1594,14.1135,15.535,8.36398,14.7046,14.2978,16.2673,12.4298,18.422,23.5791,16.8687,33.6427,6.45878,16.3941,15.7502,30.8804,0.192567,25.1517,12.602,17.1331,23.6555,30.4011,17.2164,5.68827,36.6717,19.3989,17.34,13.4442,23.2481,23.383,10.5364,12.344,39.1606,16.4597,11.8455,29.742,10.1297,14.0594,15.6293,15.6448,22.2051,9.2176,11.924,21.8393,27.7552,25.0385,19.5549,23.0561,29.4855,14.1709,14.0318,10.7752,24.0062,10.4429,11.5984,6.72603,24.066,30.7603,23.9333,1.52902,19.4923,27.481,4.01914,20.2248,21.3655,21.718,20.1517,15.957,14.8901,19.748,20.0926,10.5948,22.1869,22.6076,27.0229,16.0075,38.7799,24.9006,14.156,18.2324,20.3927,15.926,12.1442,13.5844,24.3671,8.02121,21.3996,13.772,
DUALS 127,7052.6,2226293,1782107,0,20.2677,11.9655,9.29379,23.3855,25.6336,16.2467,14.6391,21.6017,13.7642,8.22827,34.036,23.6679,3.0418,21.6491,2.39829,31.9464,19.2729,34.0044,20.0785,3.5773,17.5397,21.5996,21.4108,16.173,9.46619,13.1041,17.5763,2.88035,16.2932,21.5233,20.253,36.7164,12.3889,3.4022,23.946,16.6557,2.03488,31.3629,20.5612,16.8399,3.37763,16.6748,2.21515,20.7153,15.4727,27.2777,13.353,26.4406,25.0989,15.0327,32.2007,34.7655,10.9547,22.8854,21.8295,19.3076,14.8606,16.4358,18.6618,8.16844,24.7313,27.4699,24.7425,8.6379,35.8252,9.99103,28.0874,19.3298,21.1349,21.2341,15.9143,14.537,23.6635,16.7663,13.1853,0,33.8108,43.4381,25.1551,12.9573,8.2942,24.6904,6.69856,10.2948,32.0138,6.29624,27.0852,2.94539,13.7317,18.4491,5.65636,15.9913,15.5841,29.8086,31.8101,12.3999,8.41469,15.0406,13.585,5.7085,14.2191,15.3673,19.4226,20.5649,25.8362,6.3883,6.99278,14.1809,22.8367,13.396,24.5386,24.6408,23.7364,12.2971,6.34833,27.8565,14.8483,17.1597,19.5899,24.0547,22.4101,12.867,15.038,12.8442,30.5813,5.95217,30.4009,26.5624,13.232,4.67655,3.6784,21.3196,23.8554,22.614,24.6029,19.4818,19.9148,15.0755,11.0666,17.8711,15.8296,4.6421,13.4517,24.1845,14.8843,26.4508,13.8917,15.958,13.7684,3.71692,21.5815,8.10827,12.8028,12.1955,19.0868,33.7375,12.7742,13.6256,13.0749,14.4577,25.0281,23.038,4.06193,10.118,16.9341,25.1521,10.338,20.4238,25.5572,23.4655,13.1341,27.4155,20.1635,24.3606,8.38125,18.3181,43.0051,25.2094,18.5768,15.6713,26.6392,24.1966,14.4574,8.78125,10.2683,15.5579,13.7981,19.4551,34.1806,14.7655,11.0115,9.94529,18.0066,14.995,24.4385,12.4068,4.5852,24.5891,15.8704,23.3281,31.3809,23.413,15.1265,30.0426,22.6307,14.9477,24.1068,8.77087,8.68827,28.3975,18.8328,8.9888,22.6508,11.794,25.6317,33.6894,5.33725,14.0645,13.8936,29.0226,22.8136,30.3849,24.7607,1.07185,13.4213,21.9093,20.7938,19.9795,21.5332,0.730036,13.7013,11.8201,21.5429,14.5303,31.092,24.5014,17.6715,24.6644,18.2621,0.746789,0,19.1899,27.0124,14.8006,9.75749,13.8121,12.438,14.3809,3.31893,14.6606,13.4682,22.221,14.6521,25.7806,17.8327,36.0312,10.1316,24.8619,28.554,10.1829,9.91645,18.2068,22.682,7.77311,17.0483,18.7025,12.6289,19.6651,10.0919,27.9062,25.4006,20.8455,14.8237,23.0863,11.0062,7.03447,10.2188,20.739,20.1789,11.6285,13.142,21.9523,20.6038,23.3458,26.4844,7.19321,35.7677,21.0104,21.6159,22.4372,33.107,19.4595,19.7865,20.2698,9.96718,24.7579,3.34867,37.273,19.72,7.75432,12.0542,24.5844,26.0414,21.6749,18.4497,20.9255,21.0389,14.2216,10.173,15.6636,0,9.69123,10.946,14.1135,16.3215,9.1505,14.7046,15.0843,15.4808,12.4298,17.6354,24.3656,16.0821,33.6427,6.45878,16.3941,16.5368,30.8804,0.192567,25.1517,12.602,17.1331,24.442,30.4011,17.2164,5.68827,36.6717,19.3989,15.767,13.4442,23.2481,23.383,10.5364,12.344,39.1606,16.4597,11.8455,29.742,10.1297,14.0594,16.4158,15.6448,22.2051,10.0041,11.924,22.6258,28.5418,25.0385,20.3414,23.0561,29.4855,14.1709,14.8183,10.7752,24.0062,10.4429,11.5984,6.72603,24.066,30.7603,24.7198,1.52902,19.4923,28.2675,4.80566,20.2248,21.3655,21.718,20.1517,15.957,14.8901,19.748,17.733,10.5948,22.9734,22.6076,26.2364,16.0075,39.5665,24.9006,14.156,18.2324,20.3927,16.7125,12.1442,14.3709,24.3671,8.02121,21.3996,12.199,
DUALS 128,7052.6,2226261,1782107,0,17.8951,11.9655,9.29379,23.3855,25.6336,17.4329,13.4528,22.788,13.7642,8.22827,34.036,23.6679,1.85551,22.8354,2.39829,31.9464,19.2729,34.0044,21.2648,3.5773,17.5397,21.5996,21.4108,17.3593,9.46619,13.1041,17.5763,2.88035,17.4795,21.5233,20.253,37.9027,12.3889,4.58849,23.946,16.6557,2.03488,31.3629,21.7475,16.8399,4.56392,16.6748,3.40143,20.7153,15.4727,27.2777,13.353,26.4406,25.0989,16.219,32.2007,34.7655,9.76838,22.8854,23.0157,19.3076,14.8606,16.4358,18.6618,6.98215,24.7313,28.6561,25.9288,7.45161,35.8252,9.99103,28.0874,20.5161,21.1349,21.2341,15.9143,14.537,23.6635,17.9526,13.1853,1.18629,34.9971,44.6244,23.9688,12.9573,8.2942,23.5041,6.69856,10.2948,32.0138,5.10995,27.0852,2.94539,13.7317,19.6354,5.65636,15.9913,16.7704,29.8086,31.8101,12.3999,7.2284,15.0406,13.585,4.52221,13.0328,15.3673,20.6089,20.5649,25.8362,5.20201,6.99278,14.1809,22.8367,13.396,25.7249,25.8271,23.7364,12.2971,6.34833,25.4839,14.8483,17.1597,19.5899,25.241,23.5964,14.0533,15.038,12.8442,31.7675,5.95217,28.0283,26.5624,13.232,4.67655,4.86469,21.3196,23.8554,22.614,25.7892,19.4818,19.9148,15.0755,11.0666,19.0574,15.8296,4.6421,13.4517,24.1845,13.6981,25.2645,13.8917,15.958,12.5821,3.71692,22.7678,8.10827,12.8028,12.1955,19.0868,33.7375,13.9605,13.6256,13.0749,14.4577,26.2144,23.038,1.68935,10.118,15.7478,25.1521,10.338,20.4238,26.7435,23.4655,13.1341,27.4155,21.3498,24.3606,8.38125,18.3181,43.0051,26.3957,18.5768,15.6713,24.2666,24.1966,14.4574,8.78125,10.2683,15.5579,13.7981,20.6414,34.1806,14.7655,11.0115,9.94529,19.1929,16.1813,24.4385,13.5931,4.5852,24.5891,14.6841,23.3281,31.3809,23.413,15.1265,31.2289,22.6307,14.9477,24.1068,7.58458,8.68827,28.3975,18.8328,10.1751,23.8371,11.794,25.6317,33.6894,5.33725,14.0645,13.8936,30.2089,22.8136,30.3849,24.7607,2.25814,14.6075,21.9093,20.7938,19.9795,22.7195,1.91632,14.8875,11.8201,22.7292,14.5303,31.092,24.5014,18.8577,24.6644,18.2621,0.746789,1.18629,13.2585,27.0124,14.8006,5.01234,13.8121,12.438,14.3809,4.50522,14.6606,14.6545,22.221,14.6521,24.5943,19.0189,36.0312,8.94533,24.8619,24.9951,11.3692,11.1027,19.3931,22.682,8.9594,17.0483,17.5162,12.6289,18.4788,8.90561,29.0925,25.4006,20.8455,14.8237,23.0863,11.0062,7.03447,10.2188,21.9253,21.3652,11.6285,13.142,21.9523,20.6038,23.3458,26.4844,7.19321,35.7677,22.1966,21.6159,22.4372,33.107,19.4595,18.6003,21.4561,11.1535,23.5716,3.34867,36.0867,19.72,6.56803,12.0542,24.5844,26.0414,21.6749,18.4497,20.9255,22.2252,13.0353,10.173,16.8499,1.18629,9.69123,9.75967,14.1135,16.3215,9.1505,14.7046,13.8981,16.6671,12.4298,18.8217,25.5519,17.2684,33.6427,6.45878,16.3941,17.7231,30.8804,0.192567,25.1517,12.602,17.1331,24.442,30.4011,17.2164,5.68827,36.6717,19.3989,16.9533,13.4442,23.2481,23.383,9.35014,12.344,39.1606,16.4597,11.8455,29.742,10.1297,14.0594,16.4158,15.6448,22.2051,10.0041,11.924,22.6258,29.728,25.0385,19.1552,23.0561,29.4855,14.1709,16.0046,10.7752,24.0062,10.4429,11.5984,6.72603,24.066,30.7603,24.7198,1.52902,19.4923,28.2675,3.61937,20.2248,21.3655,21.718,20.1517,15.957,14.8901,19.748,18.9193,10.5948,22.9734,22.6076,27.4226,16.0075,37.1939,24.9006,14.156,18.2324,21.579,17.8988,12.1442,15.5572,24.3671,8.02121,21.3996,13.3853,
DUALS 130,7052.6,2226254,1782665,0,18.3379,11.9655,9.29379,23.3855,25.6336,16.1047,13.8955,22.788,14.207,8.22827,34.036,24.1106,2.29825,21.0644,2.84104,31.9464,19.2729,34.0044,20.8221,4.02005,17.5397,21.5996,21.4108,16.031,9.46619,13.1041,17.5763,1.55212,15.7085,21.5233,20.253,37.9027,11.9461,3.703,23.946,16.6557,2.47763,31.8057,21.7475,16.8399,4.56392,16.6748,3.40143,20.7153,15.4727,27.2777,13.7958,26.4406,25.0989,16.6617,32.6435,34.7655,10.2111,23.3281,23.0157,19.3076,14.8606,16.4358,18.6618,7.4249,24.7313,28.6561,25.9288,7.89435,35.8252,10.4338,28.0874,18.7451,21.5776,21.2341,16.3571,14.537,23.6635,16.1816,13.1853,1.18629,33.2261,42.8534,24.4116,12.9573,8.73694,23.9468,6.69856,10.7376,32.0138,5.5527,27.0852,2.94539,13.7317,18.7499,5.65636,15.9913,15.4421,29.8086,31.8101,12.3999,7.2284,15.0406,13.585,4.96496,13.4755,15.3673,19.2807,20.5649,25.8362,5.64475,6.10729,14.1809,22.8367,13.396,26.1676,24.9416,23.2937,12.2971,6.34833,25.9266,14.8483,17.1597,19.5899,24.3555,24.0391,12.7251,15.038,12.8442,29.9966,5.95217,28.471,26.5624,13.232,4.67655,5.30743,21.3196,23.8554,22.1712,24.9037,19.4818,19.4721,15.0755,11.0666,18.1719,15.8296,4.6421,13.4517,23.7417,14.1408,25.7073,13.8917,15.958,12.5821,3.27417,22.3251,8.10827,12.8028,12.1955,19.0868,33.7375,12.1895,13.6256,13.5176,14.4577,26.6571,23.038,2.1321,10.118,16.1906,25.1521,10.338,20.4238,25.4153,23.4655,13.1341,27.4155,21.7926,24.3606,8.38125,18.3181,43.0051,25.0675,19.0196,16.1141,24.7094,24.1966,14.4574,8.78125,10.2683,15.5579,13.7981,18.8704,34.1806,14.7655,11.0115,9.94529,18.3074,16.624,24.4385,12.7076,5.02795,24.5891,15.1268,23.3281,31.3809,23.413,15.1265,29.9007,22.6307,14.9477,24.1068,8.02732,8.68827,28.3975,18.8328,8.4041,24.2799,11.794,25.6317,33.6894,5.33725,14.0645,14.3364,28.8807,22.8136,30.8276,24.7607,2.25814,13.2793,21.9093,20.7938,19.9795,21.3912,1.03083,13.1166,11.8201,23.1719,14.5303,31.092,24.5014,17.5295,24.6644,18.2621,0.746789,0,13.7012,27.0124,14.8006,5.45508,14.2549,12.438,14.3809,3.17698,14.6606,14.6545,22.221,14.6521,25.037,18.1335,35.1457,9.38807,24.8619,25.4379,11.3692,11.5455,19.8358,22.682,9.40215,17.0483,17.9589,12.6289,18.9216,9.34836,28.207,25.4006,20.8455,14.8237,23.0863,11.0062,6.59172,10.6615,20.5971,20.4797,11.6285,13.142,21.9523,20.6038,23.3458,26.4844,7.19321,35.7677,20.4257,21.6159,22.4372,33.107,19.4595,19.043,21.0134,9.82524,24.0144,3.34867,36.0867,20.1628,7.01078,12.0542,24.5844,25.5987,22.1176,18.8924,20.9255,22.2252,13.478,10.173,16.8499,0,10.134,10.2024,14.1135,16.3215,8.70776,14.7046,14.3408,16.6671,12.4298,17.9362,24.6664,15.9402,33.6427,6.90152,16.3941,16.3948,30.8804,0.192567,25.1517,13.0447,17.1331,24.8847,30.4011,17.2164,5.68827,36.6717,18.5134,17.396,13.4442,23.2481,23.383,9.35014,12.344,39.1606,16.4597,11.8455,29.742,10.1297,14.0594,16.4158,15.6448,22.2051,10.0041,11.924,22.6258,28.8426,25.0385,19.5979,23.0561,29.4855,14.1709,16.4473,10.7752,24.0062,10.4429,11.5984,7.16877,24.066,30.7603,25.1625,1.08628,19.4923,28.2675,3.61937,20.2248,21.3655,21.718,20.5944,15.957,14.8901,19.3052,19.3621,10.1521,22.088,23.0504,26.5372,16.0075,37.6366,24.9006,14.156,18.2324,21.579,16.1278,12.1442,15.9999,24.3671,8.46395,21.3996,13.828,
DUALS 132,7052.6,2226164,1788529,0,19.5474,11.9655,9.29379,23.3855,25.6336,17.3142,15.105,21.5785,12.9975,8.22827,34.036,21.6916,3.50776,22.2739,4.05054,31.9464,19.2729,34.0044,22.0316,1.60104,17.5397,21.5996,21.4108,17.2405,9.46619,13.1041,16.3668,2.76162,16.918,21.5233,20.253,37.9027,11.9461,2.4935,23.946,16.6557,0,31.8057,20.538,16.8399,3.35441,16.6748,2.19193,20.7153,15.4727,27.2777,12.5863,26.4406,25.0989,17.8712,33.853,34.7655,11.4206,23.3281,24.2252,19.3076,14.8606,16.4358,18.6618,8.6344,24.7313,28.6561,27.1383,9.10386,34.6157,9.22427,26.8779,19.9546,21.5776,21.2341,16.3571,14.537,23.6635,17.3911,13.1853,1.18629,34.4356,44.0629,25.6211,12.9573,8.73694,25.1563,6.69856,10.7376,32.0138,6.7622,27.0852,2.94539,13.7317,18.7499,5.65636,15.9913,16.6516,29.8086,31.8101,12.3999,8.43791,15.0406,13.585,6.17446,14.685,15.3673,20.4902,20.5649,25.8362,6.85426,6.10729,12.9714,22.8367,13.396,27.3771,24.9416,23.2937,12.2971,5.13882,27.1361,14.8483,17.1597,19.5899,25.565,25.2486,13.9346,15.038,12.8442,31.2061,5.95217,29.6805,25.3529,13.232,4.67655,6.51694,21.3196,25.0649,22.1712,24.9037,19.4818,19.4721,15.0755,11.0666,18.1719,15.8296,4.6421,13.4517,24.9512,15.3503,26.9168,13.8917,15.958,13.7916,3.27417,23.5346,8.10827,12.8028,12.1955,19.0868,34.947,13.399,13.6256,13.5176,14.4577,27.8666,23.038,3.3416,10.118,16.1906,25.1521,10.338,20.4238,26.6248,23.4655,11.9246,27.4155,23.0021,24.3606,8.38125,18.3181,43.0051,26.277,19.0196,16.1141,25.9189,24.1966,14.4574,8.78125,10.2683,15.5579,13.7981,20.0799,34.1806,14.7655,11.0115,8.73579,19.5169,16.624,24.4385,12.7076,5.02795,23.3795,16.3363,23.3281,31.3809,23.413,15.1265,31.1102,23.8402,14.9477,24.1068,9.23683,8.68827,29.6071,18.8328,9.61361,25.4894,11.794,25.6317,33.6894,5.33725,14.0645,14.3364,30.0902,22.8136,30.8276,24.7607,2.25814,14.4888,21.9093,20.7938,19.9795,22.6007,2.24034,14.3261,11.8201,24.3815,14.5303,31.092,24.5014,18.739,24.6644,17.0525,0.746789,1.20951,14.9107,25.8029,14.8006,6.66459,14.2549,12.438,13.1714,3.17698,14.6606,14.6545,22.221,14.6521,26.2465,16.924,36.3552,10.5976,24.8619,26.6474,10.1597,12.755,18.6263,22.682,8.19264,17.0483,19.1685,12.6289,20.1311,10.5579,29.4165,25.4006,20.8455,14.8237,23.0863,11.0062,7.80123,9.45202,21.8066,20.4797,11.6285,13.142,21.9523,20.6038,23.3458,26.4844,7.19321,35.7677,21.6352,21.6159,22.4372,33.107,19.4595,20.2525,22.2229,11.0347,25.2239,3.34867,36.0867,18.9533,8.22028,12.0542,24.5844,26.8082,22.1176,17.6829,20.9255,19.8062,14.6875,10.173,16.8499,1.20951,10.134,11.4119,14.1135,16.3215,9.91726,14.7046,15.5503,15.4576,12.4298,17.9362,25.8759,17.1497,34.8523,5.69202,16.3941,17.6043,30.8804,0.192567,25.1517,11.8352,15.9236,26.0942,30.4011,18.4259,5.68827,36.6717,19.7229,16.1865,13.4442,23.2481,23.383,10.5596,12.344,39.1606,16.4597,11.8455,29.742,10.1297,14.0594,16.4158,15.6448,22.2051,10.0041,11.924,22.6258,30.0521,25.0385,20.8074,23.0561,29.4855,12.9614,16.4473,10.7752,24.0062,10.4429,11.5984,4.74976,24.066,30.7603,25.1625,1.08628,19.4923,28.2675,4.82888,20.2248,21.3655,21.718,20.5944,15.957,14.8901,20.5147,20.5716,10.1521,23.2975,23.0504,27.7467,16.0075,38.8461,24.9006,14.156,18.2324,21.579,17.3373,12.1442,15.9999,24.3671,7.25445,21.3996,12.6185,
DUALS 134,7052.6,2226158,1799477,0,19.5474,11.9655,9.29379,23.3855,25.6336,16.886,14.4627,21.7926,13.2116,8.44239,34.036,21.9057,2.43716,21.8457,2.5517,31.9464,19.2729,34.0044,19.8904,1.81516,17.5397,21.5996,21.4108,17.0264,9.68031,13.1041,16.581,2.97574,16.2756,21.5233,20.4671,37.9027,11.9461,2.70762,23.946,16.8698,0.214121,32.0198,20.7521,16.8399,3.35441,16.6748,2.40605,20.7153,15.4727,27.2777,12.8004,26.4406,25.0989,17.443,33.853,34.7655,10.7783,23.3281,22.084,19.3076,14.8606,16.6499,18.6618,7.99204,24.7313,28.6561,26.9242,8.88974,34.6157,9.43839,27.0921,19.7405,21.3635,21.4482,16.1429,14.537,23.6635,17.177,13.1853,0,34.2215,43.6347,25.6211,12.9573,8.73694,25.1563,6.69856,10.3093,32.0138,5.90572,27.2993,2.94539,13.7317,18.7499,5.87048,15.9913,16.4375,29.8086,31.8101,12.614,8.22379,15.0406,13.585,5.96034,13.8285,15.3673,20.276,20.5649,25.8362,6.64014,5.67905,13.1855,22.8367,13.396,27.5913,24.9416,23.2937,12.2971,5.13882,27.1361,14.8483,17.1597,19.5899,24.4944,25.2486,13.7204,15.038,12.8442,30.7778,5.95217,29.8947,25.5671,13.232,4.46243,5.44633,21.3196,24.8507,21.9571,24.9037,19.4818,19.4721,15.0755,11.0666,18.1719,15.8296,4.6421,13.4517,24.9512,15.1362,26.9168,13.8917,15.958,13.1493,3.06005,21.6075,8.32239,12.8028,12.1955,19.0868,34.7329,12.9708,13.6256,13.3035,14.4577,27.6525,23.038,3.3416,10.118,16.1906,25.1521,10.338,20.4238,26.1966,23.4655,12.1387,27.4155,23.0021,24.3606,8.38125,18.3181,43.0051,25.8488,19.0196,16.1141,26.133,24.1966,14.4574,8.78125,10.4824,15.5579,13.7981,19.6517,34.1806,14.7655,11.2256,8.94991,17.3757,16.624,24.4385,12.7076,4.81383,23.5937,16.3363,23.3281,31.595,23.413,15.1265,30.896,22.7696,14.9477,24.1068,9.02271,8.90239,29.1788,18.8328,8.97125,25.4894,11.794,25.6317,33.6894,5.55137,14.0645,14.5505,29.876,23.0277,30.6135,24.7607,2.47226,14.0606,21.9093,20.7938,19.9795,22.3866,2.24034,13.8978,11.8201,24.3815,14.5303,31.092,24.5014,18.3108,24.6644,17.2667,0.746789,0,15.1249,26.0171,14.8006,6.87871,13.8266,12.438,13.3855,3.39111,14.6606,14.4404,22.221,14.6521,26.0324,16.4957,35.2846,9.09874,24.8619,26.8615,10.3738,11.6844,18.8404,22.682,8.40676,17.0483,19.1685,12.6289,20.1311,10.3437,27.2753,25.4006,20.8455,14.8237,23.0863,11.0062,7.58711,9.66614,21.5924,20.4797,11.8426,13.142,21.9523,20.6038,23.5599,26.4844,7.19321,35.9818,21.2069,21.6159,22.4372,33.107,19.4595,19.8243,21.1523,10.8206,25.2239,3.34867,36.3009,19.1674,6.50732,12.0542,24.7986,26.5941,21.9035,17.897,20.9255,20.0203,14.6875,10.173,16.6358,0,10.134,10.5554,14.1135,16.3215,9.70314,14.7046,15.3362,15.6717,12.4298,17.9362,25.2336,16.7215,34.8523,5.90614,16.3941,17.1761,30.8804,0.192567,25.1517,12.0493,15.9236,26.3084,30.4011,18.4259,5.90239,36.6717,19.2947,16.4006,13.4442,23.2481,23.383,10.3455,12.5581,39.1606,16.4597,11.8455,29.742,10.3439,14.0594,16.6299,15.6448,22.4192,10.0041,11.924,22.8399,29.8379,25.0385,20.8074,23.0561,29.4855,13.1755,16.4473,10.7752,24.0062,10.4429,11.5984,4.96388,24.066,30.7603,25.1625,1.08628,19.4923,28.2675,4.61476,20.2248,21.3655,21.718,20.5944,15.957,14.8901,20.0865,19.9292,10.1521,23.0833,23.0504,27.7467,16.0075,38.8461,24.9006,14.156,18.4465,21.579,17.1232,12.1442,16.2141,24.3671,7.46857,21.3996,12.8326,
STATS - lpIterations[1] lagIterations[75] sspIterations[2868] numSeparations[702] numCuts[0] compileTime[2] sspSolveTime[55] lpSolveTime[0] lb[7057.83] ub[7138.8] numArcs: [2226158] numFixed: [1799477] time: [135]
DUALS 136,7057.83,2226140,1873066,0,20.4829,11.9655,9.29379,23.3855,25.6336,15.0149,14.4627,22.7281,14.1471,7.50687,34.036,22.8412,2.43716,19.9747,2.5517,31.9464,19.2729,34.0044,20.8259,2.75068,17.5397,21.5996,21.4108,16.0909,9.68031,13.1041,17.5165,2.97574,16.2756,21.5233,21.4026,38.8382,11.9461,3.64314,23.946,16.8698,1.14964,32.9553,21.6876,16.8399,3.35441,16.6748,3.34157,20.7153,15.4727,27.2777,13.7359,26.4406,25.0989,17.443,34.7885,34.7655,10.7783,23.3281,23.0196,19.3076,14.8606,16.6499,18.6618,7.99204,24.7313,29.5917,26.9242,7.95422,35.5512,10.3739,28.0276,17.8695,21.3635,21.4482,16.1429,14.537,23.6635,15.306,13.1853,0.935521,32.3505,42.6991,23.75,12.9573,8.73694,24.2208,6.69856,10.3093,32.0138,4.03468,27.2993,2.00987,13.7317,19.6854,5.87048,15.9913,15.502,29.8086,31.8101,12.614,8.22379,15.0406,13.585,5.02482,13.8285,15.3673,18.405,20.5649,25.8362,5.70462,5.67905,14.121,22.8367,13.396,28.5268,25.8771,23.2937,12.2971,5.13882,28.0717,14.8483,17.1597,19.5899,25.43,25.2486,11.8494,15.038,12.8442,30.7778,5.95217,30.8302,26.5026,13.232,4.46243,5.44633,21.3196,22.9797,21.0216,25.8392,19.4818,19.4721,15.0755,10.1311,19.1074,15.8296,4.6421,13.4517,24.9512,14.2007,25.0457,13.8917,15.958,13.1493,3.06005,22.543,7.38687,12.8028,12.1955,19.0868,33.7974,12.9708,13.6256,13.3035,14.4577,27.6525,23.038,3.3416,10.118,15.2551,25.1521,10.338,20.4238,26.1966,23.4655,13.0742,27.4155,23.0021,24.3606,8.38125,18.3181,43.0051,23.9777,18.0841,16.1141,27.0685,24.1966,14.4574,8.78125,9.54687,15.5579,13.7981,19.6517,34.1806,14.7655,11.2256,9.88543,18.3112,17.5595,24.4385,13.6431,4.81383,24.5292,15.4008,23.3281,31.595,23.413,15.1265,29.025,21.8341,14.9477,24.1068,8.08719,7.96687,27.3078,18.8328,8.97125,25.4894,11.794,25.6317,33.6894,4.61585,14.0645,15.486,28.005,23.0277,30.6135,24.7607,2.47226,14.0606,21.9093,20.7938,19.9795,21.4511,3.17586,13.8978,11.8201,24.3815,14.5303,31.092,24.5014,18.3108,24.6644,18.2022,0.746789,0.935521,16.0604,26.9526,14.8006,7.81423,13.8266,12.438,14.321,3.39111,14.6606,14.4404,22.221,14.6521,26.0324,16.4957,33.4136,9.09874,24.8619,27.797,11.3094,11.6844,19.776,22.682,9.34228,17.0483,18.2329,12.6289,18.26,9.40822,28.2108,25.4006,20.8455,14.8237,23.0863,11.0062,6.65159,10.6017,21.5924,21.4152,11.8426,13.142,21.9523,20.6038,23.5599,26.4844,7.19321,36.9173,19.3359,21.6159,22.4372,33.107,19.4595,19.8243,21.1523,8.94958,24.2883,3.34867,36.3009,20.1029,6.50732,12.0542,24.7986,25.6585,21.9035,18.8325,20.9255,20.9558,12.8165,10.173,16.6358,0.935521,10.134,10.5554,14.1135,16.3215,8.76762,14.7046,14.4007,16.6072,12.4298,18.8718,25.2336,16.7215,33.9167,6.84166,16.3941,15.305,30.8804,0.192567,25.1517,12.9848,15.9236,27.2439,30.4011,18.4259,4.96687,36.6717,17.4236,17.3362,13.4442,23.2481,23.383,9.41,12.5581,39.1606,16.4597,11.8455,29.742,10.3439,14.0594,16.6299,15.6448,22.4192,10.0041,11.924,22.8399,27.9669,25.0385,19.8719,23.9916,29.4855,14.111,17.3828,10.7752,24.0062,10.4429,11.5984,5.8994,24.066,30.7603,26.098,1.08628,19.4923,29.203,4.61476,20.2248,21.3655,21.718,20.5944,15.957,14.8901,18.2155,19.9292,10.1521,21.2123,23.0504,26.8111,16.0075,39.7817,24.9006,14.156,18.4465,22.5146,15.2522,12.1442,17.1496,24.3671,8.40409,21.3996,13.7681,
DUALS 138,7057.83,2250986,1858346,0,20.0107,11.9655,9.29379,23.3855,25.6336,15.4872,14.4627,21.7837,14.1471,7.9791,34.036,22.8412,2.43716,20.4469,2.5517,31.9464,19.2729,34.0044,21.2981,3.22291,17.5397,21.5996,21.4108,16.5631,10.1525,13.1041,17.5165,2.97574,16.2756,21.5233,21.4026,38.366,11.9461,2.22643,23.946,16.3975,1.62188,31.5386,20.7432,16.8399,2.40994,16.6748,2.3971,20.7153,15.4727,27.2777,13.7359,26.4406,25.0989,17.443,34.3163,34.7655,10.7783,23.3281,23.4918,19.3076,14.8606,17.1222,18.6618,7.99204,24.7313,29.1194,26.9242,7.95422,34.6067,10.8461,26.6109,18.3417,21.3635,21.9204,16.1429,14.537,23.6635,15.7782,13.1853,0,32.8227,42.6991,24.2223,12.9573,8.73694,24.2208,6.69856,10.3093,32.0138,4.03468,27.7715,2.48211,13.7317,17.7965,5.39824,15.519,15.9742,29.8086,31.8101,12.614,8.22379,15.0406,13.585,5.02482,13.8285,15.3673,18.8772,20.5649,25.8362,5.70462,6.15128,14.121,22.8367,13.396,26.6378,23.9881,23.2937,12.2971,5.61106,27.5994,14.8483,17.1597,19.5899,25.9022,25.2486,12.3216,15.038,12.8442,30.7778,5.95217,30.8302,26.5026,13.232,4.46243,5.44633,21.3196,23.4519,21.4938,23.9503,19.4818,19.4721,15.0755,9.65882,17.2185,15.8296,3.22539,13.4517,25.4235,14.2007,25.518,13.8917,15.958,13.1493,2.58782,23.0153,7.8591,12.8028,12.1955,19.0868,34.2696,12.9708,13.6256,13.3035,14.4577,27.6525,23.038,3.3416,10.118,15.7273,25.1521,10.338,20.4238,26.1966,23.4655,13.0742,27.4155,23.0021,24.3606,8.38125,18.3181,43.0051,24.45,18.0841,16.1141,27.0685,24.1966,14.4574,8.78125,10.0191,15.5579,13.7981,19.6517,34.1806,14.7655,10.7534,9.88543,18.7835,15.6706,24.4385,11.7542,4.81383,24.057,15.4008,23.3281,32.0672,23.413,15.1265,29.4972,22.3063,14.9477,24.1068,8.08719,8.4391,27.78,18.8328,8.97125,25.4894,11.794,25.6317,33.6894,5.08808,14.0645,15.0138,28.4772,23.5,30.6135,24.7607,1.52779,14.0606,21.9093,20.7938,19.9795,21.9233,1.75915,13.8978,11.8201,24.3815,14.5303,31.092,24.5014,18.3108,24.6644,18.2022,0.746789,0,16.5326,26.9526,14.8006,7.81423,13.8266,12.438,14.321,3.86334,14.6606,13.4959,22.221,14.6521,26.0324,16.0235,33.8858,9.09874,24.8619,27.797,10.3649,11.6844,18.8315,22.682,7.45334,17.0483,18.2329,12.6289,18.7323,9.40822,28.683,25.4006,20.8455,14.8237,23.0863,11.0062,5.70712,11.0739,21.5924,19.5263,10.8981,13.142,21.9523,20.6038,24.0322,26.4844,7.19321,36.9173,19.8081,21.6159,22.4372,33.107,19.4595,19.8243,21.6245,9.42181,24.2883,3.34867,36.7731,20.1029,6.50732,12.0542,25.2708,26.1308,21.9035,18.8325,20.9255,19.5391,13.2887,10.173,16.1635,0,10.134,10.5554,14.1135,16.7937,8.29538,14.7046,14.4007,15.6628,12.4298,16.5106,25.2336,16.7215,33.9167,7.3139,16.3941,15.7773,30.8804,0.192567,25.1517,13.4571,15.9236,26.2994,30.4011,18.4259,5.4391,36.6717,17.8958,16.3917,13.4442,23.2481,23.383,9.41,12.0858,39.1606,16.4597,11.8455,29.742,9.87162,14.0594,17.1022,15.6448,21.4748,10.0041,11.924,23.3122,28.4391,25.0385,19.8719,23.9916,29.4855,14.111,15.4939,10.7752,24.0062,10.4429,11.5984,6.37164,24.066,30.7603,25.1536,0.61404,19.4923,28.7308,4.61476,20.2248,21.3655,21.718,20.5944,15.957,14.8901,18.6877,19.9292,10.1521,21.2123,23.0504,26.8111,16.0075,39.3094,24.9006,14.156,17.9742,21.5701,15.7244,12.1442,15.7329,24.3671,8.87632,21.3996,12.8237,
DUALS 140,7057.83,2250894,1858348,0,20.0107,11.9655,9.29379,23.3855,25.6336,16.9659,14.4627,23.2623,14.1471,7.9791,34.036,22.8412,2.43716,21.9256,2.5517,31.9464,19.2729,34.0044,21.2981,1.74422,17.5397,21.5996,21.4108,18.0418,10.1525,13.1041,17.5165,2.97574,17.7543,20.0446,21.4026,39.8447,11.9461,3.70513,23.946,17.8762,0.143182,33.0173,22.2219,16.8399,3.88864,16.6748,3.8758,20.7153,15.4727,27.2777,13.7359,26.4406,25.0989,14.4856,34.3163,34.7655,9.29957,23.3281,23.4918,19.3076,14.8606,17.1222,18.6618,6.51334,24.7313,30.5981,25.4455,7.95422,36.0854,9.36745,28.0896,19.8204,21.3635,20.4417,16.1429,14.537,23.6635,17.2569,13.1853,1.47869,34.3014,42.6991,25.7009,12.9573,8.73694,24.2208,6.69856,8.83065,32.0138,4.03468,26.2928,2.48211,13.7317,19.2752,6.87694,16.9977,17.4529,29.8086,30.3314,12.614,8.22379,15.0406,13.585,5.02482,13.8285,15.3673,20.3559,20.5649,25.8362,5.70462,4.67259,14.121,22.8367,13.396,28.1165,25.4668,23.2937,12.2971,4.13236,27.5994,14.8483,17.1597,19.5899,24.4235,23.7699,13.8003,15.038,12.8442,30.7778,5.95217,30.8302,26.5026,13.232,5.94113,5.44633,21.3196,24.9306,21.4938,25.429,19.4818,19.4721,15.0755,11.1375,18.6971,15.8296,4.70408,13.4517,26.9022,14.2007,26.9967,13.8917,15.958,13.1493,2.58782,21.5366,7.8591,12.8028,12.1955,19.0868,35.7483,14.4495,13.6256,13.3035,14.4577,24.6951,23.038,3.3416,10.118,17.206,25.1521,10.338,20.4238,27.6753,23.4655,13.0742,27.4155,20.0447,24.3606,8.38125,18.3181,41.5264,25.9286,18.0841,16.1141,27.0685,24.1966,14.4574,8.78125,10.0191,15.5579,13.7981,19.6517,34.1806,14.7655,12.2321,9.88543,17.3048,17.1493,24.4385,13.2329,3.33513,24.057,15.4008,23.3281,32.0672,23.413,15.1265,30.9759,23.785,14.9477,24.1068,8.08719,8.4391,29.2587,18.8328,10.4499,24.0107,11.794,25.6317,33.6894,5.08808,14.0645,15.0138,29.9559,23.5,30.6135,24.7607,3.00649,14.0606,21.9093,20.7938,19.9795,23.402,3.23785,13.8978,11.8201,22.9028,14.5303,31.092,24.5014,19.7895,24.6644,18.2022,0.746789,1.47869,18.0113,26.9526,14.8006,7.81423,13.8266,12.438,14.321,5.34204,14.6606,14.9746,22.221,14.6521,24.5537,17.5022,35.3645,9.09874,24.8619,27.797,11.8436,11.6844,20.3102,22.682,8.93204,17.0483,19.7116,12.6289,20.2109,9.40822,27.2043,25.4006,20.8455,14.8237,23.0863,11.0062,7.18581,9.5952,21.5924,21.005,12.3768,13.142,21.9523,20.6038,24.0322,26.4844,7.19321,36.9173,21.2868,21.6159,22.4372,33.107,19.4595,18.3456,20.1458,10.9005,24.2883,3.34867,35.2944,20.1029,6.50732,12.0542,23.7921,27.6095,21.9035,18.8325,20.9255,21.0178,14.7674,10.173,17.6422,1.47869,10.134,9.07674,14.1135,16.7937,9.77408,14.7046,14.4007,17.1415,12.4298,17.9893,25.2336,16.7215,35.3954,5.8352,16.3941,17.256,29.4017,0.192567,25.1517,11.9784,17.4023,27.7781,30.4011,18.4259,5.4391,36.6717,19.3745,17.8704,13.4442,23.2481,23.383,9.41,13.5645,39.1606,16.4597,11.8455,29.742,11.3503,14.0594,17.1022,15.6448,19.9961,10.0041,11.924,23.3122,29.9178,25.0385,19.8719,23.9916,29.4855,14.111,16.9726,10.7752,24.0062,10.4429,11.5984,4.89295,24.066,30.7603,26.6323,2.09274,19.4923,30.2095,4.61476,20.2248,21.3655,21.718,20.5944,15.957,14.8901,20.1664,19.9292,10.1521,21.2123,23.0504,26.8111,16.0075,39.3094,24.9006,14.156,19.4529,23.0488,17.2031,12.1442,17.2116,24.3671,7.39763,21.3996,14.3024,
STATS - lpIterations[1] lagIterations[78] sspIterations[2995] numSeparations[783] numCuts[0] compileTime[2] sspSolveTime[58] lpSolveTime[0] lb[7063.18] ub[7138.8] numArcs: [2250894] numFixed: [1858348] time: [141]
DUALS 142,7063.18,2250884,1938742,0,19.7632,11.9655,9.54122,23.3855,25.6336,16.9659,14.4627,22.2726,14.3946,8.22654,34.036,23.0887,2.68459,21.9256,2.79913,31.9464,19.2729,34.0044,21.5456,1.99165,17.5397,21.5996,21.4108,17.7944,10.4,13.1041,17.5165,1.73858,16.2697,20.292,21.4026,39.3498,11.6987,3.45769,23.946,16.3916,0.390615,32.7699,21.727,16.8399,3.14634,16.6748,2.88606,20.7153,15.4727,27.2777,13.9834,26.4406,25.0989,14.733,34.0688,34.7655,9.547,23.3281,23.7392,19.3076,14.8606,17.1222,18.6618,6.76078,24.7313,30.1033,25.4455,8.20165,35.3431,9.61488,27.8421,19.8204,21.3635,20.6892,16.1429,14.537,23.9109,17.2569,13.1853,1.47869,34.3014,42.6991,25.4535,12.9573,8.98437,24.2208,6.94599,9.07808,32.2613,4.28211,26.5403,2.48211,13.7317,19.5226,5.1449,16.7503,17.2055,29.8086,30.5789,12.8614,8.22379,15.0406,13.8325,5.27225,13.8285,15.3673,19.8611,20.5649,25.8362,5.95205,4.92002,14.121,22.8367,13.396,27.8691,25.4668,23.2937,12.2971,4.3798,27.352,14.8483,17.1597,19.5899,24.6709,24.0174,13.3055,15.038,12.8442,30.7778,5.95217,30.5828,26.5026,13.232,4.70396,5.44633,21.3196,24.9306,21.7412,25.429,19.4818,19.4721,15.0755,10.1478,18.9446,15.8296,4.45665,13.4517,26.9022,14.4481,26.7492,13.8917,15.958,12.9019,2.58782,21.784,8.10654,12.8028,12.1955,19.0868,35.5008,12.47,13.6256,13.3035,14.4577,24.9426,23.038,3.58903,10.118,16.7111,25.1521,10.338,20.4238,25.9432,23.4655,13.0742,27.4155,20.2921,24.3606,8.62868,18.3181,41.7738,25.9286,18.3315,16.3615,27.0685,24.1966,14.4574,9.02868,10.2665,15.5579,13.7981,19.8991,34.1806,14.7655,10.2526,9.88543,17.5522,16.9019,24.4385,13.4803,3.58256,24.3044,15.4008,23.3281,32.3147,23.413,15.1265,30.4811,23.785,15.1951,24.1068,8.33462,8.68654,29.2587,18.8328,8.47048,24.2581,11.794,25.6317,33.6894,5.33551,14.0645,14.5189,29.4611,23.5,30.6135,24.7607,2.26419,14.308,21.9093,20.7938,19.9795,22.9072,2.24812,13.8978,11.8201,23.1502,14.5303,31.092,24.5014,18.0574,24.6644,18.2022,0.746789,0,17.5164,26.9526,14.8006,7.5668,14.0741,12.438,14.321,3.85744,14.6606,14.2323,22.221,14.6521,24.8011,16.7599,35.3645,9.34617,24.8619,27.5496,10.8538,11.6844,19.5679,22.682,8.93204,17.2958,19.2168,12.6289,19.9635,9.65565,27.4518,25.4006,20.8455,14.8237,23.0863,11.0062,6.19608,9.84264,21.5924,21.2524,10.3974,13.142,21.9523,20.6038,24.0322,26.4844,7.19321,36.9173,21.2868,21.6159,22.4372,33.107,19.4595,18.593,20.3933,10.4056,24.2883,3.34867,35.5418,20.3504,6.75475,12.0542,24.0395,27.1146,21.9035,18.5851,20.9255,20.5229,14.52,10.173,16.8999,0,10.3814,9.32417,14.1135,16.7937,9.03178,14.7046,14.6481,16.1517,12.4298,17.9893,25.2336,16.9689,35.3954,6.08264,16.3941,17.256,29.6491,0.192567,25.1517,12.2258,17.4023,27.2832,30.4011,18.4259,5.68654,36.6717,19.3745,17.1281,13.4442,23.2481,23.383,9.41,11.8325,39.1606,16.4597,11.8455,29.742,9.61828,14.0594,17.1022,15.6448,20.2435,10.2516,11.924,23.3122,29.9178,25.0385,20.1193,23.9916,29.4855,14.111,16.7252,10.7752,24.0062,10.4429,11.5984,5.14038,24.066,30.7603,26.3848,0.608135,19.4923,29.962,4.61476,20.2248,21.3655,21.718,20.8418,16.2044,14.8901,20.1664,20.1766,10.1521,21.2123,23.2978,26.8111,16.0075,39.062,24.9006,14.156,17.9683,23.0488,17.2031,12.1442,16.7167,24.3671,7.64506,21.3996,13.5601,
STATS - lpIterations[1] lagIterations[79] sspIterations[3034] numSeparations[783] numCuts[0] compileTime[2] sspSolveTime[59] lpSolveTime[0] lb[7064.76] ub[7138.8] numArcs: [2250884] numFixed: [1938742] time: [142]
STATS - lpIterations[1] lagIterations[79] sspIterations[3034] numSeparations[783] numCuts[0] compileTime[2] sspSolveTime[59] lpSolveTime[0] lb[7073.53] ub[7138.8] numArcs: [2250884] numFixed: [1938742] time: [142]
DUALS 143,7073.53,2250870,2017174,0,18.7564,11.9655,8.53439,23.3855,25.6336,15.959,14.4627,23.2794,14.3946,8.22654,34.036,23.0887,2.68459,20.9188,2.79913,31.9464,19.2729,34.0044,22.5524,2.99849,17.5397,21.5996,21.4108,17.7944,11.4068,13.1041,17.5165,2.74541,17.2766,21.2989,21.4026,37.3361,12.7055,3.45769,23.946,17.3985,1.39745,31.7631,20.7202,16.8399,4.15317,16.6748,3.8929,20.7153,15.4727,27.2777,13.9834,26.4406,25.0989,15.7399,33.062,34.7655,10.5538,23.3281,24.7461,19.3076,14.8606,17.1222,18.6618,7.76761,24.7313,28.0896,26.4523,7.19482,33.3295,10.6217,26.8353,18.8136,21.3635,21.696,16.1429,14.537,24.9177,16.2501,13.1853,0.471859,33.2946,42.6991,24.4467,12.9573,8.98437,25.2276,5.93916,9.07808,33.2681,5.28895,27.5471,2.48211,13.7317,19.5226,6.15174,16.7503,17.2055,29.8086,31.5857,13.8683,8.22379,15.0406,12.8256,4.26542,13.8285,15.3673,19.8611,20.5649,25.8362,4.94522,2.90635,14.121,22.8367,13.396,28.8759,25.4668,23.2937,12.2971,5.38663,26.3452,14.8483,17.1597,19.5899,25.6778,25.0242,13.3055,15.038,12.8442,30.7778,6.959,30.5828,26.5026,13.232,5.71079,4.4395,21.3196,24.9306,20.7344,24.4221,19.4818,19.4721,15.0755,11.1546,18.9446,15.8296,4.45665,13.4517,26.9022,13.4413,25.7424,13.8917,15.958,12.9019,1.58098,22.7908,8.10654,12.8028,12.1955,19.0868,35.5008,13.4768,13.6256,13.3035,14.4577,25.9494,23.038,2.5822,10.118,15.7043,25.1521,10.338,20.4238,26.9501,23.4655,13.0742,27.4155,21.299,24.3606,7.62185,18.3181,42.7807,24.9218,18.3315,16.3615,27.0685,24.1966,14.4574,8.02185,10.2665,15.5579,13.7981,19.8991,34.1806,14.7655,11.2595,9.88543,18.559,17.9087,24.4385,13.4803,3.58256,25.3112,16.4076,23.3281,33.3215,23.413,15.1265,30.4811,20.7645,14.1883,24.1068,7.32779,8.68654,27.245,18.8328,9.47731,25.265,11.794,25.6317,33.6894,5.33551,14.0645,14.5189,29.4611,23.5,30.6135,24.7607,3.27102,14.308,21.9093,20.7938,19.9795,22.9072,2.24812,13.8978,11.8201,24.157,14.5303,31.092,24.5014,19.0643,24.6644,18.2022,0.746789,0,17.5164,26.9526,14.8006,7.5668,14.0741,12.438,14.321,3.85744,14.6606,14.2323,22.221,14.6521,25.808,17.7667,32.344,9.34617,24.8619,27.5496,11.8607,10.6775,20.5747,22.682,7.9252,18.3026,18.2099,12.6289,18.9567,8.64882,28.4586,25.4006,20.8455,14.8237,23.0863,11.0062,5.18924,10.8495,21.5924,21.2524,11.4042,13.142,21.9523,20.6038,24.0322,26.4844,7.19321,36.9173,20.28,21.6159,22.4372,33.107,19.4595,19.5998,21.4001,10.4056,25.2952,2.34183,36.5487,20.3504,6.75475,12.0542,25.0464,27.1146,21.9035,18.5851,20.9255,19.5161,13.5131,10.173,16.8999,1.00684,10.3814,10.331,14.1135,16.7937,8.02494,14.7046,13.6413,17.1586,12.4298,17.9893,25.2336,16.9689,35.3954,7.08947,16.3941,16.2491,30.656,0,25.1517,13.2327,17.4023,25.2696,30.4011,19.4327,5.68654,36.6717,17.3609,18.1349,13.4442,23.2481,23.383,8.40317,12.8393,39.1606,16.4597,11.8455,29.742,10.6251,14.0594,17.1022,15.6448,21.2503,9.24473,11.924,23.3122,28.911,25.0385,21.1262,23.9916,29.4855,14.111,16.7252,10.7752,24.0062,10.4429,11.5984,6.14721,24.066,30.7603,25.378,1.61497,19.4923,28.9552,4.61476,20.2248,21.3655,21.718,20.8418,17.2113,14.8901,17.1459,20.1766,10.1521,22.2191,23.2978,26.8111,16.0075,38.0552,24.9006,14.156,18.9752,22.0419,16.1963,12.1442,14.703,24.3671,8.6519,21.3996,14.5669,
DUALS 145,7073.53,2250848,2017174,0,19.3291,11.9655,9.1071,23.3855,25.6336,16.5317,15.0354,20.9886,14.3946,8.22654,34.036,23.0887,2.68459,21.4915,2.79913,31.9464,19.2729,34.0044,21.9797,2.42578,17.5397,21.5996,21.4108,17.2217,7.39787,13.1041,17.5165,3.31812,17.2766,21.2989,21.4026,37.9088,12.7055,2.88499,23.946,17.3985,0.824744,31.7631,21.2929,16.8399,2.43505,16.6748,1.60207,20.7153,15.4727,27.2777,13.9834,26.4406,24.5262,16.3126,33.6347,34.7655,9.98113,23.3281,24.1734,19.3076,14.8606,17.1222,18.6618,7.19491,24.7313,28.6623,27.025,7.76752,33.9022,10.049,27.408,19.3863,21.3635,19.9779,16.1429,14.537,24.9177,16.8228,13.1853,0,33.8673,42.6991,25.0194,12.9573,9.55708,25.2276,6.51187,9.65079,33.2681,4.71624,25.829,2.48211,13.7317,19.5226,5.00632,16.1776,16.6328,29.8086,31.5857,11.5775,8.22379,15.0406,13.3983,4.83812,14.4013,15.3673,19.2884,20.5649,25.8362,5.51792,3.47906,14.121,22.8367,13.396,28.8759,25.4668,23.2937,12.2971,4.81393,26.9179,14.8483,17.1597,19.5899,25.1051,25.5969,12.7328,15.038,12.8442,30.7778,6.959,31.1555,26.5026,13.232,4.56538,5.0122,21.3196,24.9306,21.3071,24.4221,19.4818,19.4721,15.0755,11.1546,18.9446,15.8296,5.02936,13.4517,26.9022,14.014,26.3151,13.8917,15.958,13.4746,2.15369,22.7908,8.10654,12.8028,12.1955,19.0868,35.5008,13.4768,13.6256,13.3035,14.4577,26.5221,23.038,3.15491,10.118,15.7043,25.1521,10.338,20.4238,26.9501,23.4655,13.0742,27.4155,21.8717,24.3606,8.19455,18.3181,42.7807,25.4945,18.9042,16.9342,27.6412,24.1966,14.4574,8.59455,10.2665,15.5579,13.7981,20.4718,34.1806,14.7655,11.2595,9.88543,18.559,17.9087,24.4385,13.4803,4.15527,25.3112,16.4076,23.3281,29.3126,23.413,15.1265,29.9084,21.3372,14.761,24.1068,7.90049,8.68654,27.245,18.8328,9.47731,25.8377,11.794,25.6317,33.6894,5.33551,14.0645,14.5189,28.8884,23.5,30.6135,24.7607,1.5529,14.8807,21.9093,20.7938,19.9795,22.3345,0,13.8978,11.8201,24.7297,14.5303,31.092,24.5014,19.0643,24.6644,18.2022,0.746789,0,18.0891,26.9526,14.8006,8.1395,14.6468,12.438,14.321,3.85744,14.6606,14.805,22.221,14.6521,25.808,17.194,32.9167,9.91888,24.8619,28.1223,9.56986,11.2503,18.8566,22.682,8.49791,18.3026,18.2099,12.6289,19.5294,9.22152,28.4586,25.4006,20.8455,14.8237,23.0863,11.0062,5.76195,10.2768,21.5924,21.2524,11.4042,13.142,21.9523,20.6038,24.0322,26.4844,7.19321,36.9173,20.8527,21.6159,22.4372,33.107,19.4595,19.5998,20.8274,9.83294,25.2952,2.34183,35.976,20.3504,7.32746,12.0542,23.3283,26.5419,21.9035,18.5851,20.9255,20.0888,14.0858,10.173,16.3272,0,10.9541,9.7583,14.1135,16.7937,8.59765,14.7046,14.214,14.8677,12.4298,17.9893,25.2336,17.5416,35.3954,6.51676,16.3941,16.8218,30.656,0.572707,25.1517,12.6599,17.4023,25.2696,30.4011,19.4327,5.68654,36.6717,17.9336,16.4168,13.4442,23.2481,23.383,8.97588,12.2666,39.1606,16.4597,11.8455,29.742,10.6251,14.0594,17.1022,15.6448,20.1049,9.81743,11.924,23.3122,29.4837,25.0385,21.1262,23.9916,29.4855,14.111,17.2979,10.7752,24.0062,10.4429,11.5984,5.57451,24.066,30.7603,25.378,0.469557,19.4923,29.5279,5.18746,20.2248,21.3655,21.718,21.4146,17.2113,14.8901,17.7186,20.7494,10.1521,21.6464,23.8705,26.8111,16.0075,38.6279,24.9006,14.156,18.9752,21.4692,16.769,12.1442,15.2757,24.3671,8.07919,21.3996,12.8488,
DUALS 146,7073.53,2250825,2018138,0,18.27,11.9655,9.1071,23.3855,25.6336,16.5317,13.9762,22.0478,13.3354,8.22654,34.036,23.0887,1.62544,21.4915,2.79913,31.9464,19.2729,34.0044,23.0388,3.48493,17.5397,21.5996,21.4108,18.2808,8.45702,13.1041,17.5165,0.140674,15.1583,21.2989,21.4026,37.9088,11.6464,3.94413,23.946,17.3985,1.88389,32.8222,20.2337,16.8399,3.4942,16.6748,2.66122,20.7153,15.4727,27.2777,12.9242,26.4406,24.5262,16.3126,32.5756,34.7655,8.92198,23.3281,25.2325,19.3076,14.8606,17.1222,18.6618,6.13576,24.7313,26.544,27.025,8.82667,34.9613,11.1082,25.2897,19.3863,21.3635,21.037,16.1429,14.537,24.9177,16.8228,13.1853,0,33.8673,41.64,25.0194,12.9573,6.37964,24.1685,6.51187,8.59164,33.2681,3.65709,26.8881,2.48211,13.7317,19.5226,5.00632,16.1776,17.6919,29.8086,31.5857,12.6366,7.16464,15.0406,13.3983,5.89727,13.3421,15.3673,20.3475,20.5649,25.8362,6.57707,3.47906,14.121,22.8367,13.396,26.7576,25.4668,23.2937,12.2971,5.87307,25.8587,14.8483,17.1597,19.5899,26.1642,25.5969,13.7919,15.038,12.8442,29.7187,6.959,30.0963,26.5026,13.232,4.56538,5.0122,21.3196,25.9898,21.3071,24.4221,19.4818,19.4721,15.0755,11.1546,18.9446,15.8296,3.97021,13.4517,26.9022,15.0731,26.3151,13.8917,15.958,12.4154,2.15369,23.85,8.10654,12.8028,12.1955,19.0868,35.5008,11.3585,13.6256,13.3035,14.4577,26.5221,23.038,3.15491,10.118,15.7043,25.1521,10.338,20.4238,25.8909,23.4655,13.0742,27.4155,21.8717,24.3606,8.19455,18.3181,42.7807,25.4945,18.9042,16.9342,27.6412,24.1966,14.4574,8.59455,10.2665,15.5579,13.7981,19.4127,34.1806,14.7655,11.2595,9.88543,19.6182,15.7904,24.4385,13.4803,3.09612,25.3112,15.3485,23.3281,30.3717,23.413,15.1265,30.9675,22.3964,14.761,24.1068,8.95964,8.68654,28.3042,18.8328,8.41816,25.8377,11.794,25.6317,33.6894,5.33551,14.0645,14.5189,29.9475,23.5,30.6135,24.7607,2.61205,13.8216,21.9093,20.7938,19.9795,23.3936,1.05915,12.8387,11.8201,24.7297,14.5303,31.092,24.5014,16.946,24.6644,18.2022,0.746789,1.05915,17.03,26.9526,14.8006,7.08036,12.5285,12.438,14.321,1.73914,14.6606,12.6867,22.221,14.6521,24.7488,15.0757,33.9759,8.85973,24.8619,27.0631,10.629,11.2503,19.9157,22.682,9.55706,18.3026,19.2691,12.6289,19.5294,10.2807,29.5177,25.4006,20.8455,14.8237,23.0863,11.0062,3.64365,11.3359,20.5333,21.2524,11.4042,13.142,21.9523,20.6038,24.0322,26.4844,7.19321,36.9173,20.8527,21.6159,22.4372,33.107,19.4595,18.5407,21.8865,10.8921,24.236,3.40098,37.0351,19.2912,6.26831,12.0542,24.3874,26.5419,21.9035,17.526,20.9255,21.148,14.0858,10.173,16.3272,1.05915,9.89496,8.69916,14.1135,16.7937,6.47935,14.7046,15.2731,15.9269,12.4298,17.9893,25.2336,16.4825,35.3954,7.57591,16.3941,16.8218,30.656,0.572707,25.1517,13.7191,17.4023,26.3287,30.4011,19.4327,5.68654,36.6717,18.9927,17.4759,13.4442,23.2481,23.383,10.035,12.2666,39.1606,16.4597,11.8455,29.742,10.6251,14.0594,17.1022,15.6448,21.1641,9.81743,11.924,23.3122,29.4837,25.0385,20.067,23.9916,29.4855,14.111,15.1796,10.7752,24.0062,10.4429,11.5984,6.63366,24.066,30.7603,26.4371,0.469557,19.4923,29.5279,4.12832,20.2248,21.3655,21.718,21.4146,17.2113,14.8901,18.7777,20.7494,10.1521,21.6464,23.8705,26.8111,16.0075,37.5687,24.9006,14.156,18.9752,21.4692,16.769,12.1442,16.3349,24.3671,9.13834,21.3996,13.9079,
DUALS 148,7073.53,2250803,2018138,0,18.83,11.9655,9.6671,23.3855,25.6336,16.5317,14.5362,22.6078,13.8954,8.78654,34.036,23.6487,2.18544,21.4915,3.35913,31.9464,19.2729,34.0044,20.7988,2.36493,17.5397,21.5996,21.4108,16.0408,8.45702,13.1041,17.5165,0.700673,15.7183,21.2989,21.4026,38.4688,12.2064,4.50413,23.946,17.3985,0.763894,33.3822,20.7937,16.8399,4.0542,16.6748,3.22122,20.7153,15.4727,27.2777,13.4842,26.4406,24.5262,16.8726,33.1356,34.7655,9.48198,23.3281,22.9925,19.3076,14.8606,17.6822,18.6618,6.69576,24.7313,27.104,26.465,8.26667,35.5213,9.98816,25.8497,19.3863,21.3635,21.037,16.1429,14.537,24.9177,16.8228,13.1853,0.559999,33.8673,42.2,25.0194,12.9573,6.37964,24.7285,7.07186,8.59164,33.2681,3.65709,26.8881,3.04211,13.7317,19.5226,4.44633,16.1776,15.4519,29.8086,31.5857,12.6366,7.72464,15.0406,13.9583,5.33727,13.9021,15.3673,18.1075,20.5649,25.8362,6.01707,4.03906,14.121,22.8367,13.396,27.3176,25.4668,23.2937,12.2971,5.31307,26.4187,14.8483,17.1597,19.5899,23.9242,25.5969,11.5519,15.038,12.8442,30.2787,6.959,30.6563,26.5026,13.232,2.32539,4.45221,21.3196,25.9898,21.8671,24.4221,19.4818,19.4721,15.0755,10.5946,18.9446,15.8296,4.53021,13.4517,25.2222,14.5131,26.3151,13.8917,15.958,12.9754,2.71369,23.85,8.66654,12.8028,12.1955,19.0868,35.5008,11.9185,13.6256,13.3035,14.4577,27.0821,23.038,2.59491,10.118,16.2643,25.1521,10.338,20.4238,26.4509,23.4655,13.0742,27.4155,22.4317,24.3606,8.75455,18.3181,42.7807,25.4945,18.9042,16.9342,28.2012,24.1966,14.4574,9.15455,10.8265,15.5579,13.7981,19.9727,34.1806,14.7655,11.2595,9.88543,17.3782,16.3504,24.4385,13.4803,3.09612,25.8712,15.9085,23.3281,30.3717,23.413,15.1265,28.7275,22.3964,15.321,24.1068,8.39964,9.24654,28.3042,18.8328,8.97816,25.2777,11.794,25.6317,33.6894,5.89551,14.0645,15.0789,27.7075,23.5,30.6135,24.7607,3.17205,14.3816,21.9093,20.7938,19.9795,21.1536,1.61915,13.3987,11.8201,25.2897,14.5303,31.092,24.5014,17.506,24.6644,18.2022,0.746789,0.499149,17.59,26.9526,14.8006,7.64035,12.5285,12.438,14.321,2.29914,14.6606,13.2467,22.221,14.6521,25.3088,15.6357,33.9759,9.41973,24.8619,27.6231,11.189,10.6903,19.9157,22.682,10.1171,18.3026,19.8291,12.6289,19.5294,9.72067,27.2777,25.4006,20.8455,14.8237,23.0863,11.0062,4.20365,10.2159,21.0933,21.2524,10.8442,13.142,21.9523,20.6038,24.5922,26.4844,7.19321,36.9173,20.8527,21.6159,22.4372,33.107,19.4595,19.1007,19.6465,8.65209,24.796,2.84098,37.0351,19.8512,6.82831,12.0542,24.3874,25.4219,21.9035,18.0859,20.9255,21.708,14.0858,10.173,16.8872,0.499149,9.89496,8.69916,14.1135,17.3537,7.03935,14.7046,14.7131,16.4869,12.4298,17.9893,25.2336,17.0425,34.8354,6.45591,16.3941,16.8218,30.656,0.0127077,25.1517,12.5991,17.4023,26.8887,30.4011,18.8727,6.24654,36.6717,18.9927,17.4759,13.4442,23.2481,23.383,9.47502,12.2666,39.1606,16.4597,11.8455,29.742,10.6251,14.0594,17.6622,15.6448,21.1641,10.3774,11.924,23.8722,29.4837,25.0385,20.627,24.5516,29.4855,14.111,15.7396,10.7752,24.0062,10.4429,11.5984,5.51366,24.066,30.7603,26.9971,0,19.4923,30.0879,4.68832,20.2248,21.3655,21.718,21.4146,17.2113,14.8901,19.3377,20.1894,10.1521,21.6464,23.8705,27.3711,16.0075,38.1287,24.9006,14.156,18.9752,21.4692,16.769,12.1442,16.8949,24.3671,8.01834,21.3996,14.4679,
DUALS 149,7073.53,2250786,2020472,0,18.83,11.9655,8.10191,23.3855,25.6336,16.5317,14.5362,20.26,13.8954,7.22135,34.036,23.6487,2.18544,21.4915,3.35913,31.9464,19.2729,34.0044,21.5814,2.36493,17.5397,21.5996,21.4108,16.8234,8.45702,13.1041,17.5165,1.48326,16.5009,21.2989,21.4026,39.2514,12.989,2.15636,23.946,17.3985,1.54649,32.5996,20.7937,16.8399,1.70642,16.6748,0.873444,20.7153,15.4727,27.2777,13.4842,26.4406,24.5262,16.8726,33.1356,34.7655,10.2646,23.3281,23.7751,19.3076,14.8606,16.117,18.6618,7.47835,24.7313,27.8866,26.465,7.48408,34.7387,9.98816,26.6323,19.3863,21.3635,21.037,16.1429,14.537,24.9177,16.8228,13.1853,0.559999,33.8673,42.2,25.0194,12.9573,7.16223,25.5111,7.07186,9.37423,33.2681,4.43969,26.8881,2.25952,13.7317,19.5226,5.22892,15.395,16.2345,29.8086,31.5857,12.6366,7.72464,15.0406,13.9583,4.55468,13.9021,15.3673,18.8901,20.5649,25.8362,5.23448,3.25646,14.121,22.8367,13.396,27.3176,25.4668,23.2937,12.2971,5.31307,27.2013,14.8483,17.1597,19.5899,24.7068,25.5969,12.3345,15.038,12.8442,30.2787,6.959,29.8737,26.5026,13.232,3.10798,3.66961,21.3196,25.9898,20.3019,24.4221,19.4818,19.4721,15.0755,9.81202,18.9446,15.8296,4.53021,13.4517,26.0048,13.7305,26.3151,13.8917,15.958,12.9754,2.71369,23.85,7.10135,12.8028,12.1955,19.0868,35.5008,12.7011,13.6256,13.3035,14.4577,27.0821,23.038,3.3775,10.118,15.4817,25.1521,10.338,20.4238,27.2335,23.4655,13.0742,27.4155,22.4317,24.3606,8.75455,18.3181,42.7807,25.4945,19.6868,17.7168,28.2012,24.1966,14.4574,9.15455,9.26135,15.5579,13.7981,19.9727,34.1806,14.7655,11.2595,9.88543,18.1608,16.3504,24.4385,13.4803,3.87871,25.8712,16.6911,23.3281,30.3717,23.413,15.1265,29.5101,22.3964,15.321,24.1068,7.61705,7.68135,28.3042,18.8328,9.76075,25.2777,11.794,25.6317,33.6894,4.33033,14.0645,15.0789,28.4901,21.9348,30.6135,24.7607,0.0416827,14.3816,21.9093,20.7938,19.9795,21.9362,0.836556,13.3987,11.8201,25.2897,14.5303,31.092,24.5014,18.2886,24.6644,18.2022,0.746789,0,17.59,26.9526,14.8006,8.42295,13.3111,12.438,14.321,2.29914,14.6606,14.0293,22.221,14.6521,26.0914,16.4183,33.9759,9.41973,24.8619,26.8405,8.84123,9.90766,17.568,22.682,7.76928,18.3026,19.0465,12.6289,19.5294,8.93808,28.0603,25.4006,20.8455,14.8237,23.0863,11.0062,4.98624,10.2159,21.0933,21.2524,10.8442,13.142,21.9523,20.6038,23.027,26.4844,7.19321,36.9173,20.8527,21.6159,22.4372,33.107,19.4595,19.8833,20.4291,9.43468,25.5786,2.84098,37.0351,19.8512,6.82831,12.0542,24.3874,26.2045,21.9035,18.0859,20.9255,19.3602,14.0858,10.173,15.3221,0,10.6776,9.48175,14.1135,16.5711,7.82194,14.7046,13.9305,14.1391,12.4298,17.9893,25.2336,17.0425,34.8354,6.45591,16.3941,16.8218,30.656,0.0127077,25.1517,12.5991,17.4023,26.1061,30.4011,19.6553,4.68135,36.6717,18.9927,15.1282,13.4442,23.2481,23.383,8.69243,12.2666,39.1606,16.4597,11.8455,29.742,10.6251,14.0594,16.097,15.6448,21.1641,10.3774,11.924,22.307,29.4837,25.0385,21.4096,24.5516,29.4855,14.111,16.5222,10.7752,24.0062,10.4429,11.5984,5.51366,24.066,30.7603,26.2146,0.782591,19.4923,30.8705,4.68832,20.2248,21.3655,21.718,22.1971,17.2113,14.8901,19.3377,20.1894,10.1521,22.429,24.6531,27.3711,16.0075,38.1287,24.9006,14.156,18.9752,21.4692,16.769,12.1442,16.1123,24.3671,8.01834,21.3996,12.1202,
DUALS 150,7073.53,2250751,2020475,0,18.83,11.9655,8.10191,23.3855,25.6336,16.5317,14.5362,21.4914,13.8954,8.45272,34.036,23.6487,2.18544,21.4915,2.12777,31.9464,19.2729,34.0044,20.3501,2.36493,17.5397,21.5996,21.4108,18.0548,8.45702,13.1041,17.5165,1.48326,16.5009,21.2989,21.4026,40.4828,12.989,3.38772,23.946,16.1671,1.54649,33.831,22.0251,16.8399,2.93779,16.6748,2.10481,20.7153,15.4727,27.2777,13.4842,26.4406,24.5262,15.6412,33.1356,34.7655,6.57048,22.0968,23.7751,19.3076,14.8606,17.3483,18.6618,3.78426,24.7313,29.118,27.6964,8.71544,35.9701,9.98816,27.8637,19.3863,21.3635,21.037,16.1429,14.537,24.9177,16.8228,13.1853,0.559999,33.8673,43.4314,25.0194,14.1887,7.16223,24.2797,7.07186,8.14287,33.2681,3.20832,26.8881,3.49088,13.7317,19.5226,3.99755,16.6264,17.4659,27.3459,31.5857,12.6366,7.72464,15.0406,13.9583,5.78605,13.9021,15.3673,20.1215,20.5649,25.8362,6.46584,4.48783,14.121,22.8367,13.396,28.549,25.4668,23.2937,12.2971,5.31307,27.2013,14.8483,17.1597,19.5899,25.9382,26.8283,13.5659,15.038,12.8442,31.51,6.959,29.8737,26.5026,13.232,3.10798,4.90098,21.3196,25.9898,21.5333,24.4221,19.4818,19.4721,15.0755,8.58066,18.9446,15.8296,4.53021,13.4517,26.0048,14.9619,26.3151,13.8917,15.958,12.9754,2.71369,22.6186,8.33272,12.8028,12.1955,19.0868,35.5008,12.7011,13.6256,13.3035,14.4577,27.0821,23.038,3.3775,10.118,16.7131,25.1521,10.338,20.4238,27.2335,23.4655,13.0742,27.4155,23.663,24.3606,8.75455,18.3181,42.7807,25.4945,17.2241,15.2541,28.2012,24.1966,14.4574,9.15455,10.4927,15.5579,13.7981,21.2041,34.1806,14.7655,8.79674,9.88543,16.9294,17.5818,24.4385,13.4803,2.64735,25.8712,15.4597,23.3281,30.3717,23.413,15.1265,30.7415,22.3964,15.321,24.1068,8.84841,8.91272,28.3042,18.8328,9.76075,26.509,11.794,25.6317,33.6894,5.56169,14.0645,15.0789,29.7215,23.1661,30.6135,24.7607,1.27305,15.6129,21.9093,20.7938,19.9795,23.1676,2.06792,14.63,11.8201,26.5211,14.5303,31.092,24.5014,18.2886,24.6644,18.2022,0.746789,0,17.59,26.9526,14.8006,8.42295,12.0797,12.438,14.321,3.5305,14.6606,15.2607,22.221,14.6521,23.6287,16.4183,33.9759,9.41973,24.8619,26.8405,10.0726,11.139,18.7993,22.682,9.00065,18.3026,20.2778,12.6289,19.5294,10.1694,26.829,25.4006,20.8455,14.8237,23.0863,11.0062,4.98624,10.2159,22.3247,21.2524,9.61282,13.142,21.9523,20.6038,24.2583,26.4844,7.19321,36.9173,20.8527,21.6159,22.4372,33.107,19.4595,16.1892,21.6605,10.666,24.3473,4.07235,37.0351,19.8512,6.82831,12.0542,24.3874,26.2045,21.9035,18.0859,20.9255,20.5915,15.3172,10.173,16.5534,1.23136,9.44619,7.01902,14.1135,17.8025,7.82194,14.7046,15.1619,15.3705,12.4298,17.9893,25.2336,18.2738,34.8354,6.45591,16.3941,16.8218,30.656,1.24407,25.1517,12.5991,17.4023,27.3375,30.4011,19.6553,5.91272,36.6717,18.9927,16.3595,13.4442,23.2481,23.383,9.9238,11.0353,39.1606,16.4597,11.8455,29.742,9.39375,14.0594,17.3283,15.6448,21.1641,10.3774,11.924,23.5383,29.4837,25.0385,20.1782,24.5516,29.4855,14.111,17.7535,10.7752,24.0062,10.4429,11.5984,5.51366,24.066,30.7603,27.4459,0,19.4923,32.1019,4.68832,20.2248,21.3655,21.718,20.9658,17.2113,14.8901,19.3377,20.1894,10.1521,22.429,22.1904,27.3711,16.0075,38.1287,24.9006,14.156,17.7438,21.4692,16.769,12.1442,17.3437,24.3671,8.01834,21.3996,13.3515,
DUALS 152,7073.53,2250728,2020475,0,18.83,11.9655,8.10191,23.3855,25.6336,16.5317,14.5362,22.0024,13.8954,7.94165,34.036,23.6487,2.18544,21.4915,2.12777,31.9464,19.2729,34.0044,20.8611,2.36493,17.5397,21.5996,21.4108,17.5437,8.96809,13.1041,17.5165,1.99433,16.5009,21.2989,21.4026,39.9717,12.989,3.38772,23.946,16.6782,1.54649,31.7867,20.4919,16.8399,2.93779,16.6748,2.10481,20.7153,15.4727,27.2777,13.4842,26.4406,24.5262,15.6412,33.1356,34.7655,7.08155,22.6079,23.264,19.3076,14.8606,17.8594,18.6618,4.29533,24.7313,28.0958,27.1853,8.20437,34.4369,9.98816,25.3083,19.3863,21.3635,21.5481,16.1429,14.537,24.9177,16.8228,13.1853,0.559999,33.8673,41.8981,25.0194,14.1887,7.6733,24.2797,7.07186,8.65394,33.2681,3.71939,27.3992,2.97981,13.7317,19.5226,4.50862,16.6264,16.9548,27.3459,31.5857,13.1477,7.72464,15.0406,13.9583,5.27498,13.9021,15.3673,19.0993,20.5649,25.8362,5.95477,4.48783,14.121,22.8367,13.396,27.0158,25.4668,23.2937,12.2971,5.31307,27.2013,14.8483,17.1597,19.5899,25.4271,25.8061,12.5437,15.038,12.8442,29.9768,6.959,29.8737,26.5026,13.232,3.61905,4.90098,21.3196,25.9898,22.0444,24.4221,19.4818,19.4721,15.0755,9.09173,18.9446,15.8296,1.97486,13.4517,26.0048,14.4508,26.3151,13.8917,15.958,12.9754,2.20262,23.1297,7.82165,12.8028,12.1955,19.0868,35.5008,12.7011,13.6256,13.3035,14.4577,26.571,23.038,2.86643,10.118,16.7131,25.1521,10.338,20.4238,27.2335,23.4655,13.0742,27.4155,22.6409,24.3606,8.75455,18.3181,42.7807,25.4945,17.7351,15.7651,28.2012,24.1966,14.4574,9.15455,9.98165,15.5579,13.7981,19.6708,34.1806,14.7655,9.30781,9.88543,17.4405,16.0486,24.4385,13.4803,3.15842,25.8712,15.4597,23.3281,30.8828,23.413,15.1265,29.7193,22.9074,15.321,24.1068,8.33734,8.40165,28.8152,18.8328,9.76075,25.4869,11.794,25.6317,33.6894,5.05062,14.0645,14.5678,28.6993,23.6772,30.6135,24.7607,1.78412,14.0797,21.9093,20.7938,19.9795,22.1454,1.04578,13.0968,11.8201,25.499,14.5303,31.092,24.5014,18.2886,24.6644,18.2022,0.746789,0,17.59,26.9526,14.8006,8.42295,12.5908,12.438,14.321,3.5305,14.6606,14.2385,22.221,14.6521,24.1398,16.4183,33.9759,9.41973,24.8619,26.8405,9.56152,11.139,19.3104,22.682,5.42316,18.3026,20.2778,12.6289,19.5294,9.65838,27.34,25.4006,20.8455,14.8237,23.0863,11.0062,3.9641,10.2159,21.8136,21.2524,10.1239,13.142,21.9523,20.6038,24.7694,26.4844,7.19321,36.9173,20.8527,21.6159,22.4372,33.107,19.4595,16.7003,21.1494,9.6439,24.3473,3.56128,37.5462,19.8512,6.82831,12.0542,24.8985,25.1824,21.9035,18.0859,20.9255,18.0362,15.3172,10.173,16.5534,0,9.95726,7.53009,14.1135,18.3136,7.31087,14.7046,14.6508,15.8815,12.4298,17.4782,25.2336,16.7406,34.8354,6.45591,16.3941,16.8218,30.656,0.733002,25.1517,12.5991,17.4023,25.8043,30.4011,19.6553,5.40165,36.6717,19.5038,16.8706,13.4442,23.2481,23.383,9.41273,11.5463,39.1606,16.4597,11.8455,29.742,9.90482,14.0594,17.8394,15.6448,21.6751,10.3774,11.924,24.0494,29.4837,25.0385,20.6893,24.5516,29.4855,14.111,15.7093,10.7752,24.0062,10.4429,11.5984,5.51366,24.066,30.7603,25.4016,0.51107,19.4923,31.0797,4.68832,20.2248,21.3655,21.718,21.4768,17.2113,14.8901,19.8488,20.1894,10.1521,22.429,22.7015,26.349,16.0075,38.1287,24.9006,14.156,18.2549,21.4692,16.769,12.1442,14.7883,24.3671,8.01834,21.3996,13.8626,
DUALS 153,7073.53,2250726,2020475,0,18.83,11.9655,6.43685,23.3855,25.6336,16.5317,14.5362,22.5574,13.8954,7.94165,34.036,23.6487,2.18544,21.4915,1.57275,31.9464,19.2729,34.0044,21.4162,2.36493,17.5397,21.5996,21.4108,18.0987,8.96809,13.1041,17.5165,2.54935,16.5009,21.2989,21.4026,40.5267,12.989,3.94274,23.946,17.2332,1.54649,32.3417,21.0469,16.8399,3.49281,16.6748,2.65983,20.7153,15.4727,27.2777,13.4842,26.4406,24.5262,16.1962,33.1356,34.7655,7.63657,23.1629,23.264,19.3076,14.8606,14.5293,18.6618,4.85035,24.7313,28.6508,27.1853,7.64935,34.9919,9.98816,25.8633,19.3863,21.3635,21.5481,16.1429,14.537,24.9177,16.8228,13.1853,0.559999,33.8673,42.4532,23.9093,14.1887,8.22832,24.8347,7.07186,9.20896,33.2681,4.27441,27.3992,2.42479,13.7317,19.5226,5.06364,16.6264,17.5098,27.9009,31.5857,13.1477,7.72464,15.0406,13.9583,4.71996,13.9021,15.3673,19.6544,20.5649,25.8362,5.39975,2.82277,14.121,22.8367,13.396,27.5708,25.4668,23.2937,12.2971,5.31307,27.2013,14.8483,17.1597,19.5899,25.4271,25.8061,13.0987,15.038,12.8442,30.5319,6.959,29.8737,26.5026,13.232,4.17407,4.90098,21.3196,25.9898,18.7142,24.4221,19.4818,19.4721,15.0755,9.09173,18.9446,15.8296,2.52988,13.4517,26.5598,13.8958,25.205,13.8917,15.958,12.9754,2.20262,23.1297,7.82165,12.8028,12.1955,19.0868,35.5008,12.7011,13.6256,13.3035,14.4577,27.126,23.038,2.31141,10.118,15.603,25.1521,10.338,20.4238,27.2335,23.4655,13.0742,27.4155,22.6409,24.3606,8.75455,18.3181,42.7807,25.4945,18.2901,16.3202,28.2012,24.1966,14.4574,9.15455,9.98165,15.5579,13.7981,20.2259,34.1806,14.7655,9.86283,9.88543,17.9955,16.6036,24.4385,13.4803,3.71344,25.8712,16.0147,23.3281,30.8828,23.413,15.1265,30.2744,22.9074,15.321,24.1068,7.78232,8.40165,28.8152,18.8328,9.76075,25.4869,11.794,25.6317,33.6894,5.05062,14.0645,14.5678,29.2544,20.3471,30.6135,24.7607,2.33914,14.6347,21.9093,20.7938,19.9795,22.7005,1.6008,13.6519,11.8201,25.499,14.5303,31.092,24.5014,18.2886,24.6644,18.2022,0.746789,0.55502,18.145,26.9526,14.8006,8.42295,13.1458,12.438,14.321,3.5305,14.6606,14.7936,22.221,14.6521,24.6948,16.4183,33.4208,9.41973,24.8619,26.8405,10.1165,11.139,19.8654,22.682,5.97818,18.3026,19.1678,12.6289,18.4193,9.10336,27.8951,25.4006,20.8455,14.8237,23.0863,11.0062,4.51912,10.2159,22.3686,21.2524,10.6789,13.142,21.9523,20.6038,21.4393,26.4844,7.19321,36.9173,20.8527,21.6159,22.4372,33.107,19.4595,17.2553,21.1494,10.1989,24.9023,3.00626,37.5462,19.8512,6.82831,12.0542,24.8985,25.7374,21.9035,18.0859,20.9255,18.5912,14.2072,10.173,16.5534,0.55502,10.5123,8.08511,14.1135,16.0935,7.86589,14.7046,14.0958,16.4366,12.4298,17.4782,24.6785,17.2956,34.8354,6.45591,16.3941,16.8218,30.656,0.177982,25.1517,12.5991,17.4023,26.3593,30.4011,20.2103,5.40165,36.6717,19.5038,17.4256,13.4442,23.2481,23.383,8.85771,12.1014,39.1606,16.4597,11.8455,29.742,10.4598,14.0594,14.5093,15.6448,21.1201,10.3774,11.924,20.7193,29.4837,25.0385,21.2443,24.5516,29.4855,14.111,16.2643,10.7752,24.0062,10.4429,11.5984,5.51366,24.066,30.7603,25.9567,1.06609,19.4923,31.6347,4.68832,20.2248,21.3655,21.718,22.0319,17.2113,14.8901,19.8488,20.7444,10.1521,22.984,23.2565,26.904,16.0075,38.1287,24.9006,14.156,18.8099,21.4692,16.769,12.1442,15.3433,24.3671,8.01834,21.3996,14.4176,
STATS - lpIterations[1] lagIterations[87] sspIterations[3353] numSeparations[783] numCuts[0] compileTime[2] sspSolveTime[63] lpSolveTime[0] lb[7074.88] ub[7138.8] numArcs: [2250726] numFixed: [2020475] time: [153]
DUALS 155,7074.88,2250708,2021973,0,18.83,11.9655,6.43685,23.3855,25.6336,15.1996,15.8684,22.5574,13.8954,9.27382,34.036,23.6487,3.51761,20.1593,2.90492,31.9464,19.2729,34.0044,22.7483,2.36493,17.5397,21.5996,21.4108,16.7666,8.96809,13.1041,17.5165,2.54935,16.5009,21.2989,21.4026,40.5267,12.989,2.61058,23.946,17.2332,1.54649,33.6739,22.3791,16.8399,3.49281,16.6748,2.65983,20.7153,15.4727,27.2777,13.4842,26.4406,24.5262,16.1962,33.1356,34.7655,8.96874,23.1629,23.264,19.3076,14.8606,15.8615,18.6618,6.18252,24.7313,28.6508,25.8532,8.98152,36.3241,9.98816,27.1955,18.0541,21.3635,21.5481,16.1429,14.537,24.9177,15.4906,13.1853,0,32.5351,42.4532,25.2415,14.1887,8.22832,24.8347,7.07186,9.20896,33.2681,5.60658,27.3992,3.75696,13.7317,19.5226,5.06364,16.6264,16.1777,27.9009,31.5857,11.8155,9.0568,15.0406,13.9583,6.05212,15.2343,15.3673,16.99,20.5649,25.8362,6.73192,4.15494,14.121,22.8367,13.396,27.5708,25.4668,23.2937,12.2971,5.31307,27.2013,14.8483,17.1597,19.5899,24.0949,23.1418,10.4344,15.038,12.8442,30.5319,6.959,29.8737,26.5026,13.232,4.17407,3.56881,21.3196,25.9898,20.0464,24.4221,19.4818,19.4721,15.0755,9.09173,18.9446,15.8296,3.86205,13.4517,25.2276,15.228,26.5372,13.8917,15.958,14.3076,2.20262,24.4619,9.15382,12.8028,12.1955,19.0868,35.5008,12.7011,13.6256,13.3035,14.4577,24.4617,23.038,3.64358,10.118,16.9352,25.1521,10.338,20.4238,27.2335,23.4655,13.0742,27.4155,19.9766,24.3606,8.75455,18.3181,42.7807,24.1624,18.2901,16.3202,28.2012,24.1966,14.4574,9.15455,11.3138,15.5579,13.7981,20.2259,34.1806,14.7655,9.86283,9.88543,19.3277,16.6036,24.4385,13.4803,3.71344,25.8712,16.0147,23.3281,30.8828,23.413,15.1265,27.61,22.9074,15.321,24.1068,9.11449,9.73382,28.8152,18.8328,9.76075,22.8225,11.794,25.6317,33.6894,6.38279,14.0645,14.5678,26.59,21.6793,30.6135,24.7607,2.33914,14.6347,21.9093,20.7938,19.9795,20.0361,0.268632,13.6519,11.8201,22.8346,14.5303,31.092,24.5014,18.2886,24.6644,18.2022,0.746789,0,18.145,26.9526,14.8006,8.42295,13.1458,12.438,14.321,3.5305,14.6606,16.1257,22.221,14.6521,26.0269,16.4183,33.4208,10.7519,24.8619,26.8405,10.1165,9.80686,19.8654,22.682,7.31035,18.3026,20.5,12.6289,19.7515,10.4355,29.2272,25.4006,20.8455,14.8237,23.0863,11.0062,5.85129,10.2159,22.3686,21.2524,10.6789,13.142,21.9523,20.6038,22.7715,26.4844,7.19321,36.9173,19.5205,21.6159,22.4372,33.107,19.4595,18.5874,19.8173,7.53459,24.9023,3.00626,37.5462,19.8512,8.16048,12.0542,24.8985,24.4052,21.9035,18.0859,20.9255,19.9234,15.5393,10.173,16.5534,0,10.5123,9.41728,14.1135,17.4256,9.19806,14.7046,15.428,16.4366,12.4298,17.4782,26.0107,17.2956,34.8354,6.45591,16.3941,15.4897,30.656,0.177982,25.1517,12.5991,17.4023,26.3593,30.4011,18.8781,6.73382,36.6717,19.5038,17.4256,13.4442,23.2481,23.383,10.1899,12.1014,39.1606,16.4597,11.8455,29.742,10.4598,14.0594,15.8415,15.6448,18.4558,10.3774,11.924,22.0515,28.1515,25.0385,22.5765,24.5516,29.4855,14.111,16.2643,10.7752,24.0062,10.4429,11.5984,5.51366,24.066,30.7603,27.2888,0,19.4923,31.6347,6.02048,20.2248,21.3655,21.718,22.0319,17.2113,14.8901,19.8488,20.7444,10.1521,24.3162,23.2565,26.904,16.0075,38.1287,24.9006,14.156,18.8099,21.4692,15.4368,12.1442,16.6755,24.3671,8.01834,21.3996,14.4176,
DUALS 156,7074.88,2250700,2021973,0,18.83,11.9655,6.43685,23.3855,25.6336,15.9506,13.6153,23.3085,13.8954,7.77172,34.036,23.6487,0,20.9103,0.651779,31.9464,19.2729,34.0044,22.7483,3.11598,17.5397,21.5996,21.4108,17.5176,9.71913,13.1041,17.5165,3.3004,16.5009,20.5478,21.4026,38.2736,12.989,3.36162,23.946,17.9842,2.29753,33.6739,20.1259,16.8399,3.49281,16.6748,3.41087,20.7153,15.4727,27.2777,13.4842,26.4406,24.5262,16.1962,33.1356,34.7655,8.21769,23.1629,23.264,19.3076,14.8606,16.6125,18.6618,5.43147,24.7313,26.3977,26.6042,8.23048,33.3199,10.7392,24.9424,18.8052,21.3635,22.2991,16.1429,14.537,24.9177,16.2416,13.1853,0.751046,33.2862,42.4532,23.7394,14.1887,8.22832,24.8347,7.07186,9.20896,33.2681,5.60658,27.3992,3.00591,13.7317,19.5226,5.81469,16.6264,16.9287,27.9009,30.8347,12.5666,7.55471,15.0406,13.9583,5.30108,12.9811,15.3673,17.7411,20.5649,25.8362,5.98088,4.90598,14.121,22.8367,13.396,28.3219,25.4668,23.2937,12.2971,6.06412,27.2013,14.8483,17.1597,19.5899,24.846,23.8929,11.1855,15.038,12.8442,30.5319,6.959,29.1227,26.5026,13.232,4.92511,4.31986,21.3196,25.9898,20.7975,24.4221,19.4818,19.4721,15.0755,9.84278,18.9446,15.8296,3.111,13.4517,25.9787,14.4769,25.0351,13.8917,15.958,12.0544,2.20262,24.4619,7.65172,12.8028,12.1955,19.0868,35.5008,12.7011,13.6256,13.3035,14.4577,25.2128,23.038,2.89253,10.118,15.4331,25.1521,10.338,20.4238,27.2335,23.4655,13.0742,27.4155,20.7276,24.3606,8.75455,18.3181,42.0296,24.9134,18.2901,16.3202,28.2012,24.1966,14.4574,9.15455,9.81172,15.5579,13.7981,20.2259,34.1806,14.7655,10.6139,9.88543,19.3277,17.3546,24.4385,13.4803,3.71344,25.8712,16.0147,23.3281,31.6338,23.413,15.1265,28.3611,22.9074,15.321,24.1068,8.36345,8.23172,28.8152,18.8328,9.76075,23.5736,11.794,25.6317,33.6894,4.8807,14.0645,14.5678,27.3411,22.4303,30.6135,24.7607,2.33914,14.6347,21.9093,20.7938,19.9795,20.7872,1.01968,13.6519,11.8201,23.5857,14.5303,31.092,24.5014,18.2886,24.6644,18.2022,0.746789,0,16.6429,26.9526,14.8006,7.6719,13.1458,12.438,14.321,3.5305,14.6606,13.8726,22.221,14.6521,26.0269,16.4183,33.4208,8.49876,24.8619,26.0895,10.8676,10.5579,20.6165,22.682,6.5593,18.3026,18.9979,12.6289,18.2494,9.68448,29.2272,25.4006,20.8455,14.8237,23.0863,11.0062,3.59815,10.967,22.3686,21.2524,11.43,13.142,21.9523,20.6038,23.5225,26.4844,7.19321,36.9173,20.2716,21.6159,22.4372,33.107,19.4595,17.8364,20.5683,8.28563,24.9023,3.7573,37.5462,19.8512,5.15629,12.0542,24.8985,25.1563,21.9035,18.0859,20.9255,19.1723,14.0372,10.173,16.5534,0,10.5123,8.66623,14.1135,18.1767,6.94492,14.7046,14.6769,17.1876,12.4298,17.4782,26.0107,17.2956,34.8354,7.20696,16.3941,16.2407,29.9049,0.929028,25.1517,13.3501,17.4023,26.3593,30.4011,18.8781,5.23172,36.6717,19.5038,18.1767,13.4442,23.2481,23.383,9.43883,12.8524,39.1606,16.4597,11.8455,29.742,11.2109,14.0594,16.5925,15.6448,19.2068,10.3774,11.924,22.8025,28.9026,25.0385,22.5765,24.5516,29.4855,14.111,15.5132,10.7752,24.0062,10.4429,11.5984,6.2647,24.066,30.7603,26.5378,0.751046,19.4923,30.8837,5.26944,20.2248,21.3655,21.718,22.0319,17.2113,14.8901,19.8488,20.7444,10.1521,24.3162,23.2565,26.904,16.0075,38.1287,24.9006,14.156,19.5609,21.4692,16.1878,12.1442,15.9245,24.3671,8.76939,21.3996,15.1687,
DUALS 158,7074.88,2250690,2021973,0,19.779,11.9655,6.43685,23.3855,25.6336,16.8996,14.5643,21.4104,13.8954,8.72076,34.036,23.6487,0.949034,21.8594,1.60081,31.9464,19.2729,34.0044,20.8503,2.16694,17.5397,21.5996,21.4108,18.4666,9.71913,13.1041,17.5165,2.35137,16.5009,20.5478,21.4026,39.2226,12.989,1.46355,23.946,16.0862,1.3485,33.6739,21.075,16.8399,0.645705,16.6748,0.56377,20.7153,15.4727,27.2777,13.4842,26.4406,24.5262,17.1453,34.0846,34.7655,8.21769,23.1629,21.366,19.3076,14.8606,17.5615,18.6618,5.43147,24.7313,27.3467,27.5532,7.28144,34.2689,9.79017,25.8914,19.7542,21.3635,22.2991,16.1429,14.537,24.9177,17.1907,13.1853,0.751046,34.2352,42.4532,24.6885,14.1887,8.22832,24.8347,7.07186,9.20896,33.2681,5.60658,27.3992,3.00591,13.7317,19.5226,2.96758,15.6773,17.8777,27.9009,30.8347,12.5666,8.50375,15.0406,13.9583,4.35204,13.9302,15.3673,18.6901,20.5649,25.8362,5.03184,3.95695,14.121,22.8367,13.396,29.2709,25.4668,23.2937,12.2971,5.11509,28.1503,14.8483,17.1597,19.5899,23.8969,24.8419,12.1345,15.038,12.8442,30.5319,6.959,30.0717,26.5026,13.232,2.07801,5.26889,21.3196,25.9898,19.8484,24.4221,19.4818,19.4721,15.0755,8.89374,18.9446,15.8296,4.06004,13.4517,26.9277,13.5279,25.9842,13.8917,15.958,13.0035,2.20262,24.4619,8.60076,12.8028,12.1955,19.0868,35.5008,12.7011,13.6256,13.3035,14.4577,26.1618,23.038,1.9435,10.118,16.3821,25.1521,10.338,20.4238,27.2335,23.4655,13.0742,27.4155,21.6766,24.3606,8.75455,18.3181,42.0296,25.8624,18.2901,16.3202,29.1502,24.1966,14.4574,9.15455,10.7608,15.5579,13.7981,20.2259,34.1806,14.7655,8.7158,9.88543,18.3786,18.3037,24.4385,13.4803,3.71344,25.8712,16.0147,23.3281,31.6338,23.413,15.1265,29.3101,21.9584,15.321,24.1068,7.41441,9.18076,28.8152,18.8328,9.76075,24.5226,11.794,25.6317,33.6894,4.8807,14.0645,14.5678,28.2901,23.3793,30.6135,24.7607,0.441067,14.6347,21.9093,20.7938,19.9795,21.7362,1.01968,13.6519,11.8201,24.5347,14.5303,31.092,24.5014,18.2886,24.6644,18.2022,0.746789,0.949034,17.592,26.9526,14.8006,8.62093,13.1458,12.438,14.321,3.5305,14.6606,14.8216,22.221,14.6521,26.0269,16.4183,32.4718,9.44779,24.8619,27.0385,8.96952,11.5069,18.7184,22.682,7.50833,18.3026,18.9979,12.6289,19.1985,8.73544,28.2782,25.4006,20.8455,14.8237,23.0863,11.0062,4.54719,10.0179,22.3686,21.2524,9.53189,13.142,21.9523,20.6038,24.4715,26.4844,7.19321,36.9173,21.2206,21.6159,22.4372,33.107,19.4595,17.8364,19.6193,9.23467,24.9023,2.80827,37.5462,19.8512,6.10533,12.0542,24.8985,26.1053,21.9035,18.0859,20.9255,20.1214,14.9863,10.173,15.6044,0.949034,10.5123,8.66623,14.1135,18.1767,7.89396,14.7046,13.7279,15.2895,12.4298,17.4782,26.0107,17.2956,34.8354,6.25793,16.3941,17.1898,29.9049,0,25.1517,12.4011,17.4023,26.3593,30.4011,18.8781,6.18076,36.6717,19.5038,16.2786,13.4442,23.2481,23.383,8.4898,10.9543,39.1606,16.4597,11.8455,29.742,7.41475,14.0594,17.5415,15.6448,19.2068,10.3774,11.924,23.7515,29.8516,25.0385,22.5765,24.5516,29.4855,14.111,16.4623,10.7752,24.0062,10.4429,11.5984,5.31567,24.066,30.7603,26.5378,0,19.4923,31.8327,6.21847,20.2248,21.3655,21.718,22.0319,17.2113,14.8901,19.8488,21.6934,10.1521,24.3162,23.2565,26.904,16.0075,39.0777,24.9006,14.156,17.6629,21.4692,17.1369,12.1442,16.8735,24.3671,7.82035,21.3996,13.2706,
DUALS 160,7074.88,2273807,2021292,0,17.4621,11.9655,6.43685,23.3855,25.6336,15.7412,14.5643,22.5689,13.8954,6.40384,32.8775,23.6487,0.949034,20.7009,1.60081,31.9464,19.2729,34.0044,22.0087,3.3254,17.5397,21.5996,21.4108,19.6251,9.71913,13.1041,17.5165,2.35137,16.5009,20.5478,21.4026,40.3811,12.989,2.62201,22.7875,17.2446,2.50696,33.6739,22.2334,16.8399,1.80417,16.6748,1.72223,20.7153,15.4727,27.2777,13.4842,26.4406,24.5262,17.1453,32.9261,34.7655,8.21769,23.1629,22.5244,19.3076,14.8606,17.5615,18.6618,5.43147,24.7313,28.5052,27.5532,8.4399,35.4274,10.9486,27.0499,18.5957,21.3635,22.2991,16.1429,14.537,24.9177,16.0322,13.1853,0,33.0767,42.4532,25.8469,14.1887,7.06986,24.8347,7.07186,9.20896,33.2681,5.60658,27.3992,1.84745,13.7317,19.5226,4.12605,15.6773,19.0362,27.9009,30.8347,12.5666,8.50375,15.0406,13.9583,5.51051,13.9302,15.3673,19.8486,20.5649,25.8362,6.1903,3.95695,14.121,22.8367,12.2375,29.2709,25.4668,23.2937,12.2971,6.27355,25.8334,14.8483,17.1597,19.5899,25.0554,24.8419,13.2929,15.038,12.8442,30.5319,6.959,27.7548,26.5026,13.232,3.23647,4.11043,21.3196,25.9898,19.8484,24.4221,19.4818,19.4721,15.0755,10.0522,18.9446,14.6711,4.06004,13.4517,28.0862,14.6863,27.1426,13.8917,15.958,13.0035,2.20262,25.6203,6.28384,12.8028,12.1955,19.0868,35.5008,12.7011,13.6256,13.3035,14.4577,26.1618,23.038,3.10196,10.118,17.5406,25.1521,10.338,20.4238,27.2335,23.4655,13.0742,27.4155,21.6766,24.3606,8.75455,18.3181,42.0296,24.704,18.2901,16.3202,26.8333,24.1966,14.4574,9.15455,8.44384,15.5579,13.7981,20.2259,34.1806,14.7655,9.87426,9.88543,19.5371,18.3037,24.4385,13.4803,2.55498,25.8712,16.0147,23.3281,31.6338,23.413,15.1265,30.4686,21.9584,15.321,24.1068,8.57287,6.86384,28.8152,18.8328,9.76075,24.5226,11.794,25.6317,33.6894,2.56378,14.0645,14.5678,29.4486,23.3793,30.6135,23.6022,1.59953,14.6347,21.9093,20.7938,19.9795,22.8947,2.17814,13.6519,11.8201,24.5347,14.5303,31.092,24.5014,18.2886,24.6644,18.2022,0.746789,0,15.275,26.9526,14.8006,7.46247,13.1458,12.438,14.321,3.5305,14.6606,14.8216,21.0625,14.6521,26.0269,16.4183,32.4718,9.44779,24.8619,24.7216,10.128,10.3485,19.8769,22.682,7.50833,18.3026,20.1563,12.6289,20.3569,9.89391,29.4367,25.4006,20.8455,14.8237,21.9278,9.84769,4.54719,11.1764,22.3686,21.2524,10.6904,13.142,21.9523,20.6038,24.4715,26.4844,7.19321,36.9173,20.0621,21.6159,22.4372,33.107,19.4595,17.8364,20.7777,10.3931,24.9023,2.80827,37.5462,19.8512,6.10533,13.2127,24.8985,27.2637,21.9035,18.0859,20.9255,18.9629,16.1447,10.173,16.7628,0,10.5123,8.66623,14.1135,18.1767,7.89396,14.7046,14.8863,16.448,12.4298,17.4782,26.0107,17.2956,34.8354,7.41639,16.3941,16.0313,29.9049,0,25.1517,13.5596,18.5608,26.3593,30.4011,18.8781,3.86384,36.6717,19.5038,17.4371,13.4442,23.2481,23.383,9.64826,12.1128,39.1606,16.4597,11.8455,29.742,8.57321,14.0594,17.5415,15.6448,19.2068,10.3774,11.924,23.7515,28.6932,25.0385,22.5765,24.5516,29.4855,14.111,17.6207,10.7752,24.0062,10.4429,11.5984,6.47413,22.9075,29.6018,26.5378,1.15846,19.4923,31.8327,6.21847,20.2248,21.3655,21.718,22.0319,17.2113,14.8901,21.0073,20.5349,10.1521,24.3162,23.2565,26.904,16.0075,36.7608,24.9006,14.156,18.8213,21.4692,15.9784,12.1442,16.8735,24.3671,8.97881,21.3996,14.4291,
DUALS 161,7074.88,2273801,2024184,0,17.9537,11.9655,6.43685,23.8772,25.6336,16.2328,14.5643,23.0605,13.8954,6.89547,33.3691,23.6487,0.949034,21.1926,1.60081,31.9464,19.2729,34.0044,22.0087,1.85049,17.5397,21.5996,21.4108,18.1502,9.71913,13.1041,17.5165,2.843,16.5009,20.5478,21.4026,40.3811,12.989,2.62201,23.2791,17.7363,0.540407,33.1822,22.7251,16.8399,2.2958,16.6748,2.21387,20.7153,15.4727,27.2777,13.4842,26.4406,24.5262,17.6369,33.4178,34.7655,8.70933,23.1629,23.0161,19.7993,14.8606,17.5615,18.6618,5.92311,25.2229,28.5052,28.0449,7.94827,35.919,9.96536,27.0499,19.0874,21.3635,22.2991,16.1429,14.537,24.9177,16.5238,13.1853,0,33.5684,42.4532,23.8804,14.1887,7.56149,24.8347,7.07186,9.7006,33.2681,5.60658,27.3992,2.33909,13.7317,19.5226,4.61768,15.6773,17.0697,27.9009,30.8347,12.5666,8.50375,15.0406,13.9583,5.01887,13.9302,15.3673,17.882,20.5649,25.8362,5.69867,3.95695,14.121,22.8367,12.7291,27.796,25.4668,23.2937,12.2971,5.78191,26.325,14.8483,17.1597,19.5899,25.547,25.3335,11.3264,15.038,12.8442,30.5319,6.959,28.2464,26.5026,13.232,3.72811,4.60207,21.3196,25.9898,19.8484,24.4221,19.4818,19.4721,15.5672,10.5438,18.9446,15.1628,2.09349,13.4517,27.1029,14.1947,25.1761,13.8917,15.958,13.0035,1.71098,25.6203,6.77547,12.8028,12.1955,19.0868,35.5008,12.7011,13.6256,13.3035,14.4577,26.6534,23.038,3.10196,10.118,15.5741,25.1521,10.338,20.4238,27.2335,23.9572,13.0742,27.4155,22.1683,24.3606,8.75455,18.3181,42.0296,25.1956,18.7818,16.8118,27.325,24.6882,14.4574,9.15455,8.93547,15.5579,13.7981,20.2259,34.1806,15.2572,10.3659,9.88543,19.5371,16.8287,24.4385,13.4803,3.04662,25.8712,16.0147,23.3281,31.6338,23.413,15.1265,28.502,21.9584,15.321,24.1068,8.08124,7.35547,28.8152,18.8328,9.76075,25.0143,11.794,25.6317,33.6894,3.05542,14.5561,14.5678,27.482,23.3793,30.6135,24.0939,2.09117,14.6347,21.9093,20.7938,19.9795,20.9281,2.17814,13.6519,11.8201,25.0263,14.5303,31.092,24.993,18.2886,24.6644,18.2022,1.23843,0,15.7667,26.9526,14.8006,7.95411,13.6374,12.438,14.321,3.5305,14.6606,13.3467,21.5541,14.6521,26.5186,16.4183,32.4718,9.44779,24.8619,25.2133,10.6196,10.8401,20.3685,22.682,7.50833,18.3026,18.6814,12.6289,18.3904,9.40227,29.4367,25.4006,20.8455,14.8237,22.4195,10.3393,3.07227,10.1931,22.3686,21.2524,11.182,13.142,21.9523,20.6038,24.4715,26.4844,7.19321,36.9173,20.5538,21.6159,22.9288,33.107,19.4595,18.328,21.2694,8.42658,25.3939,2.80827,37.5462,19.8512,6.10533,13.2127,24.8985,26.2805,21.9035,18.0859,20.9255,18.9629,14.1782,10.173,16.7628,0.491638,11.0039,8.66623,14.1135,18.1767,6.41905,14.7046,14.3947,16.9396,12.4298,17.4782,26.0107,17.2956,34.8354,6.43311,16.3941,16.5229,29.9049,0,25.1517,12.5763,18.5608,25.8677,30.4011,18.8781,4.35547,36.6717,19.5038,16.9454,13.4442,23.2481,23.383,9.15662,12.6044,39.1606,16.4597,11.8455,29.742,9.06485,14.0594,17.5415,15.6448,19.2068,10.3774,11.924,23.7515,29.1848,25.0385,23.0681,24.5516,29.4855,14.111,16.1458,10.7752,24.0062,10.4429,11.5984,4.99922,23.3991,30.0935,26.5378,1.6501,19.4923,30.8495,6.21847,20.2248,21.3655,21.718,22.5235,17.2113,14.8901,21.0073,21.0266,10.1521,23.8246,23.7481,26.904,16.0075,37.2525,24.9006,14.156,19.313,21.4692,16.47,12.1442,16.8735,24.3671,7.99554,21.3996,14.9207,
STATS - lpIterations[1] lagIterations[92] sspIterations[3549] numSeparations[859] numCuts[0] compileTime[2] sspSolveTime[67] lpSolveTime[0] lb[7080.11] ub[7138.8] numArcs: [2273801] numFixed: [2024184] time: [161]
DUALS 163,7080.11,2273732,2081063,0,19.2253,11.9655,6.43685,23.8772,25.6336,17.5044,14.5643,21.789,13.8954,8.16705,33.3691,23.6487,0.949034,22.4641,1.60081,31.9464,19.2729,34.0044,23.2803,3.12206,17.5397,21.5996,21.4108,19.4218,9.71913,13.1041,17.5165,1.57143,16.5009,20.5478,21.4026,41.6527,12.989,1.35044,23.2791,17.7363,1.81198,34.4538,23.9966,16.8399,2.2958,16.6748,2.21387,20.7153,15.4727,27.2777,13.4842,26.4406,24.5262,15.0937,34.6893,34.7655,7.43776,23.1629,24.2876,19.7993,14.8606,17.5615,18.6618,4.65153,25.2229,29.7768,28.0449,9.21984,37.1906,11.2369,28.3214,20.3589,21.3635,22.2991,16.1429,14.537,24.9177,17.7954,13.1853,1.27157,34.8399,42.4532,25.1519,14.1887,6.28992,23.5632,7.07186,8.42903,33.2681,4.33501,27.3992,3.61066,13.7317,19.5226,3.34611,15.6773,18.3412,27.9009,30.8347,12.5666,8.50375,15.0406,13.9583,6.29044,13.9302,15.3673,19.1536,20.5649,25.8362,6.97024,5.22852,14.121,22.8367,12.7291,29.0676,25.4668,23.2937,12.2971,7.05348,27.5966,14.8483,17.1597,19.5899,25.547,25.3335,12.598,15.038,12.8442,30.5319,8.23057,29.518,26.5026,13.232,2.45654,3.33049,21.3196,25.9898,21.12,24.4221,19.4818,19.4721,15.5672,10.5438,18.9446,15.1628,3.36506,13.4517,27.1029,15.4663,26.4476,13.8917,15.958,13.0035,1.71098,25.6203,8.04705,12.8028,12.1955,19.0868,35.5008,12.7011,13.6256,13.3035,14.4577,24.1103,23.038,4.37353,10.118,16.8456,25.1521,10.338,20.4238,27.2335,23.9572,13.0742,27.4155,19.6251,24.3606,8.75455,18.3181,42.0296,26.4672,18.7818,16.8118,28.5965,24.6882,14.4574,9.15455,10.207,15.5579,13.7981,20.2259,34.1806,15.2572,10.3659,9.88543,20.8087,18.1003,24.4385,13.4803,3.04662,25.8712,14.7432,23.3281,31.6338,23.413,15.1265,29.7736,21.9584,15.321,24.1068,9.35281,8.62705,28.8152,18.8328,9.76075,25.0143,11.794,25.6317,33.6894,4.32699,14.5561,14.5678,28.7536,23.3793,30.6135,24.0939,2.09117,14.6347,21.9093,20.7938,19.9795,22.1997,0.906567,13.6519,11.8201,22.4832,14.5303,31.092,24.993,18.2886,24.6644,18.2022,0,1.27157,17.0382,26.9526,14.8006,9.22568,12.3658,12.438,14.321,3.5305,14.6606,14.6183,21.5541,14.6521,25.247,16.4183,32.4718,9.44779,24.8619,26.4848,10.6196,9.56854,19.0969,22.682,8.77991,18.3026,19.953,12.6289,19.6619,10.6738,28.1651,25.4006,20.8455,14.8237,22.4195,10.3393,4.34385,11.4647,22.3686,21.2524,11.182,13.142,21.9523,20.6038,24.4715,26.4844,8.46478,36.9173,21.8254,21.6159,22.9288,33.107,19.4595,17.0565,19.9978,9.69815,24.1223,2.80827,37.5462,19.8512,6.10533,13.2127,24.8985,26.2805,21.9035,18.0859,20.9255,20.2345,15.4498,10.173,16.7628,0,9.73235,7.39466,14.1135,18.1767,7.69062,14.7046,15.6663,16.9396,12.4298,17.4782,24.7391,17.2956,34.8354,7.70468,16.3941,17.7945,29.9049,1.27157,25.1517,13.8479,17.2892,27.1392,30.4011,18.8781,5.62705,36.6717,20.7754,15.6739,13.4442,23.2481,23.383,10.4282,11.3329,39.1606,16.4597,11.8455,29.742,9.06485,14.0594,17.5415,15.6448,19.2068,10.3774,11.924,23.7515,30.4564,25.0385,21.7966,24.5516,29.4855,14.111,17.4174,10.7752,24.0062,10.4429,11.5984,6.27079,23.3991,30.0935,27.8094,0,19.4923,32.121,6.21847,20.2248,21.3655,21.718,21.2519,17.2113,14.8901,21.0073,18.4834,10.1521,23.8246,23.7481,26.904,16.0075,38.524,24.9006,14.156,19.313,21.4692,17.7416,12.1442,18.1451,24.3671,9.26711,21.3996,13.6491,
DUALS 164,7080.11,2273716,2081914,0,19.2253,11.9655,6.83688,23.8772,25.6336,15.5043,14.5643,22.189,13.8954,8.16705,33.3691,23.6487,1.34906,20.864,1.20079,31.9464,19.2729,34.0044,22.4802,2.32201,17.5397,21.5996,21.4108,19.0217,10.1192,13.1041,17.5165,1.97146,16.5009,20.5478,21.4026,40.0526,12.989,1.75047,23.2791,18.1363,1.01193,33.2537,21.9965,16.8399,2.69583,16.6748,2.61389,20.7153,15.4727,27.2777,13.4842,26.4406,24.5262,15.4938,34.6893,34.7655,7.83779,23.5629,23.8876,19.7993,14.8606,17.5615,18.2617,5.05156,25.2229,28.5767,28.0449,8.41979,35.1905,10.4369,26.3213,19.1589,20.9635,22.6992,15.7429,14.537,24.9177,16.5953,13.1853,0.47152,34.0399,42.8532,24.3519,14.1887,6.68995,23.9632,7.47189,8.82905,33.2681,4.73503,27.7992,3.21064,13.7317,19.5226,3.74614,15.6773,17.9412,27.9009,30.8347,12.9666,8.50375,15.0406,14.3584,5.09036,13.9302,15.3673,18.7536,20.5649,25.8362,5.77016,4.02844,14.121,22.8367,12.7291,29.0676,25.4668,23.2937,12.2971,6.65346,27.5966,14.8483,17.1597,19.5899,24.747,25.7335,12.1979,15.038,12.8442,30.9319,8.23057,29.118,26.5026,13.232,2.85656,3.73052,21.3196,25.9898,20.3199,24.4221,19.4818,19.4721,15.5672,10.5438,18.9446,15.1628,2.96503,13.4517,27.1029,14.6662,25.6476,13.8917,16.358,13.0035,2.11101,25.2203,8.04705,12.8028,12.1955,19.0868,35.5008,12.7011,13.6256,12.9035,14.4577,24.5103,23.038,3.17345,10.518,16.0456,25.1521,10.738,20.4238,27.2335,23.9572,13.0742,27.4155,20.0252,24.3606,9.15458,18.3181,42.0296,24.467,19.1818,17.2118,28.5965,24.6882,14.4574,9.55458,10.207,15.5579,13.7981,20.6259,34.1806,15.2572,10.7659,9.88543,20.4086,18.1003,24.4385,13.4803,3.44664,25.8712,15.1432,23.3281,32.0339,23.413,15.1265,29.3736,21.9584,15.721,24.1068,8.55276,8.62705,28.8152,19.2328,9.76075,25.4143,11.794,25.6317,33.6894,4.32699,14.5561,14.5678,28.3536,23.3793,30.2135,24.0939,2.49119,15.0348,21.9093,20.7938,19.9795,21.7997,1.30659,14.0519,11.8201,22.8832,14.5303,31.092,24.993,18.2886,24.6644,18.2022,0,0,15.8382,26.9526,14.8006,8.42563,12.7659,12.438,14.321,3.5305,14.6606,15.0183,21.5541,14.2521,25.647,16.4183,32.0718,9.44779,24.8619,25.6848,11.0196,9.96857,19.497,22.682,6.77978,18.3026,19.1529,12.6289,18.8619,10.2738,27.7651,25.4006,20.8455,14.8237,22.4195,10.3393,3.54379,10.6646,22.7686,21.2524,11.582,13.142,21.9523,20.6038,24.4715,26.4844,8.46478,36.9173,20.2252,21.6159,22.9288,33.107,19.4595,17.4565,19.9978,9.29812,24.5224,2.80827,37.9462,19.8512,6.50535,13.2127,25.2985,25.8804,21.5035,18.0859,20.9255,18.6344,14.6497,10.173,16.7628,0,10.1324,7.79468,14.1135,18.1767,7.29059,14.7046,14.8662,17.3397,12.4298,17.4782,24.7391,17.6957,34.8354,5.70455,16.3941,16.5944,29.9049,0.871546,25.1517,13.0478,17.2892,26.3392,30.4011,19.2782,5.62705,36.6717,20.3753,16.0739,13.8442,23.2481,23.383,10.0282,11.7329,39.1606,16.4597,11.8455,29.742,9.46487,14.0594,17.5415,15.6448,19.6068,10.7775,11.924,22.9515,29.2563,25.0385,22.1966,24.5516,29.4855,14.111,17.4174,11.1752,24.0062,10.4429,11.9984,5.47074,23.3991,30.0935,25.8092,0.400026,19.8923,31.721,6.21847,20.2248,21.3655,22.118,21.652,17.2113,14.8901,21.0073,18.8835,10.1521,23.8246,24.1481,26.904,16.0075,38.524,24.9006,14.556,19.713,21.4692,16.5415,12.1442,16.545,24.3671,8.46706,21.3996,14.0491,
STATS - lpIterations[1] lagIterations[94] sspIterations[3633] numSeparations[859] numCuts[0] compileTime[2] sspSolveTime[68] lpSolveTime[0] lb[7091.12] ub[7138.8] numArcs: [2273716] numFixed: [2081914] time: [164]
DUALS 166,7091.12,2273666,2110444,0,20.5791,11.9655,5.4831,23.8772,25.6336,16.858,14.5643,23.5428,13.8954,8.16705,33.3691,23.6487,1.34906,22.2178,2.55457,31.9464,19.2729,34.0044,23.834,2.32201,17.5397,21.5996,21.4108,19.0217,7.41159,13.1041,17.5165,3.32524,17.8546,20.5478,21.4026,40.0526,12.989,3.10425,23.2791,18.1363,1.01193,33.2537,23.3503,16.8399,2.69583,16.6748,3.96768,20.7153,15.4727,27.2777,13.4842,26.4406,24.5262,16.8476,36.0431,34.7655,9.19157,23.5629,25.2414,19.7993,14.8606,17.5615,19.6155,6.40534,25.2229,28.5767,29.3987,7.066,36.5442,10.4369,27.6751,20.5126,22.3173,21.3454,17.0967,14.537,24.9177,17.9491,13.1853,0.47152,35.3937,42.8532,25.7057,14.1887,6.68995,25.317,6.11811,8.82905,33.2681,6.08882,26.4454,3.21064,13.7317,19.5226,3.74614,17.0311,17.9412,27.9009,30.8347,10.259,8.50375,15.0406,13.0046,3.73658,13.9302,16.721,18.7536,20.5649,25.8362,4.41638,4.02844,14.121,22.8367,12.7291,27.7138,25.4668,24.6475,12.2971,6.65346,28.9504,14.8483,17.1597,19.5899,26.1008,27.0873,12.1979,15.038,12.8442,30.9319,8.23057,30.4718,26.5026,13.232,2.85656,3.73052,21.3196,25.9898,18.9662,24.4221,19.4818,19.4721,15.5672,10.5438,18.9446,15.1628,2.96503,13.4517,27.1029,13.3124,27.0014,13.8917,16.358,13.0035,0.757223,25.2203,8.04705,12.8028,12.1955,19.0868,35.5008,14.0549,13.6256,14.2573,14.4577,25.8641,23.038,3.17345,10.518,17.3994,25.1521,10.738,20.4238,28.5873,23.9572,13.0742,27.4155,21.3789,24.3606,7.8008,18.3181,42.0296,25.8208,19.1818,17.2118,29.9503,24.6882,14.4574,8.2008,10.207,15.5579,13.7981,20.6259,34.1806,15.2572,10.7659,9.88543,20.4086,16.7465,24.4385,13.4803,3.44664,25.8712,16.497,23.3281,29.3263,23.413,15.1265,29.3736,20.6046,14.3672,24.1068,7.19897,8.62705,28.8152,20.5866,11.1145,26.7681,11.794,25.6317,33.6894,4.32699,14.5561,14.5678,28.3536,23.3793,31.5673,24.0939,2.49119,15.0348,21.9093,20.7938,19.9795,21.7997,2.66038,14.0519,11.8201,24.237,14.5303,31.092,24.993,19.6423,24.6644,18.2022,1.35378,0,17.192,26.9526,14.8006,9.77941,12.7659,12.438,14.321,3.5305,14.6606,13.6645,21.5541,15.6059,27.0008,17.7721,30.718,9.44779,24.8619,27.0386,12.3734,9.96857,20.8507,22.682,8.13356,18.3026,20.5067,12.6289,20.2157,8.92003,27.7651,25.4006,20.8455,14.8237,22.4195,10.3393,3.54379,10.6646,22.7686,21.2524,11.582,13.142,21.9523,20.6038,24.4715,26.4844,8.46478,36.9173,21.579,21.6159,22.9288,33.107,19.4595,18.8103,21.3516,9.29812,25.8761,2.80827,36.5924,19.8512,6.50535,13.2127,23.9447,25.8804,22.8573,18.0859,20.9255,19.9882,16.0035,10.173,18.1166,1.35378,10.1324,9.14847,14.1135,18.1767,7.29059,14.7046,13.5124,18.6935,12.4298,17.4782,24.7391,17.6957,34.8354,5.70455,16.3941,17.9482,29.9049,0.871546,25.1517,13.0478,18.643,24.9854,30.4011,20.632,5.62705,36.6717,19.0216,17.4277,13.8442,23.2481,23.383,8.67438,11.7329,39.1606,16.4597,11.8455,29.742,9.46487,14.0594,17.5415,15.6448,16.8993,9.42367,11.924,22.9515,30.6101,25.0385,23.5504,24.5516,29.4855,14.111,16.0636,11.1752,24.0062,10.4429,11.9984,5.47074,23.3991,30.0935,27.163,0.400026,19.8923,30.3672,6.21847,20.2248,21.3655,22.118,21.652,17.2113,14.8901,19.6535,20.2372,10.1521,25.1783,24.1481,26.904,16.0075,39.8778,24.9006,14.556,19.713,21.4692,17.8953,12.1442,17.8987,24.3671,8.46706,21.3996,15.4029,
DUALS 167,7091.12,2273659,2110722,0,20.0198,11.9655,5.76273,23.8772,25.6336,16.0192,14.8439,22.7039,14.175,8.16705,33.3691,23.6487,1.62869,21.3789,2.8342,31.9464,19.2729,34.0044,22.4359,2.60164,17.5397,21.5996,21.4108,19.3014,7.69122,13.1041,17.5165,1.92709,17.2954,20.5478,21.4026,39.7729,12.7094,2.82462,23.2791,18.4159,1.29156,32.9741,22.5114,16.8399,1.85694,16.6748,2.84916,20.7153,15.4727,27.2777,13.7638,26.4406,24.5262,17.1272,35.4839,34.7655,7.79342,23.5629,23.8432,19.7993,14.8606,17.8412,19.0562,5.00719,25.2229,28.0174,29.119,7.34563,35.7053,10.7165,27.1158,19.9534,21.4784,21.625,16.2578,14.537,24.9177,17.3899,13.1853,0.19189,35.114,42.8532,25.426,14.1887,6.96958,25.0373,6.39774,9.10868,33.2681,5.24992,26.7251,2.93101,13.7317,19.5226,4.02577,17.0311,18.2208,27.9009,30.8347,10.5386,8.50375,15.0406,13.2842,4.01621,14.2098,16.721,19.0332,20.5649,25.8362,4.69601,4.30807,14.121,22.8367,12.7291,27.9934,25.4668,23.8086,12.2971,6.65346,28.3911,14.8483,17.1597,19.5899,24.9822,26.8077,12.4776,15.038,12.8442,30.9319,8.23057,29.3532,26.5026,13.232,2.57693,4.01015,21.3196,26.2694,19.2458,24.4221,19.4818,19.4721,15.5672,10.8235,18.9446,15.1628,3.24466,13.4517,27.1029,13.5921,26.4421,13.8917,16.358,13.0035,1.03685,24.1018,8.04705,12.8028,12.1955,19.0868,35.7805,12.0975,13.6256,13.4184,14.4577,25.8641,23.038,3.45308,10.518,17.1197,25.1521,10.738,20.4238,27.1891,23.9572,13.0742,27.4155,21.6586,24.3606,8.08043,18.3181,42.0296,24.9819,19.4614,17.4914,29.6707,24.6882,14.4574,8.48043,10.207,15.5579,13.7981,20.6259,34.1806,15.2572,11.0456,9.88543,19.0105,17.0262,24.4385,13.4803,3.72627,25.8712,16.2173,23.3281,29.6059,23.413,15.1265,29.6532,20.8842,14.6468,24.1068,7.4786,8.62705,29.0949,20.0274,8.59786,27.0477,11.794,25.6317,33.6894,4.32699,14.5561,14.8475,28.6332,23.659,30.7284,24.0939,2.21156,15.0348,21.9093,20.7938,19.9795,22.0793,1.54185,14.0519,11.8201,24.5166,14.5303,31.092,24.993,18.2442,24.6644,18.2022,1.07415,0,15.5142,26.9526,14.8006,8.38126,13.0455,12.438,14.321,3.81013,14.6606,13.9442,21.5541,15.0466,26.4416,17.2128,30.9976,9.72742,24.8619,25.3608,11.5345,10.2482,20.2915,22.682,8.13356,18.3026,19.6678,12.6289,19.936,8.92003,26.3669,25.4006,20.8455,14.8237,22.4195,10.3393,3.82343,10.9443,22.7686,21.2524,11.8616,13.142,21.9523,20.6038,24.7512,26.4844,8.46478,36.9173,20.4605,21.6159,22.9288,33.107,19.4595,17.9714,20.7923,9.57776,25.5965,2.80827,36.8721,20.1308,6.78498,13.2127,24.2243,25.8804,22.0184,18.3656,20.9255,19.9882,15.4442,10.173,16.7185,0,10.412,8.02995,14.1135,18.1767,7.57022,14.7046,13.7921,17.8546,12.4298,17.4782,24.7391,17.6957,35.1151,5.98418,16.3941,17.1093,29.9049,0.871546,25.1517,13.3274,18.643,25.265,30.4011,20.632,5.62705,36.6717,19.3012,16.5888,13.8442,23.2481,23.383,8.67438,12.0125,39.1606,16.4597,11.8455,29.742,9.7445,14.0594,17.8212,15.6448,17.1789,9.7033,11.924,23.2311,30.3304,25.0385,23.2707,24.5516,29.4855,14.111,16.3432,10.8956,24.0062,10.4429,11.9984,5.75037,23.3991,30.0935,26.6037,0.400026,19.8923,30.3672,6.21847,20.2248,21.3655,22.118,21.9316,17.2113,14.8901,19.9331,19.9576,10.1521,25.1783,24.4278,26.904,16.0075,39.3186,24.9006,14.556,19.9926,21.4692,17.3361,12.1442,17.8987,24.3671,8.74669,21.3996,14.564,
DUALS 169,7091.12,2273654,2126499,0,19.0012,11.9655,6.7813,23.8772,25.6336,17.0377,14.8439,23.7224,14.175,8.16705,33.3691,23.6487,1.62869,21.3789,1.81562,31.9464,19.2729,34.0044,22.4359,1.58306,17.5397,21.5996,21.4108,17.2642,8.7098,13.1041,17.5165,2.94566,17.2954,20.5478,21.4026,39.7729,12.7094,2.82462,23.2791,18.4159,0.272981,32.9741,21.4928,16.8399,2.87552,16.6748,3.86773,20.7153,15.4727,27.2777,13.7638,26.4406,24.5262,17.1272,34.4653,34.7655,8.81199,23.5629,23.8432,19.7993,14.8606,17.8412,18.0377,6.02577,25.2229,28.0174,29.119,8.36421,34.6868,9.69793,26.0972,19.9534,21.4784,22.6436,16.2578,14.537,24.9177,17.3899,13.1853,0.19189,35.114,42.8532,23.3889,14.1887,6.96958,25.0373,7.41632,9.10868,33.2681,6.2685,27.7436,2.93101,13.7317,19.5226,4.02577,17.0311,16.1837,27.9009,30.8347,11.5572,8.50375,15.0406,14.3028,5.03479,14.2098,16.721,15.9774,20.5649,25.8362,5.71459,3.2895,14.121,22.8367,12.7291,29.012,25.4668,22.79,12.2971,5.63488,27.3726,14.8483,17.1597,19.5899,24.9822,26.8077,9.42184,15.038,12.8442,30.9319,8.23057,28.3347,26.5026,13.232,2.57693,4.01015,21.3196,26.2694,18.2272,24.4221,19.4818,19.4721,15.5672,10.8235,18.9446,15.1628,3.24466,13.4517,26.0843,14.6107,24.405,13.8917,16.358,13.0035,2.05543,25.1203,8.04705,12.8028,12.1955,19.0868,35.7805,12.0975,13.6256,13.4184,14.4577,25.8641,23.038,3.45308,10.518,15.0826,25.1521,10.738,20.4238,27.1891,23.9572,13.0742,27.4155,21.6586,24.3606,9.099,18.3181,42.0296,26.0005,19.4614,17.4914,29.6707,24.6882,14.4574,9.499,10.207,15.5579,13.7981,20.6259,34.1806,15.2572,11.0456,9.88543,20.0291,18.0447,24.4385,13.4803,3.72627,25.8712,16.2173,23.3281,30.6245,23.413,15.1265,27.616,21.9028,15.6654,24.1068,8.49718,8.62705,29.0949,19.0088,8.59786,27.0477,11.794,25.6317,33.6894,4.32699,14.5561,14.8475,25.5774,23.659,30.7284,24.0939,3.23014,15.0348,21.9093,20.7938,19.9795,20.0421,1.54185,14.0519,11.8201,24.5166,14.5303,31.092,24.993,18.2442,24.6644,18.2022,0.0555747,1.01858,15.5142,26.9526,14.8006,8.38126,13.0455,12.438,14.321,3.81013,14.6606,13.9442,21.5541,14.0281,26.4416,17.2128,32.0162,9.72742,24.8619,25.3608,12.5531,10.2482,21.3101,22.682,6.0964,18.3026,17.6307,12.6289,17.8989,9.93861,27.3855,25.4006,20.8455,14.8237,22.4195,10.3393,3.82343,9.92568,22.7686,21.2524,11.8616,13.142,21.9523,20.6038,24.7512,26.4844,8.46478,36.9173,21.4791,21.6159,22.9288,33.107,19.4595,17.9714,20.7923,7.5406,25.5965,3.82685,37.8906,20.1308,6.78498,13.2127,25.2429,24.8619,22.0184,18.3656,20.9255,17.951,13.4071,10.173,16.7185,1.01858,10.412,9.04852,14.1135,18.1767,8.5888,14.7046,14.8107,18.8731,12.4298,17.4782,24.7391,17.6957,36.1336,4.96561,16.3941,18.1279,29.9049,0.871546,25.1517,12.3089,18.643,26.2836,30.4011,20.632,5.62705,36.6717,20.3198,17.6073,13.8442,23.2481,23.383,9.69296,12.0125,39.1606,16.4597,11.8455,29.742,9.7445,14.0594,17.8212,15.6448,18.1975,10.7219,11.924,23.2311,30.3304,25.0385,23.2707,24.5516,29.4855,14.111,16.3432,10.8956,24.0062,10.4429,11.9984,4.73179,23.3991,30.0935,26.6037,0.400026,19.8923,30.3672,6.21847,20.2248,21.3655,22.118,21.9316,17.2113,14.8901,20.9517,19.9576,10.1521,23.1412,24.4278,26.904,16.0075,38.3,24.9006,14.556,19.9926,21.4692,17.3361,12.1442,13.8244,24.3671,7.72811,21.3996,15.5826,
DUALS 170,7091.12,2273636,2126499,0,19.8647,11.9655,6.7813,23.8772,25.6336,15.3107,14.8439,21.1319,14.175,8.16705,33.3691,23.6487,1.62869,19.6519,1.81562,31.9464,19.2729,34.0044,22.4359,2.44658,17.5397,21.5996,21.4108,18.1277,8.7098,13.1041,17.5165,2.94566,17.2954,20.5478,21.4026,40.6365,12.7094,1.09758,23.2791,18.4159,1.1365,32.9741,22.3563,16.8399,0.284959,16.6748,0.413658,20.7153,15.4727,27.2777,13.7638,26.4406,24.5262,16.2637,35.3288,34.7655,7.94847,23.5629,23.8432,19.7993,14.8606,17.8412,18.0377,5.16225,25.2229,28.8809,29.119,7.50069,35.5503,10.5615,26.9608,18.2263,21.4784,22.6436,16.2578,14.537,24.9177,15.6628,13.1853,1.05541,33.387,42.8532,24.2524,14.1887,6.96958,25.0373,7.41632,9.10868,33.2681,5.40498,27.7436,2.93101,13.7317,19.5226,4.02577,16.1676,17.0472,27.9009,30.8347,11.5572,8.50375,15.0406,14.3028,4.17127,14.2098,16.721,16.841,20.5649,25.8362,4.85107,3.2895,14.121,22.8367,12.7291,29.8755,25.4668,22.79,12.2971,5.63488,28.2361,14.8483,17.1597,19.5899,25.8458,26.8077,10.2854,15.038,12.8442,30.9319,8.23057,29.1982,26.5026,13.232,2.57693,3.14663,21.3196,26.2694,18.2272,24.4221,19.4818,19.4721,15.5672,10.8235,18.9446,15.1628,4.10818,13.4517,26.9478,13.7471,25.2685,13.8917,16.358,13.0035,2.05543,25.9839,8.04705,12.8028,12.1955,19.0868,35.7805,12.0975,13.6256,13.4184,14.4577,25.8641,23.038,2.58956,10.518,15.0826,25.1521,10.738,20.4238,27.1891,23.9572,13.0742,27.4155,21.6586,24.3606,9.099,18.3181,42.0296,24.2735,19.4614,17.4914,30.5342,24.6882,14.4574,9.499,10.207,15.5579,13.7981,20.6259,34.1806,15.2572,11.0456,9.88543,20.8926,18.9083,24.4385,13.4803,3.72627,25.8712,16.2173,23.3281,30.6245,23.413,15.1265,28.4795,21.9028,15.6654,24.1068,7.63366,8.62705,29.0949,19.0088,8.59786,27.0477,11.794,25.6317,33.6894,4.32699,14.5561,14.8475,26.441,23.659,30.7284,24.0939,0,15.0348,21.9093,20.7938,19.9795,20.9056,0,14.0519,11.8201,24.5166,14.5303,31.092,24.993,18.2442,24.6644,18.2022,0.0555747,0,16.3777,26.9526,14.8006,9.24478,13.0455,12.438,14.321,2.94661,14.6606,14.8077,21.5541,14.0281,25.578,17.2128,32.0162,9.72742,24.8619,26.2243,9.96256,9.38468,18.7195,22.682,6.95992,18.3026,16.7672,12.6289,18.7624,9.07509,28.249,25.4006,20.8455,14.8237,22.4195,10.3393,4.68694,10.7892,22.7686,21.2524,11.8616,13.142,21.9523,20.6038,24.7512,26.4844,8.46478,36.9173,19.752,21.6159,22.9288,33.107,19.4595,17.1079,21.6558,8.40412,25.5965,2.96333,37.8906,20.1308,6.78498,13.2127,25.2429,25.7254,22.0184,18.3656,20.9255,18.8145,14.2706,10.173,15.855,0,10.412,8.185,14.1135,18.1767,9.45232,14.7046,13.9471,16.2826,12.4298,17.4782,25.6027,17.6957,36.1336,5.82913,16.3941,16.4009,29.9049,0.00802762,25.1517,13.1724,18.643,26.2836,30.4011,20.632,5.62705,36.6717,20.3198,15.0168,13.8442,23.2481,23.383,8.82944,12.0125,39.1606,16.4597,11.8455,29.742,9.7445,14.0594,17.8212,15.6448,18.1975,10.7219,11.924,23.2311,28.6034,25.0385,23.2707,24.5516,29.4855,14.111,17.2068,10.8956,24.0062,10.4429,11.9984,5.59531,23.3991,30.0935,26.6037,0.400026,19.8923,31.2307,6.21847,20.2248,21.3655,22.118,21.9316,17.2113,14.8901,20.9517,19.9576,10.1521,23.1412,24.4278,26.904,16.0075,39.1635,24.9006,14.556,19.9926,21.4692,15.609,12.1442,14.688,24.3671,8.59163,21.3996,12.9921,
DUALS 172,7091.12,2273626,2126499,0,18.9712,11.9655,6.7813,23.8772,25.6336,16.2043,14.8439,22.0255,14.175,8.16705,33.3691,23.6487,1.62869,20.5454,1.81562,31.9464,19.2729,34.0044,21.5423,2.44658,17.5397,21.5996,21.4108,19.0213,9.60338,13.1041,17.5165,2.05209,17.2954,20.5478,21.4026,40.6365,12.7094,1.99116,23.2791,19.3095,1.1365,33.8677,22.3563,16.8399,1.17853,16.6748,1.30723,20.7153,15.4727,27.2777,13.7638,26.4406,24.5262,17.1572,35.3288,34.7655,7.94847,23.5629,22.9497,19.7993,14.8606,17.8412,18.0377,5.16225,25.2229,27.9874,28.2255,8.39427,36.4439,10.5615,26.9608,19.1199,21.4784,23.5372,16.2578,14.537,24.9177,16.5564,13.1853,0,34.2806,42.8532,25.146,14.1887,6.96958,25.0373,7.41632,8.21511,33.2681,5.40498,28.6372,2.93101,13.7317,19.5226,4.91934,17.0612,17.9408,27.9009,30.8347,12.4508,8.50375,15.0406,14.3028,5.06484,14.2098,16.721,17.7345,20.5649,25.8362,5.74464,3.2895,14.121,22.8367,12.7291,26.3012,25.4668,22.79,12.2971,5.63488,27.3425,14.8483,17.1597,19.5899,24.9522,25.9141,11.1789,15.038,12.8442,30.9319,8.23057,29.1982,26.5026,13.232,1.68336,4.04021,21.3196,25.3758,18.2272,24.4221,19.4818,19.4721,15.5672,11.717,18.9446,15.1628,0.53388,13.4517,27.8414,14.6407,26.1621,13.8917,16.358,13.0035,2.05543,25.9839,8.04705,12.8028,12.1955,19.0868,33.9933,12.0975,13.6256,13.4184,14.4577,26.7577,23.038,3.48314,10.518,15.9761,25.1521,10.738,20.4238,27.1891,23.9572,13.0742,27.4155,22.5521,24.3606,9.099,18.3181,42.0296,25.1671,19.4614,17.4914,29.6406,24.6882,14.4574,9.499,10.207,15.5579,13.7981,20.6259,34.1806,15.2572,11.9391,9.88543,19.999,15.334,24.4385,13.4803,2.8327,25.8712,16.2173,23.3281,31.5181,23.413,15.1265,29.3731,22.7964,15.6654,24.1068,8.52724,8.62705,29.9885,19.0088,8.59786,27.9413,11.794,25.6317,33.6894,4.32699,14.5561,14.8475,27.3345,23.659,30.7284,24.0939,0.893576,15.0348,21.9093,20.7938,19.9795,21.7992,0.893576,14.0519,11.8201,25.4102,14.5303,31.092,24.993,18.2442,24.6644,18.2022,0.0555747,0,16.3777,26.9526,14.8006,9.24478,13.0455,12.438,14.321,3.84019,14.6606,10.3398,21.5541,14.0281,25.578,17.2128,32.9098,9.72742,24.8619,26.2243,10.8561,10.2783,19.6131,22.682,7.8535,18.3026,17.6607,12.6289,19.656,9.96867,27.3554,25.4006,20.8455,14.8237,22.4195,10.3393,1.11264,10.7892,22.7686,21.2524,12.7552,13.142,21.9523,20.6038,24.7512,26.4844,8.46478,36.9173,20.6456,21.6159,22.9288,33.107,19.4595,17.1079,20.7623,9.29769,25.5965,2.96333,38.7842,20.1308,6.78498,13.2127,26.1365,26.619,22.0184,18.3656,20.9255,19.7081,15.1642,10.173,16.7485,0.893576,10.412,8.185,14.1135,18.1767,5.87802,14.7046,14.8407,17.1762,12.4298,17.4782,25.6027,17.6957,36.1336,5.82913,16.3941,17.2944,29.9049,0.00802762,25.1517,13.1724,19.5366,24.4965,30.4011,20.632,5.62705,36.6717,21.2133,15.9104,13.8442,23.2481,23.383,9.72302,12.9061,39.1606,16.4597,11.8455,29.742,10.6381,14.0594,17.8212,15.6448,19.0911,10.7219,11.924,23.2311,29.497,25.0385,23.2707,24.5516,29.4855,14.111,13.6324,10.8956,24.0062,10.4429,11.9984,5.59531,23.3991,30.0935,27.4973,0.400026,19.8923,31.2307,6.21847,20.2248,21.3655,22.118,21.9316,17.2113,14.8901,21.8453,20.8512,10.1521,23.1412,24.4278,26.904,16.0075,38.2699,24.9006,14.556,20.8862,21.4692,16.5026,12.1442,15.5815,24.3671,8.59163,21.3996,13.8856,
DUALS 173,7091.12,2273617,2126646,0,18.9712,11.9655,6.7813,23.8772,25.6336,17.1056,14.8439,22.9268,14.175,9.06834,33.3691,23.6487,1.62869,21.4467,1.81562,31.9464,19.2729,34.0044,22.4436,2.44658,17.5397,21.5996,21.4108,19.9226,7.80079,13.1041,17.5165,2.95338,18.1967,20.5478,21.4026,40.6365,12.7094,1.99116,23.2791,17.5069,1.1365,32.9664,22.3563,16.8399,2.07983,16.6748,2.20853,20.7153,15.4727,27.2777,13.7638,26.4406,24.5262,15.3547,35.3288,34.7655,8.84977,23.5629,23.851,19.7993,14.8606,17.8412,18.0377,6.06354,25.2229,27.9874,26.4229,7.49297,36.4439,10.5615,26.9608,20.0212,21.4784,22.6359,16.2578,14.537,24.9177,17.4577,13.1853,0.901294,35.1819,41.9519,24.2447,14.1887,6.96958,25.9386,7.41632,8.21511,33.2681,6.30628,27.7359,2.93101,13.7317,19.5226,3.11675,17.0612,18.8421,27.9009,30.8347,11.5495,8.50375,15.0406,14.3028,4.16355,14.2098,16.721,18.6358,20.5649,25.8362,4.84335,1.48691,14.121,22.8367,12.7291,27.2025,25.4668,22.79,12.2971,5.63488,27.3425,14.8483,17.1597,19.5899,24.9522,24.1115,12.0802,15.038,12.8442,30.9319,8.23057,28.2969,26.5026,13.232,0,2.23762,21.3196,25.3758,18.2272,24.4221,19.4818,19.4721,15.5672,10.8158,18.9446,15.1628,1.43517,13.4517,28.7427,13.7394,25.2608,13.8917,16.358,13.0035,2.05543,26.8852,8.94834,12.8028,12.1955,19.0868,33.9933,12.9988,13.6256,13.4184,14.4577,24.9551,23.038,2.58185,10.518,16.8774,25.1521,10.738,20.4238,28.0904,23.9572,13.0742,27.4155,20.7496,24.3606,9.099,18.3181,42.0296,26.0684,18.5601,17.4914,29.6406,24.6882,14.4574,9.499,11.1083,15.5579,13.7981,20.6259,34.1806,15.2572,10.1365,9.88543,20.9003,16.2352,24.4385,13.4803,2.8327,25.8712,17.1186,23.3281,29.7155,23.413,15.1265,30.2744,21.8951,15.6654,24.1068,7.62594,9.52834,28.1859,19.0088,9.49916,26.1387,11.794,25.6317,33.6894,5.22828,14.5561,14.8475,28.2358,23.659,30.7284,24.0939,1.79487,15.0348,21.9093,20.7938,19.9795,22.7005,0.893576,14.0519,11.8201,23.6076,14.5303,31.092,24.993,19.1455,24.6644,18.2022,0.0555747,0,15.4764,26.9526,14.8006,8.34349,13.0455,12.438,14.321,3.84019,14.6606,11.2411,21.5541,14.0281,26.4793,18.1141,31.1072,9.72742,24.8619,25.323,11.7574,7.57437,19.6131,22.682,8.75479,18.3026,18.562,12.6289,18.7547,9.06737,28.2567,25.4006,20.8455,14.8237,22.4195,10.3393,2.01394,10.7892,22.7686,21.2524,10.9526,13.142,21.9523,20.6038,24.7512,26.4844,8.46478,36.9173,21.5469,21.6159,22.9288,33.107,19.4595,18.0092,20.7623,10.199,26.4978,3.86462,37.8829,20.1308,6.78498,12.3114,25.2352,27.5203,22.0184,18.3656,20.9255,20.6094,16.0655,10.173,17.6498,0,10.412,9.0863,14.1135,18.1767,6.77931,14.7046,13.9394,18.0775,12.4298,17.4782,25.6027,17.6957,36.1336,5.82913,16.3941,18.1957,29.9049,0.909322,25.1517,13.1724,18.6353,25.3978,30.4011,20.632,6.52834,36.6717,19.4108,15.9104,13.8442,23.2481,23.383,8.82172,11.1035,39.1606,16.4597,11.8455,29.742,8.83549,14.0594,17.8212,15.6448,19.0911,10.7219,11.924,23.2311,30.3983,25.0385,24.172,24.5516,29.4855,14.111,14.5337,10.8956,24.0062,10.4429,11.9984,5.59531,23.3991,30.0935,26.596,0,19.8923,31.2307,6.21847,20.2248,21.3655,22.118,21.9316,17.2113,14.8901,20.0427,19.0486,10.1521,24.0425,23.5265,26.0027,16.0075,38.2699,24.9006,14.556,19.0836,21.4692,17.4039,12.1442,16.4828,24.3671,8.59163,21.3996,13.8856,
DUALS 174,7091.12,2273613,2126646,0,19.4978,11.9655,6.7813,23.8772,25.6336,15.5257,15.3705,23.4534,14.175,8.01509,33.3691,23.6487,2.15532,19.8669,2.34225,31.9464,19.2729,34.0044,21.917,2.97321,17.5397,21.5996,21.4108,19.9226,7.80079,13.1041,17.5165,1.37351,16.6168,20.5478,21.4026,40.6365,12.7094,2.51778,23.2791,18.0335,1.66312,33.493,22.3563,16.8399,2.07983,16.6748,2.20853,20.7153,15.4727,27.2777,13.7638,26.4406,24.5262,15.3547,35.8554,34.7655,6.74327,24.0895,23.3243,19.7993,14.8606,18.3678,17.511,3.95704,25.2229,27.9874,26.9495,8.0196,36.4439,11.0881,26.9608,18.4413,21.4784,22.6359,16.2578,14.537,24.9177,15.8778,13.1853,0.901294,34.1286,41.9519,24.2447,14.1887,7.4962,24.3588,7.41632,8.74173,33.2681,4.7264,27.7359,2.40438,13.7317,19.5226,3.64338,17.5878,18.8421,27.9009,30.8347,11.5495,8.50375,15.0406,14.3028,4.69018,14.7364,16.721,18.1092,20.5649,25.8362,5.36997,2.01353,14.121,22.8367,12.7291,27.7291,25.4668,22.79,12.2971,5.63488,27.8691,14.8483,17.1597,19.5899,24.9522,24.6382,11.5536,15.038,12.8442,30.9319,8.23057,28.8235,26.5026,13.232,0.526625,2.76424,21.3196,25.9025,18.7538,24.4221,19.4818,19.4721,15.5672,11.3424,18.9446,15.1628,1.9618,13.4517,28.2161,14.266,25.2608,13.8917,16.358,13.5301,2.05543,26.3585,7.89509,12.8028,12.1955,19.0868,34.52,11.4189,13.6256,13.4184,14.4577,25.4817,23.038,3.10847,10.518,16.8774,25.1521,10.738,20.4238,26.5106,23.9572,13.0742,27.4155,21.2762,24.3606,9.099,18.3181,42.0296,24.4885,19.0868,18.0181,30.1672,24.6882,14.4574,9.499,10.0551,15.5579,13.7981,20.6259,34.1806,15.2572,10.6632,9.88543,20.3737,16.7619,24.4385,13.4803,3.35932,25.8712,15.5388,23.3281,29.7155,23.413,15.1265,29.7478,22.4217,15.6654,24.1068,8.15257,8.47509,28.7125,19.0088,7.91928,26.6653,11.794,25.6317,33.6894,4.17503,14.5561,14.3208,27.7092,24.1856,30.7284,24.0939,2.3215,15.0348,21.9093,20.7938,19.9795,22.7005,1.4202,14.0519,11.8201,24.1342,14.5303,31.092,24.993,17.5656,24.6644,18.2022,0.0555747,0,16.003,26.9526,14.8006,8.87011,13.5721,12.438,14.321,2.26031,14.6606,11.7677,21.5541,13.5014,25.4261,16.5342,31.6338,10.254,24.8619,25.323,12.2841,8.101,20.1397,22.682,8.75479,18.3026,18.562,12.6289,18.7547,9.594,27.7301,25.4006,20.8455,14.8237,22.4195,10.3393,2.54056,11.3158,22.7686,21.2524,11.4793,13.142,21.9523,20.6038,25.2778,26.4844,8.46478,36.9173,19.967,21.6159,22.9288,33.107,19.4595,16.4293,20.7623,9.67236,24.9179,3.86462,37.8829,20.1308,7.31161,12.3114,25.2352,27.5203,22.0184,17.839,20.9255,20.6094,16.0655,10.173,18.1765,0.526625,10.9386,7.50642,14.1135,18.7033,7.30594,14.7046,14.466,18.6041,12.4298,17.4782,25.6027,17.6957,36.6603,6.35575,16.3941,17.1425,29.9049,0.909322,25.1517,13.699,18.6353,25.9244,30.4011,20.1053,5.47509,36.6717,19.9374,16.437,13.8442,23.2481,23.383,9.34835,11.6301,39.1606,16.4597,11.8455,29.742,9.36212,14.0594,18.3478,15.6448,19.0911,10.7219,11.924,23.7577,28.8184,25.0385,22.5922,24.5516,29.4855,14.111,15.0604,10.8956,24.0062,10.4429,11.9984,6.12193,23.3991,30.0935,27.1227,0.526625,19.8923,31.2307,6.21847,20.2248,21.3655,22.118,22.4582,17.2113,14.8901,20.5693,19.0486,10.1521,22.4626,24.0531,26.0027,16.0075,38.7965,24.9006,14.556,19.6102,21.4692,15.824,12.1442,16.4828,24.3671,9.11826,21.3996,14.4123,
DUALS 176,7091.12,2273595,2126661,0,19.4978,11.9655,5.86187,23.8772,25.6336,16.4451,14.4511,21.6145,14.175,8.01509,33.3691,23.6487,1.23588,20.7863,2.34225,31.9464,19.2729,34.0044,22.8364,2.05377,17.5397,21.5996,21.4108,19.0032,7.80079,13.1041,17.5165,1.37351,17.5362,20.5478,21.4026,40.6365,13.6288,0,23.2791,18.0335,0.743686,33.493,21.4369,16.8399,0.240951,16.6748,0.36965,20.7153,15.4727,25.4388,13.7638,26.4406,24.5262,16.2741,35.8554,34.7655,7.66271,24.0895,24.2438,19.7993,14.8606,16.5289,17.511,4.87648,25.2229,27.9874,27.8689,8.93904,35.5244,10.1686,26.0413,19.3608,21.4784,22.6359,16.2578,14.537,24.9177,16.7973,13.1853,0,35.0481,41.9519,24.2447,14.1887,7.4962,25.2782,8.33575,8.74173,33.2681,5.64584,27.7359,2.40438,12.8122,19.5226,4.56282,17.5878,17.9226,27.9009,30.8347,11.5495,7.58431,15.0406,14.3028,5.60961,13.817,16.721,18.1092,20.5649,25.8362,6.28941,1.09409,14.121,22.8367,12.7291,28.6486,25.4668,22.79,12.2971,4.71544,27.8691,14.8483,17.1597,19.5899,25.8716,25.5576,11.5536,15.038,12.8442,30.9319,8.23057,27.9041,26.5026,13.232,1.44606,3.68368,21.3196,26.8219,16.915,24.4221,19.4818,19.4721,15.5672,10.4229,18.9446,15.1628,2.88124,13.4517,27.2966,15.1855,25.2608,12.0528,16.358,12.6107,2.05543,26.3585,7.89509,11.8833,12.1955,19.0868,35.4394,12.3384,13.6256,13.4184,14.4577,26.4011,23.038,4.02791,10.518,16.8774,24.2327,10.738,20.4238,27.43,23.9572,13.0742,27.4155,22.1956,24.3606,8.17957,18.3181,42.0296,25.4079,19.0868,18.0181,30.1672,24.6882,14.4574,8.57957,10.0551,15.5579,13.7981,20.6259,34.1806,15.2572,10.6632,9.88543,21.2931,17.6813,24.4385,13.4803,3.35932,25.8712,16.4582,23.3281,29.7155,23.413,15.1265,29.7478,23.3412,15.6654,24.1068,9.07201,8.47509,29.6319,19.0088,8.83872,27.5848,11.794,24.7122,33.6894,4.17503,14.5561,14.3208,27.7092,23.2662,30.7284,24.0939,0.482617,15.0348,21.9093,20.7938,19.9795,21.7811,0,14.0519,11.8201,25.0537,14.5303,31.092,24.993,18.485,24.6644,18.2022,0.0555747,0,15.0836,26.9526,14.8006,7.95067,13.5721,12.438,14.321,3.17975,14.6606,12.6872,21.5541,13.5014,26.3455,17.4537,32.5533,9.33461,23.9424,23.4841,10.4452,9.02044,18.3008,22.682,8.75479,18.3026,17.6426,12.6289,18.7547,10.5134,27.7301,25.4006,20.8455,14.8237,22.4195,10.3393,3.46,10.3964,22.7686,21.2524,11.4793,13.142,21.9523,20.6038,23.4389,26.4844,8.46478,36.9173,20.8865,21.6159,22.9288,33.107,19.4595,17.3487,21.6817,9.67236,25.8374,3.86462,37.8829,20.1308,6.39217,12.3114,25.2352,27.5203,22.0184,17.839,20.9255,20.6094,15.146,10.173,15.4181,0,10.9386,8.42586,14.1135,17.7839,8.22538,14.7046,15.3855,16.7652,12.4298,17.4782,25.6027,17.6957,37.5797,5.43631,16.3941,18.0619,29.9049,0.909322,25.1517,12.7796,18.6353,26.8438,30.4011,20.1053,5.47509,36.6717,20.8568,14.5981,13.8442,23.2481,23.383,10.2678,11.6301,39.1606,16.4597,11.8455,29.742,9.36212,14.0594,16.5089,15.6448,19.0911,10.7219,11.924,21.9189,29.7378,25.0385,23.5116,24.5516,29.4855,14.111,15.9798,10.8956,24.0062,10.4429,11.9984,5.2025,23.3991,30.0935,27.1227,1.44606,19.8923,31.2307,5.29903,20.2248,21.3655,22.118,22.4582,17.2113,14.8901,21.4887,19.968,10.1521,23.382,24.0531,26.0027,16.0075,38.7965,24.9006,14.556,19.6102,21.4692,16.7435,12.1442,16.4828,24.3671,8.19882,21.3996,12.5734,
DUALS 177,7091.12,2273582,2127048,0,20.2792,11.9655,5.86187,23.8772,26.415,16.4451,15.2325,22.3959,14.175,8.01509,33.3691,23.6487,2.0173,20.7863,2.34225,31.9464,19.2729,34.0044,21.2736,2.83519,17.5397,21.5996,21.4108,19.0032,7.80079,13.1041,17.5165,2.15493,17.5362,20.5478,21.4026,40.6365,13.6288,0.781424,23.2791,18.815,1.52511,33.493,22.2183,16.8399,1.02237,16.6748,1.15107,20.7153,15.4727,26.2203,13.7638,26.4406,24.5262,17.0555,36.6369,34.7655,7.66271,24.0895,21.8995,19.7993,14.8606,17.3103,17.511,4.87648,25.2229,27.9874,27.8689,8.15762,36.3058,10.9501,26.8227,19.3608,21.4784,22.6359,16.2578,14.537,24.9177,16.7973,13.1853,0.781424,35.0481,41.9519,25.0261,14.1887,6.71478,25.2782,8.33575,8.74173,33.2681,5.64584,27.7359,2.40438,13.5936,19.5226,5.34424,18.3692,17.9226,27.9009,30.8347,11.5495,8.36573,15.0406,14.3028,4.82819,14.5984,16.721,18.1092,20.5649,25.8362,5.50799,1.87552,14.121,22.8367,12.7291,29.43,25.4668,22.79,12.2971,5.49686,28.6506,14.8483,17.1597,19.5899,24.3088,24.7762,11.5536,15.038,12.8442,30.9319,8.23057,28.6855,26.5026,13.232,0.664641,4.46511,21.3196,24.4776,17.6964,24.4221,19.4818,19.4721,15.5672,11.2044,18.9446,15.1628,2.88124,14.2331,27.2966,14.4041,26.0422,12.8342,15.5766,13.3921,2.05543,27.14,7.89509,12.6648,12.1955,19.0868,35.4394,12.3384,13.6256,13.4184,15.2391,26.4011,23.038,3.24649,9.73658,17.6589,25.0141,9.95658,20.4238,27.43,23.9572,13.0742,27.4155,22.1956,24.3606,8.17957,18.3181,42.0296,25.4079,19.0868,18.0181,30.9487,24.6882,14.4574,8.57957,10.0551,15.5579,13.7981,20.6259,34.1806,15.2572,11.4446,9.88543,19.7303,18.4627,24.4385,13.4803,2.5779,25.8712,16.4582,23.3281,29.7155,23.413,15.1265,29.7478,20.2155,15.6654,24.1068,8.29059,8.47509,27.2877,19.0088,8.83872,26.0219,11.794,25.4936,33.6894,4.17503,14.5561,14.3208,27.7092,24.0476,30.7284,24.0939,1.26404,15.0348,21.9093,20.7938,19.9795,21.7811,0.781424,14.0519,11.8201,25.0537,14.5303,31.092,24.993,18.485,24.6644,18.2022,0.0555747,0.781424,15.865,26.9526,14.8006,8.73209,13.5721,12.438,14.321,3.17975,14.6606,13.4686,21.5541,13.5014,26.3455,17.4537,28.6461,10.116,24.7239,24.2655,11.2266,9.80186,19.0822,22.682,7.19195,18.3026,18.424,12.6289,19.5361,9.73201,26.1672,25.4006,20.8455,14.8237,22.4195,10.3393,4.24142,11.1778,22.7686,21.2524,12.2607,13.142,21.9523,20.6038,24.2203,26.4844,8.46478,36.9173,20.8865,21.6159,22.9288,33.107,19.4595,17.3487,19.3374,9.67236,25.8374,3.0832,37.8829,20.1308,7.17359,12.3114,25.2352,27.5203,22.0184,17.839,20.9255,19.0465,15.9274,10.173,16.1996,0.781424,10.9386,8.42586,14.1135,18.5653,9.0068,14.7046,14.6041,17.5466,12.4298,17.4782,25.6027,17.6957,36.7983,6.21774,16.3941,18.0619,29.9049,0.127899,25.9331,13.561,19.4167,27.6252,30.4011,20.1053,5.47509,37.4531,18.5125,15.3795,12.2814,23.2481,23.383,9.48636,12.4116,39.1606,16.4597,11.8455,29.742,10.1435,14.0594,17.2903,15.6448,19.0911,10.7219,11.924,22.7003,29.7378,25.0385,23.5116,24.5516,29.4855,14.111,16.7612,10.8956,24.0062,10.4429,11.217,5.98392,23.3991,30.0935,27.1227,0,18.3295,30.4493,6.08046,20.2248,21.3655,21.3366,22.4582,17.2113,14.8901,19.1445,20.7495,10.1521,23.382,24.0531,26.0027,16.0075,39.578,24.9006,14.556,20.3917,21.4692,16.7435,12.1442,17.2642,24.3671,8.98024,21.3996,13.3548,
STATS - lpIterations[1] lagIterations[103] sspIterations[4003] numSeparations[859] numCuts[0] compileTime[2] sspSolveTime[73] lpSolveTime[0] lb[7091.62] ub[7138.8] numArcs: [2273582] numFixed: [2127048] time: [178]
DUALS 179,7091.62,2273565,2151754,0,19.2843,11.9655,5.86187,23.8772,25.4201,15.4502,14.2376,23.3909,14.175,8.01509,33.3691,23.6487,2.0173,19.7914,0.352375,31.9464,19.2729,34.0044,22.2685,1.84025,17.5397,21.5996,21.4108,19.0032,8.79572,13.1041,17.5165,3.14987,17.5362,20.5478,21.4026,40.6365,13.6288,1.77636,23.2791,18.815,0.530172,33.493,21.2234,16.8399,1.02237,16.6748,2.14601,20.7153,15.4727,26.2203,13.7638,26.4406,24.5262,17.0555,36.6369,34.7655,7.66271,24.0895,22.8944,19.7993,14.8606,17.3103,17.511,4.87648,25.2229,26.9924,27.8689,8.15762,35.3109,9.95513,25.8278,18.3658,21.4784,23.6308,16.2578,14.537,24.9177,15.8023,13.1853,0,34.0531,41.9519,23.0362,14.1887,6.71478,25.2782,8.33575,8.74173,33.2681,5.64584,28.7309,2.40438,12.5987,19.5226,4.34931,18.3692,17.9226,27.9009,30.8347,12.5444,7.37079,15.0406,14.3028,4.82819,13.6035,16.721,18.1092,20.5649,25.8362,5.50799,2.87045,14.121,22.8367,12.7291,27.4401,25.4668,22.79,12.2971,4.50193,27.6556,14.8483,17.1597,19.5899,25.3037,24.7762,11.5536,15.038,12.8442,30.9319,8.23057,28.6855,26.5026,13.232,0,4.46511,21.3196,25.4726,18.6913,24.4221,19.4818,19.4721,15.5672,11.2044,18.9446,15.1628,1.8863,12.2432,27.2966,14.4041,24.0523,12.8342,16.5715,12.3971,2.05543,28.1349,7.89509,11.6698,12.1955,19.0868,35.4394,12.3384,13.6256,13.4184,14.2442,26.4011,23.038,3.24649,10.7315,15.669,23.0242,10.9515,20.4238,27.43,23.9572,13.0742,27.4155,22.1956,24.3606,8.17957,18.3181,42.0296,24.413,19.0868,18.0181,29.9537,24.6882,14.4574,8.57957,10.0551,15.5579,13.7981,20.6259,34.1806,15.2572,11.4446,9.88543,20.7252,17.4678,24.4385,13.4803,2.5779,25.8712,16.4582,23.3281,30.7104,23.413,15.1265,29.7478,21.2104,15.6654,24.1068,8.29059,8.47509,28.2826,19.0088,8.83872,26.0219,11.794,25.4936,33.6894,4.17503,14.5561,14.3208,27.7092,24.0476,30.7284,24.0939,1.26404,15.0348,21.9093,20.7938,19.9795,21.7811,1.77636,14.0519,11.8201,25.0537,14.5303,31.092,24.993,18.485,24.6644,18.2022,0.0555747,0,15.865,26.9526,14.8006,8.73209,13.5721,12.438,14.321,3.17975,14.6606,12.4736,21.5541,13.5014,26.3455,17.4537,29.6411,9.1211,22.734,24.2655,12.2215,9.80186,20.0772,22.682,7.19195,18.3026,16.4341,12.6289,17.5462,9.73201,27.1622,25.4006,20.8455,14.8237,22.4195,10.3393,2.25155,10.1829,22.7686,21.2524,12.2607,13.142,21.9523,20.6038,24.2203,26.4844,8.46478,36.9173,19.8915,21.6159,22.9288,33.107,19.4595,17.3487,20.3324,9.67236,25.8374,3.0832,38.8779,20.1308,6.17866,12.3114,26.2301,27.5203,22.0184,17.839,20.9255,17.0567,13.9376,10.173,16.1996,0,10.9386,8.42586,14.1135,18.5653,7.01693,14.7046,14.6041,18.5416,12.4298,17.4782,25.6027,17.6957,37.7932,5.2228,16.3941,17.067,29.9049,0.127899,24.9381,12.5661,19.4167,27.6252,30.4011,20.1053,5.47509,36.4581,19.5075,16.3745,13.2763,23.2481,23.383,9.48636,11.4166,39.1606,16.4597,11.8455,29.742,10.1435,14.0594,17.2903,15.6448,20.086,10.7219,11.924,22.7003,28.7429,25.0385,23.5116,24.5516,29.4855,14.111,15.7663,11.8906,24.0062,10.4429,12.2119,4.98898,23.3991,30.0935,27.1227,0.994937,19.3244,30.4493,5.08552,20.2248,21.3655,22.3315,22.4582,17.2113,14.8901,20.1394,20.7495,10.1521,23.382,24.0531,26.0027,16.0075,38.583,24.9006,15.551,20.3917,21.4692,15.7485,12.1442,15.2744,24.3671,7.9853,21.3996,14.3497,
DUALS 180,7091.62,2273524,2151754,0,19.2843,11.9655,5.86187,23.8772,26.9597,16.9898,15.7772,21.8513,14.175,8.01509,33.3691,23.6487,3.5569,21.331,1.89197,31.9464,19.2729,34.0044,22.2685,3.37985,17.5397,21.5996,21.4108,19.0032,8.79572,13.1041,17.5165,1.61027,17.5362,20.5478,21.4026,42.176,13.6288,1.77636,23.2791,18.815,2.06977,35.0326,22.763,16.8399,1.02237,16.6748,2.14601,20.7153,15.4727,27.7599,13.7638,26.4406,24.5262,13.9763,36.6369,34.7655,6.12311,24.0895,22.8944,19.7993,14.8606,17.3103,17.511,3.33689,23.6833,28.532,27.8689,8.15762,36.8505,11.4947,27.3674,19.9054,21.4784,23.6308,16.2578,14.537,24.9177,17.3419,13.1853,1.53959,35.5927,41.9519,24.5758,14.1887,5.17519,25.2782,8.33575,7.20214,33.2681,5.64584,28.7309,2.40438,14.1383,19.5226,4.34931,16.8296,17.9226,27.9009,30.8347,12.5444,8.91039,15.0406,14.3028,4.82819,15.1431,16.721,18.1092,20.5649,25.8362,5.50799,2.87045,14.121,22.8367,12.7291,28.9797,25.4668,22.79,12.2971,6.04152,27.6556,14.8483,17.1597,19.5899,26.8433,24.7762,11.5536,15.038,12.8442,30.9319,8.23057,28.6855,26.5026,13.232,1.53959,4.46511,21.3196,27.0122,18.6913,24.4221,19.4818,19.4721,15.5672,11.2044,18.9446,15.1628,3.4259,13.7828,27.2966,14.4041,25.5919,14.3738,15.0319,13.9367,2.05543,26.5953,7.89509,13.2094,12.1955,19.0868,36.979,12.3384,13.6256,13.4184,15.7838,24.8616,23.038,3.24649,9.19192,17.2086,24.5638,9.41192,20.4238,27.43,23.9572,13.0742,27.4155,20.656,24.3606,8.17957,18.3181,42.0296,25.9526,19.0868,18.0181,29.9537,24.6882,14.4574,8.57957,10.0551,15.5579,13.7981,20.6259,34.1806,15.2572,11.4446,9.88543,20.7252,19.0074,24.4385,13.4803,2.5779,25.8712,16.4582,23.3281,30.7104,23.413,15.1265,29.7478,22.75,15.6654,24.1068,8.29059,8.47509,29.8222,19.0088,8.83872,26.0219,11.794,27.0332,33.6894,4.17503,14.5561,14.3208,27.7092,24.0476,30.7284,24.0939,2.80364,15.0348,21.9093,20.7938,19.9795,21.7811,0.236766,14.0519,11.8201,23.5141,14.5303,31.092,23.4534,18.485,24.6644,18.2022,0.0555747,0,17.4046,26.9526,14.8006,8.73209,12.0325,12.438,14.321,4.71935,14.6606,14.0132,23.0937,13.5014,26.3455,17.4537,31.1807,10.6607,24.2736,24.2655,12.2215,9.80186,18.5376,22.682,8.73154,18.3026,17.9737,12.6289,19.0858,9.73201,25.6226,25.4006,20.8455,14.8237,22.4195,11.8789,3.79114,11.7225,22.7686,21.2524,12.2607,13.142,21.9523,20.6038,24.2203,26.4844,8.46478,36.9173,21.4311,21.6159,22.9288,33.107,19.4595,15.8091,20.3324,9.67236,25.8374,3.0832,38.8779,20.1308,7.71825,12.3114,26.2301,27.5203,22.0184,17.839,20.9255,18.5963,15.4772,10.173,17.7392,1.53959,9.39903,6.88627,14.1135,18.5653,8.55652,14.7046,14.6041,18.5416,12.4298,17.4782,25.6027,17.6957,39.3328,6.76239,16.3941,18.6066,29.9049,0.127899,26.4777,14.1057,17.8771,29.1648,30.4011,20.1053,5.47509,37.9977,21.0471,14.8349,11.7367,23.2481,23.383,9.48636,11.4166,39.1606,16.4597,11.8455,29.742,10.1435,14.0594,17.2903,15.6448,18.5464,10.7219,11.924,22.7003,30.2825,25.0385,23.5116,24.5516,29.4855,14.111,17.3059,10.351,24.0062,10.4429,10.6723,6.52858,23.3991,30.0935,28.6622,0,17.7848,31.9889,6.62511,20.2248,21.3655,20.7919,20.9186,17.2113,14.8901,21.679,17.6703,10.1521,23.382,24.0531,26.0027,16.0075,38.583,24.9006,12.4718,20.3917,21.4692,17.2881,12.1442,16.814,24.3671,9.5249,21.3996,12.8101,
DUALS 182,7091.62,2299901,2176640,0,19.2843,11.9655,6.19951,23.8772,25.9467,16.3145,15.1019,22.1889,14.175,8.35273,33.7068,23.6487,2.54397,20.6557,1.21669,31.9464,19.2729,34.0044,22.6061,2.70457,17.5397,21.5996,21.4108,19.0032,8.79572,13.1041,17.5165,1.94791,17.5362,20.5478,21.4026,42.176,13.6288,2.114,23.6168,18.815,1.39449,32.6691,22.4253,16.8399,1.02237,16.6748,2.48365,20.7153,15.4727,26.4093,13.7638,26.4406,24.5262,14.314,36.6369,34.7655,6.46075,24.4272,23.2321,19.7993,14.8606,17.648,17.511,3.67453,24.021,28.532,27.8689,8.15762,36.1752,10.8194,26.0168,19.2302,21.4784,23.6308,16.2578,14.537,24.9177,16.6666,13.1853,0.526673,35.2551,41.9519,24.5758,14.1887,5.51283,25.6158,8.6734,7.53978,33.2681,5.98348,28.7309,2.40438,13.1254,19.5226,4.34931,17.1673,17.9226,27.9009,30.8347,12.5444,8.57275,15.0406,14.6404,4.82819,14.4678,16.721,18.1092,20.5649,25.8362,5.50799,2.53281,14.121,22.8367,13.0668,27.2915,25.4668,22.79,12.2971,5.70388,27.6556,14.8483,17.1597,19.5899,27.1809,25.1138,11.5536,15.038,12.8442,30.9319,8.23057,28.6855,26.5026,13.5696,1.53959,4.46511,21.3196,26.6745,19.029,24.4221,19.4818,19.4721,15.5672,10.8667,18.9446,15.1628,1.73769,13.4452,27.2966,14.4041,25.5919,13.3609,15.3696,13.2615,2.39307,26.9329,8.23273,12.8718,12.1955,19.0868,36.979,12.3384,13.6256,13.4184,15.1085,25.1992,23.038,3.24649,9.52956,17.2086,23.8885,9.74956,20.4238,27.43,23.9572,13.0742,27.4155,20.9937,24.3606,8.51721,18.3181,42.0296,25.2773,19.4244,18.3557,29.9537,25.0259,14.4574,8.91721,10.3927,15.5579,13.7981,20.6259,34.1806,15.2572,11.4446,9.88543,21.0629,17.6568,24.4385,13.4803,2.91554,25.8712,16.7958,23.3281,30.7104,23.413,15.1265,29.7478,22.0747,16.0031,24.1068,8.29059,8.81273,29.1469,19.0088,8.83872,26.3596,11.794,26.0203,33.6894,4.51267,14.8937,14.3208,27.7092,24.3852,30.7284,24.4315,2.80364,15.0348,21.9093,20.7938,19.9795,21.7811,0.574407,14.0519,11.8201,23.8517,14.5303,31.4296,23.7911,18.485,24.6644,18.2022,0.393215,0,16.7293,26.9526,14.8006,8.39445,12.3702,12.438,14.321,4.71935,14.6606,13.6756,23.0937,13.1638,26.6832,17.4537,30.5054,9.98541,23.5983,23.9279,12.5592,9.80186,18.8752,23.0196,6.7057,18.3026,17.9737,12.6289,19.0858,9.73201,25.9602,25.4006,20.8455,14.8237,22.4195,11.8789,3.4535,11.0472,22.7686,21.2524,12.2607,13.4796,21.9523,20.6038,24.558,26.4844,8.46478,36.9173,20.7559,21.6159,23.2665,33.107,19.4595,16.1468,20.67,9.67236,26.175,3.0832,38.8779,20.1308,7.04297,12.3114,26.2301,27.5203,22.0184,17.839,20.9255,17.2457,15.4772,10.173,18.0768,0,9.73668,7.22391,14.1135,18.9029,8.21888,14.7046,14.6041,18.8792,12.4298,17.4782,25.6027,17.6957,38.3199,6.08711,16.3941,17.9313,29.9049,0.127899,25.4648,13.4304,17.8771,26.1261,30.4011,20.443,5.81273,36.9848,20.3718,15.1725,12.0744,23.2481,23.383,9.48636,11.4166,39.1606,16.4597,11.8455,30.0796,10.1435,14.0594,17.628,15.6448,18.5464,11.0595,11.924,23.0379,29.6072,25.0385,23.8492,24.5516,29.4855,14.111,15.9553,10.6886,24.0062,10.4429,11.0099,5.8533,23.7368,30.0935,26.974,0,18.1224,31.3136,6.28747,20.2248,21.3655,21.1296,21.2563,17.2113,14.8901,21.0037,18.0079,10.1521,23.7197,24.3907,26.0027,16.3452,38.583,24.9006,12.8094,20.3917,21.4692,16.6128,12.1442,15.4634,24.3671,8.84962,21.3996,13.1478,
STATS - lpIterations[1] lagIterations[106] sspIterations[4122] numSeparations[946] numCuts[0] compileTime[2] sspSolveTime[75] lpSolveTime[0] lb[7097.89] ub[7138.8] numArcs: [2299901] numFixed: [2176640] time: [182]
DUALS 184,7097.89,2299810,2180663,0,19.2843,11.9655,4.63333,23.8772,27.5129,16.3145,13.5357,22.1889,14.175,8.35273,33.7068,23.6487,0.977802,20.6557,1.21669,31.9464,19.2729,34.0044,22.6061,2.70457,17.5397,21.5996,21.4108,19.0032,8.79572,13.1041,17.5165,1.94791,17.5362,20.5478,21.4026,42.176,13.6288,2.114,23.6168,18.815,1.39449,34.2353,23.9915,16.8399,2.58855,16.6748,2.48365,20.7153,15.4727,27.9755,13.7638,26.4406,24.5262,15.8801,36.6369,34.7655,6.46075,24.4272,23.2321,19.7993,14.8606,17.648,19.0772,3.67453,24.021,28.532,29.4351,8.15762,37.7414,10.8194,27.583,19.2302,23.0446,23.6308,17.824,14.537,24.9177,16.6666,13.1853,0.526673,35.2551,40.3857,23.0097,14.1887,5.51283,25.6158,7.10722,7.53978,33.2681,4.41731,28.7309,2.40438,14.6916,19.5226,4.34931,17.1673,17.9226,27.9009,30.8347,12.5444,7.00658,15.0406,13.0743,4.82819,12.9016,18.2872,18.1092,20.5649,25.8362,5.50799,0.966641,14.121,22.8367,13.0668,28.8577,25.4668,24.3562,12.2971,5.70388,27.6556,14.8483,17.1597,19.5899,25.6148,26.68,11.5536,15.038,12.8442,29.3657,8.23057,28.6855,26.5026,13.5696,1.53959,4.46511,21.3196,25.1083,17.4628,24.4221,19.4818,19.4721,15.5672,10.8667,18.9446,15.1628,3.30387,15.0113,27.2966,14.4041,24.0257,14.927,16.9357,11.6953,0.8269,28.4991,8.23273,14.4379,12.1955,19.0868,36.979,12.3384,13.6256,14.9846,16.6747,26.7654,23.038,3.24649,11.0957,15.6424,25.4547,11.3157,20.4238,27.43,23.9572,13.0742,27.4155,22.5598,24.3606,6.95103,18.3181,42.0296,25.2773,19.4244,18.3557,29.9537,25.0259,14.4574,7.35103,10.3927,15.5579,13.7981,19.0597,34.1806,15.2572,11.4446,9.88543,22.629,19.223,24.4385,13.4803,2.91554,25.8712,16.7958,23.3281,30.7104,23.413,15.1265,29.7478,22.0747,14.4369,24.1068,8.29059,8.81273,26.0146,20.5749,8.83872,27.9257,11.794,27.5865,33.6894,4.51267,14.8937,14.3208,27.7092,24.3852,32.2946,24.4315,2.80364,15.0348,21.9093,20.7938,19.9795,21.7811,2.14058,12.4857,11.8201,25.4179,14.5303,31.4296,23.7911,18.485,24.6644,18.2022,0.393215,1.56617,16.7293,26.9526,14.8006,8.39445,12.3702,12.438,14.321,3.15318,14.6606,15.2418,23.0937,14.73,26.6832,17.4537,28.9392,8.41924,25.1645,23.9279,12.5592,9.80186,20.4414,23.0196,8.27187,18.3026,16.4076,14.195,17.5197,9.73201,27.5264,25.4006,20.8455,14.8237,22.4195,11.8789,5.01968,11.0472,22.7686,21.2524,12.2607,13.4796,21.9523,20.6038,24.558,26.4844,8.46478,36.9173,20.7559,21.6159,23.2665,33.107,19.4595,16.1468,19.1038,9.67236,26.175,3.0832,38.8779,20.1308,5.4768,12.3114,26.2301,27.5203,23.5846,17.839,20.9255,18.8119,13.911,10.173,16.5106,1.56617,9.73668,7.22391,14.1135,18.9029,9.78505,14.7046,14.6041,18.8792,12.4298,17.4782,25.6027,17.6957,36.7537,6.08711,16.3941,17.9313,29.9049,0.127899,27.031,13.4304,17.8771,27.6922,30.4011,20.443,5.81273,38.551,18.8056,16.7387,13.6406,23.2481,23.383,9.48636,11.4166,39.1606,16.4597,11.8455,30.0796,10.1435,14.0594,17.628,15.6448,18.5464,9.49335,11.924,23.0379,29.6072,25.0385,23.8492,24.5516,29.4855,14.111,17.5215,12.2548,24.0062,10.4429,12.5761,5.8533,23.7368,30.0935,28.5402,1.56617,19.6886,32.8798,4.7213,20.2248,21.3655,22.6957,21.2563,17.2113,14.8901,19.4376,19.5741,10.1521,23.7197,24.3907,26.0027,16.3452,38.583,24.9006,14.3756,20.3917,21.4692,16.6128,12.1442,17.0296,24.3671,8.84962,21.3996,14.714,
DUALS 185,7097.89,2299789,2180663,0,19.553,11.9655,4.902,23.8772,26.7069,15.7772,13.8044,21.9202,14.175,8.35273,33.7068,23.6487,1.24647,20.387,1.48535,31.9464,19.2729,34.0044,22.8748,2.97323,17.5397,21.5996,21.4108,18.7345,8.79572,13.1041,17.5165,1.94791,17.5362,20.5478,21.4026,41.9074,13.6288,1.84533,23.6168,18.815,1.66315,33.1606,23.7228,16.8399,2.31988,16.6748,2.21498,20.7153,15.4727,26.3635,13.7638,26.4406,24.5262,15.8801,36.6369,34.7655,6.72942,24.6958,23.5007,19.7993,14.8606,17.648,18.2712,3.94319,24.021,28.2634,29.4351,8.15762,37.2041,11.0881,27.0457,19.2302,21.7012,23.6308,16.4807,14.537,24.9177,16.6666,13.1853,0.526673,35.2551,40.6544,23.2783,14.1887,5.78149,25.8845,7.37589,7.80844,33.2681,4.68598,28.7309,2.40438,13.3482,19.5226,4.08064,16.8986,17.9226,27.9009,30.8347,12.5444,7.27524,15.0406,13.3429,4.82819,13.1703,18.0185,18.1092,20.5649,25.8362,5.50799,1.23531,14.121,22.8367,13.0668,27.5143,25.4668,23.2815,12.2971,5.70388,27.6556,14.8483,17.1597,19.5899,25.8834,26.68,11.5536,15.038,12.8442,29.6344,8.23057,28.6855,26.5026,13.8383,1.27093,4.46511,21.3196,25.1083,17.7315,24.4221,19.4818,19.7408,15.5672,10.5981,18.9446,15.1628,1.69187,13.9367,27.028,14.4041,24.2944,12.7777,16.9357,11.964,1.09557,28.4991,8.23273,13.6319,12.1955,19.0868,36.979,12.3384,13.6256,13.9099,16.406,26.7654,23.038,3.24649,11.0957,15.9111,23.8427,11.3157,20.4238,27.43,23.9572,13.0742,27.4155,22.5598,24.3606,7.2197,18.5868,42.0296,24.74,19.6931,18.6244,29.9537,25.0259,14.4574,7.6197,10.3927,15.5579,13.7981,19.3284,34.1806,15.2572,11.4446,9.88543,22.8977,17.8797,24.4385,13.4803,3.18421,25.8712,17.0645,23.3281,30.7104,23.413,15.1265,29.7478,22.3434,14.7056,24.1068,8.29059,8.81273,26.2832,19.7689,8.83872,27.9257,11.794,26.2432,33.6894,4.51267,14.8937,14.3208,27.7092,24.3852,30.9512,24.4315,2.53497,15.3034,21.9093,20.7938,19.9795,21.7811,1.87191,12.7544,11.8201,25.4179,14.5303,31.6983,23.7911,18.485,24.6644,18.2022,0.393215,0.760173,16.998,26.9526,14.8006,8.66312,12.6388,12.438,14.321,3.15318,14.6606,12.5551,23.0937,13.924,26.9518,17.4537,29.2079,8.6879,24.0898,24.1966,12.2905,9.80186,20.1727,23.2883,8.54054,18.3026,16.6762,14.195,17.7883,9.73201,27.7951,25.4006,20.8455,14.8237,22.4195,11.8789,2.87034,11.3159,23.0373,21.2524,12.2607,13.7483,21.9523,20.6038,24.558,26.4844,8.46478,36.9173,20.2185,21.6159,23.2665,33.107,19.4595,16.4154,19.3725,9.67236,26.4437,3.0832,38.8779,20.1308,5.74546,12.3114,26.2301,27.5203,22.2412,17.839,20.9255,18.5432,14.1797,10.173,16.5106,1.02884,10.0053,7.49257,14.1135,18.6343,7.63572,14.7046,14.6041,18.6105,12.4298,17.4782,25.6027,17.9643,36.7537,6.35578,16.3941,17.394,29.9049,0.127899,25.6877,13.699,17.8771,26.3489,30.4011,20.443,5.81273,37.2077,19.0743,16.47,13.6406,23.2481,23.383,9.48636,11.1479,39.1606,16.4597,11.8455,30.3483,10.1435,14.0594,17.628,15.6448,18.5464,9.76202,11.924,23.0379,29.6072,25.0385,24.1179,24.5516,29.4855,14.111,15.9095,11.7174,24.0062,10.4429,12.5761,6.12196,23.7368,30.0935,27.4656,1.29751,19.6886,32.8798,4.98997,20.2248,21.3655,22.6957,21.5249,17.2113,14.8901,19.7062,19.5741,10.4208,23.9884,24.6594,26.2714,16.6139,38.583,24.9006,14.3756,20.3917,21.4692,16.6128,12.1442,17.2982,24.3671,9.11828,21.3996,14.4453,
DUALS 186,7097.89,2299781,2180817,0,19.553,11.9655,5.86005,23.8772,25.7489,16.7352,14.7625,20.9622,14.175,8.35273,33.7068,23.6487,2.20452,21.3451,2.4434,31.9464,19.2729,34.0044,20.0006,2.01519,17.5397,21.5996,21.4108,18.7345,8.79572,13.1041,17.5165,1.94791,17.5362,20.5478,21.4026,41.9074,13.6288,2.80338,23.6168,18.815,0.705103,34.1187,23.7228,16.8399,1.36183,16.6748,1.25694,20.7153,15.4727,26.3635,13.7638,26.4406,24.5262,15.8801,36.6369,34.7655,5.77137,24.6958,20.6266,19.7993,14.8606,17.648,18.2712,3.94319,24.021,28.2634,28.4771,8.15762,37.2041,10.1301,27.0457,20.1882,21.7012,23.6308,16.4807,14.537,24.9177,17.6247,13.1853,0.526673,36.2131,41.6124,24.2364,14.1887,5.78149,25.8845,8.33394,7.80844,33.2681,3.72793,28.7309,2.40438,11.4321,19.5226,4.08064,15.9406,17.9226,27.9009,30.8347,12.5444,8.23329,15.0406,14.301,4.82819,14.1283,18.0185,18.1092,20.5649,25.8362,5.50799,1.23531,14.121,22.8367,13.0668,28.4724,25.4668,23.2815,12.2971,4.74583,27.6556,14.8483,17.1597,19.5899,23.0093,25.7219,11.5536,15.038,12.8442,30.5924,8.23057,28.6855,26.5026,13.8383,0,4.46511,21.3196,26.0664,17.7315,24.4221,19.4818,19.7408,15.5672,10.5981,18.9446,15.1628,2.64992,12.9786,27.028,14.4041,25.2524,11.8197,16.9357,12.922,2.05362,25.625,8.23273,11.7158,12.1955,19.0868,37.937,12.3384,13.6256,13.9099,15.448,26.7654,23.038,3.24649,11.0957,16.8691,22.8847,11.3157,20.4238,27.43,23.9572,13.0742,27.4155,22.5598,24.3606,8.17775,18.5868,42.0296,25.698,19.6931,18.6244,29.9537,25.0259,14.4574,8.57775,10.3927,15.5579,13.7981,20.2864,34.1806,15.2572,11.4446,9.88543,20.0235,18.8377,24.4385,13.4803,3.18421,25.8712,17.0645,23.3281,30.7104,23.413,15.1265,29.7478,23.3014,15.6636,24.1068,8.29059,8.81273,27.2413,19.7689,8.83872,27.9257,11.794,25.2851,33.6894,4.51267,14.8937,14.3208,27.7092,24.3852,30.9512,24.4315,1.57692,16.2615,21.9093,20.7938,19.9795,21.7811,0.913863,13.7124,11.8201,25.4179,14.5303,31.6983,23.7911,18.485,24.6644,18.2022,0.393215,0,16.998,26.9526,14.8006,8.66312,12.6388,12.438,14.321,3.15318,14.6606,13.5132,23.0937,13.924,26.9518,17.4537,30.1659,9.64595,23.1318,24.1966,11.3325,8.84381,19.2147,23.2883,8.54054,18.3026,17.6343,14.195,18.7464,9.73201,24.9209,25.4006,20.8455,14.8237,22.4195,11.8789,2.87034,10.3578,23.9953,21.2524,12.2607,13.7483,21.9523,20.6038,24.558,26.4844,8.46478,36.9173,21.1766,21.6159,23.2665,33.107,19.4595,16.4154,17.4564,9.67236,26.4437,3.0832,38.8779,20.1308,6.70351,12.3114,26.2301,27.5203,22.2412,17.839,20.9255,18.5432,15.1377,10.173,16.5106,0,10.0053,6.53453,14.1135,17.6762,8.59377,14.7046,14.6041,17.6525,12.4298,17.4782,25.6027,18.9224,37.7118,5.39773,16.3941,18.352,29.9049,0.127899,24.7296,12.741,17.8771,27.307,30.4011,20.443,5.81273,36.2496,20.0323,15.512,13.6406,23.2481,23.383,9.48636,11.1479,39.1606,16.4597,11.8455,30.3483,10.1435,14.0594,17.628,15.6448,18.5464,10.7201,11.924,23.0379,30.5653,25.0385,24.1179,24.5516,29.4855,14.111,16.8676,11.7174,24.0062,10.4429,12.5761,5.16391,23.7368,30.0935,28.4236,0,19.6886,32.8798,5.94802,20.2248,21.3655,22.6957,21.5249,17.2113,14.8901,20.6643,18.616,10.4208,23.9884,24.6594,27.2294,16.6139,38.583,24.9006,14.3756,20.3917,21.4692,17.5709,12.1442,17.2982,24.3671,8.16024,21.3996,13.4872,
DUALS 188,7097.89,2299768,2180824,0,19.553,11.9655,4.7305,23.8772,26.8784,15.6057,14.7625,22.0917,14.175,8.35273,33.7068,23.6487,2.20452,21.3451,1.31386,31.9464,19.2729,34.0044,21.1302,3.14473,17.5397,21.5996,21.4108,18.7345,8.79572,13.1041,17.5165,3.07746,17.5362,20.5478,21.4026,40.7778,13.6288,1.67384,23.6168,18.815,1.83465,35.2482,20.3342,16.8399,2.49138,16.6748,2.38648,20.7153,15.4727,27.493,13.7638,26.4406,24.5262,15.8801,36.6369,34.7655,6.90092,24.6958,21.7561,19.7993,14.8606,17.648,18.2712,5.07274,24.021,26.0043,28.4771,8.15762,34.945,11.2596,23.657,20.1882,20.5717,23.6308,15.3511,14.537,24.9177,17.6247,13.1853,0.526673,36.2131,40.4829,25.3659,14.1887,5.78149,25.8845,8.33394,7.80844,33.2681,4.85747,28.7309,2.40438,12.5617,19.5226,5.21018,17.0701,17.9226,27.9009,30.8347,12.5444,8.23329,15.0406,14.301,4.82819,14.1283,18.0185,16.9797,20.5649,25.8362,5.50799,1.23531,14.121,22.8367,13.0668,28.4724,25.4668,22.1519,12.2971,4.74583,27.6556,14.8483,17.1597,19.5899,24.1388,25.7219,10.4241,15.038,12.8442,29.4629,8.23057,28.6855,26.5026,13.8383,1.12955,3.33556,21.3196,24.9369,17.7315,24.4221,19.4818,18.6112,15.5672,10.5981,18.9446,15.1628,3.77946,14.1082,27.028,14.4041,26.382,12.9492,14.6766,12.922,2.05362,26.7545,8.23273,12.8454,12.1955,19.0868,35.6779,12.3384,13.6256,12.7804,16.5775,26.7654,23.038,3.24649,8.83664,17.9987,24.0142,9.05664,20.4238,27.43,23.9572,13.0742,27.4155,22.5598,24.3606,8.17775,18.5868,42.0296,24.5685,19.6931,18.6244,29.9537,25.0259,14.4574,8.57775,10.3927,15.5579,13.7981,19.1569,34.1806,15.2572,11.4446,9.88543,21.1531,18.8377,24.4385,13.4803,3.18421,25.8712,17.0645,23.3281,30.7104,23.413,15.1265,29.7478,23.3014,15.6636,24.1068,8.29059,8.81273,27.2413,19.7689,8.83872,27.9257,11.794,26.4147,33.6894,4.51267,14.8937,14.3208,26.5797,24.3852,29.8217,24.4315,1.57692,15.1319,21.9093,20.7938,19.9795,21.7811,0.913863,12.5829,11.8201,25.4179,14.5303,31.6983,23.7911,18.485,24.6644,18.2022,0.393215,0,14.7389,26.9526,14.8006,7.53358,12.6388,12.438,14.321,3.15318,14.6606,14.6427,23.0937,13.924,26.9518,17.4537,30.1659,9.64595,24.2613,23.067,12.462,7.71426,20.3442,23.2883,7.41099,18.3026,18.7638,14.195,19.8759,9.73201,26.0505,25.4006,20.8455,14.8237,22.4195,11.8789,1.7408,11.4874,23.9953,21.2524,12.2607,13.7483,21.9523,20.6038,24.558,26.4844,8.46478,36.9173,20.047,21.6159,23.2665,33.107,19.4595,17.545,18.5859,9.67236,26.4437,3.0832,38.8779,20.1308,6.70351,12.3114,26.2301,27.5203,21.1117,17.839,20.9255,16.2841,16.2673,10.173,17.6402,1.12955,10.0053,7.66407,14.1135,17.6762,8.59377,14.7046,14.6041,18.782,12.4298,17.4782,25.6027,17.7928,37.7118,6.52727,16.3941,17.2225,29.9049,0.127899,25.8592,13.8705,17.8771,27.307,30.4011,20.443,5.81273,37.3792,20.0323,16.6415,11.3815,23.2481,23.383,9.48636,11.1479,39.1606,16.4597,11.8455,30.3483,10.1435,14.0594,17.628,15.6448,18.5464,10.7201,11.924,23.0379,30.5653,25.0385,24.1179,24.5516,29.4855,14.111,16.8676,9.45835,24.0062,10.4429,10.317,6.29346,23.7368,30.0935,28.4236,1.12955,16.3,32.8798,5.94802,20.2248,21.3655,20.4366,21.5249,17.2113,14.8901,20.6643,18.616,9.29122,23.9884,24.6594,26.0999,16.6139,38.583,24.9006,13.2461,20.3917,21.4692,17.5709,12.1442,15.0392,24.3671,9.28978,21.3996,14.6168,
DUALS 189,7097.89,2299750,2180824,0,20.4412,11.9655,4.7305,23.8772,26.8784,14.7175,14.7625,22.0917,14.175,8.35273,33.7068,23.6487,2.20452,20.4569,1.31386,31.9464,19.2729,34.0044,22.0184,1.36832,17.5397,21.5996,21.4108,19.6227,8.79572,13.1041,17.5165,2.18925,17.5362,20.5478,21.4026,40.7778,13.6288,2.56205,23.6168,18.815,0.0582327,33.4718,21.2224,16.8399,3.37958,16.6748,3.27469,20.7153,15.4727,27.493,13.7638,26.4406,24.5262,16.7683,37.5251,34.7655,6.01271,24.6958,22.6444,19.7993,14.8606,17.648,19.1594,4.18453,24.021,26.8925,29.3653,8.15762,35.8332,9.48319,24.5453,19.3,21.4599,23.6308,16.2393,14.537,24.9177,16.7365,13.1853,0,35.3249,40.4829,23.5895,14.1887,5.78149,24.9963,8.33394,7.80844,33.2681,3.96926,28.7309,2.40438,12.5617,19.5226,4.32198,17.0701,18.8108,27.9009,30.8347,11.6562,8.23329,15.0406,14.301,4.82819,14.1283,18.9068,17.8679,20.5649,25.8362,5.50799,2.12351,14.121,22.8367,13.0668,26.696,25.4668,23.0401,12.2971,3.85762,28.5438,14.8483,17.1597,19.5899,25.0271,26.6101,11.3123,15.038,12.8442,30.3511,8.23057,29.5737,26.5026,13.8383,0.241337,4.22377,21.3196,25.8251,18.6197,24.4221,19.4818,18.6112,15.5672,10.5981,18.9446,15.1628,2.89125,14.1082,27.028,14.4041,24.6056,12.9492,15.5649,12.922,2.05362,26.7545,8.23273,12.8454,12.1955,19.0868,36.5662,12.3384,13.6256,13.6686,16.5775,27.6536,23.038,3.24649,9.72485,16.2223,24.0142,9.94485,20.4238,27.43,23.9572,13.0742,27.4155,23.448,24.3606,8.17775,18.5868,42.0296,23.6803,18.8049,18.6244,30.8419,25.0259,14.4574,8.57775,10.3927,15.5579,13.7981,20.0451,34.1806,15.2572,11.4446,9.88543,22.0413,17.0613,24.4385,13.4803,3.18421,25.8712,16.1763,23.3281,30.7104,23.413,15.1265,30.636,24.1896,15.6636,24.1068,8.29059,8.81273,28.1295,20.6572,8.83872,28.8139,11.794,26.4147,33.6894,4.51267,14.8937,14.3208,27.4679,24.3852,30.7099,24.4315,2.46513,16.0201,21.9093,20.7938,19.9795,22.6693,1.80207,13.4711,11.8201,26.3061,14.5303,31.6983,23.7911,18.485,24.6644,18.2022,0.393215,0,15.6271,26.9526,14.8006,8.42178,12.6388,12.438,14.321,4.04138,14.6606,11.9781,23.0937,14.8122,26.0636,17.4537,31.0541,9.64595,24.2613,23.9552,12.462,8.60247,21.2324,23.2883,8.2992,18.3026,16.9874,14.195,18.0995,9.73201,26.9387,25.4006,20.8455,14.8237,22.4195,11.8789,0.852592,9.71094,23.9953,21.2524,12.2607,13.7483,21.9523,20.6038,24.558,26.4844,8.46478,36.9173,19.1588,21.6159,23.2665,33.107,19.4595,16.6568,19.4742,10.5606,25.5555,3.0832,38.8779,20.1308,6.70351,12.3114,26.2301,27.5203,21.9999,17.839,20.9255,17.1723,14.4908,10.173,17.6402,0,10.0053,6.77586,14.1135,17.6762,7.70556,14.7046,14.6041,18.782,12.4298,17.4782,25.6027,18.681,38.6,4.75086,16.3941,16.3343,29.9049,0.127899,25.8592,12.0941,17.8771,25.5305,30.4011,20.443,5.81273,37.3792,20.9205,17.5297,12.2697,23.2481,23.383,9.48636,10.2597,39.1606,16.4597,11.8455,30.3483,10.1435,14.0594,17.628,15.6448,16.77,10.7201,11.924,23.0379,29.6771,25.0385,23.2297,24.5516,29.4855,14.111,15.0911,10.3466,24.0062,10.4429,11.2052,4.51704,23.7368,30.0935,29.3118,0.241337,17.1882,31.9916,5.94802,20.2248,21.3655,21.3249,20.6367,17.2113,14.8901,21.5525,19.5042,9.29122,23.9884,23.7712,26.0999,16.6139,39.4712,24.9006,14.1343,20.3917,21.4692,16.6827,12.1442,15.9274,24.3671,7.51336,21.3996,15.505,
DUALS 190,7097.89,2299738,2180824,0,20.4412,11.9655,4.7305,23.8772,26.8784,15.2215,14.7625,20.5796,14.175,8.35273,33.7068,23.6487,2.20452,20.4569,1.81791,31.9464,19.2729,34.0044,22.5225,1.87237,17.5397,21.5996,21.4108,19.1186,8.79572,13.1041,17.5165,2.18925,17.5362,20.5478,21.4026,41.2819,13.6288,2.56205,23.6168,18.815,0.562289,33.4718,21.7265,16.8399,1.36336,16.6748,1.25846,20.7153,15.4727,27.493,13.7638,26.4406,24.5262,14.7521,37.5251,34.7655,6.51676,24.6958,23.1484,19.7993,14.8606,18.152,17.6473,4.68859,24.021,27.3965,28.3572,8.15762,36.3372,9.98724,25.0493,19.3,20.4518,23.6308,15.2312,14.537,24.9177,16.7365,13.1853,0.504056,35.3249,40.4829,24.0936,14.1887,6.28555,25.5004,8.33394,8.3125,33.2681,4.47332,28.7309,2.40438,12.5617,19.5226,4.32198,16.566,18.3068,27.9009,30.8347,11.6562,8.23329,15.0406,14.301,4.82819,14.1283,18.9068,17.3638,20.5649,25.8362,5.50799,2.62757,14.121,22.8367,13.0668,27.2,25.4668,21.528,12.2971,4.36168,28.5438,14.8483,17.1597,19.5899,24.523,24.5939,10.8082,15.038,12.8442,30.3511,8.23057,29.5737,26.5026,13.8383,0.241337,2.7116,21.3196,25.8251,19.1237,24.4221,19.4818,18.6112,15.5672,10.5981,18.9446,15.1628,3.39531,14.1082,27.028,14.4041,25.1096,12.9492,16.0689,12.922,1.54956,27.2586,8.23273,12.8454,12.1955,19.0868,36.5662,12.3384,13.6256,12.6604,16.5775,25.1333,23.038,3.24649,10.2289,16.7263,24.0142,10.4489,20.4238,27.43,23.9572,13.0742,27.4155,20.9278,24.3606,8.17775,18.5868,42.0296,24.1843,19.3089,19.1284,30.8419,25.0259,14.4574,8.57775,10.3927,15.5579,13.7981,20.0451,34.1806,15.2572,11.4446,9.88543,22.0413,17.5654,24.4385,13.4803,3.68826,25.8712,16.6804,23.3281,30.7104,23.413,15.1265,30.1319,24.1896,15.6636,24.1068,8.29059,8.81273,28.1295,19.145,8.83872,26.7977,11.794,26.4147,33.6894,4.51267,14.8937,14.3208,26.9638,24.8893,29.7018,24.4315,1.45702,16.0201,21.9093,20.7938,19.9795,22.1652,0.289902,13.4711,11.8201,23.7858,14.5303,31.6983,23.7911,18.485,24.6644,18.2022,0.393215,0.504056,15.6271,26.9526,14.8006,8.42178,13.1429,12.438,14.321,3.53733,14.6606,12.4821,23.0937,13.3,26.5677,17.4537,31.0541,9.64595,24.2613,23.9552,10.9498,7.0903,19.7203,23.2883,8.80325,18.3026,16.9874,14.195,18.6036,9.73201,27.4427,25.4006,20.8455,14.8237,22.4195,11.8789,1.35665,10.215,23.9953,21.2524,12.2607,13.7483,21.9523,20.6038,25.062,26.4844,8.46478,36.9173,19.6629,21.6159,23.2665,33.107,19.4595,17.1608,18.466,10.0565,26.0595,3.0832,38.8779,20.1308,6.70351,12.3114,26.2301,27.0162,20.9918,17.839,20.9255,17.6764,14.4908,10.173,17.1361,0,10.5094,7.27992,14.1135,18.1803,8.20962,14.7046,14.6041,17.2699,12.4298,17.4782,25.6027,18.681,38.6,5.25492,16.3941,16.8383,29.9049,0.127899,25.8592,12.5982,17.8771,26.0346,30.4011,20.947,5.81273,37.3792,20.9205,16.0176,12.7737,23.2481,23.383,9.48636,10.2597,39.1606,16.4597,11.8455,30.3483,10.1435,14.0594,18.132,15.6448,16.77,10.7201,11.924,23.542,29.6771,25.0385,23.7337,24.5516,29.4855,14.111,15.5952,10.3466,24.0062,10.4429,11.7093,5.0211,23.7368,30.0935,29.3118,0.241337,17.6922,32.4956,5.94802,20.2248,21.3655,21.8289,21.1408,17.2113,14.8901,21.5525,17.9921,9.29122,23.9884,24.2753,26.0999,16.6139,39.4712,24.9006,14.6383,20.3917,21.4692,16.6827,12.1442,16.4314,24.3671,8.01742,21.3996,13.9928,
DUALS 192,7097.89,2299709,2180824,0,20.4412,11.9655,4.7305,23.8772,26.8784,16.6607,14.7625,22.0188,14.175,8.35273,33.7068,23.6487,2.20452,21.8961,1.81791,31.9464,19.2729,34.0044,22.5225,3.31159,17.5397,21.5996,21.4108,20.5579,8.79572,13.1041,17.5165,2.18925,17.5362,20.5478,21.4026,42.7211,13.6288,2.56205,23.6168,18.815,2.00151,32.0326,23.1657,16.8399,2.80258,16.6748,2.69768,20.7153,15.4727,27.493,13.7638,26.4406,24.5262,16.1913,37.5251,34.7655,6.51676,24.6958,24.5876,19.7993,14.8606,15.2736,19.0865,4.68859,24.021,28.8358,28.3572,8.15762,37.7765,11.4265,26.4885,20.7392,21.891,23.6308,16.6704,14.537,24.9177,18.1757,13.1853,0.504056,36.7641,40.4829,25.5328,14.1887,6.28555,25.5004,8.33394,8.3125,33.2681,4.47332,28.7309,2.40438,12.5617,19.5226,4.32198,18.0053,19.746,27.9009,30.8347,11.6562,8.23329,15.0406,14.301,4.82819,14.1283,20.346,18.803,20.5649,25.8362,5.50799,0,14.121,22.8367,13.0668,28.6393,25.4668,22.9672,12.2971,5.8009,28.5438,14.8483,17.1597,19.5899,25.9622,26.0331,12.2474,15.038,12.8442,30.3511,9.66979,29.5737,26.5026,13.8383,0.241337,4.15082,21.3196,25.8251,14.8061,24.4221,19.4818,18.6112,15.5672,10.5981,18.9446,15.1628,4.83453,14.1082,28.4672,14.4041,26.5489,12.9492,16.0689,12.922,1.54956,27.2586,8.23273,12.8454,12.1955,19.0868,36.5662,12.3384,13.6256,14.0997,16.5775,26.5725,23.038,3.24649,10.2289,18.1655,24.0142,10.4489,20.4238,27.43,23.9572,13.0742,27.4155,22.367,24.3606,8.17775,18.5868,42.0296,25.6235,19.3089,19.1284,30.8419,25.0259,14.4574,8.57775,10.3927,15.5579,13.7981,20.0451,34.1806,15.2572,11.4446,9.88543,19.1629,19.0046,24.4385,13.4803,3.68826,25.8712,16.6804,23.3281,30.7104,23.413,15.1265,31.5712,22.7504,15.6636,24.1068,8.29059,8.81273,28.1295,20.5842,8.83872,28.2369,11.794,26.4147,33.6894,4.51267,14.8937,14.3208,28.403,24.8893,31.141,24.4315,2.89623,16.0201,21.9093,20.7938,19.9795,23.6044,0.289902,13.4711,11.8201,25.2251,14.5303,31.6983,23.7911,18.485,24.6644,18.2022,0.393215,0,15.6271,26.9526,14.8006,8.42178,13.1429,12.438,14.321,2.09811,14.6606,13.9213,23.0937,14.7392,26.5677,17.4537,29.6149,9.64595,24.2613,23.9552,12.3891,8.52952,21.1595,23.2883,10.2425,18.3026,18.4266,14.195,20.0428,9.73201,27.4427,25.4006,20.8455,14.8237,22.4195,11.8789,2.79587,11.6542,23.9953,21.2524,12.2607,13.7483,21.9523,20.6038,22.1836,26.4844,8.46478,36.9173,21.1021,21.6159,23.2665,33.107,19.4595,17.1608,19.9053,11.4957,26.0595,3.0832,38.8779,20.1308,6.70351,12.3114,26.2301,28.4554,22.431,17.839,20.9255,19.1156,15.9301,10.173,18.5753,0,10.5094,7.27992,14.1135,18.1803,9.64884,14.7046,14.6041,18.7091,12.4298,17.4782,25.6027,18.681,38.6,6.69413,16.3941,18.2775,29.9049,0.127899,25.8592,14.0374,19.3163,27.4738,30.4011,20.947,5.81273,37.3792,19.4813,17.4568,12.7737,23.2481,23.383,9.48636,10.2597,39.1606,16.4597,11.8455,30.3483,10.1435,14.0594,15.2536,15.6448,16.77,10.7201,11.924,20.6635,31.1163,25.0385,23.7337,24.5516,29.4855,14.111,17.0344,10.3466,24.0062,10.4429,11.7093,6.46032,23.7368,30.0935,27.8726,0.241337,17.6922,33.9349,5.94802,20.2248,21.3655,21.8289,21.1408,17.2113,14.8901,21.5525,19.4313,9.29122,23.9884,24.2753,26.0999,16.6139,39.4712,24.9006,14.6383,20.3917,21.4692,18.1219,12.1442,17.8706,24.3671,9.45664,21.3996,15.432,
DUALS 193,7097.89,2299700,2191652,0,20.4412,11.9655,5.04639,23.8772,26.8784,16.029,14.7625,21.387,14.175,8.35273,33.7068,23.6487,2.20452,21.2643,1.81791,31.9464,19.2729,34.0044,22.8383,2.36392,17.5397,21.5996,21.4108,19.6102,9.11161,13.1041,17.5165,2.18925,17.5362,20.5478,21.4026,41.7734,13.6288,1.61438,23.6168,19.1309,1.05384,31.7167,22.218,16.8399,2.1708,16.6748,2.06591,20.7153,15.4727,27.493,13.7638,26.4406,24.5262,16.5072,37.5251,34.7655,6.83265,24.6958,24.9035,19.7993,14.8606,15.5895,19.0865,5.00448,24.021,27.8881,28.3572,8.15762,36.5129,10.7947,25.5409,20.4233,21.5751,23.9467,16.3545,14.537,24.9177,17.8598,13.1853,0.504056,36.4483,40.4829,25.5328,14.1887,6.28555,25.5004,8.64983,8.3125,33.2681,4.47332,29.0468,2.40438,12.5617,19.5226,4.63787,18.0053,18.4824,27.9009,30.8347,11.9721,8.23329,15.0406,14.6169,4.82819,14.1283,20.346,17.5395,20.5649,25.8362,5.50799,0.315889,14.121,22.8367,13.0668,27.3757,25.4668,22.9672,12.2971,5.48501,28.2279,14.8483,17.1597,19.5899,26.2781,26.349,10.9839,15.038,12.8442,30.3511,9.66979,29.2578,26.5026,13.8383,0.557227,4.46671,21.3196,25.5092,15.122,24.4221,19.4818,18.6112,15.5672,10.9139,18.9446,15.1628,2.6233,14.1082,27.8354,14.4041,26.5489,12.9492,16.3848,12.922,1.86545,27.5745,8.23273,12.8454,12.1955,19.0868,36.2503,12.3384,13.6256,13.7838,16.5775,26.8884,23.038,3.24649,10.5448,18.1655,24.0142,10.7648,20.4238,27.43,23.9572,13.0742,27.4155,22.6829,24.3606,8.49364,18.5868,42.0296,24.9918,19.3089,19.1284,30.5261,25.0259,14.4574,8.89364,10.3927,15.5579,13.7981,20.0451,34.1806,15.2572,11.7605,9.88543,19.4787,18.0569,24.4385,13.4803,3.68826,25.8712,16.9962,23.3281,31.0263,23.413,15.1265,30.3076,23.0663,15.9795,24.1068,8.29059,8.81273,28.4454,20.5842,8.83872,28.5528,11.794,26.4147,33.6894,4.51267,14.8937,14.3208,27.1395,24.8893,30.8251,24.4315,1.94857,16.0201,21.9093,20.7938,19.9795,22.3409,0.605792,13.4711,11.8201,25.5409,14.5303,31.6983,23.7911,18.485,24.6644,18.2022,0.393215,0.315889,15.943,26.9526,14.8006,8.73767,13.1429,12.438,14.321,2.414,14.6606,13.6055,23.0937,14.7392,26.8836,17.4537,29.9308,9.64595,24.2613,24.2711,11.7573,8.84541,20.5277,23.2883,7.39947,18.3026,18.1107,14.195,20.0428,9.73201,27.7586,25.4006,20.8455,14.8237,22.4195,11.8789,2.47998,11.0224,23.9953,21.2524,12.5766,13.7483,21.9523,20.6038,22.4995,26.4844,8.46478,36.9173,20.4703,21.6159,23.2665,33.107,19.4595,17.4767,20.2212,10.2322,26.3754,3.0832,39.1937,20.1308,6.70351,12.3114,26.546,28.1395,22.1151,17.839,20.9255,16.9044,15.6142,10.173,17.6277,0.315889,10.5094,7.27992,14.1135,18.1803,9.33295,14.7046,14.6041,18.0773,12.4298,17.4782,25.6027,18.681,38.2841,6.06236,16.3941,17.6458,29.9049,0.127899,25.8592,13.4056,19.3163,26.2103,30.4011,20.6311,5.81273,37.3792,19.7972,16.825,13.0896,23.2481,23.383,9.48636,10.5756,39.1606,16.4597,11.8455,30.3483,10.4594,14.0594,15.5695,15.6448,17.0859,11.036,11.924,20.9794,30.8004,25.0385,24.0496,24.5516,29.4855,14.111,15.7709,10.6624,24.0062,10.4429,12.0252,5.51265,23.7368,30.0935,27.5567,0.557227,18.0081,32.9872,5.94802,20.2248,21.3655,22.1448,21.1408,17.2113,14.8901,21.8684,19.7472,9.29122,23.9884,24.2753,26.0999,16.6139,39.1553,24.9006,14.9542,20.7076,21.4692,17.806,12.1442,15.0276,24.3671,8.82486,21.3996,14.8003,
switching from LAG to LP solver
num vars: 102802
DUALS 265,7138.72,2299700,2201147,-0,23.6319,6.62957,7.85707,32.592,31.4571,21.7,12.7,19.28,11.5454,2.40356,13.22,20.0546,3.2,9.2,1.5,17.8436,32.7579,22.3214,18.9035,0.2,8.6494,12.3906,27.8475,10.832,11.3167,8.32,31.6296,2.4,16.2,25.147,52.5541,44.0801,14.2,1.68,30.992,19.524,1.2,30.1528,20.4326,20.42,0.88,14.16,2.16,25.8012,17.9,21.9778,11.4454,13.4592,30.9532,17.8481,40.4129,41.1768,7.95067,46.58,24.0481,24.008,6.1296,5.85707,28.5,4.14933,12.12,27.6292,31.4499,12.3065,36.7427,15.1865,22.344,12.8,45.985,17.8731,18.6,29.6318,32.1967,10.3,12.96,0.1,62.715,25.432,33.712,18.3124,6.23,18.2057,11.2969,7.73,20.5367,4.90678,32.3033,2.91339,11.5889,21.0911,6.35707,26.348,10.632,29.42,31.6511,12.1134,5.6,7.6296,6.43839,5.5,11.3,35.25,13.8233,28.4778,12.7199,7.4,2.5,2.45,22.3243,20.708,25.5756,32.5681,10.5,17.6337,7.8,23.4889,9.72,20.268,15.8274,24.038,22.9084,36.4493,14.56,23.4198,15.502,5.4,27.8987,18.9753,3.8,0.7,4.74933,32.8621,21.7026,14.377,14.9,17.6249,8.95915,4.672,16.2544,15.2,45.9,0.7,15.8234,36.8383,16.817,9.876,11.5889,2,21.0201,7.40146,31.5974,4.2,11.2889,11.9711,19.8158,40.9654,11.6,8.2,8.5,47.2529,23.9263,10.2283,3.2,1.6,15.58,19.9778,6.55,16.0283,16.5546,15.508,26.4,13.4969,18.3916,54.7909,4.44649,26.0198,37.4343,18.2,6.612,12.712,36.9639,39.7,17.0274,2.46161,8.42844,9.27109,14.9274,20.4938,48.0091,30,8.36958,13.3704,17.4834,18.9777,19.3805,16.6454,5.23,34.4862,18.8447,21.18,29.5866,26.2886,15.5274,26.8458,27.123,18.7415,20.0274,10.283,12.4412,27.1859,14.9,11.8,34.5094,18.9021,19.3222,36.3166,5.71339,11.42,15.2,10.052,27.8124,12.465,28.6,2.08,11.652,32.5948,11,23.7674,17.9296,0.78,11.052,16.9274,21.8894,46.1,16.5766,13.92,20.8454,37.7564,11.8247,0.9,0,14.6301,1.9,6.4296,9.01254,15.002,8.32311,7.77985,3.3,18.4448,14.2167,20.592,13.5,23.6326,20.3,24.6039,7.1546,21.4778,23.4532,13.112,7.75067,10.82,3.24328,11.057,28.6538,30.72,8,13.372,10.083,26.3853,12.6592,20.7812,14.1274,5.736,12.22,0.7,4,37.72,15.6092,8.20215,19.9245,10.96,11.26,19.1124,19.4542,0.7,40.1661,8.5,30.2224,45.8,37.9768,31.9579,16.4824,22.3764,7.91619,24.3583,2.7,33.3069,12.5954,7.4454,13.4103,19.9167,37.7815,5,18.7138,7.12226,16.5334,7.292,22.3115,26.42,0.1,11.472,8.09455,10.9249,18.6387,10.857,32.2454,2.7,23.756,15.02,18,28.2679,29.1882,42.3654,2.1454,28.9579,28.8,17.2436,1.7,19.0778,15.2773,27.148,24.166,35.5166,26.0368,13.9,26.8667,18.577,16.884,29.25,18.4547,18.4205,9.11046,7.81992,19.5888,5.92629,24.9296,45.3652,9.60215,9.52,29.8719,13.9915,18.4301,13.9893,10.6021,20.2181,35.985,22.4542,11.3999,25.9592,22.8766,2.95,15.8334,26.15,18.3547,3.36731,4.6181,5.0681,11.02,4.772,34.4733,0,4.1,37.2643,4.37985,22,8.3494,44.4319,20.884,20.8367,17.1935,18.877,19.877,22.3,37.7383,11.228,36.2,13.4766,28.5078,13.6592,9.1,18.7605,26.3862,8.4,27.5559,16.0167,20.6547,11.5227,8.05476,2.78,
STATS - lpIterations[2] lagIterations[114] sspIterations[4451] numSeparations[946] numCuts[0] compileTime[2] sspSolveTime[79] lpSolveTime[70] lb[7138.72] ub[7138.8] numArcs: [2299700] numFixed: [2201147] time: [265]
max violation: 0.2
new capacity cutset: 34 41 78 125 188 224 225 231 278 323 387 <= 9
new capacity cutset: 34 41 43 78 125 188 224 225 230 231 278 323 387 <= 11
new capacity cutset: 34 41 78 125 188 224 225 230 231 278 323 387 <= 10
new capacity cutset: 34 43 78 125 188 225 230 231 278 323 387 <= 9
routes: 
flow {1}: 0 17 326 214 355 117 247 162 320 168 283 289 158 104 227 
flow {1}: 0 374 32 62 39 67 65 396 307 264 
flow {1}: 0 5 160 337 330 143 215 46 147 153 89 166 258 
flow {1}: 0 23 371 38 333 111 194 363 251 316 276 142 
flow {1}: 0 33 255 29 157 212 169 237 28 
flow {1}: 0 49 298 87 70 302 201 25 96 353 
flow {1}: 0 51 181 389 1 116 127 245 242 259 
flow {1}: 0 56 141 252 370 274 138 170 4 190 275 
flow {1}: 0 63 213 121 233 173 161 50 383 261 131 
flow {1}: 0 73 265 380 85 328 177 95 30 
flow {1}: 0 80 315 221 284 351 58 356 134 107 
flow {1}: 0 92 266 165 308 146 268 79 
flow {1}: 0 94 54 180 179 386 379 312 246 81 197 84 
flow {1}: 0 97 375 149 101 7 257 300 13 15 
flow {1}: 0 102 69 222 159 304 71 113 211 59 253 
flow {1}: 0 105 155 395 361 272 306 377 124 2 347 376 
flow {1}: 0 114 44 348 235 388 281 129 263 176 137 384 
flow {1}: 0 126 115 331 398 66 277 325 368 37 20 
flow {1}: 0 186 154 381 202 342 309 118 21 346 45 
flow {1}: 0 189 174 390 271 244 57 48 345 98 250 234 
flow {1}: 0 267 364 340 373 167 148 378 164 367 391 
flow {1}: 0 286 88 217 209 185 10 152 336 
flow {1}: 0 287 31 362 108 248 171 243 239 192 128 27 
flow {1}: 0 290 182 236 61 218 11 369 110 35 223 240 
flow {1}: 0 291 52 16 314 136 317 22 399 132 311 241 
flow {1}: 0 292 226 109 172 26 350 282 352 40 183 123 75 228 
flow {1}: 0 301 139 280 392 36 191 349 344 91 130 372 
flow {1}: 0 303 144 24 93 229 204 295 103 220 122 
flow {1}: 0 322 151 270 193 19 55 120 294 
flow {1}: 0 324 156 133 210 382 338 256 205 
flow {0.2}: 0 332 310 339 262 400 8 319 260 
flow {0.4}: 0 332 310 339 262 400 8 319 260 43 230 224 41 
flow {0.4}: 0 332 310 339 262 400 8 319 260 43 34 224 41 
flow {1}: 0 334 216 358 195 285 18 238 297 329 
flow {1}: 0 335 385 199 82 296 359 254 293 60 53 313 86 
flow {1}: 0 343 269 64 208 100 145 318 106 163 
flow {1}: 0 357 77 74 394 68 14 288 6 178 327 
flow {1}: 0 360 198 12 9 47 299 305 219 249 
flow {1}: 0 366 150 83 354 206 99 184 175 3 
flow {0.2}: 0 387 278 78 231 188 125 225 323 43 
flow {0.6}: 0 387 278 78 231 188 125 225 323 34 230 
flow {0.2}: 0 387 278 78 231 188 125 225 323 224 41 
flow {1}: 0 393 112 135 140 279 90 196 321 76 
flow {1}: 0 397 72 203 365 273 341 207 187 200 119 232 42 
no more separations possible
num vars: 102802
DUALS 351,7138.8,2299700,2201147,-0,23.5592,10.0556,8.62831,32.5571,54.8325,22.3,14.5913,16.6,14.2771,1.4,11.6714,19.2241,2.4,9.1,2.3,12.2691,31.804,21.85,20.1604,4.6,14.75,19.4435,27.3837,17.0077,13.2585,9.4753,35.6045,2.4,19.6502,32.7144,41.2581,46.5451,14.6,2,30.9571,17.2984,0.9,31.5086,19.8837,20.5506,0.9,15.5685,2.3,17.6896,11.25,21.6416,12.4743,16.2045,30.3911,17.8127,40.6136,43.146,5.77411,44.85,19.3604,24.6,7.50227,16.4569,28.5,5.64999,11.4714,25.9249,31.3688,11.4767,36.1503,10.8148,23.3237,12.5,47.85,9.2286,8.15,33.8993,35.7842,10,14.2932,0.9,43.05,27,33,18.9228,6.6,20.5261,8.57385,8,17.4212,5.9,29.4528,4.70901,11.4208,18.0949,7.12831,24.25,12.8806,26.65,18.6212,10.9468,4.4,9.00227,10.2238,7.58833,13.1913,41.15,8.17542,17.0642,13.2168,3.99099,1.93054,3.22413,17.3606,22.3714,25.2903,34.5303,13.15,22.0858,9.72857,21.2556,10.0877,22.45,14.1,24.8963,24.1805,38.5,15.8932,19.269,15.1,3.62603,26.3258,15.8,18.2373,0.7,6.24999,30.5309,23.9977,16.2261,13.2371,20.8361,7.0924,8.08571,16.9558,14.0691,49.8143,0.7,10.5208,36.1872,11.191,13.5,11.4208,2.5,12.626,7.36074,31.9081,2.1,11.1208,12.6,18.5832,41.4344,13.5998,13.055,6.45,32.899,22.2657,11.0309,3.2,3.05,14.1,22.2116,2.5,20.2506,12.9998,14.9571,49.1627,17.7623,18.186,37.0721,0.3,21.769,35.8131,17.1,7.1,9.5,43.9172,39.7143,15.8932,4.16756,4.1,11.0168,13.3,19.6,58.3256,29.9714,2.5114,0.6,18.1604,20.1436,14.6,17.0691,4.7,26.9456,26.0872,22.7309,18.569,28.95,21.476,26.2312,23.7079,11.8607,18.4,11.6233,11.4218,21.2551,14.4,14.1259,33.1081,14.1038,18.2416,36.5507,15.7782,9.87143,15.2,9.4241,24.8771,12.05,28.5714,2.1,15.45,31.6225,22.6,20.0636,13.7246,1,10.9,15.15,22.7216,43.6728,29.9433,14.5857,21.8743,36.7,2.89032,0.9,0,14.8053,0.7,7.80227,7.4579,13.4,9,2,3.3,11.8023,14.2641,8.18571,13.2,16.2616,14.65,24.7251,13.826,18.4291,23.32,12.4,6.0759,16,14.9,10.7934,31.2669,27.95,9.92857,14.6,10.7233,27.0197,15.4045,17.6026,12.5,7.58571,8.74286,0.7,14.7913,39.85,21.7949,14.3468,17.2373,14.1556,15.1753,16.1771,22.25,0.7,36.4961,8.4,20.7741,48.8143,45.121,31.6793,17.6246,22.0947,10.382,18.1246,2.7,49.4782,11.9743,6.26529,14.1872,25.8696,36.5872,8.3,21.2,14.2691,16.0281,9.5,4.5,24.35,0.1,18.2,7.18204,13.7908,26.9209,10.5934,14.8361,9.40901,24,15.3,17.6309,29.5,31,42.8865,0.965289,28.6793,28.8,17.9939,1.7,18.7416,14.2013,24.85,23.1237,30.7233,24.8076,10.491,26.2198,21.5466,15.4,27.9,14.95,27.75,8.19735,8.32831,23.7068,10.85,19.5368,19.4759,11.5668,10.8753,15.3099,12.2753,18.6053,16.8978,10.7753,19.8788,57.25,30.526,16.775,28.7045,14.3527,22.2641,15.34,26.6714,14.85,7.98719,1.35,0,9.47143,11.5,34.4526,0,4.1,37.3748,4.7,22,12.9117,47.8571,19,24.085,14.0832,21.8466,21.3307,22.3,37.0872,15.1,31.3,12.3693,26.7455,16.4045,9.94286,15.9771,23.1739,8.1,34.4025,16.076,22.8753,8.1727,11.1266,6.6,
STATS - lpIterations[3] lagIterations[114] sspIterations[4451] numSeparations[946] numCuts[4] compileTime[2] sspSolveTime[79] lpSolveTime[156] lb[7138.8] ub[7138.8] numArcs: [2299700] numFixed: [2201147] time: [351]
integral solution
routes: 
flow {1}: 0 17 326 214 355 117 247 162 320 168 283 289 158 104 227 
flow {1}: 0 374 32 62 39 67 65 396 307 264 
flow {1}: 0 5 160 337 330 143 215 46 147 153 89 166 258 
flow {1}: 0 23 371 38 333 111 194 363 251 316 276 142 
flow {1}: 0 33 255 29 157 212 169 237 28 
flow {1}: 0 49 298 87 70 302 201 25 96 353 
flow {1}: 0 51 181 389 1 116 127 245 242 259 
flow {1}: 0 56 141 252 370 274 138 170 4 190 275 
flow {1}: 0 63 213 121 233 173 161 50 383 261 131 
flow {1}: 0 73 265 380 85 328 177 95 30 
flow {1}: 0 80 315 221 284 351 58 356 134 107 
flow {1}: 0 92 266 165 308 146 268 79 
flow {1}: 0 94 54 180 179 386 379 312 246 81 197 84 
flow {1}: 0 97 375 149 101 7 257 300 13 15 
flow {1}: 0 102 69 222 159 304 71 113 211 59 253 
flow {1}: 0 105 155 395 361 272 306 377 124 2 347 376 
flow {1}: 0 114 44 348 235 388 281 129 263 176 137 384 
flow {1}: 0 126 115 331 398 66 277 325 368 37 20 
flow {1}: 0 186 154 381 202 342 309 118 21 346 45 
flow {1}: 0 189 174 390 271 244 57 48 345 98 250 234 
flow {1}: 0 267 364 340 373 167 148 378 164 367 391 
flow {1}: 0 286 88 217 209 185 10 152 336 
flow {1}: 0 287 31 362 108 248 171 243 239 192 128 27 
flow {1}: 0 290 182 236 61 218 11 369 110 35 223 240 
flow {1}: 0 291 52 16 314 136 317 22 399 132 311 241 
flow {1}: 0 292 226 109 172 26 350 282 352 40 183 123 75 228 
flow {1}: 0 301 139 280 392 36 191 349 344 91 130 372 
flow {1}: 0 303 144 24 93 229 204 295 103 220 122 
flow {1}: 0 322 151 270 193 19 55 120 294 
flow {1}: 0 324 156 133 210 382 338 256 205 
flow {1}: 0 332 310 339 262 400 8 319 260 43 230 41 
flow {1}: 0 334 216 358 195 285 18 238 297 329 
flow {1}: 0 335 385 199 82 296 359 254 293 60 53 313 86 
flow {1}: 0 343 269 64 208 100 145 318 106 163 
flow {1}: 0 357 77 74 394 68 14 288 6 178 327 
flow {1}: 0 360 198 12 9 47 299 305 219 249 
flow {1}: 0 366 150 83 354 206 99 184 175 3 
flow {1}: 0 387 278 78 231 188 125 225 323 34 224 
flow {1}: 0 393 112 135 140 279 90 196 321 76 
flow {1}: 0 397 72 203 365 273 341 207 187 200 119 232 42 
no more separations possible
no more separations or cuts possible
STATS - lpIterations[3] lagIterations[114] sspIterations[4451] numSeparations[946] numCuts[4] compileTime[2] sspSolveTime[79] lpSolveTime[156] lb[7138.8] ub[7138.8] numArcs: [2299700] numFixed: [2201147] time: [351]
finished solving - complete
time elapsed: 351
