num vehicles: 25
min service time: 90
instance upper bound: 1e+09
route length upper bound: 21
Random seed:3637969569
compiling DD
time step mult: 10
time step: 900
cap step: 1
adding terminal arcs
num nodes: 6544
num arcs: 237519
done compiling DD
generate initial heuristic routes
using sequential insertion strategy
initial primalRoute: 0 41 27 30 51 0 
initial primalRoute: 0 81 70 28 103 0 
initial primalRoute: 0 24 25 58 59 0 
initial primalRoute: 0 43 40 5 9 0 
initial primalRoute: 0 18 15 16 14 6 4 0 
initial primalRoute: 0 67 61 23 21 0 
initial primalRoute: 0 8 2 93 99 1 75 0 
initial primalRoute: 0 46 45 88 91 0 
initial primalRoute: 0 3 10 68 102 0 
initial primalRoute: 0 90 86 62 66 0 
initial primalRoute: 0 13 12 71 77 52 49 0 
initial primalRoute: 0 50 106 63 69 0 
initial primalRoute: 0 65 72 29 26 0 
initial primalRoute: 0 98 94 79 80 0 
initial primalRoute: 0 32 33 74 64 0 
initial primalRoute: 0 20 22 37 34 0 
initial primalRoute: 0 17 19 38 36 0 
initial primalRoute: 0 96 92 95 100 0 
initial primalRoute: 0 57 83 84 60 0 
initial primalRoute: 0 7 31 35 11 0 
initial primalRoute: 0 55 53 44 47 0 
initial primalRoute: 0 76 82 85 73 0 
initial primalRoute: 0 87 54 56 89 0 
initial primalRoute: 0 78 105 39 104 0 
initial primalRoute: 0 42 97 101 48 0 
added route to primal routes: 0,41,27,30,51,0,
added route to primal routes: 0,81,70,28,103,0,
added route to primal routes: 0,24,25,58,59,0,
added route to primal routes: 0,43,40,5,9,0,
added route to primal routes: 0,18,15,16,14,6,4,0,
added route to primal routes: 0,67,61,23,21,0,
added route to primal routes: 0,8,2,93,99,1,75,0,
added route to primal routes: 0,46,45,88,91,0,
added route to primal routes: 0,3,10,68,102,0,
added route to primal routes: 0,90,86,62,66,0,
added route to primal routes: 0,13,12,71,77,52,49,0,
improved with intra-route Or-opt2
added route to primal routes: 0,63,69,50,106,0,
added route to primal routes: 0,65,72,29,26,0,
added route to primal routes: 0,98,94,79,80,0,
added route to primal routes: 0,32,33,74,64,0,
improved with intra-route Or-opt2
added route to primal routes: 0,20,37,34,22,0,
added route to primal routes: 0,17,19,38,36,0,
improved with intra-route reinsertion
added route to primal routes: 0,96,95,92,100,0,
added route to primal routes: 0,57,83,84,60,0,
added route to primal routes: 0,7,31,35,11,0,
added route to primal routes: 0,55,53,44,47,0,
improved with intra-route reinsertion
improved with intra-route Or-opt2
added route to primal routes: 0,76,73,82,85,0,
added route to primal routes: 0,87,54,56,89,0,
added route to primal routes: 0,78,105,39,104,0,
improved with intra-route reinsertion
added route to primal routes: 0,42,48,97,101,0,
running primal heuristic MIP
primal heuristic num vars: 25
primal heuristic MIP obj: 2901.4
feasible primal routes: 
route: 
0 41 27 30 51 0 
route: 
0 81 70 28 103 0 
route: 
0 24 25 58 59 0 
route: 
0 43 40 5 9 0 
route: 
0 18 15 16 14 6 4 0 
route: 
0 67 61 23 21 0 
route: 
0 8 2 93 99 1 75 0 
route: 
0 46 45 88 91 0 
route: 
0 3 10 68 102 0 
route: 
0 90 86 62 66 0 
route: 
0 13 12 71 77 52 49 0 
route: 
0 63 69 50 106 0 
route: 
0 65 72 29 26 0 
route: 
0 98 94 79 80 0 
route: 
0 32 33 74 64 0 
route: 
0 20 37 34 22 0 
route: 
0 17 19 38 36 0 
route: 
0 96 95 92 100 0 
route: 
0 57 83 84 60 0 
route: 
0 7 31 35 11 0 
route: 
0 55 53 44 47 0 
route: 
0 76 73 82 85 0 
route: 
0 87 54 56 89 0 
route: 
0 78 105 39 104 0 
route: 
0 42 48 97 101 0 
improved ub from MIP pool: 2901.4
STATS - lpIterations[0] lagIterations[0] sspIterations[0] numSeparations[0] numCuts[0] compileTime[6] sspSolveTime[0] lpSolveTime[0] lb[0] ub[2901.4] numArcs: [237519] numFixed: [0] time: [6]
STATS1 - lpIterations[0] lagIterations[0] sspIterations[0] numSeparations[0] numCuts[0] compileTime[6] sspSolveTime[0] lpSolveTime[0] repairTime[0] cutsTime[0] alphaTime[0] decompTime[0] yellowTime[0] updateTime[0] fixTime[0] lb[0] ub[2901.4] numArcs: [237519] numFixed: [0] time: [6]
num vars: 1330
improved iteration ub from lns primal heuristic: 2381.9
added route to primal routes: 0,81,76,70,73,82,85,0,
added route to primal routes: 0,24,25,29,26,0,
added route to primal routes: 0,18,15,16,14,23,21,0,
added route to primal routes: 0,67,61,68,102,0,
added route to primal routes: 0,3,10,6,4,0,
added route to primal routes: 0,90,86,74,64,0,
improved with intra-route reinsertion
added route to primal routes: 0,65,62,72,66,0,
added route to primal routes: 0,98,94,97,101,0,
added route to primal routes: 0,32,33,38,36,0,
added route to primal routes: 0,17,19,39,104,0,
added route to primal routes: 0,7,31,35,11,28,103,0,
added route to primal routes: 0,55,53,58,59,0,
added route to primal routes: 0,78,105,79,80,0,
improved with intra-route reinsertion
added route to primal routes: 0,42,44,48,47,0,
num vars: 2088
num vars: 1653
num vars: 1421
num vars: 1005
num vars: 1982
num vars: 1644
num vars: 1436
num vars: 1195
num vars: 1871
num vars: 1362
num vars: 2016
num vars: 1926
num vars: 1685
num vars: 1949
num vars: 2318
num vars: 1991
num vars: 1510
num vars: 2244
num vars: 1902
num vars: 2379
num vars: 2235
num vars: 2593
num vars: 2318
num vars: 1387
improved iteration ub from lns primal heuristic: 2360.9
added route to primal routes: 0,81,71,70,77,52,49,0,
added route to primal routes: 0,24,25,23,21,0,
added route to primal routes: 0,43,40,74,64,0,
added route to primal routes: 0,8,2,97,101,0,
added route to primal routes: 0,46,45,68,102,0,
improved with intra-route reinsertion
improved with intra-route reinsertion
added route to primal routes: 0,5,3,10,9,0,
improved with intra-route reinsertion
added route to primal routes: 0,13,18,12,15,16,14,6,4,0,
improved with intra-route Or-opt2
added route to primal routes: 0,65,72,29,28,103,26,0,
added route to primal routes: 0,98,94,93,99,1,75,0,
added route to primal routes: 0,32,33,39,104,0,
added route to primal routes: 0,76,73,88,91,0,
improved with intra-route Or-opt2
added route to primal routes: 0,87,54,56,82,85,89,0,
added route to primal routes: 0,42,48,58,59,0,
num vars: 1825
num vars: 2054
num vars: 1812
num vars: 2570
num vars: 1907
num vars: 1035
num vars: 3021
num vars: 1833
num vars: 2877
num vars: 1830
num vars: 1059
num vars: 1313
num vars: 1668
num vars: 1792
num vars: 2014
num vars: 1920
num vars: 1588
num vars: 1539
num vars: 2793
num vars: 1718
num vars: 2305
num vars: 1299
num vars: 1200
num vars: 1928
num vars: 1995
num vars: 1863
num vars: 1359
num vars: 1200
num vars: 2403
num vars: 1629
num vars: 2247
num vars: 1747
num vars: 2726
improved iteration ub from lns primal heuristic: 2359
added route to primal routes: 0,81,70,97,101,0,
added route to primal routes: 0,24,25,28,103,0,
added route to primal routes: 0,43,40,44,47,0,
added route to primal routes: 0,46,45,52,49,0,
improved with intra-route reinsertion
improved with intra-route reinsertion
added route to primal routes: 0,5,3,10,9,0,
added route to primal routes: 0,13,12,71,77,79,80,0,
added route to primal routes: 0,65,74,72,64,0,
improved with intra-route reinsertion
added route to primal routes: 0,98,96,95,94,92,100,0,
added route to primal routes: 0,7,31,35,11,23,21,0,
added route to primal routes: 0,78,105,82,85,0,
added route to primal routes: 0,42,48,29,26,0,
num vars: 1159
num vars: 1911
num vars: 1142
num vars: 1370
num vars: 2767
num vars: 2363
num vars: 2362
num vars: 1866
num vars: 2044
primal heuristic timeout
generate initial heuristic routes
using parallel insertion strategy
initial primalRoute: 0 13 17 19 12 16 14 0 
initial primalRoute: 0 63 69 0 
initial primalRoute: 0 43 40 44 47 0 
initial primalRoute: 0 67 65 72 61 23 21 0 
initial primalRoute: 0 83 78 105 84 0 
initial primalRoute: 0 32 33 74 64 68 102 0 
initial primalRoute: 0 52 29 26 49 0 
initial primalRoute: 0 42 41 51 50 106 48 0 
initial primalRoute: 0 55 53 46 45 0 
initial primalRoute: 0 5 18 15 9 0 
initial primalRoute: 0 20 24 25 27 30 28 103 22 0 
initial primalRoute: 0 81 70 88 91 0 
initial primalRoute: 0 38 39 104 36 0 
initial primalRoute: 0 6 4 1 75 0 
initial primalRoute: 0 58 59 0 
initial primalRoute: 0 7 8 2 11 0 
initial primalRoute: 0 93 97 101 99 98 94 0 
initial primalRoute: 0 57 60 79 80 0 
initial primalRoute: 0 62 66 0 
initial primalRoute: 0 87 76 73 89 0 
initial primalRoute: 0 54 56 0 
initial primalRoute: 0 3 10 0 
initial primalRoute: 0 82 85 95 96 92 100 0 
initial primalRoute: 0 90 86 71 77 0 
initial primalRoute: 0 37 31 35 34 0 
improved with intra-route Or-opt2
added route to primal routes: 0,13,17,19,16,14,12,0,
added route to primal routes: 0,63,69,0,
added route to primal routes: 0,67,65,72,61,23,21,0,
improved with intra-route reinsertion
added route to primal routes: 0,78,105,83,84,0,
added route to primal routes: 0,32,33,74,64,68,102,0,
improved with intra-route reinsertion
added route to primal routes: 0,29,26,52,49,0,
improved with intra-route reinsertion
improved with intra-route reinsertion
improved with intra-route reinsertion
added route to primal routes: 0,42,41,48,51,50,106,0,
added route to primal routes: 0,55,53,46,45,0,
added route to primal routes: 0,5,18,15,9,0,
added route to primal routes: 0,20,24,25,27,30,28,103,22,0,
added route to primal routes: 0,81,70,88,91,0,
added route to primal routes: 0,38,39,104,36,0,
added route to primal routes: 0,6,4,1,75,0,
added route to primal routes: 0,58,59,0,
improved with intra-route reinsertion
added route to primal routes: 0,7,8,11,2,0,
improved with intra-route reinsertion
improved with intra-route reinsertion
added route to primal routes: 0,98,94,93,97,101,99,0,
added route to primal routes: 0,57,60,79,80,0,
added route to primal routes: 0,62,66,0,
added route to primal routes: 0,87,76,73,89,0,
added route to primal routes: 0,54,56,0,
added route to primal routes: 0,3,10,0,
improved with intra-route reinsertion
added route to primal routes: 0,82,85,96,95,92,100,0,
added route to primal routes: 0,90,86,71,77,0,
improved with intra-route reinsertion
improved with intra-route reinsertion
added route to primal routes: 0,31,35,37,34,0,
running primal heuristic MIP
primal heuristic num vars: 87
primal heuristic MIP obj: 2020.4
feasible primal routes: 
route: 
0 46 45 88 91 0 
route: 
0 32 33 74 64 0 
route: 
0 96 95 92 100 0 
route: 
0 87 54 56 89 0 
route: 
0 81 76 70 73 82 85 0 
route: 
0 18 15 16 14 23 21 0 
route: 
0 67 61 68 102 0 
route: 
0 65 62 72 66 0 
route: 
0 55 53 58 59 0 
route: 
0 43 40 44 47 0 
route: 
0 5 3 10 9 0 
route: 
0 13 17 19 16 14 12 0 
route: 
0 63 69 0 
route: 
0 78 105 83 84 0 
route: 
0 29 26 52 49 0 
route: 
0 42 41 48 51 50 106 0 
route: 
0 20 24 25 27 30 28 103 22 0 
route: 
0 38 39 104 36 0 
route: 
0 6 4 1 75 0 
route: 
0 7 8 11 2 0 
route: 
0 98 94 93 97 101 99 0 
route: 
0 57 60 79 80 0 
route: 
0 90 86 71 77 0 
route: 
0 31 35 37 34 0 
improved ub from MIP pool: 2020.4
STATS - lpIterations[0] lagIterations[0] sspIterations[0] numSeparations[0] numCuts[0] compileTime[6] sspSolveTime[0] lpSolveTime[0] lb[0] ub[2020.4] numArcs: [237519] numFixed: [0] time: [19]
STATS1 - lpIterations[0] lagIterations[0] sspIterations[0] numSeparations[0] numCuts[0] compileTime[6] sspSolveTime[0] lpSolveTime[0] repairTime[0] cutsTime[0] alphaTime[0] decompTime[0] yellowTime[0] updateTime[0] fixTime[0] lb[0] ub[2020.4] numArcs: [237519] numFixed: [0] time: [19]
num vars: 1509
improved iteration ub from lns primal heuristic: 1942.5
added route to primal routes: 0,81,76,70,73,79,80,0,
added route to primal routes: 0,18,15,23,21,0,
added route to primal routes: 0,78,105,71,77,0,
added route to primal routes: 0,57,60,82,85,0,
added route to primal routes: 0,90,86,83,84,0,
num vars: 1213
improved iteration ub from lns primal heuristic: 1935.4
added route to primal routes: 0,67,61,88,91,0,
added route to primal routes: 0,13,17,19,12,0,
added route to primal routes: 0,29,26,6,4,1,75,0,
improved with intra-route reinsertion
added route to primal routes: 0,37,38,39,104,36,34,0,
added route to primal routes: 0,31,35,52,49,0,
num vars: 2128
num vars: 1979
num vars: 2073
improved iteration ub from lns primal heuristic: 1910
added route to primal routes: 0,32,33,44,47,0,
added route to primal routes: 0,29,26,23,21,0,
added route to primal routes: 0,57,60,68,102,0,
added route to primal routes: 0,90,86,71,77,79,80,0,
num vars: 958
num vars: 2190
improved iteration ub from lns primal heuristic: 1902.2
added route to primal routes: 0,18,15,37,34,0,
added route to primal routes: 0,42,41,48,51,50,106,52,49,0,
added route to primal routes: 0,31,35,38,39,104,36,0,
num vars: 1558
num vars: 1770
num vars: 1427
num vars: 1619
num vars: 1708
improved iteration ub from lns primal heuristic: 1812.7
added route to primal routes: 0,18,15,16,14,6,4,1,75,0,
added route to primal routes: 0,78,105,83,84,88,91,0,
added route to primal routes: 0,57,60,37,34,0,
num vars: 1564
num vars: 1605
num vars: 2183
num vars: 1467
num vars: 1350
num vars: 1677
num vars: 1541
improved iteration ub from lns primal heuristic: 1812
added route to primal routes: 0,32,33,31,35,37,34,0,
added route to primal routes: 0,67,63,61,69,0,
added route to primal routes: 0,55,53,58,59,68,102,0,
added route to primal routes: 0,57,60,52,49,0,
num vars: 1770
num vars: 1316
num vars: 1674
num vars: 1844
num vars: 2001
num vars: 1025
num vars: 1676
num vars: 1393
num vars: 1761
num vars: 1633
num vars: 1525
num vars: 1675
num vars: 948
num vars: 1139
num vars: 1597
num vars: 1907
num vars: 1571
num vars: 1735
num vars: 863
num vars: 1238
num vars: 854
num vars: 1051
num vars: 1572
num vars: 1004
num vars: 2083
num vars: 1485
num vars: 840
num vars: 1583
num vars: 1375
num vars: 1816
num vars: 2098
num vars: 1995
improved iteration ub from lns primal heuristic: 1803.9
added route to primal routes: 0,7,8,11,2,88,91,0,
num vars: 1102
num vars: 2256
num vars: 1352
num vars: 1726
num vars: 1856
num vars: 2553
num vars: 2418
num vars: 1428
num vars: 1106
num vars: 2433
num vars: 1410
num vars: 1876
num vars: 2151
num vars: 2172
num vars: 2120
num vars: 1835
num vars: 1310
num vars: 920
num vars: 1548
num vars: 1580
num vars: 2022
primal heuristic timeout
generate initial heuristic routes
using parallel insertion strategy
initial primalRoute: 0 78 105 7 11 28 103 68 102 0 
initial primalRoute: 0 65 31 35 72 23 21 0 
initial primalRoute: 0 90 86 44 47 0 
initial primalRoute: 0 43 40 0 
initial primalRoute: 0 55 53 38 36 0 
initial primalRoute: 0 13 12 46 45 0 
initial primalRoute: 0 18 15 16 14 6 4 0 
initial primalRoute: 0 81 70 82 85 88 91 0 
initial primalRoute: 0 20 87 76 73 89 22 37 34 0 
initial primalRoute: 0 29 26 0 
initial primalRoute: 0 39 104 52 49 0 
initial primalRoute: 0 97 101 0 
initial primalRoute: 0 32 33 8 2 1 75 0 
initial primalRoute: 0 50 24 25 106 0 
initial primalRoute: 0 71 83 84 77 79 80 0 
initial primalRoute: 0 5 9 0 
initial primalRoute: 0 93 99 0 
initial primalRoute: 0 63 62 66 69 0 
initial primalRoute: 0 67 17 19 61 0 
initial primalRoute: 0 42 41 51 48 0 
initial primalRoute: 0 74 58 59 64 0 
initial primalRoute: 0 95 54 56 100 0 
initial primalRoute: 0 96 92 0 
initial primalRoute: 0 98 3 10 94 0 
initial primalRoute: 0 27 30 0 
initial primalRoute: 0 57 60 0 
added route to primal routes: 0,78,105,7,11,28,103,68,102,0,
improved with intra-route Or-opt2
added route to primal routes: 0,65,31,35,23,21,72,0,
added route to primal routes: 0,90,86,44,47,0,
added route to primal routes: 0,43,40,0,
added route to primal routes: 0,55,53,38,36,0,
added route to primal routes: 0,13,12,46,45,0,
added route to primal routes: 0,81,70,82,85,88,91,0,
added route to primal routes: 0,20,87,76,73,89,22,37,34,0,
added route to primal routes: 0,29,26,0,
added route to primal routes: 0,39,104,52,49,0,
added route to primal routes: 0,97,101,0,
added route to primal routes: 0,32,33,8,2,1,75,0,
improved with intra-route reinsertion
improved with intra-route Or-opt2
added route to primal routes: 0,50,106,24,25,0,
added route to primal routes: 0,71,83,84,77,79,80,0,
added route to primal routes: 0,5,9,0,
added route to primal routes: 0,93,99,0,
added route to primal routes: 0,63,62,66,69,0,
added route to primal routes: 0,67,17,19,61,0,
improved with intra-route reinsertion
added route to primal routes: 0,42,41,48,51,0,
added route to primal routes: 0,74,58,59,64,0,
improved with intra-route reinsertion
added route to primal routes: 0,54,56,95,100,0,
added route to primal routes: 0,96,92,0,
improved with intra-route reinsertion
improved with intra-route Or-opt2
added route to primal routes: 0,98,94,3,10,0,
added route to primal routes: 0,27,30,0,
added route to primal routes: 0,57,60,0,
running primal heuristic MIP
primal heuristic num vars: 137
primal heuristic MIP obj: 1736.9
feasible primal routes: 
route: 
0 96 95 92 100 0 
route: 
0 87 54 56 82 85 89 0 
route: 
0 43 40 44 47 0 
route: 
0 46 45 52 49 0 
route: 
0 5 3 10 9 0 
route: 
0 65 74 72 64 0 
route: 
0 42 41 48 51 50 106 0 
route: 
0 20 24 25 27 30 28 103 22 0 
route: 
0 98 94 93 97 101 99 0 
route: 
0 62 66 0 
route: 
0 81 76 70 73 79 80 0 
route: 
0 78 105 71 77 0 
route: 
0 90 86 83 84 0 
route: 
0 13 17 19 12 0 
route: 
0 37 38 39 104 36 34 0 
route: 
0 29 26 23 21 0 
route: 
0 18 15 16 14 6 4 1 75 0 
route: 
0 32 33 31 35 37 34 0 
route: 
0 67 63 61 69 0 
route: 
0 55 53 58 59 68 102 0 
route: 
0 7 8 11 2 88 91 0 
route: 
0 57 60 0 
improved ub from MIP pool: 1736.9
STATS - lpIterations[0] lagIterations[0] sspIterations[0] numSeparations[0] numCuts[0] compileTime[6] sspSolveTime[0] lpSolveTime[0] lb[0] ub[1736.9] numArcs: [237519] numFixed: [0] time: [31]
STATS1 - lpIterations[0] lagIterations[0] sspIterations[0] numSeparations[0] numCuts[0] compileTime[6] sspSolveTime[0] lpSolveTime[0] repairTime[0] cutsTime[0] alphaTime[0] decompTime[0] yellowTime[0] updateTime[0] fixTime[0] lb[0] ub[1736.9] numArcs: [237519] numFixed: [0] time: [31]
num vars: 787
num vars: 1106
improved iteration ub from lns primal heuristic: 1735
added route to primal routes: 0,32,33,31,35,50,106,0,
num vars: 1188
num vars: 1521
improved iteration ub from lns primal heuristic: 1657.6
added route to primal routes: 0,32,33,31,35,37,38,39,104,36,34,0,
num vars: 1429
num vars: 1219
num vars: 942
num vars: 1956
num vars: 1275
num vars: 1084
num vars: 1641
num vars: 1076
num vars: 1156
num vars: 1023
num vars: 1617
num vars: 1794
num vars: 1084
num vars: 1547
num vars: 1446
num vars: 1246
num vars: 1601
improved iteration ub from lns primal heuristic: 1630.4
added route to primal routes: 0,90,86,83,84,88,91,0,
added route to primal routes: 0,7,8,11,2,1,75,0,
num vars: 1110
num vars: 1334
num vars: 1081
num vars: 1149
num vars: 1869
num vars: 1598
num vars: 1145
num vars: 1211
num vars: 1391
num vars: 1380
num vars: 1191
num vars: 693
num vars: 871
num vars: 999
num vars: 1630
num vars: 834
num vars: 1028
num vars: 1123
num vars: 1065
improved iteration ub from lns primal heuristic: 1623
improved with intra-route reinsertion
added route to primal routes: 0,98,96,95,94,92,100,0,
added route to primal routes: 0,13,17,19,12,93,97,101,99,0,
num vars: 1388
num vars: 1260
num vars: 2089
num vars: 1881
num vars: 850
num vars: 1261
num vars: 1439
num vars: 1456
num vars: 1317
num vars: 1511
num vars: 1539
num vars: 1205
num vars: 1119
num vars: 2116
num vars: 1526
num vars: 1237
num vars: 1243
num vars: 1241
num vars: 1029
num vars: 925
num vars: 1102
num vars: 1430
num vars: 1264
num vars: 1250
num vars: 1251
num vars: 1333
num vars: 774
num vars: 1568
num vars: 1500
num vars: 1272
num vars: 2243
num vars: 769
num vars: 1882
num vars: 1052
num vars: 1565
num vars: 1233
num vars: 1428
num vars: 1520
num vars: 1459
num vars: 935
num vars: 1224
num vars: 1356
num vars: 672
num vars: 1405
num vars: 1312
primal heuristic timeout
batch size for lag: 1
deactivate cut value threshold: 0.01
deactivate cut iter threshold: 1000000000
percent arcs fixed to change to CPLEX: 97.5
number arcs fixed to change to CPLEX: 100000
kappa iterations: 20
num lag cuts: 20
mu percent improved: 0.001
percent to start cuts: 0.95
step size iteration cutoff: 5
target bound increase: 1.01
min step size multiplier: 0.0001
ngSetSize: 2
change to LP: 1
var fixing: 1
useSeparations: 1
muSSP: 1
repairDuals: 1
robustCuts: 1
nonRobustCuts: 0
volume algo: 0
use scaling: 0
use sparse RCCs: 0
use restarts: 0
switch separations to cuts: 0
primal heuristic: 3
primal heuristic lns: 2
lns timeout: 30
lns iterations to update params: 50
STATS - lpIterations[0] lagIterations[0] sspIterations[0] numSeparations[0] numCuts[0] compileTime[6] sspSolveTime[0] lpSolveTime[0] lb[0] ub[1623] numArcs: [237519] numFixed: [0] time: [43]
STATS1 - lpIterations[0] lagIterations[0] sspIterations[0] numSeparations[0] numCuts[0] compileTime[6] sspSolveTime[0] lpSolveTime[0] repairTime[0] cutsTime[0] alphaTime[0] decompTime[0] yellowTime[0] updateTime[0] fixTime[0] lb[0] ub[1623] numArcs: [237519] numFixed: [0] time: [43]
STATS - lpIterations[1] lagIterations[0] sspIterations[0] numSeparations[0] numCuts[0] compileTime[6] sspSolveTime[0] lpSolveTime[0] lb[0] ub[1623] numArcs: [237519] numFixed: [0] time: [43]
STATS1 - lpIterations[1] lagIterations[0] sspIterations[0] numSeparations[0] numCuts[0] compileTime[6] sspSolveTime[0] lpSolveTime[0] repairTime[0] cutsTime[0] alphaTime[0] decompTime[0] yellowTime[0] updateTime[0] fixTime[0] lb[0] ub[1623] numArcs: [237519] numFixed: [0] time: [43]
STATS - lpIterations[1] lagIterations[0] sspIterations[0] numSeparations[0] numCuts[0] compileTime[6] sspSolveTime[0] lpSolveTime[0] lb[0] ub[1623] numArcs: [237519] numFixed: [0] time: [43]
STATS1 - lpIterations[1] lagIterations[0] sspIterations[0] numSeparations[0] numCuts[0] compileTime[6] sspSolveTime[0] lpSolveTime[0] repairTime[0] cutsTime[0] alphaTime[0] decompTime[0] yellowTime[0] updateTime[0] fixTime[0] lb[0] ub[1623] numArcs: [237519] numFixed: [0] time: [43]
lag: 554.73
STATS - lpIterations[1] lagIterations[1] sspIterations[9] numSeparations[0] numCuts[0] compileTime[6] sspSolveTime[2] lpSolveTime[0] lb[554.73] ub[1623] numArcs: [237395] numFixed: [0] time: [45]
STATS1 - lpIterations[1] lagIterations[1] sspIterations[9] numSeparations[0] numCuts[0] compileTime[6] sspSolveTime[2] lpSolveTime[0] repairTime[0] cutsTime[0] alphaTime[0] decompTime[0] yellowTime[0] updateTime[0] fixTime[0] lb[554.73] ub[1623] numArcs: [237395] numFixed: [0] time: [45]
lambda: 0,1.86,4.12,1.61,3.62,1.51,3.8,3.2,3.62,2,1.67,3.92,11.4,9.24,15.72,7.2,16.12,6.66,7.06,7.8,1,1.01,1.21,1.3,1.5,1.51,1.58,1.71,3.54,2,2.06,6.7,9.48,10.05,6.46,7.6,10.59,7.84,12.36,8.06,2.06,1.86,3.86,1.65,2.15,6.69,6.15,1.8,4.66,1.92,2.28,2.5,2.12,4.51,16,3.5,18,14,13.5,10.5,18.08,2.23,3.6,7.05,10.75,1.28,3.3,1.22,2.06,7.9,17.55,11.4,2.38,5.57,9.9,1.58,5.22,10.4,10.04,5.1,5.14,14.22,7.06,3.23,3.1,5.94,2.64,5.08,8.07,4.86,2.06,6.69,4.42,17.2,8.12,11.16,3.6,12.09,6.16,13.4,11.4,12.09,2.06,3.54,8.06,10.04,2.28,
mu: 
combDuals: 
srcDuals: 
fixed dual: 0
new best dual, value: 554.73
best alpha: 1
gamma: 1 val: 0
gamma: 2 val: 0
gamma: 3 val: 1
gamma: 4 val: 1
gamma: 5 val: 0
gamma: 6 val: 1
gamma: 7 val: 0
gamma: 8 val: 1
gamma: 9 val: 1
gamma: 10 val: 1
gamma: 11 val: 1
gamma: 12 val: 1
gamma: 13 val: 1
gamma: 14 val: 1
gamma: 15 val: 1
gamma: 16 val: 1
gamma: 17 val: 1
gamma: 18 val: 1
gamma: 19 val: 1
gamma: 20 val: 1
gamma: 21 val: 1
gamma: 22 val: 1
gamma: 23 val: 1
gamma: 24 val: 1
gamma: 25 val: 1
gamma: 26 val: 1
gamma: 27 val: 1
gamma: 28 val: 1
gamma: 29 val: 1
gamma: 30 val: 1
gamma: 31 val: 1
gamma: 32 val: 1
gamma: 33 val: 1
gamma: 34 val: 1
gamma: 35 val: 1
gamma: 36 val: 1
gamma: 37 val: 1
gamma: 38 val: 1
gamma: 39 val: 1
gamma: 40 val: 1
gamma: 41 val: 1
gamma: 42 val: 0
gamma: 43 val: 1
gamma: 44 val: 1
gamma: 45 val: 1
gamma: 46 val: 1
gamma: 47 val: 1
gamma: 48 val: 1
gamma: 49 val: 1
gamma: 50 val: 0
gamma: 51 val: 1
gamma: 52 val: 1
gamma: 53 val: -1
gamma: 54 val: -2
gamma: 55 val: 1
gamma: 56 val: -2
gamma: 57 val: -1
gamma: 58 val: -2
gamma: 59 val: -5
gamma: 60 val: -2
gamma: 61 val: 1
gamma: 62 val: 1
gamma: 63 val: 1
gamma: 64 val: 1
gamma: 65 val: 1
gamma: 66 val: -2
gamma: 67 val: 1
gamma: 68 val: -2
gamma: 69 val: -2
gamma: 70 val: 1
gamma: 71 val: 1
gamma: 72 val: 1
gamma: 73 val: 1
gamma: 74 val: 1
gamma: 75 val: 1
gamma: 76 val: 1
gamma: 77 val: 1
gamma: 78 val: 1
gamma: 79 val: 1
gamma: 80 val: 1
gamma: 81 val: 1
gamma: 82 val: 1
gamma: 83 val: 1
gamma: 84 val: 1
gamma: 85 val: 1
gamma: 86 val: 1
gamma: 87 val: 1
gamma: 88 val: 1
gamma: 89 val: 1
gamma: 90 val: 1
gamma: 91 val: 1
gamma: 92 val: 0
gamma: 93 val: -5
gamma: 94 val: -13
gamma: 95 val: -21
gamma: 96 val: -2
gamma: 97 val: -4
gamma: 98 val: -6
gamma: 99 val: -4
gamma: 100 val: -4
gamma: 101 val: -4
gamma: 102 val: -2
gamma: 103 val: 1
gamma: 104 val: 1
gamma: 105 val: 1
gamma: 106 val: 1
alpha: 0.0313134
psiStar: 582.192
lagLB: 554.73
||gamma||^2: 877
lambda: 0,1.86,4.12,1.61,3.62,1.51,3.8,3.2,3.62,2,1.67,3.92,11.4,9.24,15.72,7.2,16.12,6.66,7.06,7.8,1,1.01,1.21,1.3,1.5,1.51,1.58,1.71,3.54,2,2.06,6.7,9.48,10.05,6.46,7.6,10.59,7.84,12.36,8.06,2.06,1.86,3.86,1.65,2.15,6.69,6.15,1.8,4.66,1.92,2.28,2.5,2.12,4.51,16,3.5,18,14,13.5,10.5,18.08,2.23,3.6,7.05,10.75,1.28,3.3,1.22,2.06,7.9,17.55,11.4,2.38,5.57,9.9,1.58,5.22,10.4,10.04,5.1,5.14,14.22,7.06,3.23,3.1,5.94,2.64,5.08,8.07,4.86,2.06,6.69,4.42,17.2,8.12,11.16,3.6,12.09,6.16,13.4,11.4,12.09,2.06,3.54,8.06,10.04,2.28,
mu: 
combDuals: 
srcDuals: 
fixed dual: 0
lambda: 0,1.86,4.12,1.61,3.62,1.51,3.8,3.2,3.62,2,1.67,3.92,11.4,9.24,15.72,7.2,16.12,6.66,7.06,7.8,1,1.01,1.21,1.3,1.5,1.51,1.58,1.71,3.54,2,2.06,6.7,9.48,10.05,6.46,7.6,10.59,7.84,12.36,8.06,2.06,1.86,3.86,1.65,2.15,6.69,6.15,1.8,4.66,1.92,2.28,2.5,2.12,4.51,16,3.5,18,14,13.5,10.5,18.08,2.23,3.6,7.05,10.75,1.28,3.3,1.22,2.06,7.9,17.55,11.4,2.38,5.57,9.9,1.58,5.22,10.4,10.04,5.1,5.14,14.22,7.06,3.23,3.1,5.94,2.64,5.08,8.07,4.86,2.06,6.69,4.42,17.2,8.12,11.16,3.6,12.09,6.16,13.4,11.4,12.09,2.06,3.54,8.06,10.04,2.28,
mu: 
combDuals: 
srcDuals: 
fixed dual: 0
separating route arcs: 0 139 8418 26264 
separating route locations: 1 96 95 94 
separating route arcs: 2 335 8506 21583 43001 
separating route locations: 5 98 95 94 92 
separating route arcs: 4 345 
separating route locations: 7 2 
separating route arcs: 22 5412 
separating route locations: 42 59 
separating route arcs: 26 687 4965 
separating route locations: 50 57 59 
separating route arcs: 30 4875 
separating route locations: 57 59 
separating route arcs: 49 1112 
separating route locations: 95 94 
separating route arcs: 50 1209 9631 
separating route locations: 96 95 94 
separating route arcs: 52 1306 8331 21505 97441 120185 123541 153217 178815 
separating route locations: 98 95 94 93 97 101 100 99 95 
STATS - lpIterations[1] lagIterations[1] sspIterations[9] numSeparations[9] numCuts[0] compileTime[6] sspSolveTime[2] lpSolveTime[0] lb[554.73] ub[1623] numArcs: [238155] numFixed: [0] time: [45]
STATS1 - lpIterations[1] lagIterations[1] sspIterations[9] numSeparations[9] numCuts[0] compileTime[6] sspSolveTime[2] lpSolveTime[0] repairTime[0] cutsTime[0] alphaTime[0] decompTime[0] yellowTime[0] updateTime[0] fixTime[0] lb[554.73] ub[1623] numArcs: [238155] numFixed: [0] time: [45]
lag: 592.321
STATS - lpIterations[1] lagIterations[2] sspIterations[16] numSeparations[9] numCuts[0] compileTime[6] sspSolveTime[3] lpSolveTime[0] lb[592.321] ub[1623] numArcs: [238122] numFixed: [0] time: [47]
STATS1 - lpIterations[1] lagIterations[2] sspIterations[16] numSeparations[9] numCuts[0] compileTime[6] sspSolveTime[3] lpSolveTime[0] repairTime[0] cutsTime[0] alphaTime[0] decompTime[0] yellowTime[0] updateTime[0] fixTime[0] lb[592.321] ub[1623] numArcs: [238122] numFixed: [0] time: [47]
lambda: 0,1.86,4.12,1.64131,3.65131,1.51,3.83131,3.2,3.65131,2.03131,1.70131,3.95131,11.4313,9.27131,15.7513,7.23131,16.1513,6.69131,7.09131,7.83131,1.03131,1.04131,1.24131,1.33131,1.53131,1.54131,1.61131,1.74131,3.57131,2.03131,2.09131,6.73131,9.51131,10.0813,6.49131,7.63131,10.6213,7.87131,12.3913,8.09131,2.09131,1.89131,3.86,1.68131,2.18131,6.72131,6.18131,1.83131,4.69131,1.95131,2.28,2.53131,2.15131,4.47869,15.9374,3.53131,17.9374,13.9687,13.4374,10.3434,18.0174,2.26131,3.63131,7.08131,10.7813,1.31131,3.23737,1.25131,1.99737,7.83737,17.5813,11.4313,2.41131,5.60131,9.93131,1.61131,5.25131,10.4313,10.0713,5.13131,5.17131,14.2513,7.09131,3.26131,3.13131,5.97131,2.67131,5.11131,8.10131,4.89131,2.09131,6.72131,4.42,17.0434,7.71293,10.5024,3.53737,11.9647,5.97212,13.2747,11.2747,11.9647,1.99737,3.57131,8.09131,10.0713,2.31131,
mu: 
combDuals: 
srcDuals: 
fixed dual: 0
new best dual, value: 592.321
added route to primal routes: 0,57,55,54,53,56,58,60,59,0,
running primal heuristic MIP
primal heuristic num vars: 144
primal heuristic MIP obj: 1500.2
feasible primal routes: 
route: 
0 18 15 16 14 6 4 0 
route: 
0 67 61 68 102 0 
route: 
0 87 54 56 82 85 89 0 
route: 
0 43 40 44 47 0 
route: 
0 46 45 52 49 0 
route: 
0 5 3 10 9 0 
route: 
0 65 74 72 64 0 
route: 
0 98 96 95 94 92 100 0 
route: 
0 42 41 48 51 50 106 0 
route: 
0 20 24 25 27 30 28 103 22 0 
route: 
0 81 76 70 73 79 80 0 
route: 
0 78 105 71 77 0 
route: 
0 29 26 23 21 0 
route: 
0 63 62 66 69 0 
route: 
0 32 33 31 35 37 38 39 104 36 34 0 
route: 
0 90 86 83 84 88 91 0 
route: 
0 7 8 11 2 1 75 0 
route: 
0 13 17 19 12 93 97 101 99 0 
route: 
0 57 55 54 53 56 58 60 59 0 
improved ub from MIP primal heuristic: 1500.2
STATS - lpIterations[1] lagIterations[2] sspIterations[16] numSeparations[9] numCuts[0] compileTime[6] sspSolveTime[3] lpSolveTime[0] lb[592.321] ub[1500.2] numArcs: [238122] numFixed: [0] time: [47]
STATS1 - lpIterations[1] lagIterations[2] sspIterations[16] numSeparations[9] numCuts[0] compileTime[6] sspSolveTime[3] lpSolveTime[0] repairTime[0] cutsTime[0] alphaTime[0] decompTime[0] yellowTime[0] updateTime[0] fixTime[0] lb[592.321] ub[1500.2] numArcs: [238122] numFixed: [0] time: [47]
num vars: 1431
num vars: 763
num vars: 997
num vars: 790
num vars: 1055
num vars: 1359
improved iteration ub from lns primal heuristic: 1393.4
added route to primal routes: 0,87,82,85,89,0,
num vars: 1162
num vars: 1281
num vars: 796
num vars: 848
num vars: 1231
num vars: 849
num vars: 1051
num vars: 1023
num vars: 707
num vars: 1136
num vars: 1180
num vars: 869
num vars: 615
num vars: 885
num vars: 1313
num vars: 1278
num vars: 724
num vars: 1225
num vars: 1203
num vars: 1111
num vars: 1319
num vars: 1334
num vars: 1255
num vars: 1462
num vars: 941
num vars: 1476
num vars: 1293
num vars: 516
num vars: 706
num vars: 788
num vars: 840
num vars: 1072
num vars: 1719
num vars: 728
num vars: 1368
num vars: 1090
num vars: 1654
num vars: 1261
num vars: 1681
num vars: 1095
num vars: 719
num vars: 1496
num vars: 1021
num vars: 1226
num vars: 1135
num vars: 1329
num vars: 862
num vars: 1188
num vars: 776
num vars: 1267
updated increasing parameter: 2
num vars: 11596
num vars: 15233
num vars: 28873
num vars: 26094
num vars: 21496
num vars: 12233
num vars: 16763
num vars: 14913
num vars: 9612
num vars: 17401
num vars: 20773
num vars: 18408
improved iteration ub from lns primal heuristic: 1387
added route to primal routes: 0,18,15,16,14,0,
added route to primal routes: 0,67,61,0,
added route to primal routes: 0,87,89,0,
added route to primal routes: 0,5,3,10,9,6,4,0,
added route to primal routes: 0,65,74,72,64,68,102,0,
improved with intra-route reinsertion
improved with intra-route reinsertion
added route to primal routes: 0,90,86,83,82,84,85,88,91,0,
num vars: 1139
num vars: 836
num vars: 1075
num vars: 1051
num vars: 1098
num vars: 1090
num vars: 1437
num vars: 1023
num vars: 1137
num vars: 1265
num vars: 1070
num vars: 1232
num vars: 1209
num vars: 1893
num vars: 877
num vars: 921
num vars: 1262
num vars: 1362
num vars: 1367
num vars: 806
num vars: 1049
num vars: 1468
num vars: 1385
num vars: 1493
num vars: 909
num vars: 855
num vars: 984
num vars: 1221
num vars: 972
num vars: 1168
num vars: 1095
num vars: 1123
num vars: 1904
num vars: 1153
num vars: 1403
num vars: 1001
num vars: 1416
num vars: 1304
num vars: 1072
num vars: 1111
num vars: 734
num vars: 983
num vars: 984
num vars: 1031
num vars: 1406
num vars: 1093
num vars: 1582
num vars: 740
num vars: 1209
num vars: 1112
updated increasing parameter: 2
num vars: 8509
num vars: 26001
improved iteration ub from lns primal heuristic: 1375.7
improved with intra-route reinsertion
added route to primal routes: 0,87,83,82,84,85,89,0,
added route to primal routes: 0,46,45,0,
added route to primal routes: 0,81,76,71,70,73,77,0,
added route to primal routes: 0,90,86,88,91,0,
num vars: 1049
num vars: 925
num vars: 1047
num vars: 1235
num vars: 962
num vars: 895
num vars: 1296
num vars: 1381
num vars: 707
num vars: 1550
num vars: 1384
num vars: 1207
num vars: 561
num vars: 1482
num vars: 1258
num vars: 701
num vars: 1195
num vars: 1614
num vars: 849
num vars: 1759
num vars: 1289
num vars: 973
num vars: 1140
num vars: 1483
num vars: 1392
num vars: 1132
num vars: 1043
num vars: 1375
num vars: 881
num vars: 975
num vars: 1103
num vars: 686
num vars: 1163
num vars: 1910
num vars: 1013
num vars: 1107
num vars: 1412
num vars: 934
num vars: 831
num vars: 867
num vars: 1426
num vars: 1132
num vars: 1278
num vars: 784
num vars: 1002
num vars: 1266
num vars: 1510
num vars: 769
num vars: 1105
num vars: 1335
updated increasing parameter: 2
num vars: 9182
improved iteration ub from lns primal heuristic: 1348.9
added route to primal routes: 0,67,63,62,61,66,69,0,
improved with intra-route reinsertion
added route to primal routes: 0,87,83,82,84,85,89,0,
added route to primal routes: 0,81,71,70,77,0,
added route to primal routes: 0,78,105,76,73,79,80,0,
num vars: 791
num vars: 936
num vars: 1287
num vars: 1573
num vars: 1262
num vars: 1478
num vars: 842
num vars: 1210
num vars: 1596
num vars: 413
num vars: 896
num vars: 1253
num vars: 1028
num vars: 770
primal heuristic timeout
best alpha: 0.055
gamma: 1 val: 0
gamma: 2 val: 1
gamma: 3 val: 1
gamma: 4 val: 1
gamma: 5 val: 0
gamma: 6 val: 1
gamma: 7 val: 0
gamma: 8 val: 1
gamma: 9 val: 1
gamma: 10 val: 1
gamma: 11 val: 1
gamma: 12 val: 1
gamma: 13 val: 1
gamma: 14 val: 1
gamma: 15 val: 1
gamma: 16 val: 1
gamma: 17 val: 1
gamma: 18 val: 1
gamma: 19 val: 1
gamma: 20 val: 1
gamma: 21 val: 1
gamma: 22 val: 1
gamma: 23 val: 1
gamma: 24 val: 1
gamma: 25 val: 1
gamma: 26 val: 1
gamma: 27 val: 1
gamma: 28 val: 1
gamma: 29 val: 1
gamma: 30 val: 1
gamma: 31 val: 1
gamma: 32 val: 1
gamma: 33 val: 1
gamma: 34 val: 1
gamma: 35 val: 1
gamma: 36 val: 1
gamma: 37 val: 1
gamma: 38 val: 1
gamma: 39 val: 1
gamma: 40 val: 1
gamma: 41 val: 1
gamma: 42 val: 1
gamma: 43 val: 1
gamma: 44 val: 1
gamma: 45 val: 1
gamma: 46 val: 1
gamma: 47 val: 1
gamma: 48 val: 1
gamma: 49 val: 1
gamma: 50 val: 1
gamma: 51 val: 1
gamma: 52 val: 1
gamma: 53 val: 0
gamma: 54 val: 0
gamma: 55 val: 0
gamma: 56 val: 0
gamma: 57 val: 0
gamma: 58 val: 0
gamma: 59 val: 0
gamma: 60 val: 0
gamma: 61 val: 1
gamma: 62 val: 1
gamma: 63 val: 1
gamma: 64 val: 1
gamma: 65 val: 1
gamma: 66 val: 0
gamma: 67 val: 1
gamma: 68 val: 0
gamma: 69 val: 0
gamma: 70 val: 1
gamma: 71 val: 1
gamma: 72 val: 1
gamma: 73 val: 1
gamma: 74 val: 1
gamma: 75 val: 1
gamma: 76 val: 1
gamma: 77 val: 1
gamma: 78 val: 1
gamma: 79 val: 1
gamma: 80 val: 1
gamma: 81 val: 1
gamma: 82 val: 1
gamma: 83 val: 1
gamma: 84 val: 1
gamma: 85 val: 1
gamma: 86 val: 1
gamma: 87 val: 1
gamma: 88 val: 1
gamma: 89 val: 1
gamma: 90 val: 1
gamma: 91 val: 1
gamma: 92 val: 0
gamma: 93 val: -5
gamma: 94 val: -13
gamma: 95 val: -20
gamma: 96 val: -2
gamma: 97 val: -5
gamma: 98 val: -6
gamma: 99 val: -4
gamma: 100 val: -4
gamma: 101 val: -4
gamma: 102 val: 0
gamma: 103 val: 1
gamma: 104 val: 1
gamma: 105 val: 1
gamma: 106 val: 1
alpha: 0.0368469
psiStar: 621.356
lagLB: 592.321
||gamma||^2: 788
lambda: 0,1.86,4.12,1.64131,3.65131,1.51,3.83131,3.2,3.65131,2.03131,1.70131,3.95131,11.4313,9.27131,15.7513,7.23131,16.1513,6.69131,7.09131,7.83131,1.03131,1.04131,1.24131,1.33131,1.53131,1.54131,1.61131,1.74131,3.57131,2.03131,2.09131,6.73131,9.51131,10.0813,6.49131,7.63131,10.6213,7.87131,12.3913,8.09131,2.09131,1.89131,3.86,1.68131,2.18131,6.72131,6.18131,1.83131,4.69131,1.95131,2.28,2.53131,2.15131,4.47869,15.9374,3.53131,17.9374,13.9687,13.4374,10.3434,18.0174,2.26131,3.63131,7.08131,10.7813,1.31131,3.23737,1.25131,1.99737,7.83737,17.5813,11.4313,2.41131,5.60131,9.93131,1.61131,5.25131,10.4313,10.0713,5.13131,5.17131,14.2513,7.09131,3.26131,3.13131,5.97131,2.67131,5.11131,8.10131,4.89131,2.09131,6.72131,4.42,17.0434,7.71293,10.5024,3.53737,11.9647,5.97212,13.2747,11.2747,11.9647,1.99737,3.57131,8.09131,10.0713,2.31131,
mu: 
combDuals: 
srcDuals: 
fixed dual: 0
lambda: 0,1.86,4.12,1.64131,3.65131,1.51,3.83131,3.2,3.65131,2.03131,1.70131,3.95131,11.4313,9.27131,15.7513,7.23131,16.1513,6.69131,7.09131,7.83131,1.03131,1.04131,1.24131,1.33131,1.53131,1.54131,1.61131,1.74131,3.57131,2.03131,2.09131,6.73131,9.51131,10.0813,6.49131,7.63131,10.6213,7.87131,12.3913,8.09131,2.09131,1.89131,3.86,1.68131,2.18131,6.72131,6.18131,1.83131,4.69131,1.95131,2.28,2.53131,2.15131,4.47869,15.9374,3.53131,17.9374,13.9687,13.4374,10.3434,18.0174,2.26131,3.63131,7.08131,10.7813,1.31131,3.23737,1.25131,1.99737,7.83737,17.5813,11.4313,2.41131,5.60131,9.93131,1.61131,5.25131,10.4313,10.0713,5.13131,5.17131,14.2513,7.09131,3.26131,3.13131,5.97131,2.67131,5.11131,8.10131,4.89131,2.09131,6.72131,4.42,17.0434,7.71293,10.5024,3.53737,11.9647,5.97212,13.2747,11.2747,11.9647,1.99737,3.57131,8.09131,10.0713,2.31131,
mu: 
combDuals: 
srcDuals: 
fixed dual: 0
Dual needs repair, spl: -20.9396
Dual needs repair, spl: -6.4211
Dual needs repair, spl: -0.0563945
lambda: 0,1.86,4.12,1.64131,3.65131,1.51,3.83131,3.2,3.65131,2.03131,1.70131,3.95131,11.4313,9.27131,15.7513,7.23131,16.1513,6.69131,7.09131,7.83131,1.03131,1.04131,1.24131,1.33131,1.53131,1.54131,1.61131,1.74131,3.57131,2.03131,2.09131,6.73131,9.51131,10.0813,6.49131,7.63131,10.6213,7.87131,12.3913,8.09131,2.09131,1.89131,3.86,1.68131,2.18131,6.72131,6.18131,1.83131,4.69131,1.95131,2.28,2.53131,2.15131,3.94359,15.3972,2.99109,17.3972,13.4285,12.8972,9.80321,17.4772,2.26131,3.63131,7.08131,10.7813,1.31131,2.69715,1.25131,1.45715,7.29715,17.5813,11.4313,2.41131,5.60131,9.93131,1.61131,5.25131,10.4313,10.0713,5.13131,5.17131,14.2513,7.09131,3.26131,3.13131,5.97131,2.67131,5.11131,8.10131,4.89131,2.09131,6.72131,4.42,15.5477,6.21724,9.00673,2.04169,10.4691,4.47644,11.7791,9.77906,10.4691,1.45715,3.57131,8.09131,10.0713,2.31131,
mu: 
combDuals: 
srcDuals: 
fixed dual: 0
STATS - lpIterations[1] lagIterations[2] sspIterations[16] numSeparations[9] numCuts[0] compileTime[6] sspSolveTime[3] lpSolveTime[0] lb[639.562] ub[1348.9] numArcs: [238122] numFixed: [0] time: [78]
STATS1 - lpIterations[1] lagIterations[2] sspIterations[16] numSeparations[9] numCuts[0] compileTime[6] sspSolveTime[3] lpSolveTime[0] repairTime[0] cutsTime[0] alphaTime[0] decompTime[0] yellowTime[0] updateTime[0] fixTime[0] lb[639.562] ub[1348.9] numArcs: [238122] numFixed: [0] time: [78]
lambda: 0,1.86,4.12,1.64131,3.65131,1.51,3.83131,3.2,3.65131,2.03131,1.70131,3.95131,11.4313,9.27131,15.7513,7.23131,16.1513,6.69131,7.09131,7.83131,1.03131,1.04131,1.24131,1.33131,1.53131,1.54131,1.61131,1.74131,3.57131,2.03131,2.09131,6.73131,9.51131,10.0813,6.49131,7.63131,10.6213,7.87131,12.3913,8.09131,2.09131,1.89131,3.86,1.68131,2.18131,6.72131,6.18131,1.83131,4.69131,1.95131,2.28,2.53131,2.15131,3.94359,15.3972,2.99109,17.3972,13.4285,12.8972,9.80321,17.4772,2.26131,3.63131,7.08131,10.7813,1.31131,2.69715,1.25131,1.45715,7.29715,17.5813,11.4313,2.41131,5.60131,9.93131,1.61131,5.25131,10.4313,10.0713,5.13131,5.17131,14.2513,7.09131,3.26131,3.13131,5.97131,2.67131,5.11131,8.10131,4.89131,2.09131,6.72131,4.42,15.5477,6.21724,9.00673,2.04169,10.4691,4.47644,11.7791,9.77906,10.4691,1.45715,3.57131,8.09131,10.0713,2.31131,
mu: 
combDuals: 
srcDuals: 
fixed dual: 0
new best dual from repair, value: 639.562
fixing. lower bound used: 639.562
percent fixed: 1.11611
updating from repair - best lambda arc fixing
separating route arcs: 0 237684 8506 21583 43001 
separating route locations: 1 98 95 94 92 
separating route arcs: 2 237791 237824 237853 237878 97542 120277 123584 153251 178874 
separating route locations: 5 98 95 94 93 97 101 100 99 95 
separating route arcs: 4 237919 8331 
separating route locations: 7 95 94 
separating route arcs: 30 238078 14509 34815 54503 76266 96917 124409 133274 
separating route locations: 57 55 54 53 56 58 60 59 68 
separating route arcs: 49 238130 9546 
separating route locations: 95 96 94 
separating route arcs: 50 238171 238201 97340 120093 123498 153183 178756 
separating route locations: 96 95 93 97 101 100 99 95 
separating route arcs: 52 238243 238276 238304 238323 238342 238360 238372 238383 181796 
separating route locations: 98 95 94 93 97 101 100 99 96 95 
STATS - lpIterations[1] lagIterations[2] sspIterations[16] numSeparations[16] numCuts[0] compileTime[6] sspSolveTime[3] lpSolveTime[0] lb[639.562] ub[1348.9] numArcs: [238623] numFixed: [0] time: [80]
STATS1 - lpIterations[1] lagIterations[2] sspIterations[16] numSeparations[16] numCuts[0] compileTime[6] sspSolveTime[3] lpSolveTime[0] repairTime[0] cutsTime[0] alphaTime[0] decompTime[0] yellowTime[0] updateTime[0] fixTime[0] lb[639.562] ub[1348.9] numArcs: [238623] numFixed: [0] time: [80]
fix with best duals from LAG. Using: 1 duals
lambda: 0,1.86,4.12,1.64131,3.65131,1.51,3.83131,3.2,3.65131,2.03131,1.70131,3.95131,11.4313,9.27131,15.7513,7.23131,16.1513,6.69131,7.09131,7.83131,1.03131,1.04131,1.24131,1.33131,1.53131,1.54131,1.61131,1.74131,3.57131,2.03131,2.09131,6.73131,9.51131,10.0813,6.49131,7.63131,10.6213,7.87131,12.3913,8.09131,2.09131,1.89131,3.86,1.68131,2.18131,6.72131,6.18131,1.83131,4.69131,1.95131,2.28,2.53131,2.15131,3.94359,15.3972,2.99109,17.3972,13.4285,12.8972,9.80321,17.4772,2.26131,3.63131,7.08131,10.7813,1.31131,2.69715,1.25131,1.45715,7.29715,17.5813,11.4313,2.41131,5.60131,9.93131,1.61131,5.25131,10.4313,10.0713,5.13131,5.17131,14.2513,7.09131,3.26131,3.13131,5.97131,2.67131,5.11131,8.10131,4.89131,2.09131,6.72131,4.42,15.5477,6.21724,9.00673,2.04169,10.4691,4.47644,11.7791,9.77906,10.4691,1.45715,3.57131,8.09131,10.0713,2.31131,
mu: 
combDuals: 
srcDuals: 
fixed dual: 0
fixing. lower bound used: 639.562
lag: 620.879
best alpha: 0.055
gamma: 1 val: 0
gamma: 2 val: 0
gamma: 3 val: 0
gamma: 4 val: 1
gamma: 5 val: 0
gamma: 6 val: 1
gamma: 7 val: 1
gamma: 8 val: 1
gamma: 9 val: 1
gamma: 10 val: 1
gamma: 11 val: 1
gamma: 12 val: 1
gamma: 13 val: 1
gamma: 14 val: 1
gamma: 15 val: 1
gamma: 16 val: 1
gamma: 17 val: 1
gamma: 18 val: 1
gamma: 19 val: 1
gamma: 20 val: 1
gamma: 21 val: 1
gamma: 22 val: 1
gamma: 23 val: 1
gamma: 24 val: 1
gamma: 25 val: 1
gamma: 26 val: 1
gamma: 27 val: 1
gamma: 28 val: 1
gamma: 29 val: 1
gamma: 30 val: 1
gamma: 31 val: 1
gamma: 32 val: 1
gamma: 33 val: 1
gamma: 34 val: 1
gamma: 35 val: 1
gamma: 36 val: 1
gamma: 37 val: 1
gamma: 38 val: 1
gamma: 39 val: 1
gamma: 40 val: 1
gamma: 41 val: 1
gamma: 42 val: 1
gamma: 43 val: 1
gamma: 44 val: 1
gamma: 45 val: 1
gamma: 46 val: 1
gamma: 47 val: 1
gamma: 48 val: 1
gamma: 49 val: 1
gamma: 50 val: 1
gamma: 51 val: 1
gamma: 52 val: 1
gamma: 53 val: 1
gamma: 54 val: 0
gamma: 55 val: 0
gamma: 56 val: 0
gamma: 57 val: 0
gamma: 58 val: 0
gamma: 59 val: 0
gamma: 60 val: 0
gamma: 61 val: 1
gamma: 62 val: 1
gamma: 63 val: 1
gamma: 64 val: 1
gamma: 65 val: 1
gamma: 66 val: 0
gamma: 67 val: 1
gamma: 68 val: 0
gamma: 69 val: 0
gamma: 70 val: 1
gamma: 71 val: 1
gamma: 72 val: 1
gamma: 73 val: 1
gamma: 74 val: 1
gamma: 75 val: 1
gamma: 76 val: 1
gamma: 77 val: 1
gamma: 78 val: 1
gamma: 79 val: 1
gamma: 80 val: 1
gamma: 81 val: 1
gamma: 82 val: 1
gamma: 83 val: 1
gamma: 84 val: 1
gamma: 85 val: 1
gamma: 86 val: 1
gamma: 87 val: 1
gamma: 88 val: 1
gamma: 89 val: 1
gamma: 90 val: 1
gamma: 91 val: 1
gamma: 92 val: 1
gamma: 93 val: -3
gamma: 94 val: -7
gamma: 95 val: -11
gamma: 96 val: -1
gamma: 97 val: -3
gamma: 98 val: -5
gamma: 99 val: -3
gamma: 100 val: -3
gamma: 101 val: -3
gamma: 102 val: 0
gamma: 103 val: 1
gamma: 104 val: 1
gamma: 105 val: 1
gamma: 106 val: 1
alpha: 0.0933119
psiStar: 651.019
lagLB: 620.879
||gamma||^2: 323
lambda: 0,1.86,4.15685,1.67816,3.68816,1.51,3.86816,3.2,3.68816,2.06816,1.73816,3.98816,11.4682,9.30816,15.7882,7.26816,16.1882,6.72816,7.12816,7.86816,1.06816,1.07816,1.27816,1.36816,1.56816,1.57816,1.64816,1.77816,3.60816,2.06816,2.12816,6.76816,9.54816,10.1182,6.52816,7.66816,10.6582,7.90816,12.4282,8.12816,2.12816,1.92816,3.89685,1.71816,2.21816,6.75816,6.21816,1.86816,4.72816,1.98816,2.31685,2.56816,2.18816,4.47869,15.9374,3.53131,17.9374,13.9687,13.4374,10.3434,18.0174,2.29816,3.66816,7.11816,10.8182,1.34816,3.23737,1.28816,1.99737,7.83737,17.6182,11.4682,2.44816,5.63816,9.96816,1.64816,5.28816,10.4682,10.1082,5.16816,5.20816,14.2882,7.12816,3.29816,3.16816,6.00816,2.70816,5.14816,8.13816,4.92816,2.12816,6.75816,4.42,16.8592,7.23392,9.76548,3.46368,11.7805,5.75104,13.1274,11.1274,11.8174,1.99737,3.60816,8.12816,10.1082,2.34816,
mu: 
combDuals: 
srcDuals: 
fixed dual: 0
lambda: 0,1.86,4.12,1.64131,3.65131,1.51,3.83131,3.2,3.65131,2.03131,1.70131,3.95131,11.4313,9.27131,15.7513,7.23131,16.1513,6.69131,7.09131,7.83131,1.03131,1.04131,1.24131,1.33131,1.53131,1.54131,1.61131,1.74131,3.57131,2.03131,2.09131,6.73131,9.51131,10.0813,6.49131,7.63131,10.6213,7.87131,12.3913,8.09131,2.09131,1.89131,3.86,1.68131,2.18131,6.72131,6.18131,1.83131,4.69131,1.95131,2.28,2.53131,2.15131,3.94359,15.3972,2.99109,17.3972,13.4285,12.8972,9.80321,17.4772,2.26131,3.63131,7.08131,10.7813,1.31131,2.69715,1.25131,1.45715,7.29715,17.5813,11.4313,2.41131,5.60131,9.93131,1.61131,5.25131,10.4313,10.0713,5.13131,5.17131,14.2513,7.09131,3.26131,3.13131,5.97131,2.67131,5.11131,8.10131,4.89131,2.09131,6.72131,4.42,15.5477,6.21724,9.00673,2.04169,10.4691,4.47644,11.7791,9.77906,10.4691,1.45715,3.57131,8.09131,10.0713,2.31131,
mu: 
combDuals: 
srcDuals: 
fixed dual: 0
separating route arcs: 1 151 
separating route locations: 3 2 
separating route arcs: 0 237682 8331 
separating route locations: 1 95 94 
separating route arcs: 2 237791 237824 237853 237878 238523 238542 238559 238570 238580 182047 
separating route locations: 5 98 95 94 93 97 101 100 99 96 95 
separating route arcs: 30 238078 238649 238680 76206 96866 124367 133004 175650 177279 
separating route locations: 57 55 54 56 58 60 59 68 102 66 
separating route arcs: 52 238241 8418 26264 43002 97542 120277 123584 153251 178874 
separating route locations: 98 96 95 94 93 97 101 100 99 95 
STATS - lpIterations[1] lagIterations[3] sspIterations[21] numSeparations[21] numCuts[0] compileTime[6] sspSolveTime[4] lpSolveTime[0] lb[639.562] ub[1348.9] numArcs: [238972] numFixed: [0] time: [82]
STATS1 - lpIterations[1] lagIterations[3] sspIterations[21] numSeparations[21] numCuts[0] compileTime[6] sspSolveTime[4] lpSolveTime[0] repairTime[0] cutsTime[0] alphaTime[0] decompTime[0] yellowTime[0] updateTime[0] fixTime[1] lb[639.562] ub[1348.9] numArcs: [238972] numFixed: [0] time: [82]
fix with best duals from LAG. Using: 1 duals
lambda: 0,1.86,4.12,1.64131,3.65131,1.51,3.83131,3.2,3.65131,2.03131,1.70131,3.95131,11.4313,9.27131,15.7513,7.23131,16.1513,6.69131,7.09131,7.83131,1.03131,1.04131,1.24131,1.33131,1.53131,1.54131,1.61131,1.74131,3.57131,2.03131,2.09131,6.73131,9.51131,10.0813,6.49131,7.63131,10.6213,7.87131,12.3913,8.09131,2.09131,1.89131,3.86,1.68131,2.18131,6.72131,6.18131,1.83131,4.69131,1.95131,2.28,2.53131,2.15131,3.94359,15.3972,2.99109,17.3972,13.4285,12.8972,9.80321,17.4772,2.26131,3.63131,7.08131,10.7813,1.31131,2.69715,1.25131,1.45715,7.29715,17.5813,11.4313,2.41131,5.60131,9.93131,1.61131,5.25131,10.4313,10.0713,5.13131,5.17131,14.2513,7.09131,3.26131,3.13131,5.97131,2.67131,5.11131,8.10131,4.89131,2.09131,6.72131,4.42,15.5477,6.21724,9.00673,2.04169,10.4691,4.47644,11.7791,9.77906,10.4691,1.45715,3.57131,8.09131,10.0713,2.31131,
mu: 
combDuals: 
srcDuals: 
fixed dual: 0
fixing. lower bound used: 639.562
lag: 649.63
STATS - lpIterations[1] lagIterations[4] sspIterations[24] numSeparations[21] numCuts[0] compileTime[6] sspSolveTime[5] lpSolveTime[0] lb[649.63] ub[1348.9] numArcs: [238961] numFixed: [3133] time: [84]
STATS1 - lpIterations[1] lagIterations[4] sspIterations[24] numSeparations[21] numCuts[0] compileTime[6] sspSolveTime[5] lpSolveTime[0] repairTime[0] cutsTime[0] alphaTime[0] decompTime[0] yellowTime[0] updateTime[0] fixTime[3] lb[649.63] ub[1348.9] numArcs: [238961] numFixed: [3133] time: [84]
lambda: 0,1.86,4.15685,1.67816,3.78147,1.51,3.96147,3.29331,3.78147,2.16147,1.83147,4.08147,11.5615,9.40147,15.8815,7.36147,16.2815,6.82147,7.22147,7.96147,1.16147,1.17147,1.37147,1.46147,1.66147,1.67147,1.74147,1.87147,3.70147,2.16147,2.22147,6.86147,9.64147,10.2115,6.62147,7.76147,10.7515,8.00147,12.5215,8.22147,2.22147,2.02147,3.99016,1.81147,2.31147,6.85147,6.31147,1.96147,4.82147,2.08147,2.41016,2.66147,2.28147,4.572,15.9374,3.53131,17.9374,13.9687,13.4374,10.3434,18.0174,2.39147,3.76147,7.21147,10.9115,1.44147,3.23737,1.38147,1.99737,7.83737,17.7115,11.5615,2.54147,5.73147,10.0615,1.74147,5.38147,10.5615,10.2015,5.26147,5.30147,14.3815,7.22147,3.39147,3.26147,6.10147,2.80147,5.24147,8.23147,5.02147,2.22147,6.85147,4.51331,16.5793,6.58073,8.73905,3.37037,11.5006,5.28448,12.8474,10.8474,11.5374,1.99737,3.70147,8.22147,10.2015,2.44147,
mu: 
combDuals: 
srcDuals: 
fixed dual: 0
new best dual, value: 649.63
added route to primal routes: 0,98,96,95,94,92,93,97,101,100,99,0,
running primal heuristic MIP
primal heuristic num vars: 160
primal heuristic MIP obj: 1272.7
feasible primal routes: 
route: 
0 78 105 79 80 0 
route: 
0 43 40 44 47 0 
route: 
0 13 17 19 16 14 12 0 
route: 
0 20 24 25 27 30 28 103 22 0 
route: 
0 18 15 23 21 0 
route: 
0 42 41 48 51 50 106 52 49 0 
route: 
0 29 26 0 
route: 
0 32 33 31 35 37 38 39 104 36 34 0 
route: 
0 7 8 11 2 1 75 0 
route: 
0 57 55 54 53 56 58 60 59 0 
route: 
0 87 89 0 
route: 
0 5 3 10 9 6 4 0 
route: 
0 65 74 72 64 68 102 0 
route: 
0 90 86 83 82 84 85 88 91 0 
route: 
0 46 45 0 
route: 
0 81 76 71 70 73 77 0 
route: 
0 67 63 62 61 66 69 0 
route: 
0 98 96 95 94 92 93 97 101 100 99 0 
improved ub from MIP primal heuristic: 1272.7
STATS - lpIterations[1] lagIterations[4] sspIterations[24] numSeparations[21] numCuts[0] compileTime[6] sspSolveTime[5] lpSolveTime[0] lb[649.63] ub[1272.7] numArcs: [238961] numFixed: [3133] time: [85]
STATS1 - lpIterations[1] lagIterations[4] sspIterations[24] numSeparations[21] numCuts[0] compileTime[6] sspSolveTime[5] lpSolveTime[0] repairTime[0] cutsTime[0] alphaTime[0] decompTime[0] yellowTime[0] updateTime[0] fixTime[3] lb[649.63] ub[1272.7] numArcs: [238961] numFixed: [3133] time: [85]
num vars: 1021
num vars: 1099
num vars: 811
improved iteration ub from lns primal heuristic: 1254.2
added route to primal routes: 0,78,105,46,45,0,
added route to primal routes: 0,81,76,71,70,73,77,79,80,0,
num vars: 1032
num vars: 1180
num vars: 1174
num vars: 862
num vars: 925
num vars: 802
num vars: 729
num vars: 872
num vars: 908
num vars: 592
num vars: 936
num vars: 990
num vars: 837
improved iteration ub from lns primal heuristic: 1247.8
added route to primal routes: 0,43,40,46,45,0,
improved with intra-route reinsertion
added route to primal routes: 0,42,41,44,48,51,47,0,
added route to primal routes: 0,57,55,54,53,56,58,60,59,50,106,52,49,0,
num vars: 790
num vars: 1186
num vars: 758
num vars: 832
num vars: 864
num vars: 1145
num vars: 742
num vars: 1261
num vars: 736
num vars: 911
num vars: 620
num vars: 1318
num vars: 608
num vars: 1116
improved iteration ub from lns primal heuristic: 1211.5
improved with intra-route reinsertion
added route to primal routes: 0,78,105,82,83,84,85,88,91,0,
added route to primal routes: 0,90,87,86,89,0,
num vars: 896
num vars: 1149
num vars: 945
num vars: 650
num vars: 1267
num vars: 859
num vars: 1094
num vars: 832
num vars: 664
num vars: 841
num vars: 751
num vars: 901
num vars: 589
num vars: 843
num vars: 680
num vars: 833
num vars: 965
num vars: 952
num vars: 903
num vars: 876
num vars: 865
num vars: 1003
num vars: 673
num vars: 1063
num vars: 708
num vars: 883
num vars: 805
num vars: 795
num vars: 1000
num vars: 1095
num vars: 1093
num vars: 1119
num vars: 681
num vars: 707
num vars: 671
num vars: 1009
num vars: 869
num vars: 1286
num vars: 944
num vars: 573
num vars: 936
num vars: 516
num vars: 783
num vars: 845
num vars: 1037
num vars: 729
num vars: 442
num vars: 674
num vars: 628
num vars: 982
updated increasing parameter: 2
num vars: 15082
num vars: 19432
num vars: 19029
num vars: 11352
num vars: 16481
num vars: 11820
num vars: 10848
num vars: 15479
num vars: 16431
num vars: 13882
num vars: 12049
num vars: 15896
num vars: 11275
num vars: 18538
num vars: 15081
num vars: 9412
num vars: 14993
num vars: 8834
num vars: 14337
num vars: 10454
num vars: 15357
improved iteration ub from lns primal heuristic: 1168.2
improved with intra-route reinsertion
added route to primal routes: 0,78,105,82,83,84,85,88,91,0,
added route to primal routes: 0,43,40,44,46,45,47,0,
added route to primal routes: 0,18,15,0,
num vars: 941
num vars: 648
num vars: 796
num vars: 593
num vars: 777
num vars: 600
num vars: 845
num vars: 627
num vars: 741
num vars: 978
num vars: 800
num vars: 1054
num vars: 879
num vars: 917
num vars: 977
num vars: 665
num vars: 876
num vars: 905
num vars: 775
num vars: 804
num vars: 540
num vars: 860
num vars: 746
num vars: 604
num vars: 766
num vars: 947
num vars: 734
num vars: 459
num vars: 971
num vars: 683
num vars: 690
num vars: 549
num vars: 835
num vars: 1089
num vars: 535
num vars: 584
num vars: 519
num vars: 872
num vars: 1010
num vars: 852
num vars: 555
num vars: 669
num vars: 875
num vars: 669
num vars: 700
num vars: 953
num vars: 705
num vars: 927
num vars: 810
num vars: 752
updated increasing parameter: 2
num vars: 14313
num vars: 14429
num vars: 8423
num vars: 11248
num vars: 12931
num vars: 12586
num vars: 25693
num vars: 8609
num vars: 20506
num vars: 17622
num vars: 14839
primal heuristic timeout
best alpha: 0.055
gamma: 1 val: 0
gamma: 2 val: 1
gamma: 3 val: 1
gamma: 4 val: 1
gamma: 5 val: 1
gamma: 6 val: 1
gamma: 7 val: 1
gamma: 8 val: 1
gamma: 9 val: 1
gamma: 10 val: 1
gamma: 11 val: 1
gamma: 12 val: 1
gamma: 13 val: 1
gamma: 14 val: 1
gamma: 15 val: 1
gamma: 16 val: 1
gamma: 17 val: 1
gamma: 18 val: 1
gamma: 19 val: 1
gamma: 20 val: 1
gamma: 21 val: 1
gamma: 22 val: 1
gamma: 23 val: 1
gamma: 24 val: 1
gamma: 25 val: 1
gamma: 26 val: 1
gamma: 27 val: 1
gamma: 28 val: 1
gamma: 29 val: 1
gamma: 30 val: 1
gamma: 31 val: 1
gamma: 32 val: 1
gamma: 33 val: 1
gamma: 34 val: 1
gamma: 35 val: 1
gamma: 36 val: 1
gamma: 37 val: 1
gamma: 38 val: 1
gamma: 39 val: 1
gamma: 40 val: 1
gamma: 41 val: 1
gamma: 42 val: 1
gamma: 43 val: 1
gamma: 44 val: 1
gamma: 45 val: 1
gamma: 46 val: 1
gamma: 47 val: 1
gamma: 48 val: 1
gamma: 49 val: 1
gamma: 50 val: 1
gamma: 51 val: 1
gamma: 52 val: 1
gamma: 53 val: 0
gamma: 54 val: 0
gamma: 55 val: 1
gamma: 56 val: 0
gamma: 57 val: 0
gamma: 58 val: 0
gamma: 59 val: 0
gamma: 60 val: 0
gamma: 61 val: 1
gamma: 62 val: 1
gamma: 63 val: 1
gamma: 64 val: 1
gamma: 65 val: 1
gamma: 66 val: 0
gamma: 67 val: 1
gamma: 68 val: 0
gamma: 69 val: 0
gamma: 70 val: 1
gamma: 71 val: 1
gamma: 72 val: 1
gamma: 73 val: 1
gamma: 74 val: 1
gamma: 75 val: 1
gamma: 76 val: 1
gamma: 77 val: 1
gamma: 78 val: 1
gamma: 79 val: 1
gamma: 80 val: 1
gamma: 81 val: 1
gamma: 82 val: 1
gamma: 83 val: 1
gamma: 84 val: 1
gamma: 85 val: 1
gamma: 86 val: 1
gamma: 87 val: 1
gamma: 88 val: 1
gamma: 89 val: 1
gamma: 90 val: 1
gamma: 91 val: 1
gamma: 92 val: 0
gamma: 93 val: -1
gamma: 94 val: -3
gamma: 95 val: -5
gamma: 96 val: 0
gamma: 97 val: -1
gamma: 98 val: -3
gamma: 99 val: -1
gamma: 100 val: -1
gamma: 101 val: -1
gamma: 102 val: 0
gamma: 103 val: 1
gamma: 104 val: 1
gamma: 105 val: 1
gamma: 106 val: 1
alpha: 0.236608
psiStar: 680.863
lagLB: 649.63
||gamma||^2: 132
lambda: 0,1.86,4.15685,1.67816,3.78147,1.51,3.96147,3.29331,3.78147,2.16147,1.83147,4.08147,11.5615,9.40147,15.8815,7.36147,16.2815,6.82147,7.22147,7.96147,1.16147,1.17147,1.37147,1.46147,1.66147,1.67147,1.74147,1.87147,3.70147,2.16147,2.22147,6.86147,9.64147,10.2115,6.62147,7.76147,10.7515,8.00147,12.5215,8.22147,2.22147,2.02147,3.99016,1.81147,2.31147,6.85147,6.31147,1.96147,4.82147,2.08147,2.41016,2.66147,2.28147,4.572,15.9374,3.53131,17.9374,13.9687,13.4374,10.3434,18.0174,2.39147,3.76147,7.21147,10.9115,1.44147,3.23737,1.38147,1.99737,7.83737,17.7115,11.5615,2.54147,5.73147,10.0615,1.74147,5.38147,10.5615,10.2015,5.26147,5.30147,14.3815,7.22147,3.39147,3.26147,6.10147,2.80147,5.24147,8.23147,5.02147,2.22147,6.85147,4.51331,16.5793,6.58073,8.73905,3.37037,11.5006,5.28448,12.8474,10.8474,11.5374,1.99737,3.70147,8.22147,10.2015,2.44147,
mu: 
combDuals: 
srcDuals: 
fixed dual: 0
lambda: 0,1.86,4.15685,1.67816,3.78147,1.51,3.96147,3.29331,3.78147,2.16147,1.83147,4.08147,11.5615,9.40147,15.8815,7.36147,16.2815,6.82147,7.22147,7.96147,1.16147,1.17147,1.37147,1.46147,1.66147,1.67147,1.74147,1.87147,3.70147,2.16147,2.22147,6.86147,9.64147,10.2115,6.62147,7.76147,10.7515,8.00147,12.5215,8.22147,2.22147,2.02147,3.99016,1.81147,2.31147,6.85147,6.31147,1.96147,4.82147,2.08147,2.41016,2.66147,2.28147,4.572,15.9374,3.53131,17.9374,13.9687,13.4374,10.3434,18.0174,2.39147,3.76147,7.21147,10.9115,1.44147,3.23737,1.38147,1.99737,7.83737,17.7115,11.5615,2.54147,5.73147,10.0615,1.74147,5.38147,10.5615,10.2015,5.26147,5.30147,14.3815,7.22147,3.39147,3.26147,6.10147,2.80147,5.24147,8.23147,5.02147,2.22147,6.85147,4.51331,16.5793,6.58073,8.73905,3.37037,11.5006,5.28448,12.8474,10.8474,11.5374,1.99737,3.70147,8.22147,10.2015,2.44147,
mu: 
combDuals: 
srcDuals: 
fixed dual: 0
separating route arcs: 0 237684 238450 238479 238504 97542 120277 123584 153251 178874 
separating route locations: 1 98 95 94 93 97 101 100 99 95 
separating route arcs: 30 238077 34736 
separating route locations: 57 54 53 
separating route arcs: 52 238241 239135 239164 239188 75257 98043 120369 123627 153285 178933 
separating route locations: 98 96 95 94 92 93 97 101 100 99 95 
STATS - lpIterations[1] lagIterations[4] sspIterations[24] numSeparations[24] numCuts[0] compileTime[6] sspSolveTime[5] lpSolveTime[0] lb[649.63] ub[1168.2] numArcs: [239172] numFixed: [0] time: [116]
STATS1 - lpIterations[1] lagIterations[4] sspIterations[24] numSeparations[24] numCuts[0] compileTime[6] sspSolveTime[5] lpSolveTime[0] repairTime[0] cutsTime[0] alphaTime[0] decompTime[0] yellowTime[0] updateTime[0] fixTime[3] lb[649.63] ub[1168.2] numArcs: [239172] numFixed: [0] time: [116]
fix with best duals from LAG. Using: 1 duals
lambda: 0,1.86,4.12,1.64131,3.65131,1.51,3.83131,3.2,3.65131,2.03131,1.70131,3.95131,11.4313,9.27131,15.7513,7.23131,16.1513,6.69131,7.09131,7.83131,1.03131,1.04131,1.24131,1.33131,1.53131,1.54131,1.61131,1.74131,3.57131,2.03131,2.09131,6.73131,9.51131,10.0813,6.49131,7.63131,10.6213,7.87131,12.3913,8.09131,2.09131,1.89131,3.86,1.68131,2.18131,6.72131,6.18131,1.83131,4.69131,1.95131,2.28,2.53131,2.15131,3.94359,15.3972,2.99109,17.3972,13.4285,12.8972,9.80321,17.4772,2.26131,3.63131,7.08131,10.7813,1.31131,2.69715,1.25131,1.45715,7.29715,17.5813,11.4313,2.41131,5.60131,9.93131,1.61131,5.25131,10.4313,10.0713,5.13131,5.17131,14.2513,7.09131,3.26131,3.13131,5.97131,2.67131,5.11131,8.10131,4.89131,2.09131,6.72131,4.42,15.5477,6.21724,9.00673,2.04169,10.4691,4.47644,11.7791,9.77906,10.4691,1.45715,3.57131,8.09131,10.0713,2.31131,
mu: 
combDuals: 
srcDuals: 
fixed dual: 0
fixing. lower bound used: 639.562
lag: 676.155
STATS - lpIterations[1] lagIterations[5] sspIterations[25] numSeparations[24] numCuts[0] compileTime[6] sspSolveTime[5] lpSolveTime[0] lb[676.155] ub[1168.2] numArcs: [239162] numFixed: [3133] time: [118]
STATS1 - lpIterations[1] lagIterations[5] sspIterations[25] numSeparations[24] numCuts[0] compileTime[6] sspSolveTime[5] lpSolveTime[0] repairTime[0] cutsTime[0] alphaTime[0] decompTime[0] yellowTime[0] updateTime[0] fixTime[5] lb[676.155] ub[1168.2] numArcs: [239162] numFixed: [3133] time: [118]
lambda: 0,1.86,4.39345,1.91477,4.01808,1.74661,4.19808,3.52992,4.01808,2.39808,2.06808,4.31808,11.7981,9.63808,16.1181,7.59808,16.5181,7.05808,7.45808,8.19808,1.39808,1.40808,1.60808,1.69808,1.89808,1.90808,1.97808,2.10808,3.93808,2.39808,2.45808,7.09808,9.87808,10.4481,6.85808,7.99808,10.9881,8.23808,12.7581,8.45808,2.45808,2.25808,4.22677,2.04808,2.54808,7.08808,6.54808,2.19808,5.05808,2.31808,2.64677,2.89808,2.51808,4.572,15.9374,3.76792,17.9374,13.9687,13.4374,10.3434,18.0174,2.62808,3.99808,7.44808,11.1481,1.67808,3.23737,1.61808,1.99737,7.83737,17.9481,11.7981,2.77808,5.96808,10.2981,1.97808,5.61808,10.7981,10.4381,5.49808,5.53808,14.6181,7.45808,3.62808,3.49808,6.33808,3.03808,5.47808,8.46808,5.25808,2.45808,7.08808,4.51331,16.3427,5.87091,7.55601,3.37037,11.264,4.57466,12.6108,10.6108,11.3008,1.99737,3.93808,8.45808,10.4381,2.67808,
mu: 
combDuals: 
srcDuals: 
fixed dual: 0
new best dual, value: 676.155
added route to primal routes: 0,57,54,56,58,60,59,68,102,0,
running primal heuristic MIP
primal heuristic num vars: 171
primal heuristic MIP obj: 1164.2
feasible primal routes: 
route: 
0 13 17 19 16 14 12 0 
route: 
0 20 24 25 27 30 28 103 22 0 
route: 
0 29 26 23 21 0 
route: 
0 42 41 48 51 50 106 52 49 0 
route: 
0 32 33 31 35 37 38 39 104 36 34 0 
route: 
0 7 8 11 2 1 75 0 
route: 
0 57 55 54 53 56 58 60 59 0 
route: 
0 5 3 10 9 6 4 0 
route: 
0 65 74 72 64 68 102 0 
route: 
0 67 63 62 61 66 69 0 
route: 
0 98 96 95 94 92 93 97 101 100 99 0 
route: 
0 81 76 71 70 73 77 79 80 0 
route: 
0 78 105 82 83 84 85 88 91 0 
route: 
0 90 87 86 89 0 
route: 
0 43 40 44 46 45 47 0 
route: 
0 18 15 0 
improved ub from MIP primal heuristic: 1164.2
STATS - lpIterations[1] lagIterations[5] sspIterations[25] numSeparations[24] numCuts[0] compileTime[6] sspSolveTime[5] lpSolveTime[0] lb[676.155] ub[1164.2] numArcs: [239162] numFixed: [3133] time: [118]
STATS1 - lpIterations[1] lagIterations[5] sspIterations[25] numSeparations[24] numCuts[0] compileTime[6] sspSolveTime[5] lpSolveTime[0] repairTime[0] cutsTime[0] alphaTime[0] decompTime[0] yellowTime[0] updateTime[0] fixTime[5] lb[676.155] ub[1164.2] numArcs: [239162] numFixed: [3133] time: [118]
num vars: 517
num vars: 943
num vars: 501
num vars: 522
num vars: 611
num vars: 584
num vars: 661
num vars: 1037
num vars: 1300
num vars: 1076
num vars: 1056
num vars: 532
num vars: 612
num vars: 636
num vars: 566
num vars: 875
num vars: 646
num vars: 731
num vars: 779
num vars: 853
num vars: 425
num vars: 944
num vars: 734
num vars: 855
num vars: 693
num vars: 975
num vars: 931
num vars: 821
num vars: 364
num vars: 605
num vars: 586
num vars: 540
num vars: 489
num vars: 907
num vars: 592
num vars: 910
num vars: 441
num vars: 895
num vars: 1071
num vars: 885
num vars: 929
num vars: 828
num vars: 825
num vars: 1072
num vars: 615
num vars: 789
num vars: 835
num vars: 689
num vars: 939
num vars: 507
updated increasing parameter: 2
num vars: 10253
improved iteration ub from lns primal heuristic: 1089.4
added route to primal routes: 0,13,17,18,19,15,16,14,12,0,
added route to primal routes: 0,7,8,11,6,4,2,1,75,0,
num vars: 997
num vars: 819
num vars: 637
num vars: 832
num vars: 527
num vars: 780
num vars: 1114
num vars: 1107
num vars: 873
num vars: 494
num vars: 636
num vars: 810
num vars: 763
num vars: 691
num vars: 485
num vars: 388
num vars: 683
num vars: 380
num vars: 789
num vars: 1077
num vars: 519
num vars: 709
num vars: 842
num vars: 896
num vars: 552
num vars: 637
num vars: 450
num vars: 617
num vars: 573
num vars: 543
num vars: 813
num vars: 678
num vars: 656
num vars: 768
num vars: 669
num vars: 1226
num vars: 599
num vars: 523
num vars: 690
num vars: 537
num vars: 492
num vars: 589
num vars: 256
num vars: 899
num vars: 767
num vars: 353
num vars: 438
num vars: 653
num vars: 742
num vars: 731
updated increasing parameter: 2
num vars: 4242
num vars: 14775
num vars: 9164
num vars: 10674
num vars: 6146
num vars: 16259
num vars: 17469
num vars: 6636
num vars: 13642
num vars: 5607
num vars: 8438
num vars: 9520
num vars: 7756
num vars: 11396
num vars: 8442
num vars: 10279
num vars: 8013
num vars: 5106
num vars: 7791
num vars: 12069
num vars: 4632
num vars: 14962
num vars: 10685
num vars: 12382
num vars: 5097
num vars: 9099
num vars: 7164
num vars: 6878
num vars: 6640
num vars: 8258
num vars: 5536
num vars: 7366
num vars: 8717
num vars: 12131
num vars: 8137
num vars: 10365
num vars: 9162
num vars: 10976
num vars: 7591
num vars: 4009
num vars: 3203
num vars: 4526
num vars: 5311
num vars: 9516
num vars: 6915
num vars: 6237
num vars: 5447
primal heuristic timeout
best alpha: 0.055
gamma: 1 val: 1
gamma: 2 val: 1
gamma: 3 val: 1
gamma: 4 val: 1
gamma: 5 val: 1
gamma: 6 val: 1
gamma: 7 val: 1
gamma: 8 val: 1
gamma: 9 val: 1
gamma: 10 val: 1
gamma: 11 val: 1
gamma: 12 val: 1
gamma: 13 val: 1
gamma: 14 val: 1
gamma: 15 val: 1
gamma: 16 val: 1
gamma: 17 val: 1
gamma: 18 val: 1
gamma: 19 val: 1
gamma: 20 val: 1
gamma: 21 val: 1
gamma: 22 val: 1
gamma: 23 val: 1
gamma: 24 val: 1
gamma: 25 val: 1
gamma: 26 val: 1
gamma: 27 val: 1
gamma: 28 val: 1
gamma: 29 val: 1
gamma: 30 val: 1
gamma: 31 val: 1
gamma: 32 val: 1
gamma: 33 val: 1
gamma: 34 val: 1
gamma: 35 val: 1
gamma: 36 val: 1
gamma: 37 val: 1
gamma: 38 val: 1
gamma: 39 val: 1
gamma: 40 val: 1
gamma: 41 val: 1
gamma: 42 val: 1
gamma: 43 val: 1
gamma: 44 val: 1
gamma: 45 val: 1
gamma: 46 val: 1
gamma: 47 val: 1
gamma: 48 val: 1
gamma: 49 val: 1
gamma: 50 val: 1
gamma: 51 val: 1
gamma: 52 val: 1
gamma: 53 val: 1
gamma: 54 val: 0
gamma: 55 val: 1
gamma: 56 val: 0
gamma: 57 val: 0
gamma: 58 val: 0
gamma: 59 val: 0
gamma: 60 val: 0
gamma: 61 val: 1
gamma: 62 val: 1
gamma: 63 val: 1
gamma: 64 val: 1
gamma: 65 val: 1
gamma: 66 val: 0
gamma: 67 val: 1
gamma: 68 val: 0
gamma: 69 val: 0
gamma: 70 val: 1
gamma: 71 val: 1
gamma: 72 val: 1
gamma: 73 val: 1
gamma: 74 val: 1
gamma: 75 val: 1
gamma: 76 val: 1
gamma: 77 val: 1
gamma: 78 val: 1
gamma: 79 val: 1
gamma: 80 val: 1
gamma: 81 val: 1
gamma: 82 val: 1
gamma: 83 val: 1
gamma: 84 val: 1
gamma: 85 val: 1
gamma: 86 val: 1
gamma: 87 val: 1
gamma: 88 val: 1
gamma: 89 val: 1
gamma: 90 val: 1
gamma: 91 val: 1
gamma: 92 val: 1
gamma: 93 val: 1
gamma: 94 val: 1
gamma: 95 val: 1
gamma: 96 val: 1
gamma: 97 val: 1
gamma: 98 val: 1
gamma: 99 val: 1
gamma: 100 val: 1
gamma: 101 val: 1
gamma: 102 val: 0
gamma: 103 val: 1
gamma: 104 val: 1
gamma: 105 val: 1
gamma: 106 val: 1
alpha: 0.335394
psiStar: 708.353
lagLB: 676.155
||gamma||^2: 96
lambda: 0,1.86,4.39345,1.91477,4.01808,1.74661,4.19808,3.52992,4.01808,2.39808,2.06808,4.31808,11.7981,9.63808,16.1181,7.59808,16.5181,7.05808,7.45808,8.19808,1.39808,1.40808,1.60808,1.69808,1.89808,1.90808,1.97808,2.10808,3.93808,2.39808,2.45808,7.09808,9.87808,10.4481,6.85808,7.99808,10.9881,8.23808,12.7581,8.45808,2.45808,2.25808,4.22677,2.04808,2.54808,7.08808,6.54808,2.19808,5.05808,2.31808,2.64677,2.89808,2.51808,4.572,15.9374,3.76792,17.9374,13.9687,13.4374,10.3434,18.0174,2.62808,3.99808,7.44808,11.1481,1.67808,3.23737,1.61808,1.99737,7.83737,17.9481,11.7981,2.77808,5.96808,10.2981,1.97808,5.61808,10.7981,10.4381,5.49808,5.53808,14.6181,7.45808,3.62808,3.49808,6.33808,3.03808,5.47808,8.46808,5.25808,2.45808,7.08808,4.51331,16.3427,5.87091,7.55601,3.37037,11.264,4.57466,12.6108,10.6108,11.3008,1.99737,3.93808,8.45808,10.4381,2.67808,
mu: 
combDuals: 
srcDuals: 
fixed dual: 0
lambda: 0,1.86,4.39345,1.91477,4.01808,1.74661,4.19808,3.52992,4.01808,2.39808,2.06808,4.31808,11.7981,9.63808,16.1181,7.59808,16.5181,7.05808,7.45808,8.19808,1.39808,1.40808,1.60808,1.69808,1.89808,1.90808,1.97808,2.10808,3.93808,2.39808,2.45808,7.09808,9.87808,10.4481,6.85808,7.99808,10.9881,8.23808,12.7581,8.45808,2.45808,2.25808,4.22677,2.04808,2.54808,7.08808,6.54808,2.19808,5.05808,2.31808,2.64677,2.89808,2.51808,4.572,15.9374,3.76792,17.9374,13.9687,13.4374,10.3434,18.0174,2.62808,3.99808,7.44808,11.1481,1.67808,3.23737,1.61808,1.99737,7.83737,17.9481,11.7981,2.77808,5.96808,10.2981,1.97808,5.61808,10.7981,10.4381,5.49808,5.53808,14.6181,7.45808,3.62808,3.49808,6.33808,3.03808,5.47808,8.46808,5.25808,2.45808,7.08808,4.51331,16.3427,5.87091,7.55601,3.37037,11.264,4.57466,12.6108,10.6108,11.3008,1.99737,3.93808,8.45808,10.4381,2.67808,
mu: 
combDuals: 
srcDuals: 
fixed dual: 0
separating route arcs: 30 238077 239371 76146 96815 124325 132734 175581 177248 
separating route locations: 57 54 56 58 60 59 68 102 66 
STATS - lpIterations[1] lagIterations[5] sspIterations[25] numSeparations[25] numCuts[0] compileTime[6] sspSolveTime[5] lpSolveTime[0] lb[676.155] ub[1089.4] numArcs: [239269] numFixed: [0] time: [149]
STATS1 - lpIterations[1] lagIterations[5] sspIterations[25] numSeparations[25] numCuts[0] compileTime[6] sspSolveTime[5] lpSolveTime[0] repairTime[0] cutsTime[0] alphaTime[0] decompTime[0] yellowTime[0] updateTime[0] fixTime[5] lb[676.155] ub[1089.4] numArcs: [239269] numFixed: [0] time: [149]
fix with best duals from LAG. Using: 1 duals
lambda: 0,1.86,4.12,1.64131,3.65131,1.51,3.83131,3.2,3.65131,2.03131,1.70131,3.95131,11.4313,9.27131,15.7513,7.23131,16.1513,6.69131,7.09131,7.83131,1.03131,1.04131,1.24131,1.33131,1.53131,1.54131,1.61131,1.74131,3.57131,2.03131,2.09131,6.73131,9.51131,10.0813,6.49131,7.63131,10.6213,7.87131,12.3913,8.09131,2.09131,1.89131,3.86,1.68131,2.18131,6.72131,6.18131,1.83131,4.69131,1.95131,2.28,2.53131,2.15131,3.94359,15.3972,2.99109,17.3972,13.4285,12.8972,9.80321,17.4772,2.26131,3.63131,7.08131,10.7813,1.31131,2.69715,1.25131,1.45715,7.29715,17.5813,11.4313,2.41131,5.60131,9.93131,1.61131,5.25131,10.4313,10.0713,5.13131,5.17131,14.2513,7.09131,3.26131,3.13131,5.97131,2.67131,5.11131,8.10131,4.89131,2.09131,6.72131,4.42,15.5477,6.21724,9.00673,2.04169,10.4691,4.47644,11.7791,9.77906,10.4691,1.45715,3.57131,8.09131,10.0713,2.31131,
mu: 
combDuals: 
srcDuals: 
fixed dual: 0
fixing. lower bound used: 639.562
lag: 700.974
STATS - lpIterations[1] lagIterations[6] sspIterations[32] numSeparations[25] numCuts[0] compileTime[6] sspSolveTime[6] lpSolveTime[0] lb[700.974] ub[1089.4] numArcs: [239191] numFixed: [3133] time: [152]
STATS1 - lpIterations[1] lagIterations[6] sspIterations[32] numSeparations[25] numCuts[0] compileTime[6] sspSolveTime[6] lpSolveTime[0] repairTime[0] cutsTime[0] alphaTime[0] decompTime[0] yellowTime[0] updateTime[0] fixTime[6] lb[700.974] ub[1089.4] numArcs: [239191] numFixed: [3133] time: [152]
lambda: 0,2.19539,4.72885,2.25016,4.35347,2.082,4.53347,3.86531,4.35347,2.73347,2.40347,4.65347,12.1335,9.97347,16.4535,7.93347,16.8535,7.39347,7.79347,8.53347,1.73347,1.74347,1.94347,2.03347,2.23347,2.24347,2.31347,2.44347,4.27347,2.73347,2.79347,7.43347,10.2135,10.7835,7.19347,8.33347,11.3235,8.57347,13.0935,8.79347,2.79347,2.59347,4.56216,2.38347,2.88347,7.42347,6.88347,2.53347,5.39347,2.65347,2.98216,3.23347,2.85347,4.90739,15.9374,4.10332,17.9374,13.9687,13.4374,10.3434,18.0174,2.96347,4.33347,7.78347,11.4835,2.01347,3.23737,1.95347,1.99737,7.83737,18.2835,12.1335,3.11347,6.30347,10.6335,2.31347,5.95347,11.1335,10.7735,5.83347,5.87347,14.9535,7.79347,3.96347,3.83347,6.67347,3.37347,5.81347,8.80347,5.59347,2.79347,7.42347,4.84871,16.678,6.2063,7.8914,3.70576,11.5994,4.91005,12.9462,10.9462,11.6362,1.99737,4.27347,8.79347,10.7735,3.01347,
mu: 
combDuals: 
srcDuals: 
fixed dual: 0
new best dual, value: 700.974
added route to primal routes: 0,57,55,54,53,56,58,60,59,50,106,0,
added route to primal routes: 0,67,65,63,62,74,72,61,64,68,102,66,69,0,
running primal heuristic MIP
primal heuristic num vars: 175
primal heuristic MIP obj: 1046.5
feasible primal routes: 
route: 
0 5 3 10 9 0 
route: 
0 20 24 25 27 30 28 103 22 0 
route: 
0 29 26 23 21 0 
route: 
0 42 41 48 51 50 106 52 49 0 
route: 
0 32 33 31 35 37 38 39 104 36 34 0 
route: 
0 57 55 54 53 56 58 60 59 0 
route: 
0 98 96 95 94 92 93 97 101 100 99 0 
route: 
0 81 76 71 70 73 77 79 80 0 
route: 
0 78 105 82 83 84 85 88 91 0 
route: 
0 90 87 86 89 0 
route: 
0 43 40 44 46 45 47 0 
route: 
0 13 17 18 19 15 16 14 12 0 
route: 
0 7 8 11 6 4 2 1 75 0 
route: 
0 67 65 63 62 74 72 61 64 68 102 66 69 0 
improved ub from MIP primal heuristic: 1046.5
STATS - lpIterations[1] lagIterations[6] sspIterations[32] numSeparations[25] numCuts[0] compileTime[6] sspSolveTime[6] lpSolveTime[0] lb[700.974] ub[1046.5] numArcs: [239191] numFixed: [3133] time: [152]
STATS1 - lpIterations[1] lagIterations[6] sspIterations[32] numSeparations[25] numCuts[0] compileTime[6] sspSolveTime[6] lpSolveTime[0] repairTime[0] cutsTime[0] alphaTime[0] decompTime[0] yellowTime[0] updateTime[0] fixTime[6] lb[700.974] ub[1046.5] numArcs: [239191] numFixed: [3133] time: [152]
num vars: 718
num vars: 708
num vars: 500
num vars: 550
num vars: 1032
num vars: 515
num vars: 481
num vars: 627
num vars: 837
num vars: 529
num vars: 642
num vars: 787
num vars: 684
num vars: 760
num vars: 469
num vars: 430
num vars: 716
num vars: 655
num vars: 943
num vars: 647
num vars: 582
num vars: 721
num vars: 584
num vars: 457
num vars: 504
num vars: 775
num vars: 515
num vars: 362
num vars: 453
num vars: 425
num vars: 446
num vars: 486
num vars: 386
num vars: 758
num vars: 405
num vars: 706
num vars: 681
num vars: 1018
num vars: 785
num vars: 504
num vars: 342
num vars: 535
num vars: 608
num vars: 435
num vars: 587
num vars: 495
num vars: 487
num vars: 712
num vars: 745
num vars: 486
updated increasing parameter: 2
num vars: 6168
num vars: 8230
num vars: 3732
num vars: 6151
num vars: 7058
num vars: 4483
num vars: 6787
num vars: 6422
num vars: 7212
num vars: 7022
num vars: 10615
num vars: 3777
improved iteration ub from lns primal heuristic: 1043.8
added route to primal routes: 0,42,41,46,45,48,51,50,106,52,49,0,
num vars: 578
num vars: 362
num vars: 636
num vars: 641
num vars: 923
num vars: 1216
num vars: 393
num vars: 659
num vars: 443
num vars: 606
num vars: 688
num vars: 401
num vars: 737
num vars: 385
num vars: 582
num vars: 278
num vars: 342
num vars: 355
num vars: 551
num vars: 454
num vars: 778
num vars: 517
num vars: 393
num vars: 620
num vars: 524
num vars: 893
num vars: 452
num vars: 861
num vars: 556
num vars: 647
num vars: 547
num vars: 629
num vars: 627
num vars: 722
num vars: 686
num vars: 398
num vars: 422
num vars: 535
num vars: 554
num vars: 569
num vars: 502
num vars: 793
num vars: 338
num vars: 559
num vars: 618
num vars: 575
num vars: 631
num vars: 623
num vars: 546
num vars: 683
updated increasing parameter: 2
num vars: 7308
num vars: 4956
num vars: 4785
num vars: 8773
num vars: 7254
num vars: 2289
num vars: 4261
num vars: 2546
num vars: 5013
num vars: 2196
num vars: 5512
num vars: 11961
num vars: 6975
num vars: 4357
num vars: 7700
num vars: 6315
num vars: 3849
num vars: 6653
num vars: 4667
num vars: 5082
num vars: 5396
num vars: 5817
num vars: 5206
num vars: 6979
num vars: 4122
num vars: 8460
num vars: 4555
num vars: 5141
num vars: 8951
num vars: 8206
num vars: 9119
num vars: 5277
num vars: 8077
num vars: 4911
num vars: 8070
num vars: 4448
num vars: 6621
num vars: 7843
num vars: 5778
num vars: 5465
num vars: 3401
num vars: 6132
num vars: 5248
num vars: 4229
num vars: 7855
num vars: 4274
primal heuristic timeout
best alpha: 0.055
gamma: 1 val: -1
gamma: 2 val: 0
gamma: 3 val: 0
gamma: 4 val: 1
gamma: 5 val: 0
gamma: 6 val: 1
gamma: 7 val: 1
gamma: 8 val: 1
gamma: 9 val: 1
gamma: 10 val: 1
gamma: 11 val: 1
gamma: 12 val: 1
gamma: 13 val: 1
gamma: 14 val: 1
gamma: 15 val: 1
gamma: 16 val: 1
gamma: 17 val: 1
gamma: 18 val: 1
gamma: 19 val: 1
gamma: 20 val: 1
gamma: 21 val: 0
gamma: 22 val: 0
gamma: 23 val: 1
gamma: 24 val: 1
gamma: 25 val: 1
gamma: 26 val: 1
gamma: 27 val: 1
gamma: 28 val: 1
gamma: 29 val: 1
gamma: 30 val: 1
gamma: 31 val: 0
gamma: 32 val: 0
gamma: 33 val: 0
gamma: 34 val: 0
gamma: 35 val: 0
gamma: 36 val: 0
gamma: 37 val: 0
gamma: 38 val: 0
gamma: 39 val: 0
gamma: 40 val: 1
gamma: 41 val: 1
gamma: 42 val: 1
gamma: 43 val: 0
gamma: 44 val: 1
gamma: 45 val: 1
gamma: 46 val: 1
gamma: 47 val: 0
gamma: 48 val: -10
gamma: 49 val: 1
gamma: 50 val: -12
gamma: 51 val: 1
gamma: 52 val: 1
gamma: 53 val: -2
gamma: 54 val: -2
gamma: 55 val: -1
gamma: 56 val: -2
gamma: 57 val: -1
gamma: 58 val: -2
gamma: 59 val: -3
gamma: 60 val: -2
gamma: 61 val: 0
gamma: 62 val: 0
gamma: 63 val: 0
gamma: 64 val: 0
gamma: 65 val: 0
gamma: 66 val: 0
gamma: 67 val: 0
gamma: 68 val: 0
gamma: 69 val: 0
gamma: 70 val: 1
gamma: 71 val: 1
gamma: 72 val: 0
gamma: 73 val: 1
gamma: 74 val: 0
gamma: 75 val: 1
gamma: 76 val: 1
gamma: 77 val: 1
gamma: 78 val: 1
gamma: 79 val: 1
gamma: 80 val: 1
gamma: 81 val: 1
gamma: 82 val: 1
gamma: 83 val: 1
gamma: 84 val: 1
gamma: 85 val: 1
gamma: 86 val: 1
gamma: 87 val: 1
gamma: 88 val: 1
gamma: 89 val: 1
gamma: 90 val: 1
gamma: 91 val: 1
gamma: 92 val: 0
gamma: 93 val: -1
gamma: 94 val: -2
gamma: 95 val: -3
gamma: 96 val: -1
gamma: 97 val: -1
gamma: 98 val: -2
gamma: 99 val: -1
gamma: 100 val: -1
gamma: 101 val: -1
gamma: 102 val: 0
gamma: 103 val: 1
gamma: 104 val: 0
gamma: 105 val: 1
gamma: 106 val: -2
alpha: 0.0923598
psiStar: 734.039
lagLB: 700.974
||gamma||^2: 358
lambda: 0,2.19539,4.72885,2.25016,4.35347,2.082,4.53347,3.86531,4.35347,2.73347,2.40347,4.65347,12.1335,9.97347,16.4535,7.93347,16.8535,7.39347,7.79347,8.53347,1.73347,1.74347,1.94347,2.03347,2.23347,2.24347,2.31347,2.44347,4.27347,2.73347,2.79347,7.43347,10.2135,10.7835,7.19347,8.33347,11.3235,8.57347,13.0935,8.79347,2.79347,2.59347,4.56216,2.38347,2.88347,7.42347,6.88347,2.53347,5.39347,2.65347,2.98216,3.23347,2.85347,4.90739,15.9374,4.10332,17.9374,13.9687,13.4374,10.3434,18.0174,2.96347,4.33347,7.78347,11.4835,2.01347,3.23737,1.95347,1.99737,7.83737,18.2835,12.1335,3.11347,6.30347,10.6335,2.31347,5.95347,11.1335,10.7735,5.83347,5.87347,14.9535,7.79347,3.96347,3.83347,6.67347,3.37347,5.81347,8.80347,5.59347,2.79347,7.42347,4.84871,16.678,6.2063,7.8914,3.70576,11.5994,4.91005,12.9462,10.9462,11.6362,1.99737,4.27347,8.79347,10.7735,3.01347,
mu: 
combDuals: 
srcDuals: 
fixed dual: 0
lambda: 0,2.19539,4.72885,2.25016,4.35347,2.082,4.53347,3.86531,4.35347,2.73347,2.40347,4.65347,12.1335,9.97347,16.4535,7.93347,16.8535,7.39347,7.79347,8.53347,1.73347,1.74347,1.94347,2.03347,2.23347,2.24347,2.31347,2.44347,4.27347,2.73347,2.79347,7.43347,10.2135,10.7835,7.19347,8.33347,11.3235,8.57347,13.0935,8.79347,2.79347,2.59347,4.56216,2.38347,2.88347,7.42347,6.88347,2.53347,5.39347,2.65347,2.98216,3.23347,2.85347,4.90739,15.9374,4.10332,17.9374,13.9687,13.4374,10.3434,18.0174,2.96347,4.33347,7.78347,11.4835,2.01347,3.23737,1.95347,1.99737,7.83737,18.2835,12.1335,3.11347,6.30347,10.6335,2.31347,5.95347,11.1335,10.7735,5.83347,5.87347,14.9535,7.79347,3.96347,3.83347,6.67347,3.37347,5.81347,8.80347,5.59347,2.79347,7.42347,4.84871,16.678,6.2063,7.8914,3.70576,11.5994,4.91005,12.9462,10.9462,11.6362,1.99737,4.27347,8.79347,10.7735,3.01347,
mu: 
combDuals: 
srcDuals: 
fixed dual: 0
separating route arcs: 0 237684 238448 21663 46772 63910 97643 120369 123627 153285 178933 
separating route locations: 1 98 96 95 94 93 97 101 100 99 95 
separating route arcs: 17 4670 13797 24121 54010 59344 99260 125447 128828 153990 172481 
separating route locations: 32 33 31 35 37 38 39 104 36 34 22 
separating route arcs: 23 4133 
separating route locations: 43 59 
separating route arcs: 26 238014 238036 14596 34894 54573 76326 96968 124451 133538 
separating route locations: 50 57 55 54 53 56 58 60 59 48 
separating route arcs: 30 238078 238649 238681 238709 238732 238752 238768 238775 162450 172834 
separating route locations: 57 55 54 53 56 58 60 59 50 106 48 
separating route arcs: 52 238241 239135 239164 239188 239406 239424 239442 239457 239468 239469 187525 
separating route locations: 98 96 95 94 92 93 97 101 100 99 1 2 
STATS - lpIterations[1] lagIterations[6] sspIterations[32] numSeparations[31] numCuts[0] compileTime[6] sspSolveTime[6] lpSolveTime[0] lb[700.974] ub[1043.8] numArcs: [239827] numFixed: [0] time: [184]
STATS1 - lpIterations[1] lagIterations[6] sspIterations[32] numSeparations[31] numCuts[0] compileTime[6] sspSolveTime[6] lpSolveTime[0] repairTime[0] cutsTime[0] alphaTime[0] decompTime[0] yellowTime[0] updateTime[0] fixTime[6] lb[700.974] ub[1043.8] numArcs: [239827] numFixed: [0] time: [184]
fix with best duals from LAG. Using: 1 duals
lambda: 0,1.86,4.12,1.64131,3.65131,1.51,3.83131,3.2,3.65131,2.03131,1.70131,3.95131,11.4313,9.27131,15.7513,7.23131,16.1513,6.69131,7.09131,7.83131,1.03131,1.04131,1.24131,1.33131,1.53131,1.54131,1.61131,1.74131,3.57131,2.03131,2.09131,6.73131,9.51131,10.0813,6.49131,7.63131,10.6213,7.87131,12.3913,8.09131,2.09131,1.89131,3.86,1.68131,2.18131,6.72131,6.18131,1.83131,4.69131,1.95131,2.28,2.53131,2.15131,3.94359,15.3972,2.99109,17.3972,13.4285,12.8972,9.80321,17.4772,2.26131,3.63131,7.08131,10.7813,1.31131,2.69715,1.25131,1.45715,7.29715,17.5813,11.4313,2.41131,5.60131,9.93131,1.61131,5.25131,10.4313,10.0713,5.13131,5.17131,14.2513,7.09131,3.26131,3.13131,5.97131,2.67131,5.11131,8.10131,4.89131,2.09131,6.72131,4.42,15.5477,6.21724,9.00673,2.04169,10.4691,4.47644,11.7791,9.77906,10.4691,1.45715,3.57131,8.09131,10.0713,2.31131,
mu: 
combDuals: 
srcDuals: 
fixed dual: 0
fixing. lower bound used: 639.562
lag: 712.169
STATS - lpIterations[1] lagIterations[7] sspIterations[34] numSeparations[31] numCuts[0] compileTime[6] sspSolveTime[6] lpSolveTime[0] lb[712.169] ub[1043.8] numArcs: [239822] numFixed: [3579] time: [185]
STATS1 - lpIterations[1] lagIterations[7] sspIterations[34] numSeparations[31] numCuts[0] compileTime[6] sspSolveTime[6] lpSolveTime[0] repairTime[0] cutsTime[0] alphaTime[0] decompTime[0] yellowTime[0] updateTime[0] fixTime[8] lb[712.169] ub[1043.8] numArcs: [239822] numFixed: [3579] time: [185]
lambda: 0,2.10303,4.72885,2.25016,4.44583,2.082,4.62583,3.95767,4.44583,2.82583,2.49583,4.74583,12.2258,10.0658,16.5458,8.02583,16.9458,7.48583,7.88583,8.62583,1.82583,1.74347,1.94347,2.12583,2.32583,2.33583,2.40583,2.53583,4.36583,2.82583,2.88583,7.43347,10.2135,10.7835,7.19347,8.33347,11.3235,8.57347,13.0935,8.79347,2.88583,2.68583,4.65452,2.38347,2.97583,7.51583,6.97583,2.53347,4.46988,2.74583,1.87384,3.32583,2.94583,4.72267,15.7527,4.01096,17.7527,13.8763,13.2527,10.0664,17.8327,2.96347,4.33347,7.78347,11.4835,2.01347,3.23737,1.95347,1.99737,7.83737,18.3758,12.2258,3.11347,6.39583,10.6335,2.40583,6.04583,11.2258,10.8658,5.92583,5.96583,15.0458,7.88583,4.05583,3.92583,6.76583,3.46583,5.90583,8.89583,5.68583,2.88583,7.51583,4.84871,16.5857,6.02158,7.61433,3.6134,11.507,4.72533,12.8538,10.8538,11.5438,1.99737,4.36583,8.79347,10.8658,2.82875,
mu: 
combDuals: 
srcDuals: 
fixed dual: 0
new best dual, value: 712.169
improved with intra-route reinsertion
added route to primal routes: 0,98,96,95,94,92,93,97,101,100,99,0,
running primal heuristic MIP
primal heuristic num vars: 177
primal heuristic MIP obj: 1043.8
feasible primal routes: 
route: 
0 43 40 44 47 0 
route: 
0 5 3 10 9 0 
route: 
0 20 24 25 27 30 28 103 22 0 
route: 
0 29 26 23 21 0 
route: 
0 32 33 31 35 37 38 39 104 36 34 0 
route: 
0 57 55 54 53 56 58 60 59 0 
route: 
0 98 96 95 94 92 93 97 101 100 99 0 
route: 
0 81 76 71 70 73 77 79 80 0 
route: 
0 78 105 82 83 84 85 88 91 0 
route: 
0 90 87 86 89 0 
route: 
0 13 17 18 19 15 16 14 12 0 
route: 
0 7 8 11 6 4 2 1 75 0 
route: 
0 67 65 63 62 74 72 61 64 68 102 66 69 0 
route: 
0 42 41 46 45 48 51 50 106 52 49 0 
best alpha: 0.055
gamma: 1 val: 0
gamma: 2 val: 0
gamma: 3 val: 0
gamma: 4 val: 1
gamma: 5 val: 0
gamma: 6 val: 1
gamma: 7 val: 1
gamma: 8 val: 1
gamma: 9 val: 1
gamma: 10 val: 1
gamma: 11 val: 1
gamma: 12 val: 1
gamma: 13 val: 1
gamma: 14 val: 1
gamma: 15 val: 1
gamma: 16 val: 1
gamma: 17 val: 1
gamma: 18 val: 1
gamma: 19 val: 1
gamma: 20 val: 1
gamma: 21 val: 1
gamma: 22 val: 1
gamma: 23 val: 1
gamma: 24 val: 1
gamma: 25 val: 1
gamma: 26 val: 1
gamma: 27 val: 1
gamma: 28 val: 1
gamma: 29 val: 1
gamma: 30 val: 1
gamma: 31 val: 1
gamma: 32 val: 1
gamma: 33 val: 1
gamma: 34 val: 1
gamma: 35 val: 1
gamma: 36 val: 1
gamma: 37 val: 1
gamma: 38 val: 1
gamma: 39 val: 1
gamma: 40 val: 1
gamma: 41 val: 1
gamma: 42 val: 1
gamma: 43 val: 1
gamma: 44 val: 1
gamma: 45 val: 1
gamma: 46 val: 1
gamma: 47 val: 1
gamma: 48 val: 1
gamma: 49 val: 1
gamma: 50 val: 1
gamma: 51 val: 1
gamma: 52 val: 1
gamma: 53 val: 1
gamma: 54 val: 1
gamma: 55 val: 1
gamma: 56 val: 1
gamma: 57 val: 1
gamma: 58 val: 1
gamma: 59 val: 1
gamma: 60 val: 1
gamma: 61 val: 0
gamma: 62 val: 0
gamma: 63 val: 0
gamma: 64 val: 0
gamma: 65 val: 0
gamma: 66 val: 0
gamma: 67 val: 0
gamma: 68 val: 0
gamma: 69 val: 0
gamma: 70 val: 1
gamma: 71 val: 1
gamma: 72 val: 0
gamma: 73 val: 1
gamma: 74 val: 0
gamma: 75 val: 1
gamma: 76 val: 1
gamma: 77 val: 1
gamma: 78 val: 1
gamma: 79 val: 1
gamma: 80 val: 1
gamma: 81 val: 1
gamma: 82 val: 1
gamma: 83 val: 1
gamma: 84 val: 1
gamma: 85 val: 1
gamma: 86 val: 1
gamma: 87 val: 1
gamma: 88 val: 1
gamma: 89 val: 1
gamma: 90 val: 1
gamma: 91 val: 1
gamma: 92 val: 0
gamma: 93 val: 0
gamma: 94 val: 0
gamma: 95 val: 0
gamma: 96 val: 0
gamma: 97 val: 0
gamma: 98 val: 0
gamma: 99 val: 0
gamma: 100 val: 0
gamma: 101 val: 0
gamma: 102 val: 0
gamma: 103 val: 1
gamma: 104 val: 1
gamma: 105 val: 1
gamma: 106 val: 1
alpha: 0.415987
psiStar: 745.448
lagLB: 712.169
||gamma||^2: 80
lambda: 0,2.10303,4.72885,2.25016,4.44583,2.082,4.62583,3.95767,4.44583,2.82583,2.49583,4.74583,12.2258,10.0658,16.5458,8.02583,16.9458,7.48583,7.88583,8.62583,1.82583,1.74347,1.94347,2.12583,2.32583,2.33583,2.40583,2.53583,4.36583,2.82583,2.88583,7.43347,10.2135,10.7835,7.19347,8.33347,11.3235,8.57347,13.0935,8.79347,2.88583,2.68583,4.65452,2.38347,2.97583,7.51583,6.97583,2.53347,4.46988,2.74583,1.87384,3.32583,2.94583,4.72267,15.7527,4.01096,17.7527,13.8763,13.2527,10.0664,17.8327,2.96347,4.33347,7.78347,11.4835,2.01347,3.23737,1.95347,1.99737,7.83737,18.3758,12.2258,3.11347,6.39583,10.6335,2.40583,6.04583,11.2258,10.8658,5.92583,5.96583,15.0458,7.88583,4.05583,3.92583,6.76583,3.46583,5.90583,8.89583,5.68583,2.88583,7.51583,4.84871,16.5857,6.02158,7.61433,3.6134,11.507,4.72533,12.8538,10.8538,11.5438,1.99737,4.36583,8.79347,10.8658,2.82875,
mu: 
combDuals: 
srcDuals: 
fixed dual: 0
lambda: 0,2.10303,4.72885,2.25016,4.44583,2.082,4.62583,3.95767,4.44583,2.82583,2.49583,4.74583,12.2258,10.0658,16.5458,8.02583,16.9458,7.48583,7.88583,8.62583,1.82583,1.74347,1.94347,2.12583,2.32583,2.33583,2.40583,2.53583,4.36583,2.82583,2.88583,7.43347,10.2135,10.7835,7.19347,8.33347,11.3235,8.57347,13.0935,8.79347,2.88583,2.68583,4.65452,2.38347,2.97583,7.51583,6.97583,2.53347,4.46988,2.74583,1.87384,3.32583,2.94583,4.72267,15.7527,4.01096,17.7527,13.8763,13.2527,10.0664,17.8327,2.96347,4.33347,7.78347,11.4835,2.01347,3.23737,1.95347,1.99737,7.83737,18.3758,12.2258,3.11347,6.39583,10.6335,2.40583,6.04583,11.2258,10.8658,5.92583,5.96583,15.0458,7.88583,4.05583,3.92583,6.76583,3.46583,5.90583,8.89583,5.68583,2.88583,7.51583,4.84871,16.5857,6.02158,7.61433,3.6134,11.507,4.72533,12.8538,10.8538,11.5438,1.99737,4.36583,8.79347,10.8658,2.82875,
mu: 
combDuals: 
srcDuals: 
fixed dual: 0
separating route arcs: 52 238243 238273 26187 43001 75257 98043 120369 123627 153285 178908 
separating route locations: 98 95 96 94 92 93 97 101 100 99 2 
STATS - lpIterations[1] lagIterations[7] sspIterations[34] numSeparations[32] numCuts[0] compileTime[6] sspSolveTime[6] lpSolveTime[0] lb[712.169] ub[1043.8] numArcs: [239970] numFixed: [0] time: [186]
STATS1 - lpIterations[1] lagIterations[7] sspIterations[34] numSeparations[32] numCuts[0] compileTime[6] sspSolveTime[6] lpSolveTime[0] repairTime[0] cutsTime[0] alphaTime[0] decompTime[0] yellowTime[0] updateTime[0] fixTime[8] lb[712.169] ub[1043.8] numArcs: [239970] numFixed: [0] time: [186]
fix with best duals from LAG. Using: 1 duals
lambda: 0,1.86,4.12,1.64131,3.65131,1.51,3.83131,3.2,3.65131,2.03131,1.70131,3.95131,11.4313,9.27131,15.7513,7.23131,16.1513,6.69131,7.09131,7.83131,1.03131,1.04131,1.24131,1.33131,1.53131,1.54131,1.61131,1.74131,3.57131,2.03131,2.09131,6.73131,9.51131,10.0813,6.49131,7.63131,10.6213,7.87131,12.3913,8.09131,2.09131,1.89131,3.86,1.68131,2.18131,6.72131,6.18131,1.83131,4.69131,1.95131,2.28,2.53131,2.15131,3.94359,15.3972,2.99109,17.3972,13.4285,12.8972,9.80321,17.4772,2.26131,3.63131,7.08131,10.7813,1.31131,2.69715,1.25131,1.45715,7.29715,17.5813,11.4313,2.41131,5.60131,9.93131,1.61131,5.25131,10.4313,10.0713,5.13131,5.17131,14.2513,7.09131,3.26131,3.13131,5.97131,2.67131,5.11131,8.10131,4.89131,2.09131,6.72131,4.42,15.5477,6.21724,9.00673,2.04169,10.4691,4.47644,11.7791,9.77906,10.4691,1.45715,3.57131,8.09131,10.0713,2.31131,
mu: 
combDuals: 
srcDuals: 
fixed dual: 0
fixing. lower bound used: 639.562
lag: 733.148
STATS - lpIterations[1] lagIterations[8] sspIterations[40] numSeparations[32] numCuts[0] compileTime[6] sspSolveTime[7] lpSolveTime[0] lb[733.148] ub[1043.8] numArcs: [239928] numFixed: [3579] time: [188]
STATS1 - lpIterations[1] lagIterations[8] sspIterations[40] numSeparations[32] numCuts[0] compileTime[6] sspSolveTime[7] lpSolveTime[0] repairTime[0] cutsTime[0] alphaTime[0] decompTime[0] yellowTime[0] updateTime[0] fixTime[10] lb[733.148] ub[1043.8] numArcs: [239928] numFixed: [3579] time: [188]
lambda: 0,2.10303,4.72885,2.25016,4.86182,2.082,5.04182,4.37366,4.86182,3.24182,2.91182,5.16182,12.6418,10.4818,16.9618,8.44182,17.3618,7.90182,8.30182,9.04182,2.24182,2.15946,2.35946,2.54182,2.74182,2.75182,2.82182,2.95182,4.78182,3.24182,3.30182,7.84946,10.6295,11.1995,7.60946,8.74946,11.7395,8.98946,13.5095,9.20946,3.30182,3.10182,5.07051,2.79946,3.39182,7.93182,7.39182,2.94946,4.88586,3.16182,2.28983,3.74182,3.36182,5.13866,16.1686,4.42694,18.1686,14.2923,13.6686,10.4823,18.2486,2.96347,4.33347,7.78347,11.4835,2.01347,3.23737,1.95347,1.99737,7.83737,18.7918,12.6418,3.11347,6.81182,10.6335,2.82182,6.46182,11.6418,11.2818,6.34182,6.38182,15.4618,8.30182,4.47182,4.34182,7.18182,3.88182,6.32182,9.31182,6.10182,3.30182,7.93182,4.84871,16.5857,6.02158,7.61433,3.6134,11.507,4.72533,12.8538,10.8538,11.5438,1.99737,4.78182,9.20946,11.2818,3.24474,
mu: 
combDuals: 
srcDuals: 
fixed dual: 0
new best dual, value: 733.148
best alpha: 0.055
gamma: 1 val: -1
gamma: 2 val: 0
gamma: 3 val: -2
gamma: 4 val: 0
gamma: 5 val: -1
gamma: 6 val: 1
gamma: 7 val: -4
gamma: 8 val: 1
gamma: 9 val: 1
gamma: 10 val: 1
gamma: 11 val: 1
gamma: 12 val: 0
gamma: 13 val: 0
gamma: 14 val: 0
gamma: 15 val: 0
gamma: 16 val: 0
gamma: 17 val: 0
gamma: 18 val: 0
gamma: 19 val: 0
gamma: 20 val: 1
gamma: 21 val: 0
gamma: 22 val: 0
gamma: 23 val: 1
gamma: 24 val: 1
gamma: 25 val: 1
gamma: 26 val: 1
gamma: 27 val: 1
gamma: 28 val: 1
gamma: 29 val: 1
gamma: 30 val: 1
gamma: 31 val: 1
gamma: 32 val: 0
gamma: 33 val: 0
gamma: 34 val: 0
gamma: 35 val: 0
gamma: 36 val: 0
gamma: 37 val: -1
gamma: 38 val: 0
gamma: 39 val: 0
gamma: 40 val: 1
gamma: 41 val: 1
gamma: 42 val: 1
gamma: 43 val: 1
gamma: 44 val: 1
gamma: 45 val: 1
gamma: 46 val: 1
gamma: 47 val: 0
gamma: 48 val: 0
gamma: 49 val: 0
gamma: 50 val: -3
gamma: 51 val: 0
gamma: 52 val: 1
gamma: 53 val: 1
gamma: 54 val: -1
gamma: 55 val: -1
gamma: 56 val: -1
gamma: 57 val: -1
gamma: 58 val: -1
gamma: 59 val: -1
gamma: 60 val: -1
gamma: 61 val: 1
gamma: 62 val: 1
gamma: 63 val: 1
gamma: 64 val: 1
gamma: 65 val: 1
gamma: 66 val: 0
gamma: 67 val: 1
gamma: 68 val: 0
gamma: 69 val: 0
gamma: 70 val: 1
gamma: 71 val: 1
gamma: 72 val: 1
gamma: 73 val: 1
gamma: 74 val: 1
gamma: 75 val: 1
gamma: 76 val: 1
gamma: 77 val: 1
gamma: 78 val: 1
gamma: 79 val: 1
gamma: 80 val: 1
gamma: 81 val: 1
gamma: 82 val: 1
gamma: 83 val: 1
gamma: 84 val: 1
gamma: 85 val: 1
gamma: 86 val: 1
gamma: 87 val: 1
gamma: 88 val: 1
gamma: 89 val: 1
gamma: 90 val: 1
gamma: 91 val: 1
gamma: 92 val: 0
gamma: 93 val: -1
gamma: 94 val: -1
gamma: 95 val: -1
gamma: 96 val: -1
gamma: 97 val: -1
gamma: 98 val: -1
gamma: 99 val: -1
gamma: 100 val: -1
gamma: 101 val: -1
gamma: 102 val: 0
gamma: 103 val: 1
gamma: 104 val: 0
gamma: 105 val: 1
gamma: 106 val: 0
alpha: 0.332765
psiStar: 767.09
lagLB: 733.148
||gamma||^2: 102
lambda: 0,2.10303,4.72885,2.25016,4.86182,2.082,5.04182,4.37366,4.86182,3.24182,2.91182,5.16182,12.6418,10.4818,16.9618,8.44182,17.3618,7.90182,8.30182,9.04182,2.24182,2.15946,2.35946,2.54182,2.74182,2.75182,2.82182,2.95182,4.78182,3.24182,3.30182,7.84946,10.6295,11.1995,7.60946,8.74946,11.7395,8.98946,13.5095,9.20946,3.30182,3.10182,5.07051,2.79946,3.39182,7.93182,7.39182,2.94946,4.88586,3.16182,2.28983,3.74182,3.36182,5.13866,16.1686,4.42694,18.1686,14.2923,13.6686,10.4823,18.2486,2.96347,4.33347,7.78347,11.4835,2.01347,3.23737,1.95347,1.99737,7.83737,18.7918,12.6418,3.11347,6.81182,10.6335,2.82182,6.46182,11.6418,11.2818,6.34182,6.38182,15.4618,8.30182,4.47182,4.34182,7.18182,3.88182,6.32182,9.31182,6.10182,3.30182,7.93182,4.84871,16.5857,6.02158,7.61433,3.6134,11.507,4.72533,12.8538,10.8538,11.5438,1.99737,4.78182,9.20946,11.2818,3.24474,
mu: 
combDuals: 
srcDuals: 
fixed dual: 0
lambda: 0,2.10303,4.72885,2.25016,4.86182,2.082,5.04182,4.37366,4.86182,3.24182,2.91182,5.16182,12.6418,10.4818,16.9618,8.44182,17.3618,7.90182,8.30182,9.04182,2.24182,2.15946,2.35946,2.54182,2.74182,2.75182,2.82182,2.95182,4.78182,3.24182,3.30182,7.84946,10.6295,11.1995,7.60946,8.74946,11.7395,8.98946,13.5095,9.20946,3.30182,3.10182,5.07051,2.79946,3.39182,7.93182,7.39182,2.94946,4.88586,3.16182,2.28983,3.74182,3.36182,5.13866,16.1686,4.42694,18.1686,14.2923,13.6686,10.4823,18.2486,2.96347,4.33347,7.78347,11.4835,2.01347,3.23737,1.95347,1.99737,7.83737,18.7918,12.6418,3.11347,6.81182,10.6335,2.82182,6.46182,11.6418,11.2818,6.34182,6.38182,15.4618,8.30182,4.47182,4.34182,7.18182,3.88182,6.32182,9.31182,6.10182,3.30182,7.93182,4.84871,16.5857,6.02158,7.61433,3.6134,11.507,4.72533,12.8538,10.8538,11.5438,1.99737,4.78182,9.20946,11.2818,3.24474,
mu: 
combDuals: 
srcDuals: 
fixed dual: 0
separating route arcs: 4 237922 8507 21663 46772 63910 97643 120369 123627 153285 178908 
separating route locations: 7 98 96 95 94 93 97 101 100 99 2 
separating route arcs: 6 4476 14739 30507 53378 75767 97558 127913 148620 
separating route locations: 13 17 18 19 15 16 14 12 4 
separating route arcs: 17 239860 239873 24283 
separating route locations: 32 33 37 35 
separating route arcs: 26 238014 238036 240128 240145 76266 96917 124409 133274 175719 177310 
separating route locations: 50 57 55 54 56 58 60 59 68 102 66 
separating route arcs: 30 238078 238649 238680 239023 239044 239061 239068 162064 
separating route locations: 57 55 54 56 58 60 59 50 51 
separating route arcs: 52 238241 239135 239164 239188 239406 239424 239442 239457 239468 239469 240287 205970 227075 
separating route locations: 98 96 95 94 92 93 97 101 100 99 1 3 7 5 
STATS - lpIterations[1] lagIterations[8] sspIterations[40] numSeparations[38] numCuts[0] compileTime[6] sspSolveTime[7] lpSolveTime[0] lb[733.148] ub[1043.8] numArcs: [240474] numFixed: [0] time: [189]
STATS1 - lpIterations[1] lagIterations[8] sspIterations[40] numSeparations[38] numCuts[0] compileTime[6] sspSolveTime[7] lpSolveTime[0] repairTime[0] cutsTime[0] alphaTime[0] decompTime[0] yellowTime[0] updateTime[0] fixTime[10] lb[733.148] ub[1043.8] numArcs: [240474] numFixed: [0] time: [189]
fix with best duals from LAG. Using: 1 duals
lambda: 0,1.86,4.12,1.64131,3.65131,1.51,3.83131,3.2,3.65131,2.03131,1.70131,3.95131,11.4313,9.27131,15.7513,7.23131,16.1513,6.69131,7.09131,7.83131,1.03131,1.04131,1.24131,1.33131,1.53131,1.54131,1.61131,1.74131,3.57131,2.03131,2.09131,6.73131,9.51131,10.0813,6.49131,7.63131,10.6213,7.87131,12.3913,8.09131,2.09131,1.89131,3.86,1.68131,2.18131,6.72131,6.18131,1.83131,4.69131,1.95131,2.28,2.53131,2.15131,3.94359,15.3972,2.99109,17.3972,13.4285,12.8972,9.80321,17.4772,2.26131,3.63131,7.08131,10.7813,1.31131,2.69715,1.25131,1.45715,7.29715,17.5813,11.4313,2.41131,5.60131,9.93131,1.61131,5.25131,10.4313,10.0713,5.13131,5.17131,14.2513,7.09131,3.26131,3.13131,5.97131,2.67131,5.11131,8.10131,4.89131,2.09131,6.72131,4.42,15.5477,6.21724,9.00673,2.04169,10.4691,4.47644,11.7791,9.77906,10.4691,1.45715,3.57131,8.09131,10.0713,2.31131,
mu: 
combDuals: 
srcDuals: 
fixed dual: 0
fixing. lower bound used: 639.562
lag: 749.11
STATS - lpIterations[1] lagIterations[9] sspIterations[43] numSeparations[38] numCuts[0] compileTime[6] sspSolveTime[8] lpSolveTime[0] lb[749.11] ub[1043.8] numArcs: [240456] numFixed: [3672] time: [191]
STATS1 - lpIterations[1] lagIterations[9] sspIterations[43] numSeparations[38] numCuts[0] compileTime[6] sspSolveTime[8] lpSolveTime[0] repairTime[0] cutsTime[0] alphaTime[0] decompTime[0] yellowTime[0] updateTime[0] fixTime[11] lb[749.11] ub[1043.8] numArcs: [240456] numFixed: [3672] time: [191]
lambda: 0,1.77027,4.72885,1.58463,4.86182,1.74924,5.37459,3.0426,5.19459,3.57459,3.24459,5.49459,12.6418,10.4818,16.9618,8.44182,17.3618,7.90182,8.30182,9.04182,2.57459,2.15946,2.35946,2.87459,3.07459,3.08459,3.15459,3.28459,5.11459,3.57459,3.63459,8.18223,10.6295,11.1995,7.60946,8.74946,11.7395,8.6567,13.5095,9.20946,3.63459,3.43459,5.40327,3.13223,3.72459,8.26459,7.72459,2.94946,4.88586,3.16182,1.29153,3.74182,3.69459,5.47143,15.8359,4.09418,17.8359,13.9595,13.3359,10.1496,17.9159,3.29624,4.66624,8.11624,11.8162,2.34624,3.23737,2.28624,1.99737,7.83737,19.1246,12.9746,3.44624,7.14459,10.9662,3.15459,6.79459,11.9746,11.6146,6.67459,6.71459,15.7946,8.63459,4.80459,4.67459,7.51459,4.21459,6.65459,9.64459,6.43459,3.63459,8.26459,4.84871,16.2529,5.68882,7.28156,3.28064,11.1742,4.39256,12.5211,10.5211,11.2111,1.99737,5.11459,9.20946,11.6146,3.24474,
mu: 
combDuals: 
srcDuals: 
fixed dual: 0
new best dual, value: 749.11
best alpha: 0.055
gamma: 1 val: 1
gamma: 2 val: 1
gamma: 3 val: 1
gamma: 4 val: 1
gamma: 5 val: 1
gamma: 6 val: 1
gamma: 7 val: 1
gamma: 8 val: 1
gamma: 9 val: 1
gamma: 10 val: 1
gamma: 11 val: 1
gamma: 12 val: 1
gamma: 13 val: 1
gamma: 14 val: 1
gamma: 15 val: 1
gamma: 16 val: 1
gamma: 17 val: 1
gamma: 18 val: 1
gamma: 19 val: 1
gamma: 20 val: 1
gamma: 21 val: 1
gamma: 22 val: 1
gamma: 23 val: 1
gamma: 24 val: 1
gamma: 25 val: 1
gamma: 26 val: 1
gamma: 27 val: 1
gamma: 28 val: 1
gamma: 29 val: 1
gamma: 30 val: 1
gamma: 31 val: 0
gamma: 32 val: 0
gamma: 33 val: 0
gamma: 34 val: 0
gamma: 35 val: 0
gamma: 36 val: 0
gamma: 37 val: 0
gamma: 38 val: 0
gamma: 39 val: 0
gamma: 40 val: 1
gamma: 41 val: 1
gamma: 42 val: 1
gamma: 43 val: 1
gamma: 44 val: 1
gamma: 45 val: 1
gamma: 46 val: 1
gamma: 47 val: 0
gamma: 48 val: 1
gamma: 49 val: 0
gamma: 50 val: 0
gamma: 51 val: 1
gamma: 52 val: 0
gamma: 53 val: 1
gamma: 54 val: 1
gamma: 55 val: 1
gamma: 56 val: 1
gamma: 57 val: 1
gamma: 58 val: 1
gamma: 59 val: 1
gamma: 60 val: 1
gamma: 61 val: -1
gamma: 62 val: -1
gamma: 63 val: -1
gamma: 64 val: -1
gamma: 65 val: -1
gamma: 66 val: -1
gamma: 67 val: 0
gamma: 68 val: -1
gamma: 69 val: -1
gamma: 70 val: 1
gamma: 71 val: 1
gamma: 72 val: -1
gamma: 73 val: 1
gamma: 74 val: -1
gamma: 75 val: 1
gamma: 76 val: 1
gamma: 77 val: 1
gamma: 78 val: 1
gamma: 79 val: 1
gamma: 80 val: 1
gamma: 81 val: 1
gamma: 82 val: 1
gamma: 83 val: 1
gamma: 84 val: 1
gamma: 85 val: 1
gamma: 86 val: 1
gamma: 87 val: 1
gamma: 88 val: 1
gamma: 89 val: 1
gamma: 90 val: 1
gamma: 91 val: 1
gamma: 92 val: 1
gamma: 93 val: 1
gamma: 94 val: 1
gamma: 95 val: 1
gamma: 96 val: 1
gamma: 97 val: 1
gamma: 98 val: 1
gamma: 99 val: 1
gamma: 100 val: 1
gamma: 101 val: 1
gamma: 102 val: -1
gamma: 103 val: 1
gamma: 104 val: 0
gamma: 105 val: 1
gamma: 106 val: 0
alpha: 0.381809
psiStar: 783.473
lagLB: 749.11
||gamma||^2: 90
lambda: 0,1.77027,4.72885,1.58463,4.86182,1.74924,5.37459,3.0426,5.19459,3.57459,3.24459,5.49459,12.6418,10.4818,16.9618,8.44182,17.3618,7.90182,8.30182,9.04182,2.57459,2.15946,2.35946,2.87459,3.07459,3.08459,3.15459,3.28459,5.11459,3.57459,3.63459,8.18223,10.6295,11.1995,7.60946,8.74946,11.7395,8.6567,13.5095,9.20946,3.63459,3.43459,5.40327,3.13223,3.72459,8.26459,7.72459,2.94946,4.88586,3.16182,1.29153,3.74182,3.69459,5.47143,15.8359,4.09418,17.8359,13.9595,13.3359,10.1496,17.9159,3.29624,4.66624,8.11624,11.8162,2.34624,3.23737,2.28624,1.99737,7.83737,19.1246,12.9746,3.44624,7.14459,10.9662,3.15459,6.79459,11.9746,11.6146,6.67459,6.71459,15.7946,8.63459,4.80459,4.67459,7.51459,4.21459,6.65459,9.64459,6.43459,3.63459,8.26459,4.84871,16.2529,5.68882,7.28156,3.28064,11.1742,4.39256,12.5211,10.5211,11.2111,1.99737,5.11459,9.20946,11.6146,3.24474,
mu: 
combDuals: 
srcDuals: 
fixed dual: 0
lambda: 0,1.77027,4.72885,1.58463,4.86182,1.74924,5.37459,3.0426,5.19459,3.57459,3.24459,5.49459,12.6418,10.4818,16.9618,8.44182,17.3618,7.90182,8.30182,9.04182,2.57459,2.15946,2.35946,2.87459,3.07459,3.08459,3.15459,3.28459,5.11459,3.57459,3.63459,8.18223,10.6295,11.1995,7.60946,8.74946,11.7395,8.6567,13.5095,9.20946,3.63459,3.43459,5.40327,3.13223,3.72459,8.26459,7.72459,2.94946,4.88586,3.16182,1.29153,3.74182,3.69459,5.47143,15.8359,4.09418,17.8359,13.9595,13.3359,10.1496,17.9159,3.29624,4.66624,8.11624,11.8162,2.34624,3.23737,2.28624,1.99737,7.83737,19.1246,12.9746,3.44624,7.14459,10.9662,3.15459,6.79459,11.9746,11.6146,6.67459,6.71459,15.7946,8.63459,4.80459,4.67459,7.51459,4.21459,6.65459,9.64459,6.43459,3.63459,8.26459,4.84871,16.2529,5.68882,7.28156,3.28064,11.1742,4.39256,12.5211,10.5211,11.2111,1.99737,5.11459,9.20946,11.6146,3.24474,
mu: 
combDuals: 
srcDuals: 
fixed dual: 0
separating route arcs: 17 239860 239895 239924 239950 239971 239990 240009 240024 240036 240042 187904 206263 217956 
separating route locations: 32 33 31 35 37 38 39 104 36 34 52 50 106 49 
separating route arcs: 34 5593 19561 36765 55653 63508 
separating route locations: 65 63 62 74 72 61 
STATS - lpIterations[1] lagIterations[9] sspIterations[43] numSeparations[40] numCuts[0] compileTime[6] sspSolveTime[8] lpSolveTime[0] lb[749.11] ub[1043.8] numArcs: [240646] numFixed: [0] time: [191]
STATS1 - lpIterations[1] lagIterations[9] sspIterations[43] numSeparations[40] numCuts[0] compileTime[6] sspSolveTime[8] lpSolveTime[0] repairTime[0] cutsTime[0] alphaTime[0] decompTime[0] yellowTime[0] updateTime[0] fixTime[11] lb[749.11] ub[1043.8] numArcs: [240646] numFixed: [0] time: [191]
fix with best duals from LAG. Using: 1 duals
lambda: 0,1.86,4.12,1.64131,3.65131,1.51,3.83131,3.2,3.65131,2.03131,1.70131,3.95131,11.4313,9.27131,15.7513,7.23131,16.1513,6.69131,7.09131,7.83131,1.03131,1.04131,1.24131,1.33131,1.53131,1.54131,1.61131,1.74131,3.57131,2.03131,2.09131,6.73131,9.51131,10.0813,6.49131,7.63131,10.6213,7.87131,12.3913,8.09131,2.09131,1.89131,3.86,1.68131,2.18131,6.72131,6.18131,1.83131,4.69131,1.95131,2.28,2.53131,2.15131,3.94359,15.3972,2.99109,17.3972,13.4285,12.8972,9.80321,17.4772,2.26131,3.63131,7.08131,10.7813,1.31131,2.69715,1.25131,1.45715,7.29715,17.5813,11.4313,2.41131,5.60131,9.93131,1.61131,5.25131,10.4313,10.0713,5.13131,5.17131,14.2513,7.09131,3.26131,3.13131,5.97131,2.67131,5.11131,8.10131,4.89131,2.09131,6.72131,4.42,15.5477,6.21724,9.00673,2.04169,10.4691,4.47644,11.7791,9.77906,10.4691,1.45715,3.57131,8.09131,10.0713,2.31131,
mu: 
combDuals: 
srcDuals: 
fixed dual: 0
fixing. lower bound used: 639.562
lag: 770.838
STATS - lpIterations[1] lagIterations[10] sspIterations[49] numSeparations[40] numCuts[0] compileTime[6] sspSolveTime[8] lpSolveTime[0] lb[770.838] ub[1043.8] numArcs: [240621] numFixed: [3845] time: [193]
STATS1 - lpIterations[1] lagIterations[10] sspIterations[49] numSeparations[40] numCuts[0] compileTime[6] sspSolveTime[8] lpSolveTime[0] repairTime[0] cutsTime[0] alphaTime[0] decompTime[0] yellowTime[0] updateTime[0] fixTime[13] lb[770.838] ub[1043.8] numArcs: [240621] numFixed: [3845] time: [193]
lambda: 0,2.15208,5.11066,1.96644,5.24363,2.13105,5.7564,3.42441,5.5764,3.9564,3.6264,5.8764,13.0236,10.8636,17.3436,8.82363,17.7436,8.28363,8.68363,9.42363,2.9564,2.54127,2.74127,3.2564,3.4564,3.4664,3.5364,3.6664,5.4964,3.9564,4.0164,8.18223,10.6295,11.1995,7.60946,8.74946,11.7395,8.6567,13.5095,9.20946,4.0164,3.8164,5.78508,3.51404,4.1064,8.6464,8.1064,2.94946,5.26767,3.16182,1.29153,4.12363,3.69459,5.85323,16.2177,4.47599,18.2177,14.3414,13.7177,10.5314,18.2977,2.91443,4.28443,7.73443,11.4344,1.96443,2.85556,2.28624,1.61556,7.45556,19.5064,13.3564,3.06443,7.5264,10.5844,3.5364,7.1764,12.3564,11.9964,7.0564,7.0964,16.1764,9.0164,5.1864,5.0564,7.8964,4.5964,7.0364,10.0264,6.8164,4.0164,8.6464,5.23052,16.6347,6.07063,7.66337,3.66245,11.556,4.77437,12.9029,10.9029,11.5929,1.61556,5.4964,9.20946,11.9964,3.24474,
mu: 
combDuals: 
srcDuals: 
fixed dual: 0
new best dual, value: 770.838
best alpha: 0.055
gamma: 1 val: -1
gamma: 2 val: 0
gamma: 3 val: -1
gamma: 4 val: 0
gamma: 5 val: -2
gamma: 6 val: 1
gamma: 7 val: 0
gamma: 8 val: 1
gamma: 9 val: 1
gamma: 10 val: 1
gamma: 11 val: 1
gamma: 12 val: -1
gamma: 13 val: 0
gamma: 14 val: 0
gamma: 15 val: 1
gamma: 16 val: 0
gamma: 17 val: 0
gamma: 18 val: 0
gamma: 19 val: 0
gamma: 20 val: 1
gamma: 21 val: 1
gamma: 22 val: 1
gamma: 23 val: 1
gamma: 24 val: 1
gamma: 25 val: 1
gamma: 26 val: 1
gamma: 27 val: 1
gamma: 28 val: 1
gamma: 29 val: 1
gamma: 30 val: 1
gamma: 31 val: 0
gamma: 32 val: 0
gamma: 33 val: 0
gamma: 34 val: 0
gamma: 35 val: 0
gamma: 36 val: 0
gamma: 37 val: 0
gamma: 38 val: 0
gamma: 39 val: 0
gamma: 40 val: 1
gamma: 41 val: 1
gamma: 42 val: 1
gamma: 43 val: 1
gamma: 44 val: 1
gamma: 45 val: 1
gamma: 46 val: 1
gamma: 47 val: 0
gamma: 48 val: 1
gamma: 49 val: 0
gamma: 50 val: 0
gamma: 51 val: 1
gamma: 52 val: 0
gamma: 53 val: 0
gamma: 54 val: 0
gamma: 55 val: 0
gamma: 56 val: 0
gamma: 57 val: 0
gamma: 58 val: 0
gamma: 59 val: 0
gamma: 60 val: 0
gamma: 61 val: 1
gamma: 62 val: 1
gamma: 63 val: 1
gamma: 64 val: 1
gamma: 65 val: 1
gamma: 66 val: 1
gamma: 67 val: 1
gamma: 68 val: 1
gamma: 69 val: 1
gamma: 70 val: 0
gamma: 71 val: 0
gamma: 72 val: 1
gamma: 73 val: 0
gamma: 74 val: 1
gamma: 75 val: -1
gamma: 76 val: 0
gamma: 77 val: 0
gamma: 78 val: 0
gamma: 79 val: 0
gamma: 80 val: 1
gamma: 81 val: 0
gamma: 82 val: 0
gamma: 83 val: 0
gamma: 84 val: 1
gamma: 85 val: 0
gamma: 86 val: 1
gamma: 87 val: 1
gamma: 88 val: 1
gamma: 89 val: 1
gamma: 90 val: 0
gamma: 91 val: -1
gamma: 92 val: 0
gamma: 93 val: -1
gamma: 94 val: -1
gamma: 95 val: -1
gamma: 96 val: 0
gamma: 97 val: -1
gamma: 98 val: -1
gamma: 99 val: -1
gamma: 100 val: -1
gamma: 101 val: -1
gamma: 102 val: 1
gamma: 103 val: 1
gamma: 104 val: 0
gamma: 105 val: 0
gamma: 106 val: 0
alpha: 0.56513
psiStar: 805.876
lagLB: 770.838
||gamma||^2: 62
lambda: 0,2.15208,5.11066,1.96644,5.24363,2.13105,5.7564,3.42441,5.5764,3.9564,3.6264,5.8764,13.0236,10.8636,17.3436,8.82363,17.7436,8.28363,8.68363,9.42363,2.9564,2.54127,2.74127,3.2564,3.4564,3.4664,3.5364,3.6664,5.4964,3.9564,4.0164,8.18223,10.6295,11.1995,7.60946,8.74946,11.7395,8.6567,13.5095,9.20946,4.0164,3.8164,5.78508,3.51404,4.1064,8.6464,8.1064,2.94946,5.26767,3.16182,1.29153,4.12363,3.69459,5.85323,16.2177,4.47599,18.2177,14.3414,13.7177,10.5314,18.2977,2.91443,4.28443,7.73443,11.4344,1.96443,2.85556,2.28624,1.61556,7.45556,19.5064,13.3564,3.06443,7.5264,10.5844,3.5364,7.1764,12.3564,11.9964,7.0564,7.0964,16.1764,9.0164,5.1864,5.0564,7.8964,4.5964,7.0364,10.0264,6.8164,4.0164,8.6464,5.23052,16.6347,6.07063,7.66337,3.66245,11.556,4.77437,12.9029,10.9029,11.5929,1.61556,5.4964,9.20946,11.9964,3.24474,
mu: 
combDuals: 
srcDuals: 
fixed dual: 0
lambda: 0,2.15208,5.11066,1.96644,5.24363,2.13105,5.7564,3.42441,5.5764,3.9564,3.6264,5.8764,13.0236,10.8636,17.3436,8.82363,17.7436,8.28363,8.68363,9.42363,2.9564,2.54127,2.74127,3.2564,3.4564,3.4664,3.5364,3.6664,5.4964,3.9564,4.0164,8.18223,10.6295,11.1995,7.60946,8.74946,11.7395,8.6567,13.5095,9.20946,4.0164,3.8164,5.78508,3.51404,4.1064,8.6464,8.1064,2.94946,5.26767,3.16182,1.29153,4.12363,3.69459,5.85323,16.2177,4.47599,18.2177,14.3414,13.7177,10.5314,18.2977,2.91443,4.28443,7.73443,11.4344,1.96443,2.85556,2.28624,1.61556,7.45556,19.5064,13.3564,3.06443,7.5264,10.5844,3.5364,7.1764,12.3564,11.9964,7.0564,7.0964,16.1764,9.0164,5.1864,5.0564,7.8964,4.5964,7.0364,10.0264,6.8164,4.0164,8.6464,5.23052,16.6347,6.07063,7.66337,3.66245,11.556,4.77437,12.9029,10.9029,11.5929,1.61556,5.4964,9.20946,11.9964,3.24474,
mu: 
combDuals: 
srcDuals: 
fixed dual: 0
separating route arcs: 42 5071 15073 18502 35507 54991 76688 98695 129412 155066 159252 192138 211238 
separating route locations: 81 78 105 76 71 70 73 77 79 82 83 85 91 
separating route arcs: 6 240702 240738 240770 240776 59010 97558 127913 
separating route locations: 13 17 18 19 12 16 14 12 
separating route arcs: 30 238078 238649 238681 238709 238732 238752 238768 238775 240273 240280 194094 230359 
separating route locations: 57 55 54 53 56 58 60 59 50 106 52 49 47 
separating route arcs: 47 4352 
separating route locations: 90 91 
separating route arcs: 52 238241 239135 239164 239188 239406 239424 239442 239457 239468 239469 240294 206292 222808 
separating route locations: 98 96 95 94 92 93 97 101 100 99 1 75 3 5 
STATS - lpIterations[1] lagIterations[10] sspIterations[49] numSeparations[45] numCuts[0] compileTime[6] sspSolveTime[8] lpSolveTime[0] lb[770.838] ub[1043.8] numArcs: [241031] numFixed: [0] time: [193]
STATS1 - lpIterations[1] lagIterations[10] sspIterations[49] numSeparations[45] numCuts[0] compileTime[6] sspSolveTime[8] lpSolveTime[0] repairTime[0] cutsTime[0] alphaTime[0] decompTime[0] yellowTime[0] updateTime[0] fixTime[13] lb[770.838] ub[1043.8] numArcs: [241031] numFixed: [0] time: [193]
fix with best duals from LAG. Using: 1 duals
lambda: 0,1.86,4.12,1.64131,3.65131,1.51,3.83131,3.2,3.65131,2.03131,1.70131,3.95131,11.4313,9.27131,15.7513,7.23131,16.1513,6.69131,7.09131,7.83131,1.03131,1.04131,1.24131,1.33131,1.53131,1.54131,1.61131,1.74131,3.57131,2.03131,2.09131,6.73131,9.51131,10.0813,6.49131,7.63131,10.6213,7.87131,12.3913,8.09131,2.09131,1.89131,3.86,1.68131,2.18131,6.72131,6.18131,1.83131,4.69131,1.95131,2.28,2.53131,2.15131,3.94359,15.3972,2.99109,17.3972,13.4285,12.8972,9.80321,17.4772,2.26131,3.63131,7.08131,10.7813,1.31131,2.69715,1.25131,1.45715,7.29715,17.5813,11.4313,2.41131,5.60131,9.93131,1.61131,5.25131,10.4313,10.0713,5.13131,5.17131,14.2513,7.09131,3.26131,3.13131,5.97131,2.67131,5.11131,8.10131,4.89131,2.09131,6.72131,4.42,15.5477,6.21724,9.00673,2.04169,10.4691,4.47644,11.7791,9.77906,10.4691,1.45715,3.57131,8.09131,10.0713,2.31131,
mu: 
combDuals: 
srcDuals: 
fixed dual: 0
fixing. lower bound used: 639.562
lag: 781.383
STATS - lpIterations[1] lagIterations[11] sspIterations[56] numSeparations[45] numCuts[0] compileTime[6] sspSolveTime[9] lpSolveTime[0] lb[781.383] ub[1043.8] numArcs: [240976] numFixed: [4033] time: [196]
STATS1 - lpIterations[1] lagIterations[11] sspIterations[56] numSeparations[45] numCuts[0] compileTime[6] sspSolveTime[9] lpSolveTime[0] repairTime[0] cutsTime[0] alphaTime[0] decompTime[0] yellowTime[0] updateTime[0] fixTime[15] lb[781.383] ub[1043.8] numArcs: [240976] numFixed: [4033] time: [196]
lambda: 0,1.58695,5.11066,1.40131,5.24363,1.00079,6.32153,3.42441,6.14153,4.52153,4.19153,6.44153,12.4585,10.8636,17.3436,9.38876,17.7436,8.28363,8.68363,9.42363,3.52153,3.1064,3.3064,3.82153,4.02153,4.03153,4.10153,4.23153,6.06153,4.52153,4.58153,8.18223,10.6295,11.1995,7.60946,8.74946,11.7395,8.6567,13.5095,9.20946,4.58153,4.38153,6.35021,4.07917,4.67153,9.21153,8.67153,2.94946,5.8328,3.16182,1.29153,4.68876,3.69459,5.85323,16.2177,4.47599,18.2177,14.3414,13.7177,10.5314,18.2977,3.47956,4.84956,8.29956,11.9996,2.52956,3.42069,2.85137,2.18069,8.02069,19.5064,13.3564,3.62956,7.5264,11.1496,2.97127,7.1764,12.3564,11.9964,7.0564,7.66153,16.1764,9.0164,5.1864,5.62153,7.8964,5.16153,7.60153,10.5915,7.38153,4.0164,8.08127,5.23052,16.0696,5.5055,7.09824,3.66245,10.9909,4.20924,12.3378,10.3378,11.0278,2.18069,6.06153,9.20946,11.9964,3.24474,
mu: 
combDuals: 
srcDuals: 
fixed dual: 0
new best dual, value: 781.383
best alpha: 0.055
gamma: 1 val: 1
gamma: 2 val: 1
gamma: 3 val: 0
gamma: 4 val: 1
gamma: 5 val: 0
gamma: 6 val: 1
gamma: 7 val: -2
gamma: 8 val: 1
gamma: 9 val: 1
gamma: 10 val: 1
gamma: 11 val: 1
gamma: 12 val: 0
gamma: 13 val: 0
gamma: 14 val: 0
gamma: 15 val: 0
gamma: 16 val: 0
gamma: 17 val: 0
gamma: 18 val: 0
gamma: 19 val: 0
gamma: 20 val: 0
gamma: 21 val: 0
gamma: 22 val: 0
gamma: 23 val: 0
gamma: 24 val: 0
gamma: 25 val: 0
gamma: 26 val: -1
gamma: 27 val: 0
gamma: 28 val: 0
gamma: 29 val: 1
gamma: 30 val: 1
gamma: 31 val: 0
gamma: 32 val: 0
gamma: 33 val: 0
gamma: 34 val: 0
gamma: 35 val: 0
gamma: 36 val: 0
gamma: 37 val: 0
gamma: 38 val: 0
gamma: 39 val: 0
gamma: 40 val: 0
gamma: 41 val: 0
gamma: 42 val: 0
gamma: 43 val: 0
gamma: 44 val: 0
gamma: 45 val: 0
gamma: 46 val: 0
gamma: 47 val: -1
gamma: 48 val: -5
gamma: 49 val: 1
gamma: 50 val: -3
gamma: 51 val: 0
gamma: 52 val: 1
gamma: 53 val: 1
gamma: 54 val: 0
gamma: 55 val: 0
gamma: 56 val: 0
gamma: 57 val: 0
gamma: 58 val: 0
gamma: 59 val: 0
gamma: 60 val: 0
gamma: 61 val: -1
gamma: 62 val: -1
gamma: 63 val: -1
gamma: 64 val: -1
gamma: 65 val: 0
gamma: 66 val: -1
gamma: 67 val: 0
gamma: 68 val: -1
gamma: 69 val: -1
gamma: 70 val: 1
gamma: 71 val: 1
gamma: 72 val: -1
gamma: 73 val: 1
gamma: 74 val: -1
gamma: 75 val: 1
gamma: 76 val: 1
gamma: 77 val: 1
gamma: 78 val: 1
gamma: 79 val: 1
gamma: 80 val: 1
gamma: 81 val: 1
gamma: 82 val: 1
gamma: 83 val: 1
gamma: 84 val: 1
gamma: 85 val: 1
gamma: 86 val: 1
gamma: 87 val: 1
gamma: 88 val: 1
gamma: 89 val: 1
gamma: 90 val: 1
gamma: 91 val: 1
gamma: 92 val: 1
gamma: 93 val: 1
gamma: 94 val: 1
gamma: 95 val: 1
gamma: 96 val: 1
gamma: 97 val: 1
gamma: 98 val: 1
gamma: 99 val: 1
gamma: 100 val: 1
gamma: 101 val: 1
gamma: 102 val: -1
gamma: 103 val: 0
gamma: 104 val: 0
gamma: 105 val: 1
gamma: 106 val: -1
alpha: 0.370499
psiStar: 816.58
lagLB: 781.383
||gamma||^2: 95
lambda: 0,1.58695,5.11066,1.40131,5.24363,1.00079,6.32153,3.42441,6.14153,4.52153,4.19153,6.44153,12.4585,10.8636,17.3436,9.38876,17.7436,8.28363,8.68363,9.42363,3.52153,3.1064,3.3064,3.82153,4.02153,4.03153,4.10153,4.23153,6.06153,4.52153,4.58153,8.18223,10.6295,11.1995,7.60946,8.74946,11.7395,8.6567,13.5095,9.20946,4.58153,4.38153,6.35021,4.07917,4.67153,9.21153,8.67153,2.94946,5.8328,3.16182,1.29153,4.68876,3.69459,5.85323,16.2177,4.47599,18.2177,14.3414,13.7177,10.5314,18.2977,3.47956,4.84956,8.29956,11.9996,2.52956,3.42069,2.85137,2.18069,8.02069,19.5064,13.3564,3.62956,7.5264,11.1496,2.97127,7.1764,12.3564,11.9964,7.0564,7.66153,16.1764,9.0164,5.1864,5.62153,7.8964,5.16153,7.60153,10.5915,7.38153,4.0164,8.08127,5.23052,16.0696,5.5055,7.09824,3.66245,10.9909,4.20924,12.3378,10.3378,11.0278,2.18069,6.06153,9.20946,11.9964,3.24474,
mu: 
combDuals: 
srcDuals: 
fixed dual: 0
lambda: 0,1.58695,5.11066,1.40131,5.24363,1.00079,6.32153,3.42441,6.14153,4.52153,4.19153,6.44153,12.4585,10.8636,17.3436,9.38876,17.7436,8.28363,8.68363,9.42363,3.52153,3.1064,3.3064,3.82153,4.02153,4.03153,4.10153,4.23153,6.06153,4.52153,4.58153,8.18223,10.6295,11.1995,7.60946,8.74946,11.7395,8.6567,13.5095,9.20946,4.58153,4.38153,6.35021,4.07917,4.67153,9.21153,8.67153,2.94946,5.8328,3.16182,1.29153,4.68876,3.69459,5.85323,16.2177,4.47599,18.2177,14.3414,13.7177,10.5314,18.2977,3.47956,4.84956,8.29956,11.9996,2.52956,3.42069,2.85137,2.18069,8.02069,19.5064,13.3564,3.62956,7.5264,11.1496,2.97127,7.1764,12.3564,11.9964,7.0564,7.66153,16.1764,9.0164,5.1864,5.62153,7.8964,5.16153,7.60153,10.5915,7.38153,4.0164,8.08127,5.23052,16.0696,5.5055,7.09824,3.66245,10.9909,4.20924,12.3378,10.3378,11.0278,2.18069,6.06153,9.20946,11.9964,3.24474,
mu: 
combDuals: 
srcDuals: 
fixed dual: 0
separating route arcs: 6 240702 240738 240770 240798 240821 240841 240857 240861 162267 187165 
separating route locations: 13 17 18 19 15 16 14 12 7 5 7 
separating route arcs: 10 3712 6525 23954 48024 
separating route locations: 20 24 25 27 26 
separating route arcs: 23 240068 7056 24367 48108 63166 88653 116605 133421 173434 
separating route locations: 43 42 41 40 44 46 45 48 51 48 
separating route arcs: 30 238078 238649 238680 239023 239044 239061 239068 241016 172805 
separating route locations: 57 55 54 56 58 60 59 50 106 48 
separating route arcs: 33 19315 36691 55587 
separating route locations: 63 62 74 72 
STATS - lpIterations[1] lagIterations[11] sspIterations[56] numSeparations[50] numCuts[0] compileTime[6] sspSolveTime[9] lpSolveTime[0] lb[781.383] ub[1043.8] numArcs: [241467] numFixed: [0] time: [196]
STATS1 - lpIterations[1] lagIterations[11] sspIterations[56] numSeparations[50] numCuts[0] compileTime[6] sspSolveTime[9] lpSolveTime[0] repairTime[0] cutsTime[0] alphaTime[0] decompTime[0] yellowTime[0] updateTime[1] fixTime[15] lb[781.383] ub[1043.8] numArcs: [241467] numFixed: [0] time: [196]
fix with best duals from LAG. Using: 1 duals
lambda: 0,1.86,4.12,1.64131,3.65131,1.51,3.83131,3.2,3.65131,2.03131,1.70131,3.95131,11.4313,9.27131,15.7513,7.23131,16.1513,6.69131,7.09131,7.83131,1.03131,1.04131,1.24131,1.33131,1.53131,1.54131,1.61131,1.74131,3.57131,2.03131,2.09131,6.73131,9.51131,10.0813,6.49131,7.63131,10.6213,7.87131,12.3913,8.09131,2.09131,1.89131,3.86,1.68131,2.18131,6.72131,6.18131,1.83131,4.69131,1.95131,2.28,2.53131,2.15131,3.94359,15.3972,2.99109,17.3972,13.4285,12.8972,9.80321,17.4772,2.26131,3.63131,7.08131,10.7813,1.31131,2.69715,1.25131,1.45715,7.29715,17.5813,11.4313,2.41131,5.60131,9.93131,1.61131,5.25131,10.4313,10.0713,5.13131,5.17131,14.2513,7.09131,3.26131,3.13131,5.97131,2.67131,5.11131,8.10131,4.89131,2.09131,6.72131,4.42,15.5477,6.21724,9.00673,2.04169,10.4691,4.47644,11.7791,9.77906,10.4691,1.45715,3.57131,8.09131,10.0713,2.31131,
mu: 
combDuals: 
srcDuals: 
fixed dual: 0
fixing. lower bound used: 639.562
lag: 795.826
STATS - lpIterations[1] lagIterations[12] sspIterations[61] numSeparations[50] numCuts[0] compileTime[6] sspSolveTime[10] lpSolveTime[0] lb[795.826] ub[1043.8] numArcs: [241439] numFixed: [4215] time: [198]
STATS1 - lpIterations[1] lagIterations[12] sspIterations[61] numSeparations[50] numCuts[0] compileTime[6] sspSolveTime[10] lpSolveTime[0] repairTime[0] cutsTime[0] alphaTime[0] decompTime[0] yellowTime[0] updateTime[1] fixTime[16] lb[795.826] ub[1043.8] numArcs: [241439] numFixed: [4215] time: [198]
lambda: 0,1.95745,5.48116,1.40131,5.61413,1.00079,6.69202,2.68341,6.51202,4.89202,4.56202,6.81202,12.4585,10.8636,17.3436,9.38876,17.7436,8.28363,8.68363,9.42363,3.52153,3.1064,3.3064,3.82153,4.02153,4.03153,3.73103,4.23153,6.06153,4.89202,4.95202,8.18223,10.6295,11.1995,7.60946,8.74946,11.7395,8.6567,13.5095,9.20946,4.58153,4.38153,6.35021,4.07917,4.67153,9.21153,8.67153,2.57896,3.98031,3.53232,0.180037,4.68876,4.06509,6.22373,16.2177,4.47599,18.2177,14.3414,13.7177,10.5314,18.2977,3.10906,4.47906,7.92906,11.6291,2.52956,3.05019,2.85137,1.81019,7.65019,19.8769,13.7269,3.25906,7.89689,10.7791,3.34176,7.54689,12.7269,12.3669,7.42689,8.03202,16.5469,9.38689,5.55689,5.99202,8.26689,5.53202,7.97202,10.962,7.75202,4.38689,8.45176,5.60101,16.4401,5.876,7.46874,4.03295,11.3614,4.57974,12.7083,10.7083,11.3983,1.81019,6.06153,9.20946,12.3669,2.87424,
mu: 
combDuals: 
srcDuals: 
fixed dual: 0
new best dual, value: 795.826
added route to primal routes: 0,20,24,25,27,29,30,28,103,26,23,22,21,0,
added route to primal routes: 0,67,65,63,62,74,72,61,64,66,69,0,
running primal heuristic MIP
primal heuristic num vars: 179
primal heuristic MIP obj: 1006.7
feasible primal routes: 
route: 
0 43 40 44 47 0 
route: 
0 5 3 10 9 0 
route: 
0 32 33 31 35 37 38 39 104 36 34 0 
route: 
0 57 55 54 53 56 58 60 59 0 
route: 
0 98 96 95 94 92 93 97 101 100 99 0 
route: 
0 81 76 71 70 73 77 79 80 0 
route: 
0 78 105 82 83 84 85 88 91 0 
route: 
0 90 87 86 89 0 
route: 
0 13 17 18 19 15 16 14 12 0 
route: 
0 7 8 11 6 4 2 1 75 0 
route: 
0 67 65 63 62 74 72 61 64 68 102 66 69 0 
route: 
0 42 41 46 45 48 51 50 106 52 49 0 
route: 
0 20 24 25 27 29 30 28 103 26 23 22 21 0 
improved ub from MIP primal heuristic: 1006.7
STATS - lpIterations[1] lagIterations[12] sspIterations[61] numSeparations[50] numCuts[0] compileTime[6] sspSolveTime[10] lpSolveTime[0] lb[795.826] ub[1006.7] numArcs: [241439] numFixed: [4215] time: [198]
STATS1 - lpIterations[1] lagIterations[12] sspIterations[61] numSeparations[50] numCuts[0] compileTime[6] sspSolveTime[10] lpSolveTime[0] repairTime[0] cutsTime[0] alphaTime[0] decompTime[0] yellowTime[0] updateTime[1] fixTime[16] lb[795.826] ub[1006.7] numArcs: [241439] numFixed: [4215] time: [198]
num vars: 417
num vars: 304
num vars: 602
num vars: 586
num vars: 397
num vars: 575
num vars: 510
num vars: 652
num vars: 714
num vars: 310
num vars: 759
num vars: 459
num vars: 293
num vars: 627
num vars: 444
num vars: 506
num vars: 837
num vars: 318
num vars: 299
num vars: 313
num vars: 464
num vars: 842
num vars: 551
num vars: 602
num vars: 535
num vars: 495
num vars: 353
num vars: 347
num vars: 401
num vars: 413
num vars: 221
num vars: 381
num vars: 514
num vars: 350
num vars: 938
num vars: 285
num vars: 465
num vars: 448
num vars: 461
num vars: 443
num vars: 483
num vars: 556
num vars: 425
num vars: 408
num vars: 806
num vars: 557
num vars: 365
num vars: 348
num vars: 352
num vars: 397
updated increasing parameter: 2
num vars: 3336
num vars: 3500
num vars: 10165
num vars: 3969
num vars: 3419
num vars: 2681
num vars: 4962
improved iteration ub from lns primal heuristic: 1005.9
added route to primal routes: 0,43,42,41,40,46,45,48,51,50,106,52,49,0,
num vars: 312
num vars: 496
num vars: 570
num vars: 415
num vars: 416
num vars: 469
num vars: 642
num vars: 407
num vars: 331
num vars: 606
num vars: 528
num vars: 320
num vars: 420
num vars: 245
num vars: 422
num vars: 159
num vars: 385
num vars: 670
num vars: 516
num vars: 615
num vars: 461
num vars: 439
num vars: 715
num vars: 475
num vars: 507
num vars: 637
num vars: 281
num vars: 501
num vars: 421
num vars: 224
num vars: 376
num vars: 436
num vars: 598
num vars: 794
num vars: 396
num vars: 358
num vars: 498
num vars: 389
num vars: 650
num vars: 324
num vars: 485
num vars: 521
num vars: 434
num vars: 624
num vars: 824
num vars: 374
num vars: 531
num vars: 553
num vars: 322
num vars: 439
updated increasing parameter: 2
num vars: 3958
num vars: 5845
num vars: 2888
num vars: 9835
num vars: 4155
num vars: 5102
num vars: 8480
num vars: 8890
num vars: 4340
num vars: 5702
num vars: 2915
num vars: 3692
improved iteration ub from lns primal heuristic: 1004.4
added route to primal routes: 0,5,3,8,10,9,6,4,2,1,75,0,
added route to primal routes: 0,7,11,0,
num vars: 313
num vars: 439
num vars: 574
num vars: 378
num vars: 529
num vars: 704
num vars: 278
num vars: 434
num vars: 386
num vars: 390
num vars: 493
num vars: 608
num vars: 732
num vars: 302
num vars: 446
num vars: 323
num vars: 714
num vars: 515
num vars: 370
num vars: 485
num vars: 500
num vars: 512
num vars: 540
num vars: 431
num vars: 618
num vars: 532
num vars: 554
num vars: 384
num vars: 400
num vars: 299
num vars: 811
num vars: 645
num vars: 331
num vars: 612
num vars: 396
num vars: 673
num vars: 260
num vars: 349
num vars: 552
num vars: 408
num vars: 396
num vars: 221
num vars: 255
num vars: 642
num vars: 697
num vars: 372
num vars: 532
num vars: 451
num vars: 430
num vars: 386
updated increasing parameter: 2
num vars: 4451
num vars: 3508
num vars: 3195
num vars: 5572
num vars: 4000
num vars: 8984
num vars: 7275
num vars: 2772
num vars: 3991
num vars: 8481
num vars: 5626
num vars: 3856
num vars: 2224
num vars: 8823
num vars: 4865
num vars: 2485
num vars: 3028
num vars: 1406
num vars: 5865
num vars: 2113
num vars: 8380
num vars: 2093
num vars: 2956
num vars: 4371
num vars: 1352
num vars: 1448
num vars: 6295
num vars: 4021
num vars: 3875
num vars: 5846
num vars: 1570
num vars: 2744
num vars: 2887
num vars: 2571
num vars: 4824
num vars: 5961
num vars: 11010
num vars: 5892
num vars: 2100
num vars: 5764
num vars: 2540
num vars: 3226
num vars: 1798
num vars: 5138
num vars: 5316
num vars: 3377
num vars: 4312
primal heuristic timeout
best alpha: 0.055
gamma: 1 val: 1
gamma: 2 val: 1
gamma: 3 val: 1
gamma: 4 val: 1
gamma: 5 val: 1
gamma: 6 val: 1
gamma: 7 val: 1
gamma: 8 val: 1
gamma: 9 val: 1
gamma: 10 val: 1
gamma: 11 val: 1
gamma: 12 val: 1
gamma: 13 val: 1
gamma: 14 val: 1
gamma: 15 val: 1
gamma: 16 val: 1
gamma: 17 val: 1
gamma: 18 val: 1
gamma: 19 val: 1
gamma: 20 val: 0
gamma: 21 val: 0
gamma: 22 val: 0
gamma: 23 val: 0
gamma: 24 val: 0
gamma: 25 val: 0
gamma: 26 val: 0
gamma: 27 val: 0
gamma: 28 val: 0
gamma: 29 val: 0
gamma: 30 val: 0
gamma: 31 val: 0
gamma: 32 val: 0
gamma: 33 val: 0
gamma: 34 val: 0
gamma: 35 val: 0
gamma: 36 val: 0
gamma: 37 val: 0
gamma: 38 val: 0
gamma: 39 val: 0
gamma: 40 val: 1
gamma: 41 val: 1
gamma: 42 val: 1
gamma: 43 val: 1
gamma: 44 val: 1
gamma: 45 val: 1
gamma: 46 val: 1
gamma: 47 val: 1
gamma: 48 val: 1
gamma: 49 val: 1
gamma: 50 val: 1
gamma: 51 val: 1
gamma: 52 val: 1
gamma: 53 val: 0
gamma: 54 val: 0
gamma: 55 val: 0
gamma: 56 val: 0
gamma: 57 val: 0
gamma: 58 val: 0
gamma: 59 val: 0
gamma: 60 val: 1
gamma: 61 val: 0
gamma: 62 val: 0
gamma: 63 val: 0
gamma: 64 val: -1
gamma: 65 val: 0
gamma: 66 val: -1
gamma: 67 val: 0
gamma: 68 val: 0
gamma: 69 val: -1
gamma: 70 val: 0
gamma: 71 val: 0
gamma: 72 val: 0
gamma: 73 val: 0
gamma: 74 val: 0
gamma: 75 val: 1
gamma: 76 val: 0
gamma: 77 val: 0
gamma: 78 val: 0
gamma: 79 val: 0
gamma: 80 val: 0
gamma: 81 val: 0
gamma: 82 val: 0
gamma: 83 val: 0
gamma: 84 val: 1
gamma: 85 val: 0
gamma: 86 val: 1
gamma: 87 val: 1
gamma: 88 val: 1
gamma: 89 val: 1
gamma: 90 val: 1
gamma: 91 val: 0
gamma: 92 val: 1
gamma: 93 val: 1
gamma: 94 val: 1
gamma: 95 val: 1
gamma: 96 val: 1
gamma: 97 val: 1
gamma: 98 val: 1
gamma: 99 val: 1
gamma: 100 val: 1
gamma: 101 val: 1
gamma: 102 val: 0
gamma: 103 val: 0
gamma: 104 val: 0
gamma: 105 val: 0
gamma: 106 val: 1
alpha: 0.657925
psiStar: 831.354
lagLB: 795.826
||gamma||^2: 54
lambda: 0,1.95745,5.48116,1.40131,5.61413,1.00079,6.69202,2.68341,6.51202,4.89202,4.56202,6.81202,12.4585,10.8636,17.3436,9.38876,17.7436,8.28363,8.68363,9.42363,3.52153,3.1064,3.3064,3.82153,4.02153,4.03153,3.73103,4.23153,6.06153,4.89202,4.95202,8.18223,10.6295,11.1995,7.60946,8.74946,11.7395,8.6567,13.5095,9.20946,4.58153,4.38153,6.35021,4.07917,4.67153,9.21153,8.67153,2.57896,3.98031,3.53232,0.180037,4.68876,4.06509,6.22373,16.2177,4.47599,18.2177,14.3414,13.7177,10.5314,18.2977,3.10906,4.47906,7.92906,11.6291,2.52956,3.05019,2.85137,1.81019,7.65019,19.8769,13.7269,3.25906,7.89689,10.7791,3.34176,7.54689,12.7269,12.3669,7.42689,8.03202,16.5469,9.38689,5.55689,5.99202,8.26689,5.53202,7.97202,10.962,7.75202,4.38689,8.45176,5.60101,16.4401,5.876,7.46874,4.03295,11.3614,4.57974,12.7083,10.7083,11.3983,1.81019,6.06153,9.20946,12.3669,2.87424,
mu: 
combDuals: 
srcDuals: 
fixed dual: 0
lambda: 0,1.95745,5.48116,1.40131,5.61413,1.00079,6.69202,2.68341,6.51202,4.89202,4.56202,6.81202,12.4585,10.8636,17.3436,9.38876,17.7436,8.28363,8.68363,9.42363,3.52153,3.1064,3.3064,3.82153,4.02153,4.03153,3.73103,4.23153,6.06153,4.89202,4.95202,8.18223,10.6295,11.1995,7.60946,8.74946,11.7395,8.6567,13.5095,9.20946,4.58153,4.38153,6.35021,4.07917,4.67153,9.21153,8.67153,2.57896,3.98031,3.53232,0.180037,4.68876,4.06509,6.22373,16.2177,4.47599,18.2177,14.3414,13.7177,10.5314,18.2977,3.10906,4.47906,7.92906,11.6291,2.52956,3.05019,2.85137,1.81019,7.65019,19.8769,13.7269,3.25906,7.89689,10.7791,3.34176,7.54689,12.7269,12.3669,7.42689,8.03202,16.5469,9.38689,5.55689,5.99202,8.26689,5.53202,7.97202,10.962,7.75202,4.38689,8.45176,5.60101,16.4401,5.876,7.46874,4.03295,11.3614,4.57974,12.7083,10.7083,11.3983,1.81019,6.06153,9.20946,12.3669,2.87424,
mu: 
combDuals: 
srcDuals: 
fixed dual: 0
separating route arcs: 30 238078 238649 238681 238709 238732 238743 100566 
separating route locations: 57 55 54 53 56 58 59 64 
separating route arcs: 42 241283 241332 241358 241388 241417 241442 241463 241481 241496 179889 182127 211211 223083 
separating route locations: 81 78 105 76 71 70 73 77 79 80 82 83 85 91 
STATS - lpIterations[1] lagIterations[12] sspIterations[61] numSeparations[52] numCuts[0] compileTime[6] sspSolveTime[10] lpSolveTime[0] lb[795.826] ub[1004.4] numArcs: [241486] numFixed: [0] time: [230]
STATS1 - lpIterations[1] lagIterations[12] sspIterations[61] numSeparations[52] numCuts[0] compileTime[6] sspSolveTime[10] lpSolveTime[0] repairTime[0] cutsTime[0] alphaTime[0] decompTime[0] yellowTime[0] updateTime[1] fixTime[16] lb[795.826] ub[1004.4] numArcs: [241486] numFixed: [0] time: [230]
fix with best duals from LAG. Using: 1 duals
lambda: 0,1.86,4.12,1.64131,3.65131,1.51,3.83131,3.2,3.65131,2.03131,1.70131,3.95131,11.4313,9.27131,15.7513,7.23131,16.1513,6.69131,7.09131,7.83131,1.03131,1.04131,1.24131,1.33131,1.53131,1.54131,1.61131,1.74131,3.57131,2.03131,2.09131,6.73131,9.51131,10.0813,6.49131,7.63131,10.6213,7.87131,12.3913,8.09131,2.09131,1.89131,3.86,1.68131,2.18131,6.72131,6.18131,1.83131,4.69131,1.95131,2.28,2.53131,2.15131,3.94359,15.3972,2.99109,17.3972,13.4285,12.8972,9.80321,17.4772,2.26131,3.63131,7.08131,10.7813,1.31131,2.69715,1.25131,1.45715,7.29715,17.5813,11.4313,2.41131,5.60131,9.93131,1.61131,5.25131,10.4313,10.0713,5.13131,5.17131,14.2513,7.09131,3.26131,3.13131,5.97131,2.67131,5.11131,8.10131,4.89131,2.09131,6.72131,4.42,15.5477,6.21724,9.00673,2.04169,10.4691,4.47644,11.7791,9.77906,10.4691,1.45715,3.57131,8.09131,10.0713,2.31131,
mu: 
combDuals: 
srcDuals: 
fixed dual: 0
fixing. lower bound used: 639.562
lag: 776.531
added route to primal routes: 0,17,18,19,15,16,14,0,
added route to primal routes: 0,32,33,31,35,37,38,39,104,36,34,52,49,0,
added route to primal routes: 0,43,42,41,40,44,46,45,48,51,50,106,52,49,47,0,
added route to primal routes: 0,90,87,86,83,82,84,85,88,89,91,0,
added route to primal routes: 0,98,96,95,94,92,93,97,101,100,99,1,75,0,
running primal heuristic MIP
primal heuristic num vars: 187
primal heuristic MIP obj: 960.1
feasible primal routes: 
route: 
0 32 33 31 35 37 38 39 104 36 34 0 
route: 
0 57 55 54 53 56 58 60 59 0 
route: 
0 98 96 95 94 92 93 97 101 100 99 0 
route: 
0 81 76 71 70 73 77 79 80 0 
route: 
0 78 105 82 83 84 85 88 91 0 
route: 
0 90 87 86 89 0 
route: 
0 13 17 18 19 15 16 14 12 0 
route: 
0 67 65 63 62 74 72 61 64 68 102 66 69 0 
route: 
0 20 24 25 27 29 30 28 103 26 23 22 21 0 
route: 
0 5 3 8 10 9 6 4 2 1 75 0 
route: 
0 7 11 0 
route: 
0 43 42 41 40 44 46 45 48 51 50 106 52 49 47 0 
improved ub from MIP primal heuristic: 960.1
STATS - lpIterations[1] lagIterations[13] sspIterations[78] numSeparations[52] numCuts[0] compileTime[6] sspSolveTime[13] lpSolveTime[0] lb[795.826] ub[960.1] numArcs: [241365] numFixed: [4217] time: [235]
STATS1 - lpIterations[1] lagIterations[13] sspIterations[78] numSeparations[52] numCuts[0] compileTime[6] sspSolveTime[13] lpSolveTime[0] repairTime[0] cutsTime[0] alphaTime[0] decompTime[0] yellowTime[0] updateTime[1] fixTime[18] lb[795.826] ub[960.1] numArcs: [241365] numFixed: [4217] time: [235]
num vars: 302
num vars: 426
num vars: 285
num vars: 354
num vars: 331
num vars: 350
num vars: 231
num vars: 527
num vars: 548
num vars: 420
num vars: 352
num vars: 289
num vars: 400
num vars: 341
num vars: 204
num vars: 462
num vars: 428
num vars: 452
num vars: 421
num vars: 625
num vars: 353
num vars: 275
num vars: 641
num vars: 227
num vars: 330
num vars: 320
num vars: 535
num vars: 220
num vars: 291
num vars: 362
num vars: 280
num vars: 301
num vars: 345
num vars: 380
num vars: 647
num vars: 296
num vars: 440
num vars: 487
num vars: 513
num vars: 278
num vars: 443
num vars: 624
num vars: 246
num vars: 536
num vars: 429
num vars: 329
num vars: 401
num vars: 330
num vars: 538
num vars: 319
updated increasing parameter: 2
num vars: 4970
num vars: 2550
num vars: 4057
improved iteration ub from lns primal heuristic: 920.2
added route to primal routes: 0,5,3,7,8,10,11,9,6,4,2,1,75,0,
num vars: 353
num vars: 317
num vars: 411
num vars: 442
num vars: 220
num vars: 533
num vars: 236
num vars: 490
num vars: 398
num vars: 314
num vars: 211
num vars: 298
num vars: 280
num vars: 299
num vars: 377
num vars: 253
num vars: 256
num vars: 275
num vars: 373
num vars: 343
num vars: 333
num vars: 317
num vars: 326
num vars: 334
num vars: 496
num vars: 242
num vars: 325
num vars: 337
num vars: 464
num vars: 425
num vars: 418
num vars: 342
num vars: 354
num vars: 396
num vars: 344
num vars: 457
num vars: 351
num vars: 388
num vars: 263
num vars: 418
num vars: 407
num vars: 372
num vars: 308
num vars: 243
num vars: 329
num vars: 412
num vars: 259
num vars: 346
num vars: 249
num vars: 340
updated increasing parameter: 2
num vars: 2172
num vars: 4973
num vars: 4605
num vars: 5619
num vars: 6967
num vars: 5109
num vars: 3189
num vars: 912
num vars: 5628
num vars: 4744
num vars: 3859
num vars: 5897
num vars: 8730
num vars: 7785
num vars: 3847
num vars: 2528
num vars: 4484
num vars: 6000
num vars: 6044
num vars: 1730
num vars: 2347
num vars: 2269
num vars: 3530
num vars: 6251
num vars: 3056
num vars: 3380
num vars: 2841
num vars: 5255
num vars: 6035
num vars: 2125
num vars: 5615
num vars: 3067
num vars: 2029
num vars: 5188
num vars: 4718
num vars: 4377
num vars: 1573
num vars: 6179
num vars: 7339
num vars: 4294
num vars: 8106
num vars: 5160
num vars: 6954
num vars: 1435
num vars: 5064
num vars: 2381
num vars: 5144
num vars: 2653
num vars: 6373
num vars: 5243
updated increasing parameter: 3
num vars: 65262
num vars: 51557
num vars: 47303
primal heuristic timeout
best alpha: 0.055
gamma: 1 val: -8
gamma: 2 val: -6
gamma: 3 val: -2
gamma: 4 val: 0
gamma: 5 val: -3
gamma: 6 val: 1
gamma: 7 val: -2
gamma: 8 val: 1
gamma: 9 val: 1
gamma: 10 val: 1
gamma: 11 val: 1
gamma: 12 val: -1
gamma: 13 val: 0
gamma: 14 val: -1
gamma: 15 val: -1
gamma: 16 val: -1
gamma: 17 val: -1
gamma: 18 val: -1
gamma: 19 val: -1
gamma: 20 val: 0
gamma: 21 val: 0
gamma: 22 val: 0
gamma: 23 val: 0
gamma: 24 val: 0
gamma: 25 val: 0
gamma: 26 val: 0
gamma: 27 val: 0
gamma: 28 val: 0
gamma: 29 val: 0
gamma: 30 val: 0
gamma: 31 val: 0
gamma: 32 val: 0
gamma: 33 val: 0
gamma: 34 val: 0
gamma: 35 val: 0
gamma: 36 val: 0
gamma: 37 val: 0
gamma: 38 val: 0
gamma: 39 val: 0
gamma: 40 val: -1
gamma: 41 val: -1
gamma: 42 val: -1
gamma: 43 val: 0
gamma: 44 val: -1
gamma: 45 val: -1
gamma: 46 val: -1
gamma: 47 val: -3
gamma: 48 val: -1
gamma: 49 val: -3
gamma: 50 val: -2
gamma: 51 val: -1
gamma: 52 val: -4
gamma: 53 val: -1
gamma: 54 val: -1
gamma: 55 val: 0
gamma: 56 val: -1
gamma: 57 val: 0
gamma: 58 val: -1
gamma: 59 val: -2
gamma: 60 val: -1
gamma: 61 val: 1
gamma: 62 val: 1
gamma: 63 val: 1
gamma: 64 val: 1
gamma: 65 val: 1
gamma: 66 val: 0
gamma: 67 val: 0
gamma: 68 val: 0
gamma: 69 val: 0
gamma: 70 val: 0
gamma: 71 val: 0
gamma: 72 val: 1
gamma: 73 val: 0
gamma: 74 val: 1
gamma: 75 val: -7
gamma: 76 val: 0
gamma: 77 val: 0
gamma: 78 val: 0
gamma: 79 val: 0
gamma: 80 val: 1
gamma: 81 val: 0
gamma: 82 val: -1
gamma: 83 val: -1
gamma: 84 val: 0
gamma: 85 val: -3
gamma: 86 val: -1
gamma: 87 val: -1
gamma: 88 val: 0
gamma: 89 val: 0
gamma: 90 val: 0
gamma: 91 val: -2
gamma: 92 val: -1
gamma: 93 val: -6
gamma: 94 val: -5
gamma: 95 val: -6
gamma: 96 val: -4
gamma: 97 val: -6
gamma: 98 val: -5
gamma: 99 val: -6
gamma: 100 val: -6
gamma: 101 val: -6
gamma: 102 val: 0
gamma: 103 val: 0
gamma: 104 val: 0
gamma: 105 val: 0
gamma: 106 val: -2
alpha: 0.0630455
psiStar: 810.891
lagLB: 776.531
||gamma||^2: 545
lambda: 0,2.61537,6.13908,2.05924,6.27205,1.65871,7.34995,3.34134,7.16995,5.54995,5.21995,7.46995,13.1164,11.5216,18.0016,10.0467,18.4016,8.94155,9.34155,10.0816,3.52153,3.1064,3.3064,3.82153,4.02153,4.03153,3.73103,4.23153,6.06153,4.89202,4.95202,8.18223,10.6295,11.1995,7.60946,8.74946,11.7395,8.6567,13.5095,9.20946,5.23945,5.03945,7.00814,4.73709,5.32945,9.86945,9.32945,3.23689,4.63823,4.19024,0.837962,5.34669,4.72301,6.22373,16.2177,4.47599,18.2177,14.3414,13.7177,10.5314,18.9556,3.10906,4.47906,7.92906,10.9711,2.52956,2.39227,2.85137,1.81019,6.99227,19.8769,13.7269,3.25906,7.89689,10.7791,3.99969,7.54689,12.7269,12.3669,7.42689,8.03202,16.5469,9.38689,5.55689,6.64995,8.26689,6.18995,8.62995,11.6199,8.40995,5.04482,8.45176,6.25894,17.098,6.53392,8.12666,4.69087,12.0193,5.23767,13.3662,11.3662,12.0562,1.81019,6.06153,9.20946,12.3669,3.53217,
mu: 
combDuals: 
srcDuals: 
fixed dual: 0
lambda: 0,1.95745,5.48116,1.40131,5.61413,1.00079,6.69202,2.68341,6.51202,4.89202,4.56202,6.81202,12.4585,10.8636,17.3436,9.38876,17.7436,8.28363,8.68363,9.42363,3.52153,3.1064,3.3064,3.82153,4.02153,4.03153,3.73103,4.23153,6.06153,4.89202,4.95202,8.18223,10.6295,11.1995,7.60946,8.74946,11.7395,8.6567,13.5095,9.20946,4.58153,4.38153,6.35021,4.07917,4.67153,9.21153,8.67153,2.57896,3.98031,3.53232,0.180037,4.68876,4.06509,6.22373,16.2177,4.47599,18.2177,14.3414,13.7177,10.5314,18.2977,3.10906,4.47906,7.92906,11.6291,2.52956,3.05019,2.85137,1.81019,7.65019,19.8769,13.7269,3.25906,7.89689,10.7791,3.34176,7.54689,12.7269,12.3669,7.42689,8.03202,16.5469,9.38689,5.55689,5.99202,8.26689,5.53202,7.97202,10.962,7.75202,4.38689,8.45176,5.60101,16.4401,5.876,7.46874,4.03295,11.3614,4.57974,12.7083,10.7083,11.3983,1.81019,6.06153,9.20946,12.3669,2.87424,
mu: 
combDuals: 
srcDuals: 
fixed dual: 0
Dual needs repair, spl: -8.45767
Dual needs repair, spl: -8.28312
Dual needs repair, spl: -7.01177
Dual needs repair, spl: -3.02567
Dual needs repair, spl: -1.69461
Dual needs repair, spl: -1.03855
Dual needs repair, spl: -0.981125
Dual needs repair, spl: -0.501985
Dual needs repair, spl: -0.289375
Dual needs repair, spl: -0.0925241
lambda: 0,1.91733,5.44104,1.47284,6.27205,1.11093,7.34995,2.75494,7.16995,5.54995,5.21995,7.46995,12.53,10.9352,17.4152,9.46029,17.8152,8.35516,8.75516,9.49516,3.43498,3.01985,3.21985,3.73498,3.93498,3.94498,3.64448,4.14498,5.97498,4.80548,4.86548,8.01276,10.46,11.03,7.44,8.58,11.57,8.48723,13.34,9.04,4.63533,4.43533,6.40402,4.13297,4.72533,9.26533,8.72533,2.63277,4.03411,3.58612,0.233842,4.74257,4.11889,6.10109,16.095,4.35334,18.095,14.2187,13.595,10.4087,18.833,3.10906,4.47906,7.92906,10.9711,2.52956,2.39227,2.85137,1.81019,6.99227,19.8769,13.7269,3.25906,7.89689,10.7791,3.30165,7.54689,12.7269,12.3669,7.42689,8.03202,16.5469,9.13475,5.30475,6.39781,8.01475,5.93781,8.37781,11.3678,8.15781,4.79268,8.19962,6.23668,16.4386,5.8745,7.46724,4.05371,11.3599,4.57824,12.7068,10.7068,11.3968,1.81019,5.97498,9.04,12.3669,2.92805,
mu: 
combDuals: 
srcDuals: 
fixed dual: 0
STATS - lpIterations[1] lagIterations[13] sspIterations[78] numSeparations[52] numCuts[0] compileTime[6] sspSolveTime[13] lpSolveTime[0] lb[807.723] ub[920.2] numArcs: [241365] numFixed: [4217] time: [267]
STATS1 - lpIterations[1] lagIterations[13] sspIterations[78] numSeparations[52] numCuts[0] compileTime[6] sspSolveTime[13] lpSolveTime[0] repairTime[1] cutsTime[0] alphaTime[0] decompTime[0] yellowTime[0] updateTime[1] fixTime[18] lb[807.723] ub[920.2] numArcs: [241365] numFixed: [4217] time: [267]
lambda: 0,1.91733,5.44104,1.47284,6.27205,1.11093,7.34995,2.75494,7.16995,5.54995,5.21995,7.46995,12.53,10.9352,17.4152,9.46029,17.8152,8.35516,8.75516,9.49516,3.43498,3.01985,3.21985,3.73498,3.93498,3.94498,3.64448,4.14498,5.97498,4.80548,4.86548,8.01276,10.46,11.03,7.44,8.58,11.57,8.48723,13.34,9.04,4.63533,4.43533,6.40402,4.13297,4.72533,9.26533,8.72533,2.63277,4.03411,3.58612,0.233842,4.74257,4.11889,6.10109,16.095,4.35334,18.095,14.2187,13.595,10.4087,18.833,3.10906,4.47906,7.92906,10.9711,2.52956,2.39227,2.85137,1.81019,6.99227,19.8769,13.7269,3.25906,7.89689,10.7791,3.30165,7.54689,12.7269,12.3669,7.42689,8.03202,16.5469,9.13475,5.30475,6.39781,8.01475,5.93781,8.37781,11.3678,8.15781,4.79268,8.19962,6.23668,16.4386,5.8745,7.46724,4.05371,11.3599,4.57824,12.7068,10.7068,11.3968,1.81019,5.97498,9.04,12.3669,2.92805,
mu: 
combDuals: 
srcDuals: 
fixed dual: 0
new best dual from repair, value: 807.723
fixing. lower bound used: 807.723
percent fixed: 12.2921
updating from repair - best lambda arc fixing
separating route arcs: 0 237684 238448 239701 239727 239747 239765 239783 239798 239809 239817 187918 
separating route locations: 1 98 96 95 94 93 97 101 100 99 75 2 
separating route arcs: 1 238957 8506 21583 43002 97542 120277 123584 153251 178849 
separating route locations: 3 98 95 94 93 97 101 100 99 2 
separating route arcs: 2 237791 237824 237853 237878 238523 238542 238559 238569 157267 
separating route locations: 5 98 95 94 93 97 101 100 96 99 
separating route arcs: 4 237922 240522 240551 240577 240596 240613 240630 240643 240653 240654 187525 
separating route locations: 7 98 96 95 94 93 97 101 100 99 1 2 
separating route arcs: 6 240702 240738 240770 240798 240821 240841 240857 240861 241711 187136 214245 
separating route locations: 13 17 18 19 15 16 14 12 7 3 5 7 
separating route arcs: 8 14655 30426 53308 75523 97457 127870 
separating route locations: 17 18 19 15 16 14 12 
separating route arcs: 17 239860 239895 239924 239950 239971 239990 240009 240024 240036 240042 241046 230359 
separating route locations: 32 33 31 35 37 38 39 104 36 34 52 49 47 
separating route arcs: 22 237939 18809 
separating route locations: 42 41 40 
separating route arcs: 30 238078 238649 238681 238709 238732 238752 238768 238775 240267 162832 
separating route locations: 57 55 54 53 56 58 60 59 50 52 50 
separating route arcs: 35 3939 
separating route locations: 67 59 
separating route arcs: 42 241283 241332 241358 241388 241417 241442 241463 241481 241498 159282 192165 211238 
separating route locations: 81 78 105 76 71 70 73 77 79 83 82 85 91 
separating route arcs: 45 5789 
separating route locations: 87 86 
separating route arcs: 47 241640 8067 26099 42781 70026 96052 114781 152433 178214 198482 
separating route locations: 90 87 86 83 82 84 85 88 89 91 85 
separating route arcs: 50 238171 238200 75135 97943 120185 123541 153217 178817 181800 
separating route locations: 96 95 92 93 97 101 100 99 98 2 
STATS - lpIterations[1] lagIterations[13] sspIterations[78] numSeparations[66] numCuts[0] compileTime[6] sspSolveTime[13] lpSolveTime[0] lb[807.723] ub[920.2] numArcs: [242225] numFixed: [0] time: [267]
STATS1 - lpIterations[1] lagIterations[13] sspIterations[78] numSeparations[66] numCuts[0] compileTime[6] sspSolveTime[13] lpSolveTime[0] repairTime[1] cutsTime[0] alphaTime[0] decompTime[0] yellowTime[0] updateTime[1] fixTime[18] lb[807.723] ub[920.2] numArcs: [242225] numFixed: [0] time: [267]
fix with best duals from LAG. Using: 1 duals
lambda: 0,1.91733,5.44104,1.47284,6.27205,1.11093,7.34995,2.75494,7.16995,5.54995,5.21995,7.46995,12.53,10.9352,17.4152,9.46029,17.8152,8.35516,8.75516,9.49516,3.43498,3.01985,3.21985,3.73498,3.93498,3.94498,3.64448,4.14498,5.97498,4.80548,4.86548,8.01276,10.46,11.03,7.44,8.58,11.57,8.48723,13.34,9.04,4.63533,4.43533,6.40402,4.13297,4.72533,9.26533,8.72533,2.63277,4.03411,3.58612,0.233842,4.74257,4.11889,6.10109,16.095,4.35334,18.095,14.2187,13.595,10.4087,18.833,3.10906,4.47906,7.92906,10.9711,2.52956,2.39227,2.85137,1.81019,6.99227,19.8769,13.7269,3.25906,7.89689,10.7791,3.30165,7.54689,12.7269,12.3669,7.42689,8.03202,16.5469,9.13475,5.30475,6.39781,8.01475,5.93781,8.37781,11.3678,8.15781,4.79268,8.19962,6.23668,16.4386,5.8745,7.46724,4.05371,11.3599,4.57824,12.7068,10.7068,11.3968,1.81019,5.97498,9.04,12.3669,2.92805,
mu: 
combDuals: 
srcDuals: 
fixed dual: 0
fixing. lower bound used: 807.723
lag: 805.281
best alpha: 0.055
gamma: 1 val: -1
gamma: 2 val: 0
gamma: 3 val: 0
gamma: 4 val: 1
gamma: 5 val: -2
gamma: 6 val: 1
gamma: 7 val: -1
gamma: 8 val: 1
gamma: 9 val: 1
gamma: 10 val: 1
gamma: 11 val: 1
gamma: 12 val: 0
gamma: 13 val: 0
gamma: 14 val: 0
gamma: 15 val: 0
gamma: 16 val: 0
gamma: 17 val: 0
gamma: 18 val: 0
gamma: 19 val: 0
gamma: 20 val: 0
gamma: 21 val: 0
gamma: 22 val: 0
gamma: 23 val: 0
gamma: 24 val: 0
gamma: 25 val: 0
gamma: 26 val: 0
gamma: 27 val: 0
gamma: 28 val: 0
gamma: 29 val: 0
gamma: 30 val: 0
gamma: 31 val: 0
gamma: 32 val: 0
gamma: 33 val: 0
gamma: 34 val: 0
gamma: 35 val: 0
gamma: 36 val: 0
gamma: 37 val: 0
gamma: 38 val: 0
gamma: 39 val: 0
gamma: 40 val: 0
gamma: 41 val: 0
gamma: 42 val: 0
gamma: 43 val: 0
gamma: 44 val: 0
gamma: 45 val: 0
gamma: 46 val: 0
gamma: 47 val: -1
gamma: 48 val: 0
gamma: 49 val: -1
gamma: 50 val: -1
gamma: 51 val: 0
gamma: 52 val: -1
gamma: 53 val: 1
gamma: 54 val: 0
gamma: 55 val: 0
gamma: 56 val: 0
gamma: 57 val: 0
gamma: 58 val: 0
gamma: 59 val: 0
gamma: 60 val: 0
gamma: 61 val: 0
gamma: 62 val: 0
gamma: 63 val: 0
gamma: 64 val: 0
gamma: 65 val: 0
gamma: 66 val: 0
gamma: 67 val: 0
gamma: 68 val: 0
gamma: 69 val: 0
gamma: 70 val: 1
gamma: 71 val: 1
gamma: 72 val: 0
gamma: 73 val: 1
gamma: 74 val: 0
gamma: 75 val: -1
gamma: 76 val: 1
gamma: 77 val: 1
gamma: 78 val: 1
gamma: 79 val: 1
gamma: 80 val: 1
gamma: 81 val: 1
gamma: 82 val: 0
gamma: 83 val: 0
gamma: 84 val: 0
gamma: 85 val: 0
gamma: 86 val: 0
gamma: 87 val: 0
gamma: 88 val: 0
gamma: 89 val: 0
gamma: 90 val: 0
gamma: 91 val: 0
gamma: 92 val: 0
gamma: 93 val: -1
gamma: 94 val: -1
gamma: 95 val: -1
gamma: 96 val: -1
gamma: 97 val: -1
gamma: 98 val: -1
gamma: 99 val: -1
gamma: 100 val: -1
gamma: 101 val: -1
gamma: 102 val: 0
gamma: 103 val: 0
gamma: 104 val: 0
gamma: 105 val: 1
gamma: 106 val: -1
alpha: 0.929456
psiStar: 840.6
lagLB: 805.281
||gamma||^2: 38
lambda: 0,2.11101,5.76081,1.93314,6.27205,1.46957,7.41299,3.21524,7.23299,5.61299,5.28299,7.53299,13.0534,11.5216,17.9385,9.98364,18.3385,8.87851,9.27851,10.0185,3.52153,3.1064,3.3064,3.82153,4.02153,4.03153,3.73103,4.23153,6.06153,4.89202,4.95202,8.18223,10.6295,11.1995,7.60946,8.74946,11.7395,8.6567,13.5095,9.20946,5.1764,4.9764,6.94509,4.73709,5.2664,9.8064,9.2664,3.04775,4.57519,4.00111,0.711871,5.28364,4.47083,6.16069,16.1546,4.47599,18.1546,14.3414,13.6546,10.4053,18.8926,3.17211,4.54211,7.99211,11.0342,2.59261,2.39227,2.85137,1.81019,6.99227,19.8769,13.7269,3.32211,7.89689,10.8421,3.55837,7.54689,12.7269,12.3669,7.42689,8.09507,16.5469,9.32385,5.49385,6.64995,8.07776,6.1269,8.5669,11.6199,8.40995,5.04482,8.32567,6.19589,16.7198,6.21869,7.74839,4.43869,11.6411,4.92244,12.9879,10.9879,11.6779,1.81019,6.06153,9.20946,12.3669,3.40608,
mu: 
combDuals: 
srcDuals: 
fixed dual: 0
lambda: 0,1.91733,5.44104,1.47284,6.27205,1.11093,7.34995,2.75494,7.16995,5.54995,5.21995,7.46995,12.53,10.9352,17.4152,9.46029,17.8152,8.35516,8.75516,9.49516,3.43498,3.01985,3.21985,3.73498,3.93498,3.94498,3.64448,4.14498,5.97498,4.80548,4.86548,8.01276,10.46,11.03,7.44,8.58,11.57,8.48723,13.34,9.04,4.63533,4.43533,6.40402,4.13297,4.72533,9.26533,8.72533,2.63277,4.03411,3.58612,0.233842,4.74257,4.11889,6.10109,16.095,4.35334,18.095,14.2187,13.595,10.4087,18.833,3.10906,4.47906,7.92906,10.9711,2.52956,2.39227,2.85137,1.81019,6.99227,19.8769,13.7269,3.25906,7.89689,10.7791,3.30165,7.54689,12.7269,12.3669,7.42689,8.03202,16.5469,9.13475,5.30475,6.39781,8.01475,5.93781,8.37781,11.3678,8.15781,4.79268,8.19962,6.23668,16.4386,5.8745,7.46724,4.05371,11.3599,4.57824,12.7068,10.7068,11.3968,1.81019,5.97498,9.04,12.3669,2.92805,
mu: 
combDuals: 
srcDuals: 
fixed dual: 0
Dual needs repair, spl: -7.07066
Dual needs repair, spl: -5.8139
Dual needs repair, spl: -3.49166
Dual needs repair, spl: -1.73961
Dual needs repair, spl: -1.69461
Dual needs repair, spl: -1.03855
Dual needs repair, spl: -0.539806
Dual needs repair, spl: -0.277637
Dual needs repair, spl: -0.225783
Dual needs repair, spl: -0.0536189
lambda: 0,1.82505,5.47485,1.46278,6.27205,0.999212,7.41299,2.74488,7.23299,5.61299,5.28299,7.53299,12.583,11.0512,17.4681,9.51328,17.8681,8.40815,8.80815,9.54815,3.43498,3.01985,3.21985,3.73498,3.93498,3.94498,3.64448,4.14498,5.97498,4.80548,4.86548,8.01276,10.46,11.03,7.44,8.58,11.57,8.48723,13.34,9.04,4.67136,4.47136,6.44004,4.23204,4.76136,9.30136,8.76136,2.5427,4.07014,3.49606,0.206822,4.77859,3.96578,6.09321,16.0872,4.40851,18.0872,14.2739,13.5872,10.3378,18.8251,3.16764,4.53764,7.98764,11.0297,2.58814,2.3878,2.8469,1.80573,6.9878,19.8769,13.7269,3.31764,7.89689,10.8376,3.27241,7.54689,12.7269,12.3669,7.42689,8.09507,16.5469,9.14989,5.31989,6.47599,7.9038,5.95294,8.39294,11.446,8.23599,4.87086,8.15171,6.17853,16.4338,5.93274,7.46243,4.1701,11.3551,4.63648,12.702,10.702,11.392,1.80573,5.97498,9.04,12.3669,2.90103,
mu: 
combDuals: 
srcDuals: 
fixed dual: 0
STATS - lpIterations[1] lagIterations[14] sspIterations[87] numSeparations[66] numCuts[0] compileTime[6] sspSolveTime[14] lpSolveTime[0] lb[809.117] ub[920.2] numArcs: [242208] numFixed: [30519] time: [271]
STATS1 - lpIterations[1] lagIterations[14] sspIterations[87] numSeparations[66] numCuts[0] compileTime[6] sspSolveTime[14] lpSolveTime[0] repairTime[1] cutsTime[0] alphaTime[0] decompTime[0] yellowTime[0] updateTime[1] fixTime[20] lb[809.117] ub[920.2] numArcs: [242208] numFixed: [30519] time: [271]
lambda: 0,1.82505,5.47485,1.46278,6.27205,0.999212,7.41299,2.74488,7.23299,5.61299,5.28299,7.53299,12.583,11.0512,17.4681,9.51328,17.8681,8.40815,8.80815,9.54815,3.43498,3.01985,3.21985,3.73498,3.93498,3.94498,3.64448,4.14498,5.97498,4.80548,4.86548,8.01276,10.46,11.03,7.44,8.58,11.57,8.48723,13.34,9.04,4.67136,4.47136,6.44004,4.23204,4.76136,9.30136,8.76136,2.5427,4.07014,3.49606,0.206822,4.77859,3.96578,6.09321,16.0872,4.40851,18.0872,14.2739,13.5872,10.3378,18.8251,3.16764,4.53764,7.98764,11.0297,2.58814,2.3878,2.8469,1.80573,6.9878,19.8769,13.7269,3.31764,7.89689,10.8376,3.27241,7.54689,12.7269,12.3669,7.42689,8.09507,16.5469,9.14989,5.31989,6.47599,7.9038,5.95294,8.39294,11.446,8.23599,4.87086,8.15171,6.17853,16.4338,5.93274,7.46243,4.1701,11.3551,4.63648,12.702,10.702,11.392,1.80573,5.97498,9.04,12.3669,2.90103,
mu: 
combDuals: 
srcDuals: 
fixed dual: 0
new best dual from repair, value: 809.117
fixing. lower bound used: 809.117
percent fixed: 13.0394
updating from repair - best lambda arc fixing
separating route arcs: 2 237791 237822 21663 46772 63910 97643 120369 123627 153285 178908 
separating route locations: 5 98 96 95 94 93 97 101 100 99 2 
separating route arcs: 6 240702 240738 240770 240798 240821 240841 240857 240861 241721 241723 214322 
separating route locations: 13 17 18 19 15 16 14 12 7 5 3 7 
separating route arcs: 30 238078 238649 238680 239023 239044 239061 239068 241016 242091 193879 230347 
separating route locations: 57 55 54 56 58 60 59 50 106 52 49 47 
STATS - lpIterations[1] lagIterations[14] sspIterations[87] numSeparations[69] numCuts[0] compileTime[6] sspSolveTime[14] lpSolveTime[0] lb[809.117] ub[920.2] numArcs: [242379] numFixed: [0] time: [271]
STATS1 - lpIterations[1] lagIterations[14] sspIterations[87] numSeparations[69] numCuts[0] compileTime[6] sspSolveTime[14] lpSolveTime[0] repairTime[1] cutsTime[0] alphaTime[0] decompTime[0] yellowTime[0] updateTime[1] fixTime[20] lb[809.117] ub[920.2] numArcs: [242379] numFixed: [0] time: [271]
fix with best duals from LAG. Using: 1 duals
lambda: 0,1.82505,5.47485,1.46278,6.27205,0.999212,7.41299,2.74488,7.23299,5.61299,5.28299,7.53299,12.583,11.0512,17.4681,9.51328,17.8681,8.40815,8.80815,9.54815,3.43498,3.01985,3.21985,3.73498,3.93498,3.94498,3.64448,4.14498,5.97498,4.80548,4.86548,8.01276,10.46,11.03,7.44,8.58,11.57,8.48723,13.34,9.04,4.67136,4.47136,6.44004,4.23204,4.76136,9.30136,8.76136,2.5427,4.07014,3.49606,0.206822,4.77859,3.96578,6.09321,16.0872,4.40851,18.0872,14.2739,13.5872,10.3378,18.8251,3.16764,4.53764,7.98764,11.0297,2.58814,2.3878,2.8469,1.80573,6.9878,19.8769,13.7269,3.31764,7.89689,10.8376,3.27241,7.54689,12.7269,12.3669,7.42689,8.09507,16.5469,9.14989,5.31989,6.47599,7.9038,5.95294,8.39294,11.446,8.23599,4.87086,8.15171,6.17853,16.4338,5.93274,7.46243,4.1701,11.3551,4.63648,12.702,10.702,11.392,1.80573,5.97498,9.04,12.3669,2.90103,
mu: 
combDuals: 
srcDuals: 
fixed dual: 0
fixing. lower bound used: 809.117
lag: 807.866
best alpha: 0.055
gamma: 1 val: 1
gamma: 2 val: 1
gamma: 3 val: 1
gamma: 4 val: 1
gamma: 5 val: 1
gamma: 6 val: 1
gamma: 7 val: 1
gamma: 8 val: 1
gamma: 9 val: 1
gamma: 10 val: 1
gamma: 11 val: 1
gamma: 12 val: 0
gamma: 13 val: 0
gamma: 14 val: 0
gamma: 15 val: 0
gamma: 16 val: 0
gamma: 17 val: 0
gamma: 18 val: 0
gamma: 19 val: 0
gamma: 20 val: 0
gamma: 21 val: 0
gamma: 22 val: 0
gamma: 23 val: 0
gamma: 24 val: 0
gamma: 25 val: 0
gamma: 26 val: 0
gamma: 27 val: 0
gamma: 28 val: 0
gamma: 29 val: 0
gamma: 30 val: 0
gamma: 31 val: 0
gamma: 32 val: 0
gamma: 33 val: 0
gamma: 34 val: 0
gamma: 35 val: 0
gamma: 36 val: 0
gamma: 37 val: 0
gamma: 38 val: 0
gamma: 39 val: 0
gamma: 40 val: 0
gamma: 41 val: 0
gamma: 42 val: 0
gamma: 43 val: 0
gamma: 44 val: 0
gamma: 45 val: 0
gamma: 46 val: 0
gamma: 47 val: 0
gamma: 48 val: 0
gamma: 49 val: 0
gamma: 50 val: 0
gamma: 51 val: 0
gamma: 52 val: 0
gamma: 53 val: 0
gamma: 54 val: 0
gamma: 55 val: 0
gamma: 56 val: 0
gamma: 57 val: 0
gamma: 58 val: 0
gamma: 59 val: 0
gamma: 60 val: 0
gamma: 61 val: 0
gamma: 62 val: 0
gamma: 63 val: 0
gamma: 64 val: 0
gamma: 65 val: 0
gamma: 66 val: 0
gamma: 67 val: 0
gamma: 68 val: 0
gamma: 69 val: 0
gamma: 70 val: 0
gamma: 71 val: 0
gamma: 72 val: 0
gamma: 73 val: 0
gamma: 74 val: 0
gamma: 75 val: 1
gamma: 76 val: 0
gamma: 77 val: 0
gamma: 78 val: 0
gamma: 79 val: 0
gamma: 80 val: 0
gamma: 81 val: 0
gamma: 82 val: -1
gamma: 83 val: -1
gamma: 84 val: 0
gamma: 85 val: -1
gamma: 86 val: 0
gamma: 87 val: 0
gamma: 88 val: 0
gamma: 89 val: 0
gamma: 90 val: 0
gamma: 91 val: -1
gamma: 92 val: 1
gamma: 93 val: 1
gamma: 94 val: 1
gamma: 95 val: 1
gamma: 96 val: 1
gamma: 97 val: 1
gamma: 98 val: 1
gamma: 99 val: 1
gamma: 100 val: 1
gamma: 101 val: 1
gamma: 102 val: 0
gamma: 103 val: 0
gamma: 104 val: 0
gamma: 105 val: 0
gamma: 106 val: 0
alpha: 1.35095
psiStar: 842.991
lagLB: 807.866
||gamma||^2: 26
lambda: 0,1.18155,5.76081,1.93314,7.20151,0,8.34245,2.28579,8.16245,6.54245,6.21245,8.46245,13.0534,11.5216,17.9385,9.98364,18.3385,8.87851,9.27851,10.0185,3.52153,3.1064,3.3064,3.82153,4.02153,4.03153,3.73103,4.23153,6.06153,4.89202,4.95202,8.18223,10.6295,11.1995,7.60946,8.74946,11.7395,8.6567,13.5095,9.20946,5.1764,4.9764,6.94509,4.73709,5.2664,9.8064,9.2664,2.11829,4.57519,3.07165,0,5.28364,3.54137,7.09014,16.1546,4.47599,18.1546,14.3414,13.6546,10.4053,18.8926,3.17211,4.54211,7.99211,11.0342,2.59261,2.39227,2.85137,1.81019,6.99227,20.8064,14.6564,3.32211,8.82635,10.8421,2.62891,8.47635,13.6564,13.2964,8.35635,9.02453,17.4764,9.32385,5.49385,6.64995,8.07776,6.1269,8.5669,11.6199,8.40995,5.04482,8.32567,6.19589,15.7903,5.28924,6.81893,3.50923,10.7116,3.99298,12.0585,10.0585,10.7485,1.81019,6.06153,9.20946,13.2964,2.47662,
mu: 
combDuals: 
srcDuals: 
fixed dual: 0
lambda: 0,1.82505,5.47485,1.46278,6.27205,0.999212,7.41299,2.74488,7.23299,5.61299,5.28299,7.53299,12.583,11.0512,17.4681,9.51328,17.8681,8.40815,8.80815,9.54815,3.43498,3.01985,3.21985,3.73498,3.93498,3.94498,3.64448,4.14498,5.97498,4.80548,4.86548,8.01276,10.46,11.03,7.44,8.58,11.57,8.48723,13.34,9.04,4.67136,4.47136,6.44004,4.23204,4.76136,9.30136,8.76136,2.5427,4.07014,3.49606,0.206822,4.77859,3.96578,6.09321,16.0872,4.40851,18.0872,14.2739,13.5872,10.3378,18.8251,3.16764,4.53764,7.98764,11.0297,2.58814,2.3878,2.8469,1.80573,6.9878,19.8769,13.7269,3.31764,7.89689,10.8376,3.27241,7.54689,12.7269,12.3669,7.42689,8.09507,16.5469,9.14989,5.31989,6.47599,7.9038,5.95294,8.39294,11.446,8.23599,4.87086,8.15171,6.17853,16.4338,5.93274,7.46243,4.1701,11.3551,4.63648,12.702,10.702,11.392,1.80573,5.97498,9.04,12.3669,2.90103,
mu: 
combDuals: 
srcDuals: 
fixed dual: 0
Dual needs repair, spl: -8.89281
Dual needs repair, spl: -3.21112
Dual needs repair, spl: -2.64097
Dual needs repair, spl: -1.69461
Dual needs repair, spl: -1.46926
Dual needs repair, spl: -1.03855
Dual needs repair, spl: -0.188628
Dual needs repair, spl: -0.0536189
Dual needs repair, spl: -0.0149674
Dual needs repair, spl: -0.0109638
Dual needs repair, spl: -0.000770132
lambda: 0,1.18155,5.76081,1.93314,7.20151,0,8.34245,2.28579,8.16245,6.54245,6.21245,8.46245,12.652,11.1202,17.5371,9.58225,17.9371,8.47712,8.87712,9.61712,3.43498,3.01985,3.21985,3.73498,3.93498,3.94498,3.64448,4.14498,5.97498,4.80548,4.86548,8.01276,10.46,11.03,7.44,8.58,11.57,8.48723,13.34,9.04,4.97343,4.77343,6.74087,4.53287,5.06343,9.60343,9.06343,1.91532,4.37221,2.86868,0,5.08067,3.3384,6.90524,15.9697,4.29233,17.9697,14.1577,13.4697,10.2204,18.7077,3.16764,4.53764,7.98764,11.0297,2.58814,2.38655,2.8469,1.80448,6.98655,20.1711,14.0211,3.31764,8.19115,10.8376,2.62891,7.84115,13.0211,12.6611,7.72115,8.38932,16.8411,8.68865,4.85865,6.64995,7.44256,6.1269,8.5669,11.6199,8.40995,5.04482,7.69047,6.19589,15.7903,5.28924,6.81893,3.50923,10.7116,3.99298,12.0585,10.0585,10.7485,1.80448,5.97498,9.04,12.6611,2.27365,
mu: 
combDuals: 
srcDuals: 
fixed dual: 0
STATS - lpIterations[1] lagIterations[15] sspIterations[95] numSeparations[69] numCuts[0] compileTime[6] sspSolveTime[15] lpSolveTime[0] lb[809.593] ub[920.2] numArcs: [242371] numFixed: [31717] time: [275]
STATS1 - lpIterations[1] lagIterations[15] sspIterations[95] numSeparations[69] numCuts[0] compileTime[6] sspSolveTime[15] lpSolveTime[0] repairTime[2] cutsTime[0] alphaTime[0] decompTime[0] yellowTime[0] updateTime[1] fixTime[22] lb[809.593] ub[920.2] numArcs: [242371] numFixed: [31717] time: [275]
lambda: 0,1.18155,5.76081,1.93314,7.20151,0,8.34245,2.28579,8.16245,6.54245,6.21245,8.46245,12.652,11.1202,17.5371,9.58225,17.9371,8.47712,8.87712,9.61712,3.43498,3.01985,3.21985,3.73498,3.93498,3.94498,3.64448,4.14498,5.97498,4.80548,4.86548,8.01276,10.46,11.03,7.44,8.58,11.57,8.48723,13.34,9.04,4.97343,4.77343,6.74087,4.53287,5.06343,9.60343,9.06343,1.91532,4.37221,2.86868,0,5.08067,3.3384,6.90524,15.9697,4.29233,17.9697,14.1577,13.4697,10.2204,18.7077,3.16764,4.53764,7.98764,11.0297,2.58814,2.38655,2.8469,1.80448,6.98655,20.1711,14.0211,3.31764,8.19115,10.8376,2.62891,7.84115,13.0211,12.6611,7.72115,8.38932,16.8411,8.68865,4.85865,6.64995,7.44256,6.1269,8.5669,11.6199,8.40995,5.04482,7.69047,6.19589,15.7903,5.28924,6.81893,3.50923,10.7116,3.99298,12.0585,10.0585,10.7485,1.80448,5.97498,9.04,12.6611,2.27365,
mu: 
combDuals: 
srcDuals: 
fixed dual: 0
new best dual from repair, value: 809.593
fixing. lower bound used: 809.593
percent fixed: 13.6743
updating from repair - best lambda arc fixing
separating route arcs: 42 241283 241332 241358 241388 241417 241442 241463 241481 241496 242242 182155 211263 223083 
separating route locations: 81 78 105 76 71 70 73 77 79 80 83 82 85 91 
STATS - lpIterations[1] lagIterations[15] sspIterations[95] numSeparations[70] numCuts[0] compileTime[6] sspSolveTime[15] lpSolveTime[0] lb[809.593] ub[920.2] numArcs: [242386] numFixed: [0] time: [275]
STATS1 - lpIterations[1] lagIterations[15] sspIterations[95] numSeparations[70] numCuts[0] compileTime[6] sspSolveTime[15] lpSolveTime[0] repairTime[2] cutsTime[0] alphaTime[0] decompTime[0] yellowTime[0] updateTime[1] fixTime[22] lb[809.593] ub[920.2] numArcs: [242386] numFixed: [0] time: [275]
fix with best duals from LAG. Using: 1 duals
lambda: 0,1.18155,5.76081,1.93314,7.20151,0,8.34245,2.28579,8.16245,6.54245,6.21245,8.46245,12.652,11.1202,17.5371,9.58225,17.9371,8.47712,8.87712,9.61712,3.43498,3.01985,3.21985,3.73498,3.93498,3.94498,3.64448,4.14498,5.97498,4.80548,4.86548,8.01276,10.46,11.03,7.44,8.58,11.57,8.48723,13.34,9.04,4.97343,4.77343,6.74087,4.53287,5.06343,9.60343,9.06343,1.91532,4.37221,2.86868,0,5.08067,3.3384,6.90524,15.9697,4.29233,17.9697,14.1577,13.4697,10.2204,18.7077,3.16764,4.53764,7.98764,11.0297,2.58814,2.38655,2.8469,1.80448,6.98655,20.1711,14.0211,3.31764,8.19115,10.8376,2.62891,7.84115,13.0211,12.6611,7.72115,8.38932,16.8411,8.68865,4.85865,6.64995,7.44256,6.1269,8.5669,11.6199,8.40995,5.04482,7.69047,6.19589,15.7903,5.28924,6.81893,3.50923,10.7116,3.99298,12.0585,10.0585,10.7485,1.80448,5.97498,9.04,12.6611,2.27365,
mu: 
combDuals: 
srcDuals: 
fixed dual: 0
fixing. lower bound used: 809.593
lag: 754.774
best alpha: 0.055
gamma: 1 val: -10
gamma: 2 val: -10
gamma: 3 val: -9
gamma: 4 val: -4
gamma: 5 val: 0
gamma: 6 val: -3
gamma: 7 val: -8
gamma: 8 val: -3
gamma: 9 val: -3
gamma: 10 val: -3
gamma: 11 val: -3
gamma: 12 val: -1
gamma: 13 val: 0
gamma: 14 val: -1
gamma: 15 val: -1
gamma: 16 val: -1
gamma: 17 val: -1
gamma: 18 val: -1
gamma: 19 val: -1
gamma: 20 val: 0
gamma: 21 val: 1
gamma: 22 val: 1
gamma: 23 val: 1
gamma: 24 val: 1
gamma: 25 val: 1
gamma: 26 val: 1
gamma: 27 val: 1
gamma: 28 val: 1
gamma: 29 val: 1
gamma: 30 val: 1
gamma: 31 val: 0
gamma: 32 val: 0
gamma: 33 val: 0
gamma: 34 val: 0
gamma: 35 val: 0
gamma: 36 val: 0
gamma: 37 val: 0
gamma: 38 val: 0
gamma: 39 val: 0
gamma: 40 val: 0
gamma: 41 val: 0
gamma: 42 val: 0
gamma: 43 val: 0
gamma: 44 val: 0
gamma: 45 val: 0
gamma: 46 val: 0
gamma: 47 val: 0
gamma: 48 val: 0
gamma: 49 val: 0
gamma: 50 val: 0
gamma: 51 val: 0
gamma: 52 val: 0
gamma: 53 val: 0
gamma: 54 val: 0
gamma: 55 val: 0
gamma: 56 val: 0
gamma: 57 val: 0
gamma: 58 val: 0
gamma: 59 val: 0
gamma: 60 val: 0
gamma: 61 val: 0
gamma: 62 val: 0
gamma: 63 val: 0
gamma: 64 val: 0
gamma: 65 val: 0
gamma: 66 val: 0
gamma: 67 val: 0
gamma: 68 val: 0
gamma: 69 val: 0
gamma: 70 val: 0
gamma: 71 val: 0
gamma: 72 val: 0
gamma: 73 val: 0
gamma: 74 val: 0
gamma: 75 val: -3
gamma: 76 val: 0
gamma: 77 val: 0
gamma: 78 val: 0
gamma: 79 val: 0
gamma: 80 val: 1
gamma: 81 val: 0
gamma: 82 val: 0
gamma: 83 val: 1
gamma: 84 val: 1
gamma: 85 val: 0
gamma: 86 val: 1
gamma: 87 val: 1
gamma: 88 val: 1
gamma: 89 val: 1
gamma: 90 val: 0
gamma: 91 val: 0
gamma: 92 val: -3
gamma: 93 val: -4
gamma: 94 val: -3
gamma: 95 val: -6
gamma: 96 val: -2
gamma: 97 val: -4
gamma: 98 val: -3
gamma: 99 val: -4
gamma: 100 val: -4
gamma: 101 val: -4
gamma: 102 val: 0
gamma: 103 val: 1
gamma: 104 val: 0
gamma: 105 val: 0
gamma: 106 val: 0
alpha: 0.0554231
psiStar: 787.308
lagLB: 754.774
||gamma||^2: 587
lambda: 0,2.5325,7.11176,3.28409,8.55246,1.35095,9.6934,3.63674,9.5134,7.8934,7.5634,9.8134,13.0534,11.5216,17.9385,9.98364,18.3385,8.87851,9.27851,10.0185,3.52153,3.1064,3.3064,3.82153,4.02153,4.03153,3.73103,4.23153,6.06153,4.89202,4.95202,8.18223,10.6295,11.1995,7.60946,8.74946,11.7395,8.6567,13.5095,9.20946,5.1764,4.9764,6.94509,4.73709,5.2664,9.8064,9.2664,2.11829,4.57519,3.07165,0,5.28364,3.54137,7.09014,16.1546,4.47599,18.1546,14.3414,13.6546,10.4053,18.8926,3.17211,4.54211,7.99211,11.0342,2.59261,2.39227,2.85137,1.81019,6.99227,20.8064,14.6564,3.32211,8.82635,10.8421,3.97986,8.47635,13.6564,13.2964,8.35635,9.02453,17.4764,7.9729,4.1429,6.64995,6.72681,6.1269,8.5669,11.6199,8.40995,5.04482,6.97473,7.54684,17.1412,6.64019,8.16988,4.86018,12.0626,5.34393,13.4094,11.4094,12.0994,1.81019,6.06153,9.20946,13.2964,2.47662,
mu: 
combDuals: 
srcDuals: 
fixed dual: 0
lambda: 0,1.18155,5.76081,1.93314,7.20151,0,8.34245,2.28579,8.16245,6.54245,6.21245,8.46245,12.652,11.1202,17.5371,9.58225,17.9371,8.47712,8.87712,9.61712,3.43498,3.01985,3.21985,3.73498,3.93498,3.94498,3.64448,4.14498,5.97498,4.80548,4.86548,8.01276,10.46,11.03,7.44,8.58,11.57,8.48723,13.34,9.04,4.97343,4.77343,6.74087,4.53287,5.06343,9.60343,9.06343,1.91532,4.37221,2.86868,0,5.08067,3.3384,6.90524,15.9697,4.29233,17.9697,14.1577,13.4697,10.2204,18.7077,3.16764,4.53764,7.98764,11.0297,2.58814,2.38655,2.8469,1.80448,6.98655,20.1711,14.0211,3.31764,8.19115,10.8376,2.62891,7.84115,13.0211,12.6611,7.72115,8.38932,16.8411,8.68865,4.85865,6.64995,7.44256,6.1269,8.5669,11.6199,8.40995,5.04482,7.69047,6.19589,15.7903,5.28924,6.81893,3.50923,10.7116,3.99298,12.0585,10.0585,10.7485,1.80448,5.97498,9.04,12.6611,2.27365,
mu: 
combDuals: 
srcDuals: 
fixed dual: 0
Dual needs repair, spl: -16.0521
Dual needs repair, spl: -8.98693
Dual needs repair, spl: -4.29972
Dual needs repair, spl: -3.52159
Dual needs repair, spl: -2.64097
Dual needs repair, spl: -1.69461
Dual needs repair, spl: -1.61403
Dual needs repair, spl: -1.46926
Dual needs repair, spl: -1.03855
Dual needs repair, spl: -0.588421
Dual needs repair, spl: -0.474926
Dual needs repair, spl: -0.188628
Dual needs repair, spl: -0.0536189
Dual needs repair, spl: -0.0149674
Dual needs repair, spl: -0.0109638
Dual needs repair, spl: -0.000770132
lambda: 0,0.772334,5.35159,1.91481,6.79229,1.21644,8.32412,2.26745,8.14412,6.52412,6.19412,8.44412,12.6031,11.0713,17.4883,9.92427,17.8883,8.42826,8.82826,9.56826,3.43498,3.01985,3.21985,3.73498,3.93498,3.94498,3.64448,4.14498,5.97498,4.80548,4.86548,8.01276,10.46,11.03,7.44,8.58,11.57,8.48723,13.34,9.04,4.97343,4.77343,6.74087,4.53287,5.06343,9.60343,9.06343,1.91532,4.37221,2.86868,0,5.08067,3.3384,6.90524,15.9697,4.29233,17.9697,14.1577,13.4697,10.2204,18.7077,3.16764,4.53764,7.98764,11.0297,2.58814,2.38655,2.8469,1.80448,6.98655,20.5129,14.3629,3.31764,8.53288,10.8376,3.41244,8.18288,13.3629,13.0029,8.06288,9.02453,17.1829,7.67943,4.1429,6.64995,6.43334,6.1269,8.5669,11.6199,8.40995,5.04482,6.68126,6.86289,16.4573,5.95623,7.48593,4.81815,11.3786,4.65998,12.7255,10.7255,11.4155,1.80448,5.97498,9.04,13.0029,2.27365,
mu: 
combDuals: 
srcDuals: 
fixed dual: 0
STATS - lpIterations[1] lagIterations[16] sspIterations[111] numSeparations[70] numCuts[0] compileTime[6] sspSolveTime[17] lpSolveTime[0] lb[817.517] ub[920.2] numArcs: [242294] numFixed: [33209] time: [281]
STATS1 - lpIterations[1] lagIterations[16] sspIterations[111] numSeparations[70] numCuts[0] compileTime[6] sspSolveTime[17] lpSolveTime[0] repairTime[3] cutsTime[0] alphaTime[0] decompTime[0] yellowTime[0] updateTime[1] fixTime[24] lb[817.517] ub[920.2] numArcs: [242294] numFixed: [33209] time: [281]
lambda: 0,0.772334,5.35159,1.91481,6.79229,1.21644,8.32412,2.26745,8.14412,6.52412,6.19412,8.44412,12.6031,11.0713,17.4883,9.92427,17.8883,8.42826,8.82826,9.56826,3.43498,3.01985,3.21985,3.73498,3.93498,3.94498,3.64448,4.14498,5.97498,4.80548,4.86548,8.01276,10.46,11.03,7.44,8.58,11.57,8.48723,13.34,9.04,4.97343,4.77343,6.74087,4.53287,5.06343,9.60343,9.06343,1.91532,4.37221,2.86868,0,5.08067,3.3384,6.90524,15.9697,4.29233,17.9697,14.1577,13.4697,10.2204,18.7077,3.16764,4.53764,7.98764,11.0297,2.58814,2.38655,2.8469,1.80448,6.98655,20.5129,14.3629,3.31764,8.53288,10.8376,3.41244,8.18288,13.3629,13.0029,8.06288,9.02453,17.1829,7.67943,4.1429,6.64995,6.43334,6.1269,8.5669,11.6199,8.40995,5.04482,6.68126,6.86289,16.4573,5.95623,7.48593,4.81815,11.3786,4.65998,12.7255,10.7255,11.4155,1.80448,5.97498,9.04,13.0029,2.27365,
mu: 
combDuals: 
srcDuals: 
fixed dual: 0
new best dual from repair, value: 817.517
fixing. lower bound used: 817.517
percent fixed: 16.9562
updating from repair - best lambda arc fixing
separating route arcs: 0 237684 238450 238479 238504 239293 239312 239330 239342 239353 182047 
separating route locations: 1 98 95 94 93 97 101 100 99 96 95 
separating route arcs: 1 238917 8870 35766 56271 88187 
separating route locations: 3 7 8 10 11 9 
separating route arcs: 2 237749 9042 25563 42083 69729 88243 101908 134702 174273 187078 214191 
separating route locations: 5 3 7 8 10 11 9 6 4 1 2 3 
separating route arcs: 4 237883 35692 
separating route locations: 7 8 10 
separating route arcs: 5 35618 
separating route locations: 8 10 
separating route arcs: 6 240702 240738 240770 240798 240821 240841 240857 240861 241711 242570 205349 
separating route locations: 13 17 18 19 15 16 14 12 7 3 1 2 
separating route arcs: 10 241740 14739 30507 53378 75767 97558 127913 
separating route locations: 20 17 18 19 15 16 14 12 
separating route arcs: 42 241283 241332 241358 241388 241417 241442 241463 241481 241497 241511 182184 
separating route locations: 81 78 105 76 71 70 73 77 79 82 85 91 
separating route arcs: 47 241643 8331 
separating route locations: 90 95 94 
separating route arcs: 49 238132 8506 
separating route locations: 95 98 95 
separating route arcs: 50 238171 238200 243122 243142 243161 243179 243191 243192 186631 
separating route locations: 96 95 92 93 97 101 100 99 1 2 
separating route arcs: 52 238243 238273 240330 240355 240375 240393 240411 240425 240436 240437 187525 
separating route locations: 98 95 96 94 92 93 97 101 100 99 1 2 
STATS - lpIterations[1] lagIterations[16] sspIterations[111] numSeparations[82] numCuts[0] compileTime[6] sspSolveTime[17] lpSolveTime[0] lb[817.517] ub[920.2] numArcs: [242965] numFixed: [0] time: [281]
STATS1 - lpIterations[1] lagIterations[16] sspIterations[111] numSeparations[82] numCuts[0] compileTime[6] sspSolveTime[17] lpSolveTime[0] repairTime[3] cutsTime[0] alphaTime[0] decompTime[0] yellowTime[0] updateTime[1] fixTime[24] lb[817.517] ub[920.2] numArcs: [242965] numFixed: [0] time: [281]
fix with best duals from LAG. Using: 1 duals
lambda: 0,0.772334,5.35159,1.91481,6.79229,1.21644,8.32412,2.26745,8.14412,6.52412,6.19412,8.44412,12.6031,11.0713,17.4883,9.92427,17.8883,8.42826,8.82826,9.56826,3.43498,3.01985,3.21985,3.73498,3.93498,3.94498,3.64448,4.14498,5.97498,4.80548,4.86548,8.01276,10.46,11.03,7.44,8.58,11.57,8.48723,13.34,9.04,4.97343,4.77343,6.74087,4.53287,5.06343,9.60343,9.06343,1.91532,4.37221,2.86868,0,5.08067,3.3384,6.90524,15.9697,4.29233,17.9697,14.1577,13.4697,10.2204,18.7077,3.16764,4.53764,7.98764,11.0297,2.58814,2.38655,2.8469,1.80448,6.98655,20.5129,14.3629,3.31764,8.53288,10.8376,3.41244,8.18288,13.3629,13.0029,8.06288,9.02453,17.1829,7.67943,4.1429,6.64995,6.43334,6.1269,8.5669,11.6199,8.40995,5.04482,6.68126,6.86289,16.4573,5.95623,7.48593,4.81815,11.3786,4.65998,12.7255,10.7255,11.4155,1.80448,5.97498,9.04,13.0029,2.27365,
mu: 
combDuals: 
srcDuals: 
fixed dual: 0
fixing. lower bound used: 817.517
lag: 782.214
added route to primal routes: 0,81,78,105,76,71,70,73,77,79,80,82,85,0,
running primal heuristic MIP
primal heuristic num vars: 189
primal heuristic MIP obj: 845.8
feasible primal routes: 
route: 
0 32 33 31 35 37 38 39 104 36 34 0 
route: 
0 57 55 54 53 56 58 60 59 0 
route: 
0 98 96 95 94 92 93 97 101 100 99 0 
route: 
0 13 17 18 19 15 16 14 12 0 
route: 
0 67 65 63 62 74 72 61 64 68 102 66 69 0 
route: 
0 20 24 25 27 29 30 28 103 26 23 22 21 0 
route: 
0 43 42 41 40 44 46 45 48 51 50 106 52 49 47 0 
route: 
0 90 87 86 83 82 84 85 88 89 91 0 
route: 
0 5 3 7 8 10 11 9 6 4 2 1 75 0 
route: 
0 81 78 105 76 71 70 73 77 79 80 82 85 0 
improved ub from MIP primal heuristic: 845.8
STATS - lpIterations[1] lagIterations[17] sspIterations[124] numSeparations[82] numCuts[0] compileTime[6] sspSolveTime[19] lpSolveTime[0] lb[817.517] ub[845.8] numArcs: [242941] numFixed: [41812] time: [285]
STATS1 - lpIterations[1] lagIterations[17] sspIterations[124] numSeparations[82] numCuts[0] compileTime[6] sspSolveTime[19] lpSolveTime[0] repairTime[3] cutsTime[0] alphaTime[0] decompTime[0] yellowTime[0] updateTime[1] fixTime[26] lb[817.517] ub[845.8] numArcs: [242941] numFixed: [41812] time: [285]
num vars: 268
num vars: 320
num vars: 181
num vars: 190
num vars: 299
num vars: 298
num vars: 211
num vars: 351
num vars: 273
num vars: 348
num vars: 298
num vars: 267
num vars: 590
num vars: 226
num vars: 252
num vars: 201
num vars: 159
num vars: 332
num vars: 243
num vars: 279
num vars: 342
num vars: 236
improved iteration ub from lns primal heuristic: 845.3
num vars: 303
num vars: 281
num vars: 414
num vars: 257
num vars: 252
num vars: 188
num vars: 231
num vars: 282
num vars: 358
num vars: 238
num vars: 356
num vars: 177
num vars: 199
num vars: 219
num vars: 378
num vars: 175
num vars: 428
num vars: 345
num vars: 482
num vars: 176
num vars: 542
num vars: 158
num vars: 292
num vars: 268
num vars: 264
num vars: 174
num vars: 187
num vars: 218
num vars: 346
num vars: 246
num vars: 311
num vars: 255
num vars: 301
num vars: 201
num vars: 336
num vars: 284
num vars: 305
num vars: 349
num vars: 253
num vars: 224
num vars: 449
num vars: 365
num vars: 208
num vars: 262
num vars: 289
num vars: 464
num vars: 272
num vars: 366
num vars: 250
num vars: 309
updated increasing parameter: 2
num vars: 1476
improved iteration ub from lns primal heuristic: 827.3
added route to primal routes: 0,81,78,105,76,71,70,73,77,79,80,0,
num vars: 268
num vars: 385
num vars: 334
num vars: 336
num vars: 193
num vars: 202
num vars: 466
num vars: 233
num vars: 242
num vars: 322
num vars: 429
num vars: 365
num vars: 199
num vars: 187
num vars: 411
num vars: 313
num vars: 215
num vars: 409
num vars: 201
num vars: 305
num vars: 172
num vars: 202
num vars: 311
num vars: 291
num vars: 254
num vars: 218
num vars: 272
num vars: 199
num vars: 173
num vars: 299
num vars: 290
num vars: 276
num vars: 269
num vars: 192
num vars: 229
num vars: 225
num vars: 320
num vars: 208
num vars: 187
num vars: 248
num vars: 265
num vars: 195
num vars: 263
num vars: 177
num vars: 274
num vars: 210
num vars: 242
num vars: 196
num vars: 342
num vars: 188
updated increasing parameter: 2
num vars: 2012
num vars: 964
num vars: 557
num vars: 1030
num vars: 351
num vars: 1477
num vars: 3276
num vars: 1363
num vars: 3844
num vars: 1780
num vars: 2613
num vars: 2789
num vars: 3899
num vars: 260
num vars: 4006
num vars: 1103
num vars: 1631
num vars: 4353
num vars: 2149
num vars: 2283
num vars: 4333
num vars: 642
num vars: 604
num vars: 2418
num vars: 2327
num vars: 1341
num vars: 1123
num vars: 3279
num vars: 821
num vars: 2090
num vars: 553
num vars: 379
num vars: 1135
num vars: 1484
num vars: 726
num vars: 2557
num vars: 618
num vars: 895
num vars: 1940
num vars: 1894
num vars: 4272
num vars: 677
num vars: 1880
num vars: 1829
num vars: 2396
num vars: 1873
num vars: 1280
num vars: 798
num vars: 2052
num vars: 4414
updated increasing parameter: 3
num vars: 14536
num vars: 13311
num vars: 13991
num vars: 11529
num vars: 9709
num vars: 12187
num vars: 20833
num vars: 6209
num vars: 6607
num vars: 7588
primal heuristic timeout
best alpha: 0.055
gamma: 1 val: -7
gamma: 2 val: -5
gamma: 3 val: -4
gamma: 4 val: -4
gamma: 5 val: -1
gamma: 6 val: -3
gamma: 7 val: -3
gamma: 8 val: -3
gamma: 9 val: -3
gamma: 10 val: -3
gamma: 11 val: -3
gamma: 12 val: 0
gamma: 13 val: 0
gamma: 14 val: 0
gamma: 15 val: 1
gamma: 16 val: 0
gamma: 17 val: 0
gamma: 18 val: 0
gamma: 19 val: 0
gamma: 20 val: 0
gamma: 21 val: 0
gamma: 22 val: 0
gamma: 23 val: 0
gamma: 24 val: 0
gamma: 25 val: 0
gamma: 26 val: 0
gamma: 27 val: 0
gamma: 28 val: 0
gamma: 29 val: 0
gamma: 30 val: 0
gamma: 31 val: 0
gamma: 32 val: 0
gamma: 33 val: 0
gamma: 34 val: 0
gamma: 35 val: 0
gamma: 36 val: 0
gamma: 37 val: 0
gamma: 38 val: 0
gamma: 39 val: 0
gamma: 40 val: 0
gamma: 41 val: 0
gamma: 42 val: 0
gamma: 43 val: 0
gamma: 44 val: 0
gamma: 45 val: 0
gamma: 46 val: 0
gamma: 47 val: 0
gamma: 48 val: 0
gamma: 49 val: 0
gamma: 50 val: 0
gamma: 51 val: 0
gamma: 52 val: 0
gamma: 53 val: 0
gamma: 54 val: 0
gamma: 55 val: 0
gamma: 56 val: 0
gamma: 57 val: 0
gamma: 58 val: 0
gamma: 59 val: 0
gamma: 60 val: 0
gamma: 61 val: 0
gamma: 62 val: 0
gamma: 63 val: 0
gamma: 64 val: 0
gamma: 65 val: 0
gamma: 66 val: 0
gamma: 67 val: 0
gamma: 68 val: 0
gamma: 69 val: 0
gamma: 70 val: 0
gamma: 71 val: 0
gamma: 72 val: 0
gamma: 73 val: 0
gamma: 74 val: 0
gamma: 75 val: -6
gamma: 76 val: 0
gamma: 77 val: 0
gamma: 78 val: 0
gamma: 79 val: 0
gamma: 80 val: 0
gamma: 81 val: 0
gamma: 82 val: 0
gamma: 83 val: 1
gamma: 84 val: 1
gamma: 85 val: 0
gamma: 86 val: 1
gamma: 87 val: 1
gamma: 88 val: 1
gamma: 89 val: 1
gamma: 90 val: 1
gamma: 91 val: 0
gamma: 92 val: -1
gamma: 93 val: -1
gamma: 94 val: 0
gamma: 95 val: -1
gamma: 96 val: -1
gamma: 97 val: -1
gamma: 98 val: -1
gamma: 99 val: -1
gamma: 100 val: -1
gamma: 101 val: -1
gamma: 102 val: 0
gamma: 103 val: 0
gamma: 104 val: 0
gamma: 105 val: 0
gamma: 106 val: 0
alpha: 0.156205
psiStar: 815.642
lagLB: 782.214
||gamma||^2: 214
lambda: 0,1.97827,6.55753,2.78528,8.33076,1.35095,9.52713,3.19335,9.34713,7.72713,7.39713,9.64713,12.998,11.5216,17.8831,9.92822,18.2831,8.82309,9.22309,9.96309,3.52153,3.16182,3.36182,3.87695,4.07695,4.08695,3.78645,4.28695,6.11695,4.94745,5.00745,8.18223,10.6295,11.1995,7.60946,8.74946,11.7395,8.6567,13.5095,9.20946,5.1764,4.9764,6.94509,4.73709,5.2664,9.8064,9.2664,2.11829,4.57519,3.07165,0,5.28364,3.54137,7.09014,16.1546,4.47599,18.1546,14.3414,13.6546,10.4053,18.8926,3.17211,4.54211,7.99211,11.0342,2.59261,2.39227,2.85137,1.81019,6.99227,20.8064,14.6564,3.32211,8.82635,10.8421,3.81359,8.47635,13.6564,13.2964,8.35635,9.07995,17.4764,7.9729,4.19832,6.70537,6.72681,6.18233,8.62233,11.6754,8.46537,5.04482,6.97473,7.38057,16.9196,6.47392,7.83734,4.74933,11.8409,5.17766,13.1877,11.1877,11.8777,1.81019,6.11695,9.20946,13.2964,2.47662,
mu: 
combDuals: 
srcDuals: 
fixed dual: 0
lambda: 0,0.772334,5.35159,1.91481,6.79229,1.21644,8.32412,2.26745,8.14412,6.52412,6.19412,8.44412,12.6031,11.0713,17.4883,9.92427,17.8883,8.42826,8.82826,9.56826,3.43498,3.01985,3.21985,3.73498,3.93498,3.94498,3.64448,4.14498,5.97498,4.80548,4.86548,8.01276,10.46,11.03,7.44,8.58,11.57,8.48723,13.34,9.04,4.97343,4.77343,6.74087,4.53287,5.06343,9.60343,9.06343,1.91532,4.37221,2.86868,0,5.08067,3.3384,6.90524,15.9697,4.29233,17.9697,14.1577,13.4697,10.2204,18.7077,3.16764,4.53764,7.98764,11.0297,2.58814,2.38655,2.8469,1.80448,6.98655,20.5129,14.3629,3.31764,8.53288,10.8376,3.41244,8.18288,13.3629,13.0029,8.06288,9.02453,17.1829,7.67943,4.1429,6.64995,6.43334,6.1269,8.5669,11.6199,8.40995,5.04482,6.68126,6.86289,16.4573,5.95623,7.48593,4.81815,11.3786,4.65998,12.7255,10.7255,11.4155,1.80448,5.97498,9.04,13.0029,2.27365,
mu: 
combDuals: 
srcDuals: 
fixed dual: 0
Dual needs repair, spl: -12.2554
Dual needs repair, spl: -5.88323
Dual needs repair, spl: -3.40154
Dual needs repair, spl: -2.82316
Dual needs repair, spl: -2.64097
Dual needs repair, spl: -1.69461
Dual needs repair, spl: -1.64821
Dual needs repair, spl: -1.46926
Dual needs repair, spl: -0.314767
Dual needs repair, spl: -0.188628
Dual needs repair, spl: -0.0536189
Dual needs repair, spl: -0.0149674
Dual needs repair, spl: -0.0109638
Dual needs repair, spl: -0.000770132
lambda: 0,0.956986,5.51376,1.764,7.30948,0.329665,8.50585,2.17207,8.32585,6.70585,6.37585,8.62585,12.6451,11.1687,17.5302,9.57532,17.9302,8.47019,8.87019,9.61019,3.38417,3.02447,3.22447,3.7396,3.9396,3.9496,3.6491,4.1496,5.9796,4.8101,4.8701,8.01276,10.46,11.03,7.44,8.58,11.57,8.48723,13.34,9.04,4.97343,4.77343,6.74087,4.53287,5.06343,9.60343,9.06343,1.91532,4.37221,2.86868,0,5.08067,3.3384,6.90524,15.9697,4.29233,17.9697,14.1577,13.4697,10.2204,18.7077,3.16764,4.53764,7.98764,11.0297,2.58814,2.38655,2.8469,1.80448,6.98655,20.5447,14.3947,3.31764,8.56469,10.8376,2.79231,8.21469,13.3947,13.0347,8.09469,8.81829,17.2147,7.71124,4.19832,6.70537,6.46515,6.18233,8.62233,11.6754,8.46537,5.04482,6.71307,6.93786,16.4768,6.0312,7.39463,4.72685,11.3982,4.73495,12.745,10.745,11.435,1.80448,5.9796,9.04,13.0347,2.27365,
mu: 
combDuals: 
srcDuals: 
fixed dual: 0
STATS - lpIterations[1] lagIterations[17] sspIterations[124] numSeparations[82] numCuts[0] compileTime[6] sspSolveTime[19] lpSolveTime[0] lb[818.184] ub[827.3] numArcs: [242941] numFixed: [41812] time: [317]
STATS1 - lpIterations[1] lagIterations[17] sspIterations[124] numSeparations[82] numCuts[0] compileTime[6] sspSolveTime[19] lpSolveTime[0] repairTime[3] cutsTime[0] alphaTime[0] decompTime[0] yellowTime[0] updateTime[1] fixTime[26] lb[818.184] ub[827.3] numArcs: [242941] numFixed: [41812] time: [317]
lambda: 0,0.956986,5.51376,1.764,7.30948,0.329665,8.50585,2.17207,8.32585,6.70585,6.37585,8.62585,12.6451,11.1687,17.5302,9.57532,17.9302,8.47019,8.87019,9.61019,3.38417,3.02447,3.22447,3.7396,3.9396,3.9496,3.6491,4.1496,5.9796,4.8101,4.8701,8.01276,10.46,11.03,7.44,8.58,11.57,8.48723,13.34,9.04,4.97343,4.77343,6.74087,4.53287,5.06343,9.60343,9.06343,1.91532,4.37221,2.86868,0,5.08067,3.3384,6.90524,15.9697,4.29233,17.9697,14.1577,13.4697,10.2204,18.7077,3.16764,4.53764,7.98764,11.0297,2.58814,2.38655,2.8469,1.80448,6.98655,20.5447,14.3947,3.31764,8.56469,10.8376,2.79231,8.21469,13.3947,13.0347,8.09469,8.81829,17.2147,7.71124,4.19832,6.70537,6.46515,6.18233,8.62233,11.6754,8.46537,5.04482,6.71307,6.93786,16.4768,6.0312,7.39463,4.72685,11.3982,4.73495,12.745,10.745,11.435,1.80448,5.9796,9.04,13.0347,2.27365,
mu: 
combDuals: 
srcDuals: 
fixed dual: 0
new best dual from repair, value: 818.184
fixing. lower bound used: 818.184
percent fixed: 98.1481
updating from repair - best lambda arc fixing
switching from LAG to LP solver
checking cuts, max violation: 25.4366, num cuts: 20
new capacity cutset: 62 63 65 67 71 74 76 78 81 88 92 93 94 95 96 97 98 99 100 101 105 <= 19
adding RCC type 1 with rhs: 19
new capacity cutset: 71 76 78 81 88 92 93 94 95 96 97 98 99 100 101 105 <= 15
adding RCC type 1 with rhs: 15
new capacity cutset: 62 63 65 67 74 88 92 93 94 95 96 97 98 99 100 101 <= 15
adding RCC type 1 with rhs: 15
new capacity cutset: 50 53 54 56 58 59 60 66 68 69 102 106 <= 11
adding RCC type 1 with rhs: 11
new capacity cutset: 50 53 54 56 57 58 59 60 66 68 69 102 106 <= 12
adding RCC type 1 with rhs: 12
new capacity cutset: 50 53 54 55 56 57 58 59 60 66 68 69 102 106 <= 13
adding RCC type 1 with rhs: 13
new capacity cutset: 48 50 53 54 55 56 57 58 59 60 66 68 69 102 106 <= 14
adding RCC type 1 with rhs: 14
new capacity cutset: 48 50 51 53 54 55 56 57 58 59 60 66 68 69 102 106 <= 15
adding RCC type 1 with rhs: 15
new capacity cutset: 48 50 51 52 53 54 55 56 57 58 59 60 66 68 69 102 106 <= 16
adding RCC type 1 with rhs: 16
new capacity cutset: 48 50 51 52 53 54 55 56 57 58 59 60 64 66 68 69 102 106 <= 17
adding RCC type 1 with rhs: 17
new capacity cutset: 48 49 50 51 52 53 54 55 56 57 58 59 60 64 66 68 69 102 106 <= 18
adding RCC type 1 with rhs: 18
new capacity cutset: 47 48 49 50 51 52 53 54 55 56 57 58 59 60 64 66 68 69 102 106 <= 19
adding RCC type 1 with rhs: 19
new capacity cutset: 47 48 49 50 51 52 53 54 55 56 57 58 59 60 61 64 66 68 69 102 106 <= 20
adding RCC type 1 with rhs: 20
new capacity cutset: 47 48 49 50 51 52 53 54 55 56 57 58 59 60 61 64 66 68 69 72 102 106 <= 21
adding RCC type 1 with rhs: 21
new capacity cutset: 47 48 49 50 51 52 53 54 55 56 57 58 59 60 61 64 66 68 69 72 74 102 106 <= 22
adding RCC type 1 with rhs: 22
new capacity cutset: 47 48 49 50 51 52 53 54 55 56 57 58 59 60 61 62 64 66 68 69 72 74 102 106 <= 23
adding RCC type 1 with rhs: 23
new capacity cutset: 47 48 49 50 51 52 53 54 55 56 57 58 59 60 61 62 63 64 66 68 69 72 74 102 106 <= 24
adding RCC type 1 with rhs: 24
new capacity cutset: 47 48 49 50 51 52 53 54 55 56 57 58 59 60 61 62 63 64 65 66 68 69 72 74 102 106 <= 25
adding RCC type 1 with rhs: 25
new capacity cutset: 47 48 49 50 51 52 53 54 55 56 57 58 59 60 61 62 63 64 65 66 67 68 69 72 74 102 106 <= 26
adding RCC type 1 with rhs: 26
new capacity cutset: 42 47 48 49 50 51 52 53 54 55 56 57 58 59 60 61 62 63 64 65 66 67 68 69 72 74 102 106 <= 27
adding RCC type 1 with rhs: 27
fix with best duals from LAG. Using: 1 dual(s)
lambda: 0,0.956986,5.51376,1.764,7.30948,0.329665,8.50585,2.17207,8.32585,6.70585,6.37585,8.62585,12.6451,11.1687,17.5302,9.57532,17.9302,8.47019,8.87019,9.61019,3.38417,3.02447,3.22447,3.7396,3.9396,3.9496,3.6491,4.1496,5.9796,4.8101,4.8701,8.01276,10.46,11.03,7.44,8.58,11.57,8.48723,13.34,9.04,4.97343,4.77343,6.74087,4.53287,5.06343,9.60343,9.06343,1.91532,4.37221,2.86868,0,5.08067,3.3384,6.90524,15.9697,4.29233,17.9697,14.1577,13.4697,10.2204,18.7077,3.16764,4.53764,7.98764,11.0297,2.58814,2.38655,2.8469,1.80448,6.98655,20.5447,14.3947,3.31764,8.56469,10.8376,2.79231,8.21469,13.3947,13.0347,8.09469,8.81829,17.2147,7.71124,4.19832,6.70537,6.46515,6.18233,8.62233,11.6754,8.46537,5.04482,6.71307,6.93786,16.4768,6.0312,7.39463,4.72685,11.3982,4.73495,12.745,10.745,11.435,1.80448,5.9796,9.04,13.0347,2.27365,
mu: 0,0,0,0,0,0,0,0,0,0,0,0,0,0,0,0,0,0,0,0,
combDuals: 
srcDuals: 
fixed dual: 0
fixing. lower bound used: 818.184
num vars: 3822
DUALS: -0,-5.32907e-15,5.94,0.54,11.56,-0,-0,0.7,16,8.95,4.8,9.75,9.35,21.4,8.3,11,16.35,8.1,10.3,11.1,10,2.15,1.4,10.4,9.5,3.86667,2,2.96667,3,7.83333,5,-0,27.85,8.65,12.35,14.45,8.85,3.45,4.35,5,4.5,4.3,4.5,12.7,3.6,9.42,1.9,8.7,0,0.6,-0,8.18,2.5,8.5,11.98,19,-0,23.48,11.78,11.78,15.18,7.72,4.7,2,9,1.6,2.3,11.9,0,10.78,-0,10.68,3,7.68,3,0.9,7.68,4,3,1,49.02,47.4,5.2,-0,19.32,-0,12.44,-0,31.7,-0,7.24,-0,31.2,2,5.64,5.74,4.98,1.5,3.18,26.86,9.26,5.44,3.3,-0,12.05,0,3.7,
lp dual value: 837.917
obj val: 827.04
WARNING dual values for unit upper bounds on arcs
STATS - lpIterations[2] lagIterations[17] sspIterations[124] numSeparations[82] numCuts[20] compileTime[6] sspSolveTime[19] lpSolveTime[1] lb[827.04] ub[827.3] numArcs: [242941] numFixed: [239659] time: [331]
STATS1 - lpIterations[2] lagIterations[17] sspIterations[124] numSeparations[82] numCuts[20] compileTime[6] sspSolveTime[19] lpSolveTime[1] repairTime[3] cutsTime[12] alphaTime[0] decompTime[0] yellowTime[0] updateTime[1] fixTime[26] lb[827.04] ub[827.3] numArcs: [242941] numFixed: [239659] time: [331]
running primal heuristic MIP
primal heuristic num vars: 190
primal heuristic MIP obj: 827.3
feasible primal routes: 
route: 
0 32 33 31 35 37 38 39 104 36 34 0 
route: 
0 57 55 54 53 56 58 60 59 0 
route: 
0 98 96 95 94 92 93 97 101 100 99 0 
route: 
0 13 17 18 19 15 16 14 12 0 
route: 
0 67 65 63 62 74 72 61 64 68 102 66 69 0 
route: 
0 20 24 25 27 29 30 28 103 26 23 22 21 0 
route: 
0 43 42 41 40 44 46 45 48 51 50 106 52 49 47 0 
route: 
0 90 87 86 83 82 84 85 88 89 91 0 
route: 
0 5 3 7 8 10 11 9 6 4 2 1 75 0 
route: 
0 81 78 105 76 71 70 73 77 79 80 0 
no rcc cuts found
no comb cuts found
separating route arcs: 1 238955 8418 26264 
separating route locations: 3 96 95 94 
separating route arcs: 2 237751 6250 35766 
separating route locations: 5 7 8 10 
separating route arcs: 52 238240 8246 21583 
separating route locations: 98 94 95 94 
separating route arcs: 52 238241 239133 21504 75196 97993 120277 123584 
separating route locations: 98 96 94 92 93 97 101 100 
separating route arcs: 52 238241 239135 239160 75196 97993 120277 123584 153251 178875 
separating route locations: 98 96 95 92 93 97 101 100 99 96 
Dual needs repair, spl: -20.24
Dual needs repair, spl: -13.48
Dual needs repair, spl: -10.58
Dual needs repair, spl: -7.41667
Dual needs repair, spl: -2.94166
Dual needs repair, spl: -2.87332
Dual needs repair, spl: -2.42611
Dual needs repair, spl: -1.16999
Dual needs repair, spl: -1.10833
Dual needs repair, spl: -0.294157
Dual needs repair, spl: -0.1
Dual needs repair, spl: -0.09235
Dual needs repair, spl: -0.0294067
Dual needs repair, spl: -0.00768484
Dual needs repair, spl: -0.00293167
Dual needs repair, spl: -0.000629403
Dual needs repair, spl: -0.000524032
lambda: -0,-5.32907e-15,4.08786,0.213106,11.2331,-0,-0,0.7,15.6731,8.62311,4.47311,9.42311,9.3375,21.3875,8.2875,10.9875,16.3375,8.0875,10.2875,11.0875,8.93144,1.30755,1.29922,9.65833,8.43144,2.7981,1.25833,2.225,2.25833,7.09167,4.25833,-0,27.7492,8.54922,12.2492,14.3492,8.74922,3.34922,4.35,4.89922,4.5,4.3,4.5,12.7,3.6,9.42,1.9,7.642,0,0.6,-0,7.122,2.5,7.17243,10.6524,17.6724,-0,22.1524,10.4524,10.4524,13.8524,7.72,4.7,2,9,1.6,2.3,11.9,0,8.56255,-0,8.73212,1.05212,5.73212,3,0,5.73212,2.05212,1.05212,0,47.0721,45.4521,5.2,-0,17.4679,-0,10.5879,-0,29.8479,-0,5.38786,-0,31.2,2,5.64,5.74,4.81286,1.5,1.495,25.0079,9.26,5.44,3.03043,-0,11.9492,0,2.642,
mu: 0,0,0,0,0,0,0,0,0,0,0,0,0,0,0,0,0,0,0,0,
combDuals: 
srcDuals: 
fixed dual: 0
fixing. lower bound used: 781.048
update best LP dual for fixing. Percent: 69.7823
fix with best duals from LAG. Using: 1 dual(s)
lambda: 0,0.956986,5.51376,1.764,7.30948,0.329665,8.50585,2.17207,8.32585,6.70585,6.37585,8.62585,12.6451,11.1687,17.5302,9.57532,17.9302,8.47019,8.87019,9.61019,3.38417,3.02447,3.22447,3.7396,3.9396,3.9496,3.6491,4.1496,5.9796,4.8101,4.8701,8.01276,10.46,11.03,7.44,8.58,11.57,8.48723,13.34,9.04,4.97343,4.77343,6.74087,4.53287,5.06343,9.60343,9.06343,1.91532,4.37221,2.86868,0,5.08067,3.3384,6.90524,15.9697,4.29233,17.9697,14.1577,13.4697,10.2204,18.7077,3.16764,4.53764,7.98764,11.0297,2.58814,2.38655,2.8469,1.80448,6.98655,20.5447,14.3947,3.31764,8.56469,10.8376,2.79231,8.21469,13.3947,13.0347,8.09469,8.81829,17.2147,7.71124,4.19832,6.70537,6.46515,6.18233,8.62233,11.6754,8.46537,5.04482,6.71307,6.93786,16.4768,6.0312,7.39463,4.72685,11.3982,4.73495,12.745,10.745,11.435,1.80448,5.9796,9.04,13.0347,2.27365,
mu: 0,0,0,0,0,0,0,0,0,0,0,0,0,0,0,0,0,0,0,0,
combDuals: 
srcDuals: 
fixed dual: 0
fixing. lower bound used: 818.184
num vars: 3760
DUALS: -0,0.4,5.5,-0,2,-0,-0,0.8,20.9,10.75,16.45,2.5,7.1,26.1,28.7,7.5,11,4.5,6.7,7.5,10,2,1.4,3.4,5.8,3,2,2.1,10.8,6.2,4,3.8,16.25,16.25,18.2,12.6,8.9,4.1,5,5,2.8,10.65,10.85,8.65,2.2,9.5,2.6,7.2,0.1,2.1,-0,9,2.5,7.1,10.2,18.15,-0,26.8,10,10.6,18.85,5.4,3.4,7.35,12.1,5.65,2.3,7.85,-0,8,-0,14.2,5,11.2,3.4,0.5,11.2,4,-0,1,45.5,47.4,10.75,5.55,17.05,-0,5.2,10.2,11.1,15.05,1,-0,40.1,0,4.2,4.5,1.4,2.2,2.2,26.2,9.2,5.8,3.3,-0,6.9,0,2.2,
lp dual value: 848.6
obj val: 827.3
WARNING dual values for unit upper bounds on arcs
STATS - lpIterations[3] lagIterations[17] sspIterations[124] numSeparations[87] numCuts[20] compileTime[6] sspSolveTime[19] lpSolveTime[2] lb[827.3] ub[827.3] numArcs: [243339] numFixed: [240115] time: [338]
STATS1 - lpIterations[3] lagIterations[17] sspIterations[124] numSeparations[87] numCuts[20] compileTime[6] sspSolveTime[19] lpSolveTime[2] repairTime[5] cutsTime[12] alphaTime[0] decompTime[0] yellowTime[0] updateTime[1] fixTime[26] lb[827.3] ub[827.3] numArcs: [243339] numFixed: [240115] time: [338]
running primal heuristic MIP
primal heuristic num vars: 190
primal heuristic MIP obj: 827.3
feasible primal routes: 
route: 
0 32 33 31 35 37 38 39 104 36 34 0 
route: 
0 57 55 54 53 56 58 60 59 0 
route: 
0 98 96 95 94 92 93 97 101 100 99 0 
route: 
0 13 17 18 19 15 16 14 12 0 
route: 
0 67 65 63 62 74 72 61 64 68 102 66 69 0 
route: 
0 20 24 25 27 29 30 28 103 26 23 22 21 0 
route: 
0 43 42 41 40 44 46 45 48 51 50 106 52 49 47 0 
route: 
0 90 87 86 83 82 84 85 88 89 91 0 
route: 
0 5 3 7 8 10 11 9 6 4 2 1 75 0 
route: 
0 81 78 105 76 71 70 73 77 79 80 0 
integral solution - no cut added
no comb cuts found
routes: 
flow {1}: 0 90 87 86 83 82 84 85 88 89 91 
flow {1}: 0 5 3 7 8 10 11 9 6 4 2 1 75 
flow {1}: 0 13 17 18 19 15 16 14 12 
flow {1}: 0 20 24 25 27 29 30 28 103 26 23 22 21 
flow {1}: 0 32 33 31 35 37 38 39 104 36 34 
flow {1}: 0 43 42 41 40 44 46 45 48 51 50 106 52 49 47 
flow {1}: 0 57 55 54 53 56 58 60 59 
flow {1}: 0 67 65 63 62 74 72 61 64 68 102 66 69 
flow {1}: 0 81 78 105 76 71 70 73 77 79 80 
flow {1}: 0 98 96 95 94 92 93 97 101 100 99 
no more separations possible
no more separations or cuts possible
LP solved - switching to IP
lambda: -0,-5.32907e-15,4.08786,0.213106,11.2331,-0,-0,0.7,15.6731,8.62311,4.47311,9.42311,9.3375,21.3875,8.2875,10.9875,16.3375,8.0875,10.2875,11.0875,8.93144,1.30755,1.29922,9.65833,8.43144,2.7981,1.25833,2.225,2.25833,7.09167,4.25833,-0,27.7492,8.54922,12.2492,14.3492,8.74922,3.34922,4.35,4.89922,4.5,4.3,4.5,12.7,3.6,9.42,1.9,7.642,0,0.6,-0,7.122,2.5,7.17243,10.6524,17.6724,-0,22.1524,10.4524,10.4524,13.8524,7.72,4.7,2,9,1.6,2.3,11.9,0,8.56255,-0,8.73212,1.05212,5.73212,3,0,5.73212,2.05212,1.05212,0,47.0721,45.4521,5.2,-0,17.4679,-0,10.5879,-0,29.8479,-0,5.38786,-0,31.2,2,5.64,5.74,4.81286,1.5,1.495,25.0079,9.26,5.44,3.03043,-0,11.9492,0,2.642,
mu: 0,0,0,0,0,0,0,0,0,0,0,0,0,0,0,0,0,0,0,0,
combDuals: 
srcDuals: 
fixed dual: 0
fixing. lower bound used: 781.048
Dual needs repair, spl: -7.4
Dual needs repair, spl: -5.75
Dual needs repair, spl: -4.45
Dual needs repair, spl: -3.3
Dual needs repair, spl: -2.21999
Dual needs repair, spl: -0.784604
Dual needs repair, spl: -0.665991
Dual needs repair, spl: -0.444991
Dual needs repair, spl: -0.4
Dual needs repair, spl: -0.4
Dual needs repair, spl: -0.228392
Dual needs repair, spl: -0.123068
Dual needs repair, spl: -0.114281
Dual needs repair, spl: -0.0913507
Dual needs repair, spl: -0.0365343
Dual needs repair, spl: -0.0326466
Dual needs repair, spl: -0.0189225
Dual needs repair, spl: -0.0146077
Dual needs repair, spl: -0.00932261
Dual needs repair, spl: -0.00583708
Dual needs repair, spl: -0.00290016
Dual needs repair, spl: -0.0026586
Dual needs repair, spl: -0.00232883
Dual needs repair, spl: -0.000991976
Dual needs repair, spl: -0.000925533
Dual needs repair, spl: -0.000435178
Dual needs repair, spl: -0.000319533
Dual needs repair, spl: -0.00027269
lambda: -0,0.358003,5.458,-0,1.99967,-0,-0,0.719911,20.8199,10.6699,16.3699,2.41991,6.6875,25.6875,28.2875,7.0875,10.5875,4.0875,6.2875,7.0875,10,2,1.4,3.4,5.8,3,2,2.1,10.8,6.2,4,3.8,16.25,16.25,18.2,12.6,8.9,4.1,5,5,2.28636,10.1364,10.3364,8.13636,1.68636,8.98636,2.08636,6.68636,0,1.58636,-0,8.48636,2.5,7.1,10.2,18.15,-0,26.8,10,10.6,18.85,4.9105,2.9105,6.8605,11.6105,5.1605,2.2555,7.3605,-0,7.5105,-0,13.1333,4.5105,10.1333,2.9105,0.458003,10.1333,2.93329,-0,0,44.4333,46.3333,10.75,5.55,17.05,-0,5.2,10.2,11.1,15.05,1,-0,40.058,0,4.18877,4.458,1.38877,2.158,2.2,26.158,9.158,5.758,2.855,-0,6.9,0,1.68636,
mu: 0,0,0,0,0,0,0,0,0,0,0,0,0,0,0,0,0,0,0,0,
combDuals: 
srcDuals: 
fixed dual: 0
fixing. lower bound used: 826.453
update best LP dual for fixing. Percent: 99.5989
fix with best duals from LAG. Using: 1 dual(s)
lambda: 0,0.956986,5.51376,1.764,7.30948,0.329665,8.50585,2.17207,8.32585,6.70585,6.37585,8.62585,12.6451,11.1687,17.5302,9.57532,17.9302,8.47019,8.87019,9.61019,3.38417,3.02447,3.22447,3.7396,3.9396,3.9496,3.6491,4.1496,5.9796,4.8101,4.8701,8.01276,10.46,11.03,7.44,8.58,11.57,8.48723,13.34,9.04,4.97343,4.77343,6.74087,4.53287,5.06343,9.60343,9.06343,1.91532,4.37221,2.86868,0,5.08067,3.3384,6.90524,15.9697,4.29233,17.9697,14.1577,13.4697,10.2204,18.7077,3.16764,4.53764,7.98764,11.0297,2.58814,2.38655,2.8469,1.80448,6.98655,20.5447,14.3947,3.31764,8.56469,10.8376,2.79231,8.21469,13.3947,13.0347,8.09469,8.81829,17.2147,7.71124,4.19832,6.70537,6.46515,6.18233,8.62233,11.6754,8.46537,5.04482,6.71307,6.93786,16.4768,6.0312,7.39463,4.72685,11.3982,4.73495,12.745,10.745,11.435,1.80448,5.9796,9.04,13.0347,2.27365,
mu: 0,0,0,0,0,0,0,0,0,0,0,0,0,0,0,0,0,0,0,0,
combDuals: 
srcDuals: 
fixed dual: 0
fixing. lower bound used: 818.184
solving IP
num vars: 281
STATS - lpIterations[4] lagIterations[17] sspIterations[124] numSeparations[87] numCuts[20] compileTime[6] sspSolveTime[19] lpSolveTime[3] lb[827.3] ub[827.3] numArcs: [243339] numFixed: [243594] time: [340]
STATS1 - lpIterations[4] lagIterations[17] sspIterations[124] numSeparations[87] numCuts[20] compileTime[6] sspSolveTime[19] lpSolveTime[3] repairTime[6] cutsTime[12] alphaTime[0] decompTime[0] yellowTime[0] updateTime[1] fixTime[26] lb[827.3] ub[827.3] numArcs: [243339] numFixed: [243594] time: [340]
running primal heuristic MIP
primal heuristic num vars: 190
primal heuristic MIP obj: 827.3
feasible primal routes: 
route: 
0 32 33 31 35 37 38 39 104 36 34 0 
route: 
0 57 55 54 53 56 58 60 59 0 
route: 
0 98 96 95 94 92 93 97 101 100 99 0 
route: 
0 13 17 18 19 15 16 14 12 0 
route: 
0 67 65 63 62 74 72 61 64 68 102 66 69 0 
route: 
0 20 24 25 27 29 30 28 103 26 23 22 21 0 
route: 
0 43 42 41 40 44 46 45 48 51 50 106 52 49 47 0 
route: 
0 90 87 86 83 82 84 85 88 89 91 0 
route: 
0 5 3 7 8 10 11 9 6 4 2 1 75 0 
route: 
0 81 78 105 76 71 70 73 77 79 80 0 
routes: 
flow {1}: 0 90 87 86 83 82 84 85 88 89 91 
flow {1}: 0 5 3 7 8 10 11 9 6 4 2 1 75 
flow {1}: 0 13 17 18 19 15 16 14 12 
flow {1}: 0 20 24 25 27 29 30 28 103 26 23 22 21 
flow {1}: 0 32 33 31 35 37 38 39 104 36 34 
flow {1}: 0 43 42 41 40 44 46 45 48 51 50 106 52 49 47 
flow {1}: 0 57 55 54 53 56 58 60 59 
flow {1}: 0 67 65 63 62 74 72 61 64 68 102 66 69 
flow {1}: 0 81 78 105 76 71 70 73 77 79 80 
flow {1}: 0 98 96 95 94 92 93 97 101 100 99 
no more separations possible
no more separations or cuts possible
updating precision using multiplier
new timeStateMultiplier: 100
lambda: -0,0.358003,5.458,-0,1.99967,-0,-0,0.719911,20.8199,10.6699,16.3699,2.41991,6.6875,25.6875,28.2875,7.0875,10.5875,4.0875,6.2875,7.0875,10,2,1.4,3.4,5.8,3,2,2.1,10.8,6.2,4,3.8,16.25,16.25,18.2,12.6,8.9,4.1,5,5,2.28636,10.1364,10.3364,8.13636,1.68636,8.98636,2.08636,6.68636,0,1.58636,-0,8.48636,2.5,7.1,10.2,18.15,-0,26.8,10,10.6,18.85,4.9105,2.9105,6.8605,11.6105,5.1605,2.2555,7.3605,-0,7.5105,-0,13.1333,4.5105,10.1333,2.9105,0.458003,10.1333,2.93329,-0,0,44.4333,46.3333,10.75,5.55,17.05,-0,5.2,10.2,11.1,15.05,1,-0,40.058,0,4.18877,4.458,1.38877,2.158,2.2,26.158,9.158,5.758,2.855,-0,6.9,0,1.68636,
mu: 0,0,0,0,0,0,0,0,0,0,0,0,0,0,0,0,0,0,0,0,
combDuals: 
srcDuals: 
fixed dual: 0
fixing. lower bound used: 826.453
lambda: -0,0.358003,5.458,-0,1.99967,-0,-0,0.719911,20.8199,10.6699,16.3699,2.41991,6.6875,25.6875,28.2875,7.0875,10.5875,4.0875,6.2875,7.0875,10,2,1.4,3.4,5.8,3,2,2.1,10.8,6.2,4,3.8,16.25,16.25,18.2,12.6,8.9,4.1,5,5,2.28636,10.1364,10.3364,8.13636,1.68636,8.98636,2.08636,6.68636,0,1.58636,-0,8.48636,2.5,7.1,10.2,18.15,-0,26.8,10,10.6,18.85,4.9105,2.9105,6.8605,11.6105,5.1605,2.2555,7.3605,-0,7.5105,-0,13.1333,4.5105,10.1333,2.9105,0.458003,10.1333,2.93329,-0,0,44.4333,46.3333,10.75,5.55,17.05,-0,5.2,10.2,11.1,15.05,1,-0,40.058,0,4.18877,4.458,1.38877,2.158,2.2,26.158,9.158,5.758,2.855,-0,6.9,0,1.68636,
mu: 0,0,0,0,0,0,0,0,0,0,0,0,0,0,0,0,0,0,0,0,
combDuals: 
srcDuals: 
fixed dual: 0
fixing. lower bound used: 826.453
update best LP dual for fixing. Percent: 99.6099
fix with best duals from LAG. Using: 1 dual(s)
lambda: 0,0.956986,5.51376,1.764,7.30948,0.329665,8.50585,2.17207,8.32585,6.70585,6.37585,8.62585,12.6451,11.1687,17.5302,9.57532,17.9302,8.47019,8.87019,9.61019,3.38417,3.02447,3.22447,3.7396,3.9396,3.9496,3.6491,4.1496,5.9796,4.8101,4.8701,8.01276,10.46,11.03,7.44,8.58,11.57,8.48723,13.34,9.04,4.97343,4.77343,6.74087,4.53287,5.06343,9.60343,9.06343,1.91532,4.37221,2.86868,0,5.08067,3.3384,6.90524,15.9697,4.29233,17.9697,14.1577,13.4697,10.2204,18.7077,3.16764,4.53764,7.98764,11.0297,2.58814,2.38655,2.8469,1.80448,6.98655,20.5447,14.3947,3.31764,8.56469,10.8376,2.79231,8.21469,13.3947,13.0347,8.09469,8.81829,17.2147,7.71124,4.19832,6.70537,6.46515,6.18233,8.62233,11.6754,8.46537,5.04482,6.71307,6.93786,16.4768,6.0312,7.39463,4.72685,11.3982,4.73495,12.745,10.745,11.435,1.80448,5.9796,9.04,13.0347,2.27365,
mu: 0,0,0,0,0,0,0,0,0,0,0,0,0,0,0,0,0,0,0,0,
combDuals: 
srcDuals: 
fixed dual: 0
fixing. lower bound used: 818.184
solving IP
num vars: 254
STATS - lpIterations[5] lagIterations[17] sspIterations[124] numSeparations[87] numCuts[20] compileTime[6] sspSolveTime[19] lpSolveTime[4] lb[828.73] ub[827.3] numArcs: [243339] numFixed: [243621] time: [342]
STATS1 - lpIterations[5] lagIterations[17] sspIterations[124] numSeparations[87] numCuts[20] compileTime[6] sspSolveTime[19] lpSolveTime[4] repairTime[6] cutsTime[12] alphaTime[0] decompTime[0] yellowTime[0] updateTime[1] fixTime[26] lb[828.73] ub[827.3] numArcs: [243339] numFixed: [243621] time: [342]
running primal heuristic MIP
primal heuristic num vars: 190
primal heuristic MIP obj: 827.3
feasible primal routes: 
route: 
0 32 33 31 35 37 38 39 104 36 34 0 
route: 
0 57 55 54 53 56 58 60 59 0 
route: 
0 98 96 95 94 92 93 97 101 100 99 0 
route: 
0 13 17 18 19 15 16 14 12 0 
route: 
0 67 65 63 62 74 72 61 64 68 102 66 69 0 
route: 
0 20 24 25 27 29 30 28 103 26 23 22 21 0 
route: 
0 43 42 41 40 44 46 45 48 51 50 106 52 49 47 0 
route: 
0 90 87 86 83 82 84 85 88 89 91 0 
route: 
0 5 3 7 8 10 11 9 6 4 2 1 75 0 
route: 
0 81 78 105 76 71 70 73 77 79 80 0 
routes: 
flow {1}: 0 90 87 86 83 82 84 85 88 89 91 
flow {1}: 0 5 3 7 8 10 11 9 6 4 2 1 75 
flow {1}: 0 13 17 18 19 15 16 14 12 
flow {1}: 0 20 24 25 27 29 30 28 103 26 23 22 21 
flow {1}: 0 32 33 31 35 37 38 39 104 36 34 
flow {1}: 0 43 42 41 40 44 46 45 48 51 50 106 52 49 47 
flow {1}: 0 57 55 54 53 56 58 60 59 
flow {1}: 0 67 65 63 62 74 72 61 64 68 102 66 69 
flow {1}: 0 81 78 105 76 71 70 73 77 79 80 
flow {1}: 0 98 96 95 94 92 93 97 101 100 99 
no more separations possible
no more separations or cuts possible
updating precision using multiplier
new timeStateMultiplier: 1000
lambda: -0,0.358003,5.458,-0,1.99967,-0,-0,0.719911,20.8199,10.6699,16.3699,2.41991,6.6875,25.6875,28.2875,7.0875,10.5875,4.0875,6.2875,7.0875,10,2,1.4,3.4,5.8,3,2,2.1,10.8,6.2,4,3.8,16.25,16.25,18.2,12.6,8.9,4.1,5,5,2.28636,10.1364,10.3364,8.13636,1.68636,8.98636,2.08636,6.68636,0,1.58636,-0,8.48636,2.5,7.1,10.2,18.15,-0,26.8,10,10.6,18.85,4.9105,2.9105,6.8605,11.6105,5.1605,2.2555,7.3605,-0,7.5105,-0,13.1333,4.5105,10.1333,2.9105,0.458003,10.1333,2.93329,-0,0,44.4333,46.3333,10.75,5.55,17.05,-0,5.2,10.2,11.1,15.05,1,-0,40.058,0,4.18877,4.458,1.38877,2.158,2.2,26.158,9.158,5.758,2.855,-0,6.9,0,1.68636,
mu: 0,0,0,0,0,0,0,0,0,0,0,0,0,0,0,0,0,0,0,0,
combDuals: 
srcDuals: 
fixed dual: 0
fixing. lower bound used: 826.453
lambda: -0,0.358003,5.458,-0,1.99967,-0,-0,0.719911,20.8199,10.6699,16.3699,2.41991,6.6875,25.6875,28.2875,7.0875,10.5875,4.0875,6.2875,7.0875,10,2,1.4,3.4,5.8,3,2,2.1,10.8,6.2,4,3.8,16.25,16.25,18.2,12.6,8.9,4.1,5,5,2.28636,10.1364,10.3364,8.13636,1.68636,8.98636,2.08636,6.68636,0,1.58636,-0,8.48636,2.5,7.1,10.2,18.15,-0,26.8,10,10.6,18.85,4.9105,2.9105,6.8605,11.6105,5.1605,2.2555,7.3605,-0,7.5105,-0,13.1333,4.5105,10.1333,2.9105,0.458003,10.1333,2.93329,-0,0,44.4333,46.3333,10.75,5.55,17.05,-0,5.2,10.2,11.1,15.05,1,-0,40.058,0,4.18877,4.458,1.38877,2.158,2.2,26.158,9.158,5.758,2.855,-0,6.9,0,1.68636,
mu: 0,0,0,0,0,0,0,0,0,0,0,0,0,0,0,0,0,0,0,0,
combDuals: 
srcDuals: 
fixed dual: 0
fixing. lower bound used: 826.453
update best LP dual for fixing. Percent: 99.6136
fix with best duals from LAG. Using: 1 dual(s)
lambda: 0,0.956986,5.51376,1.764,7.30948,0.329665,8.50585,2.17207,8.32585,6.70585,6.37585,8.62585,12.6451,11.1687,17.5302,9.57532,17.9302,8.47019,8.87019,9.61019,3.38417,3.02447,3.22447,3.7396,3.9396,3.9496,3.6491,4.1496,5.9796,4.8101,4.8701,8.01276,10.46,11.03,7.44,8.58,11.57,8.48723,13.34,9.04,4.97343,4.77343,6.74087,4.53287,5.06343,9.60343,9.06343,1.91532,4.37221,2.86868,0,5.08067,3.3384,6.90524,15.9697,4.29233,17.9697,14.1577,13.4697,10.2204,18.7077,3.16764,4.53764,7.98764,11.0297,2.58814,2.38655,2.8469,1.80448,6.98655,20.5447,14.3947,3.31764,8.56469,10.8376,2.79231,8.21469,13.3947,13.0347,8.09469,8.81829,17.2147,7.71124,4.19832,6.70537,6.46515,6.18233,8.62233,11.6754,8.46537,5.04482,6.71307,6.93786,16.4768,6.0312,7.39463,4.72685,11.3982,4.73495,12.745,10.745,11.435,1.80448,5.9796,9.04,13.0347,2.27365,
mu: 0,0,0,0,0,0,0,0,0,0,0,0,0,0,0,0,0,0,0,0,
combDuals: 
srcDuals: 
fixed dual: 0
fixing. lower bound used: 818.184
solving IP
num vars: 243
STATS - lpIterations[6] lagIterations[17] sspIterations[124] numSeparations[87] numCuts[20] compileTime[6] sspSolveTime[19] lpSolveTime[5] lb[828.919] ub[827.3] numArcs: [243339] numFixed: [243632] time: [343]
STATS1 - lpIterations[6] lagIterations[17] sspIterations[124] numSeparations[87] numCuts[20] compileTime[6] sspSolveTime[19] lpSolveTime[5] repairTime[6] cutsTime[12] alphaTime[0] decompTime[0] yellowTime[0] updateTime[1] fixTime[26] lb[828.919] ub[827.3] numArcs: [243339] numFixed: [243632] time: [343]
running primal heuristic MIP
primal heuristic num vars: 190
primal heuristic MIP obj: 827.3
feasible primal routes: 
route: 
0 32 33 31 35 37 38 39 104 36 34 0 
route: 
0 57 55 54 53 56 58 60 59 0 
route: 
0 98 96 95 94 92 93 97 101 100 99 0 
route: 
0 13 17 18 19 15 16 14 12 0 
route: 
0 67 65 63 62 74 72 61 64 68 102 66 69 0 
route: 
0 20 24 25 27 29 30 28 103 26 23 22 21 0 
route: 
0 43 42 41 40 44 46 45 48 51 50 106 52 49 47 0 
route: 
0 90 87 86 83 82 84 85 88 89 91 0 
route: 
0 5 3 7 8 10 11 9 6 4 2 1 75 0 
route: 
0 81 78 105 76 71 70 73 77 79 80 0 
routes: 
flow {1}: 0 90 87 86 83 82 84 85 88 89 91 
flow {1}: 0 5 3 7 8 10 11 9 6 4 2 1 75 
flow {1}: 0 13 17 18 19 15 16 14 12 
flow {1}: 0 20 24 25 27 29 30 28 103 26 23 22 21 
flow {1}: 0 32 33 31 35 37 38 39 104 36 34 
flow {1}: 0 43 42 41 40 44 46 45 48 51 50 106 52 49 47 
flow {1}: 0 57 55 54 53 56 58 60 59 
flow {1}: 0 67 65 63 62 74 72 61 64 68 102 66 69 
flow {1}: 0 81 78 105 76 71 70 73 77 79 80 
flow {1}: 0 98 96 95 94 92 93 97 101 100 99 
no more separations possible
no more separations or cuts possible
updating precision using multiplier
new timeStateMultiplier: 10000
lambda: -0,0.358003,5.458,-0,1.99967,-0,-0,0.719911,20.8199,10.6699,16.3699,2.41991,6.6875,25.6875,28.2875,7.0875,10.5875,4.0875,6.2875,7.0875,10,2,1.4,3.4,5.8,3,2,2.1,10.8,6.2,4,3.8,16.25,16.25,18.2,12.6,8.9,4.1,5,5,2.28636,10.1364,10.3364,8.13636,1.68636,8.98636,2.08636,6.68636,0,1.58636,-0,8.48636,2.5,7.1,10.2,18.15,-0,26.8,10,10.6,18.85,4.9105,2.9105,6.8605,11.6105,5.1605,2.2555,7.3605,-0,7.5105,-0,13.1333,4.5105,10.1333,2.9105,0.458003,10.1333,2.93329,-0,0,44.4333,46.3333,10.75,5.55,17.05,-0,5.2,10.2,11.1,15.05,1,-0,40.058,0,4.18877,4.458,1.38877,2.158,2.2,26.158,9.158,5.758,2.855,-0,6.9,0,1.68636,
mu: 0,0,0,0,0,0,0,0,0,0,0,0,0,0,0,0,0,0,0,0,
combDuals: 
srcDuals: 
fixed dual: 0
fixing. lower bound used: 826.453
lambda: -0,0.358003,5.458,-0,1.99967,-0,-0,0.719911,20.8199,10.6699,16.3699,2.41991,6.6875,25.6875,28.2875,7.0875,10.5875,4.0875,6.2875,7.0875,10,2,1.4,3.4,5.8,3,2,2.1,10.8,6.2,4,3.8,16.25,16.25,18.2,12.6,8.9,4.1,5,5,2.28636,10.1364,10.3364,8.13636,1.68636,8.98636,2.08636,6.68636,0,1.58636,-0,8.48636,2.5,7.1,10.2,18.15,-0,26.8,10,10.6,18.85,4.9105,2.9105,6.8605,11.6105,5.1605,2.2555,7.3605,-0,7.5105,-0,13.1333,4.5105,10.1333,2.9105,0.458003,10.1333,2.93329,-0,0,44.4333,46.3333,10.75,5.55,17.05,-0,5.2,10.2,11.1,15.05,1,-0,40.058,0,4.18877,4.458,1.38877,2.158,2.2,26.158,9.158,5.758,2.855,-0,6.9,0,1.68636,
mu: 0,0,0,0,0,0,0,0,0,0,0,0,0,0,0,0,0,0,0,0,
combDuals: 
srcDuals: 
fixed dual: 0
fixing. lower bound used: 826.453
update best LP dual for fixing. Percent: 99.6144
fix with best duals from LAG. Using: 1 dual(s)
lambda: 0,0.956986,5.51376,1.764,7.30948,0.329665,8.50585,2.17207,8.32585,6.70585,6.37585,8.62585,12.6451,11.1687,17.5302,9.57532,17.9302,8.47019,8.87019,9.61019,3.38417,3.02447,3.22447,3.7396,3.9396,3.9496,3.6491,4.1496,5.9796,4.8101,4.8701,8.01276,10.46,11.03,7.44,8.58,11.57,8.48723,13.34,9.04,4.97343,4.77343,6.74087,4.53287,5.06343,9.60343,9.06343,1.91532,4.37221,2.86868,0,5.08067,3.3384,6.90524,15.9697,4.29233,17.9697,14.1577,13.4697,10.2204,18.7077,3.16764,4.53764,7.98764,11.0297,2.58814,2.38655,2.8469,1.80448,6.98655,20.5447,14.3947,3.31764,8.56469,10.8376,2.79231,8.21469,13.3947,13.0347,8.09469,8.81829,17.2147,7.71124,4.19832,6.70537,6.46515,6.18233,8.62233,11.6754,8.46537,5.04482,6.71307,6.93786,16.4768,6.0312,7.39463,4.72685,11.3982,4.73495,12.745,10.745,11.435,1.80448,5.9796,9.04,13.0347,2.27365,
mu: 0,0,0,0,0,0,0,0,0,0,0,0,0,0,0,0,0,0,0,0,
combDuals: 
srcDuals: 
fixed dual: 0
fixing. lower bound used: 818.184
solving IP
num vars: 243
STATS - lpIterations[7] lagIterations[17] sspIterations[124] numSeparations[87] numCuts[20] compileTime[6] sspSolveTime[19] lpSolveTime[6] lb[828.935] ub[827.3] numArcs: [243339] numFixed: [243632] time: [344]
STATS1 - lpIterations[7] lagIterations[17] sspIterations[124] numSeparations[87] numCuts[20] compileTime[6] sspSolveTime[19] lpSolveTime[6] repairTime[6] cutsTime[12] alphaTime[0] decompTime[0] yellowTime[0] updateTime[1] fixTime[26] lb[828.935] ub[827.3] numArcs: [243339] numFixed: [243632] time: [344]
running primal heuristic MIP
primal heuristic num vars: 190
primal heuristic MIP obj: 827.3
feasible primal routes: 
route: 
0 32 33 31 35 37 38 39 104 36 34 0 
route: 
0 57 55 54 53 56 58 60 59 0 
route: 
0 98 96 95 94 92 93 97 101 100 99 0 
route: 
0 13 17 18 19 15 16 14 12 0 
route: 
0 67 65 63 62 74 72 61 64 68 102 66 69 0 
route: 
0 20 24 25 27 29 30 28 103 26 23 22 21 0 
route: 
0 43 42 41 40 44 46 45 48 51 50 106 52 49 47 0 
route: 
0 90 87 86 83 82 84 85 88 89 91 0 
route: 
0 5 3 7 8 10 11 9 6 4 2 1 75 0 
route: 
0 81 78 105 76 71 70 73 77 79 80 0 
routes: 
flow {1}: 0 90 87 86 83 82 84 85 88 89 91 
flow {1}: 0 5 3 7 8 10 11 9 6 4 2 1 75 
flow {1}: 0 13 17 18 19 15 16 14 12 
flow {1}: 0 20 24 25 27 29 30 28 103 26 23 22 21 
flow {1}: 0 32 33 31 35 37 38 39 104 36 34 
flow {1}: 0 43 42 41 40 44 46 45 48 51 50 106 52 49 47 
flow {1}: 0 57 55 54 53 56 58 60 59 
flow {1}: 0 67 65 63 62 74 72 61 64 68 102 66 69 
flow {1}: 0 81 78 105 76 71 70 73 77 79 80 
flow {1}: 0 98 96 95 94 92 93 97 101 100 99 
no more separations possible
no more separations or cuts possible
updating precision using multiplier
new timeStateMultiplier: 100000
lambda: -0,0.358003,5.458,-0,1.99967,-0,-0,0.719911,20.8199,10.6699,16.3699,2.41991,6.6875,25.6875,28.2875,7.0875,10.5875,4.0875,6.2875,7.0875,10,2,1.4,3.4,5.8,3,2,2.1,10.8,6.2,4,3.8,16.25,16.25,18.2,12.6,8.9,4.1,5,5,2.28636,10.1364,10.3364,8.13636,1.68636,8.98636,2.08636,6.68636,0,1.58636,-0,8.48636,2.5,7.1,10.2,18.15,-0,26.8,10,10.6,18.85,4.9105,2.9105,6.8605,11.6105,5.1605,2.2555,7.3605,-0,7.5105,-0,13.1333,4.5105,10.1333,2.9105,0.458003,10.1333,2.93329,-0,0,44.4333,46.3333,10.75,5.55,17.05,-0,5.2,10.2,11.1,15.05,1,-0,40.058,0,4.18877,4.458,1.38877,2.158,2.2,26.158,9.158,5.758,2.855,-0,6.9,0,1.68636,
mu: 0,0,0,0,0,0,0,0,0,0,0,0,0,0,0,0,0,0,0,0,
combDuals: 
srcDuals: 
fixed dual: 0
fixing. lower bound used: 826.453
lambda: -0,0.358003,5.458,-0,1.99967,-0,-0,0.719911,20.8199,10.6699,16.3699,2.41991,6.6875,25.6875,28.2875,7.0875,10.5875,4.0875,6.2875,7.0875,10,2,1.4,3.4,5.8,3,2,2.1,10.8,6.2,4,3.8,16.25,16.25,18.2,12.6,8.9,4.1,5,5,2.28636,10.1364,10.3364,8.13636,1.68636,8.98636,2.08636,6.68636,0,1.58636,-0,8.48636,2.5,7.1,10.2,18.15,-0,26.8,10,10.6,18.85,4.9105,2.9105,6.8605,11.6105,5.1605,2.2555,7.3605,-0,7.5105,-0,13.1333,4.5105,10.1333,2.9105,0.458003,10.1333,2.93329,-0,0,44.4333,46.3333,10.75,5.55,17.05,-0,5.2,10.2,11.1,15.05,1,-0,40.058,0,4.18877,4.458,1.38877,2.158,2.2,26.158,9.158,5.758,2.855,-0,6.9,0,1.68636,
mu: 0,0,0,0,0,0,0,0,0,0,0,0,0,0,0,0,0,0,0,0,
combDuals: 
srcDuals: 
fixed dual: 0
fixing. lower bound used: 826.453
fix with best duals from LAG. Using: 1 dual(s)
lambda: 0,0.956986,5.51376,1.764,7.30948,0.329665,8.50585,2.17207,8.32585,6.70585,6.37585,8.62585,12.6451,11.1687,17.5302,9.57532,17.9302,8.47019,8.87019,9.61019,3.38417,3.02447,3.22447,3.7396,3.9396,3.9496,3.6491,4.1496,5.9796,4.8101,4.8701,8.01276,10.46,11.03,7.44,8.58,11.57,8.48723,13.34,9.04,4.97343,4.77343,6.74087,4.53287,5.06343,9.60343,9.06343,1.91532,4.37221,2.86868,0,5.08067,3.3384,6.90524,15.9697,4.29233,17.9697,14.1577,13.4697,10.2204,18.7077,3.16764,4.53764,7.98764,11.0297,2.58814,2.38655,2.8469,1.80448,6.98655,20.5447,14.3947,3.31764,8.56469,10.8376,2.79231,8.21469,13.3947,13.0347,8.09469,8.81829,17.2147,7.71124,4.19832,6.70537,6.46515,6.18233,8.62233,11.6754,8.46537,5.04482,6.71307,6.93786,16.4768,6.0312,7.39463,4.72685,11.3982,4.73495,12.745,10.745,11.435,1.80448,5.9796,9.04,13.0347,2.27365,
mu: 0,0,0,0,0,0,0,0,0,0,0,0,0,0,0,0,0,0,0,0,
combDuals: 
srcDuals: 
fixed dual: 0
fixing. lower bound used: 818.184
solving IP
num vars: 243
STATS - lpIterations[8] lagIterations[17] sspIterations[124] numSeparations[87] numCuts[20] compileTime[6] sspSolveTime[19] lpSolveTime[7] lb[828.937] ub[827.3] numArcs: [243339] numFixed: [243632] time: [346]
STATS1 - lpIterations[8] lagIterations[17] sspIterations[124] numSeparations[87] numCuts[20] compileTime[6] sspSolveTime[19] lpSolveTime[7] repairTime[6] cutsTime[12] alphaTime[0] decompTime[0] yellowTime[0] updateTime[1] fixTime[26] lb[828.937] ub[827.3] numArcs: [243339] numFixed: [243632] time: [346]
running primal heuristic MIP
primal heuristic num vars: 190
primal heuristic MIP obj: 827.3
feasible primal routes: 
route: 
0 32 33 31 35 37 38 39 104 36 34 0 
route: 
0 57 55 54 53 56 58 60 59 0 
route: 
0 98 96 95 94 92 93 97 101 100 99 0 
route: 
0 13 17 18 19 15 16 14 12 0 
route: 
0 67 65 63 62 74 72 61 64 68 102 66 69 0 
route: 
0 20 24 25 27 29 30 28 103 26 23 22 21 0 
route: 
0 43 42 41 40 44 46 45 48 51 50 106 52 49 47 0 
route: 
0 90 87 86 83 82 84 85 88 89 91 0 
route: 
0 5 3 7 8 10 11 9 6 4 2 1 75 0 
route: 
0 81 78 105 76 71 70 73 77 79 80 0 
routes: 
flow {1}: 0 90 87 86 83 82 84 85 88 89 91 
flow {1}: 0 5 3 7 8 10 11 9 6 4 2 1 75 
flow {1}: 0 13 17 18 19 15 16 14 12 
flow {1}: 0 20 24 25 27 29 30 28 103 26 23 22 21 
flow {1}: 0 32 33 31 35 37 38 39 104 36 34 
flow {1}: 0 43 42 41 40 44 46 45 48 51 50 106 52 49 47 
flow {1}: 0 57 55 54 53 56 58 60 59 
flow {1}: 0 67 65 63 62 74 72 61 64 68 102 66 69 
flow {1}: 0 81 78 105 76 71 70 73 77 79 80 
flow {1}: 0 98 96 95 94 92 93 97 101 100 99 
no more separations possible
no more separations or cuts possible
updating precision using multiplier
new timeStateMultiplier: 1000000
lambda: -0,0.358003,5.458,-0,1.99967,-0,-0,0.719911,20.8199,10.6699,16.3699,2.41991,6.6875,25.6875,28.2875,7.0875,10.5875,4.0875,6.2875,7.0875,10,2,1.4,3.4,5.8,3,2,2.1,10.8,6.2,4,3.8,16.25,16.25,18.2,12.6,8.9,4.1,5,5,2.28636,10.1364,10.3364,8.13636,1.68636,8.98636,2.08636,6.68636,0,1.58636,-0,8.48636,2.5,7.1,10.2,18.15,-0,26.8,10,10.6,18.85,4.9105,2.9105,6.8605,11.6105,5.1605,2.2555,7.3605,-0,7.5105,-0,13.1333,4.5105,10.1333,2.9105,0.458003,10.1333,2.93329,-0,0,44.4333,46.3333,10.75,5.55,17.05,-0,5.2,10.2,11.1,15.05,1,-0,40.058,0,4.18877,4.458,1.38877,2.158,2.2,26.158,9.158,5.758,2.855,-0,6.9,0,1.68636,
mu: 0,0,0,0,0,0,0,0,0,0,0,0,0,0,0,0,0,0,0,0,
combDuals: 
srcDuals: 
fixed dual: 0
fixing. lower bound used: 826.453
lambda: -0,0.358003,5.458,-0,1.99967,-0,-0,0.719911,20.8199,10.6699,16.3699,2.41991,6.6875,25.6875,28.2875,7.0875,10.5875,4.0875,6.2875,7.0875,10,2,1.4,3.4,5.8,3,2,2.1,10.8,6.2,4,3.8,16.25,16.25,18.2,12.6,8.9,4.1,5,5,2.28636,10.1364,10.3364,8.13636,1.68636,8.98636,2.08636,6.68636,0,1.58636,-0,8.48636,2.5,7.1,10.2,18.15,-0,26.8,10,10.6,18.85,4.9105,2.9105,6.8605,11.6105,5.1605,2.2555,7.3605,-0,7.5105,-0,13.1333,4.5105,10.1333,2.9105,0.458003,10.1333,2.93329,-0,0,44.4333,46.3333,10.75,5.55,17.05,-0,5.2,10.2,11.1,15.05,1,-0,40.058,0,4.18877,4.458,1.38877,2.158,2.2,26.158,9.158,5.758,2.855,-0,6.9,0,1.68636,
mu: 0,0,0,0,0,0,0,0,0,0,0,0,0,0,0,0,0,0,0,0,
combDuals: 
srcDuals: 
fixed dual: 0
fixing. lower bound used: 826.453
fix with best duals from LAG. Using: 1 dual(s)
lambda: 0,0.956986,5.51376,1.764,7.30948,0.329665,8.50585,2.17207,8.32585,6.70585,6.37585,8.62585,12.6451,11.1687,17.5302,9.57532,17.9302,8.47019,8.87019,9.61019,3.38417,3.02447,3.22447,3.7396,3.9396,3.9496,3.6491,4.1496,5.9796,4.8101,4.8701,8.01276,10.46,11.03,7.44,8.58,11.57,8.48723,13.34,9.04,4.97343,4.77343,6.74087,4.53287,5.06343,9.60343,9.06343,1.91532,4.37221,2.86868,0,5.08067,3.3384,6.90524,15.9697,4.29233,17.9697,14.1577,13.4697,10.2204,18.7077,3.16764,4.53764,7.98764,11.0297,2.58814,2.38655,2.8469,1.80448,6.98655,20.5447,14.3947,3.31764,8.56469,10.8376,2.79231,8.21469,13.3947,13.0347,8.09469,8.81829,17.2147,7.71124,4.19832,6.70537,6.46515,6.18233,8.62233,11.6754,8.46537,5.04482,6.71307,6.93786,16.4768,6.0312,7.39463,4.72685,11.3982,4.73495,12.745,10.745,11.435,1.80448,5.9796,9.04,13.0347,2.27365,
mu: 0,0,0,0,0,0,0,0,0,0,0,0,0,0,0,0,0,0,0,0,
combDuals: 
srcDuals: 
fixed dual: 0
fixing. lower bound used: 818.184
solving IP
num vars: 243
STATS - lpIterations[9] lagIterations[17] sspIterations[124] numSeparations[87] numCuts[20] compileTime[6] sspSolveTime[19] lpSolveTime[8] lb[828.937] ub[827.3] numArcs: [243339] numFixed: [243632] time: [347]
STATS1 - lpIterations[9] lagIterations[17] sspIterations[124] numSeparations[87] numCuts[20] compileTime[6] sspSolveTime[19] lpSolveTime[8] repairTime[6] cutsTime[12] alphaTime[0] decompTime[0] yellowTime[0] updateTime[1] fixTime[26] lb[828.937] ub[827.3] numArcs: [243339] numFixed: [243632] time: [347]
running primal heuristic MIP
primal heuristic num vars: 190
primal heuristic MIP obj: 827.3
feasible primal routes: 
route: 
0 32 33 31 35 37 38 39 104 36 34 0 
route: 
0 57 55 54 53 56 58 60 59 0 
route: 
0 98 96 95 94 92 93 97 101 100 99 0 
route: 
0 13 17 18 19 15 16 14 12 0 
route: 
0 67 65 63 62 74 72 61 64 68 102 66 69 0 
route: 
0 20 24 25 27 29 30 28 103 26 23 22 21 0 
route: 
0 43 42 41 40 44 46 45 48 51 50 106 52 49 47 0 
route: 
0 90 87 86 83 82 84 85 88 89 91 0 
route: 
0 5 3 7 8 10 11 9 6 4 2 1 75 0 
route: 
0 81 78 105 76 71 70 73 77 79 80 0 
routes: 
flow {1}: 0 90 87 86 83 82 84 85 88 89 91 
flow {1}: 0 5 3 7 8 10 11 9 6 4 2 1 75 
flow {1}: 0 13 17 18 19 15 16 14 12 
flow {1}: 0 20 24 25 27 29 30 28 103 26 23 22 21 
flow {1}: 0 32 33 31 35 37 38 39 104 36 34 
flow {1}: 0 43 42 41 40 44 46 45 48 51 50 106 52 49 47 
flow {1}: 0 57 55 54 53 56 58 60 59 
flow {1}: 0 67 65 63 62 74 72 61 64 68 102 66 69 
flow {1}: 0 81 78 105 76 71 70 73 77 79 80 
flow {1}: 0 98 96 95 94 92 93 97 101 100 99 
no more separations possible
no more separations or cuts possible
STATS - lpIterations[9] lagIterations[17] sspIterations[124] numSeparations[87] numCuts[20] compileTime[6] sspSolveTime[19] lpSolveTime[8] lb[828.937] ub[828.937] numArcs: [243339] numFixed: [243632] time: [347]
STATS1 - lpIterations[9] lagIterations[17] sspIterations[124] numSeparations[87] numCuts[20] compileTime[6] sspSolveTime[19] lpSolveTime[8] repairTime[6] cutsTime[12] alphaTime[0] decompTime[0] yellowTime[0] updateTime[1] fixTime[26] lb[828.937] ub[828.937] numArcs: [243339] numFixed: [243632] time: [347]
finished solving - complete
time elapsed: 347
