fixed number of vehicles
capacity: 150
instance upper bound: 510
route length upper bound: 45
compiling DD
time step mult: 1
time step: 10
cap step: 1
done compiling DD
batch size for lag: 1
deactivate cut value threshold: 0.01
deactivate cut iter threshold: 25
lag optimality gap to start repairing: 25
percent arcs fixed to change to CPLEX: 97.5
number arcs fixed to change to CPLEX: 100000
kappa iterations: 10
var fixing: 1
muSSP: 1
repairDuals: 1
robustCuts: 0
nonRobustCuts: 0
volume algo: 1
phases: 1
STATS - lpIterations[0] lagIterations[0] sspIterations[0] numSeparations[0] numCuts[0] compileTime[6] sspSolveTime[0] lpSolveTime[0] lb[0] ub[510] numArcs: [419519] numFixed: [0] time: [6]
STATS1 - lpIterations[0] lagIterations[0] sspIterations[0] numSeparations[0] numCuts[0] compileTime[6] sspSolveTime[0] lpSolveTime[0] repairTime[0] cutsTime[0] lb[0] ub[510] numArcs: [419519] numFixed: [0] time: [6]
STATS - lpIterations[1] lagIterations[0] sspIterations[0] numSeparations[0] numCuts[0] compileTime[6] sspSolveTime[0] lpSolveTime[0] lb[0] ub[510] numArcs: [419519] numFixed: [0] time: [6]
STATS1 - lpIterations[1] lagIterations[0] sspIterations[0] numSeparations[0] numCuts[0] compileTime[6] sspSolveTime[0] lpSolveTime[0] repairTime[0] cutsTime[0] lb[0] ub[510] numArcs: [419519] numFixed: [0] time: [6]
fixed path dual: 17.2933
STATS - lpIterations[1] lagIterations[1] sspIterations[5] numSeparations[0] numCuts[0] compileTime[6] sspSolveTime[0] lpSolveTime[0] lb[307.56] ub[510] numArcs: [419509] numFixed: [0] time: [7]
STATS1 - lpIterations[1] lagIterations[1] sspIterations[5] numSeparations[0] numCuts[0] compileTime[6] sspSolveTime[0] lpSolveTime[0] repairTime[0] cutsTime[0] lb[307.56] ub[510] numArcs: [419509] numFixed: [0] time: [7]
lambda: 0,1.30667,8.4,7.04,2.04,3.92,2.2,6.58667,6.74667,3.37333,1.86667,3.04,3.09333,8.89333,5.04,3.33333,4.4,0.68,8.2,3.84,11.9467,3.41333,2.24,4.69333,3.33333,8.58667,2.61333,1.6,5.6,2.32,7.85333,4.4,1.6,10.4267,11.0933,8.84,3.52,2.16,3.2,7.09333,3.92,10.8,5.37333,5.13333,5.33333,
mu: 
srcDuals: 
best alpha: 1
0:0
1:1
2:1
3:1
4:1
5:1
6:0
7:1
8:1
9:1
10:1
11:0
12:0
13:1
14:1
15:1
16:1
17:1
18:1
19:1
20:1
21:1
22:1
23:1
24:1
25:1
26:1
27:0
28:1
29:1
30:1
31:1
32:0
33:1
34:1
35:1
36:1
37:1
38:1
39:1
40:1
41:1
42:1
43:1
44:1
alpha: 0.394308
lagLB: 307.56
stepSizeMultiplier: 1
targetLowerBound: 322.938
||gamma||^2: 39
lambda: 0,1.30667,8.4,7.04,2.04,3.92,2.2,6.58667,6.74667,3.37333,1.86667,3.04,3.09333,8.89333,5.04,3.33333,4.4,0.68,8.2,3.84,11.9467,3.41333,2.24,4.69333,3.33333,8.58667,2.61333,1.6,5.6,2.32,7.85333,4.4,1.6,10.4267,11.0933,8.84,3.52,2.16,3.2,7.09333,3.92,10.8,5.37333,5.13333,5.33333,
mu: 
srcDuals: 
lambda: 0,1.30667,8.4,7.04,2.04,3.92,2.2,6.58667,6.74667,3.37333,1.86667,3.04,3.09333,8.89333,5.04,3.33333,4.4,0.68,8.2,3.84,11.9467,3.41333,2.24,4.69333,3.33333,8.58667,2.61333,1.6,5.6,2.32,7.85333,4.4,1.6,10.4267,11.0933,8.84,3.52,2.16,3.2,7.09333,3.92,10.8,5.37333,5.13333,5.33333,
mu: 
srcDuals: 
fixed path dual: 17.2933
STATS - lpIterations[1] lagIterations[2] sspIterations[10] numSeparations[0] numCuts[0] compileTime[6] sspSolveTime[0] lpSolveTime[0] lb[322.938] ub[510] numArcs: [419509] numFixed: [0] time: [7]
STATS1 - lpIterations[1] lagIterations[2] sspIterations[10] numSeparations[0] numCuts[0] compileTime[6] sspSolveTime[0] lpSolveTime[0] repairTime[0] cutsTime[0] lb[322.938] ub[510] numArcs: [419509] numFixed: [0] time: [7]
lambda: 0,1.70097,8.79431,7.43431,2.43431,4.31431,2.2,6.98097,7.14097,3.76764,2.26097,3.04,3.09333,9.28764,5.43431,3.72764,4.79431,1.07431,8.59431,4.23431,12.341,3.80764,2.63431,5.08764,3.72764,8.98097,3.00764,1.6,5.99431,2.71431,8.24764,4.79431,1.6,10.821,11.4876,9.23431,3.91431,2.55431,3.59431,7.48764,4.31431,11.1943,5.76764,5.52764,5.72764,
mu: 
srcDuals: 
best alpha: 0.01
0:0
1:1
2:1
3:1
4:1
5:1
6:0
7:1
8:1
9:1
10:1
11:0
12:0
13:1
14:1
15:1
16:1
17:1
18:1
19:1
20:1
21:1
22:1
23:1
24:1
25:1
26:1
27:0
28:1
29:1
30:1
31:1
32:0
33:1
34:1
35:1
36:1
37:1
38:1
39:1
40:1
41:1
42:1
43:1
44:1
alpha: 0.414023
lagLB: 322.938
stepSizeMultiplier: 1
targetLowerBound: 339.085
||gamma||^2: 39
lambda: 0,1.70097,8.79431,7.43431,2.43431,4.31431,2.2,6.98097,7.14097,3.76764,2.26097,3.04,3.09333,9.28764,5.43431,3.72764,4.79431,1.07431,8.59431,4.23431,12.341,3.80764,2.63431,5.08764,3.72764,8.98097,3.00764,1.6,5.99431,2.71431,8.24764,4.79431,1.6,10.821,11.4876,9.23431,3.91431,2.55431,3.59431,7.48764,4.31431,11.1943,5.76764,5.52764,5.72764,
mu: 
srcDuals: 
lambda: 0,1.70097,8.79431,7.43431,2.43431,4.31431,2.2,6.98097,7.14097,3.76764,2.26097,3.04,3.09333,9.28764,5.43431,3.72764,4.79431,1.07431,8.59431,4.23431,12.341,3.80764,2.63431,5.08764,3.72764,8.98097,3.00764,1.6,5.99431,2.71431,8.24764,4.79431,1.6,10.821,11.4876,9.23431,3.91431,2.55431,3.59431,7.48764,4.31431,11.1943,5.76764,5.52764,5.72764,
mu: 
srcDuals: 
fixed path dual: 17.2933
STATS - lpIterations[1] lagIterations[3] sspIterations[15] numSeparations[0] numCuts[0] compileTime[6] sspSolveTime[1] lpSolveTime[0] lb[339.085] ub[510] numArcs: [419509] numFixed: [0] time: [8]
STATS1 - lpIterations[1] lagIterations[3] sspIterations[15] numSeparations[0] numCuts[0] compileTime[6] sspSolveTime[1] lpSolveTime[0] repairTime[0] cutsTime[0] lb[339.085] ub[510] numArcs: [419509] numFixed: [0] time: [8]
lambda: 0,2.115,9.20833,7.84833,2.84833,4.72833,2.2,7.395,7.555,4.18166,2.675,3.04,3.09333,9.70166,5.84833,4.14166,5.20833,1.48833,9.00833,4.64833,12.755,4.22166,3.04833,5.50166,4.14166,9.395,3.42166,1.6,6.40833,3.12833,8.66166,5.20833,1.6,11.235,11.9017,9.64833,4.32833,2.96833,4.00833,7.90166,4.72833,11.6083,6.18166,5.94166,6.14166,
mu: 
srcDuals: 
best alpha: 0.01
0:0
1:1
2:1
3:1
4:1
5:1
6:0
7:1
8:1
9:1
10:1
11:0
12:0
13:1
14:1
15:1
16:1
17:1
18:1
19:1
20:1
21:1
22:1
23:1
24:1
25:1
26:1
27:0
28:1
29:1
30:1
31:1
32:0
33:1
34:1
35:1
36:1
37:1
38:1
39:1
40:1
41:1
42:1
43:1
44:1
alpha: 0.478197
lagLB: 339.085
stepSizeMultiplier: 1.1
targetLowerBound: 356.039
||gamma||^2: 39
lambda: 0,2.115,9.20833,7.84833,2.84833,4.72833,2.2,7.395,7.555,4.18166,2.675,3.04,3.09333,9.70166,5.84833,4.14166,5.20833,1.48833,9.00833,4.64833,12.755,4.22166,3.04833,5.50166,4.14166,9.395,3.42166,1.6,6.40833,3.12833,8.66166,5.20833,1.6,11.235,11.9017,9.64833,4.32833,2.96833,4.00833,7.90166,4.72833,11.6083,6.18166,5.94166,6.14166,
mu: 
srcDuals: 
lambda: 0,2.115,9.20833,7.84833,2.84833,4.72833,2.2,7.395,7.555,4.18166,2.675,3.04,3.09333,9.70166,5.84833,4.14166,5.20833,1.48833,9.00833,4.64833,12.755,4.22166,3.04833,5.50166,4.14166,9.395,3.42166,1.6,6.40833,3.12833,8.66166,5.20833,1.6,11.235,11.9017,9.64833,4.32833,2.96833,4.00833,7.90166,4.72833,11.6083,6.18166,5.94166,6.14166,
mu: 
srcDuals: 
fixed path dual: 17.204
STATS - lpIterations[1] lagIterations[4] sspIterations[20] numSeparations[0] numCuts[0] compileTime[6] sspSolveTime[1] lpSolveTime[0] lb[357.288] ub[510] numArcs: [419507] numFixed: [0] time: [8]
STATS1 - lpIterations[1] lagIterations[4] sspIterations[20] numSeparations[0] numCuts[0] compileTime[6] sspSolveTime[1] lpSolveTime[0] repairTime[0] cutsTime[0] lb[357.288] ub[510] numArcs: [419507] numFixed: [0] time: [8]
lambda: 0,2.59319,9.68653,8.32653,3.32653,5.20653,2.2,7.87319,8.03319,4.65986,3.15319,3.04,3.09333,10.1799,6.32653,4.61986,5.68653,1.96653,9.48653,5.12653,13.2332,4.69986,3.52653,5.97986,4.61986,9.87319,3.89986,1.6,6.88653,3.60653,9.13986,5.68653,1.6,11.7132,12.3799,10.1265,4.80653,3.44653,4.48653,8.37986,5.20653,12.0865,6.65986,6.41986,6.61986,
mu: 
srcDuals: 
best alpha: 0.1
0:0
1:1
2:1
3:1
4:1
5:1
6:0
7:1
8:1
9:1
10:1
11:0.1
12:0
13:1
14:1
15:1
16:1
17:1
18:0.9
19:1
20:1
21:1
22:1
23:1
24:1
25:1
26:1
27:0
28:1
29:1
30:1
31:1
32:0
33:1
34:1
35:1
36:1
37:1
38:1
39:1
40:1
41:1
42:1
43:1
44:1
alpha: 0.556824
lagLB: 357.288
stepSizeMultiplier: 1.21
targetLowerBound: 375.152
||gamma||^2: 38.82
lambda: 0,2.59319,9.68653,8.32653,3.32653,5.20653,2.2,7.87319,8.03319,4.65986,3.15319,3.04,3.09333,10.1799,6.32653,4.61986,5.68653,1.96653,9.48653,5.12653,13.2332,4.69986,3.52653,5.97986,4.61986,9.87319,3.89986,1.6,6.88653,3.60653,9.13986,5.68653,1.6,11.7132,12.3799,10.1265,4.80653,3.44653,4.48653,8.37986,5.20653,12.0865,6.65986,6.41986,6.61986,
mu: 
srcDuals: 
lambda: 0,2.59319,9.68653,8.32653,3.32653,5.20653,2.2,7.87319,8.03319,4.65986,3.15319,3.04,3.09333,10.1799,6.32653,4.61986,5.68653,1.96653,9.48653,5.12653,13.2332,4.69986,3.52653,5.97986,4.61986,9.87319,3.89986,1.6,6.88653,3.60653,9.13986,5.68653,1.6,11.7132,12.3799,10.1265,4.80653,3.44653,4.48653,8.37986,5.20653,12.0865,6.65986,6.41986,6.61986,
mu: 
srcDuals: 
fixed path dual: 17.0136
STATS - lpIterations[1] lagIterations[5] sspIterations[25] numSeparations[0] numCuts[0] compileTime[6] sspSolveTime[2] lpSolveTime[0] lb[378.052] ub[510] numArcs: [419496] numFixed: [0] time: [9]
STATS1 - lpIterations[1] lagIterations[5] sspIterations[25] numSeparations[0] numCuts[0] compileTime[6] sspSolveTime[2] lpSolveTime[0] repairTime[0] cutsTime[0] lb[378.052] ub[510] numArcs: [419496] numFixed: [0] time: [9]
lambda: 0,3.15002,10.2434,8.88335,3.88335,5.76335,2.2,8.43002,8.59002,5.21669,3.71002,3.09568,3.09333,10.7367,6.88335,5.17669,6.24335,2.52335,9.98767,5.68335,13.79,5.25669,4.08335,6.53669,5.17669,10.43,4.45669,1.6,7.44335,4.16335,9.69669,6.24335,1.6,12.27,12.9367,10.6834,5.36335,4.00335,5.04335,8.93669,5.76335,12.6434,7.21669,6.97669,7.17669,
mu: 
srcDuals: 
best alpha: 0.1
0:0
1:1
2:0.8
3:1
4:1
5:1
6:0.1
7:1
8:1
9:1
10:1
11:0.19
12:0
13:1
14:0.9
15:1
16:1
17:1
18:0.71
19:1
20:0.8
21:1
22:1
23:1
24:1
25:0.9
26:1
27:0
28:1
29:1
30:1
31:1
32:-0.1
33:1
34:1
35:0.9
36:1
37:1
38:1
39:1
40:1
41:1
42:1
43:1
44:1
alpha: 0.675053
lagLB: 378.052
stepSizeMultiplier: 1.331
targetLowerBound: 396.955
||gamma||^2: 37.2702
lambda: 0,3.15002,10.2434,8.88335,3.88335,5.76335,2.2,8.43002,8.59002,5.21669,3.71002,3.09568,3.09333,10.7367,6.88335,5.17669,6.24335,2.52335,9.98767,5.68335,13.79,5.25669,4.08335,6.53669,5.17669,10.43,4.45669,1.6,7.44335,4.16335,9.69669,6.24335,1.6,12.27,12.9367,10.6834,5.36335,4.00335,5.04335,8.93669,5.76335,12.6434,7.21669,6.97669,7.17669,
mu: 
srcDuals: 
lambda: 0,3.15002,10.2434,8.88335,3.88335,5.76335,2.2,8.43002,8.59002,5.21669,3.71002,3.09568,3.09333,10.7367,6.88335,5.17669,6.24335,2.52335,9.98767,5.68335,13.79,5.25669,4.08335,6.53669,5.17669,10.43,4.45669,1.6,7.44335,4.16335,9.69669,6.24335,1.6,12.27,12.9367,10.6834,5.36335,4.00335,5.04335,8.93669,5.76335,12.6434,7.21669,6.97669,7.17669,
mu: 
srcDuals: 
fixed path dual: 15.6174
STATS - lpIterations[1] lagIterations[6] sspIterations[30] numSeparations[0] numCuts[0] compileTime[6] sspSolveTime[2] lpSolveTime[0] lb[396.858] ub[510] numArcs: [419480] numFixed: [0] time: [9]
STATS1 - lpIterations[1] lagIterations[6] sspIterations[30] numSeparations[0] numCuts[0] compileTime[6] sspSolveTime[2] lpSolveTime[0] repairTime[0] cutsTime[0] lb[396.858] ub[510] numArcs: [419480] numFixed: [0] time: [9]
lambda: 0,3.82507,10.7834,9.5584,4.5584,6.4384,2.26751,9.10507,9.26507,5.89174,4.38507,3.22394,3.09333,11.4117,7.4909,5.85174,6.9184,3.1984,10.467,6.3584,14.3301,5.93174,4.7584,7.21174,5.85174,11.0376,5.13174,1.6,8.1184,4.8384,10.3717,6.9184,1.53249,12.9451,13.6117,11.2909,6.0384,4.6784,5.7184,9.61174,6.4384,13.3184,7.89174,7.65174,7.85174,
mu: 
srcDuals: 
best alpha: 0.1
0:0
1:1
2:0.42
3:1
4:1
5:1
6:0.19
7:1
8:1
9:0.8
10:1
11:0.271
12:0
13:1
14:0.91
15:1
16:1
17:1
18:0.739
19:1
20:0.42
21:0.9
22:1
23:1
24:1
25:0.91
26:1
27:0
28:1
29:1
30:0.8
31:1
32:-0.19
33:1
34:0.8
35:0.71
36:1
37:1
38:0.8
39:1
40:1
41:1
42:1
43:1
44:1
alpha: 0.840264
lagLB: 396.858
stepSizeMultiplier: 1.4641
targetLowerBound: 416.701
||gamma||^2: 34.5749
lambda: 0,3.82507,10.7834,9.5584,4.5584,6.4384,2.26751,9.10507,9.26507,5.89174,4.38507,3.22394,3.09333,11.4117,7.4909,5.85174,6.9184,3.1984,10.467,6.3584,14.3301,5.93174,4.7584,7.21174,5.85174,11.0376,5.13174,1.6,8.1184,4.8384,10.3717,6.9184,1.53249,12.9451,13.6117,11.2909,6.0384,4.6784,5.7184,9.61174,6.4384,13.3184,7.89174,7.65174,7.85174,
mu: 
srcDuals: 
lambda: 0,3.82507,10.7834,9.5584,4.5584,6.4384,2.26751,9.10507,9.26507,5.89174,4.38507,3.22394,3.09333,11.4117,7.4909,5.85174,6.9184,3.1984,10.467,6.3584,14.3301,5.93174,4.7584,7.21174,5.85174,11.0376,5.13174,1.6,8.1184,4.8384,10.3717,6.9184,1.53249,12.9451,13.6117,11.2909,6.0384,4.6784,5.7184,9.61174,6.4384,13.3184,7.89174,7.65174,7.85174,
mu: 
srcDuals: 
fixing. lower bound used: 393.653
percent fixed: 0.122748
updating best lambda arc fixing
fixing. lower bound used: 393.653
fixed path dual: 12.336
STATS - lpIterations[1] lagIterations[7] sspIterations[35] numSeparations[0] numCuts[0] compileTime[6] sspSolveTime[3] lpSolveTime[0] lb[411.104] ub[510] numArcs: [419460] numFixed: [558] time: [16]
STATS1 - lpIterations[1] lagIterations[7] sspIterations[35] numSeparations[0] numCuts[0] compileTime[6] sspSolveTime[3] lpSolveTime[0] repairTime[0] cutsTime[0] lb[411.104] ub[510] numArcs: [419460] numFixed: [558] time: [16]
lambda: 0,4.66534,11.1363,10.3987,5.39867,7.27867,2.42716,9.94534,10.1053,6.56395,5.22534,3.45165,3.09333,12.252,8.25554,6.692,7.75867,4.03867,11.0879,7.19867,14.683,6.68798,5.59867,8.052,6.692,11.8022,5.972,1.6,8.95867,5.67867,11.0439,7.75867,1.37284,13.7853,14.2839,11.8875,6.87867,5.51867,6.39062,10.452,7.27867,14.1587,8.732,8.492,8.692,
mu: 
srcDuals: 
best alpha: 0.1
0:0
1:0.6
2:0.278
3:0.6
4:1
5:1
6:0.271
7:1
8:1
9:0.62
10:1
11:0.3439
12:0
13:1
14:0.919
15:1
16:1
17:1
18:0.7651
19:1
20:-0.122
21:0.81
22:0.6
23:1
24:1
25:0.919
26:1
27:0.1
28:0.8
29:1
30:0.62
31:1
32:-0.171
33:1
34:0.62
35:0.439
36:1
37:1
38:0.62
39:1
40:1
41:1
42:1
43:1
44:1
alpha: 1.07818
lagLB: 411.104
stepSizeMultiplier: 1.61051
targetLowerBound: 431.659
||gamma||^2: 30.704
lambda: 0,4.66534,11.1363,10.3987,5.39867,7.27867,2.42716,9.94534,10.1053,6.56395,5.22534,3.45165,3.09333,12.252,8.25554,6.692,7.75867,4.03867,11.0879,7.19867,14.683,6.68798,5.59867,8.052,6.692,11.8022,5.972,1.6,8.95867,5.67867,11.0439,7.75867,1.37284,13.7853,14.2839,11.8875,6.87867,5.51867,6.39062,10.452,7.27867,14.1587,8.732,8.492,8.692,
mu: 
srcDuals: 
lambda: 0,4.66534,11.1363,10.3987,5.39867,7.27867,2.42716,9.94534,10.1053,6.56395,5.22534,3.45165,3.09333,12.252,8.25554,6.692,7.75867,4.03867,11.0879,7.19867,14.683,6.68798,5.59867,8.052,6.692,11.8022,5.972,1.6,8.95867,5.67867,11.0439,7.75867,1.37284,13.7853,14.2839,11.8875,6.87867,5.51867,6.39062,10.452,7.27867,14.1587,8.732,8.492,8.692,
mu: 
srcDuals: 
STATS - lpIterations[1] lagIterations[7] sspIterations[35] numSeparations[0] numCuts[0] compileTime[6] sspSolveTime[3] lpSolveTime[0] lb[417.746] ub[510] numArcs: [419460] numFixed: [558] time: [17]
STATS1 - lpIterations[1] lagIterations[7] sspIterations[35] numSeparations[0] numCuts[0] compileTime[6] sspSolveTime[3] lpSolveTime[0] repairTime[0] cutsTime[0] lb[417.746] ub[510] numArcs: [419460] numFixed: [558] time: [17]
lambda: 0,4.24985,11.1363,9.98318,5.39867,7.27867,2.42716,9.94534,10.1053,6.0228,5.22534,3.45165,0.382583,12.252,8.04279,6.692,7.75867,4.03867,10.8752,7.19867,14.2675,6.14683,5.18318,8.052,6.692,11.5895,5.972,0.382583,8.54318,5.67867,10.5028,7.75867,1.37284,13.7853,13.7428,11.472,6.87867,5.51867,5.84947,10.452,7.27867,14.1587,8.732,8.492,8.692,
mu: 
srcDuals: 
fixing. lower bound used: 417.746
percent fixed: 0.874688
updating best lambda arc fixing
fixing. lower bound used: 417.746
fixed path dual: 7.34363
STATS - lpIterations[1] lagIterations[8] sspIterations[40] numSeparations[0] numCuts[0] compileTime[6] sspSolveTime[5] lpSolveTime[0] lb[422.403] ub[510] numArcs: [419431] numFixed: [3670] time: [24]
STATS1 - lpIterations[1] lagIterations[8] sspIterations[40] numSeparations[0] numCuts[0] compileTime[6] sspSolveTime[5] lpSolveTime[0] repairTime[0] cutsTime[0] lb[422.403] ub[510] numArcs: [419431] numFixed: [3670] time: [24]
lambda: 0,5.31224,11.436,11.0456,6.47684,8.35684,2.71934,11.0235,11.1835,7.23242,6.30351,3.82244,3.09333,13.3302,9.24638,7.77018,8.83684,5.11684,11.9128,8.27684,14.5514,7.5613,6.24557,9.13018,7.77018,12.793,7.05018,1.70782,9.82121,6.75684,11.7124,8.83684,1.18848,14.8635,14.9524,12.3608,7.95684,6.59684,7.05908,11.5302,8.35684,15.2368,9.81018,9.57018,9.77018,
mu: 
srcDuals: 
best alpha: 0.1
0:0
1:0.44
2:0.3502
3:0.44
4:1
5:0.8
6:0.3439
7:1
8:1
9:0.258
10:1
11:0.40951
12:0.1
13:0.8
14:0.7271
15:1
16:1
17:0.8
18:0.78859
19:0.8
20:-0.2098
21:0.729
22:0.44
23:1
24:1
25:0.7271
26:1
27:0.19
28:0.72
29:1
30:0.358
31:1
32:-0.0539
33:1
34:0.358
35:0.3951
36:1
37:0.8
38:0.258
39:1
40:1
41:0.8
42:0.8
43:1
44:0.8
alpha: 1.33509
lagLB: 422.403
stepSizeMultiplier: 1.61051
targetLowerBound: 443.523
||gamma||^2: 25.4771
lambda: 0,5.31224,11.436,11.0456,6.47684,8.35684,2.71934,11.0235,11.1835,7.23242,6.30351,3.82244,3.09333,13.3302,9.24638,7.77018,8.83684,5.11684,11.9128,8.27684,14.5514,7.5613,6.24557,9.13018,7.77018,12.793,7.05018,1.70782,9.82121,6.75684,11.7124,8.83684,1.18848,14.8635,14.9524,12.3608,7.95684,6.59684,7.05908,11.5302,8.35684,15.2368,9.81018,9.57018,9.77018,
mu: 
srcDuals: 
lambda: 0,5.31224,11.436,11.0456,6.47684,8.35684,2.71934,11.0235,11.1835,7.23242,6.30351,3.82244,3.09333,13.3302,9.24638,7.77018,8.83684,5.11684,11.9128,8.27684,14.5514,7.5613,6.24557,9.13018,7.77018,12.793,7.05018,1.70782,9.82121,6.75684,11.7124,8.83684,1.18848,14.8635,14.9524,12.3608,7.95684,6.59684,7.05908,11.5302,8.35684,15.2368,9.81018,9.57018,9.77018,
mu: 
srcDuals: 
STATS - lpIterations[1] lagIterations[8] sspIterations[40] numSeparations[0] numCuts[0] compileTime[6] sspSolveTime[5] lpSolveTime[0] lb[435.701] ub[510] numArcs: [419431] numFixed: [3670] time: [24]
STATS1 - lpIterations[1] lagIterations[8] sspIterations[40] numSeparations[0] numCuts[0] compileTime[6] sspSolveTime[5] lpSolveTime[0] repairTime[1] cutsTime[0] lb[435.701] ub[510] numArcs: [419431] numFixed: [3670] time: [24]
lambda: 0,4.72947,11.436,10.4628,6.47684,8.35684,2.71934,11.0235,11.1835,6.36464,6.30351,3.82244,3.09333,12.9398,8.75093,7.77018,8.83684,4.72647,11.8077,7.88647,13.9687,6.69352,5.66281,9.13018,7.77018,12.2976,7.05018,1.70782,9.23844,6.75684,10.8446,8.83684,1.18848,14.8635,14.0846,11.778,7.95684,6.20647,6.19131,11.5302,8.35684,14.8465,9.41981,9.57018,9.37981,
mu: 
srcDuals: 
fixing. lower bound used: 435.701
percent fixed: 4.19917
updating best lambda arc fixing
fixing. lower bound used: 435.701
fixed path dual: -1.5456
best alpha: 0.06
0:0
1:0.4736
2:0.389188
3:0.4736
4:0.94
5:0.812
6:0.383266
7:1
8:1
9:0.18252
10:1
11:0.444939
12:0.094
13:0.812
14:0.743474
15:0.16
16:1
17:0.452
18:0.801275
19:0.812
20:-0.137212
21:0.68526
22:0.4736
23:1
24:1
25:0.743474
26:1
27:0.2386
28:0.7368
29:1
30:0.27652
31:1
32:0.009334
33:1
34:0.27652
35:0.431394
36:1
37:-0.328
38:0.18252
39:1
40:1
41:0.812
42:0.812
43:1
44:-0.028
alpha: 1.52955
lagLB: 418.235
stepSizeMultiplier: 1.61051
targetLowerBound: 457.486
||gamma||^2: 22.9382
lambda: 0,5.89968,11.9036,11.633,7.81194,9.42492,3.17848,12.3586,12.5186,7.57687,7.6386,4.36917,3.22684,14.3983,10.2171,9.10527,10.1719,6.18492,12.9657,9.34492,14.2713,8.53458,6.83301,10.4653,9.10527,13.7638,8.38527,1.96149,10.7825,8.09194,12.1904,10.1719,1.11652,16.1986,15.4304,12.8883,9.29194,7.66492,7.40354,12.8653,9.69194,16.3049,10.8783,10.9053,10.8383,
mu: 
srcDuals: 
lambda: 0,4.72947,11.436,10.4628,6.47684,8.35684,2.71934,11.0235,11.1835,6.36464,6.30351,3.82244,3.09333,12.9398,8.75093,7.77018,8.83684,4.72647,11.8077,7.88647,13.9687,6.69352,5.66281,9.13018,7.77018,12.2976,7.05018,1.70782,9.23844,6.75684,10.8446,8.83684,1.18848,14.8635,14.0846,11.778,7.95684,6.20647,6.19131,11.5302,8.35684,14.8465,9.41981,9.57018,9.37981,
mu: 
srcDuals: 
STATS - lpIterations[1] lagIterations[9] sspIterations[45] numSeparations[0] numCuts[0] compileTime[6] sspSolveTime[6] lpSolveTime[0] lb[446.871] ub[510] numArcs: [419377] numFixed: [17636] time: [32]
STATS1 - lpIterations[1] lagIterations[9] sspIterations[45] numSeparations[0] numCuts[0] compileTime[6] sspSolveTime[6] lpSolveTime[0] repairTime[1] cutsTime[0] lb[446.871] ub[510] numArcs: [419377] numFixed: [17636] time: [32]
lambda: 0,5.37083,11.9036,11.1042,7.81194,9.42492,3.17848,12.3586,12.5186,6.79014,7.6386,4.36917,3.22684,13.7711,9.58994,8.34049,10.1719,4.79296,12.9657,8.71773,13.7425,7.74785,6.30416,10.4653,9.10527,13.1366,8.38527,1.96149,10.2536,8.09194,11.4037,10.1719,1.11652,16.1986,14.6437,12.3595,9.29194,6.27296,6.61681,12.8653,9.69194,15.6777,10.2511,10.9053,9.44629,
mu: 
srcDuals: 
fixing. lower bound used: 446.871
percent fixed: 9.49957
updating best lambda arc fixing
fixing. lower bound used: 446.871
fixed path dual: 6.07218
best alpha: 0.1
0:0
1:0.32624
2:0.450269
3:0.32624
4:0.946
5:0.8308
6:0.444939
7:1
8:1
9:0.264268
10:1
11:0.500445
12:0.1846
13:0.4308
14:0.469127
15:0.144
16:1
17:0.3068
18:0.721147
19:0.4308
20:-0.223491
21:0.716734
22:0.32624
23:1
24:1
25:0.469127
26:1
27:0.31474
28:0.66312
29:1
30:0.348868
31:1
32:0.108401
33:1
34:0.348868
35:0.388255
36:1
37:-0.5952
38:0.264268
39:1
40:1
41:0.4308
42:0.4308
43:1
44:-0.3252
alpha: 1.75404
lagLB: 445.922
stepSizeMultiplier: 1.61051
targetLowerBound: 469.214
||gamma||^2: 20.5152
lambda: 0,5.45387,12.0313,11.1872,7.91462,9.59884,3.30557,12.5531,12.7131,6.64382,7.83306,4.503,3.23711,14.1818,9.88811,8.01491,10.3664,5.41783,13.0333,9.12847,13.7588,7.74166,6.3872,10.6597,9.29973,13.4348,8.57973,2.07277,10.3654,8.28639,11.2676,10.3664,1.20275,16.3931,14.5076,12.4379,9.48639,5.70478,6.47048,13.0597,9.88639,16.0885,10.6618,11.0997,9.33698,
mu: 
srcDuals: 
lambda: 0,5.37083,11.9036,11.1042,7.81194,9.42492,3.17848,12.3586,12.5186,6.79014,7.6386,4.36917,3.22684,13.7711,9.58994,8.34049,10.1719,4.79296,12.9657,8.71773,13.7425,7.74785,6.30416,10.4653,9.10527,13.1366,8.38527,1.96149,10.2536,8.09194,11.4037,10.1719,1.11652,16.1986,14.6437,12.3595,9.29194,6.27296,6.61681,12.8653,9.69194,15.6777,10.2511,10.9053,9.44629,
mu: 
srcDuals: 
fixing. lower bound used: 407.834
percent fixed: 9.50135
updating best lambda arc fixing
fixing. lower bound used: 407.834
fixed path dual: -4.30174
best alpha: 0.1
0:0
1:-0.006384
2:0.505242
3:0.193616
4:0.9514
5:0.84772
6:0.400445
7:0.6
8:1.11022e-16
9:0.337841
10:1
11:0.550401
12:0.26614
13:0.48772
14:0.522214
15:0.2296
16:1
17:0.37612
18:0.749032
19:0.48772
20:-0.101142
21:0.745061
22:0.093616
23:0.6
24:1
25:0.522214
26:1.11022e-16
27:0.283266
28:0.096808
29:1
30:0.413981
31:0.1
32:0.197561
33:1
34:0.413981
35:0.449429
36:1
37:-0.43568
38:0.337841
39:1
40:1
41:0.48772
42:0.48772
43:1
44:-0.19268
alpha: 2.23014
lagLB: 431.518
stepSizeMultiplier: 1.61051
targetLowerBound: 469.214
||gamma||^2: 16.1356
lambda: 0,5.94307,12.6934,11.6764,9.47126,10.8822,3.95892,14.1126,14.2726,7.25368,9.39265,5.24698,3.55064,14.5267,10.4128,8.59307,11.926,5.3311,14.2306,9.47338,13.3505,9.00503,6.8764,12.2193,10.8593,13.9595,10.1393,2.51355,11.4168,9.84598,12.0156,11.926,1.30665,17.9526,15.2556,13.0405,11.046,5.22895,7.08035,14.6193,11.446,16.4334,11.0067,12.6593,8.87587,
mu: 
srcDuals: 
lambda: 0,5.37083,11.9036,11.1042,7.81194,9.42492,3.17848,12.3586,12.5186,6.79014,7.6386,4.36917,3.22684,13.7711,9.58994,8.34049,10.1719,4.79296,12.9657,8.71773,13.7425,7.74785,6.30416,10.4653,9.10527,13.1366,8.38527,1.96149,10.2536,8.09194,11.4037,10.1719,1.11652,16.1986,14.6437,12.3595,9.29194,6.27296,6.61681,12.8653,9.69194,15.6777,10.2511,10.9053,9.44629,
mu: 
srcDuals: 
STATS - lpIterations[1] lagIterations[11] sspIterations[55] numSeparations[0] numCuts[0] compileTime[6] sspSolveTime[8] lpSolveTime[0] lb[465.252] ub[510] numArcs: [419310] numFixed: [39875] time: [45]
STATS1 - lpIterations[1] lagIterations[11] sspIterations[55] numSeparations[0] numCuts[0] compileTime[6] sspSolveTime[8] lpSolveTime[0] repairTime[2] cutsTime[0] lb[465.252] ub[510] numArcs: [419310] numFixed: [39875] time: [45]
lambda: 0,4.91432,12.6934,11.5711,8.76252,10.1614,3.88987,13.0148,13.0695,6.76778,9.15776,4.76107,3.55064,13.818,10.2229,8.59307,11.3985,5.3311,13.4677,8.90036,13.3505,8.28424,5.84765,11.1215,10.8593,13.7696,9.04151,2.51355,10.2827,9.31849,11.7807,10.7228,1.30665,17.9526,14.5348,13.0405,11.046,5.22895,6.55285,14.5777,11.446,15.7246,11.0067,12.6593,8.87587,
mu: 
srcDuals: 
fixing. lower bound used: 465.252
percent fixed: 34.22
updating best lambda arc fixing
fixing. lower bound used: 465.252
fixed path dual: -2.48267
best alpha: 0.08
0:0
1:0.0741267
2:0.464823
3:0.258127
4:0.955288
5:0.459902
6:0.44841
7:0.632
8:0.08
9:0.230814
10:1
11:0.426369
12:0.324849
13:0.528702
14:0.560437
15:0.291232
16:0.12
17:0.42603
18:0.76911
19:0.528702
20:-0.0130504
21:-0.114544
22:0.166127
23:0.632
24:1
25:0.560437
26:0.08
27:0.340605
28:0.169063
29:0.12
30:0.460863
31:0.172
32:0.261756
33:1
34:0.0608627
35:0.493475
36:1
37:-0.320826
38:-0.0891861
39:1
40:1
41:0.528702
42:0.528702
43:1
44:-0.0972656
alpha: 2.82495
lagLB: 444.569
stepSizeMultiplier: 1.61051
targetLowerBound: 488.514
||gamma||^2: 13.2621
lambda: 0,5.35659,13.0303,11.536,9.93369,11.3154,4.07153,13.6967,12.5186,7.54357,9.86874,5.59664,3.82037,14.8587,10.7546,8.85253,12.4021,5.63175,14.6361,9.80542,13.5169,9.40944,6.51294,11.8034,11.3354,14.3012,8.38527,2.59321,10.4695,10.3221,12.3269,10.395,1.5571,18.4287,15.5669,13.3617,11.5221,5.30133,7.37024,15.0954,11.9221,16.7654,11.3387,13.1354,9.01659,
mu: 
srcDuals: 
lambda: 0,4.91432,12.6934,11.5711,8.76252,10.1614,3.88987,13.0148,13.0695,6.76778,9.15776,4.76107,3.55064,13.818,10.2229,8.59307,11.3985,5.3311,13.4677,8.90036,13.3505,8.28424,5.84765,11.1215,10.8593,13.7696,9.04151,2.51355,10.2827,9.31849,11.7807,10.7228,1.30665,17.9526,14.5348,13.0405,11.046,5.22895,6.55285,14.5777,11.446,15.7246,11.0067,12.6593,8.87587,
mu: 
srcDuals: 
fixing. lower bound used: 435.474
percent fixed: 34.2252
updating best lambda arc fixing
fixing. lower bound used: 435.474
fixed path dual: -11.2884
best alpha: 0.1
0:0
1:0.166714
2:0.518341
3:0.332314
4:0.859759
5:0.213912
6:0.303569
7:-0.0312
8:0.172
9:0.307733
10:0.5
11:0.483732
12:0.392364
13:0.575832
14:0.404393
15:0.262109
16:0.208
17:0.383427
18:0.792199
19:0.575832
20:0.0882547
21:-0.00308982
22:0.249514
23:-0.0312
24:0.4
25:0.604393
26:0.172
27:0.406544
28:0.252157
29:0.208
30:0.514776
31:0.2548
32:0.33558
33:0.6
34:0.154776
35:0.544127
36:1
37:-0.288743
38:0.0197325
39:0.4
40:1
41:0.575832
42:0.575832
43:0.4
44:0.012461
alpha: 4.23418
lagLB: 430.763
stepSizeMultiplier: 1.61051
targetLowerBound: 488.514
||gamma||^2: 8.84814
lambda: 0,5.12372,14.0065,12.3003,11.4612,11.4606,5.1566,14.8002,13.2955,7.41981,11.9827,5.96554,4.46832,15.3115,11.8061,9.41579,11.7375,6.53461,15.6404,10.3939,13.3136,7.96066,6.31695,12.9069,13.6843,15.3528,9.2675,3.47574,10.7603,9.65748,13.0826,11.2087,2.0461,20.7776,14.7067,14.4345,13.8709,4.32263,6.30091,17.4027,14.2709,17.2182,12.5003,15.4843,8.6011,
mu: 
srcDuals: 
lambda: 0,4.91432,12.6934,11.5711,8.76252,10.1614,3.88987,13.0148,13.0695,6.76778,9.15776,4.76107,3.55064,13.818,10.2229,8.59307,11.3985,5.3311,13.4677,8.90036,13.3505,8.28424,5.84765,11.1215,10.8593,13.7696,9.04151,2.51355,10.2827,9.31849,11.7807,10.7228,1.30665,17.9526,14.5348,13.0405,11.046,5.22895,6.55285,14.5777,11.446,15.7246,11.0067,12.6593,8.87587,
mu: 
srcDuals: 
fixing. lower bound used: 462.469
percent fixed: 34.6655
updating best lambda arc fixing
fixing. lower bound used: 462.469
fixed path dual: -14.0848
best alpha: 0.02
0:0
1:0.18338
2:0.527974
3:0.345668
4:0.202564
5:0.229634
6:0.317497
7:-0.010576
8:0.18856
9:0.321578
10:0.51
11:0.494057
12:0.384517
13:0.544316
14:0.396305
15:0.276867
16:0.22384
17:-0.184241
18:0.776355
19:0.524316
20:0.10649
21:0.016972
22:0.264524
23:-0.010576
24:0.412
25:0.592305
26:0.18856
27:0.418413
28:0.267114
29:0.22384
30:0.524481
31:0.269704
32:0.348869
33:0.608
34:0.171681
35:0.553245
36:1
37:-0.262968
38:0.0393379
39:0.412
40:0.96
41:0.484316
42:0.564316
43:0.412
44:0.0322117
alpha: 4.73985
lagLB: 431.65
stepSizeMultiplier: 1.61051
targetLowerBound: 488.514
||gamma||^2: 7.90419
lambda: 0,5.62021,14.8881,12.9781,12.4029,11.0671,5.17524,12.8827,13.7978,8.07077,11.2749,6.80928,5.21198,16.2561,11.9352,9.70289,12.2792,6.9546,16.822,11.3385,13.7242,8.27116,6.90414,10.9894,12.553,16.3287,9.76979,4.23494,11.3504,10.1992,13.9604,11.8017,2.72756,20.4932,15.1901,15.3444,15.2802,4.00636,6.6364,16.2714,15.6802,18.1628,13.4449,14.353,8.92864,
mu: 
srcDuals: 
lambda: 0,4.91432,12.6934,11.5711,8.76252,10.1614,3.88987,13.0148,13.0695,6.76778,9.15776,4.76107,3.55064,13.818,10.2229,8.59307,11.3985,5.3311,13.4677,8.90036,13.3505,8.28424,5.84765,11.1215,10.8593,13.7696,9.04151,2.51355,10.2827,9.31849,11.7807,10.7228,1.30665,17.9526,14.5348,13.0405,11.046,5.22895,6.55285,14.5777,11.446,15.7246,11.0067,12.6593,8.87587,
mu: 
srcDuals: 
fixing. lower bound used: 443.18
percent fixed: 34.6589
fixing. lower bound used: 462.469
fixed path dual: -12.3652
best alpha: 0.04
0:0
1:0.0160446
2:0.546855
3:-0.188159
4:0.234461
5:0.260449
6:0.344798
7:0.029847
8:0.141018
9:0.348715
10:0.5296
11:0.514295
12:0.409136
13:0.562543
14:0.420453
15:0.305792
16:0.214886
17:-0.136872
18:0.785301
19:0.543343
20:0.10223
21:0.0562931
22:0.0139428
23:0.029847
24:0.43552
25:0.608613
26:0.221018
27:0.441677
28:0.136429
29:0.214886
30:0.543502
31:0.178916
32:0.334914
33:0.62368
34:0.204814
35:0.171115
36:0.6
37:-0.212449
38:0.0777643
39:0.43552
40:0.9616
41:0.504943
42:0.581743
43:0.43552
44:0.0709233
alpha: 5.28293
lagLB: 443.449
stepSizeMultiplier: 1.61051
targetLowerBound: 488.514
||gamma||^2: 7.09164
lambda: 0,5.78351,15.1959,13.2095,9.72264,11.2498,5.39476,12.9647,13.9633,8.29201,11.5751,7.10283,5.37319,16.3979,12.1013,9.90538,12.4595,4.45782,17.1475,11.3855,13.8552,8.36469,7.10145,11.0714,12.8121,16.577,9.93525,4.49677,11.5488,10.3795,14.2667,12.0012,2.96024,20.8345,15.3485,15.6628,15.7858,3.98252,6.73931,16.5305,15.9962,18.0202,13.6815,14.6121,9.02855,
mu: 
srcDuals: 
lambda: 0,4.91432,12.6934,11.5711,8.76252,10.1614,3.88987,13.0148,13.0695,6.76778,9.15776,4.76107,3.55064,13.818,10.2229,8.59307,11.3985,5.3311,13.4677,8.90036,13.3505,8.28424,5.84765,11.1215,10.8593,13.7696,9.04151,2.51355,10.2827,9.31849,11.7807,10.7228,1.30665,17.9526,14.5348,13.0405,11.046,5.22895,6.55285,14.5777,11.446,15.7246,11.0067,12.6593,8.87587,
mu: 
srcDuals: 
fixing. lower bound used: 434.851
percent fixed: 34.6538
fixing. lower bound used: 462.469
fixed path dual: -12.4424
best alpha: 0.1
0:0
1:0.11444
2:0.592169
3:-0.069343
4:0.0110153
5:0.0344037
6:0.410318
7:0.126862
8:0.226916
9:0.313843
10:-0.12336
11:0.562866
12:0.468222
13:0.306289
14:0.478408
15:0.375213
16:0.293398
17:-0.123184
18:0.606771
19:0.289009
20:0.192007
21:0.150664
22:0.112549
23:0.126862
24:0.491968
25:0.647752
26:0.298916
27:0.497509
28:0.222786
29:0.293398
30:0.0891515
31:0.261024
32:0.401422
33:0.561312
34:0.184332
35:0.254003
36:0.64
37:-0.0912045
38:0.0699879
39:0.291968
40:0.56544
41:-0.145551
42:0.523569
43:0.491968
44:0.163831
alpha: 6.76588
lagLB: 444.82
stepSizeMultiplier: 1.61051
targetLowerBound: 488.514
||gamma||^2: 5.53729
lambda: 0,4.99908,15.5824,10.577,10.0012,11.5373,5.71141,13.1725,13.8145,8.61001,11.9556,7.47805,5.71207,16.7898,12.4441,10.2086,12.5337,4.60801,17.6164,11.7708,13.8905,8.58163,5.92131,11.2792,13.1601,16.9848,10.2091,4.8469,11.0034,10.4537,14.652,11.668,3.07598,21.2475,15.6168,13.9445,14.2157,4.10659,6.96368,16.8785,16.526,18.3922,14.08,14.9601,9.25056,
mu: 
srcDuals: 
lambda: 0,4.91432,12.6934,11.5711,8.76252,10.1614,3.88987,13.0148,13.0695,6.76778,9.15776,4.76107,3.55064,13.818,10.2229,8.59307,11.3985,5.3311,13.4677,8.90036,13.3505,8.28424,5.84765,11.1215,10.8593,13.7696,9.04151,2.51355,10.2827,9.31849,11.7807,10.7228,1.30665,17.9526,14.5348,13.0405,11.046,5.22895,6.55285,14.5777,11.446,15.7246,11.0067,12.6593,8.87587,
mu: 
srcDuals: 
fixing. lower bound used: 444.176
percent fixed: 34.6505
fixing. lower bound used: 462.469
fixed path dual: -13.8478
best alpha: 0.03
0:0
1:0.141007
2:0.574404
3:-0.0372628
4:0.0406849
5:0.0633716
6:0.428008
7:0.153056
8:0.250108
9:0.334428
10:-0.0896592
11:0.42598
12:0.484176
13:0.3271
14:0.374056
15:0.393956
16:-0.135404
17:-0.0894889
18:0.558567
19:0.310338
20:0.216247
21:0.146144
22:0.139172
23:0.153056
24:0.447209
25:0.538319
26:0.319948
27:0.512584
28:0.246103
29:-0.0454042
30:0.116477
31:0.283194
32:0.38938
33:0.574473
34:0.208802
35:0.276383
36:0.6508
37:-0.0584684
38:0.0978883
39:0.313209
40:0.578477
41:-0.111185
42:0.537862
43:0.507209
44:0.188916
alpha: 7.22378
lagLB: 448.127
stepSizeMultiplier: 1.61051
targetLowerBound: 488.514
||gamma||^2: 5.18629
lambda: 0,5.68861,16.6999,11.1019,8.83705,10.3942,6.66603,13.8732,14.6048,8.8912,8.32312,8.56935,6.71857,15.8903,13.4598,11.1317,13.3836,4.49765,17.573,10.8558,14.6496,9.30361,6.60914,11.9798,14.1879,18.1522,11.0639,5.87964,11.79,11.3036,12.3839,12.4889,4.02263,21.7504,15.782,14.759,15.3761,4.61187,7.02638,16.5531,15.2717,14.7399,14.5491,15.9879,9.98433,
mu: 
srcDuals: 
lambda: 0,4.91432,12.6934,11.5711,8.76252,10.1614,3.88987,13.0148,13.0695,6.76778,9.15776,4.76107,3.55064,13.818,10.2229,8.59307,11.3985,5.3311,13.4677,8.90036,13.3505,8.28424,5.84765,11.1215,10.8593,13.7696,9.04151,2.51355,10.2827,9.31849,11.7807,10.7228,1.30665,17.9526,14.5348,13.0405,11.046,5.22895,6.55285,14.5777,11.446,15.7246,11.0067,12.6593,8.87587,
mu: 
srcDuals: 
fixing. lower bound used: 453.319
percent fixed: 34.6624
fixing. lower bound used: 462.469
fixed path dual: -13.3361
best alpha: 0.07
0:0
1:0.131136
2:0.604196
3:-0.104654
4:0.107837
5:0.128936
6:0.328048
7:-0.0676575
8:0.0226008
9:0.381018
10:-0.0133831
11:0.466161
12:0.520283
13:0.374203
14:0.137872
15:0.436379
16:-0.0559259
17:-0.0132246
18:0.519468
19:0.358615
20:0.271109
21:0.205914
22:0.19943
23:-0.0676575
24:0.135904
25:0.430637
26:0.157552
27:0.336703
28:0.0188756
29:0.0277741
30:0.178324
31:0.05337
32:0.432123
33:0.60426
34:0.264186
35:0.327037
36:0.675244
37:0.0156244
38:0.161036
39:0.361284
40:0.607983
41:-0.0334019
42:0.570211
43:0.261704
44:0.245692
alpha: 8.10417
lagLB: 452.976
stepSizeMultiplier: 1.61051
targetLowerBound: 488.514
||gamma||^2: 4.62289
lambda: 0,5.93292,16.8427,11.3019,9.05642,10.6192,6.98171,14.1205,14.8762,9.18361,8.51008,7.83825,7.04822,16.1809,12.925,11.4389,10.4204,4.68465,17.5026,11.1422,14.9126,9.33995,6.853,12.2272,14.0899,17.6583,11.3527,6.21635,12.0605,8.9905,12.6221,12.7686,4.11945,22.1025,16.0431,15.037,15.7472,4.80659,7.25998,16.8403,15.6248,14.9215,14.8921,16.3233,10.2406,
mu: 
srcDuals: 
lambda: 0,4.91432,12.6934,11.5711,8.76252,10.1614,3.88987,13.0148,13.0695,6.76778,9.15776,4.76107,3.55064,13.818,10.2229,8.59307,11.3985,5.3311,13.4677,8.90036,13.3505,8.28424,5.84765,11.1215,10.8593,13.7696,9.04151,2.51355,10.2827,9.31849,11.7807,10.7228,1.30665,17.9526,14.5348,13.0405,11.046,5.22895,6.55285,14.5777,11.446,15.7246,11.0067,12.6593,8.87587,
mu: 
srcDuals: 
fixing. lower bound used: 450.027
percent fixed: 34.6617
fixing. lower bound used: 462.469
fixed path dual: -12.9472
best alpha: 0.05
0:0
1:0.17458
2:0.623986
3:-0.0494216
4:0.0524451
5:0.122489
6:0.361645
7:-0.0142746
8:0.0714707
9:0.411967
10:-0.0627139
11:0.492853
12:0.544269
13:0.355493
14:0.180978
15:0.11456
16:-0.00312959
17:-0.162563
18:0.493494
19:0.190684
20:0.307554
21:0.245618
22:0.239459
23:-0.0142746
24:0.179109
25:0.459105
26:0.199674
27:0.369868
28:0.0679318
29:0.0763854
30:0.219407
31:0.100701
32:0.460517
33:0.274047
34:0.300977
35:0.360685
36:0.691482
37:-0.135157
38:0.202984
39:0.14322
40:0.627584
41:-0.131732
42:0.341701
43:0.298619
44:-0.0165927
alpha: 9.02407
lagLB: 456.892
stepSizeMultiplier: 1.61051
targetLowerBound: 488.514
||gamma||^2: 4.15163
lambda: 0,5.97707,17.5899,10.7229,9.63645,11.2063,6.54842,12.4665,13.2527,9.85561,9.0493,8.53892,7.7671,16.8506,11.3402,12.1296,10.9453,5.22392,17.6775,11.8066,15.5476,9.953,7.46386,10.5732,11.9607,17.2595,10.3183,5.24225,10.4357,9.54357,13.2259,11.1554,4.80865,22.8497,16.6758,15.6908,16.5183,5.35557,7.85792,17.5056,16.3732,15.4539,15.6278,14.7802,10.867,
mu: 
srcDuals: 
lambda: 0,4.91432,12.6934,11.5711,8.76252,10.1614,3.88987,13.0148,13.0695,6.76778,9.15776,4.76107,3.55064,13.818,10.2229,8.59307,11.3985,5.3311,13.4677,8.90036,13.3505,8.28424,5.84765,11.1215,10.8593,13.7696,9.04151,2.51355,10.2827,9.31849,11.7807,10.7228,1.30665,17.9526,14.5348,13.0405,11.046,5.22895,6.55285,14.5777,11.446,15.7246,11.0067,12.6593,8.87587,
mu: 
srcDuals: 
fixing. lower bound used: 454.864
percent fixed: 34.8361
updating best lambda arc fixing
fixing. lower bound used: 454.864
fixed path dual: -16.7447
best alpha: 0.08
0:0
1:0.000613241
2:0.414067
3:-0.205468
4:0.128249
5:0.0326897
6:0.412714
7:0.0668674
8:0.145753
9:0.21901
10:0.0223032
11:0.453425
12:0.580728
13:0.407053
14:0.2465
15:0.185396
16:-0.00287922
17:-0.0695583
18:0.534015
19:0.255429
20:0.12295
21:-0.0140313
22:0.0603018
23:0.0668674
24:0.24478
25:0.502377
26:0.2637
27:0.420278
28:0.142497
29:-0.169725
30:0.0418548
31:0.172645
32:0.263676
33:0.332123
34:0.116899
35:0.0918299
36:0.396163
37:-0.0443443
38:0.0267455
39:0.211763
40:0.657378
41:-0.0411933
42:0.394365
43:0.35473
44:0.0647347
alpha: 10.945
lagLB: 439.312
stepSizeMultiplier: 1.61051
targetLowerBound: 488.514
||gamma||^2: 3.42297
lambda: 0,6.48974,18.3243,11.1251,9.23579,11.2667,7.15338,12.886,13.7145,10.4854,8.59183,9.20861,8.46216,17.026,11.8561,9.62688,11.3702,3.86411,17.921,10.6211,16.1259,10.5007,8.00854,10.9927,12.4756,17.9126,10.8434,5.85127,10.8957,10.0078,13.7606,11.6316,5.46239,20.4257,17.2508,16.2953,17.286,4.00928,8.3846,15.8702,17.1093,14.5359,14.0902,15.3541,8.72614,
mu: 
srcDuals: 
lambda: 0,4.91432,12.6934,11.5711,8.76252,10.1614,3.88987,13.0148,13.0695,6.76778,9.15776,4.76107,3.55064,13.818,10.2229,8.59307,11.3985,5.3311,13.4677,8.90036,13.3505,8.28424,5.84765,11.1215,10.8593,13.7696,9.04151,2.51355,10.2827,9.31849,11.7807,10.7228,1.30665,17.9526,14.5348,13.0405,11.046,5.22895,6.55285,14.5777,11.446,15.7246,11.0067,12.6593,8.87587,
mu: 
srcDuals: 
fixing. lower bound used: 451.97
percent fixed: 34.8513
updating best lambda arc fixing
fixing. lower bound used: 451.97
fixed path dual: -15.6688
best alpha: 0.06
0:0
1:0.0605764
2:0.449223
3:-0.13314
4:0.0605545
5:0.0907283
6:0.327951
7:0.122855
8:0.0170079
9:0.265869
10:0.080965
11:0.486219
12:0.605884
13:0.32263
14:-0.0682902
15:0.234272
16:0.0572935
17:-0.00538483
18:0.441974
19:0.180103
20:0.175573
21:0.0468105
22:0.116684
23:0.122855
24:0.170094
25:0.172234
26:0.127878
27:0.335062
28:0.193947
29:-0.0995419
30:0.0993435
31:0.102287
32:0.307855
33:0.372195
34:0.169885
35:0.14632
36:0.432393
37:0.0183164
38:0.0851408
39:0.259057
40:0.677935
41:-0.0987217
42:0.310703
43:0.393446
44:0.120851
alpha: 12.3612
lagLB: 449.649
stepSizeMultiplier: 1.61051
targetLowerBound: 488.514
||gamma||^2: 3.03082
lambda: 0,4.92103,17.2254,9.32222,10.1662,10.5192,8.40704,13.7467,14.6648,9.16485,9.40187,9.72383,9.90673,18.2732,12.9209,10.6222,11.367,4.56978,19.3125,11.696,14.6962,8.13067,6.50766,11.8534,13.5384,19.2681,11.9277,7.11352,11.8423,7.46083,12.2388,12.6125,4.1926,21.5877,15.8143,14.0455,15.382,4.7436,6.84558,16.8955,18.641,15.2738,15.3231,16.5418,9.5844,
mu: 
srcDuals: 
lambda: 0,4.91432,12.6934,11.5711,8.76252,10.1614,3.88987,13.0148,13.0695,6.76778,9.15776,4.76107,3.55064,13.818,10.2229,8.59307,11.3985,5.3311,13.4677,8.90036,13.3505,8.28424,5.84765,11.1215,10.8593,13.7696,9.04151,2.51355,10.2827,9.31849,11.7807,10.7228,1.30665,17.9526,14.5348,13.0405,11.046,5.22895,6.55285,14.5777,11.446,15.7246,11.0067,12.6593,8.87587,
mu: 
srcDuals: 
fixing. lower bound used: 444.269
percent fixed: 34.8494
fixing. lower bound used: 451.97
fixed path dual: -15.2588
best alpha: 0.05
0:0
1:0.107548
2:0.326762
3:-0.0764828
4:0.107527
5:0.136192
6:0.161553
7:-0.0332875
8:0.0661575
9:0.302576
10:0.0269168
11:0.411908
12:0.52559
13:0.356499
14:-0.0148757
15:0.0725583
16:0.0544289
17:-0.0551156
18:0.469875
19:0.221098
20:0.216794
21:0.09447
22:0.16085
23:-0.0832875
24:0.111589
25:0.213622
26:0.171484
27:0.318309
28:0.23425
29:-0.0945648
30:0.144376
31:0.147172
32:0.342462
33:0.203586
34:0.211391
35:0.189004
36:0.460774
37:-0.132599
38:0.130884
39:0.0961039
40:0.694038
41:-0.0437856
42:0.345168
43:0.223774
44:0.164808
alpha: 13.9193
lagLB: 461.886
stepSizeMultiplier: 1.61051
targetLowerBound: 488.514
||gamma||^2: 2.69157
lambda: 0,5.66312,18.2463,9.9253,9.51105,11.2829,7.94375,14.5335,13.2797,10.0542,10.1586,10.7713,11.0401,17.8061,9.37876,11.489,12.1067,5.26453,18.931,11.1267,15.5208,8.86288,7.29001,12.6402,12.9619,15.8986,10.6222,6.65533,12.6801,8.08803,13.0087,11.9872,5.11212,22.5534,16.6348,14.8492,16.3909,5.45536,7.6053,17.78,19.8261,14.5043,14.8474,17.5228,10.3697,
mu: 
srcDuals: 
lambda: 0,4.91432,12.6934,11.5711,8.76252,10.1614,3.88987,13.0148,13.0695,6.76778,9.15776,4.76107,3.55064,13.818,10.2229,8.59307,11.3985,5.3311,13.4677,8.90036,13.3505,8.28424,5.84765,11.1215,10.8593,13.7696,9.04151,2.51355,10.2827,9.31849,11.7807,10.7228,1.30665,17.9526,14.5348,13.0405,11.046,5.22895,6.55285,14.5777,11.446,15.7246,11.0067,12.6593,8.87587,
mu: 
srcDuals: 
fixing. lower bound used: 459.229
percent fixed: 35.4437
updating best lambda arc fixing
fixing. lower bound used: 459.229
fixed path dual: -18.2024
best alpha: 0.05
0:0
1:0.00217024
2:0.310424
3:-0.0726587
4:0.0521504
5:0.179382
6:0.203476
7:0.0183769
8:0.0128496
9:0.337447
10:0.0755709
11:0.441313
12:0.54931
13:0.288674
14:0.0358681
15:0.11893
16:0.101707
17:-0.00235981
18:0.396381
19:0.160043
20:0.205954
21:0.139747
22:-0.0471929
23:-0.0291231
24:0.156009
25:0.252941
26:0.0129103
27:0.252393
28:-0.0774624
29:-0.0398366
30:0.187158
31:-0.110186
32:0.275339
33:0.243406
34:0.250821
35:0.179554
36:0.437735
37:-0.0759695
38:0.17434
39:0.141299
40:0.509336
41:-0.191596
42:0.377909
43:0.262585
44:0.206568
alpha: 15.6962
lagLB: 450.892
stepSizeMultiplier: 1.61051
targetLowerBound: 488.514
||gamma||^2: 2.38686
lambda: 0,6.4113,17.2417,10.5065,10.2592,12.0571,6.13857,12.5515,13.9904,10.9794,9.53242,10.4945,10.8665,18.7802,10.0158,9.60303,12.1561,4.56393,20.008,11.9779,16.3681,9.5992,8.08656,9.96221,12.4126,16.743,11.4284,6.94418,13.5433,8.00222,13.7903,12.7714,6.07348,20.7864,17.4772,15.6713,17.4596,3.38326,8.37466,15.9154,21.1065,15.1152,15.8112,15.7741,11.1699,
mu: 
srcDuals: 
lambda: 0,4.91432,12.6934,11.5711,8.76252,10.1614,3.88987,13.0148,13.0695,6.76778,9.15776,4.76107,3.55064,13.818,10.2229,8.59307,11.3985,5.3311,13.4677,8.90036,13.3505,8.28424,5.84765,11.1215,10.8593,13.7696,9.04151,2.51355,10.2827,9.31849,11.7807,10.7228,1.30665,17.9526,14.5348,13.0405,11.046,5.22895,6.55285,14.5777,11.446,15.7246,11.0067,12.6593,8.87587,
mu: 
srcDuals: 
fixing. lower bound used: 458.846
percent fixed: 35.8492
updating best lambda arc fixing
fixing. lower bound used: 458.846
fixed path dual: -24.888
best alpha: 0.02
0:0
1:0.0221268
2:0.324216
3:-0.0512055
4:0.0711074
5:0.155795
6:0.219406
7:0.0380094
8:0.0325926
9:0.130698
10:0.0940595
11:0.372487
12:0.538324
13:0.3029
14:0.0551508
15:0.136552
16:0.0996733
17:0.0176874
18:0.408454
19:0.176843
20:0.221835
21:0.136952
22:-0.0262491
23:-0.00854062
24:0.172889
25:0.267882
26:0.0326521
27:0.267345
28:-0.0559132
29:-0.0190398
30:0.0634144
31:-0.0879826
32:0.269832
33:0.258538
34:0.145805
35:0.195963
36:0.44898
37:-0.0544501
38:-0.00914721
39:0.158473
40:0.519149
41:-0.167764
42:0.390351
43:0.277333
44:0.222436
alpha: 16.8145
lagLB: 418.812
stepSizeMultiplier: 1.61051
targetLowerBound: 488.514
||gamma||^2: 2.22812
lambda: 0,4.94838,17.5659,10.4306,9.58109,12.977,7.08366,13.3033,13.2712,12.0644,10.3439,11.688,12.1727,18.349,10.7859,10.4598,12.9949,5.29406,19.6893,11.4124,16.5832,10.4777,5.1069,10.6644,13.3081,17.7398,9.24415,6.47516,9.06682,8.69321,14.7184,8.99334,5.62843,21.7732,18.4717,15.8588,17.9168,4.03652,9.28932,16.7956,19.4406,12.7173,16.9384,16.7809,12.1182,
mu: 
srcDuals: 
lambda: 0,4.91432,12.6934,11.5711,8.76252,10.1614,3.88987,13.0148,13.0695,6.76778,9.15776,4.76107,3.55064,13.818,10.2229,8.59307,11.3985,5.3311,13.4677,8.90036,13.3505,8.28424,5.84765,11.1215,10.8593,13.7696,9.04151,2.51355,10.2827,9.31849,11.7807,10.7228,1.30665,17.9526,14.5348,13.0405,11.046,5.22895,6.55285,14.5777,11.446,15.7246,11.0067,12.6593,8.87587,
mu: 
srcDuals: 
fixing. lower bound used: 446.756
percent fixed: 35.8503
updating best lambda arc fixing
fixing. lower bound used: 446.756
fixed path dual: -23.2107
best alpha: 0.01
0:0
1:0.0319056
2:0.330973
3:-0.0406935
4:0.0503963
5:0.164237
6:0.227212
7:0.0476293
8:0.0422667
9:0.139391
10:0.103119
11:0.378762
12:0.522941
13:0.309871
14:0.0645992
15:0.125186
16:0.108677
17:-0.0224895
18:0.414369
19:0.0650741
20:0.229617
21:0.145582
22:-0.0159866
23:0.00154479
24:0.18116
25:0.275204
26:0.0423255
27:0.274672
28:-0.0453541
29:-0.00884943
30:0.0727802
31:-0.0771028
32:0.277134
33:0.265953
34:0.154347
35:0.204003
36:0.454491
37:-0.0539056
38:0.000944267
39:0.166888
40:0.513958
41:-0.156087
42:0.156448
43:0.28456
44:0.110212
alpha: 18.0268
lagLB: 432.598
stepSizeMultiplier: 1.61051
targetLowerBound: 488.514
||gamma||^2: 2.07827
lambda: 0,5.28637,18.1449,10.7101,9.95816,12.781,7.57907,13.654,13.6175,8.96539,10.7393,11.0242,12.6023,18.9111,11.1502,10.8891,13.0744,5.6285,20.3356,11.8739,17.0805,10.587,5.40629,10.9779,13.7664,18.2739,9.59054,7.00883,9.34253,8.99834,12.847,9.24346,5.84375,22.2998,16.9864,16.3355,18.5954,4.3134,6.39905,17.2424,20.1752,12.9038,17.5703,17.3225,12.616,
mu: 
srcDuals: 
lambda: 0,4.91432,12.6934,11.5711,8.76252,10.1614,3.88987,13.0148,13.0695,6.76778,9.15776,4.76107,3.55064,13.818,10.2229,8.59307,11.3985,5.3311,13.4677,8.90036,13.3505,8.28424,5.84765,11.1215,10.8593,13.7696,9.04151,2.51355,10.2827,9.31849,11.7807,10.7228,1.30665,17.9526,14.5348,13.0405,11.046,5.22895,6.55285,14.5777,11.446,15.7246,11.0067,12.6593,8.87587,
mu: 
srcDuals: 
fixing. lower bound used: 424.211
percent fixed: 35.8459
fixing. lower bound used: 446.756
fixed path dual: -22.6479
best alpha: 0.03
0:0
1:0.0609484
2:0.231044
3:-0.0694727
4:0.0788845
5:0.18931
6:0.250396
7:0.0762004
8:0.0709987
9:0.165209
10:0.130025
11:0.277399
12:0.537253
13:0.330575
14:0.0926613
15:0.151431
16:-0.0145838
17:0.0081852
18:0.431938
19:0.0931219
20:0.0127284
21:0.141215
22:0.014493
23:0.0314984
24:0.205726
25:0.296947
26:0.0710558
27:0.296432
28:-0.0139934
29:-0.158584
30:0.100597
31:-0.0447897
32:0.26882
33:0.287974
34:0.179716
35:0.0178831
36:0.260856
37:-0.0222884
38:0.0309159
39:0.191881
40:0.528539
41:-0.121404
42:0.181754
43:0.306023
44:0.136906
alpha: 19.3168
lagLB: 439.15
stepSizeMultiplier: 1.61051
targetLowerBound: 488.514
||gamma||^2: 1.93949
lambda: 0,5.48947,18.6598,10.8375,9.67101,13.1221,7.98578,13.8734,13.8314,9.28055,11.0167,11.5889,12.9776,19.404,11.3874,10.8498,13.3576,4.92568,20.9374,10.0734,17.4897,10.9086,5.55946,11.1494,14.1251,18.7306,9.8045,7.46501,9.46509,9.15896,13.0927,9.33293,6.3025,22.7469,17.3172,16.718,19.239,4.2572,6.56987,17.5862,20.711,12.9109,13.827,17.789,10.8626,
mu: 
srcDuals: 
lambda: 0,4.91432,12.6934,11.5711,8.76252,10.1614,3.88987,13.0148,13.0695,6.76778,9.15776,4.76107,3.55064,13.818,10.2229,8.59307,11.3985,5.3311,13.4677,8.90036,13.3505,8.28424,5.84765,11.1215,10.8593,13.7696,9.04151,2.51355,10.2827,9.31849,11.7807,10.7228,1.30665,17.9526,14.5348,13.0405,11.046,5.22895,6.55285,14.5777,11.446,15.7246,11.0067,12.6593,8.87587,
mu: 
srcDuals: 
fixing. lower bound used: 435.761
percent fixed: 35.8425
fixing. lower bound used: 446.756
fixed path dual: -23.1054
best alpha: 0.02
0:0
1:0.0797294
2:0.246423
3:-0.0480832
4:0.0773068
5:0.105523
6:0.225388
7:0.0546764
8:0.0895787
9:0.181905
10:-0.0325752
11:0.291851
12:0.526508
13:0.343964
14:0.110808
15:0.108402
16:0.00570791
17:-0.0319785
18:0.443299
19:0.111259
20:0.0324739
21:0.15839
22:0.0342032
23:0.0308685
24:0.161611
25:0.311009
26:0.0896347
27:0.310503
28:0.00628644
29:-0.135412
30:0.118585
31:-0.0238939
32:0.283444
33:0.142215
34:0.196122
35:0.0375255
36:0.275639
37:-0.0218426
38:0.0502976
39:0.00804375
40:0.537968
41:-0.0989761
42:0.198119
43:0.259903
44:0.114168
alpha: 20.5372
lagLB: 440.913
stepSizeMultiplier: 1.61051
targetLowerBound: 488.514
||gamma||^2: 1.82424
lambda: 0,6.09164,17.1564,10.2291,10.2863,13.8182,8.72671,14.4868,14.441,9.95909,11.6694,10.1195,13.9286,20.2036,12.0128,11.5182,11.1168,5.48921,21.8113,10.6992,13.5963,11.0121,6.12761,11.73,14.8333,19.5056,10.4141,8.23966,10.0124,6.25516,13.7239,9.85765,6.49939,23.5154,18.0063,13.3859,16.0849,4.79841,7.15005,18.2843,21.6557,13.3795,14.5176,18.5707,11.5205,
mu: 
srcDuals: 
lambda: 0,4.91432,12.6934,11.5711,8.76252,10.1614,3.88987,13.0148,13.0695,6.76778,9.15776,4.76107,3.55064,13.818,10.2229,8.59307,11.3985,5.3311,13.4677,8.90036,13.3505,8.28424,5.84765,11.1215,10.8593,13.7696,9.04151,2.51355,10.2827,9.31849,11.7807,10.7228,1.30665,17.9526,14.5348,13.0405,11.046,5.22895,6.55285,14.5777,11.446,15.7246,11.0067,12.6593,8.87587,
mu: 
srcDuals: 
fixing. lower bound used: 442.206
percent fixed: 35.8401
fixing. lower bound used: 446.756
fixed path dual: -22.7821
best alpha: 0.04
0:0
1:0.11654
2:0.276566
3:-0.00615989
4:-0.0457855
5:0.141302
6:0.216372
7:0.0924893
8:0.125996
9:0.214629
10:0.00872785
11:0.320177
12:0.425447
13:0.330205
14:0.0263757
15:0.144066
16:0.0454796
17:0.00930063
18:0.185567
19:0.106809
20:0.0711749
21:0.192055
22:0.072835
23:0.0696337
24:0.155147
25:0.138568
26:0.126049
27:0.338083
28:0.046035
29:-0.0899958
30:0.153841
31:0.0170619
32:0.312106
33:0.176526
34:0.228277
35:0.0760244
36:0.304613
37:0.0190311
38:0.0882857
39:0.047722
40:0.47645
41:-0.135017
42:0.230194
43:0.289506
44:0.149601
alpha: 22.7692
lagLB: 443.517
stepSizeMultiplier: 1.61051
targetLowerBound: 488.514
||gamma||^2: 1.64541
lambda: 0,6.55173,17.7542,10.5836,10.3502,12.3285,8.51869,14.1377,14.9092,10.5036,8.48876,10.7549,14.3636,20.882,12.4986,10.8193,11.5157,4.67435,22.5718,11.1853,14.0174,11.5371,6.55009,11.7555,14.1783,20.1568,10.8823,8.8904,10.4118,6.5375,14.2161,10.2321,7.12778,20.8733,18.5626,13.8111,16.7068,4.78036,7.58582,14.7429,22.4943,13.6919,15.0755,17.997,11.2205,
mu: 
srcDuals: 
lambda: 0,4.91432,12.6934,11.5711,8.76252,10.1614,3.88987,13.0148,13.0695,6.76778,9.15776,4.76107,3.55064,13.818,10.2229,8.59307,11.3985,5.3311,13.4677,8.90036,13.3505,8.28424,5.84765,11.1215,10.8593,13.7696,9.04151,2.51355,10.2827,9.31849,11.7807,10.7228,1.30665,17.9526,14.5348,13.0405,11.046,5.22895,6.55285,14.5777,11.446,15.7246,11.0067,12.6593,8.87587,
mu: 
srcDuals: 
fixing. lower bound used: 441.173
percent fixed: 35.839
fixing. lower bound used: 446.756
fixed path dual: -27.9534
best alpha: 0.02
0:0
1:0.134209
2:0.291035
3:0.0139633
4:-0.0248698
5:0.138476
6:0.212045
7:0.0706396
8:0.123476
9:0.0703363
10:0.0285533
11:0.233773
12:0.436938
13:0.343601
14:0.0458482
15:0.161185
16:0.06457
17:0.0291146
18:0.201856
19:0.124673
20:0.0897514
21:0.168214
22:0.0913783
23:0.0682411
24:0.152044
25:0.155797
26:0.123528
27:0.331321
28:0.0651143
29:-0.0681959
30:0.0907647
31:0.0367206
32:0.285864
33:0.192996
34:0.123711
35:0.094504
36:0.318521
37:0.0386505
38:-0.05348
39:0.0667676
40:0.486921
41:-0.112317
42:0.24559
43:0.263716
44:0.166609
alpha: 15.976
lagLB: 438.295
stepSizeMultiplier: 1.06294
targetLowerBound: 488.514
||gamma||^2: 1.54773
lambda: 0,7.56785,18.9906,11.4308,7.72002,13.3787,8.8165,15.1208,15.9383,11.6547,9.35649,12.0513,13.2377,21.3365,10.8235,11.8733,12.434,5.54287,17.6929,11.3323,14.9711,12.6572,7.50605,12.707,14.3919,16.9247,11.9116,10.2114,11.3309,7.26935,15.2835,11.1113,8.41307,21.972,19.7325,14.7715,17.9818,5.66227,8.56305,15.6643,22.2944,12.6504,16.2481,19.2512,12.2822,
mu: 
srcDuals: 
lambda: 0,4.91432,12.6934,11.5711,8.76252,10.1614,3.88987,13.0148,13.0695,6.76778,9.15776,4.76107,3.55064,13.818,10.2229,8.59307,11.3985,5.3311,13.4677,8.90036,13.3505,8.28424,5.84765,11.1215,10.8593,13.7696,9.04151,2.51355,10.2827,9.31849,11.7807,10.7228,1.30665,17.9526,14.5348,13.0405,11.046,5.22895,6.55285,14.5777,11.446,15.7246,11.0067,12.6593,8.87587,
mu: 
srcDuals: 
fixing. lower bound used: 454.11
percent fixed: 35.8689
updating best lambda arc fixing
fixing. lower bound used: 454.11
fixed path dual: -12.7102
STATS - lpIterations[1] lagIterations[30] sspIterations[150] numSeparations[0] numCuts[0] compileTime[6] sspSolveTime[28] lpSolveTime[0] lb[469.148] ub[510] numArcs: [418614] numFixed: [150791] time: [168]
STATS1 - lpIterations[1] lagIterations[30] sspIterations[150] numSeparations[0] numCuts[0] compileTime[6] sspSolveTime[28] lpSolveTime[0] repairTime[6] cutsTime[0] lb[469.148] ub[510] numArcs: [418614] numFixed: [150791] time: [168]
lambda: 0,7.05845,17.343,11.7942,8.3652,12.3737,7.27751,14.1434,15.0422,7.89147,9.61393,8.49585,10.5312,19.3074,10.9554,11.1682,12.4301,5.79623,16.6925,10.8921,14.7843,10.9716,7.30752,12.2117,13.2884,16.2586,11.015,7.80676,11.323,8.22899,13.2308,11.3095,5.87363,21.036,16.5112,14.5503,16.1347,5.84643,5.69845,15.6444,19.2251,13.9303,14.9303,16.8725,11.5376,
mu: 
srcDuals: 
best alpha: 0.04
0:0
1:0.0488411
2:0.279394
3:-0.0265952
4:0.016125
5:0.172937
6:0.163563
7:-0.052186
8:-0.00146336
9:0.107523
10:0.0674112
11:0.264422
12:0.379461
13:0.369857
14:0.0840143
15:0.114737
16:0.101987
17:-0.01205
18:0.233782
19:0.159686
20:0.0861614
21:0.201485
22:0.0877232
23:-0.0544886
24:0.145962
25:0.189565
26:0.0385871
27:0.238068
28:-0.0174903
29:-0.025468
30:0.127134
31:-0.00474819
32:0.234429
33:0.225276
34:0.158763
35:0.0907238
36:0.30578
37:-0.00289556
38:-0.0113408
39:0.104097
40:0.507444
41:-0.067824
42:0.235767
43:0.213168
44:0.119944
alpha: 17.4253
lagLB: 469.148
stepSizeMultiplier: 1.06294
targetLowerBound: 492.605
||gamma||^2: 1.43089
lambda: 0,7.05845,17.343,11.7942,8.3652,12.3737,7.27751,14.1434,15.0422,7.89147,9.61393,8.49585,10.5312,19.3074,10.9554,11.1682,12.4301,5.79623,16.6925,10.8921,14.7843,10.9716,7.30752,12.2117,13.2884,16.2586,11.015,7.80676,11.323,8.22899,13.2308,11.3095,5.87363,21.036,16.5112,14.5503,16.1347,5.84643,5.69845,15.6444,19.2251,13.9303,14.9303,16.8725,11.5376,
mu: 
srcDuals: 
lambda: 0,7.05845,17.343,11.7942,8.3652,12.3737,7.27751,14.1434,15.0422,7.89147,9.61393,8.49585,10.5312,19.3074,10.9554,11.1682,12.4301,5.79623,16.6925,10.8921,14.7843,10.9716,7.30752,12.2117,13.2884,16.2586,11.015,7.80676,11.323,8.22899,13.2308,11.3095,5.87363,21.036,16.5112,14.5503,16.1347,5.84643,5.69845,15.6444,19.2251,13.9303,14.9303,16.8725,11.5376,
mu: 
srcDuals: 
fixing. lower bound used: 392.932
percent fixed: 35.8664
fixing. lower bound used: 454.11
fixed path dual: -70.4653
best alpha: 0.02
0:0
1:0.0678643
2:0.293806
3:-0.00606332
4:-0.0041975
5:0.189479
6:0.180292
7:-0.0311423
8:0.0185659
9:0.125372
10:0.0860629
11:0.279134
12:0.371872
13:0.20246
14:0.102334
15:0.132443
16:0.119947
17:-0.091809
18:0.249106
19:-0.0835078
20:0.104438
21:0.217455
22:0.105969
23:-0.0333988
24:0.163043
25:0.205774
26:0.0578154
27:0.253307
28:0.00285952
29:-0.00495867
30:0.144591
31:0.0153468
32:0.249741
33:0.24077
34:0.175588
35:0.108909
36:0.319665
37:0.0171623
38:0.00888602
39:0.122015
40:-0.062705
41:-0.0464675
42:0.0110514
43:0.228904
44:0.137546
alpha: 21.7375
lagLB: 277.906
stepSizeMultiplier: 1.06294
targetLowerBound: 492.605
||gamma||^2: 1.14704
lambda: 0,7.90952,22.2115,11.3307,8.64618,15.3872,10.1276,13.234,15.0167,9.76509,10.7886,13.1035,17.1434,25.7522,12.4194,13.1675,14.2072,5.58626,20.7663,13.6747,16.2857,14.4826,8.83612,11.2623,15.8318,19.5618,11.6874,11.9552,11.0182,7.7852,15.4461,11.2268,9.95863,24.9615,19.2777,16.1312,21.463,5.79597,5.50084,17.4583,28.0674,12.7484,19.0386,20.587,13.6277,
mu: 
srcDuals: 
lambda: 0,7.05845,17.343,11.7942,8.3652,12.3737,7.27751,14.1434,15.0422,7.89147,9.61393,8.49585,10.5312,19.3074,10.9554,11.1682,12.4301,5.79623,16.6925,10.8921,14.7843,10.9716,7.30752,12.2117,13.2884,16.2586,11.015,7.80676,11.323,8.22899,13.2308,11.3095,5.87363,21.036,16.5112,14.5503,16.1347,5.84643,5.69845,15.6444,19.2251,13.9303,14.9303,16.8725,11.5376,
mu: 
srcDuals: 
fixing. lower bound used: 454.11
fixed path dual: -48.5026
best alpha: 0.02
0:0
1:0.066507
2:0.22793
3:0.0140579
4:0.0158864
5:0.205689
6:0.196686
7:-0.0105195
8:0.0381946
9:0.142865
10:0.104342
11:0.173551
12:0.384434
13:0.218411
14:0.120287
15:0.149794
16:-0.0224515
17:-0.0699728
18:0.264124
19:-0.0618376
20:0.122349
21:0.0131063
22:0.103849
23:-0.0127308
24:0.179782
25:0.221658
26:0.0766591
27:0.208241
28:0.0228023
29:-0.0448595
30:0.1617
31:0.0350398
32:0.144746
33:0.255955
34:0.072076
35:0.126731
36:0.333271
37:0.0368191
38:0.0287083
39:0.139575
40:-0.0414509
41:-0.0255382
42:0.0308304
43:0.244326
44:0.154795
alpha: 24.2946
lagLB: 397.685
stepSizeMultiplier: 1.06294
targetLowerBound: 492.605
||gamma||^2: 1.02631
lambda: 0,8.53366,23.7296,11.6623,8.27396,16.4925,11.1966,13.4664,15.4457,10.6168,11.4847,14.5635,18.6148,23.7083,13.1799,14.0471,15.0374,3.80053,22.1075,9.07689,17.0546,15.6986,9.61101,11.4857,16.8325,20.7316,12.2718,13.313,11.3851,8.1212,16.3738,11.6431,11.3024,26.2697,20.3281,16.9177,23.0834,6.2195,5.89161,18.2967,17.862,12.9202,15.1705,21.8483,14.5275,
mu: 
srcDuals: 
lambda: 0,7.05845,17.343,11.7942,8.3652,12.3737,7.27751,14.1434,15.0422,7.89147,9.61393,8.49585,10.5312,19.3074,10.9554,11.1682,12.4301,5.79623,16.6925,10.8921,14.7843,10.9716,7.30752,12.2117,13.2884,16.2586,11.015,7.80676,11.323,8.22899,13.2308,11.3095,5.87363,21.036,16.5112,14.5503,16.1347,5.84643,5.69845,15.6444,19.2251,13.9303,14.9303,16.8725,11.5376,
mu: 
srcDuals: 
fixing. lower bound used: 287.871
percent fixed: 35.8581
fixing. lower bound used: 454.11
fixed path dual: -50.6601
best alpha: 0.04
0:0
1:-0.0161533
2:0.218812
3:-0.106504
4:0.055251
5:0.237461
6:0.148819
7:-0.0500987
8:0.0766668
9:0.17715
10:0.060168
11:0.206609
12:0.289057
13:0.249674
14:0.155476
15:0.0238019
16:0.0184466
17:-0.0271739
18:0.293559
19:-0.0193641
20:0.117455
21:0.052582
22:0.0196954
23:0.0277784
24:0.0925906
25:0.252792
26:0.113593
27:0.119911
28:0.0618902
29:-0.00306511
30:0.195232
31:0.0736382
32:0.138956
33:0.125717
34:0.109193
35:0.0416619
36:0.19994
37:-0.0846537
38:0.06756
39:0.173992
40:0.000207162
41:0.0154834
42:0.0695972
43:0.114553
44:0.108603
alpha: 30.7437
lagLB: 394.71
stepSizeMultiplier: 1.06294
targetLowerBound: 492.605
||gamma||^2: 0.811018
lambda: 0,8.67421,22.8804,12.1357,8.75116,17.3708,12.0559,13.8878,15.9701,11.3623,12.1489,12.7122,19.8708,24.6135,13.8777,14.8073,11.8846,4.09628,23.1093,9.38982,17.7568,11.29,9.83049,11.9024,17.6561,21.6437,12.8774,12.8659,11.8769,7.13915,17.1592,12.1608,9.39017,27.2543,18.2623,17.6291,24.2314,6.74093,6.39591,19.0353,18.218,13.3098,15.6793,22.8083,15.2983,
mu: 
srcDuals: 
lambda: 0,7.05845,17.343,11.7942,8.3652,12.3737,7.27751,14.1434,15.0422,7.89147,9.61393,8.49585,10.5312,19.3074,10.9554,11.1682,12.4301,5.79623,16.6925,10.8921,14.7843,10.9716,7.30752,12.2117,13.2884,16.2586,11.015,7.80676,11.323,8.22899,13.2308,11.3095,5.87363,21.036,16.5112,14.5503,16.1347,5.84643,5.69845,15.6444,19.2251,13.9303,14.9303,16.8725,11.5376,
mu: 
srcDuals: 
fixing. lower bound used: 401.594
percent fixed: 35.8538
fixing. lower bound used: 454.11
fixed path dual: -51.0204
best alpha: 0.01
0:0
1:-0.00599178
2:0.216624
3:-0.0954393
4:0.0646985
5:0.185087
6:0.15733
7:-0.0395977
8:0.0859001
9:0.0453788
10:0.0395663
11:0.194543
12:0.266166
13:0.257177
14:0.163921
15:0.0335639
16:0.0182621
17:-0.0169021
18:0.300624
19:-0.00917047
20:0.126281
21:0.0620562
22:0.0294984
23:0.0375006
24:0.101665
25:0.260264
26:0.122457
27:0.128712
28:0.0712713
29:0.00696554
30:0.0832793
31:0.0829019
32:0.137566
33:0.13446
34:0.118101
35:0.0512453
36:0.207941
37:-0.0738071
38:0.0768844
39:0.152252
40:0.0102051
41:0.0253285
42:0.0789012
43:0.123408
44:0.117517
alpha: 33.524
lagLB: 406.615
stepSizeMultiplier: 1.06294
targetLowerBound: 492.605
||gamma||^2: 0.743758
lambda: 0,6.56184,24.0701,8.51981,10.0638,19.6741,11.8527,12.6032,17.3992,13.3377,11.4637,14.8478,19.4179,26.9833,15.7353,11.8999,12.9972,4.96081,25.7176,10.2968,18.3954,12.5882,7.91302,13.0657,16.135,24.0304,14.5073,11.4933,13.2257,8.13475,19.2329,13.5734,10.1457,24.901,19.8682,15.8311,22.2816,3.24386,7.7755,20.9936,19.2314,14.4063,17.07,20.3943,14.8765,
mu: 
srcDuals: 
lambda: 0,7.05845,17.343,11.7942,8.3652,12.3737,7.27751,14.1434,15.0422,7.89147,9.61393,8.49585,10.5312,19.3074,10.9554,11.1682,12.4301,5.79623,16.6925,10.8921,14.7843,10.9716,7.30752,12.2117,13.2884,16.2586,11.015,7.80676,11.323,8.22899,13.2308,11.3095,5.87363,21.036,16.5112,14.5503,16.1347,5.84643,5.69845,15.6444,19.2251,13.9303,14.9303,16.8725,11.5376,
mu: 
srcDuals: 
fixing. lower bound used: 405.946
percent fixed: 35.85
fixing. lower bound used: 454.11
fixed path dual: -48.089
best alpha: 0.03
0:0
1:-0.00581202
2:0.240126
3:-0.0625761
4:0.0627575
5:0.149534
6:0.0926104
7:-0.00840976
8:0.0233231
9:0.0740175
10:0.0683793
11:0.158707
12:0.228181
13:0.159462
14:0.0390034
15:0.062557
16:0.0477142
17:0.0136049
18:0.321605
19:0.0211046
20:0.152492
21:0.0901945
22:0.0586135
23:0.0663756
24:0.0686147
25:0.102456
26:0.0587831
27:0.0948508
28:0.0991332
29:0.0367566
30:0.110781
31:0.0504148
32:0.133439
33:0.160426
34:0.144558
35:0.0797079
36:0.231703
37:-0.0415929
38:0.104578
39:0.177684
40:0.0398989
41:0.0545687
42:0.106534
43:0.149705
44:0.143991
alpha: 38.8152
lagLB: 430.862
stepSizeMultiplier: 1.06294
targetLowerBound: 492.605
||gamma||^2: 0.64237
lambda: 0,6.85759,24.6051,8.59464,10.5342,18.5785,12.5518,12.8159,17.9219,9.41275,10.9404,15.0177,19.4541,27.929,16.4507,12.2934,13.0423,5.22961,26.7706,10.5847,19.0178,13.052,8.29642,13.4689,16.6966,24.9837,15.1202,12.1217,13.7123,8.4625,16.0226,14.0887,10.4854,25.5436,20.4704,16.2682,23.1057,3.37212,8.27592,20.7485,19.5672,14.7794,17.5754,21.0096,15.4773,
mu: 
srcDuals: 
lambda: 0,7.05845,17.343,11.7942,8.3652,12.3737,7.27751,14.1434,15.0422,7.89147,9.61393,8.49585,10.5312,19.3074,10.9554,11.1682,12.4301,5.79623,16.6925,10.8921,14.7843,10.9716,7.30752,12.2117,13.2884,16.2586,11.015,7.80676,11.323,8.22899,13.2308,11.3095,5.87363,21.036,16.5112,14.5503,16.1347,5.84643,5.69845,15.6444,19.2251,13.9303,14.9303,16.8725,11.5376,
mu: 
srcDuals: 
fixing. lower bound used: 416.205
percent fixed: 35.8477
fixing. lower bound used: 454.11
fixed path dual: -56.5497
best alpha: 0.02
0:0
1:0.0143042
2:0.175323
3:-0.0413246
4:0.0815024
5:0.106544
6:0.110758
7:0.0117584
8:0.0428567
9:0.0925371
10:-0.0129882
11:0.155533
12:0.203618
13:0.176273
14:0.0582234
15:0.0213058
16:0.04676
17:-0.0266672
18:0.335173
19:0.0406826
20:0.169443
21:0.0283906
22:0.0774412
23:0.0850481
24:0.0872424
25:0.120407
26:0.0776074
27:0.112954
28:0.117151
29:-0.00397856
30:0.128565
31:0.0694065
32:0.0907707
33:0.0772173
34:0.121667
35:0.0981138
36:0.247069
37:-0.0207611
38:0.122486
39:0.0541305
40:0.059101
41:0.0734773
42:0.124403
43:0.166711
44:0.101111
alpha: 42.2444
lagLB: 411.443
stepSizeMultiplier: 1.06294
targetLowerBound: 492.605
||gamma||^2: 0.590225
lambda: 0,6.83286,26.6635,9.36525,10.8011,18.1779,10.8722,13.817,15.9475,10.7645,12.2681,14.6561,19.3881,25.4969,12.4693,13.5963,14.2821,6.32431,29.1757,11.7113,20.7034,14.4725,9.58261,14.7881,15.9517,20.2354,13.2967,11.4884,15.1708,9.6557,17.5307,13.2664,11.0531,27.2629,22.1223,17.6441,25.1283,4.23199,9.75766,22.5412,20.7737,16.0484,19.0654,22.6833,17.1267,
mu: 
srcDuals: 
lambda: 0,7.05845,17.343,11.7942,8.3652,12.3737,7.27751,14.1434,15.0422,7.89147,9.61393,8.49585,10.5312,19.3074,10.9554,11.1682,12.4301,5.79623,16.6925,10.8921,14.7843,10.9716,7.30752,12.2117,13.2884,16.2586,11.015,7.80676,11.323,8.22899,13.2308,11.3095,5.87363,21.036,16.5112,14.5503,16.1347,5.84643,5.69845,15.6444,19.2251,13.9303,14.9303,16.8725,11.5376,
mu: 
srcDuals: 
fixing. lower bound used: 438.461
percent fixed: 35.8928
updating best lambda arc fixing
fixing. lower bound used: 438.461
fixed path dual: -58.5277
best alpha: 0.01
0:0
1:-0.0358388
2:0.18357
3:-0.0609114
4:0.0906874
5:0.115478
6:0.0896506
7:0.0116409
8:0.0524281
9:0.101612
10:-0.00285837
11:0.163977
12:0.211581
13:0.18451
14:0.0676411
15:0.0310928
16:0.0562924
17:-0.0164005
18:0.341821
19:0.0502757
20:0.137748
21:0.0381067
22:0.0266668
23:0.0341976
24:0.04637
25:0.129203
26:0.0868314
27:0.101824
28:0.125979
29:0.00606123
30:0.13728
31:0.0787124
32:0.079863
33:0.0864451
34:0.13045
35:0.0471326
36:0.184598
37:-0.0105534
38:0.131261
39:0.0635892
40:0.0685099
41:0.0827425
42:0.133159
43:0.0950442
44:0.1101
alpha: 44.9629
lagLB: 408.081
stepSizeMultiplier: 1.06294
targetLowerBound: 492.605
||gamma||^2: 0.55454
lambda: 0,7.66273,24.7494,10.0484,11.8082,16.8746,11.9564,14.6401,16.8526,11.8007,9.06525,15.0662,19.1329,26.7539,13.415,12.0682,14.4054,4.66969,30.8517,12.6108,21.9423,12.171,10.579,15.8045,16.9739,21.3451,14.2935,12.5784,16.2719,8.06091,18.6619,14.2415,9.70819,24.298,21.651,18.695,26.572,4.96939,10.8728,17.9311,21.7217,17.0343,20.1856,23.9151,15.809,
mu: 
srcDuals: 
lambda: 0,7.05845,17.343,11.7942,8.3652,12.3737,7.27751,14.1434,15.0422,7.89147,9.61393,8.49585,10.5312,19.3074,10.9554,11.1682,12.4301,5.79623,16.6925,10.8921,14.7843,10.9716,7.30752,12.2117,13.2884,16.2586,11.015,7.80676,11.323,8.22899,13.2308,11.3095,5.87363,21.036,16.5112,14.5503,16.1347,5.84643,5.69845,15.6444,19.2251,13.9303,14.9303,16.8725,11.5376,
mu: 
srcDuals: 
fixing. lower bound used: 415.484
percent fixed: 35.8903
fixing. lower bound used: 438.461
fixed path dual: -57.6157
best alpha: 0.01
0:0
1:-0.0254804
2:0.191734
3:-0.0503023
4:0.0597805
5:0.124323
6:0.0987541
7:0.0215244
8:0.0619038
9:0.110596
10:0.00717022
11:0.172338
12:0.199466
13:0.182665
14:0.0769647
15:0.0407819
16:0.0657294
17:-0.0462365
18:0.328403
19:-0.050227
20:0.146371
21:0.0477256
22:0.0364001
23:0.0438556
24:0.0559063
25:0.137911
26:0.0959631
27:0.110806
28:0.134719
29:0.0160006
30:0.145907
31:0.0879253
32:0.0890644
33:0.0955807
34:0.139146
35:0.0566613
36:0.192752
37:-0.00044791
38:0.139949
39:0.0729533
40:0.0478249
41:0.0919151
42:-0.0681721
43:0.104094
44:0.0289994
alpha: 44.5771
lagLB: 414.92
stepSizeMultiplier: 1.06294
targetLowerBound: 492.605
||gamma||^2: 0.55934
lambda: 0,5.44704,25.5968,9.0554,12.4428,17.5659,11.3085,14.6668,17.3995,12.4602,9.48541,15.8687,20.0445,27.6035,13.9967,12.5662,14.9611,5.05882,32.0618,13.1527,20.9779,12.685,8.50653,13.7494,15.3733,22.0679,14.9192,12.3851,16.9873,8.50152,19.4032,14.8486,9.4645,24.9228,22.3766,16.6695,24.4348,5.37192,11.6003,18.5036,22.3055,17.6506,20.9175,21.1459,16.4881,
mu: 
srcDuals: 
lambda: 0,7.05845,17.343,11.7942,8.3652,12.3737,7.27751,14.1434,15.0422,7.89147,9.61393,8.49585,10.5312,19.3074,10.9554,11.1682,12.4301,5.79623,16.6925,10.8921,14.7843,10.9716,7.30752,12.2117,13.2884,16.2586,11.015,7.80676,11.323,8.22899,13.2308,11.3095,5.87363,21.036,16.5112,14.5503,16.1347,5.84643,5.69845,15.6444,19.2251,13.9303,14.9303,16.8725,11.5376,
mu: 
srcDuals: 
fixing. lower bound used: 410.2
percent fixed: 35.8899
fixing. lower bound used: 438.461
fixed path dual: -54.9585
best alpha: 0.01
0:0
1:-0.0652256
2:0.199817
3:-0.0397992
4:0.0691827
5:0.12308
6:0.107767
7:0.0313092
8:0.0612848
9:0.0894897
10:0.0170985
11:0.150614
12:0.207471
13:0.190838
14:0.0861951
15:0.050374
16:0.0650721
17:-0.0357741
18:0.335119
19:-0.0397248
20:0.154907
21:0.0472484
22:-0.0139639
23:0.0534171
24:0.0653472
25:0.146532
26:0.0250034
27:0.089698
28:0.073372
29:0.0158406
30:0.134448
31:-0.0129539
32:0.0581737
33:0.104625
34:0.127754
35:0.0660947
36:0.200824
37:0.00955657
38:0.118549
39:0.0822238
40:0.0573466
41:0.100996
42:-0.0574904
43:0.113053
44:0.0387094
alpha: 46.4522
lagLB: 419.261
stepSizeMultiplier: 1.06294
targetLowerBound: 492.605
||gamma||^2: 0.536761
lambda: 0,5.92261,25.8899,9.55182,11.03,17.9157,11.6797,15.1029,17.8017,12.8215,9.93356,16.1782,19.4228,27.45,14.3862,12.9861,15.3601,3.73515,31.3318,8.65317,21.3091,13.0991,8.93013,14.1667,15.7805,22.4062,15.2928,12.7462,17.3283,8.94225,19.7349,15.2289,9.84386,25.2967,22.7139,17.0761,24.727,5.82646,11.937,18.8965,21.3569,18.0276,11.8914,21.5127,12.8303,
mu: 
srcDuals: 
lambda: 0,7.05845,17.343,11.7942,8.3652,12.3737,7.27751,14.1434,15.0422,7.89147,9.61393,8.49585,10.5312,19.3074,10.9554,11.1682,12.4301,5.79623,16.6925,10.8921,14.7843,10.9716,7.30752,12.2117,13.2884,16.2586,11.015,7.80676,11.323,8.22899,13.2308,11.3095,5.87363,21.036,16.5112,14.5503,16.1347,5.84643,5.69845,15.6444,19.2251,13.9303,14.9303,16.8725,11.5376,
mu: 
srcDuals: 
fixing. lower bound used: 405.976
percent fixed: 35.888
fixing. lower bound used: 438.461
fixed path dual: -53.6269
best alpha: 0.03
0:0
1:-0.0332689
2:0.0738223
3:-0.0386053
4:0.0371072
5:0.149388
6:0.134534
7:0.0603699
8:0.0894462
9:0.116805
10:0.0465856
11:0.116096
12:0.171247
13:0.215113
14:0.113609
15:0.0788628
16:0.06312
17:-0.0047009
18:0.235065
19:-0.00853302
20:0.0602597
21:0.0458309
22:0.016455
23:0.0818146
24:0.0933868
25:0.112136
26:0.0542533
27:0.117007
28:0.101171
29:0.0153654
30:0.160414
31:0.0174347
32:0.0564285
33:0.131486
34:0.153922
35:-0.0258882
36:0.1048
37:0.0392699
38:0.144993
39:0.109757
40:0.0856262
41:0.127966
42:-0.0257657
43:0.139661
44:0.0675481
alpha: 52.9559
lagLB: 422.664
stepSizeMultiplier: 1.06294
targetLowerBound: 492.605
||gamma||^2: 0.47084
lambda: 0,4.02858,26.6249,9.94539,11.5789,18.091,12.2835,15.5978,17.889,12.0485,10.4082,15.4922,20.1687,28.1722,14.9593,13.5082,15.4528,4.13445,32.2595,9.04684,21.9801,13.1664,6.65886,14.6931,16.3239,23.0653,12.1765,11.9734,14.7312,8.96482,19.4762,10.7078,8.57593,25.896,22.4457,17.6205,25.4634,6.29035,11.2053,19.4639,21.8889,18.6217,12.2597,22.124,13.3358,
mu: 
srcDuals: 
lambda: 0,7.05845,17.343,11.7942,8.3652,12.3737,7.27751,14.1434,15.0422,7.89147,9.61393,8.49585,10.5312,19.3074,10.9554,11.1682,12.4301,5.79623,16.6925,10.8921,14.7843,10.9716,7.30752,12.2117,13.2884,16.2586,11.015,7.80676,11.323,8.22899,13.2308,11.3095,5.87363,21.036,16.5112,14.5503,16.1347,5.84643,5.69845,15.6444,19.2251,13.9303,14.9303,16.8725,11.5376,
mu: 
srcDuals: 
fixing. lower bound used: 415.766
percent fixed: 35.8868
fixing. lower bound used: 438.461
fixed path dual: -69.056
best alpha: 0.01
0:0
1:-0.0229362
2:0.0830841
3:-0.0282192
4:0.0467361
5:0.157894
6:0.0831883
7:0.0397662
8:0.0985518
9:0.105637
10:0.0561197
11:0.124935
12:0.179534
13:0.222962
14:0.122473
15:0.0880742
16:0.0724888
17:0.0053461
18:0.242715
19:0.00155231
20:0.0696571
21:0.0453726
22:0.0262905
23:0.000996416
24:-0.00754706
25:0.121014
26:0.0637108
27:0.115837
28:0.110159
29:0.0252117
30:0.14881
31:0.0272603
32:0.0658642
33:0.140171
34:0.142382
35:-0.0156293
36:0.113752
37:0.0488772
38:0.133543
39:0.118659
40:0.0947699
41:0.136686
42:-0.015508
43:-0.0117354
44:0.0768726
alpha: 54.9799
lagLB: 378.133
stepSizeMultiplier: 1.06294
targetLowerBound: 492.605
||gamma||^2: 0.453506
lambda: 0,5.29667,21.2523,9.74978,10.3302,20.2846,14.4019,17.3403,19.7789,14.077,12.0809,14.6438,19.5997,30.6989,16.9717,15.3444,15.7726,5.54729,29.1406,10.4403,17.9754,13.3986,8.17891,16.5443,18.2338,22.1968,13.888,14.003,16.6805,9.04267,21.7256,12.2328,8.86185,27.9989,24.6623,13.1793,21.6844,7.926,13.3767,21.4567,23.7595,20.7068,13.5658,24.2683,15.1147,
mu: 
srcDuals: 
lambda: 0,7.05845,17.343,11.7942,8.3652,12.3737,7.27751,14.1434,15.0422,7.89147,9.61393,8.49585,10.5312,19.3074,10.9554,11.1682,12.4301,5.79623,16.6925,10.8921,14.7843,10.9716,7.30752,12.2117,13.2884,16.2586,11.015,7.80676,11.323,8.22899,13.2308,11.3095,5.87363,21.036,16.5112,14.5503,16.1347,5.84643,5.69845,15.6444,19.2251,13.9303,14.9303,16.8725,11.5376,
mu: 
srcDuals: 
start separation phase
STATS - lpIterations[2] lagIterations[41] sspIterations[205] numSeparations[0] numCuts[0] compileTime[6] sspSolveTime[42] lpSolveTime[0] lb[469.148] ub[510] numArcs: [418269] numFixed: [150986] time: [238]
STATS1 - lpIterations[2] lagIterations[41] sspIterations[205] numSeparations[0] numCuts[0] compileTime[6] sspSolveTime[42] lpSolveTime[0] repairTime[8] cutsTime[0] lb[469.148] ub[510] numArcs: [418269] numFixed: [150986] time: [238]
fixing. lower bound used: 438.461
fixed path dual: -66.274
best alpha: 0.01
0:0
1:-0.0127068
2:0.0922532
3:-0.017937
4:0.0562688
5:0.116315
6:0.0923564
7:0.0493686
8:0.107566
9:0.0545806
10:-0.00444149
11:0.123685
12:0.167739
13:0.230732
14:0.131248
15:0.0671934
16:0.0817639
17:0.0152926
18:0.250287
19:0.0115368
20:0.0789606
21:0.0549189
22:0.0360276
23:0.0109865
24:0.00252841
25:0.129804
26:0.0730737
27:0.124679
28:0.119058
29:0.0349596
30:0.0773221
31:0.0369877
32:0.0752056
33:0.11877
34:0.150959
35:-0.00547299
36:0.122614
37:0.0283884
38:0.102207
39:0.0374729
40:0.103822
41:0.14532
42:-0.00535297
43:-0.00161802
44:0.0861039
alpha: 59.3517
lagLB: 391.305
stepSizeMultiplier: 1.06294
targetLowerBound: 492.605
||gamma||^2: 0.420101
lambda: 0,5.79743,21.9109,10.2427,10.9347,21.0547,11.8512,16.3297,20.4605,13.6994,12.6994,15.3647,20.402,31.5658,17.6889,16.0105,16.4155,6.09016,30.037,10.9775,18.6141,13.4662,8.75296,12.2665,12.8734,22.9119,14.5178,14.1755,17.3795,9.61513,21.4123,12.8083,9.49484,28.7426,24.3394,13.691,22.3887,8.53369,13.0406,22.1683,24.4355,21.4453,14.0776,16.2273,15.7641,
mu: 
srcDuals: 
lambda: 0,7.05845,17.343,11.7942,8.3652,12.3737,7.27751,14.1434,15.0422,7.89147,9.61393,8.49585,10.5312,19.3074,10.9554,11.1682,12.4301,5.79623,16.6925,10.8921,14.7843,10.9716,7.30752,12.2117,13.2884,16.2586,11.015,7.80676,11.323,8.22899,13.2308,11.3095,5.87363,21.036,16.5112,14.5503,16.1347,5.84643,5.69845,15.6444,19.2251,13.9303,14.9303,16.8725,11.5376,
mu: 
srcDuals: 
fixing. lower bound used: 377.395
percent fixed: 35.8819
fixing. lower bound used: 438.461
fixed path dual: -70.2601
best alpha: 0.01
0:0
1:-0.00257975
2:0.101331
3:-0.00775765
4:0.0157061
5:0.125152
6:0.101433
7:0.0588749
8:0.116491
9:0.0640348
10:0.00560292
11:0.132449
12:0.176062
13:0.118425
14:0.129936
15:0.0765215
16:0.0909462
17:0.0151397
18:0.237785
19:-0.0385786
20:0.088171
21:0.0643697
22:0.0456673
23:0.0208766
24:0.0125031
25:0.138506
26:0.0823429
27:0.133432
28:0.127867
29:0.04461
30:0.0865489
31:0.0466179
32:0.0844535
33:0.127582
34:0.159449
35:0.00458174
36:0.131388
37:0.0381045
38:0.111185
39:0.0470982
40:-0.027216
41:0.0938663
42:0.00470056
43:0.00839816
44:0.0952429
alpha: 62.8421
lagLB: 380.275
stepSizeMultiplier: 1.06294
targetLowerBound: 492.605
||gamma||^2: 0.396768
lambda: 0,6.30428,22.8184,10.7296,11.7048,19.2772,12.759,17.0735,21.4264,11.1309,9.35032,15.8368,20.4868,33.0017,18.7452,15.1562,17.2829,6.70388,31.5475,11.5769,19.4708,14.2312,9.44581,12.8638,13.4384,23.9627,15.3521,15.2066,18.3892,10.3039,17.82,13.5048,10.3372,28.0851,25.4709,14.2254,23.4121,7.53133,11.7646,17.8685,25.3871,22.5552,14.6126,16.7764,16.648,
mu: 
srcDuals: 
lambda: 0,7.05845,17.343,11.7942,8.3652,12.3737,7.27751,14.1434,15.0422,7.89147,9.61393,8.49585,10.5312,19.3074,10.9554,11.1682,12.4301,5.79623,16.6925,10.8921,14.7843,10.9716,7.30752,12.2117,13.2884,16.2586,11.015,7.80676,11.323,8.22899,13.2308,11.3095,5.87363,21.036,16.5112,14.5503,16.1347,5.84643,5.69845,15.6444,19.2251,13.9303,14.9303,16.8725,11.5376,
mu: 
srcDuals: 
fixing. lower bound used: 438.461
fixed path dual: -71.9618
best alpha: 0.01
0:0
1:-0.0125539
2:0.110317
3:0.00231993
4:0.025549
5:0.1339
6:0.110418
7:0.0682861
8:0.0653257
9:0.0733944
10:0.0155469
11:0.121124
12:0.184301
13:0.127241
14:0.138637
15:0.0857563
16:0.0800368
17:0.0249883
18:0.245407
19:-0.0281928
20:0.0972893
21:0.043726
22:-0.00478936
23:0.0306678
24:0.0223781
25:0.147121
26:0.00151951
27:0.0920975
28:0.0465883
29:0.0441639
30:0.0956834
31:-0.0538483
32:0.083609
33:0.136306
34:0.147854
35:0.0145359
36:0.140074
37:0.0477235
38:0.120074
39:0.0566272
40:-0.0169438
41:0.102928
42:0.0146536
43:0.0183142
44:0.10429
alpha: 64.6392
lagLB: 379.472
stepSizeMultiplier: 1.06294
targetLowerBound: 492.605
||gamma||^2: 0.385737
lambda: 0,6.89634,23.7108,11.3066,9.3522,20.2385,13.6518,17.8432,22.3627,11.9156,9.96603,16.8192,21.5953,26.7494,19.1208,15.9769,18.1453,6.74765,31.6354,8.46778,20.3252,15.0168,10.1773,13.5237,14.0741,24.9626,16.1896,16.1919,19.3584,11.0324,18.6697,14.2391,11.1809,29.0535,26.5313,14.8382,24.3914,8.241,12.6856,18.6042,17.5147,19.829,15.2257,17.4002,17.5229,
mu: 
srcDuals: 
lambda: 0,7.05845,17.343,11.7942,8.3652,12.3737,7.27751,14.1434,15.0422,7.89147,9.61393,8.49585,10.5312,19.3074,10.9554,11.1682,12.4301,5.79623,16.6925,10.8921,14.7843,10.9716,7.30752,12.2117,13.2884,16.2586,11.015,7.80676,11.323,8.22899,13.2308,11.3095,5.87363,21.036,16.5112,14.5503,16.1347,5.84643,5.69845,15.6444,19.2251,13.9303,14.9303,16.8725,11.5376,
mu: 
srcDuals: 
fixing. lower bound used: 438.461
fixed path dual: -71.0275
best alpha: 0.01
0:0
1:-0.00242841
2:0.119214
3:0.0122967
4:0.0352935
5:0.132561
6:0.119314
7:0.0776033
8:0.0746724
9:0.0826605
10:0.0153914
11:0.119913
12:0.152458
13:0.135968
14:0.14725
15:-0.0451013
16:0.0792364
17:-0.0352616
18:0.252953
19:-0.0179109
20:0.106316
21:0.0432887
22:0.00525853
23:0.0403611
24:0.0321543
25:0.15565
26:0.0115043
27:0.101177
28:0.0561224
29:0.0437223
30:0.0947265
31:-0.0433098
32:0.0927729
33:0.134943
34:0.146376
35:0.0243906
36:0.148673
37:-0.0727538
38:0.128873
39:0.0660609
40:-0.00677438
41:0.111898
42:0.024507
43:0.028131
44:-0.0167525
alpha: 63.0331
lagLB: 378.23
stepSizeMultiplier: 1.06294
targetLowerBound: 492.605
||gamma||^2: 0.395565
lambda: 0,6.24698,24.4738,11.9441,10.0167,21.0289,14.4149,18.5573,19.2648,12.6356,10.6189,16.3252,22.4443,27.5321,19.9167,16.7114,17.6036,7.41146,32.5554,9.06978,21.073,13.798,6.99793,14.1941,14.7349,25.7684,11.1132,13.7599,14.3344,11.0837,19.4157,7.82878,11.278,29.8467,26.0684,15.4899,25.189,8.93124,13.4599,19.3047,18.1298,20.5834,15.8775,18.0563,18.2789,
mu: 
srcDuals: 
lambda: 0,7.05845,17.343,11.7942,8.3652,12.3737,7.27751,14.1434,15.0422,7.89147,9.61393,8.49585,10.5312,19.3074,10.9554,11.1682,12.4301,5.79623,16.6925,10.8921,14.7843,10.9716,7.30752,12.2117,13.2884,16.2586,11.015,7.80676,11.323,8.22899,13.2308,11.3095,5.87363,21.036,16.5112,14.5503,16.1347,5.84643,5.69845,15.6444,19.2251,13.9303,14.9303,16.8725,11.5376,
mu: 
srcDuals: 
fixing. lower bound used: 438.461
fixed path dual: -65.0107
best alpha: 0.01
0:0
1:0.00759587
2:0.128022
3:0.0221738
4:0.0449406
5:0.111236
6:0.128121
7:0.0868272
8:0.0839257
9:0.0318339
10:0.0252375
11:0.0587138
12:0.150933
13:0.144609
14:0.155778
15:-0.0346503
16:0.0484441
17:-0.0249089
18:0.260423
19:-0.00773175
20:0.115253
21:0.0128559
22:0.0152059
23:0.0499575
24:0.0418328
25:0.164093
26:0.0213893
27:0.100165
28:0.0655612
29:0.0132851
30:0.0737793
31:-0.0328767
32:0.0618452
33:0.143594
34:0.104912
35:0.0341467
36:0.157187
37:-0.0620262
38:0.0775841
39:0.0754003
40:0.00329336
41:0.120779
42:0.034262
43:0.0378497
44:-0.00658495
alpha: 67.773
lagLB: 391.286
stepSizeMultiplier: 1.06294
targetLowerBound: 492.605
||gamma||^2: 0.3679
lambda: 0,6.90538,24.8574,12.5693,10.5899,20.7294,14.7983,19.035,19.749,13.1018,10.5841,16.0543,20.1411,27.8779,20.237,8.32529,17.4246,3.57359,32.6369,9.76316,21.4858,13.7003,7.63898,14.7558,15.3152,26.0697,11.7402,14.1842,14.8605,10.9849,19.2017,8.57954,11.7214,29.5418,25.7377,16.0877,25.506,1.26053,13.8217,19.8084,18.798,20.9836,16.475,18.6456,10.4817,
mu: 
srcDuals: 
lambda: 0,7.05845,17.343,11.7942,8.3652,12.3737,7.27751,14.1434,15.0422,7.89147,9.61393,8.49585,10.5312,19.3074,10.9554,11.1682,12.4301,5.79623,16.6925,10.8921,14.7843,10.9716,7.30752,12.2117,13.2884,16.2586,11.015,7.80676,11.323,8.22899,13.2308,11.3095,5.87363,21.036,16.5112,14.5503,16.1347,5.84643,5.69845,15.6444,19.2251,13.9303,14.9303,16.8725,11.5376,
mu: 
srcDuals: 
fixing. lower bound used: 361.202
percent fixed: 3.52833
fixing. lower bound used: 438.461
fixed path dual: -68.1267
best alpha: 0.02
0:0
1:0.027444
2:0.145462
3:0.0417303
4:0.0640418
5:0.129011
6:0.0455587
7:0.105091
8:0.102247
9:0.0511972
10:0.0447328
11:0.0775395
12:0.127915
13:0.101717
14:0.0326621
15:-0.0139572
16:0.0674752
17:-0.00441077
18:0.175215
19:0.0124229
20:0.132948
21:0.0325987
22:0.0349018
23:0.0689584
24:0.0609961
25:0.0808115
26:0.0409615
27:0.0581615
28:0.08425
29:0.0330194
30:0.0923037
31:-0.0122192
32:0.0806083
33:0.160722
34:0.122814
35:0.0534637
36:0.174043
37:-0.0407857
38:0.0960324
39:0.0938923
40:0.0232275
41:0.138364
42:0.0535767
43:0.0570927
44:0.0135467
alpha: 76.6847
lagLB: 384.83
stepSizeMultiplier: 1.06294
targetLowerBound: 492.605
||gamma||^2: 0.325146
lambda: 0,7.57325,26.0194,13.2969,11.411,19.9125,15.9607,20.0279,20.7301,10.049,11.3244,12.4751,20.7604,29.1079,21.5129,8.81982,15.7133,4.10808,34.3422,10.3681,22.5954,11.8429,8.33807,15.5975,16.1235,27.3797,12.4646,14.5952,15.7662,9.12936,18.231,9.08134,10.0651,30.7677,23.6214,16.8645,26.7877,1.64272,10.9566,20.7545,19.4483,22.1158,17.2523,19.4377,11.0913,
mu: 
srcDuals: 
lambda: 0,7.05845,17.343,11.7942,8.3652,12.3737,7.27751,14.1434,15.0422,7.89147,9.61393,8.49585,10.5312,19.3074,10.9554,11.1682,12.4301,5.79623,16.6925,10.8921,14.7843,10.9716,7.30752,12.2117,13.2884,16.2586,11.015,7.80676,11.323,8.22899,13.2308,11.3095,5.87363,21.036,16.5112,14.5503,16.1347,5.84643,5.69845,15.6444,19.2251,13.9303,14.9303,16.8725,11.5376,
mu: 
srcDuals: 
fixing. lower bound used: 396.869
percent fixed: 3.52051
fixing. lower bound used: 438.461
fixed path dual: -80.9793
best alpha: 0.01
0:0
1:-0.0128305
2:0.144007
3:-0.128687
4:0.0734014
5:0.117721
6:0.0551031
7:0.11404
8:0.111225
9:0.0606852
10:0.0342854
11:0.0867641
12:0.136636
13:0.110699
14:0.0423355
15:-0.00381767
16:0.0768004
17:0.00563334
18:0.183463
19:0.0222987
20:0.141619
21:0.0422728
22:-0.0154472
23:0.0782688
24:0.0703862
25:0.0900034
26:0.0505519
27:0.0675798
28:0.0834075
29:0.0426892
30:0.101381
31:-0.00209701
32:0.0598022
33:0.139114
34:0.131586
35:0.0429291
36:-0.00769742
37:-0.0303778
38:0.105072
39:0.0829534
40:0.0329952
41:0.14698
42:0.0630409
43:0.0665218
44:0.0234113
alpha: 75.4653
lagLB: 363.023
stepSizeMultiplier: 1.06294
targetLowerBound: 492.605
||gamma||^2: 0.3304
lambda: 0,9.16299,28.4977,14.9942,13.2762,22.2669,10.7712,22.2022,22.883,11.8175,13.0442,14.4419,20.3403,27.1075,13.4601,10.0979,17.6044,5.45799,30.1288,11.8448,24.9794,13.4715,9.98395,17.4998,17.9658,22.4556,14.1561,12.2669,17.7836,10.7611,20.309,10.3725,12.0551,33.3609,25.9292,18.6501,29.4811,2.71879,13.0627,22.8445,21.0062,24.5407,19.0388,21.2506,12.5765,
mu: 
srcDuals: 
lambda: 0,7.05845,17.343,11.7942,8.3652,12.3737,7.27751,14.1434,15.0422,7.89147,9.61393,8.49585,10.5312,19.3074,10.9554,11.1682,12.4301,5.79623,16.6925,10.8921,14.7843,10.9716,7.30752,12.2117,13.2884,16.2586,11.015,7.80676,11.323,8.22899,13.2308,11.3095,5.87363,21.036,16.5112,14.5503,16.1347,5.84643,5.69845,15.6444,19.2251,13.9303,14.9303,16.8725,11.5376,
mu: 
srcDuals: 
fixing. lower bound used: 438.461
fixed path dual: -73.4093
best alpha: 0.01
0:0
1:-0.00270218
2:0.152567
3:-0.1174
4:0.0826673
5:0.126544
6:0.0545521
7:0.00289938
8:0.0701125
9:0.0700784
10:0.0439426
11:0.0958965
12:0.145269
13:0.119592
14:0.0519122
15:0.0062205
16:0.0860324
17:0.015577
18:0.191628
19:0.0320757
20:0.150202
21:0.05185
22:-0.00529272
23:-0.0125139
24:0.00968229
25:0.0991034
26:4.63552e-05
27:0.046904
28:0.0925734
29:0.0522623
30:0.110367
31:0.00792396
32:0.0692042
33:0.147723
34:0.14027
35:0.0524998
36:0.00237955
37:-0.0200741
38:0.114021
39:0.0921238
40:0.0426653
41:0.15551
42:0.0724105
43:0.0158566
44:0.0331772
alpha: 75.0975
lagLB: 379.725
stepSizeMultiplier: 1.06294
targetLowerBound: 492.605
||gamma||^2: 0.332018
lambda: 0,6.0902,28.2105,2.08274,13.9045,21.2575,11.4359,22.7494,23.4358,12.4711,12.2013,15.0435,20.8424,27.6613,14.1502,10.8801,18.2258,6.22136,30.5376,12.5749,25.4716,14.1618,6.14179,18.1183,18.6001,23.0507,14.8299,12.9067,17.6173,11.4505,20.8815,11.1512,10.3866,31.5343,26.4414,17.7899,15.5538,3.55396,13.6278,21.9045,21.715,25.0222,19.6877,21.8925,13.3044,
mu: 
srcDuals: 
lambda: 0,7.05845,17.343,11.7942,8.3652,12.3737,7.27751,14.1434,15.0422,7.89147,9.61393,8.49585,10.5312,19.3074,10.9554,11.1682,12.4301,5.79623,16.6925,10.8921,14.7843,10.9716,7.30752,12.2117,13.2884,16.2586,11.015,7.80676,11.323,8.22899,13.2308,11.3095,5.87363,21.036,16.5112,14.5503,16.1347,5.84643,5.69845,15.6444,19.2251,13.9303,14.9303,16.8725,11.5376,
mu: 
srcDuals: 
fixing. lower bound used: 438.461
fixed path dual: -74.9382
best alpha: 0.01
0:0
1:0.00732484
2:0.141041
3:-0.106226
4:0.0918407
5:0.0852782
6:0.0640066
7:0.0128704
8:0.0794114
9:0.0593776
10:0.0135032
11:0.0849375
12:0.153817
13:0.128397
14:0.061393
15:0.0161583
16:0.0351721
17:0.0254212
18:0.199712
19:0.0417549
20:0.1587
21:-0.00866847
22:0.00476021
23:-0.00238875
24:0.0195855
25:0.108112
26:0.0100459
27:0.056435
28:0.101648
29:0.00173965
30:0.0892632
31:0.0178447
32:0.0685121
33:0.136246
34:0.0988672
35:0.0619748
36:0.0123558
37:-0.00987332
38:0.0928811
39:0.0812026
40:0.0522386
41:0.163955
42:0.0816864
43:0.025698
44:0.0428454
alpha: 81.3481
lagLB: 364.401
stepSizeMultiplier: 1.06294
targetLowerBound: 492.605
||gamma||^2: 0.306506
lambda: 0,6.85553,28.8004,2.9777,14.5733,21.8768,11.3742,14.3611,20.3074,13.1542,12.9139,15.6974,21.4405,28.2884,14.8539,11.6353,18.8909,6.96603,31.0833,13.3009,26.0642,14.8654,6.91005,11.272,14.0155,23.701,11.0185,11.3291,18.275,12.1538,21.519,11.9046,11.0707,32.1296,27.0451,18.4929,16.3134,4.33892,14.2612,22.5627,22.4291,25.6087,20.3681,18.0632,14.0291,
mu: 
srcDuals: 
lambda: 0,7.05845,17.343,11.7942,8.3652,12.3737,7.27751,14.1434,15.0422,7.89147,9.61393,8.49585,10.5312,19.3074,10.9554,11.1682,12.4301,5.79623,16.6925,10.8921,14.7843,10.9716,7.30752,12.2117,13.2884,16.2586,11.015,7.80676,11.323,8.22899,13.2308,11.3095,5.87363,21.036,16.5112,14.5503,16.1347,5.84643,5.69845,15.6444,19.2251,13.9303,14.9303,16.8725,11.5376,
mu: 
srcDuals: 
fixing. lower bound used: 438.461
fixed path dual: -79.8419
best alpha: 0.01
0:0
1:0.0172516
2:0.149631
3:-0.0951639
4:0.0209223
5:0.0944254
6:0.0733665
7:0.0227417
8:0.0886172
9:0.0687838
10:0.0233681
11:0.0940881
12:0.142278
13:0.0971126
14:0.0707791
15:0.0259967
16:0.0448204
17:-0.00483298
18:0.197714
19:0.00133736
20:0.167113
21:0.00141821
22:0.0147126
23:0.00763514
24:0.0293896
25:0.117031
26:0.0199454
27:0.0658706
28:0.110631
29:0.0117223
30:0.0983705
31:0.0276663
32:0.077827
33:0.144884
34:0.107879
35:0.0713551
36:0.0222322
37:0.000225409
38:0.101952
39:0.0903906
40:-0.0482838
41:0.0523157
42:0.0708696
43:0.035441
44:0.0524169
alpha: 56.2194
lagLB: 349.945
stepSizeMultiplier: 0.701538
targetLowerBound: 492.605
||gamma||^2: 0.292715
lambda: 0,7.65432,28.8164,3.15285,15.8363,19.3109,12.4843,15.1904,21.5021,12.7217,10.7124,15.4054,23.0439,29.7522,15.9496,12.4826,15.2912,7.8642,32.9387,14.2888,27.6943,10.2665,7.69475,12.0174,14.8816,25.0533,11.8322,12.3976,19.5918,8.3705,20.4921,12.7611,11.447,32.1193,24.5539,19.5918,17.1398,5.04325,13.2542,22.2501,23.4746,27.2677,21.5753,18.9629,15.023,
mu: 
srcDuals: 
lambda: 0,7.05845,17.343,11.7942,8.3652,12.3737,7.27751,14.1434,15.0422,7.89147,9.61393,8.49585,10.5312,19.3074,10.9554,11.1682,12.4301,5.79623,16.6925,10.8921,14.7843,10.9716,7.30752,12.2117,13.2884,16.2586,11.015,7.80676,11.323,8.22899,13.2308,11.3095,5.87363,21.036,16.5112,14.5503,16.1347,5.84643,5.69845,15.6444,19.2251,13.9303,14.9303,16.8725,11.5376,
mu: 
srcDuals: 
fixing. lower bound used: 438.461
fixed path dual: -49.2463
best alpha: 0.01
0:0
1:0.0170791
2:0.118135
3:-0.0842122
4:0.030713
5:0.0734811
6:0.0826329
7:0.0325143
8:0.0977311
9:0.058096
10:-0.0268656
11:0.103147
12:0.140856
13:0.106141
14:0.0800713
15:0.0257367
16:0.0443722
17:-0.00478465
18:0.205737
19:0.011324
20:0.155442
21:0.011404
22:0.0145655
23:0.0175588
24:0.0390957
25:0.125861
26:0.029746
27:0.0652119
28:0.119525
29:0.011605
30:0.0873868
31:0.0373896
32:0.0470487
33:0.0934348
34:0.1168
35:0.0706415
36:0.0220099
37:0.0102232
38:0.0909328
39:0.0494867
40:-0.0378009
41:0.0617926
42:0.0801609
43:0.0450866
44:0.0518928
alpha: 60.8276
lagLB: 431.752
stepSizeMultiplier: 0.701538
targetLowerBound: 492.605
||gamma||^2: 0.270539
lambda: 0,8.02833,25.7551,6.44409,9.54144,17.6822,11.4021,15.4219,20.0242,11.7585,10.9277,13.7854,18.53,24.767,14.9345,12.6297,14.9498,5.52453,27.8079,10.9673,24.1794,11.0514,8.13465,12.641,14.9406,22.838,12.1363,11.51,17.5426,8.88801,18.7611,12.8649,10.249,29.1812,22.5761,18.5618,17.3846,5.8591,11.4302,20.7261,16.5106,16.8714,18.9145,18.8649,14.4845,
mu: 
srcDuals: 
lambda: 0,7.05845,17.343,11.7942,8.3652,12.3737,7.27751,14.1434,15.0422,7.89147,9.61393,8.49585,10.5312,19.3074,10.9554,11.1682,12.4301,5.79623,16.6925,10.8921,14.7843,10.9716,7.30752,12.2117,13.2884,16.2586,11.015,7.80676,11.323,8.22899,13.2308,11.3095,5.87363,21.036,16.5112,14.5503,16.1347,5.84643,5.69845,15.6444,19.2251,13.9303,14.9303,16.8725,11.5376,
mu: 
srcDuals: 
fixing. lower bound used: 278.774
percent fixed: 3.54296
fixing. lower bound used: 438.461
fixed path dual: -50.4241
best alpha: 0.01
0:0
1:-0.0330917
2:0.126953
3:-0.0733701
4:0.0404059
5:0.0827463
6:0.0818065
7:0.0321891
8:0.0267538
9:0.067515
10:-0.0165969
11:0.102116
12:0.149447
13:0.11508
14:0.0892706
15:0.0354794
16:0.0539284
17:0.0052632
18:0.21368
19:0.0212107
20:0.163888
21:0.02129
22:-0.0355802
23:0.0173832
24:0.0487048
25:0.134602
26:-0.0105515
27:0.0145598
28:0.0283297
29:0.021489
30:0.096513
31:-0.0529843
32:0.0365782
33:0.1025
34:0.125632
35:0.0799351
36:0.0317898
37:0.0201209
38:0.100023
39:0.0589918
40:-0.0274229
41:0.0711746
42:0.0893593
43:0.0546358
44:0.0613738
alpha: 58.5249
lagLB: 434.375
stepSizeMultiplier: 0.701538
targetLowerBound: 492.605
||gamma||^2: 0.281184
lambda: 0,8.09733,24.5288,6.67172,10.2334,16.8434,12.3039,16.1211,20.9869,11.4253,7.97976,14.77,19.0991,25.7637,15.8259,12.7337,15.1291,5.50519,29.207,11.581,24.2395,11.6653,8.1935,13.2798,15.6665,23.9144,12.8244,11.7734,18.5934,8.93489,18.5463,13.5838,8.73549,26.7194,23.6159,18.8472,17.4735,6.46828,11.2297,18.6546,16.9257,17.689,19.8063,19.615,14.6941,
mu: 
srcDuals: 
lambda: 0,7.05845,17.343,11.7942,8.3652,12.3737,7.27751,14.1434,15.0422,7.89147,9.61393,8.49585,10.5312,19.3074,10.9554,11.1682,12.4301,5.79623,16.6925,10.8921,14.7843,10.9716,7.30752,12.2117,13.2884,16.2586,11.015,7.80676,11.323,8.22899,13.2308,11.3095,5.87363,21.036,16.5112,14.5503,16.1347,5.84643,5.69845,15.6444,19.2251,13.9303,14.9303,16.8725,11.5376,
mu: 
srcDuals: 
fixing. lower bound used: 437.882
percent fixed: 4.73169
fixing. lower bound used: 438.461
fixed path dual: -50.7298
best alpha: 0.02
0:0
1:-0.0124299
2:0.104414
3:-0.0519027
4:0.0595978
5:0.0810914
6:0.10017
7:0.0515453
8:0.0462187
9:0.0461647
10:0.00373503
11:0.0800734
12:0.106458
13:0.132778
14:0.107485
15:-0.00523021
16:0.0328499
17:-0.0348421
18:0.229406
19:0.000786531
20:0.10061
21:0.0208642
22:-0.0148686
23:0.0370355
24:0.0677307
25:0.15191
26:0.00965955
27:0.0342686
28:0.0477631
29:0.0010592
30:0.0745827
31:-0.0319246
32:0.0558467
33:0.12045
34:0.103119
35:0.0583364
36:0.011154
37:-0.000281495
38:0.078023
39:0.077812
40:-0.00687447
41:0.0897512
42:0.0275721
43:0.073543
44:0.000146365
alpha: 65.5952
lagLB: 417.936
stepSizeMultiplier: 0.701538
targetLowerBound: 492.605
||gamma||^2: 0.250876
lambda: 0,5.12177,24.7729,7.50017,10.73,17.2164,12.0652,16.0272,16.6079,11.8428,8.6426,14.4722,19.2776,26.0424,16.1799,13.2446,15.5862,6.10426,29.1981,12.1335,24.3759,12.2176,5.22519,13.2291,16.1388,24.1362,10.3975,8.65887,12.9809,9.48663,18.8792,8.20859,8.01437,27.0348,23.8638,19.2285,17.9952,7.02401,11.5523,19.0969,17.6201,18.0957,20.16,20.07,15.1295,
mu: 
srcDuals: 
lambda: 0,7.05845,17.343,11.7942,8.3652,12.3737,7.27751,14.1434,15.0422,7.89147,9.61393,8.49585,10.5312,19.3074,10.9554,11.1682,12.4301,5.79623,16.6925,10.8921,14.7843,10.9716,7.30752,12.2117,13.2884,16.2586,11.015,7.80676,11.323,8.22899,13.2308,11.3095,5.87363,21.036,16.5112,14.5503,16.1347,5.84643,5.69845,15.6444,19.2251,13.9303,14.9303,16.8725,11.5376,
mu: 
srcDuals: 
fixing. lower bound used: 417.949
percent fixed: 3.54029
fixing. lower bound used: 438.461
fixed path dual: -56.8206
best alpha: 0.01
0:0
1:-0.00230558
2:0.11337
3:-0.0413837
4:0.0590018
5:0.0902805
6:0.0691687
7:0.0110299
8:0.0557565
9:0.0557031
10:0.0136977
11:0.0892727
12:0.115394
13:0.131451
14:0.0764103
15:0.0048221
16:0.0425214
17:-0.0244936
18:0.207112
19:0.0107787
20:0.109604
21:0.0306555
22:-0.00471988
23:0.0266652
24:-0.0129466
25:0.110391
26:0.019563
27:0.0439259
28:0.0572854
29:0.0110486
30:0.0838369
31:-0.0216054
32:0.0652882
33:0.129246
34:0.112088
35:0.067753
36:0.0210424
37:0.00972132
38:0.0872428
39:0.0870338
40:0.00319428
41:0.0988536
42:0.0372964
43:0.00280762
44:0.0101449
alpha: 71.0136
lagLB: 397.212
stepSizeMultiplier: 0.701538
targetLowerBound: 492.605
||gamma||^2: 0.231734
lambda: 0,6.24311,24.192,8.38958,12.2745,17.6929,13.8482,17.5245,18.0739,10.9197,9.85893,13.7483,17.5143,28.017,18.0059,10.8251,14.5849,3.51076,31.7405,10.9437,21.3839,12.3402,6.33221,14.6411,17.7312,26.2232,11.6486,10.0546,14.456,8.29847,18.123,9.21539,9.53691,28.9369,23.2753,18.3769,16.8663,5.82797,10.8164,20.7485,18.7741,19.8175,16.7389,21.6965,11.5472,
mu: 
srcDuals: 
lambda: 0,7.05845,17.343,11.7942,8.3652,12.3737,7.27751,14.1434,15.0422,7.89147,9.61393,8.49585,10.5312,19.3074,10.9554,11.1682,12.4301,5.79623,16.6925,10.8921,14.7843,10.9716,7.30752,12.2117,13.2884,16.2586,11.015,7.80676,11.323,8.22899,13.2308,11.3095,5.87363,21.036,16.5112,14.5503,16.1347,5.84643,5.69845,15.6444,19.2251,13.9303,14.9303,16.8725,11.5376,
mu: 
srcDuals: 
fixing. lower bound used: 418.806
percent fixed: 3.54496
fixing. lower bound used: 438.461
fixed path dual: -54.913
best alpha: 0.02
0:0
1:0.0177405
2:0.0911026
3:-0.020556
4:0.0178218
5:0.0484749
6:0.0877853
7:0.0308093
8:0.0746414
9:0.014589
10:-0.00657627
11:0.107487
12:0.133086
13:0.108822
14:0.0948821
15:0.0247257
16:0.061671
17:-0.00400377
18:0.14297
19:0.0105631
20:0.127412
21:0.0100424
22:0.0153745
23:0.0461319
24:0.00731229
25:0.128183
26:0.0391717
27:0.0630474
28:0.0761397
29:-0.00917236
30:0.0421601
31:-0.00117325
32:0.0439824
33:0.106661
34:0.0898462
35:0.086398
36:0.0406216
37:0.0295269
38:0.0454979
39:0.0652932
40:0.0231304
41:0.0768766
42:0.0565504
43:0.0227515
44:0.029942
alpha: 82.9475
lagLB: 418.838
stepSizeMultiplier: 0.701538
targetLowerBound: 492.605
||gamma||^2: 0.198394
lambda: 0,6.89473,25.3938,8.85534,12.5551,18.7848,12.1894,14.9267,19.0016,11.8471,10.5867,14.8354,18.7257,28.6421,16.3816,11.5106,15.4497,4.05685,31.4003,11.6576,22.5677,13.1486,6.97234,14.1053,12.369,24.0979,12.4042,10.9261,15.391,9.01359,19.1843,9.77522,10.51,30.2142,24.471,19.3617,17.629,6.53678,11.8939,21.825,19.4519,20.9502,17.5788,17.0718,12.2581,
mu: 
srcDuals: 
lambda: 0,7.05845,17.343,11.7942,8.3652,12.3737,7.27751,14.1434,15.0422,7.89147,9.61393,8.49585,10.5312,19.3074,10.9554,11.1682,12.4301,5.79623,16.6925,10.8921,14.7843,10.9716,7.30752,12.2117,13.2884,16.2586,11.015,7.80676,11.323,8.22899,13.2308,11.3095,5.87363,21.036,16.5112,14.5503,16.1347,5.84643,5.69845,15.6444,19.2251,13.9303,14.9303,16.8725,11.5376,
mu: 
srcDuals: 
fixing. lower bound used: 409.3
percent fixed: 3.53985
fixing. lower bound used: 438.461
fixed path dual: -58.8665
best alpha: 0.02
0:0
1:-0.00261428
2:0.109281
3:-0.000144899
4:0.0374653
5:0.0675054
6:0.10603
7:0.0501931
8:0.0931485
9:0.0342972
10:0.0135553
11:0.0853375
12:0.110424
13:0.0466452
14:0.0729845
15:0.00423114
16:0.0404375
17:-0.0039237
18:0.160111
19:0.0303518
20:0.0648637
21:0.0298416
22:-0.00493298
23:0.0652092
24:0.027166
25:0.0656197
26:0.0583883
27:0.0417865
28:0.0946169
29:-0.0289889
30:0.0613169
31:0.0188502
32:0.0631028
33:0.0845278
34:0.108049
35:0.06467
36:0.0198092
37:0.0289364
38:0.064588
39:0.0639873
40:0.0426678
41:0.055339
42:0.0754194
43:0.0422964
44:0.0493432
alpha: 90.5846
lagLB: 428.958
stepSizeMultiplier: 0.701538
targetLowerBound: 492.605
||gamma||^2: 0.181667
lambda: 0,8.52999,24.8997,10.0891,9.84347,16.3946,14.5591,16.6989,21.2335,9.10159,9.06844,17.4116,21.5703,28.3338,18.8256,13.2191,17.5455,5.46413,28.5515,11.7683,25.3528,11.8046,8.58279,16.0383,13.8949,26.8911,14.2642,13.0364,17.6386,7.46816,16.7278,11.2122,9.52186,29.8832,23.9637,21.7168,19.5041,8.29561,9.47239,21.0603,21.1437,20.307,19.621,18.7596,14.0212,
mu: 
srcDuals: 
lambda: 0,7.05845,17.343,11.7942,8.3652,12.3737,7.27751,14.1434,15.0422,7.89147,9.61393,8.49585,10.5312,19.3074,10.9554,11.1682,12.4301,5.79623,16.6925,10.8921,14.7843,10.9716,7.30752,12.2117,13.2884,16.2586,11.015,7.80676,11.323,8.22899,13.2308,11.3095,5.87363,21.036,16.5112,14.5503,16.1347,5.84643,5.69845,15.6444,19.2251,13.9303,14.9303,16.8725,11.5376,
mu: 
srcDuals: 
fixing. lower bound used: 438.518
percent fixed: 4.68246
fixing. lower bound used: 438.461
fixed path dual: -68.8928
best alpha: 0.01
0:0
1:-0.00258813
2:0.118188
3:0.00985655
4:0.0470907
5:0.0768303
6:0.0649693
7:0.00969117
8:0.00221705
9:0.0439543
10:0.0234197
11:0.0944841
12:0.11932
13:0.0561788
14:0.0822546
15:0.0141888
16:0.0500332
17:0.00611554
18:0.16851
19:0.0400483
20:0.0742151
21:0.0395432
22:0.00511635
23:0.0245571
24:0.0368944
25:0.0749635
26:-0.0421956
27:0.0213686
28:0.0636708
29:-0.018699
30:0.0707038
31:-0.0313383
32:0.0624718
33:0.0936825
34:0.116969
35:0.0740233
36:0.0296111
37:0.038647
38:0.0739421
39:0.0733474
40:0.0522411
41:0.0647856
42:0.0846652
43:0.0518735
44:0.0588497
alpha: 87.7992
lagLB: 397.647
stepSizeMultiplier: 0.701538
targetLowerBound: 492.605
||gamma||^2: 0.187431
lambda: 0,6.82164,27.2421,11.781,11.759,18.4886,16.8822,18.6901,23.48,10.9983,10.8418,16.2261,20.5339,23.5327,17.5666,11.5514,16.0931,5.44081,31.1961,13.6415,20.66,13.6748,6.86066,18.1187,15.7492,22.2027,16.3041,11.592,19.8938,5.60304,18.7851,13.017,11.5898,28.6929,26.2988,20.4084,17.9291,8.46762,11.5491,21.4407,23.0901,18.9431,21.7621,20.7039,16.0074,
mu: 
srcDuals: 
lambda: 0,7.05845,17.343,11.7942,8.3652,12.3737,7.27751,14.1434,15.0422,7.89147,9.61393,8.49585,10.5312,19.3074,10.9554,11.1682,12.4301,5.79623,16.6925,10.8921,14.7843,10.9716,7.30752,12.2117,13.2884,16.2586,11.015,7.80676,11.323,8.22899,13.2308,11.3095,5.87363,21.036,16.5112,14.5503,16.1347,5.84643,5.69845,15.6444,19.2251,13.9303,14.9303,16.8725,11.5376,
mu: 
srcDuals: 
fixing. lower bound used: 434.553
percent fixed: 3.9179
fixing. lower bound used: 438.461
fixed path dual: -72.2739
best alpha: 0.01
0:0
1:0.00743775
2:0.127006
3:0.019758
4:0.0266198
5:0.086062
6:0.0743196
7:0.0195943
8:0.0121949
9:0.0535147
10:0.0331855
11:0.103539
12:0.118127
13:0.065617
14:0.0914321
15:0.0140469
16:0.0595328
17:-0.0239456
18:0.176824
19:-0.0603522
20:0.0834729
21:0.0491477
22:0.0150652
23:0.0343116
24:0.0465254
25:0.0842138
26:-0.0317737
27:0.0311549
28:0.073034
29:-0.00851204
30:0.0799967
31:-0.0210249
32:0.071847
33:0.102746
34:0.125799
35:0.0832831
36:0.039315
37:0.0282605
38:0.0832027
39:0.0826139
40:-0.108281
41:0.0741378
42:-0.126181
43:0.0613547
44:-0.0217388
alpha: 69.2893
lagLB: 366.126
stepSizeMultiplier: 0.701538
targetLowerBound: 492.605
||gamma||^2: 0.237501
lambda: 0,6.83122,27.7198,12.6595,12.4997,19.1193,12.9818,14.9943,15.2368,11.7506,11.6702,16.7915,21.0074,24.2398,18.1773,12.4139,16.8229,6.33317,31.4875,14.4084,21.3004,14.4435,7.75673,14.3678,16.5277,22.8403,7.31026,9.68291,16.9132,6.58723,19.4385,8.55802,11.3586,29.2612,26.781,21.0495,18.7345,9.23961,12.1905,22.0843,23.8118,19.6184,22.3638,21.4269,16.7046,
mu: 
srcDuals: 
lambda: 0,7.05845,17.343,11.7942,8.3652,12.3737,7.27751,14.1434,15.0422,7.89147,9.61393,8.49585,10.5312,19.3074,10.9554,11.1682,12.4301,5.79623,16.6925,10.8921,14.7843,10.9716,7.30752,12.2117,13.2884,16.2586,11.015,7.80676,11.323,8.22899,13.2308,11.3095,5.87363,21.036,16.5112,14.5503,16.1347,5.84643,5.69845,15.6444,19.2251,13.9303,14.9303,16.8725,11.5376,
mu: 
srcDuals: 
fixing. lower bound used: 438.461
fixed path dual: -56.7454
best alpha: 0.01
0:0
1:0.0173634
2:0.105736
3:0.0295604
4:0.0363536
5:0.0752014
6:0.0835764
7:0.0293983
8:0.0220729
9:0.0529796
10:0.0228537
11:0.0725039
12:0.126945
13:0.0749608
14:0.100518
15:0.0239065
16:-0.0010625
17:-0.0137062
18:0.185056
19:-0.0497486
20:0.0926382
21:-0.0413437
22:0.0249145
23:0.0439685
24:0.0560602
25:0.0933717
26:-0.0214559
27:0.0408434
28:0.0823037
29:-0.0184269
30:0.0591968
31:-0.0108147
32:0.0611286
33:0.111718
34:0.0545411
35:0.0924502
36:0.0489218
37:0.0379779
38:0.0923706
39:0.0717878
40:-0.0971985
41:0.0833964
42:-0.11492
43:0.0707412
44:-0.0115214
alpha: 73.7452
lagLB: 383.149
stepSizeMultiplier: 0.701538
targetLowerBound: 492.605
||gamma||^2: 0.22315
lambda: 0,7.57381,26.1431,13.1632,10.2097,18.3369,12.4271,15.5011,15.8871,11.5995,11.9133,15.67,18.7161,23.8539,17.2906,12.1415,16.555,4.13706,28.9446,6.71038,20.5681,14.377,8.35137,14.5892,16.5121,22.0937,8.81343,9.96546,16.3834,7.63919,18.7737,9.85269,10.8519,28.1551,25.2277,20.3209,18.8588,7.80458,11.4635,21.3687,11.7223,19.0672,6.18726,21.1237,10.0314,
mu: 
srcDuals: 
lambda: 0,7.05845,17.343,11.7942,8.3652,12.3737,7.27751,14.1434,15.0422,7.89147,9.61393,8.49585,10.5312,19.3074,10.9554,11.1682,12.4301,5.79623,16.6925,10.8921,14.7843,10.9716,7.30752,12.2117,13.2884,16.2586,11.015,7.80676,11.323,8.22899,13.2308,11.3095,5.87363,21.036,16.5112,14.5503,16.1347,5.84643,5.69845,15.6444,19.2251,13.9303,14.9303,16.8725,11.5376,
mu: 
srcDuals: 
fixing. lower bound used: 305.506
percent fixed: 3.58177
fixing. lower bound used: 438.461
fixed path dual: -56.1444
best alpha: 0.01
0:0
1:-0.00281026
2:0.104678
3:-0.0007352
4:0.04599
5:0.0844494
6:0.0627407
7:0.0191043
8:0.0318522
9:0.0624498
10:0.0226251
11:0.0817789
12:0.115676
13:0.0842112
14:0.0995126
15:0.0136674
16:0.00894812
17:-0.0035691
18:0.193206
19:-0.0392512
20:0.0917118
21:-0.0309303
22:0.00466539
23:0.00352877
24:0.00549959
25:0.102438
26:-0.0112414
27:0.0504349
28:0.0714807
29:-0.00824265
30:0.0686048
31:-0.000706505
32:0.0405173
33:0.100601
34:0.0639956
35:0.0715257
36:0.0284326
37:0.0275981
38:0.101447
39:0.0810699
40:-0.0862265
41:0.0925625
42:-0.10377
43:0.0300338
44:-0.00140616
alpha: 79.9953
lagLB: 391.88
stepSizeMultiplier: 0.701538
targetLowerBound: 492.605
||gamma||^2: 0.205715
lambda: 0,8.33892,25.1405,13.9741,11.0461,17.9194,13.4409,16.3114,16.6699,11.7985,11.2993,13.8427,19.8928,24.8354,18.3681,12.9312,12.3517,4.78547,30.3395,7.22342,21.616,7.92273,9.14484,15.4542,17.4225,23.1443,9.43273,10.8188,17.3925,6.87009,17.5962,10.512,10.3816,29.2746,20.5333,21.368,19.7424,8.64712,12.5103,20.9384,12.0571,20.0803,6.45551,22.0893,10.688,
mu: 
srcDuals: 
lambda: 0,7.05845,17.343,11.7942,8.3652,12.3737,7.27751,14.1434,15.0422,7.89147,9.61393,8.49585,10.5312,19.3074,10.9554,11.1682,12.4301,5.79623,16.6925,10.8921,14.7843,10.9716,7.30752,12.2117,13.2884,16.2586,11.015,7.80676,11.323,8.22899,13.2308,11.3095,5.87363,21.036,16.5112,14.5503,16.1347,5.84643,5.69845,15.6444,19.2251,13.9303,14.9303,16.8725,11.5376,
mu: 
srcDuals: 
fixing. lower bound used: 387.794
percent fixed: 3.57955
fixing. lower bound used: 438.461
fixed path dual: -57.4666
best alpha: 0.01
0:0
1:0.00721784
2:0.113632
3:0.00927215
4:0.0355301
5:0.0336049
6:0.0721133
7:0.0289133
8:0.0415337
9:0.0318253
10:-0.0276011
11:0.0709611
12:0.104519
13:0.0933691
14:0.0985175
15:0.0235307
16:0.0188586
17:0.00646659
18:0.181274
19:-0.0288587
20:0.100795
21:-0.020621
22:0.0146187
23:0.0134935
24:0.0154446
25:0.101414
26:-0.00112896
27:0.0599306
28:0.0807659
29:0.00183978
30:0.0479187
31:0.00930056
32:0.0501121
33:0.079595
34:0.0733557
35:0.0808105
36:0.0381483
37:0.0373222
38:0.0504325
39:0.0302592
40:-0.0753642
41:0.101637
42:-0.0927327
43:0.0397334
44:0.0086079
alpha: 90.7488
lagLB: 387.609
stepSizeMultiplier: 0.701538
targetLowerBound: 492.605
||gamma||^2: 0.181338
lambda: 0,6.83365,25.7168,11.7353,12.0442,19.1293,12.2965,15.6716,17.5902,12.8872,11.4238,15.0378,19.7847,26.0439,18.9159,12.2615,13.1459,5.51072,32.1481,7.75223,22.1209,8.49735,7.68073,12.494,13.7283,24.4532,10.1157,11.8413,17.0411,7.56961,18.7188,11.253,9.11482,29.0836,21.6306,20.272,18.4092,8.05415,13.8137,22.1296,12.3273,21.3348,6.62912,19.275,11.4251,
mu: 
srcDuals: 
lambda: 0,7.05845,17.343,11.7942,8.3652,12.3737,7.27751,14.1434,15.0422,7.89147,9.61393,8.49585,10.5312,19.3074,10.9554,11.1682,12.4301,5.79623,16.6925,10.8921,14.7843,10.9716,7.30752,12.2117,13.2884,16.2586,11.015,7.80676,11.323,8.22899,13.2308,11.3095,5.87363,21.036,16.5112,14.5503,16.1347,5.84643,5.69845,15.6444,19.2251,13.9303,14.9303,16.8725,11.5376,
mu: 
srcDuals: 
fixing. lower bound used: 391.594
percent fixed: 3.58215
fixing. lower bound used: 438.461
fixed path dual: -59.8622
best alpha: 0.02
0:0
1:0.00707348
2:0.111359
3:0.00908671
4:0.0348195
5:0.0529328
6:0.030671
7:0.048335
8:0.060703
9:0.0511888
10:-0.00704911
11:0.0895419
12:0.0824287
13:0.0515017
14:0.0365471
15:0.0430601
16:0.0384815
17:0.0263373
18:0.117648
19:-0.00828148
20:0.0987788
21:-0.000208577
22:0.0143264
23:0.0332236
24:0.0351357
25:0.0593853
26:0.0188936
27:0.038732
28:0.0791505
29:0.021803
30:0.0669604
31:0.0291145
32:0.0291099
33:0.0980031
34:0.0918886
35:0.0791943
36:0.0373853
37:0.0565757
38:0.0694238
39:0.049654
40:-0.053857
41:0.0796041
42:-0.0708781
43:0.0589388
44:0.0284357
alpha: 110.989
lagLB: 393.139
stepSizeMultiplier: 0.701538
targetLowerBound: 492.605
||gamma||^2: 0.148269
lambda: 0,7.71346,27.6549,12.6356,11.5895,15.4233,13.8217,16.7672,18.8113,10.7796,7.10916,14.9355,20.0162,27.7805,19.8957,13.3036,14.1415,6.38307,33.1429,8.27325,23.9313,9.1003,8.63415,13.4362,14.69,25.4618,10.9126,13.2454,18.6524,8.39594,17.5793,12.1535,10.4212,28.2591,23.1682,21.8837,19.5966,9.23337,10.2751,18.3904,12.3858,23.1537,6.51489,20.4782,12.3188,
mu: 
srcDuals: 
lambda: 0,7.05845,17.343,11.7942,8.3652,12.3737,7.27751,14.1434,15.0422,7.89147,9.61393,8.49585,10.5312,19.3074,10.9554,11.1682,12.4301,5.79623,16.6925,10.8921,14.7843,10.9716,7.30752,12.2117,13.2884,16.2586,11.015,7.80676,11.323,8.22899,13.2308,11.3095,5.87363,21.036,16.5112,14.5503,16.1347,5.84643,5.69845,15.6444,19.2251,13.9303,14.9303,16.8725,11.5376,
mu: 
srcDuals: 
fixing. lower bound used: 398.383
percent fixed: 3.57888
fixing. lower bound used: 438.461
fixed path dual: -79.6853
best alpha: 0.01
0:0
1:0.0170027
2:0.120245
3:0.0189958
4:0.0144713
5:0.0524035
6:0.0403643
7:0.0578517
8:0.070096
9:0.0606769
10:0.00302138
11:0.0986464
12:0.0816044
13:0.0609867
14:0.0461816
15:-0.25737
16:0.0480967
17:-0.0739261
18:0.126472
19:0.00180134
20:0.107791
21:0.00979351
22:0.0241831
23:0.0428914
24:0.0447843
25:0.0687915
26:0.0287047
27:0.0483447
28:0.088359
29:0.031585
30:0.0762908
31:0.0388234
32:0.0388188
33:0.107023
34:0.10097
35:0.0884023
36:0.0470114
37:-0.29399
38:0.0787296
39:0.0591575
40:-0.0433184
41:0.088808
42:-0.0601693
43:0.0683494
44:0.0381514
alpha: 49.4339
lagLB: 347.944
stepSizeMultiplier: 0.701538
targetLowerBound: 492.605
||gamma||^2: 0.332894
lambda: 0,7.84354,29.7026,12.8027,12.2298,18.2487,10.6817,19.5081,21.7796,13.5729,8.83155,18.434,19.6799,25.0235,15.0117,15.9474,16.7011,8.71939,29.7502,9.97299,25.7477,10.9485,8.89759,15.8992,17.1881,22.8497,13.112,12.1056,20.1078,10.6489,20.6626,14.5409,9.10452,31.9133,26.7099,23.34,20.2841,12.1257,13.4038,21.1555,13.2475,22.7655,7.06356,23.414,14.6937,
mu: 
srcDuals: 
lambda: 0,7.05845,17.343,11.7942,8.3652,12.3737,7.27751,14.1434,15.0422,7.89147,9.61393,8.49585,10.5312,19.3074,10.9554,11.1682,12.4301,5.79623,16.6925,10.8921,14.7843,10.9716,7.30752,12.2117,13.2884,16.2586,11.015,7.80676,11.323,8.22899,13.2308,11.3095,5.87363,21.036,16.5112,14.5503,16.1347,5.84643,5.69845,15.6444,19.2251,13.9303,14.9303,16.8725,11.5376,
mu: 
srcDuals: 
fixing. lower bound used: 438.461
fixed path dual: -39.854
best alpha: 0.01
0:0
1:-0.0131673
2:0.119043
3:-0.0211941
4:0.0243266
5:0.0618794
6:0.0499606
7:0.0672732
8:0.059395
9:0.0700701
10:0.0129912
11:0.07766
12:0.0907883
13:0.0703768
14:0.0557198
15:-0.244797
16:0.0276157
17:-0.0631868
18:0.135207
19:0.0117833
20:0.0667131
21:0.0196956
22:-0.00605873
23:0.0524625
24:0.0543365
25:0.0781036
26:0.0284176
27:0.0378612
28:0.0474755
29:0.0112691
30:0.0855279
31:0.0284352
32:0.0284306
33:0.115953
34:0.10996
35:0.0475183
36:0.00654133
37:-0.28105
38:0.0879423
39:0.0685659
40:-0.0328852
41:0.09792
42:-0.0495676
43:0.0776659
44:0.0477699
alpha: 52.8782
lagLB: 418.607
stepSizeMultiplier: 0.701538
targetLowerBound: 492.605
||gamma||^2: 0.31121
lambda: 0,7.89897,23.2872,12.7332,9.08058,14.9642,9.27287,17.0032,18.5073,10.891,9.76329,13.3723,14.5652,22.3222,13.2383,0,14.8077,2.14178,22.9445,10.9812,20.1129,11.4558,8.50298,14.332,15.5022,19.6592,12.434,10.1966,15.6909,9.79035,17.0021,13.2287,7.79259,26.3265,21.5025,18.9203,18.4586,0,9.59036,18.5688,17.0837,18.3204,11.9559,20.2512,13.4236,
mu: 
srcDuals: 
lambda: 0,7.05845,17.343,11.7942,8.3652,12.3737,7.27751,14.1434,15.0422,7.89147,9.61393,8.49585,10.5312,19.3074,10.9554,11.1682,12.4301,5.79623,16.6925,10.8921,14.7843,10.9716,7.30752,12.2117,13.2884,16.2586,11.015,7.80676,11.323,8.22899,13.2308,11.3095,5.87363,21.036,16.5112,14.5503,16.1347,5.84643,5.69845,15.6444,19.2251,13.9303,14.9303,16.8725,11.5376,
mu: 
srcDuals: 
fixing. lower bound used: 219.45
percent fixed: 3.59099
fixing. lower bound used: 438.461
fixed path dual: -43.5378
best alpha: 0.01
0:0
1:-0.00303561
2:0.127853
3:-0.0109822
4:0.0340834
5:0.0712606
6:-0.000538969
7:-0.0133996
8:0.0688011
9:0.0793694
10:0.0228613
11:0.0868834
12:0.0998805
13:0.079673
14:0.0551626
15:-0.232349
16:0.0373395
17:-0.052555
18:0.143855
19:0.0216655
20:0.076046
21:0.0294986
22:0.00400186
23:-0.0580622
24:-0.0362069
25:0.0873225
26:0.0381335
27:0.0374826
28:0.0570007
29:0.0211564
30:0.0946726
31:0.0381508
32:0.0381463
33:0.124793
34:0.11886
35:0.0570431
36:0.0164759
37:-0.26824
38:0.0970629
39:0.0778803
40:-0.0225564
41:0.106941
42:-0.0390719
43:-0.0531108
44:0.0572922
alpha: 51.6974
lagLB: 400.928
stepSizeMultiplier: 0.701538
targetLowerBound: 492.605
||gamma||^2: 0.318319
lambda: 0,6.36219,23.6378,10.6734,9.65155,15.6458,9.91934,17.7007,18.1829,11.5967,10.3009,12.6024,15.3319,23.0288,13.9017,0,13.8903,2.45502,23.842,11.5152,18.312,12.0131,6.98714,14.9859,16.1616,20.3886,12.5177,9.80879,13.8334,8.82488,17.7533,12.8131,7.37699,27.1673,22.3257,17.063,16.4806,0,10.3487,19.2701,17.4861,19.1081,12.3092,20.9793,14.0636,
mu: 
srcDuals: 
lambda: 0,7.05845,17.343,11.7942,8.3652,12.3737,7.27751,14.1434,15.0422,7.89147,9.61393,8.49585,10.5312,19.3074,10.9554,11.1682,12.4301,5.79623,16.6925,10.8921,14.7843,10.9716,7.30752,12.2117,13.2884,16.2586,11.015,7.80676,11.323,8.22899,13.2308,11.3095,5.87363,21.036,16.5112,14.5503,16.1347,5.84643,5.69845,15.6444,19.2251,13.9303,14.9303,16.8725,11.5376,
mu: 
srcDuals: 
fixing. lower bound used: 416.446
percent fixed: 3.60259
fixing. lower bound used: 438.461
fixed path dual: -43.1266
best alpha: 0.01
0:0
1:0.00699475
2:0.106574
3:-0.000872354
4:0.0437425
5:0.060548
6:0.00946642
7:-0.00326558
8:0.0781131
9:0.0185757
10:0.0326326
11:0.0660145
12:0.108882
13:0.0888763
14:0.064611
15:-0.220025
16:0.0369661
17:-0.0420294
18:0.152416
19:0.0314488
20:0.0852855
21:-0.0107964
22:0.0139618
23:-0.0474815
24:-0.0258448
25:0.0964493
26:0.0477521
27:0.0471078
28:0.0664307
29:0.000944849
30:0.0537259
31:0.0477693
32:0.0277648
33:0.133545
34:0.0576718
35:0.0664727
36:0.0263112
37:-0.255557
38:0.0360922
39:0.0871015
40:-0.0123308
41:0.115871
42:-0.0286812
43:-0.0425797
44:0.0667192
alpha: 57.8534
lagLB: 393.992
stepSizeMultiplier: 0.701538
targetLowerBound: 492.605
||gamma||^2: 0.284448
lambda: 0,6.90152,23.9526,11.2264,10.1272,16.0577,7.24965,13.4507,18.599,11.9947,10.7958,12.9875,15.6947,23.4262,13.8071,0,14.3604,3.07928,24.1294,12.0122,18.7157,12.4966,7.5144,9.21007,11.4166,20.7729,12.9864,9.74451,14.2697,9.32272,18.1251,13.2818,7.84569,27.4874,22.656,17.4992,16.9864,0,10.7163,19.6706,18.0589,19.4588,12.9104,14.1268,14.4995,
mu: 
srcDuals: 
lambda: 0,7.05845,17.343,11.7942,8.3652,12.3737,7.27751,14.1434,15.0422,7.89147,9.61393,8.49585,10.5312,19.3074,10.9554,11.1682,12.4301,5.79623,16.6925,10.8921,14.7843,10.9716,7.30752,12.2117,13.2884,16.2586,11.015,7.80676,11.323,8.22899,13.2308,11.3095,5.87363,21.036,16.5112,14.5503,16.1347,5.84643,5.69845,15.6444,19.2251,13.9303,14.9303,16.8725,11.5376,
mu: 
srcDuals: 
fixing. lower bound used: 391.306
percent fixed: 3.60095
fixing. lower bound used: 438.461
fixed path dual: -43.8862
best alpha: 0.01
0:0
1:-0.0130752
2:0.115508
3:-0.00086363
4:0.0533051
5:0.0399425
6:0.0193718
7:0.00676708
8:0.00733193
9:0.02839
10:-0.0176937
11:0.0753544
12:0.117793
13:0.0979876
14:0.0739649
15:-0.207825
16:0.0465965
17:-0.0316091
18:0.160892
19:0.0411343
20:0.0944326
21:-0.000688405
22:0.0238222
23:-0.0370067
24:-0.0155863
25:0.105485
26:-0.0227254
27:0.0166367
28:0.0557664
29:0.0109354
30:0.0531886
31:-0.00270838
32:0.0274872
33:0.0922099
34:0.0670951
35:0.075808
36:0.036048
37:-0.243002
38:0.0457313
39:0.0462305
40:-0.00220748
41:0.124713
42:-0.0183944
43:-0.0321539
44:0.0760521
alpha: 62.3359
lagLB: 398.593
stepSizeMultiplier: 0.701538
targetLowerBound: 492.605
||gamma||^2: 0.263993
lambda: 0,7.46312,23.5086,11.7437,10.8959,15.8766,7.82517,13.9545,19.5613,8.96614,11.5018,12.315,16.8304,24.4491,14.6933,0,14.5687,3.36469,25.5103,12.7116,19.7184,10.347,8.11525,9.46476,11.7932,21.8385,13.7776,10.5321,15.1662,8.28365,16.339,14.0731,7.47992,28.762,19.8477,18.3959,17.6569,0,7.78651,20.6835,18.5117,20.6338,13.271,14.4091,15.3976,
mu: 
srcDuals: 
lambda: 0,7.05845,17.343,11.7942,8.3652,12.3737,7.27751,14.1434,15.0422,7.89147,9.61393,8.49585,10.5312,19.3074,10.9554,11.1682,12.4301,5.79623,16.6925,10.8921,14.7843,10.9716,7.30752,12.2117,13.2884,16.2586,11.015,7.80676,11.323,8.22899,13.2308,11.3095,5.87363,21.036,16.5112,14.5503,16.1347,5.84643,5.69845,15.6444,19.2251,13.9303,14.9303,16.8725,11.5376,
mu: 
srcDuals: 
fixing. lower bound used: 400.59
percent fixed: 3.59968
fixing. lower bound used: 438.461
fixed path dual: -43.1322
best alpha: 0.02
0:0
1:0.0071863
2:0.0731981
3:0.0191536
4:-0.027761
5:0.0591437
6:0.0389843
7:0.0266317
8:0.0271853
9:0.0478222
10:0.00266019
11:0.0538473
12:0.095437
13:-0.0039722
14:0.0724856
15:-0.183669
16:0.0456645
17:-0.010977
18:0.117674
19:0.00031166
20:0.112544
21:0.0193254
22:0.0433458
23:-0.0162666
24:0.00472538
25:0.103375
26:-0.00227089
27:0.036304
28:0.0746511
29:0.0107167
30:0.0721248
31:0.0173458
32:0.0469374
33:0.110366
34:0.0857532
35:0.0942918
36:0.0553271
37:-0.218142
38:0.0648167
39:0.0653058
40:-0.0421633
41:0.0422184
42:0.00197351
43:-0.0115108
44:0.094531
alpha: 73.7448
lagLB: 402.333
stepSizeMultiplier: 0.701538
targetLowerBound: 492.605
||gamma||^2: 0.223151
lambda: 0,6.2434,24.5433,11.7403,11.688,14.8635,8.48506,14.5652,15.4992,9.66118,8.51098,13.1931,17.8739,25.4155,15.566,0,15.3347,3.82585,26.7219,13.4563,20.6709,10.9287,8.79249,9.90488,12.3168,22.8341,9.5984,8.84382,14.7992,8.91065,16.5463,11.1407,7.58707,26.7839,20.6936,19.2758,18.3818,0,8.54915,18.5262,19.0874,21.7043,13.7836,14.8681,16.2784,
mu: 
srcDuals: 
lambda: 0,7.05845,17.343,11.7942,8.3652,12.3737,7.27751,14.1434,15.0422,7.89147,9.61393,8.49585,10.5312,19.3074,10.9554,11.1682,12.4301,5.79623,16.6925,10.8921,14.7843,10.9716,7.30752,12.2117,13.2884,16.2586,11.015,7.80676,11.323,8.22899,13.2308,11.3095,5.87363,21.036,16.5112,14.5503,16.1347,5.84643,5.69845,15.6444,19.2251,13.9303,14.9303,16.8725,11.5376,
mu: 
srcDuals: 
fixing. lower bound used: 397.756
percent fixed: 3.59859
fixing. lower bound used: 438.461
fixed path dual: -53.5991
best alpha: 0.01
0:0
1:-0.0428856
2:0.0824661
3:-0.0310379
4:-0.0174834
5:0.0685523
6:0.0485945
7:0.0363654
8:0.0369134
9:0.0573439
10:0.0126336
11:0.0533088
12:0.104483
13:0.00606753
14:0.0817607
15:-0.171832
16:0.0352079
17:-0.000867184
18:0.126498
19:0.0103085
20:0.0514186
21:0.0191321
22:-0.0170877
23:-0.00610392
24:0.0146781
25:0.112341
26:0.00775182
27:0.0359409
28:0.0639045
29:0.000609526
30:0.0814036
31:0.0271723
32:0.0264681
33:0.119262
34:0.0948956
35:0.0133489
36:-0.0252262
37:-0.20596
38:0.0741685
39:0.0746528
40:-0.0317417
41:0.0517962
42:0.0119538
43:-0.00139568
44:0.103586
alpha: 77.5376
lagLB: 375.152
stepSizeMultiplier: 0.701538
targetLowerBound: 492.605
||gamma||^2: 0.212236
lambda: 0,7.58841,22.741,13.2066,6.31797,16.7352,10.1524,16.1073,17.0469,11.4181,9.8101,12.4668,17.5692,19.0144,16.3008,0,15.7976,4.98674,25.3704,10.9151,23.0839,12.3968,10.504,11.0122,13.6368,23.882,10.8475,10.484,16.8281,9.01929,18.5496,12.5887,9.33502,29.1749,22.8351,21.5038,20.2148,0,10.4783,20.4604,16.1157,17.0436,15.0758,16.0236,18.5088,
mu: 
srcDuals: 
lambda: 0,7.05845,17.343,11.7942,8.3652,12.3737,7.27751,14.1434,15.0422,7.89147,9.61393,8.49585,10.5312,19.3074,10.9554,11.1682,12.4301,5.79623,16.6925,10.8921,14.7843,10.9716,7.30752,12.2117,13.2884,16.2586,11.015,7.80676,11.323,8.22899,13.2308,11.3095,5.87363,21.036,16.5112,14.5503,16.1347,5.84643,5.69845,15.6444,19.2251,13.9303,14.9303,16.8725,11.5376,
mu: 
srcDuals: 
fixing. lower bound used: 438.461
fixed path dual: -51.6326
best alpha: 0.01
0:0
1:-0.0324567
2:0.0916415
3:-0.0207275
4:-0.00730855
5:0.0278667
6:0.0581085
7:0.0460018
8:0.0465443
9:0.0267705
10:-0.0474928
11:0.0627757
12:0.103438
13:0.0160069
14:0.0909431
15:-0.160114
16:0.0448558
17:-0.0108585
18:0.135233
19:0.0202055
20:0.0609044
21:0.0189408
22:-0.00691681
23:0.00395712
24:0.0245313
25:0.121218
26:0.0176743
27:0.0455815
28:0.0732655
29:0.0106034
30:0.0405895
31:0.0369006
32:0.0362034
33:0.0480695
34:0.0839467
35:0.0232154
36:-0.0149739
37:-0.193901
38:0.0534268
39:0.00390626
40:-0.0214243
41:0.0612782
42:0.0218342
43:0.00861828
44:0.0925498
alpha: 88.2336
lagLB: 379.345
stepSizeMultiplier: 0.701538
targetLowerBound: 492.605
||gamma||^2: 0.186508
lambda: 0,3.73321,23.7372,9.38755,7.00958,17.6891,11.0454,16.9631,17.9043,12.3378,10.5935,12.6293,18.6325,19.7778,17.2949,0,15.16,5.72899,26.5008,11.6914,18.7712,12.4551,5.98258,11.7384,14.4265,24.9693,11.6161,10.5935,16.278,8.27625,19.5426,13.4164,7.9259,30.2833,23.8692,15.5853,14.1787,0,11.4493,21.4328,16.7639,17.9464,15.8571,16.7642,19.5694,
mu: 
srcDuals: 
lambda: 0,7.05845,17.343,11.7942,8.3652,12.3737,7.27751,14.1434,15.0422,7.89147,9.61393,8.49585,10.5312,19.3074,10.9554,11.1682,12.4301,5.79623,16.6925,10.8921,14.7843,10.9716,7.30752,12.2117,13.2884,16.2586,11.015,7.80676,11.323,8.22899,13.2308,11.3095,5.87363,21.036,16.5112,14.5503,16.1347,5.84643,5.69845,15.6444,19.2251,13.9303,14.9303,16.8725,11.5376,
mu: 
srcDuals: 
fixing. lower bound used: 438.461
fixed path dual: -53.0742
best alpha: 0.01
0:0
1:-0.0221321
2:0.100725
3:-0.0105202
4:0.00276454
5:0.0375881
6:0.0275274
7:0.0555417
8:0.0560789
9:0.0365028
10:-0.0370178
11:0.072148
12:0.0924034
13:0.0258468
14:0.0200337
15:-0.148512
16:0.0544073
17:-0.000749927
18:0.10388
19:0.0300034
20:0.0702953
21:0.0287514
22:0.00315236
23:0.0139175
24:-0.00571397
25:0.0500058
26:0.0274976
27:0.0351257
28:0.0825328
29:0.0204974
30:0.0501836
31:0.0465316
32:0.0458413
33:0.0575888
34:0.0931072
35:0.0329832
36:-0.00482418
37:-0.181962
38:0.0628926
39:0.0138672
40:-0.01121
41:0.0706655
42:0.0316159
43:0.0185321
44:0.101624
alpha: 65.8116
lagLB: 382.262
stepSizeMultiplier: 0.463015
targetLowerBound: 492.605
||gamma||^2: 0.165034
lambda: 0,4.19468,25.4288,9.96529,7.72034,14.8325,12.4046,18.2023,19.1489,10.2535,5.42347,14.0348,19.6579,20.7197,18.9796,0,16.3878,4.83815,28.6246,12.6749,20.1582,12.6428,6.69722,12.5609,15.4529,26.9541,12.5745,11.8286,17.7874,9.16457,16.8121,14.5654,9.06798,25.2773,23.9181,16.5986,14.8135,0,10.4125,15.9891,17.3347,19.3371,16.8568,17.6329,19.7036,
mu: 
srcDuals: 
lambda: 0,7.05845,17.343,11.7942,8.3652,12.3737,7.27751,14.1434,15.0422,7.89147,9.61393,8.49585,10.5312,19.3074,10.9554,11.1682,12.4301,5.79623,16.6925,10.8921,14.7843,10.9716,7.30752,12.2117,13.2884,16.2586,11.015,7.80676,11.323,8.22899,13.2308,11.3095,5.87363,21.036,16.5112,14.5503,16.1347,5.84643,5.69845,15.6444,19.2251,13.9303,14.9303,16.8725,11.5376,
mu: 
srcDuals: 
fixing. lower bound used: 438.461
fixed path dual: -44.1818
best alpha: 0.01
0:0
1:-0.0119108
2:0.0897178
3:-0.010415
4:0.0127369
5:0.0472122
6:0.0372522
7:0.0649863
8:0.0455181
9:0.0461378
10:-0.0266476
11:0.0614265
12:0.0814794
13:0.0355883
14:0.0298334
15:-0.137027
16:0.0438632
17:-0.0107424
18:0.112841
19:-0.000296631
20:0.0795924
21:-0.00153613
22:0.0131208
23:0.0237784
24:0.00434317
25:0.0595057
26:0.0272226
27:0.0247744
28:0.0717075
29:0.0102924
30:0.0596818
31:0.0360663
32:0.0353829
33:0.0670129
34:0.0621761
35:0.0426534
36:0.00522406
37:-0.170142
38:0.0722636
39:0.0237285
40:-0.00109794
41:0.0799588
42:-0.0387003
43:0.0283468
44:0.0506081
alpha: 73.9476
lagLB: 400.184
stepSizeMultiplier: 0.463015
targetLowerBound: 492.605
||gamma||^2: 0.146876
lambda: 0,5.6019,23.9718,11.1018,8.54714,14.8474,9.08913,17.7987,18.7328,10.2938,7.17773,13.244,16.6124,21.0084,12.2738,1.39434,16.0107,5.74688,23.5291,12.8667,19.4106,12.8638,7.51498,13.1277,12.9123,19.5495,12.8247,10.1184,16.7546,9.57795,16.5334,14.3718,8.89052,24.826,22.6387,16.7209,15.8172,0,9.83751,16.557,18.4873,18.5809,17.011,18.0921,18.2257,
mu: 
srcDuals: 
lambda: 0,7.05845,17.343,11.7942,8.3652,12.3737,7.27751,14.1434,15.0422,7.89147,9.61393,8.49585,10.5312,19.3074,10.9554,11.1682,12.4301,5.79623,16.6925,10.8921,14.7843,10.9716,7.30752,12.2117,13.2884,16.2586,11.015,7.80676,11.323,8.22899,13.2308,11.3095,5.87363,21.036,16.5112,14.5503,16.1347,5.84643,5.69845,15.6444,19.2251,13.9303,14.9303,16.8725,11.5376,
mu: 
srcDuals: 
fixing. lower bound used: 355.722
percent fixed: 3.61123
fixing. lower bound used: 438.461
fixed path dual: -41.7583
best alpha: 0.01
0:0
1:-0.0117917
2:0.00882064
3:-0.000310887
4:0.0226095
5:0.0467401
6:0.0368797
7:0.0543365
8:0.0450629
9:0.0256764
10:-0.0163812
11:0.0508122
12:0.0906646
13:0.0452324
14:0.039535
15:-0.125657
16:-0.0465754
17:-0.000635003
18:0.121713
19:0.00970634
20:0.0887964
21:0.00847923
22:0.0129896
23:0.0235406
24:0.0142997
25:0.0689107
26:0.0269504
27:0.0345267
28:0.0709904
29:0.0201895
30:0.069085
31:0.0357056
32:0.0050291
33:0.0763428
34:0.0715544
35:0.0522269
36:0.0151718
37:-0.158441
38:0.061541
39:0.0334912
40:0.00891304
41:0.0891592
42:-0.0283133
43:0.0280633
44:0.060102
alpha: 76.6584
lagLB: 417.717
stepSizeMultiplier: 0.463015
targetLowerBound: 492.605
||gamma||^2: 0.141682
lambda: 0,6.17768,23.9774,11.024,9.30706,15.8649,10.0322,18.949,18.4081,11.3032,7.6434,13.0382,16.5564,21.939,13.1615,1.03533,15.6736,5.00186,25.0369,10.8702,20.67,10.858,8.27777,13.9701,13.6095,20.6589,13.028,9.63877,16.6256,8.99009,17.6441,13.9765,8.49011,25.9914,21.109,17.7044,16.521,0,11.0422,17.3991,19.1439,19.843,12.0685,18.9686,15.28,
mu: 
srcDuals: 
lambda: 0,7.05845,17.343,11.7942,8.3652,12.3737,7.27751,14.1434,15.0422,7.89147,9.61393,8.49585,10.5312,19.3074,10.9554,11.1682,12.4301,5.79623,16.6925,10.8921,14.7843,10.9716,7.30752,12.2117,13.2884,16.2586,11.015,7.80676,11.323,8.22899,13.2308,11.3095,5.87363,21.036,16.5112,14.5503,16.1347,5.84643,5.69845,15.6444,19.2251,13.9303,14.9303,16.8725,11.5376,
mu: 
srcDuals: 
fixing. lower bound used: 405.599
percent fixed: 3.61391
fixing. lower bound used: 438.461
fixed path dual: -39.8993
best alpha: 0.01
0:0
1:-0.0416738
2:0.0187324
3:-0.0103078
4:0.0323834
5:0.0562727
6:0.0165109
7:0.0237931
8:-0.0153877
9:0.0354196
10:-0.00621736
11:0.0603041
12:0.0997579
13:0.0547801
14:0.0491397
15:-0.1144
16:-0.0361097
17:0.00937135
18:0.130496
19:0.0196093
20:0.0979085
21:0.0183944
22:0.00285973
23:0.00330518
24:0.0241567
25:0.0782215
26:-0.0633191
27:0.00418143
28:0.0102805
29:0.0299876
30:0.0783941
31:-0.0446514
32:0.00497881
33:0.0855793
34:0.0808388
35:0.0617046
36:0.0250201
37:-0.146856
38:0.0709256
39:0.0431563
40:0.0188239
41:0.0982676
42:-0.0180301
43:0.0377827
44:0.069501
alpha: 71.0519
lagLB: 430.398
stepSizeMultiplier: 0.463015
targetLowerBound: 492.605
||gamma||^2: 0.152862
lambda: 0,6.15452,18.0191,11.7703,10.0984,15.9567,10.1046,18.3087,18.4966,9.85978,8.35818,12.391,17.4814,22.7748,13.9861,1.53551,8.85966,5.74756,26.0229,11.6362,21.5913,11.6216,8.30328,14.0163,14.3846,21.5412,13.081,10.4535,16.765,9.77668,18.5267,14.0466,6.25915,26.8883,21.9965,18.5539,17.2977,0,10.4161,18.2118,19.9083,20.7651,12.7598,19.0237,16.1449,
mu: 
srcDuals: 
lambda: 0,7.05845,17.343,11.7942,8.3652,12.3737,7.27751,14.1434,15.0422,7.89147,9.61393,8.49585,10.5312,19.3074,10.9554,11.1682,12.4301,5.79623,16.6925,10.8921,14.7843,10.9716,7.30752,12.2117,13.2884,16.2586,11.015,7.80676,11.323,8.22899,13.2308,11.3095,5.87363,21.036,16.5112,14.5503,16.1347,5.84643,5.69845,15.6444,19.2251,13.9303,14.9303,16.8725,11.5376,
mu: 
srcDuals: 
fixing. lower bound used: 421.104
percent fixed: 3.62289
fixing. lower bound used: 438.461
fixed path dual: -38.7224
best alpha: 0.01
0:0
1:-0.0312571
2:0.0285451
3:-0.0002047
4:0.0220596
5:0.0357099
6:0.0263457
7:0.0335552
8:-0.00523386
9:-0.0249346
10:0.00384482
11:0.0697011
12:0.0887604
13:0.0442323
14:0.0586483
15:-0.103256
16:-0.0257486
17:0.0192776
18:0.119191
19:0.00941318
20:0.106929
21:0.0282105
22:0.0128311
23:0.0132721
24:0.0339152
25:0.0874393
26:-0.052686
27:0.0141396
28:0.0201777
29:0.0396877
30:0.0476102
31:-0.0342049
32:0.014929
33:0.0947235
34:0.0600305
35:0.0710876
36:0.0347699
37:-0.135388
38:0.0202163
39:0.0527248
40:0.00863567
41:0.067285
42:-0.00784983
43:0.0474048
44:0.078806
alpha: 81.2812
lagLB: 418.555
stepSizeMultiplier: 0.463015
targetLowerBound: 492.605
||gamma||^2: 0.133624
lambda: 0,4.09745,18.6739,11.0618,10.6661,16.372,8.45064,15.8339,13.9488,10.4081,9.17217,12.7806,17.6192,23.1996,14.4468,3.0398,9.8644,6.46209,25.9645,12.2854,21.7409,12.2786,7.5107,12.4466,15.0048,21.8164,6.51606,8.10386,12.0534,10.3597,18.8008,8.13692,6.22738,27.1165,22.255,18.9345,17.9124,0,10.7379,18.7107,20.5625,20.9124,13.6492,19.557,16.4758,
mu: 
srcDuals: 
lambda: 0,7.05845,17.343,11.7942,8.3652,12.3737,7.27751,14.1434,15.0422,7.89147,9.61393,8.49585,10.5312,19.3074,10.9554,11.1682,12.4301,5.79623,16.6925,10.8921,14.7843,10.9716,7.30752,12.2117,13.2884,16.2586,11.015,7.80676,11.323,8.22899,13.2308,11.3095,5.87363,21.036,16.5112,14.5503,16.1347,5.84643,5.69845,15.6444,19.2251,13.9303,14.9303,16.8725,11.5376,
mu: 
srcDuals: 
fixing. lower bound used: 412.671
percent fixed: 3.61088
fixing. lower bound used: 438.461
fixed path dual: -44.0277
best alpha: 0.01
0:0
1:-0.0309445
2:0.0182597
3:-0.0402027
4:0.031839
5:0.0453528
6:0.0360823
7:0.0432196
8:0.00481848
9:-0.0146852
10:0.0138064
11:0.0490041
12:0.0978728
13:0.05379
14:0.0680618
15:-0.0922239
16:-0.0154911
17:0.0290849
18:0.127999
19:0.019319
20:0.0158601
21:0.0379284
22:0.0227028
23:0.0231394
24:0.043576
25:0.0965649
26:-0.0421591
27:0.0239982
28:0.029976
29:-0.00070915
30:0.0571341
31:-0.0238629
32:0.0247797
33:0.103776
34:0.0694301
35:-0.0196233
36:-0.0555778
37:-0.124034
38:0.0300142
39:0.0621975
40:0.0185493
41:0.0766121
42:0.00222867
43:0.0569308
44:0.0880179
alpha: 81.3441
lagLB: 406.587
stepSizeMultiplier: 0.463015
targetLowerBound: 492.605
||gamma||^2: 0.133521
lambda: 0,4.51784,19.6632,11.7775,10.1582,15.2762,9.41892,16.8708,14.6167,5.86476,9.92644,14.1612,17.7457,22.9026,15.7224,2.77536,10.3372,7.36314,26.3805,11.6573,23.4757,13.2646,8.35045,13.2905,16.045,23.3658,6.73262,8.95604,12.963,11.4549,17.1006,8.52927,7.08708,28.7352,21.3906,20.3284,18.9608,0,7.34166,19.9299,19.927,19.3993,14.2922,20.7256,17.9431,
mu: 
srcDuals: 
lambda: 0,7.05845,17.343,11.7942,8.3652,12.3737,7.27751,14.1434,15.0422,7.89147,9.61393,8.49585,10.5312,19.3074,10.9554,11.1682,12.4301,5.79623,16.6925,10.8921,14.7843,10.9716,7.30752,12.2117,13.2884,16.2586,11.015,7.80676,11.323,8.22899,13.2308,11.3095,5.87363,21.036,16.5112,14.5503,16.1347,5.84643,5.69845,15.6444,19.2251,13.9303,14.9303,16.8725,11.5376,
mu: 
srcDuals: 
fixing. lower bound used: 426.308
percent fixed: 3.62891
fixing. lower bound used: 438.461
fixed path dual: -48.1803
best alpha: 0.01
0:0
1:-0.020635
2:0.0280771
3:-0.0298006
4:0.0215206
5:0.0548993
6:0.0257215
7:0.0327874
8:0.0147703
9:-0.00453838
10:0.0036683
11:0.058514
12:0.066894
13:0.0632521
14:0.0773812
15:-0.0813017
16:-0.0053362
17:-0.061206
18:0.126719
19:0.0191259
20:0.0257015
21:0.0475491
22:0.0324758
23:0.022908
24:0.0231403
25:0.105599
26:-0.0317375
27:0.0337582
28:0.0396762
29:0.00929794
30:0.0665628
31:-0.0136242
32:0.0345319
33:0.0627385
34:0.0787358
35:-0.00942708
36:-0.045022
37:-0.112793
38:0.039714
39:0.0315755
40:0.0283638
41:0.085846
42:-0.0177936
43:0.0363615
44:-0.00286225
alpha: 94.0876
lagLB: 382.461
stepSizeMultiplier: 0.463015
targetLowerBound: 492.605
||gamma||^2: 0.115436
lambda: 0,4.5413,18.8283,8.5239,10.9551,16.0629,10.2126,17.659,15.4341,6.69692,10.737,12.482,18.4926,23.6829,16.4918,3.6663,11.17,8.16211,27.1045,12.4636,16.0745,14.0569,9.15426,14.094,16.833,24.1136,7.58561,9.75887,13.7613,8.1713,17.8783,9.36839,7.88931,29.4775,22.1589,12.954,11.6138,0,8.13993,20.7038,20.7339,20.1622,15.1116,21.5034,18.6974,
mu: 
srcDuals: 
lambda: 0,7.05845,17.343,11.7942,8.3652,12.3737,7.27751,14.1434,15.0422,7.89147,9.61393,8.49585,10.5312,19.3074,10.9554,11.1682,12.4301,5.79623,16.6925,10.8921,14.7843,10.9716,7.30752,12.2117,13.2884,16.2586,11.015,7.80676,11.323,8.22899,13.2308,11.3095,5.87363,21.036,16.5112,14.5503,16.1347,5.84643,5.69845,15.6444,19.2251,13.9303,14.9303,16.8725,11.5376,
mu: 
srcDuals: 
fixing. lower bound used: 438.461
fixed path dual: -48.4064
best alpha: 0.02
0:0
1:-0.000222335
2:0.0475155
3:-0.00920461
4:0.0010902
5:0.0538013
6:0.025207
7:0.0521317
8:0.0344749
9:0.0155524
10:0.00359494
11:0.0573437
12:0.0855561
13:-0.018013
14:-0.0241664
15:-0.0596756
16:0.0147705
17:-0.0399819
18:0.124185
19:-0.00125666
20:0.0451875
21:0.0265981
22:0.0518263
23:0.0424499
24:0.00267746
25:0.0034873
26:-0.0111028
27:0.0530831
28:0.0588827
29:0.00911198
30:0.0652315
31:0.00664824
32:0.0338413
33:0.0814838
34:0.0571611
35:0.0107615
36:-0.0241216
37:-0.0905375
38:0.0589197
39:0.050944
40:0.00779655
41:0.0641291
42:0.00256226
43:0.0556343
44:0.017195
alpha: 115.563
lagLB: 385.925
stepSizeMultiplier: 0.463015
targetLowerBound: 492.605
||gamma||^2: 0.0939844
lambda: 0,5.11695,19.9847,8.99028,10.39,17.539,9.69758,17.2283,16.4319,7.46447,9.95907,14.0013,16.8251,25.2586,18.236,3.51869,11.928,0.037507,28.6152,12.6916,17.2025,15.4454,10.3631,14.3671,15.4656,26.1942,8.0289,10.983,15.056,9.10381,19.4935,10.0276,9.12266,26.9389,23.9193,13.6633,11.8987,0,9.43505,18.6153,21.8937,22.0073,13.2561,20.2936,11.2683,
mu: 
srcDuals: 
lambda: 0,7.05845,17.343,11.7942,8.3652,12.3737,7.27751,14.1434,15.0422,7.89147,9.61393,8.49585,10.5312,19.3074,10.9554,11.1682,12.4301,5.79623,16.6925,10.8921,14.7843,10.9716,7.30752,12.2117,13.2884,16.2586,11.015,7.80676,11.323,8.22899,13.2308,11.3095,5.87363,21.036,16.5112,14.5503,16.1347,5.84643,5.69845,15.6444,19.2251,13.9303,14.9303,16.8725,11.5376,
mu: 
srcDuals: 
fixing. lower bound used: 385.739
percent fixed: 3.63069
fixing. lower bound used: 438.461
fixed path dual: -58.0792
best alpha: 0.01
0:0
1:0.00977989
2:0.0570404
3:0.000887432
4:0.0110793
5:0.0632633
6:0.024955
7:-0.0683896
8:0.0441301
9:0.0253969
10:0.013559
11:0.0667703
12:0.0947006
13:-0.00783283
14:-0.0139248
15:-0.0490789
16:0.0246228
17:-0.0295821
18:0.132943
19:0.00875591
20:0.0547356
21:0.0363321
22:0.061308
23:-0.0879746
24:-0.0273493
25:0.0134524
26:-0.000991723
27:0.0225522
28:0.0682938
29:0.0190209
30:0.0745792
31:0.0165818
32:0.0435029
33:0.0906689
34:0.0665895
35:0.0206538
36:-0.0138804
37:-0.0796322
38:0.0683305
39:0.0604346
40:0.0177186
41:0.0734878
42:0.0125366
43:-0.0749221
44:0.027023
alpha: 89.7364
lagLB: 367.399
stepSizeMultiplier: 0.463015
targetLowerBound: 492.605
||gamma||^2: 0.121034
lambda: 0,7.03276,22.834,10.7304,8.49119,18.5911,10.1905,20.1679,19.0262,9.68875,10.0294,15.1227,20.4183,17.2257,8.16263,4.27187,14.137,1.17581,31.0437,10.7469,20.0063,14.0454,13.2967,17.1174,13.5978,16.6616,9.73193,13.9412,18.1276,9.282,20.7691,12.0778,9.78443,30.4525,23.1169,15.7939,13.3471,0,12.5074,21.5317,20.126,21.3412,15.2264,23.3017,13.5247,
mu: 
srcDuals: 
lambda: 0,7.05845,17.343,11.7942,8.3652,12.3737,7.27751,14.1434,15.0422,7.89147,9.61393,8.49585,10.5312,19.3074,10.9554,11.1682,12.4301,5.79623,16.6925,10.8921,14.7843,10.9716,7.30752,12.2117,13.2884,16.2586,11.015,7.80676,11.323,8.22899,13.2308,11.3095,5.87363,21.036,16.5112,14.5503,16.1347,5.84643,5.69845,15.6444,19.2251,13.9303,14.9303,16.8725,11.5376,
mu: 
srcDuals: 
fixing. lower bound used: 438.461
fixed path dual: -50.9467
best alpha: 0.01
0:0
1:-0.0403179
2:0.06647
3:0.0108786
4:0.0209685
5:0.0526307
6:0.0347054
7:-0.0577057
8:0.0236888
9:0.0351429
10:0.0034234
11:0.0561026
12:0.103754
13:0.0022455
14:-0.00378552
15:-0.0385881
16:0.0143766
17:-0.0192862
18:0.141613
19:0.0186683
20:0.0641882
21:0.0259688
22:-0.00930506
23:-0.0770949
24:-0.0170758
25:0.0233179
26:-0.000981806
27:0.0223267
28:-0.0023891
29:0.0288307
30:0.0638334
31:-0.0535841
32:0.0130679
33:0.0797622
34:0.0559236
35:0.0304473
36:-0.00374156
37:-0.0688358
38:0.0776472
39:0.0498302
40:0.0275414
41:0.0827529
42:0.0224113
43:-0.0641729
44:0.0367528
alpha: 99.199
lagLB: 366.5
stepSizeMultiplier: 0.463015
targetLowerBound: 492.605
||gamma||^2: 0.109488
lambda: 0,7.93607,22.4616,11.8738,9.35942,18.0507,9.51688,8.00634,19.0022,10.1705,10.8307,14.4876,19.0293,18.6045,9.70582,6.76401,14.6396,3.14165,28.6223,11.6779,19.6961,14.2319,12.8091,4.31721,10.8341,17.4658,10.926,9.83052,17.4514,9.93585,19.9232,12.7975,9.77742,29.1723,22.4867,16.4037,14.8891,0,11.8302,21.0676,20.8151,20.5248,16.0553,10.1492,13.9626,
mu: 
srcDuals: 
lambda: 0,7.05845,17.343,11.7942,8.3652,12.3737,7.27751,14.1434,15.0422,7.89147,9.61393,8.49585,10.5312,19.3074,10.9554,11.1682,12.4301,5.79623,16.6925,10.8921,14.7843,10.9716,7.30752,12.2117,13.2884,16.2586,11.015,7.80676,11.323,8.22899,13.2308,11.3095,5.87363,21.036,16.5112,14.5503,16.1347,5.84643,5.69845,15.6444,19.2251,13.9303,14.9303,16.8725,11.5376,
mu: 
srcDuals: 
fixing. lower bound used: 438.461
fixed path dual: -50.5548
best alpha: 0.01
0:0
1:-0.0299147
2:0.0458053
3:0.0207698
4:0.0307588
5:0.0221044
6:0.0443584
7:-0.0471287
8:0.0334519
9:-0.0152085
10:0.0133892
11:0.0455416
12:0.092716
13:0.012223
14:0.00625233
15:-0.0282022
16:0.00423283
17:-0.00909337
18:0.150197
19:0.0284817
20:0.0735464
21:-0.00429087
22:0.000787989
23:-0.0663239
24:-0.00690507
25:0.0330847
26:0.00902801
27:0.0321035
28:0.0076348
29:-0.00145765
30:0.0331951
31:-0.0430482
32:0.00293717
33:0.0889646
34:0.0153644
35:0.0401428
36:0.00629585
37:-0.0581475
38:0.0268708
39:0.0593319
40:0.037266
41:0.0919254
42:0.0321872
43:-0.0535311
44:0.0463853
alpha: 115.39
lagLB: 363.48
stepSizeMultiplier: 0.463015
targetLowerBound: 492.605
||gamma||^2: 0.0941257
lambda: 0,3.05896,23.9367,12.8733,10.4453,17.5946,10.7203,8.41903,17.3921,11.3776,9.95353,14.0612,20.8234,19.5301,10.5799,7.34027,13.8562,3.88306,30.7404,12.744,21.1518,13.5477,6.38446,4.56399,11.5945,18.5717,10.9176,10.0215,11.086,11.089,19.563,5.99401,7.16995,28.9483,22.0588,17.5706,15.7635,0,13.401,20.5875,21.9571,22.1393,17.1535,10.5066,15.1835,
mu: 
srcDuals: 
lambda: 0,7.05845,17.343,11.7942,8.3652,12.3737,7.27751,14.1434,15.0422,7.89147,9.61393,8.49585,10.5312,19.3074,10.9554,11.1682,12.4301,5.79623,16.6925,10.8921,14.7843,10.9716,7.30752,12.2117,13.2884,16.2586,11.015,7.80676,11.323,8.22899,13.2308,11.3095,5.87363,21.036,16.5112,14.5503,16.1347,5.84643,5.69845,15.6444,19.2251,13.9303,14.9303,16.8725,11.5376,
mu: 
srcDuals: 
fixing. lower bound used: 438.461
fixed path dual: -61.2226
best alpha: 0.01
0:0
1:-0.0196156
2:0.0553472
3:0.0305621
4:-0.00954877
5:0.0318833
6:0.0539148
7:-0.0366574
8:0.0431174
9:-0.00505645
10:0.0232553
11:0.0550862
12:0.0917889
13:0.0221008
14:0.0161898
15:-0.0179202
16:0.0141905
17:-0.0290024
18:0.128695
19:-0.0118032
20:0.0828109
21:0.00575204
22:0.0107801
23:-0.0556607
24:0.00316398
25:0.0427539
26:0.0189377
27:0.0417824
28:0.0175584
29:0.00855692
30:0.0428631
31:-0.0326177
32:0.0129078
33:0.098075
34:0.0252107
35:0.0497414
36:0.0162329
37:-0.047566
38:0.0366021
39:0.0687386
40:-0.0731067
41:-0.00899389
42:-0.00813472
43:-0.0429958
44:0.0259214
alpha: 121.666
lagLB: 322.539
stepSizeMultiplier: 0.463015
targetLowerBound: 492.605
||gamma||^2: 0.0892697
lambda: 0,3.6066,22.6284,14.1908,11.9145,14.9243,12.396,8.70522,18.9022,6.13656,11.1589,13.7509,21.2297,20.7178,11.6768,7.91393,12.9185,4.74695,34.0237,14.1786,23.2708,10.4765,7.39844,4.55863,12.4916,20.0762,12.0567,11.5112,12.2039,8.06079,17.0611,6.34217,6.21255,31.3016,18.2841,19.1823,16.8612,0,8.79906,22.4907,23.5252,24.5375,18.6443,10.6955,16.89,
mu: 
srcDuals: 
lambda: 0,7.05845,17.343,11.7942,8.3652,12.3737,7.27751,14.1434,15.0422,7.89147,9.61393,8.49585,10.5312,19.3074,10.9554,11.1682,12.4301,5.79623,16.6925,10.8921,14.7843,10.9716,7.30752,12.2117,13.2884,16.2586,11.015,7.80676,11.323,8.22899,13.2308,11.3095,5.87363,21.036,16.5112,14.5503,16.1347,5.84643,5.69845,15.6444,19.2251,13.9303,14.9303,16.8725,11.5376,
mu: 
srcDuals: 
fixing. lower bound used: 438.461
fixed path dual: -67.139
best alpha: 0.01
0:0
1:-0.00941943
2:0.0647937
3:0.0402565
4:0.000546715
5:0.0315645
6:0.0633756
7:-0.0262908
8:0.0526863
9:0.00499412
10:-0.126977
11:0.0645353
12:0.090871
13:0.0318798
14:0.0260279
15:-0.017741
16:0.0240486
17:-0.0187124
18:0.137408
19:-0.00168512
20:0.0919828
21:0.0156945
22:0.0206723
23:-0.0451041
24:0.0131323
25:0.0523263
26:0.0287484
27:0.0513646
28:0.0273829
29:0.0184714
30:0.0524345
31:-0.0222916
32:0.0227787
33:-0.0429058
34:0.0349586
35:0.059244
36:0.0260706
37:-0.0370903
38:0.046236
39:-0.101949
40:-0.0623756
41:0.00109605
42:0.00194663
43:-0.0325659
44:0.0356622
alpha: 94.8015
lagLB: 291.397
stepSizeMultiplier: 0.463015
targetLowerBound: 492.605
||gamma||^2: 0.114567
lambda: 0,4.6719,24.0769,15.5125,7.20344,16.2528,13.8371,9.68341,20.2881,7.27627,12.4433,15.198,21.6988,21.9963,12.9251,8.98788,14.1566,2.26761,32.3504,9.45609,24.8597,11.6715,8.61909,5.43969,13.6733,21.4603,13.3191,12.8903,13.4592,9.27008,18.4458,7.34101,7.44408,32.9684,19.5785,20.6021,18.1097,0.0592422,10.1517,24.0076,10.3304,12.836,13.9406,11.6413,14.6914,
mu: 
srcDuals: 
lambda: 0,7.05845,17.343,11.7942,8.3652,12.3737,7.27751,14.1434,15.0422,7.89147,9.61393,8.49585,10.5312,19.3074,10.9554,11.1682,12.4301,5.79623,16.6925,10.8921,14.7843,10.9716,7.30752,12.2117,13.2884,16.2586,11.015,7.80676,11.323,8.22899,13.2308,11.3095,5.87363,21.036,16.5112,14.5503,16.1347,5.84643,5.69845,15.6444,19.2251,13.9303,14.9303,16.8725,11.5376,
mu: 
srcDuals: 
start robust primal phase
STATS - lpIterations[3] lagIterations[84] sspIterations[420] numSeparations[184] numCuts[0] compileTime[6] sspSolveTime[109] lpSolveTime[0] lb[469.148] ub[510] numArcs: [437812] numFixed: [16056] time: [548]
STATS1 - lpIterations[3] lagIterations[84] sspIterations[420] numSeparations[184] numCuts[0] compileTime[6] sspSolveTime[109] lpSolveTime[0] repairTime[16] cutsTime[0] lb[469.148] ub[510] numArcs: [437812] numFixed: [16056] time: [548]
fixing. lower bound used: 438.461
fixed path dual: -49.391
best alpha: 1
0:0
1:-2
2:-2
3:-7
4:1
5:1
6:1
7:1
8:1
9:1
10:1
11:-1
12:1
13:1
14:1
15:1
16:-1
17:1
18:1
19:1
20:-4
21:0
22:-4
23:1
24:1
25:1
26:1
27:-2
28:1
29:-2
30:1
31:1
32:1
33:1
34:1
35:-7
36:-7
37:1
38:1
39:1
40:1
41:1
42:1
43:1
44:1
alpha: 0.0474285
lagLB: 353.399
stepSizeMultiplier: 0.463015
targetLowerBound: 492.605
||gamma||^2: 229
lambda: 0,6.16548,23.4855,15.6105,8.41703,15.3661,13.2856,11.651,20.0369,8.36492,0,14.6139,19.1459,22.3296,13.4229,9.4863,14.7099,4.02227,29.7191,10.7324,23.5045,12.4595,9.26728,7.93579,14.5333,21.2192,13.7404,12.6762,13.9189,9.9801,18.2016,9.19622,8.03309,16.9684,19.8253,20.1667,18.6062,2.33021,10.0817,5.97951,13.3117,14.0342,15.1148,13.7852,14.9185,
mu: 
srcDuals: 
lambda: 0,7.05845,17.343,11.7942,8.3652,12.3737,7.27751,14.1434,15.0422,7.89147,9.61393,8.49585,10.5312,19.3074,10.9554,11.1682,12.4301,5.79623,16.6925,10.8921,14.7843,10.9716,7.30752,12.2117,13.2884,16.2586,11.015,7.80676,11.323,8.22899,13.2308,11.3095,5.87363,21.036,16.5112,14.5503,16.1347,5.84643,5.69845,15.6444,19.2251,13.9303,14.9303,16.8725,11.5376,
mu: 
srcDuals: 
fixing. lower bound used: 438.461
fixed path dual: -12.8462
best alpha: 0.1
0:0
1:-1.8
2:-1.7
3:-6.2
4:1
5:1
6:0.6
7:0.4
8:0.8
9:1
10:1
11:-0.8
12:0.8
13:1
14:1
15:0.6
16:-0.8
17:0.6
18:1
19:0.8
20:-3.5
21:0.1
22:-3.5
23:0.4
24:0.7
25:1
26:0.8
27:-1.8
28:1
29:-1.7
30:1
31:1
32:1
33:1
34:1
35:-6.2
36:-6.2
37:0.6
38:1
39:1
40:0.8
41:1
42:0.6
43:0.5
44:0.6
alpha: 0.0614352
lagLB: 468.136
stepSizeMultiplier: 0.463015
targetLowerBound: 492.605
||gamma||^2: 176.79
lambda: 0,6.9636,17.2481,11.4622,8.41263,12.4211,7.32494,14.1908,15.0896,7.9389,9.66136,8.44842,10.5786,19.3548,11.0028,11.2156,12.3826,5.84366,16.74,10.9396,14.5946,10.9716,7.1178,12.2592,13.3358,16.306,11.0624,7.7119,11.3704,8.13413,13.2782,11.3569,5.92106,21.0834,16.5586,14.2183,15.8027,5.89386,5.74588,15.6918,19.2725,13.9777,14.9777,16.9199,11.5851,
mu: 
srcDuals: 
lambda: 0,7.05845,17.343,11.7942,8.3652,12.3737,7.27751,14.1434,15.0422,7.89147,9.61393,8.49585,10.5312,19.3074,10.9554,11.1682,12.4301,5.79623,16.6925,10.8921,14.7843,10.9716,7.30752,12.2117,13.2884,16.2586,11.015,7.80676,11.323,8.22899,13.2308,11.3095,5.87363,21.036,16.5112,14.5503,16.1347,5.84643,5.69845,15.6444,19.2251,13.9303,14.9303,16.8725,11.5376,
mu: 
srcDuals: 
fixing. lower bound used: 285.412
percent fixed: 3.64484
fixing. lower bound used: 438.461
fixed path dual: -12.7184
best alpha: 0.1
0:0
1:-1.62
2:-1.43
3:-5.48
4:1
5:1
6:0.24
7:-0.14
8:0.62
9:1
10:1
11:-0.62
12:0.62
13:1
14:1
15:0.24
16:-0.62
17:0.24
18:1
19:0.62
20:-3.05
21:0.19
22:-3.05
23:-0.14
24:0.43
25:1
26:0.62
27:-1.62
28:1
29:-1.43
30:1
31:1
32:1
33:1
34:1
35:-5.48
36:-5.48
37:0.24
38:1
39:1
40:0.62
41:1
42:0.24
43:0.05
44:0.24
alpha: 0.0785139
lagLB: 468.646
stepSizeMultiplier: 0.463015
targetLowerBound: 492.605
||gamma||^2: 138.334
lambda: 0,6.94787,17.2385,11.4133,8.42664,12.4351,7.31437,14.168,15.0913,7.95291,9.67536,8.4467,10.5803,19.3688,11.0168,11.205,12.3809,5.83309,16.754,10.9413,14.5693,10.9778,7.09249,12.2363,13.3314,16.32,11.0642,7.69618,11.3844,8.12455,13.2922,11.3709,5.93506,21.0974,16.5726,14.1694,15.7538,5.88329,5.75989,15.7058,19.2742,13.9917,14.9671,16.9032,11.5745,
mu: 
srcDuals: 
lambda: 0,7.05845,17.343,11.7942,8.3652,12.3737,7.27751,14.1434,15.0422,7.89147,9.61393,8.49585,10.5312,19.3074,10.9554,11.1682,12.4301,5.79623,16.6925,10.8921,14.7843,10.9716,7.30752,12.2117,13.2884,16.2586,11.015,7.80676,11.323,8.22899,13.2308,11.3095,5.87363,21.036,16.5112,14.5503,16.1347,5.84643,5.69845,15.6444,19.2251,13.9303,14.9303,16.8725,11.5376,
mu: 
srcDuals: 
fixing. lower bound used: 467.983
percent fixed: 40.7414
updating best lambda arc fixing
fixing. lower bound used: 467.983
fixed path dual: -12.5066
STATS - lpIterations[3] lagIterations[88] sspIterations[440] numSeparations[184] numCuts[0] compileTime[6] sspSolveTime[112] lpSolveTime[0] lb[469.541] ub[510] numArcs: [437757] numFixed: [180235] time: [574]
STATS1 - lpIterations[3] lagIterations[88] sspIterations[440] numSeparations[184] numCuts[0] compileTime[6] sspSolveTime[112] lpSolveTime[0] repairTime[17] cutsTime[0] lb[469.541] ub[510] numArcs: [437757] numFixed: [180235] time: [574]
lambda: 0,6.93126,17.2307,11.3639,8.44372,12.4522,7.29635,14.1324,15.0908,7.96999,9.69244,8.44717,10.5799,19.3859,11.0339,11.187,12.3814,5.81508,16.771,10.9408,14.5449,10.9865,7.06805,12.2007,13.3221,16.3371,11.0637,7.67957,11.4015,8.11671,13.3093,11.388,5.95214,21.1145,16.5897,14.12,15.7044,5.86527,5.77697,15.7229,19.2737,14.0088,14.9491,16.8764,11.5565,
mu: 
srcDuals: 
best alpha: 0.1
0:0
1:-1.458
2:-1.187
3:-4.832
4:1
5:1
6:-0.084
7:-0.626
8:0.458
9:1
10:1
11:-0.458
12:0.458
13:1
14:1
15:-0.084
16:-0.458
17:-0.084
18:1
19:0.458
20:-2.645
21:0.271
22:-2.645
23:-0.626
24:0.187
25:1
26:0.458
27:-1.458
28:1
29:-1.187
30:1
31:1
32:1
33:1
34:1
35:-4.832
36:-4.832
37:-0.084
38:1
39:1
40:0.458
41:1
42:-0.084
43:-0.355
44:-0.084
alpha: 0.0982531
lagLB: 469.541
stepSizeMultiplier: 0.463015
targetLowerBound: 493.019
||gamma||^2: 110.635
lambda: 0,6.93126,17.2307,11.3639,8.44372,12.4522,7.29635,14.1324,15.0908,7.96999,9.69244,8.44717,10.5799,19.3859,11.0339,11.187,12.3814,5.81508,16.771,10.9408,14.5449,10.9865,7.06805,12.2007,13.3221,16.3371,11.0637,7.67957,11.4015,8.11671,13.3093,11.388,5.95214,21.1145,16.5897,14.12,15.7044,5.86527,5.77697,15.7229,19.2737,14.0088,14.9491,16.8764,11.5565,
mu: 
srcDuals: 
lambda: 0,6.93126,17.2307,11.3639,8.44372,12.4522,7.29635,14.1324,15.0908,7.96999,9.69244,8.44717,10.5799,19.3859,11.0339,11.187,12.3814,5.81508,16.771,10.9408,14.5449,10.9865,7.06805,12.2007,13.3221,16.3371,11.0637,7.67957,11.4015,8.11671,13.3093,11.388,5.95214,21.1145,16.5897,14.12,15.7044,5.86527,5.77697,15.7229,19.2737,14.0088,14.9491,16.8764,11.5565,
mu: 
srcDuals: 
fixing. lower bound used: 468.483
percent fixed: 41.7393
updating best lambda arc fixing
fixing. lower bound used: 468.483
fixed path dual: -12.397
best alpha: 0.1
0:0
1:-1.2122
2:-0.9683
3:-4.2488
4:0.9
5:1
6:-0.1756
7:-0.7634
8:0.2122
9:1
10:1
11:-0.3122
12:0.2122
13:0.9
14:1
15:-0.4756
16:-0.3122
17:-0.4756
18:1
19:0.2122
20:-2.2805
21:0.3439
22:-2.2805
23:-0.6634
24:0.0683
25:1
26:0.2122
27:-1.4122
28:1
29:-0.9683
30:1
31:0.9
32:1
33:1
34:1
35:-4.2488
36:-4.2488
37:-0.4756
38:1
39:1
40:0.3122
41:0.9
42:-0.4756
43:-0.4195
44:-0.4756
alpha: 0.12201
lagLB: 469.269
stepSizeMultiplier: 0.463015
targetLowerBound: 493.019
||gamma||^2: 89.0933
lambda: 0,6.78801,17.1141,10.8891,8.54197,12.5505,7.2881,14.0709,15.1358,8.06824,9.7907,8.40217,10.6249,19.4841,11.1321,11.1788,12.3364,5.80682,16.8693,10.9858,14.285,11.0132,6.80817,12.1392,13.3405,16.4354,11.1087,7.53631,11.4997,8.00009,13.4075,11.4863,6.0504,21.2127,16.688,13.6453,15.2297,5.85702,5.87522,15.8212,19.3187,14.107,14.9409,16.8415,11.5482,
mu: 
srcDuals: 
lambda: 0,6.93126,17.2307,11.3639,8.44372,12.4522,7.29635,14.1324,15.0908,7.96999,9.69244,8.44717,10.5799,19.3859,11.0339,11.187,12.3814,5.81508,16.771,10.9408,14.5449,10.9865,7.06805,12.2007,13.3221,16.3371,11.0637,7.67957,11.4015,8.11671,13.3093,11.388,5.95214,21.1145,16.5897,14.12,15.7044,5.86527,5.77697,15.7229,19.2737,14.0088,14.9491,16.8764,11.5565,
mu: 
srcDuals: 
fixing. lower bound used: 468.668
percent fixed: 42.3384
updating best lambda arc fixing
fixing. lower bound used: 468.668
fixed path dual: -12.0545
STATS - lpIterations[3] lagIterations[90] sspIterations[450] numSeparations[184] numCuts[0] compileTime[6] sspSolveTime[114] lpSolveTime[0] lb[470.738] ub[510] numArcs: [437746] numFixed: [187238] time: [590]
STATS1 - lpIterations[3] lagIterations[90] sspIterations[450] numSeparations[184] numCuts[0] compileTime[6] sspSolveTime[114] lpSolveTime[0] repairTime[17] cutsTime[0] lb[470.738] ub[510] numArcs: [437746] numFixed: [187238] time: [590]
lambda: 0,6.78336,17.1126,10.8455,8.55352,12.5742,7.27493,14.0392,15.1167,8.092,9.81445,8.40908,10.6058,19.4957,11.1559,11.129,12.3433,5.75705,16.8931,10.9667,14.2666,11.0285,6.78981,12.1198,13.3305,16.4591,11.0896,7.50726,11.5235,7.99857,13.4313,11.4978,6.07415,21.2365,16.7117,13.6016,15.186,5.80725,5.89898,15.8449,19.3118,14.1186,14.8911,16.8252,11.4984,
mu: 
srcDuals: 
best alpha: 0.1
0:0
1:-0.99098
2:-0.77147
3:-3.72392
4:0.81
5:1
6:-0.25804
7:-0.88706
8:-0.00902
9:1
10:1
11:-0.18098
12:-0.00902
13:0.81
14:1
15:-0.82804
16:-0.18098
17:-0.82804
18:1
19:-0.00902
20:-1.95245
21:0.40951
22:-1.95245
23:-0.69706
24:-0.03853
25:1
26:-0.00902
27:-1.37098
28:1
29:-0.77147
30:1
31:0.81
32:1
33:1
34:1
35:-3.72392
36:-3.72392
37:-0.82804
38:1
39:1
40:0.18098
41:0.81
42:-0.82804
43:-0.47755
44:-0.82804
alpha: 0.161632
lagLB: 470.738
stepSizeMultiplier: 0.509317
targetLowerBound: 494.275
||gamma||^2: 74.1666
lambda: 0,6.78336,17.1126,10.8455,8.55352,12.5742,7.27493,14.0392,15.1167,8.092,9.81445,8.40908,10.6058,19.4957,11.1559,11.129,12.3433,5.75705,16.8931,10.9667,14.2666,11.0285,6.78981,12.1198,13.3305,16.4591,11.0896,7.50726,11.5235,7.99857,13.4313,11.4978,6.07415,21.2365,16.7117,13.6016,15.186,5.80725,5.89898,15.8449,19.3118,14.1186,14.8911,16.8252,11.4984,
mu: 
srcDuals: 
lambda: 0,6.78336,17.1126,10.8455,8.55352,12.5742,7.27493,14.0392,15.1167,8.092,9.81445,8.40908,10.6058,19.4957,11.1559,11.129,12.3433,5.75705,16.8931,10.9667,14.2666,11.0285,6.78981,12.1198,13.3305,16.4591,11.0896,7.50726,11.5235,7.99857,13.4313,11.4978,6.07415,21.2365,16.7117,13.6016,15.186,5.80725,5.89898,15.8449,19.3118,14.1186,14.8911,16.8252,11.4984,
mu: 
srcDuals: 
fixing. lower bound used: 469.026
percent fixed: 42.9571
updating best lambda arc fixing
fixing. lower bound used: 469.026
fixed path dual: -11.6484
STATS - lpIterations[3] lagIterations[91] sspIterations[455] numSeparations[184] numCuts[0] compileTime[6] sspSolveTime[114] lpSolveTime[0] lb[471.306] ub[510] numArcs: [437737] numFixed: [189971] time: [598]
STATS1 - lpIterations[3] lagIterations[91] sspIterations[455] numSeparations[184] numCuts[0] compileTime[6] sspSolveTime[114] lpSolveTime[0] repairTime[17] cutsTime[0] lb[471.306] ub[510] numArcs: [437737] numFixed: [189971] time: [598]
lambda: 0,6.62319,16.9879,10.2436,8.68445,12.7358,7.23322,13.8959,15.1153,8.25363,9.97609,8.37982,10.6043,19.6266,11.3175,10.9951,12.314,5.62321,17.0547,10.9653,13.9511,11.0947,6.47423,12.0071,13.3242,16.6207,11.0881,7.28567,11.6851,7.87388,13.5929,11.6287,6.23578,21.3981,16.8734,12.9997,14.5841,5.67341,6.06061,16.0066,19.3411,14.2495,14.7573,16.748,11.3646,
mu: 
srcDuals: 
best alpha: 0.1
0:0
1:-0.791882
2:-0.594323
3:-3.25153
4:0.629
5:1
6:-0.232236
7:-0.798354
8:-0.108118
9:1
10:1
11:-0.062882
12:-0.108118
13:0.429
14:1
15:-1.04524
16:-0.062882
17:-0.845236
18:0.8
19:-0.308118
20:-1.65721
21:0.468559
22:-1.65721
23:-0.627354
24:-0.034677
25:1
26:-0.108118
27:-1.23388
28:1
29:-0.594323
30:1
31:0.729
32:1
33:1
34:1
35:-3.25153
36:-3.25153
37:-1.04524
38:1
39:1
40:0.262882
41:0.429
42:-1.04524
43:-0.329795
44:-1.04524
alpha: 0.197707
lagLB: 471.306
stepSizeMultiplier: 0.509317
targetLowerBound: 494.872
||gamma||^2: 60.707
lambda: 0,6.62319,16.9879,10.2436,8.68445,12.7358,7.23322,13.8959,15.1153,8.25363,9.97609,8.37982,10.6043,19.6266,11.3175,10.9951,12.314,5.62321,17.0547,10.9653,13.9511,11.0947,6.47423,12.0071,13.3242,16.6207,11.0881,7.28567,11.6851,7.87388,13.5929,11.6287,6.23578,21.3981,16.8734,12.9997,14.5841,5.67341,6.06061,16.0066,19.3411,14.2495,14.7573,16.748,11.3646,
mu: 
srcDuals: 
lambda: 0,6.62319,16.9879,10.2436,8.68445,12.7358,7.23322,13.8959,15.1153,8.25363,9.97609,8.37982,10.6043,19.6266,11.3175,10.9951,12.314,5.62321,17.0547,10.9653,13.9511,11.0947,6.47423,12.0071,13.3242,16.6207,11.0881,7.28567,11.6851,7.87388,13.5929,11.6287,6.23578,21.3981,16.8734,12.9997,14.5841,5.67341,6.06061,16.0066,19.3411,14.2495,14.7573,16.748,11.3646,
mu: 
srcDuals: 
fixing. lower bound used: 469.276
percent fixed: 43.8957
updating best lambda arc fixing
fixing. lower bound used: 469.276
fixed path dual: -11.4481
best alpha: 0.1
0:0
1:-0.612694
2:-0.634891
3:-2.82638
4:0.6661
5:0.8
6:-0.209012
7:-0.718519
8:-0.197306
9:0.8
10:1
11:0.0434062
12:0.0026938
13:0.2861
14:0.8
15:-1.04071
16:0.0434062
17:-0.860712
18:0.82
19:-0.377306
20:-1.39148
21:0.321703
22:-1.39148
23:-0.564619
24:-0.0312093
25:0.8
26:-0.197306
27:-1.11049
28:1
29:-0.634891
30:0.8
31:0.6561
32:0.8
33:1
34:0.8
35:-2.82638
36:-2.82638
37:-0.840712
38:0.8
39:1
40:0.336594
41:0.2861
42:-1.04071
43:-0.196816
44:-1.04071
alpha: 0.254614
lagLB: 470.658
stepSizeMultiplier: 0.509317
targetLowerBound: 494.872
||gamma||^2: 47.1388
lambda: 0,6.46663,16.8704,9.60074,8.8088,12.9336,7.1873,13.738,15.0939,8.45133,10.1738,8.36739,10.5829,19.7114,11.5152,10.7885,12.3016,5.4561,17.2129,10.9043,13.6234,11.1873,6.14658,11.8831,13.3174,16.8185,11.0667,7.04172,11.8828,7.75637,13.7906,11.7729,6.43349,21.5958,17.0711,12.3569,13.9413,5.46676,6.25832,16.2043,19.393,14.3343,14.5506,16.6828,11.158,
mu: 
srcDuals: 
lambda: 0,6.62319,16.9879,10.2436,8.68445,12.7358,7.23322,13.8959,15.1153,8.25363,9.97609,8.37982,10.6043,19.6266,11.3175,10.9951,12.314,5.62321,17.0547,10.9653,13.9511,11.0947,6.47423,12.0071,13.3242,16.6207,11.0881,7.28567,11.6851,7.87388,13.5929,11.6287,6.23578,21.3981,16.8734,12.9997,14.5841,5.67341,6.06061,16.0066,19.3411,14.2495,14.7573,16.748,11.3646,
mu: 
srcDuals: 
fixing. lower bound used: 469.553
percent fixed: 44.808
updating best lambda arc fixing
fixing. lower bound used: 469.553
fixed path dual: -11.324
best alpha: 0.1
0:0
1:-0.451424
2:-0.771402
3:-2.44374
4:0.69949
5:0.62
6:-0.188111
7:-0.646667
8:-0.277576
9:0.52
10:1
11:0.0390656
12:0.102424
13:0.25749
14:0.72
15:-0.936641
16:0.0390656
17:-0.774641
18:0.838
19:-0.339576
20:-1.15234
21:0.0895328
22:-1.15234
23:-0.508157
24:-0.0280884
25:0.72
26:-0.277576
27:-0.999444
28:1
29:-0.771402
30:0.52
31:0.59049
32:0.52
33:1
34:0.52
35:-2.44374
36:-2.44374
37:-0.656641
38:0.62
39:1
40:0.402934
41:0.25749
42:-0.936641
43:-0.077134
44:-0.936641
alpha: 0.330102
lagLB: 470.966
stepSizeMultiplier: 0.509317
targetLowerBound: 494.872
||gamma||^2: 36.3591
lambda: 0,6.46719,16.8262,9.52396,8.85404,12.9395,7.18,13.7129,15.065,8.45732,10.2307,8.39088,10.605,19.6994,11.5212,10.7302,12.3251,5.40406,17.2635,10.8692,13.5968,11.1766,6.11993,11.8634,13.3163,16.8244,11.0379,7.00292,11.9397,7.71222,13.7966,11.7958,6.43948,21.6527,17.0771,12.2801,13.8645,5.45935,6.2643,16.2612,19.4268,14.3223,14.4923,16.6979,11.0996,
mu: 
srcDuals: 
lambda: 0,6.62319,16.9879,10.2436,8.68445,12.7358,7.23322,13.8959,15.1153,8.25363,9.97609,8.37982,10.6043,19.6266,11.3175,10.9951,12.314,5.62321,17.0547,10.9653,13.9511,11.0947,6.47423,12.0071,13.3242,16.6207,11.0881,7.28567,11.6851,7.87388,13.5929,11.6287,6.23578,21.3981,16.8734,12.9997,14.5841,5.67341,6.06061,16.0066,19.3411,14.2495,14.7573,16.748,11.3646,
mu: 
srcDuals: 
fixing. lower bound used: 470.104
percent fixed: 45.5232
updating best lambda arc fixing
fixing. lower bound used: 470.104
fixed path dual: -11.0545
STATS - lpIterations[3] lagIterations[94] sspIterations[470] numSeparations[184] numCuts[0] compileTime[6] sspSolveTime[116] lpSolveTime[0] lb[471.919] ub[510] numArcs: [437727] numFixed: [201328] time: [621]
STATS1 - lpIterations[3] lagIterations[94] sspIterations[470] numSeparations[184] numCuts[0] compileTime[6] sspSolveTime[116] lpSolveTime[0] repairTime[18] cutsTime[0] lb[471.919] ub[510] numArcs: [437727] numFixed: [201328] time: [621]
lambda: 0,6.47417,16.7332,9.43691,8.91535,12.9405,7.17112,13.6824,15.0236,8.42528,10.3062,8.39272,10.6381,19.7116,11.5552,10.686,12.3269,5.3675,17.3313,10.8532,13.5707,11.1243,6.09384,11.8394,13.315,16.8584,10.9965,6.95575,12.0152,7.61923,13.7646,11.8237,6.40744,21.7282,17.045,12.193,13.7774,5.45665,6.26527,16.3367,19.4741,14.3345,14.4481,16.7226,11.0554,
mu: 
srcDuals: 
best alpha: 0.1
0:0
1:-0.306282
2:-0.794261
3:-2.09936
4:0.729541
5:0.458
6:-0.0693
7:-0.482
8:-0.149818
9:0.368
10:1
11:0.135159
12:0.192182
13:0.031741
14:0.648
15:-1.04298
16:0.135159
17:-0.697177
18:0.6542
19:-0.505618
20:-0.937102
21:-0.0194205
22:-0.937102
23:-0.357341
24:0.0747205
25:0.648
26:-0.149818
27:-0.7995
28:1
29:-0.794261
30:0.368
31:0.631441
32:0.368
33:1
34:0.368
35:-2.09936
36:-2.09936
37:-0.690977
38:0.458
39:1
40:0.462641
41:0.031741
42:-1.04298
43:0.0305794
44:-1.04298
alpha: 0.409862
lagLB: 471.919
stepSizeMultiplier: 0.509317
targetLowerBound: 495.515
||gamma||^2: 29.3217
lambda: 0,6.47417,16.7332,9.43691,8.91535,12.9405,7.17112,13.6824,15.0236,8.42528,10.3062,8.39272,10.6381,19.7116,11.5552,10.686,12.3269,5.3675,17.3313,10.8532,13.5707,11.1243,6.09384,11.8394,13.315,16.8584,10.9965,6.95575,12.0152,7.61923,13.7646,11.8237,6.40744,21.7282,17.045,12.193,13.7774,5.45665,6.26527,16.3367,19.4741,14.3345,14.4481,16.7226,11.0554,
mu: 
srcDuals: 
lambda: 0,6.47417,16.7332,9.43691,8.91535,12.9405,7.17112,13.6824,15.0236,8.42528,10.3062,8.39272,10.6381,19.7116,11.5552,10.686,12.3269,5.3675,17.3313,10.8532,13.5707,11.1243,6.09384,11.8394,13.315,16.8584,10.9965,6.95575,12.0152,7.61923,13.7646,11.8237,6.40744,21.7282,17.045,12.193,13.7774,5.45665,6.26527,16.3367,19.4741,14.3345,14.4481,16.7226,11.0554,
mu: 
srcDuals: 
fixing. lower bound used: 470.571
percent fixed: 46.2384
updating best lambda arc fixing
fixing. lower bound used: 470.571
fixed path dual: -11.6064
best alpha: 0.1
0:0
1:-0.175654
2:-0.814835
3:-1.78943
4:0.756587
5:0.0122
6:0.03763
7:-0.3338
8:-0.0348362
9:0.4312
10:0.2
11:0.121643
12:0.172964
13:0.128567
14:0.6832
15:-1.03868
16:-0.0783569
17:-0.727459
18:0.68878
19:-0.355056
20:-0.743392
21:-0.117478
22:-0.743392
23:-0.221607
24:0.167248
25:0.6832
26:-0.0348362
27:-0.61955
28:1
29:-0.614835
30:0.1312
31:0.668297
32:0.2312
33:0.5
34:0.1312
35:-1.78943
36:-1.78943
37:-0.521879
38:0.5122
39:0.3
40:0.516377
41:0.128567
42:-0.838679
43:0.127522
44:-1.03868
alpha: 0.575757
lagLB: 466.568
stepSizeMultiplier: 0.509317
targetLowerBound: 495.515
||gamma||^2: 20.8731
lambda: 0,6.34864,16.4077,8.57646,9.21436,13.1282,7.14272,13.4849,14.9622,8.57611,10.716,8.44812,10.7169,19.7246,11.8208,10.2585,12.3823,5.08175,17.5994,10.6459,13.1866,11.1163,5.70976,11.6929,13.3456,17.124,10.9351,6.62807,12.4251,7.2937,13.9154,12.0825,6.55827,22.1381,17.1958,11.3326,12.917,5.17344,6.45299,16.7465,19.6637,14.3475,14.0206,16.7351,10.6279,
mu: 
srcDuals: 
lambda: 0,6.47417,16.7332,9.43691,8.91535,12.9405,7.17112,13.6824,15.0236,8.42528,10.3062,8.39272,10.6381,19.7116,11.5552,10.686,12.3269,5.3675,17.3313,10.8532,13.5707,11.1243,6.09384,11.8394,13.315,16.8584,10.9965,6.95575,12.0152,7.61923,13.7646,11.8237,6.40744,21.7282,17.045,12.193,13.7774,5.45665,6.26527,16.3367,19.4741,14.3345,14.4481,16.7226,11.0554,
mu: 
srcDuals: 
fixing. lower bound used: 468.201
percent fixed: 46.2546
updating best lambda arc fixing
fixing. lower bound used: 468.201
fixed path dual: -11.1039
best alpha: 0.1
0:0
1:-0.158088
2:-0.833352
3:-1.51048
4:0.780928
5:-0.18902
6:0.033867
7:-0.30042
8:-0.431353
9:0.18808
10:0.18
11:0.109479
12:0.255667
13:0.21571
14:0.71488
15:-0.834811
16:-0.0705212
17:-0.554713
18:0.719902
19:-0.219551
20:-0.569053
21:-0.305731
22:-0.569053
23:-0.199446
24:0.150524
25:0.71488
26:-0.331353
27:-0.657595
28:0.9
29:-0.653352
30:-0.08192
31:0.401467
32:0.00808
33:0.55
34:-0.18192
35:-1.51048
36:-1.51048
37:-0.369691
38:0.36098
39:0.37
40:0.564739
41:0.21571
42:-0.654811
43:0.214769
44:-0.834811
alpha: 0.737092
lagLB: 468.166
stepSizeMultiplier: 0.509317
targetLowerBound: 495.515
||gamma||^2: 16.3044
lambda: 0,6.37304,16.2641,8.40664,9.35096,12.9475,7.19279,13.4902,15.0036,8.67355,10.4213,8.46276,10.7377,19.7856,11.9486,10.0879,12.2818,4.94866,17.7279,10.6487,13.1427,11.0566,5.66582,11.7118,13.4113,17.2518,10.9764,6.59904,12.591,7.26524,13.8401,12.2084,6.54055,22.0161,17.1206,11.1628,12.7472,5.15617,6.56018,16.5094,19.7714,14.4085,13.9652,16.796,10.4574,
mu: 
srcDuals: 
lambda: 0,6.47417,16.7332,9.43691,8.91535,12.9405,7.17112,13.6824,15.0236,8.42528,10.3062,8.39272,10.6381,19.7116,11.5552,10.686,12.3269,5.3675,17.3313,10.8532,13.5707,11.1243,6.09384,11.8394,13.315,16.8584,10.9965,6.95575,12.0152,7.61923,13.7646,11.8237,6.40744,21.7282,17.045,12.193,13.7774,5.45665,6.26527,16.3367,19.4741,14.3345,14.4481,16.7226,11.0554,
mu: 
srcDuals: 
fixing. lower bound used: 465.653
percent fixed: 46.2541
fixing. lower bound used: 468.201
fixed path dual: -10.3707
best alpha: 0.1
0:0
1:-0.0422796
2:-0.650017
3:-1.25944
4:0.602835
5:-0.270118
6:-0.0695197
7:-0.370378
8:-0.288217
9:0.269272
10:0.062
11:-0.00146907
12:0.330101
13:-0.105861
14:0.443392
15:-0.65133
16:-0.163469
17:-0.399242
18:0.747912
19:-0.197596
20:-0.412148
21:-0.375158
22:-0.412148
23:-0.279502
24:0.0354712
25:0.543392
26:-0.198217
27:-0.491835
28:0.91
29:-0.488017
30:-0.173728
31:0.46132
32:0.107272
33:0.395
34:-0.263728
35:-1.25944
36:-1.25944
37:-0.232722
38:0.424882
39:0.233
40:0.508265
41:0.0941392
42:-0.48933
43:0.0932924
44:-0.65133
alpha: 1.05815
lagLB: 471.003
stepSizeMultiplier: 0.509317
targetLowerBound: 495.515
||gamma||^2: 11.3574
lambda: 0,6.35765,16.119,8.32354,9.49097,12.8012,7.19609,13.461,14.7057,8.56391,10.4389,8.47342,10.8266,19.8706,12.0821,10.0706,12.275,4.95863,17.8619,10.6913,13.1512,10.8989,5.67439,11.6924,13.4259,17.3854,10.7522,6.47104,12.6786,7.13765,13.7042,12.1196,6.41339,22.1336,16.9109,11.0797,12.6641,5.18415,6.53135,16.6094,19.8903,14.4935,13.9654,16.8809,10.4401,
mu: 
srcDuals: 
lambda: 0,6.47417,16.7332,9.43691,8.91535,12.9405,7.17112,13.6824,15.0236,8.42528,10.3062,8.39272,10.6381,19.7116,11.5552,10.686,12.3269,5.3675,17.3313,10.8532,13.5707,11.1243,6.09384,11.8394,13.315,16.8584,10.9965,6.95575,12.0152,7.61923,13.7646,11.8237,6.40744,21.7282,17.045,12.193,13.7774,5.45665,6.26527,16.3367,19.4741,14.3345,14.4481,16.7226,11.0554,
mu: 
srcDuals: 
fixing. lower bound used: 467.337
percent fixed: 46.2625
updating best lambda arc fixing
fixing. lower bound used: 467.337
fixed path dual: -10.0859
best alpha: 0.1
0:0
1:-0.138052
2:-0.585015
3:-1.03349
4:0.442552
5:-0.243106
6:-0.0625678
7:-0.23334
8:-0.659396
9:0.242345
10:0.1558
11:0.0986778
12:0.397091
13:-0.395275
14:0.299053
15:-0.486197
16:-0.0471222
17:-0.259318
18:0.773121
19:-0.177836
20:-0.270933
21:-0.337642
22:-0.370933
23:-0.151551
24:0.131924
25:0.389053
26:-0.378396
27:-0.542652
28:0.619
29:-0.439215
30:-0.156355
31:0.115188
32:-0.103455
33:0.4555
34:-0.237355
35:-1.03349
36:-1.03349
37:-0.10945
38:0.382394
39:0.3097
40:0.457439
41:-0.0152747
42:-0.340397
43:0.183963
44:-0.486197
alpha: 1.42435
lagLB: 471.267
stepSizeMultiplier: 0.509317
targetLowerBound: 495.515
||gamma||^2: 8.43743
lambda: 0,6.42943,16.0454,8.10424,9.55324,12.6547,7.09756,13.2905,14.7187,8.71021,10.3718,8.39116,10.9874,19.5996,12.0244,9.99675,12.154,4.94504,18.1227,10.6441,13.1346,10.7273,5.65772,11.5436,13.3525,17.4334,10.7867,6.43532,12.9781,7.10284,13.5807,12.3118,6.52095,22.1462,16.766,10.8604,12.4448,5.21039,6.71486,16.5832,20.0119,14.4341,13.9303,16.8213,10.3662,
mu: 
srcDuals: 
lambda: 0,6.47417,16.7332,9.43691,8.91535,12.9405,7.17112,13.6824,15.0236,8.42528,10.3062,8.39272,10.6381,19.7116,11.5552,10.686,12.3269,5.3675,17.3313,10.8532,13.5707,11.1243,6.09384,11.8394,13.315,16.8584,10.9965,6.95575,12.0152,7.61923,13.7646,11.8237,6.40744,21.7282,17.045,12.193,13.7774,5.45665,6.26527,16.3367,19.4741,14.3345,14.4481,16.7226,11.0554,
mu: 
srcDuals: 
fixing. lower bound used: 469.843
percent fixed: 46.772
updating best lambda arc fixing
fixing. lower bound used: 469.843
fixed path dual: -10.268
best alpha: 0.08
0:0
1:-0.0470075
2:-0.458214
3:-0.870813
4:0.487148
5:-0.543658
6:-0.0575623
7:-0.294673
8:-0.526644
9:0.302957
10:-0.496664
11:0.0907836
12:0.365323
13:-0.283653
14:0.275129
15:-0.607301
16:-0.0433524
17:-0.318572
18:0.791271
19:-0.0836091
20:-0.169258
21:-0.23063
22:-0.261258
23:-0.219427
24:0.0413702
25:0.437929
26:-0.268124
27:-0.41924
28:0.64948
29:-0.324078
30:-0.143847
31:0.185973
32:-0.0151788
33:-0.14094
34:-0.218367
35:-0.870813
36:-0.870813
37:-0.020694
38:0.431802
39:-0.115076
40:0.500844
41:0.0659472
42:-0.233165
43:0.0892461
44:-0.527301
alpha: 1.66588
lagLB: 468.909
stepSizeMultiplier: 0.509317
targetLowerBound: 495.515
||gamma||^2: 7.21408
lambda: 0,6.27754,15.9,7.96486,9.5457,12.5942,7.08201,13.35,14.0844,8.77046,10.5281,8.53327,11.2037,19.1486,11.9812,9.99345,12.2598,4.99814,18.4325,10.5999,13.1848,10.6433,5.5655,11.6235,13.5029,17.4126,10.4575,6.18283,12.8969,6.99364,13.5419,11.9877,6.26008,22.377,16.7069,10.721,12.3054,5.30075,6.80993,16.7778,20.1256,14.3127,13.9632,16.9846,10.3629,
mu: 
srcDuals: 
lambda: 0,6.47417,16.7332,9.43691,8.91535,12.9405,7.17112,13.6824,15.0236,8.42528,10.3062,8.39272,10.6381,19.7116,11.5552,10.686,12.3269,5.3675,17.3313,10.8532,13.5707,11.1243,6.09384,11.8394,13.315,16.8584,10.9965,6.95575,12.0152,7.61923,13.7646,11.8237,6.40744,21.7282,17.045,12.193,13.7774,5.45665,6.26527,16.3367,19.4741,14.3345,14.4481,16.7226,11.0554,
mu: 
srcDuals: 
fixing. lower bound used: 469.296
percent fixed: 47.0701
updating best lambda arc fixing
fixing. lower bound used: 469.296
fixed path dual: -9.93719
best alpha: 0.1
0:0
1:0.0576933
2:-0.312392
3:-0.683732
4:0.138433
5:-0.389292
6:0.0481939
7:-0.165206
8:-0.37398
9:0.372661
10:-0.346998
11:0.181705
12:0.328791
13:-0.555287
14:0.147616
15:-0.446571
16:0.0609828
17:-0.286715
18:0.312144
19:-0.275248
20:-0.0523325
21:-0.107567
22:-0.135132
23:-0.0974846
24:0.137233
25:0.194136
26:-0.141312
27:-0.277316
28:0.684532
29:-0.19167
30:-0.0294621
31:0.267376
32:0.0863391
33:-0.026846
34:-0.0965301
35:-0.683732
36:-0.683732
37:-0.0186246
38:0.488622
39:-0.0035684
40:0.150759
41:-0.440647
42:-0.209849
43:0.180322
44:-0.474571
alpha: 2.62336
lagLB: 469.235
stepSizeMultiplier: 0.509317
targetLowerBound: 495.515
||gamma||^2: 4.58108
lambda: 0,6.39586,15.9699,7.98624,9.72688,12.0348,7.07523,13.1915,14.1463,8.92997,9.4788,8.54395,11.2467,19.2391,12.0135,9.67427,12.2547,4.8368,18.6495,10.7139,13.2887,10.74,5.65861,11.4738,13.3839,17.588,10.5498,6.25735,13.0972,7.07936,13.5249,12.1335,6.38215,21.4934,16.6812,10.7424,12.3268,5.42218,6.9846,16.145,20.3084,14.4444,14.0596,16.8712,10.177,
mu: 
srcDuals: 
lambda: 0,6.47417,16.7332,9.43691,8.91535,12.9405,7.17112,13.6824,15.0236,8.42528,10.3062,8.39272,10.6381,19.7116,11.5552,10.686,12.3269,5.3675,17.3313,10.8532,13.5707,11.1243,6.09384,11.8394,13.315,16.8584,10.9965,6.95575,12.0152,7.61923,13.7646,11.8237,6.40744,21.7282,17.045,12.193,13.7774,5.45665,6.26527,16.3367,19.4741,14.3345,14.4481,16.7226,11.0554,
mu: 
srcDuals: 
fixing. lower bound used: 467.156
percent fixed: 47.0764
updating best lambda arc fixing
fixing. lower bound used: 467.156
fixed path dual: -11.0883
best alpha: 0.1
0:0
1:-0.0480761
2:-0.281153
3:-0.515359
4:0.22459
5:-0.350363
6:0.0433745
7:-0.248685
8:-0.336582
9:0.135395
10:-0.212298
11:-0.136465
12:0.395912
13:-0.399759
14:0.132854
15:-0.301914
16:-0.245115
17:-0.158044
18:0.380929
19:-0.147723
20:0.0529008
21:-0.296811
22:-0.221619
23:-0.187736
24:0.0235098
25:0.274722
26:-0.12718
27:-0.249584
28:0.516079
29:-0.372503
30:-0.226516
31:0.140638
32:-0.322295
33:0.0758386
34:-0.286877
35:-0.515359
36:-0.515359
37:0.0832378
38:0.43976
39:0.0967884
40:0.235683
41:-0.296583
42:-0.088864
43:0.0622894
44:-0.327114
alpha: 3.47582
lagLB: 462.128
stepSizeMultiplier: 0.509317
targetLowerBound: 495.515
||gamma||^2: 3.45755
lambda: 0,6.62552,15.9137,7.64324,9.27851,11.9193,7.29755,13.249,14.0426,9.40291,9.39589,8.8694,11.5006,18.2549,11.9425,9.51444,12.4869,4.61534,18.1502,10.1311,13.4334,10.8421,5.73934,11.5836,13.675,17.3677,10.6258,6.22825,13.811,7.11642,13.6873,12.5251,6.63394,21.6578,16.7918,10.3994,11.9838,5.40779,7.5471,16.3273,19.8696,13.1785,13.8976,17.1956,9.81044,
mu: 
srcDuals: 
lambda: 0,6.47417,16.7332,9.43691,8.91535,12.9405,7.17112,13.6824,15.0236,8.42528,10.3062,8.39272,10.6381,19.7116,11.5552,10.686,12.3269,5.3675,17.3313,10.8532,13.5707,11.1243,6.09384,11.8394,13.315,16.8584,10.9965,6.95575,12.0152,7.61923,13.7646,11.8237,6.40744,21.7282,17.045,12.193,13.7774,5.45665,6.26527,16.3367,19.4741,14.3345,14.4481,16.7226,11.0554,
mu: 
srcDuals: 
fixing. lower bound used: 465.467
percent fixed: 47.0769
updating best lambda arc fixing
fixing. lower bound used: 465.467
fixed path dual: -9.66111
best alpha: 0.1
0:0
1:0.0567315
2:-0.153038
3:-0.363823
4:0.00213067
5:-0.215326
6:0.0390371
7:-0.123817
8:-0.202923
9:0.221856
10:-0.191068
11:-0.0228188
12:0.156321
13:-0.359783
14:-0.0804313
15:-0.371723
16:-0.120604
17:-0.142239
18:-0.157163
19:-0.032951
20:0.147611
21:-0.16713
22:-0.0994573
23:-0.0689625
24:0.121159
25:-0.15275
26:-0.0144624
27:-0.124626
28:0.564471
29:-0.235253
30:-0.103864
31:0.226575
32:-0.190065
33:-0.0317453
34:-0.158189
35:-0.363823
36:-0.363823
37:-0.025086
38:0.495784
39:-0.0128904
40:0.312115
41:-0.166924
42:0.0200224
43:0.15606
44:-0.194403
alpha: 5.93684
lagLB: 464.631
stepSizeMultiplier: 0.509317
targetLowerBound: 495.515
||gamma||^2: 2.02428
lambda: 0,6.30707,15.756,7.64562,9.69598,11.7227,7.32189,12.818,13.8537,8.89589,9.56828,7.91839,12.0142,18.3221,12.017,9.63656,11.475,4.81817,18.6554,10.3397,13.7545,10.0926,5.32353,11.1868,13.3967,17.8133,10.5544,6.08824,13.809,6.32448,12.9772,12.3125,5.2872,21.9918,16.0479,10.4017,11.9862,5.74597,7.7938,16.6731,20.2933,13.3036,14.1392,16.9391,9.91842,
mu: 
srcDuals: 
lambda: 0,6.47417,16.7332,9.43691,8.91535,12.9405,7.17112,13.6824,15.0236,8.42528,10.3062,8.39272,10.6381,19.7116,11.5552,10.686,12.3269,5.3675,17.3313,10.8532,13.5707,11.1243,6.09384,11.8394,13.315,16.8584,10.9965,6.95575,12.0152,7.61923,13.7646,11.8237,6.40744,21.7282,17.045,12.193,13.7774,5.45665,6.26527,16.3367,19.4741,14.3345,14.4481,16.7226,11.0554,
mu: 
srcDuals: 
fixing. lower bound used: 457.495
percent fixed: 47.0759
fixing. lower bound used: 465.467
fixed path dual: -15.001
best alpha: 0.02
0:0
1:-0.0844031
2:-0.129977
3:-0.356546
4:0.0220881
5:-0.19102
6:0.0582563
7:-0.10134
8:-0.278865
9:0.237419
10:-0.167247
11:-0.00236238
12:0.173194
13:-0.332587
14:-0.0588226
15:-0.344288
16:-0.0981918
17:-0.119395
18:-0.13402
19:-0.012292
20:0.164658
21:-0.143787
22:-0.217468
23:-0.0475833
24:0.138736
25:-0.129695
26:-0.154173
27:-0.122133
28:0.253182
29:-0.210548
30:-0.081787
31:-0.0779569
32:-0.206264
33:-0.0111104
34:-0.135026
35:-0.336546
36:-0.336546
37:-0.00458423
38:0.505868
39:0.0073674
40:0.325873
41:-0.143586
42:0.0396219
43:0.172939
44:-0.170515
alpha: 7.10033
lagLB: 437.397
stepSizeMultiplier: 0.509317
targetLowerBound: 495.515
||gamma||^2: 1.69257
lambda: 0,6.81098,15.8247,7.27695,8.928,11.6622,7.40288,12.9473,13.8189,9.7424,9.17185,8.25725,11.5662,17.5756,11.0777,8.4791,11.6109,4.52305,16.3983,10.6575,14.447,10.132,5.50338,11.43,14.0343,15.9516,10.9106,6.21587,15.3664,6.22258,13.1479,13.1688,5.27905,21.5397,16.1059,10.0331,11.6175,5.30772,9.20866,16.2601,21.3271,13.3435,14.5669,17.6491,9.90128,
mu: 
srcDuals: 
lambda: 0,6.47417,16.7332,9.43691,8.91535,12.9405,7.17112,13.6824,15.0236,8.42528,10.3062,8.39272,10.6381,19.7116,11.5552,10.686,12.3269,5.3675,17.3313,10.8532,13.5707,11.1243,6.09384,11.8394,13.315,16.8584,10.9965,6.95575,12.0152,7.61923,13.7646,11.8237,6.40744,21.7282,17.045,12.193,13.7774,5.45665,6.26527,16.3367,19.4741,14.3345,14.4481,16.7226,11.0554,
mu: 
srcDuals: 
fixing. lower bound used: 459.419
percent fixed: 47.0713
fixing. lower bound used: 465.467
fixed path dual: -12.2356
best alpha: 0.06
0:0
1:-0.0193389
2:-0.0621784
3:-0.275154
4:0.0807628
5:-0.239559
6:-0.0652391
7:-0.27526
8:-0.202133
9:-0.136826
10:-0.0972119
11:-0.0622206
12:0.102803
13:-0.252632
14:-0.0552933
15:-0.263631
16:-0.0323003
17:-0.0522308
18:-0.065979
19:0.0484455
20:0.214779
21:-0.0751598
22:-0.14442
23:-0.224728
24:-0.0495885
25:-0.0619134
26:-0.0849227
27:-0.0548053
28:0.297991
29:-0.137915
30:-0.25688
31:-0.0132795
32:-0.193888
33:0.0495563
34:-0.186924
35:-0.256354
36:-0.256354
37:0.0556908
38:0.175516
39:0.0669254
40:0.36632
41:-0.0749708
42:0.0972446
43:-0.0174371
44:-0.100284
alpha: 10.2517
lagLB: 445.839
stepSizeMultiplier: 0.509317
targetLowerBound: 495.515
||gamma||^2: 1.17227
lambda: 0,5.87488,15.8103,6.90531,9.07218,11.5842,7.58476,12.9629,13.0436,10.111,9.11868,8.37595,11.8678,17.3501,11.1375,8.2414,11.6297,4.51976,16.3797,10.7659,14.7398,10.1033,4.54974,11.5015,14.3,15.9375,9.90181,6.08856,13.8129,6.12428,13.1838,11.2701,4.94289,21.6493,16.0863,9.80344,11.3879,5.4241,9.8571,16.389,21.7879,13.315,14.7294,17.9505,9.8447,
mu: 
srcDuals: 
lambda: 0,6.47417,16.7332,9.43691,8.91535,12.9405,7.17112,13.6824,15.0236,8.42528,10.3062,8.39272,10.6381,19.7116,11.5552,10.686,12.3269,5.3675,17.3313,10.8532,13.5707,11.1243,6.09384,11.8394,13.315,16.8584,10.9965,6.95575,12.0152,7.61923,13.7646,11.8237,6.40744,21.7282,17.045,12.193,13.7774,5.45665,6.26527,16.3367,19.4741,14.3345,14.4481,16.7226,11.0554,
mu: 
srcDuals: 
fixing. lower bound used: 432.012
percent fixed: 47.07
fixing. lower bound used: 465.467
fixed path dual: -16.1339
best alpha: 0.02
0:0
1:0.00104788
2:-0.0409349
3:-0.249651
4:0.0191475
5:-0.214768
6:-0.0439343
7:-0.249755
8:-0.17809
9:-0.11409
10:-0.0752677
11:-0.0409762
12:0.0807466
13:-0.247579
14:-0.0341874
15:-0.238358
16:-0.0116543
17:-0.0911862
18:-0.0446594
19:-0.0525234
20:0.230483
21:-0.0536566
22:-0.121532
23:-0.200234
24:-0.0285967
25:-0.0406751
26:-0.0632243
27:-0.0337092
28:0.312031
29:-0.115156
30:-0.231742
31:0.0069861
32:-0.17001
33:0.0685651
34:-0.163186
35:-0.231227
36:-0.231227
37:0.034577
38:0.192006
39:0.0855869
40:-0.00100605
41:-0.233471
42:-0.0647003
43:0.0029116
44:-0.138278
alpha: 12.7971
lagLB: 417.91
stepSizeMultiplier: 0.509317
targetLowerBound: 495.515
||gamma||^2: 0.939108
lambda: 0,6.27591,16.0958,6.61612,9.74331,10.4846,6.50231,10.8605,12.9514,7.02258,9.3096,7.75485,11.692,17.1217,10.9884,7.98329,11.9958,4.83205,16.6549,11.3498,15.7725,10.3537,4.61329,9.53554,12.8066,16.2237,10.1259,6.3939,15.0701,6.20537,11.1311,11.6875,4.41975,22.2363,15.1287,9.56496,11.1494,6.02758,8.06461,17.0228,23.2295,13.5659,15.445,16.5438,10.0273,
mu: 
srcDuals: 
lambda: 0,6.47417,16.7332,9.43691,8.91535,12.9405,7.17112,13.6824,15.0236,8.42528,10.3062,8.39272,10.6381,19.7116,11.5552,10.686,12.3269,5.3675,17.3313,10.8532,13.5707,11.1243,6.09384,11.8394,13.315,16.8584,10.9965,6.95575,12.0152,7.61923,13.7646,11.8237,6.40744,21.7282,17.045,12.193,13.7774,5.45665,6.26527,16.3367,19.4741,14.3345,14.4481,16.7226,11.0554,
mu: 
srcDuals: 
fixing. lower bound used: 434.273
percent fixed: 47.0664
fixing. lower bound used: 465.467
fixed path dual: -8.64551
best alpha: 0.01
0:0
1:-0.0589626
2:-0.0305255
3:-0.247154
4:0.028956
5:-0.22262
6:-0.0334949
7:-0.237257
8:-0.20631
9:-0.102949
10:-0.064515
11:-0.0305665
12:0.0699391
13:-0.235104
14:-0.0238455
15:-0.225975
16:-0.0115378
17:-0.0802744
18:-0.0342128
19:-0.0419982
20:0.238179
21:-0.04312
22:-0.150316
23:-0.188231
24:-0.0183107
25:-0.0302683
26:-0.112592
27:-0.0333721
28:0.18891
29:-0.104005
30:-0.219425
31:-0.113084
32:-0.17831
33:0.0778795
34:-0.151554
35:-0.218914
36:-0.218914
37:0.0442312
38:0.180086
39:0.094731
40:0.00900401
41:-0.221137
42:-0.0540533
43:0.0128825
44:-0.126895
alpha: 13.9713
lagLB: 445.379
stepSizeMultiplier: 0.509317
targetLowerBound: 495.515
||gamma||^2: 0.860178
lambda: 0,6.48758,16.2094,6.24212,9.16038,10.1921,6.60889,10.4863,12.7446,6.96527,9.34298,7.86834,11.6714,16.5433,11.1177,7.63567,12.1778,4.20058,16.7598,10.181,16.5202,10.4376,4.53859,9.27698,12.949,16.3379,10.1874,6.52437,16.0083,6.14557,10.7989,11.9131,4.2318,22.6056,14.9567,9.23401,10.8184,5.89913,8.72238,17.4319,19.4612,11.3468,13.6201,16.7598,9.28586,
mu: 
srcDuals: 
lambda: 0,6.47417,16.7332,9.43691,8.91535,12.9405,7.17112,13.6824,15.0236,8.42528,10.3062,8.39272,10.6381,19.7116,11.5552,10.686,12.3269,5.3675,17.3313,10.8532,13.5707,11.1243,6.09384,11.8394,13.315,16.8584,10.9965,6.95575,12.0152,7.61923,13.7646,11.8237,6.40744,21.7282,17.045,12.193,13.7774,5.45665,6.26527,16.3367,19.4741,14.3345,14.4481,16.7226,11.0554,
mu: 
srcDuals: 
fixing. lower bound used: 407.937
percent fixed: 47.0649
fixing. lower bound used: 465.467
fixed path dual: -6.23241
best alpha: 0.02
0:0
1:-0.0377833
2:-0.029915
3:-0.222211
4:0.0283769
5:-0.238167
6:-0.012825
7:-0.212512
8:-0.182183
9:-0.08089
10:-0.163225
11:-0.0299551
12:-0.0114597
13:-0.210401
14:-0.00336863
15:-0.321455
16:-0.031307
17:-0.118669
18:-0.0135286
19:-0.0211582
20:0.253415
21:-0.0222576
22:-0.12731
23:-0.164467
24:0.00205549
25:-0.00966298
26:-0.0903402
27:-0.0127046
28:0.205132
29:-0.0819248
30:-0.195036
31:-0.0908221
32:-0.154744
33:-0.0636781
34:-0.128523
35:-0.194536
36:-0.194536
37:-0.0566534
38:0.156484
39:-0.0271636
40:0.0288239
41:-0.196714
42:-0.0329722
43:0.0326248
44:-0.104357
alpha: 15.0609
lagLB: 452.37
stepSizeMultiplier: 0.509317
targetLowerBound: 495.515
||gamma||^2: 0.797949
lambda: 0,5.65039,16.3067,5.98384,9.3199,9.83022,6.70316,10.3676,12.1412,6.98695,9.40483,7.96567,11.6153,16.4269,11.2221,7.52879,12.1657,4.24596,16.8533,10.2664,16.8983,10.5218,3.99372,9.20955,13.0591,16.4355,9.42343,6.4895,14.6545,6.16615,10.6989,10.2437,3.91621,22.8163,14.9276,9.13451,10.7189,6.07462,8.78131,17.6602,19.5999,11.2449,13.6929,16.9025,9.28252,
mu: 
srcDuals: 
lambda: 0,6.47417,16.7332,9.43691,8.91535,12.9405,7.17112,13.6824,15.0236,8.42528,10.3062,8.39272,10.6381,19.7116,11.5552,10.686,12.3269,5.3675,17.3313,10.8532,13.5707,11.1243,6.09384,11.8394,13.315,16.8584,10.9965,6.95575,12.0152,7.61923,13.7646,11.8237,6.40744,21.7282,17.045,12.193,13.7774,5.45665,6.26527,16.3367,19.4741,14.3345,14.4481,16.7226,11.0554,
mu: 
srcDuals: 
fixing. lower bound used: 440.304
percent fixed: 47.063
fixing. lower bound used: 465.467
fixed path dual: -4.5309
best alpha: 0.04
0:0
1:0.00372799
2:-0.0687184
3:-0.173323
4:-0.0527582
5:-0.188641
6:-0.052312
7:-0.164012
8:-0.134896
9:-0.0376544
10:-0.116696
11:-0.0687569
12:-0.0510013
13:-0.161985
14:-0.163234
15:-0.268597
16:-0.110055
17:-0.0739221
18:-0.172987
19:0.0196881
20:0.283278
21:0.0186327
22:-0.0822176
23:-0.117888
24:0.0419733
25:-0.169276
26:-0.0467266
27:0.0278035
28:0.236927
29:-0.0386478
30:-0.147235
31:-0.0471892
32:-0.108554
33:-0.021131
34:-0.0833817
35:-0.146755
36:-0.146755
37:-0.0143873
38:0.190225
39:0.0139229
40:0.067671
41:-0.148845
42:0.00834668
43:0.0713198
44:-0.0601832
alpha: 18.0238
lagLB: 456.606
stepSizeMultiplier: 0.509317
targetLowerBound: 495.515
||gamma||^2: 0.666773
lambda: 0,5.90512,16.2827,6.09022,9.34273,9.3535,6.97797,10.4818,12.2798,7.207,7.84788,7.94157,10.4655,16.5428,11.5045,5.84455,11.8554,3.58024,17.1276,10.5345,17.3873,10.789,4.17644,9.36237,13.3459,16.7129,9.63588,6.76441,15.1047,6.38537,10.8271,10.4558,4.07685,20.7692,15.1094,9.26314,10.8476,4.6034,8.62206,15.9276,19.9082,11.3718,13.9515,17.2139,9.4837,
mu: 
srcDuals: 
lambda: 0,6.47417,16.7332,9.43691,8.91535,12.9405,7.17112,13.6824,15.0236,8.42528,10.3062,8.39272,10.6381,19.7116,11.5552,10.686,12.3269,5.3675,17.3313,10.8532,13.5707,11.1243,6.09384,11.8394,13.315,16.8584,10.9965,6.95575,12.0152,7.61923,13.7646,11.8237,6.40744,21.7282,17.045,12.193,13.7774,5.45665,6.26527,16.3367,19.4741,14.3345,14.4481,16.7226,11.0554,
mu: 
srcDuals: 
fixing. lower bound used: 448.099
percent fixed: 47.0619
fixing. lower bound used: 465.467
fixed path dual: -7.53487
best alpha: 0.01
0:0
1:-0.0463093
2:-0.0580312
3:-0.171589
4:-0.0422306
5:-0.176754
6:-0.0417889
7:-0.152371
8:-0.183547
9:-0.0272779
10:-0.105529
11:-0.0580694
12:-0.0404913
13:-0.150366
14:-0.151602
15:-0.255911
16:-0.0989542
17:-0.0631829
18:-0.161258
19:0.0294912
20:0.290446
21:0.0284464
22:-0.131395
23:-0.106709
24:0.0515535
25:-0.157584
26:-0.106259
27:-0.0124745
28:0.104558
29:-0.0282613
30:-0.135762
31:-0.176717
32:-0.117469
33:-0.0109197
34:-0.0725479
35:-0.135287
36:-0.135287
37:-0.00424338
38:0.198322
39:0.0237837
40:0.0769943
41:-0.137357
42:0.0182632
43:0.0806066
44:-0.0495813
alpha: 18.8013
lagLB: 445.266
stepSizeMultiplier: 0.509317
targetLowerBound: 495.515
||gamma||^2: 0.639201
lambda: 0,6.54136,15.4946,6.31297,7.96444,9.54048,6.22826,10.7263,12.5923,7.7466,8.20288,7.15346,9.71887,16.792,8.61311,5.84481,10.3433,4.03514,14.2134,11.208,18.6764,11.4601,4.61196,9.71459,14.0715,13.8074,10.1543,7.45688,16.2855,6.92265,11.1108,10.9731,4.45087,21.3474,15.5422,9.54795,11.1324,5.19734,9.69385,16.5876,20.6938,11.6517,14.5985,18.008,9.97068,
mu: 
srcDuals: 
lambda: 0,6.47417,16.7332,9.43691,8.91535,12.9405,7.17112,13.6824,15.0236,8.42528,10.3062,8.39272,10.6381,19.7116,11.5552,10.686,12.3269,5.3675,17.3313,10.8532,13.5707,11.1243,6.09384,11.8394,13.315,16.8584,10.9965,6.95575,12.0152,7.61923,13.7646,11.8237,6.40744,21.7282,17.045,12.193,13.7774,5.45665,6.26527,16.3367,19.4741,14.3345,14.4481,16.7226,11.0554,
mu: 
srcDuals: 
fixing. lower bound used: 456.332
percent fixed: 47.0604
fixing. lower bound used: 465.467
fixed path dual: -4.96574
best alpha: 0.03
0:0
1:-0.01492
2:-0.0862903
3:-0.136442
4:-0.0109637
5:-0.201452
6:-0.0705353
7:-0.1778
8:-0.148041
9:-0.0864595
10:-0.0723629
11:-0.0263273
12:-0.0692765
13:-0.115855
14:-0.117054
15:-0.218234
16:-0.0959856
17:-0.0312874
18:-0.12642
19:0.0286065
20:0.311732
21:-0.062407
22:-0.0974536
23:-0.103508
24:-0.00999307
25:-0.122856
26:-0.0730715
27:0.0178997
28:0.131421
29:-0.0874135
30:-0.19169
31:-0.141416
32:-0.143945
33:0.0194079
34:-0.160371
35:-0.101228
36:-0.101228
37:-0.0341161
38:0.102373
39:0.0530702
40:0.0746844
41:-0.103236
42:-0.0122847
43:0.0181884
44:-0.0780939
alpha: 20.9437
lagLB: 453.468
stepSizeMultiplier: 0.509317
targetLowerBound: 495.515
||gamma||^2: 0.573817
lambda: 0,5.6035,15.6422,6.21081,8.12136,9.6173,6.38544,10.8176,11.5727,7.91242,8.32211,7.30094,9.87682,16.8845,8.7049,5.87449,10.4665,4.17958,14.2995,11.4076,19.0314,11.6591,3.62343,9.83311,14.2842,13.8956,8.99867,6.72121,13.981,7.08788,11.212,8.50114,4.19887,21.5229,15.681,9.64945,11.2339,5.37687,9.994,16.7838,20.9217,11.752,14.7914,18.2381,10.1232,
mu: 
srcDuals: 
lambda: 0,6.47417,16.7332,9.43691,8.91535,12.9405,7.17112,13.6824,15.0236,8.42528,10.3062,8.39272,10.6381,19.7116,11.5552,10.686,12.3269,5.3675,17.3313,10.8532,13.5707,11.1243,6.09384,11.8394,13.315,16.8584,10.9965,6.95575,12.0152,7.61923,13.7646,11.8237,6.40744,21.7282,17.045,12.193,13.7774,5.45665,6.26527,16.3367,19.4741,14.3345,14.4481,16.7226,11.0554,
mu: 
srcDuals: 
fixing. lower bound used: 440.622
percent fixed: 47.0597
fixing. lower bound used: 465.467
fixed path dual: -2.40792
best alpha: 0.02
0:0
1:-0.0346216
2:-0.144564
3:-0.113713
4:-0.0707444
5:-0.177423
6:-0.0491245
7:-0.154244
8:-0.12508
9:-0.0647303
10:-0.0509156
11:-0.00580073
12:-0.067891
13:-0.153537
14:-0.0947124
15:-0.193869
16:-0.0740658
17:-0.0306617
18:-0.103891
19:-0.0519656
20:0.245498
21:-0.0411589
22:-0.0755045
23:-0.0814378
24:0.0102068
25:-0.100399
26:-0.0516101
27:0.0175417
28:0.148793
29:-0.0656652
30:-0.167856
31:-0.118587
32:-0.121066
33:0.0390198
34:-0.137164
35:-0.119204
36:-0.0792038
37:-0.0334338
38:0.120325
39:0.0720088
40:-0.0868093
41:-0.161172
42:-0.072039
43:0.0378247
44:-0.096532
alpha: 24.196
lagLB: 459.178
stepSizeMultiplier: 0.509317
targetLowerBound: 495.515
||gamma||^2: 0.496685
lambda: 0,6.16169,14.926,6.57933,8.68573,8.72138,5.69386,9.95862,11.9231,6.6145,8.79064,7.84133,9.18721,17.2852,9.10368,6.11535,10.3166,4.71223,14.6836,11.4523,20.0995,9.81722,4.0528,9.67155,13.1057,14.2854,9.4661,7.33064,14.7676,5.78848,9.74988,8.8619,3.39271,22.1347,13.6863,10.0729,11.6574,4.74213,8.40933,17.4481,21.0382,12.1724,14.1908,17.1035,9.41984,
mu: 
srcDuals: 
lambda: 0,6.47417,16.7332,9.43691,8.91535,12.9405,7.17112,13.6824,15.0236,8.42528,10.3062,8.39272,10.6381,19.7116,11.5552,10.686,12.3269,5.3675,17.3313,10.8532,13.5707,11.1243,6.09384,11.8394,13.315,16.8584,10.9965,6.95575,12.0152,7.61923,13.7646,11.8237,6.40744,21.7282,17.045,12.193,13.7774,5.45665,6.26527,16.3367,19.4741,14.3345,14.4481,16.7226,11.0554,
mu: 
srcDuals: 
fixing. lower bound used: 446.389
percent fixed: 47.0578
fixing. lower bound used: 465.467
fixed path dual: -3.09295
best alpha: 0.01
0:0
1:-0.0342754
2:-0.133119
3:-0.112576
4:-0.0600369
5:-0.175648
6:-0.0386333
7:-0.142702
8:-0.133829
9:-0.054083
10:-0.110406
11:-0.00574272
12:-0.0572121
13:-0.142002
14:-0.0837653
15:-0.19193
16:-0.0633252
17:-0.030355
18:-0.0928525
19:-0.041446
20:0.253043
21:-0.0307473
22:-0.0647495
23:-0.0706234
24:0.0201047
25:-0.0893951
26:-0.041094
27:0.00736633
28:0.137305
29:-0.0550086
30:-0.156177
31:-0.127402
32:-0.109855
33:-0.0613704
34:-0.125792
35:-0.108012
36:-0.0684118
37:-0.0230994
38:0.089122
39:-0.0587113
40:-0.0759412
41:-0.14956
42:-0.0613186
43:0.0474464
44:-0.0855667
alpha: 26.6061
lagLB: 446.902
stepSizeMultiplier: 0.509317
targetLowerBound: 495.515
||gamma||^2: 0.451694
lambda: 0,5.63647,13.2353,6.68551,7.20361,8.64758,5.9825,9.9503,11.9972,6.85906,9.07423,8.25236,8.99542,15.9966,9.26354,5.99509,10.5348,4.62561,14.8176,9.5958,19.5107,10.1284,4.26693,9.86892,13.5619,14.4292,9.74773,7.38019,15.6154,6.0304,9.70312,8.95431,3.47812,22.6723,13.7262,9.30877,11.861,4.64768,9.17667,18.079,17.3736,10.4348,12.705,17.6378,8.71972,
mu: 
srcDuals: 
lambda: 0,6.47417,16.7332,9.43691,8.91535,12.9405,7.17112,13.6824,15.0236,8.42528,10.3062,8.39272,10.6381,19.7116,11.5552,10.686,12.3269,5.3675,17.3313,10.8532,13.5707,11.1243,6.09384,11.8394,13.315,16.8584,10.9965,6.95575,12.0152,7.61923,13.7646,11.8237,6.40744,21.7282,17.045,12.193,13.7774,5.45665,6.26527,16.3367,19.4741,14.3345,14.4481,16.7226,11.0554,
mu: 
srcDuals: 
fixing. lower bound used: 449.298
percent fixed: 47.0545
fixing. lower bound used: 465.467
fixed path dual: -0.539031
best alpha: 0.02
0:0
1:-0.0335899
2:-0.130456
3:-0.110324
4:-0.0388362
5:-0.152136
6:-0.0578606
7:-0.139848
8:-0.131152
9:-0.0330014
10:-0.0881983
11:-0.0656279
12:-0.0360678
13:-0.119162
14:-0.06209
15:-0.168092
16:-0.162059
17:-0.00974795
18:-0.0709954
19:-0.0206171
20:0.127982
21:-0.0501324
22:-0.0434545
23:-0.109211
24:-0.000297372
25:-0.0676072
26:-0.0202721
27:0.007219
28:0.134559
29:-0.153908
30:-0.133054
31:-0.124854
32:-0.0876581
33:-0.040143
34:-0.103277
35:-0.145852
36:-0.0470436
37:-0.00263743
38:0.0873396
39:-0.0375371
40:-0.0544223
41:-0.126569
42:-0.0400922
43:0.0064975
44:-0.0638554
alpha: 31.8172
lagLB: 452.331
stepSizeMultiplier: 0.509317
targetLowerBound: 495.515
||gamma||^2: 0.377715
lambda: 0,5.56224,13.1914,6.44171,7.318,8.26719,6.14324,9.88567,11.463,6.98634,7.3687,8.23993,9.11592,15.9335,9.32654,5.57944,10.6421,4.55987,14.8609,9.75044,20.3031,10.3062,4.37111,9.96037,13.8499,14.48,9.90313,7.15174,15.6683,6.15567,9.6093,8.434,3.48462,20.0954,13.6982,9.31926,11.9573,4.84206,8.63646,14.7746,17.4536,10.3553,12.8166,17.9849,8.77882,
mu: 
srcDuals: 
lambda: 0,6.47417,16.7332,9.43691,8.91535,12.9405,7.17112,13.6824,15.0236,8.42528,10.3062,8.39272,10.6381,19.7116,11.5552,10.686,12.3269,5.3675,17.3313,10.8532,13.5707,11.1243,6.09384,11.8394,13.315,16.8584,10.9965,6.95575,12.0152,7.61923,13.7646,11.8237,6.40744,21.7282,17.045,12.193,13.7774,5.45665,6.26527,16.3367,19.4741,14.3345,14.4481,16.7226,11.0554,
mu: 
srcDuals: 
fixing. lower bound used: 439.561
percent fixed: 47.0531
fixing. lower bound used: 465.467
fixed path dual: 3.55281
best alpha: 0.02
0:0
1:-0.0729181
2:-0.107847
3:-0.108118
4:-0.0380595
5:-0.129093
6:-0.0367034
7:-0.117051
8:-0.148529
9:-0.0123414
10:-0.0664344
11:-0.0443153
12:-0.0753465
13:-0.116779
14:-0.0608482
15:-0.14473
16:-0.138818
17:-0.049553
18:-0.109576
19:-0.0402047
20:0.145422
21:-0.0291297
22:-0.0825854
23:-0.0870267
24:0.0197086
25:-0.066255
26:-0.0598667
27:-0.0329254
28:0.0518674
29:-0.13083
30:-0.110393
31:-0.182357
32:-0.0659049
33:-0.0193402
34:-0.081211
35:-0.122935
36:-0.0261027
37:-0.0225847
38:0.105593
39:-0.0167864
40:-0.0333339
41:-0.124037
42:-0.0792904
43:0.0263676
44:-0.0825783
alpha: 34.3236
lagLB: 458.472
stepSizeMultiplier: 0.509317
targetLowerBound: 495.515
||gamma||^2: 0.350132
lambda: 0,5.40543,12.5825,5.92671,7.67969,8.09998,5.33016,9.23284,10.8507,7.37527,7.49996,6.30462,9.49053,15.9202,9.57968,5.33775,7.17068,5.05735,15.0724,10.1972,17.6427,9.52918,4.71124,8.3646,13.3055,14.7073,10.3515,7.18544,16.2965,2.7223,9.53117,7.85117,3.6184,20.451,13.759,7.55244,12.2807,5.37273,9.04417,15.1423,17.7425,10.3074,13.1724,16.9293,9.02372,
mu: 
srcDuals: 
lambda: 0,6.47417,16.7332,9.43691,8.91535,12.9405,7.17112,13.6824,15.0236,8.42528,10.3062,8.39272,10.6381,19.7116,11.5552,10.686,12.3269,5.3675,17.3313,10.8532,13.5707,11.1243,6.09384,11.8394,13.315,16.8584,10.9965,6.95575,12.0152,7.61923,13.7646,11.8237,6.40744,21.7282,17.045,12.193,13.7774,5.45665,6.26527,16.3367,19.4741,14.3345,14.4481,16.7226,11.0554,
mu: 
srcDuals: 
fixing. lower bound used: 438.013
percent fixed: 47.0509
fixing. lower bound used: 465.467
fixed path dual: 2.74842
best alpha: 0.01
0:0
1:-0.0621889
2:-0.0967689
3:-0.0970365
4:-0.0276789
5:-0.117802
6:-0.0463364
7:-0.12588
8:-0.137044
9:-0.0822179
10:-0.05577
11:-0.103872
12:-0.074593
13:-0.105611
14:-0.0502397
15:-0.133283
16:-0.127429
17:-0.0390575
18:-0.0984798
19:-0.0298027
20:0.153968
21:-0.0188384
22:-0.0717595
23:-0.0861564
24:-0.00048851
25:-0.0555925
26:-0.049268
27:-0.0225961
28:0.0613487
29:-0.119522
30:-0.139289
31:-0.170533
32:-0.0752459
33:-0.00914676
34:-0.110399
35:-0.111705
36:-0.0158417
37:-0.0123588
38:0.0245369
39:-0.00661849
40:-0.0230006
41:-0.112797
42:-0.0684975
43:0.00610388
44:-0.0717525
alpha: 24.4909
lagLB: 447.444
stepSizeMultiplier: 0.336149
targetLowerBound: 495.515
||gamma||^2: 0.323866
lambda: 0,3.97136,13.0315,5.72592,7.60901,8.50958,5.91133,9.66479,9.92558,8.00168,8.02592,6.87166,8.05194,15.7033,9.46668,5.7183,7.56221,3.66666,13.5703,9.47319,18.5621,10.1244,3.25921,8.85231,13.9914,14.5843,8.94164,5.82563,13.7955,3.12866,9.97549,5.56452,4.14534,21.0644,14.2576,7.97347,12.8815,4.68146,9.8896,15.7605,18.3299,10.0771,11.7265,17.6276,8.22103,
mu: 
srcDuals: 
lambda: 0,6.47417,16.7332,9.43691,8.91535,12.9405,7.17112,13.6824,15.0236,8.42528,10.3062,8.39272,10.6381,19.7116,11.5552,10.686,12.3269,5.3675,17.3313,10.8532,13.5707,11.1243,6.09384,11.8394,13.315,16.8584,10.9965,6.95575,12.0152,7.61923,13.7646,11.8237,6.40744,21.7282,17.045,12.193,13.7774,5.45665,6.26527,16.3367,19.4741,14.3345,14.4481,16.7226,11.0554,
mu: 
srcDuals: 
fixing. lower bound used: 449.841
percent fixed: 47.0497
fixing. lower bound used: 465.467
fixed path dual: 2.53415
STATS - lpIterations[3] lagIterations[116] sspIterations[580] numSeparations[184] numCuts[0] compileTime[6] sspSolveTime[137] lpSolveTime[0] lb[473.332] ub[510] numArcs: [437395] numFixed: [208225] time: [770]
STATS1 - lpIterations[3] lagIterations[116] sspIterations[580] numSeparations[184] numCuts[0] compileTime[6] sspSolveTime[137] lpSolveTime[0] repairTime[21] cutsTime[0] lb[473.332] ub[510] numArcs: [437395] numFixed: [208225] time: [770]
lambda: 0,4.95111,14.3633,7.0604,8.23747,10.0554,6.0363,10.5995,11.6673,6.41169,8.94033,5.8488,8.81126,17.1251,10.3248,7.42175,9.20608,4.41095,14.9195,10.1233,17.3415,10.6629,4.33638,9.72934,13.303,15.4969,9.78987,6.40235,13.5177,4.69204,10.3533,7.64716,4.5646,21.5042,14.3413,9.45727,13.3895,5.15397,6.8662,16.1746,18.9108,11.572,12.7705,16.872,9.29813,
mu: 
srcDuals: 
best alpha: 0.01
0:0
1:-0.051567
2:-0.0858012
3:-0.0860661
4:-0.0174021
5:-0.116624
6:-0.055873
7:-0.134622
8:-0.125674
9:-0.0713958
10:-0.0552123
11:-0.0928334
12:-0.0738471
13:-0.104555
14:-0.0897373
15:-0.13195
16:-0.116155
17:-0.0386669
18:-0.097495
19:-0.0295046
20:0.162428
21:-0.00865003
22:-0.0610419
23:-0.125295
24:-0.0504836
25:-0.0850365
26:-0.0387753
27:-0.0123702
28:0.0707352
29:-0.108327
30:-0.127896
31:-0.158828
32:-0.0644934
33:-0.0190553
34:-0.0992949
35:-0.100588
36:-0.00568324
37:-0.0222352
38:0.0342915
39:-0.0065523
40:-0.0127705
41:-0.111669
42:-0.0678125
43:-0.00395716
44:-0.0810349
alpha: 25.0137
lagLB: 473.332
stepSizeMultiplier: 0.336149
targetLowerBound: 496.999
||gamma||^2: 0.318046
lambda: 0,4.95111,14.3633,7.0604,8.23747,10.0554,6.0363,10.5995,11.6673,6.41169,8.94033,5.8488,8.81126,17.1251,10.3248,7.42175,9.20608,4.41095,14.9195,10.1233,17.3415,10.6629,4.33638,9.72934,13.303,15.4969,9.78987,6.40235,13.5177,4.69204,10.3533,7.64716,4.5646,21.5042,14.3413,9.45727,13.3895,5.15397,6.8662,16.1746,18.9108,11.572,12.7705,16.872,9.29813,
mu: 
srcDuals: 
lambda: 0,4.95111,14.3633,7.0604,8.23747,10.0554,6.0363,10.5995,11.6673,6.41169,8.94033,5.8488,8.81126,17.1251,10.3248,7.42175,9.20608,4.41095,14.9195,10.1233,17.3415,10.6629,4.33638,9.72934,13.303,15.4969,9.78987,6.40235,13.5177,4.69204,10.3533,7.64716,4.5646,21.5042,14.3413,9.45727,13.3895,5.15397,6.8662,16.1746,18.9108,11.572,12.7705,16.872,9.29813,
mu: 
srcDuals: 
STATS - lpIterations[3] lagIterations[116] sspIterations[580] numSeparations[184] numCuts[0] compileTime[6] sspSolveTime[137] lpSolveTime[0] lb[473.729] ub[510] numArcs: [437395] numFixed: [208225] time: [770]
STATS1 - lpIterations[3] lagIterations[116] sspIterations[580] numSeparations[184] numCuts[0] compileTime[6] sspSolveTime[137] lpSolveTime[0] repairTime[22] cutsTime[0] lb[473.729] ub[510] numArcs: [437395] numFixed: [208225] time: [770]
lambda: 0,4.95111,14.3633,7.0604,8.23747,9.98741,6.03579,10.599,11.6673,6.41169,8.8723,5.8488,8.74323,17.1199,10.2977,7.35372,9.20608,4.41095,14.8929,10.1233,17.3415,10.6629,4.33638,9.70744,13.2811,15.4703,9.78987,6.40235,13.5177,4.69204,10.3533,7.64716,4.5646,21.4362,14.3413,9.45727,13.3895,5.08594,6.8662,16.1065,18.9108,11.572,12.7705,16.8715,9.2301,
mu: 
srcDuals: 
fixing. lower bound used: 473.729
percent fixed: 55.0073
updating best lambda arc fixing
fixing. lower bound used: 473.729
fixed path dual: 6.2543
best alpha: 0.02
0:0
1:-0.0505357
2:-0.204085
3:-0.0843448
4:0.00294595
5:-0.0942914
6:-0.0347556
7:-0.111929
8:-0.10316
9:-0.0499678
10:-0.0341081
11:-0.0709768
12:-0.0523701
13:-0.0824638
14:-0.0679426
15:-0.109311
16:-0.0938319
17:-0.0178935
18:-0.0755451
19:-0.00891455
20:-0.0608203
21:0.011523
22:-0.0598211
23:-0.102789
24:-0.029474
25:-0.0633358
26:-0.0179998
27:-0.0121228
28:0.0693205
29:-0.0861602
30:-0.105338
31:-0.135651
32:-0.0832035
33:0.00132581
34:-0.077309
35:-0.178576
36:-0.0655696
37:-0.00179054
38:0.0536057
39:0.0135787
40:0.00748486
41:-0.0894355
42:-0.0464563
43:0.016122
44:-0.0594142
alpha: 29.987
lagLB: 424.912
stepSizeMultiplier: 0.336149
targetLowerBound: 497.415
||gamma||^2: 0.265521
lambda: 0,3.66123,12.2171,4.90757,7.80218,7.13825,4.63871,7.23211,8.52376,4.62582,7.55927,3.52669,6.96407,14.5098,8.08013,4.1212,6.30061,3.44375,12.4807,9.38525,21.4044,10.4465,2.8095,6.59525,12.0402,13.3698,8.81995,6.09293,15.287,1.98239,7.15411,3.6743,2.95138,21.0276,11.8575,6.94119,13.2473,4.59779,7.72396,16.0107,18.5913,8.77876,11.0743,16.7731,7.27115,
mu: 
srcDuals: 
lambda: 0,4.95111,14.3633,7.0604,8.23747,9.98741,6.03579,10.599,11.6673,6.41169,8.8723,5.8488,8.74323,17.1199,10.2977,7.35372,9.20608,4.41095,14.8929,10.1233,17.3415,10.6629,4.33638,9.70744,13.2811,15.4703,9.78987,6.40235,13.5177,4.69204,10.3533,7.64716,4.5646,21.4362,14.3413,9.45727,13.3895,5.08594,6.8662,16.1065,18.9108,11.572,12.7705,16.8715,9.2301,
mu: 
srcDuals: 
fixing. lower bound used: 406.311
percent fixed: 55.0343
updating best lambda arc fixing
fixing. lower bound used: 406.311
fixed path dual: 9.44749
best alpha: 0.01
0:0
1:-0.0400303
2:-0.192044
3:-0.0735013
4:0.0129165
5:-0.103348
6:-0.024408
7:-0.10081
8:-0.0921286
9:-0.0394682
10:-0.063767
11:-0.060267
12:-0.0518464
13:-0.0716392
14:-0.0572632
15:-0.0982177
16:-0.0828936
17:-0.0177146
18:-0.0647896
19:0.0011746
20:-0.0502121
21:0.0214077
22:-0.0492229
23:-0.0917611
24:-0.0191792
25:-0.0527025
26:-0.00781983
27:-0.0120015
28:0.0786273
29:-0.0752986
30:-0.0942845
31:-0.124295
32:-0.0723715
33:-0.0786874
34:-0.066536
35:-0.166791
36:-0.0549139
37:-0.0117726
38:0.0530696
39:-0.076557
40:0.01741
41:-0.0785411
42:-0.0359917
43:0.0259608
44:-0.0488201
alpha: 33.8727
lagLB: 433.882
stepSizeMultiplier: 0.336149
targetLowerBound: 497.415
||gamma||^2: 0.235062
lambda: 0,3.4357,8.24336,4.53115,8.32581,7.15989,4.99358,7.24256,8.57385,4.9133,7.8495,3.72042,7.1728,14.647,8.26029,4.07581,6.39234,3.87438,12.6275,9.85594,15.5177,11.0084,2.54253,6.6251,12.3973,13.5711,9.25011,6.03883,15.5964,2.10835,7.19449,3.57939,2.06958,21.4759,12.023,4.1023,11.4232,5.03224,8.47367,16.5137,19.1352,8.8901,11.3774,17.355,7.44845,
mu: 
srcDuals: 
lambda: 0,4.95111,14.3633,7.0604,8.23747,9.98741,6.03579,10.599,11.6673,6.41169,8.8723,5.8488,8.74323,17.1199,10.2977,7.35372,9.20608,4.41095,14.8929,10.1233,17.3415,10.6629,4.33638,9.70744,13.2811,15.4703,9.78987,6.40235,13.5177,4.69204,10.3533,7.64716,4.5646,21.4362,14.3413,9.45727,13.3895,5.08594,6.8662,16.1065,18.9108,11.572,12.7705,16.8715,9.2301,
mu: 
srcDuals: 
fixing. lower bound used: 417.916
percent fixed: 55.0333
fixing. lower bound used: 406.311
fixed path dual: 10.834
best alpha: 0.03
0:0
1:-0.00882941
2:-0.156283
3:-0.0412963
4:-0.017471
5:-0.070248
6:-0.0236758
7:-0.0677855
8:-0.0593647
9:-0.00828412
10:-0.031854
11:-0.028459
12:-0.080291
13:-0.06949
14:-0.115545
15:-0.0652712
16:-0.0504068
17:0.0128168
18:-0.152846
19:0.0311394
20:-0.0187058
21:0.0507655
22:-0.0177462
23:-0.0590083
24:0.0113962
25:-0.141121
26:0.0224148
27:-0.0116415
28:0.106268
29:-0.0430396
30:-0.061456
31:-0.0905657
32:-0.0402004
33:-0.0463268
34:-0.0345399
35:-0.131787
36:-0.0232665
37:0.0185805
38:0.0814775
39:-0.0442603
40:0.0468877
41:-0.0461849
42:-0.00491194
43:0.0551819
44:-0.0173555
alpha: 41.9096
lagLB: 436.543
stepSizeMultiplier: 0.336149
targetLowerBound: 497.415
||gamma||^2: 0.189984
lambda: 0,3.59517,7.8582,4.57071,8.67499,6.48671,5.20903,7.18427,8.54667,5.0748,6.71234,3.80739,6.98705,14.6933,8.35803,4.02681,6.39825,3.81091,12.6983,10.1631,15.6407,11.388,2.66907,6.59924,12.6314,13.6851,9.52499,5.99583,16.181,2.14147,7.15959,3.43696,2.11318,18.7708,12.0875,3.80762,11.5294,4.68717,8.66381,13.5133,19.5005,8.91161,11.5514,17.7509,7.57643,
mu: 
srcDuals: 
lambda: 0,4.95111,14.3633,7.0604,8.23747,9.98741,6.03579,10.599,11.6673,6.41169,8.8723,5.8488,8.74323,17.1199,10.2977,7.35372,9.20608,4.41095,14.8929,10.1233,17.3415,10.6629,4.33638,9.70744,13.2811,15.4703,9.78987,6.40235,13.5177,4.69204,10.3533,7.64716,4.5646,21.4362,14.3413,9.45727,13.3895,5.08594,6.8662,16.1065,18.9108,11.572,12.7705,16.8715,9.2301,
mu: 
srcDuals: 
fixing. lower bound used: 429.176
percent fixed: 55.0333
fixing. lower bound used: 406.311
fixed path dual: 6.15509
best alpha: 0.01
0:0
1:0.00125888
2:-0.14472
3:-0.0308833
4:-0.00729629
5:-0.0695455
6:-0.053439
7:-0.127108
8:-0.0487711
9:-0.00820128
10:-0.0215354
11:-0.0181744
12:-0.0694881
13:-0.0587951
14:-0.10439
15:-0.0546185
16:-0.0499027
17:0.0226887
18:-0.141317
19:0.040828
20:-0.0085187
21:0.0402579
22:-0.00756873
23:-0.0784182
24:-0.108718
25:-0.12971
26:0.0321906
27:-0.0115251
28:0.115206
29:-0.0326092
30:-0.0508414
31:-0.0796601
32:-0.0297984
33:-0.0358636
34:-0.0441945
35:-0.120469
36:-0.0130338
37:0.0283947
38:0.0706627
39:-0.0338177
40:0.0564188
41:-0.0357231
42:0.00513718
43:-0.10537
44:-0.00718195
alpha: 40.1679
lagLB: 430.304
stepSizeMultiplier: 0.336149
targetLowerBound: 497.415
||gamma||^2: 0.198222
lambda: 0,4.58107,7.8135,5.32969,7.50527,7.04334,5.04355,7.75811,9.17936,6.06451,7.53731,4.65609,5.37826,14.2076,5.45523,4.61822,7.09355,4.9481,8.48714,11.4283,16.5575,12.7904,3.59265,7.23442,13.7587,9.55597,10.7293,5.91446,17.9714,2.88826,7.77766,3.85158,2.87982,19.4946,12.8937,3.93413,12.4144,5.86464,10.2809,14.2516,20.8758,9.63641,12.5646,19.1842,8.50274,
mu: 
srcDuals: 
lambda: 0,4.95111,14.3633,7.0604,8.23747,9.98741,6.03579,10.599,11.6673,6.41169,8.8723,5.8488,8.74323,17.1199,10.2977,7.35372,9.20608,4.41095,14.8929,10.1233,17.3415,10.6629,4.33638,9.70744,13.2811,15.4703,9.78987,6.40235,13.5177,4.69204,10.3533,7.64716,4.5646,21.4362,14.3413,9.45727,13.3895,5.08594,6.8662,16.1065,18.9108,11.572,12.7705,16.8715,9.2301,
mu: 
srcDuals: 
fixing. lower bound used: 444.692
percent fixed: 55.029
fixing. lower bound used: 406.311
fixed path dual: 4.10907
best alpha: 0.01
0:0
1:-0.00875371
2:-0.133273
3:-0.0505745
4:-0.00722333
5:-0.0588501
6:-0.0429046
7:-0.115837
8:-0.0382834
9:0.00188073
10:-0.0113201
11:-0.00799265
12:-0.0787933
13:-0.0482072
14:-0.0933459
15:-0.0440723
16:-0.0394037
17:-0.00753823
18:-0.129904
19:-0.00958031
20:0.00156649
21:0.0498553
22:-0.017493
23:-0.067634
24:-0.0976306
25:-0.118413
26:0.0418687
27:-0.0114098
28:0.0840537
29:-0.0222831
30:-0.040333
31:-0.0688634
32:-0.0195004
33:-0.0255049
34:-0.0337525
35:-0.109264
36:-0.00290346
37:-0.0318892
38:0.0799561
39:-0.0234796
40:-0.0341454
41:-0.0353658
42:-0.104914
43:-0.0943162
44:-0.0871101
alpha: 44.9035
lagLB: 419.149
stepSizeMultiplier: 0.336149
targetLowerBound: 497.415
||gamma||^2: 0.177317
lambda: 0,5.00168,8.55016,5.81988,7.94439,7.19391,3.88926,5.49333,9.70828,6.08226,8.00726,5.11877,5.95204,14.7582,6.10457,5.15981,7.20159,5.3223,9.21644,11.7632,16.9993,12.28,4.03236,6.55755,8.91414,10.2601,11.0829,5.93941,18.1453,3.38219,8.31107,4.44738,3.36766,19.9956,12.5661,4.61828,12.8659,6.22649,9.70457,14.7482,21.177,10.1371,12.9769,12.639,8.94162,
mu: 
srcDuals: 
lambda: 0,4.95111,14.3633,7.0604,8.23747,9.98741,6.03579,10.599,11.6673,6.41169,8.8723,5.8488,8.74323,17.1199,10.2977,7.35372,9.20608,4.41095,14.8929,10.1233,17.3415,10.6629,4.33638,9.70744,13.2811,15.4703,9.78987,6.40235,13.5177,4.69204,10.3533,7.64716,4.5646,21.4362,14.3413,9.45727,13.3895,5.08594,6.8662,16.1065,18.9108,11.572,12.7705,16.8715,9.2301,
mu: 
srcDuals: 
fixing. lower bound used: 426.979
percent fixed: 55.0248
fixing. lower bound used: 406.311
fixed path dual: 6.79967
best alpha: 0.01
0:0
1:0.00133383
2:-0.12194
3:-0.0500688
4:0.0028489
5:-0.0582616
6:-0.0324756
7:-0.104678
8:-0.0479005
9:-0.0181381
10:-0.00120689
11:-0.0179127
12:-0.0680053
13:-0.0377251
14:-0.0824124
15:-0.0336316
16:-0.0790097
17:0.00253715
18:-0.118605
19:0.000515492
20:0.0115508
21:-0.0306433
22:-0.00731811
23:-0.0569577
24:-0.0866543
25:-0.107229
26:0.03145
27:-0.0212957
28:0.0732132
29:-0.0120603
30:-0.0299297
31:-0.0681748
32:-0.0193054
33:-0.0152499
34:-0.103415
35:-0.0981717
36:0.00712557
37:-0.0215703
38:0.00915656
39:-0.0132448
40:-0.0238039
41:-0.0250122
42:-0.0938651
43:-0.083373
44:-0.076239
alpha: 52.9491
lagLB: 417.07
stepSizeMultiplier: 0.336149
targetLowerBound: 497.415
||gamma||^2: 0.150374
lambda: 0,4.55804,8.37884,4.78943,7.91312,7.34483,4.10922,5.3975,9.94826,6.49614,8.36399,5.4899,5.20513,14.9552,6.10613,5.37471,7.43671,4.07246,9.0597,9.69307,17.4118,12.9016,3.55088,6.67043,8.89714,10.1532,11.6699,5.89001,17.292,3.69145,8.54216,4.55495,3.68896,20.2909,12.8256,4.55092,13.2591,3.654,10.4565,15.0522,17.3775,9.98396,8.05948,12.6364,5.31855,
mu: 
srcDuals: 
lambda: 0,4.95111,14.3633,7.0604,8.23747,9.98741,6.03579,10.599,11.6673,6.41169,8.8723,5.8488,8.74323,17.1199,10.2977,7.35372,9.20608,4.41095,14.8929,10.1233,17.3415,10.6629,4.33638,9.70744,13.2811,15.4703,9.78987,6.40235,13.5177,4.69204,10.3533,7.64716,4.5646,21.4362,14.3413,9.45727,13.3895,5.08594,6.8662,16.1065,18.9108,11.572,12.7705,16.8715,9.2301,
mu: 
srcDuals: 
fixing. lower bound used: 403.617
percent fixed: 55.0206
fixing. lower bound used: 406.311
fixed path dual: 11.7159
best alpha: 0.01
0:0
1:-0.0486795
2:-0.110721
3:-0.109568
4:0.0128204
5:-0.057679
6:-0.0221508
7:-0.0936314
8:-0.0374215
9:-0.0179567
10:-0.0211948
11:-0.0077336
12:-0.0673253
13:-0.0273478
14:-0.0715883
15:-0.0232953
16:-0.0682196
17:0.0125118
18:-0.107419
19:0.0105103
20:-0.00856469
21:-0.0203368
22:-0.0572449
23:-0.0463881
24:-0.0757878
25:-0.0961567
26:0.0411355
27:-0.0410828
28:0.0124811
29:-0.0019397
30:-0.0196304
31:-0.0574931
32:-0.0191123
33:-0.0250974
34:-0.0923809
35:-0.08719
36:0.0170543
37:-0.0113546
38:0.00906499
39:-0.0331123
40:-0.0135659
41:-0.0147621
42:-0.0829264
43:-0.0725393
44:-0.0654766
alpha: 59.994
lagLB: 427.189
stepSizeMultiplier: 0.336149
targetLowerBound: 497.415
||gamma||^2: 0.132716
lambda: 0,5.02173,7.90664,4.40931,8.38832,6.90251,4.31624,5.05636,9.13103,5.4513,8.80839,4.90034,5.14241,15.1224,5.93402,5.57295,5.02259,4.54529,8.61282,10.1506,17.9531,9.04035,3.9489,6.69158,8.69283,9.79264,11.4551,5.27476,17.3943,4.05345,8.76851,4.03736,3.5424,20.6287,8.86552,4.25917,13.7668,3.94381,7.35103,15.4052,17.6504,10.2476,7.80043,12.457,5.19331,
mu: 
srcDuals: 
lambda: 0,4.95111,14.3633,7.0604,8.23747,9.98741,6.03579,10.599,11.6673,6.41169,8.8723,5.8488,8.74323,17.1199,10.2977,7.35372,9.20608,4.41095,14.8929,10.1233,17.3415,10.6629,4.33638,9.70744,13.2811,15.4703,9.78987,6.40235,13.5177,4.69204,10.3533,7.64716,4.5646,21.4362,14.3413,9.45727,13.3895,5.08594,6.8662,16.1065,18.9108,11.572,12.7705,16.8715,9.2301,
mu: 
srcDuals: 
fixing. lower bound used: 402.608
percent fixed: 55.0181
fixing. lower bound used: 406.311
fixed path dual: 12.7781
best alpha: 0.01
0:0
1:-0.0381927
2:-0.0996136
3:-0.0984724
4:-0.0373078
5:-0.0471022
6:-0.0119293
7:-0.0826951
8:-0.0270473
9:-0.00777713
10:-0.0109829
11:0.00234374
12:-0.066652
13:-0.0670744
14:-0.0608724
15:-0.0130623
16:-0.0575374
17:0.00238666
18:-0.096345
19:-0.0195948
20:0.00152096
21:-0.0101335
22:-0.0466725
23:-0.0359242
24:-0.0650299
25:-0.0851951
26:0.0507242
27:-0.0406719
28:0.0223563
29:0.0080797
30:-0.00943409
31:-0.0469181
32:-0.0089212
33:-0.0148464
34:-0.081457
35:-0.0763181
36:0.0268838
37:-0.0112411
38:0.0189743
39:-0.0227812
40:-0.0534302
41:-0.0746144
42:-0.0720971
43:-0.0618139
44:-0.0548219
alpha: 68.957
lagLB: 420.777
stepSizeMultiplier: 0.336149
targetLowerBound: 497.415
||gamma||^2: 0.115466
lambda: 0,2.03063,7.72068,0.486976,9.00662,6.52702,4.70688,4.98165,9.42225,5.3344,7.60074,5.38483,4.70412,15.4792,6.00282,5.95614,5.11331,5.16158,8.44835,10.7538,16.8276,9.4428,0.902032,6.92443,8.73429,9.70149,12.2578,3.93763,14.2665,4.57567,9.17555,4.19792,3.41798,19.9305,8.79895,4.2264,14.4126,4.40473,7.41005,14.12,18.0969,10.6864,7.79542,12.5196,5.3019,
mu: 
srcDuals: 
lambda: 0,4.95111,14.3633,7.0604,8.23747,9.98741,6.03579,10.599,11.6673,6.41169,8.8723,5.8488,8.74323,17.1199,10.2977,7.35372,9.20608,4.41095,14.8929,10.1233,17.3415,10.6629,4.33638,9.70744,13.2811,15.4703,9.78987,6.40235,13.5177,4.69204,10.3533,7.64716,4.5646,21.4362,14.3413,9.45727,13.3895,5.08594,6.8662,16.1065,18.9108,11.572,12.7705,16.8715,9.2301,
mu: 
srcDuals: 
fixing. lower bound used: 415.047
percent fixed: 55.0164
fixing. lower bound used: 406.311
fixed path dual: 14.4401
best alpha: 0.03
0:0
1:-0.00704693
2:-0.0666252
3:-0.0655182
4:-0.00618856
5:-0.0156891
6:0.0184286
7:-0.0502142
8:0.00376412
9:-0.0375438
10:-0.0406534
11:0.00227342
12:-0.0646525
13:-0.0350621
14:-0.0290463
15:-0.0426705
16:-0.0258113
17:0.00231506
18:-0.0634547
19:0.0109931
20:0.0314753
21:0.0201705
22:-0.0152723
23:-0.00484647
24:-0.033079
25:-0.0526392
26:0.0792024
27:-0.0394518
28:0.0516856
29:0.0378373
30:-0.0391511
31:-0.0155106
32:-0.00865356
33:-0.104401
34:-0.0490133
35:-0.0440285
36:0.0560773
37:-0.0409038
38:-0.0115949
39:-0.0820978
40:-0.0218273
41:-0.042376
42:-0.0399342
43:-0.0299595
44:-0.0231772
alpha: 100.234
lagLB: 423.144
stepSizeMultiplier: 0.336149
targetLowerBound: 497.415
||gamma||^2: 0.0794355
lambda: 0,2.31745,7.4942,0.270039,5.66483,6.73938,5.21318,4.89657,9.80221,5.8754,8.11495,6.01042,4.1471,12.4946,6.1001,6.45298,5.23847,4.57553,8.24919,8.77207,17.4464,9.96411,1.11799,7.23021,8.79683,9.59552,13.2877,3.59774,15.0593,5.24919,9.70271,4.41182,3.94942,20.4124,8.72422,4.1946,15.2433,4.31079,8.17462,14.5356,15.2264,6.42682,7.7989,12.609,5.44975,
mu: 
srcDuals: 
lambda: 0,4.95111,14.3633,7.0604,8.23747,9.98741,6.03579,10.599,11.6673,6.41169,8.8723,5.8488,8.74323,17.1199,10.2977,7.35372,9.20608,4.41095,14.8929,10.1233,17.3415,10.6629,4.33638,9.70744,13.2811,15.4703,9.78987,6.40235,13.5177,4.69204,10.3533,7.64716,4.5646,21.4362,14.3413,9.45727,13.3895,5.08594,6.8662,16.1065,18.9108,11.572,12.7705,16.8715,9.2301,
mu: 
srcDuals: 
fixing. lower bound used: 413.533
percent fixed: 55.0154
fixing. lower bound used: 406.311
fixed path dual: -11.0044
best alpha: 0.01
0:0
1:-0.0169765
2:-0.0559589
3:-0.054863
4:0.00387333
5:-0.00553222
6:0.0182443
7:-0.0397121
8:-0.0962735
9:-0.0271684
10:-0.0302469
11:0.0122507
12:-0.0540059
13:-0.0247115
14:-0.0187558
15:-0.0322438
16:-0.0155531
17:0.0122919
18:-0.0528201
19:0.0208831
20:0.0311606
21:0.0299688
22:-0.00511958
23:-0.00479801
24:-0.0227482
25:-0.0421128
26:-0.0615896
27:-0.0290573
28:-0.0588313
29:0.0474589
30:-0.0287596
31:-0.125355
32:0.00143298
33:-0.093357
34:-0.0385232
35:-0.0335882
36:0.0455165
37:-0.0304948
38:-0.00147894
39:-0.0712768
40:-0.011609
41:-0.0319522
42:-0.0295349
43:-0.0196599
44:-0.0129454
alpha: 98.1867
lagLB: 311.358
stepSizeMultiplier: 0.336149
targetLowerBound: 497.415
||gamma||^2: 0.0810922
lambda: 0,4.24476,7.68512,0.493219,7.61716,8.41482,7.88297,5.56578,12.0446,2.64851,4.79743,6.07667,2.26283,13.6054,7.38625,3.07667,6.6189,4.643,8.53252,11.2251,20.4964,12.6847,2.80557,9.22165,9.96545,10.1941,17.7287,2.44792,18.6984,8.48464,6.42897,6.09246,3.69722,10.9716,9.42843,5.04409,19.0103,0.985964,5.70399,7.87752,16.7229,7.32447,8.76772,13.8686,6.90695,
mu: 
srcDuals: 
lambda: 0,4.95111,14.3633,7.0604,8.23747,9.98741,6.03579,10.599,11.6673,6.41169,8.8723,5.8488,8.74323,17.1199,10.2977,7.35372,9.20608,4.41095,14.8929,10.1233,17.3415,10.6629,4.33638,9.70744,13.2811,15.4703,9.78987,6.40235,13.5177,4.69204,10.3533,7.64716,4.5646,21.4362,14.3413,9.45727,13.3895,5.08594,6.8662,16.1065,18.9108,11.572,12.7705,16.8715,9.2301,
mu: 
srcDuals: 
fixing. lower bound used: 406.311
fixed path dual: -3.77816
best alpha: 0.01
0:0
1:-0.0068067
2:-0.0453994
3:-0.0443144
4:0.0138346
5:0.0045231
6:0.0280618
7:-0.029315
8:-0.0853108
9:-0.0168967
10:-0.0199444
11:0.00212818
12:-0.0434659
13:-0.0144644
14:-0.00856824
15:-0.0219213
16:-0.0853976
17:0.022169
18:-0.0422919
19:0.0306743
20:-0.079151
21:-0.0403309
22:0.00493161
23:0.00524997
24:-0.0125207
25:-0.0316917
26:-0.0509737
27:-0.0187667
28:-0.048243
29:-0.0430157
30:-0.018472
31:-0.114102
32:-0.00858135
33:-0.0824234
34:-0.028138
35:-0.0432524
36:-0.0149387
37:-0.0201899
38:-0.0114642
39:-0.060564
40:-0.00149293
41:-0.0216327
42:-0.0192395
43:-0.00946329
44:-0.00281599
alpha: 111.277
lagLB: 342.216
stepSizeMultiplier: 0.336149
targetLowerBound: 497.415
||gamma||^2: 0.0715528
lambda: 0,3.28425,8.86884,1.67358,8.61778,9.44422,7.82714,6.69978,2.21454,3.74412,5.90246,7.05165,3.44057,14.6935,8.45612,4.18781,7.67897,5.61785,9.70663,12.1737,20.401,13.6054,3.83371,9.23634,11.0475,11.3354,3.74259,3.54932,7.74125,9.35187,7.52945,0,4.7053,12.2698,10.5588,6.15935,17.8586,2.09176,6.72099,9.10811,17.7709,8.43472,9.87057,14.9412,7.95903,
mu: 
srcDuals: 
lambda: 0,4.95111,14.3633,7.0604,8.23747,9.98741,6.03579,10.599,11.6673,6.41169,8.8723,5.8488,8.74323,17.1199,10.2977,7.35372,9.20608,4.41095,14.8929,10.1233,17.3415,10.6629,4.33638,9.70744,13.2811,15.4703,9.78987,6.40235,13.5177,4.69204,10.3533,7.64716,4.5646,21.4362,14.3413,9.45727,13.3895,5.08594,6.8662,16.1065,18.9108,11.572,12.7705,16.8715,9.2301,
mu: 
srcDuals: 
fixing. lower bound used: 406.311
fixed path dual: 7.09831
best alpha: 0.01
0:0
1:0.00326137
2:-0.0349454
3:-0.0338713
4:-0.00630375
5:0.0144779
6:-0.0122188
7:-0.0390218
8:-0.0744577
9:-0.00672773
10:-0.00974494
11:0.0121069
12:-0.0330312
13:-0.0443198
14:-0.0284826
15:-0.0117021
16:-0.0745436
17:0.0119473
18:-0.031869
19:0.000367571
20:-0.0683595
21:-0.0299276
22:0.0148823
23:-0.0348025
24:-0.0423955
25:-0.0413748
26:-0.040464
27:-0.018579
28:-0.0377605
29:-0.0325855
30:-0.00828724
31:-0.102961
32:0.00150446
33:-0.0715992
34:-0.0178566
35:-0.0328198
36:-0.00478929
37:-0.00998795
38:-0.00134951
39:-0.0499584
40:-0.021478
41:-0.0514164
42:-0.0290471
43:-0.0293687
44:-0.00278783
alpha: 131.684
lagLB: 374.733
stepSizeMultiplier: 0.336149
targetLowerBound: 497.415
||gamma||^2: 0.0604644
lambda: 0,4.19368,9.31137,2.12924,9.77694,10.4907,9.15842,7.3369,2.1742,4.53148,6.65295,6.08562,3.90649,15.5103,9.34424,4.91438,0,6.87784,10.1867,13.5366,8.5338,6.17499,4.88516,10.2916,11.8878,11.9438,4.11768,4.31405,8.14937,0,8.29776,0,3.60969,12.2644,11.2101,4.64429,11.7271,2.83928,5.59051,9.36717,18.7447,9.16479,10.6296,15.8185,8.91675,
mu: 
srcDuals: 
lambda: 0,4.95111,14.3633,7.0604,8.23747,9.98741,6.03579,10.599,11.6673,6.41169,8.8723,5.8488,8.74323,17.1199,10.2977,7.35372,9.20608,4.41095,14.8929,10.1233,17.3415,10.6629,4.33638,9.70744,13.2811,15.4703,9.78987,6.40235,13.5177,4.69204,10.3533,7.64716,4.5646,21.4362,14.3413,9.45727,13.3895,5.08594,6.8662,16.1065,18.9108,11.572,12.7705,16.8715,9.2301,
mu: 
srcDuals: 
fixing. lower bound used: 406.311
fixed path dual: 11.3783
best alpha: 0.01
0:0
1:0.0132288
2:-0.0245959
3:-0.0235326
4:0.00375929
5:-0.0256669
6:-0.00209659
7:-0.0286316
8:-0.0637131
9:0.00333955
10:0.000352511
11:-0.0280142
12:-0.0627009
13:-0.0338766
14:-0.0181977
15:-0.00158508
16:-0.0637982
17:0.0218278
18:-0.0215503
19:0.0103639
20:-0.0576759
21:-0.0196283
22:0.0247335
23:-0.0244545
24:-0.0319716
25:-0.030961
26:-0.0300593
27:-0.0183932
28:-0.0273829
29:-0.0222596
30:0.00179563
31:-0.0919313
32:0.00148942
33:-0.0608832
34:-0.00767802
35:-0.0224916
36:0.0052586
37:0.000111926
38:-0.051336
39:-0.0394588
40:-0.0112632
41:-0.0409022
42:-0.0187567
43:-0.019075
44:0.00724005
alpha: 168.965
lagLB: 370.297
stepSizeMultiplier: 0.336149
targetLowerBound: 497.415
||gamma||^2: 0.0471233
lambda: 0,5.38058,9.76153,2.60011,7.40737,11.8939,4.42678,5.46044,1.86246,5.52576,7.58905,7.44308,4.39356,11.2837,6.547,5.81274,0,5.98421,10.6962,10.1717,8.33965,6.72192,6.29614,5.12452,7.69831,10.0219,4.46143,3.9558,8.54525,0.401061,9.26197,0,4.76271,12.0077,11.9898,5.13544,12.7588,3.77069,6.68849,9.52784,16.0825,4.80131,8.94547,13.0042,8.86299,
mu: 
srcDuals: 
lambda: 0,4.95111,14.3633,7.0604,8.23747,9.98741,6.03579,10.599,11.6673,6.41169,8.8723,5.8488,8.74323,17.1199,10.2977,7.35372,9.20608,4.41095,14.8929,10.1233,17.3415,10.6629,4.33638,9.70744,13.2811,15.4703,9.78987,6.40235,13.5177,4.69204,10.3533,7.64716,4.5646,21.4362,14.3413,9.45727,13.3895,5.08594,6.8662,16.1065,18.9108,11.572,12.7705,16.8715,9.2301,
mu: 
srcDuals: 
fixing. lower bound used: 406.311
fixed path dual: 9.73945
best alpha: 0.01
0:0
1:0.0230965
2:-0.0143499
3:-0.0132972
4:-0.0762783
5:-0.0154102
6:0.00792438
7:-0.0183453
8:-0.053076
9:0.0133062
10:0.010349
11:-0.017734
12:-0.0520739
13:-0.0235378
14:-0.00801576
15:-0.0215692
16:-0.0531602
17:-0.12839
18:-0.0513348
19:0.0202603
20:-0.0470992
21:-0.009432
22:0.0344861
23:-0.01421
24:-0.0216518
25:-0.0206514
26:-0.0197587
27:-0.0182093
28:-0.0171091
29:-0.012037
30:0.0117777
31:-0.081012
32:0.0114745
33:-0.0502744
34:0.00239876
35:-0.0122667
36:0.015206
37:-0.149889
38:-0.0408227
39:-0.0290642
40:-0.00115059
41:-0.0304932
42:-0.0085691
43:-0.00888422
44:-0.0628323
alpha: 96.5706
lagLB: 364.493
stepSizeMultiplier: 0.336149
targetLowerBound: 497.415
||gamma||^2: 0.0824492
lambda: 0,7.1863,10.2074,3.08423,8.87266,5.65061,5.68154,5.76125,0.902062,6.97596,8.93186,1.1154,0,11.3959,7.22291,7.08589,0,8.09908,11.2516,11.8744,7.59629,7.3464,8.51546,5.57549,7.87904,10.239,4.71091,3.29455,8.89095,0.930946,10.6567,0,4.81626,11.1491,13.0439,5.65698,14.278,5.10485,0,9.43941,17.0077,4.66098,9.60129,13.6485,10.4534,
mu: 
srcDuals: 
lambda: 0,4.95111,14.3633,7.0604,8.23747,9.98741,6.03579,10.599,11.6673,6.41169,8.8723,5.8488,8.74323,17.1199,10.2977,7.35372,9.20608,4.41095,14.8929,10.1233,17.3415,10.6629,4.33638,9.70744,13.2811,15.4703,9.78987,6.40235,13.5177,4.69204,10.3533,7.64716,4.5646,21.4362,14.3413,9.45727,13.3895,5.08594,6.8662,16.1065,18.9108,11.572,12.7705,16.8715,9.2301,
mu: 
srcDuals: 
fixing. lower bound used: 406.311
fixed path dual: 10.6805
best alpha: 0.01
0:0
1:-0.0071345
2:-0.0342064
3:-0.0131643
4:-0.0655155
5:-0.0252561
6:0.0178451
7:-0.00816185
8:-0.0425452
9:0.00317309
10:0.0102455
11:-0.00755669
12:-0.0415532
13:-0.0133024
14:0.0020644
15:-0.0113535
16:-0.0426286
17:-0.117107
18:-0.0408215
19:0.0300577
20:-0.0666282
21:-0.0293377
22:0.0141413
23:-0.00406786
24:-0.0114353
25:-0.0104449
26:-0.00956113
27:-0.0180272
28:-0.016938
29:-0.0119167
30:0.0016599
31:-0.0702019
32:-0.0186402
33:-0.0397716
34:-0.0276252
35:-0.0221441
36:0.00505396
37:-0.13839
38:-0.0304144
39:-0.0187736
40:0.00886092
41:-0.0201883
42:0.00151659
43:0.00120462
44:-0.052204
alpha: 118.458
lagLB: 429.377
stepSizeMultiplier: 0.336149
targetLowerBound: 497.415
||gamma||^2: 0.067215
lambda: 0,7.18155,12.9775,5.77628,0.871228,8.49923,6.80105,8.82736,6.54174,7.69667,9.8717,4.13621,3.71442,14.8468,9.5236,5.27076,4.07236,0,9.93543,12.0798,12.7931,9.75203,7.66673,8.33517,11.1902,13.476,7.88176,4.64387,11.8655,3.52961,11.4906,0,5.6727,16.5811,14.5729,8.27267,14.8579,0,2.92393,13.2998,18.7997,8.62726,11.943,16.0136,3.16234,
mu: 
srcDuals: 
lambda: 0,4.95111,14.3633,7.0604,8.23747,9.98741,6.03579,10.599,11.6673,6.41169,8.8723,5.8488,8.74323,17.1199,10.2977,7.35372,9.20608,4.41095,14.8929,10.1233,17.3415,10.6629,4.33638,9.70744,13.2811,15.4703,9.78987,6.40235,13.5177,4.69204,10.3533,7.64716,4.5646,21.4362,14.3413,9.45727,13.3895,5.08594,6.8662,16.1065,18.9108,11.572,12.7705,16.8715,9.2301,
mu: 
srcDuals: 
fixing. lower bound used: 424.184
percent fixed: 54.992
fixing. lower bound used: 406.311
fixed path dual: 6.2374
best alpha: 0.01
0:0
1:0.00293685
2:-0.0238644
3:-0.00303262
4:-0.0548604
5:-0.0150036
6:-0.0423333
7:-0.0480802
8:-0.0321198
9:0.0131414
10:0.020143
11:0.00251888
12:-0.0311376
13:-0.0231694
14:-0.0279562
15:-0.00124
16:-0.0322023
17:-0.115935
18:-0.0304133
19:0.0197571
20:-0.0559619
21:-0.0190443
22:0.0239999
23:-0.0440272
24:-0.051321
25:-0.0303405
26:0.000534481
27:-0.0178469
28:-0.00676863
29:-0.00179751
30:0.0116433
31:-0.0594999
32:-0.00845382
33:-0.0293739
34:-0.017349
35:-0.0119226
36:0.0150034
37:-0.127006
38:-0.0201103
39:-0.00858582
40:-0.00122769
41:-0.0299864
42:-0.00849857
43:-0.0388074
44:-0.041682
alpha: 125.074
lagLB: 395.196
stepSizeMultiplier: 0.336149
targetLowerBound: 497.415
||gamma||^2: 0.0636596
lambda: 0,4.10597,10.3112,5.50099,0.476617,6.99561,8.1497,9.63214,6.62749,6.78757,10.086,4.95365,3.82092,15.5441,10.5422,6.0088,4.15637,0,10.0572,13.6838,9.44882,7.18759,6.01153,9.22557,11.9265,14.233,8.65727,4.26688,11.5112,3.28041,10.5499,0,2.35651,16.7249,11.0688,6.83412,13.9882,0,3.26336,13.8827,19.9604,9.18054,12.9502,17.0142,3.04611,
mu: 
srcDuals: 
lambda: 0,4.95111,14.3633,7.0604,8.23747,9.98741,6.03579,10.599,11.6673,6.41169,8.8723,5.8488,8.74323,17.1199,10.2977,7.35372,9.20608,4.41095,14.8929,10.1233,17.3415,10.6629,4.33638,9.70744,13.2811,15.4703,9.78987,6.40235,13.5177,4.69204,10.3533,7.64716,4.5646,21.4362,14.3413,9.45727,13.3895,5.08594,6.8662,16.1065,18.9108,11.572,12.7705,16.8715,9.2301,
mu: 
srcDuals: 
fixing. lower bound used: 409.728
percent fixed: 54.9906
fixing. lower bound used: 406.311
fixed path dual: 9.92272
best alpha: 0.01
0:0
1:0.0129075
2:-0.0136257
3:0.00699771
4:-0.0443118
5:-0.0548535
6:-0.03191
7:-0.0375994
8:-0.0217986
9:-0.00699005
10:-0.100058
11:0.00249369
12:-0.0308262
13:-0.0129377
14:-0.0176767
15:0.0087724
16:-0.0218803
17:-0.104776
18:-0.0201091
19:0.0295595
20:-0.0454023
21:-0.00885386
22:0.0337599
23:-0.0335869
24:-0.0408078
25:-0.0200371
26:0.0105291
27:-0.00766847
28:0.00329906
29:0.00822046
30:-0.0584731
31:-0.0489049
32:0.00163072
33:-0.0590802
34:-0.0171755
35:-0.00180338
36:0.0248534
37:-0.115736
38:-0.0299092
39:-0.0485
40:0.00878458
41:-0.0196865
42:0.00158641
43:-0.0284193
44:-0.0312652
alpha: 116.362
lagLB: 405.255
stepSizeMultiplier: 0.336149
targetLowerBound: 497.415
||gamma||^2: 0.068426
lambda: 0,5.31843,11.3784,6.6811,1.37586,8.11085,0.740991,4.58538,7.64996,8.05533,11.3917,6.16384,4.84872,14.222,6.80108,7.19862,5.1784,0,11.0889,12.5944,10.3421,8.28093,7.33815,4.20078,6.86218,11.6755,9.85672,4.17016,12.6711,4.46721,11.8095,0.205267,3.50725,17.7623,12.1713,7.96606,15.266,0,4.35093,15.0327,18.7572,7.82149,11.7075,12.0177,4.01676,
mu: 
srcDuals: 
lambda: 0,4.95111,14.3633,7.0604,8.23747,9.98741,6.03579,10.599,11.6673,6.41169,8.8723,5.8488,8.74323,17.1199,10.2977,7.35372,9.20608,4.41095,14.8929,10.1233,17.3415,10.6629,4.33638,9.70744,13.2811,15.4703,9.78987,6.40235,13.5177,4.69204,10.3533,7.64716,4.5646,21.4362,14.3413,9.45727,13.3895,5.08594,6.8662,16.1065,18.9108,11.572,12.7705,16.8715,9.2301,
mu: 
srcDuals: 
fixing. lower bound used: 386.828
percent fixed: 54.989
fixing. lower bound used: 406.311
fixed path dual: 4.0362
best alpha: 0.01
0:0
1:-0.0672216
2:-0.00348948
3:-0.0830723
4:-0.0338686
5:-0.044305
6:-0.0215909
7:-0.0272234
8:-0.0115806
9:0.00307985
10:-0.0890578
11:0.00246875
12:-0.020518
13:-0.00280832
14:-0.00749992
15:0.0186847
16:-0.0116615
17:-0.0937284
18:-0.00990803
19:0.0392639
20:-0.0549482
21:0.00123468
22:-0.0565777
23:-0.023251
24:-0.0303997
25:-0.0098367
26:0.0204238
27:-0.0475918
28:-0.0967339
29:0.0181383
30:-0.0478884
31:-0.0384158
32:-0.00838559
33:-0.0484894
34:-0.00700373
35:-0.0317853
36:-0.00539515
37:-0.104579
38:-0.0196101
39:-0.038015
40:0.0186967
41:-0.00948966
42:0.0115705
43:-0.0181352
44:-0.0209525
alpha: 103.723
lagLB: 384.918
stepSizeMultiplier: 0.336149
targetLowerBound: 497.415
||gamma||^2: 0.0767641
lambda: 0,6.45305,12.7777,7.87467,3.08127,3.60455,2.32269,6.22384,9.1308,5.59832,0,6.13897,5.15623,15.6144,8.2408,8.37449,6.66005,0,12.5529,13.5629,12.0584,9.63263,8.26474,5.79921,8.53264,13.1388,11.0151,5.51004,13.9016,5.64858,3.54922,1.9565,4.75435,14.5615,12.3427,9.24742,16.2815,0,3.38592,10.463,19.933,9.28125,12.9551,13.5646,5.59203,
mu: 
srcDuals: 
lambda: 0,4.95111,14.3633,7.0604,8.23747,9.98741,6.03579,10.599,11.6673,6.41169,8.8723,5.8488,8.74323,17.1199,10.2977,7.35372,9.20608,4.41095,14.8929,10.1233,17.3415,10.6629,4.33638,9.70744,13.2811,15.4703,9.78987,6.40235,13.5177,4.69204,10.3533,7.64716,4.5646,21.4362,14.3413,9.45727,13.3895,5.08594,6.8662,16.1065,18.9108,11.572,12.7705,16.8715,9.2301,
mu: 
srcDuals: 
fixing. lower bound used: 409.204
percent fixed: 54.9849
fixing. lower bound used: 406.311
fixed path dual: 3.63664
best alpha: 0.01
0:0
1:-0.0565494
2:0.00654541
3:-0.0722415
4:-0.04353
5:-0.033862
6:-0.011375
7:-0.0169512
8:-0.00146477
9:0.0130491
10:-0.0781672
11:0.0124441
12:-0.0103128
13:-0.0827802
14:-0.0174249
15:0.0284978
16:-0.00154489
17:-0.0927911
18:-0.0298089
19:-0.0311287
20:-0.0443988
21:0.0112223
22:-0.046012
23:-0.0130185
24:-0.0200957
25:-0.0197383
26:0.0302196
27:-0.0371159
28:-0.0857666
29:0.0279569
30:-0.0374095
31:-0.0280316
32:0.00169826
33:-0.0380045
34:0.0030663
35:-0.0214675
36:0.0046588
37:-0.0935332
38:-0.00941399
39:-0.0276348
40:-0.12149
41:-0.0193948
42:-0.0185452
43:-0.0079538
44:-0.010743
alpha: 97.2309
lagLB: 379.433
stepSizeMultiplier: 0.336149
targetLowerBound: 497.415
||gamma||^2: 0.0818893
lambda: 0,0,14.0013,0,4.72453,5.39198,3.79633,7.77529,10.4661,6.73114,0,6.10486,6.61505,16.8286,9.51978,9.29174,7.99652,0,13.8652,14.1958,11.6421,10.7909,0,7.29578,10.128,14.45,11.9083,1.46601,3.4842,6.57338,5.38615,3.66257,3.69483,16.4067,13.6148,6.16041,12.8299,0,4.83219,12.1635,20.8501,10.5877,13.9706,14.9905,7.05685,
mu: 
srcDuals: 
lambda: 0,4.95111,14.3633,7.0604,8.23747,9.98741,6.03579,10.599,11.6673,6.41169,8.8723,5.8488,8.74323,17.1199,10.2977,7.35372,9.20608,4.41095,14.8929,10.1233,17.3415,10.6629,4.33638,9.70744,13.2811,15.4703,9.78987,6.40235,13.5177,4.69204,10.3533,7.64716,4.5646,21.4362,14.3413,9.45727,13.3895,5.08594,6.8662,16.1065,18.9108,11.572,12.7705,16.8715,9.2301,
mu: 
srcDuals: 
fixing. lower bound used: 406.311
fixed path dual: 2.41012
best alpha: 0.01
0:0
1:-0.0459839
2:-0.06352
3:-0.0615191
4:-0.0330947
5:-0.0335233
6:-0.00126123
7:-0.00678169
8:0.00854988
9:0.00291856
10:-0.0673856
11:0.0123196
12:-0.000209676
13:-0.0719524
14:-0.00725067
15:0.0382128
16:-0.0115294
17:-0.0818632
18:-0.0195109
19:-0.0208174
20:-0.0339548
21:-0.0988899
22:-0.0355518
23:-0.00288834
24:-0.00989473
25:-0.00954095
26:0.0399174
27:-0.0267447
28:-0.0749089
29:-0.0323227
30:-0.0270354
31:-0.0177513
32:-0.0483187
33:-0.0276244
34:-0.0569644
35:-0.0112528
36:0.0146122
37:-0.0825978
38:-0.00931985
39:-0.0173585
40:-0.110275
41:-0.00920081
42:-0.00835971
43:0.00212574
44:-0.000635558
alpha: 99.613
lagLB: 370.465
stepSizeMultiplier: 0.336149
targetLowerBound: 497.415
||gamma||^2: 0.079931
lambda: 0,0,14.9997,0.0362904,4.00501,6.69498,4.92979,8.95079,11.5249,7.68046,1.27203,7.05875,7.7405,9.07108,8.60345,10.1246,9.05587,0,11.9945,7.09659,13.0245,11.754,0,8.44163,11.3272,13.5511,12.7281,2.79354,5.17853,7.41031,6.7159,4.92162,4.72972,17.741,14.6394,7.36996,13.8425,0,5.95087,13.4196,7.09817,9.68624,10.9673,16.0982,8.18555,
mu: 
srcDuals: 
lambda: 0,4.95111,14.3633,7.0604,8.23747,9.98741,6.03579,10.599,11.6673,6.41169,8.8723,5.8488,8.74323,17.1199,10.2977,7.35372,9.20608,4.41095,14.8929,10.1233,17.3415,10.6629,4.33638,9.70744,13.2811,15.4703,9.78987,6.40235,13.5177,4.69204,10.3533,7.64716,4.5646,21.4362,14.3413,9.45727,13.3895,5.08594,6.8662,16.1065,18.9108,11.572,12.7705,16.8715,9.2301,
mu: 
srcDuals: 
fixing. lower bound used: 406.311
fixed path dual: 5.6219
best alpha: 0.01
0:0
1:-0.035524
2:-0.0528848
3:-0.0509039
4:-0.0227637
5:-0.0231881
6:-0.0112486
7:-0.0667139
8:-0.0315356
9:0.0128894
10:-0.0567117
11:0.0221964
12:-0.000207579
13:-0.0612329
14:-0.0171782
15:0.0478307
16:-0.00141415
17:-0.0710445
18:-0.00931575
19:-0.0106093
20:-0.0236152
21:-0.087901
22:-0.0251963
23:-0.0328595
24:-0.0497958
25:-0.00944554
26:-0.000481764
27:-0.0464773
28:-0.0641598
29:-0.0219995
30:-0.0167651
31:-0.00757382
32:-0.0378355
33:-0.0173482
34:-0.0463947
35:-0.00114029
36:0.0244661
37:-0.0717719
38:0.00077335
39:-0.00718488
40:-0.0991726
41:0.000891194
42:0.00172389
43:-0.0378955
44:0.0093708
alpha: 75.6645
lagLB: 379.785
stepSizeMultiplier: 0.221858
targetLowerBound: 497.415
||gamma||^2: 0.0694518
lambda: 0,0.370517,8.03584,0.932297,4.94081,6.64805,5.91016,9.92343,12.519,6.70242,2.15982,7.07599,8.72234,9.95249,9.57543,11.1602,8.05759,0,12.9493,8.04958,13.9591,0.812165,0.794959,9.41972,12.2955,14.5199,13.7662,3.73823,6.05579,1.47228,7.66018,5.87889,0,18.6844,8.66686,8.33634,14.845,0,5.93782,14.3774,7.92592,10.6555,11.9378,17.0833,9.16679,
mu: 
srcDuals: 
lambda: 0,4.95111,14.3633,7.0604,8.23747,9.98741,6.03579,10.599,11.6673,6.41169,8.8723,5.8488,8.74323,17.1199,10.2977,7.35372,9.20608,4.41095,14.8929,10.1233,17.3415,10.6629,4.33638,9.70744,13.2811,15.4703,9.78987,6.40235,13.5177,4.69204,10.3533,7.64716,4.5646,21.4362,14.3413,9.45727,13.3895,5.08594,6.8662,16.1065,18.9108,11.572,12.7705,16.8715,9.2301,
mu: 
srcDuals: 
fixing. lower bound used: 406.311
fixed path dual: 7.27343
best alpha: 0.01
0:0
1:-0.0251688
2:-0.042356
3:-0.0403949
4:-0.0125361
5:-0.0229562
6:-0.0111361
7:-0.0560467
8:-0.0212203
9:0.0227605
10:-0.0461446
11:0.0319745
12:-0.0502055
13:-0.0506206
14:-0.0170064
15:-0.0226476
16:0.00859999
17:-0.0603341
18:-0.00922259
19:-0.0105032
20:-0.0133791
21:-0.077022
22:-0.0149444
23:-0.0225309
24:-0.0392978
25:-0.00935108
26:0.00952305
27:-0.0360125
28:-0.0535182
29:-0.0117795
30:-0.00659742
31:0.00250192
32:-0.0274572
33:-0.0671747
34:-0.0359308
35:0.00887111
36:0.0342214
37:-0.0710542
38:0.0107656
39:-0.027113
40:-0.0881808
41:0.0108823
42:-0.00829335
43:-0.0275166
44:-0.0507229
alpha: 87.8214
lagLB: 413.876
stepSizeMultiplier: 0.221858
targetLowerBound: 497.415
||gamma||^2: 0.0598377
lambda: 0,2.2632,10.3618,3.20878,6.51506,8.23289,5.18467,5.5511,9.28119,7.38696,4.58124,7.52828,8.72752,12.4867,8.99791,10.9728,9.09908,0,14.188,9.32052,15.5546,4.0119,2.42992,7.22114,9.51333,14.7556,9.75342,2.88567,8.66307,3.02746,9.08474,7.07409,1.70179,20.1235,10.8308,9.37099,15.2407,0,6.92472,15.5629,11.4069,11.6394,12.9009,14.0042,9.93914,
mu: 
srcDuals: 
lambda: 0,4.95111,14.3633,7.0604,8.23747,9.98741,6.03579,10.599,11.6673,6.41169,8.8723,5.8488,8.74323,17.1199,10.2977,7.35372,9.20608,4.41095,14.8929,10.1233,17.3415,10.6629,4.33638,9.70744,13.2811,15.4703,9.78987,6.40235,13.5177,4.69204,10.3533,7.64716,4.5646,21.4362,14.3413,9.45727,13.3895,5.08594,6.8662,16.1065,18.9108,11.572,12.7705,16.8715,9.2301,
mu: 
srcDuals: 
fixing. lower bound used: 405.605
percent fixed: 54.9754
fixing. lower bound used: 406.311
fixed path dual: 7.56227
best alpha: 0.01
0:0
1:-0.0149171
2:-0.0319324
3:-0.0299909
4:-0.0124107
5:-0.0227267
6:-0.00102477
7:-0.0454863
8:-0.0110081
9:-0.0474671
10:-0.0356831
11:-0.0383453
12:-0.0397034
13:-0.0401144
14:-0.0168363
15:-0.0124211
16:0.018514
17:-0.0497307
18:-0.0191304
19:-0.000398141
20:-0.00324529
21:-0.0662518
22:-0.00479491
23:-0.0123056
24:-0.0289048
25:-0.00925757
26:0.0194278
27:-0.0256524
28:-0.0429831
29:-0.00166168
30:-0.0365314
31:0.0124769
32:-0.0271826
33:-0.056503
34:-0.0555715
35:0.0187824
36:0.0438792
37:-0.0603436
38:-0.079342
39:-0.0168419
40:-0.077299
41:0.0207735
42:0.00178959
43:-0.0172414
44:-0.0402157
alpha: 96.3883
lagLB: 407.954
stepSizeMultiplier: 0.221858
targetLowerBound: 497.415
||gamma||^2: 0.0545194
lambda: 0,2.74075,10.6435,3.51287,7.13653,7.97136,5.0578,5.67687,9.80372,8.41055,4.81982,8.65684,4.33411,12.6743,8.80416,5.36477,9.96134,0,14.0829,9.20086,16.1665,3.89871,3.02395,7.72875,9.82991,14.6491,10.6262,3.23969,8.81765,3.65755,9.77386,7.86688,2.15327,15.5368,11.1858,10.2363,16.3948,0,7.81165,13.7254,11.1666,12.5277,12.0422,14.455,4.77554,
mu: 
srcDuals: 
lambda: 0,4.95111,14.3633,7.0604,8.23747,9.98741,6.03579,10.599,11.6673,6.41169,8.8723,5.8488,8.74323,17.1199,10.2977,7.35372,9.20608,4.41095,14.8929,10.1233,17.3415,10.6629,4.33638,9.70744,13.2811,15.4703,9.78987,6.40235,13.5177,4.69204,10.3533,7.64716,4.5646,21.4362,14.3413,9.45727,13.3895,5.08594,6.8662,16.1065,18.9108,11.572,12.7705,16.8715,9.2301,
mu: 
srcDuals: 
fixing. lower bound used: 405.208
percent fixed: 54.9749
fixing. lower bound used: 406.311
fixed path dual: 8.2588
best alpha: 0.01
0:0
1:-0.0147679
2:-0.0816131
3:-0.019691
4:-0.00228661
5:-0.0124994
6:0.00898548
7:-0.0350314
8:-0.000897982
9:-0.0369925
10:-0.0253263
11:-0.0279618
12:-0.0293064
13:-0.0297132
14:-0.00666795
15:-0.0022969
16:0.00832885
17:-0.0392334
18:-0.00893906
19:0.00960584
20:-0.113213
21:-0.0555892
22:0.00525304
23:-0.0021825
24:-0.0186158
25:0.000835005
26:0.0292335
27:-0.0153958
28:-0.0325532
29:-0.0216451
30:-0.0261661
31:0.0223521
32:-0.0369108
33:-0.0459379
34:-0.0450157
35:-0.0214054
36:-0.0165596
37:-0.0497402
38:-0.0685486
39:-0.00667348
40:-0.066526
41:0.0305657
42:0.0117717
43:-0.00706899
44:-0.0298135
alpha: 95.4103
lagLB: 407.19
stepSizeMultiplier: 0.221858
targetLowerBound: 497.415
||gamma||^2: 0.0550782
lambda: 0,3.51327,11.2853,4.16962,7.04122,7.79682,5.93702,6.21463,10.6063,1.83641,5.43286,2.15276,4.91628,13.2533,8.67486,6.15647,10.9906,0,13.0489,10.0849,17.0287,4.27699,3.87421,8.52133,10.495,14.578,11.6625,3.92976,9.37463,4.53187,6.83205,8.84979,1.94451,15.9899,8.98481,11.2677,17.6189,0,0,14.4832,11.4601,13.5743,12.943,15.2097,5.35378,
mu: 
srcDuals: 
lambda: 0,4.95111,14.3633,7.0604,8.23747,9.98741,6.03579,10.599,11.6673,6.41169,8.8723,5.8488,8.74323,17.1199,10.2977,7.35372,9.20608,4.41095,14.8929,10.1233,17.3415,10.6629,4.33638,9.70744,13.2811,15.4703,9.78987,6.40235,13.5177,4.69204,10.3533,7.64716,4.5646,21.4362,14.3413,9.45727,13.3895,5.08594,6.8662,16.1065,18.9108,11.572,12.7705,16.8715,9.2301,
mu: 
srcDuals: 
fixing. lower bound used: 403.708
percent fixed: 54.973
fixing. lower bound used: 406.311
fixed path dual: 3.96379
best alpha: 0.01
0:0
1:-0.00462027
2:-0.070797
3:-0.00949413
4:-0.0222637
5:-0.0023744
6:-0.00110437
7:-0.0246811
8:-0.020889
9:-0.0266225
10:-0.015073
11:-0.0176822
12:-0.0190133
13:-0.0494161
14:-0.0366013
15:0.00772607
16:0.0182456
17:-0.0288411
18:-0.0188497
19:-0.0104902
20:-0.102081
21:-0.0450333
22:0.0152005
23:0.00783932
24:-0.00842964
25:-0.0391733
26:0.0189412
27:-0.0252419
28:-0.0322277
29:-0.0114286
30:-0.0159045
31:0.0121286
32:-0.0265417
33:-0.0354785
34:-0.0345656
35:-0.0111914
36:-0.00639398
37:-0.0392428
38:-0.0578631
39:0.00339326
40:-0.0558608
41:0.0102601
42:-0.00834603
43:0.0030017
44:-0.0195154
alpha: 123.433
lagLB: 391.469
stepSizeMultiplier: 0.221858
targetLowerBound: 497.415
||gamma||^2: 0.042574
lambda: 0,3.54209,6.57653,5.18167,8.0193,8.79484,6.8931,7.25662,11.5816,2.88223,6.45591,3.18095,5.94709,14.2849,9.66149,7.13457,10.0007,0.667673,14.04,11.0398,6.5398,5.3591,4.83758,9.4992,11.505,15.55,12.5791,4.93343,10.4118,2.62687,7.85674,9.77978,1.04293,17.0532,10.0463,7.41497,11.8095,0.340211,0.325955,15.4698,12.5635,14.4883,13.8936,16.1971,6.38558,
mu: 
srcDuals: 
lambda: 0,4.95111,14.3633,7.0604,8.23747,9.98741,6.03579,10.599,11.6673,6.41169,8.8723,5.8488,8.74323,17.1199,10.2977,7.35372,9.20608,4.41095,14.8929,10.1233,17.3415,10.6629,4.33638,9.70744,13.2811,15.4703,9.78987,6.40235,13.5177,4.69204,10.3533,7.64716,4.5646,21.4362,14.3413,9.45727,13.3895,5.08594,6.8662,16.1065,18.9108,11.572,12.7705,16.8715,9.2301,
mu: 
srcDuals: 
fixing. lower bound used: 405.626
percent fixed: 54.9723
fixing. lower bound used: 406.311
fixed path dual: 9.35627
best alpha: 0.01
0:0
1:0.00542593
2:-0.060089
3:0.000600812
4:-0.0120411
5:0.00764935
6:-0.0510933
7:-0.0544343
8:-0.0106801
9:-0.0163563
10:-0.00492231
11:-0.00750539
12:-0.0188232
13:-0.0389219
14:-0.0262353
15:0.0176488
16:0.0280631
17:-0.0185527
18:-0.00866117
19:-0.000385316
20:-0.0910599
21:-0.034583
22:0.0250485
23:-0.102239
24:-0.0883453
25:-0.0287816
26:0.0287518
27:-0.0249895
28:-0.0219054
29:-0.00131432
30:-0.00574542
31:0.0220073
32:-0.0162763
33:-0.0251238
34:-0.0242199
35:-0.00107946
36:0.00366996
37:-0.0288503
38:-0.0472845
39:0.0133593
40:-0.0453022
41:0.0201575
42:0.00173743
43:-0.0970283
44:-0.00932023
alpha: 84.3313
lagLB: 401.312
stepSizeMultiplier: 0.221858
targetLowerBound: 497.415
||gamma||^2: 0.0623141
lambda: 0,4.38082,5.62458,5.88851,5.48939,9.69433,5.89948,7.55251,9.08892,3.12559,7.01179,3.66623,6.39635,11.0203,5.77988,8.30737,11.4582,0.851006,12.5662,8.82843,4.74135,5.10428,6.21263,10.6751,12.2406,10.635,12.1278,3.28667,9.53973,3.28137,8.39012,9.14423,1.28848,17.0569,10.0747,8.07589,12.6002,0.242087,0,16.5254,12.0157,12.8384,11.7403,17.242,6.82126,
mu: 
srcDuals: 
lambda: 0,4.95111,14.3633,7.0604,8.23747,9.98741,6.03579,10.599,11.6673,6.41169,8.8723,5.8488,8.74323,17.1199,10.2977,7.35372,9.20608,4.41095,14.8929,10.1233,17.3415,10.6629,4.33638,9.70744,13.2811,15.4703,9.78987,6.40235,13.5177,4.69204,10.3533,7.64716,4.5646,21.4362,14.3413,9.45727,13.3895,5.08594,6.8662,16.1065,18.9108,11.572,12.7705,16.8715,9.2301,
mu: 
srcDuals: 
fixing. lower bound used: 374.349
percent fixed: 54.9712
fixing. lower bound used: 406.311
fixed path dual: 6.3648
best alpha: 0.01
0:0
1:-0.00462833
2:-0.0494881
3:0.0105948
4:-0.00192069
5:-0.0324271
6:-0.0405824
7:-0.0438899
8:-0.0105733
9:-0.00619274
10:-0.0648731
11:0.00256967
12:-0.00863498
13:-0.0285327
14:-0.0159729
15:-0.0125277
16:0.0377825
17:-0.0183672
18:0.00142544
19:0.00961854
20:-0.0801493
21:-0.0242372
22:0.014798
23:-0.0912167
24:-0.0774619
25:-0.0184938
26:0.0184643
27:-0.0247396
28:-0.0316864
29:0.00869882
30:0.00431203
31:0.00178725
32:-0.00611349
33:-0.104873
34:-0.0139777
35:0.00893134
36:0.0136333
37:-0.0185618
38:-0.0368117
39:-0.0967743
40:-0.0348492
41:0.0299559
42:0.0117201
43:-0.086058
44:-0.019227
alpha: 73.7335
lagLB: 420.295
stepSizeMultiplier: 0.221858
targetLowerBound: 497.415
||gamma||^2: 0.0712707
lambda: 0,5.40869,9.29588,7.11107,7.22203,10.6325,1.72702,6.00846,10.7666,5.03234,8.45719,5.21586,7.15584,13.8375,8.08523,8.84206,11.5727,2.84638,14.1625,10.0908,9.66227,7.74645,6.44876,1.08548,5.83082,13.0431,12.2145,4.29496,11.6704,4.5812,9.86874,9.50306,3.192,19.3175,12.2988,9.36624,13.699,2.65295,2.87864,17.2331,15.0904,13.2719,12.917,8.68901,8.44411,
mu: 
srcDuals: 
lambda: 0,4.95111,14.3633,7.0604,8.23747,9.98741,6.03579,10.599,11.6673,6.41169,8.8723,5.8488,8.74323,17.1199,10.2977,7.35372,9.20608,4.41095,14.8929,10.1233,17.3415,10.6629,4.33638,9.70744,13.2811,15.4703,9.78987,6.40235,13.5177,4.69204,10.3533,7.64716,4.5646,21.4362,14.3413,9.45727,13.3895,5.08594,6.8662,16.1065,18.9108,11.572,12.7705,16.8715,9.2301,
mu: 
srcDuals: 
fixing. lower bound used: 430.582
percent fixed: 54.9698
fixing. lower bound used: 406.311
fixed path dual: 5.26192
best alpha: 0.01
0:0
1:0.00541796
2:-0.0389932
3:0.0204889
4:-0.0119015
5:-0.0221029
6:-0.0301766
7:-0.033451
8:-0.000467578
9:0.00386919
10:-0.0542244
11:0.012544
12:-0.00854863
13:-0.0682474
14:-0.00581318
15:-0.0124024
16:0.0474047
17:-0.0281835
18:-0.0385888
19:-0.0304776
20:-0.0693478
21:-0.0139948
22:0.02465
23:-0.0803045
24:-0.0666873
25:-0.0183089
26:0.0282796
27:-0.0144922
28:-0.0213695
29:0.0186118
30:0.0142689
31:0.0117694
32:0.00394764
33:-0.0938238
34:-0.00383796
35:0.018842
36:0.0234969
37:-0.0183762
38:-0.0264435
39:-0.0858065
40:-0.0345007
41:-0.0303437
42:-0.0283971
43:-0.0751975
44:-0.0190348
alpha: 81.8626
lagLB: 417.757
stepSizeMultiplier: 0.221858
targetLowerBound: 497.415
||gamma||^2: 0.0641933
lambda: 0,4.60985,10.7143,7.84159,8.09585,7.59644,3.04351,7.36282,10.8877,5.95508,4.08898,6.03827,8.10654,15.0161,9.11995,6.43001,11.9919,3.05667,14.998,10.8325,11.4318,8.87579,5.42749,2.98172,7.56957,14.1067,11.1513,4.57822,11.1813,5.33343,10.6712,7.77894,4.11383,13.7036,13.3106,10.1158,14.3947,3.71731,4.15195,8.97104,16.3412,13.7808,13.6347,10.5262,7.81242,
mu: 
srcDuals: 
lambda: 0,4.95111,14.3633,7.0604,8.23747,9.98741,6.03579,10.599,11.6673,6.41169,8.8723,5.8488,8.74323,17.1199,10.2977,7.35372,9.20608,4.41095,14.8929,10.1233,17.3415,10.6629,4.33638,9.70744,13.2811,15.4703,9.78987,6.40235,13.5177,4.69204,10.3533,7.64716,4.5646,21.4362,14.3413,9.45727,13.3895,5.08594,6.8662,16.1065,18.9108,11.572,12.7705,16.8715,9.2301,
mu: 
srcDuals: 
fixing. lower bound used: 420.959
percent fixed: 54.9683
fixing. lower bound used: 406.311
fixed path dual: 5.13508
best alpha: 0.01
0:0
1:0.00536378
2:-0.0286033
3:0.020284
4:-0.00178247
5:-0.0218818
6:-0.0198748
7:-0.0231165
8:-0.0104629
9:-0.0361695
10:-0.0436821
11:-0.0375815
12:0.00153685
13:-0.0575649
14:0.00424495
15:-0.00227838
16:-0.0230694
17:-0.0179017
18:-0.0282029
19:-0.0201729
20:-0.0586543
21:-0.0438549
22:0.0344035
23:-0.0695015
24:-0.0560204
25:-0.00812577
26:0.0179968
27:-0.0143472
28:-0.0311558
29:0.0184257
30:-0.0158738
31:0.00165169
32:-0.00609183
33:-0.0828856
34:-0.0437996
35:0.0286536
36:0.033262
37:-0.00819246
38:-0.0261791
39:-0.0749485
40:-0.0241557
41:-0.0200402
42:-0.0181132
43:-0.0644455
44:-0.00884441
alpha: 100.775
lagLB: 416.058
stepSizeMultiplier: 0.221858
targetLowerBound: 497.415
||gamma||^2: 0.0521461
lambda: 0,5.39464,11.1712,8.73767,7.26318,8.17801,3.56546,7.86059,11.629,6.72843,4.43335,6.87568,8.04341,11.533,9.8218,6.33842,13.0867,2.10377,11.7339,7.62829,11.6645,9.51723,6.3543,3.1335,7.82191,13.9715,12.1049,5.21599,11.7683,6.21565,11.5213,8.61063,4.88776,13.7555,14.0271,10.9997,15.313,3.58161,4.70147,9.08219,16.0865,9.088,10.4458,10.7157,7.67187,
mu: 
srcDuals: 
lambda: 0,4.95111,14.3633,7.0604,8.23747,9.98741,6.03579,10.599,11.6673,6.41169,8.8723,5.8488,8.74323,17.1199,10.2977,7.35372,9.20608,4.41095,14.8929,10.1233,17.3415,10.6629,4.33638,9.70744,13.2811,15.4703,9.78987,6.40235,13.5177,4.69204,10.3533,7.64716,4.5646,21.4362,14.3413,9.45727,13.3895,5.08594,6.8662,16.1065,18.9108,11.572,12.7705,16.8715,9.2301,
mu: 
srcDuals: 
fixing. lower bound used: 415.177
percent fixed: 54.9655
fixing. lower bound used: 406.311
fixed path dual: 6.09096
best alpha: 0.01
0:0
1:-0.0446899
2:-0.0183173
3:-0.0599189
4:0.00823535
5:-0.011663
6:-0.00967606
7:-0.0128854
8:-0.000358273
9:-0.0258078
10:-0.0332453
11:-0.0272057
12:0.00152148
13:-0.0469893
14:-0.0057975
15:0.0077444
16:-0.0128387
17:-0.00772265
18:-0.0279209
19:-0.00997114
20:-0.0480678
21:-0.0334163
22:-0.0159405
23:-0.0588065
24:-0.0454602
25:-0.0180445
26:0.0278169
27:-0.0142038
28:-0.0408442
29:0.0282415
30:-0.00571504
31:0.0116352
32:-0.0160309
33:-0.0720567
34:-0.0333616
35:-0.0216329
36:-0.0170707
37:0.00188946
38:-0.0159173
39:-0.064199
40:-0.0139141
41:-0.00983983
42:-0.00793204
43:-0.053801
44:0.00124403
alpha: 130.088
lagLB: 401.583
stepSizeMultiplier: 0.221858
targetLowerBound: 497.415
||gamma||^2: 0.0403959
lambda: 0,5.49165,11.4808,9.10452,8.05784,7.78226,4.03291,8.2694,10.6129,2.7667,4.47022,2.06152,8.8981,11.3188,10.7255,7.12411,6.88126,2.60691,12.0507,8.09034,11.4306,6.2434,7.80341,2.70342,7.63563,14.6514,11.6035,4.95651,10.378,6.54889,8.75358,7.81361,3.95069,13.0834,9.92734,12.3448,16.7415,4.26034,4.228,8.5536,16.4765,9.55245,10.9451,10.377,8.3388,
mu: 
srcDuals: 
lambda: 0,4.95111,14.3633,7.0604,8.23747,9.98741,6.03579,10.599,11.6673,6.41169,8.8723,5.8488,8.74323,17.1199,10.2977,7.35372,9.20608,4.41095,14.8929,10.1233,17.3415,10.6629,4.33638,9.70744,13.2811,15.4703,9.78987,6.40235,13.5177,4.69204,10.3533,7.64716,4.5646,21.4362,14.3413,9.45727,13.3895,5.08594,6.8662,16.1065,18.9108,11.572,12.7705,16.8715,9.2301,
mu: 
srcDuals: 
fixing. lower bound used: 396.269
percent fixed: 54.9635
fixing. lower bound used: 406.311
fixed path dual: 7.52699
best alpha: 0.01
0:0
1:-0.034243
2:-0.0081341
3:-0.0493197
4:0.018153
5:-0.0015464
6:-0.0095793
7:-0.0027565
8:-0.120355
9:-0.0155497
10:-0.0229128
11:-0.0169336
12:-0.00849373
13:-0.0365194
14:0.00426048
15:-0.00233304
16:-0.00271031
17:0.00235458
18:-0.0176417
19:0.000128568
20:-0.0375871
21:-0.0230822
22:-0.00578109
23:-0.0482184
24:-0.0350056
25:-0.00786407
26:-0.0824613
27:-0.0440617
28:-0.0304358
29:0.037959
30:0.00434211
31:-0.0784812
32:-0.0058706
33:-0.0613361
34:-0.023028
35:-0.0114166
36:-0.00689996
37:-0.00812943
38:-0.00575814
39:-0.053557
40:-0.00377496
41:0.000258571
42:-0.00785272
43:-0.043263
44:-0.00876841
alpha: 97.7323
lagLB: 385.66
stepSizeMultiplier: 0.221858
targetLowerBound: 497.415
||gamma||^2: 0.0537697
lambda: 0,0,11.9804,0,9.30879,8.47018,4.77705,8.92274,11.6207,3.0544,4.54748,2.30966,8.94116,11.0071,9.5435,8.36117,7.53591,3.40632,11.2607,8.82614,11.0884,6.31582,2.26271,2.05741,7.36727,13.1229,13.4085,4.55461,8.20434,8.36592,9.6098,9.16076,2.47917,12.0624,10.0013,6.64308,11.1688,5.33173,4.79555,7.75501,17.1007,10.292,11.7386,9.87265,9.39193,
mu: 
srcDuals: 
lambda: 0,4.95111,14.3633,7.0604,8.23747,9.98741,6.03579,10.599,11.6673,6.41169,8.8723,5.8488,8.74323,17.1199,10.2977,7.35372,9.20608,4.41095,14.8929,10.1233,17.3415,10.6629,4.33638,9.70744,13.2811,15.4703,9.78987,6.40235,13.5177,4.69204,10.3533,7.64716,4.5646,21.4362,14.3413,9.45727,13.3895,5.08594,6.8662,16.1065,18.9108,11.572,12.7705,16.8715,9.2301,
mu: 
srcDuals: 
fixing. lower bound used: 378.48
percent fixed: 54.9596
checking cuts, max violation: 0.931774, num cuts: 4
new capacity cutset: 1 2 3 4 5 6 7 8 9 10 11 12 13 14 15 16 17 18 19 20 21 22 23 24 25 26 27 28 29 30 31 32 33 34 35 36 37 38 39 40 41 42 43 44 <= 39
new capacity cutset: 2 3 4 5 6 7 8 9 10 11 12 13 14 15 16 17 18 19 20 21 22 23 24 25 26 28 29 30 31 33 34 35 36 37 38 39 40 41 42 43 44 <= 36
new capacity cutset: 10 13 15 17 19 33 37 39 40 41 42 44 <= 10
new capacity cutset: 4 5 10 12 13 14 15 17 18 19 25 33 37 39 40 41 42 44 <= 15
max violation: 1.04095
new strengthened comb with 3 teeth
handle: 3,22,28,
tooth: 3,36,35,20,
tooth: 28,31,26,8,
tooth: 1,22,0,27,32,
>= 18
new strengthened comb with 5 teeth
handle: 3,22,28,35,
tooth: 35,36,
tooth: 3,36,
tooth: 28,31,26,8,
tooth: 20,35,
tooth: 1,22,0,27,32,
>= 24
new strengthened comb with 3 teeth
handle: 20,2,29,
tooth: 20,35,36,3,
tooth: 21,29,
tooth: 2,32,0,27,11,1,
>= 18
new strengthened comb with 3 teeth
handle: 44,15,37,
tooth: 42,44,19,40,41,13,4,18,25,
tooth: 17,37,0,12,4,18,
tooth: 15,33,39,10,
>= 20
route with flow 0.0874835 : 0,1,22,3,35,36,3,36,35,20,29,21,16,0, 0,236,3739,432561,84621,108106,165852,190375,251815,354657,377021,397556,419225,
route with flow 0.0874835 : 0,2,29,20,35,36,3,36,35,3,22,0, 1,28267,432149,142306,206907,231526,289272,313795,372120,406783,419475,
route with flow 0.0874835 : 0,11,2,20,35,36,3,22,1,27,0, 10,7299,435702,190926,255527,280146,337337,367237,388087,419038,
route with flow 0.0874835 : 0,16,29,20,35,36,3,36,35,3,22,27,0, 15,3335,11384,87172,150807,175426,233172,257695,319004,375314,397538,419232,
route with flow 0.0874835 : 0,27,1,22,3,36,35,20,2,11,0, 26,3351,428577,428615,77898,100867,162055,265822,374227,418718,
route with flow 0.0325213 : 0,1,8,26,7,23,24,43,7,23,6,0, 0,222,430910,430941,113139,173532,212014,252992,322386,378520,418787,
route with flow 0.00972039 : 0,6,23,43,24,23,7,43,7,23,6,0, 5,3286,425599,65504,100047,158387,229269,271565,340661,392020,419108,
route with flow 0.0458552 : 0,12,17,37,15,44,42,40,19,42,44,15,37,17,0, 11,25738,423379,423421,423462,423492,429293,231287,264500,312527,369094,397353,408113,419509,
route with flow 0.0606706 : 0,17,37,15,44,42,40,19,42,44,15,37,17,12,0, 16,79,1563,434155,51940,96024,122827,156040,204067,263158,301811,335091,346923,417994,
route with flow 0.0606706 : 0,27,8,26,7,43,24,43,7,23,6,0, 26,3358,422843,422850,426085,185562,223192,264212,333351,386943,418986,
route with flow 0.0228009 : 0,6,23,24,43,7,23,43,7,23,6,0, 5,3286,425598,440881,440886,169239,229651,271565,340661,392020,419108,
route with flow 0.0446108 : 0,4,13,41,19,42,44,15,37,17,12,0, 3,528,421753,421768,440300,207807,266898,305551,338746,350578,418080,
route with flow 0.0832244 : 0,6,24,23,7,26,8,31,26,8,27,0, 5,3287,429570,432699,439989,156433,240094,282761,309773,386399,419000,
route with flow 0.0148154 : 0,12,17,37,15,44,42,19,40,42,44,15,37,17,0, 11,25738,423379,423421,423462,423492,429313,429327,265011,312527,369094,397353,408113,419509,
route with flow 0.0164616 : 0,12,17,37,15,44,42,19,41,13,4,0, 11,25738,423379,423421,423462,423492,429313,429329,336459,403136,419402,
route with flow 0.0390426 : 0,18,13,41,19,42,44,15,37,0, 17,60213,422255,422284,436002,327182,381315,403910,419399,
route with flow 0.0487456 : 0,37,15,44,42,19,41,13,18,0, 36,617,421398,423662,85413,118639,217298,303578,417075,
route with flow 0.18874 : 0,5,38,9,30,34,21,29,2,32,0, 4,10073,45986,423726,423767,423800,279660,302627,398003,419283,
route with flow 0.0182906 : 0,14,25,13,41,19,42,44,15,17,0, 13,10103,87237,430594,430622,435921,356372,400354,408508,419517,
route with flow 0.0611946 : 0,17,15,44,42,19,41,13,25,14,0, 16,58,2019,26407,65243,96662,194858,281145,380420,418889,
route with flow 0.108138 : 0,32,2,29,21,34,30,9,38,5,0, 31,1421,433555,437841,437882,437922,281555,323646,375623,418768,
route with flow 0.0203229 : 0,11,16,9,30,34,21,29,2,32,0, 10,7312,422643,438127,143156,239831,272180,295147,393526,419182,
route with flow 0.02509 : 0,5,10,39,30,34,21,16,2,32,0, 4,10045,425234,427535,124456,221131,253468,308237,401371,419362,
route with flow 0.0550179 : 0,11,16,34,30,10,39,33,10,5,0, 10,7312,422665,437405,199276,220467,271292,354924,374006,418638,
route with flow 0.0550179 : 0,12,17,44,15,33,39,10,33,10,5,0, 11,25738,423378,427620,427661,427685,259965,280259,361934,380049,418786,
route with flow 0.0646239 : 0,17,44,15,33,39,10,39,33,39,10,5,0, 16,86,423544,423581,98234,151505,171805,222672,307296,359703,377150,418712,
route with flow 0.02509 : 0,32,2,16,21,34,30,39,10,5,0, 31,1421,433556,438184,148765,243537,315217,366367,382936,418854,
route with flow 0.0278778 : 0,6,24,23,7,26,8,31,26,8,1,32,0, 5,3287,429570,432699,439989,156433,240094,282761,309773,386383,402627,419379,
route with flow 0.0278778 : 0,11,16,9,34,21,34,30,10,5,0, 10,7312,422643,438131,168728,201125,295897,365637,382969,418854,
route with flow 0.0622949 : 0,27,8,28,31,26,8,31,26,8,27,0, 26,3358,422825,99416,140769,167653,251314,293981,320836,393967,419178,
route with flow 0.0653924 : 0,4,13,40,19,41,13,25,14,0, 3,528,421731,56643,86072,183638,269925,371268,418676,
route with flow 0.0309753 : 0,5,10,33,39,30,34,21,16,11,0, 4,10045,425238,425281,425298,210476,307151,338911,387008,418990,
route with flow 0.0653924 : 0,6,14,25,13,41,13,4,0, 5,3277,424696,424738,424765,329107,400032,419330,
route with flow 0.0309753 : 0,11,16,21,34,30,39,33,10,5,0, 10,7312,422653,432300,432319,229223,282428,365233,382936,418854,
route with flow 0.158156 : 0,14,24,43,7,23,24,43,7,23,6,0, 13,10102,429705,429747,429765,192232,230714,271692,340661,392020,419108,
route with flow 0.034417 : 0,32,1,8,26,31,28,8,31,28,22,1,32,0, 31,1420,8246,435465,435506,435525,181466,266062,308943,359753,385262,401087,419343,
route with flow 0.0299279 : 0,5,10,33,15,33,10,39,33,10,5,0, 4,10045,425238,425248,125899,210113,231645,282512,365233,382936,418854,
route with flow 0.0415665 : 0,4,19,40,41,40,41,13,18,0, 3,534,6651,18715,97980,126630,224778,311058,417251,
route with flow 0.0928831 : 0,12,4,18,25,18,0, 11,25726,435809,198183,303153,417075,
route with flow 0.0415665 : 0,14,25,13,41,4,18,0, 13,10103,87237,430594,430597,309442,417200,
route with flow 0.0485256 : 0,17,37,44,42,19,41,13,25,14,0, 16,79,1590,24016,61966,93131,191118,277405,377533,418821,
route with flow 0.0415665 : 0,18,13,40,19,41,40,41,4,0, 17,60213,422237,171447,204659,303344,331915,405608,419459,
route with flow 0.055986 : 0,11,16,9,30,34,21,29,16,11,32,0, 10,7312,422643,438127,143156,239831,272180,295161,348584,401781,419362,
route with flow 0.046185 : 0,27,32,1,22,28,31,8,26,31,28,22,1,32,0, 26,3381,424127,441375,441416,441456,441462,239877,268782,308943,359753,385262,401087,419343,
route with flow 0.046185 : 0,32,11,16,9,30,34,21,29,16,11,0, 31,1430,31158,424378,118161,188036,284711,316992,339451,387008,418990,
route with flow 0.120782 : 0,4,18,25,14,18,0, 3,533,90436,429465,273870,416371,
route with flow 0.0979129 : 0,6,14,25,18,4,12,0, 5,3277,424696,424731,295361,331346,417650,
route with flow 0.0630345 : 0,17,37,15,33,39,10,39,33,15,37,12,0, 16,79,1563,434151,74028,125325,145625,196492,281093,320239,353361,418166,
route with flow 0.0735008 : 0,18,25,13,25,14,0, 17,60224,429802,247399,350914,418202,
route with flow 0.0162145 : 0,1,22,28,31,26,8,31,28,8,31,28,1,0, 0,236,3763,422429,422471,422500,165294,207963,260006,343909,382008,407590,419489,
route with flow 0.0223792 : 0,8,31,28,3,28,31,26,31,28,22,1,32,0, 7,13488,40508,85313,143404,196362,238009,264915,305203,356231,382510,399448,419303,
route with flow 0.0104728 : 0,22,28,31,26,31,28,22,28,31,26,31,28,22,1,0, 21,414,12165,37820,59678,96225,147820,178722,230022,271669,298575,338299,384572,402566,419349,
route with flow 0.0162145 : 0,27,1,28,31,26,8,28,31,26,31,28,22,1,0, 26,3351,428558,46219,82315,107813,191471,244982,286629,313535,352919,394751,407125,419471,
route with flow 0.0104728 : 0,32,1,28,31,26,8,28,31,26,31,28,22,1,0, 31,1420,8266,37313,72230,97013,180251,233762,275409,302315,341954,387290,404024,419385,
route with flow 0.0420244 : 0,6,24,43,7,23,24,43,7,23,6,0, 5,3287,429580,429622,429637,169792,208274,249252,318731,375481,418713,
route with flow 0.0334238 : 0,11,38,9,34,30,9,30,9,38,0, 10,7334,420994,421033,435014,240415,282721,351698,387484,419009,
route with flow 0.0334238 : 0,12,38,9,30,9,38,5,12,0, 11,25759,71491,110810,180532,222889,278406,355208,418297,
route with flow 0.0334238 : 0,32,11,38,9,30,34,9,38,5,0, 31,1430,31179,78214,118290,188036,284699,327301,378650,418837,
route with flow 0.0113686 : 0,4,41,40,42,40,19,40,41,40,41,4,0, 3,556,435600,435616,114262,141527,174738,201430,299604,328260,404444,419433,
route with flow 0.0113686 : 0,12,37,44,42,40,19,40,41,40,42,4,0, 11,25758,421195,106147,155402,182667,215878,242570,340139,367490,400668,419330,
route with flow 0.0243387 : 0,17,44,42,40,19,40,13,41,40,19,40,42,4,0, 16,86,423536,437615,56643,86071,111644,195055,295822,324543,356936,379848,406083,419459,
route with flow 0.0113686 : 0,37,44,42,40,41,40,19,40,41,40,42,17,0, 36,645,431988,432030,432040,172402,201367,234578,261270,358308,382735,406950,419473,
route with flow 0.0113686 : 0,42,40,19,40,41,40,41,40,42,17,12,0, 41,1973,9756,27427,47547,138784,167770,265944,294931,341778,354191,418166,
route with flow 0.00574173 : 0,12,5,38,16,38,5,12,0, 11,25727,424003,424016,203552,259706,336955,417868,
route with flow 0.00574173 : 0,32,1,28,31,26,31,28,22,28,31,26,31,28,1,0, 31,1420,8266,37313,72230,97035,136903,188960,219862,271162,312809,339132,376138,406047,419447,
route with flow 0.0117178 : 0,4,17,37,15,33,39,10,39,33,39,10,5,0, 3,532,433904,433946,433981,105462,158985,179285,230152,314761,366367,382936,418854,
route with flow 0.0117178 : 0,11,16,2,16,38,5,12,0, 10,7312,422636,142117,199812,255966,333300,417782,
route with flow 0.0117178 : 0,12,17,37,15,33,10,33,15,37,12,0, 11,25738,423379,423421,423446,180193,201719,284833,323894,356951,418251,
route with flow 0.0117178 : 0,38,10,39,33,10,39,33,15,37,12,0, 37,3403,9946,40257,116528,138145,189012,273613,312903,346051,417994,
route with flow 0.0244121 : 0,11,16,2,16,2,16,11,0, 10,7312,422636,142117,199777,310417,366076,418494,
route with flow 0.0244121 : 0,12,4,18,25,14,6,0, 11,25726,435809,198183,303149,378030,418787,
route with flow 0.0437269 : 0,14,25,18,25,14,0, 13,10103,87241,239281,343604,418030,
route with flow 0.00616468 : 0,1,22,28,31,26,8,28,31,26,31,28,1,27,0, 0,236,3763,422429,422471,422500,165291,218802,260449,287355,327334,375868,395444,419211,
route with flow 0.00616468 : 0,22,28,31,26,31,28,8,26,31,28,22,1,27,0, 21,414,12165,37820,59678,96225,147806,232397,261302,301463,352623,379623,397608,419261,
route with flow 0.00616468 : 0,27,8,28,31,26,8,31,28,22,1,27,0, 26,3358,422825,99416,140769,167653,251314,293983,345313,373542,393052,419154,
route with flow 0.00616468 : 0,32,1,28,31,26,31,28,22,28,31,8,27,0, 31,1420,8266,37313,72230,97035,136903,188960,219862,271162,312791,388916,419062,
route with flow 0.0259556 : 0,6,24,43,7,23,24,43,7,43,24,6,0, 5,3287,429580,429622,429637,169792,208274,249252,318751,360071,390219,419050,
route with flow 0.019066 : 0,12,37,44,42,40,19,42,44,37,12,0, 11,25758,421195,106147,155402,182667,215880,263907,322817,356951,418251,
route with flow 0.019066 : 0,38,16,29,21,34,21,34,30,9,38,0, 37,3409,28953,47613,72703,164988,197385,292157,362347,394919,419185,
route with flow 0.0129701 : 0,1,2,20,35,20,2,1,0, 0,216,47951,146046,210632,314435,404318,419419,
route with flow 0.0129701 : 0,4,42,19,40,13,41,40,19,40,41,4,0, 3,557,431472,32630,53571,131475,232242,261207,294418,320950,401520,419367,
route with flow 0.0129701 : 0,12,37,44,42,40,19,40,41,13,4,0, 11,25758,421195,106147,155402,182667,215878,242570,340114,404527,419433,
route with flow 0.0271724 : 0,27,2,20,35,20,2,0, 26,3352,73455,175966,240552,343675,417984,
route with flow 0.00655055 : 0,11,38,10,39,33,39,33,39,10,38,0, 10,7334,420960,57001,103160,187616,241288,325726,375840,390873,419070,
route with flow 0.00655055 : 0,17,15,33,39,33,39,33,39,10,5,0, 16,58,2008,45247,92360,176396,230068,314761,366367,382936,418854,
route with flow 0.00655055 : 0,27,1,8,31,28,3,28,31,8,27,0, 26,3351,428575,435326,114463,166501,225684,278642,320130,393829,419178,
route with flow 0.00655055 : 0,33,39,10,39,33,39,33,39,10,38,0, 32,13582,49225,66665,114212,198836,252508,336691,384534,397852,419239,
route with flow 0.0137234 : 0,38,10,39,33,39,33,39,33,39,10,0, 37,3403,9946,40257,116556,170228,254936,308608,386315,408284,419511,
route with flow 0.0133685 : 0,1,2,20,35,20,29,16,11,0, 0,216,47951,146046,210632,314460,339326,387008,418990,
route with flow 0.0228784 : 0,6,23,43,24,23,7,43,24,43,23,6,0, 5,3286,425599,65504,100047,158387,229269,271582,309212,349425,396623,419221,
route with flow 0.0133685 : 0,11,16,21,29,20,35,20,29,21,16,0, 10,7312,422653,432279,86775,187186,251772,354657,377021,397556,419225,
route with flow 0.0133685 : 0,27,8,31,28,3,20,29,16,11,0, 26,3358,422828,437718,437759,437772,303120,328361,378589,418791,
route with flow 0.0133685 : 0,38,16,29,20,35,20,29,16,11,0, 37,3409,28953,47612,142306,206892,310728,335671,384290,418926,
route with flow 0.0136413 : 0,1,22,28,31,26,8,28,31,26,8,27,0, 0,236,3763,422429,422471,422500,165291,218802,260449,287333,368566,418582,
route with flow 0.0136413 : 0,12,17,37,44,42,19,42,44,37,17,12,0, 11,25738,423379,423417,117325,166601,200920,248947,308060,342401,354233,418166,
route with flow 0.0136413 : 0,18,13,41,19,42,17,12,0, 17,60213,422255,422284,436002,327158,339571,417822,
route with flow 0.0136413 : 0,27,1,22,28,3,28,31,26,31,28,22,1,27,0, 26,3351,428577,428619,428621,128444,181402,223049,249955,290243,341658,370398,390589,419096,
route with flow 0.00688954 : 0,11,38,9,34,30,9,38,11,32,0, 10,7334,420994,421033,435014,240415,282729,337703,396440,419236,
route with flow 0.00688954 : 0,12,38,9,30,34,9,38,11,0, 11,25759,71491,110810,180556,277219,319991,372485,418644,
route with flow 0.016117 : 0,32,11,38,9,30,34,9,38,11,0, 31,1430,31179,78214,118290,188036,284699,327301,378655,418791,
route with flow 0.016117 : 0,38,11,38,9,30,34,9,38,11,0, 37,3404,39494,88468,129510,199256,295919,338266,387070,418990,
route with flow 0.00695913 : 0,6,23,24,43,7,23,24,25,14,0, 5,3286,425598,440881,440886,169239,229632,268096,368124,418602,
route with flow 0.00695913 : 0,12,37,44,15,33,39,33,10,5,0, 11,25758,421195,106120,144727,228840,282428,365233,382936,418854,
route with flow 0.00695913 : 0,14,25,24,23,7,43,24,23,6,0, 13,10103,87247,430007,184567,255449,297762,334888,386820,418986,
route with flow 0.00695913 : 0,18,25,14,24,23,24,14,0, 17,60224,429826,437314,437331,337381,373232,418646,
route with flow 0.0142023 : 0,1,2,20,36,35,20,2,0, 0,216,47951,146047,171675,233115,336365,417812,
route with flow 0.0142023 : 0,20,36,20,35,20,2,32,0, 19,23408,41479,134826,199412,303222,399761,419324,
route with flow 0.0142023 : 0,22,28,3,20,36,35,20,2,0, 21,414,12138,51747,149787,175415,236855,340020,417898,
route with flow 0.0142023 : 0,32,2,20,36,20,35,20,0, 31,1421,433557,433582,190360,291906,355499,418304,
route with flow 0.114366 : 0,12,0, 11,408541,
route with flow 0.00717288 : 0,17,37,33,39,33,39,33,39,10,5,0, 16,79,1580,42138,88746,172656,226328,311036,363098,380049,418786,
route with flow 0.0864709 : 0,27,0, 26,408556,
route with flow 0.00717288 : 0,37,33,39,33,39,33,39,10,5,0, 36,635,33695,78492,161436,215108,299816,352570,370862,418564,
route with flow 0.00746942 : 0,6,24,43,23,43,24,43,7,43,24,6,0, 5,3287,429580,429591,98876,140682,178312,219332,288939,331027,366874,418489,
route with flow 0.00746942 : 0,23,24,43,7,43,24,43,7,43,24,6,0, 22,4189,20427,49732,113159,155642,193272,234292,303899,345647,379300,418787,
route with flow 0.00746942 : 0,24,23,43,24,43,7,43,24,43,7,43,24,0, 23,840,425964,49622,82458,122092,191699,234182,271812,312832,378122,403795,419394,
route with flow 0.00746942 : 0,27,24,43,7,43,24,43,7,43,24,6,0, 26,3374,18163,46749,109419,151902,189532,230552,300159,341992,376333,418713,
route with flow 0.00746942 : 0,38,16,21,34,21,34,9,38,5,0, 37,3409,28945,53208,142548,174945,269696,312649,366144,418546,
route with flow 0.00754487 : 0,4,17,37,44,42,40,19,40,41,40,42,44,37,17,0, 3,532,433904,433944,48831,92494,119087,152298,178990,277164,306151,352767,398651,408322,419514,
route with flow 0.00754487 : 0,12,37,44,42,19,40,42,44,37,12,0, 11,25758,421195,106147,155381,189698,216391,263907,322817,356951,418251,
route with flow 0.00754487 : 0,17,37,44,42,40,19,40,42,44,42,40,19,40,42,17,0, 16,79,1590,24016,61987,86477,118638,145331,192847,251965,301262,328198,360441,382735,406950,419473,
route with flow 0.00754487 : 0,27,1,22,28,3,28,3,28,3,28,22,1,0, 26,3351,428577,428619,428621,128444,181375,240644,293575,351963,394697,407125,419471,
route with flow 0.00754487 : 0,37,44,42,19,40,42,44,42,19,40,42,44,37,0, 36,645,431988,432011,82625,107931,155447,214565,263841,298158,324606,369720,405890,419457,
route with flow 0.00762108 : 0,5,38,9,34,21,34,21,16,38,0, 4,10073,45986,423714,438855,208605,303368,335256,384308,418945,
route with flow 0.00762108 : 0,11,38,16,21,34,21,34,9,38,0, 10,7334,420993,88393,118845,213608,246005,340151,379095,418811,
route with flow 0.00762108 : 0,27,8,26,28,3,28,31,26,8,27,0, 26,3358,422843,422865,431159,184544,237502,279149,306033,383681,418936,
route with flow 0.00762108 : 0,32,38,16,21,34,21,34,21,16,38,0, 31,1456,21897,64777,93337,187428,219825,314577,346221,392095,419128,
route with flow 0.00762108 : 0,38,16,21,34,21,34,9,38,11,0, 37,3409,28945,53208,142548,174945,269696,312649,366150,418494,
route with flow 0.00769806 : 0,1,22,28,3,20,3,28,3,28,22,1,0, 0,236,3763,422415,434249,175935,237032,289835,348308,392277,406312,419447,
route with flow 0.00769806 : 0,27,1,22,28,3,20,3,28,22,1,27,0, 26,3351,428577,428619,428621,128436,232035,293132,345229,373542,393052,419154,
route with flow 0.00769806 : 0,32,1,22,28,3,20,3,28,22,1,27,0, 31,1420,8260,425445,428804,432796,220815,281912,334264,363991,385369,418974,
route with flow 0.00769806 : 0,38,9,10,33,39,10,39,33,39,10,5,0, 37,3402,20225,433322,105420,158985,179285,230152,314761,366367,382936,418854,
route with flow 0.00777582 : 0,4,19,40,13,41,40,19,41,13,4,0, 3,534,6651,18689,84073,183622,212587,245799,343769,405679,419459,
route with flow 0.00777582 : 0,17,4,41,40,41,40,19,41,13,4,0, 16,47,422046,54194,79690,176142,205107,238319,336459,403136,419402,
route with flow 0.00777582 : 0,37,17,4,13,41,40,19,41,13,4,0, 36,619,1895,434168,70542,168662,197627,230839,329149,400032,419330,
route with flow 0.0240489 : 0,11,38,9,30,10,33,39,33,15,37,0, 10,7334,420994,421034,421067,421102,247456,301128,380723,403862,419399,
route with flow 0.0240489 : 0,17,37,15,33,39,33,39,10,30,9,38,0, 16,79,1563,434151,74028,125348,210056,263705,283996,351698,387484,419009,
route with flow 0.0240489 : 0,32,0, 31,408561,
route with flow 0.00809728 : 0,1,8,26,28,31,26,8,28,31,26,8,0, 0,222,430910,430932,95844,137029,163913,247571,301082,342077,367389,418557,
route with flow 0.00809728 : 0,6,23,26,8,28,31,26,31,28,26,8,0, 5,3286,425581,53396,131631,185142,226789,253695,293983,345317,370546,418631,
route with flow 0.00809728 : 0,8,26,31,28,36,20,36,28,31,26,8,0, 7,13483,30233,422552,422579,134260,235807,261428,312302,353042,376834,418779,
route with flow 0.00809728 : 0,26,31,28,26,31,28,8,26,31,28,26,8,0, 25,288,6468,34539,56611,92695,144066,228657,257562,297723,348972,373690,418705,
route with flow 0.00809728 : 0,28,31,26,8,28,31,26,31,28,26,8,1,0, 27,2479,17976,35584,109191,162702,204349,231255,271543,323387,350076,406664,419471,
route with flow 0.00817907 : 0,11,29,20,36,20,36,20,29,21,16,0, 10,7325,439359,439380,126780,228327,253940,354535,377021,397556,419225,
route with flow 0.00817907 : 0,16,21,29,20,36,35,20,29,21,16,32,0, 15,3327,426694,436273,436293,141755,203195,306988,332020,360697,400457,419324,
route with flow 0.00817907 : 0,29,20,36,20,36,20,29,21,16,11,0, 28,149,439667,59923,157267,182880,284420,309998,338995,387008,418990,
route with flow 0.00817907 : 0,32,16,21,29,20,36,35,20,29,21,16,0, 31,1435,21815,44002,63328,161007,186635,248075,351010,373877,395385,419170,
route with flow 0.00817907 : 0,38,16,21,29,20,36,20,29,21,16,38,0, 37,3409,28945,53203,73244,172227,197840,299380,324710,353615,396788,419239,
route with flow 0.00826169 : 0,4,19,40,41,13,40,19,41,13,4,0, 3,534,6651,18715,97954,183920,212587,245799,343769,405679,419459,
route with flow 0.00826169 : 0,6,23,24,43,7,23,24,43,23,6,0, 5,3286,425598,440881,440886,169239,229632,268114,309108,365851,418489,
route with flow 0.00826169 : 0,14,25,13,41,19,42,44,17,4,0, 13,10103,87237,430594,430622,435921,356372,400355,405453,419433,
route with flow 0.0168623 : 0,17,42,19,40,41,13,25,14,6,0, 16,84,431844,18246,35701,123798,210085,314364,386481,418986,
route with flow 0.00826169 : 0,27,6,23,24,43,7,23,24,14,6,0, 26,3356,29119,434854,114774,155752,225339,285732,323957,391568,419108,
route with flow 0.00834514 : 0,5,38,11,38,5,12,0, 4,10073,45988,109457,166206,243986,415681,
route with flow 0.00834514 : 0,11,38,5,11,38,5,12,0, 10,7334,420956,109345,180517,237266,315025,417352,
route with flow 0.00834514 : 0,32,11,38,11,38,5,12,0, 31,1430,31179,78216,146857,203606,281386,416561,
route with flow 0.00842943 : 0,4,17,37,44,37,17,4,17,37,44,37,17,4,18,0, 3,532,433904,433944,48826,79284,90375,122441,134488,167432,225780,260779,272879,305702,417112,
route with flow 0.00842943 : 0,17,37,15,44,37,17,4,17,37,44,37,17,4,18,0, 16,79,1563,434155,51935,82646,94031,126181,138228,171172,229520,264519,276619,309442,417200,
route with flow 0.00842943 : 0,18,4,17,37,15,44,37,17,4,18,0, 17,60204,93065,440204,137485,174530,233344,268259,280359,313182,417288,
route with flow 0.00842943 : 0,37,17,44,37,17,4,17,37,44,37,17,4,17,37,15,44,37,17,0, 36,619,1933,24011,50040,60162,89451,101080,133772,192120,227119,239219,272041,284088,316939,353141,398692,408322,419514,
route with flow 0.00851458 : 0,1,22,28,3,36,35,20,2,1,32,0, 0,236,3763,422415,434264,434303,434316,262082,371074,393056,419152,
route with flow 0.00851458 : 0,5,9,30,34,21,29,2,22,1,32,0, 4,10044,420826,420850,191211,223560,246527,354407,382510,399448,419303,
route with flow 0.00851458 : 0,9,34,21,34,21,34,30,10,5,0, 8,1065,48168,76107,168728,201125,295897,365637,382969,418854,
route with flow 0.00851458 : 0,32,1,22,20,35,36,20,2,32,0, 31,1420,8260,425424,427880,173247,197883,299482,397983,419283,
route with flow 0.00860058 : 0,27,6,23,7,43,24,25,14,6,0, 26,3356,29119,434864,434905,434945,434960,328984,396351,419221,
route with flow 0.00860058 : 0,42,40,19,41,13,25,14,6,0, 41,1973,9756,27428,112578,198865,303149,378030,418787,
route with flow 0.00868746 : 0,5,10,30,39,10,30,10,39,30,10,5,0, 4,10045,425233,435249,125325,145616,214193,235427,286249,355329,374042,418638,
route with flow 0.00868746 : 0,9,30,10,33,10,30,10,39,33,10,5,0, 8,1061,436857,436879,120268,141876,210453,231687,282512,365233,382936,418854,
route with flow 0.00868746 : 0,11,38,9,30,10,39,33,39,10,5,0, 10,7334,420994,421034,421067,421112,421135,299816,352570,370862,418564,
route with flow 0.00868746 : 0,38,9,34,30,10,33,10,30,10,5,0, 37,3402,20249,435108,439071,190541,273608,295216,362310,380082,418786,
route with flow 0.00877521 : 0,1,22,28,3,20,35,36,3,28,22,1,0, 0,236,3763,422415,434249,175966,240567,265186,322723,372669,395351,419163,
route with flow 0.00877521 : 0,11,32,1,22,28,3,28,3,28,22,1,27,0, 10,7328,428334,428376,428417,428419,188284,241215,300484,352539,379623,397608,419261,
route with flow 0.00877521 : 0,22,28,3,20,35,36,3,28,22,1,27,0, 21,414,12138,51747,149786,214387,239006,296744,348884,376686,395444,419211,
route with flow 0.00877521 : 0,27,1,22,28,3,36,35,3,28,22,1,27,0, 26,3351,428577,428619,428621,128452,152975,214398,274304,326954,357144,379738,418842,
route with flow 0.00877521 : 0,32,1,22,28,3,35,36,3,28,22,1,27,0, 31,1420,8260,425445,428804,432806,180727,205346,263084,315989,346248,370524,418625,
route with flow 0.00886385 : 0,4,42,19,40,13,40,19,40,13,18,0, 3,557,431472,32630,53571,131474,160227,193438,220104,303492,417075,
route with flow 0.00886385 : 0,13,41,40,19,40,13,25,14,0, 12,13541,427225,427233,152298,178964,262359,364902,418527,
route with flow 0.00886385 : 0,14,25,13,41,40,19,40,42,4,0, 13,10103,87237,430594,430617,302347,335070,360918,397053,419244,
route with flow 0.00886385 : 0,18,13,40,19,40,13,40,19,40,42,17,0, 17,60213,422237,171447,204658,231324,314720,342818,373359,393146,408411,419515,
route with flow 0.00886385 : 0,42,40,19,40,13,40,19,40,13,18,0, 41,1973,9756,27427,47521,123994,152747,185958,212624,296012,416899,
route with flow 0.00895338 : 0,2,29,21,16,21,34,21,29,2,32,0, 1,28267,432174,432188,124995,156245,251008,283400,306367,399779,419324,
route with flow 0.00895338 : 0,5,9,34,21,34,21,29,2,32,0, 4,10044,420816,120108,152505,247268,279660,302627,398003,419283,
route with flow 0.00895338 : 0,11,2,29,21,34,21,29,2,32,0, 10,7299,435727,435763,141370,236048,268440,291407,391066,419124,
route with flow 0.00895338 : 0,32,2,16,21,34,21,29,2,32,0, 31,1421,433556,438184,148765,243528,275920,298887,395894,419236,
route with flow 0.00895338 : 0,38,9,21,34,21,34,21,29,2,32,0, 37,3402,20236,41066,127588,159985,254748,287140,310107,401388,419362,
route with flow 0.00904382 : 0,6,14,25,24,43,7,26,8,27,0, 5,3277,424696,424714,437258,223072,292662,320836,393967,419178,
route with flow 0.00904382 : 0,8,26,7,43,24,23,7,26,8,27,0, 7,13483,30211,425716,129462,167073,225707,296572,324491,396287,419232,
route with flow 0.00904382 : 0,27,8,26,7,43,24,23,7,26,8,0, 26,3358,422843,422850,426085,185562,223173,281807,351795,376834,418779,
route with flow 0.00913517 : 0,5,15,33,39,33,15,44,12,0, 4,10050,423246,105462,159008,243693,282990,341151,417908,
route with flow 0.00913517 : 0,6,14,25,18,12,0, 5,3277,424696,424731,295369,416866,
route with flow 0.00913517 : 0,12,15,44,42,19,42,44,15,12,0, 11,25736,56028,109929,159121,193440,241467,300558,338616,417822,
route with flow 0.00913517 : 0,37,44,15,33,39,33,15,44,12,0, 36,645,431987,43793,120380,173968,258653,297950,355736,418251,
route with flow 0.00913517 : 0,44,15,33,39,33,15,44,12,0, 43,4224,20460,87560,140308,224993,264290,322876,417478,
route with flow 0.00922745 : 0,5,38,11,38,9,30,9,38,11,0, 4,10073,45988,109457,166210,208050,277772,319991,372485,418644,
route with flow 0.00922745 : 0,11,38,9,34,30,9,38,11,0, 10,7334,420994,421033,435014,240415,282729,337703,417821,
route with flow 0.00932065 : 0,1,20,36,20,36,35,20,2,0, 0,234,439130,63243,161007,186635,248075,350985,418156,
route with flow 0.00932065 : 0,2,29,20,36,35,20,2,0, 1,28267,432149,142307,167935,229375,332710,417726,
route with flow 0.00932065 : 0,16,29,20,36,35,20,2,32,0, 15,3335,11384,87173,111835,173275,277042,383148,418941,
route with flow 0.00932065 : 0,20,36,20,36,35,20,2,0, 19,23408,41479,134827,160455,221895,325400,417554,
route with flow 0.00932065 : 0,32,2,20,36,35,20,29,16,0, 31,1421,433557,433582,190375,251815,354657,377018,418722,
route with flow 0.0094148 : 0,4,42,19,41,13,25,14,6,0, 3,557,431472,32631,120058,206345,310629,383763,418922,
route with flow 0.0094148 : 0,6,14,25,13,41,19,42,4,0, 5,3277,424696,424738,424765,329112,363913,398983,419290,
route with flow 0.0191178 : 0,18,25,13,41,19,42,4,0, 17,60224,429802,247415,347387,379555,406083,419459,
route with flow 0.0094148 : 0,27,8,31,26,8,28,31,26,8,27,0, 26,3358,422828,437697,115293,198951,252462,294109,320836,393967,419178,
route with flow 0.0095099 : 0,23,24,43,7,23,24,43,7,23,6,0, 22,4189,20427,49732,113139,173532,212014,252992,322386,378520,418787,
route with flow 0.0095099 : 0,24,23,43,24,43,23,7,43,24,23,6,0, 23,840,425964,49622,82458,122108,180827,251709,294022,331233,384102,418922,
route with flow 0.0095099 : 0,27,6,23,24,43,23,43,24,43,23,6,0, 26,3356,29119,434854,114774,155768,214522,256622,294252,334805,386820,418986,
route with flow 0.00960596 : 0,1,22,28,31,26,8,31,26,31,28,22,1,27,0, 0,236,3763,422429,422471,422500,165294,207961,234995,275283,327038,357144,379738,418842,
route with flow 0.00960596 : 0,5,15,33,39,10,39,33,39,10,5,0, 4,10050,423246,105462,158985,179285,230152,314761,366367,382936,418854,
route with flow 0.00960596 : 0,15,33,39,33,39,33,39,10,5,0, 14,806,36424,81854,165176,218848,303556,356179,374006,418638,
route with flow 0.00960596 : 0,44,15,33,39,10,39,33,39,10,5,0, 43,4224,20460,87560,140285,160585,211452,296076,348915,367714,418488,
route with flow 0.00970299 : 0,4,41,19,42,41,13,18,0, 3,556,435585,438785,121785,221038,307318,417163,
route with flow 0.00970299 : 0,12,17,42,19,41,13,18,0, 11,25738,423376,431585,107462,206078,292358,416811,
route with flow 0.00970299 : 0,17,42,19,41,40,41,13,18,0, 16,84,431844,18247,97980,126630,224778,311058,417251,
route with flow 0.009801 : 0,5,38,16,9,30,34,21,16,11,0, 4,10073,45993,95526,136861,206736,303411,335256,384290,418926,
route with flow 0.009801 : 0,16,9,34,21,34,30,9,16,11,0, 15,3316,432372,98004,130065,224837,296515,338245,387191,418990,
route with flow 0.009801 : 0,27,1,8,26,31,28,3,28,31,26,8,0, 26,3351,428575,435342,435383,435401,192681,251864,304822,345732,370546,418631,
route with flow 0.009801 : 0,32,11,16,21,34,30,9,16,11,0, 31,1430,31158,424407,107625,202397,274075,316315,369481,418570,
route with flow 0.0099 : 0,1,22,28,3,35,36,3,35,36,3,22,1,32,0, 0,236,3763,422415,434245,135847,160466,218211,281707,306326,362542,387980,402627,419379,
route with flow 0.0099 : 0,27,1,22,3,36,35,3,36,35,3,22,1,0, 26,3351,428577,428615,77898,100867,162038,221952,246475,307898,365826,390493,419047,
route with flow 0.0099 : 0,32,1,22,3,36,35,3,36,35,3,28,22,1,0, 31,1420,8260,425444,67813,90151,150818,210732,235255,296678,355587,396944,407748,419489,
route with flow 0.01 : 0,6,8,26,31,26,8,31,26,8,27,0, 5,3271,51156,76402,114461,141473,225134,267801,294813,374854,418730,
route with flow 0.01 : 0,8,31,26,8,31,26,8,31,26,8,0, 7,13488,40506,62976,142854,185521,212533,296194,338297,364147,418481,
route with flow 0.01 : 0,12,37,15,44,42,44,15,37,12,0, 11,25758,421197,421231,143589,192805,251938,290591,324121,417478,
route with flow 0.01 : 0,26,31,26,8,31,26,8,31,26,8,27,0, 25,288,6466,18556,84190,125681,152693,236354,279021,306033,383681,418936,
route with flow 0.01 : 0,27,8,31,26,8,31,26,8,27,0, 26,3358,422828,437697,115293,198954,241621,268633,351422,418180,
total flow: 5
loc: 0 flow: 10
loc: 1 flow: 1.03424
loc: 2 flow: 1.00813
loc: 3 flow: 1.04932
loc: 4 flow: 0.981847
loc: 5 flow: 1.00155
loc: 6 flow: 1.00958
loc: 7 flow: 1.00276
loc: 8 flow: 1.12035
loc: 9 flow: 1.01555
loc: 10 flow: 1.02291
loc: 11 flow: 1.01693
loc: 12 flow: 1.00849
loc: 13 flow: 1.03652
loc: 14 flow: 0.99574
loc: 15 flow: 1.00233
loc: 16 flow: 1.00271
loc: 17 flow: 0.997645
loc: 18 flow: 1.01764
loc: 19 flow: 0.999871
loc: 20 flow: 1.03759
loc: 21 flow: 1.02308
loc: 22 flow: 1.00578
loc: 23 flow: 1.04822
loc: 24 flow: 1.03501
loc: 25 flow: 1.00786
loc: 26 flow: 1.08246
loc: 27 flow: 1.04406
loc: 28 flow: 1.03044
loc: 29 flow: 0.962041
loc: 30 flow: 0.995658
loc: 31 flow: 1.07848
loc: 32 flow: 1.00587
loc: 33 flow: 1.06134
loc: 34 flow: 1.02303
loc: 35 flow: 1.01142
loc: 36 flow: 1.0069
loc: 37 flow: 1.00813
loc: 38 flow: 1.00576
loc: 39 flow: 1.05356
loc: 40 flow: 1.00377
loc: 41 flow: 0.999741
loc: 42 flow: 1.00785
loc: 43 flow: 1.04326
loc: 44 flow: 1.00877
start robust cut dual phase
STATS - lpIterations[4] lagIterations[147] sspIterations[735] numSeparations[184] numCuts[8] compileTime[6] sspSolveTime[167] lpSolveTime[0] lb[473.729] ub[510] numArcs: [436767] numFixed: [243586] time: [944]
STATS1 - lpIterations[4] lagIterations[147] sspIterations[735] numSeparations[184] numCuts[8] compileTime[6] sspSolveTime[167] lpSolveTime[0] repairTime[26] cutsTime[33] lb[473.729] ub[510] numArcs: [436767] numFixed: [243586] time: [944]
fixing. lower bound used: 406.311
fixed path dual: 14.0925
best alpha: 0.01
0:0
1:-0.0239005
2:0.00194724
3:-0.0388265
4:0.0179715
5:-0.00153093
6:0.000516493
7:0.00727106
8:-0.109151
9:-0.00539423
10:-0.0126837
11:-0.00676426
12:-0.0184088
13:-0.0261542
14:0.00421787
15:0.00769029
16:0.00731679
17:0.012331
18:-0.0274653
19:0.0101273
20:-0.0272112
21:-0.0128513
22:0.00427672
23:-0.0377362
24:-0.0246555
25:-0.00778543
26:-0.0716367
27:-0.0436211
28:-0.0201314
29:0.0475795
30:0.0142987
31:-0.0676964
32:-0.0058119
33:-0.0507228
34:-0.0127977
35:-0.00130244
36:0.00316904
37:0.00195186
38:0.00429944
39:-0.0430214
40:0.00626279
41:0.010256
42:0.00222581
43:-0.0328304
44:0.00131927
45:0.565063
46:0.612457
47:0.224687
48:0.0531507
49:1.15054
50:0.392797
51:0.38158
52:1.0399
alpha: 1.50449
lagLB: 348.042
stepSizeMultiplier: 0.221858
targetLowerBound: 497.415
||gamma||^2: 3.4929
lambda: 0,1.60447,13.5683,2.24028,10.0116,9.83627,5.09959,10.3296,0,4.89198,6.63297,4.19384,7.91312,13.5508,10.7141,7.1257,8.94119,4.64107,13.1687,10.1358,13.668,8.40701,3.77138,4.99495,9.85992,14.7017,1.73074,2.0961,10.5431,8.40186,10.7776,0,3.99085,15.4417,12.0907,8.3415,12.7151,4.29143,6.30345,10.8723,18.5418,11.5973,12.003,12.6433,8.37314,
mu: 0.931774,0.931774,0.931774,0.931774,
srcDuals: 
lambda: 0,4.95111,14.3633,7.0604,8.23747,9.98741,6.03579,10.599,11.6673,6.41169,8.8723,5.8488,8.74323,17.1199,10.2977,7.35372,9.20608,4.41095,14.8929,10.1233,17.3415,10.6629,4.33638,9.70744,13.2811,15.4703,9.78987,6.40235,13.5177,4.69204,10.3533,7.64716,4.5646,21.4362,14.3413,9.45727,13.3895,5.08594,6.8662,16.1065,18.9108,11.572,12.7705,16.8715,9.2301,
mu: 0,0,0,0,
srcDuals: 
fixing. lower bound used: 406.311
fixed path dual: -14.8262
best alpha: 0.01
0:0
1:-0.0836615
2:0.0119278
3:-0.208438
4:0.0277918
5:0.00848438
6:0.0105113
7:0.0171984
8:-0.0980596
9:0.00465971
10:-0.00255687
11:0.00330338
12:-0.00822471
13:-0.0158926
14:0.0141757
15:0.0176134
16:0.0172436
17:0.0222077
18:-0.0171906
19:0.020026
20:-0.0369391
21:-0.00272282
22:0.00423395
23:-0.0273588
24:-0.014409
25:0.00229243
26:-0.0609203
27:-0.0531849
28:-0.21993
29:0.0571037
30:0.0241557
31:-0.0570194
32:-0.00575378
33:-0.0402155
34:-0.00266971
35:0.00871059
36:0.0131374
37:0.0119323
38:0.0142564
39:-0.0325912
40:0.0162002
41:0.0201534
42:0.0122036
43:-0.0225021
44:0.0113061
45:0.639412
46:0.616332
47:0.12244
48:-0.0973808
49:0.339032
50:-0.431131
51:0.0977644
52:1.12951
alpha: 2.2487
lagLB: 401.063
stepSizeMultiplier: 0.221858
targetLowerBound: 497.415
||gamma||^2: 2.33692
lambda: 0,4.91515,14.3662,7.00199,8.26451,9.9851,6.03657,10.6099,11.5031,6.40358,8.85321,5.83862,8.71553,17.0805,10.304,7.36529,9.21709,4.4295,14.8515,10.1385,17.3005,10.6435,4.34282,9.65066,13.244,15.4586,9.68209,6.33672,13.4874,4.76362,10.3748,7.54531,4.55586,21.3599,14.322,9.45531,13.3942,5.08887,6.87267,16.0418,18.9202,11.5874,12.7738,16.8221,9.23209,
mu: 0.85013,0.921433,0.338039,0.0799645,
srcDuals: 
lambda: 0,4.95111,14.3633,7.0604,8.23747,9.98741,6.03579,10.599,11.6673,6.41169,8.8723,5.8488,8.74323,17.1199,10.2977,7.35372,9.20608,4.41095,14.8929,10.1233,17.3415,10.6629,4.33638,9.70744,13.2811,15.4703,9.78987,6.40235,13.5177,4.69204,10.3533,7.64716,4.5646,21.4362,14.3413,9.45727,13.3895,5.08594,6.8662,16.1065,18.9108,11.572,12.7705,16.8715,9.2301,
mu: 0,0,0,0,
srcDuals: 
fixing. lower bound used: 362.38
percent fixed: 54.9548
fixing. lower bound used: 406.311
fixed path dual: -10.7897
best alpha: 0.01
0:0
1:-0.0728249
2:0.0218085
3:-0.196354
4:0.0375138
5:0.00839953
6:0.0204062
7:0.0270264
8:-0.087079
9:0.0146131
10:0.00746869
11:0.0132703
12:-0.00814246
13:-0.00573372
14:0.0240339
15:-0.102563
16:0.0270712
17:-0.178014
18:-0.00701871
19:0.0298257
20:-0.0265697
21:0.00730441
22:0.0141916
23:-0.0170853
24:-0.00426489
25:0.0122695
26:-0.0503111
27:-0.0426531
28:-0.207731
29:0.0665326
30:0.0339141
31:-0.0464492
32:0.00430376
33:-0.0298134
34:0.00735699
35:0.0186235
36:0.023006
37:-0.038187
38:0.0241139
39:-0.0222653
40:0.0260382
41:0.0299519
42:0.0220815
43:-0.0122771
44:-0.258807
45:0.893018
46:0.900169
47:0.651216
48:0.403593
49:0.415642
50:-0.28682
51:0.176787
52:-0.601789
alpha: 1.99922
lagLB: 364.355
stepSizeMultiplier: 0.221858
targetLowerBound: 497.415
||gamma||^2: 2.62854
lambda: 0,4.76298,14.3901,6.59169,8.29996,10.0065,6.05943,10.6376,11.4468,6.42217,8.86655,5.85623,8.72473,17.0841,10.3296,7.39332,9.24485,4.46089,14.8542,10.1683,17.2584,10.6568,4.3459,9.64592,13.2487,15.4755,9.65288,6.28276,13.0231,4.82045,10.4076,7.51894,4.55166,21.3457,14.3352,9.47686,13.419,5.11277,6.89826,16.0333,18.9472,11.6173,12.7979,16.8209,9.25552,
mu: 1.43785,1.38594,0.275331,0,
srcDuals: 
lambda: 0,4.95111,14.3633,7.0604,8.23747,9.98741,6.03579,10.599,11.6673,6.41169,8.8723,5.8488,8.74323,17.1199,10.2977,7.35372,9.20608,4.41095,14.8929,10.1233,17.3415,10.6629,4.33638,9.70744,13.2811,15.4703,9.78987,6.40235,13.5177,4.69204,10.3533,7.64716,4.5646,21.4362,14.3413,9.45727,13.3895,5.08594,6.8662,16.1065,18.9108,11.572,12.7705,16.8715,9.2301,
mu: 0,0,0,0,
srcDuals: 
fixing. lower bound used: 406.311
fixed path dual: 11.0372
best alpha: 0.02
0:0
1:-0.0513684
2:0.0413723
3:-0.172427
4:0.0567636
5:0.00823154
6:0.0199981
7:0.0464858
8:-0.0653375
9:0.0343208
10:0.0273193
11:0.0330049
12:-0.0279796
13:0.014381
14:0.0435533
15:-0.0805115
16:0.0465298
17:-0.154454
18:-0.00687834
19:0.0492292
20:-0.00603834
21:0.0271583
22:0.0339078
23:0.00325645
24:0.0158204
25:0.0320241
26:-0.0293049
27:-0.0418
28:-0.183576
29:0.085202
30:0.0532359
31:-0.0255202
32:0.0242177
33:-0.00921712
34:0.0272098
35:0.038251
36:0.0425459
37:-0.0174232
38:0.0436316
39:-0.00181999
40:0.0455174
41:0.0493529
42:0.0416399
43:0.00796848
44:-0.233631
45:0.115158
46:0.182165
47:0.438191
48:0.115521
49:0.607329
50:0.0389166
51:0.373251
52:-0.349754
alpha: 5.44788
lagLB: 375.169
stepSizeMultiplier: 0.221858
targetLowerBound: 497.415
||gamma||^2: 0.964602
lambda: 0,4.80552,14.4069,6.66785,8.31247,10.0042,6.07659,10.653,11.4932,6.44091,8.88723,5.87533,8.72695,17.1084,10.3457,7.14867,9.2602,4.05506,14.8788,10.1829,17.2884,10.6775,4.36476,9.67328,13.2726,15.4948,9.68928,6.31708,13.1024,4.82505,10.4211,7.5543,4.5732,21.3766,14.356,9.4945,13.4355,5.00959,6.91441,16.062,18.9628,11.6319,12.8146,16.847,8.71269,
mu: 1.78534,1.79964,1.30193,0.806873,
srcDuals: 
lambda: 0,4.95111,14.3633,7.0604,8.23747,9.98741,6.03579,10.599,11.6673,6.41169,8.8723,5.8488,8.74323,17.1199,10.2977,7.35372,9.20608,4.41095,14.8929,10.1233,17.3415,10.6629,4.33638,9.70744,13.2811,15.4703,9.78987,6.40235,13.5177,4.69204,10.3533,7.64716,4.5646,21.4362,14.3413,9.45727,13.3895,5.08594,6.8662,16.1065,18.9108,11.572,12.7705,16.8715,9.2301,
mu: 0,0,0,0,
srcDuals: 
fixing. lower bound used: 406.311
fixed path dual: -46.2947
best alpha: 0.01
0:0
1:-0.0908547
2:0.0509586
3:-0.260702
4:0.0661959
5:0.0181492
6:0.0297981
7:0.056021
8:-0.0546841
9:0.0439776
10:0.0370461
11:0.0426749
12:-0.0176998
13:0.0242371
14:0.0531177
15:-0.0697064
16:0.0560645
17:-0.14291
18:0.00319044
19:0.0587369
20:-0.075978
21:0.0368867
22:0.0235687
23:0.0132239
24:0.0256622
25:0.0417039
26:-0.0190118
27:-0.041382
28:-0.38174
29:0.0943499
30:0.0627035
31:-0.015265
32:0.0339755
33:0.000875046
34:0.0369378
35:0.0478685
36:0.0521204
37:-0.00724901
38:0.0531953
39:0.00819821
40:0.0550622
41:0.0588593
42:0.0512235
43:0.0178888
44:-0.221295
45:0.144006
46:0.180344
47:0.333809
48:-0.0356341
49:-0.358744
50:-0.861473
51:-0.0704815
52:-0.246256
alpha: 9.80441
lagLB: 235.625
stepSizeMultiplier: 0.221858
targetLowerBound: 497.415
||gamma||^2: 0.535987
lambda: 0,4.67126,14.5887,6.12104,8.54671,10.0323,6.14474,10.8522,11.3114,6.59867,9.02113,6.0286,8.5908,17.1982,10.535,6.9151,9.45957,3.5695,14.8554,10.3915,17.3086,10.8108,4.52111,9.72518,13.3673,15.6448,9.63022,6.17463,12.5176,5.15621,10.6433,7.50813,4.69653,21.386,14.4895,9.66566,13.6213,4.99102,7.1039,16.0966,19.1588,11.8409,12.9973,16.9149,7.95731,
mu: 0.627365,0.992414,2.38721,0.629345,
srcDuals: 
lambda: 0,4.95111,14.3633,7.0604,8.23747,9.98741,6.03579,10.599,11.6673,6.41169,8.8723,5.8488,8.74323,17.1199,10.2977,7.35372,9.20608,4.41095,14.8929,10.1233,17.3415,10.6629,4.33638,9.70744,13.2811,15.4703,9.78987,6.40235,13.5177,4.69204,10.3533,7.64716,4.5646,21.4362,14.3413,9.45727,13.3895,5.08594,6.8662,16.1065,18.9108,11.572,12.7705,16.8715,9.2301,
mu: 0,0,0,0,
srcDuals: 
fixing. lower bound used: 406.311
fixed path dual: 11.9968
best alpha: 0.02
0:0
1:-0.0690376
2:0.0699394
3:-0.235488
4:0.064872
5:0.0377862
6:0.0492021
7:0.0749006
8:-0.0335904
9:0.0630981
10:0.0563052
11:0.0618214
12:-0.0173458
13:0.0237524
14:-0.00794463
15:-0.0483122
16:0.0749432
17:-0.120051
18:-0.0568734
19:0.0775622
20:-0.0544584
21:0.056149
22:0.0430973
23:0.0329594
24:0.045149
25:-0.0391302
26:0.00136839
27:-0.0405544
28:-0.354106
29:0.112463
30:0.0814494
31:0.00504027
32:0.053296
33:0.0208575
34:0.056199
35:0.0669111
36:0.071078
37:0.012896
38:0.0721314
39:0.0280342
40:0.073961
41:0.0776821
42:0.070199
43:0.037531
44:-0.196869
45:-0.398874
46:-0.303263
47:0.127133
48:-0.0949214
49:-0.151569
50:-0.524243
51:0.130928
52:-0.201331
alpha: 13.3234
lagLB: 367.113
stepSizeMultiplier: 0.221858
targetLowerBound: 497.415
||gamma||^2: 0.394421
lambda: 0,4.06033,14.8629,4.50437,8.88648,10.1653,6.32795,11.1482,11.1312,6.84287,9.23551,6.2672,8.56969,17.3575,10.8185,6.67029,9.75576,3.00981,14.9241,10.6991,16.5966,11.0245,4.56746,9.83709,13.5327,15.8792,9.60347,5.99663,9.77495,5.61708,10.968,7.49749,4.89771,21.4447,14.7034,9.92659,13.9005,5.01487,7.38775,16.1869,19.4506,12.1491,13.2727,17.0469,7.06044,
mu: 1.4119,1.76816,3.2728,0,
srcDuals: 
lambda: 0,4.95111,14.3633,7.0604,8.23747,9.98741,6.03579,10.599,11.6673,6.41169,8.8723,5.8488,8.74323,17.1199,10.2977,7.35372,9.20608,4.41095,14.8929,10.1233,17.3415,10.6629,4.33638,9.70744,13.2811,15.4703,9.78987,6.40235,13.5177,4.69204,10.3533,7.64716,4.5646,21.4362,14.3413,9.45727,13.3895,5.08594,6.8662,16.1065,18.9108,11.572,12.7705,16.8715,9.2301,
mu: 0,0,0,0,
srcDuals: 
fixing. lower bound used: 406.311
fixed path dual: -17.1447
best alpha: 0.01
0:0
1:-0.0583473
2:0.00924003
3:-0.223134
4:0.0742233
5:0.0474084
6:0.0587101
7:0.0841516
8:-0.0232545
9:0.0724671
10:0.0657422
11:0.0612032
12:-0.00717236
13:0.0335149
14:0.00213482
15:-0.0378291
16:0.0341937
17:-0.108851
18:-0.0463046
19:0.0867866
20:-0.0439138
21:-0.0644125
22:0.0526664
23:0.0426298
24:0.0546975
25:-0.0287389
26:0.0113547
27:-0.0301488
28:-0.340565
29:0.0413383
30:0.0906349
31:0.0149899
32:0.012763
33:0.030649
34:-0.014363
35:0.076242
36:0.0803672
37:0.022767
38:0.0714101
39:0.0377539
40:0.0832214
41:0.0869053
42:0.079497
43:0.0471557
44:-0.1849
45:-0.354885
46:-0.280231
47:0.0258619
48:-0.243972
49:-0.0700536
50:-0.379001
51:-0.270381
52:-0.0993176
alpha: 15.8817
lagLB: 394.038
stepSizeMultiplier: 0.221858
targetLowerBound: 497.415
||gamma||^2: 0.330886
lambda: 0,4.03129,15.2951,3.92289,9.10178,10.4908,6.69133,11.5969,11.2198,7.25237,9.62247,6.67247,8.51212,17.4363,10.1918,6.71003,10.2046,2.81146,14.1351,11.1567,16.6159,11.411,4.91059,10.1466,13.8826,14.949,9.8081,5.86203,8.7998,6.19043,11.4384,7.71431,5.27468,21.7141,15.09,10.3488,14.3365,5.25776,7.82724,16.4801,19.8962,12.607,13.7058,17.3716,6.60714,
mu: 0,0,1.69385,0,
srcDuals: 
lambda: 0,4.95111,14.3633,7.0604,8.23747,9.98741,6.03579,10.599,11.6673,6.41169,8.8723,5.8488,8.74323,17.1199,10.2977,7.35372,9.20608,4.41095,14.8929,10.1233,17.3415,10.6629,4.33638,9.70744,13.2811,15.4703,9.78987,6.40235,13.5177,4.69204,10.3533,7.64716,4.5646,21.4362,14.3413,9.45727,13.3895,5.08594,6.8662,16.1065,18.9108,11.572,12.7705,16.8715,9.2301,
mu: 0,0,0,0,
srcDuals: 
fixing. lower bound used: 435.747
percent fixed: 54.9425
fixing. lower bound used: 406.311
fixed path dual: -3.64373
best alpha: 0.01
0:0
1:-0.0477638
2:0.0191476
3:-0.210902
4:0.0834811
5:0.0569343
6:0.00812303
7:0.00331004
8:-0.023022
9:0.0817424
10:0.0750847
11:0.0705911
12:0.00289936
13:0.0431797
14:0.00211347
15:-0.0274508
16:0.0438518
17:-0.0977623
18:-0.0358416
19:0.0959187
20:-0.0334747
21:-0.0537684
22:0.0621397
23:-0.0477965
24:-0.0558495
25:-0.0184515
26:0.0112412
27:-0.0298473
28:-0.327159
29:0.0509249
30:0.0997286
31:0.02484
32:0.0226354
33:0.0403425
34:-0.00421936
35:0.0854796
36:0.0895635
37:0.0325393
38:0.080696
39:0.0473764
40:0.0923892
41:0.0960363
42:0.0887021
43:-0.0533158
44:-0.173051
45:-0.271336
46:-0.177428
47:-0.0743967
48:-0.391532
49:-0.00935305
50:-0.255211
51:-0.187677
52:0.00167554
alpha: 16.4022
lagLB: 443.297
stepSizeMultiplier: 0.221858
targetLowerBound: 497.415
||gamma||^2: 0.320385
lambda: 0,4.02446,14.51,3.51666,9.41626,10.7403,6.96821,11.9354,11.298,7.56259,9.91639,6.82081,8.62932,17.6522,10.3316,6.75292,9.74913,2.68221,14.1575,11.5016,16.644,9.6399,5.17281,10.3845,14.1498,15.0139,9.9702,5.92354,8.10895,5.34856,11.7927,7.88522,4.7673,21.9229,14.1131,10.6681,14.6658,5.44752,8.00032,16.7061,20.2325,12.9522,14.033,17.6204,6.29358,
mu: 0,0,0.410731,0,
srcDuals: 
lambda: 0,4.95111,14.3633,7.0604,8.23747,9.98741,6.03579,10.599,11.6673,6.41169,8.8723,5.8488,8.74323,17.1199,10.2977,7.35372,9.20608,4.41095,14.8929,10.1233,17.3415,10.6629,4.33638,9.70744,13.2811,15.4703,9.78987,6.40235,13.5177,4.69204,10.3533,7.64716,4.5646,21.4362,14.3413,9.45727,13.3895,5.08594,6.8662,16.1065,18.9108,11.572,12.7705,16.8715,9.2301,
mu: 0,0,0,0,
srcDuals: 
fixing. lower bound used: 375.792
percent fixed: 54.9416
fixing. lower bound used: 406.311
fixed path dual: -4.47194
best alpha: 0.02
0:0
1:-0.0268085
2:0.0387647
3:-0.186684
4:0.00181143
5:0.0157956
6:0.0279606
7:0.0232438
8:-0.00256151
9:0.0601076
10:-0.00641696
11:0.0891793
12:0.00284138
13:-0.0176839
14:0.0020712
15:-0.00690182
16:0.0629748
17:-0.0758071
18:-0.0151248
19:0.0340003
20:-0.0128052
21:-0.032693
22:0.0808969
23:-0.0268406
24:-0.0347325
25:-0.0180825
26:0.0310163
27:-0.00925038
28:-0.300616
29:0.0699064
30:0.097734
31:0.0443432
32:0.0421827
33:-0.000464369
34:0.015865
35:0.10377
36:0.107772
37:0.0518886
38:0.059082
39:-0.0335712
40:-0.00945863
41:0.0141155
42:0.086928
43:-0.0322495
44:-0.14959
45:-0.16591
46:-0.0138797
47:0.287091
48:0.0762982
49:0.150834
50:0.0298936
51:-0.0239238
52:0.00164203
alpha: 14.8255
lagLB: 442.627
stepSizeMultiplier: 0.221858
targetLowerBound: 497.415
||gamma||^2: 0.354459
lambda: 0,4.16768,14.6773,3.60113,9.60675,10.9213,6.16903,10.6533,11.2897,7.75245,10.1039,7.00665,8.79078,17.8281,10.3324,6.90346,9.92535,2.80743,14.305,11.6965,16.7924,9.78096,5.35561,8.92347,12.365,15.1677,9.97425,5.91279,8.15155,5.52732,11.989,8.05459,4.93587,22.0979,14.272,10.8593,14.8585,5.61966,8.1898,16.8836,20.4262,13.1472,14.2254,15.997,6.39168,
mu: 0,0,0,0,
srcDuals: 
lambda: 0,4.95111,14.3633,7.0604,8.23747,9.98741,6.03579,10.599,11.6673,6.41169,8.8723,5.8488,8.74323,17.1199,10.2977,7.35372,9.20608,4.41095,14.8929,10.1233,17.3415,10.6629,4.33638,9.70744,13.2811,15.4703,9.78987,6.40235,13.5177,4.69204,10.3533,7.64716,4.5646,21.4362,14.3413,9.45727,13.3895,5.08594,6.8662,16.1065,18.9108,11.572,12.7705,16.8715,9.2301,
mu: 0,0,0,0,
srcDuals: 
fixing. lower bound used: 444.496
percent fixed: 54.9409
fixing. lower bound used: 406.311
fixed path dual: -19.791
best alpha: 0.01
0:0
1:-0.0665404
2:0.048377
3:-0.174817
4:0.0117933
5:0.0256377
6:0.037681
7:0.0330114
8:-0.0425359
9:0.0695065
10:0.00364721
11:0.0982875
12:0.012813
13:-0.00750702
14:0.0120505
15:0.0031672
16:0.072345
17:-0.065049
18:-0.00497351
19:0.0436603
20:-0.0726771
21:-0.0223661
22:-0.0199121
23:-0.0165721
24:-0.0243852
25:-0.00790166
26:0.0407062
27:-0.0291579
28:-0.33761
29:0.0792074
30:0.106757
31:0.0238997
32:0.0317609
33:0.00954027
34:0.0257064
35:0.0527323
36:0.0566945
37:0.0613697
38:0.0684912
39:-0.0232354
40:0.000635955
41:0.0239744
42:0.0960587
43:-0.021927
44:-0.138094
45:-0.0742505
46:0.00625907
47:0.18422
48:-0.0744648
49:-0.490674
50:-0.930405
51:-0.203685
52:0.101626
alpha: 17.4603
lagLB: 355.336
stepSizeMultiplier: 0.221858
targetLowerBound: 497.415
||gamma||^2: 0.300971
lambda: 0,4.55366,14.938,4.29271,8.26432,10.2216,6.45032,10.9436,11.6293,7.30282,8.77716,7.17093,8.78535,16.8577,10.3284,7.25139,10.1397,3.28707,14.6686,10.6273,17.1516,10.1782,5.53572,9.30951,12.7662,15.2022,10.2497,6.26521,9.06091,5.72844,11.8022,8.30457,5.18998,21.4293,14.5765,10.9957,14.9873,5.85521,7.74212,15.6088,18.7705,11.7813,14.0593,16.3934,7.01235,
mu: 0,0,4.25628,1.13116,
srcDuals: 
lambda: 0,4.95111,14.3633,7.0604,8.23747,9.98741,6.03579,10.599,11.6673,6.41169,8.8723,5.8488,8.74323,17.1199,10.2977,7.35372,9.20608,4.41095,14.8929,10.1233,17.3415,10.6629,4.33638,9.70744,13.2811,15.4703,9.78987,6.40235,13.5177,4.69204,10.3533,7.64716,4.5646,21.4362,14.3413,9.45727,13.3895,5.08594,6.8662,16.1065,18.9108,11.572,12.7705,16.8715,9.2301,
mu: 0,0,0,0,
srcDuals: 
fixing. lower bound used: 406.311
fixed path dual: -6.41981
best alpha: 0.02
0:0
1:-0.0452096
2:0.0674095
3:-0.151321
4:0.0115575
5:0.0451249
6:-0.00307266
7:0.0523512
8:-0.0216852
9:0.0881164
10:0.0235743
11:0.116322
12:0.0325567
13:0.0126431
14:-0.108191
15:0.0231039
16:0.0908981
17:-0.043748
18:-0.104874
19:0.0627871
20:-0.0512236
21:-0.00191874
22:0.00048617
23:-0.0362407
24:-0.0838975
25:-0.127744
26:0.0598921
27:-0.00857472
28:-0.310857
29:0.0976232
30:0.124622
31:0.0434217
32:0.0511257
33:0.0293495
34:0.0451922
35:0.0716777
36:0.0755607
37:0.0801423
38:0.0871214
39:-0.00277074
40:0.0206232
41:0.0434949
42:0.114138
43:-0.00148849
44:-0.115332
45:-0.352765
46:-0.213866
47:-0.0194641
48:-0.0729755
49:-0.320861
50:-0.631797
51:-0.0396109
52:-0.180407
alpha: 11.2289
lagLB: 428.572
stepSizeMultiplier: 0.146427
targetLowerBound: 497.415
||gamma||^2: 0.308874
lambda: 0,3.7893,15.2079,4.00805,8.44338,10.435,6.69371,11.1754,10.9246,7.62529,8.93598,7.56492,8.96695,16.9888,10.5081,7.40902,10.4692,3.27518,14.806,10.8856,16.0725,10.2724,3.98871,9.41808,12.8553,15.3324,10.5006,5.89325,7.62294,6.07502,12.2173,8.06445,5.11915,21.6027,14.7901,10.378,14.3794,6.15747,8.06208,15.7008,18.9219,11.9906,14.4477,16.4887,6.81894,
mu: 0,0.109285,3.21654,0,
srcDuals: 
lambda: 0,4.95111,14.3633,7.0604,8.23747,9.98741,6.03579,10.599,11.6673,6.41169,8.8723,5.8488,8.74323,17.1199,10.2977,7.35372,9.20608,4.41095,14.8929,10.1233,17.3415,10.6629,4.33638,9.70744,13.2811,15.4703,9.78987,6.40235,13.5177,4.69204,10.3533,7.64716,4.5646,21.4362,14.3413,9.45727,13.3895,5.08594,6.8662,16.1065,18.9108,11.572,12.7705,16.8715,9.2301,
mu: 0,0,0,0,
srcDuals: 
fixing. lower bound used: 328.003
percent fixed: 54.935
fixing. lower bound used: 406.311
fixed path dual: 0.591675
best alpha: 0.03
0:0
1:-0.0138533
2:0.0353872
3:-0.116781
4:0.0412107
5:-0.0762288
6:0.0270195
7:0.0807806
8:0.00896538
9:0.0554729
10:-0.037133
11:0.142832
12:-0.02842
13:0.0422638
14:-0.0749448
15:-0.0375893
16:0.0881712
17:-0.0424356
18:-0.0717278
19:0.0909035
20:-0.0196869
21:-0.0318612
22:0.0304716
23:-0.00515348
24:-0.0513806
25:-0.0939113
26:0.0880953
27:0.0216825
28:-0.271532
29:0.0646945
30:0.0908829
31:0.0721191
32:0.0195919
33:-0.091531
34:0.0138365
35:0.0995273
36:0.103294
37:0.017738
38:-0.00549224
39:-0.0926876
40:0.0500045
41:0.07219
42:0.140713
43:0.0285562
44:-0.0818722
45:-0.282183
46:-0.11745
47:0.19112
48:0.109214
49:-0.071235
50:-0.192843
51:-0.0384225
52:-0.174995
alpha: 10.7457
lagLB: 466.906
stepSizeMultiplier: 0.146427
targetLowerBound: 497.415
||gamma||^2: 0.322764
lambda: 0,4.44345,15.1202,5.36123,8.36725,10.4941,6.00129,11.1868,11.4238,7.40114,9.13701,7.15497,9.1088,17.2619,9.08282,7.61315,10.2268,3.91971,13.7152,10.8283,16.7663,10.6413,4.34184,9.30049,12.339,14.0359,10.4624,6.30607,10.0271,5.78824,11.7526,8.13474,5.13869,21.7657,14.8487,10.2621,14.2379,5.98585,7.84448,16.0754,19.1424,12.0604,14.0521,16.8548,7.93505,
mu: 0,0,0,0,
srcDuals: 
lambda: 0,4.95111,14.3633,7.0604,8.23747,9.98741,6.03579,10.599,11.6673,6.41169,8.8723,5.8488,8.74323,17.1199,10.2977,7.35372,9.20608,4.41095,14.8929,10.1233,17.3415,10.6629,4.33638,9.70744,13.2811,15.4703,9.78987,6.40235,13.5177,4.69204,10.3533,7.64716,4.5646,21.4362,14.3413,9.45727,13.3895,5.08594,6.8662,16.1065,18.9108,11.572,12.7705,16.8715,9.2301,
mu: 0,0,0,0,
srcDuals: 
fixing. lower bound used: 431.849
percent fixed: 54.9347
fixing. lower bound used: 406.311
fixed path dual: 2.19161
best alpha: 0.01
0:0
1:-0.00371479
2:0.0250333
3:-0.105614
4:0.0507986
5:-0.0654666
6:-0.00325068
7:0.0299728
8:0.00887572
9:0.0649182
10:-0.0267616
11:0.151404
12:-0.0181358
13:0.0518412
14:-0.0741954
15:-0.0272134
16:0.0772895
17:-0.0320112
18:-0.0610105
19:0.0999945
20:-0.04949
21:-0.0415426
22:0.0401669
23:-0.0451019
24:-0.0908668
25:-0.0829722
26:0.0872143
27:0.0214657
28:-0.258816
29:0.0540476
30:0.0999741
31:0.0813979
32:0.00939596
33:-0.0806157
34:0.0236981
35:0.0885321
36:0.0922609
37:0.0275606
38:0.00456268
39:-0.0817607
40:0.0595045
41:0.0814681
42:0.149306
43:-0.0217294
44:-0.0710535
45:-0.239361
46:-0.0762756
47:0.0892086
48:-0.0418784
49:-0.0505227
50:-0.270915
51:-0.118038
52:-0.0732448
alpha: 12.7533
lagLB: 435.836
stepSizeMultiplier: 0.146427
targetLowerBound: 497.415
||gamma||^2: 0.271955
lambda: 0,4.80225,14.7435,5.80551,8.68031,9.16828,6.32614,11.467,11.7637,7.00778,8.47328,7.38363,8.43784,17.574,9.49235,6.94979,10.1535,3.95495,14.1221,11.1001,17.1299,10.3205,4.66382,9.65206,12.729,14.4612,10.7365,6.63535,10.5999,5.38722,11.3299,8.42213,4.77513,20.4526,14.4899,10.5268,14.4994,5.27654,6.80718,15.1105,19.4481,12.3477,14.2826,17.1784,8.35033,
mu: 0,0,2.05371,1.17358,
srcDuals: 
lambda: 0,4.95111,14.3633,7.0604,8.23747,9.98741,6.03579,10.599,11.6673,6.41169,8.8723,5.8488,8.74323,17.1199,10.2977,7.35372,9.20608,4.41095,14.8929,10.1233,17.3415,10.6629,4.33638,9.70744,13.2811,15.4703,9.78987,6.40235,13.5177,4.69204,10.3533,7.64716,4.5646,21.4362,14.3413,9.45727,13.3895,5.08594,6.8662,16.1065,18.9108,11.572,12.7705,16.8715,9.2301,
mu: 0,0,0,0,
srcDuals: 
fixing. lower bound used: 427.836
percent fixed: 54.9347
fixing. lower bound used: 406.311
fixed path dual: 4.10208
best alpha: 0.01
0:0
1:-0.00367765
2:-0.005217
3:-0.0945574
4:0.0502906
5:-0.0548119
6:-0.0132182
7:0.0196731
8:0.00878697
9:0.054269
10:-0.016494
11:0.13989
12:-0.00795444
13:0.0513228
14:-0.0734534
15:-0.0169412
16:0.0865166
17:-0.0216911
18:-0.0504004
19:0.0989945
20:-0.0589951
21:-0.0511271
22:0.0497652
23:-0.0446509
24:-0.0899581
25:-0.0821425
26:0.0863422
27:0.021251
28:-0.246228
29:0.0435071
30:0.0889743
31:0.0905839
32:-0.000697995
33:-0.0698095
34:0.0134611
35:0.0876467
36:0.0913383
37:0.037285
38:-0.00548294
39:-0.0709431
40:0.0689094
41:0.0806535
42:0.147813
43:-0.0315121
44:-0.0603429
45:-0.246967
46:-0.0955129
47:0.0183166
48:-0.13146
49:-0.0100174
50:-0.248206
51:-0.176858
52:0.0074877
alpha: 14.2042
lagLB: 472.173
stepSizeMultiplier: 0.146427
targetLowerBound: 497.415
||gamma||^2: 0.244175
lambda: 0,4.90373,14.6825,5.71348,8.88532,9.15249,5.99434,10.9812,11.7805,7.23961,8.531,7.77969,8.51194,17.781,9.35145,7.00666,10.1918,4.0027,14.1148,11.3985,16.7103,10.1331,4.84864,9.13224,12.1223,14.4121,10.9021,6.67611,10.2169,5.38132,11.6283,8.68525,4.68443,20.4081,14.6435,10.5863,14.5661,5.43743,6.92439,15.0638,19.6697,12.611,14.6746,16.5944,8.32394,
mu: 0,0,1.1377,0,
srcDuals: 
lambda: 0,4.95111,14.3633,7.0604,8.23747,9.98741,6.03579,10.599,11.6673,6.41169,8.8723,5.8488,8.74323,17.1199,10.2977,7.35372,9.20608,4.41095,14.8929,10.1233,17.3415,10.6629,4.33638,9.70744,13.2811,15.4703,9.78987,6.40235,13.5177,4.69204,10.3533,7.64716,4.5646,21.4362,14.3413,9.45727,13.3895,5.08594,6.8662,16.1065,18.9108,11.572,12.7705,16.8715,9.2301,
mu: 0,0,0,0,
srcDuals: 
fixing. lower bound used: 462.62
percent fixed: 54.937
fixing. lower bound used: 406.311
fixed path dual: -0.0626292
best alpha: 0.01
0:0
1:0.00635913
2:0.00483517
3:-0.0836118
4:0.00978773
5:-0.0442638
6:-0.00308599
7:0.0294764
8:0.0186991
9:0.0637263
10:-0.00632908
11:0.148491
12:-0.0178749
13:-0.00919045
14:-0.0727189
15:-0.00677182
16:0.0956514
17:-0.0314742
18:-0.0498964
19:0.0480046
20:-0.0484052
21:-0.0406159
22:0.0592675
23:-0.0342044
24:-0.0790585
25:-0.0813211
26:0.0954788
27:0.0310385
28:-0.233766
29:0.053072
30:0.0980846
31:0.0996781
32:0.00930899
33:-0.0591115
34:0.0233265
35:0.0967703
36:0.100425
37:0.0369122
38:0.00457189
39:-0.0602337
40:0.0182204
41:0.0198469
42:0.106335
43:-0.021197
44:-0.0597395
45:-0.234497
46:-0.0545577
47:0.218133
48:0.119855
49:0.0700827
50:-0.105724
51:-0.0950893
52:-0.0125872
alpha: 12.5077
lagLB: 462.707
stepSizeMultiplier: 0.146427
targetLowerBound: 497.415
||gamma||^2: 0.277294
lambda: 0,4.89887,14.2892,5.71729,8.95181,9.20885,5.84804,10.8784,11.7921,7.18254,8.63801,7.83583,8.63024,17.8489,9.25434,7.11308,10.435,4.10284,14.177,11.5294,16.5035,9.93666,5.04326,9.07321,12.0033,14.3035,11.0163,6.70421,10.0202,5.31002,11.6171,8.93383,4.55469,20.4446,14.5325,10.7022,14.6869,5.61554,6.78832,15.0988,19.8896,12.7176,14.8701,16.4239,8.37298,
mu: 0,0,0.260173,0,
srcDuals: 
lambda: 0,4.95111,14.3633,7.0604,8.23747,9.98741,6.03579,10.599,11.6673,6.41169,8.8723,5.8488,8.74323,17.1199,10.2977,7.35372,9.20608,4.41095,14.8929,10.1233,17.3415,10.6629,4.33638,9.70744,13.2811,15.4703,9.78987,6.40235,13.5177,4.69204,10.3533,7.64716,4.5646,21.4362,14.3413,9.45727,13.3895,5.08594,6.8662,16.1065,18.9108,11.572,12.7705,16.8715,9.2301,
mu: 0,0,0,0,
srcDuals: 
STATS - lpIterations[4] lagIterations[162] sspIterations[810] numSeparations[184] numCuts[8] compileTime[6] sspSolveTime[184] lpSolveTime[0] lb[476.025] ub[510] numArcs: [436559] numFixed: [243599] time: [1035]
STATS1 - lpIterations[4] lagIterations[162] sspIterations[810] numSeparations[184] numCuts[8] compileTime[6] sspSolveTime[184] lpSolveTime[0] repairTime[41] cutsTime[33] lb[476.025] ub[510] numArcs: [436559] numFixed: [243599] time: [1035]
lambda: 0,4.89887,14.2892,5.71729,8.42491,9.20885,5.84462,10.8784,11.7921,7.18254,8.63801,7.83583,8.00027,17.2155,9.25092,7.11308,10.435,3.99635,14.0705,10.896,16.5035,9.93666,5.04326,9.07321,12.0033,14.3001,11.0163,6.70421,10.0202,5.31002,11.6171,8.93383,4.55469,20.4446,14.5325,10.7022,14.6869,5.09207,6.78832,15.0988,19.3661,12.0842,14.2367,16.4239,7.8495,
mu: 0,0,0.260173,0,
srcDuals: 
fixing. lower bound used: 476.025
percent fixed: 58.1534
updating best lambda arc fixing
fixing. lower bound used: 476.025
fixed path dual: 0.09815
best alpha: 0.01
0:0
1:-0.0137045
2:-0.0352132
3:-0.0727757
4:0.0196899
5:-0.0338211
6:0.00694487
7:0.0391816
8:0.0185121
9:0.073089
10:0.00373421
11:0.147006
12:-0.00769615
13:0.000901451
14:-0.0619917
15:0.0032959
16:0.0946949
17:-0.0211595
18:-0.0393975
19:0.0575245
20:-0.127921
21:-0.0402097
22:0.0386749
23:-0.0238624
24:-0.0682679
25:-0.0705078
26:0.094524
27:0.0307281
28:-0.231428
29:0.0525413
30:0.107104
31:0.0986813
32:-0.0407841
33:-0.0485203
34:0.0330933
35:0.0558026
36:0.0794207
37:0.0465431
38:0.0145262
39:-0.0496314
40:0.0280382
41:0.0296485
42:0.115272
43:-0.010985
44:-0.0491421
45:-0.242152
46:-0.134012
47:0.115952
48:-0.0313436
49:-0.0506181
50:-0.464666
51:-0.314138
52:0.0875387
alpha: 15.1268
lagLB: 429.418
stepSizeMultiplier: 0.146427
targetLowerBound: 499.827
||gamma||^2: 0.230395
lambda: 0,5.03065,14.4237,6.01461,8.35989,9.43377,5.99719,10.9677,11.9012,7.20876,8.79313,7.70608,8.51965,17.0049,9.38814,7.26902,10.4025,4.01728,14.2688,10.7237,16.736,10.1549,5.07769,9.27962,12.2923,14.4532,10.9841,6.79057,10.5938,5.35585,11.5801,8.8939,4.68103,20.6968,14.633,10.6676,14.6456,5.54763,6.92339,15.3532,19.1387,11.8202,14.1005,16.6064,8.48289,
mu: 0,0,2.72835,1.49911,
srcDuals: 
lambda: 0,4.89887,14.2892,5.71729,8.42491,9.20885,5.84462,10.8784,11.7921,7.18254,8.63801,7.83583,8.00027,17.2155,9.25092,7.11308,10.435,3.99635,14.0705,10.896,16.5035,9.93666,5.04326,9.07321,12.0033,14.3001,11.0163,6.70421,10.0202,5.31002,11.6171,8.93383,4.55469,20.4446,14.5325,10.7022,14.6869,5.09207,6.78832,15.0988,19.3661,12.0842,14.2367,16.4239,7.8495,
mu: 0,0,0.260173,0,
srcDuals: 
fixing. lower bound used: 413.031
percent fixed: 58.1592
updating best lambda arc fixing
fixing. lower bound used: 413.031
fixed path dual: -6.001
best alpha: 0.01
0:0
1:-0.00356742
2:-0.024861
3:-0.062048
4:0.029493
5:-0.0334829
6:0.0168754
7:0.0487898
8:0.028327
9:-0.0176419
10:0.00369687
11:0.0755359
12:0.00238082
13:0.0108924
14:-0.0513718
15:0.0132629
16:0.0237479
17:-0.0109479
18:-0.0290035
19:0.0669493
20:-0.116642
21:-0.0298076
22:0.0482881
23:-0.0136238
24:-0.0575852
25:-0.0598028
26:0.103579
27:0.0304209
28:-0.219114
29:0.0620159
30:0.0460327
31:0.107694
32:-0.0403763
33:-0.0380351
34:-0.00723768
35:0.0652445
36:0.0886265
37:0.0560776
38:0.0143809
39:-0.0491351
40:0.0377578
41:0.039352
42:0.124119
43:-0.000875163
44:-0.0386507
45:-0.239731
46:-0.122672
47:0.0147925
48:-0.17103
49:0.0298881
50:-0.32002
51:-0.230997
52:0.146663
alpha: 18.3863
lagLB: 440.138
stepSizeMultiplier: 0.146427
targetLowerBound: 499.827
||gamma||^2: 0.189551
lambda: 0,4.69157,13.7565,4.61642,8.72276,8.69724,5.94967,11.4711,12.0722,8.28814,8.6945,10.0596,7.88385,17.2291,8.31318,7.16293,11.8674,3.67627,13.4745,11.7662,14.5685,9.32842,5.62829,8.71224,10.9706,13.2336,12.4461,7.16902,6.51944,6.1048,13.2372,10.4266,3.93775,19.7106,15.0331,11.5463,15.8882,5.79611,7.00806,14.3481,19.7902,12.5327,15.9804,16.2578,7.10614,
mu: 0,0,2.01416,0,
srcDuals: 
lambda: 0,4.89887,14.2892,5.71729,8.42491,9.20885,5.84462,10.8784,11.7921,7.18254,8.63801,7.83583,8.00027,17.2155,9.25092,7.11308,10.435,3.99635,14.0705,10.896,16.5035,9.93666,5.04326,9.07321,12.0033,14.3001,11.0163,6.70421,10.0202,5.31002,11.6171,8.93383,4.55469,20.4446,14.5325,10.7022,14.6869,5.09207,6.78832,15.0988,19.3661,12.0842,14.2367,16.4239,7.8495,
mu: 0,0,0.260173,0,
srcDuals: 
fixing. lower bound used: 435.635
percent fixed: 58.1563
fixing. lower bound used: 413.031
fixed path dual: -45.0224
best alpha: 0.01
0:0
1:0.00646826
2:-0.0146124
3:-0.0514275
4:0.00919802
5:-0.0231481
6:0.0267067
7:0.0583019
8:0.0380437
9:-0.00746545
10:0.0136599
11:0.0847805
12:0.012357
13:0.0207835
14:-0.040858
15:-0.29687
16:0.0335105
17:-0.0608384
18:-0.0187135
19:0.0762798
20:-0.105475
21:-0.0195095
22:0.0578052
23:-0.00348751
24:-0.0470094
25:-0.0492047
26:0.112543
27:0.0401167
28:-0.206923
29:0.0713957
30:0.0555724
31:0.116618
32:-0.0299725
33:-0.0276548
34:0.0028347
35:0.0745921
36:0.0977402
37:-0.214483
38:0.0242371
39:-0.0386437
40:0.0473802
41:0.0489585
42:0.132878
43:0.00913359
44:-0.108264
45:0.0926664
46:0.238555
47:0.604645
48:0.40068
49:0.109589
50:-0.17682
51:-0.148687
52:-1.2948
alpha: 1.34282
lagLB: 297.935
stepSizeMultiplier: 0.146427
targetLowerBound: 499.827
||gamma||^2: 2.59539
lambda: 0,4.83328,13.8321,4.57646,8.96718,8.59322,6.1549,11.7755,12.313,6.85817,8.70598,9.22465,8.04404,17.4158,8.30638,7.35693,10.8716,3.79506,13.5372,12.127,14.3589,9.38861,5.9311,8.82272,10.9445,13.2006,12.9207,7.26353,5.99152,6.45026,12.4634,10.9139,3.81232,19.7453,14.3994,11.9018,16.3164,6.12312,7.05273,14.1954,20.0603,12.8078,16.5188,16.4078,7.13886,
mu: 0,0,0.532152,0,
srcDuals: 
lambda: 0,4.89887,14.2892,5.71729,8.42491,9.20885,5.84462,10.8784,11.7921,7.18254,8.63801,7.83583,8.00027,17.2155,9.25092,7.11308,10.435,3.99635,14.0705,10.896,16.5035,9.93666,5.04326,9.07321,12.0033,14.3001,11.0163,6.70421,10.0202,5.31002,11.6171,8.93383,4.55469,20.4446,14.5325,10.7022,14.6869,5.09207,6.78832,15.0988,19.3661,12.0842,14.2367,16.4239,7.8495,
mu: 0,0,0.260173,0,
srcDuals: 
fixing. lower bound used: 413.031
fixed path dual: 7.07391
best alpha: 0.02
0:0
1:-0.0336611
2:-0.11432
3:-0.0303989
4:0.0290141
5:-0.00268513
6:0.0461725
7:0.0771359
8:0.0572828
9:0.0126839
10:0.0333867
11:0.0630849
12:0.0121099
13:0.0403678
14:-0.0200409
15:-0.270932
16:-0.00715975
17:-0.0396216
18:0.00166082
19:0.0947542
20:-0.203366
21:0.000880651
22:0.0366491
23:0.0165822
24:-0.0260692
25:-0.0282206
26:0.130292
27:0.0393143
28:-0.182784
29:0.0899678
30:0.0744609
31:0.134285
32:-0.0693731
33:-0.00710169
34:0.022778
35:0.0331003
36:0.0757854
37:-0.190193
38:0.0437524
39:-0.0178708
40:0.0664326
41:0.0679793
42:0.15022
43:0.0289509
44:-0.0860989
45:-0.149187
46:-0.0862164
47:0.392552
48:0.0926666
49:0.0673974
50:-0.493283
51:-0.505713
52:-1.02891
alpha: 2.2295
lagLB: 460.728
stepSizeMultiplier: 0.146427
targetLowerBound: 499.827
||gamma||^2: 1.56319
lambda: 0,4.90756,14.2695,5.64823,8.43727,9.17776,5.88048,10.9567,11.8432,7.17252,8.65636,7.94967,8.01686,17.2434,9.19605,6.71444,10.48,3.91465,14.0453,10.9984,16.3619,9.91046,5.12088,9.06852,11.9402,14.2341,11.1674,6.75808,9.74235,5.40589,11.6917,9.09043,4.51444,20.4074,14.5363,10.8024,14.8181,4.80406,6.82087,15.047,19.4297,12.15,14.4151,16.4362,7.70412,
mu: 0.124434,0.320335,1.0721,0.53804,
srcDuals: 
lambda: 0,4.89887,14.2892,5.71729,8.42491,9.20885,5.84462,10.8784,11.7921,7.18254,8.63801,7.83583,8.00027,17.2155,9.25092,7.11308,10.435,3.99635,14.0705,10.896,16.5035,9.93666,5.04326,9.07321,12.0033,14.3001,11.0163,6.70421,10.0202,5.31002,11.6171,8.93383,4.55469,20.4446,14.5325,10.7022,14.6869,5.09207,6.78832,15.0988,19.3661,12.0842,14.2367,16.4239,7.8495,
mu: 0,0,0.260173,0,
srcDuals: 
fixing. lower bound used: 197.744
percent fixed: 58.1486
fixing. lower bound used: 413.031
fixed path dual: 4.27945
best alpha: 0.04
0:0
1:0.00768534
2:-0.109747
3:0.010817
4:0.0678535
5:-0.00257773
6:0.00432563
7:-0.00594958
8:-0.0250085
9:-0.0678235
10:0.0720512
11:-0.0594385
12:0.0516255
13:0.0787531
14:0.0207607
15:-0.220095
16:-0.0468734
17:0.00196325
18:0.0415944
19:0.130964
20:-0.155231
21:-0.0791546
22:0.0751832
23:-0.0240811
24:-0.0650264
25:0.0129082
26:0.0450804
27:-0.00225825
28:-0.135473
29:0.0863691
30:-0.00851751
31:0.128914
32:-0.0665981
33:0.0331824
34:-0.0581331
35:0.0717762
36:0.112754
37:-0.142586
38:-0.117998
39:0.022844
40:0.103775
41:0.10526
42:0.184211
43:-0.0122071
44:-0.0426549
45:-0.0232195
46:0.0372322
47:-0.0231503
48:-0.51104
49:0.224702
50:-0.0735519
51:-0.485485
52:-0.587751
alpha: 4.89237
lagLB: 467.992
stepSizeMultiplier: 0.146427
targetLowerBound: 499.827
||gamma||^2: 0.712361
lambda: 0,4.82382,14.0343,5.64951,8.4896,9.20286,5.94756,11.0504,11.9198,7.21082,8.71245,7.97647,8.02727,17.3055,9.20624,6.50903,10.419,3.90801,14.0742,11.1073,16.0501,9.93862,5.12497,9.11018,11.9452,14.2372,11.3068,6.79186,9.61269,5.51061,11.7831,9.23322,4.40002,20.4287,14.5832,10.776,14.8558,4.66803,6.88587,15.059,19.5142,12.2358,14.5716,16.4885,7.65754,
mu: 0,0,1.13537,0.2066,
srcDuals: 
lambda: 0,4.89887,14.2892,5.71729,8.42491,9.20885,5.84462,10.8784,11.7921,7.18254,8.63801,7.83583,8.00027,17.2155,9.25092,7.11308,10.435,3.99635,14.0705,10.896,16.5035,9.93666,5.04326,9.07321,12.0033,14.3001,11.0163,6.70421,10.0202,5.31002,11.6171,8.93383,4.55469,20.4446,14.5325,10.7022,14.6869,5.09207,6.78832,15.0988,19.3661,12.0842,14.2367,16.4239,7.8495,
mu: 0,0,0.260173,0,
srcDuals: 
fixing. lower bound used: 472.437
percent fixed: 58.3098
updating best lambda arc fixing
fixing. lower bound used: 472.437
fixed path dual: -0.195644
best alpha: 0.02
0:0
1:0.0275316
2:-0.0875524
3:0.0306007
4:0.00649643
5:0.0174738
6:0.0242391
7:0.0141694
8:-0.0045083
9:-0.046467
10:0.0906102
11:-0.0382497
12:0.050593
13:-0.00282193
14:0.0203455
15:-0.195693
16:-0.0259359
17:-0.018076
18:0.000762495
19:0.0283448
20:-0.132127
21:-0.0575715
22:0.0936795
23:-0.00359943
24:-0.0437259
25:-0.00734998
26:0.0641788
27:0.0177869
28:-0.112764
29:0.104642
30:0.0116528
31:0.146336
32:-0.0452662
33:0.0525187
34:-0.0369705
35:0.0903407
36:0.130499
37:-0.119734
38:-0.0956378
39:0.0423871
40:0.00169978
41:-0.0168451
42:0.100527
43:0.00803702
44:-0.0218018
45:-0.0627551
46:0.0564876
47:0.297313
48:-0.0608193
49:0.380207
50:0.207919
51:-0.315775
52:-0.575996
alpha: 4.22272
lagLB: 468.907
stepSizeMultiplier: 0.146427
targetLowerBound: 499.827
||gamma||^2: 0.825329
lambda: 0,4.93647,13.7522,5.77021,8.75688,9.19623,5.86578,10.8493,11.6698,6.85072,8.99051,7.54503,8.25284,17.6008,9.35249,6.03629,10.2057,4.00595,14.274,11.5367,15.744,9.54941,5.41108,8.95539,11.6852,14.3633,11.2368,6.69316,9.35742,5.73257,11.5754,9.56453,4.22886,20.6069,14.248,11.0534,15.2385,4.39448,6.21103,15.2106,19.8738,12.5992,15.1379,16.3642,7.64082,
mu: 0,0.182154,0.146913,0,
srcDuals: 
lambda: 0,4.89887,14.2892,5.71729,8.42491,9.20885,5.84462,10.8784,11.7921,7.18254,8.63801,7.83583,8.00027,17.2155,9.25092,7.11308,10.435,3.99635,14.0705,10.896,16.5035,9.93666,5.04326,9.07321,12.0033,14.3001,11.0163,6.70421,10.0202,5.31002,11.6171,8.93383,4.55469,20.4446,14.5325,10.7022,14.6869,5.09207,6.78832,15.0988,19.3661,12.0842,14.2367,16.4239,7.8495,
mu: 0,0,0.260173,0,
srcDuals: 
fixing. lower bound used: 461.689
percent fixed: 58.309
fixing. lower bound used: 472.437
fixed path dual: -19.6811
best alpha: 0.01
0:0
1:-0.0327437
2:-0.0766769
3:0.000294676
4:0.0164315
5:0.0272991
6:0.0339967
7:0.0240277
8:-0.0144632
9:-0.0360024
10:0.0997041
11:-0.0278672
12:0.060087
13:0.00720629
14:0.0301421
15:-0.183736
16:-0.0156765
17:-0.00789525
18:0.0107549
19:0.0380613
20:-0.160805
21:-0.0469958
22:0.00274271
23:0.00643656
24:-0.0332887
25:0.00272352
26:0.073537
27:-0.00239096
28:-0.171636
29:0.113595
30:0.0215363
31:0.104872
32:-0.0448135
33:0.0619935
34:-0.0266007
35:0.0194373
36:0.0591939
37:-0.108537
38:-0.0846814
39:0.0519633
40:0.0116828
41:-0.00667663
42:0.109522
43:0.0179567
44:-0.0115838
45:0.0878725
46:0.125923
47:0.19434
48:-0.210211
49:-0.223595
50:-0.83416
51:-0.412617
52:-0.470236
alpha: 7.29432
lagLB: 386.097
stepSizeMultiplier: 0.146427
targetLowerBound: 499.827
||gamma||^2: 0.477787
lambda: 0,5.01513,13.9194,5.8465,8.45235,9.28263,5.94698,10.9382,11.7731,6.98632,9.02063,7.67431,8.21391,17.2036,9.33683,6.28672,10.3255,3.92002,14.0737,11.0157,15.9456,9.69355,5.43884,9.05801,11.8187,14.2691,11.2873,6.77932,9.54404,5.7519,11.6663,9.55177,4.36354,20.6664,14.3763,11.0837,15.2379,4.58646,6.38447,15.2778,19.3733,12.0131,14.6612,16.4579,7.75744,
mu: 0,0.238532,1.51564,0,
srcDuals: 
lambda: 0,4.89887,14.2892,5.71729,8.42491,9.20885,5.84462,10.8784,11.7921,7.18254,8.63801,7.83583,8.00027,17.2155,9.25092,7.11308,10.435,3.99635,14.0705,10.896,16.5035,9.93666,5.04326,9.07321,12.0033,14.3001,11.0163,6.70421,10.0202,5.31002,11.6171,8.93383,4.55469,20.4446,14.5325,10.7022,14.6869,5.09207,6.78832,15.0988,19.3661,12.0842,14.2367,16.4239,7.8495,
mu: 0,0,0.260173,0,
srcDuals: 
fixing. lower bound used: 411.567
percent fixed: 58.3052
fixing. lower bound used: 472.437
fixed path dual: 11.1671
best alpha: 0.01
0:0
1:-0.0224162
2:-0.0659101
3:0.0102917
4:0.0162672
5:0.0370261
6:0.0336568
7:0.0337874
8:-0.00431859
9:-0.0256423
10:0.108707
11:-0.0175885
12:0.0594862
13:0.00713422
14:0.00984066
15:-0.171899
16:-0.00551976
17:0.0021837
18:-0.0193527
19:0.0476807
20:-0.149197
21:-0.0365258
22:0.0127153
23:0.0163722
24:-0.0229558
25:-0.0273037
26:0.0828016
27:-0.00236705
28:-0.15992
29:0.122459
30:0.0313209
31:0.113823
32:-0.0343654
33:0.0713736
34:-0.0163347
35:0.0292429
36:0.068602
37:-0.0974513
38:-0.0738346
39:0.0614436
40:0.021566
41:0.00339013
42:0.118427
43:0.0277771
44:-0.00146799
45:-0.193006
46:-0.125337
47:0.0923961
48:-0.258109
49:-0.121359
50:-0.665818
51:-0.308491
52:-0.425534
alpha: 9.1722
lagLB: 438.363
stepSizeMultiplier: 0.146427
targetLowerBound: 499.827
||gamma||^2: 0.379967
lambda: 0,4.66003,13.7299,5.71944,8.54477,9.40797,6.0926,11.0537,11.6866,6.91993,9.36529,7.63255,8.43856,17.2681,9.47078,5.77285,10.3206,3.93875,14.1489,11.1736,15.3305,9.59386,5.06327,9.12016,11.7605,14.32,11.5527,6.68677,8.76824,6.13862,11.7742,9.6988,4.2278,20.8968,14.3384,10.844,15.1186,4.30037,6.17063,15.4779,19.4513,12.0355,15.0356,16.5549,7.765,
mu: 0.64097,0.918521,1.67775,0,
srcDuals: 
lambda: 0,4.89887,14.2892,5.71729,8.42491,9.20885,5.84462,10.8784,11.7921,7.18254,8.63801,7.83583,8.00027,17.2155,9.25092,7.11308,10.435,3.99635,14.0705,10.896,16.5035,9.93666,5.04326,9.07321,12.0033,14.3001,11.0163,6.70421,10.0202,5.31002,11.6171,8.93383,4.55469,20.4446,14.5325,10.7022,14.6869,5.09207,6.78832,15.0988,19.3661,12.0842,14.2367,16.4239,7.8495,
mu: 0,0,0.260173,0,
srcDuals: 
fixing. lower bound used: 284.122
percent fixed: 58.3051
fixing. lower bound used: 472.437
fixed path dual: 4.58009
best alpha: 0.03
0:0
1:0.00825624
2:-0.0639328
3:0.039983
4:0.0157791
5:0.0659153
6:-0.0273529
7:-0.0872262
8:-0.124189
9:-0.0248731
10:0.135446
11:-0.0170609
12:0.0877016
13:0.0069202
14:0.00954544
15:-0.136742
16:-0.00535417
17:0.0321182
18:0.0112279
19:0.0462503
20:-0.114721
21:-0.03543
22:0.0423338
23:-0.044119
24:-0.0822671
25:-0.0264846
26:-0.0396824
27:-0.062296
28:-0.125122
29:0.118786
30:0.0303813
31:0.110409
32:-0.0333344
33:0.0992324
34:-0.0158447
35:0.0583657
36:0.0965439
37:-0.0645278
38:-0.0416196
39:0.0896003
40:0.050919
41:0.00328843
42:0.114874
43:-0.0330562
44:0.0285761
45:-0.0972161
46:-0.0615764
47:-0.120376
48:-0.520366
49:-0.117718
50:-0.465844
51:-0.179236
52:-0.172768
alpha: 13.5553
lagLB: 471.605
stepSizeMultiplier: 0.146427
targetLowerBound: 499.827
||gamma||^2: 0.257104
lambda: 0,4.69327,13.6846,5.81168,8.57412,9.54846,6.15333,11.1883,11.7525,6.94734,9.6351,7.6745,8.54589,17.2809,9.34118,5.53639,10.3844,4.01637,13.893,11.3334,15.135,9.60164,5.15989,9.22337,11.7928,14.0497,11.7758,6.6825,8.55339,6.43324,11.9044,9.97784,4.23948,21.0992,14.3826,10.9704,15.3161,4.19822,6.1111,15.6624,19.5639,12.1153,15.3229,16.6787,7.83603,
mu: 0,0,1.10765,0,
srcDuals: 
lambda: 0,4.89887,14.2892,5.71729,8.42491,9.20885,5.84462,10.8784,11.7921,7.18254,8.63801,7.83583,8.00027,17.2155,9.25092,7.11308,10.435,3.99635,14.0705,10.896,16.5035,9.93666,5.04326,9.07321,12.0033,14.3001,11.0163,6.70421,10.0202,5.31002,11.6171,8.93383,4.55469,20.4446,14.5325,10.7022,14.6869,5.09207,6.78832,15.0988,19.3661,12.0842,14.2367,16.4239,7.8495,
mu: 0,0,0.260173,0,
srcDuals: 
STATS - lpIterations[4] lagIterations[171] sspIterations[855] numSeparations[184] numCuts[8] compileTime[6] sspSolveTime[196] lpSolveTime[0] lb[478.17] ub[510] numArcs: [436435] numFixed: [258607] time: [1108]
STATS1 - lpIterations[4] lagIterations[171] sspIterations[855] numSeparations[184] numCuts[8] compileTime[6] sspSolveTime[196] lpSolveTime[0] repairTime[53] cutsTime[33] lb[478.17] ub[510] numArcs: [436435] numFixed: [258607] time: [1108]
lambda: 0,4.46727,12.8565,5.81168,7.62934,9.3447,5.31868,10.3602,10.7577,6.3452,9.43134,6.8686,4.83286,16.5006,9.16926,5.53639,9.57845,4.01637,12.9542,10.5535,14.909,8.79574,5.15989,8.39523,10.9646,13.1044,10.781,4.83286,8.55339,5.8311,11.0985,9.81119,3.63733,20.8955,13.5767,10.7445,15.0901,4.19822,6.1111,15.4587,19.5639,11.3355,14.5431,15.8506,7.83603,
mu: 0,0,1.10765,0,
srcDuals: 
fixing. lower bound used: 478.17
percent fixed: 61.9776
updating best lambda arc fixing
fixing. lower bound used: 478.17
fixed path dual: -1.3054
best alpha: 0.01
0:0
1:0.0181737
2:-0.0532935
3:0.0495831
4:0.00562135
5:0.0552562
6:-0.0170794
7:-0.0763539
8:-0.112947
9:-0.0146243
10:0.114091
11:-0.00689026
12:0.0568246
13:-0.00314901
14:0.01945
15:-0.125374
16:0.00469937
17:-0.00820299
18:0.0111156
19:-0.0142122
20:-0.103574
21:-0.0250757
22:0.0519105
23:-0.0336778
24:-0.0714444
25:-0.0162198
26:-0.0292856
27:-0.0516731
28:-0.113871
29:0.127598
30:0.0300775
31:0.119305
32:-0.0230011
33:0.0882401
34:-0.00568625
35:0.067782
36:0.105578
37:-0.0538825
38:-0.0312034
39:0.0787043
40:-0.0295902
41:-0.00674446
42:0.0137252
43:-0.0227257
44:0.0182903
45:0.0137561
46:0.0790394
47:0.170828
48:-0.185162
49:-0.0365407
50:-0.321185
51:-0.0974441
52:-0.23104
alpha: 17.4321
lagLB: 452.801
stepSizeMultiplier: 0.146427
targetLowerBound: 502.079
||gamma||^2: 0.200827
lambda: 0,5.01079,13.4225,6.25927,8.63881,10.1024,5.47384,9.69603,10.1087,6.84538,10.474,7.60456,9.18909,17.3093,9.38031,5.2595,10.3624,4.43172,14.2227,11.523,14.9484,9.45639,5.61711,8.47516,10.8882,13.9411,10.4784,5.85976,8.32414,6.9202,12.0289,10.4305,4.10283,21.7897,14.3177,11.4934,15.9955,4.21737,6.22415,16.3134,20.0563,12.1288,15.7938,15.9758,8.23686,
mu: 0,0,0,0,
srcDuals: 
lambda: 0,4.46727,12.8565,5.81168,7.62934,9.3447,5.31868,10.3602,10.7577,6.3452,9.43134,6.8686,4.83286,16.5006,9.16926,5.53639,9.57845,4.01637,12.9542,10.5535,14.909,8.79574,5.15989,8.39523,10.9646,13.1044,10.781,4.83286,8.55339,5.8311,11.0985,9.81119,3.63733,20.8955,13.5767,10.7445,15.0901,4.19822,6.1111,15.4587,19.5639,11.3355,14.5431,15.8506,7.83603,
mu: 0,0,1.10765,0,
srcDuals: 
fixing. lower bound used: 471.848
percent fixed: 62.0151
updating best lambda arc fixing
fixing. lower bound used: 471.848
fixed path dual: 14.4693
best alpha: 0.01
0:0
1:0.0279919
2:-0.0427606
3:0.0590873
4:0.0155651
5:0.0547036
6:-0.00690862
7:-0.0655904
8:-0.101818
9:-0.00447808
10:0.12295
11:0.00317864
12:0.0462563
13:0.00688248
14:0.0292555
15:-0.114121
16:0.0146524
17:0.00187904
18:0.0110045
19:-0.0040701
20:-0.0925385
21:-0.014825
22:0.0613914
23:-0.023341
24:-0.06073
25:-0.00605756
26:-0.0189927
27:-0.0511563
28:-0.102732
29:0.136322
30:0.0397767
31:0.128112
32:-0.0227711
33:0.0973577
34:0.00437061
35:0.0771042
36:0.114523
37:-0.0433437
38:-0.0208913
39:0.0879173
40:-0.0192943
41:0.00332299
42:0.023588
43:-0.0124984
44:0.0281074
45:-0.366381
46:-0.271751
47:0.0691197
48:-0.32331
49:0.0838247
50:-0.137974
51:0.0235303
52:-0.10873
alpha: 19.9001
lagLB: 405.708
stepSizeMultiplier: 0.146427
targetLowerBound: 502.079
||gamma||^2: 0.175921
lambda: 0,4.78408,11.9275,6.67602,7.72733,10.3079,5.02095,9.02917,8.78881,6.09027,11.4202,6.74849,5.82343,16.4457,9.50832,3.35085,9.66037,3.87338,13.148,10.3057,13.1035,8.35862,6.0648,7.80816,9.71919,12.8217,10.2705,3.93209,6.56839,8.05539,11.6228,11.8909,3.23638,22.4337,13.4776,11.926,16.9306,3.25894,5.56716,16.8306,19.0481,11.2179,14.7823,15.4544,8.15487,
mu: 0.239797,1.37782,4.08554,0,
srcDuals: 
lambda: 0,4.46727,12.8565,5.81168,7.62934,9.3447,5.31868,10.3602,10.7577,6.3452,9.43134,6.8686,4.83286,16.5006,9.16926,5.53639,9.57845,4.01637,12.9542,10.5535,14.909,8.79574,5.15989,8.39523,10.9646,13.1044,10.781,4.83286,8.55339,5.8311,11.0985,9.81119,3.63733,20.8955,13.5767,10.7445,15.0901,4.19822,6.1111,15.4587,19.5639,11.3355,14.5431,15.8506,7.83603,
mu: 0,0,1.10765,0,
srcDuals: 
fixing. lower bound used: 326.835
percent fixed: 62.0151
fixing. lower bound used: 471.848
fixed path dual: -9.38594
best alpha: 0.01
0:0
1:-0.012288
2:-0.032333
3:0.00849644
4:0.0254095
5:0.0641566
6:0.00316047
7:-0.0549345
8:-0.0907995
9:0.0055667
10:0.131721
11:-0.00685315
12:0.0557938
13:0.0168137
14:0.0389629
15:-0.102979
16:-0.00549415
17:0.0118602
18:0.0208944
19:0.0059706
20:-0.141613
21:-0.00467673
22:0.000777471
23:-0.0131076
24:-0.0501227
25:0.00400301
26:-0.00880279
27:-0.0506448
28:-0.131705
29:0.114959
30:0.049379
31:0.0968305
32:-0.0125433
33:0.106384
34:0.0143269
35:0.0163331
36:0.0533775
37:-0.0329103
38:-0.0106824
39:0.0970381
40:-0.00910137
41:0.0132898
42:0.0333521
43:-0.00237342
44:0.0378263
45:-0.252718
46:-0.189034
47:-0.0315715
48:-0.470077
49:-0.277014
50:-0.856594
51:-0.176705
52:-0.00764225
alpha: 23.6699
lagLB: 407.396
stepSizeMultiplier: 0.146427
targetLowerBound: 502.079
||gamma||^2: 0.147903
lambda: 0,5.02432,12.0055,6.98753,7.93909,10.4333,5.1812,9.05492,8.73153,6.25608,11.8781,6.93185,5.75337,16.6375,9.75145,3.26537,9.87003,4.05377,13.1732,10.4725,13.0675,8.50072,6.38158,7.93074,9.75608,12.9839,10.403,3.81485,6.50902,8.54392,11.89,12.3606,3.18419,22.8329,13.6637,12.2788,17.3691,3.33568,5.69536,17.2082,19.18,11.4016,15.0125,15.6018,8.39537,
mu: 0,0,2.48314,0,
srcDuals: 
lambda: 0,4.46727,12.8565,5.81168,7.62934,9.3447,5.31868,10.3602,10.7577,6.3452,9.43134,6.8686,4.83286,16.5006,9.16926,5.53639,9.57845,4.01637,12.9542,10.5535,14.909,8.79574,5.15989,8.39523,10.9646,13.1044,10.781,4.83286,8.55339,5.8311,11.0985,9.81119,3.63733,20.8955,13.5767,10.7445,15.0901,4.19822,6.1111,15.4587,19.5639,11.3355,14.5431,15.8506,7.83603,
mu: 0,0,1.10765,0,
srcDuals: 
fixing. lower bound used: 425.776
percent fixed: 62.0124
fixing. lower bound used: 471.848
fixed path dual: -12.2027
best alpha: 0.01
0:0
1:-0.0021651
2:-0.0220096
3:0.0184115
4:0.0351554
5:0.023515
6:0.0131289
7:-0.0443851
8:-0.0798915
9:-0.00448897
10:-0.0895962
11:0.00321539
12:0.0652358
13:0.0266455
14:0.0485733
15:-0.0919497
16:0.00456079
17:0.0217416
18:0.0306855
19:0.0159109
20:-0.130197
21:0.00537004
22:0.0107697
23:-0.00297652
24:-0.0396214
25:0.013963
26:0.00128523
27:-0.0401383
28:-0.120388
29:0.123809
30:0.0388852
31:0.105862
32:-0.00241791
33:-0.0546797
34:0.0241836
35:0.0261698
36:0.0628437
37:-0.0225811
38:-0.0105756
39:0.0660677
40:0.000989644
41:0.0231569
42:0.0430186
43:0.00765031
44:0.0474481
45:-0.15019
46:-0.0571432
47:0.238744
48:-0.195377
49:-0.194243
50:-0.708028
51:-0.0949379
52:-0.0475658
alpha: 20.0519
lagLB: 374.775
stepSizeMultiplier: 0.146427
targetLowerBound: 502.079
||gamma||^2: 0.174589
lambda: 0,4.17642,12.0912,6.01279,8.23078,10.8633,5.39349,9.05988,8.6085,6.47696,12.5492,6.70639,6.15349,16.8986,10.0915,3.09888,9.4484,4.29711,13.4488,10.6948,11.5571,8.68504,5.17829,8.08498,9.77822,13.1992,10.5726,3.63411,5.43596,8.55215,12.2672,12.1032,3.34043,23.4136,13.9158,11.1311,16.3535,3.41924,5.85824,17.7555,19.3485,11.65,15.3325,15.7944,8.73138,
mu: 0,0,0.360356,0,
srcDuals: 
lambda: 0,4.46727,12.8565,5.81168,7.62934,9.3447,5.31868,10.3602,10.7577,6.3452,9.43134,6.8686,4.83286,16.5006,9.16926,5.53639,9.57845,4.01637,12.9542,10.5535,14.909,8.79574,5.15989,8.39523,10.9646,13.1044,10.781,4.83286,8.55339,5.8311,11.0985,9.81119,3.63733,20.8955,13.5767,10.7445,15.0901,4.19822,6.1111,15.4587,19.5639,11.3355,14.5431,15.8506,7.83603,
mu: 0,0,1.10765,0,
srcDuals: 
fixing. lower bound used: 471.848
fixed path dual: 8.09792
best alpha: 0.02
0:0
1:0.0178782
2:-0.0415694
3:0.0380432
4:0.0344523
5:-0.0169553
6:0.0328663
7:-0.0234974
8:-0.0582937
9:-0.0443992
10:-0.0678043
11:0.00315108
12:0.0839311
13:0.0261126
14:0.0276018
15:-0.0701107
16:0.00446958
17:0.0413068
18:-0.00992823
19:0.0355927
20:-0.107593
21:-0.0347374
22:0.0305543
23:0.017083
24:-0.018829
25:-0.0263163
26:0.0212595
27:-0.0193356
28:-0.0979799
29:0.0813328
30:-0.00189253
31:0.123745
32:-0.0223696
33:-0.0335861
34:-0.0163
35:0.0456464
36:0.0815868
37:-0.00212953
38:-0.0503641
39:0.0847464
40:0.0209699
41:0.0426937
42:0.0621582
43:0.0274973
44:0.0664991
45:-0.287187
46:-0.176
47:0.0339694
48:-0.331469
49:-0.0303585
50:-0.413867
51:-0.173039
52:0.0333855
alpha: 30.5973
lagLB: 417.963
stepSizeMultiplier: 0.146427
targetLowerBound: 502.079
||gamma||^2: 0.114417
lambda: 0,4.42386,12.4151,6.18087,8.33427,9.81622,5.58194,9.47017,9.15574,6.25519,7.63477,6.93307,6.14096,17.0349,10.1432,3.69263,9.6699,4.45234,13.5695,10.8725,12.2983,8.90342,5.37584,8.33555,10.1701,13.3844,10.8067,4.02801,6.1394,8.3137,11.8782,11.9339,3.58885,19.799,14.0617,11.2692,16.3502,3.74543,5.89903,16.7834,19.5838,11.7998,15.4057,16.004,8.78746,
mu: 0,0,5.89492,0,
srcDuals: 
lambda: 0,4.46727,12.8565,5.81168,7.62934,9.3447,5.31868,10.3602,10.7577,6.3452,9.43134,6.8686,4.83286,16.5006,9.16926,5.53639,9.57845,4.01637,12.9542,10.5535,14.909,8.79574,5.15989,8.39523,10.9646,13.1044,10.781,4.83286,8.55339,5.8311,11.0985,9.81119,3.63733,20.8955,13.5767,10.7445,15.0901,4.19822,6.1111,15.4587,19.5639,11.3355,14.5431,15.8506,7.83603,
mu: 0,0,1.10765,0,
srcDuals: 
fixing. lower bound used: 316.46
percent fixed: 62.0078
fixing. lower bound used: 471.848
fixed path dual: 1.68931
best alpha: 0.01
0:0
1:0.00769942
2:-0.0311537
3:0.0476628
4:0.0241078
5:-0.00678575
6:0.0425376
7:-0.0132625
8:-0.0677107
9:-0.0339552
10:-0.0571263
11:0.0131196
12:0.0930918
13:0.0158515
14:0.0173258
15:-0.0594096
16:0.0144249
17:0.0308937
18:0.00017105
19:0.0252367
20:-0.0965171
21:-0.02439
22:0.0202488
23:0.0269122
24:-0.00864073
25:-0.0360531
26:-0.158953
27:-0.0291422
28:-0.0870001
29:0.0905194
30:0.0081264
31:-0.0574925
32:-0.0121459
33:-0.0232503
34:-0.00613704
35:0.0551899
36:0.0907709
37:0.00789177
38:-0.0398604
39:0.0938989
40:0.0307602
41:0.0322668
42:0.0515366
43:0.0372223
44:0.0558341
45:-0.0843148
46:0.0157597
47:0.0336297
48:-0.318154
49:-0.0500549
50:-0.369729
51:-0.0913088
52:0.0130516
alpha: 29.058
lagLB: 449.604
stepSizeMultiplier: 0.146427
targetLowerBound: 502.079
||gamma||^2: 0.120478
lambda: 0,5.0143,11.5846,6.97571,8.68349,8.82591,6.3243,9.64122,8.97409,4.9867,7.35671,6.96501,7.40093,17.2996,10.0138,3.39119,9.71521,5.28025,12.6504,11.6425,11.617,7.73287,6.09477,8.91793,10.3885,12.2992,11.4315,4.24125,5.55547,8.31966,11.0405,13.5975,2.95289,19.8678,13.078,12.1411,17.5864,4.13307,4.57009,18.0517,20.2055,12.6418,16.4449,16.6919,9.87073,
mu: 0,0,2.14702,0,
srcDuals: 
lambda: 0,4.46727,12.8565,5.81168,7.62934,9.3447,5.31868,10.3602,10.7577,6.3452,9.43134,6.8686,4.83286,16.5006,9.16926,5.53639,9.57845,4.01637,12.9542,10.5535,14.909,8.79574,5.15989,8.39523,10.9646,13.1044,10.781,4.83286,8.55339,5.8311,11.0985,9.81119,3.63733,20.8955,13.5767,10.7445,15.0901,4.19822,6.1111,15.4587,19.5639,11.3355,14.5431,15.8506,7.83603,
mu: 0,0,1.10765,0,
srcDuals: 
fixing. lower bound used: 452.365
percent fixed: 62.0035
fixing. lower bound used: 471.848
fixed path dual: 10.4136
best alpha: 0.01
0:0
1:0.0176224
2:-0.0208422
3:0.0571862
4:0.0138667
5:0.00328211
6:0.0321122
7:-0.00312983
8:-0.0570336
9:-0.0236156
10:-0.046555
11:0.0229884
12:0.0821609
13:0.015693
14:-0.00284744
15:-0.0488155
16:0.0242806
17:0.0405848
18:-0.0298307
19:0.0349844
20:-0.0855519
21:-0.0141461
22:0.0300463
23:0.0366431
24:0.00144568
25:-0.0556926
26:-0.147364
27:-0.0288508
28:-0.0761301
29:0.0996142
30:0.0180451
31:-0.0469176
32:-0.0020244
33:-0.0130178
34:0.00392433
35:0.064638
36:0.0998632
37:0.0178129
38:-0.0294618
39:0.10296
40:0.0404526
41:0.0419441
42:0.0610212
43:0.0468501
44:0.0652758
45:-0.343472
46:-0.214398
47:-0.0667066
48:-0.354973
49:0.0504456
50:-0.206031
51:0.00960433
52:0.0529211
alpha: 27.2095
lagLB: 458.179
stepSizeMultiplier: 0.146427
targetLowerBound: 502.079
||gamma||^2: 0.128662
lambda: 0,4.691,11.9512,7.19667,8.32986,9.14752,6.55474,9.9748,8.79018,5.35853,7.77137,7.24983,7.53792,16.9612,9.67271,3.81007,9.99761,4.91408,12.9592,11.2868,12.1044,8.08702,5.74828,9.17724,10.7135,12.0568,6.16211,3.98605,6.02535,8.46141,11.3346,8.14057,3.2844,20.2199,13.3984,12.3482,17.7277,4.42754,4.95283,18.1872,20.4577,12.2731,16.0406,16.9322,9.45846,
mu: 0,0.457944,2.08486,0,
srcDuals: 
lambda: 0,4.46727,12.8565,5.81168,7.62934,9.3447,5.31868,10.3602,10.7577,6.3452,9.43134,6.8686,4.83286,16.5006,9.16926,5.53639,9.57845,4.01637,12.9542,10.5535,14.909,8.79574,5.15989,8.39523,10.9646,13.1044,10.781,4.83286,8.55339,5.8311,11.0985,9.81119,3.63733,20.8955,13.5767,10.7445,15.0901,4.19822,6.1111,15.4587,19.5639,11.3355,14.5431,15.8506,7.83603,
mu: 0,0,1.10765,0,
srcDuals: 
fixing. lower bound used: 407.352
percent fixed: 62.0033
fixing. lower bound used: 471.848
fixed path dual: -23.1493
best alpha: 0.01
0:0
1:0.0274462
2:-0.0106338
3:0.0666143
4:-0.016272
5:0.0132493
6:0.0417911
7:0.00690147
8:-0.0464633
9:-0.0133795
10:-0.0360895
11:0.0327585
12:0.0813393
13:0.025536
14:0.00718103
15:-0.0383273
16:0.0340378
17:-0.039821
18:-0.0195324
19:-0.0453655
20:-0.0746964
21:-0.00400463
22:0.0397458
23:0.0462766
24:0.0114312
25:-0.0451357
26:-0.13589
27:-0.0185623
28:-0.0653688
29:0.108618
30:0.0278647
31:-0.0364484
32:0.00799585
33:-0.0028876
34:0.0138851
35:0.0739917
36:0.108865
37:0.00763472
38:-0.0191672
39:0.11193
40:-0.059952
41:0.0515247
42:-0.109589
43:0.0563816
44:-0.075377
45:-0.0900369
46:0.0677461
47:0.42396
48:0.138577
49:0.129941
50:-0.0639711
51:0.0895083
52:-0.387608
alpha: 6.40411
lagLB: 385.22
stepSizeMultiplier: 0.0966415
targetLowerBound: 502.079
||gamma||^2: 0.360792
lambda: 0,4.94677,12.2894,7.36769,8.00665,9.43401,6.19244,10.275,9.20586,5.70263,8.1646,7.4941,7.06842,16.9276,9.09178,4.20814,10.2391,5.12067,12.1425,11.5054,12.5812,8.41083,5.97743,9.39227,11.004,11.5891,6.77128,4.04785,6.48193,8.54155,11.5895,8.53459,3.58225,20.5413,13.6835,12.5032,17.8073,4.6829,5.30945,18.2601,20.6646,12.4768,16.2034,17.1253,9.61215,
mu: 0,0,0,0,
srcDuals: 
lambda: 0,4.46727,12.8565,5.81168,7.62934,9.3447,5.31868,10.3602,10.7577,6.3452,9.43134,6.8686,4.83286,16.5006,9.16926,5.53639,9.57845,4.01637,12.9542,10.5535,14.909,8.79574,5.15989,8.39523,10.9646,13.1044,10.781,4.83286,8.55339,5.8311,11.0985,9.81119,3.63733,20.8955,13.5767,10.7445,15.0901,4.19822,6.1111,15.4587,19.5639,11.3355,14.5431,15.8506,7.83603,
mu: 0,0,1.10765,0,
srcDuals: 
fixing. lower bound used: 423.805
percent fixed: 61.9983
fixing. lower bound used: 471.848
fixed path dual: 3.89285
best alpha: 0.01
0:0
1:0.00717174
2:-0.0405275
3:0.0759482
4:-0.00610927
5:0.0231168
6:0.0513732
7:0.0168325
8:-0.0359987
9:-0.0032457
10:-0.0257286
11:0.0124309
12:0.0905259
13:0.0352807
14:0.0171092
15:-0.0279441
16:0.0136974
17:-0.0294228
18:-0.00933703
19:-0.0349118
20:-0.163949
21:-0.00396458
22:0.0193484
23:0.0558139
24:0.0213169
25:-0.0346843
26:-0.124531
27:-0.0183767
28:-0.0547151
29:0.0875319
30:0.037586
31:-0.0260839
32:-0.0120841
33:0.00714127
34:0.0237462
35:0.0332517
36:0.0677759
37:0.0175584
38:-0.00897554
39:0.120811
40:-0.0493525
41:0.0610094
42:-0.0984931
43:0.0658178
44:-0.0646232
45:-0.0891366
46:0.0270686
47:0.319721
48:-0.0128088
49:0.0486417
50:-0.483331
51:-0.191387
52:-0.283732
alpha: 9.71966
lagLB: 411.59
stepSizeMultiplier: 0.0966415
targetLowerBound: 502.079
||gamma||^2: 0.23772
lambda: 0,4.64304,12.7884,6.23829,7.52513,9.42955,5.58632,10.4044,10.4602,6.25951,9.20022,7.07839,5.35377,16.6641,9.21525,5.29094,9.79643,3.76136,12.8291,10.263,14.4307,8.77009,5.41442,8.69159,11.0378,12.8154,9.91071,4.71399,8.13477,6.5267,11.2769,9.57777,3.68854,20.877,13.6657,11.2183,15.7873,4.24712,5.98835,16.1755,19.18,11.6654,13.8412,16.2116,7.35331,
mu: 0,0.433853,3.82274,0.887462,
srcDuals: 
lambda: 0,4.46727,12.8565,5.81168,7.62934,9.3447,5.31868,10.3602,10.7577,6.3452,9.43134,6.8686,4.83286,16.5006,9.16926,5.53639,9.57845,4.01637,12.9542,10.5535,14.909,8.79574,5.15989,8.39523,10.9646,13.1044,10.781,4.83286,8.55339,5.8311,11.0985,9.81119,3.63733,20.8955,13.5767,10.7445,15.0901,4.19822,6.1111,15.4587,19.5639,11.3355,14.5431,15.8506,7.83603,
mu: 0,0,1.10765,0,
srcDuals: 
fixing. lower bound used: 252.488
percent fixed: 61.9971
fixing. lower bound used: 471.848
fixed path dual: 10.9518
best alpha: 0.01
0:0
1:0.0171
2:-0.0501222
3:0.0851887
4:0.00395182
5:0.0128856
6:0.0508595
7:0.0266641
8:-0.0256387
9:-0.0132132
10:-0.0154713
11:0.0223066
12:0.0896206
13:0.0349279
14:0.0169381
15:-0.0176646
16:0.0235605
17:-0.0191286
18:-0.00924366
19:-0.0245627
20:-0.15231
21:-0.0139249
22:0.0291549
23:0.0652557
24:0.0311037
25:-0.0343375
26:-0.113286
27:-0.0181929
28:-0.044168
29:0.0766566
30:0.0272102
31:-0.0158231
32:-0.0219633
33:0.0170699
34:0.0135088
35:0.0429192
36:0.0770982
37:0.0273828
38:-0.0188858
39:0.129603
40:-0.0388589
41:0.0703993
42:-0.0875082
43:0.0751596
44:-0.053977
45:-0.278245
46:-0.153202
47:0.216524
48:-0.132681
49:0.148155
50:-0.318498
51:-0.169473
52:-0.180895
alpha: 11.707
lagLB: 445.923
stepSizeMultiplier: 0.0966415
targetLowerBound: 502.079
||gamma||^2: 0.197365
lambda: 0,4.53698,12.4626,6.54987,7.56996,9.56939,5.81801,10.5238,10.4078,6.31365,9.18127,6.98942,5.71274,16.8435,9.33556,5.26478,9.71158,3.73039,12.8634,10.2142,13.3155,8.7572,5.34795,8.93772,11.1718,12.7673,9.57057,4.65425,8.02158,6.68188,11.4638,9.55766,3.51988,20.9649,13.8075,11.0676,15.7489,4.36889,6.02386,16.6329,19.0842,11.9285,13.5857,16.4903,7.20792,
mu: 0,0.263098,4.21523,0,
srcDuals: 
lambda: 0,4.46727,12.8565,5.81168,7.62934,9.3447,5.31868,10.3602,10.7577,6.3452,9.43134,6.8686,4.83286,16.5006,9.16926,5.53639,9.57845,4.01637,12.9542,10.5535,14.909,8.79574,5.15989,8.39523,10.9646,13.1044,10.781,4.83286,8.55339,5.8311,11.0985,9.81119,3.63733,20.8955,13.5767,10.7445,15.0901,4.19822,6.1111,15.4587,19.5639,11.3355,14.5431,15.8506,7.83603,
mu: 0,0,1.10765,0,
srcDuals: 
fixing. lower bound used: 402.59
percent fixed: 61.9968
fixing. lower bound used: 471.848
fixed path dual: -0.619633
best alpha: 0.01
0:0
1:-0.023071
2:-0.049621
3:0.0343368
4:0.0139123
5:0.0227568
6:0.0603509
7:0.0363975
8:-0.0353823
9:-0.00308111
10:-0.00531656
11:0.0120835
12:0.0987244
13:0.0445786
14:0.0267687
15:-0.00748797
16:0.0133249
17:-0.00893732
18:0.000848777
19:-0.0143171
20:-0.180787
21:-0.00378569
22:-0.0111367
23:0.0746032
24:0.0407927
25:-0.0239941
26:-0.112153
27:-0.018011
28:-0.0937263
29:0.06589
30:0.0369381
31:-0.0656649
32:-0.0217436
33:0.0268992
34:0.0233737
35:0.00249004
36:0.0363272
37:0.037109
38:-0.00869693
39:0.138307
40:-0.0284703
41:0.0796953
42:-0.0766331
43:0.084408
44:-0.0434372
45:-0.175463
46:-0.0916701
47:0.114358
48:-0.281354
49:-0.213326
50:-0.915313
51:-0.307778
52:-0.0790857
alpha: 14.8719
lagLB: 428.365
stepSizeMultiplier: 0.0966415
targetLowerBound: 502.079
||gamma||^2: 0.155364
lambda: 0,4.66746,12.2697,6.80899,7.67561,9.49555,5.9141,10.6723,10.4576,6.19051,9.25022,7.12974,5.88205,16.9095,9.36756,5.32959,9.85427,3.79244,12.846,10.2659,13.1259,8.63272,5.5012,9.15918,11.3287,12.7024,9.45473,4.61988,8.03632,6.72852,11.417,9.62595,3.38021,21.0953,13.7349,11.2469,15.9927,4.5188,5.89,16.9759,19.109,12.1596,13.5186,16.7305,7.20412,
mu: 0,0,3.6425,0,
srcDuals: 
lambda: 0,4.46727,12.8565,5.81168,7.62934,9.3447,5.31868,10.3602,10.7577,6.3452,9.43134,6.8686,4.83286,16.5006,9.16926,5.53639,9.57845,4.01637,12.9542,10.5535,14.909,8.79574,5.15989,8.39523,10.9646,13.1044,10.781,4.83286,8.55339,5.8311,11.0985,9.81119,3.63733,20.8955,13.5767,10.7445,15.0901,4.19822,6.1111,15.4587,19.5639,11.3355,14.5431,15.8506,7.83603,
mu: 0,0,1.10765,0,
srcDuals: 
fixing. lower bound used: 427.355
percent fixed: 61.9952
fixing. lower bound used: 471.848
fixed path dual: 7.60225
best alpha: 0.02
0:0
1:-0.00260956
2:-0.0286285
3:0.0536501
4:0.0336341
5:0.0223016
6:-0.0208561
7:-0.10433
8:-0.0346746
9:0.0169805
10:-0.00521023
11:0.0118419
12:0.11675
13:0.063687
14:0.0262334
15:0.0126618
16:0.0130584
17:0.0112414
18:0.0208318
19:0.00596928
20:-0.157171
21:-0.00370997
22:0.00908605
23:-0.0668889
24:-0.0800232
25:-0.0035142
26:-0.10991
27:-0.0176507
28:-0.0718518
29:0.0845722
30:0.0161993
31:-0.0443516
32:-0.00130877
33:0.0463612
34:0.0229062
35:0.0224402
36:0.0556007
37:0.0563668
38:0.011477
39:0.135541
40:-0.00790093
41:0.0981014
42:-0.0551004
43:-0.0572801
44:-0.0225685
45:-0.0719535
46:0.0501633
47:-0.0879288
48:-0.555727
49:-0.0890597
50:-0.657007
51:-0.181623
52:0.042496
alpha: 14.7398
lagLB: 445.948
stepSizeMultiplier: 0.0966415
targetLowerBound: 502.079
||gamma||^2: 0.156756
lambda: 0,4.12416,12.1185,6.32234,7.83624,9.68314,6.21622,10.9015,10.2315,6.29938,9.35227,7.0483,6.30108,17.1635,9.56736,5.42503,9.77662,3.88346,12.9668,10.3406,12.2204,8.73944,4.99426,9.50472,11.5713,12.7476,9.11304,4.565,7.15951,6.81101,11.6478,8.83463,3.31397,21.2955,13.9243,10.7815,15.6304,4.7501,5.98176,17.5155,19.1405,12.5207,13.4034,17.1059,7.19004,
mu: 0,0,2.80837,0,
srcDuals: 
lambda: 0,4.46727,12.8565,5.81168,7.62934,9.3447,5.31868,10.3602,10.7577,6.3452,9.43134,6.8686,4.83286,16.5006,9.16926,5.53639,9.57845,4.01637,12.9542,10.5535,14.909,8.79574,5.15989,8.39523,10.9646,13.1044,10.781,4.83286,8.55339,5.8311,11.0985,9.81119,3.63733,20.8955,13.5767,10.7445,15.0901,4.19822,6.1111,15.4587,19.5639,11.3355,14.5431,15.8506,7.83603,
mu: 0,0,1.10765,0,
srcDuals: 
fixing. lower bound used: 404.838
percent fixed: 61.9948
fixing. lower bound used: 471.848
fixed path dual: 5.04321
best alpha: 0.01
0:0
1:0.00741654
2:-0.0183423
3:0.0631136
4:0.0332977
5:-0.0279214
6:-0.0106476
7:-0.0932872
8:-0.0243279
9:0.0268107
10:-0.0751581
11:0.0217234
12:0.125582
13:0.0730502
14:0.035971
15:-0.00746483
16:0.0229278
17:0.00112901
18:0.0306235
19:0.0159096
20:-0.145599
21:0.00632713
22:0.0189952
23:-0.05622
24:-0.0692229
25:0.00652094
26:-0.0988107
27:-0.00747424
28:-0.0611333
29:0.0937265
30:0.0260373
31:-0.033908
32:0.00870432
33:-0.0741024
34:0.0326772
35:0.0322158
36:0.0650447
37:0.0458031
38:0.0213622
39:0.00418532
40:0.00217807
41:0.10712
42:-0.0445494
43:-0.0467073
44:-0.0223428
45:-0.011234
46:0.139662
47:0.192951
48:-0.25017
49:-0.00816911
50:-0.510437
51:-0.0998064
52:-0.077929
alpha: 12.303
lagLB: 445.597
stepSizeMultiplier: 0.0966415
targetLowerBound: 502.079
||gamma||^2: 0.187805
lambda: 0,4.42881,12.4345,6.60248,8.1251,9.67342,5.01127,8.82236,10.2466,6.59549,9.35454,7.04315,6.55373,17.4393,9.55594,5.72302,9.77093,4.18207,13.2612,10.6415,12.5924,8.74105,5.29381,7.4093,9.78509,13.0526,9.16092,4.57269,7.49431,7.07768,11.3372,9.15745,3.61804,21.5788,13.9144,11.0752,15.9096,5.02906,6.28026,17.4565,19.4475,12.7815,13.7309,15.0063,7.50338,
mu: 0,0.739399,0,0,
srcDuals: 
lambda: 0,4.46727,12.8565,5.81168,7.62934,9.3447,5.31868,10.3602,10.7577,6.3452,9.43134,6.8686,4.83286,16.5006,9.16926,5.53639,9.57845,4.01637,12.9542,10.5535,14.909,8.79574,5.15989,8.39523,10.9646,13.1044,10.781,4.83286,8.55339,5.8311,11.0985,9.81119,3.63733,20.8955,13.5767,10.7445,15.0901,4.19822,6.1111,15.4587,19.5639,11.3355,14.5431,15.8506,7.83603,
mu: 0,0,1.10765,0,
srcDuals: 
fixing. lower bound used: 442.951
percent fixed: 61.9944
fixing. lower bound used: 471.848
fixed path dual: 13.8843
best alpha: 0.01
0:0
1:0.0173424
2:-0.00815883
3:0.0724824
4:0.0329647
5:-0.0176422
6:-0.000541092
7:-0.0823543
8:-0.0140846
9:0.0365426
10:-0.0644065
11:0.0315062
12:0.124327
13:0.0723197
14:0.0356113
15:0.00260982
16:0.0326985
17:0.0111177
18:0.000317248
19:0.0257505
20:-0.134143
21:0.0162639
22:0.0288052
23:-0.0456578
24:-0.0585307
25:-0.00354427
26:-0.0878226
27:-0.00739949
28:-0.0505219
29:0.102789
30:0.0357769
31:-0.023569
32:0.00861728
33:-0.0633614
34:0.0423504
35:0.0418937
36:0.0743942
37:0.0553451
38:0.0311486
39:0.0141435
40:0.0121563
41:0.116049
42:-0.0341039
43:-0.0362403
44:-0.0121194
45:-0.331122
46:-0.151735
47:0.091021
48:-0.327668
49:0.111913
50:-0.325332
51:0.0211917
52:-0.0171497
alpha: 15.7685
lagLB: 406.298
stepSizeMultiplier: 0.0966415
targetLowerBound: 502.079
||gamma||^2: 0.146529
lambda: 0,4.55852,12.6308,6.58817,8.039,9.00119,5.18769,9.21247,10.4584,6.67505,8.50667,7.13586,6.3779,17.3993,9.61181,5.44455,9.86053,4.03026,13.3309,10.7492,13.1177,8.87358,5.39358,7.70356,10.113,13.1846,9.5653,4.74091,7.80127,6.98421,11.4188,9.39402,3.74442,19.9838,13.9788,11.1408,15.8903,4.76174,6.37391,15.5102,19.5907,12.6534,13.995,15.2759,7.56115,
mu: 0,1.71825,3.48151,0,
srcDuals: 
lambda: 0,4.46727,12.8565,5.81168,7.62934,9.3447,5.31868,10.3602,10.7577,6.3452,9.43134,6.8686,4.83286,16.5006,9.16926,5.53639,9.57845,4.01637,12.9542,10.5535,14.909,8.79574,5.15989,8.39523,10.9646,13.1044,10.781,4.83286,8.55339,5.8311,11.0985,9.81119,3.63733,20.8955,13.5767,10.7445,15.0901,4.19822,6.1111,15.4587,19.5639,11.3355,14.5431,15.8506,7.83603,
mu: 0,0,1.10765,0,
srcDuals: 
fixing. lower bound used: 362.093
percent fixed: 61.9941
fixing. lower bound used: 471.848
fixed path dual: -3.93618
best alpha: 0.01
0:0
1:-0.0328311
2:-0.00807724
3:0.0317576
4:0.0426351
5:-0.00746575
6:0.00946432
7:-0.0715307
8:-0.00394376
9:0.0461772
10:-0.0537625
11:0.0211911
12:0.133083
13:0.0815965
14:0.0452552
15:0.0125837
16:0.0223715
17:0.0210065
18:0.0103141
19:0.035493
20:-0.182802
21:0.0261012
22:-0.0314828
23:-0.0352012
24:-0.0479454
25:0.00649117
26:-0.0769443
27:-0.0073255
28:-0.0800167
29:0.0917614
30:0.0454192
31:-0.0533333
32:-0.00146889
33:-0.0527278
34:0.0519269
35:-0.00852526
36:0.0236503
37:0.0647916
38:0.0408371
39:0.024002
40:0.0220347
41:0.124889
42:-0.0237629
43:-0.0258779
44:-0.00199818
45:-0.22781
46:-0.110218
47:-0.0098892
48:-0.474391
49:-0.229207
50:-0.962079
51:-0.15902
52:0.0830218
alpha: 15.9525
lagLB: 431.302
stepSizeMultiplier: 0.0966415
targetLowerBound: 502.079
||gamma||^2: 0.144839
lambda: 0,4.74074,12.7278,6.95463,8.14915,9.06651,5.31015,9.06157,10.5356,6.92142,8.41574,7.36541,6.79331,17.641,9.7308,5.57754,10.0941,4.19168,12.9592,10.9595,12.7938,9.0522,5.6141,7.67527,10.0417,13.0485,9.39613,4.71618,7.75674,7.45193,11.6626,9.43954,3.77322,19.8964,14.2445,11.4051,16.2632,5.07093,6.60226,15.6817,19.7556,13.1654,14.0053,15.2791,7.64493,
mu: 0,0,2.54292,0,
srcDuals: 
lambda: 0,4.46727,12.8565,5.81168,7.62934,9.3447,5.31868,10.3602,10.7577,6.3452,9.43134,6.8686,4.83286,16.5006,9.16926,5.53639,9.57845,4.01637,12.9542,10.5535,14.909,8.79574,5.15989,8.39523,10.9646,13.1044,10.781,4.83286,8.55339,5.8311,11.0985,9.81119,3.63733,20.8955,13.5767,10.7445,15.0901,4.19822,6.1111,15.4587,19.5639,11.3355,14.5431,15.8506,7.83603,
mu: 0,0,1.10765,0,
srcDuals: 
fixing. lower bound used: 426.406
percent fixed: 61.9941
fixing. lower bound used: 471.848
fixed path dual: -1.06993
best alpha: 0.02
0:0
1:-0.0121744
2:0.0120843
3:0.0511225
4:0.00178239
5:0.0126836
6:0.029275
7:-0.0501001
8:0.0161351
9:0.0652536
10:-0.0326872
11:0.0407673
12:0.150422
13:-3.54741e-05
14:-0.0156499
15:0.032332
16:0.0419241
17:-0.0394136
18:0.0101078
19:-0.0452169
20:-0.159146
21:0.0455792
22:-0.0108532
23:-0.0144972
24:-0.0269865
25:-0.0536386
26:-0.0554055
27:0.012821
28:-0.0584164
29:0.109926
30:0.0645108
31:-0.0322666
32:0.0185605
33:-0.0316732
34:0.0708883
35:0.0116452
36:0.0431773
37:0.0434958
38:0.0600204
39:0.043522
40:0.021594
41:0.042391
42:-0.103288
43:-0.00536031
44:-0.0819582
45:-0.223254
46:-0.0480132
47:0.330309
48:0.0150966
49:-0.0646224
50:-0.662837
51:0.00416015
52:-0.238639
alpha: 9.50437
lagLB: 448.685
stepSizeMultiplier: 0.0966415
targetLowerBound: 502.079
||gamma||^2: 0.243104
lambda: 0,3.94353,12.7276,6.3183,8.30948,9.2256,5.46966,9.21908,10.6948,7.08184,8.57369,7.20665,6.95588,17.8022,9.8912,5.73713,9.93533,4.35148,13.1187,11.1197,11.9929,9.21212,4.65766,7.83368,10.1998,13.208,9.55351,4.716,7.27693,7.29492,11.823,8.96039,3.6139,20.0543,14.4051,10.6085,15.4674,5.23181,6.76255,15.8416,19.9154,13.3278,14.164,15.4377,7.80416,
mu: 0,0,0.949891,0,
srcDuals: 
lambda: 0,4.46727,12.8565,5.81168,7.62934,9.3447,5.31868,10.3602,10.7577,6.3452,9.43134,6.8686,4.83286,16.5006,9.16926,5.53639,9.57845,4.01637,12.9542,10.5535,14.909,8.79574,5.15989,8.39523,10.9646,13.1044,10.781,4.83286,8.55339,5.8311,11.0985,9.81119,3.63733,20.8955,13.5767,10.7445,15.0901,4.19822,6.1111,15.4587,19.5639,11.3355,14.5431,15.8506,7.83603,
mu: 0,0,1.10765,0,
srcDuals: 
fixing. lower bound used: 409.19
percent fixed: 61.9937
fixing. lower bound used: 471.848
fixed path dual: 7.60579
best alpha: 0.02
0:0
1:0.00806906
2:-0.0481574
3:0.0701
4:0.0217467
5:-0.0075701
6:0.0486895
7:-0.0290981
8:0.0358124
9:0.00394856
10:-0.0120335
11:0.019952
12:0.147413
13:0.0199652
14:0.00466311
15:0.0516854
16:0.0410856
17:-0.0186253
18:0.0299056
19:-0.0243125
20:-0.135963
21:-0.0153324
22:0.00936391
23:0.00579274
24:-0.00644675
25:-0.0325659
26:-0.0342974
27:0.0325646
28:-0.037248
29:0.0477276
30:0.00322058
31:-0.0116213
32:-0.0218107
33:-0.0110398
34:0.00947057
35:0.0314123
36:0.0623137
37:0.0626259
38:-0.00118002
39:0.0626516
40:0.0411622
41:0.0615431
42:-0.0812219
43:0.0147469
44:-0.060319
45:-0.358789
46:-0.187053
47:0.123702
48:-0.285205
49:0.09667
50:-0.369581
51:-0.195923
52:0.00613413
alpha: 19.0625
lagLB: 429.651
stepSizeMultiplier: 0.0966415
targetLowerBound: 502.079
||gamma||^2: 0.121209
lambda: 0,4.35156,12.9713,6.29757,7.64628,9.46525,5.59693,9.88401,10.9111,6.96539,9.12067,7.25607,6.26253,16.5002,9.02052,5.84368,9.97691,3.64177,13.0503,10.1237,13.3965,9.22894,5.05674,8.25744,10.7081,12.5946,10.2544,4.95472,7.99818,6.87588,11.7116,9.50451,3.81374,20.5944,14.2505,10.8551,15.5005,4.61162,6.68155,15.8723,19.7692,11.7384,13.5614,15.7996,7.05707,
mu: 0,0,4.24703,0.143484,
srcDuals: 
lambda: 0,4.46727,12.8565,5.81168,7.62934,9.3447,5.31868,10.3602,10.7577,6.3452,9.43134,6.8686,4.83286,16.5006,9.16926,5.53639,9.57845,4.01637,12.9542,10.5535,14.909,8.79574,5.15989,8.39523,10.9646,13.1044,10.781,4.83286,8.55339,5.8311,11.0985,9.81119,3.63733,20.8955,13.5767,10.7445,15.0901,4.19822,6.1111,15.4587,19.5639,11.3355,14.5431,15.8506,7.83603,
mu: 0,0,1.10765,0,
srcDuals: 
fixing. lower bound used: 385.6
percent fixed: 61.9937
fixing. lower bound used: 471.848
fixed path dual: -2.84083
best alpha: 0.01
0:0
1:-0.0520116
2:-0.0376758
3:0.00939901
4:0.0315293
5:0.0025056
6:0.0582026
7:-0.0188071
8:0.0254543
9:0.0139091
10:-0.00191315
11:0.0197525
12:0.155939
13:0.0297656
14:0.0146165
15:0.0611686
16:0.0406748
17:-0.00843906
18:0.0396066
19:-0.0140694
20:-0.154603
21:-0.00517907
22:-0.0507297
23:0.0157348
24:0.00361772
25:-0.0222402
26:-0.0339544
27:0.0122389
28:-0.0968756
29:0.0472503
30:0.0131884
31:-0.0715051
32:-0.0215926
33:-0.000929378
34:0.0193759
35:-0.00890179
36:0.0216906
37:0.0719996
38:0.00883178
39:0.072025
40:0.0507505
41:0.0709277
42:-0.0704096
43:0.0245994
44:-0.0497159
45:-0.215201
46:-0.125182
47:0.0224654
48:-0.432353
49:-0.344297
50:-1.04588
51:-0.293964
52:0.106073
alpha: 18.1158
lagLB: 426.897
stepSizeMultiplier: 0.0966415
targetLowerBound: 502.079
||gamma||^2: 0.127544
lambda: 0,4.62109,11.9385,7.14797,8.04389,9.2004,6.24683,9.80549,11.4404,6.42047,9.20195,7.24893,7.64293,16.8812,9.25815,6.52164,10.3616,3.66133,13.5243,10.09,12.3172,8.50346,5.33839,8.50566,10.8417,12.4836,10.1272,5.45362,7.84335,6.74091,11.1598,9.58966,3.22157,20.685,13.7573,11.3433,16.278,5.39203,6.0886,16.653,20.3486,12.5086,12.9948,16.1317,6.6862,
mu: 0,0,3.46573,0,
srcDuals: 
lambda: 0,4.46727,12.8565,5.81168,7.62934,9.3447,5.31868,10.3602,10.7577,6.3452,9.43134,6.8686,4.83286,16.5006,9.16926,5.53639,9.57845,4.01637,12.9542,10.5535,14.909,8.79574,5.15989,8.39523,10.9646,13.1044,10.781,4.83286,8.55339,5.8311,11.0985,9.81119,3.63733,20.8955,13.5767,10.7445,15.0901,4.19822,6.1111,15.4587,19.5639,11.3355,14.5431,15.8506,7.83603,
mu: 0,0,1.10765,0,
srcDuals: 
fixing. lower bound used: 427.893
percent fixed: 61.993
fixing. lower bound used: 471.848
fixed path dual: -2.7307
best alpha: 0.02
0:0
1:-0.0309714
2:-0.0169223
3:0.029211
4:0.0308987
5:-0.0575445
6:0.0570386
7:0.001569
8:0.0449452
9:0.0336309
10:-0.0818749
11:0.0393574
12:0.15282
13:0.0491703
14:-0.00567585
15:-5.48209e-05
16:0.0598613
17:0.0117297
18:-0.0211855
19:0.00621198
20:-0.131511
21:0.0149245
22:-0.0297151
23:0.0354201
24:0.0235454
25:-0.0417954
26:-0.0132753
27:0.0319942
28:-0.0749381
29:0.0663053
30:-0.0670754
31:-0.050075
32:-0.00116077
33:-0.00091079
34:0.0389884
35:0.0112763
36:0.0412568
37:-0.00944036
38:0.0286551
39:0.0105845
40:0.0697355
41:0.0895091
42:-0.0490014
43:0.0441074
44:-0.0887215
45:-0.250897
46:-0.102679
47:0.102016
48:-0.203706
49:-0.177411
50:-0.744967
51:-0.128085
52:-0.616049
alpha: 17.6262
lagLB: 446.941
stepSizeMultiplier: 0.0966415
targetLowerBound: 502.079
||gamma||^2: 0.131086
lambda: 0,3.52504,12.174,5.98195,8.20052,9.39009,6.37307,10.0195,11.2188,6.59717,9.39668,7.22643,7.65782,17.0398,9.43405,6.6445,10.3153,3.86349,13.6717,10.2986,12.1083,8.70192,4.24088,8.68028,11.0302,12.7015,10.1659,5.05458,6.79842,6.68707,11.3374,8.51582,3.24617,20.8786,13.9277,10.5832,15.483,5.50255,6.27109,16.7635,20.4833,12.6204,13.2675,16.2962,6.93539,
mu: 0,0,1.51463,0,
srcDuals: 
lambda: 0,4.46727,12.8565,5.81168,7.62934,9.3447,5.31868,10.3602,10.7577,6.3452,9.43134,6.8686,4.83286,16.5006,9.16926,5.53639,9.57845,4.01637,12.9542,10.5535,14.909,8.79574,5.15989,8.39523,10.9646,13.1044,10.781,4.83286,8.55339,5.8311,11.0985,9.81119,3.63733,20.8955,13.5767,10.7445,15.0901,4.19822,6.1111,15.4587,19.5639,11.3355,14.5431,15.8506,7.83603,
mu: 0,0,1.10765,0,
srcDuals: 
fixing. lower bound used: 409.118
percent fixed: 61.9913
fixing. lower bound used: 471.848
fixed path dual: 8.28391
best alpha: 0.02
0:0
1:-0.010352
2:-0.0365838
3:0.0486268
4:0.0502807
5:-0.0363936
6:0.0158978
7:-0.0584624
8:0.0440463
9:0.0329583
10:-0.0602374
11:-0.0214297
12:0.149764
13:0.0681869
14:0.0144377
15:0.0199463
16:-0.021336
17:0.0314951
18:-0.000761839
19:0.0260877
20:-0.108881
21:0.014626
22:-0.00912083
23:-0.00528828
24:-0.0169255
25:-0.0209595
26:-0.0130098
27:0.0313543
28:-0.0534393
29:0.0649792
30:-0.0657339
31:-0.0290735
32:-0.00113755
33:0.0191074
34:0.0382086
35:0.0310507
36:0.0604316
37:0.0107484
38:0.048082
39:0.0303728
40:0.0883408
41:0.107719
42:-0.0280214
43:-0.0167747
44:-0.0669471
45:-0.365879
46:-0.200625
47:-0.100024
48:-0.499632
49:-0.0538625
50:-0.490068
51:-0.205523
52:-0.363728
alpha: 19.3649
lagLB: 450.195
stepSizeMultiplier: 0.0966415
targetLowerBound: 502.079
||gamma||^2: 0.119316
lambda: 0,3.92136,12.5582,6.32656,8.17397,8.33041,6.32406,10.3878,11.5499,6.93798,7.9882,7.56232,7.5265,17.3673,9.06922,5.53542,10.6336,4.22312,12.5808,10.663,12.591,9.0588,4.63612,9.01955,11.3796,12.3677,10.547,5.3968,7.23252,6.99981,9.91617,8.92856,3.61687,20.8794,14.2639,10.9432,15.8173,4.03183,6.61618,15.6452,20.7931,12.9132,13.6794,16.628,6.27221,
mu: 0,0,2.9058,0,
srcDuals: 
lambda: 0,4.46727,12.8565,5.81168,7.62934,9.3447,5.31868,10.3602,10.7577,6.3452,9.43134,6.8686,4.83286,16.5006,9.16926,5.53639,9.57845,4.01637,12.9542,10.5535,14.909,8.79574,5.15989,8.39523,10.9646,13.1044,10.781,4.83286,8.55339,5.8311,11.0985,9.81119,3.63733,20.8955,13.5767,10.7445,15.0901,4.19822,6.1111,15.4587,19.5639,11.3355,14.5431,15.8506,7.83603,
mu: 0,0,1.10765,0,
srcDuals: 
fixing. lower bound used: 395.122
percent fixed: 61.9913
fixing. lower bound used: 471.848
fixed path dual: -3.37982
best alpha: 0.01
0:0
1:-0.000248453
2:-0.026218
3:0.0581405
4:-0.000222089
5:-0.0260297
6:0.0257388
7:-0.0478778
8:0.0536058
9:0.0426287
10:-0.049635
11:-0.0112154
12:0.148266
13:0.047505
14:0.0242933
15:0.0297468
16:-0.0111226
17:0.0211802
18:-0.00075422
19:-0.0141731
20:-0.0977923
21:0.0244798
22:0.000970374
23:0.0047646
24:-0.00675629
25:-0.0107499
26:-0.00287969
27:0.0410407
28:-0.0429049
29:0.0743294
30:-0.0550766
31:-0.0187827
32:0.00887382
33:0.0289164
34:0.0478265
35:0.0407402
36:0.0698273
37:0.020641
38:0.0576012
39:0.0400691
40:-0.0525426
41:-0.0133582
42:-0.0477412
43:-0.00660696
44:-0.0562776
45:-0.31222
46:-0.118619
47:0.160976
48:-0.204636
49:0.0266761
50:-0.345167
51:-0.123468
52:-0.36009
alpha: 20.1968
lagLB: 423.597
stepSizeMultiplier: 0.0966415
targetLowerBound: 502.079
||gamma||^2: 0.114402
lambda: 0,4.26681,12.148,6.75334,8.60302,8.63994,5.62654,9.22806,11.6107,6.98343,8.26485,6.45361,7.73303,17.821,9.44885,5.92265,9.16528,4.62628,12.9394,11.0587,12.8006,9.07897,4.98326,8.29282,10.6369,12.6985,10.529,5.44003,7.51855,7.08942,9.82552,9.24818,3.61531,21.2655,14.3166,11.3457,16.2604,4.40637,7.0422,16.0468,21.2746,13.4214,14.0004,15.5257,6.53961,
mu: 0,0,0,0,
srcDuals: 
lambda: 0,4.46727,12.8565,5.81168,7.62934,9.3447,5.31868,10.3602,10.7577,6.3452,9.43134,6.8686,4.83286,16.5006,9.16926,5.53639,9.57845,4.01637,12.9542,10.5535,14.909,8.79574,5.15989,8.39523,10.9646,13.1044,10.781,4.83286,8.55339,5.8311,11.0985,9.81119,3.63733,20.8955,13.5767,10.7445,15.0901,4.19822,6.1111,15.4587,19.5639,11.3355,14.5431,15.8506,7.83603,
mu: 0,0,1.10765,0,
srcDuals: 
fixing. lower bound used: 472.172
percent fixed: 62.0035
start separation phase again
STATS - lpIterations[5] lagIterations[192] sspIterations[960] numSeparations[184] numCuts[8] compileTime[6] sspSolveTime[218] lpSolveTime[0] lb[478.17] ub[510] numArcs: [436240] numFixed: [275132] time: [1280]
STATS1 - lpIterations[5] lagIterations[192] sspIterations[960] numSeparations[184] numCuts[8] compileTime[6] sspSolveTime[218] lpSolveTime[0] repairTime[79] cutsTime[33] lb[478.17] ub[510] numArcs: [436240] numFixed: [275132] time: [1280]
fixing. lower bound used: 471.848
fixed path dual: 7.18947
best alpha: 0.01
0:0
1:0.00975403
2:-0.0459558
3:0.0675591
4:0.00978013
5:-0.0357694
6:0.0354814
7:-0.037399
8:0.0330698
9:0.0222024
10:-0.0391387
11:-0.0111033
12:0.146784
13:0.0570299
14:0.0340504
15:0.0394493
16:-0.00101138
17:0.0309684
18:0.00925332
19:-0.00403141
20:-0.0868144
21:0.00423497
22:0.0109607
23:0.014717
24:0.00331128
25:-0.000642411
26:-0.0128509
27:0.0306303
28:-0.0324758
29:0.0535861
30:-0.0745258
31:-0.0285949
32:-0.0112149
33:0.0386272
34:0.0273482
35:0.0503328
36:0.079129
37:0.0304345
38:0.0370252
39:0.0496684
40:-0.0420172
41:-0.00322464
42:-0.0372638
43:0.00345911
44:-0.0457149
45:-0.379098
46:-0.207433
47:0.0593662
48:-0.352589
49:0.0864093
50:-0.221716
51:-0.162233
52:-0.23649
alpha: 24.5524
lagLB: 441.773
stepSizeMultiplier: 0.0966415
targetLowerBound: 502.079
||gamma||^2: 0.094107
lambda: 0,4.46225,12.327,6.98593,7.62486,8.81899,5.83853,9.3932,11.8404,7.20616,8.42887,6.64208,7.82736,17.46,9.65991,6.13718,9.35381,4.44415,12.9389,10.2672,12.9339,9.29015,5.17949,8.49146,10.8282,12.8873,10.7228,5.66175,7.68686,7.33231,9.98609,9.43184,3.81656,21.4795,14.5427,11.5673,16.5004,4.6151,7.27445,16.2679,18.5027,11.0657,13.5788,15.7171,6.69941,
mu: 0,0,4.35884,0,
srcDuals: 
lambda: 0,4.46727,12.8565,5.81168,7.62934,9.3447,5.31868,10.3602,10.7577,6.3452,9.43134,6.8686,4.83286,16.5006,9.16926,5.53639,9.57845,4.01637,12.9542,10.5535,14.909,8.79574,5.15989,8.39523,10.9646,13.1044,10.781,4.83286,8.55339,5.8311,11.0985,9.81119,3.63733,20.8955,13.5767,10.7445,15.0901,4.19822,6.1111,15.4587,19.5639,11.3355,14.5431,15.8506,7.83603,
mu: 0,0,1.10765,0,
srcDuals: 
fixing. lower bound used: 379.768
percent fixed: 62.0035
fixing. lower bound used: 471.848
fixed path dual: -7.76177
best alpha: 0.01
0:0
1:-0.0503435
2:-0.0354963
3:-0.00311645
4:0.0196823
5:-0.0254117
6:0.0451266
7:-0.027025
8:0.0227391
9:0.0319804
10:-0.0287473
11:-0.000992259
12:0.155316
13:0.0664596
14:0.0437099
15:0.0490549
16:0.00899874
17:0.0406587
18:0.0191608
19:0.00600891
20:-0.0959462
21:0.0141926
22:-0.0591489
23:0.0245698
24:0.0132782
25:0.00936401
26:-0.0227224
27:0.020324
28:-0.102151
29:0.0630503
30:-0.0637805
31:-0.098309
32:-0.0111028
33:0.0482409
34:0.0370748
35:-0.000170512
36:0.0283378
37:0.0401302
38:0.046655
39:0.0591717
40:-0.031597
41:0.0068076
42:-0.0268912
43:0.0134245
44:-0.0352577
45:-0.215307
46:-0.115358
47:-0.0412274
48:-0.499064
49:-0.434455
50:-1.0395
51:-0.220611
52:-0.134125
alpha: 22.0856
lagLB: 416.445
stepSizeMultiplier: 0.0966415
targetLowerBound: 502.079
||gamma||^2: 0.104618
lambda: 0,4.70676,11.7282,7.47042,7.86947,8.46648,6.18984,9.44194,11.5697,6.89032,8.47039,6.59599,8.43675,17.9008,10.0053,6.50496,9.55362,4.77672,13.1814,10.4545,12.7775,8.89972,5.429,8.75657,11.0459,13.0886,10.4654,5.58491,7.75603,7.14677,9.26867,9.10912,3.36198,21.8439,14.2482,11.9802,17.0329,4.94547,7.02015,16.6781,18.5323,11.2563,13.6281,15.9355,6.71363,
mu: 0,0,2.56523,0,
srcDuals: 
lambda: 0,4.46727,12.8565,5.81168,7.62934,9.3447,5.31868,10.3602,10.7577,6.3452,9.43134,6.8686,4.83286,16.5006,9.16926,5.53639,9.57845,4.01637,12.9542,10.5535,14.909,8.79574,5.15989,8.39523,10.9646,13.1044,10.781,4.83286,8.55339,5.8311,11.0985,9.81119,3.63733,20.8955,13.5767,10.7445,15.0901,4.19822,6.1111,15.4587,19.5639,11.3355,14.5431,15.8506,7.83603,
mu: 0,0,1.10765,0,
srcDuals: 
fixing. lower bound used: 430.602
percent fixed: 51.094
fixing. lower bound used: 471.848
fixed path dual: 4.38501
best alpha: 0.03
0:0
1:-0.0188332
2:-0.00443138
3:0.026977
4:-0.0109081
5:-0.0246493
6:0.0137728
7:0.00378576
8:0.0520569
9:0.061021
10:-0.0278849
11:0.0290375
12:0.120656
13:-0.0255341
14:0.0123986
15:0.0475832
16:0.0387288
17:-0.0205611
18:-0.011414
19:-0.0841714
20:-0.0630678
21:0.0437668
22:-0.0273745
23:0.0538327
24:0.0428798
25:-0.0209169
26:0.00795929
27:0.0497143
28:-0.0690866
29:0.0911588
30:-0.0318671
31:-0.0653597
32:0.0192303
33:-0.0132063
34:0.0659625
35:0.0298346
36:0.0574876
37:0.0689263
38:0.0752553
39:-0.00260341
40:-0.000649087
41:-0.0833966
42:-0.116084
43:0.0430218
44:-0.00419998
45:-0.328848
46:-0.141898
47:0.320009
48:0.0559084
49:-0.181421
50:-0.588313
51:0.0260077
52:-0.190101
alpha: 10.6187
lagLB: 458.12
stepSizeMultiplier: 0.0966415
targetLowerBound: 502.079
||gamma||^2: 0.217593
lambda: 0,3.35541,12.0725,5.74286,8.06404,8.78347,6.31533,9.76332,11.2599,7.0515,8.79644,6.84668,8.2631,17.9684,10.1346,6.61979,9.77719,4.91434,13.3774,10.6862,12.79,9.10919,3.85355,8.93787,11.2579,13.3112,10.2791,5.28173,6.29733,7.2236,9.68982,7.63998,3.39212,21.9609,14.3955,10.7407,15.716,5.08452,7.1415,16.7655,18.8661,11.4858,13.9492,16.147,7.05735,
mu: 0,0,0.197118,0,
srcDuals: 
lambda: 0,4.46727,12.8565,5.81168,7.62934,9.3447,5.31868,10.3602,10.7577,6.3452,9.43134,6.8686,4.83286,16.5006,9.16926,5.53639,9.57845,4.01637,12.9542,10.5535,14.909,8.79574,5.15989,8.39523,10.9646,13.1044,10.781,4.83286,8.55339,5.8311,11.0985,9.81119,3.63733,20.8955,13.5767,10.7445,15.0901,4.19822,6.1111,15.4587,19.5639,11.3355,14.5431,15.8506,7.83603,
mu: 0,0,1.10765,0,
srcDuals: 
fixing. lower bound used: 397.386
percent fixed: 51.1173
fixing. lower bound used: 471.848
fixed path dual: 6.75016
best alpha: 0.01
0:0
1:-0.00864487
2:-0.0443871
3:0.0367073
4:-0.000799058
5:-0.0244029
6:0.0236351
7:0.0137479
8:0.0615363
9:0.0304108
10:-0.017606
11:0.00874713
12:0.12945
13:-0.0152788
14:0.0222746
15:0.0571074
16:0.0283415
17:-0.0103555
18:-0.00129989
19:-0.0733296
20:-0.0724372
21:0.00332917
22:-0.0171007
23:0.0632944
24:0.052451
25:-0.0107077
26:0.0178797
27:0.0592172
28:-0.0583957
29:0.0502472
30:-0.0615484
31:-0.0547061
32:-0.010962
33:-0.00307425
34:0.0353029
35:0.0295363
36:0.0569127
37:0.078237
38:0.0445028
39:0.00742262
40:0.0093574
41:-0.0725627
42:-0.104924
43:0.0525916
44:0.00584202
45:-0.31556
46:-0.140479
47:0.216809
48:-0.0946507
49:-0.119607
50:-0.54243
51:-0.154252
52:-0.0881999
alpha: 15.8639
lagLB: 421.662
stepSizeMultiplier: 0.0966415
targetLowerBound: 502.079
||gamma||^2: 0.145649
lambda: 0,4.26729,12.8094,6.09814,7.51351,9.08296,5.46493,10.4004,11.3105,6.99316,9.13524,7.17694,6.11407,16.2294,9.30092,6.04166,9.9897,3.79804,12.833,9.65971,14.2393,9.26048,4.86921,8.96686,11.4199,12.8823,10.8655,5.36076,7.81979,6.79909,10.7601,9.11715,3.84154,20.7552,14.2772,11.0613,15.7005,4.93013,6.91021,15.431,19.557,10.4499,13.3104,16.3074,7.79144,
mu: 0,0,4.50573,0.593674,
srcDuals: 
lambda: 0,4.46727,12.8565,5.81168,7.62934,9.3447,5.31868,10.3602,10.7577,6.3452,9.43134,6.8686,4.83286,16.5006,9.16926,5.53639,9.57845,4.01637,12.9542,10.5535,14.909,8.79574,5.15989,8.39523,10.9646,13.1044,10.781,4.83286,8.55339,5.8311,11.0985,9.81119,3.63733,20.8955,13.5767,10.7445,15.0901,4.19822,6.1111,15.4587,19.5639,11.3355,14.5431,15.8506,7.83603,
mu: 0,0,1.10765,0,
srcDuals: 
fixing. lower bound used: 405.142
percent fixed: 51.1289
fixing. lower bound used: 471.848
fixed path dual: 7.85598
best alpha: 0.01
0:0
1:0.00144158
2:-0.0339432
3:0.0463402
4:0.00920893
5:-0.0141588
6:-0.00660125
7:-0.0563896
8:0.040921
9:0.0401067
10:-0.00742995
11:0.0186597
12:0.128155
13:-0.00512601
14:0.0220518
15:0.0665363
16:0.0380581
17:-0.000251905
18:0.0087131
19:-0.0625964
20:-0.0617128
21:0.0132959
22:-0.00692972
23:0.0126614
24:0.00192651
25:-0.000600661
26:-0.0022991
27:0.048625
28:-0.0478117
29:0.0597447
30:-0.050933
31:-0.044159
32:-0.000852365
33:0.00695649
34:0.0449499
35:0.0392409
36:0.0663436
37:0.0874547
38:0.0540577
39:0.0173484
40:0.0192638
41:-0.061837
42:-0.0938743
43:-0.00793435
44:0.0157836
45:-0.342404
46:-0.159074
47:0.114641
48:-0.243704
49:-0.0984108
50:-0.457006
51:-0.0727099
52:0.0326821
alpha: 22.949
lagLB: 432.226
stepSizeMultiplier: 0.0966415
targetLowerBound: 502.079
||gamma||^2: 0.100682
lambda: 0,4.33013,12.1523,6.394,7.61667,8.95758,5.69363,10.5783,11.7339,6.82763,9.15204,7.00736,6.88644,16.2582,9.52262,6.44233,10.0281,3.8521,12.9336,9.3902,13.7599,8.84855,4.8886,9.39933,11.7967,12.9346,11.0646,5.77228,7.62701,6.62822,10.1221,8.94334,3.46343,20.8467,14.1368,11.213,15.993,5.43937,6.81708,15.5764,19.7124,10.1843,12.8786,16.6849,7.92871,
mu: 0,0,4.54709,0,
srcDuals: 
lambda: 0,4.46727,12.8565,5.81168,7.62934,9.3447,5.31868,10.3602,10.7577,6.3452,9.43134,6.8686,4.83286,16.5006,9.16926,5.53639,9.57845,4.01637,12.9542,10.5535,14.909,8.79574,5.15989,8.39523,10.9646,13.1044,10.781,4.83286,8.55339,5.8311,11.0985,9.81119,3.63733,20.8955,13.5767,10.7445,15.0901,4.19822,6.1111,15.4587,19.5639,11.3355,14.5431,15.8506,7.83603,
mu: 0,0,1.10765,0,
srcDuals: 
fixing. lower bound used: 426.107
percent fixed: 51.1365
fixing. lower bound used: 471.848
fixed path dual: 5.73103
best alpha: 0.01
0:0
1:0.0114272
2:-0.0236038
3:0.0558768
4:0.00911684
5:-0.0340172
6:0.00346477
7:-0.0458257
8:0.0505118
9:-0.000294412
10:0.00264435
11:-0.0215269
12:0.116874
13:0.00492525
14:0.0218313
15:0.0758709
16:0.0176775
17:0.00975061
18:-0.00137403
19:-0.0519704
20:-0.0510957
21:-0.0168371
22:0.00313958
23:0.0225348
24:0.0119072
25:-0.000594654
26:0.00772389
27:0.0581387
28:-0.0373336
29:0.0491473
30:-0.0504236
31:-0.0337174
32:-0.000843841
33:0.0168869
34:0.00450036
35:0.0488485
36:0.0756802
37:0.0965801
38:0.0135172
39:0.0271749
40:0.0290712
41:-0.0512187
42:-0.0829356
43:0.00214499
44:0.0256258
45:-0.36898
46:-0.167483
47:0.0134948
48:-0.331267
49:-0.0174267
50:-0.312436
51:-0.111983
52:0.0923553
alpha: 26.8413
lagLB: 447.539
stepSizeMultiplier: 0.0966415
targetLowerBound: 502.079
||gamma||^2: 0.0860821
lambda: 0,4.50036,12.0775,6.87514,7.84068,9.01977,5.16719,9.0661,11.6968,7.2656,9.26083,7.29682,7.77389,16.3829,9.67533,7.06333,10.4518,4.01059,13.1541,9.11698,13.4928,9.10086,5.00086,8.6858,11.0088,13.0906,10.7282,5.94875,7.45617,7.20218,9.9296,8.79779,3.61777,21.0551,14.6083,11.645,16.6126,6.20522,7.35166,15.8568,20.006,9.91638,12.3887,15.6685,8.19825,
mu: 0,0,3.73854,0,
srcDuals: 
lambda: 0,4.46727,12.8565,5.81168,7.62934,9.3447,5.31868,10.3602,10.7577,6.3452,9.43134,6.8686,4.83286,16.5006,9.16926,5.53639,9.57845,4.01637,12.9542,10.5535,14.909,8.79574,5.15989,8.39523,10.9646,13.1044,10.781,4.83286,8.55339,5.8311,11.0985,9.81119,3.63733,20.8955,13.5767,10.7445,15.0901,4.19822,6.1111,15.4587,19.5639,11.3355,14.5431,15.8506,7.83603,
mu: 0,0,1.10765,0,
srcDuals: 
deactivated cut at index: 0
fixing. lower bound used: 439.658
percent fixed: 51.1539
fixing. lower bound used: 471.848
fixed path dual: -28.8806
best alpha: 0.01
0:0
1:0.0213129
2:-0.0133677
3:0.065318
4:-0.000974326
5:-0.0336771
6:0.0134301
7:-0.0353674
8:0.0600066
9:0.00970853
10:0.0126179
11:-0.0113117
12:0.125705
13:0.014876
14:0.031613
15:-0.154888
16:0.0275007
17:-0.0803469
18:0.00863971
19:-0.0414507
20:-0.0405847
21:-0.00666871
22:0.0131082
23:0.0323095
24:0.0217882
25:0.00941129
26:0.0176467
27:0.0675574
28:-0.0269603
29:0.0586558
30:-0.0399194
31:-0.0233803
32:0.0091646
33:0.0267181
34:0.0144554
35:0.05836
36:0.0849234
37:-0.0743857
38:0.023382
39:0.0369032
40:0.0387805
41:-0.0407065
42:-0.0721062
43:0.0121235
44:-0.13463
45:0
46:0.144192
47:0.55336
48:0.192046
49:0.0627475
50:-0.169312
51:-0.0308629
52:-1.30857
alpha: 4.71893
lagLB: 333.792
stepSizeMultiplier: 0.0966415
targetLowerBound: 502.079
||gamma||^2: 0.489635
lambda: 0,4.77399,12.2229,7.31149,7.87405,8.43164,5.41168,9.13016,12.1135,6.3373,9.50232,6.29079,7.9699,16.6328,9.75524,7.57286,10.0529,4.27809,12.9173,9.15855,13.5376,8.34381,5.24416,9.00009,11.2842,13.0885,10.9883,6.39338,7.55131,7.15027,9.74502,8.90617,3.61468,21.3487,13.6975,12.0556,17.1215,6.79056,6.47391,16.1881,20.3442,9.9607,12.317,15.9081,8.52386,
mu: 0,1.46987,0,
srcDuals: 
lambda: 0,4.46727,12.8565,5.81168,7.62934,9.3447,5.31868,10.3602,10.7577,6.3452,9.43134,6.8686,4.83286,16.5006,9.16926,5.53639,9.57845,4.01637,12.9542,10.5535,14.909,8.79574,5.15989,8.39523,10.9646,13.1044,10.781,4.83286,8.55339,5.8311,11.0985,9.81119,3.63733,20.8955,13.5767,10.7445,15.0901,4.19822,6.1111,15.4587,19.5639,11.3355,14.5431,15.8506,7.83603,
mu: 0,1.10765,0,
srcDuals: 
fixing. lower bound used: 471.848
fixed path dual: 12.129
best alpha: 0.02
0:0
1:-0.0191134
2:-0.0731004
3:0.0840117
4:0.0190452
5:-0.0130035
6:0.0331615
7:-0.0146601
8:0.0788065
9:0.0295144
10:0.0323655
11:-0.0110854
12:0.123191
13:0.0345785
14:0.0509807
15:-0.13179
16:0.0469507
17:-0.05874
18:0.0284669
19:-0.0206217
20:-0.139773
21:0.0134647
22:-0.00715398
23:0.0516633
24:0.0413524
25:0.0292231
26:0.0372937
27:0.0662062
28:-0.00642108
29:0.0774827
30:-0.019121
31:-0.00291266
32:-0.0110187
33:0.0461837
34:0.0341662
35:0.0171928
36:0.0432249
37:-0.052898
38:0.0429143
39:0.0561651
40:0.0580049
41:-0.0198923
42:-0.0506641
43:0.0318811
44:-0.111938
45:0
46:-0.258692
47:0.342293
48:-0.111795
49:0.0614926
50:-0.525925
51:-0.190246
52:-1.0424
alpha: 5.92244
lagLB: 424.51
stepSizeMultiplier: 0.0637834
targetLowerBound: 502.079
||gamma||^2: 0.257489
lambda: 0,4.56785,12.7934,6.11992,7.62474,9.18578,5.38206,10.1933,11.0409,6.39101,9.49088,6.81522,5.42605,16.5708,9.31844,4.80548,9.70822,3.63722,12.995,10.3579,14.7175,8.76427,5.22174,8.5477,11.0674,13.1488,10.8642,5.15166,8.42617,6.10789,10.9101,9.70086,3.68058,21.0216,13.6449,11.0199,15.4908,3.8472,6.22143,15.6328,19.7469,11.1434,14.2028,15.9078,7.20072,
mu: 0.68043,3.71892,0.906249,
srcDuals: 
lambda: 0,4.46727,12.8565,5.81168,7.62934,9.3447,5.31868,10.3602,10.7577,6.3452,9.43134,6.8686,4.83286,16.5006,9.16926,5.53639,9.57845,4.01637,12.9542,10.5535,14.909,8.79574,5.15989,8.39523,10.9646,13.1044,10.781,4.83286,8.55339,5.8311,11.0985,9.81119,3.63733,20.8955,13.5767,10.7445,15.0901,4.19822,6.1111,15.4587,19.5639,11.3355,14.5431,15.8506,7.83603,
mu: 0,1.10765,0,
srcDuals: 
fixing. lower bound used: 214.428
percent fixed: 51.1665
fixing. lower bound used: 471.848
fixed path dual: 9.65543
best alpha: 0.03
0:0
1:0.01146
2:-0.0709074
3:0.111491
4:0.0484738
5:-0.0126134
6:0.0321667
7:-0.0142203
8:-0.0435577
9:0.0286289
10:0.0613946
11:0.0192471
12:0.119495
13:0.0335411
14:0.0494513
15:-0.0978363
16:0.0755422
17:-0.0269778
18:0.0276129
19:0.00999698
20:-0.10558
21:0.0130607
22:0.0230606
23:0.0501134
24:0.0401118
25:-0.00165363
26:-0.0538251
27:0.00422002
28:-0.00622844
29:0.0751582
30:-0.0185474
31:-0.0628253
32:-0.0106881
33:0.0747982
34:0.0331413
35:0.046677
36:0.0719282
37:-0.021311
38:0.0416269
39:0.0844801
40:0.0862647
41:0.0107044
42:-0.0191442
43:0.0609246
44:-0.0785797
45:0
46:-0.550931
47:0.0320239
48:-0.438442
49:0.119648
50:-0.270148
51:-0.0645383
52:-0.711125
alpha: 10.2753
lagLB: 459.522
stepSizeMultiplier: 0.0637834
targetLowerBound: 502.079
||gamma||^2: 0.14841
lambda: 0,4.35408,12.4235,6.30924,7.74214,9.26769,5.51508,10.2734,11.2244,6.52,9.62302,6.80295,5.56245,16.7054,9.47119,4.75587,9.85651,3.66849,13.1228,10.4314,14.0812,8.87548,5.11752,8.7012,11.2095,13.2775,11.0018,5.22496,8.51537,6.28999,10.9852,9.79394,3.57208,21.169,13.7791,10.8463,15.3461,3.88494,6.36525,15.7913,19.9074,11.2177,14.243,16.0394,7.17309,
mu: 0,3.13486,0,
srcDuals: 
lambda: 0,4.46727,12.8565,5.81168,7.62934,9.3447,5.31868,10.3602,10.7577,6.3452,9.43134,6.8686,4.83286,16.5006,9.16926,5.53639,9.57845,4.01637,12.9542,10.5535,14.909,8.79574,5.15989,8.39523,10.9646,13.1044,10.781,4.83286,8.55339,5.8311,11.0985,9.81119,3.63733,20.8955,13.5767,10.7445,15.0901,4.19822,6.1111,15.4587,19.5639,11.3355,14.5431,15.8506,7.83603,
mu: 0,1.10765,0,
srcDuals: 
fixing. lower bound used: 455.117
percent fixed: 51.196
fixing. lower bound used: 471.848
fixed path dual: 3.84124
best alpha: 0.01
0:0
1:-0.0286546
2:-0.0701983
3:0.0803764
4:0.0579891
5:-0.00248728
6:0.041845
7:-0.00407807
8:-0.0431221
9:0.0383426
10:0.0707806
11:-0.00094534
12:0.1283
13:0.0432057
14:0.0589568
15:-0.086858
16:0.0547868
17:-0.016708
18:0.0373368
19:0.019897
20:-0.154524
21:0.0229301
22:-0.01717
23:0.0596122
24:0.0497107
25:0.00836291
26:-0.0532868
27:0.00417782
28:-0.0361662
29:0.0544066
30:-0.0083619
31:-0.092197
32:-0.0205813
33:0.0840502
34:0.0428098
35:0.00621025
36:0.0312089
37:-0.0110979
38:0.0512106
39:0.0936353
40:0.0954021
41:0.0205974
42:-0.00895275
43:0.0703154
44:-0.067794
45:0
46:-0.505422
47:-0.0682964
48:-0.584057
49:-0.161549
50:-0.807446
51:-0.263893
52:-0.604014
alpha: 10.0162
lagLB: 467.575
stepSizeMultiplier: 0.0637834
targetLowerBound: 502.079
||gamma||^2: 0.15225
lambda: 0,4.58503,12.1279,6.9573,8.12743,9.21509,5.64921,10.2141,10.3101,6.63937,10.0622,7.06637,6.06071,16.8452,9.67739,4.53109,10.3547,3.73917,13.2379,10.6562,13.8242,8.92994,5.39684,8.91016,11.3768,13.0874,10.2279,4.87622,8.4894,6.60337,10.9079,9.16564,3.52751,21.6641,13.9173,11.2241,15.8292,3.97925,6.53883,16.3267,20.4503,11.4455,14.3463,16.4766,7.0286,
mu: 0,1.4367,0,
srcDuals: 
lambda: 0,4.46727,12.8565,5.81168,7.62934,9.3447,5.31868,10.3602,10.7577,6.3452,9.43134,6.8686,4.83286,16.5006,9.16926,5.53639,9.57845,4.01637,12.9542,10.5535,14.909,8.79574,5.15989,8.39523,10.9646,13.1044,10.781,4.83286,8.55339,5.8311,11.0985,9.81119,3.63733,20.8955,13.5767,10.7445,15.0901,4.19822,6.1111,15.4587,19.5639,11.3355,14.5431,15.8506,7.83603,
mu: 0,1.10765,0,
srcDuals: 
fixing. lower bound used: 459.483
percent fixed: 51.1985
fixing. lower bound used: 471.848
fixed path dual: 4.92908
best alpha: 0.02
0:0
1:-0.00808148
2:-0.0487943
3:0.0987689
4:0.0568293
5:-0.0824375
6:0.0610081
7:0.0160035
8:-0.0222597
9:0.0175758
10:-0.110635
11:-0.000926433
12:0.145734
13:0.0423416
14:0.0577777
15:-0.0651208
16:0.073691
17:0.00362618
18:0.05659
19:0.0194991
20:-0.131434
21:0.0424715
22:0.00317343
23:0.07842
24:0.0687165
25:0.00819565
26:-0.0322211
27:0.0240943
28:-0.0154428
29:0.0733185
30:-0.00819466
31:-0.0703531
32:-0.000169627
33:-0.0776308
34:0.0619536
35:0.026086
36:0.0505847
37:0.00912404
38:0.0301864
39:-0.0882374
40:0.073494
41:0.0201854
42:-0.0087737
43:0.0889091
44:-0.0464381
45:0
46:-0.335314
47:0.33307
48:-0.112376
49:0.00168231
50:-0.511297
51:-0.0986151
52:-0.591933
alpha: 5.64947
lagLB: 459.863
stepSizeMultiplier: 0.0637834
targetLowerBound: 502.079
||gamma||^2: 0.269931
lambda: 0,4.18026,12.1534,6.61675,8.21017,9.31979,5.73781,10.3193,10.3258,6.72925,10.1403,6.85913,6.11794,16.9333,9.75978,4.6664,10.1272,3.84902,13.3282,10.7528,13.3613,9.02541,4.98791,8.99232,11.4625,13.1882,10.2472,4.87471,8.19115,6.37605,11.0147,8.88773,3.43119,21.7373,14.0055,10.8067,15.4027,4.08707,6.62403,16.3965,20.5195,11.5418,14.4534,16.5549,7.157,
mu: 0,0.42358,0,
srcDuals: 
lambda: 0,4.46727,12.8565,5.81168,7.62934,9.3447,5.31868,10.3602,10.7577,6.3452,9.43134,6.8686,4.83286,16.5006,9.16926,5.53639,9.57845,4.01637,12.9542,10.5535,14.909,8.79574,5.15989,8.39523,10.9646,13.1044,10.781,4.83286,8.55339,5.8311,11.0985,9.81119,3.63733,20.8955,13.5767,10.7445,15.0901,4.19822,6.1111,15.4587,19.5639,11.3355,14.5431,15.8506,7.83603,
mu: 0,1.10765,0,
srcDuals: 
fixing. lower bound used: 454.424
percent fixed: 51.2036
fixing. lower bound used: 471.848
fixed path dual: 10.6875
best alpha: 0.01
0:0
1:0.00199934
2:-0.0583064
3:0.107781
4:0.066261
5:-0.0916132
6:0.050398
7:0.0258435
8:-0.0120371
9:0.00740003
10:-0.0995286
11:0.00908283
12:0.144277
13:0.0319182
14:0.0471999
15:-0.0544696
16:0.0829541
17:0.0135899
18:0.0460241
19:0.0293041
20:-0.120119
21:0.0320468
22:0.0131417
23:0.0876358
24:0.0780293
25:-0.0018863
26:-0.0218989
27:0.0338533
28:-0.00528841
29:0.0625853
30:-0.0181127
31:-0.0596496
32:-0.0101679
33:-0.0668545
34:0.0513341
35:0.0358252
36:0.0600789
37:0.0190328
38:0.0198846
39:-0.077355
40:0.0827591
41:0.0299836
42:0.00131404
43:0.09802
44:-0.0359737
45:0
46:-0.471961
47:0.229739
48:-0.201252
49:0.0816655
50:-0.366184
51:-0.0976289
52:-0.506014
alpha: 7.12358
lagLB: 459.901
stepSizeMultiplier: 0.0637834
targetLowerBound: 502.079
||gamma||^2: 0.214073
lambda: 0,4.42162,12.5808,6.36968,7.9504,8.87897,5.66335,10.4506,10.632,6.44449,8.80631,6.86337,5.65618,16.7398,9.49567,5.16849,9.99477,4.03686,13.2739,10.6637,14.1665,9.03568,5.17782,8.83826,11.3528,13.1507,10.5989,4.96898,8.46615,6.24531,11.0522,9.41373,3.63638,20.4569,13.9267,10.8918,15.3759,4.24977,6.28163,14.9602,19.9791,11.4495,14.4935,16.3528,7.57368,
mu: 0,2.98931,0,
srcDuals: 
lambda: 0,4.46727,12.8565,5.81168,7.62934,9.3447,5.31868,10.3602,10.7577,6.3452,9.43134,6.8686,4.83286,16.5006,9.16926,5.53639,9.57845,4.01637,12.9542,10.5535,14.909,8.79574,5.15989,8.39523,10.9646,13.1044,10.781,4.83286,8.55339,5.8311,11.0985,9.81119,3.63733,20.8955,13.5767,10.7445,15.0901,4.19822,6.1111,15.4587,19.5639,11.3355,14.5431,15.8506,7.83603,
mu: 0,1.10765,0,
srcDuals: 
fixing. lower bound used: 430.948
percent fixed: 51.2489
fixing. lower bound used: 471.848
fixed path dual: 9.01907
best alpha: 0.01
0:0
1:0.0119793
2:-0.0677233
3:0.116703
4:0.0755984
5:-0.080697
6:0.029894
7:-0.00441498
8:-0.0119167
9:0.017326
10:-0.0885333
11:-0.001008
12:0.142834
13:0.041599
14:0.0567279
15:-0.0439249
16:0.0721246
17:0.023454
18:0.0555639
19:0.039011
20:-0.148918
21:0.0417263
22:0.0230103
23:0.0467594
24:0.077249
25:0.00813256
26:-0.0216799
27:0.0335148
28:0.00476448
29:0.0519594
30:-0.00793159
31:-0.0490531
32:-6.62518e-05
33:-0.0561859
34:0.0608208
35:0.0254669
36:0.0494781
37:0.0288425
38:0.0296857
39:-0.0665814
40:0.0919315
41:0.0396837
42:0.0113009
43:0.0770398
44:-0.025614
45:0
46:-0.527241
47:0.127441
48:-0.34924
49:0.100849
50:-0.442522
51:-0.176653
52:-0.380954
alpha: 8.65868
lagLB: 466.068
stepSizeMultiplier: 0.0637834
targetLowerBound: 502.079
||gamma||^2: 0.17612
lambda: 0,4.48152,12.4411,6.57947,8.10136,8.69209,5.6777,10.5443,10.672,6.39791,8.72234,6.9333,5.86063,16.728,9.50549,5.14837,10.1694,4.11318,13.282,10.7622,14.0534,9.02403,5.2535,9.01951,11.5205,13.091,10.625,5.07402,8.51572,6.27693,10.9694,9.38627,3.5649,20.4192,13.9424,10.9997,15.5181,4.33381,6.25274,14.9076,20.1535,11.5491,14.5524,16.5488,7.57977,
mu: 0,2.74421,0,
srcDuals: 
lambda: 0,4.46727,12.8565,5.81168,7.62934,9.3447,5.31868,10.3602,10.7577,6.3452,9.43134,6.8686,4.83286,16.5006,9.16926,5.53639,9.57845,4.01637,12.9542,10.5535,14.909,8.79574,5.15989,8.39523,10.9646,13.1044,10.781,4.83286,8.55339,5.8311,11.0985,9.81119,3.63733,20.8955,13.5767,10.7445,15.0901,4.19822,6.1111,15.4587,19.5639,11.3355,14.5431,15.8506,7.83603,
mu: 0,1.10765,0,
srcDuals: 
fixing. lower bound used: 458.767
percent fixed: 51.3235
fixing. lower bound used: 471.848
fixed path dual: 7.79484
best alpha: 0.01
0:0
1:-0.0181404
2:-0.0770461
3:0.0855363
4:0.0848424
5:-0.0698901
6:0.0395951
7:0.00562917
8:-0.0117975
9:0.0271528
10:-0.077648
11:-0.000997917
12:0.141406
13:0.051183
14:0.0661606
15:-0.0334856
16:0.0714033
17:0.0332195
18:0.0650083
19:0.0486209
20:-0.177429
21:0.0513091
22:-0.00721982
23:0.0562918
24:0.0864766
25:0.0180512
26:-0.0114631
27:0.0331796
28:-0.0252832
29:0.0514398
30:0.00214773
31:-0.0785625
32:-0.0100656
33:-0.0456241
34:0.0702126
35:-0.00478774
36:0.0189833
37:0.038554
38:0.0393889
39:-0.0559156
40:0.101012
41:0.0492869
42:0.0211879
43:0.0862694
44:-0.0153578
45:0
46:-0.581969
47:0.0261671
48:-0.495747
49:-0.14016
50:-0.858097
51:-0.274886
52:-0.257144
alpha: 9.18575
lagLB: 472.139
stepSizeMultiplier: 0.0637834
targetLowerBound: 502.079
||gamma||^2: 0.166014
lambda: 0,4.571,12.2701,6.82218,8.28392,8.64597,5.57753,10.3219,10.6545,6.49522,8.66476,6.85987,6.06962,16.8608,9.66045,5.15606,10.203,4.21946,13.4353,10.8913,13.6196,9.15703,5.35913,8.80011,11.6335,13.1748,10.5932,5.12306,8.59465,6.281,11.0298,9.38645,3.63676,20.409,14.1034,10.965,15.5185,4.44796,6.36813,14.8822,20.3599,11.6791,14.6409,16.5176,7.61425,
mu: 0,2.21112,0,
srcDuals: 
lambda: 0,4.46727,12.8565,5.81168,7.62934,9.3447,5.31868,10.3602,10.7577,6.3452,9.43134,6.8686,4.83286,16.5006,9.16926,5.53639,9.57845,4.01637,12.9542,10.5535,14.909,8.79574,5.15989,8.39523,10.9646,13.1044,10.781,4.83286,8.55339,5.8311,11.0985,9.81119,3.63733,20.8955,13.5767,10.7445,15.0901,4.19822,6.1111,15.4587,19.5639,11.3355,14.5431,15.8506,7.83603,
mu: 0,1.10765,0,
srcDuals: 
fixing. lower bound used: 459.647
percent fixed: 51.275
fixing. lower bound used: 471.848
fixed path dual: 9.02646
best alpha: 0.04
0:0
1:0.0225852
2:-0.0339642
3:0.122115
4:-0.0385513
5:-0.0270945
6:-0.0019887
7:0.045404
8:0.0286744
9:-0.0139333
10:-0.0345421
11:-0.000958001
12:0.175749
13:-0.0708643
14:-0.0164858
15:0.00785378
16:0.0685472
17:0.0718907
18:0.0224079
19:-0.0333239
20:-0.130332
21:0.0492567
22:0.033069
23:0.0940402
24:0.123017
25:-0.102671
26:0.0289954
27:0.0718525
28:0.0157282
29:0.0893822
30:0.00206182
31:-0.03542
32:0.030337
33:-0.00379912
34:0.0274041
35:0.0354038
36:0.058224
37:0.0770119
38:0.0378133
39:-0.013679
40:0.136972
41:-0.0726846
42:-0.0596596
43:0.122819
44:0.0252565
45:0
46:-0.67869
47:0.0251204
48:-0.155917
49:0.185447
50:-0.263773
51:-0.0238907
52:-0.166859
alpha: 6.52972
lagLB: 471.703
stepSizeMultiplier: 0.0637834
targetLowerBound: 502.079
||gamma||^2: 0.233542
lambda: 0,4.30064,12.1488,6.5974,8.40868,8.70271,5.6824,10.4119,10.6493,6.59462,8.71808,6.85943,6.13178,16.9707,9.777,5.2288,10.2343,4.32152,13.5513,11.0001,13.2792,9.26705,5.09357,8.91231,11.759,13.2702,10.6757,5.13764,8.32115,6.30361,11.1182,9.08953,3.54487,20.4764,14.2217,10.7005,15.2645,4.55237,6.47291,14.945,20.4918,11.7882,14.7377,16.643,7.69496,
mu: 0,1.34801,0,
srcDuals: 
lambda: 0,4.46727,12.8565,5.81168,7.62934,9.3447,5.31868,10.3602,10.7577,6.3452,9.43134,6.8686,4.83286,16.5006,9.16926,5.53639,9.57845,4.01637,12.9542,10.5535,14.909,8.79574,5.15989,8.39523,10.9646,13.1044,10.781,4.83286,8.55339,5.8311,11.0985,9.81119,3.63733,20.8955,13.5767,10.7445,15.0901,4.19822,6.1111,15.4587,19.5639,11.3355,14.5431,15.8506,7.83603,
mu: 0,1.10765,0,
srcDuals: 
fixing. lower bound used: 465.545
percent fixed: 51.3818
fixing. lower bound used: 471.848
fixed path dual: 3.50309
best alpha: 0.01
0:0
1:-0.0176407
2:-0.0436246
3:0.0808937
4:-0.0281658
5:-0.0168235
6:0.00803118
7:0.05495
8:0.0183876
9:-0.00379401
10:-0.0241967
11:-0.000948421
12:0.183992
13:-0.0601557
14:-0.00632096
15:0.0177752
16:0.0678617
17:0.0811718
18:0.0321839
19:-0.0229907
20:-0.169028
21:0.0587641
22:-0.00726172
23:0.1031
24:0.131787
25:-0.0916441
26:0.0287055
27:0.0711339
28:-0.0244291
29:0.0884884
30:0.0120412
31:-0.0750658
32:0.0100337
33:0.00623887
34:0.03713
35:-0.00495027
36:0.0176417
37:0.0862418
38:0.0474352
39:-0.00354221
40:0.145602
41:-0.0619577
42:-0.049063
43:0.13159
44:0.0350039
45:0
46:-0.651903
47:-0.0751308
48:-0.304358
49:-0.136408
50:-0.821136
51:-0.163652
52:-0.0651901
alpha: 7.05372
lagLB: 466.104
stepSizeMultiplier: 0.0637834
targetLowerBound: 502.079
||gamma||^2: 0.216193
lambda: 0,4.61475,12.6347,6.60906,7.37761,9.16778,5.3057,10.6567,10.945,6.25422,9.20579,6.86234,5.98046,16.0379,9.06161,5.58767,10.026,4.4858,13.1005,10.3359,14.058,9.11737,5.37582,9.00929,11.7679,12.434,10.9703,5.30204,8.6561,6.41474,11.1119,9.57991,3.83543,20.8707,13.7557,10.9756,15.4703,4.70109,6.35801,15.3693,20.4583,10.8609,14.1535,16.6525,8.00095,
mu: 0,1.27168,0,
srcDuals: 
lambda: 0,4.46727,12.8565,5.81168,7.62934,9.3447,5.31868,10.3602,10.7577,6.3452,9.43134,6.8686,4.83286,16.5006,9.16926,5.53639,9.57845,4.01637,12.9542,10.5535,14.909,8.79574,5.15989,8.39523,10.9646,13.1044,10.781,4.83286,8.55339,5.8311,11.0985,9.81119,3.63733,20.8955,13.5767,10.7445,15.0901,4.19822,6.1111,15.4587,19.5639,11.3355,14.5431,15.8506,7.83603,
mu: 0,1.10765,0,
srcDuals: 
fixing. lower bound used: 461.58
percent fixed: 51.2729
fixing. lower bound used: 471.848
fixed path dual: 9.29985
STATS - lpIterations[5] lagIterations[209] sspIterations[1045] numSeparations[221] numCuts[7] compileTime[6] sspSolveTime[235] lpSolveTime[0] lb[480.091] ub[510] numArcs: [439493] numFixed: [229487] time: [1452]
STATS1 - lpIterations[5] lagIterations[209] sspIterations[1045] numSeparations[221] numCuts[7] compileTime[6] sspSolveTime[235] lpSolveTime[0] repairTime[98] cutsTime[33] lb[480.091] ub[510] numArcs: [439493] numFixed: [229487] time: [1452]
lambda: 0,4.34284,12.5488,6.38229,7.43067,9.22603,5.37533,10.7478,10.8874,6.31844,9.26066,6.86191,6.13069,16.0763,9.12468,5.66177,10.0571,4.58894,13.1812,10.3913,13.7168,9.21024,5.10867,9.12247,11.8942,12.458,10.9834,5.33462,8.38108,6.45527,11.1834,9.2817,3.70811,20.9395,13.8386,10.7095,15.2145,4.80655,6.44569,15.4337,20.591,10.8984,14.197,16.7788,8.08294,
mu: 0,0.577697,0,
srcDuals: 
best alpha: 0.04
0:0
1:0.0230649
2:-0.00187961
3:0.117658
4:-0.0270392
5:-0.0561506
6:-0.0322901
7:0.012752
8:0.0576521
9:0.0363578
10:-0.0632288
11:-0.0409105
12:0.216632
13:-0.0977494
14:0.0339319
15:0.0570642
16:0.0251473
17:0.0779249
18:-0.0091035
19:-0.062071
20:-0.122267
21:0.0164136
22:0.0330288
23:0.0189758
24:0.126516
25:-0.0479783
26:0.0675572
27:0.108289
28:0.016548
29:0.124949
30:-0.0284404
31:-0.0320632
32:0.0496323
33:-0.0340107
34:-0.00435518
35:0.0352477
36:0.056936
37:0.122792
38:0.0855378
39:-0.0434005
40:0.0197779
41:-0.139479
42:-0.0471005
43:0.0863268
44:0.0336038
45:0
46:-0.465827
47:0.167874
48:-0.0521839
49:0.189049
50:-0.22829
51:0.00289432
52:-0.0625825
alpha: 5.15037
lagLB: 480.091
stepSizeMultiplier: 0.0637834
targetLowerBound: 504.095
||gamma||^2: 0.297277
lambda: 0,4.34284,12.5488,6.38229,7.43067,9.22603,5.37533,10.7478,10.8874,6.31844,9.26066,6.86191,6.13069,16.0763,9.12468,5.66177,10.0571,4.58894,13.1812,10.3913,13.7168,9.21024,5.10867,9.12247,11.8942,12.458,10.9834,5.33462,8.38108,6.45527,11.1834,9.2817,3.70811,20.9395,13.8386,10.7095,15.2145,4.80655,6.44569,15.4337,20.591,10.8984,14.197,16.7788,8.08294,
mu: 0,0.577697,0,
srcDuals: 
lambda: 0,4.34284,12.5488,6.38229,7.43067,9.22603,5.37533,10.7478,10.8874,6.31844,9.26066,6.86191,6.13069,16.0763,9.12468,5.66177,10.0571,4.58894,13.1812,10.3913,13.7168,9.21024,5.10867,9.12247,11.8942,12.458,10.9834,5.33462,8.38108,6.45527,11.1834,9.2817,3.70811,20.9395,13.8386,10.7095,15.2145,4.80655,6.44569,15.4337,20.591,10.8984,14.197,16.7788,8.08294,
mu: 0,0.577697,0,
srcDuals: 
fixing. lower bound used: 451.107
percent fixed: 51.3374
fixing. lower bound used: 471.848
fixed path dual: 3.84686
best alpha: 0.01
0:0
1:0.0228343
2:0.00813918
3:0.126481
4:-0.0167688
5:-0.0455891
6:-0.0519672
7:-0.0673756
8:0.0070756
9:0.0459942
10:-0.0525965
11:-0.0305014
12:0.224466
13:-0.0867719
14:0.0335926
15:0.0664936
16:0.0348958
17:0.0871457
18:-0.00901246
19:-0.0514503
20:-0.111045
21:0.0262494
22:0.0426985
23:-0.021214
24:0.0852507
25:-0.0374986
26:0.0168817
27:0.0872057
28:0.0263826
29:0.133699
30:-0.018156
31:-0.0217426
32:0.049136
33:-0.0236706
34:0.00568837
35:0.0448953
36:0.0663667
37:0.131564
38:0.0946824
39:-0.0329665
40:0.0295801
41:-0.128085
42:-0.0366295
43:0.0154635
44:0.0432677
45:0
46:-0.431168
47:0.0661957
48:-0.191662
49:0.147158
50:-0.206007
51:0.0828654
52:0.0180434
alpha: 6.14813
lagLB: 465.944
stepSizeMultiplier: 0.0637834
targetLowerBound: 504.095
||gamma||^2: 0.249033
lambda: 0,4.46163,12.5391,6.98827,7.29141,8.93684,5.20903,10.8135,11.1843,6.50569,8.93501,6.6512,7.24643,15.5728,9.29944,5.95567,10.1866,4.99028,13.1343,10.0716,13.087,9.29478,5.27878,9.2202,12.5458,12.2109,11.3314,5.89235,8.46631,7.09881,11.0369,9.11656,3.96373,20.7643,13.8162,10.8911,15.5078,5.43897,6.88624,15.2101,20.6928,10.1801,13.9544,17.2234,8.25601,
mu: 0,1.44231,0,
srcDuals: 
lambda: 0,4.34284,12.5488,6.38229,7.43067,9.22603,5.37533,10.7478,10.8874,6.31844,9.26066,6.86191,6.13069,16.0763,9.12468,5.66177,10.0571,4.58894,13.1812,10.3913,13.7168,9.21024,5.10867,9.12247,11.8942,12.458,10.9834,5.33462,8.38108,6.45527,11.1834,9.2817,3.70811,20.9395,13.8386,10.7095,15.2145,4.80655,6.44569,15.4337,20.591,10.8984,14.197,16.7788,8.08294,
mu: 0,0.577697,0,
srcDuals: 
fixing. lower bound used: 463.854
percent fixed: 51.2906
fixing. lower bound used: 471.848
fixed path dual: 2.70326
best alpha: 0.01
0:0
1:0.022606
2:-0.00194221
3:0.125217
4:-0.00660107
5:-0.0351332
6:-0.0414475
7:-0.0567018
8:0.0170048
9:0.0455342
10:-0.0420705
11:-0.0701964
12:0.232221
13:-0.0759042
14:0.0432566
15:0.0758287
16:-0.0354532
17:0.0962742
18:0.00107766
19:-0.0409358
20:-0.149934
21:-0.0140131
22:0.0422715
23:-0.0110018
24:0.0943982
25:-0.0271236
26:0.0267129
27:0.0963336
28:0.0261187
29:0.0623624
30:-0.0179745
31:-0.0215251
32:0.0486446
33:-0.0134339
34:-0.00436851
35:0.0244463
36:0.045703
37:0.140249
38:0.0937356
39:-0.0226368
40:0.0392843
41:-0.116804
42:-0.0262632
43:0.0253089
44:0.0528351
45:0
46:-0.356857
47:-0.0344663
48:-0.339745
49:0.105687
50:-0.403947
51:-0.257963
52:0.117863
alpha: 6.37058
lagLB: 475.096
stepSizeMultiplier: 0.0637834
targetLowerBound: 504.095
||gamma||^2: 0.240338
lambda: 0,4.48323,12.5988,7.15991,7.32757,8.94574,5.05583,10.3335,10.9309,6.60121,8.93729,6.67438,7.51074,15.5428,9.33121,6.07058,10.2717,5.12472,13.1258,10.075,13.034,9.37163,5.37118,8.99204,12.4183,12.2274,11.0872,5.87077,8.54328,7.27727,11.0718,9.14802,4.0102,20.794,13.8736,10.9856,15.6226,5.61542,7.02781,15.231,20.7728,10.111,13.9718,16.8738,8.34896,
mu: 0,0.984677,0,
srcDuals: 
lambda: 0,4.34284,12.5488,6.38229,7.43067,9.22603,5.37533,10.7478,10.8874,6.31844,9.26066,6.86191,6.13069,16.0763,9.12468,5.66177,10.0571,4.58894,13.1812,10.3913,13.7168,9.21024,5.10867,9.12247,11.8942,12.458,10.9834,5.33462,8.38108,6.45527,11.1834,9.2817,3.70811,20.9395,13.8386,10.7095,15.2145,4.80655,6.44569,15.4337,20.591,10.8984,14.197,16.7788,8.08294,
mu: 0,0.577697,0,
srcDuals: 
fixing. lower bound used: 453.141
percent fixed: 51.3002
fixing. lower bound used: 471.848
fixed path dual: 0.775156
best alpha: 0.01
0:0
1:0.0323799
2:0.00807721
3:0.133964
4:-0.00653506
5:-0.0347818
6:-0.031033
7:-0.0461348
8:0.0268348
9:0.0550789
10:-0.0316498
11:-0.0594944
12:0.179899
13:-0.0651452
14:0.0528241
15:0.0550704
16:-0.0250986
17:0.0853115
18:0.0110669
19:-0.0805265
20:-0.138435
21:-0.00387293
22:0.0518488
23:-0.000891826
24:0.103454
25:-0.0168523
26:0.0364457
27:0.10537
28:0.0358575
29:0.0717388
30:-0.00779474
31:-0.0113099
32:0.0581582
33:-0.00329953
34:0.00567517
35:0.0342018
36:0.055246
37:0.048846
38:0.102798
39:-0.0124105
40:-0.0411085
41:-0.105636
42:-0.116001
43:0.0350558
44:-0.0376933
45:0
46:-0.193288
47:0.305878
48:0.033652
49:0.18463
50:-0.259908
51:-0.175384
52:-0.183316
alpha: 4.799
lagLB: 470.914
stepSizeMultiplier: 0.0637834
targetLowerBound: 504.095
||gamma||^2: 0.319044
lambda: 0,4.48685,12.5364,7.17999,7.38862,9.00221,5.11129,10.3866,10.9957,6.60852,8.99265,6.41472,7.61007,15.5927,9.40025,6.14484,9.83127,5.20226,13.1881,10.1305,12.7616,9.12097,5.37796,9.05238,12.4956,12.2852,11.1536,5.94832,8.54747,6.85256,11.0689,9.14457,4.018,20.8539,13.8108,10.8653,15.5057,5.70001,7.04284,15.2895,20.8412,10.1543,14.0297,16.94,8.41953,
mu: 0,0.358127,0,
srcDuals: 
lambda: 0,4.34284,12.5488,6.38229,7.43067,9.22603,5.37533,10.7478,10.8874,6.31844,9.26066,6.86191,6.13069,16.0763,9.12468,5.66177,10.0571,4.58894,13.1812,10.3913,13.7168,9.21024,5.10867,9.12247,11.8942,12.458,10.9834,5.33462,8.38108,6.45527,11.1834,9.2817,3.70811,20.9395,13.8386,10.7095,15.2145,4.80655,6.44569,15.4337,20.591,10.8984,14.197,16.7788,8.08294,
mu: 0,0.577697,0,
srcDuals: 
fixing. lower bound used: 452.418
percent fixed: 51.3093
fixing. lower bound used: 471.848
fixed path dual: 6.37216
best alpha: 0.01
0:0
1:0.0320561
2:0.0179964
3:0.142625
4:0.00353029
5:-0.024434
6:-0.0307227
7:-0.0956734
8:-0.0234336
9:0.0645281
10:-0.0213333
11:-0.0488995
12:0.1881
13:-0.0544937
14:0.0422958
15:0.0645197
16:-0.0148477
17:0.0944584
18:0.0109562
19:-0.0697212
20:-0.12705
21:0.0061658
22:0.0513303
23:-0.0508829
24:0.0524196
25:-0.00668382
26:-0.0139187
27:0.0643166
28:0.035499
29:0.0810214
30:0.00228321
31:-0.0111968
32:0.0575766
33:0.00673346
34:0.0156184
35:0.0438598
36:0.0646935
37:0.0583576
38:0.11177
39:-0.00228638
40:-0.0306974
41:-0.0945794
42:-0.104841
43:-0.00529473
44:-0.0273164
45:0
46:-0.181355
47:0.20282
48:-0.106684
49:0.122783
50:-0.257309
51:-0.0936298
52:-0.101483
alpha: 6.42372
lagLB: 466.744
stepSizeMultiplier: 0.0637834
targetLowerBound: 504.095
||gamma||^2: 0.23835
lambda: 0,4.49823,12.5875,7.02518,7.39931,9.05911,5.22641,10.5264,11.0162,6.58276,9.10878,6.5764,6.99403,15.7636,9.37818,5.92605,9.93668,4.99835,13.2343,10.0049,13.0524,9.19166,5.35749,9.11819,12.3907,12.3771,11.1584,5.84029,8.55316,6.79955,11.146,9.22742,3.98721,20.9236,13.8659,10.8737,15.4797,5.04096,6.93902,15.3741,20.3937,10.3915,13.6403,16.947,7.90205,
mu: 0,2.04561,0.161496,
srcDuals: 
lambda: 0,4.34284,12.5488,6.38229,7.43067,9.22603,5.37533,10.7478,10.8874,6.31844,9.26066,6.86191,6.13069,16.0763,9.12468,5.66177,10.0571,4.58894,13.1812,10.3913,13.7168,9.21024,5.10867,9.12247,11.8942,12.458,10.9834,5.33462,8.38108,6.45527,11.1834,9.2817,3.70811,20.9395,13.8386,10.7095,15.2145,4.80655,6.44569,15.4337,20.591,10.8984,14.197,16.7788,8.08294,
mu: 0,0.577697,0,
srcDuals: 
fixing. lower bound used: 423.697
percent fixed: 51.3392
fixing. lower bound used: 471.848
fixed path dual: 6.87404
best alpha: 0.01
0:0
1:0.0417355
2:-0.00218352
3:0.151199
4:0.013495
5:-0.0341897
6:-0.0204155
7:-0.0947167
8:-0.0231992
9:0.0438828
10:-0.01112
11:-0.0484105
12:0.186219
13:-0.0439488
14:0.0418729
15:0.0738745
16:-0.00469918
17:0.103514
18:0.0108467
19:-0.059024
20:-0.11578
21:-0.0138959
22:0.060817
23:-0.0403741
24:0.0518954
25:0.00338302
26:-0.0137795
27:0.0636734
28:0.045144
29:0.0602112
30:-0.0177396
31:-0.00108482
32:0.0370008
33:0.0166661
34:-0.00453776
35:0.0534212
36:0.0740466
37:0.067774
38:0.0906525
39:0.00773649
40:-0.0203905
41:-0.0836336
42:-0.0937922
43:-0.00524179
44:-0.0170432
45:0
46:-0.269542
47:0.100791
48:-0.245618
49:0.181556
50:-0.134735
51:-0.132694
52:-0.000467723
alpha: 7.19453
lagLB: 472.049
stepSizeMultiplier: 0.0637834
targetLowerBound: 504.095
||gamma||^2: 0.212813
lambda: 0,4.54876,12.6644,7.29847,7.45335,9.06908,5.17798,10.1332,10.7369,6.73295,9.12362,6.54779,7.33899,15.7262,9.39637,6.07623,9.96175,5.19571,13.2516,9.94346,12.9006,9.24985,5.4384,8.79561,12.2309,12.4151,10.894,5.74777,8.60911,6.97573,11.1981,9.20977,4.07796,20.9827,13.939,10.9913,15.6301,5.18142,7.16367,15.419,20.3938,10.2909,13.5235,16.7447,7.90747,
mu: 0,1.88055,0,
srcDuals: 
lambda: 0,4.34284,12.5488,6.38229,7.43067,9.22603,5.37533,10.7478,10.8874,6.31844,9.26066,6.86191,6.13069,16.0763,9.12468,5.66177,10.0571,4.58894,13.1812,10.3913,13.7168,9.21024,5.10867,9.12247,11.8942,12.458,10.9834,5.33462,8.38108,6.45527,11.1834,9.2817,3.70811,20.9395,13.8386,10.7095,15.2145,4.80655,6.44569,15.4337,20.591,10.8984,14.197,16.7788,8.08294,
mu: 0,0.577697,0,
srcDuals: 
fixing. lower bound used: 456.111
percent fixed: 51.3521
fixing. lower bound used: 471.848
fixed path dual: 2.46616
best alpha: 0.01
0:0
1:0.00131818
2:-0.00216169
3:0.109687
4:0.02336
5:-0.0238478
6:-0.0102113
7:-0.0837695
8:-0.0429672
9:0.053444
10:-0.00100881
11:-0.0479264
12:0.194357
13:-0.0335093
14:0.0514541
15:0.0831357
16:-0.00465219
17:0.112479
18:0.0207382
19:-0.0484338
20:-0.154622
21:-0.0037569
22:0.0202088
23:-0.0299703
24:0.0613765
25:0.0133492
26:-0.0136417
27:0.0530367
28:0.00469254
29:0.0596091
30:-0.00756223
31:-0.041074
32:0.0266308
33:0.0264995
34:0.00550761
35:0.012887
36:0.0333061
37:0.0770963
38:0.099746
39:0.0176591
40:-0.0101866
41:-0.0727973
42:-0.0828542
43:0.00481063
44:-0.00687276
45:0
46:-0.246846
47:-0.000216521
48:-0.393161
49:-0.14026
50:-0.693388
51:-0.271367
52:0.099537
alpha: 9.01489
lagLB: 465.994
stepSizeMultiplier: 0.0637834
targetLowerBound: 504.095
||gamma||^2: 0.16984
lambda: 0,4.64311,12.5331,7.47009,7.52776,8.98005,5.22845,10.0663,10.7205,6.63415,9.18066,6.51362,7.47045,15.7601,9.42593,6.19326,10.0233,5.33367,13.2592,9.96668,12.8838,9.11027,5.54622,8.832,12.2676,12.4823,10.8843,5.79272,8.70587,6.88846,11.0558,9.27389,3.97431,21.0594,13.806,11.0939,15.7473,5.29415,7.09789,15.4893,20.4443,10.2967,13.5222,16.741,7.96032,
mu: 0,1.30284,0,
srcDuals: 
lambda: 0,4.34284,12.5488,6.38229,7.43067,9.22603,5.37533,10.7478,10.8874,6.31844,9.26066,6.86191,6.13069,16.0763,9.12468,5.66177,10.0571,4.58894,13.1812,10.3913,13.7168,9.21024,5.10867,9.12247,11.8942,12.458,10.9834,5.33462,8.38108,6.45527,11.1834,9.2817,3.70811,20.9395,13.8386,10.7095,15.2145,4.80655,6.44569,15.4337,20.591,10.8984,14.197,16.7788,8.08294,
mu: 0,0.577697,0,
srcDuals: 
fixing. lower bound used: 458.432
percent fixed: 51.4158
fixing. lower bound used: 471.848
fixed path dual: 4.01944
best alpha: 0.01
0:0
1:0.011305
2:0.00785993
3:0.11859
4:0.0231264
5:-0.0136093
6:-0.000109191
7:-0.0729318
8:-0.0325376
9:0.0529096
10:-0.0209987
11:-0.0374471
12:0.142413
13:-0.0231742
14:0.0609396
15:0.0223044
16:0.00539433
17:0.101354
18:0.0305308
19:-0.0479494
20:-0.143076
21:0.00628067
22:0.0300067
23:-0.0196706
24:0.0707627
25:0.0232157
26:-0.00350533
27:0.0625063
28:0.0146456
29:0.069013
30:-0.0074866
31:-0.0306632
32:0.0363645
33:-0.0337655
34:0.00545254
35:0.0227581
36:0.0429731
37:0.00632531
38:0.0987485
39:-0.0125175
40:-0.0100847
41:-0.0620693
42:-0.0920257
43:0.0147625
44:-0.036804
45:0
46:-0.154378
47:0.239786
48:-0.12923
49:-0.0588574
50:-0.546454
51:-0.188653
52:-0.141458
alpha: 8.14018
lagLB: 475.662
stepSizeMultiplier: 0.0637834
targetLowerBound: 504.095
||gamma||^2: 0.18809
lambda: 0,4.35472,12.5293,7.3711,7.64126,9.01105,5.28328,9.99261,10.5001,6.80023,9.25157,6.42986,7.8828,15.7742,9.58853,6.41123,10.0152,5.60292,13.3682,9.9547,12.3229,9.17638,5.29085,8.85229,12.4475,12.5783,10.8605,5.81274,8.42338,6.99264,11.1152,8.91142,3.94818,21.1784,13.8883,10.8257,15.5148,5.50156,7.34489,15.5929,20.4991,10.2422,13.4501,16.8221,8.02099,
mu: 0,0.575745,0,
srcDuals: 
lambda: 0,4.34284,12.5488,6.38229,7.43067,9.22603,5.37533,10.7478,10.8874,6.31844,9.26066,6.86191,6.13069,16.0763,9.12468,5.66177,10.0571,4.58894,13.1812,10.3913,13.7168,9.21024,5.10867,9.12247,11.8942,12.458,10.9834,5.33462,8.38108,6.45527,11.1834,9.2817,3.70811,20.9395,13.8386,10.7095,15.2145,4.80655,6.44569,15.4337,20.591,10.8984,14.197,16.7788,8.08294,
mu: 0,0.577697,0,
srcDuals: 
fixing. lower bound used: 450.847
percent fixed: 51.4145
fixing. lower bound used: 471.848
fixed path dual: 8.51006
best alpha: 0.01
0:0
1:0.0211919
2:-0.0222187
3:0.127404
4:0.0328952
5:-0.0434732
6:0.0098919
7:-0.0622025
8:-0.0222122
9:0.0223805
10:-0.0107887
11:-0.0470726
12:0.130989
13:-0.0129425
14:0.0703302
15:0.0320813
16:-0.00465961
17:0.11034
18:0.0402255
19:-0.0374699
20:-0.131645
21:-0.0237821
22:0.0397066
23:-0.00947393
24:0.0800551
25:0.0329835
26:0.00652972
27:0.0718813
28:0.0244992
29:0.0383228
30:-0.0374117
31:-0.0203566
32:0.0160009
33:-0.0234279
34:-0.024602
35:0.0325306
36:0.0525433
37:0.0162621
38:0.0477611
39:-0.00239229
40:1.61576e-05
41:-0.0514486
42:-0.0811054
43:0.0246149
44:-0.026436
45:0
46:-0.162834
47:0.137388
48:-0.257938
49:0.0217311
50:-0.40099
51:-0.286766
52:-0.0400438
alpha: 10.9544
lagLB: 459.717
stepSizeMultiplier: 0.0637834
targetLowerBound: 504.095
||gamma||^2: 0.13977
lambda: 0,4.43487,12.6127,7.34763,7.61892,9.11525,5.37445,10.1541,10.6226,6.74913,9.08973,6.55708,7.28996,15.8876,9.62073,5.84333,10.101,5.41398,13.4297,10.001,12.5521,9.26137,5.35293,8.96235,12.4702,12.647,10.9549,5.84343,8.5003,7.01705,11.1224,9.03209,4.00412,20.6646,13.883,10.8948,15.5644,4.85804,7.24952,15.3318,20.5089,10.3932,13.4479,16.8989,7.78335,
mu: 0,2.5296,0,
srcDuals: 
lambda: 0,4.34284,12.5488,6.38229,7.43067,9.22603,5.37533,10.7478,10.8874,6.31844,9.26066,6.86191,6.13069,16.0763,9.12468,5.66177,10.0571,4.58894,13.1812,10.3913,13.7168,9.21024,5.10867,9.12247,11.8942,12.458,10.9834,5.33462,8.38108,6.45527,11.1834,9.2817,3.70811,20.9395,13.8386,10.7095,15.2145,4.80655,6.44569,15.4337,20.591,10.8984,14.197,16.7788,8.08294,
mu: 0,0.577697,0,
srcDuals: 
fixing. lower bound used: 437.264
percent fixed: 51.3665
fixing. lower bound used: 471.848
fixed path dual: 8.06623
best alpha: 0.01
0:0
1:0.03098
2:-0.0119965
3:0.13613
4:0.0425662
5:-0.0330385
6:-0.000207018
7:-0.0915805
8:-0.0419901
9:0.0321567
10:-0.000680848
11:-0.0366019
12:0.129679
13:-0.00281305
14:0.0396269
15:0.0417605
16:0.00538698
17:0.119237
18:0.0298232
19:-0.0270952
20:-0.120329
21:-0.0135443
22:0.0493096
23:-0.0193792
24:0.0292545
25:0.0326537
26:-0.0135356
27:0.0511625
28:0.0342542
29:0.0479396
30:-0.0270376
31:-0.010153
32:0.0258409
33:-0.0131936
34:-0.014356
35:0.0422053
36:0.0620179
37:0.0260994
38:0.0572834
39:0.00763163
40:0.010016
41:-0.0409341
42:-0.0702944
43:-0.0256313
44:-0.0161716
45:0
46:-0.231206
47:0.0360139
48:-0.375358
49:0.0415138
50:-0.31698
51:-0.203899
52:0.0203566
alpha: 12.83
lagLB: 467.389
stepSizeMultiplier: 0.0637834
targetLowerBound: 504.095
||gamma||^2: 0.119336
lambda: 0,4.57499,12.3054,7.77792,7.79101,8.74981,5.48369,10.0664,10.6441,6.5636,9.14248,6.34626,7.5656,15.9345,9.8951,6.0132,10.0061,5.79765,13.6218,9.98087,12.2747,8.94973,5.54363,9.01869,12.7712,12.8193,11.055,6.12204,8.64945,6.87507,10.7736,9.0587,3.88339,20.6828,13.5691,11.0659,15.7901,4.98469,6.96888,15.4075,20.5911,10.3349,13.3085,17.0484,7.79335,
mu: 0,2.0827,0,
srcDuals: 
lambda: 0,4.34284,12.5488,6.38229,7.43067,9.22603,5.37533,10.7478,10.8874,6.31844,9.26066,6.86191,6.13069,16.0763,9.12468,5.66177,10.0571,4.58894,13.1812,10.3913,13.7168,9.21024,5.10867,9.12247,11.8942,12.458,10.9834,5.33462,8.38108,6.45527,11.1834,9.2817,3.70811,20.9395,13.8386,10.7095,15.2145,4.80655,6.44569,15.4337,20.591,10.8984,14.197,16.7788,8.08294,
mu: 0,0.577697,0,
srcDuals: 
fixing. lower bound used: 464.323
percent fixed: 51.6069
fixing. lower bound used: 471.848
fixed path dual: 7.30318
STATS - lpIterations[5] lagIterations[219] sspIterations[1095] numSeparations[246] numCuts[7] compileTime[6] sspSolveTime[246] lpSolveTime[0] lb[486.102] ub[510] numArcs: [441638] numFixed: [230685] time: [1558]
STATS1 - lpIterations[5] lagIterations[219] sspIterations[1095] numSeparations[246] numCuts[7] compileTime[6] sspSolveTime[246] lpSolveTime[0] repairTime[107] cutsTime[33] lb[486.102] ub[510] numArcs: [441638] numFixed: [230685] time: [1558]
lambda: 0,4.74032,12.3948,8.12883,7.97679,8.80215,5.37268,9.5728,10.3487,6.73101,9.25193,6.39231,7.79448,16.0402,9.63309,6.19756,10.1262,6.11875,13.5638,10.0437,12.1729,9.03647,5.74131,8.87383,12.2695,12.8769,10.8098,5.99104,8.82056,7.07034,10.8365,9.15143,4.03965,20.7702,13.6544,11.251,16.0102,5.14141,7.18064,15.5316,20.7195,10.3733,13.2951,16.4499,7.87546,
mu: 0,1.03976,0,
srcDuals: 
best alpha: 0.01
0:0
1:0.0406702
2:-0.0318765
3:0.144768
4:0.0321406
5:-0.0427081
6:-0.0102049
7:-0.0806647
8:-0.0315702
9:0.0118351
10:0.00932596
11:-0.0362359
12:0.118383
13:0.00721508
14:0.0292306
15:0.0513429
16:0.0153331
17:0.108045
18:0.019525
19:-0.0168243
20:-0.109125
21:-0.0334089
22:0.0588165
23:-0.0091854
24:0.038962
25:0.0223272
26:-0.00340022
27:0.0606508
28:0.0439116
29:0.0274602
30:-0.0467672
31:-5.15017e-05
32:0.00558246
33:-0.00306166
34:-0.0342124
35:0.0517832
36:0.0713977
37:0.0358384
38:0.0367106
39:0.0175553
40:0.0199158
41:-0.0305248
42:-0.0595914
43:-0.0153749
44:-0.00600992
45:0
46:-0.258894
47:-0.0643462
48:-0.421605
49:0.121099
50:-0.17381
51:-0.24186
52:0.080153
alpha: 11.2726
lagLB: 486.102
stepSizeMultiplier: 0.0637834
targetLowerBound: 510
||gamma||^2: 0.135219
lambda: 0,4.74032,12.3948,8.12883,7.97679,8.80215,5.37268,9.5728,10.3487,6.73101,9.25193,6.39231,7.79448,16.0402,9.63309,6.19756,10.1262,6.11875,13.5638,10.0437,12.1729,9.03647,5.74131,8.87383,12.2695,12.8769,10.8098,5.99104,8.82056,7.07034,10.8365,9.15143,4.03965,20.7702,13.6544,11.251,16.0102,5.14141,7.18064,15.5316,20.7195,10.3733,13.2951,16.4499,7.87546,
mu: 0,1.03976,0,
srcDuals: 
lambda: 0,4.74032,12.3948,8.12883,7.97679,8.80215,5.37268,9.5728,10.3487,6.73101,9.25193,6.39231,7.79448,16.0402,9.63309,6.19756,10.1262,6.11875,13.5638,10.0437,12.1729,9.03647,5.74131,8.87383,12.2695,12.8769,10.8098,5.99104,8.82056,7.07034,10.8365,9.15143,4.03965,20.7702,13.6544,11.251,16.0102,5.14141,7.18064,15.5316,20.7195,10.3733,13.2951,16.4499,7.87546,
mu: 0,1.03976,0,
srcDuals: 
fixing. lower bound used: 473.278
percent fixed: 52.3827
fixing. lower bound used: 471.848
fixed path dual: -17.448
best alpha: 0.01
0:0
1:-0.0297365
2:-0.0215578
3:0.0333208
4:0.0418192
5:-0.032281
6:-0.000102899
7:-0.069858
8:-0.0212545
9:0.0217167
10:0.0192327
11:-0.0258735
12:0.127199
13:0.0171429
14:0.0389383
15:0.0608295
16:0.0251798
17:0.116964
18:0.0293298
19:-0.00665603
20:-0.0980341
21:-0.0230748
22:-0.0217717
23:0.000906457
24:0.0485724
25:0.0321039
26:0.00663379
27:0.0500443
28:-0.0465275
29:0.0371856
30:-0.0362996
31:-0.060051
32:0.00552664
33:0.00696896
34:-0.0238703
35:-0.00873462
36:0.0106837
37:0.0454801
38:0.0463435
39:0.0273798
40:0.0297167
41:-0.0202195
42:-0.0489955
43:-0.00522119
44:0.00405018
45:0
46:-0.146305
47:-0.163703
48:-0.567389
49:-0.480112
50:-1.13207
51:-0.259441
52:0.179352
alpha: 4.08604
lagLB: 417.63
stepSizeMultiplier: 0.0637834
targetLowerBound: 510
||gamma||^2: 0.373044
lambda: 0,5.19877,12.0355,9.76075,8.3391,8.32072,5.25764,8.6635,9.99281,6.86442,9.35706,5.98383,9.12896,16.1215,9.96259,6.77633,10.2991,7.33669,13.7839,9.85404,10.9428,8.65987,6.40432,8.77029,12.7087,13.1286,10.7715,6.67473,9.31556,7.37989,10.3093,9.15085,4.10258,20.7357,13.2688,11.8348,16.8151,5.5454,7.59446,15.7295,20.944,10.0292,12.6234,16.2766,7.80771,
mu: 0,0.314407,0,
srcDuals: 
lambda: 0,4.74032,12.3948,8.12883,7.97679,8.80215,5.37268,9.5728,10.3487,6.73101,9.25193,6.39231,7.79448,16.0402,9.63309,6.19756,10.1262,6.11875,13.5638,10.0437,12.1729,9.03647,5.74131,8.87383,12.2695,12.8769,10.8098,5.99104,8.82056,7.07034,10.8365,9.15143,4.03965,20.7702,13.6544,11.251,16.0102,5.14141,7.18064,15.5316,20.7195,10.3733,13.2951,16.4499,7.87546,
mu: 0,1.03976,0,
srcDuals: 
fixing. lower bound used: 435.374
percent fixed: 52.4422
fixing. lower bound used: 471.848
fixed path dual: 0.24407
best alpha: 0.01
0:0
1:-0.0194391
2:-0.0113422
3:0.0429876
4:0.021401
5:-0.0219582
6:0.00989813
7:-0.0591595
8:-0.0110419
9:0.0314996
10:0.0290404
11:-0.0156148
12:0.0859267
13:0.0269715
14:0.0485489
15:-0.00977882
16:0.034928
17:0.0257945
18:0.0190365
19:-0.00658947
20:-0.0870538
21:-0.012844
22:-0.011554
23:0.0108974
24:0.0580867
25:0.0417829
26:0.0165674
27:0.0595439
28:-0.0360622
29:0.0468138
30:-0.0259366
31:-0.0494505
32:0.0154714
33:-0.0231007
34:-0.0136316
35:0.00135272
36:0.0205769
37:-0.0349747
38:0.0558801
39:0.017106
40:0.0194195
41:-0.0100173
42:-0.0585056
43:0.00483102
44:-0.0659903
45:0
46:0.00515825
47:0.147934
48:-0.201715
49:-0.395311
50:-0.980751
51:-0.176847
52:-0.262442
alpha: 4.96745
lagLB: 463.722
stepSizeMultiplier: 0.0637834
targetLowerBound: 510
||gamma||^2: 0.306853
lambda: 0,4.61881,12.3068,8.26498,8.14767,8.67025,5.37226,9.28736,10.2618,6.81974,9.33051,6.28659,8.31422,16.1102,9.79219,6.44611,10.2291,6.59667,13.6837,10.0165,11.7724,8.94219,5.65235,8.87754,12.468,13.0081,10.8369,6.19552,8.63045,7.22228,10.6882,8.90606,4.06223,20.7987,13.5569,11.2153,16.0539,5.32724,7.37,15.6435,20.8409,10.2906,13.0949,16.4286,7.89201,
mu: 0,0.37086,0,
srcDuals: 
lambda: 0,4.74032,12.3948,8.12883,7.97679,8.80215,5.37268,9.5728,10.3487,6.73101,9.25193,6.39231,7.79448,16.0402,9.63309,6.19756,10.1262,6.11875,13.5638,10.0437,12.1729,9.03647,5.74131,8.87383,12.2695,12.8769,10.8098,5.99104,8.82056,7.07034,10.8365,9.15143,4.03965,20.7702,13.6544,11.251,16.0102,5.14141,7.18064,15.5316,20.7195,10.3733,13.2951,16.4499,7.87546,
mu: 0,1.03976,0,
srcDuals: 
fixing. lower bound used: 356.376
percent fixed: 51.4016
fixing. lower bound used: 471.848
fixed path dual: 8.56527
best alpha: 0.04
0:0
1:0.0213385
2:-0.0508885
3:0.0812681
4:-0.0194551
5:-0.10108
6:-0.0304978
7:-0.0167931
8:0.0293998
9:-0.0497604
10:0.0678788
11:-0.0149902
12:0.00248966
13:0.0658926
14:0.00660699
15:0.0306123
16:0.0335309
17:-0.0152373
18:-0.021725
19:0.0336741
20:-0.0435717
21:-0.0923303
22:0.0289082
23:0.0504615
24:0.0957632
25:0.000111546
26:0.0559047
27:0.0971621
28:0.00538027
29:-0.0350588
30:-0.0648991
31:-0.00747246
32:-0.0251475
33:0.0178233
34:-0.0930863
35:0.0412986
36:0.0597538
37:0.00642424
38:-0.0263551
39:0.0564217
40:0.0586427
41:0.0303834
42:-0.0161654
43:0.0446378
44:-0.0233507
45:0
46:-0.0750481
47:-0.257983
48:-0.353646
49:-0.0594987
50:-0.381521
51:-0.329773
52:-0.0119443
alpha: 8.70028
lagLB: 470.127
stepSizeMultiplier: 0.0637834
targetLowerBound: 510
||gamma||^2: 0.175199
lambda: 0,4.64375,12.3385,8.34237,8.0831,8.69307,5.42185,9.27893,10.2938,6.88748,9.39618,6.31474,8.22132,16.1741,9.87425,6.14898,10.2997,6.24688,13.6584,10.011,11.7405,8.97267,5.68391,8.92796,12.5581,13.0845,10.8921,6.28682,8.64142,7.30288,10.7077,8.90579,4.1165,20.6555,13.5867,11.2578,16.1124,4.96767,7.45822,15.6166,20.8159,10.3235,13.0045,16.4739,7.54766,
mu: 0.0256233,1.77461,0,
srcDuals: 
lambda: 0,4.74032,12.3948,8.12883,7.97679,8.80215,5.37268,9.5728,10.3487,6.73101,9.25193,6.39231,7.79448,16.0402,9.63309,6.19756,10.1262,6.11875,13.5638,10.0437,12.1729,9.03647,5.74131,8.87383,12.2695,12.8769,10.8098,5.99104,8.82056,7.07034,10.8365,9.15143,4.03965,20.7702,13.6544,11.251,16.0102,5.14141,7.18064,15.5316,20.7195,10.3733,13.2951,16.4499,7.87546,
mu: 0,1.03976,0,
srcDuals: 
fixing. lower bound used: 428.521
percent fixed: 51.417
fixing. lower bound used: 471.848
fixed path dual: 3.61587
best alpha: 0.01
0:0
1:0.0311251
2:-0.0403796
3:0.0904554
4:-0.0192605
5:-0.0900691
6:-0.0201928
7:-0.00662515
8:0.0391058
9:-0.0392628
10:0.0772
11:-0.00484029
12:-0.0175352
13:0.0352337
14:-0.00345908
15:0.0403062
16:0.0431956
17:-0.075085
18:-0.0215077
19:-0.0166626
20:-0.0331359
21:-0.081407
22:0.0386191
23:0.0599569
24:0.104806
25:-0.00988957
26:0.0653457
27:0.10619
28:0.0153265
29:-0.0247082
30:-0.0542501
31:0.00260227
32:-0.014896
33:0.0276451
34:-0.0821555
35:0.0508856
36:0.0691563
37:0.01636
38:-0.0160916
39:0.0658575
40:-0.0519437
41:-0.00992046
42:-0.0860037
43:0.0541914
44:-0.0231172
45:0
46:0.0357024
47:0.0245967
48:-0.0301096
49:0.0210963
50:-0.237706
51:-0.246475
52:-0.0518249
alpha: 12.4858
lagLB: 469.05
stepSizeMultiplier: 0.0637834
targetLowerBound: 510
||gamma||^2: 0.122081
lambda: 0,4.92597,11.9521,8.83589,7.80753,7.92272,5.10734,9.42669,10.6045,6.29808,9.84249,6.26189,7.81614,16.6135,9.69057,6.46389,10.418,5.98618,13.3748,10.3367,11.7938,8.23317,5.99282,9.31286,13.1027,12.8779,11.2962,6.83637,8.86737,6.76532,10.2719,9.08642,3.82086,20.9253,12.8446,11.6103,16.5301,5.1973,6.95134,16.0225,21.2297,10.6376,13.1545,16.8383,7.6723,
mu: 0,0,0,
srcDuals: 
lambda: 0,4.74032,12.3948,8.12883,7.97679,8.80215,5.37268,9.5728,10.3487,6.73101,9.25193,6.39231,7.79448,16.0402,9.63309,6.19756,10.1262,6.11875,13.5638,10.0437,12.1729,9.03647,5.74131,8.87383,12.2695,12.8769,10.8098,5.99104,8.82056,7.07034,10.8365,9.15143,4.03965,20.7702,13.6544,11.251,16.0102,5.14141,7.18064,15.5316,20.7195,10.3733,13.2951,16.4499,7.87546,
mu: 0,1.03976,0,
srcDuals: 
fixing. lower bound used: 482.987
percent fixed: 68.3225
updating best lambda arc fixing
fixing. lower bound used: 482.987
fixed path dual: 4.48685
best alpha: 0.01
0:0
1:-0.00918618
2:-0.0299758
3:-0.0104492
4:-0.00906792
5:-0.0791684
6:-0.00999089
7:0.0034411
8:0.00871471
9:-0.0288702
10:0.086428
11:0.00520811
12:-0.00735988
13:0.0448814
14:0.00657551
15:0.0499032
16:0.0527636
17:-0.0643341
18:-0.0112927
19:-0.006496
20:-0.0228046
21:-0.0705929
22:-0.0117671
23:0.0693573
24:0.113758
25:0.000209326
26:0.0446922
27:0.0651286
28:-0.0348268
29:-0.0144611
30:-0.0437076
31:-0.0274238
32:-0.0147471
33:0.0373686
34:-0.0713339
35:0.000376773
36:0.0184647
37:0.0261964
38:-0.00593067
39:0.0751989
40:-0.0414243
41:0.000178747
42:-0.0751437
43:0.0636495
44:-0.012886
45:0
46:0.0853454
47:-0.0756492
48:-0.179809
49:-0.339115
50:-0.895329
51:-0.26401
52:0.0486934
alpha: 7.03249
lagLB: 454.806
stepSizeMultiplier: 0.0637834
targetLowerBound: 510
||gamma||^2: 0.216748
lambda: 0,5.12893,11.8907,9.25824,7.73631,7.67757,5.12056,9.49008,10.8369,6.24078,10.2158,6.33187,7.57554,16.4801,9.5899,6.70081,10.6656,5.18126,13.2953,9.83565,11.7592,8.02004,6.2235,9.62244,13.5781,12.7535,11.6257,7.3169,9.01192,6.76184,10.1591,9.18392,3.85366,21.1154,12.6287,11.8864,16.8737,5.34567,6.97972,16.3539,20.0709,10.2494,12.2213,17.1265,7.58682,
mu: 0.445771,1.34686,0,
srcDuals: 
lambda: 0,4.74032,12.3948,8.12883,7.97679,8.80215,5.37268,9.5728,10.3487,6.73101,9.25193,6.39231,7.79448,16.0402,9.63309,6.19756,10.1262,6.11875,13.5638,10.0437,12.1729,9.03647,5.74131,8.87383,12.2695,12.8769,10.8098,5.99104,8.82056,7.07034,10.8365,9.15143,4.03965,20.7702,13.6544,11.251,16.0102,5.14141,7.18064,15.5316,20.7195,10.3733,13.2951,16.4499,7.87546,
mu: 0,1.03976,0,
srcDuals: 
fixing. lower bound used: 435.486
percent fixed: 68.3092
fixing. lower bound used: 482.987
fixed path dual: 9.45164
best alpha: 0.02
0:0
1:0.0109975
2:-0.00937629
3:0.00975981
4:0.0111134
5:-0.057585
6:-0.00979107
7:0.0233723
8:0.0285404
9:-0.00829278
10:0.104699
11:0.0251039
12:-0.00721268
13:0.0639838
14:-0.073556
15:0.0689051
16:0.0717083
17:-0.0430474
18:-0.0510668
19:0.0136339
20:-0.00234849
21:-0.049181
22:0.00846827
23:0.0479702
24:0.0714824
25:-0.0597949
26:0.0637984
27:0.063826
28:-0.0141303
29:0.00582811
30:-0.0228335
31:-0.00687528
32:0.00554789
33:0.0566212
34:-0.0499072
35:0.0203692
36:0.0380954
37:0.0456725
38:0.0141879
39:0.093695
40:-0.0205958
41:0.0201752
42:-0.0536408
43:0.0623765
44:0.00737169
45:0
46:-0.316362
47:-0.274136
48:-0.316212
49:-0.132332
50:-0.557422
51:-0.0587302
52:0.12772
alpha: 7.67235
lagLB: 478.236
stepSizeMultiplier: 0.0637834
targetLowerBound: 510
||gamma||^2: 0.198671
lambda: 0,4.67571,12.184,8.05535,7.91302,8.2454,5.30242,9.597,10.41,6.52798,9.85973,6.42893,7.74272,16.3558,9.67933,6.5485,10.4973,5.66632,13.4844,9.99801,12.0126,8.54003,5.65856,9.36159,13.0695,12.8784,11.1241,6.44905,8.57564,6.96864,10.5291,8.95857,3.93594,21.033,13.1528,11.2537,16.1401,5.32563,7.13893,16.0604,20.4281,10.3745,12.7667,16.8975,7.78484,
mu: 0.600191,0.507754,0,
srcDuals: 
lambda: 0,4.74032,12.3948,8.12883,7.97679,8.80215,5.37268,9.5728,10.3487,6.73101,9.25193,6.39231,7.79448,16.0402,9.63309,6.19756,10.1262,6.11875,13.5638,10.0437,12.1729,9.03647,5.74131,8.87383,12.2695,12.8769,10.8098,5.99104,8.82056,7.07034,10.8365,9.15143,4.03965,20.7702,13.6544,11.251,16.0102,5.14141,7.18064,15.5316,20.7195,10.3733,13.2951,16.4499,7.87546,
mu: 0,1.03976,0,
srcDuals: 
fixing. lower bound used: 441.943
percent fixed: 68.3413
updating best lambda arc fixing
fixing. lower bound used: 441.943
fixed path dual: -7.00786
best alpha: 0.01
0:0
1:0.0208876
2:0.000717472
3:0.0196622
4:-0.0189977
5:-0.0570092
6:0.00030684
7:0.0331386
8:0.038255
9:0.00179015
10:0.0636524
11:0.0348529
12:-0.00714056
13:0.0733439
14:-0.0628204
15:-0.021784
16:0.0809912
17:-0.122617
18:-0.0405561
19:0.0234976
20:0.007675
21:-0.0386892
22:0.0183836
23:0.0574905
24:0.0807675
25:-0.0491969
26:0.0731604
27:0.0731878
28:-0.00398895
29:0.0157698
30:-0.0126051
31:0.00319347
32:0.0154924
33:-0.033945
34:-0.0394081
35:0.0301655
36:0.0477145
37:-0.0347843
38:0.0240461
39:0.052758
40:-0.0103898
41:0.0299734
42:-0.0431044
43:0.0717527
44:-0.062702
45:0
46:-0.103198
47:0.138605
48:0.10695
49:-0.0510091
50:-0.411848
51:0.0218571
52:-0.373558
alpha: 5.70642
lagLB: 438.93
stepSizeMultiplier: 0.0637834
targetLowerBound: 510
||gamma||^2: 0.267116
lambda: 0,4.82469,12.3229,8.20371,8.06206,8.36034,5.29756,9.75212,10.5677,6.66738,10.0552,6.58491,7.73914,16.5311,9.06874,6.72622,10.6764,5.78848,13.172,10.1483,12.1549,8.65914,5.80628,9.24188,12.818,12.4182,11.2993,6.48073,8.71215,7.11505,10.6613,9.09868,4.08221,21.2046,13.2715,11.4073,16.3025,5.49182,7.28949,16.2505,20.5614,10.528,12.8836,16.9285,7.93202,
mu: 0,0,0,
srcDuals: 
lambda: 0,4.74032,12.3948,8.12883,7.97679,8.80215,5.37268,9.5728,10.3487,6.73101,9.25193,6.39231,7.79448,16.0402,9.63309,6.19756,10.1262,6.11875,13.5638,10.0437,12.1729,9.03647,5.74131,8.87383,12.2695,12.8769,10.8098,5.99104,8.82056,7.07034,10.8365,9.15143,4.03965,20.7702,13.6544,11.251,16.0102,5.14141,7.18064,15.5316,20.7195,10.3733,13.2951,16.4499,7.87546,
mu: 0,1.03976,0,
srcDuals: 
fixing. lower bound used: 466.613
percent fixed: 31.2455
fixing. lower bound used: 441.943
fixed path dual: 8.14186
best alpha: 0.01
0:0
1:0.0106787
2:-0.0092897
3:0.00946559
4:-0.00880772
5:-0.0564391
6:0.0103038
7:0.0428072
8:0.0478725
9:-0.00822775
10:0.0730159
11:0.0145044
12:-0.00706915
13:0.0826105
14:-0.0521922
15:-0.0115661
16:0.0701813
17:-0.111391
18:-0.0301506
19:0.0332626
20:-0.00240175
21:-0.0683023
22:0.00819975
23:0.0669156
24:0.0899599
25:-0.0387049
26:0.0824288
27:0.0624559
28:0.00605094
29:-0.0143879
30:-0.0224791
31:0.0131615
32:0.00533749
33:-0.0236055
34:-0.0490141
35:0.0198639
36:0.0372373
37:-0.0244364
38:0.0138056
39:0.0622304
40:-0.000285919
41:0.0396737
42:-0.0326733
43:0.0810352
44:-0.052075
45:0
46:-0.162166
47:0.0372191
48:-0.0441197
49:-0.050499
50:-0.46773
51:-0.0983614
52:-0.249822
alpha: 9.49148
lagLB: 466.914
stepSizeMultiplier: 0.0637834
targetLowerBound: 510
||gamma||^2: 0.160594
lambda: 0,4.85951,12.3989,8.24103,7.86838,8.47683,5.37443,9.7619,10.567,6.74122,9.61516,6.59119,7.75373,16.4587,9.27461,6.07325,10.5884,5.41905,13.3324,10.1778,12.2167,8.81569,5.84621,9.2019,12.7304,12.5962,11.2273,6.40868,8.7978,7.16033,10.7646,9.16965,4.12805,20.5765,13.4296,11.4232,16.2825,4.94291,7.31785,15.8327,20.6602,10.5443,13.0491,16.8594,7.51766,
mu: 0,1.8307,0.6103,
srcDuals: 
lambda: 0,4.74032,12.3948,8.12883,7.97679,8.80215,5.37268,9.5728,10.3487,6.73101,9.25193,6.39231,7.79448,16.0402,9.63309,6.19756,10.1262,6.11875,13.5638,10.0437,12.1729,9.03647,5.74131,8.87383,12.2695,12.8769,10.8098,5.99104,8.82056,7.07034,10.8365,9.15143,4.03965,20.7702,13.6544,11.251,16.0102,5.14141,7.18064,15.5316,20.7195,10.3733,13.2951,16.4499,7.87546,
mu: 0,1.03976,0,
srcDuals: 
fixing. lower bound used: 384.938
percent fixed: 6.29494
fixing. lower bound used: 441.943
fixed path dual: 7.56493
best alpha: 0.01
0:0
1:0.0205719
2:0.000803194
3:0.0193709
4:0.00128036
5:-0.0458747
6:-0.0197993
7:-0.0076209
8:0.0473937
9:0.00185453
10:0.0822857
11:0.0243593
12:-0.00699846
13:0.0917844
14:-0.0516703
15:-0.00145046
16:0.0794795
17:-0.100277
18:-0.0298491
19:0.04293
20:0.00762227
21:-0.0576193
22:0.0181177
23:-0.0137536
24:0.0390603
25:-0.0283179
26:0.0816045
27:0.0518313
28:0.0159904
29:-0.00424399
30:-0.0122543
31:0.0230299
32:0.0152841
33:-0.0133695
34:-0.0385239
35:0.0296653
36:0.046865
37:-0.014192
38:0.0236676
39:0.0716081
40:0.00971694
41:0.0492769
42:-0.0223466
43:0.0102249
44:-0.0415543
45:0
46:-0.190544
47:-0.0631531
48:-0.183679
49:0.010006
50:-0.343052
51:-0.0173778
52:-0.147324
alpha: 15.0542
lagLB: 473.44
stepSizeMultiplier: 0.0637834
targetLowerBound: 510
||gamma||^2: 0.101252
lambda: 0,4.84167,12.3067,8.21868,7.8932,8.26646,5.47048,9.9791,10.8031,6.65291,9.94496,6.52997,7.72738,16.8243,9.13771,6.08778,10.7924,5.06149,13.2777,10.3594,12.1501,8.38818,5.81914,9.50896,13.1234,12.5096,11.5922,6.58383,8.87799,6.93378,10.6231,9.27635,4.09031,20.5462,13.1892,11.4396,16.3637,4.90947,7.31167,16.1223,20.7167,10.7498,12.985,17.2191,7.38119,
mu: 0,1.39302,0,
srcDuals: 
lambda: 0,4.74032,12.3948,8.12883,7.97679,8.80215,5.37268,9.5728,10.3487,6.73101,9.25193,6.39231,7.79448,16.0402,9.63309,6.19756,10.1262,6.11875,13.5638,10.0437,12.1729,9.03647,5.74131,8.87383,12.2695,12.8769,10.8098,5.99104,8.82056,7.07034,10.8365,9.15143,4.03965,20.7702,13.6544,11.251,16.0102,5.14141,7.18064,15.5316,20.7195,10.3733,13.2951,16.4499,7.87546,
mu: 0,1.03976,0,
srcDuals: 
fixing. lower bound used: 474.661
percent fixed: 53.65
fixing. lower bound used: 441.943
fixed path dual: 2.85294
best alpha: 0.01
0:0
1:0.0203662
2:0.0107952
3:-0.000822776
4:-0.00873245
5:-0.0354159
6:-0.00960127
7:0.00245531
8:0.0369198
9:0.011836
10:0.0614629
11:0.0241157
12:0.00307153
13:0.0608665
14:-0.0411536
15:0.00856404
16:0.0786847
17:-0.0892741
18:-0.0395506
19:0.0325007
20:0.017546
21:-0.0470431
22:0.0179366
23:-0.00361606
24:0.0486697
25:-0.0180347
26:0.0807885
27:0.031313
28:0.00583052
29:-0.00420155
30:-0.00213175
31:0.0127996
32:0.0251313
33:-0.0232358
34:-0.0281387
35:0.0193686
36:0.0363963
37:-0.00405012
38:0.0134309
39:0.040892
40:-0.0203802
41:0.0387842
42:-0.0121231
43:0.0201226
44:-0.0311387
45:0
46:-0.148639
47:0.0174784
48:-0.111842
49:-0.0500941
50:-0.459622
51:-0.017204
52:-0.105851
alpha: 22.9714
lagLB: 476.807
stepSizeMultiplier: 0.0637834
targetLowerBound: 510
||gamma||^2: 0.0663554
lambda: 0,5.05001,12.4069,8.42045,7.99607,8.11154,5.07462,9.45807,11.0622,6.75893,10.4907,6.75902,7.68912,17.4219,8.85523,6.17572,11.3227,4.60916,13.1145,10.69,12.2877,8.16905,6.01406,8.66678,12.8576,12.4506,12.0383,6.77132,9.06128,7.00645,10.652,9.49813,4.26974,20.5689,13.0745,11.6976,16.7158,4.92776,7.53693,16.6096,20.8657,11.1151,12.9587,16.6038,7.24989,
mu: 0,0.0890334,0,
srcDuals: 
lambda: 0,4.74032,12.3948,8.12883,7.97679,8.80215,5.37268,9.5728,10.3487,6.73101,9.25193,6.39231,7.79448,16.0402,9.63309,6.19756,10.1262,6.11875,13.5638,10.0437,12.1729,9.03647,5.74131,8.87383,12.2695,12.8769,10.8098,5.99104,8.82056,7.07034,10.8365,9.15143,4.03965,20.7702,13.6544,11.251,16.0102,5.14141,7.18064,15.5316,20.7195,10.3733,13.2951,16.4499,7.87546,
mu: 0,1.03976,0,
srcDuals: 
fixing. lower bound used: 476.257
percent fixed: 52.956
fixing. lower bound used: 441.943
fixed path dual: 5.72154
best alpha: 0.01
0:0
1:0.0201625
2:-0.00931279
3:0.00918545
4:0.00135488
5:-0.0350618
6:-0.00950526
7:0.00243075
8:-0.0234494
9:0.0217176
10:0.0708482
11:0.00387459
12:0.00304081
13:0.0702579
14:-0.0307421
15:0.0184784
16:0.0378979
17:-0.0783814
18:-0.0291551
19:0.0421757
20:0.0273706
21:-0.0365727
22:0.0177572
23:0.0064201
24:0.048183
25:-0.00785437
26:0.00998059
27:0.000999881
28:0.00577222
29:0.00584046
30:0.00788957
31:-0.0373284
32:0.03488
33:-0.0130034
34:-0.0178573
35:0.0291749
36:0.0460324
37:0.00599038
38:0.0132966
39:0.0504831
40:-0.0101764
41:0.0483963
42:-0.00200191
43:0.0199214
44:-0.0208273
45:0
46:-0.147152
47:-0.0826964
48:-0.250723
49:-0.0495931
50:-0.395026
51:-0.057032
52:-0.00479215
alpha: 29.9527
lagLB: 467.225
stepSizeMultiplier: 0.0637834
targetLowerBound: 510
||gamma||^2: 0.0508894
lambda: 0,5.20815,12.6428,8.10993,7.7762,7.98859,5.15212,9.6292,11.1968,7.0029,10.6638,6.94628,7.86504,17.4384,8.68773,6.39429,11.9337,4.068,12.6553,10.7903,12.576,7.95582,6.15334,8.79077,13.3876,12.4627,12.6656,6.71034,8.9545,6.97382,10.7875,9.44546,4.61695,20.2365,13.0081,11.696,16.8463,5.04837,7.48916,16.4709,20.2513,11.2642,13.0166,16.9122,7.16016,
mu: 0,1.44126,0,
srcDuals: 
lambda: 0,4.74032,12.3948,8.12883,7.97679,8.80215,5.37268,9.5728,10.3487,6.73101,9.25193,6.39231,7.79448,16.0402,9.63309,6.19756,10.1262,6.11875,13.5638,10.0437,12.1729,9.03647,5.74131,8.87383,12.2695,12.8769,10.8098,5.99104,8.82056,7.07034,10.8365,9.15143,4.03965,20.7702,13.6544,11.251,16.0102,5.14141,7.18064,15.5316,20.7195,10.3733,13.2951,16.4499,7.87546,
mu: 0,1.03976,0,
srcDuals: 
fixing. lower bound used: 452.882
percent fixed: 17.7333
fixing. lower bound used: 441.943
fixed path dual: 0.571589
best alpha: 0.01
0:0
1:0.0299609
2:0.000780339
3:0.0190936
4:-0.00865867
5:-0.0547112
6:0.000589792
7:0.0124064
8:-0.0132149
9:-0.00849956
10:-0.0298602
11:0.00383584
12:0.0130104
13:0.0595553
14:-0.0204347
15:0.0282936
16:0.0275189
17:-0.0675975
18:-0.0188635
19:0.0317539
20:0.0370969
21:-0.026207
22:0.0275796
23:0.0163559
24:0.0577011
25:0.00222418
26:0.0198808
27:0.0109899
28:0.0157145
29:0.0157821
30:-0.00218933
31:-0.0269551
32:0.0445312
33:-0.0728734
34:-0.00767873
35:0.0388832
36:0.055572
37:0.0159305
38:0.0031636
39:-0.0500217
40:-0.0200747
41:0.0379124
42:0.00801811
43:0.0297222
44:-0.0106191
45:0
46:-0.0256809
47:0.138131
48:-0.0282161
49:0.0309028
50:-0.251075
51:0.0235383
52:-0.00474423
alpha: 23.9427
lagLB: 459.926
stepSizeMultiplier: 0.0637834
targetLowerBound: 510
||gamma||^2: 0.0636636
lambda: 0,5.34424,12.1159,8.40396,8.01738,7.75195,5.08797,9.64561,9.64631,7.38151,11.374,6.50836,7.88556,18.1446,8.71228,6.75104,11.2614,3.77102,12.6906,11.307,12.9928,7.94102,6.27318,9.06613,13.7128,12.6417,11.1087,6.02098,8.99345,7.24528,11.0728,8.03335,5.0844,20.3807,13.1196,12.1249,17.389,5.32083,7.57891,17.0437,20.4146,11.8229,13.2351,17.0466,7.25163,
mu: 0,0,0,
srcDuals: 
lambda: 0,4.74032,12.3948,8.12883,7.97679,8.80215,5.37268,9.5728,10.3487,6.73101,9.25193,6.39231,7.79448,16.0402,9.63309,6.19756,10.1262,6.11875,13.5638,10.0437,12.1729,9.03647,5.74131,8.87383,12.2695,12.8769,10.8098,5.99104,8.82056,7.07034,10.8365,9.15143,4.03965,20.7702,13.6544,11.251,16.0102,5.14141,7.18064,15.5316,20.7195,10.3733,13.2951,16.4499,7.87546,
mu: 0,1.03976,0,
srcDuals: 
fixing. lower bound used: 476.921
percent fixed: 58.4659
fixing. lower bound used: 441.943
fixed path dual: -9.70616
best alpha: 0.01
0:0
1:-0.0403387
2:0.0107725
3:-0.0410973
4:0.00142792
5:-0.0441641
6:0.0105839
7:0.0222824
8:-0.00308275
9:0.00158544
10:-0.0195616
11:0.00379748
12:0.0228803
13:0.0689597
14:-0.0102303
15:0.0380107
16:0.0172437
17:-0.0569216
18:-0.0086749
19:0.0414364
20:-0.00327409
21:-0.0159449
22:-0.0426962
23:0.0261923
24:0.0671241
25:0.0122019
26:0.029682
27:0.000879984
28:-0.0144427
29:0.00562424
30:0.00783257
31:-0.0266855
32:0.0240858
33:-0.0621446
34:0.00239806
35:-0.0215057
36:-0.00498369
37:0.0257712
38:0.00313196
39:-0.0395215
40:-0.00987392
41:0.0475333
42:0.0179379
43:0.0394249
44:-0.000512862
45:0
46:0.0145759
47:0.0367493
48:-0.177934
49:-0.289406
50:-0.928565
51:-0.136697
52:0.0953032
alpha: 11.4015
lagLB: 394.571
stepSizeMultiplier: 0.0637834
targetLowerBound: 510
||gamma||^2: 0.13369
lambda: 0,5.45766,12.4135,8.58599,7.76948,7.49222,5.3868,9.86984,10.0323,6.52751,8.53699,6.48415,8.10598,17.4661,9.14383,6.87498,10.7851,4.50029,13.1122,10.804,13.0611,8.40901,6.40164,9.26544,13.6511,12.9302,11.2858,6.25416,9.19681,7.4482,10.7841,8.50606,5.10584,19.0254,13.4706,12.182,17.3408,5.52282,7.25638,14.3339,20.2388,11.281,13.4871,17.1615,7.62121,
mu: 0,4.34697,0,
srcDuals: 
lambda: 0,4.74032,12.3948,8.12883,7.97679,8.80215,5.37268,9.5728,10.3487,6.73101,9.25193,6.39231,7.79448,16.0402,9.63309,6.19756,10.1262,6.11875,13.5638,10.0437,12.1729,9.03647,5.74131,8.87383,12.2695,12.8769,10.8098,5.99104,8.82056,7.07034,10.8365,9.15143,4.03965,20.7702,13.6544,11.251,16.0102,5.14141,7.18064,15.5316,20.7195,10.3733,13.2951,16.4499,7.87546,
mu: 0,1.03976,0,
srcDuals: 
fixing. lower bound used: 402.337
percent fixed: 6.32991
fixing. lower bound used: 441.943
fixed path dual: 3.96689
best alpha: 0.02
0:0
1:-0.0195319
2:0.0305571
3:-0.0202754
4:-0.0186006
5:-0.0232808
6:0.0103722
7:0.0418367
8:0.0169789
9:0.0215537
10:0.000829601
11:0.0237215
12:0.0224227
13:0.0875805
14:-0.130026
15:0.0572505
16:0.0368988
17:-0.0757831
18:-0.148501
19:0.0606076
20:0.0167914
21:0.004374
22:-0.0218422
23:0.00566849
24:0.00578163
25:-0.0480421
26:0.0490883
27:0.0208624
28:0.0058462
29:0.0255118
30:0.0276759
31:-0.00615183
32:0.0436041
33:-0.0409018
34:0.0223501
35:-0.00107556
36:0.015116
37:0.0452557
38:0.0230693
39:-0.0187311
40:0.0103236
41:0.0665826
42:0.0375792
43:0.0586364
44:0.0194974
45:0
46:-0.185716
47:-0.163986
48:-0.134375
49:-0.123618
50:-0.629993
51:0.0260369
52:-0.146603
alpha: 9.78291
lagLB: 472.341
stepSizeMultiplier: 0.0637834
targetLowerBound: 510
||gamma||^2: 0.15581
lambda: 0,4.28039,12.5177,7.66026,7.99307,8.29861,5.49335,9.82685,10.3135,6.74908,9.0289,6.4356,8.05535,16.8264,9.51645,6.63094,10.3228,5.46976,13.4649,10.5161,12.1356,8.85467,5.25451,9.17247,13.0349,13.0161,11.1482,6.00107,8.65589,7.13446,10.9258,8.84718,4.31426,20.0617,13.6818,11.0058,15.9534,5.43524,7.21635,15.081,20.6069,10.9152,13.4996,16.8994,7.86961,
mu: 0.166187,1.45875,0,
srcDuals: 
lambda: 0,4.74032,12.3948,8.12883,7.97679,8.80215,5.37268,9.5728,10.3487,6.73101,9.25193,6.39231,7.79448,16.0402,9.63309,6.19756,10.1262,6.11875,13.5638,10.0437,12.1729,9.03647,5.74131,8.87383,12.2695,12.8769,10.8098,5.99104,8.82056,7.07034,10.8365,9.15143,4.03965,20.7702,13.6544,11.251,16.0102,5.14141,7.18064,15.5316,20.7195,10.3733,13.2951,16.4499,7.87546,
mu: 0,1.03976,0,
srcDuals: 
fixing. lower bound used: 378.368
percent fixed: 6.33537
fixing. lower bound used: 441.943
fixed path dual: 3.88244
best alpha: 0.01
0:0
1:-0.00933662
2:0.0402515
3:-0.0100726
4:-0.0384146
5:-0.013048
6:0.0202685
7:0.0514184
8:0.0268091
9:0.0313382
10:0.0108213
11:0.0334843
12:0.0121985
13:0.0467047
14:-0.118725
15:0.066678
16:0.0465298
17:-0.115025
18:-0.147016
19:-0.0199984
20:0.0266235
21:0.0143303
22:-0.0116238
23:0.0156118
24:0.0157238
25:-0.0375617
26:0.0585975
27:0.0306538
28:0.0157877
29:0.0352566
30:0.0373992
31:0.00390969
32:0.0531681
33:-0.0304927
34:0.0321266
35:0.0089352
36:0.0249648
37:0.0348032
38:0.0328386
39:-0.00854376
40:-0.10978
41:0.0159168
42:-0.0327966
43:0.0680501
44:0.00930242
45:0
46:-0.0338585
47:0.187654
48:0.226968
49:-0.0423819
50:-0.483693
51:0.105777
52:-0.185137
alpha: 6.40715
lagLB: 472.511
stepSizeMultiplier: 0.0637834
targetLowerBound: 510
||gamma||^2: 0.237902
lambda: 0,4.54924,12.6938,7.93048,7.79483,8.57439,5.47415,9.98208,10.5148,6.94187,9.26004,6.62437,8.01384,16.897,8.36106,6.75763,10.4872,5.37737,12.1111,10.6366,12.3372,9.07926,5.52763,8.92929,12.3261,12.4069,11.29,6.19513,8.87775,7.31992,11.1072,9.09125,4.46622,20.3701,13.8731,11.2405,16.1581,5.58414,7.40632,15.3483,20.8205,11.0246,13.6627,17.0235,8.0662,
mu: 0,0,0,
srcDuals: 
lambda: 0,4.74032,12.3948,8.12883,7.97679,8.80215,5.37268,9.5728,10.3487,6.73101,9.25193,6.39231,7.79448,16.0402,9.63309,6.19756,10.1262,6.11875,13.5638,10.0437,12.1729,9.03647,5.74131,8.87383,12.2695,12.8769,10.8098,5.99104,8.82056,7.07034,10.8365,9.15143,4.03965,20.7702,13.6544,11.251,16.0102,5.14141,7.18064,15.5316,20.7195,10.3733,13.2951,16.4499,7.87546,
mu: 0,1.03976,0,
srcDuals: 
fixing. lower bound used: 467.888
percent fixed: 42.2751
fixing. lower bound used: 441.943
fixed path dual: 3.04477
best alpha: 0.01
0:0
1:-0.00924325
2:-0.000151001
3:2.80886e-05
4:-0.0280305
5:-0.0229175
6:0.0300658
7:0.0609042
8:0.036541
9:0.00102481
10:0.0207131
11:0.0131495
12:0.0220765
13:0.0562377
14:-0.107538
15:0.0760112
16:0.0260645
17:-0.103875
18:-0.135546
19:-0.00979845
20:0.0363572
21:-0.035813
22:-0.0115076
23:0.0254557
24:0.0255666
25:-0.0271861
26:0.0680115
27:0.0303472
28:0.0256299
29:-0.0150959
30:0.00702517
31:0.0138706
32:0.0426364
33:-0.0201878
34:-0.00819467
35:0.0188458
36:0.0347152
37:0.0444552
38:0.00251025
39:0.00154168
40:-0.0986819
41:0.0257576
42:-0.0224687
43:0.0773696
44:0.0192094
45:0
46:-0.0135199
47:0.0857776
48:0.0746988
49:0.0180419
50:-0.358856
51:-0.115281
52:-0.0832855
alpha: 13.4146
lagLB: 434.459
stepSizeMultiplier: 0.0637834
targetLowerBound: 510
||gamma||^2: 0.113628
lambda: 0,4.68049,12.6527,8.0643,7.73067,8.71855,5.50254,9.90224,10.5205,6.9318,9.32126,6.60684,7.87264,16.3394,8.8724,6.62477,10.4244,5.38177,12.6219,9.91556,12.3435,9.12829,5.66683,8.97386,12.3703,12.6363,11.1852,6.18744,8.92171,7.29623,11.0761,9.17648,4.3803,20.5748,13.8603,11.3083,16.1702,5.36439,7.39104,15.4769,20.0161,10.4752,13.085,16.8859,7.93506,
mu: 0,2.24208,1.45422,
srcDuals: 
lambda: 0,4.74032,12.3948,8.12883,7.97679,8.80215,5.37268,9.5728,10.3487,6.73101,9.25193,6.39231,7.79448,16.0402,9.63309,6.19756,10.1262,6.11875,13.5638,10.0437,12.1729,9.03647,5.74131,8.87383,12.2695,12.8769,10.8098,5.99104,8.82056,7.07034,10.8365,9.15143,4.03965,20.7702,13.6544,11.251,16.0102,5.14141,7.18064,15.5316,20.7195,10.3733,13.2951,16.4499,7.87546,
mu: 0,1.03976,0,
srcDuals: 
fixing. lower bound used: 421.493
percent fixed: 6.34978
fixing. lower bound used: 441.943
fixed path dual: 4.44211
best alpha: 0.01
0:0
1:-0.0291508
2:0.00985051
3:-0.0399722
4:-0.0177502
5:-0.0126883
6:0.0397652
7:0.0702951
8:0.00617561
9:0.0110146
10:0.030506
11:0.013018
12:0.0318557
13:0.0656753
14:-0.0964628
15:0.0852511
16:0.0258039
17:-0.0928363
18:-0.124191
19:0.000299537
20:-0.00400633
21:-0.0254549
22:-0.0313925
23:0.0352011
24:0.0353109
25:-0.0169142
26:0.0473314
27:0.0100438
28:-0.0146264
29:-0.014945
30:0.0169549
31:-0.0162681
32:0.01221
33:-0.00998593
34:0.00188728
35:-0.0213426
36:-0.00563198
37:0.0540106
38:0.0124851
39:0.0115263
40:-0.0876951
41:0.0355
42:-0.012244
43:0.0865959
44:0.0290173
45:0
46:-0.00338469
47:-0.0150802
48:-0.0760482
49:-0.242139
50:-0.855268
51:-0.254128
52:0.0175474
alpha: 10.4605
lagLB: 446.886
stepSizeMultiplier: 0.0637834
targetLowerBound: 510
||gamma||^2: 0.145717
lambda: 0,4.61632,12.3928,8.12921,7.60078,8.49472,5.776,10.3898,10.8389,6.74475,9.52979,6.5687,8.09063,16.7946,8.1905,7.21722,10.4759,4.7253,11.7455,9.91225,12.6607,8.55605,5.58694,9.21531,12.6125,12.5122,11.7221,6.39813,9.16438,6.86783,10.9307,9.3375,4.6116,20.4994,13.5445,11.5038,16.4759,5.73776,7.21431,15.5523,19.3957,10.7188,12.9937,17.4878,8.13315,
mu: 0,2.19043,1.00206,
srcDuals: 
lambda: 0,4.74032,12.3948,8.12883,7.97679,8.80215,5.37268,9.5728,10.3487,6.73101,9.25193,6.39231,7.79448,16.0402,9.63309,6.19756,10.1262,6.11875,13.5638,10.0437,12.1729,9.03647,5.74131,8.87383,12.2695,12.8769,10.8098,5.99104,8.82056,7.07034,10.8365,9.15143,4.03965,20.7702,13.6544,11.251,16.0102,5.14141,7.18064,15.5316,20.7195,10.3733,13.2951,16.4499,7.87546,
mu: 0,1.03976,0,
srcDuals: 
fixing. lower bound used: 426.73
percent fixed: 6.35077
fixing. lower bound used: 441.943
fixed path dual: 7.38352
best alpha: 0.04
0:0
1:0.0120152
2:0.0494565
3:0.0016267
4:0.0229598
5:0.0278192
6:-0.0818255
7:-0.0125167
8:0.00592859
9:-0.029426
10:-0.0107143
11:0.0524973
12:-0.00941851
13:0.103048
14:-0.132604
15:0.041841
16:0.0647717
17:-0.0491229
18:-0.0792231
19:0.0402876
20:0.0361539
21:0.0155633
22:0.0098632
23:-0.0862069
24:-0.126102
25:-0.0562376
26:0.0454381
27:-0.030358
28:0.0259586
29:0.0256528
30:-0.0237233
31:0.0243826
32:0.0517216
33:-0.0495865
34:-0.0381882
35:0.0195111
36:0.0345933
37:0.0118502
38:-0.0280143
39:0.0510652
40:-0.0441873
41:0.07408
42:0.0282458
43:-0.0768679
44:0.0678566
45:0
46:0.156751
47:-0.174477
48:-0.273006
49:0.00754702
50:-0.341057
51:0.0760367
52:-0.0631545
alpha: 8.10872
lagLB: 483.254
stepSizeMultiplier: 0.0637834
targetLowerBound: 510
||gamma||^2: 0.18798
lambda: 0,4.43538,12.4979,7.7107,7.79112,8.66942,5.78864,10.3081,10.4133,6.84623,9.57104,6.52848,8.12771,16.7272,8.62404,7.08933,10.3962,5.14763,12.2647,10.0468,12.131,8.7702,5.41293,9.24205,12.6389,12.7,11.3049,6.0961,8.66756,6.91401,11.0139,8.98126,4.16737,20.6658,13.6742,11.0278,15.9513,5.70638,7.31124,15.6522,19.8021,10.7446,13.167,17.3558,8.179,
mu: 0,0.88201,0,
srcDuals: 
lambda: 0,4.74032,12.3948,8.12883,7.97679,8.80215,5.37268,9.5728,10.3487,6.73101,9.25193,6.39231,7.79448,16.0402,9.63309,6.19756,10.1262,6.11875,13.5638,10.0437,12.1729,9.03647,5.74131,8.87383,12.2695,12.8769,10.8098,5.99104,8.82056,7.07034,10.8365,9.15143,4.03965,20.7702,13.6544,11.251,16.0102,5.14141,7.18064,15.5316,20.7195,10.3733,13.2951,16.4499,7.87546,
mu: 0,1.03976,0,
srcDuals: 
fixing. lower bound used: 460.097
percent fixed: 26.7041
fixing. lower bound used: 441.943
fixed path dual: 9.23759
best alpha: 0.01
0:0
1:0.00189506
2:-0.0310381
3:0.00161043
4:0.0327302
5:0.037541
6:-0.0710072
7:-0.0023915
8:0.0158693
9:-0.0191318
10:-0.000607134
11:0.0419723
12:-0.00932433
13:0.112018
14:-0.121278
15:0.0514226
16:0.014124
17:-0.0386316
18:-0.0684309
19:0.0498847
20:0.0357924
21:0.0254077
22:-0.000235435
23:-0.0753448
24:-0.114841
25:-0.0456753
26:0.0549837
27:-0.0300544
28:0.035699
29:0.0153963
30:-0.0134861
31:0.0341388
32:0.0112044
33:-0.0390906
34:-0.0278063
35:0.019316
36:0.0342474
37:0.0217317
38:-0.0177341
39:0.0605546
40:-0.0337454
41:0.0833392
42:0.0379633
43:-0.0660993
44:0.077178
45:0
46:-0.00481681
47:-0.272732
48:-0.420276
49:0.00747155
50:-0.337647
51:-0.164724
52:0.057477
alpha: 8.22104
lagLB: 467.227
stepSizeMultiplier: 0.0637834
targetLowerBound: 510
||gamma||^2: 0.185412
lambda: 0,4.83774,12.7959,8.14202,8.16297,9.02773,4.70918,9.4713,10.3968,6.4924,9.16505,6.81799,7.71811,16.8758,8.55784,6.53684,10.6515,5.72043,12.9214,10.3704,12.4661,9.16267,5.82129,8.1748,11.247,12.4209,11.1782,5.74487,9.03105,7.27835,10.6441,9.34914,4.45904,20.3681,13.3448,11.4092,16.2907,5.2375,6.95348,15.9457,20.3612,10.974,13.5241,15.8266,8.42569,
mu: 1.27105,0,0,
srcDuals: 
lambda: 0,4.74032,12.3948,8.12883,7.97679,8.80215,5.37268,9.5728,10.3487,6.73101,9.25193,6.39231,7.79448,16.0402,9.63309,6.19756,10.1262,6.11875,13.5638,10.0437,12.1729,9.03647,5.74131,8.87383,12.2695,12.8769,10.8098,5.99104,8.82056,7.07034,10.8365,9.15143,4.03965,20.7702,13.6544,11.251,16.0102,5.14141,7.18064,15.5316,20.7195,10.3733,13.2951,16.4499,7.87546,
mu: 0,1.03976,0,
srcDuals: 
fixing. lower bound used: 435.858
percent fixed: 6.42404
fixing. lower bound used: 441.943
fixed path dual: -1.91338
best alpha: 0.01
0:0
1:0.0118761
2:-0.0207277
3:0.0115943
4:0.0224029
5:0.0471656
6:-0.0602971
7:0.00763242
8:0.0257106
9:-0.00894044
10:0.00939894
11:0.0515526
12:-0.0192311
13:0.110898
14:-0.110065
15:0.0309084
16:0.0239828
17:-0.108245
18:-0.0677466
19:0.00938583
20:0.0454345
21:0.0351536
22:0.00976692
23:-0.0645914
24:-0.103692
25:-0.0352185
26:0.0644339
27:-0.0197539
28:0.045342
29:0.0252423
30:-0.00335119
31:0.0437974
32:0.0210924
33:-0.0286997
34:-0.0175283
35:0.0291228
36:0.0439049
37:-0.0284856
38:-0.00755678
39:0.069949
40:-0.143408
41:0.0525058
42:-0.0424163
43:-0.0554383
44:-0.00359374
45:0
46:0.205231
47:0.149995
48:0.00392657
49:0.0873968
50:-0.19427
51:-0.0830764
52:-0.243098
alpha: 6.05509
lagLB: 461.631
stepSizeMultiplier: 0.0637834
targetLowerBound: 510
||gamma||^2: 0.251734
lambda: 0,4.75589,12.1397,8.14207,8.24587,9.11077,4.78893,9.55314,10.4791,6.57372,9.24694,6.73736,7.71782,16.9611,8.63606,6.62031,10.2424,5.80116,13.0013,10.4538,12.4672,9.24535,5.73937,8.25442,11.3254,12.5014,11.2618,5.74396,9.11404,7.19691,10.7256,9.43209,4.13176,20.4488,13.4258,11.4098,16.2918,5.32006,7.03484,16.0294,20.442,11.0584,13.6072,15.9065,8.50994,
mu: 0,0,0,
srcDuals: 
lambda: 0,4.74032,12.3948,8.12883,7.97679,8.80215,5.37268,9.5728,10.3487,6.73101,9.25193,6.39231,7.79448,16.0402,9.63309,6.19756,10.1262,6.11875,13.5638,10.0437,12.1729,9.03647,5.74131,8.87383,12.2695,12.8769,10.8098,5.99104,8.82056,7.07034,10.8365,9.15143,4.03965,20.7702,13.6544,11.251,16.0102,5.14141,7.18064,15.5316,20.7195,10.3733,13.2951,16.4499,7.87546,
mu: 0,1.03976,0,
srcDuals: 
fixing. lower bound used: 468.064
percent fixed: 34.079
fixing. lower bound used: 441.943
fixed path dual: 10.1884
best alpha: 0.01
0:0
1:-0.00824265
2:-0.0405204
3:-0.00852162
4:0.0321789
5:0.056694
6:-0.0496942
7:0.0175561
8:0.0354535
9:0.00114896
10:0.0193049
11:0.051037
12:-0.0190388
13:0.119789
14:-0.0989648
15:0.0405993
16:0.033743
17:-0.0971629
18:-0.0570691
19:0.019292
20:0.0249801
21:0.044802
22:-0.0103307
23:-0.0539455
24:-0.0926552
25:-0.0248663
26:0.0737896
27:-0.0295563
28:0.0348886
29:0.0349899
30:0.00668232
31:0.0333594
32:0.0108815
33:-0.0184127
34:-0.00735299
35:0.0088316
36:0.0234658
37:-0.0182008
38:0.00251879
39:0.0792495
40:-0.131974
41:0.0619808
42:-0.0319921
43:-0.0448839
44:0.0064422
45:0
46:0.043179
47:0.0484952
48:-0.146113
49:-0.0134771
50:-0.412327
51:-0.102246
52:-0.120667
alpha: 7.78464
lagLB: 450.044
stepSizeMultiplier: 0.042097
targetLowerBound: 510
||gamma||^2: 0.129232
lambda: 0,4.81223,12.2693,8.19904,8.11245,9.08774,5.00757,9.61901,10.5044,6.67687,9.30884,6.70446,7.67803,16.7117,8.96663,6.38471,10.2715,5.46331,13.1536,10.1005,12.448,9.24933,5.80045,8.48273,11.6417,12.6637,11.1999,5.87142,9.09511,7.22318,10.8162,9.41663,4.16736,20.5964,13.5483,11.4274,16.2761,4.96892,7.13488,15.9551,19.8511,10.6912,13.0383,16.1142,7.8537,
mu: 1.2427,1.94799,0.0237758,
srcDuals: 
lambda: 0,4.74032,12.3948,8.12883,7.97679,8.80215,5.37268,9.5728,10.3487,6.73101,9.25193,6.39231,7.79448,16.0402,9.63309,6.19756,10.1262,6.11875,13.5638,10.0437,12.1729,9.03647,5.74131,8.87383,12.2695,12.8769,10.8098,5.99104,8.82056,7.07034,10.8365,9.15143,4.03965,20.7702,13.6544,11.251,16.0102,5.14141,7.18064,15.5316,20.7195,10.3733,13.2951,16.4499,7.87546,
mu: 0,1.03976,0,
srcDuals: 
fixing. lower bound used: 371.485
percent fixed: 6.34977
fixing. lower bound used: 441.943
fixed path dual: 9.55757
best alpha: 0.01
0:0
1:0.00183978
2:-0.0501152
3:0.0015636
4:0.0418571
5:0.036127
6:-0.0391972
7:0.0273805
8:0.045099
9:-0.0188625
10:0.0291119
11:0.0505267
12:-0.0188484
13:0.128591
14:-0.0879752
15:0.0501933
16:0.0334055
17:-0.0861912
18:-0.0464984
19:0.0290991
20:0.0347303
21:0.024354
22:-0.000227442
23:-0.043406
24:-0.0817286
25:-0.0146177
26:0.0830517
27:-0.0292608
28:0.0445397
29:0.01464
30:-0.0133845
31:0.0430258
32:0.000772644
33:-0.0082286
34:-0.0272795
35:0.0187433
36:0.0332312
37:-0.00801877
38:-0.0175064
39:0.088457
40:-0.120654
41:0.071361
42:-0.0216722
43:-0.0344351
44:0.0163778
45:0
46:-0.0972527
47:-0.0519898
48:-0.294652
49:0.0866576
50:-0.248204
51:-0.121223
52:0.000539923
alpha: 8.58651
lagLB: 474.622
stepSizeMultiplier: 0.042097
targetLowerBound: 510
||gamma||^2: 0.117163
lambda: 0,4.67615,12.0794,8.0625,8.22729,9.24349,4.98583,9.70947,10.6247,6.73995,9.40221,6.78961,7.64627,16.9727,8.86268,6.51361,10.3889,5.36237,13.1196,10.1939,12.3674,9.38524,5.66089,8.45389,11.5483,12.6834,11.3842,5.76095,9.09216,7.34272,10.8885,9.41112,4.12436,20.6269,13.5972,11.3198,16.1929,4.99972,7.20025,16.1485,19.6921,10.8558,13.0461,16.1005,7.92561,
mu: 0.336133,1.41727,0,
srcDuals: 
lambda: 0,4.74032,12.3948,8.12883,7.97679,8.80215,5.37268,9.5728,10.3487,6.73101,9.25193,6.39231,7.79448,16.0402,9.63309,6.19756,10.1262,6.11875,13.5638,10.0437,12.1729,9.03647,5.74131,8.87383,12.2695,12.8769,10.8098,5.99104,8.82056,7.07034,10.8365,9.15143,4.03965,20.7702,13.6544,11.251,16.0102,5.14141,7.18064,15.5316,20.7195,10.3733,13.2951,16.4499,7.87546,
mu: 0,1.03976,0,
srcDuals: 
fixing. lower bound used: 467.523
percent fixed: 39.1002
fixing. lower bound used: 441.943
fixed path dual: -0.401361
best alpha: 0.01
0:0
1:-0.0481786
2:-0.0396141
3:-0.048452
4:0.0514385
5:0.0457658
6:-0.0288052
7:0.0371067
8:0.024648
9:-0.0086739
10:0.0388208
11:0.0500214
12:-0.0086599
13:0.137305
14:-0.0770954
15:0.0596914
16:0.0330715
17:-0.0753293
18:-0.0360334
19:0.0388081
20:0.00438301
21:0.0341105
22:-0.0502252
23:-0.032972
24:-0.0709113
25:-0.00447148
26:0.0722211
27:-0.0389682
28:-0.00590566
29:0.0144936
30:-0.00325066
31:-0.00740443
32:-0.00923508
33:0.00185369
34:-0.0170067
35:-0.0214442
36:-0.00710112
37:0.00206141
38:-0.00733133
39:0.0975725
40:-0.109448
41:0.0806473
42:-0.0114555
43:-0.0240907
44:0.026214
45:0
46:-0.0462802
47:-0.15147
48:-0.441705
49:-0.294209
50:-0.865722
51:-0.240011
52:0.100535
alpha: 4.51684
lagLB: 467.075
stepSizeMultiplier: 0.042097
targetLowerBound: 510
||gamma||^2: 0.222727
lambda: 0,4.75611,11.9645,8.14226,8.3362,9.11235,5.03611,9.8079,10.7359,6.56904,9.5019,6.82615,7.63264,17.1443,8.87769,6.62854,10.4131,5.37867,13.1646,10.2936,12.4711,9.24559,5.73936,8.50113,11.5678,12.7514,11.5229,5.73979,9.203,7.19604,10.7216,9.52087,4.04628,20.6996,13.4202,11.412,16.2956,5.07255,7.03032,16.2911,19.6835,10.986,13.109,16.1542,8.01609,
mu: 0,0.593346,0,
srcDuals: 
lambda: 0,4.74032,12.3948,8.12883,7.97679,8.80215,5.37268,9.5728,10.3487,6.73101,9.25193,6.39231,7.79448,16.0402,9.63309,6.19756,10.1262,6.11875,13.5638,10.0437,12.1729,9.03647,5.74131,8.87383,12.2695,12.8769,10.8098,5.99104,8.82056,7.07034,10.8365,9.15143,4.03965,20.7702,13.6544,11.251,16.0102,5.14141,7.18064,15.5316,20.7195,10.3733,13.2951,16.4499,7.87546,
mu: 0,1.03976,0,
srcDuals: 
fixing. lower bound used: 464.938
percent fixed: 39.1127
fixing. lower bound used: 441.943
fixed path dual: 4.04225
best alpha: 0.02
0:0
1:-0.027215
2:-0.0188218
3:-0.027483
4:0.0504098
5:0.0448504
6:-0.00822914
7:0.0563646
8:0.044155
9:0.0114996
10:-0.00195564
11:0.069021
12:-0.0284867
13:0.0945588
14:-0.0755535
15:0.0184976
16:0.05241
17:-0.153823
18:-0.0553128
19:-0.0019681
20:0.0242953
21:0.0534283
22:-0.0292207
23:-0.0123125
24:-0.0494931
25:-0.00438205
26:0.0907767
27:-0.0181888
28:0.0142125
29:0.0342037
30:0.0168144
31:0.0127437
32:0.0109496
33:-0.0581834
34:0.00333347
35:-0.00101527
36:0.0130409
37:-0.0779798
38:0.0128153
39:0.055621
40:-0.147259
41:0.0390344
42:-0.0512264
43:-0.00360889
44:-0.0143103
45:0
46:0.114645
47:0.37156
48:0.147129
49:-0.128325
50:-0.568408
51:-0.0752108
52:-0.181476
alpha: 2.95537
lagLB: 476.397
stepSizeMultiplier: 0.042097
targetLowerBound: 510
||gamma||^2: 0.340404
lambda: 0,4.5227,12.2159,7.90998,8.20913,9.00886,5.24257,9.7404,10.46,6.69183,9.42728,6.61824,7.75536,16.6604,9.28486,6.46717,10.2756,5.7785,13.4011,10.219,12.1927,9.19054,5.51445,8.7249,11.9492,12.8567,11.136,5.81502,8.79389,7.1358,10.8218,9.11799,3.99793,20.7786,13.5776,11.1542,15.9782,5.15072,7.14752,15.9723,20.2251,10.7375,13.2434,16.3411,7.99386,
mu: 0,0.355592,0,
srcDuals: 
lambda: 0,4.74032,12.3948,8.12883,7.97679,8.80215,5.37268,9.5728,10.3487,6.73101,9.25193,6.39231,7.79448,16.0402,9.63309,6.19756,10.1262,6.11875,13.5638,10.0437,12.1729,9.03647,5.74131,8.87383,12.2695,12.8769,10.8098,5.99104,8.82056,7.07034,10.8365,9.15143,4.03965,20.7702,13.6544,11.251,16.0102,5.14141,7.18064,15.5316,20.7195,10.3733,13.2951,16.4499,7.87546,
mu: 0,1.03976,0,
srcDuals: 
fixing. lower bound used: 440.589
percent fixed: 6.51153
fixing. lower bound used: 441.943
fixed path dual: 10.1684
best alpha: 0.02
0:0
1:-0.00667075
2:-0.0584453
3:-0.00693334
4:0.0694016
5:0.0239534
6:0.0119354
7:0.0752373
8:0.0632719
9:-0.0287304
10:0.0180835
11:0.0676406
12:-0.027917
13:0.112668
14:-0.0540424
15:0.0381276
16:0.0713618
17:-0.130746
18:-0.0342065
19:0.0180713
20:0.0438094
21:0.0123597
22:-0.00863625
23:0.00793373
24:-0.0285033
25:0.0157056
26:0.108961
27:-0.017825
28:0.0339282
29:-0.00648034
30:-0.0235219
31:0.0324888
32:-0.0292694
33:-0.0370197
34:-0.0367332
35:0.019005
36:0.0327801
37:-0.0564202
38:-0.027441
39:0.0745086
40:-0.124313
41:0.0582537
42:-0.0302019
43:0.0164633
44:0.00597593
45:0
46:-0.187648
47:0.164128
48:-0.155814
49:0.0742417
50:-0.237039
51:-0.113707
52:0.0621534
alpha: 6.4861
lagLB: 458.55
stepSizeMultiplier: 0.042097
targetLowerBound: 510
||gamma||^2: 0.155104
lambda: 0,4.65988,12.3392,8.04761,8.12577,8.9347,5.34836,9.73938,10.4792,6.76499,9.24615,6.59629,7.71029,16.3196,9.4098,6.25223,10.2811,5.66415,13.4004,10.0379,12.2447,9.19437,5.65495,8.83744,12.1233,12.864,11.0781,5.93728,8.86256,7.17142,10.8862,9.18909,4.07201,20.5983,13.6643,11.248,16.0488,4.91095,7.21851,15.696,20.2843,10.4886,13.1437,16.4392,7.83317,
mu: 0.33882,2.13785,0.434821,
srcDuals: 
lambda: 0,4.74032,12.3948,8.12883,7.97679,8.80215,5.37268,9.5728,10.3487,6.73101,9.25193,6.39231,7.79448,16.0402,9.63309,6.19756,10.1262,6.11875,13.5638,10.0437,12.1729,9.03647,5.74131,8.87383,12.2695,12.8769,10.8098,5.99104,8.82056,7.07034,10.8365,9.15143,4.03965,20.7702,13.6544,11.251,16.0102,5.14141,7.18064,15.5316,20.7195,10.3733,13.2951,16.4499,7.87546,
mu: 0,1.03976,0,
srcDuals: 
fixing. lower bound used: 425.312
percent fixed: 6.3506
fixing. lower bound used: 441.943
fixed path dual: 2.2129
best alpha: 0.01
0:0
1:-0.046604
2:-0.0478609
3:-0.046864
4:0.0787076
5:0.0337139
6:0.0218161
7:0.0844849
8:0.0326392
9:-0.0184431
10:0.0279026
11:0.0669641
12:-0.0176378
13:0.121541
14:-0.043502
15:0.0477463
16:0.0706482
17:-0.119439
18:-0.0238645
19:0.0278906
20:0.00337135
21:0.0222361
22:-0.0485499
23:0.0178544
24:-0.0182182
25:0.0255485
26:0.0978716
27:-0.0276468
28:-0.00641108
29:-0.00641553
30:-0.0132867
31:-0.0078361
32:-0.0389767
33:-0.0266495
34:-0.0263659
35:-0.021185
36:-0.00754772
37:-0.045856
38:-0.0171666
39:0.0837635
40:-0.11307
41:0.0676712
42:-0.0198998
43:0.0262987
44:0.0159162
45:0
46:-0.155771
47:0.062487
48:-0.304255
49:-0.246501
50:-0.794669
51:-0.252569
52:0.161532
alpha: 4.90095
lagLB: 468.408
stepSizeMultiplier: 0.042097
targetLowerBound: 510
||gamma||^2: 0.205271
lambda: 0,4.69705,12.0158,8.08386,8.42694,8.95751,5.45009,10.0608,10.7591,6.54466,9.36922,6.83103,7.61341,16.7709,9.28256,6.44486,10.5891,5.27072,13.342,10.1609,12.4571,9.11664,5.68529,8.92529,12.0847,12.9788,11.5165,5.87542,9.04062,7.02831,10.6839,9.36216,3.8498,20.5301,13.4162,11.3743,16.2228,4.77546,7.00265,16.0149,19.9131,10.7511,13.0992,16.5567,7.91422,
mu: 0,2.10431,0,
srcDuals: 
lambda: 0,4.74032,12.3948,8.12883,7.97679,8.80215,5.37268,9.5728,10.3487,6.73101,9.25193,6.39231,7.79448,16.0402,9.63309,6.19756,10.1262,6.11875,13.5638,10.0437,12.1729,9.03647,5.74131,8.87383,12.2695,12.8769,10.8098,5.99104,8.82056,7.07034,10.8365,9.15143,4.03965,20.7702,13.6544,11.251,16.0102,5.14141,7.18064,15.5316,20.7195,10.3733,13.2951,16.4499,7.87546,
mu: 0,1.03976,0,
srcDuals: 
fixing. lower bound used: 452.942
percent fixed: 9.3693
fixing. lower bound used: 441.943
fixed path dual: 5.51937
best alpha: 0.03
0:0
1:-0.0152059
2:-0.0164251
3:-0.0154581
4:0.0163463
5:0.0327025
6:-0.00883839
7:0.11195
8:0.06166
9:0.0121102
10:0.0270656
11:0.0649552
12:-0.0471087
13:0.117895
14:-0.132197
15:0.0763139
16:0.0685288
17:-0.145856
18:-0.173149
19:0.0570538
20:0.0332702
21:0.021569
22:-0.0170934
23:0.0473188
24:0.0123283
25:-0.0652179
26:0.124935
27:0.00318263
28:0.0237813
29:-0.00622307
30:-0.0128881
31:0.022399
32:-0.00780738
33:0.00414997
34:-0.0255749
35:0.00945054
36:0.0226787
37:-0.0144803
38:0.0133484
39:0.111251
40:-0.0796782
41:0.065641
42:0.0106972
43:0.0555097
44:0.0454387
45:0
46:-0.391098
47:-0.209388
48:-0.145128
49:0.000894339
50:-0.350829
51:-0.124992
52:-0.0833141
alpha: 4.40436
lagLB: 481.177
stepSizeMultiplier: 0.042097
targetLowerBound: 510
||gamma||^2: 0.228415
lambda: 0,4.51191,12.1603,7.89916,8.36254,8.96738,5.4796,9.98686,10.5086,6.64062,9.38868,6.72049,7.70804,16.6358,9.41989,6.43156,10.4725,5.53339,13.4469,10.1804,12.1895,9.14545,5.50337,8.96134,12.1803,13.0021,11.2894,5.85554,8.78914,7.0389,10.7714,9.11303,3.84863,20.6396,13.5252,11.1472,15.9732,4.91667,7.0965,15.9421,20.1653,10.7049,13.1976,16.5788,7.95346,
mu: 0,1.346,0,
srcDuals: 
lambda: 0,4.74032,12.3948,8.12883,7.97679,8.80215,5.37268,9.5728,10.3487,6.73101,9.25193,6.39231,7.79448,16.0402,9.63309,6.19756,10.1262,6.11875,13.5638,10.0437,12.1729,9.03647,5.74131,8.87383,12.2695,12.8769,10.8098,5.99104,8.82056,7.07034,10.8365,9.15143,4.03965,20.7702,13.6544,11.251,16.0102,5.14141,7.18064,15.5316,20.7195,10.3733,13.2951,16.4499,7.87546,
mu: 0,1.03976,0,
srcDuals: 
fixing. lower bound used: 444.641
percent fixed: 9.38503
fixing. lower bound used: 441.943
fixed path dual: 6.47718
STATS - lpIterations[5] lagIterations[247] sspIterations[1235] numSeparations[315] numCuts[7] compileTime[6] sspSolveTime[289] lpSolveTime[0] lb[488.201] ub[510] numArcs: [448005] numFixed: [28898] time: [1879]
STATS1 - lpIterations[5] lagIterations[247] sspIterations[1235] numSeparations[315] numCuts[7] compileTime[6] sspSolveTime[289] lpSolveTime[0] repairTime[141] cutsTime[33] lb[488.201] ub[510] numArcs: [448005] numFixed: [28898] time: [1879]
lambda: 0,4.67334,12.3225,8.06075,8.04879,8.94618,5.33375,10.0659,10.6203,6.78434,9.37113,6.67839,7.587,16.5594,9.05085,6.53367,10.4281,5.47635,12.8012,10.295,12.3195,9.13147,5.66602,9.08224,12.3238,12.5897,11.36,6.00505,8.9253,7.04293,10.7797,9.25008,4.00526,20.7885,13.5418,11.2927,16.1101,5.07763,7.23943,16.0216,20.3685,10.6624,13.3422,16.6944,8.07559,
mu: 0,0.117538,0,
srcDuals: 
best alpha: 0.01
0:0
1:-0.00505386
2:-0.00626081
3:-0.0053035
4:0.0261829
5:0.0123755
6:0.00124999
7:0.120831
8:0.0710434
9:0.00198908
10:-0.00320509
11:0.0743057
12:-0.0466376
13:0.0967157
14:-0.120875
15:0.0855508
16:0.0778435
17:-0.164397
18:-0.191417
19:0.0364833
20:0.0429375
21:0.0313533
22:-0.00692246
23:0.0568456
24:0.022205
25:-0.0545657
26:0.133686
27:0.0131508
28:0.0335434
29:0.00383916
30:-0.0227592
31:0.032175
32:0.00227069
33:-0.0158915
34:-0.0153191
35:0.019356
36:0.0324519
37:-0.0243355
38:0.00321491
39:0.0801381
40:-0.0888814
41:0.0449846
42:-0.00940981
43:0.0649546
44:0.0349843
45:0
46:-0.347187
47:-0.0372937
48:0.0363235
49:0.0808854
50:-0.207321
51:-0.0437425
52:-0.122481
alpha: 4.71561
lagLB: 488.201
stepSizeMultiplier: 0.042097
targetLowerBound: 510
||gamma||^2: 0.194599
lambda: 0,4.67334,12.3225,8.06075,8.04879,8.94618,5.33375,10.0659,10.6203,6.78434,9.37113,6.67839,7.587,16.5594,9.05085,6.53367,10.4281,5.47635,12.8012,10.295,12.3195,9.13147,5.66602,9.08224,12.3238,12.5897,11.36,6.00505,8.9253,7.04293,10.7797,9.25008,4.00526,20.7885,13.5418,11.2927,16.1101,5.07763,7.23943,16.0216,20.3685,10.6624,13.3422,16.6944,8.07559,
mu: 0,0.117538,0,
srcDuals: 
lambda: 0,4.67334,12.3225,8.06075,8.04879,8.94618,5.33375,10.0659,10.6203,6.78434,9.37113,6.67839,7.587,16.5594,9.05085,6.53367,10.4281,5.47635,12.8012,10.295,12.3195,9.13147,5.66602,9.08224,12.3238,12.5897,11.36,6.00505,8.9253,7.04293,10.7797,9.25008,4.00526,20.7885,13.5418,11.2927,16.1101,5.07763,7.23943,16.0216,20.3685,10.6624,13.3422,16.6944,8.07559,
mu: 0,0.117538,0,
srcDuals: 
fixing. lower bound used: 474.291
percent fixed: 51.6415
fixing. lower bound used: 441.943
fixed path dual: 3.67837
best alpha: 0.01
0:0
1:-0.0350033
2:0.00380179
3:-0.0452505
4:0.035921
5:0.0222517
6:0.0112375
7:0.129623
8:0.020333
9:0.0119692
10:0.00682696
11:0.0735626
12:-0.0361712
13:0.105749
14:-0.109666
15:0.0946953
16:0.0770651
17:-0.152753
18:-0.179503
19:0.0461185
20:0.0225081
21:0.0410398
22:-0.0268532
23:0.0662771
24:0.031983
25:-0.0440201
26:0.0923492
27:-0.00698071
28:-0.016792
29:0.00380077
30:-0.0125316
31:-0.0181468
32:-0.00775201
33:-0.00573262
34:-0.00516595
35:-0.0108375
36:0.0021274
37:-0.0140922
38:0.0131828
39:0.0893367
40:-0.0779926
41:0.0545348
42:0.000684286
43:0.0743051
44:0.0446345
45:0
46:-0.303715
47:-0.136921
48:-0.11404
49:-0.219923
50:-0.685248
51:-0.163305
52:-0.0212562
alpha: 3.87153
lagLB: 481.921
stepSizeMultiplier: 0.042097
targetLowerBound: 510
||gamma||^2: 0.237026
lambda: 0,4.64951,12.293,8.03574,8.17226,9.00454,5.33965,10.6357,10.9553,6.79372,9.35602,7.02879,7.36707,17.0155,8.48085,6.9371,10.7951,4.70112,11.8986,10.467,12.5219,9.27932,5.63338,9.3503,12.4286,12.3324,11.9905,6.06707,9.08348,7.06103,10.6724,9.40181,4.01597,20.7135,13.4696,11.3839,16.2631,4.96287,7.25459,16.3995,19.9494,10.8745,13.2978,17.0007,8.24056,
mu: 0,0,0.171288,
srcDuals: 
lambda: 0,4.67334,12.3225,8.06075,8.04879,8.94618,5.33375,10.0659,10.6203,6.78434,9.37113,6.67839,7.587,16.5594,9.05085,6.53367,10.4281,5.47635,12.8012,10.295,12.3195,9.13147,5.66602,9.08224,12.3238,12.5897,11.36,6.00505,8.9253,7.04293,10.7797,9.25008,4.00526,20.7885,13.5418,11.2927,16.1101,5.07763,7.23943,16.0216,20.3685,10.6624,13.3422,16.6944,8.07559,
mu: 0,0.117538,0,
srcDuals: 
fixing. lower bound used: 475.405
percent fixed: 50.1495
fixing. lower bound used: 441.943
fixed path dual: 6.55008
best alpha: 0.02
0:0
1:-0.0143033
2:0.0237258
3:-0.0243455
4:0.0152026
5:-0.0181933
6:0.0310127
7:0.14703
8:0.0399263
9:-0.00827019
10:-0.0733096
11:0.0720914
12:-0.0154478
13:0.0636336
14:-0.0874729
15:0.0928014
16:0.0955238
17:-0.169698
18:-0.175913
19:0.0051961
20:0.042058
21:0.060219
22:-0.00631617
23:0.0849516
24:0.0513433
25:-0.0231397
26:0.110502
27:0.0131589
28:0.00354385
29:0.0237248
30:-0.032281
31:0.00221618
32:0.012403
33:-0.085618
34:-0.00506263
35:0.00937922
36:0.0220849
37:-0.0338103
38:-0.00708089
39:-0.01245
40:-0.116433
41:0.0134441
42:0.0006706
43:0.092819
44:0.0437418
45:0
46:-0.137641
47:0.265818
48:0.308241
49:-0.055525
50:-0.391543
51:-3.89468e-05
52:-0.100831
alpha: 2.55994
lagLB: 481.518
stepSizeMultiplier: 0.042097
targetLowerBound: 510
||gamma||^2: 0.358467
lambda: 0,4.53783,12.3372,7.88556,8.18786,9.03233,5.37726,10.5677,10.699,6.83068,9.39757,6.96319,7.44696,16.9688,8.62627,6.90029,10.7264,4.88496,12.1063,10.4735,12.4066,9.29035,5.56206,9.33884,12.4477,12.4193,11.7176,5.97803,8.86029,7.05764,10.7312,9.17983,3.97525,20.7663,13.5218,11.2507,16.1184,5.02307,7.29047,16.3674,20.0666,10.8735,13.3449,16.9821,8.24839,
mu: 0,0,0,
srcDuals: 
lambda: 0,4.67334,12.3225,8.06075,8.04879,8.94618,5.33375,10.0659,10.6203,6.78434,9.37113,6.67839,7.587,16.5594,9.05085,6.53367,10.4281,5.47635,12.8012,10.295,12.3195,9.13147,5.66602,9.08224,12.3238,12.5897,11.36,6.00505,8.9253,7.04293,10.7797,9.25008,4.00526,20.7885,13.5418,11.2927,16.1101,5.07763,7.23943,16.0216,20.3685,10.6624,13.3422,16.6944,8.07559,
mu: 0,0.117538,0,
srcDuals: 
fixing. lower bound used: 467.16
percent fixed: 43.5699
fixing. lower bound used: 441.943
fixed path dual: 8.00368
best alpha: 0.02
0:0
1:-0.0140172
2:0.0432512
3:-0.00385855
4:0.0348986
5:-0.0378295
6:0.0103925
7:0.0840895
8:0.0191278
9:-0.0281048
10:-0.0518434
11:0.0506495
12:-0.0151388
13:0.0823609
14:-0.0657235
15:0.110945
16:0.0736133
17:-0.146304
18:-0.152395
19:0.0250922
20:0.0612168
21:0.0390146
22:0.0138102
23:0.0432525
24:0.0303165
25:-0.00267689
26:0.0882922
27:0.0128957
28:0.023473
29:0.0432503
30:-0.0516354
31:0.0221719
32:0.032155
33:-0.0639056
34:-0.0249614
35:0.0291916
36:0.0416432
37:-0.0131341
38:-0.0669393
39:0.00779898
40:-0.0941041
41:0.0331752
42:0.0206572
43:0.0509626
44:0.0628669
45:0
46:-0.214888
47:0.0605013
48:0.00207628
49:0.0255855
50:-0.183712
51:0.0799618
52:0.141186
alpha: 5.24205
lagLB: 475.308
stepSizeMultiplier: 0.042097
targetLowerBound: 510
||gamma||^2: 0.175056
lambda: 0,4.63673,12.3832,7.99843,8.08771,8.89961,5.41314,10.4423,10.7225,6.76317,9.18347,6.86294,7.54745,16.7223,8.82692,6.77124,10.6726,5.04193,12.3509,10.3083,12.4271,9.28563,5.64985,9.29971,12.4553,12.5305,11.6429,6.03874,8.93437,7.10366,10.6971,9.25576,4.03701,20.5693,13.5288,11.3167,16.1667,4.99108,7.2213,15.9897,20.0705,10.6968,13.3439,16.932,8.18757,
mu: 0,0.798017,0.78908,
srcDuals: 
lambda: 0,4.67334,12.3225,8.06075,8.04879,8.94618,5.33375,10.0659,10.6203,6.78434,9.37113,6.67839,7.587,16.5594,9.05085,6.53367,10.4281,5.47635,12.8012,10.295,12.3195,9.13147,5.66602,9.08224,12.3238,12.5897,11.36,6.00505,8.9253,7.04293,10.7797,9.25008,4.00526,20.7885,13.5418,11.2927,16.1101,5.07763,7.23943,16.0216,20.3685,10.6624,13.3422,16.6944,8.07559,
mu: 0,0.117538,0,
srcDuals: 
fixing. lower bound used: 461.335
percent fixed: 28.9721
fixing. lower bound used: 441.943
fixed path dual: 1.07157
best alpha: 0.01
0:0
1:-0.053877
2:0.0528187
3:-0.04382
4:0.0445496
5:-0.0274512
6:0.0202886
7:0.0932486
8:0.0189365
9:-0.0178237
10:-0.041325
11:0.020143
12:-0.00498744
13:0.0915373
14:-0.0550662
15:0.119836
16:0.0328771
17:-0.134841
18:-0.140871
19:0.0348413
20:0.0206046
21:0.0386245
22:-0.0163279
23:0.05282
24:0.0400133
25:0.00734988
26:0.0874093
27:0.0127668
28:-0.00676176
29:0.00281776
30:-0.041119
31:0.0119501
32:0.0218334
33:-0.0532666
34:-0.0147118
35:-0.0111003
36:0.00122673
37:-0.00300279
38:-0.0562699
39:0.017721
40:-0.0831631
41:0.0428435
42:0.0304506
43:0.0604529
44:0.0722383
45:0
46:-0.152739
47:-0.0401037
48:-0.147944
49:-0.19467
50:-0.641875
51:-0.140838
52:0.239774
alpha: 4.03582
lagLB: 484.476
stepSizeMultiplier: 0.042097
targetLowerBound: 510
||gamma||^2: 0.227377
lambda: 0,4.59986,12.5492,8.04052,8.23173,8.74788,5.38823,10.5067,10.7205,6.63702,9.09937,6.9439,7.50764,16.9912,8.70632,7.11525,10.814,4.70942,12.0024,10.4265,12.6404,9.33598,5.73842,9.30897,12.4828,12.5757,11.8229,6.07265,9.04835,7.26965,10.5091,9.36631,4.17382,20.4535,13.411,11.4457,16.3284,5.00878,6.88853,16.0625,19.8752,10.8363,13.4505,16.9615,8.40514,
mu: 0,0.434689,0.010884,
srcDuals: 
lambda: 0,4.67334,12.3225,8.06075,8.04879,8.94618,5.33375,10.0659,10.6203,6.78434,9.37113,6.67839,7.587,16.5594,9.05085,6.53367,10.4281,5.47635,12.8012,10.295,12.3195,9.13147,5.66602,9.08224,12.3238,12.5897,11.36,6.00505,8.9253,7.04293,10.7797,9.25008,4.00526,20.7885,13.5418,11.2927,16.1101,5.07763,7.23943,16.0216,20.3685,10.6624,13.3422,16.6944,8.07559,
mu: 0,0.117538,0,
srcDuals: 
fixing. lower bound used: 462.006
percent fixed: 19.8459
fixing. lower bound used: 441.943
fixed path dual: -0.630854
best alpha: 0.01
0:0
1:-0.0433382
2:0.0622905
3:-0.0333818
4:0.0241041
5:-0.0271767
6:0.0300857
7:0.102316
8:0.0287472
9:-0.0076455
10:-0.0709117
11:0.0299416
12:-0.00493756
13:0.100622
14:-0.0445156
15:0.0286375
16:0.0425484
17:-0.183493
18:-0.129462
19:0.0344928
20:0.0303986
21:0.0482382
22:-0.00616467
23:0.0622918
24:0.0496132
25:0.0172764
26:0.0965352
27:0.0226391
28:0.00330586
29:0.0127896
30:-0.0307078
31:0.0218306
32:0.0316151
33:-0.122734
34:-0.00456465
35:-0.000989278
36:0.0112145
37:-0.0829728
38:-0.0457072
39:-0.0224562
40:-0.0723314
41:0.052415
42:0.0201461
43:0.0698484
44:-0.0184841
45:0
46:0.0387883
47:0.360297
48:0.253535
49:-0.112724
50:-0.495456
51:-0.0594294
52:-0.242624
alpha: 2.53698
lagLB: 464.519
stepSizeMultiplier: 0.042097
targetLowerBound: 510
||gamma||^2: 0.361711
lambda: 0,4.4559,12.5357,7.8839,8.22858,8.83539,5.41563,10.4422,10.6967,6.71241,9.20435,6.75969,7.56687,16.9288,8.82861,7.01731,10.5608,4.93216,12.2327,10.4356,12.4026,9.28735,5.60013,9.29541,12.4853,12.6194,11.7128,6.05658,8.89801,7.0543,10.6138,9.29831,4.09338,20.5735,13.4824,11.2479,16.1151,5.06551,7.01233,16.0931,20.0329,10.8353,13.4651,16.9384,8.36713,
mu: 0,0,0,
srcDuals: 
lambda: 0,4.67334,12.3225,8.06075,8.04879,8.94618,5.33375,10.0659,10.6203,6.78434,9.37113,6.67839,7.587,16.5594,9.05085,6.53367,10.4281,5.47635,12.8012,10.295,12.3195,9.13147,5.66602,9.08224,12.3238,12.5897,11.36,6.00505,8.9253,7.04293,10.7797,9.25008,4.00526,20.7885,13.5418,11.2927,16.1101,5.07763,7.23943,16.0216,20.3685,10.6624,13.3422,16.6944,8.07559,
mu: 0,0.117538,0,
srcDuals: 
fixing. lower bound used: 453.03
percent fixed: 19.946
fixing. lower bound used: 441.943
fixed path dual: 9.13149
best alpha: 0.02
0:0
1:-0.0224715
2:0.0210447
3:-0.0127141
4:0.043622
5:-0.0466331
6:0.029484
7:0.10027
8:0.0281722
9:-0.0474926
10:-0.0494935
11:0.0293428
12:-0.00483881
13:0.11861
14:-0.0236252
15:0.0480648
16:0.0616974
17:-0.159823
18:-0.106873
19:0.053803
20:0.0497906
21:0.00727347
22:0.0139586
23:0.041046
24:0.0486209
25:0.0369309
26:0.0946045
27:0.00218632
28:0.0232397
29:-0.0274662
30:-0.0700937
31:0.041394
32:-0.00901722
33:-0.100279
34:-0.0444734
35:0.0190305
36:0.0309902
37:-0.0613133
38:-0.084793
39:-0.0020071
40:-0.0508848
41:0.0713667
42:0.0397432
43:0.0684514
44:0.00188556
45:0
46:-0.121987
47:0.153091
48:-0.0515357
49:0.00953083
50:-0.245547
51:-0.138241
52:0.00222845
alpha: 5.39855
lagLB: 474.202
stepSizeMultiplier: 0.042097
targetLowerBound: 510
||gamma||^2: 0.169982
lambda: 0,4.56339,12.4805,7.97606,8.10994,8.87723,5.41008,10.3254,10.6932,6.76495,9.19123,6.75435,7.57447,16.8147,8.93791,6.60632,10.536,5.01083,12.4728,10.3825,12.3966,9.25385,5.65038,9.24027,12.4497,12.6335,11.605,6.06249,8.93369,7.07538,10.7018,9.30547,4.08547,20.4771,13.5302,11.2901,16.1386,4.86713,7.12347,15.9646,20.185,10.7953,13.3933,16.8716,8.02869,
mu: 0.0984053,1.03161,0.643214,
srcDuals: 
lambda: 0,4.67334,12.3225,8.06075,8.04879,8.94618,5.33375,10.0659,10.6203,6.78434,9.37113,6.67839,7.587,16.5594,9.05085,6.53367,10.4281,5.47635,12.8012,10.295,12.3195,9.13147,5.66602,9.08224,12.3238,12.5897,11.36,6.00505,8.9253,7.04293,10.7797,9.25008,4.00526,20.7885,13.5418,11.2927,16.1101,5.07763,7.23943,16.0216,20.3685,10.6624,13.3422,16.6944,8.07559,
mu: 0,0.117538,0,
srcDuals: 
fixing. lower bound used: 421.13
percent fixed: 6.33878
fixing. lower bound used: 441.943
fixed path dual: 6.65513
best alpha: 0.01
0:0
1:-0.0322468
2:0.0308343
3:-0.012587
4:0.0531858
5:-0.0361668
6:0.0191891
7:0.0492671
8:-0.0121095
9:-0.0370177
10:-0.0389985
11:0.0390493
12:0.00520958
13:0.127423
14:-0.033389
15:0.0575841
16:0.0710804
17:-0.148225
18:-0.0958039
19:0.063265
20:0.0492927
21:0.0172007
22:0.013819
23:0.0206355
24:0.0181347
25:0.0365615
26:0.0436584
27:-0.0378355
28:0.0130073
29:-0.0171915
30:-0.0593927
31:0.0309801
32:-0.00892705
33:-0.0892764
34:-0.0340286
35:0.0188402
36:0.0306803
37:-0.0507002
38:-0.0739451
39:0.00801298
40:-0.040376
41:0.0806531
42:0.0493458
43:0.0277669
44:0.0118667
45:0
46:-0.100768
47:0.0515605
48:-0.19102
49:-0.0905645
50:-0.343091
51:-0.0968584
52:0.0822062
alpha: 6.77001
lagLB: 483.075
stepSizeMultiplier: 0.042097
targetLowerBound: 510
||gamma||^2: 0.135547
lambda: 0,4.55203,12.4361,7.99211,8.28428,8.69443,5.49292,10.6072,10.7723,6.52795,9.10394,6.8368,7.56087,17.1997,8.9233,6.79315,10.7611,4.61354,12.2243,10.5854,12.5883,9.17073,5.74138,9.30383,12.5863,12.7891,11.8708,6.01686,9.05076,6.89465,10.4013,9.47355,3.95658,20.2471,13.3017,11.3954,16.2774,4.74663,6.78167,16.0107,20.0938,11.0476,13.5568,17.0639,8.08577,
mu: 0,0.944009,0,
srcDuals: 
lambda: 0,4.67334,12.3225,8.06075,8.04879,8.94618,5.33375,10.0659,10.6203,6.78434,9.37113,6.67839,7.587,16.5594,9.05085,6.53367,10.4281,5.47635,12.8012,10.295,12.3195,9.13147,5.66602,9.08224,12.3238,12.5897,11.36,6.00505,8.9253,7.04293,10.7797,9.25008,4.00526,20.7885,13.5418,11.2927,16.1101,5.07763,7.23943,16.0216,20.3685,10.6624,13.3422,16.6944,8.07559,
mu: 0,0.117538,0,
srcDuals: 
fixing. lower bound used: 478.69
percent fixed: 58.2522
fixing. lower bound used: 441.943
fixed path dual: 5.77177
best alpha: 0.01
0:0
1:-0.0219243
2:0.0405259
3:-0.00246112
4:0.0226539
5:-0.0258051
6:0.0289972
7:0.0587744
8:-0.00198841
9:-0.0266475
10:-0.0286086
11:0.0486589
12:0.00515748
13:0.0761492
14:-0.0430551
15:0.0670083
16:0.0803696
17:-0.166742
18:-0.0948459
19:0.0126323
20:0.0587998
21:0.0270287
22:0.0236808
23:0.0304292
24:0.0279533
25:0.0261959
26:0.0532218
27:-0.0274572
28:0.0228773
29:-0.00701963
30:-0.0487988
31:0.0406703
32:0.00116222
33:-0.0783837
34:-0.0236883
35:0.0286518
36:0.0403735
37:-0.0501932
38:-0.0632057
39:0.0179328
40:-0.0899722
41:0.0298465
42:0.0188523
43:0.0374893
44:-0.018252
45:0
46:-0.0497599
47:0.261045
48:0.0708898
49:-0.00965883
50:-0.19966
51:-0.0158898
52:-0.0186159
alpha: 5.021
lagLB: 483.525
stepSizeMultiplier: 0.042097
targetLowerBound: 510
||gamma||^2: 0.182763
lambda: 0,4.45503,12.5313,7.97554,8.40886,8.70133,5.46366,10.3994,10.5383,6.53373,9.10711,6.94276,7.62226,17.4221,8.8248,6.92352,10.9093,4.47287,12.1526,10.7233,12.6532,9.24792,5.75958,9.22194,12.4466,12.8372,11.6556,5.74891,9.01336,6.92654,10.3776,9.45982,3.94483,20.1841,13.3114,11.4202,16.3178,4.73439,6.73882,16.0758,20.0952,11.2084,13.6763,16.8824,8.15593,
mu: 0,0.466603,0,
srcDuals: 
lambda: 0,4.67334,12.3225,8.06075,8.04879,8.94618,5.33375,10.0659,10.6203,6.78434,9.37113,6.67839,7.587,16.5594,9.05085,6.53367,10.4281,5.47635,12.8012,10.295,12.3195,9.13147,5.66602,9.08224,12.3238,12.5897,11.36,6.00505,8.9253,7.04293,10.7797,9.25008,4.00526,20.7885,13.5418,11.2927,16.1101,5.07763,7.23943,16.0216,20.3685,10.6624,13.3422,16.6944,8.07559,
mu: 0,0.117538,0,
srcDuals: 
fixing. lower bound used: 476.052
percent fixed: 53.9332
fixing. lower bound used: 441.943
fixed path dual: 7.57281
best alpha: 0.01
0:0
1:-0.0517051
2:0.0501207
3:-0.0324365
4:0.0324274
5:-0.0155471
6:0.0387073
7:0.0681867
8:0.00803147
9:-0.016381
10:-0.0183225
11:0.0181723
12:0.00510591
13:0.0853877
14:-0.0326246
15:0.0763382
16:0.0495659
17:-0.155075
18:-0.0838974
19:0.022506
20:0.0282118
21:0.0167584
22:-0.00655596
23:0.0401249
24:0.0376738
25:0.035934
26:0.0626896
27:-0.0371826
28:0.0126485
29:-0.0369494
30:-0.0383108
31:0.0402636
32:0.0011506
33:-0.0675998
34:-0.0134515
35:-0.00163472
36:0.00996973
37:-0.0396912
38:-0.0525736
39:0.0277535
40:-0.0790725
41:0.0395481
42:0.0286638
43:0.0471144
44:-0.00806944
45:0
46:-0.0792623
47:0.158434
48:-0.0798191
49:-0.149562
50:-0.517664
51:-0.175731
52:0.10157
alpha: 5.84578
lagLB: 474.898
stepSizeMultiplier: 0.042097
targetLowerBound: 510
||gamma||^2: 0.156977
lambda: 0,4.56326,12.526,8.04839,8.16253,8.81661,5.47935,10.361,10.6103,6.65055,9.22749,6.92271,7.61289,16.9418,8.83467,6.87012,10.8316,4.63914,12.325,10.3584,12.6147,9.26718,5.78492,9.23503,12.4642,12.7212,11.6273,5.86719,9.04017,7.00768,10.5347,9.45429,4.0111,20.3949,13.4229,11.4365,16.3128,4.82561,6.92207,16.1116,19.9168,10.8122,13.4369,16.8826,7.98395,
mu: 0,1.42824,0.355938,
srcDuals: 
lambda: 0,4.67334,12.3225,8.06075,8.04879,8.94618,5.33375,10.0659,10.6203,6.78434,9.37113,6.67839,7.587,16.5594,9.05085,6.53367,10.4281,5.47635,12.8012,10.295,12.3195,9.13147,5.66602,9.08224,12.3238,12.5897,11.36,6.00505,8.9253,7.04293,10.7797,9.25008,4.00526,20.7885,13.5418,11.2927,16.1101,5.07763,7.23943,16.0216,20.3685,10.6624,13.3422,16.6944,8.07559,
mu: 0,0.117538,0,
srcDuals: 
fixing. lower bound used: 457.596
percent fixed: 22.5269
fixing. lower bound used: 441.943
fixed path dual: 7.70186
best alpha: 0.03
0:0
1:-0.0201539
2:0.0786171
3:-0.00146341
4:0.0614546
5:-0.0450807
6:0.00754604
7:0.0061411
8:-0.0522095
9:0.0141104
10:-0.0477728
11:-0.0123729
12:0.0349527
13:0.112826
14:-0.0916458
15:0.104048
16:0.018079
17:-0.120423
18:-0.0513805
19:0.0518308
20:0.0573654
21:-0.0137443
22:0.0236407
23:0.0389211
24:-0.0234564
25:-0.0251441
26:0.00080893
27:-0.0960671
28:0.042269
29:-0.00584095
30:-0.0671615
31:0.0690557
32:0.0311161
33:-0.0955718
34:-0.0430479
35:0.0284143
36:0.0396706
37:-0.0085005
38:-0.0209964
39:-0.00307909
40:-0.0467003
41:0.0683616
42:0.0578039
43:-0.0142991
44:0.0221726
45:0
46:-0.0468844
47:-0.0263186
48:-0.257425
49:-0.0850754
50:-0.262134
51:-0.050459
52:0.0985232
alpha: 6.47889
lagLB: 487.841
stepSizeMultiplier: 0.042097
targetLowerBound: 510
||gamma||^2: 0.141638
lambda: 0,4.37109,12.6155,7.87113,8.23835,8.8553,5.56002,10.4645,10.6672,6.68859,9.26403,6.78462,7.61684,17.0586,8.86013,6.97993,10.7178,4.56982,12.3108,10.4265,12.4844,9.22943,5.6277,9.3168,12.5441,12.7998,11.7265,5.78769,8.99924,6.82693,10.5558,9.48546,4.01199,20.3933,13.4632,11.2831,16.1684,4.8456,6.93209,16.1838,19.9063,10.8936,13.5098,16.9698,8.02842,
mu: 0,1.04371,0,
srcDuals: 
lambda: 0,4.67334,12.3225,8.06075,8.04879,8.94618,5.33375,10.0659,10.6203,6.78434,9.37113,6.67839,7.587,16.5594,9.05085,6.53367,10.4281,5.47635,12.8012,10.295,12.3195,9.13147,5.66602,9.08224,12.3238,12.5897,11.36,6.00505,8.9253,7.04293,10.7797,9.25008,4.00526,20.7885,13.5418,11.2927,16.1101,5.07763,7.23943,16.0216,20.3685,10.6624,13.3422,16.6944,8.07559,
mu: 0,0.117538,0,
srcDuals: 
fixing. lower bound used: 475.587
percent fixed: 51.9295
fixing. lower bound used: 441.943
fixed path dual: 1.77446
best alpha: 0.01
0:0
1:-0.00995237
2:0.0878309
3:0.00855122
4:0.04084
5:-0.0346299
6:0.0174706
7:0.0160797
8:-0.0416874
9:0.0239693
10:-0.0372951
11:-0.00224917
12:0.0246032
13:0.0716978
14:-0.0807294
15:0.0830076
16:0.0278982
17:-0.129218
18:-0.0608667
19:0.0113125
20:0.0667918
21:-0.00360687
22:0.0334043
23:0.0485319
24:-0.0132218
25:-0.0148926
26:0.0108008
27:-0.0851065
28:0.0518464
29:0.00421746
30:-0.0564899
31:0.0783651
32:0.0408049
33:-0.0846161
34:-0.0326174
35:0.0381302
36:0.0492739
37:-0.0484155
38:-0.0107864
39:0.0069517
40:-0.0662333
41:0.017678
42:0.0172258
43:-0.00415607
44:-0.0180491
45:0
46:0.00358442
47:0.213945
48:0.00514974
49:-0.00422462
50:-0.119512
51:0.0300456
52:-0.0624621
alpha: 6.05401
lagLB: 469.38
stepSizeMultiplier: 0.042097
targetLowerBound: 510
||gamma||^2: 0.151578
lambda: 0,4.54277,12.8319,8.05127,8.44695,8.65411,5.38264,10.1057,10.282,6.87576,9.06162,6.59823,7.81345,17.2904,8.45708,7.20779,10.5452,4.69614,12.4683,10.6308,12.6911,9.04242,5.81919,9.33441,12.1719,12.4268,11.3653,5.38264,9.19916,7.00509,10.3446,9.69749,4.20686,20.1693,13.2629,11.4767,16.3671,5.02256,7.1034,16.0016,20.066,11.1053,13.7167,16.6018,8.21924,
mu: 0,0,0,
srcDuals: 
lambda: 0,4.67334,12.3225,8.06075,8.04879,8.94618,5.33375,10.0659,10.6203,6.78434,9.37113,6.67839,7.587,16.5594,9.05085,6.53367,10.4281,5.47635,12.8012,10.295,12.3195,9.13147,5.66602,9.08224,12.3238,12.5897,11.36,6.00505,8.9253,7.04293,10.7797,9.25008,4.00526,20.7885,13.5418,11.2927,16.1101,5.07763,7.23943,16.0216,20.3685,10.6624,13.3422,16.6944,8.07559,
mu: 0,0.117538,0,
srcDuals: 
fixing. lower bound used: 477.845
percent fixed: 56.8581
fixing. lower bound used: 441.943
fixed path dual: 5.98721
best alpha: 0.01
0:0
1:-0.0498528
2:0.0869526
3:-0.0315343
4:0.0504316
5:-0.0242836
6:0.0272959
7:0.0259189
8:-0.0412705
9:0.0337296
10:-0.0269221
11:-0.0222267
12:0.0343572
13:0.0809808
14:-0.0699221
15:0.0921775
16:0.00761919
17:-0.117926
18:-0.050258
19:0.0211994
20:0.0261239
21:-0.0035708
22:-0.00692973
23:0.0580466
24:-0.00308962
25:-0.00474369
26:0.0106928
27:-0.0842554
28:0.0213279
29:-0.0158247
30:-0.045925
31:0.0675815
32:0.0103969
33:-0.0737699
34:-0.0222913
35:-0.00225112
36:0.00878119
37:-0.0379313
38:-0.000678566
39:0.0168822
40:-0.055571
41:0.0275012
42:0.0270536
43:0.00588549
44:-0.0078686
45:0
46:0.0335486
47:0.111805
48:-0.144902
49:-0.244182
50:-0.598317
51:-0.150255
52:0.0381625
alpha: 5.60614
lagLB: 474.621
stepSizeMultiplier: 0.042097
targetLowerBound: 510
||gamma||^2: 0.163687
lambda: 0,4.61309,12.8542,8.11252,8.29603,8.73653,5.43952,10.1632,10.3679,6.92946,9.14535,6.66478,7.73594,16.9935,8.56211,7.0362,10.597,4.69406,12.4327,10.3635,12.7238,9.10963,5.86825,9.37605,12.2438,12.4995,11.4254,5.48982,9.23918,7.06846,10.4377,9.72451,4.25229,20.2762,13.3443,11.5235,16.4084,4.78452,7.17413,16.0637,19.9675,10.7694,13.4465,16.6692,7.96632,
mu: 0.0217001,1.41276,0.0311766,
srcDuals: 
lambda: 0,4.67334,12.3225,8.06075,8.04879,8.94618,5.33375,10.0659,10.6203,6.78434,9.37113,6.67839,7.587,16.5594,9.05085,6.53367,10.4281,5.47635,12.8012,10.295,12.3195,9.13147,5.66602,9.08224,12.3238,12.5897,11.36,6.00505,8.9253,7.04293,10.7797,9.25008,4.00526,20.7885,13.5418,11.2927,16.1101,5.07763,7.23943,16.0216,20.3685,10.6624,13.3422,16.6944,8.07559,
mu: 0,0.117538,0,
srcDuals: 
fixing. lower bound used: 441.779
percent fixed: 7.08161
fixing. lower bound used: 441.943
fixed path dual: 9.69796
best alpha: 0.01
0:0
1:-0.0393543
2:0.0660831
3:-0.0212189
4:0.0599273
5:-0.0340407
6:0.0370229
7:0.0356597
8:-0.0308578
9:0.0133923
10:-0.0166529
11:-0.0220044
12:0.0340136
13:0.090171
14:-0.0592228
15:0.101256
16:0.017543
17:-0.106747
18:-0.0397555
19:0.0309874
20:0.0358626
21:-0.0235351
22:0.00313957
23:0.0674661
24:0.00694128
25:0.00530375
26:0.0205859
27:-0.0834128
28:0.0311146
29:-0.0356665
30:-0.0654657
31:0.0769056
32:-0.00970709
33:-0.0630322
34:-0.0420683
35:0.00777139
36:0.0186934
37:-0.027552
38:-0.0206718
39:0.0267134
40:-0.0450152
41:0.0372262
42:0.036783
43:0.0158266
44:0.00221009
45:0
46:-0.116787
47:0.0106871
48:-0.293453
49:-0.141741
50:-0.432334
51:-0.168752
52:0.157781
alpha: 6.6734
lagLB: 485.562
stepSizeMultiplier: 0.042097
targetLowerBound: 510
||gamma||^2: 0.137509
lambda: 0,4.39386,12.81,7.88397,8.33152,8.81004,5.48678,10.2112,10.3889,6.97344,9.22021,6.55379,7.77961,17.0134,8.65885,7.05043,10.4708,4.81524,12.5195,10.4138,12.4659,9.11145,5.62717,9.40766,12.3065,12.5631,11.42,5.53271,9.04487,6.95421,10.5223,9.62896,4.06355,20.3749,13.4168,11.28,16.1593,4.86498,7.23562,16.1162,20.057,10.8165,13.4939,16.7274,8.03148,
mu: 0.188078,0.744333,0,
srcDuals: 
lambda: 0,4.67334,12.3225,8.06075,8.04879,8.94618,5.33375,10.0659,10.6203,6.78434,9.37113,6.67839,7.587,16.5594,9.05085,6.53367,10.4281,5.47635,12.8012,10.295,12.3195,9.13147,5.66602,9.08224,12.3238,12.5897,11.36,6.00505,8.9253,7.04293,10.7797,9.25008,4.00526,20.7885,13.5418,11.2927,16.1101,5.07763,7.23943,16.0216,20.3685,10.6624,13.3422,16.6944,8.07559,
mu: 0,0.117538,0,
srcDuals: 
fixing. lower bound used: 462.944
percent fixed: 34.7077
fixing. lower bound used: 441.943
fixed path dual: 0.290468
best alpha: 0.01
0:0
1:-0.0289608
2:0.0754222
3:-0.0110068
4:0.029328
5:-0.0237003
6:0.0466527
7:0.0453031
8:-0.0205492
9:0.0232584
10:-0.0264864
11:-0.0117844
12:0.0136735
13:0.0792693
14:-0.0486306
15:0.0402432
16:0.0273676
17:-0.13568
18:-0.0393579
19:0.0106775
20:0.045504
21:-0.0132997
22:0.0131082
23:0.0767915
24:0.0168719
25:0.0152507
26:0.03038
27:-0.0725787
28:0.0408035
29:-0.0253098
30:-0.0548111
31:0.0861366
32:0.000389976
33:-0.0924019
34:-0.0316477
35:0.0176937
36:0.0285064
37:-0.0672765
38:-0.0104651
39:0.00644623
40:-0.0445651
41:0.0268539
42:0.0064152
43:0.0256684
44:-0.057812
45:0
46:-0.00561905
47:0.30058
48:0.0294818
49:-0.0603231
50:-0.288011
51:-0.0870648
52:-0.183797
alpha: 4.82771
lagLB: 468.573
stepSizeMultiplier: 0.042097
targetLowerBound: 510
||gamma||^2: 0.190081
lambda: 0,4.41072,12.7635,7.91915,8.44871,8.71901,5.58082,10.3038,10.4143,6.87372,9.26,6.53155,7.81398,17.1612,8.65563,7.20939,10.5451,4.76398,12.5359,10.5018,12.5588,8.97441,5.68697,9.53247,12.3702,12.6251,11.4974,5.44841,9.13294,6.80491,10.3429,9.76331,3.94048,20.3678,13.2611,11.3445,16.2349,4.89376,7.10148,16.1998,20.0681,10.9108,13.5877,16.8,8.09034,
mu: 0,0.188858,0,
srcDuals: 
lambda: 0,4.67334,12.3225,8.06075,8.04879,8.94618,5.33375,10.0659,10.6203,6.78434,9.37113,6.67839,7.587,16.5594,9.05085,6.53367,10.4281,5.47635,12.8012,10.295,12.3195,9.13147,5.66602,9.08224,12.3238,12.5897,11.36,6.00505,8.9253,7.04293,10.7797,9.25008,4.00526,20.7885,13.5418,11.2927,16.1101,5.07763,7.23943,16.0216,20.3685,10.6624,13.3422,16.6944,8.07559,
mu: 0,0.117538,0,
srcDuals: 
fixing. lower bound used: 473.735
percent fixed: 45.4725
fixing. lower bound used: 441.943
fixed path dual: 8.9428
best alpha: 0.01
0:0
1:-0.0186712
2:0.054668
3:-0.00089669
4:0.0390347
5:-0.0334633
6:0.0461862
7:0.0448501
8:-0.0303437
9:0.00302581
10:-0.0162215
11:-0.0116665
12:0.0135367
13:0.0884766
14:-0.0381443
15:0.0498408
16:0.0370939
17:-0.124323
18:-0.0289643
19:0.0205707
20:0.055049
21:-0.0331667
22:0.0229771
23:0.0760236
24:0.0167031
25:0.0250982
26:0.0300762
27:-0.0718529
28:0.0503954
29:-0.0450567
30:-0.074263
31:0.0852752
32:-0.0196139
33:-0.0814779
34:-0.0513312
35:0.0275167
36:0.0382214
37:-0.0566037
38:-0.0303604
39:0.0163818
40:-0.0341194
41:0.0365854
42:0.016351
43:0.0254117
44:-0.0472339
45:0
46:-0.0755629
47:0.197574
48:-0.120813
49:0.000280085
50:-0.165131
51:-0.126194
52:-0.0619589
alpha: 6.68728
lagLB: 478.698
stepSizeMultiplier: 0.042097
targetLowerBound: 510
||gamma||^2: 0.137224
lambda: 0,4.53353,12.6866,8.00761,8.19038,8.83176,5.55898,10.2846,10.5211,6.89663,9.24327,6.6215,7.65301,16.9421,8.81607,6.72795,10.5602,4.82133,12.6112,10.3465,12.5391,9.06726,5.72931,9.45297,12.4053,12.6633,11.5067,5.65466,9.12229,6.92074,10.5151,9.66593,4.00714,20.3424,13.389,11.3781,16.2477,4.75284,7.18891,16.0527,20.1534,10.792,13.3732,16.8183,7.79649,
mu: 0,1.56865,0.14233,
srcDuals: 
lambda: 0,4.67334,12.3225,8.06075,8.04879,8.94618,5.33375,10.0659,10.6203,6.78434,9.37113,6.67839,7.587,16.5594,9.05085,6.53367,10.4281,5.47635,12.8012,10.295,12.3195,9.13147,5.66602,9.08224,12.3238,12.5897,11.36,6.00505,8.9253,7.04293,10.7797,9.25008,4.00526,20.7885,13.5418,11.2927,16.1101,5.07763,7.23943,16.0216,20.3685,10.6624,13.3422,16.6944,8.07559,
mu: 0,0.117538,0,
srcDuals: 
fixing. lower bound used: 431.265
percent fixed: 6.35184
fixing. lower bound used: 441.943
fixed path dual: 7.29632
best alpha: 0.01
0:0
1:-0.0484845
2:0.0441213
3:-0.0308877
4:0.0486444
5:-0.0231287
6:0.0557243
7:0.0544016
8:-0.0300403
9:0.0129956
10:-0.00605929
11:-0.0115499
12:0.0134014
13:0.0975918
14:-0.0277629
15:0.0593423
16:0.0367229
17:-0.113079
18:-0.0186747
19:0.030365
20:0.0244985
21:-0.0228351
22:-0.00725268
23:0.0852633
24:0.0265361
25:0.0348472
26:0.0397755
27:-0.0711344
28:0.0198915
29:-0.0446061
30:-0.0635203
31:0.0544225
32:-0.0294178
33:-0.0706631
34:-0.0408179
35:-0.00275843
36:0.00783917
37:-0.0460377
38:-0.0200568
39:0.026218
40:-0.0237783
41:0.0462196
42:0.0261875
43:0.0351576
44:-0.0367616
45:0
46:-0.134807
47:0.0955987
48:-0.269605
49:-0.239723
50:-0.583479
51:-0.224932
52:0.0586607
alpha: 5.80526
lagLB: 479.597
stepSizeMultiplier: 0.042097
targetLowerBound: 510
||gamma||^2: 0.158073
lambda: 0,4.54848,12.6881,8.05475,8.30983,8.7224,5.64261,10.3658,10.4173,6.80458,9.26266,6.60037,7.67752,17.1511,8.79576,6.86697,10.6761,4.64497,12.6075,10.4325,12.6876,8.90967,5.81968,9.59063,12.4355,12.7575,11.5612,5.52455,9.26231,6.74162,10.2831,9.82034,3.8741,20.2436,13.1985,11.4767,16.3657,4.6991,7.0364,16.1311,20.1404,10.907,13.4516,16.8643,7.75972,
mu: 0,1.43877,0,
srcDuals: 
lambda: 0,4.67334,12.3225,8.06075,8.04879,8.94618,5.33375,10.0659,10.6203,6.78434,9.37113,6.67839,7.587,16.5594,9.05085,6.53367,10.4281,5.47635,12.8012,10.295,12.3195,9.13147,5.66602,9.08224,12.3238,12.5897,11.36,6.00505,8.9253,7.04293,10.7797,9.25008,4.00526,20.7885,13.5418,11.2927,16.1101,5.07763,7.23943,16.0216,20.3685,10.6624,13.3422,16.6944,8.07559,
mu: 0,0.117538,0,
srcDuals: 
fixing. lower bound used: 474.54
percent fixed: 50.6749
fixing. lower bound used: 441.943
fixed path dual: 8.43824
STATS - lpIterations[5] lagIterations[264] sspIterations[1320] numSeparations[341] numCuts[7] compileTime[6] sspSolveTime[314] lpSolveTime[0] lb[490.137] ub[510] numArcs: [449752] numFixed: [232200] time: [2079]
STATS1 - lpIterations[5] lagIterations[264] sspIterations[1320] numSeparations[341] numCuts[7] compileTime[6] sspSolveTime[314] lpSolveTime[0] repairTime[161] cutsTime[33] lb[490.137] ub[510] numArcs: [449752] numFixed: [232200] time: [2079]
lambda: 0,4.39188,12.5786,7.88144,8.33118,8.81191,5.65724,10.3817,10.4459,6.85979,9.33596,6.61134,7.66479,17.126,8.88968,6.87817,10.6413,4.81989,12.6928,10.4713,12.4617,8.9989,5.62392,9.57722,12.4779,12.792,11.591,5.5921,9.04078,6.78398,10.411,9.56602,3.83448,20.3783,13.3048,11.2766,16.1556,4.81037,7.12299,16.1738,20.2305,10.9307,13.4942,16.8985,7.86218,
mu: 0,0.672513,0,
srcDuals: 
best alpha: 0.03
0:0
1:-0.0170299
2:0.0727977
3:3.89083e-05
4:0.0471851
5:0.00756518
6:-0.00594743
7:-0.0372305
8:0.000860918
9:0.0426057
10:0.0241225
11:0.0187966
12:-0.0170007
13:0.00466409
14:-0.08693
15:0.0875621
16:0.0656213
17:-0.139687
18:-0.0481144
19:-0.0305459
20:0.0537635
21:0.00784998
22:0.0229649
23:0.0227054
24:-0.00425997
25:0.00380181
26:0.0685822
27:-0.0390004
28:0.0492947
29:-0.013268
30:-0.0316147
31:0.0827898
32:0.00146475
33:-0.0385432
34:-0.00959333
35:0.0273243
36:0.037604
37:-0.0146566
38:0.0105449
39:0.0554314
40:-0.0230649
41:-0.015167
42:-0.00459809
43:-0.0258972
44:-0.0056587
45:0
46:-0.160763
47:0.152731
48:-0.111517
49:0.00746897
50:-0.145975
51:0.0218158
52:0.116901
alpha: 6.88472
lagLB: 490.137
stepSizeMultiplier: 0.042097
targetLowerBound: 510
||gamma||^2: 0.121452
lambda: 0,4.39188,12.5786,7.88144,8.33118,8.81191,5.65724,10.3817,10.4459,6.85979,9.33596,6.61134,7.66479,17.126,8.88968,6.87817,10.6413,4.81989,12.6928,10.4713,12.4617,8.9989,5.62392,9.57722,12.4779,12.792,11.591,5.5921,9.04078,6.78398,10.411,9.56602,3.83448,20.3783,13.3048,11.2766,16.1556,4.81037,7.12299,16.1738,20.2305,10.9307,13.4942,16.8985,7.86218,
mu: 0,0.672513,0,
srcDuals: 
lambda: 0,4.39188,12.5786,7.88144,8.33118,8.81191,5.65724,10.3817,10.4459,6.85979,9.33596,6.61134,7.66479,17.126,8.88968,6.87817,10.6413,4.81989,12.6928,10.4713,12.4617,8.9989,5.62392,9.57722,12.4779,12.792,11.591,5.5921,9.04078,6.78398,10.411,9.56602,3.83448,20.3783,13.3048,11.2766,16.1556,4.81037,7.12299,16.1738,20.2305,10.9307,13.4942,16.8985,7.86218,
mu: 0,0.672513,0,
srcDuals: 
fixing. lower bound used: 477.957
percent fixed: 59.4544
fixing. lower bound used: 441.943
fixed path dual: 5.36601
best alpha: 0.01
0:0
1:-0.00685962
2:0.00206971
3:0.0100385
4:0.0567132
5:-0.00251047
6:0.00411204
7:-0.0268582
8:0.0108523
9:0.0321796
10:0.0238813
11:-0.0213913
12:-0.0168307
13:0.0146175
14:-0.0760607
15:0.0966865
16:-0.035035
17:-0.12829
18:-0.0376333
19:-0.0202405
20:0.0632259
21:0.00777148
22:0.0327352
23:0.0324784
24:0.00578263
25:0.0137638
26:0.0778964
27:-0.0286104
28:0.0588018
29:-0.0131353
30:-0.0312986
31:0.0919619
32:-0.0085499
33:-0.0281578
34:-0.0094974
35:0.0370511
36:0.047228
37:-0.00451001
38:-0.00956055
39:0.0648771
40:-0.0128343
41:-0.00501537
42:0.00544789
43:-0.0156382
44:0.00439788
45:0
46:-0.199155
47:0.0512034
48:-0.240402
49:0.0873943
50:-0.00451531
51:-0.198402
52:0.195732
alpha: 6.65044
lagLB: 485.42
stepSizeMultiplier: 0.042097
targetLowerBound: 510
||gamma||^2: 0.125731
lambda: 0,4.27463,13.0798,7.88171,8.65604,8.864,5.6163,10.1254,10.4518,7.15312,9.50204,6.74075,7.54775,17.1581,8.29119,7.48101,11.093,3.85819,12.3616,10.261,12.8318,9.05295,5.78203,9.73354,12.4486,12.8182,12.0631,5.32359,9.38016,6.69263,10.1933,10.136,3.84457,20.1129,13.2388,11.4648,16.4145,4.70946,7.19559,16.5554,20.0717,10.8263,13.4626,16.7202,7.82322,
mu: 0,1.72402,0,
srcDuals: 
lambda: 0,4.39188,12.5786,7.88144,8.33118,8.81191,5.65724,10.3817,10.4459,6.85979,9.33596,6.61134,7.66479,17.126,8.88968,6.87817,10.6413,4.81989,12.6928,10.4713,12.4617,8.9989,5.62392,9.57722,12.4779,12.792,11.591,5.5921,9.04078,6.78398,10.411,9.56602,3.83448,20.3783,13.3048,11.2766,16.1556,4.81037,7.12299,16.1738,20.2305,10.9307,13.4942,16.8985,7.86218,
mu: 0,0.672513,0,
srcDuals: 
fixing. lower bound used: 467.562
percent fixed: 30.4384
fixing. lower bound used: 441.943
fixed path dual: -1.88749
best alpha: 0.01
0:0
1:0.00320898
2:0.012049
3:0.0199381
4:0.0161461
5:-0.0124854
6:0.0140709
7:-0.0165896
8:0.0207438
9:0.0418578
10:0.0336425
11:-0.0111774
12:-0.0266624
13:0.0244713
14:-0.0653001
15:-0.0342804
16:-0.0246846
17:-0.187007
18:-0.037257
19:-0.0200381
20:0.0725936
21:0.0176938
22:0.0424079
23:0.0421536
24:0.0157248
25:0.0236262
26:0.0871174
27:-0.0183243
28:0.0682138
29:-0.00300392
30:-0.0209856
31:0.101042
32:0.0015356
33:-0.0178762
34:0.000597575
35:0.0466806
36:0.0567557
37:-0.114465
38:0.000535053
39:0.0742283
40:-0.0127059
41:0.00503479
42:-0.00460659
43:-0.0054818
44:-0.135646
45:0
46:0.0128362
47:0.420691
48:0.182002
49:0.16652
50:0.13553
51:-0.116418
52:-0.746225
alpha: 0.891059
lagLB: 473.302
stepSizeMultiplier: 0.042097
targetLowerBound: 510
||gamma||^2: 0.938396
lambda: 0,4.34626,12.5924,7.9482,8.70835,8.79522,5.68459,10.2031,10.518,7.0738,9.49478,6.46908,7.55286,17.2232,8.38384,7.52118,10.4083,3.96671,12.4425,10.3366,12.8822,9.05059,5.84162,9.79321,12.5163,12.8835,12.109,5.40183,9.43183,6.69662,10.2028,10.1776,3.77762,20.191,13.2417,11.523,16.4697,4.78037,7.05941,16.6052,20.1451,10.8973,13.5305,16.7945,7.89143,
mu: 0,1.01304,0,
srcDuals: 
lambda: 0,4.39188,12.5786,7.88144,8.33118,8.81191,5.65724,10.3817,10.4459,6.85979,9.33596,6.61134,7.66479,17.126,8.88968,6.87817,10.6413,4.81989,12.6928,10.4713,12.4617,8.9989,5.62392,9.57722,12.4779,12.792,11.591,5.5921,9.04078,6.78398,10.411,9.56602,3.83448,20.3783,13.3048,11.2766,16.1556,4.81037,7.12299,16.1738,20.2305,10.9307,13.4942,16.8985,7.86218,
mu: 0,0.672513,0,
srcDuals: 
fixing. lower bound used: 451.891
percent fixed: 7.06485
fixing. lower bound used: 441.943
fixed path dual: 9.00312
best alpha: 0.02
0:0
1:0.0031448
2:0.031808
3:0.0395394
4:0.0358232
5:0.00776434
6:-0.0462105
7:-0.116258
8:0.00032891
9:0.0610207
10:0.0529696
11:0.00904613
12:-0.0261291
13:0.0439819
14:-0.0839941
15:-0.0135948
16:-0.00419091
17:-0.163267
18:-0.0165118
19:0.000362693
20:0.0911418
21:0.0373399
22:0.0615597
23:-0.0986895
24:-0.0645897
25:0.0231536
26:0.0453751
27:-0.0379578
28:0.0868495
29:0.0170562
30:-0.000565888
31:0.119021
32:0.0215049
33:0.00248131
34:0.0205856
35:0.065747
36:0.0756206
37:-0.0921756
38:0.0205244
39:0.0927438
40:0.00754821
41:0.0249341
42:0.0154855
43:-0.105372
44:-0.112933
45:0
46:-0.0474205
47:0.212278
48:-0.101638
49:0.20319
50:0.292819
51:0.04591
52:-0.531301
alpha: 1.33543
lagLB: 485.192
stepSizeMultiplier: 0.042097
targetLowerBound: 510
||gamma||^2: 0.62614
lambda: 0,4.39474,12.5894,7.89921,8.34557,8.80079,5.66978,10.3669,10.4643,6.89709,9.36594,6.60138,7.64104,17.1478,8.83149,6.84762,10.6193,4.65326,12.6596,10.4534,12.5264,9.01467,5.66171,9.61478,12.4919,12.813,11.6686,5.57577,9.10156,6.7813,10.3923,9.65606,3.83585,20.3623,13.3054,11.3182,16.2062,4.70837,7.12347,16.2399,20.2192,10.9352,13.4901,16.8936,7.74131,
mu: 0.0114378,1.04737,0.162175,
srcDuals: 
lambda: 0,4.39188,12.5786,7.88144,8.33118,8.81191,5.65724,10.3817,10.4459,6.85979,9.33596,6.61134,7.66479,17.126,8.88968,6.87817,10.6413,4.81989,12.6928,10.4713,12.4617,8.9989,5.62392,9.57722,12.4779,12.792,11.591,5.5921,9.04078,6.78398,10.411,9.56602,3.83448,20.3783,13.3048,11.2766,16.1556,4.81037,7.12299,16.1738,20.2305,10.9307,13.4942,16.8985,7.86218,
mu: 0,0.672513,0,
srcDuals: 
fixing. lower bound used: 425.439
percent fixed: 6.33513
fixing. lower bound used: 441.943
fixed path dual: 4.31825
best alpha: 0.01
0:0
1:-0.0368867
2:0.0214899
3:-0.000856022
4:0.0454649
5:0.0176867
6:-0.0357484
7:-0.105095
8:-0.00967438
9:0.0704105
10:0.0624399
11:0.00895567
12:-0.0158678
13:0.053542
14:-0.0731541
15:-0.00345885
16:-0.004149
17:-0.151635
18:-0.00634671
19:0.0103591
20:0.0502303
21:0.0469665
22:0.0209441
23:-0.0877026
24:-0.0539438
25:0.0329221
26:0.0449213
27:-0.0375782
28:0.045981
29:0.0168856
30:0.00943977
31:0.0778312
32:0.00128984
33:0.0124565
34:0.0303798
35:0.0250895
36:0.0348644
37:-0.0812539
38:0.0303191
39:0.101816
40:0.0174727
41:0.0346848
42:0.0253307
43:-0.0943184
44:-0.101804
45:0
46:-0.0269463
47:0.110155
48:-0.250621
49:-0.118842
50:-0.270109
51:-0.0945491
52:-0.425988
alpha: 2.59802
lagLB: 475.441
stepSizeMultiplier: 0.042097
targetLowerBound: 510
||gamma||^2: 0.321848
lambda: 0,4.39608,12.6211,7.93424,8.37902,8.82228,5.59553,10.2264,10.4463,6.94128,9.4067,6.62342,7.6299,17.1847,8.77751,6.86001,10.6357,4.60186,12.6708,10.4717,12.5834,9.04877,5.70613,9.44542,12.3916,12.8229,11.6515,5.54141,9.15676,6.80676,10.4102,9.72497,3.8632,20.3816,13.3323,11.3644,16.2566,4.68727,7.1504,16.2976,20.2406,10.964,13.5149,16.7578,7.71136,
mu: 0,0.955995,0,
srcDuals: 
lambda: 0,4.39188,12.5786,7.88144,8.33118,8.81191,5.65724,10.3817,10.4459,6.85979,9.33596,6.61134,7.66479,17.126,8.88968,6.87817,10.6413,4.81989,12.6928,10.4713,12.4617,8.9989,5.62392,9.57722,12.4779,12.792,11.591,5.5921,9.04078,6.78398,10.411,9.56602,3.83448,20.3783,13.3048,11.2766,16.1556,4.81037,7.12299,16.1738,20.2305,10.9307,13.4942,16.8985,7.86218,
mu: 0,0.672513,0,
srcDuals: 
fixing. lower bound used: 474.568
percent fixed: 49.3344
fixing. lower bound used: 441.943
fixed path dual: 9.45391
best alpha: 0.01
0:0
1:-0.0265178
2:0.00127505
3:0.00915254
4:0.0550103
5:-0.00249017
6:-0.0253909
7:-0.0940443
8:0.000422365
9:0.0397064
10:0.0718155
11:-0.00113389
12:-0.0157091
13:0.0630066
14:-0.0624226
15:0.00657573
16:-0.0141075
17:-0.140118
18:0.00371676
19:0.0202555
20:0.059728
21:0.0164968
22:0.0307347
23:-0.0768256
24:-0.0434044
25:0.0425929
26:0.0544721
27:-0.0272024
28:0.0555212
29:-0.00328326
30:-0.0206546
31:0.0870529
32:-0.00872306
33:0.0223319
34:7.59691e-05
35:0.0348386
36:0.0445157
37:-0.0704413
38:-0.00998408
39:0.110798
40:0.027298
41:0.0443379
42:0.0350774
43:-0.0833753
44:-0.0907858
45:0
46:-0.0866769
47:0.0090532
48:-0.398115
49:-0.0376536
50:-0.127408
51:-0.173604
52:-0.301728
alpha: 4.00055
lagLB: 485.675
stepSizeMultiplier: 0.042097
targetLowerBound: 510
||gamma||^2: 0.209013
lambda: 0,4.29605,12.6345,7.87922,8.4493,8.85786,5.56437,10.1086,10.4207,7.04272,9.49818,6.63461,7.62357,17.2651,8.69962,6.86918,10.6305,4.42595,12.6763,10.4982,12.5922,9.12092,5.67833,9.34936,12.3377,12.8775,11.7077,5.49447,9.16024,6.82785,10.4355,9.76823,3.83783,20.4106,13.3838,11.3418,16.2462,4.59927,7.20176,16.4383,20.2759,11.0208,13.5601,16.6535,7.59769,
mu: 0,0.958697,0,
srcDuals: 
lambda: 0,4.39188,12.5786,7.88144,8.33118,8.81191,5.65724,10.3817,10.4459,6.85979,9.33596,6.61134,7.66479,17.126,8.88968,6.87817,10.6413,4.81989,12.6928,10.4713,12.4617,8.9989,5.62392,9.57722,12.4779,12.792,11.591,5.5921,9.04078,6.78398,10.411,9.56602,3.83448,20.3783,13.3048,11.2766,16.1556,4.81037,7.12299,16.1738,20.2305,10.9307,13.4942,16.8985,7.86218,
mu: 0,0.672513,0,
srcDuals: 
fixing. lower bound used: 459.996
percent fixed: 49.3638
fixing. lower bound used: 441.943
fixed path dual: 9.38672
best alpha: 0.02
0:0
1:-0.00598743
2:0.0212495
3:0.0289695
4:-0.00608993
5:-0.00244037
6:-0.0248831
7:-0.0721634
8:0.0204139
9:0.0589122
10:0.0703792
11:-0.00111121
12:-0.015395
13:0.00174648
14:-0.0611741
15:0.0264442
16:-0.0138254
17:-0.117316
18:0.00364242
19:-0.0201496
20:0.0785335
21:0.0161669
22:0.05012
23:-0.0552891
24:-0.0225363
25:0.041741
26:0.0733827
27:-0.00665837
28:0.0744108
29:0.0167824
30:-0.0202415
31:0.105312
32:0.0114514
33:0.0218853
34:7.44498e-05
35:0.0541418
36:0.0636254
37:-0.0490325
38:0.0102156
39:0.108582
40:-0.053248
41:-0.0365489
42:0.0343758
43:-0.0617078
44:-0.0689701
45:0
46:-0.184943
47:0.148872
48:-0.190153
49:0.1231
50:0.15514
51:-0.0501315
52:-0.215694
alpha: 3.87466
lagLB: 488.187
stepSizeMultiplier: 0.042097
targetLowerBound: 510
||gamma||^2: 0.215804
lambda: 0,4.28579,12.5837,7.91806,8.55125,8.80195,5.55567,10.0055,10.4476,7.01863,9.62326,6.60681,7.60195,17.378,8.63995,6.90448,10.5848,4.25934,12.7077,10.5523,12.7006,9.0649,5.74688,9.26987,12.3042,12.9624,11.8089,5.48328,9.26289,6.77084,10.3283,9.91428,3.79959,20.4676,13.3052,11.416,16.3337,4.52856,7.08305,16.617,20.3397,11.1081,13.6346,16.5649,7.49899,
mu: 0,0.708731,0,
srcDuals: 
lambda: 0,4.39188,12.5786,7.88144,8.33118,8.81191,5.65724,10.3817,10.4459,6.85979,9.33596,6.61134,7.66479,17.126,8.88968,6.87817,10.6413,4.81989,12.6928,10.4713,12.4617,8.9989,5.62392,9.57722,12.4779,12.792,11.591,5.5921,9.04078,6.78398,10.411,9.56602,3.83448,20.3783,13.3048,11.2766,16.1556,4.81037,7.12299,16.1738,20.2305,10.9307,13.4942,16.8985,7.86218,
mu: 0,0.672513,0,
srcDuals: 
fixing. lower bound used: 487.398
percent fixed: 76.9461
updating best lambda arc fixing
switching from LAG to LP solver
start robust primal phase
fixing. lower bound used: 487.398
num vars: 101103
DUALS: -0,4,12.5628,9.12474,9.29525,8.84305,5.69023,9.70899,11.0714,8.03924,11.0295,6.42534,6.04546,16.9576,8.4255,9.78173,10.6958,5.72529,12.3992,9.30064,12.4751,9.3974,6.81764,9.69023,12,13.6675,11.2594,5.04974,9.88885,6.63203,9.42534,10.4705,3.55828,19.5829,12.7161,14.1063,13.0823,5.64547,6.91226,16.3076,21.4067,10.4734,14.2605,17.3758,9.28896,
fixed path dual: 9.67431
cap dual [2]: -1.10936
comb dual [0]: -0
comb dual [1]: -0
comb dual [2]: 0.140116
comb dual [3]: 0.199257
lp dual value: 494.229
STATS - lpIterations[2] lagIterations[270] sspIterations[1350] numSeparations[357] numCuts[7] compileTime[6] sspSolveTime[323] lpSolveTime[63] lb[500.397] ub[510] numArcs: [450978] numFixed: [353705] time: [2225]
STATS1 - lpIterations[2] lagIterations[270] sspIterations[1350] numSeparations[357] numCuts[7] compileTime[6] sspSolveTime[323] lpSolveTime[63] repairTime[170] cutsTime[33] lb[500.397] ub[510] numArcs: [450978] numFixed: [353705] time: [2225]
checking cuts, max violation: 0.362234, num cuts: 40
new capacity cutset: 1 2 3 4 5 6 7 8 9 10 11 13 14 15 16 17 18 19 20 21 22 23 24 25 26 27 28 29 30 31 32 33 34 35 36 37 38 39 40 41 42 43 44 <= 38
new capacity cutset: 2 3 4 5 6 7 8 9 10 11 13 14 15 16 17 18 19 20 21 22 23 24 25 26 28 29 30 31 33 34 35 36 37 38 39 40 41 42 43 44 <= 35
new capacity cutset: 1 3 4 5 6 7 8 9 10 11 13 14 15 16 17 18 19 20 21 22 23 24 25 26 27 28 29 30 31 33 34 35 36 37 38 39 40 41 42 43 44 <= 36
new capacity cutset: 1 2 3 4 5 7 8 9 10 11 13 14 15 16 17 18 19 20 21 22 23 24 25 26 27 28 29 30 31 32 33 34 35 36 37 38 39 40 41 42 43 44 <= 37
new capacity cutset: 1 2 3 5 9 10 11 16 20 21 22 28 29 30 31 32 33 34 35 36 38 39 <= 19
new capacity cutset: 1 2 3 4 5 6 7 8 9 10 13 14 15 17 18 19 20 21 22 23 24 25 26 27 28 29 30 31 32 33 34 35 36 37 38 39 40 41 42 43 44 <= 36
new capacity cutset: 6 7 8 14 23 24 25 26 27 43 <= 8
new capacity cutset: 1 2 3 6 7 8 14 20 22 23 24 25 26 27 28 31 32 35 36 43 <= 17
new capacity cutset: 2 3 4 5 6 7 8 9 10 13 14 15 16 17 18 19 20 21 22 23 24 25 26 28 29 30 31 33 34 35 36 37 38 39 40 41 42 43 44 <= 34
new capacity cutset: 2 3 4 5 6 7 8 9 10 13 14 15 17 18 19 20 21 22 23 24 25 26 28 29 30 31 32 33 34 35 36 37 38 39 40 41 42 43 44 <= 34
new capacity cutset: 2 3 4 5 6 7 8 9 10 11 13 14 15 16 17 18 19 20 21 23 24 25 26 28 29 30 31 33 34 35 36 37 38 39 40 41 42 43 44 <= 34
new capacity cutset: 1 2 3 6 7 8 14 20 22 23 24 25 26 27 28 31 35 36 43 <= 16
new capacity cutset: 1 2 3 4 6 7 8 9 10 13 14 15 16 17 18 19 20 21 22 23 24 25 26 27 28 29 30 31 32 33 34 35 36 37 39 40 41 42 43 44 <= 35
new capacity cutset: 1 2 3 4 6 7 8 9 10 13 14 15 16 17 18 19 20 21 22 23 24 25 26 27 28 29 30 31 32 33 34 35 36 38 39 40 41 42 43 44 <= 35
new capacity cutset: 1 2 3 4 6 7 8 9 10 13 14 15 16 17 18 19 20 21 22 23 24 25 26 27 28 29 30 31 32 33 34 35 36 37 38 39 40 41 42 43 44 <= 36
new capacity cutset: 1 2 3 4 6 7 8 9 10 11 13 14 15 16 17 18 19 20 21 22 23 24 25 26 27 28 29 30 31 32 33 34 35 36 37 38 39 40 41 42 43 44 <= 37
new capacity cutset: 2 3 9 10 11 16 20 21 22 28 29 30 31 32 33 34 35 36 38 39 <= 17
new capacity cutset: 1 2 3 9 10 11 16 20 21 22 28 29 30 31 32 33 34 35 36 38 39 <= 18
new capacity cutset: 1 2 3 4 5 9 10 11 13 15 16 17 19 20 21 22 28 29 30 31 32 33 34 35 36 37 38 39 40 41 42 44 <= 28
new capacity cutset: 1 2 3 5 7 8 9 10 11 15 16 20 21 22 23 24 26 27 28 29 30 31 32 33 34 35 36 37 38 39 43 <= 27
new capacity cutset: 1 2 3 5 6 7 8 9 10 11 13 14 15 16 19 20 21 22 23 24 25 26 27 28 29 30 31 32 33 34 35 36 37 38 39 40 41 42 43 44 <= 35
new capacity cutset: 1 2 3 5 6 7 8 9 10 11 13 14 15 16 17 19 20 21 22 23 24 25 26 27 28 29 30 31 32 33 34 35 36 37 38 39 40 41 42 43 44 <= 36
new capacity cutset: 1 2 3 4 5 6 7 8 9 10 11 13 14 15 16 17 19 20 21 22 23 24 25 26 27 28 29 30 31 32 33 34 35 36 37 38 39 40 41 42 43 44 <= 37
new capacity cutset: 1 2 3 4 6 7 8 9 10 11 13 14 15 16 17 18 19 20 21 22 23 24 25 26 27 28 29 30 31 32 33 34 35 36 38 39 40 41 42 43 44 <= 36
new capacity cutset: 1 2 3 4 5 6 7 8 9 10 11 13 14 15 16 17 18 19 20 21 22 23 24 25 26 27 28 29 30 31 32 33 34 35 36 38 39 40 41 42 43 44 <= 37
new capacity cutset: 1 3 8 20 22 26 27 28 31 35 36 <= 9
new capacity cutset: 1 2 3 5 9 10 11 16 20 21 22 28 29 30 31 33 34 35 36 38 39 <= 18
new capacity cutset: 2 3 5 9 10 11 15 16 20 21 29 30 32 33 34 35 36 38 39 <= 16
new capacity cutset: 2 3 4 5 9 10 11 13 15 16 17 18 19 20 21 29 30 32 33 34 35 36 37 38 39 40 41 42 44 <= 25
new capacity cutset: 1 2 3 4 5 7 8 9 10 11 13 14 15 16 17 18 19 20 21 22 23 24 25 26 28 29 30 31 32 33 34 35 36 37 38 39 40 41 42 43 44 <= 36
new capacity cutset: 1 2 3 4 5 6 7 8 9 10 11 13 14 15 16 17 18 19 20 21 22 23 24 25 26 28 29 30 31 32 33 34 35 36 37 38 39 40 41 42 43 44 <= 37
new capacity cutset: 1 2 3 4 5 7 9 10 11 13 14 15 16 17 18 19 20 21 22 23 24 25 26 28 29 30 31 32 33 34 35 36 37 38 39 40 41 42 43 44 <= 35
new capacity cutset: 1 2 3 4 5 6 7 9 10 11 13 14 15 16 17 18 19 20 21 22 23 24 25 26 28 29 30 31 32 33 34 35 36 37 38 39 40 41 42 43 44 <= 36
new capacity cutset: 1 2 3 5 9 10 16 20 21 22 28 29 30 31 32 33 34 35 36 38 39 <= 18
new capacity cutset: 2 3 5 9 10 16 20 21 22 28 29 30 31 32 33 34 35 36 38 39 <= 17
new capacity cutset: 2 3 5 9 10 11 16 20 21 22 28 29 30 31 32 33 34 35 36 38 39 <= 18
new capacity cutset: 1 2 3 5 6 7 8 9 10 11 13 14 15 16 18 19 20 21 22 23 24 25 26 28 29 30 31 32 33 34 35 36 37 38 39 40 41 42 43 44 <= 35
new capacity cutset: 1 2 3 5 6 7 8 9 10 11 13 14 15 16 18 19 20 21 22 23 24 25 26 27 28 29 30 31 32 33 34 35 36 37 38 39 40 41 42 43 44 <= 36
new capacity cutset: 1 2 3 6 7 8 9 10 11 13 14 15 16 18 19 20 21 22 23 24 25 26 27 28 29 30 31 32 33 34 35 36 38 39 40 41 42 43 44 <= 34
new capacity cutset: 1 2 3 6 7 8 9 10 11 13 14 15 16 18 19 20 21 22 23 24 25 26 27 28 29 30 31 32 33 34 35 36 37 38 39 40 41 42 43 44 <= 35
max violation: 1.30764
new strengthened comb with 3 teeth
handle: 7,23,43,
tooth: 24,43,
tooth: 7,26,8,27,31,28,35,36,3,20,2,22,1,32,29,21,34,16,30,11,9,38,
tooth: 6,23,0,27,14,1,32,22,31,28,8,26,35,36,3,20,2,29,25,24,18,4,17,12,37,15,44,19,40,41,13,42,33,39,10,5,21,16,11,38,9,30,34,
>= 14
new strengthened comb with 3 teeth
handle: 2,20,29,
tooth: 35,36,3,20,
tooth: 2,32,
tooth: 21,29,0,34,16,11,38,5,9,30,10,39,33,15,37,12,17,4,18,44,42,19,40,41,13,
>= 14
new strengthened comb with 3 teeth
handle: 2,16,20,21,29,
tooth: 35,36,3,20,
tooth: 21,34,0,29,16,11,38,5,9,30,10,39,33,15,37,12,17,4,44,18,42,19,40,41,13,
tooth: 2,32,
>= 14
new strengthened comb with 3 teeth
handle: 34,30,9,
tooth: 21,34,
tooth: 9,38,0,5,11,16,
tooth: 10,30,39,33,
>= 18
new strengthened comb with 3 teeth
handle: 21,29,16,
tooth: 21,34,30,9,38,5,10,39,33,15,37,44,17,42,19,40,41,13,4,18,
tooth: 11,16,0,38,5,9,
tooth: 2,29,20,35,36,3,32,28,31,8,26,22,1,27,7,23,43,24,25,14,6,
>= 26
num src cuts added: 0
num src cuts added: 0
num src cuts added: 0
num src cuts added: 0
fixing. lower bound used: 487.398
num vars: 101540
DUALS: -0,14.7243,23.9193,23.1432,21.1694,17.7979,13.2897,23.2295,24.992,22.2428,25.2013,18.5403,8.59229,30.1694,21.1734,23.8065,23.0694,19.3515,22.1894,23.5601,25.3903,23.0319,22.521,22.2106,26.2453,24.9918,26.4148,9.92064,24.6413,19.711,21.812,25.9286,12.8043,34.4751,25.1392,24.2578,34.7766,19.877,18.8171,31.3316,35.7469,23.8899,29.2021,30.2169,23.5225,
fixed path dual: 5.321
cap dual [1]: -4.44218
cap dual [2]: -2.23505
cap dual [12]: -0.182611
cap dual [16]: -0.438515
cap dual [18]: -0.146087
cap dual [19]: -2.78126
cap dual [21]: -0.222488
cap dual [23]: -0.0475141
cap dual [24]: -1.33387
cap dual [29]: -1.95485
cap dual [30]: -0.0285869
cap dual [31]: -0.193984
cap dual [33]: -4.84482
comb dual [0]: -0
comb dual [1]: -0
comb dual [2]: 0.733519
comb dual [3]: 0.069341
comb dual [4]: -0
comb dual [5]: -0
comb dual [6]: -0
comb dual [7]: 0.30984
comb dual [8]: -0
lp dual value: 485.165
STATS - lpIterations[3] lagIterations[270] sspIterations[1350] numSeparations[376] numCuts[52] compileTime[6] sspSolveTime[323] lpSolveTime[262] lb[504.22] ub[510] numArcs: [452681] numFixed: [354959] time: [2537]
STATS1 - lpIterations[3] lagIterations[270] sspIterations[1350] numSeparations[376] numCuts[52] compileTime[6] sspSolveTime[323] lpSolveTime[262] repairTime[171] cutsTime[135] lb[504.22] ub[510] numArcs: [452681] numFixed: [354959] time: [2537]
checking cuts, max violation: 0.194364, num cuts: 13
new capacity cutset: 7 23 24 43 <= 3
new capacity cutset: 1 3 7 8 20 22 23 24 26 28 31 35 36 43 <= 12
new capacity cutset: 10 33 39 <= 2
new capacity cutset: 3 7 8 20 23 24 26 28 31 35 36 43 <= 10
new capacity cutset: 2 3 4 5 7 8 9 10 11 12 13 14 15 16 17 18 19 20 21 23 24 25 26 28 29 30 31 33 34 35 36 37 38 39 40 41 42 43 44 <= 34
new capacity cutset: 1 2 3 4 5 7 8 9 10 11 12 13 14 15 16 17 18 19 20 21 22 23 24 25 26 28 29 30 31 33 34 35 36 37 38 39 40 41 42 43 44 <= 36
new capacity cutset: 5 9 10 15 30 33 34 37 38 39 <= 8
new capacity cutset: 1 3 4 5 6 7 8 9 10 12 13 14 15 17 18 19 20 21 22 23 24 25 26 27 28 29 30 31 33 34 35 36 37 38 39 40 41 42 43 44 <= 35
new capacity cutset: 4 5 9 10 12 13 15 17 19 21 29 30 33 34 37 38 39 40 41 42 44 <= 18
new capacity cutset: 2 3 4 5 7 8 9 10 12 13 14 15 16 17 18 19 20 21 23 24 25 26 28 29 30 31 33 34 35 36 37 38 39 40 41 42 43 44 <= 33
new capacity cutset: 10 13 15 19 33 37 39 40 41 42 44 <= 9
new capacity cutset: 1 2 3 4 5 7 8 9 10 12 13 14 15 16 17 18 19 20 21 22 23 24 25 26 28 29 30 31 33 34 35 36 37 38 39 40 41 42 43 44 <= 35
new capacity cutset: 2 3 5 9 10 11 15 16 20 21 28 29 30 33 34 35 36 38 39 <= 16
max violation: 0.581175
new strengthened comb with 3 teeth
handle: 9,30,34,
tooth: 9,38,
tooth: 21,34,29,16,11,2,20,35,36,3,28,
tooth: 30,39,10,33,
>= 12
new strengthened comb with 3 teeth
handle: 9,30,34,39,
tooth: 9,38,
tooth: 10,39,33,
tooth: 21,34,
>= 10
new strengthened comb with 3 teeth
handle: 5,9,10,30,33,34,38,39,
tooth: 15,33,
tooth: 21,34,
tooth: 5,12,0,
>= 18
new strengthened comb with 3 teeth
handle: 7,23,43,
tooth: 24,43,
tooth: 7,26,0,8,27,32,6,11,1,22,31,28,35,36,3,20,14,2,16,29,21,25,18,4,17,12,5,19,40,41,13,42,44,37,15,38,9,34,30,33,10,39,
tooth: 23,24,0,6,27,32,11,1,22,14,25,18,4,17,12,5,19,40,41,13,42,44,37,15,38,9,31,8,26,28,35,36,3,20,2,16,29,21,34,30,33,10,39,
>= 10
new strengthened comb with 3 teeth
handle: 10,30,33,39,
tooth: 30,34,
tooth: 15,33,0,37,12,17,4,44,42,19,40,41,13,18,5,38,10,39,9,11,32,27,6,14,25,1,22,16,2,8,26,31,28,29,21,34,20,35,36,3,7,23,24,43,
tooth: 9,30,
>= 10
num src cuts added: 0
num src cuts added: 0
num src cuts added: 0
num src cuts added: 0
fixing. lower bound used: 479.384
fixing. lower bound used: 487.398
num vars: 101630
DUALS: -0,19.9124,29.947,30.5682,25.5153,21.8065,13.3605,25.7373,28.7373,27.5723,30.7169,19.4644,11.9267,34.4847,25.3686,28.4481,29.9267,22.6232,25.7821,28.8493,31.7159,30.0346,26.2505,24.7373,29.5255,29.9165,31.5255,12.1487,31.0305,26.556,26.4786,31.6456,14.8574,39.7739,30.7882,35.8513,35.7566,23.9481,24.943,37.5377,40.3727,27.4603,32.5519,33.7373,27.6395,
fixed path dual: 3.32994
cap dual [1]: -3.45621
cap dual [16]: -0.983707
cap dual [19]: -3.278
cap dual [21]: -0.851324
cap dual [24]: -0.721996
cap dual [25]: -1.06517
cap dual [26]: -0.559063
cap dual [29]: -2.2444
cap dual [31]: -0.572301
cap dual [33]: -4.33198
cap dual [42]: -0.0845214
cap dual [47]: -0.0325866
cap dual [53]: -1.32994
cap dual [54]: -1.64562
cap dual [55]: -3.22607
cap dual [56]: -0.653768
comb dual [0]: -0
comb dual [1]: -0
comb dual [2]: 0.298371
comb dual [3]: -0
comb dual [4]: -0
comb dual [5]: 0.115071
comb dual [6]: -0
comb dual [7]: 0.0733198
comb dual [8]: -0
comb dual [9]: -0
comb dual [10]: -0
comb dual [11]: 0.0723014
comb dual [12]: 0.771894
comb dual [13]: 0.406314
lp dual value: 485.574
STATS - lpIterations[4] lagIterations[270] sspIterations[1350] numSeparations[396] numCuts[70] compileTime[6] sspSolveTime[323] lpSolveTime[527] lb[505.222] ub[510] numArcs: [454530] numFixed: [356712] time: [2919]
STATS1 - lpIterations[4] lagIterations[270] sspIterations[1350] numSeparations[396] numCuts[70] compileTime[6] sspSolveTime[323] lpSolveTime[527] repairTime[203] cutsTime[206] lb[505.222] ub[510] numArcs: [454530] numFixed: [356712] time: [2919]
checking cuts, max violation: 0.235142, num cuts: 1
new capacity cutset: 1 2 3 5 6 7 8 9 10 11 13 14 15 16 19 20 21 22 23 24 25 26 27 28 29 30 31 32 33 34 35 36 38 39 40 41 42 43 44 <= 34
max violation: 0.444918
new strengthened comb with 3 teeth
handle: 29,2,20,
tooth: 35,36,3,20,
tooth: 21,29,0,34,30,9,38,10,5,12,39,11,16,33,32,15,37,17,4,18,44,42,40,19,41,13,
tooth: 2,32,
>= 14
new strengthened comb with 3 teeth
handle: 43,23,7,
tooth: 24,43,
tooth: 7,26,
tooth: 6,23,0,27,
>= 18
new strengthened comb with 3 teeth
handle: 22,35,36,3,28,
tooth: 35,36,3,20,
tooth: 1,22,
tooth: 28,31,
>= 10
new strengthened comb with 3 teeth
handle: 34,30,9,
tooth: 9,38,
tooth: 21,34,
tooth: 10,30,39,33,
>= 10
new strengthened comb with 3 teeth
handle: 28,31,35,36,3,22,
tooth: 35,36,3,20,
tooth: 1,22,
tooth: 8,31,26,
>= 10
num src cuts added: 0
num src cuts added: 0
num src cuts added: 0
num src cuts added: 0
fixing. lower bound used: 484.566
fixing. lower bound used: 487.398
num vars: 101695
DUALS: -0,19.9883,31.2826,31.5557,26.0041,22.511,15.2947,29.6104,29.4639,28.2483,32.4299,19.7207,11.1831,35.5489,26.0477,29.1835,31.2165,23.0169,25.1831,27.8933,32.6356,31.237,26.643,28.6438,32.6438,30.4477,30.8099,13.3886,31.4577,28.1306,27.4168,31.3084,15.4332,40.8904,31.7965,30.61,43.6173,23.3108,25.0189,38.9858,40.9695,27.8054,33.1835,38.6086,27.7555,
fixed path dual: 2.61141
cap dual [1]: -3.5659
cap dual [3]: -0.13585
cap dual [12]: -0.766982
cap dual [16]: -1.8685
cap dual [19]: -2.53867
cap dual [20]: -0.296173
cap dual [21]: -0.888269
cap dual [24]: -0.353209
cap dual [25]: -0.65609
cap dual [26]: -1.37687
cap dual [29]: -2.39161
cap dual [31]: -0.609261
cap dual [33]: -3.5479
cap dual [42]: -0.420635
cap dual [44]: -2.88181
cap dual [47]: -0.0127952
cap dual [53]: -0.378328
cap dual [54]: -1.29745
cap dual [55]: -3.45973
cap dual [56]: -1.52398
cap dual [57]: -0.74608
comb dual [0]: -0
comb dual [1]: -0
comb dual [2]: 0.620317
comb dual [3]: -0
comb dual [4]: -0
comb dual [5]: -0
comb dual [6]: -0
comb dual [7]: -0
comb dual [8]: -0
comb dual [9]: -0
comb dual [10]: -0
comb dual [11]: -0
comb dual [12]: -0
comb dual [13]: 0.4797
comb dual [14]: -0
comb dual [15]: 0.482433
comb dual [16]: 0.685486
comb dual [17]: 0.398268
comb dual [18]: -0
lp dual value: 473.014
STATS - lpIterations[5] lagIterations[270] sspIterations[1350] numSeparations[412] numCuts[76] compileTime[6] sspSolveTime[323] lpSolveTime[820] lb[505.832] ub[510] numArcs: [455832] numFixed: [357937] time: [3288]
STATS1 - lpIterations[5] lagIterations[270] sspIterations[1350] numSeparations[412] numCuts[76] compileTime[6] sspSolveTime[323] lpSolveTime[820] repairTime[232] cutsTime[240] lb[505.832] ub[510] numArcs: [455832] numFixed: [357937] time: [3288]
checking cuts, max violation: 0.317908, num cuts: 1
new capacity cutset: 13 14 18 19 25 40 41 42 <= 6
max violation: 0.326639
new strengthened comb with 3 teeth
handle: 15,37,44,
tooth: 15,39,33,10,
tooth: 17,37,0,12,4,5,
tooth: 42,44,
>= 18
new strengthened comb with 3 teeth
handle: 15,37,42,44,
tooth: 41,40,19,42,
tooth: 15,39,33,10,
tooth: 17,37,0,12,4,5,
>= 18
new strengthened comb with 3 teeth
handle: 44,17,37,15,
tooth: 15,39,33,10,
tooth: 42,44,
tooth: 4,17,0,12,18,
>= 18
new strengthened comb with 3 teeth
handle: 29,2,20,
tooth: 20,36,35,
tooth: 21,29,
tooth: 2,32,0,11,16,
>= 18
new strengthened comb with 3 teeth
handle: 3,22,28,
tooth: 3,36,35,
tooth: 28,31,
tooth: 1,22,0,27,32,11,
>= 18
num src cuts added: 0
num src cuts added: 0
num src cuts added: 0
num src cuts added: 0
fixing. lower bound used: 472.176
fixing. lower bound used: 487.398
num vars: 101931
