Application parameters:
  batch  =>  nothing
  tikz  =>  nothing
  instance  =>  "/VRPTW/data/1000/C2_10_1.vrptw"
  out  =>  nothing
  nosolve  =>  false
  ub  =>  16841.2
  sol  =>  nothing
  cfg  =>  "/VRPTW/config/VRPTW_set_2.cfg"
  enable_cap_res  =>  false
[41m solve [00m
~~~~~~~~~~~~~~~~~~~~~~~~~~~~~~~~~~~~~~~~~~~~~~~~~~~~~~~~~~~~~~~~~~~~~~~~~~~~~~
VRPSolver v0.4.1, 24/03/2021. Web: vrpsolver.math.u-bordeaux.fr
Corresponds to the solver by Pessoa, Sadykov, Uchoa and Vanderbeck (2020)
Paper: dx.doi.org/10.1007/s10107-020-01523-z
USE THIS CODE ONLY FOR ACADEMIC PURPOSES AT YOUR OWN RISK
~~~~~~~~~~~~~~~~~~~~~~~~~~~~~~~~~~~~~~~~~~~~~~~~~~~~~~~~~~~~~~~~~~~~~~~~~~~~~~
BaPCod v053, 24/03/2021, © Inria Bordeaux, France
~~~~~~~~~~~~~~~~~~~~~~~~~~~~~~~~~~~~~~~~~~~~~~~~~~~~~~~~~~~~~~~~~~~~~~~~~~~~~~
VRPSolver parameters:
GlobalTimeLimit = 3600
MaxNbOfBBtreeNodeTreated = 100000
treeSearchStrategy = 1
RCSPstopCutGenTimeThresholdInPricing = 30
RCSPhardTimeThresholdInPricing = 20
RCSPnumberOfBucketsPerVertex = 25
RCSPdynamicBucketSteps = 1
RCSPuseBidirectionalSearch = 1
RCSPapplyReducedCostFixing = 1
RCSPredCostFixingFalseGap = 0
RCSPmaxNumOfColsPerIteration = 30
RCSPmaxNumOfColsPerExactIteration = 150
RCSPheurLabelingStrategy = 0
StabilizationMinPhaseOfStage = 0
RCSPmaxNumOfLabelsInEnumeration = 1000000
RCSPmaxNumOfEnumeratedSolutions = 5000000
RCSPmaxNumOfEnumSolutionsForMIP = 10000
RCSPinitNGneighbourhoodSize = 8
RCSPmaxNGneighbourhoodSize = 16
RCSPrankOneCutsMaxNumPerRound = 100
RCSPrankOneCutsMaxNumRows = 5
RCSPrankOneCutsMemoryType = 1
CutTailingOffThreshold = 0.015
CutTailingOffCounterThreshold = 3
SafeDualBoundScaleFactor = -1
StrongBranchingPhaseOneCandidatesNumber = 50
StrongBranchingPhaseOneTreeSizeEstimRatio = 100
StrongBranchingPhaseTwoCandidatesNumber = 3
StrongBranchingPhaseTwoTreeSizeEstimRatio = 100
MaxTimeForRestrictedMasterIpHeur = -1
DivingHeurUseDepthLimit = -1
MaxLDSbreadth = 0
MaxLDSdepth = 0
New model incumbent solution 16841.2, TIME = 0h0m0s13t = 13
Model is built TIME = 0h0m30s90t = 3090
************************************************************************************************
**** BaB tree root node
**** Local DB = -1e+12, global bounds : [ -1e+12 , 16841.2 ], TIME = 0h0m30s90t = 3090
**** 1 open nodes, 0 columns (0 active), 0 dyn. constrs. (0 active), 2002 art. vars. (2002 active)
************************************************************************************************
<DWph=2> <it= 10> <et=39.60> <Mt= 0.02> <Spt= 6.76> <nCl=300> <DB=-138104036.1234> <Mlp=5173633.1500> <PB=16841.2> 
<DWph=2> <it= 20> <et=46.63> <Mt= 0.17> <Spt= 6.84> <nCl=300> <DB=-113543238.8181> <Mlp=3303473.5308> <PB=16841.2> 
<DWph=2> <it= 30> <et=53.87> <Mt= 0.42> <Spt= 6.81> <nCl=300> <DB=-99734877.9916> <Mlp=2498568.0125> <PB=16841.2> 
<DWph=2> <it= 40> <et=61.51> <Mt= 0.69> <Spt= 6.95> <nCl=300> <DB=-81589630.2239> <Mlp=1961672.0974> <PB=16841.2> 
<DWph=2> <it= 50> <et=69.65> <Mt= 1.20> <Spt= 6.92> <nCl=300> <DB=-72358284.3007> <Mlp=1637211.2000> <PB=16841.2> 
<DWph=2> <it= 60> <et=78.28> <Mt= 1.60> <Spt= 7.02> <nCl=300> <DB=-71395701.9678> <Mlp=1434008.6967> <PB=16841.2> 
<DWph=2> <it= 70> <et=87.92> <Mt= 2.49> <Spt= 7.14> <nCl=300> <DB=-67581675.4638> <Mlp=1278083.4471> <PB=16841.2> 
<DWph=2> <it= 80> <et=98.97> <Mt= 3.83> <Spt= 7.21> <nCl=300> <DB=-60325730.4296> <Mlp=1111817.9551> <PB=16841.2> 
<DWph=2> <it= 90> <et=110.90> <Mt= 4.70> <Spt= 7.22> <nCl=300> <DB=-55522087.0859> <Mlp=960389.8434> <PB=16841.2> 
<DWph=2> <it=100> <et=123.69> <Mt= 5.54> <Spt= 7.23> <nCl=300> <DB=-52576072.4440> <Mlp=838288.1072> <PB=16841.2> 
<DWph=2> <it=110> <et=137.58> <Mt= 6.66> <Spt= 7.23> <nCl=300> <DB=-50723929.9660> <Mlp=729361.7358> <PB=16841.2> 
<DWph=2> <it=120> <et=152.90> <Mt= 8.15> <Spt= 7.15> <nCl=300> <DB=-48590237.0551> <Mlp=623763.8122> <PB=16841.2> 
<DWph=2> <it=130> <et=170.74> <Mt=10.66> <Spt= 7.18> <nCl=300> <DB=-42090351.1058> <Mlp=519875.9938> <PB=16841.2> 
<DWph=2> <it=140> <et=190.28> <Mt=12.35> <Spt= 7.18> <nCl=300> <DB=-46191436.5635> <Mlp=434317.4711> <PB=16841.2> 
<DWph=2> <it=150> <et=211.06> <Mt=13.49> <Spt= 7.27> <nCl=300> <DB=-36810834.5435> <Mlp=365888.8128> <PB=16841.2> 
<DWph=2> <it=160> <et=232.15> <Mt=13.81> <Spt= 7.27> <nCl=300> <DB=-38257164.7569> <Mlp=315882.9103> <PB=16841.2> 
<DWph=2> <it=170> <et=256.96> <Mt=17.33> <Spt= 7.46> <nCl=300> <DB=-32226330.9820> <Mlp=270424.2381> <PB=16841.2> 
<DWph=2> <it=180> <et=283.48> <Mt=19.23> <Spt= 7.28> <nCl=300> <DB=-32685773.7255> <Mlp=228496.5792> <PB=16841.2> 
<DWph=2> <it=190> <et=311.89> <Mt=21.00> <Spt= 7.40> <nCl=300> <DB=-31422643.6016> <Mlp=187776.0519> <PB=16841.2> 
<DWph=2> <it=200> <et=343.21> <Mt=24.03> <Spt= 7.28> <nCl=300> <DB=-30968643.1397> <Mlp=152141.9053> <PB=16841.2> 
<DWph=2> <it=210> <et=375.12> <Mt=24.59> <Spt= 7.30> <nCl=300> <DB=-28859768.8834> <Mlp=127685.3646> <PB=16841.2> 
<DWph=2> <it=220> <et=411.13> <Mt=28.71> <Spt= 7.30> <nCl=300> <DB=-27571114.4021> <Mlp=107085.2588> <PB=16841.2> 
<DWph=2> <it=230> <et=452.57> <Mt=34.18> <Spt= 7.24> <nCl=300> <DB=-21441533.1770> <Mlp=87570.5356> <PB=16841.2> 
<DWph=2> <it=240> <et=496.70> <Mt=36.87> <Spt= 7.25> <nCl=300> <DB=-18061225.5189> <Mlp=69006.2806> <PB=16841.2> 
<DWph=2> <it=250> <et=547.35> <Mt=43.30> <Spt= 7.34> <nCl=300> <DB=-15696036.8956> <Mlp=52811.3375> <PB=16841.2> 
<DWph=2> <it=260> <et=611.15> <Mt=56.53> <Spt= 7.26> <nCl=293> <DB=-7619970.1309> <Mlp=42005.7574> <PB=16841.2> 
<DWph=2> <it=270> <et=663.27> <Mt=44.78> <Spt= 7.32> <nCl=300> <DB=-992656.4371> <Mlp=40998.8444> <PB=16841.2> 
<DWph=2> <it=280> <et=715.37> <Mt=44.77> <Spt= 7.32> <nCl=300> <DB=-633397.3561> <Mlp=40218.6046> <PB=16841.2> 
<DWph=2> <it=290> <et=773.71> <Mt=50.95> <Spt= 7.38> <nCl=300> <DB=-523885.4813> <Mlp=39244.1059> <PB=16841.2> 
<DWph=2> <it=300> <et=836.48> <Mt=55.36> <Spt= 7.39> <nCl=300> <DB=-482571.3359> <Mlp=38239.5771> <PB=16841.2> 
<DWph=2> <it=310> <et=903.94> <Mt=60.04> <Spt= 7.41> <nCl=300> <DB=-416819.7094> <Mlp=37082.6558> <PB=16841.2> 
<DWph=2> <it=320> <et=970.43> <Mt=59.07> <Spt= 7.40> <nCl=300> <DB=-362119.1817> <Mlp=35961.6602> <PB=16841.2> 
<DWph=2> <it=330> <et=1041.19> <Mt=63.34> <Spt= 7.41> <nCl=300> <DB=-351696.5388> <Mlp=34735.0489> <PB=16841.2> 
<DWph=2> <it=340> <et=1107.32> <Mt=58.64> <Spt= 7.29> <nCl=300> <DB=-322217.1844> <Mlp=33669.4687> <PB=16841.2> 
<DWph=2> <it=350> <et=1158.30> <Mt=43.59> <Spt= 7.37> <nCl=300> <DB=-294333.4268> <Mlp=32811.0883> <PB=16841.2> 
<DWph=2> <it=360> <et=1215.85> <Mt=50.09> <Spt= 7.46> <nCl=300> <DB=-280014.4043> <Mlp=31820.3606> <PB=16841.2> 
<DWph=2> <it=370> <et=1272.65> <Mt=49.40> <Spt= 7.38> <nCl=300> <DB=-257237.9956> <Mlp=30873.9661> <PB=16841.2> 
<DWph=2> <it=380> <et=1324.21> <Mt=44.11> <Spt= 7.43> <nCl=294> <DB=-230411.9707> <Mlp=30228.9642> <PB=16841.2> 
<DWph=2> <it=390> <et=1380.26> <Mt=48.57> <Spt= 7.47> <nCl=300> <DB=-223600.5846> <Mlp=29501.1322> <PB=16841.2> 
<DWph=2> <it=400> <et=1436.61> <Mt=49.00> <Spt= 7.33> <nCl=292> <DB=-193824.2653> <Mlp=28824.9970> <PB=16841.2> 
<DWph=2> <it=410> <et=1486.53> <Mt=42.57> <Spt= 7.34> <nCl=300> <DB=-185043.3871> <Mlp=28251.8495> <PB=16841.2> 
<DWph=2> <it=420> <et=1538.60> <Mt=44.70> <Spt= 7.35> <nCl=300> <DB=-170510.5169> <Mlp=27690.9470> <PB=16841.2> 
<DWph=2> <it=430> <et=1588.85> <Mt=42.80> <Spt= 7.44> <nCl=300> <DB=-148852.2890> <Mlp=27191.7527> <PB=16841.2> 
<DWph=2> <it=440> <et=1630.39> <Mt=34.12> <Spt= 7.40> <nCl=300> <DB=-158532.3696> <Mlp=26848.7896> <PB=16841.2> 
<DWph=2> <it=450> <et=1681.24> <Mt=43.24> <Spt= 7.40> <nCl=300> <DB=-153948.7903> <Mlp=26365.9215> <PB=16841.2> 
<DWph=2> <it=460> <et=1722.47> <Mt=33.77> <Spt= 7.44> <nCl=300> <DB=-117750.1038> <Mlp=25925.9945> <PB=16841.2> 
<DWph=2> <it=470> <et=1758.32> <Mt=28.46> <Spt= 7.38> <nCl=300> <DB=-137375.0384> <Mlp=25548.5692> <PB=16841.2> 
<DWph=2> <it=480> <et=1796.13> <Mt=30.33> <Spt= 7.47> <nCl=298> <DB=-92952.5164> <Mlp=25141.9481> <PB=16841.2> 
<DWph=2> <it=490> <et=1836.69> <Mt=33.00> <Spt= 7.53> <nCl=300> <DB=-99615.6257> <Mlp=24729.5942> <PB=16841.2> 
<DWph=2> <it=500> <et=1876.67> <Mt=32.39> <Spt= 7.58> <nCl=298> <DB=-85741.2970> <Mlp=24308.9835> <PB=16841.2> 
<DWph=2> <it=510> <et=1913.99> <Mt=29.85> <Spt= 7.46> <nCl=298> <DB=-112287.2531> <Mlp=23958.3983> <PB=16841.2> 
<DWph=2> <it=520> <et=1953.73> <Mt=32.25> <Spt= 7.47> <nCl=300> <DB=-80307.3452> <Mlp=23551.8785> <PB=16841.2> 
<DWph=2> <it=530> <et=1991.40> <Mt=30.18> <Spt= 7.49> <nCl=300> <DB=-69028.9696> <Mlp=23255.6938> <PB=16841.2> 
<DWph=2> <it=540> <et=2029.82> <Mt=30.88> <Spt= 7.51> <nCl=300> <DB=-60927.0641> <Mlp=22921.0477> <PB=16841.2> 
<DWph=2> <it=550> <et=2060.62> <Mt=23.24> <Spt= 7.54> <nCl=300> <DB=-54282.7109> <Mlp=22727.4970> <PB=16841.2> 
<DWph=2> <it=560> <et=2097.24> <Mt=29.10> <Spt= 7.51> <nCl=300> <DB=-52006.7251> <Mlp=22433.2031> <PB=16841.2> 
<DWph=2> <it=570> <et=2125.42> <Mt=20.77> <Spt= 7.18> <nCl=300> <DB=-45283.5090> <Mlp=22176.7471> <PB=16841.2> 
<DWph=2> <it=580> <et=2155.23> <Mt=22.46> <Spt= 7.34> <nCl=300> <DB=-42726.0183> <Mlp=21890.5069> <PB=16841.2> 
<DWph=2> <it=590> <et=2179.81> <Mt=17.19> <Spt= 7.38> <nCl=295> <DB=-43222.1047> <Mlp=21711.9984> <PB=16841.2> 
<DWph=2> <it=600> <et=2206.53> <Mt=19.28> <Spt= 7.42> <nCl=300> <DB=-50309.6580> <Mlp=21504.7886> <PB=16841.2> 
<DWph=2> <it=610> <et=2230.20> <Mt=16.18> <Spt= 7.48> <nCl=300> <DB=-39818.5337> <Mlp=21366.2327> <PB=16841.2> 
<DWph=2> <it=620> <et=2252.56> <Mt=14.88> <Spt= 7.46> <nCl=299> <DB=-34130.6987> <Mlp=21251.2833> <PB=16841.2> 
<DWph=2> <it=630> <et=2280.54> <Mt=20.57> <Spt= 7.41> <nCl=300> <DB=-23326.5178> <Mlp=21078.3191> <PB=16841.2> 
<DWph=2> <it=640> <et=2306.01> <Mt=17.99> <Spt= 7.45> <nCl=300> <DB=-23337.2243> <Mlp=20950.5089> <PB=16841.2> 
<DWph=2> <it=650> <et=2332.03> <Mt=18.50> <Spt= 7.51> <nCl=297> <DB=-64866.1086> <Mlp=20791.6951> <PB=16841.2> 
<DWph=2> <it=660> <et=2357.87> <Mt=18.35> <Spt= 7.47> <nCl=300> <DB=-22248.3139> <Mlp=20647.4507> <PB=16841.2> 
<DWph=2> <it=670> <et=2383.07> <Mt=17.71> <Spt= 7.48> <nCl=300> <DB=-33219.1649> <Mlp=20518.7133> <PB=16841.2> 
<DWph=2> <it=680> <et=2405.01> <Mt=14.37> <Spt= 7.31> <nCl=300> <DB=-15011.1772> <Mlp=20405.5007> <PB=16841.2> 
<DWph=2> <it=690> <et=2425.83> <Mt=13.39> <Spt= 7.41> <nCl=300> <DB=-11105.7239> <Mlp=20270.9957> <PB=16841.2> 
<DWph=2> <it=700> <et=2447.14> <Mt=13.82> <Spt= 7.47> <nCl=294> <DB=-13585.9469> <Mlp=20145.9716> <PB=16841.2> 
<DWph=2> <it=710> <et=2466.10> <Mt=11.54> <Spt= 7.41> <nCl=300> <DB=-10554.8773> <Mlp=20047.4372> <PB=16841.2> 
<DWph=2> <it=720> <et=2484.95> <Mt=11.39> <Spt= 7.45> <nCl=300> <DB=-8443.3120> <Mlp=19957.1643> <PB=16841.2> 
<DWph=2> <it=730> <et=2504.03> <Mt=11.54> <Spt= 7.52> <nCl=296> <DB=-1511.7176> <Mlp=19863.9582> <PB=16841.2> 
<DWph=2> <it=740> <et=2521.06> <Mt= 9.50> <Spt= 7.52> <nCl=296> <DB=  709.9423> <Mlp=19784.3967> <PB=16841.2> 
<DWph=2> <it=750> <et=2539.81> <Mt=11.20> <Spt= 7.53> <nCl=287> <DB=-1768.7475> <Mlp=19694.0124> <PB=16841.2> 
<DWph=2> <it=760> <et=2557.43> <Mt=10.09> <Spt= 7.51> <nCl=269> <DB=-7548.8608> <Mlp=19618.3857> <PB=16841.2> 
<DWph=2> <it=770> <et=2577.18> <Mt=12.35> <Spt= 7.39> <nCl=300> <DB=-15540.9743> <Mlp=19510.4539> <PB=16841.2> 
<DWph=2> <it=780> <et=2594.60> <Mt= 9.97> <Spt= 7.43> <nCl=291> <DB=-1979.4297> <Mlp=19442.7236> <PB=16841.2> 
<DWph=2> <it=790> <et=2615.32> <Mt=12.89> <Spt= 7.57> <nCl=292> <DB=-7176.1668> <Mlp=19355.5619> <PB=16841.2> 
<DWph=2> <it=800> <et=2628.85> <Mt= 6.28> <Spt= 7.24> <nCl=238> <DB=-1874.4483> <Mlp=19310.9666> <PB=16841.2> 
<DWph=2> <it=810> <et=2641.37> <Mt= 5.14> <Spt= 7.36> <nCl=250> <DB= -546.7059> <Mlp=19266.5290> <PB=16841.2> 
<DWph=2> <it=820> <et=2654.26> <Mt= 5.49> <Spt= 7.38> <nCl=282> <DB=-5139.9712> <Mlp=19219.4297> <PB=16841.2> 
<DWph=2> <it=830> <et=2667.72> <Mt= 6.00> <Spt= 7.44> <nCl=263> <DB= 1657.1541> <Mlp=19177.7988> <PB=16841.2> 
<DWph=2> <it=840> <et=2680.80> <Mt= 5.66> <Spt= 7.41> <nCl=261> <DB= 2094.5521> <Mlp=19156.1034> <PB=16841.2> 
<DWph=2> <it=850> <et=2692.67> <Mt= 4.31> <Spt= 7.54> <nCl=216> <DB=  396.1784> <Mlp=19139.3975> <PB=16841.2> 
<DWph=2> <it=860> <et=2704.71> <Mt= 4.58> <Spt= 7.45> <nCl=247> <DB=  129.0485> <Mlp=19119.6782> <PB=16841.2> 
<DWph=2> <it=870> <et=2721.30> <Mt= 9.15> <Spt= 7.43> <nCl=297> <DB=-1066.8467> <Mlp=19068.4467> <PB=16841.2> 
<DWph=2> <it=880> <et=2742.26> <Mt=13.49> <Spt= 7.45> <nCl=297> <DB= 4748.1264> <Mlp=19011.1699> <PB=16841.2> 
<DWph=2> <it=890> <et=2763.28> <Mt=13.59> <Spt= 7.42> <nCl=299> <DB= 7899.9718> <Mlp=18968.4851> <PB=16841.2> 
<DWph=2> <it=900> <et=2784.15> <Mt=13.37> <Spt= 7.48> <nCl=294> <DB= 2310.6483> <Mlp=18932.4754> <PB=16841.2> 
<DWph=2> <it=910> <et=2800.91> <Mt= 9.47> <Spt= 7.28> <nCl=290> <DB= 9642.5262> <Mlp=18914.7001> <PB=16841.2> 
<DWph=2> <it=920> <et=2814.78> <Mt= 6.25> <Spt= 7.35> <nCl=284> <DB=10942.7264> <Mlp=18893.4100> <PB=16841.2> 
<DWph=2> <it=930> <et=2829.50> <Mt= 7.38> <Spt= 7.32> <nCl=293> <DB= 9199.3395> <Mlp=18859.2874> <PB=16841.2> 
<DWph=2> <it=940> <et=2842.36> <Mt= 5.53> <Spt= 7.32> <nCl=292> <DB= 5369.7476> <Mlp=18836.4059> <PB=16841.2> 
<DWph=2> <it=950> <et=2857.10> <Mt= 7.25> <Spt= 7.48> <nCl=284> <DB= 4746.0696> <Mlp=18815.1886> <PB=16841.2> 
<DWph=2> <it=960> <et=2871.83> <Mt= 7.28> <Spt= 7.42> <nCl=292> <DB= 2548.9070> <Mlp=18783.5577> <PB=16841.2> 
<DWph=2> <it=970> <et=2887.07> <Mt= 7.84> <Spt= 7.40> <nCl=285> <DB=-1006.4598> <Mlp=18766.0787> <PB=16841.2> 
<DWph=2> <it=980> <et=2901.69> <Mt= 7.15> <Spt= 7.45> <nCl=297> <DB= 4660.6223> <Mlp=18743.8522> <PB=16841.2> 
<DWph=2> <it=990> <et=2917.75> <Mt= 8.63> <Spt= 7.42> <nCl=278> <DB= 8733.3724> <Mlp=18720.4819> <PB=16841.2> 
<DWph=2> <it=1000> <et=2933.28> <Mt= 8.09> <Spt= 7.42> <nCl=260> <DB= 8588.7001> <Mlp=18701.0368> <PB=16841.2> 
<DWph=2> <it=1010> <et=2951.27> <Mt=10.51> <Spt= 7.47> <nCl=294> <DB=12016.4097> <Mlp=18676.8749> <PB=16841.2> 
<DWph=2> <it=1020> <et=2969.19> <Mt=10.39> <Spt= 7.52> <nCl=285> <DB= 6752.9613> <Mlp=18645.8318> <PB=16841.2> 
<DWph=2> <it=1030> <et=2985.55> <Mt= 8.61> <Spt= 7.46> <nCl=297> <DB=14302.9460> <Mlp=18622.1966> <PB=16841.2> 
<DWph=2> <it=1040> <et=2998.34> <Mt= 5.43> <Spt= 7.35> <nCl=283> <DB= 4975.4572> <Mlp=18610.7570> <PB=16841.2> 
<DWph=2> <it=1050> <et=3010.72> <Mt= 4.75> <Spt= 7.61> <nCl=275> <DB= 8344.5339> <Mlp=18591.9653> <PB=16841.2> 
<DWph=2> <it=1060> <et=3023.48> <Mt= 5.25> <Spt= 7.50> <nCl=243> <DB=11501.4299> <Mlp=18566.3340> <PB=16841.2> 
<DWph=2> <it=1070> <et=3035.25> <Mt= 4.22> <Spt= 7.53> <nCl=250> <DB=11815.7567> <Mlp=18556.1839> <PB=16841.2> 
<DWph=2> <it=1080> <et=3048.69> <Mt= 5.92> <Spt= 7.51> <nCl=268> <DB=14866.8285> <Mlp=18547.6299> <PB=16841.2> 
<DWph=2> <it=1090> <et=3061.91> <Mt= 5.73> <Spt= 7.47> <nCl=288> <DB=14584.6715> <Mlp=18538.1860> <PB=16841.2> 
<DWph=2> <it=1100> <et=3074.71> <Mt= 5.31> <Spt= 7.48> <nCl=246> <DB=13857.2459> <Mlp=18531.2077> <PB=16841.2> 
<DWph=2> <it=1110> <et=3092.00> <Mt= 9.73> <Spt= 7.55> <nCl=255> <DB=15717.7210> <Mlp=18523.7551> <PB=16841.2> 
<DWph=2> <it=1120> <et=3114.43> <Mt=14.95> <Spt= 7.47> <nCl=289> <DB= 7012.7111> <Mlp=18513.6502> <PB=16841.2> 
<DWph=2> <it=1130> <et=3136.75> <Mt=14.82> <Spt= 7.48> <nCl=288> <DB=12335.9714> <Mlp=18484.7629> <PB=16841.2> 
<DWph=2> <it=1140> <et=3151.90> <Mt= 7.63> <Spt= 7.51> <nCl=245> <DB= 8373.8907> <Mlp=18475.2328> <PB=16841.2> 
<DWph=2> <it=1150> <et=3170.08> <Mt=10.41> <Spt= 7.48> <nCl=276> <DB= 9206.5350> <Mlp=18461.9587> <PB=16841.2> 
<DWph=2> <it=1160> <et=3179.53> <Mt= 2.16> <Spt= 7.27> <nCl=220> <DB= 8086.8693> <Mlp=18458.2071> <PB=16841.2> 
<DWph=2> <it=1170> <et=3189.74> <Mt= 2.80> <Spt= 7.40> <nCl=280> <DB=15121.1430> <Mlp=18452.5927> <PB=16841.2> 
<DWph=2> <it=1180> <et=3201.04> <Mt= 3.88> <Spt= 7.40> <nCl=216> <DB= 7889.8225> <Mlp=18444.7634> <PB=16841.2> 
<DWph=2> <it=1190> <et=3211.65> <Mt= 3.24> <Spt= 7.36> <nCl=276> <DB=10214.1589> <Mlp=18435.8539> <PB=16841.2> 
<DWph=2> <it=1200> <et=3220.61> <Mt= 1.56> <Spt= 7.38> <nCl=257> <DB=12430.5293> <Mlp=18434.7047> <PB=16841.2> 
<DWph=2> <it=1210> <et=3231.52> <Mt= 3.55> <Spt= 7.35> <nCl=258> <DB= 8664.3487> <Mlp=18431.5627> <PB=16841.2> 
<DWph=2> <it=1220> <et=3244.72> <Mt= 5.70> <Spt= 7.48> <nCl=237> <DB=10231.6561> <Mlp=18426.5332> <PB=16841.2> 
<DWph=2> <it=1230> <et=3254.07> <Mt= 1.79> <Spt= 7.55> <nCl=220> <DB=11647.6542> <Mlp=18425.4772> <PB=16841.2> 
<DWph=2> <it=1240> <et=3263.92> <Mt= 1.50> <Spt= 8.33> <nCl=175> <DB=12678.2586> <Mlp=18425.1851> <PB=16841.2> 
<DWph=2> <it=1250> <et=3275.44> <Mt= 4.01> <Spt= 7.51> <nCl=232> <DB=-9735546.8343> <Mlp=18424.1705> <PB=16841.2> 
<DWph=2> <it=1260> <et=3285.44> <Mt= 2.49> <Spt= 7.49> <nCl=225> <DB= 4958.2645> <Mlp=18424.1499> <PB=16841.2> 
<DWph=2> <it=1270> <et=3294.43> <Mt= 0.75> <Spt= 8.23> <nCl=201> <DB=13077.4227> <Mlp=18424.1305> <PB=16841.2> 
<DWph=2> <it=1280> <et=3304.03> <Mt= 1.75> <Spt= 7.56> <nCl=186> <DB=10133.6249> <Mlp=18423.1385> <PB=16841.2> 
<DWph=2> <it=1290> <et=3313.27> <Mt= 1.66> <Spt= 7.56> <nCl=184> <DB= 9423.4199> <Mlp=18419.9819> <PB=16841.2> 
<DWph=2> <it=1300> <et=3322.09> <Mt= 1.23> <Spt= 7.58> <nCl=127> <DB=12279.6124> <Mlp=18418.0484> <PB=16841.2> 
<DWph=2> <it=1310> <et=3331.58> <Mt= 1.29> <Spt= 8.18> <nCl=174> <DB=13358.1601> <Mlp=18417.1118> <PB=16841.2> 
<DWph=2> <it=1320> <et=3341.11> <Mt= 2.00> <Spt= 7.52> <nCl=207> <DB=-1029.4493> <Mlp=18414.4336> <PB=16841.2> 
<DWph=2> <it=1330> <et=3350.60> <Mt= 2.01> <Spt= 7.46> <nCl=182> <DB= 8784.3035> <Mlp=18409.9535> <PB=16841.2> 
<DWph=2> <it=1340> <et=3359.86> <Mt= 1.80> <Spt= 7.45> <nCl=199> <DB= 4666.3136> <Mlp=18408.6553> <PB=16841.2> 
<DWph=2> <it=1350> <et=3368.39> <Mt= 1.07> <Spt= 7.45> <nCl=222> <DB=11200.8100> <Mlp=18408.0432> <PB=16841.2> 
<DWph=2> <it=1360> <et=3378.21> <Mt= 2.39> <Spt= 7.42> <nCl=207> <DB=14179.8526> <Mlp=18404.8575> <PB=16841.2> 
<DWph=2> <it=1370> <et=3391.08> <Mt= 5.39> <Spt= 7.45> <nCl=228> <DB=-1779.2123> <Mlp=18395.0334> <PB=16841.2> 
<DWph=2> <it=1380> <et=3401.87> <Mt= 3.41> <Spt= 7.38> <nCl=175> <DB=11337.7391> <Mlp=18385.5450> <PB=16841.2> 
<DWph=2> <it=1390> <et=3411.07> <Mt= 1.79> <Spt= 7.39> <nCl=171> <DB=12810.3591> <Mlp=18379.8928> <PB=16841.2> 
<DWph=2> <it=1400> <et=3420.70> <Mt= 1.43> <Spt= 8.19> <nCl=217> <DB=13156.7515> <Mlp=18376.6227> <PB=16841.2> 
<DWph=2> <it=1410> <et=3430.30> <Mt= 1.37> <Spt= 8.21> <nCl=244> <DB= 8624.0850> <Mlp=18374.0330> <PB=16841.2> 
<DWph=2> <it=1420> <et=3441.59> <Mt= 3.77> <Spt= 7.51> <nCl=261> <DB=-5268910.3900> <Mlp=18358.6397> <PB=16841.2> 
<DWph=2> <it=1430> <et=3452.73> <Mt= 3.34> <Spt= 7.53> <nCl=300> <DB=-38622.0221> <Mlp=18358.1377> <PB=16841.2> 
<DWph=2> <it=1440> <et=3462.82> <Mt= 1.76> <Spt= 8.31> <nCl=233> <DB=16336.6733> <Mlp=18354.9188> <PB=16841.2> 
<DWph=2> <it=1450> <et=3472.01> <Mt= 1.63> <Spt= 7.55> <nCl=157> <DB=15336.4681> <Mlp=18354.6799> <PB=16841.2> 
<DWph=2> <it=1460> <et=3480.22> <Mt= 0.55> <Spt= 7.65> <nCl= 80> <DB=11328.5953> <Mlp=18354.6483> <PB=16841.2> 
<DWph=2> <it=1470> <et=3489.25> <Mt= 1.38> <Spt= 7.63> <nCl=216> <DB=14231.0754> <Mlp=18354.0329> <PB=16841.2> 
<DWph=2> <it=1480> <et=3502.96> <Mt= 3.83> <Spt= 9.86> <nCl=155> <DB= -607.5016> <Mlp=18344.5899> <PB=16841.2> 
<DWph=2> <it=1490> <et=3515.43> <Mt= 4.92> <Spt= 7.54> <nCl=232> <DB=14499.5296> <Mlp=18337.5335> <PB=16841.2> 
<DWph=2> <it=1500> <et=3531.45> <Mt= 8.44> <Spt= 7.57> <nCl=218> <DB=10664.0144> <Mlp=18330.9890> <PB=16841.2> 
<DWph=2> <it=1510> <et=3543.47> <Mt= 4.40> <Spt= 7.60> <nCl=192> <DB=12775.8026> <Mlp=18329.2451> <PB=16841.2> 
<DWph=2> <it=1520> <et=3557.04> <Mt= 5.24> <Spt= 8.32> <nCl=211> <DB=10281.5137> <Mlp=18325.5882> <PB=16841.2> 
<DWph=2> <it=1530> <et=3571.95> <Mt= 7.36> <Spt= 7.54> <nCl=199> <DB=-2549127.9415> <Mlp=18323.7185> <PB=16841.2> 
<DWph=2> <it=1540> <et=3590.39> <Mt=10.93> <Spt= 7.50> <nCl=300> <DB= -670.9509> <Mlp=18323.7185> <PB=16841.2> 
<DWph=2> <it=1550> <et=3607.39> <Mt= 7.98> <Spt= 8.99> <nCl=246> <DB=-49766.5143> <Mlp=18315.8005> <PB=16841.2> 
Global time limit is reached during column generation
ColGenEvalAlg final dual bound: -1e+12 (rounded: -1e+12)
SEARCH IS INTERRUPTED as the time limit is reached. 
************************************************************************************************
Search is finished, global bounds : [ -1e+12 , 16841.2 ], TIME = 1h0m8s15t = 360815
************************************************************************************************
statistics_cols: instance & :Optimal & cutoff & :bcRecRootDb & :bcTimeRootEval & :bcCountNodeProc & :bcRecBestDb & :bcRecBestInc & :bcTimeMain \\
statistics: C2_10_1 & 0 & 16841.2 & -1000000000000.00 & 3608.08 & 1 & 0.00 & -- & 3608.15 \\
########################################################
Solution not found
########################################################
Application parameters:
  batch  =>  nothing
  tikz  =>  nothing
  instance  =>  "/VRPTW/data/1000/C2_10_2.vrptw"
  out  =>  nothing
  nosolve  =>  false
  ub  =>  16462.7
  sol  =>  nothing
  cfg  =>  "/VRPTW/config/VRPTW_set_2.cfg"
  enable_cap_res  =>  false
[41m solve [00m
~~~~~~~~~~~~~~~~~~~~~~~~~~~~~~~~~~~~~~~~~~~~~~~~~~~~~~~~~~~~~~~~~~~~~~~~~~~~~~
VRPSolver v0.4.1, 24/03/2021. Web: vrpsolver.math.u-bordeaux.fr
Corresponds to the solver by Pessoa, Sadykov, Uchoa and Vanderbeck (2020)
Paper: dx.doi.org/10.1007/s10107-020-01523-z
USE THIS CODE ONLY FOR ACADEMIC PURPOSES AT YOUR OWN RISK
~~~~~~~~~~~~~~~~~~~~~~~~~~~~~~~~~~~~~~~~~~~~~~~~~~~~~~~~~~~~~~~~~~~~~~~~~~~~~~
BaPCod v053, 24/03/2021, © Inria Bordeaux, France
~~~~~~~~~~~~~~~~~~~~~~~~~~~~~~~~~~~~~~~~~~~~~~~~~~~~~~~~~~~~~~~~~~~~~~~~~~~~~~
VRPSolver parameters:
GlobalTimeLimit = 3600
MaxNbOfBBtreeNodeTreated = 100000
treeSearchStrategy = 1
RCSPstopCutGenTimeThresholdInPricing = 30
RCSPhardTimeThresholdInPricing = 20
RCSPnumberOfBucketsPerVertex = 25
RCSPdynamicBucketSteps = 1
RCSPuseBidirectionalSearch = 1
RCSPapplyReducedCostFixing = 1
RCSPredCostFixingFalseGap = 0
RCSPmaxNumOfColsPerIteration = 30
RCSPmaxNumOfColsPerExactIteration = 150
RCSPheurLabelingStrategy = 0
StabilizationMinPhaseOfStage = 0
RCSPmaxNumOfLabelsInEnumeration = 1000000
RCSPmaxNumOfEnumeratedSolutions = 5000000
RCSPmaxNumOfEnumSolutionsForMIP = 10000
RCSPinitNGneighbourhoodSize = 8
RCSPmaxNGneighbourhoodSize = 16
RCSPrankOneCutsMaxNumPerRound = 100
RCSPrankOneCutsMaxNumRows = 5
RCSPrankOneCutsMemoryType = 1
CutTailingOffThreshold = 0.015
CutTailingOffCounterThreshold = 3
SafeDualBoundScaleFactor = -1
StrongBranchingPhaseOneCandidatesNumber = 50
StrongBranchingPhaseOneTreeSizeEstimRatio = 100
StrongBranchingPhaseTwoCandidatesNumber = 3
StrongBranchingPhaseTwoTreeSizeEstimRatio = 100
MaxTimeForRestrictedMasterIpHeur = -1
DivingHeurUseDepthLimit = -1
MaxLDSbreadth = 0
MaxLDSdepth = 0
New model incumbent solution 16462.7, TIME = 0h0m0s8t = 8
Model is built TIME = 0h0m26s62t = 2662
************************************************************************************************
**** BaB tree root node
**** Local DB = -1e+12, global bounds : [ -1e+12 , 16462.7 ], TIME = 0h0m26s62t = 2662
**** 1 open nodes, 0 columns (0 active), 0 dyn. constrs. (0 active), 2002 art. vars. (2002 active)
************************************************************************************************
<DWph=2> <it= 10> <et=52.16> <Mt= 0.02> <Spt=23.80> <nCl=300> <DB=-159421355.2785> <Mlp=13944376.6767> <PB=16462.7> 
<DWph=2> <it= 20> <et=75.37> <Mt= 0.03> <Spt=23.16> <nCl=300> <DB=-145570159.4751> <Mlp=8333002.0250> <PB=16462.7> 
<DWph=2> <it= 30> <et=98.70> <Mt= 0.07> <Spt=23.25> <nCl=300> <DB=-130862404.8816> <Mlp=5282267.9842> <PB=16462.7> 
<DWph=2> <it= 40> <et=121.33> <Mt= 0.34> <Spt=22.29> <nCl=300> <DB=-112231021.0531> <Mlp=3328220.4418> <PB=16462.7> 
<DWph=2> <it= 50> <et=144.48> <Mt= 0.79> <Spt=22.35> <nCl=300> <DB=-99603216.8752> <Mlp=2262402.9389> <PB=16462.7> 
<DWph=2> <it= 60> <et=167.63> <Mt= 1.45> <Spt=21.70> <nCl=300> <DB=-84896458.2853> <Mlp=1734277.8033> <PB=16462.7> 
<DWph=2> <it= 70> <et=191.86> <Mt= 2.46> <Spt=21.76> <nCl=300> <DB=-80118781.8954> <Mlp=1308266.6685> <PB=16462.7> 
<DWph=2> <it= 80> <et=217.76> <Mt= 3.18> <Spt=22.71> <nCl=300> <DB=-73306886.8477> <Mlp=1067975.8961> <PB=16462.7> 
<DWph=2> <it= 90> <et=243.98> <Mt= 4.39> <Spt=21.82> <nCl=300> <DB=-66622068.0876> <Mlp=887483.2270> <PB=16462.7> 
<DWph=2> <it=100> <et=271.55> <Mt= 5.90> <Spt=21.66> <nCl=300> <DB=-58723901.2236> <Mlp=748579.1911> <PB=16462.7> 
<DWph=2> <it=110> <et=301.76> <Mt= 7.84> <Spt=22.37> <nCl=300> <DB=-57826214.1616> <Mlp=633481.9718> <PB=16462.7> 
<DWph=2> <it=120> <et=334.71> <Mt=10.20> <Spt=22.73> <nCl=300> <DB=-57395504.5871> <Mlp=537814.6516> <PB=16462.7> 
<DWph=2> <it=130> <et=369.71> <Mt=12.86> <Spt=22.14> <nCl=300> <DB=-53218678.7737> <Mlp=437419.7975> <PB=16462.7> 
<DWph=2> <it=140> <et=404.84> <Mt=13.84> <Spt=21.27> <nCl=300> <DB=-47673271.9366> <Mlp=378003.1824> <PB=16462.7> 
<DWph=2> <it=150> <et=439.47> <Mt=13.80> <Spt=20.83> <nCl=300> <DB=-42943261.6821> <Mlp=333265.3904> <PB=16462.7> 
<DWph=2> <it=160> <et=480.17> <Mt=18.91> <Spt=21.78> <nCl=300> <DB=-36755657.3184> <Mlp=284329.2464> <PB=16462.7> 
<DWph=2> <it=170> <et=523.47> <Mt=21.47> <Spt=21.82> <nCl=300> <DB=-37699267.1657> <Mlp=244663.1893> <PB=16462.7> 
<DWph=2> <it=180> <et=569.96> <Mt=25.31> <Spt=21.17> <nCl=300> <DB=-33466775.7804> <Mlp=207397.8748> <PB=16462.7> 
<DWph=2> <it=190> <et=619.72> <Mt=28.86> <Spt=20.89> <nCl=300> <DB=-32545826.1849> <Mlp=179083.1984> <PB=16462.7> 
<DWph=2> <it=200> <et=675.88> <Mt=34.70> <Spt=21.46> <nCl=300> <DB=-25836499.5294> <Mlp=158309.4181> <PB=16462.7> 
<DWph=2> <it=210> <et=738.03> <Mt=40.77> <Spt=21.38> <nCl=300> <DB=-21802970.3099> <Mlp=137772.8851> <PB=16462.7> 
<DWph=2> <it=220> <et=809.76> <Mt=50.56> <Spt=21.16> <nCl=300> <DB=-19140377.2815> <Mlp=116069.9683> <PB=16462.7> 
<DWph=2> <it=230> <et=890.08> <Mt=59.11> <Spt=21.20> <nCl=300> <DB=-14787963.0076> <Mlp=100640.8826> <PB=16462.7> 
<DWph=2> <it=240> <et=982.91> <Mt=71.38> <Spt=21.43> <nCl=300> <DB=-11391199.4700> <Mlp=84235.4548> <PB=16462.7> 
<DWph=2> <it=250> <et=1070.41> <Mt=65.84> <Spt=21.66> <nCl=300> <DB=-9755965.7731> <Mlp=69405.0780> <PB=16462.7> 
<DWph=2> <it=260> <et=1148.23> <Mt=55.87> <Spt=21.94> <nCl=300> <DB=-9307522.5920> <Mlp=58884.3390> <PB=16462.7> 
<DWph=2> <it=270> <et=1241.54> <Mt=71.38> <Spt=21.91> <nCl=300> <DB=-6697277.5285> <Mlp=48070.0336> <PB=16462.7> 
<DWph=2> <it=280> <et=1341.50> <Mt=77.94> <Spt=22.01> <nCl=300> <DB=-1085793.6056> <Mlp=46227.2022> <PB=16462.7> 
<DWph=2> <it=290> <et=1434.52> <Mt=70.14> <Spt=22.87> <nCl=300> <DB=-872183.0290> <Mlp=44940.4023> <PB=16462.7> 
<DWph=2> <it=300> <et=1535.44> <Mt=78.23> <Spt=22.68> <nCl=300> <DB=-804939.0882> <Mlp=43448.3704> <PB=16462.7> 
<DWph=2> <it=310> <et=1643.70> <Mt=85.50> <Spt=22.75> <nCl=300> <DB=-847948.4810> <Mlp=41714.3333> <PB=16462.7> 
<DWph=2> <it=320> <et=1744.65> <Mt=77.17> <Spt=23.76> <nCl=300> <DB=-617628.6814> <Mlp=40093.8724> <PB=16462.7> 
<DWph=2> <it=330> <et=1838.76> <Mt=70.54> <Spt=23.57> <nCl=300> <DB=-607635.7373> <Mlp=38897.9203> <PB=16462.7> 
<DWph=2> <it=340> <et=1927.78> <Mt=65.96> <Spt=22.83> <nCl=300> <DB=-638873.0631> <Mlp=37516.5199> <PB=16462.7> 
<DWph=2> <it=350> <et=1994.92> <Mt=44.48> <Spt=22.66> <nCl=300> <DB=-546707.3712> <Mlp=36727.3890> <PB=16462.7> 
<DWph=2> <it=360> <et=2064.23> <Mt=46.25> <Spt=23.04> <nCl=300> <DB=-466882.9034> <Mlp=35980.3242> <PB=16462.7> 
<DWph=2> <it=370> <et=2131.77> <Mt=44.43> <Spt=23.10> <nCl=300> <DB=-410633.9572> <Mlp=35234.8737> <PB=16462.7> 
<DWph=2> <it=380> <et=2203.27> <Mt=48.42> <Spt=23.07> <nCl=300> <DB=-420518.5599> <Mlp=34493.8091> <PB=16462.7> 
<DWph=2> <it=390> <et=2278.03> <Mt=51.56> <Spt=23.19> <nCl=300> <DB=-360759.5516> <Mlp=33743.5916> <PB=16462.7> 
<DWph=2> <it=400> <et=2352.05> <Mt=50.65> <Spt=23.37> <nCl=300> <DB=-354865.9086> <Mlp=33105.3073> <PB=16462.7> 
<DWph=2> <it=410> <et=2428.58> <Mt=53.46> <Spt=23.04> <nCl=300> <DB=-345509.3422> <Mlp=32473.3397> <PB=16462.7> 
<DWph=2> <it=420> <et=2502.31> <Mt=49.71> <Spt=24.02> <nCl=300> <DB=-312229.1412> <Mlp=31874.4099> <PB=16462.7> 
<DWph=2> <it=430> <et=2574.68> <Mt=48.61> <Spt=23.75> <nCl=297> <DB=-273050.0206> <Mlp=31376.1005> <PB=16462.7> 
<DWph=2> <it=440> <et=2649.43> <Mt=50.96> <Spt=23.77> <nCl=300> <DB=-263033.0792> <Mlp=30875.1440> <PB=16462.7> 
<DWph=2> <it=450> <et=2718.12> <Mt=44.70> <Spt=23.78> <nCl=300> <DB=-262975.4058> <Mlp=30463.6722> <PB=16462.7> 
<DWph=2> <it=460> <et=2789.75> <Mt=47.52> <Spt=24.10> <nCl=300> <DB=-239185.5490> <Mlp=29847.5159> <PB=16462.7> 
<DWph=2> <it=470> <et=2860.29> <Mt=46.16> <Spt=24.37> <nCl=298> <DB=-198216.1953> <Mlp=29202.9791> <PB=16462.7> 
<DWph=2> <it=480> <et=2929.10> <Mt=44.08> <Spt=24.72> <nCl=300> <DB=-184692.6912> <Mlp=28647.0162> <PB=16462.7> 
<DWph=2> <it=490> <et=3005.36> <Mt=51.95> <Spt=24.31> <nCl=300> <DB=-174361.2294> <Mlp=27983.6593> <PB=16462.7> 
<DWph=2> <it=500> <et=3078.21> <Mt=48.39> <Spt=24.43> <nCl=300> <DB=-150811.3787> <Mlp=27472.9798> <PB=16462.7> 
<DWph=2> <it=510> <et=3156.02> <Mt=52.73> <Spt=25.08> <nCl=300> <DB=-143107.2824> <Mlp=26893.3854> <PB=16462.7> 
<DWph=2> <it=520> <et=3233.17> <Mt=52.23> <Spt=24.90> <nCl=300> <DB=-176561.0396> <Mlp=26312.9931> <PB=16462.7> 
<DWph=2> <it=530> <et=3306.89> <Mt=49.22> <Spt=24.50> <nCl=299> <DB=-116647.5544> <Mlp=25781.0200> <PB=16462.7> 
<DWph=2> <it=540> <et=3381.60> <Mt=50.13> <Spt=24.56> <nCl=300> <DB=-111187.6147> <Mlp=25267.6256> <PB=16462.7> 
<DWph=2> <it=550> <et=3460.55> <Mt=54.86> <Spt=24.07> <nCl=300> <DB=-104494.6006> <Mlp=24697.9033> <PB=16462.7> 
<DWph=2> <it=560> <et=3529.57> <Mt=43.58> <Spt=25.44> <nCl=293> <DB=-114492.6532> <Mlp=24334.6833> <PB=16462.7> 
<DWph=2> <it=570> <et=3586.09> <Mt=32.07> <Spt=24.21> <nCl=300> <DB=-87164.5008> <Mlp=24082.6285> <PB=16462.7> 
<DWph=2> <it=580> <et=3648.85> <Mt=38.14> <Spt=24.61> <nCl=300> <DB=-87130.4417> <Mlp=23668.9525> <PB=16462.7> 
Global time limit is reached during column generation
ColGenEvalAlg final dual bound: -1e+12 (rounded: -1e+12)
SEARCH IS INTERRUPTED as the time limit is reached. 
************************************************************************************************
Search is finished, global bounds : [ -1e+12 , 16462.7 ], TIME = 1h0m49s71t = 364971
************************************************************************************************
statistics_cols: instance & :Optimal & cutoff & :bcRecRootDb & :bcTimeRootEval & :bcCountNodeProc & :bcRecBestDb & :bcRecBestInc & :bcTimeMain \\
statistics: C2_10_2 & 0 & 16462.7 & -1000000000000.00 & 3649.63 & 1 & 0.00 & -- & 3649.71 \\
########################################################
Solution not found
########################################################
Application parameters:
  batch  =>  nothing
  tikz  =>  nothing
  instance  =>  "/VRPTW/data/1000/C2_10_3.vrptw"
  out  =>  nothing
  nosolve  =>  false
  ub  =>  16036.6
  sol  =>  nothing
  cfg  =>  "/VRPTW/config/VRPTW_set_2.cfg"
  enable_cap_res  =>  false
[41m solve [00m
~~~~~~~~~~~~~~~~~~~~~~~~~~~~~~~~~~~~~~~~~~~~~~~~~~~~~~~~~~~~~~~~~~~~~~~~~~~~~~
VRPSolver v0.4.1, 24/03/2021. Web: vrpsolver.math.u-bordeaux.fr
Corresponds to the solver by Pessoa, Sadykov, Uchoa and Vanderbeck (2020)
Paper: dx.doi.org/10.1007/s10107-020-01523-z
USE THIS CODE ONLY FOR ACADEMIC PURPOSES AT YOUR OWN RISK
~~~~~~~~~~~~~~~~~~~~~~~~~~~~~~~~~~~~~~~~~~~~~~~~~~~~~~~~~~~~~~~~~~~~~~~~~~~~~~
BaPCod v053, 24/03/2021, © Inria Bordeaux, France
~~~~~~~~~~~~~~~~~~~~~~~~~~~~~~~~~~~~~~~~~~~~~~~~~~~~~~~~~~~~~~~~~~~~~~~~~~~~~~
VRPSolver parameters:
GlobalTimeLimit = 3600
MaxNbOfBBtreeNodeTreated = 100000
treeSearchStrategy = 1
RCSPstopCutGenTimeThresholdInPricing = 30
RCSPhardTimeThresholdInPricing = 20
RCSPnumberOfBucketsPerVertex = 25
RCSPdynamicBucketSteps = 1
RCSPuseBidirectionalSearch = 1
RCSPapplyReducedCostFixing = 1
RCSPredCostFixingFalseGap = 0
RCSPmaxNumOfColsPerIteration = 30
RCSPmaxNumOfColsPerExactIteration = 150
RCSPheurLabelingStrategy = 0
StabilizationMinPhaseOfStage = 0
RCSPmaxNumOfLabelsInEnumeration = 1000000
RCSPmaxNumOfEnumeratedSolutions = 5000000
RCSPmaxNumOfEnumSolutionsForMIP = 10000
RCSPinitNGneighbourhoodSize = 8
RCSPmaxNGneighbourhoodSize = 16
RCSPrankOneCutsMaxNumPerRound = 100
RCSPrankOneCutsMaxNumRows = 5
RCSPrankOneCutsMemoryType = 1
CutTailingOffThreshold = 0.015
CutTailingOffCounterThreshold = 3
SafeDualBoundScaleFactor = -1
StrongBranchingPhaseOneCandidatesNumber = 50
StrongBranchingPhaseOneTreeSizeEstimRatio = 100
StrongBranchingPhaseTwoCandidatesNumber = 3
StrongBranchingPhaseTwoTreeSizeEstimRatio = 100
MaxTimeForRestrictedMasterIpHeur = -1
DivingHeurUseDepthLimit = -1
MaxLDSbreadth = 0
MaxLDSdepth = 0
New model incumbent solution 16036.6, TIME = 0h0m0s8t = 8
Model is built TIME = 0h0m26s42t = 2642
************************************************************************************************
**** BaB tree root node
**** Local DB = -1e+12, global bounds : [ -1e+12 , 16036.6 ], TIME = 0h0m26s42t = 2642
**** 1 open nodes, 0 columns (0 active), 0 dyn. constrs. (0 active), 2002 art. vars. (2002 active)
************************************************************************************************
<DWph=2> <it= 10> <et=57.23> <Mt= 0.01> <Spt=29.01> <nCl=300> <DB=-158183861.5358> <Mlp=15521091.5611> <PB=16036.6> 
<DWph=2> <it= 20> <et=86.78> <Mt= 0.03> <Spt=29.51> <nCl=300> <DB=-154373959.4374> <Mlp=11313794.5634> <PB=16036.6> 
<DWph=2> <it= 30> <et=116.17> <Mt= 0.05> <Spt=29.35> <nCl=300> <DB=-143986081.0475> <Mlp=8233753.2434> <PB=16036.6> 
<DWph=2> <it= 40> <et=145.77> <Mt= 0.09> <Spt=29.49> <nCl=300> <DB=-133932042.2097> <Mlp=5676260.3386> <PB=16036.6> 
<DWph=2> <it= 50> <et=175.19> <Mt= 0.24> <Spt=29.19> <nCl=300> <DB=-124419511.1682> <Mlp=4073899.1540> <PB=16036.6> 
<DWph=2> <it= 60> <et=204.83> <Mt= 0.57> <Spt=29.05> <nCl=300> <DB=-115214602.5829> <Mlp=3058471.0262> <PB=16036.6> 
<DWph=2> <it= 70> <et=234.77> <Mt= 0.99> <Spt=28.94> <nCl=300> <DB=-101673825.3481> <Mlp=2278837.0629> <PB=16036.6> 
<DWph=2> <it= 80> <et=265.10> <Mt= 1.53> <Spt=28.80> <nCl=300> <DB=-97200047.5485> <Mlp=1753666.8841> <PB=16036.6> 
<DWph=2> <it= 90> <et=297.17> <Mt= 2.81> <Spt=29.24> <nCl=300> <DB=-86457335.8715> <Mlp=1381173.0915> <PB=16036.6> 
<DWph=2> <it=100> <et=330.62> <Mt= 4.31> <Spt=29.14> <nCl=300> <DB=-79051827.5024> <Mlp=1073172.5818> <PB=16036.6> 
<DWph=2> <it=110> <et=365.68> <Mt= 6.14> <Spt=28.91> <nCl=300> <DB=-71744996.5808> <Mlp=840713.8819> <PB=16036.6> 
<DWph=2> <it=120> <et=403.33> <Mt= 8.49> <Spt=29.15> <nCl=300> <DB=-69729604.5856> <Mlp=662275.5842> <PB=16036.6> 
<DWph=2> <it=130> <et=443.69> <Mt=11.21> <Spt=29.14> <nCl=300> <DB=-63211749.1471> <Mlp=526361.1160> <PB=16036.6> 
<DWph=2> <it=140> <et=486.70> <Mt=13.96> <Spt=29.04> <nCl=300> <DB=-65892862.7135> <Mlp=416056.2981> <PB=16036.6> 
<DWph=2> <it=150> <et=531.48> <Mt=15.46> <Spt=29.31> <nCl=300> <DB=-57652523.0122> <Mlp=347243.3355> <PB=16036.6> 
<DWph=2> <it=160> <et=577.84> <Mt=17.22> <Spt=29.13> <nCl=300> <DB=-48243134.5976> <Mlp=288035.5192> <PB=16036.6> 
<DWph=2> <it=170> <et=630.15> <Mt=23.15> <Spt=29.15> <nCl=300> <DB=-47837402.7544> <Mlp=229908.2384> <PB=16036.6> 
<DWph=2> <it=180> <et=679.98> <Mt=20.85> <Spt=28.98> <nCl=300> <DB=-44468050.7551> <Mlp=189209.9590> <PB=16036.6> 
<DWph=2> <it=190> <et=735.75> <Mt=26.28> <Spt=29.48> <nCl=300> <DB=-32962436.3090> <Mlp=155078.4624> <PB=16036.6> 
<DWph=2> <it=200> <et=796.37> <Mt=31.24> <Spt=29.37> <nCl=300> <DB=-26688070.3424> <Mlp=131021.8658> <PB=16036.6> 
<DWph=2> <it=210> <et=859.26> <Mt=33.63> <Spt=29.24> <nCl=300> <DB=-25162200.6020> <Mlp=116216.5542> <PB=16036.6> 
<DWph=2> <it=220> <et=925.58> <Mt=36.98> <Spt=29.34> <nCl=300> <DB=-18447364.5698> <Mlp=103830.7259> <PB=16036.6> 
<DWph=2> <it=230> <et=992.82> <Mt=38.07> <Spt=29.17> <nCl=300> <DB=-15945370.5112> <Mlp=92030.2323> <PB=16036.6> 
<DWph=2> <it=240> <et=1072.39> <Mt=50.13> <Spt=29.42> <nCl=300> <DB=-13421893.6362> <Mlp=77540.6551> <PB=16036.6> 
<DWph=2> <it=250> <et=1153.19> <Mt=51.42> <Spt=29.37> <nCl=300> <DB=-11021782.7183> <Mlp=65594.8604> <PB=16036.6> 
<DWph=2> <it=260> <et=1245.93> <Mt=63.14> <Spt=29.60> <nCl=300> <DB=-9644728.0657> <Mlp=52828.6622> <PB=16036.6> 
<DWph=2> <it=270> <et=1349.47> <Mt=74.15> <Spt=29.37> <nCl=300> <DB=-7274742.3158> <Mlp=39823.6004> <PB=16036.6> 
<DWph=2> <it=280> <et=1437.43> <Mt=57.54> <Spt=30.41> <nCl=300> <DB=-1039641.9428> <Mlp=38833.4611> <PB=16036.6> 
<DWph=2> <it=290> <et=1527.26> <Mt=59.85> <Spt=29.97> <nCl=300> <DB=-685715.1049> <Mlp=37951.7895> <PB=16036.6> 
<DWph=2> <it=300> <et=1621.77> <Mt=64.00> <Spt=30.50> <nCl=300> <DB=-671761.9056> <Mlp=36949.7802> <PB=16036.6> 
<DWph=2> <it=310> <et=1713.97> <Mt=61.42> <Spt=30.76> <nCl=300> <DB=-489173.4449> <Mlp=36077.9866> <PB=16036.6> 
<DWph=2> <it=320> <et=1812.38> <Mt=67.30> <Spt=31.11> <nCl=300> <DB=-440323.9607> <Mlp=35206.5390> <PB=16036.6> 
<DWph=2> <it=330> <et=1903.88> <Mt=60.74> <Spt=30.74> <nCl=300> <DB=-406599.7530> <Mlp=34465.3914> <PB=16036.6> 
<DWph=2> <it=340> <et=1986.12> <Mt=51.36> <Spt=30.67> <nCl=300> <DB=-366913.7381> <Mlp=33749.5161> <PB=16036.6> 
<DWph=2> <it=350> <et=2062.94> <Mt=46.18> <Spt=30.63> <nCl=300> <DB=-328292.8433> <Mlp=33038.3349> <PB=16036.6> 
<DWph=2> <it=360> <et=2143.85> <Mt=50.08> <Spt=30.81> <nCl=300> <DB=-308183.1704> <Mlp=32315.5505> <PB=16036.6> 
<DWph=2> <it=370> <et=2224.70> <Mt=50.22> <Spt=30.62> <nCl=287> <DB=-317027.2550> <Mlp=31624.3575> <PB=16036.6> 
<DWph=2> <it=380> <et=2305.13> <Mt=49.73> <Spt=30.69> <nCl=299> <DB=-279621.6503> <Mlp=30975.1758> <PB=16036.6> 
<DWph=2> <it=390> <et=2383.54> <Mt=47.38> <Spt=31.02> <nCl=300> <DB=-258714.2922> <Mlp=30360.9230> <PB=16036.6> 
<DWph=2> <it=400> <et=2465.47> <Mt=50.55> <Spt=31.36> <nCl=300> <DB=-231788.5829> <Mlp=29822.3006> <PB=16036.6> 
<DWph=2> <it=410> <et=2556.46> <Mt=59.57> <Spt=31.41> <nCl=299> <DB=-214933.4835> <Mlp=29119.5474> <PB=16036.6> 
<DWph=2> <it=420> <et=2649.43> <Mt=61.37> <Spt=31.59> <nCl=300> <DB=-198902.3371> <Mlp=28388.2355> <PB=16036.6> 
<DWph=2> <it=430> <et=2733.99> <Mt=52.70> <Spt=31.85> <nCl=299> <DB=-182419.1506> <Mlp=27865.6375> <PB=16036.6> 
<DWph=2> <it=440> <et=2832.58> <Mt=66.69> <Spt=31.90> <nCl=300> <DB=-183985.4282> <Mlp=27096.7323> <PB=16036.6> 
<DWph=2> <it=450> <et=2915.68> <Mt=51.49> <Spt=31.42> <nCl=300> <DB=-151974.4501> <Mlp=26693.3347> <PB=16036.6> 
<DWph=2> <it=460> <et=2990.52> <Mt=42.97> <Spt=31.85> <nCl=294> <DB=-161938.5071> <Mlp=26196.6544> <PB=16036.6> 
<DWph=2> <it=470> <et=3072.82> <Mt=49.92> <Spt=32.37> <nCl=300> <DB=-137198.1563> <Mlp=25649.5484> <PB=16036.6> 
<DWph=2> <it=480> <et=3156.34> <Mt=51.93> <Spt=31.57> <nCl=300> <DB=-138644.5359> <Mlp=24980.5552> <PB=16036.6> 
<DWph=2> <it=490> <et=3242.28> <Mt=53.66> <Spt=32.27> <nCl=298> <DB=-101529.9096> <Mlp=24427.5794> <PB=16036.6> 
<DWph=2> <it=500> <et=3328.80> <Mt=55.21> <Spt=31.30> <nCl=300> <DB=-108797.3087> <Mlp=23812.9767> <PB=16036.6> 
<DWph=2> <it=510> <et=3409.65> <Mt=48.90> <Spt=31.94> <nCl=300> <DB=-94179.9656> <Mlp=23349.7143> <PB=16036.6> 
<DWph=2> <it=520> <et=3497.07> <Mt=55.43> <Spt=31.97> <nCl=300> <DB=-87753.6821> <Mlp=22832.7390> <PB=16036.6> 
<DWph=2> <it=530> <et=3577.33> <Mt=47.92> <Spt=32.33> <nCl=298> <DB=-87438.3788> <Mlp=22399.8959> <PB=16036.6> 
<DWph=2> <it=540> <et=3657.84> <Mt=48.28> <Spt=32.23> <nCl=300> <DB=-71809.4310> <Mlp=21996.5339> <PB=16036.6> 
Global time limit is reached during column generation
ColGenEvalAlg final dual bound: -1e+12 (rounded: -1e+12)
SEARCH IS INTERRUPTED as the time limit is reached. 
************************************************************************************************
Search is finished, global bounds : [ -1e+12 , 16036.6 ], TIME = 1h0m58s87t = 365887
************************************************************************************************
statistics_cols: instance & :Optimal & cutoff & :bcRecRootDb & :bcTimeRootEval & :bcCountNodeProc & :bcRecBestDb & :bcRecBestInc & :bcTimeMain \\
statistics: C2_10_3 & 0 & 16036.6 & -1000000000000.00 & 3658.80 & 1 & 0.00 & -- & 3658.87 \\
########################################################
Solution not found
########################################################
Application parameters:
  batch  =>  nothing
  tikz  =>  nothing
  instance  =>  "/VRPTW/data/1000/C2_10_4.vrptw"
  out  =>  nothing
  nosolve  =>  false
  ub  =>  15459.6
  sol  =>  nothing
  cfg  =>  "/VRPTW/config/VRPTW_set_2.cfg"
  enable_cap_res  =>  false
[41m solve [00m
~~~~~~~~~~~~~~~~~~~~~~~~~~~~~~~~~~~~~~~~~~~~~~~~~~~~~~~~~~~~~~~~~~~~~~~~~~~~~~
VRPSolver v0.4.1, 24/03/2021. Web: vrpsolver.math.u-bordeaux.fr
Corresponds to the solver by Pessoa, Sadykov, Uchoa and Vanderbeck (2020)
Paper: dx.doi.org/10.1007/s10107-020-01523-z
USE THIS CODE ONLY FOR ACADEMIC PURPOSES AT YOUR OWN RISK
~~~~~~~~~~~~~~~~~~~~~~~~~~~~~~~~~~~~~~~~~~~~~~~~~~~~~~~~~~~~~~~~~~~~~~~~~~~~~~
BaPCod v053, 24/03/2021, © Inria Bordeaux, France
~~~~~~~~~~~~~~~~~~~~~~~~~~~~~~~~~~~~~~~~~~~~~~~~~~~~~~~~~~~~~~~~~~~~~~~~~~~~~~
VRPSolver parameters:
GlobalTimeLimit = 3600
MaxNbOfBBtreeNodeTreated = 100000
treeSearchStrategy = 1
RCSPstopCutGenTimeThresholdInPricing = 30
RCSPhardTimeThresholdInPricing = 20
RCSPnumberOfBucketsPerVertex = 25
RCSPdynamicBucketSteps = 1
RCSPuseBidirectionalSearch = 1
RCSPapplyReducedCostFixing = 1
RCSPredCostFixingFalseGap = 0
RCSPmaxNumOfColsPerIteration = 30
RCSPmaxNumOfColsPerExactIteration = 150
RCSPheurLabelingStrategy = 0
StabilizationMinPhaseOfStage = 0
RCSPmaxNumOfLabelsInEnumeration = 1000000
RCSPmaxNumOfEnumeratedSolutions = 5000000
RCSPmaxNumOfEnumSolutionsForMIP = 10000
RCSPinitNGneighbourhoodSize = 8
RCSPmaxNGneighbourhoodSize = 16
RCSPrankOneCutsMaxNumPerRound = 100
RCSPrankOneCutsMaxNumRows = 5
RCSPrankOneCutsMemoryType = 1
CutTailingOffThreshold = 0.015
CutTailingOffCounterThreshold = 3
SafeDualBoundScaleFactor = -1
StrongBranchingPhaseOneCandidatesNumber = 50
StrongBranchingPhaseOneTreeSizeEstimRatio = 100
StrongBranchingPhaseTwoCandidatesNumber = 3
StrongBranchingPhaseTwoTreeSizeEstimRatio = 100
MaxTimeForRestrictedMasterIpHeur = -1
DivingHeurUseDepthLimit = -1
MaxLDSbreadth = 0
MaxLDSdepth = 0
New model incumbent solution 15459.6, TIME = 0h0m0s11t = 11
Model is built TIME = 0h0m34s40t = 3440
************************************************************************************************
**** BaB tree root node
**** Local DB = -1e+12, global bounds : [ -1e+12 , 15459.6 ], TIME = 0h0m34s40t = 3440
**** 1 open nodes, 0 columns (0 active), 0 dyn. constrs. (0 active), 2002 art. vars. (2002 active)
************************************************************************************************
<DWph=2> <it= 10> <et=81.93> <Mt= 0.02> <Spt=45.68> <nCl=300> <DB=-153171346.9266> <Mlp=15056229.8543> <PB=15459.6> 
<DWph=2> <it= 20> <et=127.21> <Mt= 0.04> <Spt=45.24> <nCl=300> <DB=-152749890.9513> <Mlp=11165796.4652> <PB=15459.6> 
<DWph=2> <it= 30> <et=173.63> <Mt= 0.04> <Spt=46.36> <nCl=300> <DB=-152302343.7714> <Mlp=7947391.4402> <PB=15459.6> 
<DWph=2> <it= 40> <et=219.44> <Mt= 0.07> <Spt=45.73> <nCl=300> <DB=-143514554.8961> <Mlp=5952772.6994> <PB=15459.6> 
<DWph=2> <it= 50> <et=264.99> <Mt= 0.10> <Spt=45.46> <nCl=300> <DB=-139356262.7731> <Mlp=4477283.4707> <PB=15459.6> 
<DWph=2> <it= 60> <et=309.96> <Mt= 0.18> <Spt=44.77> <nCl=300> <DB=-136868335.9006> <Mlp=3649831.0042> <PB=15459.6> 
<DWph=2> <it= 70> <et=355.44> <Mt= 0.33> <Spt=45.14> <nCl=300> <DB=-125946979.9444> <Mlp=3050117.4190> <PB=15459.6> 
<DWph=2> <it= 80> <et=400.86> <Mt= 0.58> <Spt=44.83> <nCl=300> <DB=-123190394.3370> <Mlp=2467390.8390> <PB=15459.6> 
<DWph=2> <it= 90> <et=446.27> <Mt= 0.98> <Spt=44.41> <nCl=300> <DB=-117053472.0955> <Mlp=2056467.0195> <PB=15459.6> 
<DWph=2> <it=100> <et=492.59> <Mt= 1.48> <Spt=44.84> <nCl=300> <DB=-106421635.7176> <Mlp=1653892.8941> <PB=15459.6> 
<DWph=2> <it=110> <et=539.66> <Mt= 2.44> <Spt=44.61> <nCl=300> <DB=-100134793.6084> <Mlp=1333134.3517> <PB=15459.6> 
<DWph=2> <it=120> <et=589.27> <Mt= 4.58> <Spt=45.01> <nCl=300> <DB=-90899719.8310> <Mlp=1012237.8178> <PB=15459.6> 
<DWph=2> <it=130> <et=640.00> <Mt= 5.31> <Spt=45.41> <nCl=300> <DB=-87484482.8477> <Mlp=796014.1716> <PB=15459.6> 
<DWph=2> <it=140> <et=691.84> <Mt= 7.30> <Spt=44.54> <nCl=300> <DB=-77549837.0731> <Mlp=596854.8687> <PB=15459.6> 
<DWph=2> <it=150> <et=746.29> <Mt= 9.35> <Spt=45.08> <nCl=300> <DB=-71547446.8064> <Mlp=456574.9610> <PB=15459.6> 
<DWph=2> <it=160> <et=802.81> <Mt=11.24> <Spt=45.27> <nCl=300> <DB=-67235539.2535> <Mlp=343991.4426> <PB=15459.6> 
<DWph=2> <it=170> <et=861.07> <Mt=13.33> <Spt=44.92> <nCl=300> <DB=-60910944.7458> <Mlp=261332.9927> <PB=15459.6> 
<DWph=2> <it=180> <et=919.37> <Mt=13.40> <Spt=44.88> <nCl=300> <DB=-57874312.5252> <Mlp=208670.5533> <PB=15459.6> 
<DWph=2> <it=190> <et=983.13> <Mt=18.79> <Spt=44.95> <nCl=300> <DB=-51831375.4237> <Mlp=151657.1060> <PB=15459.6> 
<DWph=2> <it=200> <et=1049.14> <Mt=22.00> <Spt=44.00> <nCl=300> <DB=-43050485.2753> <Mlp=105727.5182> <PB=15459.6> 
<DWph=2> <it=210> <et=1115.65> <Mt=21.91> <Spt=44.59> <nCl=300> <DB=-40604988.1239> <Mlp=78970.0933> <PB=15459.6> 
<DWph=2> <it=220> <et=1186.15> <Mt=26.38> <Spt=44.11> <nCl=300> <DB=-33445327.2955> <Mlp=55305.3716> <PB=15459.6> 
<DWph=2> <it=230> <et=1259.68> <Mt=28.40> <Spt=45.11> <nCl=300> <DB=-27642665.7840> <Mlp=40009.8720> <PB=15459.6> 
<DWph=2> <it=240> <et=1346.33> <Mt=41.73> <Spt=44.92> <nCl=300> <DB=-2741629.3707> <Mlp=29154.2347> <PB=15459.6> 
<DWph=2> <it=250> <et=1425.53> <Mt=32.56> <Spt=46.62> <nCl=300> <DB=-541602.5908> <Mlp=28879.0250> <PB=15459.6> 
<DWph=2> <it=260> <et=1508.27> <Mt=35.87> <Spt=46.85> <nCl=300> <DB=-385413.6230> <Mlp=28543.3618> <PB=15459.6> 
<DWph=2> <it=270> <et=1590.14> <Mt=34.97> <Spt=46.89> <nCl=300> <DB=-348110.4058> <Mlp=28224.3126> <PB=15459.6> 
<DWph=2> <it=280> <et=1673.45> <Mt=37.51> <Spt=45.79> <nCl=300> <DB=-300425.2268> <Mlp=27889.0852> <PB=15459.6> 
<DWph=2> <it=290> <et=1761.40> <Mt=40.15> <Spt=47.78> <nCl=300> <DB=-267016.9902> <Mlp=27535.0222> <PB=15459.6> 
<DWph=2> <it=300> <et=1851.88> <Mt=42.55> <Spt=47.92> <nCl=300> <DB=-243397.0405> <Mlp=27154.4972> <PB=15459.6> 
<DWph=2> <it=310> <et=1953.40> <Mt=53.98> <Spt=47.52> <nCl=300> <DB=-208915.4004> <Mlp=26559.7639> <PB=15459.6> 
<DWph=2> <it=320> <et=2050.54> <Mt=49.32> <Spt=47.81> <nCl=300> <DB=-197953.9951> <Mlp=26126.0917> <PB=15459.6> 
<DWph=2> <it=330> <et=2142.09> <Mt=44.20> <Spt=47.34> <nCl=300> <DB=-179673.3030> <Mlp=25802.9831> <PB=15459.6> 
<DWph=2> <it=340> <et=2236.26> <Mt=46.05> <Spt=47.92> <nCl=300> <DB=-179619.6110> <Mlp=25422.1460> <PB=15459.6> 
<DWph=2> <it=350> <et=2320.15> <Mt=35.88> <Spt=48.00> <nCl=300> <DB=-167483.3936> <Mlp=25080.9993> <PB=15459.6> 
<DWph=2> <it=360> <et=2403.46> <Mt=35.96> <Spt=47.33> <nCl=300> <DB=-169715.4519> <Mlp=24669.1527> <PB=15459.6> 
<DWph=2> <it=370> <et=2494.64> <Mt=41.62> <Spt=49.55> <nCl=300> <DB=-157614.4195> <Mlp=24205.7612> <PB=15459.6> 
<DWph=2> <it=380> <et=2589.85> <Mt=46.97> <Spt=48.22> <nCl=300> <DB=-133668.7575> <Mlp=23729.1976> <PB=15459.6> 
<DWph=2> <it=390> <et=2684.95> <Mt=46.96> <Spt=48.12> <nCl=300> <DB=-138509.9037> <Mlp=23237.9116> <PB=15459.6> 
<DWph=2> <it=400> <et=2781.03> <Mt=46.97> <Spt=49.10> <nCl=300> <DB=-131259.3189> <Mlp=22811.0546> <PB=15459.6> 
<DWph=2> <it=410> <et=2881.31> <Mt=50.72> <Spt=49.55> <nCl=300> <DB=-118932.6233> <Mlp=22323.2445> <PB=15459.6> 
<DWph=2> <it=420> <et=2971.99> <Mt=42.67> <Spt=47.99> <nCl=300> <DB=-107216.9035> <Mlp=21998.2591> <PB=15459.6> 
<DWph=2> <it=430> <et=3075.54> <Mt=54.53> <Spt=49.01> <nCl=300> <DB=-94842.1401> <Mlp=21513.4571> <PB=15459.6> 
<DWph=2> <it=440> <et=3173.47> <Mt=49.83> <Spt=48.07> <nCl=300> <DB=-82615.2368> <Mlp=21145.8985> <PB=15459.6> 
<DWph=2> <it=450> <et=3272.01> <Mt=49.61> <Spt=48.74> <nCl=300> <DB=-81008.0215> <Mlp=20813.2209> <PB=15459.6> 
<DWph=2> <it=460> <et=3355.73> <Mt=35.90> <Spt=47.80> <nCl=300> <DB=-80765.4680> <Mlp=20558.2245> <PB=15459.6> 
<DWph=2> <it=470> <et=3448.65> <Mt=44.73> <Spt=48.17> <nCl=300> <DB=-77457.7652> <Mlp=20249.3247> <PB=15459.6> 
<DWph=2> <it=480> <et=3526.40> <Mt=30.92> <Spt=46.82> <nCl=300> <DB=-63181.6470> <Mlp=20076.4494> <PB=15459.6> 
<DWph=2> <it=490> <et=3611.44> <Mt=36.64> <Spt=48.39> <nCl=300> <DB=-70324.9216> <Mlp=19886.9176> <PB=15459.6> 
Global time limit is reached during column generation
ColGenEvalAlg final dual bound: -1e+12 (rounded: -1e+12)
SEARCH IS INTERRUPTED as the time limit is reached. 
************************************************************************************************
Search is finished, global bounds : [ -1e+12 , 15459.6 ], TIME = 1h0m12s63t = 361263
************************************************************************************************
statistics_cols: instance & :Optimal & cutoff & :bcRecRootDb & :bcTimeRootEval & :bcCountNodeProc & :bcRecBestDb & :bcRecBestInc & :bcTimeMain \\
statistics: C2_10_4 & 0 & 15459.6 & -1000000000000.00 & 3612.55 & 1 & 0.00 & -- & 3612.63 \\
########################################################
Solution not found
########################################################
Application parameters:
  batch  =>  nothing
  tikz  =>  nothing
  instance  =>  "/VRPTW/data/1000/C2_10_5.vrptw"
  out  =>  nothing
  nosolve  =>  false
  ub  =>  16521.4
  sol  =>  nothing
  cfg  =>  "/VRPTW/config/VRPTW_set_2.cfg"
  enable_cap_res  =>  false
[41m solve [00m
~~~~~~~~~~~~~~~~~~~~~~~~~~~~~~~~~~~~~~~~~~~~~~~~~~~~~~~~~~~~~~~~~~~~~~~~~~~~~~
VRPSolver v0.4.1, 24/03/2021. Web: vrpsolver.math.u-bordeaux.fr
Corresponds to the solver by Pessoa, Sadykov, Uchoa and Vanderbeck (2020)
Paper: dx.doi.org/10.1007/s10107-020-01523-z
USE THIS CODE ONLY FOR ACADEMIC PURPOSES AT YOUR OWN RISK
~~~~~~~~~~~~~~~~~~~~~~~~~~~~~~~~~~~~~~~~~~~~~~~~~~~~~~~~~~~~~~~~~~~~~~~~~~~~~~
BaPCod v053, 24/03/2021, © Inria Bordeaux, France
~~~~~~~~~~~~~~~~~~~~~~~~~~~~~~~~~~~~~~~~~~~~~~~~~~~~~~~~~~~~~~~~~~~~~~~~~~~~~~
VRPSolver parameters:
GlobalTimeLimit = 3600
MaxNbOfBBtreeNodeTreated = 100000
treeSearchStrategy = 1
RCSPstopCutGenTimeThresholdInPricing = 30
RCSPhardTimeThresholdInPricing = 20
RCSPnumberOfBucketsPerVertex = 25
RCSPdynamicBucketSteps = 1
RCSPuseBidirectionalSearch = 1
RCSPapplyReducedCostFixing = 1
RCSPredCostFixingFalseGap = 0
RCSPmaxNumOfColsPerIteration = 30
RCSPmaxNumOfColsPerExactIteration = 150
RCSPheurLabelingStrategy = 0
StabilizationMinPhaseOfStage = 0
RCSPmaxNumOfLabelsInEnumeration = 1000000
RCSPmaxNumOfEnumeratedSolutions = 5000000
RCSPmaxNumOfEnumSolutionsForMIP = 10000
RCSPinitNGneighbourhoodSize = 8
RCSPmaxNGneighbourhoodSize = 16
RCSPrankOneCutsMaxNumPerRound = 100
RCSPrankOneCutsMaxNumRows = 5
RCSPrankOneCutsMemoryType = 1
CutTailingOffThreshold = 0.015
CutTailingOffCounterThreshold = 3
SafeDualBoundScaleFactor = -1
StrongBranchingPhaseOneCandidatesNumber = 50
StrongBranchingPhaseOneTreeSizeEstimRatio = 100
StrongBranchingPhaseTwoCandidatesNumber = 3
StrongBranchingPhaseTwoTreeSizeEstimRatio = 100
MaxTimeForRestrictedMasterIpHeur = -1
DivingHeurUseDepthLimit = -1
MaxLDSbreadth = 0
MaxLDSdepth = 0
New model incumbent solution 16521.4, TIME = 0h0m0s9t = 9
Model is built TIME = 0h0m25s76t = 2576
************************************************************************************************
**** BaB tree root node
**** Local DB = -1e+12, global bounds : [ -1e+12 , 16521.4 ], TIME = 0h0m25s76t = 2576
**** 1 open nodes, 0 columns (0 active), 0 dyn. constrs. (0 active), 2002 art. vars. (2002 active)
************************************************************************************************
<DWph=2> <it= 10> <et=50.50> <Mt= 0.02> <Spt=22.92> <nCl=300> <DB=-156002648.6536> <Mlp=10557413.1267> <PB=16521.4> 
<DWph=2> <it= 20> <et=72.03> <Mt= 0.05> <Spt=21.47> <nCl=300> <DB=-142844695.1221> <Mlp=4572938.1710> <PB=16521.4> 
<DWph=2> <it= 30> <et=92.66> <Mt= 0.37> <Spt=20.26> <nCl=300> <DB=-114275668.5757> <Mlp=2646272.6918> <PB=16521.4> 
<DWph=2> <it= 40> <et=113.09> <Mt= 0.97> <Spt=19.46> <nCl=300> <DB=-90874319.4081> <Mlp=1721598.6634> <PB=16521.4> 
<DWph=2> <it= 50> <et=135.25> <Mt= 2.15> <Spt=19.98> <nCl=300> <DB=-80762346.8470> <Mlp=1243615.2183> <PB=16521.4> 
<DWph=2> <it= 60> <et=158.61> <Mt= 3.72> <Spt=19.64> <nCl=300> <DB=-64071544.8908> <Mlp=919096.2553> <PB=16521.4> 
<DWph=2> <it= 70> <et=183.84> <Mt= 5.38> <Spt=19.85> <nCl=300> <DB=-61294135.8253> <Mlp=717359.0935> <PB=16521.4> 
<DWph=2> <it= 80> <et=210.49> <Mt= 6.99> <Spt=19.65> <nCl=300> <DB=-55963760.3692> <Mlp=587869.3283> <PB=16521.4> 
<DWph=2> <it= 90> <et=239.64> <Mt= 9.23> <Spt=19.91> <nCl=300> <DB=-52316120.8572> <Mlp=474709.7032> <PB=16521.4> 
<DWph=2> <it=100> <et=269.96> <Mt=10.74> <Spt=19.57> <nCl=300> <DB=-45872209.8578> <Mlp=378277.7503> <PB=16521.4> 
<DWph=2> <it=110> <et=304.26> <Mt=14.23> <Spt=20.06> <nCl=300> <DB=-42296495.5659> <Mlp=297245.6389> <PB=16521.4> 
<DWph=2> <it=120> <et=339.30> <Mt=14.85> <Spt=20.18> <nCl=300> <DB=-40229919.8244> <Mlp=241548.2215> <PB=16521.4> 
<DWph=2> <it=130> <et=376.24> <Mt=17.09> <Spt=19.84> <nCl=296> <DB=-36197127.7445> <Mlp=209289.1985> <PB=16521.4> 
<DWph=2> <it=140> <et=412.00> <Mt=16.35> <Spt=19.41> <nCl=300> <DB=-34634390.2536> <Mlp=181409.3276> <PB=16521.4> 
<DWph=2> <it=150> <et=454.38> <Mt=22.81> <Spt=19.56> <nCl=300> <DB=-38967264.5012> <Mlp=149741.8402> <PB=16521.4> 
<DWph=2> <it=160> <et=497.87> <Mt=24.28> <Spt=19.20> <nCl=300> <DB=-29821221.1869> <Mlp=120930.8360> <PB=16521.4> 
<DWph=2> <it=170> <et=546.48> <Mt=28.76> <Spt=19.84> <nCl=300> <DB=-27228275.8196> <Mlp=97231.3398> <PB=16521.4> 
<DWph=2> <it=180> <et=595.57> <Mt=29.85> <Spt=19.24> <nCl=300> <DB=-23565735.1764> <Mlp=81190.4287> <PB=16521.4> 
<DWph=2> <it=190> <et=649.04> <Mt=33.88> <Spt=19.57> <nCl=300> <DB=-20840641.1447> <Mlp=63697.0387> <PB=16521.4> 
<DWph=2> <it=200> <et=705.27> <Mt=36.78> <Spt=19.44> <nCl=300> <DB=-18056062.2830> <Mlp=49872.6632> <PB=16521.4> 
<DWph=2> <it=210> <et=774.99> <Mt=50.56> <Spt=19.15> <nCl=300> <DB=-12375352.6354> <Mlp=39802.7391> <PB=16521.4> 
<DWph=2> <it=220> <et=838.41> <Mt=44.39> <Spt=19.02> <nCl=300> <DB=-1401973.6639> <Mlp=36214.4123> <PB=16521.4> 
<DWph=2> <it=230> <et=901.03> <Mt=42.40> <Spt=20.21> <nCl=300> <DB=-888726.0174> <Mlp=35568.0523> <PB=16521.4> 
<DWph=2> <it=240> <et=962.27> <Mt=40.43> <Spt=20.79> <nCl=300> <DB=-697788.8166> <Mlp=34939.2235> <PB=16521.4> 
<DWph=2> <it=250> <et=1026.42> <Mt=42.94> <Spt=21.20> <nCl=300> <DB=-569584.3692> <Mlp=34363.5652> <PB=16521.4> 
<DWph=2> <it=260> <et=1092.81> <Mt=44.42> <Spt=21.97> <nCl=300> <DB=-458381.1050> <Mlp=33856.3173> <PB=16521.4> 
<DWph=2> <it=270> <et=1165.63> <Mt=50.84> <Spt=21.96> <nCl=300> <DB=-451253.3651> <Mlp=33149.8553> <PB=16521.4> 
<DWph=2> <it=280> <et=1238.34> <Mt=50.39> <Spt=22.31> <nCl=300> <DB=-360127.2864> <Mlp=32392.8549> <PB=16521.4> 
<DWph=2> <it=290> <et=1310.86> <Mt=50.23> <Spt=22.28> <nCl=300> <DB=-342491.0146> <Mlp=31676.6876> <PB=16521.4> 
<DWph=2> <it=300> <et=1380.01> <Mt=46.91> <Spt=22.23> <nCl=300> <DB=-359099.3545> <Mlp=31054.7751> <PB=16521.4> 
<DWph=2> <it=310> <et=1457.20> <Mt=55.31> <Spt=21.87> <nCl=300> <DB=-312866.0162> <Mlp=30213.5300> <PB=16521.4> 
<DWph=2> <it=320> <et=1528.70> <Mt=48.45> <Spt=23.03> <nCl=298> <DB=-343911.5899> <Mlp=29605.3198> <PB=16521.4> 
<DWph=2> <it=330> <et=1605.94> <Mt=54.80> <Spt=22.43> <nCl=299> <DB=-257732.1014> <Mlp=28826.4104> <PB=16521.4> 
<DWph=2> <it=340> <et=1680.82> <Mt=52.36> <Spt=22.31> <nCl=300> <DB=-245231.3012> <Mlp=28020.6566> <PB=16521.4> 
<DWph=2> <it=350> <et=1742.66> <Mt=39.92> <Spt=21.91> <nCl=300> <DB=-235262.2174> <Mlp=27407.0414> <PB=16521.4> 
<DWph=2> <it=360> <et=1798.94> <Mt=34.13> <Spt=22.15> <nCl=300> <DB=-222111.6456> <Mlp=26978.4395> <PB=16521.4> 
<DWph=2> <it=370> <et=1858.40> <Mt=37.51> <Spt=21.93> <nCl=300> <DB=-202655.0545> <Mlp=26462.9926> <PB=16521.4> 
<DWph=2> <it=380> <et=1914.46> <Mt=34.58> <Spt=21.46> <nCl=299> <DB=-188743.8329> <Mlp=26080.2081> <PB=16521.4> 
<DWph=2> <it=390> <et=1973.15> <Mt=36.39> <Spt=22.30> <nCl=300> <DB=-181348.3170> <Mlp=25704.5744> <PB=16521.4> 
<DWph=2> <it=400> <et=2032.65> <Mt=36.89> <Spt=22.60> <nCl=300> <DB=-171530.9308> <Mlp=25288.9679> <PB=16521.4> 
<DWph=2> <it=410> <et=2097.19> <Mt=42.01> <Spt=22.51> <nCl=300> <DB=-157514.3090> <Mlp=24767.7328> <PB=16521.4> 
<DWph=2> <it=420> <et=2155.50> <Mt=35.75> <Spt=22.56> <nCl=297> <DB=-123206.3215> <Mlp=24381.4418> <PB=16521.4> 
<DWph=2> <it=430> <et=2223.03> <Mt=44.05> <Spt=23.46> <nCl=300> <DB=-114849.1760> <Mlp=23881.3326> <PB=16521.4> 
<DWph=2> <it=440> <et=2286.85> <Mt=41.70> <Spt=22.11> <nCl=297> <DB=-106689.2272> <Mlp=23450.6060> <PB=16521.4> 
<DWph=2> <it=450> <et=2357.23> <Mt=47.01> <Spt=23.15> <nCl=300> <DB=-96490.2142> <Mlp=22902.4939> <PB=16521.4> 
<DWph=2> <it=460> <et=2411.37> <Mt=30.62> <Spt=23.50> <nCl=300> <DB=-97208.5648> <Mlp=22575.2487> <PB=16521.4> 
<DWph=2> <it=470> <et=2466.82> <Mt=32.65> <Spt=22.79> <nCl=300> <DB=-82651.6491> <Mlp=22224.6734> <PB=16521.4> 
<DWph=2> <it=480> <et=2520.12> <Mt=30.59> <Spt=22.70> <nCl=299> <DB=-70734.1974> <Mlp=21953.6253> <PB=16521.4> 
<DWph=2> <it=490> <et=2577.84> <Mt=34.91> <Spt=22.80> <nCl=300> <DB=-69234.4848> <Mlp=21608.7871> <PB=16521.4> 
<DWph=2> <it=500> <et=2626.26> <Mt=25.29> <Spt=23.12> <nCl=297> <DB=-56780.9886> <Mlp=21398.6156> <PB=16521.4> 
<DWph=2> <it=510> <et=2681.93> <Mt=32.76> <Spt=22.90> <nCl=300> <DB=-55639.2323> <Mlp=21071.0723> <PB=16521.4> 
<DWph=2> <it=520> <et=2733.15> <Mt=28.82> <Spt=22.39> <nCl=300> <DB=-53886.9719> <Mlp=20843.7517> <PB=16521.4> 
<DWph=2> <it=530> <et=2788.93> <Mt=32.76> <Spt=23.00> <nCl=300> <DB=-42176.6285> <Mlp=20594.7153> <PB=16521.4> 
<DWph=2> <it=540> <et=2842.34> <Mt=30.73> <Spt=22.67> <nCl=299> <DB=-41013.4591> <Mlp=20365.6404> <PB=16521.4> 
<DWph=2> <it=550> <et=2900.92> <Mt=33.80> <Spt=24.78> <nCl=300> <DB=-42590.0409> <Mlp=20105.0954> <PB=16521.4> 
<DWph=2> <it=560> <et=2953.51> <Mt=29.90> <Spt=22.66> <nCl=300> <DB=-35521.6088> <Mlp=19878.9563> <PB=16521.4> 
<DWph=2> <it=570> <et=2998.02> <Mt=21.82> <Spt=22.44> <nCl=300> <DB=-24577.5415> <Mlp=19709.1224> <PB=16521.4> 
<DWph=2> <it=580> <et=3040.14> <Mt=18.94> <Spt=23.17> <nCl=290> <DB=-42727.3379> <Mlp=19556.4304> <PB=16521.4> 
<DWph=2> <it=590> <et=3081.35> <Mt=18.00> <Spt=23.19> <nCl=300> <DB=-21782.3603> <Mlp=19417.1468> <PB=16521.4> 
<DWph=2> <it=600> <et=3128.03> <Mt=23.33> <Spt=23.35> <nCl=295> <DB=-14779.7268> <Mlp=19231.5949> <PB=16521.4> 
<DWph=2> <it=610> <et=3174.10> <Mt=22.84> <Spt=23.21> <nCl=291> <DB=-18553.5876> <Mlp=19056.9617> <PB=16521.4> 
<DWph=2> <it=620> <et=3214.87> <Mt=17.32> <Spt=23.45> <nCl=299> <DB=-15848.7315> <Mlp=18965.8785> <PB=16521.4> 
<DWph=2> <it=630> <et=3261.20> <Mt=23.44> <Spt=22.87> <nCl=300> <DB=-12513.2147> <Mlp=18806.3870> <PB=16521.4> 
<DWph=2> <it=640> <et=3300.14> <Mt=15.26> <Spt=23.66> <nCl=279> <DB=-8172.7451> <Mlp=18718.6275> <PB=16521.4> 
<DWph=2> <it=650> <et=3341.71> <Mt=18.11> <Spt=23.46> <nCl=300> <DB=-9425.6088> <Mlp=18607.7757> <PB=16521.4> 
<DWph=2> <it=660> <et=3380.51> <Mt=15.11> <Spt=23.67> <nCl=300> <DB=-15130.7750> <Mlp=18521.7462> <PB=16521.4> 
<DWph=2> <it=670> <et=3417.06> <Mt=12.83> <Spt=23.71> <nCl=300> <DB=-17545.8134> <Mlp=18462.6680> <PB=16521.4> 
<DWph=2> <it=680> <et=3454.97> <Mt=13.96> <Spt=23.66> <nCl=300> <DB=-12706.0698> <Mlp=18389.4975> <PB=16521.4> 
<DWph=2> <it=690> <et=3491.99> <Mt=13.57> <Spt=23.44> <nCl=300> <DB=-4512.7742> <Mlp=18321.1903> <PB=16521.4> 
<DWph=2> <it=700> <et=3529.91> <Mt=14.82> <Spt=23.09> <nCl=300> <DB=-10093.7409> <Mlp=18230.6973> <PB=16521.4> 
<DWph=2> <it=710> <et=3563.71> <Mt=10.58> <Spt=23.21> <nCl=300> <DB=-8052.4605> <Mlp=18169.0505> <PB=16521.4> 
<DWph=2> <it=720> <et=3597.56> <Mt=10.30> <Spt=23.53> <nCl=300> <DB=-1999.8994> <Mlp=18116.4486> <PB=16521.4> 
<DWph=2> <it=730> <et=3633.15> <Mt=12.01> <Spt=23.58> <nCl=287> <DB= 1541.8212> <Mlp=18063.7754> <PB=16521.4> 
Global time limit is reached during column generation
ColGenEvalAlg final dual bound: -1e+12 (rounded: -1e+12)
SEARCH IS INTERRUPTED as the time limit is reached. 
************************************************************************************************
Search is finished, global bounds : [ -1e+12 , 16521.4 ], TIME = 1h0m33s86t = 363386
************************************************************************************************
statistics_cols: instance & :Optimal & cutoff & :bcRecRootDb & :bcTimeRootEval & :bcCountNodeProc & :bcRecBestDb & :bcRecBestInc & :bcTimeMain \\
statistics: C2_10_5 & 0 & 16521.4 & -1000000000000.00 & 3633.79 & 1 & 0.00 & -- & 3633.86 \\
########################################################
Solution not found
########################################################
Application parameters:
  batch  =>  nothing
  tikz  =>  nothing
  instance  =>  "/VRPTW/data/1000/C2_10_6.vrptw"
  out  =>  nothing
  nosolve  =>  false
  ub  =>  16290.8
  sol  =>  nothing
  cfg  =>  "/VRPTW/config/VRPTW_set_2.cfg"
  enable_cap_res  =>  false
[41m solve [00m
~~~~~~~~~~~~~~~~~~~~~~~~~~~~~~~~~~~~~~~~~~~~~~~~~~~~~~~~~~~~~~~~~~~~~~~~~~~~~~
VRPSolver v0.4.1, 24/03/2021. Web: vrpsolver.math.u-bordeaux.fr
Corresponds to the solver by Pessoa, Sadykov, Uchoa and Vanderbeck (2020)
Paper: dx.doi.org/10.1007/s10107-020-01523-z
USE THIS CODE ONLY FOR ACADEMIC PURPOSES AT YOUR OWN RISK
~~~~~~~~~~~~~~~~~~~~~~~~~~~~~~~~~~~~~~~~~~~~~~~~~~~~~~~~~~~~~~~~~~~~~~~~~~~~~~
BaPCod v053, 24/03/2021, © Inria Bordeaux, France
~~~~~~~~~~~~~~~~~~~~~~~~~~~~~~~~~~~~~~~~~~~~~~~~~~~~~~~~~~~~~~~~~~~~~~~~~~~~~~
VRPSolver parameters:
GlobalTimeLimit = 3600
MaxNbOfBBtreeNodeTreated = 100000
treeSearchStrategy = 1
RCSPstopCutGenTimeThresholdInPricing = 30
RCSPhardTimeThresholdInPricing = 20
RCSPnumberOfBucketsPerVertex = 25
RCSPdynamicBucketSteps = 1
RCSPuseBidirectionalSearch = 1
RCSPapplyReducedCostFixing = 1
RCSPredCostFixingFalseGap = 0
RCSPmaxNumOfColsPerIteration = 30
RCSPmaxNumOfColsPerExactIteration = 150
RCSPheurLabelingStrategy = 0
StabilizationMinPhaseOfStage = 0
RCSPmaxNumOfLabelsInEnumeration = 1000000
RCSPmaxNumOfEnumeratedSolutions = 5000000
RCSPmaxNumOfEnumSolutionsForMIP = 10000
RCSPinitNGneighbourhoodSize = 8
RCSPmaxNGneighbourhoodSize = 16
RCSPrankOneCutsMaxNumPerRound = 100
RCSPrankOneCutsMaxNumRows = 5
RCSPrankOneCutsMemoryType = 1
CutTailingOffThreshold = 0.015
CutTailingOffCounterThreshold = 3
SafeDualBoundScaleFactor = -1
StrongBranchingPhaseOneCandidatesNumber = 50
StrongBranchingPhaseOneTreeSizeEstimRatio = 100
StrongBranchingPhaseTwoCandidatesNumber = 3
StrongBranchingPhaseTwoTreeSizeEstimRatio = 100
MaxTimeForRestrictedMasterIpHeur = -1
DivingHeurUseDepthLimit = -1
MaxLDSbreadth = 0
MaxLDSdepth = 0
New model incumbent solution 16290.8, TIME = 0h0m0s8t = 8
Model is built TIME = 0h0m32s52t = 3252
************************************************************************************************
**** BaB tree root node
**** Local DB = -1e+12, global bounds : [ -1e+12 , 16290.8 ], TIME = 0h0m32s52t = 3252
**** 1 open nodes, 0 columns (0 active), 0 dyn. constrs. (0 active), 2002 art. vars. (2002 active)
************************************************************************************************
<DWph=2> <it= 10> <et=64.86> <Mt= 0.02> <Spt=30.43> <nCl=300> <DB=-156082413.3877> <Mlp=12338950.8547> <PB=16290.8> 
<DWph=2> <it= 20> <et=94.00> <Mt= 0.04> <Spt=29.09> <nCl=300> <DB=-147148174.8395> <Mlp=6163213.1085> <PB=16290.8> 
<DWph=2> <it= 30> <et=122.07> <Mt= 0.12> <Spt=27.93> <nCl=300> <DB=-132568196.0504> <Mlp=3751829.8365> <PB=16290.8> 
<DWph=2> <it= 40> <et=150.10> <Mt= 0.42> <Spt=27.60> <nCl=300> <DB=-109780954.4609> <Mlp=2436971.1566> <PB=16290.8> 
<DWph=2> <it= 50> <et=176.61> <Mt= 1.02> <Spt=25.49> <nCl=300> <DB=-98634372.0175> <Mlp=1722477.3748> <PB=16290.8> 
<DWph=2> <it= 60> <et=204.02> <Mt= 2.22> <Spt=25.17> <nCl=300> <DB=-85670510.8168> <Mlp=1159678.2097> <PB=16290.8> 
<DWph=2> <it= 70> <et=233.29> <Mt= 3.44> <Spt=25.81> <nCl=300> <DB=-71969786.4293> <Mlp=858976.6440> <PB=16290.8> 
<DWph=2> <it= 80> <et=265.08> <Mt= 5.96> <Spt=25.82> <nCl=300> <DB=-65051374.4720> <Mlp=617655.7335> <PB=16290.8> 
<DWph=2> <it= 90> <et=297.83> <Mt= 7.31> <Spt=25.43> <nCl=300> <DB=-58911208.3094> <Mlp=462619.9912> <PB=16290.8> 
<DWph=2> <it=100> <et=334.57> <Mt=10.18> <Spt=26.55> <nCl=300> <DB=-53737960.9628> <Mlp=344545.9305> <PB=16290.8> 
<DWph=2> <it=110> <et=372.27> <Mt=10.53> <Spt=27.15> <nCl=300> <DB=-50874320.2309> <Mlp=282110.3427> <PB=16290.8> 
<DWph=2> <it=120> <et=412.41> <Mt=12.82> <Spt=27.31> <nCl=300> <DB=-46258238.4888> <Mlp=224388.7914> <PB=16290.8> 
<DWph=2> <it=130> <et=451.78> <Mt=12.35> <Spt=27.01> <nCl=300> <DB=-48580035.4188> <Mlp=188654.3775> <PB=16290.8> 
<DWph=2> <it=140> <et=493.37> <Mt=14.72> <Spt=26.86> <nCl=300> <DB=-44426736.8076> <Mlp=157807.3278> <PB=16290.8> 
<DWph=2> <it=150> <et=539.52> <Mt=19.46> <Spt=26.67> <nCl=300> <DB=-39746819.7102> <Mlp=119212.0131> <PB=16290.8> 
<DWph=2> <it=160> <et=583.18> <Mt=17.70> <Spt=25.95> <nCl=300> <DB=-36920586.8166> <Mlp=95250.8762> <PB=16290.8> 
<DWph=2> <it=170> <et=628.41> <Mt=18.44> <Spt=26.78> <nCl=276> <DB=-36181266.7756> <Mlp=74453.2474> <PB=16290.8> 
<DWph=2> <it=180> <et=677.39> <Mt=22.65> <Spt=26.31> <nCl=300> <DB=-34386047.1805> <Mlp=57440.7194> <PB=16290.8> 
<DWph=2> <it=190> <et=730.19> <Mt=26.57> <Spt=26.22> <nCl=300> <DB=-25755667.1884> <Mlp=47053.9523> <PB=16290.8> 
<DWph=2> <it=200> <et=787.28> <Mt=31.29> <Spt=25.78> <nCl=300> <DB=-17598455.1836> <Mlp=40127.5267> <PB=16290.8> 
<DWph=2> <it=210> <et=852.82> <Mt=39.13> <Spt=26.39> <nCl=298> <DB=-7708728.5850> <Mlp=35139.3605> <PB=16290.8> 
<DWph=2> <it=220> <et=906.95> <Mt=26.72> <Spt=27.41> <nCl=300> <DB=-1229374.6885> <Mlp=34749.2774> <PB=16290.8> 
<DWph=2> <it=230> <et=968.05> <Mt=32.44> <Spt=28.63> <nCl=300> <DB=-839041.9815> <Mlp=34379.4753> <PB=16290.8> 
<DWph=2> <it=240> <et=1033.13> <Mt=35.75> <Spt=29.32> <nCl=300> <DB=-639154.9347> <Mlp=33991.3351> <PB=16290.8> 
<DWph=2> <it=250> <et=1100.52> <Mt=38.19> <Spt=29.19> <nCl=300> <DB=-517648.1842> <Mlp=33577.2814> <PB=16290.8> 
<DWph=2> <it=260> <et=1163.37> <Mt=34.24> <Spt=28.59> <nCl=300> <DB=-464809.3967> <Mlp=33257.3575> <PB=16290.8> 
<DWph=2> <it=270> <et=1232.83> <Mt=39.90> <Spt=29.54> <nCl=300> <DB=-444297.8996> <Mlp=32836.5184> <PB=16290.8> 
<DWph=2> <it=280> <et=1307.38> <Mt=44.87> <Spt=29.66> <nCl=300> <DB=-380612.2021> <Mlp=32294.6208> <PB=16290.8> 
<DWph=2> <it=290> <et=1376.92> <Mt=39.69> <Spt=29.84> <nCl=300> <DB=-361950.8772> <Mlp=31890.9297> <PB=16290.8> 
<DWph=2> <it=300> <et=1449.95> <Mt=44.03> <Spt=28.98> <nCl=300> <DB=-368434.0554> <Mlp=31440.1385> <PB=16290.8> 
<DWph=2> <it=310> <et=1515.68> <Mt=36.60> <Spt=29.13> <nCl=300> <DB=-311099.7865> <Mlp=31075.5718> <PB=16290.8> 
<DWph=2> <it=320> <et=1593.73> <Mt=48.70> <Spt=29.33> <nCl=292> <DB=-317863.6223> <Mlp=30446.4354> <PB=16290.8> 
<DWph=2> <it=330> <et=1675.23> <Mt=52.30> <Spt=29.18> <nCl=300> <DB=-287519.1080> <Mlp=29783.4639> <PB=16290.8> 
<DWph=2> <it=340> <et=1750.15> <Mt=44.68> <Spt=30.03> <nCl=300> <DB=-291157.9096> <Mlp=29231.7767> <PB=16290.8> 
<DWph=2> <it=350> <et=1810.89> <Mt=31.22> <Spt=29.50> <nCl=300> <DB=-254549.8995> <Mlp=28791.1013> <PB=16290.8> 
<DWph=2> <it=360> <et=1878.09> <Mt=37.66> <Spt=29.53> <nCl=300> <DB=-235183.9274> <Mlp=28230.7946> <PB=16290.8> 
<DWph=2> <it=370> <et=1942.52> <Mt=34.28> <Spt=30.13> <nCl=300> <DB=-243751.9550> <Mlp=27755.7098> <PB=16290.8> 
<DWph=2> <it=380> <et=2007.28> <Mt=34.69> <Spt=30.05> <nCl=300> <DB=-224003.9756> <Mlp=27241.9250> <PB=16290.8> 
<DWph=2> <it=390> <et=2074.57> <Mt=36.90> <Spt=30.37> <nCl=276> <DB=-234613.1548> <Mlp=26691.3850> <PB=16290.8> 
<DWph=2> <it=400> <et=2137.99> <Mt=34.07> <Spt=29.34> <nCl=300> <DB=-196344.9759> <Mlp=26279.3914> <PB=16290.8> 
<DWph=2> <it=410> <et=2204.21> <Mt=36.79> <Spt=29.42> <nCl=300> <DB=-240715.9189> <Mlp=25879.5327> <PB=16290.8> 
<DWph=2> <it=420> <et=2270.60> <Mt=36.60> <Spt=29.77> <nCl=300> <DB=-178067.4626> <Mlp=25500.2882> <PB=16290.8> 
<DWph=2> <it=430> <et=2340.70> <Mt=41.08> <Spt=29.00> <nCl=300> <DB=-164316.7230> <Mlp=24987.7503> <PB=16290.8> 
<DWph=2> <it=440> <et=2407.28> <Mt=37.31> <Spt=29.25> <nCl=300> <DB=-172238.6901> <Mlp=24603.8261> <PB=16290.8> 
<DWph=2> <it=450> <et=2475.12> <Mt=39.38> <Spt=28.27> <nCl=300> <DB=-186242.1321> <Mlp=24223.0471> <PB=16290.8> 
<DWph=2> <it=460> <et=2536.13> <Mt=31.26> <Spt=29.72> <nCl=300> <DB=-137267.6979> <Mlp=23878.8760> <PB=16290.8> 
<DWph=2> <it=470> <et=2596.85> <Mt=30.74> <Spt=29.97> <nCl=296> <DB=-125494.9738> <Mlp=23556.4822> <PB=16290.8> 
<DWph=2> <it=480> <et=2654.98> <Mt=28.02> <Spt=30.09> <nCl=300> <DB=-113100.4887> <Mlp=23304.4200> <PB=16290.8> 
<DWph=2> <it=490> <et=2711.66> <Mt=27.16> <Spt=29.51> <nCl=300> <DB=-121305.3925> <Mlp=23009.5349> <PB=16290.8> 
<DWph=2> <it=500> <et=2776.33> <Mt=35.38> <Spt=29.27> <nCl=300> <DB=-89628.3016> <Mlp=22599.9893> <PB=16290.8> 
<DWph=2> <it=510> <et=2841.79> <Mt=35.72> <Spt=29.73> <nCl=300> <DB=-79127.5948> <Mlp=22227.2186> <PB=16290.8> 
<DWph=2> <it=520> <et=2901.64> <Mt=28.73> <Spt=31.10> <nCl=300> <DB=-77468.3898> <Mlp=21957.4009> <PB=16290.8> 
<DWph=2> <it=530> <et=2968.66> <Mt=35.79> <Spt=31.21> <nCl=300> <DB=-64989.8070> <Mlp=21621.8240> <PB=16290.8> 
<DWph=2> <it=540> <et=3028.91> <Mt=29.30> <Spt=30.94> <nCl=287> <DB=-55200.2059> <Mlp=21391.8323> <PB=16290.8> 
<DWph=2> <it=550> <et=3095.97> <Mt=34.96> <Spt=32.09> <nCl=300> <DB=-53963.1269> <Mlp=21109.9201> <PB=16290.8> 
<DWph=2> <it=560> <et=3156.12> <Mt=29.47> <Spt=30.66> <nCl=300> <DB=-50415.8329> <Mlp=20905.4164> <PB=16290.8> 
<DWph=2> <it=570> <et=3214.35> <Mt=27.70> <Spt=30.29> <nCl=300> <DB=-43273.1964> <Mlp=20650.5044> <PB=16290.8> 
<DWph=2> <it=580> <et=3267.98> <Mt=23.33> <Spt=30.28> <nCl=300> <DB=-44448.3286> <Mlp=20410.1230> <PB=16290.8> 
<DWph=2> <it=590> <et=3321.33> <Mt=21.58> <Spt=31.75> <nCl=300> <DB=-36040.5348> <Mlp=20232.9101> <PB=16290.8> 
<DWph=2> <it=600> <et=3374.88> <Mt=22.68> <Spt=30.86> <nCl=300> <DB=-33214.8081> <Mlp=20030.9423> <PB=16290.8> 
<DWph=2> <it=610> <et=3429.15> <Mt=23.35> <Spt=30.90> <nCl=294> <DB=-26755.3796> <Mlp=19849.8629> <PB=16290.8> 
<DWph=2> <it=620> <et=3485.39> <Mt=25.37> <Spt=30.85> <nCl=300> <DB=-29837.7487> <Mlp=19647.7324> <PB=16290.8> 
<DWph=2> <it=630> <et=3542.11> <Mt=25.83> <Spt=30.88> <nCl=296> <DB=-23080.9525> <Mlp=19445.3678> <PB=16290.8> 
<DWph=2> <it=640> <et=3597.97> <Mt=24.68> <Spt=31.17> <nCl=300> <DB=-18606.8416> <Mlp=19246.5255> <PB=16290.8> 
<DWph=2> <it=650> <et=3648.92> <Mt=20.97> <Spt=29.96> <nCl=273> <DB=-19498.7735> <Mlp=19093.7969> <PB=16290.8> 
Global time limit is reached during column generation
ColGenEvalAlg final dual bound: -1e+12 (rounded: -1e+12)
SEARCH IS INTERRUPTED as the time limit is reached. 
************************************************************************************************
Search is finished, global bounds : [ -1e+12 , 16290.8 ], TIME = 1h0m49s66t = 364966
************************************************************************************************
statistics_cols: instance & :Optimal & cutoff & :bcRecRootDb & :bcTimeRootEval & :bcCountNodeProc & :bcRecBestDb & :bcRecBestInc & :bcTimeMain \\
statistics: C2_10_6 & 0 & 16290.8 & -1000000000000.00 & 3649.59 & 1 & 0.00 & -- & 3649.66 \\
########################################################
Solution not found
########################################################
Application parameters:
  batch  =>  nothing
  tikz  =>  nothing
  instance  =>  "/VRPTW/data/1000/C2_10_7.vrptw"
  out  =>  nothing
  nosolve  =>  false
  ub  =>  16378.5
  sol  =>  nothing
  cfg  =>  "/VRPTW/config/VRPTW_set_2.cfg"
  enable_cap_res  =>  false
[41m solve [00m
~~~~~~~~~~~~~~~~~~~~~~~~~~~~~~~~~~~~~~~~~~~~~~~~~~~~~~~~~~~~~~~~~~~~~~~~~~~~~~
VRPSolver v0.4.1, 24/03/2021. Web: vrpsolver.math.u-bordeaux.fr
Corresponds to the solver by Pessoa, Sadykov, Uchoa and Vanderbeck (2020)
Paper: dx.doi.org/10.1007/s10107-020-01523-z
USE THIS CODE ONLY FOR ACADEMIC PURPOSES AT YOUR OWN RISK
~~~~~~~~~~~~~~~~~~~~~~~~~~~~~~~~~~~~~~~~~~~~~~~~~~~~~~~~~~~~~~~~~~~~~~~~~~~~~~
BaPCod v053, 24/03/2021, © Inria Bordeaux, France
~~~~~~~~~~~~~~~~~~~~~~~~~~~~~~~~~~~~~~~~~~~~~~~~~~~~~~~~~~~~~~~~~~~~~~~~~~~~~~
VRPSolver parameters:
GlobalTimeLimit = 3600
MaxNbOfBBtreeNodeTreated = 100000
treeSearchStrategy = 1
RCSPstopCutGenTimeThresholdInPricing = 30
RCSPhardTimeThresholdInPricing = 20
RCSPnumberOfBucketsPerVertex = 25
RCSPdynamicBucketSteps = 1
RCSPuseBidirectionalSearch = 1
RCSPapplyReducedCostFixing = 1
RCSPredCostFixingFalseGap = 0
RCSPmaxNumOfColsPerIteration = 30
RCSPmaxNumOfColsPerExactIteration = 150
RCSPheurLabelingStrategy = 0
StabilizationMinPhaseOfStage = 0
RCSPmaxNumOfLabelsInEnumeration = 1000000
RCSPmaxNumOfEnumeratedSolutions = 5000000
RCSPmaxNumOfEnumSolutionsForMIP = 10000
RCSPinitNGneighbourhoodSize = 8
RCSPmaxNGneighbourhoodSize = 16
RCSPrankOneCutsMaxNumPerRound = 100
RCSPrankOneCutsMaxNumRows = 5
RCSPrankOneCutsMemoryType = 1
CutTailingOffThreshold = 0.015
CutTailingOffCounterThreshold = 3
SafeDualBoundScaleFactor = -1
StrongBranchingPhaseOneCandidatesNumber = 50
StrongBranchingPhaseOneTreeSizeEstimRatio = 100
StrongBranchingPhaseTwoCandidatesNumber = 3
StrongBranchingPhaseTwoTreeSizeEstimRatio = 100
MaxTimeForRestrictedMasterIpHeur = -1
DivingHeurUseDepthLimit = -1
MaxLDSbreadth = 0
MaxLDSdepth = 0
New model incumbent solution 16378.5, TIME = 0h0m0s9t = 9
Model is built TIME = 0h0m24s27t = 2427
************************************************************************************************
**** BaB tree root node
**** Local DB = -1e+12, global bounds : [ -1e+12 , 16378.5 ], TIME = 0h0m24s27t = 2427
**** 1 open nodes, 0 columns (0 active), 0 dyn. constrs. (0 active), 2002 art. vars. (2002 active)
************************************************************************************************
<DWph=2> <it= 10> <et=63.43> <Mt= 0.02> <Spt=37.30> <nCl=300> <DB=-152935897.7758> <Mlp=12731057.1750> <PB=16378.5> 
<DWph=2> <it= 20> <et=99.57> <Mt= 0.04> <Spt=36.10> <nCl=300> <DB=-152198805.0497> <Mlp=7097314.0827> <PB=16378.5> 
<DWph=2> <it= 30> <et=133.46> <Mt= 0.08> <Spt=33.80> <nCl=300> <DB=-133734256.1997> <Mlp=5045091.6024> <PB=16378.5> 
<DWph=2> <it= 40> <et=166.81> <Mt= 0.33> <Spt=33.01> <nCl=300> <DB=-122907909.1838> <Mlp=3308394.3917> <PB=16378.5> 
<DWph=2> <it= 50> <et=199.61> <Mt= 1.01> <Spt=31.78> <nCl=300> <DB=-101886549.9556> <Mlp=2175811.4937> <PB=16378.5> 
<DWph=2> <it= 60> <et=234.20> <Mt= 1.95> <Spt=32.63> <nCl=300> <DB=-86196436.2004> <Mlp=1557516.0985> <PB=16378.5> 
<DWph=2> <it= 70> <et=269.38> <Mt= 3.92> <Spt=31.25> <nCl=300> <DB=-73911956.6726> <Mlp=1010030.4119> <PB=16378.5> 
<DWph=2> <it= 80> <et=306.10> <Mt= 5.79> <Spt=30.92> <nCl=300> <DB=-67800363.5142> <Mlp=725006.0573> <PB=16378.5> 
<DWph=2> <it= 90> <et=345.31> <Mt= 8.10> <Spt=31.11> <nCl=300> <DB=-62022294.6653> <Mlp=529388.5429> <PB=16378.5> 
<DWph=2> <it=100> <et=388.16> <Mt=10.84> <Spt=32.00> <nCl=300> <DB=-61093843.1333> <Mlp=381961.0131> <PB=16378.5> 
<DWph=2> <it=110> <et=433.39> <Mt=13.75> <Spt=31.48> <nCl=300> <DB=-57397038.2941> <Mlp=297744.4589> <PB=16378.5> 
<DWph=2> <it=120> <et=479.67> <Mt=15.33> <Spt=30.93> <nCl=300> <DB=-48184432.6615> <Mlp=237503.9929> <PB=16378.5> 
<DWph=2> <it=130> <et=531.37> <Mt=19.24> <Spt=32.45> <nCl=300> <DB=-45130031.9425> <Mlp=178199.2826> <PB=16378.5> 
<DWph=2> <it=140> <et=580.98> <Mt=19.16> <Spt=30.45> <nCl=300> <DB=-40351271.7334> <Mlp=140032.0391> <PB=16378.5> 
<DWph=2> <it=150> <et=634.22> <Mt=23.08> <Spt=30.15> <nCl=300> <DB=-37796527.9595> <Mlp=109786.4173> <PB=16378.5> 
<DWph=2> <it=160> <et=691.57> <Mt=25.60> <Spt=31.74> <nCl=300> <DB=-33758668.8483> <Mlp=81288.8660> <PB=16378.5> 
<DWph=2> <it=170> <et=752.28> <Mt=28.96> <Spt=31.74> <nCl=300> <DB=-31555512.8948> <Mlp=61675.0385> <PB=16378.5> 
<DWph=2> <it=180> <et=809.06> <Mt=26.58> <Spt=30.19> <nCl=300> <DB=-24217951.5271> <Mlp=50859.5187> <PB=16378.5> 
<DWph=2> <it=190> <et=874.38> <Mt=35.54> <Spt=29.77> <nCl=300> <DB=-18075592.5255> <Mlp=40992.8135> <PB=16378.5> 
<DWph=2> <it=200> <et=942.74> <Mt=38.97> <Spt=29.38> <nCl=300> <DB=-5949681.0013> <Mlp=36232.0720> <PB=16378.5> 
<DWph=2> <it=210> <et=1011.13> <Mt=35.78> <Spt=32.60> <nCl=300> <DB=-742867.7388> <Mlp=35733.5061> <PB=16378.5> 
<DWph=2> <it=220> <et=1079.45> <Mt=35.19> <Spt=33.11> <nCl=300> <DB=-612474.0659> <Mlp=35296.2387> <PB=16378.5> 
<DWph=2> <it=230> <et=1155.03> <Mt=42.72> <Spt=32.85> <nCl=300> <DB=-560158.6553> <Mlp=34743.8511> <PB=16378.5> 
<DWph=2> <it=240> <et=1228.41> <Mt=40.03> <Spt=33.35> <nCl=300> <DB=-531794.9843> <Mlp=34312.0647> <PB=16378.5> 
<DWph=2> <it=250> <et=1305.35> <Mt=41.80> <Spt=35.13> <nCl=300> <DB=-431477.0807> <Mlp=33845.5523> <PB=16378.5> 
<DWph=2> <it=260> <et=1383.26> <Mt=44.56> <Spt=33.33> <nCl=300> <DB=-391674.8447> <Mlp=33365.2353> <PB=16378.5> 
<DWph=2> <it=270> <et=1462.79> <Mt=45.94> <Spt=33.58> <nCl=300> <DB=-361702.0806> <Mlp=32806.6289> <PB=16378.5> 
<DWph=2> <it=280> <et=1543.97> <Mt=47.09> <Spt=34.07> <nCl=300> <DB=-338496.0091> <Mlp=32215.2339> <PB=16378.5> 
<DWph=2> <it=290> <et=1621.80> <Mt=43.41> <Spt=34.42> <nCl=288> <DB=-343633.7152> <Mlp=31621.1200> <PB=16378.5> 
<DWph=2> <it=300> <et=1708.82> <Mt=51.55> <Spt=35.45> <nCl=300> <DB=-316159.8747> <Mlp=30960.2027> <PB=16378.5> 
<DWph=2> <it=310> <et=1788.37> <Mt=44.48> <Spt=35.06> <nCl=300> <DB=-310836.4790> <Mlp=30506.5955> <PB=16378.5> 
<DWph=2> <it=320> <et=1870.72> <Mt=47.39> <Spt=34.96> <nCl=300> <DB=-273786.1772> <Mlp=29997.6247> <PB=16378.5> 
<DWph=2> <it=330> <et=1965.31> <Mt=60.44> <Spt=34.13> <nCl=300> <DB=-265410.4309> <Mlp=29225.2015> <PB=16378.5> 
<DWph=2> <it=340> <et=2043.11> <Mt=43.61> <Spt=33.98> <nCl=276> <DB=-247476.2967> <Mlp=28693.5279> <PB=16378.5> 
<DWph=2> <it=350> <et=2110.44> <Mt=32.78> <Spt=34.54> <nCl=300> <DB=-256206.4600> <Mlp=28291.1475> <PB=16378.5> 
<DWph=2> <it=360> <et=2175.91> <Mt=31.48> <Spt=33.99> <nCl=300> <DB=-233740.2116> <Mlp=27860.7849> <PB=16378.5> 
<DWph=2> <it=370> <et=2250.37> <Mt=39.44> <Spt=35.00> <nCl=296> <DB=-234238.3030> <Mlp=27261.0153> <PB=16378.5> 
<DWph=2> <it=380> <et=2319.54> <Mt=34.90> <Spt=34.25> <nCl=289> <DB=-207685.2068> <Mlp=26813.0300> <PB=16378.5> 
<DWph=2> <it=390> <et=2396.58> <Mt=42.23> <Spt=34.81> <nCl=300> <DB=-209174.5067> <Mlp=26235.0403> <PB=16378.5> 
<DWph=2> <it=400> <et=2471.78> <Mt=39.63> <Spt=35.56> <nCl=300> <DB=-206914.4952> <Mlp=25792.1513> <PB=16378.5> 
<DWph=2> <it=410> <et=2548.81> <Mt=41.58> <Spt=35.44> <nCl=300> <DB=-163198.3634> <Mlp=25339.8216> <PB=16378.5> 
<DWph=2> <it=420> <et=2633.54> <Mt=49.34> <Spt=35.37> <nCl=300> <DB=-144202.2881> <Mlp=24821.3968> <PB=16378.5> 
<DWph=2> <it=430> <et=2718.41> <Mt=48.93> <Spt=35.93> <nCl=299> <DB=-125414.9635> <Mlp=24347.9395> <PB=16378.5> 
<DWph=2> <it=440> <et=2801.99> <Mt=46.85> <Spt=36.72> <nCl=300> <DB=-142992.0297> <Mlp=23914.4251> <PB=16378.5> 
<DWph=2> <it=450> <et=2880.11> <Mt=41.85> <Spt=36.05> <nCl=300> <DB=-115655.3285> <Mlp=23576.3159> <PB=16378.5> 
<DWph=2> <it=460> <et=2949.52> <Mt=33.60> <Spt=35.80> <nCl=300> <DB=-94085.4158> <Mlp=23244.9741> <PB=16378.5> 
<DWph=2> <it=470> <et=3016.22> <Mt=29.37> <Spt=37.32> <nCl=300> <DB=-80452.5905> <Mlp=23040.4993> <PB=16378.5> 
<DWph=2> <it=480> <et=3083.07> <Mt=30.92> <Spt=35.92> <nCl=290> <DB=-97734.2181> <Mlp=22778.8668> <PB=16378.5> 
<DWph=2> <it=490> <et=3151.30> <Mt=32.59> <Spt=35.62> <nCl=300> <DB=-71853.5385> <Mlp=22503.2006> <PB=16378.5> 
<DWph=2> <it=500> <et=3218.37> <Mt=30.71> <Spt=36.34> <nCl=300> <DB=-75738.8048> <Mlp=22242.9061> <PB=16378.5> 
<DWph=2> <it=510> <et=3286.73> <Mt=32.71> <Spt=35.65> <nCl=287> <DB=-66910.6605> <Mlp=21976.8992> <PB=16378.5> 
<DWph=2> <it=520> <et=3362.22> <Mt=39.61> <Spt=35.86> <nCl=300> <DB=-52293.8452> <Mlp=21648.3832> <PB=16378.5> 
<DWph=2> <it=530> <et=3432.26> <Mt=34.23> <Spt=35.81> <nCl=300> <DB=-50898.2454> <Mlp=21393.1256> <PB=16378.5> 
<DWph=2> <it=540> <et=3503.15> <Mt=34.80> <Spt=36.08> <nCl=300> <DB=-44635.2014> <Mlp=21129.1193> <PB=16378.5> 
<DWph=2> <it=550> <et=3573.43> <Mt=34.34> <Spt=35.92> <nCl=300> <DB=-52610.8603> <Mlp=20885.2981> <PB=16378.5> 
<DWph=2> <it=560> <et=3638.49> <Mt=28.93> <Spt=36.12> <nCl=300> <DB=-46020.1922> <Mlp=20678.9211> <PB=16378.5> 
Global time limit is reached during column generation
ColGenEvalAlg final dual bound: -1e+12 (rounded: -1e+12)
SEARCH IS INTERRUPTED as the time limit is reached. 
************************************************************************************************
Search is finished, global bounds : [ -1e+12 , 16378.5 ], TIME = 1h0m39s22t = 363922
************************************************************************************************
statistics_cols: instance & :Optimal & cutoff & :bcRecRootDb & :bcTimeRootEval & :bcCountNodeProc & :bcRecBestDb & :bcRecBestInc & :bcTimeMain \\
statistics: C2_10_7 & 0 & 16378.5 & -1000000000000.00 & 3639.15 & 1 & 0.00 & -- & 3639.22 \\
########################################################
Solution not found
########################################################
Application parameters:
  batch  =>  nothing
  tikz  =>  nothing
  instance  =>  "/VRPTW/data/1000/C2_10_8.vrptw"
  out  =>  nothing
  nosolve  =>  false
  ub  =>  16029.2
  sol  =>  nothing
  cfg  =>  "/VRPTW/config/VRPTW_set_2.cfg"
  enable_cap_res  =>  false
[41m solve [00m
~~~~~~~~~~~~~~~~~~~~~~~~~~~~~~~~~~~~~~~~~~~~~~~~~~~~~~~~~~~~~~~~~~~~~~~~~~~~~~
VRPSolver v0.4.1, 24/03/2021. Web: vrpsolver.math.u-bordeaux.fr
Corresponds to the solver by Pessoa, Sadykov, Uchoa and Vanderbeck (2020)
Paper: dx.doi.org/10.1007/s10107-020-01523-z
USE THIS CODE ONLY FOR ACADEMIC PURPOSES AT YOUR OWN RISK
~~~~~~~~~~~~~~~~~~~~~~~~~~~~~~~~~~~~~~~~~~~~~~~~~~~~~~~~~~~~~~~~~~~~~~~~~~~~~~
BaPCod v053, 24/03/2021, © Inria Bordeaux, France
~~~~~~~~~~~~~~~~~~~~~~~~~~~~~~~~~~~~~~~~~~~~~~~~~~~~~~~~~~~~~~~~~~~~~~~~~~~~~~
VRPSolver parameters:
GlobalTimeLimit = 3600
MaxNbOfBBtreeNodeTreated = 100000
treeSearchStrategy = 1
RCSPstopCutGenTimeThresholdInPricing = 30
RCSPhardTimeThresholdInPricing = 20
RCSPnumberOfBucketsPerVertex = 25
RCSPdynamicBucketSteps = 1
RCSPuseBidirectionalSearch = 1
RCSPapplyReducedCostFixing = 1
RCSPredCostFixingFalseGap = 0
RCSPmaxNumOfColsPerIteration = 30
RCSPmaxNumOfColsPerExactIteration = 150
RCSPheurLabelingStrategy = 0
StabilizationMinPhaseOfStage = 0
RCSPmaxNumOfLabelsInEnumeration = 1000000
RCSPmaxNumOfEnumeratedSolutions = 5000000
RCSPmaxNumOfEnumSolutionsForMIP = 10000
RCSPinitNGneighbourhoodSize = 8
RCSPmaxNGneighbourhoodSize = 16
RCSPrankOneCutsMaxNumPerRound = 100
RCSPrankOneCutsMaxNumRows = 5
RCSPrankOneCutsMemoryType = 1
CutTailingOffThreshold = 0.015
CutTailingOffCounterThreshold = 3
SafeDualBoundScaleFactor = -1
StrongBranchingPhaseOneCandidatesNumber = 50
StrongBranchingPhaseOneTreeSizeEstimRatio = 100
StrongBranchingPhaseTwoCandidatesNumber = 3
StrongBranchingPhaseTwoTreeSizeEstimRatio = 100
MaxTimeForRestrictedMasterIpHeur = -1
DivingHeurUseDepthLimit = -1
MaxLDSbreadth = 0
MaxLDSdepth = 0
New model incumbent solution 16029.2, TIME = 0h0m0s9t = 9
Model is built TIME = 0h0m30s78t = 3078
************************************************************************************************
**** BaB tree root node
**** Local DB = -1e+12, global bounds : [ -1e+12 , 16029.2 ], TIME = 0h0m30s78t = 3078
**** 1 open nodes, 0 columns (0 active), 0 dyn. constrs. (0 active), 2002 art. vars. (2002 active)
************************************************************************************************
<DWph=2> <it= 10> <et=77.77> <Mt= 0.02> <Spt=45.09> <nCl=300> <DB=-157997537.7452> <Mlp=12135148.1055> <PB=16029.2> 
<DWph=2> <it= 20> <et=118.41> <Mt= 0.03> <Spt=40.60> <nCl=300> <DB=-152943457.7315> <Mlp=6601826.1624> <PB=16029.2> 
<DWph=2> <it= 30> <et=157.59> <Mt= 0.08> <Spt=39.09> <nCl=300> <DB=-138635113.9034> <Mlp=3940608.9826> <PB=16029.2> 
<DWph=2> <it= 40> <et=197.49> <Mt= 0.38> <Spt=39.51> <nCl=300> <DB=-120964536.1558> <Mlp=2565629.8345> <PB=16029.2> 
<DWph=2> <it= 50> <et=235.40> <Mt= 1.34> <Spt=36.57> <nCl=300> <DB=-99924074.8409> <Mlp=1656012.6448> <PB=16029.2> 
<DWph=2> <it= 60> <et=272.78> <Mt= 2.18> <Spt=35.18> <nCl=300> <DB=-84686062.0838> <Mlp=1135280.0355> <PB=16029.2> 
<DWph=2> <it= 70> <et=312.84> <Mt= 3.78> <Spt=36.27> <nCl=300> <DB=-76196845.3677> <Mlp=808872.1175> <PB=16029.2> 
<DWph=2> <it= 80> <et=354.85> <Mt= 5.84> <Spt=36.16> <nCl=300> <DB=-65836609.3687> <Mlp=581996.2723> <PB=16029.2> 
<DWph=2> <it= 90> <et=399.30> <Mt= 7.48> <Spt=36.96> <nCl=300> <DB=-59059907.6867> <Mlp=449245.3526> <PB=16029.2> 
<DWph=2> <it=100> <et=446.75> <Mt=11.06> <Spt=36.37> <nCl=300> <DB=-52968212.8341> <Mlp=329752.2334> <PB=16029.2> 
<DWph=2> <it=110> <et=496.56> <Mt=12.61> <Spt=37.19> <nCl=300> <DB=-51370112.9320> <Mlp=244507.5728> <PB=16029.2> 
<DWph=2> <it=120> <et=550.73> <Mt=15.52> <Spt=38.64> <nCl=300> <DB=-47769065.5154> <Mlp=184397.6421> <PB=16029.2> 
<DWph=2> <it=130> <et=605.16> <Mt=17.52> <Spt=36.90> <nCl=300> <DB=-41774526.6448> <Mlp=139087.4155> <PB=16029.2> 
<DWph=2> <it=140> <et=659.99> <Mt=18.38> <Spt=36.44> <nCl=299> <DB=-37474170.3589> <Mlp=109280.8227> <PB=16029.2> 
<DWph=2> <it=150> <et=720.75> <Mt=23.90> <Spt=36.85> <nCl=300> <DB=-34542760.0566> <Mlp=80488.1370> <PB=16029.2> 
<DWph=2> <it=160> <et=784.99> <Mt=26.86> <Spt=37.36> <nCl=300> <DB=-28167241.9508> <Mlp=60007.0056> <PB=16029.2> 
<DWph=2> <it=170> <et=849.01> <Mt=26.65> <Spt=37.36> <nCl=300> <DB=-22415339.3848> <Mlp=49492.3146> <PB=16029.2> 
<DWph=2> <it=180> <et=911.69> <Mt=28.06> <Spt=34.61> <nCl=300> <DB=-17224020.2968> <Mlp=42291.2672> <PB=16029.2> 
<DWph=2> <it=190> <et=984.55> <Mt=38.11> <Spt=34.74> <nCl=300> <DB=-11663695.4271> <Mlp=34710.5691> <PB=16029.2> 
<DWph=2> <it=200> <et=1058.77> <Mt=38.27> <Spt=35.94> <nCl=300> <DB=-1779134.4680> <Mlp=31060.4183> <PB=16029.2> 
<DWph=2> <it=210> <et=1133.96> <Mt=36.33> <Spt=38.84> <nCl=300> <DB=-770275.0136> <Mlp=30619.6762> <PB=16029.2> 
<DWph=2> <it=220> <et=1214.22> <Mt=39.88> <Spt=40.37> <nCl=300> <DB=-598392.7259> <Mlp=30101.7164> <PB=16029.2> 
<DWph=2> <it=230> <et=1290.32> <Mt=37.25> <Spt=38.83> <nCl=300> <DB=-527144.3661> <Mlp=29634.3338> <PB=16029.2> 
<DWph=2> <it=240> <et=1366.65> <Mt=36.69> <Spt=39.63> <nCl=300> <DB=-418121.9293> <Mlp=29196.0634> <PB=16029.2> 
<DWph=2> <it=250> <et=1446.12> <Mt=39.11> <Spt=40.35> <nCl=300> <DB=-367428.5791> <Mlp=28653.2878> <PB=16029.2> 
<DWph=2> <it=260> <et=1521.66> <Mt=35.99> <Spt=39.53> <nCl=300> <DB=-357484.9282> <Mlp=28214.4573> <PB=16029.2> 
<DWph=2> <it=270> <et=1605.30> <Mt=42.49> <Spt=41.13> <nCl=300> <DB=-325176.0189> <Mlp=27637.5206> <PB=16029.2> 
<DWph=2> <it=280> <et=1689.63> <Mt=41.56> <Spt=42.76> <nCl=300> <DB=-305688.0515> <Mlp=27088.2642> <PB=16029.2> 
<DWph=2> <it=290> <et=1777.51> <Mt=46.49> <Spt=41.38> <nCl=300> <DB=-250894.2978> <Mlp=26478.7750> <PB=16029.2> 
<DWph=2> <it=300> <et=1866.75> <Mt=47.09> <Spt=42.13> <nCl=300> <DB=-242322.4508> <Mlp=25881.0583> <PB=16029.2> 
<DWph=2> <it=310> <et=1956.14> <Mt=46.26> <Spt=43.12> <nCl=300> <DB=-242881.2794> <Mlp=25285.8395> <PB=16029.2> 
<DWph=2> <it=320> <et=2044.11> <Mt=44.96> <Spt=42.99> <nCl=300> <DB=-230693.7008> <Mlp=24794.4813> <PB=16029.2> 
<DWph=2> <it=330> <et=2133.92> <Mt=46.59> <Spt=43.20> <nCl=300> <DB=-220723.7749> <Mlp=24280.9441> <PB=16029.2> 
<DWph=2> <it=340> <et=2219.10> <Mt=41.80> <Spt=43.19> <nCl=300> <DB=-201902.7489> <Mlp=23751.6342> <PB=16029.2> 
<DWph=2> <it=350> <et=2295.07> <Mt=33.04> <Spt=42.91> <nCl=300> <DB=-186775.4921> <Mlp=23352.7250> <PB=16029.2> 
<DWph=2> <it=360> <et=2371.68> <Mt=34.07> <Spt=42.53> <nCl=300> <DB=-167543.0462> <Mlp=22968.0675> <PB=16029.2> 
<DWph=2> <it=370> <et=2444.65> <Mt=30.68> <Spt=42.27> <nCl=300> <DB=-149904.1136> <Mlp=22665.0315> <PB=16029.2> 
<DWph=2> <it=380> <et=2523.20> <Mt=35.64> <Spt=42.90> <nCl=298> <DB=-130723.6499> <Mlp=22306.1809> <PB=16029.2> 
<DWph=2> <it=390> <et=2598.30> <Mt=33.35> <Spt=41.73> <nCl=300> <DB=-113018.1157> <Mlp=22023.1857> <PB=16029.2> 
<DWph=2> <it=400> <et=2681.34> <Mt=39.69> <Spt=43.34> <nCl=300> <DB=-104328.0321> <Mlp=21599.7877> <PB=16029.2> 
<DWph=2> <it=410> <et=2755.98> <Mt=32.07> <Spt=42.56> <nCl=300> <DB=-90995.5932> <Mlp=21305.7541> <PB=16029.2> 
<DWph=2> <it=420> <et=2837.35> <Mt=38.19> <Spt=43.16> <nCl=300> <DB=-78183.3356> <Mlp=20951.3413> <PB=16029.2> 
<DWph=2> <it=430> <et=2915.69> <Mt=35.03> <Spt=43.29> <nCl=300> <DB=-72341.1321> <Mlp=20692.1138> <PB=16029.2> 
<DWph=2> <it=440> <et=2993.58> <Mt=35.11> <Spt=42.77> <nCl=285> <DB=-64185.1890> <Mlp=20455.3234> <PB=16029.2> 
<DWph=2> <it=450> <et=3073.23> <Mt=35.68> <Spt=43.74> <nCl=299> <DB=-58745.7887> <Mlp=20179.9338> <PB=16029.2> 
<DWph=2> <it=460> <et=3144.02> <Mt=27.52> <Spt=43.25> <nCl=300> <DB=-53431.0305> <Mlp=19931.1439> <PB=16029.2> 
<DWph=2> <it=470> <et=3217.10> <Mt=28.34> <Spt=44.73> <nCl=300> <DB=-45159.2666> <Mlp=19671.0803> <PB=16029.2> 
<DWph=2> <it=480> <et=3287.17> <Mt=26.17> <Spt=43.88> <nCl=300> <DB=-49335.6822> <Mlp=19477.5248> <PB=16029.2> 
<DWph=2> <it=490> <et=3360.50> <Mt=28.73> <Spt=44.59> <nCl=300> <DB=-36597.8127> <Mlp=19258.0713> <PB=16029.2> 
<DWph=2> <it=500> <et=3438.48> <Mt=33.03> <Spt=44.93> <nCl=294> <DB=-28788.8429> <Mlp=19001.5953> <PB=16029.2> 
<DWph=2> <it=510> <et=3507.77> <Mt=24.63> <Spt=44.64> <nCl=278> <DB=-29402.3113> <Mlp=18831.0996> <PB=16029.2> 
<DWph=2> <it=520> <et=3576.88> <Mt=24.74> <Spt=44.36> <nCl=300> <DB=-20806.4900> <Mlp=18650.7773> <PB=16029.2> 
<DWph=2> <it=530> <et=3645.87> <Mt=24.86> <Spt=44.11> <nCl=300> <DB=-19966.6215> <Mlp=18478.2943> <PB=16029.2> 
Global time limit is reached during column generation
ColGenEvalAlg final dual bound: -1e+12 (rounded: -1e+12)
SEARCH IS INTERRUPTED as the time limit is reached. 
************************************************************************************************
Search is finished, global bounds : [ -1e+12 , 16029.2 ], TIME = 1h0m46s62t = 364662
************************************************************************************************
Application parameters:
  batch  =>  nothing
  tikz  =>  nothing
  instance  =>  "/VRPTW/data/1000/C2_10_8.vrptw"
  out  =>  nothing
  nosolve  =>  false
  ub  =>  16029.2
  sol  =>  nothing
  cfg  =>  "/VRPTW/config/VRPTW_set_2.cfg"
  enable_cap_res  =>  false
[41m solve [00m
~~~~~~~~~~~~~~~~~~~~~~~~~~~~~~~~~~~~~~~~~~~~~~~~~~~~~~~~~~~~~~~~~~~~~~~~~~~~~~
VRPSolver v0.4.1, 24/03/2021. Web: vrpsolver.math.u-bordeaux.fr
Corresponds to the solver by Pessoa, Sadykov, Uchoa and Vanderbeck (2020)
Paper: dx.doi.org/10.1007/s10107-020-01523-z
USE THIS CODE ONLY FOR ACADEMIC PURPOSES AT YOUR OWN RISK
~~~~~~~~~~~~~~~~~~~~~~~~~~~~~~~~~~~~~~~~~~~~~~~~~~~~~~~~~~~~~~~~~~~~~~~~~~~~~~
BaPCod v053, 24/03/2021, © Inria Bordeaux, France
~~~~~~~~~~~~~~~~~~~~~~~~~~~~~~~~~~~~~~~~~~~~~~~~~~~~~~~~~~~~~~~~~~~~~~~~~~~~~~
VRPSolver parameters:
GlobalTimeLimit = 3600
MaxNbOfBBtreeNodeTreated = 100000
treeSearchStrategy = 1
RCSPstopCutGenTimeThresholdInPricing = 30
RCSPhardTimeThresholdInPricing = 20
RCSPnumberOfBucketsPerVertex = 25
RCSPdynamicBucketSteps = 1
RCSPuseBidirectionalSearch = 1
RCSPapplyReducedCostFixing = 1
RCSPredCostFixingFalseGap = 0
RCSPmaxNumOfColsPerIteration = 30
RCSPmaxNumOfColsPerExactIteration = 150
RCSPheurLabelingStrategy = 0
StabilizationMinPhaseOfStage = 0
RCSPmaxNumOfLabelsInEnumeration = 1000000
RCSPmaxNumOfEnumeratedSolutions = 5000000
RCSPmaxNumOfEnumSolutionsForMIP = 10000
RCSPinitNGneighbourhoodSize = 8
RCSPmaxNGneighbourhoodSize = 16
RCSPrankOneCutsMaxNumPerRound = 100
RCSPrankOneCutsMaxNumRows = 5
RCSPrankOneCutsMemoryType = 1
CutTailingOffThreshold = 0.015
CutTailingOffCounterThreshold = 3
SafeDualBoundScaleFactor = -1
StrongBranchingPhaseOneCandidatesNumber = 50
StrongBranchingPhaseOneTreeSizeEstimRatio = 100
StrongBranchingPhaseTwoCandidatesNumber = 3
StrongBranchingPhaseTwoTreeSizeEstimRatio = 100
MaxTimeForRestrictedMasterIpHeur = -1
DivingHeurUseDepthLimit = -1
MaxLDSbreadth = 0
MaxLDSdepth = 0
New model incumbent solution 16029.2, TIME = 0h0m0s14t = 14
Model is built TIME = 0h0m31s67t = 3167
************************************************************************************************
**** BaB tree root node
**** Local DB = -1e+12, global bounds : [ -1e+12 , 16029.2 ], TIME = 0h0m31s68t = 3168
**** 1 open nodes, 0 columns (0 active), 0 dyn. constrs. (0 active), 2002 art. vars. (2002 active)
************************************************************************************************
<DWph=2> <it= 10> <et=79.20> <Mt= 0.02> <Spt=45.71> <nCl=300> <DB=-157997537.7452> <Mlp=12135148.1055> <PB=16029.2> 
<DWph=2> <it= 20> <et=120.58> <Mt= 0.04> <Spt=41.33> <nCl=300> <DB=-152943457.7315> <Mlp=6601826.1624> <PB=16029.2> 
<DWph=2> <it= 30> <et=160.55> <Mt= 0.08> <Spt=39.88> <nCl=300> <DB=-138635113.9034> <Mlp=3940608.9826> <PB=16029.2> 
<DWph=2> <it= 40> <et=200.98> <Mt= 0.38> <Spt=40.04> <nCl=300> <DB=-120964536.1558> <Mlp=2565629.8345> <PB=16029.2> 
<DWph=2> <it= 50> <et=239.29> <Mt= 1.33> <Spt=36.97> <nCl=300> <DB=-99924074.8409> <Mlp=1656012.6448> <PB=16029.2> 
<DWph=2> <it= 60> <et=276.64> <Mt= 2.20> <Spt=35.14> <nCl=300> <DB=-84686062.0838> <Mlp=1135280.0355> <PB=16029.2> 
<DWph=2> <it= 70> <et=317.37> <Mt= 3.83> <Spt=36.89> <nCl=300> <DB=-76196845.3677> <Mlp=808872.1175> <PB=16029.2> 
<DWph=2> <it= 80> <et=359.36> <Mt= 5.86> <Spt=36.12> <nCl=300> <DB=-65836609.3687> <Mlp=581996.2723> <PB=16029.2> 
<DWph=2> <it= 90> <et=403.75> <Mt= 7.45> <Spt=36.92> <nCl=300> <DB=-59059907.6867> <Mlp=449245.3526> <PB=16029.2> 
<DWph=2> <it=100> <et=452.01> <Mt=11.14> <Spt=37.11> <nCl=300> <DB=-52968212.8341> <Mlp=329752.2334> <PB=16029.2> 
<DWph=2> <it=110> <et=503.20> <Mt=12.87> <Spt=38.32> <nCl=300> <DB=-51370112.9320> <Mlp=244507.5728> <PB=16029.2> 
<DWph=2> <it=120> <et=557.59> <Mt=15.71> <Spt=38.66> <nCl=300> <DB=-47769065.5154> <Mlp=184397.6421> <PB=16029.2> 
<DWph=2> <it=130> <et=611.70> <Mt=17.52> <Spt=36.57> <nCl=300> <DB=-41774526.6448> <Mlp=139087.4155> <PB=16029.2> 
<DWph=2> <it=140> <et=666.92> <Mt=18.58> <Spt=36.64> <nCl=299> <DB=-37474170.3589> <Mlp=109280.8227> <PB=16029.2> 
<DWph=2> <it=150> <et=726.89> <Mt=23.74> <Spt=36.21> <nCl=300> <DB=-34542760.0566> <Mlp=80488.1370> <PB=16029.2> 
<DWph=2> <it=160> <et=791.16> <Mt=26.97> <Spt=37.29> <nCl=300> <DB=-28167241.9508> <Mlp=60007.0056> <PB=16029.2> 
<DWph=2> <it=170> <et=854.79> <Mt=26.71> <Spt=36.91> <nCl=300> <DB=-22415339.3848> <Mlp=49492.3146> <PB=16029.2> 
<DWph=2> <it=180> <et=917.58> <Mt=28.51> <Spt=34.26> <nCl=300> <DB=-17224020.2968> <Mlp=42291.2672> <PB=16029.2> 
<DWph=2> <it=190> <et=991.24> <Mt=38.61> <Spt=35.04> <nCl=300> <DB=-11663695.4271> <Mlp=34710.5691> <PB=16029.2> 
<DWph=2> <it=200> <et=1066.78> <Mt=39.26> <Spt=36.27> <nCl=300> <DB=-1779134.4680> <Mlp=31060.4183> <PB=16029.2> 
<DWph=2> <it=210> <et=1142.94> <Mt=36.82> <Spt=39.32> <nCl=300> <DB=-770275.0136> <Mlp=30619.6762> <PB=16029.2> 
<DWph=2> <it=220> <et=1223.17> <Mt=40.15> <Spt=40.07> <nCl=300> <DB=-598392.7259> <Mlp=30101.7164> <PB=16029.2> 
<DWph=2> <it=230> <et=1300.91> <Mt=38.32> <Spt=39.41> <nCl=300> <DB=-527144.3661> <Mlp=29634.3338> <PB=16029.2> 
<DWph=2> <it=240> <et=1378.31> <Mt=37.60> <Spt=39.78> <nCl=300> <DB=-418121.9293> <Mlp=29196.0634> <PB=16029.2> 
<DWph=2> <it=250> <et=1458.89> <Mt=40.03> <Spt=40.53> <nCl=300> <DB=-367428.5791> <Mlp=28653.2878> <PB=16029.2> 
<DWph=2> <it=260> <et=1534.72> <Mt=36.52> <Spt=39.30> <nCl=300> <DB=-357484.9282> <Mlp=28214.4573> <PB=16029.2> 
<DWph=2> <it=270> <et=1620.15> <Mt=43.72> <Spt=41.69> <nCl=300> <DB=-325176.0189> <Mlp=27637.5206> <PB=16029.2> 
<DWph=2> <it=280> <et=1705.43> <Mt=42.55> <Spt=42.73> <nCl=300> <DB=-305688.0515> <Mlp=27088.2642> <PB=16029.2> 
<DWph=2> <it=290> <et=1794.41> <Mt=47.50> <Spt=41.45> <nCl=300> <DB=-250894.2978> <Mlp=26478.7750> <PB=16029.2> 
<DWph=2> <it=300> <et=1883.20> <Mt=47.33> <Spt=41.45> <nCl=300> <DB=-242322.4508> <Mlp=25881.0583> <PB=16029.2> 
<DWph=2> <it=310> <et=1971.98> <Mt=46.01> <Spt=42.75> <nCl=300> <DB=-242881.2794> <Mlp=25285.8395> <PB=16029.2> 
<DWph=2> <it=320> <et=2058.91> <Mt=44.72> <Spt=42.20> <nCl=300> <DB=-230693.7008> <Mlp=24794.4813> <PB=16029.2> 
<DWph=2> <it=330> <et=2149.05> <Mt=46.84> <Spt=43.28> <nCl=300> <DB=-220723.7749> <Mlp=24280.9441> <PB=16029.2> 
<DWph=2> <it=340> <et=2234.21> <Mt=42.12> <Spt=42.84> <nCl=300> <DB=-201902.7489> <Mlp=23751.6342> <PB=16029.2> 
<DWph=2> <it=350> <et=2309.93> <Mt=32.96> <Spt=42.75> <nCl=300> <DB=-186775.4921> <Mlp=23352.7250> <PB=16029.2> 
<DWph=2> <it=360> <et=2385.81> <Mt=34.04> <Spt=41.82> <nCl=300> <DB=-167543.0462> <Mlp=22968.0675> <PB=16029.2> 
<DWph=2> <it=370> <et=2458.51> <Mt=30.72> <Spt=41.97> <nCl=300> <DB=-149904.1136> <Mlp=22665.0315> <PB=16029.2> 
<DWph=2> <it=380> <et=2536.10> <Mt=35.61> <Spt=41.96> <nCl=298> <DB=-130723.6499> <Mlp=22306.1809> <PB=16029.2> 
<DWph=2> <it=390> <et=2610.88> <Mt=33.48> <Spt=41.29> <nCl=300> <DB=-113018.1157> <Mlp=22023.1857> <PB=16029.2> 
<DWph=2> <it=400> <et=2692.69> <Mt=39.39> <Spt=42.39> <nCl=300> <DB=-104328.0321> <Mlp=21599.7877> <PB=16029.2> 
<DWph=2> <it=410> <et=2766.68> <Mt=31.63> <Spt=42.35> <nCl=300> <DB=-90995.5932> <Mlp=21305.7541> <PB=16029.2> 
<DWph=2> <it=420> <et=2846.47> <Mt=37.86> <Spt=41.91> <nCl=300> <DB=-78183.3356> <Mlp=20951.3413> <PB=16029.2> 
<DWph=2> <it=430> <et=2924.22> <Mt=35.09> <Spt=42.66> <nCl=300> <DB=-72341.1321> <Mlp=20692.1138> <PB=16029.2> 
<DWph=2> <it=440> <et=3001.15> <Mt=34.93> <Spt=41.98> <nCl=285> <DB=-64185.1890> <Mlp=20455.3234> <PB=16029.2> 
<DWph=2> <it=450> <et=3078.70> <Mt=35.33> <Spt=42.01> <nCl=299> <DB=-58745.7887> <Mlp=20179.9338> <PB=16029.2> 
<DWph=2> <it=460> <et=3148.76> <Mt=27.42> <Spt=42.62> <nCl=300> <DB=-53431.0305> <Mlp=19931.1439> <PB=16029.2> 
<DWph=2> <it=470> <et=3220.36> <Mt=27.99> <Spt=43.60> <nCl=300> <DB=-45159.2666> <Mlp=19671.0803> <PB=16029.2> 
<DWph=2> <it=480> <et=3289.42> <Mt=25.99> <Spt=43.06> <nCl=300> <DB=-49335.6822> <Mlp=19477.5248> <PB=16029.2> 
<DWph=2> <it=490> <et=3362.21> <Mt=28.62> <Spt=44.15> <nCl=300> <DB=-36597.8127> <Mlp=19258.0713> <PB=16029.2> 
<DWph=2> <it=500> <et=3439.63> <Mt=32.88> <Spt=44.53> <nCl=294> <DB=-28788.8429> <Mlp=19001.5953> <PB=16029.2> 
<DWph=2> <it=510> <et=3508.59> <Mt=24.50> <Spt=44.44> <nCl=278> <DB=-29402.3113> <Mlp=18831.0996> <PB=16029.2> 
<DWph=2> <it=520> <et=3578.53> <Mt=24.86> <Spt=45.06> <nCl=300> <DB=-20806.4900> <Mlp=18650.7773> <PB=16029.2> 
<DWph=2> <it=530> <et=3647.61> <Mt=24.83> <Spt=44.24> <nCl=300> <DB=-19966.6215> <Mlp=18478.2943> <PB=16029.2> 
Global time limit is reached during column generation
ColGenEvalAlg final dual bound: -1e+12 (rounded: -1e+12)
SEARCH IS INTERRUPTED as the time limit is reached. 
************************************************************************************************
Search is finished, global bounds : [ -1e+12 , 16029.2 ], TIME = 1h0m48s43t = 364843
************************************************************************************************
statistics_cols: instance & :Optimal & cutoff & :bcRecRootDb & :bcTimeRootEval & :bcCountNodeProc & :bcRecBestDb & :bcRecBestInc & :bcTimeMain \\
statistics: C2_10_8 & 0 & 16029.2 & -1000000000000.00 & 3648.36 & 1 & 0.00 & -- & 3648.43 \\
########################################################
Solution not found
########################################################
Application parameters:
  batch  =>  nothing
  tikz  =>  nothing
  instance  =>  "/VRPTW/data/1000/C2_10_9.vrptw"
  out  =>  nothing
  nosolve  =>  false
  ub  =>  16075.5
  sol  =>  nothing
  cfg  =>  "/VRPTW/config/VRPTW_set_2.cfg"
  enable_cap_res  =>  false
[41m solve [00m
~~~~~~~~~~~~~~~~~~~~~~~~~~~~~~~~~~~~~~~~~~~~~~~~~~~~~~~~~~~~~~~~~~~~~~~~~~~~~~
VRPSolver v0.4.1, 24/03/2021. Web: vrpsolver.math.u-bordeaux.fr
Corresponds to the solver by Pessoa, Sadykov, Uchoa and Vanderbeck (2020)
Paper: dx.doi.org/10.1007/s10107-020-01523-z
USE THIS CODE ONLY FOR ACADEMIC PURPOSES AT YOUR OWN RISK
~~~~~~~~~~~~~~~~~~~~~~~~~~~~~~~~~~~~~~~~~~~~~~~~~~~~~~~~~~~~~~~~~~~~~~~~~~~~~~
BaPCod v053, 24/03/2021, © Inria Bordeaux, France
~~~~~~~~~~~~~~~~~~~~~~~~~~~~~~~~~~~~~~~~~~~~~~~~~~~~~~~~~~~~~~~~~~~~~~~~~~~~~~
VRPSolver parameters:
GlobalTimeLimit = 3600
MaxNbOfBBtreeNodeTreated = 100000
treeSearchStrategy = 1
RCSPstopCutGenTimeThresholdInPricing = 30
RCSPhardTimeThresholdInPricing = 20
RCSPnumberOfBucketsPerVertex = 25
RCSPdynamicBucketSteps = 1
RCSPuseBidirectionalSearch = 1
RCSPapplyReducedCostFixing = 1
RCSPredCostFixingFalseGap = 0
RCSPmaxNumOfColsPerIteration = 30
RCSPmaxNumOfColsPerExactIteration = 150
RCSPheurLabelingStrategy = 0
StabilizationMinPhaseOfStage = 0
RCSPmaxNumOfLabelsInEnumeration = 1000000
RCSPmaxNumOfEnumeratedSolutions = 5000000
RCSPmaxNumOfEnumSolutionsForMIP = 10000
RCSPinitNGneighbourhoodSize = 8
RCSPmaxNGneighbourhoodSize = 16
RCSPrankOneCutsMaxNumPerRound = 100
RCSPrankOneCutsMaxNumRows = 5
RCSPrankOneCutsMemoryType = 1
CutTailingOffThreshold = 0.015
CutTailingOffCounterThreshold = 3
SafeDualBoundScaleFactor = -1
StrongBranchingPhaseOneCandidatesNumber = 50
StrongBranchingPhaseOneTreeSizeEstimRatio = 100
StrongBranchingPhaseTwoCandidatesNumber = 3
StrongBranchingPhaseTwoTreeSizeEstimRatio = 100
MaxTimeForRestrictedMasterIpHeur = -1
DivingHeurUseDepthLimit = -1
MaxLDSbreadth = 0
MaxLDSdepth = 0
New model incumbent solution 16075.5, TIME = 0h0m0s11t = 11
Model is built TIME = 0h0m27s90t = 2790
************************************************************************************************
**** BaB tree root node
**** Local DB = -1e+12, global bounds : [ -1e+12 , 16075.5 ], TIME = 0h0m27s91t = 2791
**** 1 open nodes, 0 columns (0 active), 0 dyn. constrs. (0 active), 2002 art. vars. (2002 active)
************************************************************************************************
<DWph=2> <it= 10> <et=79.35> <Mt= 0.02> <Spt=49.59> <nCl=300> <DB=-157720506.1939> <Mlp=13630300.9000> <PB=16075.5> 
<DWph=2> <it= 20> <et=126.77> <Mt= 0.03> <Spt=47.37> <nCl=300> <DB=-152651645.9021> <Mlp=9371018.7192> <PB=16075.5> 
<DWph=2> <it= 30> <et=174.08> <Mt= 0.06> <Spt=47.25> <nCl=300> <DB=-141118910.8553> <Mlp=5666134.4484> <PB=16075.5> 
<DWph=2> <it= 40> <et=220.65> <Mt= 0.12> <Spt=46.44> <nCl=300> <DB=-131305198.8765> <Mlp=3826366.6639> <PB=16075.5> 
<DWph=2> <it= 50> <et=266.61> <Mt= 0.61> <Spt=45.33> <nCl=300> <DB=-115004178.9506> <Mlp=2479909.4786> <PB=16075.5> 
<DWph=2> <it= 60> <et=311.56> <Mt= 0.99> <Spt=43.97> <nCl=300> <DB=-107635092.6620> <Mlp=1851258.7893> <PB=16075.5> 
<DWph=2> <it= 70> <et=357.95> <Mt= 2.08> <Spt=44.29> <nCl=300> <DB=-97485472.5791> <Mlp=1295419.1575> <PB=16075.5> 
<DWph=2> <it= 80> <et=402.88> <Mt= 2.72> <Spt=42.21> <nCl=300> <DB=-87818174.5593> <Mlp=1040919.1459> <PB=16075.5> 
<DWph=2> <it= 90> <et=450.70> <Mt= 4.89> <Spt=42.91> <nCl=300> <DB=-80215689.1950> <Mlp=772470.4372> <PB=16075.5> 
<DWph=2> <it=100> <et=503.48> <Mt= 8.04> <Spt=44.74> <nCl=300> <DB=-69530969.0518> <Mlp=559424.7389> <PB=16075.5> 
<DWph=2> <it=110> <et=554.50> <Mt= 8.49> <Spt=42.51> <nCl=300> <DB=-65755188.2939> <Mlp=444534.0237> <PB=16075.5> 
<DWph=2> <it=120> <et=607.06> <Mt=10.22> <Spt=42.33> <nCl=300> <DB=-56852934.2388> <Mlp=360710.7713> <PB=16075.5> 
<DWph=2> <it=130> <et=665.23> <Mt=14.94> <Spt=43.22> <nCl=300> <DB=-57029438.2433> <Mlp=281999.8496> <PB=16075.5> 
<DWph=2> <it=140> <et=722.92> <Mt=16.48> <Spt=41.21> <nCl=300> <DB=-48293801.6083> <Mlp=218715.4704> <PB=16075.5> 
<DWph=2> <it=150> <et=783.02> <Mt=18.21> <Spt=41.88> <nCl=300> <DB=-46055911.1498> <Mlp=172218.5579> <PB=16075.5> 
<DWph=2> <it=160> <et=845.18> <Mt=20.02> <Spt=42.13> <nCl=300> <DB=-43044599.3715> <Mlp=139573.1690> <PB=16075.5> 
<DWph=2> <it=170> <et=907.58> <Mt=21.75> <Spt=40.64> <nCl=300> <DB=-40311113.0013> <Mlp=108164.1718> <PB=16075.5> 
<DWph=2> <it=180> <et=973.99> <Mt=23.92> <Spt=42.49> <nCl=300> <DB=-34967253.8057> <Mlp=88522.1698> <PB=16075.5> 
<DWph=2> <it=190> <et=1040.70> <Mt=26.52> <Spt=40.17> <nCl=300> <DB=-30063134.2569> <Mlp=69959.8632> <PB=16075.5> 
<DWph=2> <it=200> <et=1112.77> <Mt=28.40> <Spt=43.67> <nCl=300> <DB=-26646370.7429> <Mlp=55839.2683> <PB=16075.5> 
<DWph=2> <it=210> <et=1193.35> <Mt=37.17> <Spt=43.39> <nCl=300> <DB=-20893072.5632> <Mlp=42228.2852> <PB=16075.5> 
<DWph=2> <it=220> <et=1270.97> <Mt=37.22> <Spt=40.39> <nCl=300> <DB=-11933025.5707> <Mlp=32961.6971> <PB=16075.5> 
<DWph=2> <it=230> <et=1347.59> <Mt=33.59> <Spt=43.02> <nCl=300> <DB=-1026977.7174> <Mlp=32516.9525> <PB=16075.5> 
<DWph=2> <it=240> <et=1428.31> <Mt=35.89> <Spt=44.82> <nCl=300> <DB=-659659.9397> <Mlp=32192.2887> <PB=16075.5> 
<DWph=2> <it=250> <et=1514.93> <Mt=39.88> <Spt=46.74> <nCl=300> <DB=-546475.0018> <Mlp=31792.4028> <PB=16075.5> 
<DWph=2> <it=260> <et=1604.59> <Mt=43.18> <Spt=46.46> <nCl=300> <DB=-487267.9649> <Mlp=31376.1923> <PB=16075.5> 
<DWph=2> <it=270> <et=1700.85> <Mt=48.53> <Spt=47.72> <nCl=300> <DB=-402640.9953> <Mlp=30796.6521> <PB=16075.5> 
<DWph=2> <it=280> <et=1795.36> <Mt=48.00> <Spt=46.49> <nCl=300> <DB=-390563.5769> <Mlp=30206.8640> <PB=16075.5> 
<DWph=2> <it=290> <et=1889.23> <Mt=46.94> <Spt=46.93> <nCl=300> <DB=-426084.7394> <Mlp=29725.2725> <PB=16075.5> 
<DWph=2> <it=300> <et=1986.11> <Mt=50.13> <Spt=46.73> <nCl=300> <DB=-352570.5788> <Mlp=29172.3077> <PB=16075.5> 
<DWph=2> <it=310> <et=2084.72> <Mt=52.12> <Spt=46.48> <nCl=300> <DB=-314426.1837> <Mlp=28530.9000> <PB=16075.5> 
<DWph=2> <it=320> <et=2175.01> <Mt=42.71> <Spt=47.57> <nCl=300> <DB=-313979.3965> <Mlp=28098.8828> <PB=16075.5> 
<DWph=2> <it=330> <et=2272.02> <Mt=50.00> <Spt=46.99> <nCl=300> <DB=-335065.3829> <Mlp=27615.9712> <PB=16075.5> 
<DWph=2> <it=340> <et=2358.77> <Mt=38.46> <Spt=48.10> <nCl=300> <DB=-280385.6269> <Mlp=27232.2397> <PB=16075.5> 
<DWph=2> <it=350> <et=2439.90> <Mt=34.57> <Spt=46.54> <nCl=300> <DB=-259238.5873> <Mlp=26844.0328> <PB=16075.5> 
<DWph=2> <it=360> <et=2517.42> <Mt=30.66> <Spt=46.85> <nCl=300> <DB=-231232.8976> <Mlp=26507.4755> <PB=16075.5> 
<DWph=2> <it=370> <et=2592.44> <Mt=29.33> <Spt=45.69> <nCl=300> <DB=-239239.6441> <Mlp=26203.8765> <PB=16075.5> 
<DWph=2> <it=380> <et=2670.35> <Mt=30.74> <Spt=47.16> <nCl=300> <DB=-218529.8925> <Mlp=25912.4337> <PB=16075.5> 
<DWph=2> <it=390> <et=2749.65> <Mt=32.42> <Spt=46.86> <nCl=300> <DB=-206536.7955> <Mlp=25592.3522> <PB=16075.5> 
<DWph=2> <it=400> <et=2838.65> <Mt=41.08> <Spt=47.91> <nCl=300> <DB=-195336.1533> <Mlp=25135.0379> <PB=16075.5> 
<DWph=2> <it=410> <et=2920.08> <Mt=34.46> <Spt=46.96> <nCl=300> <DB=-195502.4662> <Mlp=24794.2043> <PB=16075.5> 
<DWph=2> <it=420> <et=3008.24> <Mt=41.11> <Spt=47.04> <nCl=300> <DB=-163925.2084> <Mlp=24378.8279> <PB=16075.5> 
<DWph=2> <it=430> <et=3094.53> <Mt=39.21> <Spt=47.06> <nCl=300> <DB=-140963.6170> <Mlp=23954.9870> <PB=16075.5> 
<DWph=2> <it=440> <et=3180.68> <Mt=36.34> <Spt=49.80> <nCl=300> <DB=-162427.5924> <Mlp=23627.0141> <PB=16075.5> 
<DWph=2> <it=450> <et=3264.96> <Mt=36.52> <Spt=47.55> <nCl=300> <DB=-117668.7344> <Mlp=23310.6197> <PB=16075.5> 
<DWph=2> <it=460> <et=3341.44> <Mt=28.80> <Spt=47.66> <nCl=300> <DB=-108367.7027> <Mlp=23041.5295> <PB=16075.5> 
<DWph=2> <it=470> <et=3421.99> <Mt=32.26> <Spt=48.28> <nCl=300> <DB=-97273.3906> <Mlp=22667.8890> <PB=16075.5> 
<DWph=2> <it=480> <et=3500.08> <Mt=30.08> <Spt=48.00> <nCl=300> <DB=-89713.8688> <Mlp=22389.4950> <PB=16075.5> 
<DWph=2> <it=490> <et=3580.80> <Mt=32.74> <Spt=47.97> <nCl=300> <DB=-88534.9282> <Mlp=22053.7199> <PB=16075.5> 
<DWph=2> <it=500> <et=3658.78> <Mt=30.52> <Spt=47.45> <nCl=300> <DB=-69219.3215> <Mlp=21799.7952> <PB=16075.5> 
Global time limit is reached during column generation
ColGenEvalAlg final dual bound: -1e+12 (rounded: -1e+12)
SEARCH IS INTERRUPTED as the time limit is reached. 
************************************************************************************************
Search is finished, global bounds : [ -1e+12 , 16075.5 ], TIME = 1h0m59s63t = 365963
************************************************************************************************
statistics_cols: instance & :Optimal & cutoff & :bcRecRootDb & :bcTimeRootEval & :bcCountNodeProc & :bcRecBestDb & :bcRecBestInc & :bcTimeMain \\
statistics: C2_10_9 & 0 & 16075.5 & -1000000000000.00 & 3659.56 & 1 & 0.00 & -- & 3659.63 \\
########################################################
Solution not found
########################################################
Application parameters:
  batch  =>  nothing
  tikz  =>  nothing
  instance  =>  "/VRPTW/data/1000/C2_10_10.vrptw"
  out  =>  nothing
  nosolve  =>  false
  ub  =>  15728.7
  sol  =>  nothing
  cfg  =>  "/VRPTW/config/VRPTW_set_2.cfg"
  enable_cap_res  =>  false
[41m solve [00m
~~~~~~~~~~~~~~~~~~~~~~~~~~~~~~~~~~~~~~~~~~~~~~~~~~~~~~~~~~~~~~~~~~~~~~~~~~~~~~
VRPSolver v0.4.1, 24/03/2021. Web: vrpsolver.math.u-bordeaux.fr
Corresponds to the solver by Pessoa, Sadykov, Uchoa and Vanderbeck (2020)
Paper: dx.doi.org/10.1007/s10107-020-01523-z
USE THIS CODE ONLY FOR ACADEMIC PURPOSES AT YOUR OWN RISK
~~~~~~~~~~~~~~~~~~~~~~~~~~~~~~~~~~~~~~~~~~~~~~~~~~~~~~~~~~~~~~~~~~~~~~~~~~~~~~
BaPCod v053, 24/03/2021, © Inria Bordeaux, France
~~~~~~~~~~~~~~~~~~~~~~~~~~~~~~~~~~~~~~~~~~~~~~~~~~~~~~~~~~~~~~~~~~~~~~~~~~~~~~
VRPSolver parameters:
GlobalTimeLimit = 3600
MaxNbOfBBtreeNodeTreated = 100000
treeSearchStrategy = 1
RCSPstopCutGenTimeThresholdInPricing = 30
RCSPhardTimeThresholdInPricing = 20
RCSPnumberOfBucketsPerVertex = 25
RCSPdynamicBucketSteps = 1
RCSPuseBidirectionalSearch = 1
RCSPapplyReducedCostFixing = 1
RCSPredCostFixingFalseGap = 0
RCSPmaxNumOfColsPerIteration = 30
RCSPmaxNumOfColsPerExactIteration = 150
RCSPheurLabelingStrategy = 0
StabilizationMinPhaseOfStage = 0
RCSPmaxNumOfLabelsInEnumeration = 1000000
RCSPmaxNumOfEnumeratedSolutions = 5000000
RCSPmaxNumOfEnumSolutionsForMIP = 10000
RCSPinitNGneighbourhoodSize = 8
RCSPmaxNGneighbourhoodSize = 16
RCSPrankOneCutsMaxNumPerRound = 100
RCSPrankOneCutsMaxNumRows = 5
RCSPrankOneCutsMemoryType = 1
CutTailingOffThreshold = 0.015
CutTailingOffCounterThreshold = 3
SafeDualBoundScaleFactor = -1
StrongBranchingPhaseOneCandidatesNumber = 50
StrongBranchingPhaseOneTreeSizeEstimRatio = 100
StrongBranchingPhaseTwoCandidatesNumber = 3
StrongBranchingPhaseTwoTreeSizeEstimRatio = 100
MaxTimeForRestrictedMasterIpHeur = -1
DivingHeurUseDepthLimit = -1
MaxLDSbreadth = 0
MaxLDSdepth = 0
New model incumbent solution 15728.7, TIME = 0h0m0s8t = 8
Model is built TIME = 0h0m37s15t = 3715
************************************************************************************************
**** BaB tree root node
**** Local DB = -1e+12, global bounds : [ -1e+12 , 15728.7 ], TIME = 0h0m37s15t = 3715
**** 1 open nodes, 0 columns (0 active), 0 dyn. constrs. (0 active), 2002 art. vars. (2002 active)
************************************************************************************************
<DWph=2> <it= 10> <et=97.25> <Mt= 0.02> <Spt=58.24> <nCl=300> <DB=-159611161.1636> <Mlp=13267951.1598> <PB=15728.7> 
<DWph=2> <it= 20> <et=151.12> <Mt= 0.03> <Spt=53.82> <nCl=300> <DB=-149492876.8683> <Mlp=7787711.4240> <PB=15728.7> 
<DWph=2> <it= 30> <et=203.44> <Mt= 0.07> <Spt=52.25> <nCl=300> <DB=-147926238.1787> <Mlp=4445659.1842> <PB=15728.7> 
<DWph=2> <it= 40> <et=253.35> <Mt= 0.25> <Spt=49.65> <nCl=300> <DB=-128363671.7393> <Mlp=2804741.8581> <PB=15728.7> 
<DWph=2> <it= 50> <et=301.85> <Mt= 0.62> <Spt=47.87> <nCl=300> <DB=-111593644.8153> <Mlp=1805897.5227> <PB=15728.7> 
<DWph=2> <it= 60> <et=349.16> <Mt= 1.31> <Spt=46.00> <nCl=300> <DB=-103009296.7906> <Mlp=1306191.1941> <PB=15728.7> 
<DWph=2> <it= 70> <et=398.55> <Mt= 2.56> <Spt=46.81> <nCl=300> <DB=-85828350.7213> <Mlp=931753.7017> <PB=15728.7> 
<DWph=2> <it= 80> <et=451.09> <Mt= 4.01> <Spt=48.53> <nCl=300> <DB=-76051580.0270> <Mlp=700193.5382> <PB=15728.7> 
<DWph=2> <it= 90> <et=503.60> <Mt= 6.06> <Spt=46.44> <nCl=300> <DB=-70283936.2774> <Mlp=513201.0058> <PB=15728.7> 
<DWph=2> <it=100> <et=559.52> <Mt= 8.05> <Spt=47.86> <nCl=300> <DB=-59648832.7693> <Mlp=392418.7301> <PB=15728.7> 
<DWph=2> <it=110> <et=615.31> <Mt= 9.23> <Spt=46.55> <nCl=300> <DB=-55128731.8077> <Mlp=321742.1511> <PB=15728.7> 
<DWph=2> <it=120> <et=676.28> <Mt=11.97> <Spt=48.99> <nCl=298> <DB=-51617239.6598> <Mlp=264309.6798> <PB=15728.7> 
<DWph=2> <it=130> <et=736.91> <Mt=13.42> <Spt=47.20> <nCl=300> <DB=-49487800.6191> <Mlp=214377.2633> <PB=15728.7> 
<DWph=2> <it=140> <et=796.75> <Mt=12.43> <Spt=47.40> <nCl=300> <DB=-45853482.0008> <Mlp=181679.4749> <PB=15728.7> 
<DWph=2> <it=150> <et=859.16> <Mt=15.60> <Spt=46.81> <nCl=300> <DB=-43753255.8529> <Mlp=150799.0302> <PB=15728.7> 
<DWph=2> <it=160> <et=926.28> <Mt=19.15> <Spt=47.96> <nCl=300> <DB=-38552837.1356> <Mlp=121453.3712> <PB=15728.7> 
<DWph=2> <it=170> <et=990.53> <Mt=17.97> <Spt=46.26> <nCl=300> <DB=-36957292.5315> <Mlp=103617.6407> <PB=15728.7> 
<DWph=2> <it=180> <et=1058.50> <Mt=20.17> <Spt=47.80> <nCl=300> <DB=-31892108.7108> <Mlp=86542.0704> <PB=15728.7> 
<DWph=2> <it=190> <et=1131.84> <Mt=24.40> <Spt=48.93> <nCl=300> <DB=-29746834.5865> <Mlp=67871.8000> <PB=15728.7> 
<DWph=2> <it=200> <et=1208.64> <Mt=28.31> <Spt=48.48> <nCl=300> <DB=-27288978.5048> <Mlp=52932.0251> <PB=15728.7> 
<DWph=2> <it=210> <et=1288.40> <Mt=33.82> <Spt=45.94> <nCl=300> <DB=-21794249.1782> <Mlp=37444.9230> <PB=15728.7> 
<DWph=2> <it=220> <et=1369.57> <Mt=35.90> <Spt=45.25> <nCl=300> <DB=-12867451.9200> <Mlp=30963.7424> <PB=15728.7> 
<DWph=2> <it=230> <et=1453.51> <Mt=38.69> <Spt=45.25> <nCl=291> <DB=-1155425.4017> <Mlp=28832.5051> <PB=15728.7> 
<DWph=2> <it=240> <et=1533.18> <Mt=29.46> <Spt=50.19> <nCl=300> <DB=-623624.1792> <Mlp=28559.8479> <PB=15728.7> 
<DWph=2> <it=250> <et=1626.34> <Mt=41.61> <Spt=51.54> <nCl=300> <DB=-488046.9532> <Mlp=28071.9162> <PB=15728.7> 
<DWph=2> <it=260> <et=1725.10> <Mt=47.16> <Spt=51.59> <nCl=300> <DB=-405389.3627> <Mlp=27511.2062> <PB=15728.7> 
<DWph=2> <it=270> <et=1815.84> <Mt=38.41> <Spt=52.31> <nCl=300> <DB=-411740.8544> <Mlp=27079.9698> <PB=15728.7> 
<DWph=2> <it=280> <et=1907.27> <Mt=38.45> <Spt=52.97> <nCl=300> <DB=-401672.7049> <Mlp=26668.6577> <PB=15728.7> 
<DWph=2> <it=290> <et=2009.47> <Mt=46.74> <Spt=55.45> <nCl=300> <DB=-341913.8957> <Mlp=26123.9008> <PB=15728.7> 
<DWph=2> <it=300> <et=2108.20> <Mt=43.83> <Spt=54.89> <nCl=300> <DB=-303032.6213> <Mlp=25627.1053> <PB=15728.7> 
<DWph=2> <it=310> <et=2209.23> <Mt=47.78> <Spt=53.24> <nCl=300> <DB=-275840.8657> <Mlp=25086.6591> <PB=15728.7> 
<DWph=2> <it=320> <et=2314.19> <Mt=50.41> <Spt=54.54> <nCl=300> <DB=-276346.7883> <Mlp=24491.2534> <PB=15728.7> 
<DWph=2> <it=330> <et=2412.27> <Mt=45.91> <Spt=52.16> <nCl=300> <DB=-245242.7719> <Mlp=24023.3418> <PB=15728.7> 
<DWph=2> <it=340> <et=2503.63> <Mt=38.80> <Spt=52.35> <nCl=300> <DB=-239074.7718> <Mlp=23547.4880> <PB=15728.7> 
<DWph=2> <it=350> <et=2584.16> <Mt=26.12> <Spt=54.40> <nCl=300> <DB=-217086.5048> <Mlp=23258.7521> <PB=15728.7> 
<DWph=2> <it=360> <et=2663.66> <Mt=25.44> <Spt=54.05> <nCl=287> <DB=-212891.7962> <Mlp=22986.4292> <PB=15728.7> 
<DWph=2> <it=370> <et=2741.91> <Mt=24.19> <Spt=54.04> <nCl=300> <DB=-218573.5509> <Mlp=22748.9606> <PB=15728.7> 
<DWph=2> <it=380> <et=2824.35> <Mt=29.10> <Spt=53.33> <nCl=300> <DB=-187611.5881> <Mlp=22437.8607> <PB=15728.7> 
<DWph=2> <it=390> <et=2917.31> <Mt=38.96> <Spt=53.99> <nCl=300> <DB=-197749.7266> <Mlp=21911.5256> <PB=15728.7> 
<DWph=2> <it=400> <et=3004.39> <Mt=34.04> <Spt=53.02> <nCl=300> <DB=-158609.0041> <Mlp=21523.4549> <PB=15728.7> 
<DWph=2> <it=410> <et=3094.28> <Mt=35.08> <Spt=54.81> <nCl=300> <DB=-145451.5531> <Mlp=21162.0282> <PB=15728.7> 
<DWph=2> <it=420> <et=3178.05> <Mt=27.84> <Spt=55.91> <nCl=300> <DB=-151839.2664> <Mlp=20939.7826> <PB=15728.7> 
<DWph=2> <it=430> <et=3266.06> <Mt=30.26> <Spt=57.74> <nCl=300> <DB=-123766.7828> <Mlp=20700.5589> <PB=15728.7> 
<DWph=2> <it=440> <et=3355.51> <Mt=30.39> <Spt=59.05> <nCl=298> <DB=-101820.7054> <Mlp=20506.2920> <PB=15728.7> 
<DWph=2> <it=450> <et=3444.99> <Mt=32.20> <Spt=57.09> <nCl=300> <DB=-93403.3534> <Mlp=20279.9301> <PB=15728.7> 
<DWph=2> <it=460> <et=3527.29> <Mt=25.52> <Spt=56.76> <nCl=300> <DB=-73577.4315> <Mlp=20080.5856> <PB=15728.7> 
<DWph=2> <it=470> <et=3611.77> <Mt=27.06> <Spt=57.41> <nCl=298> <DB=-67333.4837> <Mlp=19882.2415> <PB=15728.7> 
Global time limit is reached during column generation
ColGenEvalAlg final dual bound: -1e+12 (rounded: -1e+12)
SEARCH IS INTERRUPTED as the time limit is reached. 
************************************************************************************************
Search is finished, global bounds : [ -1e+12 , 15728.7 ], TIME = 1h0m12s53t = 361253
************************************************************************************************
statistics_cols: instance & :Optimal & cutoff & :bcRecRootDb & :bcTimeRootEval & :bcCountNodeProc & :bcRecBestDb & :bcRecBestInc & :bcTimeMain \\
statistics: C2_10_10 & 0 & 15728.7 & -1000000000000.00 & 3612.46 & 1 & 0.00 & -- & 3612.53 \\
########################################################
Solution not found
########################################################
Application parameters:
  batch  =>  nothing
  tikz  =>  nothing
  instance  =>  "/VRPTW/data/1000/RC2_10_1.vrptw"
  out  =>  nothing
  nosolve  =>  false
  ub  =>  28122.7
  sol  =>  nothing
  cfg  =>  "/VRPTW/config/VRPTW_set_2.cfg"
  enable_cap_res  =>  false
[41m solve [00m
~~~~~~~~~~~~~~~~~~~~~~~~~~~~~~~~~~~~~~~~~~~~~~~~~~~~~~~~~~~~~~~~~~~~~~~~~~~~~~
VRPSolver v0.4.1, 24/03/2021. Web: vrpsolver.math.u-bordeaux.fr
Corresponds to the solver by Pessoa, Sadykov, Uchoa and Vanderbeck (2020)
Paper: dx.doi.org/10.1007/s10107-020-01523-z
USE THIS CODE ONLY FOR ACADEMIC PURPOSES AT YOUR OWN RISK
~~~~~~~~~~~~~~~~~~~~~~~~~~~~~~~~~~~~~~~~~~~~~~~~~~~~~~~~~~~~~~~~~~~~~~~~~~~~~~
BaPCod v053, 24/03/2021, © Inria Bordeaux, France
~~~~~~~~~~~~~~~~~~~~~~~~~~~~~~~~~~~~~~~~~~~~~~~~~~~~~~~~~~~~~~~~~~~~~~~~~~~~~~
VRPSolver parameters:
GlobalTimeLimit = 3600
MaxNbOfBBtreeNodeTreated = 100000
treeSearchStrategy = 1
RCSPstopCutGenTimeThresholdInPricing = 30
RCSPhardTimeThresholdInPricing = 20
RCSPnumberOfBucketsPerVertex = 25
RCSPdynamicBucketSteps = 1
RCSPuseBidirectionalSearch = 1
RCSPapplyReducedCostFixing = 1
RCSPredCostFixingFalseGap = 0
RCSPmaxNumOfColsPerIteration = 30
RCSPmaxNumOfColsPerExactIteration = 150
RCSPheurLabelingStrategy = 0
StabilizationMinPhaseOfStage = 0
RCSPmaxNumOfLabelsInEnumeration = 1000000
RCSPmaxNumOfEnumeratedSolutions = 5000000
RCSPmaxNumOfEnumSolutionsForMIP = 10000
RCSPinitNGneighbourhoodSize = 8
RCSPmaxNGneighbourhoodSize = 16
RCSPrankOneCutsMaxNumPerRound = 100
RCSPrankOneCutsMaxNumRows = 5
RCSPrankOneCutsMemoryType = 1
CutTailingOffThreshold = 0.015
CutTailingOffCounterThreshold = 3
SafeDualBoundScaleFactor = -1
StrongBranchingPhaseOneCandidatesNumber = 50
StrongBranchingPhaseOneTreeSizeEstimRatio = 100
StrongBranchingPhaseTwoCandidatesNumber = 3
StrongBranchingPhaseTwoTreeSizeEstimRatio = 100
MaxTimeForRestrictedMasterIpHeur = -1
DivingHeurUseDepthLimit = -1
MaxLDSbreadth = 0
MaxLDSdepth = 0
New model incumbent solution 28122.7, TIME = 0h0m0s9t = 9
Model is built TIME = 0h0m23s32t = 2332
************************************************************************************************
**** BaB tree root node
**** Local DB = -1e+12, global bounds : [ -1e+12 , 28122.7 ], TIME = 0h0m23s32t = 2332
**** 1 open nodes, 0 columns (0 active), 0 dyn. constrs. (0 active), 2002 art. vars. (2002 active)
************************************************************************************************
<DWph=2> <it= 10> <et=39.00> <Mt= 0.06> <Spt=13.76> <nCl=300> <DB=-611008587.0466> <Mlp=17165790.2253> <PB=28122.7> 
<DWph=2> <it= 20> <et=52.25> <Mt= 0.34> <Spt=12.90> <nCl=300> <DB=-442506150.1086> <Mlp=10843361.1808> <PB=28122.7> 
<DWph=2> <it= 30> <et=65.38> <Mt= 0.76> <Spt=12.37> <nCl=300> <DB=-344968843.3930> <Mlp=8117234.5292> <PB=28122.7> 
<DWph=2> <it= 40> <et=78.96> <Mt= 1.01> <Spt=12.56> <nCl=300> <DB=-303433695.3036> <Mlp=6910151.3686> <PB=28122.7> 
<DWph=2> <it= 50> <et=92.61> <Mt= 1.24> <Spt=12.41> <nCl=300> <DB=-262164191.2708> <Mlp=6234731.3047> <PB=28122.7> 
<DWph=2> <it= 60> <et=106.53> <Mt= 1.55> <Spt=12.36> <nCl=300> <DB=-258135330.5359> <Mlp=5602625.6434> <PB=28122.7> 
<DWph=2> <it= 70> <et=121.00> <Mt= 1.49> <Spt=12.96> <nCl=300> <DB=-228746749.6949> <Mlp=5277431.4780> <PB=28122.7> 
<DWph=2> <it= 80> <et=135.21> <Mt= 1.96> <Spt=12.25> <nCl=300> <DB=-195520335.3530> <Mlp=4892573.7489> <PB=28122.7> 
<DWph=2> <it= 90> <et=149.31> <Mt= 1.92> <Spt=12.17> <nCl=300> <DB=-182406609.9342> <Mlp=4613290.5758> <PB=28122.7> 
<DWph=2> <it=100> <et=163.88> <Mt= 2.34> <Spt=12.22> <nCl=300> <DB=-202277846.6620> <Mlp=4239096.5371> <PB=28122.7> 
<DWph=2> <it=110> <et=177.97> <Mt= 2.40> <Spt=11.69> <nCl=300> <DB=-177560654.3635> <Mlp=3947718.5700> <PB=28122.7> 
<DWph=2> <it=120> <et=192.28> <Mt= 2.30> <Spt=12.00> <nCl=300> <DB=-164957565.0721> <Mlp=3779017.2569> <PB=28122.7> 
<DWph=2> <it=130> <et=206.79> <Mt= 2.81> <Spt=11.69> <nCl=300> <DB=-160187627.4860> <Mlp=3550098.1509> <PB=28122.7> 
<DWph=2> <it=140> <et=221.95> <Mt= 3.05> <Spt=12.10> <nCl=300> <DB=-169524579.3794> <Mlp=3329722.5535> <PB=28122.7> 
<DWph=2> <it=150> <et=238.08> <Mt= 3.75> <Spt=12.38> <nCl=300> <DB=-172318719.5804> <Mlp=3099206.0759> <PB=28122.7> 
<DWph=2> <it=160> <et=253.88> <Mt= 3.50> <Spt=12.29> <nCl=300> <DB=-157918308.7859> <Mlp=2936920.0503> <PB=28122.7> 
<DWph=2> <it=170> <et=270.17> <Mt= 3.80> <Spt=12.48> <nCl=300> <DB=-144200326.1598> <Mlp=2797977.7443> <PB=28122.7> 
<DWph=2> <it=180> <et=285.83> <Mt= 3.62> <Spt=12.03> <nCl=300> <DB=-143194602.8627> <Mlp=2680525.3031> <PB=28122.7> 
<DWph=2> <it=190> <et=301.70> <Mt= 3.76> <Spt=12.10> <nCl=300> <DB=-132002289.0810> <Mlp=2566439.8409> <PB=28122.7> 
<DWph=2> <it=200> <et=317.96> <Mt= 4.41> <Spt=11.84> <nCl=300> <DB=-136874326.7244> <Mlp=2457198.2697> <PB=28122.7> 
<DWph=2> <it=210> <et=334.53> <Mt= 4.10> <Spt=12.47> <nCl=300> <DB=-138100757.7347> <Mlp=2394449.6668> <PB=28122.7> 
<DWph=2> <it=220> <et=350.27> <Mt= 3.72> <Spt=12.01> <nCl=300> <DB=-130877809.7988> <Mlp=2343437.9660> <PB=28122.7> 
<DWph=2> <it=230> <et=366.23> <Mt= 4.05> <Spt=11.90> <nCl=300> <DB=-137904721.9169> <Mlp=2295913.4476> <PB=28122.7> 
<DWph=2> <it=240> <et=383.81> <Mt= 5.24> <Spt=12.33> <nCl=300> <DB=-139925575.1014> <Mlp=2226178.8349> <PB=28122.7> 
<DWph=2> <it=250> <et=402.56> <Mt= 6.67> <Spt=12.06> <nCl=300> <DB=-131560774.0955> <Mlp=2135834.0667> <PB=28122.7> 
<DWph=2> <it=260> <et=421.10> <Mt= 5.89> <Spt=12.65> <nCl=300> <DB=-124411623.9322> <Mlp=2075828.6667> <PB=28122.7> 
<DWph=2> <it=270> <et=439.13> <Mt= 5.87> <Spt=12.15> <nCl=300> <DB=-117060445.1049> <Mlp=2023030.4664> <PB=28122.7> 
<DWph=2> <it=280> <et=457.58> <Mt= 6.62> <Spt=11.82> <nCl=300> <DB=-127972742.4434> <Mlp=1956872.6418> <PB=28122.7> 
<DWph=2> <it=290> <et=477.44> <Mt= 7.42> <Spt=12.43> <nCl=300> <DB=-119737806.5080> <Mlp=1884423.5860> <PB=28122.7> 
<DWph=2> <it=300> <et=496.11> <Mt= 6.84> <Spt=11.82> <nCl=300> <DB=-129934905.5716> <Mlp=1842084.0247> <PB=28122.7> 
<DWph=2> <it=310> <et=516.59> <Mt= 8.62> <Spt=11.85> <nCl=300> <DB=-105676773.3745> <Mlp=1777857.0315> <PB=28122.7> 
<DWph=2> <it=320> <et=537.36> <Mt= 8.76> <Spt=12.01> <nCl=300> <DB=-112067804.1076> <Mlp=1721360.3949> <PB=28122.7> 
<DWph=2> <it=330> <et=559.07> <Mt= 9.81> <Spt=11.89> <nCl=300> <DB=-105160531.8517> <Mlp=1657115.9161> <PB=28122.7> 
<DWph=2> <it=340> <et=579.19> <Mt= 8.06> <Spt=11.67> <nCl=300> <DB=-98771479.3555> <Mlp=1607649.3144> <PB=28122.7> 
<DWph=2> <it=350> <et=596.68> <Mt= 6.14> <Spt=11.34> <nCl=300> <DB=-100696709.0561> <Mlp=1559601.0255> <PB=28122.7> 
<DWph=2> <it=360> <et=613.82> <Mt= 5.84> <Spt=11.30> <nCl=300> <DB=-100256715.8164> <Mlp=1521795.5122> <PB=28122.7> 
<DWph=2> <it=370> <et=631.73> <Mt= 5.77> <Spt=12.14> <nCl=300> <DB=-104551984.2473> <Mlp=1484791.7262> <PB=28122.7> 
<DWph=2> <it=380> <et=649.43> <Mt= 5.85> <Spt=11.83> <nCl=300> <DB=-97201043.5304> <Mlp=1454948.9196> <PB=28122.7> 
<DWph=2> <it=390> <et=669.50> <Mt= 8.31> <Spt=11.75> <nCl=300> <DB=-93318069.1928> <Mlp=1405037.8992> <PB=28122.7> 
<DWph=2> <it=400> <et=688.53> <Mt= 7.94> <Spt=11.08> <nCl=300> <DB=-92242492.6381> <Mlp=1355969.3676> <PB=28122.7> 
<DWph=2> <it=410> <et=708.69> <Mt= 8.75> <Spt=11.41> <nCl=300> <DB=-103757416.3049> <Mlp=1307895.6233> <PB=28122.7> 
<DWph=2> <it=420> <et=729.14> <Mt= 9.21> <Spt=11.23> <nCl=300> <DB=-89162493.7304> <Mlp=1269669.4701> <PB=28122.7> 
<DWph=2> <it=430> <et=750.11> <Mt= 9.37> <Spt=11.59> <nCl=300> <DB=-108580439.5492> <Mlp=1238078.5957> <PB=28122.7> 
<DWph=2> <it=440> <et=771.86> <Mt= 9.94> <Spt=11.79> <nCl=300> <DB=-102408165.7459> <Mlp=1196975.3378> <PB=28122.7> 
<DWph=2> <it=450> <et=792.64> <Mt= 8.89> <Spt=11.56> <nCl=300> <DB=-81648316.6960> <Mlp=1173289.7285> <PB=28122.7> 
<DWph=2> <it=460> <et=812.18> <Mt= 8.12> <Spt=11.42> <nCl=300> <DB=-84839097.8684> <Mlp=1146842.9702> <PB=28122.7> 
<DWph=2> <it=470> <et=833.46> <Mt= 9.76> <Spt=11.51> <nCl=300> <DB=-92588047.4407> <Mlp=1117596.7208> <PB=28122.7> 
<DWph=2> <it=480> <et=854.26> <Mt= 9.41> <Spt=11.38> <nCl=300> <DB=-83307900.6499> <Mlp=1092258.3981> <PB=28122.7> 
<DWph=2> <it=490> <et=874.87> <Mt= 9.57> <Spt=11.03> <nCl=300> <DB=-78096655.9047> <Mlp=1068618.5381> <PB=28122.7> 
<DWph=2> <it=500> <et=898.80> <Mt=12.43> <Spt=11.49> <nCl=300> <DB=-77502416.7733> <Mlp=1031566.8107> <PB=28122.7> 
<DWph=2> <it=510> <et=920.52> <Mt=10.09> <Spt=11.62> <nCl=300> <DB=-80592089.8844> <Mlp=1008154.1230> <PB=28122.7> 
<DWph=2> <it=520> <et=942.86> <Mt=11.33> <Spt=11.00> <nCl=300> <DB=-86306078.2157> <Mlp=977402.0694> <PB=28122.7> 
<DWph=2> <it=530> <et=966.00> <Mt=11.90> <Spt=11.24> <nCl=300> <DB=-78944673.7303> <Mlp=952598.8557> <PB=28122.7> 
<DWph=2> <it=540> <et=987.44> <Mt=10.10> <Spt=11.33> <nCl=300> <DB=-89901831.5144> <Mlp=931752.9957> <PB=28122.7> 
<DWph=2> <it=550> <et=1010.51> <Mt=11.67> <Spt=11.38> <nCl=300> <DB=-86574718.8784> <Mlp=910922.7901> <PB=28122.7> 
<DWph=2> <it=560> <et=1033.57> <Mt=11.58> <Spt=11.48> <nCl=300> <DB=-81439080.6762> <Mlp=892734.6762> <PB=28122.7> 
<DWph=2> <it=570> <et=1053.16> <Mt= 8.14> <Spt=11.13> <nCl=300> <DB=-79621910.1760> <Mlp=879654.8168> <PB=28122.7> 
<DWph=2> <it=580> <et=1071.76> <Mt= 7.00> <Spt=11.60> <nCl=300> <DB=-78399590.3357> <Mlp=867879.7626> <PB=28122.7> 
<DWph=2> <it=590> <et=1091.24> <Mt= 8.04> <Spt=11.43> <nCl=300> <DB=-72106318.0615> <Mlp=856459.3782> <PB=28122.7> 
<DWph=2> <it=600> <et=1112.74> <Mt=10.19> <Spt=11.30> <nCl=300> <DB=-77011862.9815> <Mlp=836734.4591> <PB=28122.7> 
<DWph=2> <it=610> <et=1134.94> <Mt=10.45> <Spt=11.74> <nCl=300> <DB=-76289861.4201> <Mlp=817644.6025> <PB=28122.7> 
<DWph=2> <it=620> <et=1157.11> <Mt=10.46> <Spt=11.69> <nCl=300> <DB=-72541556.2057> <Mlp=803349.7219> <PB=28122.7> 
<DWph=2> <it=630> <et=1181.65> <Mt=12.85> <Spt=11.70> <nCl=300> <DB=-69968869.7878> <Mlp=779781.3853> <PB=28122.7> 
<DWph=2> <it=640> <et=1207.10> <Mt=13.54> <Spt=11.90> <nCl=300> <DB=-72057392.9101> <Mlp=756971.1475> <PB=28122.7> 
<DWph=2> <it=650> <et=1228.30> <Mt= 9.84> <Spt=11.34> <nCl=300> <DB=-68283933.8746> <Mlp=746549.2244> <PB=28122.7> 
<DWph=2> <it=660> <et=1252.36> <Mt=12.58> <Spt=11.48> <nCl=300> <DB=-79533694.9249> <Mlp=730495.3589> <PB=28122.7> 
<DWph=2> <it=670> <et=1279.05> <Mt=14.87> <Spt=11.80> <nCl=300> <DB=-64635541.0821> <Mlp=712572.7544> <PB=28122.7> 
<DWph=2> <it=680> <et=1303.65> <Mt=12.65> <Spt=11.67> <nCl=300> <DB=-67088423.7242> <Mlp=691390.8451> <PB=28122.7> 
<DWph=2> <it=690> <et=1324.44> <Mt= 9.62> <Spt=11.16> <nCl=300> <DB=-86436353.8487> <Mlp=675499.3858> <PB=28122.7> 
<DWph=2> <it=700> <et=1349.25> <Mt=12.94> <Spt=11.87> <nCl=300> <DB=-67502270.2589> <Mlp=652219.0030> <PB=28122.7> 
<DWph=2> <it=710> <et=1372.61> <Mt=11.51> <Spt=11.83> <nCl=300> <DB=-67665720.3233> <Mlp=636033.3232> <PB=28122.7> 
<DWph=2> <it=720> <et=1395.53> <Mt=11.00> <Spt=11.92> <nCl=300> <DB=-73640005.6305> <Mlp=622294.2188> <PB=28122.7> 
<DWph=2> <it=730> <et=1418.10> <Mt=11.18> <Spt=11.36> <nCl=300> <DB=-81077211.8372> <Mlp=610653.8256> <PB=28122.7> 
<DWph=2> <it=740> <et=1442.20> <Mt=12.35> <Spt=11.76> <nCl=300> <DB=-65429240.1767> <Mlp=597415.1431> <PB=28122.7> 
<DWph=2> <it=750> <et=1464.48> <Mt=11.00> <Spt=11.26> <nCl=300> <DB=-64828132.3348> <Mlp=587627.8175> <PB=28122.7> 
<DWph=2> <it=760> <et=1491.04> <Mt=14.26> <Spt=12.30> <nCl=300> <DB=-60668441.5208> <Mlp=571214.9488> <PB=28122.7> 
<DWph=2> <it=770> <et=1514.00> <Mt=11.40> <Spt=11.55> <nCl=300> <DB=-59337971.6174> <Mlp=556807.6588> <PB=28122.7> 
<DWph=2> <it=780> <et=1541.32> <Mt=15.97> <Spt=11.33> <nCl=300> <DB=-69452572.6855> <Mlp=539985.3963> <PB=28122.7> 
<DWph=2> <it=790> <et=1563.94> <Mt=11.21> <Spt=11.11> <nCl=300> <DB=-57943546.8976> <Mlp=532813.0928> <PB=28122.7> 
<DWph=2> <it=800> <et=1586.49> <Mt=11.11> <Spt=11.43> <nCl=300> <DB=-62629046.4227> <Mlp=516792.8272> <PB=28122.7> 
<DWph=2> <it=810> <et=1607.46> <Mt= 9.17> <Spt=11.78> <nCl=300> <DB=-74451757.0075> <Mlp=505898.8468> <PB=28122.7> 
<DWph=2> <it=820> <et=1631.77> <Mt=12.80> <Spt=11.51> <nCl=300> <DB=-59686082.4524> <Mlp=488280.1578> <PB=28122.7> 
<DWph=2> <it=830> <et=1655.34> <Mt=11.83> <Spt=11.73> <nCl=300> <DB=-58928616.7599> <Mlp=474598.6496> <PB=28122.7> 
<DWph=2> <it=840> <et=1680.06> <Mt=12.86> <Spt=11.86> <nCl=300> <DB=-59459385.9343> <Mlp=460212.4581> <PB=28122.7> 
<DWph=2> <it=850> <et=1699.86> <Mt= 8.53> <Spt=11.26> <nCl=300> <DB=-51661532.0959> <Mlp=454657.7765> <PB=28122.7> 
<DWph=2> <it=860> <et=1723.70> <Mt=12.43> <Spt=11.39> <nCl=300> <DB=-58576443.5379> <Mlp=443816.0117> <PB=28122.7> 
<DWph=2> <it=870> <et=1747.48> <Mt=12.57> <Spt=11.21> <nCl=300> <DB=-57121628.3597> <Mlp=435268.9565> <PB=28122.7> 
<DWph=2> <it=880> <et=1772.70> <Mt=13.79> <Spt=11.42> <nCl=300> <DB=-55554956.4422> <Mlp=425989.5074> <PB=28122.7> 
<DWph=2> <it=890> <et=1797.56> <Mt=13.71> <Spt=11.14> <nCl=300> <DB=-60280854.3146> <Mlp=417832.0951> <PB=28122.7> 
<DWph=2> <it=900> <et=1823.06> <Mt=14.34> <Spt=11.15> <nCl=300> <DB=-51159557.4139> <Mlp=410503.4379> <PB=28122.7> 
<DWph=2> <it=910> <et=1844.13> <Mt= 9.12> <Spt=11.65> <nCl=300> <DB=-54669960.2749> <Mlp=404230.5389> <PB=28122.7> 
<DWph=2> <it=920> <et=1865.88> <Mt= 9.58> <Spt=12.16> <nCl=300> <DB=-57315990.7594> <Mlp=397687.4115> <PB=28122.7> 
<DWph=2> <it=930> <et=1886.29> <Mt= 8.76> <Spt=11.63> <nCl=300> <DB=-47507447.0276> <Mlp=393479.1152> <PB=28122.7> 
<DWph=2> <it=940> <et=1906.10> <Mt= 8.47> <Spt=11.34> <nCl=300> <DB=-49539676.4568> <Mlp=389885.2207> <PB=28122.7> 
<DWph=2> <it=950> <et=1931.15> <Mt=13.69> <Spt=11.34> <nCl=300> <DB=-52027483.1645> <Mlp=380802.4949> <PB=28122.7> 
<DWph=2> <it=960> <et=1952.76> <Mt=10.73> <Spt=10.88> <nCl=300> <DB=-55884069.7752> <Mlp=376154.7552> <PB=28122.7> 
<DWph=2> <it=970> <et=1974.46> <Mt=10.64> <Spt=11.05> <nCl=300> <DB=-63049827.1698> <Mlp=371809.1857> <PB=28122.7> 
<DWph=2> <it=980> <et=1997.77> <Mt=11.97> <Spt=11.34> <nCl=300> <DB=-49635433.1959> <Mlp=367495.3840> <PB=28122.7> 
<DWph=2> <it=990> <et=2017.55> <Mt= 8.88> <Spt=10.88> <nCl=300> <DB=-50998275.8246> <Mlp=364265.3465> <PB=28122.7> 
<DWph=2> <it=1000> <et=2039.12> <Mt=10.52> <Spt=11.04> <nCl=300> <DB=-51090431.3876> <Mlp=360617.9581> <PB=28122.7> 
<DWph=2> <it=1010> <et=2066.20> <Mt=15.64> <Spt=11.43> <nCl=300> <DB=-48109345.3420> <Mlp=353865.0745> <PB=28122.7> 
<DWph=2> <it=1020> <et=2087.92> <Mt= 9.76> <Spt=11.65> <nCl=300> <DB=-49282366.8339> <Mlp=350449.0456> <PB=28122.7> 
<DWph=2> <it=1030> <et=2106.37> <Mt= 7.41> <Spt=11.03> <nCl=300> <DB=-67007151.5532> <Mlp=347704.6908> <PB=28122.7> 
<DWph=2> <it=1040> <et=2129.85> <Mt=12.01> <Spt=11.46> <nCl=300> <DB=-43265299.7633> <Mlp=342602.4446> <PB=28122.7> 
<DWph=2> <it=1050> <et=2148.98> <Mt= 7.57> <Spt=11.56> <nCl=300> <DB=-60704779.4892> <Mlp=340963.5898> <PB=28122.7> 
<DWph=2> <it=1060> <et=2173.17> <Mt=12.75> <Spt=11.42> <nCl=300> <DB=-40045004.3710> <Mlp=336589.4203> <PB=28122.7> 
<DWph=2> <it=1070> <et=2197.01> <Mt=11.82> <Spt=12.02> <nCl=300> <DB=-54269371.1620> <Mlp=331742.1434> <PB=28122.7> 
<DWph=2> <it=1080> <et=2221.79> <Mt=13.29> <Spt=11.47> <nCl=300> <DB=-42936400.6989> <Mlp=326765.3112> <PB=28122.7> 
<DWph=2> <it=1090> <et=2247.36> <Mt=14.37> <Spt=11.20> <nCl=300> <DB=-47956213.4936> <Mlp=321730.4927> <PB=28122.7> 
<DWph=2> <it=1100> <et=2272.19> <Mt=13.64> <Spt=11.17> <nCl=298> <DB=-38393844.4289> <Mlp=316922.4634> <PB=28122.7> 
<DWph=2> <it=1110> <et=2300.68> <Mt=16.86> <Spt=11.63> <nCl=300> <DB=-40986667.3884> <Mlp=310123.4452> <PB=28122.7> 
<DWph=2> <it=1120> <et=2324.11> <Mt=11.55> <Spt=11.87> <nCl=300> <DB=-49115507.1521> <Mlp=306439.1757> <PB=28122.7> 
<DWph=2> <it=1130> <et=2349.31> <Mt=13.72> <Spt=11.18> <nCl=300> <DB=-37711274.3021> <Mlp=302468.2902> <PB=28122.7> 
<DWph=2> <it=1140> <et=2369.09> <Mt= 8.37> <Spt=11.41> <nCl=300> <DB=-54731110.7398> <Mlp=299582.8632> <PB=28122.7> 
<DWph=2> <it=1150> <et=2390.73> <Mt=10.23> <Spt=11.39> <nCl=300> <DB=-41924130.1474> <Mlp=296361.8990> <PB=28122.7> 
<DWph=2> <it=1160> <et=2412.27> <Mt=10.07> <Spt=11.46> <nCl=300> <DB=-41054522.7648> <Mlp=293548.5234> <PB=28122.7> 
<DWph=2> <it=1170> <et=2432.07> <Mt= 8.17> <Spt=11.62> <nCl=300> <DB=-44437826.7158> <Mlp=291847.9605> <PB=28122.7> 
<DWph=2> <it=1180> <et=2452.15> <Mt= 8.40> <Spt=11.68> <nCl=300> <DB=-54492788.0315> <Mlp=289822.6574> <PB=28122.7> 
<DWph=2> <it=1190> <et=2476.61> <Mt=12.53> <Spt=11.91> <nCl=300> <DB=-39281145.2763> <Mlp=287207.6003> <PB=28122.7> 
<DWph=2> <it=1200> <et=2498.33> <Mt=10.35> <Spt=11.36> <nCl=300> <DB=-44797690.7438> <Mlp=284441.2108> <PB=28122.7> 
<DWph=2> <it=1210> <et=2522.91> <Mt=13.30> <Spt=11.28> <nCl=300> <DB=-50848596.6658> <Mlp=280506.6985> <PB=28122.7> 
<DWph=2> <it=1220> <et=2547.04> <Mt=12.86> <Spt=11.26> <nCl=300> <DB=-38562959.6047> <Mlp=277344.3039> <PB=28122.7> 
<DWph=2> <it=1230> <et=2572.05> <Mt=13.59> <Spt=11.41> <nCl=300> <DB=-47582507.2604> <Mlp=273645.4505> <PB=28122.7> 
<DWph=2> <it=1240> <et=2597.84> <Mt=14.25> <Spt=11.53> <nCl=300> <DB=-36730353.5193> <Mlp=270137.8255> <PB=28122.7> 
<DWph=2> <it=1250> <et=2619.86> <Mt=10.32> <Spt=11.40> <nCl=300> <DB=-39868195.6910> <Mlp=267423.9337> <PB=28122.7> 
<DWph=2> <it=1260> <et=2639.34> <Mt= 8.09> <Spt=11.39> <nCl=300> <DB=-40436748.0792> <Mlp=265517.0185> <PB=28122.7> 
<DWph=2> <it=1270> <et=2658.64> <Mt= 7.43> <Spt=11.86> <nCl=300> <DB=-43015973.8027> <Mlp=264480.1238> <PB=28122.7> 
<DWph=2> <it=1280> <et=2676.33> <Mt= 6.17> <Spt=11.51> <nCl=300> <DB=-50420512.4086> <Mlp=263843.4340> <PB=28122.7> 
<DWph=2> <it=1290> <et=2697.69> <Mt= 9.75> <Spt=11.60> <nCl=300> <DB=-35639666.8769> <Mlp=262327.1670> <PB=28122.7> 
<DWph=2> <it=1300> <et=2716.13> <Mt= 6.89> <Spt=11.54> <nCl=300> <DB=-36880507.6033> <Mlp=261532.9142> <PB=28122.7> 
<DWph=2> <it=1310> <et=2737.78> <Mt=10.34> <Spt=11.30> <nCl=300> <DB=-38726709.8541> <Mlp=259616.1298> <PB=28122.7> 
<DWph=2> <it=1320> <et=2759.14> <Mt= 9.55> <Spt=11.80> <nCl=300> <DB=-41012652.4537> <Mlp=258237.6916> <PB=28122.7> 
<DWph=2> <it=1330> <et=2780.96> <Mt=10.43> <Spt=11.38> <nCl=300> <DB=-44546128.6155> <Mlp=256733.9553> <PB=28122.7> 
<DWph=2> <it=1340> <et=2801.29> <Mt= 8.74> <Spt=11.59> <nCl=300> <DB=-52405930.5507> <Mlp=255747.0535> <PB=28122.7> 
<DWph=2> <it=1350> <et=2827.61> <Mt=14.39> <Spt=11.91> <nCl=300> <DB=-38841289.3973> <Mlp=253123.2651> <PB=28122.7> 
<DWph=2> <it=1360> <et=2848.13> <Mt= 8.35> <Spt=11.88> <nCl=300> <DB=-36772627.9683> <Mlp=252141.5215> <PB=28122.7> 
<DWph=2> <it=1370> <et=2871.89> <Mt=11.35> <Spt=12.40> <nCl=300> <DB=-36492034.1327> <Mlp=249115.5066> <PB=28122.7> 
<DWph=2> <it=1380> <et=2891.11> <Mt= 6.79> <Spt=12.43> <nCl=300> <DB=-34490811.1312> <Mlp=248208.2079> <PB=28122.7> 
<DWph=2> <it=1390> <et=2915.90> <Mt=11.44> <Spt=13.34> <nCl=300> <DB=-36284811.7194> <Mlp=245749.8133> <PB=28122.7> 
<DWph=2> <it=1400> <et=2936.80> <Mt= 8.93> <Spt=11.96> <nCl=300> <DB=-43723505.4152> <Mlp=244380.0079> <PB=28122.7> 
<DWph=2> <it=1410> <et=2958.24> <Mt= 9.55> <Spt=11.88> <nCl=300> <DB=-32685005.8433> <Mlp=242863.2990> <PB=28122.7> 
<DWph=2> <it=1420> <et=2976.22> <Mt= 6.30> <Spt=11.67> <nCl=300> <DB=-43767670.2568> <Mlp=242245.5480> <PB=28122.7> 
<DWph=2> <it=1430> <et=3001.33> <Mt=13.59> <Spt=11.51> <nCl=300> <DB=-32714143.5728> <Mlp=239479.0409> <PB=28122.7> 
<DWph=2> <it=1440> <et=3020.80> <Mt= 7.52> <Spt=11.95> <nCl=300> <DB=-33777801.3722> <Mlp=238692.1334> <PB=28122.7> 
<DWph=2> <it=1450> <et=3047.43> <Mt=14.59> <Spt=12.02> <nCl=300> <DB=-34769306.8045> <Mlp=235684.9310> <PB=28122.7> 
<DWph=2> <it=1460> <et=3070.58> <Mt=11.14> <Spt=12.01> <nCl=300> <DB=-46338847.4960> <Mlp=233816.9964> <PB=28122.7> 
<DWph=2> <it=1470> <et=3098.53> <Mt=15.93> <Spt=11.72> <nCl=300> <DB=-33009188.0548> <Mlp=230385.9285> <PB=28122.7> 
<DWph=2> <it=1480> <et=3117.65> <Mt= 7.43> <Spt=11.68> <nCl=300> <DB=-36919045.0226> <Mlp=229145.8925> <PB=28122.7> 
<DWph=2> <it=1490> <et=3138.76> <Mt= 8.93> <Spt=12.17> <nCl=300> <DB=-30252377.2132> <Mlp=227592.2787> <PB=28122.7> 
<DWph=2> <it=1500> <et=3159.92> <Mt= 8.88> <Spt=12.27> <nCl=300> <DB=-32494523.9172> <Mlp=226298.8531> <PB=28122.7> 
<DWph=2> <it=1510> <et=3179.54> <Mt= 7.68> <Spt=11.94> <nCl=300> <DB=-50814085.3996> <Mlp=225193.7432> <PB=28122.7> 
<DWph=2> <it=1520> <et=3203.96> <Mt=12.44> <Spt=11.97> <nCl=300> <DB=-31498297.7572> <Mlp=222435.6247> <PB=28122.7> 
<DWph=2> <it=1530> <et=3227.31> <Mt=11.49> <Spt=11.85> <nCl=300> <DB=-36125595.2215> <Mlp=220148.7288> <PB=28122.7> 
<DWph=2> <it=1540> <et=3250.76> <Mt=11.70> <Spt=11.74> <nCl=300> <DB=-31261671.8435> <Mlp=218146.6251> <PB=28122.7> 
<DWph=2> <it=1550> <et=3272.20> <Mt= 9.59> <Spt=11.84> <nCl=300> <DB=-38246598.8620> <Mlp=216435.6737> <PB=28122.7> 
<DWph=2> <it=1560> <et=3297.08> <Mt=12.91> <Spt=11.97> <nCl=300> <DB=-32551099.7438> <Mlp=214376.1914> <PB=28122.7> 
<DWph=2> <it=1570> <et=3321.13> <Mt=12.28> <Spt=11.76> <nCl=300> <DB=-38593650.3191> <Mlp=212431.0493> <PB=28122.7> 
<DWph=2> <it=1580> <et=3343.41> <Mt=10.20> <Spt=12.06> <nCl=300> <DB=-29061574.5345> <Mlp=211168.5767> <PB=28122.7> 
<DWph=2> <it=1590> <et=3362.60> <Mt= 6.92> <Spt=11.99> <nCl=300> <DB=-32668289.2102> <Mlp=210228.0112> <PB=28122.7> 
<DWph=2> <it=1600> <et=3381.10> <Mt= 6.27> <Spt=12.22> <nCl=300> <DB=-35660259.1464> <Mlp=209730.4374> <PB=28122.7> 
<DWph=2> <it=1610> <et=3400.06> <Mt= 7.42> <Spt=11.53> <nCl=300> <DB=-28482059.4343> <Mlp=209035.3973> <PB=28122.7> 
<DWph=2> <it=1620> <et=3420.42> <Mt= 7.79> <Spt=12.56> <nCl=300> <DB=-31896740.4428> <Mlp=208431.8047> <PB=28122.7> 
<DWph=2> <it=1630> <et=3441.41> <Mt= 9.02> <Spt=11.97> <nCl=300> <DB=-37971816.3251> <Mlp=207801.8600> <PB=28122.7> 
<DWph=2> <it=1640> <et=3461.85> <Mt= 8.75> <Spt=11.67> <nCl=300> <DB=-30759734.3086> <Mlp=206909.2175> <PB=28122.7> 
<DWph=2> <it=1650> <et=3486.42> <Mt=12.59> <Spt=11.97> <nCl=300> <DB=-29267014.5139> <Mlp=205252.1300> <PB=28122.7> 
<DWph=2> <it=1660> <et=3504.69> <Mt= 6.95> <Spt=11.31> <nCl=300> <DB=-27620205.5908> <Mlp=204752.5618> <PB=28122.7> 
<DWph=2> <it=1670> <et=3527.23> <Mt=10.49> <Spt=12.04> <nCl=300> <DB=-30220331.0615> <Mlp=203766.1408> <PB=28122.7> 
<DWph=2> <it=1680> <et=3547.98> <Mt= 9.58> <Spt=11.17> <nCl=300> <DB=-27620993.5384> <Mlp=203062.0413> <PB=28122.7> 
<DWph=2> <it=1690> <et=3570.10> <Mt=10.35> <Spt=11.75> <nCl=300> <DB=-29597390.2270> <Mlp=202159.3662> <PB=28122.7> 
<DWph=2> <it=1700> <et=3592.67> <Mt=10.49> <Spt=11.80> <nCl=300> <DB=-37748588.7705> <Mlp=201325.5029> <PB=28122.7> 
<DWph=2> <it=1710> <et=3613.73> <Mt= 9.32> <Spt=11.72> <nCl=300> <DB=-25665930.7252> <Mlp=200438.4703> <PB=28122.7> 
Global time limit is reached during column generation
ColGenEvalAlg final dual bound: -1e+12 (rounded: -1e+12)
SEARCH IS INTERRUPTED as the time limit is reached. 
************************************************************************************************
Search is finished, global bounds : [ -1e+12 , 28122.7 ], TIME = 1h0m14s45t = 361445
************************************************************************************************
statistics_cols: instance & :Optimal & cutoff & :bcRecRootDb & :bcTimeRootEval & :bcCountNodeProc & :bcRecBestDb & :bcRecBestInc & :bcTimeMain \\
statistics: RC2_10_1 & 0 & 28122.7 & -1000000000000.00 & 3614.36 & 1 & 0.00 & -- & 3614.45 \\
########################################################
Solution not found
########################################################
Application parameters:
  batch  =>  nothing
  tikz  =>  nothing
  instance  =>  "/VRPTW/data/1000/RC2_10_2.vrptw"
  out  =>  nothing
  nosolve  =>  false
  ub  =>  24248.7
  sol  =>  nothing
  cfg  =>  "/VRPTW/config/VRPTW_set_2.cfg"
  enable_cap_res  =>  false
[41m solve [00m
~~~~~~~~~~~~~~~~~~~~~~~~~~~~~~~~~~~~~~~~~~~~~~~~~~~~~~~~~~~~~~~~~~~~~~~~~~~~~~
VRPSolver v0.4.1, 24/03/2021. Web: vrpsolver.math.u-bordeaux.fr
Corresponds to the solver by Pessoa, Sadykov, Uchoa and Vanderbeck (2020)
Paper: dx.doi.org/10.1007/s10107-020-01523-z
USE THIS CODE ONLY FOR ACADEMIC PURPOSES AT YOUR OWN RISK
~~~~~~~~~~~~~~~~~~~~~~~~~~~~~~~~~~~~~~~~~~~~~~~~~~~~~~~~~~~~~~~~~~~~~~~~~~~~~~
BaPCod v053, 24/03/2021, © Inria Bordeaux, France
~~~~~~~~~~~~~~~~~~~~~~~~~~~~~~~~~~~~~~~~~~~~~~~~~~~~~~~~~~~~~~~~~~~~~~~~~~~~~~
VRPSolver parameters:
GlobalTimeLimit = 3600
MaxNbOfBBtreeNodeTreated = 100000
treeSearchStrategy = 1
RCSPstopCutGenTimeThresholdInPricing = 30
RCSPhardTimeThresholdInPricing = 20
RCSPnumberOfBucketsPerVertex = 25
RCSPdynamicBucketSteps = 1
RCSPuseBidirectionalSearch = 1
RCSPapplyReducedCostFixing = 1
RCSPredCostFixingFalseGap = 0
RCSPmaxNumOfColsPerIteration = 30
RCSPmaxNumOfColsPerExactIteration = 150
RCSPheurLabelingStrategy = 0
StabilizationMinPhaseOfStage = 0
RCSPmaxNumOfLabelsInEnumeration = 1000000
RCSPmaxNumOfEnumeratedSolutions = 5000000
RCSPmaxNumOfEnumSolutionsForMIP = 10000
RCSPinitNGneighbourhoodSize = 8
RCSPmaxNGneighbourhoodSize = 16
RCSPrankOneCutsMaxNumPerRound = 100
RCSPrankOneCutsMaxNumRows = 5
RCSPrankOneCutsMemoryType = 1
CutTailingOffThreshold = 0.015
CutTailingOffCounterThreshold = 3
SafeDualBoundScaleFactor = -1
StrongBranchingPhaseOneCandidatesNumber = 50
StrongBranchingPhaseOneTreeSizeEstimRatio = 100
StrongBranchingPhaseTwoCandidatesNumber = 3
StrongBranchingPhaseTwoTreeSizeEstimRatio = 100
MaxTimeForRestrictedMasterIpHeur = -1
DivingHeurUseDepthLimit = -1
MaxLDSbreadth = 0
MaxLDSdepth = 0
New model incumbent solution 24248.7, TIME = 0h0m0s9t = 9
Model is built TIME = 0h0m26s81t = 2681
************************************************************************************************
**** BaB tree root node
**** Local DB = -1e+12, global bounds : [ -1e+12 , 24248.7 ], TIME = 0h0m26s81t = 2681
**** 1 open nodes, 0 columns (0 active), 0 dyn. constrs. (0 active), 2002 art. vars. (2002 active)
************************************************************************************************
<DWph=2> <it= 10> <et=127.77> <Mt= 0.03> <Spt=99.01> <nCl=300> <DB=-1030160351.4192> <Mlp=21408499.6515> <PB=24248.7> 
<DWph=2> <it= 20> <et=236.85> <Mt= 0.20> <Spt=108.88> <nCl=300> <DB=-723872718.5030> <Mlp=16955214.6270> <PB=24248.7> 
<DWph=2> <it= 30> <et=338.61> <Mt= 0.54> <Spt=101.21> <nCl=300> <DB=-562607258.4612> <Mlp=13492433.0403> <PB=24248.7> 
<DWph=2> <it= 40> <et=438.15> <Mt= 0.92> <Spt=98.61> <nCl=300> <DB=-509739940.6331> <Mlp=10682904.0563> <PB=24248.7> 
<DWph=2> <it= 50> <et=531.53> <Mt= 1.33> <Spt=92.04> <nCl=300> <DB=-459396340.2512> <Mlp=8826546.3653> <PB=24248.7> 
<DWph=2> <it= 60> <et=622.78> <Mt= 1.99> <Spt=89.26> <nCl=300> <DB=-379742889.2635> <Mlp=7435831.7821> <PB=24248.7> 
<DWph=2> <it= 70> <et=709.98> <Mt= 2.43> <Spt=84.76> <nCl=300> <DB=-353877612.9518> <Mlp=6732534.0232> <PB=24248.7> 
<DWph=2> <it= 80> <et=799.02> <Mt= 2.99> <Spt=86.05> <nCl=300> <DB=-313059436.9805> <Mlp=6264915.4980> <PB=24248.7> 
<DWph=2> <it= 90> <et=886.55> <Mt= 4.34> <Spt=83.18> <nCl=300> <DB=-304424777.1798> <Mlp=5842365.1592> <PB=24248.7> 
<DWph=2> <it=100> <et=974.14> <Mt= 5.45> <Spt=82.13> <nCl=300> <DB=-278040190.8413> <Mlp=5521311.8897> <PB=24248.7> 
<DWph=2> <it=110> <et=1057.89> <Mt= 7.75> <Spt=75.99> <nCl=300> <DB=-265626770.5881> <Mlp=5212150.3557> <PB=24248.7> 
<DWph=2> <it=120> <et=1143.33> <Mt= 7.38> <Spt=78.06> <nCl=300> <DB=-254325550.4057> <Mlp=4975350.5922> <PB=24248.7> 
<DWph=2> <it=130> <et=1240.44> <Mt= 9.16> <Spt=87.93> <nCl=300> <DB=-235621989.4464> <Mlp=4781324.6296> <PB=24248.7> 
<DWph=2> <it=140> <et=1333.65> <Mt=10.36> <Spt=82.84> <nCl=300> <DB=-266207513.2008> <Mlp=4630942.9842> <PB=24248.7> 
<DWph=2> <it=150> <et=1424.19> <Mt=11.07> <Spt=79.46> <nCl=300> <DB=-226585768.8813> <Mlp=4510664.6647> <PB=24248.7> 
<DWph=2> <it=160> <et=1513.18> <Mt=14.50> <Spt=74.48> <nCl=300> <DB=-208672530.8586> <Mlp=4338256.3388> <PB=24248.7> 
<DWph=2> <it=170> <et=1601.33> <Mt=16.01> <Spt=72.14> <nCl=300> <DB=-189197329.0747> <Mlp=4169345.9772> <PB=24248.7> 
<DWph=2> <it=180> <et=1690.72> <Mt=14.58> <Spt=74.80> <nCl=300> <DB=-189741761.1625> <Mlp=4060763.8194> <PB=24248.7> 
<DWph=2> <it=190> <et=1780.66> <Mt=19.96> <Spt=69.97> <nCl=300> <DB=-176808833.6178> <Mlp=3895400.0361> <PB=24248.7> 
<DWph=2> <it=200> <et=1877.45> <Mt=22.60> <Spt=74.19> <nCl=300> <DB=-171294004.4627> <Mlp=3750887.1616> <PB=24248.7> 
<DWph=2> <it=210> <et=1970.52> <Mt=21.62> <Spt=71.44> <nCl=300> <DB=-170969754.8478> <Mlp=3622245.3488> <PB=24248.7> 
<DWph=2> <it=220> <et=2059.33> <Mt=26.67> <Spt=62.12> <nCl=300> <DB=-186672112.4038> <Mlp=3438273.1591> <PB=24248.7> 
<DWph=2> <it=230> <et=2158.22> <Mt=28.90> <Spt=69.98> <nCl=300> <DB=-167765172.5282> <Mlp=3245783.3372> <PB=24248.7> 
<DWph=2> <it=240> <et=2243.04> <Mt=23.71> <Spt=61.10> <nCl=300> <DB=-157136766.2690> <Mlp=3116281.3379> <PB=24248.7> 
<DWph=2> <it=250> <et=2354.72> <Mt=32.53> <Spt=79.15> <nCl=300> <DB=-165634134.4225> <Mlp=2987601.3880> <PB=24248.7> 
<DWph=2> <it=260> <et=2447.59> <Mt=32.26> <Spt=60.59> <nCl=300> <DB=-148660866.8175> <Mlp=2856050.9814> <PB=24248.7> 
<DWph=2> <it=270> <et=2544.18> <Mt=40.98> <Spt=55.60> <nCl=300> <DB=-138215990.7131> <Mlp=2679213.6838> <PB=24248.7> 
<DWph=2> <it=280> <et=2645.43> <Mt=38.46> <Spt=62.79> <nCl=300> <DB=-143253679.6646> <Mlp=2542523.7825> <PB=24248.7> 
<DWph=2> <it=290> <et=2749.54> <Mt=39.58> <Spt=64.52> <nCl=300> <DB=-133955122.2522> <Mlp=2402419.3573> <PB=24248.7> 
<DWph=2> <it=300> <et=2866.26> <Mt=54.60> <Spt=62.11> <nCl=300> <DB=-138654325.4847> <Mlp=2246713.2919> <PB=24248.7> 
<DWph=2> <it=310> <et=2982.84> <Mt=49.35> <Spt=67.22> <nCl=300> <DB=-150852843.0925> <Mlp=2143105.2211> <PB=24248.7> 
<DWph=2> <it=320> <et=3106.36> <Mt=58.30> <Spt=65.21> <nCl=300> <DB=-117871643.1035> <Mlp=2012649.4023> <PB=24248.7> 
<DWph=2> <it=330> <et=3226.21> <Mt=54.25> <Spt=65.60> <nCl=300> <DB=-114074416.9926> <Mlp=1919191.2364> <PB=24248.7> 
<DWph=2> <it=340> <et=3340.75> <Mt=39.32> <Spt=74.69> <nCl=300> <DB=-129648288.0538> <Mlp=1844478.3151> <PB=24248.7> 
<DWph=2> <it=350> <et=3434.36> <Mt=30.75> <Spt=62.86> <nCl=300> <DB=-115905852.0694> <Mlp=1778894.7921> <PB=24248.7> 
<DWph=2> <it=360> <et=3543.64> <Mt=41.30> <Spt=67.96> <nCl=300> <DB=-100664271.7040> <Mlp=1696290.8947> <PB=24248.7> 
<DWph=2> <it=370> <et=3658.06> <Mt=41.82> <Spt=72.60> <nCl=300> <DB=-107974215.3926> <Mlp=1635553.9107> <PB=24248.7> 
Global time limit is reached during column generation
ColGenEvalAlg final dual bound: -1e+12 (rounded: -1e+12)
SEARCH IS INTERRUPTED as the time limit is reached. 
************************************************************************************************
Search is finished, global bounds : [ -1e+12 , 24248.7 ], TIME = 1h0m58s92t = 365892
************************************************************************************************
statistics_cols: instance & :Optimal & cutoff & :bcRecRootDb & :bcTimeRootEval & :bcCountNodeProc & :bcRecBestDb & :bcRecBestInc & :bcTimeMain \\
statistics: RC2_10_2 & 0 & 24248.7 & -1000000000000.00 & 3658.84 & 1 & 0.00 & -- & 3658.92 \\
########################################################
Solution not found
########################################################
Application parameters:
  batch  =>  nothing
  tikz  =>  nothing
  instance  =>  "/VRPTW/data/1000/RC2_10_3.vrptw"
  out  =>  nothing
  nosolve  =>  false
  ub  =>  19618.2
  sol  =>  nothing
  cfg  =>  "/VRPTW/config/VRPTW_set_2.cfg"
  enable_cap_res  =>  false
[41m solve [00m
~~~~~~~~~~~~~~~~~~~~~~~~~~~~~~~~~~~~~~~~~~~~~~~~~~~~~~~~~~~~~~~~~~~~~~~~~~~~~~
VRPSolver v0.4.1, 24/03/2021. Web: vrpsolver.math.u-bordeaux.fr
Corresponds to the solver by Pessoa, Sadykov, Uchoa and Vanderbeck (2020)
Paper: dx.doi.org/10.1007/s10107-020-01523-z
USE THIS CODE ONLY FOR ACADEMIC PURPOSES AT YOUR OWN RISK
~~~~~~~~~~~~~~~~~~~~~~~~~~~~~~~~~~~~~~~~~~~~~~~~~~~~~~~~~~~~~~~~~~~~~~~~~~~~~~
BaPCod v053, 24/03/2021, © Inria Bordeaux, France
~~~~~~~~~~~~~~~~~~~~~~~~~~~~~~~~~~~~~~~~~~~~~~~~~~~~~~~~~~~~~~~~~~~~~~~~~~~~~~
VRPSolver parameters:
GlobalTimeLimit = 3600
MaxNbOfBBtreeNodeTreated = 100000
treeSearchStrategy = 1
RCSPstopCutGenTimeThresholdInPricing = 30
RCSPhardTimeThresholdInPricing = 20
RCSPnumberOfBucketsPerVertex = 25
RCSPdynamicBucketSteps = 1
RCSPuseBidirectionalSearch = 1
RCSPapplyReducedCostFixing = 1
RCSPredCostFixingFalseGap = 0
RCSPmaxNumOfColsPerIteration = 30
RCSPmaxNumOfColsPerExactIteration = 150
RCSPheurLabelingStrategy = 0
StabilizationMinPhaseOfStage = 0
RCSPmaxNumOfLabelsInEnumeration = 1000000
RCSPmaxNumOfEnumeratedSolutions = 5000000
RCSPmaxNumOfEnumSolutionsForMIP = 10000
RCSPinitNGneighbourhoodSize = 8
RCSPmaxNGneighbourhoodSize = 16
RCSPrankOneCutsMaxNumPerRound = 100
RCSPrankOneCutsMaxNumRows = 5
RCSPrankOneCutsMemoryType = 1
CutTailingOffThreshold = 0.015
CutTailingOffCounterThreshold = 3
SafeDualBoundScaleFactor = -1
StrongBranchingPhaseOneCandidatesNumber = 50
StrongBranchingPhaseOneTreeSizeEstimRatio = 100
StrongBranchingPhaseTwoCandidatesNumber = 3
StrongBranchingPhaseTwoTreeSizeEstimRatio = 100
MaxTimeForRestrictedMasterIpHeur = -1
DivingHeurUseDepthLimit = -1
MaxLDSbreadth = 0
MaxLDSdepth = 0
New model incumbent solution 19618.2, TIME = 0h0m0s9t = 9
Model is built TIME = 0h0m33s11t = 3311
************************************************************************************************
**** BaB tree root node
**** Local DB = -1e+12, global bounds : [ -1e+12 , 19618.2 ], TIME = 0h0m33s11t = 3311
**** 1 open nodes, 0 columns (0 active), 0 dyn. constrs. (0 active), 2002 art. vars. (2002 active)
************************************************************************************************
<DWph=2> <it= 10> <et=210.12> <Mt= 0.03> <Spt=175.07> <nCl=300> <DB=-1006864373.3398> <Mlp=16541449.2984> <PB=19618.2> 
<DWph=2> <it= 20> <et=399.18> <Mt= 0.14> <Spt=188.92> <nCl=300> <DB=-802839347.7158> <Mlp=12282496.3627> <PB=19618.2> 
<DWph=2> <it= 30> <et=625.40> <Mt= 0.47> <Spt=225.75> <nCl=300> <DB=-673721349.1789> <Mlp=9860356.3067> <PB=19618.2> 
<DWph=2> <it= 40> <et=854.18> <Mt= 1.12> <Spt=227.65> <nCl=300> <DB=-538287008.9060> <Mlp=8487661.5173> <PB=19618.2> 
<DWph=2> <it= 50> <et=1077.05> <Mt= 2.08> <Spt=220.78> <nCl=300> <DB=-469836849.5466> <Mlp=7569942.4290> <PB=19618.2> 
<DWph=2> <it= 60> <et=1295.76> <Mt= 3.22> <Spt=215.49> <nCl=300> <DB=-472310571.5800> <Mlp=6577261.4157> <PB=19618.2> 
<DWph=2> <it= 70> <et=1494.56> <Mt= 3.83> <Spt=194.96> <nCl=300> <DB=-393212409.1420> <Mlp=5960606.0430> <PB=19618.2> 
<DWph=2> <it= 80> <et=1708.13> <Mt= 6.07> <Spt=207.50> <nCl=300> <DB=-376880428.2084> <Mlp=5246105.8007> <PB=19618.2> 
<DWph=2> <it= 90> <et=1911.23> <Mt= 8.38> <Spt=194.71> <nCl=300> <DB=-329388950.4944> <Mlp=4615427.0389> <PB=19618.2> 
<DWph=2> <it=100> <et=2123.01> <Mt=11.33> <Spt=200.44> <nCl=300> <DB=-335985346.6108> <Mlp=4131407.1488> <PB=19618.2> 
<DWph=2> <it=110> <et=2333.01> <Mt=18.11> <Spt=191.87> <nCl=300> <DB=-290879389.7669> <Mlp=3779464.1995> <PB=19618.2> 
<DWph=2> <it=120> <et=2552.90> <Mt=21.18> <Spt=198.71> <nCl=300> <DB=-254949076.9289> <Mlp=3486397.4408> <PB=19618.2> 
<DWph=2> <it=130> <et=2755.04> <Mt=22.86> <Spt=179.27> <nCl=300> <DB=-232012296.3394> <Mlp=3228720.3556> <PB=19618.2> 
<DWph=2> <it=140> <et=2973.02> <Mt=23.65> <Spt=194.33> <nCl=300> <DB=-256258400.0753> <Mlp=3062635.1910> <PB=19618.2> 
<DWph=2> <it=150> <et=3178.68> <Mt=26.15> <Spt=179.50> <nCl=300> <DB=-215261874.4028> <Mlp=2930069.4869> <PB=19618.2> 
<DWph=2> <it=160> <et=3382.40> <Mt=31.55> <Spt=172.15> <nCl=300> <DB=-205159863.3533> <Mlp=2796538.2523> <PB=19618.2> 
<DWph=2> <it=170> <et=3590.55> <Mt=33.07> <Spt=175.08> <nCl=300> <DB=-197065810.2018> <Mlp=2700477.3652> <PB=19618.2> 
<DWph=2> <it=180> <et=3805.39> <Mt=39.14> <Spt=175.69> <nCl=300> <DB=-184701520.4629> <Mlp=2616666.4495> <PB=19618.2> 
Global time limit is reached during column generation
ColGenEvalAlg final dual bound: -1e+12 (rounded: -1e+12)
SEARCH IS INTERRUPTED as the time limit is reached. 
************************************************************************************************
Search is finished, global bounds : [ -1e+12 , 19618.2 ], TIME = 1h3m26s45t = 380645
************************************************************************************************
statistics_cols: instance & :Optimal & cutoff & :bcRecRootDb & :bcTimeRootEval & :bcCountNodeProc & :bcRecBestDb & :bcRecBestInc & :bcTimeMain \\
statistics: RC2_10_3 & 0 & 19618.2 & -1000000000000.00 & 3806.37 & 1 & 0.00 & -- & 3806.45 \\
########################################################
Solution not found
########################################################
Application parameters:
  batch  =>  nothing
  tikz  =>  nothing
  instance  =>  "/VRPTW/data/1000/RC2_10_4.vrptw"
  out  =>  nothing
  nosolve  =>  false
  ub  =>  15654.8
  sol  =>  nothing
  cfg  =>  "/VRPTW/config/VRPTW_set_2.cfg"
  enable_cap_res  =>  false
[41m solve [00m
~~~~~~~~~~~~~~~~~~~~~~~~~~~~~~~~~~~~~~~~~~~~~~~~~~~~~~~~~~~~~~~~~~~~~~~~~~~~~~
VRPSolver v0.4.1, 24/03/2021. Web: vrpsolver.math.u-bordeaux.fr
Corresponds to the solver by Pessoa, Sadykov, Uchoa and Vanderbeck (2020)
Paper: dx.doi.org/10.1007/s10107-020-01523-z
USE THIS CODE ONLY FOR ACADEMIC PURPOSES AT YOUR OWN RISK
~~~~~~~~~~~~~~~~~~~~~~~~~~~~~~~~~~~~~~~~~~~~~~~~~~~~~~~~~~~~~~~~~~~~~~~~~~~~~~
BaPCod v053, 24/03/2021, © Inria Bordeaux, France
~~~~~~~~~~~~~~~~~~~~~~~~~~~~~~~~~~~~~~~~~~~~~~~~~~~~~~~~~~~~~~~~~~~~~~~~~~~~~~
VRPSolver parameters:
GlobalTimeLimit = 3600
MaxNbOfBBtreeNodeTreated = 100000
treeSearchStrategy = 1
RCSPstopCutGenTimeThresholdInPricing = 30
RCSPhardTimeThresholdInPricing = 20
RCSPnumberOfBucketsPerVertex = 25
RCSPdynamicBucketSteps = 1
RCSPuseBidirectionalSearch = 1
RCSPapplyReducedCostFixing = 1
RCSPredCostFixingFalseGap = 0
RCSPmaxNumOfColsPerIteration = 30
RCSPmaxNumOfColsPerExactIteration = 150
RCSPheurLabelingStrategy = 0
StabilizationMinPhaseOfStage = 0
RCSPmaxNumOfLabelsInEnumeration = 1000000
RCSPmaxNumOfEnumeratedSolutions = 5000000
RCSPmaxNumOfEnumSolutionsForMIP = 10000
RCSPinitNGneighbourhoodSize = 8
RCSPmaxNGneighbourhoodSize = 16
RCSPrankOneCutsMaxNumPerRound = 100
RCSPrankOneCutsMaxNumRows = 5
RCSPrankOneCutsMemoryType = 1
CutTailingOffThreshold = 0.015
CutTailingOffCounterThreshold = 3
SafeDualBoundScaleFactor = -1
StrongBranchingPhaseOneCandidatesNumber = 50
StrongBranchingPhaseOneTreeSizeEstimRatio = 100
StrongBranchingPhaseTwoCandidatesNumber = 3
StrongBranchingPhaseTwoTreeSizeEstimRatio = 100
MaxTimeForRestrictedMasterIpHeur = -1
DivingHeurUseDepthLimit = -1
MaxLDSbreadth = 0
MaxLDSdepth = 0
New model incumbent solution 15654.8, TIME = 0h0m0s9t = 9
Model is built TIME = 0h0m30s90t = 3090
************************************************************************************************
**** BaB tree root node
**** Local DB = -1e+12, global bounds : [ -1e+12 , 15654.8 ], TIME = 0h0m30s90t = 3090
**** 1 open nodes, 0 columns (0 active), 0 dyn. constrs. (0 active), 2002 art. vars. (2002 active)
************************************************************************************************
<DWph=2> <it= 10> <et=172.49> <Mt= 0.03> <Spt=139.62> <nCl=300> <DB=-798813175.0664> <Mlp=12595768.5412> <PB=15654.8> 
<DWph=2> <it= 20> <et=337.35> <Mt= 0.18> <Spt=164.67> <nCl=300> <DB=-792484127.1333> <Mlp=8141040.1359> <PB=15654.8> 
<DWph=2> <it= 30> <et=515.53> <Mt= 0.49> <Spt=177.69> <nCl=300> <DB=-578768014.3666> <Mlp=5802245.4588> <PB=15654.8> 
<DWph=2> <it= 40> <et=692.37> <Mt= 1.01> <Spt=175.82> <nCl=300> <DB=-526039730.3717> <Mlp=4419290.2747> <PB=15654.8> 
<DWph=2> <it= 50> <et=875.43> <Mt= 2.34> <Spt=180.71> <nCl=300> <DB=-475930443.4377> <Mlp=3504702.4080> <PB=15654.8> 
<DWph=2> <it= 60> <et=1057.46> <Mt= 3.54> <Spt=178.47> <nCl=300> <DB=-444358704.9152> <Mlp=3084308.6075> <PB=15654.8> 
<DWph=2> <it= 70> <et=1241.01> <Mt= 6.00> <Spt=177.54> <nCl=300> <DB=-368181670.1216> <Mlp=2842386.7364> <PB=15654.8> 
<DWph=2> <it= 80> <et=1437.41> <Mt= 9.90> <Spt=186.49> <nCl=300> <DB=-327262045.6354> <Mlp=2642185.2223> <PB=15654.8> 
<DWph=2> <it= 90> <et=1634.75> <Mt=12.33> <Spt=185.00> <nCl=300> <DB=-329252043.3845> <Mlp=2509742.0704> <PB=15654.8> 
<DWph=2> <it=100> <et=1832.12> <Mt=18.58> <Spt=178.78> <nCl=300> <DB=-282180312.2910> <Mlp=2346270.5359> <PB=15654.8> 
<DWph=2> <it=110> <et=2037.98> <Mt=22.79> <Spt=183.06> <nCl=300> <DB=-260940755.6374> <Mlp=2205780.3399> <PB=15654.8> 
<DWph=2> <it=120> <et=2240.48> <Mt=24.99> <Spt=177.49> <nCl=300> <DB=-250390751.0205> <Mlp=2060856.0054> <PB=15654.8> 
<DWph=2> <it=130> <et=2441.66> <Mt=26.36> <Spt=174.82> <nCl=300> <DB=-231333054.0527> <Mlp=1923943.6300> <PB=15654.8> 
<DWph=2> <it=140> <et=2637.12> <Mt=27.77> <Spt=167.68> <nCl=300> <DB=-219102740.3791> <Mlp=1796305.5006> <PB=15654.8> 
<DWph=2> <it=150> <et=2843.78> <Mt=33.23> <Spt=173.41> <nCl=300> <DB=-214190532.8606> <Mlp=1682202.4405> <PB=15654.8> 
<DWph=2> <it=160> <et=3051.02> <Mt=40.73> <Spt=166.50> <nCl=300> <DB=-210907943.6849> <Mlp=1578731.8458> <PB=15654.8> 
<DWph=2> <it=170> <et=3270.37> <Mt=51.80> <Spt=167.54> <nCl=300> <DB=-186401542.8929> <Mlp=1473405.6973> <PB=15654.8> 
<DWph=2> <it=180> <et=3485.86> <Mt=51.94> <Spt=163.53> <nCl=300> <DB=-182236793.8680> <Mlp=1390678.3954> <PB=15654.8> 
<DWph=2> <it=190> <et=3699.48> <Mt=53.08> <Spt=160.53> <nCl=300> <DB=-179068232.4327> <Mlp=1321356.6955> <PB=15654.8> 
Global time limit is reached during column generation
ColGenEvalAlg final dual bound: -1e+12 (rounded: -1e+12)
SEARCH IS INTERRUPTED as the time limit is reached. 
************************************************************************************************
Search is finished, global bounds : [ -1e+12 , 15654.8 ], TIME = 1h1m40s59t = 370059
************************************************************************************************
statistics_cols: instance & :Optimal & cutoff & :bcRecRootDb & :bcTimeRootEval & :bcCountNodeProc & :bcRecBestDb & :bcRecBestInc & :bcTimeMain \\
statistics: RC2_10_4 & 0 & 15654.8 & -1000000000000.00 & 3700.52 & 1 & 0.00 & -- & 3700.59 \\
########################################################
Solution not found
########################################################
Application parameters:
  batch  =>  nothing
  tikz  =>  nothing
  instance  =>  "/VRPTW/data/1000/RC2_10_5.vrptw"
  out  =>  nothing
  nosolve  =>  false
  ub  =>  25797.6
  sol  =>  nothing
  cfg  =>  "/VRPTW/config/VRPTW_set_2.cfg"
  enable_cap_res  =>  false
[41m solve [00m
~~~~~~~~~~~~~~~~~~~~~~~~~~~~~~~~~~~~~~~~~~~~~~~~~~~~~~~~~~~~~~~~~~~~~~~~~~~~~~
VRPSolver v0.4.1, 24/03/2021. Web: vrpsolver.math.u-bordeaux.fr
Corresponds to the solver by Pessoa, Sadykov, Uchoa and Vanderbeck (2020)
Paper: dx.doi.org/10.1007/s10107-020-01523-z
USE THIS CODE ONLY FOR ACADEMIC PURPOSES AT YOUR OWN RISK
~~~~~~~~~~~~~~~~~~~~~~~~~~~~~~~~~~~~~~~~~~~~~~~~~~~~~~~~~~~~~~~~~~~~~~~~~~~~~~
BaPCod v053, 24/03/2021, © Inria Bordeaux, France
~~~~~~~~~~~~~~~~~~~~~~~~~~~~~~~~~~~~~~~~~~~~~~~~~~~~~~~~~~~~~~~~~~~~~~~~~~~~~~
VRPSolver parameters:
GlobalTimeLimit = 3600
MaxNbOfBBtreeNodeTreated = 100000
treeSearchStrategy = 1
RCSPstopCutGenTimeThresholdInPricing = 30
RCSPhardTimeThresholdInPricing = 20
RCSPnumberOfBucketsPerVertex = 25
RCSPdynamicBucketSteps = 1
RCSPuseBidirectionalSearch = 1
RCSPapplyReducedCostFixing = 1
RCSPredCostFixingFalseGap = 0
RCSPmaxNumOfColsPerIteration = 30
RCSPmaxNumOfColsPerExactIteration = 150
RCSPheurLabelingStrategy = 0
StabilizationMinPhaseOfStage = 0
RCSPmaxNumOfLabelsInEnumeration = 1000000
RCSPmaxNumOfEnumeratedSolutions = 5000000
RCSPmaxNumOfEnumSolutionsForMIP = 10000
RCSPinitNGneighbourhoodSize = 8
RCSPmaxNGneighbourhoodSize = 16
RCSPrankOneCutsMaxNumPerRound = 100
RCSPrankOneCutsMaxNumRows = 5
RCSPrankOneCutsMemoryType = 1
CutTailingOffThreshold = 0.015
CutTailingOffCounterThreshold = 3
SafeDualBoundScaleFactor = -1
StrongBranchingPhaseOneCandidatesNumber = 50
StrongBranchingPhaseOneTreeSizeEstimRatio = 100
StrongBranchingPhaseTwoCandidatesNumber = 3
StrongBranchingPhaseTwoTreeSizeEstimRatio = 100
MaxTimeForRestrictedMasterIpHeur = -1
DivingHeurUseDepthLimit = -1
MaxLDSbreadth = 0
MaxLDSdepth = 0
New model incumbent solution 25797.6, TIME = 0h0m0s9t = 9
Model is built TIME = 0h0m30s32t = 3032
************************************************************************************************
**** BaB tree root node
**** Local DB = -1e+12, global bounds : [ -1e+12 , 25797.6 ], TIME = 0h0m30s32t = 3032
**** 1 open nodes, 0 columns (0 active), 0 dyn. constrs. (0 active), 2002 art. vars. (2002 active)
************************************************************************************************
<DWph=2> <it= 10> <et=58.27> <Mt= 0.06> <Spt=25.94> <nCl=300> <DB=-679014665.5701> <Mlp=16155491.1907> <PB=25797.6> 
<DWph=2> <it= 20> <et=81.05> <Mt= 0.37> <Spt=22.41> <nCl=300> <DB=-468209654.3431> <Mlp=10632027.8814> <PB=25797.6> 
<DWph=2> <it= 30> <et=103.33> <Mt= 0.78> <Spt=21.49> <nCl=300> <DB=-386845227.6886> <Mlp=8313088.5182> <PB=25797.6> 
<DWph=2> <it= 40> <et=126.36> <Mt= 1.27> <Spt=21.75> <nCl=300> <DB=-299935575.3928> <Mlp=7153702.7288> <PB=25797.6> 
<DWph=2> <it= 50> <et=148.47> <Mt= 1.76> <Spt=20.34> <nCl=300> <DB=-269784986.0920> <Mlp=6450060.3610> <PB=25797.6> 
<DWph=2> <it= 60> <et=171.53> <Mt= 2.59> <Spt=20.46> <nCl=300> <DB=-253843025.3068> <Mlp=5878142.9927> <PB=25797.6> 
<DWph=2> <it= 70> <et=195.44> <Mt= 3.00> <Spt=20.90> <nCl=300> <DB=-243058156.6809> <Mlp=5384948.2908> <PB=25797.6> 
<DWph=2> <it= 80> <et=218.41> <Mt= 2.89> <Spt=20.07> <nCl=300> <DB=-225793311.7229> <Mlp=4934178.5460> <PB=25797.6> 
<DWph=2> <it= 90> <et=241.10> <Mt= 3.49> <Spt=19.19> <nCl=300> <DB=-200352485.8334> <Mlp=4606027.1358> <PB=25797.6> 
<DWph=2> <it=100> <et=265.21> <Mt= 3.98> <Spt=20.11> <nCl=300> <DB=-192251238.8335> <Mlp=4319354.4093> <PB=25797.6> 
<DWph=2> <it=110> <et=289.45> <Mt= 4.75> <Spt=19.48> <nCl=300> <DB=-199039497.6482> <Mlp=4056282.6602> <PB=25797.6> 
<DWph=2> <it=120> <et=315.16> <Mt= 5.68> <Spt=20.03> <nCl=300> <DB=-181689243.5301> <Mlp=3799932.9633> <PB=25797.6> 
<DWph=2> <it=130> <et=340.70> <Mt= 6.05> <Spt=19.48> <nCl=300> <DB=-177457912.9934> <Mlp=3593485.4521> <PB=25797.6> 
<DWph=2> <it=140> <et=365.63> <Mt= 6.16> <Spt=18.75> <nCl=300> <DB=-187470527.0461> <Mlp=3397027.6836> <PB=25797.6> 
<DWph=2> <it=150> <et=390.94> <Mt= 5.92> <Spt=19.37> <nCl=300> <DB=-166060337.8397> <Mlp=3288481.0066> <PB=25797.6> 
<DWph=2> <it=160> <et=417.69> <Mt= 7.55> <Spt=19.20> <nCl=300> <DB=-149636305.3882> <Mlp=3110633.5810> <PB=25797.6> 
<DWph=2> <it=170> <et=444.63> <Mt= 7.99> <Spt=18.93> <nCl=300> <DB=-168940424.0324> <Mlp=2970271.2597> <PB=25797.6> 
<DWph=2> <it=180> <et=470.48> <Mt= 7.97> <Spt=17.87> <nCl=300> <DB=-150182704.0957> <Mlp=2839776.4353> <PB=25797.6> 
<DWph=2> <it=190> <et=496.82> <Mt= 7.74> <Spt=18.58> <nCl=300> <DB=-139247062.2679> <Mlp=2743722.0137> <PB=25797.6> 
<DWph=2> <it=200> <et=523.27> <Mt= 8.43> <Spt=18.01> <nCl=300> <DB=-136952889.4329> <Mlp=2651242.6949> <PB=25797.6> 
<DWph=2> <it=210> <et=550.13> <Mt= 8.71> <Spt=18.15> <nCl=300> <DB=-142654557.3284> <Mlp=2542768.2473> <PB=25797.6> 
<DWph=2> <it=220> <et=578.34> <Mt=10.47> <Spt=17.72> <nCl=300> <DB=-136928261.8706> <Mlp=2405648.6869> <PB=25797.6> 
<DWph=2> <it=230> <et=607.36> <Mt=10.46> <Spt=18.55> <nCl=300> <DB=-133116385.4513> <Mlp=2285917.9724> <PB=25797.6> 
<DWph=2> <it=240> <et=636.60> <Mt=10.93> <Spt=18.29> <nCl=300> <DB=-129641777.6385> <Mlp=2183498.7243> <PB=25797.6> 
<DWph=2> <it=250> <et=667.81> <Mt=12.81> <Spt=18.39> <nCl=300> <DB=-131062983.3702> <Mlp=2081334.8257> <PB=25797.6> 
<DWph=2> <it=260> <et=699.17> <Mt=13.41> <Spt=17.94> <nCl=300> <DB=-158099794.7657> <Mlp=1992959.0679> <PB=25797.6> 
<DWph=2> <it=270> <et=729.98> <Mt=13.24> <Spt=17.56> <nCl=300> <DB=-131540373.0246> <Mlp=1905201.9505> <PB=25797.6> 
<DWph=2> <it=280> <et=761.89> <Mt=14.45> <Spt=17.45> <nCl=300> <DB=-148603965.9011> <Mlp=1829045.7688> <PB=25797.6> 
<DWph=2> <it=290> <et=795.27> <Mt=15.11> <Spt=18.26> <nCl=300> <DB=-109013364.7973> <Mlp=1747235.6317> <PB=25797.6> 
<DWph=2> <it=300> <et=829.86> <Mt=16.90> <Spt=17.67> <nCl=300> <DB=-110540770.2581> <Mlp=1678369.2175> <PB=25797.6> 
<DWph=2> <it=310> <et=863.85> <Mt=16.56> <Spt=17.41> <nCl=300> <DB=-107011633.7392> <Mlp=1615348.9472> <PB=25797.6> 
<DWph=2> <it=320> <et=899.53> <Mt=17.02> <Spt=18.65> <nCl=300> <DB=-110177044.4222> <Mlp=1557161.9330> <PB=25797.6> 
<DWph=2> <it=330> <et=934.98> <Mt=18.01> <Spt=17.43> <nCl=300> <DB=-128595770.2924> <Mlp=1503362.1796> <PB=25797.6> 
<DWph=2> <it=340> <et=969.81> <Mt=16.99> <Spt=17.48> <nCl=300> <DB=-114386972.8002> <Mlp=1456507.9414> <PB=25797.6> 
<DWph=2> <it=350> <et=1004.77> <Mt=16.91> <Spt=18.03> <nCl=300> <DB=-109171549.7763> <Mlp=1397172.2181> <PB=25797.6> 
<DWph=2> <it=360> <et=1037.25> <Mt=13.71> <Spt=18.76> <nCl=300> <DB=-110867964.1269> <Mlp=1343392.6006> <PB=25797.6> 
<DWph=2> <it=370> <et=1067.67> <Mt=12.32> <Spt=18.08> <nCl=300> <DB=-101303759.3683> <Mlp=1298183.2287> <PB=25797.6> 
<DWph=2> <it=380> <et=1096.77> <Mt=11.88> <Spt=17.20> <nCl=300> <DB=-96782429.2436> <Mlp=1264366.4743> <PB=25797.6> 
