num loc: 26
hgs upper bound: 793.65
compiling dd
time step mult: 10000
time step: 1000000
cap step: 1
start compiling DD
add terminal node arcs
done compiling dd
STATS - lpIterations[1] lagIterations[0] sspIterations[0] numSeparations[0] numCuts[0] compileTime[0] sspSolveTime[0] lpSolveTime[0] lb[0] ub[793.65] size: [6036] time: [0]
STATS - lpIterations[1] lagIterations[1] sspIterations[1] numSeparations[0] numCuts[0] compileTime[0] sspSolveTime[0] lpSolveTime[0] lb[44.4313] ub[793.65] size: [6036] time: [0]
switching from LAG to LP solver
num vars: 80117
STATS - lpIterations[2] lagIterations[1] sspIterations[1] numSeparations[0] numCuts[0] compileTime[0] sspSolveTime[0] lpSolveTime[18] lb[716.922] ub[793.65] size: [6036] time: [18]
num vars: 80014
STATS - lpIterations[3] lagIterations[1] sspIterations[1] numSeparations[1] numCuts[0] compileTime[0] sspSolveTime[0] lpSolveTime[41] lb[719.732] ub[793.65] size: [6038] time: [41]
num vars: 53003
STATS - lpIterations[4] lagIterations[1] sspIterations[1] numSeparations[2] numCuts[0] compileTime[0] sspSolveTime[0] lpSolveTime[57] lb[720.319] ub[793.65] size: [6039] time: [57]
num vars: 48981
STATS - lpIterations[5] lagIterations[1] sspIterations[1] numSeparations[6] numCuts[0] compileTime[0] sspSolveTime[0] lpSolveTime[73] lb[721.046] ub[793.65] size: [6049] time: [73]
num vars: 45909
STATS - lpIterations[6] lagIterations[1] sspIterations[1] numSeparations[7] numCuts[0] compileTime[0] sspSolveTime[0] lpSolveTime[88] lb[721.739] ub[793.65] size: [6050] time: [88]
num vars: 48183
STATS - lpIterations[7] lagIterations[1] sspIterations[1] numSeparations[12] numCuts[0] compileTime[0] sspSolveTime[0] lpSolveTime[102] lb[723.317] ub[793.65] size: [6061] time: [102]
num vars: 46902
STATS - lpIterations[8] lagIterations[1] sspIterations[1] numSeparations[16] numCuts[0] compileTime[0] sspSolveTime[0] lpSolveTime[113] lb[724.626] ub[793.65] size: [6065] time: [113]
num vars: 49445
STATS - lpIterations[9] lagIterations[1] sspIterations[1] numSeparations[19] numCuts[0] compileTime[0] sspSolveTime[0] lpSolveTime[123] lb[725.108] ub[793.65] size: [6077] time: [124]
num vars: 47759
STATS - lpIterations[10] lagIterations[1] sspIterations[1] numSeparations[22] numCuts[0] compileTime[0] sspSolveTime[0] lpSolveTime[137] lb[726.594] ub[793.65] size: [6081] time: [137]
num vars: 47198
STATS - lpIterations[11] lagIterations[1] sspIterations[1] numSeparations[25] numCuts[0] compileTime[0] sspSolveTime[0] lpSolveTime[151] lb[727.045] ub[793.65] size: [6083] time: [151]
num vars: 44674
STATS - lpIterations[12] lagIterations[1] sspIterations[1] numSeparations[32] numCuts[0] compileTime[0] sspSolveTime[0] lpSolveTime[163] lb[727.567] ub[793.65] size: [6100] time: [164]
num vars: 46649
STATS - lpIterations[13] lagIterations[1] sspIterations[1] numSeparations[35] numCuts[0] compileTime[0] sspSolveTime[0] lpSolveTime[177] lb[728.144] ub[793.65] size: [6105] time: [177]
num vars: 43995
STATS - lpIterations[14] lagIterations[1] sspIterations[1] numSeparations[46] numCuts[0] compileTime[0] sspSolveTime[0] lpSolveTime[190] lb[728.855] ub[793.65] size: [6129] time: [190]
num vars: 44862
STATS - lpIterations[15] lagIterations[1] sspIterations[1] numSeparations[55] numCuts[0] compileTime[0] sspSolveTime[0] lpSolveTime[202] lb[729.384] ub[793.65] size: [6150] time: [202]
num vars: 44219
STATS - lpIterations[16] lagIterations[1] sspIterations[1] numSeparations[58] numCuts[0] compileTime[0] sspSolveTime[0] lpSolveTime[213] lb[729.713] ub[793.65] size: [6155] time: [213]
num vars: 44806
STATS - lpIterations[17] lagIterations[1] sspIterations[1] numSeparations[61] numCuts[0] compileTime[0] sspSolveTime[0] lpSolveTime[223] lb[730.231] ub[793.65] size: [6161] time: [224]
num vars: 44039
STATS - lpIterations[18] lagIterations[1] sspIterations[1] numSeparations[72] numCuts[0] compileTime[0] sspSolveTime[0] lpSolveTime[234] lb[730.795] ub[793.65] size: [6178] time: [235]
num vars: 43232
STATS - lpIterations[19] lagIterations[1] sspIterations[1] numSeparations[76] numCuts[0] compileTime[0] sspSolveTime[0] lpSolveTime[245] lb[731.405] ub[793.65] size: [6186] time: [245]
num vars: 44422
STATS - lpIterations[20] lagIterations[1] sspIterations[1] numSeparations[83] numCuts[0] compileTime[0] sspSolveTime[0] lpSolveTime[255] lb[731.83] ub[793.65] size: [6200] time: [256]
num vars: 43085
STATS - lpIterations[21] lagIterations[1] sspIterations[1] numSeparations[91] numCuts[0] compileTime[0] sspSolveTime[0] lpSolveTime[265] lb[732.664] ub[793.65] size: [6214] time: [266]
num vars: 43207
STATS - lpIterations[22] lagIterations[1] sspIterations[1] numSeparations[94] numCuts[0] compileTime[0] sspSolveTime[0] lpSolveTime[276] lb[732.787] ub[793.65] size: [6217] time: [276]
num vars: 41966
STATS - lpIterations[23] lagIterations[1] sspIterations[1] numSeparations[97] numCuts[0] compileTime[0] sspSolveTime[0] lpSolveTime[286] lb[732.873] ub[793.65] size: [6221] time: [286]
num vars: 43133
STATS - lpIterations[24] lagIterations[1] sspIterations[1] numSeparations[107] numCuts[0] compileTime[0] sspSolveTime[0] lpSolveTime[296] lb[733.602] ub[793.65] size: [6237] time: [297]
num vars: 43008
STATS - lpIterations[25] lagIterations[1] sspIterations[1] numSeparations[116] numCuts[0] compileTime[0] sspSolveTime[0] lpSolveTime[308] lb[734.203] ub[793.65] size: [6250] time: [309]
num vars: 41900
STATS - lpIterations[26] lagIterations[1] sspIterations[1] numSeparations[126] numCuts[0] compileTime[0] sspSolveTime[0] lpSolveTime[318] lb[735.104] ub[793.65] size: [6264] time: [319]
num vars: 43138
STATS - lpIterations[27] lagIterations[1] sspIterations[1] numSeparations[135] numCuts[0] compileTime[0] sspSolveTime[0] lpSolveTime[328] lb[735.598] ub[793.65] size: [6283] time: [329]
num vars: 42061
STATS - lpIterations[28] lagIterations[1] sspIterations[1] numSeparations[145] numCuts[0] compileTime[0] sspSolveTime[0] lpSolveTime[339] lb[736.027] ub[793.65] size: [6295] time: [339]
num vars: 41643
STATS - lpIterations[29] lagIterations[1] sspIterations[1] numSeparations[155] numCuts[0] compileTime[0] sspSolveTime[0] lpSolveTime[348] lb[736.247] ub[793.65] size: [6313] time: [348]
num vars: 41669
STATS - lpIterations[30] lagIterations[1] sspIterations[1] numSeparations[165] numCuts[0] compileTime[0] sspSolveTime[0] lpSolveTime[358] lb[736.645] ub[793.65] size: [6338] time: [358]
num vars: 40857
STATS - lpIterations[31] lagIterations[1] sspIterations[1] numSeparations[176] numCuts[0] compileTime[0] sspSolveTime[0] lpSolveTime[367] lb[737.226] ub[793.65] size: [6361] time: [368]
num vars: 40937
STATS - lpIterations[32] lagIterations[1] sspIterations[1] numSeparations[186] numCuts[0] compileTime[0] sspSolveTime[0] lpSolveTime[376] lb[737.596] ub[793.65] size: [6378] time: [376]
num vars: 40600
STATS - lpIterations[33] lagIterations[1] sspIterations[1] numSeparations[195] numCuts[0] compileTime[0] sspSolveTime[0] lpSolveTime[386] lb[738.271] ub[793.65] size: [6390] time: [387]
num vars: 40679
ERROR - lower bound not monotonically increasing!!!
STATS - lpIterations[34] lagIterations[1] sspIterations[1] numSeparations[205] numCuts[0] compileTime[0] sspSolveTime[0] lpSolveTime[395] lb[736.583] ub[793.65] size: [6407] time: [396]
num vars: 41770
STATS - lpIterations[35] lagIterations[1] sspIterations[1] numSeparations[216] numCuts[0] compileTime[0] sspSolveTime[0] lpSolveTime[405] lb[738.968] ub[793.65] size: [6424] time: [405]
num vars: 38652
STATS - lpIterations[36] lagIterations[1] sspIterations[1] numSeparations[223] numCuts[0] compileTime[0] sspSolveTime[0] lpSolveTime[414] lb[739.542] ub[793.65] size: [6433] time: [415]
num vars: 36425
STATS - lpIterations[37] lagIterations[1] sspIterations[1] numSeparations[237] numCuts[0] compileTime[0] sspSolveTime[0] lpSolveTime[425] lb[740.076] ub[793.65] size: [6461] time: [425]
num vars: 35993
STATS - lpIterations[38] lagIterations[1] sspIterations[1] numSeparations[252] numCuts[0] compileTime[0] sspSolveTime[0] lpSolveTime[434] lb[740.598] ub[793.65] size: [6489] time: [435]
num vars: 36103
STATS - lpIterations[39] lagIterations[1] sspIterations[1] numSeparations[265] numCuts[0] compileTime[0] sspSolveTime[0] lpSolveTime[445] lb[741.257] ub[793.65] size: [6511] time: [445]
num vars: 35580
STATS - lpIterations[40] lagIterations[1] sspIterations[1] numSeparations[267] numCuts[0] compileTime[0] sspSolveTime[0] lpSolveTime[455] lb[741.281] ub[793.65] size: [6518] time: [456]
num vars: 35097
STATS - lpIterations[41] lagIterations[1] sspIterations[1] numSeparations[278] numCuts[0] compileTime[0] sspSolveTime[0] lpSolveTime[466] lb[741.601] ub[793.65] size: [6539] time: [466]
num vars: 35386
STATS - lpIterations[42] lagIterations[1] sspIterations[1] numSeparations[282] numCuts[0] compileTime[0] sspSolveTime[0] lpSolveTime[475] lb[742.768] ub[793.65] size: [6544] time: [476]
num vars: 33832
STATS - lpIterations[43] lagIterations[1] sspIterations[1] numSeparations[295] numCuts[0] compileTime[0] sspSolveTime[0] lpSolveTime[485] lb[743.246] ub[793.65] size: [6558] time: [486]
num vars: 33313
STATS - lpIterations[44] lagIterations[1] sspIterations[1] numSeparations[306] numCuts[0] compileTime[0] sspSolveTime[0] lpSolveTime[493] lb[743.567] ub[793.65] size: [6574] time: [494]
num vars: 34274
STATS - lpIterations[45] lagIterations[1] sspIterations[1] numSeparations[317] numCuts[0] compileTime[0] sspSolveTime[0] lpSolveTime[503] lb[743.986] ub[793.65] size: [6595] time: [504]
num vars: 34029
STATS - lpIterations[46] lagIterations[1] sspIterations[1] numSeparations[319] numCuts[0] compileTime[0] sspSolveTime[0] lpSolveTime[512] lb[744.252] ub[793.65] size: [6602] time: [513]
num vars: 33805
STATS - lpIterations[47] lagIterations[1] sspIterations[1] numSeparations[327] numCuts[0] compileTime[0] sspSolveTime[0] lpSolveTime[522] lb[744.758] ub[793.65] size: [6616] time: [523]
num vars: 32117
STATS - lpIterations[48] lagIterations[1] sspIterations[1] numSeparations[342] numCuts[0] compileTime[0] sspSolveTime[0] lpSolveTime[529] lb[745.046] ub[793.65] size: [6645] time: [530]
num vars: 34013
STATS - lpIterations[49] lagIterations[1] sspIterations[1] numSeparations[344] numCuts[0] compileTime[0] sspSolveTime[0] lpSolveTime[538] lb[745.213] ub[793.65] size: [6650] time: [539]
num vars: 33263
STATS - lpIterations[50] lagIterations[1] sspIterations[1] numSeparations[357] numCuts[0] compileTime[0] sspSolveTime[0] lpSolveTime[547] lb[745.833] ub[793.65] size: [6684] time: [548]
num vars: 33315
STATS - lpIterations[51] lagIterations[1] sspIterations[1] numSeparations[360] numCuts[0] compileTime[0] sspSolveTime[0] lpSolveTime[557] lb[746.076] ub[793.65] size: [6689] time: [558]
num vars: 33704
STATS - lpIterations[52] lagIterations[1] sspIterations[1] numSeparations[369] numCuts[0] compileTime[0] sspSolveTime[0] lpSolveTime[567] lb[746.368] ub[793.65] size: [6717] time: [568]
num vars: 32857
STATS - lpIterations[53] lagIterations[1] sspIterations[1] numSeparations[371] numCuts[0] compileTime[0] sspSolveTime[0] lpSolveTime[576] lb[746.762] ub[793.65] size: [6724] time: [577]
num vars: 32485
STATS - lpIterations[54] lagIterations[1] sspIterations[1] numSeparations[379] numCuts[0] compileTime[0] sspSolveTime[0] lpSolveTime[584] lb[747.95] ub[793.65] size: [6741] time: [585]
num vars: 30544
STATS - lpIterations[55] lagIterations[1] sspIterations[1] numSeparations[390] numCuts[0] compileTime[0] sspSolveTime[0] lpSolveTime[593] lb[749.271] ub[793.65] size: [6777] time: [594]
num vars: 29150
STATS - lpIterations[56] lagIterations[1] sspIterations[1] numSeparations[397] numCuts[0] compileTime[0] sspSolveTime[0] lpSolveTime[601] lb[750.07] ub[793.65] size: [6791] time: [602]
num vars: 30869
STATS - lpIterations[57] lagIterations[1] sspIterations[1] numSeparations[399] numCuts[0] compileTime[0] sspSolveTime[0] lpSolveTime[610] lb[750.204] ub[793.65] size: [6792] time: [611]
num vars: 30205
STATS - lpIterations[58] lagIterations[1] sspIterations[1] numSeparations[410] numCuts[0] compileTime[0] sspSolveTime[0] lpSolveTime[619] lb[751.1] ub[793.65] size: [6815] time: [620]
num vars: 27660
STATS - lpIterations[59] lagIterations[1] sspIterations[1] numSeparations[420] numCuts[0] compileTime[0] sspSolveTime[0] lpSolveTime[626] lb[752.25] ub[793.65] size: [6842] time: [627]
num vars: 28387
STATS - lpIterations[60] lagIterations[1] sspIterations[1] numSeparations[425] numCuts[0] compileTime[0] sspSolveTime[0] lpSolveTime[633] lb[752.454] ub[793.65] size: [6847] time: [635]
num vars: 27729
STATS - lpIterations[61] lagIterations[1] sspIterations[1] numSeparations[433] numCuts[0] compileTime[0] sspSolveTime[0] lpSolveTime[641] lb[752.943] ub[793.65] size: [6863] time: [642]
num vars: 26493
STATS - lpIterations[62] lagIterations[1] sspIterations[1] numSeparations[440] numCuts[0] compileTime[0] sspSolveTime[0] lpSolveTime[649] lb[753.804] ub[793.65] size: [6879] time: [650]
num vars: 25787
STATS - lpIterations[63] lagIterations[1] sspIterations[1] numSeparations[446] numCuts[0] compileTime[0] sspSolveTime[0] lpSolveTime[656] lb[754.282] ub[793.65] size: [6894] time: [658]
num vars: 24719
STATS - lpIterations[64] lagIterations[1] sspIterations[1] numSeparations[456] numCuts[0] compileTime[0] sspSolveTime[0] lpSolveTime[662] lb[754.847] ub[793.65] size: [6921] time: [664]
num vars: 23180
STATS - lpIterations[65] lagIterations[1] sspIterations[1] numSeparations[464] numCuts[0] compileTime[0] sspSolveTime[0] lpSolveTime[668] lb[755.283] ub[793.65] size: [6939] time: [670]
num vars: 21272
STATS - lpIterations[66] lagIterations[1] sspIterations[1] numSeparations[467] numCuts[0] compileTime[0] sspSolveTime[0] lpSolveTime[674] lb[755.824] ub[793.65] size: [6943] time: [675]
num vars: 21519
STATS - lpIterations[67] lagIterations[1] sspIterations[1] numSeparations[470] numCuts[0] compileTime[0] sspSolveTime[0] lpSolveTime[680] lb[756.028] ub[793.65] size: [6950] time: [681]
num vars: 45515
STATS - lpIterations[68] lagIterations[1] sspIterations[1] numSeparations[478] numCuts[0] compileTime[0] sspSolveTime[0] lpSolveTime[690] lb[756.154] ub[793.65] size: [6976] time: [692]
num vars: 19608
STATS - lpIterations[69] lagIterations[1] sspIterations[1] numSeparations[481] numCuts[0] compileTime[0] sspSolveTime[0] lpSolveTime[695] lb[756.421] ub[793.65] size: [6985] time: [696]
num vars: 22630
STATS - lpIterations[70] lagIterations[1] sspIterations[1] numSeparations[484] numCuts[0] compileTime[0] sspSolveTime[0] lpSolveTime[701] lb[756.733] ub[793.65] size: [6992] time: [702]
num vars: 20449
STATS - lpIterations[71] lagIterations[1] sspIterations[1] numSeparations[487] numCuts[0] compileTime[0] sspSolveTime[0] lpSolveTime[706] lb[757.496] ub[793.65] size: [6997] time: [708]
num vars: 28065
STATS - lpIterations[72] lagIterations[1] sspIterations[1] numSeparations[499] numCuts[0] compileTime[0] sspSolveTime[0] lpSolveTime[712] lb[758.084] ub[793.65] size: [7036] time: [714]
num vars: 18976
STATS - lpIterations[73] lagIterations[1] sspIterations[1] numSeparations[507] numCuts[0] compileTime[0] sspSolveTime[0] lpSolveTime[717] lb[758.403] ub[793.65] size: [7052] time: [719]
num vars: 18551
STATS - lpIterations[74] lagIterations[1] sspIterations[1] numSeparations[510] numCuts[0] compileTime[0] sspSolveTime[0] lpSolveTime[721] lb[758.56] ub[793.65] size: [7056] time: [723]
num vars: 39623
STATS - lpIterations[75] lagIterations[1] sspIterations[1] numSeparations[518] numCuts[0] compileTime[0] sspSolveTime[0] lpSolveTime[729] lb[758.629] ub[793.65] size: [7067] time: [731]
num vars: 18683
STATS - lpIterations[76] lagIterations[1] sspIterations[1] numSeparations[520] numCuts[0] compileTime[0] sspSolveTime[0] lpSolveTime[733] lb[759.317] ub[793.65] size: [7078] time: [735]
num vars: 35492
STATS - lpIterations[77] lagIterations[1] sspIterations[1] numSeparations[521] numCuts[0] compileTime[0] sspSolveTime[0] lpSolveTime[740] lb[759.416] ub[793.65] size: [7079] time: [742]
num vars: 17840
STATS - lpIterations[78] lagIterations[1] sspIterations[1] numSeparations[529] numCuts[0] compileTime[0] sspSolveTime[0] lpSolveTime[744] lb[759.799] ub[793.65] size: [7093] time: [746]
num vars: 18540
STATS - lpIterations[79] lagIterations[1] sspIterations[1] numSeparations[531] numCuts[0] compileTime[0] sspSolveTime[0] lpSolveTime[748] lb[759.951] ub[793.65] size: [7096] time: [750]
num vars: 17682
STATS - lpIterations[80] lagIterations[1] sspIterations[1] numSeparations[534] numCuts[0] compileTime[0] sspSolveTime[0] lpSolveTime[752] lb[760.019] ub[793.65] size: [7101] time: [754]
num vars: 19599
STATS - lpIterations[81] lagIterations[1] sspIterations[1] numSeparations[536] numCuts[0] compileTime[0] sspSolveTime[0] lpSolveTime[757] lb[760.205] ub[793.65] size: [7102] time: [759]
num vars: 18120
STATS - lpIterations[82] lagIterations[1] sspIterations[1] numSeparations[539] numCuts[0] compileTime[0] sspSolveTime[0] lpSolveTime[761] lb[760.218] ub[793.65] size: [7110] time: [763]
num vars: 17341
STATS - lpIterations[83] lagIterations[1] sspIterations[1] numSeparations[542] numCuts[0] compileTime[0] sspSolveTime[0] lpSolveTime[765] lb[760.502] ub[793.65] size: [7112] time: [767]
num vars: 18173
STATS - lpIterations[84] lagIterations[1] sspIterations[1] numSeparations[545] numCuts[0] compileTime[0] sspSolveTime[0] lpSolveTime[770] lb[760.779] ub[793.65] size: [7115] time: [772]
num vars: 18024
STATS - lpIterations[85] lagIterations[1] sspIterations[1] numSeparations[557] numCuts[0] compileTime[0] sspSolveTime[0] lpSolveTime[775] lb[760.922] ub[793.65] size: [7148] time: [777]
num vars: 17400
STATS - lpIterations[86] lagIterations[1] sspIterations[1] numSeparations[567] numCuts[0] compileTime[0] sspSolveTime[0] lpSolveTime[779] lb[761.133] ub[793.65] size: [7164] time: [781]
num vars: 17707
STATS - lpIterations[87] lagIterations[1] sspIterations[1] numSeparations[575] numCuts[0] compileTime[0] sspSolveTime[0] lpSolveTime[783] lb[761.243] ub[793.65] size: [7177] time: [785]
num vars: 39015
STATS - lpIterations[88] lagIterations[1] sspIterations[1] numSeparations[577] numCuts[0] compileTime[0] sspSolveTime[0] lpSolveTime[790] lb[761.273] ub[793.65] size: [7187] time: [793]
num vars: 16288
STATS - lpIterations[89] lagIterations[1] sspIterations[1] numSeparations[582] numCuts[0] compileTime[0] sspSolveTime[0] lpSolveTime[794] lb[761.574] ub[793.65] size: [7195] time: [796]
num vars: 16072
STATS - lpIterations[90] lagIterations[1] sspIterations[1] numSeparations[588] numCuts[0] compileTime[0] sspSolveTime[0] lpSolveTime[798] lb[761.761] ub[793.65] size: [7212] time: [800]
num vars: 15996
STATS - lpIterations[91] lagIterations[1] sspIterations[1] numSeparations[593] numCuts[0] compileTime[0] sspSolveTime[0] lpSolveTime[801] lb[761.812] ub[793.65] size: [7229] time: [803]
num vars: 16304
STATS - lpIterations[92] lagIterations[1] sspIterations[1] numSeparations[599] numCuts[0] compileTime[0] sspSolveTime[0] lpSolveTime[805] lb[761.999] ub[793.65] size: [7243] time: [807]
num vars: 17442
STATS - lpIterations[93] lagIterations[1] sspIterations[1] numSeparations[602] numCuts[0] compileTime[0] sspSolveTime[0] lpSolveTime[808] lb[762.05] ub[793.65] size: [7248] time: [811]
num vars: 38031
STATS - lpIterations[94] lagIterations[1] sspIterations[1] numSeparations[610] numCuts[0] compileTime[0] sspSolveTime[0] lpSolveTime[816] lb[762.161] ub[793.65] size: [7258] time: [818]
num vars: 15871
STATS - lpIterations[95] lagIterations[1] sspIterations[1] numSeparations[613] numCuts[0] compileTime[0] sspSolveTime[0] lpSolveTime[819] lb[762.181] ub[793.65] size: [7260] time: [821]
num vars: 15787
STATS - lpIterations[96] lagIterations[1] sspIterations[1] numSeparations[615] numCuts[0] compileTime[0] sspSolveTime[0] lpSolveTime[822] lb[762.343] ub[793.65] size: [7265] time: [825]
num vars: 16763
STATS - lpIterations[97] lagIterations[1] sspIterations[1] numSeparations[617] numCuts[0] compileTime[0] sspSolveTime[0] lpSolveTime[826] lb[762.415] ub[793.65] size: [7268] time: [828]
num vars: 16156
STATS - lpIterations[98] lagIterations[1] sspIterations[1] numSeparations[622] numCuts[0] compileTime[0] sspSolveTime[0] lpSolveTime[830] lb[762.601] ub[793.65] size: [7274] time: [832]
num vars: 16433
STATS - lpIterations[99] lagIterations[1] sspIterations[1] numSeparations[628] numCuts[0] compileTime[0] sspSolveTime[0] lpSolveTime[833] lb[762.659] ub[793.65] size: [7288] time: [836]
num vars: 23298
STATS - lpIterations[100] lagIterations[1] sspIterations[1] numSeparations[632] numCuts[0] compileTime[0] sspSolveTime[0] lpSolveTime[838] lb[762.797] ub[793.65] size: [7292] time: [840]
num vars: 15175
STATS - lpIterations[101] lagIterations[1] sspIterations[1] numSeparations[638] numCuts[0] compileTime[0] sspSolveTime[0] lpSolveTime[841] lb[762.945] ub[793.65] size: [7312] time: [844]
num vars: 16628
STATS - lpIterations[102] lagIterations[1] sspIterations[1] numSeparations[649] numCuts[0] compileTime[0] sspSolveTime[0] lpSolveTime[845] lb[763.353] ub[793.65] size: [7332] time: [848]
num vars: 15777
STATS - lpIterations[103] lagIterations[1] sspIterations[1] numSeparations[655] numCuts[0] compileTime[0] sspSolveTime[0] lpSolveTime[848] lb[763.477] ub[793.65] size: [7349] time: [851]
num vars: 16458
STATS - lpIterations[104] lagIterations[1] sspIterations[1] numSeparations[661] numCuts[0] compileTime[0] sspSolveTime[0] lpSolveTime[852] lb[763.556] ub[793.65] size: [7365] time: [855]
num vars: 15745
STATS - lpIterations[105] lagIterations[1] sspIterations[1] numSeparations[667] numCuts[0] compileTime[0] sspSolveTime[0] lpSolveTime[856] lb[763.727] ub[793.65] size: [7378] time: [858]
num vars: 15154
STATS - lpIterations[106] lagIterations[1] sspIterations[1] numSeparations[675] numCuts[0] compileTime[0] sspSolveTime[0] lpSolveTime[859] lb[763.862] ub[793.65] size: [7387] time: [862]
num vars: 15188
STATS - lpIterations[107] lagIterations[1] sspIterations[1] numSeparations[677] numCuts[0] compileTime[0] sspSolveTime[0] lpSolveTime[863] lb[763.937] ub[793.65] size: [7390] time: [865]
num vars: 16266
STATS - lpIterations[108] lagIterations[1] sspIterations[1] numSeparations[686] numCuts[0] compileTime[0] sspSolveTime[0] lpSolveTime[867] lb[764.069] ub[793.65] size: [7410] time: [869]
num vars: 16039
STATS - lpIterations[109] lagIterations[1] sspIterations[1] numSeparations[698] numCuts[0] compileTime[0] sspSolveTime[0] lpSolveTime[871] lb[764.271] ub[793.65] size: [7433] time: [873]
num vars: 17062
STATS - lpIterations[110] lagIterations[1] sspIterations[1] numSeparations[710] numCuts[0] compileTime[0] sspSolveTime[0] lpSolveTime[874] lb[764.315] ub[793.65] size: [7457] time: [877]
num vars: 15743
STATS - lpIterations[111] lagIterations[1] sspIterations[1] numSeparations[712] numCuts[0] compileTime[0] sspSolveTime[0] lpSolveTime[878] lb[764.386] ub[793.65] size: [7459] time: [881]
num vars: 17317
STATS - lpIterations[112] lagIterations[1] sspIterations[1] numSeparations[718] numCuts[0] compileTime[0] sspSolveTime[0] lpSolveTime[883] lb[764.556] ub[793.65] size: [7469] time: [886]
num vars: 16767
STATS - lpIterations[113] lagIterations[1] sspIterations[1] numSeparations[724] numCuts[0] compileTime[0] sspSolveTime[0] lpSolveTime[887] lb[764.589] ub[793.65] size: [7478] time: [890]
num vars: 16751
STATS - lpIterations[114] lagIterations[1] sspIterations[1] numSeparations[730] numCuts[0] compileTime[0] sspSolveTime[0] lpSolveTime[891] lb[764.707] ub[793.65] size: [7491] time: [894]
num vars: 17002
STATS - lpIterations[115] lagIterations[1] sspIterations[1] numSeparations[742] numCuts[0] compileTime[0] sspSolveTime[0] lpSolveTime[895] lb[765.105] ub[793.65] size: [7513] time: [898]
num vars: 16188
STATS - lpIterations[116] lagIterations[1] sspIterations[1] numSeparations[753] numCuts[0] compileTime[0] sspSolveTime[0] lpSolveTime[899] lb[765.189] ub[793.65] size: [7528] time: [902]
num vars: 15925
STATS - lpIterations[117] lagIterations[1] sspIterations[1] numSeparations[756] numCuts[0] compileTime[0] sspSolveTime[0] lpSolveTime[903] lb[765.274] ub[793.65] size: [7534] time: [906]
num vars: 16165
STATS - lpIterations[118] lagIterations[1] sspIterations[1] numSeparations[765] numCuts[0] compileTime[0] sspSolveTime[0] lpSolveTime[907] lb[765.348] ub[793.65] size: [7560] time: [910]
num vars: 16137
STATS - lpIterations[119] lagIterations[1] sspIterations[1] numSeparations[767] numCuts[0] compileTime[0] sspSolveTime[0] lpSolveTime[911] lb[765.445] ub[793.65] size: [7561] time: [914]
num vars: 16809
STATS - lpIterations[120] lagIterations[1] sspIterations[1] numSeparations[780] numCuts[0] compileTime[0] sspSolveTime[0] lpSolveTime[916] lb[765.609] ub[793.65] size: [7579] time: [919]
num vars: 15939
STATS - lpIterations[121] lagIterations[1] sspIterations[1] numSeparations[791] numCuts[0] compileTime[0] sspSolveTime[0] lpSolveTime[920] lb[765.789] ub[793.65] size: [7601] time: [923]
num vars: 16629
STATS - lpIterations[122] lagIterations[1] sspIterations[1] numSeparations[796] numCuts[0] compileTime[0] sspSolveTime[0] lpSolveTime[924] lb[765.836] ub[793.65] size: [7610] time: [927]
num vars: 16680
STATS - lpIterations[123] lagIterations[1] sspIterations[1] numSeparations[797] numCuts[0] compileTime[0] sspSolveTime[0] lpSolveTime[928] lb[765.848] ub[793.65] size: [7616] time: [931]
num vars: 16458
STATS - lpIterations[124] lagIterations[1] sspIterations[1] numSeparations[806] numCuts[0] compileTime[0] sspSolveTime[0] lpSolveTime[932] lb[765.923] ub[793.65] size: [7637] time: [936]
num vars: 16556
STATS - lpIterations[125] lagIterations[1] sspIterations[1] numSeparations[807] numCuts[0] compileTime[0] sspSolveTime[0] lpSolveTime[937] lb[765.943] ub[793.65] size: [7641] time: [940]
num vars: 16174
STATS - lpIterations[126] lagIterations[1] sspIterations[1] numSeparations[814] numCuts[0] compileTime[0] sspSolveTime[0] lpSolveTime[941] lb[766.011] ub[793.65] size: [7656] time: [944]
num vars: 16126
STATS - lpIterations[127] lagIterations[1] sspIterations[1] numSeparations[818] numCuts[0] compileTime[0] sspSolveTime[0] lpSolveTime[945] lb[766.084] ub[793.65] size: [7660] time: [948]
num vars: 15635
STATS - lpIterations[128] lagIterations[1] sspIterations[1] numSeparations[825] numCuts[0] compileTime[0] sspSolveTime[0] lpSolveTime[949] lb[766.131] ub[793.65] size: [7669] time: [952]
num vars: 15486
STATS - lpIterations[129] lagIterations[1] sspIterations[1] numSeparations[827] numCuts[0] compileTime[0] sspSolveTime[0] lpSolveTime[953] lb[766.143] ub[793.65] size: [7676] time: [956]
num vars: 16384
STATS - lpIterations[130] lagIterations[1] sspIterations[1] numSeparations[832] numCuts[0] compileTime[0] sspSolveTime[0] lpSolveTime[957] lb[766.229] ub[793.65] size: [7681] time: [961]
num vars: 15656
STATS - lpIterations[131] lagIterations[1] sspIterations[1] numSeparations[840] numCuts[0] compileTime[0] sspSolveTime[0] lpSolveTime[961] lb[766.257] ub[793.65] size: [7698] time: [965]
num vars: 15942
STATS - lpIterations[132] lagIterations[1] sspIterations[1] numSeparations[849] numCuts[0] compileTime[0] sspSolveTime[0] lpSolveTime[965] lb[766.36] ub[793.65] size: [7706] time: [969]
num vars: 15941
STATS - lpIterations[133] lagIterations[1] sspIterations[1] numSeparations[852] numCuts[0] compileTime[0] sspSolveTime[0] lpSolveTime[969] lb[766.415] ub[793.65] size: [7713] time: [973]
num vars: 15805
STATS - lpIterations[134] lagIterations[1] sspIterations[1] numSeparations[863] numCuts[0] compileTime[0] sspSolveTime[0] lpSolveTime[973] lb[766.465] ub[793.65] size: [7732] time: [977]
num vars: 16258
STATS - lpIterations[135] lagIterations[1] sspIterations[1] numSeparations[869] numCuts[0] compileTime[0] sspSolveTime[0] lpSolveTime[977] lb[766.628] ub[793.65] size: [7744] time: [981]
num vars: 15905
STATS - lpIterations[136] lagIterations[1] sspIterations[1] numSeparations[874] numCuts[0] compileTime[0] sspSolveTime[0] lpSolveTime[981] lb[766.643] ub[793.65] size: [7750] time: [985]
num vars: 16095
STATS - lpIterations[137] lagIterations[1] sspIterations[1] numSeparations[877] numCuts[0] compileTime[0] sspSolveTime[0] lpSolveTime[986] lb[766.727] ub[793.65] size: [7758] time: [990]
num vars: 16125
STATS - lpIterations[138] lagIterations[1] sspIterations[1] numSeparations[878] numCuts[0] compileTime[0] sspSolveTime[0] lpSolveTime[990] lb[766.759] ub[793.65] size: [7760] time: [994]
num vars: 15677
STATS - lpIterations[139] lagIterations[1] sspIterations[1] numSeparations[880] numCuts[0] compileTime[0] sspSolveTime[0] lpSolveTime[994] lb[766.76] ub[793.65] size: [7761] time: [998]
num vars: 16159
STATS - lpIterations[140] lagIterations[1] sspIterations[1] numSeparations[881] numCuts[0] compileTime[0] sspSolveTime[0] lpSolveTime[999] lb[766.833] ub[793.65] size: [7763] time: [1003]
num vars: 16041
STATS - lpIterations[141] lagIterations[1] sspIterations[1] numSeparations[894] numCuts[0] compileTime[0] sspSolveTime[0] lpSolveTime[1003] lb[766.953] ub[793.65] size: [7788] time: [1007]
num vars: 15660
STATS - lpIterations[142] lagIterations[1] sspIterations[1] numSeparations[896] numCuts[0] compileTime[0] sspSolveTime[0] lpSolveTime[1007] lb[766.972] ub[793.65] size: [7793] time: [1011]
num vars: 16155
STATS - lpIterations[143] lagIterations[1] sspIterations[1] numSeparations[908] numCuts[0] compileTime[0] sspSolveTime[0] lpSolveTime[1011] lb[767.117] ub[793.65] size: [7816] time: [1015]
num vars: 15682
STATS - lpIterations[144] lagIterations[1] sspIterations[1] numSeparations[911] numCuts[0] compileTime[0] sspSolveTime[0] lpSolveTime[1015] lb[767.156] ub[793.65] size: [7818] time: [1019]
num vars: 15560
STATS - lpIterations[145] lagIterations[1] sspIterations[1] numSeparations[922] numCuts[0] compileTime[0] sspSolveTime[0] lpSolveTime[1019] lb[767.221] ub[793.65] size: [7850] time: [1023]
num vars: 15791
STATS - lpIterations[146] lagIterations[1] sspIterations[1] numSeparations[924] numCuts[0] compileTime[0] sspSolveTime[0] lpSolveTime[1024] lb[767.25] ub[793.65] size: [7857] time: [1028]
num vars: 15667
STATS - lpIterations[147] lagIterations[1] sspIterations[1] numSeparations[933] numCuts[0] compileTime[0] sspSolveTime[0] lpSolveTime[1028] lb[767.302] ub[793.65] size: [7868] time: [1032]
num vars: 15880
STATS - lpIterations[148] lagIterations[1] sspIterations[1] numSeparations[935] numCuts[0] compileTime[0] sspSolveTime[0] lpSolveTime[1032] lb[767.347] ub[793.65] size: [7872] time: [1036]
num vars: 15840
STATS - lpIterations[149] lagIterations[1] sspIterations[1] numSeparations[944] numCuts[0] compileTime[0] sspSolveTime[0] lpSolveTime[1036] lb[767.39] ub[793.65] size: [7890] time: [1040]
num vars: 15711
STATS - lpIterations[150] lagIterations[1] sspIterations[1] numSeparations[952] numCuts[0] compileTime[0] sspSolveTime[0] lpSolveTime[1041] lb[767.487] ub[793.65] size: [7910] time: [1045]
num vars: 15653
STATS - lpIterations[151] lagIterations[1] sspIterations[1] numSeparations[962] numCuts[0] compileTime[0] sspSolveTime[0] lpSolveTime[1045] lb[767.569] ub[793.65] size: [7935] time: [1049]
num vars: 15512
STATS - lpIterations[152] lagIterations[1] sspIterations[1] numSeparations[973] numCuts[0] compileTime[0] sspSolveTime[0] lpSolveTime[1049] lb[767.645] ub[793.65] size: [7958] time: [1053]
num vars: 15585
STATS - lpIterations[153] lagIterations[1] sspIterations[1] numSeparations[982] numCuts[0] compileTime[0] sspSolveTime[0] lpSolveTime[1053] lb[767.783] ub[793.65] size: [7974] time: [1057]
num vars: 15634
STATS - lpIterations[154] lagIterations[1] sspIterations[1] numSeparations[988] numCuts[0] compileTime[0] sspSolveTime[0] lpSolveTime[1057] lb[767.812] ub[793.65] size: [7985] time: [1061]
num vars: 15740
STATS - lpIterations[155] lagIterations[1] sspIterations[1] numSeparations[994] numCuts[0] compileTime[0] sspSolveTime[0] lpSolveTime[1061] lb[767.872] ub[793.65] size: [7995] time: [1066]
num vars: 15505
STATS - lpIterations[156] lagIterations[1] sspIterations[1] numSeparations[1001] numCuts[0] compileTime[0] sspSolveTime[0] lpSolveTime[1065] lb[767.915] ub[793.65] size: [8012] time: [1070]
num vars: 15573
STATS - lpIterations[157] lagIterations[1] sspIterations[1] numSeparations[1014] numCuts[0] compileTime[0] sspSolveTime[0] lpSolveTime[1069] lb[768.092] ub[793.65] size: [8029] time: [1073]
num vars: 15398
STATS - lpIterations[158] lagIterations[1] sspIterations[1] numSeparations[1027] numCuts[0] compileTime[0] sspSolveTime[0] lpSolveTime[1073] lb[768.257] ub[793.65] size: [8051] time: [1078]
num vars: 15851
STATS - lpIterations[159] lagIterations[1] sspIterations[1] numSeparations[1036] numCuts[0] compileTime[0] sspSolveTime[0] lpSolveTime[1078] lb[768.288] ub[793.65] size: [8068] time: [1082]
num vars: 15486
STATS - lpIterations[160] lagIterations[1] sspIterations[1] numSeparations[1041] numCuts[0] compileTime[0] sspSolveTime[0] lpSolveTime[1082] lb[768.324] ub[793.65] size: [8075] time: [1087]
num vars: 15808
STATS - lpIterations[161] lagIterations[1] sspIterations[1] numSeparations[1050] numCuts[0] compileTime[0] sspSolveTime[0] lpSolveTime[1086] lb[768.404] ub[793.65] size: [8084] time: [1091]
num vars: 15419
STATS - lpIterations[162] lagIterations[1] sspIterations[1] numSeparations[1052] numCuts[0] compileTime[0] sspSolveTime[0] lpSolveTime[1091] lb[768.447] ub[793.65] size: [8092] time: [1095]
num vars: 15535
STATS - lpIterations[163] lagIterations[1] sspIterations[1] numSeparations[1057] numCuts[0] compileTime[0] sspSolveTime[0] lpSolveTime[1095] lb[768.518] ub[793.65] size: [8100] time: [1100]
num vars: 15481
STATS - lpIterations[164] lagIterations[1] sspIterations[1] numSeparations[1061] numCuts[0] compileTime[0] sspSolveTime[0] lpSolveTime[1099] lb[768.554] ub[793.65] size: [8105] time: [1104]
num vars: 15397
STATS - lpIterations[165] lagIterations[1] sspIterations[1] numSeparations[1066] numCuts[0] compileTime[0] sspSolveTime[0] lpSolveTime[1104] lb[768.642] ub[793.65] size: [8118] time: [1108]
num vars: 15523
STATS - lpIterations[166] lagIterations[1] sspIterations[1] numSeparations[1069] numCuts[0] compileTime[0] sspSolveTime[0] lpSolveTime[1108] lb[768.654] ub[793.65] size: [8122] time: [1113]
num vars: 15438
STATS - lpIterations[167] lagIterations[1] sspIterations[1] numSeparations[1077] numCuts[0] compileTime[0] sspSolveTime[0] lpSolveTime[1113] lb[768.71] ub[793.65] size: [8134] time: [1118]
num vars: 15251
STATS - lpIterations[168] lagIterations[1] sspIterations[1] numSeparations[1080] numCuts[0] compileTime[0] sspSolveTime[0] lpSolveTime[1117] lb[768.78] ub[793.65] size: [8139] time: [1122]
num vars: 15720
STATS - lpIterations[169] lagIterations[1] sspIterations[1] numSeparations[1092] numCuts[0] compileTime[0] sspSolveTime[0] lpSolveTime[1122] lb[768.929] ub[793.65] size: [8169] time: [1127]
num vars: 15283
STATS - lpIterations[170] lagIterations[1] sspIterations[1] numSeparations[1097] numCuts[0] compileTime[0] sspSolveTime[0] lpSolveTime[1126] lb[768.938] ub[793.65] size: [8173] time: [1131]
num vars: 15396
STATS - lpIterations[171] lagIterations[1] sspIterations[1] numSeparations[1107] numCuts[0] compileTime[0] sspSolveTime[0] lpSolveTime[1131] lb[769.061] ub[793.65] size: [8193] time: [1136]
num vars: 15200
STATS - lpIterations[172] lagIterations[1] sspIterations[1] numSeparations[1121] numCuts[0] compileTime[0] sspSolveTime[0] lpSolveTime[1135] lb[769.137] ub[793.65] size: [8217] time: [1140]
num vars: 15539
STATS - lpIterations[173] lagIterations[1] sspIterations[1] numSeparations[1123] numCuts[0] compileTime[0] sspSolveTime[0] lpSolveTime[1140] lb[769.137] ub[793.65] size: [8219] time: [1145]
num vars: 15254
STATS - lpIterations[174] lagIterations[1] sspIterations[1] numSeparations[1125] numCuts[0] compileTime[0] sspSolveTime[0] lpSolveTime[1144] lb[769.154] ub[793.65] size: [8222] time: [1149]
num vars: 15309
STATS - lpIterations[175] lagIterations[1] sspIterations[1] numSeparations[1136] numCuts[0] compileTime[0] sspSolveTime[0] lpSolveTime[1148] lb[769.326] ub[793.65] size: [8241] time: [1153]
num vars: 15051
STATS - lpIterations[176] lagIterations[1] sspIterations[1] numSeparations[1147] numCuts[0] compileTime[0] sspSolveTime[0] lpSolveTime[1152] lb[769.405] ub[793.65] size: [8251] time: [1157]
num vars: 15392
STATS - lpIterations[177] lagIterations[1] sspIterations[1] numSeparations[1159] numCuts[0] compileTime[0] sspSolveTime[0] lpSolveTime[1157] lb[769.555] ub[793.65] size: [8275] time: [1162]
num vars: 15212
STATS - lpIterations[178] lagIterations[1] sspIterations[1] numSeparations[1169] numCuts[0] compileTime[0] sspSolveTime[0] lpSolveTime[1162] lb[769.642] ub[793.65] size: [8300] time: [1167]
num vars: 15394
STATS - lpIterations[179] lagIterations[1] sspIterations[1] numSeparations[1176] numCuts[0] compileTime[0] sspSolveTime[0] lpSolveTime[1166] lb[769.728] ub[793.65] size: [8315] time: [1171]
num vars: 14736
STATS - lpIterations[180] lagIterations[1] sspIterations[1] numSeparations[1186] numCuts[0] compileTime[0] sspSolveTime[0] lpSolveTime[1170] lb[769.777] ub[793.65] size: [8335] time: [1176]
num vars: 15180
STATS - lpIterations[181] lagIterations[1] sspIterations[1] numSeparations[1199] numCuts[0] compileTime[0] sspSolveTime[0] lpSolveTime[1175] lb[769.88] ub[793.65] size: [8369] time: [1180]
num vars: 15176
STATS - lpIterations[182] lagIterations[1] sspIterations[1] numSeparations[1208] numCuts[0] compileTime[0] sspSolveTime[0] lpSolveTime[1179] lb[769.915] ub[793.65] size: [8389] time: [1184]
num vars: 14830
STATS - lpIterations[183] lagIterations[1] sspIterations[1] numSeparations[1219] numCuts[0] compileTime[0] sspSolveTime[0] lpSolveTime[1183] lb[770.001] ub[793.65] size: [8415] time: [1189]
num vars: 15124
STATS - lpIterations[184] lagIterations[1] sspIterations[1] numSeparations[1232] numCuts[0] compileTime[0] sspSolveTime[0] lpSolveTime[1188] lb[770.079] ub[793.65] size: [8434] time: [1193]
num vars: 15259
STATS - lpIterations[185] lagIterations[1] sspIterations[1] numSeparations[1240] numCuts[0] compileTime[0] sspSolveTime[0] lpSolveTime[1192] lb[770.157] ub[793.65] size: [8459] time: [1198]
num vars: 15102
STATS - lpIterations[186] lagIterations[1] sspIterations[1] numSeparations[1252] numCuts[0] compileTime[0] sspSolveTime[0] lpSolveTime[1196] lb[770.256] ub[793.65] size: [8485] time: [1202]
num vars: 15054
STATS - lpIterations[187] lagIterations[1] sspIterations[1] numSeparations[1268] numCuts[0] compileTime[0] sspSolveTime[0] lpSolveTime[1201] lb[770.319] ub[793.65] size: [8509] time: [1206]
num vars: 15131
STATS - lpIterations[188] lagIterations[1] sspIterations[1] numSeparations[1277] numCuts[0] compileTime[0] sspSolveTime[0] lpSolveTime[1205] lb[770.464] ub[793.65] size: [8521] time: [1211]
num vars: 15115
STATS - lpIterations[189] lagIterations[1] sspIterations[1] numSeparations[1286] numCuts[0] compileTime[0] sspSolveTime[0] lpSolveTime[1209] lb[770.545] ub[793.65] size: [8536] time: [1215]
num vars: 15126
STATS - lpIterations[190] lagIterations[1] sspIterations[1] numSeparations[1289] numCuts[0] compileTime[0] sspSolveTime[0] lpSolveTime[1214] lb[770.604] ub[793.65] size: [8541] time: [1219]
num vars: 14500
STATS - lpIterations[191] lagIterations[1] sspIterations[1] numSeparations[1302] numCuts[0] compileTime[0] sspSolveTime[0] lpSolveTime[1218] lb[770.686] ub[793.65] size: [8556] time: [1224]
num vars: 15104
STATS - lpIterations[192] lagIterations[1] sspIterations[1] numSeparations[1314] numCuts[0] compileTime[0] sspSolveTime[0] lpSolveTime[1223] lb[770.786] ub[793.65] size: [8585] time: [1228]
num vars: 15113
STATS - lpIterations[193] lagIterations[1] sspIterations[1] numSeparations[1327] numCuts[0] compileTime[0] sspSolveTime[0] lpSolveTime[1227] lb[770.862] ub[793.65] size: [8606] time: [1233]
num vars: 14909
STATS - lpIterations[194] lagIterations[1] sspIterations[1] numSeparations[1332] numCuts[0] compileTime[0] sspSolveTime[0] lpSolveTime[1232] lb[770.9] ub[793.65] size: [8615] time: [1237]
num vars: 15006
STATS - lpIterations[195] lagIterations[1] sspIterations[1] numSeparations[1348] numCuts[0] compileTime[0] sspSolveTime[0] lpSolveTime[1236] lb[770.971] ub[793.65] size: [8643] time: [1242]
num vars: 15106
STATS - lpIterations[196] lagIterations[1] sspIterations[1] numSeparations[1355] numCuts[0] compileTime[0] sspSolveTime[0] lpSolveTime[1240] lb[771.046] ub[793.65] size: [8662] time: [1246]
num vars: 14748
STATS - lpIterations[197] lagIterations[1] sspIterations[1] numSeparations[1359] numCuts[0] compileTime[0] sspSolveTime[0] lpSolveTime[1244] lb[771.056] ub[793.65] size: [8669] time: [1250]
num vars: 14867
STATS - lpIterations[198] lagIterations[1] sspIterations[1] numSeparations[1373] numCuts[0] compileTime[0] sspSolveTime[0] lpSolveTime[1249] lb[771.241] ub[793.65] size: [8703] time: [1255]
num vars: 14894
STATS - lpIterations[199] lagIterations[1] sspIterations[1] numSeparations[1389] numCuts[0] compileTime[0] sspSolveTime[0] lpSolveTime[1253] lb[771.294] ub[793.65] size: [8733] time: [1259]
num vars: 15512
STATS - lpIterations[200] lagIterations[1] sspIterations[1] numSeparations[1393] numCuts[0] compileTime[0] sspSolveTime[0] lpSolveTime[1258] lb[771.32] ub[793.65] size: [8736] time: [1264]
num vars: 15739
STATS - lpIterations[201] lagIterations[1] sspIterations[1] numSeparations[1406] numCuts[0] compileTime[0] sspSolveTime[0] lpSolveTime[1263] lb[771.35] ub[793.65] size: [8757] time: [1269]
num vars: 15271
STATS - lpIterations[202] lagIterations[1] sspIterations[1] numSeparations[1408] numCuts[0] compileTime[0] sspSolveTime[0] lpSolveTime[1268] lb[771.378] ub[793.65] size: [8760] time: [1274]
num vars: 15171
STATS - lpIterations[203] lagIterations[1] sspIterations[1] numSeparations[1418] numCuts[0] compileTime[0] sspSolveTime[0] lpSolveTime[1272] lb[771.491] ub[793.65] size: [8783] time: [1278]
num vars: 15743
STATS - lpIterations[204] lagIterations[1] sspIterations[1] numSeparations[1431] numCuts[0] compileTime[0] sspSolveTime[0] lpSolveTime[1277] lb[771.56] ub[793.65] size: [8804] time: [1283]
num vars: 15675
STATS - lpIterations[205] lagIterations[1] sspIterations[1] numSeparations[1442] numCuts[0] compileTime[0] sspSolveTime[0] lpSolveTime[1281] lb[771.637] ub[793.65] size: [8824] time: [1288]
num vars: 14893
STATS - lpIterations[206] lagIterations[1] sspIterations[1] numSeparations[1456] numCuts[0] compileTime[0] sspSolveTime[0] lpSolveTime[1286] lb[771.756] ub[793.65] size: [8846] time: [1292]
num vars: 15389
STATS - lpIterations[207] lagIterations[1] sspIterations[1] numSeparations[1468] numCuts[0] compileTime[0] sspSolveTime[0] lpSolveTime[1290] lb[771.788] ub[793.65] size: [8876] time: [1297]
num vars: 15445
STATS - lpIterations[208] lagIterations[1] sspIterations[1] numSeparations[1478] numCuts[0] compileTime[0] sspSolveTime[0] lpSolveTime[1295] lb[771.859] ub[793.65] size: [8889] time: [1302]
num vars: 15150
STATS - lpIterations[209] lagIterations[1] sspIterations[1] numSeparations[1489] numCuts[0] compileTime[0] sspSolveTime[0] lpSolveTime[1300] lb[771.914] ub[793.65] size: [8905] time: [1306]
num vars: 15705
STATS - lpIterations[210] lagIterations[1] sspIterations[1] numSeparations[1491] numCuts[0] compileTime[0] sspSolveTime[0] lpSolveTime[1305] lb[771.931] ub[793.65] size: [8914] time: [1311]
num vars: 15135
STATS - lpIterations[211] lagIterations[1] sspIterations[1] numSeparations[1504] numCuts[0] compileTime[0] sspSolveTime[0] lpSolveTime[1310] lb[772.013] ub[793.65] size: [8944] time: [1316]
num vars: 15469
STATS - lpIterations[212] lagIterations[1] sspIterations[1] numSeparations[1514] numCuts[0] compileTime[0] sspSolveTime[0] lpSolveTime[1315] lb[772.122] ub[793.65] size: [8958] time: [1321]
num vars: 15401
STATS - lpIterations[213] lagIterations[1] sspIterations[1] numSeparations[1526] numCuts[0] compileTime[0] sspSolveTime[0] lpSolveTime[1319] lb[772.168] ub[793.65] size: [8982] time: [1326]
num vars: 15393
STATS - lpIterations[214] lagIterations[1] sspIterations[1] numSeparations[1540] numCuts[0] compileTime[0] sspSolveTime[0] lpSolveTime[1324] lb[772.221] ub[793.65] size: [9014] time: [1330]
num vars: 15420
STATS - lpIterations[215] lagIterations[1] sspIterations[1] numSeparations[1550] numCuts[0] compileTime[0] sspSolveTime[0] lpSolveTime[1329] lb[772.243] ub[793.65] size: [9033] time: [1335]
num vars: 15308
STATS - lpIterations[216] lagIterations[1] sspIterations[1] numSeparations[1562] numCuts[0] compileTime[0] sspSolveTime[0] lpSolveTime[1334] lb[772.364] ub[793.65] size: [9041] time: [1340]
num vars: 15406
STATS - lpIterations[217] lagIterations[1] sspIterations[1] numSeparations[1575] numCuts[0] compileTime[0] sspSolveTime[0] lpSolveTime[1338] lb[772.419] ub[793.65] size: [9078] time: [1345]
num vars: 15441
STATS - lpIterations[218] lagIterations[1] sspIterations[1] numSeparations[1586] numCuts[0] compileTime[0] sspSolveTime[0] lpSolveTime[1343] lb[772.462] ub[793.65] size: [9101] time: [1350]
num vars: 15461
STATS - lpIterations[219] lagIterations[1] sspIterations[1] numSeparations[1599] numCuts[0] compileTime[0] sspSolveTime[0] lpSolveTime[1348] lb[772.603] ub[793.65] size: [9130] time: [1355]
num vars: 15336
STATS - lpIterations[220] lagIterations[1] sspIterations[1] numSeparations[1601] numCuts[0] compileTime[0] sspSolveTime[0] lpSolveTime[1353] lb[772.632] ub[793.65] size: [9135] time: [1360]
num vars: 15092
STATS - lpIterations[221] lagIterations[1] sspIterations[1] numSeparations[1613] numCuts[0] compileTime[0] sspSolveTime[0] lpSolveTime[1358] lb[772.706] ub[793.65] size: [9154] time: [1365]
num vars: 15397
STATS - lpIterations[222] lagIterations[1] sspIterations[1] numSeparations[1624] numCuts[0] compileTime[0] sspSolveTime[0] lpSolveTime[1363] lb[772.761] ub[793.65] size: [9173] time: [1369]
num vars: 15289
STATS - lpIterations[223] lagIterations[1] sspIterations[1] numSeparations[1634] numCuts[0] compileTime[0] sspSolveTime[0] lpSolveTime[1367] lb[772.793] ub[793.65] size: [9196] time: [1374]
num vars: 15258
STATS - lpIterations[224] lagIterations[1] sspIterations[1] numSeparations[1649] numCuts[0] compileTime[0] sspSolveTime[0] lpSolveTime[1372] lb[772.897] ub[793.65] size: [9222] time: [1379]
num vars: 15333
STATS - lpIterations[225] lagIterations[1] sspIterations[1] numSeparations[1651] numCuts[0] compileTime[0] sspSolveTime[0] lpSolveTime[1377] lb[772.904] ub[793.65] size: [9225] time: [1384]
num vars: 15355
STATS - lpIterations[226] lagIterations[1] sspIterations[1] numSeparations[1665] numCuts[0] compileTime[0] sspSolveTime[0] lpSolveTime[1382] lb[772.972] ub[793.65] size: [9244] time: [1389]
num vars: 15362
STATS - lpIterations[227] lagIterations[1] sspIterations[1] numSeparations[1680] numCuts[0] compileTime[0] sspSolveTime[0] lpSolveTime[1387] lb[773.083] ub[793.65] size: [9274] time: [1394]
num vars: 15241
STATS - lpIterations[228] lagIterations[1] sspIterations[1] numSeparations[1688] numCuts[0] compileTime[0] sspSolveTime[0] lpSolveTime[1392] lb[773.119] ub[793.65] size: [9284] time: [1399]
num vars: 15313
STATS - lpIterations[229] lagIterations[1] sspIterations[1] numSeparations[1694] numCuts[0] compileTime[0] sspSolveTime[0] lpSolveTime[1397] lb[773.195] ub[793.65] size: [9300] time: [1404]
num vars: 15175
STATS - lpIterations[230] lagIterations[1] sspIterations[1] numSeparations[1699] numCuts[0] compileTime[0] sspSolveTime[0] lpSolveTime[1401] lb[773.236] ub[793.65] size: [9306] time: [1409]
num vars: 15214
STATS - lpIterations[231] lagIterations[1] sspIterations[1] numSeparations[1715] numCuts[0] compileTime[0] sspSolveTime[0] lpSolveTime[1406] lb[773.314] ub[793.65] size: [9339] time: [1413]
num vars: 15250
STATS - lpIterations[232] lagIterations[1] sspIterations[1] numSeparations[1727] numCuts[0] compileTime[0] sspSolveTime[0] lpSolveTime[1411] lb[773.397] ub[793.65] size: [9363] time: [1418]
num vars: 15235
STATS - lpIterations[233] lagIterations[1] sspIterations[1] numSeparations[1742] numCuts[0] compileTime[0] sspSolveTime[0] lpSolveTime[1416] lb[773.477] ub[793.65] size: [9392] time: [1423]
num vars: 15194
STATS - lpIterations[234] lagIterations[1] sspIterations[1] numSeparations[1749] numCuts[0] compileTime[0] sspSolveTime[0] lpSolveTime[1420] lb[773.503] ub[793.65] size: [9406] time: [1428]
num vars: 15143
STATS - lpIterations[235] lagIterations[1] sspIterations[1] numSeparations[1753] numCuts[0] compileTime[0] sspSolveTime[0] lpSolveTime[1425] lb[773.55] ub[793.65] size: [9418] time: [1433]
num vars: 15245
STATS - lpIterations[236] lagIterations[1] sspIterations[1] numSeparations[1762] numCuts[0] compileTime[0] sspSolveTime[0] lpSolveTime[1430] lb[773.598] ub[793.65] size: [9431] time: [1438]
num vars: 15266
STATS - lpIterations[237] lagIterations[1] sspIterations[1] numSeparations[1775] numCuts[0] compileTime[0] sspSolveTime[0] lpSolveTime[1435] lb[773.629] ub[793.65] size: [9462] time: [1443]
num vars: 15268
STATS - lpIterations[238] lagIterations[1] sspIterations[1] numSeparations[1786] numCuts[0] compileTime[0] sspSolveTime[0] lpSolveTime[1440] lb[773.689] ub[793.65] size: [9480] time: [1448]
num vars: 15286
STATS - lpIterations[239] lagIterations[1] sspIterations[1] numSeparations[1802] numCuts[0] compileTime[0] sspSolveTime[0] lpSolveTime[1445] lb[773.809] ub[793.65] size: [9507] time: [1453]
num vars: 15144
STATS - lpIterations[240] lagIterations[1] sspIterations[1] numSeparations[1807] numCuts[0] compileTime[0] sspSolveTime[0] lpSolveTime[1450] lb[773.868] ub[793.65] size: [9512] time: [1458]
num vars: 15098
STATS - lpIterations[241] lagIterations[1] sspIterations[1] numSeparations[1818] numCuts[0] compileTime[0] sspSolveTime[0] lpSolveTime[1455] lb[773.943] ub[793.65] size: [9519] time: [1462]
num vars: 15004
STATS - lpIterations[242] lagIterations[1] sspIterations[1] numSeparations[1832] numCuts[0] compileTime[0] sspSolveTime[0] lpSolveTime[1459] lb[774.033] ub[793.65] size: [9550] time: [1467]
num vars: 15588
STATS - lpIterations[243] lagIterations[1] sspIterations[1] numSeparations[1833] numCuts[0] compileTime[0] sspSolveTime[0] lpSolveTime[1464] lb[774.123] ub[793.65] size: [9551] time: [1472]
num vars: 15499
STATS - lpIterations[244] lagIterations[1] sspIterations[1] numSeparations[1835] numCuts[0] compileTime[0] sspSolveTime[0] lpSolveTime[1469] lb[774.133] ub[793.65] size: [9554] time: [1477]
num vars: 15471
STATS - lpIterations[245] lagIterations[1] sspIterations[1] numSeparations[1847] numCuts[0] compileTime[0] sspSolveTime[0] lpSolveTime[1475] lb[774.187] ub[793.65] size: [9563] time: [1482]
num vars: 15386
STATS - lpIterations[246] lagIterations[1] sspIterations[1] numSeparations[1855] numCuts[0] compileTime[0] sspSolveTime[0] lpSolveTime[1479] lb[774.215] ub[793.65] size: [9577] time: [1487]
num vars: 15493
STATS - lpIterations[247] lagIterations[1] sspIterations[1] numSeparations[1868] numCuts[0] compileTime[0] sspSolveTime[0] lpSolveTime[1485] lb[774.295] ub[793.65] size: [9595] time: [1493]
num vars: 15449
STATS - lpIterations[248] lagIterations[1] sspIterations[1] numSeparations[1882] numCuts[0] compileTime[0] sspSolveTime[0] lpSolveTime[1490] lb[774.402] ub[793.65] size: [9628] time: [1498]
num vars: 15406
STATS - lpIterations[249] lagIterations[1] sspIterations[1] numSeparations[1893] numCuts[0] compileTime[0] sspSolveTime[0] lpSolveTime[1495] lb[774.459] ub[793.65] size: [9648] time: [1503]
num vars: 14932
STATS - lpIterations[250] lagIterations[1] sspIterations[1] numSeparations[1902] numCuts[0] compileTime[0] sspSolveTime[0] lpSolveTime[1500] lb[774.495] ub[793.65] size: [9677] time: [1508]
num vars: 15343
STATS - lpIterations[251] lagIterations[1] sspIterations[1] numSeparations[1908] numCuts[0] compileTime[0] sspSolveTime[0] lpSolveTime[1505] lb[774.526] ub[793.65] size: [9687] time: [1513]
num vars: 15449
STATS - lpIterations[252] lagIterations[1] sspIterations[1] numSeparations[1920] numCuts[0] compileTime[0] sspSolveTime[0] lpSolveTime[1510] lb[774.602] ub[793.65] size: [9710] time: [1518]
num vars: 15394
STATS - lpIterations[253] lagIterations[1] sspIterations[1] numSeparations[1933] numCuts[0] compileTime[0] sspSolveTime[0] lpSolveTime[1516] lb[774.682] ub[793.65] size: [9737] time: [1524]
num vars: 15389
STATS - lpIterations[254] lagIterations[1] sspIterations[1] numSeparations[1948] numCuts[0] compileTime[0] sspSolveTime[0] lpSolveTime[1521] lb[774.708] ub[793.65] size: [9772] time: [1529]
num vars: 15375
STATS - lpIterations[255] lagIterations[1] sspIterations[1] numSeparations[1959] numCuts[0] compileTime[0] sspSolveTime[0] lpSolveTime[1525] lb[774.745] ub[793.65] size: [9782] time: [1534]
num vars: 15417
STATS - lpIterations[256] lagIterations[1] sspIterations[1] numSeparations[1974] numCuts[0] compileTime[0] sspSolveTime[0] lpSolveTime[1530] lb[774.795] ub[793.65] size: [9807] time: [1539]
num vars: 15407
STATS - lpIterations[257] lagIterations[1] sspIterations[1] numSeparations[1987] numCuts[0] compileTime[0] sspSolveTime[0] lpSolveTime[1535] lb[774.854] ub[793.65] size: [9840] time: [1543]
num vars: 15439
STATS - lpIterations[258] lagIterations[1] sspIterations[1] numSeparations[1999] numCuts[0] compileTime[0] sspSolveTime[0] lpSolveTime[1539] lb[774.909] ub[793.65] size: [9866] time: [1548]
num vars: 15330
STATS - lpIterations[259] lagIterations[1] sspIterations[1] numSeparations[2012] numCuts[0] compileTime[0] sspSolveTime[0] lpSolveTime[1545] lb[774.955] ub[793.65] size: [9879] time: [1553]
num vars: 15392
STATS - lpIterations[260] lagIterations[1] sspIterations[1] numSeparations[2028] numCuts[0] compileTime[0] sspSolveTime[0] lpSolveTime[1550] lb[775.037] ub[793.65] size: [9908] time: [1558]
num vars: 15335
STATS - lpIterations[261] lagIterations[1] sspIterations[1] numSeparations[2043] numCuts[0] compileTime[0] sspSolveTime[0] lpSolveTime[1555] lb[775.096] ub[793.65] size: [9938] time: [1563]
num vars: 15282
STATS - lpIterations[262] lagIterations[1] sspIterations[1] numSeparations[2046] numCuts[0] compileTime[0] sspSolveTime[0] lpSolveTime[1560] lb[775.155] ub[793.65] size: [9941] time: [1568]
num vars: 15331
STATS - lpIterations[263] lagIterations[1] sspIterations[1] numSeparations[2062] numCuts[0] compileTime[0] sspSolveTime[0] lpSolveTime[1565] lb[775.194] ub[793.65] size: [9971] time: [1573]
num vars: 15285
STATS - lpIterations[264] lagIterations[1] sspIterations[1] numSeparations[2077] numCuts[0] compileTime[0] sspSolveTime[0] lpSolveTime[1569] lb[775.249] ub[793.65] size: [9992] time: [1578]
num vars: 15247
STATS - lpIterations[265] lagIterations[1] sspIterations[1] numSeparations[2089] numCuts[0] compileTime[0] sspSolveTime[0] lpSolveTime[1574] lb[775.307] ub[793.65] size: [10011] time: [1583]
num vars: 15388
STATS - lpIterations[266] lagIterations[1] sspIterations[1] numSeparations[2099] numCuts[0] compileTime[0] sspSolveTime[0] lpSolveTime[1580] lb[775.378] ub[793.65] size: [10042] time: [1588]
num vars: 15248
STATS - lpIterations[267] lagIterations[1] sspIterations[1] numSeparations[2108] numCuts[0] compileTime[0] sspSolveTime[0] lpSolveTime[1584] lb[775.412] ub[793.65] size: [10055] time: [1593]
num vars: 15265
STATS - lpIterations[268] lagIterations[1] sspIterations[1] numSeparations[2123] numCuts[0] compileTime[0] sspSolveTime[0] lpSolveTime[1590] lb[775.45] ub[793.65] size: [10087] time: [1599]
num vars: 15283
STATS - lpIterations[269] lagIterations[1] sspIterations[1] numSeparations[2139] numCuts[0] compileTime[0] sspSolveTime[0] lpSolveTime[1595] lb[775.507] ub[793.65] size: [10114] time: [1604]
num vars: 15253
STATS - lpIterations[270] lagIterations[1] sspIterations[1] numSeparations[2157] numCuts[0] compileTime[0] sspSolveTime[0] lpSolveTime[1600] lb[775.585] ub[793.65] size: [10138] time: [1609]
num vars: 15447
STATS - lpIterations[271] lagIterations[1] sspIterations[1] numSeparations[2171] numCuts[0] compileTime[0] sspSolveTime[0] lpSolveTime[1605] lb[775.625] ub[793.65] size: [10160] time: [1614]
num vars: 15425
STATS - lpIterations[272] lagIterations[1] sspIterations[1] numSeparations[2182] numCuts[0] compileTime[0] sspSolveTime[0] lpSolveTime[1611] lb[775.659] ub[793.65] size: [10179] time: [1620]
num vars: 15383
STATS - lpIterations[273] lagIterations[1] sspIterations[1] numSeparations[2183] numCuts[0] compileTime[0] sspSolveTime[0] lpSolveTime[1615] lb[775.669] ub[793.65] size: [10183] time: [1625]
num vars: 15425
STATS - lpIterations[274] lagIterations[1] sspIterations[1] numSeparations[2188] numCuts[0] compileTime[0] sspSolveTime[0] lpSolveTime[1620] lb[775.702] ub[793.65] size: [10202] time: [1629]
num vars: 15295
STATS - lpIterations[275] lagIterations[1] sspIterations[1] numSeparations[2202] numCuts[0] compileTime[0] sspSolveTime[0] lpSolveTime[1626] lb[775.746] ub[793.65] size: [10218] time: [1635]
num vars: 15436
STATS - lpIterations[276] lagIterations[1] sspIterations[1] numSeparations[2203] numCuts[0] compileTime[0] sspSolveTime[0] lpSolveTime[1631] lb[775.823] ub[793.65] size: [10222] time: [1640]
num vars: 15387
STATS - lpIterations[277] lagIterations[1] sspIterations[1] numSeparations[2217] numCuts[0] compileTime[0] sspSolveTime[0] lpSolveTime[1636] lb[775.893] ub[793.65] size: [10244] time: [1646]
num vars: 15376
STATS - lpIterations[278] lagIterations[1] sspIterations[1] numSeparations[2232] numCuts[0] compileTime[0] sspSolveTime[0] lpSolveTime[1642] lb[775.992] ub[793.65] size: [10268] time: [1651]
num vars: 15438
STATS - lpIterations[279] lagIterations[1] sspIterations[1] numSeparations[2248] numCuts[0] compileTime[0] sspSolveTime[0] lpSolveTime[1647] lb[776.062] ub[793.65] size: [10300] time: [1656]
num vars: 15387
STATS - lpIterations[280] lagIterations[1] sspIterations[1] numSeparations[2257] numCuts[0] compileTime[0] sspSolveTime[0] lpSolveTime[1652] lb[776.081] ub[793.65] size: [10322] time: [1662]
num vars: 15482
STATS - lpIterations[281] lagIterations[1] sspIterations[1] numSeparations[2264] numCuts[0] compileTime[0] sspSolveTime[0] lpSolveTime[1658] lb[776.097] ub[793.65] size: [10345] time: [1667]
num vars: 15474
STATS - lpIterations[282] lagIterations[1] sspIterations[1] numSeparations[2271] numCuts[0] compileTime[0] sspSolveTime[0] lpSolveTime[1663] lb[776.13] ub[793.65] size: [10354] time: [1672]
num vars: 15516
STATS - lpIterations[283] lagIterations[1] sspIterations[1] numSeparations[2284] numCuts[0] compileTime[0] sspSolveTime[0] lpSolveTime[1668] lb[776.177] ub[793.65] size: [10394] time: [1677]
num vars: 15540
STATS - lpIterations[284] lagIterations[1] sspIterations[1] numSeparations[2300] numCuts[0] compileTime[0] sspSolveTime[0] lpSolveTime[1673] lb[776.234] ub[793.65] size: [10432] time: [1683]
num vars: 15593
STATS - lpIterations[285] lagIterations[1] sspIterations[1] numSeparations[2314] numCuts[0] compileTime[0] sspSolveTime[0] lpSolveTime[1679] lb[776.294] ub[793.65] size: [10454] time: [1688]
num vars: 15541
STATS - lpIterations[286] lagIterations[1] sspIterations[1] numSeparations[2327] numCuts[0] compileTime[0] sspSolveTime[0] lpSolveTime[1684] lb[776.36] ub[793.65] size: [10478] time: [1694]
num vars: 15528
STATS - lpIterations[287] lagIterations[1] sspIterations[1] numSeparations[2339] numCuts[0] compileTime[0] sspSolveTime[0] lpSolveTime[1690] lb[776.42] ub[793.65] size: [10495] time: [1699]
num vars: 15519
STATS - lpIterations[288] lagIterations[1] sspIterations[1] numSeparations[2340] numCuts[0] compileTime[0] sspSolveTime[0] lpSolveTime[1695] lb[776.42] ub[793.65] size: [10498] time: [1705]
num vars: 15492
STATS - lpIterations[289] lagIterations[1] sspIterations[1] numSeparations[2350] numCuts[0] compileTime[0] sspSolveTime[0] lpSolveTime[1701] lb[776.448] ub[793.65] size: [10513] time: [1711]
num vars: 15529
STATS - lpIterations[290] lagIterations[1] sspIterations[1] numSeparations[2360] numCuts[0] compileTime[0] sspSolveTime[0] lpSolveTime[1706] lb[776.492] ub[793.65] size: [10530] time: [1716]
num vars: 15521
STATS - lpIterations[291] lagIterations[1] sspIterations[1] numSeparations[2373] numCuts[0] compileTime[0] sspSolveTime[0] lpSolveTime[1711] lb[776.506] ub[793.65] size: [10554] time: [1721]
num vars: 15463
STATS - lpIterations[292] lagIterations[1] sspIterations[1] numSeparations[2374] numCuts[0] compileTime[0] sspSolveTime[0] lpSolveTime[1717] lb[776.55] ub[793.65] size: [10557] time: [1727]
num vars: 15522
STATS - lpIterations[293] lagIterations[1] sspIterations[1] numSeparations[2375] numCuts[0] compileTime[0] sspSolveTime[0] lpSolveTime[1722] lb[776.565] ub[793.65] size: [10557] time: [1733]
num vars: 15542
STATS - lpIterations[294] lagIterations[1] sspIterations[1] numSeparations[2390] numCuts[0] compileTime[0] sspSolveTime[0] lpSolveTime[1728] lb[776.662] ub[793.65] size: [10583] time: [1738]
num vars: 15501
STATS - lpIterations[295] lagIterations[1] sspIterations[1] numSeparations[2402] numCuts[0] compileTime[0] sspSolveTime[0] lpSolveTime[1733] lb[776.682] ub[793.65] size: [10599] time: [1743]
num vars: 15479
STATS - lpIterations[296] lagIterations[1] sspIterations[1] numSeparations[2414] numCuts[0] compileTime[0] sspSolveTime[0] lpSolveTime[1739] lb[776.724] ub[793.65] size: [10614] time: [1749]
num vars: 15500
STATS - lpIterations[297] lagIterations[1] sspIterations[1] numSeparations[2417] numCuts[0] compileTime[0] sspSolveTime[0] lpSolveTime[1745] lb[776.745] ub[793.65] size: [10621] time: [1755]
num vars: 15448
STATS - lpIterations[298] lagIterations[1] sspIterations[1] numSeparations[2428] numCuts[0] compileTime[0] sspSolveTime[0] lpSolveTime[1750] lb[776.823] ub[793.65] size: [10642] time: [1761]
num vars: 15465
STATS - lpIterations[299] lagIterations[1] sspIterations[1] numSeparations[2441] numCuts[0] compileTime[0] sspSolveTime[0] lpSolveTime[1756] lb[776.911] ub[793.65] size: [10670] time: [1767]
num vars: 15363
STATS - lpIterations[300] lagIterations[1] sspIterations[1] numSeparations[2448] numCuts[0] compileTime[0] sspSolveTime[0] lpSolveTime[1762] lb[776.935] ub[793.65] size: [10685] time: [1772]
num vars: 15348
STATS - lpIterations[301] lagIterations[1] sspIterations[1] numSeparations[2464] numCuts[0] compileTime[0] sspSolveTime[0] lpSolveTime[1767] lb[777.032] ub[793.65] size: [10708] time: [1778]
num vars: 15339
STATS - lpIterations[302] lagIterations[1] sspIterations[1] numSeparations[2475] numCuts[0] compileTime[0] sspSolveTime[0] lpSolveTime[1772] lb[777.145] ub[793.65] size: [10725] time: [1783]
num vars: 15266
STATS - lpIterations[303] lagIterations[1] sspIterations[1] numSeparations[2485] numCuts[0] compileTime[0] sspSolveTime[0] lpSolveTime[1778] lb[777.198] ub[793.65] size: [10749] time: [1789]
num vars: 15280
STATS - lpIterations[304] lagIterations[1] sspIterations[1] numSeparations[2498] numCuts[0] compileTime[0] sspSolveTime[0] lpSolveTime[1784] lb[777.261] ub[793.65] size: [10773] time: [1794]
num vars: 15308
STATS - lpIterations[305] lagIterations[1] sspIterations[1] numSeparations[2512] numCuts[0] compileTime[0] sspSolveTime[0] lpSolveTime[1789] lb[777.31] ub[793.65] size: [10806] time: [1800]
num vars: 15288
STATS - lpIterations[306] lagIterations[1] sspIterations[1] numSeparations[2513] numCuts[0] compileTime[0] sspSolveTime[0] lpSolveTime[1795] lb[777.337] ub[793.65] size: [10808] time: [1805]
num vars: 15316
STATS - lpIterations[307] lagIterations[1] sspIterations[1] numSeparations[2523] numCuts[0] compileTime[0] sspSolveTime[0] lpSolveTime[1800] lb[777.343] ub[793.65] size: [10825] time: [1811]
num vars: 15254
STATS - lpIterations[308] lagIterations[1] sspIterations[1] numSeparations[2524] numCuts[0] compileTime[0] sspSolveTime[0] lpSolveTime[1805] lb[777.391] ub[793.65] size: [10827] time: [1816]
num vars: 15361
STATS - lpIterations[309] lagIterations[1] sspIterations[1] numSeparations[2531] numCuts[0] compileTime[0] sspSolveTime[0] lpSolveTime[1811] lb[777.406] ub[793.65] size: [10835] time: [1822]
num vars: 15251
STATS - lpIterations[310] lagIterations[1] sspIterations[1] numSeparations[2545] numCuts[0] compileTime[0] sspSolveTime[0] lpSolveTime[1817] lb[777.464] ub[793.65] size: [10854] time: [1828]
num vars: 15255
STATS - lpIterations[311] lagIterations[1] sspIterations[1] numSeparations[2561] numCuts[0] compileTime[0] sspSolveTime[0] lpSolveTime[1823] lb[777.526] ub[793.65] size: [10871] time: [1834]
num vars: 15257
STATS - lpIterations[312] lagIterations[1] sspIterations[1] numSeparations[2575] numCuts[0] compileTime[0] sspSolveTime[0] lpSolveTime[1829] lb[777.582] ub[793.65] size: [10889] time: [1840]
num vars: 15224
STATS - lpIterations[313] lagIterations[1] sspIterations[1] numSeparations[2586] numCuts[0] compileTime[0] sspSolveTime[0] lpSolveTime[1834] lb[777.637] ub[793.65] size: [10915] time: [1846]
num vars: 15230
STATS - lpIterations[314] lagIterations[1] sspIterations[1] numSeparations[2598] numCuts[0] compileTime[0] sspSolveTime[0] lpSolveTime[1840] lb[777.7] ub[793.65] size: [10934] time: [1851]
num vars: 15290
STATS - lpIterations[315] lagIterations[1] sspIterations[1] numSeparations[2613] numCuts[0] compileTime[0] sspSolveTime[0] lpSolveTime[1846] lb[777.765] ub[793.65] size: [10974] time: [1857]
num vars: 15252
STATS - lpIterations[316] lagIterations[1] sspIterations[1] numSeparations[2629] numCuts[0] compileTime[0] sspSolveTime[0] lpSolveTime[1851] lb[777.824] ub[793.65] size: [11002] time: [1863]
num vars: 15192
STATS - lpIterations[317] lagIterations[1] sspIterations[1] numSeparations[2642] numCuts[0] compileTime[0] sspSolveTime[0] lpSolveTime[1857] lb[777.878] ub[793.65] size: [11023] time: [1869]
num vars: 15187
STATS - lpIterations[318] lagIterations[1] sspIterations[1] numSeparations[2643] numCuts[0] compileTime[0] sspSolveTime[0] lpSolveTime[1863] lb[777.897] ub[793.65] size: [11026] time: [1875]
num vars: 15200
STATS - lpIterations[319] lagIterations[1] sspIterations[1] numSeparations[2655] numCuts[0] compileTime[0] sspSolveTime[0] lpSolveTime[1869] lb[777.951] ub[793.65] size: [11043] time: [1880]
num vars: 15177
STATS - lpIterations[320] lagIterations[1] sspIterations[1] numSeparations[2669] numCuts[0] compileTime[0] sspSolveTime[0] lpSolveTime[1875] lb[777.964] ub[793.65] size: [11065] time: [1887]
num vars: 15165
STATS - lpIterations[321] lagIterations[1] sspIterations[1] numSeparations[2670] numCuts[0] compileTime[0] sspSolveTime[0] lpSolveTime[1880] lb[778.01] ub[793.65] size: [11068] time: [1892]
num vars: 15211
STATS - lpIterations[322] lagIterations[1] sspIterations[1] numSeparations[2686] numCuts[0] compileTime[0] sspSolveTime[0] lpSolveTime[1886] lb[778.081] ub[793.65] size: [11090] time: [1898]
num vars: 15166
STATS - lpIterations[323] lagIterations[1] sspIterations[1] numSeparations[2699] numCuts[0] compileTime[0] sspSolveTime[0] lpSolveTime[1892] lb[778.101] ub[793.65] size: [11107] time: [1904]
num vars: 15111
STATS - lpIterations[324] lagIterations[1] sspIterations[1] numSeparations[2717] numCuts[0] compileTime[0] sspSolveTime[0] lpSolveTime[1898] lb[778.175] ub[793.65] size: [11138] time: [1910]
num vars: 15154
STATS - lpIterations[325] lagIterations[1] sspIterations[1] numSeparations[2733] numCuts[0] compileTime[0] sspSolveTime[0] lpSolveTime[1904] lb[778.224] ub[793.65] size: [11166] time: [1916]
num vars: 15112
STATS - lpIterations[326] lagIterations[1] sspIterations[1] numSeparations[2735] numCuts[0] compileTime[0] sspSolveTime[0] lpSolveTime[1910] lb[778.232] ub[793.65] size: [11169] time: [1922]
num vars: 15157
STATS - lpIterations[327] lagIterations[1] sspIterations[1] numSeparations[2745] numCuts[0] compileTime[0] sspSolveTime[0] lpSolveTime[1916] lb[778.278] ub[793.65] size: [11199] time: [1928]
num vars: 15131
STATS - lpIterations[328] lagIterations[1] sspIterations[1] numSeparations[2746] numCuts[0] compileTime[0] sspSolveTime[0] lpSolveTime[1921] lb[778.283] ub[793.65] size: [11202] time: [1934]
num vars: 15140
STATS - lpIterations[329] lagIterations[1] sspIterations[1] numSeparations[2761] numCuts[0] compileTime[0] sspSolveTime[0] lpSolveTime[1927] lb[778.337] ub[793.65] size: [11223] time: [1939]
num vars: 15192
STATS - lpIterations[330] lagIterations[1] sspIterations[1] numSeparations[2774] numCuts[0] compileTime[0] sspSolveTime[0] lpSolveTime[1933] lb[778.365] ub[793.65] size: [11254] time: [1945]
num vars: 15187
STATS - lpIterations[331] lagIterations[1] sspIterations[1] numSeparations[2775] numCuts[0] compileTime[0] sspSolveTime[0] lpSolveTime[1938] lb[778.37] ub[793.65] size: [11257] time: [1951]
num vars: 15199
STATS - lpIterations[332] lagIterations[1] sspIterations[1] numSeparations[2791] numCuts[0] compileTime[0] sspSolveTime[0] lpSolveTime[1944] lb[778.421] ub[793.65] size: [11279] time: [1957]
num vars: 15212
STATS - lpIterations[333] lagIterations[1] sspIterations[1] numSeparations[2805] numCuts[0] compileTime[0] sspSolveTime[0] lpSolveTime[1950] lb[778.474] ub[793.65] size: [11313] time: [1963]
num vars: 15266
STATS - lpIterations[334] lagIterations[1] sspIterations[1] numSeparations[2818] numCuts[0] compileTime[0] sspSolveTime[0] lpSolveTime[1956] lb[778.556] ub[793.65] size: [11346] time: [1969]
num vars: 15303
STATS - lpIterations[335] lagIterations[1] sspIterations[1] numSeparations[2832] numCuts[0] compileTime[0] sspSolveTime[0] lpSolveTime[1962] lb[778.587] ub[793.65] size: [11380] time: [1975]
num vars: 15323
STATS - lpIterations[336] lagIterations[1] sspIterations[1] numSeparations[2842] numCuts[0] compileTime[0] sspSolveTime[0] lpSolveTime[1968] lb[778.611] ub[793.65] size: [11396] time: [1981]
num vars: 15304
STATS - lpIterations[337] lagIterations[1] sspIterations[1] numSeparations[2855] numCuts[0] compileTime[0] sspSolveTime[0] lpSolveTime[1975] lb[778.641] ub[793.65] size: [11423] time: [1988]
num vars: 15346
STATS - lpIterations[338] lagIterations[1] sspIterations[1] numSeparations[2868] numCuts[0] compileTime[0] sspSolveTime[0] lpSolveTime[1981] lb[778.669] ub[793.65] size: [11446] time: [1994]
num vars: 15371
STATS - lpIterations[339] lagIterations[1] sspIterations[1] numSeparations[2881] numCuts[0] compileTime[0] sspSolveTime[0] lpSolveTime[1986] lb[778.749] ub[793.65] size: [11469] time: [2000]
num vars: 15328
STATS - lpIterations[340] lagIterations[1] sspIterations[1] numSeparations[2892] numCuts[0] compileTime[0] sspSolveTime[0] lpSolveTime[1993] lb[778.768] ub[793.65] size: [11483] time: [2006]
num vars: 15311
STATS - lpIterations[341] lagIterations[1] sspIterations[1] numSeparations[2893] numCuts[0] compileTime[0] sspSolveTime[0] lpSolveTime[1999] lb[778.773] ub[793.65] size: [11485] time: [2012]
num vars: 15350
STATS - lpIterations[342] lagIterations[1] sspIterations[1] numSeparations[2904] numCuts[0] compileTime[0] sspSolveTime[0] lpSolveTime[2005] lb[778.802] ub[793.65] size: [11502] time: [2018]
num vars: 15341
STATS - lpIterations[343] lagIterations[1] sspIterations[1] numSeparations[2905] numCuts[0] compileTime[0] sspSolveTime[0] lpSolveTime[2011] lb[778.813] ub[793.65] size: [11504] time: [2024]
num vars: 15391
STATS - lpIterations[344] lagIterations[1] sspIterations[1] numSeparations[2919] numCuts[0] compileTime[0] sspSolveTime[0] lpSolveTime[2017] lb[778.879] ub[793.65] size: [11538] time: [2030]
num vars: 15314
STATS - lpIterations[345] lagIterations[1] sspIterations[1] numSeparations[2934] numCuts[0] compileTime[0] sspSolveTime[0] lpSolveTime[2022] lb[778.921] ub[793.65] size: [11554] time: [2036]
num vars: 15326
STATS - lpIterations[346] lagIterations[1] sspIterations[1] numSeparations[2949] numCuts[0] compileTime[0] sspSolveTime[0] lpSolveTime[2029] lb[778.954] ub[793.65] size: [11568] time: [2042]
num vars: 15274
STATS - lpIterations[347] lagIterations[1] sspIterations[1] numSeparations[2964] numCuts[0] compileTime[0] sspSolveTime[0] lpSolveTime[2035] lb[779.018] ub[793.65] size: [11592] time: [2048]
num vars: 15296
STATS - lpIterations[348] lagIterations[1] sspIterations[1] numSeparations[2980] numCuts[0] compileTime[0] sspSolveTime[0] lpSolveTime[2041] lb[779.096] ub[793.65] size: [11637] time: [2054]
num vars: 15290
STATS - lpIterations[349] lagIterations[1] sspIterations[1] numSeparations[2997] numCuts[0] compileTime[0] sspSolveTime[0] lpSolveTime[2047] lb[779.14] ub[793.65] size: [11668] time: [2060]
num vars: 15282
STATS - lpIterations[350] lagIterations[1] sspIterations[1] numSeparations[3010] numCuts[0] compileTime[0] sspSolveTime[0] lpSolveTime[2053] lb[779.169] ub[793.65] size: [11685] time: [2066]
num vars: 15250
STATS - lpIterations[351] lagIterations[1] sspIterations[1] numSeparations[3011] numCuts[0] compileTime[0] sspSolveTime[0] lpSolveTime[2059] lb[779.199] ub[793.65] size: [11687] time: [2073]
num vars: 15281
STATS - lpIterations[352] lagIterations[1] sspIterations[1] numSeparations[3022] numCuts[0] compileTime[0] sspSolveTime[0] lpSolveTime[2065] lb[779.202] ub[793.65] size: [11713] time: [2079]
num vars: 15211
STATS - lpIterations[353] lagIterations[1] sspIterations[1] numSeparations[3023] numCuts[0] compileTime[0] sspSolveTime[0] lpSolveTime[2071] lb[779.274] ub[793.65] size: [11715] time: [2085]
num vars: 15217
STATS - lpIterations[354] lagIterations[1] sspIterations[1] numSeparations[3027] numCuts[0] compileTime[0] sspSolveTime[0] lpSolveTime[2077] lb[779.276] ub[793.65] size: [11722] time: [2091]
num vars: 15244
STATS - lpIterations[355] lagIterations[1] sspIterations[1] numSeparations[3033] numCuts[0] compileTime[0] sspSolveTime[0] lpSolveTime[2083] lb[779.303] ub[793.65] size: [11743] time: [2097]
num vars: 15234
STATS - lpIterations[356] lagIterations[1] sspIterations[1] numSeparations[3050] numCuts[0] compileTime[0] sspSolveTime[0] lpSolveTime[2090] lb[779.33] ub[793.65] size: [11768] time: [2104]
num vars: 15240
STATS - lpIterations[357] lagIterations[1] sspIterations[1] numSeparations[3064] numCuts[0] compileTime[0] sspSolveTime[0] lpSolveTime[2096] lb[779.401] ub[793.65] size: [11793] time: [2110]
num vars: 15222
STATS - lpIterations[358] lagIterations[1] sspIterations[1] numSeparations[3080] numCuts[0] compileTime[0] sspSolveTime[0] lpSolveTime[2102] lb[779.454] ub[793.65] size: [11828] time: [2116]
num vars: 15225
STATS - lpIterations[359] lagIterations[1] sspIterations[1] numSeparations[3095] numCuts[0] compileTime[0] sspSolveTime[0] lpSolveTime[2108] lb[779.511] ub[793.65] size: [11849] time: [2122]
num vars: 15195
STATS - lpIterations[360] lagIterations[1] sspIterations[1] numSeparations[3110] numCuts[0] compileTime[0] sspSolveTime[0] lpSolveTime[2114] lb[779.558] ub[793.65] size: [11868] time: [2129]
num vars: 15152
STATS - lpIterations[361] lagIterations[1] sspIterations[1] numSeparations[3123] numCuts[0] compileTime[0] sspSolveTime[0] lpSolveTime[2121] lb[779.629] ub[793.65] size: [11885] time: [2135]
num vars: 15149
STATS - lpIterations[362] lagIterations[1] sspIterations[1] numSeparations[3132] numCuts[0] compileTime[0] sspSolveTime[0] lpSolveTime[2127] lb[779.643] ub[793.65] size: [11900] time: [2141]
num vars: 15110
STATS - lpIterations[363] lagIterations[1] sspIterations[1] numSeparations[3149] numCuts[0] compileTime[0] sspSolveTime[0] lpSolveTime[2133] lb[779.727] ub[793.65] size: [11922] time: [2148]
num vars: 15064
STATS - lpIterations[364] lagIterations[1] sspIterations[1] numSeparations[3165] numCuts[0] compileTime[0] sspSolveTime[0] lpSolveTime[2139] lb[779.771] ub[793.65] size: [11945] time: [2154]
num vars: 15068
STATS - lpIterations[365] lagIterations[1] sspIterations[1] numSeparations[3181] numCuts[0] compileTime[0] sspSolveTime[0] lpSolveTime[2145] lb[779.814] ub[793.65] size: [11968] time: [2160]
num vars: 15096
STATS - lpIterations[366] lagIterations[1] sspIterations[1] numSeparations[3201] numCuts[0] compileTime[0] sspSolveTime[0] lpSolveTime[2151] lb[779.873] ub[793.65] size: [12003] time: [2166]
num vars: 15344
STATS - lpIterations[367] lagIterations[1] sspIterations[1] numSeparations[3213] numCuts[0] compileTime[0] sspSolveTime[0] lpSolveTime[2158] lb[779.951] ub[793.65] size: [12018] time: [2173]
num vars: 15339
STATS - lpIterations[368] lagIterations[1] sspIterations[1] numSeparations[3227] numCuts[0] compileTime[0] sspSolveTime[0] lpSolveTime[2164] lb[779.997] ub[793.65] size: [12048] time: [2179]
num vars: 15253
STATS - lpIterations[369] lagIterations[1] sspIterations[1] numSeparations[3243] numCuts[0] compileTime[0] sspSolveTime[0] lpSolveTime[2170] lb[780.053] ub[793.65] size: [12073] time: [2186]
num vars: 15297
STATS - lpIterations[370] lagIterations[1] sspIterations[1] numSeparations[3257] numCuts[0] compileTime[0] sspSolveTime[0] lpSolveTime[2177] lb[780.106] ub[793.65] size: [12090] time: [2192]
num vars: 15295
STATS - lpIterations[371] lagIterations[1] sspIterations[1] numSeparations[3273] numCuts[0] compileTime[0] sspSolveTime[0] lpSolveTime[2183] lb[780.108] ub[793.65] size: [12129] time: [2198]
num vars: 15255
STATS - lpIterations[372] lagIterations[1] sspIterations[1] numSeparations[3274] numCuts[0] compileTime[0] sspSolveTime[0] lpSolveTime[2189] lb[780.137] ub[793.65] size: [12132] time: [2204]
num vars: 15337
STATS - lpIterations[373] lagIterations[1] sspIterations[1] numSeparations[3288] numCuts[0] compileTime[0] sspSolveTime[0] lpSolveTime[2196] lb[780.224] ub[793.65] size: [12160] time: [2211]
num vars: 15284
STATS - lpIterations[374] lagIterations[1] sspIterations[1] numSeparations[3302] numCuts[0] compileTime[0] sspSolveTime[0] lpSolveTime[2202] lb[780.245] ub[793.65] size: [12181] time: [2217]
num vars: 15318
STATS - lpIterations[375] lagIterations[1] sspIterations[1] numSeparations[3312] numCuts[0] compileTime[0] sspSolveTime[0] lpSolveTime[2208] lb[780.262] ub[793.65] size: [12214] time: [2224]
num vars: 15314
STATS - lpIterations[376] lagIterations[1] sspIterations[1] numSeparations[3319] numCuts[0] compileTime[0] sspSolveTime[0] lpSolveTime[2215] lb[780.302] ub[793.65] size: [12233] time: [2230]
num vars: 15297
STATS - lpIterations[377] lagIterations[1] sspIterations[1] numSeparations[3325] numCuts[0] compileTime[0] sspSolveTime[0] lpSolveTime[2222] lb[780.314] ub[793.65] size: [12239] time: [2238]
num vars: 15347
STATS - lpIterations[378] lagIterations[1] sspIterations[1] numSeparations[3339] numCuts[0] compileTime[0] sspSolveTime[0] lpSolveTime[2228] lb[780.335] ub[793.65] size: [12289] time: [2244]
num vars: 15381
STATS - lpIterations[379] lagIterations[1] sspIterations[1] numSeparations[3348] numCuts[0] compileTime[0] sspSolveTime[0] lpSolveTime[2235] lb[780.361] ub[793.65] size: [12314] time: [2251]
num vars: 15441
STATS - lpIterations[380] lagIterations[1] sspIterations[1] numSeparations[3363] numCuts[0] compileTime[0] sspSolveTime[0] lpSolveTime[2241] lb[780.393] ub[793.65] size: [12357] time: [2257]
num vars: 15478
STATS - lpIterations[381] lagIterations[1] sspIterations[1] numSeparations[3374] numCuts[0] compileTime[0] sspSolveTime[0] lpSolveTime[2248] lb[780.422] ub[793.65] size: [12384] time: [2264]
num vars: 15409
STATS - lpIterations[382] lagIterations[1] sspIterations[1] numSeparations[3390] numCuts[0] compileTime[0] sspSolveTime[0] lpSolveTime[2255] lb[780.471] ub[793.65] size: [12407] time: [2271]
num vars: 15392
STATS - lpIterations[383] lagIterations[1] sspIterations[1] numSeparations[3402] numCuts[0] compileTime[0] sspSolveTime[0] lpSolveTime[2261] lb[780.515] ub[793.65] size: [12425] time: [2277]
num vars: 15413
STATS - lpIterations[384] lagIterations[1] sspIterations[1] numSeparations[3416] numCuts[0] compileTime[0] sspSolveTime[0] lpSolveTime[2268] lb[780.544] ub[793.65] size: [12454] time: [2284]
num vars: 15418
STATS - lpIterations[385] lagIterations[1] sspIterations[1] numSeparations[3429] numCuts[0] compileTime[0] sspSolveTime[0] lpSolveTime[2275] lb[780.577] ub[793.65] size: [12479] time: [2291]
num vars: 15408
STATS - lpIterations[386] lagIterations[1] sspIterations[1] numSeparations[3446] numCuts[0] compileTime[0] sspSolveTime[0] lpSolveTime[2281] lb[780.614] ub[793.65] size: [12511] time: [2297]
num vars: 15396
STATS - lpIterations[387] lagIterations[1] sspIterations[1] numSeparations[3462] numCuts[0] compileTime[0] sspSolveTime[0] lpSolveTime[2288] lb[780.66] ub[793.65] size: [12538] time: [2305]
num vars: 15343
STATS - lpIterations[388] lagIterations[1] sspIterations[1] numSeparations[3476] numCuts[0] compileTime[0] sspSolveTime[0] lpSolveTime[2295] lb[780.689] ub[793.65] size: [12555] time: [2312]
num vars: 15333
STATS - lpIterations[389] lagIterations[1] sspIterations[1] numSeparations[3479] numCuts[0] compileTime[0] sspSolveTime[0] lpSolveTime[2302] lb[780.714] ub[793.65] size: [12564] time: [2318]
num vars: 15332
STATS - lpIterations[390] lagIterations[1] sspIterations[1] numSeparations[3490] numCuts[0] compileTime[0] sspSolveTime[0] lpSolveTime[2309] lb[780.752] ub[793.65] size: [12581] time: [2326]
num vars: 15364
STATS - lpIterations[391] lagIterations[1] sspIterations[1] numSeparations[3504] numCuts[0] compileTime[0] sspSolveTime[0] lpSolveTime[2316] lb[780.811] ub[793.65] size: [12604] time: [2333]
num vars: 15359
STATS - lpIterations[392] lagIterations[1] sspIterations[1] numSeparations[3514] numCuts[0] compileTime[0] sspSolveTime[0] lpSolveTime[2323] lb[780.851] ub[793.65] size: [12621] time: [2340]
num vars: 15352
STATS - lpIterations[393] lagIterations[1] sspIterations[1] numSeparations[3531] numCuts[0] compileTime[0] sspSolveTime[0] lpSolveTime[2330] lb[780.909] ub[793.65] size: [12648] time: [2346]
num vars: 15458
STATS - lpIterations[394] lagIterations[1] sspIterations[1] numSeparations[3547] numCuts[0] compileTime[0] sspSolveTime[0] lpSolveTime[2337] lb[780.93] ub[793.65] size: [12674] time: [2353]
num vars: 15382
STATS - lpIterations[395] lagIterations[1] sspIterations[1] numSeparations[3548] numCuts[0] compileTime[0] sspSolveTime[0] lpSolveTime[2343] lb[780.983] ub[793.65] size: [12675] time: [2360]
num vars: 15439
STATS - lpIterations[396] lagIterations[1] sspIterations[1] numSeparations[3563] numCuts[0] compileTime[0] sspSolveTime[0] lpSolveTime[2350] lb[781.016] ub[793.65] size: [12709] time: [2367]
num vars: 15448
STATS - lpIterations[397] lagIterations[1] sspIterations[1] numSeparations[3564] numCuts[0] compileTime[0] sspSolveTime[0] lpSolveTime[2357] lb[781.023] ub[793.65] size: [12713] time: [2374]
num vars: 15461
STATS - lpIterations[398] lagIterations[1] sspIterations[1] numSeparations[3580] numCuts[0] compileTime[0] sspSolveTime[0] lpSolveTime[2364] lb[781.051] ub[793.65] size: [12748] time: [2381]
num vars: 15430
STATS - lpIterations[399] lagIterations[1] sspIterations[1] numSeparations[3588] numCuts[0] compileTime[0] sspSolveTime[0] lpSolveTime[2371] lb[781.103] ub[793.65] size: [12768] time: [2388]
num vars: 15430
STATS - lpIterations[400] lagIterations[1] sspIterations[1] numSeparations[3600] numCuts[0] compileTime[0] sspSolveTime[0] lpSolveTime[2378] lb[781.103] ub[793.65] size: [12782] time: [2395]
num vars: 15414
STATS - lpIterations[401] lagIterations[1] sspIterations[1] numSeparations[3601] numCuts[0] compileTime[0] sspSolveTime[0] lpSolveTime[2385] lb[781.13] ub[793.65] size: [12786] time: [2402]
num vars: 15393
STATS - lpIterations[402] lagIterations[1] sspIterations[1] numSeparations[3610] numCuts[0] compileTime[0] sspSolveTime[0] lpSolveTime[2392] lb[781.158] ub[793.65] size: [12795] time: [2409]
num vars: 15348
STATS - lpIterations[403] lagIterations[1] sspIterations[1] numSeparations[3625] numCuts[0] compileTime[0] sspSolveTime[0] lpSolveTime[2399] lb[781.213] ub[793.65] size: [12821] time: [2416]
num vars: 15352
STATS - lpIterations[404] lagIterations[1] sspIterations[1] numSeparations[3641] numCuts[0] compileTime[0] sspSolveTime[0] lpSolveTime[2405] lb[781.27] ub[793.65] size: [12848] time: [2423]
num vars: 15389
STATS - lpIterations[405] lagIterations[1] sspIterations[1] numSeparations[3658] numCuts[0] compileTime[0] sspSolveTime[0] lpSolveTime[2412] lb[781.309] ub[793.65] size: [12889] time: [2430]
num vars: 15373
STATS - lpIterations[406] lagIterations[1] sspIterations[1] numSeparations[3662] numCuts[0] compileTime[0] sspSolveTime[0] lpSolveTime[2419] lb[781.336] ub[793.65] size: [12898] time: [2437]
num vars: 15378
STATS - lpIterations[407] lagIterations[1] sspIterations[1] numSeparations[3677] numCuts[0] compileTime[0] sspSolveTime[0] lpSolveTime[2426] lb[781.374] ub[793.65] size: [12924] time: [2444]
num vars: 15309
STATS - lpIterations[408] lagIterations[1] sspIterations[1] numSeparations[3689] numCuts[0] compileTime[0] sspSolveTime[0] lpSolveTime[2433] lb[781.41] ub[793.65] size: [12939] time: [2451]
num vars: 15319
STATS - lpIterations[409] lagIterations[1] sspIterations[1] numSeparations[3705] numCuts[0] compileTime[0] sspSolveTime[0] lpSolveTime[2440] lb[781.468] ub[793.65] size: [12978] time: [2458]
num vars: 15332
STATS - lpIterations[410] lagIterations[1] sspIterations[1] numSeparations[3721] numCuts[0] compileTime[0] sspSolveTime[0] lpSolveTime[2447] lb[781.513] ub[793.65] size: [13005] time: [2465]
num vars: 15332
STATS - lpIterations[411] lagIterations[1] sspIterations[1] numSeparations[3739] numCuts[0] compileTime[0] sspSolveTime[0] lpSolveTime[2454] lb[781.592] ub[793.65] size: [13050] time: [2472]
num vars: 15306
STATS - lpIterations[412] lagIterations[1] sspIterations[1] numSeparations[3747] numCuts[0] compileTime[0] sspSolveTime[0] lpSolveTime[2461] lb[781.62] ub[793.65] size: [13062] time: [2479]
num vars: 15304
STATS - lpIterations[413] lagIterations[1] sspIterations[1] numSeparations[3762] numCuts[0] compileTime[0] sspSolveTime[0] lpSolveTime[2468] lb[781.663] ub[793.65] size: [13091] time: [2486]
num vars: 15279
STATS - lpIterations[414] lagIterations[1] sspIterations[1] numSeparations[3777] numCuts[0] compileTime[0] sspSolveTime[0] lpSolveTime[2475] lb[781.698] ub[793.65] size: [13115] time: [2493]
num vars: 15335
STATS - lpIterations[415] lagIterations[1] sspIterations[1] numSeparations[3793] numCuts[0] compileTime[0] sspSolveTime[0] lpSolveTime[2481] lb[781.734] ub[793.65] size: [13141] time: [2499]
num vars: 15339
STATS - lpIterations[416] lagIterations[1] sspIterations[1] numSeparations[3806] numCuts[0] compileTime[0] sspSolveTime[0] lpSolveTime[2488] lb[781.748] ub[793.65] size: [13173] time: [2506]
num vars: 15358
STATS - lpIterations[417] lagIterations[1] sspIterations[1] numSeparations[3819] numCuts[0] compileTime[0] sspSolveTime[0] lpSolveTime[2495] lb[781.796] ub[793.65] size: [13194] time: [2513]
num vars: 15306
STATS - lpIterations[418] lagIterations[1] sspIterations[1] numSeparations[3835] numCuts[0] compileTime[0] sspSolveTime[0] lpSolveTime[2502] lb[781.846] ub[793.65] size: [13216] time: [2520]
num vars: 15277
STATS - lpIterations[419] lagIterations[1] sspIterations[1] numSeparations[3839] numCuts[0] compileTime[0] sspSolveTime[0] lpSolveTime[2509] lb[781.858] ub[793.65] size: [13226] time: [2528]
num vars: 15316
STATS - lpIterations[420] lagIterations[1] sspIterations[1] numSeparations[3854] numCuts[0] compileTime[0] sspSolveTime[0] lpSolveTime[2516] lb[781.875] ub[793.65] size: [13255] time: [2535]
num vars: 15264
STATS - lpIterations[421] lagIterations[1] sspIterations[1] numSeparations[3871] numCuts[0] compileTime[0] sspSolveTime[0] lpSolveTime[2523] lb[781.907] ub[793.65] size: [13283] time: [2542]
num vars: 15221
STATS - lpIterations[422] lagIterations[1] sspIterations[1] numSeparations[3872] numCuts[0] compileTime[0] sspSolveTime[0] lpSolveTime[2530] lb[781.94] ub[793.65] size: [13285] time: [2549]
num vars: 15249
STATS - lpIterations[423] lagIterations[1] sspIterations[1] numSeparations[3873] numCuts[0] compileTime[0] sspSolveTime[0] lpSolveTime[2537] lb[781.952] ub[793.65] size: [13287] time: [2556]
num vars: 15238
STATS - lpIterations[424] lagIterations[1] sspIterations[1] numSeparations[3888] numCuts[0] compileTime[0] sspSolveTime[0] lpSolveTime[2545] lb[782.01] ub[793.65] size: [13320] time: [2564]
num vars: 15156
STATS - lpIterations[425] lagIterations[1] sspIterations[1] numSeparations[3906] numCuts[0] compileTime[0] sspSolveTime[0] lpSolveTime[2552] lb[782.084] ub[793.65] size: [13339] time: [2571]
num vars: 15157
STATS - lpIterations[426] lagIterations[1] sspIterations[1] numSeparations[3914] numCuts[0] compileTime[0] sspSolveTime[0] lpSolveTime[2559] lb[782.108] ub[793.65] size: [13353] time: [2578]
num vars: 15125
STATS - lpIterations[427] lagIterations[1] sspIterations[1] numSeparations[3928] numCuts[0] compileTime[0] sspSolveTime[0] lpSolveTime[2566] lb[782.168] ub[793.65] size: [13378] time: [2585]
num vars: 15092
STATS - lpIterations[428] lagIterations[1] sspIterations[1] numSeparations[3942] numCuts[0] compileTime[0] sspSolveTime[0] lpSolveTime[2574] lb[782.208] ub[793.65] size: [13396] time: [2593]
num vars: 15089
STATS - lpIterations[429] lagIterations[1] sspIterations[1] numSeparations[3957] numCuts[0] compileTime[0] sspSolveTime[0] lpSolveTime[2581] lb[782.29] ub[793.65] size: [13408] time: [2600]
num vars: 15095
STATS - lpIterations[430] lagIterations[1] sspIterations[1] numSeparations[3975] numCuts[0] compileTime[0] sspSolveTime[0] lpSolveTime[2588] lb[782.342] ub[793.65] size: [13442] time: [2607]
num vars: 15129
STATS - lpIterations[431] lagIterations[1] sspIterations[1] numSeparations[3989] numCuts[0] compileTime[0] sspSolveTime[0] lpSolveTime[2595] lb[782.357] ub[793.65] size: [13479] time: [2615]
num vars: 15117
STATS - lpIterations[432] lagIterations[1] sspIterations[1] numSeparations[4004] numCuts[0] compileTime[0] sspSolveTime[0] lpSolveTime[2603] lb[782.388] ub[793.65] size: [13495] time: [2622]
num vars: 15112
STATS - lpIterations[433] lagIterations[1] sspIterations[1] numSeparations[4007] numCuts[0] compileTime[0] sspSolveTime[0] lpSolveTime[2611] lb[782.413] ub[793.65] size: [13502] time: [2631]
num vars: 15124
STATS - lpIterations[434] lagIterations[1] sspIterations[1] numSeparations[4023] numCuts[0] compileTime[0] sspSolveTime[0] lpSolveTime[2619] lb[782.434] ub[793.65] size: [13530] time: [2639]
num vars: 15134
STATS - lpIterations[435] lagIterations[1] sspIterations[1] numSeparations[4039] numCuts[0] compileTime[0] sspSolveTime[0] lpSolveTime[2626] lb[782.46] ub[793.65] size: [13548] time: [2646]
num vars: 15081
STATS - lpIterations[436] lagIterations[1] sspIterations[1] numSeparations[4055] numCuts[0] compileTime[0] sspSolveTime[0] lpSolveTime[2634] lb[782.503] ub[793.65] size: [13580] time: [2654]
num vars: 15042
STATS - lpIterations[437] lagIterations[1] sspIterations[1] numSeparations[4071] numCuts[0] compileTime[0] sspSolveTime[0] lpSolveTime[2642] lb[782.558] ub[793.65] size: [13600] time: [2661]
num vars: 15018
STATS - lpIterations[438] lagIterations[1] sspIterations[1] numSeparations[4083] numCuts[0] compileTime[0] sspSolveTime[0] lpSolveTime[2648] lb[782.578] ub[793.65] size: [13620] time: [2668]
num vars: 15055
STATS - lpIterations[439] lagIterations[1] sspIterations[1] numSeparations[4095] numCuts[0] compileTime[0] sspSolveTime[0] lpSolveTime[2655] lb[782.59] ub[793.65] size: [13645] time: [2675]
num vars: 15024
STATS - lpIterations[440] lagIterations[1] sspIterations[1] numSeparations[4097] numCuts[0] compileTime[0] sspSolveTime[0] lpSolveTime[2662] lb[782.625] ub[793.65] size: [13650] time: [2682]
num vars: 15033
STATS - lpIterations[441] lagIterations[1] sspIterations[1] numSeparations[4106] numCuts[0] compileTime[0] sspSolveTime[0] lpSolveTime[2669] lb[782.659] ub[793.65] size: [13665] time: [2690]
num vars: 15032
STATS - lpIterations[442] lagIterations[1] sspIterations[1] numSeparations[4122] numCuts[0] compileTime[0] sspSolveTime[0] lpSolveTime[2677] lb[782.713] ub[793.65] size: [13694] time: [2697]
num vars: 15004
STATS - lpIterations[443] lagIterations[1] sspIterations[1] numSeparations[4131] numCuts[0] compileTime[0] sspSolveTime[0] lpSolveTime[2685] lb[782.736] ub[793.65] size: [13707] time: [2705]
num vars: 14989
STATS - lpIterations[444] lagIterations[1] sspIterations[1] numSeparations[4147] numCuts[0] compileTime[0] sspSolveTime[0] lpSolveTime[2692] lb[782.786] ub[793.65] size: [13729] time: [2712]
num vars: 15019
STATS - lpIterations[445] lagIterations[1] sspIterations[1] numSeparations[4155] numCuts[0] compileTime[0] sspSolveTime[0] lpSolveTime[2699] lb[782.825] ub[793.65] size: [13746] time: [2719]
num vars: 15013
STATS - lpIterations[446] lagIterations[1] sspIterations[1] numSeparations[4172] numCuts[0] compileTime[0] sspSolveTime[0] lpSolveTime[2707] lb[782.891] ub[793.65] size: [13780] time: [2727]
num vars: 14977
STATS - lpIterations[447] lagIterations[1] sspIterations[1] numSeparations[4188] numCuts[0] compileTime[0] sspSolveTime[0] lpSolveTime[2714] lb[782.939] ub[793.65] size: [13814] time: [2735]
num vars: 14915
STATS - lpIterations[448] lagIterations[1] sspIterations[1] numSeparations[4208] numCuts[0] compileTime[0] sspSolveTime[0] lpSolveTime[2721] lb[782.995] ub[793.65] size: [13844] time: [2742]
num vars: 14940
STATS - lpIterations[449] lagIterations[1] sspIterations[1] numSeparations[4222] numCuts[0] compileTime[0] sspSolveTime[0] lpSolveTime[2728] lb[783.061] ub[793.65] size: [13881] time: [2749]
num vars: 14908
STATS - lpIterations[450] lagIterations[1] sspIterations[1] numSeparations[4234] numCuts[0] compileTime[0] sspSolveTime[0] lpSolveTime[2735] lb[783.103] ub[793.65] size: [13898] time: [2756]
num vars: 14889
STATS - lpIterations[451] lagIterations[1] sspIterations[1] numSeparations[4248] numCuts[0] compileTime[0] sspSolveTime[0] lpSolveTime[2742] lb[783.126] ub[793.65] size: [13914] time: [2763]
num vars: 14905
STATS - lpIterations[452] lagIterations[1] sspIterations[1] numSeparations[4249] numCuts[0] compileTime[0] sspSolveTime[0] lpSolveTime[2749] lb[783.138] ub[793.65] size: [13917] time: [2770]
num vars: 14880
STATS - lpIterations[453] lagIterations[1] sspIterations[1] numSeparations[4256] numCuts[0] compileTime[0] sspSolveTime[0] lpSolveTime[2757] lb[783.155] ub[793.65] size: [13922] time: [2778]
num vars: 14881
STATS - lpIterations[454] lagIterations[1] sspIterations[1] numSeparations[4271] numCuts[0] compileTime[0] sspSolveTime[0] lpSolveTime[2764] lb[783.201] ub[793.65] size: [13963] time: [2784]
num vars: 14911
STATS - lpIterations[455] lagIterations[1] sspIterations[1] numSeparations[4286] numCuts[0] compileTime[0] sspSolveTime[0] lpSolveTime[2770] lb[783.229] ub[793.65] size: [13992] time: [2792]
num vars: 14905
STATS - lpIterations[456] lagIterations[1] sspIterations[1] numSeparations[4298] numCuts[0] compileTime[0] sspSolveTime[0] lpSolveTime[2777] lb[783.235] ub[793.65] size: [14021] time: [2799]
num vars: 14926
STATS - lpIterations[457] lagIterations[1] sspIterations[1] numSeparations[4299] numCuts[0] compileTime[0] sspSolveTime[0] lpSolveTime[2785] lb[783.271] ub[793.65] size: [14024] time: [2806]
num vars: 14933
STATS - lpIterations[458] lagIterations[1] sspIterations[1] numSeparations[4312] numCuts[0] compileTime[0] sspSolveTime[0] lpSolveTime[2792] lb[783.294] ub[793.65] size: [14053] time: [2813]
num vars: 14947
STATS - lpIterations[459] lagIterations[1] sspIterations[1] numSeparations[4324] numCuts[0] compileTime[0] sspSolveTime[0] lpSolveTime[2799] lb[783.321] ub[793.65] size: [14077] time: [2820]
num vars: 14942
STATS - lpIterations[460] lagIterations[1] sspIterations[1] numSeparations[4325] numCuts[0] compileTime[0] sspSolveTime[0] lpSolveTime[2806] lb[783.333] ub[793.65] size: [14080] time: [2827]
num vars: 14935
STATS - lpIterations[461] lagIterations[1] sspIterations[1] numSeparations[4340] numCuts[0] compileTime[0] sspSolveTime[0] lpSolveTime[2813] lb[783.362] ub[793.65] size: [14104] time: [2835]
num vars: 14942
STATS - lpIterations[462] lagIterations[1] sspIterations[1] numSeparations[4354] numCuts[0] compileTime[0] sspSolveTime[0] lpSolveTime[2821] lb[783.412] ub[793.65] size: [14131] time: [2843]
num vars: 14901
STATS - lpIterations[463] lagIterations[1] sspIterations[1] numSeparations[4370] numCuts[0] compileTime[0] sspSolveTime[0] lpSolveTime[2828] lb[783.44] ub[793.65] size: [14159] time: [2850]
num vars: 14909
STATS - lpIterations[464] lagIterations[1] sspIterations[1] numSeparations[4386] numCuts[0] compileTime[0] sspSolveTime[0] lpSolveTime[2836] lb[783.48] ub[793.65] size: [14190] time: [2858]
num vars: 14891
STATS - lpIterations[465] lagIterations[1] sspIterations[1] numSeparations[4402] numCuts[0] compileTime[0] sspSolveTime[0] lpSolveTime[2844] lb[783.516] ub[793.65] size: [14219] time: [2866]
num vars: 14900
STATS - lpIterations[466] lagIterations[1] sspIterations[1] numSeparations[4416] numCuts[0] compileTime[0] sspSolveTime[0] lpSolveTime[2852] lb[783.547] ub[793.65] size: [14244] time: [2874]
num vars: 14754
STATS - lpIterations[467] lagIterations[1] sspIterations[1] numSeparations[4431] numCuts[0] compileTime[0] sspSolveTime[0] lpSolveTime[2859] lb[783.588] ub[793.65] size: [14271] time: [2881]
num vars: 14708
STATS - lpIterations[468] lagIterations[1] sspIterations[1] numSeparations[4445] numCuts[0] compileTime[0] sspSolveTime[0] lpSolveTime[2867] lb[783.601] ub[793.65] size: [14288] time: [2889]
num vars: 14686
STATS - lpIterations[469] lagIterations[1] sspIterations[1] numSeparations[4464] numCuts[0] compileTime[0] sspSolveTime[0] lpSolveTime[2874] lb[783.649] ub[793.65] size: [14324] time: [2897]
num vars: 14816
STATS - lpIterations[470] lagIterations[1] sspIterations[1] numSeparations[4475] numCuts[0] compileTime[0] sspSolveTime[0] lpSolveTime[2882] lb[783.681] ub[793.65] size: [14339] time: [2904]
num vars: 14806
STATS - lpIterations[471] lagIterations[1] sspIterations[1] numSeparations[4488] numCuts[0] compileTime[0] sspSolveTime[0] lpSolveTime[2889] lb[783.72] ub[793.65] size: [14360] time: [2911]
num vars: 14853
STATS - lpIterations[472] lagIterations[1] sspIterations[1] numSeparations[4503] numCuts[0] compileTime[0] sspSolveTime[0] lpSolveTime[2897] lb[783.761] ub[793.65] size: [14386] time: [2919]
num vars: 14808
STATS - lpIterations[473] lagIterations[1] sspIterations[1] numSeparations[4518] numCuts[0] compileTime[0] sspSolveTime[0] lpSolveTime[2904] lb[783.791] ub[793.65] size: [14404] time: [2927]
num vars: 14814
STATS - lpIterations[474] lagIterations[1] sspIterations[1] numSeparations[4522] numCuts[0] compileTime[0] sspSolveTime[0] lpSolveTime[2912] lb[783.804] ub[793.65] size: [14419] time: [2934]
num vars: 14694
STATS - lpIterations[475] lagIterations[1] sspIterations[1] numSeparations[4537] numCuts[0] compileTime[0] sspSolveTime[0] lpSolveTime[2920] lb[783.836] ub[793.65] size: [14442] time: [2942]
num vars: 14802
STATS - lpIterations[476] lagIterations[1] sspIterations[1] numSeparations[4550] numCuts[0] compileTime[0] sspSolveTime[0] lpSolveTime[2927] lb[783.895] ub[793.65] size: [14463] time: [2950]
num vars: 14716
STATS - lpIterations[477] lagIterations[1] sspIterations[1] numSeparations[4565] numCuts[0] compileTime[0] sspSolveTime[0] lpSolveTime[2935] lb[783.948] ub[793.65] size: [14478] time: [2958]
num vars: 14609
STATS - lpIterations[478] lagIterations[1] sspIterations[1] numSeparations[4566] numCuts[0] compileTime[0] sspSolveTime[0] lpSolveTime[2942] lb[783.954] ub[793.65] size: [14479] time: [2965]
num vars: 14585
STATS - lpIterations[479] lagIterations[1] sspIterations[1] numSeparations[4580] numCuts[0] compileTime[0] sspSolveTime[0] lpSolveTime[2950] lb[783.988] ub[793.65] size: [14505] time: [2972]
num vars: 14631
STATS - lpIterations[480] lagIterations[1] sspIterations[1] numSeparations[4600] numCuts[0] compileTime[0] sspSolveTime[0] lpSolveTime[2957] lb[784.028] ub[793.65] size: [14551] time: [2980]
num vars: 14798
STATS - lpIterations[481] lagIterations[1] sspIterations[1] numSeparations[4611] numCuts[0] compileTime[0] sspSolveTime[0] lpSolveTime[2964] lb[784.051] ub[793.65] size: [14573] time: [2987]
num vars: 14614
STATS - lpIterations[482] lagIterations[1] sspIterations[1] numSeparations[4619] numCuts[0] compileTime[0] sspSolveTime[0] lpSolveTime[2971] lb[784.078] ub[793.65] size: [14590] time: [2994]
num vars: 14561
STATS - lpIterations[483] lagIterations[1] sspIterations[1] numSeparations[4630] numCuts[0] compileTime[0] sspSolveTime[0] lpSolveTime[2978] lb[784.097] ub[793.65] size: [14610] time: [3001]
num vars: 14516
STATS - lpIterations[484] lagIterations[1] sspIterations[1] numSeparations[4642] numCuts[0] compileTime[0] sspSolveTime[0] lpSolveTime[2985] lb[784.119] ub[793.65] size: [14629] time: [3009]
num vars: 14531
STATS - lpIterations[485] lagIterations[1] sspIterations[1] numSeparations[4658] numCuts[0] compileTime[0] sspSolveTime[0] lpSolveTime[2992] lb[784.125] ub[793.65] size: [14659] time: [3016]
num vars: 14468
STATS - lpIterations[486] lagIterations[1] sspIterations[1] numSeparations[4659] numCuts[0] compileTime[0] sspSolveTime[0] lpSolveTime[3000] lb[784.159] ub[793.65] size: [14661] time: [3023]
num vars: 14457
STATS - lpIterations[487] lagIterations[1] sspIterations[1] numSeparations[4660] numCuts[0] compileTime[0] sspSolveTime[0] lpSolveTime[3006] lb[784.194] ub[793.65] size: [14663] time: [3030]
num vars: 14491
STATS - lpIterations[488] lagIterations[1] sspIterations[1] numSeparations[4671] numCuts[0] compileTime[0] sspSolveTime[0] lpSolveTime[3013] lb[784.224] ub[793.65] size: [14678] time: [3037]
num vars: 14505
STATS - lpIterations[489] lagIterations[1] sspIterations[1] numSeparations[4687] numCuts[0] compileTime[0] sspSolveTime[0] lpSolveTime[3021] lb[784.246] ub[793.65] size: [14715] time: [3044]
num vars: 14513
STATS - lpIterations[490] lagIterations[1] sspIterations[1] numSeparations[4703] numCuts[0] compileTime[0] sspSolveTime[0] lpSolveTime[3028] lb[784.292] ub[793.65] size: [14741] time: [3052]
num vars: 14489
STATS - lpIterations[491] lagIterations[1] sspIterations[1] numSeparations[4719] numCuts[0] compileTime[0] sspSolveTime[0] lpSolveTime[3035] lb[784.344] ub[793.65] size: [14774] time: [3059]
num vars: 14402
STATS - lpIterations[492] lagIterations[1] sspIterations[1] numSeparations[4736] numCuts[0] compileTime[0] sspSolveTime[0] lpSolveTime[3041] lb[784.381] ub[793.65] size: [14794] time: [3065]
num vars: 14413
STATS - lpIterations[493] lagIterations[1] sspIterations[1] numSeparations[4749] numCuts[0] compileTime[0] sspSolveTime[0] lpSolveTime[3048] lb[784.434] ub[793.65] size: [14812] time: [3072]
num vars: 14369
STATS - lpIterations[494] lagIterations[1] sspIterations[1] numSeparations[4752] numCuts[0] compileTime[0] sspSolveTime[0] lpSolveTime[3056] lb[784.447] ub[793.65] size: [14816] time: [3080]
num vars: 14372
STATS - lpIterations[495] lagIterations[1] sspIterations[1] numSeparations[4769] numCuts[0] compileTime[0] sspSolveTime[0] lpSolveTime[3064] lb[784.485] ub[793.65] size: [14846] time: [3088]
num vars: 14338
STATS - lpIterations[496] lagIterations[1] sspIterations[1] numSeparations[4786] numCuts[0] compileTime[0] sspSolveTime[0] lpSolveTime[3072] lb[784.512] ub[793.65] size: [14882] time: [3096]
num vars: 14422
STATS - lpIterations[497] lagIterations[1] sspIterations[1] numSeparations[4803] numCuts[0] compileTime[0] sspSolveTime[0] lpSolveTime[3079] lb[784.586] ub[793.65] size: [14910] time: [3103]
num vars: 14397
STATS - lpIterations[498] lagIterations[1] sspIterations[1] numSeparations[4816] numCuts[0] compileTime[0] sspSolveTime[0] lpSolveTime[3086] lb[784.616] ub[793.65] size: [14931] time: [3110]
num vars: 14378
STATS - lpIterations[499] lagIterations[1] sspIterations[1] numSeparations[4833] numCuts[0] compileTime[0] sspSolveTime[0] lpSolveTime[3094] lb[784.649] ub[793.65] size: [14962] time: [3118]
num vars: 14332
STATS - lpIterations[500] lagIterations[1] sspIterations[1] numSeparations[4847] numCuts[0] compileTime[0] sspSolveTime[0] lpSolveTime[3101] lb[784.696] ub[793.65] size: [14991] time: [3126]
num vars: 14331
STATS - lpIterations[501] lagIterations[1] sspIterations[1] numSeparations[4864] numCuts[0] compileTime[0] sspSolveTime[0] lpSolveTime[3109] lb[784.719] ub[793.65] size: [15025] time: [3134]
num vars: 14341
STATS - lpIterations[502] lagIterations[1] sspIterations[1] numSeparations[4882] numCuts[0] compileTime[0] sspSolveTime[0] lpSolveTime[3116] lb[784.748] ub[793.65] size: [15056] time: [3141]
num vars: 14331
STATS - lpIterations[503] lagIterations[1] sspIterations[1] numSeparations[4896] numCuts[0] compileTime[0] sspSolveTime[0] lpSolveTime[3123] lb[784.775] ub[793.65] size: [15082] time: [3148]
num vars: 14311
STATS - lpIterations[504] lagIterations[1] sspIterations[1] numSeparations[4912] numCuts[0] compileTime[0] sspSolveTime[0] lpSolveTime[3132] lb[784.814] ub[793.65] size: [15114] time: [3157]
num vars: 14267
STATS - lpIterations[505] lagIterations[1] sspIterations[1] numSeparations[4921] numCuts[0] compileTime[0] sspSolveTime[0] lpSolveTime[3139] lb[784.829] ub[793.65] size: [15123] time: [3164]
num vars: 14240
STATS - lpIterations[506] lagIterations[1] sspIterations[1] numSeparations[4926] numCuts[0] compileTime[0] sspSolveTime[0] lpSolveTime[3147] lb[784.841] ub[793.65] size: [15129] time: [3172]
num vars: 14295
STATS - lpIterations[507] lagIterations[1] sspIterations[1] numSeparations[4946] numCuts[0] compileTime[0] sspSolveTime[0] lpSolveTime[3156] lb[784.875] ub[793.65] size: [15172] time: [3181]
num vars: 14272
STATS - lpIterations[508] lagIterations[1] sspIterations[1] numSeparations[4952] numCuts[0] compileTime[0] sspSolveTime[0] lpSolveTime[3163] lb[784.894] ub[793.65] size: [15180] time: [3188]
num vars: 14267
STATS - lpIterations[509] lagIterations[1] sspIterations[1] numSeparations[4969] numCuts[0] compileTime[0] sspSolveTime[0] lpSolveTime[3171] lb[784.921] ub[793.65] size: [15205] time: [3196]
num vars: 14288
STATS - lpIterations[510] lagIterations[1] sspIterations[1] numSeparations[4986] numCuts[0] compileTime[0] sspSolveTime[0] lpSolveTime[3178] lb[784.962] ub[793.65] size: [15242] time: [3204]
num vars: 14303
STATS - lpIterations[511] lagIterations[1] sspIterations[1] numSeparations[4998] numCuts[0] compileTime[0] sspSolveTime[0] lpSolveTime[3186] lb[784.985] ub[793.65] size: [15269] time: [3212]
num vars: 14306
STATS - lpIterations[512] lagIterations[1] sspIterations[1] numSeparations[5012] numCuts[0] compileTime[0] sspSolveTime[0] lpSolveTime[3194] lb[785.02] ub[793.65] size: [15299] time: [3219]
num vars: 14273
STATS - lpIterations[513] lagIterations[1] sspIterations[1] numSeparations[5029] numCuts[0] compileTime[0] sspSolveTime[0] lpSolveTime[3202] lb[785.055] ub[793.65] size: [15332] time: [3228]
num vars: 14236
STATS - lpIterations[514] lagIterations[1] sspIterations[1] numSeparations[5049] numCuts[0] compileTime[0] sspSolveTime[0] lpSolveTime[3210] lb[785.09] ub[793.65] size: [15357] time: [3236]
num vars: 14263
STATS - lpIterations[515] lagIterations[1] sspIterations[1] numSeparations[5064] numCuts[0] compileTime[0] sspSolveTime[0] lpSolveTime[3217] lb[785.128] ub[793.65] size: [15389] time: [3243]
num vars: 14222
STATS - lpIterations[516] lagIterations[1] sspIterations[1] numSeparations[5082] numCuts[0] compileTime[0] sspSolveTime[0] lpSolveTime[3224] lb[785.161] ub[793.65] size: [15418] time: [3250]
num vars: 14207
STATS - lpIterations[517] lagIterations[1] sspIterations[1] numSeparations[5095] numCuts[0] compileTime[0] sspSolveTime[0] lpSolveTime[3231] lb[785.19] ub[793.65] size: [15444] time: [3257]
num vars: 14201
STATS - lpIterations[518] lagIterations[1] sspIterations[1] numSeparations[5108] numCuts[0] compileTime[0] sspSolveTime[0] lpSolveTime[3238] lb[785.228] ub[793.65] size: [15464] time: [3264]
num vars: 14223
STATS - lpIterations[519] lagIterations[1] sspIterations[1] numSeparations[5119] numCuts[0] compileTime[0] sspSolveTime[0] lpSolveTime[3245] lb[785.25] ub[793.65] size: [15482] time: [3271]
num vars: 14177
STATS - lpIterations[520] lagIterations[1] sspIterations[1] numSeparations[5136] numCuts[0] compileTime[0] sspSolveTime[0] lpSolveTime[3252] lb[785.282] ub[793.65] size: [15518] time: [3278]
num vars: 14191
STATS - lpIterations[521] lagIterations[1] sspIterations[1] numSeparations[5152] numCuts[0] compileTime[0] sspSolveTime[0] lpSolveTime[3259] lb[785.313] ub[793.65] size: [15558] time: [3285]
num vars: 14173
STATS - lpIterations[522] lagIterations[1] sspIterations[1] numSeparations[5169] numCuts[0] compileTime[0] sspSolveTime[0] lpSolveTime[3266] lb[785.369] ub[793.65] size: [15593] time: [3292]
num vars: 14083
STATS - lpIterations[523] lagIterations[1] sspIterations[1] numSeparations[5185] numCuts[0] compileTime[0] sspSolveTime[0] lpSolveTime[3273] lb[785.409] ub[793.65] size: [15626] time: [3300]
num vars: 14063
STATS - lpIterations[524] lagIterations[1] sspIterations[1] numSeparations[5201] numCuts[0] compileTime[0] sspSolveTime[0] lpSolveTime[3280] lb[785.449] ub[793.65] size: [15662] time: [3307]
num vars: 14097
STATS - lpIterations[525] lagIterations[1] sspIterations[1] numSeparations[5219] numCuts[0] compileTime[0] sspSolveTime[0] lpSolveTime[3287] lb[785.498] ub[793.65] size: [15696] time: [3314]
num vars: 14087
STATS - lpIterations[526] lagIterations[1] sspIterations[1] numSeparations[5233] numCuts[0] compileTime[0] sspSolveTime[0] lpSolveTime[3294] lb[785.524] ub[793.65] size: [15717] time: [3320]
num vars: 14019
STATS - lpIterations[527] lagIterations[1] sspIterations[1] numSeparations[5247] numCuts[0] compileTime[0] sspSolveTime[0] lpSolveTime[3300] lb[785.559] ub[793.65] size: [15737] time: [3327]
num vars: 14065
STATS - lpIterations[528] lagIterations[1] sspIterations[1] numSeparations[5263] numCuts[0] compileTime[0] sspSolveTime[0] lpSolveTime[3307] lb[785.571] ub[793.65] size: [15772] time: [3333]
num vars: 14009
STATS - lpIterations[529] lagIterations[1] sspIterations[1] numSeparations[5264] numCuts[0] compileTime[0] sspSolveTime[0] lpSolveTime[3313] lb[785.587] ub[793.65] size: [15773] time: [3340]
num vars: 14009
STATS - lpIterations[530] lagIterations[1] sspIterations[1] numSeparations[5280] numCuts[0] compileTime[0] sspSolveTime[0] lpSolveTime[3319] lb[785.627] ub[793.65] size: [15794] time: [3346]
num vars: 14008
STATS - lpIterations[531] lagIterations[1] sspIterations[1] numSeparations[5295] numCuts[0] compileTime[0] sspSolveTime[0] lpSolveTime[3326] lb[785.682] ub[793.65] size: [15818] time: [3353]
num vars: 14013
STATS - lpIterations[532] lagIterations[1] sspIterations[1] numSeparations[5311] numCuts[0] compileTime[0] sspSolveTime[0] lpSolveTime[3332] lb[785.706] ub[793.65] size: [15857] time: [3359]
num vars: 13973
STATS - lpIterations[533] lagIterations[1] sspIterations[1] numSeparations[5328] numCuts[0] compileTime[0] sspSolveTime[0] lpSolveTime[3339] lb[785.741] ub[793.65] size: [15879] time: [3366]
num vars: 13945
STATS - lpIterations[534] lagIterations[1] sspIterations[1] numSeparations[5344] numCuts[0] compileTime[0] sspSolveTime[0] lpSolveTime[3345] lb[785.777] ub[793.65] size: [15908] time: [3373]
num vars: 13942
STATS - lpIterations[535] lagIterations[1] sspIterations[1] numSeparations[5363] numCuts[0] compileTime[0] sspSolveTime[0] lpSolveTime[3351] lb[785.828] ub[793.65] size: [15945] time: [3379]
num vars: 13907
STATS - lpIterations[536] lagIterations[1] sspIterations[1] numSeparations[5377] numCuts[0] compileTime[0] sspSolveTime[0] lpSolveTime[3357] lb[785.859] ub[793.65] size: [15990] time: [3384]
num vars: 13902
STATS - lpIterations[537] lagIterations[1] sspIterations[1] numSeparations[5392] numCuts[0] compileTime[0] sspSolveTime[0] lpSolveTime[3362] lb[785.892] ub[793.65] size: [16021] time: [3390]
num vars: 13834
STATS - lpIterations[538] lagIterations[1] sspIterations[1] numSeparations[5405] numCuts[0] compileTime[0] sspSolveTime[0] lpSolveTime[3368] lb[785.934] ub[793.65] size: [16036] time: [3396]
num vars: 13891
STATS - lpIterations[539] lagIterations[1] sspIterations[1] numSeparations[5420] numCuts[0] compileTime[0] sspSolveTime[0] lpSolveTime[3374] lb[785.955] ub[793.65] size: [16069] time: [3402]
num vars: 13800
STATS - lpIterations[540] lagIterations[1] sspIterations[1] numSeparations[5437] numCuts[0] compileTime[0] sspSolveTime[0] lpSolveTime[3379] lb[786.012] ub[793.65] size: [16092] time: [3407]
num vars: 13791
STATS - lpIterations[541] lagIterations[1] sspIterations[1] numSeparations[5450] numCuts[0] compileTime[0] sspSolveTime[0] lpSolveTime[3385] lb[786.028] ub[793.65] size: [16114] time: [3413]
num vars: 13810
STATS - lpIterations[542] lagIterations[1] sspIterations[1] numSeparations[5464] numCuts[0] compileTime[0] sspSolveTime[0] lpSolveTime[3392] lb[786.073] ub[793.65] size: [16137] time: [3420]
num vars: 13819
STATS - lpIterations[543] lagIterations[1] sspIterations[1] numSeparations[5481] numCuts[0] compileTime[0] sspSolveTime[0] lpSolveTime[3398] lb[786.106] ub[793.65] size: [16158] time: [3426]
num vars: 13755
STATS - lpIterations[544] lagIterations[1] sspIterations[1] numSeparations[5497] numCuts[0] compileTime[0] sspSolveTime[0] lpSolveTime[3405] lb[786.139] ub[793.65] size: [16187] time: [3433]
num vars: 13732
STATS - lpIterations[545] lagIterations[1] sspIterations[1] numSeparations[5513] numCuts[0] compileTime[0] sspSolveTime[0] lpSolveTime[3411] lb[786.174] ub[793.65] size: [16208] time: [3439]
num vars: 13537
STATS - lpIterations[546] lagIterations[1] sspIterations[1] numSeparations[5530] numCuts[0] compileTime[0] sspSolveTime[0] lpSolveTime[3417] lb[786.23] ub[793.65] size: [16235] time: [3445]
num vars: 13563
STATS - lpIterations[547] lagIterations[1] sspIterations[1] numSeparations[5546] numCuts[0] compileTime[0] sspSolveTime[0] lpSolveTime[3423] lb[786.246] ub[793.65] size: [16265] time: [3451]
num vars: 13515
STATS - lpIterations[548] lagIterations[1] sspIterations[1] numSeparations[5562] numCuts[0] compileTime[0] sspSolveTime[0] lpSolveTime[3429] lb[786.28] ub[793.65] size: [16295] time: [3458]
num vars: 13500
STATS - lpIterations[549] lagIterations[1] sspIterations[1] numSeparations[5579] numCuts[0] compileTime[0] sspSolveTime[0] lpSolveTime[3435] lb[786.315] ub[793.65] size: [16333] time: [3464]
num vars: 13483
STATS - lpIterations[550] lagIterations[1] sspIterations[1] numSeparations[5596] numCuts[0] compileTime[0] sspSolveTime[0] lpSolveTime[3441] lb[786.35] ub[793.65] size: [16351] time: [3470]
num vars: 13437
STATS - lpIterations[551] lagIterations[1] sspIterations[1] numSeparations[5612] numCuts[0] compileTime[0] sspSolveTime[0] lpSolveTime[3447] lb[786.374] ub[793.65] size: [16384] time: [3476]
num vars: 13393
STATS - lpIterations[552] lagIterations[1] sspIterations[1] numSeparations[5613] numCuts[0] compileTime[0] sspSolveTime[0] lpSolveTime[3453] lb[786.399] ub[793.65] size: [16387] time: [3482]
num vars: 13414
STATS - lpIterations[553] lagIterations[1] sspIterations[1] numSeparations[5625] numCuts[0] compileTime[0] sspSolveTime[0] lpSolveTime[3459] lb[786.42] ub[793.65] size: [16406] time: [3488]
num vars: 13415
STATS - lpIterations[554] lagIterations[1] sspIterations[1] numSeparations[5642] numCuts[0] compileTime[0] sspSolveTime[0] lpSolveTime[3465] lb[786.459] ub[793.65] size: [16431] time: [3494]
num vars: 13397
STATS - lpIterations[555] lagIterations[1] sspIterations[1] numSeparations[5655] numCuts[0] compileTime[0] sspSolveTime[0] lpSolveTime[3471] lb[786.486] ub[793.65] size: [16452] time: [3500]
num vars: 13397
STATS - lpIterations[556] lagIterations[1] sspIterations[1] numSeparations[5670] numCuts[0] compileTime[0] sspSolveTime[0] lpSolveTime[3477] lb[786.519] ub[793.65] size: [16483] time: [3506]
num vars: 13372
STATS - lpIterations[557] lagIterations[1] sspIterations[1] numSeparations[5685] numCuts[0] compileTime[0] sspSolveTime[0] lpSolveTime[3483] lb[786.548] ub[793.65] size: [16511] time: [3512]
num vars: 13378
STATS - lpIterations[558] lagIterations[1] sspIterations[1] numSeparations[5700] numCuts[0] compileTime[0] sspSolveTime[0] lpSolveTime[3488] lb[786.579] ub[793.65] size: [16534] time: [3517]
num vars: 13376
STATS - lpIterations[559] lagIterations[1] sspIterations[1] numSeparations[5714] numCuts[0] compileTime[0] sspSolveTime[0] lpSolveTime[3494] lb[786.601] ub[793.65] size: [16558] time: [3523]
num vars: 13373
STATS - lpIterations[560] lagIterations[1] sspIterations[1] numSeparations[5728] numCuts[0] compileTime[0] sspSolveTime[0] lpSolveTime[3499] lb[786.636] ub[793.65] size: [16584] time: [3529]
num vars: 13296
STATS - lpIterations[561] lagIterations[1] sspIterations[1] numSeparations[5744] numCuts[0] compileTime[0] sspSolveTime[0] lpSolveTime[3505] lb[786.649] ub[793.65] size: [16603] time: [3535]
num vars: 13294
STATS - lpIterations[562] lagIterations[1] sspIterations[1] numSeparations[5748] numCuts[0] compileTime[0] sspSolveTime[0] lpSolveTime[3510] lb[786.675] ub[793.65] size: [16606] time: [3540]
num vars: 13247
STATS - lpIterations[563] lagIterations[1] sspIterations[1] numSeparations[5764] numCuts[0] compileTime[0] sspSolveTime[0] lpSolveTime[3516] lb[786.722] ub[793.65] size: [16633] time: [3546]
num vars: 13240
STATS - lpIterations[564] lagIterations[1] sspIterations[1] numSeparations[5780] numCuts[0] compileTime[0] sspSolveTime[0] lpSolveTime[3522] lb[786.765] ub[793.65] size: [16654] time: [3552]
num vars: 13244
ERROR - lower bound not monotonically increasing!!!
STATS - lpIterations[565] lagIterations[1] sspIterations[1] numSeparations[5794] numCuts[0] compileTime[0] sspSolveTime[0] lpSolveTime[3527] lb[786.7] ub[793.65] size: [16679] time: [3558]
num vars: 13199
STATS - lpIterations[566] lagIterations[1] sspIterations[1] numSeparations[5810] numCuts[0] compileTime[0] sspSolveTime[0] lpSolveTime[3533] lb[786.799] ub[793.65] size: [16709] time: [3563]
num vars: 13268
STATS - lpIterations[567] lagIterations[1] sspIterations[1] numSeparations[5825] numCuts[0] compileTime[0] sspSolveTime[0] lpSolveTime[3539] lb[786.83] ub[793.65] size: [16746] time: [3569]
num vars: 13229
STATS - lpIterations[568] lagIterations[1] sspIterations[1] numSeparations[5844] numCuts[0] compileTime[0] sspSolveTime[0] lpSolveTime[3545] lb[786.863] ub[793.65] size: [16774] time: [3575]
num vars: 13246
STATS - lpIterations[569] lagIterations[1] sspIterations[1] numSeparations[5861] numCuts[0] compileTime[0] sspSolveTime[0] lpSolveTime[3551] lb[786.89] ub[793.65] size: [16822] time: [3581]
num vars: 13218
STATS - lpIterations[570] lagIterations[1] sspIterations[1] numSeparations[5875] numCuts[0] compileTime[0] sspSolveTime[0] lpSolveTime[3556] lb[786.945] ub[793.65] size: [16846] time: [3587]
num vars: 13191
STATS - lpIterations[571] lagIterations[1] sspIterations[1] numSeparations[5890] numCuts[0] compileTime[0] sspSolveTime[0] lpSolveTime[3562] lb[786.971] ub[793.65] size: [16866] time: [3593]
num vars: 13329
STATS - lpIterations[572] lagIterations[1] sspIterations[1] numSeparations[5906] numCuts[0] compileTime[0] sspSolveTime[0] lpSolveTime[3567] lb[787.005] ub[793.65] size: [16890] time: [3598]
num vars: 13154
