fixed number of vehicles
capacity: 100
instance upper bound: 778
route length upper bound: 34
compiling DD
time step mult: 1
time step: 10
cap step: 1
done compiling DD
batch size for lag: 1
deactivate cut value threshold: 0.01
deactivate cut iter threshold: 25
percent arcs fixed to change to CPLEX: 97.5
number arcs fixed to change to CPLEX: 100000
kappa iterations: 100
ngSetSize: 2
change to LP: 0
var fixing: 1
muSSP: 1
repairDuals: 1
robustCuts: 0
nonRobustCuts: 0
volume algo: 0
phases: 0
STATS - lpIterations[0] lagIterations[0] sspIterations[0] numSeparations[0] numCuts[0] compileTime[2] sspSolveTime[0] lpSolveTime[0] lb[0] ub[778] numArcs: [140529] numFixed: [0] time: [2]
STATS1 - lpIterations[0] lagIterations[0] sspIterations[0] numSeparations[0] numCuts[0] compileTime[2] sspSolveTime[0] lpSolveTime[0] repairTime[0] cutsTime[0] alphaTime[0] decompTime[0] yellowTime[0] updateTime[0] fixTime[0] lb[0] ub[778] numArcs: [140529] numFixed: [0] time: [2]
STATS - lpIterations[1] lagIterations[0] sspIterations[0] numSeparations[0] numCuts[0] compileTime[2] sspSolveTime[0] lpSolveTime[0] lb[0] ub[778] numArcs: [140529] numFixed: [0] time: [2]
STATS1 - lpIterations[1] lagIterations[0] sspIterations[0] numSeparations[0] numCuts[0] compileTime[2] sspSolveTime[0] lpSolveTime[0] repairTime[0] cutsTime[0] alphaTime[0] decompTime[0] yellowTime[0] updateTime[0] fixTime[0] lb[0] ub[778] numArcs: [140529] numFixed: [0] time: [2]
fixed path dual: 22.756
STATS - lpIterations[1] lagIterations[1] sspIterations[5] numSeparations[0] numCuts[0] compileTime[2] sspSolveTime[0] lpSolveTime[0] lb[562.98] ub[778] numArcs: [140500] numFixed: [0] time: [2]
STATS1 - lpIterations[1] lagIterations[1] sspIterations[5] numSeparations[0] numCuts[0] compileTime[2] sspSolveTime[0] lpSolveTime[0] repairTime[0] cutsTime[0] alphaTime[0] decompTime[0] yellowTime[0] updateTime[0] fixTime[0] lb[562.98] ub[778] numArcs: [140500] numFixed: [0] time: [2]
lambda: 0,23.92,2.28,36.48,10.2,9.6,19.2,5.18,24.5,14.82,3.2,8.68,6.8,10.08,8.32,4.2,22.56,20.7,5.04,22.4,3.12,13.44,14.3,28.8,17.6,29.9,6.8,3.12,19.8,9.36,15.96,5.6,22.5,0.74,
mu: 
srcDuals: 
alpha: 0.392539
psiStar: 590.85
lagLB: 562.98
||gamma||^2: 71
fixed path dual: 27.4169
STATS - lpIterations[1] lagIterations[2] sspIterations[10] numSeparations[4] numCuts[0] compileTime[2] sspSolveTime[0] lpSolveTime[0] lb[589.817] ub[778] numArcs: [140744] numFixed: [0] time: [3]
STATS1 - lpIterations[1] lagIterations[2] sspIterations[10] numSeparations[4] numCuts[0] compileTime[2] sspSolveTime[0] lpSolveTime[0] repairTime[0] cutsTime[0] alphaTime[0] decompTime[0] yellowTime[0] updateTime[0] fixTime[0] lb[589.817] ub[778] numArcs: [140744] numFixed: [0] time: [3]
lambda: 0,24.3125,2.67254,36.8725,10.5925,9.99254,17.2373,4.39492,23.7149,15.2125,3.59254,9.07254,7.19254,10.4725,7.53492,3.41492,22.9525,21.0925,5.43254,22.7925,3.12,13.8325,14.6925,29.1925,17.9925,29.1149,7.19254,3.51254,19.4075,9.75254,16.3525,5.99254,22.8925,1.13254,
mu: 
srcDuals: 
alpha: 0.431532
psiStar: 618.73
lagLB: 589.817
||gamma||^2: 67
try arc fixing based on heuristic lspl: 194.188
fixed path dual: 27.9967
STATS - lpIterations[1] lagIterations[3] sspIterations[15] numSeparations[7] numCuts[0] compileTime[2] sspSolveTime[0] lpSolveTime[0] lb[598.326] ub[778] numArcs: [140913] numFixed: [0] time: [3]
STATS1 - lpIterations[1] lagIterations[3] sspIterations[15] numSeparations[7] numCuts[0] compileTime[2] sspSolveTime[0] lpSolveTime[0] repairTime[0] cutsTime[0] alphaTime[0] decompTime[0] yellowTime[0] updateTime[0] fixTime[0] lb[598.326] ub[778] numArcs: [140913] numFixed: [0] time: [3]
lambda: 0,24.7441,3.10407,37.3041,11.0241,10.4241,15.0796,3.53186,22.8519,15.6441,4.02407,9.50407,7.62407,10.9041,6.67186,2.55186,23.3841,21.5241,5.86407,23.2241,3.12,14.2641,15.1241,29.6241,18.4241,29.5465,7.19254,3.94407,19.839,10.1841,16.7841,6.42407,23.3241,1.56407,
mu: 
srcDuals: 
alpha: 0.484083
psiStar: 627.371
lagLB: 598.326
||gamma||^2: 60
fixing. lower bound used: 574.898
percent fixed: 0.0900537
updating best lambda arc fixing
fixing. lower bound used: 574.898
try arc fixing based on heuristic lspl: 192.736
fixed path dual: 28.49
STATS - lpIterations[1] lagIterations[4] sspIterations[20] numSeparations[10] numCuts[0] compileTime[2] sspSolveTime[1] lpSolveTime[0] lb[606.602] ub[778] numArcs: [141142] numFixed: [127] time: [5]
STATS1 - lpIterations[1] lagIterations[4] sspIterations[20] numSeparations[10] numCuts[0] compileTime[2] sspSolveTime[1] lpSolveTime[0] repairTime[0] cutsTime[0] alphaTime[0] decompTime[0] yellowTime[0] updateTime[0] fixTime[0] lb[606.602] ub[778] numArcs: [141142] numFixed: [127] time: [5]
lambda: 0,24.7441,3.58815,37.7882,11.5082,10.9082,15.5637,4.01594,22.8519,16.1282,3.53999,9.98815,8.10815,11.3882,7.15594,3.03594,23.8682,22.0082,6.34815,23.7082,3.12,14.7482,15.6082,29.6241,18.9082,28.0942,7.19254,4.42815,17.4186,9.69999,17.2682,5.93999,23.8082,2.04815,
mu: 
srcDuals: 
alpha: 0.94076
psiStar: 635.765
lagLB: 606.602
||gamma||^2: 31
fixing. lower bound used: 580.707
percent fixed: 0.201008
updating best lambda arc fixing
fixing. lower bound used: 580.707
try arc fixing based on heuristic lspl: 190.936
fixed path dual: 29.0042
STATS - lpIterations[1] lagIterations[5] sspIterations[25] numSeparations[13] numCuts[0] compileTime[2] sspSolveTime[1] lpSolveTime[0] lb[621.403] ub[778] numArcs: [141367] numFixed: [179] time: [7]
STATS1 - lpIterations[1] lagIterations[5] sspIterations[25] numSeparations[13] numCuts[0] compileTime[2] sspSolveTime[1] lpSolveTime[0] repairTime[0] cutsTime[0] alphaTime[0] decompTime[0] yellowTime[0] updateTime[0] fixTime[0] lb[621.403] ub[778] numArcs: [141367] numFixed: [179] time: [7]
lambda: 0,23.8033,2.64739,38.7289,12.4489,11.8489,16.5045,4.9567,21.9111,16.1282,4.48075,10.9289,9.04891,12.3289,8.0967,3.9767,22.9274,22.9489,5.40739,24.6489,3.12,15.6889,15.6082,27.7426,19.8489,29.035,7.19254,4.42815,18.3593,8.75923,18.2089,6.88075,24.7489,2.98891,
mu: 
srcDuals: 
alpha: 0.845446
psiStar: 650.993
lagLB: 621.403
||gamma||^2: 35
fixing. lower bound used: 592.937
percent fixed: 0.382205
updating best lambda arc fixing
fixing. lower bound used: 592.937
try arc fixing based on heuristic lspl: 188.399
fixed path dual: 27.1758
STATS - lpIterations[1] lagIterations[6] sspIterations[30] numSeparations[16] numCuts[0] compileTime[2] sspSolveTime[1] lpSolveTime[0] lb[621.561] ub[778] numArcs: [141649] numFixed: [396] time: [9]
STATS1 - lpIterations[1] lagIterations[6] sspIterations[30] numSeparations[16] numCuts[0] compileTime[2] sspSolveTime[1] lpSolveTime[0] repairTime[0] cutsTime[0] alphaTime[0] decompTime[0] yellowTime[0] updateTime[0] fixTime[0] lb[621.561] ub[778] numArcs: [141649] numFixed: [396] time: [9]
lambda: 0,24.6488,3.49284,39.5744,13.2944,12.6944,15.659,4.9567,21.9111,16.9736,3.6353,11.7744,9.89436,11.4835,8.0967,3.9767,23.7728,22.1035,6.25284,23.8035,3.12,16.5344,16.4536,28.588,20.6944,26.4986,7.19254,5.2736,19.2048,9.60467,19.0544,6.0353,25.5944,3.83436,
mu: 
srcDuals: 
alpha: 1.08589
psiStar: 650.88
lagLB: 621.561
||gamma||^2: 27
fixing. lower bound used: 602.237
percent fixed: 0.656267
updating best lambda arc fixing
fixing. lower bound used: 602.237
try arc fixing based on heuristic lspl: 187.313
fixed path dual: 27.2727
STATS - lpIterations[1] lagIterations[7] sspIterations[35] numSeparations[17] numCuts[0] compileTime[2] sspSolveTime[1] lpSolveTime[0] lb[636.162] ub[778] numArcs: [141733] numFixed: [752] time: [12]
STATS1 - lpIterations[1] lagIterations[7] sspIterations[35] numSeparations[17] numCuts[0] compileTime[2] sspSolveTime[1] lpSolveTime[0] repairTime[0] cutsTime[0] alphaTime[0] decompTime[0] yellowTime[0] updateTime[0] fixTime[0] lb[636.162] ub[778] numArcs: [141733] numFixed: [752] time: [12]
lambda: 0,23.5629,2.40695,39.5744,14.3802,13.7802,16.7449,6.04259,22.997,15.8877,4.72119,12.8602,9.89436,12.5694,9.18259,5.06259,23.7728,23.1894,7.33872,24.8894,3.12,17.6202,16.4536,27.5021,19.6085,27.5845,7.19254,6.35948,20.2907,8.51879,17.9685,7.12119,26.6802,4.92024,
mu: 
srcDuals: 
alpha: 0.443689
psiStar: 665.889
lagLB: 636.162
||gamma||^2: 67
fixing. lower bound used: 616.353
percent fixed: 1.3327
updating best lambda arc fixing
fixing. lower bound used: 616.353
try arc fixing based on heuristic lspl: 185.246
fixed path dual: 26.7562
STATS - lpIterations[1] lagIterations[8] sspIterations[40] numSeparations[20] numCuts[0] compileTime[2] sspSolveTime[1] lpSolveTime[0] lb[639.347] ub[778] numArcs: [141850] numFixed: [1653] time: [14]
STATS1 - lpIterations[1] lagIterations[8] sspIterations[40] numSeparations[20] numCuts[0] compileTime[2] sspSolveTime[1] lpSolveTime[0] repairTime[0] cutsTime[0] alphaTime[0] decompTime[0] yellowTime[0] updateTime[0] fixTime[0] lb[639.347] ub[778] numArcs: [141850] numFixed: [1653] time: [14]
lambda: 0,24.0066,2.85064,40.018,14.8239,14.2239,14.5265,5.15521,22.1096,16.3314,5.16488,13.3039,10.338,13.013,8.29521,4.17521,24.2165,23.633,7.78241,25.333,3.12,18.0639,16.8973,27.9458,20.0522,28.0282,7.19254,6.80317,20.7344,8.96248,18.4122,7.56488,27.1239,5.36393,
mu: 
srcDuals: 
alpha: 0.485236
psiStar: 668.947
lagLB: 639.347
||gamma||^2: 61
fixing. lower bound used: 622.121
percent fixed: 1.68543
updating best lambda arc fixing
fixing. lower bound used: 622.121
try arc fixing based on heuristic lspl: 183.79
fixed path dual: 26.7931
STATS - lpIterations[1] lagIterations[9] sspIterations[45] numSeparations[23] numCuts[0] compileTime[2] sspSolveTime[2] lpSolveTime[0] lb[643.899] ub[778] numArcs: [142022] numFixed: [2145] time: [16]
STATS1 - lpIterations[1] lagIterations[9] sspIterations[45] numSeparations[23] numCuts[0] compileTime[2] sspSolveTime[2] lpSolveTime[0] repairTime[0] cutsTime[0] alphaTime[0] decompTime[0] yellowTime[0] updateTime[0] fixTime[0] lb[643.899] ub[778] numArcs: [142022] numFixed: [2145] time: [16]
lambda: 0,24.4918,2.36541,40.5033,15.3092,14.7092,15.0117,5.64044,22.5948,16.3314,4.67964,13.7892,10.8233,13.4983,8.78044,4.66044,23.7313,24.1183,7.29718,25.8183,3.12,18.5492,16.8973,28.431,20.5374,26.5725,7.19254,7.28841,18.3082,9.44771,18.8974,7.07964,27.6092,5.84917,
mu: 
srcDuals: 
alpha: 0.65637
psiStar: 673.435
lagLB: 643.899
||gamma||^2: 45
fixing. lower bound used: 626.488
percent fixed: 2.04638
updating best lambda arc fixing
fixing. lower bound used: 626.488
try arc fixing based on heuristic lspl: 172.277
fixed path dual: 24.9125
STATS - lpIterations[1] lagIterations[10] sspIterations[50] numSeparations[26] numCuts[0] compileTime[2] sspSolveTime[2] lpSolveTime[0] lb[644.341] ub[778] numArcs: [142166] numFixed: [2666] time: [18]
STATS1 - lpIterations[1] lagIterations[10] sspIterations[50] numSeparations[26] numCuts[0] compileTime[2] sspSolveTime[2] lpSolveTime[0] repairTime[0] cutsTime[0] alphaTime[0] decompTime[0] yellowTime[0] updateTime[0] fixTime[0] lb[644.341] ub[778] numArcs: [142166] numFixed: [2666] time: [18]
lambda: 0,23.8354,3.02178,41.1597,15.9655,14.0528,15.6681,6.29681,23.2512,16.9878,5.33601,14.4455,11.4797,14.1546,9.43681,5.31681,24.3877,24.7746,7.95355,26.4746,3.12,19.2055,17.5537,27.7747,19.2247,27.2289,7.19254,5.3193,18.9645,10.1041,17.5847,7.73601,28.2655,6.50554,
mu: 
srcDuals: 
alpha: 0.430709
psiStar: 673.629
lagLB: 644.341
||gamma||^2: 68
fixing. lower bound used: 636.334
percent fixed: 2.90613
updating best lambda arc fixing
fixing. lower bound used: 636.334
try arc fixing based on heuristic lspl: 172.277
fixed path dual: 23.9783
alpha: 0.243214
psiStar: 673.365
lagLB: 640.532
||gamma||^2: 135
fixing. lower bound used: 637.195
percent fixed: 3.19973
updating best lambda arc fixing
fixing. lower bound used: 637.195
try arc fixing based on heuristic lspl: 171.79
fixed path dual: 26.082
STATS - lpIterations[1] lagIterations[12] sspIterations[60] numSeparations[34] numCuts[0] compileTime[2] sspSolveTime[2] lpSolveTime[0] lb[652.266] ub[778] numArcs: [142840] numFixed: [4207] time: [23]
STATS1 - lpIterations[1] lagIterations[12] sspIterations[60] numSeparations[34] numCuts[0] compileTime[2] sspSolveTime[2] lpSolveTime[0] repairTime[0] cutsTime[0] alphaTime[0] decompTime[0] yellowTime[0] updateTime[0] fixTime[0] lb[652.266] ub[778] numArcs: [142840] numFixed: [4207] time: [23]
lambda: 0,24.5094,2.40357,40.5414,16.6395,14.7267,15.9113,6.0536,23.4944,15.0774,5.52351,15.1195,10.8614,14.3421,9.24932,5.56003,24.2002,23.5029,7.76605,25.2029,3.12,19.8795,16.5047,28.4486,19.8986,26.9299,7.86646,5.99322,19.6385,10.3473,18.2586,8.16672,28.9395,7.17946,
mu: 
srcDuals: 
alpha: 0.633022
psiStar: 681.385
lagLB: 652.266
||gamma||^2: 46
fixing. lower bound used: 638.649
percent fixed: 3.26855
updating best lambda arc fixing
fixing. lower bound used: 638.649
try arc fixing based on heuristic lspl: 165.857
fixed path dual: 25.3721
STATS - lpIterations[1] lagIterations[13] sspIterations[65] numSeparations[35] numCuts[0] compileTime[2] sspSolveTime[3] lpSolveTime[0] lb[655.047] ub[778] numArcs: [142839] numFixed: [4366] time: [25]
STATS1 - lpIterations[1] lagIterations[13] sspIterations[65] numSeparations[35] numCuts[0] compileTime[2] sspSolveTime[3] lpSolveTime[0] repairTime[0] cutsTime[0] alphaTime[0] decompTime[0] yellowTime[0] updateTime[0] fixTime[0] lb[655.047] ub[778] numArcs: [142839] numFixed: [4366] time: [25]
lambda: 0,23.8763,3.03659,41.1745,17.2725,15.3597,14.6453,4.78755,22.2284,15.7105,6.15653,15.7525,11.4945,14.9752,8.61629,4.29398,24.8332,24.1359,8.39907,25.8359,3.12,20.5125,17.1378,29.0816,20.5316,27.563,7.86646,5.3602,20.2715,9.08125,18.8916,8.79974,29.5725,7.81248,
mu: 
srcDuals: 
alpha: 1.15938
psiStar: 684.031
lagLB: 655.047
||gamma||^2: 25
fixing. lower bound used: 644.741
percent fixed: 4.0873
updating best lambda arc fixing
fixing. lower bound used: 644.741
try arc fixing based on heuristic lspl: 162.379
fixed path dual: 24.0827
STATS - lpIterations[1] lagIterations[14] sspIterations[70] numSeparations[38] numCuts[0] compileTime[2] sspSolveTime[3] lpSolveTime[0] lb[663.672] ub[778] numArcs: [143005] numFixed: [5610] time: [27]
STATS1 - lpIterations[1] lagIterations[14] sspIterations[70] numSeparations[38] numCuts[0] compileTime[2] sspSolveTime[3] lpSolveTime[0] repairTime[0] cutsTime[0] alphaTime[0] decompTime[0] yellowTime[0] updateTime[0] fixTime[0] lb[663.672] ub[778] numArcs: [143005] numFixed: [5610] time: [27]
lambda: 0,25.0357,3.03659,42.3338,18.4319,14.2004,15.8046,5.94693,23.3878,15.7105,4.99715,16.9119,12.6538,13.8158,9.77567,5.45336,23.6738,25.2953,7.2397,26.9953,3.12,21.6719,17.1378,30.241,20.5316,26.4036,7.86646,6.51958,20.2715,10.2406,18.8916,9.95912,30.7319,8.97186,
mu: 
srcDuals: 
alpha: 0.306404
psiStar: 692.78
lagLB: 663.672
||gamma||^2: 95
fixing. lower bound used: 659.813
percent fixed: 7.67397
updating best lambda arc fixing
fixing. lower bound used: 659.813
try arc fixing based on heuristic lspl: 152.778
fixed path dual: 24.3307
STATS - lpIterations[1] lagIterations[15] sspIterations[75] numSeparations[42] numCuts[0] compileTime[2] sspSolveTime[3] lpSolveTime[0] lb[665.218] ub[778] numArcs: [143231] numFixed: [10716] time: [30]
STATS1 - lpIterations[1] lagIterations[15] sspIterations[75] numSeparations[42] numCuts[0] compileTime[2] sspSolveTime[3] lpSolveTime[0] repairTime[0] cutsTime[0] alphaTime[0] decompTime[0] yellowTime[0] updateTime[0] fixTime[0] lb[665.218] ub[778] numArcs: [143231] numFixed: [10716] time: [30]
lambda: 0,25.0357,3.343,42.6403,18.7383,14.5068,16.111,5.64053,23.6942,16.0169,4.69075,17.2183,12.9603,14.1222,9.46927,5.75976,23.9802,23.7632,7.5461,25.4632,3.12,21.9783,17.4442,30.241,20.838,25.7908,8.17287,6.51958,20.5779,9.93423,19.198,8.7335,31.0383,9.27826,
mu: 
srcDuals: 
alpha: 0.451915
psiStar: 694.141
lagLB: 665.218
||gamma||^2: 64
fixing. lower bound used: 660.12
percent fixed: 7.82486
updating best lambda arc fixing
fixing. lower bound used: 660.12
try arc fixing based on heuristic lspl: 154.134
fixed path dual: 24.4531
STATS - lpIterations[1] lagIterations[16] sspIterations[80] numSeparations[46] numCuts[0] compileTime[2] sspSolveTime[3] lpSolveTime[0] lb[666.734] ub[778] numArcs: [143633] numFixed: [10567] time: [32]
STATS1 - lpIterations[1] lagIterations[16] sspIterations[80] numSeparations[46] numCuts[0] compileTime[2] sspSolveTime[3] lpSolveTime[0] repairTime[0] cutsTime[0] alphaTime[0] decompTime[0] yellowTime[0] updateTime[0] fixTime[0] lb[666.734] ub[778] numArcs: [143633] numFixed: [10567] time: [32]
lambda: 0,25.0357,1.98726,41.7364,19.1902,14.9587,16.5629,6.09244,24.1461,14.2092,5.14266,17.6702,12.0564,14.5741,9.01735,6.21168,23.0764,24.2151,7.09419,25.9151,3.12,22.4302,16.5403,30.241,21.2899,26.2427,8.62478,6.51958,21.0298,9.48231,19.6499,9.18541,31.4902,9.73018,
mu: 
srcDuals: 
alpha: 0.59872
psiStar: 695.473
lagLB: 666.734
||gamma||^2: 48
fixing. lower bound used: 661.023
percent fixed: 8.51523
updating best lambda arc fixing
fixing. lower bound used: 661.023
try arc fixing based on heuristic lspl: 148.303
fixed path dual: 23.5248
STATS - lpIterations[1] lagIterations[17] sspIterations[85] numSeparations[46] numCuts[0] compileTime[2] sspSolveTime[4] lpSolveTime[0] lb[668.079] ub[778] numArcs: [143612] numFixed: [12287] time: [34]
STATS1 - lpIterations[1] lagIterations[17] sspIterations[85] numSeparations[46] numCuts[0] compileTime[2] sspSolveTime[4] lpSolveTime[0] repairTime[1] cutsTime[0] alphaTime[0] decompTime[0] yellowTime[0] updateTime[0] fixTime[0] lb[668.079] ub[778] numArcs: [143612] numFixed: [12287] time: [34]
lambda: 0,23.8383,2.58597,42.3351,19.7889,15.5574,17.1617,6.69116,22.9486,14.8079,5.74138,16.4727,12.6551,15.1728,8.41863,5.01424,23.6751,24.8139,7.69291,26.5139,3.12,23.0289,17.1391,29.0435,21.8886,26.8414,8.62478,5.32214,21.6285,9.48231,20.2486,9.78413,32.0889,10.3289,
mu: 
srcDuals: 
alpha: 0.271909
psiStar: 696.63
lagLB: 668.079
||gamma||^2: 105
fixing. lower bound used: 666.37
percent fixed: 9.98141
updating best lambda arc fixing
fixing. lower bound used: 666.37
try arc fixing based on heuristic lspl: 145.053
fixed path dual: 24.4952
STATS - lpIterations[1] lagIterations[18] sspIterations[90] numSeparations[48] numCuts[0] compileTime[2] sspSolveTime[4] lpSolveTime[0] lb[673.203] ub[778] numArcs: [143704] numFixed: [14019] time: [36]
STATS1 - lpIterations[1] lagIterations[18] sspIterations[90] numSeparations[48] numCuts[0] compileTime[2] sspSolveTime[4] lpSolveTime[0] repairTime[1] cutsTime[0] alphaTime[0] decompTime[0] yellowTime[0] updateTime[0] fixTime[0] lb[673.203] ub[778] numArcs: [143704] numFixed: [14019] time: [36]
lambda: 0,24.1102,2.85788,42.6071,20.0608,15.8293,17.4336,6.41925,23.2205,15.0798,5.46947,16.7446,12.9271,14.0852,8.69054,5.28615,23.947,23.9981,7.96482,25.6981,3.12,23.3008,17.411,29.3155,22.1606,26.2976,8.89669,5.59405,20.269,9.75422,20.5206,8.6965,32.3608,10.6008,
mu: 
srcDuals: 
alpha: 0.633902
psiStar: 701.729
lagLB: 673.203
||gamma||^2: 45
fixing. lower bound used: 665.707
percent fixed: 10.0833
updating best lambda arc fixing
fixing. lower bound used: 665.707
try arc fixing based on heuristic lspl: 148.659
fixed path dual: 22.0684
alpha: 0.498569
psiStar: 701.489
lagLB: 670.578
||gamma||^2: 62
STATS - lpIterations[1] lagIterations[19] sspIterations[95] numSeparations[49] numCuts[0] compileTime[2] sspSolveTime[4] lpSolveTime[0] lb[673.229] ub[778] numArcs: [143715] numFixed: [13202] time: [39]
STATS1 - lpIterations[1] lagIterations[19] sspIterations[95] numSeparations[49] numCuts[0] compileTime[2] sspSolveTime[4] lpSolveTime[0] repairTime[1] cutsTime[0] alphaTime[0] decompTime[0] yellowTime[0] updateTime[0] fixTime[0] lb[673.229] ub[778] numArcs: [143715] numFixed: [13202] time: [39]
lambda: 0,23.9748,1.99608,42.2438,21.1933,16.3279,17.5689,7.05315,23.8544,13.7195,6.60194,17.8771,12.5638,15.2177,9.32444,5.92005,23.5838,25.1306,8.10015,26.8306,3.12,24.4333,17.0477,29.1801,20.7574,27.4301,9.39526,6.09262,21.4015,9.61889,19.1174,9.82897,33.4933,11.2347,
mu: 
srcDuals: 
fixing. lower bound used: 673.229
percent fixed: 12.6298
updating best lambda arc fixing
fixing. lower bound used: 673.229
try arc fixing based on heuristic lspl: 144.148
fixed path dual: 22.1435
alpha: 0.308731
psiStar: 701.28
lagLB: 671.951
||gamma||^2: 95
fixing. lower bound used: 669.824
percent fixed: 12.9642
updating best lambda arc fixing
fixing. lower bound used: 669.824
try arc fixing based on heuristic lspl: 135.85
fixed path dual: 24.3282
STATS - lpIterations[1] lagIterations[21] sspIterations[105] numSeparations[55] numCuts[0] compileTime[2] sspSolveTime[5] lpSolveTime[0] lb[683.183] ub[778] numArcs: [144245] numFixed: [16997] time: [44]
STATS1 - lpIterations[1] lagIterations[21] sspIterations[105] numSeparations[55] numCuts[0] compileTime[2] sspSolveTime[5] lpSolveTime[0] repairTime[1] cutsTime[0] alphaTime[0] decompTime[0] yellowTime[0] updateTime[0] fixTime[0] lb[683.183] ub[778] numArcs: [144245] numFixed: [16997] time: [44]
lambda: 0,24.2836,2.30481,42.5525,21.502,16.6366,17.8776,6.74442,24.1632,14.0282,5.67575,18.1858,12.8725,14.6002,9.63317,5.92005,23.8925,23.8957,8.40888,25.5957,3.12,24.742,17.3565,29.4889,21.0661,26.1951,9.70399,6.40135,21.0927,9.92762,19.4261,8.90278,33.802,11.5434,
mu: 
srcDuals: 
alpha: 0.613711
psiStar: 711.414
lagLB: 683.183
||gamma||^2: 46
fixing. lower bound used: 670.996
percent fixed: 12.4035
fixing. lower bound used: 669.824
try arc fixing based on heuristic lspl: 134.684
fixed path dual: 23.0623
alpha: 0.408578
psiStar: 711.182
lagLB: 682.991
||gamma||^2: 69
fixing. lower bound used: 682.441
percent fixed: 18.617
updating best lambda arc fixing
fixing. lower bound used: 682.441
try arc fixing based on heuristic lspl: 127.57
fixed path dual: 23.4204
STATS - lpIterations[1] lagIterations[23] sspIterations[115] numSeparations[60] numCuts[0] compileTime[2] sspSolveTime[5] lpSolveTime[0] lb[685.19] ub[778] numArcs: [144606] numFixed: [26751] time: [49]
STATS1 - lpIterations[1] lagIterations[23] sspIterations[115] numSeparations[60] numCuts[0] compileTime[2] sspSolveTime[5] lpSolveTime[0] repairTime[1] cutsTime[0] alphaTime[0] decompTime[0] yellowTime[0] updateTime[0] fixTime[0] lb[685.19] ub[778] numArcs: [144606] numFixed: [26751] time: [49]
lambda: 0,24.0784,2.10136,42.3491,22.5243,17.6589,17.0588,5.92558,23.3443,14.2333,6.69804,19.2081,12.6691,14.8053,9.42804,5.1012,23.6891,24.918,8.61401,26.618,3.12,25.7643,15.9273,30.5111,22.0884,26.8088,10.1126,6.19621,20.8893,9.10877,20.4484,9.51649,34.8243,11.7486,
mu: 
srcDuals: 
alpha: 0.663172
psiStar: 713.043
lagLB: 685.19
||gamma||^2: 42
fixing. lower bound used: 681.217
percent fixed: 19.4158
updating best lambda arc fixing
fixing. lower bound used: 681.217
try arc fixing based on heuristic lspl: 126.955
fixed path dual: 22.4265
STATS - lpIterations[1] lagIterations[24] sspIterations[120] numSeparations[63] numCuts[0] compileTime[2] sspSolveTime[5] lpSolveTime[0] lb[688.178] ub[778] numArcs: [144699] numFixed: [27070] time: [51]
STATS1 - lpIterations[1] lagIterations[24] sspIterations[120] numSeparations[63] numCuts[0] compileTime[2] sspSolveTime[5] lpSolveTime[0] repairTime[1] cutsTime[0] alphaTime[0] decompTime[0] yellowTime[0] updateTime[0] fixTime[0] lb[688.178] ub[778] numArcs: [144699] numFixed: [27070] time: [51]
lambda: 0,24.7416,2.76454,43.0123,23.1875,16.3326,17.722,6.58875,24.0075,14.8965,6.03487,19.8713,13.3323,15.4685,10.0912,5.76438,24.3522,24.2548,9.27719,25.9548,3.12,26.4275,16.5905,31.1743,20.0989,26.8088,10.1126,6.19621,21.5525,9.77195,19.1221,9.51649,35.4875,12.4117,
mu: 
srcDuals: 
alpha: 0.346864
psiStar: 715.927
lagLB: 688.178
||gamma||^2: 80
STATS - lpIterations[1] lagIterations[24] sspIterations[120] numSeparations[63] numCuts[0] compileTime[2] sspSolveTime[5] lpSolveTime[0] lb[689.34] ub[778] numArcs: [144699] numFixed: [27070] time: [51]
STATS1 - lpIterations[1] lagIterations[24] sspIterations[120] numSeparations[63] numCuts[0] compileTime[2] sspSolveTime[5] lpSolveTime[0] repairTime[1] cutsTime[0] alphaTime[0] decompTime[0] yellowTime[0] updateTime[0] fixTime[0] lb[689.34] ub[778] numArcs: [144699] numFixed: [27070] time: [51]
lambda: 0,23.701,3.1114,43.3591,23.5343,16.6794,18.0688,6.93561,22.9669,15.2434,6.38173,18.8307,13.6791,15.8154,9.74435,4.72378,24.6991,24.6017,9.62405,26.3017,3.12,26.7743,16.9373,30.1337,20.4458,27.1557,10.4594,5.15562,21.8993,9.42508,19.469,9.86335,35.8343,12.7586,
mu: 
srcDuals: 
fixing. lower bound used: 689.34
percent fixed: 23.7525
updating best lambda arc fixing
fixing. lower bound used: 689.34
try arc fixing based on heuristic lspl: 122.601
fixed path dual: 21.7324
alpha: 0.906433
psiStar: 716.914
lagLB: 686.095
||gamma||^2: 34
fixing. lower bound used: 686.147
percent fixed: 23.9596
updating best lambda arc fixing
fixing. lower bound used: 686.147
try arc fixing based on heuristic lspl: 127.029
fixed path dual: 22.406
STATS - lpIterations[1] lagIterations[26] sspIterations[130] numSeparations[65] numCuts[0] compileTime[2] sspSolveTime[6] lpSolveTime[0] lb[689.463] ub[778] numArcs: [144851] numFixed: [30884] time: [56]
STATS1 - lpIterations[1] lagIterations[26] sspIterations[130] numSeparations[65] numCuts[0] compileTime[2] sspSolveTime[6] lpSolveTime[0] repairTime[1] cutsTime[0] alphaTime[0] decompTime[0] yellowTime[0] updateTime[0] fixTime[0] lb[689.463] ub[778] numArcs: [144851] numFixed: [30884] time: [56]
lambda: 0,24.6075,2.20497,42.4527,24.4408,17.5859,18.9753,6.02918,23.8733,13.4305,5.4753,19.7372,12.7727,14.9089,10.6508,5.63022,23.7927,23.6952,8.71762,25.3952,3.12,27.6808,16.0309,31.0402,21.3522,26.2493,11.3659,6.06206,20.9929,10.3315,20.3754,8.95692,36.7408,12.7586,
mu: 
srcDuals: 
alpha: 0.569993
psiStar: 716.823
lagLB: 689.463
||gamma||^2: 48
fixing. lower bound used: 685.243
percent fixed: 22.8939
fixing. lower bound used: 686.147
try arc fixing based on heuristic lspl: 124.077
fixed path dual: 23.2467
STATS - lpIterations[1] lagIterations[27] sspIterations[135] numSeparations[65] numCuts[0] compileTime[2] sspSolveTime[6] lpSolveTime[0] lb[699.367] ub[778] numArcs: [144839] numFixed: [33492] time: [58]
STATS1 - lpIterations[1] lagIterations[27] sspIterations[135] numSeparations[65] numCuts[0] compileTime[2] sspSolveTime[6] lpSolveTime[0] repairTime[1] cutsTime[0] alphaTime[0] decompTime[0] yellowTime[0] updateTime[0] fixTime[0] lb[699.367] ub[778] numArcs: [144839] numFixed: [33492] time: [58]
lambda: 0,23.4675,2.77496,43.0227,25.0108,18.1559,19.5453,6.59917,22.7334,14.0005,6.04529,18.5972,13.3427,15.4789,10.0808,4.49023,24.3627,24.2652,9.28761,25.9652,3.12,28.2508,16.6009,29.9002,21.9222,26.8193,11.3659,4.92207,21.5629,10.3315,20.9454,9.52691,37.3108,13.3286,
mu: 
srcDuals: 
alpha: 0.983362
psiStar: 726.901
lagLB: 699.367
||gamma||^2: 28
fixing. lower bound used: 693.637
percent fixed: 27.6709
updating best lambda arc fixing
fixing. lower bound used: 693.637
try arc fixing based on heuristic lspl: 118.147
fixed path dual: 18.3843
alpha: 0.288627
psiStar: 726.686
lagLB: 686.855
||gamma||^2: 138
STATS - lpIterations[1] lagIterations[28] sspIterations[140] numSeparations[67] numCuts[0] compileTime[2] sspSolveTime[6] lpSolveTime[0] lb[700.214] ub[778] numArcs: [144912] numFixed: [39839] time: [61]
STATS1 - lpIterations[1] lagIterations[28] sspIterations[140] numSeparations[67] numCuts[0] compileTime[2] sspSolveTime[6] lpSolveTime[0] repairTime[1] cutsTime[0] alphaTime[0] decompTime[0] yellowTime[0] updateTime[0] fixTime[0] lb[700.214] ub[778] numArcs: [144912] numFixed: [39839] time: [61]
lambda: 0,24.7395,3.06359,43.3113,26.2827,16.4778,19.8339,6.59917,24.0054,14.2891,5.87414,19.5805,13.6313,15.0192,11.3528,5.47359,24.6513,24.6713,8.59288,26.3713,3.40863,29.2341,16.8895,31.1722,20.2441,26.6481,11.6545,6.19406,20.8145,10.6201,20.2506,9.35576,38.2941,14.6006,
mu: 
srcDuals: 
fixing. lower bound used: 700.214
percent fixed: 32.9833
updating best lambda arc fixing
fixing. lower bound used: 700.214
try arc fixing based on heuristic lspl: 114.381
fixed path dual: 20.9242
alpha: 1.05469
psiStar: 727.354
lagLB: 697.823
||gamma||^2: 28
fixing. lower bound used: 685.123
percent fixed: 32.9459
fixing. lower bound used: 700.214
try arc fixing based on heuristic lspl: 114.355
fixed path dual: 18.7515
alpha: 0.251523
psiStar: 727.146
lagLB: 691.178
||gamma||^2: 143
fixing. lower bound used: 698.283
percent fixed: 33.8999
updating best lambda arc fixing
fixing. lower bound used: 698.283
try arc fixing based on heuristic lspl: 114.081
fixed path dual: 21.2785
STATS - lpIterations[1] lagIterations[31] sspIterations[155] numSeparations[72] numCuts[0] compileTime[2] sspSolveTime[7] lpSolveTime[0] lb[702.053] ub[778] numArcs: [145272] numFixed: [47097] time: [69]
STATS1 - lpIterations[1] lagIterations[31] sspIterations[155] numSeparations[72] numCuts[0] compileTime[2] sspSolveTime[7] lpSolveTime[0] repairTime[2] cutsTime[0] alphaTime[0] decompTime[0] yellowTime[0] updateTime[0] fixTime[0] lb[702.053] ub[778] numArcs: [145272] numFixed: [47097] time: [69]
lambda: 0,24.991,4.3698,42.5082,27.589,17.784,20.0854,6.59917,23.2022,13.4859,6.17427,19.5805,12.8282,15.3193,9.49491,4.67042,23.8481,24.4684,9.89909,26.1684,3.66015,27.9279,16.0863,31.4237,21.5503,27.4513,12.9607,6.44558,20.6116,10.8717,21.5569,9.15284,39.0973,13.7974,
mu: 
srcDuals: 
alpha: 0.653558
psiStar: 728.848
lagLB: 702.053
||gamma||^2: 41
fixing. lower bound used: 689.417
percent fixed: 32.3859
fixing. lower bound used: 698.283
try arc fixing based on heuristic lspl: 111.696
fixed path dual: 19.8181
STATS - lpIterations[1] lagIterations[32] sspIterations[160] numSeparations[72] numCuts[0] compileTime[2] sspSolveTime[8] lpSolveTime[0] lb[704.554] ub[778] numArcs: [145266] numFixed: [47563] time: [71]
STATS1 - lpIterations[1] lagIterations[32] sspIterations[160] numSeparations[72] numCuts[0] compileTime[2] sspSolveTime[8] lpSolveTime[0] repairTime[2] cutsTime[0] alphaTime[0] decompTime[0] yellowTime[0] updateTime[0] fixTime[0] lb[704.554] ub[778] numArcs: [145266] numFixed: [47563] time: [71]
lambda: 0,23.6839,5.02336,43.1617,28.2425,17.784,20.739,7.25273,23.8557,14.1395,6.82783,20.2341,13.4817,15.9728,10.1485,5.32398,24.5017,25.122,10.5526,26.822,3.66015,28.5815,16.7399,30.7701,20.2432,28.1048,12.9607,6.44558,21.2651,9.56455,20.2497,9.8064,39.7509,14.451,
mu: 
srcDuals: 
alpha: 0.606537
psiStar: 731.241
lagLB: 704.554
||gamma||^2: 44
STATS - lpIterations[1] lagIterations[32] sspIterations[160] numSeparations[72] numCuts[0] compileTime[2] sspSolveTime[8] lpSolveTime[0] lb[707.364] ub[778] numArcs: [145266] numFixed: [47563] time: [71]
STATS1 - lpIterations[1] lagIterations[32] sspIterations[160] numSeparations[72] numCuts[0] compileTime[2] sspSolveTime[8] lpSolveTime[0] repairTime[2] cutsTime[0] alphaTime[0] decompTime[0] yellowTime[0] updateTime[0] fixTime[0] lb[707.364] ub[778] numArcs: [145266] numFixed: [47563] time: [71]
lambda: 0,24.2904,5.02336,43.1617,28.8491,18.3905,21.3455,6.64619,24.4623,14.746,5.61475,20.8406,13.4817,14.7598,10.755,5.93052,24.5017,23.9089,9.94611,25.6089,3.66015,28.5815,16.1334,31.3767,20.8498,27.4983,13.5672,7.05212,20.052,10.1711,20.8563,8.59333,39.7509,15.0575,
mu: 
srcDuals: 
fixing. lower bound used: 707.364
percent fixed: 38.8342
updating best lambda arc fixing
fixing. lower bound used: 707.364
try arc fixing based on heuristic lspl: 111.846
fixed path dual: 19.5395
alpha: 0.296113
psiStar: 733.956
lagLB: 703.161
||gamma||^2: 104
fixing. lower bound used: 703.963
percent fixed: 38.9894
updating best lambda arc fixing
fixing. lower bound used: 703.963
try arc fixing based on heuristic lspl: 110.958
fixed path dual: 20.0557
alpha: 0.57176
psiStar: 733.758
lagLB: 705.742
||gamma||^2: 49
fixing. lower bound used: 703.161
percent fixed: 37.0181
fixing. lower bound used: 703.963
try arc fixing based on heuristic lspl: 112.101
fixed path dual: 19.4071
STATS - lpIterations[1] lagIterations[35] sspIterations[175] numSeparations[78] numCuts[0] compileTime[2] sspSolveTime[8] lpSolveTime[0] lb[707.644] ub[778] numArcs: [145672] numFixed: [52945] time: [79]
STATS1 - lpIterations[1] lagIterations[35] sspIterations[175] numSeparations[78] numCuts[0] compileTime[2] sspSolveTime[8] lpSolveTime[0] repairTime[2] cutsTime[0] alphaTime[0] decompTime[0] yellowTime[0] updateTime[0] fixTime[0] lb[707.644] ub[778] numArcs: [145672] numFixed: [52945] time: [79]
lambda: 0,24.566,5.31947,42.3143,29.7169,19.2584,20.4367,6.62573,23.8496,14.4704,6.48262,20.8202,12.6343,15.6276,10.7345,5.02171,23.0825,24.7768,9.09871,26.4768,3.95626,28.8776,15.286,31.6523,21.7176,28.3662,13.8634,7.32777,20.9199,10.7428,21.7242,9.4612,40.6187,14.7819,
mu: 
srcDuals: 
alpha: 0.319623
psiStar: 733.853
lagLB: 707.644
||gamma||^2: 82
STATS - lpIterations[1] lagIterations[35] sspIterations[175] numSeparations[78] numCuts[0] compileTime[2] sspSolveTime[8] lpSolveTime[0] lb[709.346] ub[778] numArcs: [145672] numFixed: [52945] time: [79]
STATS1 - lpIterations[1] lagIterations[35] sspIterations[175] numSeparations[78] numCuts[0] compileTime[2] sspSolveTime[8] lpSolveTime[0] repairTime[2] cutsTime[0] alphaTime[0] decompTime[0] yellowTime[0] updateTime[0] fixTime[0] lb[709.346] ub[778] numArcs: [145672] numFixed: [52945] time: [79]
lambda: 0,23.6072,5.6391,42.6339,30.0366,18.2995,20.7563,6.94535,23.53,14.79,6.80225,20.5005,12.9539,15.9473,10.4149,4.70209,23.4021,25.0964,9.41833,26.7964,4.27589,29.1972,15.6056,30.6934,21.7176,28.6858,13.8634,5.72965,21.2395,10.4232,21.0849,9.78082,40.9383,15.1015,
mu: 
srcDuals: 
fixing. lower bound used: 709.346
percent fixed: 41.9447
updating best lambda arc fixing
fixing. lower bound used: 709.346
try arc fixing based on heuristic lspl: 107.49
fixed path dual: 19.0548
alpha: 0.434431
psiStar: 735.425
lagLB: 705.883
||gamma||^2: 68
fixing. lower bound used: 706.439
percent fixed: 42.0159
updating best lambda arc fixing
fixing. lower bound used: 706.439
try arc fixing based on heuristic lspl: 107.924
fixed path dual: 19.2285
alpha: 0.37827
psiStar: 735.234
lagLB: 707.621
||gamma||^2: 73
fixing. lower bound used: 705.929
percent fixed: 42.2562
updating best lambda arc fixing
fixing. lower bound used: 705.929
try arc fixing based on heuristic lspl: 110.008
fixed path dual: 19.1193
STATS - lpIterations[1] lagIterations[38] sspIterations[190] numSeparations[84] numCuts[0] compileTime[2] sspSolveTime[9] lpSolveTime[0] lb[709.722] ub[778] numArcs: [146019] numFixed: [55770] time: [87]
STATS1 - lpIterations[1] lagIterations[38] sspIterations[190] numSeparations[84] numCuts[0] compileTime[2] sspSolveTime[9] lpSolveTime[0] repairTime[2] cutsTime[0] alphaTime[0] decompTime[0] yellowTime[0] updateTime[0] fixTime[0] lb[709.722] ub[778] numArcs: [146019] numFixed: [55770] time: [87]
lambda: 0,24.4199,6.4518,43.4466,30.8493,17.9774,19.6777,5.48843,23.9644,15.6027,6.31166,20.4444,13.7666,15.4567,10.0928,5.13652,24.2148,24.1714,10.231,25.8714,4.27589,29.141,16.4183,31.5061,21.7738,28.1952,14.2978,6.54235,20.3145,10.8577,21.1411,9.29023,40.8822,15.9142,
mu: 
srcDuals: 
alpha: 0.421551
psiStar: 735.437
lagLB: 709.722
||gamma||^2: 61
STATS - lpIterations[1] lagIterations[38] sspIterations[190] numSeparations[84] numCuts[0] compileTime[2] sspSolveTime[9] lpSolveTime[0] lb[709.751] ub[778] numArcs: [146019] numFixed: [55770] time: [87]
STATS1 - lpIterations[1] lagIterations[38] sspIterations[190] numSeparations[84] numCuts[0] compileTime[2] sspSolveTime[9] lpSolveTime[0] repairTime[2] cutsTime[0] alphaTime[0] decompTime[0] yellowTime[0] updateTime[0] fixTime[0] lb[709.751] ub[778] numArcs: [146019] numFixed: [55770] time: [87]
lambda: 0,24.8414,5.6087,42.6035,31.2708,18.399,20.0992,5.90998,24.3859,14.7596,6.73321,20.8659,12.9235,15.8782,10.5144,5.55807,23.3717,24.5929,9.80948,26.2929,4.27589,29.5626,14.7321,31.9277,22.1953,28.6168,14.2978,6.9639,20.7361,11.2792,21.5626,9.71178,41.3037,15.4926,
mu: 
srcDuals: 
fixing. lower bound used: 709.751
percent fixed: 41.9099
fixing. lower bound used: 705.929
try arc fixing based on heuristic lspl: 110.851
fixed path dual: 19.0859
STATS - lpIterations[1] lagIterations[39] sspIterations[195] numSeparations[87] numCuts[0] compileTime[2] sspSolveTime[9] lpSolveTime[0] lb[712.506] ub[778] numArcs: [146171] numFixed: [55863] time: [89]
STATS1 - lpIterations[1] lagIterations[39] sspIterations[195] numSeparations[87] numCuts[0] compileTime[2] sspSolveTime[9] lpSolveTime[0] repairTime[2] cutsTime[0] alphaTime[0] decompTime[0] yellowTime[0] updateTime[0] fixTime[0] lb[712.506] ub[778] numArcs: [146171] numFixed: [55863] time: [89]
lambda: 0,24.8414,5.6087,42.6035,31.2708,18.399,20.0992,5.90998,24.3859,14.7596,6.73321,20.8659,12.9235,15.8782,10.5144,5.55807,23.3717,24.5929,9.80948,26.2929,4.27589,29.5626,14.7321,31.9277,22.1953,28.6168,14.2978,6.9639,20.7361,11.2792,21.5626,9.71178,41.3037,15.4926,
mu: 
srcDuals: 
alpha: 0.351092
psiStar: 738.136
lagLB: 712.506
||gamma||^2: 73
fixing. lower bound used: 712.497
percent fixed: 44.857
updating best lambda arc fixing
fixing. lower bound used: 712.497
try arc fixing based on heuristic lspl: 107.378
fixed path dual: 19.5041
STATS - lpIterations[1] lagIterations[40] sspIterations[200] numSeparations[87] numCuts[0] compileTime[2] sspSolveTime[9] lpSolveTime[0] lb[713.544] ub[778] numArcs: [146165] numFixed: [66180] time: [92]
STATS1 - lpIterations[1] lagIterations[40] sspIterations[200] numSeparations[87] numCuts[0] compileTime[2] sspSolveTime[9] lpSolveTime[0] repairTime[2] cutsTime[0] alphaTime[0] decompTime[0] yellowTime[0] updateTime[0] fixTime[0] lb[713.544] ub[778] numArcs: [146165] numFixed: [66180] time: [92]
lambda: 0,23.7882,5.95979,42.9546,31.6219,18.75,20.4503,6.26107,23.3327,15.1107,6.73321,19.8127,13.2746,15.8782,10.1633,4.5048,23.7228,24.5929,10.1606,26.2929,4.62698,29.5626,15.0832,30.8744,22.5464,28.9679,14.6489,5.91063,20.7361,10.9281,21.9137,9.71178,41.3037,15.8437,
mu: 
srcDuals: 
alpha: 0.878748
psiStar: 739.027
lagLB: 713.544
||gamma||^2: 29
fixing. lower bound used: 711.453
percent fixed: 45.3928
updating best lambda arc fixing
fixing. lower bound used: 711.453
try arc fixing based on heuristic lspl: 106.305
fixed path dual: 16.9861
alpha: 0.38441
psiStar: 738.847
lagLB: 708.863
||gamma||^2: 78
STATS - lpIterations[1] lagIterations[41] sspIterations[205] numSeparations[88] numCuts[0] compileTime[2] sspSolveTime[10] lpSolveTime[0] lb[716.355] ub[778] numArcs: [146149] numFixed: [63765] time: [95]
STATS1 - lpIterations[1] lagIterations[41] sspIterations[205] numSeparations[88] numCuts[0] compileTime[2] sspSolveTime[10] lpSolveTime[0] repairTime[2] cutsTime[0] alphaTime[0] decompTime[0] yellowTime[0] updateTime[0] fixTime[0] lb[716.355] ub[778] numArcs: [146149] numFixed: [63765] time: [95]
lambda: 0,25.0513,6.06972,43.0645,32.8851,19.1345,20.1758,5.98659,24.5958,14.8362,6.23887,21.0758,13.3845,15.3839,10.2732,4.99914,23.8328,24.0986,10.2705,25.7986,5.01139,29.0683,15.1931,32.1376,22.0521,30.231,15.0333,6.29504,20.2417,11.4225,21.4194,9.21744,40.8094,16.3381,
mu: 
srcDuals: 
fixing. lower bound used: 716.355
percent fixed: 47.7627
updating best lambda arc fixing
fixing. lower bound used: 716.355
try arc fixing based on heuristic lspl: 102.635
fixed path dual: 19.2746
STATS - lpIterations[1] lagIterations[42] sspIterations[210] numSeparations[92] numCuts[0] compileTime[2] sspSolveTime[10] lpSolveTime[0] lb[717.999] ub[778] numArcs: [146335] numFixed: [70155] time: [97]
STATS1 - lpIterations[1] lagIterations[42] sspIterations[210] numSeparations[92] numCuts[0] compileTime[2] sspSolveTime[10] lpSolveTime[0] repairTime[2] cutsTime[0] alphaTime[0] decompTime[0] yellowTime[0] updateTime[0] fixTime[0] lb[717.999] ub[778] numArcs: [146335] numFixed: [70155] time: [97]
lambda: 0,25.0513,6.06972,43.0645,32.8851,19.1345,20.1758,5.98659,24.5958,14.8362,6.23887,21.0758,13.3845,15.3839,10.2732,4.99914,23.8328,24.0986,10.2705,25.7986,5.01139,29.0683,15.1931,32.1376,22.0521,30.231,15.0333,6.29504,20.2417,11.4225,21.4194,9.21744,40.8094,16.3381,
mu: 
srcDuals: 
alpha: 0.526701
psiStar: 743.28
lagLB: 717.999
||gamma||^2: 48
fixing. lower bound used: 706.556
percent fixed: 47.7641
updating best lambda arc fixing
fixing. lower bound used: 706.556
try arc fixing based on heuristic lspl: 103.162
fixed path dual: 17.4422
alpha: 0.250001
psiStar: 743.104
lagLB: 714.104
||gamma||^2: 116
STATS - lpIterations[1] lagIterations[43] sspIterations[215] numSeparations[92] numCuts[0] compileTime[2] sspSolveTime[10] lpSolveTime[0] lb[718.409] ub[778] numArcs: [146319] numFixed: [70526] time: [99]
STATS1 - lpIterations[1] lagIterations[43] sspIterations[215] numSeparations[92] numCuts[0] compileTime[2] sspSolveTime[10] lpSolveTime[0] repairTime[2] cutsTime[0] alphaTime[0] decompTime[0] yellowTime[0] updateTime[0] fixTime[0] lb[718.409] ub[778] numArcs: [146319] numFixed: [70526] time: [99]
lambda: 0,24.2479,6.84642,43.8412,33.6618,19.9112,20.9525,6.76329,23.7924,15.6129,6.26557,20.2724,14.1612,15.1606,10.5232,4.19573,24.6095,24.1253,11.0472,25.8253,5.26139,29.345,15.9698,31.3342,22.8288,29.0077,15.2833,5.49164,19.7684,11.1458,22.1961,9.24414,41.0861,17.1148,
mu: 
srcDuals: 
fixing. lower bound used: 718.409
percent fixed: 50.21
updating best lambda arc fixing
fixing. lower bound used: 718.409
try arc fixing based on heuristic lspl: 101.239
fixed path dual: 16.9195
alpha: 0.325141
psiStar: 743.354
lagLB: 711.49
||gamma||^2: 98
fixing. lower bound used: 712.652
percent fixed: 49.8082
fixing. lower bound used: 718.409
try arc fixing based on heuristic lspl: 100.264
fixed path dual: 18.3476
alpha: 0.630525
psiStar: 743.182
lagLB: 717.33
||gamma||^2: 41
fixing. lower bound used: 710.19
percent fixed: 49.8895
fixing. lower bound used: 718.409
try arc fixing based on heuristic lspl: 98.3723
fixed path dual: 16.5374
alpha: 0.241237
psiStar: 743.012
lagLB: 716.476
||gamma||^2: 110
STATS - lpIterations[1] lagIterations[46] sspIterations[230] numSeparations[100] numCuts[0] compileTime[2] sspSolveTime[11] lpSolveTime[0] lb[721.732] ub[778] numArcs: [146861] numFixed: [74041] time: [107]
STATS1 - lpIterations[1] lagIterations[46] sspIterations[230] numSeparations[100] numCuts[0] compileTime[2] sspSolveTime[11] lpSolveTime[0] repairTime[2] cutsTime[0] alphaTime[0] decompTime[0] yellowTime[0] updateTime[0] fixTime[0] lb[721.732] ub[778] numArcs: [146861] numFixed: [74041] time: [107]
lambda: 0,24.8143,7.0679,44.0627,34.8587,18.5662,20.8884,6.69915,24.9893,15.5093,6.49752,20.9868,14.3827,15.3925,11.7201,5.39264,24.1807,24.116,11.2687,25.816,5.50262,30.0594,15.2159,32.5311,21.4838,28.9984,15.8497,6.05802,20.0004,10.4511,21.1763,9.4761,41.8005,17.0111,
mu: 
srcDuals: 
fixing. lower bound used: 721.732
percent fixed: 52.9525
updating best lambda arc fixing
fixing. lower bound used: 721.732
try arc fixing based on heuristic lspl: 94.5128
fixed path dual: 17.129
alpha: 0.534844
psiStar: 746.281
lagLB: 718.469
||gamma||^2: 52
fixing. lower bound used: 714.921
percent fixed: 52.7398
fixing. lower bound used: 721.732
try arc fixing based on heuristic lspl: 94.5128
fixed path dual: 17.5638
alpha: 0.952108
psiStar: 746.115
lagLB: 718.504
||gamma||^2: 29
fixing. lower bound used: 716.298
percent fixed: 52.7954
fixing. lower bound used: 721.732
try arc fixing based on heuristic lspl: 94.5128
fixed path dual: 16.1049
alpha: 0.608679
psiStar: 745.951
lagLB: 719.778
||gamma||^2: 43
STATS - lpIterations[1] lagIterations[49] sspIterations[245] numSeparations[103] numCuts[0] compileTime[2] sspSolveTime[11] lpSolveTime[0] lb[723.761] ub[778] numArcs: [147011] numFixed: [77913] time: [116]
STATS1 - lpIterations[1] lagIterations[49] sspIterations[245] numSeparations[103] numCuts[0] compileTime[2] sspSolveTime[11] lpSolveTime[0] repairTime[3] cutsTime[0] alphaTime[0] decompTime[0] yellowTime[0] updateTime[0] fixTime[0] lb[723.761] ub[778] numArcs: [147011] numFixed: [77913] time: [116]
lambda: 0,23.4055,7.48516,43.9451,36.9543,19.4445,21.0798,6.89056,24.4545,14.8568,6.68894,21.4041,14.2651,15.5839,11.1853,5.8099,24.0631,24.3074,10.5424,26.0074,6.64615,29.716,15.6331,32.3397,21.7534,31.0941,16.9932,5.25792,20.1918,10.7207,21.4459,9.66751,41.9919,18.0371,
mu: 
srcDuals: 
fixing. lower bound used: 723.761
percent fixed: 55.7446
updating best lambda arc fixing
fixing. lower bound used: 723.761
try arc fixing based on heuristic lspl: 93.2954
fixed path dual: 17.0229
STATS - lpIterations[1] lagIterations[50] sspIterations[250] numSeparations[104] numCuts[0] compileTime[2] sspSolveTime[12] lpSolveTime[0] lb[724.977] ub[778] numArcs: [147061] numFixed: [81929] time: [119]
STATS1 - lpIterations[1] lagIterations[50] sspIterations[250] numSeparations[104] numCuts[0] compileTime[2] sspSolveTime[12] lpSolveTime[0] repairTime[3] cutsTime[0] alphaTime[0] decompTime[0] yellowTime[0] updateTime[0] fixTime[0] lb[724.977] ub[778] numArcs: [147061] numFixed: [81929] time: [119]
lambda: 0,23.4055,7.48516,43.9451,36.9543,19.4445,21.0798,6.89056,24.4545,14.8568,6.68894,21.4041,14.2651,15.5839,11.1853,5.8099,24.0631,24.3074,10.5424,26.0074,6.64615,29.716,15.6331,32.3397,21.7534,31.0941,16.9932,5.25792,20.1918,10.7207,21.4459,9.66751,41.9919,18.0371,
mu: 
srcDuals: 
alpha: 0.690454
psiStar: 749.143
lagLB: 724.977
||gamma||^2: 35
fixing. lower bound used: 720.387
percent fixed: 55.5724
fixing. lower bound used: 723.761
try arc fixing based on heuristic lspl: 93.9859
fixed path dual: 13.3988
alpha: 0.273974
psiStar: 748.983
lagLB: 715.832
||gamma||^2: 121
STATS - lpIterations[1] lagIterations[51] sspIterations[255] numSeparations[105] numCuts[0] compileTime[2] sspSolveTime[12] lpSolveTime[0] lb[725.822] ub[778] numArcs: [147113] numFixed: [81985] time: [122]
STATS1 - lpIterations[1] lagIterations[51] sspIterations[255] numSeparations[105] numCuts[0] compileTime[2] sspSolveTime[12] lpSolveTime[0] repairTime[3] cutsTime[0] alphaTime[0] decompTime[0] yellowTime[0] updateTime[0] fixTime[0] lb[725.822] ub[778] numArcs: [147113] numFixed: [81985] time: [122]
lambda: 0,24.3699,7.75914,43.5287,37.2283,20.4089,22.0442,7.85499,25.4189,14.4404,6.55747,21.8206,13.8487,14.9045,12.1497,6.50036,23.6466,24.4499,10.8164,26.1499,6.92012,30.4064,14.5262,33.3041,22.7179,30.1407,16.5767,6.22235,19.7864,11.6851,22.4103,9.81002,42.6824,16.9301,
mu: 
srcDuals: 
fixing. lower bound used: 725.822
percent fixed: 57.2066
updating best lambda arc fixing
fixing. lower bound used: 725.822
try arc fixing based on heuristic lspl: 94.2599
fixed path dual: 13.575
alpha: 0.268303
psiStar: 749.698
lagLB: 715.891
||gamma||^2: 126
fixing. lower bound used: 714.365
percent fixed: 56.5088
fixing. lower bound used: 725.822
try arc fixing based on heuristic lspl: 93.7233
fixed path dual: 15.9555
STATS - lpIterations[1] lagIterations[53] sspIterations[265] numSeparations[110] numCuts[0] compileTime[2] sspSolveTime[12] lpSolveTime[0] lb[726.72] ub[778] numArcs: [147219] numFixed: [83637] time: [127]
STATS1 - lpIterations[1] lagIterations[53] sspIterations[265] numSeparations[110] numCuts[0] compileTime[2] sspSolveTime[12] lpSolveTime[0] repairTime[3] cutsTime[0] alphaTime[0] decompTime[0] yellowTime[0] updateTime[0] fixTime[0] lb[726.72] ub[778] numArcs: [147219] numFixed: [83637] time: [127]
lambda: 0,24.3699,8.02744,43.797,37.4966,20.4089,20.7027,6.24517,25.1506,14.7087,6.82577,21.5523,14.117,15.1728,11.0765,5.15884,23.9149,24.7182,11.0847,26.4182,7.18842,30.6747,14.7945,33.0358,22.7179,30.409,16.845,5.95405,20.0547,11.6851,22.4103,10.0783,42.9507,17.1984,
mu: 
srcDuals: 
alpha: 0.402526
psiStar: 750.469
lagLB: 726.72
||gamma||^2: 59
fixing. lower bound used: 714.818
percent fixed: 56.501
fixing. lower bound used: 725.822
try arc fixing based on heuristic lspl: 92.9182
fixed path dual: 14.954
alpha: 0.346939
psiStar: 750.315
lagLB: 725.336
||gamma||^2: 72
STATS - lpIterations[1] lagIterations[54] sspIterations[270] numSeparations[112] numCuts[0] compileTime[2] sspSolveTime[13] lpSolveTime[0] lb[727.709] ub[778] numArcs: [147299] numFixed: [83783] time: [130]
STATS1 - lpIterations[1] lagIterations[54] sspIterations[270] numSeparations[112] numCuts[0] compileTime[2] sspSolveTime[13] lpSolveTime[0] repairTime[3] cutsTime[0] alphaTime[0] decompTime[0] yellowTime[0] updateTime[0] fixTime[0] lb[727.709] ub[778] numArcs: [147299] numFixed: [83783] time: [130]
lambda: 0,24.4255,7.38915,43.1587,36.2334,20.8114,21.4522,6.99464,25.2062,14.0704,7.57524,21.6079,13.4787,15.9223,11.1321,5.21443,24.6644,24.6626,11.1403,26.3626,6.32779,30.6191,15.5439,32.7444,23.1204,30.3534,16.3869,5.31575,19.9991,12.0876,22.8128,10.8278,42.8951,17.9479,
mu: 
srcDuals: 
fixing. lower bound used: 727.709
percent fixed: 58.9408
updating best lambda arc fixing
fixing. lower bound used: 727.709
try arc fixing based on heuristic lspl: 92.2243
fixed path dual: 15.2281
alpha: 0.61766
psiStar: 751.184
lagLB: 724.625
||gamma||^2: 43
fixing. lower bound used: 723.021
percent fixed: 58.5026
fixing. lower bound used: 727.709
try arc fixing based on heuristic lspl: 92.2243
fixed path dual: 14.0344
alpha: 0.599909
psiStar: 751.034
lagLB: 718.039
||gamma||^2: 55
fixing. lower bound used: 721.454
percent fixed: 58.6816
fixing. lower bound used: 727.709
try arc fixing based on heuristic lspl: 92.8242
fixed path dual: 14.7494
alpha: 0.268924
psiStar: 750.885
lagLB: 718.614
||gamma||^2: 120
fixing. lower bound used: 715.039
percent fixed: 58.4793
fixing. lower bound used: 727.709
try arc fixing based on heuristic lspl: 93.0932
fixed path dual: 15.4321
alpha: 0.736177
psiStar: 750.738
lagLB: 722.027
||gamma||^2: 39
fixing. lower bound used: 718.614
percent fixed: 58.466
fixing. lower bound used: 727.709
try arc fixing based on heuristic lspl: 91.6208
fixed path dual: 13.1317
alpha: 0.317683
psiStar: 750.593
lagLB: 720.096
||gamma||^2: 96
fixing. lower bound used: 726.314
percent fixed: 58.9208
fixing. lower bound used: 727.709
try arc fixing based on heuristic lspl: 91.3031
fixed path dual: 13.1496
alpha: 0.339564
psiStar: 750.45
lagLB: 719.55
||gamma||^2: 91
fixing. lower bound used: 718.41
percent fixed: 58.4881
fixing. lower bound used: 727.709
try arc fixing based on heuristic lspl: 91.9822
fixed path dual: 14.577
alpha: 0.320981
psiStar: 750.309
lagLB: 724.31
||gamma||^2: 81
fixing. lower bound used: 717.173
percent fixed: 58.5138
fixing. lower bound used: 727.709
try arc fixing based on heuristic lspl: 92.6242
fixed path dual: 15.5321
STATS - lpIterations[1] lagIterations[62] sspIterations[310] numSeparations[126] numCuts[0] compileTime[2] sspSolveTime[14] lpSolveTime[0] lb[728.122] ub[778] numArcs: [148129] numFixed: [87193] time: [152]
STATS1 - lpIterations[1] lagIterations[62] sspIterations[310] numSeparations[126] numCuts[0] compileTime[2] sspSolveTime[14] lpSolveTime[0] repairTime[3] cutsTime[0] alphaTime[0] decompTime[0] yellowTime[0] updateTime[0] fixTime[0] lb[728.122] ub[778] numArcs: [148129] numFixed: [87193] time: [152]
lambda: 0,25.1736,7.43206,43.4619,37.2258,20.687,21.6244,6.8525,24.9802,13.7737,7.11056,21.3819,13.7819,15.1366,11.8558,5.6238,24.4469,23.9811,11.5228,25.6811,7.45642,30.4114,15.9264,33.4748,22.9959,29.798,17.3793,6.06381,19.4889,11.6422,22.6884,10.0454,43.0269,18.3304,
mu: 
srcDuals: 
alpha: 0.440645
psiStar: 750.595
lagLB: 728.122
||gamma||^2: 51
fixing. lower bound used: 723.347
percent fixed: 58.5288
fixing. lower bound used: 727.709
try arc fixing based on heuristic lspl: 91.7429
fixed path dual: 14.1932
alpha: 0.492907
psiStar: 750.457
lagLB: 721.869
||gamma||^2: 58
fixing. lower bound used: 725.31
percent fixed: 58.9654
updating best lambda arc fixing
fixing. lower bound used: 725.31
try arc fixing based on heuristic lspl: 92.2358
fixed path dual: 14.1218
alpha: 0.383397
psiStar: 750.321
lagLB: 723.483
||gamma||^2: 70
fixing. lower bound used: 721.79
percent fixed: 56.4962
fixing. lower bound used: 725.31
try arc fixing based on heuristic lspl: 93.0026
fixed path dual: 14.9512
alpha: 0.606267
psiStar: 750.187
lagLB: 725.33
||gamma||^2: 41
fixing. lower bound used: 721.183
percent fixed: 56.6872
fixing. lower bound used: 725.31
try arc fixing based on heuristic lspl: 91.7901
fixed path dual: 13.5192
alpha: 0.528553
psiStar: 750.054
lagLB: 723.626
||gamma||^2: 50
fixing. lower bound used: 726.828
percent fixed: 57.7846
fixing. lower bound used: 725.31
try arc fixing based on heuristic lspl: 91.7901
fixed path dual: 13.9874
alpha: 0.49188
psiStar: 749.922
lagLB: 723.853
||gamma||^2: 53
fixing. lower bound used: 720.601
percent fixed: 56.4675
fixing. lower bound used: 725.31
try arc fixing based on heuristic lspl: 92.282
fixed path dual: 14.0587
alpha: 0.719039
psiStar: 749.793
lagLB: 721.75
||gamma||^2: 39
fixing. lower bound used: 721.109
percent fixed: 56.6652
fixing. lower bound used: 725.31
try arc fixing based on heuristic lspl: 90.8439
fixed path dual: 12.8131
alpha: 0.799841
psiStar: 749.665
lagLB: 724.869
||gamma||^2: 31
fixing. lower bound used: 727.81
percent fixed: 58.5101
fixing. lower bound used: 725.31
try arc fixing based on heuristic lspl: 90.8439
fixed path dual: 11.6089
alpha: 0.239774
psiStar: 749.538
lagLB: 716.449
||gamma||^2: 138
fixing. lower bound used: 720.1
percent fixed: 56.2682
fixing. lower bound used: 725.31
try arc fixing based on heuristic lspl: 91.803
fixed path dual: 13.1378
alpha: 0.410598
psiStar: 749.413
lagLB: 723.134
||gamma||^2: 64
fixing. lower bound used: 715.49
percent fixed: 56.2483
fixing. lower bound used: 725.31
try arc fixing based on heuristic lspl: 90.9818
fixed path dual: 13.1718
alpha: 0.784017
psiStar: 749.289
lagLB: 725.768
||gamma||^2: 30
fixing. lower bound used: 725.162
percent fixed: 56.4293
fixing. lower bound used: 725.31
try arc fixing based on heuristic lspl: 92.5498
fixed path dual: 11.7436
alpha: 0.334453
psiStar: 749.166
lagLB: 717.059
||gamma||^2: 96
fixing. lower bound used: 721.941
percent fixed: 56.8771
fixing. lower bound used: 725.31
try arc fixing based on heuristic lspl: 91.8809
fixed path dual: 14.131
alpha: 0.763822
psiStar: 749.045
lagLB: 727.658
||gamma||^2: 28
fixing. lower bound used: 715.721
percent fixed: 56.2293
fixing. lower bound used: 725.31
try arc fixing based on heuristic lspl: 91.1171
fixed path dual: 12.0671
alpha: 0.181431
psiStar: 748.926
lagLB: 724.977
||gamma||^2: 132
STATS - lpIterations[1] lagIterations[75] sspIterations[375] numSeparations[139] numCuts[0] compileTime[2] sspSolveTime[17] lpSolveTime[0] lb[731.399] ub[778] numArcs: [148914] numFixed: [84268] time: [186]
STATS1 - lpIterations[1] lagIterations[75] sspIterations[375] numSeparations[139] numCuts[0] compileTime[2] sspSolveTime[17] lpSolveTime[0] repairTime[4] cutsTime[0] alphaTime[0] decompTime[0] yellowTime[0] updateTime[0] fixTime[0] lb[731.399] ub[778] numArcs: [148914] numFixed: [84268] time: [186]
lambda: 0,24.5151,7.9267,43.6807,37.3247,21.9142,22.5039,7.06304,25.7871,14.304,7.65254,21.68,14.0007,16.3965,12.1054,6.36807,24.3029,24.6178,12.2345,26.3178,8.09293,30.6985,14.978,33.7437,22.2849,31.1815,17.4782,6.59855,20.424,11.4806,22.388,10.4423,43.9884,19.0777,
mu: 
srcDuals: 
fixing. lower bound used: 731.399
percent fixed: 61.2639
updating best lambda arc fixing
fixing. lower bound used: 731.399
try arc fixing based on heuristic lspl: 91.48
fixed path dual: 13.3994
alpha: 0.527494
psiStar: 752.177
lagLB: 730.55
||gamma||^2: 41
fixing. lower bound used: 723.888
percent fixed: 61.3043
updating best lambda arc fixing
fixing. lower bound used: 723.888
try arc fixing based on heuristic lspl: 91.48
fixed path dual: 12.3274
alpha: 0.948411
psiStar: 752.06
lagLB: 723.608
||gamma||^2: 30
fixing. lower bound used: 726.226
percent fixed: 57.1404
fixing. lower bound used: 723.888
try arc fixing based on heuristic lspl: 91.48
fixed path dual: 10.3345
alpha: 0.217989
psiStar: 751.944
lagLB: 715.54
||gamma||^2: 167
fixing. lower bound used: 721.867
percent fixed: 57.4049
fixing. lower bound used: 723.888
try arc fixing based on heuristic lspl: 91.6979
fixed path dual: 11.5989
alpha: 0.386989
psiStar: 751.829
lagLB: 721.644
||gamma||^2: 78
fixing. lower bound used: 715.299
percent fixed: 54.121
fixing. lower bound used: 723.888
try arc fixing based on heuristic lspl: 90.924
fixed path dual: 12.1385
alpha: 0.633328
psiStar: 751.716
lagLB: 725.116
||gamma||^2: 42
fixing. lower bound used: 721.524
percent fixed: 54.7116
fixing. lower bound used: 723.888
try arc fixing based on heuristic lspl: 90.924
fixed path dual: 10.5215
alpha: 0.615453
psiStar: 751.603
lagLB: 720.831
||gamma||^2: 50
fixing. lower bound used: 724.894
percent fixed: 55.8655
fixing. lower bound used: 723.888
try arc fixing based on heuristic lspl: 91.5394
fixed path dual: 12.4801
alpha: 0.846942
psiStar: 751.492
lagLB: 726.931
||gamma||^2: 29
fixing. lower bound used: 717.138
percent fixed: 56.0645
fixing. lower bound used: 723.888
try arc fixing based on heuristic lspl: 91.5394
fixed path dual: 10.0038
alpha: 0.322756
psiStar: 751.382
lagLB: 718.784
||gamma||^2: 101
fixing. lower bound used: 725.489
percent fixed: 56.3108
fixing. lower bound used: 723.888
try arc fixing based on heuristic lspl: 90.8939
fixed path dual: 10.1552
alpha: 0.554254
psiStar: 751.274
lagLB: 718.573
||gamma||^2: 59
fixing. lower bound used: 716.026
percent fixed: 54.0886
fixing. lower bound used: 723.888
try arc fixing based on heuristic lspl: 91.1684
fixed path dual: 12.4444
alpha: 0.367906
psiStar: 751.166
lagLB: 728.356
||gamma||^2: 62
fixing. lower bound used: 716.91
percent fixed: 54.1167
fixing. lower bound used: 723.888
try arc fixing based on heuristic lspl: 90.8939
fixed path dual: 12.5576
alpha: 0.497256
psiStar: 751.06
lagLB: 728.186
||gamma||^2: 46
fixing. lower bound used: 726.903
percent fixed: 57.2927
fixing. lower bound used: 723.888
try arc fixing based on heuristic lspl: 90.9298
fixed path dual: 11.5267
alpha: 0.920969
psiStar: 750.955
lagLB: 727.01
||gamma||^2: 26
fixing. lower bound used: 729.401
percent fixed: 59.6449
fixing. lower bound used: 723.888
try arc fixing based on heuristic lspl: 91.7413
fixed path dual: 11.4764
alpha: 0.65819
psiStar: 750.851
lagLB: 721.232
||gamma||^2: 45
fixing. lower bound used: 720.414
percent fixed: 59.8549
fixing. lower bound used: 723.888
try arc fixing based on heuristic lspl: 90.425
fixed path dual: 11.367
alpha: 0.689684
psiStar: 750.748
lagLB: 726.609
||gamma||^2: 35
fixing. lower bound used: 726.096
percent fixed: 56.3064
fixing. lower bound used: 723.888
try arc fixing based on heuristic lspl: 91.1146
fixed path dual: 11.6572
alpha: 0.632177
psiStar: 750.646
lagLB: 725.991
||gamma||^2: 39
fixing. lower bound used: 723.535
percent fixed: 55.2565
fixing. lower bound used: 723.888
try arc fixing based on heuristic lspl: 91.1146
fixed path dual: 9.63744
alpha: 0.249685
psiStar: 750.545
lagLB: 721.582
||gamma||^2: 116
fixing. lower bound used: 727.396
percent fixed: 57.4585
fixing. lower bound used: 723.888
try arc fixing based on heuristic lspl: 90.6153
fixed path dual: 10.8625
alpha: 0.244498
psiStar: 750.446
lagLB: 727.707
||gamma||^2: 93
fixing. lower bound used: 721.061
percent fixed: 54.2993
fixing. lower bound used: 723.888
try arc fixing based on heuristic lspl: 91.1043
fixed path dual: 11.5399
alpha: 0.197884
psiStar: 750.347
lagLB: 730.361
||gamma||^2: 101
fixing. lower bound used: 726.974
percent fixed: 57.6312
fixing. lower bound used: 723.888
try arc fixing based on heuristic lspl: 90.7085
fixed path dual: 11.7281
alpha: 0.781647
psiStar: 750.249
lagLB: 730.708
||gamma||^2: 25
fixing. lower bound used: 729.674
percent fixed: 59.9816
fixing. lower bound used: 723.888
try arc fixing based on heuristic lspl: 91.4901
fixed path dual: 9.05021
alpha: 0.525672
psiStar: 750.153
lagLB: 719.664
||gamma||^2: 58
fixing. lower bound used: 727.156
percent fixed: 60.7786
fixing. lower bound used: 723.888
try arc fixing based on heuristic lspl: 90.4388
fixed path dual: 10.0853
alpha: 0.387969
psiStar: 750.057
lagLB: 724.839
||gamma||^2: 65
fixing. lower bound used: 718.587
percent fixed: 54.1235
fixing. lower bound used: 723.888
try arc fixing based on heuristic lspl: 90.8268
fixed path dual: 11.2397
alpha: 0.632108
psiStar: 749.962
lagLB: 730.999
||gamma||^2: 30
fixing. lower bound used: 725.227
percent fixed: 56.3603
fixing. lower bound used: 723.888
try arc fixing based on heuristic lspl: 90.8268
fixed path dual: 9.39252
alpha: 0.669175
psiStar: 749.869
lagLB: 721.763
||gamma||^2: 42
fixing. lower bound used: 725.874
percent fixed: 57.2239
fixing. lower bound used: 723.888
try arc fixing based on heuristic lspl: 90.8268
fixed path dual: 10.4563
alpha: 0.872826
psiStar: 749.776
lagLB: 727.082
||gamma||^2: 26
fixing. lower bound used: 721.763
percent fixed: 57.2463
fixing. lower bound used: 723.888
try arc fixing based on heuristic lspl: 90.8268
fixed path dual: 8.6477
alpha: 0.654731
psiStar: 749.684
lagLB: 721.53
||gamma||^2: 43
fixing. lower bound used: 726.483
percent fixed: 57.9073
fixing. lower bound used: 723.888
try arc fixing based on heuristic lspl: 90.8268
fixed path dual: 8.99231
alpha: 0.214239
psiStar: 749.593
lagLB: 722.599
||gamma||^2: 126
fixing. lower bound used: 719.959
percent fixed: 57.9121
fixing. lower bound used: 723.888
try arc fixing based on heuristic lspl: 90.3983
fixed path dual: 10.6252
alpha: 0.694061
psiStar: 749.503
lagLB: 730.763
||gamma||^2: 27
fixing. lower bound used: 722.599
percent fixed: 54.782
fixing. lower bound used: 723.888
try arc fixing based on heuristic lspl: 90.3983
fixed path dual: 8.50334
alpha: 0.314505
psiStar: 749.414
lagLB: 723.624
||gamma||^2: 82
fixing. lower bound used: 729.434
percent fixed: 58.9259
fixing. lower bound used: 723.888
try arc fixing based on heuristic lspl: 90.0583
fixed path dual: 9.41234
alpha: 0.280177
psiStar: 749.325
lagLB: 726.911
||gamma||^2: 80
fixing. lower bound used: 721.905
percent fixed: 54.3269
fixing. lower bound used: 723.888
try arc fixing based on heuristic lspl: 90.6098
fixed path dual: 10.6655
STATS - lpIterations[1] lagIterations[105] sspIterations[525] numSeparations[168] numCuts[0] compileTime[2] sspSolveTime[24] lpSolveTime[0] lb[732.616] ub[778] numArcs: [150216] numFixed: [81828] time: [267]
STATS1 - lpIterations[1] lagIterations[105] sspIterations[525] numSeparations[168] numCuts[0] compileTime[2] sspSolveTime[24] lpSolveTime[0] repairTime[5] cutsTime[0] alphaTime[0] decompTime[0] yellowTime[0] updateTime[0] fixTime[0] lb[732.616] ub[778] numArcs: [150216] numFixed: [81828] time: [267]
lambda: 0,26.5806,8.36367,44.0565,38.6431,22.6475,23.3569,6.84537,26.4925,14.6798,7.39735,21.5607,14.3765,17.3739,12.6912,5.25682,24.6786,24.2379,13.2257,26.2181,10.0436,31.0406,15.3538,34.6598,23.4013,32.1404,18.7966,5.14496,18.5507,12.1094,23.1213,10.3824,45.8536,20.0078,
mu: 
srcDuals: 
alpha: 0.714748
psiStar: 750.485
lagLB: 732.616
||gamma||^2: 25
fixing. lower bound used: 726.351
percent fixed: 56.735
fixing. lower bound used: 723.888
try arc fixing based on heuristic lspl: 89.8951
fixed path dual: 7.22901
alpha: 0.587472
psiStar: 750.398
lagLB: 720.437
||gamma||^2: 51
fixing. lower bound used: 730.126
percent fixed: 60.0746
fixing. lower bound used: 723.888
try arc fixing based on heuristic lspl: 89.8951
fixed path dual: 8.48123
alpha: 0.177457
psiStar: 750.313
lagLB: 724.936
||gamma||^2: 143
fixing. lower bound used: 718.004
percent fixed: 60.1083
fixing. lower bound used: 723.888
try arc fixing based on heuristic lspl: 90.4274
fixed path dual: 10.2487
alpha: 0.589881
psiStar: 750.227
lagLB: 732.531
||gamma||^2: 30
fixing. lower bound used: 723.694
percent fixed: 54.9279
fixing. lower bound used: 723.888
try arc fixing based on heuristic lspl: 89.6728
fixed path dual: 8.29723
alpha: 0.794334
psiStar: 750.143
lagLB: 726.313
||gamma||^2: 30
fixing. lower bound used: 731.052
percent fixed: 60.6585
fixing. lower bound used: 723.888
try arc fixing based on heuristic lspl: 90.8363
fixed path dual: 9.00887
alpha: 0.804979
psiStar: 750.06
lagLB: 725.105
||gamma||^2: 31
fixing. lower bound used: 721.41
percent fixed: 54.4595
fixing. lower bound used: 723.888
try arc fixing based on heuristic lspl: 89.6728
fixed path dual: 7.95613
alpha: 0.78933
psiStar: 749.977
lagLB: 727.086
||gamma||^2: 29
fixing. lower bound used: 729.472
percent fixed: 59.1082
fixing. lower bound used: 723.888
try arc fixing based on heuristic lspl: 90.0157
fixed path dual: 8.56402
alpha: 0.878367
psiStar: 749.895
lagLB: 726.179
||gamma||^2: 27
fixing. lower bound used: 723.14
percent fixed: 54.9058
fixing. lower bound used: 723.888
try arc fixing based on heuristic lspl: 90.0157
fixed path dual: 7.57578
alpha: 0.54964
psiStar: 749.814
lagLB: 725.63
||gamma||^2: 44
fixing. lower bound used: 727.986
percent fixed: 58.4447
fixing. lower bound used: 723.888
try arc fixing based on heuristic lspl: 90.0157
fixed path dual: 8.41728
alpha: 0.712737
psiStar: 749.734
lagLB: 727.639
||gamma||^2: 31
fixing. lower bound used: 723.291
percent fixed: 54.9265
fixing. lower bound used: 723.888
try arc fixing based on heuristic lspl: 90.0157
fixed path dual: 7.31726
alpha: 0.246924
psiStar: 749.654
lagLB: 725.702
||gamma||^2: 97
fixing. lower bound used: 727.846
percent fixed: 57.7369
fixing. lower bound used: 723.888
try arc fixing based on heuristic lspl: 90.7565
fixed path dual: 8.34767
alpha: 0.243269
psiStar: 749.575
lagLB: 730.114
||gamma||^2: 80
fixing. lower bound used: 724.962
percent fixed: 55.2454
fixing. lower bound used: 723.888
try arc fixing based on heuristic lspl: 90.27
fixed path dual: 8.89388
STATS - lpIterations[1] lagIterations[117] sspIterations[585] numSeparations[178] numCuts[0] compileTime[2] sspSolveTime[26] lpSolveTime[0] lb[732.845] ub[778] numArcs: [150889] numFixed: [82407] time: [300]
STATS1 - lpIterations[1] lagIterations[117] sspIterations[585] numSeparations[178] numCuts[0] compileTime[2] sspSolveTime[26] lpSolveTime[0] repairTime[5] cutsTime[0] alphaTime[0] decompTime[0] yellowTime[0] updateTime[0] fixTime[0] lb[732.845] ub[778] numArcs: [150889] numFixed: [82407] time: [300]
lambda: 0,26.3612,8.59647,44.4668,39.3865,22.664,23.1932,6.92491,26.3363,14.7351,8.14421,21.891,14.7868,18.1208,12.535,5.34386,24.734,24.2065,14.3073,26.8994,10.1157,30.8054,15.5866,34.4405,23.4178,33.5229,19.54,5.20673,19.2058,11.8826,23.6874,10.7364,46.6009,19.9936,
mu: 
srcDuals: 
alpha: 0.625401
psiStar: 749.731
lagLB: 732.845
||gamma||^2: 27
fixing. lower bound used: 730.114
percent fixed: 59.8333
fixing. lower bound used: 723.888
try arc fixing based on heuristic lspl: 90.27
fixed path dual: 7.19979
alpha: 0.458875
psiStar: 749.653
lagLB: 726.25
||gamma||^2: 51
fixing. lower bound used: 730.912
percent fixed: 60.302
fixing. lower bound used: 723.888
try arc fixing based on heuristic lspl: 89.3522
fixed path dual: 6.48961
alpha: 0.256484
psiStar: 749.576
lagLB: 723.158
||gamma||^2: 103
fixing. lower bound used: 724.813
percent fixed: 60.4728
fixing. lower bound used: 723.888
try arc fixing based on heuristic lspl: 89.8652
fixed path dual: 8.61019
STATS - lpIterations[1] lagIterations[120] sspIterations[600] numSeparations[180] numCuts[0] compileTime[2] sspSolveTime[27] lpSolveTime[0] lb[732.992] ub[778] numArcs: [150982] numFixed: [82472] time: [309]
STATS1 - lpIterations[1] lagIterations[120] sspIterations[600] numSeparations[180] numCuts[0] compileTime[2] sspSolveTime[27] lpSolveTime[0] repairTime[6] cutsTime[0] alphaTime[0] decompTime[0] yellowTime[0] updateTime[0] fixTime[0] lb[732.992] ub[778] numArcs: [150982] numFixed: [82472] time: [309]
lambda: 0,26.3254,8.68643,44.5567,39.4765,22.6281,23.6162,7.34792,26.7593,14.8251,7.83363,22.0575,14.8767,17.5537,12.958,5.76687,24.8239,23.8959,13.7718,26.8453,10.2056,30.7513,15.6765,34.8635,23.3819,33.5812,19.63,5.17086,18.8952,11.8467,23.6515,10.4258,46.5468,20.709,
mu: 
srcDuals: 
alpha: 0.616997
psiStar: 749.651
lagLB: 732.992
||gamma||^2: 27
fixing. lower bound used: 722.389
percent fixed: 54.6836
fixing. lower bound used: 723.888
try arc fixing based on heuristic lspl: 89.8652
fixed path dual: 6.2181
alpha: 0.480358
psiStar: 749.575
lagLB: 724.116
||gamma||^2: 53
fixing. lower bound used: 730.558
percent fixed: 60.0043
fixing. lower bound used: 723.888
try arc fixing based on heuristic lspl: 90.3455
fixed path dual: 7.89712
alpha: 0.323183
psiStar: 749.501
lagLB: 730.11
||gamma||^2: 60
fixing. lower bound used: 721.715
percent fixed: 60.0587
fixing. lower bound used: 723.888
try arc fixing based on heuristic lspl: 89.6992
fixed path dual: 7.73441
alpha: 0.627926
psiStar: 749.427
lagLB: 730.589
||gamma||^2: 30
fixing. lower bound used: 730.087
percent fixed: 60.2719
fixing. lower bound used: 723.888
try arc fixing based on heuristic lspl: 89.6992
fixed path dual: 5.81982
alpha: 0.304286
psiStar: 749.353
lagLB: 722.272
||gamma||^2: 89
fixing. lower bound used: 728.541
percent fixed: 60.797
fixing. lower bound used: 723.888
try arc fixing based on heuristic lspl: 89.0906
fixed path dual: 7.99848
alpha: 0.425708
psiStar: 749.281
lagLB: 732.252
||gamma||^2: 40
fixing. lower bound used: 721.359
percent fixed: 54.4553
fixing. lower bound used: 723.888
try arc fixing based on heuristic lspl: 89.0906
fixed path dual: 7.0641
alpha: 0.615288
psiStar: 749.209
lagLB: 730.135
||gamma||^2: 31
fixing. lower bound used: 732.202
percent fixed: 62.0671
updating best lambda arc fixing
fixing. lower bound used: 732.202
try arc fixing based on heuristic lspl: 89.7059
fixed path dual: 7.12516
alpha: 0.48912
psiStar: 749.137
lagLB: 728.594
||gamma||^2: 42
fixing. lower bound used: 727.394
percent fixed: 62.1
updating best lambda arc fixing
fixing. lower bound used: 727.394
try arc fixing based on heuristic lspl: 89.7059
fixed path dual: 6.26612
alpha: 0.295037
psiStar: 749.066
lagLB: 727.234
||gamma||^2: 74
fixing. lower bound used: 729.194
percent fixed: 62.3277
updating best lambda arc fixing
fixing. lower bound used: 729.194
try arc fixing based on heuristic lspl: 89.1158
fixed path dual: 7.35939
alpha: 0.562874
psiStar: 748.996
lagLB: 732.11
||gamma||^2: 30
fixing. lower bound used: 726.644
percent fixed: 59.0854
fixing. lower bound used: 729.194
try arc fixing based on heuristic lspl: 89.1158
fixed path dual: 5.70434
alpha: 0.221909
psiStar: 748.927
lagLB: 724.96
||gamma||^2: 108
fixing. lower bound used: 730.029
percent fixed: 60.4288
fixing. lower bound used: 729.194
try arc fixing based on heuristic lspl: 90.0034
fixed path dual: 7.07316
alpha: 0.41783
psiStar: 748.858
lagLB: 730.473
||gamma||^2: 44
fixing. lower bound used: 723.629
percent fixed: 59.0664
fixing. lower bound used: 729.194
try arc fixing based on heuristic lspl: 89.1678
fixed path dual: 6.71736
alpha: 0.418765
psiStar: 748.789
lagLB: 731.201
||gamma||^2: 42
fixing. lower bound used: 731.834
percent fixed: 61.2728
fixing. lower bound used: 729.194
try arc fixing based on heuristic lspl: 90.0053
fixed path dual: 6.47095
alpha: 0.444075
psiStar: 748.721
lagLB: 728.294
||gamma||^2: 46
fixing. lower bound used: 727.998
percent fixed: 61.5163
fixing. lower bound used: 729.194
try arc fixing based on heuristic lspl: 89.1172
fixed path dual: 6.77122
STATS - lpIterations[1] lagIterations[134] sspIterations[670] numSeparations[188] numCuts[0] compileTime[2] sspSolveTime[30] lpSolveTime[0] lb[733.348] ub[778] numArcs: [151276] numFixed: [90107] time: [347]
STATS1 - lpIterations[1] lagIterations[134] sspIterations[670] numSeparations[188] numCuts[0] compileTime[2] sspSolveTime[30] lpSolveTime[0] repairTime[6] cutsTime[0] alphaTime[0] decompTime[0] yellowTime[0] updateTime[0] fixTime[0] lb[733.348] ub[778] numArcs: [151276] numFixed: [90107] time: [347]
lambda: 0,27.6462,8.95105,44.8213,39.4184,23.0329,23.0683,6.95872,27.3511,14.7694,8.3322,22.5677,15.1413,18.1069,12.3466,5.73174,25.0886,24.517,14.3567,27.4664,10.1475,31.1849,15.6461,35.8801,23.7867,34.1078,19.5719,5.76035,18.9031,11.7973,24.1699,11.2295,46.9804,20.6534,
mu: 
srcDuals: 
alpha: 0.626793
psiStar: 749.018
lagLB: 733.348
||gamma||^2: 25
fixing. lower bound used: 731.846
percent fixed: 61.5467
fixing. lower bound used: 729.194
try arc fixing based on heuristic lspl: 89.744
fixed path dual: 6.33859
alpha: 0.746437
psiStar: 748.951
lagLB: 728.051
||gamma||^2: 28
fixing. lower bound used: 728.868
percent fixed: 61.917
fixing. lower bound used: 729.194
try arc fixing based on heuristic lspl: 88.9975
fixed path dual: 5.43781
alpha: 0.744867
psiStar: 748.885
lagLB: 729.518
||gamma||^2: 26
fixing. lower bound used: 731.54
percent fixed: 61.4779
fixing. lower bound used: 729.194
try arc fixing based on heuristic lspl: 90.4872
fixed path dual: 5.54319
alpha: 0.26116
psiStar: 748.819
lagLB: 725.576
||gamma||^2: 89
fixing. lower bound used: 724.744
percent fixed: 61.7283
fixing. lower bound used: 729.194
try arc fixing based on heuristic lspl: 89.9649
fixed path dual: 6.70854
alpha: 0.671668
psiStar: 748.754
lagLB: 730.619
||gamma||^2: 27
fixing. lower bound used: 724.793
percent fixed: 59.0605
fixing. lower bound used: 729.194
try arc fixing based on heuristic lspl: 88.6216
fixed path dual: 5.07452
alpha: 0.776755
psiStar: 748.69
lagLB: 728.494
||gamma||^2: 26
fixing. lower bound used: 732.183
percent fixed: 61.9504
fixing. lower bound used: 729.194
try arc fixing based on heuristic lspl: 89.3983
fixed path dual: 5.5812
alpha: 0.492984
psiStar: 748.626
lagLB: 727.921
||gamma||^2: 42
fixing. lower bound used: 725.387
percent fixed: 61.9859
fixing. lower bound used: 729.194
try arc fixing based on heuristic lspl: 89.3983
fixed path dual: 5.06183
alpha: 0.285647
psiStar: 748.563
lagLB: 728.282
||gamma||^2: 71
fixing. lower bound used: 728.711
percent fixed: 59.271
fixing. lower bound used: 729.194
try arc fixing based on heuristic lspl: 88.8271
fixed path dual: 5.70298
alpha: 0.355886
psiStar: 748.5
lagLB: 731.773
||gamma||^2: 47
fixing. lower bound used: 727.602
percent fixed: 59.6328
fixing. lower bound used: 729.194
try arc fixing based on heuristic lspl: 89.1829
fixed path dual: 6.10877
STATS - lpIterations[1] lagIterations[143] sspIterations[715] numSeparations[192] numCuts[0] compileTime[2] sspSolveTime[32] lpSolveTime[0] lb[733.446] ub[778] numArcs: [151426] numFixed: [90217] time: [370]
STATS1 - lpIterations[1] lagIterations[143] sspIterations[715] numSeparations[192] numCuts[0] compileTime[2] sspSolveTime[32] lpSolveTime[0] repairTime[7] cutsTime[0] alphaTime[0] decompTime[0] yellowTime[0] updateTime[0] fixTime[0] lb[733.446] ub[778] numArcs: [151426] numFixed: [90217] time: [370]
lambda: 0,27.6315,8.19287,44.7749,39.8467,23.5185,24.0517,7.4198,27.3118,14.723,8.09742,22.5774,15.0949,17.8721,12.3074,5.74145,24.3304,24.4656,13.9544,27.415,10.9317,31.5962,15.5997,35.8898,24.2723,34.6498,20.0002,5.22325,19.3143,12.4951,24.3943,11.566,47.3917,20.2511,
mu: 
srcDuals: 
alpha: 0.359321
psiStar: 748.538
lagLB: 733.446
||gamma||^2: 42
fixing. lower bound used: 731.417
percent fixed: 61.3535
fixing. lower bound used: 729.194
try arc fixing based on heuristic lspl: 88.8236
fixed path dual: 5.61911
alpha: 0.670372
psiStar: 748.476
lagLB: 731.716
||gamma||^2: 25
fixing. lower bound used: 732.858
percent fixed: 63.2679
updating best lambda arc fixing
fixing. lower bound used: 732.858
try arc fixing based on heuristic lspl: 88.1532
fixed path dual: 4.25961
alpha: 0.419659
psiStar: 748.414
lagLB: 728.271
||gamma||^2: 48
fixing. lower bound used: 731.605
percent fixed: 63.4241
updating best lambda arc fixing
fixing. lower bound used: 731.605
try arc fixing based on heuristic lspl: 88.5729
fixed path dual: 4.82151
alpha: 0.312286
psiStar: 748.354
lagLB: 730.241
||gamma||^2: 58
fixing. lower bound used: 726.019
percent fixed: 61.0733
fixing. lower bound used: 731.605
try arc fixing based on heuristic lspl: 88.8852
fixed path dual: 5.36168
alpha: 0.1395
psiStar: 748.293
lagLB: 731.693
||gamma||^2: 119
fixing. lower bound used: 728.542
percent fixed: 61.1065
fixing. lower bound used: 731.605
try arc fixing based on heuristic lspl: 88.6062
fixed path dual: 5.89059
STATS - lpIterations[1] lagIterations[148] sspIterations[740] numSeparations[194] numCuts[0] compileTime[2] sspSolveTime[33] lpSolveTime[0] lb[734.198] ub[778] numArcs: [151544] numFixed: [94031] time: [383]
STATS1 - lpIterations[1] lagIterations[148] sspIterations[740] numSeparations[194] numCuts[0] compileTime[2] sspSolveTime[33] lpSolveTime[0] repairTime[7] cutsTime[0] alphaTime[0] decompTime[0] yellowTime[0] updateTime[0] fixTime[0] lb[734.198] ub[778] numArcs: [151544] numFixed: [94031] time: [383]
lambda: 0,27.4943,8.48678,45.0689,40.4071,23.2371,23.7703,7.13841,27.1747,14.7047,8.38026,22.4403,15.3889,18.155,12.4493,5.60434,24.9366,24.3891,14.2483,27.3385,11.1798,31.5801,15.8936,35.7527,23.9909,34.6337,20.5606,5.22565,19.2982,11.9347,24.1129,11.8488,47.3755,20.545,
mu: 
srcDuals: 
alpha: 0.352437
psiStar: 749
lagLB: 734.198
||gamma||^2: 42
fixing. lower bound used: 731.553
percent fixed: 61.876
fixing. lower bound used: 731.605
try arc fixing based on heuristic lspl: 88.6062
fixed path dual: 4.85546
alpha: 0.434243
psiStar: 748.941
lagLB: 731.137
||gamma||^2: 41
fixing. lower bound used: 733.641
percent fixed: 63.7347
updating best lambda arc fixing
fixing. lower bound used: 733.641
try arc fixing based on heuristic lspl: 88.6062
fixed path dual: 5.38339
alpha: 0.691063
psiStar: 748.882
lagLB: 731.605
||gamma||^2: 25
fixing. lower bound used: 728.943
percent fixed: 63.7686
updating best lambda arc fixing
fixing. lower bound used: 728.943
try arc fixing based on heuristic lspl: 87.9151
fixed path dual: 3.79088
alpha: 0.350744
psiStar: 748.823
lagLB: 728.48
||gamma||^2: 58
fixing. lower bound used: 732.66
percent fixed: 64.0163
updating best lambda arc fixing
fixing. lower bound used: 732.66
try arc fixing based on heuristic lspl: 89.3181
fixed path dual: 5.28682
alpha: 0.354804
psiStar: 748.765
lagLB: 733.154
||gamma||^2: 44
fixing. lower bound used: 725.674
percent fixed: 62.1451
fixing. lower bound used: 732.66
try arc fixing based on heuristic lspl: 89.3181
fixed path dual: 5.2767
alpha: 0.509813
psiStar: 748.708
lagLB: 732.394
||gamma||^2: 32
fixing. lower bound used: 731.512
percent fixed: 62.4743
fixing. lower bound used: 732.66
try arc fixing based on heuristic lspl: 88.8083
fixed path dual: 4.33826
alpha: 0.212016
psiStar: 748.65
lagLB: 728.721
||gamma||^2: 94
fixing. lower bound used: 731.335
percent fixed: 62.3804
fixing. lower bound used: 732.66
try arc fixing based on heuristic lspl: 89.2323
fixed path dual: 5.07287
alpha: 0.33427
psiStar: 748.594
lagLB: 731.546
||gamma||^2: 51
fixing. lower bound used: 727.873
percent fixed: 62.5889
fixing. lower bound used: 732.66
try arc fixing based on heuristic lspl: 88.5638
fixed path dual: 4.97132
alpha: 0.56146
psiStar: 748.538
lagLB: 733.378
||gamma||^2: 27
fixing. lower bound used: 733.148
percent fixed: 63.3762
fixing. lower bound used: 732.66
try arc fixing based on heuristic lspl: 88.5638
fixed path dual: 4.77007
alpha: 0.505192
psiStar: 748.482
lagLB: 731.81
||gamma||^2: 33
fixing. lower bound used: 732.197
percent fixed: 63.6484
fixing. lower bound used: 732.66
try arc fixing based on heuristic lspl: 87.5534
fixed path dual: 4.6274
STATS - lpIterations[1] lagIterations[158] sspIterations[790] numSeparations[198] numCuts[0] compileTime[2] sspSolveTime[35] lpSolveTime[0] lb[734.633] ub[778] numArcs: [151760] numFixed: [95149] time: [409]
STATS1 - lpIterations[1] lagIterations[158] sspIterations[790] numSeparations[198] numCuts[0] compileTime[2] sspSolveTime[35] lpSolveTime[0] repairTime[7] cutsTime[0] alphaTime[0] decompTime[0] yellowTime[0] updateTime[0] fixTime[0] lb[734.633] ub[778] numArcs: [151760] numFixed: [95149] time: [409]
lambda: 0,28.3595,8.72956,45.3116,40.4374,23.7909,23.5975,7.03661,26.6828,14.9474,8.02082,22.1005,15.6316,18.497,12.952,5.68855,25.1794,24.6268,14.332,27.5762,10.8593,31.6692,16.1364,36.1836,24.5447,34.8527,20.5909,5.63601,19.1753,12.4175,25.0215,12.4998,47.4646,20.9468,
mu: 
srcDuals: 
alpha: 0.490934
psiStar: 748.87
lagLB: 734.633
||gamma||^2: 29
STATS - lpIterations[1] lagIterations[158] sspIterations[790] numSeparations[198] numCuts[0] compileTime[2] sspSolveTime[35] lpSolveTime[0] lb[734.927] ub[778] numArcs: [151760] numFixed: [95149] time: [409]
STATS1 - lpIterations[1] lagIterations[158] sspIterations[790] numSeparations[198] numCuts[0] compileTime[2] sspSolveTime[35] lpSolveTime[0] repairTime[7] cutsTime[0] alphaTime[0] decompTime[0] yellowTime[0] updateTime[0] fixTime[0] lb[734.927] ub[778] numArcs: [151760] numFixed: [95149] time: [409]
lambda: 0,28.3595,8.23862,44.8207,40.9283,23.7909,24.0885,7.52754,27.1737,14.4565,7.52989,22.5914,15.1407,18.0061,13.4429,6.17949,24.6884,24.1358,13.8411,27.0852,11.3503,31.1782,15.6454,36.6745,24.5447,35.3437,21.0818,5.63601,18.6843,12.9084,24.5305,12.0088,46.9737,20.4559,
mu: 
srcDuals: 
fixing. lower bound used: 734.927
percent fixed: 64.6528
updating best lambda arc fixing
fixing. lower bound used: 734.927
try arc fixing based on heuristic lspl: 88.5353
fixed path dual: 4.31487
alpha: 0.298365
psiStar: 749.115
lagLB: 730.616
||gamma||^2: 62
fixing. lower bound used: 731.476
percent fixed: 64.6766
updating best lambda arc fixing
fixing. lower bound used: 731.476
try arc fixing based on heuristic lspl: 87.9385
fixed path dual: 4.92636
alpha: 0.307732
psiStar: 749.06
lagLB: 733.674
||gamma||^2: 50
fixing. lower bound used: 730.616
percent fixed: 64.8834
updating best lambda arc fixing
fixing. lower bound used: 730.616
try arc fixing based on heuristic lspl: 88.554
fixed path dual: 3.87655
alpha: 0.468378
psiStar: 749.006
lagLB: 730.271
||gamma||^2: 40
fixing. lower bound used: 732.891
percent fixed: 62.6306
fixing. lower bound used: 730.616
try arc fixing based on heuristic lspl: 88.554
fixed path dual: 4.20082
alpha: 0.631854
psiStar: 748.952
lagLB: 731.892
||gamma||^2: 27
fixing. lower bound used: 730.271
percent fixed: 62.9136
fixing. lower bound used: 730.616
try arc fixing based on heuristic lspl: 87.2903
fixed path dual: 3.03438
alpha: 0.682071
psiStar: 748.899
lagLB: 730.483
||gamma||^2: 27
fixing. lower bound used: 733.191
percent fixed: 63.4791
fixing. lower bound used: 730.616
try arc fixing based on heuristic lspl: 88.6544
fixed path dual: 3.72465
alpha: 0.482158
psiStar: 748.846
lagLB: 730.524
||gamma||^2: 38
fixing. lower bound used: 727.073
percent fixed: 63.4868
fixing. lower bound used: 730.616
try arc fixing based on heuristic lspl: 87.6901
fixed path dual: 3.3888
alpha: 0.286034
psiStar: 748.793
lagLB: 730.773
||gamma||^2: 63
fixing. lower bound used: 731.53
percent fixed: 61.2635
fixing. lower bound used: 730.616
try arc fixing based on heuristic lspl: 88.2622
fixed path dual: 2.94097
alpha: 0.323741
psiStar: 748.741
lagLB: 729.964
||gamma||^2: 58
fixing. lower bound used: 730.682
percent fixed: 61.0466
fixing. lower bound used: 730.616
try arc fixing based on heuristic lspl: 88.9097
fixed path dual: 4.19947
alpha: 0.532413
psiStar: 748.69
lagLB: 734.314
||gamma||^2: 27
fixing. lower bound used: 728.022
percent fixed: 60.1306
fixing. lower bound used: 730.616
try arc fixing based on heuristic lspl: 88.9097
fixed path dual: 2.6594
alpha: 0.351871
psiStar: 748.638
lagLB: 730.341
||gamma||^2: 52
fixing. lower bound used: 734.466
percent fixed: 64.4625
fixing. lower bound used: 730.616
try arc fixing based on heuristic lspl: 88.5578
fixed path dual: 3.49253
alpha: 0.352003
psiStar: 748.587
lagLB: 733.099
||gamma||^2: 44
fixing. lower bound used: 728.933
percent fixed: 60.1516
fixing. lower bound used: 730.616
try arc fixing based on heuristic lspl: 88.2058
fixed path dual: 3.42521
alpha: 0.579621
psiStar: 748.537
lagLB: 733.467
||gamma||^2: 26
fixing. lower bound used: 733.097
percent fixed: 62.7609
fixing. lower bound used: 730.616
try arc fixing based on heuristic lspl: 88.2058
fixed path dual: 1.8964
alpha: 0.473151
psiStar: 748.486
lagLB: 728.141
||gamma||^2: 43
fixing. lower bound used: 732.138
percent fixed: 63.5977
fixing. lower bound used: 730.616
try arc fixing based on heuristic lspl: 88.2058
fixed path dual: 2.86574
alpha: 0.312197
psiStar: 748.437
lagLB: 732.515
||gamma||^2: 51
fixing. lower bound used: 727.552
percent fixed: 63.6146
fixing. lower bound used: 730.616
try arc fixing based on heuristic lspl: 88.2058
fixed path dual: 3.15995
alpha: 0.259968
psiStar: 748.387
lagLB: 733.049
||gamma||^2: 59
fixing. lower bound used: 731.578
percent fixed: 63.6277
fixing. lower bound used: 730.616
try arc fixing based on heuristic lspl: 88.2058
fixed path dual: 3.4743
STATS - lpIterations[1] lagIterations[174] sspIterations[870] numSeparations[208] numCuts[0] compileTime[2] sspSolveTime[38] lpSolveTime[0] lb[735.921] ub[778] numArcs: [152088] numFixed: [92310] time: [451]
STATS1 - lpIterations[1] lagIterations[174] sspIterations[870] numSeparations[208] numCuts[0] compileTime[2] sspSolveTime[38] lpSolveTime[0] repairTime[8] cutsTime[0] alphaTime[0] decompTime[0] yellowTime[0] updateTime[0] fixTime[0] lb[735.921] ub[778] numArcs: [152088] numFixed: [92310] time: [451]
lambda: 0,28.1976,8.82068,45.4028,40.5142,24.2967,25.182,8.02435,27.4712,15.0386,8.15067,22.7744,15.7228,18.6052,13.6101,5.88025,25.2705,24.7933,14.395,27.7427,10.8724,31.3872,16.2275,36.389,24.5821,35.9194,21.1876,5.65798,19.1794,12.7086,24.568,11.7281,47.1827,21.0661,
mu: 
srcDuals: 
alpha: 0.537168
psiStar: 749.35
lagLB: 735.921
||gamma||^2: 25
fixing. lower bound used: 733.827
percent fixed: 63.0032
fixing. lower bound used: 730.616
try arc fixing based on heuristic lspl: 87.6686
fixed path dual: 1.42741
alpha: 0.213735
psiStar: 749.301
lagLB: 725.149
||gamma||^2: 113
fixing. lower bound used: 732.215
percent fixed: 63.4643
fixing. lower bound used: 730.616
try arc fixing based on heuristic lspl: 88.3098
fixed path dual: 3.12352
alpha: 0.602376
psiStar: 749.253
lagLB: 732.988
||gamma||^2: 27
fixing. lower bound used: 724.508
percent fixed: 60.1252
fixing. lower bound used: 730.616
try arc fixing based on heuristic lspl: 88.3098
fixed path dual: 1.435
alpha: 0.263985
psiStar: 749.204
lagLB: 727.558
||gamma||^2: 82
fixing. lower bound used: 732.335
percent fixed: 61.898
fixing. lower bound used: 730.616
try arc fixing based on heuristic lspl: 88.8378
fixed path dual: 2.60414
alpha: 0.19321
psiStar: 749.157
lagLB: 732.347
||gamma||^2: 87
fixing. lower bound used: 726.502
percent fixed: 61.923
fixing. lower bound used: 730.616
try arc fixing based on heuristic lspl: 88.4514
fixed path dual: 3.63875
STATS - lpIterations[1] lagIterations[179] sspIterations[895] numSeparations[210] numCuts[0] compileTime[2] sspSolveTime[39] lpSolveTime[0] lb[736.941] ub[778] numArcs: [152171] numFixed: [95397] time: [463]
STATS1 - lpIterations[1] lagIterations[179] sspIterations[895] numSeparations[210] numCuts[0] compileTime[2] sspSolveTime[39] lpSolveTime[0] repairTime[8] cutsTime[0] alphaTime[0] decompTime[0] yellowTime[0] updateTime[0] fixTime[0] lb[736.941] ub[778] numArcs: [152171] numFixed: [95397] time: [463]
lambda: 0,28.3541,8.88924,45.4713,41.1199,23.8508,25.3158,7.77169,27.5569,15.1071,8.264,21.996,15.7913,18.7688,13.6959,5.57957,25.339,24.4792,14.4636,27.6423,11.4781,31.9783,16.2961,36.1591,24.1363,35.3916,21.7933,5.42807,19.343,12.6491,24.3153,11.414,47.7737,21.1346,
mu: 
srcDuals: 
alpha: 0.489142
psiStar: 750.148
lagLB: 736.941
||gamma||^2: 27
fixing. lower bound used: 731.768
percent fixed: 62.3294
fixing. lower bound used: 730.616
try arc fixing based on heuristic lspl: 88.4514
fixed path dual: 1.22725
alpha: 0.542178
psiStar: 750.1
lagLB: 727.329
||gamma||^2: 42
fixing. lower bound used: 733.631
percent fixed: 62.948
fixing. lower bound used: 730.616
try arc fixing based on heuristic lspl: 88.4514
fixed path dual: 1.92048
alpha: 0.406856
psiStar: 750.054
lagLB: 729.711
||gamma||^2: 50
fixing. lower bound used: 725.725
percent fixed: 62.9621
fixing. lower bound used: 730.616
try arc fixing based on heuristic lspl: 88.0445
fixed path dual: 2.90408
alpha: 0.569568
psiStar: 750.007
lagLB: 734.629
||gamma||^2: 27
fixing. lower bound used: 729.711
percent fixed: 60.4831
fixing. lower bound used: 730.616
try arc fixing based on heuristic lspl: 88.0445
fixed path dual: 0.773491
alpha: 0.265946
psiStar: 749.961
lagLB: 726.824
||gamma||^2: 87
fixing. lower bound used: 733.462
percent fixed: 62.7975
fixing. lower bound used: 730.616
try arc fixing based on heuristic lspl: 87.5126
fixed path dual: 1.77954
alpha: 0.152089
psiStar: 749.915
lagLB: 731.056
||gamma||^2: 124
fixing. lower bound used: 726.026
percent fixed: 62.8247
fixing. lower bound used: 730.616
try arc fixing based on heuristic lspl: 88.121
fixed path dual: 2.89243
alpha: 0.372673
psiStar: 749.87
lagLB: 735.708
||gamma||^2: 38
fixing. lower bound used: 730.144
percent fixed: 60.3834
fixing. lower bound used: 730.616
try arc fixing based on heuristic lspl: 87.3756
fixed path dual: 1.8606
alpha: 0.626697
psiStar: 749.824
lagLB: 733.53
||gamma||^2: 26
fixing. lower bound used: 735.709
percent fixed: 65.2711
updating best lambda arc fixing
fixing. lower bound used: 735.709
try arc fixing based on heuristic lspl: 88.629
fixed path dual: 2.10023
alpha: 0.522535
psiStar: 749.779
lagLB: 730.968
||gamma||^2: 36
fixing. lower bound used: 729.77
percent fixed: 65.3121
updating best lambda arc fixing
fixing. lower bound used: 729.77
try arc fixing based on heuristic lspl: 87.584
fixed path dual: 1.44052
alpha: 0.275153
psiStar: 749.735
lagLB: 731.85
||gamma||^2: 65
fixing. lower bound used: 733.69
percent fixed: 63.0362
fixing. lower bound used: 729.77
try arc fixing based on heuristic lspl: 87.8591
fixed path dual: 1.42013
alpha: 0.193485
psiStar: 749.691
lagLB: 730.923
||gamma||^2: 97
fixing. lower bound used: 729.53
percent fixed: 60.3096
fixing. lower bound used: 729.77
try arc fixing based on heuristic lspl: 88.4396
fixed path dual: 2.32539
alpha: 0.343681
psiStar: 749.647
lagLB: 734.868
||gamma||^2: 43
fixing. lower bound used: 730.342
percent fixed: 60.2815
fixing. lower bound used: 729.77
try arc fixing based on heuristic lspl: 88.4396
fixed path dual: 1.35522
alpha: 0.687188
psiStar: 749.603
lagLB: 732.423
||gamma||^2: 25
fixing. lower bound used: 734.51
percent fixed: 64.0154
fixing. lower bound used: 729.77
try arc fixing based on heuristic lspl: 87.7524
fixed path dual: 0.957401
alpha: 0.471729
psiStar: 749.56
lagLB: 729.747
||gamma||^2: 42
fixing. lower bound used: 730.493
percent fixed: 64.1333
fixing. lower bound used: 729.77
try arc fixing based on heuristic lspl: 88.6958
fixed path dual: 1.83154
alpha: 0.640214
psiStar: 749.517
lagLB: 732.231
||gamma||^2: 27
fixing. lower bound used: 727.508
percent fixed: 64.1372
fixing. lower bound used: 729.77
try arc fixing based on heuristic lspl: 87.4154
fixed path dual: 0.398895
alpha: 0.442772
psiStar: 749.474
lagLB: 729.549
||gamma||^2: 45
fixing. lower bound used: 733.379
percent fixed: 64.454
fixing. lower bound used: 729.77
try arc fixing based on heuristic lspl: 88.301
fixed path dual: 1.01581
alpha: 0.442129
psiStar: 749.431
lagLB: 730.42
||gamma||^2: 43
fixing. lower bound used: 727.063
percent fixed: 59.306
fixing. lower bound used: 729.77
try arc fixing based on heuristic lspl: 87.4167
fixed path dual: 1.19365
alpha: 0.522258
psiStar: 749.389
lagLB: 735.288
||gamma||^2: 27
fixing. lower bound used: 733.688
percent fixed: 62.9289
fixing. lower bound used: 729.77
try arc fixing based on heuristic lspl: 87.4167
fixed path dual: 0.776196
alpha: 0.328021
psiStar: 749.347
lagLB: 731.634
||gamma||^2: 54
fixing. lower bound used: 732.611
percent fixed: 63.1118
fixing. lower bound used: 729.77
try arc fixing based on heuristic lspl: 87.7447
fixed path dual: 0.670741
alpha: 0.35284
psiStar: 749.306
lagLB: 733.075
||gamma||^2: 46
fixing. lower bound used: 732.272
percent fixed: 61.4283
fixing. lower bound used: 729.77
try arc fixing based on heuristic lspl: 87.7447
fixed path dual: 0.810133
alpha: 0.395073
psiStar: 749.264
lagLB: 733.066
||gamma||^2: 41
fixing. lower bound used: 732.272
percent fixed: 61.5953
fixing. lower bound used: 729.77
try arc fixing based on heuristic lspl: 88.1398
fixed path dual: 0.520982
alpha: 0.321911
psiStar: 749.223
lagLB: 732.806
||gamma||^2: 51
fixing. lower bound used: 733.357
percent fixed: 63.2914
fixing. lower bound used: 729.77
try arc fixing based on heuristic lspl: 87.496
fixed path dual: 0.460552
alpha: 0.605811
psiStar: 749.182
lagLB: 732.825
||gamma||^2: 27
fixing. lower bound used: 731.552
percent fixed: 63.406
fixing. lower bound used: 729.77
try arc fixing based on heuristic lspl: 87.496
fixed path dual: -0.302695
alpha: 0.518289
psiStar: 749.142
lagLB: 732.038
||gamma||^2: 33
fixing. lower bound used: 733.9
percent fixed: 63.952
fixing. lower bound used: 729.77
try arc fixing based on heuristic lspl: 86.9777
fixed path dual: -0.206554
alpha: 0.407163
psiStar: 749.102
lagLB: 732.001
||gamma||^2: 42
fixing. lower bound used: 731.138
percent fixed: 64.0271
fixing. lower bound used: 729.77
try arc fixing based on heuristic lspl: 87.792
fixed path dual: 0.453347
alpha: 0.591923
psiStar: 749.062
lagLB: 733.672
||gamma||^2: 26
fixing. lower bound used: 730.372
percent fixed: 64.0284
fixing. lower bound used: 729.77
try arc fixing based on heuristic lspl: 86.6082
fixed path dual: -0.978128
alpha: 0.43347
psiStar: 749.022
lagLB: 731.25
||gamma||^2: 41
fixing. lower bound used: 734.778
percent fixed: 64.8985
fixing. lower bound used: 729.77
try arc fixing based on heuristic lspl: 87.9086
fixed path dual: 0.0986583
alpha: 0.357747
psiStar: 748.982
lagLB: 733.599
||gamma||^2: 43
fixing. lower bound used: 728.215
percent fixed: 64.8977
fixing. lower bound used: 729.77
try arc fixing based on heuristic lspl: 87.1931
fixed path dual: -0.360234
alpha: 0.582082
psiStar: 748.943
lagLB: 733.809
||gamma||^2: 26
fixing. lower bound used: 734.732
percent fixed: 65.1035
fixing. lower bound used: 729.77
try arc fixing based on heuristic lspl: 87.7752
fixed path dual: -0.348047
alpha: 0.647936
psiStar: 748.904
lagLB: 732.706
||gamma||^2: 25
fixing. lower bound used: 732.047
percent fixed: 65.1035
fixing. lower bound used: 729.77
try arc fixing based on heuristic lspl: 87.1272
fixed path dual: -0.921148
alpha: 0.563768
psiStar: 748.865
lagLB: 733.08
||gamma||^2: 28
fixing. lower bound used: 734.484
percent fixed: 65.1579
fixing. lower bound used: 729.77
try arc fixing based on heuristic lspl: 87.691
fixed path dual: -0.837307
alpha: 0.265409
psiStar: 748.827
lagLB: 732.372
||gamma||^2: 62
fixing. lower bound used: 731.407
percent fixed: 60.8503
fixing. lower bound used: 729.77
try arc fixing based on heuristic lspl: 87.9564
fixed path dual: 0.258491
alpha: 0.461531
psiStar: 748.789
lagLB: 736.789
||gamma||^2: 26
fixing. lower bound used: 731.31
percent fixed: 61.5834
fixing. lower bound used: 729.77
try arc fixing based on heuristic lspl: 87.9564
fixed path dual: -1.27347
alpha: 0.423227
psiStar: 748.751
lagLB: 730.975
||gamma||^2: 42
fixing. lower bound used: 734.947
percent fixed: 63.856
fixing. lower bound used: 729.77
try arc fixing based on heuristic lspl: 87.9564
fixed path dual: -0.811075
alpha: 0.35874
psiStar: 748.713
lagLB: 733.287
||gamma||^2: 43
fixing. lower bound used: 730.509
percent fixed: 63.8778
fixing. lower bound used: 729.77
try arc fixing based on heuristic lspl: 87.2389
fixed path dual: -0.843764
alpha: 0.224838
psiStar: 748.676
lagLB: 735.635
||gamma||^2: 58
fixing. lower bound used: 734.679
percent fixed: 64.3599
fixing. lower bound used: 729.77
try arc fixing based on heuristic lspl: 87.4638
fixed path dual: -0.87584
alpha: 0.120197
psiStar: 748.638
lagLB: 734.575
||gamma||^2: 117
fixing. lower bound used: 733.919
percent fixed: 62.5323
fixing. lower bound used: 729.77
try arc fixing based on heuristic lspl: 87.9446
fixed path dual: 0.128104
STATS - lpIterations[1] lagIterations[216] sspIterations[1080] numSeparations[222] numCuts[0] compileTime[2] sspSolveTime[46] lpSolveTime[0] lb[738.754] ub[778] numArcs: [152681] numFixed: [91420] time: [554]
STATS1 - lpIterations[1] lagIterations[216] sspIterations[1080] numSeparations[222] numCuts[0] compileTime[2] sspSolveTime[46] lpSolveTime[0] repairTime[9] cutsTime[0] alphaTime[0] decompTime[0] yellowTime[0] updateTime[0] fixTime[0] lb[738.754] ub[778] numArcs: [152681] numFixed: [91420] time: [554]
lambda: 0,29.7907,9.21534,45.7974,42.5992,23.8263,25.7932,8.35677,28.1665,15.2084,7.67668,22.1971,16.1174,19.9152,13.8867,6.37056,25.89,25.3484,15.1766,28.3037,12.3456,32.0466,16.6222,37.5059,25.259,36.5084,23.2727,5.81022,19.4113,13.2632,24.9705,11.7882,48.4058,21.2672,
mu: 
srcDuals: 
alpha: 0.432931
psiStar: 750.443
lagLB: 738.754
||gamma||^2: 27
fixing. lower bound used: 733.734
percent fixed: 62.5473
fixing. lower bound used: 729.77
try arc fixing based on heuristic lspl: 87.0787
fixed path dual: -2.25594
alpha: 0.489095
psiStar: 750.406
lagLB: 729.864
||gamma||^2: 42
fixing. lower bound used: 736.215
percent fixed: 65.0377
fixing. lower bound used: 729.77
try arc fixing based on heuristic lspl: 88.0569
fixed path dual: -1.24881
alpha: 0.322705
psiStar: 750.369
lagLB: 732.943
||gamma||^2: 54
fixing. lower bound used: 727.76
percent fixed: 65.0644
fixing. lower bound used: 729.77
try arc fixing based on heuristic lspl: 87.4115
fixed path dual: -1.13773
alpha: 0.361475
psiStar: 750.333
lagLB: 734.789
||gamma||^2: 43
fixing. lower bound used: 734.056
percent fixed: 65.2622
fixing. lower bound used: 729.77
try arc fixing based on heuristic lspl: 87.7729
fixed path dual: -0.975292
alpha: 0.343801
psiStar: 750.297
lagLB: 733.794
||gamma||^2: 48
fixing. lower bound used: 732.795
percent fixed: 61.9652
fixing. lower bound used: 729.77
try arc fixing based on heuristic lspl: 88.1167
fixed path dual: -0.776418
alpha: 0.618884
psiStar: 750.261
lagLB: 734.789
||gamma||^2: 25
fixing. lower bound used: 733.713
percent fixed: 62.9483
fixing. lower bound used: 729.77
try arc fixing based on heuristic lspl: 87.4979
fixed path dual: -2.25833
alpha: 0.470274
psiStar: 750.225
lagLB: 730.473
||gamma||^2: 42
fixing. lower bound used: 734.295
percent fixed: 64.0096
fixing. lower bound used: 729.77
try arc fixing based on heuristic lspl: 87.4979
fixed path dual: -2.03896
alpha: 0.147771
psiStar: 750.189
lagLB: 731.57
||gamma||^2: 126
fixing. lower bound used: 729.13
percent fixed: 64.0208
fixing. lower bound used: 729.77
try arc fixing based on heuristic lspl: 87.7934
fixed path dual: -0.855887
alpha: 0.155806
psiStar: 750.154
lagLB: 736.599
||gamma||^2: 87
fixing. lower bound used: 730.684
percent fixed: 60.3408
fixing. lower bound used: 729.77
try arc fixing based on heuristic lspl: 87.4818
fixed path dual: -0.813421
alpha: 0.45917
psiStar: 750.119
lagLB: 736.344
||gamma||^2: 30
fixing. lower bound used: 735.981
percent fixed: 64.9154
fixing. lower bound used: 729.77
try arc fixing based on heuristic lspl: 87.941
fixed path dual: -1.76578
alpha: 0.666613
psiStar: 750.084
lagLB: 733.419
||gamma||^2: 25
fixing. lower bound used: 735.552
percent fixed: 64.3728
fixing. lower bound used: 729.77
try arc fixing based on heuristic lspl: 87.2744
fixed path dual: -1.91703
alpha: 0.462913
psiStar: 750.049
lagLB: 731.996
||gamma||^2: 39
fixing. lower bound used: 731.852
percent fixed: 64.6646
fixing. lower bound used: 729.77
try arc fixing based on heuristic lspl: 88.2002
fixed path dual: -1.41152
alpha: 0.379869
psiStar: 750.015
lagLB: 734.061
||gamma||^2: 42
fixing. lower bound used: 731.533
percent fixed: 60.9199
fixing. lower bound used: 729.77
try arc fixing based on heuristic lspl: 87.8203
fixed path dual: -1.75528
alpha: 0.337587
psiStar: 749.981
lagLB: 733.101
||gamma||^2: 50
fixing. lower bound used: 733.503
percent fixed: 62.971
fixing. lower bound used: 729.77
try arc fixing based on heuristic lspl: 87.8203
fixed path dual: -0.96506
alpha: 0.258992
psiStar: 749.947
lagLB: 735.702
||gamma||^2: 55
fixing. lower bound used: 731.582
percent fixed: 63.0085
fixing. lower bound used: 729.77
try arc fixing based on heuristic lspl: 88.3383
fixed path dual: -1.30083
alpha: 0.377815
psiStar: 749.913
lagLB: 734.8
||gamma||^2: 40
fixing. lower bound used: 735.312
percent fixed: 64.424
fixing. lower bound used: 729.77
try arc fixing based on heuristic lspl: 88.3383
fixed path dual: -1.24781
alpha: 0.493797
psiStar: 749.879
lagLB: 735.065
||gamma||^2: 30
fixing. lower bound used: 734.704
percent fixed: 64.991
fixing. lower bound used: 729.77
try arc fixing based on heuristic lspl: 87.3507
fixed path dual: -1.63992
alpha: 0.492194
psiStar: 749.846
lagLB: 735.08
||gamma||^2: 30
fixing. lower bound used: 736.004
percent fixed: 65.4549
updating best lambda arc fixing
fixing. lower bound used: 736.004
try arc fixing based on heuristic lspl: 87.3507
fixed path dual: -3.45996
alpha: 0.182788
psiStar: 749.813
lagLB: 726.964
||gamma||^2: 125
fixing. lower bound used: 733.299
percent fixed: 65.4543
fixing. lower bound used: 736.004
try arc fixing based on heuristic lspl: 88.0818
fixed path dual: -1.2498
alpha: 0.515759
psiStar: 749.78
lagLB: 736.37
||gamma||^2: 26
fixing. lower bound used: 725.319
percent fixed: 64.352
fixing. lower bound used: 736.004
try arc fixing based on heuristic lspl: 87.5661
fixed path dual: -2.72972
alpha: 0.31021
psiStar: 749.747
lagLB: 732.065
||gamma||^2: 57
fixing. lower bound used: 735.726
percent fixed: 64.9379
fixing. lower bound used: 736.004
try arc fixing based on heuristic lspl: 88.1865
fixed path dual: -1.97777
alpha: 0.329338
psiStar: 749.714
lagLB: 734.894
||gamma||^2: 45
fixing. lower bound used: 730.279
percent fixed: 64.3677
fixing. lower bound used: 736.004
try arc fixing based on heuristic lspl: 88.5158
fixed path dual: -1.6579
alpha: 0.525054
psiStar: 749.682
lagLB: 735.505
||gamma||^2: 27
fixing. lower bound used: 733.906
percent fixed: 64.7655
fixing. lower bound used: 736.004
try arc fixing based on heuristic lspl: 87.4657
fixed path dual: -2.69837
alpha: 0.398126
psiStar: 749.65
lagLB: 732.928
||gamma||^2: 42
fixing. lower bound used: 735.82
percent fixed: 64.8788
fixing. lower bound used: 736.004
try arc fixing based on heuristic lspl: 87.4657
fixed path dual: -3.14313
alpha: 0.10996
psiStar: 749.618
lagLB: 730.705
||gamma||^2: 172
fixing. lower bound used: 730.972
percent fixed: 65.0929
fixing. lower bound used: 736.004
try arc fixing based on heuristic lspl: 87.7956
fixed path dual: -1.29116
alpha: 0.475689
psiStar: 749.586
lagLB: 738.645
||gamma||^2: 23
fixing. lower bound used: 729.385
percent fixed: 64.4153
fixing. lower bound used: 736.004
try arc fixing based on heuristic lspl: 87.3199
fixed path dual: -2.89081
alpha: 0.311868
psiStar: 749.554
lagLB: 733.025
||gamma||^2: 53
fixing. lower bound used: 737.559
percent fixed: 66.1444
updating best lambda arc fixing
fixing. lower bound used: 737.559
try arc fixing based on heuristic lspl: 87.6318
fixed path dual: -2.48505
alpha: 0.270251
psiStar: 749.523
lagLB: 734.118
||gamma||^2: 57
fixing. lower bound used: 731.349
percent fixed: 66.3785
updating best lambda arc fixing
fixing. lower bound used: 731.349
try arc fixing based on heuristic lspl: 88.1723
fixed path dual: -1.71876
alpha: 0.333846
psiStar: 749.491
lagLB: 737.139
||gamma||^2: 37
fixing. lower bound used: 733.244
percent fixed: 62.0773
fixing. lower bound used: 731.349
try arc fixing based on heuristic lspl: 87.8385
fixed path dual: -2.29911
alpha: 0.542147
psiStar: 749.46
lagLB: 735.906
||gamma||^2: 25
fixing. lower bound used: 737.093
percent fixed: 65.9149
fixing. lower bound used: 731.349
try arc fixing based on heuristic lspl: 88.3806
fixed path dual: -2.46488
alpha: 0.532601
psiStar: 749.429
lagLB: 733.451
||gamma||^2: 30
fixing. lower bound used: 733.574
percent fixed: 65.9708
fixing. lower bound used: 731.349
try arc fixing based on heuristic lspl: 88.3806
fixed path dual: -2.63654
alpha: 0.390827
psiStar: 749.398
lagLB: 732.593
||gamma||^2: 43
fixing. lower bound used: 732.928
percent fixed: 65.9927
fixing. lower bound used: 731.349
try arc fixing based on heuristic lspl: 88.3806
fixed path dual: -2.6068
alpha: 0.249776
psiStar: 749.368
lagLB: 733.132
||gamma||^2: 65
fixing. lower bound used: 732.283
percent fixed: 65.9899
fixing. lower bound used: 731.349
try arc fixing based on heuristic lspl: 88.3806
fixed path dual: -1.52276
STATS - lpIterations[1] lagIterations[249] sspIterations[1245] numSeparations[239] numCuts[0] compileTime[2] sspSolveTime[52] lpSolveTime[0] lb[738.802] ub[778] numArcs: [153636] numFixed: [93641] time: [638]
STATS1 - lpIterations[1] lagIterations[249] sspIterations[1245] numSeparations[239] numCuts[0] compileTime[2] sspSolveTime[52] lpSolveTime[0] repairTime[11] cutsTime[0] alphaTime[0] decompTime[0] yellowTime[0] updateTime[0] fixTime[0] lb[738.802] ub[778] numArcs: [153636] numFixed: [93641] time: [638]
lambda: 0,30.2698,9.23933,46.3298,41.9362,24.3,26.5646,8.32189,28.4928,16.0635,7.98198,21.5915,16.6498,20.2779,13.8204,6.53606,26.4744,25.9668,15.4488,28.9895,12.6233,31.9711,17.0896,37.6734,25.8305,37.6713,23.9336,5.87983,19.153,13.1633,25.2221,12.0513,48.3303,20.5681,
mu: 
srcDuals: 
alpha: 0.392021
psiStar: 749.387
lagLB: 738.802
||gamma||^2: 27
fixing. lower bound used: 733.382
percent fixed: 62.2797
fixing. lower bound used: 731.349
try arc fixing based on heuristic lspl: 88.3806
fixed path dual: -2.50489
alpha: 0.208645
psiStar: 749.357
lagLB: 733.5
||gamma||^2: 76
fixing. lower bound used: 736.302
percent fixed: 65.062
fixing. lower bound used: 731.349
try arc fixing based on heuristic lspl: 88.5892
fixed path dual: -1.32063
alpha: 0.259477
psiStar: 749.327
lagLB: 738.169
||gamma||^2: 43
fixing. lower bound used: 732.248
percent fixed: 65.1023
fixing. lower bound used: 731.349
try arc fixing based on heuristic lspl: 88.5892
fixed path dual: -2.14495
alpha: 0.327631
psiStar: 749.297
lagLB: 735.864
||gamma||^2: 41
fixing. lower bound used: 737.725
percent fixed: 67.024
updating best lambda arc fixing
fixing. lower bound used: 737.725
try arc fixing based on heuristic lspl: 88.5892
fixed path dual: -2.14706
alpha: 0.389097
psiStar: 749.267
lagLB: 734.87
||gamma||^2: 37
fixing. lower bound used: 734.526
percent fixed: 66.6799
fixing. lower bound used: 737.725
try arc fixing based on heuristic lspl: 87.811
fixed path dual: -2.88907
alpha: 0.291504
psiStar: 749.237
lagLB: 734.662
||gamma||^2: 50
fixing. lower bound used: 736.436
percent fixed: 66.9308
fixing. lower bound used: 737.725
try arc fixing based on heuristic lspl: 88.9771
fixed path dual: -2.44944
alpha: 0.352418
psiStar: 749.208
lagLB: 735.111
||gamma||^2: 40
fixing. lower bound used: 732.534
percent fixed: 66.6632
fixing. lower bound used: 737.725
try arc fixing based on heuristic lspl: 88.2722
fixed path dual: -2.70379
alpha: 0.463699
psiStar: 749.179
lagLB: 736.659
||gamma||^2: 27
fixing. lower bound used: 736.929
percent fixed: 67.1522
updating best lambda arc fixing
fixing. lower bound used: 736.929
try arc fixing based on heuristic lspl: 89.1996
fixed path dual: -2.6171
alpha: 0.532439
psiStar: 749.15
lagLB: 734.774
||gamma||^2: 27
fixing. lower bound used: 734.054
percent fixed: 67.1542
updating best lambda arc fixing
fixing. lower bound used: 734.054
try arc fixing based on heuristic lspl: 88.1348
fixed path dual: -3.6297
alpha: 0.373401
psiStar: 749.121
lagLB: 733.438
||gamma||^2: 42
fixing. lower bound used: 736
percent fixed: 67.1542
fixing. lower bound used: 734.054
try arc fixing based on heuristic lspl: 88.5082
fixed path dual: -3.59849
alpha: 0.191116
psiStar: 749.092
lagLB: 732.847
||gamma||^2: 85
fixing. lower bound used: 732.056
percent fixed: 67.1516
fixing. lower bound used: 734.054
try arc fixing based on heuristic lspl: 88.1259
fixed path dual: -2.4855
alpha: 0.402316
psiStar: 749.064
lagLB: 738.603
||gamma||^2: 26
fixing. lower bound used: 733.038
percent fixed: 63.1723
fixing. lower bound used: 734.054
try arc fixing based on heuristic lspl: 88.1259
fixed path dual: -4.27024
alpha: 0.112318
psiStar: 749.035
lagLB: 731.289
||gamma||^2: 158
fixing. lower bound used: 736.742
percent fixed: 65.7485
fixing. lower bound used: 734.054
try arc fixing based on heuristic lspl: 88.6875
fixed path dual: -3.50494
alpha: 0.173398
psiStar: 749.007
lagLB: 734.441
||gamma||^2: 84
fixing. lower bound used: 730.615
percent fixed: 62.8291
fixing. lower bound used: 734.054
try arc fixing based on heuristic lspl: 88.3407
fixed path dual: -2.73513
STATS - lpIterations[1] lagIterations[263] sspIterations[1315] numSeparations[247] numCuts[0] compileTime[2] sspSolveTime[55] lpSolveTime[0] lb[738.984] ub[778] numArcs: [154018] numFixed: [97818] time: [675]
STATS1 - lpIterations[1] lagIterations[263] sspIterations[1315] numSeparations[247] numCuts[0] compileTime[2] sspSolveTime[55] lpSolveTime[0] repairTime[11] cutsTime[0] alphaTime[0] decompTime[0] yellowTime[0] updateTime[0] fixTime[0] lb[738.984] ub[778] numArcs: [154018] numFixed: [97818] time: [675]
lambda: 0,30.2944,9.20766,46.2982,42.5342,24.48,26.204,8.49734,28.8743,16.0319,8.31448,22.2935,16.6182,20.5157,14.102,6.86645,26.4427,25.9362,15.4171,29.1836,13.2213,32.5272,17.0579,37.8715,25.639,37.7426,24.5316,6.10267,19.5299,13.2888,25.3774,12.1229,48.9987,20.5364,
mu: 
srcDuals: 
alpha: 0.188497
psiStar: 749.163
lagLB: 738.984
||gamma||^2: 54
fixing. lower bound used: 735.135
percent fixed: 64.0399
fixing. lower bound used: 734.054
try arc fixing based on heuristic lspl: 88.5292
fixed path dual: -2.87407
alpha: 0.429615
psiStar: 749.135
lagLB: 737.535
||gamma||^2: 27
fixing. lower bound used: 737.73
percent fixed: 66.8319
fixing. lower bound used: 734.054
try arc fixing based on heuristic lspl: 88.5292
fixed path dual: -4.13565
alpha: 0.296822
psiStar: 749.107
lagLB: 733.376
||gamma||^2: 53
fixing. lower bound used: 736.847
percent fixed: 67.3149
updating best lambda arc fixing
fixing. lower bound used: 736.847
try arc fixing based on heuristic lspl: 88.826
fixed path dual: -3.17183
alpha: 0.317152
psiStar: 749.08
lagLB: 736.711
||gamma||^2: 39
fixing. lower bound used: 731.817
percent fixed: 67.3206
updating best lambda arc fixing
fixing. lower bound used: 731.817
try arc fixing based on heuristic lspl: 88.1917
fixed path dual: -3.78318
alpha: 0.464586
psiStar: 749.052
lagLB: 736.508
||gamma||^2: 27
fixing. lower bound used: 737.98
percent fixed: 67.6276
updating best lambda arc fixing
fixing. lower bound used: 737.98
try arc fixing based on heuristic lspl: 88.1917
fixed path dual: -4.12911
alpha: 0.339998
psiStar: 749.025
lagLB: 733.385
||gamma||^2: 46
fixing. lower bound used: 734.179
percent fixed: 67.6283
updating best lambda arc fixing
fixing. lower bound used: 734.179
try arc fixing based on heuristic lspl: 88.1917
fixed path dual: -3.48092
alpha: 0.458212
psiStar: 748.997
lagLB: 736.626
||gamma||^2: 27
fixing. lower bound used: 733.385
percent fixed: 67.6283
fixing. lower bound used: 734.179
try arc fixing based on heuristic lspl: 88.1917
fixed path dual: -4.64507
alpha: 0.208873
psiStar: 748.97
lagLB: 733.096
||gamma||^2: 76
fixing. lower bound used: 736.779
percent fixed: 67.6558
updating best lambda arc fixing
fixing. lower bound used: 736.779
try arc fixing based on heuristic lspl: 87.9829
fixed path dual: -3.468
alpha: 0.373843
psiStar: 748.943
lagLB: 737.728
||gamma||^2: 30
fixing. lower bound used: 731.843
percent fixed: 67.6571
updating best lambda arc fixing
fixing. lower bound used: 731.843
try arc fixing based on heuristic lspl: 87.9829
fixed path dual: -4.09338
alpha: 0.452258
psiStar: 748.917
lagLB: 735.349
||gamma||^2: 30
fixing. lower bound used: 736.763
percent fixed: 67.666
updating best lambda arc fixing
fixing. lower bound used: 736.763
try arc fixing based on heuristic lspl: 87.9829
fixed path dual: -4.37587
alpha: 0.143785
psiStar: 748.89
lagLB: 733.936
||gamma||^2: 104
fixing. lower bound used: 734.751
percent fixed: 67.6647
fixing. lower bound used: 736.763
try arc fixing based on heuristic lspl: 88.4142
fixed path dual: -3.90882
alpha: 0.338932
psiStar: 748.864
lagLB: 735.984
||gamma||^2: 38
fixing. lower bound used: 733.486
percent fixed: 65.466
fixing. lower bound used: 736.763
try arc fixing based on heuristic lspl: 87.7363
fixed path dual: -4.22905
alpha: 0.279589
psiStar: 748.837
lagLB: 737.094
||gamma||^2: 42
fixing. lower bound used: 737.717
percent fixed: 66.8111
fixing. lower bound used: 736.763
try arc fixing based on heuristic lspl: 88.0159
fixed path dual: -4.3004
alpha: 0.159905
psiStar: 748.811
lagLB: 736.179
||gamma||^2: 79
fixing. lower bound used: 735.503
percent fixed: 66.8455
fixing. lower bound used: 736.763
try arc fixing based on heuristic lspl: 87.6961
fixed path dual: -3.71105
alpha: 0.392784
psiStar: 748.785
lagLB: 738.965
||gamma||^2: 25
fixing. lower bound used: 736.019
percent fixed: 65.5087
fixing. lower bound used: 736.763
try arc fixing based on heuristic lspl: 88.0889
fixed path dual: -4.93482
alpha: 0.320308
psiStar: 748.759
lagLB: 734.025
||gamma||^2: 46
fixing. lower bound used: 737.35
percent fixed: 66.483
fixing. lower bound used: 736.763
try arc fixing based on heuristic lspl: 87.4483
fixed path dual: -4.51789
alpha: 0.127512
psiStar: 748.733
lagLB: 736.11
||gamma||^2: 99
fixing. lower bound used: 734.025
percent fixed: 66.5188
fixing. lower bound used: 736.763
try arc fixing based on heuristic lspl: 87.8308
fixed path dual: -3.93934
alpha: 0.373624
psiStar: 748.708
lagLB: 738.62
||gamma||^2: 27
fixing. lower bound used: 735.727
percent fixed: 65.5042
fixing. lower bound used: 736.763
try arc fixing based on heuristic lspl: 87.8308
fixed path dual: -5.22563
alpha: 0.275955
psiStar: 748.682
lagLB: 734.056
||gamma||^2: 53
fixing. lower bound used: 737.635
percent fixed: 66.6155
fixing. lower bound used: 736.763
try arc fixing based on heuristic lspl: 88.1068
fixed path dual: -4.0496
alpha: 0.403996
psiStar: 748.657
lagLB: 738.557
||gamma||^2: 25
fixing. lower bound used: 732.677
percent fixed: 66.6526
fixing. lower bound used: 736.763
try arc fixing based on heuristic lspl: 87.7028
fixed path dual: -5.37955
alpha: 0.323172
psiStar: 748.631
lagLB: 734.735
||gamma||^2: 43
fixing. lower bound used: 738.343
percent fixed: 67.3618
fixing. lower bound used: 736.763
try arc fixing based on heuristic lspl: 87.7028
fixed path dual: -4.88831
alpha: 0.202383
psiStar: 748.606
lagLB: 736.868
||gamma||^2: 58
fixing. lower bound used: 733.669
percent fixed: 67.3601
fixing. lower bound used: 736.763
try arc fixing based on heuristic lspl: 87.7028
fixed path dual: -4.23901
STATS - lpIterations[1] lagIterations[285] sspIterations[1425] numSeparations[252] numCuts[0] compileTime[2] sspSolveTime[60] lpSolveTime[0] lb[739.305] ub[778] numArcs: [154177] numFixed: [102051] time: [727]
STATS1 - lpIterations[1] lagIterations[285] sspIterations[1425] numSeparations[252] numCuts[0] compileTime[2] sspSolveTime[60] lpSolveTime[0] repairTime[12] cutsTime[0] alphaTime[0] decompTime[0] yellowTime[0] updateTime[0] fixTime[0] lb[739.305] ub[778] numArcs: [154177] numFixed: [102051] time: [727]
lambda: 0,31.337,9.16459,46.6599,43.1513,24.7408,26.6801,8.31872,28.9818,16.1912,8.13406,22.1539,16.9799,20.908,14.511,6.67789,26.602,26.157,15.374,29.6757,13.4336,32.3225,17.2172,38.4963,26.0596,38.2121,25.1487,6.5676,19.3252,13.2878,25.7953,12.3991,48.9378,20.8981,
mu: 
srcDuals: 
alpha: 0.300043
psiStar: 748.906
lagLB: 739.305
||gamma||^2: 32
fixing. lower bound used: 736.059
percent fixed: 65.6766
fixing. lower bound used: 736.763
try arc fixing based on heuristic lspl: 87.7028
fixed path dual: -4.81471
alpha: 0.415167
psiStar: 748.882
lagLB: 736.427
||gamma||^2: 30
fixing. lower bound used: 737.613
percent fixed: 66.7833
fixing. lower bound used: 736.763
try arc fixing based on heuristic lspl: 87.7028
fixed path dual: -5.26187
alpha: 0.329422
psiStar: 748.857
lagLB: 735.021
||gamma||^2: 42
fixing. lower bound used: 736.109
percent fixed: 66.8914
fixing. lower bound used: 736.763
try arc fixing based on heuristic lspl: 87.7028
fixed path dual: -4.75332
alpha: 0.290908
psiStar: 748.832
lagLB: 736.905
||gamma||^2: 41
fixing. lower bound used: 734.355
percent fixed: 66.8946
fixing. lower bound used: 736.763
try arc fixing based on heuristic lspl: 87.9937
fixed path dual: -4.56425
alpha: 0.213329
psiStar: 748.808
lagLB: 738.141
||gamma||^2: 50
fixing. lower bound used: 737.196
percent fixed: 66.3518
fixing. lower bound used: 736.763
try arc fixing based on heuristic lspl: 87.9937
fixed path dual: -4.25133
alpha: 0.397231
psiStar: 748.783
lagLB: 738.853
||gamma||^2: 25
fixing. lower bound used: 737.288
percent fixed: 66.2447
fixing. lower bound used: 736.763
try arc fixing based on heuristic lspl: 87.5965
fixed path dual: -4.56886
alpha: 0.443878
psiStar: 748.759
lagLB: 737.662
||gamma||^2: 25
fixing. lower bound used: 738.275
percent fixed: 67.1353
fixing. lower bound used: 736.763
try arc fixing based on heuristic lspl: 87.1526
fixed path dual: -5.65494
alpha: 0.0933585
psiStar: 748.735
lagLB: 734.451
||gamma||^2: 153
fixing. lower bound used: 737.236
percent fixed: 67.1668
fixing. lower bound used: 736.763
try arc fixing based on heuristic lspl: 87.526
fixed path dual: -4.80063
alpha: 0.425674
psiStar: 748.711
lagLB: 738.069
||gamma||^2: 25
fixing. lower bound used: 733.798
percent fixed: 65.4867
fixing. lower bound used: 736.763
try arc fixing based on heuristic lspl: 87.9517
fixed path dual: -4.9879
alpha: 0.493513
psiStar: 748.687
lagLB: 735.856
||gamma||^2: 26
fixing. lower bound used: 736.297
percent fixed: 66.0857
fixing. lower bound used: 736.763
try arc fixing based on heuristic lspl: 87.4582
fixed path dual: -5.43414
alpha: 0.483108
psiStar: 748.663
lagLB: 736.586
||gamma||^2: 25
fixing. lower bound used: 737.605
percent fixed: 66.8239
fixing. lower bound used: 736.763
try arc fixing based on heuristic lspl: 87.9413
fixed path dual: -5.05984
alpha: 0.44738
psiStar: 748.64
lagLB: 737.008
||gamma||^2: 26
fixing. lower bound used: 735.136
percent fixed: 66.8418
fixing. lower bound used: 736.763
try arc fixing based on heuristic lspl: 87.9413
fixed path dual: -5.55389
alpha: 0.223439
psiStar: 748.616
lagLB: 736.327
||gamma||^2: 55
fixing. lower bound used: 737.743
percent fixed: 67.321
fixing. lower bound used: 736.763
try arc fixing based on heuristic lspl: 87.9413
fixed path dual: -5.78774
alpha: 0.2168
psiStar: 748.593
lagLB: 734.934
||gamma||^2: 63
fixing. lower bound used: 735.494
percent fixed: 65.598
fixing. lower bound used: 736.763
try arc fixing based on heuristic lspl: 87.5077
fixed path dual: -4.92285
STATS - lpIterations[1] lagIterations[299] sspIterations[1495] numSeparations[257] numCuts[0] compileTime[2] sspSolveTime[62] lpSolveTime[0] lb[739.476] ub[778] numArcs: [154326] numFixed: [102947] time: [762]
STATS1 - lpIterations[1] lagIterations[299] sspIterations[1495] numSeparations[257] numCuts[0] compileTime[2] sspSolveTime[62] lpSolveTime[0] repairTime[13] cutsTime[0] alphaTime[0] decompTime[0] yellowTime[0] updateTime[0] fixTime[0] lb[739.476] ub[778] numArcs: [154326] numFixed: [102947] time: [762]
lambda: 0,31.022,9.45537,46.9506,43.2762,24.6936,27.2799,8.38834,29.3137,16.482,8.23593,21.4423,17.2706,21.0099,14.2362,6.57302,26.8928,26.0146,15.6648,29.5332,14.1403,32.5873,17.508,38.3946,25.7991,38.7279,25.5644,6.25257,19.0498,13.4539,26.1818,12.5943,49.2027,20.898,
mu: 
srcDuals: 
alpha: 0.356408
psiStar: 748.742
lagLB: 739.476
||gamma||^2: 26
fixing. lower bound used: 735.151
percent fixed: 65.8261
fixing. lower bound used: 736.763
try arc fixing based on heuristic lspl: 87.8641
fixed path dual: -5.72604
alpha: 0.328715
psiStar: 748.719
lagLB: 736.885
||gamma||^2: 36
fixing. lower bound used: 739
percent fixed: 67.5074
fixing. lower bound used: 736.763
try arc fixing based on heuristic lspl: 87.5354
fixed path dual: -5.38732
alpha: 0.256536
psiStar: 748.696
lagLB: 737.921
||gamma||^2: 42
fixing. lower bound used: 736.027
percent fixed: 67.5439
fixing. lower bound used: 736.763
try arc fixing based on heuristic lspl: 88.0485
fixed path dual: -5.27706
alpha: 0.287857
psiStar: 748.673
lagLB: 737.447
||gamma||^2: 39
fixing. lower bound used: 736.615
percent fixed: 67.5464
fixing. lower bound used: 736.763
try arc fixing based on heuristic lspl: 87.4727
fixed path dual: -5.54348
alpha: 0.168559
psiStar: 748.65
lagLB: 738.705
||gamma||^2: 59
fixing. lower bound used: 739.44
percent fixed: 68.4609
updating best lambda arc fixing
fixing. lower bound used: 739.44
try arc fixing based on heuristic lspl: 87.6413
fixed path dual: -5.70627
alpha: 0.203141
psiStar: 748.628
lagLB: 737.049
||gamma||^2: 57
fixing. lower bound used: 736.906
percent fixed: 68.4628
updating best lambda arc fixing
fixing. lower bound used: 736.906
try arc fixing based on heuristic lspl: 87.8444
fixed path dual: -5.36684
alpha: 0.256941
psiStar: 748.605
lagLB: 739.355
||gamma||^2: 36
fixing. lower bound used: 737.658
percent fixed: 68.4628
fixing. lower bound used: 736.906
try arc fixing based on heuristic lspl: 87.5875
fixed path dual: -5.49027
alpha: 0.328151
psiStar: 748.582
lagLB: 738.738
||gamma||^2: 30
fixing. lower bound used: 738.997
percent fixed: 68.8967
updating best lambda arc fixing
fixing. lower bound used: 738.997
try arc fixing based on heuristic lspl: 87.5875
fixed path dual: -6.0638
alpha: 0.227047
psiStar: 748.56
lagLB: 736.527
||gamma||^2: 53
fixing. lower bound used: 737.903
percent fixed: 68.9255
updating best lambda arc fixing
fixing. lower bound used: 737.903
try arc fixing based on heuristic lspl: 87.8145
fixed path dual: -5.35739
alpha: 0.234499
psiStar: 748.538
lagLB: 738.923
||gamma||^2: 41
fixing. lower bound used: 735.391
percent fixed: 68.9242
fixing. lower bound used: 737.903
try arc fixing based on heuristic lspl: 87.3456
fixed path dual: -5.74813
alpha: 0.362903
psiStar: 748.516
lagLB: 739.08
||gamma||^2: 26
STATS - lpIterations[1] lagIterations[309] sspIterations[1545] numSeparations[258] numCuts[0] compileTime[2] sspSolveTime[64] lpSolveTime[0] lb[739.816] ub[778] numArcs: [154373] numFixed: [103393] time: [784]
STATS1 - lpIterations[1] lagIterations[309] sspIterations[1545] numSeparations[258] numCuts[0] compileTime[2] sspSolveTime[64] lpSolveTime[0] repairTime[13] cutsTime[0] alphaTime[0] decompTime[0] yellowTime[0] updateTime[0] fixTime[0] lb[739.816] ub[778] numArcs: [154373] numFixed: [103393] time: [784]
lambda: 0,31.2074,9.24871,46.744,43.0692,24.8235,27.9098,8.6895,29.6034,16.2753,8.34779,21.4917,17.064,21.5174,14.753,6.79097,26.6862,26.4828,15.6613,30.0015,13.7302,33.0786,17.3014,38.8145,26.4514,39.2054,25.3574,6.43799,19.5411,13.5615,26.0772,12.9631,49.6939,20.6913,
mu: 
srcDuals: 
fixing. lower bound used: 739.816
percent fixed: 68.0579
fixing. lower bound used: 737.903
try arc fixing based on heuristic lspl: 87.3456
fixed path dual: -7.04596
alpha: 0.170062
psiStar: 748.838
lagLB: 734.043
||gamma||^2: 87
fixing. lower bound used: 738.353
percent fixed: 68.4182
fixing. lower bound used: 737.903
try arc fixing based on heuristic lspl: 87.6857
fixed path dual: -6.04086
alpha: 0.170939
psiStar: 748.816
lagLB: 738.218
||gamma||^2: 62
fixing. lower bound used: 733.192
percent fixed: 68.4164
fixing. lower bound used: 737.903
try arc fixing based on heuristic lspl: 87.3438
fixed path dual: -5.78724
STATS - lpIterations[1] lagIterations[312] sspIterations[1560] numSeparations[260] numCuts[0] compileTime[2] sspSolveTime[65] lpSolveTime[0] lb[739.828] ub[778] numArcs: [154462] numFixed: [103485] time: [792]
STATS1 - lpIterations[1] lagIterations[312] sspIterations[1560] numSeparations[260] numCuts[0] compileTime[2] sspSolveTime[65] lpSolveTime[0] repairTime[13] cutsTime[0] alphaTime[0] decompTime[0] yellowTime[0] updateTime[0] fixTime[0] lb[739.828] ub[778] numArcs: [154462] numFixed: [103485] time: [792]
lambda: 0,31.3775,9.58971,47.085,43.4102,24.8227,27.3961,8.17668,29.6026,16.6163,7.83761,21.4926,17.405,21.0072,14.4111,6.79097,27.0272,26.1436,16.0023,29.6622,14.0712,32.9094,17.6424,38.8136,26.4505,38.8662,25.6984,6.60805,19.3719,13.2187,26.0763,12.6239,49.5248,21.0323,
mu: 
srcDuals: 
alpha: 0.299283
psiStar: 748.806
lagLB: 739.828
||gamma||^2: 30
fixing. lower bound used: 738.2
percent fixed: 67.1089
fixing. lower bound used: 737.903
try arc fixing based on heuristic lspl: 87.3438
fixed path dual: -6.53707
alpha: 0.19218
psiStar: 748.785
lagLB: 736.677
||gamma||^2: 63
fixing. lower bound used: 738.873
percent fixed: 67.7122
fixing. lower bound used: 737.903
try arc fixing based on heuristic lspl: 86.9594
fixed path dual: -5.89429
STATS - lpIterations[1] lagIterations[314] sspIterations[1570] numSeparations[260] numCuts[0] compileTime[2] sspSolveTime[66] lpSolveTime[0] lb[740.083] ub[778] numArcs: [154462] numFixed: [106064] time: [796]
STATS1 - lpIterations[1] lagIterations[314] sspIterations[1570] numSeparations[260] numCuts[0] compileTime[2] sspSolveTime[66] lpSolveTime[0] repairTime[14] cutsTime[0] alphaTime[0] decompTime[0] yellowTime[0] updateTime[0] fixTime[0] lb[740.083] ub[778] numArcs: [154462] numFixed: [106064] time: [796]
lambda: 0,31.1002,9.48261,46.9779,43.6023,24.7376,27.6954,8.47596,29.7097,16.5092,8.32907,21.5997,17.2979,21.4986,14.326,6.89807,26.9201,26.0365,15.8952,29.5551,14.2634,32.8023,17.5353,38.5364,26.3655,38.7591,25.8906,6.33079,19.2648,13.3258,26.3756,13.1153,49.4177,20.9252,
mu: 
srcDuals: 
alpha: 0.29794
psiStar: 749.022
lagLB: 740.083
||gamma||^2: 30
fixing. lower bound used: 736.869
percent fixed: 67.7231
fixing. lower bound used: 737.903
try arc fixing based on heuristic lspl: 86.9594
fixed path dual: -6.62467
alpha: 0.189613
psiStar: 749
lagLB: 737.623
||gamma||^2: 60
fixing. lower bound used: 739.68
percent fixed: 67.946
fixing. lower bound used: 737.903
try arc fixing based on heuristic lspl: 86.5802
fixed path dual: -6.32305
alpha: 0.201448
psiStar: 748.979
lagLB: 739.51
||gamma||^2: 47
fixing. lower bound used: 737.865
percent fixed: 66.868
fixing. lower bound used: 737.903
try arc fixing based on heuristic lspl: 87.386
fixed path dual: -6.48829
alpha: 0.147887
psiStar: 748.957
lagLB: 737.274
||gamma||^2: 79
fixing. lower bound used: 737.375
percent fixed: 66.5264
fixing. lower bound used: 737.903
try arc fixing based on heuristic lspl: 87.0902
fixed path dual: -5.76846
STATS - lpIterations[1] lagIterations[318] sspIterations[1590] numSeparations[265] numCuts[0] compileTime[2] sspSolveTime[66] lpSolveTime[0] lb[740.725] ub[778] numArcs: [154633] numFixed: [103643] time: [809]
STATS1 - lpIterations[1] lagIterations[318] sspIterations[1590] numSeparations[265] numCuts[0] compileTime[2] sspSolveTime[66] lpSolveTime[0] repairTime[14] cutsTime[0] alphaTime[0] decompTime[0] yellowTime[0] updateTime[0] fixTime[0] lb[740.725] ub[778] numArcs: [154633] numFixed: [103643] time: [809]
lambda: 0,31.156,9.11927,47.1139,43.4404,24.7516,27.3946,8.59613,29.6819,16.3473,7.97757,21.8033,17.4339,21.1471,14.4879,6.72246,27.1526,26.4705,15.7333,29.9891,14.5044,32.6404,17.6713,38.5921,26.5273,39.0001,25.7287,6.23863,19.1029,13.6356,26.2417,12.9534,49.2558,20.9563,
mu: 
srcDuals: 
alpha: 0.147673
psiStar: 749.586
lagLB: 740.725
||gamma||^2: 60
fixing. lower bound used: 737.126
percent fixed: 66.4261
fixing. lower bound used: 737.903
try arc fixing based on heuristic lspl: 87.3856
fixed path dual: -6.14304
alpha: 0.337381
psiStar: 749.565
lagLB: 739.443
||gamma||^2: 30
fixing. lower bound used: 740.111
percent fixed: 68.7062
fixing. lower bound used: 737.903
try arc fixing based on heuristic lspl: 87.3856
fixed path dual: -7.21027
alpha: 0.278524
psiStar: 749.544
lagLB: 734.782
||gamma||^2: 53
fixing. lower bound used: 737.715
percent fixed: 68.9261
updating best lambda arc fixing
fixing. lower bound used: 737.715
try arc fixing based on heuristic lspl: 87.6641
fixed path dual: -6.05781
alpha: 0.384117
psiStar: 749.523
lagLB: 739.151
||gamma||^2: 27
fixing. lower bound used: 733.389
percent fixed: 68.9261
fixing. lower bound used: 737.715
try arc fixing based on heuristic lspl: 87.6641
fixed path dual: -7.24069
alpha: 0.333584
psiStar: 749.502
lagLB: 735.158
||gamma||^2: 43
fixing. lower bound used: 738.224
percent fixed: 69.0032
updating best lambda arc fixing
fixing. lower bound used: 738.224
try arc fixing based on heuristic lspl: 87.6641
fixed path dual: -6.63016
alpha: 0.227535
psiStar: 749.481
lagLB: 737.877
||gamma||^2: 51
fixing. lower bound used: 734.383
percent fixed: 69.0045
updating best lambda arc fixing
fixing. lower bound used: 734.383
try arc fixing based on heuristic lspl: 87.209
fixed path dual: -6.74076
alpha: 0.117154
psiStar: 749.46
lagLB: 738.916
||gamma||^2: 90
fixing. lower bound used: 738.445
percent fixed: 69.0118
updating best lambda arc fixing
fixing. lower bound used: 738.445
try arc fixing based on heuristic lspl: 87.4433
fixed path dual: -6.5809
alpha: 0.102664
psiStar: 749.44
lagLB: 739.481
||gamma||^2: 97
fixing. lower bound used: 738.682
percent fixed: 69.0125
updating best lambda arc fixing
fixing. lower bound used: 738.682
try arc fixing based on heuristic lspl: 87.6487
fixed path dual: -6.19675
alpha: 0.291193
psiStar: 749.419
lagLB: 740.684
||gamma||^2: 30
fixing. lower bound used: 738.763
percent fixed: 69.0138
updating best lambda arc fixing
fixing. lower bound used: 738.763
try arc fixing based on heuristic lspl: 87.0663
fixed path dual: -7.40278
alpha: 0.208936
psiStar: 749.399
lagLB: 735.818
||gamma||^2: 65
fixing. lower bound used: 738.917
percent fixed: 69.0576
updating best lambda arc fixing
fixing. lower bound used: 738.917
try arc fixing based on heuristic lspl: 87.4842
fixed path dual: -6.12325
alpha: 0.347821
psiStar: 749.379
lagLB: 740.335
||gamma||^2: 26
fixing. lower bound used: 733.938
percent fixed: 67.2201
fixing. lower bound used: 738.917
try arc fixing based on heuristic lspl: 86.7885
fixed path dual: -7.53609
alpha: 0.350126
psiStar: 749.359
lagLB: 736.054
||gamma||^2: 38
fixing. lower bound used: 739.691
percent fixed: 68.2619
fixing. lower bound used: 738.917
try arc fixing based on heuristic lspl: 86.7885
fixed path dual: -7.07849
alpha: 0.238713
psiStar: 749.339
lagLB: 737.642
||gamma||^2: 49
fixing. lower bound used: 735.282
percent fixed: 68.3033
fixing. lower bound used: 738.917
try arc fixing based on heuristic lspl: 87.0272
fixed path dual: -6.68652
alpha: 0.326039
psiStar: 749.319
lagLB: 738.885
||gamma||^2: 32
fixing. lower bound used: 736.875
percent fixed: 68.3011
fixing. lower bound used: 738.917
try arc fixing based on heuristic lspl: 87.3533
fixed path dual: -7.3191
alpha: 0.236002
psiStar: 749.299
lagLB: 737.027
||gamma||^2: 52
fixing. lower bound used: 738.663
percent fixed: 67.796
fixing. lower bound used: 738.917
try arc fixing based on heuristic lspl: 87.5893
fixed path dual: -6.71306
alpha: 0.236403
psiStar: 749.279
lagLB: 738.641
||gamma||^2: 45
fixing. lower bound used: 735.61
percent fixed: 67.9915
fixing. lower bound used: 738.917
try arc fixing based on heuristic lspl: 87.1165
fixed path dual: -7.02306
alpha: 0.371882
psiStar: 749.259
lagLB: 739.218
||gamma||^2: 27
fixing. lower bound used: 739.743
percent fixed: 68.1438
fixing. lower bound used: 738.917
try arc fixing based on heuristic lspl: 87.1165
fixed path dual: -7.142
alpha: 0.36661
psiStar: 749.24
lagLB: 737.508
||gamma||^2: 32
fixing. lower bound used: 737.669
percent fixed: 68.3984
fixing. lower bound used: 738.917
try arc fixing based on heuristic lspl: 87.1165
fixed path dual: -6.93915
alpha: 0.221434
psiStar: 749.22
lagLB: 739.255
||gamma||^2: 45
fixing. lower bound used: 737.687
percent fixed: 67.2668
fixing. lower bound used: 738.917
try arc fixing based on heuristic lspl: 87.3379
fixed path dual: -7.09534
alpha: 0.257244
psiStar: 749.201
lagLB: 737.367
||gamma||^2: 46
fixing. lower bound used: 737.792
percent fixed: 67.6843
fixing. lower bound used: 738.917
try arc fixing based on heuristic lspl: 87.3379
fixed path dual: -6.69856
alpha: 0.307186
psiStar: 749.181
lagLB: 739.351
||gamma||^2: 32
fixing. lower bound used: 737.367
percent fixed: 67.724
fixing. lower bound used: 738.917
try arc fixing based on heuristic lspl: 87.9523
fixed path dual: -7.50989
alpha: 0.133038
psiStar: 749.162
lagLB: 736.523
||gamma||^2: 95
fixing. lower bound used: 738.823
percent fixed: 67.9363
fixing. lower bound used: 738.917
try arc fixing based on heuristic lspl: 87.6862
fixed path dual: -6.8022
alpha: 0.218243
psiStar: 749.143
lagLB: 740.195
||gamma||^2: 41
fixing. lower bound used: 736.656
percent fixed: 67.2633
fixing. lower bound used: 738.917
try arc fixing based on heuristic lspl: 87.2497
fixed path dual: -7.02972
alpha: 0.313724
psiStar: 749.124
lagLB: 739.712
||gamma||^2: 30
fixing. lower bound used: 740.251
percent fixed: 68.4985
fixing. lower bound used: 738.917
try arc fixing based on heuristic lspl: 87.2497
fixed path dual: -7.90523
alpha: 0.158279
psiStar: 749.105
lagLB: 735.334
||gamma||^2: 87
fixing. lower bound used: 738.064
percent fixed: 68.7554
fixing. lower bound used: 738.917
try arc fixing based on heuristic lspl: 87.5663
fixed path dual: -7.10285
alpha: 0.263272
psiStar: 749.086
lagLB: 738.555
||gamma||^2: 40
fixing. lower bound used: 734.543
percent fixed: 68.7554
fixing. lower bound used: 738.917
try arc fixing based on heuristic lspl: 87.0397
fixed path dual: -7.5102
alpha: 0.230606
psiStar: 749.067
lagLB: 739.151
||gamma||^2: 43
fixing. lower bound used: 739.992
percent fixed: 68.8056
fixing. lower bound used: 738.917
try arc fixing based on heuristic lspl: 87.5009
fixed path dual: -7.41499
alpha: 0.374559
psiStar: 749.048
lagLB: 738.935
||gamma||^2: 27
fixing. lower bound used: 737.786
percent fixed: 68.8063
fixing. lower bound used: 738.917
try arc fixing based on heuristic lspl: 86.7518
fixed path dual: -8.47082
alpha: 0.289811
psiStar: 749.03
lagLB: 736.278
||gamma||^2: 44
fixing. lower bound used: 738.97
percent fixed: 68.8069
fixing. lower bound used: 738.917
try arc fixing based on heuristic lspl: 87.6212
fixed path dual: -7.35543
alpha: 0.378985
psiStar: 749.011
lagLB: 739.536
||gamma||^2: 25
fixing. lower bound used: 733.959
percent fixed: 68.8069
fixing. lower bound used: 738.917
try arc fixing based on heuristic lspl: 87.2423
fixed path dual: -7.67862
alpha: 0.220213
psiStar: 748.992
lagLB: 737.541
||gamma||^2: 52
fixing. lower bound used: 738.224
percent fixed: 68.8064
fixing. lower bound used: 738.917
try arc fixing based on heuristic lspl: 87.4625
fixed path dual: -7.45533
alpha: 0.219462
psiStar: 748.974
lagLB: 739.098
||gamma||^2: 45
fixing. lower bound used: 737.415
percent fixed: 67.3185
fixing. lower bound used: 738.917
try arc fixing based on heuristic lspl: 87.6819
fixed path dual: -7.31383
alpha: 0.129057
psiStar: 748.956
lagLB: 739.147
||gamma||^2: 76
fixing. lower bound used: 738.439
percent fixed: 67.953
fixing. lower bound used: 738.917
try arc fixing based on heuristic lspl: 87.94
fixed path dual: -6.72545
STATS - lpIterations[1] lagIterations[351] sspIterations[1755] numSeparations[275] numCuts[0] compileTime[2] sspSolveTime[72] lpSolveTime[0] lb[741.315] ub[778] numArcs: [155036] numFixed: [106892] time: [889]
STATS1 - lpIterations[1] lagIterations[351] sspIterations[1755] numSeparations[275] numCuts[0] compileTime[2] sspSolveTime[72] lpSolveTime[0] repairTime[15] cutsTime[0] alphaTime[0] decompTime[0] yellowTime[0] updateTime[0] fixTime[0] lb[741.315] ub[778] numArcs: [155036] numFixed: [106892] time: [889]
lambda: 0,31.5994,9.1179,47.5535,44.162,24.8948,27.9572,8.48755,30.0073,16.5779,7.76879,21.2505,17.6645,21.3664,14.5974,6.76581,27.3602,26.129,15.8631,30.1025,14.2365,32.8398,17.6699,39.1389,26.6766,39.0894,26.6705,7.17289,19.3023,13.6502,26.7544,12.4423,49.4551,20.6176,
mu: 
srcDuals: 
alpha: 0.328743
psiStar: 749.534
lagLB: 741.315
||gamma||^2: 25
fixing. lower bound used: 738.373
percent fixed: 68.1431
fixing. lower bound used: 738.917
try arc fixing based on heuristic lspl: 87.6113
fixed path dual: -8.05563
alpha: 0.314466
psiStar: 749.515
lagLB: 736.308
||gamma||^2: 42
fixing. lower bound used: 739.634
percent fixed: 68.5557
fixing. lower bound used: 738.917
try arc fixing based on heuristic lspl: 87.6113
fixed path dual: -7.89047
alpha: 0.0929602
psiStar: 749.497
lagLB: 737.134
||gamma||^2: 133
fixing. lower bound used: 735.423
percent fixed: 68.552
fixing. lower bound used: 738.917
try arc fixing based on heuristic lspl: 87.8902
fixed path dual: -7.02693
alpha: 0.295487
psiStar: 749.479
lagLB: 740.615
||gamma||^2: 30
fixing. lower bound used: 736.297
percent fixed: 67.3165
fixing. lower bound used: 738.917
try arc fixing based on heuristic lspl: 87.2992
fixed path dual: -7.96577
alpha: 0.237671
psiStar: 749.461
lagLB: 737.102
||gamma||^2: 52
fixing. lower bound used: 739.557
percent fixed: 68.3137
fixing. lower bound used: 738.917
try arc fixing based on heuristic lspl: 88.2499
fixed path dual: -7.04963
alpha: 0.367454
psiStar: 749.443
lagLB: 740.257
||gamma||^2: 25
fixing. lower bound used: 735.676
percent fixed: 67.265
fixing. lower bound used: 738.917
try arc fixing based on heuristic lspl: 87.8824
fixed path dual: -8.22068
alpha: 0.289573
psiStar: 749.426
lagLB: 736.974
||gamma||^2: 43
fixing. lower bound used: 739.997
percent fixed: 68.6766
fixing. lower bound used: 738.917
try arc fixing based on heuristic lspl: 87.8824
fixed path dual: -8.08793
alpha: 0.182723
psiStar: 749.408
lagLB: 737.348
||gamma||^2: 66
fixing. lower bound used: 735.881
percent fixed: 68.7198
fixing. lower bound used: 738.917
try arc fixing based on heuristic lspl: 88.2479
fixed path dual: -7.27105
alpha: 0.135135
psiStar: 749.39
lagLB: 740.336
||gamma||^2: 67
fixing. lower bound used: 736.252
percent fixed: 68.7198
fixing. lower bound used: 738.917
try arc fixing based on heuristic lspl: 87.9776
fixed path dual: -7.1696
alpha: 0.310894
psiStar: 749.373
lagLB: 740.979
||gamma||^2: 27
fixing. lower bound used: 740.471
percent fixed: 69.384
updating best lambda arc fixing
fixing. lower bound used: 740.471
try arc fixing based on heuristic lspl: 87.3558
fixed path dual: -8.52577
alpha: 0.132462
psiStar: 749.355
lagLB: 736.374
||gamma||^2: 98
fixing. lower bound used: 740.197
percent fixed: 69.4821
updating best lambda arc fixing
fixing. lower bound used: 740.197
try arc fixing based on heuristic lspl: 87.6208
fixed path dual: -7.31882
alpha: 0.198108
psiStar: 749.338
lagLB: 740.819
||gamma||^2: 43
fixing. lower bound used: 734.784
percent fixed: 68.5466
fixing. lower bound used: 740.197
try arc fixing based on heuristic lspl: 87.6208
fixed path dual: -7.52978
alpha: 0.375163
psiStar: 749.321
lagLB: 739.566
||gamma||^2: 26
fixing. lower bound used: 739.701
percent fixed: 69.0253
fixing. lower bound used: 740.197
try arc fixing based on heuristic lspl: 87.6208
fixed path dual: -8.46207
alpha: 0.176682
psiStar: 749.303
lagLB: 736.405
||gamma||^2: 73
fixing. lower bound used: 739.004
percent fixed: 69.1694
fixing. lower bound used: 740.197
try arc fixing based on heuristic lspl: 87.9741
fixed path dual: -7.52788
alpha: 0.162869
psiStar: 749.286
lagLB: 739.84
||gamma||^2: 58
fixing. lower bound used: 735.169
percent fixed: 69.1699
fixing. lower bound used: 740.197
try arc fixing based on heuristic lspl: 87.6484
fixed path dual: -7.73819
alpha: 0.241789
psiStar: 749.269
lagLB: 739.114
||gamma||^2: 42
fixing. lower bound used: 739.463
percent fixed: 69.2061
fixing. lower bound used: 740.197
try arc fixing based on heuristic lspl: 87.8902
fixed path dual: -7.67747
alpha: 0.382151
psiStar: 749.252
lagLB: 738.934
||gamma||^2: 27
fixing. lower bound used: 738.63
percent fixed: 69.2144
fixing. lower bound used: 740.197
try arc fixing based on heuristic lspl: 87.1259
fixed path dual: -8.39287
alpha: 0.414927
psiStar: 749.235
lagLB: 738.032
||gamma||^2: 27
fixing. lower bound used: 739.759
percent fixed: 69.241
fixing. lower bound used: 740.197
try arc fixing based on heuristic lspl: 87.9557
fixed path dual: -7.80858
alpha: 0.382938
psiStar: 749.218
lagLB: 738.879
||gamma||^2: 27
fixing. lower bound used: 735.957
percent fixed: 69.241
fixing. lower bound used: 740.197
try arc fixing based on heuristic lspl: 87.1898
fixed path dual: -8.8532
alpha: 0.183787
psiStar: 749.201
lagLB: 736.336
||gamma||^2: 70
fixing. lower bound used: 739.477
percent fixed: 69.2395
fixing. lower bound used: 740.197
try arc fixing based on heuristic lspl: 87.925
fixed path dual: -7.96495
alpha: 0.107555
psiStar: 749.185
lagLB: 740.042
||gamma||^2: 85
fixing. lower bound used: 735.601
percent fixed: 68.5628
fixing. lower bound used: 740.197
try arc fixing based on heuristic lspl: 87.7099
fixed path dual: -7.93745
alpha: 0.296017
psiStar: 749.168
lagLB: 740.287
||gamma||^2: 30
fixing. lower bound used: 739.904
percent fixed: 68.9959
fixing. lower bound used: 740.197
try arc fixing based on heuristic lspl: 87.7099
fixed path dual: -8.70776
alpha: 0.178285
psiStar: 749.151
lagLB: 737.028
||gamma||^2: 68
fixing. lower bound used: 739.224
percent fixed: 69.3345
fixing. lower bound used: 740.197
try arc fixing based on heuristic lspl: 87.3533
fixed path dual: -7.84372
STATS - lpIterations[1] lagIterations[374] sspIterations[1870] numSeparations[286] numCuts[0] compileTime[2] sspSolveTime[76] lpSolveTime[0] lb[741.348] ub[778] numArcs: [155499] numFixed: [107933] time: [945]
STATS1 - lpIterations[1] lagIterations[374] sspIterations[1870] numSeparations[286] numCuts[0] compileTime[2] sspSolveTime[76] lpSolveTime[0] repairTime[16] cutsTime[0] alphaTime[0] decompTime[0] yellowTime[0] updateTime[0] fixTime[0] lb[741.348] ub[778] numArcs: [155499] numFixed: [107933] time: [945]
lambda: 0,31.4931,8.85283,47.8793,44.6053,24.7917,28.3474,8.63196,30.1453,16.6783,8.44828,21.4514,17.7649,21.7546,14.5034,7.03584,27.8504,26.4634,15.8235,30.307,14.3613,32.9929,17.6698,39.0524,27.0651,39.5107,27.1138,6.71,19.0878,13.5812,27.1553,12.8967,49.792,20.75,
mu: 
srcDuals: 
alpha: 0.289634
psiStar: 749.168
lagLB: 741.348
||gamma||^2: 27
fixing. lower bound used: 737.028
percent fixed: 68.5718
fixing. lower bound used: 740.197
try arc fixing based on heuristic lspl: 87.3533
fixed path dual: -8.72317
alpha: 0.23895
psiStar: 749.152
lagLB: 738.399
||gamma||^2: 45
fixing. lower bound used: 740.479
percent fixed: 69.3284
fixing. lower bound used: 740.197
try arc fixing based on heuristic lspl: 87.5923
fixed path dual: -8.46008
alpha: 0.12489
psiStar: 749.135
lagLB: 738.52
||gamma||^2: 85
fixing. lower bound used: 736.921
percent fixed: 69.3319
fixing. lower bound used: 740.197
try arc fixing based on heuristic lspl: 87.3425
fixed path dual: -8.07691
alpha: 0.0873325
psiStar: 749.119
lagLB: 740.56
||gamma||^2: 98
fixing. lower bound used: 738.645
percent fixed: 68.5761
fixing. lower bound used: 740.197
try arc fixing based on heuristic lspl: 87.5171
fixed path dual: -7.9416
alpha: 0.297795
psiStar: 749.103
lagLB: 741.062
||gamma||^2: 27
fixing. lower bound used: 740.285
percent fixed: 69.1035
fixing. lower bound used: 740.197
try arc fixing based on heuristic lspl: 87.5171
fixed path dual: -8.96737
alpha: 0.243003
psiStar: 749.087
lagLB: 737.422
||gamma||^2: 48
fixing. lower bound used: 740.398
percent fixed: 69.7339
updating best lambda arc fixing
fixing. lower bound used: 740.398
try arc fixing based on heuristic lspl: 87.7601
fixed path dual: -8.34743
alpha: 0.125267
psiStar: 749.07
lagLB: 739.55
||gamma||^2: 76
fixing. lower bound used: 736.45
percent fixed: 69.7417
updating best lambda arc fixing
fixing. lower bound used: 736.45
try arc fixing based on heuristic lspl: 87.5096
fixed path dual: -8.3237
alpha: 0.319779
psiStar: 749.054
lagLB: 740.42
||gamma||^2: 27
fixing. lower bound used: 739.908
percent fixed: 69.8024
updating best lambda arc fixing
fixing. lower bound used: 739.908
try arc fixing based on heuristic lspl: 87.5096
fixed path dual: -8.9811
alpha: 0.286282
psiStar: 749.038
lagLB: 738.732
||gamma||^2: 36
fixing. lower bound used: 740.3
percent fixed: 69.8056
updating best lambda arc fixing
fixing. lower bound used: 740.3
try arc fixing based on heuristic lspl: 87.2233
fixed path dual: -8.85109
alpha: 0.243161
psiStar: 749.022
lagLB: 738.81
||gamma||^2: 42
fixing. lower bound used: 737.723
percent fixed: 69.8056
fixing. lower bound used: 740.3
try arc fixing based on heuristic lspl: 87.7096
fixed path dual: -8.51619
alpha: 0.365193
psiStar: 749.007
lagLB: 739.512
||gamma||^2: 26
fixing. lower bound used: 737.837
percent fixed: 69.8038
fixing. lower bound used: 740.3
try arc fixing based on heuristic lspl: 86.9793
fixed path dual: -9.44236
alpha: 0.248634
psiStar: 748.991
lagLB: 737.802
||gamma||^2: 45
fixing. lower bound used: 740.352
percent fixed: 69.9684
updating best lambda arc fixing
fixing. lower bound used: 740.352
try arc fixing based on heuristic lspl: 87.7252
fixed path dual: -8.97597
alpha: 0.094476
psiStar: 748.975
lagLB: 738.394
||gamma||^2: 112
fixing. lower bound used: 736.041
percent fixed: 69.9668
fixing. lower bound used: 740.352
try arc fixing based on heuristic lspl: 87.5362
fixed path dual: -8.38889
alpha: 0.123068
psiStar: 748.959
lagLB: 741.329
||gamma||^2: 62
fixing. lower bound used: 738.394
percent fixed: 68.815
fixing. lower bound used: 740.352
try arc fixing based on heuristic lspl: 87.6593
fixed path dual: -8.47675
STATS - lpIterations[1] lagIterations[388] sspIterations[1940] numSeparations[290] numCuts[0] compileTime[2] sspSolveTime[79] lpSolveTime[0] lb[741.382] ub[778] numArcs: [155701] numFixed: [108476] time: [978]
STATS1 - lpIterations[1] lagIterations[388] sspIterations[1940] numSeparations[290] numCuts[0] compileTime[2] sspSolveTime[79] lpSolveTime[0] repairTime[16] cutsTime[0] alphaTime[0] decompTime[0] yellowTime[0] updateTime[0] fixTime[0] lb[741.382] ub[778] numArcs: [155701] numFixed: [108476] time: [978]
lambda: 0,31.8307,8.75857,48.024,44.2937,25.2995,28.5446,8.42477,30.5929,16.823,8.28452,21.4957,17.9096,21.6406,14.7821,7.20385,27.7561,26.4536,15.7292,30.2973,14.2958,33.2939,17.5755,39.2956,27.3861,40.0041,26.9252,7.23447,19.3888,13.6832,27.1928,12.8081,50.0056,20.5326,
mu: 
srcDuals: 
alpha: 0.292159
psiStar: 748.978
lagLB: 741.382
||gamma||^2: 26
STATS - lpIterations[1] lagIterations[388] sspIterations[1940] numSeparations[290] numCuts[0] compileTime[2] sspSolveTime[79] lpSolveTime[0] lb[741.578] ub[778] numArcs: [155701] numFixed: [108476] time: [979]
STATS1 - lpIterations[1] lagIterations[388] sspIterations[1940] numSeparations[290] numCuts[0] compileTime[2] sspSolveTime[79] lpSolveTime[0] repairTime[16] cutsTime[0] alphaTime[0] decompTime[0] yellowTime[0] updateTime[0] fixTime[0] lb[741.578] ub[778] numArcs: [155701] numFixed: [108476] time: [979]
lambda: 0,31.8307,9.05073,48.3161,44.5858,25.0073,28.2524,8.13261,30.5929,17.1151,8.57668,21.4957,18.2018,21.9327,14.7821,7.20385,28.0483,26.1615,16.0214,30.0051,14.588,33.0017,17.8677,39.2956,27.094,39.712,27.2174,7.23447,19.0966,13.391,26.9006,13.1002,49.7135,20.8248,
mu: 
srcDuals: 
fixing. lower bound used: 741.578
percent fixed: 70.0197
updating best lambda arc fixing
fixing. lower bound used: 741.578
try arc fixing based on heuristic lspl: 87.075
fixed path dual: -8.83067
alpha: 0.298778
psiStar: 749.16
lagLB: 740.197
||gamma||^2: 30
fixing. lower bound used: 740.997
percent fixed: 70.3398
updating best lambda arc fixing
fixing. lower bound used: 740.997
try arc fixing based on heuristic lspl: 87.075
fixed path dual: -9.5098
alpha: 0.0995448
psiStar: 749.145
lagLB: 736.801
||gamma||^2: 124
fixing. lower bound used: 738.803
percent fixed: 70.3475
updating best lambda arc fixing
fixing. lower bound used: 738.803
try arc fixing based on heuristic lspl: 87.4731
fixed path dual: -8.75489
alpha: 0.235572
psiStar: 749.129
lagLB: 740.178
||gamma||^2: 38
fixing. lower bound used: 736.403
percent fixed: 66.9204
fixing. lower bound used: 738.803
try arc fixing based on heuristic lspl: 87.002
fixed path dual: -9.31792
alpha: 0.234928
psiStar: 749.114
lagLB: 739.247
||gamma||^2: 42
fixing. lower bound used: 740.534
percent fixed: 69.2867
fixing. lower bound used: 738.803
try arc fixing based on heuristic lspl: 87.4719
fixed path dual: -9.20001
alpha: 0.141693
psiStar: 749.099
lagLB: 738.897
||gamma||^2: 72
fixing. lower bound used: 737.961
percent fixed: 69.3291
fixing. lower bound used: 738.803
try arc fixing based on heuristic lspl: 87.1885
fixed path dual: -8.69823
alpha: 0.318445
psiStar: 749.084
lagLB: 741.122
||gamma||^2: 25
fixing. lower bound used: 738.613
percent fixed: 67.4664
fixing. lower bound used: 738.803
try arc fixing based on heuristic lspl: 87.5069
fixed path dual: -9.57642
alpha: 0.307609
psiStar: 749.068
lagLB: 737.687
||gamma||^2: 37
fixing. lower bound used: 740.047
percent fixed: 68.5798
fixing. lower bound used: 738.803
try arc fixing based on heuristic lspl: 87.1993
fixed path dual: -9.04289
alpha: 0.300214
psiStar: 749.053
lagLB: 740.047
||gamma||^2: 30
fixing. lower bound used: 737.379
percent fixed: 68.624
fixing. lower bound used: 738.803
try arc fixing based on heuristic lspl: 87.7997
fixed path dual: -9.15129
alpha: 0.244445
psiStar: 749.038
lagLB: 739.505
||gamma||^2: 39
fixing. lower bound used: 739.475
percent fixed: 68.72
fixing. lower bound used: 738.803
try arc fixing based on heuristic lspl: 87.3108
fixed path dual: -9.79024
alpha: 0.198361
psiStar: 749.023
lagLB: 738.51
||gamma||^2: 53
fixing. lower bound used: 740.401
percent fixed: 69.2015
fixing. lower bound used: 738.803
try arc fixing based on heuristic lspl: 87.5092
fixed path dual: -9.27736
alpha: 0.133218
psiStar: 749.008
lagLB: 740.083
||gamma||^2: 67
fixing. lower bound used: 737.264
percent fixed: 69.2021
fixing. lower bound used: 738.803
try arc fixing based on heuristic lspl: 87.7756
fixed path dual: -8.79135
STATS - lpIterations[1] lagIterations[400] sspIterations[2000] numSeparations[293] numCuts[0] compileTime[2] sspSolveTime[81] lpSolveTime[0] lb[741.847] ub[778] numArcs: [155901] numFixed: [109520] time: [1006]
STATS1 - lpIterations[1] lagIterations[400] sspIterations[2000] numSeparations[293] numCuts[0] compileTime[2] sspSolveTime[81] lpSolveTime[0] repairTime[17] cutsTime[0] alphaTime[0] decompTime[0] yellowTime[0] updateTime[0] fixTime[0] lb[741.847] ub[778] numArcs: [155901] numFixed: [109520] time: [1006]
lambda: 0,32.0645,8.72594,48.2578,44.4946,25.0005,28.8212,8.55968,30.4712,17.0568,8.06477,21.3684,18.1434,21.8272,14.9252,7.03442,27.7235,26.7842,15.6966,30.5283,14.4968,33.295,17.5429,39.5294,27.2288,40.0513,27.2678,7.32656,19.2904,13.7153,27.2799,12.7244,50.0068,20.5,
mu: 
srcDuals: 
alpha: 0.274758
psiStar: 749.265
lagLB: 741.847
||gamma||^2: 27
fixing. lower bound used: 739.417
percent fixed: 69.2021
fixing. lower bound used: 738.803
try arc fixing based on heuristic lspl: 87.2261
fixed path dual: -9.40521
alpha: 0.127478
psiStar: 749.25
lagLB: 739.052
||gamma||^2: 80
fixing. lower bound used: 740.776
percent fixed: 69.6474
fixing. lower bound used: 738.803
try arc fixing based on heuristic lspl: 87.4811
fixed path dual: -9.23437
alpha: 0.165245
psiStar: 749.236
lagLB: 739.651
||gamma||^2: 58
fixing. lower bound used: 738.797
percent fixed: 67.1587
fixing. lower bound used: 738.803
try arc fixing based on heuristic lspl: 87.3158
fixed path dual: -8.80681
alpha: 0.29727
psiStar: 749.221
lagLB: 741.789
||gamma||^2: 25
fixing. lower bound used: 739.651
percent fixed: 68.5035
fixing. lower bound used: 738.803
try arc fixing based on heuristic lspl: 87.6131
fixed path dual: -9.78992
alpha: 0.10215
psiStar: 749.206
lagLB: 737.765
||gamma||^2: 112
fixing. lower bound used: 740.761
percent fixed: 69.4525
fixing. lower bound used: 738.803
try arc fixing based on heuristic lspl: 87.4088
fixed path dual: -9.64318
alpha: 0.0906149
psiStar: 749.192
lagLB: 738.499
||gamma||^2: 118
fixing. lower bound used: 737.765
percent fixed: 66.9955
fixing. lower bound used: 738.803
try arc fixing based on heuristic lspl: 87.6806
fixed path dual: -8.87922
alpha: 0.18958
psiStar: 749.177
lagLB: 741.594
||gamma||^2: 40
fixing. lower bound used: 737.774
percent fixed: 67.1546
fixing. lower bound used: 738.803
try arc fixing based on heuristic lspl: 87.3015
fixed path dual: -9.40573
alpha: 0.197749
psiStar: 749.163
lagLB: 740.857
||gamma||^2: 42
STATS - lpIterations[1] lagIterations[407] sspIterations[2035] numSeparations[297] numCuts[0] compileTime[2] sspSolveTime[82] lpSolveTime[0] lb[742.041] ub[778] numArcs: [156169] numFixed: [106762] time: [1025]
STATS1 - lpIterations[1] lagIterations[407] sspIterations[2035] numSeparations[297] numCuts[0] compileTime[2] sspSolveTime[82] lpSolveTime[0] repairTime[17] cutsTime[0] alphaTime[0] decompTime[0] yellowTime[0] updateTime[0] fixTime[0] lb[742.041] ub[778] numArcs: [156169] numFixed: [106762] time: [1025]
lambda: 0,32.2595,8.79831,48.2027,44.5833,25.2566,28.9511,8.5084,30.8318,17.0017,8.1564,21.7876,18.0883,21.8283,15.093,7.4536,27.9233,26.5337,15.769,30.2778,14.5855,33.044,17.7427,39.6222,27.4996,39.735,27.3565,7.50684,19.0394,13.5535,27.2443,13.0559,49.7558,20.4449,
mu: 
srcDuals: 
fixing. lower bound used: 742.041
percent fixed: 70.6085
updating best lambda arc fixing
fixing. lower bound used: 742.041
try arc fixing based on heuristic lspl: 87.4992
fixed path dual: -9.65353
alpha: 0.210876
psiStar: 749.345
lagLB: 739.223
||gamma||^2: 48
fixing. lower bound used: 739.313
percent fixed: 70.652
updating best lambda arc fixing
fixing. lower bound used: 739.313
try arc fixing based on heuristic lspl: 87.2884
fixed path dual: -9.23324
alpha: 0.33712
psiStar: 749.33
lagLB: 740.902
||gamma||^2: 25
fixing. lower bound used: 738.797
percent fixed: 70.652
fixing. lower bound used: 739.313
try arc fixing based on heuristic lspl: 87.6255
fixed path dual: -10.0066
alpha: 0.208686
psiStar: 749.316
lagLB: 738.047
||gamma||^2: 54
fixing. lower bound used: 740.015
percent fixed: 70.6709
updating best lambda arc fixing
fixing. lower bound used: 740.015
try arc fixing based on heuristic lspl: 87.2081
fixed path dual: -9.3068
alpha: 0.136069
psiStar: 749.302
lagLB: 741.546
||gamma||^2: 57
fixing. lower bound used: 738.047
percent fixed: 70.671
updating best lambda arc fixing
fixing. lower bound used: 738.047
try arc fixing based on heuristic lspl: 87.072
fixed path dual: -9.35037
alpha: 0.200602
psiStar: 749.288
lagLB: 741.464
||gamma||^2: 39
fixing. lower bound used: 741.27
percent fixed: 70.8261
updating best lambda arc fixing
fixing. lower bound used: 741.27
try arc fixing based on heuristic lspl: 87.2726
fixed path dual: -9.8101
alpha: 0.120822
psiStar: 749.274
lagLB: 739.366
||gamma||^2: 82
fixing. lower bound used: 740.692
percent fixed: 70.1364
fixing. lower bound used: 741.27
try arc fixing based on heuristic lspl: 87.1518
fixed path dual: -9.36593
alpha: 0.188431
psiStar: 749.26
lagLB: 741.345
||gamma||^2: 42
fixing. lower bound used: 739.125
percent fixed: 69.8389
fixing. lower bound used: 741.27
try arc fixing based on heuristic lspl: 87.1518
fixed path dual: -9.65408
alpha: 0.176243
psiStar: 749.245
lagLB: 739.905
||gamma||^2: 53
fixing. lower bound used: 740.524
percent fixed: 70.0992
fixing. lower bound used: 741.27
try arc fixing based on heuristic lspl: 87.3281
fixed path dual: -9.26531
alpha: 0.295153
psiStar: 749.232
lagLB: 740.967
||gamma||^2: 28
fixing. lower bound used: 739.023
percent fixed: 70.1093
fixing. lower bound used: 741.27
try arc fixing based on heuristic lspl: 87.0329
fixed path dual: -9.79564
alpha: 0.351196
psiStar: 749.218
lagLB: 740.087
||gamma||^2: 26
fixing. lower bound used: 741.12
percent fixed: 70.4358
fixing. lower bound used: 741.27
try arc fixing based on heuristic lspl: 87.7353
fixed path dual: -9.53679
alpha: 0.367784
psiStar: 749.204
lagLB: 739.274
||gamma||^2: 27
fixing. lower bound used: 737.979
percent fixed: 70.4364
fixing. lower bound used: 741.27
try arc fixing based on heuristic lspl: 86.9997
fixed path dual: -10.2946
alpha: 0.258863
psiStar: 749.19
lagLB: 738.059
||gamma||^2: 43
fixing. lower bound used: 740.2
percent fixed: 70.4717
fixing. lower bound used: 741.27
try arc fixing based on heuristic lspl: 87.5175
fixed path dual: -9.93658
alpha: 0.180423
psiStar: 749.176
lagLB: 739.073
||gamma||^2: 56
fixing. lower bound used: 736.769
percent fixed: 70.4708
fixing. lower bound used: 741.27
try arc fixing based on heuristic lspl: 87.1566
fixed path dual: -9.77228
alpha: 0.0861677
psiStar: 749.163
lagLB: 740.977
||gamma||^2: 95
fixing. lower bound used: 740.081
percent fixed: 69.8691
fixing. lower bound used: 741.27
try arc fixing based on heuristic lspl: 87.329
fixed path dual: -9.47254
alpha: 0.242559
psiStar: 749.149
lagLB: 741.872
||gamma||^2: 30
fixing. lower bound used: 740.047
percent fixed: 70.1149
fixing. lower bound used: 741.27
try arc fixing based on heuristic lspl: 87.329
fixed path dual: -10.2299
alpha: 0.251539
psiStar: 749.135
lagLB: 738.571
||gamma||^2: 42
fixing. lower bound used: 740.58
percent fixed: 70.2258
fixing. lower bound used: 741.27
try arc fixing based on heuristic lspl: 87.0774
fixed path dual: -9.86866
alpha: 0.119796
psiStar: 749.122
lagLB: 740.377
||gamma||^2: 73
fixing. lower bound used: 738.571
percent fixed: 70.224
fixing. lower bound used: 741.27
try arc fixing based on heuristic lspl: 87.317
fixed path dual: -9.58688
alpha: 0.225531
psiStar: 749.108
lagLB: 741.666
||gamma||^2: 33
fixing. lower bound used: 740.257
percent fixed: 69.9551
fixing. lower bound used: 741.27
try arc fixing based on heuristic lspl: 87.0915
fixed path dual: -9.8405
alpha: 0.297425
psiStar: 749.095
lagLB: 740.172
||gamma||^2: 30
fixing. lower bound used: 740.795
percent fixed: 70.3589
fixing. lower bound used: 741.27
try arc fixing based on heuristic lspl: 87.6863
fixed path dual: -9.85766
alpha: 0.368846
psiStar: 749.081
lagLB: 739.491
||gamma||^2: 26
fixing. lower bound used: 739.14
percent fixed: 70.3614
fixing. lower bound used: 741.27
try arc fixing based on heuristic lspl: 86.9486
fixed path dual: -10.6727
alpha: 0.198172
psiStar: 749.068
lagLB: 738.367
||gamma||^2: 54
fixing. lower bound used: 740.663
percent fixed: 70.4203
fixing. lower bound used: 741.27
try arc fixing based on heuristic lspl: 87.7413
fixed path dual: -9.9867
alpha: 0.101905
psiStar: 749.055
lagLB: 741.004
||gamma||^2: 79
fixing. lower bound used: 737.544
percent fixed: 69.8391
fixing. lower bound used: 741.27
try arc fixing based on heuristic lspl: 87.5375
fixed path dual: -9.71949
STATS - lpIterations[1] lagIterations[430] sspIterations[2150] numSeparations[303] numCuts[0] compileTime[2] sspSolveTime[87] lpSolveTime[0] lb[742.646] ub[778] numArcs: [156417] numFixed: [111295] time: [1079]
STATS1 - lpIterations[1] lagIterations[430] sspIterations[2150] numSeparations[303] numCuts[0] compileTime[2] sspSolveTime[87] lpSolveTime[0] repairTime[18] cutsTime[0] alphaTime[0] decompTime[0] yellowTime[0] updateTime[0] fixTime[0] lb[742.646] ub[778] numArcs: [156417] numFixed: [111295] time: [1079]
lambda: 0,32.1847,9.06253,48.4669,44.9077,25.0074,29.1576,8.64408,30.7931,17.2659,8.35145,21.4544,18.3525,21.8741,14.5714,6.93518,28.1875,26.6831,16.1286,30.6254,14.8144,33.2967,18.007,39.6374,27.4309,40.019,27.6809,7.29229,19.6263,13.6814,27.4345,13.0738,50.2067,20.3887,
mu: 
srcDuals: 
alpha: 0.233537
psiStar: 749.652
lagLB: 742.646
||gamma||^2: 30
fixing. lower bound used: 741.31
percent fixed: 70.3208
fixing. lower bound used: 741.27
try arc fixing based on heuristic lspl: 88.0046
fixed path dual: -10.4319
alpha: 0.216119
psiStar: 749.639
lagLB: 738.617
||gamma||^2: 51
fixing. lower bound used: 740.358
percent fixed: 70.3907
fixing. lower bound used: 741.27
try arc fixing based on heuristic lspl: 87.5723
fixed path dual: -9.9071
alpha: 0.194494
psiStar: 749.626
lagLB: 741.457
||gamma||^2: 42
fixing. lower bound used: 738.833
percent fixed: 70.3925
fixing. lower bound used: 741.27
try arc fixing based on heuristic lspl: 87.3779
fixed path dual: -10.5806
alpha: 0.124591
psiStar: 749.613
lagLB: 739.645
||gamma||^2: 80
fixing. lower bound used: 741.572
percent fixed: 70.5329
fixing. lower bound used: 741.27
try arc fixing based on heuristic lspl: 87.627
fixed path dual: -10.294
alpha: 0.186625
psiStar: 749.6
lagLB: 740.082
||gamma||^2: 51
fixing. lower bound used: 738.649
percent fixed: 69.8627
fixing. lower bound used: 741.27
try arc fixing based on heuristic lspl: 87.627
fixed path dual: -9.98351
alpha: 0.283744
psiStar: 749.587
lagLB: 741.074
||gamma||^2: 30
fixing. lower bound used: 739.522
percent fixed: 70.1094
fixing. lower bound used: 741.27
try arc fixing based on heuristic lspl: 87.627
fixed path dual: -10.6973
alpha: 0.209106
psiStar: 749.574
lagLB: 738.073
||gamma||^2: 55
fixing. lower bound used: 739.86
percent fixed: 70.1723
fixing. lower bound used: 741.27
try arc fixing based on heuristic lspl: 87.8361
fixed path dual: -9.91068
alpha: 0.327285
psiStar: 749.561
lagLB: 741.379
||gamma||^2: 25
fixing. lower bound used: 737.446
percent fixed: 70.1723
fixing. lower bound used: 741.27
try arc fixing based on heuristic lspl: 87.5089
fixed path dual: -10.9524
alpha: 0.255252
psiStar: 749.548
lagLB: 737.806
||gamma||^2: 46
fixing. lower bound used: 740.655
percent fixed: 70.2692
fixing. lower bound used: 741.27
try arc fixing based on heuristic lspl: 87.5089
fixed path dual: -11.09
alpha: 0.100949
psiStar: 749.535
lagLB: 737.119
||gamma||^2: 123
fixing. lower bound used: 737.161
percent fixed: 70.2704
fixing. lower bound used: 741.27
try arc fixing based on heuristic lspl: 87.8117
fixed path dual: -9.80338
alpha: 0.229311
psiStar: 749.522
lagLB: 742.643
||gamma||^2: 30
fixing. lower bound used: 736.21
percent fixed: 69.8569
fixing. lower bound used: 741.27
try arc fixing based on heuristic lspl: 87.3531
fixed path dual: -10.6819
alpha: 0.210283
psiStar: 749.51
lagLB: 739.626
||gamma||^2: 47
fixing. lower bound used: 741.904
percent fixed: 70.6182
fixing. lower bound used: 741.27
try arc fixing based on heuristic lspl: 87.3531
fixed path dual: -10.5385
alpha: 0.0809912
psiStar: 749.497
lagLB: 739.292
||gamma||^2: 126
fixing. lower bound used: 738.176
percent fixed: 69.8865
fixing. lower bound used: 741.27
try arc fixing based on heuristic lspl: 87.677
fixed path dual: -9.95648
alpha: 0.305013
psiStar: 749.484
lagLB: 741.554
||gamma||^2: 26
fixing. lower bound used: 738.644
percent fixed: 69.8792
fixing. lower bound used: 741.27
try arc fixing based on heuristic lspl: 87.067
fixed path dual: -11.0338
alpha: 0.231152
psiStar: 749.472
lagLB: 738.608
||gamma||^2: 47
fixing. lower bound used: 741.35
percent fixed: 70.4995
fixing. lower bound used: 741.27
try arc fixing based on heuristic lspl: 87.5293
fixed path dual: -10.7021
alpha: 0.129364
psiStar: 749.459
lagLB: 739.11
||gamma||^2: 80
fixing. lower bound used: 737.082
percent fixed: 70.5039
fixing. lower bound used: 741.27
try arc fixing based on heuristic lspl: 87.2706
fixed path dual: -10.0709
alpha: 0.266217
psiStar: 749.447
lagLB: 742.525
||gamma||^2: 26
fixing. lower bound used: 739.369
percent fixed: 70.5039
fixing. lower bound used: 741.27
try arc fixing based on heuristic lspl: 87.5368
fixed path dual: -11.0249
alpha: 0.286876
psiStar: 749.434
lagLB: 738.82
||gamma||^2: 37
fixing. lower bound used: 741.292
percent fixed: 70.7924
fixing. lower bound used: 741.27
try arc fixing based on heuristic lspl: 87.2499
fixed path dual: -10.7047
alpha: 0.221143
psiStar: 749.422
lagLB: 740.134
||gamma||^2: 42
fixing. lower bound used: 738.352
percent fixed: 70.7955
fixing. lower bound used: 741.27
try arc fixing based on heuristic lspl: 87.6922
fixed path dual: -10.5577
alpha: 0.362512
psiStar: 749.41
lagLB: 739.984
||gamma||^2: 26
fixing. lower bound used: 739.138
percent fixed: 70.7955
fixing. lower bound used: 741.27
try arc fixing based on heuristic lspl: 86.9672
fixed path dual: -11.422
alpha: 0.204419
psiStar: 749.397
lagLB: 738.563
||gamma||^2: 53
fixing. lower bound used: 740.783
percent fixed: 70.7999
fixing. lower bound used: 741.27
try arc fixing based on heuristic lspl: 87.7849
fixed path dual: -10.5728
alpha: 0.125609
psiStar: 749.385
lagLB: 740.969
||gamma||^2: 67
fixing. lower bound used: 736.723
percent fixed: 69.8729
fixing. lower bound used: 741.27
try arc fixing based on heuristic lspl: 87.6593
fixed path dual: -10.3156
alpha: 0.258956
psiStar: 749.373
lagLB: 742.381
||gamma||^2: 27
fixing. lower bound used: 741.095
percent fixed: 70.1186
fixing. lower bound used: 741.27
try arc fixing based on heuristic lspl: 88.1772
fixed path dual: -10.5576
alpha: 0.332105
psiStar: 749.361
lagLB: 740.394
||gamma||^2: 27
fixing. lower bound used: 740.941
percent fixed: 70.5601
fixing. lower bound used: 741.27
try arc fixing based on heuristic lspl: 87.513
fixed path dual: -11.2558
alpha: 0.215342
psiStar: 749.349
lagLB: 739.228
||gamma||^2: 47
fixing. lower bound used: 740.776
percent fixed: 70.577
fixing. lower bound used: 741.27
try arc fixing based on heuristic lspl: 87.9436
fixed path dual: -10.6702
alpha: 0.123243
psiStar: 749.337
lagLB: 741.079
||gamma||^2: 67
fixing. lower bound used: 737.915
percent fixed: 70.577
fixing. lower bound used: 741.27
try arc fixing based on heuristic lspl: 87.6972
fixed path dual: -10.4562
alpha: 0.156716
psiStar: 749.325
lagLB: 742.272
||gamma||^2: 45
fixing. lower bound used: 741.203
percent fixed: 70.6775
fixing. lower bound used: 741.27
try arc fixing based on heuristic lspl: 87.8539
fixed path dual: -10.8373
alpha: 0.254484
psiStar: 749.313
lagLB: 739.897
||gamma||^2: 37
fixing. lower bound used: 740.903
percent fixed: 70.7547
fixing. lower bound used: 741.27
try arc fixing based on heuristic lspl: 87.5994
fixed path dual: -10.6194
alpha: 0.317364
psiStar: 749.301
lagLB: 740.732
||gamma||^2: 27
fixing. lower bound used: 739.642
percent fixed: 70.756
fixing. lower bound used: 741.27
try arc fixing based on heuristic lspl: 87.5994
fixed path dual: -10.9719
alpha: 0.19406
psiStar: 749.289
lagLB: 740.556
||gamma||^2: 45
fixing. lower bound used: 741.228
percent fixed: 70.8973
updating best lambda arc fixing
fixing. lower bound used: 741.228
try arc fixing based on heuristic lspl: 87.7935
fixed path dual: -11.1432
alpha: 0.128603
psiStar: 749.277
lagLB: 739.117
||gamma||^2: 79
fixing. lower bound used: 739.07
percent fixed: 70.9029
updating best lambda arc fixing
fixing. lower bound used: 739.07
try arc fixing based on heuristic lspl: 87.5362
fixed path dual: -10.6247
alpha: 0.27574
psiStar: 749.265
lagLB: 742.096
||gamma||^2: 26
fixing. lower bound used: 739.503
percent fixed: 70.9029
fixing. lower bound used: 739.07
try arc fixing based on heuristic lspl: 87.812
fixed path dual: -11.4308
alpha: 0.280136
psiStar: 749.253
lagLB: 739.168
||gamma||^2: 36
fixing. lower bound used: 741.378
percent fixed: 70.9167
updating best lambda arc fixing
fixing. lower bound used: 741.378
try arc fixing based on heuristic lspl: 87.5319
fixed path dual: -10.9526
alpha: 0.196251
psiStar: 749.242
lagLB: 740.999
||gamma||^2: 42
fixing. lower bound used: 738.608
percent fixed: 70.9167
fixing. lower bound used: 741.378
try arc fixing based on heuristic lspl: 87.7281
fixed path dual: -10.8973
alpha: 0.321043
psiStar: 749.23
lagLB: 740.883
||gamma||^2: 26
fixing. lower bound used: 740.283
percent fixed: 70.9173
updating best lambda arc fixing
fixing. lower bound used: 740.283
try arc fixing based on heuristic lspl: 87.086
fixed path dual: -11.7728
alpha: 0.14702
psiStar: 749.218
lagLB: 739.074
||gamma||^2: 69
fixing. lower bound used: 741.487
percent fixed: 71.0771
updating best lambda arc fixing
fixing. lower bound used: 741.487
try arc fixing based on heuristic lspl: 87.5271
fixed path dual: -10.8005
alpha: 0.264947
psiStar: 749.207
lagLB: 742.318
||gamma||^2: 26
fixing. lower bound used: 737.457
percent fixed: 69.9185
fixing. lower bound used: 741.487
try arc fixing based on heuristic lspl: 87.2621
fixed path dual: -11.6464
alpha: 0.21149
psiStar: 749.195
lagLB: 739.678
||gamma||^2: 45
fixing. lower bound used: 741.962
percent fixed: 70.7357
fixing. lower bound used: 741.487
try arc fixing based on heuristic lspl: 87.4736
fixed path dual: -11.7565
alpha: 0.117475
psiStar: 749.183
lagLB: 738.493
||gamma||^2: 91
fixing. lower bound used: 738.491
percent fixed: 70.7379
fixing. lower bound used: 741.487
try arc fixing based on heuristic lspl: 87.826
fixed path dual: -10.9787
alpha: 0.113369
psiStar: 749.172
lagLB: 742.03
||gamma||^2: 63
fixing. lower bound used: 738.141
percent fixed: 69.9148
fixing. lower bound used: 741.487
try arc fixing based on heuristic lspl: 87.5993
fixed path dual: -11.0606
alpha: 0.114256
psiStar: 749.161
lagLB: 741.734
||gamma||^2: 65
fixing. lower bound used: 741.752
percent fixed: 70.5313
fixing. lower bound used: 741.487
try arc fixing based on heuristic lspl: 87.8278
fixed path dual: -10.7491
alpha: 0.162388
psiStar: 749.149
lagLB: 742.491
||gamma||^2: 41
fixing. lower bound used: 740.934
percent fixed: 70.2021
fixing. lower bound used: 741.487
try arc fixing based on heuristic lspl: 87.9902
fixed path dual: -10.8696
alpha: 0.241745
psiStar: 749.138
lagLB: 741.402
||gamma||^2: 32
fixing. lower bound used: 741.67
percent fixed: 70.8819
fixing. lower bound used: 741.487
try arc fixing based on heuristic lspl: 87.9902
fixed path dual: -11.1263
alpha: 0.191459
psiStar: 749.126
lagLB: 741.085
||gamma||^2: 42
fixing. lower bound used: 741.736
percent fixed: 70.3619
fixing. lower bound used: 741.487
try arc fixing based on heuristic lspl: 87.7987
fixed path dual: -11.4997
alpha: 0.0841943
psiStar: 749.115
lagLB: 739.601
||gamma||^2: 113
fixing. lower bound used: 740.759
percent fixed: 70.6068
fixing. lower bound used: 741.487
try arc fixing based on heuristic lspl: 87.9671
fixed path dual: -10.9292
alpha: 0.114912
psiStar: 749.104
lagLB: 741.864
||gamma||^2: 63
fixing. lower bound used: 739.012
percent fixed: 69.9264
fixing. lower bound used: 741.487
try arc fixing based on heuristic lspl: 87.7373
fixed path dual: -10.7124
STATS - lpIterations[1] lagIterations[476] sspIterations[2380] numSeparations[317] numCuts[0] compileTime[2] sspSolveTime[95] lpSolveTime[0] lb[743.063] ub[778] numArcs: [156987] numFixed: [111825] time: [1188]
STATS1 - lpIterations[1] lagIterations[476] sspIterations[2380] numSeparations[317] numCuts[0] compileTime[2] sspSolveTime[95] lpSolveTime[0] repairTime[20] cutsTime[0] alphaTime[0] decompTime[0] yellowTime[0] updateTime[0] fixTime[0] lb[743.063] ub[778] numArcs: [156987] numFixed: [111825] time: [1188]
lambda: 0,32.4685,8.80458,48.7752,45.386,24.9412,29.6443,8.69387,30.9476,17.4664,8.41437,21.0424,18.5599,22.4865,14.6736,7.15445,28.9924,26.8475,15.9401,30.9072,14.982,33.0855,18.1706,39.7957,27.6813,40.7004,28.2849,7.5829,19.7441,13.5998,27.5934,13.3225,49.9955,19.9402,
mu: 
srcDuals: 
alpha: 0.258008
psiStar: 749.513
lagLB: 743.063
||gamma||^2: 25
fixing. lower bound used: 741.979
percent fixed: 70.5723
fixing. lower bound used: 741.487
try arc fixing based on heuristic lspl: 87.9953
fixed path dual: -11.4488
alpha: 0.173092
psiStar: 749.502
lagLB: 740.155
||gamma||^2: 54
fixing. lower bound used: 742.089
percent fixed: 70.9695
fixing. lower bound used: 741.487
try arc fixing based on heuristic lspl: 87.6491
fixed path dual: -11.439
alpha: 0.136576
psiStar: 749.491
lagLB: 740.204
||gamma||^2: 68
fixing. lower bound used: 739.57
percent fixed: 70.9938
fixing. lower bound used: 741.487
try arc fixing based on heuristic lspl: 88.1954
fixed path dual: -10.7952
alpha: 0.174374
psiStar: 749.48
lagLB: 742.331
||gamma||^2: 41
fixing. lower bound used: 739.111
percent fixed: 69.9485
fixing. lower bound used: 741.487
try arc fixing based on heuristic lspl: 88.3698
fixed path dual: -10.994
alpha: 0.276902
psiStar: 749.469
lagLB: 741.162
||gamma||^2: 30
fixing. lower bound used: 741.517
percent fixed: 70.7181
fixing. lower bound used: 741.487
try arc fixing based on heuristic lspl: 88.3698
fixed path dual: -11.3548
alpha: 0.214892
psiStar: 749.458
lagLB: 739.358
||gamma||^2: 47
fixing. lower bound used: 740.222
percent fixed: 70.8078
fixing. lower bound used: 741.487
try arc fixing based on heuristic lspl: 87.94
fixed path dual: -10.8872
alpha: 0.284254
psiStar: 749.447
lagLB: 742.341
||gamma||^2: 25
fixing. lower bound used: 740.003
percent fixed: 70.8178
fixing. lower bound used: 741.487
try arc fixing based on heuristic lspl: 87.6558
fixed path dual: -11.7862
alpha: 0.211857
psiStar: 749.436
lagLB: 739.267
||gamma||^2: 48
fixing. lower bound used: 741.67
percent fixed: 70.9625
fixing. lower bound used: 741.487
try arc fixing based on heuristic lspl: 87.8676
fixed path dual: -11.6016
alpha: 0.085475
psiStar: 749.425
lagLB: 739.766
||gamma||^2: 113
fixing. lower bound used: 738.46
percent fixed: 69.9259
fixing. lower bound used: 741.487
try arc fixing based on heuristic lspl: 88.1241
fixed path dual: -10.9259
alpha: 0.228916
psiStar: 749.414
lagLB: 742.547
||gamma||^2: 30
fixing. lower bound used: 739.168
percent fixed: 70.1622
fixing. lower bound used: 741.487
try arc fixing based on heuristic lspl: 87.6662
fixed path dual: -11.7038
alpha: 0.20063
psiStar: 749.403
lagLB: 739.573
||gamma||^2: 49
fixing. lower bound used: 741.641
percent fixed: 70.4317
fixing. lower bound used: 741.487
try arc fixing based on heuristic lspl: 88.0675
fixed path dual: -10.9953
alpha: 0.280028
psiStar: 749.393
lagLB: 742.112
||gamma||^2: 26
fixing. lower bound used: 738.569
percent fixed: 69.9416
fixing. lower bound used: 741.487
try arc fixing based on heuristic lspl: 87.5074
fixed path dual: -11.9866
alpha: 0.188412
psiStar: 749.382
lagLB: 739.396
||gamma||^2: 53
fixing. lower bound used: 742.1
percent fixed: 70.8533
fixing. lower bound used: 741.487
try arc fixing based on heuristic lspl: 88.0727
fixed path dual: -11.549
alpha: 0.135915
psiStar: 749.371
lagLB: 740.265
||gamma||^2: 67
fixing. lower bound used: 738.027
percent fixed: 70.8608
fixing. lower bound used: 741.487
try arc fixing based on heuristic lspl: 88.0727
fixed path dual: -10.9792
alpha: 0.266162
psiStar: 749.36
lagLB: 742.706
||gamma||^2: 25
fixing. lower bound used: 739.857
percent fixed: 70.8608
fixing. lower bound used: 741.487
try arc fixing based on heuristic lspl: 87.8065
fixed path dual: -12.0697
alpha: 0.116284
psiStar: 749.35
lagLB: 739.117
||gamma||^2: 88
fixing. lower bound used: 742.271
percent fixed: 71.0374
fixing. lower bound used: 741.487
try arc fixing based on heuristic lspl: 87.9228
fixed path dual: -11.7875
alpha: 0.205546
psiStar: 749.339
lagLB: 740.295
||gamma||^2: 44
fixing. lower bound used: 738.783
percent fixed: 71.0448
fixing. lower bound used: 741.487
try arc fixing based on heuristic lspl: 87.9228
fixed path dual: -11.4305
alpha: 0.178129
psiStar: 749.329
lagLB: 741.669
||gamma||^2: 43
fixing. lower bound used: 739.884
percent fixed: 71.0467
fixing. lower bound used: 741.487
try arc fixing based on heuristic lspl: 87.9228
fixed path dual: -11.6854
alpha: 0.20201
psiStar: 749.318
lagLB: 741.642
||gamma||^2: 38
fixing. lower bound used: 742.184
percent fixed: 71.3321
updating best lambda arc fixing
fixing. lower bound used: 742.184
try arc fixing based on heuristic lspl: 87.9228
fixed path dual: -11.7466
alpha: 0.0997125
psiStar: 749.308
lagLB: 740.932
||gamma||^2: 84
fixing. lower bound used: 741.127
percent fixed: 71.3652
updating best lambda arc fixing
fixing. lower bound used: 741.127
try arc fixing based on heuristic lspl: 88.0225
fixed path dual: -11.2659
alpha: 0.242968
psiStar: 749.297
lagLB: 742.737
||gamma||^2: 27
fixing. lower bound used: 740.333
percent fixed: 71.3715
updating best lambda arc fixing
fixing. lower bound used: 740.333
try arc fixing based on heuristic lspl: 88.0225
fixed path dual: -12.1303
alpha: 0.169421
psiStar: 749.287
lagLB: 739.63
||gamma||^2: 57
fixing. lower bound used: 741.917
percent fixed: 71.424
updating best lambda arc fixing
fixing. lower bound used: 741.917
try arc fixing based on heuristic lspl: 88.0225
fixed path dual: -11.5659
alpha: 0.201892
psiStar: 749.276
lagLB: 741.604
||gamma||^2: 38
fixing. lower bound used: 738.783
percent fixed: 70.4619
fixing. lower bound used: 741.917
try arc fixing based on heuristic lspl: 87.6187
fixed path dual: -11.8384
alpha: 0.296351
psiStar: 749.266
lagLB: 741.857
||gamma||^2: 25
fixing. lower bound used: 742.486
percent fixed: 71.4244
updating best lambda arc fixing
fixing. lower bound used: 742.486
try arc fixing based on heuristic lspl: 87.3224
fixed path dual: -11.8392
alpha: 0.142568
psiStar: 749.255
lagLB: 741.557
||gamma||^2: 54
fixing. lower bound used: 741.435
percent fixed: 71.467
updating best lambda arc fixing
fixing. lower bound used: 741.435
try arc fixing based on heuristic lspl: 87.6075
fixed path dual: -12.0135
alpha: 0.0742285
psiStar: 749.245
lagLB: 740.115
||gamma||^2: 123
fixing. lower bound used: 740.589
percent fixed: 69.8561
fixing. lower bound used: 741.435
try arc fixing based on heuristic lspl: 87.9044
fixed path dual: -11.3212
STATS - lpIterations[1] lagIterations[502] sspIterations[2510] numSeparations[325] numCuts[0] compileTime[2] sspSolveTime[100] lpSolveTime[0] lb[743.354] ub[778] numArcs: [157308] numFixed: [111098] time: [1249]
STATS1 - lpIterations[1] lagIterations[502] sspIterations[2510] numSeparations[325] numCuts[0] compileTime[2] sspSolveTime[100] lpSolveTime[0] repairTime[21] cutsTime[0] alphaTime[0] decompTime[0] yellowTime[0] updateTime[0] fixTime[0] lb[743.354] ub[778] numArcs: [157308] numFixed: [111098] time: [1249]
lambda: 0,32.7763,8.49935,49.0298,45.4876,25.2134,29.6738,8.69265,30.9202,17.8904,8.40816,21.131,18.8145,22.5462,14.7932,7.09616,28.9992,26.6919,15.7081,31.0479,15.2374,33.0229,18.1774,40.4786,27.9534,40.5957,28.529,7.89069,19.6211,13.8348,28.0015,13.2331,50.1022,19.8624,
mu: 
srcDuals: 
alpha: 0.162475
psiStar: 749.528
lagLB: 743.354
||gamma||^2: 38
fixing. lower bound used: 739.892
percent fixed: 69.7133
fixing. lower bound used: 741.435
try arc fixing based on heuristic lspl: 87.5795
fixed path dual: -12.0511
alpha: 0.189189
psiStar: 749.518
lagLB: 741.004
||gamma||^2: 45
fixing. lower bound used: 743.024
percent fixed: 71.438
fixing. lower bound used: 741.435
try arc fixing based on heuristic lspl: 88.147
fixed path dual: -11.7124
alpha: 0.129113
psiStar: 749.508
lagLB: 741.374
||gamma||^2: 63
fixing. lower bound used: 739.536
percent fixed: 71.6269
updating best lambda arc fixing
fixing. lower bound used: 739.536
try arc fixing based on heuristic lspl: 87.8888
fixed path dual: -11.6853
alpha: 0.137884
psiStar: 749.497
lagLB: 741.638
||gamma||^2: 57
fixing. lower bound used: 741.406
percent fixed: 71.6351
updating best lambda arc fixing
fixing. lower bound used: 741.406
try arc fixing based on heuristic lspl: 88.0267
fixed path dual: -11.7757
alpha: 0.114314
psiStar: 749.487
lagLB: 741.6
||gamma||^2: 69
fixing. lower bound used: 741.85
percent fixed: 71.7139
updating best lambda arc fixing
fixing. lower bound used: 741.85
try arc fixing based on heuristic lspl: 88.2553
fixed path dual: -11.5866
alpha: 0.288609
psiStar: 749.477
lagLB: 741.973
||gamma||^2: 26
fixing. lower bound used: 741.026
percent fixed: 71.7251
updating best lambda arc fixing
fixing. lower bound used: 741.026
try arc fixing based on heuristic lspl: 87.6781
fixed path dual: -12.4661
alpha: 0.228147
psiStar: 749.467
lagLB: 739.885
||gamma||^2: 42
fixing. lower bound used: 742.102
percent fixed: 71.7351
updating best lambda arc fixing
fixing. lower bound used: 742.102
try arc fixing based on heuristic lspl: 88.1344
fixed path dual: -12.2036
alpha: 0.116109
psiStar: 749.457
lagLB: 740.285
||gamma||^2: 79
fixing. lower bound used: 738.489
percent fixed: 71.7364
updating best lambda arc fixing
fixing. lower bound used: 738.489
try arc fixing based on heuristic lspl: 87.9022
fixed path dual: -11.8017
alpha: 0.252027
psiStar: 749.447
lagLB: 742.642
||gamma||^2: 27
fixing. lower bound used: 740.633
percent fixed: 71.7364
fixing. lower bound used: 738.489
try arc fixing based on heuristic lspl: 87.9022
fixed path dual: -12.9201
alpha: 0.139081
psiStar: 749.437
lagLB: 738.311
||gamma||^2: 80
fixing. lower bound used: 741.91
percent fixed: 71.7439
updating best lambda arc fixing
fixing. lower bound used: 741.91
try arc fixing based on heuristic lspl: 88.1803
fixed path dual: -11.7873
alpha: 0.128729
psiStar: 749.427
lagLB: 742.862
||gamma||^2: 51
fixing. lower bound used: 737.198
percent fixed: 71.7439
fixing. lower bound used: 741.91
try arc fixing based on heuristic lspl: 87.9229
fixed path dual: -12.0268
alpha: 0.181521
psiStar: 749.417
lagLB: 741.793
||gamma||^2: 42
fixing. lower bound used: 742.413
percent fixed: 71.8333
updating best lambda arc fixing
fixing. lower bound used: 742.413
try arc fixing based on heuristic lspl: 88.1044
fixed path dual: -12.0548
alpha: 0.213604
psiStar: 749.407
lagLB: 741.29
||gamma||^2: 38
fixing. lower bound used: 741.186
percent fixed: 71.834
updating best lambda arc fixing
fixing. lower bound used: 741.186
try arc fixing based on heuristic lspl: 87.6772
fixed path dual: -12.4257
alpha: 0.183403
psiStar: 749.398
lagLB: 741.144
||gamma||^2: 45
fixing. lower bound used: 741.966
percent fixed: 71.8446
updating best lambda arc fixing
fixing. lower bound used: 741.966
try arc fixing based on heuristic lspl: 87.8606
fixed path dual: -12.4722
alpha: 0.10796
psiStar: 749.388
lagLB: 739.995
||gamma||^2: 87
fixing. lower bound used: 739.594
percent fixed: 71.8446
fixing. lower bound used: 741.966
try arc fixing based on heuristic lspl: 87.9686
fixed path dual: -11.9291
alpha: 0.218475
psiStar: 749.378
lagLB: 742.387
||gamma||^2: 32
fixing. lower bound used: 739.671
percent fixed: 71.8437
fixing. lower bound used: 741.966
try arc fixing based on heuristic lspl: 87.5316
fixed path dual: -12.4553
alpha: 0.164876
psiStar: 749.368
lagLB: 740.63
||gamma||^2: 53
fixing. lower bound used: 741.91
percent fixed: 70.7291
fixing. lower bound used: 741.966
try arc fixing based on heuristic lspl: 88.0262
fixed path dual: -11.7958
alpha: 0.253294
psiStar: 749.359
lagLB: 742.773
||gamma||^2: 26
fixing. lower bound used: 739.476
percent fixed: 70.9442
fixing. lower bound used: 741.966
try arc fixing based on heuristic lspl: 87.5196
fixed path dual: -12.9025
alpha: 0.0960274
psiStar: 749.349
lagLB: 739.266
||gamma||^2: 105
fixing. lower bound used: 742.593
percent fixed: 71.3821
fixing. lower bound used: 741.966
try arc fixing based on heuristic lspl: 87.8077
fixed path dual: -12.457
alpha: 0.149843
psiStar: 749.339
lagLB: 741.397
||gamma||^2: 53
fixing. lower bound used: 738.963
percent fixed: 70.5584
fixing. lower bound used: 741.966
try arc fixing based on heuristic lspl: 87.8077
fixed path dual: -12.1717
alpha: 0.17274
psiStar: 749.33
lagLB: 742.074
||gamma||^2: 42
fixing. lower bound used: 740.388
percent fixed: 70.5994
fixing. lower bound used: 741.966
try arc fixing based on heuristic lspl: 87.8077
fixed path dual: -12.2298
alpha: 0.30144
psiStar: 749.32
lagLB: 741.784
||gamma||^2: 25
fixing. lower bound used: 741.906
percent fixed: 70.9934
fixing. lower bound used: 741.966
try arc fixing based on heuristic lspl: 87.5063
fixed path dual: -12.7479
alpha: 0.344375
psiStar: 749.31
lagLB: 740.701
||gamma||^2: 25
fixing. lower bound used: 741.944
percent fixed: 71.1708
fixing. lower bound used: 741.966
try arc fixing based on heuristic lspl: 87.8507
fixed path dual: -12.4016
alpha: 0.316061
psiStar: 749.301
lagLB: 741.399
||gamma||^2: 25
fixing. lower bound used: 739.668
percent fixed: 71.1821
fixing. lower bound used: 741.966
try arc fixing based on heuristic lspl: 87.5346
fixed path dual: -13.1355
alpha: 0.079851
psiStar: 749.291
lagLB: 739.31
||gamma||^2: 125
fixing. lower bound used: 742.009
percent fixed: 71.2334
fixing. lower bound used: 741.966
try arc fixing based on heuristic lspl: 87.854
fixed path dual: -12.6047
alpha: 0.198882
psiStar: 749.282
lagLB: 741.724
||gamma||^2: 38
fixing. lower bound used: 739.07
percent fixed: 70.5844
fixing. lower bound used: 741.966
try arc fixing based on heuristic lspl: 87.854
fixed path dual: -12.6118
alpha: 0.130839
psiStar: 749.272
lagLB: 741.291
||gamma||^2: 61
fixing. lower bound used: 740.947
percent fixed: 70.8494
fixing. lower bound used: 741.966
try arc fixing based on heuristic lspl: 87.7232
fixed path dual: -12.4483
alpha: 0.216666
psiStar: 749.263
lagLB: 742.763
||gamma||^2: 30
fixing. lower bound used: 741.761
percent fixed: 71.0146
fixing. lower bound used: 741.966
try arc fixing based on heuristic lspl: 87.7232
fixed path dual: -12.8111
alpha: 0.207621
psiStar: 749.254
lagLB: 740.949
||gamma||^2: 40
fixing. lower bound used: 741.766
percent fixed: 71.2154
fixing. lower bound used: 741.966
try arc fixing based on heuristic lspl: 87.7232
fixed path dual: -12.5509
alpha: 0.112816
psiStar: 749.244
lagLB: 742.25
||gamma||^2: 62
fixing. lower bound used: 740.927
percent fixed: 71.2223
STATS - lpIterations[2] lagIterations[531] sspIterations[2655] numSeparations[333] numCuts[0] compileTime[2] sspSolveTime[105] lpSolveTime[0] lb[743.354] ub[778] numArcs: [157803] numFixed: [114227] time: [1317]
STATS1 - lpIterations[2] lagIterations[531] sspIterations[2655] numSeparations[333] numCuts[0] compileTime[2] sspSolveTime[105] lpSolveTime[0] repairTime[22] cutsTime[0] alphaTime[0] decompTime[0] yellowTime[0] updateTime[0] fixTime[0] lb[743.354] ub[778] numArcs: [157803] numFixed: [114227] time: [1317]
fixing. lower bound used: 741.966
try arc fixing based on heuristic lspl: 87.6104
fixed path dual: -12.5211
alpha: 0.118443
psiStar: 749.235
lagLB: 743.076
||gamma||^2: 52
fixing. lower bound used: 742.881
percent fixed: 71.6089
fixing. lower bound used: 741.966
try arc fixing based on heuristic lspl: 87.9657
fixed path dual: -12.3969
alpha: 0.0966666
psiStar: 749.226
lagLB: 742.749
||gamma||^2: 67
fixing. lower bound used: 742.005
percent fixed: 71.6245
fixing. lower bound used: 741.966
try arc fixing based on heuristic lspl: 87.7723
fixed path dual: -12.4123
alpha: 0.149947
psiStar: 749.216
lagLB: 742.769
||gamma||^2: 43
fixing. lower bound used: 742.719
percent fixed: 71.1748
fixing. lower bound used: 741.966
try arc fixing based on heuristic lspl: 88.0722
fixed path dual: -12.4996
alpha: 0.281719
psiStar: 749.207
lagLB: 741.883
||gamma||^2: 26
fixing. lower bound used: 742.036
percent fixed: 71.5245
fixing. lower bound used: 741.966
try arc fixing based on heuristic lspl: 87.5088
fixed path dual: -13.1705
alpha: 0.153023
psiStar: 749.198
lagLB: 740.782
||gamma||^2: 55
fixing. lower bound used: 742.653
percent fixed: 71.6493
fixing. lower bound used: 741.966
try arc fixing based on heuristic lspl: 87.8148
fixed path dual: -12.585
alpha: 0.155833
psiStar: 749.189
lagLB: 742.332
||gamma||^2: 44
fixing. lower bound used: 739.405
percent fixed: 70.5856
fixing. lower bound used: 741.966
try arc fixing based on heuristic lspl: 87.5032
fixed path dual: -12.8435
alpha: 0.164131
psiStar: 749.18
lagLB: 742.286
||gamma||^2: 42
fixing. lower bound used: 742.92
percent fixed: 71.5622
fixing. lower bound used: 741.966
try arc fixing based on heuristic lspl: 87.6673
fixed path dual: -12.9205
alpha: 0.0974052
psiStar: 749.171
lagLB: 741.573
||gamma||^2: 78
fixing. lower bound used: 741.389
percent fixed: 71.5684
fixing. lower bound used: 741.966
try arc fixing based on heuristic lspl: 87.4725
fixed path dual: -12.6199
alpha: 0.130903
psiStar: 749.162
lagLB: 743.271
||gamma||^2: 45
fixing. lower bound used: 741.768
percent fixed: 71.5684
fixing. lower bound used: 741.966
try arc fixing based on heuristic lspl: 87.6034
fixed path dual: -12.6708
alpha: 0.0930207
psiStar: 749.152
lagLB: 742.362
||gamma||^2: 73
fixing. lower bound used: 742.426
percent fixed: 71.6795
fixing. lower bound used: 741.966
try arc fixing based on heuristic lspl: 87.7894
fixed path dual: -12.3998
alpha: 0.110507
psiStar: 749.143
lagLB: 743.066
||gamma||^2: 55
fixing. lower bound used: 741.679
percent fixed: 71.6813
fixing. lower bound used: 741.966
try arc fixing based on heuristic lspl: 87.5684
fixed path dual: -12.5819
alpha: 0.239383
psiStar: 749.134
lagLB: 743.15
||gamma||^2: 25
STATS - lpIterations[2] lagIterations[543] sspIterations[2715] numSeparations[336] numCuts[0] compileTime[2] sspSolveTime[107] lpSolveTime[0] lb[743.568] ub[778] numArcs: [157883] numFixed: [112953] time: [1345]
STATS1 - lpIterations[2] lagIterations[543] sspIterations[2715] numSeparations[336] numCuts[0] compileTime[2] sspSolveTime[107] lpSolveTime[0] repairTime[22] cutsTime[0] alphaTime[0] decompTime[0] yellowTime[0] updateTime[0] fixTime[0] lb[743.568] ub[778] numArcs: [157883] numFixed: [112953] time: [1345]
lambda: 0,32.9046,8.35453,49.4651,45.8709,25.2796,30.2057,8.70474,31.1166,18.1727,8.01727,20.9834,19.0968,22.4038,14.7569,7.11491,29.1604,27.0511,15.8661,31.4869,15.6171,33.1997,18.1856,40.3478,28.2655,41.038,29.0488,7.82444,19.9569,14.0714,28.3986,13.0187,50.1831,20.1735,
mu: 
srcDuals: 
fixing. lower bound used: 743.568
percent fixed: 72.0719
updating best lambda arc fixing
fixing. lower bound used: 743.568
try arc fixing based on heuristic lspl: 87.8078
fixed path dual: -12.6799
alpha: 0.295957
psiStar: 749.341
lagLB: 741.942
||gamma||^2: 25
fixing. lower bound used: 742.088
percent fixed: 72.3012
updating best lambda arc fixing
fixing. lower bound used: 742.088
try arc fixing based on heuristic lspl: 87.5119
fixed path dual: -13.3821
alpha: 0.106377
psiStar: 749.332
lagLB: 740.502
||gamma||^2: 83
fixing. lower bound used: 742.399
percent fixed: 72.3118
updating best lambda arc fixing
fixing. lower bound used: 742.399
try arc fixing based on heuristic lspl: 87.5119
fixed path dual: -13.3098
alpha: 0.125959
psiStar: 749.323
lagLB: 740.757
||gamma||^2: 68
fixing. lower bound used: 740.292
percent fixed: 72.31
fixing. lower bound used: 742.399
try arc fixing based on heuristic lspl: 87.7638
fixed path dual: -12.7108
alpha: 0.233966
psiStar: 749.314
lagLB: 742.997
||gamma||^2: 27
fixing. lower bound used: 740.002
percent fixed: 70.9092
fixing. lower bound used: 742.399
try arc fixing based on heuristic lspl: 87.7638
fixed path dual: -13.1678
alpha: 0.0822591
psiStar: 749.305
lagLB: 740.01
||gamma||^2: 113
fixing. lower bound used: 741.582
percent fixed: 71.2429
fixing. lower bound used: 742.399
try arc fixing based on heuristic lspl: 88.0106
fixed path dual: -12.641
alpha: 0.267715
psiStar: 749.296
lagLB: 742.068
||gamma||^2: 27
fixing. lower bound used: 739.434
percent fixed: 71.251
fixing. lower bound used: 742.399
try arc fixing based on heuristic lspl: 87.4751
fixed path dual: -13.222
alpha: 0.220432
psiStar: 749.287
lagLB: 741.572
||gamma||^2: 35
fixing. lower bound used: 742.978
percent fixed: 71.5388
fixing. lower bound used: 742.399
try arc fixing based on heuristic lspl: 87.4751
fixed path dual: -13.0111
alpha: 0.180321
psiStar: 749.278
lagLB: 741.525
||gamma||^2: 43
fixing. lower bound used: 740.221
percent fixed: 70.9068
fixing. lower bound used: 742.399
try arc fixing based on heuristic lspl: 87.4751
fixed path dual: -12.9349
alpha: 0.058885
psiStar: 749.27
lagLB: 742.086
||gamma||^2: 122
fixing. lower bound used: 741.705
percent fixed: 71.1989
fixing. lower bound used: 742.399
try arc fixing based on heuristic lspl: 87.7107
fixed path dual: -12.7542
alpha: 0.153245
psiStar: 749.261
lagLB: 742.518
||gamma||^2: 44
fixing. lower bound used: 741.576
percent fixed: 70.9465
fixing. lower bound used: 742.399
try arc fixing based on heuristic lspl: 87.4042
fixed path dual: -12.9925
alpha: 0.152259
psiStar: 749.252
lagLB: 742.553
||gamma||^2: 44
fixing. lower bound used: 743.076
percent fixed: 71.6845
fixing. lower bound used: 742.399
try arc fixing based on heuristic lspl: 87.861
fixed path dual: -13.0313
alpha: 0.0964601
psiStar: 749.244
lagLB: 741.141
||gamma||^2: 84
fixing. lower bound used: 740.901
percent fixed: 71.7026
fixing. lower bound used: 742.399
try arc fixing based on heuristic lspl: 87.668
fixed path dual: -12.5073
STATS - lpIterations[2] lagIterations[556] sspIterations[2780] numSeparations[340] numCuts[0] compileTime[2] sspSolveTime[108] lpSolveTime[0] lb[744.147] ub[778] numArcs: [158029] numFixed: [115202] time: [1375]
STATS1 - lpIterations[2] lagIterations[556] sspIterations[2780] numSeparations[340] numCuts[0] compileTime[2] sspSolveTime[108] lpSolveTime[0] repairTime[23] cutsTime[0] alphaTime[0] decompTime[0] yellowTime[0] updateTime[0] fixTime[0] lb[744.147] ub[778] numArcs: [158029] numFixed: [115202] time: [1375]
lambda: 0,33.1616,8.32938,49.4703,46.1286,25.1457,30.1114,8.61144,31.3832,18.3039,8.27257,21.0305,19.102,22.7654,14.9761,7.38249,29.1352,26.8999,15.8205,31.3357,15.5488,33.2733,18.0345,40.4787,27.9091,41.2986,29.1136,7.92591,20.1369,13.841,28.1682,13.274,50.2566,20.058,
mu: 
srcDuals: 
alpha: 0.218148
psiStar: 749.818
lagLB: 744.147
||gamma||^2: 26
fixing. lower bound used: 741.527
percent fixed: 71.7125
fixing. lower bound used: 742.399
try arc fixing based on heuristic lspl: 87.4499
fixed path dual: -13.6119
alpha: 0.105078
psiStar: 749.81
lagLB: 739.933
||gamma||^2: 94
fixing. lower bound used: 743.192
percent fixed: 71.8521
fixing. lower bound used: 742.399
try arc fixing based on heuristic lspl: 87.7651
fixed path dual: -13.214
alpha: 0.181061
psiStar: 749.801
lagLB: 741.291
||gamma||^2: 47
fixing. lower bound used: 739.302
percent fixed: 70.9133
fixing. lower bound used: 742.399
try arc fixing based on heuristic lspl: 87.7651
fixed path dual: -12.9498
alpha: 0.108249
psiStar: 749.793
lagLB: 742.432
||gamma||^2: 68
fixing. lower bound used: 741.11
percent fixed: 71.144
fixing. lower bound used: 742.399
try arc fixing based on heuristic lspl: 87.8734
fixed path dual: -12.6888
alpha: 0.181002
psiStar: 749.784
lagLB: 743.087
||gamma||^2: 37
fixing. lower bound used: 741.782
percent fixed: 71.0407
fixing. lower bound used: 742.399
try arc fixing based on heuristic lspl: 87.6924
fixed path dual: -12.9134
alpha: 0.185878
psiStar: 749.776
lagLB: 741.783
||gamma||^2: 43
fixing. lower bound used: 742.374
percent fixed: 71.4713
fixing. lower bound used: 742.399
try arc fixing based on heuristic lspl: 87.6924
fixed path dual: -13.5047
alpha: 0.0606246
psiStar: 749.767
lagLB: 740.128
||gamma||^2: 159
fixing. lower bound used: 741.98
percent fixed: 71.6023
fixing. lower bound used: 742.399
try arc fixing based on heuristic lspl: 87.8136
fixed path dual: -12.8656
alpha: 0.122451
psiStar: 749.759
lagLB: 742.656
||gamma||^2: 58
fixing. lower bound used: 739.461
percent fixed: 70.9191
fixing. lower bound used: 742.399
try arc fixing based on heuristic lspl: 87.5687
fixed path dual: -12.8275
alpha: 0.266334
psiStar: 749.75
lagLB: 743.092
||gamma||^2: 25
fixing. lower bound used: 742.649
percent fixed: 71.2254
fixing. lower bound used: 742.399
try arc fixing based on heuristic lspl: 87.835
fixed path dual: -13.5498
alpha: 0.201329
psiStar: 749.742
lagLB: 740.279
||gamma||^2: 47
fixing. lower bound used: 742.111
percent fixed: 71.6482
fixing. lower bound used: 742.399
try arc fixing based on heuristic lspl: 87.835
fixed path dual: -12.8119
alpha: 0.270858
psiStar: 749.733
lagLB: 742.962
||gamma||^2: 25
fixing. lower bound used: 739.273
percent fixed: 71.6588
fixing. lower bound used: 742.399
try arc fixing based on heuristic lspl: 87.5642
fixed path dual: -13.2389
alpha: 0.196066
psiStar: 749.725
lagLB: 741.098
||gamma||^2: 44
fixing. lower bound used: 742.251
percent fixed: 71.79
fixing. lower bound used: 742.399
try arc fixing based on heuristic lspl: 87.1721
fixed path dual: -13.6923
alpha: 0.10834
psiStar: 749.717
lagLB: 740.399
||gamma||^2: 86
fixing. lower bound used: 741.694
percent fixed: 71.7928
fixing. lower bound used: 742.399
try arc fixing based on heuristic lspl: 87.6054
fixed path dual: -13.0591
alpha: 0.152386
psiStar: 749.708
lagLB: 742.698
||gamma||^2: 46
fixing. lower bound used: 739.533
percent fixed: 70.9146
fixing. lower bound used: 742.399
try arc fixing based on heuristic lspl: 87.6054
fixed path dual: -13.1965
alpha: 0.0463157
psiStar: 749.7
lagLB: 742.012
||gamma||^2: 166
fixing. lower bound used: 742.361
percent fixed: 71.4618
fixing. lower bound used: 742.399
try arc fixing based on heuristic lspl: 87.837
fixed path dual: -12.8037
alpha: 0.142708
psiStar: 749.692
lagLB: 743.698
||gamma||^2: 42
fixing. lower bound used: 741.734
percent fixed: 70.9747
fixing. lower bound used: 742.399
try arc fixing based on heuristic lspl: 87.837
fixed path dual: -13.201
alpha: 0.0756016
psiStar: 749.683
lagLB: 741.14
||gamma||^2: 113
fixing. lower bound used: 742.173
percent fixed: 71.4584
fixing. lower bound used: 742.399
try arc fixing based on heuristic lspl: 88.0638
fixed path dual: -12.7015
alpha: 0.243204
psiStar: 749.675
lagLB: 743.109
||gamma||^2: 27
fixing. lower bound used: 740.611
percent fixed: 71.4764
fixing. lower bound used: 742.399
try arc fixing based on heuristic lspl: 87.5774
fixed path dual: -13.5532
alpha: 0.261451
psiStar: 749.667
lagLB: 741.039
||gamma||^2: 33
fixing. lower bound used: 743.148
percent fixed: 71.9297
fixing. lower bound used: 742.399
try arc fixing based on heuristic lspl: 87.8388
fixed path dual: -13.2191
alpha: 0.196577
psiStar: 749.659
lagLB: 741.403
||gamma||^2: 42
fixing. lower bound used: 739.708
percent fixed: 71.9328
fixing. lower bound used: 742.399
try arc fixing based on heuristic lspl: 87.8388
fixed path dual: -13.1096
alpha: 0.296188
psiStar: 749.651
lagLB: 741.95
||gamma||^2: 26
fixing. lower bound used: 741.26
percent fixed: 71.9328
fixing. lower bound used: 742.399
try arc fixing based on heuristic lspl: 87.8388
fixed path dual: -13.568
alpha: 0.195555
psiStar: 749.643
lagLB: 740.843
||gamma||^2: 45
fixing. lower bound used: 742.047
percent fixed: 72.0327
fixing. lower bound used: 742.399
try arc fixing based on heuristic lspl: 88.0344
fixed path dual: -13.3782
alpha: 0.147883
psiStar: 749.634
lagLB: 741.205
||gamma||^2: 57
fixing. lower bound used: 740.177
percent fixed: 72.0346
fixing. lower bound used: 742.399
try arc fixing based on heuristic lspl: 87.7386
fixed path dual: -13.1714
alpha: 0.25569
psiStar: 749.626
lagLB: 742.978
||gamma||^2: 26
fixing. lower bound used: 741.867
percent fixed: 72.0458
fixing. lower bound used: 742.399
try arc fixing based on heuristic lspl: 87.9943
fixed path dual: -13.827
alpha: 0.211784
psiStar: 749.618
lagLB: 740.723
||gamma||^2: 42
fixing. lower bound used: 742.601
percent fixed: 72.093
fixing. lower bound used: 742.399
try arc fixing based on heuristic lspl: 87.9943
fixed path dual: -13.1543
alpha: 0.141602
psiStar: 749.61
lagLB: 743.663
||gamma||^2: 42
fixing. lower bound used: 740.3
percent fixed: 72.0948
fixing. lower bound used: 742.399
try arc fixing based on heuristic lspl: 88.1359
fixed path dual: -13.4867
alpha: 0.0985568
psiStar: 749.602
lagLB: 741.718
||gamma||^2: 80
fixing. lower bound used: 742.503
percent fixed: 72.188
fixing. lower bound used: 742.399
try arc fixing based on heuristic lspl: 87.9388
fixed path dual: -13.3217
alpha: 0.18037
psiStar: 749.594
lagLB: 742.74
||gamma||^2: 38
fixing. lower bound used: 741.753
percent fixed: 72.188
fixing. lower bound used: 742.399
try arc fixing based on heuristic lspl: 87.5781
fixed path dual: -13.9132
alpha: 0.128626
psiStar: 749.586
lagLB: 741.226
||gamma||^2: 65
fixing. lower bound used: 742.949
percent fixed: 72.2912
fixing. lower bound used: 742.399
try arc fixing based on heuristic lspl: 87.9639
fixed path dual: -13.4293
alpha: 0.161155
psiStar: 749.578
lagLB: 742.488
||gamma||^2: 44
fixing. lower bound used: 740.068
percent fixed: 70.9514
fixing. lower bound used: 742.399
try arc fixing based on heuristic lspl: 87.6416
fixed path dual: -13.7944
alpha: 0.0837284
psiStar: 749.57
lagLB: 741.951
||gamma||^2: 91
fixing. lower bound used: 742.997
percent fixed: 71.7725
fixing. lower bound used: 742.399
try arc fixing based on heuristic lspl: 87.7254
fixed path dual: -13.6851
alpha: 0.158857
psiStar: 749.563
lagLB: 742.414
||gamma||^2: 45
fixing. lower bound used: 741.686
percent fixed: 71.7812
fixing. lower bound used: 742.399
try arc fixing based on heuristic lspl: 87.8842
fixed path dual: -13.5428
alpha: 0.13281
psiStar: 749.555
lagLB: 742.649
||gamma||^2: 52
fixing. lower bound used: 741.937
percent fixed: 71.8314
fixing. lower bound used: 742.399
try arc fixing based on heuristic lspl: 88.017
fixed path dual: -13.3266
alpha: 0.140724
psiStar: 749.547
lagLB: 742.933
||gamma||^2: 47
fixing. lower bound used: 741.852
percent fixed: 71.8538
fixing. lower bound used: 742.399
try arc fixing based on heuristic lspl: 87.7356
fixed path dual: -13.7335
alpha: 0.110059
psiStar: 749.539
lagLB: 742.165
||gamma||^2: 67
fixing. lower bound used: 743.337
percent fixed: 72.2057
fixing. lower bound used: 742.399
try arc fixing based on heuristic lspl: 87.8456
fixed path dual: -13.5325
alpha: 0.157086
psiStar: 749.531
lagLB: 742.619
||gamma||^2: 44
fixing. lower bound used: 741.303
percent fixed: 70.9965
fixing. lower bound used: 742.399
try arc fixing based on heuristic lspl: 87.5315
fixed path dual: -13.8952
alpha: 0.076913
psiStar: 749.523
lagLB: 742.063
||gamma||^2: 97
fixing. lower bound used: 743.211
percent fixed: 71.8804
fixing. lower bound used: 742.399
try arc fixing based on heuristic lspl: 87.7622
fixed path dual: -13.7651
alpha: 0.156289
psiStar: 749.516
lagLB: 742.483
||gamma||^2: 45
fixing. lower bound used: 741.628
percent fixed: 71.0529
fixing. lower bound used: 742.399
try arc fixing based on heuristic lspl: 87.9185
fixed path dual: -13.7064
alpha: 0.138472
psiStar: 749.508
lagLB: 742.307
||gamma||^2: 52
fixing. lower bound used: 741.983
percent fixed: 71.422
fixing. lower bound used: 742.399
try arc fixing based on heuristic lspl: 88.057
fixed path dual: -13.3541
alpha: 0.250488
psiStar: 749.5
lagLB: 743.238
||gamma||^2: 25
fixing. lower bound used: 741.477
percent fixed: 71.4505
fixing. lower bound used: 742.399
try arc fixing based on heuristic lspl: 87.8065
fixed path dual: -14.1982
alpha: 0.202835
psiStar: 749.493
lagLB: 740.771
||gamma||^2: 43
fixing. lower bound used: 743.024
percent fixed: 71.8755
fixing. lower bound used: 742.399
try arc fixing based on heuristic lspl: 87.8065
fixed path dual: -14.2669
alpha: 0.0495209
psiStar: 749.485
lagLB: 740.224
||gamma||^2: 187
fixing. lower bound used: 739.968
percent fixed: 71.8723
fixing. lower bound used: 742.399
try arc fixing based on heuristic lspl: 87.9055
fixed path dual: -13.3665
STATS - lpIterations[2] lagIterations[598] sspIterations[2990] numSeparations[355] numCuts[0] compileTime[2] sspSolveTime[116] lpSolveTime[0] lb[744.281] ub[778] numArcs: [158657] numFixed: [114148] time: [1474]
STATS1 - lpIterations[2] lagIterations[598] sspIterations[2990] numSeparations[355] numCuts[0] compileTime[2] sspSolveTime[116] lpSolveTime[0] repairTime[24] cutsTime[0] alphaTime[0] decompTime[0] yellowTime[0] updateTime[0] fixTime[0] lb[744.281] ub[778] numArcs: [158657] numFixed: [114148] time: [1474]
lambda: 0,33.2494,8.11067,49.8423,46.5166,25.3922,30.2271,8.65334,31.4781,18.3591,8.10895,21.011,19.1932,22.8647,15.2137,7.46554,29.5184,27.2022,16.0866,31.4528,15.2533,33.2563,18.2983,40.7986,28.4261,41.4247,29.4998,8.01373,20.1157,14.1347,28.6118,13.2893,50.2396,19.8052,
mu: 
srcDuals: 
alpha: 0.115903
psiStar: 749.612
lagLB: 744.281
||gamma||^2: 46
fixing. lower bound used: 739.779
percent fixed: 70.9539
fixing. lower bound used: 742.399
try arc fixing based on heuristic lspl: 87.6737
fixed path dual: -13.8151
alpha: 0.105714
psiStar: 749.605
lagLB: 742.733
||gamma||^2: 65
fixing. lower bound used: 744.086
percent fixed: 72.7241
updating best lambda arc fixing
fixing. lower bound used: 744.086
try arc fixing based on heuristic lspl: 87.9909
fixed path dual: -13.7729
alpha: 0.0880119
psiStar: 749.597
lagLB: 742.204
||gamma||^2: 84
fixing. lower bound used: 741.838
percent fixed: 72.744
updating best lambda arc fixing
fixing. lower bound used: 741.838
try arc fixing based on heuristic lspl: 88.0789
fixed path dual: -13.2326
STATS - lpIterations[2] lagIterations[601] sspIterations[3005] numSeparations[355] numCuts[0] compileTime[2] sspSolveTime[116] lpSolveTime[0] lb[744.378] ub[778] numArcs: [158657] numFixed: [117372] time: [1480]
STATS1 - lpIterations[2] lagIterations[601] sspIterations[3005] numSeparations[355] numCuts[0] compileTime[2] sspSolveTime[116] lpSolveTime[0] repairTime[24] cutsTime[0] alphaTime[0] decompTime[0] yellowTime[0] updateTime[0] fixTime[0] lb[744.378] ub[778] numArcs: [158657] numFixed: [117372] time: [1480]
lambda: 0,33.1512,7.99744,49.9405,46.4989,25.3541,30.305,8.64315,31.4357,18.4573,8.04883,20.8806,19.2914,22.9806,15.1155,7.21921,29.4052,27.1421,15.9733,31.3927,15.2356,33.4602,18.185,40.8163,28.2721,41.4703,29.4821,8.03144,20.3196,14.2125,28.4579,13.2292,50.4436,19.692,
mu: 
srcDuals: 
alpha: 0.17698
psiStar: 749.687
lagLB: 744.378
||gamma||^2: 30
fixing. lower bound used: 741.676
percent fixed: 72.752
updating best lambda arc fixing
fixing. lower bound used: 741.676
try arc fixing based on heuristic lspl: 87.7249
fixed path dual: -13.9874
alpha: 0.151204
psiStar: 749.679
lagLB: 741.666
||gamma||^2: 53
fixing. lower bound used: 743.658
percent fixed: 72.8245
updating best lambda arc fixing
fixing. lower bound used: 743.658
try arc fixing based on heuristic lspl: 87.8761
fixed path dual: -13.6285
alpha: 0.174199
psiStar: 749.672
lagLB: 742.704
||gamma||^2: 40
fixing. lower bound used: 740.91
percent fixed: 72.8236
fixing. lower bound used: 743.658
try arc fixing based on heuristic lspl: 87.8761
fixed path dual: -13.6849
alpha: 0.0907067
psiStar: 749.664
lagLB: 742.771
||gamma||^2: 76
fixing. lower bound used: 742.934
percent fixed: 72.1686
fixing. lower bound used: 743.658
try arc fixing based on heuristic lspl: 87.6947
fixed path dual: -13.6417
alpha: 0.0683053
psiStar: 749.657
lagLB: 743.168
||gamma||^2: 95
fixing. lower bound used: 742.428
percent fixed: 72.3909
fixing. lower bound used: 743.658
try arc fixing based on heuristic lspl: 87.8996
fixed path dual: -13.3329
alpha: 0.138807
psiStar: 749.649
lagLB: 744.097
||gamma||^2: 40
fixing. lower bound used: 742.553
percent fixed: 72.1358
fixing. lower bound used: 743.658
try arc fixing based on heuristic lspl: 87.8996
fixed path dual: -13.5638
alpha: 0.183602
psiStar: 749.642
lagLB: 742.665
||gamma||^2: 38
fixing. lower bound used: 743.22
percent fixed: 72.3992
fixing. lower bound used: 743.658
try arc fixing based on heuristic lspl: 87.8996
fixed path dual: -13.5462
alpha: 0.217148
psiStar: 749.634
lagLB: 743.12
||gamma||^2: 30
fixing. lower bound used: 742.89
percent fixed: 72.1681
fixing. lower bound used: 743.658
try arc fixing based on heuristic lspl: 87.8996
fixed path dual: -13.9886
alpha: 0.117169
psiStar: 749.627
lagLB: 741.777
||gamma||^2: 67
fixing. lower bound used: 743.017
percent fixed: 72.4323
fixing. lower bound used: 743.658
try arc fixing based on heuristic lspl: 87.8996
fixed path dual: -13.5362
alpha: 0.166672
psiStar: 749.62
lagLB: 743.453
||gamma||^2: 37
fixing. lower bound used: 741.191
percent fixed: 72.1411
fixing. lower bound used: 743.658
try arc fixing based on heuristic lspl: 87.7329
fixed path dual: -13.9132
alpha: 0.180994
psiStar: 749.612
lagLB: 742.734
||gamma||^2: 38
fixing. lower bound used: 743.586
percent fixed: 72.5216
fixing. lower bound used: 743.658
try arc fixing based on heuristic lspl: 87.7329
fixed path dual: -14.0139
alpha: 0.17582
psiStar: 749.605
lagLB: 741.869
||gamma||^2: 44
fixing. lower bound used: 741.982
percent fixed: 72.5259
fixing. lower bound used: 743.658
try arc fixing based on heuristic lspl: 87.3813
fixed path dual: -14.6033
alpha: 0.0785522
psiStar: 749.598
lagLB: 740.328
||gamma||^2: 118
fixing. lower bound used: 742.247
percent fixed: 72.5275
fixing. lower bound used: 743.658
try arc fixing based on heuristic lspl: 87.6955
fixed path dual: -14.1266
alpha: 0.10969
psiStar: 749.59
lagLB: 742.241
||gamma||^2: 67
fixing. lower bound used: 739.857
percent fixed: 72.139
fixing. lower bound used: 743.658
try arc fixing based on heuristic lspl: 87.9149
fixed path dual: -13.8194
alpha: 0.244415
psiStar: 749.583
lagLB: 743.228
||gamma||^2: 26
fixing. lower bound used: 741.693
percent fixed: 72.3654
fixing. lower bound used: 743.658
try arc fixing based on heuristic lspl: 87.9149
fixed path dual: -14.0755
alpha: 0.0718279
psiStar: 749.576
lagLB: 741.459
||gamma||^2: 113
fixing. lower bound used: 742.124
percent fixed: 72.3667
fixing. lower bound used: 743.658
try arc fixing based on heuristic lspl: 88.1304
fixed path dual: -13.7437
alpha: 0.158023
psiStar: 749.568
lagLB: 742.615
||gamma||^2: 44
fixing. lower bound used: 740.956
percent fixed: 72.3667
fixing. lower bound used: 743.658
try arc fixing based on heuristic lspl: 87.8143
fixed path dual: -13.947
alpha: 0.155774
psiStar: 749.561
lagLB: 742.863
||gamma||^2: 43
fixing. lower bound used: 743.464
percent fixed: 72.5325
fixing. lower bound used: 743.658
try arc fixing based on heuristic lspl: 88.1259
fixed path dual: -14.0902
alpha: 0.119308
psiStar: 749.554
lagLB: 741.68
||gamma||^2: 66
fixing. lower bound used: 741.904
percent fixed: 72.5356
fixing. lower bound used: 743.658
try arc fixing based on heuristic lspl: 87.8873
fixed path dual: -14.099
alpha: 0.0888343
psiStar: 749.547
lagLB: 742.351
||gamma||^2: 81
fixing. lower bound used: 742.257
percent fixed: 72.5356
fixing. lower bound used: 743.658
try arc fixing based on heuristic lspl: 87.9761
fixed path dual: -13.8313
alpha: 0.113539
psiStar: 749.54
lagLB: 743.068
||gamma||^2: 57
fixing. lower bound used: 741.598
percent fixed: 72.5356
fixing. lower bound used: 743.658
try arc fixing based on heuristic lspl: 88.0896
fixed path dual: -13.7918
alpha: 0.126087
psiStar: 749.532
lagLB: 743.606
||gamma||^2: 47
fixing. lower bound used: 743.394
percent fixed: 72.6686
fixing. lower bound used: 743.658
try arc fixing based on heuristic lspl: 88.0896
fixed path dual: -13.9674
alpha: 0.157343
psiStar: 749.525
lagLB: 742.602
||gamma||^2: 44
fixing. lower bound used: 742.856
percent fixed: 72.6803
fixing. lower bound used: 743.658
try arc fixing based on heuristic lspl: 87.775
fixed path dual: -14.1796
alpha: 0.248823
psiStar: 749.518
lagLB: 742.8
||gamma||^2: 27
fixing. lower bound used: 743.034
percent fixed: 72.6803
fixing. lower bound used: 743.658
try arc fixing based on heuristic lspl: 87.775
fixed path dual: -14.4089
alpha: 0.109547
psiStar: 749.511
lagLB: 741.405
||gamma||^2: 74
fixing. lower bound used: 742.06
percent fixed: 72.6803
fixing. lower bound used: 743.658
try arc fixing based on heuristic lspl: 87.9941
fixed path dual: -13.9257
alpha: 0.171371
psiStar: 749.504
lagLB: 743.163
||gamma||^2: 37
fixing. lower bound used: 740.747
percent fixed: 72.6799
fixing. lower bound used: 743.658
try arc fixing based on heuristic lspl: 87.9941
fixed path dual: -14.0445
alpha: 0.157123
psiStar: 749.497
lagLB: 742.741
||gamma||^2: 43
fixing. lower bound used: 743.018
percent fixed: 72.2079
fixing. lower bound used: 743.658
try arc fixing based on heuristic lspl: 87.9941
fixed path dual: -14.1952
alpha: 0.0607084
psiStar: 749.49
lagLB: 742.144
||gamma||^2: 121
fixing. lower bound used: 742.177
percent fixed: 72.4287
fixing. lower bound used: 743.658
try arc fixing based on heuristic lspl: 88.1762
fixed path dual: -13.8116
alpha: 0.0730715
psiStar: 749.483
lagLB: 743.637
||gamma||^2: 80
fixing. lower bound used: 741.719
percent fixed: 72.4312
fixing. lower bound used: 743.658
try arc fixing based on heuristic lspl: 88.03
fixed path dual: -13.7535
alpha: 0.216081
psiStar: 749.476
lagLB: 744.074
||gamma||^2: 25
fixing. lower bound used: 743.781
percent fixed: 72.597
fixing. lower bound used: 743.658
try arc fixing based on heuristic lspl: 88.2461
fixed path dual: -14.3571
alpha: 0.161764
psiStar: 749.469
lagLB: 741.704
||gamma||^2: 48
fixing. lower bound used: 743.301
percent fixed: 72.6557
fixing. lower bound used: 743.658
try arc fixing based on heuristic lspl: 87.9226
fixed path dual: -14.3111
alpha: 0.0525863
psiStar: 749.462
lagLB: 742.258
||gamma||^2: 137
fixing. lower bound used: 741.38
percent fixed: 72.6546
fixing. lower bound used: 743.658
try arc fixing based on heuristic lspl: 88.0278
fixed path dual: -13.9238
alpha: 0.0639643
psiStar: 749.455
lagLB: 743.826
||gamma||^2: 88
fixing. lower bound used: 741.89
percent fixed: 72.1507
fixing. lower bound used: 743.658
try arc fixing based on heuristic lspl: 88.1557
fixed path dual: -13.8569
alpha: 0.195561
psiStar: 749.448
lagLB: 743.777
||gamma||^2: 29
fixing. lower bound used: 743.355
percent fixed: 72.4563
fixing. lower bound used: 743.658
try arc fixing based on heuristic lspl: 87.9601
fixed path dual: -14.3812
alpha: 0.15225
psiStar: 749.441
lagLB: 742.133
||gamma||^2: 48
fixing. lower bound used: 743.506
percent fixed: 72.3988
fixing. lower bound used: 743.658
try arc fixing based on heuristic lspl: 88.1124
fixed path dual: -14.0874
alpha: 0.0975984
psiStar: 749.434
lagLB: 742.993
||gamma||^2: 66
fixing. lower bound used: 741.466
percent fixed: 72.604
fixing. lower bound used: 743.658
try arc fixing based on heuristic lspl: 87.9172
fixed path dual: -14.1205
alpha: 0.214799
psiStar: 749.428
lagLB: 743.413
||gamma||^2: 28
fixing. lower bound used: 743.24
percent fixed: 72.6499
fixing. lower bound used: 743.658
try arc fixing based on heuristic lspl: 87.9172
fixed path dual: -14.2564
alpha: 0.145375
psiStar: 749.421
lagLB: 742.733
||gamma||^2: 46
fixing. lower bound used: 742.979
percent fixed: 72.6524
fixing. lower bound used: 743.658
try arc fixing based on heuristic lspl: 87.6264
fixed path dual: -14.2307
alpha: 0.121331
psiStar: 749.414
lagLB: 742.862
||gamma||^2: 54
fixing. lower bound used: 742.387
percent fixed: 72.6502
fixing. lower bound used: 743.658
try arc fixing based on heuristic lspl: 87.7478
fixed path dual: -13.9822
alpha: 0.196383
psiStar: 749.407
lagLB: 744.105
||gamma||^2: 27
fixing. lower bound used: 742.737
percent fixed: 72.1665
fixing. lower bound used: 743.658
try arc fixing based on heuristic lspl: 87.7478
fixed path dual: -14.4266
alpha: 0.0787039
psiStar: 749.4
lagLB: 741.294
||gamma||^2: 103
fixing. lower bound used: 742.667
percent fixed: 72.4193
fixing. lower bound used: 743.658
try arc fixing based on heuristic lspl: 87.9052
fixed path dual: -13.9903
alpha: 0.252476
psiStar: 749.394
lagLB: 743.082
||gamma||^2: 25
fixing. lower bound used: 740.9
percent fixed: 72.4205
fixing. lower bound used: 743.658
try arc fixing based on heuristic lspl: 87.6527
fixed path dual: -14.71
alpha: 0.08844
psiStar: 749.387
lagLB: 741.25
||gamma||^2: 92
fixing. lower bound used: 743.305
percent fixed: 72.4916
fixing. lower bound used: 743.658
try arc fixing based on heuristic lspl: 87.918
fixed path dual: -14.3038
alpha: 0.150667
psiStar: 749.38
lagLB: 742.751
||gamma||^2: 44
fixing. lower bound used: 740.72
percent fixed: 72.4947
fixing. lower bound used: 743.658
try arc fixing based on heuristic lspl: 87.918
fixed path dual: -14.3415
alpha: 0.169345
psiStar: 749.373
lagLB: 742.261
||gamma||^2: 42
fixing. lower bound used: 742.307
percent fixed: 72.4947
fixing. lower bound used: 743.658
try arc fixing based on heuristic lspl: 87.7487
fixed path dual: -14.468
alpha: 0.167987
psiStar: 749.367
lagLB: 742.983
||gamma||^2: 38
fixing. lower bound used: 743.276
percent fixed: 72.5318
fixing. lower bound used: 743.658
try arc fixing based on heuristic lspl: 87.7487
fixed path dual: -14.4619
alpha: 0.128501
psiStar: 749.36
lagLB: 742.678
||gamma||^2: 52
fixing. lower bound used: 742.493
percent fixed: 72.5342
fixing. lower bound used: 743.658
try arc fixing based on heuristic lspl: 87.8772
fixed path dual: -14.1948
alpha: 0.226332
psiStar: 749.353
lagLB: 743.242
||gamma||^2: 27
fixing. lower bound used: 741.744
percent fixed: 72.5342
fixing. lower bound used: 743.658
try arc fixing based on heuristic lspl: 87.8772
fixed path dual: -14.7362
alpha: 0.174541
psiStar: 749.347
lagLB: 741.667
||gamma||^2: 44
fixing. lower bound used: 743.106
percent fixed: 72.6436
fixing. lower bound used: 743.658
try arc fixing based on heuristic lspl: 87.8772
fixed path dual: -14.5278
alpha: 0.14109
psiStar: 749.34
lagLB: 742.709
||gamma||^2: 47
fixing. lower bound used: 741.667
percent fixed: 72.6455
fixing. lower bound used: 743.658
try arc fixing based on heuristic lspl: 87.595
fixed path dual: -14.8045
alpha: 0.153144
psiStar: 749.333
lagLB: 742.595
||gamma||^2: 44
fixing. lower bound used: 743.381
percent fixed: 72.6887
fixing. lower bound used: 743.658
try arc fixing based on heuristic lspl: 88.0544
fixed path dual: -14.4954
alpha: 0.149101
psiStar: 749.327
lagLB: 742.915
||gamma||^2: 43
fixing. lower bound used: 741.37
percent fixed: 72.6887
fixing. lower bound used: 743.658
try arc fixing based on heuristic lspl: 87.7562
fixed path dual: -14.617
alpha: 0.221084
psiStar: 749.32
lagLB: 743.351
||gamma||^2: 27
fixing. lower bound used: 743.634
percent fixed: 72.7827
fixing. lower bound used: 743.658
try arc fixing based on heuristic lspl: 87.7562
fixed path dual: -14.8247
alpha: 0.0694453
psiStar: 749.314
lagLB: 742.091
||gamma||^2: 104
fixing. lower bound used: 742.8
percent fixed: 72.7827
fixing. lower bound used: 743.658
try arc fixing based on heuristic lspl: 87.9646
fixed path dual: -14.6281
alpha: 0.154276
psiStar: 749.307
lagLB: 742.519
||gamma||^2: 44
fixing. lower bound used: 741.536
percent fixed: 72.7827
fixing. lower bound used: 743.658
try arc fixing based on heuristic lspl: 87.656
fixed path dual: -14.6326
alpha: 0.129532
psiStar: 749.301
lagLB: 743.731
||gamma||^2: 43
fixing. lower bound used: 743.708
percent fixed: 72.8321
updating best lambda arc fixing
fixing. lower bound used: 743.708
try arc fixing based on heuristic lspl: 87.9151
fixed path dual: -14.904
alpha: 0.15551
psiStar: 749.294
lagLB: 741.985
||gamma||^2: 47
fixing. lower bound used: 742.687
percent fixed: 72.8321
STATS - lpIterations[3] lagIterations[657] sspIterations[3285] numSeparations[366] numCuts[0] compileTime[2] sspSolveTime[125] lpSolveTime[0] lb[744.378] ub[778] numArcs: [159104] numFixed: [117854] time: [1607]
STATS1 - lpIterations[3] lagIterations[657] sspIterations[3285] numSeparations[366] numCuts[0] compileTime[2] sspSolveTime[125] lpSolveTime[0] repairTime[26] cutsTime[0] alphaTime[0] decompTime[0] yellowTime[0] updateTime[0] fixTime[0] lb[744.378] ub[778] numArcs: [159104] numFixed: [117854] time: [1607]
fixing. lower bound used: 743.708
try arc fixing based on heuristic lspl: 87.604
fixed path dual: -14.8135
alpha: 0.170321
psiStar: 749.288
lagLB: 743.837
||gamma||^2: 32
fixing. lower bound used: 743.385
percent fixed: 72.834
updating best lambda arc fixing
fixing. lower bound used: 743.385
try arc fixing based on heuristic lspl: 87.7744
fixed path dual: -14.8274
alpha: 0.155605
psiStar: 749.281
lagLB: 742.746
||gamma||^2: 42
fixing. lower bound used: 742.485
percent fixed: 72.834
fixing. lower bound used: 743.385
try arc fixing based on heuristic lspl: 87.7744
fixed path dual: -15.0038
alpha: 0.170449
psiStar: 749.275
lagLB: 742.798
||gamma||^2: 38
fixing. lower bound used: 743.072
percent fixed: 72.8358
updating best lambda arc fixing
fixing. lower bound used: 743.072
try arc fixing based on heuristic lspl: 87.7744
fixed path dual: -14.858
alpha: 0.225281
psiStar: 749.268
lagLB: 743.186
||gamma||^2: 27
fixing. lower bound used: 742.26
percent fixed: 72.8358
fixing. lower bound used: 743.072
try arc fixing based on heuristic lspl: 87.3238
fixed path dual: -15.2023
alpha: 0.248838
psiStar: 749.262
lagLB: 743.041
||gamma||^2: 25
fixing. lower bound used: 743.765
percent fixed: 72.871
updating best lambda arc fixing
fixing. lower bound used: 743.765
try arc fixing based on heuristic lspl: 87.5726
fixed path dual: -15.3429
alpha: 0.103567
psiStar: 749.255
lagLB: 741.592
||gamma||^2: 74
fixing. lower bound used: 741.962
percent fixed: 72.8706
fixing. lower bound used: 743.765
try arc fixing based on heuristic lspl: 87.7798
fixed path dual: -14.8117
alpha: 0.1747
psiStar: 749.249
lagLB: 743.833
||gamma||^2: 31
fixing. lower bound used: 741.177
percent fixed: 72.0409
fixing. lower bound used: 743.765
try arc fixing based on heuristic lspl: 87.9545
fixed path dual: -14.9353
alpha: 0.2251
psiStar: 749.243
lagLB: 743.39
||gamma||^2: 26
fixing. lower bound used: 743.652
percent fixed: 72.3198
fixing. lower bound used: 743.765
try arc fixing based on heuristic lspl: 87.9545
fixed path dual: -15.0369
alpha: 0.158249
psiStar: 749.236
lagLB: 742.432
||gamma||^2: 43
fixing. lower bound used: 742.653
percent fixed: 72.5755
fixing. lower bound used: 743.765
try arc fixing based on heuristic lspl: 87.9545
fixed path dual: -15.3983
alpha: 0.0727919
psiStar: 749.23
lagLB: 741.732
||gamma||^2: 103
fixing. lower bound used: 742.75
percent fixed: 72.5741
fixing. lower bound used: 743.765
try arc fixing based on heuristic lspl: 87.8089
fixed path dual: -14.9004
alpha: 0.0407356
psiStar: 749.224
lagLB: 744.295
||gamma||^2: 121
fixing. lower bound used: 741.805
percent fixed: 72.0561
fixing. lower bound used: 743.765
try arc fixing based on heuristic lspl: 87.9311
fixed path dual: -14.8777
alpha: 0.0613784
psiStar: 749.217
lagLB: 744.123
||gamma||^2: 83
fixing. lower bound used: 743.868
percent fixed: 72.5538
fixing. lower bound used: 743.765
try arc fixing based on heuristic lspl: 88.0539
fixed path dual: -14.6571
STATS - lpIterations[3] lagIterations[670] sspIterations[3350] numSeparations[369] numCuts[0] compileTime[2] sspSolveTime[127] lpSolveTime[0] lb[744.796] ub[778] numArcs: [159187] numFixed: [117484] time: [1636]
STATS1 - lpIterations[3] lagIterations[670] sspIterations[3350] numSeparations[369] numCuts[0] compileTime[2] sspSolveTime[127] lpSolveTime[0] repairTime[27] cutsTime[0] alphaTime[0] decompTime[0] yellowTime[0] updateTime[0] fixTime[0] lb[744.796] ub[778] numArcs: [159187] numFixed: [117484] time: [1636]
lambda: 0,33.3318,8.18982,50.1818,46.9067,25.3923,30.6209,8.83971,31.8727,19.0694,8.03534,20.9379,19.5326,23.1594,15.3995,7.54439,29.1695,27.3642,16.3267,31.5112,15.9701,33.4035,18.4379,41.2003,28.7828,41.8356,29.8011,8.24614,20.4666,14.3747,28.6882,13.3415,50.543,19.6047,
mu: 
srcDuals: 
alpha: 0.186013
psiStar: 749.633
lagLB: 744.796
||gamma||^2: 26
fixing. lower bound used: 743.693
percent fixed: 72.6928
fixing. lower bound used: 743.765
try arc fixing based on heuristic lspl: 87.6818
fixed path dual: -15.6283
alpha: 0.126116
psiStar: 749.626
lagLB: 741.429
||gamma||^2: 65
fixing. lower bound used: 744.112
percent fixed: 72.8842
updating best lambda arc fixing
fixing. lower bound used: 744.112
try arc fixing based on heuristic lspl: 88.0602
fixed path dual: -15.008
alpha: 0.144772
psiStar: 749.62
lagLB: 743.395
||gamma||^2: 43
fixing. lower bound used: 740.294
percent fixed: 72.4718
fixing. lower bound used: 744.112
try arc fixing based on heuristic lspl: 87.7706
fixed path dual: -15.0111
alpha: 0.0908904
psiStar: 749.614
lagLB: 743.524
||gamma||^2: 67
fixing. lower bound used: 743.494
percent fixed: 72.7114
fixing. lower bound used: 744.112
try arc fixing based on heuristic lspl: 87.9524
fixed path dual: -15.0234
alpha: 0.124514
psiStar: 749.608
lagLB: 743.008
||gamma||^2: 53
fixing. lower bound used: 742.933
percent fixed: 72.7392
fixing. lower bound used: 744.112
try arc fixing based on heuristic lspl: 87.9524
fixed path dual: -14.6714
alpha: 0.208256
psiStar: 749.601
lagLB: 744.395
||gamma||^2: 25
fixing. lower bound used: 742.635
percent fixed: 72.7404
fixing. lower bound used: 744.112
try arc fixing based on heuristic lspl: 87.7442
fixed path dual: -15.4155
alpha: 0.187606
psiStar: 749.595
lagLB: 741.716
||gamma||^2: 42
fixing. lower bound used: 743.779
percent fixed: 72.8102
fixing. lower bound used: 744.112
try arc fixing based on heuristic lspl: 87.5566
fixed path dual: -15.5156
alpha: 0.070787
psiStar: 749.589
lagLB: 741.59
||gamma||^2: 113
fixing. lower bound used: 741.631
percent fixed: 72.8102
fixing. lower bound used: 744.112
try arc fixing based on heuristic lspl: 87.7689
fixed path dual: -14.8216
alpha: 0.0716845
psiStar: 749.583
lagLB: 744.565
||gamma||^2: 70
fixing. lower bound used: 741.095
percent fixed: 72.8102
fixing. lower bound used: 744.112
try arc fixing based on heuristic lspl: 87.6255
fixed path dual: -14.995
alpha: 0.0856082
psiStar: 749.577
lagLB: 743.841
||gamma||^2: 67
fixing. lower bound used: 744.355
percent fixed: 72.9701
updating best lambda arc fixing
fixing. lower bound used: 744.355
try arc fixing based on heuristic lspl: 87.7968
fixed path dual: -15.0548
alpha: 0.149647
psiStar: 749.571
lagLB: 743.285
||gamma||^2: 42
fixing. lower bound used: 743.215
percent fixed: 72.9711
updating best lambda arc fixing
fixing. lower bound used: 743.215
try arc fixing based on heuristic lspl: 87.9464
fixed path dual: -14.9488
alpha: 0.137463
psiStar: 749.565
lagLB: 743.516
||gamma||^2: 44
fixing. lower bound used: 742.877
percent fixed: 71.8666
fixing. lower bound used: 743.215
try arc fixing based on heuristic lspl: 87.9464
fixed path dual: -14.8977
alpha: 0.101524
psiStar: 749.558
lagLB: 743.772
||gamma||^2: 57
fixing. lower bound used: 743.497
percent fixed: 72.34
fixing. lower bound used: 743.215
try arc fixing based on heuristic lspl: 88.0479
fixed path dual: -15.0963
alpha: 0.161729
psiStar: 749.552
lagLB: 743.083
||gamma||^2: 40
fixing. lower bound used: 743.561
percent fixed: 72.5579
fixing. lower bound used: 743.215
try arc fixing based on heuristic lspl: 88.0479
fixed path dual: -15.0079
alpha: 0.234993
psiStar: 749.546
lagLB: 743.201
||gamma||^2: 27
fixing. lower bound used: 742.685
percent fixed: 72.5652
fixing. lower bound used: 743.215
try arc fixing based on heuristic lspl: 87.5779
fixed path dual: -15.3167
alpha: 0.155992
psiStar: 749.54
lagLB: 742.833
||gamma||^2: 43
fixing. lower bound used: 743.551
percent fixed: 72.1257
fixing. lower bound used: 743.215
try arc fixing based on heuristic lspl: 87.5779
fixed path dual: -15.6665
alpha: 0.0628208
psiStar: 749.534
lagLB: 740.928
||gamma||^2: 137
fixing. lower bound used: 742.007
percent fixed: 72.3319
fixing. lower bound used: 743.215
try arc fixing based on heuristic lspl: 87.7664
fixed path dual: -14.8638
alpha: 0.0636108
psiStar: 749.528
lagLB: 744.376
||gamma||^2: 81
fixing. lower bound used: 740.362
percent fixed: 71.6675
fixing. lower bound used: 743.215
try arc fixing based on heuristic lspl: 87.8936
fixed path dual: -14.65
STATS - lpIterations[3] lagIterations[688] sspIterations[3440] numSeparations[374] numCuts[0] compileTime[2] sspSolveTime[130] lpSolveTime[0] lb[745.127] ub[778] numArcs: [159322] numFixed: [115845] time: [1679]
STATS1 - lpIterations[3] lagIterations[688] sspIterations[3440] numSeparations[374] numCuts[0] compileTime[2] sspSolveTime[130] lpSolveTime[0] repairTime[28] cutsTime[0] alphaTime[0] decompTime[0] yellowTime[0] updateTime[0] fixTime[0] lb[745.127] ub[778] numArcs: [159322] numFixed: [115845] time: [1679]
lambda: 0,33.291,8.09678,50.4749,46.8884,25.4865,30.701,8.62187,31.8154,19.1736,8.01784,20.8096,19.6368,23.3327,15.1489,7.43008,29.2654,27.3563,16.2731,31.5033,15.9767,33.4569,18.1559,41.2311,28.7336,42.0742,29.7765,8.34867,20.5199,14.2929,28.7838,13.5094,50.5964,19.597,
mu: 
srcDuals: 
alpha: 0.17511
psiStar: 749.855
lagLB: 745.127
||gamma||^2: 27
fixing. lower bound used: 744.058
percent fixed: 72.465
fixing. lower bound used: 743.215
try arc fixing based on heuristic lspl: 87.8936
fixed path dual: -15.539
alpha: 0.148055
psiStar: 749.849
lagLB: 741.557
||gamma||^2: 56
fixing. lower bound used: 743.914
percent fixed: 72.9222
fixing. lower bound used: 743.215
try arc fixing based on heuristic lspl: 87.8936
fixed path dual: -15.4194
alpha: 0.0915172
psiStar: 749.843
lagLB: 742.155
||gamma||^2: 84
fixing. lower bound used: 741.557
percent fixed: 72.9287
fixing. lower bound used: 743.215
try arc fixing based on heuristic lspl: 87.7106
fixed path dual: -15.1013
alpha: 0.111465
psiStar: 749.837
lagLB: 743.929
||gamma||^2: 53
fixing. lower bound used: 742.338
percent fixed: 71.6808
fixing. lower bound used: 743.215
try arc fixing based on heuristic lspl: 87.8221
fixed path dual: -15.1454
alpha: 0.13632
psiStar: 749.831
lagLB: 743.151
||gamma||^2: 49
fixing. lower bound used: 743.228
percent fixed: 72.1335
fixing. lower bound used: 743.215
try arc fixing based on heuristic lspl: 87.9584
fixed path dual: -15.3177
alpha: 0.148462
psiStar: 749.825
lagLB: 742.699
||gamma||^2: 48
fixing. lower bound used: 743.165
percent fixed: 72.2038
fixing. lower bound used: 743.215
try arc fixing based on heuristic lspl: 87.6615
fixed path dual: -15.4985
alpha: 0.0638639
psiStar: 749.819
lagLB: 742.091
||gamma||^2: 121
fixing. lower bound used: 742.518
percent fixed: 72.2136
fixing. lower bound used: 743.215
try arc fixing based on heuristic lspl: 87.8531
fixed path dual: -15.016
alpha: 0.133861
psiStar: 749.813
lagLB: 744.057
||gamma||^2: 43
fixing. lower bound used: 741.644
percent fixed: 72.2136
fixing. lower bound used: 743.215
try arc fixing based on heuristic lspl: 87.8531
fixed path dual: -15.2819
alpha: 0.236253
psiStar: 749.807
lagLB: 743.664
||gamma||^2: 26
fixing. lower bound used: 744.316
percent fixed: 72.8297
fixing. lower bound used: 743.215
try arc fixing based on heuristic lspl: 87.8531
fixed path dual: -15.8371
alpha: 0.0837987
psiStar: 749.801
lagLB: 740.416
||gamma||^2: 112
fixing. lower bound used: 742.508
percent fixed: 72.8365
fixing. lower bound used: 743.215
try arc fixing based on heuristic lspl: 88.1044
fixed path dual: -15.1413
alpha: 0.12168
psiStar: 749.795
lagLB: 743.225
||gamma||^2: 54
fixing. lower bound used: 739.745
percent fixed: 72.8338
fixing. lower bound used: 743.215
try arc fixing based on heuristic lspl: 87.9828
fixed path dual: -15.1194
alpha: 0.142114
psiStar: 749.789
lagLB: 743.821
||gamma||^2: 42
fixing. lower bound used: 743.653
percent fixed: 72.0948
fixing. lower bound used: 743.215
try arc fixing based on heuristic lspl: 87.8407
fixed path dual: -15.5535
alpha: 0.0694613
psiStar: 749.784
lagLB: 741.934
||gamma||^2: 113
fixing. lower bound used: 743.211
percent fixed: 72.316
fixing. lower bound used: 743.215
try arc fixing based on heuristic lspl: 87.9796
fixed path dual: -14.9325
alpha: 0.137494
psiStar: 749.778
lagLB: 744.553
||gamma||^2: 38
fixing. lower bound used: 741.448
percent fixed: 71.6705
fixing. lower bound used: 743.215
try arc fixing based on heuristic lspl: 87.7046
fixed path dual: -15.3009
alpha: 0.230964
psiStar: 749.772
lagLB: 743.536
||gamma||^2: 27
fixing. lower bound used: 744.291
percent fixed: 72.9005
fixing. lower bound used: 743.215
try arc fixing based on heuristic lspl: 88.1665
fixed path dual: -15.2981
alpha: 0.118883
psiStar: 749.766
lagLB: 742.395
||gamma||^2: 62
fixing. lower bound used: 742.332
percent fixed: 72.9141
fixing. lower bound used: 743.215
try arc fixing based on heuristic lspl: 87.9288
fixed path dual: -15.1172
alpha: 0.194468
psiStar: 749.76
lagLB: 743.537
||gamma||^2: 32
fixing. lower bound used: 742.588
percent fixed: 72.9166
fixing. lower bound used: 743.215
try arc fixing based on heuristic lspl: 87.7343
fixed path dual: -15.5771
alpha: 0.146009
psiStar: 749.755
lagLB: 742.016
||gamma||^2: 53
fixing. lower bound used: 743.234
percent fixed: 72.9166
fixing. lower bound used: 743.215
try arc fixing based on heuristic lspl: 87.8803
fixed path dual: -15.2171
alpha: 0.212368
psiStar: 749.749
lagLB: 743.378
||gamma||^2: 30
fixing. lower bound used: 741.578
percent fixed: 72.9166
fixing. lower bound used: 743.215
try arc fixing based on heuristic lspl: 87.8803
fixed path dual: -15.6159
alpha: 0.163255
psiStar: 749.743
lagLB: 742.233
||gamma||^2: 46
fixing. lower bound used: 743.368
percent fixed: 72.9302
fixing. lower bound used: 743.215
try arc fixing based on heuristic lspl: 87.717
fixed path dual: -15.3466
alpha: 0.132334
psiStar: 749.738
lagLB: 743.253
||gamma||^2: 49
fixing. lower bound used: 741.907
percent fixed: 71.6773
fixing. lower bound used: 743.215
try arc fixing based on heuristic lspl: 87.8494
fixed path dual: -15.4278
alpha: 0.0781645
psiStar: 749.732
lagLB: 743.244
||gamma||^2: 83
fixing. lower bound used: 743.476
percent fixed: 72.226
fixing. lower bound used: 743.215
try arc fixing based on heuristic lspl: 87.693
fixed path dual: -15.4919
alpha: 0.0729775
psiStar: 749.726
lagLB: 743.158
||gamma||^2: 90
fixing. lower bound used: 743.086
percent fixed: 72.2913
fixing. lower bound used: 743.215
try arc fixing based on heuristic lspl: 87.839
fixed path dual: -15.3422
alpha: 0.0827725
psiStar: 749.72
lagLB: 743.761
||gamma||^2: 72
fixing. lower bound used: 742.927
percent fixed: 72.3425
fixing. lower bound used: 743.215
try arc fixing based on heuristic lspl: 87.839
fixed path dual: -15.1558
alpha: 0.192123
psiStar: 749.715
lagLB: 744.527
||gamma||^2: 27
fixing. lower bound used: 743.595
percent fixed: 72.4417
fixing. lower bound used: 743.215
try arc fixing based on heuristic lspl: 87.4548
fixed path dual: -15.8587
alpha: 0.131455
psiStar: 749.709
lagLB: 742.742
||gamma||^2: 53
fixing. lower bound used: 744.401
percent fixed: 72.9884
updating best lambda arc fixing
fixing. lower bound used: 744.401
try arc fixing based on heuristic lspl: 87.5862
fixed path dual: -16.0533
alpha: 0.0834156
psiStar: 749.704
lagLB: 741.112
||gamma||^2: 103
fixing. lower bound used: 741.498
percent fixed: 72.9903
updating best lambda arc fixing
fixing. lower bound used: 741.498
try arc fixing based on heuristic lspl: 87.753
fixed path dual: -15.1807
alpha: 0.160008
psiStar: 749.698
lagLB: 745.058
||gamma||^2: 29
fixing. lower bound used: 740.695
percent fixed: 72.9889
fixing. lower bound used: 741.498
try arc fixing based on heuristic lspl: 87.593
fixed path dual: -15.899
alpha: 0.168779
psiStar: 749.692
lagLB: 742.266
||gamma||^2: 44
fixing. lower bound used: 744.276
percent fixed: 72.4736
fixing. lower bound used: 741.498
try arc fixing based on heuristic lspl: 87.593
fixed path dual: -15.6714
alpha: 0.0951914
psiStar: 749.687
lagLB: 743.404
||gamma||^2: 66
fixing. lower bound used: 742.224
percent fixed: 72.6671
fixing. lower bound used: 741.498
try arc fixing based on heuristic lspl: 87.4026
fixed path dual: -15.8314
alpha: 0.138423
psiStar: 749.681
lagLB: 743.175
||gamma||^2: 47
fixing. lower bound used: 743.567
percent fixed: 72.7534
fixing. lower bound used: 741.498
try arc fixing based on heuristic lspl: 87.6795
fixed path dual: -15.5811
alpha: 0.220028
psiStar: 749.676
lagLB: 743.735
||gamma||^2: 27
fixing. lower bound used: 742.483
percent fixed: 72.7571
fixing. lower bound used: 741.498
try arc fixing based on heuristic lspl: 87.2394
fixed path dual: -16.0912
alpha: 0.15785
psiStar: 749.67
lagLB: 742.725
||gamma||^2: 44
fixing. lower bound used: 744.008
percent fixed: 72.8706
fixing. lower bound used: 741.498
try arc fixing based on heuristic lspl: 87.713
fixed path dual: -15.8314
alpha: 0.083181
psiStar: 749.664
lagLB: 742.76
||gamma||^2: 83
fixing. lower bound used: 741.325
percent fixed: 72.8701
fixing. lower bound used: 741.498
try arc fixing based on heuristic lspl: 87.5466
fixed path dual: -15.7522
alpha: 0.0638052
psiStar: 749.659
lagLB: 743.406
||gamma||^2: 98
fixing. lower bound used: 742.845
percent fixed: 71.1601
fixing. lower bound used: 741.498
try arc fixing based on heuristic lspl: 87.738
fixed path dual: -15.4847
alpha: 0.120282
psiStar: 749.653
lagLB: 744.361
||gamma||^2: 44
fixing. lower bound used: 743.023
percent fixed: 71.2544
fixing. lower bound used: 741.498
try arc fixing based on heuristic lspl: 87.4975
fixed path dual: -15.6497
alpha: 0.163101
psiStar: 749.648
lagLB: 743.776
||gamma||^2: 36
fixing. lower bound used: 744.14
percent fixed: 72.4697
fixing. lower bound used: 741.498
try arc fixing based on heuristic lspl: 87.4975
fixed path dual: -16.1651
alpha: 0.0781789
psiStar: 749.642
lagLB: 741.199
||gamma||^2: 108
fixing. lower bound used: 742.853
percent fixed: 71.0061
fixing. lower bound used: 741.498
try arc fixing based on heuristic lspl: 87.732
fixed path dual: -15.2965
alpha: 0.112387
psiStar: 749.637
lagLB: 744.917
||gamma||^2: 42
fixing. lower bound used: 740.574
percent fixed: 71.2013
fixing. lower bound used: 741.498
try arc fixing based on heuristic lspl: 87.5072
fixed path dual: -15.733
alpha: 0.134266
psiStar: 749.632
lagLB: 743.858
||gamma||^2: 43
fixing. lower bound used: 744.762
percent fixed: 73.1876
updating best lambda arc fixing
fixing. lower bound used: 744.762
try arc fixing based on heuristic lspl: 87.7758
fixed path dual: -16.0528
alpha: 0.11772
psiStar: 749.626
lagLB: 741.857
||gamma||^2: 66
fixing. lower bound used: 742.801
percent fixed: 73.2122
updating best lambda arc fixing
fixing. lower bound used: 742.801
try arc fixing based on heuristic lspl: 87.5403
fixed path dual: -15.6478
alpha: 0.122757
psiStar: 749.621
lagLB: 744.588
||gamma||^2: 41
fixing. lower bound used: 742.563
percent fixed: 73.2196
updating best lambda arc fixing
fixing. lower bound used: 742.563
try arc fixing based on heuristic lspl: 87.6631
fixed path dual: -15.5528
alpha: 0.128855
psiStar: 749.615
lagLB: 744.203
||gamma||^2: 42
fixing. lower bound used: 743.688
percent fixed: 73.2195
fixing. lower bound used: 742.563
try arc fixing based on heuristic lspl: 87.7919
fixed path dual: -15.7078
alpha: 0.101332
psiStar: 749.61
lagLB: 743.429
||gamma||^2: 61
fixing. lower bound used: 743.753
percent fixed: 72.0363
fixing. lower bound used: 742.563
try arc fixing based on heuristic lspl: 87.5893
fixed path dual: -15.8533
alpha: 0.0702089
psiStar: 749.604
lagLB: 743.005
||gamma||^2: 94
fixing. lower bound used: 743.182
percent fixed: 72.3231
fixing. lower bound used: 742.563
try arc fixing based on heuristic lspl: 87.6595
fixed path dual: -15.5039
alpha: 0.191831
psiStar: 749.599
lagLB: 744.612
||gamma||^2: 26
fixing. lower bound used: 742.864
percent fixed: 72.3416
fixing. lower bound used: 742.563
try arc fixing based on heuristic lspl: 87.6595
fixed path dual: -16.108
alpha: 0.168258
psiStar: 749.594
lagLB: 742.359
||gamma||^2: 43
fixing. lower bound used: 743.883
percent fixed: 72.4259
fixing. lower bound used: 742.563
try arc fixing based on heuristic lspl: 87.6595
fixed path dual: -15.7932
alpha: 0.132372
psiStar: 749.588
lagLB: 743.764
||gamma||^2: 44
fixing. lower bound used: 742.028
percent fixed: 72.4259
fixing. lower bound used: 742.563
try arc fixing based on heuristic lspl: 87.3947
fixed path dual: -16.1346
alpha: 0.153977
psiStar: 749.583
lagLB: 743.116
||gamma||^2: 42
fixing. lower bound used: 743.934
percent fixed: 72.7878
fixing. lower bound used: 742.563
try arc fixing based on heuristic lspl: 87.5487
fixed path dual: -16.032
alpha: 0.096252
psiStar: 749.578
lagLB: 743.321
||gamma||^2: 65
fixing. lower bound used: 742.683
percent fixed: 72.791
fixing. lower bound used: 742.563
try arc fixing based on heuristic lspl: 87.3562
fixed path dual: -15.8585
alpha: 0.0734384
psiStar: 749.572
lagLB: 744.285
||gamma||^2: 72
fixing. lower bound used: 743.418
percent fixed: 71.6974
fixing. lower bound used: 742.563
try arc fixing based on heuristic lspl: 87.65
fixed path dual: -15.7092
alpha: 0.0839849
psiStar: 749.567
lagLB: 744.444
||gamma||^2: 61
fixing. lower bound used: 743.697
percent fixed: 72.0177
fixing. lower bound used: 742.563
try arc fixing based on heuristic lspl: 87.734
fixed path dual: -15.6217
alpha: 0.210741
psiStar: 749.562
lagLB: 744.293
||gamma||^2: 25
fixing. lower bound used: 743.854
percent fixed: 72.6758
fixing. lower bound used: 742.563
try arc fixing based on heuristic lspl: 87.5232
fixed path dual: -16.2941
alpha: 0.134905
psiStar: 749.557
lagLB: 742.407
||gamma||^2: 53
fixing. lower bound used: 744.232
percent fixed: 73.0085
fixing. lower bound used: 742.563
try arc fixing based on heuristic lspl: 87.6581
fixed path dual: -16.1935
alpha: 0.0604649
psiStar: 749.551
lagLB: 742.235
||gamma||^2: 121
fixing. lower bound used: 741.396
percent fixed: 73.0122
fixing. lower bound used: 742.563
try arc fixing based on heuristic lspl: 87.8395
fixed path dual: -15.6219
alpha: 0.116097
psiStar: 749.546
lagLB: 744.67
||gamma||^2: 42
fixing. lower bound used: 741.812
percent fixed: 73.0122
fixing. lower bound used: 742.563
try arc fixing based on heuristic lspl: 87.7234
fixed path dual: -15.9324
alpha: 0.193475
psiStar: 749.541
lagLB: 743.35
||gamma||^2: 32
fixing. lower bound used: 744.1
percent fixed: 73.0816
fixing. lower bound used: 742.563
try arc fixing based on heuristic lspl: 87.5299
fixed path dual: -15.9751
alpha: 0.148827
psiStar: 749.536
lagLB: 743.136
||gamma||^2: 43
fixing. lower bound used: 743.091
percent fixed: 71.452
fixing. lower bound used: 742.563
try arc fixing based on heuristic lspl: 87.5299
fixed path dual: -15.8424
alpha: 0.22327
psiStar: 749.53
lagLB: 743.949
||gamma||^2: 25
fixing. lower bound used: 743.246
percent fixed: 72.0699
fixing. lower bound used: 742.563
try arc fixing based on heuristic lspl: 87.3067
fixed path dual: -16.3503
alpha: 0.155554
psiStar: 749.525
lagLB: 742.525
||gamma||^2: 45
fixing. lower bound used: 743.768
percent fixed: 72.467
fixing. lower bound used: 742.563
try arc fixing based on heuristic lspl: 87.4622
fixed path dual: -16.5092
alpha: 0.068232
psiStar: 749.52
lagLB: 741.264
||gamma||^2: 121
fixing. lower bound used: 741.596
percent fixed: 72.4763
fixing. lower bound used: 742.563
try arc fixing based on heuristic lspl: 87.6669
fixed path dual: -15.8227
alpha: 0.135787
psiStar: 749.515
lagLB: 744.219
||gamma||^2: 39
fixing. lower bound used: 740.786
percent fixed: 72.4769
fixing. lower bound used: 742.563
try arc fixing based on heuristic lspl: 87.3953
fixed path dual: -16.0564
alpha: 0.201421
psiStar: 749.51
lagLB: 744.273
||gamma||^2: 26
fixing. lower bound used: 744.747
percent fixed: 73.2023
fixing. lower bound used: 742.563
try arc fixing based on heuristic lspl: 87.7982
fixed path dual: -15.9885
alpha: 0.203356
psiStar: 749.505
lagLB: 743.404
||gamma||^2: 30
fixing. lower bound used: 743.064
percent fixed: 73.2042
fixing. lower bound used: 742.563
try arc fixing based on heuristic lspl: 87.3915
fixed path dual: -16.4304
alpha: 0.0634917
psiStar: 749.499
lagLB: 742.007
||gamma||^2: 118
fixing. lower bound used: 743.575
percent fixed: 73.2015
fixing. lower bound used: 742.563
try arc fixing based on heuristic lspl: 87.582
fixed path dual: -16.3203
alpha: 0.0770711
psiStar: 749.494
lagLB: 742.558
||gamma||^2: 90
fixing. lower bound used: 741.857
percent fixed: 70.8493
fixing. lower bound used: 742.563
try arc fixing based on heuristic lspl: 87.7361
fixed path dual: -15.7586
STATS - lpIterations[3] lagIterations[754] sspIterations[3770] numSeparations[390] numCuts[0] compileTime[2] sspSolveTime[140] lpSolveTime[0] lb[745.212] ub[778] numArcs: [159896] numFixed: [115616] time: [1832]
STATS1 - lpIterations[3] lagIterations[754] sspIterations[3770] numSeparations[390] numCuts[0] compileTime[2] sspSolveTime[140] lpSolveTime[0] repairTime[30] cutsTime[0] alphaTime[0] decompTime[0] yellowTime[0] updateTime[0] fixTime[0] lb[745.212] ub[778] numArcs: [159896] numFixed: [115616] time: [1832]
lambda: 0,33.5224,7.76875,50.8179,47.791,25.4845,31.0827,8.77073,32.0577,19.3535,8.13429,21.0573,19.8167,23.4715,15.4404,7.73586,29.1559,27.5829,16.429,31.7934,15.9603,33.6435,18.0206,41.4807,28.8231,42.3785,30.1565,8.30913,20.5286,14.5452,28.9093,13.7411,50.7195,19.5228,
mu: 
srcDuals: 
alpha: 0.111874
psiStar: 749.575
lagLB: 745.212
||gamma||^2: 39
fixing. lower bound used: 742.404
percent fixed: 71.1651
fixing. lower bound used: 742.563
try arc fixing based on heuristic lspl: 87.7361
fixed path dual: -16.0179
alpha: 0.10637
psiStar: 749.57
lagLB: 744.252
||gamma||^2: 50
fixing. lower bound used: 745.001
percent fixed: 73.4464
updating best lambda arc fixing
fixing. lower bound used: 745.001
try arc fixing based on heuristic lspl: 87.5234
fixed path dual: -16.2062
alpha: 0.0647718
psiStar: 749.565
lagLB: 743.736
||gamma||^2: 90
fixing. lower bound used: 744.064
percent fixed: 73.4722
updating best lambda arc fixing
fixing. lower bound used: 744.064
try arc fixing based on heuristic lspl: 87.6529
fixed path dual: -16.0315
alpha: 0.0891342
psiStar: 749.56
lagLB: 744.479
||gamma||^2: 57
fixing. lower bound used: 743.557
percent fixed: 73.479
updating best lambda arc fixing
fixing. lower bound used: 743.557
try arc fixing based on heuristic lspl: 87.6529
fixed path dual: -15.9975
alpha: 0.178384
psiStar: 749.555
lagLB: 744.739
||gamma||^2: 27
fixing. lower bound used: 744.524
percent fixed: 73.478
fixing. lower bound used: 743.557
try arc fixing based on heuristic lspl: 87.2961
fixed path dual: -16.5254
alpha: 0.152532
psiStar: 749.55
lagLB: 742.991
||gamma||^2: 43
fixing. lower bound used: 744.396
percent fixed: 72.5662
fixing. lower bound used: 743.557
try arc fixing based on heuristic lspl: 87.2961
fixed path dual: -16.6216
alpha: 0.0593991
psiStar: 749.545
lagLB: 742.357
||gamma||^2: 121
fixing. lower bound used: 742.224
percent fixed: 72.7621
fixing. lower bound used: 743.557
try arc fixing based on heuristic lspl: 87.4743
fixed path dual: -15.9784
alpha: 0.0730371
psiStar: 749.54
lagLB: 745.158
||gamma||^2: 60
fixing. lower bound used: 741.942
percent fixed: 72.7756
fixing. lower bound used: 743.557
try arc fixing based on heuristic lspl: 87.4743
fixed path dual: -15.9699
alpha: 0.154222
psiStar: 749.535
lagLB: 744.908
||gamma||^2: 30
fixing. lower bound used: 744.724
percent fixed: 73.1332
fixing. lower bound used: 743.557
try arc fixing based on heuristic lspl: 87.4743
fixed path dual: -16.5559
alpha: 0.0852152
psiStar: 749.53
lagLB: 742.286
||gamma||^2: 85
fixing. lower bound used: 744.061
percent fixed: 73.1712
fixing. lower bound used: 743.557
try arc fixing based on heuristic lspl: 87.5595
fixed path dual: -16.2809
alpha: 0.13519
psiStar: 749.525
lagLB: 743.576
||gamma||^2: 44
fixing. lower bound used: 742.188
percent fixed: 73.1725
fixing. lower bound used: 743.557
try arc fixing based on heuristic lspl: 87.2892
fixed path dual: -16.3661
alpha: 0.195857
psiStar: 749.52
lagLB: 744.232
||gamma||^2: 27
fixing. lower bound used: 744.289
percent fixed: 73.1725
fixing. lower bound used: 743.557
try arc fixing based on heuristic lspl: 87.6809
fixed path dual: -16.3238
alpha: 0.144071
psiStar: 749.515
lagLB: 743.464
||gamma||^2: 42
fixing. lower bound used: 743.166
percent fixed: 73.1725
fixing. lower bound used: 743.557
try arc fixing based on heuristic lspl: 87.3927
fixed path dual: -16.395
alpha: 0.190941
psiStar: 749.51
lagLB: 743.973
||gamma||^2: 29
fixing. lower bound used: 744.058
percent fixed: 73.1716
fixing. lower bound used: 743.557
try arc fixing based on heuristic lspl: 87.5837
fixed path dual: -16.5138
alpha: 0.0607433
psiStar: 749.505
lagLB: 743.188
||gamma||^2: 104
fixing. lower bound used: 743.596
percent fixed: 71.9436
fixing. lower bound used: 743.557
try arc fixing based on heuristic lspl: 87.7659
fixed path dual: -16.3261
alpha: 0.0849256
psiStar: 749.5
lagLB: 743.64
||gamma||^2: 69
fixing. lower bound used: 742.635
percent fixed: 72.1422
fixing. lower bound used: 743.557
try arc fixing based on heuristic lspl: 87.8508
fixed path dual: -16.1138
alpha: 0.112109
psiStar: 749.495
lagLB: 744.786
||gamma||^2: 42
fixing. lower bound used: 743.725
percent fixed: 72.0348
fixing. lower bound used: 743.557
try arc fixing based on heuristic lspl: 87.7387
fixed path dual: -16.3075
alpha: 0.181599
psiStar: 749.49
lagLB: 744.042
||gamma||^2: 30
fixing. lower bound used: 744.498
percent fixed: 72.9357
STATS - lpIterations[4] lagIterations[771] sspIterations[3855] numSeparations[394] numCuts[0] compileTime[2] sspSolveTime[143] lpSolveTime[0] lb[745.212] ub[778] numArcs: [160069] numFixed: [118848] time: [1871]
STATS1 - lpIterations[4] lagIterations[771] sspIterations[3855] numSeparations[394] numCuts[0] compileTime[2] sspSolveTime[143] lpSolveTime[0] repairTime[31] cutsTime[0] alphaTime[0] decompTime[0] yellowTime[0] updateTime[0] fixTime[0] lb[745.212] ub[778] numArcs: [160069] numFixed: [118848] time: [1871]
fixing. lower bound used: 743.557
try arc fixing based on heuristic lspl: 87.7387
fixed path dual: -16.5175
alpha: 0.150998
psiStar: 749.485
lagLB: 742.992
||gamma||^2: 43
fixing. lower bound used: 743.545
percent fixed: 72.9609
fixing. lower bound used: 743.557
try arc fixing based on heuristic lspl: 87.7387
fixed path dual: -16.2202
alpha: 0.198173
psiStar: 749.48
lagLB: 744.328
||gamma||^2: 26
fixing. lower bound used: 742.841
percent fixed: 72.9621
fixing. lower bound used: 743.557
try arc fixing based on heuristic lspl: 87.7387
fixed path dual: -16.6953
alpha: 0.0693889
psiStar: 749.475
lagLB: 742.745
||gamma||^2: 97
fixing. lower bound used: 744.102
percent fixed: 73.1051
fixing. lower bound used: 743.557
try arc fixing based on heuristic lspl: 87.8775
fixed path dual: -16.641
alpha: 0.0913155
psiStar: 749.471
lagLB: 742.531
||gamma||^2: 76
fixing. lower bound used: 742.168
percent fixed: 73.1054
fixing. lower bound used: 743.557
try arc fixing based on heuristic lspl: 87.6949
fixed path dual: -16.2749
alpha: 0.112836
psiStar: 749.466
lagLB: 744.727
||gamma||^2: 42
fixing. lower bound used: 742.896
percent fixed: 73.106
fixing. lower bound used: 743.557
try arc fixing based on heuristic lspl: 87.582
fixed path dual: -16.7224
alpha: 0.137934
psiStar: 749.461
lagLB: 743.392
||gamma||^2: 44
fixing. lower bound used: 744.647
percent fixed: 73.2269
fixing. lower bound used: 743.557
try arc fixing based on heuristic lspl: 87.582
fixed path dual: -16.5005
alpha: 0.20922
psiStar: 749.456
lagLB: 744.225
||gamma||^2: 25
fixing. lower bound used: 743.116
percent fixed: 73.23
fixing. lower bound used: 743.557
try arc fixing based on heuristic lspl: 87.3728
fixed path dual: -16.9624
alpha: 0.164084
psiStar: 749.451
lagLB: 743.38
||gamma||^2: 37
fixing. lower bound used: 744.547
percent fixed: 73.354
fixing. lower bound used: 743.557
try arc fixing based on heuristic lspl: 87.5369
fixed path dual: -16.8266
alpha: 0.0682116
psiStar: 749.446
lagLB: 743.239
||gamma||^2: 91
fixing. lower bound used: 742.445
percent fixed: 73.354
fixing. lower bound used: 743.557
try arc fixing based on heuristic lspl: 87.6051
fixed path dual: -16.5977
alpha: 0.17088
psiStar: 749.442
lagLB: 744.315
||gamma||^2: 30
fixing. lower bound used: 743.171
percent fixed: 73.354
fixing. lower bound used: 743.557
try arc fixing based on heuristic lspl: 87.6051
fixed path dual: -16.857
alpha: 0.116853
psiStar: 749.437
lagLB: 743.36
||gamma||^2: 52
fixing. lower bound used: 744.03
percent fixed: 73.354
fixing. lower bound used: 743.557
try arc fixing based on heuristic lspl: 87.722
fixed path dual: -16.5217
alpha: 0.108424
psiStar: 749.432
lagLB: 744.336
||gamma||^2: 47
fixing. lower bound used: 742.659
percent fixed: 73.354
fixing. lower bound used: 743.557
try arc fixing based on heuristic lspl: 87.5051
fixed path dual: -16.7192
alpha: 0.0962889
psiStar: 749.427
lagLB: 744.324
||gamma||^2: 53
fixing. lower bound used: 744.797
percent fixed: 73.5282
updating best lambda arc fixing
fixing. lower bound used: 744.797
try arc fixing based on heuristic lspl: 87.794
fixed path dual: -16.8022
alpha: 0.136239
psiStar: 749.422
lagLB: 743.428
||gamma||^2: 44
fixing. lower bound used: 743.48
percent fixed: 73.5282
fixing. lower bound used: 744.797
try arc fixing based on heuristic lspl: 87.5215
fixed path dual: -16.9061
alpha: 0.0576546
psiStar: 749.418
lagLB: 743.998
||gamma||^2: 94
fixing. lower bound used: 744.191
percent fixed: 73.5362
updating best lambda arc fixing
fixing. lower bound used: 744.191
try arc fixing based on heuristic lspl: 87.5792
fixed path dual: -16.8406
alpha: 0.115617
psiStar: 749.413
lagLB: 744.21
||gamma||^2: 45
fixing. lower bound used: 743.702
percent fixed: 73.5349
fixing. lower bound used: 744.191
try arc fixing based on heuristic lspl: 87.4635
fixed path dual: -16.676
alpha: 0.106914
psiStar: 749.408
lagLB: 744.918
||gamma||^2: 42
fixing. lower bound used: 744.095
percent fixed: 72.4536
fixing. lower bound used: 744.191
try arc fixing based on heuristic lspl: 87.4635
fixed path dual: -16.9388
alpha: 0.0532181
psiStar: 749.403
lagLB: 743.39
||gamma||^2: 113
fixing. lower bound used: 744.2
percent fixed: 72.8492
fixing. lower bound used: 744.191
try arc fixing based on heuristic lspl: 87.6232
fixed path dual: -16.5195
alpha: 0.1648
psiStar: 749.399
lagLB: 745.114
||gamma||^2: 26
fixing. lower bound used: 743.017
percent fixed: 72.3745
fixing. lower bound used: 744.191
try arc fixing based on heuristic lspl: 87.2936
fixed path dual: -17.1751
alpha: 0.100644
psiStar: 749.394
lagLB: 743.154
||gamma||^2: 62
fixing. lower bound used: 744.906
percent fixed: 73.2464
fixing. lower bound used: 744.191
try arc fixing based on heuristic lspl: 87.5955
fixed path dual: -16.7828
alpha: 0.115429
psiStar: 749.389
lagLB: 744.31
||gamma||^2: 44
fixing. lower bound used: 742.349
percent fixed: 73.2513
fixing. lower bound used: 744.191
try arc fixing based on heuristic lspl: 87.5955
fixed path dual: -16.7077
alpha: 0.18257
psiStar: 749.385
lagLB: 744.455
||gamma||^2: 27
fixing. lower bound used: 744.08
percent fixed: 73.2544
fixing. lower bound used: 744.191
try arc fixing based on heuristic lspl: 87.2304
fixed path dual: -17.1412
alpha: 0.0656558
psiStar: 749.38
lagLB: 743.931
||gamma||^2: 83
fixing. lower bound used: 745.195
percent fixed: 73.5223
fixing. lower bound used: 744.191
try arc fixing based on heuristic lspl: 87.3617
fixed path dual: -16.9499
alpha: 0.0776866
psiStar: 749.375
lagLB: 744.559
||gamma||^2: 62
fixing. lower bound used: 743.602
percent fixed: 73.5248
fixing. lower bound used: 744.191
try arc fixing based on heuristic lspl: 87.3617
fixed path dual: -16.7729
alpha: 0.162704
psiStar: 749.371
lagLB: 744.978
||gamma||^2: 27
fixing. lower bound used: 744.093
percent fixed: 73.5248
fixing. lower bound used: 744.191
try arc fixing based on heuristic lspl: 87.6871
fixed path dual: -17.0015
alpha: 0.111467
psiStar: 749.366
lagLB: 743.347
||gamma||^2: 54
fixing. lower bound used: 743.937
percent fixed: 73.5315
fixing. lower bound used: 744.191
try arc fixing based on heuristic lspl: 87.4642
fixed path dual: -16.8131
alpha: 0.185082
psiStar: 749.361
lagLB: 744.734
||gamma||^2: 25
fixing. lower bound used: 743.793
percent fixed: 73.5315
fixing. lower bound used: 744.191
try arc fixing based on heuristic lspl: 87.2791
fixed path dual: -17.3248
alpha: 0.0486393
psiStar: 749.357
lagLB: 743.471
||gamma||^2: 121
fixing. lower bound used: 744.83
percent fixed: 73.5432
updating best lambda arc fixing
fixing. lower bound used: 744.83
try arc fixing based on heuristic lspl: 87.425
fixed path dual: -17.2463
alpha: 0.0626709
psiStar: 749.352
lagLB: 743.524
||gamma||^2: 93
fixing. lower bound used: 743.131
percent fixed: 73.5432
fixing. lower bound used: 744.83
try arc fixing based on heuristic lspl: 87.5504
fixed path dual: -16.8252
alpha: 0.098976
psiStar: 749.348
lagLB: 745.191
||gamma||^2: 42
fixing. lower bound used: 743.085
percent fixed: 73.5432
fixing. lower bound used: 744.83
try arc fixing based on heuristic lspl: 87.5504
fixed path dual: -16.9771
alpha: 0.116947
psiStar: 749.343
lagLB: 744.431
||gamma||^2: 42
fixing. lower bound used: 744.813
percent fixed: 73.5787
updating best lambda arc fixing
fixing. lower bound used: 744.813
try arc fixing based on heuristic lspl: 87.5504
fixed path dual: -17.2374
alpha: 0.128077
psiStar: 749.338
lagLB: 743.831
||gamma||^2: 43
fixing. lower bound used: 744.547
percent fixed: 73.5916
updating best lambda arc fixing
fixing. lower bound used: 744.547
try arc fixing based on heuristic lspl: 87.5504
fixed path dual: -17.1622
alpha: 0.062559
psiStar: 749.334
lagLB: 744.079
||gamma||^2: 84
fixing. lower bound used: 743.474
percent fixed: 73.5916
fixing. lower bound used: 744.547
try arc fixing based on heuristic lspl: 87.6129
fixed path dual: -16.7497
STATS - lpIterations[4] lagIterations[805] sspIterations[4025] numSeparations[397] numCuts[0] compileTime[2] sspSolveTime[149] lpSolveTime[0] lb[745.766] ub[778] numArcs: [160196] numFixed: [120022] time: [1943]
STATS1 - lpIterations[4] lagIterations[805] sspIterations[4025] numSeparations[397] numCuts[0] compileTime[2] sspSolveTime[149] lpSolveTime[0] repairTime[32] cutsTime[0] alphaTime[0] decompTime[0] yellowTime[0] updateTime[0] fixTime[0] lb[745.766] ub[778] numArcs: [160196] numFixed: [120022] time: [1943]
lambda: 0,33.6313,7.87241,51.136,48.4449,25.604,31.2638,8.76699,32.2304,19.6717,8.15453,20.8807,20.1348,23.6041,15.686,7.77884,29.1747,27.5942,16.7802,31.8047,16.1362,33.8505,18.2307,41.8114,28.9426,42.4967,30.2952,8.5094,20.9099,14.6441,29.1604,13.7214,50.9265,19.6657,
mu: 
srcDuals: 
alpha: 0.158471
psiStar: 749.887
lagLB: 745.766
||gamma||^2: 26
fixing. lower bound used: 743.704
percent fixed: 73.5916
fixing. lower bound used: 744.547
try arc fixing based on heuristic lspl: 87.7714
fixed path dual: -17.4682
alpha: 0.114099
psiStar: 749.882
lagLB: 742.808
||gamma||^2: 62
fixing. lower bound used: 744.772
percent fixed: 73.6627
updating best lambda arc fixing
fixing. lower bound used: 744.772
try arc fixing based on heuristic lspl: 87.5432
fixed path dual: -17.4893
alpha: 0.0763331
psiStar: 749.877
lagLB: 742.702
||gamma||^2: 94
fixing. lower bound used: 742.481
percent fixed: 73.6639
updating best lambda arc fixing
fixing. lower bound used: 742.481
try arc fixing based on heuristic lspl: 87.6195
fixed path dual: -16.9852
alpha: 0.192109
psiStar: 749.873
lagLB: 745.07
||gamma||^2: 25
fixing. lower bound used: 742.55
percent fixed: 73.6639
fixing. lower bound used: 742.481
try arc fixing based on heuristic lspl: 87.4274
fixed path dual: -17.6971
alpha: 0.132323
psiStar: 749.868
lagLB: 742.855
||gamma||^2: 53
fixing. lower bound used: 744.813
percent fixed: 73.6713
updating best lambda arc fixing
fixing. lower bound used: 744.813
try arc fixing based on heuristic lspl: 87.5597
fixed path dual: -17.5561
alpha: 0.0616412
psiStar: 749.864
lagLB: 742.898
||gamma||^2: 113
fixing. lower bound used: 741.91
percent fixed: 73.6713
fixing. lower bound used: 744.813
try arc fixing based on heuristic lspl: 87.7447
fixed path dual: -17.0479
alpha: 0.0693065
psiStar: 749.859
lagLB: 745.008
||gamma||^2: 70
fixing. lower bound used: 742.467
percent fixed: 73.6709
fixing. lower bound used: 744.813
try arc fixing based on heuristic lspl: 87.606
fixed path dual: -17.1325
alpha: 0.1069
psiStar: 749.855
lagLB: 744.724
||gamma||^2: 48
fixing. lower bound used: 744.91
percent fixed: 73.1185
fixing. lower bound used: 744.813
try arc fixing based on heuristic lspl: 87.606
fixed path dual: -17.3112
alpha: 0.0724862
psiStar: 749.85
lagLB: 743.617
||gamma||^2: 86
fixing. lower bound used: 744.052
percent fixed: 72.8783
fixing. lower bound used: 744.813
try arc fixing based on heuristic lspl: 87.606
fixed path dual: -17.1147
alpha: 0.100037
psiStar: 749.846
lagLB: 744.744
||gamma||^2: 51
fixing. lower bound used: 743.762
percent fixed: 72.8697
fixing. lower bound used: 744.813
try arc fixing based on heuristic lspl: 87.406
fixed path dual: -17.3727
alpha: 0.149705
psiStar: 749.842
lagLB: 743.554
||gamma||^2: 42
fixing. lower bound used: 744.175
percent fixed: 73.0996
fixing. lower bound used: 744.813
try arc fixing based on heuristic lspl: 87.7054
fixed path dual: -17.1197
alpha: 0.187223
psiStar: 749.837
lagLB: 744.22
||gamma||^2: 30
fixing. lower bound used: 742.955
percent fixed: 73.1008
fixing. lower bound used: 744.813
try arc fixing based on heuristic lspl: 87.3309
fixed path dual: -17.454
alpha: 0.0895222
psiStar: 749.833
lagLB: 743.298
||gamma||^2: 73
fixing. lower bound used: 744.126
percent fixed: 73.1131
fixing. lower bound used: 744.813
try arc fixing based on heuristic lspl: 87.51
fixed path dual: -17.0209
alpha: 0.105525
psiStar: 749.828
lagLB: 744.658
||gamma||^2: 49
fixing. lower bound used: 742.492
percent fixed: 72.8684
fixing. lower bound used: 744.813
try arc fixing based on heuristic lspl: 87.6155
fixed path dual: -17.0282
alpha: 0.152699
psiStar: 749.824
lagLB: 744.937
||gamma||^2: 32
fixing. lower bound used: 744.839
percent fixed: 73.2556
fixing. lower bound used: 744.813
try arc fixing based on heuristic lspl: 87.6155
fixed path dual: -17.2143
alpha: 0.223561
psiStar: 749.819
lagLB: 744.007
||gamma||^2: 26
fixing. lower bound used: 744.407
percent fixed: 73.514
fixing. lower bound used: 744.813
try arc fixing based on heuristic lspl: 87.3919
fixed path dual: -17.5365
alpha: 0.225096
psiStar: 749.815
lagLB: 743.737
||gamma||^2: 27
fixing. lower bound used: 744.322
percent fixed: 73.5452
fixing. lower bound used: 744.813
try arc fixing based on heuristic lspl: 87.8421
fixed path dual: -17.4062
alpha: 0.0744011
psiStar: 749.811
lagLB: 743.263
||gamma||^2: 88
fixing. lower bound used: 742.612
percent fixed: 73.5441
fixing. lower bound used: 744.813
try arc fixing based on heuristic lspl: 87.6933
fixed path dual: -17.3332
alpha: 0.217789
psiStar: 749.806
lagLB: 743.926
||gamma||^2: 27
fixing. lower bound used: 743.386
percent fixed: 73.5441
fixing. lower bound used: 744.813
try arc fixing based on heuristic lspl: 87.2578
fixed path dual: -17.7225
alpha: 0.0758777
psiStar: 749.802
lagLB: 743.504
||gamma||^2: 83
fixing. lower bound used: 744.509
percent fixed: 73.5471
fixing. lower bound used: 744.813
try arc fixing based on heuristic lspl: 87.4095
fixed path dual: -17.7904
alpha: 0.0547829
psiStar: 749.797
lagLB: 742.785
||gamma||^2: 128
fixing. lower bound used: 742.876
percent fixed: 73.5444
fixing. lower bound used: 744.813
try arc fixing based on heuristic lspl: 87.6834
fixed path dual: -17.3524
alpha: 0.068623
psiStar: 749.793
lagLB: 744.646
||gamma||^2: 75
fixing. lower bound used: 742.457
percent fixed: 72.8629
fixing. lower bound used: 744.813
try arc fixing based on heuristic lspl: 87.5462
fixed path dual: -17.3204
alpha: 0.0733377
psiStar: 749.789
lagLB: 744.875
||gamma||^2: 67
fixing. lower bound used: 744.65
percent fixed: 73.2462
fixing. lower bound used: 744.813
try arc fixing based on heuristic lspl: 87.6929
fixed path dual: -17.3018
alpha: 0.117797
psiStar: 749.784
lagLB: 744.601
||gamma||^2: 44
fixing. lower bound used: 744.426
percent fixed: 73.3301
fixing. lower bound used: 744.813
try arc fixing based on heuristic lspl: 87.4573
fixed path dual: -17.3596
alpha: 0.0843878
psiStar: 749.78
lagLB: 744.548
||gamma||^2: 62
fixing. lower bound used: 744.519
percent fixed: 73.3595
fixing. lower bound used: 744.813
try arc fixing based on heuristic lspl: 87.2885
fixed path dual: -17.6307
alpha: 0.147705
psiStar: 749.776
lagLB: 743.868
||gamma||^2: 40
fixing. lower bound used: 744.61
percent fixed: 73.362
fixing. lower bound used: 744.813
try arc fixing based on heuristic lspl: 87.7316
fixed path dual: -17.3642
alpha: 0.113703
psiStar: 749.772
lagLB: 744.314
||gamma||^2: 48
fixing. lower bound used: 742.981
percent fixed: 73.362
fixing. lower bound used: 744.813
try arc fixing based on heuristic lspl: 87.5042
fixed path dual: -17.4884
alpha: 0.0526757
psiStar: 749.767
lagLB: 743.92
||gamma||^2: 111
fixing. lower bound used: 744.157
percent fixed: 73.3614
fixing. lower bound used: 744.813
try arc fixing based on heuristic lspl: 87.6622
fixed path dual: -17.3581
alpha: 0.1183
psiStar: 749.763
lagLB: 744.203
||gamma||^2: 47
fixing. lower bound used: 743.471
percent fixed: 72.8722
fixing. lower bound used: 744.813
try arc fixing based on heuristic lspl: 87.6622
fixed path dual: -17.431
alpha: 0.104483
psiStar: 749.759
lagLB: 744.43
||gamma||^2: 51
fixing. lower bound used: 744.552
percent fixed: 73.2609
fixing. lower bound used: 744.813
try arc fixing based on heuristic lspl: 87.4533
fixed path dual: -17.6542
alpha: 0.0523628
psiStar: 749.754
lagLB: 743.418
||gamma||^2: 121
fixing. lower bound used: 744.004
percent fixed: 73.2671
fixing. lower bound used: 744.813
try arc fixing based on heuristic lspl: 87.6103
fixed path dual: -17.2463
alpha: 0.0480292
psiStar: 749.75
lagLB: 745.091
||gamma||^2: 97
fixing. lower bound used: 743.052
percent fixed: 73.2671
fixing. lower bound used: 744.813
try arc fixing based on heuristic lspl: 87.7064
fixed path dual: -17.1603
alpha: 0.0950092
psiStar: 749.746
lagLB: 745.185
||gamma||^2: 48
fixing. lower bound used: 744.755
percent fixed: 73.3638
fixing. lower bound used: 744.813
try arc fixing based on heuristic lspl: 87.5164
fixed path dual: -17.4707
alpha: 0.198391
psiStar: 749.742
lagLB: 744.583
||gamma||^2: 26
fixing. lower bound used: 745.347
percent fixed: 73.616
fixing. lower bound used: 744.813
try arc fixing based on heuristic lspl: 87.7148
fixed path dual: -17.4563
alpha: 0.195849
psiStar: 749.737
lagLB: 743.862
||gamma||^2: 30
fixing. lower bound used: 743.771
percent fixed: 73.6172
fixing. lower bound used: 744.813
try arc fixing based on heuristic lspl: 87.7148
fixed path dual: -17.5012
alpha: 0.190135
psiStar: 749.733
lagLB: 744.029
||gamma||^2: 30
fixing. lower bound used: 744.038
percent fixed: 73.6172
fixing. lower bound used: 744.813
try arc fixing based on heuristic lspl: 87.7148
fixed path dual: -17.7912
alpha: 0.0632747
psiStar: 749.729
lagLB: 742.579
||gamma||^2: 113
fixing. lower bound used: 743.55
percent fixed: 73.6145
fixing. lower bound used: 744.813
try arc fixing based on heuristic lspl: 87.8413
fixed path dual: -17.6136
alpha: 0.123947
psiStar: 749.725
lagLB: 743.403
||gamma||^2: 51
fixing. lower bound used: 742.516
percent fixed: 72.8559
fixing. lower bound used: 744.813
try arc fixing based on heuristic lspl: 87.5934
fixed path dual: -17.4368
alpha: 0.159894
psiStar: 749.721
lagLB: 745.403
||gamma||^2: 27
fixing. lower bound used: 744.519
percent fixed: 72.9026
fixing. lower bound used: 744.813
try arc fixing based on heuristic lspl: 87.5934
fixed path dual: -17.8308
alpha: 0.157271
psiStar: 749.716
lagLB: 742.954
||gamma||^2: 43
fixing. lower bound used: 743.981
percent fixed: 73.1282
fixing. lower bound used: 744.813
try arc fixing based on heuristic lspl: 87.5934
fixed path dual: -17.4357
alpha: 0.0866722
psiStar: 749.712
lagLB: 744.772
||gamma||^2: 57
fixing. lower bound used: 742.796
percent fixed: 73.1294
fixing. lower bound used: 744.813
try arc fixing based on heuristic lspl: 87.6801
fixed path dual: -17.5926
alpha: 0.0709221
psiStar: 749.708
lagLB: 744.247
||gamma||^2: 77
fixing. lower bound used: 744.755
percent fixed: 73.2891
fixing. lower bound used: 744.813
try arc fixing based on heuristic lspl: 87.751
fixed path dual: -17.4004
alpha: 0.079243
psiStar: 749.704
lagLB: 744.712
||gamma||^2: 63
fixing. lower bound used: 743.751
percent fixed: 73.2897
fixing. lower bound used: 744.813
try arc fixing based on heuristic lspl: 87.5925
fixed path dual: -17.5128
alpha: 0.0995379
psiStar: 749.7
lagLB: 745.021
||gamma||^2: 47
fixing. lower bound used: 745.292
percent fixed: 73.656
fixing. lower bound used: 744.813
try arc fixing based on heuristic lspl: 87.5925
fixed path dual: -17.8157
alpha: 0.0785987
psiStar: 749.696
lagLB: 743.408
||gamma||^2: 80
fixing. lower bound used: 744.433
percent fixed: 73.659
fixing. lower bound used: 744.813
try arc fixing based on heuristic lspl: 87.4353
fixed path dual: -17.4258
alpha: 0.139244
psiStar: 749.691
lagLB: 745.514
||gamma||^2: 30
fixing. lower bound used: 743.565
percent fixed: 73.659
fixing. lower bound used: 744.813
try arc fixing based on heuristic lspl: 87.4353
fixed path dual: -18.0321
alpha: 0.0359344
psiStar: 749.687
lagLB: 743.039
||gamma||^2: 185
fixing. lower bound used: 745.03
percent fixed: 73.696
updating best lambda arc fixing
fixing. lower bound used: 745.03
try arc fixing based on heuristic lspl: 87.4713
fixed path dual: -17.5177
alpha: 0.0523213
psiStar: 749.683
lagLB: 745.288
||gamma||^2: 84
fixing. lower bound used: 742.716
percent fixed: 73.0879
fixing. lower bound used: 745.03
try arc fixing based on heuristic lspl: 87.5236
fixed path dual: -17.54
alpha: 0.0426218
psiStar: 749.679
lagLB: 744.863
||gamma||^2: 113
fixing. lower bound used: 744.827
percent fixed: 73.3518
fixing. lower bound used: 745.03
try arc fixing based on heuristic lspl: 87.6515
fixed path dual: -17.3398
alpha: 0.136982
psiStar: 749.675
lagLB: 745.565
||gamma||^2: 30
fixing. lower bound used: 744.564
percent fixed: 73.4013
fixing. lower bound used: 745.03
try arc fixing based on heuristic lspl: 87.3775
fixed path dual: -17.8919
alpha: 0.134429
psiStar: 749.671
lagLB: 743.353
||gamma||^2: 47
fixing. lower bound used: 744.879
percent fixed: 73.4679
fixing. lower bound used: 745.03
try arc fixing based on heuristic lspl: 87.6464
fixed path dual: -17.5001
alpha: 0.104729
psiStar: 749.667
lagLB: 744.64
||gamma||^2: 48
fixing. lower bound used: 742.681
percent fixed: 73.4679
fixing. lower bound used: 745.03
try arc fixing based on heuristic lspl: 87.4369
fixed path dual: -17.6799
alpha: 0.0812429
psiStar: 749.663
lagLB: 744.788
||gamma||^2: 60
fixing. lower bound used: 745.165
percent fixed: 73.5311
fixing. lower bound used: 745.03
try arc fixing based on heuristic lspl: 87.3556
fixed path dual: -17.8584
alpha: 0.0548861
psiStar: 749.659
lagLB: 743.896
||gamma||^2: 105
fixing. lower bound used: 744.478
percent fixed: 73.0979
fixing. lower bound used: 745.03
try arc fixing based on heuristic lspl: 87.5203
fixed path dual: -17.7358
alpha: 0.0469961
psiStar: 749.655
lagLB: 744.344
||gamma||^2: 113
fixing. lower bound used: 743.731
percent fixed: 73.0863
fixing. lower bound used: 745.03
try arc fixing based on heuristic lspl: 87.6613
fixed path dual: -17.4337
alpha: 0.108558
psiStar: 749.651
lagLB: 745.525
||gamma||^2: 38
fixing. lower bound used: 744.015
percent fixed: 73.3029
fixing. lower bound used: 745.03
try arc fixing based on heuristic lspl: 87.4442
fixed path dual: -17.6339
alpha: 0.165589
psiStar: 749.646
lagLB: 745.176
||gamma||^2: 27
fixing. lower bound used: 745.627
percent fixed: 73.9004
updating best lambda arc fixing
fixing. lower bound used: 745.627
try arc fixing based on heuristic lspl: 87.4442
fixed path dual: -17.7574
alpha: 0.084677
psiStar: 749.642
lagLB: 744.392
||gamma||^2: 62
fixing. lower bound used: 744.701
percent fixed: 73.9303
updating best lambda arc fixing
fixing. lower bound used: 744.701
try arc fixing based on heuristic lspl: 87.4442
fixed path dual: -17.7161
alpha: 0.0815792
psiStar: 749.638
lagLB: 744.091
||gamma||^2: 68
fixing. lower bound used: 743.793
percent fixed: 73.9305
updating best lambda arc fixing
fixing. lower bound used: 743.793
try arc fixing based on heuristic lspl: 87.281
fixed path dual: -17.5636
alpha: 0.0917371
psiStar: 749.634
lagLB: 745.506
||gamma||^2: 45
fixing. lower bound used: 744.683
percent fixed: 72.7467
fixing. lower bound used: 743.793
try arc fixing based on heuristic lspl: 87.5562
fixed path dual: -17.7427
alpha: 0.0830027
psiStar: 749.63
lagLB: 744.152
||gamma||^2: 66
fixing. lower bound used: 744.703
percent fixed: 73.2152
fixing. lower bound used: 743.793
try arc fixing based on heuristic lspl: 87.3902
fixed path dual: -17.5275
alpha: 0.156764
psiStar: 749.626
lagLB: 745.394
||gamma||^2: 27
fixing. lower bound used: 744.318
percent fixed: 72.4431
fixing. lower bound used: 743.793
try arc fixing based on heuristic lspl: 87.3902
fixed path dual: -18.3831
alpha: 0.047669
psiStar: 749.622
lagLB: 741.9
||gamma||^2: 162
fixing. lower bound used: 744.924
percent fixed: 73.2834
fixing. lower bound used: 743.793
try arc fixing based on heuristic lspl: 87.5332
fixed path dual: -17.7831
alpha: 0.106252
psiStar: 749.618
lagLB: 744.518
||gamma||^2: 48
fixing. lower bound used: 741.519
percent fixed: 71.9486
fixing. lower bound used: 743.793
try arc fixing based on heuristic lspl: 87.3207
fixed path dual: -17.8505
alpha: 0.0461971
psiStar: 749.614
lagLB: 744.394
||gamma||^2: 113
fixing. lower bound used: 744.489
percent fixed: 72.854
fixing. lower bound used: 743.793
try arc fixing based on heuristic lspl: 87.4593
fixed path dual: -17.7989
alpha: 0.0628774
psiStar: 749.61
lagLB: 744.329
||gamma||^2: 84
fixing. lower bound used: 744.047
percent fixed: 72.9163
fixing. lower bound used: 743.793
try arc fixing based on heuristic lspl: 87.5851
fixed path dual: -17.5032
alpha: 0.162046
psiStar: 749.607
lagLB: 745.555
||gamma||^2: 25
fixing. lower bound used: 744.077
percent fixed: 72.9835
fixing. lower bound used: 743.793
try arc fixing based on heuristic lspl: 87.423
fixed path dual: -18.1398
alpha: 0.115009
psiStar: 749.603
lagLB: 743.507
||gamma||^2: 53
fixing. lower bound used: 745.183
percent fixed: 73.4816
fixing. lower bound used: 743.793
try arc fixing based on heuristic lspl: 87.538
fixed path dual: -17.9537
alpha: 0.0448165
psiStar: 749.599
lagLB: 743.862
||gamma||^2: 128
fixing. lower bound used: 742.778
percent fixed: 73.4832
fixing. lower bound used: 743.793
try arc fixing based on heuristic lspl: 87.6725
fixed path dual: -17.5461
alpha: 0.079464
psiStar: 749.595
lagLB: 745.542
||gamma||^2: 51
fixing. lower bound used: 743.504
percent fixed: 72.0437
fixing. lower bound used: 743.793
try arc fixing based on heuristic lspl: 87.5136
fixed path dual: -17.7519
alpha: 0.119016
psiStar: 749.591
lagLB: 744.592
||gamma||^2: 42
fixing. lower bound used: 745.183
percent fixed: 73.4175
fixing. lower bound used: 743.793
try arc fixing based on heuristic lspl: 87.6326
fixed path dual: -17.7292
alpha: 0.142194
psiStar: 749.587
lagLB: 744.468
||gamma||^2: 36
fixing. lower bound used: 744.224
percent fixed: 73.4303
fixing. lower bound used: 743.793
try arc fixing based on heuristic lspl: 87.3482
fixed path dual: -17.8917
alpha: 0.184233
psiStar: 749.583
lagLB: 744.793
||gamma||^2: 26
fixing. lower bound used: 745.16
percent fixed: 73.5255
fixing. lower bound used: 743.793
try arc fixing based on heuristic lspl: 87.5324
fixed path dual: -18.1425
alpha: 0.0811228
psiStar: 749.579
lagLB: 743.17
||gamma||^2: 79
fixing. lower bound used: 744.066
percent fixed: 73.5377
fixing. lower bound used: 743.793
try arc fixing based on heuristic lspl: 87.6947
fixed path dual: -17.6625
alpha: 0.103929
psiStar: 749.575
lagLB: 745.002
||gamma||^2: 44
fixing. lower bound used: 742.602
percent fixed: 73.5377
fixing. lower bound used: 743.793
try arc fixing based on heuristic lspl: 87.4868
fixed path dual: -17.8355
alpha: 0.170461
psiStar: 749.571
lagLB: 744.969
||gamma||^2: 27
fixing. lower bound used: 745.34
percent fixed: 73.6597
fixing. lower bound used: 743.793
try arc fixing based on heuristic lspl: 87.4868
fixed path dual: -17.9637
alpha: 0.138718
psiStar: 749.567
lagLB: 744.157
||gamma||^2: 39
fixing. lower bound used: 744.453
percent fixed: 73.6768
fixing. lower bound used: 743.793
try arc fixing based on heuristic lspl: 87.2094
fixed path dual: -17.9017
alpha: 0.137497
psiStar: 749.564
lagLB: 745.439
||gamma||^2: 30
fixing. lower bound used: 745.128
percent fixed: 73.7707
fixing. lower bound used: 743.793
try arc fixing based on heuristic lspl: 87.2094
fixed path dual: -18.4663
alpha: 0.0598638
psiStar: 749.56
lagLB: 742.615
||gamma||^2: 116
fixing. lower bound used: 744.628
percent fixed: 73.7766
fixing. lower bound used: 743.793
try arc fixing based on heuristic lspl: 87.389
fixed path dual: -17.9713
alpha: 0.0668131
psiStar: 749.556
lagLB: 744.612
||gamma||^2: 74
fixing. lower bound used: 742.137
percent fixed: 71.9581
fixing. lower bound used: 743.793
try arc fixing based on heuristic lspl: 87.2553
fixed path dual: -18.0096
alpha: 0.0408782
psiStar: 749.552
lagLB: 744.687
||gamma||^2: 119
fixing. lower bound used: 744.664
percent fixed: 72.9633
fixing. lower bound used: 743.793
try arc fixing based on heuristic lspl: 87.4189
fixed path dual: -17.8851
alpha: 0.0638684
psiStar: 749.548
lagLB: 745.269
||gamma||^2: 67
fixing. lower bound used: 744.633
percent fixed: 72.7626
fixing. lower bound used: 743.793
try arc fixing based on heuristic lspl: 87.4827
fixed path dual: -17.7106
alpha: 0.148072
psiStar: 749.544
lagLB: 745.694
||gamma||^2: 26
fixing. lower bound used: 744.822
percent fixed: 72.823
fixing. lower bound used: 743.793
try arc fixing based on heuristic lspl: 87.3346
fixed path dual: -18.2404
alpha: 0.165956
psiStar: 749.54
lagLB: 744.23
||gamma||^2: 32
fixing. lower bound used: 745.522
percent fixed: 73.7847
fixing. lower bound used: 743.793
try arc fixing based on heuristic lspl: 87.5006
fixed path dual: -18.1218
alpha: 0.0576731
psiStar: 749.537
lagLB: 743.827
||gamma||^2: 99
fixing. lower bound used: 743.091
percent fixed: 73.7883
fixing. lower bound used: 743.793
try arc fixing based on heuristic lspl: 87.6159
fixed path dual: -17.9664
alpha: 0.127848
psiStar: 749.533
lagLB: 744.547
||gamma||^2: 39
fixing. lower bound used: 743.769
percent fixed: 72.1044
fixing. lower bound used: 743.793
try arc fixing based on heuristic lspl: 87.3603
fixed path dual: -18.1642
alpha: 0.185424
psiStar: 749.529
lagLB: 744.708
||gamma||^2: 26
fixing. lower bound used: 745.168
percent fixed: 73.4348
STATS - lpIterations[5] lagIterations[891] sspIterations[4455] numSeparations[426] numCuts[0] compileTime[2] sspSolveTime[163] lpSolveTime[0] lb[745.766] ub[778] numArcs: [161035] numFixed: [120494] time: [2145]
STATS1 - lpIterations[5] lagIterations[891] sspIterations[4455] numSeparations[426] numCuts[0] compileTime[2] sspSolveTime[163] lpSolveTime[0] repairTime[35] cutsTime[0] alphaTime[0] decompTime[0] yellowTime[0] updateTime[0] fixTime[0] lb[745.766] ub[778] numArcs: [161035] numFixed: [120494] time: [2145]
fixing. lower bound used: 743.793
try arc fixing based on heuristic lspl: 87.7311
fixed path dual: -18.0224
alpha: 0.200786
psiStar: 749.525
lagLB: 744.305
||gamma||^2: 26
fixing. lower bound used: 743.595
percent fixed: 73.4397
fixing. lower bound used: 743.793
try arc fixing based on heuristic lspl: 87.3295
fixed path dual: -18.4267
alpha: 0.134093
psiStar: 749.521
lagLB: 743.89
||gamma||^2: 42
fixing. lower bound used: 745.002
percent fixed: 73.4433
fixing. lower bound used: 743.793
try arc fixing based on heuristic lspl: 87.4636
fixed path dual: -18.3685
alpha: 0.0728004
psiStar: 749.518
lagLB: 743.912
||gamma||^2: 77
fixing. lower bound used: 743.213
percent fixed: 73.4433
fixing. lower bound used: 743.793
try arc fixing based on heuristic lspl: 87.318
fixed path dual: -18.1278
alpha: 0.0816141
psiStar: 749.514
lagLB: 745.188
||gamma||^2: 53
fixing. lower bound used: 743.985
percent fixed: 73.4433
fixing. lower bound used: 743.793
try arc fixing based on heuristic lspl: 87.5629
fixed path dual: -17.8096
STATS - lpIterations[5] lagIterations[896] sspIterations[4480] numSeparations[426] numCuts[0] compileTime[2] sspSolveTime[163] lpSolveTime[0] lb[746.045] ub[778] numArcs: [161035] numFixed: [120508] time: [2154]
STATS1 - lpIterations[5] lagIterations[896] sspIterations[4480] numSeparations[426] numCuts[0] compileTime[2] sspSolveTime[163] lpSolveTime[0] repairTime[35] cutsTime[0] alphaTime[0] decompTime[0] yellowTime[0] updateTime[0] fixTime[0] lb[746.045] ub[778] numArcs: [161035] numFixed: [120508] time: [2154]
lambda: 0,33.7728,7.73022,51.7995,48.6861,25.5789,31.5412,8.88094,32.42,19.7449,8.23719,21.0813,20.5015,23.6094,15.8211,7.73332,29.3193,27.785,16.9392,31.7858,16.6732,34.0443,18.1984,42.127,29.3884,42.7591,30.5086,8.65086,20.8773,14.9752,29.4204,13.9281,51.0655,19.509,
mu: 
srcDuals: 
alpha: 0.149808
psiStar: 749.79
lagLB: 746.045
||gamma||^2: 25
fixing. lower bound used: 744.454
percent fixed: 73.4506
fixing. lower bound used: 743.793
try arc fixing based on heuristic lspl: 87.4131
fixed path dual: -18.533
alpha: 0.146736
psiStar: 749.786
lagLB: 743.477
||gamma||^2: 43
fixing. lower bound used: 745.418
percent fixed: 73.695
fixing. lower bound used: 743.793
try arc fixing based on heuristic lspl: 87.4131
fixed path dual: -18.6241
alpha: 0.0570912
psiStar: 749.783
lagLB: 742.875
||gamma||^2: 121
fixing. lower bound used: 742.947
percent fixed: 73.6956
fixing. lower bound used: 743.793
try arc fixing based on heuristic lspl: 87.5843
fixed path dual: -18.0479
alpha: 0.0921537
psiStar: 749.779
lagLB: 745.356
||gamma||^2: 48
fixing. lower bound used: 742.475
percent fixed: 73.6956
fixing. lower bound used: 743.793
try arc fixing based on heuristic lspl: 87.4
fixed path dual: -18.2106
alpha: 0.168284
psiStar: 749.775
lagLB: 744.727
||gamma||^2: 30
fixing. lower bound used: 745.12
percent fixed: 73.7261
fixing. lower bound used: 743.793
try arc fixing based on heuristic lspl: 87.7366
fixed path dual: -18.2987
alpha: 0.123872
psiStar: 749.771
lagLB: 743.949
||gamma||^2: 47
fixing. lower bound used: 744.146
percent fixed: 73.7352
fixing. lower bound used: 743.793
try arc fixing based on heuristic lspl: 87.4888
fixed path dual: -18.1472
alpha: 0.0931522
psiStar: 749.768
lagLB: 744.831
||gamma||^2: 53
fixing. lower bound used: 744.073
percent fixed: 73.7334
fixing. lower bound used: 743.793
try arc fixing based on heuristic lspl: 87.6752
fixed path dual: -18.2525
alpha: 0.0441943
psiStar: 749.764
lagLB: 744.77
||gamma||^2: 113
fixing. lower bound used: 744.942
percent fixed: 72.9903
fixing. lower bound used: 743.793
try arc fixing based on heuristic lspl: 87.8077
fixed path dual: -18.0281
alpha: 0.0870357
psiStar: 749.76
lagLB: 745.583
||gamma||^2: 48
fixing. lower bound used: 744.461
percent fixed: 73.235
fixing. lower bound used: 743.793
try arc fixing based on heuristic lspl: 87.6337
fixed path dual: -18.2558
alpha: 0.0815583
psiStar: 749.757
lagLB: 744.618
||gamma||^2: 63
fixing. lower bound used: 745.218
percent fixed: 73.4825
fixing. lower bound used: 743.793
try arc fixing based on heuristic lspl: 87.7152
fixed path dual: -18.0115
alpha: 0.0723244
psiStar: 749.753
lagLB: 745.269
||gamma||^2: 62
fixing. lower bound used: 743.985
percent fixed: 72.1422
fixing. lower bound used: 743.793
try arc fixing based on heuristic lspl: 87.5706
fixed path dual: -17.9719
STATS - lpIterations[5] lagIterations[907] sspIterations[4535] numSeparations[430] numCuts[0] compileTime[2] sspSolveTime[165] lpSolveTime[0] lb[746.046] ub[778] numArcs: [161277] numFixed: [117943] time: [2181]
STATS1 - lpIterations[5] lagIterations[907] sspIterations[4535] numSeparations[430] numCuts[0] compileTime[2] sspSolveTime[165] lpSolveTime[0] repairTime[36] cutsTime[0] alphaTime[0] decompTime[0] yellowTime[0] updateTime[0] fixTime[0] lb[746.046] ub[778] numArcs: [161277] numFixed: [117943] time: [2181]
lambda: 0,33.7379,7.69051,51.9053,48.5687,25.5932,31.6646,9.09141,32.4773,19.6876,8.37394,21.1324,20.4441,23.6646,15.7483,7.87761,29.3612,27.9869,16.904,31.9877,16.542,34.0459,18.2402,42.0921,29.3105,42.8878,30.412,8.70812,20.8674,14.9696,29.3425,13.8786,51.1602,19.5509,
mu: 
srcDuals: 
alpha: 0.0726333
psiStar: 749.75
lagLB: 746.046
||gamma||^2: 51
fixing. lower bound used: 745.847
percent fixed: 73.7235
fixing. lower bound used: 743.793
try arc fixing based on heuristic lspl: 87.4253
fixed path dual: -18.1454
alpha: 0.0548203
psiStar: 749.746
lagLB: 745.251
||gamma||^2: 82
fixing. lower bound used: 745.706
percent fixed: 74.1391
updating best lambda arc fixing
fixing. lower bound used: 745.706
try arc fixing based on heuristic lspl: 87.5349
fixed path dual: -18.1901
alpha: 0.0607738
psiStar: 749.743
lagLB: 744.698
||gamma||^2: 83
fixing. lower bound used: 744.733
percent fixed: 74.1421
updating best lambda arc fixing
fixing. lower bound used: 744.733
try arc fixing based on heuristic lspl: 87.6565
fixed path dual: -18.0418
alpha: 0.104609
psiStar: 749.739
lagLB: 745.136
||gamma||^2: 44
fixing. lower bound used: 744.394
percent fixed: 74.1421
fixing. lower bound used: 744.733
try arc fixing based on heuristic lspl: 87.4473
fixed path dual: -18.267
alpha: 0.181063
psiStar: 749.735
lagLB: 744.847
||gamma||^2: 27
fixing. lower bound used: 745.379
percent fixed: 74.1488
updating best lambda arc fixing
fixing. lower bound used: 745.379
try arc fixing based on heuristic lspl: 87.4473
fixed path dual: -18.357
alpha: 0.10607
psiStar: 749.732
lagLB: 744.216
||gamma||^2: 52
fixing. lower bound used: 744.413
percent fixed: 74.1488
fixing. lower bound used: 745.379
try arc fixing based on heuristic lspl: 87.5533
fixed path dual: -18.3177
alpha: 0.104424
psiStar: 749.728
lagLB: 743.776
||gamma||^2: 57
fixing. lower bound used: 743.257
percent fixed: 74.1461
fixing. lower bound used: 745.379
try arc fixing based on heuristic lspl: 87.5533
fixed path dual: -18.083
alpha: 0.0989082
psiStar: 749.724
lagLB: 745.471
||gamma||^2: 43
fixing. lower bound used: 744.298
percent fixed: 73.4287
fixing. lower bound used: 745.379
try arc fixing based on heuristic lspl: 87.5533
fixed path dual: -18.3343
alpha: 0.0675287
psiStar: 749.721
lagLB: 744.116
||gamma||^2: 83
fixing. lower bound used: 744.841
percent fixed: 73.647
fixing. lower bound used: 745.379
try arc fixing based on heuristic lspl: 87.6884
fixed path dual: -18.0678
alpha: 0.0852984
psiStar: 749.717
lagLB: 745.111
||gamma||^2: 54
fixing. lower bound used: 743.778
percent fixed: 73.6488
fixing. lower bound used: 745.379
try arc fixing based on heuristic lspl: 87.5178
fixed path dual: -18.0275
alpha: 0.135331
psiStar: 749.713
lagLB: 745.654
||gamma||^2: 30
fixing. lower bound used: 745.417
percent fixed: 73.8446
fixing. lower bound used: 745.379
try arc fixing based on heuristic lspl: 87.2471
fixed path dual: -18.485
alpha: 0.0479549
psiStar: 749.71
lagLB: 743.907
||gamma||^2: 121
fixing. lower bound used: 745.479
percent fixed: 73.8848
fixing. lower bound used: 745.379
try arc fixing based on heuristic lspl: 87.391
fixed path dual: -18.1546
alpha: 0.114933
psiStar: 749.706
lagLB: 745.224
||gamma||^2: 39
fixing. lower bound used: 743.572
percent fixed: 73.8848
fixing. lower bound used: 745.379
try arc fixing based on heuristic lspl: 87.391
fixed path dual: -18.2457
alpha: 0.0765073
psiStar: 749.703
lagLB: 744.653
||gamma||^2: 66
fixing. lower bound used: 744.851
percent fixed: 73.8848
fixing. lower bound used: 745.379
try arc fixing based on heuristic lspl: 87.544
fixed path dual: -18.087
alpha: 0.0436247
psiStar: 749.699
lagLB: 744.988
||gamma||^2: 108
fixing. lower bound used: 744.194
percent fixed: 73.8848
fixing. lower bound used: 745.379
try arc fixing based on heuristic lspl: 87.6749
fixed path dual: -17.9981
alpha: 0.100263
psiStar: 749.696
lagLB: 745.083
||gamma||^2: 46
fixing. lower bound used: 744.626
percent fixed: 73.884
fixing. lower bound used: 745.379
try arc fixing based on heuristic lspl: 87.4744
fixed path dual: -18.1248
alpha: 0.100948
psiStar: 749.692
lagLB: 745.452
||gamma||^2: 42
fixing. lower bound used: 745.772
percent fixed: 73.7225
fixing. lower bound used: 745.379
try arc fixing based on heuristic lspl: 87.4744
fixed path dual: -18.0422
alpha: 0.0962797
psiStar: 749.688
lagLB: 745.26
||gamma||^2: 46
fixing. lower bound used: 744.846
percent fixed: 73.4751
fixing. lower bound used: 745.379
try arc fixing based on heuristic lspl: 87.4744
fixed path dual: -18.014
alpha: 0.164771
psiStar: 749.685
lagLB: 745.401
||gamma||^2: 26
fixing. lower bound used: 745.111
percent fixed: 73.7395
fixing. lower bound used: 745.379
try arc fixing based on heuristic lspl: 87.4744
fixed path dual: -18.733
alpha: 0.0759635
psiStar: 749.681
lagLB: 742.465
||gamma||^2: 95
fixing. lower bound used: 744.83
percent fixed: 73.8082
fixing. lower bound used: 745.379
try arc fixing based on heuristic lspl: 87.6263
fixed path dual: -18.2406
alpha: 0.0838546
psiStar: 749.678
lagLB: 744.395
||gamma||^2: 63
fixing. lower bound used: 741.933
percent fixed: 73.8106
fixing. lower bound used: 745.379
try arc fixing based on heuristic lspl: 87.4586
fixed path dual: -18.0712
alpha: 0.0955417
psiStar: 749.674
lagLB: 745.661
||gamma||^2: 42
fixing. lower bound used: 744.814
percent fixed: 73.8106
fixing. lower bound used: 745.379
try arc fixing based on heuristic lspl: 87.363
fixed path dual: -18.4876
alpha: 0.100513
psiStar: 749.671
lagLB: 744.343
||gamma||^2: 53
fixing. lower bound used: 745.48
percent fixed: 73.9322
fixing. lower bound used: 745.379
try arc fixing based on heuristic lspl: 87.4636
fixed path dual: -18.2904
alpha: 0.0620517
psiStar: 749.667
lagLB: 744.827
||gamma||^2: 78
fixing. lower bound used: 743.823
percent fixed: 73.934
fixing. lower bound used: 745.379
try arc fixing based on heuristic lspl: 87.3395
fixed path dual: -18.2571
alpha: 0.103318
psiStar: 749.664
lagLB: 745.118
||gamma||^2: 44
fixing. lower bound used: 744.85
percent fixed: 73.934
fixing. lower bound used: 745.379
try arc fixing based on heuristic lspl: 87.4428
fixed path dual: -18.4046
alpha: 0.115303
psiStar: 749.66
lagLB: 744.587
||gamma||^2: 44
fixing. lower bound used: 744.936
percent fixed: 73.934
fixing. lower bound used: 745.379
try arc fixing based on heuristic lspl: 87.4428
fixed path dual: -18.3249
alpha: 0.102124
psiStar: 749.657
lagLB: 744.755
||gamma||^2: 48
fixing. lower bound used: 744.217
percent fixed: 73.934
fixing. lower bound used: 745.379
try arc fixing based on heuristic lspl: 87.2385
fixed path dual: -18.6103
alpha: 0.0589339
psiStar: 749.653
lagLB: 744.349
||gamma||^2: 90
fixing. lower bound used: 745.229
percent fixed: 73.9453
fixing. lower bound used: 745.379
try arc fixing based on heuristic lspl: 87.3564
fixed path dual: -18.5252
alpha: 0.0412642
psiStar: 749.65
lagLB: 744.657
||gamma||^2: 121
fixing. lower bound used: 744.032
percent fixed: 73.4262
fixing. lower bound used: 745.379
try arc fixing based on heuristic lspl: 87.4802
fixed path dual: -18.2831
alpha: 0.0847487
psiStar: 749.646
lagLB: 745.578
||gamma||^2: 48
fixing. lower bound used: 744.368
percent fixed: 73.6322
fixing. lower bound used: 745.379
try arc fixing based on heuristic lspl: 87.3107
fixed path dual: -18.4871
alpha: 0.117027
psiStar: 749.643
lagLB: 744.728
||gamma||^2: 42
fixing. lower bound used: 745.206
percent fixed: 73.6626
fixing. lower bound used: 745.379
try arc fixing based on heuristic lspl: 87.5447
fixed path dual: -18.3564
alpha: 0.175042
psiStar: 749.639
lagLB: 744.913
||gamma||^2: 27
fixing. lower bound used: 744.259
percent fixed: 73.6669
fixing. lower bound used: 745.379
try arc fixing based on heuristic lspl: 87.1947
fixed path dual: -18.7894
alpha: 0.115563
psiStar: 749.636
lagLB: 743.973
||gamma||^2: 49
fixing. lower bound used: 745.166
percent fixed: 73.6772
fixing. lower bound used: 745.379
try arc fixing based on heuristic lspl: 87.5413
fixed path dual: -18.5956
alpha: 0.0624887
psiStar: 749.632
lagLB: 744.133
||gamma||^2: 88
fixing. lower bound used: 743.1
percent fixed: 73.6772
fixing. lower bound used: 745.379
try arc fixing based on heuristic lspl: 87.4164
fixed path dual: -18.3275
alpha: 0.086772
psiStar: 749.629
lagLB: 745.724
||gamma||^2: 45
fixing. lower bound used: 744.383
percent fixed: 73.6772
fixing. lower bound used: 745.379
try arc fixing based on heuristic lspl: 87.5031
fixed path dual: -18.4401
alpha: 0.0612312
psiStar: 749.625
lagLB: 744.727
||gamma||^2: 80
fixing. lower bound used: 745.11
percent fixed: 73.7471
fixing. lower bound used: 745.379
try arc fixing based on heuristic lspl: 87.6256
fixed path dual: -18.3496
alpha: 0.0997274
psiStar: 749.622
lagLB: 744.935
||gamma||^2: 47
fixing. lower bound used: 744.365
percent fixed: 73.7501
fixing. lower bound used: 745.379
try arc fixing based on heuristic lspl: 87.4261
fixed path dual: -18.4509
alpha: 0.0809948
psiStar: 749.619
lagLB: 745.326
||gamma||^2: 53
fixing. lower bound used: 745.512
percent fixed: 73.8468
fixing. lower bound used: 745.379
try arc fixing based on heuristic lspl: 87.5071
fixed path dual: -18.5837
alpha: 0.0615939
psiStar: 749.615
lagLB: 744.256
||gamma||^2: 87
fixing. lower bound used: 744.604
percent fixed: 73.8474
fixing. lower bound used: 745.379
try arc fixing based on heuristic lspl: 87.5687
fixed path dual: -18.2993
alpha: 0.128686
psiStar: 749.612
lagLB: 745.494
||gamma||^2: 32
fixing. lower bound used: 744.072
percent fixed: 73.8474
fixing. lower bound used: 745.379
try arc fixing based on heuristic lspl: 87.3114
fixed path dual: -18.6822
alpha: 0.18968
psiStar: 749.608
lagLB: 744.866
||gamma||^2: 25
fixing. lower bound used: 745.721
percent fixed: 73.9197
fixing. lower bound used: 745.379
try arc fixing based on heuristic lspl: 87.501
fixed path dual: -18.5909
alpha: 0.12164
psiStar: 749.605
lagLB: 744.374
||gamma||^2: 43
fixing. lower bound used: 743.918
percent fixed: 73.9197
fixing. lower bound used: 745.379
try arc fixing based on heuristic lspl: 87.501
fixed path dual: -18.5812
alpha: 0.081564
psiStar: 749.602
lagLB: 744.545
||gamma||^2: 62
fixing. lower bound used: 744.272
percent fixed: 73.9184
fixing. lower bound used: 745.379
try arc fixing based on heuristic lspl: 87.5826
fixed path dual: -18.6187
alpha: 0.0638318
psiStar: 749.598
lagLB: 744.683
||gamma||^2: 77
fixing. lower bound used: 744.783
percent fixed: 73.4994
fixing. lower bound used: 745.379
try arc fixing based on heuristic lspl: 87.6464
fixed path dual: -18.3642
alpha: 0.0869351
psiStar: 749.595
lagLB: 745.509
||gamma||^2: 47
fixing. lower bound used: 744.236
percent fixed: 73.6835
fixing. lower bound used: 745.379
try arc fixing based on heuristic lspl: 87.4726
fixed path dual: -18.5471
alpha: 0.162098
psiStar: 749.591
lagLB: 745.377
||gamma||^2: 26
fixing. lower bound used: 745.832
percent fixed: 74.0195
fixing. lower bound used: 745.379
try arc fixing based on heuristic lspl: 87.4726
fixed path dual: -18.618
alpha: 0.0905568
psiStar: 749.588
lagLB: 744.698
||gamma||^2: 54
fixing. lower bound used: 744.871
percent fixed: 74.0244
fixing. lower bound used: 745.379
try arc fixing based on heuristic lspl: 87.2915
fixed path dual: -18.5
alpha: 0.131151
psiStar: 749.585
lagLB: 745.65
||gamma||^2: 30
fixing. lower bound used: 745.046
percent fixed: 74.0244
fixing. lower bound used: 745.379
try arc fixing based on heuristic lspl: 87.2915
fixed path dual: -19.0628
alpha: 0.0596913
psiStar: 749.581
lagLB: 742.836
||gamma||^2: 113
fixing. lower bound used: 744.866
percent fixed: 74.025
fixing. lower bound used: 745.379
try arc fixing based on heuristic lspl: 87.4705
fixed path dual: -18.5057
alpha: 0.0599203
psiStar: 749.578
lagLB: 745.204
||gamma||^2: 73
fixing. lower bound used: 742.418
percent fixed: 74.025
fixing. lower bound used: 745.379
try arc fixing based on heuristic lspl: 87.3507
fixed path dual: -18.4269
alpha: 0.0690375
psiStar: 749.575
lagLB: 745.778
||gamma||^2: 55
fixing. lower bound used: 745.384
percent fixed: 74.028
fixing. lower bound used: 745.379
try arc fixing based on heuristic lspl: 87.4888
fixed path dual: -18.6021
alpha: 0.0313818
psiStar: 749.571
lagLB: 744.833
||gamma||^2: 151
fixing. lower bound used: 745.312
percent fixed: 74.0551
fixing. lower bound used: 745.379
try arc fixing based on heuristic lspl: 87.5515
fixed path dual: -18.4044
alpha: 0.090145
psiStar: 749.568
lagLB: 745.602
||gamma||^2: 44
fixing. lower bound used: 744.613
percent fixed: 73.4673
fixing. lower bound used: 745.379
try arc fixing based on heuristic lspl: 87.3712
fixed path dual: -18.608
alpha: 0.170402
psiStar: 749.565
lagLB: 745.305
||gamma||^2: 25
fixing. lower bound used: 745.809
percent fixed: 73.9665
fixing. lower bound used: 745.379
try arc fixing based on heuristic lspl: 87.5416
fixed path dual: -18.6197
alpha: 0.172367
psiStar: 749.561
lagLB: 744.735
||gamma||^2: 28
fixing. lower bound used: 744.745
percent fixed: 73.9815
fixing. lower bound used: 745.379
try arc fixing based on heuristic lspl: 87.3693
fixed path dual: -18.7934
alpha: 0.0990919
psiStar: 749.558
lagLB: 744.901
||gamma||^2: 47
fixing. lower bound used: 745.332
percent fixed: 73.5065
fixing. lower bound used: 745.379
try arc fixing based on heuristic lspl: 87.3693
fixed path dual: -19.0998
alpha: 0.0566243
psiStar: 749.555
lagLB: 743.269
||gamma||^2: 111
fixing. lower bound used: 744.183
percent fixed: 73.6948
fixing. lower bound used: 745.379
try arc fixing based on heuristic lspl: 87.4825
fixed path dual: -18.4687
alpha: 0.0690712
psiStar: 749.551
lagLB: 746.029
||gamma||^2: 51
fixing. lower bound used: 742.873
percent fixed: 73.4561
fixing. lower bound used: 745.379
try arc fixing based on heuristic lspl: 87.3444
fixed path dual: -18.6212
alpha: 0.0979672
psiStar: 749.548
lagLB: 745.336
||gamma||^2: 43
fixing. lower bound used: 745.741
percent fixed: 73.9609
fixing. lower bound used: 745.379
try arc fixing based on heuristic lspl: 87.5403
fixed path dual: -18.5975
alpha: 0.1218
psiStar: 749.545
lagLB: 745.16
||gamma||^2: 36
fixing. lower bound used: 744.927
percent fixed: 73.9767
fixing. lower bound used: 745.379
try arc fixing based on heuristic lspl: 87.2967
fixed path dual: -18.7496
alpha: 0.189432
psiStar: 749.542
lagLB: 745.374
||gamma||^2: 22
fixing. lower bound used: 745.698
percent fixed: 74.0301
fixing. lower bound used: 745.379
try arc fixing based on heuristic lspl: 87.4861
fixed path dual: -18.6783
alpha: 0.0691757
psiStar: 749.538
lagLB: 744.973
||gamma||^2: 66
fixing. lower bound used: 744.616
percent fixed: 74.0301
fixing. lower bound used: 745.379
try arc fixing based on heuristic lspl: 87.6245
fixed path dual: -18.6155
alpha: 0.155454
psiStar: 749.535
lagLB: 744.871
||gamma||^2: 30
fixing. lower bound used: 744.554
percent fixed: 74.0319
fixing. lower bound used: 745.379
try arc fixing based on heuristic lspl: 87.3136
fixed path dual: -18.7019
alpha: 0.14902
psiStar: 749.532
lagLB: 745.061
||gamma||^2: 30
fixing. lower bound used: 745.213
percent fixed: 74.0337
fixing. lower bound used: 745.379
try arc fixing based on heuristic lspl: 87.3136
fixed path dual: -19.0311
alpha: 0.0639041
psiStar: 749.529
lagLB: 743.713
||gamma||^2: 91
fixing. lower bound used: 744.747
percent fixed: 74.0361
fixing. lower bound used: 745.379
try arc fixing based on heuristic lspl: 87.5053
fixed path dual: -18.7108
alpha: 0.102956
psiStar: 749.525
lagLB: 744.995
||gamma||^2: 44
fixing. lower bound used: 743.394
percent fixed: 74.0361
fixing. lower bound used: 745.379
try arc fixing based on heuristic lspl: 87.2994
fixed path dual: -18.7982
alpha: 0.15334
psiStar: 749.522
lagLB: 745.382
||gamma||^2: 27
fixing. lower bound used: 745.593
percent fixed: 74.0531
fixing. lower bound used: 745.379
try arc fixing based on heuristic lspl: 87.6061
fixed path dual: -18.7549
alpha: 0.180264
psiStar: 749.519
lagLB: 744.832
||gamma||^2: 26
fixing. lower bound used: 744.583
percent fixed: 74.0531
fixing. lower bound used: 745.379
try arc fixing based on heuristic lspl: 87.2455
fixed path dual: -19.1267
alpha: 0.124399
psiStar: 749.516
lagLB: 744.415
||gamma||^2: 41
fixing. lower bound used: 745.453
percent fixed: 74.0701
fixing. lower bound used: 745.379
try arc fixing based on heuristic lspl: 87.6187
fixed path dual: -19.0515
alpha: 0.0600377
psiStar: 749.512
lagLB: 744.169
||gamma||^2: 89
fixing. lower bound used: 743.597
percent fixed: 74.0688
fixing. lower bound used: 745.379
try arc fixing based on heuristic lspl: 87.4987
fixed path dual: -18.7223
alpha: 0.145358
psiStar: 749.509
lagLB: 745.875
||gamma||^2: 25
fixing. lower bound used: 744.229
percent fixed: 73.4553
fixing. lower bound used: 745.379
try arc fixing based on heuristic lspl: 87.3533
fixed path dual: -19.1581
alpha: 0.104182
psiStar: 749.506
lagLB: 744.714
||gamma||^2: 46
fixing. lower bound used: 745.894
percent fixed: 73.9614
fixing. lower bound used: 745.379
try arc fixing based on heuristic lspl: 87.1449
fixed path dual: -19.1798
alpha: 0.0333185
psiStar: 749.503
lagLB: 744.605
||gamma||^2: 147
fixing. lower bound used: 744.514
percent fixed: 73.9628
fixing. lower bound used: 745.379
try arc fixing based on heuristic lspl: 87.2116
fixed path dual: -18.8898
alpha: 0.0558869
psiStar: 749.499
lagLB: 745.755
||gamma||^2: 67
fixing. lower bound used: 744.305
percent fixed: 73.4715
fixing. lower bound used: 745.379
try arc fixing based on heuristic lspl: 87.3234
fixed path dual: -18.7986
alpha: 0.0908688
psiStar: 749.496
lagLB: 746.043
||gamma||^2: 38
fixing. lower bound used: 745.587
percent fixed: 73.8962
fixing. lower bound used: 745.379
try arc fixing based on heuristic lspl: 87.3234
fixed path dual: -18.9125
alpha: 0.16157
psiStar: 749.493
lagLB: 745.292
||gamma||^2: 26
fixing. lower bound used: 745.545
percent fixed: 73.9956
fixing. lower bound used: 745.379
try arc fixing based on heuristic lspl: 87.1618
fixed path dual: -19.1604
alpha: 0.165478
psiStar: 749.49
lagLB: 745.022
||gamma||^2: 27
fixing. lower bound used: 745.608
percent fixed: 74.0647
fixing. lower bound used: 745.379
try arc fixing based on heuristic lspl: 87.4927
fixed path dual: -18.9642
alpha: 0.16581
psiStar: 749.487
lagLB: 745.176
||gamma||^2: 26
fixing. lower bound used: 744.195
percent fixed: 74.0653
fixing. lower bound used: 745.379
try arc fixing based on heuristic lspl: 87.1611
fixed path dual: -19.3664
alpha: 0.108532
psiStar: 749.484
lagLB: 744.491
||gamma||^2: 46
fixing. lower bound used: 745.555
percent fixed: 74.1085
fixing. lower bound used: 745.379
try arc fixing based on heuristic lspl: 87.4867
fixed path dual: -19.2655
alpha: 0.055269
psiStar: 749.48
lagLB: 744.561
||gamma||^2: 89
fixing. lower bound used: 743.745
percent fixed: 73.458
fixing. lower bound used: 745.379
try arc fixing based on heuristic lspl: 87.3762
fixed path dual: -18.9399
STATS - lpIterations[5] lagIterations[987] sspIterations[4935] numSeparations[444] numCuts[0] compileTime[2] sspSolveTime[178] lpSolveTime[0] lb[746.245] ub[778] numArcs: [162002] numFixed: [121075] time: [2361]
STATS1 - lpIterations[5] lagIterations[987] sspIterations[4935] numSeparations[444] numCuts[0] compileTime[2] sspSolveTime[178] lpSolveTime[0] repairTime[39] cutsTime[0] alphaTime[0] decompTime[0] yellowTime[0] updateTime[0] fixTime[0] lb[746.245] ub[778] numArcs: [162002] numFixed: [121075] time: [2361]
lambda: 0,33.8408,7.5358,52.3292,49.1331,25.6774,31.6663,9.14866,32.7739,19.9096,8.15367,21.1549,20.6662,23.7716,15.9962,7.9329,29.462,28.0828,17.359,32.0788,17.1276,34.1224,18.2531,42.2456,29.5459,43.2593,30.7038,8.73923,20.8116,14.9971,29.5464,14.1914,51.2957,19.4324,
mu: 
srcDuals: 
alpha: 0.0323829
psiStar: 749.678
lagLB: 746.245
||gamma||^2: 106
fixing. lower bound used: 744.617
percent fixed: 73.4606
fixing. lower bound used: 745.379
try arc fixing based on heuristic lspl: 87.4733
fixed path dual: -18.9751
alpha: 0.0395799
psiStar: 749.674
lagLB: 745.875
||gamma||^2: 96
fixing. lower bound used: 745.925
percent fixed: 73.8173
fixing. lower bound used: 745.379
try arc fixing based on heuristic lspl: 87.5525
fixed path dual: -18.8349
STATS - lpIterations[5] lagIterations[989] sspIterations[4945] numSeparations[445] numCuts[0] compileTime[2] sspSolveTime[179] lpSolveTime[0] lb[746.259] ub[778] numArcs: [162004] numFixed: [122154] time: [2367]
STATS1 - lpIterations[5] lagIterations[989] sspIterations[4945] numSeparations[445] numCuts[0] compileTime[2] sspSolveTime[179] lpSolveTime[0] repairTime[39] cutsTime[0] alphaTime[0] decompTime[0] yellowTime[0] updateTime[0] fixTime[0] lb[746.259] ub[778] numArcs: [162004] numFixed: [122154] time: [2367]
lambda: 0,33.8732,7.47823,52.3364,49.0432,25.7493,31.7383,9.14146,32.7667,19.9168,8.06731,21.0289,20.6734,23.7248,15.989,7.84654,29.4045,27.9965,17.3015,31.9924,17.07,34.1943,18.1955,42.2779,29.6178,43.1729,30.6787,8.77161,20.8836,15.0691,29.6183,14.105,51.3676,19.3425,
mu: 
srcDuals: 
alpha: 0.072901
psiStar: 749.685
lagLB: 746.259
||gamma||^2: 47
fixing. lower bound used: 745.558
percent fixed: 74.045
fixing. lower bound used: 745.379
try arc fixing based on heuristic lspl: 87.4067
fixed path dual: -19.1159
alpha: 0.0993336
psiStar: 749.682
lagLB: 745.51
||gamma||^2: 42
fixing. lower bound used: 746.1
percent fixed: 74.2745
updating best lambda arc fixing
fixing. lower bound used: 746.1
try arc fixing based on heuristic lspl: 87.506
fixed path dual: -19.2723
alpha: 0.064366
psiStar: 749.679
lagLB: 744.53
||gamma||^2: 80
fixing. lower bound used: 744.741
percent fixed: 74.2745
fixing. lower bound used: 746.1
try arc fixing based on heuristic lspl: 87.3773
fixed path dual: -18.9322
alpha: 0.0604502
psiStar: 749.676
lagLB: 746.23
||gamma||^2: 57
fixing. lower bound used: 744.53
percent fixed: 74.2745
fixing. lower bound used: 746.1
try arc fixing based on heuristic lspl: 87.4377
fixed path dual: -19.122
alpha: 0.0765553
psiStar: 749.673
lagLB: 745.462
||gamma||^2: 55
fixing. lower bound used: 745.97
percent fixed: 74.3114
updating best lambda arc fixing
fixing. lower bound used: 745.97
try arc fixing based on heuristic lspl: 87.5143
fixed path dual: -18.9654
alpha: 0.102891
psiStar: 749.67
lagLB: 745.863
||gamma||^2: 37
fixing. lower bound used: 745.079
percent fixed: 74.3128
updating best lambda arc fixing
fixing. lower bound used: 745.079
try arc fixing based on heuristic lspl: 87.3085
fixed path dual: -19.3185
alpha: 0.0551061
psiStar: 749.666
lagLB: 744.817
||gamma||^2: 88
fixing. lower bound used: 745.842
percent fixed: 73.7808
fixing. lower bound used: 745.079
try arc fixing based on heuristic lspl: 87.3636
fixed path dual: -19.0362
alpha: 0.0675505
psiStar: 749.663
lagLB: 745.678
||gamma||^2: 59
fixing. lower bound used: 744.266
percent fixed: 73.162
fixing. lower bound used: 745.079
try arc fixing based on heuristic lspl: 87.2285
fixed path dual: -18.9976
alpha: 0.079704
psiStar: 749.66
lagLB: 746.074
||gamma||^2: 45
fixing. lower bound used: 745.88
percent fixed: 74.0106
STATS - lpIterations[6] lagIterations[997] sspIterations[4985] numSeparations[449] numCuts[0] compileTime[2] sspSolveTime[180] lpSolveTime[0] lb[746.259] ub[778] numArcs: [162199] numFixed: [122364] time: [2387]
STATS1 - lpIterations[6] lagIterations[997] sspIterations[4985] numSeparations[449] numCuts[0] compileTime[2] sspSolveTime[180] lpSolveTime[0] repairTime[39] cutsTime[0] alphaTime[0] decompTime[0] yellowTime[0] updateTime[0] fixTime[0] lb[746.259] ub[778] numArcs: [162199] numFixed: [122364] time: [2387]
fixing. lower bound used: 745.079
try arc fixing based on heuristic lspl: 87.4676
fixed path dual: -19.0788
alpha: 0.0997322
psiStar: 749.657
lagLB: 745.269
||gamma||^2: 44
fixing. lower bound used: 745.354
percent fixed: 74.076
fixing. lower bound used: 745.079
try arc fixing based on heuristic lspl: 87.2682
fixed path dual: -19.3222
alpha: 0.102219
psiStar: 749.654
lagLB: 744.85
||gamma||^2: 47
fixing. lower bound used: 745.483
percent fixed: 74.0905
fixing. lower bound used: 745.079
try arc fixing based on heuristic lspl: 87.2682
fixed path dual: -19.4646
alpha: 0.0449247
psiStar: 749.651
lagLB: 744.035
||gamma||^2: 125
fixing. lower bound used: 744.461
percent fixed: 74.0905
fixing. lower bound used: 745.079
try arc fixing based on heuristic lspl: 87.4029
fixed path dual: -19.048
alpha: 0.106775
psiStar: 749.648
lagLB: 745.804
||gamma||^2: 36
fixing. lower bound used: 743.721
percent fixed: 74.0905
fixing. lower bound used: 745.079
try arc fixing based on heuristic lspl: 87.2962
fixed path dual: -19.1966
alpha: 0.0424547
psiStar: 749.645
lagLB: 744.847
||gamma||^2: 113
fixing. lower bound used: 745.35
percent fixed: 74.0905
fixing. lower bound used: 745.079
try arc fixing based on heuristic lspl: 87.4235
fixed path dual: -19.1142
alpha: 0.111416
psiStar: 749.642
lagLB: 744.962
||gamma||^2: 42
fixing. lower bound used: 744.492
percent fixed: 74.0905
fixing. lower bound used: 745.079
try arc fixing based on heuristic lspl: 87.3121
fixed path dual: -19.2009
alpha: 0.168732
psiStar: 749.639
lagLB: 745.42
||gamma||^2: 25
fixing. lower bound used: 745.597
percent fixed: 74.1534
fixing. lower bound used: 745.079
try arc fixing based on heuristic lspl: 87.1434
fixed path dual: -19.3366
alpha: 0.0778887
psiStar: 749.636
lagLB: 744.573
||gamma||^2: 65
fixing. lower bound used: 744.886
percent fixed: 74.1534
fixing. lower bound used: 745.079
try arc fixing based on heuristic lspl: 87.377
fixed path dual: -19.1958
alpha: 0.0433706
psiStar: 749.633
lagLB: 744.732
||gamma||^2: 113
fixing. lower bound used: 744.028
percent fixed: 74.1534
fixing. lower bound used: 745.079
try arc fixing based on heuristic lspl: 87.5071
fixed path dual: -18.9252
alpha: 0.0874699
psiStar: 749.629
lagLB: 745.781
||gamma||^2: 44
fixing. lower bound used: 744.428
percent fixed: 74.1534
fixing. lower bound used: 745.079
try arc fixing based on heuristic lspl: 87.3322
fixed path dual: -19.1944
alpha: 0.104457
psiStar: 749.626
lagLB: 745.135
||gamma||^2: 43
fixing. lower bound used: 745.886
percent fixed: 74.2495
fixing. lower bound used: 745.079
try arc fixing based on heuristic lspl: 87.3322
fixed path dual: -19.5555
alpha: 0.0368424
psiStar: 749.623
lagLB: 743.434
||gamma||^2: 168
fixing. lower bound used: 744.791
percent fixed: 74.2469
fixing. lower bound used: 745.079
try arc fixing based on heuristic lspl: 87.4059
fixed path dual: -18.9573
alpha: 0.0990037
psiStar: 749.62
lagLB: 746.056
||gamma||^2: 36
fixing. lower bound used: 743.065
percent fixed: 73.1707
fixing. lower bound used: 745.079
try arc fixing based on heuristic lspl: 87.2079
fixed path dual: -19.2503
alpha: 0.0864096
psiStar: 749.617
lagLB: 745.383
||gamma||^2: 49
fixing. lower bound used: 746.066
percent fixed: 74.1797
fixing. lower bound used: 745.079
try arc fixing based on heuristic lspl: 87.4671
fixed path dual: -19.2002
alpha: 0.0521055
psiStar: 749.614
lagLB: 745.029
||gamma||^2: 88
fixing. lower bound used: 744.514
percent fixed: 74.1851
fixing. lower bound used: 745.079
try arc fixing based on heuristic lspl: 87.3629
fixed path dual: -19.0148
alpha: 0.0783395
psiStar: 749.611
lagLB: 746.164
||gamma||^2: 44
fixing. lower bound used: 745.237
percent fixed: 74.1857
fixing. lower bound used: 745.079
try arc fixing based on heuristic lspl: 87.3629
fixed path dual: -19.1353
alpha: 0.0389189
psiStar: 749.608
lagLB: 745.405
||gamma||^2: 108
fixing. lower bound used: 745.827
percent fixed: 74.196
fixing. lower bound used: 745.079
try arc fixing based on heuristic lspl: 87.4797
fixed path dual: -19.0977
alpha: 0.109679
psiStar: 749.605
lagLB: 745.437
||gamma||^2: 38
fixing. lower bound used: 745.17
percent fixed: 73.2886
fixing. lower bound used: 745.079
try arc fixing based on heuristic lspl: 87.2603
fixed path dual: -19.3906
alpha: 0.0392732
psiStar: 749.602
lagLB: 744.85
||gamma||^2: 121
fixing. lower bound used: 745.821
percent fixed: 74.0211
fixing. lower bound used: 745.079
try arc fixing based on heuristic lspl: 87.3781
fixed path dual: -19.2856
alpha: 0.107109
psiStar: 749.599
lagLB: 745.101
||gamma||^2: 42
fixing. lower bound used: 744.575
percent fixed: 74.0247
fixing. lower bound used: 745.079
try arc fixing based on heuristic lspl: 87.271
fixed path dual: -19.2634
alpha: 0.0368463
psiStar: 749.596
lagLB: 745.212
||gamma||^2: 119
fixing. lower bound used: 745.01
percent fixed: 74.024
fixing. lower bound used: 745.079
try arc fixing based on heuristic lspl: 87.3447
fixed path dual: -19.1167
alpha: 0.0751163
psiStar: 749.593
lagLB: 745.687
||gamma||^2: 52
fixing. lower bound used: 744.89
percent fixed: 73.2348
fixing. lower bound used: 745.079
try arc fixing based on heuristic lspl: 87.2696
fixed path dual: -19.0269
STATS - lpIterations[6] lagIterations[1020] sspIterations[5100] numSeparations[454] numCuts[0] compileTime[2] sspSolveTime[184] lpSolveTime[0] lb[746.286] ub[778] numArcs: [162441] numFixed: [121544] time: [2437]
STATS1 - lpIterations[6] lagIterations[1020] sspIterations[5100] numSeparations[454] numCuts[0] compileTime[2] sspSolveTime[184] lpSolveTime[0] repairTime[40] cutsTime[0] alphaTime[0] decompTime[0] yellowTime[0] updateTime[0] fixTime[0] lb[746.286] ub[778] numArcs: [162441] numFixed: [121544] time: [2437]
lambda: 0,34.0136,7.35791,52.439,49.1955,25.6008,31.7901,8.98496,32.7853,19.946,8.20909,21.1762,20.7209,23.8033,15.9474,7.94299,29.5417,28.0994,17.3365,32.0954,17.1662,34.1507,18.2651,42.4443,29.4693,43.1564,30.5188,8.80919,20.8946,15.1386,29.367,14.3552,51.324,19.3752,
mu: 
srcDuals: 
alpha: 0.133265
psiStar: 749.618
lagLB: 746.286
||gamma||^2: 25
fixing. lower bound used: 745.835
percent fixed: 73.9353
fixing. lower bound used: 745.079
try arc fixing based on heuristic lspl: 87.4029
fixed path dual: -19.1776
alpha: 0.182639
psiStar: 749.615
lagLB: 744.866
||gamma||^2: 26
fixing. lower bound used: 745.243
percent fixed: 73.9594
fixing. lower bound used: 745.079
try arc fixing based on heuristic lspl: 87.2202
fixed path dual: -19.448
alpha: 0.0946258
psiStar: 749.612
lagLB: 744.975
||gamma||^2: 49
fixing. lower bound used: 745.66
percent fixed: 73.983
fixing. lower bound used: 745.079
try arc fixing based on heuristic lspl: 87.3148
fixed path dual: -19.3168
alpha: 0.0809229
psiStar: 749.609
lagLB: 745.158
||gamma||^2: 55
fixing. lower bound used: 744.502
percent fixed: 73.9822
fixing. lower bound used: 745.079
try arc fixing based on heuristic lspl: 87.4767
fixed path dual: -19.1348
alpha: 0.124367
psiStar: 749.606
lagLB: 745.502
||gamma||^2: 33
fixing. lower bound used: 744.592
percent fixed: 73.1932
fixing. lower bound used: 745.079
try arc fixing based on heuristic lspl: 87.228
fixed path dual: -19.563
alpha: 0.0582126
psiStar: 749.603
lagLB: 744.481
||gamma||^2: 88
fixing. lower bound used: 745.9
percent fixed: 73.8187
fixing. lower bound used: 745.079
try arc fixing based on heuristic lspl: 87.2862
fixed path dual: -19.5109
alpha: 0.0398068
psiStar: 749.6
lagLB: 744.624
||gamma||^2: 125
fixing. lower bound used: 744.303
percent fixed: 74.001
fixing. lower bound used: 745.079
try arc fixing based on heuristic lspl: 87.4056
fixed path dual: -19.3233
alpha: 0.0468874
psiStar: 749.597
lagLB: 745.284
||gamma||^2: 92
fixing. lower bound used: 744.237
percent fixed: 74.0022
fixing. lower bound used: 745.079
try arc fixing based on heuristic lspl: 87.3118
fixed path dual: -19.1303
alpha: 0.0796597
psiStar: 749.594
lagLB: 746.249
||gamma||^2: 42
fixing. lower bound used: 745.284
percent fixed: 74.004
fixing. lower bound used: 745.079
try arc fixing based on heuristic lspl: 87.2322
fixed path dual: -19.3745
alpha: 0.145429
psiStar: 749.591
lagLB: 745.665
||gamma||^2: 27
fixing. lower bound used: 746.212
percent fixed: 74.3488
updating best lambda arc fixing
fixing. lower bound used: 746.212
try arc fixing based on heuristic lspl: 87.2322
fixed path dual: -19.4921
alpha: 0.070683
psiStar: 749.589
lagLB: 744.641
||gamma||^2: 70
fixing. lower bound used: 744.961
percent fixed: 74.353
updating best lambda arc fixing
fixing. lower bound used: 744.961
try arc fixing based on heuristic lspl: 87.3735
fixed path dual: -19.4547
alpha: 0.0790234
psiStar: 749.586
lagLB: 744.686
||gamma||^2: 62
fixing. lower bound used: 744.382
percent fixed: 74.353
fixing. lower bound used: 744.961
try arc fixing based on heuristic lspl: 87.2155
fixed path dual: -19.4388
alpha: 0.0345837
psiStar: 749.583
lagLB: 745.398
||gamma||^2: 121
fixing. lower bound used: 745.217
percent fixed: 74.353
fixing. lower bound used: 744.961
try arc fixing based on heuristic lspl: 87.3192
fixed path dual: -19.3408
alpha: 0.0819571
psiStar: 749.58
lagLB: 745.646
||gamma||^2: 48
fixing. lower bound used: 745.156
percent fixed: 74.353
fixing. lower bound used: 744.961
try arc fixing based on heuristic lspl: 87.4012
fixed path dual: -19.2742
alpha: 0.083531
psiStar: 749.577
lagLB: 745.651
||gamma||^2: 47
fixing. lower bound used: 745.318
percent fixed: 74.3498
fixing. lower bound used: 744.961
try arc fixing based on heuristic lspl: 87.4847
fixed path dual: -19.2307
alpha: 0.131871
psiStar: 749.574
lagLB: 745.618
||gamma||^2: 30
fixing. lower bound used: 745.4
percent fixed: 73.3315
fixing. lower bound used: 744.961
try arc fixing based on heuristic lspl: 87.221
fixed path dual: -19.3678
alpha: 0.0775691
psiStar: 749.571
lagLB: 745.46
||gamma||^2: 53
fixing. lower bound used: 745.791
percent fixed: 73.8968
fixing. lower bound used: 744.961
try arc fixing based on heuristic lspl: 87.2985
fixed path dual: -19.3735
alpha: 0.0970937
psiStar: 749.568
lagLB: 745.199
||gamma||^2: 45
fixing. lower bound used: 745.1
percent fixed: 73.9022
fixing. lower bound used: 744.961
try arc fixing based on heuristic lspl: 87.3956
fixed path dual: -19.5415
alpha: 0.0833065
psiStar: 749.565
lagLB: 744.65
||gamma||^2: 59
fixing. lower bound used: 745.158
percent fixed: 73.9071
fixing. lower bound used: 744.961
try arc fixing based on heuristic lspl: 87.229
fixed path dual: -19.4772
alpha: 0.0390123
psiStar: 749.562
lagLB: 745.388
||gamma||^2: 107
fixing. lower bound used: 745.06
percent fixed: 73.9053
fixing. lower bound used: 744.961
try arc fixing based on heuristic lspl: 87.3461
fixed path dual: -19.3624
alpha: 0.0806355
psiStar: 749.56
lagLB: 745.689
||gamma||^2: 48
fixing. lower bound used: 745.115
percent fixed: 73.9059
fixing. lower bound used: 744.961
try arc fixing based on heuristic lspl: 87.4267
fixed path dual: -19.3338
alpha: 0.122649
psiStar: 749.557
lagLB: 745.509
||gamma||^2: 33
fixing. lower bound used: 745.322
percent fixed: 73.9142
fixing. lower bound used: 744.961
try arc fixing based on heuristic lspl: 87.304
fixed path dual: -19.4675
alpha: 0.148236
psiStar: 749.554
lagLB: 745.7
||gamma||^2: 26
fixing. lower bound used: 745.98
percent fixed: 74.1531
fixing. lower bound used: 744.961
try arc fixing based on heuristic lspl: 87.6005
fixed path dual: -19.4432
alpha: 0.098287
psiStar: 749.551
lagLB: 744.932
||gamma||^2: 47
fixing. lower bound used: 744.717
percent fixed: 74.1555
fixing. lower bound used: 744.961
try arc fixing based on heuristic lspl: 87.4039
fixed path dual: -19.3453
alpha: 0.093688
psiStar: 749.548
lagLB: 745.52
||gamma||^2: 43
fixing. lower bound used: 745.03
percent fixed: 74.1546
fixing. lower bound used: 744.961
try arc fixing based on heuristic lspl: 87.4039
fixed path dual: -19.7251
alpha: 0.038461
psiStar: 749.545
lagLB: 744.276
||gamma||^2: 137
fixing. lower bound used: 745.687
percent fixed: 73.5676
fixing. lower bound used: 744.961
try arc fixing based on heuristic lspl: 87.5193
fixed path dual: -19.4306
alpha: 0.0862463
psiStar: 749.542
lagLB: 745.403
||gamma||^2: 48
fixing. lower bound used: 743.93
percent fixed: 72.8184
fixing. lower bound used: 744.961
try arc fixing based on heuristic lspl: 87.3468
fixed path dual: -19.4216
alpha: 0.0612437
psiStar: 749.54
lagLB: 745.62
||gamma||^2: 64
fixing. lower bound used: 745.513
percent fixed: 73.5611
fixing. lower bound used: 744.961
try arc fixing based on heuristic lspl: 87.4693
fixed path dual: -19.4473
alpha: 0.0521283
psiStar: 749.537
lagLB: 745.002
||gamma||^2: 87
fixing. lower bound used: 745.039
percent fixed: 72.9961
fixing. lower bound used: 744.961
try arc fixing based on heuristic lspl: 87.5215
fixed path dual: -19.2409
alpha: 0.121886
psiStar: 749.534
lagLB: 745.877
||gamma||^2: 30
fixing. lower bound used: 744.845
percent fixed: 73.326
fixing. lower bound used: 744.961
try arc fixing based on heuristic lspl: 87.2777
fixed path dual: -19.6626
alpha: 0.0421986
psiStar: 749.531
lagLB: 744.256
||gamma||^2: 125
fixing. lower bound used: 745.693
percent fixed: 73.8427
fixing. lower bound used: 744.961
try arc fixing based on heuristic lspl: 87.4043
fixed path dual: -19.5691
alpha: 0.0579509
psiStar: 749.528
lagLB: 744.429
||gamma||^2: 88
fixing. lower bound used: 743.906
percent fixed: 73.8463
fixing. lower bound used: 744.961
try arc fixing based on heuristic lspl: 87.4622
fixed path dual: -19.2099
alpha: 0.110218
psiStar: 749.526
lagLB: 746.109
||gamma||^2: 31
fixing. lower bound used: 744.313
percent fixed: 73.8456
fixing. lower bound used: 744.961
try arc fixing based on heuristic lspl: 87.2418
fixed path dual: -19.5007
alpha: 0.0836014
psiStar: 749.523
lagLB: 745.426
||gamma||^2: 49
fixing. lower bound used: 746.191
percent fixed: 74.0669
fixing. lower bound used: 744.961
try arc fixing based on heuristic lspl: 87.3254
fixed path dual: -19.703
alpha: 0.0428499
psiStar: 749.52
lagLB: 744.164
||gamma||^2: 125
fixing. lower bound used: 744.859
percent fixed: 74.2538
fixing. lower bound used: 744.961
try arc fixing based on heuristic lspl: 87.4539
fixed path dual: -19.2063
STATS - lpIterations[6] lagIterations[1055] sspIterations[5275] numSeparations[461] numCuts[0] compileTime[2] sspSolveTime[189] lpSolveTime[0] lb[746.347] ub[778] numArcs: [162651] numFixed: [123167] time: [2518]
STATS1 - lpIterations[6] lagIterations[1055] sspIterations[5275] numSeparations[461] numCuts[0] compileTime[2] sspSolveTime[189] lpSolveTime[0] repairTime[41] cutsTime[0] alphaTime[0] decompTime[0] yellowTime[0] updateTime[0] fixTime[0] lb[746.347] ub[778] numArcs: [162651] numFixed: [123167] time: [2518]
lambda: 0,34.0595,7.39628,52.3864,49.3745,25.7811,31.9164,9.06439,32.7661,19.8934,8.10459,20.9906,20.6683,23.8033,16.0879,7.9475,29.5735,28.1583,17.1807,32.2479,17.064,34.19,18.2237,42.4596,29.6495,43.2003,30.5995,8.8551,20.9378,15.2587,29.6305,14.2507,51.3633,19.2954,
mu: 
srcDuals: 
alpha: 0.119664
psiStar: 749.578
lagLB: 746.347
||gamma||^2: 27
fixing. lower bound used: 743.864
percent fixed: 74.2556
fixing. lower bound used: 744.961
try arc fixing based on heuristic lspl: 87.2146
fixed path dual: -19.5884
alpha: 0.0478019
psiStar: 749.576
lagLB: 744.556
||gamma||^2: 105
fixing. lower bound used: 745.696
percent fixed: 74.2682
fixing. lower bound used: 744.961
try arc fixing based on heuristic lspl: 87.358
fixed path dual: -19.5398
alpha: 0.0495912
psiStar: 749.573
lagLB: 744.465
||gamma||^2: 103
fixing. lower bound used: 744.013
percent fixed: 74.2682
fixing. lower bound used: 744.961
try arc fixing based on heuristic lspl: 87.4572
fixed path dual: -19.1737
alpha: 0.0733859
psiStar: 749.57
lagLB: 746.047
||gamma||^2: 48
fixing. lower bound used: 744.217
percent fixed: 74.2682
fixing. lower bound used: 744.961
try arc fixing based on heuristic lspl: 87.3104
fixed path dual: -19.4024
alpha: 0.0741413
psiStar: 749.567
lagLB: 745.638
||gamma||^2: 53
fixing. lower bound used: 746.224
percent fixed: 74.3388
fixing. lower bound used: 744.961
try arc fixing based on heuristic lspl: 87.3846
fixed path dual: -19.5282
alpha: 0.0524054
psiStar: 749.564
lagLB: 744.638
||gamma||^2: 94
fixing. lower bound used: 744.882
percent fixed: 74.3388
fixing. lower bound used: 744.961
try arc fixing based on heuristic lspl: 87.437
fixed path dual: -19.2292
alpha: 0.080302
psiStar: 749.562
lagLB: 746.028
||gamma||^2: 44
fixing. lower bound used: 744.533
percent fixed: 74.3388
fixing. lower bound used: 744.961
try arc fixing based on heuristic lspl: 87.2764
fixed path dual: -19.4465
alpha: 0.147205
psiStar: 749.559
lagLB: 745.584
||gamma||^2: 27
fixing. lower bound used: 746.107
percent fixed: 74.3727
updating best lambda arc fixing
fixing. lower bound used: 746.107
try arc fixing based on heuristic lspl: 87.2764
fixed path dual: -19.4067
alpha: 0.162108
psiStar: 749.556
lagLB: 745.341
||gamma||^2: 26
fixing. lower bound used: 745.143
percent fixed: 73.9425
fixing. lower bound used: 746.107
try arc fixing based on heuristic lspl: 87.1143
fixed path dual: -19.6079
alpha: 0.169808
psiStar: 749.553
lagLB: 745.308
||gamma||^2: 25
fixing. lower bound used: 745.75
percent fixed: 74.1299
fixing. lower bound used: 746.107
try arc fixing based on heuristic lspl: 87.2841
fixed path dual: -19.5572
alpha: 0.0420403
psiStar: 749.551
lagLB: 745.052
||gamma||^2: 107
fixing. lower bound used: 744.799
percent fixed: 74.1335
fixing. lower bound used: 746.107
try arc fixing based on heuristic lspl: 87.4102
fixed path dual: -19.4817
alpha: 0.0544764
psiStar: 749.548
lagLB: 745.135
||gamma||^2: 81
fixing. lower bound used: 744.547
percent fixed: 74.1331
fixing. lower bound used: 746.107
try arc fixing based on heuristic lspl: 87.4647
fixed path dual: -19.2761
alpha: 0.0794357
psiStar: 749.545
lagLB: 745.891
||gamma||^2: 46
fixing. lower bound used: 744.863
percent fixed: 74.1322
fixing. lower bound used: 746.107
try arc fixing based on heuristic lspl: 87.3058
fixed path dual: -19.5179
alpha: 0.0484055
psiStar: 749.542
lagLB: 745.476
||gamma||^2: 84
fixing. lower bound used: 746.219
percent fixed: 74.1427
fixing. lower bound used: 746.107
try arc fixing based on heuristic lspl: 87.451
fixed path dual: -19.4599
alpha: 0.0864565
psiStar: 749.54
lagLB: 745.476
||gamma||^2: 47
fixing. lower bound used: 745.186
percent fixed: 73.9376
fixing. lower bound used: 746.107
try arc fixing based on heuristic lspl: 87.2781
fixed path dual: -19.5028
alpha: 0.0854832
psiStar: 749.537
lagLB: 745.348
||gamma||^2: 49
fixing. lower bound used: 745.266
percent fixed: 74.1243
fixing. lower bound used: 746.107
try arc fixing based on heuristic lspl: 87.1926
fixed path dual: -19.2825
STATS - lpIterations[6] lagIterations[1071] sspIterations[5355] numSeparations[464] numCuts[0] compileTime[2] sspSolveTime[191] lpSolveTime[0] lb[746.364] ub[778] numArcs: [162762] numFixed: [123038] time: [2555]
STATS1 - lpIterations[6] lagIterations[1071] sspIterations[5355] numSeparations[464] numCuts[0] compileTime[2] sspSolveTime[191] lpSolveTime[0] repairTime[42] cutsTime[0] alphaTime[0] decompTime[0] yellowTime[0] updateTime[0] fixTime[0] lb[746.364] ub[778] numArcs: [162762] numFixed: [123038] time: [2555]
lambda: 0,34.1182,7.48591,52.4818,49.455,25.7304,31.7378,8.97304,32.6787,19.9888,8.08999,20.996,20.7636,23.7637,15.9269,8.00249,29.6631,28.0441,17.252,32.0853,17.2478,34.1763,18.1814,42.5182,29.5989,43.4133,30.68,8.91378,20.9622,15.1105,29.5798,14.4071,51.3496,19.4003,
mu: 
srcDuals: 
alpha: 0.0559099
psiStar: 749.551
lagLB: 746.364
||gamma||^2: 57
fixing. lower bound used: 745.263
percent fixed: 74.131
fixing. lower bound used: 746.107
try arc fixing based on heuristic lspl: 87.2485
fixed path dual: -19.513
alpha: 0.0969471
psiStar: 749.548
lagLB: 745.379
||gamma||^2: 43
fixing. lower bound used: 745.997
percent fixed: 74.2514
fixing. lower bound used: 746.107
try arc fixing based on heuristic lspl: 87.2485
fixed path dual: -19.583
alpha: 0.0744001
psiStar: 749.545
lagLB: 744.932
||gamma||^2: 62
fixing. lower bound used: 745.143
percent fixed: 74.2575
fixing. lower bound used: 746.107
try arc fixing based on heuristic lspl: 87.0997
fixed path dual: -19.6433
alpha: 0.035675
psiStar: 749.542
lagLB: 745.226
||gamma||^2: 121
fixing. lower bound used: 745.361
percent fixed: 74.2575
fixing. lower bound used: 746.107
try arc fixing based on heuristic lspl: 87.2068
fixed path dual: -19.5645
alpha: 0.0541492
psiStar: 749.54
lagLB: 745.37
||gamma||^2: 77
fixing. lower bound used: 744.976
percent fixed: 74.2575
fixing. lower bound used: 746.107
try arc fixing based on heuristic lspl: 87.2609
fixed path dual: -19.2465
STATS - lpIterations[6] lagIterations[1076] sspIterations[5380] numSeparations[464] numCuts[0] compileTime[2] sspSolveTime[192] lpSolveTime[0] lb[746.581] ub[778] numArcs: [162761] numFixed: [123257] time: [2565]
STATS1 - lpIterations[6] lagIterations[1076] sspIterations[5380] numSeparations[464] numCuts[0] compileTime[2] sspSolveTime[192] lpSolveTime[0] repairTime[42] cutsTime[0] alphaTime[0] decompTime[0] yellowTime[0] updateTime[0] fixTime[0] lb[746.581] ub[778] numArcs: [162761] numFixed: [123257] time: [2565]
lambda: 0,34.1331,7.45689,52.4885,49.4014,25.7499,31.852,9.03303,32.6936,19.9955,8.05073,20.8484,20.7703,23.7786,15.9418,7.85493,29.6341,28.1018,17.3503,32.143,17.2158,34.2026,18.1524,42.5331,29.6184,43.2771,30.6264,8.92866,20.9885,15.2788,29.5993,14.3678,51.3759,19.3713,
mu: 
srcDuals: 
alpha: 0.102395
psiStar: 749.755
lagLB: 746.581
||gamma||^2: 31
fixing. lower bound used: 744.991
percent fixed: 74.257
fixing. lower bound used: 746.107
try arc fixing based on heuristic lspl: 87.0561
fixed path dual: -19.6684
alpha: 0.0485572
psiStar: 749.753
lagLB: 745.188
||gamma||^2: 94
fixing. lower bound used: 746.535
percent fixed: 74.3432
fixing. lower bound used: 746.107
try arc fixing based on heuristic lspl: 87.1047
fixed path dual: -19.5617
alpha: 0.0330009
psiStar: 749.75
lagLB: 745.625
||gamma||^2: 125
fixing. lower bound used: 745.05
percent fixed: 74.5281
updating best lambda arc fixing
fixing. lower bound used: 745.05
try arc fixing based on heuristic lspl: 87.2037
fixed path dual: -19.5608
alpha: 0.0906081
psiStar: 749.747
lagLB: 745.398
||gamma||^2: 48
fixing. lower bound used: 745.338
percent fixed: 74.5287
updating best lambda arc fixing
fixing. lower bound used: 745.338
try arc fixing based on heuristic lspl: 87.0225
fixed path dual: -19.6084
alpha: 0.104831
psiStar: 749.745
lagLB: 745.342
||gamma||^2: 42
fixing. lower bound used: 745.392
percent fixed: 74.5287
fixing. lower bound used: 745.338
try arc fixing based on heuristic lspl: 87.2321
fixed path dual: -19.5326
alpha: 0.092518
psiStar: 749.742
lagLB: 745.301
||gamma||^2: 48
fixing. lower bound used: 744.922
percent fixed: 74.5287
fixing. lower bound used: 745.338
try arc fixing based on heuristic lspl: 87.0471
fixed path dual: -19.7476
alpha: 0.056639
psiStar: 749.739
lagLB: 745.152
||gamma||^2: 81
fixing. lower bound used: 745.767
percent fixed: 74.5287
fixing. lower bound used: 745.338
try arc fixing based on heuristic lspl: 87.1037
fixed path dual: -19.7623
alpha: 0.0447346
psiStar: 749.737
lagLB: 744.682
||gamma||^2: 113
fixing. lower bound used: 744.637
percent fixed: 74.5287
fixing. lower bound used: 745.338
try arc fixing based on heuristic lspl: 87.2379
fixed path dual: -19.4271
alpha: 0.083855
psiStar: 749.734
lagLB: 746.044
||gamma||^2: 44
fixing. lower bound used: 744.369
percent fixed: 74.5269
fixing. lower bound used: 745.338
try arc fixing based on heuristic lspl: 87.2379
fixed path dual: -19.5352
alpha: 0.0862765
psiStar: 749.731
lagLB: 745.504
||gamma||^2: 49
fixing. lower bound used: 745.77
percent fixed: 74.5269
fixing. lower bound used: 745.338
try arc fixing based on heuristic lspl: 87.3242
fixed path dual: -19.5166
alpha: 0.0426257
psiStar: 749.729
lagLB: 745.338
||gamma||^2: 103
fixing. lower bound used: 745.072
percent fixed: 74.5269
fixing. lower bound used: 745.338
try arc fixing based on heuristic lspl: 87.4095
fixed path dual: -19.3828
alpha: 0.103477
psiStar: 749.726
lagLB: 745.794
||gamma||^2: 38
fixing. lower bound used: 745.124
percent fixed: 74.5269
fixing. lower bound used: 745.338
try arc fixing based on heuristic lspl: 87.2025
fixed path dual: -19.5836
alpha: 0.16423
psiStar: 749.723
lagLB: 745.618
||gamma||^2: 25
fixing. lower bound used: 746.035
percent fixed: 73.9404
fixing. lower bound used: 745.338
try arc fixing based on heuristic lspl: 87.0383
fixed path dual: -19.6575
alpha: 0.0410327
psiStar: 749.721
lagLB: 745.084
||gamma||^2: 113
fixing. lower bound used: 745.261
percent fixed: 74.1277
fixing. lower bound used: 745.338
try arc fixing based on heuristic lspl: 87.1614
fixed path dual: -19.5867
alpha: 0.114188
psiStar: 749.718
lagLB: 745.151
||gamma||^2: 40
fixing. lower bound used: 744.707
percent fixed: 74.1301
fixing. lower bound used: 745.338
try arc fixing based on heuristic lspl: 87.1614
fixed path dual: -19.5483
alpha: 0.0971745
psiStar: 749.715
lagLB: 745.343
||gamma||^2: 45
fixing. lower bound used: 745.151
percent fixed: 74.1301
fixing. lower bound used: 745.338
try arc fixing based on heuristic lspl: 87.2585
fixed path dual: -19.4868
alpha: 0.065919
psiStar: 749.713
lagLB: 745.164
||gamma||^2: 69
fixing. lower bound used: 744.812
percent fixed: 74.1301
fixing. lower bound used: 745.338
try arc fixing based on heuristic lspl: 87.3904
fixed path dual: -19.4133
alpha: 0.0939134
psiStar: 749.71
lagLB: 745.202
||gamma||^2: 48
fixing. lower bound used: 744.831
percent fixed: 74.1301
fixing. lower bound used: 745.338
try arc fixing based on heuristic lspl: 87.2026
fixed path dual: -19.7025
alpha: 0.0576124
psiStar: 749.708
lagLB: 744.695
||gamma||^2: 87
fixing. lower bound used: 745.62
percent fixed: 74.1259
fixing. lower bound used: 745.338
try arc fixing based on heuristic lspl: 87.1449
fixed path dual: -19.4308
alpha: 0.0440683
psiStar: 749.705
lagLB: 745.651
||gamma||^2: 92
fixing. lower bound used: 744.292
percent fixed: 73.1697
fixing. lower bound used: 745.338
try arc fixing based on heuristic lspl: 87.2331
fixed path dual: -19.3444
alpha: 0.0862687
psiStar: 749.702
lagLB: 745.907
||gamma||^2: 44
fixing. lower bound used: 745.474
percent fixed: 73.6097
fixing. lower bound used: 745.338
try arc fixing based on heuristic lspl: 87.0605
fixed path dual: -19.5839
alpha: 0.0811462
psiStar: 749.7
lagLB: 745.399
||gamma||^2: 53
fixing. lower bound used: 746.031
percent fixed: 74.0527
fixing. lower bound used: 745.338
try arc fixing based on heuristic lspl: 87.1417
fixed path dual: -19.7365
alpha: 0.0564324
psiStar: 749.697
lagLB: 744.393
||gamma||^2: 94
fixing. lower bound used: 744.71
percent fixed: 74.0533
fixing. lower bound used: 745.338
try arc fixing based on heuristic lspl: 87.1981
fixed path dual: -19.3695
alpha: 0.132591
psiStar: 749.695
lagLB: 746.115
||gamma||^2: 27
fixing. lower bound used: 744.28
percent fixed: 74.0533
fixing. lower bound used: 745.338
try arc fixing based on heuristic lspl: 86.9329
fixed path dual: -19.8391
alpha: 0.106321
psiStar: 749.692
lagLB: 744.695
||gamma||^2: 47
fixing. lower bound used: 745.88
percent fixed: 74.0519
fixing. lower bound used: 745.338
try arc fixing based on heuristic lspl: 87.1456
fixed path dual: -19.6416
alpha: 0.0642045
psiStar: 749.689
lagLB: 744.938
||gamma||^2: 74
fixing. lower bound used: 743.835
percent fixed: 73.1684
fixing. lower bound used: 745.338
try arc fixing based on heuristic lspl: 87.0172
fixed path dual: -19.574
alpha: 0.0451486
psiStar: 749.687
lagLB: 745.533
||gamma||^2: 92
fixing. lower bound used: 745.13
percent fixed: 73.4489
fixing. lower bound used: 745.338
try arc fixing based on heuristic lspl: 87.1526
fixed path dual: -19.435
alpha: 0.0335783
psiStar: 749.684
lagLB: 745.957
||gamma||^2: 111
fixing. lower bound used: 745.262
percent fixed: 73.5681
fixing. lower bound used: 745.338
try arc fixing based on heuristic lspl: 87.2533
fixed path dual: -19.4057
alpha: 0.0657415
psiStar: 749.682
lagLB: 745.869
||gamma||^2: 58
fixing. lower bound used: 745.7
percent fixed: 73.6948
fixing. lower bound used: 745.338
try arc fixing based on heuristic lspl: 87.1219
fixed path dual: -19.4783
alpha: 0.094005
psiStar: 749.679
lagLB: 745.637
||gamma||^2: 43
fixing. lower bound used: 745.816
percent fixed: 73.7393
fixing. lower bound used: 745.338
try arc fixing based on heuristic lspl: 87.1219
fixed path dual: -19.7475
alpha: 0.0569557
psiStar: 749.676
lagLB: 744.949
||gamma||^2: 83
fixing. lower bound used: 745.738
percent fixed: 74.0552
fixing. lower bound used: 745.338
try arc fixing based on heuristic lspl: 87.2358
fixed path dual: -19.5884
alpha: 0.0826323
psiStar: 749.674
lagLB: 745.46
||gamma||^2: 51
fixing. lower bound used: 744.664
percent fixed: 74.0594
fixing. lower bound used: 745.338
try arc fixing based on heuristic lspl: 87.0705
fixed path dual: -19.5818
alpha: 0.0397698
psiStar: 749.671
lagLB: 745.575
||gamma||^2: 103
fixing. lower bound used: 745.426
percent fixed: 74.0606
fixing. lower bound used: 745.338
try arc fixing based on heuristic lspl: 87.1501
fixed path dual: -19.6519
alpha: 0.0433906
psiStar: 749.669
lagLB: 745.026
||gamma||^2: 107
fixing. lower bound used: 745.168
percent fixed: 74.0606
fixing. lower bound used: 745.338
try arc fixing based on heuristic lspl: 87.2802
fixed path dual: -19.3223
alpha: 0.109866
psiStar: 749.666
lagLB: 746.37
||gamma||^2: 30
fixing. lower bound used: 744.722
percent fixed: 74.0606
fixing. lower bound used: 745.338
try arc fixing based on heuristic lspl: 87.0605
fixed path dual: -19.8045
alpha: 0.0560118
psiStar: 749.664
lagLB: 744.399
||gamma||^2: 94
fixing. lower bound used: 745.894
percent fixed: 74.1298
STATS - lpIterations[7] lagIterations[1111] sspIterations[5555] numSeparations[471] numCuts[0] compileTime[2] sspSolveTime[198] lpSolveTime[0] lb[746.581] ub[778] numArcs: [162964] numFixed: [123217] time: [2645]
STATS1 - lpIterations[7] lagIterations[1111] sspIterations[5555] numSeparations[471] numCuts[0] compileTime[2] sspSolveTime[198] lpSolveTime[0] repairTime[43] cutsTime[0] alphaTime[0] decompTime[0] yellowTime[0] updateTime[0] fixTime[0] lb[746.581] ub[778] numArcs: [162964] numFixed: [123217] time: [2645]
fixing. lower bound used: 745.338
try arc fixing based on heuristic lspl: 87.1165
fixed path dual: -19.8414
alpha: 0.0500827
psiStar: 749.661
lagLB: 744.102
||gamma||^2: 111
fixing. lower bound used: 744.171
percent fixed: 74.1289
fixing. lower bound used: 745.338
try arc fixing based on heuristic lspl: 87.2668
fixed path dual: -19.278
alpha: 0.0858407
psiStar: 749.659
lagLB: 746.568
||gamma||^2: 36
fixing. lower bound used: 743.751
percent fixed: 73.1629
fixing. lower bound used: 745.338
try arc fixing based on heuristic lspl: 87.0951
fixed path dual: -19.6897
alpha: 0.0518537
psiStar: 749.656
lagLB: 745.197
||gamma||^2: 86
fixing. lower bound used: 746.311
percent fixed: 74.2472
fixing. lower bound used: 745.338
try arc fixing based on heuristic lspl: 87.1988
fixed path dual: -19.6907
alpha: 0.081911
psiStar: 749.654
lagLB: 744.985
||gamma||^2: 57
fixing. lower bound used: 744.884
percent fixed: 74.255
fixing. lower bound used: 745.338
try arc fixing based on heuristic lspl: 87.2807
fixed path dual: -19.446
alpha: 0.085782
psiStar: 749.651
lagLB: 745.962
||gamma||^2: 43
fixing. lower bound used: 744.739
percent fixed: 73.1663
fixing. lower bound used: 745.338
try arc fixing based on heuristic lspl: 87.2807
fixed path dual: -19.5441
alpha: 0.0906908
psiStar: 749.649
lagLB: 745.386
||gamma||^2: 47
fixing. lower bound used: 745.589
percent fixed: 73.7311
fixing. lower bound used: 745.338
try arc fixing based on heuristic lspl: 87.2807
fixed path dual: -19.4237
alpha: 0.0576729
psiStar: 749.646
lagLB: 745.897
||gamma||^2: 65
fixing. lower bound used: 745.295
percent fixed: 73.778
fixing. lower bound used: 745.338
try arc fixing based on heuristic lspl: 87.3384
fixed path dual: -19.4815
alpha: 0.0345876
psiStar: 749.643
lagLB: 745.32
||gamma||^2: 125
fixing. lower bound used: 745.447
percent fixed: 73.793
fixing. lower bound used: 745.338
try arc fixing based on heuristic lspl: 87.4421
fixed path dual: -19.252
alpha: 0.0632525
psiStar: 749.641
lagLB: 746.225
||gamma||^2: 54
fixing. lower bound used: 745.078
percent fixed: 73.7936
fixing. lower bound used: 745.338
try arc fixing based on heuristic lspl: 87.3156
fixed path dual: -19.3321
alpha: 0.0624709
psiStar: 749.638
lagLB: 746.078
||gamma||^2: 57
fixing. lower bound used: 746.259
percent fixed: 74.3614
fixing. lower bound used: 745.338
try arc fixing based on heuristic lspl: 87.2531
fixed path dual: -19.5235
alpha: 0.0356234
psiStar: 749.636
lagLB: 745.183
||gamma||^2: 125
fixing. lower bound used: 745.849
percent fixed: 74.3825
fixing. lower bound used: 745.338
try arc fixing based on heuristic lspl: 87.36
fixed path dual: -19.3343
alpha: 0.0766061
psiStar: 749.633
lagLB: 745.88
||gamma||^2: 49
fixing. lower bound used: 744.934
percent fixed: 74.3807
fixing. lower bound used: 745.338
try arc fixing based on heuristic lspl: 87.2068
fixed path dual: -19.3714
alpha: 0.0846076
psiStar: 749.631
lagLB: 746.077
||gamma||^2: 42
fixing. lower bound used: 746.091
percent fixed: 73.9132
fixing. lower bound used: 745.338
try arc fixing based on heuristic lspl: 87.2914
fixed path dual: -19.7785
alpha: 0.0390681
psiStar: 749.628
lagLB: 744.042
||gamma||^2: 143
fixing. lower bound used: 745.534
percent fixed: 74.122
fixing. lower bound used: 745.338
try arc fixing based on heuristic lspl: 87.3695
fixed path dual: -19.3316
alpha: 0.123379
psiStar: 749.626
lagLB: 745.925
||gamma||^2: 30
fixing. lower bound used: 743.69
percent fixed: 73.1619
fixing. lower bound used: 745.338
try arc fixing based on heuristic lspl: 87.1228
fixed path dual: -19.6342
alpha: 0.104846
psiStar: 749.624
lagLB: 744.905
||gamma||^2: 45
fixing. lower bound used: 745.7
percent fixed: 73.8742
fixing. lower bound used: 745.338
try arc fixing based on heuristic lspl: 87.4373
fixed path dual: -19.247
alpha: 0.135141
psiStar: 749.621
lagLB: 746.107
||gamma||^2: 26
fixing. lower bound used: 744.172
percent fixed: 73.8784
fixing. lower bound used: 745.338
try arc fixing based on heuristic lspl: 87.167
fixed path dual: -19.9512
alpha: 0.0561407
psiStar: 749.619
lagLB: 743.668
||gamma||^2: 106
fixing. lower bound used: 745.985
percent fixed: 74.0918
fixing. lower bound used: 745.338
try arc fixing based on heuristic lspl: 87.3355
fixed path dual: -19.6819
alpha: 0.0329676
psiStar: 749.616
lagLB: 744.902
||gamma||^2: 143
fixing. lower bound used: 743.555
percent fixed: 73.1782
fixing. lower bound used: 745.338
try arc fixing based on heuristic lspl: 87.4014
fixed path dual: -19.4081
alpha: 0.0713631
psiStar: 749.614
lagLB: 745.974
||gamma||^2: 51
fixing. lower bound used: 744.605
percent fixed: 73.18
fixing. lower bound used: 745.338
try arc fixing based on heuristic lspl: 87.2587
fixed path dual: -19.3999
alpha: 0.0719318
psiStar: 749.611
lagLB: 746.087
||gamma||^2: 49
fixing. lower bound used: 745.974
percent fixed: 74.0009
fixing. lower bound used: 745.338
try arc fixing based on heuristic lspl: 87.4745
fixed path dual: -19.3822
alpha: 0.0790309
psiStar: 749.609
lagLB: 745.815
||gamma||^2: 48
fixing. lower bound used: 745.504
percent fixed: 74.0424
fixing. lower bound used: 745.338
try arc fixing based on heuristic lspl: 87.3164
fixed path dual: -19.6941
alpha: 0.0747565
psiStar: 749.606
lagLB: 745.046
||gamma||^2: 61
fixing. lower bound used: 745.961
percent fixed: 74.1516
fixing. lower bound used: 745.338
try arc fixing based on heuristic lspl: 87.3912
fixed path dual: -19.5276
alpha: 0.0351137
psiStar: 749.604
lagLB: 745.355
||gamma||^2: 121
fixing. lower bound used: 744.514
percent fixed: 74.1516
fixing. lower bound used: 745.338
try arc fixing based on heuristic lspl: 87.4965
fixed path dual: -19.3723
alpha: 0.0977813
psiStar: 749.601
lagLB: 745.886
||gamma||^2: 38
fixing. lower bound used: 745.109
percent fixed: 74.1502
fixing. lower bound used: 745.338
try arc fixing based on heuristic lspl: 87.3009
fixed path dual: -19.411
alpha: 0.0306678
psiStar: 749.599
lagLB: 745.888
||gamma||^2: 121
fixing. lower bound used: 745.917
percent fixed: 73.8483
fixing. lower bound used: 745.338
try arc fixing based on heuristic lspl: 87.393
fixed path dual: -19.3514
alpha: 0.0823952
psiStar: 749.596
lagLB: 745.971
||gamma||^2: 44
fixing. lower bound used: 745.597
percent fixed: 74.0481
fixing. lower bound used: 745.338
try arc fixing based on heuristic lspl: 87.393
fixed path dual: -19.3978
alpha: 0.101437
psiStar: 749.594
lagLB: 745.739
||gamma||^2: 38
fixing. lower bound used: 745.824
percent fixed: 74.1075
fixing. lower bound used: 745.338
try arc fixing based on heuristic lspl: 87.393
fixed path dual: -19.6946
alpha: 0.064764
psiStar: 749.592
lagLB: 744.864
||gamma||^2: 73
fixing. lower bound used: 745.745
percent fixed: 73.5734
fixing. lower bound used: 745.338
try arc fixing based on heuristic lspl: 87.5225
fixed path dual: -19.3384
alpha: 0.0707797
psiStar: 749.589
lagLB: 746.192
||gamma||^2: 48
fixing. lower bound used: 744.41
percent fixed: 73.7449
fixing. lower bound used: 745.338
try arc fixing based on heuristic lspl: 87.3809
fixed path dual: -19.5579
alpha: 0.0359593
psiStar: 749.587
lagLB: 745.236
||gamma||^2: 121
fixing. lower bound used: 745.94
percent fixed: 74.2452
fixing. lower bound used: 745.338
try arc fixing based on heuristic lspl: 87.4888
fixed path dual: -19.4947
alpha: 0.0702326
psiStar: 749.584
lagLB: 745.3
||gamma||^2: 61
fixing. lower bound used: 744.855
percent fixed: 74.2476
fixing. lower bound used: 745.338
try arc fixing based on heuristic lspl: 87.4888
fixed path dual: -19.3823
alpha: 0.116973
psiStar: 749.582
lagLB: 746.073
||gamma||^2: 30
fixing. lower bound used: 745.511
percent fixed: 74.2758
fixing. lower bound used: 745.338
try arc fixing based on heuristic lspl: 87.2549
fixed path dual: -19.9716
alpha: 0.047883
psiStar: 749.58
lagLB: 743.594
||gamma||^2: 125
fixing. lower bound used: 745.638
percent fixed: 74.2758
fixing. lower bound used: 745.338
try arc fixing based on heuristic lspl: 87.3985
fixed path dual: -19.5689
alpha: 0.0457955
psiStar: 749.577
lagLB: 745.272
||gamma||^2: 94
fixing. lower bound used: 743.259
percent fixed: 74.2758
fixing. lower bound used: 745.338
try arc fixing based on heuristic lspl: 87.4443
fixed path dual: -19.3332
alpha: 0.0669914
psiStar: 749.575
lagLB: 746.359
||gamma||^2: 48
fixing. lower bound used: 745.181
percent fixed: 74.2758
fixing. lower bound used: 745.338
try arc fixing based on heuristic lspl: 87.3103
fixed path dual: -19.6243
alpha: 0.159954
psiStar: 749.572
lagLB: 745.573
||gamma||^2: 25
fixing. lower bound used: 746.262
percent fixed: 74.3891
fixing. lower bound used: 745.338
try arc fixing based on heuristic lspl: 87.4703
fixed path dual: -19.5616
alpha: 0.172397
psiStar: 749.57
lagLB: 745.088
||gamma||^2: 26
fixing. lower bound used: 744.74
percent fixed: 74.3897
fixing. lower bound used: 745.338
try arc fixing based on heuristic lspl: 87.2979
fixed path dual: -19.7763
alpha: 0.160566
psiStar: 749.568
lagLB: 745.393
||gamma||^2: 26
fixing. lower bound used: 745.854
percent fixed: 74.3897
fixing. lower bound used: 745.338
try arc fixing based on heuristic lspl: 87.619
fixed path dual: -19.6194
alpha: 0.145025
psiStar: 749.565
lagLB: 745.214
||gamma||^2: 30
fixing. lower bound used: 744.429
percent fixed: 74.3897
fixing. lower bound used: 745.338
try arc fixing based on heuristic lspl: 87.329
fixed path dual: -19.7978
alpha: 0.0728227
psiStar: 749.563
lagLB: 744.902
||gamma||^2: 64
fixing. lower bound used: 745.476
percent fixed: 74.3888
fixing. lower bound used: 745.338
try arc fixing based on heuristic lspl: 87.4018
fixed path dual: -19.7342
alpha: 0.0384077
psiStar: 749.56
lagLB: 745.22
||gamma||^2: 113
fixing. lower bound used: 744.843
percent fixed: 73.2384
fixing. lower bound used: 745.338
try arc fixing based on heuristic lspl: 87.517
fixed path dual: -19.517
alpha: 0.103554
psiStar: 749.558
lagLB: 746.037
||gamma||^2: 34
fixing. lower bound used: 744.951
percent fixed: 73.4148
fixing. lower bound used: 745.338
try arc fixing based on heuristic lspl: 87.3099
fixed path dual: -19.5397
alpha: 0.0716812
psiStar: 749.556
lagLB: 746.545
||gamma||^2: 42
STATS - lpIterations[7] lagIterations[1155] sspIterations[5775] numSeparations[482] numCuts[0] compileTime[2] sspSolveTime[205] lpSolveTime[0] lb[746.59] ub[778] numArcs: [163438] numFixed: [122406] time: [2747]
STATS1 - lpIterations[7] lagIterations[1155] sspIterations[5775] numSeparations[482] numCuts[0] compileTime[2] sspSolveTime[205] lpSolveTime[0] repairTime[45] cutsTime[0] alphaTime[0] decompTime[0] yellowTime[0] updateTime[0] fixTime[0] lb[746.59] ub[778] numArcs: [163438] numFixed: [122406] time: [2747]
lambda: 0,34.0981,7.43094,52.665,49.5541,25.9592,31.8991,9.13168,32.774,19.9436,8.11771,21.0629,20.8171,23.7505,16.031,7.9923,29.766,28.1201,17.4036,32.2175,17.2219,34.108,17.9307,42.5571,29.7819,43.3525,30.6884,8.94548,20.7338,15.3379,29.8084,14.5764,51.2813,19.042,
mu: 
srcDuals: 
fixing. lower bound used: 746.59
percent fixed: 74.6317
updating best lambda arc fixing
fixing. lower bound used: 746.59
try arc fixing based on heuristic lspl: 87.3816
fixed path dual: -19.8253
alpha: 0.0646205
psiStar: 749.562
lagLB: 744.974
||gamma||^2: 71
fixing. lower bound used: 745.96
percent fixed: 74.6443
updating best lambda arc fixing
fixing. lower bound used: 745.96
try arc fixing based on heuristic lspl: 87.2523
fixed path dual: -19.7501
alpha: 0.0296697
psiStar: 749.56
lagLB: 745.673
||gamma||^2: 131
fixing. lower bound used: 745.297
percent fixed: 74.6443
fixing. lower bound used: 745.96
try arc fixing based on heuristic lspl: 87.3413
fixed path dual: -19.6586
alpha: 0.0671609
psiStar: 749.557
lagLB: 745.864
||gamma||^2: 55
fixing. lower bound used: 745.403
percent fixed: 74.6434
fixing. lower bound used: 745.96
try arc fixing based on heuristic lspl: 87.4085
fixed path dual: -19.5439
alpha: 0.127925
psiStar: 749.555
lagLB: 746.101
||gamma||^2: 27
fixing. lower bound used: 745.528
percent fixed: 73.8485
fixing. lower bound used: 745.96
try arc fixing based on heuristic lspl: 87.4085
fixed path dual: -19.8608
alpha: 0.0900099
psiStar: 749.553
lagLB: 745.412
||gamma||^2: 46
fixing. lower bound used: 746.282
percent fixed: 74.3634
fixing. lower bound used: 745.96
try arc fixing based on heuristic lspl: 87.4085
fixed path dual: -19.7716
alpha: 0.096801
psiStar: 749.55
lagLB: 745.678
||gamma||^2: 40
fixing. lower bound used: 745.202
percent fixed: 73.843
fixing. lower bound used: 745.96
try arc fixing based on heuristic lspl: 87.4085
fixed path dual: -19.789
alpha: 0.0350169
psiStar: 749.548
lagLB: 745.591
||gamma||^2: 113
fixing. lower bound used: 745.626
percent fixed: 74.0487
fixing. lower bound used: 745.96
try arc fixing based on heuristic lspl: 87.5136
fixed path dual: -19.7992
alpha: 0.0524801
psiStar: 749.546
lagLB: 745.295
||gamma||^2: 81
fixing. lower bound used: 745.176
percent fixed: 74.0517
fixing. lower bound used: 745.96
try arc fixing based on heuristic lspl: 87.566
fixed path dual: -19.5521
alpha: 0.0889476
psiStar: 749.543
lagLB: 746.163
||gamma||^2: 38
fixing. lower bound used: 744.927
percent fixed: 74.0503
fixing. lower bound used: 745.96
try arc fixing based on heuristic lspl: 87.3881
fixed path dual: -19.9305
alpha: 0.0549193
psiStar: 749.541
lagLB: 744.983
||gamma||^2: 83
fixing. lower bound used: 746.079
percent fixed: 74.1157
fixing. lower bound used: 745.96
try arc fixing based on heuristic lspl: 87.498
fixed path dual: -19.7822
alpha: 0.0870031
psiStar: 749.539
lagLB: 745.45
||gamma||^2: 47
fixing. lower bound used: 744.708
percent fixed: 74.2908
fixing. lower bound used: 745.96
try arc fixing based on heuristic lspl: 87.324
fixed path dual: -19.6368
alpha: 0.0574209
psiStar: 749.536
lagLB: 746.263
||gamma||^2: 57
fixing. lower bound used: 745.537
percent fixed: 74.2949
fixing. lower bound used: 745.96
try arc fixing based on heuristic lspl: 87.2665
fixed path dual: -19.6726
STATS - lpIterations[7] lagIterations[1168] sspIterations[5840] numSeparations[485] numCuts[0] compileTime[2] sspSolveTime[207] lpSolveTime[0] lb[746.602] ub[778] numArcs: [163496] numFixed: [123921] time: [2777]
STATS1 - lpIterations[7] lagIterations[1168] sspIterations[5840] numSeparations[485] numCuts[0] compileTime[2] sspSolveTime[207] lpSolveTime[0] repairTime[45] cutsTime[0] alphaTime[0] decompTime[0] yellowTime[0] updateTime[0] fixTime[0] lb[746.602] ub[778] numArcs: [163496] numFixed: [123921] time: [2777]
lambda: 0,34.1132,7.59666,52.7533,49.3891,25.777,32.0028,9.19069,32.8606,19.9648,8.21445,21.0158,20.9055,23.8721,16.0821,7.97484,29.8417,28.1568,17.5439,32.2541,17.2432,34.1946,18.0162,42.5722,29.6643,43.3269,30.5234,8.96057,20.9074,15.3187,29.6262,14.6731,51.3679,19.0603,
mu: 
srcDuals: 
alpha: 0.0654225
psiStar: 749.546
lagLB: 746.602
||gamma||^2: 45
STATS - lpIterations[7] lagIterations[1168] sspIterations[5840] numSeparations[485] numCuts[0] compileTime[2] sspSolveTime[207] lpSolveTime[0] lb[746.693] ub[778] numArcs: [163496] numFixed: [123921] time: [2778]
STATS1 - lpIterations[7] lagIterations[1168] sspIterations[5840] numSeparations[485] numCuts[0] compileTime[2] sspSolveTime[207] lpSolveTime[0] repairTime[45] cutsTime[0] alphaTime[0] decompTime[0] yellowTime[0] updateTime[0] fixTime[0] lb[746.693] ub[778] numArcs: [163496] numFixed: [123921] time: [2778]
lambda: 0,34.1786,7.53124,52.6879,49.4545,25.8424,32.0682,9.12527,32.926,19.8994,8.0836,20.9503,20.84,23.7412,16.1476,7.90942,29.7763,28.026,17.4785,32.1233,17.3086,34.1946,17.9508,42.6376,29.7297,43.2615,30.5888,9.02599,20.9074,15.3842,29.6916,14.5423,51.3679,18.9949,
mu: 
srcDuals: 
fixing. lower bound used: 746.693
percent fixed: 74.6061
fixing. lower bound used: 745.96
try arc fixing based on heuristic lspl: 87.4628
fixed path dual: -19.8308
alpha: 0.0747989
psiStar: 749.635
lagLB: 745.222
||gamma||^2: 59
fixing. lower bound used: 745.708
percent fixed: 74.6073
fixing. lower bound used: 745.96
try arc fixing based on heuristic lspl: 87.3132
fixed path dual: -19.7002
alpha: 0.0512686
psiStar: 749.632
lagLB: 746.249
||gamma||^2: 66
fixing. lower bound used: 745.596
percent fixed: 74.6073
fixing. lower bound used: 745.96
try arc fixing based on heuristic lspl: 87.467
fixed path dual: -19.7175
alpha: 0.0726103
psiStar: 749.63
lagLB: 745.854
||gamma||^2: 52
fixing. lower bound used: 745.806
percent fixed: 74.6085
fixing. lower bound used: 745.96
try arc fixing based on heuristic lspl: 87.5396
fixed path dual: -19.633
alpha: 0.0805669
psiStar: 749.628
lagLB: 745.841
||gamma||^2: 47
fixing. lower bound used: 745.419
percent fixed: 74.6085
fixing. lower bound used: 745.96
try arc fixing based on heuristic lspl: 87.3785
fixed path dual: -19.9086
alpha: 0.0487576
psiStar: 749.625
lagLB: 745.189
||gamma||^2: 91
fixing. lower bound used: 746.107
percent fixed: 74.6094
fixing. lower bound used: 745.96
try arc fixing based on heuristic lspl: 87.4273
fixed path dual: -19.7555
alpha: 0.0932704
psiStar: 749.623
lagLB: 745.613
||gamma||^2: 43
fixing. lower bound used: 744.847
percent fixed: 73.8527
fixing. lower bound used: 745.96
try arc fixing based on heuristic lspl: 87.4273
fixed path dual: -19.7069
alpha: 0.11349
psiStar: 749.621
lagLB: 745.762
||gamma||^2: 34
fixing. lower bound used: 745.519
percent fixed: 74.0508
fixing. lower bound used: 745.96
try arc fixing based on heuristic lspl: 87.4273
fixed path dual: -19.8147
alpha: 0.0548473
psiStar: 749.619
lagLB: 745.45
||gamma||^2: 76
fixing. lower bound used: 745.733
percent fixed: 73.8953
fixing. lower bound used: 745.96
try arc fixing based on heuristic lspl: 87.537
fixed path dual: -19.6003
alpha: 0.081499
psiStar: 749.616
lagLB: 746.193
||gamma||^2: 42
fixing. lower bound used: 745.121
percent fixed: 74.0707
fixing. lower bound used: 745.96
try arc fixing based on heuristic lspl: 87.374
fixed path dual: -19.8087
alpha: 0.0322817
psiStar: 749.614
lagLB: 745.966
||gamma||^2: 113
fixing. lower bound used: 746.487
percent fixed: 74.5425
fixing. lower bound used: 745.96
try arc fixing based on heuristic lspl: 87.4708
fixed path dual: -19.9129
alpha: 0.104579
psiStar: 749.612
lagLB: 745.219
||gamma||^2: 42
fixing. lower bound used: 745.465
percent fixed: 74.5461
fixing. lower bound used: 745.96
try arc fixing based on heuristic lspl: 87.4708
fixed path dual: -19.8706
alpha: 0.0369787
psiStar: 749.609
lagLB: 745.431
||gamma||^2: 113
fixing. lower bound used: 745.219
percent fixed: 74.5461
fixing. lower bound used: 745.96
try arc fixing based on heuristic lspl: 87.5817
fixed path dual: -19.7661
alpha: 0.0931575
psiStar: 749.607
lagLB: 745.695
||gamma||^2: 42
fixing. lower bound used: 745.055
percent fixed: 74.5461
fixing. lower bound used: 745.96
try arc fixing based on heuristic lspl: 87.3954
fixed path dual: -19.8101
alpha: 0.0965349
psiStar: 749.605
lagLB: 746.033
||gamma||^2: 37
fixing. lower bound used: 746.129
percent fixed: 74.5569
fixing. lower bound used: 745.96
try arc fixing based on heuristic lspl: 87.5885
fixed path dual: -19.6934
alpha: 0.0707862
psiStar: 749.603
lagLB: 746.134
||gamma||^2: 49
fixing. lower bound used: 745.55
percent fixed: 74.5611
fixing. lower bound used: 745.96
try arc fixing based on heuristic lspl: 87.6593
fixed path dual: -19.8349
alpha: 0.0996805
psiStar: 749.6
lagLB: 745.214
||gamma||^2: 44
fixing. lower bound used: 745.481
percent fixed: 74.5611
fixing. lower bound used: 745.96
try arc fixing based on heuristic lspl: 87.4599
fixed path dual: -19.9092
alpha: 0.047116
psiStar: 749.598
lagLB: 745.64
||gamma||^2: 84
fixing. lower bound used: 745.815
percent fixed: 74.5611
fixing. lower bound used: 745.96
try arc fixing based on heuristic lspl: 87.507
fixed path dual: -19.9122
alpha: 0.0766919
psiStar: 749.596
lagLB: 745.531
||gamma||^2: 53
fixing. lower bound used: 745.465
percent fixed: 74.5611
fixing. lower bound used: 745.96
try arc fixing based on heuristic lspl: 87.5837
fixed path dual: -19.7453
alpha: 0.104786
psiStar: 749.594
lagLB: 746.136
||gamma||^2: 33
fixing. lower bound used: 745.301
percent fixed: 74.5611
fixing. lower bound used: 745.96
try arc fixing based on heuristic lspl: 87.4789
fixed path dual: -20.047
alpha: 0.105723
psiStar: 749.591
lagLB: 745.151
||gamma||^2: 42
fixing. lower bound used: 745.971
percent fixed: 74.5611
fixing. lower bound used: 745.96
try arc fixing based on heuristic lspl: 87.3732
fixed path dual: -20.3023
alpha: 0.0404659
psiStar: 749.589
lagLB: 744.086
||gamma||^2: 136
fixing. lower bound used: 744.974
percent fixed: 74.5602
fixing. lower bound used: 745.96
try arc fixing based on heuristic lspl: 87.4541
fixed path dual: -19.7974
alpha: 0.0702221
psiStar: 749.587
lagLB: 746.286
||gamma||^2: 47
fixing. lower bound used: 743.762
percent fixed: 73.8632
fixing. lower bound used: 745.96
try arc fixing based on heuristic lspl: 87.3137
fixed path dual: -19.9268
alpha: 0.086105
psiStar: 749.585
lagLB: 745.71
||gamma||^2: 45
fixing. lower bound used: 746.046
percent fixed: 74.2175
fixing. lower bound used: 745.96
try arc fixing based on heuristic lspl: 87.572
fixed path dual: -19.7236
alpha: 0.0411838
psiStar: 749.582
lagLB: 746.123
||gamma||^2: 84
fixing. lower bound used: 745.103
percent fixed: 74.2193
fixing. lower bound used: 745.96
try arc fixing based on heuristic lspl: 87.6132
fixed path dual: -19.6895
alpha: 0.0736198
psiStar: 749.58
lagLB: 746.046
||gamma||^2: 48
fixing. lower bound used: 745.812
percent fixed: 74.2451
fixing. lower bound used: 745.96
try arc fixing based on heuristic lspl: 87.466
fixed path dual: -19.8499
alpha: 0.138349
psiStar: 749.578
lagLB: 745.981
||gamma||^2: 26
fixing. lower bound used: 746.312
percent fixed: 74.4037
fixing. lower bound used: 745.96
try arc fixing based on heuristic lspl: 87.7427
fixed path dual: -19.8698
alpha: 0.083292
psiStar: 749.576
lagLB: 745.328
||gamma||^2: 51
fixing. lower bound used: 745.322
percent fixed: 74.4043
fixing. lower bound used: 745.96
try arc fixing based on heuristic lspl: 87.5761
fixed path dual: -19.8272
alpha: 0.0840283
psiStar: 749.573
lagLB: 745.624
||gamma||^2: 47
fixing. lower bound used: 745.336
percent fixed: 74.4043
fixing. lower bound used: 745.96
try arc fixing based on heuristic lspl: 87.408
fixed path dual: -20.0508
alpha: 0.0323959
psiStar: 749.571
lagLB: 745.263
||gamma||^2: 133
fixing. lower bound used: 746.095
percent fixed: 74.4365
fixing. lower bound used: 745.96
try arc fixing based on heuristic lspl: 87.5052
fixed path dual: -19.8786
alpha: 0.0470819
psiStar: 749.569
lagLB: 745.897
||gamma||^2: 78
fixing. lower bound used: 745.036
percent fixed: 73.8624
fixing. lower bound used: 745.96
try arc fixing based on heuristic lspl: 87.411
fixed path dual: -19.7643
alpha: 0.0939034
psiStar: 749.567
lagLB: 746.468
||gamma||^2: 33
fixing. lower bound used: 745.897
percent fixed: 74.1035
fixing. lower bound used: 745.96
try arc fixing based on heuristic lspl: 87.3171
fixed path dual: -20.1549
alpha: 0.0366387
psiStar: 749.565
lagLB: 744.985
||gamma||^2: 125
fixing. lower bound used: 746.221
percent fixed: 74.3236
fixing. lower bound used: 745.96
try arc fixing based on heuristic lspl: 87.4271
fixed path dual: -20.0212
alpha: 0.0925673
psiStar: 749.562
lagLB: 745.397
||gamma||^2: 45
fixing. lower bound used: 744.678
percent fixed: 74.3236
fixing. lower bound used: 745.96
try arc fixing based on heuristic lspl: 87.5196
fixed path dual: -19.9489
alpha: 0.0367557
psiStar: 749.56
lagLB: 745.48
||gamma||^2: 111
fixing. lower bound used: 745.092
percent fixed: 74.3236
fixing. lower bound used: 745.96
try arc fixing based on heuristic lspl: 87.6299
fixed path dual: -19.7853
alpha: 0.0462747
psiStar: 749.558
lagLB: 746.041
||gamma||^2: 76
fixing. lower bound used: 745.223
percent fixed: 74.3236
fixing. lower bound used: 745.96
try arc fixing based on heuristic lspl: 87.5373
fixed path dual: -19.7637
alpha: 0.0770677
psiStar: 749.556
lagLB: 746.242
||gamma||^2: 43
fixing. lower bound used: 746.129
percent fixed: 74.3428
fixing. lower bound used: 745.96
try arc fixing based on heuristic lspl: 87.5373
fixed path dual: -19.9448
alpha: 0.0750621
psiStar: 749.554
lagLB: 745.876
||gamma||^2: 49
fixing. lower bound used: 746.353
percent fixed: 74.4756
fixing. lower bound used: 745.96
try arc fixing based on heuristic lspl: 87.6124
fixed path dual: -19.9772
alpha: 0.048367
psiStar: 749.551
lagLB: 745.489
||gamma||^2: 84
fixing. lower bound used: 745.329
percent fixed: 74.4756
fixing. lower bound used: 745.96
try arc fixing based on heuristic lspl: 87.6608
fixed path dual: -19.7012
alpha: 0.0618929
psiStar: 749.549
lagLB: 746.578
||gamma||^2: 48
fixing. lower bound used: 745.198
percent fixed: 74.4756
fixing. lower bound used: 745.96
try arc fixing based on heuristic lspl: 87.537
fixed path dual: -19.9391
alpha: 0.14158
psiStar: 749.547
lagLB: 746.007
||gamma||^2: 25
fixing. lower bound used: 746.498
percent fixed: 74.6227
fixing. lower bound used: 745.96
try arc fixing based on heuristic lspl: 87.6786
fixed path dual: -19.9587
alpha: 0.096516
psiStar: 749.545
lagLB: 745.202
||gamma||^2: 45
fixing. lower bound used: 745.236
percent fixed: 74.6287
fixing. lower bound used: 745.96
try arc fixing based on heuristic lspl: 87.7751
fixed path dual: -19.7122
alpha: 0.0809074
psiStar: 749.543
lagLB: 746.145
||gamma||^2: 42
fixing. lower bound used: 744.912
percent fixed: 74.6287
fixing. lower bound used: 745.96
try arc fixing based on heuristic lspl: 87.6942
fixed path dual: -19.8188
alpha: 0.135482
psiStar: 749.54
lagLB: 745.611
||gamma||^2: 29
fixing. lower bound used: 745.855
percent fixed: 74.6278
fixing. lower bound used: 745.96
try arc fixing based on heuristic lspl: 87.5587
fixed path dual: -20.0057
alpha: 0.0815117
psiStar: 749.538
lagLB: 745.626
||gamma||^2: 48
fixing. lower bound used: 746.129
percent fixed: 74.0862
fixing. lower bound used: 745.96
try arc fixing based on heuristic lspl: 87.6402
fixed path dual: -20.1656
alpha: 0.0402903
psiStar: 749.536
lagLB: 744.5
||gamma||^2: 125
fixing. lower bound used: 745.03
percent fixed: 74.2572
fixing. lower bound used: 745.96
try arc fixing based on heuristic lspl: 87.7611
fixed path dual: -19.6644
STATS - lpIterations[7] lagIterations[1214] sspIterations[6070] numSeparations[491] numCuts[0] compileTime[2] sspSolveTime[214] lpSolveTime[0] lb[746.724] ub[778] numArcs: [163925] numFixed: [124186] time: [2879]
STATS1 - lpIterations[7] lagIterations[1214] sspIterations[6070] numSeparations[491] numCuts[0] compileTime[2] sspSolveTime[214] lpSolveTime[0] repairTime[47] cutsTime[0] alphaTime[0] decompTime[0] yellowTime[0] updateTime[0] fixTime[0] lb[746.724] ub[778] numArcs: [163925] numFixed: [124186] time: [2879]
lambda: 0,34.0852,7.63247,52.8508,49.6397,25.772,31.9818,9.15641,32.8945,19.8378,7.99287,20.7807,21.003,23.8459,16.1756,7.98943,29.807,28.1705,17.3291,32.2678,17.3819,34.3072,17.9628,42.6845,29.6964,43.4087,30.6232,8.97887,20.9732,15.3549,29.7423,14.5457,51.4806,18.6932,
mu: 
srcDuals: 
alpha: 0.0887942
psiStar: 749.565
lagLB: 746.724
||gamma||^2: 32
fixing. lower bound used: 744.218
percent fixed: 74.259
STATS - lpIterations[8] lagIterations[1214] sspIterations[6070] numSeparations[491] numCuts[0] compileTime[2] sspSolveTime[214] lpSolveTime[0] lb[746.724] ub[778] numArcs: [163925] numFixed: [124187] time: [2880]
STATS1 - lpIterations[8] lagIterations[1214] sspIterations[6070] numSeparations[491] numCuts[0] compileTime[2] sspSolveTime[214] lpSolveTime[0] repairTime[47] cutsTime[0] alphaTime[0] decompTime[0] yellowTime[0] updateTime[0] fixTime[0] lb[746.724] ub[778] numArcs: [163925] numFixed: [124187] time: [2880]
fixing. lower bound used: 745.96
try arc fixing based on heuristic lspl: 87.5835
fixed path dual: -20.1044
alpha: 0.0471723
psiStar: 749.563
lagLB: 745.412
||gamma||^2: 88
fixing. lower bound used: 746.547
percent fixed: 74.6094
fixing. lower bound used: 745.96
try arc fixing based on heuristic lspl: 87.6307
fixed path dual: -20.1338
alpha: 0.0828389
psiStar: 749.561
lagLB: 745.171
||gamma||^2: 53
fixing. lower bound used: 745.218
percent fixed: 74.6154
fixing. lower bound used: 745.96
try arc fixing based on heuristic lspl: 87.7135
fixed path dual: -19.8866
alpha: 0.0849138
psiStar: 749.559
lagLB: 745.992
||gamma||^2: 42
fixing. lower bound used: 744.756
percent fixed: 74.6154
fixing. lower bound used: 745.96
try arc fixing based on heuristic lspl: 87.7135
fixed path dual: -19.9563
alpha: 0.0889245
psiStar: 749.557
lagLB: 745.644
||gamma||^2: 44
fixing. lower bound used: 745.72
percent fixed: 74.6154
fixing. lower bound used: 745.96
try arc fixing based on heuristic lspl: 87.5356
fixed path dual: -20.186
alpha: 0.0347829
psiStar: 749.555
lagLB: 745.207
||gamma||^2: 125
fixing. lower bound used: 745.96
percent fixed: 74.6166
fixing. lower bound used: 745.96
try arc fixing based on heuristic lspl: 87.64
fixed path dual: -19.9688
alpha: 0.0875725
psiStar: 749.552
lagLB: 746.05
||gamma||^2: 40
fixing. lower bound used: 744.963
percent fixed: 74.6166
fixing. lower bound used: 745.96
try arc fixing based on heuristic lspl: 87.64
fixed path dual: -20.0038
alpha: 0.0693548
psiStar: 749.55
lagLB: 745.874
||gamma||^2: 53
fixing. lower bound used: 745.924
percent fixed: 74.6166
fixing. lower bound used: 745.96
try arc fixing based on heuristic lspl: 87.7093
fixed path dual: -19.9724
alpha: 0.0361059
psiStar: 749.548
lagLB: 745.685
||gamma||^2: 107
fixing. lower bound used: 745.522
percent fixed: 74.6149
fixing. lower bound used: 745.96
try arc fixing based on heuristic lspl: 87.8177
fixed path dual: -19.861
alpha: 0.0620529
psiStar: 749.546
lagLB: 746.133
||gamma||^2: 55
fixing. lower bound used: 745.575
percent fixed: 73.8777
fixing. lower bound used: 745.96
try arc fixing based on heuristic lspl: 87.6936
fixed path dual: -19.9559
alpha: 0.100072
psiStar: 749.544
lagLB: 746.342
||gamma||^2: 32
fixing. lower bound used: 746.491
percent fixed: 74.4259
fixing. lower bound used: 745.96
try arc fixing based on heuristic lspl: 87.7936
fixed path dual: -19.9653
alpha: 0.0894832
psiStar: 749.542
lagLB: 745.694
||gamma||^2: 43
fixing. lower bound used: 745.678
percent fixed: 74.4301
fixing. lower bound used: 745.96
try arc fixing based on heuristic lspl: 87.7936
fixed path dual: -19.9554
alpha: 0.148268
psiStar: 749.54
lagLB: 745.833
||gamma||^2: 25
fixing. lower bound used: 745.641
percent fixed: 74.4301
fixing. lower bound used: 745.96
try arc fixing based on heuristic lspl: 87.6454
fixed path dual: -20.2459
alpha: 0.0939499
psiStar: 749.537
lagLB: 745.122
||gamma||^2: 47
fixing. lower bound used: 745.894
percent fixed: 74.4331
fixing. lower bound used: 745.96
try arc fixing based on heuristic lspl: 87.6454
fixed path dual: -20.3918
alpha: 0.0463462
psiStar: 749.535
lagLB: 744.298
||gamma||^2: 113
fixing. lower bound used: 744.783
percent fixed: 74.4331
fixing. lower bound used: 745.96
try arc fixing based on heuristic lspl: 87.7844
fixed path dual: -19.8984
alpha: 0.0606375
psiStar: 749.533
lagLB: 746.441
||gamma||^2: 51
fixing. lower bound used: 743.974
percent fixed: 74.4331
fixing. lower bound used: 745.96
try arc fixing based on heuristic lspl: 87.6631
fixed path dual: -19.9562
alpha: 0.0553147
psiStar: 749.531
lagLB: 746.212
||gamma||^2: 60
fixing. lower bound used: 746.379
percent fixed: 74.4923
fixing. lower bound used: 745.96
try arc fixing based on heuristic lspl: 87.7184
fixed path dual: -20.1475
alpha: 0.0333014
psiStar: 749.529
lagLB: 745.366
||gamma||^2: 125
fixing. lower bound used: 746.02
percent fixed: 74.5001
fixing. lower bound used: 745.96
try arc fixing based on heuristic lspl: 87.8183
fixed path dual: -19.8988
alpha: 0.12115
psiStar: 749.527
lagLB: 746.377
||gamma||^2: 26
fixing. lower bound used: 745.133
percent fixed: 74.5001
fixing. lower bound used: 745.96
try arc fixing based on heuristic lspl: 87.576
fixed path dual: -20.3247
alpha: 0.0957334
psiStar: 749.525
lagLB: 745.217
||gamma||^2: 45
fixing. lower bound used: 746.383
percent fixed: 74.5156
fixing. lower bound used: 745.96
try arc fixing based on heuristic lspl: 87.8632
fixed path dual: -20.1678
alpha: 0.0455635
psiStar: 749.523
lagLB: 745.331
||gamma||^2: 92
fixing. lower bound used: 744.523
percent fixed: 74.5156
fixing. lower bound used: 745.96
try arc fixing based on heuristic lspl: 87.7721
fixed path dual: -19.9075
alpha: 0.106964
psiStar: 749.521
lagLB: 746.633
||gamma||^2: 27
fixing. lower bound used: 745.331
percent fixed: 74.5156
fixing. lower bound used: 745.96
try arc fixing based on heuristic lspl: 87.7721
fixed path dual: -20.2629
alpha: 0.0878366
psiStar: 749.519
lagLB: 745.39
||gamma||^2: 47
fixing. lower bound used: 746.337
percent fixed: 74.561
fixing. lower bound used: 745.96
try arc fixing based on heuristic lspl: 87.5964
fixed path dual: -20.4424
alpha: 0.0554566
psiStar: 749.516
lagLB: 744.581
||gamma||^2: 89
fixing. lower bound used: 745.175
percent fixed: 74.5628
fixing. lower bound used: 745.96
try arc fixing based on heuristic lspl: 87.7074
fixed path dual: -20.1026
alpha: 0.030097
psiStar: 749.514
lagLB: 746.113
||gamma||^2: 113
fixing. lower bound used: 744.414
percent fixed: 74.5628
fixing. lower bound used: 745.96
try arc fixing based on heuristic lspl: 87.7977
fixed path dual: -19.9514
alpha: 0.0951197
psiStar: 749.512
lagLB: 746.659
||gamma||^2: 30
fixing. lower bound used: 745.903
percent fixed: 74.5628
fixing. lower bound used: 745.96
try arc fixing based on heuristic lspl: 87.6074
fixed path dual: -20.2857
alpha: 0.0796661
psiStar: 749.51
lagLB: 745.368
||gamma||^2: 52
fixing. lower bound used: 746.301
percent fixed: 74.5851
fixing. lower bound used: 745.96
try arc fixing based on heuristic lspl: 87.7667
fixed path dual: -19.9735
alpha: 0.113244
psiStar: 749.508
lagLB: 746.451
||gamma||^2: 27
fixing. lower bound used: 744.89
percent fixed: 73.8827
fixing. lower bound used: 745.96
try arc fixing based on heuristic lspl: 87.5403
fixed path dual: -20.3704
alpha: 0.0866722
psiStar: 749.506
lagLB: 745.259
||gamma||^2: 49
fixing. lower bound used: 746.401
percent fixed: 74.3741
fixing. lower bound used: 745.96
try arc fixing based on heuristic lspl: 87.8003
fixed path dual: -20.1275
alpha: 0.0586695
psiStar: 749.504
lagLB: 745.866
||gamma||^2: 62
fixing. lower bound used: 744.652
percent fixed: 74.3759
fixing. lower bound used: 745.96
try arc fixing based on heuristic lspl: 87.6829
fixed path dual: -20.0952
alpha: 0.0910383
psiStar: 749.502
lagLB: 746.498
||gamma||^2: 33
fixing. lower bound used: 746.33
percent fixed: 74.4345
fixing. lower bound used: 745.96
try arc fixing based on heuristic lspl: 87.774
fixed path dual: -20.1592
alpha: 0.0629614
psiStar: 749.5
lagLB: 745.722
||gamma||^2: 60
fixing. lower bound used: 745.901
percent fixed: 74.4374
fixing. lower bound used: 745.96
try arc fixing based on heuristic lspl: 87.774
fixed path dual: -20.198
alpha: 0.0929417
psiStar: 749.498
lagLB: 745.78
||gamma||^2: 40
fixing. lower bound used: 745.736
percent fixed: 74.4416
fixing. lower bound used: 745.96
try arc fixing based on heuristic lspl: 87.5881
fixed path dual: -20.409
alpha: 0.0322796
psiStar: 749.496
lagLB: 745.654
||gamma||^2: 119
fixing. lower bound used: 746.288
percent fixed: 74.4437
fixing. lower bound used: 745.96
try arc fixing based on heuristic lspl: 87.6526
fixed path dual: -20.3386
alpha: 0.0488588
psiStar: 749.494
lagLB: 745.78
||gamma||^2: 76
fixing. lower bound used: 745.393
percent fixed: 73.9044
fixing. lower bound used: 745.96
try arc fixing based on heuristic lspl: 87.7015
fixed path dual: -20.0459
STATS - lpIterations[8] lagIterations[1249] sspIterations[6245] numSeparations[494] numCuts[0] compileTime[2] sspSolveTime[219] lpSolveTime[0] lb[746.951] ub[778] numArcs: [164064] numFixed: [123958] time: [2955]
STATS1 - lpIterations[8] lagIterations[1249] sspIterations[6245] numSeparations[494] numCuts[0] compileTime[2] sspSolveTime[219] lpSolveTime[0] repairTime[48] cutsTime[0] alphaTime[0] decompTime[0] yellowTime[0] updateTime[0] fixTime[0] lb[746.951] ub[778] numArcs: [164064] numFixed: [123958] time: [2955]
lambda: 0,34.0467,7.65813,52.9612,49.7548,25.8112,32.093,9.1634,32.9607,19.9159,8.0874,20.6741,21.1134,23.8401,16.27,8.03895,29.992,28.1811,17.6989,32.2784,17.4648,34.3854,18.0475,42.7371,29.7033,43.5485,30.6505,9.0333,20.9857,15.5391,29.6885,14.568,51.5587,18.7305,
mu: 
srcDuals: 
alpha: 0.061523
psiStar: 749.72
lagLB: 746.951
||gamma||^2: 45
fixing. lower bound used: 745.487
percent fixed: 74.0908
fixing. lower bound used: 745.96
try arc fixing based on heuristic lspl: 87.763
fixed path dual: -20.2998
alpha: 0.0981546
psiStar: 749.718
lagLB: 745.497
||gamma||^2: 43
fixing. lower bound used: 746.206
percent fixed: 74.2347
fixing. lower bound used: 745.96
try arc fixing based on heuristic lspl: 87.763
fixed path dual: -20.175
alpha: 0.0820669
psiStar: 749.716
lagLB: 746.023
||gamma||^2: 45
fixing. lower bound used: 745.399
percent fixed: 74.2347
fixing. lower bound used: 745.96
try arc fixing based on heuristic lspl: 87.8451
fixed path dual: -20.0931
alpha: 0.0801696
psiStar: 749.714
lagLB: 746.186
||gamma||^2: 44
fixing. lower bound used: 745.776
percent fixed: 74.2395
fixing. lower bound used: 745.96
try arc fixing based on heuristic lspl: 87.8451
fixed path dual: -20.0976
alpha: 0.0699683
psiStar: 749.711
lagLB: 746.003
||gamma||^2: 53
fixing. lower bound used: 745.992
percent fixed: 74.2849
fixing. lower bound used: 745.96
try arc fixing based on heuristic lspl: 87.9151
fixed path dual: -20.1123
alpha: 0.0848849
psiStar: 749.709
lagLB: 745.72
||gamma||^2: 47
fixing. lower bound used: 745.741
percent fixed: 74.2849
fixing. lower bound used: 745.96
try arc fixing based on heuristic lspl: 87.7453
fixed path dual: -20.2688
alpha: 0.0500792
psiStar: 749.707
lagLB: 745.701
||gamma||^2: 80
fixing. lower bound used: 746.147
percent fixed: 74.3081
fixing. lower bound used: 745.96
try arc fixing based on heuristic lspl: 87.6451
fixed path dual: -20.1644
alpha: 0.0610877
psiStar: 749.705
lagLB: 746.223
||gamma||^2: 57
fixing. lower bound used: 745.701
percent fixed: 74.307
fixing. lower bound used: 745.96
try arc fixing based on heuristic lspl: 87.6451
fixed path dual: -20.133
alpha: 0.0740549
psiStar: 749.703
lagLB: 746.075
||gamma||^2: 49
fixing. lower bound used: 745.918
percent fixed: 73.97
fixing. lower bound used: 745.96
try arc fixing based on heuristic lspl: 87.7192
fixed path dual: -20.3377
alpha: 0.070285
psiStar: 749.701
lagLB: 745.273
||gamma||^2: 63
fixing. lower bound used: 745.939
percent fixed: 74.2119
fixing. lower bound used: 745.96
try arc fixing based on heuristic lspl: 87.5786
fixed path dual: -20.2921
alpha: 0.0330188
psiStar: 749.699
lagLB: 745.572
||gamma||^2: 125
fixing. lower bound used: 745.325
percent fixed: 74.2149
fixing. lower bound used: 745.96
try arc fixing based on heuristic lspl: 87.6777
fixed path dual: -20.1113
alpha: 0.0958995
psiStar: 749.697
lagLB: 746.245
||gamma||^2: 36
fixing. lower bound used: 745.341
percent fixed: 74.2149
fixing. lower bound used: 745.96
try arc fixing based on heuristic lspl: 87.6777
fixed path dual: -20.2608
alpha: 0.137243
psiStar: 749.695
lagLB: 746.264
||gamma||^2: 25
fixing. lower bound used: 746.593
percent fixed: 74.5582
fixing. lower bound used: 745.96
try arc fixing based on heuristic lspl: 87.5404
fixed path dual: -20.5925
alpha: 0.0507246
psiStar: 749.693
lagLB: 744.469
||gamma||^2: 103
fixing. lower bound used: 745.619
percent fixed: 74.5606
fixing. lower bound used: 745.96
try arc fixing based on heuristic lspl: 87.6419
fixed path dual: -20.5223
alpha: 0.0423566
psiStar: 749.691
lagLB: 744.566
||gamma||^2: 121
fixing. lower bound used: 744.203
percent fixed: 74.5606
fixing. lower bound used: 745.96
try arc fixing based on heuristic lspl: 87.769
fixed path dual: -20.0853
alpha: 0.0829387
psiStar: 749.689
lagLB: 746.455
||gamma||^2: 39
fixing. lower bound used: 744.27
percent fixed: 74.5606
fixing. lower bound used: 745.96
try arc fixing based on heuristic lspl: 87.769
fixed path dual: -20.2389
alpha: 0.0569229
psiStar: 749.687
lagLB: 746.101
||gamma||^2: 63
fixing. lower bound used: 746.54
percent fixed: 74.6801
updating best lambda arc fixing
fixing. lower bound used: 746.54
try arc fixing based on heuristic lspl: 87.6551
fixed path dual: -20.4309
alpha: 0.034783
psiStar: 749.685
lagLB: 745.198
||gamma||^2: 129
fixing. lower bound used: 745.817
percent fixed: 74.6792
fixing. lower bound used: 746.54
try arc fixing based on heuristic lspl: 87.7247
fixed path dual: -20.1507
alpha: 0.0773831
psiStar: 749.683
lagLB: 746.356
||gamma||^2: 43
fixing. lower bound used: 744.955
percent fixed: 74.303
fixing. lower bound used: 746.54
try arc fixing based on heuristic lspl: 87.7247
fixed path dual: -20.2647
alpha: 0.057851
psiStar: 749.681
lagLB: 745.863
||gamma||^2: 66
fixing. lower bound used: 746.212
percent fixed: 74.4807
fixing. lower bound used: 746.54
try arc fixing based on heuristic lspl: 87.8404
fixed path dual: -20.0752
alpha: 0.128637
psiStar: 749.679
lagLB: 746.463
||gamma||^2: 25
fixing. lower bound used: 745.516
percent fixed: 74.3089
fixing. lower bound used: 746.54
try arc fixing based on heuristic lspl: 87.7117
fixed path dual: -20.3265
alpha: 0.0510998
psiStar: 749.677
lagLB: 745.078
||gamma||^2: 90
fixing. lower bound used: 745.833
percent fixed: 74.5011
fixing. lower bound used: 746.54
try arc fixing based on heuristic lspl: 87.8139
fixed path dual: -20.2778
alpha: 0.0948059
psiStar: 749.675
lagLB: 745.219
||gamma||^2: 47
fixing. lower bound used: 744.922
percent fixed: 74.5035
fixing. lower bound used: 746.54
try arc fixing based on heuristic lspl: 87.8139
fixed path dual: -20.1759
alpha: 0.0642668
psiStar: 749.673
lagLB: 746.203
||gamma||^2: 54
fixing. lower bound used: 745.656
percent fixed: 74.504
fixing. lower bound used: 746.54
try arc fixing based on heuristic lspl: 87.6854
fixed path dual: -20.3668
alpha: 0.0342834
psiStar: 749.671
lagLB: 745.249
||gamma||^2: 129
fixing. lower bound used: 745.902
percent fixed: 74.5032
fixing. lower bound used: 746.54
try arc fixing based on heuristic lspl: 87.754
fixed path dual: -20.0955
alpha: 0.0786757
psiStar: 749.669
lagLB: 746.365
||gamma||^2: 42
fixing. lower bound used: 745.009
percent fixed: 74.3105
fixing. lower bound used: 746.54
try arc fixing based on heuristic lspl: 87.8326
fixed path dual: -20.1598
alpha: 0.127276
psiStar: 749.667
lagLB: 746.358
||gamma||^2: 26
fixing. lower bound used: 746.513
percent fixed: 74.5497
fixing. lower bound used: 746.54
try arc fixing based on heuristic lspl: 87.8326
fixed path dual: -20.337
alpha: 0.1059
psiStar: 749.665
lagLB: 745.218
||gamma||^2: 42
fixing. lower bound used: 745.741
percent fixed: 74.5598
fixing. lower bound used: 746.54
try arc fixing based on heuristic lspl: 87.7267
fixed path dual: -20.5516
alpha: 0.0606647
psiStar: 749.663
lagLB: 744.992
||gamma||^2: 77
fixing. lower bound used: 745.577
percent fixed: 74.5604
fixing. lower bound used: 746.54
try arc fixing based on heuristic lspl: 87.6054
fixed path dual: -20.3196
alpha: 0.030519
psiStar: 749.661
lagLB: 746.213
||gamma||^2: 113
fixing. lower bound used: 745.053
percent fixed: 74.5604
fixing. lower bound used: 746.54
try arc fixing based on heuristic lspl: 87.697
fixed path dual: -20.2048
alpha: 0.0532149
psiStar: 749.659
lagLB: 746.573
||gamma||^2: 58
fixing. lower bound used: 745.999
percent fixed: 74.5616
fixing. lower bound used: 746.54
try arc fixing based on heuristic lspl: 87.7502
fixed path dual: -20.1366
alpha: 0.0721056
psiStar: 749.657
lagLB: 746.701
||gamma||^2: 41
fixing. lower bound used: 746.36
percent fixed: 74.5748
fixing. lower bound used: 746.54
try arc fixing based on heuristic lspl: 87.6781
fixed path dual: -20.3551
alpha: 0.0772235
psiStar: 749.656
lagLB: 746.258
||gamma||^2: 44
fixing. lower bound used: 746.813
percent fixed: 74.7907
updating best lambda arc fixing
fixing. lower bound used: 746.813
try arc fixing based on heuristic lspl: 87.6781
fixed path dual: -20.5427
alpha: 0.0554099
psiStar: 749.654
lagLB: 745.165
||gamma||^2: 81
fixing. lower bound used: 745.717
percent fixed: 74.7893
fixing. lower bound used: 746.813
try arc fixing based on heuristic lspl: 87.7335
fixed path dual: -20.259
alpha: 0.0796468
psiStar: 749.652
lagLB: 746.306
||gamma||^2: 42
fixing. lower bound used: 744.888
percent fixed: 74.5227
fixing. lower bound used: 746.813
try arc fixing based on heuristic lspl: 87.7335
fixed path dual: -20.2638
alpha: 0.134679
psiStar: 749.65
lagLB: 746.283
||gamma||^2: 25
fixing. lower bound used: 746.15
percent fixed: 74.7028
fixing. lower bound used: 746.813
try arc fixing based on heuristic lspl: 87.5988
fixed path dual: -20.6358
alpha: 0.0459785
psiStar: 749.648
lagLB: 745.096
||gamma||^2: 99
fixing. lower bound used: 746.13
percent fixed: 74.7058
fixing. lower bound used: 746.813
try arc fixing based on heuristic lspl: 87.6448
fixed path dual: -20.5257
alpha: 0.0962172
psiStar: 749.646
lagLB: 745.508
||gamma||^2: 43
fixing. lower bound used: 744.958
percent fixed: 74.7058
fixing. lower bound used: 746.813
try arc fixing based on heuristic lspl: 87.6448
fixed path dual: -20.49
alpha: 0.044541
psiStar: 749.644
lagLB: 745.591
||gamma||^2: 91
fixing. lower bound used: 745.412
percent fixed: 74.7058
fixing. lower bound used: 746.813
try arc fixing based on heuristic lspl: 87.7339
fixed path dual: -20.2434
alpha: 0.121628
psiStar: 749.642
lagLB: 746.601
||gamma||^2: 25
fixing. lower bound used: 745.368
percent fixed: 74.7058
fixing. lower bound used: 746.813
try arc fixing based on heuristic lspl: 87.6122
fixed path dual: -20.6686
alpha: 0.0670136
psiStar: 749.64
lagLB: 745.083
||gamma||^2: 68
fixing. lower bound used: 746.285
percent fixed: 74.7131
fixing. lower bound used: 746.813
try arc fixing based on heuristic lspl: 87.6793
fixed path dual: -20.5495
alpha: 0.0747047
psiStar: 749.638
lagLB: 745.679
||gamma||^2: 53
fixing. lower bound used: 745.083
percent fixed: 74.5343
fixing. lower bound used: 746.813
try arc fixing based on heuristic lspl: 87.754
fixed path dual: -20.4051
alpha: 0.0886988
psiStar: 749.636
lagLB: 746.177
||gamma||^2: 39
fixing. lower bound used: 745.455
percent fixed: 74.7041
fixing. lower bound used: 746.813
try arc fixing based on heuristic lspl: 87.754
fixed path dual: -20.4554
alpha: 0.0722717
psiStar: 749.634
lagLB: 745.659
||gamma||^2: 55
fixing. lower bound used: 745.833
percent fixed: 74.7071
fixing. lower bound used: 746.813
try arc fixing based on heuristic lspl: 87.6094
fixed path dual: -20.5691
alpha: 0.0462543
psiStar: 749.632
lagLB: 745.886
||gamma||^2: 81
fixing. lower bound used: 746.159
percent fixed: 74.7071
fixing. lower bound used: 746.813
try arc fixing based on heuristic lspl: 87.7482
fixed path dual: -20.4359
alpha: 0.0447677
psiStar: 749.63
lagLB: 746.228
||gamma||^2: 76
fixing. lower bound used: 745.562
percent fixed: 74.7071
fixing. lower bound used: 746.813
try arc fixing based on heuristic lspl: 87.793
fixed path dual: -20.2552
alpha: 0.0921868
psiStar: 749.628
lagLB: 746.863
||gamma||^2: 30
fixing. lower bound used: 745.959
percent fixed: 74.7071
fixing. lower bound used: 746.813
try arc fixing based on heuristic lspl: 87.6086
fixed path dual: -20.6655
alpha: 0.0346503
psiStar: 749.626
lagLB: 745.364
||gamma||^2: 123
fixing. lower bound used: 746.624
percent fixed: 74.7397
fixing. lower bound used: 746.813
try arc fixing based on heuristic lspl: 87.6779
fixed path dual: -20.4938
alpha: 0.0728824
psiStar: 749.625
lagLB: 745.98
||gamma||^2: 50
fixing. lower bound used: 745.071
percent fixed: 74.5327
fixing. lower bound used: 746.813
try arc fixing based on heuristic lspl: 87.605
fixed path dual: -20.4161
alpha: 0.0428145
psiStar: 749.623
lagLB: 746.369
||gamma||^2: 76
fixing. lower bound used: 745.98
percent fixed: 74.7049
fixing. lower bound used: 746.813
try arc fixing based on heuristic lspl: 87.6906
fixed path dual: -20.4477
alpha: 0.0519042
psiStar: 749.621
lagLB: 746.039
||gamma||^2: 69
fixing. lower bound used: 746.05
percent fixed: 74.7085
fixing. lower bound used: 746.813
try arc fixing based on heuristic lspl: 87.7944
fixed path dual: -20.2798
alpha: 0.0769123
psiStar: 749.619
lagLB: 746.619
||gamma||^2: 39
fixing. lower bound used: 745.78
percent fixed: 74.7085
fixing. lower bound used: 746.813
try arc fixing based on heuristic lspl: 87.6406
fixed path dual: -20.5968
alpha: 0.0793965
psiStar: 749.617
lagLB: 745.726
||gamma||^2: 49
fixing. lower bound used: 746.607
percent fixed: 74.7359
fixing. lower bound used: 746.813
try arc fixing based on heuristic lspl: 87.72
fixed path dual: -20.6801
alpha: 0.0500173
psiStar: 749.615
lagLB: 744.913
||gamma||^2: 94
fixing. lower bound used: 745.054
percent fixed: 74.7412
fixing. lower bound used: 746.813
try arc fixing based on heuristic lspl: 87.77
fixed path dual: -20.3277
alpha: 0.10127
psiStar: 749.613
lagLB: 746.575
||gamma||^2: 30
fixing. lower bound used: 744.813
percent fixed: 74.7412
fixing. lower bound used: 746.813
try arc fixing based on heuristic lspl: 87.5675
fixed path dual: -20.6928
alpha: 0.055709
psiStar: 749.611
lagLB: 745.154
||gamma||^2: 80
fixing. lower bound used: 746.262
percent fixed: 74.7461
fixing. lower bound used: 746.813
try arc fixing based on heuristic lspl: 87.6789
fixed path dual: -20.4884
alpha: 0.0400721
psiStar: 749.609
lagLB: 745.843
||gamma||^2: 94
fixing. lower bound used: 744.82
percent fixed: 74.5348
fixing. lower bound used: 746.813
try arc fixing based on heuristic lspl: 87.719
fixed path dual: -20.3669
alpha: 0.0899318
psiStar: 749.607
lagLB: 746.37
||gamma||^2: 36
fixing. lower bound used: 745.762
percent fixed: 74.7045
fixing. lower bound used: 746.813
try arc fixing based on heuristic lspl: 87.5391
fixed path dual: -20.5517
alpha: 0.137609
psiStar: 749.606
lagLB: 746.165
||gamma||^2: 25
fixing. lower bound used: 746.567
percent fixed: 74.7188
fixing. lower bound used: 746.813
try arc fixing based on heuristic lspl: 87.6767
fixed path dual: -20.5802
alpha: 0.0815085
psiStar: 749.604
lagLB: 745.61
||gamma||^2: 49
fixing. lower bound used: 745.625
percent fixed: 74.7194
fixing. lower bound used: 746.813
try arc fixing based on heuristic lspl: 87.7582
fixed path dual: -20.4124
alpha: 0.0596071
psiStar: 749.602
lagLB: 746.204
||gamma||^2: 57
fixing. lower bound used: 745.287
percent fixed: 74.7194
fixing. lower bound used: 746.813
try arc fixing based on heuristic lspl: 87.6986
fixed path dual: -20.3549
STATS - lpIterations[8] lagIterations[1310] sspIterations[6550] numSeparations[502] numCuts[0] compileTime[2] sspSolveTime[228] lpSolveTime[0] lb[747.028] ub[778] numArcs: [164506] numFixed: [125433] time: [3091]
STATS1 - lpIterations[8] lagIterations[1310] sspIterations[6550] numSeparations[502] numCuts[0] compileTime[2] sspSolveTime[228] lpSolveTime[0] repairTime[50] cutsTime[0] alphaTime[0] decompTime[0] yellowTime[0] updateTime[0] fixTime[0] lb[747.028] ub[778] numArcs: [164506] numFixed: [125433] time: [3091]
lambda: 0,34.0846,7.74612,53.0917,49.7995,25.6144,32.1593,9.31322,32.9601,19.9162,8.05509,20.78,21.2438,23.8354,16.4316,8.02719,30.1378,28.339,17.6915,32.4363,17.666,34.4207,17.8511,42.8998,29.7578,43.6448,30.6568,9.07113,20.9361,15.6193,29.721,14.695,51.594,18.6064,
mu: 
srcDuals: 
alpha: 0.105961
psiStar: 749.677
lagLB: 747.028
||gamma||^2: 25
fixing. lower bound used: 746.741
percent fixed: 74.7534
fixing. lower bound used: 746.813
try arc fixing based on heuristic lspl: 87.5927
fixed path dual: -20.5303
alpha: 0.0625879
psiStar: 749.676
lagLB: 746.045
||gamma||^2: 58
fixing. lower bound used: 746.523
percent fixed: 74.8009
updating best lambda arc fixing
fixing. lower bound used: 746.523
try arc fixing based on heuristic lspl: 87.5927
fixed path dual: -20.3482
alpha: 0.102343
psiStar: 749.674
lagLB: 746.706
||gamma||^2: 29
fixing. lower bound used: 745.795
percent fixed: 74.2463
fixing. lower bound used: 746.523
try arc fixing based on heuristic lspl: 87.4903
fixed path dual: -20.8964
alpha: 0.0462119
psiStar: 749.672
lagLB: 744.681
||gamma||^2: 108
fixing. lower bound used: 746.547
percent fixed: 74.6098
fixing. lower bound used: 746.523
try arc fixing based on heuristic lspl: 87.6752
fixed path dual: -20.5682
alpha: 0.0675898
psiStar: 749.67
lagLB: 745.952
||gamma||^2: 55
fixing. lower bound used: 744.311
percent fixed: 74.2413
fixing. lower bound used: 746.523
try arc fixing based on heuristic lspl: 87.6752
fixed path dual: -20.4833
alpha: 0.0907323
psiStar: 749.668
lagLB: 746.039
||gamma||^2: 40
fixing. lower bound used: 745.615
percent fixed: 74.2556
fixing. lower bound used: 746.523
try arc fixing based on heuristic lspl: 87.4937
fixed path dual: -20.4573
alpha: 0.108087
psiStar: 749.666
lagLB: 746.532
||gamma||^2: 29
fixing. lower bound used: 746.291
percent fixed: 74.4682
fixing. lower bound used: 746.523
try arc fixing based on heuristic lspl: 87.3856
fixed path dual: -20.9195
alpha: 0.0476036
psiStar: 749.664
lagLB: 744.761
||gamma||^2: 103
fixing. lower bound used: 746.299
percent fixed: 74.514
fixing. lower bound used: 746.523
try arc fixing based on heuristic lspl: 87.5284
fixed path dual: -20.6427
alpha: 0.0785787
psiStar: 749.662
lagLB: 745.812
||gamma||^2: 49
fixing. lower bound used: 744.428
percent fixed: 74.514
fixing. lower bound used: 746.523
try arc fixing based on heuristic lspl: 87.607
fixed path dual: -20.6445
alpha: 0.0758012
psiStar: 749.661
lagLB: 745.567
||gamma||^2: 54
fixing. lower bound used: 745.411
percent fixed: 74.5136
fixing. lower bound used: 746.523
try arc fixing based on heuristic lspl: 87.6828
fixed path dual: -20.4435
alpha: 0.0674574
psiStar: 749.659
lagLB: 746.421
||gamma||^2: 48
fixing. lower bound used: 745.416
percent fixed: 74.2374
fixing. lower bound used: 746.523
try arc fixing based on heuristic lspl: 87.5479
fixed path dual: -20.6553
alpha: 0.0447022
psiStar: 749.657
lagLB: 746.036
||gamma||^2: 81
fixing. lower bound used: 746.696
percent fixed: 74.6362
fixing. lower bound used: 746.523
try arc fixing based on heuristic lspl: 87.682
fixed path dual: -20.6506
alpha: 0.0507545
psiStar: 749.655
lagLB: 745.747
||gamma||^2: 77
fixing. lower bound used: 745.593
percent fixed: 74.6416
fixing. lower bound used: 746.523
try arc fixing based on heuristic lspl: 87.7328
fixed path dual: -20.3483
alpha: 0.0518945
psiStar: 749.653
lagLB: 746.903
||gamma||^2: 53
fixing. lower bound used: 745.392
percent fixed: 74.6416
fixing. lower bound used: 746.523
try arc fixing based on heuristic lspl: 87.629
fixed path dual: -20.568
alpha: 0.0633403
psiStar: 749.651
lagLB: 746.168
||gamma||^2: 55
fixing. lower bound used: 746.757
percent fixed: 74.7197
fixing. lower bound used: 746.523
try arc fixing based on heuristic lspl: 87.7556
fixed path dual: -20.4335
alpha: 0.0739213
psiStar: 749.65
lagLB: 746.397
||gamma||^2: 44
fixing. lower bound used: 745.724
percent fixed: 74.2499
STATS - lpIterations[9] lagIterations[1325] sspIterations[6625] numSeparations[507] numCuts[0] compileTime[2] sspSolveTime[231] lpSolveTime[0] lb[747.028] ub[778] numArcs: [164660] numFixed: [124771] time: [3129]
STATS1 - lpIterations[9] lagIterations[1325] sspIterations[6625] numSeparations[507] numCuts[0] compileTime[2] sspSolveTime[231] lpSolveTime[0] repairTime[51] cutsTime[0] alphaTime[0] decompTime[0] yellowTime[0] updateTime[0] fixTime[0] lb[747.028] ub[778] numArcs: [164660] numFixed: [124771] time: [3129]
fixing. lower bound used: 746.523
try arc fixing based on heuristic lspl: 87.6078
fixed path dual: -20.6669
alpha: 0.0648564
psiStar: 749.648
lagLB: 745.821
||gamma||^2: 59
fixing. lower bound used: 746.458
percent fixed: 74.5385
fixing. lower bound used: 746.523
try arc fixing based on heuristic lspl: 87.6727
fixed path dual: -20.6781
alpha: 0.034916
psiStar: 749.646
lagLB: 745.7
||gamma||^2: 113
fixing. lower bound used: 745.669
percent fixed: 74.5409
fixing. lower bound used: 746.523
try arc fixing based on heuristic lspl: 87.7774
fixed path dual: -20.6506
alpha: 0.054007
psiStar: 749.644
lagLB: 745.594
||gamma||^2: 75
fixing. lower bound used: 745.367
percent fixed: 74.54
fixing. lower bound used: 746.523
try arc fixing based on heuristic lspl: 87.6694
fixed path dual: -20.3938
alpha: 0.0903516
psiStar: 749.642
lagLB: 746.932
||gamma||^2: 30
fixing. lower bound used: 745.648
percent fixed: 74.54
fixing. lower bound used: 746.523
try arc fixing based on heuristic lspl: 87.4887
fixed path dual: -20.9317
alpha: 0.0352227
psiStar: 749.64
lagLB: 744.604
||gamma||^2: 143
fixing. lower bound used: 746.6
percent fixed: 74.601
fixing. lower bound used: 746.523
try arc fixing based on heuristic lspl: 87.5944
fixed path dual: -20.5509
alpha: 0.070372
psiStar: 749.639
lagLB: 746.19
||gamma||^2: 49
fixing. lower bound used: 744.287
percent fixed: 74.245
fixing. lower bound used: 746.523
try arc fixing based on heuristic lspl: 87.524
fixed path dual: -20.5149
alpha: 0.0925813
psiStar: 749.637
lagLB: 746.582
||gamma||^2: 33
fixing. lower bound used: 746.401
percent fixed: 74.4973
fixing. lower bound used: 746.523
try arc fixing based on heuristic lspl: 87.6166
fixed path dual: -20.5911
alpha: 0.0795386
psiStar: 749.635
lagLB: 745.738
||gamma||^2: 49
fixing. lower bound used: 745.905
percent fixed: 74.5008
fixing. lower bound used: 746.523
try arc fixing based on heuristic lspl: 87.6961
fixed path dual: -20.5767
alpha: 0.0943359
psiStar: 749.633
lagLB: 746.048
||gamma||^2: 38
fixing. lower bound used: 745.802
percent fixed: 74.5014
fixing. lower bound used: 746.523
try arc fixing based on heuristic lspl: 87.6961
fixed path dual: -20.5414
alpha: 0.138269
psiStar: 749.631
lagLB: 746.036
||gamma||^2: 26
fixing. lower bound used: 745.86
percent fixed: 74.5062
fixing. lower bound used: 746.523
try arc fixing based on heuristic lspl: 87.6961
fixed path dual: -20.7356
alpha: 0.0704688
psiStar: 749.629
lagLB: 745.895
||gamma||^2: 53
fixing. lower bound used: 746.414
percent fixed: 74.5419
fixing. lower bound used: 746.523
try arc fixing based on heuristic lspl: 87.7666
fixed path dual: -20.7787
alpha: 0.0620851
psiStar: 749.628
lagLB: 745.468
||gamma||^2: 67
fixing. lower bound used: 745.41
percent fixed: 74.5411
fixing. lower bound used: 746.523
try arc fixing based on heuristic lspl: 87.7045
fixed path dual: -20.5697
alpha: 0.0675576
psiStar: 749.626
lagLB: 746.451
||gamma||^2: 47
fixing. lower bound used: 745.406
percent fixed: 74.2414
fixing. lower bound used: 746.523
try arc fixing based on heuristic lspl: 87.5694
fixed path dual: -20.7366
alpha: 0.0790677
psiStar: 749.624
lagLB: 746.224
||gamma||^2: 43
fixing. lower bound used: 746.638
percent fixed: 74.5578
fixing. lower bound used: 746.523
try arc fixing based on heuristic lspl: 87.5694
fixed path dual: -20.8186
alpha: 0.0670187
psiStar: 749.622
lagLB: 745.735
||gamma||^2: 58
fixing. lower bound used: 745.952
percent fixed: 74.5602
fixing. lower bound used: 746.523
try arc fixing based on heuristic lspl: 87.6364
fixed path dual: -20.7224
alpha: 0.0336847
psiStar: 749.62
lagLB: 745.814
||gamma||^2: 113
fixing. lower bound used: 745.312
percent fixed: 74.5602
fixing. lower bound used: 746.523
try arc fixing based on heuristic lspl: 87.7374
fixed path dual: -20.5034
alpha: 0.0613603
psiStar: 749.619
lagLB: 746.673
||gamma||^2: 48
fixing. lower bound used: 745.578
percent fixed: 74.5602
fixing. lower bound used: 746.523
try arc fixing based on heuristic lspl: 87.6147
fixed path dual: -20.7836
alpha: 0.0848015
psiStar: 749.617
lagLB: 745.886
||gamma||^2: 44
fixing. lower bound used: 746.609
percent fixed: 74.6351
fixing. lower bound used: 746.523
try arc fixing based on heuristic lspl: 87.6147
fixed path dual: -20.9167
alpha: 0.0371091
psiStar: 749.615
lagLB: 745.051
||gamma||^2: 123
fixing. lower bound used: 745.499
percent fixed: 74.6362
fixing. lower bound used: 746.523
try arc fixing based on heuristic lspl: 87.6889
fixed path dual: -20.5884
alpha: 0.0739766
psiStar: 749.613
lagLB: 746.432
||gamma||^2: 43
fixing. lower bound used: 744.791
percent fixed: 74.2395
fixing. lower bound used: 746.523
try arc fixing based on heuristic lspl: 87.6889
fixed path dual: -20.6722
alpha: 0.0783076
psiStar: 749.611
lagLB: 746.088
||gamma||^2: 45
fixing. lower bound used: 746.305
percent fixed: 74.4357
fixing. lower bound used: 746.523
try arc fixing based on heuristic lspl: 87.7673
fixed path dual: -20.5346
alpha: 0.0686361
psiStar: 749.61
lagLB: 746.384
||gamma||^2: 47
fixing. lower bound used: 745.696
percent fixed: 74.4458
fixing. lower bound used: 746.523
try arc fixing based on heuristic lspl: 87.8359
fixed path dual: -20.4946
alpha: 0.0384493
psiStar: 749.608
lagLB: 746.378
||gamma||^2: 84
fixing. lower bound used: 746.178
percent fixed: 74.4467
fixing. lower bound used: 746.523
try arc fixing based on heuristic lspl: 87.8359
fixed path dual: -20.4334
alpha: 0.0875796
psiStar: 749.606
lagLB: 746.453
||gamma||^2: 36
fixing. lower bound used: 746.147
percent fixed: 74.2932
fixing. lower bound used: 746.523
try arc fixing based on heuristic lspl: 87.6607
fixed path dual: -20.6907
alpha: 0.0644325
psiStar: 749.604
lagLB: 745.867
||gamma||^2: 58
fixing. lower bound used: 746.6
percent fixed: 74.6248
fixing. lower bound used: 746.523
try arc fixing based on heuristic lspl: 87.5963
fixed path dual: -20.7936
alpha: 0.0496482
psiStar: 749.603
lagLB: 745.482
||gamma||^2: 83
fixing. lower bound used: 745.802
percent fixed: 74.6296
fixing. lower bound used: 746.523
try arc fixing based on heuristic lspl: 87.6956
fixed path dual: -20.6069
alpha: 0.06733
psiStar: 749.601
lagLB: 746.167
||gamma||^2: 51
fixing. lower bound used: 745.234
percent fixed: 74.6296
fixing. lower bound used: 746.523
try arc fixing based on heuristic lspl: 87.5609
fixed path dual: -20.6926
alpha: 0.0541886
psiStar: 749.599
lagLB: 745.806
||gamma||^2: 70
fixing. lower bound used: 745.986
percent fixed: 74.6302
fixing. lower bound used: 746.523
try arc fixing based on heuristic lspl: 87.6693
fixed path dual: -20.7029
alpha: 0.0276303
psiStar: 749.597
lagLB: 745.646
||gamma||^2: 143
fixing. lower bound used: 745.626
percent fixed: 74.6293
fixing. lower bound used: 746.523
try arc fixing based on heuristic lspl: 87.7522
fixed path dual: -20.4327
alpha: 0.0949102
psiStar: 749.595
lagLB: 746.748
||gamma||^2: 30
fixing. lower bound used: 745.397
percent fixed: 74.2477
fixing. lower bound used: 746.523
try arc fixing based on heuristic lspl: 87.5624
fixed path dual: -20.7458
alpha: 0.0937502
psiStar: 749.594
lagLB: 745.562
||gamma||^2: 43
fixing. lower bound used: 746.433
percent fixed: 74.555
fixing. lower bound used: 746.523
try arc fixing based on heuristic lspl: 87.7499
fixed path dual: -20.5537
alpha: 0.0797674
psiStar: 749.592
lagLB: 746.242
||gamma||^2: 42
fixing. lower bound used: 745.281
percent fixed: 74.5592
fixing. lower bound used: 746.523
try arc fixing based on heuristic lspl: 87.5903
fixed path dual: -20.6674
alpha: 0.0472632
psiStar: 749.59
lagLB: 746.471
||gamma||^2: 66
fixing. lower bound used: 746.792
percent fixed: 74.6893
fixing. lower bound used: 746.523
try arc fixing based on heuristic lspl: 87.5903
fixed path dual: -20.8307
alpha: 0.0329851
psiStar: 749.588
lagLB: 745.465
||gamma||^2: 125
fixing. lower bound used: 745.988
percent fixed: 74.6905
fixing. lower bound used: 746.523
try arc fixing based on heuristic lspl: 87.6893
fixed path dual: -20.5469
alpha: 0.0437804
psiStar: 749.587
lagLB: 746.653
||gamma||^2: 67
fixing. lower bound used: 745.234
percent fixed: 74.6905
fixing. lower bound used: 746.523
try arc fixing based on heuristic lspl: 87.7331
fixed path dual: -20.573
alpha: 0.0420181
psiStar: 749.585
lagLB: 746.392
||gamma||^2: 76
fixing. lower bound used: 746.379
percent fixed: 74.6947
fixing. lower bound used: 746.523
try arc fixing based on heuristic lspl: 87.649
fixed path dual: -20.6903
alpha: 0.0332787
psiStar: 749.583
lagLB: 745.889
||gamma||^2: 111
fixing. lower bound used: 746.284
percent fixed: 74.6929
fixing. lower bound used: 746.523
try arc fixing based on heuristic lspl: 87.7156
fixed path dual: -20.4407
alpha: 0.0637423
psiStar: 749.581
lagLB: 746.904
||gamma||^2: 42
fixing. lower bound used: 745.656
percent fixed: 74.2495
fixing. lower bound used: 746.523
try arc fixing based on heuristic lspl: 87.7156
fixed path dual: -20.6021
alpha: 0.105537
psiStar: 749.58
lagLB: 746.097
||gamma||^2: 33
fixing. lower bound used: 746.521
percent fixed: 74.5104
fixing. lower bound used: 746.523
try arc fixing based on heuristic lspl: 87.6101
fixed path dual: -20.6526
alpha: 0.128224
psiStar: 749.578
lagLB: 746.372
||gamma||^2: 25
fixing. lower bound used: 746.482
percent fixed: 74.5996
fixing. lower bound used: 746.523
try arc fixing based on heuristic lspl: 87.7383
fixed path dual: -20.8217
alpha: 0.068212
psiStar: 749.576
lagLB: 745.142
||gamma||^2: 65
fixing. lower bound used: 745.622
percent fixed: 74.5992
fixing. lower bound used: 746.523
try arc fixing based on heuristic lspl: 87.8065
fixed path dual: -20.4577
alpha: 0.090874
psiStar: 749.574
lagLB: 746.757
||gamma||^2: 31
fixing. lower bound used: 744.938
percent fixed: 74.2393
fixing. lower bound used: 746.523
try arc fixing based on heuristic lspl: 87.8065
fixed path dual: -20.7713
alpha: 0.0727527
psiStar: 749.573
lagLB: 745.644
||gamma||^2: 54
fixing. lower bound used: 746.559
percent fixed: 74.3723
fixing. lower bound used: 746.523
try arc fixing based on heuristic lspl: 87.661
fixed path dual: -20.7994
alpha: 0.0336167
psiStar: 749.571
lagLB: 745.503
||gamma||^2: 121
fixing. lower bound used: 745.576
percent fixed: 74.5446
fixing. lower bound used: 746.523
try arc fixing based on heuristic lspl: 87.7618
fixed path dual: -20.6251
alpha: 0.0346409
psiStar: 749.569
lagLB: 746.14
||gamma||^2: 99
fixing. lower bound used: 745.268
percent fixed: 74.547
fixing. lower bound used: 746.523
try arc fixing based on heuristic lspl: 87.7965
fixed path dual: -20.5132
alpha: 0.0479394
psiStar: 749.568
lagLB: 746.595
||gamma||^2: 62
fixing. lower bound used: 746.036
percent fixed: 74.547
fixing. lower bound used: 746.523
try arc fixing based on heuristic lspl: 87.7006
fixed path dual: -20.6321
alpha: 0.0600291
psiStar: 749.566
lagLB: 746.384
||gamma||^2: 53
fixing. lower bound used: 746.684
percent fixed: 74.6788
fixing. lower bound used: 746.523
try arc fixing based on heuristic lspl: 87.7606
fixed path dual: -20.6852
alpha: 0.0398459
psiStar: 749.564
lagLB: 745.819
||gamma||^2: 94
fixing. lower bound used: 745.832
percent fixed: 74.6865
fixing. lower bound used: 746.523
try arc fixing based on heuristic lspl: 87.8005
fixed path dual: -20.5494
alpha: 0.116458
psiStar: 749.562
lagLB: 746.418
||gamma||^2: 27
fixing. lower bound used: 745.739
percent fixed: 74.6865
fixing. lower bound used: 746.523
try arc fixing based on heuristic lspl: 87.5676
fixed path dual: -20.8916
alpha: 0.0762025
psiStar: 749.561
lagLB: 745.522
||gamma||^2: 53
fixing. lower bound used: 746.451
percent fixed: 74.699
fixing. lower bound used: 746.523
try arc fixing based on heuristic lspl: 87.7962
fixed path dual: -20.7532
alpha: 0.0497233
psiStar: 749.559
lagLB: 745.681
||gamma||^2: 78
fixing. lower bound used: 744.901
percent fixed: 74.699
fixing. lower bound used: 746.523
try arc fixing based on heuristic lspl: 87.6967
fixed path dual: -20.6115
alpha: 0.0538393
psiStar: 749.557
lagLB: 746.488
||gamma||^2: 57
fixing. lower bound used: 745.779
percent fixed: 74.699
fixing. lower bound used: 746.523
try arc fixing based on heuristic lspl: 87.6429
fixed path dual: -20.6145
alpha: 0.0445291
psiStar: 749.556
lagLB: 746.528
||gamma||^2: 68
fixing. lower bound used: 746.482
percent fixed: 74.6996
fixing. lower bound used: 746.523
try arc fixing based on heuristic lspl: 87.7319
fixed path dual: -20.6095
alpha: 0.0623383
psiStar: 749.554
lagLB: 746.375
||gamma||^2: 51
fixing. lower bound used: 746.284
percent fixed: 74.718
fixing. lower bound used: 746.523
try arc fixing based on heuristic lspl: 87.6073
fixed path dual: -20.6837
alpha: 0.0711483
psiStar: 749.552
lagLB: 746.066
||gamma||^2: 49
fixing. lower bound used: 746.263
percent fixed: 74.718
fixing. lower bound used: 746.523
try arc fixing based on heuristic lspl: 87.6784
fixed path dual: -20.7793
alpha: 0.029995
psiStar: 749.55
lagLB: 745.801
||gamma||^2: 125
fixing. lower bound used: 746.069
percent fixed: 74.718
fixing. lower bound used: 746.523
try arc fixing based on heuristic lspl: 87.7684
fixed path dual: -20.6272
alpha: 0.0666101
psiStar: 749.549
lagLB: 746.351
||gamma||^2: 48
fixing. lower bound used: 745.591
percent fixed: 74.718
fixing. lower bound used: 746.523
try arc fixing based on heuristic lspl: 87.6352
fixed path dual: -20.6435
alpha: 0.0806015
psiStar: 749.547
lagLB: 746.404
||gamma||^2: 39
fixing. lower bound used: 746.417
percent fixed: 74.7211
fixing. lower bound used: 746.523
try arc fixing based on heuristic lspl: 87.7158
fixed path dual: -20.5975
alpha: 0.0657032
psiStar: 749.545
lagLB: 746.392
||gamma||^2: 48
fixing. lower bound used: 746.134
percent fixed: 74.2543
fixing. lower bound used: 746.523
try arc fixing based on heuristic lspl: 87.5844
fixed path dual: -20.8614
alpha: 0.0470926
psiStar: 749.544
lagLB: 745.729
||gamma||^2: 81
fixing. lower bound used: 746.44
percent fixed: 74.5168
fixing. lower bound used: 746.523
try arc fixing based on heuristic lspl: 87.6315
fixed path dual: -20.9535
alpha: 0.0372629
psiStar: 749.542
lagLB: 745.033
||gamma||^2: 121
fixing. lower bound used: 745.269
percent fixed: 74.5192
fixing. lower bound used: 746.523
try arc fixing based on heuristic lspl: 87.7433
fixed path dual: -20.5173
alpha: 0.10347
psiStar: 749.54
lagLB: 746.954
||gamma||^2: 25
fixing. lower bound used: 744.772
percent fixed: 74.5192
fixing. lower bound used: 746.523
try arc fixing based on heuristic lspl: 87.6398
fixed path dual: -20.8516
alpha: 0.0392794
psiStar: 749.539
lagLB: 745.179
||gamma||^2: 111
fixing. lower bound used: 746.361
percent fixed: 74.5691
fixing. lower bound used: 746.523
try arc fixing based on heuristic lspl: 87.7576
fixed path dual: -20.7257
alpha: 0.0425965
psiStar: 749.537
lagLB: 745.533
||gamma||^2: 94
fixing. lower bound used: 744.904
percent fixed: 74.5709
fixing. lower bound used: 746.523
try arc fixing based on heuristic lspl: 87.8002
fixed path dual: -20.4861
alpha: 0.0802589
psiStar: 749.535
lagLB: 746.646
||gamma||^2: 36
fixing. lower bound used: 745.448
percent fixed: 74.5709
fixing. lower bound used: 746.523
try arc fixing based on heuristic lspl: 87.6397
fixed path dual: -20.7096
alpha: 0.0405201
psiStar: 749.534
lagLB: 746.17
||gamma||^2: 83
fixing. lower bound used: 746.794
percent fixed: 74.6689
fixing. lower bound used: 746.523
try arc fixing based on heuristic lspl: 87.7207
fixed path dual: -20.7511
alpha: 0.0409975
psiStar: 749.532
lagLB: 745.76
||gamma||^2: 92
fixing. lower bound used: 745.846
percent fixed: 74.6695
fixing. lower bound used: 746.523
try arc fixing based on heuristic lspl: 87.8027
fixed path dual: -20.6058
alpha: 0.0471687
psiStar: 749.53
lagLB: 746.323
||gamma||^2: 68
fixing. lower bound used: 745.581
percent fixed: 74.6695
fixing. lower bound used: 746.523
try arc fixing based on heuristic lspl: 87.7084
fixed path dual: -20.6314
alpha: 0.0302776
psiStar: 749.528
lagLB: 746.289
||gamma||^2: 107
fixing. lower bound used: 746.257
percent fixed: 74.669
fixing. lower bound used: 746.523
try arc fixing based on heuristic lspl: 87.769
fixed path dual: -20.5116
alpha: 0.067879
psiStar: 749.527
lagLB: 746.676
||gamma||^2: 42
fixing. lower bound used: 746.077
percent fixed: 74.261
fixing. lower bound used: 746.523
try arc fixing based on heuristic lspl: 87.7011
fixed path dual: -20.6121
alpha: 0.0698272
psiStar: 749.525
lagLB: 746.173
||gamma||^2: 48
fixing. lower bound used: 746.458
percent fixed: 74.4914
fixing. lower bound used: 746.523
try arc fixing based on heuristic lspl: 87.5614
fixed path dual: -20.8408
alpha: 0.0308545
psiStar: 749.523
lagLB: 745.728
||gamma||^2: 123
fixing. lower bound used: 746.456
percent fixed: 74.5375
fixing. lower bound used: 746.523
