num loc: 33
hgs upper bound: 771.79
compiling dd
time step mult: 10000
time step: 1000000
cap step: 1
start compiling DD
add terminal node arcs
done compiling dd
STATS - lpIterations[1] lagIterations[0] sspIterations[0] numSeparations[0] numCuts[0] compileTime[0] sspSolveTime[0] lpSolveTime[0] lb[0] ub[771.79] size: [6054] time: [0]
STATS - lpIterations[1] lagIterations[1] sspIterations[1] numSeparations[0] numCuts[0] compileTime[0] sspSolveTime[0] lpSolveTime[0] lb[25.4735] ub[771.79] size: [6054] time: [0]
STATS - lpIterations[1] lagIterations[2] sspIterations[2] numSeparations[0] numCuts[0] compileTime[0] sspSolveTime[0] lpSolveTime[0] lb[26.7346] ub[771.79] size: [6054] time: [0]
STATS - lpIterations[1] lagIterations[3] sspIterations[3] numSeparations[0] numCuts[0] compileTime[0] sspSolveTime[0] lpSolveTime[0] lb[28.0451] ub[771.79] size: [6054] time: [0]
STATS - lpIterations[1] lagIterations[4] sspIterations[4] numSeparations[0] numCuts[0] compileTime[0] sspSolveTime[0] lpSolveTime[0] lb[29.4065] ub[771.79] size: [6054] time: [0]
STATS - lpIterations[1] lagIterations[5] sspIterations[5] numSeparations[0] numCuts[0] compileTime[0] sspSolveTime[0] lpSolveTime[0] lb[30.8203] ub[771.79] size: [6054] time: [0]
STATS - lpIterations[1] lagIterations[6] sspIterations[6] numSeparations[0] numCuts[0] compileTime[0] sspSolveTime[0] lpSolveTime[0] lb[32.2879] ub[771.79] size: [6054] time: [0]
STATS - lpIterations[1] lagIterations[7] sspIterations[7] numSeparations[0] numCuts[0] compileTime[0] sspSolveTime[0] lpSolveTime[0] lb[33.811] ub[771.79] size: [6054] time: [0]
STATS - lpIterations[1] lagIterations[8] sspIterations[8] numSeparations[0] numCuts[0] compileTime[0] sspSolveTime[0] lpSolveTime[0] lb[35.3909] ub[771.79] size: [6054] time: [0]
STATS - lpIterations[1] lagIterations[9] sspIterations[9] numSeparations[0] numCuts[0] compileTime[0] sspSolveTime[0] lpSolveTime[0] lb[37.0294] ub[771.79] size: [6054] time: [0]
STATS - lpIterations[1] lagIterations[10] sspIterations[10] numSeparations[0] numCuts[0] compileTime[0] sspSolveTime[0] lpSolveTime[0] lb[38.728] ub[771.79] size: [6054] time: [0]
STATS - lpIterations[1] lagIterations[11] sspIterations[11] numSeparations[0] numCuts[0] compileTime[0] sspSolveTime[0] lpSolveTime[0] lb[40.4883] ub[771.79] size: [6054] time: [0]
STATS - lpIterations[1] lagIterations[12] sspIterations[12] numSeparations[0] numCuts[0] compileTime[0] sspSolveTime[0] lpSolveTime[0] lb[42.3121] ub[771.79] size: [6054] time: [0]
STATS - lpIterations[1] lagIterations[13] sspIterations[13] numSeparations[0] numCuts[0] compileTime[0] sspSolveTime[0] lpSolveTime[0] lb[44.2011] ub[771.79] size: [6054] time: [0]
STATS - lpIterations[1] lagIterations[14] sspIterations[14] numSeparations[0] numCuts[0] compileTime[0] sspSolveTime[0] lpSolveTime[0] lb[46.1569] ub[771.79] size: [6054] time: [0]
STATS - lpIterations[1] lagIterations[15] sspIterations[15] numSeparations[0] numCuts[0] compileTime[0] sspSolveTime[0] lpSolveTime[0] lb[48.1813] ub[771.79] size: [6054] time: [0]
STATS - lpIterations[1] lagIterations[16] sspIterations[16] numSeparations[0] numCuts[0] compileTime[0] sspSolveTime[0] lpSolveTime[0] lb[50.2761] ub[771.79] size: [6054] time: [0]
STATS - lpIterations[1] lagIterations[17] sspIterations[17] numSeparations[0] numCuts[0] compileTime[0] sspSolveTime[0] lpSolveTime[0] lb[52.4432] ub[771.79] size: [6054] time: [0]
STATS - lpIterations[1] lagIterations[18] sspIterations[18] numSeparations[0] numCuts[0] compileTime[0] sspSolveTime[0] lpSolveTime[0] lb[54.6844] ub[771.79] size: [6054] time: [0]
STATS - lpIterations[1] lagIterations[19] sspIterations[19] numSeparations[0] numCuts[0] compileTime[0] sspSolveTime[0] lpSolveTime[0] lb[57.0015] ub[771.79] size: [6054] time: [0]
STATS - lpIterations[1] lagIterations[20] sspIterations[20] numSeparations[0] numCuts[0] compileTime[0] sspSolveTime[0] lpSolveTime[0] lb[59.3965] ub[771.79] size: [6054] time: [0]
STATS - lpIterations[1] lagIterations[21] sspIterations[21] numSeparations[0] numCuts[0] compileTime[0] sspSolveTime[0] lpSolveTime[0] lb[61.8714] ub[771.79] size: [6054] time: [0]
STATS - lpIterations[1] lagIterations[22] sspIterations[22] numSeparations[0] numCuts[0] compileTime[0] sspSolveTime[0] lpSolveTime[0] lb[64.4281] ub[771.79] size: [6054] time: [0]
STATS - lpIterations[1] lagIterations[23] sspIterations[23] numSeparations[0] numCuts[0] compileTime[0] sspSolveTime[0] lpSolveTime[0] lb[67.0685] ub[771.79] size: [6054] time: [0]
STATS - lpIterations[1] lagIterations[24] sspIterations[24] numSeparations[0] numCuts[0] compileTime[0] sspSolveTime[0] lpSolveTime[0] lb[69.7949] ub[771.79] size: [6054] time: [0]
STATS - lpIterations[1] lagIterations[25] sspIterations[25] numSeparations[0] numCuts[0] compileTime[0] sspSolveTime[0] lpSolveTime[0] lb[72.6092] ub[771.79] size: [6054] time: [0]
STATS - lpIterations[1] lagIterations[26] sspIterations[26] numSeparations[0] numCuts[0] compileTime[0] sspSolveTime[0] lpSolveTime[0] lb[75.5136] ub[771.79] size: [6054] time: [0]
STATS - lpIterations[1] lagIterations[27] sspIterations[27] numSeparations[0] numCuts[0] compileTime[0] sspSolveTime[0] lpSolveTime[0] lb[78.5102] ub[771.79] size: [6054] time: [0]
STATS - lpIterations[1] lagIterations[28] sspIterations[28] numSeparations[0] numCuts[0] compileTime[0] sspSolveTime[0] lpSolveTime[0] lb[81.6011] ub[771.79] size: [6054] time: [0]
STATS - lpIterations[1] lagIterations[29] sspIterations[29] numSeparations[0] numCuts[0] compileTime[0] sspSolveTime[0] lpSolveTime[0] lb[84.7887] ub[771.79] size: [6054] time: [0]
STATS - lpIterations[1] lagIterations[30] sspIterations[30] numSeparations[0] numCuts[0] compileTime[0] sspSolveTime[0] lpSolveTime[0] lb[88.075] ub[771.79] size: [6054] time: [0]
STATS - lpIterations[1] lagIterations[31] sspIterations[31] numSeparations[0] numCuts[0] compileTime[0] sspSolveTime[0] lpSolveTime[0] lb[91.4625] ub[771.79] size: [6054] time: [0]
STATS - lpIterations[1] lagIterations[32] sspIterations[32] numSeparations[0] numCuts[0] compileTime[0] sspSolveTime[0] lpSolveTime[0] lb[94.9535] ub[771.79] size: [6054] time: [0]
STATS - lpIterations[1] lagIterations[33] sspIterations[33] numSeparations[0] numCuts[0] compileTime[0] sspSolveTime[0] lpSolveTime[0] lb[98.5502] ub[771.79] size: [6054] time: [0]
STATS - lpIterations[1] lagIterations[34] sspIterations[34] numSeparations[0] numCuts[0] compileTime[0] sspSolveTime[0] lpSolveTime[0] lb[102.255] ub[771.79] size: [6054] time: [0]
STATS - lpIterations[1] lagIterations[35] sspIterations[35] numSeparations[0] numCuts[0] compileTime[0] sspSolveTime[0] lpSolveTime[0] lb[106.071] ub[771.79] size: [6054] time: [0]
STATS - lpIterations[1] lagIterations[36] sspIterations[36] numSeparations[0] numCuts[0] compileTime[0] sspSolveTime[0] lpSolveTime[0] lb[109.999] ub[771.79] size: [6054] time: [0]
STATS - lpIterations[1] lagIterations[37] sspIterations[37] numSeparations[0] numCuts[0] compileTime[0] sspSolveTime[0] lpSolveTime[0] lb[114.043] ub[771.79] size: [6054] time: [0]
STATS - lpIterations[1] lagIterations[38] sspIterations[38] numSeparations[0] numCuts[0] compileTime[0] sspSolveTime[0] lpSolveTime[0] lb[118.205] ub[771.79] size: [6054] time: [0]
STATS - lpIterations[1] lagIterations[39] sspIterations[39] numSeparations[0] numCuts[0] compileTime[0] sspSolveTime[0] lpSolveTime[0] lb[122.488] ub[771.79] size: [6054] time: [0]
STATS - lpIterations[1] lagIterations[40] sspIterations[40] numSeparations[0] numCuts[0] compileTime[0] sspSolveTime[0] lpSolveTime[0] lb[126.894] ub[771.79] size: [6054] time: [0]
STATS - lpIterations[1] lagIterations[41] sspIterations[41] numSeparations[0] numCuts[0] compileTime[0] sspSolveTime[0] lpSolveTime[0] lb[131.426] ub[771.79] size: [6054] time: [0]
STATS - lpIterations[1] lagIterations[42] sspIterations[42] numSeparations[0] numCuts[0] compileTime[0] sspSolveTime[0] lpSolveTime[0] lb[136.087] ub[771.79] size: [6054] time: [0]
STATS - lpIterations[1] lagIterations[43] sspIterations[43] numSeparations[0] numCuts[0] compileTime[0] sspSolveTime[0] lpSolveTime[0] lb[140.878] ub[771.79] size: [6054] time: [0]
STATS - lpIterations[1] lagIterations[44] sspIterations[44] numSeparations[0] numCuts[0] compileTime[0] sspSolveTime[0] lpSolveTime[0] lb[145.804] ub[771.79] size: [6054] time: [0]
STATS - lpIterations[1] lagIterations[45] sspIterations[45] numSeparations[0] numCuts[0] compileTime[0] sspSolveTime[0] lpSolveTime[0] lb[150.867] ub[771.79] size: [6054] time: [0]
STATS - lpIterations[1] lagIterations[46] sspIterations[46] numSeparations[0] numCuts[0] compileTime[0] sspSolveTime[0] lpSolveTime[0] lb[156.069] ub[771.79] size: [6054] time: [0]
STATS - lpIterations[1] lagIterations[47] sspIterations[47] numSeparations[0] numCuts[0] compileTime[0] sspSolveTime[0] lpSolveTime[0] lb[161.414] ub[771.79] size: [6054] time: [0]
STATS - lpIterations[1] lagIterations[48] sspIterations[48] numSeparations[0] numCuts[0] compileTime[0] sspSolveTime[0] lpSolveTime[0] lb[166.904] ub[771.79] size: [6054] time: [0]
STATS - lpIterations[1] lagIterations[49] sspIterations[49] numSeparations[0] numCuts[0] compileTime[0] sspSolveTime[0] lpSolveTime[0] lb[172.543] ub[771.79] size: [6054] time: [0]
STATS - lpIterations[1] lagIterations[50] sspIterations[50] numSeparations[0] numCuts[0] compileTime[0] sspSolveTime[0] lpSolveTime[0] lb[178.333] ub[771.79] size: [6054] time: [0]
STATS - lpIterations[1] lagIterations[51] sspIterations[51] numSeparations[0] numCuts[0] compileTime[0] sspSolveTime[0] lpSolveTime[0] lb[184.277] ub[771.79] size: [6054] time: [0]
STATS - lpIterations[1] lagIterations[52] sspIterations[52] numSeparations[0] numCuts[0] compileTime[0] sspSolveTime[0] lpSolveTime[0] lb[190.379] ub[771.79] size: [6054] time: [0]
STATS - lpIterations[1] lagIterations[53] sspIterations[53] numSeparations[0] numCuts[0] compileTime[0] sspSolveTime[0] lpSolveTime[0] lb[196.642] ub[771.79] size: [6054] time: [0]
STATS - lpIterations[1] lagIterations[54] sspIterations[54] numSeparations[0] numCuts[0] compileTime[0] sspSolveTime[0] lpSolveTime[0] lb[203.068] ub[771.79] size: [6054] time: [0]
STATS - lpIterations[1] lagIterations[55] sspIterations[55] numSeparations[0] numCuts[0] compileTime[0] sspSolveTime[0] lpSolveTime[0] lb[209.661] ub[771.79] size: [6054] time: [0]
STATS - lpIterations[1] lagIterations[56] sspIterations[56] numSeparations[0] numCuts[0] compileTime[0] sspSolveTime[0] lpSolveTime[0] lb[216.424] ub[771.79] size: [6054] time: [0]
STATS - lpIterations[1] lagIterations[57] sspIterations[57] numSeparations[0] numCuts[0] compileTime[0] sspSolveTime[0] lpSolveTime[0] lb[223.361] ub[771.79] size: [6054] time: [0]
STATS - lpIterations[1] lagIterations[58] sspIterations[58] numSeparations[0] numCuts[0] compileTime[0] sspSolveTime[0] lpSolveTime[0] lb[230.475] ub[771.79] size: [6054] time: [0]
STATS - lpIterations[1] lagIterations[59] sspIterations[59] numSeparations[0] numCuts[0] compileTime[0] sspSolveTime[0] lpSolveTime[0] lb[237.768] ub[771.79] size: [6054] time: [0]
STATS - lpIterations[1] lagIterations[60] sspIterations[60] numSeparations[0] numCuts[0] compileTime[0] sspSolveTime[0] lpSolveTime[0] lb[245.245] ub[771.79] size: [6054] time: [0]
STATS - lpIterations[1] lagIterations[61] sspIterations[61] numSeparations[0] numCuts[0] compileTime[0] sspSolveTime[0] lpSolveTime[0] lb[252.909] ub[771.79] size: [6054] time: [0]
STATS - lpIterations[1] lagIterations[62] sspIterations[62] numSeparations[0] numCuts[0] compileTime[0] sspSolveTime[0] lpSolveTime[0] lb[260.763] ub[771.79] size: [6054] time: [1]
STATS - lpIterations[1] lagIterations[63] sspIterations[63] numSeparations[0] numCuts[0] compileTime[0] sspSolveTime[0] lpSolveTime[0] lb[268.811] ub[771.79] size: [6054] time: [1]
STATS - lpIterations[1] lagIterations[64] sspIterations[64] numSeparations[0] numCuts[0] compileTime[0] sspSolveTime[0] lpSolveTime[0] lb[277.057] ub[771.79] size: [6054] time: [1]
STATS - lpIterations[1] lagIterations[65] sspIterations[65] numSeparations[0] numCuts[0] compileTime[0] sspSolveTime[0] lpSolveTime[0] lb[285.504] ub[771.79] size: [6054] time: [1]
STATS - lpIterations[1] lagIterations[66] sspIterations[66] numSeparations[0] numCuts[0] compileTime[0] sspSolveTime[0] lpSolveTime[0] lb[294.156] ub[771.79] size: [6054] time: [1]
STATS - lpIterations[1] lagIterations[67] sspIterations[67] numSeparations[0] numCuts[0] compileTime[0] sspSolveTime[0] lpSolveTime[0] lb[303.016] ub[771.79] size: [6054] time: [1]
STATS - lpIterations[1] lagIterations[68] sspIterations[68] numSeparations[0] numCuts[0] compileTime[0] sspSolveTime[0] lpSolveTime[0] lb[312.088] ub[771.79] size: [6054] time: [1]
STATS - lpIterations[1] lagIterations[69] sspIterations[69] numSeparations[0] numCuts[0] compileTime[0] sspSolveTime[0] lpSolveTime[0] lb[321.376] ub[771.79] size: [6054] time: [1]
STATS - lpIterations[1] lagIterations[70] sspIterations[70] numSeparations[0] numCuts[0] compileTime[0] sspSolveTime[0] lpSolveTime[0] lb[330.885] ub[771.79] size: [6054] time: [1]
STATS - lpIterations[1] lagIterations[71] sspIterations[71] numSeparations[0] numCuts[0] compileTime[0] sspSolveTime[0] lpSolveTime[0] lb[340.617] ub[771.79] size: [6054] time: [1]
STATS - lpIterations[1] lagIterations[72] sspIterations[72] numSeparations[0] numCuts[0] compileTime[0] sspSolveTime[0] lpSolveTime[0] lb[350.576] ub[771.79] size: [6054] time: [1]
STATS - lpIterations[1] lagIterations[73] sspIterations[73] numSeparations[0] numCuts[0] compileTime[0] sspSolveTime[0] lpSolveTime[0] lb[360.767] ub[771.79] size: [6054] time: [1]
STATS - lpIterations[1] lagIterations[74] sspIterations[74] numSeparations[0] numCuts[0] compileTime[0] sspSolveTime[0] lpSolveTime[0] lb[370.886] ub[771.79] size: [6054] time: [1]
STATS - lpIterations[1] lagIterations[75] sspIterations[75] numSeparations[0] numCuts[0] compileTime[0] sspSolveTime[0] lpSolveTime[0] lb[381.508] ub[771.79] size: [6054] time: [1]
STATS - lpIterations[1] lagIterations[76] sspIterations[76] numSeparations[0] numCuts[0] compileTime[0] sspSolveTime[0] lpSolveTime[0] lb[392.092] ub[771.79] size: [6054] time: [1]
STATS - lpIterations[1] lagIterations[77] sspIterations[77] numSeparations[0] numCuts[0] compileTime[0] sspSolveTime[0] lpSolveTime[0] lb[403.188] ub[771.79] size: [6054] time: [1]
STATS - lpIterations[1] lagIterations[78] sspIterations[78] numSeparations[0] numCuts[0] compileTime[0] sspSolveTime[0] lpSolveTime[0] lb[414.253] ub[771.79] size: [6054] time: [1]
STATS - lpIterations[1] lagIterations[79] sspIterations[79] numSeparations[0] numCuts[0] compileTime[0] sspSolveTime[0] lpSolveTime[0] lb[425.838] ub[771.79] size: [6054] time: [1]
STATS - lpIterations[1] lagIterations[80] sspIterations[80] numSeparations[0] numCuts[0] compileTime[0] sspSolveTime[0] lpSolveTime[0] lb[437.401] ub[771.79] size: [6054] time: [1]
STATS - lpIterations[1] lagIterations[81] sspIterations[81] numSeparations[0] numCuts[0] compileTime[0] sspSolveTime[0] lpSolveTime[0] lb[449.491] ub[771.79] size: [6054] time: [1]
STATS - lpIterations[1] lagIterations[82] sspIterations[82] numSeparations[0] numCuts[0] compileTime[0] sspSolveTime[0] lpSolveTime[0] lb[461.567] ub[771.79] size: [6054] time: [1]
STATS - lpIterations[1] lagIterations[83] sspIterations[83] numSeparations[0] numCuts[0] compileTime[0] sspSolveTime[0] lpSolveTime[0] lb[467.477] ub[771.79] size: [6054] time: [1]
STATS - lpIterations[1] lagIterations[84] sspIterations[84] numSeparations[1] numCuts[0] compileTime[0] sspSolveTime[0] lpSolveTime[0] lb[474.151] ub[771.79] size: [6056] time: [1]
STATS - lpIterations[1] lagIterations[85] sspIterations[85] numSeparations[1] numCuts[0] compileTime[0] sspSolveTime[0] lpSolveTime[0] lb[479.433] ub[771.79] size: [6056] time: [1]
STATS - lpIterations[1] lagIterations[86] sspIterations[86] numSeparations[2] numCuts[0] compileTime[0] sspSolveTime[0] lpSolveTime[0] lb[486.717] ub[771.79] size: [6057] time: [1]
STATS - lpIterations[1] lagIterations[87] sspIterations[87] numSeparations[2] numCuts[0] compileTime[0] sspSolveTime[0] lpSolveTime[0] lb[488.934] ub[771.79] size: [6057] time: [1]
STATS - lpIterations[1] lagIterations[88] sspIterations[88] numSeparations[3] numCuts[0] compileTime[0] sspSolveTime[0] lpSolveTime[0] lb[493.752] ub[771.79] size: [6059] time: [1]
STATS - lpIterations[1] lagIterations[89] sspIterations[89] numSeparations[4] numCuts[0] compileTime[0] sspSolveTime[0] lpSolveTime[0] lb[497.416] ub[771.79] size: [6061] time: [1]
STATS - lpIterations[1] lagIterations[91] sspIterations[91] numSeparations[6] numCuts[0] compileTime[0] sspSolveTime[0] lpSolveTime[0] lb[499.301] ub[771.79] size: [6070] time: [1]
STATS - lpIterations[1] lagIterations[92] sspIterations[92] numSeparations[6] numCuts[0] compileTime[0] sspSolveTime[0] lpSolveTime[0] lb[500.157] ub[771.79] size: [6070] time: [1]
STATS - lpIterations[1] lagIterations[93] sspIterations[93] numSeparations[7] numCuts[0] compileTime[0] sspSolveTime[0] lpSolveTime[0] lb[502.146] ub[771.79] size: [6071] time: [1]
STATS - lpIterations[1] lagIterations[94] sspIterations[94] numSeparations[8] numCuts[0] compileTime[0] sspSolveTime[0] lpSolveTime[0] lb[504.688] ub[771.79] size: [6074] time: [1]
STATS - lpIterations[1] lagIterations[95] sspIterations[95] numSeparations[9] numCuts[0] compileTime[0] sspSolveTime[0] lpSolveTime[0] lb[507.35] ub[771.79] size: [6076] time: [1]
STATS - lpIterations[1] lagIterations[97] sspIterations[97] numSeparations[11] numCuts[0] compileTime[0] sspSolveTime[0] lpSolveTime[0] lb[511.981] ub[771.79] size: [6082] time: [1]
STATS - lpIterations[1] lagIterations[99] sspIterations[99] numSeparations[12] numCuts[0] compileTime[0] sspSolveTime[0] lpSolveTime[0] lb[514.293] ub[771.79] size: [6084] time: [1]
STATS - lpIterations[1] lagIterations[100] sspIterations[100] numSeparations[13] numCuts[0] compileTime[0] sspSolveTime[0] lpSolveTime[0] lb[514.585] ub[771.79] size: [6086] time: [1]
STATS - lpIterations[1] lagIterations[101] sspIterations[101] numSeparations[14] numCuts[0] compileTime[0] sspSolveTime[0] lpSolveTime[0] lb[515.57] ub[771.79] size: [6087] time: [1]
STATS - lpIterations[1] lagIterations[102] sspIterations[102] numSeparations[15] numCuts[0] compileTime[0] sspSolveTime[0] lpSolveTime[0] lb[515.77] ub[771.79] size: [6088] time: [1]
STATS - lpIterations[1] lagIterations[103] sspIterations[103] numSeparations[16] numCuts[0] compileTime[0] sspSolveTime[0] lpSolveTime[0] lb[523.923] ub[771.79] size: [6090] time: [1]
STATS - lpIterations[1] lagIterations[105] sspIterations[105] numSeparations[18] numCuts[0] compileTime[0] sspSolveTime[0] lpSolveTime[0] lb[524.289] ub[771.79] size: [6092] time: [1]
STATS - lpIterations[1] lagIterations[106] sspIterations[106] numSeparations[18] numCuts[0] compileTime[0] sspSolveTime[0] lpSolveTime[0] lb[526.737] ub[771.79] size: [6092] time: [1]
STATS - lpIterations[1] lagIterations[107] sspIterations[107] numSeparations[19] numCuts[0] compileTime[0] sspSolveTime[0] lpSolveTime[0] lb[526.898] ub[771.79] size: [6093] time: [1]
STATS - lpIterations[1] lagIterations[108] sspIterations[108] numSeparations[20] numCuts[0] compileTime[0] sspSolveTime[0] lpSolveTime[0] lb[529.008] ub[771.79] size: [6096] time: [1]
STATS - lpIterations[1] lagIterations[109] sspIterations[109] numSeparations[21] numCuts[0] compileTime[0] sspSolveTime[0] lpSolveTime[0] lb[532.62] ub[771.79] size: [6098] time: [1]
STATS - lpIterations[1] lagIterations[110] sspIterations[110] numSeparations[22] numCuts[0] compileTime[0] sspSolveTime[0] lpSolveTime[0] lb[533.519] ub[771.79] size: [6100] time: [1]
STATS - lpIterations[1] lagIterations[111] sspIterations[111] numSeparations[23] numCuts[0] compileTime[0] sspSolveTime[0] lpSolveTime[0] lb[536.365] ub[771.79] size: [6101] time: [1]
STATS - lpIterations[1] lagIterations[112] sspIterations[112] numSeparations[23] numCuts[0] compileTime[0] sspSolveTime[0] lpSolveTime[0] lb[537.877] ub[771.79] size: [6101] time: [1]
STATS - lpIterations[1] lagIterations[113] sspIterations[113] numSeparations[24] numCuts[0] compileTime[0] sspSolveTime[0] lpSolveTime[0] lb[538.687] ub[771.79] size: [6103] time: [1]
STATS - lpIterations[1] lagIterations[114] sspIterations[114] numSeparations[25] numCuts[0] compileTime[0] sspSolveTime[0] lpSolveTime[0] lb[539.91] ub[771.79] size: [6104] time: [1]
STATS - lpIterations[1] lagIterations[115] sspIterations[115] numSeparations[26] numCuts[0] compileTime[0] sspSolveTime[0] lpSolveTime[0] lb[541.785] ub[771.79] size: [6110] time: [1]
STATS - lpIterations[1] lagIterations[116] sspIterations[116] numSeparations[27] numCuts[0] compileTime[0] sspSolveTime[0] lpSolveTime[0] lb[544.626] ub[771.79] size: [6111] time: [1]
STATS - lpIterations[1] lagIterations[118] sspIterations[118] numSeparations[29] numCuts[0] compileTime[0] sspSolveTime[0] lpSolveTime[0] lb[545.161] ub[771.79] size: [6116] time: [1]
STATS - lpIterations[1] lagIterations[119] sspIterations[119] numSeparations[30] numCuts[0] compileTime[0] sspSolveTime[0] lpSolveTime[0] lb[548.223] ub[771.79] size: [6119] time: [1]
STATS - lpIterations[1] lagIterations[120] sspIterations[120] numSeparations[30] numCuts[0] compileTime[0] sspSolveTime[0] lpSolveTime[0] lb[548.634] ub[771.79] size: [6119] time: [1]
STATS - lpIterations[1] lagIterations[123] sspIterations[123] numSeparations[33] numCuts[0] compileTime[0] sspSolveTime[0] lpSolveTime[0] lb[550.737] ub[771.79] size: [6125] time: [1]
STATS - lpIterations[1] lagIterations[124] sspIterations[124] numSeparations[34] numCuts[0] compileTime[0] sspSolveTime[0] lpSolveTime[0] lb[553.323] ub[771.79] size: [6126] time: [1]
STATS - lpIterations[1] lagIterations[125] sspIterations[125] numSeparations[35] numCuts[0] compileTime[0] sspSolveTime[0] lpSolveTime[0] lb[553.434] ub[771.79] size: [6127] time: [2]
STATS - lpIterations[1] lagIterations[126] sspIterations[126] numSeparations[36] numCuts[0] compileTime[0] sspSolveTime[0] lpSolveTime[0] lb[555.842] ub[771.79] size: [6129] time: [2]
STATS - lpIterations[1] lagIterations[129] sspIterations[129] numSeparations[39] numCuts[0] compileTime[0] sspSolveTime[1] lpSolveTime[0] lb[557.943] ub[771.79] size: [6134] time: [2]
STATS - lpIterations[1] lagIterations[130] sspIterations[130] numSeparations[40] numCuts[0] compileTime[0] sspSolveTime[1] lpSolveTime[0] lb[559.024] ub[771.79] size: [6135] time: [2]
STATS - lpIterations[1] lagIterations[131] sspIterations[131] numSeparations[41] numCuts[0] compileTime[0] sspSolveTime[1] lpSolveTime[0] lb[559.706] ub[771.79] size: [6137] time: [2]
STATS - lpIterations[1] lagIterations[132] sspIterations[132] numSeparations[41] numCuts[0] compileTime[0] sspSolveTime[1] lpSolveTime[0] lb[560.257] ub[771.79] size: [6137] time: [2]
STATS - lpIterations[1] lagIterations[135] sspIterations[135] numSeparations[44] numCuts[0] compileTime[0] sspSolveTime[1] lpSolveTime[0] lb[561.374] ub[771.79] size: [6141] time: [2]
STATS - lpIterations[1] lagIterations[136] sspIterations[136] numSeparations[45] numCuts[0] compileTime[0] sspSolveTime[1] lpSolveTime[0] lb[564.192] ub[771.79] size: [6143] time: [2]
STATS - lpIterations[1] lagIterations[139] sspIterations[139] numSeparations[48] numCuts[0] compileTime[0] sspSolveTime[1] lpSolveTime[0] lb[564.479] ub[771.79] size: [6146] time: [2]
STATS - lpIterations[1] lagIterations[140] sspIterations[140] numSeparations[49] numCuts[0] compileTime[0] sspSolveTime[1] lpSolveTime[0] lb[566.801] ub[771.79] size: [6147] time: [2]
STATS - lpIterations[1] lagIterations[141] sspIterations[141] numSeparations[50] numCuts[0] compileTime[0] sspSolveTime[1] lpSolveTime[0] lb[567.592] ub[771.79] size: [6149] time: [2]
STATS - lpIterations[1] lagIterations[142] sspIterations[142] numSeparations[51] numCuts[0] compileTime[0] sspSolveTime[1] lpSolveTime[0] lb[570.437] ub[771.79] size: [6154] time: [2]
STATS - lpIterations[1] lagIterations[146] sspIterations[146] numSeparations[55] numCuts[0] compileTime[0] sspSolveTime[1] lpSolveTime[0] lb[570.512] ub[771.79] size: [6159] time: [2]
STATS - lpIterations[1] lagIterations[147] sspIterations[147] numSeparations[55] numCuts[0] compileTime[0] sspSolveTime[1] lpSolveTime[0] lb[571.184] ub[771.79] size: [6159] time: [2]
STATS - lpIterations[1] lagIterations[149] sspIterations[149] numSeparations[57] numCuts[0] compileTime[0] sspSolveTime[1] lpSolveTime[0] lb[573.668] ub[771.79] size: [6161] time: [2]
STATS - lpIterations[1] lagIterations[154] sspIterations[154] numSeparations[62] numCuts[0] compileTime[0] sspSolveTime[1] lpSolveTime[0] lb[574.38] ub[771.79] size: [6170] time: [2]
STATS - lpIterations[1] lagIterations[155] sspIterations[155] numSeparations[63] numCuts[0] compileTime[0] sspSolveTime[1] lpSolveTime[0] lb[576.468] ub[771.79] size: [6170] time: [2]
STATS - lpIterations[1] lagIterations[156] sspIterations[156] numSeparations[64] numCuts[0] compileTime[0] sspSolveTime[1] lpSolveTime[0] lb[578.107] ub[771.79] size: [6171] time: [2]
STATS - lpIterations[1] lagIterations[160] sspIterations[160] numSeparations[68] numCuts[0] compileTime[0] sspSolveTime[1] lpSolveTime[0] lb[578.944] ub[771.79] size: [6177] time: [2]
STATS - lpIterations[1] lagIterations[161] sspIterations[161] numSeparations[69] numCuts[0] compileTime[0] sspSolveTime[1] lpSolveTime[0] lb[580.029] ub[771.79] size: [6178] time: [2]
STATS - lpIterations[1] lagIterations[163] sspIterations[163] numSeparations[71] numCuts[0] compileTime[0] sspSolveTime[1] lpSolveTime[0] lb[580.761] ub[771.79] size: [6184] time: [2]
STATS - lpIterations[1] lagIterations[164] sspIterations[164] numSeparations[71] numCuts[0] compileTime[0] sspSolveTime[1] lpSolveTime[0] lb[581.356] ub[771.79] size: [6184] time: [2]
STATS - lpIterations[1] lagIterations[165] sspIterations[165] numSeparations[72] numCuts[0] compileTime[0] sspSolveTime[1] lpSolveTime[0] lb[582.595] ub[771.79] size: [6185] time: [2]
STATS - lpIterations[1] lagIterations[168] sspIterations[168] numSeparations[75] numCuts[0] compileTime[0] sspSolveTime[1] lpSolveTime[0] lb[582.996] ub[771.79] size: [6193] time: [2]
STATS - lpIterations[1] lagIterations[170] sspIterations[170] numSeparations[77] numCuts[0] compileTime[0] sspSolveTime[1] lpSolveTime[0] lb[584.646] ub[771.79] size: [6199] time: [2]
STATS - lpIterations[1] lagIterations[171] sspIterations[171] numSeparations[78] numCuts[0] compileTime[0] sspSolveTime[1] lpSolveTime[0] lb[585.422] ub[771.79] size: [6200] time: [2]
STATS - lpIterations[1] lagIterations[172] sspIterations[172] numSeparations[79] numCuts[0] compileTime[0] sspSolveTime[1] lpSolveTime[0] lb[585.847] ub[771.79] size: [6204] time: [2]
STATS - lpIterations[1] lagIterations[175] sspIterations[175] numSeparations[82] numCuts[0] compileTime[0] sspSolveTime[1] lpSolveTime[0] lb[587.229] ub[771.79] size: [6215] time: [2]
STATS - lpIterations[1] lagIterations[176] sspIterations[176] numSeparations[83] numCuts[0] compileTime[0] sspSolveTime[1] lpSolveTime[0] lb[588.758] ub[771.79] size: [6216] time: [2]
STATS - lpIterations[1] lagIterations[179] sspIterations[179] numSeparations[86] numCuts[0] compileTime[0] sspSolveTime[1] lpSolveTime[0] lb[588.838] ub[771.79] size: [6223] time: [2]
STATS - lpIterations[1] lagIterations[180] sspIterations[180] numSeparations[87] numCuts[0] compileTime[0] sspSolveTime[1] lpSolveTime[0] lb[590.578] ub[771.79] size: [6224] time: [2]
STATS - lpIterations[1] lagIterations[181] sspIterations[181] numSeparations[87] numCuts[0] compileTime[0] sspSolveTime[1] lpSolveTime[0] lb[590.743] ub[771.79] size: [6224] time: [2]
STATS - lpIterations[1] lagIterations[187] sspIterations[187] numSeparations[93] numCuts[0] compileTime[0] sspSolveTime[1] lpSolveTime[0] lb[593.397] ub[771.79] size: [6239] time: [3]
STATS - lpIterations[1] lagIterations[193] sspIterations[193] numSeparations[99] numCuts[0] compileTime[0] sspSolveTime[1] lpSolveTime[0] lb[593.672] ub[771.79] size: [6248] time: [3]
STATS - lpIterations[1] lagIterations[194] sspIterations[194] numSeparations[100] numCuts[0] compileTime[0] sspSolveTime[1] lpSolveTime[0] lb[596.203] ub[771.79] size: [6250] time: [3]
STATS - lpIterations[1] lagIterations[198] sspIterations[198] numSeparations[104] numCuts[0] compileTime[0] sspSolveTime[1] lpSolveTime[0] lb[597.311] ub[771.79] size: [6259] time: [3]
STATS - lpIterations[1] lagIterations[199] sspIterations[199] numSeparations[105] numCuts[0] compileTime[0] sspSolveTime[1] lpSolveTime[0] lb[598.213] ub[771.79] size: [6260] time: [3]
STATS - lpIterations[1] lagIterations[202] sspIterations[202] numSeparations[108] numCuts[0] compileTime[0] sspSolveTime[1] lpSolveTime[0] lb[598.871] ub[771.79] size: [6267] time: [3]
STATS - lpIterations[1] lagIterations[205] sspIterations[205] numSeparations[111] numCuts[0] compileTime[0] sspSolveTime[1] lpSolveTime[0] lb[599.334] ub[771.79] size: [6270] time: [3]
STATS - lpIterations[1] lagIterations[206] sspIterations[206] numSeparations[111] numCuts[0] compileTime[0] sspSolveTime[1] lpSolveTime[0] lb[600.053] ub[771.79] size: [6270] time: [3]
dual not feasible: -0.150483
STATS - lpIterations[1] lagIterations[210] sspIterations[210] numSeparations[115] numCuts[0] compileTime[0] sspSolveTime[1] lpSolveTime[0] lb[600.542] ub[771.79] size: [6276] time: [3]
STATS - lpIterations[1] lagIterations[212] sspIterations[212] numSeparations[117] numCuts[0] compileTime[0] sspSolveTime[1] lpSolveTime[0] lb[601.17] ub[771.79] size: [6278] time: [3]
STATS - lpIterations[1] lagIterations[215] sspIterations[215] numSeparations[120] numCuts[0] compileTime[0] sspSolveTime[1] lpSolveTime[0] lb[601.209] ub[771.79] size: [6289] time: [3]
STATS - lpIterations[1] lagIterations[217] sspIterations[217] numSeparations[122] numCuts[0] compileTime[0] sspSolveTime[1] lpSolveTime[0] lb[602.725] ub[771.79] size: [6292] time: [3]
STATS - lpIterations[1] lagIterations[218] sspIterations[218] numSeparations[123] numCuts[0] compileTime[0] sspSolveTime[1] lpSolveTime[0] lb[604.2] ub[771.79] size: [6293] time: [3]
STATS - lpIterations[1] lagIterations[224] sspIterations[224] numSeparations[129] numCuts[0] compileTime[0] sspSolveTime[1] lpSolveTime[0] lb[606.467] ub[771.79] size: [6304] time: [3]
STATS - lpIterations[1] lagIterations[229] sspIterations[229] numSeparations[134] numCuts[0] compileTime[0] sspSolveTime[1] lpSolveTime[0] lb[607.2] ub[771.79] size: [6318] time: [3]
STATS - lpIterations[1] lagIterations[230] sspIterations[230] numSeparations[135] numCuts[0] compileTime[0] sspSolveTime[1] lpSolveTime[0] lb[607.749] ub[771.79] size: [6320] time: [3]
STATS - lpIterations[1] lagIterations[237] sspIterations[237] numSeparations[141] numCuts[0] compileTime[0] sspSolveTime[1] lpSolveTime[0] lb[608.278] ub[771.79] size: [6332] time: [3]
dual not feasible: -1.16362
STATS - lpIterations[1] lagIterations[239] sspIterations[239] numSeparations[143] numCuts[0] compileTime[0] sspSolveTime[1] lpSolveTime[0] lb[609.754] ub[771.79] size: [6336] time: [3]
STATS - lpIterations[1] lagIterations[240] sspIterations[240] numSeparations[144] numCuts[0] compileTime[0] sspSolveTime[2] lpSolveTime[0] lb[610.521] ub[771.79] size: [6336] time: [4]
dual not feasible: -1.49573
STATS - lpIterations[1] lagIterations[247] sspIterations[247] numSeparations[151] numCuts[0] compileTime[0] sspSolveTime[2] lpSolveTime[0] lb[611.879] ub[771.79] size: [6352] time: [4]
STATS - lpIterations[1] lagIterations[252] sspIterations[252] numSeparations[156] numCuts[0] compileTime[0] sspSolveTime[2] lpSolveTime[0] lb[613.036] ub[771.79] size: [6368] time: [4]
STATS - lpIterations[1] lagIterations[257] sspIterations[257] numSeparations[161] numCuts[0] compileTime[0] sspSolveTime[2] lpSolveTime[0] lb[613.874] ub[771.79] size: [6375] time: [4]
STATS - lpIterations[1] lagIterations[263] sspIterations[263] numSeparations[167] numCuts[0] compileTime[0] sspSolveTime[2] lpSolveTime[0] lb[615.456] ub[771.79] size: [6388] time: [4]
STATS - lpIterations[1] lagIterations[264] sspIterations[264] numSeparations[167] numCuts[0] compileTime[0] sspSolveTime[2] lpSolveTime[0] lb[615.481] ub[771.79] size: [6388] time: [4]
dual not feasible: -0.908418
dual not feasible: -2.74705
dual not feasible: -0.665845
dual not feasible: -0.0989569
dual not feasible: -1.25358
dual not feasible: -1.46819
STATS - lpIterations[1] lagIterations[271] sspIterations[271] numSeparations[174] numCuts[0] compileTime[0] sspSolveTime[2] lpSolveTime[0] lb[617.551] ub[771.79] size: [6402] time: [4]
dual not feasible: -0.417863
STATS - lpIterations[1] lagIterations[281] sspIterations[281] numSeparations[184] numCuts[0] compileTime[0] sspSolveTime[2] lpSolveTime[0] lb[617.8] ub[771.79] size: [6422] time: [4]
STATS - lpIterations[1] lagIterations[282] sspIterations[282] numSeparations[185] numCuts[0] compileTime[0] sspSolveTime[2] lpSolveTime[0] lb[619.69] ub[771.79] size: [6424] time: [4]
STATS - lpIterations[1] lagIterations[291] sspIterations[291] numSeparations[194] numCuts[0] compileTime[0] sspSolveTime[2] lpSolveTime[0] lb[619.834] ub[771.79] size: [6449] time: [4]
STATS - lpIterations[1] lagIterations[292] sspIterations[292] numSeparations[195] numCuts[0] compileTime[0] sspSolveTime[2] lpSolveTime[0] lb[619.922] ub[771.79] size: [6450] time: [4]
STATS - lpIterations[1] lagIterations[300] sspIterations[300] numSeparations[203] numCuts[0] compileTime[0] sspSolveTime[2] lpSolveTime[0] lb[621.404] ub[771.79] size: [6469] time: [5]
STATS - lpIterations[1] lagIterations[306] sspIterations[306] numSeparations[209] numCuts[0] compileTime[0] sspSolveTime[2] lpSolveTime[0] lb[621.522] ub[771.79] size: [6478] time: [5]
STATS - lpIterations[1] lagIterations[307] sspIterations[307] numSeparations[210] numCuts[0] compileTime[0] sspSolveTime[2] lpSolveTime[0] lb[621.672] ub[771.79] size: [6479] time: [5]
STATS - lpIterations[1] lagIterations[312] sspIterations[312] numSeparations[215] numCuts[0] compileTime[0] sspSolveTime[2] lpSolveTime[0] lb[622.046] ub[771.79] size: [6485] time: [5]
STATS - lpIterations[1] lagIterations[320] sspIterations[320] numSeparations[223] numCuts[0] compileTime[0] sspSolveTime[2] lpSolveTime[0] lb[623.302] ub[771.79] size: [6494] time: [5]
STATS - lpIterations[1] lagIterations[334] sspIterations[334] numSeparations[237] numCuts[0] compileTime[0] sspSolveTime[2] lpSolveTime[0] lb[623.307] ub[771.79] size: [6525] time: [5]
STATS - lpIterations[1] lagIterations[335] sspIterations[335] numSeparations[237] numCuts[0] compileTime[0] sspSolveTime[2] lpSolveTime[0] lb[623.495] ub[771.79] size: [6525] time: [5]
dual not feasible: -0.864517
STATS - lpIterations[1] lagIterations[338] sspIterations[338] numSeparations[240] numCuts[0] compileTime[0] sspSolveTime[2] lpSolveTime[0] lb[623.695] ub[771.79] size: [6530] time: [5]
STATS - lpIterations[1] lagIterations[341] sspIterations[341] numSeparations[243] numCuts[0] compileTime[0] sspSolveTime[2] lpSolveTime[0] lb[624.775] ub[771.79] size: [6538] time: [5]
STATS - lpIterations[1] lagIterations[349] sspIterations[349] numSeparations[251] numCuts[0] compileTime[0] sspSolveTime[3] lpSolveTime[0] lb[625.14] ub[771.79] size: [6555] time: [6]
STATS - lpIterations[1] lagIterations[350] sspIterations[350] numSeparations[252] numCuts[0] compileTime[0] sspSolveTime[3] lpSolveTime[0] lb[625.282] ub[771.79] size: [6557] time: [6]
STATS - lpIterations[1] lagIterations[355] sspIterations[355] numSeparations[257] numCuts[0] compileTime[0] sspSolveTime[3] lpSolveTime[0] lb[626.093] ub[771.79] size: [6566] time: [6]
STATS - lpIterations[1] lagIterations[366] sspIterations[366] numSeparations[268] numCuts[0] compileTime[0] sspSolveTime[3] lpSolveTime[0] lb[626.263] ub[771.79] size: [6580] time: [6]
STATS - lpIterations[1] lagIterations[367] sspIterations[367] numSeparations[269] numCuts[0] compileTime[0] sspSolveTime[3] lpSolveTime[0] lb[626.481] ub[771.79] size: [6581] time: [6]
STATS - lpIterations[1] lagIterations[371] sspIterations[371] numSeparations[273] numCuts[0] compileTime[0] sspSolveTime[3] lpSolveTime[0] lb[626.77] ub[771.79] size: [6589] time: [6]
STATS - lpIterations[1] lagIterations[381] sspIterations[381] numSeparations[283] numCuts[0] compileTime[0] sspSolveTime[3] lpSolveTime[0] lb[626.875] ub[771.79] size: [6611] time: [6]
STATS - lpIterations[1] lagIterations[382] sspIterations[382] numSeparations[284] numCuts[0] compileTime[0] sspSolveTime[3] lpSolveTime[0] lb[627.306] ub[771.79] size: [6613] time: [6]
STATS - lpIterations[1] lagIterations[395] sspIterations[395] numSeparations[297] numCuts[0] compileTime[0] sspSolveTime[3] lpSolveTime[0] lb[627.488] ub[771.79] size: [6637] time: [7]
STATS - lpIterations[1] lagIterations[396] sspIterations[396] numSeparations[298] numCuts[0] compileTime[0] sspSolveTime[3] lpSolveTime[0] lb[628.219] ub[771.79] size: [6639] time: [7]
STATS - lpIterations[1] lagIterations[403] sspIterations[403] numSeparations[305] numCuts[0] compileTime[0] sspSolveTime[3] lpSolveTime[0] lb[628.851] ub[771.79] size: [6654] time: [7]
STATS - lpIterations[1] lagIterations[409] sspIterations[409] numSeparations[311] numCuts[0] compileTime[0] sspSolveTime[3] lpSolveTime[0] lb[629.469] ub[771.79] size: [6667] time: [7]
STATS - lpIterations[1] lagIterations[435] sspIterations[435] numSeparations[337] numCuts[0] compileTime[0] sspSolveTime[3] lpSolveTime[0] lb[629.678] ub[771.79] size: [6719] time: [7]
STATS - lpIterations[1] lagIterations[448] sspIterations[448] numSeparations[350] numCuts[0] compileTime[0] sspSolveTime[4] lpSolveTime[0] lb[629.693] ub[771.79] size: [6741] time: [8]
STATS - lpIterations[1] lagIterations[451] sspIterations[451] numSeparations[353] numCuts[0] compileTime[0] sspSolveTime[4] lpSolveTime[0] lb[629.87] ub[771.79] size: [6747] time: [8]
STATS - lpIterations[1] lagIterations[452] sspIterations[452] numSeparations[354] numCuts[0] compileTime[0] sspSolveTime[4] lpSolveTime[0] lb[630.288] ub[771.79] size: [6749] time: [8]
dual not feasible: -1.25495
STATS - lpIterations[1] lagIterations[458] sspIterations[458] numSeparations[359] numCuts[0] compileTime[0] sspSolveTime[4] lpSolveTime[0] lb[630.354] ub[771.79] size: [6760] time: [8]
STATS - lpIterations[1] lagIterations[460] sspIterations[460] numSeparations[361] numCuts[0] compileTime[0] sspSolveTime[4] lpSolveTime[0] lb[631.151] ub[771.79] size: [6763] time: [8]
dual not feasible: -0.725286
dual not feasible: -1.51663
STATS - lpIterations[1] lagIterations[466] sspIterations[466] numSeparations[367] numCuts[0] compileTime[0] sspSolveTime[4] lpSolveTime[0] lb[631.66] ub[771.79] size: [6774] time: [8]
STATS - lpIterations[1] lagIterations[487] sspIterations[487] numSeparations[388] numCuts[0] compileTime[0] sspSolveTime[4] lpSolveTime[0] lb[631.716] ub[771.79] size: [6812] time: [9]
STATS - lpIterations[1] lagIterations[489] sspIterations[489] numSeparations[390] numCuts[0] compileTime[0] sspSolveTime[4] lpSolveTime[0] lb[631.978] ub[771.79] size: [6814] time: [9]
STATS - lpIterations[1] lagIterations[500] sspIterations[500] numSeparations[401] numCuts[0] compileTime[0] sspSolveTime[4] lpSolveTime[0] lb[632.546] ub[771.79] size: [6830] time: [9]
STATS - lpIterations[1] lagIterations[505] sspIterations[505] numSeparations[406] numCuts[0] compileTime[0] sspSolveTime[4] lpSolveTime[0] lb[632.618] ub[771.79] size: [6838] time: [9]
STATS - lpIterations[1] lagIterations[518] sspIterations[518] numSeparations[419] numCuts[0] compileTime[0] sspSolveTime[4] lpSolveTime[0] lb[632.952] ub[771.79] size: [6865] time: [9]
STATS - lpIterations[1] lagIterations[525] sspIterations[525] numSeparations[426] numCuts[0] compileTime[0] sspSolveTime[5] lpSolveTime[0] lb[633.132] ub[771.79] size: [6876] time: [9]
STATS - lpIterations[1] lagIterations[533] sspIterations[533] numSeparations[434] numCuts[0] compileTime[0] sspSolveTime[5] lpSolveTime[0] lb[633.44] ub[771.79] size: [6886] time: [10]
STATS - lpIterations[1] lagIterations[548] sspIterations[548] numSeparations[449] numCuts[0] compileTime[0] sspSolveTime[5] lpSolveTime[0] lb[634.035] ub[771.79] size: [6919] time: [10]
STATS - lpIterations[1] lagIterations[562] sspIterations[562] numSeparations[463] numCuts[0] compileTime[0] sspSolveTime[5] lpSolveTime[0] lb[634.038] ub[771.79] size: [6946] time: [10]
STATS - lpIterations[1] lagIterations[575] sspIterations[575] numSeparations[476] numCuts[0] compileTime[0] sspSolveTime[5] lpSolveTime[0] lb[634.219] ub[771.79] size: [6972] time: [10]
STATS - lpIterations[1] lagIterations[584] sspIterations[584] numSeparations[485] numCuts[0] compileTime[0] sspSolveTime[5] lpSolveTime[0] lb[634.405] ub[771.79] size: [6988] time: [11]
STATS - lpIterations[1] lagIterations[599] sspIterations[599] numSeparations[500] numCuts[0] compileTime[0] sspSolveTime[5] lpSolveTime[0] lb[634.552] ub[771.79] size: [7015] time: [11]
STATS - lpIterations[1] lagIterations[605] sspIterations[605] numSeparations[506] numCuts[0] compileTime[0] sspSolveTime[5] lpSolveTime[0] lb[634.764] ub[771.79] size: [7024] time: [11]
STATS - lpIterations[1] lagIterations[606] sspIterations[606] numSeparations[507] numCuts[0] compileTime[0] sspSolveTime[5] lpSolveTime[0] lb[634.937] ub[771.79] size: [7025] time: [11]
STATS - lpIterations[1] lagIterations[622] sspIterations[622] numSeparations[523] numCuts[0] compileTime[0] sspSolveTime[6] lpSolveTime[0] lb[635.008] ub[771.79] size: [7057] time: [12]
STATS - lpIterations[1] lagIterations[623] sspIterations[623] numSeparations[524] numCuts[0] compileTime[0] sspSolveTime[6] lpSolveTime[0] lb[635.155] ub[771.79] size: [7060] time: [12]
STATS - lpIterations[1] lagIterations[630] sspIterations[630] numSeparations[531] numCuts[0] compileTime[0] sspSolveTime[6] lpSolveTime[0] lb[635.24] ub[771.79] size: [7071] time: [12]
STATS - lpIterations[1] lagIterations[636] sspIterations[636] numSeparations[537] numCuts[0] compileTime[0] sspSolveTime[6] lpSolveTime[0] lb[635.556] ub[771.79] size: [7084] time: [12]
STATS - lpIterations[1] lagIterations[651] sspIterations[651] numSeparations[552] numCuts[0] compileTime[0] sspSolveTime[6] lpSolveTime[0] lb[635.914] ub[771.79] size: [7113] time: [12]
dual not feasible: -0.0799069
STATS - lpIterations[1] lagIterations[657] sspIterations[657] numSeparations[557] numCuts[0] compileTime[0] sspSolveTime[6] lpSolveTime[0] lb[635.996] ub[771.79] size: [7121] time: [12]
STATS - lpIterations[1] lagIterations[682] sspIterations[682] numSeparations[582] numCuts[0] compileTime[0] sspSolveTime[6] lpSolveTime[0] lb[636.229] ub[771.79] size: [7166] time: [13]
STATS - lpIterations[1] lagIterations[689] sspIterations[689] numSeparations[589] numCuts[0] compileTime[0] sspSolveTime[6] lpSolveTime[0] lb[636.549] ub[771.79] size: [7184] time: [13]
STATS - lpIterations[1] lagIterations[726] sspIterations[726] numSeparations[626] numCuts[0] compileTime[0] sspSolveTime[7] lpSolveTime[0] lb[636.715] ub[771.79] size: [7248] time: [14]
STATS - lpIterations[1] lagIterations[732] sspIterations[732] numSeparations[632] numCuts[0] compileTime[0] sspSolveTime[7] lpSolveTime[0] lb[636.833] ub[771.79] size: [7254] time: [14]
STATS - lpIterations[1] lagIterations[733] sspIterations[733] numSeparations[633] numCuts[0] compileTime[0] sspSolveTime[7] lpSolveTime[0] lb[637.032] ub[771.79] size: [7256] time: [14]
STATS - lpIterations[1] lagIterations[752] sspIterations[752] numSeparations[652] numCuts[0] compileTime[0] sspSolveTime[7] lpSolveTime[0] lb[637.435] ub[771.79] size: [7290] time: [15]
STATS - lpIterations[1] lagIterations[807] sspIterations[807] numSeparations[707] numCuts[0] compileTime[0] sspSolveTime[8] lpSolveTime[0] lb[637.457] ub[771.79] size: [7397] time: [16]
STATS - lpIterations[1] lagIterations[810] sspIterations[810] numSeparations[710] numCuts[0] compileTime[0] sspSolveTime[8] lpSolveTime[0] lb[637.667] ub[771.79] size: [7405] time: [16]
STATS - lpIterations[1] lagIterations[811] sspIterations[811] numSeparations[711] numCuts[0] compileTime[0] sspSolveTime[8] lpSolveTime[0] lb[637.867] ub[771.79] size: [7408] time: [16]
STATS - lpIterations[1] lagIterations[817] sspIterations[817] numSeparations[717] numCuts[0] compileTime[0] sspSolveTime[8] lpSolveTime[0] lb[638.016] ub[771.79] size: [7417] time: [16]
STATS - lpIterations[1] lagIterations[832] sspIterations[832] numSeparations[732] numCuts[0] compileTime[0] sspSolveTime[8] lpSolveTime[0] lb[638.243] ub[771.79] size: [7444] time: [17]
STATS - lpIterations[1] lagIterations[865] sspIterations[865] numSeparations[765] numCuts[0] compileTime[0] sspSolveTime[9] lpSolveTime[0] lb[638.29] ub[771.79] size: [7499] time: [17]
STATS - lpIterations[1] lagIterations[873] sspIterations[873] numSeparations[773] numCuts[0] compileTime[0] sspSolveTime[9] lpSolveTime[0] lb[638.674] ub[771.79] size: [7515] time: [18]
STATS - lpIterations[1] lagIterations[902] sspIterations[902] numSeparations[801] numCuts[0] compileTime[0] sspSolveTime[9] lpSolveTime[0] lb[638.852] ub[771.79] size: [7571] time: [18]
STATS - lpIterations[1] lagIterations[911] sspIterations[911] numSeparations[810] numCuts[0] compileTime[0] sspSolveTime[9] lpSolveTime[0] lb[638.919] ub[771.79] size: [7584] time: [19]
dual not feasible: -0.0309413
STATS - lpIterations[1] lagIterations[927] sspIterations[927] numSeparations[826] numCuts[0] compileTime[0] sspSolveTime[10] lpSolveTime[0] lb[638.939] ub[771.79] size: [7612] time: [19]
STATS - lpIterations[1] lagIterations[941] sspIterations[941] numSeparations[840] numCuts[0] compileTime[0] sspSolveTime[10] lpSolveTime[0] lb[639.081] ub[771.79] size: [7640] time: [19]
STATS - lpIterations[1] lagIterations[942] sspIterations[942] numSeparations[841] numCuts[0] compileTime[0] sspSolveTime[10] lpSolveTime[0] lb[639.15] ub[771.79] size: [7642] time: [19]
STATS - lpIterations[1] lagIterations[958] sspIterations[958] numSeparations[857] numCuts[0] compileTime[0] sspSolveTime[10] lpSolveTime[0] lb[639.217] ub[771.79] size: [7669] time: [20]
STATS - lpIterations[1] lagIterations[969] sspIterations[969] numSeparations[868] numCuts[0] compileTime[0] sspSolveTime[10] lpSolveTime[0] lb[639.354] ub[771.79] size: [7686] time: [20]
STATS - lpIterations[1] lagIterations[975] sspIterations[975] numSeparations[874] numCuts[0] compileTime[0] sspSolveTime[10] lpSolveTime[0] lb[639.581] ub[771.79] size: [7694] time: [20]
STATS - lpIterations[1] lagIterations[1003] sspIterations[1003] numSeparations[902] numCuts[0] compileTime[0] sspSolveTime[11] lpSolveTime[0] lb[639.693] ub[771.79] size: [7740] time: [21]
STATS - lpIterations[1] lagIterations[1006] sspIterations[1006] numSeparations[905] numCuts[0] compileTime[0] sspSolveTime[11] lpSolveTime[0] lb[639.801] ub[771.79] size: [7743] time: [21]
STATS - lpIterations[1] lagIterations[1029] sspIterations[1029] numSeparations[928] numCuts[0] compileTime[0] sspSolveTime[11] lpSolveTime[0] lb[639.88] ub[771.79] size: [7776] time: [22]
STATS - lpIterations[1] lagIterations[1049] sspIterations[1049] numSeparations[948] numCuts[0] compileTime[0] sspSolveTime[11] lpSolveTime[0] lb[639.897] ub[771.79] size: [7810] time: [22]
STATS - lpIterations[1] lagIterations[1057] sspIterations[1057] numSeparations[956] numCuts[0] compileTime[0] sspSolveTime[11] lpSolveTime[0] lb[640.088] ub[771.79] size: [7822] time: [22]
STATS - lpIterations[1] lagIterations[1059] sspIterations[1059] numSeparations[958] numCuts[0] compileTime[0] sspSolveTime[11] lpSolveTime[0] lb[640.154] ub[771.79] size: [7827] time: [23]
STATS - lpIterations[2] lagIterations[1076] sspIterations[1076] numSeparations[975] numCuts[0] compileTime[0] sspSolveTime[12] lpSolveTime[0] lb[640.154] ub[771.79] size: [7852] time: [23]
dual not feasible: -2.82085
dual not feasible: -6.25125
dual not feasible: -8.76356
dual not feasible: -21.9916
dual not feasible: -22.3084
dual not feasible: -25.2634
dual not feasible: -25.3285
dual not feasible: -20.4369
dual not feasible: -19.5357
dual not feasible: -19.6019
dual not feasible: -20.39
dual not feasible: -13.674
dual not feasible: -13.1496
dual not feasible: -14.4747
dual not feasible: -12.7263
dual not feasible: -11.5154
dual not feasible: -10.2909
dual not feasible: -14.4874
dual not feasible: -12.4621
dual not feasible: -14.5675
dual not feasible: -24.5633
dual not feasible: -17.1633
dual not feasible: -15.9131
dual not feasible: -21.9481
dual not feasible: -28.5705
dual not feasible: -17.5438
dual not feasible: -20.7308
dual not feasible: -26.0161
dual not feasible: -8.15352
dual not feasible: -15.8796
dual not feasible: -15.4459
dual not feasible: -20.0614
dual not feasible: -21.3331
dual not feasible: -24.5883
dual not feasible: -20.0242
dual not feasible: -10.6257
dual not feasible: -10.0367
dual not feasible: -13.1697
dual not feasible: -15.6802
dual not feasible: -15.1023
dual not feasible: -18.7052
dual not feasible: -13.0906
dual not feasible: -16.6644
dual not feasible: -20.6849
dual not feasible: -8.53226
dual not feasible: -6.2284
dual not feasible: -7.85965
dual not feasible: -13.4914
dual not feasible: -15.7528
dual not feasible: -14.1022
dual not feasible: -22.0037
dual not feasible: -22.8675
dual not feasible: -18.6268
dual not feasible: -11.0776
dual not feasible: -10.0294
dual not feasible: -11.4519
dual not feasible: -20.7033
dual not feasible: -11.3045
dual not feasible: -6.76585
dual not feasible: -13.4882
dual not feasible: -7.76435
dual not feasible: -8.06351
dual not feasible: -7.89661
dual not feasible: -8.41613
dual not feasible: -5.8485
dual not feasible: -14.6551
dual not feasible: -9.32824
dual not feasible: -11.1392
dual not feasible: -16.4274
dual not feasible: -12.1884
dual not feasible: -12.128
dual not feasible: -13.0234
dual not feasible: -6.28452
dual not feasible: -11.8805
dual not feasible: -7.99362
dual not feasible: -7.81493
dual not feasible: -6.96289
dual not feasible: -9.40034
dual not feasible: -9.24161
dual not feasible: -16.709
dual not feasible: -11.0745
dual not feasible: -8.23287
dual not feasible: -13.1621
dual not feasible: -10.3592
dual not feasible: -6.27084
dual not feasible: -6.27565
dual not feasible: -6.96921
dual not feasible: -6.41863
dual not feasible: -7.57205
dual not feasible: -13.2992
dual not feasible: -10.1246
dual not feasible: -7.83752
dual not feasible: -8.22462
dual not feasible: -8.47845
dual not feasible: -7.28143
dual not feasible: -12.9788
dual not feasible: -8.73791
dual not feasible: -7.35949
dual not feasible: -11.1948
dual not feasible: -8.82862
dual not feasible: -4.61922
STATS - lpIterations[3] lagIterations[1178] sspIterations[1178] numSeparations[1076] numCuts[0] compileTime[0] sspSolveTime[13] lpSolveTime[0] lb[640.154] ub[771.79] size: [8017] time: [26]
dual not feasible: -8.60788
dual not feasible: -13.2766
dual not feasible: -16.3737
dual not feasible: -15.3242
dual not feasible: -19.7854
dual not feasible: -14.4746
dual not feasible: -18.0178
dual not feasible: -21.1311
dual not feasible: -16.5838
dual not feasible: -18.6259
dual not feasible: -16.6052
dual not feasible: -25.4154
dual not feasible: -18.8944
dual not feasible: -19.4384
dual not feasible: -14.1213
dual not feasible: -20.0433
dual not feasible: -17.6215
dual not feasible: -16.6593
dual not feasible: -23.9377
dual not feasible: -14.1995
dual not feasible: -22.6165
dual not feasible: -18.3755
dual not feasible: -13.8824
dual not feasible: -12.4245
dual not feasible: -25.0063
dual not feasible: -27.7373
dual not feasible: -13.8284
dual not feasible: -17.3712
dual not feasible: -17.1638
dual not feasible: -18.44
dual not feasible: -14.0957
dual not feasible: -25.5641
dual not feasible: -11.9572
dual not feasible: -20.3702
dual not feasible: -16.193
dual not feasible: -17.7189
dual not feasible: -13.5006
dual not feasible: -8.77249
dual not feasible: -10.3577
dual not feasible: -18.7229
dual not feasible: -12.6743
dual not feasible: -10.8845
dual not feasible: -16.5048
dual not feasible: -18.7657
dual not feasible: -13.7748
dual not feasible: -15.1138
dual not feasible: -11.5504
dual not feasible: -7.57446
dual not feasible: -15.6781
dual not feasible: -16.0825
dual not feasible: -14.6839
dual not feasible: -19.1269
dual not feasible: -16.3773
dual not feasible: -17.4039
dual not feasible: -12.3791
dual not feasible: -15.0945
dual not feasible: -15.9873
dual not feasible: -11.616
dual not feasible: -11.1801
dual not feasible: -11.8273
dual not feasible: -14.3616
dual not feasible: -15.3726
dual not feasible: -12.9195
dual not feasible: -6.27451
dual not feasible: -10.4902
dual not feasible: -10.8798
dual not feasible: -10.57
dual not feasible: -18.1287
dual not feasible: -9.82615
dual not feasible: -14.672
dual not feasible: -14.4544
dual not feasible: -10.6186
dual not feasible: -12.7683
dual not feasible: -12.7087
dual not feasible: -11.5844
dual not feasible: -9.804
dual not feasible: -14.6756
dual not feasible: -12.4721
dual not feasible: -14.0999
dual not feasible: -13.59
dual not feasible: -17.2335
dual not feasible: -6.83976
dual not feasible: -13.1514
dual not feasible: -12.073
dual not feasible: -12.781
dual not feasible: -10.3705
dual not feasible: -9.02297
dual not feasible: -15.7614
dual not feasible: -13.1179
dual not feasible: -9.19669
dual not feasible: -10.4587
dual not feasible: -16.2713
dual not feasible: -6.65186
dual not feasible: -12.6332
dual not feasible: -10.1484
dual not feasible: -9.75206
dual not feasible: -13.7178
dual not feasible: -10.6456
dual not feasible: -13.5471
dual not feasible: -7.70287
dual not feasible: -8.178
dual not feasible: -8.60239
dual not feasible: -8.77111
dual not feasible: -8.72215
dual not feasible: -7.08627
dual not feasible: -9.24104
dual not feasible: -11.3347
dual not feasible: -11.9672
dual not feasible: -14.4576
dual not feasible: -5.79845
dual not feasible: -5.86783
dual not feasible: -9.62999
dual not feasible: -9.52039
dual not feasible: -9.63475
dual not feasible: -7.82396
dual not feasible: -9.07834
dual not feasible: -7.31402
dual not feasible: -8.80656
dual not feasible: -5.53833
dual not feasible: -8.2114
dual not feasible: -10.4014
dual not feasible: -10.672
dual not feasible: -4.97388
dual not feasible: -6.71155
dual not feasible: -10.2947
dual not feasible: -9.96258
dual not feasible: -9.13513
dual not feasible: -8.05528
dual not feasible: -8.42975
dual not feasible: -11.7684
dual not feasible: -10.2721
dual not feasible: -5.31901
dual not feasible: -8.82475
dual not feasible: -7.19011
dual not feasible: -9.42331
dual not feasible: -9.00254
dual not feasible: -7.76066
dual not feasible: -7.88337
dual not feasible: -8.40955
dual not feasible: -5.28755
dual not feasible: -6.95021
dual not feasible: -8.09665
dual not feasible: -8.58552
dual not feasible: -8.31949
dual not feasible: -8.69454
dual not feasible: -5.87243
dual not feasible: -8.17566
dual not feasible: -8.05202
dual not feasible: -6.97609
dual not feasible: -7.99553
dual not feasible: -7.80263
dual not feasible: -7.86131
dual not feasible: -7.75918
dual not feasible: -9.75507
dual not feasible: -4.60667
dual not feasible: -7.59084
dual not feasible: -6.30855
dual not feasible: -6.08233
dual not feasible: -10.639
dual not feasible: -7.65062
dual not feasible: -7.41427
dual not feasible: -5.10482
dual not feasible: -4.33535
dual not feasible: -6.82084
dual not feasible: -5.9767
dual not feasible: -5.42383
dual not feasible: -6.57344
dual not feasible: -6.11318
dual not feasible: -10.1324
dual not feasible: -4.48784
dual not feasible: -6.14773
dual not feasible: -5.41992
dual not feasible: -4.91038
dual not feasible: -5.65758
dual not feasible: -4.45651
dual not feasible: -5.2342
dual not feasible: -9.24078
dual not feasible: -5.36804
dual not feasible: -7.14928
dual not feasible: -7.01573
dual not feasible: -5.91978
dual not feasible: -7.34646
dual not feasible: -6.9879
dual not feasible: -4.58515
dual not feasible: -4.87132
dual not feasible: -5.8751
dual not feasible: -9.14825
dual not feasible: -9.22626
dual not feasible: -10.2606
dual not feasible: -5.02473
dual not feasible: -5.52526
dual not feasible: -4.34921
dual not feasible: -5.54541
dual not feasible: -5.65734
dual not feasible: -5.07529
dual not feasible: -6.49428
dual not feasible: -8.68087
dual not feasible: -6.34549
dual not feasible: -3.1693
dual not feasible: -7.75657
dual not feasible: -6.66496
dual not feasible: -6.33764
dual not feasible: -3.91139
dual not feasible: -3.94124
dual not feasible: -3.4169
dual not feasible: -6.78742
dual not feasible: -5.38594
dual not feasible: -6.41292
dual not feasible: -6.42608
dual not feasible: -5.43908
dual not feasible: -4.38793
dual not feasible: -5.2586
dual not feasible: -2.39195
dual not feasible: -5.2472
dual not feasible: -5.96815
dual not feasible: -6.47468
dual not feasible: -4.3615
dual not feasible: -5.75521
dual not feasible: -4.32277
dual not feasible: -7.60942
dual not feasible: -6.38357
dual not feasible: -4.96339
dual not feasible: -4.40895
dual not feasible: -5.80436
dual not feasible: -4.47865
dual not feasible: -3.48847
dual not feasible: -2.53701
dual not feasible: -4.92838
dual not feasible: -5.41668
dual not feasible: -5.35208
dual not feasible: -4.34071
dual not feasible: -4.52927
dual not feasible: -4.9408
dual not feasible: -4.11463
dual not feasible: -4.45739
dual not feasible: -4.52287
dual not feasible: -3.56366
dual not feasible: -5.78708
dual not feasible: -5.28216
dual not feasible: -4.12336
dual not feasible: -4.61514
dual not feasible: -4.01003
dual not feasible: -4.30225
dual not feasible: -4.17016
dual not feasible: -5.25557
dual not feasible: -5.34601
dual not feasible: -3.08861
dual not feasible: -4.40559
dual not feasible: -5.86672
dual not feasible: -4.81762
dual not feasible: -3.4507
dual not feasible: -4.0323
dual not feasible: -4.2756
dual not feasible: -4.49495
dual not feasible: -3.02084
dual not feasible: -3.80516
dual not feasible: -4.3706
dual not feasible: -4.81295
dual not feasible: -5.27189
dual not feasible: -5.50888
dual not feasible: -3.46564
dual not feasible: -5.43275
dual not feasible: -5.73339
dual not feasible: -4.86837
dual not feasible: -3.39545
dual not feasible: -4.7933
dual not feasible: -5.62648
dual not feasible: -3.5329
dual not feasible: -2.80228
dual not feasible: -4.21495
dual not feasible: -4.79788
dual not feasible: -2.57304
dual not feasible: -4.16243
dual not feasible: -4.33666
dual not feasible: -9.13563
dual not feasible: -5.93456
dual not feasible: -3.30639
dual not feasible: -3.98513
dual not feasible: -3.56509
dual not feasible: -2.77338
dual not feasible: -2.70537
dual not feasible: -4.38628
dual not feasible: -3.62574
dual not feasible: -3.61241
dual not feasible: -6.11674
dual not feasible: -5.14359
dual not feasible: -3.5924
dual not feasible: -3.64559
dual not feasible: -3.67052
dual not feasible: -3.40874
dual not feasible: -2.60051
dual not feasible: -3.95306
dual not feasible: -4.19298
dual not feasible: -3.15711
dual not feasible: -4.83002
dual not feasible: -5.18718
dual not feasible: -4.20983
dual not feasible: -3.29152
dual not feasible: -3.43082
dual not feasible: -2.668
dual not feasible: -2.72484
dual not feasible: -3.41674
dual not feasible: -3.90961
dual not feasible: -3.28067
dual not feasible: -6.58157
dual not feasible: -2.95729
dual not feasible: -3.33514
dual not feasible: -3.90976
dual not feasible: -2.36134
dual not feasible: -2.7506
dual not feasible: -3.79881
dual not feasible: -3.29567
dual not feasible: -2.02014
STATS - lpIterations[3] lagIterations[1491] sspIterations[1491] numSeparations[1388] numCuts[0] compileTime[0] sspSolveTime[18] lpSolveTime[0] lb[640.327] ub[771.79] size: [8516] time: [35]
dual not feasible: -3.0931
dual not feasible: -3.15972
dual not feasible: -6.02496
dual not feasible: -3.85462
dual not feasible: -3.73776
dual not feasible: -5.25472
dual not feasible: -2.19773
dual not feasible: -2.18288
dual not feasible: -2.73232
dual not feasible: -3.68644
dual not feasible: -4.01875
dual not feasible: -3.8061
dual not feasible: -3.72952
dual not feasible: -3.16522
dual not feasible: -2.26201
dual not feasible: -2.25264
dual not feasible: -3.02214
dual not feasible: -3.02475
dual not feasible: -3.3164
dual not feasible: -3.42877
dual not feasible: -2.2909
dual not feasible: -2.71009
dual not feasible: -4.51462
dual not feasible: -3.03439
dual not feasible: -3.16811
dual not feasible: -3.35546
dual not feasible: -2.61898
dual not feasible: -2.45058
dual not feasible: -3.34934
dual not feasible: -1.75026
STATS - lpIterations[3] lagIterations[1521] sspIterations[1521] numSeparations[1418] numCuts[0] compileTime[0] sspSolveTime[19] lpSolveTime[0] lb[640.818] ub[771.79] size: [8563] time: [36]
dual not feasible: -2.30673
dual not feasible: -2.46455
dual not feasible: -2.8101
dual not feasible: -3.5454
dual not feasible: -4.14835
dual not feasible: -3.25017
dual not feasible: -2.84668
dual not feasible: -5.64433
dual not feasible: -4.23187
dual not feasible: -3.57376
dual not feasible: -2.29808
dual not feasible: -2.11471
dual not feasible: -3.59952
dual not feasible: -2.92617
dual not feasible: -2.19033
dual not feasible: -3.24361
dual not feasible: -2.99952
dual not feasible: -4.19822
dual not feasible: -5.59141
dual not feasible: -3.60964
dual not feasible: -1.45132
STATS - lpIterations[3] lagIterations[1542] sspIterations[1542] numSeparations[1439] numCuts[0] compileTime[0] sspSolveTime[19] lpSolveTime[0] lb[641.185] ub[771.79] size: [8587] time: [37]
dual not feasible: -2.44677
dual not feasible: -3.46025
dual not feasible: -2.64029
dual not feasible: -3.75449
dual not feasible: -3.133
dual not feasible: -4.045
dual not feasible: -4.23454
dual not feasible: -3.59508
dual not feasible: -2.05572
dual not feasible: -3.42788
dual not feasible: -4.01814
dual not feasible: -2.74612
dual not feasible: -2.58096
dual not feasible: -3.02063
dual not feasible: -2.9611
dual not feasible: -4.70725
dual not feasible: -3.53004
dual not feasible: -3.6879
dual not feasible: -3.68319
dual not feasible: -4.38834
dual not feasible: -3.22983
dual not feasible: -1.69108
dual not feasible: -2.2019
dual not feasible: -2.28073
dual not feasible: -3.36442
dual not feasible: -3.71496
dual not feasible: -4.8008
dual not feasible: -2.53214
dual not feasible: -2.06333
dual not feasible: -4.09067
dual not feasible: -3.356
dual not feasible: -3.25442
dual not feasible: -3.18856
dual not feasible: -4.87994
dual not feasible: -4.58524
dual not feasible: -3.20972
dual not feasible: -3.6434
dual not feasible: -1.98489
dual not feasible: -2.68688
dual not feasible: -2.00387
dual not feasible: -1.30599
STATS - lpIterations[3] lagIterations[1583] sspIterations[1583] numSeparations[1480] numCuts[0] compileTime[0] sspSolveTime[20] lpSolveTime[0] lb[641.507] ub[771.79] size: [8658] time: [38]
dual not feasible: -2.67325
dual not feasible: -3.5093
dual not feasible: -3.57372
dual not feasible: -4.07836
dual not feasible: -4.05407
dual not feasible: -3.14416
dual not feasible: -4.0104
dual not feasible: -2.03387
dual not feasible: -3.22238
dual not feasible: -2.15551
dual not feasible: -2.79324
dual not feasible: -4.99886
dual not feasible: -2.36414
dual not feasible: -2.52767
dual not feasible: -3.53855
dual not feasible: -3.95612
dual not feasible: -3.83288
dual not feasible: -2.20001
dual not feasible: -2.10517
dual not feasible: -3.94619
dual not feasible: -3.78357
dual not feasible: -2.86895
dual not feasible: -2.94253
dual not feasible: -3.10841
dual not feasible: -3.26159
dual not feasible: -1.46953
dual not feasible: -1.68196
dual not feasible: -4.00852
dual not feasible: -4.02392
dual not feasible: -4.30181
dual not feasible: -3.34577
dual not feasible: -1.7156
dual not feasible: -3.13429
dual not feasible: -2.3095
dual not feasible: -3.02389
dual not feasible: -2.01588
dual not feasible: -2.71091
dual not feasible: -4.1478
dual not feasible: -2.75591
dual not feasible: -2.30027
dual not feasible: -2.97179
dual not feasible: -2.41863
dual not feasible: -3.23131
dual not feasible: -2.65552
dual not feasible: -4.1479
dual not feasible: -3.33972
dual not feasible: -3.71554
dual not feasible: -1.56106
STATS - lpIterations[3] lagIterations[1631] sspIterations[1631] numSeparations[1528] numCuts[0] compileTime[0] sspSolveTime[21] lpSolveTime[0] lb[641.538] ub[771.79] size: [8739] time: [40]
dual not feasible: -2.30842
dual not feasible: -3.22519
dual not feasible: -3.30107
dual not feasible: -2.91823
dual not feasible: -1.95099
dual not feasible: -3.30908
dual not feasible: -2.85678
dual not feasible: -2.38813
dual not feasible: -2.44466
dual not feasible: -1.85334
dual not feasible: -3.6765
dual not feasible: -2.96151
dual not feasible: -2.41855
dual not feasible: -3.78413
dual not feasible: -3.17367
dual not feasible: -2.76619
dual not feasible: -4.25344
dual not feasible: -1.84662
dual not feasible: -1.91021
dual not feasible: -2.71309
dual not feasible: -2.54751
dual not feasible: -2.61944
dual not feasible: -3.18445
dual not feasible: -2.50411
dual not feasible: -3.14374
dual not feasible: -1.90257
dual not feasible: -1.56494
STATS - lpIterations[3] lagIterations[1658] sspIterations[1658] numSeparations[1555] numCuts[0] compileTime[0] sspSolveTime[21] lpSolveTime[0] lb[641.641] ub[771.79] size: [8790] time: [41]
dual not feasible: -2.02991
dual not feasible: -2.3354
dual not feasible: -2.47778
dual not feasible: -2.71263
dual not feasible: -2.75977
dual not feasible: -3.49415
dual not feasible: -2.37673
dual not feasible: -2.59189
dual not feasible: -4.55904
dual not feasible: -3.61306
dual not feasible: -3.90644
dual not feasible: -2.91922
dual not feasible: -1.55832
STATS - lpIterations[3] lagIterations[1671] sspIterations[1671] numSeparations[1568] numCuts[0] compileTime[0] sspSolveTime[21] lpSolveTime[0] lb[641.711] ub[771.79] size: [8812] time: [41]
dual not feasible: -1.92901
dual not feasible: -3.42768
dual not feasible: -1.71529
dual not feasible: -2.04991
dual not feasible: -3.12996
dual not feasible: -2.89479
dual not feasible: -2.45032
dual not feasible: -2.67137
dual not feasible: -2.86889
dual not feasible: -4.61527
dual not feasible: -2.72508
dual not feasible: -2.07853
dual not feasible: -2.18091
STATS - lpIterations[4] lagIterations[1684] sspIterations[1684] numSeparations[1581] numCuts[0] compileTime[0] sspSolveTime[22] lpSolveTime[0] lb[641.711] ub[771.79] size: [8841] time: [42]
dual not feasible: -2.26683
dual not feasible: -11.3187
dual not feasible: -13.4012
dual not feasible: -17.7472
dual not feasible: -16.7868
dual not feasible: -17.7333
dual not feasible: -26.5531
dual not feasible: -32.1608
dual not feasible: -29.6872
dual not feasible: -19.0555
dual not feasible: -23.6018
dual not feasible: -23.1967
dual not feasible: -26.8534
dual not feasible: -21.4428
dual not feasible: -20.5065
dual not feasible: -23.866
dual not feasible: -24.244
dual not feasible: -14.2123
dual not feasible: -17.525
dual not feasible: -20.6396
dual not feasible: -19.1446
dual not feasible: -20.1643
dual not feasible: -24.4616
dual not feasible: -27.6693
dual not feasible: -21.5634
dual not feasible: -17.2081
dual not feasible: -23.4759
dual not feasible: -17.1386
dual not feasible: -19.482
dual not feasible: -17.9849
dual not feasible: -17.0155
dual not feasible: -19.9911
dual not feasible: -27.4294
dual not feasible: -11.7726
dual not feasible: -19.1159
dual not feasible: -16.3794
dual not feasible: -16.9102
dual not feasible: -17.5089
dual not feasible: -17.9283
dual not feasible: -18.3903
dual not feasible: -20.2609
dual not feasible: -20.2427
dual not feasible: -18.4272
dual not feasible: -18.2629
dual not feasible: -19.5262
dual not feasible: -19.597
dual not feasible: -17.9651
dual not feasible: -13.7187
dual not feasible: -23.0151
dual not feasible: -17.4101
dual not feasible: -15.146
dual not feasible: -16.8869
dual not feasible: -19.8026
dual not feasible: -20.3368
dual not feasible: -18.6132
dual not feasible: -16.8973
dual not feasible: -22.359
dual not feasible: -20.0179
dual not feasible: -14.9693
dual not feasible: -14.883
dual not feasible: -17.9902
dual not feasible: -13.3616
dual not feasible: -11.2384
dual not feasible: -19.2683
dual not feasible: -18.9313
dual not feasible: -13.8125
dual not feasible: -15.5057
dual not feasible: -16.8908
dual not feasible: -10.7113
dual not feasible: -14.1868
dual not feasible: -14.0407
dual not feasible: -25.1113
dual not feasible: -24.6728
dual not feasible: -12.5265
dual not feasible: -11.3321
dual not feasible: -10.0135
dual not feasible: -13.0083
dual not feasible: -15.3729
dual not feasible: -12.544
dual not feasible: -11.9289
dual not feasible: -13.3968
dual not feasible: -17.8153
dual not feasible: -14.4343
dual not feasible: -8.64386
dual not feasible: -11.5717
dual not feasible: -14.013
dual not feasible: -9.45891
dual not feasible: -19.0821
dual not feasible: -20.5771
dual not feasible: -20.8944
dual not feasible: -13.6388
dual not feasible: -9.66847
dual not feasible: -11.0178
dual not feasible: -13.094
dual not feasible: -12.8674
dual not feasible: -9.67705
dual not feasible: -12.8499
dual not feasible: -12.4331
dual not feasible: -10.3771
dual not feasible: -14.2221
dual not feasible: -13.8412
dual not feasible: -12.1442
STATS - lpIterations[5] lagIterations[1786] sspIterations[1786] numSeparations[1682] numCuts[0] compileTime[0] sspSolveTime[23] lpSolveTime[0] lb[641.711] ub[771.79] size: [8983] time: [45]
dual not feasible: -12.9181
dual not feasible: -13.675
dual not feasible: -35.9287
dual not feasible: -22.0635
dual not feasible: -24.5324
dual not feasible: -30.9799
dual not feasible: -30.0966
dual not feasible: -27.6998
dual not feasible: -23.9284
dual not feasible: -25.8054
dual not feasible: -27.5875
dual not feasible: -31.7403
dual not feasible: -16.8293
dual not feasible: -17.9278
dual not feasible: -17.584
dual not feasible: -20.8553
dual not feasible: -24.4514
dual not feasible: -22.914
dual not feasible: -22.7991
dual not feasible: -22.0917
dual not feasible: -23.2219
dual not feasible: -22.4038
dual not feasible: -26.7838
dual not feasible: -19.4578
dual not feasible: -16.4019
dual not feasible: -25.2981
dual not feasible: -18.3726
dual not feasible: -25.4444
dual not feasible: -19.3552
dual not feasible: -23.7071
dual not feasible: -22.13
dual not feasible: -15.9052
dual not feasible: -18.1855
dual not feasible: -21.4075
dual not feasible: -21.6087
dual not feasible: -21.8904
dual not feasible: -25.5713
dual not feasible: -18.6696
dual not feasible: -22.3937
dual not feasible: -14.8129
dual not feasible: -16.7238
dual not feasible: -20.6595
dual not feasible: -16.0277
dual not feasible: -17.2946
dual not feasible: -23.9927
dual not feasible: -22.0335
dual not feasible: -16.9847
dual not feasible: -19.9089
dual not feasible: -22.527
dual not feasible: -19.0291
dual not feasible: -21.202
dual not feasible: -19.7764
dual not feasible: -16.7587
dual not feasible: -17.0634
dual not feasible: -16.8176
dual not feasible: -14.0346
dual not feasible: -14.7685
dual not feasible: -24.5325
dual not feasible: -14.9956
dual not feasible: -15.1875
dual not feasible: -15.1814
dual not feasible: -16.3236
dual not feasible: -14.452
dual not feasible: -17.6144
dual not feasible: -17.0828
dual not feasible: -13.0503
dual not feasible: -15.5856
dual not feasible: -14.9948
dual not feasible: -21.4929
dual not feasible: -20.3774
dual not feasible: -20.656
dual not feasible: -17.8797
dual not feasible: -10.961
dual not feasible: -16.9164
dual not feasible: -21.6288
dual not feasible: -14.6817
dual not feasible: -14.5834
dual not feasible: -16.7654
dual not feasible: -17.7551
dual not feasible: -14.5763
dual not feasible: -11.3472
dual not feasible: -16.8187
dual not feasible: -14.4974
dual not feasible: -16.188
dual not feasible: -18.5868
dual not feasible: -15.3797
dual not feasible: -13.5035
dual not feasible: -18.7781
dual not feasible: -20.2887
dual not feasible: -11.882
dual not feasible: -16.6718
dual not feasible: -16.7536
dual not feasible: -15.0876
dual not feasible: -14.2954
dual not feasible: -13.3412
dual not feasible: -10.4828
dual not feasible: -14.8141
dual not feasible: -12.1565
dual not feasible: -13.0063
dual not feasible: -10.9234
dual not feasible: -11.9425
dual not feasible: -14.4624
dual not feasible: -14.9296
dual not feasible: -12.7494
dual not feasible: -13.3428
dual not feasible: -10.3909
dual not feasible: -11.7242
dual not feasible: -13.6779
dual not feasible: -13.6826
dual not feasible: -16.2319
dual not feasible: -15.01
dual not feasible: -10.8416
dual not feasible: -10.3674
dual not feasible: -10.0144
dual not feasible: -15.3561
dual not feasible: -14.6191
dual not feasible: -14.4293
dual not feasible: -14.876
dual not feasible: -13.3192
dual not feasible: -14.1544
dual not feasible: -9.36258
dual not feasible: -12.9064
dual not feasible: -12.8644
dual not feasible: -12.2203
dual not feasible: -12.8981
dual not feasible: -10.0518
dual not feasible: -11.9015
dual not feasible: -11.2554
dual not feasible: -12.8701
dual not feasible: -13.6915
dual not feasible: -11.2758
dual not feasible: -12.0456
dual not feasible: -16.2895
dual not feasible: -12.7348
dual not feasible: -14.2682
dual not feasible: -12.531
dual not feasible: -10.7219
dual not feasible: -14.3775
dual not feasible: -14.1779
dual not feasible: -11.9277
dual not feasible: -11.6784
dual not feasible: -10.9026
dual not feasible: -14.531
dual not feasible: -9.58303
dual not feasible: -10.9965
dual not feasible: -11.2583
dual not feasible: -17.9295
dual not feasible: -12.9853
dual not feasible: -12.0985
dual not feasible: -12.4441
dual not feasible: -11.2164
dual not feasible: -16.6788
dual not feasible: -14.6458
dual not feasible: -17.0995
dual not feasible: -11.9294
dual not feasible: -13.7213
dual not feasible: -13.9712
dual not feasible: -12.9282
dual not feasible: -10.9236
dual not feasible: -14.2143
dual not feasible: -10.2028
dual not feasible: -9.95214
dual not feasible: -10.9609
dual not feasible: -11.9749
dual not feasible: -11.1448
dual not feasible: -11.2761
dual not feasible: -11.3004
dual not feasible: -15.1629
dual not feasible: -11.6662
dual not feasible: -9.13098
dual not feasible: -9.92758
dual not feasible: -10.6147
dual not feasible: -9.8358
dual not feasible: -10.513
dual not feasible: -11.2701
dual not feasible: -10.6094
dual not feasible: -11.8676
dual not feasible: -11.9249
dual not feasible: -8.52779
dual not feasible: -9.43554
dual not feasible: -11.316
dual not feasible: -10.8802
dual not feasible: -9.06803
dual not feasible: -11.4898
dual not feasible: -11.8978
dual not feasible: -12.412
dual not feasible: -11.5261
dual not feasible: -9.75765
dual not feasible: -8.47179
dual not feasible: -9.95677
dual not feasible: -9.45892
dual not feasible: -9.4548
dual not feasible: -10.793
dual not feasible: -9.47851
dual not feasible: -13.3434
dual not feasible: -10.7531
dual not feasible: -10.3227
dual not feasible: -9.26167
dual not feasible: -11.5979
dual not feasible: -11.4191
dual not feasible: -10.2683
dual not feasible: -8.63489
dual not feasible: -11.0179
dual not feasible: -12.8816
dual not feasible: -10.5295
dual not feasible: -12.5518
dual not feasible: -11.2468
dual not feasible: -8.48661
dual not feasible: -11.356
dual not feasible: -8.55862
dual not feasible: -11.2965
dual not feasible: -11.3564
dual not feasible: -9.17367
dual not feasible: -10.287
dual not feasible: -9.46627
dual not feasible: -9.40771
dual not feasible: -10.8039
dual not feasible: -7.96571
dual not feasible: -7.64021
dual not feasible: -10.1129
dual not feasible: -10.4764
dual not feasible: -10.5845
dual not feasible: -8.70716
dual not feasible: -7.58431
dual not feasible: -9.83311
dual not feasible: -10.0814
dual not feasible: -9.13885
dual not feasible: -12.1866
dual not feasible: -11.0023
dual not feasible: -9.56608
dual not feasible: -9.17449
dual not feasible: -10.0255
dual not feasible: -12.9466
dual not feasible: -7.67605
dual not feasible: -9.96708
dual not feasible: -9.37899
dual not feasible: -10.0982
dual not feasible: -9.81692
dual not feasible: -9.40748
dual not feasible: -8.21707
dual not feasible: -10.0464
dual not feasible: -10.5397
dual not feasible: -7.5521
dual not feasible: -8.02986
dual not feasible: -7.62094
dual not feasible: -11.5836
dual not feasible: -9.5623
dual not feasible: -9.58988
dual not feasible: -7.36122
dual not feasible: -7.37466
dual not feasible: -8.98566
dual not feasible: -10.8948
dual not feasible: -8.03916
dual not feasible: -10.8889
dual not feasible: -11.2615
dual not feasible: -11.6372
dual not feasible: -8.58959
dual not feasible: -8.35614
dual not feasible: -8.95707
dual not feasible: -9.30554
dual not feasible: -9.37755
dual not feasible: -7.78724
dual not feasible: -8.55588
dual not feasible: -12.7519
dual not feasible: -9.56115
dual not feasible: -9.69936
dual not feasible: -9.22853
dual not feasible: -7.25324
dual not feasible: -8.41359
dual not feasible: -8.71705
dual not feasible: -7.40632
dual not feasible: -7.57166
dual not feasible: -9.51772
dual not feasible: -9.13858
dual not feasible: -10.1605
dual not feasible: -10.5971
dual not feasible: -9.89228
dual not feasible: -7.01577
dual not feasible: -10.013
dual not feasible: -8.89978
dual not feasible: -7.95675
dual not feasible: -8.2758
dual not feasible: -10.172
dual not feasible: -9.22307
dual not feasible: -8.53067
dual not feasible: -9.1154
dual not feasible: -7.43654
dual not feasible: -8.84402
dual not feasible: -8.88365
dual not feasible: -8.48597
dual not feasible: -7.6207
dual not feasible: -8.11553
dual not feasible: -10.6415
dual not feasible: -7.7149
dual not feasible: -7.913
dual not feasible: -8.62361
dual not feasible: -10.8492
dual not feasible: -7.65517
dual not feasible: -8.52948
dual not feasible: -6.44033
dual not feasible: -7.03573
dual not feasible: -9.33525
dual not feasible: -8.04185
dual not feasible: -7.44445
dual not feasible: -12.202
dual not feasible: -10.5812
dual not feasible: -11.4712
dual not feasible: -12.0842
dual not feasible: -9.46438
dual not feasible: -6.45447
dual not feasible: -6.96069
dual not feasible: -7.24395
dual not feasible: -8.15706
dual not feasible: -8.54257
dual not feasible: -8.40838
dual not feasible: -8.82917
dual not feasible: -9.30695
dual not feasible: -8.81367
dual not feasible: -8.36574
dual not feasible: -7.4875
dual not feasible: -8.55864
dual not feasible: -8.02405
dual not feasible: -8.07193
dual not feasible: -10.3164
dual not feasible: -9.08581
dual not feasible: -8.63296
dual not feasible: -8.90585
dual not feasible: -7.40828
dual not feasible: -6.90329
dual not feasible: -7.31883
dual not feasible: -7.82843
dual not feasible: -8.07196
dual not feasible: -9.29574
dual not feasible: -8.85229
dual not feasible: -6.8387
dual not feasible: -6.73482
dual not feasible: -9.13701
dual not feasible: -6.9228
dual not feasible: -8.20469
dual not feasible: -7.37084
dual not feasible: -7.97502
dual not feasible: -10.1119
dual not feasible: -9.02141
dual not feasible: -7.8903
dual not feasible: -6.5738
dual not feasible: -7.20399
dual not feasible: -8.45685
dual not feasible: -8.94982
dual not feasible: -8.4548
dual not feasible: -6.99271
dual not feasible: -7.21537
dual not feasible: -7.69442
dual not feasible: -7.57324
dual not feasible: -6.56687
dual not feasible: -7.0675
dual not feasible: -7.07685
dual not feasible: -7.83254
dual not feasible: -6.59414
dual not feasible: -7.34531
dual not feasible: -8.57333
dual not feasible: -7.70319
dual not feasible: -7.41675
dual not feasible: -8.52472
dual not feasible: -7.56723
dual not feasible: -7.97642
dual not feasible: -9.48037
dual not feasible: -6.665
dual not feasible: -7.0691
dual not feasible: -7.1725
dual not feasible: -7.25388
dual not feasible: -8.18222
dual not feasible: -6.68886
dual not feasible: -7.87018
dual not feasible: -9.66863
dual not feasible: -8.31184
dual not feasible: -7.79576
dual not feasible: -6.68301
dual not feasible: -7.4406
dual not feasible: -7.81868
dual not feasible: -6.58458
dual not feasible: -6.18901
dual not feasible: -7.31999
dual not feasible: -7.7166
dual not feasible: -9.30601
dual not feasible: -6.13001
dual not feasible: -7.20773
dual not feasible: -6.8692
dual not feasible: -6.89991
dual not feasible: -7.4396
dual not feasible: -6.95033
dual not feasible: -7.37917
dual not feasible: -7.48467
dual not feasible: -6.81698
dual not feasible: -7.6634
dual not feasible: -8.22673
dual not feasible: -7.46575
dual not feasible: -6.25033
dual not feasible: -6.73696
dual not feasible: -6.3379
dual not feasible: -7.46367
dual not feasible: -6.6134
dual not feasible: -6.73575
dual not feasible: -7.31891
dual not feasible: -7.38892
dual not feasible: -7.47656
dual not feasible: -5.95464
STATS - lpIterations[5] lagIterations[2192] sspIterations[2192] numSeparations[2087] numCuts[0] compileTime[0] sspSolveTime[31] lpSolveTime[0] lb[641.889] ub[771.79] size: [9593] time: [60]
dual not feasible: -7.78066
dual not feasible: -7.26624
dual not feasible: -7.20581
dual not feasible: -7.72341
dual not feasible: -6.39128
dual not feasible: -8.91582
dual not feasible: -7.18301
dual not feasible: -6.9192
dual not feasible: -6.563
dual not feasible: -7.40283
dual not feasible: -6.91593
dual not feasible: -6.52073
dual not feasible: -6.93151
dual not feasible: -6.11333
dual not feasible: -7.32211
dual not feasible: -5.81141
STATS - lpIterations[5] lagIterations[2208] sspIterations[2208] numSeparations[2103] numCuts[0] compileTime[0] sspSolveTime[32] lpSolveTime[0] lb[642.087] ub[771.79] size: [9620] time: [61]
dual not feasible: -6.3896
dual not feasible: -6.66583
dual not feasible: -7.05743
dual not feasible: -8.21202
dual not feasible: -6.21503
dual not feasible: -6.84402
dual not feasible: -7.50922
dual not feasible: -6.44394
dual not feasible: -6.07908
dual not feasible: -7.76777
dual not feasible: -7.97354
dual not feasible: -8.09907
dual not feasible: -7.95746
dual not feasible: -6.67698
dual not feasible: -8.21836
dual not feasible: -6.67391
dual not feasible: -5.9636
dual not feasible: -6.95421
dual not feasible: -6.65694
dual not feasible: -7.52078
dual not feasible: -7.2897
dual not feasible: -7.14388
dual not feasible: -5.98968
dual not feasible: -7.76064
dual not feasible: -5.56921
STATS - lpIterations[5] lagIterations[2233] sspIterations[2233] numSeparations[2128] numCuts[0] compileTime[0] sspSolveTime[32] lpSolveTime[0] lb[642.441] ub[771.79] size: [9658] time: [62]
dual not feasible: -6.94978
dual not feasible: -6.59409
dual not feasible: -7.80462
dual not feasible: -7.26849
dual not feasible: -6.96693
dual not feasible: -5.85491
dual not feasible: -6.86447
dual not feasible: -7.34351
dual not feasible: -7.96634
dual not feasible: -7.86985
dual not feasible: -6.58472
dual not feasible: -7.70344
dual not feasible: -7.19658
dual not feasible: -5.6068
dual not feasible: -5.85716
dual not feasible: -5.72215
dual not feasible: -6.19277
dual not feasible: -7.14969
dual not feasible: -6.73404
dual not feasible: -7.52679
dual not feasible: -8.81574
dual not feasible: -7.25083
dual not feasible: -7.82262
dual not feasible: -6.61
dual not feasible: -5.79832
dual not feasible: -7.36488
dual not feasible: -6.97328
dual not feasible: -6.20343
dual not feasible: -7.03335
dual not feasible: -8.31595
dual not feasible: -7.76575
dual not feasible: -8.31395
dual not feasible: -5.3338
STATS - lpIterations[5] lagIterations[2266] sspIterations[2266] numSeparations[2161] numCuts[0] compileTime[0] sspSolveTime[33] lpSolveTime[0] lb[642.718] ub[771.79] size: [9701] time: [63]
dual not feasible: -6.81437
dual not feasible: -5.69193
dual not feasible: -6.3339
dual not feasible: -7.22897
dual not feasible: -7.17245
dual not feasible: -7.81496
dual not feasible: -7.33365
dual not feasible: -7.29924
dual not feasible: -6.78419
dual not feasible: -7.61132
dual not feasible: -7.14259
dual not feasible: -6.78486
dual not feasible: -6.54465
dual not feasible: -6.4954
dual not feasible: -8.16342
dual not feasible: -6.28711
dual not feasible: -6.49114
dual not feasible: -7.21971
dual not feasible: -7.04712
dual not feasible: -6.82423
dual not feasible: -6.71267
dual not feasible: -5.3497
STATS - lpIterations[5] lagIterations[2288] sspIterations[2288] numSeparations[2183] numCuts[0] compileTime[0] sspSolveTime[33] lpSolveTime[0] lb[642.845] ub[771.79] size: [9737] time: [64]
dual not feasible: -7.28878
dual not feasible: -6.55627
dual not feasible: -8.1339
dual not feasible: -6.89394
dual not feasible: -7.21507
dual not feasible: -6.1786
dual not feasible: -7.07361
dual not feasible: -6.43801
dual not feasible: -6.86441
dual not feasible: -7.86718
dual not feasible: -7.94414
dual not feasible: -6.33697
dual not feasible: -5.99489
dual not feasible: -6.44178
dual not feasible: -7.61652
dual not feasible: -6.36737
dual not feasible: -6.81157
dual not feasible: -6.82752
dual not feasible: -8.40217
dual not feasible: -7.36628
dual not feasible: -6.66955
dual not feasible: -5.5445
dual not feasible: -6.22104
dual not feasible: -6.50411
dual not feasible: -5.93188
dual not feasible: -6.03116
dual not feasible: -7.50912
dual not feasible: -7.32689
dual not feasible: -6.79085
dual not feasible: -7.79317
dual not feasible: -7.98334
dual not feasible: -6.52343
dual not feasible: -5.87037
dual not feasible: -6.59583
dual not feasible: -5.24389
STATS - lpIterations[5] lagIterations[2323] sspIterations[2323] numSeparations[2218] numCuts[0] compileTime[0] sspSolveTime[34] lpSolveTime[0] lb[643.045] ub[771.79] size: [9794] time: [65]
dual not feasible: -6.59463
dual not feasible: -6.86211
dual not feasible: -6.67007
dual not feasible: -6.80508
dual not feasible: -6.12806
dual not feasible: -5.96227
dual not feasible: -8.20114
dual not feasible: -8.00652
dual not feasible: -6.24193
dual not feasible: -6.03867
dual not feasible: -6.38682
STATS - lpIterations[6] lagIterations[2334] sspIterations[2334] numSeparations[2229] numCuts[0] compileTime[0] sspSolveTime[34] lpSolveTime[0] lb[643.045] ub[771.79] size: [9811] time: [66]
dual not feasible: -6.89068
dual not feasible: -19.5332
dual not feasible: -20.9276
dual not feasible: -26.6901
dual not feasible: -28.0715
dual not feasible: -26.3726
dual not feasible: -29.8106
dual not feasible: -28.064
dual not feasible: -28.7073
dual not feasible: -26.9517
dual not feasible: -28.8376
dual not feasible: -30.3468
dual not feasible: -25.1758
dual not feasible: -26.8478
dual not feasible: -28.7679
dual not feasible: -26.6364
dual not feasible: -26.0328
dual not feasible: -25.432
dual not feasible: -24.0352
dual not feasible: -26.0367
dual not feasible: -34.4179
dual not feasible: -29.0592
dual not feasible: -24.4436
dual not feasible: -32.3307
dual not feasible: -27.1444
dual not feasible: -30.7234
dual not feasible: -28.3801
dual not feasible: -29.787
dual not feasible: -18.6034
dual not feasible: -25.0396
dual not feasible: -21.1019
dual not feasible: -23.1299
dual not feasible: -25.1778
dual not feasible: -19.0447
dual not feasible: -21.3447
dual not feasible: -23.6457
dual not feasible: -19.8245
dual not feasible: -25.1176
dual not feasible: -23.2251
dual not feasible: -25.3905
dual not feasible: -27.7692
dual not feasible: -24.2488
dual not feasible: -24.9619
dual not feasible: -29.1807
dual not feasible: -27.8631
dual not feasible: -14.4514
dual not feasible: -19.0009
dual not feasible: -27.3762
dual not feasible: -17.3493
dual not feasible: -18.7139
dual not feasible: -21.0605
dual not feasible: -21.9474
dual not feasible: -22.8593
dual not feasible: -19.9362
dual not feasible: -15.594
dual not feasible: -16.3242
dual not feasible: -27.0642
dual not feasible: -21.3367
dual not feasible: -20.6931
dual not feasible: -18.2167
dual not feasible: -23.8056
dual not feasible: -20.3998
dual not feasible: -20.5184
dual not feasible: -21.1328
dual not feasible: -23.5809
dual not feasible: -21.674
dual not feasible: -21.3064
dual not feasible: -20.2465
dual not feasible: -21.8064
dual not feasible: -21.5681
dual not feasible: -20.3905
dual not feasible: -14.0672
dual not feasible: -18.3766
dual not feasible: -18.6769
dual not feasible: -20.7478
dual not feasible: -19.7673
dual not feasible: -17.2618
dual not feasible: -22.5246
dual not feasible: -19.7834
dual not feasible: -14.6109
dual not feasible: -15.3073
dual not feasible: -14.5968
dual not feasible: -20.6441
dual not feasible: -17.4727
dual not feasible: -20.9308
dual not feasible: -25.8836
dual not feasible: -18.8792
dual not feasible: -20.8877
dual not feasible: -20.2957
dual not feasible: -16.0711
dual not feasible: -17.2496
dual not feasible: -19.8277
dual not feasible: -11.7303
dual not feasible: -18.5523
dual not feasible: -16.0412
dual not feasible: -16.3072
dual not feasible: -15.818
dual not feasible: -19.7493
dual not feasible: -21.4723
dual not feasible: -26.1426
dual not feasible: -18.9642
dual not feasible: -17.0986
STATS - lpIterations[7] lagIterations[2436] sspIterations[2436] numSeparations[2330] numCuts[0] compileTime[0] sspSolveTime[37] lpSolveTime[0] lb[643.045] ub[771.79] size: [9939] time: [70]
dual not feasible: -17.5986
dual not feasible: -25.8486
dual not feasible: -20.3846
dual not feasible: -23.3899
dual not feasible: -35.4889
dual not feasible: -26.9341
dual not feasible: -27.6222
dual not feasible: -27.4801
dual not feasible: -32.4559
dual not feasible: -25.7564
dual not feasible: -27.5371
dual not feasible: -32.7781
dual not feasible: -20.8728
dual not feasible: -23.4632
dual not feasible: -33.9678
dual not feasible: -25.9563
dual not feasible: -28.4235
dual not feasible: -30.3274
dual not feasible: -29.0618
dual not feasible: -32.4716
dual not feasible: -32.1256
dual not feasible: -25.7786
dual not feasible: -29.4091
dual not feasible: -26.0001
dual not feasible: -19.6257
dual not feasible: -20.5635
dual not feasible: -28.4533
dual not feasible: -28.2983
dual not feasible: -24.5755
dual not feasible: -20.5544
dual not feasible: -23.7013
dual not feasible: -28.7123
dual not feasible: -23.8669
dual not feasible: -25.0779
dual not feasible: -21.3399
dual not feasible: -22.5663
dual not feasible: -29.9104
dual not feasible: -33.2824
dual not feasible: -25.4786
dual not feasible: -31.374
dual not feasible: -31.0726
dual not feasible: -22.6261
dual not feasible: -23.863
dual not feasible: -22.1933
dual not feasible: -21.3376
dual not feasible: -24.248
dual not feasible: -22.4423
dual not feasible: -24.7903
dual not feasible: -23.2064
dual not feasible: -28.3615
dual not feasible: -20.3309
dual not feasible: -24.0662
dual not feasible: -21.3076
dual not feasible: -24.5223
dual not feasible: -22.4098
dual not feasible: -21.9921
dual not feasible: -20.5051
dual not feasible: -23.0531
dual not feasible: -23.174
dual not feasible: -21.8634
dual not feasible: -24.8934
dual not feasible: -19.3504
dual not feasible: -19.2655
dual not feasible: -25.3291
dual not feasible: -21.9423
dual not feasible: -18.9574
dual not feasible: -22.4583
dual not feasible: -21.5991
dual not feasible: -19.3444
dual not feasible: -19.7816
dual not feasible: -23.7522
dual not feasible: -23.0081
dual not feasible: -21.2836
dual not feasible: -20.1423
dual not feasible: -24.3161
dual not feasible: -21.4381
dual not feasible: -18.4787
dual not feasible: -17.2303
dual not feasible: -16.3324
dual not feasible: -24.0085
dual not feasible: -17.0134
dual not feasible: -19.5896
dual not feasible: -16.5501
dual not feasible: -22.1278
dual not feasible: -23.9439
dual not feasible: -23.3832
dual not feasible: -16.788
dual not feasible: -20.9009
dual not feasible: -19.0957
dual not feasible: -19.3598
dual not feasible: -19.6084
dual not feasible: -19.2514
dual not feasible: -18.7163
dual not feasible: -17.6123
dual not feasible: -17.8621
dual not feasible: -22.7989
dual not feasible: -18.5752
dual not feasible: -21.1848
dual not feasible: -21.4232
dual not feasible: -16.2419
dual not feasible: -21.3373
dual not feasible: -16.699
dual not feasible: -15.6563
dual not feasible: -19.7776
dual not feasible: -18.8095
dual not feasible: -18.1097
dual not feasible: -18.2656
dual not feasible: -15.7538
dual not feasible: -22.3306
dual not feasible: -19.4834
dual not feasible: -19.731
dual not feasible: -18.8937
dual not feasible: -21.2642
dual not feasible: -17.6115
dual not feasible: -17.6701
dual not feasible: -16.2
dual not feasible: -14.7589
dual not feasible: -17.6153
dual not feasible: -16.9491
dual not feasible: -16.8251
dual not feasible: -12.7642
dual not feasible: -15.6921
dual not feasible: -17.0559
dual not feasible: -17.0944
dual not feasible: -17.106
dual not feasible: -15.5214
dual not feasible: -20.4061
dual not feasible: -19.3288
dual not feasible: -15.5321
dual not feasible: -18.474
dual not feasible: -17.2665
dual not feasible: -16.6959
dual not feasible: -15.7753
dual not feasible: -15.2955
dual not feasible: -13.4386
dual not feasible: -16.4598
dual not feasible: -15.4177
dual not feasible: -15.1481
dual not feasible: -15.4147
dual not feasible: -16.7386
dual not feasible: -16.877
dual not feasible: -19.9521
dual not feasible: -14.8336
dual not feasible: -15.7297
dual not feasible: -16.6755
dual not feasible: -14.982
dual not feasible: -16.4618
dual not feasible: -17.9605
dual not feasible: -16.1204
dual not feasible: -17.1722
dual not feasible: -13.8503
dual not feasible: -13.1943
dual not feasible: -13.6045
dual not feasible: -17.721
dual not feasible: -13.8926
dual not feasible: -14.1543
dual not feasible: -15.7553
dual not feasible: -17.8536
dual not feasible: -17.3511
dual not feasible: -16.5971
dual not feasible: -12.1601
dual not feasible: -14.8127
dual not feasible: -15.7739
dual not feasible: -19.6146
dual not feasible: -18.468
dual not feasible: -15.388
dual not feasible: -21.1737
dual not feasible: -15.6836
dual not feasible: -13.8898
dual not feasible: -12.1189
dual not feasible: -15.2513
dual not feasible: -16.62
dual not feasible: -13.8204
dual not feasible: -14.1413
dual not feasible: -13.8403
dual not feasible: -15.9153
dual not feasible: -15.8115
dual not feasible: -13.2841
dual not feasible: -14.5199
dual not feasible: -15.2316
dual not feasible: -17.942
dual not feasible: -14.2515
dual not feasible: -13.8633
dual not feasible: -16.3658
dual not feasible: -14.2615
dual not feasible: -15.5486
dual not feasible: -16.185
dual not feasible: -14.4856
dual not feasible: -12.6205
dual not feasible: -12.3471
dual not feasible: -15.475
dual not feasible: -13.6783
dual not feasible: -14.4528
dual not feasible: -18.9013
dual not feasible: -11.6356
dual not feasible: -12.9261
dual not feasible: -16.5702
dual not feasible: -13.8856
dual not feasible: -11.7265
dual not feasible: -13.3271
dual not feasible: -12.8572
dual not feasible: -12.8304
dual not feasible: -14.6528
dual not feasible: -12.1742
dual not feasible: -16.0189
dual not feasible: -17.9763
dual not feasible: -12.4825
dual not feasible: -14.9707
dual not feasible: -14.9977
dual not feasible: -14.8379
dual not feasible: -17.3653
dual not feasible: -12.5968
dual not feasible: -14.2239
dual not feasible: -14.0481
dual not feasible: -14.8873
dual not feasible: -15.1191
dual not feasible: -14.8891
dual not feasible: -12.7253
dual not feasible: -16.7645
dual not feasible: -14.4604
dual not feasible: -11.4938
dual not feasible: -13.4291
dual not feasible: -13.5599
dual not feasible: -15.0312
dual not feasible: -11.8427
dual not feasible: -13.6796
dual not feasible: -16.2471
dual not feasible: -13.7612
dual not feasible: -12.7389
dual not feasible: -14.0799
dual not feasible: -15.4253
dual not feasible: -12.7929
dual not feasible: -12.4147
dual not feasible: -12.4836
dual not feasible: -12.7386
dual not feasible: -13.71
dual not feasible: -11.844
dual not feasible: -12.086
dual not feasible: -14.4435
dual not feasible: -15.4359
dual not feasible: -12.8901
dual not feasible: -12.5289
dual not feasible: -14.0813
dual not feasible: -15.0887
dual not feasible: -12.557
dual not feasible: -12.7141
dual not feasible: -13.0376
dual not feasible: -14.1944
dual not feasible: -14.8459
dual not feasible: -13.0005
dual not feasible: -11.7278
dual not feasible: -14.4608
dual not feasible: -12.4782
dual not feasible: -13.0247
dual not feasible: -12.9191
dual not feasible: -11.8077
dual not feasible: -13.1581
dual not feasible: -15.5994
dual not feasible: -14.0439
dual not feasible: -12.6401
dual not feasible: -12.6537
dual not feasible: -14.5662
dual not feasible: -10.7889
dual not feasible: -11.5386
dual not feasible: -14.5867
dual not feasible: -13.5976
dual not feasible: -14.7167
dual not feasible: -13.589
dual not feasible: -12.7221
dual not feasible: -12.9812
dual not feasible: -13.7927
dual not feasible: -11.3492
dual not feasible: -12.3304
dual not feasible: -12.9494
dual not feasible: -12.4394
dual not feasible: -12.9854
dual not feasible: -12.6557
dual not feasible: -12.6131
dual not feasible: -11.726
dual not feasible: -13.2152
dual not feasible: -13.6837
dual not feasible: -12.2927
dual not feasible: -11.2753
dual not feasible: -12.6
dual not feasible: -13.7475
dual not feasible: -12.9523
dual not feasible: -11.0241
dual not feasible: -12.0264
dual not feasible: -15.2376
dual not feasible: -14.917
dual not feasible: -15.0533
dual not feasible: -11.8228
dual not feasible: -12.0117
dual not feasible: -15.8255
dual not feasible: -11.7486
dual not feasible: -10.9554
dual not feasible: -13.1525
dual not feasible: -13.379
dual not feasible: -16.1234
dual not feasible: -13.8403
dual not feasible: -10.7137
dual not feasible: -14.2799
dual not feasible: -13.3657
dual not feasible: -11.0092
dual not feasible: -10.6027
dual not feasible: -13.332
dual not feasible: -12.8053
dual not feasible: -12.8196
dual not feasible: -11.5711
dual not feasible: -13.1143
dual not feasible: -11.9771
dual not feasible: -12.5013
dual not feasible: -12.2873
dual not feasible: -12.4618
dual not feasible: -12.6389
dual not feasible: -10.7468
dual not feasible: -10.5918
dual not feasible: -11.2728
dual not feasible: -10.4368
dual not feasible: -13.5642
dual not feasible: -13.5957
dual not feasible: -12.0222
dual not feasible: -12.5011
dual not feasible: -11.2251
dual not feasible: -11.79
dual not feasible: -13.2616
dual not feasible: -12.0129
dual not feasible: -13.4325
dual not feasible: -13.3172
dual not feasible: -10.3177
dual not feasible: -12.0423
dual not feasible: -12.6355
dual not feasible: -12.8924
dual not feasible: -12.9957
dual not feasible: -11.7586
dual not feasible: -12.3856
dual not feasible: -12.7779
dual not feasible: -12.3024
dual not feasible: -15.0058
dual not feasible: -10.9185
dual not feasible: -10.5687
dual not feasible: -11.3187
dual not feasible: -10.6264
dual not feasible: -12.1973
dual not feasible: -11.8912
dual not feasible: -12.3674
dual not feasible: -10.9383
dual not feasible: -12.2795
dual not feasible: -11.6052
dual not feasible: -12.6325
dual not feasible: -12.6203
dual not feasible: -11.1609
dual not feasible: -13.418
dual not feasible: -10.812
dual not feasible: -11.4538
dual not feasible: -12.0185
dual not feasible: -10.7868
dual not feasible: -11.6431
dual not feasible: -10.5104
dual not feasible: -11.1228
dual not feasible: -12.4792
dual not feasible: -11.9508
dual not feasible: -12.6889
dual not feasible: -10.6699
dual not feasible: -11.2361
dual not feasible: -12.933
dual not feasible: -12.8229
dual not feasible: -11.1315
dual not feasible: -10.855
dual not feasible: -13.9433
dual not feasible: -13.1687
dual not feasible: -11.8256
dual not feasible: -10.6997
dual not feasible: -12.93
dual not feasible: -11.219
dual not feasible: -12.813
dual not feasible: -11.9695
dual not feasible: -11.13
dual not feasible: -13.5949
dual not feasible: -12.88
dual not feasible: -10.5738
dual not feasible: -11.1516
dual not feasible: -11.2844
dual not feasible: -11.6501
dual not feasible: -12.8949
dual not feasible: -12.6807
dual not feasible: -10.9738
dual not feasible: -12.4393
dual not feasible: -13.3683
dual not feasible: -11.629
dual not feasible: -11.6817
dual not feasible: -10.1849
dual not feasible: -11.6979
dual not feasible: -12.8368
dual not feasible: -11.1055
dual not feasible: -11.1153
dual not feasible: -11.4848
dual not feasible: -13.0314
dual not feasible: -13.3603
dual not feasible: -11.5174
dual not feasible: -9.24983
STATS - lpIterations[7] lagIterations[2837] sspIterations[2837] numSeparations[2730] numCuts[0] compileTime[0] sspSolveTime[46] lpSolveTime[0] lb[643.201] ub[771.79] size: [10502] time: [86]
dual not feasible: -11.4356
dual not feasible: -10.6273
dual not feasible: -11.2789
dual not feasible: -11.356
dual not feasible: -12.636
dual not feasible: -12.7616
dual not feasible: -11.9189
dual not feasible: -12.1129
dual not feasible: -13.0407
dual not feasible: -11.2048
dual not feasible: -12.0438
dual not feasible: -9.81369
dual not feasible: -12.2713
dual not feasible: -11.5321
dual not feasible: -11.5887
dual not feasible: -11.6362
dual not feasible: -11.9509
dual not feasible: -10.1975
dual not feasible: -12.0977
dual not feasible: -10.9553
dual not feasible: -10.8934
dual not feasible: -10.8923
dual not feasible: -13.058
dual not feasible: -11.8508
dual not feasible: -12.7783
dual not feasible: -13.0262
dual not feasible: -9.57001
dual not feasible: -10.2297
dual not feasible: -10.6707
dual not feasible: -10.4383
dual not feasible: -12.4236
dual not feasible: -11.7645
dual not feasible: -12.1722
dual not feasible: -10.9859
dual not feasible: -9.91762
dual not feasible: -10.1594
dual not feasible: -11.7668
dual not feasible: -10.2243
dual not feasible: -11.6677
dual not feasible: -11.0906
dual not feasible: -13.2515
dual not feasible: -12.4614
dual not feasible: -10.976
dual not feasible: -10.0457
dual not feasible: -11.344
dual not feasible: -11.3921
dual not feasible: -11.7941
dual not feasible: -10.3813
dual not feasible: -10.9689
dual not feasible: -11.9013
dual not feasible: -10.3699
dual not feasible: -10.933
dual not feasible: -11.2719
dual not feasible: -10.3208
dual not feasible: -12.1091
dual not feasible: -11.9403
dual not feasible: -10.9425
dual not feasible: -12.2568
dual not feasible: -11.3634
dual not feasible: -11.2786
dual not feasible: -9.89193
dual not feasible: -10.0592
dual not feasible: -11.3921
dual not feasible: -11.2876
dual not feasible: -11.201
dual not feasible: -11.7436
dual not feasible: -11.6568
dual not feasible: -11.5735
dual not feasible: -11.9953
dual not feasible: -9.87388
dual not feasible: -9.62757
dual not feasible: -11.1854
dual not feasible: -10.1856
dual not feasible: -10.5723
dual not feasible: -10.2038
dual not feasible: -12.3136
dual not feasible: -10.9912
dual not feasible: -9.85674
dual not feasible: -11.8175
dual not feasible: -11.1979
dual not feasible: -10.8269
dual not feasible: -11.1693
dual not feasible: -11.435
dual not feasible: -11.2796
dual not feasible: -10.466
dual not feasible: -10.2266
dual not feasible: -10.3451
dual not feasible: -10.191
dual not feasible: -10.1486
dual not feasible: -11.3193
dual not feasible: -10.5069
dual not feasible: -10.7042
dual not feasible: -11.8316
dual not feasible: -10.9262
dual not feasible: -11.3334
dual not feasible: -11.9714
dual not feasible: -10.5106
dual not feasible: -10.2515
dual not feasible: -10.8195
dual not feasible: -10.0099
dual not feasible: -10.3775
STATS - lpIterations[8] lagIterations[2938] sspIterations[2938] numSeparations[2831] numCuts[0] compileTime[0] sspSolveTime[48] lpSolveTime[0] lb[643.201] ub[771.79] size: [10657] time: [91]
dual not feasible: -11.791
dual not feasible: -12.5908
dual not feasible: -21.9801
dual not feasible: -24.3948
dual not feasible: -27.8511
dual not feasible: -30.5244
dual not feasible: -35.7571
dual not feasible: -32.7472
dual not feasible: -30.8975
dual not feasible: -29.1654
dual not feasible: -26.6793
dual not feasible: -31.4935
dual not feasible: -32.1863
dual not feasible: -29.4826
dual not feasible: -29.3939
dual not feasible: -28.907
dual not feasible: -29.6191
dual not feasible: -24.0463
dual not feasible: -24.2587
dual not feasible: -31.0159
dual not feasible: -27.9626
dual not feasible: -35.697
dual not feasible: -28.3387
dual not feasible: -25.9176
dual not feasible: -23.9398
dual not feasible: -27.964
dual not feasible: -27.345
dual not feasible: -35.9328
dual not feasible: -28.2413
dual not feasible: -22.0024
dual not feasible: -25.6238
dual not feasible: -30.8086
dual not feasible: -27.2965
dual not feasible: -28.6339
dual not feasible: -25.8707
dual not feasible: -26.8764
dual not feasible: -27.5266
dual not feasible: -36.1084
dual not feasible: -25.7754
dual not feasible: -22.9604
dual not feasible: -23.4817
dual not feasible: -24.7966
dual not feasible: -30.2013
dual not feasible: -25.9387
dual not feasible: -22.4065
dual not feasible: -23.5267
dual not feasible: -30.4745
dual not feasible: -32.4811
dual not feasible: -25.3358
dual not feasible: -26.0538
dual not feasible: -28.5604
dual not feasible: -18.6947
dual not feasible: -18.1912
dual not feasible: -27.0109
dual not feasible: -25.6542
dual not feasible: -24.8983
dual not feasible: -22.6229
dual not feasible: -28.6653
dual not feasible: -28.461
dual not feasible: -26.0097
dual not feasible: -20.8193
dual not feasible: -21.8457
dual not feasible: -22.3717
dual not feasible: -20.5608
dual not feasible: -23.8082
dual not feasible: -21.0555
dual not feasible: -23.3764
dual not feasible: -22.3126
dual not feasible: -28.5859
dual not feasible: -23.9267
dual not feasible: -31.7791
dual not feasible: -22.9485
dual not feasible: -22.253
dual not feasible: -21.8439
dual not feasible: -20.1435
dual not feasible: -27.4185
dual not feasible: -28.0289
dual not feasible: -24.5502
dual not feasible: -21.5231
dual not feasible: -19.5681
dual not feasible: -22.4141
dual not feasible: -20.5651
dual not feasible: -20.5193
dual not feasible: -21.455
dual not feasible: -21.4413
dual not feasible: -21.7043
dual not feasible: -23.2065
dual not feasible: -26.4981
dual not feasible: -19.8356
dual not feasible: -23.818
dual not feasible: -22.6377
dual not feasible: -25.1799
dual not feasible: -22.2799
dual not feasible: -19.8551
dual not feasible: -22.6473
dual not feasible: -22.8453
dual not feasible: -14.2232
dual not feasible: -20.149
dual not feasible: -22.0836
dual not feasible: -21.1993
dual not feasible: -19.6933
dual not feasible: -20.681
STATS - lpIterations[9] lagIterations[3040] sspIterations[3040] numSeparations[2932] numCuts[0] compileTime[0] sspSolveTime[50] lpSolveTime[0] lb[643.201] ub[771.79] size: [10796] time: [95]
dual not feasible: -26.6668
dual not feasible: -19.4945
dual not feasible: -22.0843
dual not feasible: -35.3538
dual not feasible: -36.5583
dual not feasible: -35.1266
dual not feasible: -34.7878
dual not feasible: -33.6993
dual not feasible: -35.2707
dual not feasible: -34.4774
dual not feasible: -21.585
dual not feasible: -25.7442
dual not feasible: -25.3363
dual not feasible: -43.6782
dual not feasible: -37.5323
dual not feasible: -31.4791
dual not feasible: -35.6409
dual not feasible: -37.4838
dual not feasible: -38.586
dual not feasible: -28.818
dual not feasible: -28.5709
dual not feasible: -23.9978
dual not feasible: -31.2428
dual not feasible: -25.9844
dual not feasible: -26.6364
dual not feasible: -27.9259
dual not feasible: -33.7542
dual not feasible: -33.3176
dual not feasible: -37.1324
dual not feasible: -28.4144
dual not feasible: -28.4835
dual not feasible: -32.764
dual not feasible: -22.5654
dual not feasible: -28.9455
dual not feasible: -23.9167
dual not feasible: -28.4111
dual not feasible: -31.2322
dual not feasible: -26.5559
dual not feasible: -32.6606
dual not feasible: -26.5902
dual not feasible: -24.7961
dual not feasible: -30.7419
dual not feasible: -23.1351
dual not feasible: -21.8142
dual not feasible: -23.7386
dual not feasible: -24.0165
dual not feasible: -29.2452
dual not feasible: -27.4072
dual not feasible: -25.8004
dual not feasible: -21.1116
dual not feasible: -28.2894
dual not feasible: -27.2887
dual not feasible: -26.9009
dual not feasible: -26.7194
dual not feasible: -24.6326
dual not feasible: -24.9744
dual not feasible: -23.5203
dual not feasible: -22.3824
dual not feasible: -24.4189
dual not feasible: -24.8573
dual not feasible: -27.3477
dual not feasible: -26.34
dual not feasible: -31.0815
dual not feasible: -23.1036
dual not feasible: -21.3682
dual not feasible: -24.386
dual not feasible: -22.1395
dual not feasible: -23.8942
dual not feasible: -23.2035
dual not feasible: -27.0876
dual not feasible: -24.8934
dual not feasible: -25.2786
dual not feasible: -20.9493
dual not feasible: -20.202
dual not feasible: -19.5994
dual not feasible: -23.6486
dual not feasible: -23.8511
dual not feasible: -22.5924
dual not feasible: -24.0246
dual not feasible: -25.9694
dual not feasible: -21.5902
dual not feasible: -21.9959
dual not feasible: -23.869
dual not feasible: -20.9476
dual not feasible: -26.1626
dual not feasible: -21.0622
dual not feasible: -26.2069
dual not feasible: -21.7736
dual not feasible: -22.0991
dual not feasible: -20.9726
dual not feasible: -19.6006
dual not feasible: -22.5971
dual not feasible: -22.5399
dual not feasible: -22.2732
dual not feasible: -21.7811
dual not feasible: -26.1416
dual not feasible: -24.2389
dual not feasible: -26.7493
dual not feasible: -26.3061
dual not feasible: -17.8333
dual not feasible: -23.7784
dual not feasible: -22.0121
dual not feasible: -19.2983
dual not feasible: -22.649
dual not feasible: -22.5322
dual not feasible: -26.1766
dual not feasible: -21.8569
dual not feasible: -18.1606
dual not feasible: -24.5723
dual not feasible: -23.884
dual not feasible: -24.8798
dual not feasible: -20.1823
dual not feasible: -17.6145
dual not feasible: -21.3346
dual not feasible: -23.7269
dual not feasible: -17.5593
dual not feasible: -17.121
dual not feasible: -25.1511
dual not feasible: -22.8046
dual not feasible: -23.459
dual not feasible: -19.7565
dual not feasible: -21.3987
dual not feasible: -20.7689
dual not feasible: -19.9793
dual not feasible: -23.7934
dual not feasible: -18.5228
dual not feasible: -18.8611
dual not feasible: -19.4478
dual not feasible: -23.8594
dual not feasible: -22.6879
dual not feasible: -24.4974
dual not feasible: -15.5499
dual not feasible: -16.8964
dual not feasible: -19.0317
dual not feasible: -19.0202
dual not feasible: -19.2226
dual not feasible: -18.7779
dual not feasible: -21.3117
dual not feasible: -19.9523
dual not feasible: -20.299
dual not feasible: -20.3142
dual not feasible: -19.9637
dual not feasible: -23.7786
dual not feasible: -19.6827
dual not feasible: -18.6923
dual not feasible: -18.8472
dual not feasible: -18.4977
dual not feasible: -20.4327
dual not feasible: -23.1244
dual not feasible: -20.5513
dual not feasible: -18.4155
dual not feasible: -23.5242
dual not feasible: -20.2235
dual not feasible: -15.9876
dual not feasible: -18.6714
dual not feasible: -19.7837
dual not feasible: -18.7242
dual not feasible: -20.1772
dual not feasible: -18.7736
dual not feasible: -17.2255
dual not feasible: -18.6739
dual not feasible: -20.1708
dual not feasible: -20.9266
dual not feasible: -20.6822
dual not feasible: -23.6642
dual not feasible: -17.1846
dual not feasible: -15.5606
dual not feasible: -19.0561
dual not feasible: -18.3497
dual not feasible: -22.1293
dual not feasible: -21.3172
dual not feasible: -17.1748
dual not feasible: -22.1625
dual not feasible: -17.5639
dual not feasible: -16.6402
dual not feasible: -20.4055
dual not feasible: -19.6659
dual not feasible: -16.9009
dual not feasible: -17.5218
dual not feasible: -15.4213
dual not feasible: -19.2812
dual not feasible: -18.0868
dual not feasible: -17.6595
dual not feasible: -20.9555
dual not feasible: -17.9689
dual not feasible: -19.0925
dual not feasible: -19.2824
dual not feasible: -18.4484
dual not feasible: -17.0364
dual not feasible: -17.5078
dual not feasible: -16.5476
dual not feasible: -15.8132
dual not feasible: -17.8137
dual not feasible: -19.0579
dual not feasible: -17.1195
dual not feasible: -16.912
dual not feasible: -16.1259
dual not feasible: -20.4355
dual not feasible: -16.05
dual not feasible: -15.3437
dual not feasible: -16.7189
dual not feasible: -16.4679
dual not feasible: -17.675
dual not feasible: -17.0727
dual not feasible: -17.5693
dual not feasible: -15.4206
dual not feasible: -20.4127
dual not feasible: -18.6388
dual not feasible: -16.0301
dual not feasible: -17.9881
dual not feasible: -19.9906
dual not feasible: -21.0683
dual not feasible: -17.3741
dual not feasible: -15.2151
dual not feasible: -16.1428
dual not feasible: -18.3423
dual not feasible: -17.464
dual not feasible: -17.7762
dual not feasible: -17.069
dual not feasible: -15.9121
dual not feasible: -18.162
dual not feasible: -17.0711
dual not feasible: -15.5495
dual not feasible: -19.2727
dual not feasible: -18.6177
dual not feasible: -19.8308
dual not feasible: -18.1545
dual not feasible: -17.3623
dual not feasible: -18.2785
dual not feasible: -17.906
dual not feasible: -14.6665
dual not feasible: -17.9263
dual not feasible: -17.624
dual not feasible: -18.3622
dual not feasible: -18.951
dual not feasible: -18.535
dual not feasible: -17.4482
dual not feasible: -16.4072
dual not feasible: -16.2662
dual not feasible: -17.455
dual not feasible: -15.7908
dual not feasible: -19.3767
dual not feasible: -19.3388
dual not feasible: -17.0074
dual not feasible: -16.2419
dual not feasible: -14.4993
dual not feasible: -15.0236
dual not feasible: -15.7861
dual not feasible: -17.2209
dual not feasible: -16.4484
dual not feasible: -15.9128
dual not feasible: -14.8258
dual not feasible: -16.919
dual not feasible: -17.8018
dual not feasible: -14.7803
dual not feasible: -15.0705
dual not feasible: -15.4127
dual not feasible: -16.1502
dual not feasible: -17.3447
dual not feasible: -16.1785
dual not feasible: -16.2505
dual not feasible: -17.0119
dual not feasible: -16.1973
dual not feasible: -15.8177
dual not feasible: -15.4352
dual not feasible: -15.754
dual not feasible: -17.7933
dual not feasible: -15.4747
dual not feasible: -14.9154
dual not feasible: -15.9955
dual not feasible: -16.1201
dual not feasible: -18.0138
dual not feasible: -15.1534
dual not feasible: -15.4038
dual not feasible: -15.3947
dual not feasible: -16.6982
dual not feasible: -16.2434
dual not feasible: -16.1793
dual not feasible: -16.6991
dual not feasible: -18.1054
dual not feasible: -16.2851
dual not feasible: -14.9856
dual not feasible: -17.0472
dual not feasible: -16.4923
dual not feasible: -15.8977
dual not feasible: -17.2195
dual not feasible: -15.4339
dual not feasible: -15.2751
dual not feasible: -15.3367
dual not feasible: -15.5475
dual not feasible: -14.4482
dual not feasible: -15.0972
dual not feasible: -15.6958
dual not feasible: -16.995
dual not feasible: -16.1956
dual not feasible: -15.0178
dual not feasible: -14.1387
dual not feasible: -15.6886
dual not feasible: -17.0007
dual not feasible: -16.766
dual not feasible: -14.7125
dual not feasible: -14.831
dual not feasible: -16.8449
dual not feasible: -16.5887
dual not feasible: -17.4668
dual not feasible: -14.6322
dual not feasible: -14.6316
dual not feasible: -17.5928
dual not feasible: -15.9424
dual not feasible: -15.1495
dual not feasible: -16.4232
dual not feasible: -16.0786
dual not feasible: -14.9169
dual not feasible: -14.3873
dual not feasible: -14.4451
dual not feasible: -16.1424
dual not feasible: -18.3088
dual not feasible: -15.4072
dual not feasible: -15.5854
dual not feasible: -15.1772
dual not feasible: -14.0235
dual not feasible: -16.8458
dual not feasible: -14.2922
dual not feasible: -14.2904
dual not feasible: -14.691
dual not feasible: -14.9317
dual not feasible: -17.7992
dual not feasible: -14.8907
dual not feasible: -14.5002
dual not feasible: -14.5806
dual not feasible: -15.1364
dual not feasible: -15.7187
dual not feasible: -19.2746
dual not feasible: -15.1619
dual not feasible: -15.3018
dual not feasible: -17.931
dual not feasible: -16.0796
dual not feasible: -16.5556
dual not feasible: -14.7402
dual not feasible: -15.6572
dual not feasible: -14.5721
dual not feasible: -15.4439
dual not feasible: -16.1322
dual not feasible: -14.2497
dual not feasible: -16.8794
dual not feasible: -16.05
dual not feasible: -16.4835
dual not feasible: -15.5683
dual not feasible: -15.0897
dual not feasible: -14.0374
dual not feasible: -15.7
dual not feasible: -13.6347
dual not feasible: -15.3086
dual not feasible: -16.2233
dual not feasible: -16.9402
dual not feasible: -14.8251
dual not feasible: -15.1168
dual not feasible: -14.2318
dual not feasible: -14.548
dual not feasible: -13.6481
dual not feasible: -14.8151
dual not feasible: -14.8356
dual not feasible: -14.3118
dual not feasible: -15.9066
dual not feasible: -14.8317
dual not feasible: -14.3754
dual not feasible: -15.76
dual not feasible: -16.0207
dual not feasible: -15.512
dual not feasible: -14.81
dual not feasible: -15.1929
dual not feasible: -14.3893
dual not feasible: -14.3262
dual not feasible: -15.2742
dual not feasible: -14.6275
dual not feasible: -15.0842
dual not feasible: -14.9454
dual not feasible: -14.7714
dual not feasible: -14.2914
dual not feasible: -15.0577
dual not feasible: -15.893
dual not feasible: -15.4179
dual not feasible: -15.218
dual not feasible: -13.9935
dual not feasible: -13.9288
dual not feasible: -13.7904
dual not feasible: -13.6979
dual not feasible: -13.692
dual not feasible: -14.2604
dual not feasible: -14.9998
dual not feasible: -14.6694
dual not feasible: -15.5751
dual not feasible: -13.9203
dual not feasible: -13.9637
dual not feasible: -15.8585
dual not feasible: -14.1654
dual not feasible: -13.9071
dual not feasible: -14.5841
dual not feasible: -15.6267
dual not feasible: -16.9047
dual not feasible: -14.2631
dual not feasible: -13.6761
dual not feasible: -13.8101
dual not feasible: -15.784
dual not feasible: -13.7995
dual not feasible: -13.5499
dual not feasible: -14.8887
dual not feasible: -16.292
dual not feasible: -13.9572
dual not feasible: -12.9383
STATS - lpIterations[9] lagIterations[3450] sspIterations[3450] numSeparations[3341] numCuts[0] compileTime[0] sspSolveTime[61] lpSolveTime[0] lb[643.614] ub[771.79] size: [11346] time: [114]
dual not feasible: -13.8494
dual not feasible: -15.1614
dual not feasible: -16.1128
dual not feasible: -14.6998
dual not feasible: -15.0197
dual not feasible: -15.2659
dual not feasible: -16.4264
dual not feasible: -15.2804
dual not feasible: -14.5284
dual not feasible: -14.088
dual not feasible: -14.7212
dual not feasible: -15.2498
dual not feasible: -15.4453
dual not feasible: -13.6363
dual not feasible: -13.4033
dual not feasible: -14.5004
dual not feasible: -14.7279
dual not feasible: -14.9426
dual not feasible: -15.9337
dual not feasible: -14.5962
dual not feasible: -15.0475
dual not feasible: -15.2578
dual not feasible: -14.5787
dual not feasible: -13.6497
dual not feasible: -17.0639
dual not feasible: -16.5892
dual not feasible: -14.0663
dual not feasible: -13.6332
dual not feasible: -14.2048
dual not feasible: -14.1625
dual not feasible: -14.3348
dual not feasible: -14.8412
dual not feasible: -14.6865
dual not feasible: -14.7147
dual not feasible: -15.0213
dual not feasible: -14.9242
dual not feasible: -14.6258
dual not feasible: -14.1706
dual not feasible: -13.2437
dual not feasible: -14.9362
dual not feasible: -15.0421
dual not feasible: -14.2377
dual not feasible: -15.9515
dual not feasible: -14.2236
dual not feasible: -14.6873
dual not feasible: -14.4722
dual not feasible: -13.0387
dual not feasible: -13.4201
dual not feasible: -13.8497
dual not feasible: -13.8413
dual not feasible: -14.4147
dual not feasible: -14.8435
dual not feasible: -14.1872
dual not feasible: -15.2164
dual not feasible: -14.3642
dual not feasible: -13.5555
dual not feasible: -14.2264
dual not feasible: -13.8474
dual not feasible: -13.9343
dual not feasible: -15.6029
dual not feasible: -14.3225
dual not feasible: -14.4694
dual not feasible: -15.813
dual not feasible: -13.8725
dual not feasible: -14.6428
dual not feasible: -15.2356
dual not feasible: -13.8377
dual not feasible: -13.8801
dual not feasible: -15.1256
dual not feasible: -13.0388
dual not feasible: -14.3448
dual not feasible: -15.1239
dual not feasible: -15.3735
dual not feasible: -13.9768
dual not feasible: -12.9312
STATS - lpIterations[9] lagIterations[3525] sspIterations[3525] numSeparations[3416] numCuts[0] compileTime[0] sspSolveTime[63] lpSolveTime[0] lb[643.674] ub[771.79] size: [11446] time: [118]
dual not feasible: -13.9515
dual not feasible: -13.7072
dual not feasible: -13.7899
dual not feasible: -15.071
dual not feasible: -13.8672
dual not feasible: -15.3719
dual not feasible: -15.1467
dual not feasible: -13.241
dual not feasible: -13.0605
dual not feasible: -13.3742
dual not feasible: -14.5014
dual not feasible: -15.8366
dual not feasible: -13.7828
dual not feasible: -13.4411
dual not feasible: -14.1146
dual not feasible: -15.8138
dual not feasible: -14.4777
dual not feasible: -13.8932
dual not feasible: -14.2491
dual not feasible: -13.4824
dual not feasible: -13.7133
dual not feasible: -13.8956
dual not feasible: -14.6723
dual not feasible: -14.5687
dual not feasible: -14.2641
dual not feasible: -14.6168
STATS - lpIterations[10] lagIterations[3551] sspIterations[3551] numSeparations[3442] numCuts[0] compileTime[0] sspSolveTime[63] lpSolveTime[0] lb[643.674] ub[771.79] size: [11487] time: [119]
dual not feasible: -13.6711
dual not feasible: -22.138
dual not feasible: -35.1806
dual not feasible: -33.8511
dual not feasible: -39.4877
dual not feasible: -42.9043
dual not feasible: -36.4446
dual not feasible: -38.8677
dual not feasible: -44.4716
dual not feasible: -32.698
dual not feasible: -34.7293
dual not feasible: -34.2526
dual not feasible: -32.346
dual not feasible: -30.8644
dual not feasible: -28.085
dual not feasible: -32.3587
dual not feasible: -33.4259
dual not feasible: -34.1137
dual not feasible: -36.3316
dual not feasible: -42.4959
dual not feasible: -45.5387
dual not feasible: -36.8823
dual not feasible: -29.2385
dual not feasible: -29.4095
dual not feasible: -29.7991
dual not feasible: -29.9461
dual not feasible: -29.8833
dual not feasible: -28.3708
dual not feasible: -30.3394
dual not feasible: -34.0387
dual not feasible: -30.8281
dual not feasible: -31.0561
dual not feasible: -30.0816
dual not feasible: -33.218
dual not feasible: -30.642
dual not feasible: -24.7558
dual not feasible: -26.0774
dual not feasible: -31.9477
dual not feasible: -26.9925
dual not feasible: -27.9241
dual not feasible: -34.9382
dual not feasible: -29.9352
dual not feasible: -23.3728
dual not feasible: -24.3491
dual not feasible: -28.8643
dual not feasible: -28.871
dual not feasible: -33.5343
dual not feasible: -31.6378
dual not feasible: -27.724
dual not feasible: -33.2763
dual not feasible: -26.5586
dual not feasible: -23.9279
dual not feasible: -24.3984
dual not feasible: -21.8249
dual not feasible: -31.2731
dual not feasible: -31.04
dual not feasible: -25.772
dual not feasible: -27.2078
dual not feasible: -33.4938
dual not feasible: -31.0611
dual not feasible: -26.1958
dual not feasible: -28.8216
dual not feasible: -24.3443
dual not feasible: -30.4348
dual not feasible: -22.0984
dual not feasible: -23.4785
dual not feasible: -27.4274
dual not feasible: -23.2442
dual not feasible: -24.0967
dual not feasible: -36.0249
dual not feasible: -33.0343
dual not feasible: -23.6155
dual not feasible: -26.3171
dual not feasible: -28.1845
dual not feasible: -23.9818
dual not feasible: -27.1843
dual not feasible: -25.564
dual not feasible: -26.4451
dual not feasible: -24.1191
dual not feasible: -29.7373
dual not feasible: -28.6667
dual not feasible: -21.8583
dual not feasible: -28.7448
dual not feasible: -23.1828
dual not feasible: -28.891
dual not feasible: -21.4021
dual not feasible: -26.6312
dual not feasible: -26.2999
dual not feasible: -22.9427
dual not feasible: -25.7861
dual not feasible: -23.457
dual not feasible: -24.4529
dual not feasible: -25.6873
dual not feasible: -23.0169
dual not feasible: -22.858
dual not feasible: -23.9542
dual not feasible: -23.1433
dual not feasible: -22.7628
dual not feasible: -27.4389
dual not feasible: -25.8409
dual not feasible: -28.0836
dual not feasible: -25.6725
STATS - lpIterations[11] lagIterations[3653] sspIterations[3653] numSeparations[3543] numCuts[0] compileTime[0] sspSolveTime[66] lpSolveTime[0] lb[643.674] ub[771.79] size: [11616] time: [124]
dual not feasible: -21.5247
dual not feasible: -26.0373
dual not feasible: -32.5934
dual not feasible: -28.122
dual not feasible: -29.4724
dual not feasible: -32.9073
dual not feasible: -39.7411
dual not feasible: -34.7996
dual not feasible: -32.5258
dual not feasible: -39.0603
dual not feasible: -39.6121
dual not feasible: -35.7241
dual not feasible: -38.7162
dual not feasible: -30.4094
dual not feasible: -33.2132
dual not feasible: -33.4358
dual not feasible: -26.4837
dual not feasible: -33.6444
dual not feasible: -39.874
dual not feasible: -31.7492
dual not feasible: -34.2206
dual not feasible: -35.7009
dual not feasible: -34.2296
dual not feasible: -33.5488
dual not feasible: -32.2796
dual not feasible: -42.1598
dual not feasible: -26.8248
dual not feasible: -30.8273
dual not feasible: -31.509
dual not feasible: -33.3428
dual not feasible: -31.2133
dual not feasible: -25.5019
dual not feasible: -26.1347
dual not feasible: -34.1995
dual not feasible: -29.1339
dual not feasible: -31.4824
dual not feasible: -35.1361
dual not feasible: -31.5741
dual not feasible: -28.2399
dual not feasible: -29.0131
dual not feasible: -29.5963
dual not feasible: -27.5231
dual not feasible: -31.2118
dual not feasible: -30.6718
dual not feasible: -29.2173
dual not feasible: -30.275
dual not feasible: -31.3876
dual not feasible: -29.912
dual not feasible: -28.9833
dual not feasible: -25.5094
dual not feasible: -26.2525
dual not feasible: -29.3179
dual not feasible: -25.2668
dual not feasible: -26.5355
dual not feasible: -27.0518
dual not feasible: -37.6019
dual not feasible: -32.2685
dual not feasible: -28.0344
dual not feasible: -24.4311
dual not feasible: -34.6201
dual not feasible: -29.9574
dual not feasible: -31.907
dual not feasible: -28.477
dual not feasible: -28.1844
dual not feasible: -35.7335
dual not feasible: -25.5094
dual not feasible: -25.5019
dual not feasible: -24.4261
dual not feasible: -27.3886
dual not feasible: -27.2197
dual not feasible: -31.2464
dual not feasible: -23.3758
dual not feasible: -23.364
dual not feasible: -27.6769
dual not feasible: -27.7254
dual not feasible: -24.761
dual not feasible: -26.3993
dual not feasible: -29.7439
dual not feasible: -30.5205
dual not feasible: -26.4972
dual not feasible: -26.3554
dual not feasible: -27.2721
dual not feasible: -27.5905
dual not feasible: -24.8106
dual not feasible: -21.8934
dual not feasible: -24.968
dual not feasible: -21.8195
dual not feasible: -27.0965
dual not feasible: -24.8847
dual not feasible: -22.3611
dual not feasible: -23.7867
dual not feasible: -26.4466
dual not feasible: -28.0859
dual not feasible: -25.031
dual not feasible: -23.5222
dual not feasible: -24.5483
dual not feasible: -30.0322
dual not feasible: -28.2464
dual not feasible: -23.6452
dual not feasible: -21.1885
dual not feasible: -28.6939
dual not feasible: -25.5688
dual not feasible: -26.4806
dual not feasible: -22.9251
dual not feasible: -24.1801
dual not feasible: -24.502
dual not feasible: -23.5908
dual not feasible: -22.0312
dual not feasible: -23.1073
dual not feasible: -27.153
dual not feasible: -22.5808
dual not feasible: -22.9446
dual not feasible: -24.5032
dual not feasible: -29.2581
dual not feasible: -22.3115
dual not feasible: -21.6444
dual not feasible: -23.7722
dual not feasible: -21.6829
dual not feasible: -24.9103
dual not feasible: -24.1559
dual not feasible: -25.0216
dual not feasible: -25.0625
dual not feasible: -22.5016
dual not feasible: -19.8574
dual not feasible: -27.0952
dual not feasible: -22.3312
dual not feasible: -24.1324
dual not feasible: -24.8732
dual not feasible: -23.5208
dual not feasible: -26.3017
dual not feasible: -23.814
dual not feasible: -25.9837
dual not feasible: -21.7369
dual not feasible: -22.1341
dual not feasible: -22.6835
dual not feasible: -24.7105
dual not feasible: -22.303
dual not feasible: -20.8075
dual not feasible: -21.7706
dual not feasible: -22.2548
dual not feasible: -22.7503
dual not feasible: -23.8824
dual not feasible: -20.8009
dual not feasible: -25.2899
dual not feasible: -20.958
dual not feasible: -20.9215
dual not feasible: -23.5221
dual not feasible: -22.2615
dual not feasible: -23.8723
dual not feasible: -23.3501
dual not feasible: -22.0903
dual not feasible: -22.6215
dual not feasible: -20.5455
dual not feasible: -21.3907
dual not feasible: -22.3325
dual not feasible: -23.6074
dual not feasible: -19.8124
dual not feasible: -19.0156
dual not feasible: -21.7847
dual not feasible: -25.7446
dual not feasible: -23.1445
dual not feasible: -22.3252
dual not feasible: -20.6683
dual not feasible: -23.7806
dual not feasible: -24.7651
dual not feasible: -21.15
dual not feasible: -19.4521
dual not feasible: -23.3767
dual not feasible: -23.2043
dual not feasible: -22.4848
dual not feasible: -22.0415
dual not feasible: -21.2231
dual not feasible: -24.243
dual not feasible: -23.3473
dual not feasible: -18.1101
dual not feasible: -23.6791
dual not feasible: -21.4558
dual not feasible: -21.8235
dual not feasible: -20.3124
dual not feasible: -23.485
dual not feasible: -24.0568
dual not feasible: -22.6959
dual not feasible: -20.3042
dual not feasible: -19.7616
dual not feasible: -22.0026
dual not feasible: -20.5458
dual not feasible: -22.0051
dual not feasible: -23.1975
dual not feasible: -20.0694
dual not feasible: -20.6768
dual not feasible: -20.8712
dual not feasible: -18.5439
dual not feasible: -21.3992
dual not feasible: -20.5227
dual not feasible: -21.4989
dual not feasible: -20.1418
dual not feasible: -20.7061
dual not feasible: -24.7524
dual not feasible: -21.1122
dual not feasible: -19.7553
dual not feasible: -21.4102
dual not feasible: -20.8816
dual not feasible: -22.0897
dual not feasible: -21.0017
dual not feasible: -19.4521
dual not feasible: -21.0381
dual not feasible: -19.0532
dual not feasible: -18.9898
dual not feasible: -18.8388
dual not feasible: -19.661
dual not feasible: -23.7208
dual not feasible: -21.7474
dual not feasible: -19.9697
dual not feasible: -19.2424
dual not feasible: -21.3538
dual not feasible: -21.4096
dual not feasible: -20.7136
dual not feasible: -18.5571
dual not feasible: -19.9433
dual not feasible: -20.7886
dual not feasible: -23.1428
dual not feasible: -20.1707
dual not feasible: -19.4269
dual not feasible: -24.0707
dual not feasible: -21.2796
dual not feasible: -20.3889
dual not feasible: -18.9851
dual not feasible: -22.131
dual not feasible: -22.7916
dual not feasible: -19.3042
dual not feasible: -20.6839
dual not feasible: -23.9057
dual not feasible: -19.0826
dual not feasible: -16.5187
dual not feasible: -22.3533
dual not feasible: -21.3766
dual not feasible: -22.2196
dual not feasible: -21.42
dual not feasible: -19.926
dual not feasible: -18.8192
dual not feasible: -20.1017
dual not feasible: -19.0951
dual not feasible: -19.287
dual not feasible: -19.2513
dual not feasible: -20.0525
dual not feasible: -23.1233
dual not feasible: -20.2378
dual not feasible: -19.4524
dual not feasible: -19.9338
dual not feasible: -18.463
dual not feasible: -21.4195
dual not feasible: -18.5214
dual not feasible: -19.7042
dual not feasible: -20.1844
dual not feasible: -21.2572
dual not feasible: -19.7091
dual not feasible: -20.3914
dual not feasible: -17.4956
dual not feasible: -19.2419
dual not feasible: -18.7417
dual not feasible: -18.5587
dual not feasible: -18.9845
dual not feasible: -19.6428
dual not feasible: -18.9223
dual not feasible: -21.4515
dual not feasible: -18.7245
dual not feasible: -22.2401
dual not feasible: -19.1516
dual not feasible: -18.2157
dual not feasible: -21.0261
dual not feasible: -20.8877
dual not feasible: -18.026
dual not feasible: -18.4703
dual not feasible: -18.3597
dual not feasible: -20.3517
dual not feasible: -21.7427
dual not feasible: -17.4049
dual not feasible: -18.1596
dual not feasible: -19.6738
dual not feasible: -19.8572
dual not feasible: -24.9895
dual not feasible: -17.4916
dual not feasible: -18.7494
dual not feasible: -20.7174
dual not feasible: -17.78
dual not feasible: -18.3928
dual not feasible: -19.6429
dual not feasible: -18.7655
dual not feasible: -19.5349
dual not feasible: -19.3914
dual not feasible: -18.9107
dual not feasible: -18.5815
dual not feasible: -19.1244
dual not feasible: -18.662
dual not feasible: -18.7657
dual not feasible: -18.0139
dual not feasible: -19.7475
dual not feasible: -18.3973
dual not feasible: -18.323
dual not feasible: -18.1771
dual not feasible: -17.2904
dual not feasible: -19.2408
dual not feasible: -19.4293
dual not feasible: -19.3523
dual not feasible: -16.4013
dual not feasible: -19.4207
dual not feasible: -20.0877
dual not feasible: -18.6796
dual not feasible: -19.2523
dual not feasible: -18.7371
dual not feasible: -17.9249
dual not feasible: -19.0957
dual not feasible: -17.4847
dual not feasible: -17.4048
dual not feasible: -18.0515
dual not feasible: -19.9145
dual not feasible: -18.8524
dual not feasible: -18.2062
dual not feasible: -17.9842
dual not feasible: -17.5181
dual not feasible: -19.8339
dual not feasible: -19.8217
dual not feasible: -17.9952
dual not feasible: -17.5308
dual not feasible: -20.0298
dual not feasible: -19.8385
dual not feasible: -18.8159
dual not feasible: -17.7703
dual not feasible: -19.6984
dual not feasible: -17.8136
dual not feasible: -16.7779
dual not feasible: -19.19
dual not feasible: -19.3065
dual not feasible: -19.9044
dual not feasible: -19.6933
STATS - lpIterations[12] lagIterations[3988] sspIterations[3988] numSeparations[3877] numCuts[0] compileTime[0] sspSolveTime[75] lpSolveTime[0] lb[643.674] ub[771.79] size: [12086] time: [141]
dual not feasible: -17.2162
dual not feasible: -21.9551
dual not feasible: -26.3089
dual not feasible: -30.8023
dual not feasible: -32.5087
dual not feasible: -31.8832
dual not feasible: -37.2201
dual not feasible: -46.1703
dual not feasible: -44.3155
dual not feasible: -32.988
dual not feasible: -35.1238
dual not feasible: -36.2766
dual not feasible: -36.2786
dual not feasible: -38.4936
dual not feasible: -36.4476
dual not feasible: -37.4828
dual not feasible: -27.62
dual not feasible: -28.2172
dual not feasible: -29.3129
dual not feasible: -28.363
dual not feasible: -38.7499
dual not feasible: -38.041
dual not feasible: -42.3553
dual not feasible: -39.4171
dual not feasible: -37.2681
dual not feasible: -29.7384
dual not feasible: -32.081
dual not feasible: -33.5063
dual not feasible: -35.531
dual not feasible: -38.3395
dual not feasible: -31.6286
dual not feasible: -34.3869
dual not feasible: -31.5333
dual not feasible: -34.6324
dual not feasible: -32.3258
dual not feasible: -34.3473
dual not feasible: -31.2297
dual not feasible: -32.454
dual not feasible: -34.9227
dual not feasible: -32.9708
dual not feasible: -28.6843
dual not feasible: -32.951
dual not feasible: -33.2632
dual not feasible: -32.1055
dual not feasible: -29.8993
dual not feasible: -30.3414
dual not feasible: -33.6533
dual not feasible: -32.8697
dual not feasible: -33.1244
dual not feasible: -26.0094
dual not feasible: -33.8018
dual not feasible: -37.3692
dual not feasible: -33.4938
dual not feasible: -30.8582
dual not feasible: -32.574
dual not feasible: -31.3458
dual not feasible: -33.4911
dual not feasible: -27.5352
dual not feasible: -25.5976
dual not feasible: -28.9335
dual not feasible: -31.3001
dual not feasible: -27.9083
dual not feasible: -25.0527
dual not feasible: -32.5018
dual not feasible: -27.7405
dual not feasible: -31.3918
dual not feasible: -31.8941
dual not feasible: -26.138
dual not feasible: -29.9529
dual not feasible: -36.1127
dual not feasible: -32.0018
dual not feasible: -29.294
dual not feasible: -28.8278
dual not feasible: -24.7155
dual not feasible: -25.5603
dual not feasible: -29.1316
dual not feasible: -25.8201
dual not feasible: -24.9369
dual not feasible: -24.5792
dual not feasible: -31.6681
dual not feasible: -26.8108
dual not feasible: -28.9116
dual not feasible: -31.662
dual not feasible: -31.8478
dual not feasible: -28.5481
dual not feasible: -27.9379
dual not feasible: -25.9663
dual not feasible: -27.0676
dual not feasible: -30.9945
dual not feasible: -26.4961
dual not feasible: -28.0048
dual not feasible: -27.3912
dual not feasible: -26.906
dual not feasible: -27.9086
dual not feasible: -26.7444
dual not feasible: -25.1697
dual not feasible: -25.3376
dual not feasible: -27.9452
dual not feasible: -25.9991
dual not feasible: -26.3207
dual not feasible: -24.6684
dual not feasible: -31.5742
STATS - lpIterations[13] lagIterations[4090] sspIterations[4090] numSeparations[3978] numCuts[0] compileTime[0] sspSolveTime[78] lpSolveTime[0] lb[643.674] ub[771.79] size: [12220] time: [146]
dual not feasible: -28.5793
dual not feasible: -30.0081
dual not feasible: -27.791
dual not feasible: -29.0145
dual not feasible: -38.2894
dual not feasible: -34.7315
dual not feasible: -38.22
dual not feasible: -38.7319
dual not feasible: -45.7786
dual not feasible: -39.9586
dual not feasible: -40.3614
dual not feasible: -29.7359
dual not feasible: -35.3054
dual not feasible: -37.6819
dual not feasible: -28.9237
dual not feasible: -31.3144
dual not feasible: -34.9348
dual not feasible: -39.3642
dual not feasible: -36.9991
dual not feasible: -36.2619
dual not feasible: -37.1911
dual not feasible: -37.6914
dual not feasible: -41.0831
dual not feasible: -33.7048
dual not feasible: -42.5968
dual not feasible: -37.0854
dual not feasible: -31.675
dual not feasible: -36.4085
dual not feasible: -38.2815
dual not feasible: -38.3765
dual not feasible: -32.1724
dual not feasible: -37.4873
dual not feasible: -39.1816
dual not feasible: -32.9715
dual not feasible: -32.3815
dual not feasible: -28.3357
dual not feasible: -31.6376
dual not feasible: -31.2319
dual not feasible: -35.6132
dual not feasible: -33.8447
dual not feasible: -40.2303
dual not feasible: -40.5211
dual not feasible: -32.3637
dual not feasible: -32.1933
dual not feasible: -25.5569
dual not feasible: -27.1015
dual not feasible: -30.7477
dual not feasible: -31.2126
dual not feasible: -34.3398
dual not feasible: -38.3196
dual not feasible: -35.7554
dual not feasible: -28.1643
dual not feasible: -30.8073
dual not feasible: -34.7498
dual not feasible: -28.2486
dual not feasible: -27.3704
dual not feasible: -30.2177
dual not feasible: -32.3423
dual not feasible: -34.9527
dual not feasible: -27.3691
dual not feasible: -23.726
dual not feasible: -30.1039
dual not feasible: -33.1789
dual not feasible: -28.1273
dual not feasible: -30.407
dual not feasible: -38.487
dual not feasible: -33.4871
dual not feasible: -27.6856
dual not feasible: -34.2938
dual not feasible: -31.4663
dual not feasible: -26.5792
dual not feasible: -29.4002
dual not feasible: -37.7167
dual not feasible: -31.9923
dual not feasible: -31.0376
dual not feasible: -30.7398
dual not feasible: -30.7624
dual not feasible: -29.2712
dual not feasible: -29.0709
dual not feasible: -26.1039
dual not feasible: -25.8098
dual not feasible: -28.5308
dual not feasible: -29.5925
dual not feasible: -30.6626
dual not feasible: -28.2864
dual not feasible: -25.3915
dual not feasible: -26.7977
dual not feasible: -28.2608
dual not feasible: -26.221
dual not feasible: -28.3376
dual not feasible: -31.9243
dual not feasible: -33.5608
dual not feasible: -31.8093
dual not feasible: -26.638
dual not feasible: -27.4872
dual not feasible: -23.6047
dual not feasible: -22.5814
dual not feasible: -24.9973
dual not feasible: -27.407
dual not feasible: -28.3276
dual not feasible: -25.9424
dual not feasible: -26.0742
dual not feasible: -30.9891
dual not feasible: -29.0307
dual not feasible: -27.4395
dual not feasible: -27.2034
dual not feasible: -24.9218
dual not feasible: -27.707
dual not feasible: -25.5987
dual not feasible: -25.1249
dual not feasible: -25.0661
dual not feasible: -26.3427
dual not feasible: -30.3597
dual not feasible: -24.4926
dual not feasible: -24.7119
dual not feasible: -23.6797
dual not feasible: -29.898
dual not feasible: -26.0878
dual not feasible: -25.6338
dual not feasible: -25.8395
dual not feasible: -25.4229
dual not feasible: -33.0009
dual not feasible: -24.3327
dual not feasible: -22.8237
dual not feasible: -23.6208
dual not feasible: -27.3092
dual not feasible: -25.4962
dual not feasible: -23.4698
dual not feasible: -24.6396
dual not feasible: -25.5525
dual not feasible: -30.2894
dual not feasible: -26.3704
dual not feasible: -22.5648
dual not feasible: -24.0716
dual not feasible: -24.2754
dual not feasible: -23.236
dual not feasible: -25.2523
dual not feasible: -25.0012
dual not feasible: -25.7776
dual not feasible: -26.2812
dual not feasible: -24.9237
dual not feasible: -25.61
dual not feasible: -23.6568
dual not feasible: -23.7648
dual not feasible: -21.9833
dual not feasible: -25.6254
dual not feasible: -26.348
dual not feasible: -23.9938
dual not feasible: -24.034
dual not feasible: -23.5379
dual not feasible: -25.8367
dual not feasible: -27.1281
dual not feasible: -25.3631
dual not feasible: -24.451
dual not feasible: -25.3937
dual not feasible: -26.294
dual not feasible: -22.9137
dual not feasible: -24.0453
dual not feasible: -26.4208
dual not feasible: -26.3946
dual not feasible: -27.4027
dual not feasible: -25.5326
dual not feasible: -23.2969
dual not feasible: -25.871
dual not feasible: -23.5494
dual not feasible: -26.3926
dual not feasible: -24.808
dual not feasible: -23.471
dual not feasible: -22.2486
dual not feasible: -22.6716
dual not feasible: -30.8696
dual not feasible: -25.6838
dual not feasible: -22.8595
dual not feasible: -23.463
dual not feasible: -21.6347
dual not feasible: -25.621
dual not feasible: -26.497
dual not feasible: -22.7953
dual not feasible: -25.0577
dual not feasible: -24.5385
dual not feasible: -23.1287
dual not feasible: -24.332
dual not feasible: -24.3266
dual not feasible: -24.0998
dual not feasible: -20.7822
dual not feasible: -21.0892
dual not feasible: -23.414
dual not feasible: -23.341
dual not feasible: -24.1021
dual not feasible: -25.6854
dual not feasible: -23.7956
dual not feasible: -26.9891
dual not feasible: -26.2822
dual not feasible: -23.9823
dual not feasible: -24.1121
dual not feasible: -22.9563
dual not feasible: -25.6186
dual not feasible: -23.1471
dual not feasible: -22.8272
dual not feasible: -23.9875
dual not feasible: -23.3384
dual not feasible: -22.8851
dual not feasible: -24.7223
dual not feasible: -22.607
dual not feasible: -21.9914
dual not feasible: -24.7583
dual not feasible: -23.5832
dual not feasible: -23.2627
dual not feasible: -22.5248
dual not feasible: -25.8309
dual not feasible: -24.9208
dual not feasible: -22.5629
dual not feasible: -23.6566
dual not feasible: -24.291
dual not feasible: -22.327
dual not feasible: -20.8356
dual not feasible: -21.5376
dual not feasible: -21.7554
dual not feasible: -23.4864
dual not feasible: -21.5651
dual not feasible: -22.2983
dual not feasible: -23.3734
dual not feasible: -25.1897
dual not feasible: -23.198
dual not feasible: -23.3212
dual not feasible: -21.2566
dual not feasible: -23.902
dual not feasible: -24.6686
dual not feasible: -23.1427
dual not feasible: -20.4761
dual not feasible: -26.7145
dual not feasible: -22.9693
dual not feasible: -24.281
dual not feasible: -21.2512
dual not feasible: -23.1151
dual not feasible: -24.5787
dual not feasible: -21.9048
dual not feasible: -21.4184
dual not feasible: -23.169
dual not feasible: -23.5095
dual not feasible: -23.3256
dual not feasible: -21.6069
dual not feasible: -22.6643
dual not feasible: -22.9884
dual not feasible: -22.8472
dual not feasible: -23.2621
dual not feasible: -23.1367
dual not feasible: -21.3535
dual not feasible: -23.5756
dual not feasible: -22.3893
dual not feasible: -21.6609
dual not feasible: -21.5824
dual not feasible: -21.247
dual not feasible: -21.1913
dual not feasible: -21.4237
dual not feasible: -21.5801
dual not feasible: -22.158
dual not feasible: -21.4433
dual not feasible: -23.0569
dual not feasible: -23.0264
dual not feasible: -24.4495
dual not feasible: -22.679
dual not feasible: -19.5445
dual not feasible: -22.231
dual not feasible: -20.4219
dual not feasible: -21.3307
dual not feasible: -21.411
dual not feasible: -22.6954
dual not feasible: -25.5343
dual not feasible: -22.3491
dual not feasible: -19.4458
dual not feasible: -19.8828
dual not feasible: -20.8024
dual not feasible: -21.3919
dual not feasible: -22.2963
dual not feasible: -21.1777
dual not feasible: -22.0695
dual not feasible: -23.9041
dual not feasible: -23.4668
dual not feasible: -21.6896
dual not feasible: -22.6526
dual not feasible: -21.3042
dual not feasible: -22.4817
dual not feasible: -22.381
dual not feasible: -21.9332
dual not feasible: -21.0255
dual not feasible: -24.5466
dual not feasible: -22.6326
dual not feasible: -21.4106
dual not feasible: -19.4107
dual not feasible: -21.3767
dual not feasible: -21.615
dual not feasible: -20.3784
dual not feasible: -22.2776
dual not feasible: -21.5347
dual not feasible: -23.062
dual not feasible: -22.4658
dual not feasible: -20.1642
dual not feasible: -22.3907
dual not feasible: -21.3571
dual not feasible: -19.3142
dual not feasible: -21.3473
dual not feasible: -23.1054
dual not feasible: -23.8458
dual not feasible: -21.2341
dual not feasible: -20.3732
dual not feasible: -22.7062
dual not feasible: -23.3054
dual not feasible: -20.6709
dual not feasible: -20.5821
dual not feasible: -20.2762
dual not feasible: -20.1273
dual not feasible: -24.2383
dual not feasible: -21.6055
dual not feasible: -22.9209
dual not feasible: -21.5106
dual not feasible: -21.4842
dual not feasible: -21.7744
dual not feasible: -21.3574
dual not feasible: -21.7678
dual not feasible: -20.7084
dual not feasible: -21.4186
dual not feasible: -23.0146
dual not feasible: -21.7482
dual not feasible: -21.3627
dual not feasible: -22.1876
dual not feasible: -19.5511
dual not feasible: -21.591
dual not feasible: -21.2272
dual not feasible: -20.9783
dual not feasible: -21.1243
dual not feasible: -19.6546
dual not feasible: -20.9938
dual not feasible: -21.3657
dual not feasible: -20.7435
dual not feasible: -19.9521
dual not feasible: -20.6655
dual not feasible: -20.8402
dual not feasible: -21.4843
dual not feasible: -20.6694
dual not feasible: -20.772
dual not feasible: -19.7181
dual not feasible: -23.4434
dual not feasible: -22.5639
dual not feasible: -19.8555
dual not feasible: -20.7665
dual not feasible: -20.3196
dual not feasible: -20.7806
dual not feasible: -21.9453
dual not feasible: -22.1212
dual not feasible: -20.1081
dual not feasible: -19.8468
dual not feasible: -20.1802
dual not feasible: -22.2927
dual not feasible: -22.2908
dual not feasible: -19.6512
dual not feasible: -19.4815
dual not feasible: -20.5862
dual not feasible: -20.0382
dual not feasible: -21.0801
dual not feasible: -22.9222
dual not feasible: -19.1101
dual not feasible: -20.4843
dual not feasible: -21.2064
dual not feasible: -20.4102
dual not feasible: -20.235
dual not feasible: -20.8701
dual not feasible: -19.5033
dual not feasible: -20.1615
dual not feasible: -21.1038
dual not feasible: -19.0005
dual not feasible: -20.3668
dual not feasible: -21.7001
dual not feasible: -22.0906
dual not feasible: -22.5038
dual not feasible: -20.6896
dual not feasible: -20.6641
dual not feasible: -20.1047
dual not feasible: -20.3026
dual not feasible: -20.1399
dual not feasible: -22.1064
dual not feasible: -20.1609
dual not feasible: -22.6782
dual not feasible: -20.1793
dual not feasible: -20.5492
dual not feasible: -19.77
dual not feasible: -19.9696
dual not feasible: -22.1151
dual not feasible: -21.0714
dual not feasible: -22.1452
dual not feasible: -20.3072
dual not feasible: -20.2342
dual not feasible: -20.4859
dual not feasible: -20.278
dual not feasible: -19.5798
dual not feasible: -19.9853
dual not feasible: -19.4558
dual not feasible: -19.8515
dual not feasible: -20.9168
dual not feasible: -20.2759
dual not feasible: -20.2252
dual not feasible: -19.4874
dual not feasible: -21.1545
dual not feasible: -20.8079
dual not feasible: -21.3269
dual not feasible: -19.7151
dual not feasible: -19.3961
dual not feasible: -20.4831
dual not feasible: -19.4389
dual not feasible: -20.5274
dual not feasible: -19.8169
dual not feasible: -20.7378
dual not feasible: -20.9873
dual not feasible: -19.4377
dual not feasible: -19.7933
dual not feasible: -20.5365
dual not feasible: -20.8587
dual not feasible: -20.0648
dual not feasible: -20.987
dual not feasible: -19.55
dual not feasible: -20.4778
dual not feasible: -19.8512
dual not feasible: -19.348
dual not feasible: -20.3473
dual not feasible: -19.9493
dual not feasible: -19.9269
dual not feasible: -20.7269
dual not feasible: -20.7116
dual not feasible: -19.064
STATS - lpIterations[13] lagIterations[4519] sspIterations[4519] numSeparations[4406] numCuts[0] compileTime[0] sspSolveTime[91] lpSolveTime[0] lb[643.844] ub[771.79] size: [12795] time: [170]
dual not feasible: -20.3346
dual not feasible: -20.1402
dual not feasible: -20.0855
dual not feasible: -20.6681
dual not feasible: -19.9052
dual not feasible: -21.4917
dual not feasible: -20.316
dual not feasible: -19.6706
dual not feasible: -19.6884
dual not feasible: -19.3917
dual not feasible: -19.0483
STATS - lpIterations[13] lagIterations[4530] sspIterations[4530] numSeparations[4417] numCuts[0] compileTime[0] sspSolveTime[92] lpSolveTime[0] lb[643.888] ub[771.79] size: [12809] time: [170]
dual not feasible: -18.9078
STATS - lpIterations[13] lagIterations[4531] sspIterations[4531] numSeparations[4418] numCuts[0] compileTime[0] sspSolveTime[92] lpSolveTime[0] lb[644.029] ub[771.79] size: [12811] time: [170]
dual not feasible: -23.8259
dual not feasible: -20.7988
dual not feasible: -20.9929
dual not feasible: -21.0427
dual not feasible: -19.1508
dual not feasible: -19.6247
dual not feasible: -20.6197
dual not feasible: -19.9248
dual not feasible: -18.9271
STATS - lpIterations[13] lagIterations[4540] sspIterations[4540] numSeparations[4427] numCuts[0] compileTime[0] sspSolveTime[92] lpSolveTime[0] lb[644.042] ub[771.79] size: [12825] time: [171]
dual not feasible: -19.8158
dual not feasible: -21.2311
dual not feasible: -21.4098
dual not feasible: -22.0898
dual not feasible: -18.6285
STATS - lpIterations[13] lagIterations[4545] sspIterations[4545] numSeparations[4432] numCuts[0] compileTime[0] sspSolveTime[92] lpSolveTime[0] lb[644.341] ub[771.79] size: [12833] time: [171]
dual not feasible: -19.3
dual not feasible: -20.881
dual not feasible: -19.9695
dual not feasible: -19.6441
dual not feasible: -20.149
dual not feasible: -19.3126
dual not feasible: -21.3494
dual not feasible: -20.118
dual not feasible: -19.354
dual not feasible: -19.8733
dual not feasible: -21.5052
dual not feasible: -21.0917
dual not feasible: -20.9196
dual not feasible: -20.3233
dual not feasible: -19.0593
dual not feasible: -20.9512
dual not feasible: -19.8439
dual not feasible: -19.8154
dual not feasible: -20.1733
dual not feasible: -19.9018
dual not feasible: -20.4705
dual not feasible: -19.7246
dual not feasible: -19.1632
dual not feasible: -19.2798
dual not feasible: -20.5181
dual not feasible: -20.0395
dual not feasible: -21.0961
dual not feasible: -19.6883
dual not feasible: -20.4305
dual not feasible: -19.5595
dual not feasible: -18.5949
STATS - lpIterations[13] lagIterations[4576] sspIterations[4576] numSeparations[4463] numCuts[0] compileTime[0] sspSolveTime[93] lpSolveTime[0] lb[644.414] ub[771.79] size: [12875] time: [173]
dual not feasible: -19.7342
dual not feasible: -20.3835
dual not feasible: -20.8936
dual not feasible: -22.0432
dual not feasible: -19.7379
dual not feasible: -18.6485
dual not feasible: -19.761
dual not feasible: -19.7827
dual not feasible: -19.4949
dual not feasible: -19.7751
dual not feasible: -19.7515
dual not feasible: -21.1863
dual not feasible: -19.2608
dual not feasible: -19.3462
dual not feasible: -19.2566
dual not feasible: -19.9947
dual not feasible: -19.8417
dual not feasible: -21.7167
dual not feasible: -18.8613
dual not feasible: -19.4664
dual not feasible: -20.7979
dual not feasible: -21.2262
dual not feasible: -20.4904
dual not feasible: -20.2387
dual not feasible: -18.5519
STATS - lpIterations[13] lagIterations[4601] sspIterations[4601] numSeparations[4488] numCuts[0] compileTime[0] sspSolveTime[94] lpSolveTime[0] lb[644.48] ub[771.79] size: [12917] time: [174]
dual not feasible: -20.6692
dual not feasible: -19.6063
dual not feasible: -19.3812
dual not feasible: -18.8432
dual not feasible: -19.973
dual not feasible: -20.4294
dual not feasible: -19.2577
dual not feasible: -19.0562
dual not feasible: -19.9866
dual not feasible: -19.4286
dual not feasible: -20.3172
dual not feasible: -19.3581
dual not feasible: -21.1739
dual not feasible: -20.2134
dual not feasible: -19.7769
dual not feasible: -19.3899
dual not feasible: -18.8702
dual not feasible: -19.1415
dual not feasible: -20.0036
dual not feasible: -18.2597
STATS - lpIterations[13] lagIterations[4621] sspIterations[4621] numSeparations[4508] numCuts[0] compileTime[0] sspSolveTime[94] lpSolveTime[0] lb[644.772] ub[771.79] size: [12944] time: [175]
dual not feasible: -18.7611
dual not feasible: -19.7754
dual not feasible: -20.2089
dual not feasible: -20.5273
dual not feasible: -20.4118
dual not feasible: -20.1461
dual not feasible: -19.3989
dual not feasible: -20.5615
dual not feasible: -18.579
dual not feasible: -19.6642
dual not feasible: -20.3534
dual not feasible: -20.9093
dual not feasible: -20.6578
dual not feasible: -20.0098
dual not feasible: -20.3037
dual not feasible: -19.987
dual not feasible: -18.9908
dual not feasible: -20.4622
dual not feasible: -19.3137
dual not feasible: -20.1213
dual not feasible: -19.6925
dual not feasible: -20.4222
dual not feasible: -20.3965
dual not feasible: -20.0375
dual not feasible: -20.0749
STATS - lpIterations[14] lagIterations[4646] sspIterations[4646] numSeparations[4533] numCuts[0] compileTime[0] sspSolveTime[95] lpSolveTime[0] lb[644.772] ub[771.79] size: [12980] time: [177]
dual not feasible: -19.5948
dual not feasible: -26.7686
dual not feasible: -25.6391
dual not feasible: -35.9342
dual not feasible: -42.7839
dual not feasible: -42.0573
dual not feasible: -43.7835
dual not feasible: -46.4445
dual not feasible: -51.0405
dual not feasible: -38.3093
dual not feasible: -44.4966
dual not feasible: -42.1937
dual not feasible: -37.2088
dual not feasible: -37.4139
dual not feasible: -39.8733
dual not feasible: -38.4887
dual not feasible: -34.8219
dual not feasible: -32.6442
dual not feasible: -38.3836
dual not feasible: -41.8872
dual not feasible: -35.6273
dual not feasible: -36.9105
dual not feasible: -42.4698
dual not feasible: -39.3686
dual not feasible: -31.5267
dual not feasible: -37.544
dual not feasible: -32.5394
dual not feasible: -37.4289
dual not feasible: -34.5324
dual not feasible: -39.752
dual not feasible: -40.0296
dual not feasible: -40.7441
dual not feasible: -34.6324
dual not feasible: -35.5479
dual not feasible: -37.2923
dual not feasible: -35.1015
dual not feasible: -34.6335
dual not feasible: -31.191
dual not feasible: -32.2642
dual not feasible: -40.1959
dual not feasible: -41.2099
dual not feasible: -39.619
dual not feasible: -43.7385
dual not feasible: -34.3015
dual not feasible: -32.3079
dual not feasible: -35.3533
dual not feasible: -36.2109
dual not feasible: -29.3671
dual not feasible: -30.4878
dual not feasible: -32.2842
dual not feasible: -31.9276
dual not feasible: -36.989
dual not feasible: -27.9971
dual not feasible: -28.6548
dual not feasible: -31.9294
dual not feasible: -35.9044
dual not feasible: -33.19
dual not feasible: -34.5978
dual not feasible: -39.9341
dual not feasible: -32.9542
dual not feasible: -38.1647
dual not feasible: -32.3394
dual not feasible: -32.3777
dual not feasible: -31.9471
dual not feasible: -30.527
dual not feasible: -26.8412
dual not feasible: -31.4127
dual not feasible: -34.5606
dual not feasible: -31.6237
dual not feasible: -39.6365
dual not feasible: -32.4888
dual not feasible: -34.8394
dual not feasible: -33.9206
dual not feasible: -32.5584
dual not feasible: -28.3137
dual not feasible: -30.5713
dual not feasible: -27.3083
dual not feasible: -29.8557
dual not feasible: -30.3636
dual not feasible: -32.1871
dual not feasible: -29.7884
dual not feasible: -34.6501
dual not feasible: -33.1185
dual not feasible: -35.8767
dual not feasible: -31.0553
dual not feasible: -37.94
dual not feasible: -28.9437
dual not feasible: -28.0797
dual not feasible: -29.2303
dual not feasible: -31.6344
dual not feasible: -32.4323
dual not feasible: -31.2217
dual not feasible: -29.3003
dual not feasible: -30.3329
dual not feasible: -33.2468
dual not feasible: -26.1131
dual not feasible: -33.1849
dual not feasible: -31.6463
dual not feasible: -30.3541
dual not feasible: -31.5297
dual not feasible: -33.1606
dual not feasible: -32.0867
STATS - lpIterations[15] lagIterations[4748] sspIterations[4748] numSeparations[4634] numCuts[0] compileTime[0] sspSolveTime[98] lpSolveTime[0] lb[644.772] ub[771.79] size: [13120] time: [183]
dual not feasible: -30.1968
dual not feasible: -37.8524
dual not feasible: -32.2537
dual not feasible: -33.9598
dual not feasible: -46.0632
dual not feasible: -45.9527
dual not feasible: -50.9631
dual not feasible: -42.815
dual not feasible: -43.3178
dual not feasible: -37.7516
dual not feasible: -43.4103
dual not feasible: -35.2116
dual not feasible: -36.9551
dual not feasible: -32.6967
dual not feasible: -36.1866
dual not feasible: -42.647
dual not feasible: -31.0917
dual not feasible: -34.2741
dual not feasible: -41.7106
dual not feasible: -42.9547
dual not feasible: -42.0975
dual not feasible: -43.7223
dual not feasible: -44.8981
dual not feasible: -45.2601
dual not feasible: -40.749
dual not feasible: -33.4284
dual not feasible: -31.2861
dual not feasible: -32.7796
dual not feasible: -37.1117
dual not feasible: -40.1524
dual not feasible: -39.1239
dual not feasible: -43.4501
dual not feasible: -37.0652
dual not feasible: -38.1258
dual not feasible: -38.4734
dual not feasible: -39.6831
dual not feasible: -36.6723
dual not feasible: -39.6088
dual not feasible: -40.7171
dual not feasible: -35.6509
dual not feasible: -34.5401
dual not feasible: -41.9242
dual not feasible: -39.9167
dual not feasible: -32.9637
dual not feasible: -35.2665
dual not feasible: -39.4615
dual not feasible: -34.6084
dual not feasible: -38.6427
dual not feasible: -34.2074
dual not feasible: -32.8902
dual not feasible: -41.309
dual not feasible: -36.4164
dual not feasible: -35.4121
dual not feasible: -36.5839
dual not feasible: -40.1911
dual not feasible: -33.679
dual not feasible: -34.2163
dual not feasible: -35.2418
dual not feasible: -36.1224
dual not feasible: -34.6386
dual not feasible: -30.0666
dual not feasible: -32.3032
dual not feasible: -28.722
dual not feasible: -34.5621
dual not feasible: -34.9263
dual not feasible: -34.077
dual not feasible: -35.4787
dual not feasible: -34.3055
dual not feasible: -29.6764
dual not feasible: -34.0522
dual not feasible: -34.2025
dual not feasible: -36.7352
dual not feasible: -32.5639
dual not feasible: -34.3183
dual not feasible: -30.9628
dual not feasible: -32.3303
dual not feasible: -35.8021
dual not feasible: -29.8051
dual not feasible: -33.554
dual not feasible: -30.944
dual not feasible: -34.2949
dual not feasible: -34.665
dual not feasible: -27.7129
dual not feasible: -29.7161
dual not feasible: -27.8405
dual not feasible: -30.6019
dual not feasible: -27.5675
dual not feasible: -33.3605
dual not feasible: -34.1761
dual not feasible: -37.7428
dual not feasible: -32.6676
dual not feasible: -31.2157
dual not feasible: -35.691
dual not feasible: -31.2625
dual not feasible: -29.0694
dual not feasible: -30.0777
dual not feasible: -28.0929
dual not feasible: -33.7966
dual not feasible: -32.3211
dual not feasible: -28.5147
dual not feasible: -29.6199
dual not feasible: -32.6898
dual not feasible: -29.6707
dual not feasible: -31.4644
dual not feasible: -28.8729
dual not feasible: -27.9677
dual not feasible: -28.7768
dual not feasible: -32.8336
dual not feasible: -32.3227
dual not feasible: -29.2813
dual not feasible: -30.2459
dual not feasible: -32.3036
dual not feasible: -29.8465
dual not feasible: -26.802
dual not feasible: -26.9614
dual not feasible: -28.5907
dual not feasible: -30.5301
dual not feasible: -34.2853
dual not feasible: -34.9104
dual not feasible: -27.2996
dual not feasible: -24.4897
dual not feasible: -27.973
dual not feasible: -30.8851
dual not feasible: -28.5691
dual not feasible: -28.4671
dual not feasible: -29.3094
dual not feasible: -30.82
dual not feasible: -31.7617
dual not feasible: -34.2899
dual not feasible: -27.6238
dual not feasible: -30.5073
dual not feasible: -25.4504
dual not feasible: -27.0209
dual not feasible: -27.078
dual not feasible: -26.1678
dual not feasible: -27.8631
dual not feasible: -32.6129
dual not feasible: -27.4534
dual not feasible: -30.4111
dual not feasible: -29.81
dual not feasible: -31.2492
dual not feasible: -28.691
dual not feasible: -28.8276
dual not feasible: -28.4433
dual not feasible: -27.914
dual not feasible: -33.6884
dual not feasible: -25.0407
dual not feasible: -27.1914
dual not feasible: -27.1157
dual not feasible: -27.0678
dual not feasible: -28.8943
dual not feasible: -29.5857
dual not feasible: -29.9166
dual not feasible: -26.6833
dual not feasible: -31.1385
dual not feasible: -31.1332
dual not feasible: -28.2115
dual not feasible: -26.8473
dual not feasible: -25.6471
dual not feasible: -27.2966
dual not feasible: -26.7082
dual not feasible: -25.0148
dual not feasible: -28.4666
dual not feasible: -27.5015
dual not feasible: -28.7882
dual not feasible: -27.502
dual not feasible: -28.4986
dual not feasible: -31.7452
dual not feasible: -26.3769
dual not feasible: -25.0217
dual not feasible: -25.7655
dual not feasible: -25.614
dual not feasible: -27.4569
dual not feasible: -31.8512
dual not feasible: -26.9088
dual not feasible: -27.1706
dual not feasible: -28.2935
dual not feasible: -24.896
dual not feasible: -26.3089
dual not feasible: -26.9874
dual not feasible: -26.0035
dual not feasible: -26.8105
dual not feasible: -29.59
dual not feasible: -25.6584
dual not feasible: -24.1218
dual not feasible: -26.6785
dual not feasible: -26.6277
dual not feasible: -28.473
dual not feasible: -25.7658
dual not feasible: -27.0609
dual not feasible: -27.9381
dual not feasible: -26.6652
dual not feasible: -27.4194
dual not feasible: -26.1167
dual not feasible: -25.5944
dual not feasible: -27.7691
dual not feasible: -23.663
dual not feasible: -26.2466
dual not feasible: -26.6551
dual not feasible: -27.7588
dual not feasible: -28.6303
dual not feasible: -27.6981
dual not feasible: -25.863
dual not feasible: -29.2885
dual not feasible: -28.0549
dual not feasible: -23.2503
dual not feasible: -25.9458
dual not feasible: -28.2571
dual not feasible: -28.2074
dual not feasible: -26.5385
dual not feasible: -25.2369
dual not feasible: -25.7431
dual not feasible: -27.0122
dual not feasible: -26.2653
dual not feasible: -23.6821
dual not feasible: -23.3463
dual not feasible: -24.4157
dual not feasible: -27.5561
dual not feasible: -24.0023
dual not feasible: -24.9467
dual not feasible: -25.2916
dual not feasible: -27.4911
dual not feasible: -29.1762
dual not feasible: -28.398
dual not feasible: -23.9149
dual not feasible: -24.6628
dual not feasible: -24.6601
dual not feasible: -25.5886
dual not feasible: -24.6458
dual not feasible: -27.1956
dual not feasible: -23.7757
dual not feasible: -23.7188
dual not feasible: -24.0725
dual not feasible: -27.7933
dual not feasible: -28.8272
dual not feasible: -24.5342
dual not feasible: -26.08
dual not feasible: -26.6272
dual not feasible: -29.0135
dual not feasible: -23.5564
dual not feasible: -25.8157
dual not feasible: -25.9515
dual not feasible: -25.1377
dual not feasible: -25.5293
dual not feasible: -25.0828
dual not feasible: -25.2492
dual not feasible: -25.7189
dual not feasible: -27.0508
dual not feasible: -26.6449
dual not feasible: -23.8403
dual not feasible: -24.7104
dual not feasible: -27.2917
dual not feasible: -23.9631
dual not feasible: -24.3572
dual not feasible: -24.6681
dual not feasible: -24.8095
dual not feasible: -25.1524
dual not feasible: -25.6505
dual not feasible: -24.1686
dual not feasible: -22.3133
dual not feasible: -25.7096
dual not feasible: -25.2638
dual not feasible: -24.4537
dual not feasible: -24.2277
dual not feasible: -23.6396
dual not feasible: -25.38
dual not feasible: -26.0285
dual not feasible: -23.866
dual not feasible: -23.794
dual not feasible: -23.6677
dual not feasible: -26.2762
dual not feasible: -24.4842
dual not feasible: -23.9909
dual not feasible: -22.1947
dual not feasible: -23.1654
dual not feasible: -23.8004
dual not feasible: -25.0533
dual not feasible: -23.8836
dual not feasible: -23.7337
dual not feasible: -25.4381
dual not feasible: -25.513
dual not feasible: -24.7394
dual not feasible: -23.8661
dual not feasible: -25.1926
dual not feasible: -25.3089
dual not feasible: -25.5749
dual not feasible: -22.7366
dual not feasible: -24.1168
dual not feasible: -25.1897
dual not feasible: -24.1329
dual not feasible: -25.1135
dual not feasible: -24.823
dual not feasible: -24.6834
dual not feasible: -23.444
dual not feasible: -26.2403
dual not feasible: -23.7562
dual not feasible: -24.2038
dual not feasible: -25.4784
dual not feasible: -26.1149
dual not feasible: -24.057
dual not feasible: -23.806
dual not feasible: -23.9235
dual not feasible: -22.9025
dual not feasible: -25.3471
dual not feasible: -22.1425
dual not feasible: -25.6096
dual not feasible: -27.5132
dual not feasible: -23.9312
dual not feasible: -24.4317
dual not feasible: -23.5916
dual not feasible: -22.868
dual not feasible: -24.6981
dual not feasible: -22.3382
dual not feasible: -25.3165
dual not feasible: -22.7096
dual not feasible: -26.3188
dual not feasible: -24.8162
dual not feasible: -23.2744
dual not feasible: -24.9832
dual not feasible: -23.9276
dual not feasible: -24.1407
dual not feasible: -24.7431
dual not feasible: -23.0617
dual not feasible: -23.0106
dual not feasible: -25.2458
dual not feasible: -22.9333
dual not feasible: -24.0149
dual not feasible: -24.5727
dual not feasible: -24.3053
dual not feasible: -23.7094
dual not feasible: -24.7931
dual not feasible: -22.8707
dual not feasible: -26.4096
dual not feasible: -23.3366
dual not feasible: -24.2157
dual not feasible: -24.7678
dual not feasible: -25.0191
dual not feasible: -23.6821
dual not feasible: -26.2363
dual not feasible: -23.5604
dual not feasible: -22.7447
dual not feasible: -26.1869
dual not feasible: -23.3554
dual not feasible: -24.2112
dual not feasible: -22.6954
dual not feasible: -21.8357
dual not feasible: -24.6789
dual not feasible: -24.3652
dual not feasible: -22.9145
dual not feasible: -22.7884
dual not feasible: -24.0535
dual not feasible: -24.8474
dual not feasible: -22.8178
dual not feasible: -22.5918
dual not feasible: -23.9233
dual not feasible: -23.0361
dual not feasible: -24.4187
dual not feasible: -23.3551
dual not feasible: -22.6815
dual not feasible: -22.3773
dual not feasible: -25.783
dual not feasible: -22.7736
dual not feasible: -22.1784
dual not feasible: -23.6229
dual not feasible: -22.8368
dual not feasible: -23.8968
dual not feasible: -24.9888
dual not feasible: -24.0963
dual not feasible: -22.4062
dual not feasible: -25.1908
dual not feasible: -21.988
dual not feasible: -22.8754
dual not feasible: -22.5508
dual not feasible: -22.1729
dual not feasible: -22.5108
dual not feasible: -23.5937
dual not feasible: -21.9768
dual not feasible: -23.6526
dual not feasible: -24.5798
dual not feasible: -24.6644
dual not feasible: -22.2285
dual not feasible: -23.3315
dual not feasible: -24.2316
dual not feasible: -24.3305
dual not feasible: -22.7374
dual not feasible: -22.8235
dual not feasible: -23.4681
dual not feasible: -23.8283
dual not feasible: -23.26
dual not feasible: -22.0336
dual not feasible: -21.1936
dual not feasible: -21.6676
dual not feasible: -23.4055
dual not feasible: -23.6024
dual not feasible: -22.9803
dual not feasible: -23.1805
dual not feasible: -24.705
dual not feasible: -23.404
dual not feasible: -23.7773
dual not feasible: -23.5853
dual not feasible: -22.2767
dual not feasible: -22.6894
dual not feasible: -22.9616
dual not feasible: -21.8049
dual not feasible: -23.6301
dual not feasible: -23.6357
dual not feasible: -24.7128
dual not feasible: -23.8899
dual not feasible: -22.3851
dual not feasible: -22.1642
dual not feasible: -22.3674
dual not feasible: -24.343
dual not feasible: -23.904
dual not feasible: -23.5821
dual not feasible: -22.5553
dual not feasible: -24.0924
dual not feasible: -23.0285
dual not feasible: -22.2672
dual not feasible: -22.8482
dual not feasible: -22.4554
dual not feasible: -24.2354
dual not feasible: -23.2098
dual not feasible: -23.7399
dual not feasible: -23.6652
dual not feasible: -23.5626
dual not feasible: -22.5369
dual not feasible: -23.4023
dual not feasible: -21.6614
dual not feasible: -24.3713
dual not feasible: -24.6345
dual not feasible: -25.5346
dual not feasible: -23.0881
dual not feasible: -22.3995
dual not feasible: -22.8862
dual not feasible: -23.9382
dual not feasible: -22.373
dual not feasible: -23.2533
dual not feasible: -21.8691
dual not feasible: -23.5542
dual not feasible: -22.7804
dual not feasible: -23.2482
dual not feasible: -22.0725
dual not feasible: -22.5393
dual not feasible: -22.1432
dual not feasible: -23.1135
dual not feasible: -22.6087
dual not feasible: -23.524
dual not feasible: -25.0547
dual not feasible: -23.4151
dual not feasible: -22.0309
dual not feasible: -22.5347
dual not feasible: -23.2585
dual not feasible: -23.3424
dual not feasible: -21.9003
dual not feasible: -21.7868
dual not feasible: -25.2263
dual not feasible: -23.0306
dual not feasible: -24.5292
dual not feasible: -22.0714
dual not feasible: -22.7331
dual not feasible: -22.2734
dual not feasible: -22.6469
dual not feasible: -22.4381
dual not feasible: -22.9691
dual not feasible: -22.4787
dual not feasible: -24.061
dual not feasible: -22.6626
dual not feasible: -21.8481
dual not feasible: -22.1326
dual not feasible: -24.2434
dual not feasible: -22.5999
dual not feasible: -22.6924
dual not feasible: -22.2343
dual not feasible: -25.106
dual not feasible: -23.548
dual not feasible: -22.0727
dual not feasible: -23.0436
dual not feasible: -22.9314
dual not feasible: -23.0806
dual not feasible: -22.654
dual not feasible: -23.2263
dual not feasible: -21.3407
dual not feasible: -22.7585
dual not feasible: -22.7083
dual not feasible: -23.4361
dual not feasible: -22.4323
dual not feasible: -22.8537
dual not feasible: -22.4247
dual not feasible: -22.4278
dual not feasible: -23.1907
dual not feasible: -23.1144
dual not feasible: -21.4874
STATS - lpIterations[16] lagIterations[5240] sspIterations[5240] numSeparations[5125] numCuts[0] compileTime[0] sspSolveTime[115] lpSolveTime[0] lb[644.772] ub[771.79] size: [13811] time: [212]
dual not feasible: -23.3535
dual not feasible: -33.6293
dual not feasible: -37.1907
dual not feasible: -40.0874
dual not feasible: -39.7674
dual not feasible: -43.8663
dual not feasible: -48.5885
dual not feasible: -46.4402
dual not feasible: -44.1316
dual not feasible: -40.8699
dual not feasible: -40.6227
dual not feasible: -37.6647
dual not feasible: -39.2808
dual not feasible: -38.336
dual not feasible: -41.0523
dual not feasible: -43.1369
dual not feasible: -38.5716
dual not feasible: -40.8144
dual not feasible: -43.8357
dual not feasible: -47.5345
dual not feasible: -49.9521
dual not feasible: -46.2732
dual not feasible: -42.0192
dual not feasible: -40.9928
dual not feasible: -36.4451
dual not feasible: -31.2708
dual not feasible: -34.4052
dual not feasible: -40.4247
dual not feasible: -41.8667
dual not feasible: -43.7659
dual not feasible: -38.9314
dual not feasible: -39.7135
dual not feasible: -41.26
dual not feasible: -35.2561
dual not feasible: -35.3497
dual not feasible: -36.7791
dual not feasible: -32.7276
dual not feasible: -35.2303
dual not feasible: -36.9937
dual not feasible: -40.026
dual not feasible: -39.3988
dual not feasible: -34.8376
dual not feasible: -36.7261
dual not feasible: -38.5077
dual not feasible: -38.278
dual not feasible: -33.7183
dual not feasible: -33.8311
dual not feasible: -34.064
dual not feasible: -38.7486
dual not feasible: -35.5139
dual not feasible: -37.0845
dual not feasible: -35.4418
dual not feasible: -33.8608
dual not feasible: -34.9433
dual not feasible: -39.5977
dual not feasible: -35.4896
dual not feasible: -38.1276
dual not feasible: -34.476
dual not feasible: -33.4245
dual not feasible: -36.2394
dual not feasible: -32.3306
dual not feasible: -34.6816
dual not feasible: -32.3589
dual not feasible: -34.2907
dual not feasible: -34.2721
dual not feasible: -37.1517
dual not feasible: -39.2735
dual not feasible: -41.6898
dual not feasible: -34.2802
dual not feasible: -34.3569
dual not feasible: -31.6314
dual not feasible: -31.7161
dual not feasible: -29.6304
dual not feasible: -31.465
dual not feasible: -35.5215
dual not feasible: -33.9363
dual not feasible: -36.5294
dual not feasible: -37.2554
dual not feasible: -31.2907
dual not feasible: -34.3145
dual not feasible: -35.6746
dual not feasible: -31.3129
dual not feasible: -32.6528
dual not feasible: -30.8682
dual not feasible: -36.5073
dual not feasible: -32.3717
dual not feasible: -31.1889
dual not feasible: -30.365
dual not feasible: -33.6302
dual not feasible: -31.2628
dual not feasible: -32.6976
dual not feasible: -32.6172
dual not feasible: -35.7911
dual not feasible: -34.9266
dual not feasible: -35.2291
dual not feasible: -31.8429
dual not feasible: -29.9795
dual not feasible: -28.8384
dual not feasible: -30.3578
dual not feasible: -36.0478
dual not feasible: -36.959
dual not feasible: -36.9633
STATS - lpIterations[17] lagIterations[5342] sspIterations[5342] numSeparations[5226] numCuts[0] compileTime[0] sspSolveTime[118] lpSolveTime[0] lb[644.772] ub[771.79] size: [13952] time: [218]
dual not feasible: -34.7962
dual not feasible: -30.8023
dual not feasible: -32.6197
dual not feasible: -35.3576
dual not feasible: -34.0106
dual not feasible: -44.8085
dual not feasible: -41.8888
dual not feasible: -44.1802
dual not feasible: -44.1145
dual not feasible: -41.5039
dual not feasible: -42.3369
dual not feasible: -43.6971
dual not feasible: -44.1612
dual not feasible: -40.4951
dual not feasible: -46.2408
dual not feasible: -37.479
dual not feasible: -42.1644
dual not feasible: -38.6541
dual not feasible: -42.0942
dual not feasible: -37.6279
dual not feasible: -38.6613
dual not feasible: -44.1648
dual not feasible: -45.6408
dual not feasible: -41.3232
dual not feasible: -38.8193
dual not feasible: -41.1814
dual not feasible: -46.7791
dual not feasible: -42.169
dual not feasible: -35.5558
dual not feasible: -32.5432
dual not feasible: -35.1493
dual not feasible: -42.7509
dual not feasible: -38.9763
dual not feasible: -40.9434
dual not feasible: -50.2589
dual not feasible: -45.1302
dual not feasible: -38.8882
dual not feasible: -36.381
dual not feasible: -35.6562
dual not feasible: -36.1495
dual not feasible: -36.6389
dual not feasible: -36.3948
dual not feasible: -39.5586
dual not feasible: -39.1586
dual not feasible: -31.7481
dual not feasible: -35.0994
dual not feasible: -35.4152
dual not feasible: -35.4676
dual not feasible: -44.3614
dual not feasible: -46.1174
dual not feasible: -38.607
dual not feasible: -37.1055
dual not feasible: -36.6996
dual not feasible: -31.5706
dual not feasible: -38.6417
dual not feasible: -38.1416
dual not feasible: -38.5473
dual not feasible: -34.7315
dual not feasible: -36.018
dual not feasible: -46.7438
dual not feasible: -39.1378
dual not feasible: -33.8514
dual not feasible: -36.0943
dual not feasible: -33.0686
dual not feasible: -38.2699
dual not feasible: -32.7851
dual not feasible: -33.5469
dual not feasible: -41.8352
dual not feasible: -39.1133
dual not feasible: -37.5748
dual not feasible: -36.5725
dual not feasible: -29.8974
dual not feasible: -32.7412
dual not feasible: -34.3564
dual not feasible: -29.9741
dual not feasible: -37.8081
dual not feasible: -38.3656
dual not feasible: -39.4678
dual not feasible: -37.4361
dual not feasible: -37.4043
dual not feasible: -35.0541
dual not feasible: -33.1379
dual not feasible: -30.9198
dual not feasible: -33.3864
dual not feasible: -33.5292
dual not feasible: -34.9304
dual not feasible: -30.2669
dual not feasible: -29.5608
dual not feasible: -32.5765
dual not feasible: -33.2127
dual not feasible: -32.4713
dual not feasible: -35.8594
dual not feasible: -36.1632
dual not feasible: -38.0046
dual not feasible: -33.5485
dual not feasible: -35.0174
dual not feasible: -30.3535
dual not feasible: -34.9866
dual not feasible: -28.0633
dual not feasible: -33.027
dual not feasible: -31.1126
dual not feasible: -34.1689
dual not feasible: -34.1365
dual not feasible: -33.5305
dual not feasible: -33.0197
dual not feasible: -29.7855
dual not feasible: -29.8901
dual not feasible: -34.5129
dual not feasible: -32.8835
dual not feasible: -29.0685
dual not feasible: -35.3236
dual not feasible: -34.3247
dual not feasible: -35.0228
dual not feasible: -34.3068
dual not feasible: -33.3199
dual not feasible: -29.7514
dual not feasible: -34.9222
dual not feasible: -27.2811
dual not feasible: -28.9442
dual not feasible: -30.4531
dual not feasible: -30.2383
dual not feasible: -30.1032
dual not feasible: -31.973
dual not feasible: -35.1074
dual not feasible: -32.4165
dual not feasible: -29.8928
dual not feasible: -29.6694
dual not feasible: -37.8407
dual not feasible: -30.034
dual not feasible: -29.1997
dual not feasible: -30.3083
dual not feasible: -33.9269
dual not feasible: -32.8005
dual not feasible: -31.5448
dual not feasible: -28.15
dual not feasible: -28.6723
dual not feasible: -27.8524
dual not feasible: -29.9618
dual not feasible: -33.881
dual not feasible: -31.902
dual not feasible: -29.9313
dual not feasible: -30.1756
dual not feasible: -30.1003
dual not feasible: -28.2184
dual not feasible: -30.2466
dual not feasible: -29.8523
dual not feasible: -28.3579
dual not feasible: -33.1192
dual not feasible: -32.5191
dual not feasible: -31.2622
dual not feasible: -31.2238
dual not feasible: -28.9766
dual not feasible: -28.8508
dual not feasible: -27.0184
dual not feasible: -28.7676
dual not feasible: -28.1028
dual not feasible: -32.6784
dual not feasible: -29.4054
dual not feasible: -29.6446
dual not feasible: -28.6641
dual not feasible: -32.8385
dual not feasible: -30.408
dual not feasible: -30.4883
dual not feasible: -27.3633
dual not feasible: -29.7953
dual not feasible: -26.557
dual not feasible: -31.6239
dual not feasible: -29.0292
dual not feasible: -30.5431
dual not feasible: -28.2647
dual not feasible: -30.0595
dual not feasible: -31.0401
dual not feasible: -29.6522
dual not feasible: -28.1235
dual not feasible: -30.5544
dual not feasible: -30.8826
dual not feasible: -28.0132
dual not feasible: -28.7262
dual not feasible: -31.2675
dual not feasible: -28.6151
dual not feasible: -27.5769
dual not feasible: -27.7046
dual not feasible: -27.9266
dual not feasible: -28.9958
dual not feasible: -32.156
dual not feasible: -27.1973
dual not feasible: -27.8015
dual not feasible: -27.7568
dual not feasible: -28.6875
dual not feasible: -28.0294
dual not feasible: -25.3827
dual not feasible: -28.5348
dual not feasible: -29.1328
dual not feasible: -28.2008
dual not feasible: -28.8843
dual not feasible: -27.0749
dual not feasible: -28.6331
dual not feasible: -29.7735
dual not feasible: -30.7673
dual not feasible: -26.5743
dual not feasible: -28.129
dual not feasible: -28.3074
dual not feasible: -27.2328
dual not feasible: -28.5514
dual not feasible: -28.976
dual not feasible: -27.8806
dual not feasible: -30.4339
dual not feasible: -29.1615
dual not feasible: -26.0188
dual not feasible: -27.9602
dual not feasible: -27.5664
dual not feasible: -27.6587
dual not feasible: -27.3931
dual not feasible: -26.6451
dual not feasible: -28.9215
dual not feasible: -25.8756
dual not feasible: -27.9489
dual not feasible: -26.6995
dual not feasible: -27.3989
dual not feasible: -29.3449
dual not feasible: -29.4132
dual not feasible: -26.6958
dual not feasible: -27.3374
dual not feasible: -28.7713
dual not feasible: -29.3474
dual not feasible: -28.688
dual not feasible: -25.7053
dual not feasible: -26.4957
dual not feasible: -28.4286
dual not feasible: -27.9928
dual not feasible: -26.3304
dual not feasible: -26.13
dual not feasible: -30.4602
dual not feasible: -27.6556
dual not feasible: -26.5075
dual not feasible: -26.4223
dual not feasible: -25.4704
dual not feasible: -27.6132
dual not feasible: -27.5513
dual not feasible: -28.46
dual not feasible: -28.7598
dual not feasible: -29.2822
dual not feasible: -25.7473
dual not feasible: -27.0815
dual not feasible: -28.6281
dual not feasible: -28.432
dual not feasible: -27.6919
dual not feasible: -26.0711
dual not feasible: -25.731
dual not feasible: -26.8626
dual not feasible: -28.1096
dual not feasible: -25.5037
dual not feasible: -28.1318
dual not feasible: -25.5109
dual not feasible: -28.6525
dual not feasible: -29.1083
dual not feasible: -26.4454
dual not feasible: -26.7231
dual not feasible: -28.6554
dual not feasible: -26.1584
dual not feasible: -29.261
dual not feasible: -26.8135
dual not feasible: -27.5021
dual not feasible: -26.1497
dual not feasible: -24.9326
dual not feasible: -26.4831
dual not feasible: -28.6148
dual not feasible: -25.749
dual not feasible: -26.9346
dual not feasible: -24.6299
dual not feasible: -28.2669
dual not feasible: -28.1037
dual not feasible: -26.6787
dual not feasible: -25.1758
dual not feasible: -26.1301
dual not feasible: -25.9009
dual not feasible: -28.3684
dual not feasible: -26.204
dual not feasible: -25.387
dual not feasible: -25.7749
dual not feasible: -25.6241
dual not feasible: -27.6269
dual not feasible: -30.2026
dual not feasible: -24.9588
dual not feasible: -26.6768
dual not feasible: -27.2083
dual not feasible: -26.967
dual not feasible: -26.8411
dual not feasible: -25.879
dual not feasible: -25.829
dual not feasible: -29.4238
dual not feasible: -26.8662
dual not feasible: -25.0971
dual not feasible: -24.1495
dual not feasible: -27.1804
dual not feasible: -27.0902
dual not feasible: -26.0524
dual not feasible: -27.5978
dual not feasible: -25.5279
dual not feasible: -27.1517
dual not feasible: -24.5283
dual not feasible: -27.2069
dual not feasible: -25.9005
dual not feasible: -25.9026
dual not feasible: -26.7027
dual not feasible: -26.1061
dual not feasible: -25.5047
dual not feasible: -27.2998
dual not feasible: -26.9385
dual not feasible: -24.7682
dual not feasible: -25.2345
dual not feasible: -25.0596
dual not feasible: -26.0801
dual not feasible: -26.0516
dual not feasible: -25.5435
dual not feasible: -25.3512
dual not feasible: -27.8011
dual not feasible: -25.3501
dual not feasible: -27.8119
dual not feasible: -25.4849
dual not feasible: -26.222
dual not feasible: -24.777
dual not feasible: -26.3251
dual not feasible: -26.8057
dual not feasible: -25.2628
dual not feasible: -25.4788
dual not feasible: -24.3472
dual not feasible: -27.6505
dual not feasible: -26.8085
dual not feasible: -24.8884
dual not feasible: -24.6357
dual not feasible: -25.9116
dual not feasible: -26.0597
dual not feasible: -27.4778
dual not feasible: -25.0663
dual not feasible: -26.6124
dual not feasible: -25.1565
dual not feasible: -26.0103
dual not feasible: -26.3348
dual not feasible: -25.9887
dual not feasible: -25.0618
dual not feasible: -26.26
dual not feasible: -23.6614
dual not feasible: -24.5944
dual not feasible: -26.7027
dual not feasible: -25.015
dual not feasible: -25.6254
dual not feasible: -25.0082
dual not feasible: -25.5031
dual not feasible: -25.0289
dual not feasible: -24.9613
dual not feasible: -25.2437
dual not feasible: -25.9309
dual not feasible: -26.7589
dual not feasible: -26.4369
dual not feasible: -26.0379
dual not feasible: -24.7436
dual not feasible: -24.4854
dual not feasible: -25.4263
dual not feasible: -25.5325
dual not feasible: -24.7782
dual not feasible: -25.6203
dual not feasible: -26.7721
dual not feasible: -25.3198
dual not feasible: -26.4572
dual not feasible: -25.8789
dual not feasible: -25.0143
dual not feasible: -24.9523
dual not feasible: -25.0799
dual not feasible: -24.8959
dual not feasible: -24.9976
dual not feasible: -24.8737
dual not feasible: -24.0988
dual not feasible: -26.7788
dual not feasible: -26.8306
dual not feasible: -25.8107
dual not feasible: -25.3092
dual not feasible: -23.3869
dual not feasible: -25.0939
dual not feasible: -25.2118
dual not feasible: -25.4971
dual not feasible: -25.2014
dual not feasible: -25.9662
dual not feasible: -25.7579
dual not feasible: -27.4592
dual not feasible: -24.6124
dual not feasible: -24.0188
dual not feasible: -24.7531
dual not feasible: -26.5802
dual not feasible: -26.4678
dual not feasible: -24.7835
dual not feasible: -24.5244
dual not feasible: -25.7222
dual not feasible: -23.6911
dual not feasible: -23.8492
dual not feasible: -25.0751
dual not feasible: -25.8041
dual not feasible: -24.9747
dual not feasible: -26.0959
dual not feasible: -24.8797
dual not feasible: -25.6045
dual not feasible: -25.1405
dual not feasible: -26.0003
dual not feasible: -25.4877
dual not feasible: -23.8529
dual not feasible: -23.6797
dual not feasible: -24.3145
dual not feasible: -24.8838
dual not feasible: -25.8035
dual not feasible: -26.3689
dual not feasible: -24.4481
dual not feasible: -25.7132
dual not feasible: -28.2562
dual not feasible: -24.6541
dual not feasible: -24.8906
dual not feasible: -25.1213
dual not feasible: -22.9991
STATS - lpIterations[17] lagIterations[5759] sspIterations[5759] numSeparations[5642] numCuts[0] compileTime[0] sspSolveTime[133] lpSolveTime[0] lb[644.987] ub[771.79] size: [14523] time: [245]
dual not feasible: -24.3206
dual not feasible: -25.1687
dual not feasible: -24.1341
dual not feasible: -24.2016
dual not feasible: -25.0838
dual not feasible: -25.0771
dual not feasible: -25.751
dual not feasible: -25.7794
dual not feasible: -24.8254
dual not feasible: -24.7043
dual not feasible: -24.8114
dual not feasible: -25.4214
dual not feasible: -25.0456
dual not feasible: -24.5053
dual not feasible: -27.3791
dual not feasible: -24.1921
dual not feasible: -24.4352
dual not feasible: -24.1324
dual not feasible: -24.0044
dual not feasible: -25.4666
dual not feasible: -28.2304
dual not feasible: -24.1284
dual not feasible: -24.3823
dual not feasible: -25.416
dual not feasible: -25.9038
dual not feasible: -25.6069
dual not feasible: -24.9467
dual not feasible: -24.7437
dual not feasible: -24.7919
dual not feasible: -28.1965
dual not feasible: -23.7988
dual not feasible: -24.2928
dual not feasible: -24.1325
dual not feasible: -24.1433
dual not feasible: -24.942
dual not feasible: -24.0351
dual not feasible: -24.243
dual not feasible: -27.7333
dual not feasible: -25.7287
dual not feasible: -26.096
dual not feasible: -26.277
dual not feasible: -26.7379
dual not feasible: -23.3801
dual not feasible: -24.29
dual not feasible: -23.9849
dual not feasible: -24.4716
dual not feasible: -23.5243
dual not feasible: -24.7611
dual not feasible: -26.0715
dual not feasible: -25.0853
dual not feasible: -25.0599
dual not feasible: -25.3406
dual not feasible: -25.5066
dual not feasible: -24.3838
dual not feasible: -25.621
dual not feasible: -24.1643
dual not feasible: -23.4459
dual not feasible: -24.908
dual not feasible: -24.5215
dual not feasible: -24.5201
dual not feasible: -24.4579
dual not feasible: -24.3507
dual not feasible: -24.4247
dual not feasible: -24.6805
dual not feasible: -24.0293
dual not feasible: -26.5925
dual not feasible: -25.3487
dual not feasible: -24.9994
dual not feasible: -23.8339
dual not feasible: -24.1955
dual not feasible: -25.0231
dual not feasible: -23.9589
dual not feasible: -24.6714
dual not feasible: -23.7197
dual not feasible: -23.7433
dual not feasible: -24.6497
dual not feasible: -26.975
dual not feasible: -25.2037
dual not feasible: -24.5396
dual not feasible: -23.5563
dual not feasible: -23.6995
dual not feasible: -24.0468
dual not feasible: -24.9363
dual not feasible: -23.827
dual not feasible: -24.8183
dual not feasible: -24.0439
dual not feasible: -24.1157
dual not feasible: -23.8306
dual not feasible: -23.9671
dual not feasible: -23.958
dual not feasible: -26.032
dual not feasible: -25.4179
dual not feasible: -26.1619
dual not feasible: -23.861
dual not feasible: -24.3051
dual not feasible: -26.3783
dual not feasible: -24.4205
dual not feasible: -23.8675
dual not feasible: -23.7172
dual not feasible: -23.6266
dual not feasible: -25.5588
STATS - lpIterations[18] lagIterations[5860] sspIterations[5860] numSeparations[5743] numCuts[0] compileTime[0] sspSolveTime[137] lpSolveTime[0] lb[644.987] ub[771.79] size: [14663] time: [252]
dual not feasible: -25.1267
dual not feasible: -28.0882
dual not feasible: -32.0946
dual not feasible: -33.798
dual not feasible: -51.5249
dual not feasible: -55.2703
dual not feasible: -56.9294
dual not feasible: -46.5192
dual not feasible: -39.2906
dual not feasible: -46.0393
dual not feasible: -51.5236
dual not feasible: -42.3853
dual not feasible: -42.465
dual not feasible: -42.3914
dual not feasible: -42.1731
dual not feasible: -43.4729
dual not feasible: -42.1496
dual not feasible: -45.537
dual not feasible: -44.7133
dual not feasible: -46.0205
dual not feasible: -43.2689
dual not feasible: -40.6104
dual not feasible: -44.2491
dual not feasible: -43.8357
dual not feasible: -37.9329
dual not feasible: -39.5211
dual not feasible: -39.6931
dual not feasible: -39.4714
dual not feasible: -43.8882
dual not feasible: -45.8603
dual not feasible: -42.6975
dual not feasible: -39.2004
dual not feasible: -45.2556
dual not feasible: -36.3304
dual not feasible: -39.2517
dual not feasible: -42.4692
dual not feasible: -42.7869
dual not feasible: -37.5824
dual not feasible: -38.7425
dual not feasible: -46.0128
dual not feasible: -39.3002
dual not feasible: -38.6946
dual not feasible: -37.9791
dual not feasible: -39.0572
dual not feasible: -41.7855
dual not feasible: -41.2607
dual not feasible: -37.8096
dual not feasible: -36.3115
dual not feasible: -36.8096
dual not feasible: -40.4001
dual not feasible: -42.2683
dual not feasible: -36.1227
dual not feasible: -37.698
dual not feasible: -41.0354
dual not feasible: -34.7477
dual not feasible: -34.5815
dual not feasible: -36.2376
dual not feasible: -43.4312
dual not feasible: -42.8736
dual not feasible: -40.3926
dual not feasible: -34.3552
dual not feasible: -36.8749
dual not feasible: -34.9454
dual not feasible: -32.1319
dual not feasible: -36.6357
dual not feasible: -36.6807
dual not feasible: -38.9988
dual not feasible: -34.9849
dual not feasible: -35.0546
dual not feasible: -33.6847
dual not feasible: -36.4115
dual not feasible: -38.3624
dual not feasible: -33.3349
dual not feasible: -37.6091
dual not feasible: -31.9698
dual not feasible: -34.6375
dual not feasible: -34.2113
dual not feasible: -34.9439
dual not feasible: -32.0643
dual not feasible: -31.4849
dual not feasible: -37.585
dual not feasible: -37.1922
dual not feasible: -41.9617
dual not feasible: -36.6902
dual not feasible: -36.8696
dual not feasible: -33.1212
dual not feasible: -29.5195
dual not feasible: -29.8046
dual not feasible: -36.9211
dual not feasible: -35.3789
dual not feasible: -33.4869
dual not feasible: -35.5244
dual not feasible: -32.6639
dual not feasible: -36.4756
dual not feasible: -34.3757
dual not feasible: -36.4723
dual not feasible: -31.5758
dual not feasible: -33.4784
dual not feasible: -31.2422
dual not feasible: -37.0964
dual not feasible: -30.4468
dual not feasible: -35.9056
STATS - lpIterations[19] lagIterations[5962] sspIterations[5962] numSeparations[5844] numCuts[0] compileTime[0] sspSolveTime[140] lpSolveTime[0] lb[644.987] ub[771.79] size: [14799] time: [258]
dual not feasible: -32.5711
dual not feasible: -33.752
dual not feasible: -39.9969
dual not feasible: -42.7311
dual not feasible: -42.6397
dual not feasible: -48.4047
dual not feasible: -44.2839
dual not feasible: -46.7088
dual not feasible: -55.084
dual not feasible: -37.0375
dual not feasible: -42.2387
dual not feasible: -46.0389
dual not feasible: -54.3759
dual not feasible: -45.1208
dual not feasible: -50.3287
dual not feasible: -48.83
dual not feasible: -48.6086
dual not feasible: -50.4735
dual not feasible: -39.5548
dual not feasible: -34.8335
dual not feasible: -38.8027
dual not feasible: -38.7088
dual not feasible: -43.2386
dual not feasible: -50.7687
dual not feasible: -45.1925
dual not feasible: -45.3307
dual not feasible: -42.5773
dual not feasible: -43.1681
dual not feasible: -45.2036
dual not feasible: -45.8742
dual not feasible: -43.0741
dual not feasible: -36.1693
dual not feasible: -39.2921
dual not feasible: -35.3884
dual not feasible: -39.6802
dual not feasible: -41.5292
dual not feasible: -41.6059
dual not feasible: -43.5727
dual not feasible: -44.6276
dual not feasible: -40.6162
dual not feasible: -38.658
dual not feasible: -36.4686
dual not feasible: -39.5515
dual not feasible: -38.4194
dual not feasible: -37.4439
dual not feasible: -39.5682
dual not feasible: -44.3194
dual not feasible: -37.9383
dual not feasible: -39.1653
dual not feasible: -41.3948
dual not feasible: -38.9196
dual not feasible: -38.2537
dual not feasible: -37.0471
dual not feasible: -37.8806
dual not feasible: -38.9889
dual not feasible: -38.0044
dual not feasible: -39.4217
dual not feasible: -40.5804
dual not feasible: -36.3874
dual not feasible: -33.7353
dual not feasible: -36.8477
dual not feasible: -40.204
dual not feasible: -36.4265
dual not feasible: -35.1898
dual not feasible: -34.9314
dual not feasible: -36.2455
dual not feasible: -40.634
dual not feasible: -42.7536
dual not feasible: -37.0506
dual not feasible: -37.7414
dual not feasible: -42.5767
dual not feasible: -39.8259
dual not feasible: -33.0816
dual not feasible: -35.7142
dual not feasible: -33.839
dual not feasible: -45.7101
dual not feasible: -42.5518
dual not feasible: -35.7703
dual not feasible: -37.2096
dual not feasible: -34.805
dual not feasible: -32.5736
dual not feasible: -33.4687
dual not feasible: -38.4831
dual not feasible: -36.4067
dual not feasible: -32.1911
dual not feasible: -34.1648
dual not feasible: -35.5843
dual not feasible: -34.4157
dual not feasible: -32.6372
dual not feasible: -37.6168
dual not feasible: -38.0031
dual not feasible: -36.8377
dual not feasible: -32.2231
dual not feasible: -34.8585
dual not feasible: -34.936
dual not feasible: -35.4207
dual not feasible: -35.178
dual not feasible: -34.2382
dual not feasible: -34.9301
dual not feasible: -34.3838
dual not feasible: -31.4912
dual not feasible: -33.6563
dual not feasible: -36.674
dual not feasible: -35.4236
dual not feasible: -34.0694
dual not feasible: -34.6172
dual not feasible: -34.3263
dual not feasible: -36.3962
dual not feasible: -31.5662
dual not feasible: -34.1834
dual not feasible: -33.3019
dual not feasible: -34.3871
dual not feasible: -34.5537
dual not feasible: -33.1114
dual not feasible: -32.7146
dual not feasible: -34.8942
dual not feasible: -34.3884
dual not feasible: -34.2717
dual not feasible: -30.3595
dual not feasible: -32.7567
dual not feasible: -32.1921
dual not feasible: -35.8917
dual not feasible: -34.2583
dual not feasible: -33.2885
dual not feasible: -32.6455
dual not feasible: -31.9689
dual not feasible: -36.8117
dual not feasible: -32.2354
dual not feasible: -36.2874
dual not feasible: -35.4497
dual not feasible: -32.7455
dual not feasible: -31.8578
dual not feasible: -30.0196
dual not feasible: -33.8038
dual not feasible: -33.1744
dual not feasible: -33.829
dual not feasible: -32.5452
dual not feasible: -32.1147
dual not feasible: -33.787
dual not feasible: -32.6486
dual not feasible: -32.0403
dual not feasible: -31.2683
dual not feasible: -31.3609
dual not feasible: -36.304
dual not feasible: -32.4096
dual not feasible: -33.7907
dual not feasible: -31.3498
dual not feasible: -33.0304
dual not feasible: -32.4865
dual not feasible: -33.3963
dual not feasible: -32.9402
dual not feasible: -30.4685
dual not feasible: -30.0537
dual not feasible: -27.4287
dual not feasible: -28.4852
dual not feasible: -30.9359
dual not feasible: -30.7383
dual not feasible: -34.0673
dual not feasible: -29.3351
dual not feasible: -32.2362
dual not feasible: -33.4114
dual not feasible: -34.1447
dual not feasible: -30.4177
dual not feasible: -31.8509
dual not feasible: -32.7195
dual not feasible: -32.2168
dual not feasible: -30.327
dual not feasible: -29.6498
dual not feasible: -34.1198
dual not feasible: -33.6505
dual not feasible: -30.6171
dual not feasible: -30.2186
dual not feasible: -30.0551
dual not feasible: -32.8243
dual not feasible: -31.4664
dual not feasible: -29.0707
dual not feasible: -30.068
dual not feasible: -30.951
dual not feasible: -30.1419
dual not feasible: -30.6994
dual not feasible: -31.2165
dual not feasible: -32.3309
dual not feasible: -31.4393
dual not feasible: -31.5053
dual not feasible: -30.0757
dual not feasible: -31.0651
dual not feasible: -32.4006
dual not feasible: -29.8615
dual not feasible: -30.9323
dual not feasible: -27.355
dual not feasible: -28.5237
dual not feasible: -29.96
dual not feasible: -30.2793
dual not feasible: -29.0048
dual not feasible: -29.7225
dual not feasible: -31.6007
dual not feasible: -28.6388
dual not feasible: -32.0884
dual not feasible: -30.9532
dual not feasible: -32.0599
dual not feasible: -29.5082
dual not feasible: -30.1086
dual not feasible: -32.3723
dual not feasible: -30.1444
dual not feasible: -28.9013
dual not feasible: -31.5991
dual not feasible: -30.3806
dual not feasible: -28.4012
dual not feasible: -29.6693
dual not feasible: -29.9252
dual not feasible: -31.1943
dual not feasible: -30.8043
dual not feasible: -29.131
dual not feasible: -28.1026
dual not feasible: -29.7706
dual not feasible: -32.077
dual not feasible: -32.1551
dual not feasible: -30.1108
dual not feasible: -30.6721
dual not feasible: -27.9665
dual not feasible: -28.8498
dual not feasible: -27.7439
dual not feasible: -31.3102
dual not feasible: -29.7091
dual not feasible: -28.4795
dual not feasible: -29.0956
dual not feasible: -29.5929
dual not feasible: -29.5576
dual not feasible: -29.2168
dual not feasible: -27.99
dual not feasible: -29.3532
dual not feasible: -29.2838
dual not feasible: -31.0741
dual not feasible: -30.1572
dual not feasible: -30.7753
dual not feasible: -29.8524
dual not feasible: -28.3497
dual not feasible: -31.141
dual not feasible: -31.4289
dual not feasible: -30.6452
dual not feasible: -28.6238
dual not feasible: -29.8228
dual not feasible: -27.4281
dual not feasible: -28.1155
dual not feasible: -27.8094
dual not feasible: -28.1903
dual not feasible: -30.9467
dual not feasible: -31.1451
dual not feasible: -28.5265
dual not feasible: -28.1622
dual not feasible: -32.0572
dual not feasible: -28.9805
dual not feasible: -28.5734
dual not feasible: -29.1148
dual not feasible: -29.4058
STATS - lpIterations[20] lagIterations[6217] sspIterations[6217] numSeparations[6098] numCuts[0] compileTime[0] sspSolveTime[150] lpSolveTime[0] lb[644.987] ub[771.79] size: [15142] time: [276]
dual not feasible: -31.1164
dual not feasible: -34.8346
dual not feasible: -41.7489
dual not feasible: -41.9423
dual not feasible: -45.0896
dual not feasible: -52.3617
dual not feasible: -54.8035
dual not feasible: -50.2501
dual not feasible: -47.0872
dual not feasible: -50.2582
dual not feasible: -42.753
dual not feasible: -43.2144
dual not feasible: -46.7988
dual not feasible: -41.7538
dual not feasible: -41.2027
dual not feasible: -40.7064
dual not feasible: -41.0437
dual not feasible: -44.3386
dual not feasible: -44.6083
dual not feasible: -42.5265
dual not feasible: -45.0438
dual not feasible: -45.1537
dual not feasible: -45.3435
dual not feasible: -42.5251
dual not feasible: -45.3656
dual not feasible: -37.8271
dual not feasible: -45.4876
dual not feasible: -40.4182
dual not feasible: -40.1569
dual not feasible: -37.8352
dual not feasible: -37.6184
dual not feasible: -43.67
dual not feasible: -46.366
dual not feasible: -45.776
dual not feasible: -41.197
dual not feasible: -39.5923
dual not feasible: -42.3482
dual not feasible: -41.4182
dual not feasible: -37.6934
dual not feasible: -38.9666
dual not feasible: -40.5522
dual not feasible: -47.4836
dual not feasible: -36.788
dual not feasible: -43.3394
dual not feasible: -45.1126
dual not feasible: -39.5837
dual not feasible: -38.6068
dual not feasible: -36.8823
dual not feasible: -39.9587
dual not feasible: -43.6244
dual not feasible: -40.3496
dual not feasible: -39.9902
dual not feasible: -38.2474
dual not feasible: -40.8147
dual not feasible: -41.5981
dual not feasible: -33.5074
dual not feasible: -35.3757
dual not feasible: -36.0092
dual not feasible: -42.5866
dual not feasible: -41.0565
dual not feasible: -37.7538
dual not feasible: -37.5248
dual not feasible: -40.945
dual not feasible: -36.9016
dual not feasible: -35.6711
dual not feasible: -43.4685
dual not feasible: -38.5948
dual not feasible: -40.8333
dual not feasible: -38.4042
dual not feasible: -33.7659
dual not feasible: -34.2396
dual not feasible: -34.3876
dual not feasible: -32.6378
dual not feasible: -40.8273
dual not feasible: -40.5176
dual not feasible: -40.7586
dual not feasible: -43.0455
dual not feasible: -36.525
dual not feasible: -41.8743
dual not feasible: -32.0552
dual not feasible: -34.4195
dual not feasible: -40.1658
dual not feasible: -36.5704
dual not feasible: -38.9638
dual not feasible: -35.1427
dual not feasible: -35.303
dual not feasible: -35.5103
dual not feasible: -35.8622
dual not feasible: -35.3331
dual not feasible: -38.5991
dual not feasible: -36.3823
dual not feasible: -36.0916
dual not feasible: -36.9805
dual not feasible: -34.1182
dual not feasible: -33.7177
dual not feasible: -38.6364
dual not feasible: -36.1008
dual not feasible: -33.2027
dual not feasible: -34.6725
dual not feasible: -35.8099
dual not feasible: -37.8909
dual not feasible: -35.5266
STATS - lpIterations[21] lagIterations[6319] sspIterations[6319] numSeparations[6199] numCuts[0] compileTime[0] sspSolveTime[154] lpSolveTime[0] lb[644.987] ub[771.79] size: [15278] time: [283]
dual not feasible: -33.5321
dual not feasible: -38.2318
dual not feasible: -41.0947
dual not feasible: -40.9805
dual not feasible: -41.8515
dual not feasible: -41.5702
dual not feasible: -51.2239
dual not feasible: -51.0998
dual not feasible: -42.0608
dual not feasible: -41.8273
dual not feasible: -48.1976
dual not feasible: -52.4382
dual not feasible: -49.9671
dual not feasible: -41.5128
dual not feasible: -43.988
dual not feasible: -44.1411
dual not feasible: -43.255
dual not feasible: -44.8827
dual not feasible: -38.674
dual not feasible: -42.748
dual not feasible: -44.6961
dual not feasible: -44.2368
dual not feasible: -42.6489
dual not feasible: -44.6403
dual not feasible: -44.8378
dual not feasible: -40.6767
dual not feasible: -47.0928
dual not feasible: -45.6732
dual not feasible: -47.5279
dual not feasible: -47.5794
dual not feasible: -37.6892
dual not feasible: -42.7783
dual not feasible: -40.0847
dual not feasible: -39.2936
dual not feasible: -43.6849
dual not feasible: -43.2959
dual not feasible: -41.446
dual not feasible: -43.8578
dual not feasible: -48.3747
dual not feasible: -39.1989
dual not feasible: -35.3068
dual not feasible: -45.8932
dual not feasible: -36.6095
dual not feasible: -37.2542
dual not feasible: -39.4334
dual not feasible: -39.0576
dual not feasible: -36.6549
dual not feasible: -43.155
dual not feasible: -42.8949
dual not feasible: -43.1864
dual not feasible: -46.0201
dual not feasible: -45.6944
dual not feasible: -38.5989
dual not feasible: -45.3923
dual not feasible: -42.063
dual not feasible: -37.1586
dual not feasible: -38.1069
dual not feasible: -40.8068
dual not feasible: -39.3105
dual not feasible: -39.3157
dual not feasible: -39.7646
dual not feasible: -35.8868
dual not feasible: -37.9555
dual not feasible: -34.2267
dual not feasible: -37.1544
dual not feasible: -38.3746
dual not feasible: -38.1404
dual not feasible: -38.9396
dual not feasible: -44.897
dual not feasible: -37.962
dual not feasible: -38.3249
dual not feasible: -41.2582
dual not feasible: -41.1492
dual not feasible: -38.1879
dual not feasible: -38.1914
dual not feasible: -34.9993
dual not feasible: -38.7533
dual not feasible: -38.914
dual not feasible: -36.2845
dual not feasible: -39.1516
dual not feasible: -37.2574
dual not feasible: -37.8956
dual not feasible: -40.2165
dual not feasible: -35.7311
dual not feasible: -32.5632
dual not feasible: -33.4802
dual not feasible: -39.7089
dual not feasible: -40.1091
dual not feasible: -41.1029
dual not feasible: -39.2644
dual not feasible: -41.442
dual not feasible: -38.7102
dual not feasible: -34.5339
dual not feasible: -34.8239
dual not feasible: -37.4681
dual not feasible: -33.7975
dual not feasible: -38.3969
dual not feasible: -34.1907
dual not feasible: -36.3293
dual not feasible: -34.0341
dual not feasible: -33.7084
dual not feasible: -37.225
dual not feasible: -34.1797
dual not feasible: -32.7999
dual not feasible: -39.077
dual not feasible: -41.826
dual not feasible: -40.7512
dual not feasible: -34.1545
dual not feasible: -34.3246
dual not feasible: -34.0811
dual not feasible: -38.5302
dual not feasible: -34.4769
dual not feasible: -33.9213
dual not feasible: -33.5256
dual not feasible: -39.204
dual not feasible: -40.0108
dual not feasible: -38.8924
dual not feasible: -34.2524
dual not feasible: -32.342
dual not feasible: -37.4751
dual not feasible: -32.1736
dual not feasible: -31.9078
dual not feasible: -32.8504
dual not feasible: -33.1691
dual not feasible: -37.4768
dual not feasible: -37.2828
dual not feasible: -38.9182
dual not feasible: -31.7017
dual not feasible: -31.1125
dual not feasible: -34.1829
dual not feasible: -32.99
dual not feasible: -32.4773
dual not feasible: -31.3361
dual not feasible: -39.938
dual not feasible: -34.6374
dual not feasible: -36.0108
dual not feasible: -37.1424
dual not feasible: -36.4631
dual not feasible: -37.2713
dual not feasible: -34.7117
dual not feasible: -30.4175
dual not feasible: -32.1529
dual not feasible: -33.7988
dual not feasible: -32.3042
dual not feasible: -30.9278
dual not feasible: -31.5133
dual not feasible: -34.2012
dual not feasible: -34.8649
dual not feasible: -32.7826
dual not feasible: -36.9214
dual not feasible: -35.2909
dual not feasible: -35.1538
dual not feasible: -30.7658
dual not feasible: -34.4991
dual not feasible: -31.523
dual not feasible: -31.1789
dual not feasible: -29.7156
dual not feasible: -35.5275
dual not feasible: -35.2038
dual not feasible: -35.4506
dual not feasible: -36.1168
dual not feasible: -36.5939
dual not feasible: -34.0576
dual not feasible: -32.8042
dual not feasible: -29.3915
dual not feasible: -31.5943
dual not feasible: -30.854
dual not feasible: -36.874
dual not feasible: -34.1824
dual not feasible: -32.4368
dual not feasible: -32.6157
dual not feasible: -32.3233
dual not feasible: -38.4901
dual not feasible: -32.1372
dual not feasible: -31.7901
dual not feasible: -32.4974
dual not feasible: -35.7574
dual not feasible: -33.6741
dual not feasible: -30.6382
dual not feasible: -31.3964
dual not feasible: -31.9752
dual not feasible: -36.7207
dual not feasible: -32.0337
dual not feasible: -33.9265
dual not feasible: -32.0539
dual not feasible: -31.5062
dual not feasible: -32.5041
dual not feasible: -34.8189
dual not feasible: -34.0798
dual not feasible: -33.0473
dual not feasible: -30.4184
dual not feasible: -32.7712
dual not feasible: -32.7156
dual not feasible: -33.1352
dual not feasible: -29.764
dual not feasible: -31.8592
dual not feasible: -30.7211
dual not feasible: -34.6233
dual not feasible: -31.4646
dual not feasible: -34.2235
dual not feasible: -31.6127
dual not feasible: -31.1559
dual not feasible: -31.7107
dual not feasible: -33.3872
dual not feasible: -33.242
dual not feasible: -31.9564
dual not feasible: -31.419
dual not feasible: -31.9505
dual not feasible: -33.115
dual not feasible: -30.912
dual not feasible: -31.49
dual not feasible: -31.6724
dual not feasible: -32.3525
dual not feasible: -33.0551
dual not feasible: -31.9583
dual not feasible: -30.8952
dual not feasible: -29.4136
dual not feasible: -32.8638
dual not feasible: -32.486
dual not feasible: -32.7054
dual not feasible: -32.229
dual not feasible: -32.2884
dual not feasible: -29.0954
dual not feasible: -32.6644
dual not feasible: -29.4012
dual not feasible: -32.2441
dual not feasible: -30.6063
dual not feasible: -34.244
dual not feasible: -31.2219
dual not feasible: -31.8118
dual not feasible: -32.4921
dual not feasible: -31.2593
dual not feasible: -31.5648
dual not feasible: -31.5054
dual not feasible: -30.7702
dual not feasible: -30.1054
dual not feasible: -30.591
dual not feasible: -30.1581
dual not feasible: -28.834
dual not feasible: -29.7018
dual not feasible: -30.6214
dual not feasible: -30.7521
dual not feasible: -32.3411
dual not feasible: -32.105
dual not feasible: -30.7107
dual not feasible: -32.8097
dual not feasible: -32.1281
dual not feasible: -31.9625
dual not feasible: -31.8223
dual not feasible: -29.6086
dual not feasible: -31.8675
dual not feasible: -29.536
dual not feasible: -30.7424
dual not feasible: -32.1944
dual not feasible: -32.8225
dual not feasible: -31.7119
dual not feasible: -32.133
dual not feasible: -31.337
dual not feasible: -29.8174
dual not feasible: -30.0091
dual not feasible: -29.706
dual not feasible: -31.3888
dual not feasible: -29.3776
dual not feasible: -31.6504
dual not feasible: -31.4049
dual not feasible: -29.431
dual not feasible: -28.4663
dual not feasible: -28.8491
dual not feasible: -30.7344
dual not feasible: -28.8229
dual not feasible: -31.2421
dual not feasible: -30.9842
dual not feasible: -28.575
dual not feasible: -32.1867
dual not feasible: -32.0208
dual not feasible: -30.4157
dual not feasible: -29.1428
dual not feasible: -29.1226
dual not feasible: -30.0133
dual not feasible: -31.2832
dual not feasible: -30.6675
dual not feasible: -30.5595
dual not feasible: -32.8901
dual not feasible: -31.0156
dual not feasible: -30.1156
dual not feasible: -29.0004
dual not feasible: -29.6495
dual not feasible: -29.6622
dual not feasible: -29.6798
dual not feasible: -29.8294
dual not feasible: -33.0556
dual not feasible: -31.6278
dual not feasible: -32.6961
dual not feasible: -29.6192
dual not feasible: -28.8915
dual not feasible: -29.5864
dual not feasible: -31.4761
dual not feasible: -29.024
dual not feasible: -30.3764
dual not feasible: -29.9275
dual not feasible: -30.4382
dual not feasible: -30.6778
dual not feasible: -29.7529
dual not feasible: -29.1561
dual not feasible: -28.8173
dual not feasible: -28.6121
dual not feasible: -29.0516
dual not feasible: -30.1185
dual not feasible: -31.1873
dual not feasible: -29.0507
dual not feasible: -30.7765
dual not feasible: -30.6784
dual not feasible: -29.7637
dual not feasible: -28.7512
dual not feasible: -29.0628
dual not feasible: -29.8819
dual not feasible: -30.4152
dual not feasible: -27.983
dual not feasible: -28.9668
dual not feasible: -29.648
dual not feasible: -33.0776
dual not feasible: -29.2204
dual not feasible: -28.498
dual not feasible: -30.3568
dual not feasible: -29.2627
dual not feasible: -30.2143
dual not feasible: -27.8749
dual not feasible: -31.3259
dual not feasible: -30.3951
dual not feasible: -29.4164
dual not feasible: -30.2639
dual not feasible: -29.9188
dual not feasible: -28.5108
dual not feasible: -30.0473
dual not feasible: -32.1074
dual not feasible: -28.5846
dual not feasible: -28.8491
dual not feasible: -29.1571
dual not feasible: -28.2853
dual not feasible: -28.0196
dual not feasible: -29.8244
dual not feasible: -28.5609
dual not feasible: -28.4936
dual not feasible: -28.7909
dual not feasible: -31.9203
dual not feasible: -31.073
dual not feasible: -33.2792
dual not feasible: -28.3515
dual not feasible: -28.3143
dual not feasible: -29.595
dual not feasible: -29.9061
dual not feasible: -29.2524
dual not feasible: -29.2132
dual not feasible: -28.219
dual not feasible: -31.4769
dual not feasible: -31.2632
dual not feasible: -27.332
dual not feasible: -28.8827
dual not feasible: -29.8126
dual not feasible: -29.9751
dual not feasible: -28.2094
dual not feasible: -31.6984
dual not feasible: -29.0273
dual not feasible: -27.4771
dual not feasible: -29.9387
dual not feasible: -30.336
dual not feasible: -30.0293
dual not feasible: -29.0226
dual not feasible: -27.9773
dual not feasible: -28.3328
dual not feasible: -29.4644
dual not feasible: -29.1137
dual not feasible: -29.4308
dual not feasible: -29.1076
dual not feasible: -28.4769
dual not feasible: -28.2362
dual not feasible: -30.1648
dual not feasible: -29.6106
dual not feasible: -27.1555
dual not feasible: -28.2827
dual not feasible: -30.2694
dual not feasible: -29.8897
dual not feasible: -30.2281
dual not feasible: -28.0522
dual not feasible: -27.6868
dual not feasible: -27.4851
dual not feasible: -27.4038
dual not feasible: -28.0319
dual not feasible: -28.6155
dual not feasible: -29.614
dual not feasible: -28.5329
dual not feasible: -30.9966
dual not feasible: -30.2185
dual not feasible: -28.5763
dual not feasible: -28.0823
dual not feasible: -27.2206
dual not feasible: -27.8272
dual not feasible: -29.0725
dual not feasible: -29.3172
dual not feasible: -29.0766
dual not feasible: -29.389
dual not feasible: -28.1846
dual not feasible: -28.8573
dual not feasible: -27.3284
dual not feasible: -28.61
dual not feasible: -28.4663
dual not feasible: -27.9333
dual not feasible: -28.4518
dual not feasible: -29.0016
dual not feasible: -28.8563
dual not feasible: -32.0412
dual not feasible: -29.765
dual not feasible: -29.0745
dual not feasible: -29.0319
dual not feasible: -28.6392
dual not feasible: -27.8968
dual not feasible: -28.0533
dual not feasible: -29.0427
dual not feasible: -27.1393
STATS - lpIterations[21] lagIterations[6738] sspIterations[6738] numSeparations[6617] numCuts[0] compileTime[0] sspSolveTime[171] lpSolveTime[0] lb[645.023] ub[771.79] size: [15813] time: [314]
dual not feasible: -27.7345
dual not feasible: -28.6844
dual not feasible: -29.9091
dual not feasible: -28.8499
dual not feasible: -28.7591
dual not feasible: -28.2075
dual not feasible: -26.7797
STATS - lpIterations[21] lagIterations[6745] sspIterations[6745] numSeparations[6624] numCuts[0] compileTime[0] sspSolveTime[172] lpSolveTime[0] lb[645.383] ub[771.79] size: [15821] time: [314]
dual not feasible: -29.6992
dual not feasible: -29.6995
dual not feasible: -29.6655
dual not feasible: -28.1866
dual not feasible: -29.5761
dual not feasible: -28.5964
dual not feasible: -28.6086
dual not feasible: -27.7167
dual not feasible: -29.5515
dual not feasible: -28.8112
dual not feasible: -29.8737
dual not feasible: -28.7603
dual not feasible: -29.8698
dual not feasible: -28.6352
dual not feasible: -29.2572
dual not feasible: -26.7731
STATS - lpIterations[21] lagIterations[6761] sspIterations[6761] numSeparations[6640] numCuts[0] compileTime[0] sspSolveTime[172] lpSolveTime[0] lb[645.421] ub[771.79] size: [15844] time: [315]
dual not feasible: -27.591
dual not feasible: -28.0787
dual not feasible: -30.4656
dual not feasible: -29.5513
dual not feasible: -29.4994
dual not feasible: -27.5469
dual not feasible: -27.5983
dual not feasible: -28.0353
dual not feasible: -28.4445
dual not feasible: -27.2714
dual not feasible: -29.4044
dual not feasible: -29.1433
dual not feasible: -28.4726
dual not feasible: -29.5712
dual not feasible: -29.9574
dual not feasible: -28.0463
dual not feasible: -28.1229
dual not feasible: -28.4875
dual not feasible: -28.1408
dual not feasible: -27.7762
dual not feasible: -29.4703
dual not feasible: -29.1384
dual not feasible: -29.135
dual not feasible: -29.0045
dual not feasible: -28.409
dual not feasible: -28.1476
dual not feasible: -27.5924
dual not feasible: -27.6853
dual not feasible: -28.3908
dual not feasible: -28.4655
dual not feasible: -28.4967
dual not feasible: -27.6109
dual not feasible: -28.5909
dual not feasible: -28.8467
dual not feasible: -29.0405
dual not feasible: -28.4616
dual not feasible: -29.9043
dual not feasible: -27.0115
STATS - lpIterations[22] lagIterations[6799] sspIterations[6799] numSeparations[6678] numCuts[0] compileTime[0] sspSolveTime[174] lpSolveTime[0] lb[645.421] ub[771.79] size: [15899] time: [318]
dual not feasible: -28.0232
dual not feasible: -42.2328
dual not feasible: -43.9635
dual not feasible: -45.25
dual not feasible: -48.0503
dual not feasible: -50.8737
dual not feasible: -48.8079
dual not feasible: -47.1231
dual not feasible: -54.3554
dual not feasible: -42.6242
dual not feasible: -42.7521
dual not feasible: -44.1595
dual not feasible: -45.8756
dual not feasible: -46.5583
dual not feasible: -47.9688
dual not feasible: -50.9351
dual not feasible: -44.0929
dual not feasible: -45.0281
dual not feasible: -45.4741
dual not feasible: -41.9095
dual not feasible: -44.2961
dual not feasible: -49.3493
dual not feasible: -42.6553
dual not feasible: -46.4397
dual not feasible: -47.6842
dual not feasible: -42.3734
dual not feasible: -39.8422
dual not feasible: -44.1213
dual not feasible: -43.3563
dual not feasible: -51.8244
dual not feasible: -49.5736
dual not feasible: -42.3978
dual not feasible: -45.6083
dual not feasible: -54.0265
dual not feasible: -36.3139
dual not feasible: -37.9272
dual not feasible: -35.953
dual not feasible: -42.8666
dual not feasible: -47.3941
dual not feasible: -47.5961
dual not feasible: -47.7584
dual not feasible: -53.2822
dual not feasible: -44.8284
dual not feasible: -47.3314
dual not feasible: -44.6896
dual not feasible: -36.5198
dual not feasible: -41.1201
dual not feasible: -42.2075
dual not feasible: -38.3715
dual not feasible: -42.5893
dual not feasible: -44.1714
dual not feasible: -42.4566
dual not feasible: -41.2022
dual not feasible: -51.0031
dual not feasible: -46.5698
dual not feasible: -40.7698
dual not feasible: -38.2574
dual not feasible: -42.0937
dual not feasible: -38.8768
dual not feasible: -42.9178
dual not feasible: -44.0664
dual not feasible: -38.7024
dual not feasible: -40.7735
dual not feasible: -40.7963
dual not feasible: -45.1756
dual not feasible: -38.4378
dual not feasible: -41.7794
dual not feasible: -43.6359
dual not feasible: -39.4358
dual not feasible: -37.2609
dual not feasible: -35.0532
dual not feasible: -41.8833
dual not feasible: -40.602
dual not feasible: -39.0659
dual not feasible: -38.9385
dual not feasible: -39.6388
dual not feasible: -38.6384
dual not feasible: -40.0613
dual not feasible: -38.0461
dual not feasible: -40.4908
dual not feasible: -39.4083
dual not feasible: -37.8237
dual not feasible: -42.8854
dual not feasible: -40.5717
dual not feasible: -42.5336
dual not feasible: -34.5043
dual not feasible: -34.0865
dual not feasible: -37.6922
dual not feasible: -44.3145
dual not feasible: -37.3921
dual not feasible: -40.9455
dual not feasible: -38.8293
dual not feasible: -43.1044
dual not feasible: -36.2921
dual not feasible: -33.4863
dual not feasible: -41.3727
dual not feasible: -36.5032
dual not feasible: -38.8963
dual not feasible: -38.8842
dual not feasible: -35.2394
dual not feasible: -38.1604
dual not feasible: -38.1332
STATS - lpIterations[23] lagIterations[6901] sspIterations[6901] numSeparations[6779] numCuts[0] compileTime[0] sspSolveTime[178] lpSolveTime[0] lb[645.421] ub[771.79] size: [16023] time: [326]
dual not feasible: -34.9027
dual not feasible: -45.9929
dual not feasible: -48.5351
dual not feasible: -51.2326
dual not feasible: -43.8148
dual not feasible: -47.4934
dual not feasible: -54.6793
dual not feasible: -56.0757
dual not feasible: -41.208
dual not feasible: -50.0745
dual not feasible: -55.593
dual not feasible: -51.9831
dual not feasible: -48.5943
dual not feasible: -42.0519
dual not feasible: -40.1984
dual not feasible: -46.3721
dual not feasible: -46.823
dual not feasible: -46.3308
dual not feasible: -47.1925
dual not feasible: -44.5806
dual not feasible: -45.8961
dual not feasible: -40.3582
dual not feasible: -49.8198
dual not feasible: -47.1872
dual not feasible: -42.4313
dual not feasible: -41.5893
dual not feasible: -45.0226
dual not feasible: -47.514
dual not feasible: -46.9611
dual not feasible: -43.4644
dual not feasible: -39.7233
dual not feasible: -40.7419
dual not feasible: -45.5099
dual not feasible: -36.2341
dual not feasible: -45.176
dual not feasible: -46.4115
dual not feasible: -48.5066
dual not feasible: -49.9559
dual not feasible: -47.8171
dual not feasible: -47.8248
dual not feasible: -45.045
dual not feasible: -42.3603
dual not feasible: -38.9637
dual not feasible: -38.6439
dual not feasible: -43.7322
dual not feasible: -48.3188
dual not feasible: -42.4373
dual not feasible: -52.608
dual not feasible: -44.8335
dual not feasible: -44.2669
dual not feasible: -41.4372
dual not feasible: -43.7698
dual not feasible: -39.1733
dual not feasible: -40.9842
dual not feasible: -40.0784
dual not feasible: -36.0451
dual not feasible: -40.322
dual not feasible: -39.492
dual not feasible: -37.5689
dual not feasible: -40.7999
dual not feasible: -40.0212
dual not feasible: -46.5705
dual not feasible: -39.6363
dual not feasible: -36.3999
dual not feasible: -39.0601
dual not feasible: -39.614
dual not feasible: -40.9982
dual not feasible: -39.5059
dual not feasible: -38.665
dual not feasible: -38.8391
dual not feasible: -39.4016
dual not feasible: -43.1331
dual not feasible: -42.4624
dual not feasible: -39.9649
dual not feasible: -37.6275
dual not feasible: -35.9679
dual not feasible: -36.4164
dual not feasible: -41.598
dual not feasible: -36.9658
dual not feasible: -33.269
dual not feasible: -38.8109
dual not feasible: -42.0405
dual not feasible: -41.242
dual not feasible: -36.868
dual not feasible: -36.7674
dual not feasible: -38.5086
dual not feasible: -41.2663
dual not feasible: -41.9965
dual not feasible: -36.3088
dual not feasible: -39.2531
dual not feasible: -36.6599
dual not feasible: -41.3412
dual not feasible: -38.7036
dual not feasible: -33.9838
dual not feasible: -36.7028
dual not feasible: -36.4261
dual not feasible: -38.5981
dual not feasible: -38.6292
dual not feasible: -37.7269
dual not feasible: -39.6187
dual not feasible: -37.3115
dual not feasible: -42.1501
dual not feasible: -32.7904
dual not feasible: -36.1243
dual not feasible: -36.8438
dual not feasible: -37.693
dual not feasible: -37.614
dual not feasible: -35.469
dual not feasible: -34.8501
dual not feasible: -36.4148
dual not feasible: -36.9919
dual not feasible: -34.7258
dual not feasible: -34.1269
dual not feasible: -39.0459
dual not feasible: -38.7816
dual not feasible: -33.8569
dual not feasible: -34.0275
dual not feasible: -34.1906
dual not feasible: -35.6248
dual not feasible: -36.8817
dual not feasible: -36.9883
dual not feasible: -35.1129
dual not feasible: -41.4673
dual not feasible: -34.185
dual not feasible: -31.8515
dual not feasible: -33.2717
dual not feasible: -33.8231
dual not feasible: -36.036
dual not feasible: -34.3813
dual not feasible: -37.1911
dual not feasible: -35.1762
dual not feasible: -39.6308
dual not feasible: -36.4616
dual not feasible: -35.6267
dual not feasible: -34.3402
dual not feasible: -38.8481
dual not feasible: -34.9184
dual not feasible: -34.4433
dual not feasible: -33.4969
dual not feasible: -37.8236
dual not feasible: -35.5751
dual not feasible: -32.3904
dual not feasible: -38.3525
dual not feasible: -33.5043
dual not feasible: -36.436
dual not feasible: -33.0249
dual not feasible: -33.1846
dual not feasible: -33.4706
dual not feasible: -35.979
dual not feasible: -32.0499
dual not feasible: -32.562
dual not feasible: -36.9829
dual not feasible: -36.3235
dual not feasible: -36.6554
dual not feasible: -39.391
dual not feasible: -33.304
dual not feasible: -34.5604
dual not feasible: -35.6748
dual not feasible: -32.6888
dual not feasible: -33.4011
dual not feasible: -34.4412
dual not feasible: -34.6177
dual not feasible: -34.3231
dual not feasible: -31.5495
dual not feasible: -32.5623
dual not feasible: -35.3951
dual not feasible: -35.1903
dual not feasible: -36.0545
dual not feasible: -32.5042
dual not feasible: -36.0847
dual not feasible: -39.2622
dual not feasible: -31.3724
dual not feasible: -31.7232
dual not feasible: -33.8758
dual not feasible: -35.5503
dual not feasible: -32.6836
dual not feasible: -36.7315
dual not feasible: -36.2302
dual not feasible: -32.8697
dual not feasible: -33.5076
dual not feasible: -34.6754
dual not feasible: -34.3976
dual not feasible: -34.2502
dual not feasible: -32.1261
dual not feasible: -33.6987
dual not feasible: -32.6254
dual not feasible: -31.742
dual not feasible: -33.4291
dual not feasible: -34.3899
dual not feasible: -34.8403
dual not feasible: -36.009
dual not feasible: -32.3457
dual not feasible: -31.6541
dual not feasible: -35.9838
dual not feasible: -32.1732
dual not feasible: -32.2245
dual not feasible: -33.1884
dual not feasible: -31.2394
dual not feasible: -32.3862
dual not feasible: -34.3059
dual not feasible: -30.8697
dual not feasible: -33.8843
dual not feasible: -33.5541
dual not feasible: -32.9851
dual not feasible: -34.8484
dual not feasible: -35.1624
dual not feasible: -32.4714
dual not feasible: -32.4294
dual not feasible: -30.8209
dual not feasible: -32.6429
dual not feasible: -35.9523
dual not feasible: -34.6599
dual not feasible: -34.296
dual not feasible: -32.6477
dual not feasible: -32.1862
dual not feasible: -34.2374
dual not feasible: -29.7637
dual not feasible: -30.6768
dual not feasible: -30.7783
dual not feasible: -31.4937
dual not feasible: -35.7292
dual not feasible: -36.0874
dual not feasible: -31.7742
dual not feasible: -31.9294
dual not feasible: -30.9893
dual not feasible: -35.1612
dual not feasible: -35.9281
dual not feasible: -33.5183
dual not feasible: -31.5734
dual not feasible: -32.1979
dual not feasible: -32.4872
dual not feasible: -31.673
dual not feasible: -32.7711
dual not feasible: -33.4592
dual not feasible: -31.4425
dual not feasible: -32.0998
dual not feasible: -30.3793
dual not feasible: -34.8124
dual not feasible: -34.4838
dual not feasible: -32.4192
dual not feasible: -33.9231
dual not feasible: -31.3517
dual not feasible: -30.9976
dual not feasible: -32.6162
dual not feasible: -33.5302
dual not feasible: -30.1473
dual not feasible: -31.5378
dual not feasible: -34.6581
dual not feasible: -32.0056
dual not feasible: -33.9379
dual not feasible: -31.5962
dual not feasible: -29.6805
dual not feasible: -31.7559
dual not feasible: -30.9376
dual not feasible: -30.1866
dual not feasible: -33.6918
dual not feasible: -32.9603
dual not feasible: -34.2676
dual not feasible: -32.6211
dual not feasible: -31.4688
dual not feasible: -30.8314
dual not feasible: -30.9023
dual not feasible: -33.5526
dual not feasible: -32.4314
dual not feasible: -32.8012
dual not feasible: -30.9607
dual not feasible: -31.7419
dual not feasible: -30.4083
dual not feasible: -29.5073
dual not feasible: -31.4948
dual not feasible: -32.5461
dual not feasible: -32.4765
dual not feasible: -32.1468
dual not feasible: -30.7881
dual not feasible: -34.0509
dual not feasible: -32.0779
dual not feasible: -32.1094
dual not feasible: -32.5785
dual not feasible: -30.7556
dual not feasible: -32.6342
dual not feasible: -32.4264
dual not feasible: -31.99
dual not feasible: -30.4688
dual not feasible: -30.9552
dual not feasible: -32.0286
dual not feasible: -32.0697
dual not feasible: -32.2735
dual not feasible: -29.8749
dual not feasible: -31.187
dual not feasible: -30.707
dual not feasible: -32.0433
dual not feasible: -29.8973
dual not feasible: -30.5237
dual not feasible: -31.2044
dual not feasible: -32.3039
dual not feasible: -32.5773
dual not feasible: -32.6767
dual not feasible: -32.3551
dual not feasible: -29.5639
dual not feasible: -31.4528
dual not feasible: -30.6038
dual not feasible: -29.0242
dual not feasible: -30.2197
dual not feasible: -31.2812
dual not feasible: -31.9728
dual not feasible: -31.7351
dual not feasible: -31.1607
dual not feasible: -30.4947
dual not feasible: -29.8074
dual not feasible: -32.0404
dual not feasible: -31.2108
dual not feasible: -31.422
dual not feasible: -29.9345
dual not feasible: -32.2686
dual not feasible: -31.3029
dual not feasible: -30.5934
dual not feasible: -30.604
dual not feasible: -30.1725
dual not feasible: -31.2454
dual not feasible: -33.0535
dual not feasible: -29.4841
dual not feasible: -32.0355
dual not feasible: -31.4961
dual not feasible: -30.4663
dual not feasible: -30.2263
dual not feasible: -31.2885
dual not feasible: -30.447
dual not feasible: -30.7961
dual not feasible: -30.7626
dual not feasible: -29.4454
dual not feasible: -30.2431
dual not feasible: -30.0598
dual not feasible: -30.2302
dual not feasible: -30.8214
dual not feasible: -31.3459
dual not feasible: -29.3732
dual not feasible: -30.366
dual not feasible: -29.7876
dual not feasible: -28.4334
dual not feasible: -30.1033
dual not feasible: -30.5292
dual not feasible: -31.4405
dual not feasible: -30.5256
dual not feasible: -29.8781
dual not feasible: -30.3003
dual not feasible: -30.5263
dual not feasible: -28.7691
dual not feasible: -29.5815
dual not feasible: -30.1738
dual not feasible: -31.0989
dual not feasible: -29.4657
dual not feasible: -31.9717
dual not feasible: -29.8814
dual not feasible: -28.7484
dual not feasible: -29.7462
dual not feasible: -30.5527
dual not feasible: -30.429
dual not feasible: -29.6424
dual not feasible: -29.521
dual not feasible: -32.0968
dual not feasible: -30.8366
dual not feasible: -30.2414
dual not feasible: -31.3003
dual not feasible: -29.7401
dual not feasible: -29.9372
dual not feasible: -30.181
dual not feasible: -28.9344
dual not feasible: -29.0353
dual not feasible: -30.2577
dual not feasible: -30.2731
dual not feasible: -29.9189
dual not feasible: -29.4438
dual not feasible: -28.9661
dual not feasible: -29.1261
dual not feasible: -30.5229
dual not feasible: -29.788
dual not feasible: -31.6655
dual not feasible: -30.0137
dual not feasible: -29.927
dual not feasible: -31.106
dual not feasible: -30.726
dual not feasible: -29.2832
dual not feasible: -29.7625
dual not feasible: -30.4902
dual not feasible: -29.9234
dual not feasible: -29.2054
dual not feasible: -29.6799
dual not feasible: -28.9763
dual not feasible: -31.1174
dual not feasible: -30.4032
dual not feasible: -29.6579
dual not feasible: -29.3514
dual not feasible: -29.1137
dual not feasible: -29.6261
dual not feasible: -30.273
dual not feasible: -29.257
dual not feasible: -29.6064
dual not feasible: -30.3812
dual not feasible: -29.201
dual not feasible: -28.7091
dual not feasible: -29.9308
dual not feasible: -28.8567
dual not feasible: -29.1897
STATS - lpIterations[24] lagIterations[7304] sspIterations[7304] numSeparations[7181] numCuts[0] compileTime[0] sspSolveTime[196] lpSolveTime[0] lb[645.421] ub[771.79] size: [16527] time: [357]
dual not feasible: -29.2026
dual not feasible: -32.4217
dual not feasible: -44.4124
dual not feasible: -47.7925
dual not feasible: -50.3773
dual not feasible: -55.8129
dual not feasible: -51.2491
dual not feasible: -49.2298
dual not feasible: -57.6711
dual not feasible: -55.642
dual not feasible: -45.02
dual not feasible: -46.634
dual not feasible: -45.2712
dual not feasible: -47.1639
dual not feasible: -44.3053
dual not feasible: -40.0685
dual not feasible: -40.5936
dual not feasible: -44.25
dual not feasible: -52.7304
dual not feasible: -49.5861
dual not feasible: -53.1979
dual not feasible: -53.2357
dual not feasible: -44.1853
dual not feasible: -43.6877
dual not feasible: -43.8694
dual not feasible: -47.1732
dual not feasible: -37.4785
dual not feasible: -46.3623
dual not feasible: -49.6032
dual not feasible: -50.6341
dual not feasible: -44.0749
dual not feasible: -42.887
dual not feasible: -43.3852
dual not feasible: -42.7724
dual not feasible: -47.6979
dual not feasible: -45.6679
dual not feasible: -42.6813
dual not feasible: -46.2783
dual not feasible: -47.8193
dual not feasible: -50.3111
dual not feasible: -41.5835
dual not feasible: -36.6182
dual not feasible: -37.3081
dual not feasible: -42.7355
dual not feasible: -44.5174
dual not feasible: -45.9605
dual not feasible: -44.3656
dual not feasible: -45.57
dual not feasible: -53.2336
dual not feasible: -46.9763
dual not feasible: -37.7663
dual not feasible: -39.8795
dual not feasible: -38.8765
dual not feasible: -39.3637
dual not feasible: -43.2528
dual not feasible: -36.4541
dual not feasible: -40.8716
dual not feasible: -45.1906
dual not feasible: -45.0657
dual not feasible: -43.7153
dual not feasible: -41.7283
dual not feasible: -42.8027
dual not feasible: -39.1245
dual not feasible: -40.207
dual not feasible: -35.9587
dual not feasible: -38.4175
dual not feasible: -45.8193
dual not feasible: -44.1924
dual not feasible: -40.6885
dual not feasible: -44.1267
dual not feasible: -39.4118
dual not feasible: -37.3368
dual not feasible: -41.3238
dual not feasible: -38.6543
dual not feasible: -33.1111
dual not feasible: -36.5533
dual not feasible: -37.5068
dual not feasible: -43.3306
dual not feasible: -41.5474
dual not feasible: -39.0906
dual not feasible: -41.8048
dual not feasible: -38.3194
dual not feasible: -40.9294
dual not feasible: -40.6275
dual not feasible: -36.4432
dual not feasible: -40.0267
dual not feasible: -39.5186
dual not feasible: -41.4289
dual not feasible: -35.7668
dual not feasible: -37.8534
dual not feasible: -36.2097
dual not feasible: -42.2301
dual not feasible: -38.3475
dual not feasible: -35.6543
dual not feasible: -41.7294
dual not feasible: -41.2651
dual not feasible: -41.0576
dual not feasible: -36.5665
dual not feasible: -35.7353
dual not feasible: -34.9444
dual not feasible: -35.0041
dual not feasible: -35.8991
STATS - lpIterations[25] lagIterations[7406] sspIterations[7406] numSeparations[7282] numCuts[0] compileTime[0] sspSolveTime[200] lpSolveTime[0] lb[645.421] ub[771.79] size: [16667] time: [365]
dual not feasible: -37.8448
dual not feasible: -46.2434
dual not feasible: -43.3952
dual not feasible: -49.5481
dual not feasible: -46.9897
dual not feasible: -48.6812
dual not feasible: -50.8015
dual not feasible: -51.4722
dual not feasible: -42.7404
dual not feasible: -43.4088
dual not feasible: -56.2997
dual not feasible: -47.2944
dual not feasible: -55.2301
dual not feasible: -49.1405
dual not feasible: -53.6653
dual not feasible: -52.587
dual not feasible: -57.9349
dual not feasible: -45.5301
dual not feasible: -43.8064
dual not feasible: -49.0347
dual not feasible: -45.8897
dual not feasible: -42.5194
dual not feasible: -45.7332
dual not feasible: -47.4363
dual not feasible: -50.0084
dual not feasible: -48.9359
dual not feasible: -43.0498
dual not feasible: -41.123
dual not feasible: -47.8075
dual not feasible: -50.5311
dual not feasible: -48.4905
dual not feasible: -46.4367
dual not feasible: -43.7226
dual not feasible: -47.0511
dual not feasible: -41.001
dual not feasible: -39.1451
dual not feasible: -42.6263
dual not feasible: -47.174
dual not feasible: -46.9459
dual not feasible: -49.6204
dual not feasible: -45.0254
dual not feasible: -43.6763
dual not feasible: -44.5134
dual not feasible: -39.5861
dual not feasible: -41.7915
dual not feasible: -41.8826
dual not feasible: -48.6221
dual not feasible: -46.2982
dual not feasible: -45.3699
dual not feasible: -42.2817
dual not feasible: -41.5069
dual not feasible: -47.1866
dual not feasible: -40.5008
dual not feasible: -41.7914
dual not feasible: -36.3082
dual not feasible: -44.3433
dual not feasible: -45.2539
dual not feasible: -40.0522
dual not feasible: -41.2374
dual not feasible: -42.991
dual not feasible: -43.7293
dual not feasible: -44.2567
dual not feasible: -43.1545
dual not feasible: -40.0978
dual not feasible: -45.3091
dual not feasible: -42.1075
dual not feasible: -42.8132
dual not feasible: -37.1206
dual not feasible: -40.8748
dual not feasible: -39.8526
dual not feasible: -42.9356
dual not feasible: -37.8418
dual not feasible: -41.6327
dual not feasible: -46.3659
dual not feasible: -46.4492
dual not feasible: -44.1081
dual not feasible: -39.6115
dual not feasible: -42.6698
dual not feasible: -34.8284
dual not feasible: -35.7724
dual not feasible: -35.9715
dual not feasible: -37.2131
dual not feasible: -39.1185
dual not feasible: -44.042
dual not feasible: -41.7857
dual not feasible: -40.2546
dual not feasible: -46.4018
dual not feasible: -40.3325
dual not feasible: -39.1978
dual not feasible: -39.4517
dual not feasible: -37.3435
dual not feasible: -45.7765
dual not feasible: -37.9002
dual not feasible: -34.5253
dual not feasible: -37.5408
dual not feasible: -39.8072
dual not feasible: -42.297
dual not feasible: -36.7255
dual not feasible: -36.1916
dual not feasible: -41.0982
dual not feasible: -40.3459
dual not feasible: -38.0335
dual not feasible: -37.2587
dual not feasible: -36.8226
dual not feasible: -36.2776
dual not feasible: -38.9827
dual not feasible: -36.9416
dual not feasible: -35.4657
dual not feasible: -41.8588
dual not feasible: -37.2666
dual not feasible: -39.7187
dual not feasible: -38.7587
dual not feasible: -35.6555
dual not feasible: -42.0595
dual not feasible: -39.3373
dual not feasible: -37.3681
dual not feasible: -36.816
dual not feasible: -39.5062
dual not feasible: -40.2311
dual not feasible: -35.9497
dual not feasible: -37.8514
dual not feasible: -35.2022
dual not feasible: -38.0931
dual not feasible: -36.544
dual not feasible: -34.9909
dual not feasible: -37.1039
dual not feasible: -36.3263
dual not feasible: -37.628
dual not feasible: -39.8929
dual not feasible: -35.7801
dual not feasible: -36.5425
dual not feasible: -37.6388
dual not feasible: -38.6392
dual not feasible: -40.7355
dual not feasible: -35.3092
dual not feasible: -33.3843
dual not feasible: -36.5558
dual not feasible: -37.7917
dual not feasible: -36.6313
dual not feasible: -40.5167
dual not feasible: -35.3404
dual not feasible: -36.5083
dual not feasible: -40.3339
dual not feasible: -34.4954
dual not feasible: -33.9998
dual not feasible: -32.3775
dual not feasible: -39.1168
dual not feasible: -35.8045
dual not feasible: -37.3549
dual not feasible: -37.2566
dual not feasible: -35.2336
dual not feasible: -36.6819
dual not feasible: -32.6068
dual not feasible: -38.4729
dual not feasible: -37.4666
dual not feasible: -39.0136
dual not feasible: -39.0938
dual not feasible: -35.7645
dual not feasible: -33.7203
dual not feasible: -33.6968
dual not feasible: -34.7728
dual not feasible: -35.2516
dual not feasible: -34.4397
dual not feasible: -35.0074
dual not feasible: -35.3931
dual not feasible: -37.238
dual not feasible: -35.1273
dual not feasible: -35.2156
dual not feasible: -35.689
dual not feasible: -33.2011
dual not feasible: -36.3257
dual not feasible: -36.8055
dual not feasible: -35.7349
dual not feasible: -36.7517
dual not feasible: -36.0655
dual not feasible: -32.9165
dual not feasible: -34.5449
dual not feasible: -34.8516
dual not feasible: -34.3499
dual not feasible: -34.1944
dual not feasible: -32.575
dual not feasible: -33.2584
dual not feasible: -34.2681
dual not feasible: -37.2997
dual not feasible: -35.9806
dual not feasible: -32.8548
dual not feasible: -32.5552
dual not feasible: -32.7139
dual not feasible: -34.7322
dual not feasible: -34.5976
dual not feasible: -34.4179
dual not feasible: -34.5148
dual not feasible: -35.2506
dual not feasible: -33.9965
dual not feasible: -35.1881
dual not feasible: -37.2254
dual not feasible: -31.6211
dual not feasible: -33.8675
dual not feasible: -34.1772
dual not feasible: -33.2498
dual not feasible: -36.9605
dual not feasible: -35.6899
dual not feasible: -35.5365
dual not feasible: -34.0101
dual not feasible: -33.1675
dual not feasible: -32.9626
dual not feasible: -35.111
dual not feasible: -32.6162
dual not feasible: -34.3521
dual not feasible: -33.6202
dual not feasible: -33.9154
dual not feasible: -32.5525
dual not feasible: -35.3461
dual not feasible: -33.7766
dual not feasible: -35.0174
dual not feasible: -33.1998
dual not feasible: -30.476
dual not feasible: -33.2193
dual not feasible: -31.7155
dual not feasible: -32.2606
dual not feasible: -32.3159
dual not feasible: -31.4451
dual not feasible: -34.2422
dual not feasible: -32.3726
dual not feasible: -32.5087
dual not feasible: -33.5491
dual not feasible: -35.955
dual not feasible: -34.222
dual not feasible: -34.9498
dual not feasible: -36.4032
dual not feasible: -32.0204
dual not feasible: -31.9529
dual not feasible: -32.5426
dual not feasible: -34.0022
dual not feasible: -33.3172
dual not feasible: -33.1499
dual not feasible: -33.005
dual not feasible: -35.2251
dual not feasible: -35.8869
dual not feasible: -32.6444
dual not feasible: -30.7883
dual not feasible: -31.7344
dual not feasible: -31.311
dual not feasible: -32.2301
dual not feasible: -32.626
dual not feasible: -33.7973
dual not feasible: -35.6805
dual not feasible: -33.1863
dual not feasible: -32.4593
dual not feasible: -32.6306
dual not feasible: -31.0387
dual not feasible: -33.614
dual not feasible: -31.7451
dual not feasible: -31.3326
dual not feasible: -31.7949
dual not feasible: -37.2622
dual not feasible: -33.6005
dual not feasible: -33.4801
dual not feasible: -35.7143
dual not feasible: -32.3645
dual not feasible: -31.0994
dual not feasible: -34.0443
dual not feasible: -31.5244
dual not feasible: -32.0593
dual not feasible: -31.2592
dual not feasible: -33.4357
dual not feasible: -32.941
dual not feasible: -33.9344
dual not feasible: -33.5157
dual not feasible: -31.6757
dual not feasible: -33.4162
dual not feasible: -32.3655
dual not feasible: -33.3696
dual not feasible: -31.1073
dual not feasible: -34.4433
dual not feasible: -34.4013
dual not feasible: -30.7892
dual not feasible: -32.1256
dual not feasible: -32.3953
dual not feasible: -31.2987
dual not feasible: -33.8197
dual not feasible: -30.8894
dual not feasible: -31.5182
dual not feasible: -33.1999
dual not feasible: -33.1275
dual not feasible: -32.9694
dual not feasible: -32.7364
dual not feasible: -32.1687
dual not feasible: -31.0183
dual not feasible: -31.9269
dual not feasible: -30.3431
dual not feasible: -31.1001
dual not feasible: -33.1973
dual not feasible: -32.0361
dual not feasible: -35.1129
dual not feasible: -31.6223
dual not feasible: -30.2269
dual not feasible: -32.1469
dual not feasible: -32.9967
dual not feasible: -30.6086
dual not feasible: -31.6005
dual not feasible: -32.416
dual not feasible: -32.3556
dual not feasible: -33.8923
dual not feasible: -32.4275
dual not feasible: -31.488
dual not feasible: -31.5389
dual not feasible: -32.9094
dual not feasible: -31.0664
dual not feasible: -31.6179
dual not feasible: -34.3841
dual not feasible: -31.0865
dual not feasible: -31.5541
dual not feasible: -31.2742
dual not feasible: -31.9935
dual not feasible: -33.1184
dual not feasible: -32.237
dual not feasible: -30.923
STATS - lpIterations[26] lagIterations[7724] sspIterations[7724] numSeparations[7599] numCuts[0] compileTime[0] sspSolveTime[214] lpSolveTime[0] lb[645.421] ub[771.79] size: [17066] time: [391]
dual not feasible: -32.6105
dual not feasible: -33.9086
dual not feasible: -36.9166
dual not feasible: -38.892
dual not feasible: -48.657
dual not feasible: -51.5319
dual not feasible: -54.7774
dual not feasible: -50.3646
dual not feasible: -59.289
dual not feasible: -45.3801
dual not feasible: -49.6482
dual not feasible: -43.5629
dual not feasible: -48.4346
dual not feasible: -50.9405
dual not feasible: -49.576
dual not feasible: -46.6207
dual not feasible: -47.8683
dual not feasible: -56.0004
dual not feasible: -50.9863
dual not feasible: -51.978
dual not feasible: -47.1923
dual not feasible: -45.1278
dual not feasible: -43.4144
dual not feasible: -46.0158
dual not feasible: -48.9069
dual not feasible: -48.8237
dual not feasible: -45.5891
dual not feasible: -48.0507
dual not feasible: -43.185
dual not feasible: -43.0845
dual not feasible: -49.4642
dual not feasible: -50.3101
dual not feasible: -41.7616
dual not feasible: -48.2634
dual not feasible: -53.4585
dual not feasible: -44.7981
dual not feasible: -43.4474
dual not feasible: -43.0492
dual not feasible: -44.249
dual not feasible: -46.2857
dual not feasible: -43.9898
dual not feasible: -46
dual not feasible: -46.0443
dual not feasible: -50.8222
dual not feasible: -43.5023
dual not feasible: -38.6865
dual not feasible: -43.3066
dual not feasible: -47.9573
dual not feasible: -45.5076
dual not feasible: -43.3294
dual not feasible: -43.7308
dual not feasible: -46.5559
dual not feasible: -48.5394
dual not feasible: -37.6892
dual not feasible: -40.6554
dual not feasible: -38.6865
dual not feasible: -39.3802
dual not feasible: -40.5477
dual not feasible: -40.8025
dual not feasible: -38.1759
dual not feasible: -46.6451
dual not feasible: -39.415
dual not feasible: -43.2072
dual not feasible: -42.4026
dual not feasible: -40.6652
dual not feasible: -42.5529
dual not feasible: -37.8676
dual not feasible: -41.3125
dual not feasible: -40.9889
dual not feasible: -45.7361
dual not feasible: -49.8903
dual not feasible: -43.9311
dual not feasible: -45.1476
dual not feasible: -38.7401
dual not feasible: -43.1799
dual not feasible: -41.9074
dual not feasible: -36.7398
dual not feasible: -38.7388
dual not feasible: -39.6647
dual not feasible: -38.1178
dual not feasible: -42.15
dual not feasible: -41.0453
dual not feasible: -37.334
dual not feasible: -46.1821
dual not feasible: -40.4077
dual not feasible: -41.7936
dual not feasible: -38.2552
dual not feasible: -38.9915
dual not feasible: -42.1181
dual not feasible: -48.1131
dual not feasible: -39.2431
dual not feasible: -39.103
dual not feasible: -38.8415
dual not feasible: -40.6597
dual not feasible: -43.013
dual not feasible: -43.5691
dual not feasible: -35.8704
dual not feasible: -39.1687
dual not feasible: -38.6939
dual not feasible: -38.6022
dual not feasible: -39.5062
dual not feasible: -38.7581
STATS - lpIterations[27] lagIterations[7826] sspIterations[7826] numSeparations[7700] numCuts[0] compileTime[0] sspSolveTime[219] lpSolveTime[0] lb[645.421] ub[771.79] size: [17197] time: [399]
dual not feasible: -39.4052
dual not feasible: -35.4421
dual not feasible: -39.2359
dual not feasible: -53.3414
dual not feasible: -56.6799
dual not feasible: -52.6933
dual not feasible: -53.1792
dual not feasible: -50.0781
dual not feasible: -51.4077
dual not feasible: -54.4725
dual not feasible: -53.8699
dual not feasible: -43.7699
dual not feasible: -42.2274
dual not feasible: -44.756
dual not feasible: -43.8384
dual not feasible: -43.4251
dual not feasible: -44.2715
dual not feasible: -47.5443
dual not feasible: -41.9066
dual not feasible: -50.2701
dual not feasible: -46.2755
dual not feasible: -49.7531
dual not feasible: -57.3383
dual not feasible: -49.3704
dual not feasible: -50.5327
dual not feasible: -48.2553
dual not feasible: -53.2472
dual not feasible: -42.1257
dual not feasible: -39.9854
dual not feasible: -44.3532
dual not feasible: -40.2668
dual not feasible: -40.3607
dual not feasible: -45.5215
dual not feasible: -46.0975
dual not feasible: -43.7535
dual not feasible: -43.8624
dual not feasible: -43.599
dual not feasible: -54.6892
dual not feasible: -47.0596
dual not feasible: -46.1062
dual not feasible: -49.1528
dual not feasible: -43.2647
dual not feasible: -46.9406
dual not feasible: -46.0594
dual not feasible: -41.8082
dual not feasible: -40.0955
dual not feasible: -41.1605
dual not feasible: -41.6203
dual not feasible: -41.8635
dual not feasible: -41.8495
dual not feasible: -40.2931
dual not feasible: -39.9328
dual not feasible: -45.3788
dual not feasible: -46.598
dual not feasible: -40.8124
dual not feasible: -43.9305
dual not feasible: -43.3865
dual not feasible: -45.644
dual not feasible: -44.0695
dual not feasible: -40.1648
dual not feasible: -43.0091
dual not feasible: -44.1872
dual not feasible: -44.8699
dual not feasible: -42.0716
dual not feasible: -41.2476
dual not feasible: -46.4415
dual not feasible: -41.7422
dual not feasible: -40.5379
dual not feasible: -41.1068
dual not feasible: -39.4539
dual not feasible: -41.6093
dual not feasible: -43.6325
dual not feasible: -40.8504
dual not feasible: -40.6828
dual not feasible: -40.397
dual not feasible: -43.0219
dual not feasible: -39.9207
dual not feasible: -36.7544
dual not feasible: -39.7462
dual not feasible: -40.9861
dual not feasible: -44.4331
dual not feasible: -41.5479
dual not feasible: -37.8184
dual not feasible: -40.7069
dual not feasible: -36.5104
dual not feasible: -37.2243
dual not feasible: -39.0034
dual not feasible: -41.6963
dual not feasible: -38.5504
dual not feasible: -44.4826
dual not feasible: -39.6233
dual not feasible: -43.8493
dual not feasible: -44.54
dual not feasible: -39.5022
dual not feasible: -40.7837
dual not feasible: -43.1784
dual not feasible: -36.6982
dual not feasible: -35.6078
dual not feasible: -34.5865
dual not feasible: -38.7164
dual not feasible: -44.5582
dual not feasible: -38.3769
dual not feasible: -41.4645
dual not feasible: -37.0211
dual not feasible: -40.4602
dual not feasible: -38.1797
dual not feasible: -35.5602
dual not feasible: -35.6245
dual not feasible: -38.4609
dual not feasible: -41.1527
dual not feasible: -43.58
dual not feasible: -41.888
dual not feasible: -37.4262
dual not feasible: -39.826
dual not feasible: -35.3836
dual not feasible: -35.1266
dual not feasible: -35.078
dual not feasible: -41.3329
dual not feasible: -40.3021
dual not feasible: -36.648
dual not feasible: -39.5024
dual not feasible: -39.4944
dual not feasible: -42.0667
dual not feasible: -37.8531
dual not feasible: -39.2025
dual not feasible: -36.9875
dual not feasible: -42.2522
dual not feasible: -35.8723
dual not feasible: -36.7276
dual not feasible: -36.7089
dual not feasible: -36.4844
dual not feasible: -34.9316
dual not feasible: -38.9629
dual not feasible: -33.8003
dual not feasible: -41.0192
dual not feasible: -43.5905
dual not feasible: -36.0686
dual not feasible: -35.1091
dual not feasible: -38.8397
dual not feasible: -36.1091
dual not feasible: -32.9411
dual not feasible: -38.1527
dual not feasible: -37.7266
dual not feasible: -36.18
dual not feasible: -36.1747
dual not feasible: -36.6461
dual not feasible: -35.813
dual not feasible: -36.2495
dual not feasible: -38.6021
dual not feasible: -35.2073
dual not feasible: -36.1609
dual not feasible: -36.218
dual not feasible: -37.8376
dual not feasible: -36.2581
dual not feasible: -36.2573
dual not feasible: -34.885
dual not feasible: -35.4238
dual not feasible: -39.5821
dual not feasible: -39.2421
dual not feasible: -37.4392
dual not feasible: -34.123
dual not feasible: -39.212
dual not feasible: -34.9506
dual not feasible: -33.4768
dual not feasible: -35.9109
dual not feasible: -39.301
dual not feasible: -37.4226
dual not feasible: -38.2898
dual not feasible: -36.7398
dual not feasible: -36.2896
dual not feasible: -35.2501
dual not feasible: -34.035
dual not feasible: -33.3367
dual not feasible: -34.2433
dual not feasible: -33.9153
dual not feasible: -39.8943
dual not feasible: -37.9836
dual not feasible: -35.2742
dual not feasible: -36.0612
dual not feasible: -34.9846
dual not feasible: -34.4465
dual not feasible: -37.7696
dual not feasible: -36.244
dual not feasible: -32.8445
dual not feasible: -35.6673
dual not feasible: -36.0516
dual not feasible: -34.444
dual not feasible: -34.8096
dual not feasible: -37.2135
dual not feasible: -35.8362
dual not feasible: -36.9641
dual not feasible: -34.2367
dual not feasible: -34.7745
dual not feasible: -36.1249
dual not feasible: -36.8487
dual not feasible: -34.06
dual not feasible: -32.5537
dual not feasible: -35.274
dual not feasible: -34.9296
dual not feasible: -38.0871
dual not feasible: -33.2708
dual not feasible: -35.8864
dual not feasible: -34.2119
dual not feasible: -37.9282
dual not feasible: -33.2283
dual not feasible: -32.5791
dual not feasible: -33.9475
dual not feasible: -35.5064
dual not feasible: -35.1918
dual not feasible: -33.097
dual not feasible: -33.433
dual not feasible: -32.7755
dual not feasible: -35.1853
dual not feasible: -35.3543
dual not feasible: -34.4234
dual not feasible: -34.3476
dual not feasible: -32.0233
dual not feasible: -35.9184
dual not feasible: -34.526
dual not feasible: -33.8626
dual not feasible: -34.018
dual not feasible: -35.7685
dual not feasible: -35.7775
dual not feasible: -35.4358
dual not feasible: -33.2504
dual not feasible: -32.3822
dual not feasible: -35.4488
dual not feasible: -36.9148
dual not feasible: -31.7595
dual not feasible: -33.8852
dual not feasible: -33.972
dual not feasible: -34.9647
dual not feasible: -36.2486
dual not feasible: -35.4632
dual not feasible: -34.2584
dual not feasible: -35.572
dual not feasible: -32.6186
dual not feasible: -33.9301
dual not feasible: -34.3597
dual not feasible: -35.6015
dual not feasible: -30.5011
dual not feasible: -34.268
dual not feasible: -35.0613
dual not feasible: -33.7457
dual not feasible: -35.2301
dual not feasible: -35.2317
dual not feasible: -35.6562
dual not feasible: -31.4333
dual not feasible: -34.6627
dual not feasible: -33.3351
dual not feasible: -32.2505
dual not feasible: -32.7213
dual not feasible: -34.2534
dual not feasible: -34.5387
dual not feasible: -33.0807
dual not feasible: -33.2887
dual not feasible: -32.8096
dual not feasible: -33.2868
dual not feasible: -35.0806
dual not feasible: -34.1545
dual not feasible: -32.0062
dual not feasible: -32.9758
dual not feasible: -34.4794
dual not feasible: -33.2336
dual not feasible: -33.4638
dual not feasible: -34.0794
dual not feasible: -31.9845
dual not feasible: -35.7019
dual not feasible: -33.5578
dual not feasible: -32.4696
dual not feasible: -30.3183
dual not feasible: -31.6602
dual not feasible: -32.1691
dual not feasible: -33.6166
dual not feasible: -32.6823
dual not feasible: -32.9916
dual not feasible: -34.1755
dual not feasible: -35.0309
dual not feasible: -33.9154
dual not feasible: -33.0575
dual not feasible: -32.5877
dual not feasible: -31.6469
dual not feasible: -32.4052
dual not feasible: -33.9776
dual not feasible: -32.6575
dual not feasible: -33.1045
dual not feasible: -32.9327
dual not feasible: -32.05
dual not feasible: -32.7778
dual not feasible: -33.3342
dual not feasible: -32.0728
dual not feasible: -33.6256
dual not feasible: -30.4238
dual not feasible: -34.3156
dual not feasible: -32.8256
dual not feasible: -31.9566
dual not feasible: -33.3015
dual not feasible: -32.3797
dual not feasible: -32.3939
dual not feasible: -33.0161
dual not feasible: -32.109
dual not feasible: -31.6195
dual not feasible: -32.3563
dual not feasible: -32.9168
dual not feasible: -32.6087
dual not feasible: -34.9373
dual not feasible: -34.3566
dual not feasible: -31.4641
dual not feasible: -31.2551
dual not feasible: -32.2659
dual not feasible: -32.5967
dual not feasible: -33.6697
dual not feasible: -30.6583
dual not feasible: -33.1361
dual not feasible: -32.6663
dual not feasible: -32.5875
dual not feasible: -33.5976
dual not feasible: -34.3502
dual not feasible: -32.2112
dual not feasible: -32.2693
dual not feasible: -31.7286
dual not feasible: -29.831
dual not feasible: -31.545
dual not feasible: -31.7425
dual not feasible: -34.4491
dual not feasible: -33.8259
dual not feasible: -33.022
dual not feasible: -31.3965
dual not feasible: -32.21
dual not feasible: -32.2911
dual not feasible: -33.3111
dual not feasible: -30.7059
dual not feasible: -31.8429
dual not feasible: -33.4275
dual not feasible: -31.7785
dual not feasible: -30.5436
dual not feasible: -31.7029
dual not feasible: -32.0977
dual not feasible: -32.7118
dual not feasible: -32.8129
dual not feasible: -31.5513
dual not feasible: -31.6169
dual not feasible: -32.0226
dual not feasible: -32.7137
dual not feasible: -33.3712
dual not feasible: -32.4323
dual not feasible: -31.4153
dual not feasible: -31.8757
dual not feasible: -32.0288
dual not feasible: -33.041
dual not feasible: -32.6833
dual not feasible: -31.6512
dual not feasible: -33.9696
dual not feasible: -32.9381
dual not feasible: -31.7451
dual not feasible: -30.8048
dual not feasible: -30.6997
dual not feasible: -32.0102
dual not feasible: -32.6188
dual not feasible: -31.6676
dual not feasible: -31.4549
dual not feasible: -31.5162
dual not feasible: -30.6411
dual not feasible: -31.7241
dual not feasible: -32.4888
dual not feasible: -32.4039
dual not feasible: -32.4901
dual not feasible: -31.4556
dual not feasible: -33.7827
dual not feasible: -30.6177
dual not feasible: -31.1566
dual not feasible: -32.0611
dual not feasible: -32.5384
dual not feasible: -31.1205
dual not feasible: -34.8934
dual not feasible: -32.5156
dual not feasible: -31.1429
dual not feasible: -31.1621
dual not feasible: -31.5609
dual not feasible: -31.9454
dual not feasible: -31.9242
dual not feasible: -32.5897
dual not feasible: -30.4794
dual not feasible: -31.0267
dual not feasible: -31.3913
dual not feasible: -31.4373
dual not feasible: -33.4301
dual not feasible: -32.9273
dual not feasible: -32.012
dual not feasible: -31.8005
dual not feasible: -32.3253
dual not feasible: -31.2125
dual not feasible: -31.9746
dual not feasible: -30.5061
dual not feasible: -30.6
dual not feasible: -31.9333
dual not feasible: -31.7287
dual not feasible: -31.4183
dual not feasible: -32.273
dual not feasible: -33.5624
dual not feasible: -31.5095
dual not feasible: -31.678
dual not feasible: -30.6025
dual not feasible: -29.8954
STATS - lpIterations[27] lagIterations[8230] sspIterations[8230] numSeparations[8103] numCuts[0] compileTime[0] sspSolveTime[238] lpSolveTime[0] lb[645.631] ub[771.79] size: [17723] time: [433]
dual not feasible: -31.9595
dual not feasible: -31.292
dual not feasible: -31.3877
dual not feasible: -31.4378
dual not feasible: -31.8891
dual not feasible: -31.4401
dual not feasible: -31.6911
dual not feasible: -32.3936
dual not feasible: -32.0789
dual not feasible: -30.7626
dual not feasible: -30.5779
dual not feasible: -32.0892
dual not feasible: -32.22
dual not feasible: -30.5592
dual not feasible: -31.2783
dual not feasible: -33.7663
dual not feasible: -31.5779
dual not feasible: -31.2032
dual not feasible: -31.2485
STATS - lpIterations[28] lagIterations[8249] sspIterations[8249] numSeparations[8122] numCuts[0] compileTime[0] sspSolveTime[239] lpSolveTime[0] lb[645.631] ub[771.79] size: [17742] time: [435]
dual not feasible: -31.9209
dual not feasible: -32.6894
dual not feasible: -40.3315
dual not feasible: -40.0291
dual not feasible: -51.3832
dual not feasible: -53.4164
dual not feasible: -49.4656
dual not feasible: -51.2139
dual not feasible: -63.5683
dual not feasible: -55.5932
dual not feasible: -56.6607
dual not feasible: -50.1981
dual not feasible: -46.6191
dual not feasible: -43.1626
dual not feasible: -45.3101
dual not feasible: -49.3065
dual not feasible: -45.8609
dual not feasible: -47.2326
dual not feasible: -53.1955
dual not feasible: -51.9204
dual not feasible: -51.9196
dual not feasible: -47.4707
dual not feasible: -42.6475
dual not feasible: -42.1338
dual not feasible: -42.806
dual not feasible: -47.0323
dual not feasible: -50.4153
dual not feasible: -50.112
dual not feasible: -45.9396
dual not feasible: -45.6866
dual not feasible: -47.8219
dual not feasible: -45.1927
dual not feasible: -44.8032
dual not feasible: -44.7412
dual not feasible: -48.8338
dual not feasible: -48.3589
dual not feasible: -52.422
dual not feasible: -45.185
dual not feasible: -46.7639
dual not feasible: -51.6049
dual not feasible: -41.344
dual not feasible: -46.3419
dual not feasible: -44.6615
dual not feasible: -46.3779
dual not feasible: -52.0663
dual not feasible: -42.681
dual not feasible: -42.3521
dual not feasible: -48.0419
dual not feasible: -45.6728
dual not feasible: -49.9339
dual not feasible: -43.789
dual not feasible: -46.0959
dual not feasible: -44.3527
dual not feasible: -43.524
dual not feasible: -40.1566
dual not feasible: -44.4309
dual not feasible: -44.0105
dual not feasible: -39.9278
dual not feasible: -41.8845
dual not feasible: -39.4938
dual not feasible: -44.3221
dual not feasible: -42.7956
dual not feasible: -48.608
dual not feasible: -45.9561
dual not feasible: -43.8568
dual not feasible: -46.82
dual not feasible: -42.4624
dual not feasible: -43.2699
dual not feasible: -39.8515
dual not feasible: -41.8303
dual not feasible: -43.21
dual not feasible: -44.6606
dual not feasible: -41.0662
dual not feasible: -43.5347
dual not feasible: -39.8455
dual not feasible: -42.6381
dual not feasible: -41.3122
dual not feasible: -39.1948
dual not feasible: -39.5213
dual not feasible: -46.4919
dual not feasible: -39.9493
dual not feasible: -42.835
dual not feasible: -40.5339
dual not feasible: -41.7051
dual not feasible: -42.6615
dual not feasible: -39.8668
dual not feasible: -36.2886
dual not feasible: -42.5067
dual not feasible: -42.5264
dual not feasible: -42.597
dual not feasible: -43.3639
dual not feasible: -43.5848
dual not feasible: -41.2634
dual not feasible: -40.8212
dual not feasible: -38.2833
dual not feasible: -34.5445
dual not feasible: -36.928
dual not feasible: -40.0748
dual not feasible: -39.5723
dual not feasible: -40.4984
dual not feasible: -40.0433
dual not feasible: -40.6406
STATS - lpIterations[29] lagIterations[8351] sspIterations[8351] numSeparations[8223] numCuts[0] compileTime[0] sspSolveTime[244] lpSolveTime[0] lb[645.631] ub[771.79] size: [17888] time: [444]
dual not feasible: -42.5227
dual not feasible: -42.3057
dual not feasible: -42.0315
dual not feasible: -52.0663
dual not feasible: -48.5082
dual not feasible: -52.1552
dual not feasible: -56.0131
dual not feasible: -51.7598
dual not feasible: -50.3018
dual not feasible: -54.4875
dual not feasible: -54.2034
dual not feasible: -47.6525
dual not feasible: -49.6647
dual not feasible: -41.0068
dual not feasible: -57.0963
dual not feasible: -51.1304
dual not feasible: -47.4195
dual not feasible: -47.7251
dual not feasible: -54.6045
dual not feasible: -53.9666
dual not feasible: -57.4903
dual not feasible: -62.0211
dual not feasible: -47.9932
dual not feasible: -52.8731
dual not feasible: -51.4143
dual not feasible: -38.7196
dual not feasible: -46.1716
dual not feasible: -47.5791
dual not feasible: -46.1446
dual not feasible: -43.3019
dual not feasible: -50.5535
dual not feasible: -51.4044
dual not feasible: -46.7952
dual not feasible: -42.9257
dual not feasible: -51.8012
dual not feasible: -51.8566
dual not feasible: -49.2553
dual not feasible: -44.9384
dual not feasible: -44.3272
dual not feasible: -51.2121
dual not feasible: -45.426
dual not feasible: -44.0703
dual not feasible: -49.7115
dual not feasible: -52.7619
dual not feasible: -49.8606
dual not feasible: -47.4661
dual not feasible: -39.3026
dual not feasible: -42.9877
dual not feasible: -45.1477
dual not feasible: -41.3037
dual not feasible: -45.4469
dual not feasible: -45.0085
dual not feasible: -48.1557
dual not feasible: -43.1242
dual not feasible: -43.1354
dual not feasible: -54.1
dual not feasible: -40.2801
dual not feasible: -42.117
dual not feasible: -41.3903
dual not feasible: -44.8962
dual not feasible: -44.382
dual not feasible: -43.3188
dual not feasible: -41.8076
dual not feasible: -40.798
dual not feasible: -46.3032
dual not feasible: -43.2595
dual not feasible: -36.8814
dual not feasible: -42.5669
dual not feasible: -44.4747
dual not feasible: -41.1603
dual not feasible: -42.243
dual not feasible: -52.0477
dual not feasible: -45.6557
dual not feasible: -41.3357
dual not feasible: -39.4782
dual not feasible: -46.0391
dual not feasible: -41.8289
dual not feasible: -39.1332
dual not feasible: -37.1654
dual not feasible: -42.1457
dual not feasible: -42.6308
dual not feasible: -43.4677
dual not feasible: -38.4318
dual not feasible: -39.8304
dual not feasible: -40.4502
dual not feasible: -37.4197
dual not feasible: -37.4824
dual not feasible: -38.5673
dual not feasible: -40.7183
dual not feasible: -51.75
dual not feasible: -46.3202
dual not feasible: -42.6652
dual not feasible: -41.6101
dual not feasible: -39.8253
dual not feasible: -38.9649
dual not feasible: -45.3465
dual not feasible: -35.9787
dual not feasible: -37.1647
dual not feasible: -42.9446
dual not feasible: -41.3817
dual not feasible: -41.5623
dual not feasible: -39.2537
dual not feasible: -40.1813
dual not feasible: -41.7923
dual not feasible: -45.0404
dual not feasible: -41.1429
dual not feasible: -37.3202
dual not feasible: -39.1657
dual not feasible: -39.2572
dual not feasible: -37.7976
dual not feasible: -37.6238
dual not feasible: -37.4551
dual not feasible: -39.4959
dual not feasible: -39.7171
dual not feasible: -38.4745
dual not feasible: -40.9492
dual not feasible: -40.1588
dual not feasible: -40.2363
dual not feasible: -38.2097
dual not feasible: -35.4203
dual not feasible: -38.6271
dual not feasible: -41.3654
dual not feasible: -34.9536
dual not feasible: -35.1888
dual not feasible: -39.6624
dual not feasible: -43.5035
dual not feasible: -43.8449
dual not feasible: -37.1841
dual not feasible: -38.4092
dual not feasible: -37.3886
dual not feasible: -38.9442
dual not feasible: -36.2119
dual not feasible: -35.769
dual not feasible: -40.4159
dual not feasible: -38.4896
dual not feasible: -44.4863
dual not feasible: -38.8344
dual not feasible: -37.1658
dual not feasible: -34.9885
dual not feasible: -35.6926
dual not feasible: -37.1634
dual not feasible: -37.5974
dual not feasible: -38.2524
dual not feasible: -41.9735
dual not feasible: -39.4386
dual not feasible: -36.1017
dual not feasible: -36.2393
dual not feasible: -36.6558
dual not feasible: -37.1413
dual not feasible: -34.9665
dual not feasible: -35.7727
dual not feasible: -38.4156
dual not feasible: -37.4134
dual not feasible: -38.6451
dual not feasible: -36.4923
dual not feasible: -38.2317
dual not feasible: -37.3449
dual not feasible: -38.5098
dual not feasible: -37.9425
dual not feasible: -38.3818
dual not feasible: -35.8118
dual not feasible: -35.1562
dual not feasible: -37.6154
dual not feasible: -36.2129
dual not feasible: -38.1645
dual not feasible: -36.3456
dual not feasible: -36.8444
dual not feasible: -33.6477
dual not feasible: -37.1345
dual not feasible: -38.5237
dual not feasible: -38.9194
dual not feasible: -36.832
dual not feasible: -36.4641
dual not feasible: -36.1286
dual not feasible: -35.072
dual not feasible: -36.2222
dual not feasible: -39.1233
dual not feasible: -35.5872
dual not feasible: -37.6665
dual not feasible: -35.7853
dual not feasible: -39.8256
dual not feasible: -37.4239
dual not feasible: -35.9865
dual not feasible: -34.772
dual not feasible: -34.9038
dual not feasible: -34.961
dual not feasible: -37.2973
dual not feasible: -35.7713
dual not feasible: -34.1249
dual not feasible: -36.9149
dual not feasible: -35.3885
dual not feasible: -38.3397
dual not feasible: -38.8701
dual not feasible: -37.1843
dual not feasible: -35.1331
dual not feasible: -35.6271
dual not feasible: -35.4959
dual not feasible: -35.2494
dual not feasible: -37.6952
dual not feasible: -37.1536
dual not feasible: -36.6378
dual not feasible: -35.1794
dual not feasible: -32.8943
dual not feasible: -34.1066
dual not feasible: -37.4618
dual not feasible: -34.9075
dual not feasible: -38.1231
dual not feasible: -35.1112
dual not feasible: -36.2642
dual not feasible: -37.8076
dual not feasible: -36.7858
dual not feasible: -34.2254
dual not feasible: -33.9689
dual not feasible: -36.1392
dual not feasible: -37.6258
dual not feasible: -35.5542
dual not feasible: -34.0802
dual not feasible: -35.1283
dual not feasible: -39.8878
dual not feasible: -33.6675
dual not feasible: -34.1048
dual not feasible: -33.4703
dual not feasible: -35.8273
dual not feasible: -34.8388
dual not feasible: -34.7832
dual not feasible: -34.7467
dual not feasible: -33.955
dual not feasible: -37.5881
dual not feasible: -35.7305
dual not feasible: -36.5123
dual not feasible: -34.7654
dual not feasible: -33.3192
dual not feasible: -34.8517
dual not feasible: -34.175
dual not feasible: -34.3468
dual not feasible: -34.7102
dual not feasible: -34.4439
dual not feasible: -36.2165
dual not feasible: -35.306
dual not feasible: -35.1001
dual not feasible: -34.857
dual not feasible: -35.0422
dual not feasible: -34.7084
dual not feasible: -35.5831
dual not feasible: -34.9312
dual not feasible: -33.7635
dual not feasible: -34.1423
dual not feasible: -34.8345
dual not feasible: -34.678
dual not feasible: -36.1867
dual not feasible: -34.4129
dual not feasible: -35.1464
dual not feasible: -32.928
dual not feasible: -33.8353
dual not feasible: -33.6466
dual not feasible: -32.7504
dual not feasible: -37.606
dual not feasible: -34.4329
dual not feasible: -32.6588
dual not feasible: -33.729
dual not feasible: -35.28
dual not feasible: -34.7396
dual not feasible: -36.3278
dual not feasible: -35.0324
dual not feasible: -32.1247
dual not feasible: -35.1379
dual not feasible: -35.8467
dual not feasible: -36.6021
dual not feasible: -33.8646
dual not feasible: -32.6578
dual not feasible: -33.3296
dual not feasible: -33.983
dual not feasible: -33.8208
dual not feasible: -34.0303
dual not feasible: -33.6512
dual not feasible: -32.9522
dual not feasible: -36.0723
dual not feasible: -32.6273
dual not feasible: -32.3847
dual not feasible: -33.2535
dual not feasible: -34.965
dual not feasible: -33.0137
dual not feasible: -33.7869
dual not feasible: -35.2587
dual not feasible: -32.3173
dual not feasible: -34.2332
dual not feasible: -34.5863
dual not feasible: -34.3463
dual not feasible: -33.467
dual not feasible: -34.2591
dual not feasible: -33.1008
dual not feasible: -34.8688
dual not feasible: -33.5081
dual not feasible: -34.6899
dual not feasible: -35.3198
dual not feasible: -33.3849
dual not feasible: -36.3382
dual not feasible: -34.377
dual not feasible: -33.6426
dual not feasible: -32.5106
dual not feasible: -34.5845
dual not feasible: -36.6753
dual not feasible: -35.4036
dual not feasible: -36.9052
dual not feasible: -33.3243
dual not feasible: -33.854
dual not feasible: -33.2924
dual not feasible: -34.4064
dual not feasible: -32.9546
dual not feasible: -33.3445
dual not feasible: -33.3693
dual not feasible: -33.199
dual not feasible: -33.2499
dual not feasible: -32.541
dual not feasible: -33.2361
dual not feasible: -34.1562
dual not feasible: -32.9578
dual not feasible: -35.0131
dual not feasible: -34.2975
dual not feasible: -33.1242
dual not feasible: -34.3068
dual not feasible: -32.2557
dual not feasible: -32.4339
dual not feasible: -33.5216
dual not feasible: -32.2903
dual not feasible: -33.1894
dual not feasible: -36.1573
dual not feasible: -31.7137
dual not feasible: -32.0814
dual not feasible: -34.0016
dual not feasible: -33.1289
dual not feasible: -34.0525
dual not feasible: -33.2162
dual not feasible: -33.7195
dual not feasible: -33.2215
dual not feasible: -33.309
dual not feasible: -33.2088
dual not feasible: -32.9312
dual not feasible: -32.3456
dual not feasible: -33.4366
dual not feasible: -32.3787
dual not feasible: -31.6372
dual not feasible: -32.355
dual not feasible: -33.3302
dual not feasible: -33.7954
dual not feasible: -33.7195
dual not feasible: -34.0561
dual not feasible: -34.443
dual not feasible: -33.5325
dual not feasible: -31.747
dual not feasible: -33.2955
dual not feasible: -31.2687
dual not feasible: -33.5549
dual not feasible: -32.693
dual not feasible: -31.296
dual not feasible: -32.0407
dual not feasible: -32.4594
dual not feasible: -33.5735
dual not feasible: -33.4168
dual not feasible: -34.0872
dual not feasible: -32.2327
dual not feasible: -32.1168
dual not feasible: -33.836
dual not feasible: -33.0011
dual not feasible: -32.3196
dual not feasible: -32.6347
dual not feasible: -32.782
dual not feasible: -32.3345
dual not feasible: -34.8532
dual not feasible: -31.718
dual not feasible: -32.576
dual not feasible: -33.0652
dual not feasible: -32.4168
dual not feasible: -33.5302
dual not feasible: -32.0131
dual not feasible: -32.3721
dual not feasible: -32.0415
dual not feasible: -32.0767
dual not feasible: -34.7543
dual not feasible: -32.4282
dual not feasible: -32.13
dual not feasible: -33.6059
dual not feasible: -31.3122
dual not feasible: -32.6128
dual not feasible: -31.8289
dual not feasible: -32.2743
dual not feasible: -34.8891
dual not feasible: -33.7805
dual not feasible: -32.5965
dual not feasible: -33.4903
dual not feasible: -33.2046
dual not feasible: -31.8639
dual not feasible: -32.4051
dual not feasible: -31.8614
dual not feasible: -32.1002
dual not feasible: -32.7919
dual not feasible: -32.7151
dual not feasible: -33.6313
dual not feasible: -31.8691
dual not feasible: -31.1068
dual not feasible: -31.5685
dual not feasible: -33.3355
dual not feasible: -33.4828
dual not feasible: -34.3859
dual not feasible: -33.8744
dual not feasible: -32.1761
dual not feasible: -33.1248
dual not feasible: -32.821
dual not feasible: -31.1761
dual not feasible: -31.8975
dual not feasible: -32.3825
dual not feasible: -34.0339
dual not feasible: -33.4884
dual not feasible: -33.0925
dual not feasible: -32.6144
dual not feasible: -32.3269
dual not feasible: -31.92
dual not feasible: -32.5798
dual not feasible: -32.7603
dual not feasible: -31.5484
dual not feasible: -32.4043
dual not feasible: -35.7337
dual not feasible: -34.2562
dual not feasible: -33.6561
dual not feasible: -30.7395
STATS - lpIterations[29] lagIterations[8776] sspIterations[8776] numSeparations[8647] numCuts[0] compileTime[0] sspSolveTime[264] lpSolveTime[0] lb[646.029] ub[771.79] size: [18451] time: [481]
dual not feasible: -32.2579
dual not feasible: -33.2565
dual not feasible: -32.6443
dual not feasible: -31.276
dual not feasible: -33.1402
dual not feasible: -32.4451
dual not feasible: -32.9095
dual not feasible: -33.632
dual not feasible: -31.8064
dual not feasible: -31.2526
dual not feasible: -31.8692
dual not feasible: -32.7358
dual not feasible: -31.319
dual not feasible: -33.3835
dual not feasible: -32.4435
dual not feasible: -32.2193
dual not feasible: -32.819
dual not feasible: -32.8667
dual not feasible: -32.6875
dual not feasible: -31.4501
dual not feasible: -33.0266
dual not feasible: -31.4343
dual not feasible: -31.8338
dual not feasible: -32.8519
dual not feasible: -33.5791
dual not feasible: -34.281
dual not feasible: -33.0857
dual not feasible: -31.7204
dual not feasible: -31.1054
dual not feasible: -31.8533
dual not feasible: -30.8699
dual not feasible: -31.8576
dual not feasible: -31.3859
dual not feasible: -32.927
dual not feasible: -32.8904
dual not feasible: -32.7578
dual not feasible: -32.77
dual not feasible: -32.4323
dual not feasible: -32.8003
dual not feasible: -32.4391
dual not feasible: -33.2618
dual not feasible: -32.5829
dual not feasible: -30.8574
dual not feasible: -32.0788
dual not feasible: -31.3384
dual not feasible: -33.6015
dual not feasible: -32.7671
dual not feasible: -32.392
dual not feasible: -32.4565
dual not feasible: -31.7256
dual not feasible: -33.8639
dual not feasible: -32.1542
dual not feasible: -32.8726
dual not feasible: -31.7182
dual not feasible: -33.3928
dual not feasible: -31.9912
dual not feasible: -31.661
dual not feasible: -33.4732
dual not feasible: -31.3057
dual not feasible: -31.4447
dual not feasible: -32.5244
dual not feasible: -34.15
dual not feasible: -32.062
dual not feasible: -32.4045
dual not feasible: -32.2451
dual not feasible: -32.1935
dual not feasible: -33.0766
dual not feasible: -31.5413
dual not feasible: -31.6769
dual not feasible: -32.4577
dual not feasible: -32.2238
dual not feasible: -32.5201
dual not feasible: -32.448
dual not feasible: -32.3151
dual not feasible: -32.1723
dual not feasible: -31.3113
dual not feasible: -32.448
dual not feasible: -32.1631
dual not feasible: -31.9342
dual not feasible: -30.822
STATS - lpIterations[29] lagIterations[8856] sspIterations[8856] numSeparations[8727] numCuts[0] compileTime[0] sspSolveTime[268] lpSolveTime[0] lb[646.125] ub[771.79] size: [18564] time: [488]
dual not feasible: -32.4493
dual not feasible: -32.3313
dual not feasible: -31.0927
dual not feasible: -32.3405
dual not feasible: -31.779
dual not feasible: -31.9178
dual not feasible: -31.8212
dual not feasible: -34.3842
dual not feasible: -32.9729
dual not feasible: -32.3189
dual not feasible: -33.7096
dual not feasible: -32.5215
dual not feasible: -33.147
dual not feasible: -31.8546
dual not feasible: -31.2757
dual not feasible: -33.0412
dual not feasible: -32.2348
dual not feasible: -31.3876
dual not feasible: -32.0425
dual not feasible: -31.3464
dual not feasible: -31.5785
STATS - lpIterations[30] lagIterations[8877] sspIterations[8877] numSeparations[8748] numCuts[0] compileTime[0] sspSolveTime[269] lpSolveTime[0] lb[646.125] ub[771.79] size: [18588] time: [490]
dual not feasible: -31.4749
dual not feasible: -35.7332
dual not feasible: -40.7967
dual not feasible: -40.9623
dual not feasible: -52.8821
dual not feasible: -58.1874
dual not feasible: -54.6785
dual not feasible: -52.5458
dual not feasible: -64.4727
dual not feasible: -47.9622
dual not feasible: -49.9928
dual not feasible: -45.8708
dual not feasible: -52.1335
dual not feasible: -50.4952
dual not feasible: -50.0555
dual not feasible: -51.2884
dual not feasible: -50.5187
dual not feasible: -49.9681
dual not feasible: -52.4189
dual not feasible: -53.9296
dual not feasible: -47.525
dual not feasible: -52.4152
dual not feasible: -59.0245
dual not feasible: -46.4174
dual not feasible: -46.2189
dual not feasible: -45.869
dual not feasible: -50.8331
dual not feasible: -47.354
dual not feasible: -50.9333
dual not feasible: -48.8672
dual not feasible: -44.7948
dual not feasible: -50.2465
dual not feasible: -45.8432
dual not feasible: -43.8111
dual not feasible: -45.3274
dual not feasible: -44.8626
dual not feasible: -46.2838
dual not feasible: -49.8584
dual not feasible: -48.0196
dual not feasible: -47.5966
dual not feasible: -60.902
dual not feasible: -48.2068
dual not feasible: -51.234
dual not feasible: -48.4294
dual not feasible: -41.4216
dual not feasible: -43.5248
dual not feasible: -40.4275
dual not feasible: -46.5515
dual not feasible: -46.1953
dual not feasible: -48.3225
dual not feasible: -48.065
dual not feasible: -44.7921
dual not feasible: -45.1795
dual not feasible: -47.2724
dual not feasible: -46.9358
dual not feasible: -43.2664
dual not feasible: -44.6196
dual not feasible: -44.9796
dual not feasible: -47.0869
dual not feasible: -42.2845
dual not feasible: -44.8359
dual not feasible: -45.58
dual not feasible: -44.0297
dual not feasible: -45.0851
dual not feasible: -41.079
dual not feasible: -47.1144
dual not feasible: -44.203
dual not feasible: -47.535
dual not feasible: -43.4485
dual not feasible: -47.6455
dual not feasible: -49.2667
dual not feasible: -44.6755
dual not feasible: -41.2367
dual not feasible: -41.2786
dual not feasible: -43.0848
dual not feasible: -44.6023
dual not feasible: -46.3305
dual not feasible: -40.8498
dual not feasible: -42.6865
dual not feasible: -43.5987
dual not feasible: -39.137
dual not feasible: -43.6374
dual not feasible: -46.2824
dual not feasible: -39.0937
dual not feasible: -43.9265
dual not feasible: -43.2947
dual not feasible: -43.1971
dual not feasible: -46.8166
dual not feasible: -42.4084
dual not feasible: -42.6355
dual not feasible: -47.4111
dual not feasible: -42.8102
dual not feasible: -43.2139
dual not feasible: -40.1612
dual not feasible: -39.9692
dual not feasible: -41.829
dual not feasible: -43.995
dual not feasible: -40.429
dual not feasible: -41.756
dual not feasible: -39.2647
dual not feasible: -41.6877
dual not feasible: -45.0409
STATS - lpIterations[31] lagIterations[8979] sspIterations[8979] numSeparations[8849] numCuts[0] compileTime[0] sspSolveTime[274] lpSolveTime[0] lb[646.125] ub[771.79] size: [18715] time: [499]
dual not feasible: -42.8866
dual not feasible: -39.7951
dual not feasible: -43.3202
dual not feasible: -54.1475
dual not feasible: -54.525
dual not feasible: -55.0337
dual not feasible: -60.8886
dual not feasible: -55.1398
dual not feasible: -50.1557
dual not feasible: -58.0344
dual not feasible: -49.2775
dual not feasible: -47.8546
dual not feasible: -45.8805
dual not feasible: -57.4389
dual not feasible: -50.0292
dual not feasible: -58.7161
dual not feasible: -46.7868
dual not feasible: -54.6501
dual not feasible: -50.1117
dual not feasible: -48.1576
dual not feasible: -48.4476
dual not feasible: -55.0543
dual not feasible: -50.5732
dual not feasible: -48.6651
dual not feasible: -50.6979
dual not feasible: -45.9294
dual not feasible: -46.1788
dual not feasible: -45.6837
dual not feasible: -46.4484
dual not feasible: -54.6229
dual not feasible: -47.5875
dual not feasible: -47.0186
dual not feasible: -49.8633
dual not feasible: -50.6072
dual not feasible: -49.7804
dual not feasible: -53.722
dual not feasible: -52.2978
dual not feasible: -46.8542
dual not feasible: -42.3017
dual not feasible: -41.3845
dual not feasible: -41.9515
dual not feasible: -43.3967
dual not feasible: -44.5904
dual not feasible: -48.3693
dual not feasible: -47.9079
dual not feasible: -48.3288
dual not feasible: -46.859
dual not feasible: -47.1274
dual not feasible: -46.9271
dual not feasible: -47.1583
dual not feasible: -49.9782
dual not feasible: -49.6168
dual not feasible: -50.4427
dual not feasible: -40.242
dual not feasible: -42.0639
dual not feasible: -40.0329
dual not feasible: -45.7492
dual not feasible: -43.0639
dual not feasible: -42.1245
dual not feasible: -51.3228
dual not feasible: -45.2778
dual not feasible: -44.6221
dual not feasible: -53.0984
dual not feasible: -49.2343
dual not feasible: -44.2604
dual not feasible: -41.2617
dual not feasible: -44.3533
dual not feasible: -46.1956
dual not feasible: -46.5913
dual not feasible: -42.5453
dual not feasible: -46.102
dual not feasible: -46.3665
dual not feasible: -44.9689
dual not feasible: -40.7269
dual not feasible: -41.1269
dual not feasible: -45.2095
dual not feasible: -46.2833
dual not feasible: -44.0112
dual not feasible: -46.2738
dual not feasible: -44.0425
dual not feasible: -43.368
dual not feasible: -42.4361
dual not feasible: -40.1476
dual not feasible: -38.3435
dual not feasible: -46.883
dual not feasible: -42.703
dual not feasible: -47.8788
dual not feasible: -43.0948
dual not feasible: -41.7769
dual not feasible: -45.0865
dual not feasible: -43.0595
dual not feasible: -38.0369
dual not feasible: -41.5599
dual not feasible: -40.8443
dual not feasible: -42.0851
dual not feasible: -41.8004
dual not feasible: -43.1988
dual not feasible: -46.7404
dual not feasible: -44.9646
dual not feasible: -42.1379
dual not feasible: -39.3502
dual not feasible: -41.7274
dual not feasible: -40.8501
dual not feasible: -39.0696
dual not feasible: -39.7641
dual not feasible: -39.6734
dual not feasible: -43.9059
dual not feasible: -43.7385
dual not feasible: -43.808
dual not feasible: -42.476
dual not feasible: -44.8864
dual not feasible: -37.4744
dual not feasible: -41.8384
dual not feasible: -38.4892
dual not feasible: -41.6319
dual not feasible: -41.2001
dual not feasible: -38.7569
dual not feasible: -38.5593
dual not feasible: -38.4385
dual not feasible: -38.6994
dual not feasible: -45.2801
dual not feasible: -41.1342
dual not feasible: -42.1142
dual not feasible: -39.6407
dual not feasible: -40.6162
dual not feasible: -40.9182
dual not feasible: -41.8199
dual not feasible: -38.8322
dual not feasible: -37.7639
dual not feasible: -39.5845
dual not feasible: -45.7262
dual not feasible: -37.8735
dual not feasible: -37.6357
dual not feasible: -39.6535
dual not feasible: -42.2205
dual not feasible: -38.1263
dual not feasible: -36.6803
dual not feasible: -39.8564
dual not feasible: -38.5825
dual not feasible: -41.6837
dual not feasible: -38.708
dual not feasible: -40.9082
dual not feasible: -40.1536
dual not feasible: -39.7555
dual not feasible: -38.2089
dual not feasible: -36.5579
dual not feasible: -42.8734
dual not feasible: -41.2258
dual not feasible: -40.0378
dual not feasible: -41.6143
dual not feasible: -36.3333
dual not feasible: -40.5531
dual not feasible: -37.2678
dual not feasible: -36.2489
dual not feasible: -35.4458
dual not feasible: -35.6935
dual not feasible: -37.8052
dual not feasible: -39.6968
dual not feasible: -38.9969
dual not feasible: -39.644
dual not feasible: -38.6797
dual not feasible: -38.7205
dual not feasible: -38.601
dual not feasible: -39.2754
dual not feasible: -36.9091
dual not feasible: -42.7955
dual not feasible: -38.3425
dual not feasible: -36.2113
dual not feasible: -37.4472
dual not feasible: -36.2021
dual not feasible: -38.2047
dual not feasible: -37.207
dual not feasible: -36.2822
dual not feasible: -38.7229
dual not feasible: -36.9513
dual not feasible: -39.3669
dual not feasible: -42.2617
dual not feasible: -41.0458
dual not feasible: -38.3169
dual not feasible: -36.9424
dual not feasible: -37.9516
dual not feasible: -35.2911
dual not feasible: -34.7366
dual not feasible: -38.386
dual not feasible: -41.727
dual not feasible: -39.8161
dual not feasible: -38.5915
dual not feasible: -36.6479
dual not feasible: -37.4773
dual not feasible: -40.8192
dual not feasible: -36.5118
dual not feasible: -36.1781
dual not feasible: -37.2234
dual not feasible: -39.6386
dual not feasible: -37.1204
dual not feasible: -35.7794
dual not feasible: -37.6388
dual not feasible: -37.3777
dual not feasible: -38.2808
dual not feasible: -37.4394
dual not feasible: -38.2202
dual not feasible: -37.7719
dual not feasible: -36.5416
dual not feasible: -39.4814
dual not feasible: -37.5557
dual not feasible: -36.6307
dual not feasible: -37.6375
dual not feasible: -39.0413
dual not feasible: -35.719
dual not feasible: -35.0974
dual not feasible: -39.0819
dual not feasible: -38.1893
dual not feasible: -39.989
dual not feasible: -37.0022
dual not feasible: -36.5327
dual not feasible: -34.7261
dual not feasible: -35.5243
dual not feasible: -36.2709
dual not feasible: -37.8057
dual not feasible: -35.3877
dual not feasible: -35.6475
dual not feasible: -39.06
dual not feasible: -39.3124
dual not feasible: -36.5437
dual not feasible: -35.0107
dual not feasible: -35.0585
dual not feasible: -36.6454
dual not feasible: -35.3996
dual not feasible: -34.0116
dual not feasible: -35.6733
dual not feasible: -37.7744
dual not feasible: -37.046
dual not feasible: -36.0156
dual not feasible: -34.8324
dual not feasible: -35.0669
dual not feasible: -36.5476
dual not feasible: -37.8589
dual not feasible: -36.0394
dual not feasible: -35.2835
dual not feasible: -36.8031
dual not feasible: -37.0366
dual not feasible: -39.6156
dual not feasible: -38.2865
dual not feasible: -34.7316
dual not feasible: -35.6263
dual not feasible: -36.0755
dual not feasible: -32.7148
dual not feasible: -37.0191
dual not feasible: -35.8113
dual not feasible: -37.1659
dual not feasible: -35.6277
dual not feasible: -34.4918
dual not feasible: -35.9091
dual not feasible: -35.0647
dual not feasible: -34.2481
dual not feasible: -33.786
dual not feasible: -38.4926
dual not feasible: -37.6262
dual not feasible: -40.1156
dual not feasible: -35.6086
dual not feasible: -35.1148
dual not feasible: -37.26
dual not feasible: -34.4352
dual not feasible: -34.5622
dual not feasible: -34.1905
dual not feasible: -35.2586
dual not feasible: -34.1537
dual not feasible: -37.6806
dual not feasible: -35.7332
dual not feasible: -35.9848
dual not feasible: -35.5743
dual not feasible: -37.4728
dual not feasible: -36.3554
dual not feasible: -37.8733
dual not feasible: -33.3864
dual not feasible: -34.3629
dual not feasible: -38.4598
dual not feasible: -36.0298
dual not feasible: -34.5857
dual not feasible: -35.5326
dual not feasible: -34.0077
dual not feasible: -37.3738
dual not feasible: -35.468
dual not feasible: -34.7385
dual not feasible: -35.3965
dual not feasible: -35.888
dual not feasible: -35.0501
dual not feasible: -35.7953
dual not feasible: -35.3029
dual not feasible: -35.4269
dual not feasible: -36.5103
dual not feasible: -34.9628
dual not feasible: -35.3652
dual not feasible: -33.5331
dual not feasible: -33.4123
dual not feasible: -35.9248
dual not feasible: -35.3443
dual not feasible: -36.1287
dual not feasible: -33.7711
dual not feasible: -34.5786
dual not feasible: -34.6145
dual not feasible: -34.137
dual not feasible: -34.4285
dual not feasible: -36.6165
dual not feasible: -35.1991
dual not feasible: -35.1571
dual not feasible: -34.4539
dual not feasible: -34.3273
dual not feasible: -34.044
dual not feasible: -35.7167
dual not feasible: -35.5069
dual not feasible: -35.2335
dual not feasible: -34.2541
dual not feasible: -35.2268
dual not feasible: -34.4273
dual not feasible: -35.5111
dual not feasible: -34.7086
dual not feasible: -34.2241
dual not feasible: -32.9121
dual not feasible: -33.9256
dual not feasible: -34.9575
dual not feasible: -35.6349
dual not feasible: -35.8173
dual not feasible: -34.6594
dual not feasible: -33.0351
dual not feasible: -33.1054
dual not feasible: -34.4335
dual not feasible: -34.043
dual not feasible: -34.4188
dual not feasible: -34.8273
dual not feasible: -34.7629
dual not feasible: -34.7076
dual not feasible: -33.1657
dual not feasible: -33.9753
dual not feasible: -36.6028
dual not feasible: -35.8566
dual not feasible: -36.4036
dual not feasible: -36.7982
dual not feasible: -33.1048
dual not feasible: -33.6292
dual not feasible: -34.4912
dual not feasible: -33.822
dual not feasible: -34.1277
dual not feasible: -34.3905
dual not feasible: -34.5106
dual not feasible: -35.8119
dual not feasible: -35.4992
dual not feasible: -33.3865
STATS - lpIterations[32] lagIterations[9327] sspIterations[9327] numSeparations[9196] numCuts[0] compileTime[0] sspSolveTime[292] lpSolveTime[0] lb[646.125] ub[771.79] size: [19144] time: [532]
dual not feasible: -33.6633
dual not feasible: -43.6203
dual not feasible: -45.6124
dual not feasible: -48.84
dual not feasible: -48.8344
dual not feasible: -52.4311
dual not feasible: -62.654
dual not feasible: -57.7646
dual not feasible: -59.7597
dual not feasible: -49.3482
dual not feasible: -49.7769
dual not feasible: -54.9124
dual not feasible: -52.8324
dual not feasible: -50.2645
dual not feasible: -50.093
dual not feasible: -54.3327
dual not feasible: -50.1983
dual not feasible: -49.9047
dual not feasible: -48.8545
dual not feasible: -50.7058
dual not feasible: -53.3431
dual not feasible: -49.6563
dual not feasible: -54.7921
dual not feasible: -44.0214
dual not feasible: -51.9217
dual not feasible: -48.8531
dual not feasible: -48.9903
dual not feasible: -44.0241
dual not feasible: -45.2694
dual not feasible: -50.8811
dual not feasible: -52.7913
dual not feasible: -47.9193
dual not feasible: -57.9051
dual not feasible: -52.833
dual not feasible: -48.4237
dual not feasible: -46.4369
dual not feasible: -49.3559
dual not feasible: -48.7194
dual not feasible: -43.6492
dual not feasible: -47.2886
dual not feasible: -49.8275
dual not feasible: -52.5786
dual not feasible: -49.0911
dual not feasible: -45.8329
dual not feasible: -47.6162
dual not feasible: -46.3285
dual not feasible: -47.7761
dual not feasible: -42.0894
dual not feasible: -44.4855
dual not feasible: -53.8939
dual not feasible: -43.5843
dual not feasible: -45.2775
dual not feasible: -48.415
dual not feasible: -44.6862
dual not feasible: -49.2438
dual not feasible: -47.357
dual not feasible: -41.4072
dual not feasible: -48.397
dual not feasible: -50.1241
dual not feasible: -45.1709
dual not feasible: -48.5801
dual not feasible: -43.7709
dual not feasible: -45.5163
dual not feasible: -45.8852
dual not feasible: -40.602
dual not feasible: -49.705
dual not feasible: -45.3377
dual not feasible: -46.0918
dual not feasible: -43.1347
dual not feasible: -44.8715
dual not feasible: -48.2388
dual not feasible: -44.8419
dual not feasible: -40.5967
dual not feasible: -45.9189
dual not feasible: -42.2913
dual not feasible: -44.7651
dual not feasible: -44.1789
dual not feasible: -44.7048
dual not feasible: -43.9238
dual not feasible: -43.7088
dual not feasible: -46.7634
dual not feasible: -40.0212
dual not feasible: -43.9664
dual not feasible: -41.9865
dual not feasible: -50.2971
dual not feasible: -43.5706
dual not feasible: -39.436
dual not feasible: -42.2714
dual not feasible: -40.6878
dual not feasible: -45.8009
dual not feasible: -45.3384
dual not feasible: -47.9691
dual not feasible: -39.8799
dual not feasible: -41.2582
dual not feasible: -42.1518
dual not feasible: -41.5706
dual not feasible: -41.9517
dual not feasible: -42.513
dual not feasible: -40.7285
dual not feasible: -42.063
dual not feasible: -41.8122
dual not feasible: -46.0079
STATS - lpIterations[33] lagIterations[9429] sspIterations[9429] numSeparations[9297] numCuts[0] compileTime[0] sspSolveTime[297] lpSolveTime[0] lb[646.125] ub[771.79] size: [19275] time: [541]
dual not feasible: -39.3356
dual not feasible: -50.4824
dual not feasible: -52.7331
dual not feasible: -55.7487
dual not feasible: -53.5686
dual not feasible: -59.0328
dual not feasible: -59.6835
dual not feasible: -52.6444
dual not feasible: -60.1116
dual not feasible: -46.6557
dual not feasible: -56.2148
dual not feasible: -61.4015
dual not feasible: -59.9197
dual not feasible: -46.3819
dual not feasible: -48.4514
dual not feasible: -52.2728
dual not feasible: -47.0056
dual not feasible: -45.7116
dual not feasible: -49.0147
dual not feasible: -44.7469
dual not feasible: -56.3266
dual not feasible: -58.9077
dual not feasible: -51.5016
dual not feasible: -50.5692
dual not feasible: -50.9856
dual not feasible: -56.6154
dual not feasible: -44.3099
dual not feasible: -46.1694
dual not feasible: -46.62
dual not feasible: -51.4273
dual not feasible: -46.6332
dual not feasible: -51.0017
dual not feasible: -50.2591
dual not feasible: -56.6122
dual not feasible: -52.7102
dual not feasible: -48.4941
dual not feasible: -47.3501
dual not feasible: -52.0412
dual not feasible: -45.6577
dual not feasible: -49.594
dual not feasible: -49.2293
dual not feasible: -47.3257
dual not feasible: -52.4893
dual not feasible: -49.383
dual not feasible: -46.8821
dual not feasible: -46.9944
dual not feasible: -46.8996
dual not feasible: -46.8909
dual not feasible: -48.5608
dual not feasible: -47.7441
dual not feasible: -41.7765
dual not feasible: -42.8329
dual not feasible: -47.7232
dual not feasible: -42.6173
dual not feasible: -43.1406
dual not feasible: -45.216
dual not feasible: -51.2051
dual not feasible: -51.6434
dual not feasible: -45.7284
dual not feasible: -47.0468
dual not feasible: -46.1377
dual not feasible: -53.6642
dual not feasible: -41.6625
dual not feasible: -43.2261
dual not feasible: -41.4376
dual not feasible: -48.1101
dual not feasible: -44.8686
dual not feasible: -43.316
dual not feasible: -46.6419
dual not feasible: -45.3672
dual not feasible: -53.7123
dual not feasible: -43.8363
dual not feasible: -47.6768
dual not feasible: -45.264
dual not feasible: -41.0349
dual not feasible: -40.2969
dual not feasible: -44.0911
dual not feasible: -44.9159
dual not feasible: -41.4932
dual not feasible: -46.0472
dual not feasible: -45.4531
dual not feasible: -48.5639
dual not feasible: -41.8295
dual not feasible: -41.443
dual not feasible: -39.6274
dual not feasible: -39.3279
dual not feasible: -41.0444
dual not feasible: -49.8558
dual not feasible: -45.0142
dual not feasible: -45.6166
dual not feasible: -46.9829
dual not feasible: -44.4094
dual not feasible: -44.6937
dual not feasible: -46.1403
dual not feasible: -42.0724
dual not feasible: -43.6531
dual not feasible: -38.1441
dual not feasible: -40.2459
dual not feasible: -39.3325
dual not feasible: -48.4959
dual not feasible: -42.3731
dual not feasible: -41.7976
dual not feasible: -43.638
dual not feasible: -42.3743
dual not feasible: -41.926
dual not feasible: -42.7578
dual not feasible: -39.1512
dual not feasible: -44.6846
dual not feasible: -43.8483
dual not feasible: -43.9011
dual not feasible: -42.5408
dual not feasible: -42.8604
dual not feasible: -41.4539
dual not feasible: -38.8928
dual not feasible: -44.6056
dual not feasible: -37.7275
dual not feasible: -38.9775
dual not feasible: -39.5759
dual not feasible: -46.0981
dual not feasible: -45.1295
dual not feasible: -42.172
dual not feasible: -38.98
dual not feasible: -37.1292
dual not feasible: -41.3727
dual not feasible: -41.4034
dual not feasible: -42.5363
dual not feasible: -38.3343
dual not feasible: -41.1706
dual not feasible: -40.2198
dual not feasible: -38.6942
dual not feasible: -42.9951
dual not feasible: -43.1669
dual not feasible: -43.4606
dual not feasible: -41.5428
dual not feasible: -39.2031
dual not feasible: -39.3324
dual not feasible: -45.6173
dual not feasible: -40.0294
dual not feasible: -40.5552
dual not feasible: -41.3207
dual not feasible: -39.9825
dual not feasible: -39.7858
dual not feasible: -36.8855
dual not feasible: -40.9295
dual not feasible: -41.0058
dual not feasible: -43.9921
dual not feasible: -41.6498
dual not feasible: -39.8224
dual not feasible: -40.9366
dual not feasible: -41.592
dual not feasible: -39.6581
dual not feasible: -38.272
dual not feasible: -41.5116
dual not feasible: -37.9639
dual not feasible: -42.1189
dual not feasible: -40.4531
dual not feasible: -38.6221
dual not feasible: -37.0717
dual not feasible: -39.0632
dual not feasible: -39.5643
dual not feasible: -41.5577
dual not feasible: -40.0858
dual not feasible: -38.6836
dual not feasible: -41.8621
dual not feasible: -38.3763
dual not feasible: -38.3047
dual not feasible: -39.6131
dual not feasible: -37.6354
dual not feasible: -37.5056
dual not feasible: -38.8102
dual not feasible: -39.5164
dual not feasible: -37.2898
dual not feasible: -40.5377
dual not feasible: -39.2029
dual not feasible: -39.3708
dual not feasible: -39.2842
dual not feasible: -37.339
dual not feasible: -39.7623
dual not feasible: -40.7977
dual not feasible: -40.0996
dual not feasible: -37.301
dual not feasible: -39.2906
dual not feasible: -38.1501
dual not feasible: -40.32
dual not feasible: -38.0496
dual not feasible: -37.8973
dual not feasible: -36.2659
dual not feasible: -38.362
dual not feasible: -36.5603
dual not feasible: -38.079
dual not feasible: -36.1282
dual not feasible: -40.6013
dual not feasible: -38.8968
dual not feasible: -38.6931
dual not feasible: -38.2986
dual not feasible: -37.7146
dual not feasible: -38.6183
dual not feasible: -40.3537
dual not feasible: -36.711
dual not feasible: -37.0394
dual not feasible: -39.1539
dual not feasible: -38.9432
dual not feasible: -39.2119
dual not feasible: -39.3216
dual not feasible: -39.5676
dual not feasible: -42.038
dual not feasible: -39.9056
dual not feasible: -35.9907
dual not feasible: -35.658
dual not feasible: -41.5484
dual not feasible: -38.1934
dual not feasible: -36.9036
dual not feasible: -35.1609
dual not feasible: -39.3723
dual not feasible: -38.3717
dual not feasible: -37.023
dual not feasible: -37.1194
dual not feasible: -38.491
dual not feasible: -36.6763
dual not feasible: -43.2892
dual not feasible: -36.3487
dual not feasible: -35.9165
dual not feasible: -37.6861
dual not feasible: -37.4005
dual not feasible: -38.0438
dual not feasible: -39.6778
dual not feasible: -40.6805
dual not feasible: -37.0663
dual not feasible: -35.8943
dual not feasible: -36.3022
dual not feasible: -39.0936
dual not feasible: -36.5837
dual not feasible: -35.0171
dual not feasible: -36.2961
dual not feasible: -35.6387
dual not feasible: -36.614
dual not feasible: -37.4281
dual not feasible: -38.0209
dual not feasible: -36.3411
dual not feasible: -39.7559
dual not feasible: -36.8536
dual not feasible: -36.8031
dual not feasible: -39.314
dual not feasible: -37.8327
dual not feasible: -40.5498
dual not feasible: -34.8061
dual not feasible: -35.0357
dual not feasible: -36.4101
dual not feasible: -39.6227
dual not feasible: -37.6018
dual not feasible: -37.1411
dual not feasible: -37.783
dual not feasible: -35.6035
dual not feasible: -35.9918
dual not feasible: -38.0533
dual not feasible: -36.1239
dual not feasible: -35.3943
dual not feasible: -38.3186
dual not feasible: -37.3788
dual not feasible: -36.0221
dual not feasible: -36.2245
dual not feasible: -35.1181
dual not feasible: -38.246
dual not feasible: -36.5706
dual not feasible: -36.8916
dual not feasible: -37.1575
dual not feasible: -37.0012
dual not feasible: -39.1234
dual not feasible: -38.0384
dual not feasible: -34.7097
dual not feasible: -35.4103
dual not feasible: -35.4414
dual not feasible: -36.0776
dual not feasible: -37.9299
dual not feasible: -36.0681
dual not feasible: -36.0299
dual not feasible: -40.1799
dual not feasible: -37.553
dual not feasible: -38.9951
dual not feasible: -37.249
dual not feasible: -35.5227
dual not feasible: -36.9142
dual not feasible: -34.9346
dual not feasible: -35.7105
dual not feasible: -36.1105
dual not feasible: -36.3753
dual not feasible: -40.8002
dual not feasible: -39.9856
dual not feasible: -36.9324
dual not feasible: -36.3046
dual not feasible: -36.3855
dual not feasible: -35.3416
dual not feasible: -37.7514
dual not feasible: -34.2187
dual not feasible: -35.6447
dual not feasible: -38.2693
dual not feasible: -38.2185
dual not feasible: -37.4492
dual not feasible: -36.91
dual not feasible: -35.7182
dual not feasible: -35.718
dual not feasible: -36.6825
dual not feasible: -35.859
dual not feasible: -36.9938
dual not feasible: -34.7062
dual not feasible: -39.017
dual not feasible: -37.2246
dual not feasible: -35.1545
dual not feasible: -35.0708
dual not feasible: -35.9463
dual not feasible: -36.2864
dual not feasible: -35.678
dual not feasible: -39.0379
dual not feasible: -34.6964
dual not feasible: -37.1188
dual not feasible: -37.304
dual not feasible: -34.9771
dual not feasible: -35.7237
dual not feasible: -35.3353
dual not feasible: -37.4978
dual not feasible: -37.7548
dual not feasible: -34.3952
dual not feasible: -35.0655
dual not feasible: -35.4588
dual not feasible: -35.3243
dual not feasible: -36.8402
dual not feasible: -37.6777
dual not feasible: -35.9225
dual not feasible: -34.998
dual not feasible: -34.4487
dual not feasible: -36.4366
dual not feasible: -35.9257
dual not feasible: -35.6784
dual not feasible: -36.728
dual not feasible: -35.5132
dual not feasible: -37.3067
dual not feasible: -36.7943
dual not feasible: -34.6944
dual not feasible: -36.1281
dual not feasible: -34.918
dual not feasible: -38.0704
dual not feasible: -35.5885
dual not feasible: -35.583
dual not feasible: -34.8888
dual not feasible: -34.6922
dual not feasible: -34.5398
dual not feasible: -35.7336
dual not feasible: -34.2143
dual not feasible: -35.0292
dual not feasible: -35.1105
dual not feasible: -36.228
dual not feasible: -36.9804
dual not feasible: -36.8202
dual not feasible: -36.1154
dual not feasible: -36.313
dual not feasible: -35.6806
dual not feasible: -35.039
dual not feasible: -34.3441
dual not feasible: -34.6617
dual not feasible: -34.346
dual not feasible: -35.127
dual not feasible: -35.9306
dual not feasible: -36.2517
dual not feasible: -35.9905
dual not feasible: -35.3499
dual not feasible: -35.0177
dual not feasible: -34.9938
dual not feasible: -34.9376
dual not feasible: -35.0344
dual not feasible: -34.4006
dual not feasible: -35.5187
dual not feasible: -37.803
dual not feasible: -33.6736
dual not feasible: -33.5868
dual not feasible: -34.1624
dual not feasible: -34.5789
dual not feasible: -35.3025
dual not feasible: -36.5309
dual not feasible: -36.1844
dual not feasible: -34.5984
dual not feasible: -35.9659
dual not feasible: -37.0431
dual not feasible: -35.7893
dual not feasible: -34.7824
dual not feasible: -35.4195
dual not feasible: -34.5609
dual not feasible: -34.7606
dual not feasible: -35.6118
dual not feasible: -36.0952
dual not feasible: -37.5941
dual not feasible: -35.0232
dual not feasible: -34.4683
dual not feasible: -34.6298
dual not feasible: -35.4622
dual not feasible: -35.436
dual not feasible: -34.9883
dual not feasible: -35.6905
dual not feasible: -34.8958
dual not feasible: -37.4343
dual not feasible: -35.4165
dual not feasible: -34.4451
dual not feasible: -35.7081
dual not feasible: -34.7555
dual not feasible: -34.6707
dual not feasible: -35.3871
dual not feasible: -35.4639
dual not feasible: -34.1425
dual not feasible: -34.9261
dual not feasible: -35.8476
dual not feasible: -36.3728
dual not feasible: -35.5466
dual not feasible: -32.7208
STATS - lpIterations[33] lagIterations[9841] sspIterations[9841] numSeparations[9708] numCuts[0] compileTime[0] sspSolveTime[319] lpSolveTime[0] lb[646.81] ub[771.79] size: [19796] time: [581]
dual not feasible: -33.8473
dual not feasible: -34.9878
dual not feasible: -33.9823
dual not feasible: -34.6064
dual not feasible: -34.6376
dual not feasible: -35.056
dual not feasible: -38.5815
dual not feasible: -37.457
dual not feasible: -35.1235
dual not feasible: -35.4981
dual not feasible: -34.1736
dual not feasible: -34.6546
dual not feasible: -35.9514
dual not feasible: -35.5141
dual not feasible: -35.0505
dual not feasible: -35.4719
dual not feasible: -35.5226
dual not feasible: -35.9763
dual not feasible: -34.3002
dual not feasible: -35.1568
dual not feasible: -34.4272
dual not feasible: -35.7407
dual not feasible: -33.8853
dual not feasible: -33.999
dual not feasible: -34.6665
dual not feasible: -35.2786
dual not feasible: -34.8233
dual not feasible: -35.6741
dual not feasible: -36.1641
dual not feasible: -34.8456
dual not feasible: -36.8216
dual not feasible: -35.356
dual not feasible: -36.3414
dual not feasible: -35.8303
dual not feasible: -34.5637
dual not feasible: -35.3697
dual not feasible: -36.5649
dual not feasible: -35.361
dual not feasible: -34.3404
dual not feasible: -34.4043
dual not feasible: -33.3885
dual not feasible: -34.41
dual not feasible: -36.3559
dual not feasible: -36.4458
dual not feasible: -36.4041
dual not feasible: -35.5541
dual not feasible: -34.3298
dual not feasible: -33.7823
dual not feasible: -35.7798
dual not feasible: -35.2852
dual not feasible: -34.3848
dual not feasible: -34.0089
dual not feasible: -34.7255
dual not feasible: -37.1078
dual not feasible: -35.8036
dual not feasible: -35.5646
dual not feasible: -35.8073
dual not feasible: -36.8087
dual not feasible: -33.7803
dual not feasible: -33.9149
dual not feasible: -34.4058
dual not feasible: -33.3017
dual not feasible: -35.1126
dual not feasible: -34.8716
dual not feasible: -34.7813
dual not feasible: -35.6101
dual not feasible: -35.6699
dual not feasible: -35.8377
dual not feasible: -33.9677
dual not feasible: -36.2471
dual not feasible: -35.0545
dual not feasible: -34.0734
dual not feasible: -35.1086
dual not feasible: -35.237
dual not feasible: -34.4189
dual not feasible: -35.0678
dual not feasible: -34.333
dual not feasible: -34.2213
dual not feasible: -35.762
dual not feasible: -35.9477
dual not feasible: -36.2821
dual not feasible: -35.1193
dual not feasible: -34.1647
dual not feasible: -34.4921
dual not feasible: -34.1318
dual not feasible: -34.7096
dual not feasible: -34.7209
dual not feasible: -34.0031
dual not feasible: -35.6174
dual not feasible: -34.9354
dual not feasible: -33.4793
dual not feasible: -35.5798
dual not feasible: -34.9997
dual not feasible: -35.6939
dual not feasible: -35.7797
dual not feasible: -34.0475
dual not feasible: -34.7591
dual not feasible: -34.5815
dual not feasible: -35.2689
dual not feasible: -34.504
dual not feasible: -34.0745
STATS - lpIterations[34] lagIterations[9942] sspIterations[9942] numSeparations[9809] numCuts[0] compileTime[0] sspSolveTime[325] lpSolveTime[0] lb[646.81] ub[771.79] size: [19932] time: [591]
dual not feasible: -33.9715
dual not feasible: -38.79
dual not feasible: -52.416
dual not feasible: -55.5462
dual not feasible: -57.9514
dual not feasible: -54.5781
dual not feasible: -54.8787
dual not feasible: -60.3181
dual not feasible: -58.5967
dual not feasible: -51.2491
dual not feasible: -53.4963
dual not feasible: -54.968
dual not feasible: -51.334
dual not feasible: -55.7089
dual not feasible: -57.8143
dual not feasible: -55.0806
dual not feasible: -58.4587
dual not feasible: -53.0175
dual not feasible: -52.7747
dual not feasible: -50.141
dual not feasible: -49.0059
dual not feasible: -45.0296
dual not feasible: -53.3684
dual not feasible: -53.6117
dual not feasible: -50.8775
dual not feasible: -52.4023
dual not feasible: -55.043
dual not feasible: -57.0027
dual not feasible: -48.9427
dual not feasible: -48.3359
dual not feasible: -50.4771
dual not feasible: -49.5499
dual not feasible: -44.8796
dual not feasible: -46.3856
dual not feasible: -50.5451
dual not feasible: -50.8948
dual not feasible: -51.4353
dual not feasible: -50.1469
dual not feasible: -53.1305
dual not feasible: -53.8258
dual not feasible: -54.8847
dual not feasible: -50.4087
dual not feasible: -48.5061
dual not feasible: -47.4729
dual not feasible: -44.381
dual not feasible: -47.7352
dual not feasible: -43.2243
dual not feasible: -50.5905
dual not feasible: -53.0876
dual not feasible: -53.9455
dual not feasible: -52.3172
dual not feasible: -51.2605
dual not feasible: -53.639
dual not feasible: -49.6708
dual not feasible: -48.1768
dual not feasible: -44.1441
dual not feasible: -44.4384
dual not feasible: -49.7803
dual not feasible: -45.7284
dual not feasible: -49.4225
dual not feasible: -46.4582
dual not feasible: -48.5124
dual not feasible: -45.3462
dual not feasible: -45.0747
dual not feasible: -45.5399
dual not feasible: -44.8154
dual not feasible: -49.4353
dual not feasible: -56.4673
dual not feasible: -48.5738
dual not feasible: -47.6004
dual not feasible: -47.4484
dual not feasible: -45.901
dual not feasible: -41.8094
dual not feasible: -45.6138
dual not feasible: -45.2836
dual not feasible: -42.854
dual not feasible: -49.8038
dual not feasible: -47.4046
dual not feasible: -45.0878
dual not feasible: -45.2104
dual not feasible: -47.6604
dual not feasible: -48.2129
dual not feasible: -41.8803
dual not feasible: -40.8046
dual not feasible: -47.1268
dual not feasible: -44.9415
dual not feasible: -46.2028
dual not feasible: -44.6757
dual not feasible: -45.2666
dual not feasible: -47.8717
dual not feasible: -48.2051
dual not feasible: -46.3366
dual not feasible: -41.7627
dual not feasible: -41.1619
dual not feasible: -43.8881
dual not feasible: -43.6163
dual not feasible: -45.5949
dual not feasible: -44.162
dual not feasible: -45.2253
dual not feasible: -45.3302
dual not feasible: -44.7153
dual not feasible: -42.0237
STATS - lpIterations[35] lagIterations[10044] sspIterations[10044] numSeparations[9910] numCuts[0] compileTime[0] sspSolveTime[330] lpSolveTime[0] lb[646.81] ub[771.79] size: [20053] time: [601]
dual not feasible: -41.4014
dual not feasible: -54.2051
dual not feasible: -47.6367
dual not feasible: -60.9715
dual not feasible: -51.4258
dual not feasible: -51.6284
dual not feasible: -54.3966
dual not feasible: -59.3743
dual not feasible: -57.1739
dual not feasible: -54.4289
dual not feasible: -52.3904
dual not feasible: -61.6326
dual not feasible: -58.6592
dual not feasible: -58.8445
dual not feasible: -54.5809
dual not feasible: -53.3012
dual not feasible: -48.5141
dual not feasible: -48.7386
dual not feasible: -46.0236
dual not feasible: -47.8138
dual not feasible: -54.6292
dual not feasible: -56.4141
dual not feasible: -56.6111
dual not feasible: -50.8368
dual not feasible: -52.0856
dual not feasible: -53.3771
dual not feasible: -54.4655
dual not feasible: -52.3871
dual not feasible: -50.1047
dual not feasible: -49.2345
dual not feasible: -49.3359
dual not feasible: -53.5243
dual not feasible: -52.696
dual not feasible: -50.3189
dual not feasible: -51.5508
dual not feasible: -52.3775
dual not feasible: -48.891
dual not feasible: -45.6758
dual not feasible: -48.6396
dual not feasible: -49.0512
dual not feasible: -52.2648
dual not feasible: -51.6399
dual not feasible: -52.9689
dual not feasible: -58.9897
dual not feasible: -48.8901
dual not feasible: -48.3215
dual not feasible: -45.0581
dual not feasible: -48.3082
dual not feasible: -50.6876
dual not feasible: -48.3025
dual not feasible: -47.2145
dual not feasible: -46.3008
dual not feasible: -47.6576
dual not feasible: -47.4581
dual not feasible: -46.8606
dual not feasible: -47.0809
dual not feasible: -45.3192
dual not feasible: -49.0975
dual not feasible: -53.3037
dual not feasible: -53.0274
dual not feasible: -53.3085
dual not feasible: -46.121
dual not feasible: -45.1432
dual not feasible: -47.4268
dual not feasible: -43.0686
dual not feasible: -41.4349
dual not feasible: -48.2258
dual not feasible: -45.2701
dual not feasible: -48.4702
dual not feasible: -43.8834
dual not feasible: -46.1379
dual not feasible: -47.2972
dual not feasible: -50.6991
dual not feasible: -40.0237
dual not feasible: -41.0421
dual not feasible: -40.9809
dual not feasible: -45.1028
dual not feasible: -46.8066
dual not feasible: -45.8225
dual not feasible: -45.0378
dual not feasible: -48.0591
dual not feasible: -51.0337
dual not feasible: -43.1184
dual not feasible: -47.4275
dual not feasible: -44.5007
dual not feasible: -41.5885
dual not feasible: -49.2069
dual not feasible: -47.6124
dual not feasible: -43.558
dual not feasible: -43.7413
dual not feasible: -41.5346
dual not feasible: -43.5455
dual not feasible: -43.7604
dual not feasible: -43.2557
dual not feasible: -41.1928
dual not feasible: -47.8521
dual not feasible: -43.5734
dual not feasible: -44.9108
dual not feasible: -42.883
dual not feasible: -44.532
dual not feasible: -45.4131
dual not feasible: -45.0181
dual not feasible: -42.4808
dual not feasible: -42.7146
dual not feasible: -44.2313
dual not feasible: -43.2447
dual not feasible: -43.413
dual not feasible: -41.9265
dual not feasible: -45.0657
dual not feasible: -44.1763
dual not feasible: -42.8013
dual not feasible: -42.8904
dual not feasible: -40.4058
dual not feasible: -40.6326
dual not feasible: -45.6438
dual not feasible: -45.8652
dual not feasible: -40.9412
dual not feasible: -42.4766
dual not feasible: -46.1945
dual not feasible: -43.4521
dual not feasible: -43.6438
dual not feasible: -41.3606
dual not feasible: -39.9706
dual not feasible: -44.3295
dual not feasible: -43.2204
dual not feasible: -43.5254
dual not feasible: -44.5986
dual not feasible: -42.4084
dual not feasible: -42.6
dual not feasible: -43.1284
dual not feasible: -40.8889
dual not feasible: -39.2653
dual not feasible: -45.2711
dual not feasible: -43.0549
dual not feasible: -44.0609
dual not feasible: -41.9693
dual not feasible: -42.3239
dual not feasible: -43.2573
dual not feasible: -40.7824
dual not feasible: -41.1668
dual not feasible: -41.9322
dual not feasible: -43.6156
dual not feasible: -42.8051
dual not feasible: -39.8034
dual not feasible: -40.767
dual not feasible: -40.8209
dual not feasible: -39.7119
dual not feasible: -41.7142
dual not feasible: -39.6729
dual not feasible: -47.4331
dual not feasible: -44.9116
dual not feasible: -40.9956
dual not feasible: -39.9116
dual not feasible: -41.8992
dual not feasible: -39.3498
dual not feasible: -43.8472
dual not feasible: -41.3152
dual not feasible: -39.6206
dual not feasible: -39.4585
dual not feasible: -41.9954
dual not feasible: -42.2346
dual not feasible: -42.2711
dual not feasible: -40.8265
dual not feasible: -39.7877
dual not feasible: -39.8008
dual not feasible: -40.0946
dual not feasible: -39.3508
dual not feasible: -39.9422
dual not feasible: -41.1385
dual not feasible: -41.4099
dual not feasible: -40.817
dual not feasible: -39.0803
dual not feasible: -36.8714
dual not feasible: -39.4776
dual not feasible: -41.9198
dual not feasible: -44.2966
dual not feasible: -44.4315
dual not feasible: -42.8566
dual not feasible: -43.365
dual not feasible: -38.4315
dual not feasible: -39.675
dual not feasible: -40.5818
dual not feasible: -37.0726
dual not feasible: -39.7303
dual not feasible: -40.4112
dual not feasible: -42.4222
dual not feasible: -41.9818
dual not feasible: -39.9607
dual not feasible: -40.7864
dual not feasible: -43.4744
dual not feasible: -39.0176
dual not feasible: -37.3144
dual not feasible: -40.2103
dual not feasible: -39.7065
dual not feasible: -42.0355
dual not feasible: -40.8204
dual not feasible: -38.9589
dual not feasible: -37.5038
dual not feasible: -42.0299
dual not feasible: -38.5748
dual not feasible: -40.1388
dual not feasible: -40.3278
dual not feasible: -39.9865
dual not feasible: -42.6693
dual not feasible: -37.8995
dual not feasible: -37.6651
dual not feasible: -40.2716
dual not feasible: -39.9038
dual not feasible: -40.3825
dual not feasible: -42.7422
dual not feasible: -38.3393
dual not feasible: -37.9861
dual not feasible: -41.9659
dual not feasible: -38.1474
dual not feasible: -38.1745
dual not feasible: -42.0184
dual not feasible: -37.8712
dual not feasible: -38.2294
dual not feasible: -41.2195
dual not feasible: -39.5001
dual not feasible: -44.2288
dual not feasible: -38.5373
dual not feasible: -39.8154
dual not feasible: -39.8156
dual not feasible: -36.7893
dual not feasible: -37.2674
dual not feasible: -36.744
dual not feasible: -39.9499
dual not feasible: -36.7075
dual not feasible: -38.0075
dual not feasible: -40.7559
dual not feasible: -40.4182
dual not feasible: -39.5762
dual not feasible: -37.6585
dual not feasible: -37.3765
dual not feasible: -40.1579
dual not feasible: -39.4406
dual not feasible: -40.1481
dual not feasible: -36.8934
dual not feasible: -40.1727
dual not feasible: -40.5369
dual not feasible: -38.7617
dual not feasible: -39.1222
dual not feasible: -37.6842
dual not feasible: -38.8595
dual not feasible: -39.4801
dual not feasible: -38.3665
dual not feasible: -38.0201
dual not feasible: -38.0695
dual not feasible: -39.5101
dual not feasible: -39.3369
dual not feasible: -39.5649
dual not feasible: -37.475
dual not feasible: -39.6832
dual not feasible: -40.5145
dual not feasible: -38.5414
dual not feasible: -37.8734
dual not feasible: -38.9251
dual not feasible: -37.6216
dual not feasible: -39.9851
dual not feasible: -37.5614
dual not feasible: -37.9753
dual not feasible: -39.0129
dual not feasible: -36.7256
dual not feasible: -37.2047
dual not feasible: -37.4854
dual not feasible: -37.3135
dual not feasible: -35.8494
dual not feasible: -38.1494
dual not feasible: -38.3951
dual not feasible: -37.8296
dual not feasible: -39.0022
dual not feasible: -38.9866
dual not feasible: -39.8564
dual not feasible: -40.4405
dual not feasible: -38.6893
dual not feasible: -38.0363
dual not feasible: -36.5065
dual not feasible: -40.4442
dual not feasible: -38.878
dual not feasible: -36.62
dual not feasible: -37.7435
dual not feasible: -39.6039
dual not feasible: -39.6581
dual not feasible: -39.7109
dual not feasible: -37.2241
dual not feasible: -37.8928
dual not feasible: -40.2269
dual not feasible: -37.018
dual not feasible: -37.4644
dual not feasible: -37.1402
dual not feasible: -38.874
dual not feasible: -38.3682
dual not feasible: -37.4415
dual not feasible: -37.8614
dual not feasible: -40.9832
dual not feasible: -37.9277
dual not feasible: -38.9171
dual not feasible: -36.5837
dual not feasible: -36.0662
dual not feasible: -38.5249
dual not feasible: -37.5354
dual not feasible: -37.7945
dual not feasible: -36.4604
dual not feasible: -37.1008
dual not feasible: -37.0904
dual not feasible: -38.2918
dual not feasible: -37.8476
dual not feasible: -37.0815
dual not feasible: -36.5158
dual not feasible: -37.5467
dual not feasible: -37.1685
dual not feasible: -38.064
dual not feasible: -36.2384
dual not feasible: -36.9783
dual not feasible: -37.7708
dual not feasible: -41.9972
dual not feasible: -38.5924
dual not feasible: -37.5115
dual not feasible: -38.9368
dual not feasible: -36.5437
dual not feasible: -38.8398
dual not feasible: -35.8675
dual not feasible: -36.3159
dual not feasible: -39.8991
dual not feasible: -38.9339
dual not feasible: -38.6904
dual not feasible: -36.3037
dual not feasible: -36.9841
dual not feasible: -35.0156
dual not feasible: -37.2823
dual not feasible: -37.0224
dual not feasible: -37.3737
dual not feasible: -36.4222
dual not feasible: -38.1518
dual not feasible: -38.0666
dual not feasible: -38.9504
dual not feasible: -37.2117
dual not feasible: -35.5672
dual not feasible: -38.9984
dual not feasible: -38.0325
dual not feasible: -38.4267
dual not feasible: -37.5088
dual not feasible: -37.3989
dual not feasible: -38.0727
dual not feasible: -37.0233
dual not feasible: -35.028
dual not feasible: -35.9426
dual not feasible: -36.7712
dual not feasible: -39.7466
dual not feasible: -37.2185
dual not feasible: -37.3778
dual not feasible: -38.1375
dual not feasible: -38.4132
dual not feasible: -37.2675
dual not feasible: -37.8607
dual not feasible: -35.1715
dual not feasible: -36.7286
dual not feasible: -38.5883
dual not feasible: -36.9688
dual not feasible: -37.9435
dual not feasible: -38.0694
dual not feasible: -36.3968
dual not feasible: -36.8332
dual not feasible: -35.5863
dual not feasible: -36.5081
dual not feasible: -39.0178
dual not feasible: -38.2384
dual not feasible: -37.2085
dual not feasible: -35.7165
dual not feasible: -35.7656
dual not feasible: -36.4363
dual not feasible: -35.7543
dual not feasible: -37.3837
dual not feasible: -36.1918
dual not feasible: -37.6205
dual not feasible: -36.7346
dual not feasible: -38.1417
dual not feasible: -37.0281
dual not feasible: -35.0753
dual not feasible: -36.4912
dual not feasible: -37.8229
dual not feasible: -36.643
dual not feasible: -37.9765
dual not feasible: -36.9525
dual not feasible: -36.2007
dual not feasible: -39.7296
dual not feasible: -37.1947
dual not feasible: -37.2265
dual not feasible: -36.6189
dual not feasible: -36.085
dual not feasible: -36.9896
dual not feasible: -35.2194
dual not feasible: -35.3116
dual not feasible: -36.1597
dual not feasible: -36.3622
dual not feasible: -37.3645
dual not feasible: -37.2374
dual not feasible: -37.0973
dual not feasible: -37.8255
dual not feasible: -36.4064
dual not feasible: -36.0204
dual not feasible: -36.226
dual not feasible: -35.7616
dual not feasible: -34.8386
dual not feasible: -35.7205
dual not feasible: -37.4995
dual not feasible: -37.5496
dual not feasible: -37.1138
dual not feasible: -38.0875
dual not feasible: -36.4426
dual not feasible: -35.3381
dual not feasible: -37.1116
dual not feasible: -35.8575
dual not feasible: -37.1122
dual not feasible: -37.284
dual not feasible: -37.0006
dual not feasible: -37.0268
dual not feasible: -36.6662
dual not feasible: -35.0364
dual not feasible: -35.0424
dual not feasible: -35.8975
dual not feasible: -36.1072
dual not feasible: -36.3879
dual not feasible: -34.9464
dual not feasible: -36.5348
dual not feasible: -37.177
dual not feasible: -36.6137
dual not feasible: -36.4027
dual not feasible: -35.2982
dual not feasible: -36.5671
STATS - lpIterations[36] lagIterations[10475] sspIterations[10475] numSeparations[10340] numCuts[0] compileTime[0] sspSolveTime[354] lpSolveTime[0] lb[646.81] ub[771.79] size: [20582] time: [644]
dual not feasible: -36.1804
dual not feasible: -41.4676
dual not feasible: -48.9145
dual not feasible: -54.4016
dual not feasible: -56.4797
dual not feasible: -53.7703
dual not feasible: -55.2177
dual not feasible: -64.9138
dual not feasible: -56.1188
dual not feasible: -53.2806
dual not feasible: -56.2518
dual not feasible: -52.2755
dual not feasible: -56.8195
dual not feasible: -56.7176
dual not feasible: -53.1007
dual not feasible: -53.4207
dual not feasible: -61.6369
dual not feasible: -54.2198
dual not feasible: -56.431
dual not feasible: -55.6958
dual not feasible: -51.7089
dual not feasible: -49.9246
dual not feasible: -48.8626
dual not feasible: -52.7227
dual not feasible: -55.9376
dual not feasible: -50.1138
dual not feasible: -47.1593
dual not feasible: -53.6431
dual not feasible: -52.0893
dual not feasible: -53.961
dual not feasible: -53.3235
dual not feasible: -50.8414
dual not feasible: -54.6386
dual not feasible: -55.875
dual not feasible: -55.5637
dual not feasible: -52.1415
dual not feasible: -53.573
dual not feasible: -51.8447
dual not feasible: -49.2684
dual not feasible: -52.6937
dual not feasible: -50.3222
dual not feasible: -47.7032
dual not feasible: -50.8796
dual not feasible: -52.3829
dual not feasible: -53.7443
dual not feasible: -54.7487
dual not feasible: -49.5592
dual not feasible: -50.7282
dual not feasible: -50.0341
dual not feasible: -45.5478
dual not feasible: -48.0299
dual not feasible: -51.4528
dual not feasible: -47.1003
dual not feasible: -48.0707
dual not feasible: -46.6259
dual not feasible: -46.5838
dual not feasible: -50.2195
dual not feasible: -46.5735
dual not feasible: -46.6696
dual not feasible: -48.3857
dual not feasible: -47.498
dual not feasible: -55.0442
dual not feasible: -45.9116
dual not feasible: -47.1219
dual not feasible: -46.8964
dual not feasible: -46.5091
dual not feasible: -46.3177
dual not feasible: -45.0989
dual not feasible: -46.6718
dual not feasible: -48.022
dual not feasible: -47.1769
dual not feasible: -47.0343
dual not feasible: -49.1076
dual not feasible: -46.4469
dual not feasible: -47.4072
dual not feasible: -45.7313
dual not feasible: -40.9198
dual not feasible: -42.8453
dual not feasible: -51.334
dual not feasible: -51.0825
dual not feasible: -44.0811
dual not feasible: -44.8465
dual not feasible: -44.8944
dual not feasible: -51.6569
dual not feasible: -43.6784
dual not feasible: -44.424
dual not feasible: -45.358
dual not feasible: -46.2679
dual not feasible: -48.2786
dual not feasible: -44.4858
dual not feasible: -45.7967
dual not feasible: -44.6473
dual not feasible: -46.1884
dual not feasible: -44.0862
dual not feasible: -45.4121
dual not feasible: -44.722
dual not feasible: -46.4567
dual not feasible: -47.7114
dual not feasible: -45.4723
dual not feasible: -44.9461
dual not feasible: -44.4972
dual not feasible: -45.1255
STATS - lpIterations[37] lagIterations[10577] sspIterations[10577] numSeparations[10441] numCuts[0] compileTime[0] sspSolveTime[360] lpSolveTime[0] lb[646.81] ub[771.79] size: [20711] time: [655]
dual not feasible: -47.7125
dual not feasible: -48.3987
dual not feasible: -43.4019
dual not feasible: -57.9609
dual not feasible: -58.0927
dual not feasible: -58.7675
dual not feasible: -57.247
dual not feasible: -64.105
dual not feasible: -58.2031
dual not feasible: -56.3506
dual not feasible: -51.5983
dual not feasible: -49.0459
dual not feasible: -53.9038
dual not feasible: -59.1601
dual not feasible: -51.7481
dual not feasible: -65.5213
dual not feasible: -64.1628
dual not feasible: -60.0747
dual not feasible: -50.977
dual not feasible: -52.517
dual not feasible: -52.8203
dual not feasible: -55.1389
dual not feasible: -51.8003
dual not feasible: -48.9544
dual not feasible: -47.0695
dual not feasible: -51.9126
dual not feasible: -55.6641
dual not feasible: -56.3408
dual not feasible: -55.9762
dual not feasible: -56.262
dual not feasible: -53.2032
dual not feasible: -52.3655
dual not feasible: -55.6415
dual not feasible: -51.0819
dual not feasible: -54.0725
dual not feasible: -53.9962
dual not feasible: -45.0334
dual not feasible: -47.0669
dual not feasible: -48.9137
dual not feasible: -45.9396
dual not feasible: -50.013
dual not feasible: -47.5958
dual not feasible: -50.2161
dual not feasible: -50.2105
dual not feasible: -48.5537
dual not feasible: -49.1729
dual not feasible: -57.6319
dual not feasible: -55.8461
dual not feasible: -45.9742
dual not feasible: -50.4129
dual not feasible: -55.135
dual not feasible: -53.3821
dual not feasible: -48.4114
dual not feasible: -45.0889
dual not feasible: -52.8676
dual not feasible: -48.6738
dual not feasible: -47.721
dual not feasible: -45.5196
dual not feasible: -47.7345
dual not feasible: -49.2432
dual not feasible: -50.5638
dual not feasible: -47.6376
dual not feasible: -45.1894
dual not feasible: -54.2562
dual not feasible: -49.6275
dual not feasible: -47.8217
dual not feasible: -49.7235
dual not feasible: -45.3565
dual not feasible: -46.0708
dual not feasible: -52.4877
dual not feasible: -46.7098
dual not feasible: -45.1111
dual not feasible: -55.0423
dual not feasible: -53.1738
dual not feasible: -53.5677
dual not feasible: -46.1732
dual not feasible: -43.0789
dual not feasible: -44.8688
dual not feasible: -42.6548
dual not feasible: -43.122
dual not feasible: -45.5229
dual not feasible: -45.7762
dual not feasible: -44.0714
dual not feasible: -48.6913
dual not feasible: -47.1115
dual not feasible: -42.0551
dual not feasible: -46.7816
dual not feasible: -44.5475
dual not feasible: -48.2371
dual not feasible: -45.3895
dual not feasible: -45.7415
dual not feasible: -45.5852
dual not feasible: -51.5641
dual not feasible: -49.2245
dual not feasible: -41.489
dual not feasible: -42.6713
dual not feasible: -42.5204
dual not feasible: -46.173
dual not feasible: -47.4495
dual not feasible: -42.6984
dual not feasible: -47.8264
dual not feasible: -45.2742
dual not feasible: -48.8337
dual not feasible: -45.3963
dual not feasible: -44.6655
dual not feasible: -42.0837
dual not feasible: -43.9882
dual not feasible: -45.6681
dual not feasible: -41.481
dual not feasible: -44.9468
dual not feasible: -47.104
dual not feasible: -43.7898
dual not feasible: -45.9743
dual not feasible: -43.3512
dual not feasible: -45.9512
dual not feasible: -43.2347
dual not feasible: -41.818
dual not feasible: -41.2253
dual not feasible: -43.1872
dual not feasible: -46.3741
dual not feasible: -50.1353
dual not feasible: -44.8942
dual not feasible: -42.422
dual not feasible: -45.289
dual not feasible: -42.9022
dual not feasible: -41.3269
dual not feasible: -42.0264
dual not feasible: -49.6912
dual not feasible: -46.1411
dual not feasible: -46.4492
dual not feasible: -42.1471
dual not feasible: -41.9574
dual not feasible: -43.8963
dual not feasible: -41.5572
dual not feasible: -43.7172
dual not feasible: -44.4238
dual not feasible: -43.4195
dual not feasible: -41.3503
dual not feasible: -42.4046
dual not feasible: -42.4463
dual not feasible: -40.6012
dual not feasible: -41.6887
dual not feasible: -44.9758
dual not feasible: -41.3844
dual not feasible: -42.5984
dual not feasible: -46.9564
dual not feasible: -40.7319
dual not feasible: -42.9676
dual not feasible: -40.5054
dual not feasible: -42.0615
dual not feasible: -41.7605
dual not feasible: -40.2158
dual not feasible: -42.1546
dual not feasible: -42.4268
dual not feasible: -44.2168
dual not feasible: -44.4993
dual not feasible: -44.8129
dual not feasible: -41.7561
dual not feasible: -42.4169
dual not feasible: -42.0491
dual not feasible: -38.8634
dual not feasible: -42.6552
dual not feasible: -42.3091
dual not feasible: -42.7995
dual not feasible: -42.6001
dual not feasible: -42.9012
dual not feasible: -40.1877
dual not feasible: -43.526
dual not feasible: -41.101
dual not feasible: -40.8831
dual not feasible: -43.4232
dual not feasible: -44.3973
dual not feasible: -46.1314
dual not feasible: -41.5653
dual not feasible: -41.2378
dual not feasible: -40.2919
dual not feasible: -42.4393
dual not feasible: -39.6095
dual not feasible: -38.1361
dual not feasible: -41.9559
dual not feasible: -41.8963
dual not feasible: -41.9518
dual not feasible: -40.857
dual not feasible: -42.7097
dual not feasible: -41.5092
dual not feasible: -43.1119
dual not feasible: -39.8189
dual not feasible: -42.6719
dual not feasible: -39.1227
dual not feasible: -38.4281
dual not feasible: -43.2179
dual not feasible: -43.1697
dual not feasible: -42.6061
dual not feasible: -39.1122
dual not feasible: -39.722
dual not feasible: -38.5269
dual not feasible: -40.9179
dual not feasible: -38.594
dual not feasible: -43.6294
dual not feasible: -41.6753
dual not feasible: -42.0074
dual not feasible: -39.3403
dual not feasible: -40.0333
dual not feasible: -40.4227
dual not feasible: -38.1915
dual not feasible: -41.8788
dual not feasible: -40.532
dual not feasible: -41.3111
dual not feasible: -41.4433
dual not feasible: -41.5671
dual not feasible: -40.0669
dual not feasible: -40.5686
dual not feasible: -40.2582
dual not feasible: -42.0326
dual not feasible: -38.5132
dual not feasible: -42.1929
dual not feasible: -40.3385
dual not feasible: -40.4964
dual not feasible: -45.9051
dual not feasible: -39.2452
dual not feasible: -39.4536
dual not feasible: -40.4813
dual not feasible: -39.5241
dual not feasible: -39.1515
dual not feasible: -40.3955
dual not feasible: -38.8875
dual not feasible: -42.0386
dual not feasible: -40.0367
dual not feasible: -38.96
dual not feasible: -41.966
dual not feasible: -40.5846
dual not feasible: -39.3706
dual not feasible: -40.9022
dual not feasible: -38.5263
dual not feasible: -41.722
dual not feasible: -38.9427
dual not feasible: -38.6887
dual not feasible: -38.0639
dual not feasible: -39.8489
dual not feasible: -42.0476
dual not feasible: -39.7092
dual not feasible: -37.9056
dual not feasible: -38.8355
dual not feasible: -40.7832
dual not feasible: -39.2952
dual not feasible: -40.8152
dual not feasible: -38.3873
dual not feasible: -41.0484
dual not feasible: -39.0218
dual not feasible: -38.1615
dual not feasible: -37.5177
dual not feasible: -38.3938
dual not feasible: -37.6417
dual not feasible: -39.42
dual not feasible: -40.1714
dual not feasible: -40.983
dual not feasible: -38.7275
dual not feasible: -40.7569
dual not feasible: -39.809
dual not feasible: -44.8895
dual not feasible: -39.2278
dual not feasible: -38.7091
dual not feasible: -39.3922
dual not feasible: -39.8198
dual not feasible: -41.7953
dual not feasible: -38.566
dual not feasible: -39.6308
dual not feasible: -38.3281
dual not feasible: -39.3686
dual not feasible: -36.985
dual not feasible: -39.3582
dual not feasible: -39.1738
dual not feasible: -38.4242
dual not feasible: -39.5546
dual not feasible: -40.3438
dual not feasible: -39.6029
dual not feasible: -38.536
dual not feasible: -39.1256
dual not feasible: -37.4377
dual not feasible: -37.467
dual not feasible: -37.654
dual not feasible: -40.087
dual not feasible: -40.1678
dual not feasible: -38.8428
dual not feasible: -38.8535
dual not feasible: -38.358
dual not feasible: -38.7679
dual not feasible: -38.3684
dual not feasible: -39.8877
dual not feasible: -37.3522
dual not feasible: -39.6109
dual not feasible: -40.0149
dual not feasible: -37.5841
dual not feasible: -37.7964
dual not feasible: -37.8128
dual not feasible: -39.0575
dual not feasible: -39.2429
dual not feasible: -39.2639
dual not feasible: -37.9402
dual not feasible: -41.8438
dual not feasible: -38.3207
dual not feasible: -38.9029
dual not feasible: -40.3506
dual not feasible: -38.1483
dual not feasible: -37.5336
dual not feasible: -39.7333
dual not feasible: -38.2118
dual not feasible: -38.3568
dual not feasible: -38.2585
dual not feasible: -39.3165
dual not feasible: -38.934
dual not feasible: -36.0277
dual not feasible: -37.6564
dual not feasible: -39.2425
dual not feasible: -37.0136
dual not feasible: -39.091
dual not feasible: -37.1471
dual not feasible: -40.14
dual not feasible: -39.3987
dual not feasible: -37.3919
dual not feasible: -36.1207
dual not feasible: -38.6198
dual not feasible: -37.6565
dual not feasible: -42.0738
dual not feasible: -38.6449
dual not feasible: -38.1734
dual not feasible: -39.7153
dual not feasible: -38.1213
dual not feasible: -37.5189
dual not feasible: -37.5181
dual not feasible: -36.5005
dual not feasible: -39.1296
dual not feasible: -38.677
dual not feasible: -36.5767
dual not feasible: -38.2787
dual not feasible: -40.8195
dual not feasible: -38.6416
dual not feasible: -38.8023
dual not feasible: -38.8873
dual not feasible: -36.6181
dual not feasible: -37.6009
dual not feasible: -38.2194
dual not feasible: -38.8108
dual not feasible: -37.2733
dual not feasible: -39.4501
dual not feasible: -37.2868
dual not feasible: -41.5174
dual not feasible: -39.8175
dual not feasible: -37.7266
dual not feasible: -37.6775
dual not feasible: -37.9768
dual not feasible: -39.203
dual not feasible: -36.792
dual not feasible: -37.1879
dual not feasible: -37.0055
dual not feasible: -39.3586
dual not feasible: -38.763
dual not feasible: -39.1846
dual not feasible: -37.0899
dual not feasible: -37.9875
dual not feasible: -38.0998
dual not feasible: -37.0885
dual not feasible: -36.7927
dual not feasible: -38.5618
dual not feasible: -38.7337
dual not feasible: -39.5492
dual not feasible: -39.1002
dual not feasible: -37.0728
dual not feasible: -37.0904
dual not feasible: -40.6704
dual not feasible: -37.6104
dual not feasible: -39.6536
dual not feasible: -37.6857
dual not feasible: -38.1229
dual not feasible: -37.5322
dual not feasible: -38.0065
dual not feasible: -38.178
dual not feasible: -37.3376
dual not feasible: -37.7419
dual not feasible: -37.7526
dual not feasible: -40.2191
dual not feasible: -39.7105
dual not feasible: -35.8087
dual not feasible: -36.3235
dual not feasible: -37.1372
dual not feasible: -37.5227
dual not feasible: -39.4673
dual not feasible: -35.8973
dual not feasible: -36.2619
dual not feasible: -36.5282
dual not feasible: -37.9853
dual not feasible: -38.3947
dual not feasible: -38.7775
dual not feasible: -36.9319
dual not feasible: -36.6992
dual not feasible: -38.1407
dual not feasible: -36.6767
dual not feasible: -38.1447
dual not feasible: -36.8578
dual not feasible: -37.9848
dual not feasible: -37.8113
dual not feasible: -37.1639
dual not feasible: -36.7102
dual not feasible: -36.4951
dual not feasible: -37.9382
dual not feasible: -37.845
dual not feasible: -36.4421
dual not feasible: -36.9308
dual not feasible: -37.844
dual not feasible: -37.9616
dual not feasible: -37.9307
dual not feasible: -37.1543
dual not feasible: -36.2701
STATS - lpIterations[38] lagIterations[10990] sspIterations[10990] numSeparations[10853] numCuts[0] compileTime[0] sspSolveTime[384] lpSolveTime[0] lb[646.81] ub[771.79] size: [21243] time: [698]
dual not feasible: -36.9955
dual not feasible: -47.1429
dual not feasible: -47.9138
dual not feasible: -51.4544
dual not feasible: -51.098
dual not feasible: -59.3617
dual not feasible: -70.766
dual not feasible: -61.4094
dual not feasible: -52.9566
dual not feasible: -54.9908
dual not feasible: -56.1033
dual not feasible: -54.4546
dual not feasible: -55.757
dual not feasible: -56.7949
dual not feasible: -54.0018
dual not feasible: -54.0874
dual not feasible: -54.7282
dual not feasible: -53.5405
dual not feasible: -51.7638
dual not feasible: -51.3598
dual not feasible: -54.0319
dual not feasible: -55.4721
dual not feasible: -58.4768
dual not feasible: -53.5141
dual not feasible: -52.1876
dual not feasible: -53.7618
dual not feasible: -50.2513
dual not feasible: -58.7027
dual not feasible: -54.7444
dual not feasible: -52.7139
dual not feasible: -57.3673
dual not feasible: -58.1973
dual not feasible: -59.7894
dual not feasible: -44.7441
dual not feasible: -46.9548
dual not feasible: -62.9409
dual not feasible: -50.2391
dual not feasible: -54.7552
dual not feasible: -47.406
dual not feasible: -48.192
dual not feasible: -54.5522
dual not feasible: -54.086
dual not feasible: -48.8237
dual not feasible: -48.0933
dual not feasible: -53.3308
dual not feasible: -48.7728
dual not feasible: -51.604
dual not feasible: -49.0347
dual not feasible: -51.2899
dual not feasible: -54.6463
dual not feasible: -54.0875
dual not feasible: -47.1388
dual not feasible: -49.3397
dual not feasible: -52.7661
dual not feasible: -47.2208
dual not feasible: -48.017
dual not feasible: -50.2467
dual not feasible: -48.3141
dual not feasible: -52.6361
dual not feasible: -46.326
dual not feasible: -46.933
dual not feasible: -43.9447
dual not feasible: -47.399
dual not feasible: -49.9762
dual not feasible: -47.6402
dual not feasible: -46.2842
dual not feasible: -48.2888
dual not feasible: -49.0179
dual not feasible: -51.5896
dual not feasible: -45.8412
dual not feasible: -44.8918
dual not feasible: -46.5456
dual not feasible: -43.5096
dual not feasible: -45.6798
dual not feasible: -47.2987
dual not feasible: -46.194
dual not feasible: -49.5429
dual not feasible: -46.608
dual not feasible: -48.3701
dual not feasible: -47.2224
dual not feasible: -45.831
dual not feasible: -45.1943
dual not feasible: -47.0475
dual not feasible: -52.8197
dual not feasible: -54.1882
dual not feasible: -51.9288
dual not feasible: -49.8122
dual not feasible: -44.6479
dual not feasible: -42.9597
dual not feasible: -46.1764
dual not feasible: -44.1361
dual not feasible: -42.5804
dual not feasible: -50.3705
dual not feasible: -49.9681
dual not feasible: -49.5861
dual not feasible: -44.4824
dual not feasible: -42.2055
dual not feasible: -43.187
dual not feasible: -41.4506
dual not feasible: -41.4096
dual not feasible: -48.6594
dual not feasible: -46.8701
STATS - lpIterations[39] lagIterations[11092] sspIterations[11092] numSeparations[10954] numCuts[0] compileTime[0] sspSolveTime[390] lpSolveTime[0] lb[646.81] ub[771.79] size: [21362] time: [709]
dual not feasible: -47.1546
dual not feasible: -48.2341
dual not feasible: -51.328
dual not feasible: -49.4649
dual not feasible: -48.7204
dual not feasible: -51.4259
dual not feasible: -54.4838
dual not feasible: -58.3702
dual not feasible: -65.4579
dual not feasible: -55.1204
dual not feasible: -50.8951
dual not feasible: -49.8779
dual not feasible: -54.3955
dual not feasible: -56.3187
dual not feasible: -57.9055
dual not feasible: -54.7421
dual not feasible: -56.9527
dual not feasible: -53.9064
dual not feasible: -54.5449
dual not feasible: -56.1529
dual not feasible: -49.5137
dual not feasible: -53.9807
dual not feasible: -50.9513
dual not feasible: -54.7844
dual not feasible: -51.8369
dual not feasible: -51.6291
dual not feasible: -63.3432
dual not feasible: -52.9549
dual not feasible: -52.274
dual not feasible: -50.8219
dual not feasible: -52.6533
dual not feasible: -48.2918
dual not feasible: -52.5919
dual not feasible: -54.3681
dual not feasible: -59.4248
dual not feasible: -53.6451
dual not feasible: -52.6726
dual not feasible: -49.8937
dual not feasible: -53.3089
dual not feasible: -57.2133
dual not feasible: -49.6234
dual not feasible: -46.6357
dual not feasible: -45.1197
dual not feasible: -53.9194
dual not feasible: -53.3734
dual not feasible: -54.49
dual not feasible: -52.2278
dual not feasible: -54.4128
dual not feasible: -53.8109
dual not feasible: -53.7067
dual not feasible: -45.6808
dual not feasible: -46.5606
dual not feasible: -53.4814
dual not feasible: -50.5412
dual not feasible: -52.3665
dual not feasible: -49.2923
dual not feasible: -54.1327
dual not feasible: -49.0105
dual not feasible: -46.8218
dual not feasible: -49.4467
dual not feasible: -52.7697
dual not feasible: -53.2326
dual not feasible: -46.5399
dual not feasible: -48.1557
dual not feasible: -52.3077
dual not feasible: -48.4466
dual not feasible: -47.7627
dual not feasible: -43.8548
dual not feasible: -48.021
dual not feasible: -45.0211
dual not feasible: -47.9636
dual not feasible: -50.0001
dual not feasible: -49.1364
dual not feasible: -48.6953
dual not feasible: -42.8497
dual not feasible: -44.2126
dual not feasible: -45.2447
dual not feasible: -45.7763
dual not feasible: -47.9154
dual not feasible: -54.4575
dual not feasible: -52.456
dual not feasible: -43.3316
dual not feasible: -43.8733
dual not feasible: -42.7299
dual not feasible: -51.6653
dual not feasible: -44.4053
dual not feasible: -47.1908
dual not feasible: -46.9645
dual not feasible: -49.1739
dual not feasible: -48.7156
dual not feasible: -46.3556
dual not feasible: -45.6725
dual not feasible: -46.8067
dual not feasible: -50.1871
dual not feasible: -45.0333
dual not feasible: -41.0786
dual not feasible: -43.209
dual not feasible: -46.5447
dual not feasible: -44.7344
dual not feasible: -45.7447
dual not feasible: -47.1564
dual not feasible: -44.8274
dual not feasible: -47.8107
dual not feasible: -45.5352
dual not feasible: -45.1271
dual not feasible: -45.07
dual not feasible: -44.6906
dual not feasible: -47.1668
dual not feasible: -44.5036
dual not feasible: -42.981
dual not feasible: -43.9369
dual not feasible: -46.2838
dual not feasible: -41.4685
dual not feasible: -41.3332
dual not feasible: -44.4866
dual not feasible: -46.9091
dual not feasible: -49.5948
dual not feasible: -44.167
dual not feasible: -45.9512
dual not feasible: -47.8685
dual not feasible: -43.8563
dual not feasible: -40.9761
dual not feasible: -41.6363
dual not feasible: -46.2332
dual not feasible: -44.1496
dual not feasible: -43.0174
dual not feasible: -41.6505
dual not feasible: -44.2772
dual not feasible: -43.8493
dual not feasible: -44.1939
dual not feasible: -41.3978
dual not feasible: -39.3608
dual not feasible: -48.0594
dual not feasible: -43.7206
dual not feasible: -41.9587
dual not feasible: -42.2499
dual not feasible: -44.588
dual not feasible: -43.6955
dual not feasible: -45.391
dual not feasible: -41.1599
dual not feasible: -42.7345
dual not feasible: -45.0899
dual not feasible: -39.8781
dual not feasible: -41.9848
dual not feasible: -39.4418
dual not feasible: -43.2982
dual not feasible: -41.4625
dual not feasible: -45.4151
dual not feasible: -43.4686
dual not feasible: -43.0774
dual not feasible: -42.8064
dual not feasible: -47.3126
dual not feasible: -45.214
dual not feasible: -44.0386
dual not feasible: -41.2297
dual not feasible: -40.4531
dual not feasible: -42.2865
dual not feasible: -42.6991
dual not feasible: -42.1587
dual not feasible: -40.4021
dual not feasible: -41.7039
dual not feasible: -42.1904
dual not feasible: -42.0723
dual not feasible: -44.0913
dual not feasible: -42.2048
dual not feasible: -43.0843
dual not feasible: -43.688
dual not feasible: -42.1366
dual not feasible: -41.9872
dual not feasible: -42.1877
dual not feasible: -44.1419
dual not feasible: -43.0312
dual not feasible: -40.3592
dual not feasible: -40.2376
dual not feasible: -44.4797
dual not feasible: -41.505
dual not feasible: -42.7343
dual not feasible: -41.4984
dual not feasible: -40.9831
dual not feasible: -46.4004
dual not feasible: -39.8755
dual not feasible: -37.8889
dual not feasible: -39.6574
dual not feasible: -42.3399
dual not feasible: -42.2817
dual not feasible: -41.443
dual not feasible: -40.1248
dual not feasible: -40.2117
dual not feasible: -41.2978
dual not feasible: -38.5698
dual not feasible: -39.7114
dual not feasible: -41.2886
dual not feasible: -42.1741
dual not feasible: -42.3189
dual not feasible: -42.2236
dual not feasible: -40.8372
dual not feasible: -41.4322
dual not feasible: -42.0629
dual not feasible: -40.3179
dual not feasible: -39.1719
dual not feasible: -40.9219
dual not feasible: -39.1545
dual not feasible: -40.8417
dual not feasible: -39.7671
dual not feasible: -42.2229
dual not feasible: -43.2386
dual not feasible: -42.826
dual not feasible: -42.3592
dual not feasible: -37.4349
dual not feasible: -39.103
dual not feasible: -43.5051
dual not feasible: -40.9117
dual not feasible: -38.14
dual not feasible: -39.5973
dual not feasible: -40.8542
dual not feasible: -41.4943
dual not feasible: -40.6799
dual not feasible: -38.1849
dual not feasible: -41.3246
dual not feasible: -41.9949
dual not feasible: -42.6003
dual not feasible: -39.3555
dual not feasible: -38.8892
dual not feasible: -41.695
dual not feasible: -39.5113
dual not feasible: -38.6928
dual not feasible: -39.1667
dual not feasible: -39.6277
dual not feasible: -41.3256
dual not feasible: -40.9604
dual not feasible: -39.9254
dual not feasible: -38.8999
dual not feasible: -38.9618
dual not feasible: -40.8644
dual not feasible: -39.0283
dual not feasible: -39.3528
dual not feasible: -41.8802
dual not feasible: -40.6372
dual not feasible: -37.7838
dual not feasible: -38.2552
dual not feasible: -41.3351
dual not feasible: -42.2999
dual not feasible: -40.1548
dual not feasible: -40.9246
dual not feasible: -38.1751
dual not feasible: -41.6224
dual not feasible: -40.6821
dual not feasible: -38.2068
dual not feasible: -39.1846
dual not feasible: -39.3861
dual not feasible: -38.8068
dual not feasible: -41.4734
dual not feasible: -37.1486
dual not feasible: -39.514
dual not feasible: -39.8994
dual not feasible: -41.3284
dual not feasible: -38.9451
dual not feasible: -39.6074
dual not feasible: -37.4316
dual not feasible: -38.5555
dual not feasible: -39.5886
dual not feasible: -42.6142
dual not feasible: -40.1795
dual not feasible: -38.6511
dual not feasible: -39.5695
dual not feasible: -40.0978
dual not feasible: -38.9683
dual not feasible: -38.6188
dual not feasible: -40.1741
dual not feasible: -37.9752
dual not feasible: -40.4647
dual not feasible: -38.6469
dual not feasible: -40.021
dual not feasible: -39.7533
dual not feasible: -39.2192
dual not feasible: -39.514
dual not feasible: -39.2107
dual not feasible: -39.7453
dual not feasible: -38.909
dual not feasible: -40.95
dual not feasible: -38.4032
dual not feasible: -39.2366
dual not feasible: -40.0535
dual not feasible: -40.3365
dual not feasible: -39.9788
dual not feasible: -39.2995
dual not feasible: -38.0243
dual not feasible: -38.9841
dual not feasible: -37.9604
dual not feasible: -39.8856
dual not feasible: -39.0435
dual not feasible: -39.5186
dual not feasible: -38.6477
dual not feasible: -37.7028
dual not feasible: -38.4585
dual not feasible: -37.6109
dual not feasible: -37.6673
dual not feasible: -38.3099
dual not feasible: -38.2884
dual not feasible: -38.0921
dual not feasible: -39.8627
dual not feasible: -37.8894
dual not feasible: -38.0303
dual not feasible: -37.8832
dual not feasible: -38.4158
dual not feasible: -40.6385
dual not feasible: -39.4366
dual not feasible: -38.0338
dual not feasible: -37.069
dual not feasible: -40.2013
dual not feasible: -39.5316
dual not feasible: -40.5945
dual not feasible: -38.1652
dual not feasible: -37.2553
dual not feasible: -38.9237
dual not feasible: -38.0391
dual not feasible: -36.6165
dual not feasible: -37.9485
dual not feasible: -40.0596
dual not feasible: -40.0134
dual not feasible: -39.9472
dual not feasible: -36.8475
dual not feasible: -36.9434
dual not feasible: -37.964
dual not feasible: -37.1225
dual not feasible: -38.2826
dual not feasible: -38.9354
dual not feasible: -39.6498
dual not feasible: -36.56
dual not feasible: -37.478
dual not feasible: -38.9768
dual not feasible: -38.715
dual not feasible: -38.3059
dual not feasible: -37.1283
dual not feasible: -38.1696
dual not feasible: -37.889
dual not feasible: -39.0301
dual not feasible: -37.6604
dual not feasible: -37.2978
dual not feasible: -37.445
dual not feasible: -38.3439
dual not feasible: -38.0962
dual not feasible: -38.389
dual not feasible: -38.0034
dual not feasible: -39.4837
dual not feasible: -40.5306
dual not feasible: -36.6513
dual not feasible: -40.4489
dual not feasible: -39.5533
dual not feasible: -40.9131
dual not feasible: -37.2749
dual not feasible: -36.536
dual not feasible: -38.2714
dual not feasible: -38.1891
dual not feasible: -37.5707
dual not feasible: -38.3503
dual not feasible: -39.0671
dual not feasible: -37.7282
dual not feasible: -37.8537
dual not feasible: -37.0411
dual not feasible: -36.1959
dual not feasible: -37.1126
dual not feasible: -37.5662
dual not feasible: -40.0456
dual not feasible: -38.7263
dual not feasible: -39.0632
dual not feasible: -37.4411
dual not feasible: -38.6519
dual not feasible: -37.3965
dual not feasible: -39.3801
dual not feasible: -37.2484
dual not feasible: -37.1724
dual not feasible: -37.3236
dual not feasible: -39.1029
dual not feasible: -38.4992
dual not feasible: -39.9514
dual not feasible: -38.2204
dual not feasible: -36.2646
dual not feasible: -36.8503
dual not feasible: -39.5058
dual not feasible: -37.1414
dual not feasible: -38.4137
dual not feasible: -37.3416
dual not feasible: -39.0181
dual not feasible: -38.7395
dual not feasible: -39.0097
dual not feasible: -36.7221
dual not feasible: -37.3834
dual not feasible: -37.9306
dual not feasible: -38.5639
dual not feasible: -36.6667
dual not feasible: -37.149
dual not feasible: -38.2579
dual not feasible: -37.2469
dual not feasible: -36.6717
dual not feasible: -37.0843
dual not feasible: -37.7394
dual not feasible: -37.5586
dual not feasible: -37.1488
dual not feasible: -37.3725
dual not feasible: -35.8163
dual not feasible: -37.3903
dual not feasible: -39.6281
dual not feasible: -38.4946
dual not feasible: -38.3964
dual not feasible: -38.3034
dual not feasible: -37.0533
dual not feasible: -36.6641
dual not feasible: -37.16
dual not feasible: -38.8878
dual not feasible: -38.883
dual not feasible: -39.3571
dual not feasible: -37.8214
dual not feasible: -37.3798
dual not feasible: -38.5924
dual not feasible: -36.8214
dual not feasible: -36.3176
dual not feasible: -37.981
dual not feasible: -37.73
dual not feasible: -38.8523
dual not feasible: -37.6419
dual not feasible: -36.9251
dual not feasible: -36.7134
dual not feasible: -37.3483
dual not feasible: -37.6487
dual not feasible: -38.2353
dual not feasible: -38.0371
dual not feasible: -37.2315
dual not feasible: -37.6884
dual not feasible: -38.0516
dual not feasible: -37.653
dual not feasible: -37.1857
dual not feasible: -36.7197
dual not feasible: -37.9567
dual not feasible: -37.0012
dual not feasible: -38.4537
dual not feasible: -36.0973
dual not feasible: -36.9749
dual not feasible: -37.6293
dual not feasible: -37.0902
dual not feasible: -37.6011
dual not feasible: -36.6425
dual not feasible: -36.5804
dual not feasible: -36.9784
dual not feasible: -36.7504
dual not feasible: -39.6437
dual not feasible: -37.2296
dual not feasible: -38.6349
dual not feasible: -37.383
dual not feasible: -36.2966
dual not feasible: -37.4943
dual not feasible: -37.536
dual not feasible: -36.1573
dual not feasible: -37.2407
dual not feasible: -36.3893
dual not feasible: -40.6219
dual not feasible: -37.6544
dual not feasible: -35.9965
dual not feasible: -36.8956
dual not feasible: -36.5745
dual not feasible: -39.2881
dual not feasible: -39.4166
dual not feasible: -37.2906
dual not feasible: -37.5491
dual not feasible: -38.2065
dual not feasible: -38.7105
dual not feasible: -36.5348
dual not feasible: -36.5229
dual not feasible: -36.0811
dual not feasible: -37.0048
dual not feasible: -36.7533
dual not feasible: -37.3761
dual not feasible: -36.8535
dual not feasible: -37.8021
dual not feasible: -36.3197
dual not feasible: -36.4318
dual not feasible: -36.7862
dual not feasible: -36.9996
dual not feasible: -36.5599
dual not feasible: -37.8259
dual not feasible: -36.7016
dual not feasible: -37.6864
dual not feasible: -37.2045
dual not feasible: -35.6277
STATS - lpIterations[39] lagIterations[11576] sspIterations[11576] numSeparations[11437] numCuts[0] compileTime[0] sspSolveTime[419] lpSolveTime[0] lb[646.867] ub[771.79] size: [21946] time: [762]
dual not feasible: -36.0664
dual not feasible: -36.8876
dual not feasible: -37.7936
dual not feasible: -37.6833
dual not feasible: -36.4718
dual not feasible: -38.0452
dual not feasible: -37.3506
dual not feasible: -36.838
dual not feasible: -36.7142
dual not feasible: -37.2828
dual not feasible: -36.165
dual not feasible: -37.6925
dual not feasible: -37.2765
dual not feasible: -36.4135
dual not feasible: -36.2498
dual not feasible: -36.4368
dual not feasible: -36.3121
dual not feasible: -36.9331
STATS - lpIterations[40] lagIterations[11594] sspIterations[11594] numSeparations[11455] numCuts[0] compileTime[0] sspSolveTime[420] lpSolveTime[0] lb[646.867] ub[771.79] size: [21971] time: [764]
dual not feasible: -38.021
dual not feasible: -39.5933
dual not feasible: -57.9684
dual not feasible: -59.82
dual not feasible: -59.9592
dual not feasible: -58.8511
dual not feasible: -62.6834
dual not feasible: -60.8164
dual not feasible: -60.0102
dual not feasible: -56.7209
dual not feasible: -50.063
dual not feasible: -53.2906
dual not feasible: -52.2681
dual not feasible: -56.8288
dual not feasible: -56.7249
dual not feasible: -53.7697
dual not feasible: -55.8375
dual not feasible: -53.2974
dual not feasible: -52.275
dual not feasible: -58.3973
dual not feasible: -53.9831
dual not feasible: -66.1049
dual not feasible: -66.2194
dual not feasible: -61.9282
dual not feasible: -52.0476
dual not feasible: -52.6041
dual not feasible: -57.0283
dual not feasible: -50.0649
dual not feasible: -63.9893
dual not feasible: -50.72
dual not feasible: -52.4735
dual not feasible: -54.1417
dual not feasible: -54.9078
dual not feasible: -51.2826
dual not feasible: -53.5694
dual not feasible: -43.4599
dual not feasible: -47.5915
dual not feasible: -51.6913
dual not feasible: -54.7006
dual not feasible: -54.6454
dual not feasible: -49.4439
dual not feasible: -51.0903
dual not feasible: -50.7491
dual not feasible: -49.1988
dual not feasible: -56.5311
dual not feasible: -47.6215
dual not feasible: -50.8408
dual not feasible: -50.4852
dual not feasible: -54.6692
dual not feasible: -54.1398
dual not feasible: -46.3765
dual not feasible: -47.6458
dual not feasible: -48.3678
dual not feasible: -48.9619
dual not feasible: -48.0669
dual not feasible: -57.6252
dual not feasible: -51.0159
dual not feasible: -52.5132
dual not feasible: -44.6518
dual not feasible: -45.2979
dual not feasible: -45.8781
dual not feasible: -48.8699
dual not feasible: -51.3012
dual not feasible: -49.2662
dual not feasible: -46.6781
dual not feasible: -56.2644
dual not feasible: -49.0242
dual not feasible: -45.7179
dual not feasible: -43.4694
dual not feasible: -47.8546
dual not feasible: -47.2127
dual not feasible: -49.6288
dual not feasible: -48.0188
dual not feasible: -44.2496
dual not feasible: -48.9874
dual not feasible: -44.6447
dual not feasible: -47.9411
dual not feasible: -47.9965
dual not feasible: -51.0623
dual not feasible: -51.1471
dual not feasible: -46.4553
dual not feasible: -42.31
dual not feasible: -45.5574
dual not feasible: -46.1833
dual not feasible: -45.9803
dual not feasible: -46.6282
dual not feasible: -46.7492
dual not feasible: -45.1307
dual not feasible: -52.7671
dual not feasible: -49.6691
dual not feasible: -44.4612
dual not feasible: -45.2015
dual not feasible: -46.3338
dual not feasible: -49.0601
dual not feasible: -44.9721
dual not feasible: -45.6846
dual not feasible: -42.8991
dual not feasible: -44.6596
dual not feasible: -46.0207
dual not feasible: -43.4364
dual not feasible: -46.5126
dual not feasible: -47.2251
STATS - lpIterations[41] lagIterations[11696] sspIterations[11696] numSeparations[11556] numCuts[0] compileTime[0] sspSolveTime[427] lpSolveTime[0] lb[646.867] ub[771.79] size: [22107] time: [775]
dual not feasible: -46.6377
dual not feasible: -51.0405
dual not feasible: -50.1445
dual not feasible: -55.0338
dual not feasible: -59.7145
dual not feasible: -54.3852
dual not feasible: -65.1606
dual not feasible: -70.2156
dual not feasible: -54.6338
dual not feasible: -53.3919
dual not feasible: -53.8772
dual not feasible: -54.1459
dual not feasible: -56.8893
dual not feasible: -53.0067
dual not feasible: -52.0921
dual not feasible: -58.6525
dual not feasible: -55.4206
dual not feasible: -55.65
dual not feasible: -56.5277
dual not feasible: -56.4663
dual not feasible: -53.3048
dual not feasible: -58.1801
dual not feasible: -52.3978
dual not feasible: -49.236
dual not feasible: -52.1189
dual not feasible: -52.1679
dual not feasible: -50.6963
dual not feasible: -52.7095
dual not feasible: -53.127
dual not feasible: -53.8671
dual not feasible: -51.7897
dual not feasible: -51.972
dual not feasible: -55.3127
dual not feasible: -50.8489
dual not feasible: -55.8317
dual not feasible: -55.9338
dual not feasible: -55.2935
dual not feasible: -49.5416
dual not feasible: -54.0936
dual not feasible: -46.7389
dual not feasible: -55.7446
dual not feasible: -50.4815
dual not feasible: -57.6849
dual not feasible: -51.0114
dual not feasible: -54.3495
dual not feasible: -47.4039
dual not feasible: -51.038
dual not feasible: -54.839
dual not feasible: -53.6707
dual not feasible: -51.7795
dual not feasible: -52.8839
dual not feasible: -50.2688
dual not feasible: -48.9633
dual not feasible: -53.1861
dual not feasible: -46.4758
dual not feasible: -50.0521
dual not feasible: -51.5254
dual not feasible: -54.928
dual not feasible: -53.7944
dual not feasible: -51.2639
dual not feasible: -54.6724
dual not feasible: -50.4849
dual not feasible: -50.691
dual not feasible: -46.507
dual not feasible: -50.4747
dual not feasible: -49.2465
dual not feasible: -49.1079
dual not feasible: -48.429
dual not feasible: -51.5593
dual not feasible: -48.478
dual not feasible: -47.8041
dual not feasible: -51.5579
dual not feasible: -47.5711
dual not feasible: -48.1937
dual not feasible: -42.5683
dual not feasible: -47.4079
dual not feasible: -44.7985
dual not feasible: -45.5138
dual not feasible: -47.8647
dual not feasible: -49.4727
dual not feasible: -53.6477
dual not feasible: -46.8648
dual not feasible: -44.8904
dual not feasible: -46.31
dual not feasible: -47.6442
dual not feasible: -56.1343
dual not feasible: -45.1055
dual not feasible: -43.6634
dual not feasible: -43.5917
dual not feasible: -46.2631
dual not feasible: -48.5536
dual not feasible: -46.0548
dual not feasible: -45.0288
dual not feasible: -49.698
dual not feasible: -48.752
dual not feasible: -47.6961
dual not feasible: -47.362
dual not feasible: -44.7028
dual not feasible: -47.2644
dual not feasible: -47.5487
dual not feasible: -41.9838
dual not feasible: -45.4036
dual not feasible: -50.7322
dual not feasible: -48.7318
dual not feasible: -48.0158
dual not feasible: -47.2739
dual not feasible: -49.3209
dual not feasible: -41.168
dual not feasible: -42.146
dual not feasible: -49.0187
dual not feasible: -46.2787
dual not feasible: -46.8666
dual not feasible: -45.1546
dual not feasible: -45.8688
dual not feasible: -47.4381
dual not feasible: -47.9401
dual not feasible: -43.639
dual not feasible: -42.0977
dual not feasible: -41.9929
dual not feasible: -43.1776
dual not feasible: -45.2092
dual not feasible: -44.598
dual not feasible: -44.5179
dual not feasible: -44.3355
dual not feasible: -45.3625
dual not feasible: -47.1391
dual not feasible: -44.0538
dual not feasible: -44.5952
dual not feasible: -42.0218
dual not feasible: -42.5867
dual not feasible: -45.6893
dual not feasible: -45.9878
dual not feasible: -44.2007
dual not feasible: -44.2669
dual not feasible: -44.2791
dual not feasible: -45.6996
dual not feasible: -43.5793
dual not feasible: -42.711
dual not feasible: -42.4041
dual not feasible: -45.1038
dual not feasible: -43.1992
dual not feasible: -42.5673
dual not feasible: -42.418
dual not feasible: -43.6445
dual not feasible: -43.5731
dual not feasible: -42.1638
dual not feasible: -43.66
dual not feasible: -43.577
dual not feasible: -45.194
dual not feasible: -43.1415
dual not feasible: -42.695
dual not feasible: -45.4902
dual not feasible: -45.7517
dual not feasible: -42.5956
dual not feasible: -40.8324
dual not feasible: -42.1146
dual not feasible: -43.0273
dual not feasible: -43.3951
dual not feasible: -42.7791
dual not feasible: -41.0659
dual not feasible: -46.2059
dual not feasible: -42.2872
dual not feasible: -42.2297
dual not feasible: -41.5999
dual not feasible: -44.5847
dual not feasible: -44.5652
dual not feasible: -40.1167
dual not feasible: -42.4797
dual not feasible: -41.7275
dual not feasible: -40.5429
dual not feasible: -41.8178
dual not feasible: -41.1929
dual not feasible: -46.4027
dual not feasible: -45.957
dual not feasible: -42.8909
dual not feasible: -44.692
dual not feasible: -42.8199
dual not feasible: -42.3863
dual not feasible: -41.254
dual not feasible: -42.5086
dual not feasible: -39.286
dual not feasible: -40.6851
dual not feasible: -47.5575
dual not feasible: -41.9502
dual not feasible: -41.256
dual not feasible: -43.308
dual not feasible: -42.1421
dual not feasible: -41.3174
dual not feasible: -40.8483
dual not feasible: -43.0861
dual not feasible: -40.5446
dual not feasible: -42.0407
dual not feasible: -43.2433
dual not feasible: -42.5782
dual not feasible: -41.2008
dual not feasible: -40.5551
dual not feasible: -40.9458
dual not feasible: -40.9075
dual not feasible: -41.0688
dual not feasible: -40.5133
dual not feasible: -39.0477
dual not feasible: -43.6569
dual not feasible: -42.6861
dual not feasible: -40.2936
dual not feasible: -41.0685
dual not feasible: -42.397
dual not feasible: -42.1354
dual not feasible: -43.5213
dual not feasible: -39.6447
dual not feasible: -39.8269
dual not feasible: -42.7378
dual not feasible: -42.4159
dual not feasible: -41.1409
dual not feasible: -40.7064
dual not feasible: -40.6535
dual not feasible: -41.0259
dual not feasible: -43.7483
dual not feasible: -39.6125
dual not feasible: -38.2726
dual not feasible: -41.4131
dual not feasible: -40.7503
dual not feasible: -42.2554
dual not feasible: -42.4513
dual not feasible: -41.1154
dual not feasible: -38.7562
dual not feasible: -41.3908
dual not feasible: -40.6361
dual not feasible: -39.8885
dual not feasible: -40.1254
dual not feasible: -41.022
dual not feasible: -40.287
dual not feasible: -41.4054
dual not feasible: -40.0568
dual not feasible: -39.3166
dual not feasible: -39.7319
dual not feasible: -41.349
dual not feasible: -42.019
dual not feasible: -43.2647
dual not feasible: -40.6994
dual not feasible: -39.2289
dual not feasible: -43.1765
dual not feasible: -39.992
dual not feasible: -40.8274
dual not feasible: -39.4278
dual not feasible: -41.4203
dual not feasible: -40.4034
dual not feasible: -40.1158
dual not feasible: -39.2581
dual not feasible: -40.2629
dual not feasible: -40.8471
dual not feasible: -44.8742
dual not feasible: -39.5492
dual not feasible: -39.6732
dual not feasible: -41.6932
dual not feasible: -41.0403
dual not feasible: -41.2823
dual not feasible: -40.4655
dual not feasible: -38.8455
dual not feasible: -41.0296
dual not feasible: -39.9771
dual not feasible: -42.5449
dual not feasible: -40.6587
dual not feasible: -37.6643
dual not feasible: -41.303
dual not feasible: -39.303
dual not feasible: -39.611
dual not feasible: -40.0755
dual not feasible: -40.3484
dual not feasible: -41.6621
dual not feasible: -40.8554
dual not feasible: -37.8386
dual not feasible: -39.5315
dual not feasible: -38.3485
dual not feasible: -39.5004
dual not feasible: -39.4148
dual not feasible: -37.6339
dual not feasible: -42.0289
dual not feasible: -40.3215
dual not feasible: -39.0471
dual not feasible: -39.2285
dual not feasible: -41.7121
dual not feasible: -40.2244
dual not feasible: -39.4279
dual not feasible: -37.7732
dual not feasible: -39.2766
dual not feasible: -40.5748
dual not feasible: -39.917
dual not feasible: -39.0513
dual not feasible: -39.0801
dual not feasible: -39.7969
dual not feasible: -39.6389
dual not feasible: -38.6668
dual not feasible: -39.5829
dual not feasible: -40.3919
dual not feasible: -39.0719
dual not feasible: -39.7318
dual not feasible: -40.0093
dual not feasible: -40.5439
dual not feasible: -39.6448
dual not feasible: -38.3941
dual not feasible: -39.5851
dual not feasible: -38.8932
dual not feasible: -39.1588
dual not feasible: -39.6483
dual not feasible: -38.1961
dual not feasible: -38.1039
dual not feasible: -39.0831
dual not feasible: -40.728
dual not feasible: -40.4122
dual not feasible: -41.4353
dual not feasible: -41.6673
dual not feasible: -38.0284
dual not feasible: -40.0959
dual not feasible: -39.0367
dual not feasible: -37.6412
dual not feasible: -39.928
dual not feasible: -39.3843
dual not feasible: -40.1062
dual not feasible: -39.5175
dual not feasible: -39.1705
dual not feasible: -38.8047
dual not feasible: -41.1487
dual not feasible: -38.7526
dual not feasible: -38.1614
dual not feasible: -39.3109
dual not feasible: -41.123
dual not feasible: -40.8786
dual not feasible: -37.5731
dual not feasible: -38.9885
dual not feasible: -39.0898
dual not feasible: -39.4751
dual not feasible: -39.487
dual not feasible: -37.7066
dual not feasible: -38.7226
dual not feasible: -39.9478
dual not feasible: -40.4197
dual not feasible: -40.2652
dual not feasible: -41.7357
dual not feasible: -38.6561
dual not feasible: -39.1827
dual not feasible: -39.5747
dual not feasible: -39.6305
dual not feasible: -39.3969
dual not feasible: -39.3492
dual not feasible: -38.8354
dual not feasible: -38.9447
dual not feasible: -42.2586
dual not feasible: -37.9292
dual not feasible: -37.1702
dual not feasible: -38.3749
dual not feasible: -42.558
dual not feasible: -39.1443
dual not feasible: -39.365
dual not feasible: -38.8592
dual not feasible: -37.7888
dual not feasible: -38.511
dual not feasible: -38.2464
dual not feasible: -38.0276
dual not feasible: -38.5329
dual not feasible: -38.0914
dual not feasible: -40.3007
dual not feasible: -38.0867
dual not feasible: -38.416
dual not feasible: -38.8497
dual not feasible: -39.19
dual not feasible: -40.5663
dual not feasible: -40.0694
dual not feasible: -39.9474
dual not feasible: -37.622
dual not feasible: -40.4197
dual not feasible: -40.2001
dual not feasible: -37.2229
dual not feasible: -38.3413
dual not feasible: -37.3476
dual not feasible: -38.4379
dual not feasible: -38.2687
dual not feasible: -39.3509
dual not feasible: -38.7312
dual not feasible: -38.2556
dual not feasible: -40.0517
dual not feasible: -39.8805
dual not feasible: -39.8107
dual not feasible: -37.6029
dual not feasible: -37.7742
dual not feasible: -38.4912
dual not feasible: -36.7146
dual not feasible: -36.9044
dual not feasible: -39.6323
dual not feasible: -40.1683
dual not feasible: -37.9216
dual not feasible: -37.1867
dual not feasible: -37.6974
dual not feasible: -39.7636
dual not feasible: -38.5457
dual not feasible: -37.4059
dual not feasible: -38.6914
dual not feasible: -38.0055
dual not feasible: -39.1896
dual not feasible: -39.2956
dual not feasible: -38.9682
dual not feasible: -37.1626
dual not feasible: -38.2523
dual not feasible: -39.2258
dual not feasible: -38.1338
dual not feasible: -39.2027
dual not feasible: -37.5498
dual not feasible: -37.6372
dual not feasible: -37.9153
dual not feasible: -38.3498
dual not feasible: -38.4484
dual not feasible: -37.466
dual not feasible: -37.4011
dual not feasible: -37.4361
dual not feasible: -37.849
dual not feasible: -38.6921
dual not feasible: -38.1862
dual not feasible: -38.4331
dual not feasible: -38.7942
dual not feasible: -38.4094
dual not feasible: -38.2575
dual not feasible: -38.0465
dual not feasible: -39.1197
dual not feasible: -37.9483
dual not feasible: -37.6814
dual not feasible: -37.3451
dual not feasible: -37.5912
dual not feasible: -38.6829
dual not feasible: -38.3741
dual not feasible: -38.3255
dual not feasible: -37.494
dual not feasible: -37.6821
dual not feasible: -38.2641
dual not feasible: -38.6683
dual not feasible: -38.812
dual not feasible: -37.8598
dual not feasible: -36.2594
STATS - lpIterations[41] lagIterations[12132] sspIterations[12132] numSeparations[11991] numCuts[0] compileTime[0] sspSolveTime[454] lpSolveTime[0] lb[647.173] ub[771.79] size: [22630] time: [825]
dual not feasible: -39.2782
dual not feasible: -38.1816
dual not feasible: -37.961
dual not feasible: -37.6442
dual not feasible: -37.2782
dual not feasible: -37.8729
dual not feasible: -37.8665
dual not feasible: -39.8205
dual not feasible: -37.8657
dual not feasible: -39.9146
dual not feasible: -38.2144
dual not feasible: -38.1752
dual not feasible: -38.0311
dual not feasible: -37.4717
dual not feasible: -37.2012
dual not feasible: -39.1551
dual not feasible: -39.0258
dual not feasible: -40.5695
dual not feasible: -38.4962
dual not feasible: -37.1899
dual not feasible: -37.5172
dual not feasible: -37.6737
dual not feasible: -37.6174
dual not feasible: -37.0146
dual not feasible: -37.8535
dual not feasible: -37.1622
dual not feasible: -40.0803
dual not feasible: -40.1284
dual not feasible: -37.0813
dual not feasible: -37.8493
dual not feasible: -39.3956
dual not feasible: -38.1004
dual not feasible: -37.8555
dual not feasible: -38.5456
dual not feasible: -38.2742
dual not feasible: -37.5824
dual not feasible: -37.2153
dual not feasible: -37.8201
dual not feasible: -37.6856
dual not feasible: -37.7777
dual not feasible: -37.7312
dual not feasible: -37.283
dual not feasible: -37.0057
dual not feasible: -37.9933
dual not feasible: -37.1627
dual not feasible: -38.5072
dual not feasible: -38.1505
dual not feasible: -38.854
dual not feasible: -38.0937
dual not feasible: -37.1239
dual not feasible: -37.5941
dual not feasible: -38.349
dual not feasible: -38.3043
dual not feasible: -37.9062
dual not feasible: -37.4501
dual not feasible: -37.8543
dual not feasible: -37.1557
dual not feasible: -38.3372
dual not feasible: -37.1195
dual not feasible: -36.9799
dual not feasible: -36.9076
dual not feasible: -37.5388
dual not feasible: -38.9227
dual not feasible: -38.0831
dual not feasible: -37.8089
dual not feasible: -37.7956
dual not feasible: -37.2627
dual not feasible: -37.2212
dual not feasible: -37.2735
dual not feasible: -37.1338
dual not feasible: -36.4507
dual not feasible: -36.7214
dual not feasible: -37.6496
dual not feasible: -38.1838
dual not feasible: -38.574
dual not feasible: -37.7391
dual not feasible: -38.8238
dual not feasible: -38.0136
dual not feasible: -37.886
dual not feasible: -37.9753
dual not feasible: -36.3748
dual not feasible: -36.5204
dual not feasible: -37.2757
dual not feasible: -37.162
dual not feasible: -37.8686
dual not feasible: -38.7188
dual not feasible: -38.5484
dual not feasible: -36.8781
dual not feasible: -37.2225
dual not feasible: -37.8788
dual not feasible: -36.9595
dual not feasible: -36.2882
STATS - lpIterations[41] lagIterations[12224] sspIterations[12224] numSeparations[12083] numCuts[0] compileTime[0] sspSolveTime[460] lpSolveTime[0] lb[647.273] ub[771.79] size: [22739] time: [835]
dual not feasible: -37.6123
dual not feasible: -37.0454
dual not feasible: -37.3249
dual not feasible: -38.4786
dual not feasible: -37.9486
dual not feasible: -38.9343
dual not feasible: -38.1269
dual not feasible: -38.0248
dual not feasible: -37.7657
STATS - lpIterations[42] lagIterations[12233] sspIterations[12233] numSeparations[12092] numCuts[0] compileTime[0] sspSolveTime[461] lpSolveTime[0] lb[647.273] ub[771.79] size: [22753] time: [837]
dual not feasible: -36.6864
dual not feasible: -44.5742
dual not feasible: -45.299
dual not feasible: -50.2987
dual not feasible: -61.8213
dual not feasible: -63.5093
dual not feasible: -59.4883
dual not feasible: -59.1163
dual not feasible: -57.4411
dual not feasible: -57.1498
dual not feasible: -55.2824
dual not feasible: -59.3613
dual not feasible: -48.3539
dual not feasible: -61.3671
dual not feasible: -58.3361
dual not feasible: -56.7694
dual not feasible: -59.9988
dual not feasible: -58.8143
dual not feasible: -57.3555
dual not feasible: -57.9214
dual not feasible: -58.509
dual not feasible: -53.641
dual not feasible: -53.9224
dual not feasible: -61.0319
dual not feasible: -53.0633
dual not feasible: -50.8825
dual not feasible: -47.8888
dual not feasible: -57.1253
dual not feasible: -57.1198
dual not feasible: -57.844
dual not feasible: -63.4608
dual not feasible: -59.4372
dual not feasible: -53.7763
dual not feasible: -50.8298
dual not feasible: -51.7385
dual not feasible: -58.0364
dual not feasible: -54.3251
dual not feasible: -54.9282
dual not feasible: -51.381
dual not feasible: -59.4031
dual not feasible: -54.4752
dual not feasible: -49.6446
dual not feasible: -48.692
dual not feasible: -47.9695
dual not feasible: -53.0452
dual not feasible: -52.5645
dual not feasible: -53.2509
dual not feasible: -55.4741
dual not feasible: -58.4618
dual not feasible: -58.6159
dual not feasible: -50.6306
dual not feasible: -52.3085
dual not feasible: -48.6212
dual not feasible: -46.5313
dual not feasible: -46.3168
dual not feasible: -46.442
dual not feasible: -47.8176
dual not feasible: -49.8506
dual not feasible: -54.5177
dual not feasible: -52.8366
dual not feasible: -48.3887
dual not feasible: -52.2745
dual not feasible: -52.6226
dual not feasible: -49.7459
dual not feasible: -49.2228
dual not feasible: -47.9722
dual not feasible: -54.8044
dual not feasible: -52.5
dual not feasible: -53.2515
dual not feasible: -49.2296
dual not feasible: -53.1108
dual not feasible: -53.803
dual not feasible: -44.8671
dual not feasible: -48.1659
dual not feasible: -46.7988
dual not feasible: -48.7849
dual not feasible: -50.3269
dual not feasible: -48.0689
dual not feasible: -48.5413
dual not feasible: -50.9276
dual not feasible: -49.6121
dual not feasible: -46.4687
dual not feasible: -51.3156
dual not feasible: -46.1005
dual not feasible: -52.6158
dual not feasible: -48.7644
dual not feasible: -45.8953
dual not feasible: -46.4513
dual not feasible: -45.6872
dual not feasible: -49.6249
dual not feasible: -54.5746
dual not feasible: -45.6497
dual not feasible: -43.4392
dual not feasible: -46.9834
dual not feasible: -48.5411
dual not feasible: -45.2
dual not feasible: -45.3923
dual not feasible: -43.4879
dual not feasible: -51.7337
dual not feasible: -43.9236
dual not feasible: -45.4224
dual not feasible: -51.5473
STATS - lpIterations[43] lagIterations[12335] sspIterations[12335] numSeparations[12193] numCuts[0] compileTime[0] sspSolveTime[467] lpSolveTime[0] lb[647.273] ub[771.79] size: [22875] time: [849]
dual not feasible: -50.4881
dual not feasible: -49.1511
dual not feasible: -54.0556
dual not feasible: -49.1937
dual not feasible: -52.7587
dual not feasible: -55.4105
dual not feasible: -58.3313
dual not feasible: -54.8272
dual not feasible: -63.2194
dual not feasible: -59.6785
dual not feasible: -58.7717
dual not feasible: -61.5333
dual not feasible: -64.634
dual not feasible: -58.1066
dual not feasible: -56.1292
dual not feasible: -52.7841
dual not feasible: -53.6672
dual not feasible: -59.7334
dual not feasible: -52.4942
dual not feasible: -57.472
dual not feasible: -57.1391
dual not feasible: -51.1844
dual not feasible: -60.1029
dual not feasible: -61.9964
dual not feasible: -58.6049
dual not feasible: -55.5188
dual not feasible: -52.5987
dual not feasible: -56.8291
dual not feasible: -54.7602
dual not feasible: -58.1379
dual not feasible: -48.9831
dual not feasible: -52.3531
dual not feasible: -48.6302
dual not feasible: -59.3122
dual not feasible: -55.7439
dual not feasible: -59.152
dual not feasible: -55.9776
dual not feasible: -51.9114
dual not feasible: -48.5975
dual not feasible: -57.5728
dual not feasible: -52.1388
dual not feasible: -51.0037
dual not feasible: -61.0302
dual not feasible: -56.7713
dual not feasible: -53.5702
dual not feasible: -51.7634
dual not feasible: -48.9548
dual not feasible: -52.1867
dual not feasible: -54.515
dual not feasible: -50.3405
dual not feasible: -48.3543
dual not feasible: -54.0369
dual not feasible: -58.2766
dual not feasible: -54.5407
dual not feasible: -47.2934
dual not feasible: -49.5717
dual not feasible: -49.2582
dual not feasible: -48.6456
dual not feasible: -49.1773
dual not feasible: -47.0044
dual not feasible: -50.0258
dual not feasible: -54.7475
dual not feasible: -50.7276
dual not feasible: -49.5553
dual not feasible: -52.895
dual not feasible: -55.0986
dual not feasible: -45.3416
dual not feasible: -47.0418
dual not feasible: -49.9333
dual not feasible: -50.1678
dual not feasible: -56.3995
dual not feasible: -54.3653
dual not feasible: -54.5853
dual not feasible: -47.4858
dual not feasible: -49.5369
dual not feasible: -51.0635
dual not feasible: -48.4788
dual not feasible: -48.8252
dual not feasible: -45.3015
dual not feasible: -46.5397
dual not feasible: -50.0076
dual not feasible: -47.1388
dual not feasible: -46.7908
dual not feasible: -51.1137
dual not feasible: -46.8107
dual not feasible: -47.8306
dual not feasible: -45.8344
dual not feasible: -46.6326
dual not feasible: -53.1561
dual not feasible: -52.035
dual not feasible: -44.2628
dual not feasible: -46.4552
dual not feasible: -46.6296
dual not feasible: -48.7816
dual not feasible: -48.2317
dual not feasible: -46.4717
dual not feasible: -46.1817
dual not feasible: -50.2745
dual not feasible: -49.6477
dual not feasible: -48.1737
dual not feasible: -47.8245
dual not feasible: -54.8116
dual not feasible: -49.2443
dual not feasible: -43.6706
dual not feasible: -48.4905
dual not feasible: -47.292
dual not feasible: -54.6945
dual not feasible: -47.9348
dual not feasible: -46.956
dual not feasible: -44.5876
dual not feasible: -47.8116
dual not feasible: -46.5189
dual not feasible: -46.1535
dual not feasible: -46.6404
dual not feasible: -43.3496
dual not feasible: -44.4509
dual not feasible: -48.6815
dual not feasible: -42.3055
dual not feasible: -45.6022
dual not feasible: -47.4802
dual not feasible: -45.5338
dual not feasible: -45.3107
dual not feasible: -43.9399
dual not feasible: -44.8996
dual not feasible: -52.6315
dual not feasible: -42.9388
dual not feasible: -44.4061
dual not feasible: -46.978
dual not feasible: -47.7539
dual not feasible: -47.8206
dual not feasible: -40.7363
dual not feasible: -44.6117
dual not feasible: -43.8542
dual not feasible: -45.7047
dual not feasible: -43.5006
dual not feasible: -43.8689
dual not feasible: -46.0578
dual not feasible: -45.904
dual not feasible: -45.421
dual not feasible: -45.3105
dual not feasible: -44.4516
dual not feasible: -47.0345
dual not feasible: -44.4981
dual not feasible: -42.5446
dual not feasible: -43.7841
dual not feasible: -47.6624
dual not feasible: -41.9353
dual not feasible: -48.9004
dual not feasible: -45.5646
dual not feasible: -46.1492
dual not feasible: -42.3806
dual not feasible: -43.0209
dual not feasible: -41.5303
dual not feasible: -46.5048
dual not feasible: -46.9439
dual not feasible: -44.839
dual not feasible: -45.4483
dual not feasible: -43.6711
dual not feasible: -44.6079
dual not feasible: -48.0799
dual not feasible: -44.8325
dual not feasible: -41.6855
dual not feasible: -46.2511
dual not feasible: -43.8065
dual not feasible: -44.4956
dual not feasible: -45.871
dual not feasible: -44.3425
dual not feasible: -42.9859
dual not feasible: -45.7337
dual not feasible: -42.8666
dual not feasible: -43.8476
dual not feasible: -44.0077
dual not feasible: -45.1204
dual not feasible: -42.6421
dual not feasible: -42.5417
dual not feasible: -42.8898
dual not feasible: -45.6558
dual not feasible: -44.3398
dual not feasible: -43.7665
dual not feasible: -41.899
dual not feasible: -44.6101
dual not feasible: -46.7612
dual not feasible: -44.7574
dual not feasible: -41.7583
dual not feasible: -42.1539
dual not feasible: -41.5812
dual not feasible: -44.227
dual not feasible: -42.689
dual not feasible: -41.4641
dual not feasible: -46.7721
dual not feasible: -45.0269
dual not feasible: -43.1428
dual not feasible: -45.3455
dual not feasible: -44.4647
dual not feasible: -42.0901
dual not feasible: -43.4135
dual not feasible: -38.8858
dual not feasible: -40.3355
dual not feasible: -43.8634
dual not feasible: -45.193
dual not feasible: -44.5876
dual not feasible: -43.544
dual not feasible: -44.7239
dual not feasible: -43.4349
dual not feasible: -41.621
dual not feasible: -41.25
dual not feasible: -41.3469
dual not feasible: -41.0449
dual not feasible: -43.882
dual not feasible: -43.3036
dual not feasible: -40.7055
dual not feasible: -40.5946
dual not feasible: -41.3869
dual not feasible: -41.8005
dual not feasible: -43.7062
dual not feasible: -43.4552
dual not feasible: -41.8051
dual not feasible: -44.3911
dual not feasible: -43.5726
dual not feasible: -47.1536
dual not feasible: -42.16
dual not feasible: -40.5355
dual not feasible: -42.391
dual not feasible: -42.6637
dual not feasible: -41.5332
dual not feasible: -43.4179
dual not feasible: -42.3523
dual not feasible: -42.5628
dual not feasible: -46.0127
dual not feasible: -39.9307
dual not feasible: -41.2901
dual not feasible: -42.7156
dual not feasible: -40.524
dual not feasible: -41.676
dual not feasible: -41.5219
dual not feasible: -42.4533
dual not feasible: -41.0322
dual not feasible: -43.49
dual not feasible: -41.286
dual not feasible: -40.3319
dual not feasible: -40.8738
dual not feasible: -42.1413
dual not feasible: -43.6376
dual not feasible: -41.2198
dual not feasible: -41.4699
dual not feasible: -44.0773
dual not feasible: -42.0249
dual not feasible: -42.31
dual not feasible: -42.5824
dual not feasible: -41.7835
dual not feasible: -43.1768
dual not feasible: -39.9517
dual not feasible: -39.7364
dual not feasible: -41.2163
dual not feasible: -42.3128
dual not feasible: -43.4927
dual not feasible: -40.7748
dual not feasible: -40.4021
dual not feasible: -43.3323
dual not feasible: -41.2872
dual not feasible: -40.1265
dual not feasible: -41.9194
dual not feasible: -40.3889
dual not feasible: -42.8375
dual not feasible: -42.9539
dual not feasible: -42.5317
dual not feasible: -38.5618
dual not feasible: -41.5893
dual not feasible: -40.4538
dual not feasible: -41.5822
dual not feasible: -41.1408
dual not feasible: -39.3075
dual not feasible: -41.3537
dual not feasible: -41.8178
dual not feasible: -40.0255
dual not feasible: -40.6043
dual not feasible: -39.6593
dual not feasible: -41.0705
dual not feasible: -42.5669
dual not feasible: -41.5123
dual not feasible: -40.8994
dual not feasible: -41.1487
dual not feasible: -41.2218
dual not feasible: -42.5401
dual not feasible: -41.228
dual not feasible: -39.5122
dual not feasible: -40.1173
dual not feasible: -41.0806
dual not feasible: -41.3111
dual not feasible: -39.1693
dual not feasible: -39.8008
dual not feasible: -41.2689
dual not feasible: -45.9928
dual not feasible: -39.8586
dual not feasible: -39.8596
dual not feasible: -40.3843
dual not feasible: -41.0618
dual not feasible: -41.494
STATS - lpIterations[44] lagIterations[12633] sspIterations[12633] numSeparations[12490] numCuts[0] compileTime[0] sspSolveTime[487] lpSolveTime[0] lb[647.273] ub[771.79] size: [23233] time: [884]
dual not feasible: -40.3484
dual not feasible: -46.7584
dual not feasible: -46.4677
dual not feasible: -54.084
dual not feasible: -53.5358
dual not feasible: -56.3472
dual not feasible: -62.6466
dual not feasible: -62.0939
dual not feasible: -65.3057
dual not feasible: -58.8512
dual not feasible: -65.8992
dual not feasible: -52.1937
dual not feasible: -56.7315
dual not feasible: -54.1502
dual not feasible: -50.4034
dual not feasible: -63.3947
dual not feasible: -54.4139
dual not feasible: -62.0637
dual not feasible: -61.2799
dual not feasible: -56.9674
dual not feasible: -61.351
dual not feasible: -61.7856
dual not feasible: -54.6281
dual not feasible: -54.0818
dual not feasible: -54.5122
dual not feasible: -55.2864
dual not feasible: -55.8837
dual not feasible: -55.8116
dual not feasible: -56.511
dual not feasible: -56.5268
dual not feasible: -52.0805
dual not feasible: -51.5994
dual not feasible: -59.3025
dual not feasible: -51.3113
dual not feasible: -52.1149
dual not feasible: -51.6688
dual not feasible: -54.7597
dual not feasible: -54.6992
dual not feasible: -52.6386
dual not feasible: -49.4366
dual not feasible: -60.0522
dual not feasible: -55.1492
dual not feasible: -54.5779
dual not feasible: -52.5582
dual not feasible: -54.6186
dual not feasible: -53.6435
dual not feasible: -53.6922
dual not feasible: -51.3239
dual not feasible: -50.899
dual not feasible: -51.8129
dual not feasible: -53.6467
dual not feasible: -53.2876
dual not feasible: -52.1185
dual not feasible: -50.0744
dual not feasible: -47.0738
dual not feasible: -49.3351
dual not feasible: -46.8075
dual not feasible: -50.4907
dual not feasible: -47.1399
dual not feasible: -47.5063
dual not feasible: -50.7931
dual not feasible: -56.0298
dual not feasible: -54.5272
dual not feasible: -48.7809
dual not feasible: -50.5988
dual not feasible: -49.1698
dual not feasible: -60.8512
dual not feasible: -45.6734
dual not feasible: -47.5728
dual not feasible: -53.4051
dual not feasible: -50.181
dual not feasible: -49.0691
dual not feasible: -47.0624
dual not feasible: -50.8284
dual not feasible: -50.4878
dual not feasible: -51.3591
dual not feasible: -51.5951
dual not feasible: -46.6335
dual not feasible: -51.9501
dual not feasible: -49.2167
dual not feasible: -47.1518
dual not feasible: -46.0155
dual not feasible: -47.5443
dual not feasible: -53.2458
dual not feasible: -49.6404
dual not feasible: -47.2754
dual not feasible: -46.2681
dual not feasible: -44.7397
dual not feasible: -45.7736
dual not feasible: -48.6336
dual not feasible: -46.7078
dual not feasible: -54.1916
dual not feasible: -52.9079
dual not feasible: -50.0458
dual not feasible: -49.0327
dual not feasible: -45.8739
dual not feasible: -51.3577
dual not feasible: -47.3936
dual not feasible: -47.9508
dual not feasible: -47.425
dual not feasible: -45.5004
dual not feasible: -50.6046
STATS - lpIterations[45] lagIterations[12735] sspIterations[12735] numSeparations[12591] numCuts[0] compileTime[0] sspSolveTime[493] lpSolveTime[0] lb[647.273] ub[771.79] size: [23345] time: [896]
dual not feasible: -49.2878
dual not feasible: -47.1563
dual not feasible: -52.8628
dual not feasible: -51.7559
dual not feasible: -50.4222
dual not feasible: -59.2486
dual not feasible: -58.9914
dual not feasible: -56.181
dual not feasible: -62.8355
dual not feasible: -57.497
dual not feasible: -62.6612
dual not feasible: -60.5652
dual not feasible: -53.6642
dual not feasible: -59.918
dual not feasible: -57.8585
dual not feasible: -54.4824
dual not feasible: -53.0473
dual not feasible: -57.3015
dual not feasible: -53.0294
dual not feasible: -57.9035
dual not feasible: -57.815
dual not feasible: -56.9726
dual not feasible: -56.2059
dual not feasible: -55.5959
dual not feasible: -49.5882
dual not feasible: -54.0665
dual not feasible: -57.5946
dual not feasible: -59.9051
dual not feasible: -59.5359
dual not feasible: -56.5992
dual not feasible: -54.816
dual not feasible: -63.1668
dual not feasible: -51.5357
dual not feasible: -46.757
dual not feasible: -55.0343
dual not feasible: -63.7837
dual not feasible: -54.5256
dual not feasible: -53.2113
dual not feasible: -51.9909
dual not feasible: -58.8717
dual not feasible: -53.9086
dual not feasible: -49.3094
dual not feasible: -50.3418
dual not feasible: -54.4301
dual not feasible: -51.3778
dual not feasible: -53.3394
dual not feasible: -48.7315
dual not feasible: -49.4802
dual not feasible: -56.8952
dual not feasible: -51.6583
dual not feasible: -55.6821
dual not feasible: -55.3534
dual not feasible: -53.2606
dual not feasible: -48.8478
dual not feasible: -47.4252
dual not feasible: -57.0871
dual not feasible: -57.2015
dual not feasible: -52.0983
dual not feasible: -54.6151
dual not feasible: -54.5786
dual not feasible: -53.283
dual not feasible: -55.6875
dual not feasible: -52.4721
dual not feasible: -46.5847
dual not feasible: -47.9966
dual not feasible: -50.2459
dual not feasible: -54.335
dual not feasible: -48.4371
dual not feasible: -44.8559
dual not feasible: -47.7184
dual not feasible: -47.3376
dual not feasible: -49.1854
dual not feasible: -52.3161
dual not feasible: -48.6825
dual not feasible: -54.3145
dual not feasible: -56.3129
dual not feasible: -49.588
dual not feasible: -49.0893
dual not feasible: -49.7891
dual not feasible: -47.0092
dual not feasible: -44.3601
dual not feasible: -47.7231
dual not feasible: -52.3121
dual not feasible: -50.3721
dual not feasible: -50.2547
dual not feasible: -51.3265
dual not feasible: -53.8922
dual not feasible: -54.0979
dual not feasible: -42.0376
dual not feasible: -46.7863
dual not feasible: -46.7391
dual not feasible: -45.5274
dual not feasible: -48.9302
dual not feasible: -47.2062
dual not feasible: -46.6668
dual not feasible: -49.9529
dual not feasible: -47.8998
dual not feasible: -45.7021
dual not feasible: -49.543
dual not feasible: -49.5207
dual not feasible: -45.8944
dual not feasible: -49.0062
dual not feasible: -51.2392
dual not feasible: -46.5637
dual not feasible: -50.6707
dual not feasible: -47.3521
dual not feasible: -50.0859
dual not feasible: -48.4392
dual not feasible: -49.0953
dual not feasible: -46.9561
dual not feasible: -47.3305
dual not feasible: -43.0139
dual not feasible: -44.3771
dual not feasible: -43.4874
dual not feasible: -44.6162
dual not feasible: -51.5784
dual not feasible: -48.9829
dual not feasible: -48.2847
dual not feasible: -49.0715
dual not feasible: -45.479
dual not feasible: -44.6032
dual not feasible: -46.9145
dual not feasible: -46.0212
dual not feasible: -47.1543
dual not feasible: -44.9286
dual not feasible: -50.5847
dual not feasible: -47.6057
dual not feasible: -45.358
dual not feasible: -45.1483
dual not feasible: -44.6029
dual not feasible: -45.57
dual not feasible: -44.1988
dual not feasible: -43.9224
dual not feasible: -42.4526
dual not feasible: -46.4541
dual not feasible: -45.3719
dual not feasible: -45.1302
dual not feasible: -48.7778
dual not feasible: -47.0669
dual not feasible: -47.693
dual not feasible: -43.827
dual not feasible: -42.1309
dual not feasible: -43.3752
dual not feasible: -43.1435
dual not feasible: -45.2871
dual not feasible: -48.462
dual not feasible: -48.3096
dual not feasible: -43.7744
dual not feasible: -47.7833
dual not feasible: -42.9822
dual not feasible: -42.0392
dual not feasible: -44.1799
dual not feasible: -44.2751
dual not feasible: -46.2905
dual not feasible: -47.5655
dual not feasible: -45.9701
dual not feasible: -45.8704
dual not feasible: -47.4876
dual not feasible: -43.5295
dual not feasible: -44.1496
dual not feasible: -43.242
dual not feasible: -42.3486
dual not feasible: -48.009
dual not feasible: -44.7009
dual not feasible: -41.7291
dual not feasible: -43.3788
dual not feasible: -44.1507
dual not feasible: -43.8435
dual not feasible: -43.9692
dual not feasible: -43.4613
dual not feasible: -44.6432
dual not feasible: -43.1291
dual not feasible: -45.4396
dual not feasible: -45.261
dual not feasible: -45.5852
dual not feasible: -43.6763
dual not feasible: -42.5212
dual not feasible: -42.2564
dual not feasible: -43.4028
dual not feasible: -43.9143
dual not feasible: -42.5615
dual not feasible: -41.9936
dual not feasible: -42.7458
dual not feasible: -45.692
dual not feasible: -42.9149
dual not feasible: -42.5108
dual not feasible: -43.5187
dual not feasible: -44.4899
dual not feasible: -44.2828
dual not feasible: -47.8229
dual not feasible: -41.8929
dual not feasible: -44.0772
dual not feasible: -42.6911
dual not feasible: -43.4344
dual not feasible: -43.1981
dual not feasible: -44.1173
dual not feasible: -42.3873
dual not feasible: -49.4921
dual not feasible: -43.3902
dual not feasible: -42.2898
dual not feasible: -42.1591
dual not feasible: -47.1272
dual not feasible: -45.5534
dual not feasible: -41.5329
dual not feasible: -47.4383
dual not feasible: -45.5092
dual not feasible: -42.7809
dual not feasible: -44.2816
dual not feasible: -43.6455
dual not feasible: -43.1059
dual not feasible: -45.0688
dual not feasible: -43.8056
dual not feasible: -43.6582
dual not feasible: -43.6671
dual not feasible: -43.3538
dual not feasible: -45.596
dual not feasible: -43.7826
dual not feasible: -43.27
dual not feasible: -40.4646
dual not feasible: -43.4803
dual not feasible: -41.7294
dual not feasible: -42.9801
dual not feasible: -40.6194
dual not feasible: -43.2478
dual not feasible: -46.4211
dual not feasible: -43.5627
dual not feasible: -42.1144
dual not feasible: -43.129
dual not feasible: -39.9976
dual not feasible: -43.5393
dual not feasible: -43.7596
dual not feasible: -41.5765
dual not feasible: -42.2706
dual not feasible: -44.914
dual not feasible: -42.5786
dual not feasible: -44.1503
dual not feasible: -40.8551
dual not feasible: -39.3563
dual not feasible: -40.5651
dual not feasible: -40.4985
dual not feasible: -42.5981
dual not feasible: -41.7936
dual not feasible: -42.4852
dual not feasible: -44.5891
dual not feasible: -41.9353
dual not feasible: -41.8809
dual not feasible: -43.2617
dual not feasible: -41.3985
dual not feasible: -40.6835
dual not feasible: -40.7503
dual not feasible: -45.5677
dual not feasible: -42.7772
dual not feasible: -43.1692
dual not feasible: -40.6691
dual not feasible: -41.0293
dual not feasible: -40.7289
dual not feasible: -43.7571
dual not feasible: -41.3762
dual not feasible: -39.3863
dual not feasible: -40.6725
dual not feasible: -41.4107
dual not feasible: -41.1544
dual not feasible: -43.0212
dual not feasible: -43.1773
dual not feasible: -42.7623
dual not feasible: -41.0654
dual not feasible: -41.4877
dual not feasible: -40.8031
dual not feasible: -40.4846
dual not feasible: -42.4224
dual not feasible: -42.9691
dual not feasible: -41.5269
dual not feasible: -40.6015
dual not feasible: -41.5844
dual not feasible: -43.0722
dual not feasible: -44.907
dual not feasible: -42.4734
dual not feasible: -42.3638
dual not feasible: -41.0546
dual not feasible: -42.5311
dual not feasible: -42.0136
dual not feasible: -42.6613
dual not feasible: -40.0239
dual not feasible: -40.085
dual not feasible: -41.8512
dual not feasible: -40.2013
dual not feasible: -39.4397
dual not feasible: -40.0816
dual not feasible: -41.0042
dual not feasible: -44.2395
dual not feasible: -43.053
dual not feasible: -44.5348
dual not feasible: -40.9022
dual not feasible: -40.8046
dual not feasible: -42.6911
dual not feasible: -38.8588
dual not feasible: -40.0036
dual not feasible: -41.3793
dual not feasible: -45.3716
dual not feasible: -43.3463
dual not feasible: -41.8536
dual not feasible: -42.4908
dual not feasible: -41.4949
dual not feasible: -39.1308
dual not feasible: -41.818
dual not feasible: -41.1346
dual not feasible: -40.1219
dual not feasible: -41.16
dual not feasible: -40.8794
dual not feasible: -44.0486
dual not feasible: -42.2372
dual not feasible: -42.5755
dual not feasible: -40.6649
dual not feasible: -39.3726
dual not feasible: -41.9442
dual not feasible: -41.277
dual not feasible: -41.3427
dual not feasible: -40.4938
dual not feasible: -42.481
dual not feasible: -40.7716
dual not feasible: -39.2302
dual not feasible: -41.8301
dual not feasible: -40.863
dual not feasible: -41.8861
dual not feasible: -40.362
dual not feasible: -39.5357
dual not feasible: -43.6405
dual not feasible: -43.2871
dual not feasible: -40.9018
dual not feasible: -41.7334
dual not feasible: -39.5678
dual not feasible: -42.3689
dual not feasible: -40.0256
dual not feasible: -38.8544
dual not feasible: -39.4213
dual not feasible: -43.3506
dual not feasible: -41.5341
dual not feasible: -43.2494
dual not feasible: -40.0623
dual not feasible: -41.063
dual not feasible: -41.6688
dual not feasible: -39.7918
dual not feasible: -39.452
dual not feasible: -40.1484
dual not feasible: -40.3695
dual not feasible: -41.6749
dual not feasible: -42.5442
dual not feasible: -39.9938
dual not feasible: -39.2384
dual not feasible: -41.4615
dual not feasible: -39.7688
dual not feasible: -40.7859
dual not feasible: -41.2045
dual not feasible: -40.8605
dual not feasible: -42.7836
dual not feasible: -42.5638
dual not feasible: -40.6803
dual not feasible: -41.1016
dual not feasible: -40.2662
dual not feasible: -41.4045
dual not feasible: -39.1324
dual not feasible: -40.5449
dual not feasible: -40.4999
dual not feasible: -40.7657
dual not feasible: -40.1485
dual not feasible: -39.4818
dual not feasible: -39.5272
dual not feasible: -40.5817
dual not feasible: -41.4679
dual not feasible: -40.7416
dual not feasible: -41.0478
dual not feasible: -40.5518
dual not feasible: -41.515
dual not feasible: -40.3904
dual not feasible: -39.5664
dual not feasible: -40.3697
dual not feasible: -39.5607
dual not feasible: -41.3828
dual not feasible: -39.9699
dual not feasible: -40.029
dual not feasible: -39.7652
dual not feasible: -40.1007
dual not feasible: -39.3072
dual not feasible: -43.0474
dual not feasible: -40.601
dual not feasible: -39.9872
dual not feasible: -39.8054
dual not feasible: -39.502
dual not feasible: -40.8645
dual not feasible: -39.5311
dual not feasible: -38.5485
dual not feasible: -39.5556
dual not feasible: -41.4565
dual not feasible: -40.655
dual not feasible: -40.1985
dual not feasible: -39.2188
dual not feasible: -40.3261
dual not feasible: -40.299
dual not feasible: -41.1846
dual not feasible: -39.3121
dual not feasible: -39.8512
dual not feasible: -41.0885
dual not feasible: -40.5137
dual not feasible: -40.663
dual not feasible: -40.879
dual not feasible: -39.7188
dual not feasible: -39.2878
dual not feasible: -39.71
dual not feasible: -39.7649
dual not feasible: -40.4684
dual not feasible: -38.7281
dual not feasible: -41.711
dual not feasible: -39.4076
dual not feasible: -39.0342
dual not feasible: -39.1516
dual not feasible: -38.8208
dual not feasible: -39.4649
dual not feasible: -39.5834
dual not feasible: -39.2518
dual not feasible: -41.8877
dual not feasible: -40.2362
dual not feasible: -39.8228
dual not feasible: -40.1398
dual not feasible: -40.8766
dual not feasible: -40.5212
dual not feasible: -40.4658
dual not feasible: -39.0384
dual not feasible: -39.3946
dual not feasible: -41.0982
dual not feasible: -38.5816
dual not feasible: -39.6517
dual not feasible: -39.9455
dual not feasible: -40.5294
dual not feasible: -40.9883
dual not feasible: -40.596
STATS - lpIterations[46] lagIterations[13170] sspIterations[13170] numSeparations[13025] numCuts[0] compileTime[0] sspSolveTime[523] lpSolveTime[0] lb[647.273] ub[771.79] size: [23854] time: [949]
dual not feasible: -39.1612
dual not feasible: -42.511
dual not feasible: -65.9867
dual not feasible: -64.5396
dual not feasible: -68.3895
dual not feasible: -67.6571
dual not feasible: -61.3186
dual not feasible: -60.9394
dual not feasible: -58.6257
dual not feasible: -62.166
dual not feasible: -56.198
dual not feasible: -58.1242
dual not feasible: -65.5851
dual not feasible: -59.3913
dual not feasible: -55.6221
dual not feasible: -52.4761
dual not feasible: -53.7214
dual not feasible: -61.2142
dual not feasible: -59.9897
dual not feasible: -51.7956
dual not feasible: -62.8842
dual not feasible: -66.2154
dual not feasible: -65.2164
dual not feasible: -56.8937
dual not feasible: -53.5177
dual not feasible: -52.9246
dual not feasible: -52.2251
dual not feasible: -55.627
dual not feasible: -53.6306
dual not feasible: -54.6428
dual not feasible: -59.5944
dual not feasible: -56.9246
dual not feasible: -56.3659
dual not feasible: -61.3039
dual not feasible: -49.3482
dual not feasible: -49.2738
dual not feasible: -54.7288
dual not feasible: -58.6495
dual not feasible: -56.3903
dual not feasible: -54.8272
dual not feasible: -50.6461
dual not feasible: -55.5043
dual not feasible: -56.4851
dual not feasible: -51.8602
dual not feasible: -51.7892
dual not feasible: -54.4265
dual not feasible: -52.0653
dual not feasible: -55.5774
dual not feasible: -50.8751
dual not feasible: -52.4123
dual not feasible: -54.5396
dual not feasible: -51.1046
dual not feasible: -54.4542
dual not feasible: -48.8023
dual not feasible: -50.616
dual not feasible: -53.3564
dual not feasible: -52.8442
dual not feasible: -47.506
dual not feasible: -50.979
dual not feasible: -50.1084
dual not feasible: -55.1148
dual not feasible: -53.1834
dual not feasible: -50.7871
dual not feasible: -48.8921
dual not feasible: -50.6833
dual not feasible: -49.7831
dual not feasible: -52.9672
dual not feasible: -51.1234
dual not feasible: -49.8843
dual not feasible: -54.7273
dual not feasible: -50.9281
dual not feasible: -51.0982
dual not feasible: -48.1155
dual not feasible: -48.1747
dual not feasible: -49.5331
dual not feasible: -50.7688
dual not feasible: -53.2796
dual not feasible: -51.1319
dual not feasible: -47.7166
dual not feasible: -48.2792
dual not feasible: -47.667
dual not feasible: -47.3425
dual not feasible: -48.912
dual not feasible: -48.6024
dual not feasible: -47.1238
dual not feasible: -53.9586
dual not feasible: -53.407
dual not feasible: -45.4958
dual not feasible: -47.7908
dual not feasible: -52.6189
dual not feasible: -52.9718
dual not feasible: -53.4191
dual not feasible: -44.0292
dual not feasible: -47.3401
dual not feasible: -48.959
dual not feasible: -45.8233
dual not feasible: -45.4589
dual not feasible: -47.207
dual not feasible: -55.9203
dual not feasible: -49.1583
dual not feasible: -47.702
dual not feasible: -55.5748
STATS - lpIterations[47] lagIterations[13272] sspIterations[13272] numSeparations[13126] numCuts[0] compileTime[0] sspSolveTime[530] lpSolveTime[0] lb[647.273] ub[771.79] size: [23979] time: [961]
dual not feasible: -51.1749
dual not feasible: -50.5266
dual not feasible: -54.0405
dual not feasible: -59.7176
dual not feasible: -57.7195
dual not feasible: -50.305
dual not feasible: -52.3457
dual not feasible: -65.22
dual not feasible: -64.02
dual not feasible: -59.6543
dual not feasible: -54.8541
dual not feasible: -57.5639
dual not feasible: -62.3888
dual not feasible: -58.1376
dual not feasible: -64.1492
dual not feasible: -52.8041
dual not feasible: -61.2805
dual not feasible: -53.5386
dual not feasible: -53.8645
dual not feasible: -55.5828
dual not feasible: -54.231
dual not feasible: -55.7624
dual not feasible: -60.6036
dual not feasible: -56.3416
dual not feasible: -56.6619
dual not feasible: -60.4638
dual not feasible: -55.3799
dual not feasible: -54.4756
dual not feasible: -64.9364
dual not feasible: -53.884
dual not feasible: -57.9121
dual not feasible: -59.4205
dual not feasible: -57.8648
dual not feasible: -54.1189
dual not feasible: -53.7342
dual not feasible: -55.5991
dual not feasible: -56.7823
dual not feasible: -56.0813
dual not feasible: -57.9903
dual not feasible: -55.533
dual not feasible: -55.834
dual not feasible: -56.6545
dual not feasible: -50.3774
dual not feasible: -53.7327
dual not feasible: -50.0775
dual not feasible: -56.167
dual not feasible: -50.5671
dual not feasible: -51.2322
dual not feasible: -49.9101
dual not feasible: -53.43
dual not feasible: -47.7611
dual not feasible: -52.7295
dual not feasible: -51.2687
dual not feasible: -56.5483
dual not feasible: -51.7956
dual not feasible: -50.4307
dual not feasible: -61.7514
dual not feasible: -58.785
dual not feasible: -53.1591
dual not feasible: -52.8795
dual not feasible: -51.6414
dual not feasible: -51.1368
dual not feasible: -51.0701
dual not feasible: -53.8083
dual not feasible: -47.7651
dual not feasible: -47.9418
dual not feasible: -47.068
dual not feasible: -50.4283
dual not feasible: -48.137
dual not feasible: -50.8597
dual not feasible: -49.7272
dual not feasible: -55.7838
dual not feasible: -51.4893
dual not feasible: -51.7324
dual not feasible: -49.903
dual not feasible: -47.9034
dual not feasible: -52.659
dual not feasible: -49.3245
dual not feasible: -50.7035
dual not feasible: -47.4044
dual not feasible: -55.1144
dual not feasible: -54.894
dual not feasible: -52.519
dual not feasible: -51.3635
dual not feasible: -45.9969
dual not feasible: -46.0606
dual not feasible: -49.5252
dual not feasible: -46.4536
dual not feasible: -45.9123
dual not feasible: -48.5025
dual not feasible: -51.8093
dual not feasible: -46.825
dual not feasible: -48.9278
dual not feasible: -48.626
dual not feasible: -47.1591
dual not feasible: -49.277
dual not feasible: -48.6191
dual not feasible: -46.3665
dual not feasible: -47.4325
dual not feasible: -49.8281
dual not feasible: -48.738
dual not feasible: -50.1415
dual not feasible: -47.9508
dual not feasible: -46.1791
dual not feasible: -49.2775
dual not feasible: -41.5907
dual not feasible: -43.5569
dual not feasible: -45.6175
dual not feasible: -46.5247
dual not feasible: -47.1999
dual not feasible: -53.5357
dual not feasible: -46.4077
dual not feasible: -45.8296
dual not feasible: -47.2273
dual not feasible: -48.5841
dual not feasible: -46.477
dual not feasible: -46.6041
dual not feasible: -45.961
dual not feasible: -47.8472
dual not feasible: -51.5398
dual not feasible: -48.8924
dual not feasible: -48.4708
dual not feasible: -48.2193
dual not feasible: -47.6588
dual not feasible: -47.3147
dual not feasible: -45.2359
dual not feasible: -47.0177
dual not feasible: -46.4682
dual not feasible: -49.7456
dual not feasible: -48.5221
dual not feasible: -47.3256
dual not feasible: -46.521
dual not feasible: -42.6773
dual not feasible: -45.4829
dual not feasible: -45.9236
dual not feasible: -46.1671
dual not feasible: -46.5269
dual not feasible: -45.9396
dual not feasible: -45.4085
dual not feasible: -50.9874
dual not feasible: -45.7903
dual not feasible: -43.2697
dual not feasible: -45.6214
dual not feasible: -43.7076
dual not feasible: -47.0791
dual not feasible: -46.1819
dual not feasible: -45.148
dual not feasible: -45.699
dual not feasible: -46.5583
dual not feasible: -45.394
dual not feasible: -48.3076
dual not feasible: -45.2419
dual not feasible: -47.9049
dual not feasible: -45.9693
dual not feasible: -43.8137
dual not feasible: -43.8479
dual not feasible: -50.9665
dual not feasible: -44.3125
dual not feasible: -45.0004
dual not feasible: -42.3423
dual not feasible: -44.5172
dual not feasible: -49.9223
dual not feasible: -47.002
dual not feasible: -42.5659
dual not feasible: -43.9183
dual not feasible: -49.1034
dual not feasible: -46.8838
dual not feasible: -44.7323
dual not feasible: -42.4833
dual not feasible: -43.1418
dual not feasible: -43.2254
dual not feasible: -46.2105
dual not feasible: -43.3247
dual not feasible: -43.5267
dual not feasible: -46.3836
dual not feasible: -46.9826
dual not feasible: -44.4989
dual not feasible: -44.7864
dual not feasible: -44.6701
dual not feasible: -42.4922
dual not feasible: -42.9226
dual not feasible: -44.6302
dual not feasible: -41.5332
dual not feasible: -43.8331
dual not feasible: -48.5883
dual not feasible: -42.3204
dual not feasible: -46.0665
dual not feasible: -42.7237
dual not feasible: -43.9078
dual not feasible: -46.2738
dual not feasible: -44.5913
dual not feasible: -42.6103
dual not feasible: -45.4431
dual not feasible: -45.0734
dual not feasible: -45.6084
dual not feasible: -44.8032
dual not feasible: -43.7645
dual not feasible: -47.021
dual not feasible: -47.7301
dual not feasible: -43.0051
dual not feasible: -41.423
dual not feasible: -45.1392
dual not feasible: -45.6508
dual not feasible: -45.8211
dual not feasible: -43.6158
dual not feasible: -43.7404
dual not feasible: -46.1109
dual not feasible: -43.6751
dual not feasible: -42.3976
dual not feasible: -44.7526
dual not feasible: -45.2805
dual not feasible: -43.382
dual not feasible: -41.6148
dual not feasible: -42.5304
dual not feasible: -42.4445
dual not feasible: -42.1562
dual not feasible: -41.6624
dual not feasible: -43.9865
dual not feasible: -42.778
dual not feasible: -46.8812
dual not feasible: -46.1388
dual not feasible: -42.9144
dual not feasible: -45.2906
dual not feasible: -42.3771
dual not feasible: -44.7645
dual not feasible: -43.4092
dual not feasible: -41.0307
dual not feasible: -46.8348
dual not feasible: -44.0093
dual not feasible: -42.5434
dual not feasible: -42.1988
dual not feasible: -43.8103
dual not feasible: -42.6323
dual not feasible: -42.6789
dual not feasible: -42.0969
dual not feasible: -42.4296
dual not feasible: -45.6157
dual not feasible: -44.6741
dual not feasible: -40.7029
dual not feasible: -43.5915
dual not feasible: -43.1861
dual not feasible: -44.411
dual not feasible: -42.9225
dual not feasible: -41.9914
dual not feasible: -47.0016
dual not feasible: -43.1147
dual not feasible: -43.5061
dual not feasible: -42.5626
dual not feasible: -42.8215
dual not feasible: -44.3693
dual not feasible: -43.3514
dual not feasible: -40.5791
dual not feasible: -42.6883
dual not feasible: -45.8778
dual not feasible: -44.2037
dual not feasible: -44.6247
dual not feasible: -41.8539
dual not feasible: -42.3801
dual not feasible: -43.3181
dual not feasible: -40.6235
dual not feasible: -41.8471
dual not feasible: -42.3354
dual not feasible: -42.5169
dual not feasible: -43.5195
dual not feasible: -41.5435
dual not feasible: -43.2892
dual not feasible: -41.9289
dual not feasible: -44.7344
dual not feasible: -42.6901
dual not feasible: -43.3394
dual not feasible: -44.4071
dual not feasible: -40.9314
dual not feasible: -41.6382
dual not feasible: -43.3578
dual not feasible: -40.3725
dual not feasible: -43.3138
dual not feasible: -44.0444
dual not feasible: -40.8861
dual not feasible: -44.5882
dual not feasible: -43.1941
dual not feasible: -44.7663
dual not feasible: -44.0268
dual not feasible: -42.8073
dual not feasible: -40.3244
dual not feasible: -42.1218
dual not feasible: -40.8564
dual not feasible: -40.0006
dual not feasible: -41.3116
dual not feasible: -40.4031
dual not feasible: -42.9297
dual not feasible: -43.3431
dual not feasible: -42.669
dual not feasible: -42.0984
dual not feasible: -43.1461
dual not feasible: -43.9938
dual not feasible: -41.9945
dual not feasible: -42.206
dual not feasible: -40.2164
dual not feasible: -40.2706
dual not feasible: -42.8542
dual not feasible: -42.3183
dual not feasible: -41.8655
dual not feasible: -41.8239
dual not feasible: -41.3594
dual not feasible: -41.9223
dual not feasible: -42.1561
dual not feasible: -41.8249
dual not feasible: -41.6579
dual not feasible: -42.6358
dual not feasible: -40.8893
dual not feasible: -43.5592
dual not feasible: -43.9764
dual not feasible: -39.9896
dual not feasible: -39.8787
dual not feasible: -41.3511
dual not feasible: -41.3225
dual not feasible: -41.4956
dual not feasible: -44.5375
dual not feasible: -41.5375
dual not feasible: -41.4145
dual not feasible: -42.4842
dual not feasible: -42.4629
dual not feasible: -43.4902
dual not feasible: -40.5367
dual not feasible: -43.3335
dual not feasible: -42.2451
dual not feasible: -40.7941
dual not feasible: -43.2457
dual not feasible: -42.5427
dual not feasible: -42.2124
dual not feasible: -41.3597
dual not feasible: -40.5319
dual not feasible: -42.4369
dual not feasible: -41.4578
dual not feasible: -40.2995
dual not feasible: -41.6419
dual not feasible: -41.4627
dual not feasible: -46.3975
dual not feasible: -42.1682
dual not feasible: -40.8566
dual not feasible: -41.0018
dual not feasible: -40.5413
dual not feasible: -42.9887
dual not feasible: -41.8577
dual not feasible: -40.576
dual not feasible: -40.9217
dual not feasible: -43.5404
dual not feasible: -41.641
dual not feasible: -42.6418
dual not feasible: -41.4596
dual not feasible: -41.2503
dual not feasible: -40.5554
dual not feasible: -40.7227
dual not feasible: -42.3774
dual not feasible: -42.6341
dual not feasible: -41.108
dual not feasible: -42.7122
dual not feasible: -41.7236
dual not feasible: -42.4241
dual not feasible: -39.8153
dual not feasible: -40.3502
dual not feasible: -40.914
dual not feasible: -41.6861
dual not feasible: -40.7235
dual not feasible: -41.163
dual not feasible: -40.9348
dual not feasible: -41.0492
dual not feasible: -45.0077
dual not feasible: -42.0558
dual not feasible: -40.2348
dual not feasible: -40.9378
dual not feasible: -40.9487
dual not feasible: -41.5006
dual not feasible: -42.4666
dual not feasible: -39.9726
dual not feasible: -40.5612
dual not feasible: -40.929
dual not feasible: -42.9068
dual not feasible: -41.3173
dual not feasible: -42.0438
dual not feasible: -40.0615
dual not feasible: -40.9423
dual not feasible: -42.1407
dual not feasible: -39.9945
dual not feasible: -40.3911
dual not feasible: -41.4345
dual not feasible: -44.0909
dual not feasible: -41.3566
STATS - lpIterations[48] lagIterations[13660] sspIterations[13660] numSeparations[13513] numCuts[0] compileTime[0] sspSolveTime[557] lpSolveTime[0] lb[647.273] ub[771.79] size: [24441] time: [1010]
dual not feasible: -39.8192
dual not feasible: -45.005
dual not feasible: -47.6424
dual not feasible: -51.894
dual not feasible: -53.243
dual not feasible: -56.2587
dual not feasible: -59.5141
dual not feasible: -67.4382
dual not feasible: -63.1863
dual not feasible: -69.2746
dual not feasible: -64.4857
dual not feasible: -58.1419
dual not feasible: -57.5502
dual not feasible: -60.5742
dual not feasible: -54.3058
dual not feasible: -58.7304
dual not feasible: -55.9421
dual not feasible: -62.2175
dual not feasible: -58.8874
dual not feasible: -56.9846
dual not feasible: -56.0549
dual not feasible: -57.4643
dual not feasible: -58.1973
dual not feasible: -59.6625
dual not feasible: -51.6218
dual not feasible: -57.4622
dual not feasible: -63.9018
dual not feasible: -66.8418
dual not feasible: -59.8803
dual not feasible: -52.3891
dual not feasible: -63.1525
dual not feasible: -57.2126
dual not feasible: -54.9552
dual not feasible: -52.263
dual not feasible: -56.2223
dual not feasible: -58.1571
dual not feasible: -55.1446
dual not feasible: -49.172
dual not feasible: -57.5787
dual not feasible: -58.0221
dual not feasible: -56.9366
dual not feasible: -53.3115
dual not feasible: -60.6459
dual not feasible: -59.0038
dual not feasible: -54.8571
dual not feasible: -51.8998
dual not feasible: -51.5713
dual not feasible: -50.5827
dual not feasible: -53.3931
dual not feasible: -47.7966
dual not feasible: -45.9365
dual not feasible: -48.3912
dual not feasible: -52.4182
dual not feasible: -54.4596
dual not feasible: -53.5014
dual not feasible: -54.3022
dual not feasible: -55.0992
dual not feasible: -50.6001
dual not feasible: -60.2291
dual not feasible: -57.0686
dual not feasible: -54.1747
dual not feasible: -54.9756
dual not feasible: -52.7908
dual not feasible: -50.8467
dual not feasible: -54.0478
dual not feasible: -49.7903
dual not feasible: -53.1242
dual not feasible: -51.0976
dual not feasible: -49.4848
dual not feasible: -51.9075
dual not feasible: -52.8266
dual not feasible: -53.4247
dual not feasible: -48.7274
dual not feasible: -52.3714
dual not feasible: -51.6162
dual not feasible: -50.8123
dual not feasible: -51.2179
dual not feasible: -50.6781
dual not feasible: -51.1948
dual not feasible: -46.6382
dual not feasible: -49.4417
dual not feasible: -50.5053
dual not feasible: -53.0529
dual not feasible: -51.6014
dual not feasible: -50.7443
dual not feasible: -51.4787
dual not feasible: -49.7983
dual not feasible: -45.5459
dual not feasible: -48.1176
dual not feasible: -48.2765
dual not feasible: -50.4828
dual not feasible: -54.3999
dual not feasible: -52.2404
dual not feasible: -53.8919
dual not feasible: -46.6807
dual not feasible: -50.2933
dual not feasible: -51.8505
dual not feasible: -47.8545
dual not feasible: -45.9926
dual not feasible: -45.0912
dual not feasible: -46.8364
dual not feasible: -51.0743
STATS - lpIterations[49] lagIterations[13762] sspIterations[13762] numSeparations[13614] numCuts[0] compileTime[0] sspSolveTime[564] lpSolveTime[0] lb[647.273] ub[771.79] size: [24572] time: [1023]
dual not feasible: -51.6929
dual not feasible: -54.1914
dual not feasible: -52.7821
dual not feasible: -54.7011
dual not feasible: -57.5402
dual not feasible: -62.567
dual not feasible: -60.6276
dual not feasible: -56.7228
dual not feasible: -56.9496
dual not feasible: -61.4268
dual not feasible: -58.7747
dual not feasible: -60.4212
dual not feasible: -67.5152
dual not feasible: -57.6136
dual not feasible: -54.7767
dual not feasible: -56.6968
dual not feasible: -51.351
dual not feasible: -54.8622
dual not feasible: -59.5182
dual not feasible: -58.4839
dual not feasible: -55.5104
dual not feasible: -55.1296
dual not feasible: -64.2005
dual not feasible: -57.6148
dual not feasible: -56.0554
dual not feasible: -64.9036
dual not feasible: -58.6391
dual not feasible: -62.8815
dual not feasible: -60.606
dual not feasible: -53.0273
dual not feasible: -55.6092
dual not feasible: -54.9985
dual not feasible: -56.1533
dual not feasible: -53.0102
dual not feasible: -52.9721
dual not feasible: -54.4983
dual not feasible: -60.2359
dual not feasible: -59.8855
dual not feasible: -54.1615
dual not feasible: -50.8643
dual not feasible: -58.1781
dual not feasible: -58.0948
dual not feasible: -61.0279
dual not feasible: -54.2181
dual not feasible: -50.8952
dual not feasible: -56.1016
dual not feasible: -61.6819
dual not feasible: -50.4196
dual not feasible: -52.1539
dual not feasible: -50.916
dual not feasible: -51.4145
dual not feasible: -54.9338
dual not feasible: -52.0039
dual not feasible: -52.7128
dual not feasible: -49.0603
dual not feasible: -53.2444
dual not feasible: -52.236
dual not feasible: -58.0445
dual not feasible: -52.61
dual not feasible: -50.9608
dual not feasible: -51.0328
dual not feasible: -54.1431
dual not feasible: -51.0905
dual not feasible: -49.9092
dual not feasible: -50.1185
dual not feasible: -48.9794
dual not feasible: -51.1592
dual not feasible: -49.293
dual not feasible: -51.1241
dual not feasible: -49.2871
dual not feasible: -50.9177
dual not feasible: -54.6619
dual not feasible: -54.4754
dual not feasible: -54.2602
dual not feasible: -57.1798
dual not feasible: -47.3675
dual not feasible: -46.6591
dual not feasible: -53.247
dual not feasible: -50.3289
dual not feasible: -52.7114
dual not feasible: -49.5018
dual not feasible: -53.857
dual not feasible: -52.6452
dual not feasible: -51.302
dual not feasible: -46.7282
dual not feasible: -51.7211
dual not feasible: -50.4767
dual not feasible: -55.8763
dual not feasible: -47.7304
dual not feasible: -51.2301
dual not feasible: -48.6496
dual not feasible: -49.6147
dual not feasible: -50.4158
dual not feasible: -50.8281
dual not feasible: -51.0169
dual not feasible: -52.5336
dual not feasible: -53.1261
dual not feasible: -43.7751
dual not feasible: -48.6547
dual not feasible: -46.1631
dual not feasible: -48.4402
dual not feasible: -52.7054
dual not feasible: -47.6217
dual not feasible: -48.9592
dual not feasible: -48.4939
dual not feasible: -52.515
dual not feasible: -46.8515
dual not feasible: -48.0739
dual not feasible: -50.6602
dual not feasible: -49.7369
dual not feasible: -50.9093
dual not feasible: -52.2681
dual not feasible: -46.8761
dual not feasible: -47.5438
dual not feasible: -46.5602
dual not feasible: -43.6595
dual not feasible: -43.739
dual not feasible: -44.7643
dual not feasible: -48.0144
dual not feasible: -52.9285
dual not feasible: -49.363
dual not feasible: -45.8111
dual not feasible: -48.3007
dual not feasible: -52.7726
dual not feasible: -47.0498
dual not feasible: -46.5709
dual not feasible: -45.6077
dual not feasible: -45.7879
dual not feasible: -47.41
dual not feasible: -48.6551
dual not feasible: -46.086
dual not feasible: -48.8915
dual not feasible: -47.608
dual not feasible: -45.3017
dual not feasible: -48.3844
dual not feasible: -46.88
dual not feasible: -46.2468
dual not feasible: -43.2767
dual not feasible: -49.0747
dual not feasible: -48.9513
dual not feasible: -50.0751
dual not feasible: -52.1967
dual not feasible: -45.7401
dual not feasible: -48.2517
dual not feasible: -47.7364
dual not feasible: -43.5013
dual not feasible: -46.7454
dual not feasible: -47.2295
dual not feasible: -46.3084
dual not feasible: -44.5298
dual not feasible: -45.3715
dual not feasible: -45.0992
dual not feasible: -47.4036
dual not feasible: -43.2486
dual not feasible: -48.4888
dual not feasible: -45.2043
dual not feasible: -44.6293
dual not feasible: -46.8077
dual not feasible: -47.8574
dual not feasible: -44.904
dual not feasible: -46.8826
dual not feasible: -45.6735
dual not feasible: -45.6272
dual not feasible: -46.1235
dual not feasible: -45.4721
dual not feasible: -46.4789
dual not feasible: -48.4473
dual not feasible: -44.4424
dual not feasible: -44.7506
dual not feasible: -44.7186
dual not feasible: -45.3764
dual not feasible: -48.3516
dual not feasible: -43.8974
dual not feasible: -43.5055
dual not feasible: -46.7084
dual not feasible: -45.4402
dual not feasible: -47.6031
dual not feasible: -43.8971
dual not feasible: -43.0109
dual not feasible: -46.6265
dual not feasible: -43.7454
dual not feasible: -43.7673
dual not feasible: -45.2528
dual not feasible: -46.3712
dual not feasible: -46.201
dual not feasible: -47.1862
dual not feasible: -45.2414
dual not feasible: -44.7114
dual not feasible: -44.939
dual not feasible: -42.2708
dual not feasible: -43.939
dual not feasible: -42.301
dual not feasible: -43.5886
dual not feasible: -46.3452
dual not feasible: -45.1086
dual not feasible: -44.8169
dual not feasible: -46.5663
dual not feasible: -45.3669
dual not feasible: -43.1465
dual not feasible: -46.328
dual not feasible: -44.2556
dual not feasible: -43.3132
dual not feasible: -43.5228
dual not feasible: -43.8025
dual not feasible: -43.6934
dual not feasible: -44.6691
dual not feasible: -44.3176
dual not feasible: -43.7144
dual not feasible: -44.0628
dual not feasible: -45.2732
dual not feasible: -43.7927
dual not feasible: -43.473
dual not feasible: -45.4094
dual not feasible: -47.0488
dual not feasible: -43.1845
dual not feasible: -42.0923
dual not feasible: -42.9011
dual not feasible: -43.9846
dual not feasible: -43.6011
dual not feasible: -42.7618
dual not feasible: -44.3934
dual not feasible: -43.9174
dual not feasible: -45.6512
dual not feasible: -43.0347
dual not feasible: -41.9347
dual not feasible: -43.128
dual not feasible: -42.8924
dual not feasible: -45.6474
dual not feasible: -45.1788
dual not feasible: -43.4863
dual not feasible: -42.083
dual not feasible: -46.3754
dual not feasible: -42.996
dual not feasible: -42.5966
dual not feasible: -43.2961
dual not feasible: -43.5022
dual not feasible: -45.8858
dual not feasible: -44.0225
dual not feasible: -43.6839
dual not feasible: -43.107
dual not feasible: -44.9239
dual not feasible: -42.9979
dual not feasible: -42.7219
dual not feasible: -42.688
dual not feasible: -44.3241
dual not feasible: -42.7227
dual not feasible: -42.8616
dual not feasible: -47.5404
dual not feasible: -47.2246
dual not feasible: -42.4763
dual not feasible: -41.3056
dual not feasible: -41.2969
dual not feasible: -42.6382
dual not feasible: -42.2415
dual not feasible: -44.0248
dual not feasible: -43.9662
dual not feasible: -45.0553
dual not feasible: -44.3134
dual not feasible: -46.26
dual not feasible: -43.2522
dual not feasible: -40.3804
dual not feasible: -43.7678
dual not feasible: -42.5578
dual not feasible: -43.7532
dual not feasible: -42.6447
dual not feasible: -43.8457
dual not feasible: -43.1321
dual not feasible: -44.6621
dual not feasible: -42.5721
dual not feasible: -43.1445
dual not feasible: -42.6322
dual not feasible: -42.3102
dual not feasible: -42.001
dual not feasible: -41.9362
dual not feasible: -41.9749
dual not feasible: -43.0619
dual not feasible: -43.1167
dual not feasible: -43.7394
dual not feasible: -43.3216
dual not feasible: -42.1148
dual not feasible: -42.2533
dual not feasible: -41.8192
dual not feasible: -41.6853
dual not feasible: -41.8587
dual not feasible: -45.3149
dual not feasible: -42.3639
dual not feasible: -40.6555
dual not feasible: -45.037
dual not feasible: -44.0653
dual not feasible: -42.9616
dual not feasible: -42.082
dual not feasible: -41.2801
dual not feasible: -41.1956
dual not feasible: -41.7802
dual not feasible: -42.9849
dual not feasible: -41.089
dual not feasible: -42.1152
dual not feasible: -41.8853
dual not feasible: -44.8903
dual not feasible: -40.625
dual not feasible: -42.0515
dual not feasible: -44.6249
dual not feasible: -41.4553
dual not feasible: -42.0306
dual not feasible: -43.4424
dual not feasible: -42.4874
dual not feasible: -43.3617
dual not feasible: -42.7716
dual not feasible: -41.8833
dual not feasible: -42.7474
dual not feasible: -42.5469
dual not feasible: -41.6249
dual not feasible: -43.2213
dual not feasible: -41.5944
dual not feasible: -41.9415
dual not feasible: -41.7013
dual not feasible: -42.9732
dual not feasible: -43.1499
dual not feasible: -43.4326
dual not feasible: -42.3238
dual not feasible: -42.6866
dual not feasible: -40.3978
dual not feasible: -41.432
dual not feasible: -44.3175
dual not feasible: -40.5987
dual not feasible: -41.9468
dual not feasible: -40.6544
dual not feasible: -41.4839
dual not feasible: -41.9161
dual not feasible: -44.5564
dual not feasible: -43.9585
dual not feasible: -43.9529
dual not feasible: -43.2296
dual not feasible: -42.7582
dual not feasible: -40.3429
dual not feasible: -42.4154
dual not feasible: -40.9577
dual not feasible: -41.8665
dual not feasible: -40.8289
dual not feasible: -42.3659
dual not feasible: -41.676
dual not feasible: -41.8169
dual not feasible: -41.5886
dual not feasible: -42.7579
dual not feasible: -42.322
dual not feasible: -43.1513
dual not feasible: -40.3762
dual not feasible: -42.8398
dual not feasible: -42.7393
dual not feasible: -41.4494
dual not feasible: -40.911
dual not feasible: -40.5172
dual not feasible: -43.9221
dual not feasible: -42.7402
dual not feasible: -42.2272
dual not feasible: -39.9231
dual not feasible: -40.5971
dual not feasible: -40.7482
dual not feasible: -41.7375
dual not feasible: -41.7037
dual not feasible: -42.0661
dual not feasible: -41.8366
STATS - lpIterations[50] lagIterations[14124] sspIterations[14124] numSeparations[13975] numCuts[0] compileTime[0] sspSolveTime[590] lpSolveTime[0] lb[647.273] ub[771.79] size: [25048] time: [1070]
dual not feasible: -41.2615
dual not feasible: -45.6723
dual not feasible: -59.5897
dual not feasible: -68.9586
dual not feasible: -66.8145
dual not feasible: -64.5152
dual not feasible: -57.4834
dual not feasible: -60.8122
dual not feasible: -68.2052
dual not feasible: -68.2545
dual not feasible: -59.9184
dual not feasible: -60.0882
dual not feasible: -54.356
dual not feasible: -63.2648
dual not feasible: -54.7122
dual not feasible: -61.72
dual not feasible: -54.4835
dual not feasible: -51.315
dual not feasible: -55.0942
dual not feasible: -56.1625
dual not feasible: -54.8885
dual not feasible: -55.9656
dual not feasible: -65.9301
dual not feasible: -60.9532
dual not feasible: -59.4747
dual not feasible: -55.466
dual not feasible: -59.6179
dual not feasible: -62.5206
dual not feasible: -68.0719
dual not feasible: -59.1246
dual not feasible: -53.9361
dual not feasible: -56.3597
dual not feasible: -51.8212
dual not feasible: -53.2909
dual not feasible: -55.8677
dual not feasible: -54.3068
dual not feasible: -57.5866
dual not feasible: -56.96
dual not feasible: -49.6205
dual not feasible: -52.7689
dual not feasible: -56.5625
dual not feasible: -54.2883
dual not feasible: -52.4631
dual not feasible: -52.4715
dual not feasible: -56.5104
dual not feasible: -56.7524
dual not feasible: -58.6621
dual not feasible: -53.0827
dual not feasible: -47.503
dual not feasible: -52.519
dual not feasible: -50.9383
dual not feasible: -53.3521
dual not feasible: -48.4485
dual not feasible: -56.8594
dual not feasible: -52.5603
dual not feasible: -53.4822
dual not feasible: -53.7309
dual not feasible: -54.9276
dual not feasible: -53.5995
dual not feasible: -53.8841
dual not feasible: -51.809
dual not feasible: -50.842
dual not feasible: -46.9829
dual not feasible: -45.1078
dual not feasible: -46.6328
dual not feasible: -52.1321
dual not feasible: -49.1697
dual not feasible: -54.7967
dual not feasible: -56.8011
dual not feasible: -56.76
dual not feasible: -51.0342
dual not feasible: -55.0207
dual not feasible: -54.2334
dual not feasible: -54.6141
dual not feasible: -47.4107
dual not feasible: -48.9697
dual not feasible: -52.8547
dual not feasible: -53.8039
dual not feasible: -46.6255
dual not feasible: -51.5974
dual not feasible: -52.5286
dual not feasible: -55.1915
dual not feasible: -50.0794
dual not feasible: -49.7814
dual not feasible: -52.8612
dual not feasible: -54.1039
dual not feasible: -48.4971
dual not feasible: -50.6676
dual not feasible: -46.9966
dual not feasible: -51.7607
dual not feasible: -51.6574
dual not feasible: -49.5411
dual not feasible: -48.0688
dual not feasible: -52.2067
dual not feasible: -50.1945
dual not feasible: -50.4855
dual not feasible: -47.6119
dual not feasible: -51.8667
dual not feasible: -50.0865
dual not feasible: -50.0619
dual not feasible: -46.0246
dual not feasible: -48.5821
STATS - lpIterations[51] lagIterations[14226] sspIterations[14226] numSeparations[14076] numCuts[0] compileTime[0] sspSolveTime[598] lpSolveTime[0] lb[647.273] ub[771.79] size: [25177] time: [1083]
dual not feasible: -48.1416
dual not feasible: -55.5604
dual not feasible: -54.2347
dual not feasible: -53.3101
dual not feasible: -60.4957
dual not feasible: -59.7449
dual not feasible: -64.6693
dual not feasible: -73.6147
dual not feasible: -68.801
dual not feasible: -66.6736
dual not feasible: -50.4449
dual not feasible: -53.5483
dual not feasible: -53.2114
dual not feasible: -54.7426
dual not feasible: -68.0287
dual not feasible: -65.9802
dual not feasible: -61.4524
dual not feasible: -57.72
dual not feasible: -62.7297
dual not feasible: -67.0685
dual not feasible: -59.6359
dual not feasible: -54.2504
dual not feasible: -61.1436
dual not feasible: -62.5156
dual not feasible: -56.4467
dual not feasible: -59.4673
dual not feasible: -57.4157
dual not feasible: -60.0899
dual not feasible: -57.3919
dual not feasible: -59.973
dual not feasible: -53.0859
dual not feasible: -56.0451
dual not feasible: -58.2643
dual not feasible: -53.0588
dual not feasible: -54.7056
dual not feasible: -57.3904
dual not feasible: -54.2747
dual not feasible: -60.3512
dual not feasible: -56.9318
dual not feasible: -56.8323
dual not feasible: -53.8828
dual not feasible: -53.5598
dual not feasible: -49.1043
dual not feasible: -56.6019
dual not feasible: -52.4763
dual not feasible: -53.4331
dual not feasible: -58.986
dual not feasible: -52.9698
dual not feasible: -61.6947
dual not feasible: -57.7484
dual not feasible: -53.6936
dual not feasible: -53.6846
dual not feasible: -57.5801
dual not feasible: -50.7663
dual not feasible: -52.373
dual not feasible: -50.809
dual not feasible: -53.2466
dual not feasible: -53.3604
dual not feasible: -54.7572
dual not feasible: -53.4791
dual not feasible: -61.0924
dual not feasible: -50.1082
dual not feasible: -48.7778
dual not feasible: -50.9805
dual not feasible: -53.1496
dual not feasible: -50.0111
dual not feasible: -50.3709
dual not feasible: -54.5905
dual not feasible: -58.451
dual not feasible: -57.7291
dual not feasible: -49.8627
dual not feasible: -49.3674
dual not feasible: -50.8147
dual not feasible: -51.091
dual not feasible: -47.5921
dual not feasible: -47.3583
dual not feasible: -56.7218
dual not feasible: -51.2622
dual not feasible: -51.7124
dual not feasible: -53.5533
dual not feasible: -48.6206
dual not feasible: -49.6163
dual not feasible: -46.61
dual not feasible: -48.9887
dual not feasible: -46.0454
dual not feasible: -49.691
dual not feasible: -54.8754
dual not feasible: -53.7278
dual not feasible: -51.3551
dual not feasible: -47.3548
dual not feasible: -51.8539
dual not feasible: -55.6121
dual not feasible: -51.3175
dual not feasible: -47.5771
dual not feasible: -47.6494
dual not feasible: -52.2207
dual not feasible: -47.1429
dual not feasible: -47.9815
dual not feasible: -47.1153
dual not feasible: -49.1166
dual not feasible: -50.9579
dual not feasible: -46.6612
dual not feasible: -46.664
dual not feasible: -50.9249
dual not feasible: -48.9841
dual not feasible: -48.021
dual not feasible: -47.5576
dual not feasible: -49.9471
dual not feasible: -49.8345
dual not feasible: -50.1161
dual not feasible: -47.6562
dual not feasible: -56.887
dual not feasible: -50.0652
dual not feasible: -51.4669
dual not feasible: -50.4937
dual not feasible: -47.3764
dual not feasible: -49.6063
dual not feasible: -52.2963
dual not feasible: -45.6046
dual not feasible: -45.0498
dual not feasible: -48.0029
dual not feasible: -47.6339
dual not feasible: -49.7972
dual not feasible: -48.7532
dual not feasible: -48.877
dual not feasible: -49.3065
dual not feasible: -49.4584
dual not feasible: -44.943
dual not feasible: -46.8633
dual not feasible: -46.6092
dual not feasible: -51.3965
dual not feasible: -46.9529
dual not feasible: -44.7277
dual not feasible: -45.7181
dual not feasible: -45.1989
dual not feasible: -49.5883
dual not feasible: -49.68
dual not feasible: -47.6466
dual not feasible: -49.769
dual not feasible: -44.4503
dual not feasible: -47.4621
dual not feasible: -48.4551
dual not feasible: -44.4223
dual not feasible: -45.6798
dual not feasible: -46.6266
dual not feasible: -54.5825
dual not feasible: -46.4248
dual not feasible: -45.8916
dual not feasible: -46.41
dual not feasible: -46.6691
dual not feasible: -47.3213
dual not feasible: -48.5042
dual not feasible: -43.8268
dual not feasible: -44.3284
dual not feasible: -49.4738
dual not feasible: -47.4482
dual not feasible: -46.3632
dual not feasible: -47.5609
dual not feasible: -46.6577
dual not feasible: -43.814
dual not feasible: -47.3184
dual not feasible: -43.4308
dual not feasible: -47.2897
dual not feasible: -47.4406
dual not feasible: -48.7707
dual not feasible: -49.5093
dual not feasible: -49.0937
dual not feasible: -48.1443
dual not feasible: -45.2608
dual not feasible: -45.6959
dual not feasible: -42.8544
dual not feasible: -46.2804
dual not feasible: -48.2874
dual not feasible: -47.9294
dual not feasible: -47.6939
dual not feasible: -48.1616
dual not feasible: -45.3377
dual not feasible: -45.2369
dual not feasible: -43.24
dual not feasible: -42.1374
dual not feasible: -47.0912
dual not feasible: -48.0386
dual not feasible: -44.1983
dual not feasible: -46.1431
dual not feasible: -45.1371
dual not feasible: -45.2032
dual not feasible: -47.2286
dual not feasible: -44.3211
dual not feasible: -44.0151
dual not feasible: -47.9187
dual not feasible: -47.8472
dual not feasible: -46.0663
dual not feasible: -46.3223
dual not feasible: -46.1628
dual not feasible: -43.2634
dual not feasible: -44.17
dual not feasible: -44.8248
dual not feasible: -42.3067
dual not feasible: -44.8378
dual not feasible: -44.4202
dual not feasible: -46.4122
dual not feasible: -46.0316
dual not feasible: -44.3593
dual not feasible: -43.4827
dual not feasible: -46.4521
dual not feasible: -47.334
dual not feasible: -43.9452
dual not feasible: -43.0868
dual not feasible: -45.0065
dual not feasible: -48.8573
dual not feasible: -46.5181
dual not feasible: -42.0981
dual not feasible: -42.9348
dual not feasible: -43.342
dual not feasible: -45.7479
dual not feasible: -45.5045
dual not feasible: -43.304
dual not feasible: -46.4437
dual not feasible: -45.0404
dual not feasible: -44.8762
dual not feasible: -45.5194
dual not feasible: -46.8097
dual not feasible: -45.8684
dual not feasible: -44.4927
dual not feasible: -42.7627
dual not feasible: -47.337
dual not feasible: -43.457
dual not feasible: -45.1149
dual not feasible: -44.1332
dual not feasible: -43.1043
dual not feasible: -43.1553
dual not feasible: -43.1084
dual not feasible: -45.0089
dual not feasible: -45.3723
dual not feasible: -42.7758
dual not feasible: -47.1265
dual not feasible: -44.7972
dual not feasible: -43.2377
dual not feasible: -42.3996
dual not feasible: -43.6303
dual not feasible: -42.8956
dual not feasible: -43.3986
dual not feasible: -47.1326
dual not feasible: -42.2856
dual not feasible: -45.1527
dual not feasible: -44.394
dual not feasible: -46.2573
dual not feasible: -43.2984
dual not feasible: -43.4735
dual not feasible: -44.5461
dual not feasible: -43.5812
dual not feasible: -48.3572
dual not feasible: -42.2377
dual not feasible: -43.7202
dual not feasible: -43.191
dual not feasible: -44.3787
dual not feasible: -42.0091
dual not feasible: -42.1529
dual not feasible: -42.737
dual not feasible: -43.7663
dual not feasible: -44.2491
dual not feasible: -44.0182
dual not feasible: -43.0612
dual not feasible: -43.1197
dual not feasible: -47.2986
dual not feasible: -44.6826
dual not feasible: -44.5255
dual not feasible: -45.9999
dual not feasible: -41.7953
dual not feasible: -43.2122
dual not feasible: -43.4378
dual not feasible: -42.0739
dual not feasible: -42.4779
dual not feasible: -45.5158
dual not feasible: -43.5455
dual not feasible: -43.4588
dual not feasible: -44.3433
dual not feasible: -42.3125
dual not feasible: -42.9784
dual not feasible: -44.3015
dual not feasible: -42.7662
STATS - lpIterations[52] lagIterations[14507] sspIterations[14507] numSeparations[14356] numCuts[0] compileTime[0] sspSolveTime[618] lpSolveTime[0] lb[647.273] ub[771.79] size: [25516] time: [1120]
dual not feasible: -41.2387
dual not feasible: -45.3147
dual not feasible: -51.9607
dual not feasible: -60.0505
dual not feasible: -63.2351
dual not feasible: -61.2089
dual not feasible: -59.6894
dual not feasible: -70.1119
dual not feasible: -67.5742
dual not feasible: -62.8421
dual not feasible: -67.3518
dual not feasible: -52.4728
dual not feasible: -65.814
dual not feasible: -57.4906
dual not feasible: -52.8102
dual not feasible: -58.3009
dual not feasible: -57.7873
dual not feasible: -58.3078
dual not feasible: -59.4566
dual not feasible: -55.2748
dual not feasible: -55.7035
dual not feasible: -63.958
dual not feasible: -56.4132
dual not feasible: -54.8343
dual not feasible: -62.1809
dual not feasible: -57.839
dual not feasible: -57.3018
dual not feasible: -55.6995
dual not feasible: -58.4699
dual not feasible: -61.3176
dual not feasible: -59.878
dual not feasible: -55.8142
dual not feasible: -56.2809
dual not feasible: -56.2613
dual not feasible: -56.6047
dual not feasible: -56.0125
dual not feasible: -51.7487
dual not feasible: -53.3577
dual not feasible: -59.9746
dual not feasible: -55.4445
dual not feasible: -53.5048
dual not feasible: -56.4388
dual not feasible: -62.2593
dual not feasible: -64.0905
dual not feasible: -51.6739
dual not feasible: -51.9369
dual not feasible: -53.6598
dual not feasible: -60.1646
dual not feasible: -55.7097
dual not feasible: -52.0136
dual not feasible: -52.9035
dual not feasible: -53.2194
dual not feasible: -55.7941
dual not feasible: -51.3554
dual not feasible: -52.3033
dual not feasible: -49.1644
dual not feasible: -49.798
dual not feasible: -56.3444
dual not feasible: -54.6299
dual not feasible: -51.5836
dual not feasible: -50.9985
dual not feasible: -53.6334
dual not feasible: -51.0323
dual not feasible: -53.4012
dual not feasible: -48.4628
dual not feasible: -57.4427
dual not feasible: -53.6562
dual not feasible: -57.6167
dual not feasible: -48.9983
dual not feasible: -49.0721
dual not feasible: -49.4876
dual not feasible: -56.5234
dual not feasible: -53.4373
dual not feasible: -50.2103
dual not feasible: -48.1849
dual not feasible: -54.1401
dual not feasible: -57.7562
dual not feasible: -56.7982
dual not feasible: -51.9457
dual not feasible: -51.5351
dual not feasible: -55.706
dual not feasible: -49.627
dual not feasible: -48.4559
dual not feasible: -49.1113
dual not feasible: -51.2855
dual not feasible: -49.0972
dual not feasible: -49.5899
dual not feasible: -54.3684
dual not feasible: -54.303
dual not feasible: -59.0485
dual not feasible: -50.5193
dual not feasible: -49.6122
dual not feasible: -43.6024
dual not feasible: -48.3161
dual not feasible: -53.2177
dual not feasible: -50.229
dual not feasible: -53.1929
dual not feasible: -49.2914
dual not feasible: -49.8043
dual not feasible: -58.0633
dual not feasible: -48.4002
dual not feasible: -46.1264
STATS - lpIterations[53] lagIterations[14609] sspIterations[14609] numSeparations[14457] numCuts[0] compileTime[0] sspSolveTime[626] lpSolveTime[0] lb[647.273] ub[771.79] size: [25636] time: [1133]
dual not feasible: -49.8911
dual not feasible: -48.9296
dual not feasible: -57.5803
dual not feasible: -55.0848
dual not feasible: -54.9325
dual not feasible: -61.1932
dual not feasible: -63.8926
dual not feasible: -53.6666
dual not feasible: -59.8291
dual not feasible: -58.3825
dual not feasible: -62.3169
dual not feasible: -64.3006
dual not feasible: -53.7822
dual not feasible: -59.6962
dual not feasible: -63.5192
dual not feasible: -62.7668
dual not feasible: -58.431
dual not feasible: -55.7995
dual not feasible: -55.6114
dual not feasible: -62.2965
dual not feasible: -64.0645
dual not feasible: -59.1293
dual not feasible: -63.276
dual not feasible: -61.9593
dual not feasible: -56.1965
dual not feasible: -54.2738
dual not feasible: -56.2783
dual not feasible: -55.2233
dual not feasible: -58.8313
dual not feasible: -53.1145
dual not feasible: -56.6594
dual not feasible: -59.8266
dual not feasible: -57.8952
dual not feasible: -58.3751
dual not feasible: -63.2382
dual not feasible: -60.1876
dual not feasible: -53.3432
dual not feasible: -55.4003
dual not feasible: -54.1743
dual not feasible: -54.2725
dual not feasible: -55.2338
dual not feasible: -54.4648
dual not feasible: -56.6708
dual not feasible: -58.0866
dual not feasible: -59.2769
dual not feasible: -55.0298
dual not feasible: -54.0363
dual not feasible: -47.8112
dual not feasible: -53.3555
dual not feasible: -58.7242
dual not feasible: -60.2297
dual not feasible: -56.9873
dual not feasible: -57.8745
dual not feasible: -57.095
dual not feasible: -53.8548
dual not feasible: -52.1303
dual not feasible: -52.5316
dual not feasible: -48.7905
dual not feasible: -51.059
dual not feasible: -53.7149
dual not feasible: -50.9434
dual not feasible: -50.2416
dual not feasible: -49.4393
dual not feasible: -51.5019
dual not feasible: -48.5006
dual not feasible: -54.9606
dual not feasible: -52.8285
dual not feasible: -58.6599
dual not feasible: -57.6552
dual not feasible: -55.3861
dual not feasible: -51.5804
dual not feasible: -52.0365
dual not feasible: -51.0194
dual not feasible: -54.9741
dual not feasible: -49.4996
dual not feasible: -52.5928
dual not feasible: -61.7986
dual not feasible: -51.8315
dual not feasible: -51.6094
dual not feasible: -51.7379
dual not feasible: -51.9127
dual not feasible: -51.1295
dual not feasible: -49.836
dual not feasible: -46.804
dual not feasible: -48.9441
dual not feasible: -50.7943
dual not feasible: -48.9574
dual not feasible: -48.4836
dual not feasible: -50.7433
dual not feasible: -48.2725
dual not feasible: -50.7898
dual not feasible: -52.0797
dual not feasible: -54.3831
dual not feasible: -52.3593
dual not feasible: -48.8824
dual not feasible: -48.1551
dual not feasible: -47.799
dual not feasible: -46.9133
dual not feasible: -48.5412
dual not feasible: -51.7592
dual not feasible: -50.5488
dual not feasible: -48.1083
dual not feasible: -53.0813
dual not feasible: -51.8169
dual not feasible: -48.1805
dual not feasible: -49.1725
dual not feasible: -49.7417
dual not feasible: -49.8836
dual not feasible: -46.73
dual not feasible: -46.186
dual not feasible: -48.4091
dual not feasible: -45.9364
dual not feasible: -48.6366
dual not feasible: -47.1027
dual not feasible: -44.6613
dual not feasible: -49.2352
dual not feasible: -53.0774
dual not feasible: -48.7963
dual not feasible: -46.6094
dual not feasible: -50.2864
dual not feasible: -52.1223
dual not feasible: -53.0468
dual not feasible: -50.355
dual not feasible: -46.4637
dual not feasible: -51.0623
dual not feasible: -49.0912
dual not feasible: -46.331
dual not feasible: -46.5715
dual not feasible: -46.8759
dual not feasible: -46.2519
dual not feasible: -50.9766
dual not feasible: -46.5183
dual not feasible: -47.9354
dual not feasible: -48.2803
dual not feasible: -47.3178
dual not feasible: -49.4711
dual not feasible: -48.3977
dual not feasible: -51.0275
dual not feasible: -46.165
dual not feasible: -45.9148
dual not feasible: -46.2183
dual not feasible: -46.5321
dual not feasible: -46.0882
dual not feasible: -47.2187
dual not feasible: -45.1073
dual not feasible: -51.0227
dual not feasible: -48.5372
dual not feasible: -46.9896
dual not feasible: -48.4628
dual not feasible: -47.2468
dual not feasible: -46.5268
dual not feasible: -49.0456
dual not feasible: -44.5638
dual not feasible: -45.5481
dual not feasible: -49.82
dual not feasible: -46.3242
dual not feasible: -47.317
dual not feasible: -45.863
dual not feasible: -45.5048
dual not feasible: -46.9385
dual not feasible: -47.2413
dual not feasible: -45.3133
dual not feasible: -49.8786
dual not feasible: -49.1071
dual not feasible: -47.5875
dual not feasible: -46.0162
dual not feasible: -44.3509
dual not feasible: -44.1598
dual not feasible: -46.5678
dual not feasible: -46.0393
dual not feasible: -47.841
dual not feasible: -47.1411
dual not feasible: -51.9051
dual not feasible: -46.5527
dual not feasible: -45.6824
dual not feasible: -45.7145
dual not feasible: -46.9209
dual not feasible: -43.7856
dual not feasible: -46.7154
dual not feasible: -45.269
dual not feasible: -44.2512
dual not feasible: -45.3258
dual not feasible: -46.56
dual not feasible: -47.0365
dual not feasible: -47.731
dual not feasible: -45.3815
dual not feasible: -46.2678
dual not feasible: -45.3696
dual not feasible: -47.5995
dual not feasible: -45.4716
dual not feasible: -43.7076
dual not feasible: -46.4343
dual not feasible: -46.8955
dual not feasible: -44.7564
dual not feasible: -44.6513
dual not feasible: -44.0854
dual not feasible: -46.4515
dual not feasible: -43.1451
dual not feasible: -44.9635
dual not feasible: -46.2793
dual not feasible: -45.431
dual not feasible: -47.6715
dual not feasible: -45.0843
dual not feasible: -44.736
dual not feasible: -43.6524
dual not feasible: -46.3639
dual not feasible: -44.946
dual not feasible: -48.0092
dual not feasible: -45.1394
dual not feasible: -46.2003
dual not feasible: -45.6403
dual not feasible: -43.6445
dual not feasible: -42.6309
dual not feasible: -44.6092
dual not feasible: -44.3562
dual not feasible: -45.2851
dual not feasible: -45.178
dual not feasible: -47.6833
dual not feasible: -45.3236
dual not feasible: -45.0785
dual not feasible: -45.833
dual not feasible: -49.0155
dual not feasible: -47.1443
dual not feasible: -44.6727
dual not feasible: -43.3039
dual not feasible: -44.9483
dual not feasible: -43.626
dual not feasible: -43.7134
dual not feasible: -44.7493
dual not feasible: -44.996
dual not feasible: -47.274
dual not feasible: -45.6421
dual not feasible: -42.8616
dual not feasible: -43.0672
dual not feasible: -46.0091
dual not feasible: -44.6406
dual not feasible: -43.6009
dual not feasible: -43.3559
dual not feasible: -43.8343
dual not feasible: -44.9488
dual not feasible: -44.7858
dual not feasible: -43.7981
dual not feasible: -43.0786
dual not feasible: -45.5191
dual not feasible: -42.9128
dual not feasible: -45.6455
dual not feasible: -44.8286
dual not feasible: -43.9016
dual not feasible: -45.2743
dual not feasible: -44.3056
dual not feasible: -44.7562
dual not feasible: -45.266
dual not feasible: -42.9637
dual not feasible: -43.1827
dual not feasible: -45.1663
dual not feasible: -44.1288
dual not feasible: -42.7372
dual not feasible: -42.5079
dual not feasible: -44.0995
dual not feasible: -46.0751
dual not feasible: -42.7469
dual not feasible: -42.8441
dual not feasible: -44.4607
dual not feasible: -45.0604
dual not feasible: -44.3279
dual not feasible: -44.6049
dual not feasible: -44.7379
dual not feasible: -41.673
dual not feasible: -44.0353
dual not feasible: -43.8344
dual not feasible: -44.9133
dual not feasible: -43.2349
dual not feasible: -42.5594
dual not feasible: -43.1487
dual not feasible: -44.8158
dual not feasible: -41.9572
dual not feasible: -44.4228
dual not feasible: -44.2827
dual not feasible: -44.0534
dual not feasible: -42.5515
dual not feasible: -42.0216
dual not feasible: -42.2672
dual not feasible: -44.5947
dual not feasible: -43.2917
dual not feasible: -43.2732
dual not feasible: -44.5313
dual not feasible: -44.9079
dual not feasible: -45.3939
dual not feasible: -42.7243
dual not feasible: -41.386
dual not feasible: -41.9626
dual not feasible: -41.9974
dual not feasible: -43.3567
dual not feasible: -44.2896
dual not feasible: -44.8135
dual not feasible: -42.8275
dual not feasible: -45.6915
dual not feasible: -44.394
dual not feasible: -44.125
dual not feasible: -45.6588
dual not feasible: -42.4064
dual not feasible: -42.1427
dual not feasible: -45.0616
dual not feasible: -45.2803
dual not feasible: -44.2698
dual not feasible: -42.8461
dual not feasible: -43.1663
dual not feasible: -42.5912
dual not feasible: -42.9489
dual not feasible: -43.0678
dual not feasible: -41.3687
dual not feasible: -41.9105
dual not feasible: -41.8226
dual not feasible: -44.1173
dual not feasible: -43.8453
dual not feasible: -43.7696
dual not feasible: -43.17
dual not feasible: -44.3665
dual not feasible: -42.7537
dual not feasible: -43.3617
dual not feasible: -42.3907
dual not feasible: -42.3663
dual not feasible: -44.7312
dual not feasible: -43.4748
dual not feasible: -42.0854
dual not feasible: -44.081
dual not feasible: -43.6825
dual not feasible: -41.526
dual not feasible: -43.1152
dual not feasible: -41.208
dual not feasible: -43.5926
dual not feasible: -42.6998
dual not feasible: -44.2282
dual not feasible: -42.996
dual not feasible: -42.8518
dual not feasible: -43.007
dual not feasible: -41.1764
dual not feasible: -44.7816
dual not feasible: -42.3046
dual not feasible: -42.7251
dual not feasible: -43.3797
dual not feasible: -43.1152
dual not feasible: -42.239
dual not feasible: -44.7107
dual not feasible: -42.3775
dual not feasible: -42.2316
dual not feasible: -42.124
dual not feasible: -41.8359
dual not feasible: -43.0977
dual not feasible: -42.7552
dual not feasible: -43.0192
dual not feasible: -44.6945
dual not feasible: -44.521
dual not feasible: -43.1545
dual not feasible: -45.165
dual not feasible: -42.9005
dual not feasible: -41.379
dual not feasible: -41.4212
dual not feasible: -41.3142
dual not feasible: -44.9012
dual not feasible: -42.7846
dual not feasible: -41.6041
dual not feasible: -41.438
dual not feasible: -42.8562
dual not feasible: -41.9513
dual not feasible: -42.4384
dual not feasible: -43.8319
dual not feasible: -42.0305
dual not feasible: -42.707
STATS - lpIterations[54] lagIterations[14978] sspIterations[14978] numSeparations[14825] numCuts[0] compileTime[0] sspSolveTime[654] lpSolveTime[0] lb[647.273] ub[771.79] size: [26049] time: [1182]
dual not feasible: -41.6813
dual not feasible: -50.3661
dual not feasible: -50.8214
dual not feasible: -53.2016
dual not feasible: -68.0483
dual not feasible: -67.4452
dual not feasible: -64.6439
dual not feasible: -64.8217
dual not feasible: -67.1301
dual not feasible: -58.4352
dual not feasible: -57.8296
dual not feasible: -61.7116
dual not feasible: -58.0823
dual not feasible: -54.3988
dual not feasible: -62.2615
dual not feasible: -64.1553
dual not feasible: -56.7551
dual not feasible: -57.049
dual not feasible: -58.9854
dual not feasible: -59.6695
dual not feasible: -61.9459
dual not feasible: -63.2943
dual not feasible: -55.5083
dual not feasible: -57.6965
dual not feasible: -72.4096
dual not feasible: -53.6358
dual not feasible: -61.954
dual not feasible: -56.904
dual not feasible: -53.3681
dual not feasible: -58.6241
dual not feasible: -58.8217
dual not feasible: -58.3703
dual not feasible: -53.5711
dual not feasible: -55.262
dual not feasible: -55.534
dual not feasible: -56.9354
dual not feasible: -51.0595
dual not feasible: -53.6029
dual not feasible: -61.6536
dual not feasible: -52.5115
dual not feasible: -57.2856
dual not feasible: -56.3399
dual not feasible: -65.8214
dual not feasible: -62.4096
dual not feasible: -57.7615
dual not feasible: -52.3243
dual not feasible: -56.0085
dual not feasible: -53.2753
dual not feasible: -57.7398
dual not feasible: -55.18
dual not feasible: -52.9429
dual not feasible: -52.9924
dual not feasible: -50.5631
dual not feasible: -50.9116
dual not feasible: -61.5426
dual not feasible: -55.6833
dual not feasible: -59.2873
dual not feasible: -58.457
dual not feasible: -54.6562
dual not feasible: -57.0101
dual not feasible: -53.5863
dual not feasible: -48.7416
dual not feasible: -53.2974
dual not feasible: -54.1617
dual not feasible: -56.7387
dual not feasible: -53.8515
dual not feasible: -52.222
dual not feasible: -53.5465
dual not feasible: -51.0189
dual not feasible: -49.9117
dual not feasible: -56.0101
dual not feasible: -54.4769
dual not feasible: -55.2535
dual not feasible: -50.7145
dual not feasible: -50.1277
dual not feasible: -49.6965
dual not feasible: -48.5627
dual not feasible: -56.7496
dual not feasible: -54.1182
dual not feasible: -52.3674
dual not feasible: -55.289
dual not feasible: -54.7796
dual not feasible: -51.4139
dual not feasible: -50.9187
dual not feasible: -47.3896
dual not feasible: -48.6957
dual not feasible: -52.5649
dual not feasible: -53.3093
dual not feasible: -48.1757
dual not feasible: -47.5278
dual not feasible: -48.8975
dual not feasible: -54.8763
dual not feasible: -52.6532
dual not feasible: -53.2895
dual not feasible: -48.2455
dual not feasible: -47.6278
dual not feasible: -51.7672
dual not feasible: -51.2879
dual not feasible: -49.4121
dual not feasible: -50.229
dual not feasible: -48.7605
dual not feasible: -50.1034
STATS - lpIterations[55] lagIterations[15080] sspIterations[15080] numSeparations[14926] numCuts[0] compileTime[0] sspSolveTime[661] lpSolveTime[0] lb[647.273] ub[771.79] size: [26178] time: [1196]
dual not feasible: -52.4192
dual not feasible: -49.1289
dual not feasible: -47.8756
dual not feasible: -57.1301
dual not feasible: -58.9564
dual not feasible: -58.3235
dual not feasible: -58.1884
dual not feasible: -64.2732
dual not feasible: -59.7424
dual not feasible: -57.1854
dual not feasible: -53.8835
dual not feasible: -62.0638
dual not feasible: -61.6346
dual not feasible: -62.8139
dual not feasible: -64.321
dual not feasible: -59.6121
dual not feasible: -61.7675
dual not feasible: -62.2119
dual not feasible: -59.2757
dual not feasible: -60.905
dual not feasible: -61.3265
dual not feasible: -60.5633
dual not feasible: -62.7218
dual not feasible: -56.4285
dual not feasible: -61.026
dual not feasible: -58.6204
dual not feasible: -54.7195
dual not feasible: -59.806
dual not feasible: -55.8669
dual not feasible: -60.6249
dual not feasible: -57.7904
dual not feasible: -56.0694
dual not feasible: -61.8496
dual not feasible: -57.5743
dual not feasible: -56.6599
dual not feasible: -58.3888
dual not feasible: -55.503
dual not feasible: -60.3019
dual not feasible: -60.4989
dual not feasible: -52.2336
dual not feasible: -57.5738
dual not feasible: -57.5726
dual not feasible: -50.9425
dual not feasible: -53.2073
dual not feasible: -52.4082
dual not feasible: -55.0501
dual not feasible: -53.9492
dual not feasible: -52.2787
dual not feasible: -53.3951
dual not feasible: -51.2307
dual not feasible: -57.1182
dual not feasible: -53.7692
dual not feasible: -56.5986
dual not feasible: -54.1984
dual not feasible: -53.9463
dual not feasible: -62.0488
dual not feasible: -52.6077
dual not feasible: -51.8394
dual not feasible: -51.9875
dual not feasible: -55.4696
dual not feasible: -54.6762
dual not feasible: -54.9568
dual not feasible: -59.9354
dual not feasible: -53.4356
dual not feasible: -56.5043
dual not feasible: -53.8756
dual not feasible: -53.0865
dual not feasible: -55.358
dual not feasible: -51.8521
dual not feasible: -50.0385
dual not feasible: -50.1532
dual not feasible: -52.6016
dual not feasible: -48.0968
dual not feasible: -52.0932
dual not feasible: -56.6373
dual not feasible: -56.0426
dual not feasible: -51.6182
dual not feasible: -56.6697
dual not feasible: -56.547
dual not feasible: -61.7106
dual not feasible: -51.8275
dual not feasible: -51.8655
dual not feasible: -51.8595
dual not feasible: -48.9377
dual not feasible: -52.0273
dual not feasible: -48.9069
dual not feasible: -46.9942
dual not feasible: -51.1249
dual not feasible: -51.3123
dual not feasible: -52.894
dual not feasible: -51.867
dual not feasible: -50.6912
dual not feasible: -50.8664
dual not feasible: -49.6791
dual not feasible: -48.0558
dual not feasible: -48.5448
dual not feasible: -51.6001
dual not feasible: -55.1469
dual not feasible: -49.7531
dual not feasible: -52.1711
dual not feasible: -47.8587
dual not feasible: -53.4713
dual not feasible: -44.699
dual not feasible: -50.0165
dual not feasible: -49.5455
dual not feasible: -54.8164
dual not feasible: -53.3244
dual not feasible: -52.3787
dual not feasible: -50.3338
dual not feasible: -52.1217
dual not feasible: -51.2364
dual not feasible: -49.7189
dual not feasible: -49.9882
dual not feasible: -48.1777
dual not feasible: -50.1571
dual not feasible: -49.8124
dual not feasible: -46.5953
dual not feasible: -48.2227
dual not feasible: -50.0917
dual not feasible: -50.0681
dual not feasible: -52.092
dual not feasible: -49.7803
dual not feasible: -45.1004
dual not feasible: -48.0778
dual not feasible: -51.1832
dual not feasible: -49.8486
dual not feasible: -51.5357
dual not feasible: -50.1449
dual not feasible: -48.6266
dual not feasible: -50.5287
dual not feasible: -50.4594
dual not feasible: -48.3493
dual not feasible: -48.2275
dual not feasible: -46.7672
dual not feasible: -45.4666
dual not feasible: -46.1015
dual not feasible: -48.103
dual not feasible: -49.2867
dual not feasible: -49.6971
dual not feasible: -46.3576
dual not feasible: -49.1106
dual not feasible: -50.2232
dual not feasible: -48.3363
dual not feasible: -46.6464
dual not feasible: -51.4348
dual not feasible: -47.0611
dual not feasible: -44.8504
dual not feasible: -46.8634
dual not feasible: -47.7707
dual not feasible: -52.2011
dual not feasible: -48.0582
dual not feasible: -47.9331
dual not feasible: -46.0794
dual not feasible: -46.8093
dual not feasible: -45.7202
dual not feasible: -44.6348
dual not feasible: -48.7489
dual not feasible: -45.9858
dual not feasible: -46.6405
dual not feasible: -47.9987
dual not feasible: -49.5711
dual not feasible: -47.8024
dual not feasible: -47.5933
dual not feasible: -48.0359
dual not feasible: -44.3744
dual not feasible: -47.9174
dual not feasible: -46.9841
dual not feasible: -45.2282
dual not feasible: -51.8858
dual not feasible: -50.1372
dual not feasible: -49.5394
dual not feasible: -47.4257
dual not feasible: -45.3121
dual not feasible: -45.7435
dual not feasible: -45.7323
dual not feasible: -44.8786
dual not feasible: -50.9702
dual not feasible: -49.6222
dual not feasible: -47.9011
dual not feasible: -47.0714
dual not feasible: -46.4669
dual not feasible: -47.2297
dual not feasible: -48.522
dual not feasible: -46.5648
dual not feasible: -43.5067
dual not feasible: -46.6113
dual not feasible: -46.99
dual not feasible: -49.8679
dual not feasible: -48.1776
dual not feasible: -46.6543
dual not feasible: -45.1908
dual not feasible: -43.522
dual not feasible: -46.0318
dual not feasible: -45.6296
dual not feasible: -45.6547
dual not feasible: -44.5205
dual not feasible: -46.7195
dual not feasible: -44.0158
dual not feasible: -44.3583
dual not feasible: -44.1565
dual not feasible: -46.9498
dual not feasible: -46.8167
dual not feasible: -46.9946
dual not feasible: -47.604
dual not feasible: -46.75
dual not feasible: -44.7218
dual not feasible: -49.7321
dual not feasible: -47.1381
dual not feasible: -45.3852
dual not feasible: -47.2896
dual not feasible: -45.0534
dual not feasible: -45.5034
dual not feasible: -44.182
dual not feasible: -43.9782
dual not feasible: -43.6438
dual not feasible: -44.8008
dual not feasible: -45.8666
dual not feasible: -51.202
dual not feasible: -47.0768
dual not feasible: -43.5683
dual not feasible: -46.8259
dual not feasible: -47.2342
dual not feasible: -46.0277
dual not feasible: -45.011
dual not feasible: -44.6013
dual not feasible: -45.7521
dual not feasible: -45.7087
dual not feasible: -43.1873
dual not feasible: -45.3022
dual not feasible: -44.6414
dual not feasible: -44.7121
dual not feasible: -48.6741
dual not feasible: -46.8306
dual not feasible: -43.8891
dual not feasible: -48.1585
dual not feasible: -48.5735
dual not feasible: -47.4332
dual not feasible: -43.1811
dual not feasible: -43.6
dual not feasible: -45.543
dual not feasible: -44.8124
dual not feasible: -44.1101
dual not feasible: -44.6986
dual not feasible: -44.4821
dual not feasible: -46.3957
dual not feasible: -45.363
dual not feasible: -44.2652
dual not feasible: -43.7524
dual not feasible: -43.1573
dual not feasible: -44.591
dual not feasible: -44.9673
dual not feasible: -44.3542
dual not feasible: -44.841
dual not feasible: -44.1994
dual not feasible: -45.7102
dual not feasible: -46.6067
dual not feasible: -48.084
dual not feasible: -45.1128
dual not feasible: -43.9118
dual not feasible: -45.0284
dual not feasible: -43.9801
dual not feasible: -42.2529
dual not feasible: -45.5482
dual not feasible: -45.3428
dual not feasible: -45.3281
dual not feasible: -44.437
dual not feasible: -43.6952
dual not feasible: -44.4638
dual not feasible: -43.1274
dual not feasible: -43.2611
dual not feasible: -44.1129
dual not feasible: -44.1755
dual not feasible: -44.677
dual not feasible: -46.9763
dual not feasible: -44.9495
dual not feasible: -42.5803
dual not feasible: -43.0329
dual not feasible: -43.2516
dual not feasible: -44.3503
dual not feasible: -44.2135
dual not feasible: -43.1593
dual not feasible: -43.4898
dual not feasible: -45.1094
dual not feasible: -44.6537
dual not feasible: -45.0241
dual not feasible: -44.3621
dual not feasible: -44.2744
dual not feasible: -43.2633
dual not feasible: -45.5319
dual not feasible: -43.8282
dual not feasible: -44.4024
dual not feasible: -43.8914
dual not feasible: -48.9224
dual not feasible: -43.5016
dual not feasible: -43.5464
dual not feasible: -43.5763
dual not feasible: -44.6209
dual not feasible: -44.3601
dual not feasible: -46.5099
dual not feasible: -43.1966
dual not feasible: -42.3897
dual not feasible: -45.8565
dual not feasible: -44.137
dual not feasible: -43.3984
dual not feasible: -43.1691
dual not feasible: -43.1062
dual not feasible: -43.3502
dual not feasible: -44.1755
dual not feasible: -43.3296
dual not feasible: -44.3056
dual not feasible: -42.5576
dual not feasible: -43.5397
dual not feasible: -43.6283
dual not feasible: -46.8964
dual not feasible: -43.9596
dual not feasible: -44.296
dual not feasible: -43.7171
dual not feasible: -43.6043
dual not feasible: -44.4812
dual not feasible: -44.5667
dual not feasible: -41.9157
dual not feasible: -42.3079
dual not feasible: -43.1862
dual not feasible: -44.5884
dual not feasible: -44.7327
dual not feasible: -43.885
dual not feasible: -43.9464
dual not feasible: -42.4091
dual not feasible: -43.8821
dual not feasible: -43.5677
dual not feasible: -44.7763
dual not feasible: -43.541
dual not feasible: -45.9364
dual not feasible: -42.4575
dual not feasible: -42.5118
dual not feasible: -42.8515
dual not feasible: -43.4556
dual not feasible: -43.8824
dual not feasible: -43.6033
dual not feasible: -42.4452
dual not feasible: -42.4091
dual not feasible: -44.6399
dual not feasible: -43.5241
dual not feasible: -44.0951
dual not feasible: -43.4853
dual not feasible: -43.6014
dual not feasible: -42.986
dual not feasible: -42.8244
dual not feasible: -42.3515
dual not feasible: -42.1971
dual not feasible: -43.5975
dual not feasible: -43.4733
dual not feasible: -45.9294
dual not feasible: -44.0724
dual not feasible: -41.1051
STATS - lpIterations[55] lagIterations[15435] sspIterations[15435] numSeparations[15280] numCuts[0] compileTime[0] sspSolveTime[689] lpSolveTime[0] lb[647.611] ub[771.79] size: [26598] time: [1245]
dual not feasible: -41.3942
dual not feasible: -41.8674
dual not feasible: -43.0631
dual not feasible: -42.5179
dual not feasible: -42.3013
dual not feasible: -43.7046
dual not feasible: -45.2145
dual not feasible: -43.142
dual not feasible: -43.2684
dual not feasible: -45.2133
dual not feasible: -43.0551
dual not feasible: -42.6115
dual not feasible: -41.7276
dual not feasible: -43.8295
dual not feasible: -43.4485
dual not feasible: -41.8705
dual not feasible: -42.8965
dual not feasible: -43.4162
dual not feasible: -43.7296
dual not feasible: -43.9031
dual not feasible: -43.66
dual not feasible: -43.1486
dual not feasible: -43.0532
dual not feasible: -44.9848
dual not feasible: -43.1916
dual not feasible: -43.2574
dual not feasible: -43.6247
dual not feasible: -43.2381
dual not feasible: -44.9506
dual not feasible: -43.8046
dual not feasible: -42.5536
dual not feasible: -42.6446
dual not feasible: -42.9174
dual not feasible: -43.5298
dual not feasible: -44.5161
dual not feasible: -45.4819
dual not feasible: -42.9758
dual not feasible: -42.5449
dual not feasible: -43.5009
dual not feasible: -43.051
dual not feasible: -42.4386
dual not feasible: -42.5057
dual not feasible: -41.8137
dual not feasible: -45.6422
dual not feasible: -44.8103
dual not feasible: -43.4151
dual not feasible: -42.8461
dual not feasible: -42.5169
dual not feasible: -42.8763
dual not feasible: -41.9208
dual not feasible: -43.3473
dual not feasible: -42.6729
dual not feasible: -42.2854
dual not feasible: -44.6096
dual not feasible: -42.7178
dual not feasible: -43.6899
dual not feasible: -43.3977
dual not feasible: -43.2476
dual not feasible: -42.1016
dual not feasible: -42.9293
dual not feasible: -44.3644
dual not feasible: -42.5854
dual not feasible: -43.7097
dual not feasible: -44.3573
dual not feasible: -43.0807
dual not feasible: -44.0896
dual not feasible: -42.3267
dual not feasible: -42.6212
dual not feasible: -41.8057
dual not feasible: -41.7429
dual not feasible: -44.4808
dual not feasible: -43.4592
dual not feasible: -43.6259
dual not feasible: -42.2652
dual not feasible: -43.3112
dual not feasible: -42.3671
dual not feasible: -44.9599
dual not feasible: -42.5927
dual not feasible: -42.0823
dual not feasible: -42.208
dual not feasible: -42.4887
dual not feasible: -42.4812
dual not feasible: -43.2526
dual not feasible: -44.5729
dual not feasible: -42.5444
dual not feasible: -41.7615
dual not feasible: -44.4565
dual not feasible: -43.1694
dual not feasible: -44.0539
dual not feasible: -41.9193
dual not feasible: -41.8402
dual not feasible: -43.3615
dual not feasible: -46.9512
dual not feasible: -42.8333
dual not feasible: -43.6494
dual not feasible: -42.9645
dual not feasible: -42.9113
dual not feasible: -42.557
dual not feasible: -43.804
dual not feasible: -41.8433
dual not feasible: -41.7759
STATS - lpIterations[56] lagIterations[15536] sspIterations[15536] numSeparations[15381] numCuts[0] compileTime[0] sspSolveTime[696] lpSolveTime[0] lb[647.611] ub[771.79] size: [26718] time: [1259]
dual not feasible: -42.7185
dual not feasible: -46.1079
dual not feasible: -50.6229
dual not feasible: -55.5585
dual not feasible: -55.8584
dual not feasible: -73.4728
dual not feasible: -68.3569
dual not feasible: -62.0218
dual not feasible: -58.4336
dual not feasible: -64.6743
dual not feasible: -60.8996
dual not feasible: -67.0554
dual not feasible: -61.1189
dual not feasible: -56.4327
dual not feasible: -69.1743
dual not feasible: -68.0624
dual not feasible: -58.9588
dual not feasible: -57.2774
dual not feasible: -60.6075
dual not feasible: -58.287
dual not feasible: -59.5834
dual not feasible: -61.8159
dual not feasible: -59.4511
dual not feasible: -66.05
dual not feasible: -61.9661
dual not feasible: -54.8859
dual not feasible: -54.1809
dual not feasible: -55.8239
dual not feasible: -62.377
dual not feasible: -58.7197
dual not feasible: -52.0188
dual not feasible: -59.4375
dual not feasible: -58.5431
dual not feasible: -58.3073
dual not feasible: -58.9366
dual not feasible: -59.8638
dual not feasible: -60.8352
dual not feasible: -58.3718
dual not feasible: -63.2003
dual not feasible: -51.3884
dual not feasible: -51.0518
dual not feasible: -55.4095
dual not feasible: -56.1312
dual not feasible: -57.7898
dual not feasible: -55.0933
dual not feasible: -54.8131
dual not feasible: -54.3667
dual not feasible: -55.2343
dual not feasible: -60.685
dual not feasible: -52.603
dual not feasible: -52.8252
dual not feasible: -57.0877
dual not feasible: -52.4543
dual not feasible: -54.9581
dual not feasible: -53.5335
dual not feasible: -52.7047
dual not feasible: -56.3399
dual not feasible: -52.7443
dual not feasible: -54.9239
dual not feasible: -56.4632
dual not feasible: -56.6311
dual not feasible: -53.5698
dual not feasible: -52.204
dual not feasible: -57.4503
dual not feasible: -55.4753
dual not feasible: -58.2002
dual not feasible: -57.4687
dual not feasible: -57.0736
dual not feasible: -52.9144
dual not feasible: -52.6437
dual not feasible: -53.0073
dual not feasible: -51.411
dual not feasible: -51.427
dual not feasible: -53.3481
dual not feasible: -50.9194
dual not feasible: -51.1193
dual not feasible: -51.9532
dual not feasible: -57.3348
dual not feasible: -49.8613
dual not feasible: -51.8271
dual not feasible: -55.4932
dual not feasible: -50.4053
dual not feasible: -48.4421
dual not feasible: -48.992
dual not feasible: -54.4828
dual not feasible: -51.0973
dual not feasible: -52.2168
dual not feasible: -52.0892
dual not feasible: -50.7619
dual not feasible: -52.0321
dual not feasible: -55.9115
dual not feasible: -47.2229
dual not feasible: -51.4323
dual not feasible: -51.3649
dual not feasible: -51.0377
dual not feasible: -50.2872
dual not feasible: -52.8671
dual not feasible: -56.8827
dual not feasible: -53.0514
dual not feasible: -50.219
dual not feasible: -49.5815
dual not feasible: -49.0237
STATS - lpIterations[57] lagIterations[15638] sspIterations[15638] numSeparations[15482] numCuts[0] compileTime[0] sspSolveTime[704] lpSolveTime[0] lb[647.611] ub[771.79] size: [26833] time: [1273]
dual not feasible: -49.5881
dual not feasible: -55.9056
dual not feasible: -53.5161
dual not feasible: -57.5138
dual not feasible: -59.305
dual not feasible: -63.5306
dual not feasible: -63.7357
dual not feasible: -72.0778
dual not feasible: -62.1948
dual not feasible: -59.4223
dual not feasible: -60.3198
dual not feasible: -58.4692
dual not feasible: -67.6289
dual not feasible: -69.8954
dual not feasible: -62.482
dual not feasible: -62.3837
dual not feasible: -59.4684
dual not feasible: -69.1569
dual not feasible: -66.307
dual not feasible: -66.6722
dual not feasible: -53.0522
dual not feasible: -60.9641
dual not feasible: -56.3448
dual not feasible: -58.5693
dual not feasible: -61.8148
dual not feasible: -59.5976
dual not feasible: -56.1221
dual not feasible: -64.8827
dual not feasible: -65.0078
dual not feasible: -55.253
dual not feasible: -65.4273
dual not feasible: -58.2018
dual not feasible: -56.8144
dual not feasible: -57.9662
dual not feasible: -55.1777
dual not feasible: -65.4681
dual not feasible: -56.6379
dual not feasible: -56.1679
dual not feasible: -57.1545
dual not feasible: -60.1368
dual not feasible: -58.8504
dual not feasible: -59.6406
dual not feasible: -60.039
dual not feasible: -55.0651
dual not feasible: -58.118
dual not feasible: -52.2922
dual not feasible: -55.5674
dual not feasible: -52.2787
dual not feasible: -53.3789
dual not feasible: -57.26
dual not feasible: -54.6066
dual not feasible: -57.6105
dual not feasible: -59.4598
dual not feasible: -57.9145
dual not feasible: -53.5298
dual not feasible: -54.4905
dual not feasible: -55.2238
dual not feasible: -52.3717
dual not feasible: -54.5687
dual not feasible: -50.981
dual not feasible: -59.3311
dual not feasible: -57.238
dual not feasible: -52.2222
dual not feasible: -57.8158
dual not feasible: -54.0132
dual not feasible: -52.1343
dual not feasible: -54.7232
dual not feasible: -54.7161
dual not feasible: -52.2316
dual not feasible: -56.8504
dual not feasible: -59.0619
dual not feasible: -56.4648
dual not feasible: -52.1862
dual not feasible: -51.6027
dual not feasible: -51.0419
dual not feasible: -49.2594
dual not feasible: -50.231
dual not feasible: -48.4012
dual not feasible: -59.1445
dual not feasible: -57.6208
dual not feasible: -52.2047
dual not feasible: -50.8089
dual not feasible: -51.312
dual not feasible: -50.8396
dual not feasible: -51.8808
dual not feasible: -55.8973
dual not feasible: -57.3391
dual not feasible: -58.7722
dual not feasible: -51.5954
dual not feasible: -52.9875
dual not feasible: -52.732
dual not feasible: -48.8306
dual not feasible: -53.8728
dual not feasible: -53.491
dual not feasible: -51.4127
dual not feasible: -51.3493
dual not feasible: -50.956
dual not feasible: -55.2692
dual not feasible: -50.9764
dual not feasible: -50.472
dual not feasible: -48.1337
dual not feasible: -50.0805
dual not feasible: -50.9263
dual not feasible: -52.5395
dual not feasible: -46.997
dual not feasible: -52.9794
dual not feasible: -54.607
dual not feasible: -50.6314
dual not feasible: -52.5445
dual not feasible: -48.5654
dual not feasible: -48.7677
dual not feasible: -50.4671
dual not feasible: -47.7606
dual not feasible: -48.4068
dual not feasible: -46.3932
dual not feasible: -48.6261
dual not feasible: -49.4007
dual not feasible: -53.5207
dual not feasible: -47.9445
dual not feasible: -48.9425
dual not feasible: -50.6625
dual not feasible: -47.5648
dual not feasible: -49.064
dual not feasible: -49.9999
dual not feasible: -48.7587
dual not feasible: -49.6917
dual not feasible: -47.0973
dual not feasible: -47.2737
dual not feasible: -51.4256
dual not feasible: -52.9058
dual not feasible: -51.8012
dual not feasible: -47.9174
dual not feasible: -49.088
dual not feasible: -47.8506
dual not feasible: -50.685
dual not feasible: -50.072
dual not feasible: -51.7316
dual not feasible: -47.0511
dual not feasible: -48.7177
dual not feasible: -48.9032
dual not feasible: -47.4037
dual not feasible: -47.2805
dual not feasible: -45.3974
dual not feasible: -48.9501
dual not feasible: -48.7195
dual not feasible: -53.1162
dual not feasible: -47.1571
dual not feasible: -48.0199
dual not feasible: -48.8733
dual not feasible: -48.4757
dual not feasible: -45.03
dual not feasible: -45.9986
dual not feasible: -48.999
dual not feasible: -48.514
dual not feasible: -50.8816
dual not feasible: -47.4037
dual not feasible: -45.8983
dual not feasible: -48.5306
dual not feasible: -51.923
dual not feasible: -46.2013
dual not feasible: -47.4494
dual not feasible: -48.7978
dual not feasible: -47.7489
dual not feasible: -52.1526
dual not feasible: -49.809
dual not feasible: -50.8736
dual not feasible: -45.5889
dual not feasible: -47.4261
dual not feasible: -46.7942
dual not feasible: -49.126
dual not feasible: -48.044
dual not feasible: -47.3487
dual not feasible: -49.0377
dual not feasible: -46.223
dual not feasible: -45.61
dual not feasible: -46.7587
dual not feasible: -47.4243
dual not feasible: -46.2859
dual not feasible: -48.9326
dual not feasible: -45.8284
dual not feasible: -47.3003
dual not feasible: -51.9954
dual not feasible: -49.8467
dual not feasible: -47.9304
dual not feasible: -46.2639
dual not feasible: -46.12
dual not feasible: -49.1694
dual not feasible: -47.5118
dual not feasible: -44.4167
dual not feasible: -46.2478
dual not feasible: -44.9103
dual not feasible: -49.096
dual not feasible: -47.7109
dual not feasible: -47.4279
dual not feasible: -43.9867
dual not feasible: -47.8919
dual not feasible: -46.1264
dual not feasible: -46.0422
dual not feasible: -47.0166
dual not feasible: -47.8201
dual not feasible: -46.7595
dual not feasible: -46.2716
dual not feasible: -46.1773
dual not feasible: -47.5945
dual not feasible: -46.2492
dual not feasible: -45.4401
dual not feasible: -47.9549
dual not feasible: -46.4563
dual not feasible: -46.1696
dual not feasible: -45.1705
dual not feasible: -45.458
dual not feasible: -47.8119
dual not feasible: -48.011
dual not feasible: -45.6069
dual not feasible: -44.6141
dual not feasible: -44.7264
dual not feasible: -44.6236
dual not feasible: -46.1795
dual not feasible: -46.5406
dual not feasible: -46.969
dual not feasible: -47.0175
dual not feasible: -46.5626
dual not feasible: -47.3002
dual not feasible: -46.402
dual not feasible: -51.9901
dual not feasible: -44.0225
dual not feasible: -44.243
dual not feasible: -43.9005
dual not feasible: -46.4133
dual not feasible: -48.1158
dual not feasible: -49.6906
dual not feasible: -45.8443
dual not feasible: -49.8631
dual not feasible: -44.7234
dual not feasible: -47.8503
dual not feasible: -45.9087
dual not feasible: -45.2404
dual not feasible: -45.6088
dual not feasible: -45.422
dual not feasible: -47.2153
dual not feasible: -48.1857
dual not feasible: -45.754
dual not feasible: -44.5959
dual not feasible: -44.5831
dual not feasible: -46.6694
dual not feasible: -46.5626
dual not feasible: -46.7921
dual not feasible: -43.8783
dual not feasible: -46.6536
dual not feasible: -47.6175
dual not feasible: -46.4559
dual not feasible: -45.801
dual not feasible: -45.0357
dual not feasible: -44.8605
dual not feasible: -43.7777
dual not feasible: -47.4482
dual not feasible: -44.5477
dual not feasible: -44.8287
dual not feasible: -44.2766
dual not feasible: -44.9187
dual not feasible: -46.3018
dual not feasible: -46.0206
dual not feasible: -44.8458
dual not feasible: -43.3841
dual not feasible: -44.109
dual not feasible: -47.79
dual not feasible: -44.5992
dual not feasible: -45.6558
dual not feasible: -45.8815
dual not feasible: -46.0443
dual not feasible: -43.5376
dual not feasible: -42.787
dual not feasible: -45.1266
dual not feasible: -45.5293
dual not feasible: -46.549
dual not feasible: -46.4896
dual not feasible: -44.6222
dual not feasible: -46.1385
dual not feasible: -45.4469
dual not feasible: -43.5357
dual not feasible: -44.7726
dual not feasible: -44.3431
dual not feasible: -44.4107
dual not feasible: -47.4742
dual not feasible: -45.834
dual not feasible: -45.0172
dual not feasible: -45.2261
dual not feasible: -44.9327
dual not feasible: -48.79
dual not feasible: -47.7289
dual not feasible: -42.5302
dual not feasible: -43.3986
dual not feasible: -44.4539
dual not feasible: -45.3733
dual not feasible: -44.753
dual not feasible: -45.04
dual not feasible: -43.6921
dual not feasible: -45.9241
dual not feasible: -48.2974
dual not feasible: -45.0339
dual not feasible: -46.5231
dual not feasible: -44.1192
dual not feasible: -44.4109
dual not feasible: -45.0105
dual not feasible: -46.3761
dual not feasible: -42.6594
dual not feasible: -44.0487
dual not feasible: -44.166
dual not feasible: -45.8676
dual not feasible: -44.8193
dual not feasible: -43.9556
dual not feasible: -43.691
dual not feasible: -44.1266
dual not feasible: -44.7061
dual not feasible: -47.7513
dual not feasible: -44.7973
dual not feasible: -44.013
dual not feasible: -43.9114
dual not feasible: -44.6593
dual not feasible: -43.358
dual not feasible: -43.4699
dual not feasible: -44.2159
dual not feasible: -43.6648
dual not feasible: -46.0114
dual not feasible: -43.0588
dual not feasible: -44.9023
dual not feasible: -44.4067
dual not feasible: -45.6229
dual not feasible: -43.5386
dual not feasible: -42.9928
dual not feasible: -43.2604
dual not feasible: -43.9986
dual not feasible: -44.6926
dual not feasible: -44.1298
dual not feasible: -43.7299
dual not feasible: -43.8665
dual not feasible: -44.0304
dual not feasible: -43.7076
dual not feasible: -45.9357
dual not feasible: -46.9817
dual not feasible: -46.3814
dual not feasible: -43.8597
dual not feasible: -43.3022
dual not feasible: -45.1804
dual not feasible: -42.9597
dual not feasible: -44.1256
dual not feasible: -43.4269
dual not feasible: -44.4149
dual not feasible: -46.1723
dual not feasible: -45.1341
dual not feasible: -44.2398
dual not feasible: -43.3803
dual not feasible: -44.5623
dual not feasible: -43.5597
dual not feasible: -45.1598
dual not feasible: -42.0073
dual not feasible: -42.5138
dual not feasible: -43.5646
dual not feasible: -43.8012
dual not feasible: -47.9594
dual not feasible: -45.1284
dual not feasible: -42.3953
dual not feasible: -43.1551
dual not feasible: -44.5484
dual not feasible: -44.04
dual not feasible: -43.6123
dual not feasible: -46.9442
dual not feasible: -41.43
STATS - lpIterations[57] lagIterations[16006] sspIterations[16006] numSeparations[15849] numCuts[0] compileTime[0] sspSolveTime[733] lpSolveTime[0] lb[647.914] ub[771.79] size: [27278] time: [1324]
dual not feasible: -42.9399
dual not feasible: -45.336
dual not feasible: -43.8938
dual not feasible: -44.3663
dual not feasible: -44.2762
dual not feasible: -43.8826
dual not feasible: -43.5529
dual not feasible: -44.3199
dual not feasible: -43.3884
dual not feasible: -45.827
dual not feasible: -44.2471
dual not feasible: -45.6103
dual not feasible: -43.7449
dual not feasible: -42.2299
dual not feasible: -42.9324
dual not feasible: -44.2394
dual not feasible: -44.7785
dual not feasible: -45.0034
dual not feasible: -43.892
dual not feasible: -42.1808
dual not feasible: -43.9021
dual not feasible: -45.3126
dual not feasible: -45.2836
dual not feasible: -43.5386
dual not feasible: -44.1924
dual not feasible: -43.1863
dual not feasible: -42.9531
dual not feasible: -45.2465
dual not feasible: -42.4446
dual not feasible: -42.558
dual not feasible: -42.5271
dual not feasible: -45.2426
dual not feasible: -44.1845
dual not feasible: -42.9756
dual not feasible: -42.5108
dual not feasible: -43.0488
dual not feasible: -44.182
dual not feasible: -43.9176
dual not feasible: -44.5568
dual not feasible: -43.4894
dual not feasible: -42.6071
dual not feasible: -45.3862
dual not feasible: -43.5644
dual not feasible: -43.5281
dual not feasible: -44.1242
dual not feasible: -44.6028
dual not feasible: -42.8863
dual not feasible: -43.5672
dual not feasible: -44.7608
dual not feasible: -43.5098
dual not feasible: -43.5796
dual not feasible: -43.3115
dual not feasible: -42.9516
dual not feasible: -43.1136
dual not feasible: -44.3166
dual not feasible: -43.7731
dual not feasible: -42.0941
dual not feasible: -43.9718
dual not feasible: -44.5746
dual not feasible: -44.8187
dual not feasible: -44.1818
dual not feasible: -42.9229
dual not feasible: -42.6701
dual not feasible: -42.679
dual not feasible: -43.3942
dual not feasible: -43.3465
dual not feasible: -42.734
dual not feasible: -43.3041
dual not feasible: -43.2658
dual not feasible: -44.7331
dual not feasible: -44.9117
dual not feasible: -43.8671
dual not feasible: -45.3634
dual not feasible: -43.6536
dual not feasible: -42.49
dual not feasible: -43.2513
dual not feasible: -42.3029
dual not feasible: -42.8632
dual not feasible: -43.0981
dual not feasible: -44.1377
dual not feasible: -45.9426
dual not feasible: -44.807
dual not feasible: -43.1333
dual not feasible: -42.4318
dual not feasible: -43.9368
dual not feasible: -44.0793
dual not feasible: -43.7789
dual not feasible: -43.394
dual not feasible: -42.3807
STATS - lpIterations[58] lagIterations[16095] sspIterations[16095] numSeparations[15938] numCuts[0] compileTime[0] sspSolveTime[741] lpSolveTime[0] lb[647.914] ub[771.79] size: [27394] time: [1337]
dual not feasible: -43.1503
dual not feasible: -51.0307
dual not feasible: -53.4729
dual not feasible: -56.0949
dual not feasible: -57.9444
dual not feasible: -61.7757
dual not feasible: -65.5037
dual not feasible: -67.1391
dual not feasible: -61.3786
dual not feasible: -57.1615
dual not feasible: -64.6843
dual not feasible: -60.4249
dual not feasible: -61.6116
dual not feasible: -54.9056
dual not feasible: -59.7342
dual not feasible: -69.2831
dual not feasible: -65.2336
dual not feasible: -54.9223
dual not feasible: -63.1322
dual not feasible: -59.7879
dual not feasible: -62.8614
dual not feasible: -62.4249
dual not feasible: -61.9079
dual not feasible: -64.0863
dual not feasible: -53.8634
dual not feasible: -63.725
dual not feasible: -62.0045
dual not feasible: -59.8559
dual not feasible: -61.5113
dual not feasible: -54.7796
dual not feasible: -58.9453
dual not feasible: -59.7472
dual not feasible: -55.7848
dual not feasible: -57.0162
dual not feasible: -60.3823
dual not feasible: -60.3714
dual not feasible: -62.4479
dual not feasible: -56.8523
dual not feasible: -57.2923
dual not feasible: -61.7362
dual not feasible: -54.7967
dual not feasible: -58.9706
dual not feasible: -55.34
dual not feasible: -57.7226
dual not feasible: -60.0342
dual not feasible: -55.2068
dual not feasible: -53.8536
dual not feasible: -51.717
dual not feasible: -53.0317
dual not feasible: -56.2823
dual not feasible: -59.2268
dual not feasible: -63.8493
dual not feasible: -62.4739
dual not feasible: -60.7695
dual not feasible: -57.4595
dual not feasible: -52.6433
dual not feasible: -57.1296
dual not feasible: -51.4625
dual not feasible: -54.6297
dual not feasible: -56.2738
dual not feasible: -58.6044
dual not feasible: -51.9831
dual not feasible: -51.681
dual not feasible: -54.167
dual not feasible: -55.3362
dual not feasible: -57.981
dual not feasible: -56.0731
dual not feasible: -56.8718
dual not feasible: -55.2174
dual not feasible: -54.9587
dual not feasible: -54.4039
dual not feasible: -53.4429
dual not feasible: -50.9939
dual not feasible: -54.3432
dual not feasible: -57.4945
dual not feasible: -54.7936
dual not feasible: -52.7064
dual not feasible: -56.2157
dual not feasible: -56.4355
dual not feasible: -52.3908
dual not feasible: -55.612
dual not feasible: -52.7249
dual not feasible: -50.1071
dual not feasible: -54.9913
dual not feasible: -51.1511
dual not feasible: -50.3937
dual not feasible: -49.7734
dual not feasible: -52.2171
dual not feasible: -52.2019
dual not feasible: -52.3732
dual not feasible: -53.4181
dual not feasible: -53.8879
dual not feasible: -54.9951
dual not feasible: -57.4779
dual not feasible: -54.1192
dual not feasible: -50.6467
dual not feasible: -49.4492
dual not feasible: -53.0467
dual not feasible: -48.7996
dual not feasible: -50.3503
dual not feasible: -54.2196
dual not feasible: -48.774
STATS - lpIterations[59] lagIterations[16197] sspIterations[16197] numSeparations[16039] numCuts[0] compileTime[0] sspSolveTime[749] lpSolveTime[0] lb[647.914] ub[771.79] size: [27500] time: [1352]
dual not feasible: -50.1633
dual not feasible: -52.6125
dual not feasible: -56.9713
dual not feasible: -57.7634
dual not feasible: -68.0247
dual not feasible: -67.2224
dual not feasible: -65.2546
dual not feasible: -67.1816
dual not feasible: -70.6503
dual not feasible: -63.7998
dual not feasible: -60.9417
dual not feasible: -59.8847
dual not feasible: -54.5222
dual not feasible: -62.9397
dual not feasible: -63.9696
dual not feasible: -67.1082
dual not feasible: -58.3083
dual not feasible: -64.7844
dual not feasible: -60.9771
dual not feasible: -59.5339
dual not feasible: -59.2462
dual not feasible: -55.3751
dual not feasible: -63.1808
dual not feasible: -55.6576
dual not feasible: -57.0809
dual not feasible: -59.2009
dual not feasible: -57.2035
dual not feasible: -59.247
dual not feasible: -58.2645
dual not feasible: -61.3539
dual not feasible: -59.0421
dual not feasible: -65.5643
dual not feasible: -58.1185
dual not feasible: -56.6426
dual not feasible: -53.6718
dual not feasible: -56.7669
dual not feasible: -57.6213
dual not feasible: -61.0689
dual not feasible: -53.4938
dual not feasible: -64.39
dual not feasible: -60.8066
dual not feasible: -60.8017
dual not feasible: -55.5846
dual not feasible: -57.2725
dual not feasible: -59.5598
dual not feasible: -59.1768
dual not feasible: -57.9666
dual not feasible: -52.3006
dual not feasible: -58.8133
dual not feasible: -59.9502
dual not feasible: -56.9964
dual not feasible: -55.1245
dual not feasible: -54.41
dual not feasible: -52.8057
dual not feasible: -54.5384
dual not feasible: -54.5876
dual not feasible: -58.1169
dual not feasible: -57.7024
dual not feasible: -53.0579
dual not feasible: -52.733
dual not feasible: -56.3231
dual not feasible: -56.82
dual not feasible: -54.7273
dual not feasible: -57.2149
dual not feasible: -57.6127
dual not feasible: -51.8753
dual not feasible: -54.3744
dual not feasible: -59.8655
dual not feasible: -63.2275
dual not feasible: -57.3939
dual not feasible: -52.2252
dual not feasible: -47.5376
dual not feasible: -58.4359
dual not feasible: -56.4888
dual not feasible: -55.3156
dual not feasible: -57.5578
dual not feasible: -50.5344
dual not feasible: -53.4905
dual not feasible: -56.3294
dual not feasible: -53.84
dual not feasible: -51.0874
dual not feasible: -52.2238
dual not feasible: -46.4775
dual not feasible: -56.1805
dual not feasible: -51.5571
dual not feasible: -55.6961
dual not feasible: -55.3565
dual not feasible: -52.0594
dual not feasible: -52.8937
dual not feasible: -51.3056
dual not feasible: -52.9947
dual not feasible: -52.8297
dual not feasible: -51.5983
dual not feasible: -51.3037
dual not feasible: -53.9135
dual not feasible: -54.3677
dual not feasible: -50.8471
dual not feasible: -51.8671
dual not feasible: -54.099
dual not feasible: -52.4644
dual not feasible: -53.4402
dual not feasible: -49.6016
dual not feasible: -48.264
dual not feasible: -56.5371
dual not feasible: -53.5381
dual not feasible: -51.8049
dual not feasible: -51.6219
dual not feasible: -47.6524
dual not feasible: -51.597
dual not feasible: -56.2698
dual not feasible: -48.3749
dual not feasible: -50.6614
dual not feasible: -49.3162
dual not feasible: -53.0171
dual not feasible: -50.6875
dual not feasible: -50.0965
dual not feasible: -51.9607
dual not feasible: -47.4112
dual not feasible: -54.0963
dual not feasible: -49.7258
dual not feasible: -49.8494
dual not feasible: -53.006
dual not feasible: -52.2434
dual not feasible: -51.4144
dual not feasible: -47.6705
dual not feasible: -49.0864
dual not feasible: -48.7234
dual not feasible: -48.789
dual not feasible: -49.7221
dual not feasible: -50.6132
dual not feasible: -51.0357
dual not feasible: -47.8614
dual not feasible: -50.167
dual not feasible: -48.0421
dual not feasible: -46.351
dual not feasible: -46.7841
dual not feasible: -48.9665
dual not feasible: -56.5017
dual not feasible: -54.2348
dual not feasible: -51.9109
dual not feasible: -46.3012
dual not feasible: -51.6806
dual not feasible: -52.101
dual not feasible: -48.3795
dual not feasible: -47.3844
dual not feasible: -47.9584
dual not feasible: -50.5212
dual not feasible: -50.6664
dual not feasible: -50.0557
dual not feasible: -46.7011
dual not feasible: -50.0004
dual not feasible: -48.7749
dual not feasible: -50.3135
dual not feasible: -46.5482
dual not feasible: -46.5106
dual not feasible: -53.7594
dual not feasible: -47.5101
dual not feasible: -49.8567
dual not feasible: -48.6871
dual not feasible: -47.9338
dual not feasible: -48.0442
dual not feasible: -51.5388
dual not feasible: -46.3497
dual not feasible: -47.4351
dual not feasible: -49.0488
dual not feasible: -51.2192
dual not feasible: -51.0272
dual not feasible: -51.1727
dual not feasible: -47.845
dual not feasible: -46.1245
dual not feasible: -48.7168
dual not feasible: -45.3648
dual not feasible: -47.2579
dual not feasible: -50.0637
dual not feasible: -51.5704
dual not feasible: -51.351
dual not feasible: -48.3342
dual not feasible: -47.2496
dual not feasible: -50.3797
dual not feasible: -47.7636
dual not feasible: -47.3887
dual not feasible: -46.1567
dual not feasible: -53.9833
dual not feasible: -50.8086
dual not feasible: -46.5665
dual not feasible: -46.9176
dual not feasible: -46.9512
dual not feasible: -47.2696
dual not feasible: -50.7491
dual not feasible: -45.4424
dual not feasible: -44.8333
dual not feasible: -48.0482
dual not feasible: -49.8843
dual not feasible: -48.767
dual not feasible: -46.2087
dual not feasible: -47.372
dual not feasible: -45.7986
dual not feasible: -48.2244
dual not feasible: -49.2439
dual not feasible: -46.9849
dual not feasible: -49.4906
dual not feasible: -46.3637
dual not feasible: -48.2429
dual not feasible: -48.6723
dual not feasible: -45.7053
dual not feasible: -45.9014
dual not feasible: -44.8398
dual not feasible: -47.1119
dual not feasible: -47.3198
dual not feasible: -46.5537
dual not feasible: -47.7717
dual not feasible: -51.2068
dual not feasible: -46.086
dual not feasible: -45.136
dual not feasible: -48.7005
dual not feasible: -47.9328
dual not feasible: -49.4729
dual not feasible: -47.6155
dual not feasible: -45.9778
dual not feasible: -46.562
dual not feasible: -49.4045
dual not feasible: -47.8036
dual not feasible: -48.4787
dual not feasible: -45.2061
dual not feasible: -45.593
dual not feasible: -45.364
dual not feasible: -44.7108
dual not feasible: -46.9043
dual not feasible: -47.2681
dual not feasible: -46.8711
dual not feasible: -47.2159
dual not feasible: -48.2832
dual not feasible: -46.0625
dual not feasible: -46.2366
dual not feasible: -45.6908
dual not feasible: -45.7608
dual not feasible: -49.4964
dual not feasible: -46.3334
dual not feasible: -45.7789
dual not feasible: -47.2068
dual not feasible: -47.0878
dual not feasible: -45.4136
dual not feasible: -45.5283
dual not feasible: -48.3839
dual not feasible: -46.7508
dual not feasible: -47.9499
dual not feasible: -46.6194
dual not feasible: -45.8771
dual not feasible: -47.1855
dual not feasible: -47.5087
dual not feasible: -48.1863
dual not feasible: -45.9057
dual not feasible: -44.1168
dual not feasible: -46.0376
dual not feasible: -45.1401
dual not feasible: -45.9988
dual not feasible: -44.5923
dual not feasible: -47.2936
dual not feasible: -47.2568
dual not feasible: -47.8514
dual not feasible: -47.8177
dual not feasible: -45.377
dual not feasible: -47.4078
dual not feasible: -45.5204
dual not feasible: -45.8623
dual not feasible: -45.995
dual not feasible: -45.3363
dual not feasible: -45.8969
dual not feasible: -48.4652
dual not feasible: -48.5284
dual not feasible: -45.2658
dual not feasible: -47.0696
dual not feasible: -45.2298
dual not feasible: -47.5045
dual not feasible: -45.0948
dual not feasible: -43.8673
dual not feasible: -47.9286
dual not feasible: -47.2722
dual not feasible: -48.0676
dual not feasible: -47.6831
dual not feasible: -44.6401
dual not feasible: -44.475
dual not feasible: -43.8445
dual not feasible: -46.6923
dual not feasible: -46.1912
dual not feasible: -45.9845
dual not feasible: -45.7541
dual not feasible: -47.2324
dual not feasible: -46.53
dual not feasible: -44.857
dual not feasible: -44.9781
dual not feasible: -45.5422
dual not feasible: -43.1181
dual not feasible: -46.149
dual not feasible: -47.3916
dual not feasible: -45.6366
dual not feasible: -44.5791
dual not feasible: -45.4894
dual not feasible: -45.6621
dual not feasible: -46.6373
dual not feasible: -45.0321
dual not feasible: -46.5315
dual not feasible: -45.0213
dual not feasible: -44.0393
dual not feasible: -47.2965
dual not feasible: -49.299
dual not feasible: -47.0897
dual not feasible: -45.4643
dual not feasible: -44.5801
dual not feasible: -45.747
dual not feasible: -45.6084
dual not feasible: -45.4487
dual not feasible: -47.2957
dual not feasible: -45.8822
dual not feasible: -47.0281
dual not feasible: -44.451
dual not feasible: -43.6641
dual not feasible: -44.7112
dual not feasible: -47.5263
dual not feasible: -46.1558
dual not feasible: -45.9628
dual not feasible: -42.8668
dual not feasible: -44.317
dual not feasible: -43.1981
dual not feasible: -44.4861
dual not feasible: -45.2764
dual not feasible: -44.6272
dual not feasible: -49.0534
dual not feasible: -47.1374
dual not feasible: -44.6046
dual not feasible: -44.0746
dual not feasible: -45.1272
dual not feasible: -45.1145
dual not feasible: -44.6692
dual not feasible: -44.7481
dual not feasible: -43.9622
dual not feasible: -44.4334
dual not feasible: -45.7294
dual not feasible: -45.9465
dual not feasible: -45.6773
dual not feasible: -45.3455
dual not feasible: -43.5896
dual not feasible: -45.7289
dual not feasible: -45.0386
dual not feasible: -44.1314
dual not feasible: -45.1804
dual not feasible: -43.49
dual not feasible: -44.5957
dual not feasible: -46.5253
dual not feasible: -45.6724
dual not feasible: -46.1058
dual not feasible: -44.2469
dual not feasible: -43.9249
dual not feasible: -45.4029
dual not feasible: -45.5675
dual not feasible: -44.4112
dual not feasible: -44.0231
dual not feasible: -45.1311
dual not feasible: -47.478
dual not feasible: -44.6379
dual not feasible: -45.1883
dual not feasible: -43.4815
dual not feasible: -44.3106
dual not feasible: -44.4859
dual not feasible: -45.098
dual not feasible: -45.4347
dual not feasible: -43.76
dual not feasible: -43.7194
dual not feasible: -43.8391
dual not feasible: -46.9263
dual not feasible: -45.8241
dual not feasible: -44.8514
dual not feasible: -45.0233
dual not feasible: -45.0756
dual not feasible: -44.0134
dual not feasible: -44.1141
dual not feasible: -43.1947
dual not feasible: -46.0439
dual not feasible: -44.685
dual not feasible: -44.3902
dual not feasible: -44.8397
dual not feasible: -44.4287
dual not feasible: -44.7585
dual not feasible: -42.9999
dual not feasible: -45.5393
dual not feasible: -44.932
dual not feasible: -44.2077
dual not feasible: -44.238
dual not feasible: -43.8217
dual not feasible: -43.5556
dual not feasible: -44.7815
dual not feasible: -45.7278
dual not feasible: -44.1414
dual not feasible: -43.8566
STATS - lpIterations[60] lagIterations[16591] sspIterations[16591] numSeparations[16432] numCuts[0] compileTime[0] sspSolveTime[782] lpSolveTime[0] lb[647.914] ub[771.79] size: [27935] time: [1410]
dual not feasible: -45.0909
dual not feasible: -59.5556
dual not feasible: -56.2083
dual not feasible: -59.7325
dual not feasible: -61.5229
dual not feasible: -61.3968
dual not feasible: -69.605
dual not feasible: -69.8573
dual not feasible: -61.5326
dual not feasible: -56.1103
dual not feasible: -61.7399
dual not feasible: -61.0298
dual not feasible: -68.6805
dual not feasible: -63.2288
dual not feasible: -57.1371
dual not feasible: -58.023
dual not feasible: -62.6329
dual not feasible: -58.7242
dual not feasible: -57.7493
dual not feasible: -62.1621
dual not feasible: -59.385
dual not feasible: -61.8211
dual not feasible: -63.8361
dual not feasible: -56.0483
dual not feasible: -63.3989
dual not feasible: -59.6364
dual not feasible: -58.1796
dual not feasible: -64.2094
dual not feasible: -64.6562
dual not feasible: -58.1738
dual not feasible: -66.772
dual not feasible: -59.1051
dual not feasible: -56.7194
dual not feasible: -57.3057
dual not feasible: -55.987
dual not feasible: -56.867
dual not feasible: -60.0746
dual not feasible: -57.2642
dual not feasible: -58.2492
dual not feasible: -62.0897
dual not feasible: -56.0916
dual not feasible: -55.7457
dual not feasible: -55.0005
dual not feasible: -57.3554
dual not feasible: -64.9259
dual not feasible: -55.4278
dual not feasible: -53.4881
dual not feasible: -55.7424
dual not feasible: -59.995
dual not feasible: -60.5818
dual not feasible: -50.4878
dual not feasible: -56.0148
dual not feasible: -53.367
dual not feasible: -54.5347
dual not feasible: -53.2398
dual not feasible: -50.9313
dual not feasible: -57.4
dual not feasible: -57.3909
dual not feasible: -58.8858
dual not feasible: -53.104
dual not feasible: -55.1433
dual not feasible: -55.6461
dual not feasible: -61.1787
dual not feasible: -58.1508
dual not feasible: -55.182
dual not feasible: -53.4123
dual not feasible: -56.7784
dual not feasible: -61.8198
dual not feasible: -55.5898
dual not feasible: -51.9471
dual not feasible: -54.6376
dual not feasible: -55.0736
dual not feasible: -53.0501
dual not feasible: -53.8843
dual not feasible: -54.659
dual not feasible: -51.927
dual not feasible: -57.7385
dual not feasible: -56.3384
dual not feasible: -54.8365
dual not feasible: -57.2489
dual not feasible: -53.6494
dual not feasible: -55.8287
dual not feasible: -52.2038
dual not feasible: -54.4615
dual not feasible: -51.089
dual not feasible: -51.7215
dual not feasible: -57.2681
dual not feasible: -53.6859
dual not feasible: -49.5799
dual not feasible: -49.4563
dual not feasible: -53.0474
dual not feasible: -58.4742
dual not feasible: -51.2231
dual not feasible: -51.2381
dual not feasible: -56.4583
dual not feasible: -50.1385
dual not feasible: -52.6315
dual not feasible: -52.6594
dual not feasible: -54.1722
dual not feasible: -49.6683
dual not feasible: -51.2215
dual not feasible: -54.1114
STATS - lpIterations[61] lagIterations[16693] sspIterations[16693] numSeparations[16533] numCuts[0] compileTime[0] sspSolveTime[790] lpSolveTime[0] lb[647.914] ub[771.79] size: [28050] time: [1425]
dual not feasible: -54.7198
dual not feasible: -52.1065
dual not feasible: -55.3332
dual not feasible: -55.9112
dual not feasible: -59.8572
dual not feasible: -64.9697
dual not feasible: -58.1035
dual not feasible: -61.2223
dual not feasible: -67.146
dual not feasible: -65.6724
dual not feasible: -59.4052
dual not feasible: -59.5359
dual not feasible: -67.5652
dual not feasible: -59.5107
dual not feasible: -59.4253
dual not feasible: -55.1989
dual not feasible: -56.4967
dual not feasible: -64.9865
dual not feasible: -67.2725
dual not feasible: -61.1357
dual not feasible: -61.7054
dual not feasible: -61.3402
dual not feasible: -64.4534
dual not feasible: -65.6735
dual not feasible: -55.7294
dual not feasible: -60.4392
dual not feasible: -70.7524
dual not feasible: -61.2581
dual not feasible: -62.5055
dual not feasible: -61.4409
dual not feasible: -60.5915
dual not feasible: -61.4163
dual not feasible: -59.7881
dual not feasible: -60.8509
dual not feasible: -50.373
dual not feasible: -56.2959
dual not feasible: -56.7785
dual not feasible: -60.5973
dual not feasible: -60.146
dual not feasible: -61.1696
dual not feasible: -58.3825
dual not feasible: -59.9134
dual not feasible: -59.6361
dual not feasible: -55.7629
dual not feasible: -57.3434
dual not feasible: -58.9366
dual not feasible: -55.7881
dual not feasible: -54.6235
dual not feasible: -52.9409
dual not feasible: -58.0205
dual not feasible: -56.89
dual not feasible: -58.2637
dual not feasible: -53.5481
dual not feasible: -58.0977
dual not feasible: -59.2293
dual not feasible: -57.8143
dual not feasible: -56.6743
dual not feasible: -60.48
dual not feasible: -52.7694
dual not feasible: -55.4034
dual not feasible: -53.8804
dual not feasible: -55.3069
dual not feasible: -53.8388
dual not feasible: -55.7614
dual not feasible: -53.813
dual not feasible: -56.604
dual not feasible: -55.563
dual not feasible: -54.8605
dual not feasible: -55.8742
dual not feasible: -49.5245
dual not feasible: -60.2437
dual not feasible: -56.4531
dual not feasible: -51.5392
dual not feasible: -53.1529
dual not feasible: -51.7985
dual not feasible: -58.9237
dual not feasible: -57.9634
dual not feasible: -55.0839
dual not feasible: -51.208
dual not feasible: -52.7456
dual not feasible: -54.0791
dual not feasible: -56.4831
dual not feasible: -53.1401
dual not feasible: -52.3706
dual not feasible: -52.7928
dual not feasible: -49.2432
dual not feasible: -53.2727
dual not feasible: -50.9678
dual not feasible: -49.8808
dual not feasible: -53.4159
dual not feasible: -58.1146
dual not feasible: -54.6729
dual not feasible: -55.2871
dual not feasible: -54.9118
dual not feasible: -48.443
dual not feasible: -50.671
dual not feasible: -54.051
dual not feasible: -51.3292
dual not feasible: -51.3692
dual not feasible: -52.4056
dual not feasible: -51.1958
dual not feasible: -50.4844
dual not feasible: -51.4849
dual not feasible: -54.4729
dual not feasible: -53.8618
dual not feasible: -54.8302
dual not feasible: -51.4032
dual not feasible: -49.4652
dual not feasible: -50.036
dual not feasible: -52.1092
dual not feasible: -52.1266
dual not feasible: -51.5896
dual not feasible: -49.8211
dual not feasible: -47.6448
dual not feasible: -51.1594
dual not feasible: -50.5775
dual not feasible: -50.9282
dual not feasible: -48.0186
dual not feasible: -51.6352
dual not feasible: -52.7518
dual not feasible: -53.5188
dual not feasible: -53.6472
dual not feasible: -47.9468
dual not feasible: -50.9947
dual not feasible: -51.7357
dual not feasible: -49.5959
dual not feasible: -50.5664
dual not feasible: -51.9724
dual not feasible: -49.5102
dual not feasible: -51.2708
dual not feasible: -47.2169
dual not feasible: -49.0458
dual not feasible: -48.9154
dual not feasible: -48.5809
dual not feasible: -49.1317
dual not feasible: -50.3072
dual not feasible: -53.1624
dual not feasible: -49.999
dual not feasible: -50.0229
dual not feasible: -49.161
dual not feasible: -50.042
dual not feasible: -49.0822
dual not feasible: -46.9007
dual not feasible: -51.3126
dual not feasible: -54.6075
dual not feasible: -49.7923
dual not feasible: -48.3503
dual not feasible: -50.584
dual not feasible: -48.6214
dual not feasible: -47.2409
dual not feasible: -52.1691
dual not feasible: -48.3505
dual not feasible: -53.4596
dual not feasible: -47.6604
dual not feasible: -53.7242
dual not feasible: -50.7177
dual not feasible: -46.8343
dual not feasible: -47.2873
dual not feasible: -48.68
dual not feasible: -49.7023
dual not feasible: -50.5013
dual not feasible: -48.2588
dual not feasible: -50.3628
dual not feasible: -50.3354
dual not feasible: -48.055
dual not feasible: -49.3847
dual not feasible: -46.0178
dual not feasible: -49.9405
dual not feasible: -50.3015
dual not feasible: -45.8249
dual not feasible: -50.1073
dual not feasible: -53.8427
dual not feasible: -55.3287
dual not feasible: -51.1447
dual not feasible: -48.8863
dual not feasible: -44.8471
dual not feasible: -47.1294
dual not feasible: -47.1001
dual not feasible: -46.9362
dual not feasible: -47.1298
dual not feasible: -50.233
dual not feasible: -49.8628
dual not feasible: -49.3075
dual not feasible: -49.193
dual not feasible: -48.3304
dual not feasible: -47.3455
dual not feasible: -46.7904
dual not feasible: -48.9192
dual not feasible: -46.8753
dual not feasible: -48.0525
dual not feasible: -47.7306
dual not feasible: -47.7646
dual not feasible: -48.288
dual not feasible: -47.7789
dual not feasible: -46.1283
dual not feasible: -46.8274
dual not feasible: -47.4915
dual not feasible: -48.4711
dual not feasible: -47.9705
dual not feasible: -48.3222
dual not feasible: -49.1765
dual not feasible: -46.3349
dual not feasible: -49.239
dual not feasible: -50.1161
dual not feasible: -49.7386
dual not feasible: -46.9923
dual not feasible: -48.3559
dual not feasible: -47.1013
dual not feasible: -47.1419
dual not feasible: -48.8229
dual not feasible: -45.0679
dual not feasible: -48.8932
dual not feasible: -47.4841
dual not feasible: -46.5631
dual not feasible: -46.732
dual not feasible: -46.2679
dual not feasible: -46.5004
dual not feasible: -46.3293
dual not feasible: -46.0973
dual not feasible: -47.3381
dual not feasible: -48.6212
dual not feasible: -48.9035
dual not feasible: -49.5397
dual not feasible: -46.9614
dual not feasible: -47.0983
dual not feasible: -43.6518
dual not feasible: -46.2433
dual not feasible: -46.1127
dual not feasible: -46.8646
dual not feasible: -47.3238
dual not feasible: -48.0951
dual not feasible: -49.1793
dual not feasible: -48.1484
dual not feasible: -45.0405
dual not feasible: -47.3322
dual not feasible: -47.0036
dual not feasible: -46.8988
dual not feasible: -45.0996
dual not feasible: -46.4505
dual not feasible: -50.1459
dual not feasible: -47.8824
dual not feasible: -47.6723
dual not feasible: -46.9577
dual not feasible: -44.201
dual not feasible: -47.0748
dual not feasible: -45.9341
dual not feasible: -46.1159
dual not feasible: -47.1406
dual not feasible: -45.8387
dual not feasible: -49.7258
dual not feasible: -47.8106
dual not feasible: -46.7901
dual not feasible: -44.4743
dual not feasible: -46.6465
dual not feasible: -46.0198
dual not feasible: -44.6944
dual not feasible: -46.282
dual not feasible: -44.8193
dual not feasible: -49.1353
dual not feasible: -47.192
dual not feasible: -44.7788
dual not feasible: -46.162
dual not feasible: -44.9166
dual not feasible: -46.1349
dual not feasible: -46.3882
dual not feasible: -47.0975
dual not feasible: -49.5739
dual not feasible: -44.3066
dual not feasible: -47.2677
dual not feasible: -47.6106
dual not feasible: -46.2087
dual not feasible: -45.363
dual not feasible: -44.3745
dual not feasible: -45.4533
dual not feasible: -44.5094
dual not feasible: -44.9291
dual not feasible: -46.6191
dual not feasible: -46.2925
dual not feasible: -49.6368
dual not feasible: -46.1098
dual not feasible: -45.9371
dual not feasible: -46.0243
dual not feasible: -46.8788
dual not feasible: -46.7493
dual not feasible: -47.106
dual not feasible: -44.1405
dual not feasible: -44.3194
dual not feasible: -45.3914
dual not feasible: -46.4879
dual not feasible: -47.5253
dual not feasible: -47.6766
dual not feasible: -45.1956
dual not feasible: -47.759
dual not feasible: -44.3705
dual not feasible: -44.95
dual not feasible: -46.4334
dual not feasible: -44.5663
dual not feasible: -46.0024
dual not feasible: -45.8512
dual not feasible: -45.3409
dual not feasible: -45.0018
dual not feasible: -47.7059
dual not feasible: -46.2142
dual not feasible: -46.1728
dual not feasible: -46.9199
dual not feasible: -45.7775
dual not feasible: -46.2556
dual not feasible: -44.4243
dual not feasible: -45.9049
dual not feasible: -48.8909
dual not feasible: -45.1564
dual not feasible: -45.4989
dual not feasible: -44.6827
dual not feasible: -44.8804
dual not feasible: -45.0398
dual not feasible: -46.8733
dual not feasible: -45.2435
dual not feasible: -45.1608
dual not feasible: -46.0715
dual not feasible: -46.3215
dual not feasible: -46.2474
dual not feasible: -46.2453
dual not feasible: -44.3637
dual not feasible: -44.9772
dual not feasible: -44.3955
dual not feasible: -44.5333
dual not feasible: -45.5968
STATS - lpIterations[62] lagIterations[17020] sspIterations[17020] numSeparations[16859] numCuts[0] compileTime[0] sspSolveTime[818] lpSolveTime[0] lb[647.914] ub[771.79] size: [28453] time: [1475]
dual not feasible: -48.6462
dual not feasible: -45.9347
dual not feasible: -51.3308
dual not feasible: -52.0857
dual not feasible: -59.4688
dual not feasible: -64.8126
dual not feasible: -62.7162
dual not feasible: -64.9533
dual not feasible: -63.6324
dual not feasible: -67.9444
dual not feasible: -62.2555
dual not feasible: -66.2288
dual not feasible: -62.8027
dual not feasible: -58.6982
dual not feasible: -58.2831
dual not feasible: -61.3846
dual not feasible: -63.4528
dual not feasible: -55.5586
dual not feasible: -61.5517
dual not feasible: -59.8423
dual not feasible: -59.437
dual not feasible: -57.6037
dual not feasible: -66.8571
dual not feasible: -63.9907
dual not feasible: -66.0109
dual not feasible: -59.7223
dual not feasible: -64.1397
dual not feasible: -69.0749
dual not feasible: -60.584
dual not feasible: -62.1041
dual not feasible: -55.0601
dual not feasible: -61.9774
dual not feasible: -56.5552
dual not feasible: -57.83
dual not feasible: -61.6114
dual not feasible: -62.3744
dual not feasible: -59.7606
dual not feasible: -62.9089
dual not feasible: -51.5409
dual not feasible: -52.6592
dual not feasible: -56.1965
dual not feasible: -59.2033
dual not feasible: -54.7976
dual not feasible: -63.0769
dual not feasible: -62.3639
dual not feasible: -64.8362
dual not feasible: -56.1883
dual not feasible: -55.1323
dual not feasible: -51.8153
dual not feasible: -58.0614
dual not feasible: -51.6347
dual not feasible: -54.987
dual not feasible: -55.8237
dual not feasible: -56.1239
dual not feasible: -59.4604
dual not feasible: -57.6619
dual not feasible: -54.8472
dual not feasible: -53.1919
dual not feasible: -59.1119
dual not feasible: -58.8127
dual not feasible: -60.2528
dual not feasible: -59.8698
dual not feasible: -51.5284
dual not feasible: -53.5845
dual not feasible: -51.756
dual not feasible: -51.8906
dual not feasible: -52.5216
dual not feasible: -51.5262
dual not feasible: -55.8992
dual not feasible: -55.0215
dual not feasible: -57.9317
dual not feasible: -59.1742
dual not feasible: -59.6865
dual not feasible: -55.138
dual not feasible: -51.9788
dual not feasible: -54.3624
dual not feasible: -51.4486
dual not feasible: -55.72
dual not feasible: -54.1829
dual not feasible: -54.2826
dual not feasible: -56.868
dual not feasible: -52.3175
dual not feasible: -51.6019
dual not feasible: -56.2638
dual not feasible: -52.5856
dual not feasible: -53.7307
dual not feasible: -53.2724
dual not feasible: -51.5199
dual not feasible: -50.0006
dual not feasible: -49.5692
dual not feasible: -58.6531
dual not feasible: -54.2701
dual not feasible: -53.3223
dual not feasible: -53.0222
dual not feasible: -53.3604
dual not feasible: -53.1617
dual not feasible: -55.4121
dual not feasible: -51.8569
dual not feasible: -53.435
dual not feasible: -51.5329
dual not feasible: -52.3328
dual not feasible: -51.0465
dual not feasible: -49.3935
STATS - lpIterations[63] lagIterations[17123] sspIterations[17123] numSeparations[16961] numCuts[0] compileTime[0] sspSolveTime[827] lpSolveTime[0] lb[647.914] ub[771.79] size: [28582] time: [1491]
dual not feasible: -50.3825
dual not feasible: -53.1919
dual not feasible: -56.5106
dual not feasible: -59.3998
dual not feasible: -59.5681
dual not feasible: -59.0998
dual not feasible: -74.6371
dual not feasible: -72.7548
dual not feasible: -60.021
dual not feasible: -60.3081
dual not feasible: -63.1721
dual not feasible: -65.7435
dual not feasible: -62.1039
dual not feasible: -60.3903
dual not feasible: -58.3828
dual not feasible: -60.4265
dual not feasible: -69.4478
dual not feasible: -61.9947
dual not feasible: -57.8057
dual not feasible: -63.4852
dual not feasible: -56.5065
dual not feasible: -65.4191
dual not feasible: -63.5845
dual not feasible: -60.0807
dual not feasible: -57.1588
dual not feasible: -64.2705
dual not feasible: -66.0294
dual not feasible: -65.565
dual not feasible: -58.7756
dual not feasible: -64.8796
dual not feasible: -56.2189
dual not feasible: -63.4624
dual not feasible: -55.674
dual not feasible: -55.3981
dual not feasible: -59.4138
dual not feasible: -56.9218
dual not feasible: -60.0924
dual not feasible: -56.7621
dual not feasible: -54.5177
dual not feasible: -57.0767
dual not feasible: -59.029
dual not feasible: -56.1087
dual not feasible: -59.9949
dual not feasible: -58.1935
dual not feasible: -60.6981
dual not feasible: -58.3586
dual not feasible: -55.5074
dual not feasible: -54.4504
dual not feasible: -55.7914
dual not feasible: -52.5755
dual not feasible: -58.1425
dual not feasible: -66.7645
dual not feasible: -64.7327
dual not feasible: -60.2201
dual not feasible: -56.3135
dual not feasible: -56.5893
dual not feasible: -53.1756
dual not feasible: -54.4345
dual not feasible: -53.5879
dual not feasible: -55.2549
dual not feasible: -52.8476
dual not feasible: -57.5652
dual not feasible: -54.3954
dual not feasible: -52.819
dual not feasible: -50.836
dual not feasible: -55.8636
dual not feasible: -56.5556
dual not feasible: -55.3954
dual not feasible: -54.6091
dual not feasible: -54.3489
dual not feasible: -57.1118
dual not feasible: -56.7472
dual not feasible: -51.0886
dual not feasible: -51.1267
dual not feasible: -54.3132
dual not feasible: -55.1273
dual not feasible: -51.5574
dual not feasible: -56.1715
dual not feasible: -52.4388
dual not feasible: -53.687
dual not feasible: -52.0566
dual not feasible: -58.0465
dual not feasible: -55.3596
dual not feasible: -64.1874
dual not feasible: -51.3451
dual not feasible: -54.7238
dual not feasible: -51.9494
dual not feasible: -55.1229
dual not feasible: -53.482
dual not feasible: -51.2882
dual not feasible: -54.8324
dual not feasible: -54.0649
dual not feasible: -52.9213
dual not feasible: -53.8508
dual not feasible: -54.0761
dual not feasible: -53.9117
dual not feasible: -55.1184
dual not feasible: -51.1184
dual not feasible: -53.5171
dual not feasible: -54.812
dual not feasible: -52.0855
dual not feasible: -49.5499
dual not feasible: -50.585
dual not feasible: -50.1625
dual not feasible: -53.717
dual not feasible: -56.748
dual not feasible: -54.2807
dual not feasible: -51.6716
dual not feasible: -50.5274
dual not feasible: -55.5701
dual not feasible: -54.864
dual not feasible: -48.8578
dual not feasible: -47.4855
dual not feasible: -50.9265
dual not feasible: -49.0143
dual not feasible: -49.8553
dual not feasible: -50.3624
dual not feasible: -50.3681
dual not feasible: -51.9957
dual not feasible: -54.9964
dual not feasible: -52.8062
dual not feasible: -49.7198
dual not feasible: -54.2079
dual not feasible: -48.4027
dual not feasible: -52.3679
dual not feasible: -49.048
dual not feasible: -50.8841
dual not feasible: -50.7573
dual not feasible: -50.0801
dual not feasible: -48.6983
dual not feasible: -49.934
dual not feasible: -53.5157
dual not feasible: -51.6694
dual not feasible: -56.0932
dual not feasible: -48.9366
dual not feasible: -52.7355
dual not feasible: -50.7715
dual not feasible: -49.1228
dual not feasible: -48.9321
dual not feasible: -51.3533
dual not feasible: -50.5842
dual not feasible: -50.1232
dual not feasible: -47.2898
dual not feasible: -49.0884
dual not feasible: -51.6312
dual not feasible: -52.7009
dual not feasible: -51.3261
dual not feasible: -51.7066
dual not feasible: -55.5035
dual not feasible: -51.0706
dual not feasible: -49.0519
dual not feasible: -53.0316
dual not feasible: -49.0106
dual not feasible: -50.3877
dual not feasible: -48.9217
dual not feasible: -50.8219
dual not feasible: -52.3242
dual not feasible: -50.0659
dual not feasible: -48.1974
dual not feasible: -51.9147
dual not feasible: -46.8997
dual not feasible: -45.3046
dual not feasible: -47.2671
dual not feasible: -49.7162
dual not feasible: -51.7151
dual not feasible: -50.0235
dual not feasible: -48.4216
dual not feasible: -50.2934
dual not feasible: -50.0041
dual not feasible: -46.4452
dual not feasible: -51.9067
dual not feasible: -51.0673
dual not feasible: -53.2341
dual not feasible: -51.6932
dual not feasible: -47.3552
dual not feasible: -47.5826
dual not feasible: -49.0027
dual not feasible: -48.1933
dual not feasible: -47.7837
dual not feasible: -49.5039
dual not feasible: -49.2241
dual not feasible: -52.4233
dual not feasible: -48.4836
dual not feasible: -45.9879
dual not feasible: -44.252
dual not feasible: -49.9753
dual not feasible: -50.5132
dual not feasible: -52.1117
dual not feasible: -48.0942
dual not feasible: -47.5646
dual not feasible: -48.4413
dual not feasible: -50.9955
dual not feasible: -46.9788
dual not feasible: -48.3926
dual not feasible: -46.7362
dual not feasible: -48.0766
dual not feasible: -49.9348
dual not feasible: -48.5424
dual not feasible: -48.0523
dual not feasible: -52.3946
dual not feasible: -47.6654
dual not feasible: -52.7615
dual not feasible: -49.5444
dual not feasible: -47.3377
dual not feasible: -48.9465
dual not feasible: -48.3861
dual not feasible: -46.5356
dual not feasible: -46.6897
dual not feasible: -46.2239
dual not feasible: -51.058
dual not feasible: -49.2442
dual not feasible: -48.1067
dual not feasible: -48.9
dual not feasible: -49.1958
dual not feasible: -45.7898
dual not feasible: -49.1801
dual not feasible: -47.2459
dual not feasible: -45.0474
dual not feasible: -48.5097
dual not feasible: -47.639
dual not feasible: -48.6097
dual not feasible: -49.4575
dual not feasible: -48.5586
dual not feasible: -46.0584
dual not feasible: -50.0546
dual not feasible: -48.6034
dual not feasible: -47.6743
dual not feasible: -48.0437
dual not feasible: -46.2551
dual not feasible: -47.6375
dual not feasible: -47.0471
dual not feasible: -50.1676
dual not feasible: -48.682
dual not feasible: -46.9834
dual not feasible: -47.598
dual not feasible: -48.2676
dual not feasible: -49.8871
dual not feasible: -46.4807
dual not feasible: -44.7635
dual not feasible: -45.3501
dual not feasible: -46.8398
dual not feasible: -46.6559
dual not feasible: -50.3552
dual not feasible: -47.5146
dual not feasible: -45.5659
dual not feasible: -47.0535
dual not feasible: -47.2013
dual not feasible: -49.8931
dual not feasible: -47.0245
dual not feasible: -45.0079
dual not feasible: -45.4814
dual not feasible: -47.044
dual not feasible: -45.2702
dual not feasible: -45.6221
dual not feasible: -45.4965
dual not feasible: -47.5581
dual not feasible: -46.8856
dual not feasible: -49.3915
dual not feasible: -49.1613
dual not feasible: -48.1828
dual not feasible: -46.2587
dual not feasible: -46.7766
dual not feasible: -46.5608
dual not feasible: -48.7706
dual not feasible: -46.664
dual not feasible: -46.5568
dual not feasible: -46.7546
dual not feasible: -46.7581
dual not feasible: -47.7931
dual not feasible: -47.3299
dual not feasible: -47.7129
dual not feasible: -46.1611
dual not feasible: -45.5502
dual not feasible: -49.4452
dual not feasible: -45.014
dual not feasible: -46.5222
dual not feasible: -45.3201
dual not feasible: -46.4832
dual not feasible: -47.0565
dual not feasible: -49.5359
dual not feasible: -46.0073
dual not feasible: -45.5909
dual not feasible: -45.5665
dual not feasible: -46.1268
dual not feasible: -46.8688
dual not feasible: -46.5155
STATS - lpIterations[64] lagIterations[17409] sspIterations[17409] numSeparations[17246] numCuts[0] compileTime[0] sspSolveTime[852] lpSolveTime[0] lb[647.914] ub[771.79] size: [28924] time: [1535]
dual not feasible: -45.4619
dual not feasible: -51.7924
dual not feasible: -51.0464
dual not feasible: -63.2899
dual not feasible: -66.9739
dual not feasible: -66.7629
dual not feasible: -70.5234
dual not feasible: -67.331
dual not feasible: -70.315
dual not feasible: -58.7689
dual not feasible: -53.778
dual not feasible: -67.7064
dual not feasible: -62.9711
dual not feasible: -62.2128
dual not feasible: -59.8611
dual not feasible: -64.5513
dual not feasible: -64.1696
dual not feasible: -59.7308
dual not feasible: -67.9248
dual not feasible: -52.6765
dual not feasible: -57.7116
dual not feasible: -64.3025
dual not feasible: -62.8906
dual not feasible: -58.4146
dual not feasible: -58.9404
dual not feasible: -62.6988
dual not feasible: -55.7916
dual not feasible: -58.9039
dual not feasible: -57.9746
dual not feasible: -65.0438
dual not feasible: -63.1173
dual not feasible: -62.9654
dual not feasible: -56.1544
dual not feasible: -64.0458
dual not feasible: -65.1262
dual not feasible: -53.2811
dual not feasible: -57.4723
dual not feasible: -61.3117
dual not feasible: -62.1672
dual not feasible: -63.1271
dual not feasible: -59.8583
dual not feasible: -57.4133
dual not feasible: -57.7571
dual not feasible: -56.5214
dual not feasible: -57.9189
dual not feasible: -59.1882
dual not feasible: -62.1455
dual not feasible: -61.1994
dual not feasible: -57.7165
dual not feasible: -54.9615
dual not feasible: -55.928
dual not feasible: -58.699
dual not feasible: -51.8712
dual not feasible: -50.9525
dual not feasible: -63.6174
dual not feasible: -63.5729
dual not feasible: -61.1089
dual not feasible: -55.7844
dual not feasible: -54.4615
dual not feasible: -52.4093
dual not feasible: -56.6709
dual not feasible: -57.1613
dual not feasible: -55.656
dual not feasible: -54.456
dual not feasible: -61.4058
dual not feasible: -59.4896
dual not feasible: -53.3057
dual not feasible: -55.9009
dual not feasible: -56.0566
dual not feasible: -55.602
dual not feasible: -57.6626
dual not feasible: -52.8322
dual not feasible: -55.0159
dual not feasible: -61.3595
dual not feasible: -56.0435
dual not feasible: -55.4343
dual not feasible: -52.5817
dual not feasible: -58.9162
dual not feasible: -54.4288
dual not feasible: -58.5395
dual not feasible: -52.5895
dual not feasible: -50.9301
dual not feasible: -53.7077
dual not feasible: -52.2557
dual not feasible: -52.921
dual not feasible: -52.2608
dual not feasible: -54.8016
dual not feasible: -53.0981
dual not feasible: -55.5606
dual not feasible: -58.3139
dual not feasible: -49.8458
dual not feasible: -52.3796
dual not feasible: -51.5367
dual not feasible: -58.4469
dual not feasible: -58.65
dual not feasible: -53.2859
dual not feasible: -50.1052
dual not feasible: -49.8106
dual not feasible: -53.0429
dual not feasible: -51.8168
dual not feasible: -55.4082
dual not feasible: -55.0409
STATS - lpIterations[65] lagIterations[17511] sspIterations[17511] numSeparations[17347] numCuts[0] compileTime[0] sspSolveTime[861] lpSolveTime[0] lb[647.914] ub[771.79] size: [29051] time: [1551]
dual not feasible: -53.2314
dual not feasible: -56.9143
dual not feasible: -60.507
dual not feasible: -61.0448
dual not feasible: -62.2734
dual not feasible: -61.5915
dual not feasible: -63.3016
dual not feasible: -68.4093
dual not feasible: -67.237
dual not feasible: -59.3714
dual not feasible: -59.1601
dual not feasible: -57.5175
dual not feasible: -62.3449
dual not feasible: -59.8843
dual not feasible: -65.8556
dual not feasible: -58.7287
dual not feasible: -59.2804
dual not feasible: -59.6567
dual not feasible: -64.3481
dual not feasible: -64.5202
dual not feasible: -63.0638
dual not feasible: -64.0075
dual not feasible: -56.8293
dual not feasible: -59.9402
dual not feasible: -67.8915
dual not feasible: -66.3454
dual not feasible: -55.9059
dual not feasible: -55.726
dual not feasible: -65.8067
dual not feasible: -68.6664
dual not feasible: -56.461
dual not feasible: -61.189
dual not feasible: -62.0397
dual not feasible: -55.8085
dual not feasible: -56.4435
dual not feasible: -57.9604
dual not feasible: -62.2502
dual not feasible: -61.0325
dual not feasible: -58.3315
dual not feasible: -59.829
dual not feasible: -55.9538
dual not feasible: -55.4417
dual not feasible: -54.1318
dual not feasible: -56.6891
dual not feasible: -58.1405
dual not feasible: -53.8046
dual not feasible: -63.1482
dual not feasible: -56.231
dual not feasible: -61.9915
dual not feasible: -56.0385
dual not feasible: -58.7725
dual not feasible: -61.151
dual not feasible: -56.3251
dual not feasible: -55.2015
dual not feasible: -55.1989
dual not feasible: -56.8852
dual not feasible: -54.275
dual not feasible: -59.6791
dual not feasible: -55.5721
dual not feasible: -55.3244
dual not feasible: -57.2469
dual not feasible: -62.0083
dual not feasible: -54.0206
dual not feasible: -53.7143
dual not feasible: -53.8724
dual not feasible: -58.4347
dual not feasible: -57.6381
dual not feasible: -50.5951
dual not feasible: -54.9729
dual not feasible: -59.8837
dual not feasible: -57.0819
dual not feasible: -53.998
dual not feasible: -55.2354
dual not feasible: -54.3774
dual not feasible: -57.7464
dual not feasible: -53.357
dual not feasible: -52.6084
dual not feasible: -50.9177
dual not feasible: -57.5076
dual not feasible: -53.9177
dual not feasible: -51.9803
dual not feasible: -49.4891
dual not feasible: -57.945
dual not feasible: -54.531
dual not feasible: -52.5773
dual not feasible: -54.5574
dual not feasible: -55.3622
dual not feasible: -56.3807
dual not feasible: -53.5442
dual not feasible: -49.5949
dual not feasible: -47.8606
dual not feasible: -51.6198
dual not feasible: -50.4684
dual not feasible: -51.0511
dual not feasible: -58.4495
dual not feasible: -58.2177
dual not feasible: -55.5619
dual not feasible: -54.6265
dual not feasible: -56.3365
dual not feasible: -52.3716
dual not feasible: -51.8434
dual not feasible: -49.4544
dual not feasible: -54.9865
dual not feasible: -54.0048
dual not feasible: -54.2347
dual not feasible: -53.3836
dual not feasible: -53.2737
dual not feasible: -52.3128
dual not feasible: -57.6416
dual not feasible: -49.7752
dual not feasible: -51.0578
dual not feasible: -53.9913
dual not feasible: -48.8692
dual not feasible: -50.332
dual not feasible: -51.1415
dual not feasible: -51.8908
dual not feasible: -52.3623
dual not feasible: -50.3976
dual not feasible: -50.9359
dual not feasible: -55.1943
dual not feasible: -57.9348
dual not feasible: -51.8943
dual not feasible: -48.1404
dual not feasible: -51.9612
dual not feasible: -52.6702
dual not feasible: -48.8254
dual not feasible: -50.7732
dual not feasible: -53.9506
dual not feasible: -54.6384
dual not feasible: -55.0175
dual not feasible: -49.7198
dual not feasible: -48.4385
dual not feasible: -51.5492
dual not feasible: -48.5081
dual not feasible: -51.7875
dual not feasible: -49.9985
dual not feasible: -52.3727
dual not feasible: -59.0885
dual not feasible: -49.351
dual not feasible: -47.5425
dual not feasible: -48.6729
dual not feasible: -52.7953
dual not feasible: -50.0254
dual not feasible: -50.8747
dual not feasible: -49.3375
dual not feasible: -49.9781
dual not feasible: -49.7304
dual not feasible: -50.9967
dual not feasible: -50.9136
dual not feasible: -50.8622
dual not feasible: -50.8469
dual not feasible: -53.0237
dual not feasible: -49.1382
dual not feasible: -47.3054
dual not feasible: -49.5281
dual not feasible: -48.9814
dual not feasible: -52.0062
dual not feasible: -49.0267
dual not feasible: -49.7562
dual not feasible: -46.771
dual not feasible: -50.9463
dual not feasible: -49.131
dual not feasible: -51.3509
dual not feasible: -49.0922
dual not feasible: -53.9337
dual not feasible: -52.794
dual not feasible: -49.4082
dual not feasible: -52.7524
dual not feasible: -51.3772
dual not feasible: -52.391
dual not feasible: -48.3871
dual not feasible: -49.0606
dual not feasible: -49.8598
dual not feasible: -52.8411
dual not feasible: -48.7172
dual not feasible: -48.7962
dual not feasible: -51.4844
dual not feasible: -50.6892
dual not feasible: -49.1516
dual not feasible: -48.3743
dual not feasible: -48.872
dual not feasible: -46.7386
dual not feasible: -47.873
dual not feasible: -51.4046
dual not feasible: -50.3416
dual not feasible: -52.1436
dual not feasible: -52.1992
dual not feasible: -47.3331
dual not feasible: -49.3579
dual not feasible: -49.5265
dual not feasible: -47.1721
dual not feasible: -48.2025
dual not feasible: -47.7148
dual not feasible: -50.8522
dual not feasible: -51.223
dual not feasible: -48.3432
dual not feasible: -47.5967
dual not feasible: -50.524
dual not feasible: -48.6103
dual not feasible: -49.3701
dual not feasible: -48.3041
dual not feasible: -46.5693
dual not feasible: -51.9662
dual not feasible: -47.3301
dual not feasible: -46.1309
dual not feasible: -48.269
dual not feasible: -46.496
dual not feasible: -48.5599
dual not feasible: -48.1463
dual not feasible: -49.4214
dual not feasible: -47.6629
dual not feasible: -46.7364
dual not feasible: -47.2475
dual not feasible: -47.8306
dual not feasible: -48.3066
dual not feasible: -48.0791
dual not feasible: -48.4456
dual not feasible: -46.2095
dual not feasible: -48.2645
dual not feasible: -46.9698
dual not feasible: -47.5496
dual not feasible: -48.0874
dual not feasible: -46.2674
dual not feasible: -50.7945
dual not feasible: -49.7169
dual not feasible: -49.0495
dual not feasible: -46.7725
dual not feasible: -48.4959
dual not feasible: -48.3716
dual not feasible: -47.7707
dual not feasible: -48.1319
dual not feasible: -46.6139
dual not feasible: -48.8966
dual not feasible: -47.099
dual not feasible: -46.5661
dual not feasible: -47.6994
dual not feasible: -45.5804
dual not feasible: -47.8954
dual not feasible: -48.2517
dual not feasible: -47.7301
dual not feasible: -46.2145
dual not feasible: -48.376
dual not feasible: -47.9912
dual not feasible: -51.3938
dual not feasible: -47.0178
dual not feasible: -45.872
dual not feasible: -46.1433
dual not feasible: -46.9541
dual not feasible: -47.7341
dual not feasible: -46.2548
dual not feasible: -47.1793
dual not feasible: -46.0545
dual not feasible: -46.8544
dual not feasible: -48.8531
dual not feasible: -47.1822
dual not feasible: -45.377
dual not feasible: -46.6284
dual not feasible: -48.2288
dual not feasible: -46.1831
dual not feasible: -48.5591
dual not feasible: -49.5565
dual not feasible: -48.6339
dual not feasible: -46.6039
dual not feasible: -46.749
dual not feasible: -47.8425
dual not feasible: -44.1711
dual not feasible: -44.3994
dual not feasible: -46.2422
dual not feasible: -45.6074
dual not feasible: -45.73
dual not feasible: -47.2207
dual not feasible: -48.307
dual not feasible: -48.0634
dual not feasible: -50.6905
dual not feasible: -46.4789
dual not feasible: -44.9438
dual not feasible: -46.802
dual not feasible: -48.1886
dual not feasible: -46.7632
dual not feasible: -45.9982
dual not feasible: -46.9915
dual not feasible: -45.8678
dual not feasible: -46.6946
dual not feasible: -47.8591
dual not feasible: -45.176
dual not feasible: -46.0353
dual not feasible: -47.6042
dual not feasible: -46.9401
dual not feasible: -47.1519
dual not feasible: -47.9271
dual not feasible: -46.1984
dual not feasible: -47.4687
dual not feasible: -46.8009
dual not feasible: -46.584
dual not feasible: -46.5407
dual not feasible: -44.4271
dual not feasible: -47.5094
dual not feasible: -47.2512
dual not feasible: -46.2596
dual not feasible: -46.4684
dual not feasible: -46.4112
dual not feasible: -47.9875
dual not feasible: -47.2444
dual not feasible: -46.6756
dual not feasible: -46.1594
dual not feasible: -45.1793
dual not feasible: -45.2555
dual not feasible: -46.4725
dual not feasible: -47.395
dual not feasible: -45.9867
dual not feasible: -47.2688
dual not feasible: -46.9879
dual not feasible: -45.1366
dual not feasible: -45.4966
dual not feasible: -45.7966
dual not feasible: -47.2015
dual not feasible: -46.8525
dual not feasible: -47.3603
dual not feasible: -47.1544
dual not feasible: -46.473
dual not feasible: -45.9991
dual not feasible: -47.7546
dual not feasible: -45.0651
dual not feasible: -45.0611
dual not feasible: -44.7316
dual not feasible: -45.9445
dual not feasible: -48.3142
dual not feasible: -47.7062
dual not feasible: -46.4191
dual not feasible: -45.0459
dual not feasible: -44.5481
dual not feasible: -45.599
dual not feasible: -45.9223
dual not feasible: -47.7519
dual not feasible: -44.9756
dual not feasible: -48.479
dual not feasible: -46.2634
dual not feasible: -45.9273
dual not feasible: -46.079
dual not feasible: -45.365
dual not feasible: -45.5947
dual not feasible: -45.3598
dual not feasible: -45.4127
dual not feasible: -44.6442
dual not feasible: -46.4582
dual not feasible: -47.2354
dual not feasible: -46.1362
dual not feasible: -47.0315
dual not feasible: -46.7789
dual not feasible: -45.0421
dual not feasible: -45.5778
dual not feasible: -44.4893
dual not feasible: -44.0563
dual not feasible: -45.1857
dual not feasible: -44.9926
dual not feasible: -44.4098
dual not feasible: -45.7344
dual not feasible: -45.7721
dual not feasible: -45.559
dual not feasible: -45.6061
dual not feasible: -46.9815
dual not feasible: -45.7633
dual not feasible: -45.8291
dual not feasible: -44.0608
dual not feasible: -44.48
dual not feasible: -44.8337
dual not feasible: -46.6308
STATS - lpIterations[66] lagIterations[17878] sspIterations[17878] numSeparations[17713] numCuts[0] compileTime[0] sspSolveTime[894] lpSolveTime[0] lb[647.914] ub[771.79] size: [29450] time: [1609]
dual not feasible: -46.5729
dual not feasible: -48.2401
dual not feasible: -54.3901
dual not feasible: -61.0705
dual not feasible: -63.001
dual not feasible: -62.0302
dual not feasible: -65.3716
dual not feasible: -63.0483
dual not feasible: -66.0214
dual not feasible: -71.1727
dual not feasible: -58.4897
dual not feasible: -61.7452
dual not feasible: -59.9802
dual not feasible: -68.9128
dual not feasible: -68.218
dual not feasible: -69.3479
dual not feasible: -59.3853
dual not feasible: -61.5655
dual not feasible: -63.709
dual not feasible: -58.4953
dual not feasible: -53.9509
dual not feasible: -60.2513
dual not feasible: -65.989
dual not feasible: -62.3023
dual not feasible: -60.1821
dual not feasible: -61.6144
dual not feasible: -69.1513
dual not feasible: -64.0711
dual not feasible: -60.0487
dual not feasible: -58.9666
dual not feasible: -57.6733
dual not feasible: -60.3478
dual not feasible: -56.6693
dual not feasible: -61.1658
dual not feasible: -55.0573
dual not feasible: -71.0489
dual not feasible: -69.2524
dual not feasible: -55.5644
dual not feasible: -52.5892
dual not feasible: -53.1989
dual not feasible: -64.9808
dual not feasible: -59.1531
dual not feasible: -58.8111
dual not feasible: -60.5133
dual not feasible: -57.5816
dual not feasible: -64.099
dual not feasible: -58.7413
dual not feasible: -58.3874
dual not feasible: -56.2296
dual not feasible: -55.8452
dual not feasible: -62.3564
dual not feasible: -60.9669
dual not feasible: -55.8581
dual not feasible: -53.3666
dual not feasible: -57.3025
dual not feasible: -55.9181
dual not feasible: -55.6623
dual not feasible: -52.9375
dual not feasible: -63.0313
dual not feasible: -57.2107
dual not feasible: -59.232
dual not feasible: -51.8945
dual not feasible: -56.0144
dual not feasible: -63.7608
dual not feasible: -59.6226
dual not feasible: -57.0336
dual not feasible: -55.1747
dual not feasible: -55.2321
dual not feasible: -52.7641
dual not feasible: -56.157
dual not feasible: -53.9833
dual not feasible: -52.68
dual not feasible: -54.8303
dual not feasible: -54.4894
dual not feasible: -52.4395
dual not feasible: -55.3054
dual not feasible: -57.8017
dual not feasible: -63.1444
dual not feasible: -57.5397
dual not feasible: -53.5616
dual not feasible: -53.705
dual not feasible: -53.5177
dual not feasible: -53.3168
dual not feasible: -51.169
dual not feasible: -53.0279
dual not feasible: -52.2204
dual not feasible: -50.7655
dual not feasible: -51.4059
dual not feasible: -57.963
dual not feasible: -54.0647
dual not feasible: -54.4055
dual not feasible: -54.8816
dual not feasible: -53.4544
dual not feasible: -53.4764
dual not feasible: -52.8735
dual not feasible: -51.9797
dual not feasible: -53.184
dual not feasible: -52.3261
dual not feasible: -57.2135
dual not feasible: -51.2574
dual not feasible: -54.8621
dual not feasible: -53.5063
STATS - lpIterations[67] lagIterations[17980] sspIterations[17980] numSeparations[17814] numCuts[0] compileTime[0] sspSolveTime[903] lpSolveTime[0] lb[647.914] ub[771.79] size: [29584] time: [1625]
dual not feasible: -55.6859
dual not feasible: -54.063
dual not feasible: -56.2887
dual not feasible: -57.2395
dual not feasible: -68.1063
dual not feasible: -63.9047
dual not feasible: -63.6165
dual not feasible: -72.4172
dual not feasible: -61.0889
dual not feasible: -68.8512
dual not feasible: -69.7981
dual not feasible: -73.6344
dual not feasible: -56.5742
dual not feasible: -58.2607
dual not feasible: -61.8633
dual not feasible: -63.5777
dual not feasible: -58.6348
dual not feasible: -59.2056
dual not feasible: -60.6647
dual not feasible: -66.1291
dual not feasible: -66.5021
dual not feasible: -57.0691
dual not feasible: -54.3688
dual not feasible: -67.8437
dual not feasible: -61.1984
dual not feasible: -63.7524
dual not feasible: -60.7452
dual not feasible: -62.0813
dual not feasible: -65.909
dual not feasible: -71.9694
dual not feasible: -72.1126
dual not feasible: -57.1934
dual not feasible: -57.4062
dual not feasible: -69.0063
dual not feasible: -56.1978
dual not feasible: -56.4368
dual not feasible: -53.6805
dual not feasible: -56.4592
dual not feasible: -57.78
dual not feasible: -68.1473
dual not feasible: -62.2266
dual not feasible: -65.5863
dual not feasible: -57.149
dual not feasible: -63.6764
dual not feasible: -59.8565
dual not feasible: -55.5842
dual not feasible: -52.2185
dual not feasible: -61.1057
dual not feasible: -59.4351
dual not feasible: -62.5366
dual not feasible: -54.3657
dual not feasible: -56.3043
dual not feasible: -58.158
dual not feasible: -55.8428
dual not feasible: -57.5559
dual not feasible: -56.6671
dual not feasible: -56.37
dual not feasible: -58.1153
dual not feasible: -63.5818
dual not feasible: -52.8742
dual not feasible: -54.209
dual not feasible: -57.0387
dual not feasible: -55.8881
dual not feasible: -56.4365
dual not feasible: -54.902
dual not feasible: -54.8361
dual not feasible: -64.5475
dual not feasible: -58.4534
dual not feasible: -53.7369
dual not feasible: -56.2072
dual not feasible: -54.1625
dual not feasible: -50.1933
dual not feasible: -53.8222
dual not feasible: -51.3639
dual not feasible: -59.4074
dual not feasible: -58.3383
dual not feasible: -55.2542
dual not feasible: -56.6391
dual not feasible: -56.9336
dual not feasible: -53.3391
dual not feasible: -55.7518
dual not feasible: -56.4733
dual not feasible: -54.6329
dual not feasible: -49.9146
dual not feasible: -56.1278
dual not feasible: -53.618
dual not feasible: -56.4201
dual not feasible: -54.6034
dual not feasible: -57.7029
dual not feasible: -52.1399
dual not feasible: -53.3023
dual not feasible: -56.4249
dual not feasible: -51.0928
dual not feasible: -51.982
dual not feasible: -52.4962
dual not feasible: -54.2758
dual not feasible: -55.1743
dual not feasible: -54.2943
dual not feasible: -52.844
dual not feasible: -51.4259
dual not feasible: -53.9489
dual not feasible: -55.5452
dual not feasible: -52.802
dual not feasible: -51.2169
dual not feasible: -51.9569
dual not feasible: -54.283
dual not feasible: -50.5999
dual not feasible: -49.6982
dual not feasible: -53.6469
dual not feasible: -51.6681
dual not feasible: -50.623
dual not feasible: -53.4373
dual not feasible: -51.7977
dual not feasible: -51.5285
dual not feasible: -52.941
dual not feasible: -51.5711
dual not feasible: -51.507
dual not feasible: -54.3901
dual not feasible: -53.9686
dual not feasible: -53.603
dual not feasible: -56.4393
dual not feasible: -51.5176
dual not feasible: -51.1955
dual not feasible: -53.5838
dual not feasible: -50.2446
dual not feasible: -48.4533
dual not feasible: -48.8416
dual not feasible: -50.4893
dual not feasible: -51.2475
dual not feasible: -52.9938
dual not feasible: -48.8487
dual not feasible: -49.8818
dual not feasible: -51.3386
dual not feasible: -51.1457
dual not feasible: -52.6664
dual not feasible: -53.3142
dual not feasible: -50.3852
dual not feasible: -51.3459
dual not feasible: -52.1374
dual not feasible: -47.4176
dual not feasible: -50.6555
dual not feasible: -50.17
dual not feasible: -50.0572
dual not feasible: -49.7021
dual not feasible: -54.0557
dual not feasible: -51.0368
dual not feasible: -50.7724
dual not feasible: -51.71
dual not feasible: -52.9319
dual not feasible: -51.5438
dual not feasible: -51.0438
dual not feasible: -45.1417
dual not feasible: -51.2712
dual not feasible: -50.6062
dual not feasible: -48.7511
dual not feasible: -48.3585
dual not feasible: -50.3463
dual not feasible: -49.8243
dual not feasible: -53.2374
dual not feasible: -52.2842
dual not feasible: -46.7425
dual not feasible: -48.5198
dual not feasible: -50.0343
dual not feasible: -49.1297
dual not feasible: -52.6992
dual not feasible: -52.3007
dual not feasible: -50.1066
dual not feasible: -52.2051
dual not feasible: -46.3798
dual not feasible: -47.1774
dual not feasible: -49.4841
dual not feasible: -49.9929
dual not feasible: -50.3823
dual not feasible: -49.7569
dual not feasible: -51.369
dual not feasible: -50.5357
dual not feasible: -49.363
dual not feasible: -51.7179
dual not feasible: -48.303
dual not feasible: -52.9811
dual not feasible: -50.5804
dual not feasible: -47.4506
dual not feasible: -48.6301
dual not feasible: -45.8983
dual not feasible: -47.8228
dual not feasible: -48.7973
dual not feasible: -49.8003
dual not feasible: -48.9667
dual not feasible: -49.2275
dual not feasible: -47.7316
dual not feasible: -51.2337
dual not feasible: -48.0869
dual not feasible: -46.6785
dual not feasible: -48.8026
dual not feasible: -47.5863
dual not feasible: -48.8542
dual not feasible: -51.0721
dual not feasible: -49.1962
dual not feasible: -46.5045
dual not feasible: -49.5541
dual not feasible: -51.9586
dual not feasible: -51.3348
dual not feasible: -51.6072
dual not feasible: -49.5765
dual not feasible: -46.3143
dual not feasible: -47.8089
dual not feasible: -50.2721
dual not feasible: -48.0922
dual not feasible: -48.4326
dual not feasible: -46.1641
dual not feasible: -49.6737
dual not feasible: -48.0086
dual not feasible: -47.0936
dual not feasible: -47.7333
dual not feasible: -47.6454
dual not feasible: -48.9056
dual not feasible: -48.6868
dual not feasible: -47.8409
dual not feasible: -52.4881
dual not feasible: -48.7225
dual not feasible: -49.3318
dual not feasible: -47.7219
dual not feasible: -46.7899
dual not feasible: -49.0493
dual not feasible: -48.3626
dual not feasible: -49.0953
dual not feasible: -46.2239
dual not feasible: -49.0738
dual not feasible: -48.3831
dual not feasible: -49.5778
dual not feasible: -49.9434
dual not feasible: -49.4649
dual not feasible: -48.6894
dual not feasible: -48.0874
dual not feasible: -48.7714
dual not feasible: -48.7808
dual not feasible: -48.3699
dual not feasible: -47.7546
dual not feasible: -47.0158
dual not feasible: -47.8384
dual not feasible: -48.2009
dual not feasible: -47.9104
dual not feasible: -49.2309
dual not feasible: -47.9263
dual not feasible: -49.6554
dual not feasible: -48.0963
dual not feasible: -45.2286
dual not feasible: -47.6276
dual not feasible: -47.4935
dual not feasible: -48.1147
dual not feasible: -47.688
dual not feasible: -47.1497
dual not feasible: -45.5839
STATS - lpIterations[68] lagIterations[18233] sspIterations[18233] numSeparations[18066] numCuts[0] compileTime[0] sspSolveTime[926] lpSolveTime[0] lb[647.914] ub[771.79] size: [29900] time: [1666]
dual not feasible: -47.2649
dual not feasible: -57.5341
dual not feasible: -53.7944
dual not feasible: -64.077
dual not feasible: -60.617
dual not feasible: -61.6834
dual not feasible: -74.7049
dual not feasible: -65.0431
dual not feasible: -63.1545
dual not feasible: -63.4471
dual not feasible: -63.777
dual not feasible: -64.707
dual not feasible: -64.9692
dual not feasible: -59.6778
dual not feasible: -60.9881
dual not feasible: -59.5373
dual not feasible: -64.9064
dual not feasible: -63.45
dual not feasible: -58.5743
dual not feasible: -64.2206
dual not feasible: -69.9935
dual not feasible: -65.4979
dual not feasible: -67.5934
dual not feasible: -62.6583
dual not feasible: -62.7423
dual not feasible: -63.8158
dual not feasible: -53.8335
dual not feasible: -58.2893
dual not feasible: -61.4304
dual not feasible: -57.3433
dual not feasible: -63.6033
dual not feasible: -66.9805
dual not feasible: -66.9209
dual not feasible: -63.0598
dual not feasible: -60.7822
dual not feasible: -63.1133
dual not feasible: -68.1408
dual not feasible: -60.4605
dual not feasible: -62.5942
dual not feasible: -51.963
dual not feasible: -59.5539
dual not feasible: -56.9132
dual not feasible: -57.4817
dual not feasible: -56.3321
dual not feasible: -59.4599
dual not feasible: -62.4758
dual not feasible: -57.3096
dual not feasible: -58.5286
dual not feasible: -56.8879
dual not feasible: -56.0596
dual not feasible: -58.6084
dual not feasible: -54.1245
dual not feasible: -57.6228
dual not feasible: -60.1911
dual not feasible: -55.0155
dual not feasible: -53.366
dual not feasible: -57.3397
dual not feasible: -55.5856
dual not feasible: -51.208
dual not feasible: -59.1193
dual not feasible: -59.4879
dual not feasible: -61.6015
dual not feasible: -53.3679
dual not feasible: -57.1996
dual not feasible: -55.4016
dual not feasible: -53.5943
dual not feasible: -54.8896
dual not feasible: -57.9968
dual not feasible: -66.4146
dual not feasible: -54.8217
dual not feasible: -51.8425
dual not feasible: -54.9323
dual not feasible: -60.9427
dual not feasible: -55.8912
dual not feasible: -53.5251
dual not feasible: -54.8311
dual not feasible: -58.4471
dual not feasible: -58.3681
dual not feasible: -51.3864
dual not feasible: -50.4843
dual not feasible: -53.3301
dual not feasible: -53.1904
dual not feasible: -52.7796
dual not feasible: -52.525
dual not feasible: -52.7917
dual not feasible: -56.7633
dual not feasible: -58.1925
dual not feasible: -56.6336
dual not feasible: -57.6772
dual not feasible: -54.3143
dual not feasible: -57.784
dual not feasible: -56.8576
dual not feasible: -52.0805
dual not feasible: -52.5208
dual not feasible: -53.3717
dual not feasible: -51.5012
dual not feasible: -50.0552
dual not feasible: -53.5974
dual not feasible: -59.3494
dual not feasible: -50.8846
dual not feasible: -53.1075
dual not feasible: -59.7167
STATS - lpIterations[69] lagIterations[18335] sspIterations[18335] numSeparations[18167] numCuts[0] compileTime[0] sspSolveTime[935] lpSolveTime[0] lb[647.914] ub[771.79] size: [30008] time: [1683]
dual not feasible: -58.3982
dual not feasible: -53.8573
dual not feasible: -56.4641
dual not feasible: -60.1171
dual not feasible: -62.6567
dual not feasible: -63.7618
dual not feasible: -59.8515
dual not feasible: -67.0042
dual not feasible: -66.4345
dual not feasible: -59.8074
dual not feasible: -56.4363
dual not feasible: -63.7349
dual not feasible: -64.6377
dual not feasible: -65.9672
dual not feasible: -61.1441
dual not feasible: -66.1842
dual not feasible: -64.5425
dual not feasible: -67.8939
dual not feasible: -67.4449
dual not feasible: -67.3805
dual not feasible: -58.313
dual not feasible: -56.9119
dual not feasible: -53.9505
dual not feasible: -61.3126
dual not feasible: -70.5884
dual not feasible: -71.0434
dual not feasible: -66.5016
dual not feasible: -67.0815
dual not feasible: -62.2551
dual not feasible: -62.9521
dual not feasible: -57.3382
dual not feasible: -65.3807
dual not feasible: -58.2648
dual not feasible: -56.5283
dual not feasible: -61.6153
dual not feasible: -59.1
dual not feasible: -55.6991
dual not feasible: -55.2261
dual not feasible: -54.975
dual not feasible: -55.1758
dual not feasible: -59.5539
dual not feasible: -62.8367
dual not feasible: -58.5962
dual not feasible: -63.0546
dual not feasible: -63.1078
dual not feasible: -62.4911
dual not feasible: -59.0035
dual not feasible: -55.9975
dual not feasible: -53.3393
dual not feasible: -64.3879
dual not feasible: -61.3595
dual not feasible: -60.0903
dual not feasible: -59.1463
dual not feasible: -57.607
dual not feasible: -60.26
dual not feasible: -60.7443
dual not feasible: -59.9959
dual not feasible: -56.2349
dual not feasible: -52.6662
dual not feasible: -55.8618
dual not feasible: -60.2743
dual not feasible: -59.3668
dual not feasible: -53.3346
dual not feasible: -55.0454
dual not feasible: -59.309
dual not feasible: -59.0812
dual not feasible: -58.8212
dual not feasible: -55.9731
dual not feasible: -54.7947
dual not feasible: -59.1282
dual not feasible: -54.1565
dual not feasible: -55.0923
dual not feasible: -53.6136
dual not feasible: -57.3573
dual not feasible: -58.2107
dual not feasible: -51.048
dual not feasible: -52.2691
dual not feasible: -57.4935
dual not feasible: -60.6717
dual not feasible: -52.3155
dual not feasible: -53.1194
dual not feasible: -54.1235
dual not feasible: -56.2577
dual not feasible: -54.9249
dual not feasible: -54.03
dual not feasible: -51.9419
dual not feasible: -51.6204
dual not feasible: -56.1243
dual not feasible: -56.3039
dual not feasible: -55.2907
dual not feasible: -51.5851
dual not feasible: -57.4185
dual not feasible: -54.5055
dual not feasible: -53.5904
dual not feasible: -52.665
dual not feasible: -52.9551
dual not feasible: -58.4356
dual not feasible: -52.7779
dual not feasible: -52.4705
dual not feasible: -54.0309
dual not feasible: -55.0531
dual not feasible: -52.2543
dual not feasible: -55.3965
dual not feasible: -50.4067
dual not feasible: -49.622
dual not feasible: -55.0482
dual not feasible: -53.6266
dual not feasible: -52.6598
dual not feasible: -52.4607
dual not feasible: -50.3535
dual not feasible: -52.2643
dual not feasible: -51.0966
dual not feasible: -58.0498
dual not feasible: -56.4686
dual not feasible: -53.3136
dual not feasible: -53.425
dual not feasible: -53.0699
dual not feasible: -54.1664
dual not feasible: -51.2841
dual not feasible: -47.2945
dual not feasible: -49.3887
dual not feasible: -49.1762
dual not feasible: -53.8771
dual not feasible: -55.3855
dual not feasible: -52.9713
dual not feasible: -52.8256
dual not feasible: -53.3648
dual not feasible: -53.0946
dual not feasible: -54.5222
dual not feasible: -47.5156
dual not feasible: -49.6073
dual not feasible: -52.1429
dual not feasible: -51.912
dual not feasible: -50.4026
dual not feasible: -49.0855
dual not feasible: -49.6973
dual not feasible: -50.6076
dual not feasible: -52.8803
dual not feasible: -49.9133
dual not feasible: -56.0584
dual not feasible: -51.9228
dual not feasible: -55.3618
dual not feasible: -48.8285
dual not feasible: -51.5096
dual not feasible: -48.9913
dual not feasible: -52.461
dual not feasible: -49.3489
dual not feasible: -51.1598
dual not feasible: -53.5468
dual not feasible: -52.1911
dual not feasible: -51.1443
dual not feasible: -53.4008
dual not feasible: -51.4967
dual not feasible: -51.3993
dual not feasible: -53.1524
dual not feasible: -50.492
dual not feasible: -50.9118
dual not feasible: -53.5311
dual not feasible: -50.5525
dual not feasible: -49.0293
dual not feasible: -48.822
dual not feasible: -48.6003
dual not feasible: -52.0484
dual not feasible: -51.6345
dual not feasible: -48.0146
dual not feasible: -50.0915
dual not feasible: -51.8154
dual not feasible: -48.3942
dual not feasible: -52.0272
dual not feasible: -50.3739
dual not feasible: -50.779
dual not feasible: -48.0824
dual not feasible: -52.9721
dual not feasible: -48.2074
dual not feasible: -49.0917
dual not feasible: -50.7776
dual not feasible: -48.9226
dual not feasible: -50.2851
dual not feasible: -50.4369
dual not feasible: -52.99
dual not feasible: -46.1466
dual not feasible: -49.6329
dual not feasible: -51.3739
dual not feasible: -49.7025
dual not feasible: -51.4029
dual not feasible: -47.5353
dual not feasible: -49.2354
dual not feasible: -49.0148
dual not feasible: -53.0943
dual not feasible: -48.2098
dual not feasible: -47.6407
dual not feasible: -51.8539
dual not feasible: -52.6552
dual not feasible: -48.5136
dual not feasible: -48.0226
dual not feasible: -46.7393
dual not feasible: -48.4534
dual not feasible: -49.686
dual not feasible: -48.8712
dual not feasible: -49.3803
dual not feasible: -49.8968
dual not feasible: -53.0925
dual not feasible: -49.8616
dual not feasible: -48.116
dual not feasible: -49.6686
dual not feasible: -49.6919
dual not feasible: -47.4191
dual not feasible: -47.4758
dual not feasible: -49.4544
dual not feasible: -53.3199
dual not feasible: -51.9063
dual not feasible: -52.6954
dual not feasible: -47.2709
dual not feasible: -49.1233
dual not feasible: -48.0798
dual not feasible: -50.0882
dual not feasible: -47.4966
dual not feasible: -48.152
dual not feasible: -49.2068
dual not feasible: -48.4516
dual not feasible: -50.7918
dual not feasible: -52.6584
dual not feasible: -51.2904
dual not feasible: -47.197
dual not feasible: -46.8787
dual not feasible: -46.1654
dual not feasible: -46.9376
dual not feasible: -47.814
dual not feasible: -47.4134
dual not feasible: -50.1658
dual not feasible: -49.025
dual not feasible: -50.9511
dual not feasible: -49.4559
dual not feasible: -48.9811
dual not feasible: -47.4176
dual not feasible: -47.9974
dual not feasible: -49.9817
dual not feasible: -49.3838
dual not feasible: -47.7751
dual not feasible: -48.6494
dual not feasible: -48.8658
dual not feasible: -50.8822
dual not feasible: -48.5778
dual not feasible: -46.3059
dual not feasible: -46.5311
dual not feasible: -47.4897
dual not feasible: -47.5196
dual not feasible: -49.1442
dual not feasible: -49.5395
dual not feasible: -47.1832
dual not feasible: -48.7248
dual not feasible: -46.5682
dual not feasible: -45.8304
dual not feasible: -45.9095
dual not feasible: -47.9454
dual not feasible: -49.2315
dual not feasible: -50.0707
dual not feasible: -48.9805
dual not feasible: -48.3418
dual not feasible: -48.9857
dual not feasible: -48.0388
dual not feasible: -51.1882
dual not feasible: -47.714
dual not feasible: -47.1231
dual not feasible: -48.9292
dual not feasible: -49.5579
dual not feasible: -49.781
dual not feasible: -48.7194
dual not feasible: -46.3444
dual not feasible: -47.9976
dual not feasible: -47.4487
dual not feasible: -44.8866
dual not feasible: -45.6093
dual not feasible: -46.4503
dual not feasible: -46.4648
dual not feasible: -50.643
dual not feasible: -49.5284
dual not feasible: -48.4601
dual not feasible: -47.4664
dual not feasible: -48.6013
dual not feasible: -46.8593
dual not feasible: -47.6202
dual not feasible: -46.9781
dual not feasible: -47.0566
dual not feasible: -48.1014
dual not feasible: -48.0664
dual not feasible: -47.5178
dual not feasible: -49.3833
dual not feasible: -48.8516
dual not feasible: -46.2831
dual not feasible: -49.2016
dual not feasible: -48.8036
dual not feasible: -50.0476
dual not feasible: -47.4158
dual not feasible: -45.6637
dual not feasible: -47.8012
dual not feasible: -45.9349
dual not feasible: -46.5578
dual not feasible: -47.2135
dual not feasible: -46.5336
dual not feasible: -52.7118
dual not feasible: -48.4661
dual not feasible: -48.0325
dual not feasible: -50.7184
dual not feasible: -46.2178
dual not feasible: -47.6009
dual not feasible: -48.9005
dual not feasible: -46.8828
dual not feasible: -47.4489
dual not feasible: -47.2774
dual not feasible: -46.614
dual not feasible: -47.3003
dual not feasible: -47.8741
dual not feasible: -47.5403
dual not feasible: -46.1269
dual not feasible: -47.8409
dual not feasible: -47.3022
dual not feasible: -48.9642
dual not feasible: -46.6806
dual not feasible: -46.5987
dual not feasible: -46.6492
dual not feasible: -47.6531
dual not feasible: -47.4321
dual not feasible: -47.7731
dual not feasible: -46.4858
dual not feasible: -48.0803
dual not feasible: -49.0212
dual not feasible: -46.5384
dual not feasible: -46.4187
dual not feasible: -47.3627
dual not feasible: -46.6746
dual not feasible: -46.0727
dual not feasible: -45.0934
dual not feasible: -46.9116
dual not feasible: -46.242
dual not feasible: -46.7043
dual not feasible: -46.3084
dual not feasible: -47.7053
dual not feasible: -47.1561
dual not feasible: -49.2737
dual not feasible: -44.8028
dual not feasible: -44.8943
dual not feasible: -45.5124
dual not feasible: -45.4876
dual not feasible: -45.5006
dual not feasible: -45.7002
dual not feasible: -46.619
dual not feasible: -47.6065
dual not feasible: -45.5449
dual not feasible: -48.2919
dual not feasible: -48.6854
dual not feasible: -47.4766
dual not feasible: -47.302
dual not feasible: -46.2786
dual not feasible: -45.3504
dual not feasible: -45.4437
dual not feasible: -45.4418
dual not feasible: -45.7181
dual not feasible: -46.8067
dual not feasible: -49.4908
dual not feasible: -47.6052
dual not feasible: -47.2181
dual not feasible: -45.408
dual not feasible: -46.0309
dual not feasible: -46.2342
dual not feasible: -45.8777
dual not feasible: -46.8074
dual not feasible: -48.0514
dual not feasible: -44.9422
dual not feasible: -46.2231
dual not feasible: -45.8115
dual not feasible: -45.9671
dual not feasible: -45.9524
STATS - lpIterations[70] lagIterations[18708] sspIterations[18708] numSeparations[18539] numCuts[0] compileTime[0] sspSolveTime[970] lpSolveTime[0] lb[647.914] ub[771.79] size: [30446] time: [1744]
dual not feasible: -45.8968
dual not feasible: -48.9932
dual not feasible: -53.0176
dual not feasible: -55.6762
dual not feasible: -54.7938
dual not feasible: -65.2012
dual not feasible: -74.7159
dual not feasible: -65.7479
dual not feasible: -67.6926
dual not feasible: -65.2569
dual not feasible: -68.187
dual not feasible: -69.4846
dual not feasible: -58.3682
dual not feasible: -60.4419
dual not feasible: -60.9134
dual not feasible: -76.3525
dual not feasible: -69.8013
dual not feasible: -63.9855
dual not feasible: -64.5627
dual not feasible: -63.4416
dual not feasible: -60.4341
dual not feasible: -58.5489
dual not feasible: -61.5052
dual not feasible: -58.0765
dual not feasible: -65.2734
dual not feasible: -69.6792
dual not feasible: -63.98
dual not feasible: -63.9866
dual not feasible: -62.3058
dual not feasible: -61.1974
dual not feasible: -57.1716
dual not feasible: -57.5165
dual not feasible: -55.3861
dual not feasible: -60.2011
dual not feasible: -71.1317
dual not feasible: -61.7307
dual not feasible: -60.1937
dual not feasible: -57.7855
dual not feasible: -59.1843
dual not feasible: -62.7915
dual not feasible: -57.7669
dual not feasible: -55.6298
dual not feasible: -55.6239
dual not feasible: -64.6639
dual not feasible: -63.0836
dual not feasible: -60.5754
dual not feasible: -58.0073
dual not feasible: -54.8571
dual not feasible: -59.5928
dual not feasible: -58.3416
dual not feasible: -62.711
dual not feasible: -57.088
dual not feasible: -54.6227
dual not feasible: -60.5445
dual not feasible: -60.754
dual not feasible: -59.5779
dual not feasible: -56.1482
dual not feasible: -55.8234
dual not feasible: -52.1204
dual not feasible: -58.2522
dual not feasible: -60.7641
dual not feasible: -55.4479
dual not feasible: -56.2306
dual not feasible: -57.6934
dual not feasible: -56.321
dual not feasible: -59.7016
dual not feasible: -58.2459
dual not feasible: -53.5705
dual not feasible: -56.9124
dual not feasible: -52.8556
dual not feasible: -55.5951
dual not feasible: -57.4501
dual not feasible: -56.1691
dual not feasible: -64.8912
dual not feasible: -55.4657
dual not feasible: -56.3896
dual not feasible: -54.1623
dual not feasible: -52.2131
dual not feasible: -57.4878
dual not feasible: -57.5124
dual not feasible: -56.768
dual not feasible: -60.4517
dual not feasible: -54.3666
dual not feasible: -58.7473
dual not feasible: -56.4953
dual not feasible: -53.6135
dual not feasible: -57.4793
dual not feasible: -55.5635
dual not feasible: -54.267
dual not feasible: -54.7652
dual not feasible: -54.1303
dual not feasible: -54.9216
dual not feasible: -59.3887
dual not feasible: -52.7388
dual not feasible: -54.52
dual not feasible: -52.0395
dual not feasible: -52.434
dual not feasible: -53.4741
dual not feasible: -52.9825
dual not feasible: -52.9452
dual not feasible: -55.7113
dual not feasible: -56.7092
STATS - lpIterations[71] lagIterations[18810] sspIterations[18810] numSeparations[18640] numCuts[0] compileTime[0] sspSolveTime[980] lpSolveTime[0] lb[647.914] ub[771.79] size: [30556] time: [1761]
dual not feasible: -55.8376
dual not feasible: -52.335
dual not feasible: -55.8501
dual not feasible: -56.3551
dual not feasible: -60.2748
dual not feasible: -63.1859
dual not feasible: -62.971
dual not feasible: -70.0599
dual not feasible: -61.9206
dual not feasible: -61.889
dual not feasible: -68.4604
dual not feasible: -63.5646
dual not feasible: -72.383
dual not feasible: -62.2747
dual not feasible: -72.3192
dual not feasible: -60.0159
dual not feasible: -62.7625
dual not feasible: -63.5466
dual not feasible: -65.1628
dual not feasible: -61.3106
dual not feasible: -56.5312
dual not feasible: -61.823
dual not feasible: -62.2978
dual not feasible: -59.73
dual not feasible: -60.4577
dual not feasible: -65.5746
dual not feasible: -59.2006
dual not feasible: -59.4431
dual not feasible: -62.2564
dual not feasible: -67.3816
dual not feasible: -61.2485
dual not feasible: -57.7982
dual not feasible: -56.6857
dual not feasible: -66.8986
dual not feasible: -55.676
dual not feasible: -54.7205
dual not feasible: -59.3082
dual not feasible: -57.6741
dual not feasible: -68.5417
dual not feasible: -56.7342
dual not feasible: -57.3468
dual not feasible: -59.282
dual not feasible: -62.9561
dual not feasible: -65.3223
dual not feasible: -62.4889
dual not feasible: -58.3403
dual not feasible: -58.9574
dual not feasible: -54.4626
dual not feasible: -54.6202
dual not feasible: -57.0124
dual not feasible: -57.3267
dual not feasible: -56.6172
dual not feasible: -61.065
dual not feasible: -55.2558
dual not feasible: -58.9274
dual not feasible: -61.0397
dual not feasible: -62.7476
dual not feasible: -62.5118
dual not feasible: -55.1851
dual not feasible: -54.9666
dual not feasible: -58.3928
dual not feasible: -53.4657
dual not feasible: -57.1539
dual not feasible: -59.5342
dual not feasible: -65.5105
dual not feasible: -56.2254
dual not feasible: -55.4756
dual not feasible: -55.2871
dual not feasible: -57.4484
dual not feasible: -59.0599
dual not feasible: -55.8983
dual not feasible: -56.4766
dual not feasible: -58.9652
dual not feasible: -53.0335
dual not feasible: -51.7751
dual not feasible: -51.7008
dual not feasible: -55.5276
dual not feasible: -55.5331
dual not feasible: -52.9962
dual not feasible: -55.023
dual not feasible: -54.6994
dual not feasible: -62.0669
dual not feasible: -56.9295
dual not feasible: -49.7354
dual not feasible: -51.3504
dual not feasible: -54.8885
dual not feasible: -55.5963
dual not feasible: -58.3357
dual not feasible: -55.8094
dual not feasible: -53.4301
dual not feasible: -53.5084
dual not feasible: -50.7611
dual not feasible: -53.0755
dual not feasible: -53.7738
dual not feasible: -52.7597
dual not feasible: -57.1624
dual not feasible: -55.3716
dual not feasible: -54.7085
dual not feasible: -55.1381
dual not feasible: -53.2779
dual not feasible: -55.2209
dual not feasible: -54.7432
dual not feasible: -53.5648
dual not feasible: -51.6599
dual not feasible: -50.3916
dual not feasible: -53.3837
dual not feasible: -58.8635
dual not feasible: -51.9753
dual not feasible: -54.917
dual not feasible: -55.0298
dual not feasible: -54.6509
dual not feasible: -55.0046
dual not feasible: -48.5654
dual not feasible: -54.2146
dual not feasible: -56.1348
dual not feasible: -55.5787
dual not feasible: -55.95
dual not feasible: -53.7733
dual not feasible: -50.3046
dual not feasible: -52.8074
dual not feasible: -59.4324
dual not feasible: -49.8386
dual not feasible: -52.1117
dual not feasible: -52.3616
dual not feasible: -51.5735
dual not feasible: -51.2161
dual not feasible: -48.1282
dual not feasible: -50.5718
dual not feasible: -51.0306
dual not feasible: -52.6292
dual not feasible: -56.1324
dual not feasible: -56.4721
dual not feasible: -50.0597
dual not feasible: -51.8417
dual not feasible: -51.95
dual not feasible: -52.0132
dual not feasible: -49.8547
dual not feasible: -50.8798
dual not feasible: -51.4734
dual not feasible: -51.57
dual not feasible: -53.2768
dual not feasible: -53.1155
dual not feasible: -53.2069
dual not feasible: -54.0836
dual not feasible: -51.039
dual not feasible: -56.6703
dual not feasible: -53.9697
dual not feasible: -49.0961
dual not feasible: -49.6731
dual not feasible: -49.9424
dual not feasible: -49.1601
dual not feasible: -50.9012
dual not feasible: -48.9045
dual not feasible: -48.7318
dual not feasible: -50.2698
dual not feasible: -49.6055
dual not feasible: -49.0514
dual not feasible: -50.3454
dual not feasible: -51.7257
dual not feasible: -56.2536
dual not feasible: -50.6281
dual not feasible: -50.4843
dual not feasible: -51.298
dual not feasible: -50.8045
dual not feasible: -50.0336
dual not feasible: -53.403
dual not feasible: -50.3801
dual not feasible: -50.2639
dual not feasible: -52.312
dual not feasible: -51.2921
dual not feasible: -49.6113
dual not feasible: -49.1699
dual not feasible: -49.695
dual not feasible: -50.9515
dual not feasible: -52.43
dual not feasible: -50.0313
dual not feasible: -50.6995
dual not feasible: -50.1967
dual not feasible: -53.6434
dual not feasible: -50.4128
dual not feasible: -50.7185
dual not feasible: -50.7257
dual not feasible: -49.3879
dual not feasible: -50.9853
dual not feasible: -51.1391
dual not feasible: -46.8221
dual not feasible: -48.0113
dual not feasible: -51.1195
dual not feasible: -52.6192
dual not feasible: -50.1283
dual not feasible: -49.6936
dual not feasible: -49.5948
dual not feasible: -48.5819
dual not feasible: -48.3407
dual not feasible: -51.4911
dual not feasible: -51.2174
dual not feasible: -52.2682
dual not feasible: -48.1718
dual not feasible: -50.4212
dual not feasible: -48.685
dual not feasible: -49.18
dual not feasible: -49.5068
dual not feasible: -48.7188
dual not feasible: -47.7361
dual not feasible: -54.1757
dual not feasible: -50.6692
dual not feasible: -47.9851
dual not feasible: -47.0414
dual not feasible: -51.8303
dual not feasible: -50.5627
dual not feasible: -50.5826
dual not feasible: -48.1924
dual not feasible: -47.7182
dual not feasible: -48.1415
dual not feasible: -48.7607
dual not feasible: -51.343
dual not feasible: -49.463
dual not feasible: -50.3145
dual not feasible: -48.9061
dual not feasible: -48.9632
dual not feasible: -48.7318
dual not feasible: -48.8979
dual not feasible: -48.2385
dual not feasible: -49.2457
dual not feasible: -50.4335
dual not feasible: -50.8612
dual not feasible: -47.5766
dual not feasible: -47.7571
dual not feasible: -48.0746
dual not feasible: -48.9665
dual not feasible: -45.9508
dual not feasible: -47.7938
dual not feasible: -50.6069
dual not feasible: -49.219
dual not feasible: -47.3781
dual not feasible: -46.4232
dual not feasible: -47.251
dual not feasible: -48.6788
dual not feasible: -49.8995
dual not feasible: -49.3274
dual not feasible: -47.6596
dual not feasible: -48.5358
dual not feasible: -49.2803
dual not feasible: -45.6531
dual not feasible: -45.8308
dual not feasible: -47.2982
dual not feasible: -47.7508
dual not feasible: -47.4718
dual not feasible: -48.8409
dual not feasible: -48.3177
dual not feasible: -48.1876
dual not feasible: -47.9907
dual not feasible: -49.1918
dual not feasible: -47.5587
dual not feasible: -49.5847
dual not feasible: -47.7898
dual not feasible: -48.2129
dual not feasible: -45.7446
dual not feasible: -47.1548
dual not feasible: -46.0066
dual not feasible: -46.9475
dual not feasible: -48.7969
dual not feasible: -49.9077
dual not feasible: -50.6013
dual not feasible: -48.9093
dual not feasible: -47.839
dual not feasible: -47.2605
dual not feasible: -49.1366
dual not feasible: -45.6958
dual not feasible: -46.1443
dual not feasible: -48.5905
dual not feasible: -51.2012
dual not feasible: -47.8109
dual not feasible: -47.7752
dual not feasible: -46.1529
dual not feasible: -47.0252
dual not feasible: -47.4984
dual not feasible: -49.2814
dual not feasible: -47.3084
dual not feasible: -47.5768
dual not feasible: -47.8134
dual not feasible: -47.5917
dual not feasible: -48.5788
dual not feasible: -47.8235
dual not feasible: -46.7361
dual not feasible: -47.7564
dual not feasible: -47.6781
dual not feasible: -48.8447
dual not feasible: -46.8524
dual not feasible: -50.153
dual not feasible: -45.998
dual not feasible: -47.3548
dual not feasible: -50.5731
dual not feasible: -48.0822
dual not feasible: -48.4657
dual not feasible: -50.5147
dual not feasible: -46.6377
dual not feasible: -48.4389
dual not feasible: -46.7086
dual not feasible: -46.5233
dual not feasible: -45.672
dual not feasible: -45.9004
dual not feasible: -47.0635
dual not feasible: -48.8241
dual not feasible: -47.5364
dual not feasible: -46.2659
dual not feasible: -46.4211
dual not feasible: -49.2195
dual not feasible: -47.0348
dual not feasible: -47.3329
dual not feasible: -48.049
dual not feasible: -46.3187
dual not feasible: -47.0151
dual not feasible: -47.6886
dual not feasible: -47.9889
dual not feasible: -46.3106
dual not feasible: -46.1877
dual not feasible: -48.5963
dual not feasible: -46.8316
dual not feasible: -46.8784
dual not feasible: -45.5023
dual not feasible: -46.6244
dual not feasible: -47.7114
dual not feasible: -47.5453
dual not feasible: -47.005
dual not feasible: -46.9136
dual not feasible: -46.0799
dual not feasible: -49.2408
dual not feasible: -45.2722
dual not feasible: -46.3693
dual not feasible: -46.51
dual not feasible: -46.2866
dual not feasible: -45.3109
dual not feasible: -45.7079
dual not feasible: -46.3167
dual not feasible: -46.3116
dual not feasible: -47.4569
dual not feasible: -47.2823
dual not feasible: -46.1715
dual not feasible: -48.6868
dual not feasible: -46.562
dual not feasible: -46.9548
dual not feasible: -47.7768
dual not feasible: -47.4046
dual not feasible: -45.7689
dual not feasible: -47.6032
dual not feasible: -46.9539
dual not feasible: -48.4418
dual not feasible: -46.1311
dual not feasible: -46.4796
dual not feasible: -44.7466
dual not feasible: -46.0079
dual not feasible: -47.0074
dual not feasible: -45.9619
dual not feasible: -45.8862
dual not feasible: -45.8823
dual not feasible: -46.961
dual not feasible: -47.2142
dual not feasible: -48.6887
dual not feasible: -46.8336
dual not feasible: -45.9874
dual not feasible: -45.5718
dual not feasible: -45.532
dual not feasible: -45.5893
dual not feasible: -48.1465
dual not feasible: -44.5135
STATS - lpIterations[71] lagIterations[19176] sspIterations[19176] numSeparations[19005] numCuts[0] compileTime[0] sspSolveTime[1015] lpSolveTime[0] lb[648.036] ub[771.79] size: [30979] time: [1823]
dual not feasible: -45.1634
dual not feasible: -46.7774
dual not feasible: -45.6829
dual not feasible: -45.5066
dual not feasible: -45.5023
dual not feasible: -45.4697
dual not feasible: -45.6409
dual not feasible: -47.0036
dual not feasible: -47.3592
dual not feasible: -48.6797
dual not feasible: -45.2081
dual not feasible: -46.6075
dual not feasible: -45.8136
dual not feasible: -44.5278
dual not feasible: -45.2687
dual not feasible: -47.6068
dual not feasible: -47.5674
dual not feasible: -47.9903
dual not feasible: -47.5897
dual not feasible: -45.0691
dual not feasible: -44.8741
dual not feasible: -46.3939
dual not feasible: -44.4492
STATS - lpIterations[71] lagIterations[19199] sspIterations[19199] numSeparations[19028] numCuts[0] compileTime[0] sspSolveTime[1017] lpSolveTime[0] lb[648.101] ub[771.79] size: [31009] time: [1827]
dual not feasible: -45.5566
dual not feasible: -45.1956
dual not feasible: -46.223
dual not feasible: -48.8819
dual not feasible: -46.0852
dual not feasible: -47.8768
dual not feasible: -46.2824
dual not feasible: -45.0863
dual not feasible: -45.6614
dual not feasible: -46.9803
dual not feasible: -47.8035
dual not feasible: -44.6026
dual not feasible: -47.3266
dual not feasible: -47.3473
dual not feasible: -46.8987
dual not feasible: -44.993
dual not feasible: -45.1362
dual not feasible: -45.4486
dual not feasible: -45.7781
dual not feasible: -45.6924
dual not feasible: -45.0713
dual not feasible: -45.6805
dual not feasible: -45.0606
dual not feasible: -45.8216
dual not feasible: -47.5496
dual not feasible: -47.4468
dual not feasible: -45.6495
dual not feasible: -45.8075
dual not feasible: -45.6432
dual not feasible: -46.3565
dual not feasible: -45.0942
dual not feasible: -45.3309
dual not feasible: -44.918
dual not feasible: -46.6497
dual not feasible: -47.2259
dual not feasible: -46.0425
dual not feasible: -46.95
dual not feasible: -46.8551
dual not feasible: -45.2093
dual not feasible: -45.3392
dual not feasible: -45.1985
dual not feasible: -44.4251
STATS - lpIterations[71] lagIterations[19241] sspIterations[19241] numSeparations[19070] numCuts[0] compileTime[0] sspSolveTime[1021] lpSolveTime[0] lb[648.125] ub[771.79] size: [31051] time: [1834]
dual not feasible: -45.2595
dual not feasible: -45.4007
dual not feasible: -46.6906
dual not feasible: -45.9073
dual not feasible: -45.1433
dual not feasible: -45.305
dual not feasible: -45.5571
dual not feasible: -45.2422
dual not feasible: -45.875
dual not feasible: -45.5359
dual not feasible: -46.0028
dual not feasible: -45.9421
dual not feasible: -44.7793
dual not feasible: -44.5767
dual not feasible: -46.4089
dual not feasible: -46.7083
dual not feasible: -44.5395
dual not feasible: -45.0426
dual not feasible: -45.4958
dual not feasible: -45.5197
dual not feasible: -45.5767
dual not feasible: -46.3305
dual not feasible: -46.4225
dual not feasible: -44.8837
dual not feasible: -45.7811
dual not feasible: -45.2673
dual not feasible: -44.9961
dual not feasible: -45.0799
dual not feasible: -44.4085
STATS - lpIterations[71] lagIterations[19270] sspIterations[19270] numSeparations[19099] numCuts[0] compileTime[0] sspSolveTime[1024] lpSolveTime[0] lb[648.141] ub[771.79] size: [31080] time: [1839]
dual not feasible: -45.0777
dual not feasible: -47.0599
dual not feasible: -45.8882
dual not feasible: -45.6033
dual not feasible: -44.998
dual not feasible: -44.1846
STATS - lpIterations[71] lagIterations[19276] sspIterations[19276] numSeparations[19105] numCuts[0] compileTime[0] sspSolveTime[1024] lpSolveTime[0] lb[648.365] ub[771.79] size: [31087] time: [1840]
dual not feasible: -45.5632
STATS - lpIterations[72] lagIterations[19277] sspIterations[19277] numSeparations[19106] numCuts[0] compileTime[0] sspSolveTime[1025] lpSolveTime[0] lb[648.365] ub[771.79] size: [31088] time: [1840]
dual not feasible: -46.1338
dual not feasible: -47.2354
dual not feasible: -52.1082
dual not feasible: -57.8924
dual not feasible: -69.5413
dual not feasible: -69.5426
dual not feasible: -61.7464
dual not feasible: -73.209
dual not feasible: -64.9546
dual not feasible: -65.183
dual not feasible: -67.8074
dual not feasible: -63.8877
dual not feasible: -60.9056
dual not feasible: -67.0804
dual not feasible: -63.9285
dual not feasible: -59.6139
dual not feasible: -63.0973
dual not feasible: -58.5297
dual not feasible: -75.422
dual not feasible: -65.4232
dual not feasible: -69.8391
dual not feasible: -62.8869
dual not feasible: -54.1237
dual not feasible: -58.319
dual not feasible: -57.7881
dual not feasible: -59.4269
dual not feasible: -60.9283
dual not feasible: -58.8803
dual not feasible: -71.7065
dual not feasible: -64.6432
dual not feasible: -60.6229
dual not feasible: -64.314
dual not feasible: -59.5383
dual not feasible: -63.7564
dual not feasible: -61.1339
dual not feasible: -56.7853
dual not feasible: -55.6344
dual not feasible: -61.1543
dual not feasible: -65.5922
dual not feasible: -62.0431
dual not feasible: -57.5962
dual not feasible: -60.6922
dual not feasible: -59.7197
dual not feasible: -56.9444
dual not feasible: -61.3845
dual not feasible: -61.8311
dual not feasible: -58.3351
dual not feasible: -58.4052
dual not feasible: -56.9192
dual not feasible: -57.6852
dual not feasible: -61.4099
dual not feasible: -51.9522
dual not feasible: -56.6193
dual not feasible: -63.6115
dual not feasible: -57.3538
dual not feasible: -55.6133
dual not feasible: -59.731
dual not feasible: -59.0628
dual not feasible: -58.615
dual not feasible: -56.4508
dual not feasible: -58.0735
dual not feasible: -56.4223
dual not feasible: -60.6465
dual not feasible: -58.7346
dual not feasible: -59.2915
dual not feasible: -61.6786
dual not feasible: -58.3104
dual not feasible: -57.4588
dual not feasible: -58.975
dual not feasible: -53.4615
dual not feasible: -50.6557
dual not feasible: -55.4106
dual not feasible: -57.6882
dual not feasible: -58.0187
dual not feasible: -56.4826
dual not feasible: -54.602
dual not feasible: -57.7395
dual not feasible: -60.6078
dual not feasible: -51.5057
dual not feasible: -57.1054
dual not feasible: -58.7649
dual not feasible: -54.998
dual not feasible: -59.2404
dual not feasible: -53.9662
dual not feasible: -54.1126
dual not feasible: -50.7765
dual not feasible: -53.4643
dual not feasible: -55.6919
dual not feasible: -51.613
dual not feasible: -51.802
dual not feasible: -58.4581
dual not feasible: -56.3952
dual not feasible: -55.3292
dual not feasible: -55.5362
dual not feasible: -50.211
dual not feasible: -52.4436
dual not feasible: -55.6043
dual not feasible: -53.9228
dual not feasible: -54.6074
dual not feasible: -55.5764
dual not feasible: -53.3349
dual not feasible: -54.4131
STATS - lpIterations[73] lagIterations[19379] sspIterations[19379] numSeparations[19207] numCuts[0] compileTime[0] sspSolveTime[1034] lpSolveTime[0] lb[648.365] ub[771.79] size: [31197] time: [1858]
dual not feasible: -53.9542
dual not feasible: -55.6223
dual not feasible: -58.4974
dual not feasible: -58.0872
dual not feasible: -66.5965
dual not feasible: -63.9716
dual not feasible: -70.0958
dual not feasible: -72.7773
dual not feasible: -68.348
dual not feasible: -63.7382
dual not feasible: -63.3883
dual not feasible: -59.539
dual not feasible: -68.4824
dual not feasible: -63.7034
dual not feasible: -66.9702
dual not feasible: -63.8044
dual not feasible: -63.359
dual not feasible: -62.7551
dual not feasible: -60.0956
dual not feasible: -65.8741
dual not feasible: -64.2777
dual not feasible: -57.1474
dual not feasible: -62.9799
dual not feasible: -60.8236
dual not feasible: -64.7981
dual not feasible: -62.8451
dual not feasible: -64.3543
dual not feasible: -56.6167
dual not feasible: -61.0115
dual not feasible: -65.8295
dual not feasible: -62.6403
dual not feasible: -63.5512
dual not feasible: -63.8341
dual not feasible: -60.993
dual not feasible: -57.6454
dual not feasible: -57.2121
dual not feasible: -55.1537
dual not feasible: -63.8304
dual not feasible: -60.4932
dual not feasible: -67.7053
dual not feasible: -62.052
dual not feasible: -64.637
dual not feasible: -62.1459
dual not feasible: -55.9712
dual not feasible: -53.4842
dual not feasible: -59.6008
dual not feasible: -58.0472
dual not feasible: -60.7571
dual not feasible: -60.8475
dual not feasible: -58.1339
dual not feasible: -55.9498
dual not feasible: -54.8661
dual not feasible: -56.4206
dual not feasible: -58.9856
dual not feasible: -66.0912
dual not feasible: -61.8799
dual not feasible: -62.0783
dual not feasible: -58.4482
dual not feasible: -55.6526
dual not feasible: -54.5294
dual not feasible: -52.153
dual not feasible: -53.9381
dual not feasible: -54.6342
dual not feasible: -59.352
dual not feasible: -57.8443
dual not feasible: -57.6316
dual not feasible: -57.5874
dual not feasible: -60.2702
dual not feasible: -54.9459
dual not feasible: -54.5379
dual not feasible: -56.9995
dual not feasible: -54.6932
dual not feasible: -56.5052
dual not feasible: -52.6427
dual not feasible: -55.9364
dual not feasible: -54.0395
dual not feasible: -57.3705
dual not feasible: -56.1356
dual not feasible: -57.8665
dual not feasible: -57.1834
dual not feasible: -56.1044
dual not feasible: -55.5325
dual not feasible: -51.2552
dual not feasible: -52.0884
dual not feasible: -52.3384
dual not feasible: -54.4355
dual not feasible: -54.451
dual not feasible: -53.1097
dual not feasible: -55.1015
dual not feasible: -57.0865
dual not feasible: -55.1628
dual not feasible: -57.7242
dual not feasible: -54.5167
dual not feasible: -57.551
dual not feasible: -54.0304
dual not feasible: -55.9857
dual not feasible: -50.4543
dual not feasible: -54.3916
dual not feasible: -52.2422
dual not feasible: -57.6539
dual not feasible: -60.5932
dual not feasible: -53.5068
dual not feasible: -51.3854
dual not feasible: -56.0935
dual not feasible: -51.8208
dual not feasible: -56.5677
dual not feasible: -52.4126
dual not feasible: -53.9887
dual not feasible: -55.0679
dual not feasible: -53.4382
dual not feasible: -59.6618
dual not feasible: -56.9153
dual not feasible: -53.5491
dual not feasible: -50.1338
dual not feasible: -50.01
dual not feasible: -50.2818
dual not feasible: -49.9488
dual not feasible: -52.4558
dual not feasible: -56.7124
dual not feasible: -51.3264
dual not feasible: -52.0445
dual not feasible: -57.417
dual not feasible: -51.84
dual not feasible: -55.7749
dual not feasible: -51.6944
dual not feasible: -53.4663
dual not feasible: -49.5771
dual not feasible: -56.4731
dual not feasible: -50.2259
dual not feasible: -51.6125
dual not feasible: -51.6409
dual not feasible: -50.5065
dual not feasible: -52.4427
dual not feasible: -54.5504
dual not feasible: -55.1366
dual not feasible: -50.4842
dual not feasible: -53.5316
dual not feasible: -51.6654
dual not feasible: -53.0498
dual not feasible: -48.6543
dual not feasible: -48.618
dual not feasible: -50.6141
dual not feasible: -49.4805
dual not feasible: -51.7612
dual not feasible: -51.9311
dual not feasible: -55.4896
dual not feasible: -57.1841
dual not feasible: -53.6728
dual not feasible: -53.356
dual not feasible: -51.5791
dual not feasible: -56.1888
dual not feasible: -49.5167
dual not feasible: -48.8422
dual not feasible: -54.2554
dual not feasible: -53.6028
dual not feasible: -51.1938
dual not feasible: -51.9524
dual not feasible: -51.5334
dual not feasible: -55.9223
dual not feasible: -52.3418
dual not feasible: -53.1914
dual not feasible: -49.3274
dual not feasible: -53.2181
dual not feasible: -52.1098
dual not feasible: -50.601
dual not feasible: -49.442
dual not feasible: -54.0554
dual not feasible: -49.4238
dual not feasible: -53.2182
dual not feasible: -52.7885
dual not feasible: -50.1395
dual not feasible: -55.893
dual not feasible: -50.6786
dual not feasible: -49.8321
dual not feasible: -49.268
dual not feasible: -49.8294
dual not feasible: -50.6641
dual not feasible: -54.5469
dual not feasible: -50.2977
dual not feasible: -49.9769
dual not feasible: -51.2412
dual not feasible: -49.7213
dual not feasible: -52.23
dual not feasible: -52.6884
dual not feasible: -48.8008
dual not feasible: -49.358
dual not feasible: -49.209
dual not feasible: -48.5102
dual not feasible: -49.3656
dual not feasible: -50.1072
dual not feasible: -49.2399
dual not feasible: -49.7066
dual not feasible: -51.934
dual not feasible: -49.3711
dual not feasible: -48.3623
dual not feasible: -50.3206
dual not feasible: -50.8
dual not feasible: -50.0743
dual not feasible: -48.8565
dual not feasible: -49.3383
dual not feasible: -49.8054
dual not feasible: -49.6156
dual not feasible: -53.4417
dual not feasible: -49.2426
dual not feasible: -49.0614
dual not feasible: -47.6966
dual not feasible: -47.964
dual not feasible: -50.1049
dual not feasible: -49.3493
dual not feasible: -48.6173
dual not feasible: -50.5801
dual not feasible: -53.4975
dual not feasible: -49.0801
dual not feasible: -50.5548
dual not feasible: -47.8911
dual not feasible: -48.048
dual not feasible: -50.2169
dual not feasible: -50.5082
dual not feasible: -48.3135
dual not feasible: -48.1963
dual not feasible: -48.4635
dual not feasible: -51.9437
dual not feasible: -48.2758
dual not feasible: -46.6228
dual not feasible: -46.8937
dual not feasible: -47.6746
dual not feasible: -48.2796
dual not feasible: -48.2865
dual not feasible: -51.6064
dual not feasible: -48.5661
dual not feasible: -49.0872
dual not feasible: -48.3134
dual not feasible: -50.9168
dual not feasible: -49.0378
dual not feasible: -49.3632
dual not feasible: -47.2509
dual not feasible: -49.8907
dual not feasible: -47.5788
dual not feasible: -46.301
dual not feasible: -49.3751
dual not feasible: -49.6537
dual not feasible: -49.6968
dual not feasible: -47.6516
dual not feasible: -47.5364
dual not feasible: -48.4155
dual not feasible: -48.7343
dual not feasible: -46.8731
dual not feasible: -48.9291
dual not feasible: -48.1875
dual not feasible: -51.3813
dual not feasible: -49.0876
dual not feasible: -47.6257
dual not feasible: -48.8893
dual not feasible: -47.5829
dual not feasible: -48.1418
dual not feasible: -47.2577
dual not feasible: -47.9167
dual not feasible: -47.1013
dual not feasible: -47.3833
dual not feasible: -46.549
dual not feasible: -47.3829
dual not feasible: -47.8378
dual not feasible: -49.485
dual not feasible: -48.9674
dual not feasible: -46.666
dual not feasible: -47.8995
dual not feasible: -50.718
dual not feasible: -49.2349
dual not feasible: -48.3785
dual not feasible: -49.4315
dual not feasible: -47.317
dual not feasible: -48.6065
dual not feasible: -47.5845
dual not feasible: -47.9319
dual not feasible: -46.3845
dual not feasible: -46.1835
dual not feasible: -48.6977
dual not feasible: -49.3504
dual not feasible: -50.4497
dual not feasible: -47.8619
dual not feasible: -47.4481
dual not feasible: -47.4528
dual not feasible: -47.835
dual not feasible: -47.475
dual not feasible: -48.948
dual not feasible: -46.8681
dual not feasible: -47.7131
dual not feasible: -50.0701
dual not feasible: -49.4454
dual not feasible: -48.6062
dual not feasible: -48.0027
dual not feasible: -46.4846
dual not feasible: -46.0345
dual not feasible: -46.7301
dual not feasible: -46.8329
dual not feasible: -46.4358
dual not feasible: -48.0289
dual not feasible: -47.8982
dual not feasible: -51.564
dual not feasible: -48.1421
dual not feasible: -47.0899
dual not feasible: -46.714
dual not feasible: -47.1297
dual not feasible: -49.4622
dual not feasible: -49.9539
dual not feasible: -46.5053
dual not feasible: -49.2588
dual not feasible: -45.3481
dual not feasible: -48.643
dual not feasible: -47.9068
dual not feasible: -45.6486
dual not feasible: -46.591
dual not feasible: -46.2632
dual not feasible: -50.2021
dual not feasible: -48.2804
dual not feasible: -51.0835
dual not feasible: -46.0572
dual not feasible: -45.9584
dual not feasible: -46.21
dual not feasible: -47.3471
dual not feasible: -45.8682
dual not feasible: -46.4432
dual not feasible: -46.1543
dual not feasible: -47.386
dual not feasible: -47.8436
dual not feasible: -47.2206
dual not feasible: -46.8917
dual not feasible: -45.9824
dual not feasible: -46.9631
dual not feasible: -46.0058
dual not feasible: -48.0197
dual not feasible: -47.105
dual not feasible: -45.9203
dual not feasible: -48.5841
dual not feasible: -46.7695
dual not feasible: -48.5573
dual not feasible: -47.3318
dual not feasible: -45.9581
dual not feasible: -46.1508
dual not feasible: -46.5369
dual not feasible: -47.3639
dual not feasible: -47.1729
dual not feasible: -47.0843
dual not feasible: -49.2718
dual not feasible: -47.3046
dual not feasible: -46.2896
dual not feasible: -47.177
dual not feasible: -48.1041
dual not feasible: -45.6961
dual not feasible: -45.5583
dual not feasible: -45.8694
dual not feasible: -46.477
dual not feasible: -48.6722
dual not feasible: -47.4807
dual not feasible: -46.4783
dual not feasible: -47.3771
dual not feasible: -47.171
dual not feasible: -46.1489
dual not feasible: -47.386
dual not feasible: -46.0232
dual not feasible: -45.0533
dual not feasible: -46.8473
dual not feasible: -47.2458
dual not feasible: -47.578
dual not feasible: -47.3219
dual not feasible: -46.8955
dual not feasible: -45.8311
dual not feasible: -46.4583
dual not feasible: -47.5531
dual not feasible: -48.3206
dual not feasible: -47.5804
dual not feasible: -45.1583
dual not feasible: -45.3064
dual not feasible: -46.1593
dual not feasible: -45.9159
dual not feasible: -46.2521
dual not feasible: -46.4732
dual not feasible: -45.5251
dual not feasible: -47.2883
dual not feasible: -48.6177
dual not feasible: -47.1004
dual not feasible: -46.6349
dual not feasible: -45.8967
dual not feasible: -48.1587
dual not feasible: -47.1727
dual not feasible: -45.4596
dual not feasible: -46.1342
dual not feasible: -45.993
dual not feasible: -45.1045
dual not feasible: -46.4808
dual not feasible: -47.8442
dual not feasible: -46.8054
dual not feasible: -45.7546
dual not feasible: -46.3473
dual not feasible: -45.9342
dual not feasible: -47.0717
dual not feasible: -44.9492
dual not feasible: -45.1313
dual not feasible: -45.7542
dual not feasible: -46.9215
dual not feasible: -46.1476
dual not feasible: -46.4513
dual not feasible: -46.9042
dual not feasible: -46.5854
dual not feasible: -45.2438
dual not feasible: -47.1289
dual not feasible: -45.7525
dual not feasible: -46.7133
dual not feasible: -47.5084
STATS - lpIterations[74] lagIterations[19788] sspIterations[19788] numSeparations[19615] numCuts[0] compileTime[0] sspSolveTime[1075] lpSolveTime[0] lb[648.365] ub[771.79] size: [31648] time: [1929]
dual not feasible: -47.6402
dual not feasible: -48.4629
dual not feasible: -55.0286
dual not feasible: -54.9583
dual not feasible: -75.2686
dual not feasible: -71.7542
dual not feasible: -66.9826
dual not feasible: -66.771
dual not feasible: -70.9154
dual not feasible: -65.8277
dual not feasible: -63.8491
dual not feasible: -64.9537
dual not feasible: -61.4314
dual not feasible: -70.2847
dual not feasible: -68.8046
dual not feasible: -62.8919
dual not feasible: -70.0836
dual not feasible: -66.2706
dual not feasible: -63.2354
dual not feasible: -56.5885
dual not feasible: -62.8401
dual not feasible: -55.3664
dual not feasible: -63.2161
dual not feasible: -66.878
dual not feasible: -66.1187
dual not feasible: -69.0738
dual not feasible: -64.5434
dual not feasible: -60.1061
dual not feasible: -64.8
dual not feasible: -59.3371
dual not feasible: -58.713
dual not feasible: -56.6011
dual not feasible: -59.119
dual not feasible: -60.219
dual not feasible: -61.7105
dual not feasible: -57.8671
dual not feasible: -59.2837
dual not feasible: -60.8012
dual not feasible: -64.6681
dual not feasible: -59.4482
dual not feasible: -55.9675
dual not feasible: -59.4237
dual not feasible: -63.6748
dual not feasible: -61.5788
dual not feasible: -62.331
dual not feasible: -58.694
dual not feasible: -53.9615
dual not feasible: -60.3958
dual not feasible: -59.7804
dual not feasible: -59.5788
dual not feasible: -57.7722
dual not feasible: -57.5122
dual not feasible: -62.3414
dual not feasible: -57.9753
dual not feasible: -55.8419
dual not feasible: -58.6055
dual not feasible: -59.1094
dual not feasible: -61.258
dual not feasible: -63.2662
dual not feasible: -57.4169
dual not feasible: -57.005
dual not feasible: -55.8739
dual not feasible: -56.5193
dual not feasible: -55.9766
dual not feasible: -55.0226
dual not feasible: -56.6993
dual not feasible: -66.0334
dual not feasible: -56.1049
dual not feasible: -52.8345
dual not feasible: -56.3787
dual not feasible: -55.4469
dual not feasible: -56.238
dual not feasible: -57.9768
dual not feasible: -55.7458
dual not feasible: -58.5705
dual not feasible: -64.1357
dual not feasible: -57.4822
dual not feasible: -52.8002
dual not feasible: -51.9295
dual not feasible: -51.7681
dual not feasible: -52.77
dual not feasible: -54.4659
dual not feasible: -55.1897
dual not feasible: -52.7006
dual not feasible: -58.1412
dual not feasible: -56.9774
dual not feasible: -55.8978
dual not feasible: -59.1108
dual not feasible: -52.6634
dual not feasible: -54.8863
dual not feasible: -56.4297
dual not feasible: -51.3143
dual not feasible: -50.6688
dual not feasible: -57.9381
dual not feasible: -52.6455
dual not feasible: -54.5949
dual not feasible: -56.7216
dual not feasible: -55.7661
dual not feasible: -52.4163
dual not feasible: -56.9351
dual not feasible: -54.8812
dual not feasible: -58.0183
STATS - lpIterations[75] lagIterations[19890] sspIterations[19890] numSeparations[19716] numCuts[0] compileTime[0] sspSolveTime[1085] lpSolveTime[0] lb[648.365] ub[771.79] size: [31776] time: [1947]
dual not feasible: -53.2461
dual not feasible: -54.5525
dual not feasible: -53.97
dual not feasible: -59.0389
dual not feasible: -66.9382
dual not feasible: -64.8994
dual not feasible: -63.1
dual not feasible: -71.5559
dual not feasible: -70.2805
dual not feasible: -70.3837
dual not feasible: -63.7051
dual not feasible: -59.7059
dual not feasible: -62.9965
dual not feasible: -64.9395
dual not feasible: -61.6668
dual not feasible: -60.1885
dual not feasible: -65.6546
dual not feasible: -63.3303
dual not feasible: -72.5697
dual not feasible: -63.9256
dual not feasible: -65.731
dual not feasible: -62.3672
dual not feasible: -65.7957
dual not feasible: -65.6461
dual not feasible: -59.6033
dual not feasible: -65.8196
dual not feasible: -63.0825
dual not feasible: -64.2382
dual not feasible: -53.9548
dual not feasible: -57.0825
dual not feasible: -57.7084
dual not feasible: -58.2777
dual not feasible: -61.5622
dual not feasible: -63.9195
dual not feasible: -57.4731
dual not feasible: -65.9935
dual not feasible: -62.3989
dual not feasible: -59.517
dual not feasible: -59.4813
dual not feasible: -58.9145
dual not feasible: -56.1012
dual not feasible: -57.6368
dual not feasible: -61.9423
dual not feasible: -64.9647
dual not feasible: -55.8441
dual not feasible: -61.3785
dual not feasible: -59.9727
dual not feasible: -63.0117
dual not feasible: -55.4582
dual not feasible: -67.7883
dual not feasible: -59.9906
dual not feasible: -60.074
dual not feasible: -54.1768
dual not feasible: -63.1071
dual not feasible: -59.7284
dual not feasible: -62.0515
dual not feasible: -59.652
dual not feasible: -56.3547
dual not feasible: -57.5484
dual not feasible: -56.9283
dual not feasible: -52.1966
dual not feasible: -62.6135
dual not feasible: -61.2987
dual not feasible: -59.5833
dual not feasible: -59.4803
dual not feasible: -55.2321
dual not feasible: -59.7643
dual not feasible: -60.1251
dual not feasible: -52.5142
dual not feasible: -55.2444
dual not feasible: -54.6435
dual not feasible: -57.1441
dual not feasible: -53.8679
dual not feasible: -53.776
dual not feasible: -50.8505
dual not feasible: -54.0921
dual not feasible: -59.5167
dual not feasible: -58.768
dual not feasible: -56.5788
dual not feasible: -57.8094
dual not feasible: -56.3173
dual not feasible: -57.3559
dual not feasible: -53.6723
dual not feasible: -54.7872
dual not feasible: -55.1831
dual not feasible: -56.0774
dual not feasible: -56.2596
dual not feasible: -56.0115
dual not feasible: -59.8421
dual not feasible: -54.3378
dual not feasible: -60.7187
dual not feasible: -57.0604
dual not feasible: -57.1748
dual not feasible: -50.5719
dual not feasible: -52.6565
dual not feasible: -59.8835
dual not feasible: -52.9933
dual not feasible: -53.1707
dual not feasible: -55.5887
dual not feasible: -54.5635
dual not feasible: -56.8025
dual not feasible: -54.5187
dual not feasible: -55.039
dual not feasible: -49.6893
dual not feasible: -51.8585
dual not feasible: -53.3364
dual not feasible: -55.9867
dual not feasible: -53.1555
dual not feasible: -51.4587
dual not feasible: -51.4656
dual not feasible: -53.9247
dual not feasible: -55.9294
dual not feasible: -54.0943
dual not feasible: -52.674
dual not feasible: -50.8033
dual not feasible: -54.3033
dual not feasible: -57.1325
dual not feasible: -51.6202
dual not feasible: -50.3766
dual not feasible: -52.7437
dual not feasible: -51.4214
dual not feasible: -53.5193
dual not feasible: -52.8433
dual not feasible: -50.1967
dual not feasible: -48.4668
dual not feasible: -52.9483
dual not feasible: -57.9541
dual not feasible: -54.1002
dual not feasible: -52.5822
dual not feasible: -54.0651
dual not feasible: -51.9527
dual not feasible: -53.1373
dual not feasible: -49.5885
dual not feasible: -53.1125
dual not feasible: -54.6675
dual not feasible: -57.5308
dual not feasible: -52.2285
dual not feasible: -52.6041
dual not feasible: -52.8434
dual not feasible: -51.1488
dual not feasible: -51.4901
dual not feasible: -52.8445
dual not feasible: -53.4286
dual not feasible: -50.1788
dual not feasible: -53.7243
dual not feasible: -50.1944
dual not feasible: -50.366
dual not feasible: -53.2419
dual not feasible: -54.1015
dual not feasible: -50.6482
dual not feasible: -49.4972
dual not feasible: -50.3681
dual not feasible: -55.0697
dual not feasible: -54.7014
dual not feasible: -50.3113
dual not feasible: -50.5724
dual not feasible: -51.7415
dual not feasible: -51.167
dual not feasible: -53.6116
dual not feasible: -49.7495
dual not feasible: -48.7829
dual not feasible: -51.7401
dual not feasible: -50.6647
dual not feasible: -51.4494
dual not feasible: -52.6795
dual not feasible: -49.9741
dual not feasible: -49.7028
dual not feasible: -50.8126
dual not feasible: -50.9478
dual not feasible: -52.0276
dual not feasible: -49.4433
dual not feasible: -48.9419
dual not feasible: -50.6809
dual not feasible: -49.0105
dual not feasible: -48.3907
dual not feasible: -50.0271
dual not feasible: -49.9952
dual not feasible: -53.4579
dual not feasible: -51.3166
dual not feasible: -50.0162
dual not feasible: -53.7575
dual not feasible: -53.8146
dual not feasible: -49.7839
dual not feasible: -46.8896
dual not feasible: -49.3585
dual not feasible: -48.9359
dual not feasible: -48.2506
dual not feasible: -48.82
dual not feasible: -53.6535
dual not feasible: -53.5383
dual not feasible: -48.6336
dual not feasible: -50.0901
dual not feasible: -49.5716
dual not feasible: -52.3335
dual not feasible: -49.6768
dual not feasible: -48.7463
dual not feasible: -48.3046
dual not feasible: -52.4533
dual not feasible: -49.6027
dual not feasible: -50.4023
dual not feasible: -50.3512
dual not feasible: -49.13
dual not feasible: -49.6165
dual not feasible: -49.3753
dual not feasible: -48.2239
dual not feasible: -52.0818
dual not feasible: -48.5699
dual not feasible: -51.2829
dual not feasible: -51.5733
dual not feasible: -50.3351
dual not feasible: -49.4929
dual not feasible: -48.9272
dual not feasible: -49.2174
dual not feasible: -49.1964
dual not feasible: -52.5449
dual not feasible: -46.9856
dual not feasible: -47.2864
dual not feasible: -52.0612
dual not feasible: -50.0944
dual not feasible: -49.3604
dual not feasible: -49.0174
dual not feasible: -48.8219
dual not feasible: -47.383
dual not feasible: -49.1512
dual not feasible: -47.8891
dual not feasible: -48.4545
dual not feasible: -50.6838
dual not feasible: -52.4208
dual not feasible: -49.8168
dual not feasible: -47.7254
dual not feasible: -47.3827
dual not feasible: -47.7022
dual not feasible: -52.7267
dual not feasible: -50.8952
dual not feasible: -50.0747
dual not feasible: -47.8262
dual not feasible: -48.414
dual not feasible: -50.6362
dual not feasible: -47.5103
dual not feasible: -46.5908
dual not feasible: -47.7728
dual not feasible: -49.4833
dual not feasible: -48.2067
dual not feasible: -51.379
dual not feasible: -49.306
dual not feasible: -48.023
dual not feasible: -46.6293
dual not feasible: -47.2002
dual not feasible: -49.0261
dual not feasible: -48.2211
dual not feasible: -49.3778
dual not feasible: -48.4782
dual not feasible: -47.3387
dual not feasible: -49.6778
dual not feasible: -50.0174
dual not feasible: -48.306
dual not feasible: -48.5526
dual not feasible: -47.2953
dual not feasible: -47.3011
dual not feasible: -46.484
dual not feasible: -48.2267
dual not feasible: -50.3383
dual not feasible: -48.7531
dual not feasible: -49.7309
dual not feasible: -49.9138
dual not feasible: -49.3684
dual not feasible: -48.0934
dual not feasible: -47.9314
dual not feasible: -46.171
dual not feasible: -49.3559
dual not feasible: -47.4717
dual not feasible: -50.5017
dual not feasible: -47.7677
dual not feasible: -47.6088
dual not feasible: -48.6649
dual not feasible: -48.8946
dual not feasible: -46.8478
dual not feasible: -49.7122
dual not feasible: -49.1661
dual not feasible: -46.5254
dual not feasible: -48.5798
dual not feasible: -47.835
dual not feasible: -48.09
dual not feasible: -47.6853
dual not feasible: -47.2074
dual not feasible: -47.9701
dual not feasible: -49.0581
dual not feasible: -45.2413
dual not feasible: -47.4308
dual not feasible: -47.7484
dual not feasible: -48.4752
dual not feasible: -47.3192
dual not feasible: -47.8819
dual not feasible: -47.7578
dual not feasible: -47.3485
dual not feasible: -48.8532
dual not feasible: -48.327
dual not feasible: -47.1105
dual not feasible: -46.5023
dual not feasible: -49.6295
dual not feasible: -48.976
dual not feasible: -46.6012
dual not feasible: -46.7822
dual not feasible: -46.9707
dual not feasible: -46.923
dual not feasible: -46.8327
dual not feasible: -47.6365
dual not feasible: -46.3412
dual not feasible: -47.5989
dual not feasible: -47.4693
dual not feasible: -47.9583
dual not feasible: -47.3174
dual not feasible: -45.9582
dual not feasible: -48.2896
dual not feasible: -48.1101
dual not feasible: -48.693
dual not feasible: -48.8739
dual not feasible: -47.9899
dual not feasible: -45.8957
dual not feasible: -46.3818
dual not feasible: -46.2584
dual not feasible: -47.0738
dual not feasible: -47.9711
dual not feasible: -50.8251
dual not feasible: -48.5296
dual not feasible: -47.4148
dual not feasible: -46.2895
dual not feasible: -47.4866
dual not feasible: -46.2006
dual not feasible: -46.329
dual not feasible: -46.0399
dual not feasible: -49.0092
dual not feasible: -48.0737
dual not feasible: -47.8634
dual not feasible: -46.6239
dual not feasible: -46.4259
dual not feasible: -47.6732
dual not feasible: -46.5114
dual not feasible: -48.3324
dual not feasible: -47.7046
dual not feasible: -46.5583
dual not feasible: -48.3258
dual not feasible: -47.8415
dual not feasible: -48.1128
dual not feasible: -48.797
dual not feasible: -46.2806
dual not feasible: -46.2558
dual not feasible: -48.4604
dual not feasible: -47.0993
dual not feasible: -45.7447
dual not feasible: -46.2824
dual not feasible: -46.1733
dual not feasible: -46.7331
dual not feasible: -46.254
dual not feasible: -47.5883
dual not feasible: -45.9271
dual not feasible: -46.311
dual not feasible: -46.7197
dual not feasible: -47.3756
dual not feasible: -46.7618
dual not feasible: -47.3219
dual not feasible: -46.4404
dual not feasible: -46.9133
dual not feasible: -46.737
dual not feasible: -46.3965
dual not feasible: -46.5871
dual not feasible: -47.4636
dual not feasible: -46.4078
dual not feasible: -45.9682
dual not feasible: -45.9414
dual not feasible: -46.5376
dual not feasible: -47.1788
dual not feasible: -47.3706
dual not feasible: -47.0705
dual not feasible: -47.48
dual not feasible: -46.543
dual not feasible: -47.3728
dual not feasible: -45.9712
dual not feasible: -47.4615
dual not feasible: -44.9402
dual not feasible: -47.0176
dual not feasible: -46.7577
dual not feasible: -46.5396
dual not feasible: -46.5812
dual not feasible: -46.86
dual not feasible: -46.4886
dual not feasible: -45.5115
dual not feasible: -46.9316
dual not feasible: -46.027
STATS - lpIterations[76] lagIterations[20279] sspIterations[20279] numSeparations[20104] numCuts[0] compileTime[0] sspSolveTime[1124] lpSolveTime[0] lb[648.365] ub[771.79] size: [32244] time: [2016]
dual not feasible: -45.0194
dual not feasible: -52.418
dual not feasible: -61.2006
dual not feasible: -62.8176
dual not feasible: -63.5666
dual not feasible: -63.5951
dual not feasible: -68.6463
dual not feasible: -66.94
dual not feasible: -64.6248
dual not feasible: -61.1082
dual not feasible: -74.2238
dual not feasible: -70.3048
dual not feasible: -64.7045
dual not feasible: -65.3537
dual not feasible: -67.3681
dual not feasible: -69.5137
dual not feasible: -67.0398
dual not feasible: -61.6339
dual not feasible: -58.8962
dual not feasible: -62.6895
dual not feasible: -62.0675
dual not feasible: -61.0313
dual not feasible: -58.0611
dual not feasible: -64.1894
dual not feasible: -62.8917
dual not feasible: -62.7154
dual not feasible: -62.3596
dual not feasible: -65.038
dual not feasible: -61.0948
dual not feasible: -60.8736
dual not feasible: -71.3556
dual not feasible: -68.1989
dual not feasible: -57.1774
dual not feasible: -62.5032
dual not feasible: -64.1714
dual not feasible: -62.2507
dual not feasible: -63.8129
dual not feasible: -56.2064
dual not feasible: -60.2705
dual not feasible: -57.0467
dual not feasible: -63.0529
dual not feasible: -63.0578
dual not feasible: -57.4306
dual not feasible: -63.3827
dual not feasible: -61.8513
dual not feasible: -59.5921
dual not feasible: -58.7687
dual not feasible: -56.8443
dual not feasible: -58.4664
dual not feasible: -54.7887
dual not feasible: -55.059
dual not feasible: -56.0395
dual not feasible: -55.4747
dual not feasible: -58.3993
dual not feasible: -60.421
dual not feasible: -59.5072
dual not feasible: -60.7548
dual not feasible: -60.3321
dual not feasible: -59.936
dual not feasible: -60.7919
dual not feasible: -57.9217
dual not feasible: -60.5375
dual not feasible: -54.8311
dual not feasible: -57.0014
dual not feasible: -52.791
dual not feasible: -63.9433
dual not feasible: -59.3755
dual not feasible: -62.5955
dual not feasible: -56.8005
dual not feasible: -59.6717
dual not feasible: -58.0023
dual not feasible: -56.9697
dual not feasible: -51.4761
dual not feasible: -55.1589
dual not feasible: -55.1793
dual not feasible: -57.3294
dual not feasible: -57.9488
dual not feasible: -49.7571
dual not feasible: -54.1871
dual not feasible: -56.7787
dual not feasible: -55.1186
dual not feasible: -55.7
dual not feasible: -61.9276
dual not feasible: -58.1415
dual not feasible: -65.3366
dual not feasible: -57.6874
dual not feasible: -52.5333
dual not feasible: -51.074
dual not feasible: -55.5574
dual not feasible: -57.2021
dual not feasible: -55.1359
dual not feasible: -57.9795
dual not feasible: -54.2977
dual not feasible: -56.7152
dual not feasible: -59.2506
dual not feasible: -54.2228
dual not feasible: -52.5499
dual not feasible: -56.7325
dual not feasible: -60.7172
dual not feasible: -58.0449
dual not feasible: -52.1448
dual not feasible: -55.0795
STATS - lpIterations[77] lagIterations[20381] sspIterations[20381] numSeparations[20205] numCuts[0] compileTime[0] sspSolveTime[1135] lpSolveTime[0] lb[648.365] ub[771.79] size: [32374] time: [2034]
dual not feasible: -52.97
dual not feasible: -54.0456
dual not feasible: -58.7101
dual not feasible: -55.9756
dual not feasible: -60.6113
dual not feasible: -66.209
dual not feasible: -65.5557
dual not feasible: -63.134
dual not feasible: -61.9537
dual not feasible: -65.6151
dual not feasible: -71.7181
dual not feasible: -70.2368
dual not feasible: -64.8711
dual not feasible: -63.7176
dual not feasible: -64.7516
dual not feasible: -59.9728
dual not feasible: -58.793
dual not feasible: -60.6149
dual not feasible: -60.504
dual not feasible: -63.8972
dual not feasible: -66.6286
dual not feasible: -65.3234
dual not feasible: -66.367
dual not feasible: -60.3781
dual not feasible: -63.7791
dual not feasible: -60.1471
dual not feasible: -57.628
dual not feasible: -62.5652
dual not feasible: -61.1157
dual not feasible: -64.1061
dual not feasible: -60.6809
dual not feasible: -60.9601
dual not feasible: -66.8369
dual not feasible: -61.4199
dual not feasible: -60.4859
dual not feasible: -61.7071
dual not feasible: -59.0465
dual not feasible: -65.3303
dual not feasible: -57.6869
dual not feasible: -56.6879
dual not feasible: -57.869
dual not feasible: -67.5574
dual not feasible: -61.5671
dual not feasible: -63.2644
dual not feasible: -62.14
dual not feasible: -59.8234
dual not feasible: -61.2631
dual not feasible: -59.6943
dual not feasible: -57.3098
dual not feasible: -55.5285
dual not feasible: -60.9643
dual not feasible: -58.9896
dual not feasible: -57.8267
dual not feasible: -57.73
dual not feasible: -60.5164
dual not feasible: -58.4447
dual not feasible: -53.9453
dual not feasible: -60.1345
dual not feasible: -60.3082
dual not feasible: -61.6637
dual not feasible: -58.5769
dual not feasible: -58.6049
dual not feasible: -59.1418
dual not feasible: -62.5246
dual not feasible: -53.8126
dual not feasible: -56.7853
dual not feasible: -54.315
dual not feasible: -56.0717
dual not feasible: -63.0017
dual not feasible: -58.7947
dual not feasible: -53.7757
dual not feasible: -54.7466
dual not feasible: -57.6028
dual not feasible: -56.2758
dual not feasible: -56.3725
dual not feasible: -54.5257
dual not feasible: -55.6395
dual not feasible: -57.377
dual not feasible: -55.304
dual not feasible: -56.5547
dual not feasible: -54.4788
dual not feasible: -55.1239
dual not feasible: -55.7002
dual not feasible: -57.4266
dual not feasible: -53.6125
dual not feasible: -51.7176
dual not feasible: -58.6713
dual not feasible: -54.4185
dual not feasible: -55.5635
dual not feasible: -54.8988
dual not feasible: -52.4651
dual not feasible: -54.8428
dual not feasible: -53.0525
dual not feasible: -49.9129
dual not feasible: -50.548
dual not feasible: -52.7644
dual not feasible: -55.2246
dual not feasible: -59.7617
dual not feasible: -56.8116
dual not feasible: -52.1805
dual not feasible: -53.3602
dual not feasible: -51.2469
dual not feasible: -55.5625
dual not feasible: -54.6915
dual not feasible: -52.7401
dual not feasible: -60.4861
dual not feasible: -54.4666
dual not feasible: -51.23
dual not feasible: -50.3912
dual not feasible: -56.0373
dual not feasible: -55.0529
dual not feasible: -53.127
dual not feasible: -56.4341
dual not feasible: -54.4805
dual not feasible: -49.9041
dual not feasible: -58.2185
dual not feasible: -51.1896
dual not feasible: -53.2556
dual not feasible: -54.049
dual not feasible: -50.7366
dual not feasible: -52.1564
dual not feasible: -54.9404
dual not feasible: -50.09
dual not feasible: -50.2174
dual not feasible: -55.3943
dual not feasible: -54.4061
dual not feasible: -50.6929
dual not feasible: -49.2297
dual not feasible: -53.3091
dual not feasible: -53.4155
dual not feasible: -51.5605
dual not feasible: -53.3852
dual not feasible: -51.875
dual not feasible: -54.0909
dual not feasible: -53.7893
dual not feasible: -53.7834
dual not feasible: -51.497
dual not feasible: -52.1374
dual not feasible: -51.3029
dual not feasible: -53.5322
dual not feasible: -51.1945
dual not feasible: -50.5993
dual not feasible: -50.3768
dual not feasible: -50.4298
dual not feasible: -49.5181
dual not feasible: -51.2203
dual not feasible: -51.4273
dual not feasible: -52.1386
dual not feasible: -54.3527
dual not feasible: -53.3966
dual not feasible: -50.2184
dual not feasible: -51.6951
dual not feasible: -51.7912
dual not feasible: -53.2937
dual not feasible: -51.4271
dual not feasible: -51.2523
dual not feasible: -51.003
dual not feasible: -55.0291
dual not feasible: -52.1888
dual not feasible: -51.8757
dual not feasible: -50.0115
dual not feasible: -51.3661
dual not feasible: -50.3435
dual not feasible: -53.6745
dual not feasible: -49.0857
dual not feasible: -51.0447
dual not feasible: -53.7986
dual not feasible: -51.0958
dual not feasible: -50.9531
dual not feasible: -48.6414
dual not feasible: -47.9064
dual not feasible: -53.1503
dual not feasible: -52.7115
dual not feasible: -48.6998
dual not feasible: -51.3742
dual not feasible: -50.4469
dual not feasible: -54.7979
dual not feasible: -51.1861
dual not feasible: -47.6412
dual not feasible: -48.6766
dual not feasible: -49.6651
dual not feasible: -49.5229
dual not feasible: -48.4248
dual not feasible: -49.3821
dual not feasible: -48.1209
dual not feasible: -49.8986
dual not feasible: -53.2895
dual not feasible: -52.788
dual not feasible: -51.9168
dual not feasible: -48.7573
dual not feasible: -51.8331
dual not feasible: -51.1264
dual not feasible: -47.8539
dual not feasible: -50.3147
dual not feasible: -51.6683
dual not feasible: -50.745
dual not feasible: -54.3302
dual not feasible: -49.6819
dual not feasible: -47.3148
dual not feasible: -50.1221
dual not feasible: -49.9101
dual not feasible: -51.8569
dual not feasible: -52.2614
dual not feasible: -50.4516
dual not feasible: -48.6579
dual not feasible: -49.1525
dual not feasible: -48.4818
dual not feasible: -48.1321
dual not feasible: -48.962
dual not feasible: -50.2959
dual not feasible: -50.0712
dual not feasible: -49.1897
dual not feasible: -49.4886
dual not feasible: -47.9671
dual not feasible: -49.8427
dual not feasible: -48.4607
dual not feasible: -50.072
dual not feasible: -49.4195
dual not feasible: -49.9308
dual not feasible: -48.359
dual not feasible: -48.4888
dual not feasible: -50.1204
dual not feasible: -47.8952
dual not feasible: -49.0902
dual not feasible: -47.1659
dual not feasible: -49.8161
dual not feasible: -49.8024
dual not feasible: -48.4333
dual not feasible: -49.0151
dual not feasible: -49.3942
dual not feasible: -50.2892
dual not feasible: -50.2263
dual not feasible: -48.891
dual not feasible: -47.4273
dual not feasible: -47.3646
dual not feasible: -49.814
dual not feasible: -50.4898
dual not feasible: -50.4089
dual not feasible: -50.3354
dual not feasible: -46.8263
dual not feasible: -49.0437
dual not feasible: -48.9618
dual not feasible: -46.5745
dual not feasible: -48.1324
dual not feasible: -48.9027
dual not feasible: -49.2262
dual not feasible: -49.001
dual not feasible: -51.7513
dual not feasible: -50.1966
dual not feasible: -47.6482
dual not feasible: -46.9868
dual not feasible: -47.7917
dual not feasible: -47.4939
dual not feasible: -48.7266
dual not feasible: -48.7983
dual not feasible: -49.0986
dual not feasible: -49.2671
dual not feasible: -47.3509
dual not feasible: -47.3391
dual not feasible: -46.7125
dual not feasible: -48.1783
dual not feasible: -48.3531
dual not feasible: -47.6182
dual not feasible: -49.8154
dual not feasible: -49.5778
dual not feasible: -49.7876
dual not feasible: -47.0816
dual not feasible: -48.7422
dual not feasible: -48.7192
dual not feasible: -50.1802
dual not feasible: -47.6347
dual not feasible: -46.6541
dual not feasible: -48.9558
dual not feasible: -48.2081
dual not feasible: -49.0175
dual not feasible: -48.2532
dual not feasible: -48.0443
dual not feasible: -49.2402
dual not feasible: -47.2969
dual not feasible: -46.4597
dual not feasible: -48.6419
dual not feasible: -48.0216
dual not feasible: -48.4104
dual not feasible: -48.5215
dual not feasible: -47.5479
dual not feasible: -47.9799
dual not feasible: -47.3464
dual not feasible: -49.7739
dual not feasible: -48.5305
dual not feasible: -49.9228
dual not feasible: -46.1758
dual not feasible: -47.2448
dual not feasible: -48.582
dual not feasible: -48.3545
dual not feasible: -47.6567
dual not feasible: -49.8177
dual not feasible: -48.6818
dual not feasible: -46.4208
dual not feasible: -48.0411
dual not feasible: -46.8641
dual not feasible: -48.1822
dual not feasible: -46.681
dual not feasible: -48.9459
dual not feasible: -48.0686
dual not feasible: -48.8994
dual not feasible: -47.8687
dual not feasible: -47.2
dual not feasible: -48.5703
dual not feasible: -46.1703
dual not feasible: -47.2019
dual not feasible: -47.431
dual not feasible: -46.2124
dual not feasible: -46.6155
dual not feasible: -49.3323
dual not feasible: -48.8978
dual not feasible: -47.6424
dual not feasible: -47.2263
dual not feasible: -47.6421
dual not feasible: -45.9852
dual not feasible: -48.7312
dual not feasible: -47.6289
dual not feasible: -46.4489
dual not feasible: -46.537
dual not feasible: -47.7818
dual not feasible: -50.597
dual not feasible: -48.0435
dual not feasible: -48.7045
dual not feasible: -46.3686
dual not feasible: -47.4511
dual not feasible: -47.2197
dual not feasible: -47.402
dual not feasible: -46.849
dual not feasible: -50.636
dual not feasible: -46.5082
dual not feasible: -45.9672
dual not feasible: -46.3245
dual not feasible: -46.4939
dual not feasible: -46.519
dual not feasible: -47.4317
dual not feasible: -47.2613
dual not feasible: -45.5049
dual not feasible: -47.8759
dual not feasible: -47.7605
dual not feasible: -46.7632
dual not feasible: -46.484
dual not feasible: -46.4347
dual not feasible: -46.8782
dual not feasible: -46.7422
dual not feasible: -46.2887
dual not feasible: -47.6421
dual not feasible: -46.84
dual not feasible: -46.9533
dual not feasible: -47.5942
dual not feasible: -48.3991
dual not feasible: -46.4876
dual not feasible: -46.2793
dual not feasible: -47.0001
dual not feasible: -46.8627
dual not feasible: -49.4486
dual not feasible: -46.0592
dual not feasible: -46.6718
dual not feasible: -47.0711
dual not feasible: -46.3213
dual not feasible: -46.2135
dual not feasible: -47.6537
dual not feasible: -45.7939
dual not feasible: -46.2956
dual not feasible: -45.9985
dual not feasible: -46.751
dual not feasible: -47.6018
dual not feasible: -45.976
dual not feasible: -46.9239
dual not feasible: -47.0314
dual not feasible: -47.2434
dual not feasible: -47.1923
dual not feasible: -47.4172
dual not feasible: -48.0855
dual not feasible: -46.516
dual not feasible: -45.7186
dual not feasible: -49.8013
dual not feasible: -47.4332
dual not feasible: -45.3091
dual not feasible: -47.7676
dual not feasible: -47.175
dual not feasible: -46.6169
dual not feasible: -47.8377
dual not feasible: -46.4236
dual not feasible: -45.4341
dual not feasible: -46.6289
dual not feasible: -46.9308
dual not feasible: -46.323
dual not feasible: -47.0364
dual not feasible: -46.5014
dual not feasible: -47.0225
dual not feasible: -47.9407
dual not feasible: -46.3441
dual not feasible: -46.2833
dual not feasible: -46.262
dual not feasible: -46.3722
dual not feasible: -46.5671
dual not feasible: -46.2892
dual not feasible: -46.8063
dual not feasible: -46.4505
dual not feasible: -47.3865
dual not feasible: -46.4882
dual not feasible: -47.9597
dual not feasible: -45.9075
dual not feasible: -47.3374
dual not feasible: -46.9771
dual not feasible: -45.8532
dual not feasible: -46.1507
dual not feasible: -46.6744
dual not feasible: -45.8024
dual not feasible: -46.4446
dual not feasible: -46.074
dual not feasible: -46.1597
dual not feasible: -45.2483
dual not feasible: -45.4164
dual not feasible: -46.8561
dual not feasible: -46.7634
dual not feasible: -46.9269
dual not feasible: -46.9744
dual not feasible: -46.5152
dual not feasible: -45.6325
dual not feasible: -47.771
dual not feasible: -46.9215
dual not feasible: -46.0855
dual not feasible: -46.49
dual not feasible: -45.6329
dual not feasible: -46.8682
dual not feasible: -47.2334
dual not feasible: -46.7277
dual not feasible: -45.6318
dual not feasible: -45.7069
dual not feasible: -45.9167
dual not feasible: -47.2242
dual not feasible: -45.3797
dual not feasible: -45.1744
dual not feasible: -45.4443
dual not feasible: -46.4294
dual not feasible: -47.3792
dual not feasible: -45.4698
dual not feasible: -45.9823
dual not feasible: -46.1081
dual not feasible: -44.8086
STATS - lpIterations[77] lagIterations[20826] sspIterations[20826] numSeparations[20649] numCuts[0] compileTime[0] sspSolveTime[1181] lpSolveTime[0] lb[648.535] ub[771.79] size: [32859] time: [2116]
dual not feasible: -46.7583
dual not feasible: -46.8056
dual not feasible: -45.9591
dual not feasible: -46.334
dual not feasible: -46.5101
dual not feasible: -46.43
dual not feasible: -45.5121
dual not feasible: -47.4757
dual not feasible: -46.2206
dual not feasible: -46.7014
dual not feasible: -45.7447
dual not feasible: -45.4853
dual not feasible: -46.7336
dual not feasible: -45.5652
dual not feasible: -45.7569
dual not feasible: -47.1277
dual not feasible: -46.691
dual not feasible: -45.521
dual not feasible: -48.6214
dual not feasible: -46.237
dual not feasible: -45.3598
dual not feasible: -45.5572
dual not feasible: -46.4301
dual not feasible: -45.5155
dual not feasible: -46.4449
dual not feasible: -46.2401
dual not feasible: -45.3373
dual not feasible: -46.5369
dual not feasible: -46.6988
dual not feasible: -46.3648
dual not feasible: -46.8265
dual not feasible: -46.6402
dual not feasible: -44.8974
dual not feasible: -45.0241
dual not feasible: -46.2913
dual not feasible: -45.0977
dual not feasible: -45.6537
dual not feasible: -45.1821
STATS - lpIterations[78] lagIterations[20864] sspIterations[20864] numSeparations[20687] numCuts[0] compileTime[0] sspSolveTime[1185] lpSolveTime[0] lb[648.535] ub[771.79] size: [32904] time: [2123]
dual not feasible: -46.1858
dual not feasible: -59.7053
dual not feasible: -64.3175
dual not feasible: -66.7964
dual not feasible: -63.3131
dual not feasible: -70.8412
dual not feasible: -70.5502
dual not feasible: -69.2553
dual not feasible: -80.498
dual not feasible: -63.0434
dual not feasible: -58.3997
dual not feasible: -58.6184
dual not feasible: -57.3793
dual not feasible: -69.7861
dual not feasible: -66.3271
dual not feasible: -65.9384
dual not feasible: -58.9639
dual not feasible: -63.0344
dual not feasible: -65.8847
dual not feasible: -66.2098
dual not feasible: -62.1513
dual not feasible: -63.9026
dual not feasible: -67.8535
dual not feasible: -59.7474
dual not feasible: -60.3907
dual not feasible: -63.3256
dual not feasible: -64.3616
dual not feasible: -64.0362
dual not feasible: -63.9073
dual not feasible: -60.1383
dual not feasible: -59.5695
dual not feasible: -59.4487
dual not feasible: -64.2233
dual not feasible: -60.1821
dual not feasible: -58.8631
dual not feasible: -63.9197
dual not feasible: -62.1349
dual not feasible: -61.4276
dual not feasible: -61.5092
dual not feasible: -59.1879
dual not feasible: -62.7341
dual not feasible: -61.0719
dual not feasible: -55.803
dual not feasible: -61.5069
dual not feasible: -56.5307
dual not feasible: -60.6849
dual not feasible: -59.2723
dual not feasible: -56.3669
dual not feasible: -58.2875
dual not feasible: -55.5801
dual not feasible: -59.4905
dual not feasible: -57.5801
dual not feasible: -59.0889
dual not feasible: -55.7362
dual not feasible: -57.0162
dual not feasible: -60.7415
dual not feasible: -57.6723
dual not feasible: -60.5063
dual not feasible: -57.3855
dual not feasible: -60.1988
dual not feasible: -58.3862
dual not feasible: -55.573
dual not feasible: -55.8239
dual not feasible: -62.0458
dual not feasible: -61.7482
dual not feasible: -61.8847
dual not feasible: -57.0258
dual not feasible: -54.6181
dual not feasible: -55.7629
dual not feasible: -59.488
dual not feasible: -54.5394
dual not feasible: -54.5354
dual not feasible: -56.6651
dual not feasible: -59.442
dual not feasible: -56.7091
dual not feasible: -53.2374
dual not feasible: -54.1816
dual not feasible: -53.4937
dual not feasible: -56.2833
dual not feasible: -55.4673
dual not feasible: -54.7266
dual not feasible: -61.2301
dual not feasible: -60.3963
dual not feasible: -58.0981
dual not feasible: -55.7263
dual not feasible: -55.3407
dual not feasible: -50.2857
dual not feasible: -56.9677
dual not feasible: -53.6068
dual not feasible: -55.6798
dual not feasible: -54.4211
dual not feasible: -54.3029
dual not feasible: -64.3672
dual not feasible: -62.0066
dual not feasible: -58.328
dual not feasible: -54.2978
dual not feasible: -54.8509
dual not feasible: -55.6558
dual not feasible: -51.9163
dual not feasible: -52.9548
dual not feasible: -57.8527
dual not feasible: -54.2816
STATS - lpIterations[79] lagIterations[20966] sspIterations[20966] numSeparations[20788] numCuts[0] compileTime[0] sspSolveTime[1195] lpSolveTime[0] lb[648.535] ub[771.79] size: [33020] time: [2141]
dual not feasible: -55.1553
dual not feasible: -58.4854
dual not feasible: -56.245
dual not feasible: -60.782
dual not feasible: -58.3276
dual not feasible: -62.7292
dual not feasible: -63.8132
dual not feasible: -67.3119
dual not feasible: -69.6798
dual not feasible: -62.9688
dual not feasible: -65.8596
dual not feasible: -61.928
dual not feasible: -67.6687
dual not feasible: -61.1696
dual not feasible: -59.5501
dual not feasible: -62.1984
dual not feasible: -64.6551
dual not feasible: -74.8118
dual not feasible: -67.4659
dual not feasible: -67.6827
dual not feasible: -65.2491
dual not feasible: -60.7187
dual not feasible: -66.127
dual not feasible: -66.1691
dual not feasible: -59.2802
dual not feasible: -57.8252
dual not feasible: -64.5753
dual not feasible: -62.6965
dual not feasible: -61.7768
dual not feasible: -58.6641
dual not feasible: -61.4601
dual not feasible: -64.2341
dual not feasible: -64.4996
dual not feasible: -58.2999
dual not feasible: -61.5683
dual not feasible: -59.165
dual not feasible: -67.2566
dual not feasible: -56.9052
dual not feasible: -58.9716
dual not feasible: -63.1273
dual not feasible: -61.5335
dual not feasible: -66.9105
dual not feasible: -59.9994
dual not feasible: -60.8303
dual not feasible: -58.5327
dual not feasible: -62.0257
dual not feasible: -62.703
dual not feasible: -59.2939
dual not feasible: -60.7706
dual not feasible: -61.0068
dual not feasible: -60.8521
dual not feasible: -53.4303
dual not feasible: -63.5644
dual not feasible: -61.3139
dual not feasible: -57.0921
dual not feasible: -59.9735
dual not feasible: -60.7772
dual not feasible: -65.761
dual not feasible: -60.6234
dual not feasible: -57.6893
dual not feasible: -59.1655
dual not feasible: -51.8646
dual not feasible: -54.5987
dual not feasible: -56.1042
dual not feasible: -57.4649
dual not feasible: -57.8091
dual not feasible: -58.3811
dual not feasible: -60.6301
dual not feasible: -58.277
dual not feasible: -55.1209
dual not feasible: -57.4468
dual not feasible: -55.4604
dual not feasible: -57.783
dual not feasible: -54.7759
dual not feasible: -57.5021
dual not feasible: -60.1517
dual not feasible: -55.1727
dual not feasible: -55.047
dual not feasible: -52.6186
dual not feasible: -53.737
dual not feasible: -55.6711
dual not feasible: -52.5354
dual not feasible: -54.941
dual not feasible: -61.4088
dual not feasible: -56.4836
dual not feasible: -56.2492
dual not feasible: -60.2139
dual not feasible: -56.3621
dual not feasible: -54.7996
dual not feasible: -54.3783
dual not feasible: -56.8894
dual not feasible: -50.7051
dual not feasible: -53.0147
dual not feasible: -52.6405
dual not feasible: -57.8244
dual not feasible: -59.2193
dual not feasible: -52.7261
dual not feasible: -51.4341
dual not feasible: -52.0177
dual not feasible: -54.7646
dual not feasible: -53.6112
dual not feasible: -52.0853
dual not feasible: -54.9632
dual not feasible: -56.4076
dual not feasible: -59.7899
dual not feasible: -54.2216
dual not feasible: -54.6992
dual not feasible: -54.4142
dual not feasible: -52.6687
dual not feasible: -54.8284
dual not feasible: -58.1401
dual not feasible: -51.9768
dual not feasible: -52.8811
dual not feasible: -51.8629
dual not feasible: -53.662
dual not feasible: -50.6189
dual not feasible: -50.2581
dual not feasible: -52.607
dual not feasible: -53.9921
dual not feasible: -55.3594
dual not feasible: -50.3949
dual not feasible: -50.694
dual not feasible: -56.3528
dual not feasible: -52.5808
dual not feasible: -51.8321
dual not feasible: -50.2087
dual not feasible: -51.7133
dual not feasible: -53.2324
dual not feasible: -56.0893
dual not feasible: -52.3069
dual not feasible: -53.1951
dual not feasible: -53.98
dual not feasible: -52.527
dual not feasible: -51.3698
dual not feasible: -51.0343
dual not feasible: -49.4648
dual not feasible: -51.5868
dual not feasible: -50.2221
dual not feasible: -49.8796
dual not feasible: -56.1653
dual not feasible: -52.6734
dual not feasible: -54.1019
dual not feasible: -52.1315
dual not feasible: -51.627
dual not feasible: -49.7878
dual not feasible: -54.1554
dual not feasible: -50.2069
dual not feasible: -51.1919
dual not feasible: -52.4591
dual not feasible: -55.9248
dual not feasible: -52.7077
dual not feasible: -49.9938
dual not feasible: -50.0664
dual not feasible: -51.7541
dual not feasible: -51.1212
dual not feasible: -51.5685
dual not feasible: -53.5132
dual not feasible: -52.7997
dual not feasible: -55.0516
dual not feasible: -50.2233
dual not feasible: -50.7314
dual not feasible: -49.6128
dual not feasible: -51.5557
dual not feasible: -52.2239
dual not feasible: -51.8844
dual not feasible: -50.5379
dual not feasible: -50.0012
dual not feasible: -50.6134
dual not feasible: -51.9687
dual not feasible: -48.1559
dual not feasible: -49.8362
dual not feasible: -49.6721
dual not feasible: -52.766
dual not feasible: -49.3921
dual not feasible: -51.5537
dual not feasible: -51.6821
dual not feasible: -50.9759
dual not feasible: -51.5505
dual not feasible: -48.0962
dual not feasible: -50.2652
dual not feasible: -49.6467
dual not feasible: -52.9948
dual not feasible: -49.6951
dual not feasible: -50.0181
dual not feasible: -51.861
dual not feasible: -51.5227
dual not feasible: -55.2659
dual not feasible: -49.6305
dual not feasible: -50.6262
dual not feasible: -49.4021
dual not feasible: -49.8774
dual not feasible: -51.2455
dual not feasible: -48.7207
dual not feasible: -49.7939
dual not feasible: -52.2846
dual not feasible: -50.095
dual not feasible: -48.4486
dual not feasible: -47.8781
dual not feasible: -49.2413
dual not feasible: -49.7879
dual not feasible: -51.5522
dual not feasible: -52.0659
dual not feasible: -50.4642
dual not feasible: -49.4119
dual not feasible: -51.0939
dual not feasible: -51.3715
dual not feasible: -49.0008
dual not feasible: -48.2762
dual not feasible: -48.6593
dual not feasible: -48.8728
dual not feasible: -49.4553
dual not feasible: -49.1944
dual not feasible: -47.5092
dual not feasible: -50.3292
dual not feasible: -50.1198
dual not feasible: -48.8204
dual not feasible: -48.9417
dual not feasible: -48.8899
dual not feasible: -47.1198
dual not feasible: -49.8828
dual not feasible: -51.5975
dual not feasible: -48.8074
dual not feasible: -48.9864
dual not feasible: -48.9522
dual not feasible: -53.9806
dual not feasible: -49.1124
dual not feasible: -48.0324
dual not feasible: -48.9879
dual not feasible: -48.3886
dual not feasible: -50.0422
dual not feasible: -48.6357
dual not feasible: -46.7463
dual not feasible: -48.2481
dual not feasible: -49.8311
dual not feasible: -49.2333
dual not feasible: -49.3351
dual not feasible: -49.3813
dual not feasible: -50.1719
dual not feasible: -48.4416
dual not feasible: -51.458
dual not feasible: -47.02
dual not feasible: -47.1862
dual not feasible: -51.8429
dual not feasible: -50.887
dual not feasible: -51.059
dual not feasible: -48.4887
dual not feasible: -47.4699
dual not feasible: -47.8583
dual not feasible: -48.6736
dual not feasible: -46.8621
dual not feasible: -49.652
dual not feasible: -47.9695
dual not feasible: -49.2788
dual not feasible: -49.2948
dual not feasible: -49.2417
dual not feasible: -48.3803
dual not feasible: -47.7014
dual not feasible: -48.8364
dual not feasible: -48.7671
dual not feasible: -49.7211
dual not feasible: -49.6861
dual not feasible: -49.563
dual not feasible: -47.9219
dual not feasible: -47.8824
dual not feasible: -49.1673
dual not feasible: -47.9716
dual not feasible: -48.5488
dual not feasible: -48.5556
dual not feasible: -48.6139
dual not feasible: -49.2809
dual not feasible: -52.2717
dual not feasible: -46.893
dual not feasible: -50.873
dual not feasible: -49.4711
dual not feasible: -49.7754
dual not feasible: -50.3777
dual not feasible: -47.3923
dual not feasible: -46.0357
dual not feasible: -47.7933
dual not feasible: -50.599
dual not feasible: -47.3388
dual not feasible: -46.5836
dual not feasible: -47.3404
dual not feasible: -49.8166
dual not feasible: -48.8035
dual not feasible: -50.5536
dual not feasible: -46.7776
dual not feasible: -47.7652
dual not feasible: -48.4806
dual not feasible: -48.9608
dual not feasible: -48.2417
dual not feasible: -49.4373
dual not feasible: -47.3161
dual not feasible: -46.111
dual not feasible: -46.0889
dual not feasible: -47.3649
dual not feasible: -47.7445
dual not feasible: -48.593
dual not feasible: -47.3593
dual not feasible: -47.3483
dual not feasible: -50.712
dual not feasible: -47.0688
dual not feasible: -46.9558
dual not feasible: -47.816
dual not feasible: -47.4125
dual not feasible: -48.1049
dual not feasible: -47.5818
dual not feasible: -49.4106
dual not feasible: -45.8723
dual not feasible: -49.2163
dual not feasible: -48.9841
dual not feasible: -49.2452
dual not feasible: -48.2639
dual not feasible: -48.3725
dual not feasible: -47.0866
dual not feasible: -49.7731
dual not feasible: -47.2927
dual not feasible: -49.5086
dual not feasible: -47.2525
dual not feasible: -46.14
dual not feasible: -47.698
dual not feasible: -49.2899
dual not feasible: -48.7974
dual not feasible: -46.9136
dual not feasible: -48.1232
dual not feasible: -47.8193
dual not feasible: -52.6089
dual not feasible: -48.2456
dual not feasible: -47.3812
dual not feasible: -47.0103
dual not feasible: -46.8198
dual not feasible: -46.4684
dual not feasible: -47.2197
dual not feasible: -46.6468
dual not feasible: -50.3593
dual not feasible: -47.5713
dual not feasible: -47.1936
dual not feasible: -46.9671
dual not feasible: -48.0869
dual not feasible: -47.8913
dual not feasible: -46.9853
dual not feasible: -47.4029
dual not feasible: -46.4183
dual not feasible: -47.8695
dual not feasible: -47.9211
dual not feasible: -48.4109
dual not feasible: -48.1147
dual not feasible: -45.3581
dual not feasible: -46.0017
dual not feasible: -45.8467
dual not feasible: -48.5296
dual not feasible: -47.2287
dual not feasible: -45.8348
dual not feasible: -46.9014
dual not feasible: -50.7835
dual not feasible: -46.5146
dual not feasible: -47.5842
dual not feasible: -48.0159
dual not feasible: -45.8222
dual not feasible: -45.9502
dual not feasible: -48.8097
dual not feasible: -47.806
dual not feasible: -47.1457
dual not feasible: -48.1398
dual not feasible: -47.3452
dual not feasible: -48.1368
dual not feasible: -46.5262
dual not feasible: -45.9721
dual not feasible: -47.7077
dual not feasible: -46.4209
dual not feasible: -47.2553
dual not feasible: -46.8517
dual not feasible: -46.6737
dual not feasible: -45.771
dual not feasible: -50.9299
dual not feasible: -47.4954
dual not feasible: -50.1703
dual not feasible: -46.4893
dual not feasible: -46.3435
dual not feasible: -46.9936
dual not feasible: -48.3717
dual not feasible: -48.3477
dual not feasible: -46.6094
dual not feasible: -47.4401
dual not feasible: -46.4343
dual not feasible: -47.1596
dual not feasible: -47.255
dual not feasible: -46.2536
dual not feasible: -46.5164
dual not feasible: -46.1402
dual not feasible: -47.0915
dual not feasible: -45.5954
dual not feasible: -46.6972
dual not feasible: -47.5551
dual not feasible: -46.8456
dual not feasible: -46.5826
dual not feasible: -47.5083
dual not feasible: -44.7921
STATS - lpIterations[79] lagIterations[21364] sspIterations[21364] numSeparations[21185] numCuts[0] compileTime[0] sspSolveTime[1237] lpSolveTime[0] lb[648.663] ub[771.79] size: [33488] time: [2215]
dual not feasible: -45.1712
dual not feasible: -46.9071
dual not feasible: -46.8737
dual not feasible: -45.9145
dual not feasible: -46.1981
dual not feasible: -46.3042
dual not feasible: -46.2797
dual not feasible: -47.6172
dual not feasible: -47.8876
dual not feasible: -45.2254
dual not feasible: -46.0579
dual not feasible: -45.9162
dual not feasible: -46.7413
dual not feasible: -47.9812
dual not feasible: -46.2168
dual not feasible: -46.5714
dual not feasible: -45.5309
dual not feasible: -48.4926
dual not feasible: -46.2104
dual not feasible: -46.692
dual not feasible: -46.3072
dual not feasible: -45.4255
dual not feasible: -46.506
dual not feasible: -46.1111
dual not feasible: -49.7452
dual not feasible: -46.2127
dual not feasible: -46.7833
dual not feasible: -46.4345
dual not feasible: -46.8356
dual not feasible: -46.3986
dual not feasible: -48.5128
dual not feasible: -45.2255
dual not feasible: -47.4328
dual not feasible: -46.4949
dual not feasible: -46.4615
dual not feasible: -46.606
dual not feasible: -47.1492
dual not feasible: -44.9597
dual not feasible: -47.2485
dual not feasible: -46.3752
dual not feasible: -45.1738
dual not feasible: -47.8877
dual not feasible: -46.9881
dual not feasible: -46.3274
dual not feasible: -45.1592
dual not feasible: -45.5246
dual not feasible: -45.3862
dual not feasible: -45.9955
dual not feasible: -46.4441
dual not feasible: -47.2691
dual not feasible: -46.8945
STATS - lpIterations[80] lagIterations[21415] sspIterations[21415] numSeparations[21236] numCuts[0] compileTime[0] sspSolveTime[1243] lpSolveTime[0] lb[648.663] ub[771.79] size: [33542] time: [2225]
dual not feasible: -46.7041
dual not feasible: -59.2869
dual not feasible: -61.7747
dual not feasible: -68.5033
dual not feasible: -67.0083
dual not feasible: -66.8284
dual not feasible: -67.5579
dual not feasible: -73.28
dual not feasible: -73.5796
dual not feasible: -59.5796
dual not feasible: -64.569
dual not feasible: -62.9929
dual not feasible: -63.1499
dual not feasible: -62.5133
dual not feasible: -60.2203
dual not feasible: -68.6926
dual not feasible: -63.7922
dual not feasible: -61.8896
dual not feasible: -61.7866
dual not feasible: -63.9144
dual not feasible: -73.7267
dual not feasible: -73.5299
dual not feasible: -60.7181
dual not feasible: -56.9332
dual not feasible: -63.646
dual not feasible: -62.6129
dual not feasible: -60.5968
dual not feasible: -60.1166
dual not feasible: -69.9287
dual not feasible: -64.7969
dual not feasible: -70.954
dual not feasible: -61.4999
dual not feasible: -62.5571
dual not feasible: -62.5255
dual not feasible: -62.3266
dual not feasible: -55.9845
dual not feasible: -57.5461
dual not feasible: -57.9564
dual not feasible: -60.5632
dual not feasible: -60.6327
dual not feasible: -61.5491
dual not feasible: -58.5589
dual not feasible: -63.9792
dual not feasible: -58.6097
dual not feasible: -64.431
dual not feasible: -63.1509
dual not feasible: -59.5429
dual not feasible: -54.8502
dual not feasible: -62.3354
dual not feasible: -60.1704
dual not feasible: -56.336
dual not feasible: -57.3779
dual not feasible: -59.9495
dual not feasible: -58.888
dual not feasible: -60.52
dual not feasible: -62.4731
dual not feasible: -52.6731
dual not feasible: -56.5087
dual not feasible: -57.7049
dual not feasible: -56.0606
dual not feasible: -57.4062
dual not feasible: -58.4033
dual not feasible: -58.6116
dual not feasible: -56.0338
dual not feasible: -60.6048
dual not feasible: -60.1952
dual not feasible: -57.264
dual not feasible: -57.2245
dual not feasible: -56.777
dual not feasible: -55.6464
dual not feasible: -55.965
dual not feasible: -59.5911
dual not feasible: -60.8373
dual not feasible: -61.3578
dual not feasible: -55.962
dual not feasible: -58.9097
dual not feasible: -60.3521
dual not feasible: -52.8124
dual not feasible: -52.9747
dual not feasible: -55.1349
dual not feasible: -53.9393
dual not feasible: -55.0654
dual not feasible: -59.0523
dual not feasible: -59.6279
dual not feasible: -56.8392
dual not feasible: -54.5594
dual not feasible: -53.2788
dual not feasible: -61.9643
dual not feasible: -50.3999
dual not feasible: -55.2209
dual not feasible: -53.601
dual not feasible: -58.2196
dual not feasible: -57.3246
dual not feasible: -57.5347
dual not feasible: -53.5642
dual not feasible: -53.7654
dual not feasible: -59.6521
dual not feasible: -56.176
dual not feasible: -51.9372
dual not feasible: -55.1827
dual not feasible: -52.8596
dual not feasible: -53.7523
STATS - lpIterations[81] lagIterations[21517] sspIterations[21517] numSeparations[21337] numCuts[0] compileTime[0] sspSolveTime[1254] lpSolveTime[0] lb[648.663] ub[771.79] size: [33663] time: [2244]
dual not feasible: -52.545
dual not feasible: -58.6983
dual not feasible: -65.6617
dual not feasible: -64.2691
dual not feasible: -63.8459
dual not feasible: -68.6208
dual not feasible: -69.4629
dual not feasible: -71.126
dual not feasible: -72.7285
dual not feasible: -60.6347
dual not feasible: -58.2616
dual not feasible: -66.0124
dual not feasible: -63.284
dual not feasible: -69.1298
dual not feasible: -66.9506
dual not feasible: -62.1724
dual not feasible: -59.8176
dual not feasible: -64.1577
dual not feasible: -58.3724
dual not feasible: -66.7102
dual not feasible: -65.0735
dual not feasible: -66.8353
dual not feasible: -68.3883
dual not feasible: -60.8401
dual not feasible: -63.9144
dual not feasible: -69.4584
dual not feasible: -57.0319
dual not feasible: -63.3643
dual not feasible: -62.1017
dual not feasible: -65.6598
dual not feasible: -61.8112
dual not feasible: -58.5794
dual not feasible: -62.3673
dual not feasible: -58.2436
dual not feasible: -60.3843
dual not feasible: -56.4839
dual not feasible: -56.6077
dual not feasible: -56.004
dual not feasible: -58.9032
dual not feasible: -57.6456
dual not feasible: -58.2325
dual not feasible: -58.4527
dual not feasible: -66.3985
dual not feasible: -55.5963
dual not feasible: -61.1716
dual not feasible: -60.4396
dual not feasible: -64.7682
dual not feasible: -63.2879
dual not feasible: -58.3498
dual not feasible: -58.4296
dual not feasible: -61.2926
dual not feasible: -59.8841
dual not feasible: -57.7048
dual not feasible: -54.2056
dual not feasible: -58.4073
dual not feasible: -58.0657
dual not feasible: -57.3536
dual not feasible: -62.8628
dual not feasible: -52.5373
dual not feasible: -58.514
dual not feasible: -62.3872
dual not feasible: -60.371
dual not feasible: -59.1032
dual not feasible: -57.0528
dual not feasible: -58.8869
dual not feasible: -61.3459
dual not feasible: -59.6502
dual not feasible: -57.3172
dual not feasible: -54.7999
dual not feasible: -53.905
dual not feasible: -55.5025
dual not feasible: -52.7325
dual not feasible: -59.5521
dual not feasible: -62.1042
dual not feasible: -55.0061
dual not feasible: -56.8196
dual not feasible: -61.4658
dual not feasible: -65.7991
dual not feasible: -63.687
dual not feasible: -53.9113
dual not feasible: -52.565
dual not feasible: -58.5708
dual not feasible: -58.3494
dual not feasible: -54.1655
dual not feasible: -55.394
dual not feasible: -56.1595
dual not feasible: -56.2606
dual not feasible: -58.1309
dual not feasible: -54.2097
dual not feasible: -51.9292
dual not feasible: -58.3943
dual not feasible: -56.1033
dual not feasible: -53.7085
dual not feasible: -55.9574
dual not feasible: -54.5639
dual not feasible: -60.4043
dual not feasible: -57.9422
dual not feasible: -52.2941
dual not feasible: -50.505
dual not feasible: -52.1502
dual not feasible: -54.5991
dual not feasible: -52.5096
dual not feasible: -51.1832
dual not feasible: -53.1568
dual not feasible: -56.465
dual not feasible: -54.3928
dual not feasible: -51.0945
dual not feasible: -52.7796
dual not feasible: -52.0492
dual not feasible: -60.7266
dual not feasible: -57.0221
dual not feasible: -56.9479
dual not feasible: -51.8557
dual not feasible: -54.4678
dual not feasible: -55.055
dual not feasible: -56.0872
dual not feasible: -51.2034
dual not feasible: -52.3695
dual not feasible: -55.2006
dual not feasible: -55.0446
dual not feasible: -55.0318
dual not feasible: -55.6385
dual not feasible: -51.4891
dual not feasible: -49.676
dual not feasible: -53.5359
dual not feasible: -50.9064
dual not feasible: -52.241
dual not feasible: -59.1794
dual not feasible: -51.0861
dual not feasible: -53.3822
dual not feasible: -51.7441
dual not feasible: -51.0613
dual not feasible: -53.1042
dual not feasible: -53.6061
dual not feasible: -50.9692
dual not feasible: -56.1037
dual not feasible: -58.2652
dual not feasible: -52.8996
dual not feasible: -49.8961
dual not feasible: -56.4249
dual not feasible: -51.8927
dual not feasible: -50.8593
dual not feasible: -51.3778
dual not feasible: -52.7549
dual not feasible: -53.1216
dual not feasible: -54.3948
dual not feasible: -50.5988
dual not feasible: -51.7363
dual not feasible: -51.0527
dual not feasible: -51.6293
dual not feasible: -53.6803
dual not feasible: -50.5726
dual not feasible: -50.4142
dual not feasible: -54.4882
dual not feasible: -52.3553
dual not feasible: -53.1793
dual not feasible: -50.7323
dual not feasible: -50.8409
dual not feasible: -54.0619
dual not feasible: -53.1026
dual not feasible: -49.0327
dual not feasible: -53.5631
dual not feasible: -51.291
dual not feasible: -54.2573
dual not feasible: -51.2586
dual not feasible: -51.7678
dual not feasible: -51.28
dual not feasible: -53.8172
dual not feasible: -52.8874
dual not feasible: -49.037
dual not feasible: -50.9742
dual not feasible: -49.7857
dual not feasible: -51.7657
dual not feasible: -51.7522
dual not feasible: -50.2983
dual not feasible: -48.9699
dual not feasible: -49.8872
dual not feasible: -52.05
dual not feasible: -50.762
dual not feasible: -52.5655
dual not feasible: -48.9712
dual not feasible: -49.0298
dual not feasible: -51.9448
dual not feasible: -51.406
dual not feasible: -51.9433
dual not feasible: -52.409
dual not feasible: -48.0759
dual not feasible: -51.7035
dual not feasible: -50.6297
dual not feasible: -48.3167
dual not feasible: -48.7374
dual not feasible: -51.3882
dual not feasible: -52.645
dual not feasible: -51.6761
dual not feasible: -52.6998
dual not feasible: -49.0578
dual not feasible: -50.4129
dual not feasible: -51.0102
dual not feasible: -48.058
dual not feasible: -50.9977
dual not feasible: -51.1567
dual not feasible: -52.5842
dual not feasible: -50.6864
dual not feasible: -49.1882
dual not feasible: -49.4628
dual not feasible: -50.2141
dual not feasible: -49.2878
dual not feasible: -50.6052
dual not feasible: -50.9226
dual not feasible: -48.6551
dual not feasible: -53.4928
dual not feasible: -50.5679
dual not feasible: -50.3461
dual not feasible: -50.7259
dual not feasible: -49.1508
dual not feasible: -48.5569
dual not feasible: -49.577
dual not feasible: -47.5349
dual not feasible: -52.2371
dual not feasible: -50.3733
dual not feasible: -51.8531
dual not feasible: -49.7426
dual not feasible: -50.022
dual not feasible: -48.9499
dual not feasible: -49.3604
dual not feasible: -46.7051
dual not feasible: -47.9793
dual not feasible: -47.7006
dual not feasible: -52.7793
dual not feasible: -49.9592
dual not feasible: -48.3862
dual not feasible: -50.0348
dual not feasible: -50.1968
dual not feasible: -49.4607
dual not feasible: -49.9129
dual not feasible: -49.7213
dual not feasible: -50.557
dual not feasible: -49.5108
dual not feasible: -54.838
dual not feasible: -48.5811
dual not feasible: -49.8606
dual not feasible: -47.991
dual not feasible: -47.9431
dual not feasible: -48.3251
dual not feasible: -49.6708
dual not feasible: -47.3919
dual not feasible: -49.2253
dual not feasible: -49.2998
dual not feasible: -52.0276
dual not feasible: -50.6432
dual not feasible: -48.303
dual not feasible: -47.8518
dual not feasible: -48.1731
dual not feasible: -48.5601
dual not feasible: -49.2475
dual not feasible: -48.7811
dual not feasible: -50.691
dual not feasible: -48.7655
dual not feasible: -52.3825
dual not feasible: -50.3351
dual not feasible: -49.2754
dual not feasible: -47.8722
dual not feasible: -47.6617
dual not feasible: -48.0099
dual not feasible: -51.135
dual not feasible: -49.2318
dual not feasible: -48.3782
dual not feasible: -52.3483
dual not feasible: -49.9101
dual not feasible: -48.7855
dual not feasible: -47.0886
dual not feasible: -46.614
dual not feasible: -50.4795
dual not feasible: -48.0327
dual not feasible: -48.2053
dual not feasible: -48.7355
dual not feasible: -48.8645
dual not feasible: -48.1391
dual not feasible: -48.841
dual not feasible: -46.944
dual not feasible: -48.8925
dual not feasible: -47.706
dual not feasible: -48.8847
dual not feasible: -49.0805
dual not feasible: -48.6613
dual not feasible: -47.116
dual not feasible: -50.9134
dual not feasible: -50.2187
dual not feasible: -50.986
dual not feasible: -48.3644
dual not feasible: -47.0415
dual not feasible: -48.6048
dual not feasible: -47.8872
dual not feasible: -50.0467
dual not feasible: -47.2568
dual not feasible: -50.2808
dual not feasible: -49.8287
dual not feasible: -48.7239
dual not feasible: -48.647
dual not feasible: -46.9281
dual not feasible: -46.9553
dual not feasible: -47.1458
dual not feasible: -47.4666
dual not feasible: -50.4748
dual not feasible: -49.0211
dual not feasible: -48.7262
dual not feasible: -48.4278
dual not feasible: -47.3255
dual not feasible: -47.5493
dual not feasible: -47.3267
dual not feasible: -46.9605
dual not feasible: -46.8656
dual not feasible: -46.5959
dual not feasible: -48.1789
dual not feasible: -47.8647
dual not feasible: -49.094
dual not feasible: -48.5722
dual not feasible: -46.4334
dual not feasible: -47.1224
dual not feasible: -46.6225
dual not feasible: -47.0324
dual not feasible: -47.7291
dual not feasible: -48.2656
dual not feasible: -47.1628
dual not feasible: -48.6075
dual not feasible: -48.0028
dual not feasible: -46.6719
STATS - lpIterations[82] lagIterations[21844] sspIterations[21844] numSeparations[21663] numCuts[0] compileTime[0] sspSolveTime[1289] lpSolveTime[0] lb[648.663] ub[771.79] size: [34036] time: [2306]
dual not feasible: -47.0192
dual not feasible: -54.5911
dual not feasible: -54.9051
dual not feasible: -58.6261
dual not feasible: -74.618
dual not feasible: -77.7501
dual not feasible: -64.6367
dual not feasible: -65.6898
dual not feasible: -76.3588
dual not feasible: -67.3893
dual not feasible: -71.8776
dual not feasible: -66.2661
dual not feasible: -62.4132
dual not feasible: -64.9164
dual not feasible: -59.9985
dual not feasible: -60.4688
dual not feasible: -62.3272
dual not feasible: -63.7521
dual not feasible: -62.5212
dual not feasible: -62.7454
dual not feasible: -64.1533
dual not feasible: -61.7019
dual not feasible: -57.8463
dual not feasible: -59.5395
dual not feasible: -64.3337
dual not feasible: -58.8336
dual not feasible: -64.4435
dual not feasible: -63.3096
dual not feasible: -59.6573
dual not feasible: -60.1753
dual not feasible: -62.091
dual not feasible: -62.6813
dual not feasible: -57.9074
dual not feasible: -69.308
dual not feasible: -61.6344
dual not feasible: -69.2433
dual not feasible: -63.935
dual not feasible: -60.6792
dual not feasible: -61.4914
dual not feasible: -62.989
dual not feasible: -58.5017
dual not feasible: -56.006
dual not feasible: -60.1046
dual not feasible: -61.0883
dual not feasible: -57.5544
dual not feasible: -66.7243
dual not feasible: -61.0931
dual not feasible: -62.2512
dual not feasible: -67.3171
dual not feasible: -65.7438
dual not feasible: -56.869
dual not feasible: -59.6281
dual not feasible: -58.1347
dual not feasible: -57.7096
dual not feasible: -56.2154
dual not feasible: -55.7158
dual not feasible: -57.3194
dual not feasible: -59.7686
dual not feasible: -62.325
dual not feasible: -58.3619
dual not feasible: -56.3816
dual not feasible: -57.1478
dual not feasible: -56.4497
dual not feasible: -58.6614
dual not feasible: -59.7511
dual not feasible: -52.1734
dual not feasible: -53.6228
dual not feasible: -56.6725
dual not feasible: -59.1975
dual not feasible: -58.1128
dual not feasible: -56.8766
dual not feasible: -59.0311
dual not feasible: -57.2782
dual not feasible: -57.2296
dual not feasible: -58.7333
dual not feasible: -59.242
dual not feasible: -55.6557
dual not feasible: -53.7445
dual not feasible: -56.0024
dual not feasible: -57.4245
dual not feasible: -57.0902
dual not feasible: -58.7389
dual not feasible: -53.8549
dual not feasible: -56.4525
dual not feasible: -56.6725
dual not feasible: -53.3681
dual not feasible: -52.8417
dual not feasible: -55.9777
dual not feasible: -58.3397
dual not feasible: -54.5347
dual not feasible: -55.0152
dual not feasible: -56.6897
dual not feasible: -59.593
dual not feasible: -53.175
dual not feasible: -55.4764
dual not feasible: -56.0852
dual not feasible: -53.646
dual not feasible: -52.6015
dual not feasible: -52.3706
dual not feasible: -55.1089
dual not feasible: -54.4476
dual not feasible: -53.3537
STATS - lpIterations[83] lagIterations[21946] sspIterations[21946] numSeparations[21764] numCuts[0] compileTime[0] sspSolveTime[1300] lpSolveTime[0] lb[648.663] ub[771.79] size: [34159] time: [2326]
dual not feasible: -53.0838
dual not feasible: -55.035
dual not feasible: -62.1681
dual not feasible: -66.5832
dual not feasible: -66.9572
dual not feasible: -65.6994
dual not feasible: -65.7931
dual not feasible: -68.5632
dual not feasible: -67.0788
dual not feasible: -63.8202
dual not feasible: -60.3569
dual not feasible: -61.1935
dual not feasible: -65.8088
dual not feasible: -58.2284
dual not feasible: -61.2346
dual not feasible: -65.4459
dual not feasible: -64.2458
dual not feasible: -66.7274
dual not feasible: -64.5931
dual not feasible: -62.9989
dual not feasible: -69.2946
dual not feasible: -64.3691
dual not feasible: -58.2671
dual not feasible: -62.8457
dual not feasible: -60.3654
dual not feasible: -64.8613
dual not feasible: -61.0164
dual not feasible: -62.7466
dual not feasible: -63.7692
dual not feasible: -72.3531
dual not feasible: -58.9852
dual not feasible: -59.1207
dual not feasible: -61.2919
dual not feasible: -58.527
dual not feasible: -68.1728
dual not feasible: -61.4687
dual not feasible: -65.1438
dual not feasible: -56.4713
dual not feasible: -61.1773
dual not feasible: -78.2835
dual not feasible: -64.0534
dual not feasible: -58.5327
dual not feasible: -69.1331
dual not feasible: -65.3669
dual not feasible: -61.9551
dual not feasible: -57.3944
dual not feasible: -57.7177
dual not feasible: -61.0765
dual not feasible: -58.9951
dual not feasible: -57.5743
dual not feasible: -58.2507
dual not feasible: -62.6041
dual not feasible: -58.5344
dual not feasible: -57.9728
dual not feasible: -56.8772
dual not feasible: -54.5404
dual not feasible: -55.1654
dual not feasible: -60.2831
dual not feasible: -61.3677
dual not feasible: -58.1274
dual not feasible: -64.86
dual not feasible: -54.7883
dual not feasible: -57.4916
dual not feasible: -58.2906
dual not feasible: -55.8572
dual not feasible: -54.3369
dual not feasible: -54.7038
dual not feasible: -56.4749
dual not feasible: -56.5408
dual not feasible: -59.6038
dual not feasible: -62.9076
dual not feasible: -57.9127
dual not feasible: -56.8457
dual not feasible: -61.7386
dual not feasible: -57.1251
dual not feasible: -59.6188
dual not feasible: -55.2527
dual not feasible: -58.8756
dual not feasible: -54.3579
dual not feasible: -59.1827
dual not feasible: -55.5175
dual not feasible: -55.71
dual not feasible: -55.3352
dual not feasible: -55.5624
dual not feasible: -54.6421
dual not feasible: -53.4557
dual not feasible: -54.2836
dual not feasible: -54.2948
dual not feasible: -56.9888
dual not feasible: -57.0254
dual not feasible: -53.6745
dual not feasible: -60.3662
dual not feasible: -54.8203
dual not feasible: -57.4127
dual not feasible: -55.7424
dual not feasible: -53.7305
dual not feasible: -54.9957
dual not feasible: -55.2976
dual not feasible: -55.2619
dual not feasible: -55.2659
dual not feasible: -54.0138
dual not feasible: -57.9422
STATS - lpIterations[84] lagIterations[22048] sspIterations[22048] numSeparations[21865] numCuts[0] compileTime[0] sspSolveTime[1311] lpSolveTime[0] lb[648.663] ub[771.79] size: [34276] time: [2345]
dual not feasible: -55.9675
dual not feasible: -54.0452
dual not feasible: -56.9344
dual not feasible: -56.8448
dual not feasible: -70.6616
dual not feasible: -77.73
dual not feasible: -75.1367
dual not feasible: -66.4787
dual not feasible: -64.5582
dual not feasible: -67.6009
dual not feasible: -64.1391
dual not feasible: -61.0059
dual not feasible: -62.5126
dual not feasible: -60.425
dual not feasible: -69.8288
dual not feasible: -68.148
dual not feasible: -64.865
dual not feasible: -60.0989
dual not feasible: -61.0506
dual not feasible: -67.4868
dual not feasible: -65.5738
dual not feasible: -66.9966
dual not feasible: -63.5846
dual not feasible: -64.5294
dual not feasible: -62.6764
dual not feasible: -56.4767
dual not feasible: -59.2211
dual not feasible: -59.2283
dual not feasible: -67.6941
dual not feasible: -62.6003
dual not feasible: -62.9917
dual not feasible: -63.5344
dual not feasible: -59.0398
dual not feasible: -69.8286
dual not feasible: -64.1829
dual not feasible: -55.9751
dual not feasible: -67.247
dual not feasible: -67.2928
dual not feasible: -63.2762
dual not feasible: -57.9662
dual not feasible: -60.224
dual not feasible: -59.7129
dual not feasible: -58.5688
dual not feasible: -55.9697
dual not feasible: -61.1142
dual not feasible: -60.9563
dual not feasible: -61.1998
dual not feasible: -60.0343
dual not feasible: -58.1162
dual not feasible: -63.1839
dual not feasible: -55.4902
dual not feasible: -56.3289
dual not feasible: -57.1028
dual not feasible: -64.9799
dual not feasible: -59.771
dual not feasible: -63.5697
dual not feasible: -61.3992
dual not feasible: -54.0566
dual not feasible: -59.756
dual not feasible: -61.5926
dual not feasible: -55.495
dual not feasible: -57.6494
dual not feasible: -61.265
dual not feasible: -60.5787
dual not feasible: -64.6275
dual not feasible: -55.0264
dual not feasible: -56.2312
dual not feasible: -55.0276
dual not feasible: -52.5642
dual not feasible: -55.8858
dual not feasible: -55.5671
dual not feasible: -56.0568
dual not feasible: -57.0433
dual not feasible: -59.4455
dual not feasible: -57.1873
dual not feasible: -59.4157
dual not feasible: -54.2429
dual not feasible: -57.2982
dual not feasible: -58.6252
dual not feasible: -52.0436
dual not feasible: -62.3532
dual not feasible: -60.1806
dual not feasible: -59.3065
dual not feasible: -56.9436
dual not feasible: -56.7742
dual not feasible: -54.6579
dual not feasible: -55.5584
dual not feasible: -56.1842
dual not feasible: -54.3064
dual not feasible: -53.8524
dual not feasible: -57.721
dual not feasible: -58.342
dual not feasible: -59.7543
dual not feasible: -53.2313
dual not feasible: -53.5822
dual not feasible: -56.8315
dual not feasible: -57.7173
dual not feasible: -58.5216
dual not feasible: -57.2363
dual not feasible: -53.4694
dual not feasible: -56.2392
dual not feasible: -57.3984
dual not feasible: -56.0322
dual not feasible: -52.0628
dual not feasible: -53.5033
dual not feasible: -53.733
dual not feasible: -57.4348
dual not feasible: -52.8079
dual not feasible: -54.7757
dual not feasible: -54.7767
dual not feasible: -59.5548
dual not feasible: -56.3939
dual not feasible: -52.9326
dual not feasible: -55.0176
dual not feasible: -53.0349
dual not feasible: -56.0411
dual not feasible: -52.8226
dual not feasible: -55.2157
dual not feasible: -49.1125
dual not feasible: -51.2344
dual not feasible: -54.8801
dual not feasible: -60.8699
dual not feasible: -50.1575
dual not feasible: -49.366
dual not feasible: -55.1956
dual not feasible: -56.5737
dual not feasible: -53.1676
dual not feasible: -54.1256
dual not feasible: -54.6104
dual not feasible: -51.7576
dual not feasible: -55.7887
dual not feasible: -51.5651
dual not feasible: -51.3037
dual not feasible: -52.3304
dual not feasible: -51.2219
dual not feasible: -52.3296
dual not feasible: -51.1952
dual not feasible: -51.2806
dual not feasible: -53.5006
dual not feasible: -52.193
dual not feasible: -50.2548
dual not feasible: -52.1499
dual not feasible: -49.0411
dual not feasible: -51.6103
dual not feasible: -51.6545
dual not feasible: -50.6451
dual not feasible: -51.2662
dual not feasible: -55.0823
dual not feasible: -50.6953
dual not feasible: -52.3909
dual not feasible: -53.0274
dual not feasible: -53.792
dual not feasible: -52.5813
dual not feasible: -52.2759
dual not feasible: -52.24
dual not feasible: -48.6768
dual not feasible: -52.6363
dual not feasible: -52.0698
dual not feasible: -52.1603
dual not feasible: -52.1952
dual not feasible: -53.4474
dual not feasible: -50.4541
dual not feasible: -54.6358
dual not feasible: -51.5832
dual not feasible: -51.3985
dual not feasible: -52.2162
dual not feasible: -50.9017
dual not feasible: -56.7161
dual not feasible: -50.9483
dual not feasible: -53.3336
dual not feasible: -49.399
dual not feasible: -50.9886
dual not feasible: -50.0307
dual not feasible: -53.1579
dual not feasible: -49.7383
dual not feasible: -49.1581
dual not feasible: -49.2012
dual not feasible: -50.4968
dual not feasible: -51.5588
dual not feasible: -49.7865
dual not feasible: -52.4594
dual not feasible: -53.0799
dual not feasible: -52.2627
dual not feasible: -52.3509
dual not feasible: -49.5597
dual not feasible: -50.3021
dual not feasible: -52.3275
dual not feasible: -51.1556
dual not feasible: -49.8804
dual not feasible: -50.0194
dual not feasible: -53.3006
dual not feasible: -53.1601
dual not feasible: -51.1804
dual not feasible: -52.6635
dual not feasible: -48.4335
dual not feasible: -48.2755
dual not feasible: -51.7689
dual not feasible: -49.4617
dual not feasible: -51.2175
dual not feasible: -51.7896
dual not feasible: -51.7979
dual not feasible: -52.5009
dual not feasible: -51.0961
dual not feasible: -47.6124
dual not feasible: -50.0405
dual not feasible: -50.7468
dual not feasible: -50.7968
dual not feasible: -50.4724
dual not feasible: -48.9982
dual not feasible: -50.5899
dual not feasible: -49.7072
dual not feasible: -48.9638
dual not feasible: -49.4102
dual not feasible: -49.1934
dual not feasible: -53.0754
dual not feasible: -52.113
dual not feasible: -48.1174
dual not feasible: -49.0772
dual not feasible: -48.9632
dual not feasible: -50.0383
dual not feasible: -51.2878
dual not feasible: -47.8974
dual not feasible: -49.6656
dual not feasible: -53.0933
dual not feasible: -51.3968
dual not feasible: -50.312
dual not feasible: -50.2978
dual not feasible: -50.3068
dual not feasible: -48.5741
dual not feasible: -49.6228
dual not feasible: -52.6296
dual not feasible: -47.6505
dual not feasible: -49.373
dual not feasible: -48.7429
dual not feasible: -49.4234
dual not feasible: -49.3741
dual not feasible: -49.2462
dual not feasible: -49.9789
dual not feasible: -48.2255
dual not feasible: -49.1959
dual not feasible: -48.9666
dual not feasible: -48.3504
dual not feasible: -47.8603
dual not feasible: -49.8544
dual not feasible: -50.5454
dual not feasible: -50.355
dual not feasible: -47.3123
dual not feasible: -48.9853
dual not feasible: -49.9999
dual not feasible: -48.5941
dual not feasible: -50.2952
dual not feasible: -47.5928
dual not feasible: -47.4736
dual not feasible: -50.2726
dual not feasible: -48.9049
dual not feasible: -49.4988
dual not feasible: -47.6784
dual not feasible: -47.1767
dual not feasible: -49.7357
dual not feasible: -49.5298
dual not feasible: -47.991
dual not feasible: -48.324
dual not feasible: -49.7574
dual not feasible: -48.6116
dual not feasible: -50.3899
dual not feasible: -50.5371
dual not feasible: -49.2438
dual not feasible: -46.9974
dual not feasible: -48.4923
dual not feasible: -48.6187
dual not feasible: -49.1502
dual not feasible: -47.5543
dual not feasible: -50.9149
dual not feasible: -49.316
dual not feasible: -48.4391
dual not feasible: -48.602
dual not feasible: -47.1235
dual not feasible: -49.5105
dual not feasible: -50.7055
dual not feasible: -47.8704
dual not feasible: -49.2091
dual not feasible: -52.2086
dual not feasible: -51.0411
dual not feasible: -47.2655
dual not feasible: -47.7991
dual not feasible: -47.5007
dual not feasible: -47.7758
dual not feasible: -49.0887
dual not feasible: -47.3457
dual not feasible: -47.4963
dual not feasible: -48.2523
dual not feasible: -51.4276
dual not feasible: -48.3538
dual not feasible: -48.261
dual not feasible: -47.827
dual not feasible: -47.9423
dual not feasible: -47.9009
dual not feasible: -49.2261
dual not feasible: -48.5341
dual not feasible: -47.3484
dual not feasible: -47.4443
dual not feasible: -48.66
dual not feasible: -50.1435
dual not feasible: -48.5757
dual not feasible: -47.5336
STATS - lpIterations[85] lagIterations[22353] sspIterations[22353] numSeparations[22169] numCuts[0] compileTime[0] sspSolveTime[1345] lpSolveTime[0] lb[648.663] ub[771.79] size: [34627] time: [2405]
dual not feasible: -47.6242
dual not feasible: -60.7658
dual not feasible: -57.5624
dual not feasible: -60.9233
dual not feasible: -60.5984
dual not feasible: -67.9599
dual not feasible: -68.1345
dual not feasible: -73.243
dual not feasible: -66.5894
dual not feasible: -65.4658
dual not feasible: -63.1154
dual not feasible: -65.7784
dual not feasible: -64.6907
dual not feasible: -60.407
dual not feasible: -63.4122
dual not feasible: -60.9917
dual not feasible: -60.972
dual not feasible: -64.8005
dual not feasible: -59.033
dual not feasible: -61.7783
dual not feasible: -65.2307
dual not feasible: -75.53
dual not feasible: -63.246
dual not feasible: -65.4711
dual not feasible: -58.2184
dual not feasible: -57.9755
dual not feasible: -63.3638
dual not feasible: -67.0945
dual not feasible: -63.0226
dual not feasible: -60.4779
dual not feasible: -77.0313
dual not feasible: -64.5819
dual not feasible: -58.8003
dual not feasible: -60.1268
dual not feasible: -58.843
dual not feasible: -62.7836
dual not feasible: -67.3622
dual not feasible: -62.6645
dual not feasible: -60.7059
dual not feasible: -56.7313
dual not feasible: -60.3694
dual not feasible: -60.8144
dual not feasible: -58.7271
dual not feasible: -57.3191
dual not feasible: -59.1016
dual not feasible: -58.1561
dual not feasible: -59.4371
dual not feasible: -58.0949
dual not feasible: -57.588
dual not feasible: -56.5924
dual not feasible: -58.1378
dual not feasible: -63.5016
dual not feasible: -57.7495
dual not feasible: -57.4387
dual not feasible: -61.4805
dual not feasible: -59.7146
dual not feasible: -62.3364
dual not feasible: -62.3685
dual not feasible: -58.7697
dual not feasible: -58.1659
dual not feasible: -58.928
dual not feasible: -60.2679
dual not feasible: -62.6308
dual not feasible: -55.8858
dual not feasible: -53.3126
dual not feasible: -58.5293
dual not feasible: -54.474
dual not feasible: -54.6472
dual not feasible: -55.9905
dual not feasible: -55.0486
dual not feasible: -62.5298
dual not feasible: -59.838
dual not feasible: -59.8917
dual not feasible: -58.1965
dual not feasible: -58.6799
dual not feasible: -57.9414
dual not feasible: -54.7906
dual not feasible: -57.3262
dual not feasible: -52.0408
dual not feasible: -55.5317
dual not feasible: -53.4113
dual not feasible: -56.3826
dual not feasible: -54.0243
dual not feasible: -57.1895
dual not feasible: -56.7153
dual not feasible: -56.1286
dual not feasible: -59.9372
dual not feasible: -61.1367
dual not feasible: -52.6775
dual not feasible: -53.4734
dual not feasible: -57.1711
dual not feasible: -56.9041
dual not feasible: -59.6773
dual not feasible: -55.2861
dual not feasible: -55.2259
dual not feasible: -56.6746
dual not feasible: -56.6079
dual not feasible: -56.8635
dual not feasible: -53.8288
dual not feasible: -56.6503
dual not feasible: -56.2815
dual not feasible: -53.4403
STATS - lpIterations[86] lagIterations[22455] sspIterations[22455] numSeparations[22270] numCuts[0] compileTime[0] sspSolveTime[1357] lpSolveTime[0] lb[648.663] ub[771.79] size: [34741] time: [2425]
dual not feasible: -52.3646
dual not feasible: -58.3391
dual not feasible: -59.8888
dual not feasible: -63.8317
dual not feasible: -60.7312
dual not feasible: -70.7073
dual not feasible: -72.9387
dual not feasible: -67.8568
dual not feasible: -60.9719
dual not feasible: -66.9119
dual not feasible: -64.7318
dual not feasible: -63.1238
dual not feasible: -67.0471
dual not feasible: -73.023
dual not feasible: -65.6272
dual not feasible: -65.3514
dual not feasible: -62.6121
dual not feasible: -59.8587
dual not feasible: -61.5348
dual not feasible: -62.826
dual not feasible: -64.1236
dual not feasible: -62.8637
dual not feasible: -76.0366
dual not feasible: -62.8577
dual not feasible: -61.4869
dual not feasible: -59.0734
dual not feasible: -63.8126
dual not feasible: -63.0117
dual not feasible: -65.6978
dual not feasible: -60.0047
dual not feasible: -59.0992
dual not feasible: -57.0956
dual not feasible: -61.9846
dual not feasible: -71.7489
dual not feasible: -67.4934
dual not feasible: -66.5398
dual not feasible: -64.709
dual not feasible: -71.2611
dual not feasible: -58.3431
dual not feasible: -57.6967
dual not feasible: -55.345
dual not feasible: -59.4184
dual not feasible: -58.3575
dual not feasible: -59.6947
dual not feasible: -55.9824
dual not feasible: -57.7916
dual not feasible: -61.19
dual not feasible: -58.7711
dual not feasible: -61.1085
dual not feasible: -63.6344
dual not feasible: -59.0919
dual not feasible: -58.3286
dual not feasible: -59.1112
dual not feasible: -54.6863
dual not feasible: -61.6757
dual not feasible: -61.4367
dual not feasible: -59.8671
dual not feasible: -57.002
dual not feasible: -59.633
dual not feasible: -57.5084
dual not feasible: -58.816
dual not feasible: -54.0534
dual not feasible: -64.5877
dual not feasible: -58.2027
dual not feasible: -59.243
dual not feasible: -59.5551
dual not feasible: -56.1481
dual not feasible: -58.4011
dual not feasible: -56.5019
dual not feasible: -58.4683
dual not feasible: -55.3623
dual not feasible: -59.3785
dual not feasible: -61.3732
dual not feasible: -59.1471
dual not feasible: -57.577
dual not feasible: -61.5382
dual not feasible: -51.8849
dual not feasible: -55.4806
dual not feasible: -54.3705
dual not feasible: -56.2186
dual not feasible: -55.8349
dual not feasible: -58.9133
dual not feasible: -56.6924
dual not feasible: -60.4361
dual not feasible: -57.0205
dual not feasible: -51.1238
dual not feasible: -56.5426
dual not feasible: -54.2688
dual not feasible: -56.2556
dual not feasible: -53.524
dual not feasible: -55.1409
dual not feasible: -56.3083
dual not feasible: -57.4632
dual not feasible: -52.3158
dual not feasible: -51.1601
dual not feasible: -52.9838
dual not feasible: -56.7528
dual not feasible: -57.7112
dual not feasible: -54.5536
dual not feasible: -54.8734
dual not feasible: -52.9822
dual not feasible: -53.1255
dual not feasible: -51.9449
dual not feasible: -56.3321
dual not feasible: -55.971
dual not feasible: -54.6947
dual not feasible: -54.8855
dual not feasible: -53.379
dual not feasible: -53.7757
dual not feasible: -52.2303
dual not feasible: -52.6501
dual not feasible: -55.3507
dual not feasible: -58.5344
dual not feasible: -52.8631
dual not feasible: -52.6716
dual not feasible: -52.801
dual not feasible: -62.2642
dual not feasible: -56.3121
dual not feasible: -51.9078
dual not feasible: -54.4551
dual not feasible: -55.8609
dual not feasible: -50.4318
dual not feasible: -52.3304
dual not feasible: -53.3493
dual not feasible: -56.1739
dual not feasible: -50.9925
dual not feasible: -52.3903
dual not feasible: -54.6062
dual not feasible: -54.2833
dual not feasible: -55.1613
dual not feasible: -54.1598
dual not feasible: -53.6663
dual not feasible: -52.4218
dual not feasible: -52.9838
dual not feasible: -55.6664
dual not feasible: -52.6519
dual not feasible: -53.8032
dual not feasible: -47.9738
dual not feasible: -50.8209
dual not feasible: -54.6902
dual not feasible: -52.7945
dual not feasible: -51.754
dual not feasible: -53.0823
dual not feasible: -55.2224
dual not feasible: -58.0284
dual not feasible: -53.0778
dual not feasible: -52.7258
dual not feasible: -52.0648
dual not feasible: -56.7573
dual not feasible: -53.2224
dual not feasible: -52.1453
dual not feasible: -53.6906
dual not feasible: -50.0299
dual not feasible: -52.103
dual not feasible: -50.8748
dual not feasible: -50.9462
dual not feasible: -53.7988
dual not feasible: -52.5975
dual not feasible: -49.6837
dual not feasible: -49.7767
dual not feasible: -50.9831
dual not feasible: -51.7991
dual not feasible: -52.9672
dual not feasible: -52.0168
dual not feasible: -52.9397
dual not feasible: -51.6434
dual not feasible: -53.6517
dual not feasible: -51.5242
dual not feasible: -51.7488
dual not feasible: -49.3802
dual not feasible: -48.8201
dual not feasible: -49.567
dual not feasible: -50.9175
dual not feasible: -50.9566
dual not feasible: -53.6497
dual not feasible: -51.1637
dual not feasible: -55.2495
dual not feasible: -50.2615
dual not feasible: -50.6134
dual not feasible: -50.3715
dual not feasible: -49.8424
dual not feasible: -51.8982
dual not feasible: -50.9668
dual not feasible: -52.6478
dual not feasible: -52.2004
dual not feasible: -51.0809
dual not feasible: -52.0574
dual not feasible: -51.9696
dual not feasible: -48.9067
dual not feasible: -50.3542
dual not feasible: -50.8642
dual not feasible: -49.1478
dual not feasible: -50.7432
dual not feasible: -55.1146
dual not feasible: -53.4822
dual not feasible: -54.1276
dual not feasible: -50.8621
dual not feasible: -49.6064
dual not feasible: -50.9818
dual not feasible: -50.1818
dual not feasible: -51.3048
dual not feasible: -50.9315
dual not feasible: -48.6184
dual not feasible: -53.289
dual not feasible: -48.6349
dual not feasible: -48.7709
dual not feasible: -49.5653
dual not feasible: -49.4016
dual not feasible: -52.3625
dual not feasible: -50.4294
dual not feasible: -48.6668
dual not feasible: -49.0385
dual not feasible: -50.7841
dual not feasible: -49.5316
dual not feasible: -51.1827
dual not feasible: -49.779
dual not feasible: -50.8347
dual not feasible: -50.2706
dual not feasible: -49.473
dual not feasible: -50.4638
dual not feasible: -49.7546
dual not feasible: -48.9359
dual not feasible: -54.0417
dual not feasible: -49.2671
dual not feasible: -49.4982
dual not feasible: -49.7267
dual not feasible: -49.7541
dual not feasible: -50.2572
dual not feasible: -51.3183
dual not feasible: -48.6839
dual not feasible: -48.281
dual not feasible: -51.1363
dual not feasible: -53.3124
dual not feasible: -50.5072
dual not feasible: -50.4989
dual not feasible: -48.8657
dual not feasible: -47.2864
dual not feasible: -48.8379
dual not feasible: -51.3374
dual not feasible: -48.1885
dual not feasible: -49.0478
dual not feasible: -49.0013
dual not feasible: -49.4001
dual not feasible: -51.5916
dual not feasible: -50.1173
dual not feasible: -49.1645
dual not feasible: -49.5648
dual not feasible: -50.092
dual not feasible: -48.2005
dual not feasible: -47.8687
dual not feasible: -49.9634
dual not feasible: -51.68
dual not feasible: -51.0669
dual not feasible: -49.2608
dual not feasible: -49.7308
dual not feasible: -50.0542
dual not feasible: -50.0787
dual not feasible: -49.9167
dual not feasible: -46.9214
dual not feasible: -49.341
dual not feasible: -49.1632
dual not feasible: -48.5406
dual not feasible: -52.543
dual not feasible: -48.4536
dual not feasible: -48.9472
dual not feasible: -49.2982
dual not feasible: -49.6441
dual not feasible: -49.1815
dual not feasible: -49.8202
dual not feasible: -47.9486
dual not feasible: -50.7266
dual not feasible: -50.381
dual not feasible: -49.3596
dual not feasible: -48.667
dual not feasible: -48.792
dual not feasible: -48.2041
dual not feasible: -49.0361
dual not feasible: -47.7393
dual not feasible: -47.4636
dual not feasible: -47.6119
dual not feasible: -47.6542
dual not feasible: -49.1638
dual not feasible: -47.092
dual not feasible: -47.2285
dual not feasible: -48.6579
dual not feasible: -51.3166
dual not feasible: -49.9563
dual not feasible: -49.3332
dual not feasible: -49.4111
dual not feasible: -48.7557
dual not feasible: -49.7608
dual not feasible: -50.0005
dual not feasible: -46.7868
dual not feasible: -47.3269
dual not feasible: -46.9657
dual not feasible: -50.8448
dual not feasible: -49.9639
dual not feasible: -48.0327
dual not feasible: -48.126
dual not feasible: -47.7611
dual not feasible: -48.3295
dual not feasible: -48.913
dual not feasible: -48.7222
dual not feasible: -50.1515
dual not feasible: -48.9566
dual not feasible: -48.3269
dual not feasible: -49.5242
dual not feasible: -48.7653
dual not feasible: -49.012
dual not feasible: -50.988
dual not feasible: -46.5191
dual not feasible: -47.3701
dual not feasible: -47.7738
dual not feasible: -49.3658
dual not feasible: -47.8589
dual not feasible: -47.8634
dual not feasible: -49.3182
dual not feasible: -49.9636
dual not feasible: -48.0826
dual not feasible: -50.5997
dual not feasible: -46.426
dual not feasible: -47.346
dual not feasible: -49.4131
dual not feasible: -48.2924
dual not feasible: -49.7334
dual not feasible: -47.8806
dual not feasible: -49.1664
dual not feasible: -48.0276
dual not feasible: -48.2428
dual not feasible: -47.4521
dual not feasible: -49.5752
dual not feasible: -47.4671
dual not feasible: -49.5514
dual not feasible: -48.7836
dual not feasible: -47.9306
dual not feasible: -48.2812
dual not feasible: -46.4334
dual not feasible: -47.0224
dual not feasible: -46.608
dual not feasible: -46.3921
dual not feasible: -48.4078
dual not feasible: -46.1239
dual not feasible: -46.521
dual not feasible: -49.558
dual not feasible: -50.3292
dual not feasible: -51.6722
dual not feasible: -47.5869
dual not feasible: -47.6967
dual not feasible: -46.5123
dual not feasible: -46.7724
dual not feasible: -47.4464
dual not feasible: -46.4963
dual not feasible: -47.1815
dual not feasible: -47.4568
dual not feasible: -50.0551
dual not feasible: -48.348
dual not feasible: -47.121
dual not feasible: -47.7681
dual not feasible: -46.4328
dual not feasible: -48.25
dual not feasible: -48.7451
dual not feasible: -45.9462
dual not feasible: -49.3805
dual not feasible: -48.5045
dual not feasible: -48.4105
dual not feasible: -48.3251
dual not feasible: -47.7763
dual not feasible: -46.6578
dual not feasible: -45.7282
dual not feasible: -49.8606
dual not feasible: -48.3986
dual not feasible: -49.9731
dual not feasible: -48.5867
dual not feasible: -47.0273
dual not feasible: -47.8012
dual not feasible: -48.0335
dual not feasible: -45.8016
dual not feasible: -46.6105
dual not feasible: -47.895
dual not feasible: -47.0978
dual not feasible: -48.9945
dual not feasible: -49.1636
dual not feasible: -47.0689
dual not feasible: -47.0785
dual not feasible: -46.3464
dual not feasible: -47.5121
dual not feasible: -48.5754
dual not feasible: -47.4842
dual not feasible: -47.5659
dual not feasible: -47.1695
dual not feasible: -47.1782
dual not feasible: -47.0431
dual not feasible: -48.7987
dual not feasible: -48.1809
dual not feasible: -46.4905
dual not feasible: -46.5446
dual not feasible: -47.4925
dual not feasible: -48.2348
dual not feasible: -48.7527
dual not feasible: -47.0907
dual not feasible: -46.512
dual not feasible: -47.0149
dual not feasible: -47.0079
dual not feasible: -47.0075
dual not feasible: -46.8619
dual not feasible: -47.4949
dual not feasible: -46.7138
dual not feasible: -46.0506
dual not feasible: -46.2803
dual not feasible: -47.9442
dual not feasible: -48.004
dual not feasible: -48.4204
dual not feasible: -48.0716
dual not feasible: -46.137
dual not feasible: -47.032
dual not feasible: -46.5897
dual not feasible: -45.8225
dual not feasible: -46.5668
dual not feasible: -46.1002
dual not feasible: -46.5289
dual not feasible: -48.9286
dual not feasible: -47.1396
dual not feasible: -47.4884
dual not feasible: -46.4593
dual not feasible: -46.8212
dual not feasible: -45.7222
dual not feasible: -47.2964
dual not feasible: -47.2954
dual not feasible: -46.0123
dual not feasible: -46.2032
dual not feasible: -48.1705
dual not feasible: -46.9824
dual not feasible: -47.3618
dual not feasible: -46.2142
dual not feasible: -46.125
dual not feasible: -47.6014
dual not feasible: -46.5715
dual not feasible: -47.3075
dual not feasible: -46.845
dual not feasible: -45.6814
dual not feasible: -47.0041
dual not feasible: -48.742
dual not feasible: -46.3532
dual not feasible: -46.3824
dual not feasible: -46.2275
dual not feasible: -46.6654
dual not feasible: -48.0409
dual not feasible: -46.4756
dual not feasible: -45.2912
STATS - lpIterations[86] lagIterations[22904] sspIterations[22904] numSeparations[22718] numCuts[0] compileTime[0] sspSolveTime[1408] lpSolveTime[0] lb[648.954] ub[771.79] size: [35260] time: [2516]
dual not feasible: -45.601
dual not feasible: -45.9706
dual not feasible: -47.2498
dual not feasible: -46.9807
dual not feasible: -47.3779
dual not feasible: -47.4778
dual not feasible: -45.8662
dual not feasible: -46.0611
dual not feasible: -45.9002
dual not feasible: -47.8952
dual not feasible: -48.1645
dual not feasible: -46.1105
dual not feasible: -46.1548
dual not feasible: -48.0086
dual not feasible: -46.8904
dual not feasible: -46.4195
dual not feasible: -47.4224
dual not feasible: -45.8033
dual not feasible: -45.2612
STATS - lpIterations[86] lagIterations[22923] sspIterations[22923] numSeparations[22737] numCuts[0] compileTime[0] sspSolveTime[1411] lpSolveTime[0] lb[648.984] ub[771.79] size: [35281] time: [2520]
dual not feasible: -48.7977
dual not feasible: -47.1971
STATS - lpIterations[87] lagIterations[22925] sspIterations[22925] numSeparations[22739] numCuts[0] compileTime[0] sspSolveTime[1411] lpSolveTime[0] lb[648.984] ub[771.79] size: [35283] time: [2520]
dual not feasible: -47.2591
dual not feasible: -52.0767
dual not feasible: -51.5687
dual not feasible: -59.2564
dual not feasible: -59.6476
dual not feasible: -62.0815
dual not feasible: -63.7019
dual not feasible: -70.8658
dual not feasible: -66.5763
dual not feasible: -66.2879
dual not feasible: -66.1495
dual not feasible: -74.2157
dual not feasible: -65.4393
dual not feasible: -67.2842
dual not feasible: -59.848
dual not feasible: -66.6209
dual not feasible: -62.4004
dual not feasible: -60.1225
dual not feasible: -61.278
dual not feasible: -71.2362
dual not feasible: -65.4026
dual not feasible: -64.091
dual not feasible: -63.638
dual not feasible: -57.9999
dual not feasible: -67.3812
dual not feasible: -66.506
dual not feasible: -59.3982
dual not feasible: -61.397
dual not feasible: -66.22
dual not feasible: -61.9486
dual not feasible: -61.5486
dual not feasible: -56.4855
dual not feasible: -62.8076
dual not feasible: -62.2319
dual not feasible: -62.9198
dual not feasible: -60.3484
dual not feasible: -63.4772
dual not feasible: -62.4015
dual not feasible: -60.4494
dual not feasible: -61.4711
dual not feasible: -59.7399
dual not feasible: -59.2694
dual not feasible: -61.3332
dual not feasible: -64.8788
dual not feasible: -56.8028
dual not feasible: -66.3864
dual not feasible: -61.322
dual not feasible: -56.8865
dual not feasible: -61.7968
dual not feasible: -57.9756
dual not feasible: -59.542
dual not feasible: -60.3924
dual not feasible: -56.8177
dual not feasible: -59.2931
dual not feasible: -65.701
dual not feasible: -56.1055
dual not feasible: -57.9967
dual not feasible: -59.2082
dual not feasible: -58.699
dual not feasible: -62.7875
dual not feasible: -61.4518
dual not feasible: -59.0811
dual not feasible: -55.8756
dual not feasible: -62.1012
dual not feasible: -58.4537
dual not feasible: -61.1658
dual not feasible: -58.7705
dual not feasible: -57.6889
dual not feasible: -57.3087
dual not feasible: -57.6247
dual not feasible: -52.2512
dual not feasible: -55.9838
dual not feasible: -52.8688
dual not feasible: -55.0135
dual not feasible: -60.6146
dual not feasible: -54.2792
dual not feasible: -55.2581
dual not feasible: -59.3669
dual not feasible: -56.461
dual not feasible: -58.6686
dual not feasible: -61.2501
dual not feasible: -55.0952
dual not feasible: -55.1293
dual not feasible: -53.4352
dual not feasible: -54.6328
dual not feasible: -52.0078
dual not feasible: -54.2507
dual not feasible: -51.8843
dual not feasible: -55.3651
dual not feasible: -55.8735
dual not feasible: -60.5523
dual not feasible: -54.2305
dual not feasible: -54.5111
dual not feasible: -59.1434
dual not feasible: -60.4209
dual not feasible: -57.6389
dual not feasible: -55.324
dual not feasible: -53.1702
dual not feasible: -51.2843
dual not feasible: -53.8418
dual not feasible: -55.8659
dual not feasible: -52.3984
STATS - lpIterations[88] lagIterations[23027] sspIterations[23027] numSeparations[22840] numCuts[0] compileTime[0] sspSolveTime[1423] lpSolveTime[0] lb[648.984] ub[771.79] size: [35408] time: [2541]
dual not feasible: -54.0865
dual not feasible: -56.031
dual not feasible: -64.4062
dual not feasible: -66.7776
dual not feasible: -67.025
dual not feasible: -60.7046
dual not feasible: -65.2038
dual not feasible: -71.6038
dual not feasible: -62.0601
dual not feasible: -66.4244
dual not feasible: -66.132
dual not feasible: -60.8759
dual not feasible: -67.5633
dual not feasible: -68.0069
dual not feasible: -62.6256
dual not feasible: -60.9139
dual not feasible: -70.6682
dual not feasible: -64.7592
dual not feasible: -65.4508
dual not feasible: -67.985
dual not feasible: -65.7975
dual not feasible: -65.4379
dual not feasible: -63.7743
dual not feasible: -62.0908
dual not feasible: -65.8056
dual not feasible: -64.1896
dual not feasible: -64.7344
dual not feasible: -62.2984
dual not feasible: -58.582
dual not feasible: -68.6672
dual not feasible: -62.8281
dual not feasible: -59.5981
dual not feasible: -60.9925
dual not feasible: -60.2026
dual not feasible: -63.752
dual not feasible: -58.2853
dual not feasible: -62.0575
dual not feasible: -61.4803
dual not feasible: -67.0882
dual not feasible: -63.9169
dual not feasible: -62.935
dual not feasible: -57.8754
dual not feasible: -57.644
dual not feasible: -57.3358
dual not feasible: -62.4771
dual not feasible: -59.841
dual not feasible: -57.8862
dual not feasible: -60.5108
dual not feasible: -60.4674
dual not feasible: -63.6076
dual not feasible: -58.3867
dual not feasible: -59.8654
dual not feasible: -59.1175
dual not feasible: -52.9049
dual not feasible: -57.5637
dual not feasible: -57.7445
dual not feasible: -60.1465
dual not feasible: -58.5722
dual not feasible: -56.8746
dual not feasible: -57.9752
dual not feasible: -59.1927
dual not feasible: -63.7698
dual not feasible: -56.2193
dual not feasible: -55.5372
dual not feasible: -61.3432
dual not feasible: -58.2951
dual not feasible: -56.8612
dual not feasible: -54.513
dual not feasible: -53.7781
dual not feasible: -64.7827
dual not feasible: -59.4968
dual not feasible: -62.5107
dual not feasible: -55.1456
dual not feasible: -58.5986
dual not feasible: -62.1419
dual not feasible: -53.9555
dual not feasible: -53.6534
dual not feasible: -54.0363
dual not feasible: -56.6743
dual not feasible: -60.9219
dual not feasible: -55.931
dual not feasible: -59.8468
dual not feasible: -58.5513
dual not feasible: -61.5481
dual not feasible: -58.1375
dual not feasible: -58.0366
dual not feasible: -57.0661
dual not feasible: -51.3115
dual not feasible: -54.7537
dual not feasible: -52.6595
dual not feasible: -54.2984
dual not feasible: -56.0096
dual not feasible: -54.749
dual not feasible: -55.6147
dual not feasible: -56.4433
dual not feasible: -56.8107
dual not feasible: -51.667
dual not feasible: -55.6366
dual not feasible: -55.5149
dual not feasible: -57.5778
dual not feasible: -54.8727
dual not feasible: -54.6363
dual not feasible: -56.7911
dual not feasible: -55.1324
dual not feasible: -55.2944
dual not feasible: -52.2428
dual not feasible: -55.161
dual not feasible: -55.4076
dual not feasible: -53.9546
dual not feasible: -52.7784
dual not feasible: -59.1928
dual not feasible: -58.7678
dual not feasible: -54.4174
dual not feasible: -53.8631
dual not feasible: -54.9082
dual not feasible: -53.3163
dual not feasible: -51.5328
dual not feasible: -53.7113
dual not feasible: -54.8652
dual not feasible: -53.5615
dual not feasible: -55.6969
dual not feasible: -52.4787
dual not feasible: -58.0537
dual not feasible: -51.8923
dual not feasible: -57.356
dual not feasible: -51.2338
dual not feasible: -50.7274
dual not feasible: -53.1182
dual not feasible: -51.113
dual not feasible: -51.8867
dual not feasible: -50.0407
dual not feasible: -59.4069
dual not feasible: -55.8634
dual not feasible: -55.2118
dual not feasible: -53.1734
dual not feasible: -52.4691
dual not feasible: -53.6632
dual not feasible: -57.0442
dual not feasible: -51.2553
dual not feasible: -51.6233
dual not feasible: -52.2431
dual not feasible: -53.9994
dual not feasible: -52.2473
dual not feasible: -51.1713
dual not feasible: -53.5538
dual not feasible: -50.0794
dual not feasible: -52.503
dual not feasible: -51.743
dual not feasible: -51.0776
dual not feasible: -51.5477
dual not feasible: -52.469
dual not feasible: -53.809
dual not feasible: -56.8597
dual not feasible: -51.4808
dual not feasible: -52.3516
dual not feasible: -51.365
dual not feasible: -49.6521
dual not feasible: -55.3618
dual not feasible: -49.9023
dual not feasible: -50.2938
dual not feasible: -51.8548
dual not feasible: -51.6852
dual not feasible: -54.7257
dual not feasible: -50.6067
dual not feasible: -51.3589
dual not feasible: -52.3821
dual not feasible: -51.1506
dual not feasible: -51.4425
dual not feasible: -52.2574
dual not feasible: -50.7516
dual not feasible: -54.6167
dual not feasible: -52.5724
dual not feasible: -49.2569
dual not feasible: -48.8895
dual not feasible: -52.3911
dual not feasible: -51.2913
dual not feasible: -51.8012
dual not feasible: -49.6523
dual not feasible: -50.7324
dual not feasible: -54.8487
dual not feasible: -52.0429
dual not feasible: -50.8172
dual not feasible: -52.7095
dual not feasible: -49.125
dual not feasible: -50.7623
dual not feasible: -51.4709
dual not feasible: -49.7057
dual not feasible: -49.8178
dual not feasible: -50.6213
dual not feasible: -54.908
dual not feasible: -51.713
dual not feasible: -51.8757
dual not feasible: -50.1088
dual not feasible: -49.1524
dual not feasible: -49.0998
dual not feasible: -52.1765
dual not feasible: -49.5332
dual not feasible: -50.1048
dual not feasible: -50.2883
dual not feasible: -54.3429
dual not feasible: -51.3674
dual not feasible: -49.8004
dual not feasible: -50.8109
dual not feasible: -49.7553
dual not feasible: -50.652
dual not feasible: -49.8523
dual not feasible: -52.5902
dual not feasible: -52.4955
dual not feasible: -49.0712
dual not feasible: -50.4157
dual not feasible: -49.6979
dual not feasible: -50.8244
dual not feasible: -52.2569
dual not feasible: -52.0699
dual not feasible: -48.8869
dual not feasible: -50.3447
dual not feasible: -50.2443
dual not feasible: -48.7691
dual not feasible: -49.6821
dual not feasible: -50.5295
dual not feasible: -51.5731
dual not feasible: -49.7381
dual not feasible: -49.8361
dual not feasible: -48.6581
dual not feasible: -50.7793
dual not feasible: -49.5821
dual not feasible: -48.4727
dual not feasible: -49.5161
dual not feasible: -50.0325
dual not feasible: -50.7968
dual not feasible: -50.1374
dual not feasible: -47.4305
dual not feasible: -47.7411
dual not feasible: -50.9138
dual not feasible: -49.9415
dual not feasible: -51.4759
dual not feasible: -51.0097
dual not feasible: -49.4217
dual not feasible: -52.5003
dual not feasible: -49.5145
dual not feasible: -48.9045
dual not feasible: -48.2534
dual not feasible: -49.9831
dual not feasible: -49.0993
dual not feasible: -49.5287
dual not feasible: -49.3357
dual not feasible: -50.6217
dual not feasible: -48.345
dual not feasible: -53.5475
dual not feasible: -51.8608
dual not feasible: -49.6884
dual not feasible: -48.8848
dual not feasible: -48.2062
dual not feasible: -50.5662
dual not feasible: -50.8232
dual not feasible: -48.5791
dual not feasible: -48.587
dual not feasible: -48.6555
dual not feasible: -50.7365
dual not feasible: -48.5143
dual not feasible: -48.2016
dual not feasible: -49.3962
dual not feasible: -49.1664
dual not feasible: -47.9009
dual not feasible: -47.5123
dual not feasible: -51.6829
dual not feasible: -49.961
dual not feasible: -49.4383
dual not feasible: -50.223
dual not feasible: -50.149
dual not feasible: -50.4504
dual not feasible: -51.1442
dual not feasible: -47.2036
dual not feasible: -49.3457
dual not feasible: -49.1798
dual not feasible: -49.6982
dual not feasible: -49.0189
dual not feasible: -49.5926
dual not feasible: -47.4727
dual not feasible: -50.6819
dual not feasible: -49.5501
dual not feasible: -49.9922
dual not feasible: -48.6131
dual not feasible: -49.9425
dual not feasible: -48.9826
dual not feasible: -48.8721
dual not feasible: -48.7764
dual not feasible: -49.1492
dual not feasible: -49.7058
dual not feasible: -47.1117
dual not feasible: -48.1938
dual not feasible: -47.1079
dual not feasible: -50.6928
dual not feasible: -49.128
dual not feasible: -51.4705
dual not feasible: -49.9614
dual not feasible: -50.5826
dual not feasible: -47.3327
dual not feasible: -46.8192
dual not feasible: -47.1481
dual not feasible: -47.805
dual not feasible: -46.922
dual not feasible: -47.6018
dual not feasible: -47.7012
dual not feasible: -50.8981
dual not feasible: -50.9285
dual not feasible: -47.5541
dual not feasible: -47.2114
dual not feasible: -47.2882
dual not feasible: -49.7173
dual not feasible: -48.2552
dual not feasible: -48.6521
dual not feasible: -49.1205
dual not feasible: -49.1448
dual not feasible: -47.3564
dual not feasible: -47.315
dual not feasible: -48.4072
dual not feasible: -47.1192
dual not feasible: -48.8268
dual not feasible: -47.6937
dual not feasible: -46.7513
dual not feasible: -49.9967
dual not feasible: -49.7783
dual not feasible: -51.4011
dual not feasible: -48.8244
dual not feasible: -48.6699
dual not feasible: -46.2735
dual not feasible: -48.7522
dual not feasible: -47.808
dual not feasible: -47.1999
dual not feasible: -47.8613
dual not feasible: -47.0083
dual not feasible: -49.3458
dual not feasible: -49.431
dual not feasible: -46.3303
dual not feasible: -47.7324
dual not feasible: -47.2041
dual not feasible: -47.7892
dual not feasible: -48.1164
dual not feasible: -49.4564
dual not feasible: -47.8183
dual not feasible: -48.0656
dual not feasible: -48.9142
dual not feasible: -47.7857
dual not feasible: -49.9209
dual not feasible: -47.6977
dual not feasible: -47.0266
dual not feasible: -46.9231
dual not feasible: -47.6059
dual not feasible: -46.6214
dual not feasible: -47.425
dual not feasible: -47.7572
dual not feasible: -47.6182
dual not feasible: -48.8526
dual not feasible: -49.873
dual not feasible: -48.1972
dual not feasible: -46.9459
dual not feasible: -47.6823
dual not feasible: -48.4366
dual not feasible: -47.7505
dual not feasible: -49.3853
dual not feasible: -47.361
dual not feasible: -46.0802
dual not feasible: -51.1157
dual not feasible: -48.9509
dual not feasible: -48.5141
dual not feasible: -49.9027
dual not feasible: -48.5357
dual not feasible: -48.8124
dual not feasible: -46.2604
dual not feasible: -47.3761
dual not feasible: -46.3456
dual not feasible: -46.2088
dual not feasible: -50.3578
dual not feasible: -48.4151
dual not feasible: -47.9798
dual not feasible: -47.6815
dual not feasible: -46.5563
dual not feasible: -46.9807
dual not feasible: -46.8624
dual not feasible: -47.6305
dual not feasible: -47.5748
dual not feasible: -46.5068
dual not feasible: -48.8598
dual not feasible: -47.4309
dual not feasible: -47.2489
dual not feasible: -47.6149
dual not feasible: -46.4516
dual not feasible: -48.229
dual not feasible: -47.4554
dual not feasible: -46.3595
dual not feasible: -47.9183
dual not feasible: -46.7895
dual not feasible: -48.0914
dual not feasible: -47.9952
dual not feasible: -47.8608
dual not feasible: -46.9567
dual not feasible: -47.1506
dual not feasible: -46.4572
dual not feasible: -48.9118
dual not feasible: -46.9746
dual not feasible: -46.9133
dual not feasible: -46.9249
dual not feasible: -46.8716
dual not feasible: -47.0707
dual not feasible: -48.1424
dual not feasible: -47.521
dual not feasible: -46.4702
dual not feasible: -47.3685
dual not feasible: -49.0418
dual not feasible: -45.7638
dual not feasible: -46.3119
dual not feasible: -46.5671
dual not feasible: -46.6797
dual not feasible: -47.3692
dual not feasible: -48.1998
dual not feasible: -47.6358
dual not feasible: -48.8405
dual not feasible: -46.4355
dual not feasible: -46.4472
dual not feasible: -46.6138
dual not feasible: -47.0236
dual not feasible: -45.6699
dual not feasible: -46.9135
dual not feasible: -46.7579
dual not feasible: -47.1385
dual not feasible: -47.2513
dual not feasible: -47.8411
dual not feasible: -47.8925
dual not feasible: -46.3297
dual not feasible: -46.8225
dual not feasible: -46.2732
dual not feasible: -48.7799
dual not feasible: -48.1412
dual not feasible: -46.0857
dual not feasible: -45.9591
dual not feasible: -45.6178
dual not feasible: -46.2367
dual not feasible: -45.8801
dual not feasible: -47.2265
dual not feasible: -46.3259
dual not feasible: -46.7676
dual not feasible: -45.785
dual not feasible: -48.9425
dual not feasible: -46.6102
dual not feasible: -46.5908
dual not feasible: -46.4052
dual not feasible: -46.7641
dual not feasible: -47.0406
dual not feasible: -45.4369
dual not feasible: -46.612
dual not feasible: -46.5608
dual not feasible: -45.7944
dual not feasible: -47.161
dual not feasible: -47.4271
dual not feasible: -47.298
dual not feasible: -47.3097
dual not feasible: -47.5488
dual not feasible: -47.2786
dual not feasible: -46.2963
dual not feasible: -47.3017
dual not feasible: -46.7949
dual not feasible: -47.4939
dual not feasible: -46.1694
STATS - lpIterations[89] lagIterations[23491] sspIterations[23491] numSeparations[23303] numCuts[0] compileTime[0] sspSolveTime[1477] lpSolveTime[0] lb[648.984] ub[771.79] size: [35957] time: [2637]
dual not feasible: -46.0584
dual not feasible: -50.9044
dual not feasible: -56.9071
dual not feasible: -64.2873
dual not feasible: -65.0764
dual not feasible: -63.5743
dual not feasible: -75.4531
dual not feasible: -71.1528
dual not feasible: -74.07
dual not feasible: -71.2512
dual not feasible: -57.5903
dual not feasible: -61.71
dual not feasible: -60.8154
dual not feasible: -60.8114
dual not feasible: -61.261
dual not feasible: -62.0203
dual not feasible: -71.4805
dual not feasible: -63.9662
dual not feasible: -64.206
dual not feasible: -59.1368
dual not feasible: -61.3192
dual not feasible: -67.9068
dual not feasible: -71.2504
dual not feasible: -60.3926
dual not feasible: -61.8273
dual not feasible: -71.7521
dual not feasible: -64.9216
dual not feasible: -61.8968
dual not feasible: -64.9929
dual not feasible: -65.9481
dual not feasible: -59.5094
dual not feasible: -63.7889
dual not feasible: -58.9863
dual not feasible: -60.7781
dual not feasible: -56.3849
dual not feasible: -57.2065
dual not feasible: -61.3683
dual not feasible: -62.6881
dual not feasible: -61.6082
dual not feasible: -69.4394
dual not feasible: -68.9454
dual not feasible: -62.801
dual not feasible: -57.687
dual not feasible: -59.6643
dual not feasible: -56.8165
dual not feasible: -57.8194
dual not feasible: -55.924
dual not feasible: -56.7853
dual not feasible: -60.9361
dual not feasible: -59.0167
dual not feasible: -61.3898
dual not feasible: -62.3023
dual not feasible: -61.8568
dual not feasible: -62.5978
dual not feasible: -57.3081
dual not feasible: -57.045
dual not feasible: -60.1314
dual not feasible: -57.2741
dual not feasible: -54.3187
dual not feasible: -54.1722
dual not feasible: -54.0686
dual not feasible: -58.191
dual not feasible: -62.0788
dual not feasible: -59.3767
dual not feasible: -59.3697
dual not feasible: -56.1703
dual not feasible: -57.4012
dual not feasible: -60.6894
dual not feasible: -56.9341
dual not feasible: -56.0278
dual not feasible: -61.5808
dual not feasible: -61.4428
dual not feasible: -59.3595
dual not feasible: -55.208
dual not feasible: -58.1575
dual not feasible: -58.4775
dual not feasible: -57.6742
dual not feasible: -56.3785
dual not feasible: -54.7129
dual not feasible: -64.4522
dual not feasible: -57.8494
dual not feasible: -58.2998
dual not feasible: -55.8976
dual not feasible: -52.2699
dual not feasible: -59.1524
dual not feasible: -54.821
dual not feasible: -53.9328
dual not feasible: -54.0268
dual not feasible: -55.9703
dual not feasible: -57.8406
dual not feasible: -56.2387
dual not feasible: -53.7857
dual not feasible: -52.3025
dual not feasible: -52.3265
dual not feasible: -55.7883
dual not feasible: -51.0479
dual not feasible: -53.4975
dual not feasible: -55.9632
dual not feasible: -55.8897
dual not feasible: -59.7991
dual not feasible: -56.7796
dual not feasible: -55.2059
STATS - lpIterations[90] lagIterations[23593] sspIterations[23593] numSeparations[23404] numCuts[0] compileTime[0] sspSolveTime[1489] lpSolveTime[0] lb[648.984] ub[771.79] size: [36066] time: [2658]
dual not feasible: -54.8926
dual not feasible: -61.5827
dual not feasible: -58.3345
dual not feasible: -67.8204
dual not feasible: -60.8219
dual not feasible: -65.4095
dual not feasible: -67.0214
dual not feasible: -71.6243
dual not feasible: -65.7369
dual not feasible: -75.1542
dual not feasible: -60.7386
dual not feasible: -64.6138
dual not feasible: -64.1838
dual not feasible: -60.2023
dual not feasible: -73.6106
dual not feasible: -68.5236
dual not feasible: -69.3619
dual not feasible: -63.3487
dual not feasible: -64.356
dual not feasible: -69.7752
dual not feasible: -70.0172
dual not feasible: -66.5515
dual not feasible: -66.1611
dual not feasible: -63.7794
dual not feasible: -58.2409
dual not feasible: -65.7872
dual not feasible: -58.9581
dual not feasible: -59.3689
dual not feasible: -63.9021
dual not feasible: -59.4809
dual not feasible: -63.3457
dual not feasible: -64.773
dual not feasible: -60.8958
dual not feasible: -67.4673
dual not feasible: -64.8556
dual not feasible: -61.147
dual not feasible: -63.8979
dual not feasible: -56.9665
dual not feasible: -59.9068
dual not feasible: -57.4272
dual not feasible: -58.3934
dual not feasible: -56.7945
dual not feasible: -63.441
dual not feasible: -62.8802
dual not feasible: -62.0695
dual not feasible: -60.4249
dual not feasible: -59.652
dual not feasible: -61.8346
dual not feasible: -61.4401
dual not feasible: -57.2344
dual not feasible: -55.2962
dual not feasible: -53.6446
dual not feasible: -55.541
dual not feasible: -64.7325
dual not feasible: -62.467
dual not feasible: -58.4134
dual not feasible: -56.9844
dual not feasible: -60.05
dual not feasible: -59.7431
dual not feasible: -59.4547
dual not feasible: -60.4419
dual not feasible: -61.0796
dual not feasible: -66.4169
dual not feasible: -55.408
dual not feasible: -55.3621
dual not feasible: -55.4338
dual not feasible: -57.2191
dual not feasible: -57.8192
dual not feasible: -56.655
dual not feasible: -55.5941
dual not feasible: -56.878
dual not feasible: -59.2992
dual not feasible: -55.0669
dual not feasible: -53.5762
dual not feasible: -53.5441
dual not feasible: -64.9747
dual not feasible: -63.1105
dual not feasible: -59.6539
dual not feasible: -58.8247
dual not feasible: -56.2687
dual not feasible: -59.2019
dual not feasible: -58.4402
dual not feasible: -58.3283
dual not feasible: -56.5906
dual not feasible: -52.2598
dual not feasible: -54.6594
dual not feasible: -55.34
dual not feasible: -61.8136
dual not feasible: -57.6326
dual not feasible: -55.568
dual not feasible: -52.085
dual not feasible: -52.7962
dual not feasible: -54.4774
dual not feasible: -57.7337
dual not feasible: -54.2829
dual not feasible: -56.6947
dual not feasible: -54.2558
dual not feasible: -57.1991
dual not feasible: -62.2124
dual not feasible: -53.8088
dual not feasible: -51.7098
dual not feasible: -52.9182
dual not feasible: -55.4646
dual not feasible: -55.3959
dual not feasible: -53.1542
dual not feasible: -49.9654
dual not feasible: -51.5687
dual not feasible: -54.3523
dual not feasible: -57.0909
dual not feasible: -55.7335
dual not feasible: -59.3648
dual not feasible: -60.2355
dual not feasible: -54.2298
dual not feasible: -56.7329
dual not feasible: -49.6673
dual not feasible: -56.8532
dual not feasible: -56.1468
dual not feasible: -54.4964
dual not feasible: -54.2498
dual not feasible: -52.6046
dual not feasible: -51.6986
dual not feasible: -54.7275
dual not feasible: -59.9289
dual not feasible: -51.5413
dual not feasible: -51.1228
dual not feasible: -54.2145
dual not feasible: -52.8761
dual not feasible: -53.9182
dual not feasible: -53.4868
dual not feasible: -52.936
dual not feasible: -52.2984
dual not feasible: -53.0233
dual not feasible: -56.5089
dual not feasible: -50.32
dual not feasible: -51.2604
dual not feasible: -53.2833
dual not feasible: -51.1992
dual not feasible: -52.1013
dual not feasible: -55.9525
dual not feasible: -56.5294
dual not feasible: -54.2732
dual not feasible: -57.5255
dual not feasible: -50.9383
dual not feasible: -52.7629
dual not feasible: -53.588
dual not feasible: -53.3411
dual not feasible: -50.9354
dual not feasible: -53.2619
dual not feasible: -54.3177
dual not feasible: -52.5753
dual not feasible: -53.2253
dual not feasible: -49.7769
dual not feasible: -52.2209
dual not feasible: -51.3277
dual not feasible: -51.2494
dual not feasible: -50.8615
dual not feasible: -51.8065
dual not feasible: -51.9163
dual not feasible: -50.5546
dual not feasible: -53.7812
dual not feasible: -51.8634
dual not feasible: -52.9788
dual not feasible: -52.367
dual not feasible: -52.4756
dual not feasible: -53.3239
dual not feasible: -55.5609
dual not feasible: -51.0989
dual not feasible: -51.0388
dual not feasible: -51.2054
dual not feasible: -52.5142
dual not feasible: -49.8808
dual not feasible: -50.02
dual not feasible: -51.0914
dual not feasible: -51.9891
dual not feasible: -50.3432
dual not feasible: -55.5819
dual not feasible: -51.7163
dual not feasible: -55.4106
dual not feasible: -50.0104
dual not feasible: -52.4793
dual not feasible: -50.9677
dual not feasible: -49.1582
dual not feasible: -49.9417
dual not feasible: -57.4552
dual not feasible: -50.992
dual not feasible: -52.0267
dual not feasible: -53.3296
dual not feasible: -50.9232
dual not feasible: -51.3815
dual not feasible: -52.0631
dual not feasible: -49.5418
dual not feasible: -50.2149
dual not feasible: -48.6514
dual not feasible: -54.954
dual not feasible: -51.8547
dual not feasible: -49.8837
dual not feasible: -50.5538
dual not feasible: -51.1193
dual not feasible: -52.921
dual not feasible: -49.6805
dual not feasible: -52.0315
dual not feasible: -50.911
dual not feasible: -48.0277
dual not feasible: -50.459
dual not feasible: -51.0434
dual not feasible: -54.5424
dual not feasible: -47.9738
dual not feasible: -48.3009
dual not feasible: -48.6079
dual not feasible: -50.4518
dual not feasible: -51.0949
dual not feasible: -49.885
dual not feasible: -51.7768
dual not feasible: -50.7019
dual not feasible: -51.5798
dual not feasible: -49.1336
dual not feasible: -49.56
dual not feasible: -47.755
dual not feasible: -48.1197
dual not feasible: -49.4866
dual not feasible: -51.7812
dual not feasible: -51.3522
dual not feasible: -49.0078
dual not feasible: -51.8917
dual not feasible: -49.6756
dual not feasible: -50.6908
dual not feasible: -49.3889
dual not feasible: -47.9764
dual not feasible: -48.1215
dual not feasible: -50.0031
dual not feasible: -48.7365
dual not feasible: -48.7722
dual not feasible: -49.861
dual not feasible: -53.1087
dual not feasible: -52.2062
dual not feasible: -49.9345
dual not feasible: -47.5101
dual not feasible: -48.4447
dual not feasible: -49.9471
dual not feasible: -52.0416
dual not feasible: -49.4317
dual not feasible: -47.9887
dual not feasible: -49.1677
dual not feasible: -51.2759
dual not feasible: -49.5468
dual not feasible: -49.1484
dual not feasible: -49.4053
dual not feasible: -48.2158
dual not feasible: -48.3419
dual not feasible: -52.3546
dual not feasible: -48.6308
dual not feasible: -48.8012
dual not feasible: -52.2837
dual not feasible: -52.5949
dual not feasible: -50.4856
dual not feasible: -47.8861
dual not feasible: -47.6962
dual not feasible: -48.2708
dual not feasible: -48.2094
dual not feasible: -49.7232
dual not feasible: -49.3337
dual not feasible: -52.2888
dual not feasible: -49.9004
dual not feasible: -49.2187
dual not feasible: -48.7728
dual not feasible: -48.1473
dual not feasible: -49.6577
dual not feasible: -49.5422
dual not feasible: -49.5006
dual not feasible: -48.1744
dual not feasible: -49.1807
dual not feasible: -49.473
dual not feasible: -47.832
dual not feasible: -49.6963
dual not feasible: -53.5244
dual not feasible: -53.1453
dual not feasible: -48.2917
dual not feasible: -47.3065
dual not feasible: -48.9658
dual not feasible: -48.0607
dual not feasible: -48.3819
dual not feasible: -47.2596
dual not feasible: -52.3363
dual not feasible: -50.9595
dual not feasible: -50.5355
dual not feasible: -49.5707
dual not feasible: -46.9394
dual not feasible: -48.8019
dual not feasible: -48.9087
dual not feasible: -48.9987
dual not feasible: -47.2354
dual not feasible: -48.7826
dual not feasible: -49.8938
dual not feasible: -50.4577
dual not feasible: -49.5935
dual not feasible: -49.9773
dual not feasible: -49.5907
dual not feasible: -47.9519
dual not feasible: -47.7251
dual not feasible: -47.9047
dual not feasible: -47.3766
dual not feasible: -47.1275
dual not feasible: -48.3623
dual not feasible: -49.4457
dual not feasible: -48.7794
dual not feasible: -49.325
dual not feasible: -47.2024
dual not feasible: -47.4683
dual not feasible: -48.628
dual not feasible: -47.8732
dual not feasible: -53.5349
dual not feasible: -48.107
dual not feasible: -47.5181
dual not feasible: -48.5548
dual not feasible: -48.0345
dual not feasible: -48.9732
dual not feasible: -48.9196
dual not feasible: -49.5637
dual not feasible: -46.33
dual not feasible: -47.5293
dual not feasible: -48.7893
dual not feasible: -49.0247
dual not feasible: -49.4639
dual not feasible: -47.8389
dual not feasible: -47.2902
dual not feasible: -46.3156
dual not feasible: -48.7688
dual not feasible: -48.408
dual not feasible: -48.4396
dual not feasible: -47.1696
dual not feasible: -50.7178
dual not feasible: -47.067
dual not feasible: -47.0104
dual not feasible: -47.7977
dual not feasible: -49.0716
dual not feasible: -47.4057
dual not feasible: -48.1712
dual not feasible: -49.2241
dual not feasible: -47.1049
dual not feasible: -47.787
dual not feasible: -47.4998
dual not feasible: -48.1719
dual not feasible: -48.382
dual not feasible: -47.7837
dual not feasible: -45.8759
dual not feasible: -47.3614
dual not feasible: -47.0842
dual not feasible: -48.3699
dual not feasible: -49.1617
dual not feasible: -47.3688
dual not feasible: -49.6223
dual not feasible: -47.567
dual not feasible: -46.0312
dual not feasible: -46.5583
dual not feasible: -46.4712
dual not feasible: -46.8223
dual not feasible: -48.1179
dual not feasible: -47.3509
dual not feasible: -49.5952
dual not feasible: -46.0953
dual not feasible: -47.4283
dual not feasible: -47.4364
dual not feasible: -49.9272
dual not feasible: -48.6386
dual not feasible: -47.8707
dual not feasible: -45.7693
dual not feasible: -46.4072
dual not feasible: -46.8435
dual not feasible: -46.0738
dual not feasible: -47.7764
dual not feasible: -47.0823
dual not feasible: -46.096
dual not feasible: -48.2001
dual not feasible: -48.925
dual not feasible: -49.2344
dual not feasible: -49.4353
dual not feasible: -46.8111
dual not feasible: -46.635
dual not feasible: -46.4404
dual not feasible: -45.7929
dual not feasible: -46.6759
dual not feasible: -47.1692
dual not feasible: -50.088
dual not feasible: -48.2746
dual not feasible: -47.8137
dual not feasible: -46.2167
dual not feasible: -45.9784
dual not feasible: -45.5624
dual not feasible: -46.5919
dual not feasible: -46.7985
dual not feasible: -48.1946
dual not feasible: -48.6562
dual not feasible: -49.1175
dual not feasible: -47.5376
dual not feasible: -47.0323
dual not feasible: -46.5576
dual not feasible: -46.4781
dual not feasible: -47.3943
dual not feasible: -47.0346
dual not feasible: -47.2275
dual not feasible: -46.4011
dual not feasible: -46.8773
dual not feasible: -48.0027
dual not feasible: -46.1298
dual not feasible: -47.1121
dual not feasible: -47.3283
dual not feasible: -47.6115
dual not feasible: -47.3853
dual not feasible: -47.0109
dual not feasible: -47.5201
dual not feasible: -47.4952
dual not feasible: -48.847
dual not feasible: -46.3228
dual not feasible: -46.6888
dual not feasible: -46.2372
dual not feasible: -46.616
dual not feasible: -45.7252
dual not feasible: -45.9343
dual not feasible: -46.639
dual not feasible: -46.3484
dual not feasible: -46.4741
dual not feasible: -49.4013
dual not feasible: -47.9044
dual not feasible: -45.9917
dual not feasible: -47.3276
dual not feasible: -45.5279
dual not feasible: -47.258
dual not feasible: -46.7792
dual not feasible: -47.001
dual not feasible: -46.0862
dual not feasible: -47.8013
dual not feasible: -46.5615
dual not feasible: -46.968
dual not feasible: -46.7591
dual not feasible: -45.2552
STATS - lpIterations[90] lagIterations[24028] sspIterations[24028] numSeparations[23838] numCuts[0] compileTime[0] sspSolveTime[1539] lpSolveTime[0] lb[649.11] ub[771.79] size: [36544] time: [2748]
dual not feasible: -46.0546
dual not feasible: -46.5998
dual not feasible: -46.4838
dual not feasible: -45.4561
dual not feasible: -46.1065
dual not feasible: -45.6046
dual not feasible: -47.2672
dual not feasible: -49.3676
dual not feasible: -48.3845
dual not feasible: -46.7927
dual not feasible: -47.3324
dual not feasible: -46.7056
dual not feasible: -46.763
dual not feasible: -49.0659
dual not feasible: -48.0329
dual not feasible: -46.4655
dual not feasible: -46.8897
dual not feasible: -47.255
dual not feasible: -46.5771
dual not feasible: -47.4565
dual not feasible: -46.7148
dual not feasible: -46.2941
dual not feasible: -46.0935
dual not feasible: -48.84
dual not feasible: -46.6556
dual not feasible: -47.0131
dual not feasible: -45.8812
dual not feasible: -46.1311
dual not feasible: -46.931
dual not feasible: -46.5559
dual not feasible: -47.2446
dual not feasible: -46.5114
dual not feasible: -46.8494
dual not feasible: -46.9182
dual not feasible: -46.0258
dual not feasible: -46.825
dual not feasible: -47.2894
dual not feasible: -46.3524
dual not feasible: -45.6229
dual not feasible: -46.2244
dual not feasible: -46.7232
dual not feasible: -46.402
dual not feasible: -47.0476
dual not feasible: -47.0688
dual not feasible: -47.1184
dual not feasible: -45.889
dual not feasible: -46.5783
dual not feasible: -46.3972
dual not feasible: -46.1923
dual not feasible: -45.5979
dual not feasible: -45.3595
dual not feasible: -47.7172
dual not feasible: -46.7212
dual not feasible: -46.1642
STATS - lpIterations[91] lagIterations[24082] sspIterations[24082] numSeparations[23892] numCuts[0] compileTime[0] sspSolveTime[1545] lpSolveTime[0] lb[649.11] ub[771.79] size: [36600] time: [2760]
dual not feasible: -47.0682
dual not feasible: -50.7598
dual not feasible: -55.6449
dual not feasible: -59.0819
dual not feasible: -63.5187
dual not feasible: -77.4332
dual not feasible: -69.1545
dual not feasible: -69.5135
dual not feasible: -74.6413
dual not feasible: -67.4365
dual not feasible: -71.1197
dual not feasible: -70.716
dual not feasible: -61.1001
dual not feasible: -58.6808
dual not feasible: -61.0279
dual not feasible: -58.7941
dual not feasible: -63.5819
dual not feasible: -63.4369
dual not feasible: -64.9834
dual not feasible: -62.0489
dual not feasible: -66.7779
dual not feasible: -73.6626
dual not feasible: -67.3112
dual not feasible: -58.8316
dual not feasible: -66.1715
dual not feasible: -70.3528
dual not feasible: -63.0132
dual not feasible: -66.4976
dual not feasible: -57.7441
dual not feasible: -59.5867
dual not feasible: -64.783
dual not feasible: -68.8705
dual not feasible: -71.3805
dual not feasible: -66.4634
dual not feasible: -61.7841
dual not feasible: -58.517
dual not feasible: -64.7267
dual not feasible: -60.8171
dual not feasible: -54.713
dual not feasible: -67.3385
dual not feasible: -66.6254
dual not feasible: -66.1498
dual not feasible: -59.4607
dual not feasible: -62.8542
dual not feasible: -56.2197
dual not feasible: -62.9899
dual not feasible: -62.9175
dual not feasible: -58.2285
dual not feasible: -59.6306
dual not feasible: -58.3657
dual not feasible: -59.7001
dual not feasible: -57.2129
dual not feasible: -58.6085
dual not feasible: -60.0291
dual not feasible: -55.5676
dual not feasible: -54.436
dual not feasible: -58.5282
dual not feasible: -59.439
dual not feasible: -62.5447
dual not feasible: -58.7183
dual not feasible: -54.1515
dual not feasible: -58.9225
dual not feasible: -58.6987
dual not feasible: -57.4095
dual not feasible: -59.6296
dual not feasible: -56.3997
dual not feasible: -65.667
dual not feasible: -59.684
dual not feasible: -58.7161
dual not feasible: -55.1496
dual not feasible: -54.2262
dual not feasible: -60.3084
dual not feasible: -57.3219
dual not feasible: -55.3609
dual not feasible: -62.0421
dual not feasible: -58.9803
dual not feasible: -61.72
dual not feasible: -58.1059
dual not feasible: -59.4829
dual not feasible: -56.5754
dual not feasible: -56.0996
dual not feasible: -56.1012
dual not feasible: -54.6778
dual not feasible: -56.3739
dual not feasible: -57.986
dual not feasible: -53.4292
dual not feasible: -57.4791
dual not feasible: -56.0266
dual not feasible: -58.3621
dual not feasible: -52.4433
dual not feasible: -59.7467
dual not feasible: -55.1848
dual not feasible: -54.2581
dual not feasible: -63.9115
dual not feasible: -58.272
dual not feasible: -53.5748
dual not feasible: -54.5062
dual not feasible: -56.9321
dual not feasible: -56.9141
dual not feasible: -57.869
dual not feasible: -53.0657
dual not feasible: -55.7658
STATS - lpIterations[92] lagIterations[24184] sspIterations[24184] numSeparations[23993] numCuts[0] compileTime[0] sspSolveTime[1558] lpSolveTime[0] lb[649.11] ub[771.79] size: [36731] time: [2781]
dual not feasible: -52.8426
dual not feasible: -65.9191
dual not feasible: -59.8175
dual not feasible: -60.7351
dual not feasible: -60.8353
dual not feasible: -62.9654
dual not feasible: -69.7743
dual not feasible: -69.356
dual not feasible: -61.0287
dual not feasible: -68.9453
dual not feasible: -67.6461
dual not feasible: -73.0316
dual not feasible: -62.9417
dual not feasible: -61.4592
dual not feasible: -68.1874
dual not feasible: -67.5627
dual not feasible: -65.7422
dual not feasible: -66.1505
dual not feasible: -62.1359
dual not feasible: -64.9266
dual not feasible: -66.323
dual not feasible: -63.9425
dual not feasible: -64.0162
dual not feasible: -60.4679
dual not feasible: -61.8997
dual not feasible: -62.7922
dual not feasible: -59.9201
dual not feasible: -58.4273
dual not feasible: -58.0319
dual not feasible: -67.5887
dual not feasible: -66.0148
dual not feasible: -60.0068
dual not feasible: -61.0047
dual not feasible: -66.9003
dual not feasible: -65.0938
dual not feasible: -70.0412
dual not feasible: -59.1105
dual not feasible: -60.2463
dual not feasible: -58.1806
dual not feasible: -61.4447
dual not feasible: -60.2609
dual not feasible: -60.9949
dual not feasible: -66.027
dual not feasible: -69.536
dual not feasible: -70.0857
dual not feasible: -63.5671
dual not feasible: -59.5655
dual not feasible: -57.8479
dual not feasible: -57.4252
dual not feasible: -55.395
dual not feasible: -58.613
dual not feasible: -58.4832
dual not feasible: -65.5013
dual not feasible: -60.3687
dual not feasible: -60.9175
dual not feasible: -58.8067
dual not feasible: -57.9983
dual not feasible: -58.7672
dual not feasible: -57.3139
dual not feasible: -58.6571
dual not feasible: -60.1071
dual not feasible: -59.2368
dual not feasible: -58.31
dual not feasible: -59.3984
dual not feasible: -58.6531
dual not feasible: -59.6755
dual not feasible: -57.4156
dual not feasible: -54.1966
dual not feasible: -58.9513
dual not feasible: -58.4369
dual not feasible: -56.4528
dual not feasible: -55.1743
dual not feasible: -55.7441
dual not feasible: -61.7682
dual not feasible: -56.4574
dual not feasible: -53.7458
dual not feasible: -55.0282
dual not feasible: -59.1373
dual not feasible: -56.0247
dual not feasible: -60.249
dual not feasible: -54.5921
dual not feasible: -55.963
dual not feasible: -58.1263
dual not feasible: -55.8051
dual not feasible: -56.6169
dual not feasible: -53.9708
dual not feasible: -54.5971
dual not feasible: -54.3056
dual not feasible: -56.2117
dual not feasible: -57.9021
dual not feasible: -57.5341
dual not feasible: -57.9997
dual not feasible: -53.8547
dual not feasible: -51.9034
dual not feasible: -56.3962
dual not feasible: -54.5928
dual not feasible: -51.6159
dual not feasible: -53.9288
dual not feasible: -55.6909
dual not feasible: -56.5887
dual not feasible: -57.6672
dual not feasible: -56.6484
dual not feasible: -54.4319
dual not feasible: -52.3169
dual not feasible: -52.9255
dual not feasible: -52.22
dual not feasible: -56.9842
dual not feasible: -57.3349
dual not feasible: -53.937
dual not feasible: -57.2906
dual not feasible: -58.9839
dual not feasible: -54.7563
dual not feasible: -56.7943
dual not feasible: -53.7153
dual not feasible: -55.9465
dual not feasible: -51.2802
dual not feasible: -51.2966
dual not feasible: -53.5559
dual not feasible: -54.5495
dual not feasible: -55.1829
dual not feasible: -59.1848
dual not feasible: -56.2574
dual not feasible: -56.7693
dual not feasible: -53.4699
dual not feasible: -51.7792
dual not feasible: -52.786
dual not feasible: -54.1738
dual not feasible: -51.4645
dual not feasible: -53.3493
dual not feasible: -55.9691
dual not feasible: -53.344
dual not feasible: -54.4292
dual not feasible: -52.105
dual not feasible: -52.2134
dual not feasible: -54.753
dual not feasible: -50.7918
dual not feasible: -51.3999
dual not feasible: -54.4379
dual not feasible: -51.8225
dual not feasible: -54.2286
dual not feasible: -52.8161
dual not feasible: -53.7884
dual not feasible: -55.1588
dual not feasible: -51.0062
dual not feasible: -51.4887
dual not feasible: -56.8756
dual not feasible: -55.8556
dual not feasible: -51.0985
dual not feasible: -52.6375
dual not feasible: -51.0141
dual not feasible: -52.9817
dual not feasible: -53.7952
dual not feasible: -52.1929
dual not feasible: -50.3068
dual not feasible: -50.3222
dual not feasible: -52.7096
dual not feasible: -55.8152
dual not feasible: -56.1509
dual not feasible: -55.8709
dual not feasible: -51.7604
dual not feasible: -50.6564
dual not feasible: -53.1266
dual not feasible: -51.1522
dual not feasible: -51.4246
dual not feasible: -51.9256
dual not feasible: -51.4648
dual not feasible: -55.825
dual not feasible: -54.12
dual not feasible: -51.9992
dual not feasible: -49.4782
dual not feasible: -51.4877
dual not feasible: -51.6739
dual not feasible: -56.1316
dual not feasible: -51.3398
dual not feasible: -51.0485
dual not feasible: -52.4445
dual not feasible: -51.1744
dual not feasible: -51.0046
dual not feasible: -50.2689
dual not feasible: -48.1204
dual not feasible: -49.7997
dual not feasible: -50.5146
dual not feasible: -50.6063
dual not feasible: -50.8846
dual not feasible: -53.9634
dual not feasible: -56.6772
dual not feasible: -55.0037
dual not feasible: -47.8304
dual not feasible: -52.7355
dual not feasible: -49.981
dual not feasible: -48.7826
dual not feasible: -50.9314
dual not feasible: -50.3265
dual not feasible: -50.2729
dual not feasible: -51.7679
dual not feasible: -52.0515
dual not feasible: -49.9656
dual not feasible: -49.4546
dual not feasible: -49.6844
dual not feasible: -49.0885
dual not feasible: -52.4735
dual not feasible: -50.4511
dual not feasible: -49.8791
dual not feasible: -49.5754
dual not feasible: -52.4673
dual not feasible: -51.272
dual not feasible: -53.3077
dual not feasible: -48.391
dual not feasible: -51.7099
dual not feasible: -50.829
dual not feasible: -49.0083
dual not feasible: -48.1451
dual not feasible: -48.9318
dual not feasible: -51.6881
dual not feasible: -53.2245
dual not feasible: -51.5257
dual not feasible: -49.9476
dual not feasible: -52.8668
dual not feasible: -49.1667
dual not feasible: -50.1114
dual not feasible: -49.0168
dual not feasible: -50.5111
dual not feasible: -51.7888
dual not feasible: -49.0309
dual not feasible: -48.4369
dual not feasible: -49.4033
dual not feasible: -49.378
dual not feasible: -53.4146
dual not feasible: -49.8806
dual not feasible: -49.5432
dual not feasible: -48.6005
dual not feasible: -50.6036
dual not feasible: -49.5225
dual not feasible: -50.7169
dual not feasible: -48.6935
dual not feasible: -50.2679
dual not feasible: -47.731
dual not feasible: -48.7753
dual not feasible: -48.5916
dual not feasible: -48.5863
dual not feasible: -48.32
dual not feasible: -52.7896
dual not feasible: -50.2517
dual not feasible: -49.7267
dual not feasible: -48.411
dual not feasible: -50.122
dual not feasible: -51.892
dual not feasible: -49.3487
dual not feasible: -48.7685
dual not feasible: -49.1426
dual not feasible: -50.2377
dual not feasible: -52.3415
dual not feasible: -49.6055
dual not feasible: -50.7265
dual not feasible: -48.8922
dual not feasible: -47.0317
dual not feasible: -51.0167
dual not feasible: -49.7466
dual not feasible: -49.2627
dual not feasible: -48.0768
dual not feasible: -49.6474
dual not feasible: -51.1368
dual not feasible: -49.5227
dual not feasible: -49.2618
dual not feasible: -48.6695
dual not feasible: -48.3936
dual not feasible: -47.2492
dual not feasible: -47.9502
dual not feasible: -49.1461
dual not feasible: -50.0745
dual not feasible: -47.8458
dual not feasible: -53.0253
dual not feasible: -48.497
dual not feasible: -50.8818
dual not feasible: -49.5839
dual not feasible: -48.1942
dual not feasible: -47.3272
dual not feasible: -49.8036
dual not feasible: -46.5069
dual not feasible: -47.0621
dual not feasible: -49.205
dual not feasible: -49.197
dual not feasible: -52.7872
dual not feasible: -48.8385
dual not feasible: -47.8864
dual not feasible: -48.9608
dual not feasible: -49.3069
dual not feasible: -49.8822
dual not feasible: -50.3441
dual not feasible: -48.1654
dual not feasible: -51.5365
dual not feasible: -48.583
dual not feasible: -49.0662
dual not feasible: -47.5332
dual not feasible: -47.9665
dual not feasible: -49.4609
dual not feasible: -47.3376
dual not feasible: -47.0452
dual not feasible: -50.8323
dual not feasible: -48.7023
dual not feasible: -48.3246
dual not feasible: -50.2267
dual not feasible: -49.4245
dual not feasible: -47.6569
dual not feasible: -49.9016
dual not feasible: -48.8277
dual not feasible: -49.2691
dual not feasible: -47.2175
dual not feasible: -47.4491
dual not feasible: -46.9759
dual not feasible: -47.6775
dual not feasible: -50.6762
dual not feasible: -50.1768
dual not feasible: -48.7907
dual not feasible: -47.7886
dual not feasible: -49.4135
dual not feasible: -48.0797
dual not feasible: -46.9224
dual not feasible: -46.6282
dual not feasible: -47.8765
dual not feasible: -47.4711
dual not feasible: -48.1742
dual not feasible: -48.9529
dual not feasible: -48.2466
dual not feasible: -47.7698
dual not feasible: -50.3631
dual not feasible: -48.2548
dual not feasible: -48.1231
dual not feasible: -48.502
dual not feasible: -47.1496
dual not feasible: -48.8459
dual not feasible: -47.8372
dual not feasible: -49.5612
dual not feasible: -46.97
dual not feasible: -46.9984
dual not feasible: -48.3005
dual not feasible: -48.8178
dual not feasible: -48.6651
dual not feasible: -48.5393
dual not feasible: -48.1757
dual not feasible: -46.218
dual not feasible: -46.5685
dual not feasible: -49.2654
dual not feasible: -47.4801
dual not feasible: -46.1454
dual not feasible: -48.2829
dual not feasible: -48.0479
dual not feasible: -48.5777
dual not feasible: -49.1067
dual not feasible: -49.3864
dual not feasible: -47.7747
dual not feasible: -46.2292
dual not feasible: -47.9037
dual not feasible: -47.2864
dual not feasible: -46.8825
dual not feasible: -46.4584
dual not feasible: -47.8085
dual not feasible: -49.5551
dual not feasible: -48.4154
dual not feasible: -48.573
dual not feasible: -49.4739
dual not feasible: -47.9871
dual not feasible: -46.6865
dual not feasible: -48.3876
dual not feasible: -47.6143
dual not feasible: -47.8632
dual not feasible: -47.3535
dual not feasible: -47.2566
dual not feasible: -48.1292
dual not feasible: -48.2242
dual not feasible: -47.2917
dual not feasible: -47.7476
dual not feasible: -47.1664
dual not feasible: -47.1214
dual not feasible: -47.0538
dual not feasible: -48.4834
dual not feasible: -47.0044
dual not feasible: -47.5388
dual not feasible: -48.3687
dual not feasible: -47.2405
dual not feasible: -46.9209
dual not feasible: -46.1783
dual not feasible: -47.451
dual not feasible: -46.5651
dual not feasible: -47.3155
dual not feasible: -48.0453
dual not feasible: -49.0799
dual not feasible: -47.378
dual not feasible: -48.3367
dual not feasible: -46.4174
dual not feasible: -46.887
dual not feasible: -48.3238
dual not feasible: -48.1447
dual not feasible: -45.4542
dual not feasible: -46.2333
dual not feasible: -46.808
dual not feasible: -46.6025
dual not feasible: -48.0715
dual not feasible: -48.4975
dual not feasible: -48.0084
dual not feasible: -48.1407
dual not feasible: -47.0543
dual not feasible: -46.7359
dual not feasible: -47.5022
dual not feasible: -46.8908
dual not feasible: -46.1729
dual not feasible: -47.0388
dual not feasible: -47.2376
dual not feasible: -48.285
dual not feasible: -48.3202
dual not feasible: -47.2236
dual not feasible: -47.6213
dual not feasible: -46.2293
dual not feasible: -47.0765
dual not feasible: -45.5142
dual not feasible: -46.002
dual not feasible: -47.0718
dual not feasible: -47.8812
dual not feasible: -47.7958
dual not feasible: -46.8888
dual not feasible: -46.7966
dual not feasible: -46.5442
dual not feasible: -47.0892
dual not feasible: -46.3835
dual not feasible: -45.9123
dual not feasible: -46.0719
dual not feasible: -48.7276
dual not feasible: -46.2885
dual not feasible: -46.7552
dual not feasible: -46.0051
dual not feasible: -45.7871
dual not feasible: -46.5608
dual not feasible: -46.9213
dual not feasible: -49.0653
dual not feasible: -46.1185
dual not feasible: -46.9854
dual not feasible: -46.1849
dual not feasible: -47.4088
dual not feasible: -47.4696
dual not feasible: -47.5661
dual not feasible: -47.0948
dual not feasible: -45.6627
dual not feasible: -46.3018
dual not feasible: -47.3557
dual not feasible: -46.834
dual not feasible: -45.7475
dual not feasible: -46.2254
dual not feasible: -47.756
dual not feasible: -47.126
dual not feasible: -48.6465
dual not feasible: -47.5139
dual not feasible: -46.4665
dual not feasible: -46.3177
dual not feasible: -45.736
dual not feasible: -45.1794
STATS - lpIterations[92] lagIterations[24639] sspIterations[24639] numSeparations[24447] numCuts[0] compileTime[0] sspSolveTime[1611] lpSolveTime[0] lb[649.358] ub[771.79] size: [37257] time: [2877]
dual not feasible: -46.0554
dual not feasible: -46.2552
dual not feasible: -46.3932
dual not feasible: -48.4467
dual not feasible: -47.6952
dual not feasible: -45.7498
dual not feasible: -47.9959
dual not feasible: -46.3333
dual not feasible: -48.1707
dual not feasible: -45.7601
dual not feasible: -46.3057
dual not feasible: -46.0203
dual not feasible: -45.6265
dual not feasible: -46.637
dual not feasible: -47.0138
dual not feasible: -47.0136
dual not feasible: -46.0602
dual not feasible: -48.1771
dual not feasible: -48.4704
dual not feasible: -46.8901
dual not feasible: -46.7918
dual not feasible: -47.4298
dual not feasible: -47.0733
dual not feasible: -46.4285
dual not feasible: -46.578
dual not feasible: -46.592
dual not feasible: -46.7354
dual not feasible: -45.9969
dual not feasible: -46.5807
dual not feasible: -46.8338
dual not feasible: -46.912
dual not feasible: -46.6338
dual not feasible: -46.5768
dual not feasible: -45.7807
dual not feasible: -46.2103
dual not feasible: -46.916
dual not feasible: -45.7888
dual not feasible: -48.1622
dual not feasible: -46.9492
dual not feasible: -46.4155
STATS - lpIterations[93] lagIterations[24679] sspIterations[24679] numSeparations[24487] numCuts[0] compileTime[0] sspSolveTime[1616] lpSolveTime[0] lb[649.358] ub[771.79] size: [37296] time: [2886]
dual not feasible: -46.0236
dual not feasible: -52.4247
dual not feasible: -58.4173
dual not feasible: -53.7789
dual not feasible: -73.6095
dual not feasible: -72.6237
dual not feasible: -73.4905
dual not feasible: -77.7737
dual not feasible: -64.4689
dual not feasible: -67.0585
dual not feasible: -65.5637
dual not feasible: -63.276
dual not feasible: -60.4156
dual not feasible: -63.7898
dual not feasible: -62.4425
dual not feasible: -64.4612
dual not feasible: -67.3445
dual not feasible: -69.2856
dual not feasible: -68.696
dual not feasible: -68.1884
dual not feasible: -70.0528
dual not feasible: -58.9219
dual not feasible: -63.8749
dual not feasible: -61.4587
dual not feasible: -65.3605
dual not feasible: -61.9145
dual not feasible: -65.1993
dual not feasible: -64.1661
dual not feasible: -70.4681
dual not feasible: -69.8131
dual not feasible: -66.701
dual not feasible: -59.4958
dual not feasible: -63.6435
dual not feasible: -65.8673
dual not feasible: -63.8083
dual not feasible: -60.4102
dual not feasible: -55.8585
dual not feasible: -63.015
dual not feasible: -58.5313
dual not feasible: -61.2572
dual not feasible: -64.2641
dual not feasible: -61.7595
dual not feasible: -63.1618
dual not feasible: -60.8831
dual not feasible: -61.486
dual not feasible: -57.1777
dual not feasible: -60.7152
dual not feasible: -52.0704
dual not feasible: -55.5381
dual not feasible: -66.1375
dual not feasible: -62.5624
dual not feasible: -68.7986
dual not feasible: -60.7632
dual not feasible: -61.2844
dual not feasible: -58.6918
dual not feasible: -56.8784
dual not feasible: -58.705
dual not feasible: -57.7081
dual not feasible: -61.5887
dual not feasible: -59.9373
dual not feasible: -61.7422
dual not feasible: -59.7642
dual not feasible: -56.7273
dual not feasible: -55.4632
dual not feasible: -57.4768
dual not feasible: -61.6942
dual not feasible: -59.3648
dual not feasible: -60.1393
dual not feasible: -63.0707
dual not feasible: -64.4234
dual not feasible: -57.934
dual not feasible: -57.1559
dual not feasible: -59.1087
dual not feasible: -60.859
dual not feasible: -56.2274
dual not feasible: -54.43
dual not feasible: -59.9265
dual not feasible: -59.4583
dual not feasible: -55.4629
dual not feasible: -56.1255
dual not feasible: -58.6386
dual not feasible: -57.6505
dual not feasible: -57.174
dual not feasible: -63.7315
dual not feasible: -57.3988
dual not feasible: -51.7521
dual not feasible: -58.1695
dual not feasible: -54.4174
dual not feasible: -57.8968
dual not feasible: -57.7024
dual not feasible: -54.5562
dual not feasible: -53.5026
dual not feasible: -64.0249
dual not feasible: -63.1364
dual not feasible: -55.1004
dual not feasible: -59.5591
dual not feasible: -54.1076
dual not feasible: -60.8365
dual not feasible: -53.7036
dual not feasible: -50.8517
dual not feasible: -50.9398
dual not feasible: -53.3953
STATS - lpIterations[94] lagIterations[24781] sspIterations[24781] numSeparations[24588] numCuts[0] compileTime[0] sspSolveTime[1628] lpSolveTime[0] lb[649.358] ub[771.79] size: [37409] time: [2907]
dual not feasible: -52.6077
dual not feasible: -56.5699
dual not feasible: -60.2422
dual not feasible: -66.1243
dual not feasible: -63.5911
dual not feasible: -65.0738
dual not feasible: -71.0211
dual not feasible: -66.8247
dual not feasible: -71.1369
dual not feasible: -66.9963
dual not feasible: -68.6767
dual not feasible: -68.7758
dual not feasible: -65.2951
dual not feasible: -66.998
dual not feasible: -64.1684
dual not feasible: -62.3492
dual not feasible: -61.8923
dual not feasible: -60.391
dual not feasible: -64.45
dual not feasible: -62.6434
dual not feasible: -68.0652
dual not feasible: -66.6859
dual not feasible: -59.6138
dual not feasible: -59.6751
dual not feasible: -60.9888
dual not feasible: -62.8228
dual not feasible: -62.9642
dual not feasible: -62.2086
dual not feasible: -61.7621
dual not feasible: -66.9754
dual not feasible: -73.0207
dual not feasible: -69.2142
dual not feasible: -58.1274
dual not feasible: -60.8878
dual not feasible: -61.9479
dual not feasible: -67.2505
dual not feasible: -62.0382
dual not feasible: -56.3136
dual not feasible: -61.9974
dual not feasible: -58.9376
dual not feasible: -59.4596
dual not feasible: -56.7589
dual not feasible: -55.0853
dual not feasible: -60.6134
dual not feasible: -58.5466
dual not feasible: -63.9803
dual not feasible: -63.8178
dual not feasible: -64.2162
dual not feasible: -58.7583
dual not feasible: -58.3748
dual not feasible: -60.4137
dual not feasible: -62.9453
dual not feasible: -60.0515
dual not feasible: -58.9665
dual not feasible: -58.097
dual not feasible: -60.5497
dual not feasible: -60.6196
dual not feasible: -57.8708
dual not feasible: -58.325
dual not feasible: -60.8389
dual not feasible: -59.7954
dual not feasible: -65.9957
dual not feasible: -60.2427
dual not feasible: -57.8766
dual not feasible: -54.3379
dual not feasible: -56.945
dual not feasible: -58.3508
dual not feasible: -55.4872
dual not feasible: -62.7226
dual not feasible: -59.1794
dual not feasible: -55.6155
dual not feasible: -57.7884
dual not feasible: -55.9928
dual not feasible: -59.9265
dual not feasible: -59.6015
dual not feasible: -57.0783
dual not feasible: -52.8185
dual not feasible: -54.7916
dual not feasible: -59.7076
dual not feasible: -59.1151
dual not feasible: -52.106
dual not feasible: -56.9773
dual not feasible: -58.2987
dual not feasible: -55.2203
dual not feasible: -53.3154
dual not feasible: -54.4847
dual not feasible: -56.5928
dual not feasible: -64.5781
dual not feasible: -56.6789
dual not feasible: -59.2323
dual not feasible: -54.723
dual not feasible: -58.6415
dual not feasible: -56.0672
dual not feasible: -50.2144
dual not feasible: -57.1473
dual not feasible: -55.9396
dual not feasible: -60.2632
dual not feasible: -54.8599
dual not feasible: -54.599
dual not feasible: -53.8301
dual not feasible: -53.4522
dual not feasible: -57.2093
dual not feasible: -54.9399
dual not feasible: -53.7614
dual not feasible: -57.1172
dual not feasible: -63.5125
dual not feasible: -54.6802
dual not feasible: -51.2993
dual not feasible: -53.3968
dual not feasible: -59.4546
dual not feasible: -55.7823
dual not feasible: -52.4561
dual not feasible: -54.2647
dual not feasible: -51.9416
dual not feasible: -56.2815
dual not feasible: -54.0311
dual not feasible: -55.686
dual not feasible: -54.6838
dual not feasible: -55.9819
dual not feasible: -57.2547
dual not feasible: -54.4136
dual not feasible: -56.105
dual not feasible: -52.6485
dual not feasible: -53.2069
dual not feasible: -53.0369
dual not feasible: -55.9848
dual not feasible: -54.0615
dual not feasible: -55.3783
dual not feasible: -56.096
dual not feasible: -52.6064
dual not feasible: -53.4678
dual not feasible: -53.0068
dual not feasible: -52.5211
dual not feasible: -52.5756
dual not feasible: -50.9305
dual not feasible: -51.5761
dual not feasible: -52.4364
dual not feasible: -53.8722
dual not feasible: -58.7284
dual not feasible: -56.9768
dual not feasible: -49.9805
dual not feasible: -53.9595
dual not feasible: -56.6707
dual not feasible: -55.0569
dual not feasible: -52.1176
dual not feasible: -51.9343
dual not feasible: -50.7064
dual not feasible: -48.2289
dual not feasible: -53.558
dual not feasible: -58.8977
dual not feasible: -52.8683
dual not feasible: -52.9487
dual not feasible: -52.0395
dual not feasible: -53.0289
dual not feasible: -52.3345
dual not feasible: -53.8371
dual not feasible: -50.1198
dual not feasible: -51.5191
dual not feasible: -51.1179
dual not feasible: -53.6945
dual not feasible: -53.027
dual not feasible: -51.7089
dual not feasible: -52.6
dual not feasible: -51.8687
dual not feasible: -54.5374
dual not feasible: -52.0434
dual not feasible: -52.3151
dual not feasible: -49.4619
dual not feasible: -49.8927
dual not feasible: -52.5507
dual not feasible: -55.8361
dual not feasible: -52.7406
dual not feasible: -51.0028
dual not feasible: -50.828
dual not feasible: -56.3231
dual not feasible: -50.22
dual not feasible: -52.1808
dual not feasible: -50.1668
dual not feasible: -54.5301
dual not feasible: -53.1743
dual not feasible: -52.6091
dual not feasible: -50.8266
dual not feasible: -51.8267
dual not feasible: -52.0011
dual not feasible: -50.2612
dual not feasible: -49.8465
dual not feasible: -49.163
dual not feasible: -48.9577
dual not feasible: -50.3712
dual not feasible: -53.0986
dual not feasible: -52.5121
dual not feasible: -53.852
dual not feasible: -55.0404
dual not feasible: -49.6344
dual not feasible: -49.8203
dual not feasible: -51.3983
dual not feasible: -52.5623
dual not feasible: -47.0814
dual not feasible: -50.4359
dual not feasible: -50.3661
dual not feasible: -50.8369
dual not feasible: -49.3004
dual not feasible: -50.1352
dual not feasible: -50.2698
dual not feasible: -50.1867
dual not feasible: -48.1849
dual not feasible: -52.1259
dual not feasible: -53.4621
dual not feasible: -55.5132
dual not feasible: -49.982
dual not feasible: -49.4278
dual not feasible: -50.2351
dual not feasible: -49.1429
dual not feasible: -48.6797
dual not feasible: -49.3733
dual not feasible: -49.3006
dual not feasible: -49.4259
dual not feasible: -52.9299
dual not feasible: -50.9664
dual not feasible: -49.8858
dual not feasible: -50.1607
dual not feasible: -50.4837
dual not feasible: -50.1448
dual not feasible: -49.5316
dual not feasible: -49.7359
dual not feasible: -48.1955
dual not feasible: -52.3132
dual not feasible: -51.7542
dual not feasible: -50.9751
dual not feasible: -49.0825
dual not feasible: -49.2969
dual not feasible: -50.5829
dual not feasible: -50.1922
dual not feasible: -51.2667
dual not feasible: -47.8699
dual not feasible: -48.0683
dual not feasible: -53.4869
dual not feasible: -51.3177
dual not feasible: -49.9801
dual not feasible: -48.9418
dual not feasible: -49.2519
dual not feasible: -50.2547
dual not feasible: -50.7209
dual not feasible: -47.9022
dual not feasible: -49.6603
dual not feasible: -48.154
dual not feasible: -48.5953
dual not feasible: -51.9657
dual not feasible: -49.3911
dual not feasible: -50.3125
dual not feasible: -50.0294
dual not feasible: -49.7198
dual not feasible: -48.5115
dual not feasible: -51.721
dual not feasible: -48.2308
dual not feasible: -48.8186
dual not feasible: -48.7876
dual not feasible: -51.1568
dual not feasible: -52.1594
dual not feasible: -47.6175
dual not feasible: -49.303
dual not feasible: -48.7838
dual not feasible: -48.4494
dual not feasible: -49.655
dual not feasible: -48.5309
dual not feasible: -52.1373
dual not feasible: -48.3713
dual not feasible: -50.1852
dual not feasible: -48.9486
dual not feasible: -49.3287
dual not feasible: -50.8788
dual not feasible: -49.3578
dual not feasible: -45.68
dual not feasible: -47.6103
dual not feasible: -49.1308
dual not feasible: -52.2345
dual not feasible: -49.1744
dual not feasible: -49.4265
dual not feasible: -48.3521
dual not feasible: -47.5037
dual not feasible: -47.9387
dual not feasible: -52.4081
dual not feasible: -48.7825
dual not feasible: -50.6718
dual not feasible: -48.8441
dual not feasible: -49.7941
dual not feasible: -49.0931
dual not feasible: -48.6039
dual not feasible: -47.6482
dual not feasible: -49.3565
dual not feasible: -48.8957
dual not feasible: -48.8817
dual not feasible: -48.3083
dual not feasible: -50.113
dual not feasible: -47.1565
dual not feasible: -47.774
dual not feasible: -47.191
dual not feasible: -47.6842
dual not feasible: -48.832
dual not feasible: -48.8482
dual not feasible: -49.0089
dual not feasible: -48.1521
dual not feasible: -49.4837
dual not feasible: -50.9513
dual not feasible: -49.6483
dual not feasible: -49.9331
dual not feasible: -47.702
dual not feasible: -46.1337
dual not feasible: -48.2674
dual not feasible: -47.7438
dual not feasible: -48.0548
dual not feasible: -47.0849
dual not feasible: -50.7849
dual not feasible: -49.6164
dual not feasible: -46.5446
dual not feasible: -47.0135
dual not feasible: -49.0918
dual not feasible: -48.6776
dual not feasible: -50.1292
dual not feasible: -48.4019
dual not feasible: -47.6898
dual not feasible: -48.5445
dual not feasible: -49.548
dual not feasible: -48.1276
dual not feasible: -49.445
dual not feasible: -49.2211
dual not feasible: -46.7128
dual not feasible: -46.9595
dual not feasible: -46.2191
dual not feasible: -49.3446
dual not feasible: -49.0972
dual not feasible: -47.7996
dual not feasible: -49.7187
dual not feasible: -48.0764
dual not feasible: -48.0226
dual not feasible: -51.4322
dual not feasible: -46.2881
dual not feasible: -47.2927
dual not feasible: -47.1688
dual not feasible: -47.0917
dual not feasible: -47.8099
dual not feasible: -50.5567
dual not feasible: -49.8081
dual not feasible: -48.1879
dual not feasible: -48.8698
dual not feasible: -47.303
dual not feasible: -48.7349
dual not feasible: -46.2028
dual not feasible: -47.1458
dual not feasible: -47.0147
dual not feasible: -48.4727
dual not feasible: -51.4809
dual not feasible: -49.099
dual not feasible: -48.0424
dual not feasible: -46.6478
dual not feasible: -48.5992
dual not feasible: -46.3173
dual not feasible: -48.5133
dual not feasible: -46.7088
dual not feasible: -46.6406
dual not feasible: -47.3647
dual not feasible: -46.5196
dual not feasible: -46.9093
dual not feasible: -46.4839
dual not feasible: -47.0158
dual not feasible: -47.037
dual not feasible: -47.803
dual not feasible: -49.0898
dual not feasible: -46.4532
dual not feasible: -47.1065
dual not feasible: -47.5701
dual not feasible: -47.052
dual not feasible: -47.51
dual not feasible: -46.9859
STATS - lpIterations[95] lagIterations[25155] sspIterations[25155] numSeparations[24961] numCuts[0] compileTime[0] sspSolveTime[1674] lpSolveTime[0] lb[649.358] ub[771.79] size: [37823] time: [2989]
dual not feasible: -47.3235
dual not feasible: -49.941
dual not feasible: -62.2074
dual not feasible: -75.8944
dual not feasible: -74.6319
dual not feasible: -67.0701
dual not feasible: -69.7373
dual not feasible: -73.8515
dual not feasible: -61.0871
dual not feasible: -61.9128
dual not feasible: -60.901
dual not feasible: -65.4638
dual not feasible: -69.0415
dual not feasible: -66.9187
dual not feasible: -64.9042
dual not feasible: -65.2225
dual not feasible: -61.7176
dual not feasible: -66.6393
dual not feasible: -63.2652
dual not feasible: -63.7337
dual not feasible: -64.4406
dual not feasible: -59.9507
dual not feasible: -61.6667
dual not feasible: -61.9554
dual not feasible: -61.7788
dual not feasible: -58.6392
dual not feasible: -68.2557
dual not feasible: -60.6591
dual not feasible: -64.0423
dual not feasible: -63.0395
dual not feasible: -65.4067
dual not feasible: -59.9644
dual not feasible: -62.0671
dual not feasible: -63.7977
dual not feasible: -56.3384
dual not feasible: -59.2229
dual not feasible: -64.857
dual not feasible: -69.3422
dual not feasible: -62.5614
dual not feasible: -60.4892
dual not feasible: -65.2275
dual not feasible: -57.7211
dual not feasible: -59.941
dual not feasible: -58.4887
dual not feasible: -64.7219
dual not feasible: -62.6827
dual not feasible: -58.278
dual not feasible: -59.5821
dual not feasible: -66.701
dual not feasible: -66.6448
dual not feasible: -62.0194
dual not feasible: -56.143
dual not feasible: -56.1636
dual not feasible: -56.5937
dual not feasible: -62.4154
dual not feasible: -59.607
dual not feasible: -60.3552
dual not feasible: -55.7563
dual not feasible: -58.2133
dual not feasible: -59.6546
dual not feasible: -60.6467
dual not feasible: -58.4803
dual not feasible: -56.3388
dual not feasible: -60.2916
dual not feasible: -59.9115
dual not feasible: -59.9748
dual not feasible: -57.1081
dual not feasible: -59.4195
dual not feasible: -59.7203
dual not feasible: -56.3138
dual not feasible: -53.3919
dual not feasible: -56.1545
dual not feasible: -55.8238
dual not feasible: -59.4327
dual not feasible: -57.0114
dual not feasible: -54.0235
dual not feasible: -53.6998
dual not feasible: -59.5149
dual not feasible: -58.2906
dual not feasible: -54.8499
dual not feasible: -52.6853
dual not feasible: -52.0711
dual not feasible: -57.4631
dual not feasible: -61.6808
dual not feasible: -56.597
dual not feasible: -57.2574
dual not feasible: -59.8675
dual not feasible: -58.0063
dual not feasible: -56.389
dual not feasible: -55.2221
dual not feasible: -52.6268
dual not feasible: -53.1377
dual not feasible: -57.0218
dual not feasible: -57.8838
dual not feasible: -58.8542
dual not feasible: -56.8699
dual not feasible: -53.8583
dual not feasible: -54.9131
dual not feasible: -54.9062
dual not feasible: -55.3927
dual not feasible: -53.4995
dual not feasible: -52.6395
STATS - lpIterations[96] lagIterations[25257] sspIterations[25257] numSeparations[25062] numCuts[0] compileTime[0] sspSolveTime[1686] lpSolveTime[0] lb[649.358] ub[771.79] size: [37948] time: [3011]
dual not feasible: -56.3682
dual not feasible: -59.3335
dual not feasible: -57.7207
dual not feasible: -62.3265
dual not feasible: -63.7835
dual not feasible: -62.3942
dual not feasible: -65.9278
dual not feasible: -68.782
dual not feasible: -66.6206
dual not feasible: -82.9981
dual not feasible: -64.6795
dual not feasible: -63.7784
dual not feasible: -66.8324
dual not feasible: -69.5765
dual not feasible: -65.4917
dual not feasible: -66.226
dual not feasible: -59.0717
dual not feasible: -62.4993
dual not feasible: -61.5898
dual not feasible: -71.5836
dual not feasible: -63.6208
dual not feasible: -72.5573
dual not feasible: -58.9632
dual not feasible: -62.9882
dual not feasible: -67.8639
dual not feasible: -62.2293
dual not feasible: -56.1473
dual not feasible: -65.1654
dual not feasible: -62.3417
dual not feasible: -65.8997
dual not feasible: -60.3515
dual not feasible: -66.0803
dual not feasible: -64.0205
dual not feasible: -63.5689
dual not feasible: -57.8871
dual not feasible: -62.8106
dual not feasible: -62.0558
dual not feasible: -61.5587
dual not feasible: -67.5533
dual not feasible: -58.701
dual not feasible: -63.3915
dual not feasible: -63.3455
dual not feasible: -55.4915
dual not feasible: -55.6925
dual not feasible: -60.0942
dual not feasible: -59.5246
dual not feasible: -72.3028
dual not feasible: -60.7453
dual not feasible: -61.8468
dual not feasible: -59.6902
dual not feasible: -63.9255
dual not feasible: -63.8536
dual not feasible: -61.3745
dual not feasible: -63.0269
dual not feasible: -56.7603
dual not feasible: -58.5352
dual not feasible: -56.2409
dual not feasible: -54.1339
dual not feasible: -59.231
dual not feasible: -55.9951
dual not feasible: -59.4398
dual not feasible: -57.7026
dual not feasible: -59.0646
dual not feasible: -65.8345
dual not feasible: -56.5333
dual not feasible: -58.8527
dual not feasible: -55.1064
dual not feasible: -61.2246
dual not feasible: -62.7792
dual not feasible: -62.2647
dual not feasible: -56.5702
dual not feasible: -51.3947
dual not feasible: -56.8229
dual not feasible: -57.2153
dual not feasible: -55.4545
dual not feasible: -58.5276
dual not feasible: -56.8784
dual not feasible: -56.8873
dual not feasible: -62.0957
dual not feasible: -55.0229
dual not feasible: -51.7444
dual not feasible: -56.9741
dual not feasible: -58.0412
dual not feasible: -60.4401
dual not feasible: -60.3017
dual not feasible: -56.9971
dual not feasible: -59.4255
dual not feasible: -52.0372
dual not feasible: -55.6308
dual not feasible: -59.3539
dual not feasible: -55.717
dual not feasible: -52.5448
dual not feasible: -55.2121
dual not feasible: -58.1755
dual not feasible: -58.5265
dual not feasible: -54.6552
dual not feasible: -53.279
dual not feasible: -54.0268
dual not feasible: -55.132
dual not feasible: -54.5476
dual not feasible: -55.9093
dual not feasible: -51.5781
dual not feasible: -55.6409
dual not feasible: -55.9932
dual not feasible: -53.2653
dual not feasible: -52.905
dual not feasible: -55.6625
dual not feasible: -56.388
dual not feasible: -57.1292
dual not feasible: -54.8631
dual not feasible: -52.1996
dual not feasible: -57.2784
dual not feasible: -58.2313
dual not feasible: -53.7994
dual not feasible: -55.5933
dual not feasible: -52.0573
dual not feasible: -58.3954
dual not feasible: -54.9955
dual not feasible: -51.4382
dual not feasible: -58.0082
dual not feasible: -56.196
dual not feasible: -55.6768
dual not feasible: -55.1582
dual not feasible: -55.2239
dual not feasible: -54.8936
dual not feasible: -54.9102
dual not feasible: -51.9483
dual not feasible: -52.9545
dual not feasible: -52.5102
dual not feasible: -57.7062
dual not feasible: -55.5206
dual not feasible: -54.0719
dual not feasible: -51.0079
dual not feasible: -51.3171
dual not feasible: -52.6084
dual not feasible: -53.2132
dual not feasible: -57.7938
dual not feasible: -50.5767
dual not feasible: -52.9204
dual not feasible: -53.8784
dual not feasible: -54.9756
dual not feasible: -53.0349
dual not feasible: -53.0758
dual not feasible: -54.008
dual not feasible: -57.5497
dual not feasible: -54.1001
dual not feasible: -51.3124
dual not feasible: -52.4407
dual not feasible: -51.5308
dual not feasible: -52.1107
dual not feasible: -49.0154
dual not feasible: -49.7247
dual not feasible: -53.1878
dual not feasible: -51.4445
dual not feasible: -49.4142
dual not feasible: -52.1393
dual not feasible: -51.6189
dual not feasible: -53.0891
dual not feasible: -54.7795
dual not feasible: -55.5623
dual not feasible: -52.4168
dual not feasible: -50.8156
dual not feasible: -50.816
dual not feasible: -54.7375
dual not feasible: -54.8335
dual not feasible: -53.1217
dual not feasible: -50.2189
dual not feasible: -53.0918
dual not feasible: -51.405
dual not feasible: -49.9166
dual not feasible: -52.2933
dual not feasible: -50.8244
dual not feasible: -54.2317
dual not feasible: -51.8533
dual not feasible: -52.1482
dual not feasible: -52.8238
dual not feasible: -51.2645
dual not feasible: -52.2172
dual not feasible: -49.9884
dual not feasible: -51.8471
dual not feasible: -50.5515
dual not feasible: -50.7145
dual not feasible: -49.8424
dual not feasible: -50.8451
dual not feasible: -51.1024
dual not feasible: -50.9718
dual not feasible: -51.5568
dual not feasible: -50.6021
dual not feasible: -50.228
dual not feasible: -51.5925
dual not feasible: -54.8642
dual not feasible: -49.5354
dual not feasible: -49.6127
dual not feasible: -50.5257
dual not feasible: -48.8953
dual not feasible: -50.1955
dual not feasible: -51.8283
dual not feasible: -50.5415
dual not feasible: -51.3608
dual not feasible: -49.4308
dual not feasible: -49.3876
dual not feasible: -51.8514
dual not feasible: -49.975
dual not feasible: -49.6723
dual not feasible: -48.9383
dual not feasible: -49.4466
dual not feasible: -52.0483
dual not feasible: -49.8967
dual not feasible: -51.3963
dual not feasible: -49.8648
dual not feasible: -50.7314
dual not feasible: -51.9779
dual not feasible: -49.5119
dual not feasible: -49.0945
dual not feasible: -50.7556
dual not feasible: -51.3481
dual not feasible: -48.3864
dual not feasible: -50.0175
dual not feasible: -49.9483
dual not feasible: -49.6172
dual not feasible: -47.6841
dual not feasible: -50.227
dual not feasible: -49.9386
dual not feasible: -53.0839
dual not feasible: -49.4733
dual not feasible: -48.4793
dual not feasible: -49.0073
dual not feasible: -51.6452
dual not feasible: -49.4385
dual not feasible: -51.2239
dual not feasible: -49.4673
dual not feasible: -51.5641
dual not feasible: -50.7265
dual not feasible: -49.5518
dual not feasible: -47.9762
dual not feasible: -49.4715
dual not feasible: -51.3489
dual not feasible: -49.2182
dual not feasible: -50.6797
dual not feasible: -48.664
dual not feasible: -50.106
dual not feasible: -49.5841
dual not feasible: -50.8166
dual not feasible: -51.4567
dual not feasible: -50.1226
dual not feasible: -48.9503
dual not feasible: -49.287
dual not feasible: -49.1839
dual not feasible: -49.3358
dual not feasible: -48.549
dual not feasible: -49.1255
dual not feasible: -49.8335
dual not feasible: -48.8418
dual not feasible: -47.6946
dual not feasible: -48.5913
dual not feasible: -49.6033
dual not feasible: -49.5458
dual not feasible: -50.3506
dual not feasible: -48.0159
dual not feasible: -47.4089
dual not feasible: -50.0886
dual not feasible: -49.9654
dual not feasible: -52.1215
dual not feasible: -50.2853
dual not feasible: -49.5958
dual not feasible: -46.8718
dual not feasible: -48.1717
dual not feasible: -48.6833
dual not feasible: -47.8923
dual not feasible: -49.7499
dual not feasible: -49.3829
dual not feasible: -49.1695
dual not feasible: -49.4269
dual not feasible: -50.0647
dual not feasible: -50.3998
dual not feasible: -48.4156
dual not feasible: -47.9452
dual not feasible: -47.726
dual not feasible: -49.5858
dual not feasible: -48.6261
dual not feasible: -49.8257
dual not feasible: -47.6485
dual not feasible: -49.5765
dual not feasible: -49.478
dual not feasible: -49.4627
dual not feasible: -49.2222
dual not feasible: -48.1243
dual not feasible: -49.1754
dual not feasible: -49.075
dual not feasible: -49.5355
dual not feasible: -48.8901
dual not feasible: -47.1707
dual not feasible: -48.0402
dual not feasible: -47.2661
dual not feasible: -49.8278
dual not feasible: -50.132
dual not feasible: -50.3066
dual not feasible: -48.8129
dual not feasible: -46.328
dual not feasible: -47.8753
dual not feasible: -48.5816
dual not feasible: -48.0273
dual not feasible: -47.0971
dual not feasible: -48.2399
dual not feasible: -50.3377
dual not feasible: -48.5675
dual not feasible: -48.8684
dual not feasible: -48.5382
dual not feasible: -48.0996
dual not feasible: -47.4496
dual not feasible: -47.5979
dual not feasible: -49.5642
dual not feasible: -48.9148
dual not feasible: -48.2018
dual not feasible: -47.3943
dual not feasible: -48.583
dual not feasible: -49.8273
dual not feasible: -47.9973
dual not feasible: -47.5163
dual not feasible: -47.7596
dual not feasible: -47.2548
dual not feasible: -50.3069
dual not feasible: -50.4119
dual not feasible: -48.6186
dual not feasible: -48.1167
dual not feasible: -47.0479
dual not feasible: -46.1355
dual not feasible: -48.6453
dual not feasible: -47.0125
dual not feasible: -47.1029
dual not feasible: -47.5658
dual not feasible: -49.1892
dual not feasible: -48.3376
dual not feasible: -50.371
dual not feasible: -49.856
dual not feasible: -46.0729
dual not feasible: -46.8099
dual not feasible: -48.2448
dual not feasible: -46.36
dual not feasible: -48.5694
dual not feasible: -48.7432
dual not feasible: -47.3899
dual not feasible: -49.6421
dual not feasible: -48.03
dual not feasible: -47.081
dual not feasible: -49.7941
dual not feasible: -46.4583
dual not feasible: -47.0859
dual not feasible: -50.0404
dual not feasible: -48.3409
dual not feasible: -46.8801
dual not feasible: -47.8676
dual not feasible: -48.2822
dual not feasible: -50.108
dual not feasible: -47.4484
dual not feasible: -47.6428
dual not feasible: -47.7796
dual not feasible: -46.5268
dual not feasible: -47.238
dual not feasible: -48.5013
dual not feasible: -50.8534
dual not feasible: -47.2412
dual not feasible: -47.9782
dual not feasible: -46.6881
dual not feasible: -48.5725
dual not feasible: -48.4141
dual not feasible: -46.3012
dual not feasible: -47.0836
dual not feasible: -46.9599
dual not feasible: -46.3581
dual not feasible: -49.019
dual not feasible: -48.7394
dual not feasible: -47.5842
dual not feasible: -48.7006
dual not feasible: -47.48
dual not feasible: -48.6565
dual not feasible: -47.0026
dual not feasible: -47.3307
dual not feasible: -45.9323
dual not feasible: -46.0789
dual not feasible: -46.7047
dual not feasible: -47.3373
dual not feasible: -47.8516
dual not feasible: -47.6605
dual not feasible: -46.9723
dual not feasible: -46.8259
dual not feasible: -47.5796
dual not feasible: -46.7796
dual not feasible: -48.4795
dual not feasible: -47.1958
dual not feasible: -46.7278
dual not feasible: -46.3724
dual not feasible: -47.8772
dual not feasible: -47.6967
dual not feasible: -47.553
dual not feasible: -46.9475
dual not feasible: -46.9426
dual not feasible: -47.7083
dual not feasible: -47.5528
dual not feasible: -46.104
dual not feasible: -46.1613
dual not feasible: -47.9759
dual not feasible: -49.5823
dual not feasible: -46.8777
dual not feasible: -46.8543
dual not feasible: -46.0997
dual not feasible: -46.6022
dual not feasible: -46.0588
dual not feasible: -45.8659
dual not feasible: -46.7256
dual not feasible: -47.5202
dual not feasible: -46.4572
dual not feasible: -46.1527
dual not feasible: -47.7844
dual not feasible: -47.4084
dual not feasible: -48.7652
dual not feasible: -47.9054
dual not feasible: -47.1064
dual not feasible: -45.4707
dual not feasible: -46.3412
dual not feasible: -46.6422
dual not feasible: -46.7871
dual not feasible: -46.8894
dual not feasible: -46.8931
dual not feasible: -46.7102
dual not feasible: -47.28
dual not feasible: -47.9143
dual not feasible: -46.3761
dual not feasible: -47.2587
dual not feasible: -46.8093
dual not feasible: -45.5798
dual not feasible: -48.7921
dual not feasible: -47.8812
dual not feasible: -47.1406
dual not feasible: -48.0106
dual not feasible: -47.4634
dual not feasible: -45.2281
dual not feasible: -45.5892
dual not feasible: -47.0911
dual not feasible: -46.3181
dual not feasible: -46.218
dual not feasible: -45.9052
dual not feasible: -47.9298
dual not feasible: -48.9614
dual not feasible: -46.6908
dual not feasible: -45.6071
dual not feasible: -47.5928
dual not feasible: -47.2671
dual not feasible: -46.7689
dual not feasible: -46.8385
dual not feasible: -47.172
dual not feasible: -45.7452
dual not feasible: -48.2884
dual not feasible: -47.5938
dual not feasible: -47.4548
dual not feasible: -46.5776
dual not feasible: -46.1457
dual not feasible: -47.0021
dual not feasible: -45.6166
dual not feasible: -49.1927
dual not feasible: -46.3284
dual not feasible: -48.9631
dual not feasible: -46.0398
dual not feasible: -46.5179
dual not feasible: -46.0264
dual not feasible: -47.2529
dual not feasible: -46.2245
dual not feasible: -46.6656
dual not feasible: -45.6995
dual not feasible: -46.5785
dual not feasible: -46.2536
dual not feasible: -47.1693
dual not feasible: -47.3966
dual not feasible: -46.3946
dual not feasible: -46.3604
dual not feasible: -45.1926
dual not feasible: -45.683
dual not feasible: -45.906
dual not feasible: -45.8845
dual not feasible: -46.3407
dual not feasible: -45.6877
dual not feasible: -45.7314
dual not feasible: -46.2306
dual not feasible: -45.8618
dual not feasible: -48.8143
dual not feasible: -47.2794
dual not feasible: -47.3528
dual not feasible: -47.1892
dual not feasible: -46.3703
dual not feasible: -45.6132
dual not feasible: -47.2797
dual not feasible: -46.0872
dual not feasible: -45.6066
dual not feasible: -46.4043
dual not feasible: -46.7983
dual not feasible: -46.3529
dual not feasible: -46.5718
dual not feasible: -47.2053
dual not feasible: -45.7701
dual not feasible: -46.5351
dual not feasible: -46.1746
dual not feasible: -47.3993
dual not feasible: -46.7442
dual not feasible: -45.5957
dual not feasible: -45.4064
dual not feasible: -46.5241
dual not feasible: -44.7054
STATS - lpIterations[96] lagIterations[25764] sspIterations[25764] numSeparations[25568] numCuts[0] compileTime[0] sspSolveTime[1749] lpSolveTime[0] lb[649.832] ub[771.79] size: [38520] time: [3122]
dual not feasible: -45.3773
dual not feasible: -46.665
dual not feasible: -45.9277
dual not feasible: -46.3433
dual not feasible: -47.8102
dual not feasible: -47.8778
dual not feasible: -46.6306
dual not feasible: -46.2367
dual not feasible: -45.5986
dual not feasible: -47.4088
dual not feasible: -46.1651
dual not feasible: -46.8727
dual not feasible: -46.5451
dual not feasible: -46.5437
dual not feasible: -47.3311
dual not feasible: -47.309
dual not feasible: -45.6734
dual not feasible: -45.6649
dual not feasible: -46.5943
dual not feasible: -45.5608
dual not feasible: -46.7766
dual not feasible: -46.474
dual not feasible: -46.411
dual not feasible: -48.228
dual not feasible: -46.1381
dual not feasible: -46.1272
dual not feasible: -46.176
dual not feasible: -46.1287
dual not feasible: -45.4418
dual not feasible: -48.51
dual not feasible: -46.9237
dual not feasible: -46.1717
dual not feasible: -45.9714
dual not feasible: -45.612
dual not feasible: -46.1618
dual not feasible: -46.1243
dual not feasible: -46.5474
dual not feasible: -45.6992
dual not feasible: -46.4756
dual not feasible: -46.0067
dual not feasible: -46.9363
dual not feasible: -45.966
dual not feasible: -45.1188
dual not feasible: -45.113
dual not feasible: -45.5073
dual not feasible: -45.8324
dual not feasible: -45.9201
dual not feasible: -45.2039
dual not feasible: -45.608
dual not feasible: -45.9077
dual not feasible: -46.4986
dual not feasible: -47.4169
dual not feasible: -46.5798
dual not feasible: -47.4661
dual not feasible: -45.1904
dual not feasible: -45.9298
dual not feasible: -45.3541
dual not feasible: -45.2542
dual not feasible: -45.2383
dual not feasible: -44.8095
dual not feasible: -45.2406
dual not feasible: -46.5031
dual not feasible: -45.6357
dual not feasible: -48.4441
dual not feasible: -46.9449
dual not feasible: -47.0509
dual not feasible: -45.3391
dual not feasible: -45.2003
dual not feasible: -45.2536
dual not feasible: -47.4061
dual not feasible: -45.3685
dual not feasible: -45.5528
dual not feasible: -45.2041
dual not feasible: -45.958
dual not feasible: -45.7876
dual not feasible: -45.6558
dual not feasible: -46.4581
dual not feasible: -46.5597
dual not feasible: -45.0697
dual not feasible: -45.0789
dual not feasible: -47.1513
dual not feasible: -46.4473
dual not feasible: -47.5374
dual not feasible: -45.5183
dual not feasible: -45.3849
dual not feasible: -45.4303
dual not feasible: -45.1095
dual not feasible: -48.1317
dual not feasible: -46.6784
dual not feasible: -46.9754
dual not feasible: -45.7013
dual not feasible: -46.1807
dual not feasible: -45.6648
dual not feasible: -46.8012
dual not feasible: -45.1405
dual not feasible: -45.6793
dual not feasible: -45.0433
dual not feasible: -47.0563
dual not feasible: -46.2994
dual not feasible: -45.9127
dual not feasible: -45.7318
STATS - lpIterations[97] lagIterations[25865] sspIterations[25865] numSeparations[25669] numCuts[0] compileTime[0] sspSolveTime[1761] lpSolveTime[0] lb[649.832] ub[771.79] size: [38612] time: [3144]
dual not feasible: -46.1625
dual not feasible: -54.7309
dual not feasible: -66.9665
dual not feasible: -71.4484
dual not feasible: -68.1621
dual not feasible: -72.5483
dual not feasible: -68.2579
dual not feasible: -69.3997
dual not feasible: -69.4138
dual not feasible: -64.5299
dual not feasible: -56.3752
dual not feasible: -62.8756
dual not feasible: -61.7091
dual not feasible: -64.7588
dual not feasible: -77.7907
dual not feasible: -70.3927
dual not feasible: -67.4752
dual not feasible: -68.4574
dual not feasible: -65.0189
dual not feasible: -62.5521
dual not feasible: -62.2609
dual not feasible: -61.8861
dual not feasible: -60.5083
dual not feasible: -71.7066
dual not feasible: -69.142
dual not feasible: -61.6266
dual not feasible: -64.3632
dual not feasible: -62.6308
dual not feasible: -62.787
dual not feasible: -61.4002
dual not feasible: -60.3694
dual not feasible: -62.2553
dual not feasible: -67.0917
dual not feasible: -64.2726
dual not feasible: -62.7956
dual not feasible: -58.4837
dual not feasible: -56.3826
dual not feasible: -60.2591
dual not feasible: -59.9014
dual not feasible: -66.5878
dual not feasible: -62.295
dual not feasible: -63.606
dual not feasible: -58.8998
dual not feasible: -60.0768
dual not feasible: -60.2595
dual not feasible: -59.2677
dual not feasible: -56.9609
dual not feasible: -55.4897
dual not feasible: -56.5198
dual not feasible: -56.3563
dual not feasible: -58.2948
dual not feasible: -60.6846
dual not feasible: -57.1644
dual not feasible: -65.2163
dual not feasible: -61.2837
dual not feasible: -61.9238
dual not feasible: -63.2289
dual not feasible: -62.2591
dual not feasible: -56.4726
dual not feasible: -61.9845
dual not feasible: -63.1849
dual not feasible: -59.926
dual not feasible: -60.1719
dual not feasible: -56.1397
dual not feasible: -56.7298
dual not feasible: -55.7341
dual not feasible: -60.5307
dual not feasible: -54.4623
dual not feasible: -57.1841
dual not feasible: -56.1493
dual not feasible: -58.5257
dual not feasible: -60.6344
dual not feasible: -55.7509
dual not feasible: -59.2822
dual not feasible: -56.1923
dual not feasible: -60.2234
dual not feasible: -52.3233
dual not feasible: -60.5406
dual not feasible: -63.0082
dual not feasible: -58.4598
dual not feasible: -56.0863
dual not feasible: -61.9272
dual not feasible: -57.353
dual not feasible: -55.2453
dual not feasible: -55.8862
dual not feasible: -53.2927
dual not feasible: -56.3186
dual not feasible: -55.9442
dual not feasible: -52.9944
dual not feasible: -52.3158
dual not feasible: -59.4353
dual not feasible: -53.777
dual not feasible: -57.8864
dual not feasible: -57.6048
dual not feasible: -56.9569
dual not feasible: -55.1874
dual not feasible: -56.0073
dual not feasible: -53.3083
dual not feasible: -54.4323
dual not feasible: -59.3908
dual not feasible: -55.1665
dual not feasible: -56.4054
STATS - lpIterations[98] lagIterations[25967] sspIterations[25967] numSeparations[25770] numCuts[0] compileTime[0] sspSolveTime[1774] lpSolveTime[0] lb[649.832] ub[771.79] size: [38725] time: [3166]
dual not feasible: -52.7774
dual not feasible: -54.4066
dual not feasible: -55.4988
dual not feasible: -56.8138
dual not feasible: -62.5971
dual not feasible: -64.0664
dual not feasible: -75.8006
dual not feasible: -75.6326
dual not feasible: -70.3285
dual not feasible: -71.294
dual not feasible: -62.6779
dual not feasible: -62.657
dual not feasible: -63.9129
dual not feasible: -62.2336
dual not feasible: -64.663
dual not feasible: -76.5148
dual not feasible: -71.3661
dual not feasible: -74.2206
dual not feasible: -65.5657
dual not feasible: -63.3594
dual not feasible: -65.7508
dual not feasible: -66.7127
dual not feasible: -61.5464
dual not feasible: -59.0286
dual not feasible: -61.1078
dual not feasible: -59.5968
dual not feasible: -59.1047
dual not feasible: -58.9115
dual not feasible: -62.1982
dual not feasible: -64.558
dual not feasible: -62.417
dual not feasible: -67.4887
dual not feasible: -57.6351
dual not feasible: -60.5769
dual not feasible: -62.5891
dual not feasible: -62.9532
dual not feasible: -70.7775
dual not feasible: -71.1385
dual not feasible: -63.5834
dual not feasible: -59.7807
dual not feasible: -64.0039
dual not feasible: -57.7694
dual not feasible: -58.4453
dual not feasible: -58.6292
dual not feasible: -63.5373
dual not feasible: -61.8599
dual not feasible: -65.8189
dual not feasible: -63.0582
dual not feasible: -59.5167
dual not feasible: -60.4837
dual not feasible: -62.7024
dual not feasible: -58.3961
dual not feasible: -55.8567
dual not feasible: -61.5749
dual not feasible: -56.3839
dual not feasible: -57.6121
dual not feasible: -55.97
dual not feasible: -57.9394
dual not feasible: -59.5891
dual not feasible: -66.6771
dual not feasible: -65.4571
dual not feasible: -58.8067
dual not feasible: -55.5259
dual not feasible: -60.2795
dual not feasible: -61.3783
dual not feasible: -57.7741
dual not feasible: -57.5771
dual not feasible: -60.2626
dual not feasible: -56.4899
dual not feasible: -58.365
dual not feasible: -59.0363
dual not feasible: -57.4345
dual not feasible: -56.629
dual not feasible: -55.7968
dual not feasible: -59.118
dual not feasible: -59.3788
dual not feasible: -55.2828
dual not feasible: -60.4354
dual not feasible: -57.9722
dual not feasible: -59.9129
dual not feasible: -56.6701
dual not feasible: -57.3464
dual not feasible: -56.4935
dual not feasible: -55.8267
dual not feasible: -54.7086
dual not feasible: -56.8296
dual not feasible: -57.5173
dual not feasible: -56.6285
dual not feasible: -62.6979
dual not feasible: -58.6067
dual not feasible: -56.9089
dual not feasible: -51.1213
dual not feasible: -55.2138
dual not feasible: -52.9268
dual not feasible: -56.0505
dual not feasible: -54.1556
dual not feasible: -54.8512
dual not feasible: -58.9362
dual not feasible: -57.2543
dual not feasible: -54.739
dual not feasible: -55.3207
dual not feasible: -55.2389
dual not feasible: -55.4753
dual not feasible: -55.321
dual not feasible: -52.3346
dual not feasible: -56.4534
dual not feasible: -53.7577
dual not feasible: -56.1547
dual not feasible: -57.622
dual not feasible: -57.0178
dual not feasible: -55.8537
dual not feasible: -60.4532
dual not feasible: -52.6976
dual not feasible: -52.0072
dual not feasible: -57.7995
dual not feasible: -56.8591
dual not feasible: -58.5542
dual not feasible: -53.5553
dual not feasible: -53.513
dual not feasible: -53.8279
dual not feasible: -51.8545
dual not feasible: -52.1751
dual not feasible: -54.2126
dual not feasible: -56.1082
dual not feasible: -58.2619
dual not feasible: -56.9315
dual not feasible: -55.8133
dual not feasible: -48.6894
dual not feasible: -52.4924
dual not feasible: -51.9082
dual not feasible: -50.8834
dual not feasible: -52.3054
dual not feasible: -52.4793
dual not feasible: -52.0742
dual not feasible: -55.188
dual not feasible: -55.6612
dual not feasible: -55.393
dual not feasible: -51.3313
dual not feasible: -52.3264
dual not feasible: -56.0134
dual not feasible: -57.597
dual not feasible: -51.5821
dual not feasible: -50.1433
dual not feasible: -52.0977
dual not feasible: -52.9111
dual not feasible: -51.308
dual not feasible: -51.3244
dual not feasible: -53.1441
dual not feasible: -51.9782
dual not feasible: -52.6743
dual not feasible: -53.1457
dual not feasible: -50.6356
dual not feasible: -52.7074
dual not feasible: -57.4062
dual not feasible: -52.0405
dual not feasible: -52.2665
dual not feasible: -52.5241
dual not feasible: -53.5766
dual not feasible: -50.6086
dual not feasible: -53.0026
dual not feasible: -53.5312
dual not feasible: -52.029
dual not feasible: -52.5165
dual not feasible: -50.2713
dual not feasible: -52.0716
dual not feasible: -52.5189
dual not feasible: -51.0877
dual not feasible: -51.7701
dual not feasible: -51.0671
dual not feasible: -53.999
dual not feasible: -50.6558
dual not feasible: -50.5599
dual not feasible: -49.3353
dual not feasible: -50.694
dual not feasible: -51.1594
dual not feasible: -52.1842
dual not feasible: -53.6371
dual not feasible: -51.7371
dual not feasible: -49.232
dual not feasible: -51.2573
dual not feasible: -51.1704
dual not feasible: -51.6941
dual not feasible: -50.1415
dual not feasible: -50.5642
dual not feasible: -50.619
dual not feasible: -49.5999
dual not feasible: -50.6846
dual not feasible: -51.4717
dual not feasible: -49.5096
dual not feasible: -53.5802
dual not feasible: -56.9579
dual not feasible: -51.6533
dual not feasible: -49.6867
dual not feasible: -48.9115
dual not feasible: -50.0352
dual not feasible: -51.6846
dual not feasible: -50.7512
dual not feasible: -50.3599
dual not feasible: -48.9762
dual not feasible: -51.2345
dual not feasible: -52.2486
dual not feasible: -51.8113
dual not feasible: -50.7997
dual not feasible: -49.1614
dual not feasible: -48.9677
dual not feasible: -51.0877
dual not feasible: -52.747
dual not feasible: -48.8031
dual not feasible: -49.718
dual not feasible: -53.5928
dual not feasible: -52.2755
dual not feasible: -52.2265
dual not feasible: -49.2115
dual not feasible: -50.4094
dual not feasible: -53.9859
dual not feasible: -50.2735
dual not feasible: -49.4153
dual not feasible: -50.5358
dual not feasible: -51.0357
dual not feasible: -54.3822
dual not feasible: -51.4886
dual not feasible: -48.2038
dual not feasible: -49.1382
dual not feasible: -52.9143
dual not feasible: -48.4249
dual not feasible: -51.0036
dual not feasible: -48.9101
dual not feasible: -50.3873
dual not feasible: -53.5963
STATS - lpIterations[99] lagIterations[26196] sspIterations[26196] numSeparations[25998] numCuts[0] compileTime[0] sspSolveTime[1802] lpSolveTime[0] lb[649.832] ub[771.79] size: [38979] time: [3217]
dual not feasible: -49.9668
dual not feasible: -53.238
dual not feasible: -52.3679
dual not feasible: -61.6496
dual not feasible: -58.3604
dual not feasible: -69.3311
dual not feasible: -61.2948
dual not feasible: -72.2652
dual not feasible: -74.0281
dual not feasible: -70.5796
dual not feasible: -66.0139
dual not feasible: -60.9199
dual not feasible: -66.0402
dual not feasible: -66.8357
dual not feasible: -67.9048
dual not feasible: -65.5571
dual not feasible: -61.622
dual not feasible: -64.2391
dual not feasible: -64.3733
dual not feasible: -60.0794
dual not feasible: -65.9972
dual not feasible: -62.6842
dual not feasible: -68.9523
dual not feasible: -71.7928
dual not feasible: -63.5789
dual not feasible: -62.0871
dual not feasible: -64.112
dual not feasible: -63.239
dual not feasible: -65.6536
dual not feasible: -57.9162
dual not feasible: -59.9268
dual not feasible: -57.3931
dual not feasible: -57.3241
dual not feasible: -58.5097
dual not feasible: -61.8517
dual not feasible: -64.4431
dual not feasible: -67.5438
dual not feasible: -65.2193
dual not feasible: -65.497
dual not feasible: -67.6227
dual not feasible: -63.8471
dual not feasible: -56.7369
dual not feasible: -56.6838
dual not feasible: -56.8007
dual not feasible: -61.2787
dual not feasible: -60.228
dual not feasible: -56.8384
dual not feasible: -55.0211
dual not feasible: -55.6877
dual not feasible: -63.7878
dual not feasible: -55.4028
dual not feasible: -65.9936
dual not feasible: -61.069
dual not feasible: -62.7528
dual not feasible: -62.6447
dual not feasible: -58.4786
dual not feasible: -60.2755
dual not feasible: -57.0858
dual not feasible: -57.2374
dual not feasible: -59.9532
dual not feasible: -59.7139
dual not feasible: -63.0418
dual not feasible: -56.2534
dual not feasible: -56.0472
dual not feasible: -59.9298
dual not feasible: -60.375
dual not feasible: -57.8551
dual not feasible: -58.6507
dual not feasible: -55.4786
dual not feasible: -64.3135
dual not feasible: -56.1144
dual not feasible: -51.9934
dual not feasible: -55.8008
dual not feasible: -57.1402
dual not feasible: -59.8757
dual not feasible: -61.1086
dual not feasible: -60.8478
dual not feasible: -58.2966
dual not feasible: -57.922
dual not feasible: -59.221
dual not feasible: -52.8275
dual not feasible: -53.9372
dual not feasible: -55.6007
dual not feasible: -52.3396
dual not feasible: -58.4996
dual not feasible: -57.7639
dual not feasible: -57.1334
dual not feasible: -54.9611
dual not feasible: -61.7498
dual not feasible: -57.3947
dual not feasible: -56.2025
dual not feasible: -57.5042
dual not feasible: -55.2475
dual not feasible: -57.3818
dual not feasible: -57.1703
dual not feasible: -53.0362
dual not feasible: -59.0802
dual not feasible: -56.7216
dual not feasible: -57.9896
dual not feasible: -54.3239
dual not feasible: -55.255
dual not feasible: -53.1588
STATS - lpIterations[100] lagIterations[26298] sspIterations[26298] numSeparations[26099] numCuts[0] compileTime[0] sspSolveTime[1815] lpSolveTime[0] lb[649.832] ub[771.79] size: [39086] time: [3240]
dual not feasible: -52.138
dual not feasible: -61.072
dual not feasible: -66.7442
dual not feasible: -62.6235
dual not feasible: -62.9585
dual not feasible: -72.7076
dual not feasible: -63.1214
dual not feasible: -64.2276
dual not feasible: -66.1432
dual not feasible: -64.8557
dual not feasible: -67.4221
dual not feasible: -69.2578
dual not feasible: -63.5372
dual not feasible: -60.5351
dual not feasible: -71.6199
dual not feasible: -68.3603
dual not feasible: -74.2721
dual not feasible: -59.5803
dual not feasible: -67.8859
dual not feasible: -63.7441
dual not feasible: -68.7588
dual not feasible: -63.9108
dual not feasible: -66.9716
dual not feasible: -64.7805
dual not feasible: -63.4208
dual not feasible: -62.4382
dual not feasible: -59.1018
dual not feasible: -63.3019
dual not feasible: -66.5778
dual not feasible: -60.6335
dual not feasible: -63.3805
dual not feasible: -59.8563
dual not feasible: -58.8133
dual not feasible: -64.5756
dual not feasible: -61.7657
dual not feasible: -59.4912
dual not feasible: -60.8292
dual not feasible: -66.331
dual not feasible: -68.7093
dual not feasible: -66.9952
dual not feasible: -65.3995
dual not feasible: -60.0638
dual not feasible: -53.5752
dual not feasible: -56.1372
dual not feasible: -60.7004
dual not feasible: -60.1963
dual not feasible: -58.7323
dual not feasible: -58.303
dual not feasible: -58.0537
dual not feasible: -62.6026
dual not feasible: -61.1643
dual not feasible: -56.8424
dual not feasible: -68.7381
dual not feasible: -63.7816
dual not feasible: -67.5419
dual not feasible: -64.5791
dual not feasible: -56.4091
dual not feasible: -53.5543
dual not feasible: -53.8758
dual not feasible: -55.3998
dual not feasible: -63.6753
dual not feasible: -59.5482
dual not feasible: -63.1007
dual not feasible: -61.4376
dual not feasible: -58.4408
dual not feasible: -60.1103
dual not feasible: -61.264
dual not feasible: -55.0789
dual not feasible: -59.6965
dual not feasible: -55.6319
dual not feasible: -59.1999
dual not feasible: -63.1928
dual not feasible: -58.8091
dual not feasible: -52.3331
dual not feasible: -56.3437
dual not feasible: -57.3042
dual not feasible: -59.0634
dual not feasible: -58.2158
dual not feasible: -59.9112
dual not feasible: -54.2722
dual not feasible: -58.0188
dual not feasible: -57.4461
dual not feasible: -55.2157
dual not feasible: -56.0627
dual not feasible: -56.4782
dual not feasible: -54.8011
dual not feasible: -57.1175
dual not feasible: -55.6977
dual not feasible: -52.7615
dual not feasible: -56.3396
dual not feasible: -60.8263
dual not feasible: -57.465
dual not feasible: -60.1741
dual not feasible: -56.4334
dual not feasible: -55.9257
dual not feasible: -54.0843
dual not feasible: -57.8609
dual not feasible: -59.4523
dual not feasible: -54.3908
dual not feasible: -55.1823
dual not feasible: -55.6474
dual not feasible: -59.2953
STATS - lpIterations[101] lagIterations[26400] sspIterations[26400] numSeparations[26200] numCuts[0] compileTime[0] sspSolveTime[1828] lpSolveTime[0] lb[649.832] ub[771.79] size: [39220] time: [3263]
dual not feasible: -51.8621
dual not feasible: -59.3307
dual not feasible: -60.7309
dual not feasible: -61.6612
dual not feasible: -61.1108
dual not feasible: -64.9411
dual not feasible: -63.3675
dual not feasible: -79.3109
dual not feasible: -71.7953
dual not feasible: -61.9752
dual not feasible: -64.8499
dual not feasible: -64.3652
dual not feasible: -68.6702
dual not feasible: -62.8501
dual not feasible: -62.1086
dual not feasible: -64.7863
dual not feasible: -60.0553
dual not feasible: -64.2661
dual not feasible: -70.9993
dual not feasible: -60.5966
dual not feasible: -65.5966
dual not feasible: -59.6353
dual not feasible: -66.4967
dual not feasible: -65.759
dual not feasible: -60.6874
dual not feasible: -58.9287
dual not feasible: -65.6432
dual not feasible: -61.5166
dual not feasible: -62.5778
dual not feasible: -70.1212
dual not feasible: -62.8017
dual not feasible: -60.1638
dual not feasible: -60.5205
dual not feasible: -56.8845
dual not feasible: -59.6566
dual not feasible: -70.2435
dual not feasible: -64.9077
dual not feasible: -61.2926
dual not feasible: -63.984
dual not feasible: -62.2806
dual not feasible: -63.1425
dual not feasible: -60.0061
dual not feasible: -58.2795
dual not feasible: -63.348
dual not feasible: -68.7475
dual not feasible: -61.3857
dual not feasible: -58.028
dual not feasible: -56.0683
dual not feasible: -61.327
dual not feasible: -63.0083
dual not feasible: -55.5379
dual not feasible: -61.2862
dual not feasible: -59.3531
dual not feasible: -59.5584
dual not feasible: -58.0871
dual not feasible: -64.0349
dual not feasible: -56.5366
dual not feasible: -56.1852
dual not feasible: -58.7563
dual not feasible: -63.7187
dual not feasible: -60.9397
dual not feasible: -62.3948
dual not feasible: -61.1915
dual not feasible: -57.4389
dual not feasible: -59.4702
dual not feasible: -54.0219
dual not feasible: -57.604
dual not feasible: -58.0421
dual not feasible: -57.4937
dual not feasible: -69.5957
dual not feasible: -60.3903
dual not feasible: -60.7188
dual not feasible: -57.9835
dual not feasible: -63.5417
dual not feasible: -56.4868
dual not feasible: -61.768
dual not feasible: -59.63
dual not feasible: -53.7854
dual not feasible: -54.9851
dual not feasible: -59.1978
dual not feasible: -55.0767
dual not feasible: -56.5559
dual not feasible: -56.4976
dual not feasible: -59.0534
dual not feasible: -56.4435
dual not feasible: -63.3403
dual not feasible: -56.3283
dual not feasible: -51.4521
dual not feasible: -54.2054
dual not feasible: -53.8825
dual not feasible: -54.6862
dual not feasible: -56.0438
dual not feasible: -59.7455
dual not feasible: -56.6326
dual not feasible: -56.3385
dual not feasible: -54.6517
dual not feasible: -57.1903
dual not feasible: -53.8641
dual not feasible: -55.7945
dual not feasible: -54.5912
dual not feasible: -53.8705
dual not feasible: -56.1015
STATS - lpIterations[102] lagIterations[26502] sspIterations[26502] numSeparations[26301] numCuts[0] compileTime[0] sspSolveTime[1841] lpSolveTime[0] lb[649.832] ub[771.79] size: [39350] time: [3286]
dual not feasible: -55.3105
dual not feasible: -58.9797
dual not feasible: -56.9528
dual not feasible: -65.2615
dual not feasible: -64.0896
dual not feasible: -67.7431
dual not feasible: -69.2195
dual not feasible: -62.7791
dual not feasible: -61.3362
dual not feasible: -64.4828
dual not feasible: -63.5286
dual not feasible: -60.4063
dual not feasible: -64.6335
dual not feasible: -75.6621
dual not feasible: -77.9151
dual not feasible: -68.139
dual not feasible: -69.9316
dual not feasible: -62.0749
dual not feasible: -67.6316
dual not feasible: -62.2147
dual not feasible: -61.0816
dual not feasible: -67.3551
dual not feasible: -69.8005
dual not feasible: -62.1504
dual not feasible: -64.1318
dual not feasible: -63.4368
dual not feasible: -66.7955
dual not feasible: -62.1152
dual not feasible: -56.8482
dual not feasible: -60.2839
dual not feasible: -65.2213
dual not feasible: -67.6912
dual not feasible: -61.4452
dual not feasible: -57.9491
dual not feasible: -63.346
dual not feasible: -66.1876
dual not feasible: -68.2659
dual not feasible: -60.1563
dual not feasible: -61.0382
dual not feasible: -69.5457
dual not feasible: -66.6636
dual not feasible: -59.9481
dual not feasible: -58.6777
dual not feasible: -56.3049
dual not feasible: -62.4742
dual not feasible: -55.1764
dual not feasible: -59.6414
dual not feasible: -63.5109
dual not feasible: -58.0271
dual not feasible: -69.3393
dual not feasible: -64.9237
dual not feasible: -57.7979
dual not feasible: -56.9083
dual not feasible: -59.6883
dual not feasible: -63.177
dual not feasible: -62.65
dual not feasible: -63.5327
dual not feasible: -57.2144
dual not feasible: -57.7348
dual not feasible: -60.2949
dual not feasible: -60.9192
dual not feasible: -59.3765
dual not feasible: -57.2606
dual not feasible: -54.412
dual not feasible: -58.6211
dual not feasible: -55.9214
dual not feasible: -55.988
dual not feasible: -56.2274
dual not feasible: -56.3922
dual not feasible: -61.2643
dual not feasible: -57.9927
dual not feasible: -61.4631
dual not feasible: -58.1676
dual not feasible: -55.3173
dual not feasible: -55.4452
dual not feasible: -56.5909
dual not feasible: -60.4565
dual not feasible: -58.9502
dual not feasible: -59.6384
dual not feasible: -53.2086
dual not feasible: -54.6338
dual not feasible: -52.922
dual not feasible: -50.4765
dual not feasible: -51.15
dual not feasible: -54.4134
dual not feasible: -55.1936
dual not feasible: -62.1147
dual not feasible: -57.1808
dual not feasible: -58.1249
dual not feasible: -55.6701
dual not feasible: -54.8829
dual not feasible: -56.4834
dual not feasible: -56.4812
dual not feasible: -58.2467
dual not feasible: -54.5014
dual not feasible: -56.085
dual not feasible: -53.0937
dual not feasible: -52.8335
dual not feasible: -51.8206
dual not feasible: -53.7578
dual not feasible: -56.6437
dual not feasible: -55.4363
dual not feasible: -64.501
dual not feasible: -58.8839
dual not feasible: -53.3638
dual not feasible: -55.7654
dual not feasible: -54.7072
dual not feasible: -61.7235
dual not feasible: -57.4144
dual not feasible: -54.4111
dual not feasible: -49.8867
dual not feasible: -53.9603
dual not feasible: -54.5347
dual not feasible: -50.8635
dual not feasible: -57.9412
dual not feasible: -54.7595
dual not feasible: -58.7495
dual not feasible: -56.4216
dual not feasible: -52.2042
dual not feasible: -58.5312
dual not feasible: -58.7746
dual not feasible: -49.5638
dual not feasible: -52.634
dual not feasible: -51.6979
dual not feasible: -57.27
dual not feasible: -54.5597
dual not feasible: -53.757
dual not feasible: -51.4674
dual not feasible: -54.6946
dual not feasible: -51.8887
dual not feasible: -50.4564
dual not feasible: -51.7639
dual not feasible: -54.9031
dual not feasible: -56.475
dual not feasible: -51.8677
dual not feasible: -50.2508
dual not feasible: -55.6318
dual not feasible: -57.0921
dual not feasible: -58.7164
dual not feasible: -54.9346
dual not feasible: -51.7908
dual not feasible: -52.5022
dual not feasible: -56.0179
dual not feasible: -51.505
dual not feasible: -53.8333
dual not feasible: -54.8717
dual not feasible: -53.6019
dual not feasible: -50.8917
dual not feasible: -51.2226
dual not feasible: -51.1548
dual not feasible: -53.2877
dual not feasible: -49.6363
dual not feasible: -54.654
dual not feasible: -50.5029
dual not feasible: -55.4773
dual not feasible: -53.0829
dual not feasible: -53.6785
dual not feasible: -52.696
dual not feasible: -52.8749
dual not feasible: -53.0461
dual not feasible: -51.3606
dual not feasible: -50.0928
dual not feasible: -51.6676
dual not feasible: -53.3444
dual not feasible: -52.0728
dual not feasible: -51.7162
dual not feasible: -52.441
dual not feasible: -56.0781
dual not feasible: -53.0347
dual not feasible: -54.595
dual not feasible: -52.65
dual not feasible: -50.9642
dual not feasible: -51.2559
dual not feasible: -52.9792
dual not feasible: -52.7192
dual not feasible: -54.064
dual not feasible: -50.6983
dual not feasible: -51.0762
dual not feasible: -54.2978
dual not feasible: -50.8739
dual not feasible: -49.6285
dual not feasible: -50.4711
dual not feasible: -50.5476
dual not feasible: -53.5074
dual not feasible: -51.148
dual not feasible: -51.0325
dual not feasible: -51.6399
dual not feasible: -50.6028
dual not feasible: -50.5012
dual not feasible: -52.6751
dual not feasible: -54.1371
dual not feasible: -50.5867
dual not feasible: -49.5742
dual not feasible: -53.3433
dual not feasible: -50.8049
dual not feasible: -51.8539
dual not feasible: -50.0767
dual not feasible: -49.1528
dual not feasible: -52.2675
dual not feasible: -49.8249
dual not feasible: -50.6911
dual not feasible: -48.7719
dual not feasible: -52.1781
dual not feasible: -51.0687
dual not feasible: -54.2256
dual not feasible: -50.0231
dual not feasible: -49.969
dual not feasible: -53.0756
dual not feasible: -53.1016
dual not feasible: -49.3792
dual not feasible: -49.2998
dual not feasible: -49.0162
dual not feasible: -50.4309
dual not feasible: -51.9274
dual not feasible: -49.615
dual not feasible: -48.8
dual not feasible: -49.0264
dual not feasible: -48.5113
dual not feasible: -52.6346
dual not feasible: -52.4527
dual not feasible: -48.4866
dual not feasible: -51.2637
dual not feasible: -50.5936
dual not feasible: -50.4071
dual not feasible: -51.679
dual not feasible: -54.1695
dual not feasible: -49.5162
dual not feasible: -50.9378
dual not feasible: -49.5078
dual not feasible: -46.9712
dual not feasible: -48.4439
dual not feasible: -49.4299
dual not feasible: -51.187
dual not feasible: -49.4788
dual not feasible: -50.2726
dual not feasible: -49.3065
dual not feasible: -47.5299
dual not feasible: -48.7691
dual not feasible: -50.3371
dual not feasible: -50.4797
dual not feasible: -51.354
dual not feasible: -50.6836
dual not feasible: -50.2387
dual not feasible: -51.7057
dual not feasible: -50.7482
dual not feasible: -50.36
dual not feasible: -49.9109
dual not feasible: -49.564
dual not feasible: -53.29
dual not feasible: -49.5448
dual not feasible: -49.8021
dual not feasible: -49.2748
dual not feasible: -51.5459
dual not feasible: -50.9453
dual not feasible: -50.1837
dual not feasible: -48.5278
dual not feasible: -48.1185
dual not feasible: -50.3316
dual not feasible: -51.0968
dual not feasible: -51.1414
dual not feasible: -49.05
dual not feasible: -49.1605
dual not feasible: -49.1831
dual not feasible: -52.5431
dual not feasible: -48.5714
dual not feasible: -51.3142
dual not feasible: -48.3487
dual not feasible: -50.2911
dual not feasible: -51.2466
dual not feasible: -49.4112
dual not feasible: -48.6104
dual not feasible: -48.9577
dual not feasible: -47.9818
dual not feasible: -48.598
dual not feasible: -48.9458
dual not feasible: -49.6274
dual not feasible: -49.0234
dual not feasible: -49.7181
dual not feasible: -47.0072
dual not feasible: -50.6246
dual not feasible: -51.2874
dual not feasible: -50.3684
dual not feasible: -48.6742
dual not feasible: -48.5395
dual not feasible: -46.9233
dual not feasible: -49.121
dual not feasible: -48.235
dual not feasible: -48.62
dual not feasible: -48.1905
dual not feasible: -49.0229
dual not feasible: -50.0154
dual not feasible: -49.1177
dual not feasible: -48.1351
dual not feasible: -48.3192
dual not feasible: -46.8704
dual not feasible: -49.0485
dual not feasible: -49.7379
dual not feasible: -49.1823
dual not feasible: -47.7161
dual not feasible: -48.8264
dual not feasible: -52.7783
dual not feasible: -47.8458
dual not feasible: -47.9483
dual not feasible: -47.3668
dual not feasible: -47.0844
dual not feasible: -49.2121
dual not feasible: -48.7321
dual not feasible: -49.9708
dual not feasible: -47.4188
dual not feasible: -49.1765
dual not feasible: -50.8885
dual not feasible: -48.6407
dual not feasible: -48.6845
dual not feasible: -48.2285
dual not feasible: -48.9548
dual not feasible: -46.7247
dual not feasible: -48.1424
dual not feasible: -49.8912
dual not feasible: -47.5663
dual not feasible: -48.0822
dual not feasible: -49.1809
dual not feasible: -49.5177
dual not feasible: -48.6087
dual not feasible: -47.6821
dual not feasible: -48.8185
dual not feasible: -47.9178
dual not feasible: -47.2013
dual not feasible: -47.3867
dual not feasible: -48.8398
dual not feasible: -48.453
dual not feasible: -47.554
STATS - lpIterations[103] lagIterations[26833] sspIterations[26833] numSeparations[26631] numCuts[0] compileTime[0] sspSolveTime[1883] lpSolveTime[0] lb[649.832] ub[771.79] size: [39744] time: [3361]
dual not feasible: -48.5287
dual not feasible: -51.213
dual not feasible: -59.2115
dual not feasible: -63.328
dual not feasible: -65.3234
dual not feasible: -66.0972
dual not feasible: -73.3459
dual not feasible: -74.8315
dual not feasible: -69.708
dual not feasible: -60.0762
dual not feasible: -61.0705
dual not feasible: -59.0871
dual not feasible: -67.6387
dual not feasible: -61.8189
dual not feasible: -59.8962
dual not feasible: -76.8623
dual not feasible: -75.2947
dual not feasible: -74.4703
dual not feasible: -70.0825
dual not feasible: -63.5048
dual not feasible: -61.4416
dual not feasible: -69.539
dual not feasible: -63.3485
dual not feasible: -63.819
dual not feasible: -66.2963
dual not feasible: -59.2425
dual not feasible: -61.6497
dual not feasible: -63.1759
dual not feasible: -61.8747
dual not feasible: -67.2406
dual not feasible: -66.1928
dual not feasible: -59.172
dual not feasible: -69.5416
dual not feasible: -63.0269
dual not feasible: -61.1874
dual not feasible: -58.9615
dual not feasible: -59.3638
dual not feasible: -59.2315
dual not feasible: -62.0943
dual not feasible: -63.024
dual not feasible: -57.8236
dual not feasible: -58.9141
dual not feasible: -61.3119
dual not feasible: -61.0855
dual not feasible: -63.3419
dual not feasible: -62.7183
dual not feasible: -55.6216
dual not feasible: -56.693
dual not feasible: -58.1481
dual not feasible: -63.4148
dual not feasible: -60.2847
dual not feasible: -64.3802
dual not feasible: -64.832
dual not feasible: -63.8715
dual not feasible: -59.6813
dual not feasible: -57.9959
dual not feasible: -54.0719
dual not feasible: -60.1929
dual not feasible: -62.8131
dual not feasible: -64.225
dual not feasible: -59.0336
dual not feasible: -57.2005
dual not feasible: -57.4377
dual not feasible: -58.3533
dual not feasible: -53.0215
dual not feasible: -52.8601
dual not feasible: -61.872
dual not feasible: -64.9084
dual not feasible: -59.3955
dual not feasible: -59.9322
dual not feasible: -59.3022
dual not feasible: -60.4939
dual not feasible: -53.7722
dual not feasible: -55.8806
dual not feasible: -54.8113
dual not feasible: -55.5473
dual not feasible: -64.663
dual not feasible: -63.9075
dual not feasible: -57.2289
dual not feasible: -54.31
dual not feasible: -56.7327
dual not feasible: -56.9157
dual not feasible: -58.0246
dual not feasible: -57.4845
dual not feasible: -54.4404
dual not feasible: -54.3037
dual not feasible: -60.8937
dual not feasible: -57.4174
dual not feasible: -54.1806
dual not feasible: -55.0873
dual not feasible: -53.0838
dual not feasible: -57.9124
dual not feasible: -60.5645
dual not feasible: -54.9365
dual not feasible: -59.7413
dual not feasible: -58.1592
dual not feasible: -56.1035
dual not feasible: -54.7237
dual not feasible: -52.2075
dual not feasible: -53.5547
dual not feasible: -55.2908
dual not feasible: -52.5486
STATS - lpIterations[104] lagIterations[26935] sspIterations[26935] numSeparations[26732] numCuts[0] compileTime[0] sspSolveTime[1896] lpSolveTime[0] lb[649.832] ub[771.79] size: [39865] time: [3384]
dual not feasible: -51.6372
dual not feasible: -55.7563
dual not feasible: -63.4836
dual not feasible: -67.898
dual not feasible: -68.0751
dual not feasible: -63.1806
dual not feasible: -65.903
dual not feasible: -69.2995
dual not feasible: -69.0403
dual not feasible: -63.5563
dual not feasible: -64.691
dual not feasible: -66.8467
dual not feasible: -63.4464
dual not feasible: -72.2511
dual not feasible: -69.2185
dual not feasible: -72.2106
dual not feasible: -67.868
dual not feasible: -73.3842
dual not feasible: -74.173
dual not feasible: -67.6486
dual not feasible: -60.8722
dual not feasible: -59.0157
dual not feasible: -59.4754
dual not feasible: -60.776
dual not feasible: -66.4538
dual not feasible: -63.4587
dual not feasible: -58.8402
dual not feasible: -64.536
dual not feasible: -61.0993
dual not feasible: -67.2841
dual not feasible: -69.1334
dual not feasible: -59.8243
dual not feasible: -62.9756
dual not feasible: -58.2569
dual not feasible: -60.5771
dual not feasible: -62.7164
dual not feasible: -61.1556
dual not feasible: -59.954
dual not feasible: -63.1077
dual not feasible: -58.6744
dual not feasible: -60.438
dual not feasible: -67.0316
dual not feasible: -65.5687
dual not feasible: -63.3069
dual not feasible: -62.9678
dual not feasible: -58.9818
dual not feasible: -60.764
dual not feasible: -59.5034
dual not feasible: -56.8074
dual not feasible: -57.0602
dual not feasible: -62.7591
dual not feasible: -59.42
dual not feasible: -60.7769
dual not feasible: -57.5111
dual not feasible: -57.6996
dual not feasible: -58.968
dual not feasible: -62.3839
dual not feasible: -60.4881
dual not feasible: -55.587
dual not feasible: -58.1164
dual not feasible: -61.3147
dual not feasible: -58.1996
dual not feasible: -57.3167
dual not feasible: -56.4116
dual not feasible: -64.6329
dual not feasible: -60.8997
dual not feasible: -60.693
dual not feasible: -58.3487
dual not feasible: -56.5786
dual not feasible: -60.9354
dual not feasible: -59.6725
dual not feasible: -57.9629
dual not feasible: -57.7353
dual not feasible: -59.6692
dual not feasible: -55.0685
dual not feasible: -57.2272
dual not feasible: -56.8631
dual not feasible: -56.5986
dual not feasible: -59.5619
dual not feasible: -61.0458
dual not feasible: -55.5829
dual not feasible: -54.3956
dual not feasible: -54.5719
dual not feasible: -55.2654
dual not feasible: -56.176
dual not feasible: -58.3347
dual not feasible: -54.0344
dual not feasible: -53.7553
dual not feasible: -60.0787
dual not feasible: -55.7443
dual not feasible: -56.6174
dual not feasible: -58.0205
dual not feasible: -52.4151
dual not feasible: -55.2538
dual not feasible: -53.7742
dual not feasible: -54.4594
dual not feasible: -57.3428
dual not feasible: -65.5303
dual not feasible: -55.1413
dual not feasible: -56.1557
dual not feasible: -53.6465
dual not feasible: -56.3099
STATS - lpIterations[105] lagIterations[27037] sspIterations[27037] numSeparations[26833] numCuts[0] compileTime[0] sspSolveTime[1909] lpSolveTime[0] lb[649.832] ub[771.79] size: [39971] time: [3408]
dual not feasible: -54.28
dual not feasible: -57.7674
dual not feasible: -56.3855
dual not feasible: -69.4016
dual not feasible: -72.3342
dual not feasible: -66.6702
dual not feasible: -66.385
dual not feasible: -70.6446
dual not feasible: -75.3962
dual not feasible: -72.9412
dual not feasible: -63.2342
dual not feasible: -59.6431
dual not feasible: -61.4688
dual not feasible: -59.3664
dual not feasible: -62.0857
dual not feasible: -61.5366
dual not feasible: -66.3797
dual not feasible: -63.769
dual not feasible: -63.0881
dual not feasible: -65.392
dual not feasible: -66.3434
dual not feasible: -60.2447
dual not feasible: -57.3442
dual not feasible: -60.989
dual not feasible: -57.6776
dual not feasible: -64.6926
dual not feasible: -62.3644
dual not feasible: -65.0312
dual not feasible: -61.6085
dual not feasible: -66.1289
dual not feasible: -59.7408
dual not feasible: -58.9607
dual not feasible: -67.5673
dual not feasible: -62.0259
dual not feasible: -61.9418
dual not feasible: -61.9637
dual not feasible: -60.0642
dual not feasible: -60.5287
dual not feasible: -65.2856
dual not feasible: -63.2363
dual not feasible: -58.9849
dual not feasible: -58.3975
dual not feasible: -64.837
dual not feasible: -61.6059
dual not feasible: -55.4003
dual not feasible: -54.065
dual not feasible: -57.5248
dual not feasible: -64.364
dual not feasible: -66.197
dual not feasible: -70.4849
dual not feasible: -60.9654
dual not feasible: -62.9007
dual not feasible: -59.6718
dual not feasible: -58.9491
dual not feasible: -59.5369
dual not feasible: -59.2307
dual not feasible: -61.4292
dual not feasible: -59.0616
dual not feasible: -56.9334
dual not feasible: -62.1601
dual not feasible: -58.2517
dual not feasible: -62.8909
dual not feasible: -61.6306
dual not feasible: -61.2199
dual not feasible: -60.9373
dual not feasible: -58.6562
dual not feasible: -51.7675
dual not feasible: -56.9296
dual not feasible: -58.0748
dual not feasible: -57.5318
dual not feasible: -54.7248
dual not feasible: -53.7312
dual not feasible: -57.0311
dual not feasible: -59.2845
dual not feasible: -56.1987
dual not feasible: -56.3538
dual not feasible: -59.389
dual not feasible: -56.7497
dual not feasible: -56.0307
dual not feasible: -58.5108
dual not feasible: -55.4539
dual not feasible: -54.8659
dual not feasible: -58.7449
dual not feasible: -57.5265
dual not feasible: -55.3642
dual not feasible: -56.5059
dual not feasible: -57.1306
dual not feasible: -67.3946
dual not feasible: -57.3469
dual not feasible: -57.0659
dual not feasible: -54.1716
dual not feasible: -57.7009
dual not feasible: -54.1983
dual not feasible: -52.4504
dual not feasible: -53.1517
dual not feasible: -56.2889
dual not feasible: -56.3344
dual not feasible: -60.5685
dual not feasible: -58.6436
dual not feasible: -55.9085
dual not feasible: -54.494
dual not feasible: -55.6168
dual not feasible: -56.5848
dual not feasible: -52.2294
dual not feasible: -52.2539
dual not feasible: -55.7129
dual not feasible: -52.7686
dual not feasible: -53.9276
dual not feasible: -54.9981
dual not feasible: -54.0845
dual not feasible: -54.2648
dual not feasible: -56.5159
dual not feasible: -56.7656
dual not feasible: -54.0799
dual not feasible: -55.4028
dual not feasible: -53.7063
dual not feasible: -56.1296
dual not feasible: -55.5613
dual not feasible: -53.5829
dual not feasible: -52.2251
dual not feasible: -54.7208
dual not feasible: -51.2654
dual not feasible: -54.0578
dual not feasible: -52.5532
dual not feasible: -55.3203
dual not feasible: -55.9402
dual not feasible: -53.2698
dual not feasible: -51.9809
dual not feasible: -55.5358
dual not feasible: -54.4219
dual not feasible: -55.249
dual not feasible: -54.5388
dual not feasible: -51.0122
dual not feasible: -51.8976
dual not feasible: -54.4878
dual not feasible: -52.853
dual not feasible: -53.5219
dual not feasible: -53.1371
dual not feasible: -54.6226
dual not feasible: -51.317
dual not feasible: -54.0796
dual not feasible: -52.2747
dual not feasible: -50.4263
dual not feasible: -51.253
dual not feasible: -56.6445
dual not feasible: -55.4928
dual not feasible: -52.8954
dual not feasible: -51.6958
dual not feasible: -52.0857
dual not feasible: -51.596
dual not feasible: -49.2358
dual not feasible: -50.9975
dual not feasible: -53.7544
dual not feasible: -53.9621
dual not feasible: -53.6573
dual not feasible: -55.139
dual not feasible: -52.3499
dual not feasible: -52.8222
dual not feasible: -51.1701
dual not feasible: -53.0659
dual not feasible: -51.3002
dual not feasible: -52.0868
dual not feasible: -52.4058
dual not feasible: -52.959
dual not feasible: -54.5476
dual not feasible: -53.2986
dual not feasible: -50.2716
dual not feasible: -49.3937
dual not feasible: -50.311
dual not feasible: -51.7457
dual not feasible: -52.4614
dual not feasible: -49.2334
dual not feasible: -51.5455
dual not feasible: -54.5235
dual not feasible: -54.9893
dual not feasible: -52.5557
dual not feasible: -54.3069
dual not feasible: -54.358
dual not feasible: -49.2444
dual not feasible: -49.1358
dual not feasible: -49.6355
dual not feasible: -50.1971
dual not feasible: -51.5788
dual not feasible: -51.8633
dual not feasible: -53.7041
dual not feasible: -57.3206
dual not feasible: -54.1105
dual not feasible: -48.3079
dual not feasible: -48.2979
dual not feasible: -49.2652
dual not feasible: -51.4993
dual not feasible: -52.6798
dual not feasible: -50.0949
dual not feasible: -55.9261
dual not feasible: -55.5554
dual not feasible: -53.9301
dual not feasible: -50.6033
dual not feasible: -49.1479
dual not feasible: -50.0215
dual not feasible: -52.654
dual not feasible: -50.0212
dual not feasible: -49.5416
dual not feasible: -50.8989
dual not feasible: -50.5909
dual not feasible: -51.1675
dual not feasible: -50.4529
dual not feasible: -50.0017
dual not feasible: -48.4805
dual not feasible: -50.1776
dual not feasible: -53.2417
dual not feasible: -51.2397
dual not feasible: -48.642
dual not feasible: -50.1397
dual not feasible: -52.5274
dual not feasible: -50.8874
dual not feasible: -49.0009
dual not feasible: -50.7202
dual not feasible: -49.3351
dual not feasible: -51.4943
dual not feasible: -50.3196
dual not feasible: -50.134
dual not feasible: -48.8585
dual not feasible: -49.4653
dual not feasible: -51.617
dual not feasible: -51.9294
dual not feasible: -50.685
dual not feasible: -50.9472
dual not feasible: -48.9215
dual not feasible: -51.3908
dual not feasible: -49.3209
dual not feasible: -52.2868
dual not feasible: -51.4983
dual not feasible: -54.8269
dual not feasible: -50.226
dual not feasible: -50.657
dual not feasible: -50.1544
dual not feasible: -48.5295
dual not feasible: -48.5873
dual not feasible: -50.5109
dual not feasible: -50.7029
dual not feasible: -48.5339
dual not feasible: -51.723
dual not feasible: -48.8796
dual not feasible: -49.8497
dual not feasible: -50.985
dual not feasible: -50.4357
dual not feasible: -49.5213
dual not feasible: -52.1814
dual not feasible: -50.6206
dual not feasible: -47.7464
dual not feasible: -49.1561
dual not feasible: -50.4506
dual not feasible: -49.7351
dual not feasible: -48.6183
dual not feasible: -50.1746
dual not feasible: -49.6079
dual not feasible: -50.1419
dual not feasible: -49.5666
dual not feasible: -50.739
dual not feasible: -49.5152
dual not feasible: -49.9701
dual not feasible: -50.2017
dual not feasible: -49.9764
dual not feasible: -49.1587
dual not feasible: -51.9096
dual not feasible: -49.5455
dual not feasible: -49.6879
dual not feasible: -47.6895
dual not feasible: -48.6139
dual not feasible: -50.5144
dual not feasible: -49.7687
dual not feasible: -48.4665
dual not feasible: -47.6334
dual not feasible: -51.519
dual not feasible: -50.706
dual not feasible: -49.0472
dual not feasible: -47.9298
dual not feasible: -49.3827
dual not feasible: -51.3163
dual not feasible: -50.5682
dual not feasible: -48.8065
dual not feasible: -47.5172
dual not feasible: -50.4713
dual not feasible: -50.5792
dual not feasible: -48.3355
dual not feasible: -49.5452
dual not feasible: -48.7317
dual not feasible: -48.7463
dual not feasible: -47.4604
dual not feasible: -49.3354
dual not feasible: -48.4752
dual not feasible: -47.2788
dual not feasible: -47.7888
dual not feasible: -48.6293
dual not feasible: -47.3734
dual not feasible: -51.948
dual not feasible: -50.9386
dual not feasible: -48.225
dual not feasible: -47.7149
dual not feasible: -47.4568
dual not feasible: -48.0014
dual not feasible: -49.966
dual not feasible: -47.3095
dual not feasible: -48.9843
dual not feasible: -48.6231
dual not feasible: -53.1953
dual not feasible: -50.7075
dual not feasible: -49.4449
dual not feasible: -48.0559
dual not feasible: -48.4616
dual not feasible: -47.6063
dual not feasible: -49.2962
dual not feasible: -48.7376
dual not feasible: -48.685
dual not feasible: -48.6474
dual not feasible: -48.7443
dual not feasible: -49.4361
dual not feasible: -47.7682
dual not feasible: -48.4908
dual not feasible: -49.0125
dual not feasible: -49.7211
dual not feasible: -48.5524
dual not feasible: -49.622
dual not feasible: -47.9722
dual not feasible: -47.2992
dual not feasible: -48.6368
dual not feasible: -52.3812
dual not feasible: -47.605
dual not feasible: -47.9668
dual not feasible: -47.1559
dual not feasible: -49.4423
dual not feasible: -48.576
dual not feasible: -48.1132
dual not feasible: -49.0799
dual not feasible: -48.372
dual not feasible: -50.5714
dual not feasible: -50.2279
dual not feasible: -47.1678
dual not feasible: -47.9728
dual not feasible: -47.6287
dual not feasible: -49.2701
dual not feasible: -47.6961
dual not feasible: -47.1356
dual not feasible: -51.5755
dual not feasible: -48.5725
dual not feasible: -48.3433
dual not feasible: -47.5627
dual not feasible: -48.9565
dual not feasible: -47.6353
dual not feasible: -49.0689
dual not feasible: -49.5264
dual not feasible: -46.8961
dual not feasible: -48.9411
dual not feasible: -47.122
dual not feasible: -49.273
dual not feasible: -47.8346
dual not feasible: -47.7944
dual not feasible: -47.4892
dual not feasible: -47.3608
dual not feasible: -48.4588
dual not feasible: -46.9068
dual not feasible: -47.7527
dual not feasible: -47.8381
dual not feasible: -49.5685
dual not feasible: -48.934
dual not feasible: -48.0564
dual not feasible: -46.8535
dual not feasible: -48.1585
dual not feasible: -46.9702
dual not feasible: -47.6432
dual not feasible: -48.2964
dual not feasible: -47.3052
dual not feasible: -47.8745
dual not feasible: -47.5596
dual not feasible: -49.1081
dual not feasible: -47.5371
dual not feasible: -47.7631
dual not feasible: -47.6108
dual not feasible: -48.512
dual not feasible: -48.7395
dual not feasible: -46.3666
dual not feasible: -46.7792
dual not feasible: -45.8664
dual not feasible: -48.1193
dual not feasible: -47.512
dual not feasible: -47.696
dual not feasible: -46.6275
dual not feasible: -47.0074
dual not feasible: -46.9641
dual not feasible: -48.3719
dual not feasible: -47.665
dual not feasible: -46.9757
dual not feasible: -47.5616
dual not feasible: -47.6322
dual not feasible: -46.892
dual not feasible: -47.9732
dual not feasible: -47.0035
dual not feasible: -46.1553
dual not feasible: -46.9764
dual not feasible: -46.7281
dual not feasible: -47.7902
dual not feasible: -49.2849
dual not feasible: -46.1901
dual not feasible: -47.8386
dual not feasible: -45.9671
dual not feasible: -47.0542
dual not feasible: -46.9898
dual not feasible: -46.3323
dual not feasible: -48.5314
dual not feasible: -48.3019
dual not feasible: -47.5301
dual not feasible: -46.3235
dual not feasible: -47.2035
dual not feasible: -46.6401
dual not feasible: -47.468
dual not feasible: -47.5895
dual not feasible: -45.8824
dual not feasible: -47.2187
dual not feasible: -49.4979
dual not feasible: -49.3833
dual not feasible: -48.2995
dual not feasible: -46.8679
dual not feasible: -46.5116
dual not feasible: -46.1756
dual not feasible: -46.601
dual not feasible: -47.9307
dual not feasible: -47.0446
dual not feasible: -48.183
dual not feasible: -49.1813
dual not feasible: -47.1997
dual not feasible: -45.5804
dual not feasible: -45.7845
dual not feasible: -46.8546
dual not feasible: -47.3455
dual not feasible: -47.3136
dual not feasible: -47.1402
dual not feasible: -46.167
dual not feasible: -47.2662
dual not feasible: -48.5135
dual not feasible: -47.3799
dual not feasible: -47.762
dual not feasible: -45.6342
dual not feasible: -45.8614
dual not feasible: -46.8264
dual not feasible: -47.3449
dual not feasible: -46.9385
dual not feasible: -46.1386
dual not feasible: -46.508
dual not feasible: -47.2826
dual not feasible: -47.985
dual not feasible: -45.5216
dual not feasible: -45.9932
dual not feasible: -46.7476
dual not feasible: -47.0723
dual not feasible: -46.8637
dual not feasible: -47.2176
dual not feasible: -47.6528
dual not feasible: -45.4895
dual not feasible: -47.2522
dual not feasible: -47.3794
dual not feasible: -48.3605
dual not feasible: -46.1709
dual not feasible: -46.3595
dual not feasible: -46.4478
dual not feasible: -46.2598
dual not feasible: -46.8229
dual not feasible: -46.1689
dual not feasible: -46.8167
dual not feasible: -48.7026
dual not feasible: -45.935
dual not feasible: -45.9021
dual not feasible: -46.8793
dual not feasible: -47.0868
dual not feasible: -47.8054
dual not feasible: -46.7035
dual not feasible: -45.7813
dual not feasible: -48.2789
dual not feasible: -46.904
dual not feasible: -47.2497
dual not feasible: -47.0574
dual not feasible: -46.4078
dual not feasible: -45.4299
dual not feasible: -47.8015
dual not feasible: -46.7567
STATS - lpIterations[106] lagIterations[27521] sspIterations[27521] numSeparations[27316] numCuts[0] compileTime[0] sspSolveTime[1973] lpSolveTime[0] lb[649.832] ub[771.79] size: [40490] time: [3520]
dual not feasible: -46.3036
dual not feasible: -53.2021
dual not feasible: -54.9302
dual not feasible: -57.6996
dual not feasible: -63.5846
dual not feasible: -74.8863
dual not feasible: -74.4196
dual not feasible: -62.0843
dual not feasible: -67.4496
dual not feasible: -64.5159
dual not feasible: -67.5042
dual not feasible: -69.0602
dual not feasible: -62.3413
dual not feasible: -58.8839
dual not feasible: -63.2109
dual not feasible: -71.8002
dual not feasible: -65.6534
dual not feasible: -61.4603
dual not feasible: -61.4332
dual not feasible: -63.642
dual not feasible: -73.9088
dual not feasible: -68.5942
dual not feasible: -65.5132
dual not feasible: -66.6223
dual not feasible: -66.2995
dual not feasible: -58.3439
dual not feasible: -55.6971
dual not feasible: -61.7236
dual not feasible: -62.833
dual not feasible: -63.6325
dual not feasible: -58.713
dual not feasible: -66.2734
dual not feasible: -70.2772
dual not feasible: -65.3491
dual not feasible: -64.4516
dual not feasible: -61.3966
dual not feasible: -63.3624
dual not feasible: -59.8906
dual not feasible: -63.8309
dual not feasible: -62.988
dual not feasible: -59.9421
dual not feasible: -61.0538
dual not feasible: -58.6569
dual not feasible: -62.4904
dual not feasible: -61.7111
dual not feasible: -58.5815
dual not feasible: -61.5747
dual not feasible: -63.9252
dual not feasible: -61.2582
dual not feasible: -57.6268
dual not feasible: -56.4773
dual not feasible: -59.4747
dual not feasible: -54.0394
dual not feasible: -56.4066
dual not feasible: -55.8878
dual not feasible: -62.5955
dual not feasible: -62.4051
dual not feasible: -59.9046
dual not feasible: -60.6919
dual not feasible: -58.2196
dual not feasible: -58.595
dual not feasible: -63.818
dual not feasible: -64.0999
dual not feasible: -54.8161
dual not feasible: -57.4589
dual not feasible: -60.5281
dual not feasible: -54.3462
dual not feasible: -56.4886
dual not feasible: -55.381
dual not feasible: -61.3331
dual not feasible: -62.2487
dual not feasible: -64.436
dual not feasible: -61.7508
dual not feasible: -54.6868
dual not feasible: -57.3343
dual not feasible: -60.5745
dual not feasible: -52.2489
dual not feasible: -55.3835
dual not feasible: -54.7536
dual not feasible: -56.2801
dual not feasible: -53.8438
dual not feasible: -56.2738
dual not feasible: -57.7916
dual not feasible: -59.8353
dual not feasible: -59.5978
dual not feasible: -57.9871
dual not feasible: -55.5205
dual not feasible: -60.1442
dual not feasible: -55.1107
dual not feasible: -54.9818
dual not feasible: -54.2624
dual not feasible: -52.6575
dual not feasible: -58.6159
dual not feasible: -57.1653
dual not feasible: -57.9735
dual not feasible: -58.042
dual not feasible: -60.5097
dual not feasible: -56.0763
dual not feasible: -55.1426
dual not feasible: -51.5327
dual not feasible: -51.6747
dual not feasible: -61.4648
STATS - lpIterations[107] lagIterations[27623] sspIterations[27623] numSeparations[27417] numCuts[0] compileTime[0] sspSolveTime[1986] lpSolveTime[0] lb[649.832] ub[771.79] size: [40613] time: [3544]
dual not feasible: -54.6169
dual not feasible: -55.713
dual not feasible: -56.4506
dual not feasible: -59.8338
dual not feasible: -63.4674
dual not feasible: -67.6923
dual not feasible: -63.7569
dual not feasible: -65.8806
dual not feasible: -66.9893
dual not feasible: -60.0102
dual not feasible: -60.4227
dual not feasible: -62.2852
dual not feasible: -66.068
dual not feasible: -68.9296
dual not feasible: -62.2717
dual not feasible: -70.5052
dual not feasible: -63.7472
dual not feasible: -67.8198
dual not feasible: -71.5933
dual not feasible: -62.574
dual not feasible: -74.703
dual not feasible: -70.7116
dual not feasible: -61.1969
dual not feasible: -66.2706
dual not feasible: -60.6319
dual not feasible: -58.2989
dual not feasible: -58.0431
dual not feasible: -58.6413
dual not feasible: -58.4487
dual not feasible: -64.0664
dual not feasible: -65.8796
dual not feasible: -57.4729
dual not feasible: -65.4245
dual not feasible: -60.5216
dual not feasible: -64.1454
dual not feasible: -62.9857
dual not feasible: -61.7537
dual not feasible: -59.3658
dual not feasible: -65.5156
dual not feasible: -57.2342
dual not feasible: -59.9155
dual not feasible: -69.3973
dual not feasible: -61.2106
dual not feasible: -62.6766
dual not feasible: -57.8791
dual not feasible: -59.2047
dual not feasible: -60.2203
dual not feasible: -66.9608
dual not feasible: -62.8864
dual not feasible: -57.8129
dual not feasible: -60.3933
dual not feasible: -59.6322
dual not feasible: -60.6936
dual not feasible: -58.3422
dual not feasible: -62.5123
dual not feasible: -58.0636
dual not feasible: -60.6937
dual not feasible: -57.9146
dual not feasible: -56.871
dual not feasible: -58.2885
dual not feasible: -53.4402
dual not feasible: -62.3545
dual not feasible: -60.9667
dual not feasible: -58.1756
dual not feasible: -58.8098
dual not feasible: -58.6115
dual not feasible: -61.1108
dual not feasible: -59.0389
dual not feasible: -62.7212
dual not feasible: -56.44
dual not feasible: -56.105
dual not feasible: -56.9522
dual not feasible: -58.2527
dual not feasible: -53.1298
dual not feasible: -56.1376
dual not feasible: -59.8552
dual not feasible: -64.0954
dual not feasible: -61.4667
dual not feasible: -56.2577
dual not feasible: -65.2645
dual not feasible: -56.1073
dual not feasible: -59.0205
dual not feasible: -54.8761
dual not feasible: -55.3488
dual not feasible: -59.4162
dual not feasible: -55.63
dual not feasible: -52.8428
dual not feasible: -54.7995
dual not feasible: -56.3852
dual not feasible: -57.8365
dual not feasible: -56.9788
dual not feasible: -61.637
dual not feasible: -52.7801
dual not feasible: -53.1395
dual not feasible: -60.4479
dual not feasible: -55.1754
dual not feasible: -57.8107
dual not feasible: -55.8002
dual not feasible: -52.8322
dual not feasible: -58.8385
dual not feasible: -56.5343
dual not feasible: -54.361
dual not feasible: -54.6973
dual not feasible: -56.9303
dual not feasible: -56.8113
dual not feasible: -53.5397
dual not feasible: -59.0019
dual not feasible: -53.4497
dual not feasible: -51.6278
dual not feasible: -60.011
dual not feasible: -55.8356
dual not feasible: -60.6502
dual not feasible: -57.5245
dual not feasible: -51.7236
dual not feasible: -53.6988
dual not feasible: -55.6825
dual not feasible: -53.5604
dual not feasible: -52.5461
dual not feasible: -58.2029
dual not feasible: -56.9037
dual not feasible: -58.4749
dual not feasible: -57.4355
dual not feasible: -51.3372
dual not feasible: -52.7794
dual not feasible: -52.3825
dual not feasible: -52.2261
dual not feasible: -53.5731
dual not feasible: -56.1241
dual not feasible: -52.7394
dual not feasible: -55.7849
dual not feasible: -54.7704
dual not feasible: -51.6678
dual not feasible: -52.8172
dual not feasible: -52.4279
dual not feasible: -52.8312
dual not feasible: -54.5108
dual not feasible: -54.6527
dual not feasible: -55.2937
dual not feasible: -50.0021
dual not feasible: -54.4004
dual not feasible: -51.268
dual not feasible: -54.7323
dual not feasible: -48.871
dual not feasible: -54.1158
dual not feasible: -51.9979
dual not feasible: -50.8846
dual not feasible: -52.6922
dual not feasible: -55.818
dual not feasible: -55.2215
dual not feasible: -57.5633
dual not feasible: -55.7639
dual not feasible: -52.9245
dual not feasible: -53.4954
dual not feasible: -49.7965
dual not feasible: -53.2398
dual not feasible: -48.5243
dual not feasible: -50.5631
dual not feasible: -51.723
dual not feasible: -52.1409
dual not feasible: -53.2287
dual not feasible: -55.9783
dual not feasible: -51.2843
dual not feasible: -53.8877
dual not feasible: -52.3519
dual not feasible: -54.3395
dual not feasible: -51.4131
dual not feasible: -55.1205
dual not feasible: -53.9996
dual not feasible: -50.9925
dual not feasible: -52.3485
dual not feasible: -50.7925
dual not feasible: -50.7538
dual not feasible: -52.7994
dual not feasible: -54.9965
dual not feasible: -54.032
dual not feasible: -50.3924
dual not feasible: -50.2672
dual not feasible: -51.2253
dual not feasible: -53.5644
dual not feasible: -53.6958
dual not feasible: -53.0696
dual not feasible: -50.1962
dual not feasible: -53.2753
dual not feasible: -52.0182
dual not feasible: -51.4643
dual not feasible: -49.9392
dual not feasible: -49.779
dual not feasible: -52.4184
dual not feasible: -54.9561
dual not feasible: -50.4202
dual not feasible: -49.7143
dual not feasible: -52.732
dual not feasible: -52.3949
dual not feasible: -52.1819
dual not feasible: -50.0795
dual not feasible: -48.5672
dual not feasible: -51.2115
dual not feasible: -53.97
dual not feasible: -50.5047
dual not feasible: -51.1324
dual not feasible: -51.9772
dual not feasible: -50.2425
dual not feasible: -50.4615
dual not feasible: -51.4273
dual not feasible: -48.8211
dual not feasible: -50.6801
dual not feasible: -52.3762
dual not feasible: -51.012
dual not feasible: -52.9972
dual not feasible: -51.2107
dual not feasible: -48.8567
dual not feasible: -47.7175
dual not feasible: -51.2993
dual not feasible: -48.9598
dual not feasible: -49.4028
dual not feasible: -49.4398
dual not feasible: -49.3808
dual not feasible: -49.2177
dual not feasible: -50.897
dual not feasible: -49.93
dual not feasible: -50.6113
dual not feasible: -50.5364
dual not feasible: -51.872
dual not feasible: -51.7745
dual not feasible: -53.6794
dual not feasible: -50.2991
dual not feasible: -48.9143
dual not feasible: -51.6214
dual not feasible: -50.2767
dual not feasible: -47.8751
dual not feasible: -48.3271
dual not feasible: -49.856
dual not feasible: -49.7062
dual not feasible: -54.1205
dual not feasible: -50.7388
dual not feasible: -47.5405
dual not feasible: -49.3123
dual not feasible: -49.2458
dual not feasible: -48.6927
dual not feasible: -52.746
