fixed number of vehicles
num vehicles: 5
capacity: 100
num locations: 31
instance upper bound: 672
route length upper bound: 14
DD random seed:3754673559
generate initial heuristic routes
initial primalRoute: 0 2 11 1 3 6 8 4 5 21 0 
initial primalRoute: 0 10 14 19 12 13 9 7 0 
initial primalRoute: 0 16 18 22 17 15 20 0 
initial primalRoute: 0 25 24 23 28 26 27 0 
initial primalRoute: 0 30 29 0 
added route to primal routes: 0,2,11,1,3,6,8,4,5,21,0,
random seed: 3778080277
added route to primal routes: 0,10,14,19,12,13,9,7,0,
random seed: 3793593410
added maximal sequence to primal routes: 0,2,11,10,14,19,12,13,9,7,0,
added route to primal routes: 0,16,18,22,17,15,20,0,
random seed: 3818634685
added route to primal routes: 0,25,24,23,28,26,27,0,
random seed: 3825342987
added maximal sequence to primal routes: 0,21,10,25,24,23,28,26,27,0,
added route to primal routes: 0,30,29,0,
random seed: 3842187691
added maximal sequence to primal routes: 0,14,11,7,28,26,30,29,0,
improved ub initial primal heuristic: 1141
STATS - lpIterations[0] lagIterations[0] sspIterations[0] numSeparations[0] numCuts[0] compileTime[0] sspSolveTime[0] lpSolveTime[0] lb[0] ub[1141] numArcs: [0] numFixed: [0] time: [0]
STATS1 - lpIterations[0] lagIterations[0] sspIterations[0] numSeparations[0] numCuts[0] compileTime[0] sspSolveTime[0] lpSolveTime[0] repairTime[0] cutsTime[0] alphaTime[0] decompTime[0] yellowTime[0] updateTime[0] fixTime[0] lb[0] ub[1141] numArcs: [0] numFixed: [0] time: [0]
DD random seed:3853921597
running lns dd
destroy phase
prefix: 0 2 11 1 
suffix: 6 8 4 5 21 0 
prefix: 0 10 14 
suffix: 12 13 9 7 0 
prefix: 0 
suffix: 18 22 17 15 20 0 
prefix: 0 25 
suffix: 23 28 26 27 0 
prefix: 0 
suffix: 29 0 
3 19 16 24 30 
forward frontier
restricted destroy-repair dd compilation
restricted dd compilation - suffixes
running dd lns mip
num vars: 250
obj from lns: 1108
[loc arcIndex] route: 2 0 11 1 1 2 3 3 -1 98 
[loc arcIndex] route: 10 9 14 10 24 33 19 59 -5 223 
[loc arcIndex] route: 16 16 -3 122 
[loc arcIndex] route: 25 22 -2 133 
[loc arcIndex] route: 30 28 -4 147 
improved ub from lns primal heuristic: 1108
STATS - lpIterations[0] lagIterations[0] sspIterations[0] numSeparations[0] numCuts[0] compileTime[0] sspSolveTime[0] lpSolveTime[0] lb[0] ub[1108] numArcs: [0] numFixed: [0] time: [0]
STATS1 - lpIterations[0] lagIterations[0] sspIterations[0] numSeparations[0] numCuts[0] compileTime[0] sspSolveTime[0] lpSolveTime[0] repairTime[0] cutsTime[0] alphaTime[0] decompTime[0] yellowTime[0] updateTime[0] fixTime[0] lb[0] ub[1108] numArcs: [0] numFixed: [0] time: [0]
added route to primal routes: 0,10,14,24,19,29,0,
random seed: 3887849481
added maximal sequence to primal routes: 0,11,20,16,4,10,14,24,19,29,0,
added route to primal routes: 0,25,12,13,9,7,0,
random seed: 3909400524
added maximal sequence to primal routes: 0,21,2,27,25,12,13,9,7,0,
added route to primal routes: 0,30,23,28,26,27,0,
random seed: 3928812266
added maximal sequence to primal routes: 0,2,14,30,23,28,26,27,0,
updated increasing parameter: 1
DD random seed:3944049401
running lns dd
destroy phase
prefix: 0 2 11 1 3 
suffix: 8 4 5 21 0 
prefix: 0 10 14 
suffix: 19 29 0 
prefix: 0 16 
suffix: 22 17 15 20 0 
prefix: 0 25 
suffix: 13 9 7 0 
prefix: 0 
suffix: 23 28 26 27 0 
6 24 18 12 30 
forward frontier
restricted destroy-repair dd compilation
restricted dd compilation - suffixes
running dd lns mip
num vars: 206
obj from lns: 1105
[loc arcIndex] route: 2 0 11 1 1 2 3 3 -4 78 
[loc arcIndex] route: 10 9 14 10 24 11 -2 94 
[loc arcIndex] route: 16 14 6 33 12 42 -1 177 
[loc arcIndex] route: 25 20 18 30 -3 140 
[loc arcIndex] route: 30 25 -5 131 
improved ub from lns primal heuristic: 1105
STATS - lpIterations[0] lagIterations[0] sspIterations[0] numSeparations[0] numCuts[0] compileTime[0] sspSolveTime[0] lpSolveTime[0] lb[0] ub[1105] numArcs: [0] numFixed: [0] time: [0]
STATS1 - lpIterations[0] lagIterations[0] sspIterations[0] numSeparations[0] numCuts[0] compileTime[0] sspSolveTime[0] lpSolveTime[0] repairTime[0] cutsTime[0] alphaTime[0] decompTime[0] yellowTime[0] updateTime[0] fixTime[0] lb[0] ub[1105] numArcs: [0] numFixed: [0] time: [0]
added route to primal routes: 0,2,11,1,3,13,9,7,0,
random seed: 3959884061
added maximal sequence to primal routes: 0,21,2,11,1,3,13,9,7,0,
added route to primal routes: 0,16,6,12,8,4,5,21,0,
random seed: 3973505528
added maximal sequence to primal routes: 0,20,16,6,12,8,4,5,21,0,
added route to primal routes: 0,25,18,22,17,15,20,0,
random seed: 3985743335
added maximal sequence to primal routes: 0,21,19,25,18,22,17,15,20,0,
updated increasing parameter: 1
DD random seed:4001597745
running lns dd
destroy phase
prefix: 0 2 11 1 
suffix: 13 9 7 0 
prefix: 0 10 14 
suffix: 19 29 0 
prefix: 0 16 6 12 
suffix: 4 5 21 0 
prefix: 0 25 
suffix: 22 17 15 20 0 
prefix: 0 30 23 
suffix: 26 27 0 
3 24 8 18 28 
forward frontier
restricted destroy-repair dd compilation
restricted dd compilation - suffixes
running dd lns mip
num vars: 317
obj from lns: 1104
[loc arcIndex] route: 2 0 11 1 1 2 3 3 -1 110 
[loc arcIndex] route: 10 7 14 8 24 9 -2 129 
[loc arcIndex] route: 16 12 6 13 12 14 8 44 28 59 -5 277 
[loc arcIndex] route: 25 19 18 30 -4 163 
[loc arcIndex] route: 30 25 23 26 -3 180 
improved ub from lns primal heuristic: 1104
STATS - lpIterations[0] lagIterations[0] sspIterations[0] numSeparations[0] numCuts[0] compileTime[0] sspSolveTime[0] lpSolveTime[0] lb[0] ub[1104] numArcs: [0] numFixed: [0] time: [0]
STATS1 - lpIterations[0] lagIterations[0] sspIterations[0] numSeparations[0] numCuts[0] compileTime[0] sspSolveTime[0] lpSolveTime[0] repairTime[0] cutsTime[0] alphaTime[0] decompTime[0] yellowTime[0] updateTime[0] fixTime[0] lb[0] ub[1104] numArcs: [0] numFixed: [0] time: [0]
added route to primal routes: 0,16,6,12,8,28,26,27,0,
random seed: 4023021951
added maximal sequence to primal routes: 0,21,16,6,12,8,28,26,27,0,
added route to primal routes: 0,30,23,4,5,21,0,
random seed: 4042765612
added maximal sequence to primal routes: 0,12,25,30,23,4,5,21,0,
updated increasing parameter: 1
DD random seed:4051724765
running lns dd
destroy phase
prefix: 0 
suffix: 11 1 3 13 9 7 0 
prefix: 0 
suffix: 14 24 19 29 0 
prefix: 0 16 6 12 8 28 
suffix: 27 0 
prefix: 0 25 18 22 
suffix: 15 20 0 
prefix: 0 
suffix: 23 4 5 21 0 
2 10 26 17 30 
forward frontier
restricted destroy-repair dd compilation
restricted dd compilation - suffixes
running dd lns mip
num vars: 212
obj from lns: 1104
[loc arcIndex] route: 2 0 -1 72 
[loc arcIndex] route: 10 7 -2 92 
[loc arcIndex] route: 16 12 6 13 12 14 8 15 28 16 26 17 -3 124 
[loc arcIndex] route: 25 19 18 20 22 21 17 22 -4 139 
[loc arcIndex] route: 30 25 -5 144 
DD random seed:4065943092
running lns dd
destroy phase
prefix: 0 2 11 1 3 
suffix: 9 7 0 
prefix: 0 
suffix: 14 24 19 29 0 
prefix: 0 16 6 12 8 
suffix: 26 27 0 
prefix: 0 25 
suffix: 22 17 15 20 0 
prefix: 0 30 23 
suffix: 5 21 0 
13 10 28 18 4 
forward frontier
restricted destroy-repair dd compilation
restricted dd compilation - suffixes
running dd lns mip
num vars: 255
obj from lns: 1104
[loc arcIndex] route: 2 0 11 1 1 2 3 3 13 4 -1 82 
[loc arcIndex] route: 10 7 -2 87 
[loc arcIndex] route: 16 12 6 13 12 14 8 15 28 55 -3 123 
[loc arcIndex] route: 25 19 18 20 -4 133 
[loc arcIndex] route: 30 25 23 26 4 27 -5 156 
DD random seed:4081426196
running lns dd
destroy phase
prefix: 0 2 11 
suffix: 3 13 9 7 0 
prefix: 0 10 
suffix: 24 19 29 0 
prefix: 0 
suffix: 6 12 8 28 26 27 0 
prefix: 0 25 18 22 17 
suffix: 20 0 
prefix: 0 
suffix: 23 4 5 21 0 
1 14 16 15 30 
forward frontier
restricted destroy-repair dd compilation
restricted dd compilation - suffixes
running dd lns mip
num vars: 165
obj from lns: 1092
[loc arcIndex] route: 2 0 11 1 1 2 -1 63 
[loc arcIndex] route: 10 7 14 8 15 33 -2 138 
[loc arcIndex] route: 16 12 -3 91 
[loc arcIndex] route: 25 19 18 20 22 21 17 22 -4 119 
[loc arcIndex] route: 30 25 -5 124 
improved ub from lns primal heuristic: 1092
STATS - lpIterations[0] lagIterations[0] sspIterations[0] numSeparations[0] numCuts[0] compileTime[0] sspSolveTime[0] lpSolveTime[0] lb[0] ub[1092] numArcs: [0] numFixed: [0] time: [0]
STATS1 - lpIterations[0] lagIterations[0] sspIterations[0] numSeparations[0] numCuts[0] compileTime[0] sspSolveTime[0] lpSolveTime[0] repairTime[0] cutsTime[0] alphaTime[0] decompTime[0] yellowTime[0] updateTime[0] fixTime[0] lb[0] ub[1092] numArcs: [0] numFixed: [0] time: [0]
added route to primal routes: 0,10,14,15,24,19,29,0,
random seed: 4094369507
added maximal sequence to primal routes: 0,21,11,5,2,10,14,15,24,19,29,0,
added route to primal routes: 0,25,18,22,17,20,0,
random seed: 4138917823
added maximal sequence to primal routes: 0,11,6,3,2,19,25,18,22,17,20,0,
updated increasing parameter: 1
DD random seed:4165130118
running lns dd
destroy phase
prefix: 0 2 11 1 3 
suffix: 9 7 0 
prefix: 0 10 
suffix: 15 24 19 29 0 
prefix: 0 16 
suffix: 12 8 28 26 27 0 
prefix: 0 25 18 
suffix: 17 20 0 
prefix: 0 30 
suffix: 4 5 21 0 
13 14 6 22 23 
forward frontier
restricted destroy-repair dd compilation
restricted dd compilation - suffixes
running dd lns mip
num vars: 346
obj from lns: 1073
[loc arcIndex] route: 2 0 11 1 1 2 3 3 6 67 13 84 -4 334 
[loc arcIndex] route: 10 7 14 8 -2 131 
[loc arcIndex] route: 16 13 22 35 23 52 -1 266 
[loc arcIndex] route: 25 20 18 21 -5 173 
[loc arcIndex] route: 30 25 -3 182 
improved ub from lns primal heuristic: 1073
STATS - lpIterations[0] lagIterations[0] sspIterations[0] numSeparations[0] numCuts[0] compileTime[0] sspSolveTime[0] lpSolveTime[0] lb[0] ub[1073] numArcs: [0] numFixed: [0] time: [0]
STATS1 - lpIterations[0] lagIterations[0] sspIterations[0] numSeparations[0] numCuts[0] compileTime[0] sspSolveTime[0] lpSolveTime[0] repairTime[0] cutsTime[0] alphaTime[0] decompTime[0] yellowTime[0] updateTime[0] fixTime[0] lb[0] ub[1073] numArcs: [0] numFixed: [0] time: [0]
added route to primal routes: 0,2,11,1,3,6,13,17,20,0,
random seed: 4190200692
added maximal sequence to primal routes: 0,21,2,11,1,3,6,13,17,20,0,
added route to primal routes: 0,16,22,23,9,7,0,
random seed: 4211000089
added maximal sequence to primal routes: 0,2,21,11,16,22,23,9,7,0,
added route to primal routes: 0,25,18,4,5,21,0,
random seed: 4231747020
added maximal sequence to primal routes: 0,11,8,14,17,19,25,18,4,5,21,0,
added route to primal routes: 0,30,12,8,28,26,27,0,
random seed: 4261256043
added maximal sequence to primal routes: 0,2,11,21,30,12,8,28,26,27,0,
updated increasing parameter: 1
DD random seed:715601
running lns dd
destroy phase
prefix: 0 2 11 1 3 
suffix: 13 17 20 0 
prefix: 0 10 14 
suffix: 24 19 29 0 
prefix: 0 16 
suffix: 23 9 7 0 
prefix: 0 25 18 4 
suffix: 21 0 
prefix: 0 30 
suffix: 8 28 26 27 0 
6 15 22 5 12 
forward frontier
restricted destroy-repair dd compilation
restricted dd compilation - suffixes
running dd lns mip
num vars: 314
obj from lns: 1073
[loc arcIndex] route: 2 0 11 1 1 2 3 3 6 4 -1 120 
[loc arcIndex] route: 10 8 14 9 15 30 -2 137 
[loc arcIndex] route: 16 14 22 15 -3 152 
[loc arcIndex] route: 25 19 18 20 4 21 5 49 -4 177 
[loc arcIndex] route: 30 24 12 32 -5 189 
DD random seed:21838406
running lns dd
destroy phase
prefix: 0 2 11 1 3 
suffix: 13 17 20 0 
prefix: 0 10 14 
suffix: 24 19 29 0 
prefix: 0 16 22 23 
suffix: 7 0 
prefix: 0 
suffix: 18 4 5 21 0 
prefix: 0 30 12 
suffix: 28 26 27 0 
6 15 9 25 8 
forward frontier
restricted destroy-repair dd compilation
restricted dd compilation - suffixes
running dd lns mip
num vars: 234
obj from lns: 1070
[loc arcIndex] route: 2 0 11 1 1 2 3 3 6 4 9 45 -3 219 
[loc arcIndex] route: 10 8 14 9 15 10 -2 112 
[loc arcIndex] route: 16 14 22 15 23 16 -1 130 
[loc arcIndex] route: 25 19 -4 137 
[loc arcIndex] route: 30 24 12 25 8 30 -5 167 
improved ub from lns primal heuristic: 1070
STATS - lpIterations[0] lagIterations[0] sspIterations[0] numSeparations[0] numCuts[0] compileTime[0] sspSolveTime[0] lpSolveTime[0] lb[0] ub[1070] numArcs: [0] numFixed: [0] time: [0]
STATS1 - lpIterations[0] lagIterations[0] sspIterations[0] numSeparations[0] numCuts[0] compileTime[0] sspSolveTime[0] lpSolveTime[0] repairTime[0] cutsTime[0] alphaTime[0] decompTime[0] yellowTime[0] updateTime[0] fixTime[0] lb[0] ub[1070] numArcs: [0] numFixed: [0] time: [0]
added route to primal routes: 0,2,11,1,3,6,9,7,0,
random seed: 38112468
added maximal sequence to primal routes: 0,25,2,11,1,3,6,9,7,0,
added route to primal routes: 0,16,22,23,13,17,20,0,
random seed: 53506762
added maximal sequence to primal routes: 0,21,16,22,23,13,17,20,0,
updated increasing parameter: 1
DD random seed:65313119
running lns dd
destroy phase
prefix: 0 
suffix: 11 1 3 6 9 7 0 
prefix: 0 10 14 
suffix: 24 19 29 0 
prefix: 0 16 22 
suffix: 13 17 20 0 
prefix: 0 25 18 
suffix: 5 21 0 
prefix: 0 
suffix: 12 8 28 26 27 0 
2 15 23 4 30 
forward frontier
restricted destroy-repair dd compilation
restricted dd compilation - suffixes
running dd lns mip
num vars: 324
obj from lns: 1070
[loc arcIndex] route: 2 0 -1 109 
[loc arcIndex] route: 10 7 14 8 15 9 -2 137 
[loc arcIndex] route: 16 13 22 14 23 15 -3 152 
[loc arcIndex] route: 25 19 18 20 4 41 -4 166 
[loc arcIndex] route: 30 24 -5 174 
DD random seed:93157754
running lns dd
destroy phase
prefix: 0 2 11 
suffix: 3 6 9 7 0 
prefix: 0 10 14 15 
suffix: 19 29 0 
prefix: 0 16 22 23 13 
suffix: 20 0 
prefix: 0 25 
suffix: 4 5 21 0 
prefix: 0 30 12 
suffix: 28 26 27 0 
1 24 17 18 8 
forward frontier
restricted destroy-repair dd compilation
restricted dd compilation - suffixes
running dd lns mip
num vars: 317
obj from lns: 1070
[loc arcIndex] route: 2 0 11 1 1 31 -1 88 
[loc arcIndex] route: 10 7 14 8 15 9 24 10 -2 117 
[loc arcIndex] route: 16 13 22 14 23 15 13 16 17 71 -3 138 
[loc arcIndex] route: 25 19 18 20 -4 147 
[loc arcIndex] route: 30 24 12 25 8 26 -5 170 
DD random seed:112643819
running lns dd
destroy phase
prefix: 0 
suffix: 11 1 3 6 9 7 0 
prefix: 0 10 14 15 24 
suffix: 29 0 
prefix: 0 16 22 
suffix: 13 17 20 0 
prefix: 0 25 18 4 
suffix: 21 0 
prefix: 0 30 12 
suffix: 28 26 27 0 
2 19 23 5 8 
forward frontier
restricted destroy-repair dd compilation
restricted dd compilation - suffixes
running dd lns mip
num vars: 368
obj from lns: 1067
[loc arcIndex] route: 2 0 -1 118 
[loc arcIndex] route: 10 7 14 8 15 9 24 10 19 11 23 70 -2 301 
[loc arcIndex] route: 16 13 22 14 -3 166 
[loc arcIndex] route: 25 19 18 20 4 21 5 22 -4 192 
[loc arcIndex] route: 30 24 12 25 8 26 -5 206 
improved ub from lns primal heuristic: 1067
STATS - lpIterations[0] lagIterations[0] sspIterations[0] numSeparations[0] numCuts[0] compileTime[0] sspSolveTime[0] lpSolveTime[0] lb[0] ub[1067] numArcs: [0] numFixed: [0] time: [0]
STATS1 - lpIterations[0] lagIterations[0] sspIterations[0] numSeparations[0] numCuts[0] compileTime[0] sspSolveTime[0] lpSolveTime[0] repairTime[0] cutsTime[0] alphaTime[0] decompTime[0] yellowTime[0] updateTime[0] fixTime[0] lb[0] ub[1067] numArcs: [0] numFixed: [0] time: [0]
added route to primal routes: 0,10,14,15,24,19,23,29,0,
random seed: 138407134
added maximal sequence to primal routes: 0,21,11,10,14,15,24,19,23,29,0,
added route to primal routes: 0,16,22,13,17,20,0,
random seed: 160449988
added maximal sequence to primal routes: 0,11,2,12,16,22,13,17,20,0,
updated increasing parameter: 1
DD random seed:176707691
running lns dd
destroy phase
prefix: 0 2 11 1 
suffix: 6 9 7 0 
prefix: 0 10 14 15 
suffix: 19 23 29 0 
prefix: 0 16 22 13 
suffix: 20 0 
prefix: 0 25 
suffix: 4 5 21 0 
prefix: 0 30 12 
suffix: 28 26 27 0 
3 24 17 18 8 
forward frontier
restricted destroy-repair dd compilation
restricted dd compilation - suffixes
running dd lns mip
num vars: 362
obj from lns: 1061
[loc arcIndex] route: 2 0 11 1 1 2 24 40 -2 259 
[loc arcIndex] route: 10 7 14 8 15 9 -3 150 
[loc arcIndex] route: 16 14 22 15 13 16 17 17 -4 175 
[loc arcIndex] route: 25 19 18 30 3 36 -1 238 
[loc arcIndex] route: 30 24 12 25 8 26 -5 208 
improved ub from lns primal heuristic: 1061
STATS - lpIterations[0] lagIterations[0] sspIterations[0] numSeparations[0] numCuts[0] compileTime[0] sspSolveTime[0] lpSolveTime[0] lb[0] ub[1061] numArcs: [0] numFixed: [0] time: [0]
STATS1 - lpIterations[0] lagIterations[0] sspIterations[0] numSeparations[0] numCuts[0] compileTime[0] sspSolveTime[0] lpSolveTime[0] repairTime[0] cutsTime[0] alphaTime[0] decompTime[0] yellowTime[0] updateTime[0] fixTime[0] lb[0] ub[1061] numArcs: [0] numFixed: [0] time: [0]
added route to primal routes: 0,2,11,1,24,19,23,29,0,
random seed: 200321756
added maximal sequence to primal routes: 0,21,28,2,11,1,24,19,23,29,0,
added route to primal routes: 0,10,14,15,20,0,
random seed: 223154325
added maximal sequence to primal routes: 0,2,21,29,8,22,10,14,15,20,0,
added route to primal routes: 0,16,22,13,17,4,5,21,0,
random seed: 247942393
added route to primal routes: 0,25,18,3,6,9,7,0,
random seed: 256488786
added maximal sequence to primal routes: 0,21,20,2,25,18,3,6,9,7,0,
updated increasing parameter: 1
DD random seed:276398445
running lns dd
destroy phase
prefix: 0 
suffix: 11 1 24 19 23 29 0 
prefix: 0 10 
suffix: 15 20 0 
prefix: 0 
suffix: 22 13 17 4 5 21 0 
prefix: 0 25 18 3 6 
suffix: 7 0 
prefix: 0 30 12 
suffix: 28 26 27 0 
2 14 16 9 8 
forward frontier
restricted destroy-repair dd compilation
restricted dd compilation - suffixes
running dd lns mip
num vars: 232
obj from lns: 1061
[loc arcIndex] route: 2 0 -1 67 
[loc arcIndex] route: 10 7 14 34 -2 92 
[loc arcIndex] route: 16 11 -3 100 
[loc arcIndex] route: 25 18 18 19 3 20 6 21 9 22 -4 125 
[loc arcIndex] route: 30 24 12 25 8 26 -5 135 
DD random seed:292109708
running lns dd
destroy phase
prefix: 0 2 11 
suffix: 24 19 23 29 0 
prefix: 0 10 
suffix: 15 20 0 
prefix: 0 
suffix: 22 13 17 4 5 21 0 
prefix: 0 
suffix: 18 3 6 9 7 0 
prefix: 0 30 12 
suffix: 28 26 27 0 
1 14 16 25 8 
forward frontier
restricted destroy-repair dd compilation
restricted dd compilation - suffixes
running dd lns mip
num vars: 327
obj from lns: 1059
[loc arcIndex] route: 2 0 11 1 1 2 -1 115 
[loc arcIndex] route: 10 7 14 8 -2 128 
[loc arcIndex] route: 16 11 -4 136 
[loc arcIndex] route: 25 18 -3 145 
[loc arcIndex] route: 30 24 12 25 8 26 -5 167 
improved ub from lns primal heuristic: 1059
STATS - lpIterations[0] lagIterations[0] sspIterations[0] numSeparations[0] numCuts[0] compileTime[0] sspSolveTime[0] lpSolveTime[0] lb[0] ub[1059] numArcs: [0] numFixed: [0] time: [0]
STATS1 - lpIterations[0] lagIterations[0] sspIterations[0] numSeparations[0] numCuts[0] compileTime[0] sspSolveTime[0] lpSolveTime[0] repairTime[0] cutsTime[0] alphaTime[0] decompTime[0] yellowTime[0] updateTime[0] fixTime[0] lb[0] ub[1059] numArcs: [0] numFixed: [0] time: [0]
added route to primal routes: 0,16,18,3,6,9,7,0,
random seed: 315463349
added maximal sequence to primal routes: 0,8,16,18,3,6,9,7,0,
added route to primal routes: 0,25,22,13,17,4,5,21,0,
random seed: 326450406
added maximal sequence to primal routes: 0,2,11,25,22,13,17,4,5,21,0,
updated increasing parameter: 1
DD random seed:350057058
running lns dd
destroy phase
prefix: 0 2 11 
suffix: 24 19 23 29 0 
prefix: 0 
suffix: 14 15 20 0 
prefix: 0 16 18 3 6 
suffix: 7 0 
prefix: 0 25 22 13 17 4 
suffix: 21 0 
prefix: 0 
suffix: 12 8 28 26 27 0 
1 10 9 5 30 
forward frontier
restricted destroy-repair dd compilation
restricted dd compilation - suffixes
running dd lns mip
num vars: 195
obj from lns: 1059
[loc arcIndex] route: 2 0 11 1 1 30 -1 57 
[loc arcIndex] route: 10 7 -2 71 
[loc arcIndex] route: 16 11 18 12 3 13 6 14 9 15 -3 100 
[loc arcIndex] route: 25 17 22 18 13 19 17 20 4 21 5 22 -4 121 
[loc arcIndex] route: 30 24 -5 126 
DD random seed:362985614
running lns dd
destroy phase
prefix: 0 2 11 1 
suffix: 19 23 29 0 
prefix: 0 10 14 
suffix: 20 0 
prefix: 0 
suffix: 18 3 6 9 7 0 
prefix: 0 25 22 13 
suffix: 4 5 21 0 
prefix: 0 
suffix: 12 8 28 26 27 0 
24 15 16 17 30 
forward frontier
restricted destroy-repair dd compilation
restricted dd compilation - suffixes
running dd lns mip
num vars: 258
obj from lns: 1059
[loc arcIndex] route: 2 0 11 1 1 2 24 3 -1 101 
[loc arcIndex] route: 10 7 14 8 15 9 -2 119 
[loc arcIndex] route: 16 11 -3 125 
[loc arcIndex] route: 25 17 22 18 13 19 17 20 -4 153 
[loc arcIndex] route: 30 24 -5 159 
DD random seed:383406341
running lns dd
destroy phase
prefix: 0 2 11 1 24 
suffix: 23 29 0 
prefix: 0 
suffix: 14 15 20 0 
prefix: 0 16 18 
suffix: 6 9 7 0 
prefix: 0 25 
suffix: 13 17 4 5 21 0 
prefix: 0 30 
suffix: 8 28 26 27 0 
19 10 3 22 12 
forward frontier
restricted destroy-repair dd compilation
restricted dd compilation - suffixes
running dd lns mip
num vars: 299
obj from lns: 1052
[loc arcIndex] route: 2 0 11 1 1 2 24 3 19 4 -2 103 
[loc arcIndex] route: 10 7 12 30 -5 166 
[loc arcIndex] route: 16 11 18 12 3 13 -3 130 
[loc arcIndex] route: 25 17 22 34 -4 142 
[loc arcIndex] route: 30 24 -1 149 
improved ub from lns primal heuristic: 1052
STATS - lpIterations[0] lagIterations[0] sspIterations[0] numSeparations[0] numCuts[0] compileTime[0] sspSolveTime[0] lpSolveTime[0] lb[0] ub[1052] numArcs: [0] numFixed: [0] time: [0]
STATS1 - lpIterations[0] lagIterations[0] sspIterations[0] numSeparations[0] numCuts[0] compileTime[0] sspSolveTime[0] lpSolveTime[0] repairTime[0] cutsTime[0] alphaTime[0] decompTime[0] yellowTime[0] updateTime[0] fixTime[0] lb[0] ub[1052] numArcs: [0] numFixed: [0] time: [0]
added route to primal routes: 0,2,11,1,24,19,14,15,20,0,
random seed: 404121363
added maximal sequence to primal routes: 0,21,2,11,1,24,19,14,15,20,0,
added route to primal routes: 0,10,12,8,28,26,27,0,
random seed: 429759746
added maximal sequence to primal routes: 0,25,14,10,12,8,28,26,27,0,
added route to primal routes: 0,30,23,29,0,
random seed: 443823640
added maximal sequence to primal routes: 0,21,19,4,18,2,11,30,23,29,0,
updated increasing parameter: 1
DD random seed:475571682
running lns dd
destroy phase
prefix: 0 2 
suffix: 1 24 19 14 15 20 0 
prefix: 0 10 12 
suffix: 28 26 27 0 
prefix: 0 16 
suffix: 3 6 9 7 0 
prefix: 0 25 
suffix: 13 17 4 5 21 0 
prefix: 0 
suffix: 23 29 0 
11 8 18 22 30 
forward frontier
restricted destroy-repair dd compilation
restricted dd compilation - suffixes
running dd lns mip
num vars: 219
obj from lns: 1052
[loc arcIndex] route: 2 0 11 1 -1 75 
[loc arcIndex] route: 10 8 12 9 8 36 -2 98 
[loc arcIndex] route: 16 14 18 15 -3 109 
[loc arcIndex] route: 25 20 22 21 -4 123 
[loc arcIndex] route: 30 27 -5 131 
DD random seed:496992750
running lns dd
destroy phase
prefix: 0 2 11 1 24 19 14 
suffix: 20 0 
prefix: 0 10 12 
suffix: 28 26 27 0 
prefix: 0 16 18 3 6 
suffix: 7 0 
prefix: 0 25 22 13 17 4 
suffix: 21 0 
prefix: 0 
suffix: 23 29 0 
15 8 9 5 30 
forward frontier
restricted destroy-repair dd compilation
restricted dd compilation - suffixes
running dd lns mip
num vars: 214
obj from lns: 968
[loc arcIndex] route: 2 0 11 1 1 2 24 3 19 4 14 5 15 6 -4 79 
[loc arcIndex] route: 10 8 12 9 8 10 28 11 26 12 27 13 -1 104 
[loc arcIndex] route: 16 14 18 15 3 16 6 17 9 18 -3 127 
[loc arcIndex] route: 25 20 22 21 13 22 17 23 4 24 5 25 -4 152 
[loc arcIndex] route: 30 27 -5 157 
improved ub from lns primal heuristic: 968
STATS - lpIterations[0] lagIterations[0] sspIterations[0] numSeparations[0] numCuts[0] compileTime[0] sspSolveTime[0] lpSolveTime[0] lb[0] ub[968] numArcs: [0] numFixed: [0] time: [1]
STATS1 - lpIterations[0] lagIterations[0] sspIterations[0] numSeparations[0] numCuts[0] compileTime[0] sspSolveTime[0] lpSolveTime[0] repairTime[0] cutsTime[0] alphaTime[0] decompTime[0] yellowTime[0] updateTime[0] fixTime[0] lb[0] ub[968] numArcs: [0] numFixed: [0] time: [1]
added route to primal routes: 0,2,11,1,24,19,14,15,21,0,
random seed: 507084781
added maximal sequence to primal routes: 0,10,2,11,1,24,19,14,15,21,0,
added route to primal routes: 0,10,12,8,28,26,27,20,0,
random seed: 523244947
added maximal sequence to primal routes: 0,21,2,10,12,8,28,26,27,20,0,
updated increasing parameter: 1
DD random seed:541771812
running lns dd
destroy phase
prefix: 0 2 
suffix: 1 24 19 14 15 21 0 
prefix: 0 10 12 8 
suffix: 26 27 20 0 
prefix: 0 16 18 
suffix: 6 9 7 0 
prefix: 0 25 22 13 
suffix: 4 5 21 0 
prefix: 0 
suffix: 23 29 0 
11 28 3 17 30 
forward frontier
restricted destroy-repair dd compilation
restricted dd compilation - suffixes
running dd lns mip
num vars: 379
obj from lns: 968
[loc arcIndex] route: 2 0 11 1 -1 131 
[loc arcIndex] route: 10 8 12 9 8 10 28 11 -2 163 
[loc arcIndex] route: 16 15 18 16 3 52 -3 178 
[loc arcIndex] route: 25 21 22 22 13 23 17 62 -4 196 
[loc arcIndex] route: 30 28 -5 202 
DD random seed:567805554
running lns dd
destroy phase
prefix: 0 2 11 
suffix: 24 19 14 15 21 0 
prefix: 0 
suffix: 12 8 28 26 27 20 0 
prefix: 0 16 18 3 6 
suffix: 7 0 
prefix: 0 25 22 13 17 
suffix: 5 21 0 
prefix: 0 
suffix: 23 29 0 
1 10 9 4 30 
forward frontier
restricted destroy-repair dd compilation
restricted dd compilation - suffixes
running dd lns mip
num vars: 268
obj from lns: 968
[loc arcIndex] route: 2 0 11 1 1 2 -1 90 
[loc arcIndex] route: 10 8 -2 104 
[loc arcIndex] route: 16 15 18 16 3 17 6 18 9 56 -3 139 
[loc arcIndex] route: 25 21 22 22 13 23 17 24 4 25 -4 158 
[loc arcIndex] route: 30 28 -5 162 
DD random seed:583824382
running lns dd
destroy phase
prefix: 0 2 11 1 24 
suffix: 14 15 21 0 
prefix: 0 10 12 8 
suffix: 26 27 20 0 
prefix: 0 16 
suffix: 3 6 9 7 0 
prefix: 0 25 22 13 17 4 
suffix: 21 0 
prefix: 0 30 
suffix: 29 0 
19 28 18 5 23 
forward frontier
restricted destroy-repair dd compilation
restricted dd compilation - suffixes
running dd lns mip
num vars: 363
obj from lns: 935
[loc arcIndex] route: 2 0 11 1 1 2 24 3 19 4 14 5 15 6 -5 123 
[loc arcIndex] route: 10 8 12 9 8 10 28 11 -2 141 
[loc arcIndex] route: 16 15 18 31 5 33 -4 208 
[loc arcIndex] route: 25 21 22 22 13 23 17 24 4 25 -4 186 
[loc arcIndex] route: 30 28 23 29 -3 196 
improved ub from lns primal heuristic: 935
STATS - lpIterations[0] lagIterations[0] sspIterations[0] numSeparations[0] numCuts[0] compileTime[0] sspSolveTime[0] lpSolveTime[0] lb[0] ub[935] numArcs: [0] numFixed: [0] time: [1]
STATS1 - lpIterations[0] lagIterations[0] sspIterations[0] numSeparations[0] numCuts[0] compileTime[0] sspSolveTime[0] lpSolveTime[0] repairTime[0] cutsTime[0] alphaTime[0] decompTime[0] yellowTime[0] updateTime[0] fixTime[0] lb[0] ub[935] numArcs: [0] numFixed: [0] time: [1]
added route to primal routes: 0,2,11,1,24,19,14,15,29,0,
random seed: 606198816
added maximal sequence to primal routes: 0,21,2,11,1,24,19,14,15,29,0,
added route to primal routes: 0,16,18,5,21,0,
random seed: 625175990
added maximal sequence to primal routes: 0,11,10,2,7,17,16,18,5,21,0,
added route to primal routes: 0,25,22,13,17,4,21,0,
random seed: 649640890
added maximal sequence to primal routes: 0,8,20,25,22,13,17,4,21,0,
added route to primal routes: 0,30,23,3,6,9,7,0,
random seed: 664140323
updated increasing parameter: 1
DD random seed:671481619
running lns dd
destroy phase
prefix: 0 
suffix: 11 1 24 19 14 15 29 0 
prefix: 0 10 12 8 
suffix: 26 27 20 0 
prefix: 0 16 18 
suffix: 21 0 
prefix: 0 25 22 13 
suffix: 4 21 0 
prefix: 0 30 23 3 
suffix: 9 7 0 
2 28 5 17 6 
forward frontier
restricted destroy-repair dd compilation
restricted dd compilation - suffixes
running dd lns mip
num vars: 628
obj from lns: 935
[loc arcIndex] route: 2 0 -1 171 
[loc arcIndex] route: 10 8 12 9 8 10 28 11 -2 209 
[loc arcIndex] route: 16 15 18 16 5 17 -3 227 
[loc arcIndex] route: 25 19 22 20 13 21 17 66 4 23 -3 247 
[loc arcIndex] route: 30 25 23 26 3 27 6 101 -5 261 
DD random seed:707687856
running lns dd
destroy phase
prefix: 0 
suffix: 11 1 24 19 14 15 29 0 
prefix: 0 10 12 8 28 
suffix: 27 20 0 
prefix: 0 16 18 
suffix: 21 0 
prefix: 0 25 22 
suffix: 17 4 21 0 
prefix: 0 30 
suffix: 3 6 9 7 0 
2 26 5 13 23 
forward frontier
restricted destroy-repair dd compilation
restricted dd compilation - suffixes
running dd lns mip
num vars: 278
obj from lns: 935
[loc arcIndex] route: 2 0 -1 78 
[loc arcIndex] route: 10 8 12 9 8 10 28 11 26 12 -2 117 
[loc arcIndex] route: 16 15 18 16 5 17 -3 131 
[loc arcIndex] route: 25 19 22 20 13 40 17 22 4 23 -3 147 
[loc arcIndex] route: 30 25 23 33 -5 155 
DD random seed:725157760
running lns dd
destroy phase
prefix: 0 
suffix: 11 1 24 19 14 15 29 0 
prefix: 0 10 12 
suffix: 28 26 27 20 0 
prefix: 0 16 18 
suffix: 21 0 
prefix: 0 25 22 13 17 
suffix: 21 0 
prefix: 0 30 23 
suffix: 6 9 7 0 
2 8 5 4 3 
forward frontier
restricted destroy-repair dd compilation
restricted dd compilation - suffixes
running dd lns mip
num vars: 192
obj from lns: 935
[loc arcIndex] route: 2 0 -1 57 
[loc arcIndex] route: 10 8 12 9 8 10 -2 90 
[loc arcIndex] route: 16 15 18 16 5 33 -3 111 
[loc arcIndex] route: 25 19 22 20 13 21 17 22 4 23 -4 129 
[loc arcIndex] route: 30 25 23 26 3 27 -5 140 
DD random seed:736914466
running lns dd
destroy phase
prefix: 0 
suffix: 11 1 24 19 14 15 29 0 
prefix: 0 10 12 
suffix: 28 26 27 20 0 
prefix: 0 
suffix: 18 5 21 0 
prefix: 0 25 22 13 17 
suffix: 21 0 
prefix: 0 30 23 3 
suffix: 9 7 0 
2 8 16 4 6 
forward frontier
restricted destroy-repair dd compilation
restricted dd compilation - suffixes
running dd lns mip
num vars: 182
obj from lns: 935
[loc arcIndex] route: 2 0 -1 57 
[loc arcIndex] route: 10 8 12 9 8 10 -2 89 
[loc arcIndex] route: 16 15 18 16 5 17 -4 107 
[loc arcIndex] route: 25 19 22 20 13 21 17 22 4 41 -4 124 
[loc arcIndex] route: 30 25 23 26 3 27 6 37 -5 138 
DD random seed:749048615
running lns dd
destroy phase
prefix: 0 2 11 1 24 19 
suffix: 15 29 0 
prefix: 0 
suffix: 12 8 28 26 27 20 0 
prefix: 0 16 18 
suffix: 21 0 
prefix: 0 25 22 13 17 
suffix: 21 0 
prefix: 0 
suffix: 23 3 6 9 7 0 
14 10 5 4 30 
forward frontier
restricted destroy-repair dd compilation
restricted dd compilation - suffixes
running dd lns mip
num vars: 229
obj from lns: 935
[loc arcIndex] route: 2 0 11 1 1 2 24 3 19 4 14 5 -1 86 
[loc arcIndex] route: 10 8 -2 94 
[loc arcIndex] route: 16 15 18 16 5 17 -3 121 
[loc arcIndex] route: 25 19 22 20 13 21 17 22 4 23 -3 138 
[loc arcIndex] route: 30 25 -5 143 
DD random seed:762233786
running lns dd
destroy phase
prefix: 0 2 11 1 
suffix: 19 14 15 29 0 
prefix: 0 10 12 8 28 
suffix: 27 20 0 
prefix: 0 16 18 
suffix: 21 0 
prefix: 0 25 22 13 17 
suffix: 21 0 
prefix: 0 30 23 
suffix: 6 9 7 0 
24 26 5 4 3 
forward frontier
restricted destroy-repair dd compilation
restricted dd compilation - suffixes
running dd lns mip
num vars: 440
obj from lns: 935
[loc arcIndex] route: 2 0 11 1 1 2 24 3 -1 139 
[loc arcIndex] route: 10 8 12 9 8 10 28 11 26 43 -2 175 
[loc arcIndex] route: 16 15 18 16 5 17 -3 194 
[loc arcIndex] route: 25 19 22 20 13 21 17 22 4 65 -4 219 
[loc arcIndex] route: 30 25 23 26 3 27 -5 233 
DD random seed:785432366
running lns dd
destroy phase
prefix: 0 2 11 1 
suffix: 19 14 15 29 0 
prefix: 0 
suffix: 12 8 28 26 27 20 0 
prefix: 0 16 18 
suffix: 21 0 
prefix: 0 25 
suffix: 13 17 4 21 0 
prefix: 0 30 23 
suffix: 6 9 7 0 
24 10 5 22 3 
forward frontier
restricted destroy-repair dd compilation
restricted dd compilation - suffixes
running dd lns mip
num vars: 280
obj from lns: 933
[loc arcIndex] route: 2 0 11 1 1 2 24 3 -1 114 
[loc arcIndex] route: 10 8 -2 124 
[loc arcIndex] route: 16 15 18 16 5 36 -3 152 
[loc arcIndex] route: 25 19 22 20 3 32 -5 190 
[loc arcIndex] route: 30 25 23 26 -4 177 
improved ub from lns primal heuristic: 933
STATS - lpIterations[0] lagIterations[0] sspIterations[0] numSeparations[0] numCuts[0] compileTime[0] sspSolveTime[0] lpSolveTime[0] lb[0] ub[933] numArcs: [0] numFixed: [0] time: [1]
STATS1 - lpIterations[0] lagIterations[0] sspIterations[0] numSeparations[0] numCuts[0] compileTime[0] sspSolveTime[0] lpSolveTime[0] repairTime[0] cutsTime[0] alphaTime[0] decompTime[0] yellowTime[0] updateTime[0] fixTime[0] lb[0] ub[933] numArcs: [0] numFixed: [0] time: [1]
added route to primal routes: 0,25,22,3,6,9,7,0,
random seed: 806698104
added maximal sequence to primal routes: 0,21,14,25,22,3,6,9,7,0,
added route to primal routes: 0,30,23,13,17,4,21,0,
random seed: 826045639
added maximal sequence to primal routes: 0,10,2,30,23,13,17,4,21,0,
updated increasing parameter: 1
DD random seed:839906401
running lns dd
destroy phase
prefix: 0 
suffix: 11 1 24 19 14 15 29 0 
prefix: 0 
suffix: 12 8 28 26 27 20 0 
prefix: 0 16 
suffix: 5 21 0 
prefix: 0 
suffix: 22 3 6 9 7 0 
prefix: 0 30 23 13 17 
suffix: 21 0 
2 10 18 25 4 
forward frontier
restricted destroy-repair dd compilation
restricted dd compilation - suffixes
running dd lns mip
num vars: 222
obj from lns: 933
[loc arcIndex] route: 2 0 -1 72 
[loc arcIndex] route: 10 8 -2 91 
[loc arcIndex] route: 16 15 18 16 -3 109 
[loc arcIndex] route: 25 19 -4 114 
[loc arcIndex] route: 30 25 23 26 13 27 17 28 4 70 -5 134 
DD random seed:857080587
running lns dd
destroy phase
prefix: 0 2 11 
suffix: 24 19 14 15 29 0 
prefix: 0 10 12 8 28 26 
suffix: 20 0 
prefix: 0 
suffix: 18 5 21 0 
prefix: 0 
suffix: 22 3 6 9 7 0 
prefix: 0 
suffix: 23 13 17 4 21 0 
1 27 16 25 30 
forward frontier
restricted destroy-repair dd compilation
restricted dd compilation - suffixes
running dd lns mip
num vars: 257
obj from lns: 933
[loc arcIndex] route: 2 0 11 1 1 2 -1 97 
[loc arcIndex] route: 10 8 12 9 8 10 28 11 26 12 27 13 -2 122 
[loc arcIndex] route: 16 15 -3 125 
[loc arcIndex] route: 25 19 -4 136 
[loc arcIndex] route: 30 25 -5 153 
DD random seed:875575871
running lns dd
destroy phase
prefix: 0 2 
suffix: 1 24 19 14 15 29 0 
prefix: 0 10 12 8 28 
suffix: 27 20 0 
prefix: 0 16 18 
suffix: 21 0 
prefix: 0 25 22 3 
suffix: 9 7 0 
prefix: 0 30 23 13 
suffix: 4 21 0 
11 26 5 6 17 
forward frontier
restricted destroy-repair dd compilation
restricted dd compilation - suffixes
running dd lns mip
num vars: 310
obj from lns: 933
[loc arcIndex] route: 2 0 11 1 -1 92 
[loc arcIndex] route: 10 8 12 9 8 10 28 11 26 12 -2 132 
[loc arcIndex] route: 16 15 18 16 5 35 -3 147 
[loc arcIndex] route: 25 19 22 20 3 21 6 36 -4 167 
[loc arcIndex] route: 30 25 23 26 13 27 17 53 4 29 -3 188 
DD random seed:895598650
running lns dd
destroy phase
prefix: 0 2 11 1 24 19 
suffix: 15 29 0 
prefix: 0 10 12 8 
suffix: 26 27 20 0 
prefix: 0 16 
suffix: 5 21 0 
prefix: 0 25 22 3 6 
suffix: 7 0 
prefix: 0 
suffix: 23 13 17 4 21 0 
14 28 18 9 30 
forward frontier
restricted destroy-repair dd compilation
restricted dd compilation - suffixes
running dd lns mip
num vars: 207
obj from lns: 933
[loc arcIndex] route: 2 0 11 1 1 2 24 3 19 4 14 42 -1 85 
[loc arcIndex] route: 10 8 12 9 8 10 28 11 -2 103 
[loc arcIndex] route: 16 15 18 16 -3 116 
[loc arcIndex] route: 25 19 22 20 3 21 6 22 9 23 -4 144 
[loc arcIndex] route: 30 25 -5 149 
DD random seed:907620360
running lns dd
destroy phase
prefix: 0 2 11 1 24 19 
suffix: 15 29 0 
prefix: 0 10 12 8 28 26 
suffix: 20 0 
prefix: 0 16 18 
suffix: 21 0 
prefix: 0 25 22 3 
suffix: 9 7 0 
prefix: 0 30 23 13 17 
suffix: 21 0 
14 27 5 6 4 
forward frontier
restricted destroy-repair dd compilation
restricted dd compilation - suffixes
running dd lns mip
num vars: 273
obj from lns: 933
[loc arcIndex] route: 2 0 11 1 1 2 24 3 19 4 14 5 -1 91 
[loc arcIndex] route: 10 8 12 9 8 10 28 11 26 12 27 13 -2 124 
[loc arcIndex] route: 16 15 18 16 5 31 -3 141 
[loc arcIndex] route: 25 19 22 20 3 21 6 22 -4 165 
[loc arcIndex] route: 30 25 23 26 13 27 17 28 4 29 -3 192 
DD random seed:920673190
running lns dd
destroy phase
prefix: 0 2 
suffix: 1 24 19 14 15 29 0 
prefix: 0 10 
suffix: 8 28 26 27 20 0 
prefix: 0 
suffix: 18 5 21 0 
prefix: 0 25 22 3 6 
suffix: 7 0 
prefix: 0 30 23 13 
suffix: 4 21 0 
11 12 16 9 17 
forward frontier
restricted destroy-repair dd compilation
restricted dd compilation - suffixes
running dd lns mip
num vars: 188
obj from lns: 931
[loc arcIndex] route: 2 0 11 1 -1 65 
[loc arcIndex] route: 10 8 12 36 -2 88 
[loc arcIndex] route: 16 15 -3 103 
[loc arcIndex] route: 25 19 22 20 3 21 6 22 9 23 -5 129 
[loc arcIndex] route: 30 25 23 26 13 27 17 28 -4 140 
improved ub from lns primal heuristic: 931
STATS - lpIterations[0] lagIterations[0] sspIterations[0] numSeparations[0] numCuts[0] compileTime[0] sspSolveTime[0] lpSolveTime[0] lb[0] ub[931] numArcs: [0] numFixed: [0] time: [1]
STATS1 - lpIterations[0] lagIterations[0] sspIterations[0] numSeparations[0] numCuts[0] compileTime[0] sspSolveTime[0] lpSolveTime[0] repairTime[0] cutsTime[0] alphaTime[0] decompTime[0] yellowTime[0] updateTime[0] fixTime[0] lb[0] ub[931] numArcs: [0] numFixed: [0] time: [1]
added route to primal routes: 0,25,22,3,6,9,4,21,0,
random seed: 934899442
added maximal sequence to primal routes: 0,5,25,22,3,6,9,4,21,0,
added route to primal routes: 0,30,23,13,17,7,0,
random seed: 946844516
added maximal sequence to primal routes: 0,21,11,2,30,23,13,17,7,0,
updated increasing parameter: 1
DD random seed:969119223
running lns dd
destroy phase
prefix: 0 2 
suffix: 1 24 19 14 15 29 0 
prefix: 0 10 12 8 28 
suffix: 27 20 0 
prefix: 0 16 18 
suffix: 21 0 
prefix: 0 25 
suffix: 3 6 9 4 21 0 
prefix: 0 30 23 
suffix: 17 7 0 
11 26 5 22 13 
forward frontier
restricted destroy-repair dd compilation
restricted dd compilation - suffixes
running dd lns mip
num vars: 258
obj from lns: 905
[loc arcIndex] route: 2 0 -2 78 
[loc arcIndex] route: 10 8 12 9 8 10 28 11 22 49 -5 221 
[loc arcIndex] route: 16 15 18 16 11 43 -4 205 
[loc arcIndex] route: 25 19 -1 135 
[loc arcIndex] route: 30 26 23 27 13 28 26 54 5 71 -3 254 
improved ub from lns primal heuristic: 905
STATS - lpIterations[0] lagIterations[0] sspIterations[0] numSeparations[0] numCuts[0] compileTime[0] sspSolveTime[0] lpSolveTime[0] lb[0] ub[905] numArcs: [0] numFixed: [0] time: [1]
STATS1 - lpIterations[0] lagIterations[0] sspIterations[0] numSeparations[0] numCuts[0] compileTime[0] sspSolveTime[0] lpSolveTime[0] repairTime[0] cutsTime[0] alphaTime[0] decompTime[0] yellowTime[0] updateTime[0] fixTime[0] lb[0] ub[905] numArcs: [0] numFixed: [0] time: [1]
added route to primal routes: 0,2,27,20,0,
random seed: 987369360
added maximal sequence to primal routes: 0,18,9,7,22,2,27,20,0,
added route to primal routes: 0,10,12,8,28,22,17,7,0,
random seed: 997538176
added route to primal routes: 0,16,18,11,3,6,9,4,21,0,
random seed: 1007589858
added maximal sequence to primal routes: 0,25,16,18,11,3,6,9,4,21,0,
added route to primal routes: 0,25,1,24,19,14,15,29,0,
random seed: 1023743240
added route to primal routes: 0,30,23,13,26,5,21,0,
random seed: 1033162362
added maximal sequence to primal routes: 0,19,30,23,13,26,5,21,0,
updated increasing parameter: 1
DD random seed:1042243594
running lns dd
destroy phase
prefix: 0 
suffix: 27 20 0 
prefix: 0 10 12 8 
suffix: 22 17 7 0 
prefix: 0 16 18 11 3 6 
suffix: 4 21 0 
prefix: 0 25 1 24 
suffix: 14 15 29 0 
prefix: 0 
suffix: 23 13 26 5 21 0 
2 28 9 19 30 
forward frontier
restricted destroy-repair dd compilation
restricted dd compilation - suffixes
running dd lns mip
num vars: 331
obj from lns: 905
[loc arcIndex] route: 2 0 -1 95 
[loc arcIndex] route: 10 3 12 4 8 5 28 6 -2 122 
[loc arcIndex] route: 16 10 18 11 11 12 3 13 6 14 9 15 -3 147 
[loc arcIndex] route: 25 18 1 19 24 20 19 21 -4 162 
[loc arcIndex] route: 30 25 -5 169 
DD random seed:1063700237
running lns dd
destroy phase
prefix: 0 
suffix: 27 20 0 
prefix: 0 
suffix: 12 8 28 22 17 7 0 
prefix: 0 16 18 
suffix: 3 6 9 4 21 0 
prefix: 0 25 1 
suffix: 19 14 15 29 0 
prefix: 0 30 23 13 
suffix: 5 21 0 
2 10 11 24 26 
forward frontier
restricted destroy-repair dd compilation
restricted dd compilation - suffixes
running dd lns mip
num vars: 226
obj from lns: 896
[loc arcIndex] route: 2 0 -2 64 
[loc arcIndex] route: 10 3 -1 74 
[loc arcIndex] route: 16 10 18 11 11 12 24 41 -4 179 
[loc arcIndex] route: 25 18 1 19 -3 118 
[loc arcIndex] route: 30 25 23 26 13 27 26 28 -5 138 
improved ub from lns primal heuristic: 896
STATS - lpIterations[0] lagIterations[0] sspIterations[0] numSeparations[0] numCuts[0] compileTime[0] sspSolveTime[0] lpSolveTime[0] lb[0] ub[896] numArcs: [0] numFixed: [0] time: [1]
STATS1 - lpIterations[0] lagIterations[0] sspIterations[0] numSeparations[0] numCuts[0] compileTime[0] sspSolveTime[0] lpSolveTime[0] repairTime[0] cutsTime[0] alphaTime[0] decompTime[0] yellowTime[0] updateTime[0] fixTime[0] lb[0] ub[896] numArcs: [0] numFixed: [0] time: [1]
added route to primal routes: 0,2,12,8,28,22,17,7,0,
random seed: 1080433439
added maximal sequence to primal routes: 0,11,21,2,12,8,28,22,17,7,0,
added route to primal routes: 0,10,27,20,0,
random seed: 1113804859
added maximal sequence to primal routes: 0,21,19,12,23,26,10,27,20,0,
added route to primal routes: 0,16,18,11,24,19,14,15,29,0,
random seed: 1129280009
added route to primal routes: 0,25,1,3,6,9,4,21,0,
random seed: 1141864475
added maximal sequence to primal routes: 0,2,11,25,1,3,6,9,4,21,0,
updated increasing parameter: 1
DD random seed:1162311659
running lns dd
destroy phase
prefix: 0 2 12 8 
suffix: 22 17 7 0 
prefix: 0 10 
suffix: 20 0 
prefix: 0 16 18 
suffix: 24 19 14 15 29 0 
prefix: 0 25 1 3 6 
suffix: 4 21 0 
prefix: 0 30 23 13 
suffix: 5 21 0 
28 27 11 9 26 
forward frontier
restricted destroy-repair dd compilation
restricted dd compilation - suffixes
running dd lns mip
num vars: 331
obj from lns: 893
[loc arcIndex] route: 2 0 12 1 8 2 28 34 -1 111 
[loc arcIndex] route: 10 7 27 8 -2 127 
[loc arcIndex] route: 16 10 18 11 11 12 -3 146 
[loc arcIndex] route: 25 18 1 19 3 20 6 21 9 22 -5 177 
[loc arcIndex] route: 30 25 23 26 13 27 26 28 -4 192 
improved ub from lns primal heuristic: 893
STATS - lpIterations[0] lagIterations[0] sspIterations[0] numSeparations[0] numCuts[0] compileTime[0] sspSolveTime[0] lpSolveTime[0] lb[0] ub[893] numArcs: [0] numFixed: [0] time: [1]
STATS1 - lpIterations[0] lagIterations[0] sspIterations[0] numSeparations[0] numCuts[0] compileTime[0] sspSolveTime[0] lpSolveTime[0] repairTime[0] cutsTime[0] alphaTime[0] decompTime[0] yellowTime[0] updateTime[0] fixTime[0] lb[0] ub[893] numArcs: [0] numFixed: [0] time: [1]
added route to primal routes: 0,25,1,3,6,9,5,21,0,
random seed: 1182405301
added maximal sequence to primal routes: 0,8,25,1,3,6,9,5,21,0,
added route to primal routes: 0,30,23,13,26,4,21,0,
random seed: 1194393556
added maximal sequence to primal routes: 0,2,30,23,13,26,4,21,0,
updated increasing parameter: 1
DD random seed:1204131809
running lns dd
destroy phase
prefix: 0 2 12 
suffix: 28 22 17 7 0 
prefix: 0 
suffix: 27 20 0 
prefix: 0 16 18 11 24 
suffix: 14 15 29 0 
prefix: 0 25 1 
suffix: 6 9 5 21 0 
prefix: 0 
suffix: 23 13 26 4 21 0 
8 10 19 3 30 
forward frontier
restricted destroy-repair dd compilation
restricted dd compilation - suffixes
running dd lns mip
num vars: 338
obj from lns: 892
[loc arcIndex] route: 2 0 12 1 8 2 -1 123 
[loc arcIndex] route: 10 7 -2 134 
[loc arcIndex] route: 16 10 18 11 11 12 24 13 -3 159 
[loc arcIndex] route: 25 18 1 19 19 52 3 57 -4 282 
[loc arcIndex] route: 30 25 -5 183 
improved ub from lns primal heuristic: 892
STATS - lpIterations[0] lagIterations[0] sspIterations[0] numSeparations[0] numCuts[0] compileTime[0] sspSolveTime[0] lpSolveTime[0] lb[0] ub[892] numArcs: [0] numFixed: [0] time: [1]
STATS1 - lpIterations[0] lagIterations[0] sspIterations[0] numSeparations[0] numCuts[0] compileTime[0] sspSolveTime[0] lpSolveTime[0] repairTime[0] cutsTime[0] alphaTime[0] decompTime[0] yellowTime[0] updateTime[0] fixTime[0] lb[0] ub[892] numArcs: [0] numFixed: [0] time: [1]
added route to primal routes: 0,16,18,11,24,14,15,29,0,
random seed: 1228931884
added maximal sequence to primal routes: 0,21,2,16,18,11,24,14,15,29,0,
added route to primal routes: 0,25,1,19,3,6,9,5,21,0,
random seed: 1259400386
added maximal sequence to primal routes: 0,11,2,25,1,19,3,6,9,5,21,0,
updated increasing parameter: 1
DD random seed:1290616760
running lns dd
destroy phase
prefix: 0 2 12 8 
suffix: 22 17 7 0 
prefix: 0 10 
suffix: 20 0 
prefix: 0 16 18 11 
suffix: 14 15 29 0 
prefix: 0 25 1 19 3 6 9 
suffix: 21 0 
prefix: 0 30 23 13 
suffix: 4 21 0 
28 27 24 5 26 
forward frontier
restricted destroy-repair dd compilation
restricted dd compilation - suffixes
running dd lns mip
num vars: 327
obj from lns: 892
[loc arcIndex] route: 2 0 12 1 8 2 28 3 -1 103 
[loc arcIndex] route: 10 7 27 8 -2 121 
[loc arcIndex] route: 16 10 18 11 11 12 24 33 -3 145 
[loc arcIndex] route: 25 17 1 18 19 19 3 20 6 21 9 22 5 23 -4 179 
[loc arcIndex] route: 30 25 23 26 13 27 26 28 -5 195 
DD random seed:1308789169
running lns dd
destroy phase
prefix: 0 2 12 8 28 
suffix: 17 7 0 
prefix: 0 10 
suffix: 20 0 
prefix: 0 16 18 11 24 
suffix: 15 29 0 
prefix: 0 25 
suffix: 19 3 6 9 5 21 0 
prefix: 0 30 23 
suffix: 26 4 21 0 
22 27 14 1 13 
forward frontier
restricted destroy-repair dd compilation
restricted dd compilation - suffixes
running dd lns mip
num vars: 316
obj from lns: 889
[loc arcIndex] route: 2 0 12 1 8 2 28 3 22 4 -5 111 
[loc arcIndex] route: 10 7 27 8 -2 119 
[loc arcIndex] route: 16 10 18 11 11 12 24 13 14 14 -3 148 
[loc arcIndex] route: 25 17 1 18 -4 159 
[loc arcIndex] route: 30 25 23 26 13 27 -1 183 
improved ub from lns primal heuristic: 889
STATS - lpIterations[0] lagIterations[0] sspIterations[0] numSeparations[0] numCuts[0] compileTime[0] sspSolveTime[0] lpSolveTime[0] lb[0] ub[889] numArcs: [0] numFixed: [0] time: [1]
STATS1 - lpIterations[0] lagIterations[0] sspIterations[0] numSeparations[0] numCuts[0] compileTime[0] sspSolveTime[0] lpSolveTime[0] repairTime[0] cutsTime[0] alphaTime[0] decompTime[0] yellowTime[0] updateTime[0] fixTime[0] lb[0] ub[889] numArcs: [0] numFixed: [0] time: [1]
added route to primal routes: 0,2,12,8,28,22,26,4,21,0,
random seed: 1328374913
updated increasing parameter: 1
DD random seed:1340616806
running lns dd
destroy phase
prefix: 0 
suffix: 12 8 28 22 26 4 21 0 
prefix: 0 
suffix: 27 20 0 
prefix: 0 16 
suffix: 11 24 14 15 29 0 
prefix: 0 25 
suffix: 19 3 6 9 5 21 0 
prefix: 0 30 23 13 
suffix: 7 0 
2 10 18 1 17 
forward frontier
restricted destroy-repair dd compilation
restricted dd compilation - suffixes
running dd lns mip
num vars: 276
obj from lns: 889
[loc arcIndex] route: 2 0 -1 86 
[loc arcIndex] route: 10 8 -2 104 
[loc arcIndex] route: 16 11 18 42 -3 119 
[loc arcIndex] route: 25 18 1 19 -4 135 
[loc arcIndex] route: 30 26 23 27 13 28 17 69 -5 154 
DD random seed:1358884542
running lns dd
destroy phase
prefix: 0 
suffix: 12 8 28 22 26 4 21 0 
prefix: 0 10 
suffix: 20 0 
prefix: 0 16 18 
suffix: 24 14 15 29 0 
prefix: 0 25 1 19 3 6 9 
suffix: 21 0 
prefix: 0 30 23 13 
suffix: 7 0 
2 27 11 5 17 
forward frontier
restricted destroy-repair dd compilation
restricted dd compilation - suffixes
running dd lns mip
num vars: 313
obj from lns: 889
[loc arcIndex] route: 2 0 12 1 8 2 28 3 22 4 26 5 4 6 -4 111 
[loc arcIndex] route: 10 8 27 9 -2 116 
[loc arcIndex] route: 16 11 18 12 11 13 -3 132 
[loc arcIndex] route: 25 18 1 19 19 20 3 21 6 22 9 23 5 24 -4 165 
[loc arcIndex] route: 30 26 23 27 13 28 17 43 -5 178 
DD random seed:1377078371
running lns dd
destroy phase
prefix: 0 2 12 8 28 22 
suffix: 4 21 0 
prefix: 0 
suffix: 27 20 0 
prefix: 0 
suffix: 18 11 24 14 15 29 0 
prefix: 0 25 1 19 3 
suffix: 9 5 21 0 
prefix: 0 30 23 
suffix: 17 7 0 
26 10 16 6 13 
forward frontier
restricted destroy-repair dd compilation
restricted dd compilation - suffixes
running dd lns mip
num vars: 333
obj from lns: 889
[loc arcIndex] route: 2 0 12 1 8 2 28 3 22 4 26 5 -1 121 
[loc arcIndex] route: 10 8 -2 123 
[loc arcIndex] route: 16 11 -3 135 
[loc arcIndex] route: 25 18 1 19 19 20 3 21 6 22 -4 173 
[loc arcIndex] route: 30 26 23 27 13 49 -5 188 
DD random seed:1396885364
running lns dd
destroy phase
prefix: 0 2 12 8 
suffix: 22 26 4 21 0 
prefix: 0 
suffix: 27 20 0 
prefix: 0 16 
suffix: 11 24 14 15 29 0 
prefix: 0 25 
suffix: 19 3 6 9 5 21 0 
prefix: 0 30 23 13 
suffix: 7 0 
28 10 18 1 17 
forward frontier
restricted destroy-repair dd compilation
restricted dd compilation - suffixes
running dd lns mip
num vars: 228
obj from lns: 884
[loc arcIndex] route: 2 0 12 1 8 2 28 3 -4 82 
[loc arcIndex] route: 10 8 -2 87 
[loc arcIndex] route: 16 11 18 12 -1 104 
[loc arcIndex] route: 25 18 1 19 -3 124 
[loc arcIndex] route: 30 26 23 27 13 28 17 29 -5 147 
improved ub from lns primal heuristic: 884
STATS - lpIterations[0] lagIterations[0] sspIterations[0] numSeparations[0] numCuts[0] compileTime[0] sspSolveTime[0] lpSolveTime[0] lb[0] ub[884] numArcs: [0] numFixed: [0] time: [1]
STATS1 - lpIterations[0] lagIterations[0] sspIterations[0] numSeparations[0] numCuts[0] compileTime[0] sspSolveTime[0] lpSolveTime[0] repairTime[0] cutsTime[0] alphaTime[0] decompTime[0] yellowTime[0] updateTime[0] fixTime[0] lb[0] ub[884] numArcs: [0] numFixed: [0] time: [1]
added route to primal routes: 0,2,12,8,28,19,3,6,9,5,21,0,
random seed: 1412559341
added route to primal routes: 0,16,18,22,26,4,21,0,
random seed: 1432093921
added maximal sequence to primal routes: 0,8,16,18,22,26,4,21,0,
added route to primal routes: 0,25,1,11,24,14,15,29,0,
random seed: 1441571835
added maximal sequence to primal routes: 0,21,25,1,11,24,14,15,29,0,
updated increasing parameter: 1
DD random seed:1457908365
running lns dd
destroy phase
prefix: 0 2 12 8 28 
suffix: 3 6 9 5 21 0 
prefix: 0 10 
suffix: 20 0 
prefix: 0 16 18 22 26 
suffix: 21 0 
prefix: 0 25 1 11 
suffix: 14 15 29 0 
prefix: 0 
suffix: 23 13 17 7 0 
19 27 4 24 30 
forward frontier
restricted destroy-repair dd compilation
restricted dd compilation - suffixes
running dd lns mip
num vars: 370
obj from lns: 884
[loc arcIndex] route: 2 0 12 1 8 2 28 3 19 4 3 5 6 6 9 7 5 8 -3 126 
[loc arcIndex] route: 10 10 27 31 -2 133 
[loc arcIndex] route: 16 13 18 14 22 15 26 16 4 90 -3 155 
[loc arcIndex] route: 25 19 1 20 11 21 24 22 -4 171 
[loc arcIndex] route: 30 26 -5 181 
DD random seed:1479545289
running lns dd
destroy phase
prefix: 0 2 12 8 
suffix: 19 3 6 9 5 21 0 
prefix: 0 10 
suffix: 20 0 
prefix: 0 
suffix: 18 22 26 4 21 0 
prefix: 0 25 1 
suffix: 24 14 15 29 0 
prefix: 0 30 23 
suffix: 17 7 0 
28 27 16 11 13 
forward frontier
restricted destroy-repair dd compilation
restricted dd compilation - suffixes
running dd lns mip
num vars: 166
obj from lns: 884
[loc arcIndex] route: 2 0 12 1 8 2 28 3 -1 69 
[loc arcIndex] route: 10 10 27 11 -2 84 
[loc arcIndex] route: 16 13 -3 93 
[loc arcIndex] route: 25 19 1 20 11 21 -4 115 
[loc arcIndex] route: 30 26 23 27 13 28 -5 131 
DD random seed:1492509385
running lns dd
destroy phase
prefix: 0 2 12 8 
suffix: 19 3 6 9 5 21 0 
prefix: 0 
suffix: 27 20 0 
prefix: 0 
suffix: 18 22 26 4 21 0 
prefix: 0 25 
suffix: 11 24 14 15 29 0 
prefix: 0 30 23 13 
suffix: 7 0 
28 10 16 1 17 
forward frontier
restricted destroy-repair dd compilation
restricted dd compilation - suffixes
running dd lns mip
num vars: 220
obj from lns: 884
[loc arcIndex] route: 2 0 12 1 8 2 28 3 -1 78 
[loc arcIndex] route: 10 10 -2 88 
[loc arcIndex] route: 16 13 -3 101 
[loc arcIndex] route: 25 19 1 20 -4 119 
[loc arcIndex] route: 30 26 23 27 13 28 17 29 -5 139 
DD random seed:1509525685
running lns dd
destroy phase
prefix: 0 2 12 8 
suffix: 19 3 6 9 5 21 0 
prefix: 0 10 
suffix: 20 0 
prefix: 0 16 18 22 26 
suffix: 21 0 
prefix: 0 25 
suffix: 11 24 14 15 29 0 
prefix: 0 
suffix: 23 13 17 7 0 
28 27 4 1 30 
forward frontier
restricted destroy-repair dd compilation
restricted dd compilation - suffixes
running dd lns mip
num vars: 182
obj from lns: 884
[loc arcIndex] route: 2 0 12 1 8 2 28 3 19 4 3 5 6 6 9 7 5 8 -3 77 
[loc arcIndex] route: 10 10 27 31 -2 84 
[loc arcIndex] route: 16 13 18 14 22 15 26 16 4 17 -3 105 
[loc arcIndex] route: 25 19 1 20 -4 114 
[loc arcIndex] route: 30 26 -5 129 
DD random seed:1522586472
running lns dd
destroy phase
prefix: 0 2 12 8 28 19 3 6 9 
suffix: 21 0 
prefix: 0 10 
suffix: 20 0 
prefix: 0 16 
suffix: 22 26 4 21 0 
prefix: 0 25 1 11 24 
suffix: 15 29 0 
prefix: 0 30 
suffix: 13 17 7 0 
5 27 18 14 23 
forward frontier
restricted destroy-repair dd compilation
restricted dd compilation - suffixes
running dd lns mip
num vars: 231
obj from lns: 884
[loc arcIndex] route: 2 0 12 1 8 2 28 3 19 4 3 5 6 6 9 7 5 58 -1 95 
[loc arcIndex] route: 10 10 27 11 -2 102 
[loc arcIndex] route: 16 13 18 14 22 15 26 16 4 17 -1 125 
[loc arcIndex] route: 25 19 1 20 11 21 24 22 14 23 -4 147 
[loc arcIndex] route: 30 26 23 36 -5 160 
DD random seed:1535717504
running lns dd
destroy phase
prefix: 0 2 12 8 28 19 3 6 
suffix: 5 21 0 
prefix: 0 10 
suffix: 20 0 
prefix: 0 
suffix: 18 22 26 4 21 0 
prefix: 0 25 
suffix: 11 24 14 15 29 0 
prefix: 0 30 23 
suffix: 17 7 0 
9 27 16 1 13 
forward frontier
restricted destroy-repair dd compilation
restricted dd compilation - suffixes
running dd lns mip
num vars: 357
obj from lns: 884
[loc arcIndex] route: 2 0 12 1 8 2 28 3 19 4 3 5 6 6 9 82 -1 130 
[loc arcIndex] route: 10 10 27 11 -2 138 
[loc arcIndex] route: 16 13 -3 147 
[loc arcIndex] route: 25 19 1 39 -4 167 
[loc arcIndex] route: 30 26 23 27 13 70 -5 189 
DD random seed:1557334386
running lns dd
destroy phase
prefix: 0 2 12 
suffix: 28 19 3 6 9 5 21 0 
prefix: 0 
suffix: 27 20 0 
prefix: 0 16 18 22 
suffix: 4 21 0 
prefix: 0 25 1 11 
suffix: 14 15 29 0 
prefix: 0 30 23 13 
suffix: 7 0 
8 10 26 24 17 
forward frontier
restricted destroy-repair dd compilation
restricted dd compilation - suffixes
running dd lns mip
num vars: 205
obj from lns: 884
[loc arcIndex] route: 2 0 12 1 8 2 -1 76 
[loc arcIndex] route: 10 10 -2 96 
[loc arcIndex] route: 16 13 18 14 22 15 26 16 -5 122 
[loc arcIndex] route: 25 19 1 20 11 21 24 22 -4 138 
[loc arcIndex] route: 30 26 23 27 13 28 17 29 -3 156 
DD random seed:1571541175
running lns dd
destroy phase
prefix: 0 
suffix: 12 8 28 19 3 6 9 5 21 0 
prefix: 0 10 
suffix: 20 0 
prefix: 0 
suffix: 18 22 26 4 21 0 
prefix: 0 
suffix: 1 11 24 14 15 29 0 
prefix: 0 30 23 
suffix: 17 7 0 
2 27 16 25 13 
forward frontier
restricted destroy-repair dd compilation
restricted dd compilation - suffixes
running dd lns mip
num vars: 202
obj from lns: 884
[loc arcIndex] route: 2 0 -1 64 
[loc arcIndex] route: 10 10 27 11 -2 86 
[loc arcIndex] route: 16 13 -3 91 
[loc arcIndex] route: 25 19 -4 101 
[loc arcIndex] route: 30 26 23 27 13 61 -5 118 
DD random seed:1585319619
running lns dd
destroy phase
prefix: 0 2 12 8 28 19 3 6 
suffix: 5 21 0 
prefix: 0 10 
suffix: 20 0 
prefix: 0 16 18 
suffix: 26 4 21 0 
prefix: 0 25 
suffix: 11 24 14 15 29 0 
prefix: 0 30 
suffix: 13 17 7 0 
9 27 22 1 23 
forward frontier
restricted destroy-repair dd compilation
restricted dd compilation - suffixes
running dd lns mip
num vars: 303
obj from lns: 884
[loc arcIndex] route: 2 0 12 1 8 2 28 3 19 4 3 5 6 6 9 7 -1 105 
[loc arcIndex] route: 10 10 27 31 -2 113 
[loc arcIndex] route: 16 13 18 14 22 15 -3 133 
[loc arcIndex] route: 25 19 1 39 -4 145 
[loc arcIndex] route: 30 26 23 27 -5 165 
DD random seed:1603284169
running lns dd
destroy phase
prefix: 0 2 12 8 
suffix: 19 3 6 9 5 21 0 
prefix: 0 
suffix: 27 20 0 
prefix: 0 16 18 22 26 
suffix: 21 0 
prefix: 0 25 1 
suffix: 24 14 15 29 0 
prefix: 0 30 23 
suffix: 17 7 0 
28 10 4 11 13 
forward frontier
restricted destroy-repair dd compilation
restricted dd compilation - suffixes
running dd lns mip
num vars: 350
obj from lns: 880
[loc arcIndex] route: 2 0 12 1 8 2 -1 115 
[loc arcIndex] route: 10 10 -2 135 
[loc arcIndex] route: 16 13 18 14 22 15 26 16 28 81 4 90 -3 338 
[loc arcIndex] route: 25 19 1 20 11 21 -4 176 
[loc arcIndex] route: 30 26 23 27 13 42 -5 197 
improved ub from lns primal heuristic: 880
STATS - lpIterations[0] lagIterations[0] sspIterations[0] numSeparations[0] numCuts[0] compileTime[0] sspSolveTime[0] lpSolveTime[0] lb[0] ub[880] numArcs: [0] numFixed: [0] time: [2]
STATS1 - lpIterations[0] lagIterations[0] sspIterations[0] numSeparations[0] numCuts[0] compileTime[0] sspSolveTime[0] lpSolveTime[0] repairTime[0] cutsTime[0] alphaTime[0] decompTime[0] yellowTime[0] updateTime[0] fixTime[0] lb[0] ub[880] numArcs: [0] numFixed: [0] time: [2]
added route to primal routes: 0,2,12,8,19,3,6,9,5,21,0,
random seed: 1626371952
added maximal sequence to primal routes: 0,10,2,12,8,19,3,6,9,5,21,0,
added route to primal routes: 0,16,18,22,26,28,4,21,0,
random seed: 1651702818
updated increasing parameter: 1
DD random seed:1660688118
running lns dd
destroy phase
prefix: 0 2 12 8 19 3 
suffix: 9 5 21 0 
prefix: 0 10 
suffix: 20 0 
prefix: 0 16 18 
suffix: 26 28 4 21 0 
prefix: 0 25 1 11 24 
suffix: 15 29 0 
prefix: 0 30 
suffix: 13 17 7 0 
6 27 22 14 23 
forward frontier
restricted destroy-repair dd compilation
restricted dd compilation - suffixes
running dd lns mip
num vars: 303
obj from lns: 880
[loc arcIndex] route: 2 0 12 1 8 2 19 3 3 4 6 44 -1 135 
[loc arcIndex] route: 10 9 27 31 -2 146 
[loc arcIndex] route: 16 12 18 13 22 14 -3 166 
[loc arcIndex] route: 25 19 1 20 11 21 24 22 14 49 -4 190 
[loc arcIndex] route: 30 26 23 27 -5 201 
DD random seed:1682139453
running lns dd
destroy phase
prefix: 0 2 12 8 19 3 6 9 
suffix: 21 0 
prefix: 0 10 
suffix: 20 0 
prefix: 0 16 
suffix: 22 26 28 4 21 0 
prefix: 0 25 
suffix: 11 24 14 15 29 0 
prefix: 0 30 
suffix: 13 17 7 0 
5 27 18 1 23 
forward frontier
restricted destroy-repair dd compilation
restricted dd compilation - suffixes
running dd lns mip
num vars: 205
obj from lns: 880
[loc arcIndex] route: 2 0 12 1 8 2 19 3 3 4 6 5 9 6 5 7 -1 81 
[loc arcIndex] route: 10 9 27 10 -2 89 
[loc arcIndex] route: 16 12 18 31 -3 103 
[loc arcIndex] route: 25 19 1 20 -4 120 
[loc arcIndex] route: 30 26 23 36 -5 139 
DD random seed:1700100980
running lns dd
destroy phase
prefix: 0 
suffix: 12 8 19 3 6 9 5 21 0 
prefix: 0 10 
suffix: 20 0 
prefix: 0 16 18 22 26 28 
suffix: 21 0 
prefix: 0 25 1 11 24 14 
suffix: 29 0 
prefix: 0 
suffix: 23 13 17 7 0 
2 27 4 15 30 
forward frontier
restricted destroy-repair dd compilation
restricted dd compilation - suffixes
running dd lns mip
num vars: 160
obj from lns: 880
[loc arcIndex] route: 2 0 -1 45 
[loc arcIndex] route: 10 9 27 34 -2 76 
[loc arcIndex] route: 16 12 18 13 22 14 26 15 28 16 4 39 -3 98 
[loc arcIndex] route: 25 19 1 20 11 21 24 22 14 23 15 36 -4 118 
[loc arcIndex] route: 30 26 -5 123 
DD random seed:1710431475
running lns dd
destroy phase
prefix: 0 2 12 8 
suffix: 3 6 9 5 21 0 
prefix: 0 10 
suffix: 20 0 
prefix: 0 16 18 22 26 28 
suffix: 21 0 
prefix: 0 25 1 11 24 14 
suffix: 29 0 
prefix: 0 30 
suffix: 13 17 7 0 
19 27 4 15 23 
forward frontier
restricted destroy-repair dd compilation
restricted dd compilation - suffixes
running dd lns mip
num vars: 372
obj from lns: 880
[loc arcIndex] route: 2 0 12 1 8 2 19 3 3 4 6 5 9 6 5 7 -3 117 
[loc arcIndex] route: 10 9 27 31 -2 124 
[loc arcIndex] route: 16 12 18 13 22 14 26 15 28 16 4 82 -3 151 
[loc arcIndex] route: 25 19 1 20 11 21 24 22 14 23 15 24 -4 175 
[loc arcIndex] route: 30 26 23 27 -5 186 
DD random seed:1730343688
running lns dd
destroy phase
prefix: 0 
suffix: 12 8 19 3 6 9 5 21 0 
prefix: 0 
suffix: 27 20 0 
prefix: 0 16 18 22 26 28 
suffix: 21 0 
prefix: 0 25 1 11 24 14 
suffix: 29 0 
prefix: 0 30 23 13 
suffix: 7 0 
2 10 4 15 17 
forward frontier
restricted destroy-repair dd compilation
restricted dd compilation - suffixes
running dd lns mip
num vars: 339
obj from lns: 880
[loc arcIndex] route: 2 0 12 1 8 2 19 3 3 4 6 5 9 6 5 7 -3 116 
[loc arcIndex] route: 10 9 -2 118 
[loc arcIndex] route: 16 12 18 13 22 14 26 15 28 16 4 17 -3 146 
[loc arcIndex] route: 25 19 1 20 11 21 24 22 14 23 15 24 -4 169 
[loc arcIndex] route: 30 26 23 27 13 28 17 29 -5 186 
DD random seed:1749249502
running lns dd
destroy phase
prefix: 0 
suffix: 12 8 19 3 6 9 5 21 0 
prefix: 0 10 
suffix: 20 0 
prefix: 0 16 18 22 26 28 
suffix: 21 0 
prefix: 0 25 1 
suffix: 24 14 15 29 0 
prefix: 0 30 23 13 
suffix: 7 0 
2 27 4 11 17 
forward frontier
restricted destroy-repair dd compilation
restricted dd compilation - suffixes
running dd lns mip
num vars: 253
obj from lns: 880
[loc arcIndex] route: 2 0 -1 69 
[loc arcIndex] route: 10 9 27 10 -2 102 
[loc arcIndex] route: 16 12 18 13 22 14 26 15 28 16 4 17 -3 125 
[loc arcIndex] route: 25 19 1 20 11 39 -4 137 
[loc arcIndex] route: 30 26 23 27 13 28 17 48 -5 160 
DD random seed:1765109693
running lns dd
destroy phase
prefix: 0 
suffix: 12 8 19 3 6 9 5 21 0 
prefix: 0 
suffix: 27 20 0 
prefix: 0 16 
suffix: 22 26 28 4 21 0 
prefix: 0 25 1 11 24 
suffix: 15 29 0 
prefix: 0 30 
suffix: 13 17 7 0 
2 10 18 14 23 
forward frontier
restricted destroy-repair dd compilation
restricted dd compilation - suffixes
running dd lns mip
num vars: 201
obj from lns: 880
[loc arcIndex] route: 2 0 -1 55 
[loc arcIndex] route: 10 9 -2 78 
[loc arcIndex] route: 16 12 18 13 -3 92 
[loc arcIndex] route: 25 19 1 20 11 21 24 22 14 23 -4 112 
[loc arcIndex] route: 30 26 23 40 -5 119 
DD random seed:1778803936
running lns dd
destroy phase
prefix: 0 2 12 8 19 3 
suffix: 9 5 21 0 
prefix: 0 10 
suffix: 20 0 
prefix: 0 16 
suffix: 22 26 28 4 21 0 
prefix: 0 25 1 
suffix: 24 14 15 29 0 
prefix: 0 30 
suffix: 13 17 7 0 
6 27 18 11 23 
forward frontier
restricted destroy-repair dd compilation
restricted dd compilation - suffixes
running dd lns mip
num vars: 426
obj from lns: 880
[loc arcIndex] route: 2 0 12 1 8 2 19 3 3 4 6 5 -1 163 
[loc arcIndex] route: 10 9 27 31 -2 173 
[loc arcIndex] route: 16 12 18 13 -3 187 
[loc arcIndex] route: 25 19 1 20 11 21 -4 205 
[loc arcIndex] route: 30 26 23 27 -5 219 
DD random seed:1808736217
running lns dd
destroy phase
prefix: 0 2 12 8 19 3 6 
suffix: 5 21 0 
prefix: 0 10 
suffix: 20 0 
prefix: 0 16 18 22 26 
suffix: 4 21 0 
prefix: 0 
suffix: 1 11 24 14 15 29 0 
prefix: 0 30 
suffix: 13 17 7 0 
9 27 28 25 23 
forward frontier
restricted destroy-repair dd compilation
restricted dd compilation - suffixes
running dd lns mip
num vars: 334
obj from lns: 880
[loc arcIndex] route: 2 0 12 1 8 2 19 3 3 4 6 5 9 6 -1 109 
[loc arcIndex] route: 10 9 27 10 -2 119 
[loc arcIndex] route: 16 12 18 13 22 14 26 15 28 16 -3 141 
[loc arcIndex] route: 25 19 -4 145 
[loc arcIndex] route: 30 26 23 27 -5 169 
DD random seed:1827241828
running lns dd
destroy phase
prefix: 0 2 
suffix: 8 19 3 6 9 5 21 0 
prefix: 0 10 
suffix: 20 0 
prefix: 0 16 18 
suffix: 26 28 4 21 0 
prefix: 0 25 1 11 
suffix: 14 15 29 0 
prefix: 0 30 23 
suffix: 17 7 0 
12 27 22 24 13 
forward frontier
restricted destroy-repair dd compilation
restricted dd compilation - suffixes
running dd lns mip
num vars: 338
obj from lns: 880
[loc arcIndex] route: 2 0 12 1 -1 101 
[loc arcIndex] route: 10 9 27 10 -2 128 
[loc arcIndex] route: 16 12 18 13 22 61 -3 145 
[loc arcIndex] route: 25 19 1 20 11 21 24 22 -4 164 
[loc arcIndex] route: 30 26 23 27 13 28 -5 179 
updated increasing parameter: 2
DD random seed:1849612771
running lns dd
destroy phase
prefix: 0 2 12 8 19 3 
suffix: 5 21 0 
prefix: 0 10 
suffix: 0 
prefix: 0 
suffix: 22 26 28 4 21 0 
prefix: 0 25 1 
suffix: 14 15 29 0 
prefix: 0 30 23 
suffix: 7 0 
6 9 27 20 16 18 11 24 13 17 
forward frontier
restricted destroy-repair dd compilation
restricted dd compilation - suffixes
running dd lns mip
num vars: 975
obj from lns: 870
[loc arcIndex] route: 2 0 12 1 8 2 19 3 3 4 6 74 9 6 -1 323 
[loc arcIndex] route: 10 9 27 10 20 33 -2 339 
[loc arcIndex] route: 16 12 18 13 22 14 26 15 28 16 4 17 -2 361 
[loc arcIndex] route: 25 19 1 20 24 49 11 80 -4 573 
[loc arcIndex] route: 30 26 23 27 13 28 17 29 7 30 -2 400 
improved ub from lns primal heuristic: 870
STATS - lpIterations[0] lagIterations[0] sspIterations[0] numSeparations[0] numCuts[0] compileTime[0] sspSolveTime[0] lpSolveTime[0] lb[0] ub[870] numArcs: [0] numFixed: [0] time: [2]
STATS1 - lpIterations[0] lagIterations[0] sspIterations[0] numSeparations[0] numCuts[0] compileTime[0] sspSolveTime[0] lpSolveTime[0] repairTime[0] cutsTime[0] alphaTime[0] decompTime[0] yellowTime[0] updateTime[0] fixTime[0] lb[0] ub[870] numArcs: [0] numFixed: [0] time: [2]
added route to primal routes: 0,16,18,22,26,28,4,0,
random seed: 1912826441
added maximal sequence to primal routes: 0,11,16,18,22,26,28,4,0,
added route to primal routes: 0,25,1,24,11,14,15,29,0,
random seed: 1923158023
added maximal sequence to primal routes: 0,21,25,1,24,11,14,15,29,0,
updated increasing parameter: 1
DD random seed:1936669477
running lns dd
destroy phase
prefix: 0 2 12 8 19 3 
suffix: 9 5 21 0 
prefix: 0 10 
suffix: 20 0 
prefix: 0 16 18 
suffix: 26 28 4 0 
prefix: 0 25 
suffix: 24 11 14 15 29 0 
prefix: 0 30 23 13 
suffix: 7 0 
6 27 22 1 17 
forward frontier
restricted destroy-repair dd compilation
restricted dd compilation - suffixes
running dd lns mip
num vars: 401
obj from lns: 870
[loc arcIndex] route: 2 0 12 1 8 2 19 3 3 4 6 68 -1 139 
[loc arcIndex] route: 10 9 27 10 -2 151 
[loc arcIndex] route: 16 12 18 13 22 51 -3 171 
[loc arcIndex] route: 25 18 1 36 -4 184 
[loc arcIndex] route: 30 25 23 26 13 27 17 28 -5 211 
DD random seed:1961430353
running lns dd
destroy phase
prefix: 0 2 12 8 19 3 6 9 
suffix: 21 0 
prefix: 0 10 
suffix: 20 0 
prefix: 0 
suffix: 18 22 26 28 4 0 
prefix: 0 25 1 24 11 
suffix: 15 29 0 
prefix: 0 
suffix: 23 13 17 7 0 
5 27 16 14 30 
forward frontier
restricted destroy-repair dd compilation
restricted dd compilation - suffixes
running dd lns mip
num vars: 240
obj from lns: 870
[loc arcIndex] route: 2 0 12 1 8 2 19 3 3 4 6 5 9 6 5 7 -1 97 
[loc arcIndex] route: 10 9 27 10 -2 105 
[loc arcIndex] route: 16 12 -3 112 
[loc arcIndex] route: 25 18 1 19 24 20 11 21 14 22 -4 142 
[loc arcIndex] route: 30 25 -5 150 
DD random seed:1975642804
running lns dd
destroy phase
prefix: 0 2 
suffix: 8 19 3 6 9 5 21 0 
prefix: 0 
suffix: 27 20 0 
prefix: 0 16 18 22 
suffix: 28 4 0 
prefix: 0 25 1 24 11 
suffix: 15 29 0 
prefix: 0 30 23 
suffix: 17 7 0 
12 10 26 14 13 
forward frontier
restricted destroy-repair dd compilation
restricted dd compilation - suffixes
running dd lns mip
num vars: 183
obj from lns: 870
[loc arcIndex] route: 2 0 12 1 -1 69 
[loc arcIndex] route: 10 9 -2 93 
[loc arcIndex] route: 16 12 18 13 22 14 26 15 -3 118 
[loc arcIndex] route: 25 18 1 19 24 20 11 21 14 22 -4 138 
[loc arcIndex] route: 30 25 23 26 13 27 -5 152 
DD random seed:1987834223
running lns dd
destroy phase
prefix: 0 2 12 
suffix: 19 3 6 9 5 21 0 
prefix: 0 
suffix: 27 20 0 
prefix: 0 16 18 
suffix: 26 28 4 0 
prefix: 0 25 1 24 11 
suffix: 15 29 0 
prefix: 0 30 
suffix: 13 17 7 0 
8 10 22 14 23 
forward frontier
restricted destroy-repair dd compilation
restricted dd compilation - suffixes
running dd lns mip
num vars: 224
obj from lns: 870
[loc arcIndex] route: 2 0 12 1 8 2 -1 97 
[loc arcIndex] route: 10 9 -2 114 
[loc arcIndex] route: 16 12 18 13 22 14 -3 137 
[loc arcIndex] route: 25 18 1 19 24 20 11 21 14 22 -4 157 
[loc arcIndex] route: 30 25 23 26 -5 167 
DD random seed:2005813399
running lns dd
destroy phase
prefix: 0 2 12 8 19 3 
suffix: 9 5 21 0 
prefix: 0 10 
suffix: 20 0 
prefix: 0 16 18 
suffix: 26 28 4 0 
prefix: 0 25 1 24 11 14 
suffix: 29 0 
prefix: 0 30 23 13 
suffix: 7 0 
6 27 22 15 17 
forward frontier
restricted destroy-repair dd compilation
restricted dd compilation - suffixes
running dd lns mip
num vars: 369
obj from lns: 870
[loc arcIndex] route: 2 0 12 1 8 2 19 3 3 4 6 5 -1 122 
[loc arcIndex] route: 10 9 27 30 -2 136 
[loc arcIndex] route: 16 12 18 13 22 36 -3 156 
[loc arcIndex] route: 25 18 1 19 24 20 11 21 14 22 15 23 -4 189 
[loc arcIndex] route: 30 25 23 26 13 27 17 61 -5 206 
DD random seed:2025997255
running lns dd
destroy phase
prefix: 0 2 12 8 19 
suffix: 6 9 5 21 0 
prefix: 0 10 
suffix: 20 0 
prefix: 0 16 
suffix: 22 26 28 4 0 
prefix: 0 25 1 24 
suffix: 14 15 29 0 
prefix: 0 
suffix: 23 13 17 7 0 
3 27 18 11 30 
forward frontier
restricted destroy-repair dd compilation
restricted dd compilation - suffixes
running dd lns mip
num vars: 248
obj from lns: 870
[loc arcIndex] route: 2 0 12 1 8 2 19 3 3 4 -1 103 
[loc arcIndex] route: 10 9 27 10 -2 115 
[loc arcIndex] route: 16 12 18 13 -3 128 
[loc arcIndex] route: 25 18 1 19 24 20 11 21 -4 149 
[loc arcIndex] route: 30 25 -5 156 
DD random seed:2043686313
running lns dd
destroy phase
prefix: 0 2 12 8 
suffix: 3 6 9 5 21 0 
prefix: 0 10 
suffix: 20 0 
prefix: 0 16 18 22 
suffix: 28 4 0 
prefix: 0 25 1 24 11 
suffix: 15 29 0 
prefix: 0 30 23 13 
suffix: 7 0 
19 27 26 14 17 
forward frontier
restricted destroy-repair dd compilation
restricted dd compilation - suffixes
running dd lns mip
num vars: 374
obj from lns: 870
[loc arcIndex] route: 2 0 12 1 8 2 19 3 -1 134 
[loc arcIndex] route: 10 9 27 10 -2 157 
[loc arcIndex] route: 16 12 18 13 22 14 26 15 -3 180 
[loc arcIndex] route: 25 18 1 19 24 20 11 21 14 22 -4 203 
[loc arcIndex] route: 30 25 23 26 13 27 17 28 -5 222 
DD random seed:2069315569
running lns dd
destroy phase
prefix: 0 2 12 8 
suffix: 3 6 9 5 21 0 
prefix: 0 
suffix: 27 20 0 
prefix: 0 16 
suffix: 22 26 28 4 0 
prefix: 0 25 1 24 
suffix: 14 15 29 0 
prefix: 0 30 23 
suffix: 17 7 0 
19 10 18 11 13 
forward frontier
restricted destroy-repair dd compilation
restricted dd compilation - suffixes
running dd lns mip
num vars: 378
obj from lns: 870
[loc arcIndex] route: 2 0 12 1 8 2 19 3 -1 137 
[loc arcIndex] route: 10 9 -2 148 
[loc arcIndex] route: 16 12 18 13 -3 166 
[loc arcIndex] route: 25 18 1 19 24 20 11 72 -4 187 
[loc arcIndex] route: 30 25 23 26 13 56 -5 201 
DD random seed:2101192858
running lns dd
destroy phase
prefix: 0 2 
suffix: 8 19 3 6 9 5 21 0 
prefix: 0 
suffix: 27 20 0 
prefix: 0 
suffix: 18 22 26 28 4 0 
prefix: 0 25 1 24 
suffix: 14 15 29 0 
prefix: 0 
suffix: 23 13 17 7 0 
12 10 16 11 30 
forward frontier
restricted destroy-repair dd compilation
restricted dd compilation - suffixes
running dd lns mip
num vars: 243
obj from lns: 870
[loc arcIndex] route: 2 0 12 1 -1 75 
[loc arcIndex] route: 10 9 -2 89 
[loc arcIndex] route: 16 12 -3 99 
[loc arcIndex] route: 25 18 1 19 24 20 11 21 -4 117 
[loc arcIndex] route: 30 25 -5 123 
DD random seed:2119711471
running lns dd
destroy phase
prefix: 0 2 12 
suffix: 19 3 6 9 5 21 0 
prefix: 0 
suffix: 27 20 0 
prefix: 0 
suffix: 18 22 26 28 4 0 
prefix: 0 25 1 24 11 14 
suffix: 29 0 
prefix: 0 
suffix: 23 13 17 7 0 
8 10 16 15 30 
forward frontier
restricted destroy-repair dd compilation
restricted dd compilation - suffixes
running dd lns mip
num vars: 127
obj from lns: 870
[loc arcIndex] route: 2 0 12 1 8 2 -1 49 
[loc arcIndex] route: 10 9 -2 61 
[loc arcIndex] route: 16 12 -3 72 
[loc arcIndex] route: 25 18 1 19 24 20 11 21 14 22 15 23 -4 97 
[loc arcIndex] route: 30 25 -5 102 
updated increasing parameter: 2
DD random seed:2129127173
running lns dd
destroy phase
prefix: 0 2 
suffix: 19 3 6 9 5 21 0 
prefix: 0 
suffix: 20 0 
prefix: 0 16 
suffix: 26 28 4 0 
prefix: 0 
suffix: 24 11 14 15 29 0 
prefix: 0 30 
suffix: 17 7 0 
12 8 10 27 18 22 25 1 23 13 
forward frontier
restricted destroy-repair dd compilation
restricted dd compilation - suffixes
running dd lns mip
num vars: 649
obj from lns: 868
[loc arcIndex] route: 2 0 12 32 8 2 -4 181 
[loc arcIndex] route: 10 9 27 10 -2 200 
[loc arcIndex] route: 16 12 18 13 22 14 -3 219 
[loc arcIndex] route: 25 18 1 19 -1 228 
[loc arcIndex] route: 30 25 23 26 13 27 -5 252 
improved ub from lns primal heuristic: 868
STATS - lpIterations[0] lagIterations[0] sspIterations[0] numSeparations[0] numCuts[0] compileTime[0] sspSolveTime[0] lpSolveTime[0] lb[0] ub[868] numArcs: [0] numFixed: [0] time: [2]
STATS1 - lpIterations[0] lagIterations[0] sspIterations[0] numSeparations[0] numCuts[0] compileTime[0] sspSolveTime[0] lpSolveTime[0] repairTime[0] cutsTime[0] alphaTime[0] decompTime[0] yellowTime[0] updateTime[0] fixTime[0] lb[0] ub[868] numArcs: [0] numFixed: [0] time: [2]
added route to primal routes: 0,2,12,8,24,11,14,15,29,0,
random seed: 2176197339
added maximal sequence to primal routes: 0,21,2,12,8,24,11,14,15,29,0,
updated increasing parameter: 1
DD random seed:2198915055
running lns dd
destroy phase
prefix: 0 2 
suffix: 8 24 11 14 15 29 0 
prefix: 0 
suffix: 27 20 0 
prefix: 0 16 18 22 26 
suffix: 4 0 
prefix: 0 25 1 19 3 
suffix: 9 5 21 0 
prefix: 0 
suffix: 23 13 17 7 0 
12 10 28 6 30 
forward frontier
restricted destroy-repair dd compilation
restricted dd compilation - suffixes
running dd lns mip
num vars: 220
obj from lns: 868
[loc arcIndex] route: 2 0 12 1 -1 62 
[loc arcIndex] route: 10 8 -2 81 
[loc arcIndex] route: 16 11 18 12 22 13 26 14 28 15 -3 104 
[loc arcIndex] route: 25 17 1 18 19 19 3 20 6 21 -4 121 
[loc arcIndex] route: 30 25 -5 127 
DD random seed:2212582974
running lns dd
destroy phase
prefix: 0 
suffix: 12 8 24 11 14 15 29 0 
prefix: 0 10 
suffix: 20 0 
prefix: 0 16 18 22 
suffix: 28 4 0 
prefix: 0 
suffix: 1 19 3 6 9 5 21 0 
prefix: 0 30 23 
suffix: 17 7 0 
2 27 26 25 13 
forward frontier
restricted destroy-repair dd compilation
restricted dd compilation - suffixes
running dd lns mip
num vars: 228
obj from lns: 857
[loc arcIndex] route: 2 0 -4 78 
[loc arcIndex] route: 10 8 27 9 -2 101 
[loc arcIndex] route: 16 11 18 12 22 13 26 14 -3 116 
[loc arcIndex] route: 25 17 -1 118 
[loc arcIndex] route: 30 25 23 26 13 27 -5 144 
improved ub from lns primal heuristic: 857
STATS - lpIterations[0] lagIterations[0] sspIterations[0] numSeparations[0] numCuts[0] compileTime[0] sspSolveTime[0] lpSolveTime[0] lb[0] ub[857] numArcs: [0] numFixed: [0] time: [2]
STATS1 - lpIterations[0] lagIterations[0] sspIterations[0] numSeparations[0] numCuts[0] compileTime[0] sspSolveTime[0] lpSolveTime[0] repairTime[0] cutsTime[0] alphaTime[0] decompTime[0] yellowTime[0] updateTime[0] fixTime[0] lb[0] ub[857] numArcs: [0] numFixed: [0] time: [2]
added route to primal routes: 0,2,1,19,3,6,9,5,21,0,
random seed: 2226892456
added maximal sequence to primal routes: 0,8,2,1,19,3,6,9,5,21,0,
added route to primal routes: 0,25,12,8,24,11,14,15,29,0,
random seed: 2242422931
updated increasing parameter: 1
DD random seed:2254948498
running lns dd
destroy phase
prefix: 0 2 1 
suffix: 3 6 9 5 21 0 
prefix: 0 
suffix: 27 20 0 
prefix: 0 16 18 
suffix: 26 28 4 0 
prefix: 0 25 12 8 24 11 14 
suffix: 29 0 
prefix: 0 30 23 
suffix: 17 7 0 
19 10 22 15 13 
forward frontier
restricted destroy-repair dd compilation
restricted dd compilation - suffixes
running dd lns mip
num vars: 353
obj from lns: 857
[loc arcIndex] route: 2 0 1 1 19 2 -1 112 
[loc arcIndex] route: 10 8 -2 128 
[loc arcIndex] route: 16 11 18 12 22 44 -3 151 
[loc arcIndex] route: 25 17 12 18 8 19 24 20 11 21 14 22 15 79 -4 182 
[loc arcIndex] route: 30 25 23 26 13 50 -5 195 
DD random seed:2275767411
running lns dd
destroy phase
prefix: 0 2 1 19 3 
suffix: 9 5 21 0 
prefix: 0 10 
suffix: 20 0 
prefix: 0 16 
suffix: 22 26 28 4 0 
prefix: 0 25 12 8 24 
suffix: 14 15 29 0 
prefix: 0 
suffix: 23 13 17 7 0 
6 27 18 11 30 
forward frontier
restricted destroy-repair dd compilation
restricted dd compilation - suffixes
running dd lns mip
num vars: 266
obj from lns: 857
[loc arcIndex] route: 2 0 1 1 19 2 3 3 6 4 -1 97 
[loc arcIndex] route: 10 8 27 30 -2 107 
[loc arcIndex] route: 16 11 18 12 -3 120 
[loc arcIndex] route: 25 17 12 18 8 19 24 20 11 53 -4 145 
[loc arcIndex] route: 30 25 -5 153 
DD random seed:2292854399
running lns dd
destroy phase
prefix: 0 
suffix: 1 19 3 6 9 5 21 0 
prefix: 0 
suffix: 27 20 0 
prefix: 0 16 
suffix: 22 26 28 4 0 
prefix: 0 25 
suffix: 8 24 11 14 15 29 0 
prefix: 0 30 23 13 
suffix: 7 0 
2 10 18 12 17 
forward frontier
restricted destroy-repair dd compilation
restricted dd compilation - suffixes
running dd lns mip
num vars: 222
obj from lns: 857
[loc arcIndex] route: 2 0 -1 79 
[loc arcIndex] route: 10 8 -2 97 
[loc arcIndex] route: 16 11 18 12 -3 110 
[loc arcIndex] route: 25 17 12 18 -4 123 
[loc arcIndex] route: 30 25 23 26 13 27 17 28 -5 142 
DD random seed:2308574647
running lns dd
destroy phase
prefix: 0 2 1 19 3 
suffix: 9 5 21 0 
prefix: 0 
suffix: 27 20 0 
prefix: 0 16 
suffix: 22 26 28 4 0 
prefix: 0 
suffix: 12 8 24 11 14 15 29 0 
prefix: 0 30 
suffix: 13 17 7 0 
6 10 18 25 23 
forward frontier
restricted destroy-repair dd compilation
restricted dd compilation - suffixes
running dd lns mip
num vars: 246
obj from lns: 857
[loc arcIndex] route: 2 0 1 1 19 2 3 3 6 4 -1 89 
[loc arcIndex] route: 10 8 -2 93 
[loc arcIndex] route: 16 11 18 12 -3 108 
[loc arcIndex] route: 25 17 -4 116 
[loc arcIndex] route: 30 25 23 26 -5 137 
DD random seed:2324444747
running lns dd
destroy phase
prefix: 0 2 
suffix: 19 3 6 9 5 21 0 
prefix: 0 
suffix: 27 20 0 
prefix: 0 16 
suffix: 22 26 28 4 0 
prefix: 0 25 12 8 
suffix: 11 14 15 29 0 
prefix: 0 
suffix: 23 13 17 7 0 
1 10 18 24 30 
forward frontier
restricted destroy-repair dd compilation
restricted dd compilation - suffixes
running dd lns mip
num vars: 183
obj from lns: 857
[loc arcIndex] route: 2 0 1 1 -1 63 
[loc arcIndex] route: 10 8 -2 75 
[loc arcIndex] route: 16 11 18 36 -3 92 
[loc arcIndex] route: 25 17 12 18 8 19 24 20 -4 111 
[loc arcIndex] route: 30 25 -5 118 
DD random seed:2338068178
running lns dd
destroy phase
prefix: 0 2 1 19 3 
suffix: 9 5 21 0 
prefix: 0 
suffix: 27 20 0 
prefix: 0 16 18 22 
suffix: 28 4 0 
prefix: 0 25 12 8 24 11 14 
suffix: 29 0 
prefix: 0 30 23 13 
suffix: 7 0 
6 10 26 15 17 
forward frontier
restricted destroy-repair dd compilation
restricted dd compilation - suffixes
running dd lns mip
num vars: 192
obj from lns: 857
[loc arcIndex] route: 2 0 1 1 19 2 3 3 6 4 -1 69 
[loc arcIndex] route: 10 8 -2 80 
[loc arcIndex] route: 16 11 18 12 22 13 26 14 -3 108 
[loc arcIndex] route: 25 17 12 18 8 19 24 20 11 21 14 22 15 23 -4 142 
[loc arcIndex] route: 30 25 23 26 13 27 17 28 -5 161 
DD random seed:2347849964
running lns dd
destroy phase
prefix: 0 2 1 19 
suffix: 6 9 5 21 0 
prefix: 0 10 
suffix: 20 0 
prefix: 0 16 18 22 26 
suffix: 4 0 
prefix: 0 25 12 8 
suffix: 11 14 15 29 0 
prefix: 0 30 23 13 
suffix: 7 0 
3 27 28 24 17 
forward frontier
restricted destroy-repair dd compilation
restricted dd compilation - suffixes
running dd lns mip
num vars: 477
obj from lns: 857
[loc arcIndex] route: 2 0 1 1 19 2 3 3 -1 151 
[loc arcIndex] route: 10 8 27 30 -2 169 
[loc arcIndex] route: 16 11 18 12 22 13 26 14 28 110 -3 196 
[loc arcIndex] route: 25 17 12 18 8 19 24 20 -4 215 
[loc arcIndex] route: 30 25 23 26 13 27 17 63 -5 241 
DD random seed:2378955930
running lns dd
destroy phase
prefix: 0 
suffix: 1 19 3 6 9 5 21 0 
prefix: 0 
suffix: 27 20 0 
prefix: 0 16 18 
suffix: 26 28 4 0 
prefix: 0 25 12 8 24 11 
suffix: 15 29 0 
prefix: 0 30 
suffix: 13 17 7 0 
2 10 22 14 23 
forward frontier
restricted destroy-repair dd compilation
restricted dd compilation - suffixes
running dd lns mip
num vars: 308
obj from lns: 851
[loc arcIndex] route: 2 0 14 31 -1 181 
[loc arcIndex] route: 10 8 -2 123 
[loc arcIndex] route: 16 11 18 12 22 13 -3 142 
[loc arcIndex] route: 25 17 12 18 8 19 24 20 11 21 -4 162 
[loc arcIndex] route: 30 25 23 44 -5 172 
improved ub from lns primal heuristic: 851
STATS - lpIterations[0] lagIterations[0] sspIterations[0] numSeparations[0] numCuts[0] compileTime[0] sspSolveTime[0] lpSolveTime[0] lb[0] ub[851] numArcs: [0] numFixed: [0] time: [2]
STATS1 - lpIterations[0] lagIterations[0] sspIterations[0] numSeparations[0] numCuts[0] compileTime[0] sspSolveTime[0] lpSolveTime[0] repairTime[0] cutsTime[0] alphaTime[0] decompTime[0] yellowTime[0] updateTime[0] fixTime[0] lb[0] ub[851] numArcs: [0] numFixed: [0] time: [2]
added route to primal routes: 0,2,14,1,19,3,6,9,5,21,0,
random seed: 2399450001
added route to primal routes: 0,25,12,8,24,11,15,29,0,
random seed: 2414893061
added maximal sequence to primal routes: 0,28,25,12,8,24,11,15,29,0,
updated increasing parameter: 1
DD random seed:2427736057
running lns dd
destroy phase
prefix: 0 2 
suffix: 1 19 3 6 9 5 21 0 
prefix: 0 10 
suffix: 20 0 
prefix: 0 
suffix: 18 22 26 28 4 0 
prefix: 0 25 12 8 24 
suffix: 15 29 0 
prefix: 0 
suffix: 23 13 17 7 0 
14 27 16 11 30 
forward frontier
restricted destroy-repair dd compilation
restricted dd compilation - suffixes
running dd lns mip
num vars: 183
obj from lns: 851
[loc arcIndex] route: 2 0 14 1 -1 61 
[loc arcIndex] route: 10 9 27 10 -2 79 
[loc arcIndex] route: 16 12 -3 84 
[loc arcIndex] route: 25 18 12 19 8 20 24 21 11 22 -4 106 
[loc arcIndex] route: 30 25 -5 111 
DD random seed:2441246877
running lns dd
destroy phase
prefix: 0 2 14 1 19 3 6 
suffix: 5 21 0 
prefix: 0 
suffix: 27 20 0 
prefix: 0 16 18 
suffix: 26 28 4 0 
prefix: 0 25 12 8 24 
suffix: 15 29 0 
prefix: 0 30 23 13 
suffix: 7 0 
9 10 22 11 17 
forward frontier
restricted destroy-repair dd compilation
restricted dd compilation - suffixes
running dd lns mip
num vars: 236
obj from lns: 851
[loc arcIndex] route: 2 0 14 1 1 2 19 3 3 4 6 5 9 6 -1 98 
[loc arcIndex] route: 10 9 -2 100 
[loc arcIndex] route: 16 12 18 13 22 14 -3 124 
[loc arcIndex] route: 25 18 12 19 8 20 24 21 11 22 -4 153 
[loc arcIndex] route: 30 25 23 26 13 27 17 28 -5 173 
DD random seed:2455004006
running lns dd
destroy phase
prefix: 0 2 14 
suffix: 19 3 6 9 5 21 0 
prefix: 0 
suffix: 27 20 0 
prefix: 0 16 
suffix: 22 26 28 4 0 
prefix: 0 25 
suffix: 8 24 11 15 29 0 
prefix: 0 30 23 
suffix: 17 7 0 
1 10 18 12 13 
forward frontier
restricted destroy-repair dd compilation
restricted dd compilation - suffixes
running dd lns mip
num vars: 307
obj from lns: 851
[loc arcIndex] route: 2 0 14 1 1 2 -1 103 
[loc arcIndex] route: 10 9 -2 112 
[loc arcIndex] route: 16 12 18 13 -3 130 
[loc arcIndex] route: 25 18 12 19 -4 144 
[loc arcIndex] route: 30 25 23 26 13 27 -5 162 
DD random seed:2476005551
running lns dd
destroy phase
prefix: 0 2 14 1 
suffix: 3 6 9 5 21 0 
prefix: 0 
suffix: 27 20 0 
prefix: 0 16 18 22 
suffix: 28 4 0 
prefix: 0 25 12 8 24 11 
suffix: 29 0 
prefix: 0 30 23 13 
suffix: 7 0 
19 10 26 15 17 
forward frontier
restricted destroy-repair dd compilation
restricted dd compilation - suffixes
running dd lns mip
num vars: 317
obj from lns: 850
[loc arcIndex] route: 2 0 14 1 1 2 19 34 -1 107 
[loc arcIndex] route: 10 9 -2 122 
[loc arcIndex] route: 16 12 18 13 22 14 26 41 -3 149 
[loc arcIndex] route: 25 18 12 19 8 20 24 21 11 22 15 48 -5 177 
[loc arcIndex] route: 30 25 23 26 13 27 17 28 -4 194 
improved ub from lns primal heuristic: 850
STATS - lpIterations[0] lagIterations[0] sspIterations[0] numSeparations[0] numCuts[0] compileTime[0] sspSolveTime[0] lpSolveTime[0] lb[0] ub[850] numArcs: [0] numFixed: [0] time: [3]
STATS1 - lpIterations[0] lagIterations[0] sspIterations[0] numSeparations[0] numCuts[0] compileTime[0] sspSolveTime[0] lpSolveTime[0] repairTime[0] cutsTime[0] alphaTime[0] decompTime[0] yellowTime[0] updateTime[0] fixTime[0] lb[0] ub[850] numArcs: [0] numFixed: [0] time: [3]
added route to primal routes: 0,25,12,8,24,11,15,7,0,
random seed: 2496105809
added maximal sequence to primal routes: 0,21,25,12,8,24,11,15,7,0,
added route to primal routes: 0,30,23,13,17,29,0,
random seed: 2512438653
added maximal sequence to primal routes: 0,11,3,30,23,13,17,29,0,
updated increasing parameter: 1
DD random seed:2522089621
running lns dd
destroy phase
prefix: 0 2 14 1 
suffix: 3 6 9 5 21 0 
prefix: 0 
suffix: 27 20 0 
prefix: 0 16 
suffix: 22 26 28 4 0 
prefix: 0 25 
suffix: 8 24 11 15 7 0 
prefix: 0 
suffix: 23 13 17 29 0 
19 10 18 12 30 
forward frontier
restricted destroy-repair dd compilation
restricted dd compilation - suffixes
running dd lns mip
num vars: 247
obj from lns: 850
[loc arcIndex] route: 2 0 14 1 1 2 19 3 -1 83 
[loc arcIndex] route: 10 9 -2 88 
[loc arcIndex] route: 16 12 18 13 -3 105 
[loc arcIndex] route: 25 18 12 19 -4 117 
[loc arcIndex] route: 30 25 -5 128 
DD random seed:2539755364
running lns dd
destroy phase
prefix: 0 
suffix: 14 1 19 3 6 9 5 21 0 
prefix: 0 10 
suffix: 20 0 
prefix: 0 
suffix: 18 22 26 28 4 0 
prefix: 0 25 12 8 24 11 
suffix: 7 0 
prefix: 0 30 23 13 
suffix: 29 0 
2 27 16 15 17 
forward frontier
restricted destroy-repair dd compilation
restricted dd compilation - suffixes
running dd lns mip
num vars: 233
obj from lns: 850
[loc arcIndex] route: 2 0 -1 70 
[loc arcIndex] route: 10 9 27 10 -2 97 
[loc arcIndex] route: 16 12 -3 103 
[loc arcIndex] route: 25 18 12 19 8 20 24 21 11 22 15 23 -4 134 
[loc arcIndex] route: 30 25 23 26 13 27 17 28 -5 148 
DD random seed:2553030265
running lns dd
destroy phase
prefix: 0 2 14 1 
suffix: 3 6 9 5 21 0 
prefix: 0 10 
suffix: 20 0 
prefix: 0 16 18 
suffix: 26 28 4 0 
prefix: 0 25 12 8 
suffix: 11 15 7 0 
prefix: 0 30 
suffix: 13 17 29 0 
19 27 22 24 23 
forward frontier
restricted destroy-repair dd compilation
restricted dd compilation - suffixes
running dd lns mip
num vars: 277
obj from lns: 846
[loc arcIndex] route: 2 0 14 1 1 2 19 3 -1 112 
[loc arcIndex] route: 10 9 27 10 -2 127 
[loc arcIndex] route: 16 12 18 13 22 34 -5 148 
[loc arcIndex] route: 25 18 12 19 8 20 24 21 -4 168 
[loc arcIndex] route: 30 25 23 31 -3 180 
improved ub from lns primal heuristic: 846
STATS - lpIterations[0] lagIterations[0] sspIterations[0] numSeparations[0] numCuts[0] compileTime[0] sspSolveTime[0] lpSolveTime[0] lb[0] ub[846] numArcs: [0] numFixed: [0] time: [3]
STATS1 - lpIterations[0] lagIterations[0] sspIterations[0] numSeparations[0] numCuts[0] compileTime[0] sspSolveTime[0] lpSolveTime[0] repairTime[0] cutsTime[0] alphaTime[0] decompTime[0] yellowTime[0] updateTime[0] fixTime[0] lb[0] ub[846] numArcs: [0] numFixed: [0] time: [3]
added route to primal routes: 0,16,18,22,13,17,29,0,
random seed: 2574374847
added maximal sequence to primal routes: 0,11,2,21,16,18,22,13,17,29,0,
added route to primal routes: 0,30,23,26,28,4,0,
random seed: 2602659497
added maximal sequence to primal routes: 0,14,21,30,23,26,28,4,0,
updated increasing parameter: 1
DD random seed:2613475325
running lns dd
destroy phase
prefix: 0 2 14 
suffix: 19 3 6 9 5 21 0 
prefix: 0 
suffix: 27 20 0 
prefix: 0 16 18 
suffix: 13 17 29 0 
prefix: 0 25 12 8 24 
suffix: 15 7 0 
prefix: 0 30 
suffix: 26 28 4 0 
1 10 22 11 23 
forward frontier
restricted destroy-repair dd compilation
restricted dd compilation - suffixes
running dd lns mip
num vars: 249
obj from lns: 846
[loc arcIndex] route: 2 0 14 1 1 2 -1 77 
[loc arcIndex] route: 10 9 -2 90 
[loc arcIndex] route: 16 12 18 13 22 14 -3 113 
[loc arcIndex] route: 25 18 12 19 8 20 24 21 11 57 -4 138 
[loc arcIndex] route: 30 25 23 26 -5 148 
DD random seed:2629256490
running lns dd
destroy phase
prefix: 0 2 14 1 19 3 
suffix: 9 5 21 0 
prefix: 0 
suffix: 27 20 0 
prefix: 0 16 
suffix: 22 13 17 29 0 
prefix: 0 25 12 8 24 11 
suffix: 7 0 
prefix: 0 30 23 26 
suffix: 4 0 
6 10 18 15 28 
forward frontier
restricted destroy-repair dd compilation
restricted dd compilation - suffixes
running dd lns mip
num vars: 237
obj from lns: 846
[loc arcIndex] route: 2 0 14 1 1 2 19 3 3 4 6 5 -1 81 
[loc arcIndex] route: 10 9 -2 87 
[loc arcIndex] route: 16 12 18 13 -3 106 
[loc arcIndex] route: 25 18 12 19 8 20 24 21 11 22 15 44 -4 141 
[loc arcIndex] route: 30 25 23 26 26 27 28 28 -5 158 
DD random seed:2641819041
running lns dd
destroy phase
prefix: 0 2 14 1 19 3 6 9 
suffix: 21 0 
prefix: 0 10 
suffix: 20 0 
prefix: 0 16 18 22 
suffix: 17 29 0 
prefix: 0 
suffix: 12 8 24 11 15 7 0 
prefix: 0 30 23 
suffix: 28 4 0 
5 27 13 25 26 
forward frontier
restricted destroy-repair dd compilation
restricted dd compilation - suffixes
running dd lns mip
num vars: 273
obj from lns: 846
[loc arcIndex] route: 2 0 14 1 1 2 19 3 3 4 6 5 9 6 5 72 -1 103 
[loc arcIndex] route: 10 9 27 10 -2 110 
[loc arcIndex] route: 16 12 18 13 22 14 13 15 -3 130 
[loc arcIndex] route: 25 18 -4 138 
[loc arcIndex] route: 30 25 23 26 26 27 -5 170 
DD random seed:2657136724
running lns dd
destroy phase
prefix: 0 2 14 
suffix: 19 3 6 9 5 21 0 
prefix: 0 
suffix: 27 20 0 
prefix: 0 16 18 
suffix: 13 17 29 0 
prefix: 0 
suffix: 12 8 24 11 15 7 0 
prefix: 0 30 23 
suffix: 28 4 0 
1 10 22 25 26 
forward frontier
restricted destroy-repair dd compilation
restricted dd compilation - suffixes
running dd lns mip
num vars: 338
obj from lns: 845
[loc arcIndex] route: 2 0 14 1 1 2 -1 111 
[loc arcIndex] route: 10 9 -2 124 
[loc arcIndex] route: 16 12 18 13 25 50 22 62 -3 284 
[loc arcIndex] route: 25 18 -4 150 
[loc arcIndex] route: 30 25 23 26 26 70 -5 175 
improved ub from lns primal heuristic: 845
STATS - lpIterations[0] lagIterations[0] sspIterations[0] numSeparations[0] numCuts[0] compileTime[0] sspSolveTime[0] lpSolveTime[0] lb[0] ub[845] numArcs: [0] numFixed: [0] time: [3]
STATS1 - lpIterations[0] lagIterations[0] sspIterations[0] numSeparations[0] numCuts[0] compileTime[0] sspSolveTime[0] lpSolveTime[0] repairTime[0] cutsTime[0] alphaTime[0] decompTime[0] yellowTime[0] updateTime[0] fixTime[0] lb[0] ub[845] numArcs: [0] numFixed: [0] time: [3]
added route to primal routes: 0,16,18,25,22,13,17,29,0,
random seed: 2679583881
updated increasing parameter: 1
DD random seed:2689112227
running lns dd
destroy phase
prefix: 0 2 14 1 19 3 6 
suffix: 5 21 0 
prefix: 0 10 
suffix: 20 0 
prefix: 0 
suffix: 18 25 22 13 17 29 0 
prefix: 0 25 12 8 24 11 
suffix: 7 0 
prefix: 0 30 23 26 
suffix: 4 0 
9 27 16 15 28 
forward frontier
restricted destroy-repair dd compilation
restricted dd compilation - suffixes
running dd lns mip
num vars: 255
obj from lns: 845
[loc arcIndex] route: 2 0 14 1 1 2 19 3 3 4 6 5 9 47 -1 103 
[loc arcIndex] route: 10 9 27 31 -2 112 
[loc arcIndex] route: 16 12 -3 120 
[loc arcIndex] route: 25 19 12 20 8 21 24 22 11 23 15 34 -4 162 
[loc arcIndex] route: 30 26 23 27 26 28 28 38 -5 179 
DD random seed:2703323076
running lns dd
destroy phase
prefix: 0 
suffix: 14 1 19 3 6 9 5 21 0 
prefix: 0 10 
suffix: 20 0 
prefix: 0 16 
suffix: 25 22 13 17 29 0 
prefix: 0 25 12 8 24 
suffix: 15 7 0 
prefix: 0 30 23 
suffix: 28 4 0 
2 27 18 11 26 
forward frontier
restricted destroy-repair dd compilation
restricted dd compilation - suffixes
running dd lns mip
num vars: 230
obj from lns: 845
[loc arcIndex] route: 2 0 -1 79 
[loc arcIndex] route: 10 9 27 10 -2 103 
[loc arcIndex] route: 16 12 18 32 -3 114 
[loc arcIndex] route: 25 19 12 20 8 21 24 22 11 23 -4 138 
[loc arcIndex] route: 30 26 23 27 26 28 -5 149 
DD random seed:2718650248
running lns dd
destroy phase
prefix: 0 2 14 1 19 3 
suffix: 9 5 21 0 
prefix: 0 10 
suffix: 20 0 
prefix: 0 16 18 25 22 13 
suffix: 29 0 
prefix: 0 25 12 8 24 
suffix: 15 7 0 
prefix: 0 
suffix: 23 26 28 4 0 
6 27 17 11 30 
forward frontier
restricted destroy-repair dd compilation
restricted dd compilation - suffixes
running dd lns mip
num vars: 248
obj from lns: 845
[loc arcIndex] route: 2 0 14 1 1 2 19 3 3 4 6 5 -1 90 
[loc arcIndex] route: 10 9 27 31 -2 101 
[loc arcIndex] route: 16 12 18 13 25 14 22 15 13 16 17 17 -3 128 
[loc arcIndex] route: 25 19 12 20 8 21 24 22 11 23 -4 150 
[loc arcIndex] route: 30 26 -5 157 
DD random seed:2732259685
running lns dd
destroy phase
prefix: 0 2 14 1 19 3 6 
suffix: 5 21 0 
prefix: 0 10 
suffix: 20 0 
prefix: 0 16 
suffix: 25 22 13 17 29 0 
prefix: 0 
suffix: 12 8 24 11 15 7 0 
prefix: 0 30 
suffix: 26 28 4 0 
9 27 18 25 23 
forward frontier
restricted destroy-repair dd compilation
restricted dd compilation - suffixes
running dd lns mip
num vars: 215
obj from lns: 845
[loc arcIndex] route: 2 0 14 1 1 2 19 3 3 4 6 5 9 6 -1 84 
[loc arcIndex] route: 10 9 27 10 -2 92 
[loc arcIndex] route: 16 12 18 35 -3 103 
[loc arcIndex] route: 25 19 -4 115 
[loc arcIndex] route: 30 26 23 27 -5 136 
DD random seed:2746421120
running lns dd
destroy phase
prefix: 0 2 14 1 
suffix: 3 6 9 5 21 0 
prefix: 0 10 
suffix: 20 0 
prefix: 0 16 
suffix: 25 22 13 17 29 0 
prefix: 0 25 
suffix: 8 24 11 15 7 0 
prefix: 0 
suffix: 23 26 28 4 0 
19 27 18 12 30 
forward frontier
restricted destroy-repair dd compilation
restricted dd compilation - suffixes
running dd lns mip
num vars: 213
obj from lns: 845
[loc arcIndex] route: 2 0 14 1 1 2 19 68 -1 85 
[loc arcIndex] route: 10 9 27 10 -2 96 
[loc arcIndex] route: 16 12 18 36 -3 108 
[loc arcIndex] route: 25 19 12 20 -4 121 
[loc arcIndex] route: 30 26 -5 132 
DD random seed:2762706629
running lns dd
destroy phase
prefix: 0 
suffix: 14 1 19 3 6 9 5 21 0 
prefix: 0 
suffix: 27 20 0 
prefix: 0 16 18 
suffix: 22 13 17 29 0 
prefix: 0 25 12 
suffix: 24 11 15 7 0 
prefix: 0 
suffix: 23 26 28 4 0 
2 10 25 8 30 
forward frontier
restricted destroy-repair dd compilation
restricted dd compilation - suffixes
running dd lns mip
num vars: 144
obj from lns: 845
[loc arcIndex] route: 2 0 -1 56 
[loc arcIndex] route: 10 9 -2 70 
[loc arcIndex] route: 16 12 18 13 25 14 -3 88 
[loc arcIndex] route: 25 19 12 20 8 32 -4 101 
[loc arcIndex] route: 30 26 -5 107 
DD random seed:2774631547
running lns dd
destroy phase
prefix: 0 2 14 1 19 
suffix: 6 9 5 21 0 
prefix: 0 
suffix: 27 20 0 
prefix: 0 16 18 25 22 
suffix: 17 29 0 
prefix: 0 25 12 
suffix: 24 11 15 7 0 
prefix: 0 30 
suffix: 26 28 4 0 
3 10 13 8 23 
forward frontier
restricted destroy-repair dd compilation
restricted dd compilation - suffixes
running dd lns mip
num vars: 344
obj from lns: 844
[loc arcIndex] route: 2 0 14 1 1 2 19 3 3 4 -1 114 
[loc arcIndex] route: 10 9 -2 120 
[loc arcIndex] route: 16 12 18 13 25 14 22 15 13 16 -3 150 
[loc arcIndex] route: 25 19 12 20 -4 159 
[loc arcIndex] route: 30 26 23 27 8 55 -5 288 
improved ub from lns primal heuristic: 844
STATS - lpIterations[0] lagIterations[0] sspIterations[0] numSeparations[0] numCuts[0] compileTime[0] sspSolveTime[0] lpSolveTime[0] lb[0] ub[844] numArcs: [0] numFixed: [0] time: [3]
STATS1 - lpIterations[0] lagIterations[0] sspIterations[0] numSeparations[0] numCuts[0] compileTime[0] sspSolveTime[0] lpSolveTime[0] repairTime[0] cutsTime[0] alphaTime[0] decompTime[0] yellowTime[0] updateTime[0] fixTime[0] lb[0] ub[844] numArcs: [0] numFixed: [0] time: [3]
added route to primal routes: 0,25,12,24,11,15,7,0,
random seed: 2796420816
added maximal sequence to primal routes: 0,21,8,25,12,24,11,15,7,0,
added route to primal routes: 0,30,23,8,26,28,4,0,
random seed: 2813028815
added maximal sequence to primal routes: 0,21,30,23,8,26,28,4,0,
updated increasing parameter: 1
DD random seed:2825887548
running lns dd
destroy phase
prefix: 0 2 14 1 19 3 6 9 
suffix: 21 0 
prefix: 0 
suffix: 27 20 0 
prefix: 0 16 18 
suffix: 22 13 17 29 0 
prefix: 0 25 12 
suffix: 11 15 7 0 
prefix: 0 30 
suffix: 8 26 28 4 0 
5 10 25 24 23 
forward frontier
restricted destroy-repair dd compilation
restricted dd compilation - suffixes
running dd lns mip
num vars: 266
obj from lns: 844
[loc arcIndex] route: 2 0 14 1 1 2 19 3 3 4 6 5 9 6 5 7 -1 92 
[loc arcIndex] route: 10 9 -2 94 
[loc arcIndex] route: 16 12 18 13 25 14 -3 118 
[loc arcIndex] route: 25 19 12 20 24 21 -4 138 
[loc arcIndex] route: 30 25 23 26 -5 153 
DD random seed:2842729947
running lns dd
destroy phase
prefix: 0 2 14 1 19 3 6 
suffix: 5 21 0 
prefix: 0 
suffix: 27 20 0 
prefix: 0 
suffix: 18 25 22 13 17 29 0 
prefix: 0 25 12 
suffix: 11 15 7 0 
prefix: 0 30 23 8 
suffix: 28 4 0 
9 10 16 24 26 
forward frontier
restricted destroy-repair dd compilation
restricted dd compilation - suffixes
running dd lns mip
num vars: 299
obj from lns: 844
[loc arcIndex] route: 2 0 14 1 1 2 19 3 3 4 6 5 9 6 -1 123 
[loc arcIndex] route: 10 9 -2 125 
[loc arcIndex] route: 16 12 -3 137 
[loc arcIndex] route: 25 19 12 20 24 21 -4 164 
[loc arcIndex] route: 30 25 23 26 8 27 26 28 -5 186 
DD random seed:2861241528
running lns dd
destroy phase
prefix: 0 
suffix: 14 1 19 3 6 9 5 21 0 
prefix: 0 
suffix: 27 20 0 
prefix: 0 16 18 25 22 13 
suffix: 29 0 
prefix: 0 25 
suffix: 24 11 15 7 0 
prefix: 0 
suffix: 23 8 26 28 4 0 
2 10 17 12 30 
forward frontier
restricted destroy-repair dd compilation
restricted dd compilation - suffixes
running dd lns mip
num vars: 169
obj from lns: 844
[loc arcIndex] route: 2 0 -1 53 
[loc arcIndex] route: 10 9 -2 71 
[loc arcIndex] route: 16 12 18 13 25 14 22 15 13 16 17 17 -3 92 
[loc arcIndex] route: 25 19 12 20 -4 99 
[loc arcIndex] route: 30 25 -5 109 
DD random seed:2872428421
running lns dd
destroy phase
prefix: 0 
suffix: 14 1 19 3 6 9 5 21 0 
prefix: 0 10 
suffix: 20 0 
prefix: 0 
suffix: 18 25 22 13 17 29 0 
prefix: 0 25 12 24 11 
suffix: 7 0 
prefix: 0 30 23 8 26 
suffix: 4 0 
2 27 16 15 28 
forward frontier
restricted destroy-repair dd compilation
restricted dd compilation - suffixes
running dd lns mip
num vars: 252
obj from lns: 844
[loc arcIndex] route: 2 0 -1 78 
[loc arcIndex] route: 10 9 27 10 -2 105 
[loc arcIndex] route: 16 12 -3 111 
[loc arcIndex] route: 25 19 12 20 24 21 11 22 15 23 -4 140 
[loc arcIndex] route: 30 25 23 26 8 27 26 28 28 29 -5 156 
DD random seed:2886083696
running lns dd
destroy phase
prefix: 0 
suffix: 14 1 19 3 6 9 5 21 0 
prefix: 0 
suffix: 27 20 0 
prefix: 0 
suffix: 18 25 22 13 17 29 0 
prefix: 0 25 
suffix: 24 11 15 7 0 
prefix: 0 
suffix: 23 8 26 28 4 0 
2 10 16 12 30 
forward frontier
restricted destroy-repair dd compilation
restricted dd compilation - suffixes
running dd lns mip
num vars: 172
obj from lns: 844
[loc arcIndex] route: 2 0 -1 66 
[loc arcIndex] route: 10 9 -2 79 
[loc arcIndex] route: 16 12 -3 86 
[loc arcIndex] route: 25 19 12 41 -4 98 
[loc arcIndex] route: 30 25 -5 104 
DD random seed:2900255672
running lns dd
destroy phase
prefix: 0 2 14 1 19 3 6 
suffix: 5 21 0 
prefix: 0 
suffix: 27 20 0 
prefix: 0 16 18 25 22 13 
suffix: 29 0 
prefix: 0 25 12 24 11 
suffix: 7 0 
prefix: 0 30 
suffix: 8 26 28 4 0 
9 10 17 15 23 
forward frontier
restricted destroy-repair dd compilation
restricted dd compilation - suffixes
running dd lns mip
num vars: 218
obj from lns: 844
[loc arcIndex] route: 2 0 14 1 1 2 19 3 3 4 6 5 9 38 -1 89 
[loc arcIndex] route: 10 9 -2 92 
[loc arcIndex] route: 16 12 18 13 25 14 22 15 13 16 17 17 -3 127 
[loc arcIndex] route: 25 19 12 20 24 21 11 22 15 23 -4 150 
[loc arcIndex] route: 30 25 23 26 -5 160 
DD random seed:2912883200
running lns dd
destroy phase
prefix: 0 2 14 1 
suffix: 3 6 9 5 21 0 
prefix: 0 
suffix: 27 20 0 
prefix: 0 16 18 
suffix: 22 13 17 29 0 
prefix: 0 25 
suffix: 24 11 15 7 0 
prefix: 0 30 23 8 26 
suffix: 4 0 
19 10 25 12 28 
forward frontier
restricted destroy-repair dd compilation
restricted dd compilation - suffixes
running dd lns mip
num vars: 303
obj from lns: 843
[loc arcIndex] route: 2 0 14 1 1 2 -1 91 
[loc arcIndex] route: 10 9 -2 104 
[loc arcIndex] route: 16 12 18 13 25 14 -3 128 
[loc arcIndex] route: 25 19 12 20 19 45 -4 233 
[loc arcIndex] route: 30 25 23 26 8 27 26 28 28 29 -5 164 
improved ub from lns primal heuristic: 843
STATS - lpIterations[0] lagIterations[0] sspIterations[0] numSeparations[0] numCuts[0] compileTime[0] sspSolveTime[0] lpSolveTime[0] lb[0] ub[843] numArcs: [0] numFixed: [0] time: [3]
STATS1 - lpIterations[0] lagIterations[0] sspIterations[0] numSeparations[0] numCuts[0] compileTime[0] sspSolveTime[0] lpSolveTime[0] repairTime[0] cutsTime[0] alphaTime[0] decompTime[0] yellowTime[0] updateTime[0] fixTime[0] lb[0] ub[843] numArcs: [0] numFixed: [0] time: [3]
added route to primal routes: 0,2,14,1,3,6,9,5,21,0,
random seed: 2932743556
added maximal sequence to primal routes: 0,19,2,14,1,3,6,9,5,21,0,
added route to primal routes: 0,25,12,19,24,11,15,7,0,
random seed: 2951418172
added maximal sequence to primal routes: 0,2,21,25,12,19,24,11,15,7,0,
updated increasing parameter: 1
DD random seed:2981227664
running lns dd
destroy phase
prefix: 0 
suffix: 14 1 3 6 9 5 21 0 
prefix: 0 10 
suffix: 20 0 
prefix: 0 
suffix: 18 25 22 13 17 29 0 
prefix: 0 25 12 19 24 
suffix: 15 7 0 
prefix: 0 30 
suffix: 8 26 28 4 0 
2 27 16 11 23 
forward frontier
restricted destroy-repair dd compilation
restricted dd compilation - suffixes
running dd lns mip
num vars: 214
obj from lns: 843
[loc arcIndex] route: 2 0 -1 65 
[loc arcIndex] route: 10 8 27 9 -2 86 
[loc arcIndex] route: 16 11 -3 92 
[loc arcIndex] route: 25 18 12 19 19 20 24 21 11 22 -4 117 
[loc arcIndex] route: 30 25 23 45 -5 124 
DD random seed:2996792358
running lns dd
destroy phase
prefix: 0 2 14 1 
suffix: 6 9 5 21 0 
prefix: 0 10 
suffix: 20 0 
prefix: 0 16 
suffix: 25 22 13 17 29 0 
prefix: 0 
suffix: 12 19 24 11 15 7 0 
prefix: 0 30 23 8 
suffix: 28 4 0 
3 27 18 25 26 
forward frontier
restricted destroy-repair dd compilation
restricted dd compilation - suffixes
running dd lns mip
num vars: 260
obj from lns: 843
[loc arcIndex] route: 2 0 14 1 1 2 3 3 -1 117 
[loc arcIndex] route: 10 8 27 9 -2 129 
[loc arcIndex] route: 16 11 18 31 -3 140 
[loc arcIndex] route: 25 18 -4 153 
[loc arcIndex] route: 30 25 23 26 8 27 26 28 -5 180 
DD random seed:3015789971
running lns dd
destroy phase
prefix: 0 2 14 1 3 6 
suffix: 5 21 0 
prefix: 0 
suffix: 27 20 0 
prefix: 0 
suffix: 18 25 22 13 17 29 0 
prefix: 0 25 12 19 
suffix: 11 15 7 0 
prefix: 0 30 23 8 26 
suffix: 4 0 
9 10 16 24 28 
forward frontier
restricted destroy-repair dd compilation
restricted dd compilation - suffixes
running dd lns mip
num vars: 275
obj from lns: 843
[loc arcIndex] route: 2 0 14 1 1 2 3 3 6 4 9 5 -1 89 
[loc arcIndex] route: 10 8 -2 92 
[loc arcIndex] route: 16 11 -3 104 
[loc arcIndex] route: 25 18 12 19 19 20 24 21 -4 135 
[loc arcIndex] route: 30 25 23 26 8 27 26 28 28 29 -5 159 
DD random seed:3030902982
running lns dd
destroy phase
prefix: 0 2 14 1 3 6 9 
suffix: 21 0 
prefix: 0 
suffix: 27 20 0 
prefix: 0 16 18 
suffix: 22 13 17 29 0 
prefix: 0 25 
suffix: 19 24 11 15 7 0 
prefix: 0 30 23 
suffix: 26 28 4 0 
5 10 25 12 8 
forward frontier
restricted destroy-repair dd compilation
restricted dd compilation - suffixes
running dd lns mip
num vars: 233
obj from lns: 843
[loc arcIndex] route: 2 0 14 1 1 2 3 3 6 4 9 5 5 6 -1 90 
[loc arcIndex] route: 10 8 -2 92 
[loc arcIndex] route: 16 11 18 12 25 13 -3 115 
[loc arcIndex] route: 25 18 12 19 -4 130 
[loc arcIndex] route: 30 25 23 26 8 27 -5 155 
DD random seed:3046235779
running lns dd
destroy phase
prefix: 0 2 
suffix: 1 3 6 9 5 21 0 
prefix: 0 
suffix: 27 20 0 
prefix: 0 16 18 
suffix: 22 13 17 29 0 
prefix: 0 25 12 19 
suffix: 11 15 7 0 
prefix: 0 30 23 8 
suffix: 28 4 0 
14 10 25 24 26 
forward frontier
restricted destroy-repair dd compilation
restricted dd compilation - suffixes
running dd lns mip
num vars: 234
obj from lns: 843
[loc arcIndex] route: 2 0 14 1 -1 82 
[loc arcIndex] route: 10 8 -2 97 
[loc arcIndex] route: 16 11 18 12 25 13 -3 117 
[loc arcIndex] route: 25 18 12 19 19 20 24 21 -4 138 
[loc arcIndex] route: 30 25 23 26 8 27 26 28 -5 156 
DD random seed:3063918900
running lns dd
destroy phase
prefix: 0 2 14 1 3 6 
suffix: 5 21 0 
prefix: 0 10 
suffix: 20 0 
prefix: 0 
suffix: 18 25 22 13 17 29 0 
prefix: 0 25 12 
suffix: 24 11 15 7 0 
prefix: 0 30 
suffix: 8 26 28 4 0 
9 27 16 19 23 
forward frontier
restricted destroy-repair dd compilation
restricted dd compilation - suffixes
running dd lns mip
num vars: 326
obj from lns: 843
[loc arcIndex] route: 2 0 14 1 1 2 3 3 6 4 9 5 -1 128 
[loc arcIndex] route: 10 8 27 9 -2 136 
[loc arcIndex] route: 16 11 -3 144 
[loc arcIndex] route: 25 18 12 19 19 45 -4 169 
[loc arcIndex] route: 30 25 23 38 -5 183 
DD random seed:3086445088
running lns dd
destroy phase
prefix: 0 
suffix: 14 1 3 6 9 5 21 0 
prefix: 0 10 
suffix: 20 0 
prefix: 0 16 18 
suffix: 22 13 17 29 0 
prefix: 0 25 12 19 
suffix: 11 15 7 0 
prefix: 0 30 23 8 
suffix: 28 4 0 
2 27 25 24 26 
forward frontier
restricted destroy-repair dd compilation
restricted dd compilation - suffixes
running dd lns mip
num vars: 264
obj from lns: 843
[loc arcIndex] route: 2 0 -1 89 
[loc arcIndex] route: 10 8 27 31 -2 113 
[loc arcIndex] route: 16 11 18 12 25 13 -3 129 
[loc arcIndex] route: 25 18 12 19 19 20 24 32 -4 151 
[loc arcIndex] route: 30 25 23 26 8 27 26 28 -5 168 
DD random seed:3103978957
running lns dd
destroy phase
prefix: 0 
suffix: 14 1 3 6 9 5 21 0 
prefix: 0 
suffix: 27 20 0 
prefix: 0 
suffix: 18 25 22 13 17 29 0 
prefix: 0 25 12 
suffix: 24 11 15 7 0 
prefix: 0 
suffix: 23 8 26 28 4 0 
2 10 16 19 30 
forward frontier
restricted destroy-repair dd compilation
restricted dd compilation - suffixes
running dd lns mip
num vars: 173
obj from lns: 843
[loc arcIndex] route: 2 0 -1 68 
[loc arcIndex] route: 10 8 -2 81 
[loc arcIndex] route: 16 11 -3 88 
[loc arcIndex] route: 25 18 12 19 19 20 -4 103 
[loc arcIndex] route: 30 25 -5 109 
DD random seed:3118699970
running lns dd
destroy phase
prefix: 0 2 14 
suffix: 3 6 9 5 21 0 
prefix: 0 10 
suffix: 20 0 
prefix: 0 16 
suffix: 25 22 13 17 29 0 
prefix: 0 25 12 19 24 
suffix: 15 7 0 
prefix: 0 
suffix: 23 8 26 28 4 0 
1 27 18 11 30 
forward frontier
restricted destroy-repair dd compilation
restricted dd compilation - suffixes
running dd lns mip
num vars: 244
obj from lns: 843
[loc arcIndex] route: 2 0 14 1 11 38 1 42 -1 186 
[loc arcIndex] route: 10 8 27 9 -2 103 
[loc arcIndex] route: 16 11 18 12 -3 115 
[loc arcIndex] route: 25 18 12 19 19 20 24 21 11 22 -4 137 
[loc arcIndex] route: 30 25 -5 143 
DD random seed:3138296190
running lns dd
destroy phase
prefix: 0 2 14 1 3 6 9 
suffix: 21 0 
prefix: 0 10 
suffix: 20 0 
prefix: 0 
suffix: 18 25 22 13 17 29 0 
prefix: 0 25 12 19 24 
suffix: 15 7 0 
prefix: 0 30 23 8 26 
suffix: 4 0 
5 27 16 11 28 
forward frontier
restricted destroy-repair dd compilation
restricted dd compilation - suffixes
running dd lns mip
num vars: 307
obj from lns: 843
[loc arcIndex] route: 2 0 14 1 1 2 3 3 6 4 9 5 5 6 -1 106 
[loc arcIndex] route: 10 8 27 9 -2 113 
[loc arcIndex] route: 16 11 -3 121 
[loc arcIndex] route: 25 18 12 19 19 20 24 21 11 22 -4 158 
[loc arcIndex] route: 30 25 23 26 8 27 26 28 28 29 -5 181 
updated increasing parameter: 2
DD random seed:3155544790
running lns dd
destroy phase
prefix: 0 
suffix: 1 3 6 9 5 21 0 
prefix: 0 10 
suffix: 0 
prefix: 0 16 18 
suffix: 13 17 29 0 
prefix: 0 
suffix: 19 24 11 15 7 0 
prefix: 0 30 23 
suffix: 28 4 0 
2 14 27 20 25 22 25 12 8 26 
forward frontier
restricted destroy-repair dd compilation
restricted dd compilation - suffixes
running dd lns mip
num vars: 539
obj from lns: 843
[loc arcIndex] route: 2 0 14 1 1 2 3 3 6 4 9 5 5 6 21 7 -2 190 
[loc arcIndex] route: 10 8 27 9 20 10 -2 200 
[loc arcIndex] route: 16 11 18 12 25 13 22 14 -3 216 
[loc arcIndex] route: 25 18 12 19 19 20 24 21 11 22 15 23 7 24 -2 242 
[loc arcIndex] route: 30 25 23 26 8 99 26 28 28 29 4 30 -2 257 
DD random seed:3196569672
running lns dd
destroy phase
prefix: 0 2 14 1 3 6 9 
suffix: 0 
prefix: 0 10 
suffix: 0 
prefix: 0 16 18 25 22 
suffix: 29 0 
prefix: 0 25 12 19 24 
suffix: 7 0 
prefix: 0 30 
suffix: 26 28 4 0 
5 21 27 20 13 17 11 15 23 8 
forward frontier
restricted destroy-repair dd compilation
restricted dd compilation - suffixes
running dd lns mip
num vars: 829
obj from lns: 843
[loc arcIndex] route: 2 0 14 1 1 2 3 3 6 4 9 5 5 155 21 7 -1 244 
[loc arcIndex] route: 10 8 27 9 20 10 -1 256 
[loc arcIndex] route: 16 11 18 12 25 13 22 14 13 15 17 16 -3 286 
[loc arcIndex] route: 25 18 12 19 19 20 24 21 15 43 11 91 -4 542 
[loc arcIndex] route: 30 25 23 26 8 39 -5 334 
DD random seed:3236123906
running lns dd
destroy phase
prefix: 0 2 
suffix: 3 6 9 5 21 0 
prefix: 0 10 
suffix: 0 
prefix: 0 16 
suffix: 22 13 17 29 0 
prefix: 0 25 12 19 24 
suffix: 7 0 
prefix: 0 30 23 
suffix: 28 4 0 
14 1 27 20 18 25 11 15 8 26 
forward frontier
restricted destroy-repair dd compilation
restricted dd compilation - suffixes
running dd lns mip
num vars: 559
obj from lns: 843
[loc arcIndex] route: 2 0 14 1 1 2 3 3 6 4 9 5 5 6 21 7 -2 195 
[loc arcIndex] route: 10 8 27 9 20 10 -2 207 
[loc arcIndex] route: 16 11 18 40 25 13 -3 223 
[loc arcIndex] route: 25 18 12 19 19 20 24 21 11 22 15 72 7 24 -2 259 
[loc arcIndex] route: 30 25 23 26 8 27 26 80 28 29 4 30 -2 276 
DD random seed:3272404507
running lns dd
destroy phase
prefix: 0 2 14 1 
suffix: 9 5 21 0 
prefix: 0 10 
suffix: 0 
prefix: 0 
suffix: 25 22 13 17 29 0 
prefix: 0 25 
suffix: 24 11 15 7 0 
prefix: 0 
suffix: 8 26 28 4 0 
3 6 27 20 16 18 12 19 30 23 
forward frontier
restricted destroy-repair dd compilation
restricted dd compilation - suffixes
running dd lns mip
num vars: 900
obj from lns: 843
[loc arcIndex] route: 2 0 14 1 1 2 3 3 6 4 -1 294 
[loc arcIndex] route: 10 8 27 9 20 10 -2 310 
[loc arcIndex] route: 16 11 18 38 -3 320 
[loc arcIndex] route: 25 18 12 19 19 20 -4 341 
[loc arcIndex] route: 30 25 23 47 -5 356 
DD random seed:3335671507
running lns dd
destroy phase
prefix: 0 2 14 1 3 6 
suffix: 21 0 
prefix: 0 10 
suffix: 0 
prefix: 0 16 18 25 22 
suffix: 29 0 
prefix: 0 25 
suffix: 24 11 15 7 0 
prefix: 0 30 23 8 26 
suffix: 0 
9 5 27 20 13 17 12 19 28 4 
forward frontier
restricted destroy-repair dd compilation
restricted dd compilation - suffixes
running dd lns mip
num vars: 962
obj from lns: 843
[loc arcIndex] route: 2 0 14 1 1 2 3 3 6 4 9 5 5 6 -1 232 
[loc arcIndex] route: 10 8 27 9 20 59 -2 248 
[loc arcIndex] route: 16 11 18 12 25 13 22 14 13 136 17 146 -3 276 
[loc arcIndex] route: 25 18 12 19 19 20 -4 293 
[loc arcIndex] route: 30 25 23 26 8 27 26 28 28 29 4 30 -2 332 
DD random seed:3379883078
running lns dd
destroy phase
prefix: 0 2 14 1 3 6 
suffix: 21 0 
prefix: 0 
suffix: 20 0 
prefix: 0 16 18 25 22 
suffix: 29 0 
prefix: 0 25 12 19 24 11 
suffix: 0 
prefix: 0 30 23 8 
suffix: 4 0 
9 5 10 27 13 17 15 7 26 28 
forward frontier
restricted destroy-repair dd compilation
restricted dd compilation - suffixes
running dd lns mip
num vars: 639
obj from lns: 843
[loc arcIndex] route: 2 0 14 1 1 2 3 3 6 4 9 5 5 6 -1 180 
[loc arcIndex] route: 10 8 27 9 20 10 -4 195 
[loc arcIndex] route: 16 11 18 12 25 13 22 14 13 15 17 94 29 17 -4 226 
[loc arcIndex] route: 25 18 12 19 19 20 24 21 11 22 15 23 7 24 -4 258 
[loc arcIndex] route: 30 25 23 26 8 27 26 56 28 29 -5 283 
DD random seed:3434663992
running lns dd
destroy phase
prefix: 0 
suffix: 1 3 6 9 5 21 0 
prefix: 0 
suffix: 20 0 
prefix: 0 16 18 25 22 13 
suffix: 0 
prefix: 0 25 12 19 
suffix: 15 7 0 
prefix: 0 
suffix: 8 26 28 4 0 
2 14 10 27 17 29 24 11 30 23 
forward frontier
restricted destroy-repair dd compilation
restricted dd compilation - suffixes
running dd lns mip
num vars: 421
obj from lns: 843
[loc arcIndex] route: 2 0 14 1 1 2 3 3 6 4 9 5 5 6 21 7 -3 157 
[loc arcIndex] route: 10 8 27 9 20 10 -3 167 
[loc arcIndex] route: 16 11 18 12 25 13 22 14 13 15 17 16 29 134 -3 189 
[loc arcIndex] route: 25 18 12 19 19 20 24 21 11 22 15 23 7 24 -3 211 
[loc arcIndex] route: 30 25 23 26 8 27 26 28 28 29 4 30 -3 228 
DD random seed:3463264531
running lns dd
destroy phase
prefix: 0 2 14 
suffix: 6 9 5 21 0 
prefix: 0 
suffix: 20 0 
prefix: 0 16 
suffix: 22 13 17 29 0 
prefix: 0 25 
suffix: 24 11 15 7 0 
prefix: 0 
suffix: 8 26 28 4 0 
1 3 10 27 18 25 12 19 30 23 
forward frontier
restricted destroy-repair dd compilation
restricted dd compilation - suffixes
running dd lns mip
num vars: 1140
obj from lns: 840
[loc arcIndex] route: 2 0 14 1 19 48 1 80 3 261 -1 1038 
[loc arcIndex] route: 10 8 27 31 -2 383 
[loc arcIndex] route: 16 11 18 12 25 13 -3 403 
[loc arcIndex] route: 25 18 23 42 -4 494 
[loc arcIndex] route: 30 25 12 87 -5 661 
improved ub from lns primal heuristic: 840
STATS - lpIterations[0] lagIterations[0] sspIterations[0] numSeparations[0] numCuts[0] compileTime[0] sspSolveTime[0] lpSolveTime[0] lb[0] ub[840] numArcs: [0] numFixed: [0] time: [4]
STATS1 - lpIterations[0] lagIterations[0] sspIterations[0] numSeparations[0] numCuts[0] compileTime[0] sspSolveTime[0] lpSolveTime[0] repairTime[0] cutsTime[0] alphaTime[0] decompTime[0] yellowTime[0] updateTime[0] fixTime[0] lb[0] ub[840] numArcs: [0] numFixed: [0] time: [4]
added route to primal routes: 0,2,14,19,1,3,6,9,5,21,0,
random seed: 3546638192
added route to primal routes: 0,25,23,24,11,15,7,0,
random seed: 3562241914
added maximal sequence to primal routes: 0,10,25,23,24,11,15,7,0,
added route to primal routes: 0,30,12,8,26,28,4,0,
random seed: 3573791456
added maximal sequence to primal routes: 0,19,30,12,8,26,28,4,0,
updated increasing parameter: 1
DD random seed:3585992961
running lns dd
destroy phase
prefix: 0 2 14 19 1 3 6 9 
suffix: 21 0 
prefix: 0 
suffix: 27 20 0 
prefix: 0 16 18 25 
suffix: 13 17 29 0 
prefix: 0 25 23 24 11 
suffix: 7 0 
prefix: 0 30 12 
suffix: 26 28 4 0 
5 10 22 15 8 
forward frontier
restricted destroy-repair dd compilation
restricted dd compilation - suffixes
running dd lns mip
num vars: 362
obj from lns: 840
[loc arcIndex] route: 2 0 14 1 19 2 1 3 3 4 6 5 9 6 5 7 -1 138 
[loc arcIndex] route: 10 9 -2 140 
[loc arcIndex] route: 16 12 18 13 25 14 22 36 -3 169 
[loc arcIndex] route: 25 19 23 20 24 21 11 22 15 41 -4 197 
[loc arcIndex] route: 30 25 12 26 8 27 -5 213 
DD random seed:3607109394
running lns dd
destroy phase
prefix: 0 2 14 19 1 
suffix: 6 9 5 21 0 
prefix: 0 10 
suffix: 20 0 
prefix: 0 
suffix: 18 25 22 13 17 29 0 
prefix: 0 25 23 24 
suffix: 15 7 0 
prefix: 0 30 
suffix: 8 26 28 4 0 
3 27 16 11 12 
forward frontier
restricted destroy-repair dd compilation
restricted dd compilation - suffixes
running dd lns mip
num vars: 248
obj from lns: 840
[loc arcIndex] route: 2 0 14 1 19 2 1 3 3 37 -1 115 
[loc arcIndex] route: 10 9 27 10 -2 125 
[loc arcIndex] route: 16 12 -3 133 
[loc arcIndex] route: 25 19 23 20 24 21 11 38 -4 161 
[loc arcIndex] route: 30 25 12 26 -5 170 
DD random seed:3625749761
running lns dd
destroy phase
prefix: 0 2 14 19 1 3 
suffix: 9 5 21 0 
prefix: 0 10 
suffix: 20 0 
prefix: 0 16 18 25 22 
suffix: 17 29 0 
prefix: 0 25 23 24 
suffix: 15 7 0 
prefix: 0 
suffix: 12 8 26 28 4 0 
6 27 13 11 30 
forward frontier
restricted destroy-repair dd compilation
restricted dd compilation - suffixes
running dd lns mip
num vars: 359
obj from lns: 840
[loc arcIndex] route: 2 0 14 1 19 2 1 3 3 4 6 5 -1 148 
[loc arcIndex] route: 10 9 27 31 -2 158 
[loc arcIndex] route: 16 12 18 13 25 14 22 15 13 16 -3 182 
[loc arcIndex] route: 25 19 23 20 24 21 11 22 -4 200 
[loc arcIndex] route: 30 25 -5 207 
DD random seed:3649252677
running lns dd
destroy phase
prefix: 0 
suffix: 14 19 1 3 6 9 5 21 0 
prefix: 0 10 
suffix: 20 0 
prefix: 0 16 
suffix: 25 22 13 17 29 0 
prefix: 0 25 23 24 
suffix: 15 7 0 
prefix: 0 30 12 
suffix: 26 28 4 0 
2 27 18 11 8 
forward frontier
restricted destroy-repair dd compilation
restricted dd compilation - suffixes
running dd lns mip
num vars: 338
obj from lns: 840
[loc arcIndex] route: 2 0 -1 99 
[loc arcIndex] route: 10 9 27 10 -2 122 
[loc arcIndex] route: 16 12 18 13 -3 133 
[loc arcIndex] route: 25 19 23 20 24 21 11 22 -4 152 
[loc arcIndex] route: 30 25 12 26 8 27 -5 164 
DD random seed:3671524533
running lns dd
destroy phase
prefix: 0 2 14 19 1 
suffix: 6 9 5 21 0 
prefix: 0 10 
suffix: 20 0 
prefix: 0 16 18 25 
suffix: 13 17 29 0 
prefix: 0 25 23 24 
suffix: 15 7 0 
prefix: 0 30 12 
suffix: 26 28 4 0 
3 27 22 11 8 
forward frontier
restricted destroy-repair dd compilation
restricted dd compilation - suffixes
running dd lns mip
num vars: 303
obj from lns: 840
[loc arcIndex] route: 2 0 14 1 19 2 1 3 3 4 -1 122 
[loc arcIndex] route: 10 9 27 10 -2 133 
[loc arcIndex] route: 16 12 18 13 25 14 22 15 -3 158 
[loc arcIndex] route: 25 19 23 20 24 21 11 44 -4 179 
[loc arcIndex] route: 30 25 12 26 8 27 -5 196 
DD random seed:3693189406
running lns dd
destroy phase
prefix: 0 2 14 19 1 3 6 
suffix: 5 21 0 
prefix: 0 10 
suffix: 20 0 
prefix: 0 16 18 25 22 
suffix: 17 29 0 
prefix: 0 25 23 24 11 
suffix: 7 0 
prefix: 0 30 
suffix: 8 26 28 4 0 
9 27 13 15 12 
forward frontier
restricted destroy-repair dd compilation
restricted dd compilation - suffixes
running dd lns mip
num vars: 240
obj from lns: 840
[loc arcIndex] route: 2 0 14 1 19 2 1 3 3 4 6 5 9 45 -1 97 
[loc arcIndex] route: 10 9 27 31 -2 105 
[loc arcIndex] route: 16 12 18 13 25 14 22 15 13 41 -3 134 
[loc arcIndex] route: 25 19 23 20 24 21 11 22 15 23 -4 158 
[loc arcIndex] route: 30 25 12 33 -5 168 
DD random seed:3707335471
running lns dd
destroy phase
prefix: 0 2 14 19 
suffix: 3 6 9 5 21 0 
prefix: 0 10 
suffix: 20 0 
prefix: 0 16 
suffix: 25 22 13 17 29 0 
prefix: 0 25 
suffix: 24 11 15 7 0 
prefix: 0 30 12 8 26 
suffix: 4 0 
1 27 18 23 28 
forward frontier
restricted destroy-repair dd compilation
restricted dd compilation - suffixes
running dd lns mip
num vars: 252
obj from lns: 840
[loc arcIndex] route: 2 0 14 1 19 2 1 3 -1 88 
[loc arcIndex] route: 10 9 27 10 -2 103 
[loc arcIndex] route: 16 12 18 13 -3 117 
[loc arcIndex] route: 25 19 23 32 -4 134 
[loc arcIndex] route: 30 25 12 26 8 27 26 28 28 29 -5 157 
DD random seed:3724085801
running lns dd
destroy phase
prefix: 0 2 14 19 1 3 6 9 
suffix: 21 0 
prefix: 0 
suffix: 27 20 0 
prefix: 0 16 
suffix: 25 22 13 17 29 0 
prefix: 0 25 23 24 11 
suffix: 7 0 
prefix: 0 30 12 8 26 
suffix: 4 0 
5 10 18 15 28 
forward frontier
restricted destroy-repair dd compilation
restricted dd compilation - suffixes
running dd lns mip
num vars: 214
obj from lns: 840
[loc arcIndex] route: 2 0 14 1 19 2 1 3 3 4 6 5 9 6 5 50 -1 82 
[loc arcIndex] route: 10 9 -2 84 
[loc arcIndex] route: 16 12 18 31 -3 102 
[loc arcIndex] route: 25 19 23 20 24 21 11 22 15 23 -4 136 
[loc arcIndex] route: 30 25 12 26 8 27 26 28 28 45 -5 158 
DD random seed:3734914423
running lns dd
destroy phase
prefix: 0 2 14 19 1 
suffix: 6 9 5 21 0 
prefix: 0 10 
suffix: 20 0 
prefix: 0 
suffix: 18 25 22 13 17 29 0 
prefix: 0 25 23 
suffix: 11 15 7 0 
prefix: 0 30 12 
suffix: 26 28 4 0 
3 27 16 24 8 
forward frontier
restricted destroy-repair dd compilation
restricted dd compilation - suffixes
running dd lns mip
num vars: 248
obj from lns: 840
[loc arcIndex] route: 2 0 14 1 19 2 1 3 3 44 -1 105 
[loc arcIndex] route: 10 9 27 10 -2 115 
[loc arcIndex] route: 16 12 -3 123 
[loc arcIndex] route: 25 19 23 20 24 33 -4 148 
[loc arcIndex] route: 30 25 12 26 8 34 -5 165 
DD random seed:3752714738
running lns dd
destroy phase
prefix: 0 
suffix: 14 19 1 3 6 9 5 21 0 
prefix: 0 10 
suffix: 20 0 
prefix: 0 16 18 25 22 
suffix: 17 29 0 
prefix: 0 25 23 
suffix: 11 15 7 0 
prefix: 0 
suffix: 12 8 26 28 4 0 
2 27 13 24 30 
forward frontier
restricted destroy-repair dd compilation
restricted dd compilation - suffixes
running dd lns mip
num vars: 217
obj from lns: 840
[loc arcIndex] route: 2 0 -1 71 
[loc arcIndex] route: 10 9 27 10 -2 96 
[loc arcIndex] route: 16 12 18 13 25 14 22 15 13 16 -3 115 
[loc arcIndex] route: 25 19 23 20 24 21 -4 126 
[loc arcIndex] route: 30 25 -5 134 
updated increasing parameter: 2
DD random seed:3767668869
running lns dd
destroy phase
prefix: 0 2 
suffix: 1 3 6 9 5 21 0 
prefix: 0 
suffix: 20 0 
prefix: 0 16 18 
suffix: 13 17 29 0 
prefix: 0 
suffix: 24 11 15 7 0 
prefix: 0 30 12 8 26 
suffix: 0 
14 19 10 27 25 22 25 23 28 4 
forward frontier
restricted destroy-repair dd compilation
restricted dd compilation - suffixes
running dd lns mip
num vars: 322
obj from lns: 831
[loc arcIndex] route: 2 0 14 1 19 2 1 3 3 4 6 5 9 6 5 7 21 8 -5 119 
[loc arcIndex] route: 10 9 27 32 20 11 -4 130 
[loc arcIndex] route: 16 12 18 13 -5 140 
[loc arcIndex] route: 25 19 23 20 22 49 -3 247 
[loc arcIndex] route: 30 25 12 26 8 27 26 28 28 29 4 30 -5 186 
improved ub from lns primal heuristic: 831
STATS - lpIterations[0] lagIterations[0] sspIterations[0] numSeparations[0] numCuts[0] compileTime[0] sspSolveTime[0] lpSolveTime[0] lb[0] ub[831] numArcs: [0] numFixed: [0] time: [4]
STATS1 - lpIterations[0] lagIterations[0] sspIterations[0] numSeparations[0] numCuts[0] compileTime[0] sspSolveTime[0] lpSolveTime[0] repairTime[0] cutsTime[0] alphaTime[0] decompTime[0] yellowTime[0] updateTime[0] fixTime[0] lb[0] ub[831] numArcs: [0] numFixed: [0] time: [4]
added route to primal routes: 0,10,27,20,24,11,15,7,0,
random seed: 3787021931
added route to primal routes: 0,16,18,0,
random seed: 3797281050
added maximal sequence to primal routes: 0,11,21,19,27,20,30,3,16,18,0,
added route to primal routes: 0,25,23,22,13,17,29,0,
random seed: 3827123701
added maximal sequence to primal routes: 0,28,25,23,22,13,17,29,0,
updated increasing parameter: 1
DD random seed:3836735838
running lns dd
destroy phase
prefix: 0 2 
suffix: 19 1 3 6 9 5 21 0 
prefix: 0 10 27 
suffix: 24 11 15 7 0 
prefix: 0 
suffix: 18 0 
prefix: 0 25 
suffix: 22 13 17 29 0 
prefix: 0 30 
suffix: 8 26 28 4 0 
14 20 16 23 12 
forward frontier
restricted destroy-repair dd compilation
restricted dd compilation - suffixes
running dd lns mip
num vars: 224
obj from lns: 831
[loc arcIndex] route: 2 0 14 1 -1 93 
[loc arcIndex] route: 10 9 27 10 20 11 -2 115 
[loc arcIndex] route: 16 16 -3 123 
[loc arcIndex] route: 25 18 23 19 -4 136 
[loc arcIndex] route: 30 24 12 25 -5 148 
DD random seed:3854989103
running lns dd
destroy phase
prefix: 0 2 
suffix: 19 1 3 6 9 5 21 0 
prefix: 0 10 27 20 24 11 
suffix: 7 0 
prefix: 0 
suffix: 18 0 
prefix: 0 
suffix: 23 22 13 17 29 0 
prefix: 0 30 12 8 26 
suffix: 4 0 
14 15 16 25 28 
forward frontier
restricted destroy-repair dd compilation
restricted dd compilation - suffixes
running dd lns mip
num vars: 243
obj from lns: 831
[loc arcIndex] route: 2 0 14 30 -1 72 
[loc arcIndex] route: 10 9 27 10 20 11 24 12 11 13 15 55 -2 109 
[loc arcIndex] route: 16 16 -3 113 
[loc arcIndex] route: 25 18 -4 121 
[loc arcIndex] route: 30 24 12 25 8 26 26 27 28 58 -5 149 
DD random seed:3868523636
running lns dd
destroy phase
prefix: 0 2 14 
suffix: 1 3 6 9 5 21 0 
prefix: 0 10 27 
suffix: 24 11 15 7 0 
prefix: 0 
suffix: 18 0 
prefix: 0 25 23 
suffix: 13 17 29 0 
prefix: 0 30 12 8 
suffix: 28 4 0 
19 20 16 22 26 
forward frontier
restricted destroy-repair dd compilation
restricted dd compilation - suffixes
running dd lns mip
num vars: 397
obj from lns: 831
[loc arcIndex] route: 2 0 14 1 19 30 -1 147 
[loc arcIndex] route: 10 9 27 10 20 11 -2 170 
[loc arcIndex] route: 16 16 -3 183 
[loc arcIndex] route: 25 18 23 19 22 20 -4 199 
[loc arcIndex] route: 30 24 12 25 8 26 26 27 -5 217 
DD random seed:3896154793
running lns dd
destroy phase
prefix: 0 2 14 19 1 3 6 9 
suffix: 21 0 
prefix: 0 10 27 20 24 
suffix: 15 7 0 
prefix: 0 
suffix: 18 0 
prefix: 0 
suffix: 23 22 13 17 29 0 
prefix: 0 30 12 
suffix: 26 28 4 0 
5 11 16 25 8 
forward frontier
restricted destroy-repair dd compilation
restricted dd compilation - suffixes
running dd lns mip
num vars: 242
obj from lns: 831
[loc arcIndex] route: 2 0 14 1 19 2 1 3 3 4 6 5 9 6 5 64 -1 95 
[loc arcIndex] route: 10 9 27 10 20 11 24 12 11 47 -2 114 
[loc arcIndex] route: 16 16 -3 120 
[loc arcIndex] route: 25 18 -4 129 
[loc arcIndex] route: 30 24 12 25 8 30 -5 155 
DD random seed:3911645606
running lns dd
destroy phase
prefix: 0 2 14 19 1 3 6 9 
suffix: 21 0 
prefix: 0 10 27 20 24 
suffix: 15 7 0 
prefix: 0 
suffix: 18 0 
prefix: 0 25 23 
suffix: 13 17 29 0 
prefix: 0 30 12 8 26 
suffix: 4 0 
5 11 16 22 28 
forward frontier
restricted destroy-repair dd compilation
restricted dd compilation - suffixes
running dd lns mip
num vars: 324
obj from lns: 827
[loc arcIndex] route: 2 0 14 1 19 2 1 3 3 4 6 5 9 6 -5 109 
[loc arcIndex] route: 10 9 27 10 20 11 24 12 11 13 -2 132 
[loc arcIndex] route: 16 16 5 30 -3 194 
[loc arcIndex] route: 25 18 23 19 22 39 -4 161 
[loc arcIndex] route: 30 24 12 25 8 26 26 27 28 28 -1 188 
improved ub from lns primal heuristic: 827
STATS - lpIterations[0] lagIterations[0] sspIterations[0] numSeparations[0] numCuts[0] compileTime[0] sspSolveTime[0] lpSolveTime[0] lb[0] ub[827] numArcs: [0] numFixed: [0] time: [4]
STATS1 - lpIterations[0] lagIterations[0] sspIterations[0] numSeparations[0] numCuts[0] compileTime[0] sspSolveTime[0] lpSolveTime[0] repairTime[0] cutsTime[0] alphaTime[0] decompTime[0] yellowTime[0] updateTime[0] fixTime[0] lb[0] ub[827] numArcs: [0] numFixed: [0] time: [4]
added route to primal routes: 0,2,14,19,1,3,6,9,4,0,
random seed: 3928708436
added maximal sequence to primal routes: 0,21,2,14,19,1,3,6,9,4,0,
added route to primal routes: 0,16,5,18,0,
random seed: 3946415359
added maximal sequence to primal routes: 0,6,2,30,7,16,5,18,0,
added route to primal routes: 0,30,12,8,26,28,21,0,
random seed: 3958772987
added maximal sequence to primal routes: 0,19,3,2,30,12,8,26,28,21,0,
updated increasing parameter: 1
DD random seed:3978867145
running lns dd
destroy phase
prefix: 0 2 14 19 
suffix: 3 6 9 4 0 
prefix: 0 10 27 
suffix: 24 11 15 7 0 
prefix: 0 
suffix: 5 18 0 
prefix: 0 25 23 
suffix: 13 17 29 0 
prefix: 0 
suffix: 12 8 26 28 21 0 
1 20 16 22 30 
forward frontier
restricted destroy-repair dd compilation
restricted dd compilation - suffixes
running dd lns mip
num vars: 247
obj from lns: 827
[loc arcIndex] route: 2 0 14 1 19 2 1 3 -1 101 
[loc arcIndex] route: 10 8 27 9 20 39 -2 118 
[loc arcIndex] route: 16 15 -3 128 
[loc arcIndex] route: 25 18 23 19 22 20 -4 147 
[loc arcIndex] route: 30 24 -5 153 
DD random seed:3997348283
running lns dd
destroy phase
prefix: 0 2 14 19 1 3 
suffix: 9 4 0 
prefix: 0 10 27 20 24 
suffix: 15 7 0 
prefix: 0 
suffix: 5 18 0 
prefix: 0 
suffix: 23 22 13 17 29 0 
prefix: 0 30 
suffix: 8 26 28 21 0 
6 11 16 25 12 
forward frontier
restricted destroy-repair dd compilation
restricted dd compilation - suffixes
running dd lns mip
num vars: 264
obj from lns: 827
[loc arcIndex] route: 2 0 14 1 19 2 1 3 3 4 6 5 -1 118 
[loc arcIndex] route: 10 8 27 9 20 10 24 11 11 12 -2 138 
[loc arcIndex] route: 16 15 -4 144 
[loc arcIndex] route: 25 18 -3 154 
[loc arcIndex] route: 30 24 12 25 -5 174 
DD random seed:4014806894
running lns dd
destroy phase
prefix: 0 2 14 19 1 3 
suffix: 9 4 0 
prefix: 0 10 27 20 24 
suffix: 15 7 0 
prefix: 0 16 
suffix: 18 0 
prefix: 0 25 23 22 
suffix: 17 29 0 
prefix: 0 
suffix: 12 8 26 28 21 0 
6 11 5 13 30 
forward frontier
restricted destroy-repair dd compilation
restricted dd compilation - suffixes
running dd lns mip
num vars: 313
obj from lns: 827
[loc arcIndex] route: 2 0 14 1 19 2 1 3 3 4 6 5 -1 116 
[loc arcIndex] route: 10 8 27 9 20 10 24 11 11 12 -2 140 
[loc arcIndex] route: 16 15 5 30 -3 151 
[loc arcIndex] route: 25 18 23 19 22 20 13 21 -4 173 
[loc arcIndex] route: 30 24 -5 179 
DD random seed:4033142521
running lns dd
destroy phase
prefix: 0 2 14 19 
suffix: 3 6 9 4 0 
prefix: 0 10 27 20 24 11 
suffix: 7 0 
prefix: 0 
suffix: 5 18 0 
prefix: 0 25 23 22 
suffix: 17 29 0 
prefix: 0 30 12 8 
suffix: 28 21 0 
1 15 16 13 26 
forward frontier
restricted destroy-repair dd compilation
restricted dd compilation - suffixes
running dd lns mip
num vars: 258
obj from lns: 827
[loc arcIndex] route: 2 0 14 1 19 2 1 3 -1 90 
[loc arcIndex] route: 10 8 27 9 20 10 24 11 11 12 15 46 -2 127 
[loc arcIndex] route: 16 15 -3 131 
[loc arcIndex] route: 25 18 23 19 22 20 13 41 -4 157 
[loc arcIndex] route: 30 24 12 25 8 26 26 27 -5 179 
DD random seed:4048537664
running lns dd
destroy phase
prefix: 0 2 
suffix: 19 1 3 6 9 4 0 
prefix: 0 10 27 20 24 11 
suffix: 7 0 
prefix: 0 16 
suffix: 18 0 
prefix: 0 25 23 22 13 
suffix: 29 0 
prefix: 0 30 
suffix: 8 26 28 21 0 
14 15 5 17 12 
forward frontier
restricted destroy-repair dd compilation
restricted dd compilation - suffixes
running dd lns mip
num vars: 270
obj from lns: 827
[loc arcIndex] route: 2 0 14 1 -1 72 
[loc arcIndex] route: 10 8 27 9 20 10 24 11 11 12 15 56 -2 115 
[loc arcIndex] route: 16 15 5 35 -3 123 
[loc arcIndex] route: 25 18 23 19 22 20 13 21 17 22 -4 147 
[loc arcIndex] route: 30 24 12 25 -5 155 
DD random seed:4063861461
running lns dd
destroy phase
prefix: 0 2 14 19 1 3 
suffix: 9 4 0 
prefix: 0 10 
suffix: 20 24 11 15 7 0 
prefix: 0 
suffix: 5 18 0 
prefix: 0 25 
suffix: 22 13 17 29 0 
prefix: 0 30 12 8 26 
suffix: 21 0 
6 27 16 23 28 
forward frontier
restricted destroy-repair dd compilation
restricted dd compilation - suffixes
running dd lns mip
num vars: 281
obj from lns: 827
[loc arcIndex] route: 2 0 14 1 19 2 1 3 3 4 6 5 -1 103 
[loc arcIndex] route: 10 8 27 30 -2 114 
[loc arcIndex] route: 16 15 -3 131 
[loc arcIndex] route: 25 18 23 19 -4 146 
[loc arcIndex] route: 30 24 12 25 8 26 26 27 28 59 -5 171 
DD random seed:4081691271
running lns dd
destroy phase
prefix: 0 2 14 19 1 3 6 
suffix: 4 0 
prefix: 0 10 27 
suffix: 24 11 15 7 0 
prefix: 0 16 
suffix: 18 0 
prefix: 0 25 
suffix: 22 13 17 29 0 
prefix: 0 30 12 
suffix: 26 28 21 0 
9 20 5 23 8 
forward frontier
restricted destroy-repair dd compilation
restricted dd compilation - suffixes
running dd lns mip
num vars: 286
obj from lns: 822
[loc arcIndex] route: 2 0 14 1 19 2 1 3 3 4 6 5 9 6 -1 101 
[loc arcIndex] route: 10 8 27 9 20 10 -2 114 
[loc arcIndex] route: 16 15 5 30 -4 134 
[loc arcIndex] route: 25 18 -3 140 
[loc arcIndex] route: 30 24 12 25 8 26 23 47 -5 222 
improved ub from lns primal heuristic: 822
STATS - lpIterations[0] lagIterations[0] sspIterations[0] numSeparations[0] numCuts[0] compileTime[0] sspSolveTime[0] lpSolveTime[0] lb[0] ub[822] numArcs: [0] numFixed: [0] time: [4]
STATS1 - lpIterations[0] lagIterations[0] sspIterations[0] numSeparations[0] numCuts[0] compileTime[0] sspSolveTime[0] lpSolveTime[0] repairTime[0] cutsTime[0] alphaTime[0] decompTime[0] yellowTime[0] updateTime[0] fixTime[0] lb[0] ub[822] numArcs: [0] numFixed: [0] time: [4]
added route to primal routes: 0,16,5,22,13,17,29,0,
random seed: 4099914671
added maximal sequence to primal routes: 0,21,11,16,5,22,13,17,29,0,
added route to primal routes: 0,25,18,0,
random seed: 4122229932
added maximal sequence to primal routes: 0,10,14,23,22,7,25,18,0,
added route to primal routes: 0,30,12,8,23,26,28,21,0,
random seed: 4134010985
updated increasing parameter: 1
DD random seed:4142738042
running lns dd
destroy phase
prefix: 0 2 14 19 1 3 
suffix: 9 4 0 
prefix: 0 10 27 20 24 
suffix: 15 7 0 
prefix: 0 16 5 
suffix: 13 17 29 0 
prefix: 0 
suffix: 18 0 
prefix: 0 30 
suffix: 8 23 26 28 21 0 
6 11 22 25 12 
forward frontier
restricted destroy-repair dd compilation
restricted dd compilation - suffixes
running dd lns mip
num vars: 262
obj from lns: 822
[loc arcIndex] route: 2 0 14 1 19 2 1 3 3 4 6 5 -1 107 
[loc arcIndex] route: 10 8 27 9 20 10 24 11 11 12 -2 130 
[loc arcIndex] route: 16 15 5 16 22 17 -3 146 
[loc arcIndex] route: 25 21 -4 154 
[loc arcIndex] route: 30 23 12 31 -5 169 
DD random seed:4159983301
running lns dd
destroy phase
prefix: 0 2 14 19 1 3 
suffix: 9 4 0 
prefix: 0 10 27 20 24 11 
suffix: 7 0 
prefix: 0 16 5 
suffix: 13 17 29 0 
prefix: 0 
suffix: 18 0 
prefix: 0 30 12 8 
suffix: 26 28 21 0 
6 15 22 25 23 
forward frontier
restricted destroy-repair dd compilation
restricted dd compilation - suffixes
running dd lns mip
num vars: 377
obj from lns: 822
[loc arcIndex] route: 2 0 14 1 19 2 1 3 3 4 6 66 -1 133 
[loc arcIndex] route: 10 8 27 9 20 10 24 11 11 12 15 57 -2 163 
[loc arcIndex] route: 16 15 5 16 22 42 -3 177 
[loc arcIndex] route: 25 21 -4 188 
[loc arcIndex] route: 30 23 12 24 8 25 23 26 -5 212 
DD random seed:4182407065
running lns dd
destroy phase
prefix: 0 2 14 19 1 3 6 
suffix: 4 0 
prefix: 0 10 27 20 24 
suffix: 15 7 0 
prefix: 0 16 5 22 
suffix: 17 29 0 
prefix: 0 
suffix: 18 0 
prefix: 0 30 12 8 23 
suffix: 28 21 0 
9 11 13 25 26 
forward frontier
restricted destroy-repair dd compilation
restricted dd compilation - suffixes
running dd lns mip
num vars: 401
obj from lns: 822
[loc arcIndex] route: 2 0 14 1 19 2 1 3 3 4 6 5 9 6 -1 141 
[loc arcIndex] route: 10 8 27 9 20 10 24 11 11 12 -2 165 
[loc arcIndex] route: 16 15 5 16 22 17 13 18 -3 188 
[loc arcIndex] route: 25 21 -4 197 
[loc arcIndex] route: 30 23 12 24 8 25 23 26 26 27 -5 222 
DD random seed:4204694143
running lns dd
destroy phase
prefix: 0 2 14 19 1 3 
suffix: 9 4 0 
prefix: 0 10 27 20 
suffix: 11 15 7 0 
prefix: 0 16 5 22 
suffix: 17 29 0 
prefix: 0 
suffix: 18 0 
prefix: 0 30 
suffix: 8 23 26 28 21 0 
6 24 13 25 12 
forward frontier
restricted destroy-repair dd compilation
restricted dd compilation - suffixes
running dd lns mip
num vars: 407
obj from lns: 822
[loc arcIndex] route: 2 0 14 1 19 2 1 3 3 4 6 65 -1 156 
[loc arcIndex] route: 10 8 27 9 20 10 24 50 -2 176 
[loc arcIndex] route: 16 15 5 16 22 17 13 18 -3 198 
[loc arcIndex] route: 25 21 -4 204 
[loc arcIndex] route: 30 23 12 24 -5 219 
DD random seed:4231301975
running lns dd
destroy phase
prefix: 0 2 14 19 1 3 6 
suffix: 4 0 
prefix: 0 10 27 
suffix: 24 11 15 7 0 
prefix: 0 16 
suffix: 22 13 17 29 0 
prefix: 0 
suffix: 18 0 
prefix: 0 30 
suffix: 8 23 26 28 21 0 
9 20 5 25 12 
forward frontier
restricted destroy-repair dd compilation
restricted dd compilation - suffixes
running dd lns mip
num vars: 284
obj from lns: 820
[loc arcIndex] route: 2 0 14 1 19 2 1 3 3 4 6 5 9 70 -1 103 
[loc arcIndex] route: 10 8 27 9 20 41 -2 116 
[loc arcIndex] route: 16 15 -4 129 
[loc arcIndex] route: 25 21 5 30 -3 167 
[loc arcIndex] route: 30 23 12 24 -5 160 
improved ub from lns primal heuristic: 820
STATS - lpIterations[0] lagIterations[0] sspIterations[0] numSeparations[0] numCuts[0] compileTime[0] sspSolveTime[0] lpSolveTime[0] lb[0] ub[820] numArcs: [0] numFixed: [0] time: [4]
STATS1 - lpIterations[0] lagIterations[0] sspIterations[0] numSeparations[0] numCuts[0] compileTime[0] sspSolveTime[0] lpSolveTime[0] repairTime[0] cutsTime[0] alphaTime[0] decompTime[0] yellowTime[0] updateTime[0] fixTime[0] lb[0] ub[820] numArcs: [0] numFixed: [0] time: [4]
added route to primal routes: 0,25,5,22,13,17,29,0,
random seed: 4250642008
added maximal sequence to primal routes: 0,18,25,5,22,13,17,29,0,
updated increasing parameter: 1
DD random seed:4260704463
running lns dd
destroy phase
prefix: 0 2 14 19 1 
suffix: 6 9 4 0 
prefix: 0 10 27 20 24 11 
suffix: 7 0 
prefix: 0 
suffix: 18 0 
prefix: 0 25 5 22 13 
suffix: 29 0 
prefix: 0 30 
suffix: 8 23 26 28 21 0 
3 15 16 17 12 
forward frontier
restricted destroy-repair dd compilation
restricted dd compilation - suffixes
running dd lns mip
num vars: 329
obj from lns: 820
[loc arcIndex] route: 2 0 14 1 19 2 1 3 3 33 -1 134 
[loc arcIndex] route: 10 8 27 9 20 10 24 11 11 12 15 37 -2 166 
[loc arcIndex] route: 16 15 -3 171 
[loc arcIndex] route: 25 17 5 18 22 19 13 20 17 21 -4 198 
[loc arcIndex] route: 30 23 12 24 -5 209 
DD random seed:4283874206
running lns dd
destroy phase
prefix: 0 
suffix: 14 19 1 3 6 9 4 0 
prefix: 0 10 27 20 
suffix: 11 15 7 0 
prefix: 0 
suffix: 18 0 
prefix: 0 25 5 22 
suffix: 17 29 0 
prefix: 0 30 12 8 
suffix: 26 28 21 0 
2 24 16 13 23 
forward frontier
restricted destroy-repair dd compilation
restricted dd compilation - suffixes
running dd lns mip
num vars: 378
obj from lns: 820
[loc arcIndex] route: 2 0 -1 130 
[loc arcIndex] route: 10 8 27 9 20 10 24 11 -2 166 
[loc arcIndex] route: 16 15 -3 175 
[loc arcIndex] route: 25 17 5 18 22 19 13 20 -4 194 
[loc arcIndex] route: 30 23 12 24 8 25 23 26 -5 212 
DD random seed:11799235
running lns dd
destroy phase
prefix: 0 2 14 
suffix: 1 3 6 9 4 0 
prefix: 0 10 27 
suffix: 24 11 15 7 0 
prefix: 0 
suffix: 18 0 
prefix: 0 25 5 
suffix: 13 17 29 0 
prefix: 0 30 12 
suffix: 23 26 28 21 0 
19 20 16 22 8 
forward frontier
restricted destroy-repair dd compilation
restricted dd compilation - suffixes
running dd lns mip
num vars: 193
obj from lns: 820
[loc arcIndex] route: 2 0 14 1 19 2 -1 69 
[loc arcIndex] route: 10 8 27 9 20 10 -2 90 
[loc arcIndex] route: 16 15 -3 101 
[loc arcIndex] route: 25 17 5 18 22 19 -4 117 
[loc arcIndex] route: 30 23 12 24 8 25 -5 133 
DD random seed:27545366
running lns dd
destroy phase
prefix: 0 2 
suffix: 19 1 3 6 9 4 0 
prefix: 0 10 27 20 
suffix: 11 15 7 0 
prefix: 0 
suffix: 18 0 
prefix: 0 25 5 22 
suffix: 17 29 0 
prefix: 0 30 
suffix: 8 23 26 28 21 0 
14 24 16 13 12 
forward frontier
restricted destroy-repair dd compilation
restricted dd compilation - suffixes
running dd lns mip
num vars: 327
obj from lns: 820
[loc arcIndex] route: 2 0 14 1 -1 109 
[loc arcIndex] route: 10 8 27 9 20 10 24 11 -2 139 
[loc arcIndex] route: 16 15 -3 146 
[loc arcIndex] route: 25 17 5 18 22 19 13 20 -4 165 
[loc arcIndex] route: 30 23 12 24 -5 175 
DD random seed:49976456
running lns dd
destroy phase
prefix: 0 2 14 
suffix: 1 3 6 9 4 0 
prefix: 0 10 27 20 24 
suffix: 15 7 0 
prefix: 0 
suffix: 18 0 
prefix: 0 25 5 
suffix: 13 17 29 0 
prefix: 0 30 12 8 23 
suffix: 28 21 0 
19 11 16 22 26 
forward frontier
restricted destroy-repair dd compilation
restricted dd compilation - suffixes
running dd lns mip
num vars: 371
obj from lns: 820
[loc arcIndex] route: 2 0 14 1 19 2 -1 127 
[loc arcIndex] route: 10 8 27 9 20 10 24 11 11 12 -2 160 
[loc arcIndex] route: 16 15 -3 168 
[loc arcIndex] route: 25 17 5 18 22 19 -4 185 
[loc arcIndex] route: 30 23 12 24 8 25 23 26 26 27 -5 208 
DD random seed:74862985
running lns dd
destroy phase
prefix: 0 2 
suffix: 19 1 3 6 9 4 0 
prefix: 0 10 27 20 24 11 
suffix: 7 0 
prefix: 0 
suffix: 18 0 
prefix: 0 25 5 
suffix: 13 17 29 0 
prefix: 0 30 12 8 23 
suffix: 28 21 0 
14 15 16 22 26 
forward frontier
restricted destroy-repair dd compilation
restricted dd compilation - suffixes
running dd lns mip
num vars: 371
obj from lns: 820
[loc arcIndex] route: 2 0 14 1 -1 104 
[loc arcIndex] route: 10 8 27 9 20 10 24 11 11 12 15 71 -2 147 
[loc arcIndex] route: 16 15 -3 151 
[loc arcIndex] route: 25 17 5 18 22 38 -4 168 
[loc arcIndex] route: 30 23 12 24 8 25 23 26 26 27 -5 193 
DD random seed:96873606
running lns dd
destroy phase
prefix: 0 
suffix: 14 19 1 3 6 9 4 0 
prefix: 0 10 27 
suffix: 24 11 15 7 0 
prefix: 0 
suffix: 18 0 
prefix: 0 
suffix: 5 22 13 17 29 0 
prefix: 0 30 
suffix: 8 23 26 28 21 0 
2 20 16 25 12 
forward frontier
restricted destroy-repair dd compilation
restricted dd compilation - suffixes
running dd lns mip
num vars: 181
obj from lns: 820
[loc arcIndex] route: 2 0 -1 65 
[loc arcIndex] route: 10 8 27 9 20 10 -2 89 
[loc arcIndex] route: 16 15 -3 96 
[loc arcIndex] route: 25 17 -4 103 
[loc arcIndex] route: 30 23 12 24 -5 118 
DD random seed:112604368
running lns dd
destroy phase
prefix: 0 2 14 19 1 3 6 
suffix: 4 0 
prefix: 0 10 
suffix: 20 24 11 15 7 0 
prefix: 0 
suffix: 18 0 
prefix: 0 25 5 
suffix: 13 17 29 0 
prefix: 0 30 12 8 23 
suffix: 28 21 0 
9 27 16 22 26 
forward frontier
restricted destroy-repair dd compilation
restricted dd compilation - suffixes
running dd lns mip
num vars: 356
obj from lns: 820
[loc arcIndex] route: 2 0 14 1 19 2 1 3 3 4 6 5 9 81 -1 116 
[loc arcIndex] route: 10 8 27 9 -2 125 
[loc arcIndex] route: 16 15 -3 146 
[loc arcIndex] route: 25 17 5 18 22 19 -4 164 
[loc arcIndex] route: 30 23 12 24 8 25 23 26 26 27 -5 190 
DD random seed:132194143
running lns dd
destroy phase
prefix: 0 2 
suffix: 19 1 3 6 9 4 0 
prefix: 0 10 27 
suffix: 24 11 15 7 0 
prefix: 0 
suffix: 18 0 
prefix: 0 25 5 22 13 
suffix: 29 0 
prefix: 0 30 12 8 23 
suffix: 28 21 0 
14 20 16 17 26 
forward frontier
restricted destroy-repair dd compilation
restricted dd compilation - suffixes
running dd lns mip
num vars: 319
obj from lns: 820
[loc arcIndex] route: 2 0 14 1 -1 88 
[loc arcIndex] route: 10 8 27 9 20 10 -2 118 
[loc arcIndex] route: 16 15 -3 132 
[loc arcIndex] route: 25 17 5 18 22 19 13 20 17 21 -4 154 
[loc arcIndex] route: 30 23 12 24 8 25 23 26 26 27 -5 173 
DD random seed:150373803
running lns dd
destroy phase
prefix: 0 2 14 19 1 3 
suffix: 9 4 0 
prefix: 0 10 27 20 24 11 
suffix: 7 0 
prefix: 0 
suffix: 18 0 
prefix: 0 
suffix: 5 22 13 17 29 0 
prefix: 0 30 12 8 23 
suffix: 28 21 0 
6 15 16 25 26 
forward frontier
restricted destroy-repair dd compilation
restricted dd compilation - suffixes
running dd lns mip
num vars: 266
obj from lns: 820
[loc arcIndex] route: 2 0 14 1 19 2 1 3 3 4 6 5 -1 96 
[loc arcIndex] route: 10 8 27 9 20 10 24 11 11 12 15 42 -2 123 
[loc arcIndex] route: 16 15 -3 128 
[loc arcIndex] route: 25 17 -4 137 
[loc arcIndex] route: 30 23 12 24 8 25 23 26 26 27 -5 173 
updated increasing parameter: 2
DD random seed:164532084
running lns dd
destroy phase
prefix: 0 2 
suffix: 1 3 6 9 4 0 
prefix: 0 
suffix: 20 24 11 15 7 0 
prefix: 0 
suffix: 0 
prefix: 0 25 5 22 13 
suffix: 0 
prefix: 0 30 12 8 23 
suffix: 21 0 
14 19 10 27 16 18 17 29 26 28 
forward frontier
restricted destroy-repair dd compilation
restricted dd compilation - suffixes
running dd lns mip
num vars: 955
obj from lns: 807
[loc arcIndex] route: 2 0 14 1 19 2 1 3 3 4 6 5 9 6 4 7 -3 267 
[loc arcIndex] route: 10 8 27 9 -2 275 
[loc arcIndex] route: 16 15 18 16 -5 300 
[loc arcIndex] route: 25 17 5 18 22 19 13 20 17 136 29 22 -4 320 
[loc arcIndex] route: 30 23 12 24 8 25 23 26 28 142 26 161 -3 742 
improved ub from lns primal heuristic: 807
STATS - lpIterations[0] lagIterations[0] sspIterations[0] numSeparations[0] numCuts[0] compileTime[0] sspSolveTime[0] lpSolveTime[0] lb[0] ub[807] numArcs: [0] numFixed: [0] time: [5]
STATS1 - lpIterations[0] lagIterations[0] sspIterations[0] numSeparations[0] numCuts[0] compileTime[0] sspSolveTime[0] lpSolveTime[0] repairTime[0] cutsTime[0] alphaTime[0] decompTime[0] yellowTime[0] updateTime[0] fixTime[0] lb[0] ub[807] numArcs: [0] numFixed: [0] time: [5]
added route to primal routes: 0,16,18,21,0,
random seed: 212069850
added maximal sequence to primal routes: 0,11,2,19,3,23,22,16,18,21,0,
added route to primal routes: 0,30,12,8,23,28,26,0,
random seed: 233109648
added maximal sequence to primal routes: 0,21,30,12,8,23,28,26,0,
updated increasing parameter: 1
DD random seed:244591748
running lns dd
destroy phase
prefix: 0 2 
suffix: 19 1 3 6 9 4 0 
prefix: 0 10 
suffix: 20 24 11 15 7 0 
prefix: 0 16 
suffix: 21 0 
prefix: 0 25 
suffix: 22 13 17 29 0 
prefix: 0 30 12 8 
suffix: 28 26 0 
14 27 18 5 23 
forward frontier
restricted destroy-repair dd compilation
restricted dd compilation - suffixes
running dd lns mip
num vars: 194
obj from lns: 807
[loc arcIndex] route: 2 0 14 31 -1 61 
[loc arcIndex] route: 10 8 27 9 -2 83 
[loc arcIndex] route: 16 15 18 16 -3 99 
[loc arcIndex] route: 25 18 5 19 -4 111 
[loc arcIndex] route: 30 24 12 25 8 26 23 27 -5 129 
DD random seed:259145791
running lns dd
destroy phase
prefix: 0 2 14 19 1 3 
suffix: 9 4 0 
prefix: 0 
suffix: 27 20 24 11 15 7 0 
prefix: 0 
suffix: 18 21 0 
prefix: 0 
suffix: 5 22 13 17 29 0 
prefix: 0 30 12 8 
suffix: 28 26 0 
6 10 16 25 23 
forward frontier
restricted destroy-repair dd compilation
restricted dd compilation - suffixes
running dd lns mip
num vars: 295
obj from lns: 807
[loc arcIndex] route: 2 0 14 1 19 2 1 3 3 4 6 5 -1 127 
[loc arcIndex] route: 10 8 -2 132 
[loc arcIndex] route: 16 15 -3 150 
[loc arcIndex] route: 25 18 -4 160 
[loc arcIndex] route: 30 24 12 25 8 26 23 27 -5 184 
DD random seed:278973249
running lns dd
destroy phase
prefix: 0 2 14 19 1 
suffix: 6 9 4 0 
prefix: 0 10 27 
suffix: 24 11 15 7 0 
prefix: 0 
suffix: 18 21 0 
prefix: 0 25 
suffix: 22 13 17 29 0 
prefix: 0 30 
suffix: 8 23 28 26 0 
3 20 16 5 12 
forward frontier
restricted destroy-repair dd compilation
restricted dd compilation - suffixes
running dd lns mip
num vars: 307
obj from lns: 807
[loc arcIndex] route: 2 0 14 1 19 2 1 3 3 4 -1 115 
[loc arcIndex] route: 10 8 27 9 20 10 -2 130 
[loc arcIndex] route: 16 15 -3 141 
[loc arcIndex] route: 25 18 5 19 -4 160 
[loc arcIndex] route: 30 24 12 25 -5 176 
DD random seed:300466320
running lns dd
destroy phase
prefix: 0 2 14 19 1 
suffix: 6 9 4 0 
prefix: 0 10 27 20 
suffix: 11 15 7 0 
prefix: 0 
suffix: 18 21 0 
prefix: 0 25 
suffix: 22 13 17 29 0 
prefix: 0 30 
suffix: 8 23 28 26 0 
3 24 16 5 12 
forward frontier
restricted destroy-repair dd compilation
restricted dd compilation - suffixes
running dd lns mip
num vars: 186
obj from lns: 807
[loc arcIndex] route: 2 0 14 1 19 2 1 3 3 4 -1 74 
[loc arcIndex] route: 10 8 27 9 20 10 24 11 -2 94 
[loc arcIndex] route: 16 15 -3 101 
[loc arcIndex] route: 25 18 5 30 -4 120 
[loc arcIndex] route: 30 24 12 25 -5 137 
DD random seed:313274353
running lns dd
destroy phase
prefix: 0 
suffix: 14 19 1 3 6 9 4 0 
prefix: 0 10 27 
suffix: 24 11 15 7 0 
prefix: 0 16 
suffix: 21 0 
prefix: 0 
suffix: 5 22 13 17 29 0 
prefix: 0 30 12 8 23 
suffix: 26 0 
2 20 18 25 28 
forward frontier
restricted destroy-repair dd compilation
restricted dd compilation - suffixes
running dd lns mip
num vars: 201
obj from lns: 807
[loc arcIndex] route: 2 0 -1 54 
[loc arcIndex] route: 10 8 27 9 20 10 -2 82 
[loc arcIndex] route: 16 15 18 16 -3 96 
[loc arcIndex] route: 25 18 -4 102 
[loc arcIndex] route: 30 24 12 25 8 26 23 27 28 53 -5 126 
DD random seed:327549885
running lns dd
destroy phase
prefix: 0 2 14 19 1 3 
suffix: 9 4 0 
prefix: 0 10 27 20 24 11 
suffix: 7 0 
prefix: 0 
suffix: 18 21 0 
prefix: 0 
suffix: 5 22 13 17 29 0 
prefix: 0 30 12 8 
suffix: 28 26 0 
6 15 16 25 23 
forward frontier
restricted destroy-repair dd compilation
restricted dd compilation - suffixes
running dd lns mip
num vars: 275
obj from lns: 807
[loc arcIndex] route: 2 0 14 1 19 2 1 3 3 4 6 5 -1 106 
[loc arcIndex] route: 10 8 27 9 20 10 24 11 11 12 15 13 -2 132 
[loc arcIndex] route: 16 15 -3 136 
[loc arcIndex] route: 25 18 -4 148 
[loc arcIndex] route: 30 24 12 25 8 26 23 47 -5 180 
DD random seed:345167149
running lns dd
destroy phase
prefix: 0 
suffix: 14 19 1 3 6 9 4 0 
prefix: 0 10 27 20 24 
suffix: 15 7 0 
prefix: 0 
suffix: 18 21 0 
prefix: 0 25 
suffix: 22 13 17 29 0 
prefix: 0 30 12 8 23 
suffix: 26 0 
2 11 16 5 28 
forward frontier
restricted destroy-repair dd compilation
restricted dd compilation - suffixes
running dd lns mip
num vars: 190
obj from lns: 807
[loc arcIndex] route: 2 0 -1 56 
[loc arcIndex] route: 10 8 27 9 20 10 24 11 11 12 -2 92 
[loc arcIndex] route: 16 15 -3 98 
[loc arcIndex] route: 25 18 5 19 -4 113 
[loc arcIndex] route: 30 24 12 25 8 26 23 27 28 28 -5 136 
DD random seed:356688433
running lns dd
destroy phase
prefix: 0 2 14 
suffix: 1 3 6 9 4 0 
prefix: 0 
suffix: 27 20 24 11 15 7 0 
prefix: 0 
suffix: 18 21 0 
prefix: 0 
suffix: 5 22 13 17 29 0 
prefix: 0 30 
suffix: 8 23 28 26 0 
19 10 16 25 12 
forward frontier
restricted destroy-repair dd compilation
restricted dd compilation - suffixes
running dd lns mip
num vars: 165
obj from lns: 807
[loc arcIndex] route: 2 0 14 1 19 2 -1 66 
[loc arcIndex] route: 10 8 -2 75 
[loc arcIndex] route: 16 15 -3 87 
[loc arcIndex] route: 25 18 -4 95 
[loc arcIndex] route: 30 24 12 25 -5 107 
DD random seed:370768928
running lns dd
destroy phase
prefix: 0 2 14 
suffix: 1 3 6 9 4 0 
prefix: 0 10 27 20 24 
suffix: 15 7 0 
prefix: 0 16 
suffix: 21 0 
prefix: 0 
suffix: 5 22 13 17 29 0 
prefix: 0 
suffix: 12 8 23 28 26 0 
19 11 18 25 30 
forward frontier
restricted destroy-repair dd compilation
restricted dd compilation - suffixes
running dd lns mip
num vars: 230
obj from lns: 807
[loc arcIndex] route: 2 0 14 1 19 2 -1 86 
[loc arcIndex] route: 10 8 27 9 20 10 24 11 11 12 -2 108 
[loc arcIndex] route: 16 15 18 34 -3 117 
[loc arcIndex] route: 25 18 -4 122 
[loc arcIndex] route: 30 24 -5 135 
DD random seed:387538817
running lns dd
destroy phase
prefix: 0 2 14 
suffix: 1 3 6 9 4 0 
prefix: 0 10 
suffix: 20 24 11 15 7 0 
prefix: 0 
suffix: 18 21 0 
prefix: 0 
suffix: 5 22 13 17 29 0 
prefix: 0 30 12 8 
suffix: 28 26 0 
19 27 16 25 23 
forward frontier
restricted destroy-repair dd compilation
restricted dd compilation - suffixes
running dd lns mip
num vars: 265
obj from lns: 807
[loc arcIndex] route: 2 0 14 1 19 2 -1 95 
[loc arcIndex] route: 10 8 27 9 -2 112 
[loc arcIndex] route: 16 15 -3 124 
[loc arcIndex] route: 25 18 -4 132 
[loc arcIndex] route: 30 24 12 25 8 26 23 27 -5 152 
updated increasing parameter: 2
DD random seed:406829807
running lns dd
destroy phase
prefix: 0 2 14 19 
suffix: 6 9 4 0 
prefix: 0 10 27 20 24 11 
suffix: 0 
prefix: 0 
suffix: 21 0 
prefix: 0 
suffix: 22 13 17 29 0 
prefix: 0 30 12 
suffix: 28 26 0 
1 3 15 7 16 18 25 5 8 23 
forward frontier
restricted destroy-repair dd compilation
restricted dd compilation - suffixes
running dd lns mip
num vars: 349
obj from lns: 807
[loc arcIndex] route: 2 0 14 1 19 2 1 3 3 4 6 5 9 6 4 7 -2 112 
[loc arcIndex] route: 10 8 27 9 20 10 24 11 11 12 15 72 7 78 -2 139 
[loc arcIndex] route: 16 15 18 16 21 17 -2 151 
[loc arcIndex] route: 25 18 5 19 -4 162 
[loc arcIndex] route: 30 24 12 25 8 53 23 27 -5 192 
DD random seed:426411050
running lns dd
destroy phase
prefix: 0 
suffix: 19 1 3 6 9 4 0 
prefix: 0 10 
suffix: 24 11 15 7 0 
prefix: 0 16 
suffix: 0 
prefix: 0 
suffix: 22 13 17 29 0 
prefix: 0 30 
suffix: 23 28 26 0 
2 14 27 20 18 21 25 5 12 8 
forward frontier
restricted destroy-repair dd compilation
restricted dd compilation - suffixes
running dd lns mip
num vars: 1519
obj from lns: 807
[loc arcIndex] route: 2 0 14 1 19 2 1 3 3 4 6 5 9 6 4 7 -3 434 
[loc arcIndex] route: 10 8 27 9 20 154 -2 444 
[loc arcIndex] route: 16 15 18 80 21 17 -3 461 
[loc arcIndex] route: 25 18 5 41 22 20 13 21 17 22 29 23 -3 477 
[loc arcIndex] route: 30 24 12 25 8 26 -5 487 
DD random seed:529880259
running lns dd
destroy phase
prefix: 0 2 14 
suffix: 3 6 9 4 0 
prefix: 0 10 
suffix: 24 11 15 7 0 
prefix: 0 
suffix: 21 0 
prefix: 0 25 
suffix: 13 17 29 0 
prefix: 0 30 12 
suffix: 28 26 0 
19 1 27 20 16 18 5 22 8 23 
forward frontier
restricted destroy-repair dd compilation
restricted dd compilation - suffixes
running dd lns mip
num vars: 1292
obj from lns: 807
[loc arcIndex] route: 2 0 14 1 19 39 1 3 -1 432 
[loc arcIndex] route: 10 8 27 9 20 62 -2 454 
[loc arcIndex] route: 16 15 18 46 -3 472 
[loc arcIndex] route: 25 18 5 19 22 20 -4 491 
[loc arcIndex] route: 30 24 12 25 8 26 23 27 -5 512 
DD random seed:617998929
running lns dd
destroy phase
prefix: 0 2 
suffix: 1 3 6 9 4 0 
prefix: 0 10 27 20 
suffix: 15 7 0 
prefix: 0 16 
suffix: 0 
prefix: 0 
suffix: 22 13 17 29 0 
prefix: 0 
suffix: 8 23 28 26 0 
14 19 24 11 18 21 25 5 30 12 
forward frontier
restricted destroy-repair dd compilation
restricted dd compilation - suffixes
running dd lns mip
num vars: 725
obj from lns: 807
[loc arcIndex] route: 2 0 14 1 19 2 1 3 3 4 6 5 9 6 4 7 -3 216 
[loc arcIndex] route: 10 8 27 9 20 10 24 11 11 12 15 13 7 14 -3 235 
[loc arcIndex] route: 16 15 18 52 21 17 -3 246 
[loc arcIndex] route: 25 18 5 19 -4 256 
[loc arcIndex] route: 30 24 12 25 8 26 23 27 28 28 26 29 -3 276 
DD random seed:664216247
running lns dd
destroy phase
prefix: 0 2 14 19 
suffix: 6 9 4 0 
prefix: 0 
suffix: 20 24 11 15 7 0 
prefix: 0 
suffix: 21 0 
prefix: 0 
suffix: 22 13 17 29 0 
prefix: 0 30 12 8 
suffix: 26 0 
1 3 10 27 16 18 25 5 23 28 
forward frontier
restricted destroy-repair dd compilation
restricted dd compilation - suffixes
running dd lns mip
num vars: 548
obj from lns: 807
[loc arcIndex] route: 2 0 14 1 19 2 1 3 3 117 -1 165 
[loc arcIndex] route: 10 8 27 9 -2 178 
[loc arcIndex] route: 16 15 18 32 -3 200 
[loc arcIndex] route: 25 18 5 19 -4 214 
[loc arcIndex] route: 30 24 12 25 8 26 23 27 28 28 -5 240 
DD random seed:700590746
running lns dd
destroy phase
prefix: 0 2 14 19 1 
suffix: 9 4 0 
prefix: 0 
suffix: 20 24 11 15 7 0 
prefix: 0 
suffix: 21 0 
prefix: 0 25 5 
suffix: 17 29 0 
prefix: 0 30 12 8 23 
suffix: 0 
3 6 10 27 16 18 22 13 28 26 
forward frontier
restricted destroy-repair dd compilation
restricted dd compilation - suffixes
running dd lns mip
num vars: 858
obj from lns: 807
[loc arcIndex] route: 2 0 14 1 19 2 1 3 3 84 6 126 -1 236 
[loc arcIndex] route: 10 8 27 9 -2 250 
[loc arcIndex] route: 16 15 18 16 -3 275 
[loc arcIndex] route: 25 18 5 19 22 41 13 21 -4 297 
[loc arcIndex] route: 30 24 12 25 8 26 23 27 28 28 26 29 -5 323 
DD random seed:746571196
running lns dd
destroy phase
prefix: 0 2 14 
suffix: 3 6 9 4 0 
prefix: 0 10 27 20 24 
suffix: 7 0 
prefix: 0 
suffix: 21 0 
prefix: 0 25 5 22 13 
suffix: 0 
prefix: 0 30 12 8 23 
suffix: 0 
19 1 11 15 16 18 17 29 28 26 
forward frontier
restricted destroy-repair dd compilation
restricted dd compilation - suffixes
running dd lns mip
num vars: 868
obj from lns: 807
[loc arcIndex] route: 2 0 14 1 19 2 1 3 -1 224 
[loc arcIndex] route: 10 8 27 9 20 10 24 11 11 39 15 13 -2 266 
[loc arcIndex] route: 16 15 18 16 21 17 -4 284 
[loc arcIndex] route: 25 18 5 19 22 20 13 21 17 22 29 23 -4 310 
[loc arcIndex] route: 30 24 12 25 8 26 23 27 28 28 26 29 -5 337 
DD random seed:788001293
running lns dd
destroy phase
prefix: 0 2 14 19 1 
suffix: 9 4 0 
prefix: 0 10 27 
suffix: 11 15 7 0 
prefix: 0 16 
suffix: 0 
prefix: 0 25 5 22 13 
suffix: 0 
prefix: 0 30 12 8 23 
suffix: 0 
3 6 20 24 18 21 17 29 28 26 
forward frontier
restricted destroy-repair dd compilation
restricted dd compilation - suffixes
running dd lns mip
num vars: 1466
obj from lns: 807
[loc arcIndex] route: 2 0 14 1 19 2 1 3 3 4 6 5 9 6 4 7 -3 355 
[loc arcIndex] route: 10 8 27 9 20 40 24 74 11 12 15 13 7 14 -3 385 
[loc arcIndex] route: 16 15 18 30 21 17 -3 400 
[loc arcIndex] route: 25 18 5 19 22 20 13 21 17 22 29 23 -5 427 
[loc arcIndex] route: 30 24 12 25 8 26 23 27 28 28 26 265 -3 450 
DD random seed:846616412
running lns dd
destroy phase
prefix: 0 2 14 
suffix: 3 6 9 4 0 
prefix: 0 10 27 20 24 
suffix: 7 0 
prefix: 0 
suffix: 21 0 
prefix: 0 25 5 22 13 
suffix: 0 
prefix: 0 30 12 
suffix: 28 26 0 
19 1 11 15 16 18 17 29 8 23 
forward frontier
restricted destroy-repair dd compilation
restricted dd compilation - suffixes
running dd lns mip
num vars: 1348
obj from lns: 805
[loc arcIndex] route: 2 0 14 1 15 30 11 58 19 63 -1 629 
[loc arcIndex] route: 10 8 27 9 20 10 24 11 1 78 -2 674 
[loc arcIndex] route: 16 15 18 31 -3 440 
[loc arcIndex] route: 25 18 5 19 22 20 13 21 17 22 29 23 -4 470 
[loc arcIndex] route: 30 24 12 25 8 26 23 27 28 28 26 29 -4 494 
improved ub from lns primal heuristic: 805
STATS - lpIterations[0] lagIterations[0] sspIterations[0] numSeparations[0] numCuts[0] compileTime[0] sspSolveTime[0] lpSolveTime[0] lb[0] ub[805] numArcs: [0] numFixed: [0] time: [5]
STATS1 - lpIterations[0] lagIterations[0] sspIterations[0] numSeparations[0] numCuts[0] compileTime[0] sspSolveTime[0] lpSolveTime[0] repairTime[0] cutsTime[0] alphaTime[0] decompTime[0] yellowTime[0] updateTime[0] fixTime[0] lb[0] ub[805] numArcs: [0] numFixed: [0] time: [5]
added route to primal routes: 0,2,14,15,11,19,3,6,9,4,0,
random seed: 919277191
added route to primal routes: 0,10,27,20,24,1,7,0,
random seed: 936464682
added maximal sequence to primal routes: 0,2,10,27,20,24,1,7,0,
updated increasing parameter: 1
DD random seed:950829441
running lns dd
destroy phase
prefix: 0 2 14 15 11 19 3 6 
suffix: 4 0 
prefix: 0 
suffix: 27 20 24 1 7 0 
prefix: 0 
suffix: 18 21 0 
prefix: 0 25 
suffix: 22 13 17 29 0 
prefix: 0 30 
suffix: 8 23 28 26 0 
9 10 16 5 12 
forward frontier
restricted destroy-repair dd compilation
restricted dd compilation - suffixes
running dd lns mip
num vars: 283
obj from lns: 805
[loc arcIndex] route: 2 0 14 1 15 2 11 3 19 4 3 5 6 6 9 76 -1 105 
[loc arcIndex] route: 10 9 -2 108 
[loc arcIndex] route: 16 15 -3 125 
[loc arcIndex] route: 25 18 5 33 -4 141 
[loc arcIndex] route: 30 24 12 25 -5 156 
DD random seed:968241695
running lns dd
destroy phase
prefix: 0 2 14 
suffix: 11 19 3 6 9 4 0 
prefix: 0 10 27 
suffix: 24 1 7 0 
prefix: 0 
suffix: 18 21 0 
prefix: 0 25 5 22 
suffix: 17 29 0 
prefix: 0 30 12 
suffix: 23 28 26 0 
15 20 16 13 8 
forward frontier
restricted destroy-repair dd compilation
restricted dd compilation - suffixes
running dd lns mip
num vars: 254
obj from lns: 805
[loc arcIndex] route: 2 0 14 1 15 2 -1 76 
[loc arcIndex] route: 10 9 27 10 20 11 -2 103 
[loc arcIndex] route: 16 15 -3 112 
[loc arcIndex] route: 25 18 5 19 22 20 13 21 -4 137 
[loc arcIndex] route: 30 24 12 25 8 26 -5 151 
DD random seed:985660587
running lns dd
destroy phase
prefix: 0 2 14 15 
suffix: 19 3 6 9 4 0 
prefix: 0 10 
suffix: 20 24 1 7 0 
prefix: 0 
suffix: 18 21 0 
prefix: 0 25 5 22 13 
suffix: 29 0 
prefix: 0 30 12 8 23 
suffix: 26 0 
11 27 16 17 28 
forward frontier
restricted destroy-repair dd compilation
restricted dd compilation - suffixes
running dd lns mip
num vars: 268
obj from lns: 805
[loc arcIndex] route: 2 0 14 1 15 2 11 42 -1 95 
[loc arcIndex] route: 10 9 27 10 -2 116 
[loc arcIndex] route: 16 15 -3 132 
[loc arcIndex] route: 25 18 5 19 22 20 13 21 17 43 -4 158 
[loc arcIndex] route: 30 24 12 25 8 26 23 27 28 28 -5 177 
DD random seed:1004190825
running lns dd
destroy phase
prefix: 0 2 14 15 11 19 
suffix: 6 9 4 0 
prefix: 0 10 27 20 24 
suffix: 7 0 
prefix: 0 
suffix: 18 21 0 
prefix: 0 25 
suffix: 22 13 17 29 0 
prefix: 0 30 12 
suffix: 23 28 26 0 
3 1 16 5 8 
forward frontier
restricted destroy-repair dd compilation
restricted dd compilation - suffixes
running dd lns mip
num vars: 283
obj from lns: 805
[loc arcIndex] route: 2 0 14 1 15 2 11 3 19 4 3 5 -1 115 
[loc arcIndex] route: 10 9 27 10 20 11 24 12 1 47 -2 139 
[loc arcIndex] route: 16 15 -3 143 
[loc arcIndex] route: 25 18 5 19 -4 162 
[loc arcIndex] route: 30 24 12 25 8 26 -5 186 
DD random seed:1023468678
running lns dd
destroy phase
prefix: 0 2 14 15 11 
suffix: 3 6 9 4 0 
prefix: 0 
suffix: 27 20 24 1 7 0 
prefix: 0 16 
suffix: 21 0 
prefix: 0 25 5 22 13 
suffix: 29 0 
prefix: 0 30 12 
suffix: 23 28 26 0 
19 10 18 17 8 
forward frontier
restricted destroy-repair dd compilation
restricted dd compilation - suffixes
running dd lns mip
num vars: 364
obj from lns: 805
[loc arcIndex] route: 2 0 14 1 15 2 11 3 19 49 -1 126 
[loc arcIndex] route: 10 9 -2 137 
[loc arcIndex] route: 16 15 18 16 -3 159 
[loc arcIndex] route: 25 18 5 19 22 20 13 21 17 22 -4 181 
[loc arcIndex] route: 30 24 12 25 8 46 -5 194 
DD random seed:1047947784
running lns dd
destroy phase
prefix: 0 2 
suffix: 15 11 19 3 6 9 4 0 
prefix: 0 10 
suffix: 20 24 1 7 0 
prefix: 0 
suffix: 18 21 0 
prefix: 0 25 
suffix: 22 13 17 29 0 
prefix: 0 30 
suffix: 8 23 28 26 0 
14 27 16 5 12 
forward frontier
restricted destroy-repair dd compilation
restricted dd compilation - suffixes
running dd lns mip
num vars: 243
obj from lns: 805
[loc arcIndex] route: 2 0 14 1 -1 82 
[loc arcIndex] route: 10 9 27 10 -2 100 
[loc arcIndex] route: 16 15 -3 110 
[loc arcIndex] route: 25 18 5 19 -4 124 
[loc arcIndex] route: 30 24 12 54 -5 135 
DD random seed:1068083437
running lns dd
destroy phase
prefix: 0 2 14 15 11 
suffix: 3 6 9 4 0 
prefix: 0 10 
suffix: 20 24 1 7 0 
prefix: 0 16 
suffix: 21 0 
prefix: 0 25 
suffix: 22 13 17 29 0 
prefix: 0 30 12 8 
suffix: 28 26 0 
19 27 18 5 23 
forward frontier
restricted destroy-repair dd compilation
restricted dd compilation - suffixes
running dd lns mip
num vars: 315
obj from lns: 805
[loc arcIndex] route: 2 0 14 1 15 2 11 3 19 4 -1 103 
[loc arcIndex] route: 10 9 27 30 -2 117 
[loc arcIndex] route: 16 15 18 16 -3 135 
[loc arcIndex] route: 25 18 5 19 -4 149 
[loc arcIndex] route: 30 24 12 25 8 26 23 69 -5 171 
DD random seed:1089428438
running lns dd
destroy phase
prefix: 0 2 
suffix: 15 11 19 3 6 9 4 0 
prefix: 0 10 27 20 
suffix: 1 7 0 
prefix: 0 
suffix: 18 21 0 
prefix: 0 25 5 
suffix: 13 17 29 0 
prefix: 0 30 12 8 
suffix: 28 26 0 
14 24 16 22 23 
forward frontier
restricted destroy-repair dd compilation
restricted dd compilation - suffixes
running dd lns mip
num vars: 391
obj from lns: 805
[loc arcIndex] route: 2 0 14 1 -1 133 
[loc arcIndex] route: 10 9 27 10 20 11 24 12 -2 168 
[loc arcIndex] route: 16 15 -3 174 
[loc arcIndex] route: 25 18 5 19 22 47 -4 194 
[loc arcIndex] route: 30 24 12 25 8 26 23 27 -5 212 
DD random seed:1113233821
running lns dd
destroy phase
prefix: 0 2 
suffix: 15 11 19 3 6 9 4 0 
prefix: 0 10 27 20 
suffix: 1 7 0 
prefix: 0 
suffix: 18 21 0 
prefix: 0 25 5 
suffix: 13 17 29 0 
prefix: 0 30 12 8 
suffix: 28 26 0 
14 24 16 22 23 
forward frontier
restricted destroy-repair dd compilation
restricted dd compilation - suffixes
running dd lns mip
num vars: 373
obj from lns: 805
[loc arcIndex] route: 2 0 14 1 -1 111 
[loc arcIndex] route: 10 9 27 10 20 11 24 12 -2 146 
[loc arcIndex] route: 16 15 -3 152 
[loc arcIndex] route: 25 18 5 19 22 20 -4 172 
[loc arcIndex] route: 30 24 12 25 8 26 23 27 -5 190 
DD random seed:1134999765
running lns dd
destroy phase
prefix: 0 2 14 15 11 19 
suffix: 6 9 4 0 
prefix: 0 10 
suffix: 20 24 1 7 0 
prefix: 0 16 
suffix: 21 0 
prefix: 0 25 5 22 
suffix: 17 29 0 
prefix: 0 
suffix: 12 8 23 28 26 0 
3 27 18 13 30 
forward frontier
restricted destroy-repair dd compilation
restricted dd compilation - suffixes
running dd lns mip
num vars: 240
obj from lns: 805
[loc arcIndex] route: 2 0 14 1 15 2 11 3 19 4 3 5 -1 90 
[loc arcIndex] route: 10 9 27 10 -2 102 
[loc arcIndex] route: 16 15 18 16 -3 119 
[loc arcIndex] route: 25 18 5 19 22 20 13 21 -4 137 
[loc arcIndex] route: 30 24 -5 144 
updated increasing parameter: 2
DD random seed:1151515969
running lns dd
destroy phase
prefix: 0 
suffix: 15 11 19 3 6 9 4 0 
prefix: 0 10 27 20 24 
suffix: 0 
prefix: 0 
suffix: 21 0 
prefix: 0 25 5 22 13 
suffix: 0 
prefix: 0 30 
suffix: 23 28 26 0 
2 14 1 7 16 18 17 29 12 8 
forward frontier
restricted destroy-repair dd compilation
restricted dd compilation - suffixes
running dd lns mip
num vars: 669
obj from lns: 805
[loc arcIndex] route: 2 0 14 30 -1 160 
[loc arcIndex] route: 10 9 27 10 20 11 24 12 1 13 7 128 -2 207 
[loc arcIndex] route: 16 15 18 16 21 17 -4 219 
[loc arcIndex] route: 25 18 5 19 22 20 13 21 17 22 29 125 -2 240 
[loc arcIndex] route: 30 24 12 25 8 88 23 27 28 28 26 29 -2 261 
DD random seed:1184308306
running lns dd
destroy phase
prefix: 0 2 
suffix: 11 19 3 6 9 4 0 
prefix: 0 10 27 20 24 
suffix: 0 
prefix: 0 
suffix: 21 0 
prefix: 0 25 5 
suffix: 17 29 0 
prefix: 0 
suffix: 8 23 28 26 0 
14 15 1 7 16 18 22 13 30 12 
forward frontier
restricted destroy-repair dd compilation
restricted dd compilation - suffixes
running dd lns mip
num vars: 627
obj from lns: 805
[loc arcIndex] route: 2 0 14 30 15 2 -1 173 
[loc arcIndex] route: 10 9 27 10 20 11 24 12 1 13 7 14 -2 213 
[loc arcIndex] route: 16 15 18 40 -3 222 
[loc arcIndex] route: 25 18 5 19 22 20 13 21 17 22 29 23 -2 247 
[loc arcIndex] route: 30 24 12 25 8 26 23 27 28 28 26 29 -2 267 
DD random seed:1224404562
running lns dd
destroy phase
prefix: 0 2 14 15 
suffix: 3 6 9 4 0 
prefix: 0 10 27 20 24 
suffix: 0 
prefix: 0 16 
suffix: 0 
prefix: 0 25 5 
suffix: 17 29 0 
prefix: 0 
suffix: 8 23 28 26 0 
11 19 1 7 18 21 22 13 30 12 
forward frontier
restricted destroy-repair dd compilation
restricted dd compilation - suffixes
running dd lns mip
num vars: 1763
obj from lns: 805
[loc arcIndex] route: 2 0 14 1 15 2 11 3 19 4 3 5 6 6 9 7 4 8 -3 556 
[loc arcIndex] route: 10 9 27 10 20 11 24 12 1 13 7 14 -2 577 
[loc arcIndex] route: 16 15 18 16 21 17 -2 590 
[loc arcIndex] route: 25 18 5 19 22 20 13 21 -4 610 
[loc arcIndex] route: 30 24 12 25 8 26 23 27 28 28 26 29 -3 635 
DD random seed:1321820927
running lns dd
destroy phase
prefix: 0 2 14 15 11 19 3 
suffix: 4 0 
prefix: 0 10 27 20 24 
suffix: 0 
prefix: 0 
suffix: 21 0 
prefix: 0 25 5 
suffix: 17 29 0 
prefix: 0 
suffix: 8 23 28 26 0 
6 9 1 7 16 18 22 13 30 12 
forward frontier
restricted destroy-repair dd compilation
restricted dd compilation - suffixes
running dd lns mip
num vars: 735
obj from lns: 805
[loc arcIndex] route: 2 0 14 1 15 2 11 3 19 4 3 5 6 6 9 120 4 8 -2 224 
[loc arcIndex] route: 10 9 27 10 20 11 24 12 1 13 7 142 -2 247 
[loc arcIndex] route: 16 15 18 16 -3 256 
[loc arcIndex] route: 25 18 5 19 22 20 13 21 17 22 29 23 -2 284 
[loc arcIndex] route: 30 24 12 25 -5 295 
DD random seed:1360374009
running lns dd
destroy phase
prefix: 0 2 14 15 11 19 
suffix: 9 4 0 
prefix: 0 10 27 20 
suffix: 7 0 
prefix: 0 
suffix: 21 0 
prefix: 0 25 5 
suffix: 17 29 0 
prefix: 0 30 12 
suffix: 28 26 0 
3 6 24 1 16 18 22 13 8 23 
forward frontier
restricted destroy-repair dd compilation
restricted dd compilation - suffixes
running dd lns mip
num vars: 2051
obj from lns: 805
[loc arcIndex] route: 2 0 14 1 15 2 11 3 19 4 3 101 6 211 -1 710 
[loc arcIndex] route: 10 9 27 10 20 11 24 54 1 13 -2 736 
[loc arcIndex] route: 16 15 18 16 -3 746 
[loc arcIndex] route: 25 18 5 19 22 32 13 21 -4 771 
[loc arcIndex] route: 30 24 12 25 8 62 23 27 -5 795 
DD random seed:1505237830
running lns dd
destroy phase
prefix: 0 2 14 15 11 19 3 
suffix: 4 0 
prefix: 0 10 27 
suffix: 1 7 0 
prefix: 0 16 
suffix: 0 
prefix: 0 25 5 22 
suffix: 29 0 
prefix: 0 30 12 8 
suffix: 26 0 
6 9 20 24 18 21 13 17 23 28 
forward frontier
restricted destroy-repair dd compilation
restricted dd compilation - suffixes
running dd lns mip
num vars: 3106
obj from lns: 805
[loc arcIndex] route: 2 0 14 1 15 2 11 3 19 4 3 5 6 343 9 7 4 8 -3 825 
[loc arcIndex] route: 10 9 27 10 20 11 24 102 1 13 7 14 -3 850 
[loc arcIndex] route: 16 15 18 16 21 17 -3 863 
[loc arcIndex] route: 25 18 5 19 22 20 13 21 17 344 -4 887 
[loc arcIndex] route: 30 24 12 25 8 26 23 180 28 28 26 29 -3 913 
DD random seed:1639756404
running lns dd
destroy phase
prefix: 0 2 14 
suffix: 19 3 6 9 4 0 
prefix: 0 10 27 
suffix: 1 7 0 
prefix: 0 
suffix: 21 0 
prefix: 0 25 5 
suffix: 17 29 0 
prefix: 0 30 12 8 23 
suffix: 0 
15 11 20 24 16 18 22 13 28 26 
forward frontier
restricted destroy-repair dd compilation
restricted dd compilation - suffixes
running dd lns mip
num vars: 700
obj from lns: 805
[loc arcIndex] route: 2 0 14 1 15 2 11 39 -1 204 
[loc arcIndex] route: 10 9 27 10 20 31 24 12 -2 237 
[loc arcIndex] route: 16 15 18 16 21 17 -5 258 
[loc arcIndex] route: 25 18 5 19 22 20 13 21 17 22 29 23 -5 279 
[loc arcIndex] route: 30 24 12 25 8 26 23 27 28 28 26 29 -5 300 
DD random seed:1682016556
running lns dd
destroy phase
prefix: 0 2 14 15 
suffix: 3 6 9 4 0 
prefix: 0 
suffix: 20 24 1 7 0 
prefix: 0 16 
suffix: 0 
prefix: 0 
suffix: 22 13 17 29 0 
prefix: 0 
suffix: 8 23 28 26 0 
11 19 10 27 18 21 25 5 30 12 
forward frontier
restricted destroy-repair dd compilation
restricted dd compilation - suffixes
running dd lns mip
num vars: 575
obj from lns: 805
[loc arcIndex] route: 2 0 14 1 15 2 11 3 19 4 3 5 6 6 9 7 4 8 -3 209 
[loc arcIndex] route: 10 9 27 10 20 11 24 12 1 13 7 14 -3 226 
[loc arcIndex] route: 16 15 18 30 21 17 -3 237 
[loc arcIndex] route: 25 18 5 19 22 20 13 21 17 22 29 23 -3 254 
[loc arcIndex] route: 30 24 12 25 8 26 23 27 28 28 26 29 -3 268 
DD random seed:1726507672
running lns dd
destroy phase
prefix: 0 2 14 15 11 19 3 6 
suffix: 0 
prefix: 0 10 
suffix: 24 1 7 0 
prefix: 0 16 
suffix: 0 
prefix: 0 25 5 22 
suffix: 29 0 
prefix: 0 30 12 8 
suffix: 26 0 
9 4 27 20 18 21 13 17 23 28 
forward frontier
restricted destroy-repair dd compilation
restricted dd compilation - suffixes
running dd lns mip
num vars: 520
obj from lns: 805
[loc arcIndex] route: 2 0 14 1 15 2 11 3 19 4 3 5 6 6 9 70 4 8 -1 162 
[loc arcIndex] route: 10 9 27 10 20 32 24 12 1 13 7 14 -1 187 
[loc arcIndex] route: 16 15 18 30 21 34 -1 199 
[loc arcIndex] route: 25 18 5 19 22 20 13 21 17 22 29 23 -1 226 
[loc arcIndex] route: 30 24 12 25 8 26 23 27 28 28 26 29 -1 250 
DD random seed:1751094819
running lns dd
destroy phase
prefix: 0 2 14 15 11 19 3 
suffix: 4 0 
prefix: 0 
suffix: 20 24 1 7 0 
prefix: 0 
suffix: 21 0 
prefix: 0 25 5 
suffix: 17 29 0 
prefix: 0 30 
suffix: 23 28 26 0 
6 9 10 27 16 18 22 13 12 8 
forward frontier
restricted destroy-repair dd compilation
restricted dd compilation - suffixes
running dd lns mip
num vars: 797
obj from lns: 805
[loc arcIndex] route: 2 0 14 1 15 2 11 3 19 4 3 5 6 6 9 7 -1 238 
[loc arcIndex] route: 10 9 27 10 -2 246 
[loc arcIndex] route: 16 15 18 16 -3 266 
[loc arcIndex] route: 25 18 5 19 22 45 13 97 -4 288 
[loc arcIndex] route: 30 24 12 25 8 75 -5 304 
updated increasing parameter: 3
DD random seed:1800001752
running lns dd
destroy phase
prefix: 0 2 14 15 
suffix: 6 9 4 0 
prefix: 0 10 27 
suffix: 7 0 
prefix: 0 
suffix: 0 
prefix: 0 
suffix: 13 17 29 0 
prefix: 0 30 
suffix: 28 26 0 
11 19 3 20 24 1 16 18 21 25 5 22 12 8 23 
forward frontier
restricted destroy-repair dd compilation
restricted dd compilation - suffixes
running dd lns mip
num vars: 1483
obj from lns: 805
[loc arcIndex] route: 2 0 14 1 15 2 11 3 19 4 3 5 6 6 9 7 4 8 -3 516 
[loc arcIndex] route: 10 9 27 10 20 11 24 12 1 113 -2 537 
[loc arcIndex] route: 16 15 18 16 21 17 -3 552 
[loc arcIndex] route: 25 18 5 19 22 20 -4 568 
[loc arcIndex] route: 30 24 12 25 8 49 23 27 -5 594 
DD random seed:1892416430
running lns dd
destroy phase
prefix: 0 2 14 15 11 19 3 
suffix: 0 
prefix: 0 
suffix: 24 1 7 0 
prefix: 0 
suffix: 0 
prefix: 0 25 
suffix: 17 29 0 
prefix: 0 
suffix: 23 28 26 0 
6 9 4 10 27 20 16 18 21 5 22 13 30 12 8 
forward frontier
restricted destroy-repair dd compilation
restricted dd compilation - suffixes
running dd lns mip
num vars: 1442
obj from lns: 805
[loc arcIndex] route: 2 0 14 1 15 2 11 3 19 4 3 5 6 6 9 7 4 8 -3 415 
[loc arcIndex] route: 10 9 27 10 20 11 -2 427 
[loc arcIndex] route: 16 15 18 16 21 52 -1 448 
[loc arcIndex] route: 25 18 5 19 22 20 13 21 -4 469 
[loc arcIndex] route: 30 24 12 25 8 26 -5 487 
DD random seed:1963168699
running lns dd
destroy phase
prefix: 0 2 14 
suffix: 3 6 9 4 0 
prefix: 0 10 27 
suffix: 7 0 
prefix: 0 
suffix: 0 
prefix: 0 25 5 22 
suffix: 0 
prefix: 0 30 12 8 
suffix: 0 
15 11 19 20 24 1 16 18 21 13 17 29 23 28 26 
forward frontier
restricted destroy-repair dd compilation
restricted dd compilation - suffixes
running dd lns mip
num vars: 2693
obj from lns: 799
[loc arcIndex] route: 2 0 14 1 15 2 11 3 19 4 1 74 24 337 -5 1856 
[loc arcIndex] route: 10 9 27 10 20 11 26 41 28 154 23 298 29 585 -3 2555 
[loc arcIndex] route: 16 15 18 16 21 31 -5 711 
[loc arcIndex] route: 25 18 5 19 22 20 13 21 17 168 -2 731 
[loc arcIndex] route: 30 24 12 25 8 26 -1 748 
improved ub from lns primal heuristic: 799
STATS - lpIterations[0] lagIterations[0] sspIterations[0] numSeparations[0] numCuts[0] compileTime[0] sspSolveTime[0] lpSolveTime[0] lb[0] ub[799] numArcs: [0] numFixed: [0] time: [6]
STATS1 - lpIterations[0] lagIterations[0] sspIterations[0] numSeparations[0] numCuts[0] compileTime[0] sspSolveTime[0] lpSolveTime[0] repairTime[0] cutsTime[0] alphaTime[0] decompTime[0] yellowTime[0] updateTime[0] fixTime[0] lb[0] ub[799] numArcs: [0] numFixed: [0] time: [6]
added route to primal routes: 0,2,14,15,11,19,1,24,0,
random seed: 2069427748
added maximal sequence to primal routes: 0,21,29,2,14,15,11,19,1,24,0,
added route to primal routes: 0,10,27,20,26,28,23,29,0,
random seed: 2099573922
added route to primal routes: 0,25,5,22,13,17,7,0,
random seed: 2109550210
added maximal sequence to primal routes: 0,11,21,25,5,22,13,17,7,0,
added route to primal routes: 0,30,12,8,3,6,9,4,0,
random seed: 2127412902
updated increasing parameter: 1
DD random seed:2137412091
running lns dd
destroy phase
prefix: 0 2 14 
suffix: 11 19 1 24 0 
prefix: 0 
suffix: 27 20 26 28 23 29 0 
prefix: 0 
suffix: 18 21 0 
prefix: 0 25 
suffix: 22 13 17 7 0 
prefix: 0 30 12 8 
suffix: 6 9 4 0 
15 10 16 5 3 
forward frontier
restricted destroy-repair dd compilation
restricted dd compilation - suffixes
running dd lns mip
num vars: 216
obj from lns: 799
[loc arcIndex] route: 2 0 14 1 15 2 -1 79 
[loc arcIndex] route: 10 7 -2 88 
[loc arcIndex] route: 16 14 -3 103 
[loc arcIndex] route: 25 17 5 30 -4 117 
[loc arcIndex] route: 30 23 12 24 8 25 3 55 -5 136 
DD random seed:2153307469
running lns dd
destroy phase
prefix: 0 
suffix: 14 15 11 19 1 24 0 
prefix: 0 10 27 20 26 
suffix: 23 29 0 
prefix: 0 
suffix: 18 21 0 
prefix: 0 25 5 22 13 
suffix: 7 0 
prefix: 0 
suffix: 12 8 3 6 9 4 0 
2 28 16 17 30 
forward frontier
restricted destroy-repair dd compilation
restricted dd compilation - suffixes
running dd lns mip
num vars: 189
obj from lns: 799
[loc arcIndex] route: 2 0 -1 60 
[loc arcIndex] route: 10 7 27 8 20 9 26 10 28 11 -2 94 
[loc arcIndex] route: 16 14 -3 99 
[loc arcIndex] route: 25 17 5 18 22 19 13 20 17 21 -4 121 
[loc arcIndex] route: 30 23 -5 125 
DD random seed:2165792296
running lns dd
destroy phase
prefix: 0 
suffix: 14 15 11 19 1 24 0 
prefix: 0 10 27 20 26 
suffix: 23 29 0 
prefix: 0 16 
suffix: 21 0 
prefix: 0 25 5 22 13 
suffix: 7 0 
prefix: 0 30 12 8 3 
suffix: 9 4 0 
2 28 18 17 6 
forward frontier
restricted destroy-repair dd compilation
restricted dd compilation - suffixes
running dd lns mip
num vars: 330
obj from lns: 799
[loc arcIndex] route: 2 0 -1 86 
[loc arcIndex] route: 10 7 27 8 20 9 26 10 28 11 -2 127 
[loc arcIndex] route: 16 14 18 15 -3 138 
[loc arcIndex] route: 25 17 5 18 22 19 13 20 17 60 -4 162 
[loc arcIndex] route: 30 23 12 24 8 25 3 26 6 27 -5 183 
DD random seed:2185540171
running lns dd
destroy phase
prefix: 0 2 14 15 
suffix: 19 1 24 0 
prefix: 0 10 
suffix: 20 26 28 23 29 0 
prefix: 0 16 
suffix: 21 0 
prefix: 0 25 5 22 
suffix: 17 7 0 
prefix: 0 30 12 8 
suffix: 6 9 4 0 
11 27 18 13 3 
forward frontier
restricted destroy-repair dd compilation
restricted dd compilation - suffixes
running dd lns mip
num vars: 318
obj from lns: 799
[loc arcIndex] route: 2 0 14 1 15 2 11 3 -1 110 
[loc arcIndex] route: 10 7 27 8 -2 125 
[loc arcIndex] route: 16 14 18 15 -3 144 
[loc arcIndex] route: 25 17 5 18 22 19 13 20 -4 164 
[loc arcIndex] route: 30 23 12 24 8 25 3 26 -5 183 
DD random seed:2206605674
running lns dd
destroy phase
prefix: 0 2 14 
suffix: 11 19 1 24 0 
prefix: 0 10 27 20 
suffix: 28 23 29 0 
prefix: 0 
suffix: 18 21 0 
prefix: 0 
suffix: 5 22 13 17 7 0 
prefix: 0 30 12 8 3 
suffix: 9 4 0 
15 26 16 25 6 
forward frontier
restricted destroy-repair dd compilation
restricted dd compilation - suffixes
running dd lns mip
num vars: 338
obj from lns: 799
[loc arcIndex] route: 2 0 14 1 15 2 -1 117 
[loc arcIndex] route: 10 7 27 8 20 9 26 10 -2 141 
[loc arcIndex] route: 16 14 -3 148 
[loc arcIndex] route: 25 17 -4 159 
[loc arcIndex] route: 30 23 12 24 8 25 3 26 6 27 -5 187 
DD random seed:2230616301
running lns dd
destroy phase
prefix: 0 2 14 15 
suffix: 19 1 24 0 
prefix: 0 10 27 20 26 28 
suffix: 29 0 
prefix: 0 
suffix: 18 21 0 
prefix: 0 
suffix: 5 22 13 17 7 0 
prefix: 0 30 12 8 3 6 
suffix: 4 0 
11 23 16 25 9 
forward frontier
restricted destroy-repair dd compilation
restricted dd compilation - suffixes
running dd lns mip
num vars: 350
obj from lns: 799
[loc arcIndex] route: 2 0 14 1 15 2 11 3 -1 120 
[loc arcIndex] route: 10 7 27 8 20 9 26 10 28 11 23 70 -2 150 
[loc arcIndex] route: 16 14 -3 153 
[loc arcIndex] route: 25 17 -4 164 
[loc arcIndex] route: 30 23 12 24 8 25 3 26 6 27 9 75 -5 200 
DD random seed:2251913327
running lns dd
destroy phase
prefix: 0 2 14 
suffix: 11 19 1 24 0 
prefix: 0 10 27 
suffix: 26 28 23 29 0 
prefix: 0 
suffix: 18 21 0 
prefix: 0 25 5 
suffix: 13 17 7 0 
prefix: 0 30 12 
suffix: 3 6 9 4 0 
15 20 16 22 8 
forward frontier
restricted destroy-repair dd compilation
restricted dd compilation - suffixes
running dd lns mip
num vars: 167
obj from lns: 797
[loc arcIndex] route: 2 0 14 1 15 2 -1 62 
[loc arcIndex] route: 10 7 27 8 20 9 -2 84 
[loc arcIndex] route: 16 14 -3 92 
[loc arcIndex] route: 25 17 5 18 22 19 -5 116 
[loc arcIndex] route: 30 23 12 24 8 34 -4 131 
improved ub from lns primal heuristic: 797
STATS - lpIterations[0] lagIterations[0] sspIterations[0] numSeparations[0] numCuts[0] compileTime[0] sspSolveTime[0] lpSolveTime[0] lb[0] ub[797] numArcs: [0] numFixed: [0] time: [7]
STATS1 - lpIterations[0] lagIterations[0] sspIterations[0] numSeparations[0] numCuts[0] compileTime[0] sspSolveTime[0] lpSolveTime[0] repairTime[0] cutsTime[0] alphaTime[0] decompTime[0] yellowTime[0] updateTime[0] fixTime[0] lb[0] ub[797] numArcs: [0] numFixed: [0] time: [7]
added route to primal routes: 0,25,5,22,3,6,9,4,0,
random seed: 2265063286
added maximal sequence to primal routes: 0,11,25,5,22,3,6,9,4,0,
added route to primal routes: 0,30,12,8,13,17,7,0,
random seed: 2278298279
added maximal sequence to primal routes: 0,21,30,12,8,13,17,7,0,
updated increasing parameter: 1
DD random seed:2288987815
running lns dd
destroy phase
prefix: 0 2 
suffix: 15 11 19 1 24 0 
prefix: 0 10 
suffix: 20 26 28 23 29 0 
prefix: 0 16 
suffix: 21 0 
prefix: 0 
suffix: 5 22 3 6 9 4 0 
prefix: 0 30 12 8 
suffix: 17 7 0 
14 27 18 25 13 
forward frontier
restricted destroy-repair dd compilation
restricted dd compilation - suffixes
running dd lns mip
num vars: 185
obj from lns: 797
[loc arcIndex] route: 2 0 14 1 -1 66 
[loc arcIndex] route: 10 7 27 31 -2 84 
[loc arcIndex] route: 16 14 18 38 -3 97 
[loc arcIndex] route: 25 17 -4 103 
[loc arcIndex] route: 30 24 12 25 8 26 13 27 -5 124 
DD random seed:2302797687
running lns dd
destroy phase
prefix: 0 2 
suffix: 15 11 19 1 24 0 
prefix: 0 10 27 20 26 
suffix: 23 29 0 
prefix: 0 
suffix: 18 21 0 
prefix: 0 25 5 22 
suffix: 6 9 4 0 
prefix: 0 30 12 8 
suffix: 17 7 0 
14 28 16 3 13 
forward frontier
restricted destroy-repair dd compilation
restricted dd compilation - suffixes
running dd lns mip
num vars: 259
obj from lns: 797
[loc arcIndex] route: 2 0 14 1 -1 80 
[loc arcIndex] route: 10 7 27 8 20 9 26 10 28 53 -2 116 
[loc arcIndex] route: 16 14 -3 120 
[loc arcIndex] route: 25 17 5 18 22 19 3 20 -4 145 
[loc arcIndex] route: 30 24 12 25 8 26 13 27 -5 165 
DD random seed:2318620978
running lns dd
destroy phase
prefix: 0 2 
suffix: 15 11 19 1 24 0 
prefix: 0 10 27 20 26 
suffix: 23 29 0 
prefix: 0 
suffix: 18 21 0 
prefix: 0 25 5 22 
suffix: 6 9 4 0 
prefix: 0 30 12 8 
suffix: 17 7 0 
14 28 16 3 13 
forward frontier
restricted destroy-repair dd compilation
restricted dd compilation - suffixes
running dd lns mip
num vars: 222
obj from lns: 797
[loc arcIndex] route: 2 0 14 1 -1 78 
[loc arcIndex] route: 10 7 27 8 20 9 26 10 28 45 -2 114 
[loc arcIndex] route: 16 14 -3 118 
[loc arcIndex] route: 25 17 5 18 22 19 3 20 -4 143 
[loc arcIndex] route: 30 24 12 25 8 26 13 27 -5 163 
DD random seed:2335647361
running lns dd
destroy phase
prefix: 0 2 14 15 11 
suffix: 1 24 0 
prefix: 0 10 27 20 
suffix: 28 23 29 0 
prefix: 0 
suffix: 18 21 0 
prefix: 0 25 5 22 3 
suffix: 9 4 0 
prefix: 0 30 12 
suffix: 13 17 7 0 
19 26 16 6 8 
forward frontier
restricted destroy-repair dd compilation
restricted dd compilation - suffixes
running dd lns mip
num vars: 344
obj from lns: 797
[loc arcIndex] route: 2 0 14 1 15 2 11 3 19 4 -1 133 
[loc arcIndex] route: 10 7 27 8 20 9 26 10 -2 155 
[loc arcIndex] route: 16 14 -3 162 
[loc arcIndex] route: 25 17 5 18 22 19 3 20 6 61 -4 193 
[loc arcIndex] route: 30 24 12 25 8 26 -5 209 
DD random seed:2359036367
running lns dd
destroy phase
prefix: 0 2 14 15 11 
suffix: 1 24 0 
prefix: 0 10 27 
suffix: 26 28 23 29 0 
prefix: 0 
suffix: 18 21 0 
prefix: 0 25 5 22 3 6 
suffix: 4 0 
prefix: 0 30 12 
suffix: 13 17 7 0 
19 20 16 9 8 
forward frontier
restricted destroy-repair dd compilation
restricted dd compilation - suffixes
running dd lns mip
num vars: 496
obj from lns: 797
[loc arcIndex] route: 2 0 14 1 15 2 11 3 19 4 -1 155 
[loc arcIndex] route: 10 7 27 8 20 36 -2 172 
[loc arcIndex] route: 16 14 -3 183 
[loc arcIndex] route: 25 17 5 18 22 19 3 20 6 21 9 22 -4 214 
[loc arcIndex] route: 30 24 12 25 8 46 -5 228 
DD random seed:2389039769
running lns dd
destroy phase
prefix: 0 2 14 15 11 19 
suffix: 24 0 
prefix: 0 
suffix: 27 20 26 28 23 29 0 
prefix: 0 
suffix: 18 21 0 
prefix: 0 
suffix: 5 22 3 6 9 4 0 
prefix: 0 30 
suffix: 8 13 17 7 0 
1 10 16 25 12 
forward frontier
restricted destroy-repair dd compilation
restricted dd compilation - suffixes
running dd lns mip
num vars: 216
obj from lns: 797
[loc arcIndex] route: 2 0 14 1 15 2 11 3 19 4 1 5 -1 86 
[loc arcIndex] route: 10 7 -2 89 
[loc arcIndex] route: 16 14 -3 104 
[loc arcIndex] route: 25 17 -4 113 
[loc arcIndex] route: 30 24 12 44 -5 131 
DD random seed:2403183240
running lns dd
destroy phase
prefix: 0 
suffix: 14 15 11 19 1 24 0 
prefix: 0 10 27 20 26 
suffix: 23 29 0 
prefix: 0 
suffix: 18 21 0 
prefix: 0 25 5 
suffix: 3 6 9 4 0 
prefix: 0 30 
suffix: 8 13 17 7 0 
2 28 16 22 12 
forward frontier
restricted destroy-repair dd compilation
restricted dd compilation - suffixes
running dd lns mip
num vars: 251
obj from lns: 797
[loc arcIndex] route: 2 0 -1 73 
[loc arcIndex] route: 10 7 27 8 20 9 26 10 28 11 -2 108 
[loc arcIndex] route: 16 14 -3 112 
[loc arcIndex] route: 25 17 5 18 22 19 -4 132 
[loc arcIndex] route: 30 24 12 25 -5 145 
DD random seed:2421774369
running lns dd
destroy phase
prefix: 0 
suffix: 14 15 11 19 1 24 0 
prefix: 0 10 27 
suffix: 26 28 23 29 0 
prefix: 0 16 
suffix: 21 0 
prefix: 0 25 5 
suffix: 3 6 9 4 0 
prefix: 0 
suffix: 12 8 13 17 7 0 
2 20 18 22 30 
forward frontier
restricted destroy-repair dd compilation
restricted dd compilation - suffixes
running dd lns mip
num vars: 291
obj from lns: 797
[loc arcIndex] route: 2 0 -1 104 
[loc arcIndex] route: 10 7 27 8 20 47 -2 129 
[loc arcIndex] route: 16 14 18 34 -3 141 
[loc arcIndex] route: 25 17 5 18 22 53 -4 154 
[loc arcIndex] route: 30 24 -5 162 
DD random seed:2445878662
running lns dd
destroy phase
prefix: 0 2 14 
suffix: 11 19 1 24 0 
prefix: 0 10 27 
suffix: 26 28 23 29 0 
prefix: 0 
suffix: 18 21 0 
prefix: 0 25 5 22 
suffix: 6 9 4 0 
prefix: 0 
suffix: 12 8 13 17 7 0 
15 20 16 3 30 
forward frontier
restricted destroy-repair dd compilation
restricted dd compilation - suffixes
running dd lns mip
num vars: 322
obj from lns: 797
[loc arcIndex] route: 2 0 14 1 15 30 -1 119 
[loc arcIndex] route: 10 7 27 8 20 9 -2 137 
[loc arcIndex] route: 16 14 -3 145 
[loc arcIndex] route: 25 17 5 18 22 19 3 67 -4 167 
[loc arcIndex] route: 30 24 -5 174 
DD random seed:2470036703
running lns dd
destroy phase
prefix: 0 
suffix: 14 15 11 19 1 24 0 
prefix: 0 10 
suffix: 20 26 28 23 29 0 
prefix: 0 
suffix: 18 21 0 
prefix: 0 25 5 22 3 
suffix: 9 4 0 
prefix: 0 30 12 8 13 
suffix: 7 0 
2 27 16 6 17 
forward frontier
restricted destroy-repair dd compilation
restricted dd compilation - suffixes
running dd lns mip
num vars: 203
obj from lns: 797
[loc arcIndex] route: 2 0 -1 71 
[loc arcIndex] route: 10 7 27 8 -2 96 
[loc arcIndex] route: 16 14 -3 111 
[loc arcIndex] route: 25 17 5 18 22 19 3 20 6 21 -4 133 
[loc arcIndex] route: 30 24 12 25 8 26 13 27 17 28 -5 150 
updated increasing parameter: 2
DD random seed:2483452097
running lns dd
destroy phase
prefix: 0 2 14 15 11 19 
suffix: 0 
prefix: 0 10 
suffix: 26 28 23 29 0 
prefix: 0 
suffix: 21 0 
prefix: 0 
suffix: 22 3 6 9 4 0 
prefix: 0 30 12 8 13 
suffix: 0 
1 24 27 20 16 18 25 5 17 7 
forward frontier
restricted destroy-repair dd compilation
restricted dd compilation - suffixes
running dd lns mip
num vars: 542
obj from lns: 797
[loc arcIndex] route: 2 0 14 1 15 2 11 3 19 4 1 58 24 6 -5 162 
[loc arcIndex] route: 10 7 27 8 20 9 26 10 28 11 23 12 29 13 -5 187 
[loc arcIndex] route: 16 14 18 15 -3 195 
[loc arcIndex] route: 25 17 5 18 22 19 3 20 6 21 9 22 4 23 -1 222 
[loc arcIndex] route: 30 24 12 25 8 26 13 27 17 28 7 29 -1 243 
DD random seed:2509048892
running lns dd
destroy phase
prefix: 0 2 14 15 11 
suffix: 24 0 
prefix: 0 10 27 20 
suffix: 23 29 0 
prefix: 0 
suffix: 21 0 
prefix: 0 
suffix: 22 3 6 9 4 0 
prefix: 0 30 12 8 
suffix: 7 0 
19 1 26 28 16 18 25 5 13 17 
forward frontier
restricted destroy-repair dd compilation
restricted dd compilation - suffixes
running dd lns mip
num vars: 457
obj from lns: 797
[loc arcIndex] route: 2 0 14 1 15 2 11 3 19 31 1 5 -1 174 
[loc arcIndex] route: 10 7 27 8 20 9 26 30 28 46 -2 197 
[loc arcIndex] route: 16 14 18 15 -3 208 
[loc arcIndex] route: 25 17 5 18 -4 221 
[loc arcIndex] route: 30 24 12 25 8 26 13 27 17 60 -5 257 
DD random seed:2536679520
running lns dd
destroy phase
prefix: 0 2 14 15 11 
suffix: 24 0 
prefix: 0 10 27 
suffix: 28 23 29 0 
prefix: 0 
suffix: 21 0 
prefix: 0 
suffix: 22 3 6 9 4 0 
prefix: 0 30 12 8 
suffix: 7 0 
19 1 20 26 16 18 25 5 13 17 
forward frontier
restricted destroy-repair dd compilation
restricted dd compilation - suffixes
running dd lns mip
num vars: 1359
obj from lns: 797
[loc arcIndex] route: 2 0 14 1 15 2 11 3 19 4 1 5 -1 444 
[loc arcIndex] route: 10 7 27 8 20 9 26 10 -2 463 
[loc arcIndex] route: 16 14 18 15 -3 477 
[loc arcIndex] route: 25 17 5 18 -4 490 
[loc arcIndex] route: 30 24 12 25 8 26 13 88 17 28 -5 524 
DD random seed:2619622774
running lns dd
destroy phase
prefix: 0 2 14 15 11 
suffix: 24 0 
prefix: 0 10 27 20 26 28 
suffix: 0 
prefix: 0 16 
suffix: 0 
prefix: 0 25 
suffix: 3 6 9 4 0 
prefix: 0 30 12 8 13 
suffix: 0 
19 1 23 29 18 21 5 22 17 7 
forward frontier
restricted destroy-repair dd compilation
restricted dd compilation - suffixes
running dd lns mip
num vars: 583
obj from lns: 797
[loc arcIndex] route: 2 0 14 1 15 2 11 3 19 4 1 70 -1 150 
[loc arcIndex] route: 10 7 27 8 20 9 26 10 28 11 23 12 29 13 -2 183 
[loc arcIndex] route: 16 14 18 32 21 16 -2 197 
[loc arcIndex] route: 25 17 5 31 22 39 3 20 6 21 9 22 4 23 -2 228 
[loc arcIndex] route: 30 24 12 25 8 26 13 27 17 83 7 29 -2 254 
DD random seed:2644048941
running lns dd
destroy phase
prefix: 0 2 14 15 11 19 
suffix: 0 
prefix: 0 10 27 
suffix: 28 23 29 0 
prefix: 0 16 
suffix: 0 
prefix: 0 25 5 22 3 6 
suffix: 0 
prefix: 0 30 
suffix: 13 17 7 0 
1 24 20 26 18 21 9 4 12 8 
forward frontier
restricted destroy-repair dd compilation
restricted dd compilation - suffixes
running dd lns mip
num vars: 1098
obj from lns: 797
[loc arcIndex] route: 2 0 14 1 15 2 11 3 19 4 1 5 24 6 -4 289 
[loc arcIndex] route: 10 7 27 8 20 9 26 80 28 11 23 12 29 13 -1 315 
[loc arcIndex] route: 16 14 18 15 21 48 -3 330 
[loc arcIndex] route: 25 17 5 18 22 19 3 20 6 21 9 22 4 23 -1 358 
[loc arcIndex] route: 30 24 12 25 8 26 13 27 17 28 7 29 -1 382 
DD random seed:2687615284
running lns dd
destroy phase
prefix: 0 2 14 15 11 
suffix: 24 0 
prefix: 0 10 27 20 
suffix: 23 29 0 
prefix: 0 
suffix: 21 0 
prefix: 0 25 5 22 3 
suffix: 4 0 
prefix: 0 30 12 8 
suffix: 7 0 
19 1 26 28 16 18 6 9 13 17 
forward frontier
restricted destroy-repair dd compilation
restricted dd compilation - suffixes
running dd lns mip
num vars: 850
obj from lns: 797
[loc arcIndex] route: 2 0 14 1 15 2 11 3 19 4 1 37 -1 277 
[loc arcIndex] route: 10 7 27 8 20 9 26 31 28 11 -2 303 
[loc arcIndex] route: 16 14 18 30 -3 315 
[loc arcIndex] route: 25 17 5 18 22 19 3 20 6 49 9 22 -4 349 
[loc arcIndex] route: 30 24 12 25 8 26 13 27 17 28 -5 374 
DD random seed:2736650950
running lns dd
destroy phase
prefix: 0 2 14 15 11 19 
suffix: 0 
prefix: 0 10 
suffix: 26 28 23 29 0 
prefix: 0 16 
suffix: 0 
prefix: 0 25 
suffix: 3 6 9 4 0 
prefix: 0 30 
suffix: 13 17 7 0 
1 24 27 20 18 21 5 22 12 8 
forward frontier
restricted destroy-repair dd compilation
restricted dd compilation - suffixes
running dd lns mip
num vars: 594
obj from lns: 796
[loc arcIndex] route: 2 0 14 1 15 2 11 3 19 4 1 5 24 6 8 152 -1 590 
[loc arcIndex] route: 10 7 27 8 20 47 -1 190 
[loc arcIndex] route: 16 14 18 42 21 16 -4 216 
[loc arcIndex] route: 25 17 5 18 22 19 -5 231 
[loc arcIndex] route: 30 24 12 25 -2 246 
improved ub from lns primal heuristic: 796
STATS - lpIterations[0] lagIterations[0] sspIterations[0] numSeparations[0] numCuts[0] compileTime[0] sspSolveTime[0] lpSolveTime[0] lb[0] ub[796] numArcs: [0] numFixed: [0] time: [7]
STATS1 - lpIterations[0] lagIterations[0] sspIterations[0] numSeparations[0] numCuts[0] compileTime[0] sspSolveTime[0] lpSolveTime[0] repairTime[0] cutsTime[0] alphaTime[0] decompTime[0] yellowTime[0] updateTime[0] fixTime[0] lb[0] ub[796] numArcs: [0] numFixed: [0] time: [7]
added route to primal routes: 0,2,14,15,11,19,1,24,8,0,
random seed: 2770731379
added maximal sequence to primal routes: 0,21,2,14,15,11,19,1,24,8,0,
added route to primal routes: 0,16,18,21,3,6,9,4,0,
random seed: 2787935242
added maximal sequence to primal routes: 0,25,19,16,18,21,3,6,9,4,0,
added route to primal routes: 0,30,12,26,28,23,29,0,
random seed: 2808332079
updated increasing parameter: 1
DD random seed:2815321963
running lns dd
destroy phase
prefix: 0 
suffix: 14 15 11 19 1 24 8 0 
prefix: 0 
suffix: 27 20 0 
prefix: 0 16 18 21 3 6 
suffix: 4 0 
prefix: 0 
suffix: 5 22 13 17 7 0 
prefix: 0 30 
suffix: 26 28 23 29 0 
2 10 9 25 12 
forward frontier
restricted destroy-repair dd compilation
restricted dd compilation - suffixes
running dd lns mip
num vars: 203
obj from lns: 796
[loc arcIndex] route: 2 0 -1 74 
[loc arcIndex] route: 10 8 -2 92 
[loc arcIndex] route: 16 11 18 12 21 13 3 14 6 15 9 48 -3 114 
[loc arcIndex] route: 25 18 -4 118 
[loc arcIndex] route: 30 24 12 31 -5 134 
DD random seed:2830486340
running lns dd
destroy phase
prefix: 0 2 14 
suffix: 11 19 1 24 8 0 
prefix: 0 10 
suffix: 20 0 
prefix: 0 
suffix: 18 21 3 6 9 4 0 
prefix: 0 
suffix: 5 22 13 17 7 0 
prefix: 0 
suffix: 12 26 28 23 29 0 
15 27 16 25 30 
forward frontier
restricted destroy-repair dd compilation
restricted dd compilation - suffixes
running dd lns mip
num vars: 150
obj from lns: 796
[loc arcIndex] route: 2 0 14 1 15 2 -1 70 
[loc arcIndex] route: 10 8 27 9 -2 82 
[loc arcIndex] route: 16 11 -3 87 
[loc arcIndex] route: 25 18 -4 100 
[loc arcIndex] route: 30 24 -5 112 
DD random seed:2844222377
running lns dd
destroy phase
prefix: 0 2 14 15 11 19 
suffix: 24 8 0 
prefix: 0 10 
suffix: 20 0 
prefix: 0 16 
suffix: 21 3 6 9 4 0 
prefix: 0 
suffix: 5 22 13 17 7 0 
prefix: 0 
suffix: 12 26 28 23 29 0 
1 27 18 25 30 
forward frontier
restricted destroy-repair dd compilation
restricted dd compilation - suffixes
running dd lns mip
num vars: 219
obj from lns: 796
[loc arcIndex] route: 2 0 14 1 15 2 11 3 19 4 1 56 -1 89 
[loc arcIndex] route: 10 8 27 30 -2 98 
[loc arcIndex] route: 16 11 18 12 -3 108 
[loc arcIndex] route: 25 18 -4 121 
[loc arcIndex] route: 30 24 -5 136 
DD random seed:2859843995
running lns dd
destroy phase
prefix: 0 
suffix: 14 15 11 19 1 24 8 0 
prefix: 0 10 
suffix: 20 0 
prefix: 0 16 
suffix: 21 3 6 9 4 0 
prefix: 0 25 5 22 
suffix: 17 7 0 
prefix: 0 
suffix: 12 26 28 23 29 0 
2 27 18 13 30 
forward frontier
restricted destroy-repair dd compilation
restricted dd compilation - suffixes
running dd lns mip
num vars: 187
obj from lns: 796
[loc arcIndex] route: 2 0 -1 68 
[loc arcIndex] route: 10 8 27 9 -2 92 
[loc arcIndex] route: 16 11 18 12 -3 102 
[loc arcIndex] route: 25 18 5 19 22 20 13 21 -4 124 
[loc arcIndex] route: 30 24 -5 129 
DD random seed:2873880102
running lns dd
destroy phase
prefix: 0 2 14 15 11 19 1 
suffix: 8 0 
prefix: 0 10 
suffix: 20 0 
prefix: 0 16 
suffix: 21 3 6 9 4 0 
prefix: 0 25 5 22 
suffix: 17 7 0 
prefix: 0 30 
suffix: 26 28 23 29 0 
24 27 18 13 12 
forward frontier
restricted destroy-repair dd compilation
restricted dd compilation - suffixes
running dd lns mip
num vars: 242
obj from lns: 796
[loc arcIndex] route: 2 0 14 1 15 2 11 3 19 4 1 5 24 55 -1 87 
[loc arcIndex] route: 10 8 27 30 -2 95 
[loc arcIndex] route: 16 11 18 12 -3 110 
[loc arcIndex] route: 25 18 5 19 22 20 13 50 -4 143 
[loc arcIndex] route: 30 24 12 25 -5 155 
DD random seed:2888401448
running lns dd
destroy phase
prefix: 0 
suffix: 14 15 11 19 1 24 8 0 
prefix: 0 10 
suffix: 20 0 
prefix: 0 16 18 
suffix: 3 6 9 4 0 
prefix: 0 25 
suffix: 22 13 17 7 0 
prefix: 0 30 
suffix: 26 28 23 29 0 
2 27 21 5 12 
forward frontier
restricted destroy-repair dd compilation
restricted dd compilation - suffixes
running dd lns mip
num vars: 280
obj from lns: 796
[loc arcIndex] route: 2 0 -1 87 
[loc arcIndex] route: 10 8 27 9 -2 109 
[loc arcIndex] route: 16 11 18 12 21 13 -3 123 
[loc arcIndex] route: 25 18 5 19 -4 136 
[loc arcIndex] route: 30 24 12 25 -5 148 
DD random seed:2908982924
running lns dd
destroy phase
prefix: 0 2 14 15 11 19 1 
suffix: 8 0 
prefix: 0 10 
suffix: 20 0 
prefix: 0 16 18 21 3 
suffix: 9 4 0 
prefix: 0 25 
suffix: 22 13 17 7 0 
prefix: 0 
suffix: 12 26 28 23 29 0 
24 27 6 5 30 
forward frontier
restricted destroy-repair dd compilation
restricted dd compilation - suffixes
running dd lns mip
num vars: 291
obj from lns: 796
[loc arcIndex] route: 2 0 14 1 15 2 11 3 19 4 1 5 24 6 -1 104 
[loc arcIndex] route: 10 8 27 9 -2 112 
[loc arcIndex] route: 16 11 18 12 21 13 3 14 6 15 -3 133 
[loc arcIndex] route: 25 18 5 30 -4 146 
[loc arcIndex] route: 30 24 -5 159 
DD random seed:2925566759
running lns dd
destroy phase
prefix: 0 2 
suffix: 15 11 19 1 24 8 0 
prefix: 0 
suffix: 27 20 0 
prefix: 0 
suffix: 18 21 3 6 9 4 0 
prefix: 0 25 5 22 
suffix: 17 7 0 
prefix: 0 30 12 26 
suffix: 23 29 0 
14 10 16 13 28 
forward frontier
restricted destroy-repair dd compilation
restricted dd compilation - suffixes
running dd lns mip
num vars: 225
obj from lns: 796
[loc arcIndex] route: 2 0 14 1 -1 98 
[loc arcIndex] route: 10 8 -2 114 
[loc arcIndex] route: 16 11 -3 125 
[loc arcIndex] route: 25 18 5 19 22 20 13 37 -4 154 
[loc arcIndex] route: 30 24 12 25 26 26 28 27 -5 168 
DD random seed:2942479787
running lns dd
destroy phase
prefix: 0 2 14 
suffix: 11 19 1 24 8 0 
prefix: 0 10 
suffix: 20 0 
prefix: 0 16 18 21 
suffix: 6 9 4 0 
prefix: 0 
suffix: 5 22 13 17 7 0 
prefix: 0 
suffix: 12 26 28 23 29 0 
15 27 3 25 30 
forward frontier
restricted destroy-repair dd compilation
restricted dd compilation - suffixes
running dd lns mip
num vars: 235
obj from lns: 796
[loc arcIndex] route: 2 0 14 1 15 2 -1 89 
[loc arcIndex] route: 10 8 27 9 -2 104 
[loc arcIndex] route: 16 11 18 12 21 13 3 14 -3 119 
[loc arcIndex] route: 25 18 -4 126 
[loc arcIndex] route: 30 24 -5 140 
DD random seed:2959601193
running lns dd
destroy phase
prefix: 0 
suffix: 14 15 11 19 1 24 8 0 
prefix: 0 
suffix: 27 20 0 
prefix: 0 16 18 
suffix: 3 6 9 4 0 
prefix: 0 25 5 22 13 
suffix: 7 0 
prefix: 0 30 12 26 28 
suffix: 29 0 
2 10 21 17 23 
forward frontier
restricted destroy-repair dd compilation
restricted dd compilation - suffixes
running dd lns mip
num vars: 293
obj from lns: 796
[loc arcIndex] route: 2 0 -1 84 
[loc arcIndex] route: 10 8 -2 110 
[loc arcIndex] route: 16 11 18 12 21 13 -3 129 
[loc arcIndex] route: 25 18 5 19 22 20 13 21 17 22 -4 159 
[loc arcIndex] route: 30 24 12 25 26 26 28 27 23 28 -5 175 
updated increasing parameter: 2
DD random seed:2978347793
running lns dd
destroy phase
prefix: 0 2 
suffix: 11 19 1 24 8 0 
prefix: 0 10 
suffix: 0 
prefix: 0 
suffix: 21 3 6 9 4 0 
prefix: 0 25 
suffix: 13 17 7 0 
prefix: 0 30 12 26 
suffix: 29 0 
14 15 27 20 16 18 5 22 28 23 
forward frontier
restricted destroy-repair dd compilation
restricted dd compilation - suffixes
running dd lns mip
num vars: 416
obj from lns: 796
[loc arcIndex] route: 2 0 14 1 15 2 11 3 19 4 1 5 24 6 8 7 -2 132 
[loc arcIndex] route: 10 8 27 9 20 10 -2 144 
[loc arcIndex] route: 16 11 18 12 -3 155 
[loc arcIndex] route: 25 18 5 33 22 20 13 21 17 22 7 23 -2 190 
[loc arcIndex] route: 30 24 12 25 26 26 28 101 23 102 29 29 -2 207 
DD random seed:3006129773
running lns dd
destroy phase
prefix: 0 2 14 15 11 19 1 
suffix: 0 
prefix: 0 
suffix: 20 0 
prefix: 0 16 18 
suffix: 6 9 4 0 
prefix: 0 25 
suffix: 13 17 7 0 
prefix: 0 30 12 26 
suffix: 29 0 
24 8 10 27 21 3 5 22 28 23 
forward frontier
restricted destroy-repair dd compilation
restricted dd compilation - suffixes
running dd lns mip
num vars: 1087
obj from lns: 796
[loc arcIndex] route: 2 0 14 1 15 2 11 3 19 4 1 5 24 6 8 7 -1 321 
[loc arcIndex] route: 10 8 27 9 20 10 -1 332 
[loc arcIndex] route: 16 11 18 12 21 13 3 14 6 15 9 16 4 17 -1 362 
[loc arcIndex] route: 25 18 5 30 22 20 -4 378 
[loc arcIndex] route: 30 24 12 25 26 26 28 27 23 28 -5 407 
DD random seed:3061879423
running lns dd
destroy phase
prefix: 0 2 14 15 
suffix: 1 24 8 0 
prefix: 0 10 
suffix: 0 
prefix: 0 16 
suffix: 3 6 9 4 0 
prefix: 0 25 5 22 
suffix: 7 0 
prefix: 0 30 12 26 28 
suffix: 0 
11 19 27 20 18 21 13 17 23 29 
forward frontier
restricted destroy-repair dd compilation
restricted dd compilation - suffixes
running dd lns mip
num vars: 2284
obj from lns: 796
[loc arcIndex] route: 2 0 14 1 15 2 11 126 19 4 -1 627 
[loc arcIndex] route: 10 8 27 30 20 10 -2 650 
[loc arcIndex] route: 16 11 18 12 21 76 -3 666 
[loc arcIndex] route: 25 18 5 19 22 20 13 21 17 308 -4 700 
[loc arcIndex] route: 30 24 12 25 26 26 28 27 23 387 29 29 -2 722 
DD random seed:3182188223
running lns dd
destroy phase
prefix: 0 2 14 15 11 
suffix: 24 8 0 
prefix: 0 
suffix: 20 0 
prefix: 0 
suffix: 21 3 6 9 4 0 
prefix: 0 25 5 
suffix: 17 7 0 
prefix: 0 
suffix: 26 28 23 29 0 
19 1 10 27 16 18 22 13 30 12 
forward frontier
restricted destroy-repair dd compilation
restricted dd compilation - suffixes
running dd lns mip
num vars: 1153
obj from lns: 796
[loc arcIndex] route: 2 0 14 1 15 2 11 3 1 123 19 267 -1 1106 
[loc arcIndex] route: 10 8 27 30 -2 432 
[loc arcIndex] route: 16 11 18 12 -3 447 
[loc arcIndex] route: 25 18 5 19 22 62 13 21 -4 479 
[loc arcIndex] route: 30 24 12 50 -5 491 
DD random seed:3263023170
running lns dd
destroy phase
prefix: 0 2 14 15 11 19 
suffix: 8 0 
prefix: 0 
suffix: 20 0 
prefix: 0 16 18 
suffix: 6 9 4 0 
prefix: 0 25 5 22 13 
suffix: 0 
prefix: 0 30 
suffix: 28 23 29 0 
1 24 10 27 21 3 17 7 12 26 
forward frontier
restricted destroy-repair dd compilation
restricted dd compilation - suffixes
running dd lns mip
num vars: 1454
obj from lns: 796
[loc arcIndex] route: 2 0 14 1 15 2 11 3 19 4 1 90 24 6 -1 430 
[loc arcIndex] route: 10 8 27 9 20 10 -4 446 
[loc arcIndex] route: 16 11 18 12 21 56 3 14 6 15 9 16 4 17 -4 477 
[loc arcIndex] route: 25 18 5 19 22 20 13 21 17 22 7 248 -4 500 
[loc arcIndex] route: 30 24 12 37 26 26 -5 515 
DD random seed:3340153566
running lns dd
destroy phase
prefix: 0 2 
suffix: 11 19 1 24 8 0 
prefix: 0 
suffix: 20 0 
prefix: 0 16 18 21 3 
suffix: 4 0 
prefix: 0 25 
suffix: 13 17 7 0 
prefix: 0 30 12 
suffix: 23 29 0 
14 15 10 27 6 9 5 22 26 28 
forward frontier
restricted destroy-repair dd compilation
restricted dd compilation - suffixes
running dd lns mip
num vars: 819
obj from lns: 796
[loc arcIndex] route: 2 0 14 1 15 2 -1 218 
[loc arcIndex] route: 10 8 27 9 -2 240 
[loc arcIndex] route: 16 11 18 12 21 13 3 14 6 15 9 16 -3 271 
[loc arcIndex] route: 25 18 5 36 22 20 -4 286 
[loc arcIndex] route: 30 24 12 25 26 26 28 27 -5 308 
DD random seed:3388992030
running lns dd
destroy phase
prefix: 0 2 14 15 
suffix: 1 24 8 0 
prefix: 0 
suffix: 20 0 
prefix: 0 16 18 
suffix: 6 9 4 0 
prefix: 0 
suffix: 22 13 17 7 0 
prefix: 0 
suffix: 26 28 23 29 0 
11 19 10 27 21 3 25 5 30 12 
forward frontier
restricted destroy-repair dd compilation
restricted dd compilation - suffixes
running dd lns mip
num vars: 1342
obj from lns: 796
[loc arcIndex] route: 2 0 14 1 15 2 11 3 19 4 -1 531 
[loc arcIndex] route: 10 8 27 30 -2 542 
[loc arcIndex] route: 16 11 18 12 21 13 3 14 -3 564 
[loc arcIndex] route: 25 18 5 32 -4 576 
[loc arcIndex] route: 30 24 12 25 -5 592 
DD random seed:3489603867
running lns dd
destroy phase
prefix: 0 2 14 15 11 
suffix: 24 8 0 
prefix: 0 10 
suffix: 0 
prefix: 0 
suffix: 21 3 6 9 4 0 
prefix: 0 25 5 22 13 
suffix: 0 
prefix: 0 30 12 26 
suffix: 29 0 
19 1 27 20 16 18 17 7 28 23 
forward frontier
restricted destroy-repair dd compilation
restricted dd compilation - suffixes
running dd lns mip
num vars: 1210
obj from lns: 796
[loc arcIndex] route: 2 0 14 1 15 2 11 3 19 118 1 5 24 6 8 7 -4 298 
[loc arcIndex] route: 10 8 27 9 20 59 -2 310 
[loc arcIndex] route: 16 11 18 12 -3 321 
[loc arcIndex] route: 25 18 5 19 22 20 13 21 17 182 7 23 -2 366 
[loc arcIndex] route: 30 24 12 25 26 26 28 27 23 28 29 29 -4 390 
DD random seed:3555664442
running lns dd
destroy phase
prefix: 0 2 14 15 11 19 1 
suffix: 0 
prefix: 0 10 
suffix: 0 
prefix: 0 16 18 21 3 6 
suffix: 0 
prefix: 0 
suffix: 22 13 17 7 0 
prefix: 0 30 12 26 28 
suffix: 0 
24 8 27 20 9 4 25 5 23 29 
forward frontier
restricted destroy-repair dd compilation
restricted dd compilation - suffixes
running dd lns mip
num vars: 1317
obj from lns: 796
[loc arcIndex] route: 2 0 14 1 15 2 11 3 19 4 1 5 24 6 8 7 -1 303 
[loc arcIndex] route: 10 8 27 9 20 10 -1 317 
[loc arcIndex] route: 16 11 18 12 21 13 3 14 6 15 9 200 4 17 -1 346 
[loc arcIndex] route: 25 18 5 35 22 20 13 21 17 22 7 23 -1 372 
[loc arcIndex] route: 30 24 12 25 26 26 28 27 23 211 29 29 -1 397 
DD random seed:3592431093
running lns dd
destroy phase
prefix: 0 2 14 15 11 19 1 
suffix: 0 
prefix: 0 
suffix: 20 0 
prefix: 0 16 18 
suffix: 6 9 4 0 
prefix: 0 25 
suffix: 13 17 7 0 
prefix: 0 30 
suffix: 28 23 29 0 
24 8 10 27 21 3 5 22 12 26 
forward frontier
restricted destroy-repair dd compilation
restricted dd compilation - suffixes
running dd lns mip
num vars: 747
obj from lns: 796
[loc arcIndex] route: 2 0 14 1 15 2 11 3 19 4 1 5 24 6 8 7 -1 204 
[loc arcIndex] route: 10 8 27 9 -2 211 
[loc arcIndex] route: 16 11 18 12 21 13 3 14 6 15 9 16 4 17 -1 244 
[loc arcIndex] route: 25 18 5 19 22 56 -4 259 
[loc arcIndex] route: 30 24 12 25 26 26 28 27 23 28 29 29 -1 285 
updated increasing parameter: 3
DD random seed:3634865835
running lns dd
destroy phase
prefix: 0 2 14 15 11 19 
suffix: 0 
prefix: 0 
suffix: 0 
prefix: 0 16 18 
suffix: 9 4 0 
prefix: 0 25 
suffix: 17 7 0 
prefix: 0 30 
suffix: 23 29 0 
1 24 8 10 27 20 21 3 6 5 22 13 12 26 28 
forward frontier
restricted destroy-repair dd compilation
restricted dd compilation - suffixes
running dd lns mip
num vars: 3917
obj from lns: 796
[loc arcIndex] route: 2 0 14 1 15 2 11 3 19 4 1 5 24 6 8 7 -1 884 
[loc arcIndex] route: 10 8 27 9 20 10 -1 896 
[loc arcIndex] route: 16 11 18 12 21 13 3 14 6 15 -3 923 
[loc arcIndex] route: 25 18 5 35 22 20 13 21 -4 948 
[loc arcIndex] route: 30 24 12 25 26 26 28 27 23 28 29 29 -2 976 
DD random seed:3835301678
running lns dd
destroy phase
prefix: 0 2 14 15 11 
suffix: 8 0 
prefix: 0 
suffix: 0 
prefix: 0 16 18 
suffix: 9 4 0 
prefix: 0 25 5 
suffix: 7 0 
prefix: 0 30 12 26 
suffix: 0 
19 1 24 10 27 20 21 3 6 22 13 17 28 23 29 
forward frontier
restricted destroy-repair dd compilation
restricted dd compilation - suffixes
running dd lns mip
num vars: 8682
obj from lns: 793
[loc arcIndex] route: 2 0 14 1 15 2 11 3 19 272 1 387 24 6 3 1851 -2 8537 
[loc arcIndex] route: 10 8 27 30 20 10 -2 1972 
[loc arcIndex] route: 16 11 18 12 21 13 29 149 22 400 -4 3806 
[loc arcIndex] route: 25 18 5 19 6 79 17 168 13 459 -3 4092 
[loc arcIndex] route: 30 24 12 25 26 26 28 765 23 1101 -1 2054 
improved ub from lns primal heuristic: 793
STATS - lpIterations[0] lagIterations[0] sspIterations[0] numSeparations[0] numCuts[0] compileTime[0] sspSolveTime[0] lpSolveTime[0] lb[0] ub[793] numArcs: [0] numFixed: [0] time: [9]
STATS1 - lpIterations[0] lagIterations[0] sspIterations[0] numSeparations[0] numCuts[0] compileTime[0] sspSolveTime[0] lpSolveTime[0] repairTime[0] cutsTime[0] alphaTime[0] decompTime[0] yellowTime[0] updateTime[0] fixTime[0] lb[0] ub[793] numArcs: [0] numFixed: [0] time: [9]
added route to primal routes: 0,2,14,15,11,19,1,24,3,0,
random seed: 26740216
added maximal sequence to primal routes: 0,21,2,14,15,11,19,1,24,3,0,
added route to primal routes: 0,16,18,21,29,22,7,0,
random seed: 46914730
added maximal sequence to primal routes: 0,2,20,16,18,21,29,22,7,0,
added route to primal routes: 0,25,5,6,17,13,9,4,0,
random seed: 64759266
added maximal sequence to primal routes: 0,21,25,5,6,17,13,9,4,0,
added route to primal routes: 0,30,12,26,28,23,8,0,
random seed: 85410477
added maximal sequence to primal routes: 0,2,30,12,26,28,23,8,0,
updated increasing parameter: 1
DD random seed:96873717
running lns dd
destroy phase
prefix: 0 2 14 15 
suffix: 19 1 24 3 0 
prefix: 0 
suffix: 27 20 0 
prefix: 0 16 18 21 29 
suffix: 7 0 
prefix: 0 25 
suffix: 6 17 13 9 4 0 
prefix: 0 30 12 
suffix: 28 23 8 0 
11 10 22 5 26 
forward frontier
restricted destroy-repair dd compilation
restricted dd compilation - suffixes
running dd lns mip
num vars: 390
obj from lns: 793
[loc arcIndex] route: 2 0 14 1 15 2 11 3 -1 138 
[loc arcIndex] route: 10 8 -2 148 
[loc arcIndex] route: 16 11 18 12 21 13 29 14 22 15 -3 176 
[loc arcIndex] route: 25 17 5 18 -4 185 
[loc arcIndex] route: 30 24 12 25 26 26 -5 207 
DD random seed:124098901
running lns dd
destroy phase
prefix: 0 2 14 15 
suffix: 19 1 24 3 0 
prefix: 0 10 
suffix: 20 0 
prefix: 0 16 18 21 29 
suffix: 7 0 
prefix: 0 
suffix: 5 6 17 13 9 4 0 
prefix: 0 30 12 26 
suffix: 23 8 0 
11 27 22 25 28 
forward frontier
restricted destroy-repair dd compilation
restricted dd compilation - suffixes
running dd lns mip
num vars: 297
obj from lns: 793
[loc arcIndex] route: 2 0 14 1 15 2 11 3 -1 95 
[loc arcIndex] route: 10 8 27 9 -2 112 
[loc arcIndex] route: 16 11 18 12 21 13 29 14 22 15 -3 134 
[loc arcIndex] route: 25 17 -4 140 
[loc arcIndex] route: 30 24 12 25 26 26 28 27 -5 170 
DD random seed:142454422
running lns dd
destroy phase
prefix: 0 2 14 15 
suffix: 19 1 24 3 0 
prefix: 0 
suffix: 27 20 0 
prefix: 0 
suffix: 18 21 29 22 7 0 
prefix: 0 25 5 6 17 
suffix: 9 4 0 
prefix: 0 30 
suffix: 26 28 23 8 0 
11 10 16 13 12 
forward frontier
restricted destroy-repair dd compilation
restricted dd compilation - suffixes
running dd lns mip
num vars: 255
obj from lns: 793
[loc arcIndex] route: 2 0 14 1 15 2 11 3 -1 110 
[loc arcIndex] route: 10 8 -2 117 
[loc arcIndex] route: 16 11 -3 130 
[loc arcIndex] route: 25 17 5 18 6 19 17 20 13 43 -4 162 
[loc arcIndex] route: 30 24 12 25 -5 171 
DD random seed:162183055
running lns dd
destroy phase
prefix: 0 2 14 15 
suffix: 19 1 24 3 0 
prefix: 0 10 
suffix: 20 0 
prefix: 0 
suffix: 18 21 29 22 7 0 
prefix: 0 25 5 
suffix: 17 13 9 4 0 
prefix: 0 30 12 26 
suffix: 23 8 0 
11 27 16 6 28 
forward frontier
restricted destroy-repair dd compilation
restricted dd compilation - suffixes
running dd lns mip
num vars: 297
obj from lns: 793
[loc arcIndex] route: 2 0 14 1 15 2 11 35 -1 118 
[loc arcIndex] route: 10 8 27 9 -2 132 
[loc arcIndex] route: 16 11 -3 141 
[loc arcIndex] route: 25 17 5 18 6 19 -4 169 
[loc arcIndex] route: 30 24 12 25 26 26 28 27 -5 188 
DD random seed:184785241
running lns dd
destroy phase
prefix: 0 2 14 
suffix: 11 19 1 24 3 0 
prefix: 0 
suffix: 27 20 0 
prefix: 0 16 18 21 
suffix: 22 7 0 
prefix: 0 25 5 6 17 
suffix: 9 4 0 
prefix: 0 30 
suffix: 26 28 23 8 0 
15 10 29 13 12 
forward frontier
restricted destroy-repair dd compilation
restricted dd compilation - suffixes
running dd lns mip
num vars: 355
obj from lns: 793
[loc arcIndex] route: 2 0 14 1 15 2 -1 118 
[loc arcIndex] route: 10 8 -2 131 
[loc arcIndex] route: 16 11 18 12 21 13 29 14 -3 159 
[loc arcIndex] route: 25 17 5 18 6 19 17 20 13 65 -4 182 
[loc arcIndex] route: 30 24 12 25 -5 192 
DD random seed:208172201
running lns dd
destroy phase
prefix: 0 2 14 
suffix: 11 19 1 24 3 0 
prefix: 0 10 
suffix: 20 0 
prefix: 0 16 
suffix: 21 29 22 7 0 
prefix: 0 25 5 6 
suffix: 13 9 4 0 
prefix: 0 30 12 
suffix: 28 23 8 0 
15 27 18 17 26 
forward frontier
restricted destroy-repair dd compilation
restricted dd compilation - suffixes
running dd lns mip
num vars: 307
obj from lns: 793
[loc arcIndex] route: 2 0 14 1 15 35 -1 99 
[loc arcIndex] route: 10 8 27 30 -2 120 
[loc arcIndex] route: 16 11 18 12 -3 135 
[loc arcIndex] route: 25 17 5 18 6 19 17 20 -4 163 
[loc arcIndex] route: 30 24 12 25 26 26 -5 178 
DD random seed:229702781
running lns dd
destroy phase
prefix: 0 2 
suffix: 15 11 19 1 24 3 0 
prefix: 0 10 
suffix: 20 0 
prefix: 0 16 18 21 29 
suffix: 7 0 
prefix: 0 25 5 6 17 
suffix: 9 4 0 
prefix: 0 30 12 
suffix: 28 23 8 0 
14 27 22 13 26 
forward frontier
restricted destroy-repair dd compilation
restricted dd compilation - suffixes
running dd lns mip
num vars: 392
obj from lns: 793
[loc arcIndex] route: 2 0 14 1 -1 122 
[loc arcIndex] route: 10 8 27 34 -2 147 
[loc arcIndex] route: 16 11 18 12 21 13 29 14 22 15 -3 171 
[loc arcIndex] route: 25 17 5 18 6 19 17 20 13 66 -4 193 
[loc arcIndex] route: 30 24 12 25 26 26 -5 206 
DD random seed:253761109
running lns dd
destroy phase
prefix: 0 2 14 15 
suffix: 19 1 24 3 0 
prefix: 0 10 
suffix: 20 0 
prefix: 0 16 18 21 29 
suffix: 7 0 
prefix: 0 25 5 6 17 13 
suffix: 4 0 
prefix: 0 30 
suffix: 26 28 23 8 0 
11 27 22 9 12 
forward frontier
restricted destroy-repair dd compilation
restricted dd compilation - suffixes
running dd lns mip
num vars: 412
obj from lns: 793
[loc arcIndex] route: 2 0 14 1 15 2 11 54 -1 120 
[loc arcIndex] route: 10 8 27 30 -2 137 
[loc arcIndex] route: 16 11 18 12 21 13 29 14 22 15 -3 164 
[loc arcIndex] route: 25 17 5 18 6 19 17 20 13 21 9 22 -4 189 
[loc arcIndex] route: 30 24 12 40 -5 199 
DD random seed:275799176
running lns dd
destroy phase
prefix: 0 2 14 15 11 19 
suffix: 24 3 0 
prefix: 0 
suffix: 27 20 0 
prefix: 0 16 18 21 
suffix: 22 7 0 
prefix: 0 25 5 6 
suffix: 13 9 4 0 
prefix: 0 
suffix: 12 26 28 23 8 0 
1 10 29 17 30 
forward frontier
restricted destroy-repair dd compilation
restricted dd compilation - suffixes
running dd lns mip
num vars: 196
obj from lns: 793
[loc arcIndex] route: 2 0 14 1 15 2 11 3 19 4 1 5 -1 79 
[loc arcIndex] route: 10 8 -2 82 
[loc arcIndex] route: 16 11 18 12 21 13 29 33 -3 107 
[loc arcIndex] route: 25 17 5 18 6 19 17 20 -4 127 
[loc arcIndex] route: 30 24 -5 134 
DD random seed:287351296
running lns dd
destroy phase
prefix: 0 2 14 15 11 
suffix: 1 24 3 0 
prefix: 0 
suffix: 27 20 0 
prefix: 0 
suffix: 18 21 29 22 7 0 
prefix: 0 25 5 
suffix: 17 13 9 4 0 
prefix: 0 30 
suffix: 26 28 23 8 0 
19 10 16 6 12 
forward frontier
restricted destroy-repair dd compilation
restricted dd compilation - suffixes
running dd lns mip
num vars: 205
obj from lns: 793
[loc arcIndex] route: 2 0 14 1 15 2 11 3 19 4 -1 77 
[loc arcIndex] route: 10 8 -2 81 
[loc arcIndex] route: 16 11 -3 94 
[loc arcIndex] route: 25 17 5 18 6 39 -4 120 
[loc arcIndex] route: 30 24 12 25 -5 132 
updated increasing parameter: 2
DD random seed:302569306
running lns dd
destroy phase
prefix: 0 2 14 15 11 19 
suffix: 3 0 
prefix: 0 10 
suffix: 0 
prefix: 0 
suffix: 21 29 22 7 0 
prefix: 0 25 5 6 17 
suffix: 4 0 
prefix: 0 30 
suffix: 28 23 8 0 
1 24 27 20 16 18 13 9 12 26 
forward frontier
restricted destroy-repair dd compilation
restricted dd compilation - suffixes
running dd lns mip
num vars: 665
obj from lns: 793
[loc arcIndex] route: 2 0 14 1 15 2 11 3 19 4 1 76 24 6 3 7 -2 193 
[loc arcIndex] route: 10 8 27 30 20 10 -2 205 
[loc arcIndex] route: 16 11 18 12 -3 216 
[loc arcIndex] route: 25 17 5 18 6 19 17 20 13 90 9 22 4 23 -2 257 
[loc arcIndex] route: 30 24 12 36 26 61 28 27 23 28 8 29 -2 277 
DD random seed:341991910
running lns dd
destroy phase
prefix: 0 2 14 15 11 
suffix: 24 3 0 
prefix: 0 10 
suffix: 0 
prefix: 0 16 18 
suffix: 22 7 0 
prefix: 0 
suffix: 6 17 13 9 4 0 
prefix: 0 30 12 
suffix: 23 8 0 
19 1 27 20 21 29 25 5 26 28 
forward frontier
restricted destroy-repair dd compilation
restricted dd compilation - suffixes
running dd lns mip
num vars: 1328
obj from lns: 793
[loc arcIndex] route: 2 0 14 1 15 2 11 3 19 4 1 5 24 6 3 7 -2 445 
[loc arcIndex] route: 10 8 27 9 20 32 -2 457 
[loc arcIndex] route: 16 11 18 12 21 13 29 14 -3 475 
[loc arcIndex] route: 25 17 5 31 6 19 17 20 13 21 9 22 4 23 -2 503 
[loc arcIndex] route: 30 24 12 25 26 26 28 27 23 28 8 29 -2 521 
DD random seed:418071076
running lns dd
destroy phase
prefix: 0 2 14 15 11 19 
suffix: 3 0 
prefix: 0 10 
suffix: 0 
prefix: 0 16 18 
suffix: 22 7 0 
prefix: 0 25 5 
suffix: 13 9 4 0 
prefix: 0 30 
suffix: 28 23 8 0 
1 24 27 20 21 29 6 17 12 26 
forward frontier
restricted destroy-repair dd compilation
restricted dd compilation - suffixes
running dd lns mip
num vars: 1146
obj from lns: 793
[loc arcIndex] route: 2 0 14 1 15 2 11 3 19 4 1 75 24 6 -1 389 
[loc arcIndex] route: 10 8 27 9 20 10 -2 403 
[loc arcIndex] route: 16 11 18 12 21 43 29 14 22 15 7 16 -2 430 
[loc arcIndex] route: 25 17 5 18 6 38 17 48 -4 449 
[loc arcIndex] route: 30 24 12 25 26 54 28 27 23 28 8 29 -2 474 
DD random seed:491447858
running lns dd
destroy phase
prefix: 0 
suffix: 15 11 19 1 24 3 0 
prefix: 0 10 
suffix: 0 
prefix: 0 
suffix: 21 29 22 7 0 
prefix: 0 25 5 6 17 13 
suffix: 0 
prefix: 0 
suffix: 26 28 23 8 0 
2 14 27 20 16 18 9 4 30 12 
forward frontier
restricted destroy-repair dd compilation
restricted dd compilation - suffixes
running dd lns mip
num vars: 576
obj from lns: 793
[loc arcIndex] route: 2 0 14 1 -1 176 
[loc arcIndex] route: 10 8 27 9 20 10 -4 208 
[loc arcIndex] route: 16 11 18 12 21 13 29 14 22 15 7 16 -2 225 
[loc arcIndex] route: 25 17 5 18 6 19 17 20 13 21 9 22 4 23 -2 246 
[loc arcIndex] route: 30 24 12 25 26 26 28 27 23 28 8 29 -2 262 
DD random seed:523118319
running lns dd
destroy phase
prefix: 0 2 14 15 11 19 
suffix: 3 0 
prefix: 0 
suffix: 20 0 
prefix: 0 16 18 21 
suffix: 7 0 
prefix: 0 25 5 6 17 13 
suffix: 0 
prefix: 0 30 12 26 
suffix: 8 0 
1 24 10 27 29 22 9 4 28 23 
forward frontier
restricted destroy-repair dd compilation
restricted dd compilation - suffixes
running dd lns mip
num vars: 1150
obj from lns: 791
[loc arcIndex] route: 2 0 14 1 15 2 11 3 19 4 24 125 1 152 -1 959 
[loc arcIndex] route: 10 8 27 30 20 10 -4 283 
[loc arcIndex] route: 16 11 18 12 21 13 29 14 22 128 -3 307 
[loc arcIndex] route: 25 17 5 18 6 19 17 20 13 21 9 164 4 23 -4 343 
[loc arcIndex] route: 30 24 12 25 26 26 28 27 23 173 8 29 -4 368 
improved ub from lns primal heuristic: 791
STATS - lpIterations[0] lagIterations[0] sspIterations[0] numSeparations[0] numCuts[0] compileTime[0] sspSolveTime[0] lpSolveTime[0] lb[0] ub[791] numArcs: [0] numFixed: [0] time: [9]
STATS1 - lpIterations[0] lagIterations[0] sspIterations[0] numSeparations[0] numCuts[0] compileTime[0] sspSolveTime[0] lpSolveTime[0] repairTime[0] cutsTime[0] alphaTime[0] decompTime[0] yellowTime[0] updateTime[0] fixTime[0] lb[0] ub[791] numArcs: [0] numFixed: [0] time: [9]
added route to primal routes: 0,2,14,15,11,19,24,1,3,0,
random seed: 574952234
added maximal sequence to primal routes: 0,21,2,14,15,11,19,24,1,3,0,
updated increasing parameter: 1
DD random seed:602939720
running lns dd
destroy phase
prefix: 0 2 14 15 
suffix: 19 24 1 3 0 
prefix: 0 
suffix: 27 20 0 
prefix: 0 
suffix: 18 21 29 22 7 0 
prefix: 0 25 5 6 17 13 
suffix: 4 0 
prefix: 0 
suffix: 12 26 28 23 8 0 
11 10 16 9 30 
forward frontier
restricted destroy-repair dd compilation
restricted dd compilation - suffixes
running dd lns mip
num vars: 199
obj from lns: 791
[loc arcIndex] route: 2 0 14 1 15 2 11 41 -1 76 
[loc arcIndex] route: 10 8 -2 84 
[loc arcIndex] route: 16 11 -3 95 
[loc arcIndex] route: 25 17 5 18 6 19 17 20 13 21 9 54 -4 124 
[loc arcIndex] route: 30 24 -5 129 
DD random seed:617596509
running lns dd
destroy phase
prefix: 0 2 14 
suffix: 11 19 24 1 3 0 
prefix: 0 10 
suffix: 20 0 
prefix: 0 16 18 
suffix: 29 22 7 0 
prefix: 0 
suffix: 5 6 17 13 9 4 0 
prefix: 0 30 12 26 28 
suffix: 8 0 
15 27 21 25 23 
forward frontier
restricted destroy-repair dd compilation
restricted dd compilation - suffixes
running dd lns mip
num vars: 241
obj from lns: 791
[loc arcIndex] route: 2 0 14 1 15 2 -1 76 
[loc arcIndex] route: 10 8 27 9 -2 96 
[loc arcIndex] route: 16 11 18 12 21 13 -3 112 
[loc arcIndex] route: 25 17 -4 123 
[loc arcIndex] route: 30 24 12 25 26 26 28 27 23 28 -5 152 
DD random seed:634421882
running lns dd
destroy phase
prefix: 0 2 14 15 11 
suffix: 24 1 3 0 
prefix: 0 10 
suffix: 20 0 
prefix: 0 16 18 
suffix: 29 22 7 0 
prefix: 0 
suffix: 5 6 17 13 9 4 0 
prefix: 0 30 12 26 
suffix: 23 8 0 
19 27 21 25 28 
forward frontier
restricted destroy-repair dd compilation
restricted dd compilation - suffixes
running dd lns mip
num vars: 264
obj from lns: 791
[loc arcIndex] route: 2 0 14 1 15 2 11 3 19 4 -1 97 
[loc arcIndex] route: 10 8 27 9 -2 110 
[loc arcIndex] route: 16 11 18 12 21 33 -3 126 
[loc arcIndex] route: 25 17 -4 137 
[loc arcIndex] route: 30 24 12 25 26 26 28 64 -5 163 
DD random seed:653269143
running lns dd
destroy phase
prefix: 0 2 14 15 
suffix: 19 24 1 3 0 
prefix: 0 10 
suffix: 20 0 
prefix: 0 16 18 
suffix: 29 22 7 0 
prefix: 0 25 5 6 
suffix: 13 9 4 0 
prefix: 0 30 12 26 28 
suffix: 8 0 
11 27 21 17 23 
forward frontier
restricted destroy-repair dd compilation
restricted dd compilation - suffixes
running dd lns mip
num vars: 271
obj from lns: 791
[loc arcIndex] route: 2 0 14 1 15 2 11 3 -1 92 
[loc arcIndex] route: 10 8 27 9 -2 111 
[loc arcIndex] route: 16 11 18 12 21 30 -3 131 
[loc arcIndex] route: 25 17 5 18 6 19 17 36 -4 157 
[loc arcIndex] route: 30 24 12 25 26 26 28 27 23 28 -5 178 
DD random seed:670368808
running lns dd
destroy phase
prefix: 0 
suffix: 14 15 11 19 24 1 3 0 
prefix: 0 10 
suffix: 20 0 
prefix: 0 16 18 
suffix: 29 22 7 0 
prefix: 0 25 5 6 
suffix: 13 9 4 0 
prefix: 0 30 
suffix: 26 28 23 8 0 
2 27 21 17 12 
forward frontier
restricted destroy-repair dd compilation
restricted dd compilation - suffixes
running dd lns mip
num vars: 173
obj from lns: 791
[loc arcIndex] route: 2 0 -1 55 
[loc arcIndex] route: 10 8 27 9 -2 80 
[loc arcIndex] route: 16 11 18 12 21 13 -3 96 
[loc arcIndex] route: 25 17 5 18 6 19 17 20 -4 116 
[loc arcIndex] route: 30 24 12 25 -5 126 
DD random seed:683391142
running lns dd
destroy phase
prefix: 0 2 
suffix: 15 11 19 24 1 3 0 
prefix: 0 
suffix: 27 20 0 
prefix: 0 16 18 21 29 
suffix: 7 0 
prefix: 0 25 5 6 
suffix: 13 9 4 0 
prefix: 0 30 
suffix: 26 28 23 8 0 
14 10 22 17 12 
forward frontier
restricted destroy-repair dd compilation
restricted dd compilation - suffixes
running dd lns mip
num vars: 224
obj from lns: 791
[loc arcIndex] route: 2 0 14 1 -1 81 
[loc arcIndex] route: 10 8 -2 99 
[loc arcIndex] route: 16 11 18 12 21 13 29 14 22 15 -3 125 
[loc arcIndex] route: 25 17 5 18 6 19 17 33 -4 141 
[loc arcIndex] route: 30 24 12 32 -5 151 
DD random seed:701796264
running lns dd
destroy phase
prefix: 0 2 14 
suffix: 11 19 24 1 3 0 
prefix: 0 
suffix: 27 20 0 
prefix: 0 16 18 21 29 
suffix: 7 0 
prefix: 0 25 
suffix: 6 17 13 9 4 0 
prefix: 0 30 12 26 
suffix: 23 8 0 
15 10 22 5 28 
forward frontier
restricted destroy-repair dd compilation
restricted dd compilation - suffixes
running dd lns mip
num vars: 211
obj from lns: 791
[loc arcIndex] route: 2 0 14 1 15 2 -1 87 
[loc arcIndex] route: 10 8 -2 101 
[loc arcIndex] route: 16 11 18 12 21 13 29 14 22 15 -3 129 
[loc arcIndex] route: 25 17 5 30 -4 139 
[loc arcIndex] route: 30 24 12 25 26 26 28 27 -5 165 
DD random seed:717272409
running lns dd
destroy phase
prefix: 0 2 14 15 11 
suffix: 24 1 3 0 
prefix: 0 10 
suffix: 20 0 
prefix: 0 16 18 21 
suffix: 22 7 0 
prefix: 0 25 5 6 
suffix: 13 9 4 0 
prefix: 0 30 12 26 
suffix: 23 8 0 
19 27 29 17 28 
forward frontier
restricted destroy-repair dd compilation
restricted dd compilation - suffixes
running dd lns mip
num vars: 248
obj from lns: 791
[loc arcIndex] route: 2 0 14 1 15 2 11 3 19 4 -1 91 
[loc arcIndex] route: 10 8 27 9 -2 106 
[loc arcIndex] route: 16 11 18 12 21 13 29 14 -3 131 
[loc arcIndex] route: 25 17 5 18 6 19 17 20 -4 154 
[loc arcIndex] route: 30 24 12 25 26 26 28 27 -5 173 
DD random seed:732725915
running lns dd
destroy phase
prefix: 0 2 14 15 11 19 
suffix: 1 3 0 
prefix: 0 
suffix: 27 20 0 
prefix: 0 16 
suffix: 21 29 22 7 0 
prefix: 0 25 5 6 17 
suffix: 9 4 0 
prefix: 0 30 12 26 28 
suffix: 8 0 
24 10 18 13 23 
forward frontier
restricted destroy-repair dd compilation
restricted dd compilation - suffixes
running dd lns mip
num vars: 314
obj from lns: 791
[loc arcIndex] route: 2 0 14 1 15 2 11 3 19 4 24 5 -1 93 
[loc arcIndex] route: 10 8 -2 99 
[loc arcIndex] route: 16 11 18 12 -3 118 
[loc arcIndex] route: 25 17 5 18 6 19 17 20 13 21 -4 153 
[loc arcIndex] route: 30 24 12 25 26 26 28 27 23 28 -5 173 
DD random seed:748850432
running lns dd
destroy phase
prefix: 0 2 14 
suffix: 11 19 24 1 3 0 
prefix: 0 
suffix: 27 20 0 
prefix: 0 16 18 21 29 
suffix: 7 0 
prefix: 0 25 5 
suffix: 17 13 9 4 0 
prefix: 0 30 
suffix: 26 28 23 8 0 
15 10 22 6 12 
forward frontier
restricted destroy-repair dd compilation
restricted dd compilation - suffixes
running dd lns mip
num vars: 249
obj from lns: 791
[loc arcIndex] route: 2 0 14 1 15 2 -1 96 
[loc arcIndex] route: 10 8 -2 107 
[loc arcIndex] route: 16 11 18 12 21 13 29 14 22 15 -3 137 
[loc arcIndex] route: 25 17 5 18 6 37 -4 151 
[loc arcIndex] route: 30 24 12 25 -5 166 
updated increasing parameter: 2
DD random seed:765980545
running lns dd
destroy phase
prefix: 0 2 14 15 11 19 
suffix: 3 0 
prefix: 0 
suffix: 20 0 
prefix: 0 16 18 
suffix: 22 7 0 
prefix: 0 25 5 6 
suffix: 9 4 0 
prefix: 0 30 
suffix: 28 23 8 0 
24 1 10 27 21 29 17 13 12 26 
forward frontier
restricted destroy-repair dd compilation
restricted dd compilation - suffixes
running dd lns mip
num vars: 1256
obj from lns: 791
[loc arcIndex] route: 2 0 14 1 15 2 11 3 19 4 24 5 1 163 -1 468 
[loc arcIndex] route: 10 8 27 9 -2 476 
[loc arcIndex] route: 16 11 18 12 21 13 29 14 -3 501 
[loc arcIndex] route: 25 17 5 18 6 19 13 53 17 111 -4 883 
[loc arcIndex] route: 30 24 12 25 26 26 -5 548 
DD random seed:841789352
running lns dd
destroy phase
prefix: 0 2 14 15 11 19 
suffix: 3 0 
prefix: 0 
suffix: 20 0 
prefix: 0 16 
suffix: 29 22 7 0 
prefix: 0 25 5 6 
suffix: 9 4 0 
prefix: 0 30 12 26 28 
suffix: 0 
24 1 10 27 18 21 17 13 23 8 
forward frontier
restricted destroy-repair dd compilation
restricted dd compilation - suffixes
running dd lns mip
num vars: 375
obj from lns: 791
[loc arcIndex] route: 2 0 14 1 15 2 11 3 19 4 24 5 1 6 3 7 -5 131 
[loc arcIndex] route: 10 8 27 9 20 10 -5 145 
[loc arcIndex] route: 16 11 18 30 21 13 29 14 22 15 7 16 -5 171 
[loc arcIndex] route: 25 17 5 18 6 19 17 34 13 21 9 22 4 23 -5 198 
[loc arcIndex] route: 30 24 12 25 26 26 28 27 23 28 8 29 -5 220 
DD random seed:863582315
running lns dd
destroy phase
prefix: 0 2 14 15 11 
suffix: 1 3 0 
prefix: 0 10 
suffix: 0 
prefix: 0 16 18 
suffix: 22 7 0 
prefix: 0 25 
suffix: 17 13 9 4 0 
prefix: 0 30 12 26 
suffix: 8 0 
19 24 27 20 21 29 5 6 28 23 
forward frontier
restricted destroy-repair dd compilation
restricted dd compilation - suffixes
running dd lns mip
num vars: 712
obj from lns: 787
[loc arcIndex] route: 2 0 14 1 15 2 11 3 24 110 19 118 -1 627 
[loc arcIndex] route: 10 8 27 9 20 10 -2 211 
[loc arcIndex] route: 16 11 18 12 21 13 29 14 -3 232 
[loc arcIndex] route: 25 17 5 18 6 19 17 20 13 21 9 22 4 23 -2 261 
[loc arcIndex] route: 30 24 12 25 26 26 28 27 23 28 -5 279 
improved ub from lns primal heuristic: 787
STATS - lpIterations[0] lagIterations[0] sspIterations[0] numSeparations[0] numCuts[0] compileTime[0] sspSolveTime[0] lpSolveTime[0] lb[0] ub[787] numArcs: [0] numFixed: [0] time: [10]
STATS1 - lpIterations[0] lagIterations[0] sspIterations[0] numSeparations[0] numCuts[0] compileTime[0] sspSolveTime[0] lpSolveTime[0] repairTime[0] cutsTime[0] alphaTime[0] decompTime[0] yellowTime[0] updateTime[0] fixTime[0] lb[0] ub[787] numArcs: [0] numFixed: [0] time: [10]
added route to primal routes: 0,2,14,15,11,24,19,1,3,0,
random seed: 904493984
added maximal sequence to primal routes: 0,21,2,14,15,11,24,19,1,3,0,
updated increasing parameter: 1
DD random seed:929800998
running lns dd
destroy phase
prefix: 0 2 
suffix: 15 11 24 19 1 3 0 
prefix: 0 
suffix: 27 20 0 
prefix: 0 16 18 21 29 
suffix: 7 0 
prefix: 0 25 5 6 
suffix: 13 9 4 0 
prefix: 0 30 
suffix: 26 28 23 8 0 
14 10 22 17 12 
forward frontier
restricted destroy-repair dd compilation
restricted dd compilation - suffixes
running dd lns mip
num vars: 292
obj from lns: 787
[loc arcIndex] route: 2 0 14 31 -1 90 
[loc arcIndex] route: 10 8 -2 107 
[loc arcIndex] route: 16 11 18 12 21 13 29 14 22 62 -3 133 
[loc arcIndex] route: 25 17 5 18 6 19 17 20 -4 149 
[loc arcIndex] route: 30 24 12 25 -5 159 
DD random seed:948876613
running lns dd
destroy phase
prefix: 0 2 14 15 11 24 19 
suffix: 3 0 
prefix: 0 
suffix: 27 20 0 
prefix: 0 16 18 21 29 
suffix: 7 0 
prefix: 0 25 5 
suffix: 17 13 9 4 0 
prefix: 0 
suffix: 12 26 28 23 8 0 
1 10 22 6 30 
forward frontier
restricted destroy-repair dd compilation
restricted dd compilation - suffixes
running dd lns mip
num vars: 313
obj from lns: 787
[loc arcIndex] route: 2 0 14 1 15 2 11 3 24 4 19 5 1 67 -1 119 
[loc arcIndex] route: 10 8 -2 121 
[loc arcIndex] route: 16 11 18 12 21 13 29 14 22 15 -3 149 
[loc arcIndex] route: 25 17 5 18 6 19 -4 163 
[loc arcIndex] route: 30 24 -5 175 
DD random seed:966057968
running lns dd
destroy phase
prefix: 0 2 14 
suffix: 11 24 19 1 3 0 
prefix: 0 
suffix: 27 20 0 
prefix: 0 16 18 21 29 
suffix: 7 0 
prefix: 0 25 5 6 17 
suffix: 9 4 0 
prefix: 0 30 12 26 28 
suffix: 8 0 
15 10 22 13 23 
forward frontier
restricted destroy-repair dd compilation
restricted dd compilation - suffixes
running dd lns mip
num vars: 368
obj from lns: 787
[loc arcIndex] route: 2 0 14 1 15 2 -1 119 
[loc arcIndex] route: 10 8 -2 138 
[loc arcIndex] route: 16 11 18 12 21 13 29 14 22 15 -3 170 
[loc arcIndex] route: 25 17 5 18 6 19 17 20 13 50 -4 195 
[loc arcIndex] route: 30 24 12 25 26 26 28 27 23 28 -5 216 
DD random seed:986477097
running lns dd
destroy phase
prefix: 0 2 14 
suffix: 11 24 19 1 3 0 
prefix: 0 
suffix: 27 20 0 
prefix: 0 16 18 21 29 
suffix: 7 0 
prefix: 0 25 5 6 
suffix: 13 9 4 0 
prefix: 0 30 12 26 28 
suffix: 8 0 
15 10 22 17 23 
forward frontier
restricted destroy-repair dd compilation
restricted dd compilation - suffixes
running dd lns mip
num vars: 227
obj from lns: 787
[loc arcIndex] route: 2 0 14 1 15 2 -1 72 
[loc arcIndex] route: 10 8 -2 89 
[loc arcIndex] route: 16 11 18 12 21 13 29 14 22 15 -3 121 
[loc arcIndex] route: 25 17 5 18 6 19 17 20 -4 141 
[loc arcIndex] route: 30 24 12 25 26 26 28 27 23 54 -5 163 
DD random seed:999289622
running lns dd
destroy phase
prefix: 0 2 
suffix: 15 11 24 19 1 3 0 
prefix: 0 10 
suffix: 20 0 
prefix: 0 16 18 21 
suffix: 22 7 0 
prefix: 0 25 5 6 17 13 
suffix: 4 0 
prefix: 0 30 12 26 
suffix: 23 8 0 
14 27 29 9 28 
forward frontier
restricted destroy-repair dd compilation
restricted dd compilation - suffixes
running dd lns mip
num vars: 309
obj from lns: 787
[loc arcIndex] route: 2 0 14 31 -1 103 
[loc arcIndex] route: 10 8 27 9 -2 130 
[loc arcIndex] route: 16 11 18 12 21 13 29 14 -3 150 
[loc arcIndex] route: 25 17 5 18 6 19 17 20 13 21 9 57 -4 178 
[loc arcIndex] route: 30 24 12 25 26 26 28 52 -5 193 
DD random seed:1017186065
running lns dd
destroy phase
prefix: 0 2 14 15 11 24 
suffix: 1 3 0 
prefix: 0 
suffix: 27 20 0 
prefix: 0 16 18 21 29 
suffix: 7 0 
prefix: 0 25 5 
suffix: 17 13 9 4 0 
prefix: 0 30 12 
suffix: 28 23 8 0 
19 10 22 6 26 
forward frontier
restricted destroy-repair dd compilation
restricted dd compilation - suffixes
running dd lns mip
num vars: 280
obj from lns: 787
[loc arcIndex] route: 2 0 14 1 15 2 11 3 24 4 19 5 -1 102 
[loc arcIndex] route: 10 8 -2 107 
[loc arcIndex] route: 16 11 18 12 21 13 29 14 22 15 -3 139 
[loc arcIndex] route: 25 17 5 18 6 19 -4 153 
[loc arcIndex] route: 30 24 12 25 26 30 -5 174 
DD random seed:1034575847
running lns dd
destroy phase
prefix: 0 2 14 15 
suffix: 24 19 1 3 0 
prefix: 0 
suffix: 27 20 0 
prefix: 0 
suffix: 18 21 29 22 7 0 
prefix: 0 
suffix: 5 6 17 13 9 4 0 
prefix: 0 
suffix: 12 26 28 23 8 0 
11 10 16 25 30 
forward frontier
restricted destroy-repair dd compilation
restricted dd compilation - suffixes
running dd lns mip
num vars: 148
obj from lns: 787
[loc arcIndex] route: 2 0 14 1 15 2 11 3 -1 61 
[loc arcIndex] route: 10 8 -2 66 
[loc arcIndex] route: 16 11 -3 75 
[loc arcIndex] route: 25 17 -4 86 
[loc arcIndex] route: 30 24 -5 98 
DD random seed:1046778512
running lns dd
destroy phase
prefix: 0 2 14 15 11 24 19 
suffix: 3 0 
prefix: 0 10 
suffix: 20 0 
prefix: 0 16 
suffix: 21 29 22 7 0 
prefix: 0 25 5 
suffix: 17 13 9 4 0 
prefix: 0 30 12 26 
suffix: 23 8 0 
1 27 18 6 28 
forward frontier
restricted destroy-repair dd compilation
restricted dd compilation - suffixes
running dd lns mip
num vars: 287
obj from lns: 787
[loc arcIndex] route: 2 0 14 1 15 2 11 3 24 4 19 5 1 6 -1 105 
[loc arcIndex] route: 10 8 27 9 -2 113 
[loc arcIndex] route: 16 11 18 12 -3 128 
[loc arcIndex] route: 25 17 5 18 6 19 -4 156 
[loc arcIndex] route: 30 24 12 25 26 26 28 27 -5 181 
DD random seed:1065370667
running lns dd
destroy phase
prefix: 0 2 14 15 11 
suffix: 19 1 3 0 
prefix: 0 10 
suffix: 20 0 
prefix: 0 16 18 
suffix: 29 22 7 0 
prefix: 0 25 5 6 17 
suffix: 9 4 0 
prefix: 0 30 12 
suffix: 28 23 8 0 
24 27 21 13 26 
forward frontier
restricted destroy-repair dd compilation
restricted dd compilation - suffixes
running dd lns mip
num vars: 288
obj from lns: 787
[loc arcIndex] route: 2 0 14 1 15 2 11 3 24 38 -1 113 
[loc arcIndex] route: 10 8 27 9 -2 127 
[loc arcIndex] route: 16 11 18 12 21 13 -3 147 
[loc arcIndex] route: 25 17 5 18 6 19 17 20 13 21 -4 177 
[loc arcIndex] route: 30 24 12 25 26 26 -5 192 
DD random seed:1084021913
running lns dd
destroy phase
prefix: 0 2 14 
suffix: 11 24 19 1 3 0 
prefix: 0 10 
suffix: 20 0 
prefix: 0 16 18 
suffix: 29 22 7 0 
prefix: 0 25 5 6 17 13 
suffix: 4 0 
prefix: 0 30 
suffix: 26 28 23 8 0 
15 27 21 9 12 
forward frontier
restricted destroy-repair dd compilation
restricted dd compilation - suffixes
running dd lns mip
num vars: 292
obj from lns: 787
[loc arcIndex] route: 2 0 14 1 15 2 -1 89 
[loc arcIndex] route: 10 8 27 9 -2 108 
[loc arcIndex] route: 16 11 18 12 21 13 -3 128 
[loc arcIndex] route: 25 17 5 18 6 19 17 20 13 21 9 22 -4 156 
[loc arcIndex] route: 30 24 12 33 -5 166 
updated increasing parameter: 2
DD random seed:1103016209
running lns dd
destroy phase
prefix: 0 
suffix: 15 11 24 19 1 3 0 
prefix: 0 10 
suffix: 0 
prefix: 0 16 18 21 29 
suffix: 0 
prefix: 0 25 5 6 17 13 
suffix: 0 
prefix: 0 30 12 26 
suffix: 8 0 
2 14 27 20 22 7 9 4 28 23 
forward frontier
restricted destroy-repair dd compilation
restricted dd compilation - suffixes
running dd lns mip
num vars: 319
obj from lns: 787
[loc arcIndex] route: 2 0 14 1 15 2 11 3 24 4 19 5 1 6 3 7 -2 98 
[loc arcIndex] route: 10 8 27 9 20 33 -4 112 
[loc arcIndex] route: 16 11 18 12 21 13 29 14 22 15 7 16 -2 134 
[loc arcIndex] route: 25 17 5 18 6 19 17 20 13 21 9 59 4 23 -3 164 
[loc arcIndex] route: 30 24 12 25 26 26 28 54 23 28 -5 185 
DD random seed:1113883791
running lns dd
destroy phase
prefix: 0 2 14 
suffix: 24 19 1 3 0 
prefix: 0 
suffix: 20 0 
prefix: 0 16 
suffix: 29 22 7 0 
prefix: 0 25 
suffix: 17 13 9 4 0 
prefix: 0 
suffix: 26 28 23 8 0 
15 11 10 27 18 21 5 6 30 12 
forward frontier
restricted destroy-repair dd compilation
restricted dd compilation - suffixes
running dd lns mip
num vars: 956
obj from lns: 787
[loc arcIndex] route: 2 0 14 1 15 2 11 3 -1 359 
[loc arcIndex] route: 10 8 27 30 -2 371 
[loc arcIndex] route: 16 11 18 40 21 13 -3 391 
[loc arcIndex] route: 25 17 5 18 6 19 -4 410 
[loc arcIndex] route: 30 24 12 25 -5 424 
DD random seed:1190654718
running lns dd
destroy phase
prefix: 0 2 
suffix: 11 24 19 1 3 0 
prefix: 0 10 
suffix: 0 
prefix: 0 16 
suffix: 29 22 7 0 
prefix: 0 
suffix: 6 17 13 9 4 0 
prefix: 0 
suffix: 26 28 23 8 0 
14 15 27 20 18 21 25 5 30 12 
forward frontier
restricted destroy-repair dd compilation
restricted dd compilation - suffixes
running dd lns mip
num vars: 441
obj from lns: 787
[loc arcIndex] route: 2 0 14 1 15 2 11 3 24 4 19 5 1 6 3 7 -2 147 
[loc arcIndex] route: 10 8 27 9 20 10 -2 159 
[loc arcIndex] route: 16 11 18 12 21 13 29 14 22 15 7 16 -2 177 
[loc arcIndex] route: 25 17 5 18 -4 186 
[loc arcIndex] route: 30 24 12 25 -5 204 
DD random seed:1224216912
running lns dd
destroy phase
prefix: 0 2 14 
suffix: 24 19 1 3 0 
prefix: 0 10 
suffix: 0 
prefix: 0 16 18 21 29 
suffix: 0 
prefix: 0 25 5 6 
suffix: 9 4 0 
prefix: 0 30 12 26 
suffix: 8 0 
15 11 27 20 22 7 17 13 28 23 
forward frontier
restricted destroy-repair dd compilation
restricted dd compilation - suffixes
running dd lns mip
num vars: 552
obj from lns: 787
[loc arcIndex] route: 2 0 14 1 15 2 11 3 -1 135 
[loc arcIndex] route: 10 8 27 9 20 10 -2 164 
[loc arcIndex] route: 16 11 18 12 21 13 29 14 22 80 7 16 -2 191 
[loc arcIndex] route: 25 17 5 18 6 19 17 20 13 21 9 22 4 23 -2 220 
[loc arcIndex] route: 30 24 12 25 26 26 28 27 23 28 8 29 -2 243 
DD random seed:1250314654
running lns dd
destroy phase
prefix: 0 
suffix: 15 11 24 19 1 3 0 
prefix: 0 
suffix: 20 0 
prefix: 0 16 18 21 
suffix: 7 0 
prefix: 0 25 5 6 17 
suffix: 4 0 
prefix: 0 30 12 26 
suffix: 8 0 
2 14 10 27 29 22 13 9 28 23 
forward frontier
restricted destroy-repair dd compilation
restricted dd compilation - suffixes
running dd lns mip
num vars: 1034
obj from lns: 787
[loc arcIndex] route: 2 0 14 1 -1 356 
[loc arcIndex] route: 10 8 27 9 -2 384 
[loc arcIndex] route: 16 11 18 12 21 13 29 14 22 15 -3 408 
[loc arcIndex] route: 25 17 5 18 6 19 17 20 13 61 9 113 -4 435 
[loc arcIndex] route: 30 24 12 25 26 26 28 85 23 28 -5 454 
DD random seed:1313808105
running lns dd
destroy phase
prefix: 0 2 14 15 11 24 19 
suffix: 0 
prefix: 0 10 
suffix: 0 
prefix: 0 16 18 21 29 
suffix: 0 
prefix: 0 25 
suffix: 17 13 9 4 0 
prefix: 0 
suffix: 26 28 23 8 0 
1 3 27 20 22 7 5 6 30 12 
forward frontier
restricted destroy-repair dd compilation
restricted dd compilation - suffixes
running dd lns mip
num vars: 1462
obj from lns: 787
[loc arcIndex] route: 2 0 14 1 15 2 11 3 24 4 19 5 1 6 3 7 -1 388 
[loc arcIndex] route: 10 8 27 9 20 10 -1 401 
[loc arcIndex] route: 16 11 18 12 21 13 29 14 22 15 7 246 -1 427 
[loc arcIndex] route: 25 17 5 18 6 19 17 20 13 21 9 22 4 23 -1 454 
[loc arcIndex] route: 30 24 12 25 26 26 28 27 23 28 8 29 -1 476 
DD random seed:1369646152
running lns dd
destroy phase
prefix: 0 2 14 15 11 24 19 
suffix: 0 
prefix: 0 10 
suffix: 0 
prefix: 0 16 18 21 29 
suffix: 0 
prefix: 0 25 5 
suffix: 13 9 4 0 
prefix: 0 30 12 26 28 
suffix: 0 
1 3 27 20 22 7 6 17 23 8 
forward frontier
restricted destroy-repair dd compilation
restricted dd compilation - suffixes
running dd lns mip
num vars: 1103
obj from lns: 787
[loc arcIndex] route: 2 0 14 1 15 2 11 3 24 4 19 5 1 6 3 7 -5 256 
[loc arcIndex] route: 10 8 27 9 20 10 -3 269 
[loc arcIndex] route: 16 11 18 12 21 13 29 14 22 139 7 16 -3 298 
[loc arcIndex] route: 25 17 5 18 6 65 17 70 -4 318 
[loc arcIndex] route: 30 24 12 25 26 26 28 27 23 28 8 216 -1 354 
DD random seed:1404110285
running lns dd
destroy phase
prefix: 0 
suffix: 15 11 24 19 1 3 0 
prefix: 0 10 
suffix: 0 
prefix: 0 16 18 21 
suffix: 7 0 
prefix: 0 25 5 6 
suffix: 9 4 0 
prefix: 0 30 12 26 
suffix: 8 0 
2 14 27 20 29 22 17 13 28 23 
forward frontier
restricted destroy-repair dd compilation
restricted dd compilation - suffixes
running dd lns mip
num vars: 881
obj from lns: 787
[loc arcIndex] route: 2 0 14 1 -1 263 
[loc arcIndex] route: 10 8 27 30 20 10 -2 296 
[loc arcIndex] route: 16 11 18 12 21 13 29 33 22 50 7 16 -2 320 
[loc arcIndex] route: 25 17 5 18 6 19 17 43 13 21 9 22 4 23 -2 345 
[loc arcIndex] route: 30 24 12 25 26 26 28 91 23 155 8 29 -2 364 
DD random seed:1456894178
running lns dd
destroy phase
prefix: 0 2 14 15 11 24 
suffix: 3 0 
prefix: 0 10 
suffix: 0 
prefix: 0 16 18 
suffix: 22 7 0 
prefix: 0 
suffix: 6 17 13 9 4 0 
prefix: 0 30 
suffix: 28 23 8 0 
19 1 27 20 21 29 25 5 12 26 
forward frontier
restricted destroy-repair dd compilation
restricted dd compilation - suffixes
running dd lns mip
num vars: 464
obj from lns: 787
[loc arcIndex] route: 2 0 14 1 15 2 11 3 24 4 19 5 1 88 3 7 -2 150 
[loc arcIndex] route: 10 8 27 30 20 10 -2 162 
[loc arcIndex] route: 16 11 18 12 21 13 29 14 22 15 7 16 -2 185 
[loc arcIndex] route: 25 17 5 18 6 19 17 20 13 21 9 22 4 23 -2 208 
[loc arcIndex] route: 30 24 12 25 26 26 28 27 23 28 8 29 -2 226 
DD random seed:1485835283
running lns dd
destroy phase
prefix: 0 2 14 15 11 24 19 
suffix: 0 
prefix: 0 10 
suffix: 0 
prefix: 0 16 
suffix: 29 22 7 0 
prefix: 0 25 5 6 
suffix: 9 4 0 
prefix: 0 30 12 26 28 
suffix: 0 
1 3 27 20 18 21 17 13 23 8 
forward frontier
restricted destroy-repair dd compilation
restricted dd compilation - suffixes
running dd lns mip
num vars: 1062
obj from lns: 787
[loc arcIndex] route: 2 0 14 1 15 2 11 3 24 4 19 5 1 6 3 199 -2 241 
[loc arcIndex] route: 10 8 27 30 20 66 -5 257 
[loc arcIndex] route: 16 11 18 12 21 13 -3 270 
[loc arcIndex] route: 25 17 5 18 6 19 17 20 13 21 -4 305 
[loc arcIndex] route: 30 24 12 25 26 26 28 27 23 28 8 29 -2 335 
updated increasing parameter: 3
DD random seed:1529457360
running lns dd
destroy phase
prefix: 0 2 14 15 
suffix: 1 3 0 
prefix: 0 
suffix: 0 
prefix: 0 16 
suffix: 22 7 0 
prefix: 0 25 5 6 
suffix: 4 0 
prefix: 0 30 12 
suffix: 8 0 
11 24 19 10 27 20 18 21 29 17 13 9 26 28 23 
forward frontier
restricted destroy-repair dd compilation
restricted dd compilation - suffixes
running dd lns mip
num vars: 2389
obj from lns: 786
[loc arcIndex] route: 2 0 14 1 15 2 11 69 24 86 19 5 1 6 3 7 -2 759 
[loc arcIndex] route: 10 8 27 9 20 10 -2 771 
[loc arcIndex] route: 16 11 18 12 21 60 29 14 22 15 7 16 -2 798 
[loc arcIndex] route: 25 17 5 18 6 19 9 66 13 130 17 251 -4 1666 
[loc arcIndex] route: 30 24 12 25 26 26 28 27 23 256 8 29 -2 847 
improved ub from lns primal heuristic: 786
STATS - lpIterations[0] lagIterations[0] sspIterations[0] numSeparations[0] numCuts[0] compileTime[0] sspSolveTime[0] lpSolveTime[0] lb[0] ub[786] numArcs: [0] numFixed: [0] time: [10]
STATS1 - lpIterations[0] lagIterations[0] sspIterations[0] numSeparations[0] numCuts[0] compileTime[0] sspSolveTime[0] lpSolveTime[0] repairTime[0] cutsTime[0] alphaTime[0] decompTime[0] yellowTime[0] updateTime[0] fixTime[0] lb[0] ub[786] numArcs: [0] numFixed: [0] time: [10]
added route to primal routes: 0,25,5,6,9,13,17,4,0,
random seed: 1668183949
added maximal sequence to primal routes: 0,21,25,5,6,9,13,17,4,0,
updated increasing parameter: 1
DD random seed:1681820242
running lns dd
destroy phase
prefix: 0 2 14 15 11 24 
suffix: 1 3 0 
prefix: 0 10 
suffix: 20 0 
prefix: 0 
suffix: 18 21 29 22 7 0 
prefix: 0 25 5 
suffix: 9 13 17 4 0 
prefix: 0 30 12 26 
suffix: 23 8 0 
19 27 16 6 28 
forward frontier
restricted destroy-repair dd compilation
restricted dd compilation - suffixes
running dd lns mip
num vars: 299
obj from lns: 786
[loc arcIndex] route: 2 0 14 1 15 2 11 3 24 4 19 5 -1 119 
[loc arcIndex] route: 10 8 27 9 -2 129 
[loc arcIndex] route: 16 11 -3 138 
[loc arcIndex] route: 25 17 5 18 6 19 -4 167 
[loc arcIndex] route: 30 24 12 25 26 26 28 27 -5 188 
DD random seed:1702537749
running lns dd
destroy phase
prefix: 0 2 14 15 
suffix: 24 19 1 3 0 
prefix: 0 10 
suffix: 20 0 
prefix: 0 16 18 21 29 
suffix: 7 0 
prefix: 0 25 5 
suffix: 9 13 17 4 0 
prefix: 0 30 12 26 28 
suffix: 8 0 
11 27 22 6 23 
forward frontier
restricted destroy-repair dd compilation
restricted dd compilation - suffixes
running dd lns mip
num vars: 315
obj from lns: 786
[loc arcIndex] route: 2 0 14 1 15 2 11 3 -1 99 
[loc arcIndex] route: 10 8 27 30 -2 117 
[loc arcIndex] route: 16 11 18 12 21 13 29 14 22 15 -3 144 
[loc arcIndex] route: 25 17 5 18 6 19 -4 161 
[loc arcIndex] route: 30 24 12 25 26 26 28 27 23 60 -5 188 
DD random seed:1719733819
running lns dd
destroy phase
prefix: 0 2 14 15 11 24 19 
suffix: 3 0 
prefix: 0 10 
suffix: 20 0 
prefix: 0 16 18 21 29 
suffix: 7 0 
prefix: 0 25 
suffix: 6 9 13 17 4 0 
prefix: 0 30 12 26 
suffix: 23 8 0 
1 27 22 5 28 
forward frontier
restricted destroy-repair dd compilation
restricted dd compilation - suffixes
running dd lns mip
num vars: 261
obj from lns: 786
[loc arcIndex] route: 2 0 14 1 15 2 11 3 24 4 19 5 1 6 -1 100 
[loc arcIndex] route: 10 8 27 9 -2 108 
[loc arcIndex] route: 16 11 18 12 21 13 29 14 22 15 -3 134 
[loc arcIndex] route: 25 17 5 18 -4 146 
[loc arcIndex] route: 30 24 12 25 26 26 28 27 -5 178 
DD random seed:1734140274
running lns dd
destroy phase
prefix: 0 2 14 15 11 
suffix: 19 1 3 0 
prefix: 0 
suffix: 27 20 0 
prefix: 0 16 18 21 29 
suffix: 7 0 
prefix: 0 25 5 6 9 13 
suffix: 4 0 
prefix: 0 
suffix: 12 26 28 23 8 0 
24 10 22 17 30 
forward frontier
restricted destroy-repair dd compilation
restricted dd compilation - suffixes
running dd lns mip
num vars: 262
obj from lns: 786
[loc arcIndex] route: 2 0 14 1 15 2 11 3 24 41 -1 99 
[loc arcIndex] route: 10 8 -2 107 
[loc arcIndex] route: 16 11 18 12 21 13 29 14 22 45 -3 135 
[loc arcIndex] route: 25 17 5 18 6 19 9 20 13 21 17 60 -4 157 
[loc arcIndex] route: 30 24 -5 162 
DD random seed:1748642881
running lns dd
destroy phase
prefix: 0 2 14 
suffix: 11 24 19 1 3 0 
prefix: 0 10 
suffix: 20 0 
prefix: 0 16 18 21 
suffix: 22 7 0 
prefix: 0 25 5 
suffix: 9 13 17 4 0 
prefix: 0 30 12 26 28 
suffix: 8 0 
15 27 29 6 23 
forward frontier
restricted destroy-repair dd compilation
restricted dd compilation - suffixes
running dd lns mip
num vars: 374
obj from lns: 786
[loc arcIndex] route: 2 0 14 1 15 2 -1 110 
[loc arcIndex] route: 10 8 27 9 -2 131 
[loc arcIndex] route: 16 11 18 12 21 13 29 47 -3 155 
[loc arcIndex] route: 25 17 5 18 6 39 -4 174 
[loc arcIndex] route: 30 24 12 25 26 26 28 27 23 28 -5 199 
DD random seed:1770636001
running lns dd
destroy phase
prefix: 0 
suffix: 14 15 11 24 19 1 3 0 
prefix: 0 10 
suffix: 20 0 
prefix: 0 16 
suffix: 21 29 22 7 0 
prefix: 0 25 5 6 
suffix: 13 17 4 0 
prefix: 0 30 12 26 
suffix: 23 8 0 
2 27 18 9 28 
forward frontier
restricted destroy-repair dd compilation
restricted dd compilation - suffixes
running dd lns mip
num vars: 297
obj from lns: 786
[loc arcIndex] route: 2 0 -1 73 
[loc arcIndex] route: 10 8 27 34 -2 99 
[loc arcIndex] route: 16 11 18 12 -3 111 
[loc arcIndex] route: 25 17 5 18 6 19 9 63 -4 136 
[loc arcIndex] route: 30 24 12 25 26 26 28 27 -5 152 
DD random seed:1787574727
running lns dd
destroy phase
prefix: 0 2 14 15 11 24 19 
suffix: 3 0 
prefix: 0 10 
suffix: 20 0 
prefix: 0 16 18 21 29 
suffix: 7 0 
prefix: 0 25 5 
suffix: 9 13 17 4 0 
prefix: 0 
suffix: 12 26 28 23 8 0 
1 27 22 6 30 
forward frontier
restricted destroy-repair dd compilation
restricted dd compilation - suffixes
running dd lns mip
num vars: 169
obj from lns: 786
[loc arcIndex] route: 2 0 14 1 15 2 11 3 24 4 19 5 1 6 -1 66 
[loc arcIndex] route: 10 8 27 9 -2 74 
[loc arcIndex] route: 16 11 18 12 21 13 29 14 22 35 -3 98 
[loc arcIndex] route: 25 17 5 18 6 19 -4 113 
[loc arcIndex] route: 30 24 -5 126 
DD random seed:1797429110
running lns dd
destroy phase
prefix: 0 2 14 15 11 24 
suffix: 1 3 0 
prefix: 0 10 
suffix: 20 0 
prefix: 0 16 
suffix: 21 29 22 7 0 
prefix: 0 25 5 
suffix: 9 13 17 4 0 
prefix: 0 30 12 26 
suffix: 23 8 0 
19 27 18 6 28 
forward frontier
restricted destroy-repair dd compilation
restricted dd compilation - suffixes
running dd lns mip
num vars: 400
obj from lns: 786
[loc arcIndex] route: 2 0 14 1 15 2 11 3 24 4 19 5 -1 154 
[loc arcIndex] route: 10 8 27 9 -2 164 
[loc arcIndex] route: 16 11 18 31 -3 179 
[loc arcIndex] route: 25 17 5 18 6 42 -4 205 
[loc arcIndex] route: 30 24 12 25 26 26 28 62 -5 227 
DD random seed:1823496645
running lns dd
destroy phase
prefix: 0 2 14 15 
suffix: 24 19 1 3 0 
prefix: 0 
suffix: 27 20 0 
prefix: 0 16 18 21 
suffix: 22 7 0 
prefix: 0 25 
suffix: 6 9 13 17 4 0 
prefix: 0 30 12 26 28 
suffix: 8 0 
11 10 29 5 23 
forward frontier
restricted destroy-repair dd compilation
restricted dd compilation - suffixes
running dd lns mip
num vars: 262
obj from lns: 786
[loc arcIndex] route: 2 0 14 1 15 2 11 3 -1 77 
[loc arcIndex] route: 10 8 -2 89 
[loc arcIndex] route: 16 11 18 12 21 13 29 14 -3 114 
[loc arcIndex] route: 25 17 5 18 -4 127 
[loc arcIndex] route: 30 24 12 25 26 26 28 27 23 28 -5 153 
DD random seed:1839501971
running lns dd
destroy phase
prefix: 0 2 14 15 11 
suffix: 19 1 3 0 
prefix: 0 
suffix: 27 20 0 
prefix: 0 16 18 
suffix: 29 22 7 0 
prefix: 0 25 5 
suffix: 9 13 17 4 0 
prefix: 0 30 12 26 28 
suffix: 8 0 
24 10 21 6 23 
forward frontier
restricted destroy-repair dd compilation
restricted dd compilation - suffixes
running dd lns mip
num vars: 270
obj from lns: 786
[loc arcIndex] route: 2 0 14 1 15 2 11 3 24 4 -1 89 
[loc arcIndex] route: 10 8 -2 96 
[loc arcIndex] route: 16 11 18 12 21 13 -3 120 
[loc arcIndex] route: 25 17 5 18 6 19 -4 142 
[loc arcIndex] route: 30 24 12 25 26 26 28 27 23 28 -5 165 
updated increasing parameter: 2
DD random seed:1857841342
running lns dd
destroy phase
prefix: 0 2 
suffix: 11 24 19 1 3 0 
prefix: 0 10 
suffix: 0 
prefix: 0 16 18 21 
suffix: 7 0 
prefix: 0 25 5 6 
suffix: 17 4 0 
prefix: 0 30 12 26 28 
suffix: 0 
14 15 27 20 29 22 9 13 23 8 
forward frontier
restricted destroy-repair dd compilation
restricted dd compilation - suffixes
running dd lns mip
num vars: 792
obj from lns: 786
[loc arcIndex] route: 2 0 14 1 15 2 -1 177 
[loc arcIndex] route: 10 8 27 9 20 10 -2 209 
[loc arcIndex] route: 16 11 18 12 21 13 29 14 22 15 -3 233 
[loc arcIndex] route: 25 17 5 18 6 19 9 20 13 21 -4 259 
[loc arcIndex] route: 30 24 12 25 26 26 28 27 23 28 8 29 -2 285 
DD random seed:1897311367
running lns dd
destroy phase
prefix: 0 
suffix: 15 11 24 19 1 3 0 
prefix: 0 
suffix: 20 0 
prefix: 0 16 18 21 29 
suffix: 0 
prefix: 0 
suffix: 6 9 13 17 4 0 
prefix: 0 30 12 
suffix: 23 8 0 
2 14 10 27 22 7 25 5 26 28 
forward frontier
restricted destroy-repair dd compilation
restricted dd compilation - suffixes
running dd lns mip
num vars: 663
obj from lns: 786
[loc arcIndex] route: 2 0 14 1 -1 218 
[loc arcIndex] route: 10 8 27 9 20 10 -3 247 
[loc arcIndex] route: 16 11 18 12 21 13 29 14 22 63 7 16 -3 266 
[loc arcIndex] route: 25 17 5 18 6 19 9 20 13 21 17 22 4 23 -3 287 
[loc arcIndex] route: 30 24 12 25 26 26 28 27 -5 300 
DD random seed:1936359520
running lns dd
destroy phase
prefix: 0 2 14 
suffix: 24 19 1 3 0 
prefix: 0 10 
suffix: 0 
prefix: 0 16 
suffix: 29 22 7 0 
prefix: 0 25 5 6 9 
suffix: 4 0 
prefix: 0 30 12 26 28 
suffix: 0 
15 11 27 20 18 21 13 17 23 8 
forward frontier
restricted destroy-repair dd compilation
restricted dd compilation - suffixes
running dd lns mip
num vars: 1790
obj from lns: 786
[loc arcIndex] route: 2 0 14 1 15 2 11 190 24 4 19 5 1 6 3 7 -2 457 
[loc arcIndex] route: 10 8 27 30 20 80 -5 473 
[loc arcIndex] route: 16 11 18 46 21 13 29 14 22 15 7 16 -2 495 
[loc arcIndex] route: 25 17 5 18 6 19 9 20 13 260 17 22 4 23 -2 521 
[loc arcIndex] route: 30 24 12 25 26 26 28 27 23 28 8 412 -2 541 
DD random seed:2028901865
running lns dd
destroy phase
prefix: 0 2 14 15 11 24 
suffix: 3 0 
prefix: 0 10 
suffix: 0 
prefix: 0 16 18 
suffix: 22 7 0 
prefix: 0 
suffix: 6 9 13 17 4 0 
prefix: 0 
suffix: 26 28 23 8 0 
19 1 27 20 21 29 25 5 30 12 
forward frontier
restricted destroy-repair dd compilation
restricted dd compilation - suffixes
running dd lns mip
num vars: 948
obj from lns: 786
[loc arcIndex] route: 2 0 14 1 15 2 11 3 24 4 19 5 1 6 3 7 -2 258 
[loc arcIndex] route: 10 8 27 30 20 10 -2 270 
[loc arcIndex] route: 16 11 18 12 21 13 29 14 -3 288 
[loc arcIndex] route: 25 17 5 40 6 19 9 20 13 21 17 22 4 23 -2 314 
[loc arcIndex] route: 30 24 12 55 -5 323 
DD random seed:2086832216
running lns dd
destroy phase
prefix: 0 2 14 15 11 
suffix: 1 3 0 
prefix: 0 10 
suffix: 0 
prefix: 0 16 18 21 29 
suffix: 0 
prefix: 0 25 5 6 
suffix: 17 4 0 
prefix: 0 30 12 26 28 
suffix: 0 
24 19 27 20 22 7 9 13 23 8 
forward frontier
restricted destroy-repair dd compilation
restricted dd compilation - suffixes
running dd lns mip
num vars: 801
obj from lns: 786
[loc arcIndex] route: 2 0 14 1 15 2 11 3 24 4 19 73 -1 206 
[loc arcIndex] route: 10 8 27 9 20 30 -2 228 
[loc arcIndex] route: 16 11 18 12 21 13 29 14 22 15 7 16 -2 256 
[loc arcIndex] route: 25 17 5 18 6 19 9 20 13 21 -4 281 
[loc arcIndex] route: 30 24 12 25 26 26 28 27 23 28 8 29 -2 311 
DD random seed:2115614548
running lns dd
destroy phase
prefix: 0 2 14 15 
suffix: 19 1 3 0 
prefix: 0 
suffix: 20 0 
prefix: 0 
suffix: 21 29 22 7 0 
prefix: 0 
suffix: 6 9 13 17 4 0 
prefix: 0 30 12 26 28 
suffix: 0 
11 24 10 27 16 18 25 5 23 8 
forward frontier
restricted destroy-repair dd compilation
restricted dd compilation - suffixes
running dd lns mip
num vars: 1233
obj from lns: 786
[loc arcIndex] route: 2 0 14 1 15 2 11 122 24 158 -1 359 
[loc arcIndex] route: 10 8 27 9 20 10 -5 379 
[loc arcIndex] route: 16 11 18 44 -3 387 
[loc arcIndex] route: 25 17 5 18 6 19 9 20 13 21 17 22 4 23 -5 420 
[loc arcIndex] route: 30 24 12 25 26 26 28 27 23 28 8 29 -5 437 
DD random seed:2188997978
running lns dd
destroy phase
prefix: 0 2 14 15 11 
suffix: 1 3 0 
prefix: 0 10 
suffix: 0 
prefix: 0 16 18 21 
suffix: 7 0 
prefix: 0 25 5 6 9 
suffix: 4 0 
prefix: 0 30 12 26 28 
suffix: 0 
24 19 27 20 29 22 13 17 23 8 
forward frontier
restricted destroy-repair dd compilation
restricted dd compilation - suffixes
running dd lns mip
num vars: 1224
obj from lns: 785
[loc arcIndex] route: 2 0 14 1 15 2 11 3 24 4 19 97 1 6 3 7 -5 339 
[loc arcIndex] route: 10 8 27 9 20 10 -5 354 
[loc arcIndex] route: 16 11 18 12 21 13 22 48 29 92 -4 716 
[loc arcIndex] route: 25 17 5 18 6 19 9 20 17 90 13 113 23 223 -2 1060 
[loc arcIndex] route: 30 24 12 25 26 26 28 27 8 141 -3 881 
improved ub from lns primal heuristic: 785
STATS - lpIterations[0] lagIterations[0] sspIterations[0] numSeparations[0] numCuts[0] compileTime[0] sspSolveTime[0] lpSolveTime[0] lb[0] ub[785] numArcs: [0] numFixed: [0] time: [11]
STATS1 - lpIterations[0] lagIterations[0] sspIterations[0] numSeparations[0] numCuts[0] compileTime[0] sspSolveTime[0] lpSolveTime[0] repairTime[0] cutsTime[0] alphaTime[0] decompTime[0] yellowTime[0] updateTime[0] fixTime[0] lb[0] ub[785] numArcs: [0] numFixed: [0] time: [11]
added route to primal routes: 0,16,18,21,22,29,4,0,
random seed: 2254264189
added maximal sequence to primal routes: 0,2,10,25,16,18,21,22,29,4,0,
added route to primal routes: 0,25,5,6,9,17,13,23,0,
random seed: 2275032050
added route to primal routes: 0,30,12,26,28,8,7,0,
random seed: 2285006134
updated increasing parameter: 1
DD random seed:2292250977
running lns dd
destroy phase
prefix: 0 2 14 
suffix: 11 24 19 1 3 0 
prefix: 0 10 
suffix: 20 0 
prefix: 0 16 18 21 
suffix: 29 4 0 
prefix: 0 25 5 6 
suffix: 17 13 23 0 
prefix: 0 30 
suffix: 26 28 8 7 0 
15 27 22 9 12 
forward frontier
restricted destroy-repair dd compilation
restricted dd compilation - suffixes
running dd lns mip
num vars: 250
obj from lns: 785
[loc arcIndex] route: 2 0 14 1 15 2 -1 88 
[loc arcIndex] route: 10 8 27 9 -2 106 
[loc arcIndex] route: 16 11 18 12 21 13 22 14 -3 130 
[loc arcIndex] route: 25 17 5 18 6 19 9 20 -4 150 
[loc arcIndex] route: 30 24 12 31 -5 163 
DD random seed:2309717075
running lns dd
destroy phase
prefix: 0 2 14 15 11 24 19 
suffix: 3 0 
prefix: 0 10 
suffix: 20 0 
prefix: 0 16 18 21 22 
suffix: 4 0 
prefix: 0 25 5 6 9 
suffix: 13 23 0 
prefix: 0 30 12 
suffix: 28 8 7 0 
1 27 29 17 26 
forward frontier
restricted destroy-repair dd compilation
restricted dd compilation - suffixes
running dd lns mip
num vars: 374
obj from lns: 785
[loc arcIndex] route: 2 0 14 1 15 2 11 3 24 4 19 5 1 60 -1 126 
[loc arcIndex] route: 10 8 27 9 -2 134 
[loc arcIndex] route: 16 11 18 12 21 13 22 14 29 15 -3 164 
[loc arcIndex] route: 25 17 5 18 6 19 9 20 17 21 -4 191 
[loc arcIndex] route: 30 24 12 25 26 45 -5 209 
DD random seed:2328096537
running lns dd
destroy phase
prefix: 0 2 14 
suffix: 11 24 19 1 3 0 
prefix: 0 
suffix: 27 20 0 
prefix: 0 16 
suffix: 21 22 29 4 0 
prefix: 0 25 5 6 9 
suffix: 13 23 0 
prefix: 0 30 12 26 28 
suffix: 7 0 
15 10 18 17 8 
forward frontier
restricted destroy-repair dd compilation
restricted dd compilation - suffixes
running dd lns mip
num vars: 285
obj from lns: 785
[loc arcIndex] route: 2 0 14 1 15 2 -1 79 
[loc arcIndex] route: 10 8 -2 95 
[loc arcIndex] route: 16 11 18 12 -3 114 
[loc arcIndex] route: 25 17 5 18 6 19 9 20 17 59 -4 147 
[loc arcIndex] route: 30 24 12 25 26 26 28 27 8 60 -5 164 
DD random seed:2343870258
running lns dd
destroy phase
prefix: 0 2 14 15 11 24 19 
suffix: 3 0 
prefix: 0 10 
suffix: 20 0 
prefix: 0 16 
suffix: 21 22 29 4 0 
prefix: 0 25 
suffix: 6 9 17 13 23 0 
prefix: 0 30 12 26 28 
suffix: 7 0 
1 27 18 5 8 
forward frontier
restricted destroy-repair dd compilation
restricted dd compilation - suffixes
running dd lns mip
num vars: 327
obj from lns: 785
[loc arcIndex] route: 2 0 14 1 15 2 11 3 24 4 19 5 1 59 -1 117 
[loc arcIndex] route: 10 8 27 30 -2 125 
[loc arcIndex] route: 16 11 18 12 -3 139 
[loc arcIndex] route: 25 17 5 18 -4 160 
[loc arcIndex] route: 30 24 12 25 26 26 28 27 8 28 -5 192 
DD random seed:2363337525
running lns dd
destroy phase
prefix: 0 2 14 
suffix: 11 24 19 1 3 0 
prefix: 0 
suffix: 27 20 0 
prefix: 0 16 
suffix: 21 22 29 4 0 
prefix: 0 25 
suffix: 6 9 17 13 23 0 
prefix: 0 30 12 
suffix: 28 8 7 0 
15 10 18 5 26 
forward frontier
restricted destroy-repair dd compilation
restricted dd compilation - suffixes
running dd lns mip
num vars: 370
obj from lns: 785
[loc arcIndex] route: 2 0 14 1 15 2 -1 142 
[loc arcIndex] route: 10 8 -2 153 
[loc arcIndex] route: 16 11 18 12 -3 171 
[loc arcIndex] route: 25 17 5 35 -4 187 
[loc arcIndex] route: 30 24 12 25 26 65 -5 207 
DD random seed:2390702275
running lns dd
destroy phase
prefix: 0 2 14 15 11 
suffix: 19 1 3 0 
prefix: 0 
suffix: 27 20 0 
prefix: 0 16 
suffix: 21 22 29 4 0 
prefix: 0 25 5 
suffix: 9 17 13 23 0 
prefix: 0 30 12 26 28 
suffix: 7 0 
24 10 18 6 8 
forward frontier
restricted destroy-repair dd compilation
restricted dd compilation - suffixes
running dd lns mip
num vars: 334
obj from lns: 785
[loc arcIndex] route: 2 0 14 1 15 2 11 3 24 4 -1 125 
[loc arcIndex] route: 10 8 -2 131 
[loc arcIndex] route: 16 11 18 32 -3 149 
[loc arcIndex] route: 25 17 5 18 6 40 -4 174 
[loc arcIndex] route: 30 24 12 25 26 26 28 27 8 28 -5 196 
DD random seed:2411805601
running lns dd
destroy phase
prefix: 0 
suffix: 14 15 11 24 19 1 3 0 
prefix: 0 
suffix: 27 20 0 
prefix: 0 16 18 21 
suffix: 29 4 0 
prefix: 0 25 5 6 9 
suffix: 13 23 0 
prefix: 0 
suffix: 12 26 28 8 7 0 
2 10 22 17 30 
forward frontier
restricted destroy-repair dd compilation
restricted dd compilation - suffixes
running dd lns mip
num vars: 149
obj from lns: 785
[loc arcIndex] route: 2 0 -1 58 
[loc arcIndex] route: 10 8 -2 79 
[loc arcIndex] route: 16 11 18 12 21 13 22 31 -3 98 
[loc arcIndex] route: 25 17 5 18 6 19 9 20 17 21 -4 117 
[loc arcIndex] route: 30 24 -5 121 
DD random seed:2422597295
running lns dd
destroy phase
prefix: 0 2 14 
suffix: 11 24 19 1 3 0 
prefix: 0 
suffix: 27 20 0 
prefix: 0 16 
suffix: 21 22 29 4 0 
prefix: 0 25 5 6 9 17 
suffix: 23 0 
prefix: 0 
suffix: 12 26 28 8 7 0 
15 10 18 13 30 
forward frontier
restricted destroy-repair dd compilation
restricted dd compilation - suffixes
running dd lns mip
num vars: 226
obj from lns: 785
[loc arcIndex] route: 2 0 14 1 15 2 -1 73 
[loc arcIndex] route: 10 8 -2 85 
[loc arcIndex] route: 16 11 18 12 -3 102 
[loc arcIndex] route: 25 17 5 18 6 19 9 20 17 21 13 22 -4 130 
[loc arcIndex] route: 30 24 -5 135 
DD random seed:2436606493
running lns dd
destroy phase
prefix: 0 2 14 
suffix: 11 24 19 1 3 0 
prefix: 0 10 
suffix: 20 0 
prefix: 0 
suffix: 18 21 22 29 4 0 
prefix: 0 25 5 6 9 
suffix: 13 23 0 
prefix: 0 
suffix: 12 26 28 8 7 0 
15 27 16 17 30 
forward frontier
restricted destroy-repair dd compilation
restricted dd compilation - suffixes
running dd lns mip
num vars: 339
obj from lns: 785
[loc arcIndex] route: 2 0 14 1 15 34 -1 126 
[loc arcIndex] route: 10 8 27 9 -2 142 
[loc arcIndex] route: 16 11 -3 150 
[loc arcIndex] route: 25 17 5 18 6 19 9 20 17 21 -4 180 
[loc arcIndex] route: 30 24 -5 186 
DD random seed:2460115888
running lns dd
destroy phase
prefix: 0 2 14 15 11 24 
suffix: 1 3 0 
prefix: 0 10 
suffix: 20 0 
prefix: 0 16 18 
suffix: 22 29 4 0 
prefix: 0 
suffix: 5 6 9 17 13 23 0 
prefix: 0 30 12 26 28 
suffix: 7 0 
19 27 21 25 8 
forward frontier
restricted destroy-repair dd compilation
restricted dd compilation - suffixes
running dd lns mip
num vars: 402
obj from lns: 785
[loc arcIndex] route: 2 0 14 1 15 2 11 3 24 4 19 5 -1 126 
[loc arcIndex] route: 10 8 27 30 -2 136 
[loc arcIndex] route: 16 11 18 12 21 45 -3 152 
[loc arcIndex] route: 25 17 -4 163 
[loc arcIndex] route: 30 24 12 25 26 26 28 27 8 28 -5 194 
updated increasing parameter: 2
DD random seed:2483863668
running lns dd
destroy phase
prefix: 0 
suffix: 15 11 24 19 1 3 0 
prefix: 0 
suffix: 20 0 
prefix: 0 16 
suffix: 22 29 4 0 
prefix: 0 25 5 6 9 17 
suffix: 0 
prefix: 0 30 12 26 
suffix: 7 0 
2 14 10 27 18 21 13 23 28 8 
forward frontier
restricted destroy-repair dd compilation
restricted dd compilation - suffixes
running dd lns mip
num vars: 1099
obj from lns: 785
[loc arcIndex] route: 2 0 14 1 15 2 11 3 24 4 19 5 1 6 3 7 -4 268 
[loc arcIndex] route: 10 8 27 9 -2 274 
[loc arcIndex] route: 16 11 18 12 21 13 22 14 29 15 4 16 -4 300 
[loc arcIndex] route: 25 17 5 18 6 19 9 20 17 21 13 22 23 23 -4 323 
[loc arcIndex] route: 30 24 12 25 26 26 28 27 8 28 -5 340 
DD random seed:2542737215
running lns dd
destroy phase
prefix: 0 2 14 15 11 
suffix: 1 3 0 
prefix: 0 
suffix: 20 0 
prefix: 0 16 18 
suffix: 29 4 0 
prefix: 0 
suffix: 6 9 17 13 23 0 
prefix: 0 30 12 26 
suffix: 7 0 
24 19 10 27 21 22 25 5 28 8 
forward frontier
restricted destroy-repair dd compilation
restricted dd compilation - suffixes
running dd lns mip
num vars: 741
obj from lns: 785
[loc arcIndex] route: 2 0 14 1 15 2 11 3 24 4 19 5 -1 270 
[loc arcIndex] route: 10 8 27 9 -2 281 
[loc arcIndex] route: 16 11 18 12 21 13 22 14 -3 303 
[loc arcIndex] route: 25 17 5 18 -4 316 
[loc arcIndex] route: 30 24 12 25 26 26 28 27 8 28 -5 347 
DD random seed:2590515419
running lns dd
destroy phase
prefix: 0 2 14 15 11 
suffix: 1 3 0 
prefix: 0 10 
suffix: 0 
prefix: 0 16 18 21 
suffix: 4 0 
prefix: 0 
suffix: 6 9 17 13 23 0 
prefix: 0 30 12 26 
suffix: 7 0 
24 19 27 20 22 29 25 5 28 8 
forward frontier
restricted destroy-repair dd compilation
restricted dd compilation - suffixes
running dd lns mip
num vars: 1005
obj from lns: 785
[loc arcIndex] route: 2 0 14 1 15 2 11 3 24 4 19 5 1 6 3 7 -2 300 
[loc arcIndex] route: 10 8 27 9 20 36 -2 312 
[loc arcIndex] route: 16 11 18 12 21 13 22 52 29 15 -3 333 
[loc arcIndex] route: 25 17 5 31 -4 344 
[loc arcIndex] route: 30 24 12 25 26 26 28 27 8 28 -5 378 
DD random seed:2648243118
running lns dd
destroy phase
prefix: 0 2 14 15 11 24 19 
suffix: 0 
prefix: 0 10 
suffix: 0 
prefix: 0 16 18 21 22 
suffix: 0 
prefix: 0 
suffix: 6 9 17 13 23 0 
prefix: 0 30 
suffix: 28 8 7 0 
1 3 27 20 29 4 25 5 12 26 
forward frontier
restricted destroy-repair dd compilation
restricted dd compilation - suffixes
running dd lns mip
num vars: 517
obj from lns: 785
[loc arcIndex] route: 2 0 14 1 15 2 11 3 24 4 19 5 1 6 3 7 -3 145 
[loc arcIndex] route: 10 8 27 9 20 39 -1 156 
[loc arcIndex] route: 16 11 18 12 21 13 22 14 29 15 4 16 -2 181 
[loc arcIndex] route: 25 17 5 18 6 19 9 20 17 21 13 22 23 23 -2 208 
[loc arcIndex] route: 30 24 12 25 26 50 28 27 8 28 7 29 -3 231 
DD random seed:2669407066
running lns dd
destroy phase
prefix: 0 2 14 15 11 
suffix: 1 3 0 
prefix: 0 
suffix: 20 0 
prefix: 0 16 18 
suffix: 29 4 0 
prefix: 0 25 5 6 9 17 
suffix: 0 
prefix: 0 
suffix: 26 28 8 7 0 
24 19 10 27 21 22 13 23 30 12 
forward frontier
restricted destroy-repair dd compilation
restricted dd compilation - suffixes
running dd lns mip
num vars: 1163
obj from lns: 785
[loc arcIndex] route: 2 0 14 1 15 2 11 3 24 4 19 5 1 6 3 7 -4 313 
[loc arcIndex] route: 10 8 27 9 20 10 -4 326 
[loc arcIndex] route: 16 11 18 12 21 13 22 14 29 15 4 16 -4 350 
[loc arcIndex] route: 25 17 5 18 6 19 9 20 17 21 13 204 23 246 -4 375 
[loc arcIndex] route: 30 24 12 25 26 26 28 27 8 28 7 29 -4 395 
DD random seed:2730649271
running lns dd
destroy phase
prefix: 0 2 
suffix: 11 24 19 1 3 0 
prefix: 0 10 
suffix: 0 
prefix: 0 16 18 21 
suffix: 4 0 
prefix: 0 25 5 6 9 
suffix: 23 0 
prefix: 0 
suffix: 26 28 8 7 0 
14 15 27 20 22 29 17 13 30 12 
forward frontier
restricted destroy-repair dd compilation
restricted dd compilation - suffixes
running dd lns mip
num vars: 662
obj from lns: 785
[loc arcIndex] route: 2 0 14 1 15 2 11 3 24 4 19 5 1 6 3 7 -2 215 
[loc arcIndex] route: 10 8 27 33 20 51 -2 227 
[loc arcIndex] route: 16 11 18 12 21 13 22 54 29 15 -3 250 
[loc arcIndex] route: 25 17 5 18 6 19 9 20 13 95 17 124 -4 590 
[loc arcIndex] route: 30 24 12 25 26 26 28 27 8 28 7 29 -2 298 
DD random seed:2773094611
running lns dd
destroy phase
prefix: 0 2 14 15 11 24 19 
suffix: 0 
prefix: 0 10 
suffix: 0 
prefix: 0 16 18 
suffix: 29 4 0 
prefix: 0 25 5 6 9 
suffix: 23 0 
prefix: 0 30 12 
suffix: 8 7 0 
1 3 27 20 21 22 17 13 26 28 
forward frontier
restricted destroy-repair dd compilation
restricted dd compilation - suffixes
running dd lns mip
num vars: 913
obj from lns: 785
[loc arcIndex] route: 2 0 14 1 15 2 11 3 24 4 19 5 1 6 3 7 -1 248 
[loc arcIndex] route: 10 8 27 9 20 52 -1 260 
[loc arcIndex] route: 16 11 18 12 21 13 22 14 29 15 4 16 -1 289 
[loc arcIndex] route: 25 17 5 18 6 19 9 20 17 21 13 111 23 23 -1 320 
[loc arcIndex] route: 30 24 12 25 26 26 28 27 -5 341 
DD random seed:2817015544
running lns dd
destroy phase
prefix: 0 
suffix: 15 11 24 19 1 3 0 
prefix: 0 
suffix: 20 0 
prefix: 0 16 18 21 22 
suffix: 0 
prefix: 0 
suffix: 6 9 17 13 23 0 
prefix: 0 30 
suffix: 28 8 7 0 
2 14 10 27 29 4 25 5 12 26 
forward frontier
restricted destroy-repair dd compilation
restricted dd compilation - suffixes
running dd lns mip
num vars: 1398
obj from lns: 785
[loc arcIndex] route: 2 0 14 1 -1 438 
[loc arcIndex] route: 10 8 27 9 -2 462 
[loc arcIndex] route: 16 11 18 12 21 13 22 14 29 230 4 292 -3 484 
[loc arcIndex] route: 25 17 5 18 6 19 9 20 17 21 13 22 23 23 -3 504 
[loc arcIndex] route: 30 24 12 46 26 26 28 27 8 28 7 29 -3 519 
DD random seed:2902303396
running lns dd
destroy phase
prefix: 0 
suffix: 15 11 24 19 1 3 0 
prefix: 0 10 
suffix: 0 
prefix: 0 16 18 
suffix: 29 4 0 
prefix: 0 25 5 
suffix: 17 13 23 0 
prefix: 0 30 12 
suffix: 8 7 0 
2 14 27 20 21 22 6 9 26 28 
forward frontier
restricted destroy-repair dd compilation
restricted dd compilation - suffixes
running dd lns mip
num vars: 1623
obj from lns: 785
[loc arcIndex] route: 2 0 14 1 15 2 11 3 24 4 19 5 1 6 3 7 -2 544 
[loc arcIndex] route: 10 8 27 9 20 10 -2 554 
[loc arcIndex] route: 16 11 18 12 21 13 22 14 -3 571 
[loc arcIndex] route: 25 17 5 18 6 19 9 20 -4 591 
[loc arcIndex] route: 30 24 12 25 28 80 26 149 -5 1015 
DD random seed:3003672289
running lns dd
destroy phase
prefix: 0 2 
suffix: 11 24 19 1 3 0 
prefix: 0 
suffix: 20 0 
prefix: 0 16 18 21 22 
suffix: 0 
prefix: 0 25 5 6 9 17 
suffix: 0 
prefix: 0 30 12 26 28 
suffix: 0 
14 15 10 27 29 4 13 23 8 7 
forward frontier
restricted destroy-repair dd compilation
restricted dd compilation - suffixes
running dd lns mip
num vars: 499
obj from lns: 785
[loc arcIndex] route: 2 0 14 1 15 2 11 3 24 4 19 5 1 6 3 7 -4 140 
[loc arcIndex] route: 10 8 27 9 20 10 -3 153 
[loc arcIndex] route: 16 11 18 12 21 13 22 14 29 15 4 16 -4 181 
[loc arcIndex] route: 25 17 5 18 6 19 9 20 17 21 13 57 23 23 -5 212 
[loc arcIndex] route: 30 24 12 25 26 26 28 27 8 28 7 29 -3 235 
updated increasing parameter: 3
DD random seed:3025721568
running lns dd
destroy phase
prefix: 0 2 14 15 11 
suffix: 3 0 
prefix: 0 
suffix: 0 
prefix: 0 16 
suffix: 29 4 0 
prefix: 0 25 
suffix: 17 13 23 0 
prefix: 0 
suffix: 28 8 7 0 
24 19 1 10 27 20 18 21 22 5 6 9 30 12 26 
forward frontier
restricted destroy-repair dd compilation
restricted dd compilation - suffixes
running dd lns mip
num vars: 1885
obj from lns: 785
[loc arcIndex] route: 2 0 14 1 15 2 11 3 24 161 19 5 1 6 3 7 -2 471 
[loc arcIndex] route: 10 8 27 9 20 10 -2 483 
[loc arcIndex] route: 16 11 18 12 21 100 22 14 -3 504 
[loc arcIndex] route: 25 17 5 34 6 69 9 20 -4 528 
[loc arcIndex] route: 30 24 12 25 26 135 -5 549 
DD random seed:3132694384
running lns dd
destroy phase
prefix: 0 2 14 
suffix: 19 1 3 0 
prefix: 0 
suffix: 0 
prefix: 0 16 18 21 
suffix: 0 
prefix: 0 25 5 
suffix: 13 23 0 
prefix: 0 30 12 26 
suffix: 0 
15 11 24 10 27 20 22 29 4 6 9 17 28 8 7 
forward frontier
restricted destroy-repair dd compilation
restricted dd compilation - suffixes
running dd lns mip
num vars: 2730
obj from lns: 785
[loc arcIndex] route: 2 0 14 1 15 30 11 59 24 60 19 5 1 6 3 7 -3 693 
[loc arcIndex] route: 10 8 27 9 20 10 -2 706 
[loc arcIndex] route: 16 11 18 12 21 13 22 37 29 15 4 16 -3 735 
[loc arcIndex] route: 25 17 5 18 6 19 9 20 17 91 -4 759 
[loc arcIndex] route: 30 24 12 25 26 26 28 27 8 28 7 29 -3 789 
DD random seed:3248387418
running lns dd
destroy phase
prefix: 0 2 14 15 11 
suffix: 3 0 
prefix: 0 
suffix: 0 
prefix: 0 
suffix: 22 29 4 0 
prefix: 0 25 5 6 
suffix: 23 0 
prefix: 0 30 12 26 
suffix: 0 
24 19 1 10 27 20 16 18 21 9 17 13 28 8 7 
forward frontier
restricted destroy-repair dd compilation
restricted dd compilation - suffixes
running dd lns mip
num vars: 992
obj from lns: 785
[loc arcIndex] route: 2 0 14 1 15 2 11 3 24 50 19 5 1 6 -1 245 
[loc arcIndex] route: 10 8 27 9 20 10 -2 261 
[loc arcIndex] route: 16 11 18 12 21 13 -3 277 
[loc arcIndex] route: 25 17 5 18 6 19 9 44 17 99 13 145 -4 318 
[loc arcIndex] route: 30 24 12 25 26 26 28 27 8 28 7 29 -2 344 
DD random seed:3297976853
running lns dd
destroy phase
prefix: 0 
suffix: 11 24 19 1 3 0 
prefix: 0 
suffix: 0 
prefix: 0 16 18 
suffix: 4 0 
prefix: 0 25 5 
suffix: 13 23 0 
prefix: 0 
suffix: 28 8 7 0 
2 14 15 10 27 20 21 22 29 6 9 17 30 12 26 
forward frontier
restricted destroy-repair dd compilation
restricted dd compilation - suffixes
running dd lns mip
num vars: 1693
obj from lns: 785
[loc arcIndex] route: 2 0 14 1 15 2 11 3 24 4 19 5 1 6 3 7 -2 488 
[loc arcIndex] route: 10 8 27 9 20 10 -2 500 
[loc arcIndex] route: 16 11 18 12 21 13 22 14 29 15 4 16 -2 526 
[loc arcIndex] route: 25 17 5 18 6 19 9 90 17 21 13 22 23 23 -2 551 
[loc arcIndex] route: 30 24 12 25 26 26 28 27 8 28 7 29 -2 570 
DD random seed:3391133759
running lns dd
destroy phase
prefix: 0 2 14 15 
suffix: 1 3 0 
prefix: 0 
suffix: 0 
prefix: 0 
suffix: 22 29 4 0 
prefix: 0 25 5 6 9 
suffix: 0 
prefix: 0 30 
suffix: 8 7 0 
11 24 19 10 27 20 16 18 21 17 13 23 12 26 28 
forward frontier
restricted destroy-repair dd compilation
restricted dd compilation - suffixes
running dd lns mip
num vars: 803
obj from lns: 785
[loc arcIndex] route: 2 0 14 1 15 2 11 3 24 4 19 5 1 6 3 7 -4 237 
[loc arcIndex] route: 10 8 27 9 20 10 -4 251 
[loc arcIndex] route: 16 11 18 12 21 38 22 14 29 15 4 16 -4 276 
[loc arcIndex] route: 25 17 5 18 6 19 9 20 17 21 13 22 23 23 -2 302 
[loc arcIndex] route: 30 24 12 25 26 26 28 107 -5 320 
DD random seed:3438567422
running lns dd
destroy phase
prefix: 0 2 14 15 11 24 
suffix: 0 
prefix: 0 
suffix: 0 
prefix: 0 16 18 
suffix: 4 0 
prefix: 0 25 5 
suffix: 13 23 0 
prefix: 0 30 12 26 
suffix: 0 
19 1 3 10 27 20 21 22 29 6 9 17 28 8 7 
forward frontier
restricted destroy-repair dd compilation
restricted dd compilation - suffixes
running dd lns mip
num vars: 2047
obj from lns: 785
[loc arcIndex] route: 2 0 14 1 15 2 11 3 24 4 19 5 1 6 3 7 -2 481 
[loc arcIndex] route: 10 8 27 9 20 10 -1 493 
[loc arcIndex] route: 16 11 18 12 21 13 22 14 29 15 4 16 -2 524 
[loc arcIndex] route: 25 17 5 18 6 19 9 20 17 90 13 22 23 23 -1 555 
[loc arcIndex] route: 30 24 12 25 26 26 28 141 8 232 7 29 -2 582 
DD random seed:3515829948
running lns dd
destroy phase
prefix: 0 2 14 15 11 
suffix: 3 0 
prefix: 0 
suffix: 0 
prefix: 0 16 
suffix: 29 4 0 
prefix: 0 
suffix: 9 17 13 23 0 
prefix: 0 30 12 26 
suffix: 0 
24 19 1 10 27 20 18 21 22 25 5 6 28 8 7 
forward frontier
restricted destroy-repair dd compilation
restricted dd compilation - suffixes
running dd lns mip
num vars: 3897
obj from lns: 785
[loc arcIndex] route: 2 0 14 1 15 2 11 3 24 4 19 5 1 6 -1 859 
[loc arcIndex] route: 10 8 27 9 20 10 -5 877 
[loc arcIndex] route: 16 11 18 12 21 13 22 14 -3 895 
[loc arcIndex] route: 25 17 5 31 6 94 -4 916 
[loc arcIndex] route: 30 24 12 25 26 26 28 27 8 818 7 29 -2 951 
DD random seed:3727409041
running lns dd
destroy phase
prefix: 0 
suffix: 11 24 19 1 3 0 
prefix: 0 
suffix: 0 
prefix: 0 16 
suffix: 29 4 0 
prefix: 0 25 5 6 9 
suffix: 0 
prefix: 0 30 
suffix: 8 7 0 
2 14 15 10 27 20 18 21 22 17 13 23 12 26 28 
forward frontier
restricted destroy-repair dd compilation
restricted dd compilation - suffixes
running dd lns mip
num vars: 3808
obj from lns: 785
[loc arcIndex] route: 2 0 14 33 15 40 -1 975 
[loc arcIndex] route: 10 8 27 9 20 76 -2 1007 
[loc arcIndex] route: 16 11 18 12 21 13 22 14 29 15 4 16 -2 1033 
[loc arcIndex] route: 25 17 5 18 6 19 9 20 17 370 13 22 23 23 -4 1061 
[loc arcIndex] route: 30 24 26 65 28 227 12 427 -5 2655 
DD random seed:3923504245
running lns dd
destroy phase
prefix: 0 2 
suffix: 24 19 1 3 0 
prefix: 0 
suffix: 0 
prefix: 0 
suffix: 22 29 4 0 
prefix: 0 
suffix: 9 17 13 23 0 
prefix: 0 30 
suffix: 8 7 0 
14 15 11 10 27 20 16 18 21 25 5 6 12 26 28 
forward frontier
restricted destroy-repair dd compilation
restricted dd compilation - suffixes
running dd lns mip
num vars: 4516
obj from lns: 785
[loc arcIndex] route: 2 0 14 1 15 2 11 416 -1 1429 
[loc arcIndex] route: 10 8 27 9 20 10 -2 1450 
[loc arcIndex] route: 16 11 18 12 21 13 -3 1465 
[loc arcIndex] route: 25 17 5 37 6 19 -4 1486 
[loc arcIndex] route: 30 24 12 25 26 372 28 27 -5 1507 
DD random seed:4233229824
running lns dd
destroy phase
prefix: 0 2 14 15 
suffix: 1 3 0 
prefix: 0 
suffix: 0 
prefix: 0 16 
suffix: 29 4 0 
prefix: 0 25 
suffix: 17 13 23 0 
prefix: 0 30 
suffix: 8 7 0 
11 24 19 10 27 20 18 21 22 5 6 9 12 26 28 
forward frontier
restricted destroy-repair dd compilation
restricted dd compilation - suffixes
running dd lns mip
num vars: 2622
obj from lns: 785
[loc arcIndex] route: 2 0 14 1 15 2 11 146 24 4 19 5 -1 775 
[loc arcIndex] route: 10 8 27 30 20 10 -2 792 
[loc arcIndex] route: 16 11 18 12 21 75 22 14 -3 813 
[loc arcIndex] route: 25 17 5 18 6 19 9 91 17 21 13 22 23 23 -2 842 
[loc arcIndex] route: 30 24 12 56 28 132 26 238 -5 1729 
updated increasing parameter: 4
DD random seed:83154246
running lns dd
destroy phase
prefix: 0 2 14 15 
suffix: 3 0 
prefix: 0 
suffix: 0 
prefix: 0 
suffix: 29 4 0 
prefix: 0 25 5 
suffix: 23 0 
prefix: 0 30 
suffix: 7 0 
11 24 19 1 10 27 20 16 18 21 22 6 9 17 13 12 26 28 8 
forward frontier
restricted destroy-repair dd compilation
restricted dd compilation - suffixes
running dd lns mip
num vars: 11927
obj from lns: 785
[loc arcIndex] route: 2 0 14 1 15 2 11 3 24 4 19 5 1 6 3 7 -2 3018 
[loc arcIndex] route: 10 8 27 30 20 74 -2 3030 
[loc arcIndex] route: 16 11 18 12 21 13 22 14 -3 3051 
[loc arcIndex] route: 25 17 5 18 6 19 9 171 17 21 13 1490 23 23 -2 3089 
[loc arcIndex] route: 30 24 8 64 12 134 28 453 26 1034 -5 7761 
DD random seed:719905496
running lns dd
destroy phase
prefix: 0 2 14 15 
suffix: 3 0 
prefix: 0 
suffix: 0 
prefix: 0 16 
suffix: 4 0 
prefix: 0 25 5 6 
suffix: 0 
prefix: 0 30 
suffix: 7 0 
11 24 19 1 10 27 20 18 21 22 29 9 17 13 23 12 26 28 8 
forward frontier
restricted destroy-repair dd compilation
restricted dd compilation - suffixes
running dd lns mip
num vars: 3816
obj from lns: 785
[loc arcIndex] route: 2 0 14 1 15 2 11 3 24 4 19 5 1 6 -1 980 
[loc arcIndex] route: 10 8 27 9 20 10 -4 998 
[loc arcIndex] route: 16 11 18 12 21 13 22 14 29 95 4 16 -2 1026 
[loc arcIndex] route: 25 17 5 18 6 19 9 30 17 21 13 22 23 23 -4 1058 
[loc arcIndex] route: 30 24 12 25 26 40 28 27 8 28 -5 1083 
DD random seed:930179900
running lns dd
destroy phase
prefix: 0 2 14 15 11 
suffix: 0 
prefix: 0 
suffix: 0 
prefix: 0 16 18 
suffix: 0 
prefix: 0 25 5 
suffix: 23 0 
prefix: 0 30 12 
suffix: 0 
24 19 1 3 10 27 20 21 22 29 4 6 9 17 13 26 28 8 7 
forward frontier
restricted destroy-repair dd compilation
restricted dd compilation - suffixes
running dd lns mip
num vars: 7182
obj from lns: 785
[loc arcIndex] route: 2 0 14 1 15 2 11 3 24 108 19 5 1 305 3 7 -2 1434 
[loc arcIndex] route: 10 8 27 9 20 10 -1 1447 
[loc arcIndex] route: 16 11 18 12 21 13 22 14 29 15 4 16 -2 1478 
[loc arcIndex] route: 25 17 5 18 6 19 9 20 17 21 13 429 -4 1510 
[loc arcIndex] route: 30 24 12 25 26 26 28 27 8 28 7 29 -3 1543 
DD random seed:1190033422
running lns dd
destroy phase
prefix: 0 2 14 15 
suffix: 3 0 
prefix: 0 
suffix: 0 
prefix: 0 16 18 
suffix: 0 
prefix: 0 25 5 6 
suffix: 0 
prefix: 0 30 12 
suffix: 0 
11 24 19 1 10 27 20 21 22 29 4 9 17 13 23 26 28 8 7 
forward frontier
restricted destroy-repair dd compilation
restricted dd compilation - suffixes
running dd lns mip
num vars: 3944
obj from lns: 783
[loc arcIndex] route: 2 0 14 1 15 2 11 3 24 4 19 5 1 6 3 7 -5 757 
[loc arcIndex] route: 10 8 27 9 20 10 -5 772 
[loc arcIndex] route: 16 11 18 12 21 37 22 14 29 15 4 16 -2 799 
[loc arcIndex] route: 25 17 5 18 6 19 9 20 17 21 13 323 23 23 -2 833 
[loc arcIndex] route: 30 24 12 25 8 66 7 116 28 374 26 520 -2 3136 
improved ub from lns primal heuristic: 783
STATS - lpIterations[0] lagIterations[0] sspIterations[0] numSeparations[0] numCuts[0] compileTime[0] sspSolveTime[0] lpSolveTime[0] lb[0] ub[783] numArcs: [0] numFixed: [0] time: [14]
STATS1 - lpIterations[0] lagIterations[0] sspIterations[0] numSeparations[0] numCuts[0] compileTime[0] sspSolveTime[0] lpSolveTime[0] repairTime[0] cutsTime[0] alphaTime[0] decompTime[0] yellowTime[0] updateTime[0] fixTime[0] lb[0] ub[783] numArcs: [0] numFixed: [0] time: [14]
added route to primal routes: 0,30,12,8,7,28,26,0,
random seed: 1333738319
updated increasing parameter: 1
DD random seed:1341220653
running lns dd
destroy phase
prefix: 0 2 14 15 11 24 
suffix: 1 3 0 
prefix: 0 10 
suffix: 20 0 
prefix: 0 16 18 21 
suffix: 29 4 0 
prefix: 0 
suffix: 5 6 9 17 13 23 0 
prefix: 0 30 12 
suffix: 7 28 26 0 
19 27 22 25 8 
forward frontier
restricted destroy-repair dd compilation
restricted dd compilation - suffixes
running dd lns mip
num vars: 322
obj from lns: 783
[loc arcIndex] route: 2 0 14 1 15 2 11 3 24 4 19 5 -1 114 
[loc arcIndex] route: 10 8 27 9 -2 124 
[loc arcIndex] route: 16 11 18 12 21 13 22 32 -3 144 
[loc arcIndex] route: 25 17 -4 150 
[loc arcIndex] route: 30 24 12 25 8 26 -5 177 
DD random seed:1362613826
running lns dd
destroy phase
prefix: 0 2 14 
suffix: 11 24 19 1 3 0 
prefix: 0 
suffix: 27 20 0 
prefix: 0 
suffix: 18 21 22 29 4 0 
prefix: 0 25 5 6 9 17 
suffix: 23 0 
prefix: 0 30 12 8 7 
suffix: 26 0 
15 10 16 13 28 
forward frontier
restricted destroy-repair dd compilation
restricted dd compilation - suffixes
running dd lns mip
num vars: 247
obj from lns: 783
[loc arcIndex] route: 2 0 14 1 15 2 -1 80 
[loc arcIndex] route: 10 8 -2 94 
[loc arcIndex] route: 16 11 -3 108 
[loc arcIndex] route: 25 17 5 18 6 19 9 20 17 21 13 22 -4 147 
[loc arcIndex] route: 30 24 12 25 8 26 7 27 28 28 -5 165 
DD random seed:1379372390
running lns dd
destroy phase
prefix: 0 2 14 15 11 
suffix: 19 1 3 0 
prefix: 0 
suffix: 27 20 0 
prefix: 0 16 18 21 22 
suffix: 4 0 
prefix: 0 25 5 6 
suffix: 17 13 23 0 
prefix: 0 30 12 8 
suffix: 28 26 0 
24 10 29 9 7 
forward frontier
restricted destroy-repair dd compilation
restricted dd compilation - suffixes
running dd lns mip
num vars: 314
obj from lns: 783
[loc arcIndex] route: 2 0 14 1 15 2 11 3 24 4 -1 131 
[loc arcIndex] route: 10 8 -2 139 
[loc arcIndex] route: 16 11 18 12 21 13 22 14 29 15 -3 171 
[loc arcIndex] route: 25 17 5 18 6 19 9 35 -4 191 
[loc arcIndex] route: 30 24 12 25 8 26 7 27 -5 214 
DD random seed:1399422738
running lns dd
destroy phase
prefix: 0 2 14 
suffix: 11 24 19 1 3 0 
prefix: 0 10 
suffix: 20 0 
prefix: 0 16 18 21 22 
suffix: 4 0 
prefix: 0 25 5 6 
suffix: 17 13 23 0 
prefix: 0 30 12 8 7 
suffix: 26 0 
15 27 29 9 28 
forward frontier
restricted destroy-repair dd compilation
restricted dd compilation - suffixes
running dd lns mip
num vars: 263
obj from lns: 783
[loc arcIndex] route: 2 0 14 1 15 2 -1 80 
[loc arcIndex] route: 10 8 27 9 -2 102 
[loc arcIndex] route: 16 11 18 12 21 13 22 14 29 15 -3 129 
[loc arcIndex] route: 25 17 5 18 6 19 9 32 -4 149 
[loc arcIndex] route: 30 24 12 25 8 26 7 27 28 55 -5 175 
DD random seed:1414797035
running lns dd
destroy phase
prefix: 0 2 14 
suffix: 11 24 19 1 3 0 
prefix: 0 
suffix: 27 20 0 
prefix: 0 16 
suffix: 21 22 29 4 0 
prefix: 0 25 5 6 9 
suffix: 13 23 0 
prefix: 0 
suffix: 12 8 7 28 26 0 
15 10 18 17 30 
forward frontier
restricted destroy-repair dd compilation
restricted dd compilation - suffixes
running dd lns mip
num vars: 165
obj from lns: 783
[loc arcIndex] route: 2 0 14 1 15 2 -1 62 
[loc arcIndex] route: 10 8 -2 74 
[loc arcIndex] route: 16 11 18 12 -3 91 
[loc arcIndex] route: 25 17 5 18 6 19 9 20 17 21 -4 117 
[loc arcIndex] route: 30 24 -5 122 
DD random seed:1427052952
running lns dd
destroy phase
prefix: 0 
suffix: 14 15 11 24 19 1 3 0 
prefix: 0 
suffix: 27 20 0 
prefix: 0 16 18 21 22 
suffix: 4 0 
prefix: 0 
suffix: 5 6 9 17 13 23 0 
prefix: 0 30 12 
suffix: 7 28 26 0 
2 10 29 25 8 
forward frontier
restricted destroy-repair dd compilation
restricted dd compilation - suffixes
running dd lns mip
num vars: 237
obj from lns: 783
[loc arcIndex] route: 2 0 -1 78 
[loc arcIndex] route: 10 8 -2 96 
[loc arcIndex] route: 16 11 18 12 21 13 22 14 29 51 -3 116 
[loc arcIndex] route: 25 17 -4 119 
[loc arcIndex] route: 30 24 12 25 8 26 -5 140 
DD random seed:1443126597
running lns dd
destroy phase
prefix: 0 2 14 15 11 24 19 
suffix: 3 0 
prefix: 0 
suffix: 27 20 0 
prefix: 0 16 18 21 
suffix: 29 4 0 
prefix: 0 25 5 6 
suffix: 17 13 23 0 
prefix: 0 30 
suffix: 8 7 28 26 0 
1 10 22 9 12 
forward frontier
restricted destroy-repair dd compilation
restricted dd compilation - suffixes
running dd lns mip
num vars: 289
obj from lns: 783
[loc arcIndex] route: 2 0 14 1 15 2 11 3 24 4 19 5 1 6 -1 114 
[loc arcIndex] route: 10 8 -2 116 
[loc arcIndex] route: 16 11 18 12 21 13 22 14 -3 145 
[loc arcIndex] route: 25 17 5 18 6 19 9 35 -4 167 
[loc arcIndex] route: 30 24 12 31 -5 181 
DD random seed:1461031024
running lns dd
destroy phase
prefix: 0 2 14 15 
suffix: 24 19 1 3 0 
prefix: 0 
suffix: 27 20 0 
prefix: 0 16 18 21 22 
suffix: 4 0 
prefix: 0 
suffix: 5 6 9 17 13 23 0 
prefix: 0 30 12 8 
suffix: 28 26 0 
11 10 29 25 7 
forward frontier
restricted destroy-repair dd compilation
restricted dd compilation - suffixes
running dd lns mip
num vars: 335
obj from lns: 783
[loc arcIndex] route: 2 0 14 1 15 2 11 3 -1 111 
[loc arcIndex] route: 10 8 -2 122 
[loc arcIndex] route: 16 11 18 12 21 13 22 14 29 58 -3 148 
[loc arcIndex] route: 25 17 -4 153 
[loc arcIndex] route: 30 24 12 25 8 26 7 27 -5 183 
DD random seed:1482831805
running lns dd
destroy phase
prefix: 0 2 14 15 11 24 
suffix: 1 3 0 
prefix: 0 10 
suffix: 20 0 
prefix: 0 16 18 21 
suffix: 29 4 0 
prefix: 0 25 5 6 9 17 
suffix: 23 0 
prefix: 0 30 12 
suffix: 7 28 26 0 
19 27 22 13 8 
forward frontier
restricted destroy-repair dd compilation
restricted dd compilation - suffixes
running dd lns mip
num vars: 353
obj from lns: 783
[loc arcIndex] route: 2 0 14 1 15 2 11 3 24 4 19 5 -1 118 
[loc arcIndex] route: 10 8 27 30 -2 129 
[loc arcIndex] route: 16 11 18 12 21 13 22 14 -3 154 
[loc arcIndex] route: 25 17 5 18 6 19 9 20 17 21 13 22 -4 183 
[loc arcIndex] route: 30 24 12 25 8 26 -5 198 
DD random seed:1504432560
running lns dd
destroy phase
prefix: 0 
suffix: 14 15 11 24 19 1 3 0 
prefix: 0 10 
suffix: 20 0 
prefix: 0 16 18 21 
suffix: 29 4 0 
prefix: 0 25 5 6 9 17 
suffix: 23 0 
prefix: 0 
suffix: 12 8 7 28 26 0 
2 27 22 13 30 
forward frontier
restricted destroy-repair dd compilation
restricted dd compilation - suffixes
running dd lns mip
num vars: 212
obj from lns: 783
[loc arcIndex] route: 2 0 -1 59 
[loc arcIndex] route: 10 8 27 34 -2 85 
[loc arcIndex] route: 16 11 18 12 21 13 22 14 -3 101 
[loc arcIndex] route: 25 17 5 18 6 19 9 20 17 21 13 53 -4 124 
[loc arcIndex] route: 30 24 -5 128 
updated increasing parameter: 2
DD random seed:1518126012
running lns dd
destroy phase
prefix: 0 2 14 15 11 24 
suffix: 3 0 
prefix: 0 10 
suffix: 0 
prefix: 0 16 18 21 
suffix: 4 0 
prefix: 0 25 5 6 
suffix: 13 23 0 
prefix: 0 
suffix: 8 7 28 26 0 
19 1 27 20 22 29 9 17 30 12 
forward frontier
restricted destroy-repair dd compilation
restricted dd compilation - suffixes
running dd lns mip
num vars: 1578
obj from lns: 783
[loc arcIndex] route: 2 0 14 1 15 2 11 3 24 4 19 5 1 6 -1 426 
[loc arcIndex] route: 10 8 27 30 20 10 -2 440 
[loc arcIndex] route: 16 11 18 12 21 13 22 14 29 15 -3 465 
[loc arcIndex] route: 25 17 5 18 6 19 9 20 17 21 -4 491 
[loc arcIndex] route: 30 24 12 42 8 26 7 27 28 28 26 29 -2 516 
DD random seed:1595828635
running lns dd
destroy phase
prefix: 0 2 14 
suffix: 24 19 1 3 0 
prefix: 0 10 
suffix: 0 
prefix: 0 16 18 21 22 
suffix: 0 
prefix: 0 25 5 6 
suffix: 13 23 0 
prefix: 0 30 
suffix: 7 28 26 0 
15 11 27 20 29 4 9 17 12 8 
forward frontier
restricted destroy-repair dd compilation
restricted dd compilation - suffixes
running dd lns mip
num vars: 669
obj from lns: 783
[loc arcIndex] route: 2 0 14 1 15 2 11 60 24 4 19 5 1 6 3 7 -2 208 
[loc arcIndex] route: 10 8 27 9 20 10 -2 221 
[loc arcIndex] route: 16 11 18 12 21 13 22 14 29 15 4 16 -2 246 
[loc arcIndex] route: 25 17 5 18 6 19 9 20 17 21 -4 268 
[loc arcIndex] route: 30 24 12 25 8 58 7 27 28 28 26 29 -2 291 
DD random seed:1632713702
running lns dd
destroy phase
prefix: 0 2 14 15 11 
suffix: 1 3 0 
prefix: 0 
suffix: 20 0 
prefix: 0 16 
suffix: 22 29 4 0 
prefix: 0 25 5 6 
suffix: 13 23 0 
prefix: 0 30 12 8 7 
suffix: 0 
24 19 10 27 18 21 9 17 28 26 
forward frontier
restricted destroy-repair dd compilation
restricted dd compilation - suffixes
running dd lns mip
num vars: 471
obj from lns: 783
[loc arcIndex] route: 2 0 14 1 15 2 11 3 24 4 19 5 1 6 3 7 -5 160 
[loc arcIndex] route: 10 8 27 9 -2 167 
[loc arcIndex] route: 16 11 18 12 21 36 -3 187 
[loc arcIndex] route: 25 17 5 18 6 19 9 43 17 21 -4 220 
[loc arcIndex] route: 30 24 12 25 8 26 7 27 28 28 26 92 -5 244 
DD random seed:1662103050
running lns dd
destroy phase
prefix: 0 
suffix: 15 11 24 19 1 3 0 
prefix: 0 10 
suffix: 0 
prefix: 0 16 18 
suffix: 29 4 0 
prefix: 0 25 5 
suffix: 17 13 23 0 
prefix: 0 30 12 
suffix: 28 26 0 
2 14 27 20 21 22 6 9 8 7 
forward frontier
restricted destroy-repair dd compilation
restricted dd compilation - suffixes
running dd lns mip
num vars: 1544
obj from lns: 783
[loc arcIndex] route: 2 0 14 1 15 2 11 3 24 4 19 5 1 6 3 7 -2 428 
[loc arcIndex] route: 10 8 27 9 20 92 -2 438 
[loc arcIndex] route: 16 11 18 12 21 13 22 14 29 15 4 16 -2 459 
[loc arcIndex] route: 25 17 5 18 6 100 9 20 17 21 13 22 23 23 -2 481 
[loc arcIndex] route: 30 24 12 25 8 167 7 27 28 28 26 29 -2 498 
DD random seed:1752803704
running lns dd
destroy phase
prefix: 0 2 14 
suffix: 24 19 1 3 0 
prefix: 0 10 
suffix: 0 
prefix: 0 16 18 
suffix: 29 4 0 
prefix: 0 25 5 6 9 17 
suffix: 0 
prefix: 0 30 12 8 
suffix: 26 0 
15 11 27 20 21 22 13 23 7 28 
forward frontier
restricted destroy-repair dd compilation
restricted dd compilation - suffixes
running dd lns mip
num vars: 676
obj from lns: 783
[loc arcIndex] route: 2 0 14 1 15 32 11 44 -1 183 
[loc arcIndex] route: 10 8 27 9 20 38 -2 211 
[loc arcIndex] route: 16 11 18 12 21 13 22 14 -3 231 
[loc arcIndex] route: 25 17 5 18 6 19 9 20 17 21 13 22 23 137 -2 264 
[loc arcIndex] route: 30 24 12 25 8 26 7 27 28 28 -5 286 
DD random seed:1786752895
running lns dd
destroy phase
prefix: 0 2 14 15 11 24 19 
suffix: 0 
prefix: 0 10 
suffix: 0 
prefix: 0 16 
suffix: 22 29 4 0 
prefix: 0 25 
suffix: 9 17 13 23 0 
prefix: 0 30 
suffix: 7 28 26 0 
1 3 27 20 18 21 5 6 12 8 
forward frontier
restricted destroy-repair dd compilation
restricted dd compilation - suffixes
running dd lns mip
num vars: 737
obj from lns: 783
[loc arcIndex] route: 2 0 14 1 15 2 11 3 24 4 19 5 1 6 3 7 -1 216 
[loc arcIndex] route: 10 8 27 9 20 43 -1 228 
[loc arcIndex] route: 16 11 18 12 21 66 -3 244 
[loc arcIndex] route: 25 17 5 18 6 49 -4 266 
[loc arcIndex] route: 30 24 12 25 8 96 7 27 28 28 26 29 -1 294 
DD random seed:1825965503
running lns dd
destroy phase
prefix: 0 2 14 15 
suffix: 19 1 3 0 
prefix: 0 10 
suffix: 0 
prefix: 0 16 18 21 
suffix: 4 0 
prefix: 0 25 5 6 9 
suffix: 23 0 
prefix: 0 30 
suffix: 7 28 26 0 
11 24 27 20 22 29 17 13 12 8 
forward frontier
restricted destroy-repair dd compilation
restricted dd compilation - suffixes
running dd lns mip
num vars: 2060
obj from lns: 783
[loc arcIndex] route: 2 0 14 1 15 2 11 71 24 95 19 5 1 6 3 7 -2 681 
[loc arcIndex] route: 10 8 27 30 20 33 -2 693 
[loc arcIndex] route: 16 11 18 12 21 13 22 14 29 15 4 16 -2 719 
[loc arcIndex] route: 25 17 5 18 6 19 9 20 13 122 17 272 -4 1530 
[loc arcIndex] route: 30 24 12 25 8 26 7 27 28 28 26 29 -2 768 
DD random seed:1963704330
running lns dd
destroy phase
prefix: 0 
suffix: 15 11 24 19 1 3 0 
prefix: 0 
suffix: 20 0 
prefix: 0 16 
suffix: 22 29 4 0 
prefix: 0 25 5 6 9 17 
suffix: 0 
prefix: 0 30 12 
suffix: 28 26 0 
2 14 10 27 18 21 13 23 8 7 
forward frontier
restricted destroy-repair dd compilation
restricted dd compilation - suffixes
running dd lns mip
num vars: 1654
obj from lns: 783
[loc arcIndex] route: 2 0 14 1 15 2 11 3 24 4 19 5 1 6 3 7 -4 485 
[loc arcIndex] route: 10 8 27 30 -2 491 
[loc arcIndex] route: 16 11 18 12 21 94 -3 507 
[loc arcIndex] route: 25 17 5 18 6 19 9 20 17 21 13 329 23 23 -4 540 
[loc arcIndex] route: 30 24 12 25 8 26 7 27 -5 555 
DD random seed:2058868325
running lns dd
destroy phase
prefix: 0 2 14 
suffix: 24 19 1 3 0 
prefix: 0 10 
suffix: 0 
prefix: 0 
suffix: 21 22 29 4 0 
prefix: 0 25 5 
suffix: 17 13 23 0 
prefix: 0 
suffix: 8 7 28 26 0 
15 11 27 20 16 18 6 9 30 12 
forward frontier
restricted destroy-repair dd compilation
restricted dd compilation - suffixes
running dd lns mip
num vars: 1301
obj from lns: 783
[loc arcIndex] route: 2 0 14 1 15 2 11 3 24 4 19 5 1 6 3 7 -2 529 
[loc arcIndex] route: 10 8 27 30 20 10 -2 541 
[loc arcIndex] route: 16 11 18 12 -3 552 
[loc arcIndex] route: 25 17 5 18 6 19 9 102 17 21 13 22 23 23 -2 582 
[loc arcIndex] route: 30 24 12 44 8 26 7 27 28 28 26 29 -2 598 
DD random seed:2168370375
running lns dd
destroy phase
prefix: 0 2 14 15 11 24 19 
suffix: 0 
prefix: 0 10 
suffix: 0 
prefix: 0 
suffix: 21 22 29 4 0 
prefix: 0 25 5 6 9 
suffix: 23 0 
prefix: 0 30 
suffix: 7 28 26 0 
1 3 27 20 16 18 17 13 12 8 
forward frontier
restricted destroy-repair dd compilation
restricted dd compilation - suffixes
running dd lns mip
num vars: 1382
obj from lns: 783
[loc arcIndex] route: 2 0 14 1 15 2 11 3 24 4 19 5 1 6 3 337 -1 372 
[loc arcIndex] route: 10 8 27 30 20 10 -2 385 
[loc arcIndex] route: 16 11 18 34 -3 396 
[loc arcIndex] route: 25 17 5 18 6 19 9 20 17 21 13 22 -4 436 
[loc arcIndex] route: 30 24 8 41 12 67 -5 628 
updated increasing parameter: 3
DD random seed:2239527429
running lns dd
destroy phase
prefix: 0 2 
suffix: 24 19 1 3 0 
prefix: 0 
suffix: 0 
prefix: 0 16 
suffix: 29 4 0 
prefix: 0 25 
suffix: 17 13 23 0 
prefix: 0 30 12 
suffix: 26 0 
14 15 11 10 27 20 18 21 22 5 6 9 8 7 28 
forward frontier
restricted destroy-repair dd compilation
restricted dd compilation - suffixes
running dd lns mip
num vars: 7291
obj from lns: 783
[loc arcIndex] route: 2 0 14 1 15 71 11 3 24 4 19 5 1 6 3 7 -2 1929 
[loc arcIndex] route: 10 8 27 9 20 10 -2 1941 
[loc arcIndex] route: 16 11 18 98 21 391 22 14 -3 1961 
[loc arcIndex] route: 25 17 5 59 6 19 9 20 17 21 13 22 23 23 -2 1989 
[loc arcIndex] route: 30 24 12 25 8 26 7 27 28 1442 -5 2008 
DD random seed:2606462259
running lns dd
destroy phase
prefix: 0 2 14 15 
suffix: 1 3 0 
prefix: 0 
suffix: 0 
prefix: 0 16 
suffix: 29 4 0 
prefix: 0 25 5 
suffix: 13 23 0 
prefix: 0 30 12 8 
suffix: 0 
11 24 19 10 27 20 18 21 22 6 9 17 7 28 26 
forward frontier
restricted destroy-repair dd compilation
restricted dd compilation - suffixes
running dd lns mip
num vars: 3023
obj from lns: 783
[loc arcIndex] route: 2 0 14 1 15 2 11 69 24 88 19 5 -1 851 
[loc arcIndex] route: 10 8 27 9 20 10 -2 871 
[loc arcIndex] route: 16 11 18 12 21 13 22 14 -3 892 
[loc arcIndex] route: 25 17 5 18 6 19 9 20 17 21 13 22 23 23 -2 926 
[loc arcIndex] route: 30 24 12 25 8 26 7 27 28 444 26 29 -5 949 
DD random seed:2768094744
running lns dd
destroy phase
prefix: 0 2 
suffix: 24 19 1 3 0 
prefix: 0 
suffix: 0 
prefix: 0 
suffix: 22 29 4 0 
prefix: 0 25 5 6 9 
suffix: 0 
prefix: 0 
suffix: 7 28 26 0 
14 15 11 10 27 20 16 18 21 17 13 23 30 12 8 
forward frontier
restricted destroy-repair dd compilation
restricted dd compilation - suffixes
running dd lns mip
num vars: 1813
obj from lns: 783
[loc arcIndex] route: 2 0 14 1 15 47 11 3 24 4 19 5 1 6 3 7 -4 535 
[loc arcIndex] route: 10 8 27 9 20 10 -4 549 
[loc arcIndex] route: 16 11 18 12 21 13 22 14 29 15 4 16 -2 570 
[loc arcIndex] route: 25 17 5 18 6 19 9 20 17 21 13 372 23 23 -4 595 
[loc arcIndex] route: 30 24 12 25 8 26 7 27 28 28 26 29 -2 614 
DD random seed:2865616854
running lns dd
destroy phase
prefix: 0 2 14 
suffix: 19 1 3 0 
prefix: 0 
suffix: 0 
prefix: 0 16 18 
suffix: 4 0 
prefix: 0 25 5 6 9 
suffix: 0 
prefix: 0 30 
suffix: 28 26 0 
15 11 24 10 27 20 21 22 29 17 13 23 12 8 7 
forward frontier
restricted destroy-repair dd compilation
restricted dd compilation - suffixes
running dd lns mip
num vars: 1363
obj from lns: 781
[loc arcIndex] route: 2 0 14 1 15 32 11 3 24 4 -1 348 
[loc arcIndex] route: 10 8 27 30 20 10 -4 374 
[loc arcIndex] route: 16 11 18 12 21 13 8 76 12 100 -5 775 
[loc arcIndex] route: 25 17 5 18 6 19 9 20 17 21 13 22 -3 427 
[loc arcIndex] route: 30 24 23 42 7 88 22 174 29 291 -2 1294 
improved ub from lns primal heuristic: 781
STATS - lpIterations[0] lagIterations[0] sspIterations[0] numSeparations[0] numCuts[0] compileTime[0] sspSolveTime[0] lpSolveTime[0] lb[0] ub[781] numArcs: [0] numFixed: [0] time: [16]
STATS1 - lpIterations[0] lagIterations[0] sspIterations[0] numSeparations[0] numCuts[0] compileTime[0] sspSolveTime[0] lpSolveTime[0] repairTime[0] cutsTime[0] alphaTime[0] decompTime[0] yellowTime[0] updateTime[0] fixTime[0] lb[0] ub[781] numArcs: [0] numFixed: [0] time: [16]
added route to primal routes: 0,16,18,21,8,12,28,26,0,
random seed: 2943023573
added maximal sequence to primal routes: 0,6,16,18,21,8,12,28,26,0,
added route to primal routes: 0,25,5,6,9,17,13,4,0,
random seed: 2958247764
added maximal sequence to primal routes: 0,21,25,5,6,9,17,13,4,0,
added route to primal routes: 0,30,23,7,22,29,0,
random seed: 2973167851
added maximal sequence to primal routes: 0,10,30,23,7,22,29,0,
updated increasing parameter: 1
DD random seed:2980246408
running lns dd
destroy phase
prefix: 0 2 14 15 11 24 19 
suffix: 3 0 
prefix: 0 10 
suffix: 20 0 
prefix: 0 16 18 21 
suffix: 12 28 26 0 
prefix: 0 25 5 6 9 
suffix: 13 4 0 
prefix: 0 
suffix: 23 7 22 29 0 
1 27 8 17 30 
forward frontier
restricted destroy-repair dd compilation
restricted dd compilation - suffixes
running dd lns mip
num vars: 288
obj from lns: 781
[loc arcIndex] route: 2 0 14 1 15 2 11 3 24 4 19 5 1 55 -1 103 
[loc arcIndex] route: 10 8 27 9 -2 111 
[loc arcIndex] route: 16 11 18 12 21 13 8 14 -3 133 
[loc arcIndex] route: 25 18 5 19 6 20 9 21 17 22 -4 160 
[loc arcIndex] route: 30 25 -5 167 
DD random seed:2997158756
running lns dd
destroy phase
prefix: 0 2 14 15 11 24 
suffix: 1 3 0 
prefix: 0 
suffix: 27 20 0 
prefix: 0 16 18 
suffix: 8 12 28 26 0 
prefix: 0 25 5 6 
suffix: 17 13 4 0 
prefix: 0 
suffix: 23 7 22 29 0 
19 10 21 9 30 
forward frontier
restricted destroy-repair dd compilation
restricted dd compilation - suffixes
running dd lns mip
num vars: 245
obj from lns: 781
[loc arcIndex] route: 2 0 14 1 15 2 11 3 24 4 19 5 -1 104 
[loc arcIndex] route: 10 8 -2 107 
[loc arcIndex] route: 16 11 18 12 21 31 -3 129 
[loc arcIndex] route: 25 18 5 19 6 20 9 35 -4 153 
[loc arcIndex] route: 30 25 -5 159 
DD random seed:3014307062
running lns dd
destroy phase
prefix: 0 2 14 
suffix: 11 24 19 1 3 0 
prefix: 0 10 
suffix: 20 0 
prefix: 0 16 18 21 8 12 
suffix: 26 0 
prefix: 0 
suffix: 5 6 9 17 13 4 0 
prefix: 0 30 23 7 
suffix: 29 0 
15 27 28 25 22 
forward frontier
restricted destroy-repair dd compilation
restricted dd compilation - suffixes
running dd lns mip
num vars: 290
obj from lns: 781
[loc arcIndex] route: 2 0 14 1 15 39 -1 80 
[loc arcIndex] route: 10 8 27 30 -2 101 
[loc arcIndex] route: 16 11 18 12 21 13 8 14 12 15 28 68 -3 126 
[loc arcIndex] route: 25 18 -4 131 
[loc arcIndex] route: 30 25 23 26 7 27 22 28 -5 161 
DD random seed:3029932027
running lns dd
destroy phase
prefix: 0 2 14 15 11 24 19 
suffix: 3 0 
prefix: 0 10 
suffix: 20 0 
prefix: 0 16 18 21 
suffix: 12 28 26 0 
prefix: 0 
suffix: 5 6 9 17 13 4 0 
prefix: 0 30 
suffix: 7 22 29 0 
1 27 8 25 23 
forward frontier
restricted destroy-repair dd compilation
restricted dd compilation - suffixes
running dd lns mip
num vars: 324
obj from lns: 781
[loc arcIndex] route: 2 0 14 1 15 2 11 3 24 4 19 5 1 65 -1 112 
[loc arcIndex] route: 10 8 27 9 -2 120 
[loc arcIndex] route: 16 11 18 12 21 13 8 14 -3 140 
[loc arcIndex] route: 25 18 -4 149 
[loc arcIndex] route: 30 25 23 41 -5 173 
DD random seed:3047997374
running lns dd
destroy phase
prefix: 0 2 14 15 11 24 
suffix: 1 3 0 
prefix: 0 
suffix: 27 20 0 
prefix: 0 16 18 
suffix: 8 12 28 26 0 
prefix: 0 25 5 6 9 
suffix: 13 4 0 
prefix: 0 
suffix: 23 7 22 29 0 
19 10 21 17 30 
forward frontier
restricted destroy-repair dd compilation
restricted dd compilation - suffixes
running dd lns mip
num vars: 187
obj from lns: 781
[loc arcIndex] route: 2 0 14 1 15 2 11 3 24 4 19 5 -1 79 
[loc arcIndex] route: 10 8 -2 83 
[loc arcIndex] route: 16 11 18 12 21 13 -3 105 
[loc arcIndex] route: 25 18 5 19 6 20 9 21 17 38 -4 132 
[loc arcIndex] route: 30 25 -5 137 
DD random seed:3060459510
running lns dd
destroy phase
prefix: 0 
suffix: 14 15 11 24 19 1 3 0 
prefix: 0 10 
suffix: 20 0 
prefix: 0 16 18 
suffix: 8 12 28 26 0 
prefix: 0 25 5 
suffix: 9 17 13 4 0 
prefix: 0 30 
suffix: 7 22 29 0 
2 27 21 6 23 
forward frontier
restricted destroy-repair dd compilation
restricted dd compilation - suffixes
running dd lns mip
num vars: 283
obj from lns: 781
[loc arcIndex] route: 2 0 -1 92 
[loc arcIndex] route: 10 8 27 9 -2 114 
[loc arcIndex] route: 16 11 18 12 21 13 -3 130 
[loc arcIndex] route: 25 18 5 19 6 20 -4 147 
[loc arcIndex] route: 30 25 23 26 -5 158 
DD random seed:3080759967
running lns dd
destroy phase
prefix: 0 2 14 
suffix: 11 24 19 1 3 0 
prefix: 0 10 
suffix: 20 0 
prefix: 0 
suffix: 18 21 8 12 28 26 0 
prefix: 0 25 
suffix: 6 9 17 13 4 0 
prefix: 0 
suffix: 23 7 22 29 0 
15 27 16 5 30 
forward frontier
restricted destroy-repair dd compilation
restricted dd compilation - suffixes
running dd lns mip
num vars: 129
obj from lns: 781
[loc arcIndex] route: 2 0 14 1 15 2 -1 58 
[loc arcIndex] route: 10 8 27 9 -2 70 
[loc arcIndex] route: 16 11 -3 77 
[loc arcIndex] route: 25 18 5 19 -4 95 
[loc arcIndex] route: 30 25 -5 106 
DD random seed:3091862915
running lns dd
destroy phase
prefix: 0 2 14 15 11 24 19 
suffix: 3 0 
prefix: 0 10 
suffix: 20 0 
prefix: 0 16 18 21 
suffix: 12 28 26 0 
prefix: 0 25 
suffix: 6 9 17 13 4 0 
prefix: 0 
suffix: 23 7 22 29 0 
1 27 8 5 30 
forward frontier
restricted destroy-repair dd compilation
restricted dd compilation - suffixes
running dd lns mip
num vars: 313
obj from lns: 781
[loc arcIndex] route: 2 0 14 1 15 2 11 3 24 4 19 5 1 6 -1 109 
[loc arcIndex] route: 10 8 27 9 -2 117 
[loc arcIndex] route: 16 11 18 12 21 13 8 14 -3 136 
[loc arcIndex] route: 25 18 5 19 -4 149 
[loc arcIndex] route: 30 25 -5 165 
DD random seed:3110290089
running lns dd
destroy phase
prefix: 0 2 14 
suffix: 11 24 19 1 3 0 
prefix: 0 
suffix: 27 20 0 
prefix: 0 16 18 
suffix: 8 12 28 26 0 
prefix: 0 25 5 6 9 17 
suffix: 4 0 
prefix: 0 
suffix: 23 7 22 29 0 
15 10 21 13 30 
forward frontier
restricted destroy-repair dd compilation
restricted dd compilation - suffixes
running dd lns mip
num vars: 278
obj from lns: 781
[loc arcIndex] route: 2 0 14 1 15 2 -1 95 
[loc arcIndex] route: 10 8 -2 107 
[loc arcIndex] route: 16 11 18 12 21 43 -3 129 
[loc arcIndex] route: 25 18 5 19 6 20 9 21 17 22 13 23 -4 155 
[loc arcIndex] route: 30 25 -5 160 
DD random seed:3128577637
running lns dd
destroy phase
prefix: 0 2 
suffix: 15 11 24 19 1 3 0 
prefix: 0 
suffix: 27 20 0 
prefix: 0 16 18 21 8 
suffix: 28 26 0 
prefix: 0 25 5 6 9 17 
suffix: 4 0 
prefix: 0 30 
suffix: 7 22 29 0 
14 10 12 13 23 
forward frontier
restricted destroy-repair dd compilation
restricted dd compilation - suffixes
running dd lns mip
num vars: 287
obj from lns: 781
[loc arcIndex] route: 2 0 14 31 -1 86 
[loc arcIndex] route: 10 8 -2 106 
[loc arcIndex] route: 16 11 18 12 21 13 8 14 12 59 -3 133 
[loc arcIndex] route: 25 18 5 19 6 20 9 21 17 22 13 64 -4 156 
[loc arcIndex] route: 30 25 23 40 -5 164 
updated increasing parameter: 2
DD random seed:3146061529
running lns dd
destroy phase
prefix: 0 2 14 15 11 24 
suffix: 3 0 
prefix: 0 10 
suffix: 0 
prefix: 0 16 18 
suffix: 12 28 26 0 
prefix: 0 25 5 
suffix: 17 13 4 0 
prefix: 0 30 23 7 
suffix: 0 
19 1 27 20 21 8 6 9 22 29 
forward frontier
restricted destroy-repair dd compilation
restricted dd compilation - suffixes
running dd lns mip
num vars: 993
obj from lns: 781
[loc arcIndex] route: 2 0 14 1 15 2 11 3 24 4 19 5 1 6 3 7 -2 257 
[loc arcIndex] route: 10 8 27 30 20 10 -2 270 
[loc arcIndex] route: 16 11 18 12 21 13 8 14 -3 291 
[loc arcIndex] route: 25 18 5 19 6 20 9 21 -4 320 
[loc arcIndex] route: 30 25 23 26 7 27 22 28 29 29 -2 346 
DD random seed:3196492180
running lns dd
destroy phase
prefix: 0 2 14 
suffix: 24 19 1 3 0 
prefix: 0 10 
suffix: 0 
prefix: 0 16 18 21 8 
suffix: 26 0 
prefix: 0 25 
suffix: 9 17 13 4 0 
prefix: 0 30 23 
suffix: 29 0 
15 11 27 20 12 28 5 6 7 22 
forward frontier
restricted destroy-repair dd compilation
restricted dd compilation - suffixes
running dd lns mip
num vars: 1341
obj from lns: 781
[loc arcIndex] route: 2 0 14 1 15 35 11 3 -1 407 
[loc arcIndex] route: 10 8 27 9 20 10 -2 431 
[loc arcIndex] route: 16 11 18 12 21 13 8 14 12 95 28 16 -3 458 
[loc arcIndex] route: 25 18 5 30 6 20 -4 474 
[loc arcIndex] route: 30 25 23 26 7 82 22 28 -5 498 
DD random seed:3275208262
running lns dd
destroy phase
prefix: 0 
suffix: 15 11 24 19 1 3 0 
prefix: 0 10 
suffix: 0 
prefix: 0 16 
suffix: 8 12 28 26 0 
prefix: 0 
suffix: 6 9 17 13 4 0 
prefix: 0 30 
suffix: 22 29 0 
2 14 27 20 18 21 25 5 23 7 
forward frontier
restricted destroy-repair dd compilation
restricted dd compilation - suffixes
running dd lns mip
num vars: 695
obj from lns: 781
[loc arcIndex] route: 2 0 14 1 15 2 11 3 24 4 19 5 1 6 3 7 -2 243 
[loc arcIndex] route: 10 8 27 9 20 10 -2 253 
[loc arcIndex] route: 16 11 18 12 21 13 8 14 12 15 28 16 26 17 -2 272 
[loc arcIndex] route: 25 18 5 19 6 20 9 21 17 22 13 23 4 24 -2 290 
[loc arcIndex] route: 30 25 7 32 23 140 -5 554 
DD random seed:3326975308
running lns dd
destroy phase
prefix: 0 2 
suffix: 11 24 19 1 3 0 
prefix: 0 10 
suffix: 0 
prefix: 0 16 18 21 8 
suffix: 26 0 
prefix: 0 25 
suffix: 9 17 13 4 0 
prefix: 0 30 
suffix: 22 29 0 
14 15 27 20 12 28 5 6 23 7 
forward frontier
restricted destroy-repair dd compilation
restricted dd compilation - suffixes
running dd lns mip
num vars: 935
obj from lns: 781
[loc arcIndex] route: 2 0 14 1 15 2 -1 319 
[loc arcIndex] route: 10 8 27 31 20 52 -2 345 
[loc arcIndex] route: 16 11 18 12 21 13 8 14 12 15 28 16 -3 371 
[loc arcIndex] route: 25 18 5 19 6 20 9 21 17 22 13 23 4 24 -2 396 
[loc arcIndex] route: 30 25 7 45 23 93 -5 629 
DD random seed:3391525503
running lns dd
destroy phase
prefix: 0 2 14 
suffix: 24 19 1 3 0 
prefix: 0 10 
suffix: 0 
prefix: 0 16 18 21 
suffix: 28 26 0 
prefix: 0 
suffix: 6 9 17 13 4 0 
prefix: 0 30 
suffix: 22 29 0 
15 11 27 20 8 12 25 5 23 7 
forward frontier
restricted destroy-repair dd compilation
restricted dd compilation - suffixes
running dd lns mip
num vars: 1184
obj from lns: 781
[loc arcIndex] route: 2 0 14 1 15 2 11 154 -1 326 
[loc arcIndex] route: 10 8 27 9 20 79 -2 349 
[loc arcIndex] route: 16 11 18 12 21 13 8 14 12 15 -3 370 
[loc arcIndex] route: 25 18 5 19 -4 383 
[loc arcIndex] route: 30 25 23 61 7 27 -5 408 
DD random seed:3460357960
running lns dd
destroy phase
prefix: 0 2 14 
suffix: 24 19 1 3 0 
prefix: 0 
suffix: 20 0 
prefix: 0 16 18 21 
suffix: 28 26 0 
prefix: 0 25 5 6 9 17 
suffix: 0 
prefix: 0 30 23 7 
suffix: 0 
15 11 10 27 8 12 13 4 22 29 
forward frontier
restricted destroy-repair dd compilation
restricted dd compilation - suffixes
running dd lns mip
num vars: 629
obj from lns: 781
[loc arcIndex] route: 2 0 14 1 15 2 11 78 24 4 19 5 1 6 3 7 -5 160 
[loc arcIndex] route: 10 8 27 9 -2 167 
[loc arcIndex] route: 16 11 18 12 21 13 8 14 12 15 -3 196 
[loc arcIndex] route: 25 18 5 19 6 20 9 21 17 22 13 23 4 124 -4 230 
[loc arcIndex] route: 30 25 23 26 7 27 22 28 29 29 -5 250 
DD random seed:3493050604
running lns dd
destroy phase
prefix: 0 2 14 15 
suffix: 19 1 3 0 
prefix: 0 
suffix: 20 0 
prefix: 0 16 
suffix: 8 12 28 26 0 
prefix: 0 25 5 6 9 
suffix: 4 0 
prefix: 0 30 23 7 
suffix: 0 
11 24 10 27 18 21 17 13 22 29 
forward frontier
restricted destroy-repair dd compilation
restricted dd compilation - suffixes
running dd lns mip
num vars: 1160
obj from lns: 780
[loc arcIndex] route: 2 0 14 1 15 2 11 113 24 142 19 5 1 6 3 7 -5 294 
[loc arcIndex] route: 10 8 27 30 20 10 -5 308 
[loc arcIndex] route: 16 11 18 37 21 13 8 14 12 15 28 16 26 17 -5 334 
[loc arcIndex] route: 25 18 5 19 6 20 9 21 17 22 13 23 22 245 -5 1137 
[loc arcIndex] route: 30 25 23 26 7 27 29 201 -4 1053 
improved ub from lns primal heuristic: 780
STATS - lpIterations[0] lagIterations[0] sspIterations[0] numSeparations[0] numCuts[0] compileTime[0] sspSolveTime[0] lpSolveTime[0] lb[0] ub[780] numArcs: [0] numFixed: [0] time: [16]
STATS1 - lpIterations[0] lagIterations[0] sspIterations[0] numSeparations[0] numCuts[0] compileTime[0] sspSolveTime[0] lpSolveTime[0] repairTime[0] cutsTime[0] alphaTime[0] decompTime[0] yellowTime[0] updateTime[0] fixTime[0] lb[0] ub[780] numArcs: [0] numFixed: [0] time: [16]
added route to primal routes: 0,25,5,6,9,17,13,22,0,
random seed: 3554524153
added maximal sequence to primal routes: 0,21,25,5,6,9,17,13,22,0,
added route to primal routes: 0,30,23,7,29,4,0,
random seed: 3568552162
added maximal sequence to primal routes: 0,21,11,2,30,23,7,29,4,0,
updated increasing parameter: 1
DD random seed:3589589564
running lns dd
destroy phase
prefix: 0 2 14 15 11 
suffix: 19 1 3 0 
prefix: 0 
suffix: 27 20 0 
prefix: 0 16 18 21 
suffix: 12 28 26 0 
prefix: 0 25 
suffix: 6 9 17 13 22 0 
prefix: 0 30 23 
suffix: 29 4 0 
24 10 8 5 7 
forward frontier
restricted destroy-repair dd compilation
restricted dd compilation - suffixes
running dd lns mip
num vars: 202
obj from lns: 780
[loc arcIndex] route: 2 0 14 1 15 2 11 3 24 4 -1 73 
[loc arcIndex] route: 10 8 -2 79 
[loc arcIndex] route: 16 11 18 12 21 13 8 43 -3 105 
[loc arcIndex] route: 25 18 5 19 -4 119 
[loc arcIndex] route: 30 25 23 26 7 27 -5 141 
DD random seed:3603078097
running lns dd
destroy phase
prefix: 0 2 14 15 
suffix: 24 19 1 3 0 
prefix: 0 
suffix: 27 20 0 
prefix: 0 16 18 21 
suffix: 12 28 26 0 
prefix: 0 
suffix: 5 6 9 17 13 22 0 
prefix: 0 
suffix: 23 7 29 4 0 
11 10 8 25 30 
forward frontier
restricted destroy-repair dd compilation
restricted dd compilation - suffixes
running dd lns mip
num vars: 233
obj from lns: 780
[loc arcIndex] route: 2 0 14 1 15 2 11 3 -1 99 
[loc arcIndex] route: 10 8 -2 105 
[loc arcIndex] route: 16 11 18 12 21 13 8 14 -3 126 
[loc arcIndex] route: 25 18 -4 132 
[loc arcIndex] route: 30 25 -5 147 
DD random seed:3621260439
running lns dd
destroy phase
prefix: 0 2 14 15 11 
suffix: 19 1 3 0 
prefix: 0 
suffix: 27 20 0 
prefix: 0 
suffix: 18 21 8 12 28 26 0 
prefix: 0 
suffix: 5 6 9 17 13 22 0 
prefix: 0 30 23 7 
suffix: 4 0 
24 10 16 25 29 
forward frontier
restricted destroy-repair dd compilation
restricted dd compilation - suffixes
running dd lns mip
num vars: 277
obj from lns: 780
[loc arcIndex] route: 2 0 14 1 15 2 11 3 24 4 -1 109 
[loc arcIndex] route: 10 8 -2 115 
[loc arcIndex] route: 16 11 -3 126 
[loc arcIndex] route: 25 18 -4 144 
[loc arcIndex] route: 30 25 23 26 7 27 29 64 -5 168 
DD random seed:3640119045
running lns dd
destroy phase
prefix: 0 2 14 
suffix: 11 24 19 1 3 0 
prefix: 0 10 
suffix: 20 0 
prefix: 0 16 18 
suffix: 8 12 28 26 0 
prefix: 0 25 
suffix: 6 9 17 13 22 0 
prefix: 0 30 23 
suffix: 29 4 0 
15 27 21 5 7 
forward frontier
restricted destroy-repair dd compilation
restricted dd compilation - suffixes
running dd lns mip
num vars: 267
obj from lns: 780
[loc arcIndex] route: 2 0 14 1 15 2 -1 92 
[loc arcIndex] route: 10 8 27 9 -2 110 
[loc arcIndex] route: 16 11 18 12 21 13 -3 128 
[loc arcIndex] route: 25 18 5 31 -4 144 
[loc arcIndex] route: 30 25 23 26 7 27 -5 165 
DD random seed:3658543733
running lns dd
destroy phase
prefix: 0 2 14 
suffix: 11 24 19 1 3 0 
prefix: 0 
suffix: 27 20 0 
prefix: 0 16 18 21 
suffix: 12 28 26 0 
prefix: 0 25 
suffix: 6 9 17 13 22 0 
prefix: 0 
suffix: 23 7 29 4 0 
15 10 8 5 30 
forward frontier
restricted destroy-repair dd compilation
restricted dd compilation - suffixes
running dd lns mip
num vars: 228
obj from lns: 780
[loc arcIndex] route: 2 0 14 1 15 2 -1 87 
[loc arcIndex] route: 10 8 -2 95 
[loc arcIndex] route: 16 11 18 12 21 13 8 53 -3 117 
[loc arcIndex] route: 25 18 5 19 -4 128 
[loc arcIndex] route: 30 25 -5 140 
DD random seed:3676240380
running lns dd
destroy phase
prefix: 0 2 14 15 11 24 19 
suffix: 3 0 
prefix: 0 10 
suffix: 20 0 
prefix: 0 16 18 21 8 12 
suffix: 26 0 
prefix: 0 25 5 6 9 
suffix: 13 22 0 
prefix: 0 30 23 7 
suffix: 4 0 
1 27 28 17 29 
forward frontier
restricted destroy-repair dd compilation
restricted dd compilation - suffixes
running dd lns mip
num vars: 401
obj from lns: 780
[loc arcIndex] route: 2 0 14 1 15 2 11 3 24 4 19 5 1 6 -1 146 
[loc arcIndex] route: 10 8 27 30 -2 154 
[loc arcIndex] route: 16 11 18 12 21 13 8 14 12 15 28 16 -3 189 
[loc arcIndex] route: 25 18 5 19 6 20 9 21 17 22 -4 214 
[loc arcIndex] route: 30 25 23 26 7 27 29 28 -5 237 
DD random seed:3696730705
running lns dd
destroy phase
prefix: 0 2 14 15 
suffix: 24 19 1 3 0 
prefix: 0 
suffix: 27 20 0 
prefix: 0 16 18 21 
suffix: 12 28 26 0 
prefix: 0 25 5 
suffix: 9 17 13 22 0 
prefix: 0 30 23 
suffix: 29 4 0 
11 10 8 6 7 
forward frontier
restricted destroy-repair dd compilation
restricted dd compilation - suffixes
running dd lns mip
num vars: 303
obj from lns: 780
[loc arcIndex] route: 2 0 14 1 15 2 11 3 -1 103 
[loc arcIndex] route: 10 8 -2 112 
[loc arcIndex] route: 16 11 18 12 21 13 8 14 -3 141 
[loc arcIndex] route: 25 18 5 19 6 34 -4 160 
[loc arcIndex] route: 30 25 23 26 7 48 -5 177 
DD random seed:3716343849
running lns dd
destroy phase
prefix: 0 2 14 15 11 24 19 
suffix: 3 0 
prefix: 0 
suffix: 27 20 0 
prefix: 0 
suffix: 18 21 8 12 28 26 0 
prefix: 0 25 
suffix: 6 9 17 13 22 0 
prefix: 0 30 
suffix: 7 29 4 0 
1 10 16 5 23 
forward frontier
restricted destroy-repair dd compilation
restricted dd compilation - suffixes
running dd lns mip
num vars: 257
obj from lns: 780
[loc arcIndex] route: 2 0 14 1 15 2 11 3 24 4 19 5 1 68 -1 96 
[loc arcIndex] route: 10 8 -2 98 
[loc arcIndex] route: 16 11 -3 110 
[loc arcIndex] route: 25 18 5 19 -4 134 
[loc arcIndex] route: 30 25 23 37 -5 151 
DD random seed:3732573435
running lns dd
destroy phase
prefix: 0 2 14 15 
suffix: 24 19 1 3 0 
prefix: 0 
suffix: 27 20 0 
prefix: 0 16 18 21 8 12 
suffix: 26 0 
prefix: 0 25 5 6 
suffix: 17 13 22 0 
prefix: 0 30 23 
suffix: 29 4 0 
11 10 28 9 7 
forward frontier
restricted destroy-repair dd compilation
restricted dd compilation - suffixes
running dd lns mip
num vars: 206
obj from lns: 780
[loc arcIndex] route: 2 0 14 1 15 2 11 3 -1 78 
[loc arcIndex] route: 10 8 -2 90 
[loc arcIndex] route: 16 11 18 12 21 13 8 14 12 15 28 16 -3 126 
[loc arcIndex] route: 25 18 5 19 6 20 9 21 -4 145 
[loc arcIndex] route: 30 25 23 26 7 35 -5 162 
DD random seed:3745000788
running lns dd
destroy phase
prefix: 0 2 14 15 11 24 19 
suffix: 3 0 
prefix: 0 10 
suffix: 20 0 
prefix: 0 16 
suffix: 21 8 12 28 26 0 
prefix: 0 25 5 6 
suffix: 17 13 22 0 
prefix: 0 30 23 7 
suffix: 4 0 
1 27 18 9 29 
forward frontier
restricted destroy-repair dd compilation
restricted dd compilation - suffixes
running dd lns mip
num vars: 225
obj from lns: 780
[loc arcIndex] route: 2 0 14 1 15 2 11 3 24 4 19 5 1 6 -1 89 
[loc arcIndex] route: 10 8 27 9 -2 97 
[loc arcIndex] route: 16 11 18 12 -3 112 
[loc arcIndex] route: 25 18 5 19 6 20 9 36 -4 146 
[loc arcIndex] route: 30 25 23 26 7 27 29 28 -5 169 
updated increasing parameter: 2
DD random seed:3757547562
running lns dd
destroy phase
prefix: 0 
suffix: 15 11 24 19 1 3 0 
prefix: 0 10 
suffix: 0 
prefix: 0 16 18 
suffix: 12 28 26 0 
prefix: 0 25 5 
suffix: 17 13 22 0 
prefix: 0 30 23 7 
suffix: 0 
2 14 27 20 21 8 6 9 29 4 
forward frontier
restricted destroy-repair dd compilation
restricted dd compilation - suffixes
running dd lns mip
num vars: 1139
obj from lns: 780
[loc arcIndex] route: 2 0 14 1 15 2 11 3 24 4 19 5 1 6 3 7 -5 310 
[loc arcIndex] route: 10 8 27 31 20 10 -2 320 
[loc arcIndex] route: 16 11 18 12 21 13 8 142 12 15 28 16 26 17 -5 345 
[loc arcIndex] route: 25 18 5 19 6 20 9 21 -4 361 
[loc arcIndex] route: 30 25 23 26 7 27 29 28 4 29 -2 381 
DD random seed:3817990928
running lns dd
destroy phase
prefix: 0 2 14 15 11 24 
suffix: 3 0 
prefix: 0 
suffix: 20 0 
prefix: 0 16 18 21 
suffix: 28 26 0 
prefix: 0 
suffix: 6 9 17 13 22 0 
prefix: 0 30 23 
suffix: 4 0 
19 1 10 27 8 12 25 5 7 29 
forward frontier
restricted destroy-repair dd compilation
restricted dd compilation - suffixes
running dd lns mip
num vars: 1060
obj from lns: 780
[loc arcIndex] route: 2 0 14 1 15 2 11 3 24 4 19 5 1 6 -1 309 
[loc arcIndex] route: 10 8 27 30 -2 317 
[loc arcIndex] route: 16 11 18 12 21 13 8 14 12 15 -3 343 
[loc arcIndex] route: 25 18 5 19 -4 356 
[loc arcIndex] route: 30 25 23 26 7 143 29 185 -5 388 
DD random seed:3874176327
running lns dd
destroy phase
prefix: 0 2 14 15 11 
suffix: 1 3 0 
prefix: 0 10 
suffix: 0 
prefix: 0 16 
suffix: 8 12 28 26 0 
prefix: 0 25 5 
suffix: 17 13 22 0 
prefix: 0 
suffix: 7 29 4 0 
24 19 27 20 18 21 6 9 30 23 
forward frontier
restricted destroy-repair dd compilation
restricted dd compilation - suffixes
running dd lns mip
num vars: 1076
obj from lns: 780
[loc arcIndex] route: 2 0 14 1 15 2 11 3 24 4 19 5 -1 376 
[loc arcIndex] route: 10 8 27 9 20 10 -2 391 
[loc arcIndex] route: 16 11 18 12 21 60 -3 407 
[loc arcIndex] route: 25 18 5 19 6 20 9 21 17 22 13 23 22 24 -2 438 
[loc arcIndex] route: 30 25 23 26 7 27 29 28 4 29 -2 452 
DD random seed:3946880966
running lns dd
destroy phase
prefix: 0 2 14 15 11 
suffix: 1 3 0 
prefix: 0 
suffix: 20 0 
prefix: 0 16 18 21 8 
suffix: 26 0 
prefix: 0 25 5 6 9 
suffix: 22 0 
prefix: 0 30 23 7 
suffix: 0 
24 19 10 27 12 28 17 13 29 4 
forward frontier
restricted destroy-repair dd compilation
restricted dd compilation - suffixes
running dd lns mip
num vars: 808
obj from lns: 780
[loc arcIndex] route: 2 0 14 1 15 2 11 3 24 4 19 5 1 6 3 7 -5 248 
[loc arcIndex] route: 10 8 27 30 -2 255 
[loc arcIndex] route: 16 11 18 12 21 13 8 14 12 15 28 81 26 17 -5 292 
[loc arcIndex] route: 25 18 5 19 6 20 9 21 13 68 17 99 -4 636 
[loc arcIndex] route: 30 25 23 26 7 27 29 88 4 123 -5 340 
DD random seed:3991811103
running lns dd
destroy phase
prefix: 0 2 14 15 11 
suffix: 1 3 0 
prefix: 0 10 
suffix: 0 
prefix: 0 16 18 21 8 12 
suffix: 0 
prefix: 0 25 5 6 9 17 
suffix: 0 
prefix: 0 
suffix: 7 29 4 0 
24 19 27 20 28 26 13 22 30 23 
forward frontier
restricted destroy-repair dd compilation
restricted dd compilation - suffixes
running dd lns mip
num vars: 924
obj from lns: 780
[loc arcIndex] route: 2 0 14 1 15 2 11 3 24 4 19 5 1 6 3 7 -2 252 
[loc arcIndex] route: 10 8 27 9 20 10 -3 267 
[loc arcIndex] route: 16 11 18 12 21 13 8 14 12 15 28 16 26 119 -4 299 
[loc arcIndex] route: 25 18 5 19 6 20 9 21 17 22 13 99 22 24 -3 326 
[loc arcIndex] route: 30 25 23 31 -5 337 
DD random seed:4026913425
running lns dd
destroy phase
prefix: 0 2 
suffix: 11 24 19 1 3 0 
prefix: 0 10 
suffix: 0 
prefix: 0 16 
suffix: 8 12 28 26 0 
prefix: 0 25 5 
suffix: 17 13 22 0 
prefix: 0 
suffix: 7 29 4 0 
14 15 27 20 18 21 6 9 30 23 
forward frontier
restricted destroy-repair dd compilation
restricted dd compilation - suffixes
running dd lns mip
num vars: 434
obj from lns: 780
[loc arcIndex] route: 2 0 14 1 15 2 11 3 24 4 19 5 1 6 3 7 -2 141 
[loc arcIndex] route: 10 8 27 9 20 10 -2 153 
[loc arcIndex] route: 16 11 18 12 21 13 8 14 12 15 28 16 26 17 -2 177 
[loc arcIndex] route: 25 18 5 19 6 57 9 21 -4 194 
[loc arcIndex] route: 30 25 23 26 7 27 29 28 4 29 -2 210 
DD random seed:4056260207
running lns dd
destroy phase
prefix: 0 2 14 15 11 
suffix: 1 3 0 
prefix: 0 10 
suffix: 0 
prefix: 0 16 
suffix: 8 12 28 26 0 
prefix: 0 25 5 6 9 
suffix: 22 0 
prefix: 0 30 
suffix: 29 4 0 
24 19 27 20 18 21 17 13 23 7 
forward frontier
restricted destroy-repair dd compilation
restricted dd compilation - suffixes
running dd lns mip
num vars: 1155
obj from lns: 780
[loc arcIndex] route: 2 0 14 1 15 2 11 3 24 165 19 5 1 6 3 7 -2 269 
[loc arcIndex] route: 10 8 27 9 20 10 -2 281 
[loc arcIndex] route: 16 11 18 12 21 79 8 14 12 15 28 16 26 17 -2 311 
[loc arcIndex] route: 25 18 5 19 6 20 9 21 17 205 13 23 22 24 -2 336 
[loc arcIndex] route: 30 25 7 49 23 172 -5 959 
DD random seed:4107752199
running lns dd
destroy phase
prefix: 0 2 14 15 
suffix: 19 1 3 0 
prefix: 0 
suffix: 20 0 
prefix: 0 16 18 21 8 
suffix: 26 0 
prefix: 0 25 
suffix: 9 17 13 22 0 
prefix: 0 30 
suffix: 29 4 0 
11 24 10 27 12 28 5 6 23 7 
forward frontier
restricted destroy-repair dd compilation
restricted dd compilation - suffixes
running dd lns mip
num vars: 1145
obj from lns: 780
[loc arcIndex] route: 2 0 14 1 15 2 11 3 24 4 -1 378 
[loc arcIndex] route: 10 8 27 9 -2 392 
[loc arcIndex] route: 16 11 18 12 21 13 8 14 12 126 28 16 -3 423 
[loc arcIndex] route: 25 18 5 30 6 49 -4 438 
[loc arcIndex] route: 30 25 7 41 23 125 -5 839 
DD random seed:4178816439
running lns dd
destroy phase
prefix: 0 2 14 
suffix: 24 19 1 3 0 
prefix: 0 10 
suffix: 0 
prefix: 0 16 18 
suffix: 12 28 26 0 
prefix: 0 25 5 6 9 
suffix: 22 0 
prefix: 0 30 23 7 
suffix: 0 
15 11 27 20 21 8 17 13 29 4 
forward frontier
restricted destroy-repair dd compilation
restricted dd compilation - suffixes
running dd lns mip
num vars: 882
obj from lns: 780
[loc arcIndex] route: 2 0 14 1 15 36 11 3 24 4 19 5 1 6 3 7 -2 239 
[loc arcIndex] route: 10 8 27 9 20 49 -2 252 
[loc arcIndex] route: 16 11 18 12 21 61 8 69 12 15 28 16 26 17 -2 282 
[loc arcIndex] route: 25 18 5 19 6 20 9 21 17 22 13 23 -4 307 
[loc arcIndex] route: 30 25 23 26 7 27 29 28 4 29 -2 327 
DD random seed:4220647688
running lns dd
destroy phase
prefix: 0 2 14 
suffix: 24 19 1 3 0 
prefix: 0 
suffix: 20 0 
prefix: 0 16 18 21 8 12 
suffix: 0 
prefix: 0 25 5 6 9 
suffix: 22 0 
prefix: 0 30 23 
suffix: 4 0 
15 11 10 27 28 26 17 13 7 29 
forward frontier
restricted destroy-repair dd compilation
restricted dd compilation - suffixes
running dd lns mip
num vars: 990
obj from lns: 780
[loc arcIndex] route: 2 0 14 1 15 31 11 3 24 4 19 5 1 6 3 7 -3 278 
[loc arcIndex] route: 10 8 27 9 20 10 -3 290 
[loc arcIndex] route: 16 11 18 12 21 13 8 14 12 15 28 16 26 166 -3 321 
[loc arcIndex] route: 25 18 5 19 6 20 9 21 17 103 13 23 -4 347 
[loc arcIndex] route: 30 25 23 26 7 27 29 28 4 29 -3 368 
updated increasing parameter: 3
DD random seed:4273565143
running lns dd
destroy phase
prefix: 0 2 
suffix: 24 19 1 3 0 
prefix: 0 
suffix: 0 
prefix: 0 
suffix: 8 12 28 26 0 
prefix: 0 25 
suffix: 17 13 22 0 
prefix: 0 30 23 
suffix: 0 
14 15 11 10 27 20 16 18 21 5 6 9 7 29 4 
forward frontier
restricted destroy-repair dd compilation
restricted dd compilation - suffixes
running dd lns mip
num vars: 3356
obj from lns: 780
[loc arcIndex] route: 2 0 14 33 15 2 11 127 24 4 19 5 1 6 3 7 -2 1081 
[loc arcIndex] route: 10 8 27 40 20 10 -2 1094 
[loc arcIndex] route: 16 11 18 12 21 13 8 14 12 15 28 16 26 17 -2 1121 
[loc arcIndex] route: 25 18 5 19 6 20 9 21 17 22 13 23 22 24 -5 1146 
[loc arcIndex] route: 30 25 23 26 7 27 29 452 4 29 -2 1161 
DD random seed:185526646
running lns dd
destroy phase
prefix: 0 
suffix: 11 24 19 1 3 0 
prefix: 0 
suffix: 0 
prefix: 0 16 18 
suffix: 28 26 0 
prefix: 0 25 5 6 
suffix: 22 0 
prefix: 0 30 
suffix: 4 0 
2 14 15 10 27 20 21 8 12 9 17 13 23 7 29 
forward frontier
restricted destroy-repair dd compilation
restricted dd compilation - suffixes
running dd lns mip
num vars: 2011
obj from lns: 780
[loc arcIndex] route: 2 0 14 1 15 2 -1 612 
[loc arcIndex] route: 10 8 27 34 20 10 -2 642 
[loc arcIndex] route: 16 11 18 12 21 65 8 78 12 125 -3 666 
[loc arcIndex] route: 25 18 5 19 6 20 9 21 17 22 13 274 -4 697 
[loc arcIndex] route: 30 25 23 49 7 27 29 28 -5 716 
DD random seed:301818010
running lns dd
destroy phase
prefix: 0 2 14 15 11 24 
suffix: 0 
prefix: 0 
suffix: 0 
prefix: 0 16 18 
suffix: 28 26 0 
prefix: 0 
suffix: 9 17 13 22 0 
prefix: 0 30 23 
suffix: 0 
19 1 3 10 27 20 21 8 12 25 5 6 7 29 4 
forward frontier
restricted destroy-repair dd compilation
restricted dd compilation - suffixes
running dd lns mip
num vars: 3595
obj from lns: 780
[loc arcIndex] route: 2 0 14 1 15 2 11 3 24 4 19 577 1 6 3 751 -1 797 
[loc arcIndex] route: 10 8 27 9 20 10 -1 810 
[loc arcIndex] route: 16 11 18 12 21 13 8 14 12 15 28 16 26 17 -5 843 
[loc arcIndex] route: 25 18 5 30 6 20 -4 857 
[loc arcIndex] route: 30 25 23 26 7 304 29 28 4 29 -1 889 
DD random seed:457482682
running lns dd
destroy phase
prefix: 0 
suffix: 11 24 19 1 3 0 
prefix: 0 
suffix: 0 
prefix: 0 
suffix: 8 12 28 26 0 
prefix: 0 25 5 6 9 
suffix: 0 
prefix: 0 30 
suffix: 4 0 
2 14 15 10 27 20 16 18 21 17 13 22 23 7 29 
forward frontier
restricted destroy-repair dd compilation
restricted dd compilation - suffixes
running dd lns mip
num vars: 1839
obj from lns: 780
[loc arcIndex] route: 2 0 14 1 15 30 11 3 24 4 19 5 1 6 3 7 -4 497 
[loc arcIndex] route: 10 8 27 9 20 10 -4 511 
[loc arcIndex] route: 16 11 18 45 21 13 -3 525 
[loc arcIndex] route: 25 18 5 19 6 20 9 21 17 22 13 23 22 24 -4 564 
[loc arcIndex] route: 30 25 7 49 23 133 29 362 4 29 -4 582 
DD random seed:551924468
running lns dd
destroy phase
prefix: 0 2 14 15 
suffix: 1 3 0 
prefix: 0 
suffix: 0 
prefix: 0 16 
suffix: 12 28 26 0 
prefix: 0 25 5 
suffix: 13 22 0 
prefix: 0 
suffix: 29 4 0 
11 24 19 10 27 20 18 21 8 6 9 17 30 23 7 
forward frontier
restricted destroy-repair dd compilation
restricted dd compilation - suffixes
running dd lns mip
num vars: 587
obj from lns: 780
[loc arcIndex] route: 2 0 14 1 15 2 11 3 24 4 19 65 1 6 3 7 -2 233 
[loc arcIndex] route: 10 8 27 30 20 35 -2 245 
[loc arcIndex] route: 16 11 18 12 21 13 8 14 -3 266 
[loc arcIndex] route: 25 18 5 19 6 38 9 50 17 22 13 23 22 24 -2 300 
[loc arcIndex] route: 30 25 23 26 7 27 -5 314 
DD random seed:589895945
running lns dd
destroy phase
prefix: 0 2 
suffix: 24 19 1 3 0 
prefix: 0 
suffix: 0 
prefix: 0 16 
suffix: 12 28 26 0 
prefix: 0 25 
suffix: 17 13 22 0 
prefix: 0 
suffix: 29 4 0 
14 15 11 10 27 20 18 21 8 5 6 9 30 23 7 
forward frontier
restricted destroy-repair dd compilation
restricted dd compilation - suffixes
running dd lns mip
num vars: 2197
obj from lns: 780
[loc arcIndex] route: 2 0 14 1 15 2 11 307 24 4 19 5 1 6 3 7 -2 589 
[loc arcIndex] route: 10 8 27 9 20 10 -2 601 
[loc arcIndex] route: 16 11 18 12 21 13 8 14 12 15 28 16 26 17 -2 629 
[loc arcIndex] route: 25 18 5 53 6 20 9 21 17 22 13 23 22 24 -2 652 
[loc arcIndex] route: 30 25 23 26 7 318 29 28 4 29 -2 666 
DD random seed:717796662
running lns dd
destroy phase
prefix: 0 2 14 
suffix: 19 1 3 0 
prefix: 0 
suffix: 0 
prefix: 0 16 18 21 
suffix: 26 0 
prefix: 0 25 5 
suffix: 13 22 0 
prefix: 0 
suffix: 29 4 0 
15 11 24 10 27 20 8 12 28 6 9 17 30 23 7 
forward frontier
restricted destroy-repair dd compilation
restricted dd compilation - suffixes
running dd lns mip
num vars: 3421
obj from lns: 780
[loc arcIndex] route: 2 0 14 1 15 2 11 3 24 4 -1 1050 
[loc arcIndex] route: 10 8 27 30 20 10 -2 1072 
[loc arcIndex] route: 16 11 18 12 21 13 8 14 12 15 28 16 26 17 -2 1103 
[loc arcIndex] route: 25 18 5 19 6 20 9 21 17 271 13 23 22 24 -2 1129 
[loc arcIndex] route: 30 25 23 26 7 27 29 28 4 29 -2 1146 
DD random seed:913682196
running lns dd
destroy phase
prefix: 0 2 14 15 
suffix: 1 3 0 
prefix: 0 
suffix: 0 
prefix: 0 16 18 21 
suffix: 26 0 
prefix: 0 25 5 
suffix: 13 22 0 
prefix: 0 30 23 
suffix: 0 
11 24 19 10 27 20 8 12 28 6 9 17 7 29 4 
forward frontier
restricted destroy-repair dd compilation
restricted dd compilation - suffixes
running dd lns mip
num vars: 4970
obj from lns: 780
[loc arcIndex] route: 2 0 14 1 15 2 11 3 24 128 19 5 1 6 3 7 -2 1421 
[loc arcIndex] route: 10 8 27 9 20 10 -2 1434 
[loc arcIndex] route: 16 11 18 12 21 13 8 70 12 170 28 16 -3 1464 
[loc arcIndex] route: 25 18 5 19 6 20 9 21 17 22 -4 1490 
[loc arcIndex] route: 30 25 23 26 7 27 29 28 4 822 -2 1514 
DD random seed:1187002124
running lns dd
destroy phase
prefix: 0 
suffix: 11 24 19 1 3 0 
prefix: 0 
suffix: 0 
prefix: 0 16 
suffix: 12 28 26 0 
prefix: 0 25 
suffix: 17 13 22 0 
prefix: 0 30 23 
suffix: 0 
2 14 15 10 27 20 18 21 8 5 6 9 7 29 4 
forward frontier
restricted destroy-repair dd compilation
restricted dd compilation - suffixes
running dd lns mip
num vars: 2479
obj from lns: 780
[loc arcIndex] route: 2 0 14 1 15 2 11 3 24 4 19 5 1 6 3 7 -5 684 
[loc arcIndex] route: 10 8 27 30 20 85 -2 696 
[loc arcIndex] route: 16 11 18 55 21 132 8 14 12 15 28 16 26 17 -5 724 
[loc arcIndex] route: 25 18 5 19 6 20 9 21 -4 742 
[loc arcIndex] route: 30 25 23 26 7 230 29 28 4 657 -2 764 
DD random seed:1317822438
running lns dd
destroy phase
prefix: 0 2 14 15 
suffix: 1 3 0 
prefix: 0 
suffix: 0 
prefix: 0 
suffix: 8 12 28 26 0 
prefix: 0 25 5 6 9 
suffix: 0 
prefix: 0 30 
suffix: 4 0 
11 24 19 10 27 20 16 18 21 17 13 22 23 7 29 
forward frontier
restricted destroy-repair dd compilation
restricted dd compilation - suffixes
running dd lns mip
num vars: 3750
obj from lns: 780
[loc arcIndex] route: 2 0 14 1 15 2 11 3 24 4 19 5 1 6 3 7 -2 939 
[loc arcIndex] route: 10 8 27 9 20 58 -2 952 
[loc arcIndex] route: 16 11 18 12 21 13 -3 968 
[loc arcIndex] route: 25 18 5 19 6 20 9 21 17 394 13 659 22 828 -4 1010 
[loc arcIndex] route: 30 25 23 53 7 27 29 28 -5 1027 
updated increasing parameter: 4
DD random seed:1521450781
running lns dd
destroy phase
prefix: 0 2 14 
suffix: 1 3 0 
prefix: 0 
suffix: 0 
prefix: 0 16 18 21 
suffix: 0 
prefix: 0 25 5 
suffix: 22 0 
prefix: 0 
suffix: 4 0 
15 11 24 19 10 27 20 8 12 28 26 6 9 17 13 30 23 7 29 
forward frontier
restricted destroy-repair dd compilation
restricted dd compilation - suffixes
running dd lns mip
num vars: 10721
obj from lns: 780
[loc arcIndex] route: 2 0 14 1 15 30 11 3 24 4 19 5 1 6 3 7 -2 2744 
[loc arcIndex] route: 10 8 27 9 20 61 -2 2757 
[loc arcIndex] route: 16 11 18 12 21 13 8 14 12 15 28 16 26 17 -2 2790 
[loc arcIndex] route: 25 18 5 19 6 20 9 21 17 22 13 23 22 24 -2 2820 
[loc arcIndex] route: 30 25 7 43 23 212 29 843 -5 2840 
DD random seed:2089064486
running lns dd
destroy phase
prefix: 0 2 
suffix: 19 1 3 0 
prefix: 0 
suffix: 0 
prefix: 0 
suffix: 12 28 26 0 
prefix: 0 25 
suffix: 13 22 0 
prefix: 0 
suffix: 4 0 
14 15 11 24 10 27 20 16 18 21 8 5 6 9 17 30 23 7 29 
forward frontier
restricted destroy-repair dd compilation
restricted dd compilation - suffixes
running dd lns mip
num vars: 2904
obj from lns: 780
[loc arcIndex] route: 2 0 14 1 15 47 11 3 24 4 19 5 1 6 3 7 -2 957 
[loc arcIndex] route: 10 8 27 9 20 10 -2 969 
[loc arcIndex] route: 16 11 18 12 21 13 8 14 -3 990 
[loc arcIndex] route: 25 18 5 34 6 64 9 21 17 22 -4 1020 
[loc arcIndex] route: 30 25 23 26 7 27 29 28 -5 1039 
DD random seed:2293981672
running lns dd
destroy phase
prefix: 0 2 
suffix: 19 1 3 0 
prefix: 0 
suffix: 0 
prefix: 0 16 
suffix: 28 26 0 
prefix: 0 25 5 6 
suffix: 0 
prefix: 0 30 
suffix: 0 
14 15 11 24 10 27 20 18 21 8 12 9 17 13 22 23 7 29 4 
forward frontier
restricted destroy-repair dd compilation
restricted dd compilation - suffixes
running dd lns mip
num vars: 3655
obj from lns: 779
[loc arcIndex] route: 2 0 14 1 15 2 11 170 24 212 19 5 1 6 3 7 -4 821 
[loc arcIndex] route: 10 8 27 9 20 10 -5 837 
[loc arcIndex] route: 16 11 18 55 21 13 4 131 7 368 29 723 -2 3466 
[loc arcIndex] route: 25 18 5 19 6 20 9 21 17 22 13 631 22 24 -5 897 
[loc arcIndex] route: 30 25 23 26 8 206 12 373 -3 2370 
improved ub from lns primal heuristic: 779
STATS - lpIterations[0] lagIterations[0] sspIterations[0] numSeparations[0] numCuts[0] compileTime[0] sspSolveTime[0] lpSolveTime[0] lb[0] ub[779] numArcs: [0] numFixed: [0] time: [20]
STATS1 - lpIterations[0] lagIterations[0] sspIterations[0] numSeparations[0] numCuts[0] compileTime[0] sspSolveTime[0] lpSolveTime[0] repairTime[0] cutsTime[0] alphaTime[0] decompTime[0] yellowTime[0] updateTime[0] fixTime[0] lb[0] ub[779] numArcs: [0] numFixed: [0] time: [20]
added route to primal routes: 0,16,18,21,4,7,29,0,
random seed: 2476602490
added maximal sequence to primal routes: 0,27,16,18,21,4,7,29,0,
added route to primal routes: 0,30,23,8,12,28,26,0,
random seed: 2486183773
added maximal sequence to primal routes: 0,21,30,23,8,12,28,26,0,
updated increasing parameter: 1
DD random seed:2501142674
running lns dd
destroy phase
prefix: 0 2 14 
suffix: 11 24 19 1 3 0 
prefix: 0 
suffix: 27 20 0 
prefix: 0 
suffix: 18 21 4 7 29 0 
prefix: 0 25 5 6 9 
suffix: 13 22 0 
prefix: 0 30 23 8 12 
suffix: 26 0 
15 10 16 17 28 
forward frontier
restricted destroy-repair dd compilation
restricted dd compilation - suffixes
running dd lns mip
num vars: 287
obj from lns: 779
[loc arcIndex] route: 2 0 14 1 15 2 -1 87 
[loc arcIndex] route: 10 8 -2 101 
[loc arcIndex] route: 16 11 -3 114 
[loc arcIndex] route: 25 17 5 18 6 19 9 20 17 21 -4 148 
[loc arcIndex] route: 30 24 23 25 8 26 12 27 28 28 -5 165 
DD random seed:2518037607
running lns dd
destroy phase
prefix: 0 
suffix: 14 15 11 24 19 1 3 0 
prefix: 0 
suffix: 27 20 0 
prefix: 0 
suffix: 18 21 4 7 29 0 
prefix: 0 25 5 6 
suffix: 17 13 22 0 
prefix: 0 30 23 8 
suffix: 28 26 0 
2 10 16 9 12 
forward frontier
restricted destroy-repair dd compilation
restricted dd compilation - suffixes
running dd lns mip
num vars: 209
obj from lns: 779
[loc arcIndex] route: 2 0 -1 63 
[loc arcIndex] route: 10 8 -2 82 
[loc arcIndex] route: 16 11 -3 92 
[loc arcIndex] route: 25 17 5 18 6 19 9 20 -4 117 
[loc arcIndex] route: 30 24 23 25 8 26 12 27 -5 132 
DD random seed:2531485783
running lns dd
destroy phase
prefix: 0 
suffix: 14 15 11 24 19 1 3 0 
prefix: 0 10 
suffix: 20 0 
prefix: 0 16 18 21 
suffix: 7 29 0 
prefix: 0 25 
suffix: 6 9 17 13 22 0 
prefix: 0 30 23 
suffix: 12 28 26 0 
2 27 4 5 8 
forward frontier
restricted destroy-repair dd compilation
restricted dd compilation - suffixes
running dd lns mip
num vars: 231
obj from lns: 779
[loc arcIndex] route: 2 0 -1 75 
[loc arcIndex] route: 10 8 27 9 -2 99 
[loc arcIndex] route: 16 11 18 12 21 13 4 14 -3 116 
[loc arcIndex] route: 25 17 5 34 -4 126 
[loc arcIndex] route: 30 24 23 25 8 42 -5 146 
DD random seed:2546828412
running lns dd
destroy phase
prefix: 0 2 14 15 11 24 
suffix: 1 3 0 
prefix: 0 10 
suffix: 20 0 
prefix: 0 16 18 21 
suffix: 7 29 0 
prefix: 0 25 5 6 
suffix: 17 13 22 0 
prefix: 0 30 23 8 
suffix: 28 26 0 
19 27 4 9 12 
forward frontier
restricted destroy-repair dd compilation
restricted dd compilation - suffixes
running dd lns mip
num vars: 358
obj from lns: 779
[loc arcIndex] route: 2 0 14 1 15 2 11 3 24 4 19 5 -1 116 
[loc arcIndex] route: 10 8 27 30 -2 127 
[loc arcIndex] route: 16 11 18 12 21 13 4 14 -3 152 
[loc arcIndex] route: 25 17 5 18 6 19 9 41 -4 175 
[loc arcIndex] route: 30 24 23 25 8 26 12 27 -5 198 
DD random seed:2567714310
running lns dd
destroy phase
prefix: 0 2 14 15 11 24 
suffix: 1 3 0 
prefix: 0 10 
suffix: 20 0 
prefix: 0 16 18 21 
suffix: 7 29 0 
prefix: 0 25 5 
suffix: 9 17 13 22 0 
prefix: 0 30 23 8 
suffix: 28 26 0 
19 27 4 6 12 
forward frontier
restricted destroy-repair dd compilation
restricted dd compilation - suffixes
running dd lns mip
num vars: 396
obj from lns: 779
[loc arcIndex] route: 2 0 14 1 15 2 11 3 24 4 19 5 -1 157 
[loc arcIndex] route: 10 8 27 30 -2 168 
[loc arcIndex] route: 16 11 18 12 21 13 4 38 -3 193 
[loc arcIndex] route: 25 17 5 18 6 19 -4 210 
[loc arcIndex] route: 30 24 23 25 8 26 12 27 -5 235 
DD random seed:2593468589
running lns dd
destroy phase
prefix: 0 
suffix: 14 15 11 24 19 1 3 0 
prefix: 0 
suffix: 27 20 0 
prefix: 0 16 18 
suffix: 4 7 29 0 
prefix: 0 25 5 6 
suffix: 17 13 22 0 
prefix: 0 30 23 8 
suffix: 28 26 0 
2 10 21 9 12 
forward frontier
restricted destroy-repair dd compilation
restricted dd compilation - suffixes
running dd lns mip
num vars: 289
obj from lns: 779
[loc arcIndex] route: 2 0 -1 111 
[loc arcIndex] route: 10 8 -2 132 
[loc arcIndex] route: 16 11 18 12 21 30 -3 151 
[loc arcIndex] route: 25 17 5 18 6 19 9 32 -4 171 
[loc arcIndex] route: 30 24 23 25 8 26 12 43 -5 187 
DD random seed:2615070571
running lns dd
destroy phase
prefix: 0 2 
suffix: 15 11 24 19 1 3 0 
prefix: 0 
suffix: 27 20 0 
prefix: 0 
suffix: 18 21 4 7 29 0 
prefix: 0 
suffix: 5 6 9 17 13 22 0 
prefix: 0 30 23 8 12 
suffix: 26 0 
14 10 16 25 28 
forward frontier
restricted destroy-repair dd compilation
restricted dd compilation - suffixes
running dd lns mip
num vars: 202
obj from lns: 779
[loc arcIndex] route: 2 0 14 1 -1 72 
[loc arcIndex] route: 10 8 -2 85 
[loc arcIndex] route: 16 11 -3 93 
[loc arcIndex] route: 25 17 -4 106 
[loc arcIndex] route: 30 24 23 25 8 26 12 27 28 28 -5 126 
DD random seed:2628945553
running lns dd
destroy phase
prefix: 0 2 
suffix: 15 11 24 19 1 3 0 
prefix: 0 
suffix: 27 20 0 
prefix: 0 
suffix: 18 21 4 7 29 0 
prefix: 0 25 5 
suffix: 9 17 13 22 0 
prefix: 0 30 
suffix: 8 12 28 26 0 
14 10 16 6 23 
forward frontier
restricted destroy-repair dd compilation
restricted dd compilation - suffixes
running dd lns mip
num vars: 306
obj from lns: 779
[loc arcIndex] route: 2 0 14 1 -1 103 
[loc arcIndex] route: 10 8 -2 115 
[loc arcIndex] route: 16 11 -3 125 
[loc arcIndex] route: 25 17 5 18 6 57 -4 146 
[loc arcIndex] route: 30 24 23 25 -5 155 
DD random seed:2652091258
running lns dd
destroy phase
prefix: 0 2 
suffix: 15 11 24 19 1 3 0 
prefix: 0 
suffix: 27 20 0 
prefix: 0 16 18 21 
suffix: 7 29 0 
prefix: 0 25 5 6 9 
suffix: 13 22 0 
prefix: 0 30 23 
suffix: 12 28 26 0 
14 10 4 17 8 
forward frontier
restricted destroy-repair dd compilation
restricted dd compilation - suffixes
running dd lns mip
num vars: 316
obj from lns: 779
[loc arcIndex] route: 2 0 14 1 -1 112 
[loc arcIndex] route: 10 8 -2 132 
[loc arcIndex] route: 16 11 18 12 21 13 4 14 -3 155 
[loc arcIndex] route: 25 17 5 18 6 19 9 20 17 53 -4 178 
[loc arcIndex] route: 30 24 23 25 8 26 -5 190 
DD random seed:2672597625
running lns dd
destroy phase
prefix: 0 2 14 15 11 24 19 
suffix: 3 0 
prefix: 0 
suffix: 27 20 0 
prefix: 0 16 18 21 4 
suffix: 29 0 
prefix: 0 25 
suffix: 6 9 17 13 22 0 
prefix: 0 30 23 
suffix: 12 28 26 0 
1 10 7 5 8 
forward frontier
restricted destroy-repair dd compilation
restricted dd compilation - suffixes
running dd lns mip
num vars: 270
obj from lns: 779
[loc arcIndex] route: 2 0 14 1 15 2 11 3 24 4 19 5 1 55 -1 105 
[loc arcIndex] route: 10 8 -2 108 
[loc arcIndex] route: 16 11 18 12 21 13 4 14 7 45 -3 138 
[loc arcIndex] route: 25 17 5 30 -4 148 
[loc arcIndex] route: 30 24 23 25 8 26 -5 175 
updated increasing parameter: 2
DD random seed:2687492107
running lns dd
destroy phase
prefix: 0 2 14 15 11 
suffix: 1 3 0 
prefix: 0 10 
suffix: 0 
prefix: 0 16 18 21 4 
suffix: 0 
prefix: 0 
suffix: 6 9 17 13 22 0 
prefix: 0 30 
suffix: 12 28 26 0 
24 19 27 20 7 29 25 5 23 8 
forward frontier
restricted destroy-repair dd compilation
restricted dd compilation - suffixes
running dd lns mip
num vars: 1481
obj from lns: 778
[loc arcIndex] route: 2 0 14 1 15 2 11 3 24 4 19 5 -1 459 
[loc arcIndex] route: 10 8 27 30 20 10 -3 478 
[loc arcIndex] route: 16 11 18 12 21 13 4 14 29 150 7 200 -2 1069 
[loc arcIndex] route: 25 17 5 18 6 19 9 20 17 21 13 22 22 23 -3 524 
[loc arcIndex] route: 30 24 23 25 8 115 12 27 28 28 26 29 -3 543 
improved ub from lns primal heuristic: 778
STATS - lpIterations[0] lagIterations[0] sspIterations[0] numSeparations[0] numCuts[0] compileTime[0] sspSolveTime[0] lpSolveTime[0] lb[0] ub[778] numArcs: [0] numFixed: [0] time: [20]
STATS1 - lpIterations[0] lagIterations[0] sspIterations[0] numSeparations[0] numCuts[0] compileTime[0] sspSolveTime[0] lpSolveTime[0] repairTime[0] cutsTime[0] alphaTime[0] decompTime[0] yellowTime[0] updateTime[0] fixTime[0] lb[0] ub[778] numArcs: [0] numFixed: [0] time: [20]
added route to primal routes: 0,16,18,21,4,29,7,0,
random seed: 2762318130
added maximal sequence to primal routes: 0,2,11,6,16,18,21,4,29,7,0,
updated increasing parameter: 1
DD random seed:2790313975
running lns dd
destroy phase
prefix: 0 2 
suffix: 15 11 24 19 1 3 0 
prefix: 0 
suffix: 27 20 0 
prefix: 0 16 18 21 
suffix: 29 7 0 
prefix: 0 
suffix: 5 6 9 17 13 22 0 
prefix: 0 30 
suffix: 8 12 28 26 0 
14 10 4 25 23 
forward frontier
restricted destroy-repair dd compilation
restricted dd compilation - suffixes
running dd lns mip
num vars: 260
obj from lns: 778
[loc arcIndex] route: 2 0 14 1 -1 83 
[loc arcIndex] route: 10 8 -2 98 
[loc arcIndex] route: 16 11 18 12 21 13 4 66 -3 116 
[loc arcIndex] route: 25 17 -4 121 
[loc arcIndex] route: 30 24 23 54 -5 138 
DD random seed:2808440465
running lns dd
destroy phase
prefix: 0 2 14 15 11 
suffix: 19 1 3 0 
prefix: 0 
suffix: 27 20 0 
prefix: 0 16 18 21 4 
suffix: 7 0 
prefix: 0 25 5 
suffix: 9 17 13 22 0 
prefix: 0 30 23 8 12 
suffix: 26 0 
24 10 29 6 28 
forward frontier
restricted destroy-repair dd compilation
restricted dd compilation - suffixes
running dd lns mip
num vars: 426
obj from lns: 778
[loc arcIndex] route: 2 0 14 1 15 2 11 3 24 4 -1 125 
[loc arcIndex] route: 10 8 -2 133 
[loc arcIndex] route: 16 11 18 12 21 13 4 14 29 59 -3 165 
[loc arcIndex] route: 25 17 5 18 6 31 -4 180 
[loc arcIndex] route: 30 24 23 25 8 26 12 27 28 28 -5 206 
DD random seed:2831777584
running lns dd
destroy phase
prefix: 0 
suffix: 14 15 11 24 19 1 3 0 
prefix: 0 
suffix: 27 20 0 
prefix: 0 16 18 
suffix: 4 29 7 0 
prefix: 0 
suffix: 5 6 9 17 13 22 0 
prefix: 0 30 23 8 
suffix: 28 26 0 
2 10 21 25 12 
forward frontier
restricted destroy-repair dd compilation
restricted dd compilation - suffixes
running dd lns mip
num vars: 184
obj from lns: 778
[loc arcIndex] route: 2 0 -1 58 
[loc arcIndex] route: 10 8 -2 76 
[loc arcIndex] route: 16 11 18 12 21 43 -3 91 
[loc arcIndex] route: 25 17 -4 99 
[loc arcIndex] route: 30 24 23 25 8 26 12 27 -5 120 
DD random seed:2845167514
running lns dd
destroy phase
prefix: 0 
suffix: 14 15 11 24 19 1 3 0 
prefix: 0 10 
suffix: 20 0 
prefix: 0 16 18 21 
suffix: 29 7 0 
prefix: 0 25 5 6 9 17 
suffix: 22 0 
prefix: 0 30 23 8 12 
suffix: 26 0 
2 27 4 13 28 
forward frontier
restricted destroy-repair dd compilation
restricted dd compilation - suffixes
running dd lns mip
num vars: 374
obj from lns: 778
[loc arcIndex] route: 2 0 -1 101 
[loc arcIndex] route: 10 8 27 34 -2 131 
[loc arcIndex] route: 16 11 18 12 21 13 4 67 -3 151 
[loc arcIndex] route: 25 17 5 18 6 19 9 20 17 21 13 22 -4 179 
[loc arcIndex] route: 30 24 23 25 8 26 12 27 28 70 -5 198 
DD random seed:2863100905
running lns dd
destroy phase
prefix: 0 
suffix: 14 15 11 24 19 1 3 0 
prefix: 0 
suffix: 27 20 0 
prefix: 0 16 
suffix: 21 4 29 7 0 
prefix: 0 25 5 6 
suffix: 17 13 22 0 
prefix: 0 
suffix: 23 8 12 28 26 0 
2 10 18 9 30 
forward frontier
restricted destroy-repair dd compilation
restricted dd compilation - suffixes
running dd lns mip
num vars: 187
obj from lns: 778
[loc arcIndex] route: 2 0 -1 66 
[loc arcIndex] route: 10 8 -2 83 
[loc arcIndex] route: 16 11 18 12 -3 96 
[loc arcIndex] route: 25 17 5 18 6 19 9 20 -4 114 
[loc arcIndex] route: 30 24 -5 119 
DD random seed:2876931378
running lns dd
destroy phase
prefix: 0 2 14 15 
suffix: 24 19 1 3 0 
prefix: 0 
suffix: 27 20 0 
prefix: 0 16 18 21 4 
suffix: 7 0 
prefix: 0 25 5 6 
suffix: 17 13 22 0 
prefix: 0 30 23 
suffix: 12 28 26 0 
11 10 29 9 8 
forward frontier
restricted destroy-repair dd compilation
restricted dd compilation - suffixes
running dd lns mip
num vars: 444
obj from lns: 778
[loc arcIndex] route: 2 0 14 1 15 2 11 3 -1 132 
[loc arcIndex] route: 10 8 -2 142 
[loc arcIndex] route: 16 11 18 12 21 13 4 14 29 15 -3 174 
[loc arcIndex] route: 25 17 5 18 6 19 9 40 -4 192 
[loc arcIndex] route: 30 24 23 25 8 26 -5 209 
DD random seed:2902801383
running lns dd
destroy phase
prefix: 0 2 
suffix: 15 11 24 19 1 3 0 
prefix: 0 10 
suffix: 20 0 
prefix: 0 16 18 21 
suffix: 29 7 0 
prefix: 0 25 5 
suffix: 9 17 13 22 0 
prefix: 0 
suffix: 23 8 12 28 26 0 
14 27 4 6 30 
forward frontier
restricted destroy-repair dd compilation
restricted dd compilation - suffixes
running dd lns mip
num vars: 210
obj from lns: 778
[loc arcIndex] route: 2 0 14 31 -1 68 
[loc arcIndex] route: 10 8 27 9 -2 87 
[loc arcIndex] route: 16 11 18 12 21 13 4 14 -3 103 
[loc arcIndex] route: 25 17 5 18 6 19 -4 116 
[loc arcIndex] route: 30 24 -5 125 
DD random seed:2917350320
running lns dd
destroy phase
prefix: 0 
suffix: 14 15 11 24 19 1 3 0 
prefix: 0 10 
suffix: 20 0 
prefix: 0 16 18 21 4 
suffix: 7 0 
prefix: 0 25 5 6 9 17 
suffix: 22 0 
prefix: 0 30 23 
suffix: 12 28 26 0 
2 27 29 13 8 
forward frontier
restricted destroy-repair dd compilation
restricted dd compilation - suffixes
running dd lns mip
num vars: 267
obj from lns: 778
[loc arcIndex] route: 2 0 -1 81 
[loc arcIndex] route: 10 8 27 9 -2 109 
[loc arcIndex] route: 16 11 18 12 21 13 4 14 29 15 -3 133 
[loc arcIndex] route: 25 17 5 18 6 19 9 20 17 21 13 48 -4 156 
[loc arcIndex] route: 30 24 23 25 8 26 -5 168 
DD random seed:2931640641
running lns dd
destroy phase
prefix: 0 2 14 15 
suffix: 24 19 1 3 0 
prefix: 0 
suffix: 27 20 0 
prefix: 0 16 
suffix: 21 4 29 7 0 
prefix: 0 25 5 6 9 
suffix: 13 22 0 
prefix: 0 30 23 
suffix: 12 28 26 0 
11 10 18 17 8 
forward frontier
restricted destroy-repair dd compilation
restricted dd compilation - suffixes
running dd lns mip
num vars: 221
obj from lns: 778
[loc arcIndex] route: 2 0 14 1 15 2 11 3 -1 70 
[loc arcIndex] route: 10 8 -2 80 
[loc arcIndex] route: 16 11 18 12 -3 99 
[loc arcIndex] route: 25 17 5 18 6 19 9 20 17 21 -4 130 
[loc arcIndex] route: 30 24 23 25 8 26 -5 143 
DD random seed:2945050489
running lns dd
destroy phase
prefix: 0 2 
suffix: 15 11 24 19 1 3 0 
prefix: 0 
suffix: 27 20 0 
prefix: 0 16 18 
suffix: 4 29 7 0 
prefix: 0 25 
suffix: 6 9 17 13 22 0 
prefix: 0 30 23 8 
suffix: 28 26 0 
14 10 21 5 12 
forward frontier
restricted destroy-repair dd compilation
restricted dd compilation - suffixes
running dd lns mip
num vars: 311
obj from lns: 778
[loc arcIndex] route: 2 0 14 1 -1 99 
[loc arcIndex] route: 10 8 -2 115 
[loc arcIndex] route: 16 11 18 12 21 54 -3 132 
[loc arcIndex] route: 25 17 5 18 -4 145 
[loc arcIndex] route: 30 24 23 25 8 26 12 27 -5 164 
updated increasing parameter: 2
DD random seed:2968213682
running lns dd
destroy phase
prefix: 0 2 14 15 11 24 
suffix: 3 0 
prefix: 0 
suffix: 20 0 
prefix: 0 16 
suffix: 4 29 7 0 
prefix: 0 
suffix: 6 9 17 13 22 0 
prefix: 0 30 
suffix: 12 28 26 0 
19 1 10 27 18 21 25 5 23 8 
forward frontier
restricted destroy-repair dd compilation
restricted dd compilation - suffixes
running dd lns mip
num vars: 702
obj from lns: 778
[loc arcIndex] route: 2 0 14 1 15 2 11 3 24 4 19 111 1 122 -1 247 
[loc arcIndex] route: 10 8 27 9 -2 255 
[loc arcIndex] route: 16 11 18 12 21 13 -3 273 
[loc arcIndex] route: 25 17 5 31 -4 290 
[loc arcIndex] route: 30 24 23 25 8 26 -5 314 
DD random seed:3016358982
running lns dd
destroy phase
prefix: 0 
suffix: 15 11 24 19 1 3 0 
prefix: 0 
suffix: 20 0 
prefix: 0 16 
suffix: 4 29 7 0 
prefix: 0 25 
suffix: 9 17 13 22 0 
prefix: 0 30 23 8 12 
suffix: 0 
2 14 10 27 18 21 5 6 28 26 
forward frontier
restricted destroy-repair dd compilation
restricted dd compilation - suffixes
running dd lns mip
num vars: 746
obj from lns: 778
[loc arcIndex] route: 2 0 14 1 15 2 11 3 24 4 19 5 1 6 3 7 -5 253 
[loc arcIndex] route: 10 8 27 9 20 10 -5 265 
[loc arcIndex] route: 16 11 18 12 21 13 -3 275 
[loc arcIndex] route: 25 17 5 34 6 19 9 20 17 21 13 22 22 23 -5 303 
[loc arcIndex] route: 30 24 23 25 8 26 12 27 28 28 26 29 -5 317 
DD random seed:3094709650
running lns dd
destroy phase
prefix: 0 2 14 15 11 
suffix: 1 3 0 
prefix: 0 
suffix: 20 0 
prefix: 0 16 
suffix: 4 29 7 0 
prefix: 0 25 5 
suffix: 17 13 22 0 
prefix: 0 30 23 
suffix: 28 26 0 
24 19 10 27 18 21 6 9 8 12 
forward frontier
restricted destroy-repair dd compilation
restricted dd compilation - suffixes
running dd lns mip
num vars: 1428
obj from lns: 778
[loc arcIndex] route: 2 0 14 1 15 2 11 3 24 42 19 5 -1 671 
[loc arcIndex] route: 10 8 27 9 -2 681 
[loc arcIndex] route: 16 11 18 30 21 33 -3 701 
[loc arcIndex] route: 25 17 5 18 6 19 9 20 -4 729 
[loc arcIndex] route: 30 24 23 25 8 26 12 27 -5 749 
DD random seed:3204972270
running lns dd
destroy phase
prefix: 0 2 14 15 11 24 
suffix: 3 0 
prefix: 0 
suffix: 20 0 
prefix: 0 16 18 21 
suffix: 7 0 
prefix: 0 25 
suffix: 9 17 13 22 0 
prefix: 0 30 23 8 
suffix: 26 0 
19 1 10 27 4 29 5 6 12 28 
forward frontier
restricted destroy-repair dd compilation
restricted dd compilation - suffixes
running dd lns mip
num vars: 1283
obj from lns: 778
[loc arcIndex] route: 2 0 14 1 15 2 11 3 24 4 19 5 1 216 -1 324 
[loc arcIndex] route: 10 8 27 30 -2 332 
[loc arcIndex] route: 16 11 18 12 21 13 4 14 29 15 -3 361 
[loc arcIndex] route: 25 17 5 36 6 19 -4 378 
[loc arcIndex] route: 30 24 23 25 8 26 12 211 28 28 -5 410 
DD random seed:3266356821
running lns dd
destroy phase
prefix: 0 2 14 15 11 
suffix: 1 3 0 
prefix: 0 10 
suffix: 0 
prefix: 0 16 18 
suffix: 29 7 0 
prefix: 0 25 5 6 
suffix: 13 22 0 
prefix: 0 30 23 8 12 
suffix: 0 
24 19 27 20 21 4 9 17 28 26 
forward frontier
restricted destroy-repair dd compilation
restricted dd compilation - suffixes
running dd lns mip
num vars: 715
obj from lns: 778
[loc arcIndex] route: 2 0 14 1 15 2 11 3 24 4 19 71 1 6 3 7 -2 219 
[loc arcIndex] route: 10 8 27 9 20 10 -2 232 
[loc arcIndex] route: 16 11 18 12 21 31 4 14 -3 253 
[loc arcIndex] route: 25 17 5 18 6 19 9 20 17 21 13 22 22 23 -2 288 
[loc arcIndex] route: 30 24 23 25 8 26 12 27 28 97 26 29 -2 311 
DD random seed:3298576894
running lns dd
destroy phase
prefix: 0 
suffix: 15 11 24 19 1 3 0 
prefix: 0 10 
suffix: 0 
prefix: 0 16 18 21 4 
suffix: 0 
prefix: 0 
suffix: 6 9 17 13 22 0 
prefix: 0 30 23 
suffix: 28 26 0 
2 14 27 20 29 7 25 5 8 12 
forward frontier
restricted destroy-repair dd compilation
restricted dd compilation - suffixes
running dd lns mip
num vars: 671
obj from lns: 778
[loc arcIndex] route: 2 0 14 1 15 2 11 3 24 4 19 5 1 6 3 7 -2 203 
[loc arcIndex] route: 10 8 27 9 20 10 -3 215 
[loc arcIndex] route: 16 11 18 12 21 13 4 14 29 15 7 16 -3 234 
[loc arcIndex] route: 25 17 5 18 -4 242 
[loc arcIndex] route: 30 24 23 25 8 118 12 27 -5 269 
DD random seed:3333148624
running lns dd
destroy phase
prefix: 0 2 14 15 
suffix: 19 1 3 0 
prefix: 0 10 
suffix: 0 
prefix: 0 16 18 21 4 
suffix: 0 
prefix: 0 
suffix: 6 9 17 13 22 0 
prefix: 0 30 23 
suffix: 28 26 0 
11 24 27 20 29 7 25 5 8 12 
forward frontier
restricted destroy-repair dd compilation
restricted dd compilation - suffixes
running dd lns mip
num vars: 753
obj from lns: 778
[loc arcIndex] route: 2 0 14 1 15 2 11 3 24 4 19 5 1 6 3 7 -3 241 
[loc arcIndex] route: 10 8 27 30 20 10 -3 254 
[loc arcIndex] route: 16 11 18 12 21 13 4 14 29 15 7 16 -3 277 
[loc arcIndex] route: 25 17 5 18 6 19 9 20 17 21 13 22 22 23 -2 301 
[loc arcIndex] route: 30 24 23 25 8 26 12 72 -5 318 
DD random seed:3372053602
running lns dd
destroy phase
prefix: 0 2 14 15 11 24 19 
suffix: 0 
prefix: 0 10 
suffix: 0 
prefix: 0 16 18 
suffix: 29 7 0 
prefix: 0 25 5 6 9 
suffix: 22 0 
prefix: 0 30 
suffix: 12 28 26 0 
1 3 27 20 21 4 17 13 23 8 
forward frontier
restricted destroy-repair dd compilation
restricted dd compilation - suffixes
running dd lns mip
num vars: 1242
obj from lns: 778
[loc arcIndex] route: 2 0 14 1 15 2 11 3 24 4 19 5 1 6 3 314 -2 362 
[loc arcIndex] route: 10 8 27 30 20 32 -1 373 
[loc arcIndex] route: 16 11 18 12 21 13 4 14 29 15 7 16 -1 401 
[loc arcIndex] route: 25 17 5 18 6 19 9 20 17 21 13 22 22 23 -1 430 
[loc arcIndex] route: 30 24 23 25 8 26 -5 446 
DD random seed:3433415962
running lns dd
destroy phase
prefix: 0 2 14 15 11 24 19 
suffix: 0 
prefix: 0 
suffix: 20 0 
prefix: 0 16 18 21 
suffix: 7 0 
prefix: 0 25 5 6 
suffix: 13 22 0 
prefix: 0 30 23 
suffix: 28 26 0 
1 3 10 27 4 29 9 17 8 12 
forward frontier
restricted destroy-repair dd compilation
restricted dd compilation - suffixes
running dd lns mip
num vars: 1388
obj from lns: 778
[loc arcIndex] route: 2 0 14 1 15 2 11 3 24 4 19 5 1 152 3 7 -1 417 
[loc arcIndex] route: 10 8 27 9 -2 424 
[loc arcIndex] route: 16 11 18 12 21 13 4 48 29 15 -3 454 
[loc arcIndex] route: 25 17 5 18 6 19 9 50 17 21 13 22 22 23 -1 486 
[loc arcIndex] route: 30 24 23 25 8 26 12 27 -5 506 
DD random seed:3508378774
running lns dd
destroy phase
prefix: 0 2 14 15 
suffix: 19 1 3 0 
prefix: 0 
suffix: 20 0 
prefix: 0 16 18 
suffix: 29 7 0 
prefix: 0 25 5 6 
suffix: 13 22 0 
prefix: 0 30 23 
suffix: 28 26 0 
11 24 10 27 21 4 9 17 8 12 
forward frontier
restricted destroy-repair dd compilation
restricted dd compilation - suffixes
running dd lns mip
num vars: 607
obj from lns: 778
[loc arcIndex] route: 2 0 14 1 15 2 11 3 24 4 -1 226 
[loc arcIndex] route: 10 8 27 9 -2 242 
[loc arcIndex] route: 16 11 18 12 21 31 4 14 -3 267 
[loc arcIndex] route: 25 17 5 18 6 19 9 20 17 21 -4 296 
[loc arcIndex] route: 30 24 23 25 8 26 12 27 -5 317 
updated increasing parameter: 3
DD random seed:3551069187
running lns dd
destroy phase
prefix: 0 
suffix: 11 24 19 1 3 0 
prefix: 0 
suffix: 0 
prefix: 0 
suffix: 4 29 7 0 
prefix: 0 
suffix: 9 17 13 22 0 
prefix: 0 
suffix: 12 28 26 0 
2 14 15 10 27 20 16 18 21 25 5 6 30 23 8 
forward frontier
restricted destroy-repair dd compilation
restricted dd compilation - suffixes
running dd lns mip
num vars: 610
obj from lns: 778
[loc arcIndex] route: 2 0 14 1 15 2 11 3 24 4 19 5 1 6 3 7 -2 225 
[loc arcIndex] route: 10 8 27 9 20 10 -2 237 
[loc arcIndex] route: 16 11 18 37 21 13 -3 253 
[loc arcIndex] route: 25 17 5 18 6 19 9 20 17 21 13 22 22 23 -2 279 
[loc arcIndex] route: 30 24 23 25 8 26 -5 290 
DD random seed:3596667926
running lns dd
destroy phase
prefix: 0 2 14 15 11 
suffix: 3 0 
prefix: 0 
suffix: 0 
prefix: 0 
suffix: 4 29 7 0 
prefix: 0 25 5 
suffix: 13 22 0 
prefix: 0 30 
suffix: 28 26 0 
24 19 1 10 27 20 16 18 21 6 9 17 23 8 12 
forward frontier
restricted destroy-repair dd compilation
restricted dd compilation - suffixes
running dd lns mip
num vars: 3989
obj from lns: 778
[loc arcIndex] route: 2 0 14 1 15 2 11 3 24 4 19 383 1 476 3 7 -2 1264 
[loc arcIndex] route: 10 8 27 9 20 46 -2 1276 
[loc arcIndex] route: 16 11 18 31 21 13 -3 1292 
[loc arcIndex] route: 25 17 5 18 6 19 9 20 17 242 13 22 22 23 -2 1330 
[loc arcIndex] route: 30 24 23 39 8 26 12 27 -5 1348 
DD random seed:3855034597
running lns dd
destroy phase
prefix: 0 2 14 15 11 
suffix: 3 0 
prefix: 0 
suffix: 0 
prefix: 0 16 18 21 
suffix: 0 
prefix: 0 25 5 6 
suffix: 22 0 
prefix: 0 30 
suffix: 28 26 0 
24 19 1 10 27 20 4 29 7 9 17 13 23 8 12 
forward frontier
restricted destroy-repair dd compilation
restricted dd compilation - suffixes
running dd lns mip
num vars: 4400
obj from lns: 777
[loc arcIndex] route: 2 0 14 1 15 2 11 3 24 4 19 5 1 6 3 7 -3 1052 
[loc arcIndex] route: 10 8 27 9 20 10 -2 1064 
[loc arcIndex] route: 16 11 18 12 21 13 4 14 29 15 -4 1091 
[loc arcIndex] route: 25 17 5 18 6 19 9 56 17 166 13 22 23 914 -3 4202 
[loc arcIndex] route: 30 24 7 30 8 108 12 196 -5 1931 
improved ub from lns primal heuristic: 777
STATS - lpIterations[0] lagIterations[0] sspIterations[0] numSeparations[0] numCuts[0] compileTime[0] sspSolveTime[0] lpSolveTime[0] lb[0] ub[777] numArcs: [0] numFixed: [0] time: [21]
STATS1 - lpIterations[0] lagIterations[0] sspIterations[0] numSeparations[0] numCuts[0] compileTime[0] sspSolveTime[0] lpSolveTime[0] repairTime[0] cutsTime[0] alphaTime[0] decompTime[0] yellowTime[0] updateTime[0] fixTime[0] lb[0] ub[777] numArcs: [0] numFixed: [0] time: [21]
added route to primal routes: 0,16,18,21,4,29,22,0,
random seed: 4094880400
added maximal sequence to primal routes: 0,11,17,16,18,21,4,29,22,0,
added route to primal routes: 0,30,7,8,12,28,26,0,
random seed: 4112795557
updated increasing parameter: 1
DD random seed:4120272016
running lns dd
destroy phase
prefix: 0 2 14 15 11 24 
suffix: 1 3 0 
prefix: 0 10 
suffix: 20 0 
prefix: 0 
suffix: 18 21 4 29 22 0 
prefix: 0 25 5 6 9 
suffix: 13 23 0 
prefix: 0 30 
suffix: 8 12 28 26 0 
19 27 16 17 7 
forward frontier
restricted destroy-repair dd compilation
restricted dd compilation - suffixes
running dd lns mip
num vars: 195
obj from lns: 777
[loc arcIndex] route: 2 0 14 1 15 2 11 3 24 4 19 5 -1 77 
[loc arcIndex] route: 10 8 27 9 -2 87 
[loc arcIndex] route: 16 11 -3 97 
[loc arcIndex] route: 25 17 5 18 6 19 9 20 17 21 -4 134 
[loc arcIndex] route: 30 24 7 25 -5 144 
DD random seed:4133735189
running lns dd
destroy phase
prefix: 0 2 14 15 11 24 
suffix: 1 3 0 
prefix: 0 
suffix: 27 20 0 
prefix: 0 16 18 
suffix: 4 29 22 0 
prefix: 0 25 
suffix: 6 9 17 13 23 0 
prefix: 0 30 7 
suffix: 12 28 26 0 
19 10 21 5 8 
forward frontier
restricted destroy-repair dd compilation
restricted dd compilation - suffixes
running dd lns mip
num vars: 331
obj from lns: 777
[loc arcIndex] route: 2 0 14 1 15 2 11 3 24 4 19 5 -1 139 
[loc arcIndex] route: 10 8 -2 142 
[loc arcIndex] route: 16 11 18 12 21 13 -3 164 
[loc arcIndex] route: 25 17 5 18 -4 179 
[loc arcIndex] route: 30 24 7 25 8 26 -5 202 
DD random seed:4158703627
running lns dd
destroy phase
prefix: 0 
suffix: 14 15 11 24 19 1 3 0 
prefix: 0 
suffix: 27 20 0 
prefix: 0 16 18 
suffix: 4 29 22 0 
prefix: 0 25 5 6 
suffix: 17 13 23 0 
prefix: 0 30 7 8 12 
suffix: 26 0 
2 10 21 9 28 
forward frontier
restricted destroy-repair dd compilation
restricted dd compilation - suffixes
running dd lns mip
num vars: 394
obj from lns: 777
[loc arcIndex] route: 2 0 -1 121 
[loc arcIndex] route: 10 8 -2 142 
[loc arcIndex] route: 16 11 18 12 21 36 -3 161 
[loc arcIndex] route: 25 17 5 18 6 19 9 45 -4 183 
[loc arcIndex] route: 30 24 7 25 8 26 12 27 28 28 -5 200 
DD random seed:4184383589
running lns dd
destroy phase
prefix: 0 2 14 15 11 
suffix: 19 1 3 0 
prefix: 0 
suffix: 27 20 0 
prefix: 0 16 18 21 
suffix: 29 22 0 
prefix: 0 25 5 
suffix: 9 17 13 23 0 
prefix: 0 30 7 
suffix: 12 28 26 0 
24 10 4 6 8 
forward frontier
restricted destroy-repair dd compilation
restricted dd compilation - suffixes
running dd lns mip
num vars: 481
obj from lns: 777
[loc arcIndex] route: 2 0 14 1 15 2 11 3 24 4 -1 176 
[loc arcIndex] route: 10 8 -2 182 
[loc arcIndex] route: 16 11 18 12 21 13 4 43 -3 210 
[loc arcIndex] route: 25 17 5 18 6 19 -4 226 
[loc arcIndex] route: 30 24 7 25 8 26 -5 246 
DD random seed:4215752437
running lns dd
destroy phase
prefix: 0 2 14 15 11 24 19 
suffix: 3 0 
prefix: 0 
suffix: 27 20 0 
prefix: 0 16 
suffix: 21 4 29 22 0 
prefix: 0 25 5 
suffix: 9 17 13 23 0 
prefix: 0 30 7 
suffix: 12 28 26 0 
1 10 18 6 8 
forward frontier
restricted destroy-repair dd compilation
restricted dd compilation - suffixes
running dd lns mip
num vars: 172
obj from lns: 777
[loc arcIndex] route: 2 0 14 1 15 2 11 3 24 4 19 5 1 39 -1 70 
[loc arcIndex] route: 10 8 -2 72 
[loc arcIndex] route: 16 11 18 30 -3 90 
[loc arcIndex] route: 25 17 5 18 6 32 -4 116 
[loc arcIndex] route: 30 24 7 25 8 26 -5 136 
DD random seed:4227353077
running lns dd
destroy phase
prefix: 0 
suffix: 14 15 11 24 19 1 3 0 
prefix: 0 10 
suffix: 20 0 
prefix: 0 16 18 21 4 
suffix: 22 0 
prefix: 0 25 5 6 
suffix: 17 13 23 0 
prefix: 0 30 
suffix: 8 12 28 26 0 
2 27 29 9 7 
forward frontier
restricted destroy-repair dd compilation
restricted dd compilation - suffixes
running dd lns mip
num vars: 195
obj from lns: 777
[loc arcIndex] route: 2 0 -1 54 
[loc arcIndex] route: 10 8 27 9 -2 80 
[loc arcIndex] route: 16 11 18 12 21 13 4 14 29 15 -3 103 
[loc arcIndex] route: 25 17 5 18 6 19 9 43 -4 119 
[loc arcIndex] route: 30 24 7 25 -5 131 
DD random seed:4238838910
running lns dd
destroy phase
prefix: 0 2 14 15 11 
suffix: 19 1 3 0 
prefix: 0 
suffix: 27 20 0 
prefix: 0 16 18 
suffix: 4 29 22 0 
prefix: 0 25 
suffix: 6 9 17 13 23 0 
prefix: 0 30 7 8 
suffix: 28 26 0 
24 10 21 5 12 
forward frontier
restricted destroy-repair dd compilation
restricted dd compilation - suffixes
running dd lns mip
num vars: 244
obj from lns: 777
[loc arcIndex] route: 2 0 14 1 15 2 11 3 24 4 -1 83 
[loc arcIndex] route: 10 8 -2 89 
[loc arcIndex] route: 16 11 18 12 21 13 -3 111 
[loc arcIndex] route: 25 17 5 30 -4 126 
[loc arcIndex] route: 30 24 7 25 8 26 12 27 -5 152 
DD random seed:4254625549
running lns dd
destroy phase
prefix: 0 2 14 15 11 24 19 
suffix: 3 0 
prefix: 0 
suffix: 27 20 0 
prefix: 0 
suffix: 18 21 4 29 22 0 
prefix: 0 25 
suffix: 6 9 17 13 23 0 
prefix: 0 30 7 8 12 
suffix: 26 0 
1 10 16 5 28 
forward frontier
restricted destroy-repair dd compilation
restricted dd compilation - suffixes
running dd lns mip
num vars: 247
obj from lns: 777
[loc arcIndex] route: 2 0 14 1 15 2 11 3 24 4 19 5 1 6 -1 92 
[loc arcIndex] route: 10 8 -2 94 
[loc arcIndex] route: 16 11 -3 107 
[loc arcIndex] route: 25 17 5 31 -4 131 
[loc arcIndex] route: 30 24 7 25 8 26 12 27 28 28 -5 159 
DD random seed:4269842773
running lns dd
destroy phase
prefix: 0 2 14 15 11 24 
suffix: 1 3 0 
prefix: 0 
suffix: 27 20 0 
prefix: 0 16 18 
suffix: 4 29 22 0 
prefix: 0 25 5 6 9 17 
suffix: 23 0 
prefix: 0 30 7 8 12 
suffix: 26 0 
19 10 21 13 28 
forward frontier
restricted destroy-repair dd compilation
restricted dd compilation - suffixes
running dd lns mip
num vars: 237
obj from lns: 777
[loc arcIndex] route: 2 0 14 1 15 2 11 3 24 4 19 5 -1 82 
[loc arcIndex] route: 10 8 -2 87 
[loc arcIndex] route: 16 11 18 12 21 30 -3 111 
[loc arcIndex] route: 25 17 5 18 6 19 9 20 17 21 13 22 -4 146 
[loc arcIndex] route: 30 24 7 25 8 26 12 27 28 47 -5 166 
DD random seed:4282658481
running lns dd
destroy phase
prefix: 0 2 14 15 
suffix: 24 19 1 3 0 
prefix: 0 
suffix: 27 20 0 
prefix: 0 16 18 21 
suffix: 29 22 0 
prefix: 0 25 5 6 
suffix: 17 13 23 0 
prefix: 0 30 7 8 
suffix: 28 26 0 
11 10 4 9 12 
forward frontier
restricted destroy-repair dd compilation
restricted dd compilation - suffixes
running dd lns mip
num vars: 445
obj from lns: 777
[loc arcIndex] route: 2 0 14 1 15 2 11 3 -1 135 
[loc arcIndex] route: 10 8 -2 147 
[loc arcIndex] route: 16 11 18 12 21 13 4 14 -3 175 
[loc arcIndex] route: 25 17 5 18 6 19 9 20 -4 197 
[loc arcIndex] route: 30 24 7 25 8 26 12 76 -5 217 
updated increasing parameter: 2
DD random seed:15795592
running lns dd
destroy phase
prefix: 0 2 
suffix: 11 24 19 1 3 0 
prefix: 0 
suffix: 20 0 
prefix: 0 
suffix: 21 4 29 22 0 
prefix: 0 25 5 6 
suffix: 13 23 0 
prefix: 0 30 
suffix: 12 28 26 0 
14 15 10 27 16 18 9 17 7 8 
forward frontier
restricted destroy-repair dd compilation
restricted dd compilation - suffixes
running dd lns mip
num vars: 748
obj from lns: 777
[loc arcIndex] route: 2 0 14 1 15 37 -1 222 
[loc arcIndex] route: 10 8 27 9 -2 242 
[loc arcIndex] route: 16 11 18 12 -3 257 
[loc arcIndex] route: 25 17 5 18 6 19 9 20 17 21 -4 290 
[loc arcIndex] route: 30 24 7 50 8 26 -5 303 
DD random seed:67269731
running lns dd
destroy phase
prefix: 0 2 
suffix: 11 24 19 1 3 0 
prefix: 0 10 
suffix: 0 
prefix: 0 
suffix: 21 4 29 22 0 
prefix: 0 25 5 
suffix: 17 13 23 0 
prefix: 0 30 7 8 
suffix: 26 0 
14 15 27 20 16 18 6 9 12 28 
forward frontier
restricted destroy-repair dd compilation
restricted dd compilation - suffixes
running dd lns mip
num vars: 1241
obj from lns: 777
[loc arcIndex] route: 2 0 14 1 15 46 11 3 24 4 19 5 1 6 3 7 -2 318 
[loc arcIndex] route: 10 8 27 9 20 96 -2 330 
[loc arcIndex] route: 16 11 18 55 21 13 4 14 29 15 22 16 -2 353 
[loc arcIndex] route: 25 17 5 18 6 19 9 20 -4 371 
[loc arcIndex] route: 30 24 7 25 8 26 12 27 28 288 26 29 -2 392 
DD random seed:138622760
running lns dd
destroy phase
prefix: 0 2 
suffix: 11 24 19 1 3 0 
prefix: 0 10 
suffix: 0 
prefix: 0 16 18 21 
suffix: 22 0 
prefix: 0 25 5 
suffix: 17 13 23 0 
prefix: 0 30 7 8 12 
suffix: 0 
14 15 27 20 4 29 6 9 28 26 
forward frontier
restricted destroy-repair dd compilation
restricted dd compilation - suffixes
running dd lns mip
num vars: 690
obj from lns: 777
[loc arcIndex] route: 2 0 14 1 15 2 11 3 24 4 19 5 1 6 3 7 -2 172 
[loc arcIndex] route: 10 8 27 39 20 10 -2 185 
[loc arcIndex] route: 16 11 18 12 21 13 4 14 29 15 22 16 -2 211 
[loc arcIndex] route: 25 17 5 18 6 19 9 99 -4 230 
[loc arcIndex] route: 30 24 7 25 8 26 12 27 28 28 26 29 -2 258 
DD random seed:173672106
running lns dd
destroy phase
prefix: 0 2 14 15 
suffix: 19 1 3 0 
prefix: 0 
suffix: 20 0 
prefix: 0 16 
suffix: 4 29 22 0 
prefix: 0 25 5 6 9 
suffix: 23 0 
prefix: 0 30 
suffix: 12 28 26 0 
11 24 10 27 18 21 17 13 7 8 
forward frontier
restricted destroy-repair dd compilation
restricted dd compilation - suffixes
running dd lns mip
num vars: 1838
obj from lns: 777
[loc arcIndex] route: 2 0 14 1 15 2 11 121 24 4 -1 557 
[loc arcIndex] route: 10 8 27 9 -2 569 
[loc arcIndex] route: 16 11 18 40 21 13 -3 589 
[loc arcIndex] route: 25 17 5 18 6 19 9 20 17 21 13 22 -4 623 
[loc arcIndex] route: 30 24 7 25 8 26 -5 638 
DD random seed:278413212
running lns dd
destroy phase
prefix: 0 2 14 15 11 24 19 
suffix: 0 
prefix: 0 
suffix: 20 0 
prefix: 0 
suffix: 21 4 29 22 0 
prefix: 0 
suffix: 6 9 17 13 23 0 
prefix: 0 30 
suffix: 12 28 26 0 
1 3 10 27 16 18 25 5 7 8 
forward frontier
restricted destroy-repair dd compilation
restricted dd compilation - suffixes
running dd lns mip
num vars: 162
obj from lns: 777
[loc arcIndex] route: 2 0 14 1 15 2 11 3 24 4 19 5 1 38 3 7 -1 63 
[loc arcIndex] route: 10 8 27 9 20 10 -1 74 
[loc arcIndex] route: 16 11 18 12 21 13 4 14 29 15 22 16 -1 94 
[loc arcIndex] route: 25 17 5 18 -4 104 
[loc arcIndex] route: 30 24 7 25 8 37 -5 130 
DD random seed:288470972
running lns dd
destroy phase
prefix: 0 2 14 
suffix: 24 19 1 3 0 
prefix: 0 10 
suffix: 0 
prefix: 0 16 18 21 
suffix: 22 0 
prefix: 0 25 5 6 9 17 
suffix: 0 
prefix: 0 
suffix: 8 12 28 26 0 
15 11 27 20 4 29 13 23 30 7 
forward frontier
restricted destroy-repair dd compilation
restricted dd compilation - suffixes
running dd lns mip
num vars: 1463
obj from lns: 777
[loc arcIndex] route: 2 0 14 1 15 2 11 91 -1 406 
[loc arcIndex] route: 10 8 27 9 20 10 -2 432 
[loc arcIndex] route: 16 11 18 12 21 13 4 14 29 15 22 16 -2 457 
[loc arcIndex] route: 25 17 5 18 6 19 9 20 17 21 13 22 23 23 -2 483 
[loc arcIndex] route: 30 24 7 40 8 26 12 27 28 28 26 29 -4 505 
DD random seed:361516129
running lns dd
destroy phase
prefix: 0 
suffix: 15 11 24 19 1 3 0 
prefix: 0 
suffix: 20 0 
prefix: 0 16 18 21 4 
suffix: 0 
prefix: 0 
suffix: 6 9 17 13 23 0 
prefix: 0 30 7 8 
suffix: 26 0 
2 14 10 27 29 22 25 5 12 28 
forward frontier
restricted destroy-repair dd compilation
restricted dd compilation - suffixes
running dd lns mip
num vars: 407
obj from lns: 777
[loc arcIndex] route: 2 0 14 1 -1 137 
[loc arcIndex] route: 10 8 27 9 20 10 -3 166 
[loc arcIndex] route: 16 11 18 12 21 13 4 14 29 15 22 16 -3 185 
[loc arcIndex] route: 25 17 5 18 -4 193 
[loc arcIndex] route: 30 24 7 25 8 26 12 48 28 28 -5 222 
DD random seed:386317646
running lns dd
destroy phase
prefix: 0 2 14 15 11 
suffix: 1 3 0 
prefix: 0 
suffix: 20 0 
prefix: 0 16 18 
suffix: 29 22 0 
prefix: 0 25 5 6 
suffix: 13 23 0 
prefix: 0 30 
suffix: 12 28 26 0 
24 19 10 27 21 4 9 17 7 8 
forward frontier
restricted destroy-repair dd compilation
restricted dd compilation - suffixes
running dd lns mip
num vars: 1284
obj from lns: 777
[loc arcIndex] route: 2 0 14 1 15 2 11 3 24 4 19 5 -1 465 
[loc arcIndex] route: 10 8 27 30 -2 476 
[loc arcIndex] route: 16 11 18 12 21 63 4 14 -3 501 
[loc arcIndex] route: 25 17 5 18 6 19 9 20 17 136 -4 530 
[loc arcIndex] route: 30 24 7 25 8 26 -5 546 
DD random seed:469870102
running lns dd
destroy phase
prefix: 0 2 14 15 11 24 19 
suffix: 0 
prefix: 0 
suffix: 20 0 
prefix: 0 16 18 
suffix: 29 22 0 
prefix: 0 25 5 6 
suffix: 13 23 0 
prefix: 0 30 
suffix: 12 28 26 0 
1 3 10 27 21 4 9 17 7 8 
forward frontier
restricted destroy-repair dd compilation
restricted dd compilation - suffixes
running dd lns mip
num vars: 538
obj from lns: 777
[loc arcIndex] route: 2 0 14 1 15 2 11 3 24 4 19 5 1 6 3 7 -1 190 
[loc arcIndex] route: 10 8 27 9 20 10 -1 201 
[loc arcIndex] route: 16 11 18 12 21 13 4 37 -3 222 
[loc arcIndex] route: 25 17 5 18 6 19 9 20 17 21 13 22 23 23 -1 256 
[loc arcIndex] route: 30 24 7 25 8 26 12 27 28 28 26 29 -1 277 
DD random seed:503369768
running lns dd
destroy phase
prefix: 0 2 14 15 11 24 19 
suffix: 0 
prefix: 0 10 
suffix: 0 
prefix: 0 16 18 21 4 
suffix: 0 
prefix: 0 25 
suffix: 9 17 13 23 0 
prefix: 0 30 7 
suffix: 28 26 0 
1 3 27 20 29 22 5 6 8 12 
forward frontier
restricted destroy-repair dd compilation
restricted dd compilation - suffixes
running dd lns mip
num vars: 547
obj from lns: 777
[loc arcIndex] route: 2 0 14 1 15 2 11 3 24 4 19 5 1 6 3 7 -1 164 
[loc arcIndex] route: 10 8 27 9 20 10 -1 177 
[loc arcIndex] route: 16 11 18 12 21 13 4 14 29 15 22 16 -1 204 
[loc arcIndex] route: 25 17 5 30 6 19 -4 220 
[loc arcIndex] route: 30 24 7 25 8 26 12 27 28 28 26 29 -1 256 
updated increasing parameter: 3
DD random seed:525185099
running lns dd
destroy phase
prefix: 0 2 14 15 11 24 
suffix: 0 
prefix: 0 
suffix: 0 
prefix: 0 16 18 
suffix: 22 0 
prefix: 0 25 5 
suffix: 13 23 0 
prefix: 0 30 7 
suffix: 26 0 
19 1 3 10 27 20 21 4 29 6 9 17 8 12 28 
forward frontier
restricted destroy-repair dd compilation
restricted dd compilation - suffixes
running dd lns mip
num vars: 2250
obj from lns: 777
[loc arcIndex] route: 2 0 14 1 15 2 11 3 24 4 19 64 1 6 3 7 -1 682 
[loc arcIndex] route: 10 8 27 30 20 10 -1 694 
[loc arcIndex] route: 16 11 18 12 21 13 4 14 29 15 -3 721 
[loc arcIndex] route: 25 17 5 18 6 19 9 20 17 21 13 22 23 23 -1 754 
[loc arcIndex] route: 30 24 7 25 8 34 12 52 28 139 -5 778 
DD random seed:644725201
running lns dd
destroy phase
prefix: 0 2 14 
suffix: 19 1 3 0 
prefix: 0 
suffix: 0 
prefix: 0 
suffix: 4 29 22 0 
prefix: 0 25 5 6 
suffix: 23 0 
prefix: 0 
suffix: 12 28 26 0 
15 11 24 10 27 20 16 18 21 9 17 13 30 7 8 
forward frontier
restricted destroy-repair dd compilation
restricted dd compilation - suffixes
running dd lns mip
num vars: 648
obj from lns: 777
[loc arcIndex] route: 2 0 14 1 15 2 11 3 24 4 19 5 1 6 3 7 -2 263 
[loc arcIndex] route: 10 8 27 9 20 10 -2 275 
[loc arcIndex] route: 16 11 18 30 21 13 4 14 29 15 22 16 -2 300 
[loc arcIndex] route: 25 17 5 18 6 19 9 20 17 21 13 22 -4 325 
[loc arcIndex] route: 30 24 7 31 8 26 -5 341 
DD random seed:691108667
running lns dd
destroy phase
prefix: 0 
suffix: 11 24 19 1 3 0 
prefix: 0 
suffix: 0 
prefix: 0 16 18 21 
suffix: 0 
prefix: 0 
suffix: 9 17 13 23 0 
prefix: 0 30 7 8 
suffix: 0 
2 14 15 10 27 20 4 29 22 25 5 6 12 28 26 
forward frontier
restricted destroy-repair dd compilation
restricted dd compilation - suffixes
running dd lns mip
num vars: 1637
obj from lns: 777
[loc arcIndex] route: 2 0 14 1 15 2 11 3 24 4 19 5 1 6 3 7 -2 442 
[loc arcIndex] route: 10 8 27 9 20 10 -2 456 
[loc arcIndex] route: 16 11 18 12 21 13 4 14 29 15 22 16 -2 480 
[loc arcIndex] route: 25 17 5 18 6 19 9 20 17 21 13 22 23 23 -3 508 
[loc arcIndex] route: 30 24 7 25 8 26 12 27 28 28 26 306 -2 527 
DD random seed:760156901
running lns dd
destroy phase
prefix: 0 2 14 
suffix: 19 1 3 0 
prefix: 0 
suffix: 0 
prefix: 0 
suffix: 4 29 22 0 
prefix: 0 
suffix: 9 17 13 23 0 
prefix: 0 30 7 8 
suffix: 0 
15 11 24 10 27 20 16 18 21 25 5 6 12 28 26 
forward frontier
restricted destroy-repair dd compilation
restricted dd compilation - suffixes
running dd lns mip
num vars: 2168
obj from lns: 777
[loc arcIndex] route: 2 0 14 1 15 2 11 165 24 4 19 5 1 6 3 7 -2 630 
[loc arcIndex] route: 10 8 27 30 20 58 -2 643 
[loc arcIndex] route: 16 11 18 12 21 100 -3 658 
[loc arcIndex] route: 25 17 5 18 6 19 9 20 17 21 13 22 23 23 -2 691 
[loc arcIndex] route: 30 24 7 25 8 26 12 27 28 451 26 29 -2 710 
DD random seed:875694213
running lns dd
destroy phase
prefix: 0 2 14 15 
suffix: 1 3 0 
prefix: 0 
suffix: 0 
prefix: 0 16 18 
suffix: 22 0 
prefix: 0 25 5 6 9 
suffix: 0 
prefix: 0 30 7 8 
suffix: 0 
11 24 19 10 27 20 21 4 29 17 13 23 12 28 26 
forward frontier
restricted destroy-repair dd compilation
restricted dd compilation - suffixes
running dd lns mip
num vars: 2851
obj from lns: 777
[loc arcIndex] route: 2 0 14 1 15 2 11 3 24 4 19 85 1 6 3 7 -2 693 
[loc arcIndex] route: 10 8 27 9 20 10 -2 707 
[loc arcIndex] route: 16 11 18 12 21 13 4 14 29 67 22 16 -2 736 
[loc arcIndex] route: 25 17 5 18 6 19 9 20 17 72 13 173 23 23 -5 769 
[loc arcIndex] route: 30 24 7 25 8 26 12 27 28 28 26 29 -2 793 
DD random seed:996768379
running lns dd
destroy phase
prefix: 0 2 14 15 
suffix: 1 3 0 
prefix: 0 
suffix: 0 
prefix: 0 16 18 
suffix: 22 0 
prefix: 0 25 5 6 9 
suffix: 0 
prefix: 0 30 7 
suffix: 26 0 
11 24 19 10 27 20 21 4 29 17 13 23 8 12 28 
forward frontier
restricted destroy-repair dd compilation
restricted dd compilation - suffixes
running dd lns mip
num vars: 1879
obj from lns: 777
[loc arcIndex] route: 2 0 14 1 15 2 11 30 24 4 19 5 1 6 3 7 -2 557 
[loc arcIndex] route: 10 8 27 9 20 10 -2 570 
[loc arcIndex] route: 16 11 18 12 21 13 4 14 29 15 -3 596 
[loc arcIndex] route: 25 17 5 18 6 19 9 20 17 67 13 128 23 355 -2 628 
[loc arcIndex] route: 30 24 7 25 8 26 12 72 28 28 -5 652 
DD random seed:1085518498
running lns dd
destroy phase
prefix: 0 
suffix: 11 24 19 1 3 0 
prefix: 0 
suffix: 0 
prefix: 0 16 18 
suffix: 22 0 
prefix: 0 
suffix: 9 17 13 23 0 
prefix: 0 30 7 
suffix: 26 0 
2 14 15 10 27 20 21 4 29 25 5 6 8 12 28 
forward frontier
restricted destroy-repair dd compilation
restricted dd compilation - suffixes
running dd lns mip
num vars: 1783
obj from lns: 777
[loc arcIndex] route: 2 0 14 1 15 2 11 3 24 4 19 5 1 6 3 7 -2 577 
[loc arcIndex] route: 10 8 27 32 20 42 -2 589 
[loc arcIndex] route: 16 11 18 12 21 13 4 49 29 15 22 16 -2 613 
[loc arcIndex] route: 25 17 5 33 6 19 9 20 17 21 13 22 23 23 -2 637 
[loc arcIndex] route: 30 24 7 25 8 26 12 27 28 28 -5 654 
DD random seed:1189148188
running lns dd
destroy phase
prefix: 0 2 
suffix: 24 19 1 3 0 
prefix: 0 
suffix: 0 
prefix: 0 
suffix: 4 29 22 0 
prefix: 0 25 5 6 
suffix: 23 0 
prefix: 0 30 
suffix: 28 26 0 
14 15 11 10 27 20 16 18 21 9 17 13 7 8 12 
forward frontier
restricted destroy-repair dd compilation
restricted dd compilation - suffixes
running dd lns mip
num vars: 1895
obj from lns: 777
[loc arcIndex] route: 2 0 14 1 15 2 11 3 24 4 19 5 1 6 3 7 -2 628 
[loc arcIndex] route: 10 8 27 31 20 10 -2 640 
[loc arcIndex] route: 16 11 18 12 21 13 4 14 29 15 22 16 -2 665 
[loc arcIndex] route: 25 17 5 18 6 19 9 76 13 166 17 346 -4 1610 
[loc arcIndex] route: 30 24 7 25 8 26 12 197 28 28 26 29 -2 711 
DD random seed:1312814505
running lns dd
destroy phase
prefix: 0 
suffix: 11 24 19 1 3 0 
prefix: 0 
suffix: 0 
prefix: 0 16 18 
suffix: 22 0 
prefix: 0 25 
suffix: 17 13 23 0 
prefix: 0 
suffix: 12 28 26 0 
2 14 15 10 27 20 21 4 29 5 6 9 30 7 8 
forward frontier
restricted destroy-repair dd compilation
restricted dd compilation - suffixes
running dd lns mip
num vars: 3371
obj from lns: 777
[loc arcIndex] route: 2 0 14 1 15 2 11 3 24 4 19 5 1 6 3 7 -2 955 
[loc arcIndex] route: 10 8 27 9 20 10 -2 967 
[loc arcIndex] route: 16 11 18 12 21 194 4 14 29 15 22 16 -2 992 
[loc arcIndex] route: 25 17 5 18 6 19 9 20 -4 1010 
[loc arcIndex] route: 30 24 7 100 8 26 -5 1028 
DD random seed:1529711021
running lns dd
destroy phase
prefix: 0 2 14 15 
suffix: 1 3 0 
prefix: 0 
suffix: 0 
prefix: 0 16 
suffix: 29 22 0 
prefix: 0 25 
suffix: 17 13 23 0 
prefix: 0 30 7 
suffix: 26 0 
11 24 19 10 27 20 18 21 4 5 6 9 8 12 28 
forward frontier
restricted destroy-repair dd compilation
restricted dd compilation - suffixes
running dd lns mip
num vars: 6036
obj from lns: 777
[loc arcIndex] route: 2 0 14 1 15 2 11 3 24 4 19 661 1 6 3 7 -2 1897 
[loc arcIndex] route: 10 8 27 9 20 10 -2 1909 
[loc arcIndex] route: 16 11 18 12 21 13 4 161 29 15 22 16 -2 1936 
[loc arcIndex] route: 25 17 5 18 6 19 9 188 17 21 13 22 23 23 -2 1961 
[loc arcIndex] route: 30 24 7 25 8 362 12 615 28 28 -5 1980 
updated increasing parameter: 4
DD random seed:1910229995
running lns dd
destroy phase
prefix: 0 
suffix: 24 19 1 3 0 
prefix: 0 
suffix: 0 
prefix: 0 16 18 
suffix: 0 
prefix: 0 25 
suffix: 13 23 0 
prefix: 0 
suffix: 28 26 0 
2 14 15 11 10 27 20 21 4 29 22 5 6 9 17 30 7 8 12 
forward frontier
restricted destroy-repair dd compilation
restricted dd compilation - suffixes
running dd lns mip
num vars: 6356
obj from lns: 777
[loc arcIndex] route: 2 0 14 1 15 2 11 168 24 4 19 5 1 6 3 7 -2 1808 
[loc arcIndex] route: 10 8 27 35 20 10 -2 1821 
[loc arcIndex] route: 16 11 18 12 21 13 4 14 29 15 22 16 -2 1848 
[loc arcIndex] route: 25 17 5 18 6 82 9 152 17 21 13 22 23 23 -2 1875 
[loc arcIndex] route: 30 24 7 70 8 26 12 544 -5 1893 
DD random seed:2249988487
running lns dd
destroy phase
prefix: 0 2 14 
suffix: 1 3 0 
prefix: 0 
suffix: 0 
prefix: 0 
suffix: 29 22 0 
prefix: 0 25 
suffix: 13 23 0 
prefix: 0 30 7 
suffix: 0 
15 11 24 19 10 27 20 16 18 21 4 5 6 9 17 8 12 28 26 
forward frontier
restricted destroy-repair dd compilation
restricted dd compilation - suffixes
running dd lns mip
num vars: 8315
obj from lns: 777
[loc arcIndex] route: 2 0 14 1 15 32 11 94 24 4 19 5 1 6 3 7 -2 2505 
[loc arcIndex] route: 10 8 27 9 20 10 -5 2521 
[loc arcIndex] route: 16 11 18 12 21 13 4 14 -3 2539 
[loc arcIndex] route: 25 17 5 31 6 19 9 20 17 21 13 22 23 23 -5 2575 
[loc arcIndex] route: 30 24 7 25 8 26 12 27 28 28 26 29 -2 2596 
DD random seed:2750048119
running lns dd
destroy phase
prefix: 0 2 14 15 
suffix: 3 0 
prefix: 0 
suffix: 0 
prefix: 0 
suffix: 29 22 0 
prefix: 0 25 5 
suffix: 23 0 
prefix: 0 30 
suffix: 26 0 
11 24 19 1 10 27 20 16 18 21 4 6 9 17 13 7 8 12 28 
forward frontier
restricted destroy-repair dd compilation
restricted dd compilation - suffixes
running dd lns mip
num vars: 13631
obj from lns: 777
[loc arcIndex] route: 2 0 14 1 15 2 11 218 24 307 19 5 1 6 3 7 -2 3513 
[loc arcIndex] route: 10 8 27 9 20 58 -2 3525 
[loc arcIndex] route: 16 11 18 12 21 13 4 14 29 15 22 16 -2 3554 
[loc arcIndex] route: 25 17 5 18 6 19 9 20 13 628 17 1753 -4 10728 
[loc arcIndex] route: 30 24 7 48 8 26 12 27 28 28 26 29 -2 3609 
DD random seed:3561409468
running lns dd
destroy phase
prefix: 0 2 14 15 
suffix: 3 0 
prefix: 0 
suffix: 0 
prefix: 0 16 
suffix: 22 0 
prefix: 0 25 
suffix: 13 23 0 
prefix: 0 30 
suffix: 26 0 
11 24 19 1 10 27 20 18 21 4 29 5 6 9 17 7 8 12 28 
forward frontier
restricted destroy-repair dd compilation
restricted dd compilation - suffixes
running dd lns mip
num vars: 6722
obj from lns: 777
[loc arcIndex] route: 2 0 14 1 15 2 11 178 24 4 19 5 1 6 -1 1646 
[loc arcIndex] route: 10 8 27 9 20 62 -2 1660 
[loc arcIndex] route: 16 11 18 34 21 13 4 14 29 15 -3 1686 
[loc arcIndex] route: 25 17 5 31 6 19 9 20 17 21 13 22 23 23 -2 1719 
[loc arcIndex] route: 30 24 7 25 8 26 12 27 28 28 -5 1742 
DD random seed:3936587248
running lns dd
destroy phase
prefix: 0 2 14 15 
suffix: 3 0 
prefix: 0 
suffix: 0 
prefix: 0 16 18 
suffix: 0 
prefix: 0 25 5 
suffix: 23 0 
prefix: 0 
suffix: 28 26 0 
11 24 19 1 10 27 20 21 4 29 22 6 9 17 13 30 7 8 12 
forward frontier
restricted destroy-repair dd compilation
restricted dd compilation - suffixes
running dd lns mip
num vars: 4174
obj from lns: 777
[loc arcIndex] route: 2 0 14 1 15 2 11 3 24 92 19 228 1 275 3 7 -3 1060 
[loc arcIndex] route: 10 8 27 9 20 10 -2 1072 
[loc arcIndex] route: 16 11 18 12 21 13 22 49 29 148 4 344 -3 2512 
[loc arcIndex] route: 25 17 5 18 6 19 9 20 13 140 17 383 -4 2656 
[loc arcIndex] route: 30 24 7 30 8 26 12 27 28 28 26 29 -3 1161 
DD random seed:4152344817
running lns dd
destroy phase
prefix: 0 2 
suffix: 19 1 3 0 
prefix: 0 
suffix: 0 
prefix: 0 16 
suffix: 22 0 
prefix: 0 25 5 6 
suffix: 0 
prefix: 0 30 
suffix: 26 0 
14 15 11 24 10 27 20 18 21 4 29 9 17 13 23 7 8 12 28 
forward frontier
restricted destroy-repair dd compilation
restricted dd compilation - suffixes
running dd lns mip
num vars: 15113
obj from lns: 777
[loc arcIndex] route: 2 0 14 33 15 2 11 3 24 4 19 5 1 6 3 7 -2 3649 
[loc arcIndex] route: 10 8 27 42 20 10 -4 3664 
[loc arcIndex] route: 16 11 18 12 21 13 4 248 29 809 -3 3687 
[loc arcIndex] route: 25 17 5 18 6 19 9 20 17 21 13 2104 23 3436 -2 3719 
[loc arcIndex] route: 30 24 7 25 8 26 12 973 28 28 -5 3743 
DD random seed:763668784
running lns dd
destroy phase
prefix: 0 2 14 15 
suffix: 3 0 
prefix: 0 
suffix: 0 
prefix: 0 16 18 
suffix: 0 
prefix: 0 25 
suffix: 13 23 0 
prefix: 0 30 
suffix: 26 0 
11 24 19 1 10 27 20 21 4 29 22 5 6 9 17 7 8 12 28 
forward frontier
restricted destroy-repair dd compilation
restricted dd compilation - suffixes
running dd lns mip
num vars: 7959
obj from lns: 777
[loc arcIndex] route: 2 0 14 1 15 2 11 3 24 223 19 655 1 6 3 7 -3 1812 
[loc arcIndex] route: 10 8 27 9 20 68 -2 1824 
[loc arcIndex] route: 16 11 18 12 21 13 4 114 29 15 22 16 -2 1854 
[loc arcIndex] route: 25 17 5 18 6 19 9 20 17 21 -4 1879 
[loc arcIndex] route: 30 24 7 61 8 230 12 27 28 1150 -5 1908 
DD random seed:1167137519
running lns dd
destroy phase
prefix: 0 2 14 
suffix: 1 3 0 
prefix: 0 
suffix: 0 
prefix: 0 
suffix: 29 22 0 
prefix: 0 25 5 6 
suffix: 0 
prefix: 0 
suffix: 28 26 0 
15 11 24 19 10 27 20 16 18 21 4 9 17 13 23 30 7 8 12 
forward frontier
restricted destroy-repair dd compilation
restricted dd compilation - suffixes
running dd lns mip
num vars: 4058
obj from lns: 777
[loc arcIndex] route: 2 0 14 1 15 2 11 3 24 4 19 5 1 6 3 7 -2 1136 
[loc arcIndex] route: 10 8 27 30 20 50 -2 1149 
[loc arcIndex] route: 16 11 18 12 21 13 4 14 -3 1170 
[loc arcIndex] route: 25 17 5 18 6 19 9 107 17 21 13 22 23 23 -2 1205 
[loc arcIndex] route: 30 24 7 43 8 26 12 286 28 28 26 29 -2 1228 
DD random seed:1372002038
running lns dd
destroy phase
prefix: 0 
suffix: 24 19 1 3 0 
prefix: 0 
suffix: 0 
prefix: 0 
suffix: 29 22 0 
prefix: 0 25 
suffix: 13 23 0 
prefix: 0 30 7 
suffix: 0 
2 14 15 11 10 27 20 16 18 21 4 5 6 9 17 8 12 28 26 
forward frontier
restricted destroy-repair dd compilation
restricted dd compilation - suffixes
running dd lns mip
num vars: 5615
obj from lns: 777
[loc arcIndex] route: 2 0 14 1 15 45 11 223 24 4 19 5 1 6 3 7 -5 1467 
[loc arcIndex] route: 10 8 27 9 20 90 -2 1479 
[loc arcIndex] route: 16 11 18 12 21 13 4 150 -3 1499 
[loc arcIndex] route: 25 17 5 37 6 19 9 179 17 532 13 22 23 23 -2 1532 
[loc arcIndex] route: 30 24 7 25 8 26 12 27 28 28 26 1334 -5 1554 
DD random seed:1696269268
running lns dd
destroy phase
prefix: 0 2 
suffix: 19 1 3 0 
prefix: 0 
suffix: 0 
prefix: 0 16 
suffix: 22 0 
prefix: 0 
suffix: 17 13 23 0 
prefix: 0 30 7 
suffix: 0 
14 15 11 24 10 27 20 18 21 4 29 25 5 6 9 8 12 28 26 
forward frontier
restricted destroy-repair dd compilation
restricted dd compilation - suffixes
running dd lns mip
num vars: 4065
obj from lns: 777
[loc arcIndex] route: 2 0 14 1 15 2 11 3 24 4 19 5 1 6 3 7 -5 1068 
[loc arcIndex] route: 10 8 27 36 20 10 -2 1080 
[loc arcIndex] route: 16 11 18 12 21 13 4 14 29 15 -3 1105 
[loc arcIndex] route: 25 17 5 18 6 19 9 20 -4 1127 
[loc arcIndex] route: 30 24 7 25 8 26 12 27 28 28 26 981 -2 1157 
updated increasing parameter: 5
DD random seed:1960604697
running lns dd
destroy phase
prefix: 0 
suffix: 19 1 3 0 
prefix: 0 
suffix: 0 
prefix: 0 16 
suffix: 0 
prefix: 0 25 
suffix: 23 0 
prefix: 0 
suffix: 26 0 
2 14 15 11 24 10 27 20 18 21 4 29 22 5 6 9 17 13 30 7 8 12 28 
forward frontier
restricted destroy-repair dd compilation
restricted dd compilation - suffixes
running dd lns mip
num vars: 19019
obj from lns: 777
[loc arcIndex] route: 2 0 14 1 15 2 11 3 24 4 -1 5202 
[loc arcIndex] route: 10 8 27 9 20 10 -3 5227 
[loc arcIndex] route: 16 11 18 12 21 13 4 14 29 15 22 1484 -2 5254 
[loc arcIndex] route: 25 17 5 18 6 19 9 165 17 21 13 22 -4 5283 
[loc arcIndex] route: 30 24 7 25 8 26 12 27 28 2069 -5 5308 
DD random seed:3236106914
running lns dd
destroy phase
prefix: 0 
suffix: 19 1 3 0 
prefix: 0 
suffix: 0 
prefix: 0 
suffix: 22 0 
prefix: 0 25 
suffix: 23 0 
prefix: 0 
suffix: 26 0 
2 14 15 11 24 10 27 20 16 18 21 4 29 5 6 9 17 13 30 7 8 12 28 
forward frontier
restricted destroy-repair dd compilation
restricted dd compilation - suffixes
running dd lns mip
num vars: 6643
obj from lns: 777
[loc arcIndex] route: 2 0 14 1 15 2 11 3 24 4 19 5 1 6 3 7 -2 2015 
[loc arcIndex] route: 10 8 27 9 20 10 -2 2027 
[loc arcIndex] route: 16 11 18 12 21 91 4 14 29 287 -3 2052 
[loc arcIndex] route: 25 17 5 18 6 19 9 20 13 291 17 821 -4 5167 
[loc arcIndex] route: 30 24 7 25 8 26 12 27 28 28 26 29 -2 2108 
DD random seed:3697390475
running lns dd
destroy phase
prefix: 0 2 14 15 
suffix: 0 
prefix: 0 
suffix: 0 
prefix: 0 
suffix: 22 0 
prefix: 0 
suffix: 13 23 0 
prefix: 0 
suffix: 26 0 
11 24 19 1 3 10 27 20 16 18 21 4 29 25 5 6 9 17 30 7 8 12 28 
forward frontier
restricted destroy-repair dd compilation
restricted dd compilation - suffixes
running dd lns mip
num vars: 15909
obj from lns: 777
[loc arcIndex] route: 2 0 14 1 15 2 11 215 24 4 19 957 1 1319 3 7 -1 3982 
[loc arcIndex] route: 10 8 27 9 20 10 -1 3994 
[loc arcIndex] route: 16 11 18 51 21 13 4 14 29 15 22 16 -1 4024 
[loc arcIndex] route: 25 17 5 18 6 19 9 20 17 21 13 22 23 23 -1 4054 
[loc arcIndex] route: 30 24 7 25 8 26 12 655 28 28 -5 4078 
DD random seed:360955075
running lns dd
destroy phase
prefix: 0 2 14 15 
suffix: 0 
prefix: 0 
suffix: 0 
prefix: 0 16 
suffix: 0 
prefix: 0 25 
suffix: 23 0 
prefix: 0 
suffix: 26 0 
11 24 19 1 3 10 27 20 18 21 4 29 22 5 6 9 17 13 30 7 8 12 28 
forward frontier
restricted destroy-repair dd compilation
restricted dd compilation - suffixes
running dd lns mip
num vars: 27474
obj from lns: 777
[loc arcIndex] route: 2 0 14 1 15 2 11 3 24 355 19 5 1 1598 3 7 -1 6007 
[loc arcIndex] route: 10 8 27 9 20 10 -1 6020 
[loc arcIndex] route: 16 11 18 50 21 13 4 14 29 15 22 1869 -2 6051 
[loc arcIndex] route: 25 17 5 33 6 19 9 177 17 21 13 2094 23 23 -2 6084 
[loc arcIndex] route: 30 24 7 61 8 26 12 27 28 28 26 29 -2 6112 
DD random seed:1783421594
running lns dd
destroy phase
prefix: 0 2 
suffix: 1 3 0 
prefix: 0 
suffix: 0 
prefix: 0 
suffix: 22 0 
prefix: 0 
suffix: 13 23 0 
prefix: 0 30 
suffix: 0 
14 15 11 24 19 10 27 20 16 18 21 4 29 25 5 6 9 17 7 8 12 28 26 
forward frontier
restricted destroy-repair dd compilation
restricted dd compilation - suffixes
running dd lns mip
num vars: 14055
obj from lns: 777
[loc arcIndex] route: 2 0 14 1 15 2 11 3 24 4 19 5 1 6 3 7 -5 3862 
[loc arcIndex] route: 10 8 27 9 20 10 -5 3877 
[loc arcIndex] route: 16 11 18 46 21 13 4 14 29 15 -3 3900 
[loc arcIndex] route: 25 17 5 18 6 65 9 20 17 445 13 22 23 23 -2 3932 
[loc arcIndex] route: 30 24 7 25 8 26 12 543 28 1678 26 29 -2 3955 
DD random seed:2612587020
running lns dd
destroy phase
prefix: 0 2 
suffix: 1 3 0 
prefix: 0 
suffix: 0 
prefix: 0 
suffix: 22 0 
prefix: 0 
suffix: 13 23 0 
prefix: 0 30 
suffix: 0 
14 15 11 24 19 10 27 20 16 18 21 4 29 25 5 6 9 17 7 8 12 28 26 
forward frontier
restricted destroy-repair dd compilation
restricted dd compilation - suffixes
running dd lns mip
num vars: 9363
obj from lns: 777
[loc arcIndex] route: 2 0 14 1 15 48 11 194 24 262 19 593 1 6 3 7 -2 2468 
[loc arcIndex] route: 10 8 27 40 20 10 -2 2481 
[loc arcIndex] route: 16 11 18 12 21 13 4 14 29 15 -3 2507 
[loc arcIndex] route: 25 17 5 18 6 19 9 173 17 21 13 22 23 23 -2 2539 
[loc arcIndex] route: 30 24 7 80 8 26 12 27 28 1277 26 29 -5 2563 
DD random seed:3157406678
running lns dd
destroy phase
prefix: 0 2 14 
suffix: 3 0 
prefix: 0 
suffix: 0 
prefix: 0 
suffix: 22 0 
prefix: 0 25 
suffix: 23 0 
prefix: 0 30 
suffix: 0 
15 11 24 19 1 10 27 20 16 18 21 4 29 5 6 9 17 13 7 8 12 28 26 
forward frontier
restricted destroy-repair dd compilation
restricted dd compilation - suffixes
running dd lns mip
num vars: 5224
obj from lns: 777
[loc arcIndex] route: 2 0 14 1 15 2 11 3 24 4 19 5 1 6 3 7 -2 1292 
[loc arcIndex] route: 10 8 27 9 20 10 -2 1305 
[loc arcIndex] route: 16 11 18 38 21 13 4 14 29 140 22 16 -5 1337 
[loc arcIndex] route: 25 17 5 31 6 19 9 66 17 145 13 405 -4 1366 
[loc arcIndex] route: 30 24 7 25 8 26 12 27 28 28 26 29 -5 1396 
DD random seed:3440193694
running lns dd
destroy phase
prefix: 0 
suffix: 19 1 3 0 
prefix: 0 
suffix: 0 
prefix: 0 16 
suffix: 0 
prefix: 0 25 5 
suffix: 0 
prefix: 0 30 
suffix: 0 
2 14 15 11 24 10 27 20 18 21 4 29 22 6 9 17 13 23 7 8 12 28 26 
forward frontier
restricted destroy-repair dd compilation
restricted dd compilation - suffixes
running dd lns mip
num vars: 6267
obj from lns: 777
[loc arcIndex] route: 2 0 14 1 15 2 11 3 24 4 19 5 1 6 3 7 -3 1302 
[loc arcIndex] route: 10 8 27 9 20 10 -4 1318 
[loc arcIndex] route: 16 11 18 12 21 13 4 70 29 15 22 16 -4 1346 
[loc arcIndex] route: 25 17 5 18 6 19 9 20 17 21 13 421 23 23 -2 1376 
[loc arcIndex] route: 30 24 7 47 8 98 12 27 28 28 26 29 -2 1403 
DD random seed:3672658251
running lns dd
destroy phase
prefix: 0 2 14 15 
suffix: 0 
prefix: 0 
suffix: 0 
prefix: 0 
suffix: 22 0 
prefix: 0 25 
suffix: 23 0 
prefix: 0 30 
suffix: 0 
11 24 19 1 3 10 27 20 16 18 21 4 29 5 6 9 17 13 7 8 12 28 26 
forward frontier
restricted destroy-repair dd compilation
restricted dd compilation - suffixes
running dd lns mip
num vars: 18943
obj from lns: 777
[loc arcIndex] route: 2 0 14 1 15 2 11 178 24 4 19 652 1 6 3 7 -1 4124 
[loc arcIndex] route: 10 8 27 30 20 10 -1 4137 
[loc arcIndex] route: 16 11 18 51 21 13 4 14 29 398 22 16 -5 4170 
[loc arcIndex] route: 25 17 5 18 6 88 9 20 17 21 13 22 -4 4199 
[loc arcIndex] route: 30 24 7 25 8 26 12 452 28 28 26 29 -1 4229 
DD random seed:337643048
running lns dd
destroy phase
prefix: 0 2 14 15 
suffix: 0 
prefix: 0 
suffix: 0 
prefix: 0 
suffix: 22 0 
prefix: 0 25 5 
suffix: 0 
prefix: 0 
suffix: 26 0 
11 24 19 1 3 10 27 20 16 18 21 4 29 6 9 17 13 23 30 7 8 12 28 
forward frontier
restricted destroy-repair dd compilation
restricted dd compilation - suffixes
running dd lns mip
num vars: 9524
obj from lns: 777
[loc arcIndex] route: 2 0 14 1 15 2 11 3 24 265 19 670 1 6 3 7 -4 1958 
[loc arcIndex] route: 10 8 27 30 20 75 -1 1969 
[loc arcIndex] route: 16 11 18 44 21 13 4 14 29 15 22 16 -4 2001 
[loc arcIndex] route: 25 17 5 18 6 19 9 169 17 21 13 22 23 23 -1 2031 
[loc arcIndex] route: 30 24 7 50 8 26 12 533 28 28 26 29 -1 2059 
updated increasing parameter: 6
DD random seed:695354341
running lns dd
destroy phase
prefix: 0 2 14 
suffix: 0 
prefix: 0 
suffix: 0 
prefix: 0 
suffix: 0 
prefix: 0 
suffix: 23 0 
prefix: 0 
suffix: 0 
15 11 24 19 1 3 10 27 20 16 18 21 4 29 22 25 5 6 9 17 13 30 7 8 12 28 26 
forward frontier
restricted destroy-repair dd compilation
restricted dd compilation - suffixes
running dd lns mip
num vars: 33976
obj from lns: 777
[loc arcIndex] route: 2 0 14 1 15 37 11 3 24 4 19 5 1 6 3 7 -5 6676 
[loc arcIndex] route: 10 8 27 30 20 10 -2 6688 
[loc arcIndex] route: 16 11 18 12 21 13 4 14 29 15 22 1537 -1 6717 
[loc arcIndex] route: 25 17 5 18 6 19 9 20 17 604 13 22 23 23 -1 6752 
[loc arcIndex] route: 30 24 7 25 8 26 12 678 28 2121 26 29 -1 6781 
DD random seed:2283821446
running lns dd
destroy phase
prefix: 0 2 
suffix: 3 0 
prefix: 0 
suffix: 0 
prefix: 0 
suffix: 0 
prefix: 0 25 
suffix: 0 
prefix: 0 
suffix: 0 
14 15 11 24 19 1 10 27 20 16 18 21 4 29 22 5 6 9 17 13 23 30 7 8 12 28 26 
forward frontier
restricted destroy-repair dd compilation
restricted dd compilation - suffixes
running dd lns mip
num vars: 18023
obj from lns: 777
[loc arcIndex] route: 2 0 14 1 15 39 11 3 24 191 19 5 1 6 3 7 -2 3436 
[loc arcIndex] route: 10 8 27 31 20 74 -5 3454 
[loc arcIndex] route: 16 11 18 12 21 13 4 14 22 402 29 1141 -3 8929 
[loc arcIndex] route: 25 17 5 18 6 19 9 20 17 21 13 22 23 23 -5 3518 
[loc arcIndex] route: 30 24 7 59 8 26 12 27 28 1113 26 29 -3 3545 
DD random seed:3177832449
running lns dd
destroy phase
prefix: 0 2 
suffix: 3 0 
prefix: 0 
suffix: 0 
prefix: 0 
suffix: 0 
prefix: 0 25 
suffix: 0 
prefix: 0 
suffix: 0 
14 15 11 24 19 1 10 27 20 16 18 21 4 29 22 5 6 9 17 13 23 30 7 8 12 28 26 
forward frontier
restricted destroy-repair dd compilation
restricted dd compilation - suffixes
running dd lns mip
num vars: 24084
obj from lns: 777
[loc arcIndex] route: 2 0 14 1 15 47 11 3 24 4 19 5 1 1079 3 7 -2 4518 
[loc arcIndex] route: 10 8 27 9 20 10 -2 4533 
[loc arcIndex] route: 16 11 18 58 21 13 4 14 29 15 22 16 -2 4563 
[loc arcIndex] route: 25 17 5 32 6 19 9 20 17 21 13 22 23 23 -2 4597 
[loc arcIndex] route: 30 24 7 25 8 307 12 27 28 28 26 29 -2 4626 
DD random seed:4160531746
running lns dd
destroy phase
prefix: 0 
suffix: 1 3 0 
prefix: 0 
suffix: 0 
prefix: 0 
suffix: 0 
prefix: 0 
suffix: 23 0 
prefix: 0 
suffix: 0 
2 14 15 11 24 19 10 27 20 16 18 21 4 29 22 25 5 6 9 17 13 30 7 8 12 28 26 
forward frontier
restricted destroy-repair dd compilation
restricted dd compilation - suffixes
running dd lns mip
num vars: 24260
obj from lns: 777
[loc arcIndex] route: 2 0 14 1 15 2 11 3 24 318 19 5 -1 5636 
[loc arcIndex] route: 10 8 27 9 20 97 -2 5658 
[loc arcIndex] route: 16 11 18 59 21 13 4 14 29 583 22 16 -5 5690 
[loc arcIndex] route: 25 17 5 18 6 19 9 20 17 21 13 1658 -4 5717 
[loc arcIndex] route: 30 24 7 75 8 371 12 27 28 28 26 3722 -2 5745 
DD random seed:1041723557
running lns dd
destroy phase
prefix: 0 2 
suffix: 3 0 
prefix: 0 
suffix: 0 
prefix: 0 
suffix: 0 
prefix: 0 
suffix: 23 0 
prefix: 0 
suffix: 0 
14 15 11 24 19 1 10 27 20 16 18 21 4 29 22 25 5 6 9 17 13 30 7 8 12 28 26 
forward frontier
restricted destroy-repair dd compilation
restricted dd compilation - suffixes
running dd lns mip
num vars: 20024
obj from lns: 777
[loc arcIndex] route: 2 0 14 1 15 2 11 183 24 4 19 5 1 6 3 7 -2 4318 
[loc arcIndex] route: 10 8 27 9 20 10 -2 4332 
[loc arcIndex] route: 16 11 18 44 21 13 4 14 29 15 22 1062 -2 4362 
[loc arcIndex] route: 25 17 5 18 6 19 9 20 17 21 13 22 -4 4394 
[loc arcIndex] route: 30 24 7 68 8 26 12 27 28 28 26 2699 -2 4424 
DD random seed:2059660310
running lns dd
destroy phase
prefix: 0 2 14 
suffix: 0 
prefix: 0 
suffix: 0 
prefix: 0 
suffix: 0 
prefix: 0 
suffix: 23 0 
prefix: 0 
suffix: 0 
15 11 24 19 1 3 10 27 20 16 18 21 4 29 22 25 5 6 9 17 13 30 7 8 12 28 26 
forward frontier
restricted destroy-repair dd compilation
restricted dd compilation - suffixes
running dd lns mip
num vars: 6059
obj from lns: 777
[loc arcIndex] route: 2 0 14 1 15 2 11 3 24 4 19 5 1 6 3 1024 -3 1213 
[loc arcIndex] route: 10 8 27 9 20 10 -1 1225 
[loc arcIndex] route: 16 11 18 12 21 13 4 14 29 15 22 16 -5 1259 
[loc arcIndex] route: 25 17 5 18 6 19 9 20 17 21 13 22 23 23 -1 1290 
[loc arcIndex] route: 30 24 7 25 8 26 12 27 28 28 26 29 -1 1319 
DD random seed:2288294558
running lns dd
destroy phase
prefix: 0 
suffix: 1 3 0 
prefix: 0 
suffix: 0 
prefix: 0 
suffix: 0 
prefix: 0 25 
suffix: 0 
prefix: 0 
suffix: 0 
2 14 15 11 24 19 10 27 20 16 18 21 4 29 22 5 6 9 17 13 23 30 7 8 12 28 26 
forward frontier
restricted destroy-repair dd compilation
restricted dd compilation - suffixes
running dd lns mip
num vars: 19520
obj from lns: 777
[loc arcIndex] route: 2 0 14 1 15 44 11 227 24 4 19 5 1 6 3 7 -2 3959 
[loc arcIndex] route: 10 8 27 9 20 10 -2 3974 
[loc arcIndex] route: 16 11 18 12 21 13 4 14 29 435 22 16 -2 4003 
[loc arcIndex] route: 25 17 5 39 6 19 9 20 17 445 13 1155 23 23 -3 4036 
[loc arcIndex] route: 30 24 7 25 8 26 12 27 28 28 26 29 -2 4062 
DD random seed:3226825430
running lns dd
destroy phase
prefix: 0 2 14 
suffix: 0 
prefix: 0 
suffix: 0 
prefix: 0 
suffix: 0 
prefix: 0 25 
suffix: 0 
prefix: 0 
suffix: 0 
15 11 24 19 1 3 10 27 20 16 18 21 4 29 22 5 6 9 17 13 23 30 7 8 12 28 26 
forward frontier
restricted destroy-repair dd compilation
restricted dd compilation - suffixes
running dd lns mip
num vars: 31711
obj from lns: 777
[loc arcIndex] route: 2 0 14 1 15 2 11 3 24 4 19 853 1 1237 3 4933 -5 5560 
[loc arcIndex] route: 10 8 27 9 20 10 -1 5571 
[loc arcIndex] route: 16 11 18 48 21 128 4 14 29 620 22 16 -1 5601 
[loc arcIndex] route: 25 17 5 18 6 19 9 20 17 21 13 22 23 23 -1 5636 
[loc arcIndex] route: 30 24 7 25 8 26 12 27 28 1903 26 29 -2 5667 
DD random seed:145238963
running lns dd
destroy phase
prefix: 0 
suffix: 1 3 0 
prefix: 0 
suffix: 0 
prefix: 0 
suffix: 0 
prefix: 0 
suffix: 23 0 
prefix: 0 
suffix: 0 
2 14 15 11 24 19 10 27 20 16 18 21 4 29 22 25 5 6 9 17 13 30 7 8 12 28 26 
forward frontier
restricted destroy-repair dd compilation
restricted dd compilation - suffixes
running dd lns mip
num vars: 16632
obj from lns: 777
[loc arcIndex] route: 2 0 14 33 15 2 11 149 24 4 19 5 1 6 3 7 -3 3879 
[loc arcIndex] route: 10 8 27 9 20 67 -3 3893 
[loc arcIndex] route: 16 11 18 12 21 13 4 14 29 343 22 16 -2 3921 
[loc arcIndex] route: 25 17 5 18 6 19 9 20 17 21 13 22 -4 3951 
[loc arcIndex] route: 30 24 7 25 8 26 12 27 28 1337 26 29 -2 3979 
DD random seed:986692310
running lns dd
destroy phase
prefix: 0 2 
suffix: 3 0 
prefix: 0 
suffix: 0 
prefix: 0 
suffix: 0 
prefix: 0 
suffix: 23 0 
prefix: 0 
suffix: 0 
14 15 11 24 19 1 10 27 20 16 18 21 4 29 22 25 5 6 9 17 13 30 7 8 12 28 26 
forward frontier
restricted destroy-repair dd compilation
restricted dd compilation - suffixes
running dd lns mip
num vars: 33022
obj from lns: 777
[loc arcIndex] route: 2 0 14 1 15 2 11 352 24 4 19 5 1 1591 -1 7089 
[loc arcIndex] route: 10 8 27 9 20 118 -3 7108 
[loc arcIndex] route: 16 11 18 12 21 13 4 14 29 15 22 1773 -3 7138 
[loc arcIndex] route: 25 17 5 18 6 19 9 20 17 21 13 22 -4 7169 
[loc arcIndex] route: 30 24 7 97 8 26 12 27 28 28 26 29 -2 7199 
updated increasing parameter: 7
DD random seed:2740260510
running lns dd
destroy phase
prefix: 0 2 
suffix: 0 
prefix: 0 
suffix: 0 
prefix: 0 
suffix: 0 
prefix: 0 
suffix: 0 
prefix: 0 
suffix: 0 
14 15 11 24 19 1 3 10 27 20 16 18 21 4 29 22 25 5 6 9 17 13 23 30 7 8 12 28 26 
forward frontier
restricted destroy-repair dd compilation
restricted dd compilation - suffixes
running dd lns mip
num vars: 25775
obj from lns: 777
[loc arcIndex] route: 2 0 14 1 15 2 11 232 24 4 19 701 1 999 3 7 -1 4465 
[loc arcIndex] route: 10 8 27 30 20 10 -5 4484 
[loc arcIndex] route: 16 11 18 12 21 13 4 14 29 15 22 16 -5 4514 
[loc arcIndex] route: 25 17 5 33 6 19 9 20 17 21 13 22 23 23 -1 4545 
[loc arcIndex] route: 30 24 7 25 8 26 12 566 28 28 26 29 -1 4575 
DD random seed:3683217980
running lns dd
destroy phase
prefix: 0 
suffix: 3 0 
prefix: 0 
suffix: 0 
prefix: 0 
suffix: 0 
prefix: 0 
suffix: 0 
prefix: 0 
suffix: 0 
2 14 15 11 24 19 1 10 27 20 16 18 21 4 29 22 25 5 6 9 17 13 23 30 7 8 12 28 26 
forward frontier
restricted destroy-repair dd compilation
restricted dd compilation - suffixes
running dd lns mip
num vars: 49970
obj from lns: 777
[loc arcIndex] route: 2 0 14 1 15 2 11 3 24 4 19 5 1 6 3 7 -2 9547 
[loc arcIndex] route: 10 8 27 9 20 10 -2 9562 
[loc arcIndex] route: 16 11 18 12 21 13 4 14 22 864 29 3141 -2 24488 
[loc arcIndex] route: 25 17 5 18 6 19 9 245 17 21 13 22 23 23 -2 9626 
[loc arcIndex] route: 30 24 7 110 8 26 12 1007 28 28 26 29 -2 9655 
DD random seed:2014908207
running lns dd
destroy phase
prefix: 0 
suffix: 3 0 
prefix: 0 
suffix: 0 
prefix: 0 
suffix: 0 
prefix: 0 
suffix: 0 
prefix: 0 
suffix: 0 
2 14 15 11 24 19 1 10 27 20 16 18 21 4 29 22 25 5 6 9 17 13 23 30 7 8 12 28 26 
forward frontier
restricted destroy-repair dd compilation
restricted dd compilation - suffixes
running dd lns mip
num vars: 17392
obj from lns: 777
[loc arcIndex] route: 2 0 14 1 15 2 11 138 24 182 19 5 1 646 -1 3357 
[loc arcIndex] route: 10 8 27 9 20 10 -3 3378 
[loc arcIndex] route: 16 11 18 12 21 13 4 14 29 15 22 16 -2 3407 
[loc arcIndex] route: 25 17 5 18 6 19 9 20 17 21 13 22 23 23 -2 3441 
[loc arcIndex] route: 30 24 7 54 8 26 12 27 28 28 26 29 -2 3470 
DD random seed:2789817998
running lns dd
destroy phase
prefix: 0 2 
suffix: 0 
prefix: 0 
suffix: 0 
prefix: 0 
suffix: 0 
prefix: 0 
suffix: 0 
prefix: 0 
suffix: 0 
14 15 11 24 19 1 3 10 27 20 16 18 21 4 29 22 25 5 6 9 17 13 23 30 7 8 12 28 26 
forward frontier
restricted destroy-repair dd compilation
restricted dd compilation - suffixes
running dd lns mip
num vars: 27947
obj from lns: 777
[loc arcIndex] route: 2 0 14 1 15 2 11 3 24 4 19 5 1 956 3 7 -1 4852 
[loc arcIndex] route: 10 8 27 9 20 10 -1 4867 
[loc arcIndex] route: 16 11 18 12 21 91 22 117 29 488 4 1169 -2 10508 
[loc arcIndex] route: 25 17 5 18 6 19 9 20 17 21 13 22 23 23 -1 4932 
[loc arcIndex] route: 30 24 7 25 8 26 12 27 28 28 26 29 -1 4962 
DD random seed:3805707477
running lns dd
destroy phase
prefix: 0 
suffix: 3 0 
prefix: 0 
suffix: 0 
prefix: 0 
suffix: 0 
prefix: 0 
suffix: 0 
prefix: 0 
suffix: 0 
2 14 15 11 24 19 1 10 27 20 16 18 21 4 29 22 25 5 6 9 17 13 23 30 7 8 12 28 26 
forward frontier
restricted destroy-repair dd compilation
restricted dd compilation - suffixes
running dd lns mip
num vars: 18656
obj from lns: 777
[loc arcIndex] route: 2 0 14 1 15 2 11 3 24 4 19 5 1 822 3 7 -2 3550 
[loc arcIndex] route: 10 8 27 34 20 10 -2 3565 
[loc arcIndex] route: 16 11 18 12 21 13 4 14 29 15 22 16 -2 3595 
[loc arcIndex] route: 25 17 5 18 6 19 9 20 17 21 13 22 23 23 -3 3630 
[loc arcIndex] route: 30 24 7 25 8 26 12 456 28 1211 26 2251 -2 3658 
DD random seed:285377516
running lns dd
destroy phase
prefix: 0 2 
suffix: 0 
prefix: 0 
suffix: 0 
prefix: 0 
suffix: 0 
prefix: 0 
suffix: 0 
prefix: 0 
suffix: 0 
14 15 11 24 19 1 3 10 27 20 16 18 21 4 29 22 25 5 6 9 17 13 23 30 7 8 12 28 26 
forward frontier
restricted destroy-repair dd compilation
restricted dd compilation - suffixes
running dd lns mip
num vars: 34490
obj from lns: 777
[loc arcIndex] route: 2 0 14 1 15 2 11 3 24 280 19 5 1 1117 3 7 -1 5980 
[loc arcIndex] route: 10 8 27 9 20 10 -2 5996 
[loc arcIndex] route: 16 11 18 12 21 13 4 14 29 15 22 16 -2 6026 
[loc arcIndex] route: 25 17 5 18 6 19 9 182 17 21 13 22 23 23 -2 6061 
[loc arcIndex] route: 30 24 7 72 8 300 12 640 28 28 26 3499 -1 6090 
DD random seed:1624971784
running lns dd
destroy phase
prefix: 0 2 
suffix: 0 
prefix: 0 
suffix: 0 
prefix: 0 
suffix: 0 
prefix: 0 
suffix: 0 
prefix: 0 
suffix: 0 
14 15 11 24 19 1 3 10 27 20 16 18 21 4 29 22 25 5 6 9 17 13 23 30 7 8 12 28 26 
forward frontier
restricted destroy-repair dd compilation
restricted dd compilation - suffixes
running dd lns mip
num vars: 35331
obj from lns: 777
[loc arcIndex] route: 2 0 14 1 15 2 11 247 24 295 19 764 1 6 3 7 -1 6106 
[loc arcIndex] route: 10 8 27 9 20 10 -1 6121 
[loc arcIndex] route: 16 11 18 12 21 144 4 14 29 15 22 16 -3 6153 
[loc arcIndex] route: 25 17 5 18 6 19 9 179 17 542 13 1441 23 23 -1 6186 
[loc arcIndex] route: 30 24 7 25 8 26 12 27 28 28 26 29 -1 6216 
DD random seed:2940483355
running lns dd
destroy phase
prefix: 0 2 
suffix: 0 
prefix: 0 
suffix: 0 
prefix: 0 
suffix: 0 
prefix: 0 
suffix: 0 
prefix: 0 
suffix: 0 
14 15 11 24 19 1 3 10 27 20 16 18 21 4 29 22 25 5 6 9 17 13 23 30 7 8 12 28 26 
forward frontier
restricted destroy-repair dd compilation
restricted dd compilation - suffixes
running dd lns mip
num vars: 29422
obj from lns: 777
[loc arcIndex] route: 2 0 14 1 15 2 11 247 24 4 19 5 1 6 3 7 -5 5111 
[loc arcIndex] route: 10 8 27 31 20 10 -5 5126 
[loc arcIndex] route: 16 11 18 12 21 140 4 14 29 549 22 16 -2 5153 
[loc arcIndex] route: 25 17 5 33 6 19 9 184 17 551 13 22 23 23 -2 5188 
[loc arcIndex] route: 30 24 7 62 8 26 12 27 28 28 26 29 -5 5221 
DD random seed:4031268119
running lns dd
destroy phase
prefix: 0 
suffix: 3 0 
prefix: 0 
suffix: 0 
prefix: 0 
suffix: 0 
prefix: 0 
suffix: 0 
prefix: 0 
suffix: 0 
2 14 15 11 24 19 1 10 27 20 16 18 21 4 29 22 25 5 6 9 17 13 23 30 7 8 12 28 26 
forward frontier
restricted destroy-repair dd compilation
restricted dd compilation - suffixes
running dd lns mip
num vars: 18305
obj from lns: 777
[loc arcIndex] route: 2 0 14 1 15 33 11 3 24 4 19 5 1 6 3 7 -5 3494 
[loc arcIndex] route: 10 8 27 9 20 70 -3 3507 
[loc arcIndex] route: 16 11 18 12 21 90 4 14 29 15 22 16 -2 3536 
[loc arcIndex] route: 25 17 5 18 6 19 9 95 17 21 13 948 23 23 -2 3570 
[loc arcIndex] route: 30 24 7 25 8 26 12 27 28 1060 26 29 -2 3599 
DD random seed:525609356
running lns dd
destroy phase
prefix: 0 
suffix: 3 0 
prefix: 0 
suffix: 0 
prefix: 0 
suffix: 0 
prefix: 0 
suffix: 0 
prefix: 0 
suffix: 0 
2 14 15 11 24 19 1 10 27 20 16 18 21 4 29 22 25 5 6 9 17 13 23 30 7 8 12 28 26 
forward frontier
restricted destroy-repair dd compilation
restricted dd compilation - suffixes
running dd lns mip
num vars: 21036
obj from lns: 777
[loc arcIndex] route: 2 0 14 1 15 59 11 243 24 4 19 5 1 6 3 7 -2 3979 
[loc arcIndex] route: 10 8 27 9 20 10 -2 3994 
[loc arcIndex] route: 16 11 18 12 21 165 4 14 29 15 22 16 -4 4026 
[loc arcIndex] route: 25 17 5 18 6 19 9 20 17 475 13 22 23 23 -2 4058 
[loc arcIndex] route: 30 24 7 86 8 26 12 502 28 1308 26 29 -2 4087 
updated increasing parameter: 8
DD random seed:1444899918
running lns dd
destroy phase
prefix: 0 
suffix: 0 
prefix: 0 
suffix: 0 
prefix: 0 
suffix: 0 
prefix: 0 
suffix: 0 
prefix: 0 
suffix: 0 
2 14 15 11 24 19 1 3 10 27 20 16 18 21 4 29 22 25 5 6 9 17 13 23 30 7 8 12 28 26 
forward frontier
restricted destroy-repair dd compilation
restricted dd compilation - suffixes
running dd lns mip
num vars: 14360
obj from lns: 777
[loc arcIndex] route: 2 0 14 1 15 2 11 134 24 4 19 5 1 6 3 7 -3 2517 
[loc arcIndex] route: 10 8 27 9 20 10 -3 2532 
[loc arcIndex] route: 16 11 18 12 21 13 4 14 29 15 22 16 -2 2561 
[loc arcIndex] route: 25 17 5 18 6 19 9 20 17 21 13 752 23 23 -1 2595 
[loc arcIndex] route: 30 24 7 56 8 26 12 317 28 28 26 29 -1 2625 
DD random seed:1945931972
running lns dd
destroy phase
prefix: 0 
suffix: 0 
prefix: 0 
suffix: 0 
prefix: 0 
suffix: 0 
prefix: 0 
suffix: 0 
prefix: 0 
suffix: 0 
2 14 15 11 24 19 1 3 10 27 20 16 18 21 4 29 22 25 5 6 9 17 13 23 30 7 8 12 28 26 
forward frontier
restricted destroy-repair dd compilation
restricted dd compilation - suffixes
running dd lns mip
num vars: 9017
obj from lns: 777
[loc arcIndex] route: 2 0 14 1 15 2 11 97 24 4 19 5 1 418 3 7 -1 1592 
[loc arcIndex] route: 10 8 27 9 20 10 -1 1607 
[loc arcIndex] route: 16 11 18 12 21 13 4 14 29 15 22 16 -4 1640 
[loc arcIndex] route: 25 17 5 18 6 19 9 20 17 21 13 473 23 23 -4 1675 
[loc arcIndex] route: 30 24 7 46 8 26 12 27 28 28 26 29 -1 1702 
DD random seed:2267692532
running lns dd
destroy phase
prefix: 0 
suffix: 0 
prefix: 0 
suffix: 0 
prefix: 0 
suffix: 0 
prefix: 0 
suffix: 0 
prefix: 0 
suffix: 0 
2 14 15 11 24 19 1 3 10 27 20 16 18 21 4 29 22 25 5 6 9 17 13 23 30 7 8 12 28 26 
forward frontier
restricted destroy-repair dd compilation
restricted dd compilation - suffixes
running dd lns mip
num vars: 12514
obj from lns: 777
[loc arcIndex] route: 2 0 14 1 15 2 11 3 24 4 19 5 1 464 3 7 -2 2175 
[loc arcIndex] route: 10 8 27 9 20 10 -2 2190 
[loc arcIndex] route: 16 11 18 12 21 13 4 14 29 15 22 16 -1 2219 
[loc arcIndex] route: 25 17 5 18 6 19 9 20 17 21 13 599 23 23 -1 2254 
[loc arcIndex] route: 30 24 7 36 8 140 12 27 28 672 26 29 -2 2285 
DD random seed:2721687501
running lns dd
destroy phase
prefix: 0 
suffix: 0 
prefix: 0 
suffix: 0 
prefix: 0 
suffix: 0 
prefix: 0 
suffix: 0 
prefix: 0 
suffix: 0 
2 14 15 11 24 19 1 3 10 27 20 16 18 21 4 29 22 25 5 6 9 17 13 23 30 7 8 12 28 26 
forward frontier
restricted destroy-repair dd compilation
restricted dd compilation - suffixes
running dd lns mip
num vars: 21196
obj from lns: 777
[loc arcIndex] route: 2 0 14 1 15 2 11 254 24 4 19 5 1 6 3 7 -2 3707 
[loc arcIndex] route: 10 8 27 45 20 10 -4 3724 
[loc arcIndex] route: 16 11 18 76 21 13 4 14 29 15 22 16 -1 3751 
[loc arcIndex] route: 25 17 5 18 6 19 9 20 17 21 13 22 23 23 -3 3788 
[loc arcIndex] route: 30 24 7 25 8 299 12 526 28 28 26 29 -3 3818 
DD random seed:3514711615
running lns dd
destroy phase
prefix: 0 
suffix: 0 
prefix: 0 
suffix: 0 
prefix: 0 
suffix: 0 
prefix: 0 
suffix: 0 
prefix: 0 
suffix: 0 
2 14 15 11 24 19 1 3 10 27 20 16 18 21 4 29 22 25 5 6 9 17 13 23 30 7 8 12 28 26 
forward frontier
restricted destroy-repair dd compilation
restricted dd compilation - suffixes
running dd lns mip
num vars: 8183
obj from lns: 777
[loc arcIndex] route: 2 0 14 1 15 2 11 3 24 4 19 5 1 6 3 7 -1 1443 
[loc arcIndex] route: 10 8 27 9 20 10 -1 1458 
[loc arcIndex] route: 16 11 18 12 21 13 4 14 29 15 22 16 -4 1491 
[loc arcIndex] route: 25 17 5 18 6 19 9 20 17 21 13 22 23 23 -4 1526 
[loc arcIndex] route: 30 24 7 25 8 26 12 221 28 28 26 29 -1 1553 
DD random seed:3781533898
running lns dd
destroy phase
prefix: 0 
suffix: 0 
prefix: 0 
suffix: 0 
prefix: 0 
suffix: 0 
prefix: 0 
suffix: 0 
prefix: 0 
suffix: 0 
2 14 15 11 24 19 1 3 10 27 20 16 18 21 4 29 22 25 5 6 9 17 13 23 30 7 8 12 28 26 
forward frontier
restricted destroy-repair dd compilation
restricted dd compilation - suffixes
running dd lns mip
num vars: 57362
obj from lns: 777
[loc arcIndex] route: 2 0 14 1 15 2 11 3 24 4 19 5 1 6 3 7 -3 9884 
[loc arcIndex] route: 10 8 27 30 20 10 -5 9901 
[loc arcIndex] route: 16 11 18 72 21 13 4 14 29 1062 22 2507 -3 9929 
[loc arcIndex] route: 25 17 5 18 6 19 9 20 17 21 13 2812 23 7155 -1 9962 
[loc arcIndex] route: 30 24 7 25 8 26 12 27 28 28 26 29 -1 9992 
DD random seed:1776166859
running lns dd
destroy phase
prefix: 0 
suffix: 0 
prefix: 0 
suffix: 0 
prefix: 0 
suffix: 0 
prefix: 0 
suffix: 0 
prefix: 0 
suffix: 0 
2 14 15 11 24 19 1 3 10 27 20 16 18 21 4 29 22 25 5 6 9 17 13 23 30 7 8 12 28 26 
forward frontier
restricted destroy-repair dd compilation
restricted dd compilation - suffixes
running dd lns mip
num vars: 29442
obj from lns: 777
[loc arcIndex] route: 2 0 14 1 15 2 11 3 24 4 19 672 1 6 3 7 -2 5098 
[loc arcIndex] route: 10 8 27 34 20 10 -2 5113 
[loc arcIndex] route: 16 11 18 12 21 13 4 14 29 15 22 16 -1 5142 
[loc arcIndex] route: 25 17 5 18 6 19 9 20 17 500 13 1413 23 23 -1 5177 
[loc arcIndex] route: 30 24 7 25 8 285 12 27 28 28 26 2909 -2 5208 
DD random seed:2893743436
running lns dd
destroy phase
prefix: 0 
suffix: 0 
prefix: 0 
suffix: 0 
prefix: 0 
suffix: 0 
prefix: 0 
suffix: 0 
prefix: 0 
suffix: 0 
2 14 15 11 24 19 1 3 10 27 20 16 18 21 4 29 22 25 5 6 9 17 13 23 30 7 8 12 28 26 
forward frontier
restricted destroy-repair dd compilation
restricted dd compilation - suffixes
running dd lns mip
num vars: 11901
obj from lns: 777
[loc arcIndex] route: 2 0 14 1 15 2 11 3 24 4 19 362 1 461 3 7 -5 2095 
[loc arcIndex] route: 10 8 27 9 20 10 -5 2110 
[loc arcIndex] route: 16 11 18 12 21 13 4 14 29 244 22 505 -1 2136 
[loc arcIndex] route: 25 17 5 39 6 19 9 82 17 21 13 22 23 23 -1 2171 
[loc arcIndex] route: 30 24 7 25 8 26 12 284 28 28 26 29 -5 2205 
DD random seed:3345276278
running lns dd
destroy phase
prefix: 0 
suffix: 0 
prefix: 0 
suffix: 0 
prefix: 0 
suffix: 0 
prefix: 0 
suffix: 0 
prefix: 0 
suffix: 0 
2 14 15 11 24 19 1 3 10 27 20 16 18 21 4 29 22 25 5 6 9 17 13 23 30 7 8 12 28 26 
forward frontier
restricted destroy-repair dd compilation
restricted dd compilation - suffixes
running dd lns mip
num vars: 31803
obj from lns: 777
[loc arcIndex] route: 2 0 14 1 15 2 11 3 24 4 19 740 1 6 3 7 -1 5498 
[loc arcIndex] route: 10 8 27 9 20 10 -1 5513 
[loc arcIndex] route: 16 11 18 12 21 13 4 14 29 512 22 1228 -1 5543 
[loc arcIndex] route: 25 17 5 18 6 19 9 20 17 21 13 22 23 23 -5 5582 
[loc arcIndex] route: 30 24 7 25 8 26 12 27 28 28 26 29 -5 5612 
DD random seed:255378625
running lns dd
destroy phase
prefix: 0 
suffix: 0 
prefix: 0 
suffix: 0 
prefix: 0 
suffix: 0 
prefix: 0 
suffix: 0 
prefix: 0 
suffix: 0 
2 14 15 11 24 19 1 3 10 27 20 16 18 21 4 29 22 25 5 6 9 17 13 23 30 7 8 12 28 26 
forward frontier
restricted destroy-repair dd compilation
restricted dd compilation - suffixes
running dd lns mip
num vars: 24168
obj from lns: 777
[loc arcIndex] route: 2 0 14 1 15 2 11 210 24 4 19 5 1 852 3 7 -1 4238 
[loc arcIndex] route: 10 8 27 32 20 59 -1 4253 
[loc arcIndex] route: 16 11 18 45 21 13 4 14 29 427 22 16 -1 4283 
[loc arcIndex] route: 25 17 5 18 6 19 9 143 17 21 13 22 23 23 -1 4318 
[loc arcIndex] route: 30 24 7 25 8 249 12 475 28 28 26 29 -2 4349 
updated increasing parameter: 9
DD random seed:1182547632
running lns dd
destroy phase
prefix: 0 
suffix: 0 
prefix: 0 
suffix: 0 
prefix: 0 
suffix: 0 
prefix: 0 
suffix: 0 
prefix: 0 
suffix: 0 
2 14 15 11 24 19 1 3 10 27 20 16 18 21 4 29 22 25 5 6 9 17 13 23 30 7 8 12 28 26 
forward frontier
restricted destroy-repair dd compilation
restricted dd compilation - suffixes
running dd lns mip
num vars: 37055
obj from lns: 777
[loc arcIndex] route: 2 0 14 1 15 2 11 336 24 4 19 5 1 6 3 7 -2 6416 
[loc arcIndex] route: 10 8 27 32 20 10 -3 6432 
[loc arcIndex] route: 16 11 18 12 21 13 4 14 29 15 22 16 -1 6460 
[loc arcIndex] route: 25 17 5 18 6 19 9 256 17 21 13 1915 23 23 -1 6495 
[loc arcIndex] route: 30 24 7 25 8 26 12 27 28 28 26 29 -3 6527 
DD random seed:2621223203
running lns dd
destroy phase
prefix: 0 
suffix: 0 
prefix: 0 
suffix: 0 
prefix: 0 
suffix: 0 
prefix: 0 
suffix: 0 
prefix: 0 
suffix: 0 
2 14 15 11 24 19 1 3 10 27 20 16 18 21 4 29 22 25 5 6 9 17 13 23 30 7 8 12 28 26 
forward frontier
restricted destroy-repair dd compilation
restricted dd compilation - suffixes
running dd lns mip
num vars: 21335
obj from lns: 777
[loc arcIndex] route: 2 0 14 1 15 2 11 3 24 300 19 5 1 6 3 7 -1 3700 
[loc arcIndex] route: 10 8 27 9 20 10 -1 3715 
[loc arcIndex] route: 16 11 18 12 21 13 4 14 29 467 22 16 -1 3745 
[loc arcIndex] route: 25 17 5 18 6 19 9 203 17 21 13 22 23 23 -2 3781 
[loc arcIndex] route: 30 24 7 25 8 26 12 27 28 28 26 29 -3 3812 
DD random seed:3379990069
running lns dd
destroy phase
prefix: 0 
suffix: 0 
prefix: 0 
suffix: 0 
prefix: 0 
suffix: 0 
prefix: 0 
suffix: 0 
prefix: 0 
suffix: 0 
2 14 15 11 24 19 1 3 10 27 20 16 18 21 4 29 22 25 5 6 9 17 13 23 30 7 8 12 28 26 
forward frontier
restricted destroy-repair dd compilation
restricted dd compilation - suffixes
running dd lns mip
num vars: 45840
obj from lns: 777
[loc arcIndex] route: 2 0 14 1 15 2 11 3 24 4 19 5 1 6 3 7 -1 7945 
[loc arcIndex] route: 10 8 27 9 20 10 -1 7960 
[loc arcIndex] route: 16 11 18 77 21 13 4 14 29 15 22 1993 -5 7994 
[loc arcIndex] route: 25 17 5 50 6 19 9 20 17 21 13 22 23 23 -4 8028 
[loc arcIndex] route: 30 24 7 119 8 26 12 27 28 28 26 29 -1 8055 
DD random seed:962223703
running lns dd
destroy phase
prefix: 0 
suffix: 0 
prefix: 0 
suffix: 0 
prefix: 0 
suffix: 0 
prefix: 0 
suffix: 0 
prefix: 0 
suffix: 0 
2 14 15 11 24 19 1 3 10 27 20 16 18 21 4 29 22 25 5 6 9 17 13 23 30 7 8 12 28 26 
forward frontier
restricted destroy-repair dd compilation
restricted dd compilation - suffixes
running dd lns mip
num vars: 13729
obj from lns: 777
[loc arcIndex] route: 2 0 14 1 15 2 11 3 24 4 19 5 1 6 3 7 -1 2399 
[loc arcIndex] route: 10 8 27 9 20 10 -2 2415 
[loc arcIndex] route: 16 11 18 12 21 13 4 14 29 15 22 489 -2 2445 
[loc arcIndex] route: 25 17 5 36 6 19 9 20 17 21 13 22 23 1536 -3 2481 
[loc arcIndex] route: 30 24 7 50 8 26 12 27 28 28 26 29 -1 2509 
DD random seed:1456215923
running lns dd
destroy phase
prefix: 0 
suffix: 0 
prefix: 0 
suffix: 0 
prefix: 0 
suffix: 0 
prefix: 0 
suffix: 0 
prefix: 0 
suffix: 0 
2 14 15 11 24 19 1 3 10 27 20 16 18 21 4 29 22 25 5 6 9 17 13 23 30 7 8 12 28 26 
forward frontier
restricted destroy-repair dd compilation
restricted dd compilation - suffixes
running dd lns mip
num vars: 12400
obj from lns: 777
[loc arcIndex] route: 2 0 14 1 15 2 11 3 24 4 19 362 1 6 3 7 -5 2189 
[loc arcIndex] route: 10 8 27 9 20 10 -5 2204 
[loc arcIndex] route: 16 11 18 33 21 77 4 14 29 15 22 558 -1 2230 
[loc arcIndex] route: 25 17 5 18 6 19 9 20 17 21 13 22 23 23 -1 2265 
[loc arcIndex] route: 30 24 7 25 8 26 12 27 28 28 26 1279 -5 2299 
DD random seed:1936422387
running lns dd
destroy phase
prefix: 0 
suffix: 0 
prefix: 0 
suffix: 0 
prefix: 0 
suffix: 0 
prefix: 0 
suffix: 0 
prefix: 0 
suffix: 0 
2 14 15 11 24 19 1 3 10 27 20 16 18 21 4 29 22 25 5 6 9 17 13 23 30 7 8 12 28 26 
forward frontier
restricted destroy-repair dd compilation
restricted dd compilation - suffixes
running dd lns mip
num vars: 19578
obj from lns: 777
[loc arcIndex] route: 2 0 14 1 15 2 11 3 24 4 19 508 1 6 3 7 -1 3413 
[loc arcIndex] route: 10 8 27 9 20 10 -1 3428 
[loc arcIndex] route: 16 11 18 12 21 13 4 14 29 15 22 16 -1 3458 
[loc arcIndex] route: 25 17 5 18 6 19 9 20 17 21 13 22 23 23 -1 3493 
[loc arcIndex] route: 30 24 7 25 8 26 12 27 28 28 26 2122 -1 3523 
DD random seed:2669110077
running lns dd
destroy phase
prefix: 0 
suffix: 0 
prefix: 0 
suffix: 0 
prefix: 0 
suffix: 0 
prefix: 0 
suffix: 0 
prefix: 0 
suffix: 0 
2 14 15 11 24 19 1 3 10 27 20 16 18 21 4 29 22 25 5 6 9 17 13 23 30 7 8 12 28 26 
forward frontier
restricted destroy-repair dd compilation
restricted dd compilation - suffixes
running dd lns mip
num vars: 9515
obj from lns: 777
[loc arcIndex] route: 2 0 14 1 15 2 11 56 24 4 19 5 1 295 3 7 -3 1682 
[loc arcIndex] route: 10 8 27 9 20 10 -5 1699 
[loc arcIndex] route: 16 11 18 12 21 13 4 44 29 15 22 16 -4 1728 
[loc arcIndex] route: 25 17 5 31 6 19 9 48 17 21 13 426 23 23 -1 1760 
[loc arcIndex] route: 30 24 7 32 8 26 12 170 28 28 26 887 -1 1790 
DD random seed:2991951314
running lns dd
destroy phase
prefix: 0 
suffix: 0 
prefix: 0 
suffix: 0 
prefix: 0 
suffix: 0 
prefix: 0 
suffix: 0 
prefix: 0 
suffix: 0 
2 14 15 11 24 19 1 3 10 27 20 16 18 21 4 29 22 25 5 6 9 17 13 23 30 7 8 12 28 26 
forward frontier
restricted destroy-repair dd compilation
restricted dd compilation - suffixes
running dd lns mip
num vars: 9070
obj from lns: 777
[loc arcIndex] route: 2 0 14 1 15 2 11 3 24 4 19 212 1 300 3 7 -1 1595 
[loc arcIndex] route: 10 8 27 9 20 10 -1 1610 
[loc arcIndex] route: 16 11 18 12 21 13 4 14 29 15 22 16 -1 1640 
[loc arcIndex] route: 25 17 5 18 6 19 9 20 17 21 13 22 23 23 -2 1676 
[loc arcIndex] route: 30 24 7 40 8 26 12 27 28 438 26 29 -2 1706 
DD random seed:3310735047
running lns dd
destroy phase
prefix: 0 
suffix: 0 
prefix: 0 
suffix: 0 
prefix: 0 
suffix: 0 
prefix: 0 
suffix: 0 
prefix: 0 
suffix: 0 
2 14 15 11 24 19 1 3 10 27 20 16 18 21 4 29 22 25 5 6 9 17 13 23 30 7 8 12 28 26 
forward frontier
restricted destroy-repair dd compilation
restricted dd compilation - suffixes
running dd lns mip
num vars: 13882
obj from lns: 777
[loc arcIndex] route: 2 0 14 1 15 2 11 3 24 4 19 5 1 6 3 7 -2 2418 
[loc arcIndex] route: 10 8 27 9 20 10 -3 2434 
[loc arcIndex] route: 16 11 18 12 21 62 4 14 29 15 22 16 -2 2463 
[loc arcIndex] route: 25 17 5 18 6 19 9 20 17 21 13 22 23 23 -3 2499 
[loc arcIndex] route: 30 24 7 41 8 26 12 216 28 729 26 29 -2 2528 
DD random seed:3828576814
running lns dd
destroy phase
prefix: 0 
suffix: 0 
prefix: 0 
suffix: 0 
prefix: 0 
suffix: 0 
prefix: 0 
suffix: 0 
prefix: 0 
suffix: 0 
2 14 15 11 24 19 1 3 10 27 20 16 18 21 4 29 22 25 5 6 9 17 13 23 30 7 8 12 28 26 
forward frontier
restricted destroy-repair dd compilation
restricted dd compilation - suffixes
running dd lns mip
num vars: 20258
obj from lns: 777
[loc arcIndex] route: 2 0 14 1 15 2 11 3 24 4 19 5 1 723 3 7 -3 3535 
[loc arcIndex] route: 10 8 27 34 20 10 -1 3548 
[loc arcIndex] route: 16 11 18 12 21 13 4 14 29 15 22 16 -1 3578 
[loc arcIndex] route: 25 17 5 18 6 19 9 20 17 331 13 858 23 23 -5 3617 
[loc arcIndex] route: 30 24 7 54 8 26 12 405 28 28 26 29 -5 3647 
updated increasing parameter: 10
DD random seed:289755953
running lns dd
destroy phase
prefix: 0 
suffix: 0 
prefix: 0 
suffix: 0 
prefix: 0 
suffix: 0 
prefix: 0 
suffix: 0 
prefix: 0 
suffix: 0 
2 14 15 11 24 19 1 3 10 27 20 16 18 21 4 29 22 25 5 6 9 17 13 23 30 7 8 12 28 26 
forward frontier
restricted destroy-repair dd compilation
restricted dd compilation - suffixes
running dd lns mip
num vars: 25923
obj from lns: 777
[loc arcIndex] route: 2 0 14 1 15 2 11 164 24 4 19 568 1 6 3 7 -1 4488 
[loc arcIndex] route: 10 8 27 9 20 10 -3 4505 
[loc arcIndex] route: 16 11 18 12 21 13 4 14 29 15 22 16 -1 4533 
[loc arcIndex] route: 25 17 5 18 6 19 9 20 13 393 17 1199 23 3163 -1 4568 
[loc arcIndex] route: 30 24 7 25 8 26 12 27 28 28 26 29 -1 4598 
DD random seed:1296585625
running lns dd
destroy phase
prefix: 0 
suffix: 0 
prefix: 0 
suffix: 0 
prefix: 0 
suffix: 0 
prefix: 0 
suffix: 0 
prefix: 0 
suffix: 0 
2 14 15 11 24 19 1 3 10 27 20 16 18 21 4 29 22 25 5 6 9 17 13 23 30 7 8 12 28 26 
forward frontier
restricted destroy-repair dd compilation
restricted dd compilation - suffixes
running dd lns mip
num vars: 9042
obj from lns: 777
[loc arcIndex] route: 2 0 14 1 15 43 11 109 24 4 19 5 1 6 3 7 -5 1606 
[loc arcIndex] route: 10 8 27 9 20 10 -1 1617 
[loc arcIndex] route: 16 11 18 44 21 13 4 14 29 202 22 415 -2 1648 
[loc arcIndex] route: 25 17 5 37 6 19 9 91 17 21 13 22 23 23 -2 1683 
[loc arcIndex] route: 30 24 7 47 8 26 12 232 28 28 26 29 -5 1716 
DD random seed:1615924464
running lns dd
destroy phase
prefix: 0 
suffix: 0 
prefix: 0 
suffix: 0 
prefix: 0 
suffix: 0 
prefix: 0 
suffix: 0 
prefix: 0 
suffix: 0 
2 14 15 11 24 19 1 3 10 27 20 16 18 21 4 29 22 25 5 6 9 17 13 23 30 7 8 12 28 26 
forward frontier
restricted destroy-repair dd compilation
restricted dd compilation - suffixes
running dd lns mip
num vars: 7857
obj from lns: 777
[loc arcIndex] route: 2 0 14 1 15 2 11 70 24 4 19 5 1 6 3 7 -1 1392 
[loc arcIndex] route: 10 8 27 9 20 10 -4 1410 
[loc arcIndex] route: 16 11 18 12 21 13 4 14 29 15 22 16 -1 1437 
[loc arcIndex] route: 25 17 5 18 6 19 9 20 13 158 17 358 23 981 -3 1474 
[loc arcIndex] route: 30 24 7 41 8 26 12 162 28 28 26 834 -1 1502 
DD random seed:1887262171
running lns dd
destroy phase
prefix: 0 
suffix: 0 
prefix: 0 
suffix: 0 
prefix: 0 
suffix: 0 
prefix: 0 
suffix: 0 
prefix: 0 
suffix: 0 
2 14 15 11 24 19 1 3 10 27 20 16 18 21 4 29 22 25 5 6 9 17 13 23 30 7 8 12 28 26 
forward frontier
restricted destroy-repair dd compilation
restricted dd compilation - suffixes
running dd lns mip
num vars: 9305
obj from lns: 777
[loc arcIndex] route: 2 0 14 1 15 2 11 3 24 4 19 5 1 6 3 7 -3 1647 
[loc arcIndex] route: 10 8 27 9 20 10 -3 1662 
[loc arcIndex] route: 16 11 18 12 21 13 4 14 29 15 22 402 -3 1692 
[loc arcIndex] route: 25 17 5 18 6 19 9 64 17 21 13 22 23 23 -1 1725 
[loc arcIndex] route: 30 24 7 25 8 26 12 27 28 28 26 29 -1 1755 
DD random seed:2222532956
running lns dd
destroy phase
prefix: 0 
suffix: 0 
prefix: 0 
suffix: 0 
prefix: 0 
suffix: 0 
prefix: 0 
suffix: 0 
prefix: 0 
suffix: 0 
2 14 15 11 24 19 1 3 10 27 20 16 18 21 4 29 22 25 5 6 9 17 13 23 30 7 8 12 28 26 
forward frontier
restricted destroy-repair dd compilation
restricted dd compilation - suffixes
running dd lns mip
num vars: 18167
obj from lns: 777
[loc arcIndex] route: 2 0 14 1 15 2 11 3 24 4 19 5 1 6 3 7 -1 3147 
[loc arcIndex] route: 10 8 27 9 20 10 -1 3162 
[loc arcIndex] route: 16 11 18 35 21 13 4 14 29 15 22 16 -1 3192 
[loc arcIndex] route: 25 17 5 18 6 19 9 20 17 21 13 758 23 2136 -1 3227 
[loc arcIndex] route: 30 24 7 54 8 26 12 27 28 28 26 1739 -1 3257 
DD random seed:2881500157
running lns dd
destroy phase
prefix: 0 
suffix: 0 
prefix: 0 
suffix: 0 
prefix: 0 
suffix: 0 
prefix: 0 
suffix: 0 
prefix: 0 
suffix: 0 
2 14 15 11 24 19 1 3 10 27 20 16 18 21 4 29 22 25 5 6 9 17 13 23 30 7 8 12 28 26 
forward frontier
restricted destroy-repair dd compilation
restricted dd compilation - suffixes
running dd lns mip
num vars: 8465
obj from lns: 777
[loc arcIndex] route: 2 0 14 1 15 39 11 116 24 4 19 5 1 6 3 7 -2 1496 
[loc arcIndex] route: 10 8 27 9 20 59 -2 1511 
[loc arcIndex] route: 16 11 18 12 21 89 4 14 29 194 22 16 -2 1541 
[loc arcIndex] route: 25 17 5 30 6 19 9 20 17 201 13 393 23 23 -2 1576 
[loc arcIndex] route: 30 24 7 40 8 26 12 27 28 524 26 29 -1 1605 
DD random seed:3173268446
running lns dd
destroy phase
prefix: 0 
suffix: 0 
prefix: 0 
suffix: 0 
prefix: 0 
suffix: 0 
prefix: 0 
suffix: 0 
prefix: 0 
suffix: 0 
2 14 15 11 24 19 1 3 10 27 20 16 18 21 4 29 22 25 5 6 9 17 13 23 30 7 8 12 28 26 
forward frontier
restricted destroy-repair dd compilation
restricted dd compilation - suffixes
running dd lns mip
num vars: 22385
obj from lns: 777
[loc arcIndex] route: 2 0 14 1 15 2 11 3 24 225 19 5 1 6 3 3361 -1 3905 
[loc arcIndex] route: 10 8 27 9 20 10 -1 3920 
[loc arcIndex] route: 16 11 18 12 21 13 4 14 22 418 29 1152 -3 9352 
[loc arcIndex] route: 25 17 5 18 6 19 9 20 17 425 13 975 23 23 -1 3985 
[loc arcIndex] route: 30 24 7 25 8 26 12 27 28 28 26 29 -3 4017 
DD random seed:3996234974
running lns dd
destroy phase
prefix: 0 
suffix: 0 
prefix: 0 
suffix: 0 
prefix: 0 
suffix: 0 
prefix: 0 
suffix: 0 
prefix: 0 
suffix: 0 
2 14 15 11 24 19 1 3 10 27 20 16 18 21 4 29 22 25 5 6 9 17 13 23 30 7 8 12 28 26 
forward frontier
restricted destroy-repair dd compilation
restricted dd compilation - suffixes
running dd lns mip
num vars: 13837
obj from lns: 777
[loc arcIndex] route: 2 0 14 1 15 2 11 3 24 4 19 442 1 579 3 7 -5 2446 
[loc arcIndex] route: 10 8 27 9 20 10 -4 2460 
[loc arcIndex] route: 16 11 18 12 21 13 4 14 29 276 22 16 -4 2490 
[loc arcIndex] route: 25 17 5 18 6 19 9 20 17 21 13 22 23 23 -1 2522 
[loc arcIndex] route: 30 24 7 45 8 26 12 27 28 28 26 29 -4 2555 
DD random seed:173468262
running lns dd
destroy phase
prefix: 0 
suffix: 0 
prefix: 0 
suffix: 0 
prefix: 0 
suffix: 0 
prefix: 0 
suffix: 0 
prefix: 0 
suffix: 0 
2 14 15 11 24 19 1 3 10 27 20 16 18 21 4 29 22 25 5 6 9 17 13 23 30 7 8 12 28 26 
forward frontier
restricted destroy-repair dd compilation
restricted dd compilation - suffixes
running dd lns mip
num vars: 35618
obj from lns: 777
[loc arcIndex] route: 2 0 14 1 15 2 11 3 24 4 19 5 1 6 3 7 -1 6143 
[loc arcIndex] route: 10 8 27 9 20 10 -1 6158 
[loc arcIndex] route: 16 11 18 12 21 13 4 14 29 465 22 16 -1 6188 
[loc arcIndex] route: 25 17 5 18 6 19 9 124 17 21 13 22 23 4205 -1 6223 
[loc arcIndex] route: 30 24 7 45 8 26 12 27 28 28 26 29 -1 6253 
DD random seed:1562143256
running lns dd
destroy phase
prefix: 0 
suffix: 0 
prefix: 0 
suffix: 0 
prefix: 0 
suffix: 0 
prefix: 0 
suffix: 0 
prefix: 0 
suffix: 0 
2 14 15 11 24 19 1 3 10 27 20 16 18 21 4 29 22 25 5 6 9 17 13 23 30 7 8 12 28 26 
forward frontier
restricted destroy-repair dd compilation
restricted dd compilation - suffixes
running dd lns mip
num vars: 10695
obj from lns: 777
[loc arcIndex] route: 2 0 14 1 15 2 11 3 24 4 19 5 1 476 3 7 -4 1868 
[loc arcIndex] route: 10 8 27 9 20 10 -4 1883 
[loc arcIndex] route: 16 11 18 12 21 76 4 14 29 15 22 16 -1 1910 
[loc arcIndex] route: 25 17 5 18 6 19 9 20 17 21 13 576 23 23 -2 1946 
[loc arcIndex] route: 30 24 7 25 8 170 12 27 28 28 26 1184 -1 1975 
updated increasing parameter: 11
DD random seed:1903907408
running lns dd
destroy phase
prefix: 0 
suffix: 0 
prefix: 0 
suffix: 0 
prefix: 0 
suffix: 0 
prefix: 0 
suffix: 0 
prefix: 0 
suffix: 0 
2 14 15 11 24 19 1 3 10 27 20 16 18 21 4 29 22 25 5 6 9 17 13 23 30 7 8 12 28 26 
forward frontier
restricted destroy-repair dd compilation
restricted dd compilation - suffixes
running dd lns mip
num vars: 29276
obj from lns: 777
[loc arcIndex] route: 2 0 14 1 15 2 11 3 24 4 19 758 1 1051 3 7 -1 5076 
[loc arcIndex] route: 10 8 27 44 20 78 -2 5092 
[loc arcIndex] route: 16 11 18 68 21 13 4 14 29 554 22 1175 -5 5125 
[loc arcIndex] route: 25 17 5 47 6 19 9 20 17 21 13 1349 23 23 -2 5157 
[loc arcIndex] route: 30 24 7 25 8 330 12 27 28 1651 26 29 -5 5190 
DD random seed:2998532910
running lns dd
destroy phase
prefix: 0 
suffix: 0 
prefix: 0 
suffix: 0 
prefix: 0 
suffix: 0 
prefix: 0 
suffix: 0 
prefix: 0 
suffix: 0 
2 14 15 11 24 19 1 3 10 27 20 16 18 21 4 29 22 25 5 6 9 17 13 23 30 7 8 12 28 26 
forward frontier
restricted destroy-repair dd compilation
restricted dd compilation - suffixes
running dd lns mip
num vars: 14399
obj from lns: 777
[loc arcIndex] route: 2 0 14 1 15 2 11 3 24 4 19 5 1 505 3 7 -3 2546 
[loc arcIndex] route: 10 8 27 31 20 41 -3 2561 
[loc arcIndex] route: 16 11 18 12 21 13 4 14 29 15 22 16 -3 2591 
[loc arcIndex] route: 25 17 5 18 6 19 9 20 17 21 13 22 23 1786 -1 2624 
[loc arcIndex] route: 30 24 7 39 8 26 12 264 28 827 26 29 -1 2654 
DD random seed:3533176510
running lns dd
destroy phase
prefix: 0 
suffix: 0 
prefix: 0 
suffix: 0 
prefix: 0 
suffix: 0 
prefix: 0 
suffix: 0 
prefix: 0 
suffix: 0 
2 14 15 11 24 19 1 3 10 27 20 16 18 21 4 29 22 25 5 6 9 17 13 23 30 7 8 12 28 26 
forward frontier
restricted destroy-repair dd compilation
restricted dd compilation - suffixes
running dd lns mip
num vars: 21158
obj from lns: 777
[loc arcIndex] route: 2 0 14 1 15 2 11 187 24 4 19 546 1 6 3 7 -1 3663 
[loc arcIndex] route: 10 8 27 9 20 10 -1 3678 
[loc arcIndex] route: 16 11 18 12 21 13 4 14 29 15 22 16 -1 3708 
[loc arcIndex] route: 25 17 5 18 6 19 9 20 17 340 13 22 23 23 -1 3743 
[loc arcIndex] route: 30 24 7 25 8 26 12 27 28 28 26 2201 -5 3777 
DD random seed:6946614
running lns dd
destroy phase
prefix: 0 
suffix: 0 
prefix: 0 
suffix: 0 
prefix: 0 
suffix: 0 
prefix: 0 
suffix: 0 
prefix: 0 
suffix: 0 
2 14 15 11 24 19 1 3 10 27 20 16 18 21 4 29 22 25 5 6 9 17 13 23 30 7 8 12 28 26 
forward frontier
restricted destroy-repair dd compilation
restricted dd compilation - suffixes
running dd lns mip
num vars: 18917
obj from lns: 777
[loc arcIndex] route: 2 0 14 1 15 2 11 3 24 4 19 5 1 6 3 7 -1 3327 
[loc arcIndex] route: 10 8 27 9 20 10 -1 3342 
[loc arcIndex] route: 16 11 18 12 21 91 4 14 29 15 22 774 -3 3374 
[loc arcIndex] route: 25 17 5 31 6 19 9 20 17 21 13 922 23 23 -2 3408 
[loc arcIndex] route: 30 24 7 25 8 26 12 27 28 1104 26 29 -3 3439 
DD random seed:689776287
running lns dd
destroy phase
prefix: 0 
suffix: 0 
prefix: 0 
suffix: 0 
prefix: 0 
suffix: 0 
prefix: 0 
suffix: 0 
prefix: 0 
suffix: 0 
2 14 15 11 24 19 1 3 10 27 20 16 18 21 4 29 22 25 5 6 9 17 13 23 30 7 8 12 28 26 
forward frontier
restricted destroy-repair dd compilation
restricted dd compilation - suffixes
running dd lns mip
num vars: 42289
obj from lns: 777
[loc arcIndex] route: 2 0 14 1 15 2 11 3 24 4 19 5 1 6 3 7 -4 7367 
[loc arcIndex] route: 10 8 27 32 20 10 -4 7382 
[loc arcIndex] route: 16 11 18 64 21 13 4 14 29 15 22 16 -4 7412 
[loc arcIndex] route: 25 17 5 36 6 19 9 260 17 21 13 22 23 23 -1 7444 
[loc arcIndex] route: 30 24 7 98 8 26 12 27 28 28 26 29 -1 7474 
DD random seed:2407007355
running lns dd
destroy phase
prefix: 0 
suffix: 0 
prefix: 0 
suffix: 0 
prefix: 0 
suffix: 0 
prefix: 0 
suffix: 0 
prefix: 0 
suffix: 0 
2 14 15 11 24 19 1 3 10 27 20 16 18 21 4 29 22 25 5 6 9 17 13 23 30 7 8 12 28 26 
forward frontier
restricted destroy-repair dd compilation
restricted dd compilation - suffixes
running dd lns mip
num vars: 1226
obj from lns: 777
[loc arcIndex] route: 2 0 14 1 15 2 11 3 24 44 19 5 1 6 3 7 -2 252 
[loc arcIndex] route: 10 8 27 9 20 10 -1 266 
[loc arcIndex] route: 16 11 18 12 21 13 4 14 29 15 22 90 -1 296 
[loc arcIndex] route: 25 17 5 18 6 19 9 20 17 21 13 102 23 23 -4 334 
[loc arcIndex] route: 30 24 7 34 8 26 12 27 28 28 26 29 -4 364 
DD random seed:2446517750
running lns dd
destroy phase
prefix: 0 
suffix: 0 
prefix: 0 
suffix: 0 
prefix: 0 
suffix: 0 
prefix: 0 
suffix: 0 
prefix: 0 
suffix: 0 
2 14 15 11 24 19 1 3 10 27 20 16 18 21 4 29 22 25 5 6 9 17 13 23 30 7 8 12 28 26 
forward frontier
restricted destroy-repair dd compilation
restricted dd compilation - suffixes
running dd lns mip
num vars: 16525
obj from lns: 777
[loc arcIndex] route: 2 0 14 1 15 2 11 124 24 4 19 5 1 6 3 2451 -1 2865 
[loc arcIndex] route: 10 8 27 9 20 10 -1 2880 
[loc arcIndex] route: 16 11 18 12 21 79 4 14 29 15 22 16 -1 2910 
[loc arcIndex] route: 25 17 5 18 6 19 9 98 17 21 13 22 23 23 -3 2947 
[loc arcIndex] route: 30 24 7 43 8 26 12 27 28 28 26 29 -1 2975 
DD random seed:3028562661
running lns dd
destroy phase
prefix: 0 
suffix: 0 
prefix: 0 
suffix: 0 
prefix: 0 
suffix: 0 
prefix: 0 
suffix: 0 
prefix: 0 
suffix: 0 
2 14 15 11 24 19 1 3 10 27 20 16 18 21 4 29 22 25 5 6 9 17 13 23 30 7 8 12 28 26 
forward frontier
restricted destroy-repair dd compilation
restricted dd compilation - suffixes
running dd lns mip
num vars: 40129
obj from lns: 777
[loc arcIndex] route: 2 0 14 1 15 2 11 3 24 407 19 5 1 1552 3 7 -1 6959 
[loc arcIndex] route: 10 8 27 9 20 10 -1 6974 
[loc arcIndex] route: 16 11 18 12 21 13 4 213 22 726 29 2390 -1 18334 
[loc arcIndex] route: 25 17 5 18 6 19 9 20 17 21 13 1960 23 23 -3 7041 
[loc arcIndex] route: 30 24 7 25 8 26 12 27 28 28 26 29 -1 7069 
DD random seed:343270894
running lns dd
destroy phase
prefix: 0 
suffix: 0 
prefix: 0 
suffix: 0 
prefix: 0 
suffix: 0 
prefix: 0 
suffix: 0 
prefix: 0 
suffix: 0 
2 14 15 11 24 19 1 3 10 27 20 16 18 21 4 29 22 25 5 6 9 17 13 23 30 7 8 12 28 26 
forward frontier
restricted destroy-repair dd compilation
restricted dd compilation - suffixes
running dd lns mip
num vars: 31816
obj from lns: 777
[loc arcIndex] route: 2 0 14 1 15 2 11 216 24 251 19 5 1 1041 3 7 -1 5546 
[loc arcIndex] route: 10 8 27 9 20 80 -1 5561 
[loc arcIndex] route: 16 11 18 59 21 13 4 14 29 486 22 1237 -1 5591 
[loc arcIndex] route: 25 17 5 18 6 19 9 171 17 21 13 22 23 23 -2 5627 
[loc arcIndex] route: 30 24 7 25 8 26 12 570 28 28 26 29 -2 5657 
DD random seed:1671668044
running lns dd
destroy phase
prefix: 0 
suffix: 0 
prefix: 0 
suffix: 0 
prefix: 0 
suffix: 0 
prefix: 0 
suffix: 0 
prefix: 0 
suffix: 0 
2 14 15 11 24 19 1 3 10 27 20 16 18 21 4 29 22 25 5 6 9 17 13 23 30 7 8 12 28 26 
forward frontier
restricted destroy-repair dd compilation
restricted dd compilation - suffixes
running dd lns mip
num vars: 39239
obj from lns: 777
[loc arcIndex] route: 2 0 14 1 15 2 11 3 24 398 19 5 1 6 3 7 -1 6849 
[loc arcIndex] route: 10 8 27 34 20 10 -1 6864 
[loc arcIndex] route: 16 11 18 12 21 215 4 266 29 15 22 16 -3 6896 
[loc arcIndex] route: 25 17 5 18 6 19 9 20 17 21 13 2019 23 23 -3 6931 
[loc arcIndex] route: 30 24 7 25 8 26 12 27 28 2405 26 4253 -4 6962 
updated increasing parameter: 12
DD random seed:3120467430
running lns dd
destroy phase
prefix: 0 
suffix: 0 
prefix: 0 
suffix: 0 
prefix: 0 
suffix: 0 
prefix: 0 
suffix: 0 
prefix: 0 
suffix: 0 
2 14 15 11 24 19 1 3 10 27 20 16 18 21 4 29 22 25 5 6 9 17 13 23 30 7 8 12 28 26 
forward frontier
restricted destroy-repair dd compilation
restricted dd compilation - suffixes
running dd lns mip
num vars: 10315
obj from lns: 777
[loc arcIndex] route: 2 0 14 1 15 2 11 3 24 4 19 5 1 385 3 7 -1 1805 
[loc arcIndex] route: 10 8 27 9 20 10 -5 1824 
[loc arcIndex] route: 16 11 18 12 21 67 4 14 29 15 22 16 -1 1850 
[loc arcIndex] route: 25 17 5 18 6 19 9 20 17 191 13 22 23 23 -2 1886 
[loc arcIndex] route: 30 24 7 25 8 26 12 27 28 28 26 1018 -5 1919 
DD random seed:3505189862
running lns dd
destroy phase
prefix: 0 
suffix: 0 
prefix: 0 
suffix: 0 
prefix: 0 
suffix: 0 
prefix: 0 
suffix: 0 
prefix: 0 
suffix: 0 
2 14 15 11 24 19 1 3 10 27 20 16 18 21 4 29 22 25 5 6 9 17 13 23 30 7 8 12 28 26 
forward frontier
restricted destroy-repair dd compilation
restricted dd compilation - suffixes
running dd lns mip
num vars: 13280
obj from lns: 777
[loc arcIndex] route: 2 0 14 1 15 2 11 131 24 4 19 5 1 491 3 7 -4 2318 
[loc arcIndex] route: 10 8 27 9 20 10 -1 2330 
[loc arcIndex] route: 16 11 18 12 21 13 4 14 29 15 22 586 -2 2361 
[loc arcIndex] route: 25 17 5 41 6 19 9 103 17 21 13 22 23 23 -1 2395 
[loc arcIndex] route: 30 24 7 56 8 26 12 27 28 28 26 29 -5 2429 
DD random seed:3980140004
running lns dd
destroy phase
prefix: 0 
suffix: 0 
prefix: 0 
suffix: 0 
prefix: 0 
suffix: 0 
prefix: 0 
suffix: 0 
prefix: 0 
suffix: 0 
2 14 15 11 24 19 1 3 10 27 20 16 18 21 4 29 22 25 5 6 9 17 13 23 30 7 8 12 28 26 
forward frontier
restricted destroy-repair dd compilation
restricted dd compilation - suffixes
running dd lns mip
num vars: 19388
obj from lns: 777
[loc arcIndex] route: 2 0 14 1 15 56 11 216 24 4 19 5 1 6 3 7 -4 3376 
[loc arcIndex] route: 10 8 27 9 20 10 -4 3391 
[loc arcIndex] route: 16 11 18 12 21 13 4 14 29 15 22 16 -3 3420 
[loc arcIndex] route: 25 17 5 18 6 19 9 143 17 21 13 934 23 23 -1 3453 
[loc arcIndex] route: 30 24 7 25 8 26 12 27 28 1136 26 29 -1 3483 
DD random seed:376584032
running lns dd
destroy phase
prefix: 0 
suffix: 0 
prefix: 0 
suffix: 0 
prefix: 0 
suffix: 0 
prefix: 0 
suffix: 0 
prefix: 0 
suffix: 0 
2 14 15 11 24 19 1 3 10 27 20 16 18 21 4 29 22 25 5 6 9 17 13 23 30 7 8 12 28 26 
forward frontier
restricted destroy-repair dd compilation
restricted dd compilation - suffixes
running dd lns mip
num vars: 7465
obj from lns: 777
[loc arcIndex] route: 2 0 14 1 15 2 11 3 24 4 19 268 1 325 3 7 -3 1322 
[loc arcIndex] route: 10 8 27 9 20 10 -1 1335 
[loc arcIndex] route: 16 11 18 35 21 13 4 14 29 15 22 378 -2 1366 
[loc arcIndex] route: 25 17 5 18 6 19 9 20 17 21 13 22 23 23 -1 1400 
[loc arcIndex] route: 30 24 7 25 8 26 12 27 28 28 26 840 -3 1432 
DD random seed:626407308
running lns dd
destroy phase
prefix: 0 
suffix: 0 
prefix: 0 
suffix: 0 
prefix: 0 
suffix: 0 
prefix: 0 
suffix: 0 
prefix: 0 
suffix: 0 
2 14 15 11 24 19 1 3 10 27 20 16 18 21 4 29 22 25 5 6 9 17 13 23 30 7 8 12 28 26 
forward frontier
restricted destroy-repair dd compilation
restricted dd compilation - suffixes
running dd lns mip
num vars: 2936
obj from lns: 777
[loc arcIndex] route: 2 0 14 1 15 2 11 3 24 4 19 5 1 136 3 7 -3 543 
[loc arcIndex] route: 10 8 27 9 20 31 -3 558 
[loc arcIndex] route: 16 11 18 12 21 13 4 14 29 15 22 16 -3 588 
[loc arcIndex] route: 25 17 5 18 6 19 9 43 17 21 13 22 23 23 -1 621 
[loc arcIndex] route: 30 24 7 25 8 26 12 91 28 28 26 29 -3 653 
DD random seed:728712419
running lns dd
destroy phase
prefix: 0 
suffix: 0 
prefix: 0 
suffix: 0 
prefix: 0 
suffix: 0 
prefix: 0 
suffix: 0 
prefix: 0 
suffix: 0 
2 14 15 11 24 19 1 3 10 27 20 16 18 21 4 29 22 25 5 6 9 17 13 23 30 7 8 12 28 26 
forward frontier
restricted destroy-repair dd compilation
restricted dd compilation - suffixes
running dd lns mip
num vars: 27738
obj from lns: 777
[loc arcIndex] route: 2 0 14 1 15 2 11 3 24 4 19 5 1 6 3 7 -1 4783 
[loc arcIndex] route: 10 8 27 46 20 10 -1 4798 
[loc arcIndex] route: 16 11 18 12 21 13 4 170 29 15 22 1084 -1 4828 
[loc arcIndex] route: 25 17 5 18 6 19 9 20 17 21 13 1254 23 23 -1 4863 
[loc arcIndex] route: 30 24 7 25 8 26 12 27 28 28 26 29 -3 4895 
DD random seed:1752026452
running lns dd
destroy phase
prefix: 0 
suffix: 0 
prefix: 0 
suffix: 0 
prefix: 0 
suffix: 0 
prefix: 0 
suffix: 0 
prefix: 0 
suffix: 0 
2 14 15 11 24 19 1 3 10 27 20 16 18 21 4 29 22 25 5 6 9 17 13 23 30 7 8 12 28 26 
forward frontier
restricted destroy-repair dd compilation
restricted dd compilation - suffixes
running dd lns mip
num vars: 20845
obj from lns: 777
[loc arcIndex] route: 2 0 14 1 15 2 11 3 24 4 19 5 1 6 3 3163 -4 3663 
[loc arcIndex] route: 10 8 27 39 20 10 -1 3675 
[loc arcIndex] route: 16 11 18 45 21 13 4 14 29 15 22 16 -1 3705 
[loc arcIndex] route: 25 17 5 18 6 19 9 20 17 21 13 22 23 23 -2 3741 
[loc arcIndex] route: 30 24 7 65 8 26 12 27 28 28 26 29 -1 3770 
DD random seed:2532791579
running lns dd
destroy phase
prefix: 0 
suffix: 0 
prefix: 0 
suffix: 0 
prefix: 0 
suffix: 0 
prefix: 0 
suffix: 0 
prefix: 0 
suffix: 0 
2 14 15 11 24 19 1 3 10 27 20 16 18 21 4 29 22 25 5 6 9 17 13 23 30 7 8 12 28 26 
forward frontier
restricted destroy-repair dd compilation
restricted dd compilation - suffixes
running dd lns mip
num vars: 31998
obj from lns: 777
[loc arcIndex] route: 2 0 14 1 15 2 11 258 24 4 19 5 1 6 3 7 -3 5500 
[loc arcIndex] route: 10 8 27 9 20 10 -2 5514 
[loc arcIndex] route: 16 11 18 12 21 13 4 216 29 15 22 16 -1 5543 
[loc arcIndex] route: 25 17 5 45 6 19 9 20 17 21 13 22 23 3951 -3 5580 
[loc arcIndex] route: 30 24 7 25 8 26 12 27 28 28 26 3247 -3 5610 
DD random seed:3734407995
running lns dd
destroy phase
prefix: 0 
suffix: 0 
prefix: 0 
suffix: 0 
prefix: 0 
suffix: 0 
prefix: 0 
suffix: 0 
prefix: 0 
suffix: 0 
2 14 15 11 24 19 1 3 10 27 20 16 18 21 4 29 22 25 5 6 9 17 13 23 30 7 8 12 28 26 
forward frontier
restricted destroy-repair dd compilation
restricted dd compilation - suffixes
running dd lns mip
num vars: 24573
obj from lns: 777
[loc arcIndex] route: 2 0 14 1 15 2 11 3 24 4 19 5 1 6 3 7 -3 4300 
[loc arcIndex] route: 10 8 27 9 20 10 -3 4315 
[loc arcIndex] route: 16 11 18 12 21 13 4 14 29 350 22 16 -3 4345 
[loc arcIndex] route: 25 17 5 18 6 19 9 20 17 21 13 22 23 23 -5 4382 
[loc arcIndex] route: 30 24 7 25 8 26 12 27 28 28 26 29 -1 4408 
DD random seed:389138579
running lns dd
destroy phase
prefix: 0 
suffix: 0 
prefix: 0 
suffix: 0 
prefix: 0 
suffix: 0 
prefix: 0 
suffix: 0 
prefix: 0 
suffix: 0 
2 14 15 11 24 19 1 3 10 27 20 16 18 21 4 29 22 25 5 6 9 17 13 23 30 7 8 12 28 26 
forward frontier
restricted destroy-repair dd compilation
restricted dd compilation - suffixes
running dd lns mip
num vars: 39741
obj from lns: 777
[loc arcIndex] route: 2 0 14 1 15 2 11 3 24 4 19 1134 1 6 3 7 -1 6896 
[loc arcIndex] route: 10 8 27 9 20 112 -1 6911 
[loc arcIndex] route: 16 11 18 73 21 13 4 14 22 741 29 2356 -1 18196 
[loc arcIndex] route: 25 17 5 18 6 19 9 20 17 743 13 22 23 23 -1 6976 
[loc arcIndex] route: 30 24 7 99 8 26 12 850 28 28 26 29 -2 7007 
updated increasing parameter: 13
DD random seed:1950922447
running lns dd
destroy phase
prefix: 0 
suffix: 0 
prefix: 0 
suffix: 0 
prefix: 0 
suffix: 0 
prefix: 0 
suffix: 0 
prefix: 0 
suffix: 0 
2 14 15 11 24 19 1 3 10 27 20 16 18 21 4 29 22 25 5 6 9 17 13 23 30 7 8 12 28 26 
forward frontier
restricted destroy-repair dd compilation
restricted dd compilation - suffixes
running dd lns mip
num vars: 16721
obj from lns: 777
[loc arcIndex] route: 2 0 14 1 15 2 11 3 24 4 19 5 1 6 3 7 -1 2926 
[loc arcIndex] route: 10 8 27 9 20 10 -1 2941 
[loc arcIndex] route: 16 11 18 12 21 13 4 14 29 15 22 734 -1 2971 
[loc arcIndex] route: 25 17 5 18 6 84 9 112 17 21 13 22 23 23 -4 3009 
[loc arcIndex] route: 30 24 7 25 8 26 12 27 28 28 26 29 -3 3038 
DD random seed:2548944824
running lns dd
destroy phase
prefix: 0 
suffix: 0 
prefix: 0 
suffix: 0 
prefix: 0 
suffix: 0 
prefix: 0 
suffix: 0 
prefix: 0 
suffix: 0 
2 14 15 11 24 19 1 3 10 27 20 16 18 21 4 29 22 25 5 6 9 17 13 23 30 7 8 12 28 26 
forward frontier
restricted destroy-repair dd compilation
restricted dd compilation - suffixes
running dd lns mip
num vars: 33259
obj from lns: 777
[loc arcIndex] route: 2 0 14 1 15 2 11 3 24 4 19 790 1 6 3 7 -5 5793 
[loc arcIndex] route: 10 8 27 9 20 65 -1 5804 
[loc arcIndex] route: 16 11 18 12 21 13 4 14 29 15 22 16 -1 5834 
[loc arcIndex] route: 25 17 5 31 6 19 9 20 17 21 13 1506 23 23 -1 5869 
[loc arcIndex] route: 30 24 7 25 8 26 12 27 28 28 26 3442 -1 5899 
DD random seed:3912720308
running lns dd
destroy phase
prefix: 0 
suffix: 0 
prefix: 0 
suffix: 0 
prefix: 0 
suffix: 0 
prefix: 0 
suffix: 0 
prefix: 0 
suffix: 0 
2 14 15 11 24 19 1 3 10 27 20 16 18 21 4 29 22 25 5 6 9 17 13 23 30 7 8 12 28 26 
forward frontier
restricted destroy-repair dd compilation
restricted dd compilation - suffixes
running dd lns mip
num vars: 23578
obj from lns: 777
[loc arcIndex] route: 2 0 14 1 15 2 11 3 24 264 19 652 1 6 3 7 -1 4108 
[loc arcIndex] route: 10 8 27 9 20 10 -1 4123 
[loc arcIndex] route: 16 11 18 58 21 13 4 14 29 411 22 16 -4 4156 
[loc arcIndex] route: 25 17 5 18 6 19 9 138 17 21 13 22 23 23 -2 4189 
[loc arcIndex] route: 30 24 7 25 8 26 12 27 28 28 26 29 -1 4218 
DD random seed:554336101
running lns dd
destroy phase
prefix: 0 
suffix: 0 
prefix: 0 
suffix: 0 
prefix: 0 
suffix: 0 
prefix: 0 
suffix: 0 
prefix: 0 
suffix: 0 
2 14 15 11 24 19 1 3 10 27 20 16 18 21 4 29 22 25 5 6 9 17 13 23 30 7 8 12 28 26 
forward frontier
restricted destroy-repair dd compilation
restricted dd compilation - suffixes
running dd lns mip
num vars: 43875
obj from lns: 777
[loc arcIndex] route: 2 0 14 1 15 2 11 3 24 4 19 5 1 6 3 7 -1 7630 
[loc arcIndex] route: 10 8 27 9 20 10 -1 7645 
[loc arcIndex] route: 16 11 18 12 21 227 4 14 29 768 22 16 -1 7675 
[loc arcIndex] route: 25 17 5 18 6 19 9 20 17 21 13 2191 23 23 -1 7710 
[loc arcIndex] route: 30 24 7 99 8 26 12 27 28 28 26 29 -1 7740 
DD random seed:2379852953
running lns dd
destroy phase
prefix: 0 
suffix: 0 
prefix: 0 
suffix: 0 
prefix: 0 
suffix: 0 
prefix: 0 
suffix: 0 
prefix: 0 
suffix: 0 
2 14 15 11 24 19 1 3 10 27 20 16 18 21 4 29 22 25 5 6 9 17 13 23 30 7 8 12 28 26 
forward frontier
restricted destroy-repair dd compilation
restricted dd compilation - suffixes
running dd lns mip
num vars: 13672
obj from lns: 777
[loc arcIndex] route: 2 0 14 1 15 2 11 128 24 4 19 5 1 571 3 7 -1 2382 
[loc arcIndex] route: 10 8 27 9 20 10 -1 2397 
[loc arcIndex] route: 16 11 18 12 21 13 4 14 29 282 22 16 -1 2427 
[loc arcIndex] route: 25 17 5 18 6 19 9 20 17 21 13 691 23 23 -1 2462 
[loc arcIndex] route: 30 24 7 66 8 26 12 27 28 28 26 29 -1 2492 
DD random seed:2807899435
running lns dd
destroy phase
prefix: 0 
suffix: 0 
prefix: 0 
suffix: 0 
prefix: 0 
suffix: 0 
prefix: 0 
suffix: 0 
prefix: 0 
suffix: 0 
2 14 15 11 24 19 1 3 10 27 20 16 18 21 4 29 22 25 5 6 9 17 13 23 30 7 8 12 28 26 
forward frontier
restricted destroy-repair dd compilation
restricted dd compilation - suffixes
running dd lns mip
num vars: 40732
obj from lns: 777
[loc arcIndex] route: 2 0 14 1 15 2 11 3 24 397 19 5 1 6 3 7 -5 7071 
[loc arcIndex] route: 10 8 27 30 20 113 -5 7086 
[loc arcIndex] route: 16 11 18 12 21 13 4 14 29 15 22 16 -5 7116 
[loc arcIndex] route: 25 17 5 18 6 19 9 20 17 21 13 22 23 23 -1 7147 
[loc arcIndex] route: 30 24 7 25 8 26 12 27 28 28 26 29 -1 7177 
DD random seed:819637882
running lns dd
destroy phase
prefix: 0 
suffix: 0 
prefix: 0 
suffix: 0 
prefix: 0 
suffix: 0 
prefix: 0 
suffix: 0 
prefix: 0 
suffix: 0 
2 14 15 11 24 19 1 3 10 27 20 16 18 21 4 29 22 25 5 6 9 17 13 23 30 7 8 12 28 26 
forward frontier
restricted destroy-repair dd compilation
restricted dd compilation - suffixes
running dd lns mip
num vars: 12434
obj from lns: 777
[loc arcIndex] route: 2 0 14 1 15 2 11 108 24 4 19 5 1 6 3 1898 -1 2169 
[loc arcIndex] route: 10 8 27 30 20 10 -1 2184 
[loc arcIndex] route: 16 11 18 32 21 13 4 14 29 15 22 596 -1 2214 
[loc arcIndex] route: 25 17 5 31 6 51 9 20 17 21 13 22 23 23 -4 2252 
[loc arcIndex] route: 30 24 7 39 8 26 12 27 28 28 26 29 -1 2279 
DD random seed:1264258560
running lns dd
destroy phase
prefix: 0 
suffix: 0 
prefix: 0 
suffix: 0 
prefix: 0 
suffix: 0 
prefix: 0 
suffix: 0 
prefix: 0 
suffix: 0 
2 14 15 11 24 19 1 3 10 27 20 16 18 21 4 29 22 25 5 6 9 17 13 23 30 7 8 12 28 26 
forward frontier
restricted destroy-repair dd compilation
restricted dd compilation - suffixes
running dd lns mip
num vars: 5474
obj from lns: 777
[loc arcIndex] route: 2 0 14 1 15 2 11 3 24 110 19 5 1 264 3 7 -3 986 
[loc arcIndex] route: 10 8 27 32 20 10 -3 1001 
[loc arcIndex] route: 16 11 18 12 21 13 4 14 29 15 22 16 -5 1033 
[loc arcIndex] route: 25 17 5 18 6 19 9 20 17 169 13 22 23 23 -1 1064 
[loc arcIndex] route: 30 24 7 25 8 26 12 27 28 377 26 29 -1 1094 
DD random seed:1448489736
running lns dd
destroy phase
prefix: 0 
suffix: 0 
prefix: 0 
suffix: 0 
prefix: 0 
suffix: 0 
prefix: 0 
suffix: 0 
prefix: 0 
suffix: 0 
2 14 15 11 24 19 1 3 10 27 20 16 18 21 4 29 22 25 5 6 9 17 13 23 30 7 8 12 28 26 
forward frontier
restricted destroy-repair dd compilation
restricted dd compilation - suffixes
running dd lns mip
num vars: 16152
obj from lns: 777
[loc arcIndex] route: 2 0 14 1 15 2 11 3 24 4 19 5 1 566 3 7 -2 2843 
[loc arcIndex] route: 10 8 27 9 20 10 -1 2857 
[loc arcIndex] route: 16 11 18 12 21 13 4 14 22 232 29 873 -1 6972 
[loc arcIndex] route: 25 17 5 30 6 19 9 20 17 21 13 22 23 23 -1 2922 
[loc arcIndex] route: 30 24 7 25 8 151 12 27 28 28 26 29 -5 2956 
DD random seed:2032003045
running lns dd
destroy phase
prefix: 0 
suffix: 0 
prefix: 0 
suffix: 0 
prefix: 0 
suffix: 0 
prefix: 0 
suffix: 0 
prefix: 0 
suffix: 0 
2 14 15 11 24 19 1 3 10 27 20 16 18 21 4 29 22 25 5 6 9 17 13 23 30 7 8 12 28 26 
forward frontier
restricted destroy-repair dd compilation
restricted dd compilation - suffixes
running dd lns mip
num vars: 28245
obj from lns: 777
[loc arcIndex] route: 2 0 14 1 15 2 11 3 24 335 19 5 1 1112 3 7 -1 4935 
[loc arcIndex] route: 10 8 27 9 20 10 -1 4950 
[loc arcIndex] route: 16 11 18 86 21 13 4 260 29 607 22 16 -1 4980 
[loc arcIndex] route: 25 17 5 18 6 19 9 20 17 612 13 1422 23 23 -1 5015 
[loc arcIndex] route: 30 24 7 104 8 361 12 27 28 28 26 29 -1 5045 
updated increasing parameter: 14
DD random seed:3116993593
running lns dd
destroy phase
prefix: 0 
suffix: 0 
prefix: 0 
suffix: 0 
prefix: 0 
suffix: 0 
prefix: 0 
suffix: 0 
prefix: 0 
suffix: 0 
2 14 15 11 24 19 1 3 10 27 20 16 18 21 4 29 22 25 5 6 9 17 13 23 30 7 8 12 28 26 
forward frontier
restricted destroy-repair dd compilation
restricted dd compilation - suffixes
running dd lns mip
num vars: 16887
obj from lns: 777
[loc arcIndex] route: 2 0 14 1 15 2 11 3 24 4 19 5 1 6 3 7 -2 2928 
[loc arcIndex] route: 10 8 27 9 20 77 -4 2945 
[loc arcIndex] route: 16 11 18 12 21 13 4 14 29 15 22 16 -1 2972 
[loc arcIndex] route: 25 17 5 36 6 19 9 131 17 21 13 22 23 23 -1 3007 
[loc arcIndex] route: 30 24 7 25 8 26 12 27 28 28 26 29 -1 3037 
DD random seed:3708668519
running lns dd
destroy phase
prefix: 0 
suffix: 0 
prefix: 0 
suffix: 0 
prefix: 0 
suffix: 0 
prefix: 0 
suffix: 0 
prefix: 0 
suffix: 0 
2 14 15 11 24 19 1 3 10 27 20 16 18 21 4 29 22 25 5 6 9 17 13 23 30 7 8 12 28 26 
forward frontier
restricted destroy-repair dd compilation
restricted dd compilation - suffixes
running dd lns mip
num vars: 16207
obj from lns: 777
[loc arcIndex] route: 2 0 14 1 15 2 11 179 24 4 19 5 1 637 3 7 -1 2812 
[loc arcIndex] route: 10 8 27 34 20 10 -1 2827 
[loc arcIndex] route: 16 11 18 12 21 13 4 14 29 334 22 16 -1 2857 
[loc arcIndex] route: 25 17 5 18 6 19 9 20 17 21 13 815 23 23 -1 2892 
[loc arcIndex] route: 30 24 7 25 8 26 12 27 28 28 26 29 -4 2925 
DD random seed:4275185594
running lns dd
destroy phase
prefix: 0 
suffix: 0 
prefix: 0 
suffix: 0 
prefix: 0 
suffix: 0 
prefix: 0 
suffix: 0 
prefix: 0 
suffix: 0 
2 14 15 11 24 19 1 3 10 27 20 16 18 21 4 29 22 25 5 6 9 17 13 23 30 7 8 12 28 26 
forward frontier
restricted destroy-repair dd compilation
restricted dd compilation - suffixes
running dd lns mip
num vars: 29068
obj from lns: 777
[loc arcIndex] route: 2 0 14 1 15 2 11 3 24 4 19 5 1 6 3 4376 -5 5052 
[loc arcIndex] route: 10 8 27 9 20 10 -5 5067 
[loc arcIndex] route: 16 11 18 12 21 142 4 14 29 15 22 16 -1 5093 
[loc arcIndex] route: 25 17 5 44 6 19 9 20 17 21 13 22 23 23 -1 5128 
[loc arcIndex] route: 30 24 7 25 8 26 12 27 28 28 26 29 -1 5158 
DD random seed:1103019075
running lns dd
destroy phase
prefix: 0 
suffix: 0 
prefix: 0 
suffix: 0 
prefix: 0 
suffix: 0 
prefix: 0 
suffix: 0 
prefix: 0 
suffix: 0 
2 14 15 11 24 19 1 3 10 27 20 16 18 21 4 29 22 25 5 6 9 17 13 23 30 7 8 12 28 26 
forward frontier
restricted destroy-repair dd compilation
restricted dd compilation - suffixes
running dd lns mip
num vars: 28001
obj from lns: 777
[loc arcIndex] route: 2 0 14 1 15 2 11 3 24 4 19 5 1 6 3 7 -1 4876 
[loc arcIndex] route: 10 8 27 34 20 10 -1 4891 
[loc arcIndex] route: 16 11 18 12 21 13 4 14 29 15 22 16 -1 4921 
[loc arcIndex] route: 25 17 5 18 6 19 9 20 17 546 13 22 23 23 -1 4956 
[loc arcIndex] route: 30 24 7 25 8 26 12 27 28 28 26 2989 -4 4989 
DD random seed:2177756043
running lns dd
destroy phase
prefix: 0 
suffix: 0 
prefix: 0 
suffix: 0 
prefix: 0 
suffix: 0 
prefix: 0 
suffix: 0 
prefix: 0 
suffix: 0 
2 14 15 11 24 19 1 3 10 27 20 16 18 21 4 29 22 25 5 6 9 17 13 23 30 7 8 12 28 26 
forward frontier
restricted destroy-repair dd compilation
restricted dd compilation - suffixes
running dd lns mip
num vars: 24886
obj from lns: 777
[loc arcIndex] route: 2 0 14 1 15 2 11 3 24 4 19 5 1 944 3 7 -1 4311 
[loc arcIndex] route: 10 8 27 30 20 10 -1 4326 
[loc arcIndex] route: 16 11 18 12 21 13 4 14 29 473 22 16 -1 4356 
[loc arcIndex] route: 25 17 5 18 6 19 9 20 17 478 13 22 23 23 -1 4391 
[loc arcIndex] route: 30 24 7 41 8 26 12 27 28 28 26 29 -1 4421 
DD random seed:3116147288
running lns dd
destroy phase
prefix: 0 
suffix: 0 
prefix: 0 
suffix: 0 
prefix: 0 
suffix: 0 
prefix: 0 
suffix: 0 
prefix: 0 
suffix: 0 
2 14 15 11 24 19 1 3 10 27 20 16 18 21 4 29 22 25 5 6 9 17 13 23 30 7 8 12 28 26 
forward frontier
restricted destroy-repair dd compilation
restricted dd compilation - suffixes
running dd lns mip
num vars: 23661
obj from lns: 777
[loc arcIndex] route: 2 0 14 1 15 2 11 3 24 4 19 587 1 6 3 7 -1 4121 
[loc arcIndex] route: 10 8 27 9 20 10 -1 4136 
[loc arcIndex] route: 16 11 18 46 21 13 4 135 29 15 22 962 -1 4166 
[loc arcIndex] route: 25 17 5 18 6 19 9 20 17 21 13 22 23 23 -1 4201 
[loc arcIndex] route: 30 24 7 25 8 26 12 27 28 28 26 29 -5 4235 
DD random seed:4030575126
running lns dd
destroy phase
prefix: 0 
suffix: 0 
prefix: 0 
suffix: 0 
prefix: 0 
suffix: 0 
prefix: 0 
suffix: 0 
prefix: 0 
suffix: 0 
2 14 15 11 24 19 1 3 10 27 20 16 18 21 4 29 22 25 5 6 9 17 13 23 30 7 8 12 28 26 
forward frontier
restricted destroy-repair dd compilation
restricted dd compilation - suffixes
running dd lns mip
num vars: 21486
obj from lns: 777
[loc arcIndex] route: 2 0 14 1 15 2 11 3 24 231 19 5 1 6 3 7 -4 3724 
[loc arcIndex] route: 10 8 27 9 20 10 -1 3736 
[loc arcIndex] route: 16 11 18 12 21 13 4 14 29 15 22 916 -1 3766 
[loc arcIndex] route: 25 17 5 18 6 19 9 20 17 416 13 999 23 23 -1 3801 
[loc arcIndex] route: 30 24 7 25 8 26 12 444 28 28 26 29 -1 3831 
DD random seed:499273157
running lns dd
destroy phase
prefix: 0 
suffix: 0 
prefix: 0 
suffix: 0 
prefix: 0 
suffix: 0 
prefix: 0 
suffix: 0 
prefix: 0 
suffix: 0 
2 14 15 11 24 19 1 3 10 27 20 16 18 21 4 29 22 25 5 6 9 17 13 23 30 7 8 12 28 26 
forward frontier
restricted destroy-repair dd compilation
restricted dd compilation - suffixes
running dd lns mip
num vars: 5560
obj from lns: 777
[loc arcIndex] route: 2 0 14 1 15 2 11 50 24 4 19 159 1 6 3 7 -1 980 
[loc arcIndex] route: 10 8 27 9 20 38 -1 995 
[loc arcIndex] route: 16 11 18 12 21 13 4 14 29 15 22 16 -2 1026 
[loc arcIndex] route: 25 17 5 18 6 19 9 20 17 110 13 22 23 638 -1 1060 
[loc arcIndex] route: 30 24 7 25 8 60 12 27 28 324 26 29 -1 1090 
DD random seed:702934185
running lns dd
destroy phase
prefix: 0 
suffix: 0 
prefix: 0 
suffix: 0 
prefix: 0 
suffix: 0 
prefix: 0 
suffix: 0 
prefix: 0 
suffix: 0 
2 14 15 11 24 19 1 3 10 27 20 16 18 21 4 29 22 25 5 6 9 17 13 23 30 7 8 12 28 26 
forward frontier
restricted destroy-repair dd compilation
restricted dd compilation - suffixes
running dd lns mip
num vars: 10164
obj from lns: 777
[loc arcIndex] route: 2 0 14 1 15 2 11 3 24 4 19 5 1 6 3 1542 -1 1779 
[loc arcIndex] route: 10 8 27 9 20 10 -1 1794 
[loc arcIndex] route: 16 11 18 39 21 13 4 14 29 15 22 409 -2 1825 
[loc arcIndex] route: 25 17 5 18 6 19 9 81 17 21 13 454 23 23 -3 1861 
[loc arcIndex] route: 30 24 7 25 8 26 12 27 28 28 26 1043 -5 1893 
DD random seed:1030104313
running lns dd
destroy phase
prefix: 0 
suffix: 0 
prefix: 0 
suffix: 0 
prefix: 0 
suffix: 0 
prefix: 0 
suffix: 0 
prefix: 0 
suffix: 0 
2 14 15 11 24 19 1 3 10 27 20 16 18 21 4 29 22 25 5 6 9 17 13 23 30 7 8 12 28 26 
forward frontier
restricted destroy-repair dd compilation
restricted dd compilation - suffixes
running dd lns mip
num vars: 50859
obj from lns: 777
[loc arcIndex] route: 2 0 14 1 15 2 11 414 24 4 19 1380 1 6 3 7 -1 8894 
[loc arcIndex] route: 10 8 27 9 20 10 -1 8909 
[loc arcIndex] route: 16 11 18 72 21 13 4 14 29 946 22 2295 -1 8939 
[loc arcIndex] route: 25 17 5 30 6 19 9 294 17 21 13 22 23 23 -1 8974 
[loc arcIndex] route: 30 24 7 87 8 569 12 27 28 28 26 5611 -1 9004 
updated increasing parameter: 15
DD random seed:3232209031
running lns dd
destroy phase
prefix: 0 
suffix: 0 
prefix: 0 
suffix: 0 
prefix: 0 
suffix: 0 
prefix: 0 
suffix: 0 
prefix: 0 
suffix: 0 
2 14 15 11 24 19 1 3 10 27 20 16 18 21 4 29 22 25 5 6 9 17 13 23 30 7 8 12 28 26 
forward frontier
restricted destroy-repair dd compilation
restricted dd compilation - suffixes
running dd lns mip
num vars: 32640
obj from lns: 777
[loc arcIndex] route: 2 0 14 1 15 2 11 3 24 4 19 5 1 6 3 7 -1 5600 
[loc arcIndex] route: 10 8 27 9 20 10 -1 5615 
[loc arcIndex] route: 16 11 18 12 21 13 4 14 29 622 22 16 -1 5645 
[loc arcIndex] route: 25 17 5 18 6 19 9 20 17 21 13 1503 23 3980 -2 5681 
[loc arcIndex] route: 30 24 7 76 8 26 12 27 28 28 26 29 -2 5711 
DD random seed:164305208
running lns dd
destroy phase
prefix: 0 
suffix: 0 
prefix: 0 
suffix: 0 
prefix: 0 
suffix: 0 
prefix: 0 
suffix: 0 
prefix: 0 
suffix: 0 
2 14 15 11 24 19 1 3 10 27 20 16 18 21 4 29 22 25 5 6 9 17 13 23 30 7 8 12 28 26 
forward frontier
restricted destroy-repair dd compilation
restricted dd compilation - suffixes
running dd lns mip
num vars: 23827
obj from lns: 777
[loc arcIndex] route: 2 0 14 1 15 2 11 3 24 4 19 5 1 6 3 7 -4 4130 
[loc arcIndex] route: 10 8 27 9 20 77 -4 4145 
[loc arcIndex] route: 16 11 18 12 21 13 4 135 29 15 22 16 -2 4173 
[loc arcIndex] route: 25 17 5 30 6 19 9 140 17 21 13 22 23 23 -5 4211 
[loc arcIndex] route: 30 24 7 64 8 26 12 27 28 1358 26 29 -1 4237 
DD random seed:1055069678
running lns dd
destroy phase
prefix: 0 
suffix: 0 
prefix: 0 
suffix: 0 
prefix: 0 
suffix: 0 
prefix: 0 
suffix: 0 
prefix: 0 
suffix: 0 
2 14 15 11 24 19 1 3 10 27 20 16 18 21 4 29 22 25 5 6 9 17 13 23 30 7 8 12 28 26 
forward frontier
restricted destroy-repair dd compilation
restricted dd compilation - suffixes
running dd lns mip
num vars: 11947
obj from lns: 777
[loc arcIndex] route: 2 0 14 1 15 2 11 120 24 4 19 361 1 438 3 7 -2 2108 
[loc arcIndex] route: 10 8 27 31 20 10 -2 2123 
[loc arcIndex] route: 16 11 18 12 21 13 4 14 29 15 22 16 -3 2154 
[loc arcIndex] route: 25 17 5 33 6 19 9 20 17 21 13 22 23 23 -1 2187 
[loc arcIndex] route: 30 24 7 25 8 26 12 27 28 28 26 29 -1 2217 
DD random seed:1492985764
running lns dd
destroy phase
prefix: 0 
suffix: 0 
prefix: 0 
suffix: 0 
prefix: 0 
suffix: 0 
prefix: 0 
suffix: 0 
prefix: 0 
suffix: 0 
2 14 15 11 24 19 1 3 10 27 20 16 18 21 4 29 22 25 5 6 9 17 13 23 30 7 8 12 28 26 
forward frontier
restricted destroy-repair dd compilation
restricted dd compilation - suffixes
running dd lns mip
num vars: 21665
obj from lns: 777
[loc arcIndex] route: 2 0 14 1 15 2 11 186 24 4 19 5 1 6 3 7 -1 3745 
[loc arcIndex] route: 10 8 27 9 20 51 -4 3763 
[loc arcIndex] route: 16 11 18 12 21 13 4 14 29 15 22 924 -1 3790 
[loc arcIndex] route: 25 17 5 18 6 19 9 126 17 21 13 22 23 23 -4 3828 
[loc arcIndex] route: 30 24 7 25 8 256 12 27 28 28 26 2187 -1 3855 
DD random seed:2286669721
running lns dd
destroy phase
prefix: 0 
suffix: 0 
prefix: 0 
suffix: 0 
prefix: 0 
suffix: 0 
prefix: 0 
suffix: 0 
prefix: 0 
suffix: 0 
2 14 15 11 24 19 1 3 10 27 20 16 18 21 4 29 22 25 5 6 9 17 13 23 30 7 8 12 28 26 
forward frontier
restricted destroy-repair dd compilation
restricted dd compilation - suffixes
running dd lns mip
num vars: 34426
obj from lns: 777
[loc arcIndex] route: 2 0 14 1 15 2 11 3 24 4 19 5 1 6 3 7 -1 5961 
[loc arcIndex] route: 10 8 27 30 20 75 -1 5976 
[loc arcIndex] route: 16 11 18 12 21 13 4 14 29 15 22 16 -2 6007 
[loc arcIndex] route: 25 17 5 18 6 114 9 20 13 612 17 1779 23 4425 -1 6041 
[loc arcIndex] route: 30 24 7 58 8 26 12 700 28 28 26 3559 -1 6071 
DD random seed:3658243478
running lns dd
destroy phase
prefix: 0 
suffix: 0 
prefix: 0 
suffix: 0 
prefix: 0 
suffix: 0 
prefix: 0 
suffix: 0 
prefix: 0 
suffix: 0 
2 14 15 11 24 19 1 3 10 27 20 16 18 21 4 29 22 25 5 6 9 17 13 23 30 7 8 12 28 26 
forward frontier
restricted destroy-repair dd compilation
restricted dd compilation - suffixes
running dd lns mip
num vars: 17278
obj from lns: 777
[loc arcIndex] route: 2 0 14 1 15 2 11 3 24 4 19 5 1 675 3 7 -1 2988 
[loc arcIndex] route: 10 8 27 9 20 10 -3 3005 
[loc arcIndex] route: 16 11 18 12 21 13 4 14 29 15 22 16 -4 3036 
[loc arcIndex] route: 25 17 5 31 6 19 9 131 17 338 13 822 23 23 -1 3068 
[loc arcIndex] route: 30 24 7 55 8 26 12 27 28 1013 26 29 -1 3098 
DD random seed:4286913964
running lns dd
destroy phase
prefix: 0 
suffix: 0 
prefix: 0 
suffix: 0 
prefix: 0 
suffix: 0 
prefix: 0 
suffix: 0 
prefix: 0 
suffix: 0 
2 14 15 11 24 19 1 3 10 27 20 16 18 21 4 29 22 25 5 6 9 17 13 23 30 7 8 12 28 26 
forward frontier
restricted destroy-repair dd compilation
restricted dd compilation - suffixes
running dd lns mip
num vars: 5481
obj from lns: 777
[loc arcIndex] route: 2 0 14 1 15 2 11 3 24 4 19 210 1 6 3 7 -1 976 
[loc arcIndex] route: 10 8 27 9 20 46 -1 991 
[loc arcIndex] route: 16 11 18 12 21 13 4 14 22 158 29 364 -1 2651 
[loc arcIndex] route: 25 17 5 30 6 19 9 68 17 21 13 22 23 23 -3 1058 
[loc arcIndex] route: 30 24 7 25 8 26 12 27 28 28 26 29 -5 1090 
DD random seed:174044505
running lns dd
destroy phase
prefix: 0 
suffix: 0 
prefix: 0 
suffix: 0 
prefix: 0 
suffix: 0 
prefix: 0 
suffix: 0 
prefix: 0 
suffix: 0 
2 14 15 11 24 19 1 3 10 27 20 16 18 21 4 29 22 25 5 6 9 17 13 23 30 7 8 12 28 26 
forward frontier
restricted destroy-repair dd compilation
restricted dd compilation - suffixes
running dd lns mip
num vars: 35045
obj from lns: 777
[loc arcIndex] route: 2 0 14 1 15 34 11 290 24 4 19 5 1 6 3 7 -1 6105 
[loc arcIndex] route: 10 8 27 9 20 10 -5 6124 
[loc arcIndex] route: 16 11 18 12 21 164 4 14 29 15 22 16 -4 6153 
[loc arcIndex] route: 25 17 5 18 6 19 9 196 17 21 13 1573 23 23 -1 6185 
[loc arcIndex] route: 30 24 7 25 8 26 12 27 28 28 26 3520 -1 6215 
DD random seed:1577074425
running lns dd
destroy phase
prefix: 0 
suffix: 0 
prefix: 0 
suffix: 0 
prefix: 0 
suffix: 0 
prefix: 0 
suffix: 0 
prefix: 0 
suffix: 0 
2 14 15 11 24 19 1 3 10 27 20 16 18 21 4 29 22 25 5 6 9 17 13 23 30 7 8 12 28 26 
forward frontier
restricted destroy-repair dd compilation
restricted dd compilation - suffixes
running dd lns mip
num vars: 44797
obj from lns: 777
[loc arcIndex] route: 2 0 14 1 15 2 11 3 24 4 19 5 1 1744 3 7 -5 7821 
[loc arcIndex] route: 10 8 27 9 20 10 -5 7836 
[loc arcIndex] route: 16 11 18 12 21 13 22 238 29 938 4 2130 -5 17856 
[loc arcIndex] route: 25 17 5 18 6 110 9 256 17 21 13 2171 23 23 -3 7899 
[loc arcIndex] route: 30 24 7 25 8 26 12 27 28 28 26 29 -1 7927 
DD random seed:3490197194
running lns dd
destroy phase
prefix: 0 
suffix: 0 
prefix: 0 
suffix: 0 
prefix: 0 
suffix: 0 
prefix: 0 
suffix: 0 
prefix: 0 
suffix: 0 
2 14 15 11 24 19 1 3 10 27 20 16 18 21 4 29 22 25 5 6 9 17 13 23 30 7 8 12 28 26 
forward frontier
restricted destroy-repair dd compilation
restricted dd compilation - suffixes
running dd lns mip
num vars: 19596
obj from lns: 777
[loc arcIndex] route: 2 0 14 1 15 2 11 3 24 4 19 5 1 6 3 7 -3 3418 
[loc arcIndex] route: 10 8 27 9 20 69 -2 3432 
[loc arcIndex] route: 16 11 18 12 21 13 4 14 29 15 22 16 -1 3461 
[loc arcIndex] route: 25 17 5 18 6 19 9 123 17 21 13 22 23 23 -1 3496 
[loc arcIndex] route: 30 24 7 60 8 26 12 27 28 28 26 1989 -5 3530 
updated increasing parameter: 16
DD random seed:4200133512
running lns dd
destroy phase
prefix: 0 
suffix: 0 
prefix: 0 
suffix: 0 
prefix: 0 
suffix: 0 
prefix: 0 
suffix: 0 
prefix: 0 
suffix: 0 
2 14 15 11 24 19 1 3 10 27 20 16 18 21 4 29 22 25 5 6 9 17 13 23 30 7 8 12 28 26 
forward frontier
restricted destroy-repair dd compilation
restricted dd compilation - suffixes
running dd lns mip
num vars: 20790
obj from lns: 777
[loc arcIndex] route: 2 0 14 1 15 2 11 3 24 4 19 571 1 6 3 3151 -1 3595 
[loc arcIndex] route: 10 8 27 9 20 10 -1 3610 
[loc arcIndex] route: 16 11 18 12 21 13 4 14 29 15 22 16 -1 3640 
[loc arcIndex] route: 25 17 5 18 6 19 9 20 17 21 13 22 23 23 -3 3677 
[loc arcIndex] route: 30 24 7 44 8 26 12 401 28 28 26 2162 -1 3705 
DD random seed:666540402
running lns dd
destroy phase
prefix: 0 
suffix: 0 
prefix: 0 
suffix: 0 
prefix: 0 
suffix: 0 
prefix: 0 
suffix: 0 
prefix: 0 
suffix: 0 
2 14 15 11 24 19 1 3 10 27 20 16 18 21 4 29 22 25 5 6 9 17 13 23 30 7 8 12 28 26 
forward frontier
restricted destroy-repair dd compilation
restricted dd compilation - suffixes
running dd lns mip
num vars: 25145
obj from lns: 777
[loc arcIndex] route: 2 0 14 1 15 2 11 3 24 4 19 5 1 6 3 7 -1 4340 
[loc arcIndex] route: 10 8 27 9 20 88 -1 4355 
[loc arcIndex] route: 16 11 18 12 21 13 4 14 29 15 22 16 -1 4385 
[loc arcIndex] route: 25 17 5 18 6 19 9 20 17 21 13 22 23 23 -4 4423 
[loc arcIndex] route: 30 24 7 25 8 312 12 27 28 28 26 29 -3 4452 
DD random seed:1613302370
running lns dd
destroy phase
prefix: 0 
suffix: 0 
prefix: 0 
suffix: 0 
prefix: 0 
suffix: 0 
prefix: 0 
suffix: 0 
prefix: 0 
suffix: 0 
2 14 15 11 24 19 1 3 10 27 20 16 18 21 4 29 22 25 5 6 9 17 13 23 30 7 8 12 28 26 
forward frontier
restricted destroy-repair dd compilation
restricted dd compilation - suffixes
running dd lns mip
num vars: 15759
obj from lns: 777
[loc arcIndex] route: 2 0 14 1 15 2 11 3 24 4 19 5 1 6 3 7 -1 2729 
[loc arcIndex] route: 10 8 27 9 20 10 -1 2744 
[loc arcIndex] route: 16 11 18 12 21 13 4 14 29 15 22 16 -1 2774 
[loc arcIndex] route: 25 17 5 31 6 19 9 20 17 21 13 22 23 23 -2 2810 
[loc arcIndex] route: 30 24 7 44 8 26 12 326 28 28 26 1652 -3 2841 
DD random seed:2168226190
running lns dd
destroy phase
prefix: 0 
suffix: 0 
prefix: 0 
suffix: 0 
prefix: 0 
suffix: 0 
prefix: 0 
suffix: 0 
prefix: 0 
suffix: 0 
2 14 15 11 24 19 1 3 10 27 20 16 18 21 4 29 22 25 5 6 9 17 13 23 30 7 8 12 28 26 
forward frontier
restricted destroy-repair dd compilation
restricted dd compilation - suffixes
running dd lns mip
num vars: 38490
obj from lns: 777
[loc arcIndex] route: 2 0 14 1 15 2 11 188 24 304 19 896 1 1235 3 7 -3 6662 
[loc arcIndex] route: 10 8 27 9 20 54 -2 6676 
[loc arcIndex] route: 16 11 18 12 21 13 4 14 29 612 22 1435 -1 6705 
[loc arcIndex] route: 25 17 5 18 6 19 9 20 17 21 13 1657 23 23 -1 6740 
[loc arcIndex] route: 30 24 7 25 8 26 12 27 28 28 26 3803 -1 6770 
DD random seed:3652292562
running lns dd
destroy phase
prefix: 0 
suffix: 0 
prefix: 0 
suffix: 0 
prefix: 0 
suffix: 0 
prefix: 0 
suffix: 0 
prefix: 0 
suffix: 0 
2 14 15 11 24 19 1 3 10 27 20 16 18 21 4 29 22 25 5 6 9 17 13 23 30 7 8 12 28 26 
forward frontier
restricted destroy-repair dd compilation
restricted dd compilation - suffixes
running dd lns mip
num vars: 36294
obj from lns: 777
[loc arcIndex] route: 2 0 14 1 15 2 11 3 24 4 19 5 1 6 3 7 -1 6259 
[loc arcIndex] route: 10 8 27 9 20 10 -1 6274 
[loc arcIndex] route: 16 11 18 12 21 163 4 14 29 15 22 16 -2 6305 
[loc arcIndex] route: 25 17 5 18 6 19 9 20 17 21 13 22 23 4574 -2 6340 
[loc arcIndex] route: 30 24 7 25 8 26 12 27 28 28 26 29 -1 6369 
DD random seed:766268697
running lns dd
destroy phase
prefix: 0 
suffix: 0 
prefix: 0 
suffix: 0 
prefix: 0 
suffix: 0 
prefix: 0 
suffix: 0 
prefix: 0 
suffix: 0 
2 14 15 11 24 19 1 3 10 27 20 16 18 21 4 29 22 25 5 6 9 17 13 23 30 7 8 12 28 26 
forward frontier
restricted destroy-repair dd compilation
restricted dd compilation - suffixes
running dd lns mip
num vars: 15526
obj from lns: 777
[loc arcIndex] route: 2 0 14 1 15 2 11 162 24 4 19 5 1 6 3 7 -1 2721 
[loc arcIndex] route: 10 8 27 9 20 10 -2 2737 
[loc arcIndex] route: 16 11 18 60 21 13 4 129 29 15 22 670 -1 2766 
[loc arcIndex] route: 25 17 5 18 6 19 9 20 13 345 17 851 23 2002 -1 2801 
[loc arcIndex] route: 30 24 7 64 8 26 12 362 28 28 26 29 -3 2833 
DD random seed:1339254494
running lns dd
destroy phase
prefix: 0 
suffix: 0 
prefix: 0 
suffix: 0 
prefix: 0 
suffix: 0 
prefix: 0 
suffix: 0 
prefix: 0 
suffix: 0 
2 14 15 11 24 19 1 3 10 27 20 16 18 21 4 29 22 25 5 6 9 17 13 23 30 7 8 12 28 26 
forward frontier
restricted destroy-repair dd compilation
restricted dd compilation - suffixes
running dd lns mip
num vars: 6212
obj from lns: 777
[loc arcIndex] route: 2 0 14 1 15 2 11 55 24 4 19 5 1 250 3 7 -4 1120 
[loc arcIndex] route: 10 8 27 9 20 10 -4 1135 
[loc arcIndex] route: 16 11 18 31 21 13 4 14 29 146 22 16 -3 1164 
[loc arcIndex] route: 25 17 5 18 6 19 9 20 17 21 13 22 23 23 -1 1197 
[loc arcIndex] route: 30 24 7 32 8 26 12 156 28 28 26 29 -2 1228 
DD random seed:1569897320
running lns dd
destroy phase
prefix: 0 
suffix: 0 
prefix: 0 
suffix: 0 
prefix: 0 
suffix: 0 
prefix: 0 
suffix: 0 
prefix: 0 
suffix: 0 
2 14 15 11 24 19 1 3 10 27 20 16 18 21 4 29 22 25 5 6 9 17 13 23 30 7 8 12 28 26 
forward frontier
restricted destroy-repair dd compilation
restricted dd compilation - suffixes
running dd lns mip
num vars: 31867
obj from lns: 777
[loc arcIndex] route: 2 0 14 1 15 2 11 3 24 4 19 5 1 6 3 7 -1 5507 
[loc arcIndex] route: 10 8 27 9 20 132 -1 5522 
[loc arcIndex] route: 16 11 18 12 21 13 4 14 29 15 22 1334 -1 5552 
[loc arcIndex] route: 25 17 5 45 6 19 9 20 17 21 13 22 23 23 -1 5587 
[loc arcIndex] route: 30 24 7 25 8 26 12 27 28 28 26 3296 -1 5617 
DD random seed:2797848086
running lns dd
destroy phase
prefix: 0 
suffix: 0 
prefix: 0 
suffix: 0 
prefix: 0 
suffix: 0 
prefix: 0 
suffix: 0 
prefix: 0 
suffix: 0 
2 14 15 11 24 19 1 3 10 27 20 16 18 21 4 29 22 25 5 6 9 17 13 23 30 7 8 12 28 26 
forward frontier
restricted destroy-repair dd compilation
restricted dd compilation - suffixes
running dd lns mip
num vars: 1454
obj from lns: 777
[loc arcIndex] route: 2 0 14 1 15 2 11 3 24 4 19 5 1 6 3 7 -1 289 
[loc arcIndex] route: 10 8 27 9 20 10 -2 305 
[loc arcIndex] route: 16 11 18 12 21 13 4 14 29 15 22 16 -2 335 
[loc arcIndex] route: 25 17 5 18 6 19 9 20 17 52 13 22 23 23 -3 371 
[loc arcIndex] route: 30 24 7 32 8 45 12 27 28 28 26 29 -1 399 
DD random seed:2844612526
running lns dd
destroy phase
prefix: 0 
suffix: 0 
prefix: 0 
suffix: 0 
prefix: 0 
suffix: 0 
prefix: 0 
suffix: 0 
prefix: 0 
suffix: 0 
2 14 15 11 24 19 1 3 10 27 20 16 18 21 4 29 22 25 5 6 9 17 13 23 30 7 8 12 28 26 
forward frontier
restricted destroy-repair dd compilation
restricted dd compilation - suffixes
running dd lns mip
num vars: 4242
obj from lns: 777
[loc arcIndex] route: 2 0 14 1 15 30 11 3 24 4 19 5 1 6 3 7 -5 776 
[loc arcIndex] route: 10 8 27 9 20 10 -5 791 
[loc arcIndex] route: 16 11 18 31 21 13 4 14 29 15 22 16 -1 817 
[loc arcIndex] route: 25 17 5 18 6 19 9 53 17 96 13 22 23 23 -5 856 
[loc arcIndex] route: 30 24 7 25 8 79 12 115 28 28 26 29 -4 885 
updated increasing parameter: 17
DD random seed:2983689088
running lns dd
destroy phase
prefix: 0 
suffix: 0 
prefix: 0 
suffix: 0 
prefix: 0 
suffix: 0 
prefix: 0 
suffix: 0 
prefix: 0 
suffix: 0 
2 14 15 11 24 19 1 3 10 27 20 16 18 21 4 29 22 25 5 6 9 17 13 23 30 7 8 12 28 26 
forward frontier
restricted destroy-repair dd compilation
restricted dd compilation - suffixes
running dd lns mip
num vars: 23669
obj from lns: 777
[loc arcIndex] route: 2 0 14 1 15 2 11 3 24 4 19 5 1 865 3 7 -1 4124 
[loc arcIndex] route: 10 8 27 9 20 10 -1 4139 
[loc arcIndex] route: 16 11 18 44 21 13 4 14 29 15 22 16 -3 4171 
[loc arcIndex] route: 25 17 5 18 6 19 9 20 17 21 13 22 23 23 -2 4205 
[loc arcIndex] route: 30 24 7 25 8 26 12 27 28 28 26 2481 -4 4237 
DD random seed:3830303054
running lns dd
destroy phase
prefix: 0 
suffix: 0 
prefix: 0 
suffix: 0 
prefix: 0 
suffix: 0 
prefix: 0 
suffix: 0 
prefix: 0 
suffix: 0 
2 14 15 11 24 19 1 3 10 27 20 16 18 21 4 29 22 25 5 6 9 17 13 23 30 7 8 12 28 26 
forward frontier
restricted destroy-repair dd compilation
restricted dd compilation - suffixes
running dd lns mip
num vars: 8944
obj from lns: 777
[loc arcIndex] route: 2 0 14 1 15 37 11 87 24 4 19 5 1 6 3 7 -5 1578 
[loc arcIndex] route: 10 8 27 30 20 45 -1 1589 
[loc arcIndex] route: 16 11 18 12 21 13 4 14 29 15 22 16 -5 1623 
[loc arcIndex] route: 25 17 5 18 6 19 9 20 17 21 13 22 23 23 -5 1658 
[loc arcIndex] route: 30 24 7 43 8 26 12 27 28 28 26 939 -1 1684 
DD random seed:4144553899
running lns dd
destroy phase
prefix: 0 
suffix: 0 
prefix: 0 
suffix: 0 
prefix: 0 
suffix: 0 
prefix: 0 
suffix: 0 
prefix: 0 
suffix: 0 
2 14 15 11 24 19 1 3 10 27 20 16 18 21 4 29 22 25 5 6 9 17 13 23 30 7 8 12 28 26 
forward frontier
restricted destroy-repair dd compilation
restricted dd compilation - suffixes
running dd lns mip
num vars: 31641
obj from lns: 777
[loc arcIndex] route: 2 0 14 1 15 2 11 241 24 4 19 5 1 1167 3 7 -1 5516 
[loc arcIndex] route: 10 8 27 9 20 79 -1 5531 
[loc arcIndex] route: 16 11 18 37 21 13 4 14 29 15 22 1359 -1 5561 
[loc arcIndex] route: 25 17 5 18 6 19 9 180 17 588 13 22 23 23 -5 5600 
[loc arcIndex] route: 30 24 7 25 8 26 12 27 28 28 26 3251 -5 5630 
DD random seed:1028791119
running lns dd
destroy phase
prefix: 0 
suffix: 0 
prefix: 0 
suffix: 0 
prefix: 0 
suffix: 0 
prefix: 0 
suffix: 0 
prefix: 0 
suffix: 0 
2 14 15 11 24 19 1 3 10 27 20 16 18 21 4 29 22 25 5 6 9 17 13 23 30 7 8 12 28 26 
forward frontier
restricted destroy-repair dd compilation
restricted dd compilation - suffixes
running dd lns mip
num vars: 14368
obj from lns: 777
[loc arcIndex] route: 2 0 14 1 15 2 11 134 24 4 19 5 1 510 3 7 -2 2509 
[loc arcIndex] route: 10 8 27 9 20 10 -2 2524 
[loc arcIndex] route: 16 11 18 12 21 13 4 14 29 15 22 16 -4 2556 
[loc arcIndex] route: 25 17 5 18 6 19 9 20 17 21 13 22 23 23 -1 2588 
[loc arcIndex] route: 30 24 7 25 8 162 12 27 28 28 26 29 -1 2618 
DD random seed:1568868925
running lns dd
destroy phase
prefix: 0 
suffix: 0 
prefix: 0 
suffix: 0 
prefix: 0 
suffix: 0 
prefix: 0 
suffix: 0 
prefix: 0 
suffix: 0 
2 14 15 11 24 19 1 3 10 27 20 16 18 21 4 29 22 25 5 6 9 17 13 23 30 7 8 12 28 26 
forward frontier
restricted destroy-repair dd compilation
restricted dd compilation - suffixes
running dd lns mip
num vars: 7987
obj from lns: 777
[loc arcIndex] route: 2 0 14 1 15 2 11 3 24 4 19 5 1 333 3 7 -3 1399 
[loc arcIndex] route: 10 8 27 33 20 10 -3 1414 
[loc arcIndex] route: 16 11 18 12 21 13 4 14 29 15 22 16 -3 1444 
[loc arcIndex] route: 25 17 5 37 6 19 9 20 17 21 13 22 23 23 -3 1479 
[loc arcIndex] route: 30 24 7 25 8 26 12 27 28 28 26 29 -3 1509 
DD random seed:1835562404
running lns dd
destroy phase
prefix: 0 
suffix: 0 
prefix: 0 
suffix: 0 
prefix: 0 
suffix: 0 
prefix: 0 
suffix: 0 
prefix: 0 
suffix: 0 
2 14 15 11 24 19 1 3 10 27 20 16 18 21 4 29 22 25 5 6 9 17 13 23 30 7 8 12 28 26 
forward frontier
restricted destroy-repair dd compilation
restricted dd compilation - suffixes
running dd lns mip
num vars: 22839
obj from lns: 777
[loc arcIndex] route: 2 0 14 1 15 2 11 157 24 4 19 5 1 742 3 7 -3 3941 
[loc arcIndex] route: 10 8 27 9 20 10 -2 3955 
[loc arcIndex] route: 16 11 18 12 21 13 4 14 29 15 22 16 -1 3984 
[loc arcIndex] route: 25 17 5 18 6 19 9 107 17 21 13 969 23 23 -1 4019 
[loc arcIndex] route: 30 24 7 25 8 26 12 27 28 28 26 29 -1 4049 
DD random seed:2718045597
running lns dd
destroy phase
prefix: 0 
suffix: 0 
prefix: 0 
suffix: 0 
prefix: 0 
suffix: 0 
prefix: 0 
suffix: 0 
prefix: 0 
suffix: 0 
2 14 15 11 24 19 1 3 10 27 20 16 18 21 4 29 22 25 5 6 9 17 13 23 30 7 8 12 28 26 
forward frontier
restricted destroy-repair dd compilation
restricted dd compilation - suffixes
running dd lns mip
num vars: 20970
obj from lns: 777
[loc arcIndex] route: 2 0 14 1 15 2 11 165 24 4 19 5 1 757 3 7 -2 3671 
[loc arcIndex] route: 10 8 27 9 20 10 -1 3685 
[loc arcIndex] route: 16 11 18 12 21 13 4 14 29 15 22 16 -1 3715 
[loc arcIndex] route: 25 17 5 18 6 85 9 20 17 21 13 22 23 23 -4 3753 
[loc arcIndex] route: 30 24 7 25 8 206 12 27 28 28 26 29 -1 3780 
DD random seed:3499987461
running lns dd
destroy phase
prefix: 0 
suffix: 0 
prefix: 0 
suffix: 0 
prefix: 0 
suffix: 0 
prefix: 0 
suffix: 0 
prefix: 0 
suffix: 0 
2 14 15 11 24 19 1 3 10 27 20 16 18 21 4 29 22 25 5 6 9 17 13 23 30 7 8 12 28 26 
forward frontier
restricted destroy-repair dd compilation
restricted dd compilation - suffixes
running dd lns mip
num vars: 3930
obj from lns: 777
[loc arcIndex] route: 2 0 14 1 15 2 11 3 24 4 19 5 1 6 3 7 -1 705 
[loc arcIndex] route: 10 8 27 9 20 33 -1 720 
[loc arcIndex] route: 16 11 18 12 21 42 4 14 29 15 22 16 -2 751 
[loc arcIndex] route: 25 17 5 18 6 19 9 20 17 101 13 217 23 475 -1 785 
[loc arcIndex] route: 30 24 7 25 8 26 12 27 28 28 26 29 -2 816 
DD random seed:3623011848
running lns dd
destroy phase
prefix: 0 
suffix: 0 
prefix: 0 
suffix: 0 
prefix: 0 
suffix: 0 
prefix: 0 
suffix: 0 
prefix: 0 
suffix: 0 
2 14 15 11 24 19 1 3 10 27 20 16 18 21 4 29 22 25 5 6 9 17 13 23 30 7 8 12 28 26 
forward frontier
restricted destroy-repair dd compilation
restricted dd compilation - suffixes
running dd lns mip
num vars: 16616
obj from lns: 777
[loc arcIndex] route: 2 0 14 1 15 2 11 135 24 4 19 473 1 624 3 7 -2 2892 
[loc arcIndex] route: 10 8 27 9 20 10 -1 2906 
[loc arcIndex] route: 16 11 18 12 21 67 4 14 29 15 22 16 -1 2936 
[loc arcIndex] route: 25 17 5 18 6 19 9 98 17 21 13 22 23 2042 -1 2971 
[loc arcIndex] route: 30 24 7 46 8 209 12 368 28 28 26 29 -1 3001 
DD random seed:4215792441
running lns dd
destroy phase
prefix: 0 
suffix: 0 
prefix: 0 
suffix: 0 
prefix: 0 
suffix: 0 
prefix: 0 
suffix: 0 
prefix: 0 
suffix: 0 
2 14 15 11 24 19 1 3 10 27 20 16 18 21 4 29 22 25 5 6 9 17 13 23 30 7 8 12 28 26 
forward frontier
restricted destroy-repair dd compilation
restricted dd compilation - suffixes
running dd lns mip
num vars: 25837
obj from lns: 777
[loc arcIndex] route: 2 0 14 1 15 2 11 3 24 4 19 576 1 6 3 7 -1 4472 
[loc arcIndex] route: 10 8 27 9 20 50 -1 4487 
[loc arcIndex] route: 16 11 18 12 21 13 4 14 29 355 22 16 -1 4517 
[loc arcIndex] route: 25 17 5 36 6 60 9 20 17 21 13 1136 23 23 -1 4552 
[loc arcIndex] route: 30 24 7 25 8 26 12 27 28 28 26 29 -2 4583 
updated increasing parameter: 18
DD random seed:878978081
running lns dd
destroy phase
prefix: 0 
suffix: 0 
prefix: 0 
suffix: 0 
prefix: 0 
suffix: 0 
prefix: 0 
suffix: 0 
prefix: 0 
suffix: 0 
2 14 15 11 24 19 1 3 10 27 20 16 18 21 4 29 22 25 5 6 9 17 13 23 30 7 8 12 28 26 
forward frontier
restricted destroy-repair dd compilation
restricted dd compilation - suffixes
running dd lns mip
num vars: 14440
obj from lns: 777
[loc arcIndex] route: 2 0 14 1 15 2 11 3 24 4 19 5 1 529 3 7 -1 2505 
[loc arcIndex] route: 10 8 27 34 20 62 -2 2521 
[loc arcIndex] route: 16 11 18 12 21 13 4 14 29 15 22 16 -4 2553 
[loc arcIndex] route: 25 17 5 18 6 19 9 91 17 21 13 696 23 23 -1 2585 
[loc arcIndex] route: 30 24 7 52 8 26 12 27 28 879 26 29 -2 2616 
DD random seed:1403228052
running lns dd
destroy phase
prefix: 0 
suffix: 0 
prefix: 0 
suffix: 0 
prefix: 0 
suffix: 0 
prefix: 0 
suffix: 0 
prefix: 0 
suffix: 0 
2 14 15 11 24 19 1 3 10 27 20 16 18 21 4 29 22 25 5 6 9 17 13 23 30 7 8 12 28 26 
forward frontier
restricted destroy-repair dd compilation
restricted dd compilation - suffixes
running dd lns mip
num vars: 9799
obj from lns: 777
[loc arcIndex] route: 2 0 14 1 15 2 11 3 24 4 19 273 1 6 3 7 -1 1724 
[loc arcIndex] route: 10 8 27 36 20 56 -1 1739 
[loc arcIndex] route: 16 11 18 12 21 13 4 14 29 15 22 467 -5 1773 
[loc arcIndex] route: 25 17 5 40 6 19 9 20 17 21 13 494 23 23 -1 1804 
[loc arcIndex] route: 30 24 7 25 8 26 12 27 28 28 26 29 -1 1834 
DD random seed:1744233801
running lns dd
destroy phase
prefix: 0 
suffix: 0 
prefix: 0 
suffix: 0 
prefix: 0 
suffix: 0 
prefix: 0 
suffix: 0 
prefix: 0 
suffix: 0 
2 14 15 11 24 19 1 3 10 27 20 16 18 21 4 29 22 25 5 6 9 17 13 23 30 7 8 12 28 26 
forward frontier
restricted destroy-repair dd compilation
restricted dd compilation - suffixes
running dd lns mip
num vars: 20653
obj from lns: 777
[loc arcIndex] route: 2 0 14 1 15 2 11 3 24 4 19 5 1 6 3 7 -1 3598 
[loc arcIndex] route: 10 8 27 9 20 88 -1 3613 
[loc arcIndex] route: 16 11 18 12 21 13 4 14 29 15 22 16 -4 3646 
[loc arcIndex] route: 25 17 5 44 6 19 9 20 17 454 13 22 23 23 -1 3678 
[loc arcIndex] route: 30 24 7 25 8 251 12 27 28 28 26 29 -1 3708 
DD random seed:2514127046
running lns dd
destroy phase
prefix: 0 
suffix: 0 
prefix: 0 
suffix: 0 
prefix: 0 
suffix: 0 
prefix: 0 
suffix: 0 
prefix: 0 
suffix: 0 
2 14 15 11 24 19 1 3 10 27 20 16 18 21 4 29 22 25 5 6 9 17 13 23 30 7 8 12 28 26 
forward frontier
restricted destroy-repair dd compilation
restricted dd compilation - suffixes
running dd lns mip
num vars: 29005
obj from lns: 777
[loc arcIndex] route: 2 0 14 1 15 2 11 3 24 364 19 5 1 6 3 7 -2 5051 
[loc arcIndex] route: 10 8 27 9 20 10 -2 5066 
[loc arcIndex] route: 16 11 18 12 21 13 4 14 29 15 22 16 -1 5095 
[loc arcIndex] route: 25 17 5 40 6 19 9 20 17 21 13 22 23 23 -1 5130 
[loc arcIndex] route: 30 24 7 25 8 26 12 27 28 28 26 29 -5 5164 
DD random seed:3615250789
running lns dd
destroy phase
prefix: 0 
suffix: 0 
prefix: 0 
suffix: 0 
prefix: 0 
suffix: 0 
prefix: 0 
suffix: 0 
prefix: 0 
suffix: 0 
2 14 15 11 24 19 1 3 10 27 20 16 18 21 4 29 22 25 5 6 9 17 13 23 30 7 8 12 28 26 
forward frontier
restricted destroy-repair dd compilation
restricted dd compilation - suffixes
running dd lns mip
num vars: 10949
obj from lns: 777
[loc arcIndex] route: 2 0 14 1 15 2 11 3 24 4 19 5 1 6 3 7 -3 1921 
[loc arcIndex] route: 10 8 27 9 20 10 -3 1936 
[loc arcIndex] route: 16 11 18 12 21 13 4 71 29 15 22 16 -1 1964 
[loc arcIndex] route: 25 17 5 18 6 59 9 20 17 214 13 22 23 23 -1 1999 
[loc arcIndex] route: 30 24 7 46 8 26 12 27 28 28 26 29 -1 2029 
DD random seed:4012489038
running lns dd
destroy phase
prefix: 0 
suffix: 0 
prefix: 0 
suffix: 0 
prefix: 0 
suffix: 0 
prefix: 0 
suffix: 0 
prefix: 0 
suffix: 0 
2 14 15 11 24 19 1 3 10 27 20 16 18 21 4 29 22 25 5 6 9 17 13 23 30 7 8 12 28 26 
forward frontier
restricted destroy-repair dd compilation
restricted dd compilation - suffixes
running dd lns mip
num vars: 4387
obj from lns: 777
[loc arcIndex] route: 2 0 14 1 15 2 11 89 24 4 19 183 1 6 3 7 -3 784 
[loc arcIndex] route: 10 8 27 9 20 44 -2 798 
[loc arcIndex] route: 16 11 18 12 21 13 4 14 29 15 22 16 -1 827 
[loc arcIndex] route: 25 17 5 18 6 19 9 20 17 21 13 22 23 566 -5 866 
[loc arcIndex] route: 30 24 7 25 8 113 12 27 28 28 26 29 -2 893 
DD random seed:4136932712
running lns dd
destroy phase
prefix: 0 
suffix: 0 
prefix: 0 
suffix: 0 
prefix: 0 
suffix: 0 
prefix: 0 
suffix: 0 
prefix: 0 
suffix: 0 
2 14 15 11 24 19 1 3 10 27 20 16 18 21 4 29 22 25 5 6 9 17 13 23 30 7 8 12 28 26 
forward frontier
restricted destroy-repair dd compilation
restricted dd compilation - suffixes
running dd lns mip
num vars: 26095
obj from lns: 777
[loc arcIndex] route: 2 0 14 1 15 2 11 3 24 4 19 5 1 6 3 7 -1 4540 
[loc arcIndex] route: 10 8 27 9 20 10 -3 4557 
[loc arcIndex] route: 16 11 18 12 21 13 4 14 29 497 22 16 -1 4585 
[loc arcIndex] route: 25 17 5 18 6 19 9 20 17 21 13 1159 23 23 -1 4620 
[loc arcIndex] route: 30 24 7 73 8 26 12 27 28 28 26 29 -1 4650 
DD random seed:855347168
running lns dd
destroy phase
prefix: 0 
suffix: 0 
prefix: 0 
suffix: 0 
prefix: 0 
suffix: 0 
prefix: 0 
suffix: 0 
prefix: 0 
suffix: 0 
2 14 15 11 24 19 1 3 10 27 20 16 18 21 4 29 22 25 5 6 9 17 13 23 30 7 8 12 28 26 
forward frontier
restricted destroy-repair dd compilation
restricted dd compilation - suffixes
running dd lns mip
num vars: 27741
obj from lns: 777
[loc arcIndex] route: 2 0 14 1 15 2 11 3 24 4 19 5 1 6 3 7 -2 4812 
[loc arcIndex] route: 10 8 27 9 20 10 -2 4827 
[loc arcIndex] route: 16 11 18 12 21 13 4 14 29 409 22 1096 -4 4859 
[loc arcIndex] route: 25 17 5 18 6 19 9 125 17 21 13 22 23 23 -1 4891 
[loc arcIndex] route: 30 24 7 25 8 26 12 27 28 28 26 29 -3 4923 
DD random seed:1912573493
running lns dd
destroy phase
prefix: 0 
suffix: 0 
prefix: 0 
suffix: 0 
prefix: 0 
suffix: 0 
prefix: 0 
suffix: 0 
prefix: 0 
suffix: 0 
2 14 15 11 24 19 1 3 10 27 20 16 18 21 4 29 22 25 5 6 9 17 13 23 30 7 8 12 28 26 
forward frontier
restricted destroy-repair dd compilation
restricted dd compilation - suffixes
running dd lns mip
num vars: 14242
obj from lns: 777
[loc arcIndex] route: 2 0 14 1 15 2 11 3 24 4 19 5 1 6 3 7 -2 2498 
[loc arcIndex] route: 10 8 27 9 20 10 -2 2513 
[loc arcIndex] route: 16 11 18 12 21 13 4 14 29 15 22 16 -3 2544 
[loc arcIndex] route: 25 17 5 33 6 19 9 121 17 323 13 22 23 23 -1 2577 
[loc arcIndex] route: 30 24 7 56 8 26 12 27 28 28 26 29 -3 2609 
DD random seed:2450091671
running lns dd
destroy phase
prefix: 0 
suffix: 0 
prefix: 0 
suffix: 0 
prefix: 0 
suffix: 0 
prefix: 0 
suffix: 0 
prefix: 0 
suffix: 0 
2 14 15 11 24 19 1 3 10 27 20 16 18 21 4 29 22 25 5 6 9 17 13 23 30 7 8 12 28 26 
forward frontier
restricted destroy-repair dd compilation
restricted dd compilation - suffixes
running dd lns mip
num vars: 38175
obj from lns: 777
[loc arcIndex] route: 2 0 14 1 15 2 11 3 24 4 19 5 1 6 3 7 -2 6621 
[loc arcIndex] route: 10 8 27 9 20 10 -3 6637 
[loc arcIndex] route: 16 11 18 12 21 13 4 14 29 15 22 16 -1 6665 
[loc arcIndex] route: 25 17 5 18 6 19 9 316 17 765 13 22 23 23 -1 6700 
[loc arcIndex] route: 30 24 7 142 8 26 12 27 28 28 26 29 -1 6730 
updated increasing parameter: 19
DD random seed:3935594677
running lns dd
destroy phase
prefix: 0 
suffix: 0 
prefix: 0 
suffix: 0 
prefix: 0 
suffix: 0 
prefix: 0 
suffix: 0 
prefix: 0 
suffix: 0 
2 14 15 11 24 19 1 3 10 27 20 16 18 21 4 29 22 25 5 6 9 17 13 23 30 7 8 12 28 26 
forward frontier
restricted destroy-repair dd compilation
restricted dd compilation - suffixes
running dd lns mip
num vars: 20551
obj from lns: 777
[loc arcIndex] route: 2 0 14 1 15 2 11 165 24 4 19 5 1 6 3 7 -2 3572 
[loc arcIndex] route: 10 8 27 9 20 55 -1 3586 
[loc arcIndex] route: 16 11 18 38 21 13 4 14 29 368 22 838 -1 3616 
[loc arcIndex] route: 25 17 5 18 6 19 9 124 17 21 13 945 23 23 -2 3652 
[loc arcIndex] route: 30 24 7 25 8 26 12 27 28 28 26 29 -2 3682 
DD random seed:350814388
running lns dd
destroy phase
prefix: 0 
suffix: 0 
prefix: 0 
suffix: 0 
prefix: 0 
suffix: 0 
prefix: 0 
suffix: 0 
prefix: 0 
suffix: 0 
2 14 15 11 24 19 1 3 10 27 20 16 18 21 4 29 22 25 5 6 9 17 13 23 30 7 8 12 28 26 
forward frontier
restricted destroy-repair dd compilation
restricted dd compilation - suffixes
running dd lns mip
num vars: 15589
obj from lns: 777
[loc arcIndex] route: 2 0 14 1 15 2 11 3 24 4 19 5 1 6 3 7 -1 2729 
[loc arcIndex] route: 10 8 27 9 20 10 -4 2747 
[loc arcIndex] route: 16 11 18 12 21 13 4 14 29 15 22 16 -1 2774 
[loc arcIndex] route: 25 17 5 18 6 19 9 20 17 21 13 22 23 23 -1 2809 
[loc arcIndex] route: 30 24 7 25 8 26 12 27 28 28 26 1646 -1 2839 
DD random seed:923788818
running lns dd
destroy phase
prefix: 0 
suffix: 0 
prefix: 0 
suffix: 0 
prefix: 0 
suffix: 0 
prefix: 0 
suffix: 0 
prefix: 0 
suffix: 0 
2 14 15 11 24 19 1 3 10 27 20 16 18 21 4 29 22 25 5 6 9 17 13 23 30 7 8 12 28 26 
forward frontier
restricted destroy-repair dd compilation
restricted dd compilation - suffixes
running dd lns mip
num vars: 12079
obj from lns: 777
[loc arcIndex] route: 2 0 14 1 15 2 11 132 24 4 19 5 1 6 3 7 -5 2103 
[loc arcIndex] route: 10 8 27 9 20 10 -5 2118 
[loc arcIndex] route: 16 11 18 45 21 13 22 118 29 249 4 556 -4 4782 
[loc arcIndex] route: 25 17 5 18 6 19 9 20 17 21 13 563 23 23 -1 2179 
[loc arcIndex] route: 30 24 7 25 8 26 12 27 28 28 26 1302 -5 2213 
DD random seed:1363068227
running lns dd
destroy phase
prefix: 0 
suffix: 0 
prefix: 0 
suffix: 0 
prefix: 0 
suffix: 0 
prefix: 0 
suffix: 0 
prefix: 0 
suffix: 0 
2 14 15 11 24 19 1 3 10 27 20 16 18 21 4 29 22 25 5 6 9 17 13 23 30 7 8 12 28 26 
forward frontier
restricted destroy-repair dd compilation
restricted dd compilation - suffixes
running dd lns mip
num vars: 12667
obj from lns: 777
[loc arcIndex] route: 2 0 14 1 15 2 11 135 24 4 19 5 1 6 3 7 -2 2218 
[loc arcIndex] route: 10 8 27 9 20 10 -2 2233 
[loc arcIndex] route: 16 11 18 12 21 13 4 104 29 250 22 16 -1 2262 
[loc arcIndex] route: 25 17 5 44 6 19 9 20 17 21 13 641 23 23 -2 2298 
[loc arcIndex] route: 30 24 7 69 8 179 12 295 28 28 26 29 -5 2331 
DD random seed:1815308478
running lns dd
destroy phase
prefix: 0 
suffix: 0 
prefix: 0 
suffix: 0 
prefix: 0 
suffix: 0 
prefix: 0 
suffix: 0 
prefix: 0 
suffix: 0 
2 14 15 11 24 19 1 3 10 27 20 16 18 21 4 29 22 25 5 6 9 17 13 23 30 7 8 12 28 26 
forward frontier
restricted destroy-repair dd compilation
restricted dd compilation - suffixes
running dd lns mip
num vars: 28908
obj from lns: 777
[loc arcIndex] route: 2 0 14 1 15 2 11 3 24 4 19 5 1 6 3 7 -1 4983 
[loc arcIndex] route: 10 8 27 34 20 10 -1 4998 
[loc arcIndex] route: 16 11 18 12 21 13 4 14 29 15 22 16 -5 5032 
[loc arcIndex] route: 25 17 5 39 6 19 9 20 17 21 13 22 23 23 -5 5067 
[loc arcIndex] route: 30 24 7 96 8 26 12 708 28 28 26 3094 -4 5096 
DD random seed:2898027277
running lns dd
destroy phase
prefix: 0 
suffix: 0 
prefix: 0 
suffix: 0 
prefix: 0 
suffix: 0 
prefix: 0 
suffix: 0 
prefix: 0 
suffix: 0 
2 14 15 11 24 19 1 3 10 27 20 16 18 21 4 29 22 25 5 6 9 17 13 23 30 7 8 12 28 26 
forward frontier
restricted destroy-repair dd compilation
restricted dd compilation - suffixes
running dd lns mip
num vars: 27542
obj from lns: 777
[loc arcIndex] route: 2 0 14 1 15 63 11 251 24 4 19 742 1 6 3 7 -2 4823 
[loc arcIndex] route: 10 8 27 9 20 10 -1 4837 
[loc arcIndex] route: 16 11 18 12 21 13 4 195 29 15 22 16 -1 4867 
[loc arcIndex] route: 25 17 5 18 6 19 9 20 17 21 13 1329 23 23 -1 4902 
[loc arcIndex] route: 30 24 7 98 8 329 12 583 28 28 26 29 -1 4932 
DD random seed:4128400319
running lns dd
destroy phase
prefix: 0 
suffix: 0 
prefix: 0 
suffix: 0 
prefix: 0 
suffix: 0 
prefix: 0 
suffix: 0 
prefix: 0 
suffix: 0 
2 14 15 11 24 19 1 3 10 27 20 16 18 21 4 29 22 25 5 6 9 17 13 23 30 7 8 12 28 26 
forward frontier
restricted destroy-repair dd compilation
restricted dd compilation - suffixes
running dd lns mip
num vars: 19177
obj from lns: 777
[loc arcIndex] route: 2 0 14 1 15 2 11 3 24 4 19 5 1 753 3 7 -1 3347 
[loc arcIndex] route: 10 8 27 9 20 10 -1 3362 
[loc arcIndex] route: 16 11 18 42 21 13 4 14 29 15 22 827 -1 3392 
[loc arcIndex] route: 25 17 5 32 6 19 9 20 17 21 13 22 23 23 -4 3430 
[loc arcIndex] route: 30 24 7 61 8 26 12 27 28 28 26 29 -4 3460 
DD random seed:555089953
running lns dd
destroy phase
prefix: 0 
suffix: 0 
prefix: 0 
suffix: 0 
prefix: 0 
suffix: 0 
prefix: 0 
suffix: 0 
prefix: 0 
suffix: 0 
2 14 15 11 24 19 1 3 10 27 20 16 18 21 4 29 22 25 5 6 9 17 13 23 30 7 8 12 28 26 
forward frontier
restricted destroy-repair dd compilation
restricted dd compilation - suffixes
running dd lns mip
num vars: 36308
obj from lns: 777
[loc arcIndex] route: 2 0 14 1 15 2 11 3 24 4 19 930 1 1297 3 7 -1 6318 
[loc arcIndex] route: 10 8 27 32 20 10 -1 6333 
[loc arcIndex] route: 16 11 18 55 21 13 4 14 29 15 22 1467 -1 6363 
[loc arcIndex] route: 25 17 5 18 6 120 9 174 17 21 13 22 23 23 -1 6398 
[loc arcIndex] route: 30 24 7 25 8 26 12 729 28 28 26 29 -5 6432 
DD random seed:2031461660
running lns dd
destroy phase
prefix: 0 
suffix: 0 
prefix: 0 
suffix: 0 
prefix: 0 
suffix: 0 
prefix: 0 
suffix: 0 
prefix: 0 
suffix: 0 
2 14 15 11 24 19 1 3 10 27 20 16 18 21 4 29 22 25 5 6 9 17 13 23 30 7 8 12 28 26 
forward frontier
restricted destroy-repair dd compilation
restricted dd compilation - suffixes
running dd lns mip
num vars: 52397
obj from lns: 777
[loc arcIndex] route: 2 0 14 1 15 2 11 3 24 426 19 5 1 1833 3 7 -1 9042 
[loc arcIndex] route: 10 8 27 30 20 10 -1 9057 
[loc arcIndex] route: 16 11 18 12 21 13 4 14 29 15 22 16 -1 9087 
[loc arcIndex] route: 25 17 5 18 6 19 9 20 17 21 13 22 23 23 -1 9122 
[loc arcIndex] route: 30 24 7 25 8 26 12 27 28 28 26 29 -1 9152 
DD random seed:4252652457
running lns dd
destroy phase
prefix: 0 
suffix: 0 
prefix: 0 
suffix: 0 
prefix: 0 
suffix: 0 
prefix: 0 
suffix: 0 
prefix: 0 
suffix: 0 
2 14 15 11 24 19 1 3 10 27 20 16 18 21 4 29 22 25 5 6 9 17 13 23 30 7 8 12 28 26 
forward frontier
restricted destroy-repair dd compilation
restricted dd compilation - suffixes
running dd lns mip
num vars: 39568
obj from lns: 777
[loc arcIndex] route: 2 0 14 1 15 2 11 3 24 320 19 933 1 6 3 7 -1 6873 
[loc arcIndex] route: 10 8 27 9 20 10 -1 6888 
[loc arcIndex] route: 16 11 18 62 21 13 4 14 29 15 22 1522 -5 6922 
[loc arcIndex] route: 25 17 5 34 6 19 9 20 17 21 13 1769 23 23 -1 6953 
[loc arcIndex] route: 30 24 7 66 8 26 12 27 28 28 26 29 -1 6983 
updated increasing parameter: 20
DD random seed:1504742349
running lns dd
destroy phase
prefix: 0 
suffix: 0 
prefix: 0 
suffix: 0 
prefix: 0 
suffix: 0 
prefix: 0 
suffix: 0 
prefix: 0 
suffix: 0 
2 14 15 11 24 19 1 3 10 27 20 16 18 21 4 29 22 25 5 6 9 17 13 23 30 7 8 12 28 26 
forward frontier
restricted destroy-repair dd compilation
restricted dd compilation - suffixes
running dd lns mip
num vars: 15746
obj from lns: 777
[loc arcIndex] route: 2 0 14 1 15 2 11 3 24 4 19 5 1 582 3 7 -1 2746 
[loc arcIndex] route: 10 8 27 9 20 10 -1 2761 
[loc arcIndex] route: 16 11 18 12 21 13 4 98 29 312 22 16 -1 2791 
[loc arcIndex] route: 25 17 5 18 6 19 9 121 17 21 13 763 23 23 -1 2826 
[loc arcIndex] route: 30 24 7 68 8 26 12 367 28 875 26 29 -1 2856 
DD random seed:2099490717
running lns dd
destroy phase
prefix: 0 
suffix: 0 
prefix: 0 
suffix: 0 
prefix: 0 
suffix: 0 
prefix: 0 
suffix: 0 
prefix: 0 
suffix: 0 
2 14 15 11 24 19 1 3 10 27 20 16 18 21 4 29 22 25 5 6 9 17 13 23 30 7 8 12 28 26 
forward frontier
restricted destroy-repair dd compilation
restricted dd compilation - suffixes
running dd lns mip
num vars: 9504
obj from lns: 777
[loc arcIndex] route: 2 0 14 1 15 2 11 78 24 4 19 252 1 353 3 7 -2 1685 
[loc arcIndex] route: 10 8 27 9 20 10 -2 1700 
[loc arcIndex] route: 16 11 18 12 21 13 4 14 22 136 29 538 -1 4214 
[loc arcIndex] route: 25 17 5 30 6 19 9 20 17 21 13 22 23 23 -2 1765 
[loc arcIndex] route: 30 24 7 39 8 26 12 27 28 28 26 1001 -1 1794 
DD random seed:2453916543
running lns dd
destroy phase
prefix: 0 
suffix: 0 
prefix: 0 
suffix: 0 
prefix: 0 
suffix: 0 
prefix: 0 
suffix: 0 
prefix: 0 
suffix: 0 
2 14 15 11 24 19 1 3 10 27 20 16 18 21 4 29 22 25 5 6 9 17 13 23 30 7 8 12 28 26 
forward frontier
restricted destroy-repair dd compilation
restricted dd compilation - suffixes
running dd lns mip
num vars: 15854
obj from lns: 777
[loc arcIndex] route: 2 0 14 1 15 2 11 3 24 4 19 5 1 6 3 7 -2 2750 
[loc arcIndex] route: 10 8 27 9 20 10 -2 2765 
[loc arcIndex] route: 16 11 18 12 21 13 4 14 29 15 22 16 -1 2794 
[loc arcIndex] route: 25 17 5 33 6 19 9 20 17 21 13 22 23 23 -1 2829 
[loc arcIndex] route: 30 24 7 25 8 26 12 27 28 28 26 29 -5 2863 
DD random seed:3053477973
running lns dd
destroy phase
prefix: 0 
suffix: 0 
prefix: 0 
suffix: 0 
prefix: 0 
suffix: 0 
prefix: 0 
suffix: 0 
prefix: 0 
suffix: 0 
2 14 15 11 24 19 1 3 10 27 20 16 18 21 4 29 22 25 5 6 9 17 13 23 30 7 8 12 28 26 
forward frontier
restricted destroy-repair dd compilation
restricted dd compilation - suffixes
running dd lns mip
num vars: 65717
obj from lns: 777
[loc arcIndex] route: 2 0 14 1 15 85 11 3 24 4 19 1803 1 6 3 7 -1 11412 
[loc arcIndex] route: 10 8 27 9 20 10 -2 11428 
[loc arcIndex] route: 16 11 18 12 21 13 4 380 29 15 22 16 -4 11460 
[loc arcIndex] route: 25 17 5 53 6 19 9 20 17 21 13 22 23 23 -4 11495 
[loc arcIndex] route: 30 24 7 138 8 26 12 27 28 28 26 29 -3 11524 
DD random seed:1677842297
running lns dd
destroy phase
prefix: 0 
suffix: 0 
prefix: 0 
suffix: 0 
prefix: 0 
suffix: 0 
prefix: 0 
suffix: 0 
prefix: 0 
suffix: 0 
2 14 15 11 24 19 1 3 10 27 20 16 18 21 4 29 22 25 5 6 9 17 13 23 30 7 8 12 28 26 
forward frontier
restricted destroy-repair dd compilation
restricted dd compilation - suffixes
running dd lns mip
num vars: 3390
obj from lns: 777
[loc arcIndex] route: 2 0 14 1 15 2 11 3 24 4 19 5 1 6 3 7 -1 620 
[loc arcIndex] route: 10 8 27 9 20 10 -4 638 
[loc arcIndex] route: 16 11 18 32 21 13 4 14 29 65 22 16 -3 667 
[loc arcIndex] route: 25 17 5 18 6 19 9 20 17 21 13 22 23 23 -1 700 
[loc arcIndex] route: 30 24 7 34 8 26 12 27 28 28 26 29 -4 733 
DD random seed:1785176979
running lns dd
destroy phase
prefix: 0 
suffix: 0 
prefix: 0 
suffix: 0 
prefix: 0 
suffix: 0 
prefix: 0 
suffix: 0 
prefix: 0 
suffix: 0 
2 14 15 11 24 19 1 3 10 27 20 16 18 21 4 29 22 25 5 6 9 17 13 23 30 7 8 12 28 26 
forward frontier
restricted destroy-repair dd compilation
restricted dd compilation - suffixes
running dd lns mip
num vars: 9709
obj from lns: 777
[loc arcIndex] route: 2 0 14 1 15 2 11 3 24 4 19 5 1 405 3 7 -5 1693 
[loc arcIndex] route: 10 8 27 9 20 10 -1 1704 
[loc arcIndex] route: 16 11 18 12 21 13 4 14 29 200 22 16 -1 1734 
[loc arcIndex] route: 25 17 5 38 6 19 9 20 17 21 13 22 23 23 -4 1772 
[loc arcIndex] route: 30 24 7 61 8 132 12 27 28 28 26 29 -2 1800 
DD random seed:2119539697
running lns dd
destroy phase
prefix: 0 
suffix: 0 
prefix: 0 
suffix: 0 
prefix: 0 
suffix: 0 
prefix: 0 
suffix: 0 
prefix: 0 
suffix: 0 
2 14 15 11 24 19 1 3 10 27 20 16 18 21 4 29 22 25 5 6 9 17 13 23 30 7 8 12 28 26 
forward frontier
restricted destroy-repair dd compilation
restricted dd compilation - suffixes
running dd lns mip
num vars: 26046
obj from lns: 777
[loc arcIndex] route: 2 0 14 1 15 2 11 253 24 4 19 5 1 6 3 7 -5 4525 
[loc arcIndex] route: 10 8 27 9 20 10 -1 4536 
[loc arcIndex] route: 16 11 18 70 21 13 4 187 29 15 22 16 -1 4566 
[loc arcIndex] route: 25 17 5 39 6 19 9 20 17 21 13 22 23 3262 -4 4604 
[loc arcIndex] route: 30 24 7 82 8 26 12 27 28 28 26 2813 -3 4633 
DD random seed:3125045047
running lns dd
destroy phase
prefix: 0 
suffix: 0 
prefix: 0 
suffix: 0 
prefix: 0 
suffix: 0 
prefix: 0 
suffix: 0 
prefix: 0 
suffix: 0 
2 14 15 11 24 19 1 3 10 27 20 16 18 21 4 29 22 25 5 6 9 17 13 23 30 7 8 12 28 26 
forward frontier
restricted destroy-repair dd compilation
restricted dd compilation - suffixes
running dd lns mip
num vars: 13325
obj from lns: 777
[loc arcIndex] route: 2 0 14 1 15 2 11 3 24 122 19 5 1 6 3 7 -3 2342 
[loc arcIndex] route: 10 8 27 9 20 65 -2 2356 
[loc arcIndex] route: 16 11 18 12 21 13 4 14 29 15 22 16 -2 2386 
[loc arcIndex] route: 25 17 5 31 6 19 9 20 17 21 13 22 23 23 -2 2421 
[loc arcIndex] route: 30 24 7 25 8 26 12 27 28 819 26 29 -1 2450 
DD random seed:3621643010
running lns dd
destroy phase
prefix: 0 
suffix: 0 
prefix: 0 
suffix: 0 
prefix: 0 
suffix: 0 
prefix: 0 
suffix: 0 
prefix: 0 
suffix: 0 
2 14 15 11 24 19 1 3 10 27 20 16 18 21 4 29 22 25 5 6 9 17 13 23 30 7 8 12 28 26 
forward frontier
restricted destroy-repair dd compilation
restricted dd compilation - suffixes
running dd lns mip
num vars: 21874
obj from lns: 777
[loc arcIndex] route: 2 0 14 1 15 43 11 159 24 4 19 501 1 6 3 7 -3 3791 
[loc arcIndex] route: 10 8 27 34 20 73 -3 3806 
[loc arcIndex] route: 16 11 18 12 21 13 4 14 22 358 29 1163 -4 9382 
[loc arcIndex] route: 25 17 5 35 6 19 9 20 17 21 13 22 23 23 -1 3869 
[loc arcIndex] route: 30 24 7 25 8 26 12 27 28 28 26 29 -3 3901 
DD random seed:106225976
running lns dd
destroy phase
prefix: 0 
suffix: 0 
prefix: 0 
suffix: 0 
prefix: 0 
suffix: 0 
prefix: 0 
suffix: 0 
prefix: 0 
suffix: 0 
2 14 15 11 24 19 1 3 10 27 20 16 18 21 4 29 22 25 5 6 9 17 13 23 30 7 8 12 28 26 
forward frontier
restricted destroy-repair dd compilation
restricted dd compilation - suffixes
running dd lns mip
num vars: 20022
obj from lns: 777
[loc arcIndex] route: 2 0 14 1 15 2 11 3 24 4 19 5 1 6 3 7 -1 3492 
[loc arcIndex] route: 10 8 27 9 20 10 -3 3509 
[loc arcIndex] route: 16 11 18 52 21 13 4 14 29 15 22 820 -2 3538 
[loc arcIndex] route: 25 17 5 18 6 19 9 20 17 21 13 22 23 23 -1 3572 
[loc arcIndex] route: 30 24 7 76 8 26 12 27 28 28 26 29 -1 3602 
updated increasing parameter: 21
DD random seed:858644455
running lns dd
destroy phase
prefix: 0 
suffix: 0 
prefix: 0 
suffix: 0 
prefix: 0 
suffix: 0 
prefix: 0 
suffix: 0 
prefix: 0 
suffix: 0 
2 14 15 11 24 19 1 3 10 27 20 16 18 21 4 29 22 25 5 6 9 17 13 23 30 7 8 12 28 26 
forward frontier
restricted destroy-repair dd compilation
restricted dd compilation - suffixes
running dd lns mip
num vars: 9837
obj from lns: 777
[loc arcIndex] route: 2 0 14 1 15 2 11 76 24 4 19 5 1 6 3 7 -2 1748 
[loc arcIndex] route: 10 8 27 9 20 10 -1 1762 
[loc arcIndex] route: 16 11 18 12 21 13 4 14 29 179 22 16 -2 1793 
[loc arcIndex] route: 25 17 5 18 6 19 9 20 17 21 13 484 23 23 -1 1827 
[loc arcIndex] route: 30 24 7 25 8 99 12 204 28 28 26 29 -1 1857 
DD random seed:1191581012
running lns dd
destroy phase
prefix: 0 
suffix: 0 
prefix: 0 
suffix: 0 
prefix: 0 
suffix: 0 
prefix: 0 
suffix: 0 
prefix: 0 
suffix: 0 
2 14 15 11 24 19 1 3 10 27 20 16 18 21 4 29 22 25 5 6 9 17 13 23 30 7 8 12 28 26 
forward frontier
restricted destroy-repair dd compilation
restricted dd compilation - suffixes
running dd lns mip
num vars: 37034
obj from lns: 777
[loc arcIndex] route: 2 0 14 1 15 2 11 295 24 4 19 1004 1 6 3 7 -1 6424 
[loc arcIndex] route: 10 8 27 33 20 10 -1 6439 
[loc arcIndex] route: 16 11 18 12 21 13 4 14 29 15 22 1587 -2 6470 
[loc arcIndex] route: 25 17 5 18 6 19 9 20 17 21 13 22 23 23 -2 6505 
[loc arcIndex] route: 30 24 7 25 8 26 12 799 28 28 26 29 -5 6538 
DD random seed:2704996801
running lns dd
destroy phase
prefix: 0 
suffix: 0 
prefix: 0 
suffix: 0 
prefix: 0 
suffix: 0 
prefix: 0 
suffix: 0 
prefix: 0 
suffix: 0 
2 14 15 11 24 19 1 3 10 27 20 16 18 21 4 29 22 25 5 6 9 17 13 23 30 7 8 12 28 26 
forward frontier
restricted destroy-repair dd compilation
restricted dd compilation - suffixes
running dd lns mip
num vars: 12929
obj from lns: 777
[loc arcIndex] route: 2 0 14 1 15 45 11 122 24 4 19 5 1 6 3 7 -1 2254 
[loc arcIndex] route: 10 8 27 9 20 10 -1 2269 
[loc arcIndex] route: 16 11 18 12 21 13 4 105 29 15 22 16 -5 2303 
[loc arcIndex] route: 25 17 5 32 6 19 9 20 17 21 13 652 23 23 -5 2338 
[loc arcIndex] route: 30 24 7 25 8 26 12 27 28 28 26 1365 -1 2364 
DD random seed:3189205320
running lns dd
destroy phase
prefix: 0 
suffix: 0 
prefix: 0 
suffix: 0 
prefix: 0 
suffix: 0 
prefix: 0 
suffix: 0 
prefix: 0 
suffix: 0 
2 14 15 11 24 19 1 3 10 27 20 16 18 21 4 29 22 25 5 6 9 17 13 23 30 7 8 12 28 26 
forward frontier
restricted destroy-repair dd compilation
restricted dd compilation - suffixes
running dd lns mip
num vars: 30652
obj from lns: 777
[loc arcIndex] route: 2 0 14 1 15 2 11 194 24 4 19 5 1 1150 3 7 -5 5356 
[loc arcIndex] route: 10 8 27 9 20 10 -1 5367 
[loc arcIndex] route: 16 11 18 12 21 13 4 14 29 559 22 16 -1 5397 
[loc arcIndex] route: 25 17 5 31 6 19 9 20 17 21 13 22 23 3883 -1 5432 
[loc arcIndex] route: 30 24 7 25 8 26 12 622 28 28 26 3161 -1 5462 
DD random seed:97304458
running lns dd
destroy phase
prefix: 0 
suffix: 0 
prefix: 0 
suffix: 0 
prefix: 0 
suffix: 0 
prefix: 0 
suffix: 0 
prefix: 0 
suffix: 0 
2 14 15 11 24 19 1 3 10 27 20 16 18 21 4 29 22 25 5 6 9 17 13 23 30 7 8 12 28 26 
forward frontier
restricted destroy-repair dd compilation
restricted dd compilation - suffixes
running dd lns mip
num vars: 8966
obj from lns: 777
[loc arcIndex] route: 2 0 14 1 15 2 11 3 24 4 19 5 1 283 3 7 -5 1575 
[loc arcIndex] route: 10 8 27 32 20 10 -1 1586 
[loc arcIndex] route: 16 11 18 12 21 13 4 14 29 15 22 16 -2 1617 
[loc arcIndex] route: 25 17 5 18 6 19 9 20 17 21 13 22 23 23 -2 1652 
[loc arcIndex] route: 30 24 7 25 8 97 12 161 28 28 26 913 -4 1684 
DD random seed:422300155
running lns dd
destroy phase
prefix: 0 
suffix: 0 
prefix: 0 
suffix: 0 
prefix: 0 
suffix: 0 
prefix: 0 
suffix: 0 
prefix: 0 
suffix: 0 
2 14 15 11 24 19 1 3 10 27 20 16 18 21 4 29 22 25 5 6 9 17 13 23 30 7 8 12 28 26 
forward frontier
restricted destroy-repair dd compilation
restricted dd compilation - suffixes
running dd lns mip
num vars: 5217
obj from lns: 777
[loc arcIndex] route: 2 0 14 1 15 2 11 3 24 125 19 5 1 6 3 7 -1 932 
[loc arcIndex] route: 10 8 27 9 20 10 28 79 26 144 12 362 8 740 -3 4449 
[loc arcIndex] route: 16 11 18 12 21 13 -3 964 
[loc arcIndex] route: 25 17 5 18 6 19 9 20 17 21 13 302 23 23 -3 1014 
[loc arcIndex] route: 30 24 7 44 22 133 29 259 4 460 -1 3082 
DD random seed:604374823
running lns dd
destroy phase
prefix: 0 
suffix: 0 
prefix: 0 
suffix: 0 
prefix: 0 
suffix: 0 
prefix: 0 
suffix: 0 
prefix: 0 
suffix: 0 
2 14 15 11 24 19 1 3 10 27 20 16 18 21 4 29 22 25 5 6 9 17 13 23 30 7 8 12 28 26 
forward frontier
restricted destroy-repair dd compilation
restricted dd compilation - suffixes
running dd lns mip
num vars: 2384
obj from lns: 777
[loc arcIndex] route: 2 0 14 1 15 2 11 48 24 4 19 5 1 6 3 7 -2 445 
[loc arcIndex] route: 10 8 27 9 20 10 -4 462 
[loc arcIndex] route: 16 11 18 32 21 13 4 14 29 77 22 16 -4 492 
[loc arcIndex] route: 25 17 5 18 6 19 9 20 17 21 13 22 23 281 -4 527 
[loc arcIndex] route: 30 24 7 25 8 70 12 27 28 28 26 256 -1 554 
DD random seed:680699522
running lns dd
destroy phase
prefix: 0 
suffix: 0 
prefix: 0 
suffix: 0 
prefix: 0 
suffix: 0 
prefix: 0 
suffix: 0 
prefix: 0 
suffix: 0 
2 14 15 11 24 19 1 3 10 27 20 16 18 21 4 29 22 25 5 6 9 17 13 23 30 7 8 12 28 26 
forward frontier
restricted destroy-repair dd compilation
restricted dd compilation - suffixes
running dd lns mip
num vars: 77906
obj from lns: 777
[loc arcIndex] route: 2 0 14 1 15 2 11 3 24 4 19 5 1 2969 3 7 -1 13531 
[loc arcIndex] route: 10 8 27 9 20 10 -1 13546 
[loc arcIndex] route: 16 11 18 93 21 13 4 14 29 15 22 16 -3 13578 
[loc arcIndex] route: 25 17 5 18 6 19 9 20 17 1363 13 3901 23 23 -1 13611 
[loc arcIndex] route: 30 24 7 25 8 718 12 1548 28 28 26 29 -3 13643 
DD random seed:1616208
running lns dd
destroy phase
prefix: 0 
suffix: 0 
prefix: 0 
suffix: 0 
prefix: 0 
suffix: 0 
prefix: 0 
suffix: 0 
prefix: 0 
suffix: 0 
2 14 15 11 24 19 1 3 10 27 20 16 18 21 4 29 22 25 5 6 9 17 13 23 30 7 8 12 28 26 
forward frontier
restricted destroy-repair dd compilation
restricted dd compilation - suffixes
running dd lns mip
num vars: 19985
obj from lns: 777
[loc arcIndex] route: 2 0 14 1 15 2 11 3 24 4 19 5 1 727 3 7 -1 3495 
[loc arcIndex] route: 10 8 27 33 20 10 -1 3510 
[loc arcIndex] route: 16 11 18 12 21 13 4 14 29 15 22 866 -1 3540 
[loc arcIndex] route: 25 17 5 18 6 84 9 20 17 367 13 915 23 23 -3 3577 
[loc arcIndex] route: 30 24 7 25 8 261 12 27 28 28 26 29 -3 3607 
DD random seed:717880259
running lns dd
destroy phase
prefix: 0 
suffix: 0 
prefix: 0 
suffix: 0 
prefix: 0 
suffix: 0 
prefix: 0 
suffix: 0 
prefix: 0 
suffix: 0 
2 14 15 11 24 19 1 3 10 27 20 16 18 21 4 29 22 25 5 6 9 17 13 23 30 7 8 12 28 26 
forward frontier
restricted destroy-repair dd compilation
restricted dd compilation - suffixes
running dd lns mip
num vars: 20790
obj from lns: 777
[loc arcIndex] route: 2 0 14 1 15 2 11 172 24 4 19 5 1 826 3 7 -1 3595 
[loc arcIndex] route: 10 8 27 43 20 10 -1 3610 
[loc arcIndex] route: 16 11 18 76 21 13 4 14 29 454 22 16 -1 3640 
[loc arcIndex] route: 25 17 5 18 6 19 9 20 17 21 13 1063 23 23 -1 3675 
[loc arcIndex] route: 30 24 7 83 8 284 12 27 28 28 26 29 -1 3705 
updated increasing parameter: 22
DD random seed:1453677274
running lns dd
destroy phase
prefix: 0 
suffix: 0 
prefix: 0 
suffix: 0 
prefix: 0 
suffix: 0 
prefix: 0 
suffix: 0 
prefix: 0 
suffix: 0 
2 14 15 11 24 19 1 3 10 27 20 16 18 21 4 29 22 25 5 6 9 17 13 23 30 7 8 12 28 26 
forward frontier
restricted destroy-repair dd compilation
restricted dd compilation - suffixes
running dd lns mip
num vars: 36092
obj from lns: 777
[loc arcIndex] route: 2 0 14 1 15 2 11 3 24 4 19 5 1 6 3 7 -1 6272 
[loc arcIndex] route: 10 8 27 31 20 10 -1 6287 
[loc arcIndex] route: 16 11 18 12 21 178 4 14 29 15 22 16 -3 6319 
[loc arcIndex] route: 25 17 5 18 6 19 9 20 17 21 13 22 23 23 -2 6353 
[loc arcIndex] route: 30 24 7 25 8 26 12 27 28 28 26 29 -1 6382 
DD random seed:2820777241
running lns dd
destroy phase
prefix: 0 
suffix: 0 
prefix: 0 
suffix: 0 
prefix: 0 
suffix: 0 
prefix: 0 
suffix: 0 
prefix: 0 
suffix: 0 
2 14 15 11 24 19 1 3 10 27 20 16 18 21 4 29 22 25 5 6 9 17 13 23 30 7 8 12 28 26 
forward frontier
restricted destroy-repair dd compilation
restricted dd compilation - suffixes
running dd lns mip
num vars: 21880
obj from lns: 777
[loc arcIndex] route: 2 0 14 1 15 2 11 186 24 4 19 5 1 6 3 7 -1 3805 
[loc arcIndex] route: 10 8 27 9 20 10 -1 3820 
[loc arcIndex] route: 16 11 18 12 21 91 4 14 29 15 22 16 -3 3852 
[loc arcIndex] route: 25 17 5 18 6 19 9 20 17 21 13 1051 23 23 -2 3886 
[loc arcIndex] route: 30 24 7 67 8 26 12 441 28 28 26 29 -2 3916 
DD random seed:3610695216
running lns dd
destroy phase
prefix: 0 
suffix: 0 
prefix: 0 
suffix: 0 
prefix: 0 
suffix: 0 
prefix: 0 
suffix: 0 
prefix: 0 
suffix: 0 
2 14 15 11 24 19 1 3 10 27 20 16 18 21 4 29 22 25 5 6 9 17 13 23 30 7 8 12 28 26 
forward frontier
restricted destroy-repair dd compilation
restricted dd compilation - suffixes
running dd lns mip
num vars: 8659
obj from lns: 777
[loc arcIndex] route: 2 0 14 1 15 2 11 84 24 101 19 5 1 309 3 7 -1 1519 
[loc arcIndex] route: 10 8 27 9 20 36 -3 1536 
[loc arcIndex] route: 16 11 18 12 21 13 4 14 29 15 22 16 -1 1564 
[loc arcIndex] route: 25 17 5 18 6 19 9 49 17 21 13 22 23 23 -3 1601 
[loc arcIndex] route: 30 24 7 25 8 106 12 27 28 28 26 900 -3 1631 
DD random seed:3908251067
running lns dd
destroy phase
prefix: 0 
suffix: 0 
prefix: 0 
suffix: 0 
prefix: 0 
suffix: 0 
prefix: 0 
suffix: 0 
prefix: 0 
suffix: 0 
2 14 15 11 24 19 1 3 10 27 20 16 18 21 4 29 22 25 5 6 9 17 13 23 30 7 8 12 28 26 
forward frontier
restricted destroy-repair dd compilation
restricted dd compilation - suffixes
running dd lns mip
num vars: 32075
obj from lns: 777
[loc arcIndex] route: 2 0 14 1 15 2 11 281 24 347 19 5 1 6 3 7 -1 5535 
[loc arcIndex] route: 10 8 27 9 20 10 -2 5551 
[loc arcIndex] route: 16 11 18 12 21 13 4 14 29 15 22 16 -3 5582 
[loc arcIndex] route: 25 17 5 18 6 19 9 20 17 21 13 22 23 23 -2 5616 
[loc arcIndex] route: 30 24 7 25 8 26 12 27 28 28 26 3417 -2 5646 
DD random seed:849497429
running lns dd
destroy phase
prefix: 0 
suffix: 0 
prefix: 0 
suffix: 0 
prefix: 0 
suffix: 0 
prefix: 0 
suffix: 0 
prefix: 0 
suffix: 0 
2 14 15 11 24 19 1 3 10 27 20 16 18 21 4 29 22 25 5 6 9 17 13 23 30 7 8 12 28 26 
forward frontier
restricted destroy-repair dd compilation
restricted dd compilation - suffixes
running dd lns mip
num vars: 39158
obj from lns: 777
[loc arcIndex] route: 2 0 14 1 15 2 11 3 24 4 19 1161 1 1514 3 7 -2 6809 
[loc arcIndex] route: 10 8 27 9 20 10 -1 6823 
[loc arcIndex] route: 16 11 18 12 21 13 4 14 29 15 22 1714 -1 6853 
[loc arcIndex] route: 25 17 5 18 6 19 9 20 17 813 13 1883 23 23 -1 6888 
[loc arcIndex] route: 30 24 7 25 8 26 12 912 28 28 26 29 -1 6918 
DD random seed:2454690405
running lns dd
destroy phase
prefix: 0 
suffix: 0 
prefix: 0 
suffix: 0 
prefix: 0 
suffix: 0 
prefix: 0 
suffix: 0 
prefix: 0 
suffix: 0 
2 14 15 11 24 19 1 3 10 27 20 16 18 21 4 29 22 25 5 6 9 17 13 23 30 7 8 12 28 26 
forward frontier
restricted destroy-repair dd compilation
restricted dd compilation - suffixes
running dd lns mip
num vars: 19089
obj from lns: 777
[loc arcIndex] route: 2 0 14 1 15 2 11 3 24 4 19 5 1 6 3 7 -1 3349 
[loc arcIndex] route: 10 8 27 9 20 10 -1 3364 
[loc arcIndex] route: 16 11 18 12 21 13 4 14 29 15 22 770 -1 3394 
[loc arcIndex] route: 25 17 5 18 6 19 9 116 17 21 13 846 23 23 -1 3429 
[loc arcIndex] route: 30 24 7 25 8 26 12 27 28 1017 26 29 -1 3459 
DD random seed:3143822058
running lns dd
destroy phase
prefix: 0 
suffix: 0 
prefix: 0 
suffix: 0 
prefix: 0 
suffix: 0 
prefix: 0 
suffix: 0 
prefix: 0 
suffix: 0 
2 14 15 11 24 19 1 3 10 27 20 16 18 21 4 29 22 25 5 6 9 17 13 23 30 7 8 12 28 26 
forward frontier
restricted destroy-repair dd compilation
restricted dd compilation - suffixes
running dd lns mip
num vars: 35949
obj from lns: 777
[loc arcIndex] route: 2 0 14 1 15 59 11 3 24 4 19 5 1 6 3 7 -1 6219 
[loc arcIndex] route: 10 8 27 9 20 10 -1 6234 
[loc arcIndex] route: 16 11 18 93 21 13 4 14 29 629 22 16 -1 6264 
[loc arcIndex] route: 25 17 5 54 6 19 9 20 17 21 13 22 23 23 -1 6299 
[loc arcIndex] route: 30 24 7 113 8 377 12 733 28 28 26 3805 -1 6329 
DD random seed:255273057
running lns dd
destroy phase
prefix: 0 
suffix: 0 
prefix: 0 
suffix: 0 
prefix: 0 
suffix: 0 
prefix: 0 
suffix: 0 
prefix: 0 
suffix: 0 
2 14 15 11 24 19 1 3 10 27 20 16 18 21 4 29 22 25 5 6 9 17 13 23 30 7 8 12 28 26 
forward frontier
restricted destroy-repair dd compilation
restricted dd compilation - suffixes
running dd lns mip
num vars: 38946
obj from lns: 777
[loc arcIndex] route: 2 0 14 1 15 2 11 3 24 4 19 1163 1 6 3 7 -4 6729 
[loc arcIndex] route: 10 8 27 9 20 10 -1 6741 
[loc arcIndex] route: 16 11 18 12 21 13 4 14 29 15 22 16 -4 6774 
[loc arcIndex] route: 25 17 5 36 6 19 9 261 17 21 13 1943 23 23 -2 6807 
[loc arcIndex] route: 30 24 7 87 8 26 12 850 28 28 26 29 -2 6837 
DD random seed:1846906800
running lns dd
destroy phase
prefix: 0 
suffix: 0 
prefix: 0 
suffix: 0 
prefix: 0 
suffix: 0 
prefix: 0 
suffix: 0 
prefix: 0 
suffix: 0 
2 14 15 11 24 19 1 3 10 27 20 16 18 21 4 29 22 25 5 6 9 17 13 23 30 7 8 12 28 26 
forward frontier
restricted destroy-repair dd compilation
restricted dd compilation - suffixes
running dd lns mip
num vars: 48005
obj from lns: 777
[loc arcIndex] route: 2 0 14 1 15 2 11 382 24 4 19 5 1 1693 3 7 -1 8330 
[loc arcIndex] route: 10 8 27 9 20 125 -4 8348 
[loc arcIndex] route: 16 11 18 67 21 185 4 14 29 15 22 1980 -1 8375 
[loc arcIndex] route: 25 17 5 18 6 19 9 20 17 21 13 22 23 5919 -1 8410 
[loc arcIndex] route: 30 24 7 95 8 26 12 27 28 28 26 4989 -4 8443 
DD random seed:3904534797
running lns dd
destroy phase
prefix: 0 
suffix: 0 
prefix: 0 
suffix: 0 
prefix: 0 
suffix: 0 
prefix: 0 
suffix: 0 
prefix: 0 
suffix: 0 
2 14 15 11 24 19 1 3 10 27 20 16 18 21 4 29 22 25 5 6 9 17 13 23 30 7 8 12 28 26 
forward frontier
restricted destroy-repair dd compilation
restricted dd compilation - suffixes
running dd lns mip
num vars: 38455
obj from lns: 777
[loc arcIndex] route: 2 0 14 1 15 2 11 3 24 4 19 5 1 6 3 7 -3 6677 
[loc arcIndex] route: 10 8 27 9 20 57 -1 6690 
[loc arcIndex] route: 16 11 18 12 21 13 4 14 29 591 22 16 -3 6722 
[loc arcIndex] route: 25 17 5 18 6 19 9 20 17 21 13 1717 23 23 -2 6756 
[loc arcIndex] route: 30 24 7 50 8 312 12 27 28 2138 26 3954 -1 6785 
updated increasing parameter: 23
DD random seed:1099520247
running lns dd
destroy phase
prefix: 0 
suffix: 0 
prefix: 0 
suffix: 0 
prefix: 0 
suffix: 0 
prefix: 0 
suffix: 0 
prefix: 0 
suffix: 0 
2 14 15 11 24 19 1 3 10 27 20 16 18 21 4 29 22 25 5 6 9 17 13 23 30 7 8 12 28 26 
forward frontier
restricted destroy-repair dd compilation
restricted dd compilation - suffixes
running dd lns mip
num vars: 1644
obj from lns: 777
[loc arcIndex] route: 2 0 14 1 15 2 11 3 24 4 19 5 1 6 3 7 -3 326 
[loc arcIndex] route: 10 8 27 40 20 10 -3 341 
[loc arcIndex] route: 16 11 18 12 21 13 4 14 29 15 22 98 -3 371 
[loc arcIndex] route: 25 17 5 18 6 19 9 20 17 21 13 22 23 23 -3 406 
[loc arcIndex] route: 30 24 7 43 8 26 12 27 28 28 26 29 -3 436 
DD random seed:1149298807
running lns dd
destroy phase
prefix: 0 
suffix: 0 
prefix: 0 
suffix: 0 
prefix: 0 
suffix: 0 
prefix: 0 
suffix: 0 
prefix: 0 
suffix: 0 
2 14 15 11 24 19 1 3 10 27 20 16 18 21 4 29 22 25 5 6 9 17 13 23 30 7 8 12 28 26 
forward frontier
restricted destroy-repair dd compilation
restricted dd compilation - suffixes
running dd lns mip
num vars: 23898
obj from lns: 777
[loc arcIndex] route: 2 0 14 1 15 2 11 3 24 4 19 5 1 6 3 7 -5 4177 
[loc arcIndex] route: 10 8 27 9 20 77 -5 4192 
[loc arcIndex] route: 16 11 18 57 21 13 4 14 22 386 29 1311 -4 10351 
[loc arcIndex] route: 25 17 5 18 6 19 9 20 13 389 17 1164 23 2824 -1 4253 
[loc arcIndex] route: 30 24 7 25 8 26 12 27 28 28 26 29 -5 4287 
DD random seed:2097664371
running lns dd
destroy phase
prefix: 0 
suffix: 0 
prefix: 0 
suffix: 0 
prefix: 0 
suffix: 0 
prefix: 0 
suffix: 0 
prefix: 0 
suffix: 0 
2 14 15 11 24 19 1 3 10 27 20 16 18 21 4 29 22 25 5 6 9 17 13 23 30 7 8 12 28 26 
forward frontier
restricted destroy-repair dd compilation
restricted dd compilation - suffixes
running dd lns mip
num vars: 27382
obj from lns: 777
[loc arcIndex] route: 2 0 14 1 15 2 11 3 24 4 19 5 1 6 3 7 -1 4767 
[loc arcIndex] route: 10 8 27 9 20 85 -1 4782 
[loc arcIndex] route: 16 11 18 12 21 13 4 14 22 498 29 1630 -2 12603 
[loc arcIndex] route: 25 17 5 18 6 19 9 20 17 21 13 22 23 23 -1 4847 
[loc arcIndex] route: 30 24 7 60 8 26 12 560 28 28 26 29 -2 4878 
DD random seed:3162690854
running lns dd
destroy phase
prefix: 0 
suffix: 0 
prefix: 0 
suffix: 0 
prefix: 0 
suffix: 0 
prefix: 0 
suffix: 0 
prefix: 0 
suffix: 0 
2 14 15 11 24 19 1 3 10 27 20 16 18 21 4 29 22 25 5 6 9 17 13 23 30 7 8 12 28 26 
forward frontier
restricted destroy-repair dd compilation
restricted dd compilation - suffixes
running dd lns mip
num vars: 7823
obj from lns: 777
[loc arcIndex] route: 2 0 14 1 15 2 11 60 24 4 19 5 1 277 3 7 -1 1403 
[loc arcIndex] route: 10 8 27 9 20 10 -4 1421 
[loc arcIndex] route: 16 11 18 12 21 13 4 14 29 15 22 16 -1 1448 
[loc arcIndex] route: 25 17 5 18 6 19 9 20 17 21 13 357 23 23 -2 1484 
[loc arcIndex] route: 30 24 7 25 8 26 12 27 28 28 26 795 -5 1517 
DD random seed:3452471720
running lns dd
destroy phase
prefix: 0 
suffix: 0 
prefix: 0 
suffix: 0 
prefix: 0 
suffix: 0 
prefix: 0 
suffix: 0 
prefix: 0 
suffix: 0 
2 14 15 11 24 19 1 3 10 27 20 16 18 21 4 29 22 25 5 6 9 17 13 23 30 7 8 12 28 26 
forward frontier
restricted destroy-repair dd compilation
restricted dd compilation - suffixes
running dd lns mip
num vars: 11239
obj from lns: 777
[loc arcIndex] route: 2 0 14 1 15 2 11 3 24 4 19 5 1 6 3 1639 -3 1956 
[loc arcIndex] route: 10 8 27 9 20 10 -3 1971 
[loc arcIndex] route: 16 11 18 12 21 13 4 14 29 15 22 16 -1 1999 
[loc arcIndex] route: 25 17 5 37 6 19 9 20 17 21 13 22 23 23 -1 2034 
[loc arcIndex] route: 30 24 7 45 8 26 12 27 28 28 26 29 -2 2065 
DD random seed:3875327364
running lns dd
destroy phase
prefix: 0 
suffix: 0 
prefix: 0 
suffix: 0 
prefix: 0 
suffix: 0 
prefix: 0 
suffix: 0 
prefix: 0 
suffix: 0 
2 14 15 11 24 19 1 3 10 27 20 16 18 21 4 29 22 25 5 6 9 17 13 23 30 7 8 12 28 26 
forward frontier
restricted destroy-repair dd compilation
restricted dd compilation - suffixes
running dd lns mip
num vars: 22078
obj from lns: 777
[loc arcIndex] route: 2 0 14 1 15 2 11 186 24 4 19 5 1 6 3 7 -5 3832 
[loc arcIndex] route: 10 8 27 9 20 10 -1 3843 
[loc arcIndex] route: 16 11 18 12 21 13 4 14 29 15 22 16 -1 3873 
[loc arcIndex] route: 25 17 5 18 6 19 9 20 17 21 13 22 23 23 -5 3912 
[loc arcIndex] route: 30 24 7 50 8 26 12 487 28 28 26 29 -5 3942 
DD random seed:376219212
running lns dd
destroy phase
prefix: 0 
suffix: 0 
prefix: 0 
suffix: 0 
prefix: 0 
suffix: 0 
prefix: 0 
suffix: 0 
prefix: 0 
suffix: 0 
2 14 15 11 24 19 1 3 10 27 20 16 18 21 4 29 22 25 5 6 9 17 13 23 30 7 8 12 28 26 
forward frontier
restricted destroy-repair dd compilation
restricted dd compilation - suffixes
running dd lns mip
num vars: 13927
obj from lns: 777
[loc arcIndex] route: 2 0 14 1 15 2 11 3 24 4 19 5 1 484 3 7 -4 2445 
[loc arcIndex] route: 10 8 27 9 20 10 -3 2459 
[loc arcIndex] route: 16 11 18 39 21 13 4 14 22 217 29 809 -4 6300 
[loc arcIndex] route: 25 17 5 33 6 19 9 20 13 224 17 652 23 1744 -1 2522 
[loc arcIndex] route: 30 24 7 25 8 128 12 287 28 28 26 29 -1 2552 
DD random seed:867061606
running lns dd
destroy phase
prefix: 0 
suffix: 0 
prefix: 0 
suffix: 0 
prefix: 0 
suffix: 0 
prefix: 0 
suffix: 0 
prefix: 0 
suffix: 0 
2 14 15 11 24 19 1 3 10 27 20 16 18 21 4 29 22 25 5 6 9 17 13 23 30 7 8 12 28 26 
forward frontier
restricted destroy-repair dd compilation
restricted dd compilation - suffixes
running dd lns mip
num vars: 23747
obj from lns: 777
[loc arcIndex] route: 2 0 14 1 15 2 11 3 24 4 19 5 1 899 3 7 -1 4127 
[loc arcIndex] route: 10 8 27 9 20 10 -1 4142 
[loc arcIndex] route: 16 11 18 12 21 13 4 14 29 15 22 1024 -3 4174 
[loc arcIndex] route: 25 17 5 18 6 19 9 166 17 21 13 1126 23 23 -3 4209 
[loc arcIndex] route: 30 24 7 75 8 26 12 509 28 1433 26 29 -5 4241 
DD random seed:1775732100
running lns dd
destroy phase
prefix: 0 
suffix: 0 
prefix: 0 
suffix: 0 
prefix: 0 
suffix: 0 
prefix: 0 
suffix: 0 
prefix: 0 
suffix: 0 
2 14 15 11 24 19 1 3 10 27 20 16 18 21 4 29 22 25 5 6 9 17 13 23 30 7 8 12 28 26 
forward frontier
restricted destroy-repair dd compilation
restricted dd compilation - suffixes
running dd lns mip
num vars: 34505
obj from lns: 777
[loc arcIndex] route: 2 0 14 1 15 2 11 3 24 305 19 5 1 6 3 5201 -1 5970 
[loc arcIndex] route: 10 8 27 30 20 10 -1 5985 
[loc arcIndex] route: 16 11 18 12 21 13 4 14 29 15 22 16 -1 6015 
[loc arcIndex] route: 25 17 5 18 6 19 9 20 17 21 13 22 23 23 -1 6050 
[loc arcIndex] route: 30 24 7 25 8 26 12 27 28 28 26 3558 -1 6080 
DD random seed:3018542684
running lns dd
destroy phase
prefix: 0 
suffix: 0 
prefix: 0 
suffix: 0 
prefix: 0 
suffix: 0 
prefix: 0 
suffix: 0 
prefix: 0 
suffix: 0 
2 14 15 11 24 19 1 3 10 27 20 16 18 21 4 29 22 25 5 6 9 17 13 23 30 7 8 12 28 26 
forward frontier
restricted destroy-repair dd compilation
restricted dd compilation - suffixes
running dd lns mip
num vars: 31728
obj from lns: 777
[loc arcIndex] route: 2 0 14 1 15 2 11 211 24 4 19 720 1 6 3 7 -1 5508 
[loc arcIndex] route: 10 8 27 9 20 10 -1 5523 
[loc arcIndex] route: 16 11 18 63 21 13 4 14 29 15 22 1149 -1 5553 
[loc arcIndex] route: 25 17 5 18 6 19 9 20 17 485 13 22 23 3870 -3 5590 
[loc arcIndex] route: 30 24 7 25 8 26 12 27 28 28 26 29 -3 5620 
updated increasing parameter: 24
DD random seed:982852
running lns dd
destroy phase
prefix: 0 
suffix: 0 
prefix: 0 
suffix: 0 
prefix: 0 
suffix: 0 
prefix: 0 
suffix: 0 
prefix: 0 
suffix: 0 
2 14 15 11 24 19 1 3 10 27 20 16 18 21 4 29 22 25 5 6 9 17 13 23 30 7 8 12 28 26 
forward frontier
restricted destroy-repair dd compilation
restricted dd compilation - suffixes
running dd lns mip
num vars: 5738
obj from lns: 777
[loc arcIndex] route: 2 0 14 1 15 30 11 81 24 4 19 5 1 6 3 7 -2 1029 
[loc arcIndex] route: 10 8 27 9 20 10 -2 1044 
[loc arcIndex] route: 16 11 18 35 21 13 4 14 29 142 22 16 -1 1073 
[loc arcIndex] route: 25 17 5 18 6 60 9 20 17 21 13 22 23 23 -1 1108 
[loc arcIndex] route: 30 24 7 25 8 26 12 27 28 28 26 631 -2 1139 
DD random seed:181701034
running lns dd
destroy phase
prefix: 0 
suffix: 0 
prefix: 0 
suffix: 0 
prefix: 0 
suffix: 0 
prefix: 0 
suffix: 0 
prefix: 0 
suffix: 0 
2 14 15 11 24 19 1 3 10 27 20 16 18 21 4 29 22 25 5 6 9 17 13 23 30 7 8 12 28 26 
forward frontier
restricted destroy-repair dd compilation
restricted dd compilation - suffixes
running dd lns mip
num vars: 4205
obj from lns: 777
[loc arcIndex] route: 2 0 14 1 15 2 11 3 24 4 19 125 1 6 3 7 -4 753 
[loc arcIndex] route: 10 8 27 9 20 10 -4 768 
[loc arcIndex] route: 16 11 18 12 21 34 4 14 29 88 22 175 -1 795 
[loc arcIndex] route: 25 17 5 18 6 19 9 20 17 95 13 22 23 498 -1 830 
[loc arcIndex] route: 30 24 7 25 8 26 12 27 28 28 26 29 -2 861 
DD random seed:322282701
running lns dd
destroy phase
prefix: 0 
suffix: 0 
prefix: 0 
suffix: 0 
prefix: 0 
suffix: 0 
prefix: 0 
suffix: 0 
prefix: 0 
suffix: 0 
2 14 15 11 24 19 1 3 10 27 20 16 18 21 4 29 22 25 5 6 9 17 13 23 30 7 8 12 28 26 
forward frontier
restricted destroy-repair dd compilation
restricted dd compilation - suffixes
running dd lns mip
num vars: 7588
obj from lns: 777
[loc arcIndex] route: 2 0 14 1 15 2 11 3 24 4 19 249 1 6 3 7 -2 1349 
[loc arcIndex] route: 10 8 27 9 20 10 -5 1367 
[loc arcIndex] route: 16 11 18 12 21 74 4 80 29 15 22 16 -2 1394 
[loc arcIndex] route: 25 17 5 30 6 19 9 20 17 21 13 22 23 23 -1 1428 
[loc arcIndex] route: 30 24 7 25 8 131 12 199 28 451 26 29 -1 1458 
DD random seed:581529686
running lns dd
destroy phase
prefix: 0 
suffix: 0 
prefix: 0 
suffix: 0 
prefix: 0 
suffix: 0 
prefix: 0 
suffix: 0 
prefix: 0 
suffix: 0 
2 14 15 11 24 19 1 3 10 27 20 16 18 21 4 29 22 25 5 6 9 17 13 23 30 7 8 12 28 26 
forward frontier
restricted destroy-repair dd compilation
restricted dd compilation - suffixes
running dd lns mip
num vars: 31730
obj from lns: 777
[loc arcIndex] route: 2 0 14 1 15 2 11 3 24 4 19 5 1 1203 3 7 -1 5575 
[loc arcIndex] route: 10 8 27 9 20 10 -1 5590 
[loc arcIndex] route: 16 11 18 46 21 13 4 128 29 15 22 16 -1 5620 
[loc arcIndex] route: 25 17 5 18 6 19 9 20 17 21 13 1485 23 3927 -2 5656 
[loc arcIndex] route: 30 24 7 25 8 367 12 27 28 28 26 29 -2 5686 
DD random seed:1836310641
running lns dd
destroy phase
prefix: 0 
suffix: 0 
prefix: 0 
suffix: 0 
prefix: 0 
suffix: 0 
prefix: 0 
suffix: 0 
prefix: 0 
suffix: 0 
2 14 15 11 24 19 1 3 10 27 20 16 18 21 4 29 22 25 5 6 9 17 13 23 30 7 8 12 28 26 
forward frontier
restricted destroy-repair dd compilation
restricted dd compilation - suffixes
running dd lns mip
num vars: 20531
obj from lns: 777
[loc arcIndex] route: 2 0 14 1 15 2 11 3 24 4 19 5 1 6 3 7 -3 3568 
[loc arcIndex] route: 10 8 27 34 20 10 -1 3581 
[loc arcIndex] route: 16 11 18 12 21 13 4 14 29 15 22 16 -1 3611 
[loc arcIndex] route: 25 17 5 18 6 19 9 88 17 21 13 904 23 23 -1 3646 
[loc arcIndex] route: 30 24 7 46 8 26 12 27 28 28 26 29 -1 3676 
DD random seed:2572416218
running lns dd
destroy phase
prefix: 0 
suffix: 0 
prefix: 0 
suffix: 0 
prefix: 0 
suffix: 0 
prefix: 0 
suffix: 0 
prefix: 0 
suffix: 0 
2 14 15 11 24 19 1 3 10 27 20 16 18 21 4 29 22 25 5 6 9 17 13 23 30 7 8 12 28 26 
forward frontier
restricted destroy-repair dd compilation
restricted dd compilation - suffixes
running dd lns mip
num vars: 38119
obj from lns: 777
[loc arcIndex] route: 2 0 14 1 15 2 11 3 24 4 19 5 1 6 3 7 -1 6559 
[loc arcIndex] route: 10 8 27 39 20 10 -3 6576 
[loc arcIndex] route: 16 11 18 12 21 13 4 14 29 560 22 1460 -1 6604 
[loc arcIndex] route: 25 17 5 18 6 19 9 20 17 21 13 1732 23 23 -1 6639 
[loc arcIndex] route: 30 24 7 25 8 26 12 27 28 28 26 29 -1 6669 
DD random seed:4037553855
running lns dd
destroy phase
prefix: 0 
suffix: 0 
prefix: 0 
suffix: 0 
prefix: 0 
suffix: 0 
prefix: 0 
suffix: 0 
prefix: 0 
suffix: 0 
2 14 15 11 24 19 1 3 10 27 20 16 18 21 4 29 22 25 5 6 9 17 13 23 30 7 8 12 28 26 
forward frontier
restricted destroy-repair dd compilation
restricted dd compilation - suffixes
running dd lns mip
num vars: 18378
obj from lns: 777
[loc arcIndex] route: 2 0 14 1 15 2 11 3 24 4 19 5 1 6 3 7 -1 3228 
[loc arcIndex] route: 10 8 27 9 20 57 -1 3243 
[loc arcIndex] route: 16 11 18 12 21 13 4 14 29 301 22 725 -1 3273 
[loc arcIndex] route: 25 17 5 35 6 19 9 20 17 21 13 846 23 23 -1 3308 
[loc arcIndex] route: 30 24 7 25 8 184 12 316 28 28 26 29 -3 3340 
DD random seed:429505695
running lns dd
destroy phase
prefix: 0 
suffix: 0 
prefix: 0 
suffix: 0 
prefix: 0 
suffix: 0 
prefix: 0 
suffix: 0 
prefix: 0 
suffix: 0 
2 14 15 11 24 19 1 3 10 27 20 16 18 21 4 29 22 25 5 6 9 17 13 23 30 7 8 12 28 26 
forward frontier
restricted destroy-repair dd compilation
restricted dd compilation - suffixes
running dd lns mip
num vars: 15384
obj from lns: 777
[loc arcIndex] route: 2 0 14 1 15 2 11 3 24 4 19 5 1 6 3 7 -1 2669 
[loc arcIndex] route: 10 8 27 9 20 10 -1 2684 
[loc arcIndex] route: 16 11 18 12 21 13 4 14 22 280 29 818 -2 6625 
[loc arcIndex] route: 25 17 5 18 6 19 9 20 17 21 13 22 23 1870 -1 2749 
[loc arcIndex] route: 30 24 7 25 8 26 12 27 28 28 26 29 -4 2782 
DD random seed:978049120
running lns dd
destroy phase
prefix: 0 
suffix: 0 
prefix: 0 
suffix: 0 
prefix: 0 
suffix: 0 
prefix: 0 
suffix: 0 
prefix: 0 
suffix: 0 
2 14 15 11 24 19 1 3 10 27 20 16 18 21 4 29 22 25 5 6 9 17 13 23 30 7 8 12 28 26 
forward frontier
restricted destroy-repair dd compilation
restricted dd compilation - suffixes
running dd lns mip
num vars: 14072
obj from lns: 777
[loc arcIndex] route: 2 0 14 1 15 2 11 3 24 4 19 5 1 513 3 2089 -1 2442 
[loc arcIndex] route: 10 8 27 9 20 10 -1 2457 
[loc arcIndex] route: 16 11 18 12 21 86 4 14 29 15 22 16 -2 2488 
[loc arcIndex] route: 25 17 5 18 6 19 9 20 17 21 13 22 23 23 -1 2522 
[loc arcIndex] route: 30 24 7 25 8 26 12 27 28 864 26 1447 -4 2555 
DD random seed:1497214918
running lns dd
destroy phase
prefix: 0 
suffix: 0 
prefix: 0 
suffix: 0 
prefix: 0 
suffix: 0 
prefix: 0 
suffix: 0 
prefix: 0 
suffix: 0 
2 14 15 11 24 19 1 3 10 27 20 16 18 21 4 29 22 25 5 6 9 17 13 23 30 7 8 12 28 26 
forward frontier
restricted destroy-repair dd compilation
restricted dd compilation - suffixes
running dd lns mip
num vars: 24455
obj from lns: 777
[loc arcIndex] route: 2 0 14 1 15 2 11 203 24 4 19 5 1 6 3 7 -2 4241 
[loc arcIndex] route: 10 8 27 32 20 10 -2 4256 
[loc arcIndex] route: 16 11 18 12 21 13 4 14 29 15 22 903 -2 4286 
[loc arcIndex] route: 25 17 5 18 6 19 9 20 17 414 13 22 23 23 -1 4320 
[loc arcIndex] route: 30 24 7 25 8 26 12 477 28 28 26 29 -1 4350 
updated increasing parameter: 25
DD random seed:2430287591
running lns dd
destroy phase
prefix: 0 
suffix: 0 
prefix: 0 
suffix: 0 
prefix: 0 
suffix: 0 
prefix: 0 
suffix: 0 
prefix: 0 
suffix: 0 
2 14 15 11 24 19 1 3 10 27 20 16 18 21 4 29 22 25 5 6 9 17 13 23 30 7 8 12 28 26 
forward frontier
restricted destroy-repair dd compilation
restricted dd compilation - suffixes
running dd lns mip
num vars: 15289
obj from lns: 777
[loc arcIndex] route: 2 0 14 1 15 2 11 169 24 4 19 5 1 6 3 7 -2 2675 
[loc arcIndex] route: 10 8 27 9 20 10 -3 2691 
[loc arcIndex] route: 16 11 18 12 21 13 4 14 29 296 22 16 -2 2720 
[loc arcIndex] route: 25 17 5 18 6 19 9 20 17 21 13 22 23 23 -4 2757 
[loc arcIndex] route: 30 24 7 62 8 26 12 27 28 28 26 29 -1 2784 
DD random seed:3009594783
running lns dd
destroy phase
prefix: 0 
suffix: 0 
prefix: 0 
suffix: 0 
prefix: 0 
suffix: 0 
prefix: 0 
suffix: 0 
prefix: 0 
suffix: 0 
2 14 15 11 24 19 1 3 10 27 20 16 18 21 4 29 22 25 5 6 9 17 13 23 30 7 8 12 28 26 
forward frontier
restricted destroy-repair dd compilation
restricted dd compilation - suffixes
running dd lns mip
num vars: 20584
obj from lns: 777
[loc arcIndex] route: 2 0 14 1 15 2 11 3 24 4 19 5 1 718 3 7 -1 3584 
[loc arcIndex] route: 10 8 27 9 20 61 -1 3599 
[loc arcIndex] route: 16 11 18 12 21 13 4 14 29 15 22 16 -5 3633 
[loc arcIndex] route: 25 17 5 18 6 19 9 20 17 21 13 22 23 23 -1 3664 
[loc arcIndex] route: 30 24 7 25 8 26 12 27 28 28 26 29 -1 3694 
DD random seed:3751724914
running lns dd
destroy phase
prefix: 0 
suffix: 0 
prefix: 0 
suffix: 0 
prefix: 0 
suffix: 0 
prefix: 0 
suffix: 0 
prefix: 0 
suffix: 0 
2 14 15 11 24 19 1 3 10 27 20 16 18 21 4 29 22 25 5 6 9 17 13 23 30 7 8 12 28 26 
forward frontier
restricted destroy-repair dd compilation
restricted dd compilation - suffixes
running dd lns mip
num vars: 26856
obj from lns: 777
[loc arcIndex] route: 2 0 14 1 15 2 11 3 24 4 19 703 1 6 3 7 -1 4631 
[loc arcIndex] route: 10 8 27 9 20 10 -5 4650 
[loc arcIndex] route: 16 11 18 12 21 13 4 14 29 15 22 1128 -5 4680 
[loc arcIndex] route: 25 17 5 18 6 19 9 20 17 21 13 1257 23 23 -5 4715 
[loc arcIndex] route: 30 24 7 25 8 26 12 27 28 28 26 2680 -3 4743 
DD random seed:437037627
running lns dd
destroy phase
prefix: 0 
suffix: 0 
prefix: 0 
suffix: 0 
prefix: 0 
suffix: 0 
prefix: 0 
suffix: 0 
prefix: 0 
suffix: 0 
2 14 15 11 24 19 1 3 10 27 20 16 18 21 4 29 22 25 5 6 9 17 13 23 30 7 8 12 28 26 
forward frontier
restricted destroy-repair dd compilation
restricted dd compilation - suffixes
running dd lns mip
num vars: 8891
obj from lns: 777
[loc arcIndex] route: 2 0 14 1 15 2 11 3 24 4 19 5 1 333 3 7 -1 1551 
[loc arcIndex] route: 10 8 27 9 20 10 -1 1566 
[loc arcIndex] route: 16 11 18 42 21 13 4 14 29 15 22 374 -4 1599 
[loc arcIndex] route: 25 17 5 18 6 19 9 20 17 21 13 22 23 23 -4 1634 
[loc arcIndex] route: 30 24 7 25 8 26 12 27 28 28 26 29 -2 1662 
DD random seed:758715263
running lns dd
destroy phase
prefix: 0 
suffix: 0 
prefix: 0 
suffix: 0 
prefix: 0 
suffix: 0 
prefix: 0 
suffix: 0 
prefix: 0 
suffix: 0 
2 14 15 11 24 19 1 3 10 27 20 16 18 21 4 29 22 25 5 6 9 17 13 23 30 7 8 12 28 26 
forward frontier
restricted destroy-repair dd compilation
restricted dd compilation - suffixes
running dd lns mip
num vars: 19012
obj from lns: 777
[loc arcIndex] route: 2 0 14 1 15 2 11 140 24 4 19 5 1 652 3 7 -1 3322 
[loc arcIndex] route: 10 8 27 9 20 10 -1 3337 
[loc arcIndex] route: 16 11 18 12 21 13 4 14 29 317 22 16 -1 3367 
[loc arcIndex] route: 25 17 5 18 6 19 9 20 17 328 13 22 23 23 -2 3403 
[loc arcIndex] route: 30 24 7 25 8 26 12 27 28 28 26 2003 -2 3433 
DD random seed:1464132837
running lns dd
destroy phase
prefix: 0 
suffix: 0 
prefix: 0 
suffix: 0 
prefix: 0 
suffix: 0 
prefix: 0 
suffix: 0 
prefix: 0 
suffix: 0 
2 14 15 11 24 19 1 3 10 27 20 16 18 21 4 29 22 25 5 6 9 17 13 23 30 7 8 12 28 26 
forward frontier
restricted destroy-repair dd compilation
restricted dd compilation - suffixes
running dd lns mip
num vars: 21845
obj from lns: 777
[loc arcIndex] route: 2 0 14 1 15 2 11 189 24 4 19 5 1 6 3 7 -3 3827 
[loc arcIndex] route: 10 8 27 9 20 10 -3 3842 
[loc arcIndex] route: 16 11 18 60 21 133 4 14 22 448 29 1235 -4 9663 
[loc arcIndex] route: 25 17 5 32 6 19 9 20 17 21 13 1016 23 23 -1 3905 
[loc arcIndex] route: 30 24 7 63 8 26 12 27 28 28 26 2237 -1 3935 
DD random seed:2245691782
running lns dd
destroy phase
prefix: 0 
suffix: 0 
prefix: 0 
suffix: 0 
prefix: 0 
suffix: 0 
prefix: 0 
suffix: 0 
prefix: 0 
suffix: 0 
2 14 15 11 24 19 1 3 10 27 20 16 18 21 4 29 22 25 5 6 9 17 13 23 30 7 8 12 28 26 
forward frontier
restricted destroy-repair dd compilation
restricted dd compilation - suffixes
running dd lns mip
num vars: 39423
obj from lns: 777
[loc arcIndex] route: 2 0 14 1 15 54 11 325 24 4 19 5 1 6 3 7 -1 6818 
[loc arcIndex] route: 10 8 27 9 20 10 -1 6833 
[loc arcIndex] route: 16 11 18 12 21 13 4 14 29 15 22 16 -5 6867 
[loc arcIndex] route: 25 17 5 18 6 19 9 20 13 740 17 2112 23 4932 -1 6898 
[loc arcIndex] route: 30 24 7 68 8 26 12 830 28 28 26 29 -1 6928 
DD random seed:3810984175
running lns dd
destroy phase
prefix: 0 
suffix: 0 
prefix: 0 
suffix: 0 
prefix: 0 
suffix: 0 
prefix: 0 
suffix: 0 
prefix: 0 
suffix: 0 
2 14 15 11 24 19 1 3 10 27 20 16 18 21 4 29 22 25 5 6 9 17 13 23 30 7 8 12 28 26 
forward frontier
restricted destroy-repair dd compilation
restricted dd compilation - suffixes
running dd lns mip
num vars: 14360
obj from lns: 777
[loc arcIndex] route: 2 0 14 1 15 2 11 3 24 4 19 5 1 6 3 7 -1 2530 
[loc arcIndex] route: 10 8 27 9 20 10 -5 2549 
[loc arcIndex] route: 16 11 18 38 21 13 4 14 29 15 22 16 -2 2576 
[loc arcIndex] route: 25 17 5 30 6 19 9 20 17 21 13 22 23 23 -2 2611 
[loc arcIndex] route: 30 24 7 25 8 26 12 27 28 28 26 1602 -5 2644 
DD random seed:52138535
running lns dd
destroy phase
prefix: 0 
suffix: 0 
prefix: 0 
suffix: 0 
prefix: 0 
suffix: 0 
prefix: 0 
suffix: 0 
prefix: 0 
suffix: 0 
2 14 15 11 24 19 1 3 10 27 20 16 18 21 4 29 22 25 5 6 9 17 13 23 30 7 8 12 28 26 
forward frontier
restricted destroy-repair dd compilation
restricted dd compilation - suffixes
running dd lns mip
num vars: 18972
obj from lns: 777
[loc arcIndex] route: 2 0 14 1 15 2 11 3 24 4 19 558 1 6 3 7 -1 3282 
[loc arcIndex] route: 10 8 27 33 20 10 -1 3297 
[loc arcIndex] route: 16 11 18 48 21 13 4 14 29 384 22 16 -3 3329 
[loc arcIndex] route: 25 17 5 18 6 19 9 20 17 21 13 917 23 23 -5 3366 
[loc arcIndex] route: 30 24 7 25 8 26 12 429 28 1051 26 29 -1 3392 
DD random seed:713632296
running lns dd
destroy phase
prefix: 0 
suffix: 0 
prefix: 0 
suffix: 0 
prefix: 0 
suffix: 0 
prefix: 0 
suffix: 0 
prefix: 0 
suffix: 0 
2 14 15 11 24 19 1 3 10 27 20 16 18 21 4 29 22 25 5 6 9 17 13 23 30 7 8 12 28 26 
forward frontier
restricted destroy-repair dd compilation
restricted dd compilation - suffixes
running dd lns mip
num vars: 11254
obj from lns: 777
[loc arcIndex] route: 2 0 14 1 15 2 11 119 24 4 19 5 1 390 3 7 -3 1956 
[loc arcIndex] route: 10 8 27 9 20 10 -3 1971 
[loc arcIndex] route: 16 11 18 12 21 83 4 14 29 15 22 16 -5 2003 
[loc arcIndex] route: 25 17 5 18 6 19 9 20 17 21 13 22 23 23 -4 2037 
[loc arcIndex] route: 30 24 7 25 8 26 12 27 28 28 26 29 -1 2064 
updated increasing parameter: 26
DD random seed:1089810842
running lns dd
destroy phase
prefix: 0 
suffix: 0 
prefix: 0 
suffix: 0 
prefix: 0 
suffix: 0 
prefix: 0 
suffix: 0 
prefix: 0 
suffix: 0 
2 14 15 11 24 19 1 3 10 27 20 16 18 21 4 29 22 25 5 6 9 17 13 23 30 7 8 12 28 26 
forward frontier
restricted destroy-repair dd compilation
restricted dd compilation - suffixes
running dd lns mip
num vars: 24840
obj from lns: 777
[loc arcIndex] route: 2 0 14 1 15 47 11 3 24 4 19 5 1 6 3 7 -2 4291 
[loc arcIndex] route: 10 8 27 9 20 10 -2 4306 
[loc arcIndex] route: 16 11 18 57 21 13 4 14 29 15 22 16 -2 4336 
[loc arcIndex] route: 25 17 5 18 6 19 9 20 17 21 13 1128 23 23 -1 4370 
[loc arcIndex] route: 30 24 7 72 8 26 12 472 28 28 26 29 -1 4400 
DD random seed:2030124393
running lns dd
destroy phase
prefix: 0 
suffix: 0 
prefix: 0 
suffix: 0 
prefix: 0 
suffix: 0 
prefix: 0 
suffix: 0 
prefix: 0 
suffix: 0 
2 14 15 11 24 19 1 3 10 27 20 16 18 21 4 29 22 25 5 6 9 17 13 23 30 7 8 12 28 26 
forward frontier
restricted destroy-repair dd compilation
restricted dd compilation - suffixes
running dd lns mip
num vars: 19555
obj from lns: 777
[loc arcIndex] route: 2 0 14 1 15 2 11 173 24 4 19 5 1 6 3 3032 -1 3440 
[loc arcIndex] route: 10 8 27 9 20 10 -1 3455 
[loc arcIndex] route: 16 11 18 12 21 13 4 14 29 15 22 16 -1 3485 
[loc arcIndex] route: 25 17 5 18 6 19 9 20 17 21 13 22 23 23 -5 3524 
[loc arcIndex] route: 30 24 7 25 8 231 12 27 28 1099 26 29 -5 3554 
DD random seed:2717284404
running lns dd
destroy phase
prefix: 0 
suffix: 0 
prefix: 0 
suffix: 0 
prefix: 0 
suffix: 0 
prefix: 0 
suffix: 0 
prefix: 0 
suffix: 0 
2 14 15 11 24 19 1 3 10 27 20 16 18 21 4 29 22 25 5 6 9 17 13 23 30 7 8 12 28 26 
forward frontier
restricted destroy-repair dd compilation
restricted dd compilation - suffixes
running dd lns mip
num vars: 6276
obj from lns: 777
[loc arcIndex] route: 2 0 14 1 15 34 11 58 24 4 19 5 1 6 3 7 -1 1116 
[loc arcIndex] route: 10 8 27 9 20 10 -1 1131 
[loc arcIndex] route: 16 11 18 12 21 13 4 14 29 15 22 16 -2 1162 
[loc arcIndex] route: 25 17 5 18 6 19 9 20 17 21 13 22 23 23 -1 1196 
[loc arcIndex] route: 30 24 7 25 8 26 12 140 28 28 26 29 -2 1227 
DD random seed:2935327837
running lns dd
destroy phase
prefix: 0 
suffix: 0 
prefix: 0 
suffix: 0 
prefix: 0 
suffix: 0 
prefix: 0 
suffix: 0 
prefix: 0 
suffix: 0 
2 14 15 11 24 19 1 3 10 27 20 16 18 21 4 29 22 25 5 6 9 17 13 23 30 7 8 12 28 26 
forward frontier
restricted destroy-repair dd compilation
restricted dd compilation - suffixes
running dd lns mip
num vars: 22680
obj from lns: 777
[loc arcIndex] route: 2 0 14 1 15 41 11 3 24 4 19 5 1 6 3 7 -4 3918 
[loc arcIndex] route: 10 8 27 9 20 10 -2 3931 
[loc arcIndex] route: 16 11 18 12 21 118 4 14 29 15 22 16 -1 3960 
[loc arcIndex] route: 25 17 5 18 6 19 9 20 17 400 13 931 23 23 -1 3995 
[loc arcIndex] route: 30 24 7 69 8 26 12 27 28 28 26 29 -3 4027 
DD random seed:3733638489
running lns dd
destroy phase
prefix: 0 
suffix: 0 
prefix: 0 
suffix: 0 
prefix: 0 
suffix: 0 
prefix: 0 
suffix: 0 
prefix: 0 
suffix: 0 
2 14 15 11 24 19 1 3 10 27 20 16 18 21 4 29 22 25 5 6 9 17 13 23 30 7 8 12 28 26 
forward frontier
restricted destroy-repair dd compilation
restricted dd compilation - suffixes
running dd lns mip
num vars: 5448
obj from lns: 777
[loc arcIndex] route: 2 0 14 1 15 32 11 3 24 4 19 5 1 6 3 7 -2 959 
[loc arcIndex] route: 10 8 27 9 20 10 -5 977 
[loc arcIndex] route: 16 11 18 12 21 13 4 71 29 15 22 16 -3 1005 
[loc arcIndex] route: 25 17 5 18 6 19 9 20 17 21 13 22 23 23 -1 1038 
[loc arcIndex] route: 30 24 7 49 8 26 12 27 28 28 26 554 -1 1068 
DD random seed:3916160158
running lns dd
destroy phase
prefix: 0 
suffix: 0 
prefix: 0 
suffix: 0 
prefix: 0 
suffix: 0 
prefix: 0 
suffix: 0 
prefix: 0 
suffix: 0 
2 14 15 11 24 19 1 3 10 27 20 16 18 21 4 29 22 25 5 6 9 17 13 23 30 7 8 12 28 26 
forward frontier
restricted destroy-repair dd compilation
restricted dd compilation - suffixes
running dd lns mip
num vars: 13155
obj from lns: 777
[loc arcIndex] route: 2 0 14 1 15 2 11 85 24 4 19 5 1 387 3 7 -2 2306 
[loc arcIndex] route: 10 8 27 9 20 46 -1 2320 
[loc arcIndex] route: 16 11 18 12 21 13 4 14 29 177 22 16 -3 2352 
[loc arcIndex] route: 25 17 5 30 6 56 9 20 13 195 17 584 23 1538 -1 2385 
[loc arcIndex] route: 30 24 7 25 8 26 12 27 28 28 26 29 -1 2415 
DD random seed:85619704
running lns dd
destroy phase
prefix: 0 
suffix: 0 
prefix: 0 
suffix: 0 
prefix: 0 
suffix: 0 
prefix: 0 
suffix: 0 
prefix: 0 
suffix: 0 
2 14 15 11 24 19 1 3 10 27 20 16 18 21 4 29 22 25 5 6 9 17 13 23 30 7 8 12 28 26 
forward frontier
restricted destroy-repair dd compilation
restricted dd compilation - suffixes
running dd lns mip
num vars: 33447
obj from lns: 777
[loc arcIndex] route: 2 0 14 1 15 2 11 157 24 4 19 5 1 1038 3 7 -1 5782 
[loc arcIndex] route: 10 8 27 33 20 10 -1 5797 
[loc arcIndex] route: 16 11 18 12 21 13 4 14 29 475 22 16 -2 5828 
[loc arcIndex] route: 25 17 5 18 6 19 9 118 17 21 13 22 23 23 -1 5862 
[loc arcIndex] route: 30 24 7 25 8 26 12 563 28 28 26 3299 -1 5892 
DD random seed:1349535867
running lns dd
destroy phase
prefix: 0 
suffix: 0 
prefix: 0 
suffix: 0 
prefix: 0 
suffix: 0 
prefix: 0 
suffix: 0 
prefix: 0 
suffix: 0 
2 14 15 11 24 19 1 3 10 27 20 16 18 21 4 29 22 25 5 6 9 17 13 23 30 7 8 12 28 26 
forward frontier
restricted destroy-repair dd compilation
restricted dd compilation - suffixes
running dd lns mip
num vars: 53118
obj from lns: 777
[loc arcIndex] route: 2 0 14 1 15 2 11 3 24 4 19 5 1 6 3 7 -1 9248 
[loc arcIndex] route: 10 8 27 30 20 10 -1 9263 
[loc arcIndex] route: 16 11 18 59 21 13 4 14 29 15 22 16 -1 9293 
[loc arcIndex] route: 25 17 5 45 6 140 9 20 17 21 13 22 23 23 -1 9328 
[loc arcIndex] route: 30 24 7 25 8 26 12 1070 28 28 26 29 -1 9358 
DD random seed:3565159651
running lns dd
destroy phase
prefix: 0 
suffix: 0 
prefix: 0 
suffix: 0 
prefix: 0 
suffix: 0 
prefix: 0 
suffix: 0 
prefix: 0 
suffix: 0 
2 14 15 11 24 19 1 3 10 27 20 16 18 21 4 29 22 25 5 6 9 17 13 23 30 7 8 12 28 26 
forward frontier
restricted destroy-repair dd compilation
restricted dd compilation - suffixes
running dd lns mip
num vars: 15185
obj from lns: 777
[loc arcIndex] route: 2 0 14 1 15 2 11 108 24 4 19 5 1 6 3 7 -1 2660 
[loc arcIndex] route: 10 8 27 9 20 53 -1 2675 
[loc arcIndex] route: 16 11 18 12 21 13 4 14 29 15 22 16 -2 2706 
[loc arcIndex] route: 25 17 5 18 6 19 9 92 17 255 13 22 23 23 -4 2743 
[loc arcIndex] route: 30 24 7 25 8 26 12 27 28 831 26 29 -2 2771 
DD random seed:4118733082
running lns dd
destroy phase
prefix: 0 
suffix: 0 
prefix: 0 
suffix: 0 
prefix: 0 
suffix: 0 
prefix: 0 
suffix: 0 
prefix: 0 
suffix: 0 
2 14 15 11 24 19 1 3 10 27 20 16 18 21 4 29 22 25 5 6 9 17 13 23 30 7 8 12 28 26 
forward frontier
restricted destroy-repair dd compilation
restricted dd compilation - suffixes
running dd lns mip
num vars: 17913
obj from lns: 777
[loc arcIndex] route: 2 0 14 1 15 2 11 3 24 4 19 5 1 6 3 7 -1 3103 
[loc arcIndex] route: 10 8 27 9 20 10 -2 3119 
[loc arcIndex] route: 16 11 18 44 21 13 4 14 29 15 22 16 -5 3152 
[loc arcIndex] route: 25 17 5 18 6 19 9 20 17 21 13 905 23 23 -1 3183 
[loc arcIndex] route: 30 24 7 25 8 26 12 27 28 28 26 29 -2 3214 
updated increasing parameter: 27
DD random seed:460724762
running lns dd
destroy phase
prefix: 0 
suffix: 0 
prefix: 0 
suffix: 0 
prefix: 0 
suffix: 0 
prefix: 0 
suffix: 0 
prefix: 0 
suffix: 0 
2 14 15 11 24 19 1 3 10 27 20 16 18 21 4 29 22 25 5 6 9 17 13 23 30 7 8 12 28 26 
forward frontier
restricted destroy-repair dd compilation
restricted dd compilation - suffixes
running dd lns mip
num vars: 20356
obj from lns: 777
[loc arcIndex] route: 2 0 14 1 15 2 11 102 24 4 19 5 1 6 3 7 -4 3544 
[loc arcIndex] route: 10 8 27 9 20 10 -1 3556 
[loc arcIndex] route: 16 11 18 12 21 13 4 14 29 15 22 742 -5 3590 
[loc arcIndex] route: 25 17 5 18 6 53 9 20 17 21 13 828 23 23 -1 3621 
[loc arcIndex] route: 30 24 7 25 8 26 12 27 28 28 26 2026 -1 3651 
DD random seed:1219574195
running lns dd
destroy phase
prefix: 0 
suffix: 0 
prefix: 0 
suffix: 0 
prefix: 0 
suffix: 0 
prefix: 0 
suffix: 0 
prefix: 0 
suffix: 0 
2 14 15 11 24 19 1 3 10 27 20 16 18 21 4 29 22 25 5 6 9 17 13 23 30 7 8 12 28 26 
forward frontier
restricted destroy-repair dd compilation
restricted dd compilation - suffixes
running dd lns mip
num vars: 14269
obj from lns: 777
[loc arcIndex] route: 2 0 14 1 15 2 11 3 24 4 19 5 1 480 3 7 -2 2495 
[loc arcIndex] route: 10 8 27 9 20 10 -1 2509 
[loc arcIndex] route: 16 11 18 12 21 13 4 14 29 247 22 16 -1 2539 
[loc arcIndex] route: 25 17 5 39 6 19 9 20 17 21 13 22 23 23 -1 2574 
[loc arcIndex] route: 30 24 7 58 8 26 12 27 28 28 26 29 -3 2606 
DD random seed:1729641012
running lns dd
destroy phase
prefix: 0 
suffix: 0 
prefix: 0 
suffix: 0 
prefix: 0 
suffix: 0 
prefix: 0 
suffix: 0 
prefix: 0 
suffix: 0 
2 14 15 11 24 19 1 3 10 27 20 16 18 21 4 29 22 25 5 6 9 17 13 23 30 7 8 12 28 26 
forward frontier
restricted destroy-repair dd compilation
restricted dd compilation - suffixes
running dd lns mip
num vars: 16257
obj from lns: 777
[loc arcIndex] route: 2 0 14 1 15 2 11 3 24 4 19 5 1 595 3 7 -1 2822 
[loc arcIndex] route: 10 8 27 9 20 10 -1 2837 
[loc arcIndex] route: 16 11 18 12 21 13 4 130 29 311 22 16 -1 2867 
[loc arcIndex] route: 25 17 5 18 6 19 9 20 17 21 13 22 23 23 -1 2902 
[loc arcIndex] route: 30 24 7 65 8 26 12 27 28 28 26 29 -5 2936 
DD random seed:2287987998
running lns dd
destroy phase
prefix: 0 
suffix: 0 
prefix: 0 
suffix: 0 
prefix: 0 
suffix: 0 
prefix: 0 
suffix: 0 
prefix: 0 
suffix: 0 
2 14 15 11 24 19 1 3 10 27 20 16 18 21 4 29 22 25 5 6 9 17 13 23 30 7 8 12 28 26 
forward frontier
restricted destroy-repair dd compilation
restricted dd compilation - suffixes
running dd lns mip
num vars: 49234
obj from lns: 777
[loc arcIndex] route: 2 0 14 1 15 2 11 3 24 4 19 1354 1 1840 3 7 -1 8519 
[loc arcIndex] route: 10 8 27 9 20 10 -1 8534 
[loc arcIndex] route: 16 11 18 12 21 13 4 14 29 15 22 16 -1 8564 
[loc arcIndex] route: 25 17 5 18 6 19 9 20 17 21 13 2215 23 23 -1 8599 
[loc arcIndex] route: 30 24 7 105 8 26 12 27 28 28 26 29 -1 8629 
DD random seed:73423296
running lns dd
destroy phase
prefix: 0 
suffix: 0 
prefix: 0 
suffix: 0 
prefix: 0 
suffix: 0 
prefix: 0 
suffix: 0 
prefix: 0 
suffix: 0 
2 14 15 11 24 19 1 3 10 27 20 16 18 21 4 29 22 25 5 6 9 17 13 23 30 7 8 12 28 26 
forward frontier
restricted destroy-repair dd compilation
restricted dd compilation - suffixes
running dd lns mip
num vars: 15284
obj from lns: 777
[loc arcIndex] route: 2 0 14 1 15 2 11 115 24 4 19 5 1 512 3 7 -1 2659 
[loc arcIndex] route: 10 8 27 9 20 10 -2 2675 
[loc arcIndex] route: 16 11 18 49 21 88 4 14 29 227 22 16 -1 2704 
[loc arcIndex] route: 25 17 5 33 6 19 9 95 17 21 13 22 23 23 -1 2739 
[loc arcIndex] route: 30 24 7 25 8 26 12 27 28 28 26 29 -1 2769 
DD random seed:611708480
running lns dd
destroy phase
prefix: 0 
suffix: 0 
prefix: 0 
suffix: 0 
prefix: 0 
suffix: 0 
prefix: 0 
suffix: 0 
prefix: 0 
suffix: 0 
2 14 15 11 24 19 1 3 10 27 20 16 18 21 4 29 22 25 5 6 9 17 13 23 30 7 8 12 28 26 
forward frontier
restricted destroy-repair dd compilation
restricted dd compilation - suffixes
running dd lns mip
num vars: 45629
obj from lns: 777
[loc arcIndex] route: 2 0 14 1 15 2 11 3 24 4 19 5 1 6 3 6971 -1 7939 
[loc arcIndex] route: 10 8 27 9 20 10 -1 7954 
[loc arcIndex] route: 16 11 18 12 21 13 4 203 29 747 22 16 -1 7984 
[loc arcIndex] route: 25 17 5 18 6 19 9 20 17 21 13 22 23 23 -1 8019 
[loc arcIndex] route: 30 24 7 25 8 26 12 27 28 28 26 4790 -5 8053 
DD random seed:2505139460
running lns dd
destroy phase
prefix: 0 
suffix: 0 
prefix: 0 
suffix: 0 
prefix: 0 
suffix: 0 
prefix: 0 
suffix: 0 
prefix: 0 
suffix: 0 
2 14 15 11 24 19 1 3 10 27 20 16 18 21 4 29 22 25 5 6 9 17 13 23 30 7 8 12 28 26 
forward frontier
restricted destroy-repair dd compilation
restricted dd compilation - suffixes
running dd lns mip
num vars: 22335
obj from lns: 777
[loc arcIndex] route: 2 0 14 1 15 2 11 3 24 4 19 5 1 6 3 7 -1 3885 
[loc arcIndex] route: 10 8 27 9 20 10 -1 3900 
[loc arcIndex] route: 16 11 18 12 21 13 4 14 29 15 22 16 -5 3934 
[loc arcIndex] route: 25 17 5 18 6 19 9 20 17 21 13 22 23 23 -2 3966 
[loc arcIndex] route: 30 24 7 25 8 26 12 497 28 28 26 29 -2 3996 
DD random seed:3376729458
running lns dd
destroy phase
prefix: 0 
suffix: 0 
prefix: 0 
suffix: 0 
prefix: 0 
suffix: 0 
prefix: 0 
suffix: 0 
prefix: 0 
suffix: 0 
2 14 15 11 24 19 1 3 10 27 20 16 18 21 4 29 22 25 5 6 9 17 13 23 30 7 8 12 28 26 
forward frontier
restricted destroy-repair dd compilation
restricted dd compilation - suffixes
running dd lns mip
num vars: 13382
obj from lns: 777
[loc arcIndex] route: 2 0 14 1 15 2 11 3 24 4 19 401 1 6 3 7 -1 2332 
[loc arcIndex] route: 10 8 27 9 20 10 -1 2347 
[loc arcIndex] route: 16 11 18 49 21 13 4 14 29 15 22 16 -1 2377 
[loc arcIndex] route: 25 17 5 35 6 19 9 20 17 21 13 22 23 23 -1 2412 
[loc arcIndex] route: 30 24 7 25 8 26 12 303 28 28 26 29 -5 2446 
DD random seed:3873520223
running lns dd
destroy phase
prefix: 0 
suffix: 0 
prefix: 0 
suffix: 0 
prefix: 0 
suffix: 0 
prefix: 0 
suffix: 0 
prefix: 0 
suffix: 0 
2 14 15 11 24 19 1 3 10 27 20 16 18 21 4 29 22 25 5 6 9 17 13 23 30 7 8 12 28 26 
forward frontier
restricted destroy-repair dd compilation
restricted dd compilation - suffixes
running dd lns mip
num vars: 62417
obj from lns: 777
[loc arcIndex] route: 2 0 14 1 15 2 11 3 24 4 19 1848 1 6 3 7 -2 10808 
[loc arcIndex] route: 10 8 27 9 20 170 -2 10823 
[loc arcIndex] route: 16 11 18 104 21 13 4 14 29 15 22 16 -1 10852 
[loc arcIndex] route: 25 17 5 40 6 19 9 20 17 1297 13 22 23 23 -1 10887 
[loc arcIndex] route: 30 24 7 25 8 26 12 27 28 3783 26 29 -2 10918 
DD random seed:2259785533
running lns dd
destroy phase
prefix: 0 
suffix: 0 
prefix: 0 
suffix: 0 
prefix: 0 
suffix: 0 
prefix: 0 
suffix: 0 
prefix: 0 
suffix: 0 
2 14 15 11 24 19 1 3 10 27 20 16 18 21 4 29 22 25 5 6 9 17 13 23 30 7 8 12 28 26 
forward frontier
restricted destroy-repair dd compilation
restricted dd compilation - suffixes
running dd lns mip
num vars: 20751
obj from lns: 777
[loc arcIndex] route: 2 0 14 1 15 2 11 3 24 4 19 566 1 801 3 7 -3 3583 
[loc arcIndex] route: 10 8 27 9 20 10 -2 3597 
[loc arcIndex] route: 16 11 18 12 21 13 4 14 29 419 22 16 -2 3627 
[loc arcIndex] route: 25 17 5 34 6 19 9 147 17 21 13 1030 23 23 -1 3661 
[loc arcIndex] route: 30 24 7 25 8 26 12 27 28 1163 26 29 -1 3691 
updated increasing parameter: 28
DD random seed:2984333640
running lns dd
destroy phase
prefix: 0 
suffix: 0 
prefix: 0 
suffix: 0 
prefix: 0 
suffix: 0 
prefix: 0 
suffix: 0 
prefix: 0 
suffix: 0 
2 14 15 11 24 19 1 3 10 27 20 16 18 21 4 29 22 25 5 6 9 17 13 23 30 7 8 12 28 26 
forward frontier
restricted destroy-repair dd compilation
restricted dd compilation - suffixes
running dd lns mip
num vars: 20413
obj from lns: 777
[loc arcIndex] route: 2 0 14 1 15 2 11 112 24 4 19 452 1 662 3 7 -1 3543 
[loc arcIndex] route: 10 8 27 9 20 10 -2 3559 
[loc arcIndex] route: 16 11 18 12 21 13 4 14 22 278 29 1052 -1 8603 
[loc arcIndex] route: 25 17 5 18 6 19 9 62 17 282 13 806 23 23 -2 3624 
[loc arcIndex] route: 30 24 7 32 8 26 12 27 28 28 26 2069 -2 3654 
DD random seed:3731410996
running lns dd
destroy phase
prefix: 0 
suffix: 0 
prefix: 0 
suffix: 0 
prefix: 0 
suffix: 0 
prefix: 0 
suffix: 0 
prefix: 0 
suffix: 0 
2 14 15 11 24 19 1 3 10 27 20 16 18 21 4 29 22 25 5 6 9 17 13 23 30 7 8 12 28 26 
forward frontier
restricted destroy-repair dd compilation
restricted dd compilation - suffixes
running dd lns mip
num vars: 14706
obj from lns: 777
[loc arcIndex] route: 2 0 14 1 15 39 11 137 24 4 19 5 1 540 3 7 -1 2561 
[loc arcIndex] route: 10 8 27 9 20 10 -4 2579 
[loc arcIndex] route: 16 11 18 46 21 13 4 14 29 15 22 605 -1 2606 
[loc arcIndex] route: 25 17 5 18 6 19 9 20 17 21 13 691 23 23 -4 2644 
[loc arcIndex] route: 30 24 7 25 8 26 12 286 28 28 26 29 -3 2673 
DD random seed:4258660615
running lns dd
destroy phase
prefix: 0 
suffix: 0 
prefix: 0 
suffix: 0 
prefix: 0 
suffix: 0 
prefix: 0 
suffix: 0 
prefix: 0 
suffix: 0 
2 14 15 11 24 19 1 3 10 27 20 16 18 21 4 29 22 25 5 6 9 17 13 23 30 7 8 12 28 26 
forward frontier
restricted destroy-repair dd compilation
restricted dd compilation - suffixes
running dd lns mip
num vars: 24451
obj from lns: 777
[loc arcIndex] route: 2 0 14 1 15 2 11 3 24 4 19 5 1 6 3 7 -1 4196 
[loc arcIndex] route: 10 8 27 9 20 79 -1 4211 
[loc arcIndex] route: 16 11 18 12 21 116 4 14 29 15 22 16 -1 4241 
[loc arcIndex] route: 25 17 5 18 6 19 9 20 17 21 13 22 23 23 -2 4277 
[loc arcIndex] route: 30 24 7 25 8 26 12 27 28 28 26 29 -1 4306 
DD random seed:858495452
running lns dd
destroy phase
prefix: 0 
suffix: 0 
prefix: 0 
suffix: 0 
prefix: 0 
suffix: 0 
prefix: 0 
suffix: 0 
prefix: 0 
suffix: 0 
2 14 15 11 24 19 1 3 10 27 20 16 18 21 4 29 22 25 5 6 9 17 13 23 30 7 8 12 28 26 
forward frontier
restricted destroy-repair dd compilation
restricted dd compilation - suffixes
running dd lns mip
num vars: 57496
obj from lns: 777
[loc arcIndex] route: 2 0 14 1 15 2 11 3 24 4 19 1356 1 2000 3 7 -1 9996 
[loc arcIndex] route: 10 8 27 30 20 10 -1 10011 
[loc arcIndex] route: 16 11 18 73 21 13 4 280 29 15 22 2351 -1 10041 
[loc arcIndex] route: 25 17 5 43 6 19 9 20 17 21 13 2672 23 23 -1 10076 
[loc arcIndex] route: 30 24 7 87 8 26 12 1073 28 28 26 5977 -1 10106 
DD random seed:3272155970
running lns dd
destroy phase
prefix: 0 
suffix: 0 
prefix: 0 
suffix: 0 
prefix: 0 
suffix: 0 
prefix: 0 
suffix: 0 
prefix: 0 
suffix: 0 
2 14 15 11 24 19 1 3 10 27 20 16 18 21 4 29 22 25 5 6 9 17 13 23 30 7 8 12 28 26 
forward frontier
restricted destroy-repair dd compilation
restricted dd compilation - suffixes
running dd lns mip
num vars: 14569
obj from lns: 777
[loc arcIndex] route: 2 0 14 1 15 2 11 3 24 4 19 5 1 572 3 7 -1 2554 
[loc arcIndex] route: 10 8 27 34 20 10 -1 2569 
[loc arcIndex] route: 16 11 18 46 21 120 4 128 29 15 22 16 -1 2599 
[loc arcIndex] route: 25 17 5 18 6 19 9 20 17 21 13 22 23 23 -3 2636 
[loc arcIndex] route: 30 24 7 25 8 26 12 374 28 28 26 29 -2 2665 
DD random seed:3785452895
running lns dd
destroy phase
prefix: 0 
suffix: 0 
prefix: 0 
suffix: 0 
prefix: 0 
suffix: 0 
prefix: 0 
suffix: 0 
prefix: 0 
suffix: 0 
2 14 15 11 24 19 1 3 10 27 20 16 18 21 4 29 22 25 5 6 9 17 13 23 30 7 8 12 28 26 
forward frontier
restricted destroy-repair dd compilation
restricted dd compilation - suffixes
running dd lns mip
num vars: 25183
obj from lns: 777
[loc arcIndex] route: 2 0 14 1 15 2 11 3 24 4 19 5 1 6 3 3770 -5 4407 
[loc arcIndex] route: 10 8 27 30 20 10 -5 4422 
[loc arcIndex] route: 16 11 18 12 21 13 4 14 29 400 22 16 -5 4452 
[loc arcIndex] route: 25 17 5 18 6 19 9 20 17 21 13 1085 23 23 -1 4483 
[loc arcIndex] route: 30 24 7 59 8 26 12 463 28 28 26 29 -1 4513 
DD random seed:768281011
running lns dd
destroy phase
prefix: 0 
suffix: 0 
prefix: 0 
suffix: 0 
prefix: 0 
suffix: 0 
prefix: 0 
suffix: 0 
prefix: 0 
suffix: 0 
2 14 15 11 24 19 1 3 10 27 20 16 18 21 4 29 22 25 5 6 9 17 13 23 30 7 8 12 28 26 
forward frontier
restricted destroy-repair dd compilation
restricted dd compilation - suffixes
running dd lns mip
num vars: 5783
obj from lns: 777
[loc arcIndex] route: 2 0 14 1 15 2 11 3 24 75 19 192 1 236 3 885 -1 1023 
[loc arcIndex] route: 10 8 27 9 20 10 -1 1038 
[loc arcIndex] route: 16 11 18 12 21 13 4 59 29 120 22 250 -3 1070 
[loc arcIndex] route: 25 17 5 18 6 19 9 20 17 21 13 22 23 23 -2 1104 
[loc arcIndex] route: 30 24 7 42 8 26 12 151 28 28 26 29 -1 1133 
DD random seed:959101529
running lns dd
destroy phase
prefix: 0 
suffix: 0 
prefix: 0 
suffix: 0 
prefix: 0 
suffix: 0 
prefix: 0 
suffix: 0 
prefix: 0 
suffix: 0 
2 14 15 11 24 19 1 3 10 27 20 16 18 21 4 29 22 25 5 6 9 17 13 23 30 7 8 12 28 26 
forward frontier
restricted destroy-repair dd compilation
restricted dd compilation - suffixes
running dd lns mip
num vars: 7347
obj from lns: 777
[loc arcIndex] route: 2 0 14 1 15 2 11 57 24 4 19 5 1 6 3 1036 -2 1293 
[loc arcIndex] route: 10 8 27 32 20 10 -3 1309 
[loc arcIndex] route: 16 11 18 12 21 13 4 14 29 15 22 16 -4 1340 
[loc arcIndex] route: 25 17 5 18 6 19 9 20 17 21 13 22 23 23 -1 1372 
[loc arcIndex] route: 30 24 7 25 8 75 12 27 28 331 26 653 -1 1402 
DD random seed:1224671813
running lns dd
destroy phase
prefix: 0 
suffix: 0 
prefix: 0 
suffix: 0 
prefix: 0 
suffix: 0 
prefix: 0 
suffix: 0 
prefix: 0 
suffix: 0 
2 14 15 11 24 19 1 3 10 27 20 16 18 21 4 29 22 25 5 6 9 17 13 23 30 7 8 12 28 26 
forward frontier
restricted destroy-repair dd compilation
restricted dd compilation - suffixes
running dd lns mip
num vars: 20313
obj from lns: 777
[loc arcIndex] route: 2 0 14 1 15 2 11 3 24 4 19 5 1 6 3 7 -1 3523 
[loc arcIndex] route: 10 8 27 9 20 10 -2 3539 
[loc arcIndex] route: 16 11 18 12 21 13 4 14 29 391 22 16 -2 3569 
[loc arcIndex] route: 25 17 5 48 6 19 9 20 17 21 13 22 23 23 -1 3603 
[loc arcIndex] route: 30 24 7 25 8 26 12 27 28 1205 26 2136 -3 3635 
DD random seed:1932800930
running lns dd
destroy phase
prefix: 0 
suffix: 0 
prefix: 0 
suffix: 0 
prefix: 0 
suffix: 0 
prefix: 0 
suffix: 0 
prefix: 0 
suffix: 0 
2 14 15 11 24 19 1 3 10 27 20 16 18 21 4 29 22 25 5 6 9 17 13 23 30 7 8 12 28 26 
forward frontier
restricted destroy-repair dd compilation
restricted dd compilation - suffixes
running dd lns mip
num vars: 11711
obj from lns: 777
[loc arcIndex] route: 2 0 14 1 15 2 11 3 24 118 19 5 1 6 3 7 -5 2065 
[loc arcIndex] route: 10 8 27 9 20 10 -5 2080 
[loc arcIndex] route: 16 11 18 12 21 13 4 14 29 15 22 16 -3 2108 
[loc arcIndex] route: 25 17 5 30 6 19 9 20 17 21 13 22 23 23 -1 2141 
[loc arcIndex] route: 30 24 7 25 8 129 12 27 28 28 26 1278 -1 2171 
updated increasing parameter: 29
DD random seed:2361596786
running lns dd
destroy phase
prefix: 0 
suffix: 0 
prefix: 0 
suffix: 0 
prefix: 0 
suffix: 0 
prefix: 0 
suffix: 0 
prefix: 0 
suffix: 0 
2 14 15 11 24 19 1 3 10 27 20 16 18 21 4 29 22 25 5 6 9 17 13 23 30 7 8 12 28 26 
forward frontier
restricted destroy-repair dd compilation
restricted dd compilation - suffixes
running dd lns mip
num vars: 50944
obj from lns: 777
[loc arcIndex] route: 2 0 14 1 15 77 11 3 24 439 19 1264 1 6 3 7 -1 8834 
[loc arcIndex] route: 10 8 27 9 20 163 -1 8849 
[loc arcIndex] route: 16 11 18 12 21 13 4 14 29 812 22 16 -1 8879 
[loc arcIndex] route: 25 17 5 18 6 19 9 20 17 21 13 22 23 23 -1 8914 
[loc arcIndex] route: 30 24 7 116 8 26 12 999 28 28 26 5315 -1 8944 
DD random seed:268390491
running lns dd
destroy phase
prefix: 0 
suffix: 0 
prefix: 0 
suffix: 0 
prefix: 0 
suffix: 0 
prefix: 0 
suffix: 0 
prefix: 0 
suffix: 0 
2 14 15 11 24 19 1 3 10 27 20 16 18 21 4 29 22 25 5 6 9 17 13 23 30 7 8 12 28 26 
forward frontier
restricted destroy-repair dd compilation
restricted dd compilation - suffixes
running dd lns mip
num vars: 9112
obj from lns: 777
[loc arcIndex] route: 2 0 14 1 15 2 11 74 24 4 19 246 1 6 3 7 -3 1604 
[loc arcIndex] route: 10 8 27 9 20 41 -5 1621 
[loc arcIndex] route: 16 11 18 12 21 50 4 14 29 15 22 16 -3 1649 
[loc arcIndex] route: 25 17 5 18 6 19 9 20 17 21 13 431 23 23 -1 1682 
[loc arcIndex] route: 30 24 7 39 8 26 12 27 28 509 26 29 -1 1712 
DD random seed:585569141
running lns dd
destroy phase
prefix: 0 
suffix: 0 
prefix: 0 
suffix: 0 
prefix: 0 
suffix: 0 
prefix: 0 
suffix: 0 
prefix: 0 
suffix: 0 
2 14 15 11 24 19 1 3 10 27 20 16 18 21 4 29 22 25 5 6 9 17 13 23 30 7 8 12 28 26 
forward frontier
restricted destroy-repair dd compilation
restricted dd compilation - suffixes
running dd lns mip
num vars: 56121
obj from lns: 777
[loc arcIndex] route: 2 0 14 1 15 2 11 3 24 4 19 5 1 6 3 7 -2 9672 
[loc arcIndex] route: 10 8 27 33 20 10 -3 9688 
[loc arcIndex] route: 16 11 18 62 21 13 4 14 29 15 22 2367 -2 9717 
[loc arcIndex] route: 25 17 5 18 6 19 9 20 17 21 13 2635 23 23 -1 9751 
[loc arcIndex] route: 30 24 7 105 8 26 12 27 28 28 26 29 -1 9781 
DD random seed:3032987395
running lns dd
destroy phase
prefix: 0 
suffix: 0 
prefix: 0 
suffix: 0 
prefix: 0 
suffix: 0 
prefix: 0 
suffix: 0 
prefix: 0 
suffix: 0 
2 14 15 11 24 19 1 3 10 27 20 16 18 21 4 29 22 25 5 6 9 17 13 23 30 7 8 12 28 26 
forward frontier
restricted destroy-repair dd compilation
restricted dd compilation - suffixes
running dd lns mip
num vars: 18540
obj from lns: 777
[loc arcIndex] route: 2 0 14 1 15 2 11 3 24 4 19 5 1 610 3 7 -4 3238 
[loc arcIndex] route: 10 8 27 32 20 10 -1 3250 
[loc arcIndex] route: 16 11 18 12 21 101 4 14 29 292 22 16 -1 3280 
[loc arcIndex] route: 25 17 5 18 6 19 9 105 17 21 13 22 23 23 -1 3315 
[loc arcIndex] route: 30 24 7 25 8 26 12 328 28 956 26 29 -1 3345 
DD random seed:3729303247
running lns dd
destroy phase
prefix: 0 
suffix: 0 
prefix: 0 
suffix: 0 
prefix: 0 
suffix: 0 
prefix: 0 
suffix: 0 
prefix: 0 
suffix: 0 
2 14 15 11 24 19 1 3 10 27 20 16 18 21 4 29 22 25 5 6 9 17 13 23 30 7 8 12 28 26 
forward frontier
restricted destroy-repair dd compilation
restricted dd compilation - suffixes
running dd lns mip
num vars: 19538
obj from lns: 777
[loc arcIndex] route: 2 0 14 1 15 2 11 3 24 4 19 5 1 614 3 7 -5 3377 
[loc arcIndex] route: 10 8 27 9 20 10 -3 3390 
[loc arcIndex] route: 16 11 18 12 21 13 4 14 29 15 22 16 -4 3421 
[loc arcIndex] route: 25 17 5 18 6 19 9 20 17 21 13 22 23 23 -1 3453 
[loc arcIndex] route: 30 24 7 51 8 26 12 321 28 955 26 29 -1 3483 
DD random seed:155884873
running lns dd
destroy phase
prefix: 0 
suffix: 0 
prefix: 0 
suffix: 0 
prefix: 0 
suffix: 0 
prefix: 0 
suffix: 0 
prefix: 0 
suffix: 0 
2 14 15 11 24 19 1 3 10 27 20 16 18 21 4 29 22 25 5 6 9 17 13 23 30 7 8 12 28 26 
forward frontier
restricted destroy-repair dd compilation
restricted dd compilation - suffixes
running dd lns mip
num vars: 20358
obj from lns: 777
[loc arcIndex] route: 2 0 14 1 15 2 11 225 24 4 19 670 1 923 3 7 -4 3546 
[loc arcIndex] route: 10 8 27 30 20 10 -1 3558 
[loc arcIndex] route: 16 11 18 12 21 13 4 14 29 15 22 1031 -1 3588 
[loc arcIndex] route: 25 17 5 18 6 19 9 20 17 21 13 22 23 23 -1 3623 
[loc arcIndex] route: 30 24 7 78 8 26 12 550 28 28 26 29 -2 3654 
DD random seed:891529591
running lns dd
destroy phase
prefix: 0 
suffix: 0 
prefix: 0 
suffix: 0 
prefix: 0 
suffix: 0 
prefix: 0 
suffix: 0 
prefix: 0 
suffix: 0 
2 14 15 11 24 19 1 3 10 27 20 16 18 21 4 29 22 25 5 6 9 17 13 23 30 7 8 12 28 26 
forward frontier
restricted destroy-repair dd compilation
restricted dd compilation - suffixes
running dd lns mip
num vars: 14391
obj from lns: 777
[loc arcIndex] route: 2 0 14 1 15 2 11 3 24 4 19 5 1 6 3 2262 -1 2546 
[loc arcIndex] route: 10 8 27 9 20 87 -1 2561 
[loc arcIndex] route: 16 11 18 60 21 13 4 14 29 15 22 16 -4 2594 
[loc arcIndex] route: 25 17 5 44 6 19 9 20 17 21 13 705 23 23 -1 2626 
[loc arcIndex] route: 30 24 7 72 8 26 12 27 28 28 26 29 -2 2657 
DD random seed:1439243087
running lns dd
destroy phase
prefix: 0 
suffix: 0 
prefix: 0 
suffix: 0 
prefix: 0 
suffix: 0 
prefix: 0 
suffix: 0 
prefix: 0 
suffix: 0 
2 14 15 11 24 19 1 3 10 27 20 16 18 21 4 29 22 25 5 6 9 17 13 23 30 7 8 12 28 26 
forward frontier
restricted destroy-repair dd compilation
restricted dd compilation - suffixes
running dd lns mip
num vars: 8160
obj from lns: 777
[loc arcIndex] route: 2 0 14 1 15 2 11 3 24 4 19 5 1 6 3 7 -1 1425 
[loc arcIndex] route: 10 8 27 9 20 50 -1 1440 
[loc arcIndex] route: 16 11 18 35 21 13 4 70 29 15 22 365 -2 1471 
[loc arcIndex] route: 25 17 5 30 6 19 9 20 17 21 13 389 23 23 -2 1506 
[loc arcIndex] route: 30 24 7 42 8 26 12 27 28 28 26 29 -2 1536 
DD random seed:1710312095
running lns dd
destroy phase
prefix: 0 
suffix: 0 
prefix: 0 
suffix: 0 
prefix: 0 
suffix: 0 
prefix: 0 
suffix: 0 
prefix: 0 
suffix: 0 
2 14 15 11 24 19 1 3 10 27 20 16 18 21 4 29 22 25 5 6 9 17 13 23 30 7 8 12 28 26 
forward frontier
restricted destroy-repair dd compilation
restricted dd compilation - suffixes
running dd lns mip
num vars: 21234
obj from lns: 777
[loc arcIndex] route: 2 0 14 1 15 2 11 3 24 4 19 5 1 6 3 7 -1 3709 
[loc arcIndex] route: 10 8 27 9 20 10 -1 3724 
[loc arcIndex] route: 16 11 18 43 21 13 4 14 29 15 22 16 -1 3754 
[loc arcIndex] route: 25 17 5 35 6 19 9 20 13 323 17 1005 23 2737 -1 3789 
[loc arcIndex] route: 30 24 7 25 8 26 12 27 28 28 26 29 -1 3819 
DD random seed:2483834981
running lns dd
destroy phase
prefix: 0 
suffix: 0 
prefix: 0 
suffix: 0 
prefix: 0 
suffix: 0 
prefix: 0 
suffix: 0 
prefix: 0 
suffix: 0 
2 14 15 11 24 19 1 3 10 27 20 16 18 21 4 29 22 25 5 6 9 17 13 23 30 7 8 12 28 26 
forward frontier
restricted destroy-repair dd compilation
restricted dd compilation - suffixes
running dd lns mip
num vars: 13089
obj from lns: 777
[loc arcIndex] route: 2 0 14 1 15 2 11 121 24 4 19 5 1 486 3 7 -3 2286 
[loc arcIndex] route: 10 8 27 30 20 10 -1 2299 
[loc arcIndex] route: 16 11 18 12 21 13 4 14 29 200 22 16 -5 2333 
[loc arcIndex] route: 25 17 5 18 6 19 9 74 17 21 13 626 23 23 -1 2364 
[loc arcIndex] route: 30 24 7 47 8 26 12 236 28 734 26 29 -4 2397 
updated increasing parameter: 30
DD random seed:2961185492
running lns dd
destroy phase
prefix: 0 
suffix: 0 
prefix: 0 
suffix: 0 
prefix: 0 
suffix: 0 
prefix: 0 
suffix: 0 
prefix: 0 
suffix: 0 
2 14 15 11 24 19 1 3 10 27 20 16 18 21 4 29 22 25 5 6 9 17 13 23 30 7 8 12 28 26 
forward frontier
restricted destroy-repair dd compilation
restricted dd compilation - suffixes
running dd lns mip
num vars: 35495
obj from lns: 777
[loc arcIndex] route: 2 0 14 1 15 2 11 3 24 4 19 5 1 6 3 7 -1 6120 
[loc arcIndex] route: 10 8 27 9 20 10 -5 6139 
[loc arcIndex] route: 16 11 18 58 21 13 4 201 29 15 22 1379 -1 6165 
[loc arcIndex] route: 25 17 5 18 6 19 9 227 17 21 13 22 23 4232 -1 6200 
[loc arcIndex] route: 30 24 7 87 8 376 12 27 28 1925 26 29 -1 6230 
DD random seed:84905327
running lns dd
destroy phase
prefix: 0 
suffix: 0 
prefix: 0 
suffix: 0 
prefix: 0 
suffix: 0 
prefix: 0 
suffix: 0 
prefix: 0 
suffix: 0 
2 14 15 11 24 19 1 3 10 27 20 16 18 21 4 29 22 25 5 6 9 17 13 23 30 7 8 12 28 26 
forward frontier
restricted destroy-repair dd compilation
restricted dd compilation - suffixes
running dd lns mip
num vars: 9021
obj from lns: 777
[loc arcIndex] route: 2 0 14 1 15 33 11 67 24 4 19 5 1 6 3 7 -1 1571 
[loc arcIndex] route: 10 8 27 9 20 10 -1 1586 
[loc arcIndex] route: 16 11 18 12 21 13 4 14 29 15 22 299 -1 1616 
[loc arcIndex] route: 25 17 5 18 6 19 9 20 17 21 13 22 23 23 -3 1653 
[loc arcIndex] route: 30 24 7 37 8 81 12 144 28 28 26 29 -1 1681 
DD random seed:393014786
running lns dd
destroy phase
prefix: 0 
suffix: 0 
prefix: 0 
suffix: 0 
prefix: 0 
suffix: 0 
prefix: 0 
suffix: 0 
prefix: 0 
suffix: 0 
2 14 15 11 24 19 1 3 10 27 20 16 18 21 4 29 22 25 5 6 9 17 13 23 30 7 8 12 28 26 
forward frontier
restricted destroy-repair dd compilation
restricted dd compilation - suffixes
running dd lns mip
num vars: 9230
obj from lns: 777
[loc arcIndex] route: 2 0 14 1 15 2 11 3 24 4 19 5 1 6 3 7 -2 1616 
[loc arcIndex] route: 10 8 27 9 20 10 -1 1630 
[loc arcIndex] route: 16 11 18 12 21 13 4 14 29 15 22 376 -1 1660 
[loc arcIndex] route: 25 17 5 18 6 19 9 20 17 21 13 22 23 23 -3 1697 
[loc arcIndex] route: 30 24 7 25 8 26 12 27 28 28 26 29 -3 1727 
DD random seed:731449601
running lns dd
destroy phase
prefix: 0 
suffix: 0 
prefix: 0 
suffix: 0 
prefix: 0 
suffix: 0 
prefix: 0 
suffix: 0 
prefix: 0 
suffix: 0 
2 14 15 11 24 19 1 3 10 27 20 16 18 21 4 29 22 25 5 6 9 17 13 23 30 7 8 12 28 26 
forward frontier
restricted destroy-repair dd compilation
restricted dd compilation - suffixes
running dd lns mip
num vars: 4731
obj from lns: 777
[loc arcIndex] route: 2 0 14 1 15 2 11 3 24 4 19 5 1 186 3 7 -1 851 
[loc arcIndex] route: 10 8 27 30 20 10 -2 867 
[loc arcIndex] route: 16 11 18 12 21 13 4 14 29 15 22 16 -5 900 
[loc arcIndex] route: 25 17 5 18 6 19 9 20 17 21 13 226 23 585 -4 934 
[loc arcIndex] route: 30 24 7 33 8 73 12 103 28 28 26 29 -2 962 
DD random seed:891412853
running lns dd
destroy phase
prefix: 0 
suffix: 0 
prefix: 0 
suffix: 0 
prefix: 0 
suffix: 0 
prefix: 0 
suffix: 0 
prefix: 0 
suffix: 0 
2 14 15 11 24 19 1 3 10 27 20 16 18 21 4 29 22 25 5 6 9 17 13 23 30 7 8 12 28 26 
forward frontier
restricted destroy-repair dd compilation
restricted dd compilation - suffixes
running dd lns mip
num vars: 3828
obj from lns: 777
[loc arcIndex] route: 2 0 14 1 15 2 11 3 24 4 19 5 1 6 3 7 -1 703 
[loc arcIndex] route: 10 8 27 30 20 10 -1 718 
[loc arcIndex] route: 16 11 18 32 21 13 4 36 29 15 22 148 -3 750 
[loc arcIndex] route: 25 17 5 18 6 19 9 37 17 74 13 22 23 475 -1 783 
[loc arcIndex] route: 30 24 7 25 8 53 12 27 28 28 26 29 -1 813 
DD random seed:1020002057
running lns dd
destroy phase
prefix: 0 
suffix: 0 
prefix: 0 
suffix: 0 
prefix: 0 
suffix: 0 
prefix: 0 
suffix: 0 
prefix: 0 
suffix: 0 
2 14 15 11 24 19 1 3 10 27 20 16 18 21 4 29 22 25 5 6 9 17 13 23 30 7 8 12 28 26 
forward frontier
restricted destroy-repair dd compilation
restricted dd compilation - suffixes
running dd lns mip
num vars: 14610
obj from lns: 777
[loc arcIndex] route: 2 0 14 1 15 40 11 115 24 4 19 5 1 6 3 7 -1 2545 
[loc arcIndex] route: 10 8 27 9 20 10 -2 2561 
[loc arcIndex] route: 16 11 18 12 21 13 4 99 29 275 22 16 -5 2594 
[loc arcIndex] route: 25 17 5 33 6 19 9 20 17 21 13 22 23 23 -1 2625 
[loc arcIndex] route: 30 24 7 25 8 26 12 301 28 28 26 29 -4 2658 
DD random seed:1549085807
running lns dd
destroy phase
prefix: 0 
suffix: 0 
prefix: 0 
suffix: 0 
prefix: 0 
suffix: 0 
prefix: 0 
suffix: 0 
prefix: 0 
suffix: 0 
2 14 15 11 24 19 1 3 10 27 20 16 18 21 4 29 22 25 5 6 9 17 13 23 30 7 8 12 28 26 
forward frontier
restricted destroy-repair dd compilation
restricted dd compilation - suffixes
running dd lns mip
num vars: 28052
obj from lns: 777
[loc arcIndex] route: 2 0 14 1 15 2 11 3 24 4 19 5 1 1010 3 4288 -3 4854 
[loc arcIndex] route: 10 8 27 9 20 10 -3 4869 
[loc arcIndex] route: 16 11 18 12 21 13 4 14 29 462 22 1157 -1 4897 
[loc arcIndex] route: 25 17 5 18 6 94 9 20 17 21 13 1287 23 23 -1 4932 
[loc arcIndex] route: 30 24 7 25 8 26 12 27 28 28 26 3040 -2 4963 
DD random seed:3088905747
running lns dd
destroy phase
prefix: 0 
suffix: 0 
prefix: 0 
suffix: 0 
prefix: 0 
suffix: 0 
prefix: 0 
suffix: 0 
prefix: 0 
suffix: 0 
2 14 15 11 24 19 1 3 10 27 20 16 18 21 4 29 22 25 5 6 9 17 13 23 30 7 8 12 28 26 
forward frontier
restricted destroy-repair dd compilation
restricted dd compilation - suffixes
running dd lns mip
num vars: 63218
obj from lns: 777
[loc arcIndex] route: 2 0 14 1 15 2 11 3 24 4 19 5 1 6 3 7 -1 10963 
[loc arcIndex] route: 10 8 27 45 20 10 -1 10978 
[loc arcIndex] route: 16 11 18 12 21 13 4 14 29 15 22 16 -1 11008 
[loc arcIndex] route: 25 17 5 48 6 19 9 20 17 1319 13 3236 23 23 -1 11043 
[loc arcIndex] route: 30 24 7 159 8 26 12 1495 28 28 26 29 -3 11075 
DD random seed:1573309676
running lns dd
destroy phase
prefix: 0 
suffix: 0 
prefix: 0 
suffix: 0 
prefix: 0 
suffix: 0 
prefix: 0 
suffix: 0 
prefix: 0 
suffix: 0 
2 14 15 11 24 19 1 3 10 27 20 16 18 21 4 29 22 25 5 6 9 17 13 23 30 7 8 12 28 26 
forward frontier
restricted destroy-repair dd compilation
restricted dd compilation - suffixes
running dd lns mip
num vars: 3973
obj from lns: 777
[loc arcIndex] route: 2 0 14 1 15 33 11 3 24 4 19 5 1 6 3 7 -5 737 
[loc arcIndex] route: 10 8 27 31 20 10 -3 750 
[loc arcIndex] route: 16 11 18 36 21 13 4 14 29 15 22 235 -1 778 
[loc arcIndex] route: 25 17 5 18 6 52 9 20 17 21 13 259 23 23 -5 817 
[loc arcIndex] route: 30 24 7 44 8 101 12 137 28 28 26 29 -5 847 
DD random seed:1702123033
running lns dd
destroy phase
prefix: 0 
suffix: 0 
prefix: 0 
suffix: 0 
prefix: 0 
suffix: 0 
prefix: 0 
suffix: 0 
prefix: 0 
suffix: 0 
2 14 15 11 24 19 1 3 10 27 20 16 18 21 4 29 22 25 5 6 9 17 13 23 30 7 8 12 28 26 
forward frontier
restricted destroy-repair dd compilation
restricted dd compilation - suffixes
running dd lns mip
num vars: 20610
obj from lns: 777
[loc arcIndex] route: 2 0 14 1 15 2 11 141 24 4 19 5 1 6 3 7 -1 3600 
[loc arcIndex] route: 10 8 27 9 20 10 -1 3615 
[loc arcIndex] route: 16 11 18 12 21 13 4 104 29 15 22 16 -5 3649 
[loc arcIndex] route: 25 17 5 41 6 19 9 20 17 314 13 988 23 23 -3 3682 
[loc arcIndex] route: 30 24 7 25 8 26 12 27 28 1192 26 29 -2 3711 
updated increasing parameter: 31
DD random seed:2442864401
running lns dd
destroy phase
prefix: 0 
suffix: 0 
prefix: 0 
suffix: 0 
prefix: 0 
suffix: 0 
prefix: 0 
suffix: 0 
prefix: 0 
suffix: 0 
2 14 15 11 24 19 1 3 10 27 20 16 18 21 4 29 22 25 5 6 9 17 13 23 30 7 8 12 28 26 
forward frontier
restricted destroy-repair dd compilation
restricted dd compilation - suffixes
running dd lns mip
num vars: 48150
obj from lns: 777
[loc arcIndex] route: 2 0 14 1 15 2 11 3 24 4 19 5 1 1606 3 7286 -1 8315 
[loc arcIndex] route: 10 8 27 9 20 10 -1 8330 
[loc arcIndex] route: 16 11 18 58 21 189 4 14 29 799 22 1870 -2 8361 
[loc arcIndex] route: 25 17 5 18 6 103 9 20 17 21 13 22 23 23 -1 8395 
[loc arcIndex] route: 30 24 7 78 8 26 12 27 28 2624 26 29 -3 8427 
DD random seed:279201376
running lns dd
destroy phase
prefix: 0 
suffix: 0 
prefix: 0 
suffix: 0 
prefix: 0 
suffix: 0 
prefix: 0 
suffix: 0 
prefix: 0 
suffix: 0 
2 14 15 11 24 19 1 3 10 27 20 16 18 21 4 29 22 25 5 6 9 17 13 23 30 7 8 12 28 26 
forward frontier
restricted destroy-repair dd compilation
restricted dd compilation - suffixes
running dd lns mip
num vars: 12781
obj from lns: 777
[loc arcIndex] route: 2 0 14 1 15 2 11 130 24 4 19 347 1 6 3 1987 -4 2224 
[loc arcIndex] route: 10 8 27 30 20 10 -4 2239 
[loc arcIndex] route: 16 11 18 48 21 81 4 94 29 15 22 16 -1 2266 
[loc arcIndex] route: 25 17 5 18 6 19 9 20 17 21 13 22 23 1584 -3 2303 
[loc arcIndex] route: 30 24 7 25 8 26 12 273 28 28 26 29 -1 2331 
DD random seed:718430449
running lns dd
destroy phase
prefix: 0 
suffix: 0 
prefix: 0 
suffix: 0 
prefix: 0 
suffix: 0 
prefix: 0 
suffix: 0 
prefix: 0 
suffix: 0 
2 14 15 11 24 19 1 3 10 27 20 16 18 21 4 29 22 25 5 6 9 17 13 23 30 7 8 12 28 26 
forward frontier
restricted destroy-repair dd compilation
restricted dd compilation - suffixes
running dd lns mip
num vars: 46333
obj from lns: 777
[loc arcIndex] route: 2 0 14 1 15 2 11 3 24 4 19 5 1 6 3 7 -1 8048 
[loc arcIndex] route: 10 8 27 33 20 81 -3 8065 
[loc arcIndex] route: 16 11 18 66 21 13 4 14 29 15 22 2011 -1 8093 
[loc arcIndex] route: 25 17 5 18 6 19 9 214 17 21 13 2222 23 23 -1 8128 
[loc arcIndex] route: 30 24 7 25 8 26 12 930 28 28 26 29 -1 8158 
DD random seed:2441012709
running lns dd
destroy phase
prefix: 0 
suffix: 0 
prefix: 0 
suffix: 0 
prefix: 0 
suffix: 0 
prefix: 0 
suffix: 0 
prefix: 0 
suffix: 0 
2 14 15 11 24 19 1 3 10 27 20 16 18 21 4 29 22 25 5 6 9 17 13 23 30 7 8 12 28 26 
forward frontier
restricted destroy-repair dd compilation
restricted dd compilation - suffixes
running dd lns mip
num vars: 7220
obj from lns: 777
[loc arcIndex] route: 2 0 14 1 15 2 11 97 24 4 19 5 1 6 3 7 -1 1295 
[loc arcIndex] route: 10 8 27 9 20 10 -1 1310 
[loc arcIndex] route: 16 11 18 12 21 13 4 14 22 171 29 474 -2 3526 
[loc arcIndex] route: 25 17 5 18 6 19 9 20 17 21 13 410 23 23 -5 1379 
[loc arcIndex] route: 30 24 7 34 8 26 12 27 28 28 26 786 -5 1409 
DD random seed:2682908968
running lns dd
destroy phase
prefix: 0 
suffix: 0 
prefix: 0 
suffix: 0 
prefix: 0 
suffix: 0 
prefix: 0 
suffix: 0 
prefix: 0 
suffix: 0 
2 14 15 11 24 19 1 3 10 27 20 16 18 21 4 29 22 25 5 6 9 17 13 23 30 7 8 12 28 26 
forward frontier
restricted destroy-repair dd compilation
restricted dd compilation - suffixes
running dd lns mip
num vars: 25293
obj from lns: 777
[loc arcIndex] route: 2 0 14 1 15 2 11 3 24 4 19 5 1 6 3 7 -1 4383 
[loc arcIndex] route: 10 8 27 9 20 10 -5 4402 
[loc arcIndex] route: 16 11 18 49 21 124 4 14 29 438 22 16 -5 4432 
[loc arcIndex] route: 25 17 5 36 6 19 9 20 17 440 13 22 23 23 -1 4463 
[loc arcIndex] route: 30 24 7 68 8 26 12 27 28 28 26 29 -1 4493 
DD random seed:3663220846
running lns dd
destroy phase
prefix: 0 
suffix: 0 
prefix: 0 
suffix: 0 
prefix: 0 
suffix: 0 
prefix: 0 
suffix: 0 
prefix: 0 
suffix: 0 
2 14 15 11 24 19 1 3 10 27 20 16 18 21 4 29 22 25 5 6 9 17 13 23 30 7 8 12 28 26 
forward frontier
restricted destroy-repair dd compilation
restricted dd compilation - suffixes
running dd lns mip
num vars: 47689
obj from lns: 777
[loc arcIndex] route: 2 0 14 1 15 2 11 355 24 4 19 5 1 6 3 7 -1 8259 
[loc arcIndex] route: 10 8 27 40 20 10 -1 8274 
[loc arcIndex] route: 16 11 18 86 21 13 4 14 29 15 22 16 -1 8304 
[loc arcIndex] route: 25 17 5 46 6 19 9 20 17 869 13 22 23 23 -1 8339 
[loc arcIndex] route: 30 24 7 25 8 514 12 27 28 28 26 29 -1 8369 
DD random seed:1442178288
running lns dd
destroy phase
prefix: 0 
suffix: 0 
prefix: 0 
suffix: 0 
prefix: 0 
suffix: 0 
prefix: 0 
suffix: 0 
prefix: 0 
suffix: 0 
2 14 15 11 24 19 1 3 10 27 20 16 18 21 4 29 22 25 5 6 9 17 13 23 30 7 8 12 28 26 
forward frontier
restricted destroy-repair dd compilation
restricted dd compilation - suffixes
running dd lns mip
num vars: 28118
obj from lns: 777
[loc arcIndex] route: 2 0 14 1 15 2 11 3 24 4 19 755 1 1126 3 7 -2 4869 
[loc arcIndex] route: 10 8 27 32 20 10 -2 4884 
[loc arcIndex] route: 16 11 18 12 21 13 4 14 29 15 22 1266 -1 4913 
[loc arcIndex] route: 25 17 5 18 6 19 9 163 17 21 13 1438 23 23 -1 4948 
[loc arcIndex] route: 30 24 7 25 8 26 12 27 28 28 26 29 -1 4978 
DD random seed:2701272032
running lns dd
destroy phase
prefix: 0 
suffix: 0 
prefix: 0 
suffix: 0 
prefix: 0 
suffix: 0 
prefix: 0 
suffix: 0 
prefix: 0 
suffix: 0 
2 14 15 11 24 19 1 3 10 27 20 16 18 21 4 29 22 25 5 6 9 17 13 23 30 7 8 12 28 26 
forward frontier
restricted destroy-repair dd compilation
restricted dd compilation - suffixes
running dd lns mip
num vars: 16302
obj from lns: 777
[loc arcIndex] route: 2 0 14 1 15 2 11 3 24 4 19 389 1 6 3 7 -1 2822 
[loc arcIndex] route: 10 8 27 9 20 10 -2 2838 
[loc arcIndex] route: 16 11 18 12 21 13 4 14 29 261 22 16 -4 2870 
[loc arcIndex] route: 25 17 5 18 6 19 9 20 17 263 13 22 23 23 -1 2902 
[loc arcIndex] route: 30 24 7 25 8 26 12 27 28 28 26 1670 -1 2932 
DD random seed:3294361989
running lns dd
destroy phase
prefix: 0 
suffix: 0 
prefix: 0 
suffix: 0 
prefix: 0 
suffix: 0 
prefix: 0 
suffix: 0 
prefix: 0 
suffix: 0 
2 14 15 11 24 19 1 3 10 27 20 16 18 21 4 29 22 25 5 6 9 17 13 23 30 7 8 12 28 26 
forward frontier
restricted destroy-repair dd compilation
restricted dd compilation - suffixes
running dd lns mip
num vars: 4583
obj from lns: 777
[loc arcIndex] route: 2 0 14 1 15 31 11 78 24 88 19 5 1 6 3 7 -1 828 
[loc arcIndex] route: 10 8 27 9 20 10 -2 844 
[loc arcIndex] route: 16 11 18 12 21 54 4 60 29 15 22 16 -2 874 
[loc arcIndex] route: 25 17 5 30 6 19 9 20 17 21 13 22 23 23 -3 910 
[loc arcIndex] route: 30 24 7 25 8 26 12 27 28 28 26 29 -3 940 
DD random seed:3443700389
running lns dd
destroy phase
prefix: 0 
suffix: 0 
prefix: 0 
suffix: 0 
prefix: 0 
suffix: 0 
prefix: 0 
suffix: 0 
prefix: 0 
suffix: 0 
2 14 15 11 24 19 1 3 10 27 20 16 18 21 4 29 22 25 5 6 9 17 13 23 30 7 8 12 28 26 
forward frontier
restricted destroy-repair dd compilation
restricted dd compilation - suffixes
running dd lns mip
num vars: 3418
obj from lns: 777
[loc arcIndex] route: 2 0 14 1 15 2 11 53 24 71 19 5 1 6 3 7 -1 628 
[loc arcIndex] route: 10 8 27 9 20 38 -1 643 
[loc arcIndex] route: 16 11 18 12 21 13 4 14 22 99 29 216 -1 1608 
[loc arcIndex] route: 25 17 5 18 6 19 9 50 17 21 13 22 23 23 -1 708 
[loc arcIndex] route: 30 24 7 25 8 26 12 27 28 28 26 29 -4 741 
updated increasing parameter: 32
DD random seed:3549459655
running lns dd
destroy phase
prefix: 0 
suffix: 0 
prefix: 0 
suffix: 0 
prefix: 0 
suffix: 0 
prefix: 0 
suffix: 0 
prefix: 0 
suffix: 0 
2 14 15 11 24 19 1 3 10 27 20 16 18 21 4 29 22 25 5 6 9 17 13 23 30 7 8 12 28 26 
forward frontier
restricted destroy-repair dd compilation
restricted dd compilation - suffixes
running dd lns mip
num vars: 29310
obj from lns: 777
[loc arcIndex] route: 2 0 14 1 15 2 11 3 24 4 19 5 1 915 3 7 -5 5094 
[loc arcIndex] route: 10 8 27 9 20 10 -1 5105 
[loc arcIndex] route: 16 11 18 12 21 13 4 130 29 15 22 16 -2 5136 
[loc arcIndex] route: 25 17 5 18 6 19 9 20 17 21 13 22 23 23 -2 5171 
[loc arcIndex] route: 30 24 7 56 8 26 12 27 28 28 26 29 -1 5200 
DD random seed:383175447
running lns dd
destroy phase
prefix: 0 
suffix: 0 
prefix: 0 
suffix: 0 
prefix: 0 
suffix: 0 
prefix: 0 
suffix: 0 
prefix: 0 
suffix: 0 
2 14 15 11 24 19 1 3 10 27 20 16 18 21 4 29 22 25 5 6 9 17 13 23 30 7 8 12 28 26 
forward frontier
restricted destroy-repair dd compilation
restricted dd compilation - suffixes
running dd lns mip
num vars: 61218
obj from lns: 777
[loc arcIndex] route: 2 0 14 1 15 2 11 3 24 4 19 5 1 6 3 7 -1 10653 
[loc arcIndex] route: 10 8 27 9 20 10 -1 10668 
[loc arcIndex] route: 16 11 18 12 21 263 4 14 29 15 22 16 -1 10698 
[loc arcIndex] route: 25 17 5 18 6 19 9 350 17 21 13 22 23 23 -1 10733 
[loc arcIndex] route: 30 24 7 25 8 578 12 27 28 28 26 29 -1 10763 
DD random seed:3123565317
running lns dd
destroy phase
prefix: 0 
suffix: 0 
prefix: 0 
suffix: 0 
prefix: 0 
suffix: 0 
prefix: 0 
suffix: 0 
prefix: 0 
suffix: 0 
2 14 15 11 24 19 1 3 10 27 20 16 18 21 4 29 22 25 5 6 9 17 13 23 30 7 8 12 28 26 
forward frontier
restricted destroy-repair dd compilation
restricted dd compilation - suffixes
running dd lns mip
num vars: 44601
obj from lns: 777
[loc arcIndex] route: 2 0 14 1 15 2 11 369 24 441 19 5 1 1678 3 7 -1 7671 
[loc arcIndex] route: 10 8 27 9 20 10 -1 7686 
[loc arcIndex] route: 16 11 18 12 21 13 4 14 29 833 22 1924 -1 7716 
[loc arcIndex] route: 25 17 5 18 6 19 9 20 17 21 13 22 23 23 -3 7753 
[loc arcIndex] route: 30 24 7 25 8 26 12 27 28 28 26 29 -1 7781 
DD random seed:622164636
running lns dd
destroy phase
prefix: 0 
suffix: 0 
prefix: 0 
suffix: 0 
prefix: 0 
suffix: 0 
prefix: 0 
suffix: 0 
prefix: 0 
suffix: 0 
2 14 15 11 24 19 1 3 10 27 20 16 18 21 4 29 22 25 5 6 9 17 13 23 30 7 8 12 28 26 
forward frontier
restricted destroy-repair dd compilation
restricted dd compilation - suffixes
running dd lns mip
num vars: 11058
obj from lns: 777
[loc arcIndex] route: 2 0 14 1 15 2 11 3 24 4 19 268 1 6 3 7 -2 1939 
[loc arcIndex] route: 10 8 27 9 20 10 -5 1957 
[loc arcIndex] route: 16 11 18 12 21 13 4 14 29 15 22 16 -1 1983 
[loc arcIndex] route: 25 17 5 18 6 19 9 20 17 21 13 22 23 23 -1 2018 
[loc arcIndex] route: 30 24 7 25 8 26 12 27 28 28 26 1161 -1 2048 
DD random seed:1011375130
running lns dd
destroy phase
prefix: 0 
suffix: 0 
prefix: 0 
suffix: 0 
prefix: 0 
suffix: 0 
prefix: 0 
suffix: 0 
prefix: 0 
suffix: 0 
2 14 15 11 24 19 1 3 10 27 20 16 18 21 4 29 22 25 5 6 9 17 13 23 30 7 8 12 28 26 
forward frontier
restricted destroy-repair dd compilation
restricted dd compilation - suffixes
running dd lns mip
num vars: 29837
obj from lns: 777
[loc arcIndex] route: 2 0 14 1 15 2 11 3 24 4 19 5 1 6 3 7 -1 5147 
[loc arcIndex] route: 10 8 27 9 20 10 -1 5162 
[loc arcIndex] route: 16 11 18 12 21 13 4 14 29 15 22 16 -5 5196 
[loc arcIndex] route: 25 17 5 18 6 19 9 20 17 21 13 1525 23 23 -1 5227 
[loc arcIndex] route: 30 24 7 25 8 26 12 27 28 28 26 29 -1 5257 
DD random seed:2142595577
running lns dd
destroy phase
prefix: 0 
suffix: 0 
prefix: 0 
suffix: 0 
prefix: 0 
suffix: 0 
prefix: 0 
suffix: 0 
prefix: 0 
suffix: 0 
2 14 15 11 24 19 1 3 10 27 20 16 18 21 4 29 22 25 5 6 9 17 13 23 30 7 8 12 28 26 
forward frontier
restricted destroy-repair dd compilation
restricted dd compilation - suffixes
running dd lns mip
num vars: 38680
obj from lns: 777
[loc arcIndex] route: 2 0 14 1 15 2 11 328 24 4 19 5 1 6 3 7 -1 6690 
[loc arcIndex] route: 10 8 27 9 20 10 -3 6707 
[loc arcIndex] route: 16 11 18 71 21 13 4 214 29 15 22 16 -1 6735 
[loc arcIndex] route: 25 17 5 44 6 19 9 20 17 21 13 1808 23 23 -1 6770 
[loc arcIndex] route: 30 24 7 25 8 26 12 27 28 28 26 29 -1 6800 
DD random seed:3691027556
running lns dd
destroy phase
prefix: 0 
suffix: 0 
prefix: 0 
suffix: 0 
prefix: 0 
suffix: 0 
prefix: 0 
suffix: 0 
prefix: 0 
suffix: 0 
2 14 15 11 24 19 1 3 10 27 20 16 18 21 4 29 22 25 5 6 9 17 13 23 30 7 8 12 28 26 
forward frontier
restricted destroy-repair dd compilation
restricted dd compilation - suffixes
running dd lns mip
num vars: 20709
obj from lns: 777
[loc arcIndex] route: 2 0 14 1 15 2 11 3 24 4 19 5 1 6 3 7 -4 3632 
[loc arcIndex] route: 10 8 27 9 20 66 -1 3644 
[loc arcIndex] route: 16 11 18 36 21 13 4 110 29 15 22 16 -1 3674 
[loc arcIndex] route: 25 17 5 18 6 19 9 20 17 21 13 22 23 23 -2 3710 
[loc arcIndex] route: 30 24 7 25 8 26 12 27 28 28 26 2156 -1 3739 
DD random seed:191130359
running lns dd
destroy phase
prefix: 0 
suffix: 0 
prefix: 0 
suffix: 0 
prefix: 0 
suffix: 0 
prefix: 0 
suffix: 0 
prefix: 0 
suffix: 0 
2 14 15 11 24 19 1 3 10 27 20 16 18 21 4 29 22 25 5 6 9 17 13 23 30 7 8 12 28 26 
forward frontier
restricted destroy-repair dd compilation
restricted dd compilation - suffixes
running dd lns mip
num vars: 29113
obj from lns: 777
[loc arcIndex] route: 2 0 14 1 15 2 11 257 24 4 19 5 1 6 3 7 -1 5043 
[loc arcIndex] route: 10 8 27 9 20 88 -1 5058 
[loc arcIndex] route: 16 11 18 12 21 13 4 14 29 15 22 1145 -3 5090 
[loc arcIndex] route: 25 17 5 18 6 19 9 167 17 21 13 22 23 23 -1 5123 
[loc arcIndex] route: 30 24 7 77 8 26 12 27 28 28 26 3022 -1 5153 
DD random seed:1293826429
running lns dd
destroy phase
prefix: 0 
suffix: 0 
prefix: 0 
suffix: 0 
prefix: 0 
suffix: 0 
prefix: 0 
suffix: 0 
prefix: 0 
suffix: 0 
2 14 15 11 24 19 1 3 10 27 20 16 18 21 4 29 22 25 5 6 9 17 13 23 30 7 8 12 28 26 
forward frontier
restricted destroy-repair dd compilation
restricted dd compilation - suffixes
running dd lns mip
num vars: 7591
obj from lns: 777
[loc arcIndex] route: 2 0 14 1 15 2 11 3 24 4 19 5 1 6 3 7 -1 1336 
[loc arcIndex] route: 10 8 27 9 20 10 -2 1352 
[loc arcIndex] route: 16 11 18 12 21 13 4 14 29 15 22 16 -1 1381 
[loc arcIndex] route: 25 17 5 18 6 19 9 20 17 131 13 332 23 23 -5 1420 
[loc arcIndex] route: 30 24 7 25 8 26 12 152 28 28 26 29 -1 1446 
DD random seed:1558623104
running lns dd
destroy phase
prefix: 0 
suffix: 0 
prefix: 0 
suffix: 0 
prefix: 0 
suffix: 0 
prefix: 0 
suffix: 0 
prefix: 0 
suffix: 0 
2 14 15 11 24 19 1 3 10 27 20 16 18 21 4 29 22 25 5 6 9 17 13 23 30 7 8 12 28 26 
forward frontier
restricted destroy-repair dd compilation
restricted dd compilation - suffixes
running dd lns mip
num vars: 25223
obj from lns: 777
[loc arcIndex] route: 2 0 14 1 15 2 11 181 24 4 19 5 1 861 3 7 -1 4403 
[loc arcIndex] route: 10 8 27 9 20 46 -1 4418 
[loc arcIndex] route: 16 11 18 12 21 13 4 14 29 15 22 16 -1 4448 
[loc arcIndex] route: 25 17 5 18 6 19 9 111 17 21 13 22 23 23 -1 4483 
[loc arcIndex] route: 30 24 7 25 8 26 12 27 28 28 26 29 -1 4513 
updated increasing parameter: 33
DD random seed:2526575589
running lns dd
destroy phase
prefix: 0 
suffix: 0 
prefix: 0 
suffix: 0 
prefix: 0 
suffix: 0 
prefix: 0 
suffix: 0 
prefix: 0 
suffix: 0 
2 14 15 11 24 19 1 3 10 27 20 16 18 21 4 29 22 25 5 6 9 17 13 23 30 7 8 12 28 26 
forward frontier
restricted destroy-repair dd compilation
restricted dd compilation - suffixes
running dd lns mip
num vars: 26246
obj from lns: 777
[loc arcIndex] route: 2 0 14 1 15 2 11 204 24 4 19 5 1 6 3 7 -1 4546 
[loc arcIndex] route: 10 8 27 9 20 10 -1 4561 
[loc arcIndex] route: 16 11 18 51 21 13 4 14 29 15 22 16 -5 4595 
[loc arcIndex] route: 25 17 5 18 6 19 9 20 17 21 13 22 23 3305 -1 4626 
[loc arcIndex] route: 30 24 7 25 8 26 12 556 28 1528 26 29 -1 4656 
DD random seed:3465112004
running lns dd
destroy phase
prefix: 0 
suffix: 0 
prefix: 0 
suffix: 0 
prefix: 0 
suffix: 0 
prefix: 0 
suffix: 0 
prefix: 0 
suffix: 0 
2 14 15 11 24 19 1 3 10 27 20 16 18 21 4 29 22 25 5 6 9 17 13 23 30 7 8 12 28 26 
forward frontier
restricted destroy-repair dd compilation
restricted dd compilation - suffixes
running dd lns mip
num vars: 5189
obj from lns: 777
[loc arcIndex] route: 2 0 14 1 15 2 11 3 24 4 19 171 1 6 3 7 -2 925 
[loc arcIndex] route: 10 8 27 9 20 10 -2 940 
[loc arcIndex] route: 16 11 18 12 21 13 4 14 29 118 22 16 -2 970 
[loc arcIndex] route: 25 17 5 18 6 19 9 20 17 21 13 22 23 23 -3 1006 
[loc arcIndex] route: 30 24 7 25 8 26 12 27 28 28 26 560 -1 1034 
DD random seed:3632273962
running lns dd
destroy phase
prefix: 0 
suffix: 0 
prefix: 0 
suffix: 0 
prefix: 0 
suffix: 0 
prefix: 0 
suffix: 0 
prefix: 0 
suffix: 0 
2 14 15 11 24 19 1 3 10 27 20 16 18 21 4 29 22 25 5 6 9 17 13 23 30 7 8 12 28 26 
forward frontier
restricted destroy-repair dd compilation
restricted dd compilation - suffixes
running dd lns mip
num vars: 17081
obj from lns: 777
[loc arcIndex] route: 2 0 14 1 15 2 11 3 24 4 19 5 1 675 3 7 -1 2976 
[loc arcIndex] route: 10 8 27 9 20 10 -5 2995 
[loc arcIndex] route: 16 11 18 12 21 13 4 14 29 333 22 768 -3 3023 
[loc arcIndex] route: 25 17 5 18 6 19 9 20 17 21 13 22 23 23 -2 3057 
[loc arcIndex] route: 30 24 7 61 8 26 12 27 28 28 26 29 -1 3086 
DD random seed:4257625216
running lns dd
destroy phase
prefix: 0 
suffix: 0 
prefix: 0 
suffix: 0 
prefix: 0 
suffix: 0 
prefix: 0 
suffix: 0 
prefix: 0 
suffix: 0 
2 14 15 11 24 19 1 3 10 27 20 16 18 21 4 29 22 25 5 6 9 17 13 23 30 7 8 12 28 26 
forward frontier
restricted destroy-repair dd compilation
restricted dd compilation - suffixes
running dd lns mip
num vars: 15023
obj from lns: 777
[loc arcIndex] route: 2 0 14 1 15 2 11 3 24 4 19 5 1 6 3 7 -2 2624 
[loc arcIndex] route: 10 8 27 9 20 10 -1 2638 
[loc arcIndex] route: 16 11 18 12 21 13 4 14 29 15 22 692 -1 2668 
[loc arcIndex] route: 25 17 5 18 6 19 9 20 17 21 13 22 23 23 -4 2706 
[loc arcIndex] route: 30 24 7 25 8 26 12 27 28 28 26 29 -2 2734 
DD random seed:474578300
running lns dd
destroy phase
prefix: 0 
suffix: 0 
prefix: 0 
suffix: 0 
prefix: 0 
suffix: 0 
prefix: 0 
suffix: 0 
prefix: 0 
suffix: 0 
2 14 15 11 24 19 1 3 10 27 20 16 18 21 4 29 22 25 5 6 9 17 13 23 30 7 8 12 28 26 
forward frontier
restricted destroy-repair dd compilation
restricted dd compilation - suffixes
running dd lns mip
num vars: 22090
obj from lns: 777
[loc arcIndex] route: 2 0 14 1 15 2 11 3 24 4 19 5 1 6 3 7 -1 3840 
[loc arcIndex] route: 10 8 27 9 20 10 -3 3857 
[loc arcIndex] route: 16 11 18 12 21 13 4 14 29 265 22 16 -1 3885 
[loc arcIndex] route: 25 17 5 18 6 19 9 20 17 21 13 833 23 23 -1 3920 
[loc arcIndex] route: 30 24 7 25 8 26 12 27 28 1088 26 29 -1 3950 
DD random seed:1303778396
running lns dd
destroy phase
prefix: 0 
suffix: 0 
prefix: 0 
suffix: 0 
prefix: 0 
suffix: 0 
prefix: 0 
suffix: 0 
prefix: 0 
suffix: 0 
2 14 15 11 24 19 1 3 10 27 20 16 18 21 4 29 22 25 5 6 9 17 13 23 30 7 8 12 28 26 
forward frontier
restricted destroy-repair dd compilation
restricted dd compilation - suffixes
running dd lns mip
num vars: 26425
obj from lns: 777
[loc arcIndex] route: 2 0 14 1 15 2 11 198 24 243 19 5 1 909 3 3946 -1 4580 
[loc arcIndex] route: 10 8 27 9 20 92 -3 4597 
[loc arcIndex] route: 16 11 18 12 21 13 4 14 29 436 22 16 -1 4625 
[loc arcIndex] route: 25 17 5 18 6 19 9 20 17 21 13 1194 23 23 -1 4660 
[loc arcIndex] route: 30 24 7 25 8 268 12 27 28 28 26 2782 -1 4690 
DD random seed:2305501451
running lns dd
destroy phase
prefix: 0 
suffix: 0 
prefix: 0 
suffix: 0 
prefix: 0 
suffix: 0 
prefix: 0 
suffix: 0 
prefix: 0 
suffix: 0 
2 14 15 11 24 19 1 3 10 27 20 16 18 21 4 29 22 25 5 6 9 17 13 23 30 7 8 12 28 26 
forward frontier
restricted destroy-repair dd compilation
restricted dd compilation - suffixes
running dd lns mip
num vars: 9829
obj from lns: 777
[loc arcIndex] route: 2 0 14 1 15 2 11 76 24 4 19 5 1 6 3 7 -2 1730 
[loc arcIndex] route: 10 8 27 9 20 10 -1 1744 
[loc arcIndex] route: 16 11 18 12 21 13 4 14 29 15 22 16 -2 1775 
[loc arcIndex] route: 25 17 5 30 6 19 9 20 17 21 13 482 23 23 -1 1809 
[loc arcIndex] route: 30 24 7 35 8 26 12 27 28 28 26 29 -5 1843 
DD random seed:2662166425
running lns dd
destroy phase
prefix: 0 
suffix: 0 
prefix: 0 
suffix: 0 
prefix: 0 
suffix: 0 
prefix: 0 
suffix: 0 
prefix: 0 
suffix: 0 
2 14 15 11 24 19 1 3 10 27 20 16 18 21 4 29 22 25 5 6 9 17 13 23 30 7 8 12 28 26 
forward frontier
restricted destroy-repair dd compilation
restricted dd compilation - suffixes
running dd lns mip
num vars: 12619
obj from lns: 777
[loc arcIndex] route: 2 0 14 1 15 2 11 86 24 4 19 5 1 413 3 7 -1 2204 
[loc arcIndex] route: 10 8 27 31 20 50 -1 2219 
[loc arcIndex] route: 16 11 18 12 21 13 4 14 22 191 29 686 -1 5414 
[loc arcIndex] route: 25 17 5 18 6 19 9 20 17 21 13 22 23 23 -2 2285 
[loc arcIndex] route: 30 24 7 25 8 26 12 27 28 28 26 29 -2 2315 
DD random seed:3122248679
running lns dd
destroy phase
prefix: 0 
suffix: 0 
prefix: 0 
suffix: 0 
prefix: 0 
suffix: 0 
prefix: 0 
suffix: 0 
prefix: 0 
suffix: 0 
2 14 15 11 24 19 1 3 10 27 20 16 18 21 4 29 22 25 5 6 9 17 13 23 30 7 8 12 28 26 
forward frontier
restricted destroy-repair dd compilation
restricted dd compilation - suffixes
running dd lns mip
num vars: 13479
obj from lns: 777
[loc arcIndex] route: 2 0 14 1 15 2 11 3 24 4 19 5 1 6 3 2055 -3 2376 
[loc arcIndex] route: 10 8 27 9 20 56 -1 2389 
[loc arcIndex] route: 16 11 18 12 21 77 4 98 22 275 29 789 -4 6087 
[loc arcIndex] route: 25 17 5 18 6 19 9 20 17 21 13 22 23 23 -1 2454 
[loc arcIndex] route: 30 24 7 47 8 26 12 27 28 28 26 29 -1 2484 
DD random seed:3635686905
running lns dd
destroy phase
prefix: 0 
suffix: 0 
prefix: 0 
suffix: 0 
prefix: 0 
suffix: 0 
prefix: 0 
suffix: 0 
prefix: 0 
suffix: 0 
2 14 15 11 24 19 1 3 10 27 20 16 18 21 4 29 22 25 5 6 9 17 13 23 30 7 8 12 28 26 
forward frontier
restricted destroy-repair dd compilation
restricted dd compilation - suffixes
running dd lns mip
num vars: 18676
obj from lns: 777
[loc arcIndex] route: 2 0 14 1 15 2 11 3 24 4 19 455 1 704 3 7 -1 3251 
[loc arcIndex] route: 10 8 27 9 20 79 -1 3266 
[loc arcIndex] route: 16 11 18 12 21 13 4 14 29 15 22 16 -2 3297 
[loc arcIndex] route: 25 17 5 32 6 19 9 20 17 21 13 924 23 23 -5 3335 
[loc arcIndex] route: 30 24 7 25 8 205 12 27 28 1083 26 1996 -2 3362 
updated increasing parameter: 34
DD random seed:33556230
running lns dd
destroy phase
prefix: 0 
suffix: 0 
prefix: 0 
suffix: 0 
prefix: 0 
suffix: 0 
prefix: 0 
suffix: 0 
prefix: 0 
suffix: 0 
2 14 15 11 24 19 1 3 10 27 20 16 18 21 4 29 22 25 5 6 9 17 13 23 30 7 8 12 28 26 
forward frontier
restricted destroy-repair dd compilation
restricted dd compilation - suffixes
running dd lns mip
num vars: 17642
obj from lns: 777
[loc arcIndex] route: 2 0 14 1 15 2 11 3 24 4 19 5 1 6 3 7 -1 3087 
[loc arcIndex] route: 10 8 27 9 20 88 -2 3103 
[loc arcIndex] route: 16 11 18 12 21 13 4 14 29 15 22 16 -5 3136 
[loc arcIndex] route: 25 17 5 18 6 19 9 20 17 21 13 22 23 23 -5 3171 
[loc arcIndex] route: 30 24 7 25 8 26 12 27 28 28 26 29 -1 3197 
DD random seed:664044682
running lns dd
destroy phase
prefix: 0 
suffix: 0 
prefix: 0 
suffix: 0 
prefix: 0 
suffix: 0 
prefix: 0 
suffix: 0 
prefix: 0 
suffix: 0 
2 14 15 11 24 19 1 3 10 27 20 16 18 21 4 29 22 25 5 6 9 17 13 23 30 7 8 12 28 26 
forward frontier
restricted destroy-repair dd compilation
restricted dd compilation - suffixes
running dd lns mip
num vars: 5221
obj from lns: 777
[loc arcIndex] route: 2 0 14 1 15 2 11 3 24 4 19 224 1 6 3 7 -3 933 
[loc arcIndex] route: 10 8 27 9 20 10 -3 948 
[loc arcIndex] route: 16 11 18 12 21 13 4 14 29 177 22 16 -3 978 
[loc arcIndex] route: 25 17 5 18 6 19 9 20 17 179 13 345 23 23 -1 1011 
[loc arcIndex] route: 30 24 7 59 8 26 12 27 28 393 26 29 -3 1043 
DD random seed:833652104
running lns dd
destroy phase
prefix: 0 
suffix: 0 
prefix: 0 
suffix: 0 
prefix: 0 
suffix: 0 
prefix: 0 
suffix: 0 
prefix: 0 
suffix: 0 
2 14 15 11 24 19 1 3 10 27 20 16 18 21 4 29 22 25 5 6 9 17 13 23 30 7 8 12 28 26 
forward frontier
restricted destroy-repair dd compilation
restricted dd compilation - suffixes
running dd lns mip
num vars: 8934
obj from lns: 777
[loc arcIndex] route: 2 0 14 1 15 2 11 3 24 4 19 289 1 386 3 7 -1 1574 
[loc arcIndex] route: 10 8 27 32 20 10 -1 1589 
[loc arcIndex] route: 16 11 18 12 21 13 4 14 29 15 22 16 -2 1620 
[loc arcIndex] route: 25 17 5 18 6 19 9 20 17 21 13 510 23 23 -4 1657 
[loc arcIndex] route: 30 24 7 48 8 26 12 27 28 28 26 988 -1 1684 
DD random seed:1149711359
running lns dd
destroy phase
prefix: 0 
suffix: 0 
prefix: 0 
suffix: 0 
prefix: 0 
suffix: 0 
prefix: 0 
suffix: 0 
prefix: 0 
suffix: 0 
2 14 15 11 24 19 1 3 10 27 20 16 18 21 4 29 22 25 5 6 9 17 13 23 30 7 8 12 28 26 
forward frontier
restricted destroy-repair dd compilation
restricted dd compilation - suffixes
running dd lns mip
num vars: 47272
obj from lns: 777
[loc arcIndex] route: 2 0 14 1 15 2 11 339 24 4 19 5 1 6 3 7 -1 8142 
[loc arcIndex] route: 10 8 27 47 20 10 -5 8161 
[loc arcIndex] route: 16 11 18 12 21 13 4 14 29 15 22 16 -1 8187 
[loc arcIndex] route: 25 17 5 18 6 19 9 266 17 21 13 22 23 23 -1 8222 
[loc arcIndex] route: 30 24 7 25 8 26 12 27 28 2569 26 29 -3 8254 
DD random seed:3168529156
running lns dd
destroy phase
prefix: 0 
suffix: 0 
prefix: 0 
suffix: 0 
prefix: 0 
suffix: 0 
prefix: 0 
suffix: 0 
prefix: 0 
suffix: 0 
2 14 15 11 24 19 1 3 10 27 20 16 18 21 4 29 22 25 5 6 9 17 13 23 30 7 8 12 28 26 
forward frontier
restricted destroy-repair dd compilation
restricted dd compilation - suffixes
running dd lns mip
num vars: 15816
obj from lns: 777
[loc arcIndex] route: 2 0 14 1 15 2 11 150 24 4 19 5 1 6 3 7 -1 2751 
[loc arcIndex] route: 10 8 27 9 20 10 -4 2769 
[loc arcIndex] route: 16 11 18 12 21 13 4 14 29 15 22 575 -1 2796 
[loc arcIndex] route: 25 17 5 18 6 19 9 20 17 21 13 22 23 23 -1 2831 
[loc arcIndex] route: 30 24 7 54 8 26 12 27 28 28 26 1597 -1 2861 
DD random seed:3715899307
running lns dd
destroy phase
prefix: 0 
suffix: 0 
prefix: 0 
suffix: 0 
prefix: 0 
suffix: 0 
prefix: 0 
suffix: 0 
prefix: 0 
suffix: 0 
2 14 15 11 24 19 1 3 10 27 20 16 18 21 4 29 22 25 5 6 9 17 13 23 30 7 8 12 28 26 
forward frontier
restricted destroy-repair dd compilation
restricted dd compilation - suffixes
running dd lns mip
num vars: 20514
obj from lns: 777
[loc arcIndex] route: 2 0 14 1 15 2 11 3 24 4 19 5 1 757 3 7 -1 3599 
[loc arcIndex] route: 10 8 27 40 20 10 -1 3614 
[loc arcIndex] route: 16 11 18 12 21 98 4 14 29 15 22 16 -1 3644 
[loc arcIndex] route: 25 17 5 18 6 19 9 103 17 21 13 22 23 23 -4 3682 
[loc arcIndex] route: 30 24 7 70 8 26 12 27 28 28 26 29 -2 3710 
DD random seed:189077157
running lns dd
destroy phase
prefix: 0 
suffix: 0 
prefix: 0 
suffix: 0 
prefix: 0 
suffix: 0 
prefix: 0 
suffix: 0 
prefix: 0 
suffix: 0 
2 14 15 11 24 19 1 3 10 27 20 16 18 21 4 29 22 25 5 6 9 17 13 23 30 7 8 12 28 26 
forward frontier
restricted destroy-repair dd compilation
restricted dd compilation - suffixes
running dd lns mip
num vars: 16732
obj from lns: 777
[loc arcIndex] route: 2 0 14 1 15 2 11 167 24 4 19 5 1 640 3 7 -1 2942 
[loc arcIndex] route: 10 8 27 9 20 10 -1 2957 
[loc arcIndex] route: 16 11 18 12 21 13 4 14 29 15 22 16 -1 2987 
[loc arcIndex] route: 25 17 5 18 6 19 9 20 17 21 13 22 23 23 -4 3025 
[loc arcIndex] route: 30 24 7 71 8 234 12 27 28 28 26 29 -3 3054 
DD random seed:807400922
running lns dd
destroy phase
prefix: 0 
suffix: 0 
prefix: 0 
suffix: 0 
prefix: 0 
suffix: 0 
prefix: 0 
suffix: 0 
prefix: 0 
suffix: 0 
2 14 15 11 24 19 1 3 10 27 20 16 18 21 4 29 22 25 5 6 9 17 13 23 30 7 8 12 28 26 
forward frontier
restricted destroy-repair dd compilation
restricted dd compilation - suffixes
running dd lns mip
num vars: 20227
obj from lns: 777
[loc arcIndex] route: 2 0 14 1 15 2 11 3 24 4 19 5 1 6 3 7 -5 3511 
[loc arcIndex] route: 10 8 27 9 20 62 -1 3522 
[loc arcIndex] route: 16 11 18 48 21 13 4 14 29 15 22 16 -1 3552 
[loc arcIndex] route: 25 17 5 18 6 19 9 20 17 21 13 22 23 23 -1 3587 
[loc arcIndex] route: 30 24 7 25 8 206 12 27 28 28 26 29 -3 3619 
DD random seed:1569102796
running lns dd
destroy phase
prefix: 0 
suffix: 0 
prefix: 0 
suffix: 0 
prefix: 0 
suffix: 0 
prefix: 0 
suffix: 0 
prefix: 0 
suffix: 0 
2 14 15 11 24 19 1 3 10 27 20 16 18 21 4 29 22 25 5 6 9 17 13 23 30 7 8 12 28 26 
forward frontier
restricted destroy-repair dd compilation
restricted dd compilation - suffixes
running dd lns mip
num vars: 8513
obj from lns: 777
[loc arcIndex] route: 2 0 14 1 15 2 11 3 24 4 19 5 1 6 3 7 -3 1505 
[loc arcIndex] route: 10 8 27 9 20 10 -1 1518 
[loc arcIndex] route: 16 11 18 50 21 13 4 14 29 211 22 16 -1 1548 
[loc arcIndex] route: 25 17 5 35 6 19 9 20 17 213 13 22 23 23 -4 1586 
[loc arcIndex] route: 30 24 7 54 8 26 12 27 28 28 26 29 -1 1613 
DD random seed:1873904818
running lns dd
destroy phase
prefix: 0 
suffix: 0 
prefix: 0 
suffix: 0 
prefix: 0 
suffix: 0 
prefix: 0 
suffix: 0 
prefix: 0 
suffix: 0 
2 14 15 11 24 19 1 3 10 27 20 16 18 21 4 29 22 25 5 6 9 17 13 23 30 7 8 12 28 26 
forward frontier
restricted destroy-repair dd compilation
restricted dd compilation - suffixes
running dd lns mip
num vars: 4056
obj from lns: 777
[loc arcIndex] route: 2 0 14 1 15 2 11 3 24 4 19 176 1 6 3 608 -3 733 
[loc arcIndex] route: 10 8 27 9 20 10 -1 746 
[loc arcIndex] route: 16 11 18 12 21 13 4 14 29 118 22 16 -1 776 
[loc arcIndex] route: 25 17 5 18 6 19 9 20 17 21 13 22 23 23 -2 812 
[loc arcIndex] route: 30 24 7 25 8 26 12 27 28 288 26 29 -3 843 
updated increasing parameter: 35
DD random seed:2020976286
running lns dd
destroy phase
prefix: 0 
suffix: 0 
prefix: 0 
suffix: 0 
prefix: 0 
suffix: 0 
prefix: 0 
suffix: 0 
prefix: 0 
suffix: 0 
2 14 15 11 24 19 1 3 10 27 20 16 18 21 4 29 22 25 5 6 9 17 13 23 30 7 8 12 28 26 
forward frontier
restricted destroy-repair dd compilation
restricted dd compilation - suffixes
running dd lns mip
num vars: 26092
obj from lns: 777
[loc arcIndex] route: 2 0 14 1 15 2 11 174 24 4 19 606 1 6 3 3931 -3 4504 
[loc arcIndex] route: 10 8 27 33 20 10 -1 4517 
[loc arcIndex] route: 16 11 18 12 21 13 4 14 29 15 22 16 -1 4547 
[loc arcIndex] route: 25 17 5 18 6 19 9 120 17 406 13 22 23 23 -4 4585 
[loc arcIndex] route: 30 24 7 60 8 26 12 27 28 28 26 2676 -1 4612 
DD random seed:2989481368
running lns dd
destroy phase
prefix: 0 
suffix: 0 
prefix: 0 
suffix: 0 
prefix: 0 
suffix: 0 
prefix: 0 
suffix: 0 
prefix: 0 
suffix: 0 
2 14 15 11 24 19 1 3 10 27 20 16 18 21 4 29 22 25 5 6 9 17 13 23 30 7 8 12 28 26 
forward frontier
restricted destroy-repair dd compilation
restricted dd compilation - suffixes
running dd lns mip
num vars: 9470
obj from lns: 777
[loc arcIndex] route: 2 0 14 1 15 2 11 3 24 4 19 5 1 6 3 7 -1 1660 
[loc arcIndex] route: 10 8 27 9 20 10 -4 1678 
[loc arcIndex] route: 16 11 18 12 21 13 4 14 29 15 22 16 -5 1709 
[loc arcIndex] route: 25 17 5 18 6 19 9 20 17 207 13 22 23 23 -5 1744 
[loc arcIndex] route: 30 24 7 60 8 26 12 27 28 28 26 29 -1 1770 
DD random seed:3310062581
running lns dd
destroy phase
prefix: 0 
suffix: 0 
prefix: 0 
suffix: 0 
prefix: 0 
suffix: 0 
prefix: 0 
suffix: 0 
prefix: 0 
suffix: 0 
2 14 15 11 24 19 1 3 10 27 20 16 18 21 4 29 22 25 5 6 9 17 13 23 30 7 8 12 28 26 
forward frontier
restricted destroy-repair dd compilation
restricted dd compilation - suffixes
running dd lns mip
num vars: 1620
obj from lns: 777
[loc arcIndex] route: 2 0 14 1 15 2 11 3 24 4 19 5 1 6 3 7 -3 322 
[loc arcIndex] route: 10 8 27 9 20 10 -3 337 
[loc arcIndex] route: 16 11 18 31 21 13 4 45 29 15 22 16 -3 367 
[loc arcIndex] route: 25 17 5 18 6 19 9 47 17 85 13 126 23 23 -5 404 
[loc arcIndex] route: 30 24 7 25 8 71 12 27 28 28 26 29 -1 430 
DD random seed:3364082354
running lns dd
destroy phase
prefix: 0 
suffix: 0 
prefix: 0 
suffix: 0 
prefix: 0 
suffix: 0 
prefix: 0 
suffix: 0 
prefix: 0 
suffix: 0 
2 14 15 11 24 19 1 3 10 27 20 16 18 21 4 29 22 25 5 6 9 17 13 23 30 7 8 12 28 26 
forward frontier
restricted destroy-repair dd compilation
restricted dd compilation - suffixes
running dd lns mip
num vars: 19714
obj from lns: 777
[loc arcIndex] route: 2 0 14 1 15 2 11 3 24 4 19 580 1 6 3 7 -5 3448 
[loc arcIndex] route: 10 8 27 9 20 94 -1 3459 
[loc arcIndex] route: 16 11 18 12 21 13 4 157 29 15 22 921 -3 3491 
[loc arcIndex] route: 25 17 5 18 6 19 9 20 17 21 13 1039 23 23 -1 3524 
[loc arcIndex] route: 30 24 7 25 8 26 12 450 28 28 26 2084 -1 3554 
DD random seed:4068822420
running lns dd
destroy phase
prefix: 0 
suffix: 0 
prefix: 0 
suffix: 0 
prefix: 0 
suffix: 0 
prefix: 0 
suffix: 0 
prefix: 0 
suffix: 0 
2 14 15 11 24 19 1 3 10 27 20 16 18 21 4 29 22 25 5 6 9 17 13 23 30 7 8 12 28 26 
forward frontier
restricted destroy-repair dd compilation
restricted dd compilation - suffixes
running dd lns mip
num vars: 29422
obj from lns: 777
[loc arcIndex] route: 2 0 14 1 15 2 11 3 24 4 19 624 1 6 3 7 -3 5054 
[loc arcIndex] route: 10 8 27 9 20 10 -1 5067 
[loc arcIndex] route: 16 11 18 12 21 13 4 14 29 15 22 1031 -2 5098 
[loc arcIndex] route: 25 17 5 35 6 19 9 20 17 416 13 1171 23 23 -4 5135 
[loc arcIndex] route: 30 24 7 25 8 218 12 27 28 28 26 29 -3 5164 
DD random seed:898702158
running lns dd
destroy phase
prefix: 0 
suffix: 0 
prefix: 0 
suffix: 0 
prefix: 0 
suffix: 0 
prefix: 0 
suffix: 0 
prefix: 0 
suffix: 0 
2 14 15 11 24 19 1 3 10 27 20 16 18 21 4 29 22 25 5 6 9 17 13 23 30 7 8 12 28 26 
forward frontier
restricted destroy-repair dd compilation
restricted dd compilation - suffixes
running dd lns mip
num vars: 9792
obj from lns: 777
[loc arcIndex] route: 2 0 14 1 15 37 11 152 24 4 19 5 1 6 3 7 -1 1712 
[loc arcIndex] route: 10 8 27 9 20 77 -3 1729 
[loc arcIndex] route: 16 11 18 12 21 13 4 14 29 261 22 16 -3 1759 
[loc arcIndex] route: 25 17 5 34 6 19 9 102 17 21 13 22 23 23 -3 1794 
[loc arcIndex] route: 30 24 7 54 8 26 12 303 28 689 26 29 -2 1823 
DD random seed:1272341312
running lns dd
destroy phase
prefix: 0 
suffix: 0 
prefix: 0 
suffix: 0 
prefix: 0 
suffix: 0 
prefix: 0 
suffix: 0 
prefix: 0 
suffix: 0 
2 14 15 11 24 19 1 3 10 27 20 16 18 21 4 29 22 25 5 6 9 17 13 23 30 7 8 12 28 26 
forward frontier
restricted destroy-repair dd compilation
restricted dd compilation - suffixes
running dd lns mip
num vars: 19784
obj from lns: 777
[loc arcIndex] route: 2 0 14 1 15 2 11 3 24 207 19 5 1 6 3 7 -5 3483 
[loc arcIndex] route: 10 8 27 9 20 10 -1 3494 
[loc arcIndex] route: 16 11 18 12 21 13 4 14 29 15 22 16 -1 3524 
[loc arcIndex] route: 25 17 5 18 6 19 9 20 17 21 13 22 23 23 -3 3561 
[loc arcIndex] route: 30 24 7 59 8 26 12 27 28 28 26 2010 -2 3590 
DD random seed:1990956015
running lns dd
destroy phase
prefix: 0 
suffix: 0 
prefix: 0 
suffix: 0 
prefix: 0 
suffix: 0 
prefix: 0 
suffix: 0 
prefix: 0 
suffix: 0 
2 14 15 11 24 19 1 3 10 27 20 16 18 21 4 29 22 25 5 6 9 17 13 23 30 7 8 12 28 26 
forward frontier
restricted destroy-repair dd compilation
restricted dd compilation - suffixes
running dd lns mip
num vars: 18085
obj from lns: 777
[loc arcIndex] route: 2 0 14 1 15 2 11 3 24 4 19 5 1 6 3 7 -1 3185 
[loc arcIndex] route: 10 8 27 34 20 10 -3 3202 
[loc arcIndex] route: 16 11 18 12 21 13 4 14 29 15 22 16 -2 3231 
[loc arcIndex] route: 25 17 5 18 6 19 9 20 17 21 13 819 23 23 -2 3266 
[loc arcIndex] route: 30 24 7 25 8 26 12 27 28 28 26 29 -2 3296 
DD random seed:2682776608
running lns dd
destroy phase
prefix: 0 
suffix: 0 
prefix: 0 
suffix: 0 
prefix: 0 
suffix: 0 
prefix: 0 
suffix: 0 
prefix: 0 
suffix: 0 
2 14 15 11 24 19 1 3 10 27 20 16 18 21 4 29 22 25 5 6 9 17 13 23 30 7 8 12 28 26 
forward frontier
restricted destroy-repair dd compilation
restricted dd compilation - suffixes
running dd lns mip
num vars: 23796
obj from lns: 777
[loc arcIndex] route: 2 0 14 1 15 2 11 195 24 4 19 5 1 776 3 7 -1 4126 
[loc arcIndex] route: 10 8 27 9 20 10 -1 4141 
[loc arcIndex] route: 16 11 18 12 21 13 4 135 29 15 22 16 -3 4173 
[loc arcIndex] route: 25 17 5 18 6 19 9 141 17 402 13 22 23 23 -2 4207 
[loc arcIndex] route: 30 24 7 25 8 26 12 27 28 28 26 29 -1 4236 
DD random seed:3592951273
running lns dd
destroy phase
prefix: 0 
suffix: 0 
prefix: 0 
suffix: 0 
prefix: 0 
suffix: 0 
prefix: 0 
suffix: 0 
prefix: 0 
suffix: 0 
2 14 15 11 24 19 1 3 10 27 20 16 18 21 4 29 22 25 5 6 9 17 13 23 30 7 8 12 28 26 
forward frontier
restricted destroy-repair dd compilation
restricted dd compilation - suffixes
running dd lns mip
num vars: 20855
obj from lns: 777
[loc arcIndex] route: 2 0 14 1 15 2 11 3 24 4 19 5 1 6 3 7 -1 3645 
[loc arcIndex] route: 10 8 27 9 20 10 -5 3664 
[loc arcIndex] route: 16 11 18 39 21 88 4 14 29 347 22 16 -5 3694 
[loc arcIndex] route: 25 17 5 18 6 19 9 107 17 21 13 922 23 23 -1 3725 
[loc arcIndex] route: 30 24 7 43 8 26 12 27 28 28 26 2258 -1 3755 
updated increasing parameter: 36
DD random seed:38964785
running lns dd
destroy phase
prefix: 0 
suffix: 0 
prefix: 0 
suffix: 0 
prefix: 0 
suffix: 0 
prefix: 0 
suffix: 0 
prefix: 0 
suffix: 0 
2 14 15 11 24 19 1 3 10 27 20 16 18 21 4 29 22 25 5 6 9 17 13 23 30 7 8 12 28 26 
forward frontier
restricted destroy-repair dd compilation
restricted dd compilation - suffixes
running dd lns mip
num vars: 13242
obj from lns: 777
[loc arcIndex] route: 2 0 14 1 15 2 11 192 24 4 19 5 1 6 3 7 -1 2332 
[loc arcIndex] route: 10 8 27 31 20 72 -1 2347 
[loc arcIndex] route: 16 11 18 46 21 13 4 14 29 15 22 16 -3 2379 
[loc arcIndex] route: 25 17 5 18 6 19 9 20 17 21 13 715 23 23 -2 2413 
[loc arcIndex] route: 30 24 7 25 8 26 12 363 28 840 26 29 -1 2442 
DD random seed:530351706
running lns dd
destroy phase
prefix: 0 
suffix: 0 
prefix: 0 
suffix: 0 
prefix: 0 
suffix: 0 
prefix: 0 
suffix: 0 
prefix: 0 
suffix: 0 
2 14 15 11 24 19 1 3 10 27 20 16 18 21 4 29 22 25 5 6 9 17 13 23 30 7 8 12 28 26 
forward frontier
restricted destroy-repair dd compilation
restricted dd compilation - suffixes
running dd lns mip
num vars: 28290
obj from lns: 777
[loc arcIndex] route: 2 0 14 1 15 2 11 3 24 4 19 5 1 6 3 7 -2 4886 
[loc arcIndex] route: 10 8 27 30 20 10 -2 4901 
[loc arcIndex] route: 16 11 18 12 21 13 4 14 22 391 29 1484 -2 12026 
[loc arcIndex] route: 25 17 5 18 6 19 9 20 17 21 13 1232 23 23 -1 4965 
[loc arcIndex] route: 30 24 7 25 8 26 12 27 28 28 26 29 -5 4999 
DD random seed:1647869550
running lns dd
destroy phase
prefix: 0 
suffix: 0 
prefix: 0 
suffix: 0 
prefix: 0 
suffix: 0 
prefix: 0 
suffix: 0 
prefix: 0 
suffix: 0 
2 14 15 11 24 19 1 3 10 27 20 16 18 21 4 29 22 25 5 6 9 17 13 23 30 7 8 12 28 26 
forward frontier
restricted destroy-repair dd compilation
restricted dd compilation - suffixes
running dd lns mip
num vars: 15757
obj from lns: 777
[loc arcIndex] route: 2 0 14 1 15 2 11 3 24 4 19 5 1 482 3 7 -3 2754 
[loc arcIndex] route: 10 8 27 9 20 46 -2 2768 
[loc arcIndex] route: 16 11 18 12 21 13 4 76 29 200 22 551 -3 2799 
[loc arcIndex] route: 25 17 5 31 6 19 9 81 17 21 13 22 23 23 -3 2834 
[loc arcIndex] route: 30 24 7 25 8 116 12 242 28 28 26 1490 -5 2866 
DD random seed:2225437584
running lns dd
destroy phase
prefix: 0 
suffix: 0 
prefix: 0 
suffix: 0 
prefix: 0 
suffix: 0 
prefix: 0 
suffix: 0 
prefix: 0 
suffix: 0 
2 14 15 11 24 19 1 3 10 27 20 16 18 21 4 29 22 25 5 6 9 17 13 23 30 7 8 12 28 26 
forward frontier
restricted destroy-repair dd compilation
restricted dd compilation - suffixes
running dd lns mip
num vars: 36886
obj from lns: 777
[loc arcIndex] route: 2 0 14 1 15 2 11 289 24 4 19 5 1 6 3 7 -1 6416 
[loc arcIndex] route: 10 8 27 31 20 10 -1 6431 
[loc arcIndex] route: 16 11 18 12 21 13 4 14 29 15 22 16 -2 6462 
[loc arcIndex] route: 25 17 5 39 6 19 9 222 17 21 13 22 23 23 -2 6497 
[loc arcIndex] route: 30 24 7 25 8 26 12 27 28 28 26 29 -4 6529 
DD random seed:3696419207
running lns dd
destroy phase
prefix: 0 
suffix: 0 
prefix: 0 
suffix: 0 
prefix: 0 
suffix: 0 
prefix: 0 
suffix: 0 
prefix: 0 
suffix: 0 
2 14 15 11 24 19 1 3 10 27 20 16 18 21 4 29 22 25 5 6 9 17 13 23 30 7 8 12 28 26 
forward frontier
restricted destroy-repair dd compilation
restricted dd compilation - suffixes
running dd lns mip
num vars: 4696
obj from lns: 777
[loc arcIndex] route: 2 0 14 1 15 2 11 3 24 63 19 5 1 6 3 7 -2 842 
[loc arcIndex] route: 10 8 27 32 20 37 -2 857 
[loc arcIndex] route: 16 11 18 12 21 13 4 14 29 15 22 16 -4 889 
[loc arcIndex] route: 25 17 5 34 6 19 9 20 17 21 13 207 23 23 -5 925 
[loc arcIndex] route: 30 24 7 25 8 71 12 27 28 28 26 29 -3 953 
DD random seed:3846999469
running lns dd
destroy phase
prefix: 0 
suffix: 0 
prefix: 0 
suffix: 0 
prefix: 0 
suffix: 0 
prefix: 0 
suffix: 0 
prefix: 0 
suffix: 0 
2 14 15 11 24 19 1 3 10 27 20 16 18 21 4 29 22 25 5 6 9 17 13 23 30 7 8 12 28 26 
forward frontier
restricted destroy-repair dd compilation
restricted dd compilation - suffixes
running dd lns mip
num vars: 28330
obj from lns: 777
[loc arcIndex] route: 2 0 14 1 15 2 11 3 24 4 19 5 1 6 3 7 -1 4885 
[loc arcIndex] route: 10 8 27 30 20 53 -1 4900 
[loc arcIndex] route: 16 11 18 49 21 13 4 14 29 15 22 16 -1 4930 
[loc arcIndex] route: 25 17 5 37 6 19 9 20 17 21 13 22 23 23 -1 4965 
[loc arcIndex] route: 30 24 7 25 8 26 12 27 28 28 26 29 -1 4995 
DD random seed:608676321
running lns dd
destroy phase
prefix: 0 
suffix: 0 
prefix: 0 
suffix: 0 
prefix: 0 
suffix: 0 
prefix: 0 
suffix: 0 
prefix: 0 
suffix: 0 
2 14 15 11 24 19 1 3 10 27 20 16 18 21 4 29 22 25 5 6 9 17 13 23 30 7 8 12 28 26 
forward frontier
restricted destroy-repair dd compilation
restricted dd compilation - suffixes
running dd lns mip
num vars: 3103
obj from lns: 777
[loc arcIndex] route: 2 0 14 1 15 2 11 3 24 4 19 5 1 6 3 7 -5 577 
[loc arcIndex] route: 10 8 27 30 20 50 -5 592 
[loc arcIndex] route: 16 11 18 12 21 13 4 14 29 15 22 152 -1 618 
[loc arcIndex] route: 25 17 5 18 6 19 9 20 17 21 13 171 23 381 -2 654 
[loc arcIndex] route: 30 24 7 25 8 26 12 27 28 28 26 29 -1 683 
DD random seed:708160218
running lns dd
destroy phase
prefix: 0 
suffix: 0 
prefix: 0 
suffix: 0 
prefix: 0 
suffix: 0 
prefix: 0 
suffix: 0 
prefix: 0 
suffix: 0 
2 14 15 11 24 19 1 3 10 27 20 16 18 21 4 29 22 25 5 6 9 17 13 23 30 7 8 12 28 26 
forward frontier
restricted destroy-repair dd compilation
restricted dd compilation - suffixes
running dd lns mip
num vars: 26576
obj from lns: 777
[loc arcIndex] route: 2 0 14 1 15 2 11 3 24 4 19 5 1 6 3 7 -1 4611 
[loc arcIndex] route: 10 8 27 49 20 10 -2 4627 
[loc arcIndex] route: 16 11 18 12 21 13 4 14 29 15 22 16 -2 4657 
[loc arcIndex] route: 25 17 5 18 6 19 9 161 17 21 13 1161 23 23 -1 4691 
[loc arcIndex] route: 30 24 7 25 8 26 12 27 28 28 26 29 -1 4721 
DD random seed:1749847736
running lns dd
destroy phase
prefix: 0 
suffix: 0 
prefix: 0 
suffix: 0 
prefix: 0 
suffix: 0 
prefix: 0 
suffix: 0 
prefix: 0 
suffix: 0 
2 14 15 11 24 19 1 3 10 27 20 16 18 21 4 29 22 25 5 6 9 17 13 23 30 7 8 12 28 26 
forward frontier
restricted destroy-repair dd compilation
restricted dd compilation - suffixes
running dd lns mip
num vars: 17677
obj from lns: 777
[loc arcIndex] route: 2 0 14 1 15 2 11 173 24 4 19 504 1 708 3 7 -1 3062 
[loc arcIndex] route: 10 8 27 9 20 10 -1 3077 
[loc arcIndex] route: 16 11 18 12 21 13 4 14 29 349 22 16 -1 3107 
[loc arcIndex] route: 25 17 5 18 6 19 9 20 17 360 13 22 23 23 -1 3142 
[loc arcIndex] route: 30 24 7 25 8 26 12 423 28 28 26 29 -1 3172 
DD random seed:2392923529
running lns dd
destroy phase
prefix: 0 
suffix: 0 
prefix: 0 
suffix: 0 
prefix: 0 
suffix: 0 
prefix: 0 
suffix: 0 
prefix: 0 
suffix: 0 
2 14 15 11 24 19 1 3 10 27 20 16 18 21 4 29 22 25 5 6 9 17 13 23 30 7 8 12 28 26 
forward frontier
restricted destroy-repair dd compilation
restricted dd compilation - suffixes
running dd lns mip
num vars: 9519
obj from lns: 777
[loc arcIndex] route: 2 0 14 1 15 2 11 3 24 4 19 5 1 427 3 7 -1 1669 
[loc arcIndex] route: 10 8 27 9 20 10 -1 1684 
[loc arcIndex] route: 16 11 18 12 21 13 4 14 29 235 22 16 -1 1714 
[loc arcIndex] route: 25 17 5 18 6 19 9 90 17 21 13 22 23 23 -1 1749 
[loc arcIndex] route: 30 24 7 25 8 26 12 27 28 28 26 29 -2 1780 
updated increasing parameter: 37
DD random seed:2730810387
running lns dd
destroy phase
prefix: 0 
suffix: 0 
prefix: 0 
suffix: 0 
prefix: 0 
suffix: 0 
prefix: 0 
suffix: 0 
prefix: 0 
suffix: 0 
2 14 15 11 24 19 1 3 10 27 20 16 18 21 4 29 22 25 5 6 9 17 13 23 30 7 8 12 28 26 
forward frontier
restricted destroy-repair dd compilation
restricted dd compilation - suffixes
running dd lns mip
num vars: 15263
obj from lns: 777
[loc arcIndex] route: 2 0 14 1 15 2 11 3 24 4 19 5 1 6 3 7 -1 2698 
[loc arcIndex] route: 10 8 27 9 20 10 -2 2714 
[loc arcIndex] route: 16 11 18 12 21 84 4 108 29 15 22 16 -1 2743 
[loc arcIndex] route: 25 17 5 34 6 78 9 20 17 21 13 767 23 23 -1 2778 
[loc arcIndex] route: 30 24 7 25 8 26 12 27 28 28 26 1619 -1 2808 
DD random seed:3358993139
running lns dd
destroy phase
prefix: 0 
suffix: 0 
prefix: 0 
suffix: 0 
prefix: 0 
suffix: 0 
prefix: 0 
suffix: 0 
prefix: 0 
suffix: 0 
2 14 15 11 24 19 1 3 10 27 20 16 18 21 4 29 22 25 5 6 9 17 13 23 30 7 8 12 28 26 
forward frontier
restricted destroy-repair dd compilation
restricted dd compilation - suffixes
running dd lns mip
num vars: 26512
obj from lns: 777
[loc arcIndex] route: 2 0 14 1 15 2 11 3 24 4 19 5 1 6 3 7 -1 4622 
[loc arcIndex] route: 10 8 27 9 20 10 -1 4637 
[loc arcIndex] route: 16 11 18 12 21 13 4 14 29 530 22 1196 -1 4667 
[loc arcIndex] route: 25 17 5 18 6 19 9 199 17 21 13 1307 23 23 -4 4705 
[loc arcIndex] route: 30 24 7 100 8 26 12 602 28 28 26 2780 -4 4735 
DD random seed:16391939
running lns dd
destroy phase
prefix: 0 
suffix: 0 
prefix: 0 
suffix: 0 
prefix: 0 
suffix: 0 
prefix: 0 
suffix: 0 
prefix: 0 
suffix: 0 
2 14 15 11 24 19 1 3 10 27 20 16 18 21 4 29 22 25 5 6 9 17 13 23 30 7 8 12 28 26 
forward frontier
restricted destroy-repair dd compilation
restricted dd compilation - suffixes
running dd lns mip
num vars: 7164
obj from lns: 777
[loc arcIndex] route: 2 0 14 1 15 2 11 3 24 4 19 5 1 6 3 7 -2 1260 
[loc arcIndex] route: 10 8 27 9 20 10 -2 1275 
[loc arcIndex] route: 16 11 18 12 21 13 4 14 29 15 22 16 -5 1308 
[loc arcIndex] route: 25 17 5 18 6 19 9 20 17 21 13 424 23 23 -2 1340 
[loc arcIndex] route: 30 24 7 58 8 26 12 27 28 28 26 29 -2 1370 
DD random seed:243506034
running lns dd
destroy phase
prefix: 0 
suffix: 0 
prefix: 0 
suffix: 0 
prefix: 0 
suffix: 0 
prefix: 0 
suffix: 0 
prefix: 0 
suffix: 0 
2 14 15 11 24 19 1 3 10 27 20 16 18 21 4 29 22 25 5 6 9 17 13 23 30 7 8 12 28 26 
forward frontier
restricted destroy-repair dd compilation
restricted dd compilation - suffixes
running dd lns mip
num vars: 7420
obj from lns: 777
[loc arcIndex] route: 2 0 14 1 15 35 11 67 24 4 19 5 1 6 3 7 -1 1330 
[loc arcIndex] route: 10 8 27 9 20 10 -4 1348 
[loc arcIndex] route: 16 11 18 12 21 13 4 14 29 15 22 16 -4 1378 
[loc arcIndex] route: 25 17 5 30 6 19 9 20 17 21 13 22 23 23 -2 1411 
[loc arcIndex] route: 30 24 7 25 8 26 12 27 28 28 26 29 -2 1441 
DD random seed:505923923
running lns dd
destroy phase
prefix: 0 
suffix: 0 
prefix: 0 
suffix: 0 
prefix: 0 
suffix: 0 
prefix: 0 
suffix: 0 
prefix: 0 
suffix: 0 
2 14 15 11 24 19 1 3 10 27 20 16 18 21 4 29 22 25 5 6 9 17 13 23 30 7 8 12 28 26 
forward frontier
restricted destroy-repair dd compilation
restricted dd compilation - suffixes
running dd lns mip
num vars: 30759
obj from lns: 777
[loc arcIndex] route: 2 0 14 1 15 2 11 3 24 4 19 810 1 6 3 7 -1 5309 
[loc arcIndex] route: 10 8 27 9 20 10 -2 5325 
[loc arcIndex] route: 16 11 18 12 21 13 4 14 29 15 22 16 -5 5358 
[loc arcIndex] route: 25 17 5 18 6 19 9 20 17 21 13 22 23 3710 -1 5389 
[loc arcIndex] route: 30 24 7 68 8 26 12 27 28 28 26 29 -1 5419 
DD random seed:1725080778
running lns dd
destroy phase
prefix: 0 
suffix: 0 
prefix: 0 
suffix: 0 
prefix: 0 
suffix: 0 
prefix: 0 
suffix: 0 
prefix: 0 
suffix: 0 
2 14 15 11 24 19 1 3 10 27 20 16 18 21 4 29 22 25 5 6 9 17 13 23 30 7 8 12 28 26 
forward frontier
restricted destroy-repair dd compilation
restricted dd compilation - suffixes
running dd lns mip
num vars: 7855
obj from lns: 777
[loc arcIndex] route: 2 0 14 1 15 2 11 3 24 4 19 5 1 293 3 1196 -1 1380 
[loc arcIndex] route: 10 8 27 9 20 10 -1 1395 
[loc arcIndex] route: 16 11 18 12 21 13 4 14 29 15 22 16 -3 1427 
[loc arcIndex] route: 25 17 5 18 6 19 9 59 17 21 13 22 23 23 -1 1460 
[loc arcIndex] route: 30 24 7 30 8 104 12 27 28 443 26 827 -3 1492 
DD random seed:2008129958
running lns dd
destroy phase
prefix: 0 
suffix: 0 
prefix: 0 
suffix: 0 
prefix: 0 
suffix: 0 
prefix: 0 
suffix: 0 
prefix: 0 
suffix: 0 
2 14 15 11 24 19 1 3 10 27 20 16 18 21 4 29 22 25 5 6 9 17 13 23 30 7 8 12 28 26 
forward frontier
restricted destroy-repair dd compilation
restricted dd compilation - suffixes
running dd lns mip
num vars: 17957
obj from lns: 777
[loc arcIndex] route: 2 0 14 1 15 2 11 3 24 239 19 5 1 6 3 7 -4 3135 
[loc arcIndex] route: 10 8 27 41 20 80 -1 3147 
[loc arcIndex] route: 16 11 18 12 21 13 4 14 29 15 22 16 -2 3178 
[loc arcIndex] route: 25 17 5 18 6 19 9 20 17 21 13 22 23 23 -2 3213 
[loc arcIndex] route: 30 24 7 62 8 26 12 27 28 28 26 29 -3 3244 
DD random seed:2659551346
running lns dd
destroy phase
prefix: 0 
suffix: 0 
prefix: 0 
suffix: 0 
prefix: 0 
suffix: 0 
prefix: 0 
suffix: 0 
prefix: 0 
suffix: 0 
2 14 15 11 24 19 1 3 10 27 20 16 18 21 4 29 22 25 5 6 9 17 13 23 30 7 8 12 28 26 
forward frontier
restricted destroy-repair dd compilation
restricted dd compilation - suffixes
running dd lns mip
num vars: 9844
obj from lns: 777
[loc arcIndex] route: 2 0 14 1 15 2 11 120 24 4 19 5 1 6 3 1452 -1 1714 
[loc arcIndex] route: 10 8 27 9 20 10 -1 1729 
[loc arcIndex] route: 16 11 18 44 21 13 4 14 29 220 22 16 -1 1759 
[loc arcIndex] route: 25 17 5 18 6 19 9 20 17 21 13 461 23 23 -1 1794 
[loc arcIndex] route: 30 24 7 25 8 26 12 27 28 28 26 952 -1 1824 
DD random seed:3005440553
running lns dd
destroy phase
prefix: 0 
suffix: 0 
prefix: 0 
suffix: 0 
prefix: 0 
suffix: 0 
prefix: 0 
suffix: 0 
prefix: 0 
suffix: 0 
2 14 15 11 24 19 1 3 10 27 20 16 18 21 4 29 22 25 5 6 9 17 13 23 30 7 8 12 28 26 
forward frontier
restricted destroy-repair dd compilation
restricted dd compilation - suffixes
running dd lns mip
num vars: 75920
obj from lns: 777
[loc arcIndex] route: 2 0 14 1 15 2 11 502 24 635 19 5 1 2563 3 7 -1 13130 
[loc arcIndex] route: 10 8 27 9 20 10 -1 13145 
[loc arcIndex] route: 16 11 18 12 21 13 4 14 29 1211 22 16 -2 13176 
[loc arcIndex] route: 25 17 5 39 6 19 9 20 17 1215 13 3313 23 23 -5 13214 
[loc arcIndex] route: 30 24 7 25 8 26 12 27 28 28 26 7669 -5 13244 
DD random seed:2193027454
running lns dd
destroy phase
prefix: 0 
suffix: 0 
prefix: 0 
suffix: 0 
prefix: 0 
suffix: 0 
prefix: 0 
suffix: 0 
prefix: 0 
suffix: 0 
2 14 15 11 24 19 1 3 10 27 20 16 18 21 4 29 22 25 5 6 9 17 13 23 30 7 8 12 28 26 
forward frontier
restricted destroy-repair dd compilation
restricted dd compilation - suffixes
running dd lns mip
num vars: 27272
obj from lns: 777
[loc arcIndex] route: 2 0 14 1 15 2 11 3 24 262 19 5 1 6 3 7 -1 4777 
[loc arcIndex] route: 10 8 27 35 20 10 -5 4796 
[loc arcIndex] route: 16 11 18 60 21 13 4 14 29 15 22 1171 -1 4822 
[loc arcIndex] route: 25 17 5 37 6 19 9 160 17 21 13 1267 23 23 -1 4857 
[loc arcIndex] route: 30 24 7 25 8 26 12 27 28 1514 26 29 -1 4887 
updated increasing parameter: 38
DD random seed:3207485978
running lns dd
destroy phase
prefix: 0 
suffix: 0 
prefix: 0 
suffix: 0 
prefix: 0 
suffix: 0 
prefix: 0 
suffix: 0 
prefix: 0 
suffix: 0 
2 14 15 11 24 19 1 3 10 27 20 16 18 21 4 29 22 25 5 6 9 17 13 23 30 7 8 12 28 26 
forward frontier
restricted destroy-repair dd compilation
restricted dd compilation - suffixes
running dd lns mip
num vars: 16888
obj from lns: 777
[loc arcIndex] route: 2 0 14 1 15 2 11 109 24 4 19 5 1 6 3 2504 -1 2938 
[loc arcIndex] route: 10 8 27 9 20 10 -1 2953 
[loc arcIndex] route: 16 11 18 12 21 13 4 14 29 15 22 16 -3 2985 
[loc arcIndex] route: 25 17 5 18 6 19 9 20 17 21 13 771 23 2099 -1 3018 
[loc arcIndex] route: 30 24 7 25 8 26 12 340 28 28 26 29 -1 3048 
DD random seed:3827371258
running lns dd
destroy phase
prefix: 0 
suffix: 0 
prefix: 0 
suffix: 0 
prefix: 0 
suffix: 0 
prefix: 0 
suffix: 0 
prefix: 0 
suffix: 0 
2 14 15 11 24 19 1 3 10 27 20 16 18 21 4 29 22 25 5 6 9 17 13 23 30 7 8 12 28 26 
forward frontier
restricted destroy-repair dd compilation
restricted dd compilation - suffixes
running dd lns mip
num vars: 15820
obj from lns: 777
[loc arcIndex] route: 2 0 14 1 15 2 11 3 24 4 19 5 1 6 3 7 -2 2726 
[loc arcIndex] route: 10 8 27 9 20 10 -1 2740 
[loc arcIndex] route: 16 11 18 38 21 13 4 14 29 15 22 16 -2 2771 
[loc arcIndex] route: 25 17 5 31 6 19 9 20 17 21 13 22 23 23 -1 2805 
[loc arcIndex] route: 30 24 7 25 8 26 12 338 28 28 26 1498 -2 2836 
DD random seed:103673540
running lns dd
destroy phase
prefix: 0 
suffix: 0 
prefix: 0 
suffix: 0 
prefix: 0 
suffix: 0 
prefix: 0 
suffix: 0 
prefix: 0 
suffix: 0 
2 14 15 11 24 19 1 3 10 27 20 16 18 21 4 29 22 25 5 6 9 17 13 23 30 7 8 12 28 26 
forward frontier
restricted destroy-repair dd compilation
restricted dd compilation - suffixes
running dd lns mip
num vars: 9202
obj from lns: 777
[loc arcIndex] route: 2 0 14 1 15 2 11 3 24 4 19 5 1 408 3 7 -1 1647 
[loc arcIndex] route: 10 8 27 9 20 10 -1 1662 
[loc arcIndex] route: 16 11 18 36 21 13 4 14 29 15 22 489 -1 1692 
[loc arcIndex] route: 25 17 5 18 6 19 9 78 17 21 13 22 23 1205 -1 1727 
[loc arcIndex] route: 30 24 7 25 8 26 12 27 28 28 26 29 -1 1757 
DD random seed:425350847
running lns dd
destroy phase
prefix: 0 
suffix: 0 
prefix: 0 
suffix: 0 
prefix: 0 
suffix: 0 
prefix: 0 
suffix: 0 
prefix: 0 
suffix: 0 
2 14 15 11 24 19 1 3 10 27 20 16 18 21 4 29 22 25 5 6 9 17 13 23 30 7 8 12 28 26 
forward frontier
restricted destroy-repair dd compilation
restricted dd compilation - suffixes
running dd lns mip
num vars: 7714
obj from lns: 777
[loc arcIndex] route: 2 0 14 1 15 2 11 3 24 4 19 199 1 245 3 7 -1 1359 
[loc arcIndex] route: 10 8 27 9 20 10 -1 1374 
[loc arcIndex] route: 16 11 18 12 21 13 4 14 29 15 22 16 -2 1405 
[loc arcIndex] route: 25 17 5 18 6 19 9 56 17 21 13 318 23 23 -1 1439 
[loc arcIndex] route: 30 24 7 25 8 26 12 27 28 28 26 29 -3 1471 
DD random seed:685930472
running lns dd
destroy phase
prefix: 0 
suffix: 0 
prefix: 0 
suffix: 0 
prefix: 0 
suffix: 0 
prefix: 0 
suffix: 0 
prefix: 0 
suffix: 0 
2 14 15 11 24 19 1 3 10 27 20 16 18 21 4 29 22 25 5 6 9 17 13 23 30 7 8 12 28 26 
forward frontier
restricted destroy-repair dd compilation
restricted dd compilation - suffixes
running dd lns mip
num vars: 25179
obj from lns: 777
[loc arcIndex] route: 2 0 14 1 15 2 11 139 24 4 19 5 1 6 3 7 -1 4349 
[loc arcIndex] route: 10 8 27 9 20 10 -1 4364 
[loc arcIndex] route: 16 11 18 38 21 13 4 14 29 348 22 16 -1 4394 
[loc arcIndex] route: 25 17 5 33 6 19 9 20 17 354 13 22 23 23 -1 4429 
[loc arcIndex] route: 30 24 7 39 8 26 12 27 28 28 26 2590 -2 4460 
DD random seed:1615396793
running lns dd
destroy phase
prefix: 0 
suffix: 0 
prefix: 0 
suffix: 0 
prefix: 0 
suffix: 0 
prefix: 0 
suffix: 0 
prefix: 0 
suffix: 0 
2 14 15 11 24 19 1 3 10 27 20 16 18 21 4 29 22 25 5 6 9 17 13 23 30 7 8 12 28 26 
forward frontier
restricted destroy-repair dd compilation
restricted dd compilation - suffixes
running dd lns mip
num vars: 5294
obj from lns: 777
[loc arcIndex] route: 2 0 14 1 15 30 11 53 24 69 19 5 1 6 3 808 -3 961 
[loc arcIndex] route: 10 8 27 9 20 10 -1 974 
[loc arcIndex] route: 16 11 18 12 21 13 4 14 29 15 22 16 -1 1004 
[loc arcIndex] route: 25 17 5 18 6 19 9 49 17 21 13 22 23 23 -2 1040 
[loc arcIndex] route: 30 24 7 25 8 26 12 129 28 28 26 29 -3 1071 
DD random seed:1791307124
running lns dd
destroy phase
prefix: 0 
suffix: 0 
prefix: 0 
suffix: 0 
prefix: 0 
suffix: 0 
prefix: 0 
suffix: 0 
prefix: 0 
suffix: 0 
2 14 15 11 24 19 1 3 10 27 20 16 18 21 4 29 22 25 5 6 9 17 13 23 30 7 8 12 28 26 
forward frontier
restricted destroy-repair dd compilation
restricted dd compilation - suffixes
running dd lns mip
num vars: 15135
obj from lns: 777
[loc arcIndex] route: 2 0 14 1 15 2 11 156 24 4 19 5 1 6 3 7 -1 2655 
[loc arcIndex] route: 10 8 27 9 20 10 -2 2671 
[loc arcIndex] route: 16 11 18 12 21 13 4 14 29 15 22 16 -4 2703 
[loc arcIndex] route: 25 17 5 18 6 19 9 20 17 318 13 719 23 23 -2 2736 
[loc arcIndex] route: 30 24 7 56 8 26 12 27 28 898 26 29 -2 2766 
DD random seed:2386147487
running lns dd
destroy phase
prefix: 0 
suffix: 0 
prefix: 0 
suffix: 0 
prefix: 0 
suffix: 0 
prefix: 0 
suffix: 0 
prefix: 0 
suffix: 0 
2 14 15 11 24 19 1 3 10 27 20 16 18 21 4 29 22 25 5 6 9 17 13 23 30 7 8 12 28 26 
forward frontier
restricted destroy-repair dd compilation
restricted dd compilation - suffixes
running dd lns mip
num vars: 22187
obj from lns: 777
[loc arcIndex] route: 2 0 14 1 15 2 11 115 24 4 19 5 1 6 3 7 -2 3858 
[loc arcIndex] route: 10 8 27 9 20 10 -1 3872 
[loc arcIndex] route: 16 11 18 12 21 13 4 14 29 348 22 16 -5 3906 
[loc arcIndex] route: 25 17 5 30 6 19 9 20 17 360 13 22 23 23 -2 3938 
[loc arcIndex] route: 30 24 7 25 8 206 12 27 28 1157 26 2198 -1 3967 
DD random seed:3214430629
running lns dd
destroy phase
prefix: 0 
suffix: 0 
prefix: 0 
suffix: 0 
prefix: 0 
suffix: 0 
prefix: 0 
suffix: 0 
prefix: 0 
suffix: 0 
2 14 15 11 24 19 1 3 10 27 20 16 18 21 4 29 22 25 5 6 9 17 13 23 30 7 8 12 28 26 
forward frontier
restricted destroy-repair dd compilation
restricted dd compilation - suffixes
running dd lns mip
num vars: 29514
obj from lns: 777
[loc arcIndex] route: 2 0 14 1 15 2 11 3 24 4 19 5 1 1020 3 7 -1 5084 
[loc arcIndex] route: 10 8 27 9 20 10 -1 5099 
[loc arcIndex] route: 16 11 18 12 21 13 4 14 29 15 22 16 -1 5129 
[loc arcIndex] route: 25 17 5 18 6 19 9 165 17 21 13 1303 23 23 -1 5164 
[loc arcIndex] route: 30 24 7 62 8 26 12 27 28 28 26 3010 -5 5198 
DD random seed:59411864
running lns dd
destroy phase
prefix: 0 
suffix: 0 
prefix: 0 
suffix: 0 
prefix: 0 
suffix: 0 
prefix: 0 
suffix: 0 
prefix: 0 
suffix: 0 
2 14 15 11 24 19 1 3 10 27 20 16 18 21 4 29 22 25 5 6 9 17 13 23 30 7 8 12 28 26 
forward frontier
restricted destroy-repair dd compilation
restricted dd compilation - suffixes
running dd lns mip
num vars: 13586
obj from lns: 777
[loc arcIndex] route: 2 0 14 1 15 2 11 104 24 4 19 5 1 6 3 7 -5 2375 
[loc arcIndex] route: 10 8 27 9 20 44 -1 2386 
[loc arcIndex] route: 16 11 18 32 21 13 4 14 29 15 22 16 -1 2416 
[loc arcIndex] route: 25 17 5 18 6 19 9 20 17 21 13 22 23 23 -1 2451 
[loc arcIndex] route: 30 24 7 42 8 26 12 237 28 28 26 29 -3 2483 
updated increasing parameter: 39
DD random seed:531786836
running lns dd
destroy phase
prefix: 0 
suffix: 0 
prefix: 0 
suffix: 0 
prefix: 0 
suffix: 0 
prefix: 0 
suffix: 0 
prefix: 0 
suffix: 0 
2 14 15 11 24 19 1 3 10 27 20 16 18 21 4 29 22 25 5 6 9 17 13 23 30 7 8 12 28 26 
forward frontier
restricted destroy-repair dd compilation
restricted dd compilation - suffixes
running dd lns mip
num vars: 24121
obj from lns: 777
[loc arcIndex] route: 2 0 14 1 15 2 11 3 24 4 19 5 1 6 3 7 -1 4196 
[loc arcIndex] route: 10 8 27 9 20 97 -1 4211 
[loc arcIndex] route: 16 11 18 12 21 13 4 14 29 15 22 16 -1 4241 
[loc arcIndex] route: 25 17 5 18 6 19 9 20 17 21 13 22 23 23 -1 4276 
[loc arcIndex] route: 30 24 7 25 8 26 12 533 28 1380 26 29 -1 4306 
DD random seed:1447727812
running lns dd
destroy phase
prefix: 0 
suffix: 0 
prefix: 0 
suffix: 0 
prefix: 0 
suffix: 0 
prefix: 0 
suffix: 0 
prefix: 0 
suffix: 0 
2 14 15 11 24 19 1 3 10 27 20 16 18 21 4 29 22 25 5 6 9 17 13 23 30 7 8 12 28 26 
forward frontier
restricted destroy-repair dd compilation
restricted dd compilation - suffixes
running dd lns mip
num vars: 5874
obj from lns: 777
[loc arcIndex] route: 2 0 14 1 15 2 11 3 24 4 19 153 1 6 3 7 -1 1049 
[loc arcIndex] route: 10 8 27 9 20 10 -1 1064 
[loc arcIndex] route: 16 11 18 12 21 13 4 14 29 107 22 213 -2 1095 
[loc arcIndex] route: 25 17 5 18 6 19 9 20 17 21 13 22 23 23 -2 1130 
[loc arcIndex] route: 30 24 7 25 8 26 12 27 28 28 26 29 -1 1159 
DD random seed:1636860020
running lns dd
destroy phase
prefix: 0 
suffix: 0 
prefix: 0 
suffix: 0 
prefix: 0 
suffix: 0 
prefix: 0 
suffix: 0 
prefix: 0 
suffix: 0 
2 14 15 11 24 19 1 3 10 27 20 16 18 21 4 29 22 25 5 6 9 17 13 23 30 7 8 12 28 26 
forward frontier
restricted destroy-repair dd compilation
restricted dd compilation - suffixes
running dd lns mip
num vars: 16517
obj from lns: 777
[loc arcIndex] route: 2 0 14 1 15 2 11 132 24 4 19 453 1 6 3 7 -3 2894 
[loc arcIndex] route: 10 8 27 9 20 10 -1 2907 
[loc arcIndex] route: 16 11 18 12 21 13 4 14 29 15 22 16 -1 2937 
[loc arcIndex] route: 25 17 5 18 6 19 9 20 17 21 13 22 23 23 -1 2972 
[loc arcIndex] route: 30 24 7 25 8 26 12 27 28 28 26 29 -1 3002 
DD random seed:2241633787
running lns dd
destroy phase
prefix: 0 
suffix: 0 
prefix: 0 
suffix: 0 
prefix: 0 
suffix: 0 
prefix: 0 
suffix: 0 
prefix: 0 
suffix: 0 
2 14 15 11 24 19 1 3 10 27 20 16 18 21 4 29 22 25 5 6 9 17 13 23 30 7 8 12 28 26 
forward frontier
restricted destroy-repair dd compilation
restricted dd compilation - suffixes
running dd lns mip
num vars: 16653
obj from lns: 777
[loc arcIndex] route: 2 0 14 1 15 2 11 3 24 4 19 5 1 6 3 7 -2 2889 
[loc arcIndex] route: 10 8 27 9 20 10 -2 2904 
[loc arcIndex] route: 16 11 18 12 21 13 4 14 29 15 22 655 -1 2933 
[loc arcIndex] route: 25 17 5 18 6 19 9 20 17 21 13 22 23 23 -4 2971 
[loc arcIndex] route: 30 24 7 25 8 26 12 27 28 28 26 1735 -1 2998 
DD random seed:2889896966
running lns dd
destroy phase
prefix: 0 
suffix: 0 
prefix: 0 
suffix: 0 
prefix: 0 
suffix: 0 
prefix: 0 
suffix: 0 
prefix: 0 
suffix: 0 
2 14 15 11 24 19 1 3 10 27 20 16 18 21 4 29 22 25 5 6 9 17 13 23 30 7 8 12 28 26 
forward frontier
restricted destroy-repair dd compilation
restricted dd compilation - suffixes
running dd lns mip
num vars: 33270
obj from lns: 777
[loc arcIndex] route: 2 0 14 1 15 2 11 205 24 4 19 5 1 1214 3 7 -3 5827 
[loc arcIndex] route: 10 8 27 30 20 70 -1 5840 
[loc arcIndex] route: 16 11 18 12 21 13 4 14 29 15 22 16 -1 5870 
[loc arcIndex] route: 25 17 5 18 6 19 9 136 17 21 13 22 23 23 -3 5907 
[loc arcIndex] route: 30 24 7 25 8 26 12 630 28 28 26 29 -3 5937 
DD random seed:4192365596
running lns dd
destroy phase
prefix: 0 
suffix: 0 
prefix: 0 
suffix: 0 
prefix: 0 
suffix: 0 
prefix: 0 
suffix: 0 
prefix: 0 
suffix: 0 
2 14 15 11 24 19 1 3 10 27 20 16 18 21 4 29 22 25 5 6 9 17 13 23 30 7 8 12 28 26 
forward frontier
restricted destroy-repair dd compilation
restricted dd compilation - suffixes
running dd lns mip
num vars: 39447
obj from lns: 777
[loc arcIndex] route: 2 0 14 1 15 2 11 3 24 379 19 5 1 1463 3 7 -1 6837 
[loc arcIndex] route: 10 8 27 43 20 107 -1 6852 
[loc arcIndex] route: 16 11 18 12 21 13 4 14 29 15 22 1637 -1 6882 
[loc arcIndex] route: 25 17 5 18 6 19 9 20 17 21 13 22 23 23 -1 6917 
[loc arcIndex] route: 30 24 7 91 8 26 12 27 28 28 26 29 -1 6947 
DD random seed:2102314947
running lns dd
destroy phase
prefix: 0 
suffix: 0 
prefix: 0 
suffix: 0 
prefix: 0 
suffix: 0 
prefix: 0 
suffix: 0 
prefix: 0 
suffix: 0 
2 14 15 11 24 19 1 3 10 27 20 16 18 21 4 29 22 25 5 6 9 17 13 23 30 7 8 12 28 26 
forward frontier
restricted destroy-repair dd compilation
restricted dd compilation - suffixes
running dd lns mip
num vars: 37499
obj from lns: 777
[loc arcIndex] route: 2 0 14 1 15 2 11 3 24 4 19 5 1 6 3 7 -1 6464 
[loc arcIndex] route: 10 8 27 9 20 83 -1 6479 
[loc arcIndex] route: 16 11 18 12 21 13 4 14 29 557 22 16 -1 6509 
[loc arcIndex] route: 25 17 5 34 6 19 9 20 17 21 13 22 23 23 -1 6544 
[loc arcIndex] route: 30 24 7 79 8 320 12 27 28 28 26 29 -5 6578 
DD random seed:3528975372
running lns dd
destroy phase
prefix: 0 
suffix: 0 
prefix: 0 
suffix: 0 
prefix: 0 
suffix: 0 
prefix: 0 
suffix: 0 
prefix: 0 
suffix: 0 
2 14 15 11 24 19 1 3 10 27 20 16 18 21 4 29 22 25 5 6 9 17 13 23 30 7 8 12 28 26 
forward frontier
restricted destroy-repair dd compilation
restricted dd compilation - suffixes
running dd lns mip
num vars: 49273
obj from lns: 777
[loc arcIndex] route: 2 0 14 1 15 2 11 3 24 4 19 5 1 1619 3 7 -1 8583 
[loc arcIndex] route: 10 8 27 30 20 10 -1 8598 
[loc arcIndex] route: 16 11 18 12 21 13 4 14 29 15 22 16 -2 8629 
[loc arcIndex] route: 25 17 5 18 6 19 9 227 17 698 13 22 23 23 -1 8663 
[loc arcIndex] route: 30 24 7 25 8 26 12 838 28 28 26 5161 -1 8693 
DD random seed:1353514190
running lns dd
destroy phase
prefix: 0 
suffix: 0 
prefix: 0 
suffix: 0 
prefix: 0 
suffix: 0 
prefix: 0 
suffix: 0 
prefix: 0 
suffix: 0 
2 14 15 11 24 19 1 3 10 27 20 16 18 21 4 29 22 25 5 6 9 17 13 23 30 7 8 12 28 26 
forward frontier
restricted destroy-repair dd compilation
restricted dd compilation - suffixes
running dd lns mip
num vars: 46057
obj from lns: 777
[loc arcIndex] route: 2 0 14 1 15 2 11 3 24 4 19 1360 1 1870 3 7 -1 8067 
[loc arcIndex] route: 10 8 27 9 20 10 -2 8083 
[loc arcIndex] route: 16 11 18 78 21 13 4 14 29 15 22 16 -2 8113 
[loc arcIndex] route: 25 17 5 50 6 19 9 20 17 21 13 2360 23 23 -2 8148 
[loc arcIndex] route: 30 24 7 95 8 514 12 27 28 28 26 29 -1 8177 
DD random seed:3109033250
running lns dd
destroy phase
prefix: 0 
suffix: 0 
prefix: 0 
suffix: 0 
prefix: 0 
suffix: 0 
prefix: 0 
suffix: 0 
prefix: 0 
suffix: 0 
2 14 15 11 24 19 1 3 10 27 20 16 18 21 4 29 22 25 5 6 9 17 13 23 30 7 8 12 28 26 
forward frontier
restricted destroy-repair dd compilation
restricted dd compilation - suffixes
running dd lns mip
num vars: 29612
obj from lns: 777
[loc arcIndex] route: 2 0 14 1 15 2 11 3 24 4 19 5 1 1104 3 7 -1 5107 
[loc arcIndex] route: 10 8 27 9 20 10 -1 5122 
[loc arcIndex] route: 16 11 18 68 21 13 4 14 29 15 22 16 -4 5155 
[loc arcIndex] route: 25 17 5 37 6 19 9 20 17 21 13 1418 23 23 -4 5190 
[loc arcIndex] route: 30 24 7 74 8 26 12 27 28 28 26 29 -5 5221 
updated increasing parameter: 40
DD random seed:4217743105
running lns dd
destroy phase
prefix: 0 
suffix: 0 
prefix: 0 
suffix: 0 
prefix: 0 
suffix: 0 
prefix: 0 
suffix: 0 
prefix: 0 
suffix: 0 
2 14 15 11 24 19 1 3 10 27 20 16 18 21 4 29 22 25 5 6 9 17 13 23 30 7 8 12 28 26 
forward frontier
restricted destroy-repair dd compilation
restricted dd compilation - suffixes
running dd lns mip
num vars: 12534
obj from lns: 777
[loc arcIndex] route: 2 0 14 1 15 2 11 3 24 4 19 5 1 552 3 7 -1 2184 
[loc arcIndex] route: 10 8 27 30 20 10 -1 2199 
[loc arcIndex] route: 16 11 18 12 21 13 4 14 29 279 22 16 -2 2230 
[loc arcIndex] route: 25 17 5 18 6 19 9 20 17 21 13 22 23 23 -1 2264 
[loc arcIndex] route: 30 24 7 61 8 26 12 27 28 735 26 29 -3 2296 
DD random seed:360112576
running lns dd
destroy phase
prefix: 0 
suffix: 0 
prefix: 0 
suffix: 0 
prefix: 0 
suffix: 0 
prefix: 0 
suffix: 0 
prefix: 0 
suffix: 0 
2 14 15 11 24 19 1 3 10 27 20 16 18 21 4 29 22 25 5 6 9 17 13 23 30 7 8 12 28 26 
forward frontier
restricted destroy-repair dd compilation
restricted dd compilation - suffixes
running dd lns mip
num vars: 62805
obj from lns: 777
[loc arcIndex] route: 2 0 14 1 15 2 11 3 24 4 19 5 1 2395 3 7 -1 10855 
[loc arcIndex] route: 10 8 27 9 20 10 -1 10870 
[loc arcIndex] route: 16 11 18 12 21 13 4 14 29 1097 22 16 -3 10902 
[loc arcIndex] route: 25 17 5 18 6 19 9 317 17 21 13 3025 23 7800 -2 10936 
[loc arcIndex] route: 30 24 7 25 8 26 12 27 28 28 26 29 -3 10967 
DD random seed:2934462384
running lns dd
destroy phase
prefix: 0 
suffix: 0 
prefix: 0 
suffix: 0 
prefix: 0 
suffix: 0 
prefix: 0 
suffix: 0 
prefix: 0 
suffix: 0 
2 14 15 11 24 19 1 3 10 27 20 16 18 21 4 29 22 25 5 6 9 17 13 23 30 7 8 12 28 26 
forward frontier
restricted destroy-repair dd compilation
restricted dd compilation - suffixes
running dd lns mip
num vars: 53983
obj from lns: 777
[loc arcIndex] route: 2 0 14 1 15 2 11 3 24 4 19 5 1 2084 3 7 -1 9343 
[loc arcIndex] route: 10 8 27 9 20 10 -1 9358 
[loc arcIndex] route: 16 11 18 71 21 254 4 14 29 15 22 16 -1 9388 
[loc arcIndex] route: 25 17 5 18 6 19 9 20 17 21 13 22 23 23 -1 9423 
[loc arcIndex] route: 30 24 7 25 8 26 12 1193 28 28 26 5709 -1 9453 
DD random seed:977270855
running lns dd
destroy phase
prefix: 0 
suffix: 0 
prefix: 0 
suffix: 0 
prefix: 0 
suffix: 0 
prefix: 0 
suffix: 0 
prefix: 0 
suffix: 0 
2 14 15 11 24 19 1 3 10 27 20 16 18 21 4 29 22 25 5 6 9 17 13 23 30 7 8 12 28 26 
forward frontier
restricted destroy-repair dd compilation
restricted dd compilation - suffixes
running dd lns mip
num vars: 9909
obj from lns: 777
[loc arcIndex] route: 2 0 14 1 15 2 11 84 24 4 19 5 1 342 3 7 -1 1739 
[loc arcIndex] route: 10 8 27 30 20 10 -1 1754 
[loc arcIndex] route: 16 11 18 12 21 13 4 71 29 165 22 16 -1 1784 
[loc arcIndex] route: 25 17 5 34 6 19 9 20 13 168 17 475 23 1174 -1 1819 
[loc arcIndex] route: 30 24 7 47 8 26 12 27 28 28 26 932 -1 1849 
DD random seed:1353844097
running lns dd
destroy phase
prefix: 0 
suffix: 0 
prefix: 0 
suffix: 0 
prefix: 0 
suffix: 0 
prefix: 0 
suffix: 0 
prefix: 0 
suffix: 0 
2 14 15 11 24 19 1 3 10 27 20 16 18 21 4 29 22 25 5 6 9 17 13 23 30 7 8 12 28 26 
forward frontier
restricted destroy-repair dd compilation
restricted dd compilation - suffixes
running dd lns mip
num vars: 8786
obj from lns: 777
[loc arcIndex] route: 2 0 14 1 15 2 11 3 24 4 19 5 1 291 3 7 -3 1573 
[loc arcIndex] route: 10 8 27 9 20 10 -1 1586 
[loc arcIndex] route: 16 11 18 12 21 13 4 14 22 134 29 504 -3 3843 
[loc arcIndex] route: 25 17 5 18 6 19 9 20 13 144 17 425 23 1147 -3 1653 
[loc arcIndex] route: 30 24 7 42 8 26 12 165 28 28 26 29 -1 1681 
DD random seed:1689250825
running lns dd
destroy phase
prefix: 0 
suffix: 0 
prefix: 0 
suffix: 0 
prefix: 0 
suffix: 0 
prefix: 0 
suffix: 0 
prefix: 0 
suffix: 0 
2 14 15 11 24 19 1 3 10 27 20 16 18 21 4 29 22 25 5 6 9 17 13 23 30 7 8 12 28 26 
forward frontier
restricted destroy-repair dd compilation
restricted dd compilation - suffixes
running dd lns mip
num vars: 54571
obj from lns: 777
[loc arcIndex] route: 2 0 14 1 15 2 11 3 24 4 19 5 1 6 3 7 -2 9437 
[loc arcIndex] route: 10 8 27 9 20 153 -3 9453 
[loc arcIndex] route: 16 11 18 12 21 13 4 14 29 15 22 2223 -5 9485 
[loc arcIndex] route: 25 17 5 36 6 19 9 20 17 21 13 22 23 6594 -1 9516 
[loc arcIndex] route: 30 24 7 25 8 26 12 27 28 28 26 29 -1 9546 
DD random seed:4009395810
running lns dd
destroy phase
prefix: 0 
suffix: 0 
prefix: 0 
suffix: 0 
prefix: 0 
suffix: 0 
prefix: 0 
suffix: 0 
prefix: 0 
suffix: 0 
2 14 15 11 24 19 1 3 10 27 20 16 18 21 4 29 22 25 5 6 9 17 13 23 30 7 8 12 28 26 
forward frontier
restricted destroy-repair dd compilation
restricted dd compilation - suffixes
running dd lns mip
num vars: 10456
obj from lns: 777
[loc arcIndex] route: 2 0 14 1 15 2 11 78 24 95 19 5 1 338 3 7 -5 1830 
[loc arcIndex] route: 10 8 27 9 20 10 -5 1845 
[loc arcIndex] route: 16 11 18 12 21 13 4 14 29 15 22 16 -1 1871 
[loc arcIndex] route: 25 17 5 18 6 19 9 20 17 160 13 22 23 23 -5 1910 
[loc arcIndex] route: 30 24 7 25 8 26 12 27 28 566 26 29 -5 1940 
DD random seed:90341778
running lns dd
destroy phase
prefix: 0 
suffix: 0 
prefix: 0 
suffix: 0 
prefix: 0 
suffix: 0 
prefix: 0 
suffix: 0 
prefix: 0 
suffix: 0 
2 14 15 11 24 19 1 3 10 27 20 16 18 21 4 29 22 25 5 6 9 17 13 23 30 7 8 12 28 26 
forward frontier
restricted destroy-repair dd compilation
restricted dd compilation - suffixes
running dd lns mip
num vars: 23015
obj from lns: 777
[loc arcIndex] route: 2 0 14 1 15 49 11 3 24 4 19 5 1 6 3 7 -1 3980 
[loc arcIndex] route: 10 8 27 9 20 10 -1 3995 
[loc arcIndex] route: 16 11 18 62 21 13 4 14 29 15 22 16 -4 4028 
[loc arcIndex] route: 25 17 5 45 6 19 9 20 17 497 13 22 23 23 -1 4060 
[loc arcIndex] route: 30 24 7 66 8 26 12 548 28 28 26 2462 -2 4091 
DD random seed:943144525
running lns dd
destroy phase
prefix: 0 
suffix: 0 
prefix: 0 
suffix: 0 
prefix: 0 
suffix: 0 
prefix: 0 
suffix: 0 
prefix: 0 
suffix: 0 
2 14 15 11 24 19 1 3 10 27 20 16 18 21 4 29 22 25 5 6 9 17 13 23 30 7 8 12 28 26 
forward frontier
restricted destroy-repair dd compilation
restricted dd compilation - suffixes
running dd lns mip
num vars: 45241
obj from lns: 777
[loc arcIndex] route: 2 0 14 1 15 2 11 3 24 4 19 5 1 6 3 7 -3 7883 
[loc arcIndex] route: 10 8 27 53 20 10 -1 7896 
[loc arcIndex] route: 16 11 18 90 21 13 4 14 29 15 22 16 -2 7927 
[loc arcIndex] route: 25 17 5 18 6 19 9 309 17 21 13 22 23 23 -4 7964 
[loc arcIndex] route: 30 24 7 25 8 26 12 1024 28 28 26 4817 -1 7991 
DD random seed:2789033879
running lns dd
destroy phase
prefix: 0 
suffix: 0 
prefix: 0 
suffix: 0 
prefix: 0 
suffix: 0 
prefix: 0 
suffix: 0 
prefix: 0 
suffix: 0 
2 14 15 11 24 19 1 3 10 27 20 16 18 21 4 29 22 25 5 6 9 17 13 23 30 7 8 12 28 26 
forward frontier
restricted destroy-repair dd compilation
restricted dd compilation - suffixes
running dd lns mip
num vars: 34581
obj from lns: 777
[loc arcIndex] route: 2 0 14 1 15 2 11 3 24 342 19 5 1 6 3 7 -1 5971 
[loc arcIndex] route: 10 8 27 48 20 10 -4 5989 
[loc arcIndex] route: 16 11 18 65 21 13 4 14 29 656 22 1494 -2 6017 
[loc arcIndex] route: 25 17 5 18 6 19 9 20 17 21 13 22 23 23 -1 6051 
[loc arcIndex] route: 30 24 7 87 8 26 12 27 28 28 26 3623 -1 6081 
updated increasing parameter: 41
DD random seed:4143414483
running lns dd
destroy phase
prefix: 0 
suffix: 0 
prefix: 0 
suffix: 0 
prefix: 0 
suffix: 0 
prefix: 0 
suffix: 0 
prefix: 0 
suffix: 0 
2 14 15 11 24 19 1 3 10 27 20 16 18 21 4 29 22 25 5 6 9 17 13 23 30 7 8 12 28 26 
forward frontier
restricted destroy-repair dd compilation
restricted dd compilation - suffixes
running dd lns mip
num vars: 55900
obj from lns: 777
[loc arcIndex] route: 2 0 14 1 15 2 11 3 24 488 19 5 1 6 3 7 -2 9651 
[loc arcIndex] route: 10 8 27 33 20 10 -1 9665 
[loc arcIndex] route: 16 11 18 12 21 248 4 14 29 997 22 16 -4 9698 
[loc arcIndex] route: 25 17 5 18 6 19 9 20 17 21 13 22 23 23 -1 9730 
[loc arcIndex] route: 30 24 7 25 8 26 12 1131 28 28 26 29 -1 9760 
DD random seed:2330929339
running lns dd
destroy phase
prefix: 0 
suffix: 0 
prefix: 0 
suffix: 0 
prefix: 0 
suffix: 0 
prefix: 0 
suffix: 0 
prefix: 0 
suffix: 0 
2 14 15 11 24 19 1 3 10 27 20 16 18 21 4 29 22 25 5 6 9 17 13 23 30 7 8 12 28 26 
forward frontier
restricted destroy-repair dd compilation
restricted dd compilation - suffixes
running dd lns mip
num vars: 14863
obj from lns: 777
[loc arcIndex] route: 2 0 14 1 15 2 11 3 24 4 19 5 1 6 3 7 -1 2578 
[loc arcIndex] route: 10 8 27 9 20 10 -1 2593 
[loc arcIndex] route: 16 11 18 12 21 13 4 14 29 15 22 16 -4 2626 
[loc arcIndex] route: 25 17 5 18 6 19 9 20 17 21 13 22 23 23 -3 2660 
[loc arcIndex] route: 30 24 7 25 8 26 12 27 28 28 26 29 -4 2691 
DD random seed:2863311405
running lns dd
destroy phase
prefix: 0 
suffix: 0 
prefix: 0 
suffix: 0 
prefix: 0 
suffix: 0 
prefix: 0 
suffix: 0 
prefix: 0 
suffix: 0 
2 14 15 11 24 19 1 3 10 27 20 16 18 21 4 29 22 25 5 6 9 17 13 23 30 7 8 12 28 26 
forward frontier
restricted destroy-repair dd compilation
restricted dd compilation - suffixes
running dd lns mip
num vars: 36372
obj from lns: 777
[loc arcIndex] route: 2 0 14 1 15 55 11 3 24 4 19 5 1 6 3 7 -1 6327 
[loc arcIndex] route: 10 8 27 44 20 10 -1 6342 
[loc arcIndex] route: 16 11 18 12 21 13 4 14 29 15 22 1540 -4 6375 
[loc arcIndex] route: 25 17 5 45 6 19 9 20 17 21 13 1740 23 23 -4 6410 
[loc arcIndex] route: 30 24 7 25 8 26 12 792 28 28 26 29 -1 6437 
DD random seed:35437380
running lns dd
destroy phase
prefix: 0 
suffix: 0 
prefix: 0 
suffix: 0 
prefix: 0 
suffix: 0 
prefix: 0 
suffix: 0 
prefix: 0 
suffix: 0 
2 14 15 11 24 19 1 3 10 27 20 16 18 21 4 29 22 25 5 6 9 17 13 23 30 7 8 12 28 26 
forward frontier
restricted destroy-repair dd compilation
