flexible number of vehicles
num vehicles: 59
capacity: 428
num locations: 491
instance upper bound: 66483
route length upper bound: 65
fixed route cost: 0
Random seed:2179347439
compiling DD
time step mult: 1
time step: 10
cap step: 1
num nodes: 345744
num arcs: 144870399
done compiling DD
batch size for lag: 1
percent arcs fixed to change to CPLEX: 95
number arcs fixed to change to CPLEX: 100000
step size iteration cutoff: 5
target bound increase: 1.05
min step size multiplier: 0.0001
ngSetSize: 2
change to LP: 1
var fixing: 1
useSeparations: 1
muSSP: 1
numLagCuts: 25
RCCs: 1
SRC3s: 0
SRC4s: 0
SRC5V1s: 0
SRC5V2s: 0
useVolumeAlgorithm: 0
limit rccs: 1
useScaling: 1
lowImprovementIterationsToNextRound: 20
percentImprovementThreshold: 0.001
primal heuristic: 4
lns timeout: 5
removal strategy: 0
insertion ablation: 0
STATS - lpIterations[0] lagIterations[0] sspIterations[0] numSeparations[0] numCuts[0] compileTime[115] sspSolveTime[0] lpSolveTime[0] lb[0] ub[66484] numArcs: [144870399] numFixed: [0] numHeuristicIPs: [0] numHeuristicLNS: [0] numPrimalLNSRepairs: [0] time: [115]
STATS1 - lpIterations[0] lagIterations[0] sspIterations[0] numSeparations[0] numCuts[0] compileTime[115] sspSolveTime[0] lpSolveTime[0] repairTime[0] cutsTime[0] alphaTime[0] decompTime[0] yellowTime[0] updateTime[0] fixTime[0] lb[0] ub[66484] numArcs: [144870399] numFixed: [0] time: [115]
STATS - lpIterations[1] lagIterations[0] sspIterations[0] numSeparations[0] numCuts[0] compileTime[115] sspSolveTime[0] lpSolveTime[0] lb[0] ub[66484] numArcs: [144870399] numFixed: [0] numHeuristicIPs: [0] numHeuristicLNS: [0] numPrimalLNSRepairs: [0] time: [115]
STATS1 - lpIterations[1] lagIterations[0] sspIterations[0] numSeparations[0] numCuts[0] compileTime[115] sspSolveTime[0] lpSolveTime[0] repairTime[0] cutsTime[0] alphaTime[0] decompTime[0] yellowTime[0] updateTime[0] fixTime[0] lb[0] ub[66484] numArcs: [144870399] numFixed: [0] time: [115]
STATS - lpIterations[1] lagIterations[0] sspIterations[0] numSeparations[0] numCuts[0] compileTime[115] sspSolveTime[0] lpSolveTime[0] lb[0] ub[66484] numArcs: [144870399] numFixed: [0] numHeuristicIPs: [0] numHeuristicLNS: [0] numPrimalLNSRepairs: [0] time: [115]
STATS1 - lpIterations[1] lagIterations[0] sspIterations[0] numSeparations[0] numCuts[0] compileTime[115] sspSolveTime[0] lpSolveTime[0] repairTime[0] cutsTime[0] alphaTime[0] decompTime[0] yellowTime[0] updateTime[0] fixTime[0] lb[0] ub[66484] numArcs: [144870399] numFixed: [0] time: [115]
Lagrangean bound solution value: 56959
STATS - lpIterations[1] lagIterations[1] sspIterations[0] numSeparations[0] numCuts[0] compileTime[115] sspSolveTime[3] lpSolveTime[0] lb[56959] ub[66484] numArcs: [144870399] numFixed: [0] numHeuristicIPs: [0] numHeuristicLNS: [0] numPrimalLNSRepairs: [0] time: [118]
STATS1 - lpIterations[1] lagIterations[1] sspIterations[0] numSeparations[0] numCuts[0] compileTime[115] sspSolveTime[3] lpSolveTime[0] repairTime[0] cutsTime[0] alphaTime[0] decompTime[0] yellowTime[0] updateTime[0] fixTime[0] lb[56959] ub[66484] numArcs: [144870399] numFixed: [0] time: [118]
lambda: 0,50.8738,100.224,162.902,233.832,9.6729,59.2617,149.346,194.168,70.8318,128.467,111.215,37.1495,178.416,203.832,139.416,100.584,16.7664,140.393,160.444,230.131,263.626,144.907,185.047,59.9579,163.364,78.729,37.9346,32.0327,138.168,96.729,102.28,227.285,19.8131,49.7196,16.6682,21.028,100.009,232.645,26.8318,149.285,95.028,86.5093,202.271,211.084,223.29,2.71028,107.495,165.154,70.4019,9.4486,30.6822,24.8598,30.8785,18.5748,204.093,85.472,76.5421,219.836,10.7804,189.112,164.112,27.4299,156.71,49.7196,3.57009,29.3832,340.897,10.4346,44.9439,68.3972,6.98131,180.168,151.112,110.822,29.2991,4.78037,298.995,7.28972,76.8458,51.4065,71.8037,90.8411,205.388,37.5701,126.841,203.664,361.355,2.08411,169.556,67.257,63.1495,222.794,2.59346,135.879,223.383,104.36,35.8318,118.262,48.6449,122.206,25.5748,265.093,39.6028,6.57944,28.4766,184.093,91.8505,129.407,280.374,209.607,126.014,206.729,27.1028,171.963,126.14,353.533,121.355,20.0187,269.72,293.514,52.6355,135.631,32.1916,353.313,117.617,51.8178,350.664,215.43,64.014,163.565,211.28,13.8692,74.2991,126.168,171.252,72.0374,46.5421,140.374,57.5701,100.051,408.028,139.402,138.505,124.565,109.79,347.776,31.4579,12.6822,83.215,138.15,219.939,67.9393,46.472,93.3645,50.5421,136.682,172.103,299.645,174.972,58.7804,209.944,329.589,104.523,44.0187,27.757,270.991,331.439,56.729,185.561,17.9439,277.776,143.991,16.215,77.3271,250.636,190.393,14.785,75.8692,15.9813,7.03738,46.5093,96.6215,193.551,6.93925,7.01869,161.776,17.757,171.042,192.486,72.6636,22.8785,56.0047,47.8271,163.224,62.4112,267.593,19.9626,315.813,170.921,52.7383,6.83178,124.299,6.54673,216.355,16.3224,151.112,169.603,5.04673,149.963,17.729,54.1682,37.9533,34.6355,435.981,183.636,207.575,181.64,149.257,291.159,103.178,267.757,148.963,45.1589,34.6075,118.893,69.7383,15.0093,65.3551,103.71,323.785,30.785,142.57,171.991,45.2991,76.4299,213.589,93.0841,108.561,201.065,55.0467,154.308,268.336,146.607,105.86,80.1729,3.08411,83.7383,88.5794,160.505,106.43,234.579,80.4907,156.449,216.65,38.4019,144.336,159.103,81.4486,77.3364,16.028,127.682,113.201,100.467,52.4299,28.3178,58.7664,235.28,233.794,8.52336,315.196,42.9206,81.1963,102.692,162.243,1.47664,174.252,109.678,54.4299,4.48598,95.4019,8.20093,242.551,161.701,66.2804,166.953,47.1028,40.1215,59.1682,110.822,120.364,136.336,6.57477,135.093,2.47196,137.963,80.6682,135.224,1.30841,163.836,342.673,13.3084,129.827,31.0607,317.477,283.402,252.869,116.874,54.9533,105.107,145.318,56.8224,204.617,9.32243,133.491,350.846,244.813,154.21,304.71,33.3551,176.799,263.963,21.028,293.131,9.30841,182.523,191.78,7.19159,99.3084,18.6168,17.8037,23.8598,228.589,244.486,6.8785,10.2336,45.4393,130.542,129.168,134.729,116.939,72.9252,210.131,103.71,209.883,257.266,167.15,290.093,76.0748,89.6449,12.7009,5.86449,74.7196,59.1121,199.416,36.8692,94.2804,46.729,111.215,21.1262,166.491,161.495,99.4626,49.0654,19.5421,97.5421,22.757,3.64953,143.103,37.0093,122.318,30.271,80.9579,82.9579,56.3645,6.09813,111.874,100.262,9.92056,101.935,20.486,88.3738,12.757,69.6075,44.486,3.59813,112.121,226.682,139.93,335.621,59.6495,233.738,71.5607,319.084,28.4299,299.397,324.182,146.86,37.2196,200.121,128.486,85.9813,27.9673,83.271,117.355,36.972,155.514,0.700935,6.77103,103.248,188.748,251.065,34.6729,55.3598,32.5047,6.42991,23.7009,104.981,7.66355,16.1495,11.986,37.1682,33.6916,19.3645,256.224,71.2056,155.495,231.925,52.1121,23.4346,21.5421,4.31776,159.584,13.5421,66.4673,160.72,135.047,170.911,83.8879,226.131,210.981,101.495,324.953,95.243,37.0234,73.4019,260.486,92.5374,3.47664,42.9673,73.2991,299.313,33.7477,133.72,33.2056,73.0093,37.5421,9.21495,294.766,52.0374,108.71,58.6822,379.14,357.079,365.888,41.5935,26.729,22.2056,257.421,17.3832,54.4299,222.822,98.6589,4.00935,40.7523,70.4439,11.1121,103.879,243.654,22.7336,76.0794,204.617,35.6542,79.8505,422.832,22.7103,59.6636,280.654,59.7757,26.0561,153.463,
mu: 
combDuals: 
srcDuals: 
fixed dual: 0
new best dual, value: 56959
best alpha: 1
alpha: 5.75459
psiStar: 59778.7
lagLB: 56959
||gamma||^2: 490
STATS - lpIterations[1] lagIterations[1] sspIterations[0] numSeparations[0] numCuts[0] compileTime[115] sspSolveTime[3] lpSolveTime[0] lb[56959] ub[66484] numArcs: [144870399] numFixed: [0] numHeuristicIPs: [0] numHeuristicLNS: [0] numPrimalLNSRepairs: [0] time: [126]
STATS1 - lpIterations[1] lagIterations[1] sspIterations[0] numSeparations[0] numCuts[0] compileTime[115] sspSolveTime[3] lpSolveTime[0] repairTime[2] cutsTime[0] alphaTime[0] decompTime[4] yellowTime[0] updateTime[1] fixTime[0] lb[56959] ub[66484] numArcs: [144870399] numFixed: [0] time: [126]
creating solution
Lagrangean bound solution value: 59523.6
STATS - lpIterations[1] lagIterations[2] sspIterations[28] numSeparations[0] numCuts[0] compileTime[115] sspSolveTime[44] lpSolveTime[0] lb[59523.6] ub[66484] numArcs: [144870038] numFixed: [0] numHeuristicIPs: [0] numHeuristicLNS: [0] numPrimalLNSRepairs: [0] time: [168]
STATS1 - lpIterations[1] lagIterations[2] sspIterations[28] numSeparations[0] numCuts[0] compileTime[115] sspSolveTime[44] lpSolveTime[0] repairTime[2] cutsTime[0] alphaTime[0] decompTime[4] yellowTime[0] updateTime[1] fixTime[0] lb[59523.6] ub[66484] numArcs: [144870038] numFixed: [0] time: [168]
lambda: 0,56.6284,105.979,168.656,239.586,15.4275,65.0163,155.1,199.923,76.5864,134.222,116.97,42.9041,184.17,209.586,145.17,106.339,22.5209,146.147,166.199,235.885,269.381,150.661,190.801,65.7125,169.119,84.4836,43.6892,37.7873,143.923,102.484,108.035,233.04,25.5677,55.4742,22.4228,26.7826,105.764,238.399,32.5864,155.04,100.783,92.2639,208.026,216.839,229.044,8.46487,113.25,170.909,76.1565,15.2032,36.4368,30.6144,36.6331,24.3294,209.848,91.2266,82.2967,225.591,16.535,194.867,169.867,33.1845,162.465,55.4742,9.32469,35.1378,346.652,16.1892,50.6985,74.1518,12.7359,185.923,156.867,116.577,35.0537,10.535,304.75,13.0443,82.6004,57.1611,77.5583,96.5957,211.142,43.3247,132.596,209.418,367.11,7.83871,175.311,73.0116,68.9041,228.549,8.34805,141.633,229.138,110.114,41.5864,124.016,54.3995,127.96,31.3294,270.848,45.3574,12.334,34.2312,189.848,97.6051,135.161,286.128,215.362,131.769,212.484,32.8574,177.717,131.895,359.287,127.11,25.7733,275.474,299.269,58.3901,141.385,37.9462,359.068,123.371,57.5724,356.418,221.185,69.7686,169.32,217.035,19.6238,80.0537,131.923,177.007,77.792,52.2967,146.128,63.3247,105.806,413.783,145.156,144.259,130.32,115.544,353.53,37.2125,18.4368,88.9695,143.904,225.694,73.6938,52.2266,99.1191,56.2967,142.437,177.857,305.399,180.727,64.535,215.699,335.343,110.278,49.7733,33.5116,276.745,337.194,62.4836,191.315,23.6985,283.53,149.745,21.9695,83.0817,256.39,196.147,20.5396,81.6238,21.7359,12.792,52.2639,102.376,199.306,12.6938,12.7733,167.53,23.5116,176.797,198.241,78.4181,28.6331,61.7593,53.5817,168.979,68.1658,273.348,25.7172,321.568,176.675,58.4929,12.5864,130.054,12.3013,222.11,22.077,156.867,175.357,10.8013,155.717,23.4836,59.9228,43.7079,40.3901,441.736,189.39,213.329,187.395,155.012,296.913,108.932,273.512,154.717,50.9135,40.3621,124.647,75.4929,20.7639,71.1097,109.465,329.54,36.5396,148.325,177.745,51.0537,82.1845,219.343,98.8387,114.315,206.82,60.8013,160.063,274.091,152.362,111.614,85.9275,8.83871,89.4929,94.334,166.259,112.185,240.334,86.2452,162.203,222.404,44.1565,150.091,164.857,87.2032,83.091,21.7826,133.437,118.956,106.222,58.1845,34.0724,64.5209,241.035,239.549,14.278,320.951,48.6752,86.9509,108.446,167.998,7.23123,180.007,115.432,60.1845,10.2406,101.156,13.9555,248.306,167.456,72.035,172.708,52.8574,45.8761,64.9228,116.577,126.119,142.091,12.3294,140.848,8.22656,143.717,86.4228,140.979,7.06301,169.591,348.427,19.063,135.582,36.8153,323.231,289.156,258.624,122.628,60.7079,110.862,151.072,62.577,210.371,15.077,139.245,356.6,250.568,159.965,310.465,39.1097,182.554,269.717,26.7826,298.885,15.063,188.278,197.535,12.9462,105.063,24.3714,23.5583,29.6144,234.343,250.241,12.6331,15.9882,51.1938,136.297,134.923,140.484,122.694,78.6798,215.885,109.465,215.638,263.021,172.904,295.848,81.8294,95.3995,18.4555,11.6191,80.4742,64.8667,205.17,42.6238,100.035,52.4836,116.97,26.8808,172.245,167.25,105.217,54.82,25.2967,103.297,28.5116,9.40413,148.857,42.7639,128.072,36.0256,86.7125,88.7125,62.1191,11.8527,117.628,106.016,15.6752,107.689,26.2406,94.1284,18.5116,75.3621,50.2406,9.35272,117.876,232.437,145.685,341.376,65.4041,239.493,77.3153,324.839,34.1845,305.152,329.937,152.614,42.9742,205.876,134.241,91.7359,33.7219,89.0256,123.11,42.7266,161.269,6.45553,12.5256,109.002,194.502,256.82,40.4275,61.1144,38.2593,12.1845,29.4555,110.736,13.4181,21.9041,17.7406,42.9228,39.4462,25.1191,261.979,76.9602,161.25,237.68,57.8667,29.1892,27.2967,10.0724,165.339,19.2967,72.2219,166.474,140.801,176.666,89.6424,231.885,216.736,107.25,330.708,100.998,42.778,79.1565,266.241,98.292,9.23123,48.7219,79.0537,305.068,39.5023,139.474,38.9602,78.7639,43.2967,14.9695,300.521,57.792,114.465,64.4368,384.895,362.834,371.642,47.3481,32.4836,27.9602,263.175,23.1378,60.1845,228.577,104.413,9.76394,46.5069,76.1985,16.8667,109.633,249.409,28.4882,81.834,210.371,41.4088,85.6051,428.586,28.4649,65.4181,286.409,65.5303,31.8107,159.217,
mu: 
combDuals: 
srcDuals: 
fixed dual: 0
new best dual, value: 59523.6
added route to primal routes: 0,46,303,398,0,
added route to primal routes: 0,250,398,303,0,
added route to primal routes: 0,251,291,355,332,0,
added route to primal routes: 0,287,291,355,332,0,
added route to primal routes: 0,291,355,0,
added route to primal routes: 0,295,471,355,291,0,
added route to primal routes: 0,298,250,303,0,
added route to primal routes: 0,303,398,0,
added route to primal routes: 0,309,303,398,250,0,
added route to primal routes: 0,332,355,291,0,
added route to primal routes: 0,355,291,0,
added route to primal routes: 0,357,309,303,398,0,
added route to primal routes: 0,363,427,0,
added route to primal routes: 0,394,453,355,291,0,
added route to primal routes: 0,398,303,0,
added route to primal routes: 0,401,287,291,355,332,461,0,
added route to primal routes: 0,407,398,303,0,
added route to primal routes: 0,412,398,303,0,
added route to primal routes: 0,418,46,303,398,407,0,
added route to primal routes: 0,420,287,291,355,332,0,
added route to primal routes: 0,439,427,267,0,
added route to primal routes: 0,443,287,291,355,0,
added route to primal routes: 0,291,355,332,445,0,
added route to primal routes: 0,448,461,291,355,0,
added route to primal routes: 0,453,355,291,0,
added route to primal routes: 0,461,291,355,332,0,
added route to primal routes: 0,471,355,291,0,
added route to primal routes: 0,472,439,427,267,0,
best alpha: 1
alpha: 0.223691
psiStar: 62441.5
lagLB: 59523.6
||gamma||^2: 13044
Dual needs repair, spl: -17.4636
Dual needs repair, spl: -16.4712
Dual needs repair, spl: -7.43652
Dual needs repair, spl: -4.20303
Dual needs repair, spl: -2.66075
Dual needs repair, spl: -2.44728
Dual needs repair, spl: -0.627633
repaired lb: 59754.2
STATS - lpIterations[1] lagIterations[2] sspIterations[28] numSeparations[0] numCuts[0] compileTime[115] sspSolveTime[44] lpSolveTime[0] lb[59754.2] ub[66484] numArcs: [144870038] numFixed: [0] numHeuristicIPs: [0] numHeuristicLNS: [0] numPrimalLNSRepairs: [0] time: [189]
STATS1 - lpIterations[1] lagIterations[2] sspIterations[28] numSeparations[0] numCuts[0] compileTime[115] sspSolveTime[44] lpSolveTime[0] repairTime[17] cutsTime[0] alphaTime[0] decompTime[8] yellowTime[0] updateTime[2] fixTime[0] lb[59754.2] ub[66484] numArcs: [144870038] numFixed: [0] time: [189]
lambda: 0,56.6284,105.979,168.656,239.586,15.4275,65.0163,155.1,199.923,76.5864,134.222,116.97,42.9041,184.17,209.586,145.17,106.339,22.5209,146.147,166.199,235.885,269.381,150.661,190.801,65.7125,169.119,84.4836,43.6892,37.7873,143.923,102.484,108.035,233.04,25.5677,55.4742,22.4228,26.7826,105.764,238.399,32.5864,155.04,100.783,92.2639,208.026,216.839,229.044,8.27482,113.25,170.909,76.1565,15.2032,36.4368,30.6144,36.6331,24.3294,209.848,91.2266,82.2967,225.591,16.535,194.867,169.867,33.1845,162.465,55.4742,9.32469,35.1378,346.652,16.1892,50.6985,74.1518,12.7359,185.923,156.867,116.577,35.0537,10.535,304.75,13.0443,82.6004,57.1611,77.5583,96.5957,211.142,43.3247,132.596,209.418,367.11,7.83871,175.311,73.0116,68.9041,228.549,8.34805,141.633,229.138,110.114,41.5864,124.016,54.3995,127.96,31.3294,270.848,45.3574,12.334,34.2312,189.848,97.6051,135.161,286.128,215.362,131.769,212.484,32.8574,177.717,131.895,359.287,127.11,25.7733,275.474,299.269,58.3901,141.385,37.9462,359.068,123.371,57.5724,356.418,221.185,69.7686,169.32,217.035,19.6238,80.0537,131.923,177.007,77.792,52.2967,146.128,63.3247,105.806,413.783,145.156,144.259,130.32,115.544,353.53,37.2125,18.4368,88.9695,143.904,225.694,73.6938,52.2266,99.1191,56.2967,142.437,177.857,305.399,180.727,64.535,215.699,335.343,110.278,49.7733,33.5116,276.745,337.194,62.4836,191.315,23.6985,283.53,149.745,21.9695,83.0817,256.39,196.147,20.5396,81.6238,21.7359,12.792,52.2639,102.376,199.306,12.6938,12.7733,167.53,23.5116,176.797,198.241,78.4181,28.6331,61.7593,53.5817,168.979,68.1658,273.348,25.7172,321.568,176.675,58.4929,12.5864,130.054,12.3013,222.11,22.077,156.867,175.357,10.8013,155.717,23.4836,59.9228,43.7079,40.3901,441.736,189.39,213.329,187.395,155.012,296.913,108.932,273.512,154.717,50.9135,40.3621,124.647,75.4929,20.7639,71.1097,109.465,329.54,36.5396,148.325,177.745,51.0537,82.1845,219.343,98.8387,114.315,206.82,60.8013,160.063,274.091,152.362,111.614,85.9275,8.83871,89.4929,94.334,166.259,110.967,240.334,86.2452,162.203,222.404,44.1565,150.091,164.857,87.2032,83.091,21.7826,133.437,118.956,106.222,58.1845,34.0724,64.5209,239.796,239.549,14.278,320.951,48.6752,86.9509,108.446,167.998,7.23123,180.007,115.432,60.1845,10.2406,101.156,13.9555,248.306,167.456,72.035,172.708,52.8574,45.7976,64.9228,116.577,126.119,139.945,12.3294,140.848,8.22656,143.717,86.4228,140.979,7.06301,169.591,348.427,19.063,135.582,35.598,323.231,289.156,258.624,122.628,60.7079,110.672,151.072,62.577,210.371,15.077,139.245,356.6,250.568,159.965,310.465,39.1097,182.554,269.717,26.7826,298.885,15.063,188.278,197.535,12.9462,105.063,24.3714,23.5583,29.6144,233.845,250.241,12.6331,15.9882,51.1938,135.991,134.923,140.484,122.694,78.6798,215.58,109.465,215.638,263.021,172.904,295.848,81.8294,95.3995,18.4555,11.6191,80.4742,64.8667,205.17,40.172,100.035,52.4836,116.97,26.8808,172.245,167.25,105.217,54.82,25.2967,103.297,28.5116,9.40413,148.857,42.7639,128.072,36.0256,86.7125,88.7125,62.1191,11.8527,117.628,106.016,15.6752,107.689,26.2406,94.1284,18.5116,75.3621,50.2406,9.35272,117.876,232.437,145.685,341.376,65.4041,239.493,77.3153,324.839,30.9921,305.152,329.937,152.614,41.7569,205.876,134.241,91.7359,33.7219,89.0256,123.11,42.7266,161.269,5.2382,12.5256,109.002,194.502,256.82,40.4275,61.1144,38.2593,12.1845,29.4555,110.736,13.4181,21.9041,17.7406,42.9228,39.4462,25.1191,261.673,76.9602,160.944,236.44,57.8667,29.1892,27.2967,10.0724,165.339,19.2967,72.2219,166.474,140.801,176.666,89.6424,230.646,216.736,107.25,330.708,100.919,42.778,79.1565,266.241,98.292,8.81093,48.7219,79.0537,305.068,39.5023,137.827,38.9602,78.7639,43.2967,14.9695,300.521,57.792,114.465,64.0165,384.895,362.834,371.642,47.3481,32.4836,27.9602,263.175,23.1378,60.1845,226.431,103.174,9.76394,46.5069,76.1985,16.8667,109.633,249.409,28.4882,81.834,210.371,41.4088,85.6051,428.586,28.4649,65.4181,286.409,65.5303,31.8107,159.217,
mu: 
combDuals: 
srcDuals: 
fixed dual: 0
separating route arcs: 45 18395 944956 4018671 
separating route locations: 46 303 398 303 
separating route arcs: 249 8892564 17888454 26895135 
separating route locations: 250 398 303 398 
separating route arcs: 250 15798448 38896861 45944275 89947054 
separating route locations: 251 291 355 332 355 
separating route arcs: 286 421237 7934170 12315297 50722914 
separating route locations: 287 291 355 332 355 
separating route arcs: 290 4265551 7363757 
separating route locations: 291 355 291 
separating route arcs: 294 5135212 36964196 44096172 70508664 
separating route locations: 295 471 355 291 355 
separating route arcs: 297 2258 751201 16586691 
separating route locations: 298 303 250 303 
separating route arcs: 302 689746 3411579 
separating route locations: 303 398 303 
separating route arcs: 308 10267180 18272129 28979232 64652959 
separating route locations: 309 303 398 250 303 
separating route arcs: 331 13366429 19056772 42527597 
separating route locations: 332 355 291 355 
separating route arcs: 354 293146 7232838 
separating route locations: 355 291 355 
separating route arcs: 356 2086863 24611867 34625577 46824549 
separating route locations: 357 309 303 398 303 
separating route arcs: 362 522084 21051406 
separating route locations: 363 427 363 
separating route arcs: 393 189660 6566135 25115677 31610146 
separating route locations: 394 453 291 355 291 
separating route arcs: 397 938994 3418517 
separating route locations: 398 303 398 
separating route arcs: 400 2087330 4712911 10750504 31856941 38640347 82287374 
separating route locations: 401 287 461 291 355 332 355 
separating route arcs: 406 3237 751348 3558223 
separating route locations: 407 303 398 303 
separating route arcs: 411 1008025 4180462 9069003 
separating route locations: 412 398 303 398 
separating route arcs: 417 522193 793895 872502 3135981 8280620 
separating route locations: 418 46 407 303 398 303 
separating route arcs: 419 109316 957074 10348868 15368004 54999764 
separating route locations: 420 287 291 355 332 355 
separating route arcs: 438 13035184 52609438 98079197 
separating route locations: 439 427 267 439 
separating route arcs: 442 2432935 5257239 22344799 28604540 
separating route locations: 443 287 291 355 291 
separating route arcs: 444 1400006 12165305 17560109 57872144 
separating route locations: 445 291 355 332 355 
separating route arcs: 447 21487 1163390 11232905 16457182 
separating route locations: 448 461 291 355 291 
separating route arcs: 452 4267444 20411820 26516866 
separating route locations: 453 291 355 291 
separating route arcs: 460 874446 10062001 15012259 54521034 
separating route locations: 461 291 355 332 355 
separating route arcs: 470 12707213 18305250 41617478 
separating route locations: 471 355 291 355 
separating route arcs: 471 2433576 29549069 73187996 118664587 
separating route locations: 472 439 427 267 439 
STATS - lpIterations[1] lagIterations[2] sspIterations[28] numSeparations[28] numCuts[0] compileTime[115] sspSolveTime[44] lpSolveTime[0] lb[59754.2] ub[66484] numArcs: [144917491] numFixed: [0] numHeuristicIPs: [0] numHeuristicLNS: [0] numPrimalLNSRepairs: [0] time: [189]
STATS1 - lpIterations[1] lagIterations[2] sspIterations[28] numSeparations[28] numCuts[0] compileTime[115] sspSolveTime[44] lpSolveTime[0] repairTime[17] cutsTime[0] alphaTime[0] decompTime[8] yellowTime[0] updateTime[2] fixTime[0] lb[59754.2] ub[66484] numArcs: [144917491] numFixed: [0] time: [189]
creating solution
Lagrangean bound solution value: 59799.1
STATS - lpIterations[1] lagIterations[3] sspIterations[33] numSeparations[28] numCuts[0] compileTime[115] sspSolveTime[57] lpSolveTime[0] lb[59799.1] ub[66484] numArcs: [144917454] numFixed: [0] numHeuristicIPs: [0] numHeuristicLNS: [0] numPrimalLNSRepairs: [0] time: [202]
STATS1 - lpIterations[1] lagIterations[3] sspIterations[33] numSeparations[28] numCuts[0] compileTime[115] sspSolveTime[57] lpSolveTime[0] repairTime[17] cutsTime[0] alphaTime[0] decompTime[8] yellowTime[0] updateTime[2] fixTime[0] lb[59799.1] ub[66484] numArcs: [144917454] numFixed: [0] time: [202]
lambda: 0,56.8521,106.203,168.88,239.81,15.6512,65.24,155.324,200.147,76.8101,134.446,117.193,43.1278,184.394,209.81,145.394,106.562,22.7446,146.371,166.422,236.109,269.604,150.885,191.025,65.9362,169.343,84.7073,43.9129,38.011,144.147,102.707,108.259,233.263,25.7914,55.6979,22.6465,27.0063,105.988,238.623,32.8101,155.263,101.006,92.4876,208.249,217.062,229.268,7.7938,113.474,171.132,76.3802,15.4269,36.6605,30.8381,36.8568,24.5531,210.072,91.4502,82.5203,225.815,16.7587,195.09,170.09,33.4082,162.689,55.6979,9.54838,35.3615,346.875,16.4129,50.9222,74.3755,12.9596,186.147,157.09,116.801,35.2774,10.7587,304.974,13.268,82.8241,57.3848,77.782,96.8194,211.366,43.5484,132.819,209.642,367.333,8.0624,175.534,73.2353,69.1278,228.773,8.57174,141.857,229.361,110.338,41.8101,124.24,54.6231,128.184,31.5531,271.072,45.5811,12.5577,34.4549,190.072,97.8288,135.385,286.352,215.586,131.992,212.707,33.0811,177.941,132.118,359.511,127.333,25.997,275.698,299.492,58.6138,141.609,38.1699,359.291,123.595,57.796,356.642,221.408,69.9923,169.544,217.259,19.8474,80.2774,132.147,177.231,78.0157,52.5203,146.352,63.5484,106.03,414.006,145.38,144.483,130.544,115.768,353.754,37.4362,18.6605,89.1932,144.128,225.918,73.9175,52.4502,99.3428,56.5203,142.661,178.081,305.623,180.95,64.7587,215.922,335.567,110.502,49.997,33.7353,276.969,337.418,62.7073,191.539,23.9222,283.754,149.969,22.1932,83.3054,256.614,196.371,20.7633,81.8474,21.9596,13.0157,52.4876,102.6,199.53,12.9175,12.997,167.754,23.7353,177.02,198.464,78.6418,28.8568,61.983,53.8054,169.203,68.3895,273.572,25.9409,321.791,176.899,58.7166,12.8101,130.277,12.525,222.333,22.3007,157.09,175.581,11.025,155.941,23.7073,60.1465,43.9316,40.6138,441.96,189.614,213.553,187.618,155.235,297.137,109.156,273.735,154.941,51.1372,40.5858,124.871,75.7166,20.9876,71.3334,109.689,329.763,36.7633,148.548,177.969,51.2774,82.4082,219.567,99.0624,114.539,207.044,61.025,160.287,274.315,152.586,111.838,86.1512,9.0624,89.7166,94.5577,166.483,110.619,240.334,86.4689,162.427,222.628,44.3802,150.315,165.081,87.4269,83.3147,22.0063,133.661,119.179,106.446,58.4082,34.296,64.7446,240.588,239.773,14.5016,321.175,48.8988,87.1745,108.67,168.221,7.45492,180.231,115.656,60.4082,10.4643,101.38,14.1792,248.53,167.679,72.2587,172.932,53.0811,44.3103,65.1465,116.801,126.343,132.249,12.5531,141.072,8.45025,143.717,86.6465,141.203,7.06301,169.815,348.651,19.2867,135.805,21.157,323.455,289.38,258.847,122.852,60.9316,110.415,151.296,62.8007,210.595,15.3007,139.469,356.824,250.791,160.189,310.689,39.3334,182.777,269.941,27.0063,299.109,15.2867,188.502,197.759,13.1699,105.287,24.5951,23.782,29.8381,232.106,250.464,12.8568,16.2119,51.4175,136.52,135.147,140.707,122.918,78.9035,216.109,109.689,215.861,263.245,173.128,296.072,82.0531,95.6231,18.6792,11.8428,80.6979,65.0904,205.394,33.6761,100.259,52.4836,117.193,27.1045,172.469,167.474,105.441,54.5963,25.5203,103.52,28.7353,9.62782,149.081,42.9876,128.296,36.2493,86.9362,88.9362,62.3428,12.0764,117.852,106.24,15.8988,107.913,26.4643,94.3521,18.7353,75.5858,50.4643,9.57642,118.1,232.661,145.908,341.6,65.6278,239.717,77.539,325.062,33.066,305.375,330.161,152.838,29.5528,206.1,134.464,91.7359,33.9456,89.2493,123.333,42.9502,161.492,5.11338,12.7493,109.226,194.726,257.044,40.4275,61.3381,38.483,12.4082,29.6792,110.96,13.4181,22.1278,17.7406,43.1465,39.6699,25.3428,262.203,77.1839,161.474,237.009,58.0904,29.4129,27.5203,10.296,165.562,19.5203,72.4456,166.698,141.025,176.89,89.8661,230.991,216.96,107.474,330.932,100.998,43.0016,79.1565,266.464,98.5157,8.78385,48.9456,79.2774,305.291,39.7259,138.803,39.1839,78.9876,43.5203,15.1932,300.745,58.0157,114.689,63.0947,385.118,363.058,371.866,47.5717,32.7073,28.1839,263.399,23.3615,60.4082,225.445,104.19,9.98763,46.7306,76.4222,17.0904,109.857,249.632,28.7119,82.0577,210.595,41.6325,85.8288,428.81,28.6886,65.6418,286.632,65.754,32.0344,159.441,
mu: 
combDuals: 
srcDuals: 
fixed dual: 0
new best dual, value: 59799.1
added route to primal routes: 0,363,267,427,0,
added route to primal routes: 0,394,342,424,337,0,
added route to primal routes: 0,439,267,427,0,
added route to primal routes: 0,448,472,394,453,439,427,267,363,0,
added route to primal routes: 0,472,394,439,427,267,0,
best alpha: 0.055
alpha: 5.05726
psiStar: 62701.9
lagLB: 59799.1
||gamma||^2: 574
Dual needs repair, spl: -4.83351
Dual needs repair, spl: -2.4654
repaired lb: 59811.2
STATS - lpIterations[1] lagIterations[3] sspIterations[33] numSeparations[28] numCuts[0] compileTime[115] sspSolveTime[57] lpSolveTime[0] lb[59811.2] ub[66484] numArcs: [144917454] numFixed: [0] numHeuristicIPs: [0] numHeuristicLNS: [0] numPrimalLNSRepairs: [0] time: [213]
STATS1 - lpIterations[1] lagIterations[3] sspIterations[33] numSeparations[28] numCuts[0] compileTime[115] sspSolveTime[57] lpSolveTime[0] repairTime[23] cutsTime[0] alphaTime[0] decompTime[12] yellowTime[0] updateTime[4] fixTime[0] lb[59811.2] ub[66484] numArcs: [144917454] numFixed: [0] time: [213]
lambda: 0,56.8521,106.203,168.88,239.81,15.6512,65.24,155.324,200.147,76.8101,134.446,117.193,43.1278,184.394,209.81,145.394,106.562,22.7446,146.371,166.422,236.109,269.604,150.885,191.025,65.9362,169.343,84.7073,43.9129,38.011,144.147,102.707,108.259,233.263,25.7914,55.6979,22.6465,27.0063,105.988,238.623,32.8101,155.263,101.006,92.4876,208.249,217.062,229.268,7.7938,113.474,171.132,76.3802,15.4269,36.6605,30.8381,36.8568,24.5531,210.072,91.4502,82.5203,225.815,16.7587,195.09,170.09,33.4082,162.689,55.6979,9.54838,35.3615,346.875,16.4129,50.9222,74.3755,12.9596,186.147,157.09,116.801,35.2774,10.7587,304.974,13.268,82.8241,57.3848,77.782,96.8194,211.366,43.5484,132.819,209.642,367.333,8.0624,175.534,73.2353,69.1278,228.773,8.57174,141.857,229.361,110.338,41.8101,124.24,54.6231,128.184,31.5531,271.072,45.5811,12.5577,34.4549,190.072,97.8288,135.385,286.352,215.586,131.992,212.707,33.0811,177.941,132.118,359.511,127.333,25.997,275.698,299.492,58.6138,141.609,38.1699,359.291,123.595,57.796,356.642,221.408,69.9923,169.544,217.259,19.8474,80.2774,132.147,177.231,78.0157,52.5203,146.352,63.5484,106.03,414.006,145.38,144.483,130.544,115.768,353.754,37.4362,18.6605,89.1932,144.128,225.918,73.9175,52.4502,99.3428,56.5203,142.661,178.081,305.623,180.95,64.7587,215.922,335.567,110.502,49.997,33.7353,276.969,337.418,62.7073,191.539,23.9222,283.754,149.969,22.1932,83.3054,256.614,196.371,20.7633,81.8474,21.9596,13.0157,52.4876,102.6,199.53,12.9175,12.997,167.754,23.7353,177.02,198.464,78.6418,28.8568,61.983,53.8054,169.203,68.3895,273.572,25.9409,321.791,176.899,58.7166,12.8101,130.277,12.525,222.333,22.3007,157.09,175.581,11.025,155.941,23.7073,60.1465,43.9316,40.6138,441.96,189.614,213.553,187.618,155.235,297.137,109.156,273.735,154.941,51.1372,40.5858,124.871,75.7166,20.9876,71.3334,109.689,329.763,36.7633,148.548,177.969,51.2774,82.4082,219.567,99.0624,114.539,207.044,61.025,160.287,274.315,152.586,111.838,86.1512,9.0624,89.7166,94.5577,166.175,110.619,240.334,86.4689,162.427,222.628,44.3802,150.315,165.081,87.4269,83.3147,22.0063,133.661,119.179,106.446,58.4082,34.296,64.7446,239.782,239.773,14.5016,321.175,48.8988,87.1745,108.67,168.221,7.45492,180.231,115.656,60.4082,10.4643,101.38,14.1792,248.53,167.679,72.2587,172.932,53.0811,44.3103,65.1465,116.801,126.343,132.249,12.5531,141.072,8.45025,143.717,86.6465,141.203,7.06301,169.815,348.651,19.2867,135.805,21.157,323.455,289.38,258.847,122.852,60.9316,110.415,151.296,62.8007,210.595,15.3007,139.469,356.824,250.791,160.189,310.689,39.3334,182.777,269.941,27.0063,299.109,15.2867,188.502,197.759,13.1699,105.287,24.5951,23.782,29.8381,232.106,250.464,12.8568,16.2119,51.4175,136.212,135.147,140.707,122.918,78.9035,215.801,109.689,215.861,263.245,173.128,296.072,82.0531,95.6231,18.6792,11.8428,80.6979,65.0904,205.394,33.6761,100.259,52.4836,117.193,27.1045,172.469,167.474,105.441,54.5963,25.5203,103.52,28.7353,9.62782,149.081,42.9876,128.296,36.2493,86.9362,88.9362,62.3428,12.0764,117.852,106.24,15.8988,107.913,26.4643,94.3521,18.7353,75.5858,50.4643,9.57642,118.1,232.661,145.908,341.6,65.6278,239.717,77.539,325.062,31.9523,305.375,330.161,152.838,29.5528,206.1,134.464,91.7359,33.9456,89.2493,123.333,42.9502,161.492,5.11338,12.7493,109.226,194.726,257.044,40.4275,61.3381,38.483,12.4082,29.6792,110.96,13.4181,22.1278,17.7406,43.1465,39.6699,25.3428,261.894,77.1839,161.474,236.203,58.0904,29.4129,27.5203,10.296,165.562,19.5203,72.4456,166.698,141.025,176.89,89.8661,230.185,216.96,107.474,330.932,100.998,43.0016,79.1565,266.464,98.5157,8.78385,48.9456,79.2774,305.291,39.7259,138.803,39.1839,78.9876,43.5203,15.1932,300.745,58.0157,114.689,63.0947,385.118,363.058,371.866,47.5717,32.7073,28.1839,263.399,23.3615,60.4082,225.445,103.384,9.98763,46.7306,76.4222,17.0904,109.857,249.632,28.7119,82.0577,210.595,41.6325,85.8288,428.81,28.6886,65.6418,286.632,65.754,32.0344,159.441,
mu: 
combDuals: 
srcDuals: 
fixed dual: 0
separating route arcs: 362 144889824 144890091 63610562 
separating route locations: 363 427 267 363 
separating route arcs: 393 144890650 4984549 30465123 73197843 
separating route locations: 394 337 342 424 342 
separating route arcs: 438 144904252 53081981 98082615 
separating route locations: 439 267 427 439 
separating route arcs: 447 144909830 2947286 4910766 9347923 46965851 91859125 133520554 144153517 
separating route locations: 448 472 394 363 267 427 439 453 394 
separating route arcs: 471 144916595 4223608 34759469 78932756 124289567 
separating route locations: 472 394 439 427 267 439 
STATS - lpIterations[1] lagIterations[3] sspIterations[33] numSeparations[33] numCuts[0] compileTime[115] sspSolveTime[57] lpSolveTime[0] lb[59811.2] ub[66484] numArcs: [144925127] numFixed: [0] numHeuristicIPs: [0] numHeuristicLNS: [0] numPrimalLNSRepairs: [0] time: [213]
STATS1 - lpIterations[1] lagIterations[3] sspIterations[33] numSeparations[33] numCuts[0] compileTime[115] sspSolveTime[57] lpSolveTime[0] repairTime[23] cutsTime[0] alphaTime[0] decompTime[12] yellowTime[0] updateTime[4] fixTime[0] lb[59811.2] ub[66484] numArcs: [144925127] numFixed: [0] time: [213]
creating solution
Lagrangean bound solution value: 58703.5
added route to primal routes: 0,152,457,397,242,0,
added route to primal routes: 0,2,288,194,392,432,0,
added route to primal routes: 0,5,386,458,402,304,268,227,0,
added route to primal routes: 0,8,185,127,0,
added route to primal routes: 0,275,10,329,299,78,381,284,0,
added route to primal routes: 0,13,430,277,366,346,422,110,0,
added route to primal routes: 0,14,458,402,304,268,227,0,
added route to primal routes: 0,26,280,486,0,
added route to primal routes: 0,28,40,0,
added route to primal routes: 0,32,361,332,471,461,287,443,0,
added route to primal routes: 0,35,46,273,372,298,412,407,0,
added route to primal routes: 0,36,429,322,0,
added route to primal routes: 0,40,28,0,
added route to primal routes: 0,407,412,298,372,374,273,452,488,296,46,0,
added route to primal routes: 0,127,92,52,0,
added route to primal routes: 0,53,57,52,92,127,185,8,0,
added route to primal routes: 0,54,18,106,362,330,173,350,0,
added route to primal routes: 0,55,227,268,402,304,458,0,
added route to primal routes: 0,57,127,92,185,8,0,
added route to primal routes: 0,65,40,28,0,
added route to primal routes: 0,66,229,126,446,134,484,464,419,318,425,0,
added route to primal routes: 0,68,124,490,336,0,
added route to primal routes: 0,70,173,330,362,106,18,0,
added route to primal routes: 0,299,78,381,284,0,
added route to primal routes: 0,80,386,268,402,227,0,
added route to primal routes: 0,81,194,392,288,0,
added route to primal routes: 0,84,99,8,185,127,92,52,0,
added route to primal routes: 0,86,430,366,346,422,0,
added route to primal routes: 0,99,8,185,127,92,52,0,
added route to primal routes: 0,101,458,402,268,0,
added route to primal routes: 0,105,348,275,341,0,
added route to primal routes: 0,159,422,346,110,0,
added route to primal routes: 0,122,443,287,295,445,0,
added route to primal routes: 0,126,446,257,134,484,464,0,
added route to primal routes: 0,127,92,0,
added route to primal routes: 0,132,407,412,298,372,273,46,0,
added route to primal routes: 0,149,99,8,185,127,92,52,0,
added route to primal routes: 0,150,28,40,0,
added route to primal routes: 0,153,401,443,287,295,0,
added route to primal routes: 0,159,422,110,0,
added route to primal routes: 0,160,8,185,127,92,52,0,
added route to primal routes: 0,173,330,362,106,18,0,
added route to primal routes: 0,176,288,392,194,0,
added route to primal routes: 0,179,401,443,287,295,445,0,
added route to primal routes: 0,185,127,92,52,0,
added route to primal routes: 0,191,468,282,451,41,324,254,416,311,380,366,0,
added route to primal routes: 0,288,194,392,290,432,0,
added route to primal routes: 0,40,199,28,0,
added route to primal routes: 0,202,105,348,275,10,341,0,
added route to primal routes: 0,203,458,402,268,227,0,
added route to primal routes: 0,208,476,431,148,0,
added route to primal routes: 0,209,443,287,445,0,
added route to primal routes: 0,212,420,445,295,287,443,401,0,
added route to primal routes: 0,213,52,92,127,185,8,0,
added route to primal routes: 0,216,257,134,484,464,0,
added route to primal routes: 0,224,84,99,8,185,127,92,52,0,
added route to primal routes: 0,458,402,268,227,0,
added route to primal routes: 0,229,126,257,484,134,446,0,
added route to primal routes: 0,242,397,0,
added route to primal routes: 0,246,364,193,200,466,485,433,473,0,
added route to primal routes: 0,477,306,468,249,0,
added route to primal routes: 0,250,372,452,488,0,
added route to primal routes: 0,251,471,332,0,
added route to primal routes: 0,258,242,397,0,
added route to primal routes: 0,259,369,18,106,362,330,0,
added route to primal routes: 0,262,18,106,362,330,173,0,
added route to primal routes: 0,268,402,304,0,
added route to primal routes: 0,272,426,440,191,282,468,0,
added route to primal routes: 0,273,299,78,381,0,
added route to primal routes: 0,274,477,480,306,282,468,191,0,
added route to primal routes: 0,275,329,299,78,381,0,
added route to primal routes: 0,277,366,346,422,0,
added route to primal routes: 0,280,298,372,273,0,
added route to primal routes: 0,281,36,429,322,0,
added route to primal routes: 0,282,41,451,0,
added route to primal routes: 0,283,443,287,295,401,0,
added route to primal routes: 0,284,381,78,299,0,
added route to primal routes: 0,285,432,290,392,194,288,0,
added route to primal routes: 0,286,296,488,452,273,372,298,412,0,
added route to primal routes: 0,287,295,0,
added route to primal routes: 0,288,392,0,
added route to primal routes: 0,290,194,288,0,
added route to primal routes: 0,443,287,291,471,332,251,461,0,
added route to primal routes: 0,292,457,294,397,242,0,
added route to primal routes: 0,293,397,242,0,
added route to primal routes: 0,294,397,242,0,
added route to primal routes: 0,445,295,287,443,0,
added route to primal routes: 0,296,452,273,372,0,
added route to primal routes: 0,298,374,368,284,381,78,299,0,
added route to primal routes: 0,299,78,381,0,
added route to primal routes: 0,301,350,173,330,362,106,18,0,
added route to primal routes: 0,302,443,287,295,0,
added route to primal routes: 0,303,250,372,452,488,0,
added route to primal routes: 0,304,268,0,
added route to primal routes: 0,306,282,468,0,
added route to primal routes: 0,307,194,392,288,176,0,
added route to primal routes: 0,309,250,374,273,372,452,0,
added route to primal routes: 0,311,416,254,324,41,451,282,306,480,0,
added route to primal routes: 0,314,480,306,282,468,191,440,0,
added route to primal routes: 0,315,419,0,
added route to primal routes: 0,316,304,268,0,
added route to primal routes: 0,317,397,242,0,
added route to primal routes: 0,318,419,464,484,134,360,0,
added route to primal routes: 0,326,401,443,287,445,0,
added route to primal routes: 0,329,299,78,381,0,
added route to primal routes: 0,332,471,0,
added route to primal routes: 0,336,490,124,0,
added route to primal routes: 0,337,440,191,282,468,480,477,274,0,
added route to primal routes: 0,338,477,480,468,282,191,440,426,0,
added route to primal routes: 0,340,459,387,293,400,0,
added route to primal routes: 0,341,329,299,78,381,284,0,
added route to primal routes: 0,342,468,282,191,440,0,
added route to primal routes: 0,345,261,190,0,
added route to primal routes: 0,110,346,422,159,0,
added route to primal routes: 0,348,275,341,0,
added route to primal routes: 0,350,475,330,362,106,18,0,
added route to primal routes: 0,351,227,268,304,458,203,0,
added route to primal routes: 0,353,440,191,468,282,306,480,477,0,
added route to primal routes: 0,354,477,480,468,282,191,440,272,0,
added route to primal routes: 0,355,440,191,468,282,306,480,477,380,0,
added route to primal routes: 0,356,445,287,443,401,0,
added route to primal routes: 0,357,18,106,362,330,173,350,54,0,
added route to primal routes: 0,358,401,443,287,295,0,
added route to primal routes: 0,359,292,457,294,397,242,0,
added route to primal routes: 0,360,464,484,0,
added route to primal routes: 0,361,353,440,191,468,282,306,0,
added route to primal routes: 0,363,480,306,282,468,0,
added route to primal routes: 0,365,314,338,354,274,0,
added route to primal routes: 0,366,380,311,416,254,324,41,451,282,468,191,0,
added route to primal routes: 0,368,381,78,299,0,
added route to primal routes: 0,370,304,402,268,458,0,
added route to primal routes: 0,372,273,452,0,
added route to primal routes: 0,373,430,366,346,422,0,
added route to primal routes: 0,374,368,284,381,78,299,0,
added route to primal routes: 0,376,488,452,273,374,372,0,
added route to primal routes: 0,377,366,346,422,430,0,
added route to primal routes: 0,380,435,311,306,282,468,191,440,0,
added route to primal routes: 0,383,126,446,257,134,484,464,0,
added route to primal routes: 0,386,458,402,304,268,227,0,
added route to primal routes: 0,388,411,242,397,258,0,
added route to primal routes: 0,389,458,304,268,0,
added route to primal routes: 0,390,280,486,26,0,
added route to primal routes: 0,392,438,482,388,242,397,258,0,
added route to primal routes: 0,268,402,304,395,0,
added route to primal routes: 0,397,242,0,
added route to primal routes: 0,398,374,273,372,452,0,
added route to primal routes: 0,399,430,277,366,346,422,110,0,
added route to primal routes: 0,400,397,242,0,
added route to primal routes: 0,401,443,287,295,445,0,
added route to primal routes: 0,402,304,268,0,
added route to primal routes: 0,403,348,275,341,0,
added route to primal routes: 0,404,445,287,443,401,0,
added route to primal routes: 0,406,432,290,392,194,288,0,
added route to primal routes: 0,407,412,298,372,273,452,488,0,
added route to primal routes: 0,411,345,261,190,0,
added route to primal routes: 0,412,298,372,273,0,
added route to primal routes: 0,413,445,295,287,443,401,0,
added route to primal routes: 0,418,46,412,374,273,372,298,407,0,
added route to primal routes: 0,419,464,484,134,0,
added route to primal routes: 0,420,295,287,443,401,0,
added route to primal routes: 0,422,346,0,
added route to primal routes: 0,424,440,191,282,468,0,
added route to primal routes: 0,425,318,419,464,484,134,446,126,229,66,0,
added route to primal routes: 0,426,440,191,282,468,0,
added route to primal routes: 0,430,366,346,422,0,
added route to primal routes: 0,431,123,384,456,371,170,473,0,
added route to primal routes: 0,432,290,392,288,0,
added route to primal routes: 0,433,466,200,465,485,0,
added route to primal routes: 0,434,54,18,106,362,330,173,350,0,
added route to primal routes: 0,435,480,306,282,468,191,440,0,
added route to primal routes: 0,436,159,422,110,346,366,430,0,
added route to primal routes: 0,438,482,258,242,397,0,
added route to primal routes: 0,440,191,282,468,0,
added route to primal routes: 0,443,287,295,445,0,
added route to primal routes: 0,444,422,346,366,430,0,
added route to primal routes: 0,445,290,392,288,0,
added route to primal routes: 0,446,257,134,484,464,0,
added route to primal routes: 0,447,350,173,330,362,106,18,0,
added route to primal routes: 0,448,401,443,287,295,445,0,
added route to primal routes: 0,451,41,0,
added route to primal routes: 0,452,273,299,78,381,284,0,
added route to primal routes: 0,453,291,471,355,332,0,
added route to primal routes: 0,457,294,397,242,0,
added route to primal routes: 0,458,402,304,268,0,
added route to primal routes: 0,459,397,242,0,
added route to primal routes: 0,460,425,318,419,315,0,
added route to primal routes: 0,461,287,443,445,0,
added route to primal routes: 0,464,484,0,
added route to primal routes: 0,467,275,329,299,78,381,0,
added route to primal routes: 0,468,282,451,41,254,416,311,380,366,430,0,
added route to primal routes: 0,332,355,471,0,
added route to primal routes: 0,473,433,485,466,200,193,364,246,0,
added route to primal routes: 0,475,18,106,362,330,173,0,
added route to primal routes: 0,477,480,306,282,468,191,440,353,0,
added route to primal routes: 0,480,306,282,468,191,440,426,0,
added route to primal routes: 0,481,249,274,354,338,314,365,0,
added route to primal routes: 0,482,388,242,397,258,0,
added route to primal routes: 0,483,401,443,287,445,0,
added route to primal routes: 0,485,465,200,466,0,
added route to primal routes: 0,486,296,488,452,273,372,298,412,0,
added route to primal routes: 0,488,284,381,78,299,329,0,
added route to primal routes: 0,490,124,0,
best alpha: 0.055
alpha: 0.0694733
psiStar: 61525.8
lagLB: 58703.5
||gamma||^2: 40624
Dual needs repair, spl: -52.4316
Dual needs repair, spl: -46.5283
Dual needs repair, spl: -45.1838
Dual needs repair, spl: -44.1555
Dual needs repair, spl: -35.5068
Dual needs repair, spl: -33.3278
Dual needs repair, spl: -33.0554
Dual needs repair, spl: -32.2451
Dual needs repair, spl: -28.1891
Dual needs repair, spl: -26.6592
Dual needs repair, spl: -24.4704
Dual needs repair, spl: -20.8416
Dual needs repair, spl: -20.1338
Dual needs repair, spl: -19.8573
Dual needs repair, spl: -18.0761
Dual needs repair, spl: -13.4927
Dual needs repair, spl: -11.8579
Dual needs repair, spl: -10.2443
Dual needs repair, spl: -9.4666
Dual needs repair, spl: -8.367
Dual needs repair, spl: -8.03023
Dual needs repair, spl: -6.97764
Dual needs repair, spl: -6.49476
Dual needs repair, spl: -5.98867
Dual needs repair, spl: -4.82717
Dual needs repair, spl: -4.76099
Dual needs repair, spl: -4.42669
Dual needs repair, spl: -3.83167
Dual needs repair, spl: -2.77964
Dual needs repair, spl: -2.17193
Dual needs repair, spl: -1.84143
Dual needs repair, spl: -1.74237
Dual needs repair, spl: -1.38306
Dual needs repair, spl: -0.788983
Dual needs repair, spl: -0.426242
Dual needs repair, spl: -0.425713
Dual needs repair, spl: -0.308012
Dual needs repair, spl: -0.0559357
repaired lb: 61755.3
STATS - lpIterations[1] lagIterations[4] sspIterations[235] numSeparations[33] numCuts[0] compileTime[115] sspSolveTime[334] lpSolveTime[0] lb[61755.3] ub[66484] numArcs: [144922517] numFixed: [0] numHeuristicIPs: [0] numHeuristicLNS: [0] numPrimalLNSRepairs: [0] time: [571]
STATS1 - lpIterations[1] lagIterations[4] sspIterations[235] numSeparations[33] numCuts[0] compileTime[115] sspSolveTime[334] lpSolveTime[0] repairTime[99] cutsTime[0] alphaTime[0] decompTime[16] yellowTime[0] updateTime[5] fixTime[0] lb[61755.3] ub[66484] numArcs: [144922517] numFixed: [0] time: [571]
lambda: 0,61.9094,111.26,173.937,244.867,19.1548,70.2972,160.381,202.072,81.8673,138.465,122.25,48.1851,189.32,214.867,150.451,111.62,27.8019,149.741,171.479,241.166,274.662,155.942,196.082,70.9935,174.4,89.5467,48.9701,39.3886,149.204,107.765,113.316,238.321,30.8486,60.7552,27.486,28.7079,111.045,243.68,37.8673,156.641,105.326,97.5449,213.307,222.12,234.325,6.62429,118.531,176.19,81.4374,20.4841,41.7178,32.7632,41.914,27.9237,215.129,96.5075,87.5776,230.872,21.8159,200.148,175.148,38.4655,167.746,60.7552,10.7945,38.1941,351.933,21.4701,55.9795,79.4327,18.0169,191.204,162.148,121.858,40.3346,15.8159,310.031,15.7616,87.8813,62.4421,82.8393,101.877,216.423,48.6056,137.877,214.537,370.184,13.1197,180.592,78.2926,74.1851,230.698,13.629,146.914,234.419,115.395,46.8673,129.297,59.6804,133.241,36.6103,276.129,50.6383,17.615,38.6,193.442,102.886,140.442,291.409,217.946,137.05,217.765,38.1383,182.998,137.176,364.568,132.391,31.0542,280.755,304.55,63.6711,146.666,42.5375,362.142,128.652,60.6287,358.567,226.465,75.0496,174.601,222.316,24.9047,85.3346,134.932,182.288,83.0729,57.5776,151.409,68.6056,111.087,419.064,150.437,149.54,135.601,120.825,358.811,42.4935,23.4109,94.2505,149.185,230.975,78.9748,57.5075,104.4,61.5776,147.718,183.138,310.68,183.342,69.8159,220.979,340.624,115.559,55.0542,38.7926,282.026,342.475,67.7645,196.596,28.2899,288.811,155.026,25.5639,88.3626,261.671,201.367,25.8206,86.9047,27.0169,18.0729,57.5449,107.657,204.587,17.9748,14.9221,172.811,28.7926,182.078,203.522,83.3902,29.0441,67.0402,57.6793,170.254,73.4468,278.629,30.9982,326.849,181.956,62.5905,17.8673,135.335,12.527,227.391,27.358,162.148,180.638,15.7754,160.998,28.7645,65.2038,48.9888,45.6711,447.017,194.671,218.61,192.676,160.293,302.194,114.213,278.793,159.998,56.1944,45.643,129.928,80.7739,20.9896,76.3907,112.521,334.821,41.8206,153.606,183.026,56.3346,87.4655,224.624,104.12,119.596,212.101,66.0823,165.344,275.789,157.643,116.895,91.2084,12.9363,94.7739,99.615,166.483,115.676,243.143,91.5262,167.484,226.955,49.4374,155.372,167.914,88.9013,88.372,27.0636,138.409,124.236,111.503,63.4655,39.3533,69.8019,225.416,239.775,19.5589,326.232,53.9561,91.6844,109.982,172.683,11.4743,185.288,118.016,65.4655,15.5215,106.22,15.8808,248.717,172.736,74.7522,177.061,58.0126,42.5972,65.2698,121.858,126.466,137.306,16.976,145.495,13.5075,144.253,91.7038,146.26,5.81147,172.308,353.708,24.344,140.863,26.2142,323.457,294.437,259.773,127.909,65.9888,115.472,156.353,67.128,215.652,20.358,143.931,360.158,255.849,165.246,314.022,44.3907,187.835,274.998,28.7079,304.166,19.6139,193.559,201.77,18.2271,110.344,29.6524,27.1526,34.8954,234.915,255.522,17.914,21.2692,54.2684,131.463,139.609,145.765,127.34,82.9229,210.504,114.746,220.919,266.855,175.488,301.129,86.1982,100.68,22.0498,14.6937,85.7552,66.0158,209.856,38.7334,105.316,57.5408,122.25,31.5274,175.037,172.531,108.812,44.4818,29.3943,107.982,31.0958,14.6851,154.138,47.5842,131.847,40.617,88.2484,93.2669,67.4,17.1337,122.784,111.297,20.9561,112.97,30.7915,96.8457,23.7926,79.1367,54.8319,14.6337,122.755,237.083,149.518,346.657,70.6851,244.774,78.5902,330.12,2.72249,310.433,335.218,154.313,34.61,211.026,138.887,92.2716,33.9476,94.3066,128.391,48.0075,166.55,2.63587,17.8066,114.283,199.783,260.654,41.7396,66.3954,43.5402,17.4655,34.0065,116.017,18.4754,25.4615,21.0252,48.2038,42.0304,30.4,261.655,80.4703,165.983,216.78,63.1477,31.1145,29.1509,14.3568,165.686,23.3943,77.5028,171.755,146.082,181.947,91.3406,205.704,217.885,112.531,335.989,101.533,48.0589,80.738,269.297,103.573,4.99932,54.0028,84.3346,309.611,41.0381,138.803,44.2412,84.0449,47.888,19.6162,300.747,62.4386,119.746,65.9032,390.176,368.115,374.652,52.629,36.5812,33.2412,263.594,28.4187,65.4655,228.254,94.0753,13.172,51.7879,79.7928,21.8408,110.782,254.69,33.7692,82.9751,215.652,41.6598,90.886,431.595,32.5625,70.4813,291.69,67.0661,37.0916,162.292,
mu: 
combDuals: 
srcDuals: 
fixed dual: 0
separating route arcs: 151 1228577 1663122 12174477 52599796 
separating route locations: 152 457 397 242 397 
separating route arcs: 1 4263672 26278451 37702219 70440307 85467931 
separating route locations: 2 432 288 194 392 288 
separating route arcs: 4 32658 1690814 2179406 21883941 47603828 51135650 88584541 
separating route locations: 5 386 227 458 268 402 304 268 
separating route arcs: 7 4263914 4768288 39162923 
separating route locations: 8 185 127 185 
separating route arcs: 9 11444884 12058717 16108282 55956459 58295210 81078756 98370959 
separating route locations: 10 275 329 299 78 381 284 78 
separating route arcs: 12 12064192 15752516 35384756 40018015 72834165 115344235 122384863 
separating route locations: 13 430 277 366 346 110 422 346 
separating route arcs: 13 4951676 5889367 31769893 59004044 62597354 100074061 
separating route locations: 14 227 458 268 402 304 268 
separating route arcs: 25 8891468 43295195 70501748 
separating route locations: 26 280 486 280 
separating route arcs: 27 288982 10597280 
separating route locations: 28 40 28 
separating route arcs: 34 1076119 1470521 1582469 5421961 5707456 22742937 52270032 
separating route locations: 35 46 407 412 298 372 273 372 
separating route arcs: 35 12382212 42896019 83288480 
separating route locations: 36 322 429 36 
separating route arcs: 39 6746694 10779083 
separating route locations: 40 28 40 
separating route arcs: 45 144871164 48817 1414682 1580400 14145536 30191073 40408380 66208904 84005836 115931929 
separating route locations: 46 407 412 298 296 488 452 372 374 273 452 
separating route arcs: 51 66621 18003536 44336852 
separating route locations: 52 127 92 127 
separating route arcs: 52 330068 2357871 15208567 16154030 58803899 62597630 92020020 
separating route locations: 53 57 8 185 127 52 92 127 
separating route arcs: 53 289781 785351 1552083 2648586 15579295 46596220 93281073 
separating route locations: 54 350 173 330 362 18 106 362 
separating route arcs: 54 5133012 6093181 32205191 59482774 63076084 100552791 
separating route locations: 55 227 458 268 402 304 268 
separating route arcs: 56 872696 10060364 10841217 51171587 81006297 
separating route locations: 57 8 185 127 92 127 
separating route arcs: 64 18610 475743 11806282 
separating route locations: 65 28 40 28 
separating route arcs: 67 158743 777844 5979952 39633687 
separating route locations: 68 336 490 124 490 
separating route arcs: 69 3491602 5283665 7383369 25937149 59408714 106206783 
separating route locations: 70 173 330 362 18 106 362 
separating route arcs: 77 19451 3649604 11921398 50251715 
separating route locations: 78 381 284 299 78 
separating route arcs: 79 468754 3395865 4082174 20787616 23734778 
separating route locations: 80 386 227 268 402 268 
separating route arcs: 80 1979294 6027628 14600676 43381468 
separating route locations: 81 288 392 194 288 
separating route arcs: 83 290019 1183645 11231268 12056563 53063043 56852870 86275260 
separating route locations: 84 99 8 185 127 52 92 127 
separating route arcs: 85 14382935 18329746 22151762 52732208 59694730 
separating route locations: 86 430 366 346 422 346 
separating route arcs: 98 290418 7231201 7879678 46019221 49724136 79094310 
separating route locations: 99 8 185 127 52 92 127 
separating route arcs: 100 219976 12103633 35338382 38679360 
separating route locations: 101 458 268 402 268 
separating route arcs: 104 630539 8698998 26771905 27411975 
separating route locations: 105 348 341 275 341 
separating route arcs: 109 12064410 41989801 48752748 81930035 
separating route locations: 110 159 422 346 110 
separating route arcs: 121 8127285 22786436 30299848 58035393 73967329 
separating route locations: 122 443 287 295 445 443 
separating route arcs: 125 220453 8670075 21641456 34158615 80349604 122046868 
separating route locations: 126 446 257 134 484 464 446 
separating route arcs: 126 15437131 41129209 
separating route locations: 127 92 127 
separating route arcs: 131 1005228 1380569 1488121 5229388 5510974 22352535 51797158 
separating route locations: 132 46 407 412 298 372 273 372 
separating route arcs: 148 1005770 2507946 15568222 16519544 59282629 63076360 92498750 
separating route locations: 149 99 8 185 127 52 92 127 
separating route arcs: 149 8376115 12960537 40646445 
separating route locations: 150 28 40 28 
separating route arcs: 152 1980874 9282127 24368540 32034696 59950156 
separating route locations: 153 401 443 287 295 287 
separating route arcs: 158 7888768 12005251 48389863 
separating route locations: 159 422 110 422 
separating route arcs: 159 574466 8691999 9421559 48818889 52553572 81966690 
separating route locations: 160 8 185 127 52 92 127 
separating route arcs: 172 132336 546466 8188458 35710844 81791553 
separating route locations: 173 330 362 18 106 362 
separating route arcs: 175 11753253 21308466 34153931 66612806 
separating route locations: 176 288 392 194 288 
separating route arcs: 178 292277 4142473 15257047 22116048 48529601 64392574 
separating route locations: 179 401 443 287 295 445 287 
separating route arcs: 184 4039 16163727 19096138 45261616 
separating route locations: 185 127 52 92 127 
separating route arcs: 193 6967966 16394152 26474362 49982412 83842692 
separating route locations: 194 392 288 290 432 288 
separating route arcs: 198 9158060 35292085 42262984 
separating route locations: 199 40 28 40 
separating route arcs: 201 15797285 24459465 48560761 72925681 73635205 114882520 
separating route locations: 202 105 348 341 275 10 341 
separating route arcs: 202 11473 72331 10290124 32715858 36019260 
separating route locations: 203 227 458 268 402 268 
separating route arcs: 207 12383344 46088983 56306783 84378762 
separating route locations: 208 476 431 148 476 
separating route arcs: 208 7194301 21231660 28593941 43093391 
separating route locations: 209 443 287 445 443 
separating route arcs: 211 1229518 2169573 9556287 24767238 32470143 47256877 76229419 
separating route locations: 212 420 401 443 287 445 295 287 
separating route arcs: 212 374999 7693056 8369863 46948417 76697653 80308684 
separating route locations: 213 8 185 127 92 52 92 
separating route arcs: 215 3492664 12230566 23236127 62220899 109551927 
separating route locations: 216 257 134 464 484 257 
separating route arcs: 223 253826 1110401 2629662 15931296 16885546 59761359 63555090 92977480 
separating route locations: 224 84 99 8 185 127 52 92 127 
separating route arcs: 226 20506 9442719 31409964 34701166 
separating route locations: 227 458 268 402 268 
separating route arcs: 228 938328 2159351 17370452 32814131 78912108 93611684 
separating route locations: 229 126 446 257 484 134 257 
separating route arcs: 241 14729854 36684647 
separating route locations: 242 397 242 
separating route arcs: 248 5321928 16002759 53122570 95243325 
separating route locations: 249 477 306 468 306 
separating route arcs: 249 144872597 28850501 47219909 58214112 
separating route locations: 250 372 488 452 372 
separating route arcs: 250 144874162 55012443 99523505 
separating route locations: 251 471 332 251 
separating route arcs: 257 1153227 10648815 50242260 
separating route locations: 258 397 242 397 
separating route arcs: 258 3349066 7570042 10224244 30565851 64674744 111472813 
separating route locations: 259 369 330 362 18 106 362 
separating route arcs: 261 8127994 11101897 14337436 36242781 70898234 117696303 
separating route locations: 262 173 330 362 18 106 362 
separating route arcs: 267 4774914 6295862 33934653 
separating route locations: 268 402 304 268 
separating route arcs: 271 1312632 12805551 43355483 47375080 86171062 127718249 
separating route locations: 272 426 440 191 282 468 191 
separating route arcs: 272 6321753 40538521 42764056 65280460 
separating route locations: 273 299 78 381 78 
separating route arcs: 273 5322417 16002932 26468517 66047119 105320262 139886641 141525301 
separating route locations: 274 477 480 306 282 468 191 480 
separating route arcs: 274 1306 221774 18017213 19861132 39840424 
separating route locations: 275 329 299 78 381 78 
separating route arcs: 276 3209262 4918567 27107702 33360184 
separating route locations: 277 366 346 422 346 
separating route arcs: 279 11753752 12377378 33606357 64707740 
separating route locations: 280 298 372 273 372 
separating route arcs: 280 1980999 27030878 61318585 101958950 
separating route locations: 281 36 322 429 36 
separating route arcs: 281 9984369 50231158 65358012 
separating route locations: 282 451 41 451 
separating route arcs: 282 9984808 24383842 43046826 51557710 80535701 
separating route locations: 283 401 443 287 295 443 
separating route arcs: 283 1679231 10668201 12043545 50254363 
separating route locations: 284 381 78 299 284 
separating route arcs: 284 8633582 35285999 59993634 72566748 87381781 120709296 
separating route locations: 285 432 290 288 392 194 288 
separating route arcs: 285 2086476 6651677 6964452 27562144 45824711 56777922 82964354 114975367 
separating route locations: 286 412 298 296 488 452 372 273 372 
separating route arcs: 286 144875940 9211107 
separating route locations: 287 295 287 
separating route arcs: 287 873568 4500123 
separating route locations: 288 392 288 
separating route arcs: 289 3791355 9331234 35730079 
separating route locations: 290 288 194 288 
separating route arcs: 291 12192 73635 105026 5345161 40075710 
separating route locations: 292 457 294 397 242 397 
separating route arcs: 292 4775398 20807491 64081508 
separating route locations: 293 397 242 397 
separating route arcs: 293 1863 4104628 36945664 
separating route locations: 294 397 242 397 
separating route arcs: 294 144879024 13901977 20569227 38513444 
separating route locations: 295 445 287 443 445 
separating route arcs: 295 5135682 10755961 31432310 62315067 
separating route locations: 296 452 372 273 372 
separating route arcs: 297 144880906 1879162 25407298 67924709 70263363 87359494 110285474 
separating route locations: 298 374 368 299 78 284 381 78 
separating route arcs: 298 13365664 15054318 34074190 
separating route locations: 299 78 381 78 
separating route arcs: 300 331828 847442 1647898 2776657 15942369 47062262 93759803 
separating route locations: 301 350 173 330 362 18 106 362 
separating route arcs: 301 5515931 18189940 25282696 52299748 
separating route locations: 302 443 287 295 287 
separating route arcs: 302 144882251 16221246 38905751 49651255 69143811 
separating route locations: 303 250 372 452 488 372 
separating route arcs: 303 9159266 30975056 
separating route locations: 304 268 304 
separating route arcs: 305 11446544 47462533 86655006 
separating route locations: 306 468 282 306 
separating route arcs: 306 5516154 36535678 48699056 63445281 96772796 
separating route locations: 307 176 288 392 194 288 
separating route arcs: 308 144883230 41055686 67163511 78322626 110188069 127522269 
separating route locations: 309 250 372 452 273 374 372 
separating route arcs: 313 3792035 9604041 43760065 82819952 124770360 128438324 144338654 
separating route locations: 314 480 306 282 468 191 440 191 
separating route arcs: 314 11446984 13007715 
separating route locations: 315 419 315 
separating route arcs: 315 5911690 33496913 60918866 
separating route locations: 316 304 268 304 
separating route arcs: 316 5136116 21578535 65038968 
separating route locations: 317 397 242 397 
separating route arcs: 317 8378461 9683739 23980767 63176058 77811865 124719517 
separating route locations: 318 419 360 464 134 484 464 
separating route arcs: 325 12706280 28071676 47210460 55845445 71571571 
separating route locations: 326 401 443 287 445 287 
separating route arcs: 328 189018 17645355 19480978 39389243 
separating route locations: 329 299 78 381 299 
separating route arcs: 331 144885403 51677925 
separating route locations: 332 471 332 
separating route arcs: 335 220986 3977431 34754153 
separating route locations: 336 490 124 490 
separating route arcs: 339 4101910 9336801 48357106 75293948 103526408 
separating route locations: 340 459 387 400 293 387 
separating route arcs: 340 3493715 5667315 38734583 55763314 78689294 80801300 
separating route locations: 341 329 299 284 381 78 299 
separating route arcs: 341 8634079 37031951 40933452 79468842 121571748 
separating route locations: 342 440 191 282 468 191 
separating route arcs: 344 12706630 29748178 40857795 
separating route locations: 345 261 190 345 
separating route arcs: 345 6968174 40104567 46883026 81917334 
separating route locations: 346 110 422 159 110 
separating route arcs: 347 4102282 18162565 18747003 
separating route locations: 348 341 275 341 
separating route arcs: 349 108525 3966393 5873144 23137479 56057604 102855673 
separating route locations: 350 475 330 362 18 106 362 
separating route arcs: 350 33454 98990 205312 11787946 34899082 71827525 
separating route locations: 351 203 227 458 268 304 268 
separating route arcs: 355 3638963 13204311 29752182 37736663 52905649 
separating route locations: 356 401 443 287 445 443 
separating route arcs: 356 144887434 4208370 5876864 8088083 10805299 31433031 65632204 112430273 
separating route locations: 357 54 350 173 330 362 18 106 362 
separating route arcs: 357 6968953 19714634 37618290 45933486 74790786 
separating route locations: 358 401 443 287 295 287 
separating route arcs: 358 159678 280601 454977 516677 7703377 45103108 
separating route locations: 359 292 457 294 397 242 397 
separating route arcs: 359 2198472 26631391 72210218 
separating route locations: 360 464 484 464 
separating route arcs: 362 144889812 2993153 29143608 69870611 109155316 
separating route locations: 363 480 306 468 282 306 
separating route arcs: 364 2313688 14174707 34500886 63295470 99142072 
separating route locations: 365 314 338 274 354 338 
separating route arcs: 367 11447354 49781281 52086848 74855060 
separating route locations: 368 299 78 381 78 
separating route arcs: 369 1313642 18823677 43892084 47378522 84754701 
separating route locations: 370 458 268 402 304 268 
separating route arcs: 371 4103192 24272938 34188693 
separating route locations: 372 273 452 273 
separating route arcs: 372 2198927 3607651 5285149 27943162 34233220 
separating route locations: 373 430 366 346 422 346 
separating route arcs: 373 1777968 25005184 67445979 69784633 86880764 109806744 
separating route locations: 374 368 299 78 284 381 78 
separating route arcs: 375 12066206 27645164 37711680 63336524 81133456 113059549 
separating route locations: 376 488 452 372 374 273 452 
separating route arcs: 376 3072946 4741161 6710366 30928760 37313002 
separating route locations: 377 430 366 346 422 346 
separating route arcs: 382 469962 1363009 14478087 29350918 42652781 89445474 130069091 
separating route locations: 383 126 446 257 134 484 464 446 
separating route arcs: 385 1229815 1661715 19959747 45278010 48782992 86190891 
separating route locations: 386 227 458 268 402 304 268 
separating route arcs: 387 3792303 10437856 30568518 75573484 119634210 
separating route locations: 388 258 397 242 411 388 
separating route arcs: 388 12066665 42890487 70972196 108689735 
separating route locations: 389 458 268 304 268 
separating route arcs: 389 6747670 34812298 61406366 103384384 
separating route locations: 390 26 486 280 26 
separating route arcs: 391 1230514 5997907 9375407 28437922 41741597 67170140 113393140 
separating route locations: 392 438 482 388 258 397 242 397 
separating route arcs: 394 9705141 31845262 35139916 71828991 
separating route locations: 395 268 402 304 268 
separating route arcs: 396 3944302 36504510 
separating route locations: 397 242 397 
separating route arcs: 397 144892638 10068451 17901126 46165617 63896833 
separating route locations: 398 372 452 273 374 372 
separating route arcs: 398 15083190 19082158 39383934 44122601 77143046 84109724 126059522 
separating route locations: 399 430 277 366 346 422 110 366 
separating route arcs: 399 4266572 19660685 62645318 
separating route locations: 400 397 242 397 
separating route arcs: 400 144893687 10389367 16446922 41591675 57211779 
separating route locations: 401 443 287 295 445 443 
separating route arcs: 401 68266 11164383 34024585 
separating route locations: 402 304 268 304 
separating route arcs: 402 6115059 23924945 46244169 46939871 
separating route locations: 403 348 341 275 341 
separating route arcs: 403 4601397 15272349 32351770 40433363 55773637 
separating route locations: 404 401 443 287 445 443 
separating route arcs: 405 9431147 36607021 61429824 74002938 88817971 122129100 
separating route locations: 406 432 290 288 392 194 288 
separating route arcs: 406 144896581 1080773 1225676 7280346 13942125 35801394 67102367 
separating route locations: 407 412 298 488 452 372 273 372 
separating route arcs: 410 13034124 51204420 63475143 84449463 
separating route locations: 411 345 190 261 345 
separating route arcs: 411 144897936 1148314 10644448 36622244 
separating route locations: 412 298 372 273 372 
separating route arcs: 412 1399627 7747566 22006120 29442089 44012639 72878309 
separating route locations: 413 401 443 287 445 295 287 
separating route arcs: 417 144899595 144900084 144900493 3857855 4098403 19277731 34566834 65665200 
separating route locations: 418 46 407 412 298 372 374 273 372 
separating route arcs: 418 21001 12720544 54496878 69196661 
separating route locations: 419 464 484 134 464 
separating route arcs: 419 144901945 3231832 13189009 19805356 45729776 
separating route locations: 420 401 443 287 295 287 
separating route arcs: 421 255066 10596695 
separating route locations: 422 346 422 
separating route arcs: 423 13034707 43815670 47842586 86649792 128120657 
separating route locations: 424 440 191 282 468 191 
separating route arcs: 425 4775930 29189755 32951688 70851702 112958661 
separating route locations: 426 440 191 282 468 191 
separating route arcs: 429 134329 546940 12442932 17568426 
separating route locations: 430 366 346 422 346 
separating route arcs: 431 7195616 25133200 36376026 50555289 
separating route locations: 432 290 288 392 288 
separating route arcs: 432 2314347 14516414 36681453 69008813 116252401 
separating route locations: 433 485 466 465 200 466 
separating route arcs: 433 4266718 7364793 9667426 12659798 16115184 38462215 73291884 120089953 
separating route locations: 434 54 350 173 330 362 18 106 362 
separating route arcs: 435 6534003 9118813 12020631 39737377 81832873 117337805 124208669 
separating route locations: 436 430 366 346 110 159 422 346 
separating route arcs: 437 1489658 3166636 9046039 28433020 73179820 
separating route locations: 438 482 258 397 242 397 
separating route arcs: 439 8129968 10521779 42858440 84713591 
separating route locations: 440 191 282 468 191 
separating route arcs: 442 144905942 144906384 13901496 38429755 
separating route locations: 443 287 445 295 287 
separating route arcs: 443 471244 1123867 2055130 19222070 24900176 
separating route locations: 444 430 366 346 422 346 
separating route arcs: 444 144907696 11246033 20538398 33280989 
separating route locations: 445 290 288 392 288 
separating route arcs: 445 5712228 16732638 28538761 68442925 115775624 
separating route locations: 446 257 134 464 484 464 
separating route arcs: 446 6748483 9123505 12019147 15390991 37569171 72334424 119132493 
separating route locations: 447 350 173 330 362 18 106 362 
separating route arcs: 447 144909761 2566544 11580780 17920690 43420219 59126699 
separating route locations: 448 401 443 287 295 445 443 
separating route arcs: 450 15438058 27690592 
separating route locations: 451 41 451 
separating route arcs: 451 690600 12451606 51193559 53508789 70603944 93529924 
separating route locations: 452 273 299 78 284 381 78 
separating route arcs: 452 144911804 144912272 60757226 68304043 112449255 
separating route locations: 453 291 471 355 332 291 
separating route arcs: 456 21810 47336 4788445 38724920 
separating route locations: 457 294 397 242 397 
separating route arcs: 457 8379289 29682924 32955130 69435341 
separating route locations: 458 268 402 304 268 
separating route arcs: 458 749881 8966711 47425022 
separating route locations: 459 397 242 397 
separating route arcs: 459 1314099 3577792 26256488 66049698 68352385 
separating route locations: 460 425 318 315 419 315 
separating route arcs: 460 144913068 2623741 11582402 23615757 
separating route locations: 461 287 443 445 443 
separating route arcs: 463 11448027 52591072 
separating route locations: 464 484 464 
separating route arcs: 466 631934 745902 1643469 26606545 28650056 50005241 
separating route locations: 467 275 329 299 78 381 299 
separating route arcs: 470 144915067 51667688 59208173 
separating route locations: 471 332 355 332 
separating route arcs: 474 2681144 4231318 6076470 23531297 56536334 103334403 
separating route locations: 475 173 330 362 18 106 362 
separating route arcs: 481 255597 6363270 14957111 36686602 82275690 
separating route locations: 482 388 258 397 242 397 
separating route arcs: 482 3073896 11907859 28054910 35969607 51013997 
separating route locations: 483 401 443 287 445 287 
separating route arcs: 484 3945504 19278801 48962665 96145741 
separating route locations: 485 466 465 200 466 
separating route arcs: 485 4431310 11036396 11440999 34891938 53821601 64916332 91102764 123061846 
separating route locations: 486 412 298 296 488 452 372 273 372 
separating route arcs: 487 2199316 3904287 34316005 36466388 58578446 75870649 
separating route locations: 488 329 299 78 381 284 78 
separating route arcs: 489 2199600 29118703 
separating route locations: 490 124 490 
STATS - lpIterations[1] lagIterations[4] sspIterations[235] numSeparations[213] numCuts[0] compileTime[115] sspSolveTime[334] lpSolveTime[0] lb[61755.3] ub[66484] numArcs: [145324113] numFixed: [0] numHeuristicIPs: [0] numHeuristicLNS: [0] numPrimalLNSRepairs: [0] time: [571]
STATS1 - lpIterations[1] lagIterations[4] sspIterations[235] numSeparations[213] numCuts[0] compileTime[115] sspSolveTime[334] lpSolveTime[0] repairTime[99] cutsTime[0] alphaTime[0] decompTime[16] yellowTime[0] updateTime[5] fixTime[0] lb[61755.3] ub[66484] numArcs: [145324113] numFixed: [0] time: [571]
creating solution
Lagrangean bound solution value: 60753.5
STATS - lpIterations[1] lagIterations[5] sspIterations[366] numSeparations[213] numCuts[0] compileTime[115] sspSolveTime[480] lpSolveTime[0] lb[61755.3] ub[66484] numArcs: [145323192] numFixed: [0] numHeuristicIPs: [0] numHeuristicLNS: [0] numPrimalLNSRepairs: [0] time: [718]
STATS1 - lpIterations[1] lagIterations[5] sspIterations[366] numSeparations[213] numCuts[0] compileTime[115] sspSolveTime[480] lpSolveTime[0] repairTime[99] cutsTime[0] alphaTime[0] decompTime[16] yellowTime[0] updateTime[5] fixTime[0] lb[61755.3] ub[66484] numArcs: [145323192] numFixed: [0] time: [718]
lambda: 0,61.9788,111.26,174.007,244.937,20.5,70.3667,160.451,204.092,81.9368,139.225,122.32,48.2546,189.451,214.867,150.521,111.689,27.8714,150.733,171.549,241.236,274.731,156.012,196.152,71.063,174.47,89.5561,49.0396,41.6093,149.273,107.834,113.385,238.321,30.9181,60.8246,27.5648,31.8552,111.114,243.75,37.9368,159.001,105.716,97.6144,213.376,222.189,234.395,10.6974,118.6,176.259,81.5069,20.5536,41.7873,35.2006,41.914,28.9156,215.129,96.577,87.4387,230.941,21.8854,200.217,175.217,38.5349,167.815,60.8246,14.1193,40.0714,352.002,21.4701,56.0489,79.3633,18.0863,191.273,162.217,121.927,40.4041,15.8854,310.1,16.1716,87.9508,62.4421,82.8393,101.946,216.493,48.4667,137.946,214.56,372.321,13.1891,180.661,78.362,74.2546,232.857,13.6985,146.984,234.488,115.465,46.9368,129.367,59.333,133.311,36.6103,276.198,50.7078,17.6845,39.4427,194.434,102.955,140.512,291.479,219.601,137.119,217.834,38.2078,183.068,137.245,364.638,132.46,31.1237,280.825,304.619,63.7405,146.666,43.2271,363.932,128.722,62.1586,359.823,226.535,75.119,174.67,222.385,24.9047,85.4041,136.579,182.357,83.1424,57.6471,151.479,68.6751,111.156,419.133,150.507,149.61,135.67,120.895,358.881,42.563,23.7178,94.2505,149.116,231.044,78.9748,57.5075,104.47,61.6471,147.787,183.208,310.75,185.73,69.677,221.049,340.694,115.628,55.1237,38.862,282.096,342.544,67.834,196.666,28.9795,288.881,155.096,26.0695,88.4321,261.741,201.359,25.8901,86.9742,26.8084,18.1424,57.6144,107.727,204.656,18.0443,16.5953,172.881,28.862,182.147,203.591,83.6296,32.1772,67.1097,58.7932,173.426,73.5162,278.698,31.0676,326.918,181.817,63.5654,17.9368,135.335,17.096,227.46,27.4274,162.217,180.708,16.0128,160.998,28.834,65.2732,48.9888,45.6711,447.086,194.741,218.61,192.745,160.362,302.264,114.283,278.862,160.068,56.2639,45.643,129.998,80.8433,24.7249,76.4602,114.468,334.89,41.8901,153.675,183.096,56.4041,87.5349,224.694,104.189,119.666,212.17,66.1517,165.413,277.635,157.712,116.965,91.2779,14.0502,94.8433,99.6845,166.413,115.537,245.252,91.5957,167.554,227.477,49.5069,155.441,169.722,91.581,88.372,27.1331,138.648,124.236,111.572,63.5349,39.4228,69.8714,225.485,241.773,19.6284,326.301,54.0256,92.0929,111.712,173.07,11.4701,185.357,120.157,65.5349,15.591,106.229,19.0975,251.85,172.736,76.6907,177.919,58.1383,45.0602,67.4248,121.927,130.497,137.167,17.5408,146.06,13.2991,146.968,91.2869,146.329,9.41081,172.718,353.778,24.2745,140.863,26.2142,326.845,294.507,262.863,127.909,66.0583,115.472,156.423,67.5801,215.722,20.4274,144.318,361.534,255.849,165.176,315.398,44.4602,187.904,275.068,31.9941,304.236,20.205,193.628,202.399,18.2966,110.413,29.305,27.3803,34.9648,236.538,255.591,17.9835,21.3387,56.2664,131.463,139.995,145.834,127.975,82.7797,211.052,114.815,220.988,268.093,176.448,301.198,86.9019,100.75,22.6944,16.7611,85.8246,70.0087,210.312,38.386,105.316,57.5408,122.25,32.0922,177.318,172.461,109.039,44.4818,30.5081,108.508,32.1252,14.7546,153.999,48.0449,133.284,41.3066,89.284,93.8545,66.9137,17.2031,122.909,111.297,21.0256,113.04,31.1047,98.0894,23.862,80.5041,55.5215,14.7031,122.74,237.648,150.271,346.657,70.6851,244.843,81.0679,330.189,2.79196,310.433,335.287,155.325,34.61,211.157,139.452,94.7784,37.8913,94.3066,128.391,48.077,166.55,7.9475,17.876,114.353,199.853,261.962,43.8174,66.3954,43.6097,17.5349,34.5281,116.086,18.128,26.4209,22.3115,48.2732,43.4071,30.4695,262.133,81.9633,166.322,216.849,63.2172,34.4007,31.1187,15.2838,169.786,24.3692,77.5028,171.686,146.082,182.016,94.3676,205.774,220.627,112.6,336.058,101.886,47.781,82.2685,270.827,103.573,8.36701,54.0723,84.4041,309.862,42.5601,138.803,44.3106,84.1144,48.5776,20.0421,304.273,62.934,119.746,67.8741,390.245,368.184,375.951,52.5595,37.4172,33.2412,266.858,28.4882,65.5349,230.155,94.1447,14.9059,51.8574,80.9237,22.0782,114.289,254.759,33.8387,85.9339,215.652,45.5087,90.886,433.103,33.3985,70.5601,291.759,70.047,37.1611,163.942,
mu: 
combDuals: 
srcDuals: 
fixed dual: 0
new best dual, value: 60753.5
added route to primal routes: 0,5,458,402,268,227,0,
added route to primal routes: 0,8,185,127,92,52,0,
added route to primal routes: 0,28,199,40,0,
added route to primal routes: 0,32,332,471,0,
added route to primal routes: 0,35,46,26,486,280,390,407,0,
added route to primal routes: 0,40,199,0,
added route to primal routes: 0,46,412,298,372,374,273,452,488,296,0,
added route to primal routes: 0,57,52,92,127,185,8,0,
added route to primal routes: 0,66,229,126,446,257,134,484,464,360,425,0,
added route to primal routes: 0,336,490,87,124,68,0,
added route to primal routes: 0,86,430,277,366,346,422,0,
added route to primal routes: 0,105,348,275,10,341,0,
added route to primal routes: 0,132,46,26,280,486,0,
added route to primal routes: 0,150,28,199,40,0,
added route to primal routes: 0,176,288,392,290,432,0,
added route to primal routes: 0,179,432,290,392,194,288,0,
added route to primal routes: 0,288,194,392,432,0,
added route to primal routes: 0,203,336,490,124,0,
added route to primal routes: 0,227,268,304,0,
added route to primal routes: 0,251,471,355,332,0,
added route to primal routes: 0,258,242,190,261,345,411,482,438,0,
added route to primal routes: 0,268,304,402,0,
added route to primal routes: 0,272,440,191,282,468,0,
added route to primal routes: 0,274,477,306,468,0,
added route to primal routes: 0,277,366,346,422,110,0,
added route to primal routes: 0,282,41,324,451,0,
added route to primal routes: 0,283,302,443,287,401,326,0,
added route to primal routes: 0,285,432,290,194,392,288,0,
added route to primal routes: 0,286,296,488,452,273,372,0,
added route to primal routes: 0,287,251,471,332,0,
added route to primal routes: 0,288,194,392,0,
added route to primal routes: 0,290,194,392,288,0,
added route to primal routes: 0,461,251,291,471,332,287,443,0,
added route to primal routes: 0,292,457,294,397,242,258,0,
added route to primal routes: 0,295,332,471,291,251,461,0,
added route to primal routes: 0,296,488,452,273,372,0,
added route to primal routes: 0,298,284,381,78,299,452,0,
added route to primal routes: 0,301,349,447,54,434,357,0,
added route to primal routes: 0,302,326,401,443,287,295,445,285,0,
added route to primal routes: 0,314,338,354,274,249,272,332,0,
added route to primal routes: 0,318,419,315,0,
added route to primal routes: 0,316,304,402,268,458,0,
added route to primal routes: 0,317,258,242,397,0,
added route to primal routes: 0,318,419,247,464,484,134,446,126,229,66,0,
added route to primal routes: 0,326,401,443,287,295,0,
added route to primal routes: 0,329,299,78,284,0,
added route to primal routes: 0,336,124,490,0,
added route to primal routes: 0,341,10,275,0,
added route to primal routes: 0,336,490,124,351,0,
added route to primal routes: 0,356,432,290,392,194,288,0,
added route to primal routes: 0,357,434,54,350,70,0,
added route to primal routes: 0,359,459,387,293,400,194,392,288,290,0,
added route to primal routes: 0,360,419,315,0,
added route to primal routes: 0,373,430,366,346,422,110,0,
added route to primal routes: 0,377,277,366,110,346,422,159,0,
added route to primal routes: 0,383,360,464,484,134,257,446,126,229,66,0,
added route to primal routes: 0,386,458,304,402,268,227,0,
added route to primal routes: 0,388,411,345,0,
added route to primal routes: 0,389,458,402,268,0,
added route to primal routes: 0,392,438,482,388,242,397,0,
added route to primal routes: 0,395,458,402,268,0,
added route to primal routes: 0,401,445,295,290,392,194,288,0,
added route to primal routes: 0,404,432,290,392,194,288,0,
added route to primal routes: 0,406,432,290,194,392,288,0,
added route to primal routes: 0,407,412,298,372,273,452,488,296,0,
added route to primal routes: 0,412,298,372,374,273,452,488,296,0,
added route to primal routes: 0,413,432,290,392,288,0,
added route to primal routes: 0,418,46,26,486,280,390,407,0,
added route to primal routes: 0,420,176,288,392,290,432,0,
added route to primal routes: 0,430,277,366,346,110,422,159,0,
added route to primal routes: 0,432,290,392,194,288,0,
added route to primal routes: 0,438,482,242,397,0,
added route to primal routes: 0,443,287,295,290,392,194,288,0,
added route to primal routes: 0,444,110,422,346,366,430,0,
added route to primal routes: 0,445,295,290,392,194,288,0,
added route to primal routes: 0,448,432,290,392,288,0,
added route to primal routes: 0,452,299,78,381,284,0,
added route to primal routes: 0,458,304,402,268,0,
added route to primal routes: 0,459,387,293,400,0,
added route to primal routes: 0,460,66,229,126,257,484,134,446,0,
added route to primal routes: 0,461,251,471,332,0,
added route to primal routes: 0,467,403,348,275,10,341,0,
added route to primal routes: 0,471,355,272,353,361,332,0,
added route to primal routes: 0,482,388,411,242,397,258,0,
added route to primal routes: 0,466,200,465,485,0,
added route to primal routes: 0,490,87,124,0,
best alpha: 0.055
alpha: 0.261623
psiStar: 63646.5
lagLB: 60753.5
||gamma||^2: 11058
Dual needs repair, spl: -31.2265
Dual needs repair, spl: -29.2882
Dual needs repair, spl: -24.1534
Dual needs repair, spl: -23.607
Dual needs repair, spl: -22.5102
Dual needs repair, spl: -19.3001
Dual needs repair, spl: -19.2536
Dual needs repair, spl: -18.4263
Dual needs repair, spl: -16.8005
Dual needs repair, spl: -15.8243
Dual needs repair, spl: -15.406
Dual needs repair, spl: -14.4319
Dual needs repair, spl: -13.7714
Dual needs repair, spl: -12.1563
Dual needs repair, spl: -11.8035
Dual needs repair, spl: -9.71301
Dual needs repair, spl: -9.6131
Dual needs repair, spl: -8.00766
Dual needs repair, spl: -4.80112
Dual needs repair, spl: -4.18141
Dual needs repair, spl: -4.1122
Dual needs repair, spl: -3.86661
Dual needs repair, spl: -3.37153
Dual needs repair, spl: -3.06747
Dual needs repair, spl: -2.56055
Dual needs repair, spl: -1.93334
Dual needs repair, spl: -1.57278
Dual needs repair, spl: -1.50364
Dual needs repair, spl: -1.49778
Dual needs repair, spl: -1.4374
Dual needs repair, spl: -0.998217
Dual needs repair, spl: -0.550265
Dual needs repair, spl: -0.332714
Dual needs repair, spl: -0.286659
Dual needs repair, spl: -0.0162765
repaired lb: 61777.1
STATS - lpIterations[1] lagIterations[5] sspIterations[366] numSeparations[213] numCuts[0] compileTime[115] sspSolveTime[480] lpSolveTime[0] lb[61777.1] ub[66484] numArcs: [145323192] numFixed: [0] numHeuristicIPs: [0] numHeuristicLNS: [0] numPrimalLNSRepairs: [0] time: [794]
STATS1 - lpIterations[1] lagIterations[5] sspIterations[366] numSeparations[213] numCuts[0] compileTime[115] sspSolveTime[480] lpSolveTime[0] repairTime[170] cutsTime[0] alphaTime[0] decompTime[20] yellowTime[0] updateTime[7] fixTime[0] lb[61777.1] ub[66484] numArcs: [145323192] numFixed: [0] time: [794]
lambda: 0,61.9788,111.26,174.007,244.937,19.2913,70.3667,160.451,202.38,81.9368,139.049,122.32,48.2546,189.212,214.867,150.521,111.689,27.8714,150.05,171.549,241.236,274.731,156.012,196.152,71.063,174.47,89.1336,49.0396,39.1686,149.273,107.834,113.385,238.279,30.9181,60.8246,27.1423,28.6385,111.114,243.75,37.9368,156.56,105.336,97.6144,213.376,222.189,234.395,7.91991,118.6,176.259,81.5069,20.5536,41.7873,33.4888,41.914,28.2319,215.129,96.577,87.4387,230.941,21.8854,200.217,175.217,38.5349,167.815,60.8246,11.4391,38.3962,352.002,21.4701,56.0489,79.3633,18.0863,191.273,162.217,121.927,40.4041,15.8854,310.1,14.9543,87.9508,62.4421,82.8393,101.946,216.493,48.4667,137.946,214.321,370.454,13.1891,180.661,78.362,74.2546,231.146,13.6985,146.984,234.488,115.465,46.9368,129.367,59.333,133.311,36.6103,276.198,50.7078,17.6845,39.4427,193.751,102.955,140.512,291.479,218.158,137.119,217.834,38.2078,183.068,137.245,364.638,132.46,31.1237,280.825,304.619,63.7405,146.666,42.5413,362.065,128.722,60.4835,358.112,226.535,75.119,174.67,222.385,24.9047,85.4041,134.842,182.357,83.1424,57.6471,151.479,68.6751,111.156,419.133,150.507,149.61,135.67,120.895,358.881,42.563,23.4682,94.2505,149.116,231.044,78.9748,57.5075,104.47,61.6471,147.787,183.208,310.75,184.286,69.677,221.049,340.694,115.628,55.1237,38.862,282.096,342.544,67.834,196.666,28.2936,288.881,155.096,25.3858,88.4321,261.741,198.675,25.8901,86.9742,26.8084,18.1424,57.6144,107.727,204.656,18.0443,14.8835,172.881,28.862,182.147,203.591,82.3181,28.8462,67.1097,57.7922,173.06,73.5162,278.698,31.0676,326.918,181.817,62.5645,17.9368,135.335,13.1096,227.46,27.4274,162.217,180.708,15.7632,160.998,28.834,65.2732,48.9888,45.6711,447.086,194.741,218.61,192.745,160.362,302.264,114.283,278.862,160.068,56.2639,45.643,129.998,80.8433,21.8861,76.4602,112.793,334.89,41.8901,153.675,183.096,56.4041,87.5349,224.694,104.189,119.666,212.17,66.1517,165.413,275.496,157.712,116.965,91.2779,13.0492,94.8433,99.6845,166.413,115.537,243.65,91.5957,167.554,227.097,49.5069,155.441,168.046,89.4417,88.372,27.1331,137.337,124.236,111.572,63.5349,39.4228,69.8714,225.485,238.934,19.6284,326.301,54.0256,91.6131,110.105,172.649,11.2943,185.357,118.714,65.5349,15.591,105.806,15.8808,248.519,172.736,75.4734,177.451,57.9626,41.8386,64.7388,121.927,127.445,137.167,17.167,145.686,13.2991,145.349,89.6791,146.329,6.58568,171.501,353.778,24.2745,140.863,26.2142,324.006,294.507,259.912,127.909,66.0583,115.472,156.423,67.2,215.722,20.4274,143.896,360.236,255.849,165.176,314.1,44.4602,187.904,275.068,28.7774,304.236,19.8249,193.628,200.88,18.2966,110.413,29.305,26.6966,34.9648,234.895,255.591,17.9835,21.3387,54.3997,131.463,139.574,145.834,127.601,82.604,210.614,114.815,220.988,266.782,175.005,301.198,86.9019,100.75,22.0107,14.8944,85.8246,67.0163,209.891,38.386,105.316,57.5408,122.25,31.7184,175.431,172.42,108.356,44.4818,29.5072,108.087,30.682,14.7546,153.999,47.9325,132.136,40.6207,87.6762,93.1935,66.9137,17.2031,122.734,111.297,21.0256,113.04,30.7246,96.8721,23.862,79.3565,54.8357,14.7031,119.901,237.274,148.959,346.657,70.2984,244.843,78.0184,330.189,2.79196,310.433,335.287,153.186,34.61,210.917,139.078,93.1591,35.0525,94.3066,128.291,48.077,166.55,4.05201,17.876,114.353,199.853,260.651,42.2095,66.3954,43.6097,17.5349,34.1479,116.086,17.7414,25.1229,19.254,48.2732,41.964,30.4695,261.695,80.6041,165.884,216.849,63.2172,31.184,29.2953,14.3483,166.734,23.3682,77.5028,171.686,146.082,182.016,92.2283,205.774,217.677,112.6,336.058,100.267,47.781,82.1271,269.152,103.573,6.95569,54.0723,84.4041,309.482,40.9522,138.803,44.3106,84.1144,47.8917,19.6682,301.435,62.5601,119.746,66.2303,390.245,368.184,374.215,52.5595,36.4162,33.2412,263.527,28.4882,65.5349,228.553,94.1447,13.2191,51.8574,80.24,21.8286,111.338,254.759,33.8387,82.9831,215.652,42.0579,90.886,431.367,32.3975,70.1377,291.759,68.4392,37.1611,162.076,
mu: 
combDuals: 
srcDuals: 
fixed dual: 0
separating route arcs: 98 144992813 144993302 144993790 144993880 75740193 79351224 
separating route locations: 99 8 185 127 92 52 92 
separating route arcs: 4 144933349 117799 10875576 33586454 36901080 
separating route locations: 5 227 458 268 402 268 
separating route arcs: 7 144936759 144937248 144937299 42757906 71913360 
separating route locations: 8 185 127 52 92 127 
separating route arcs: 25 144947953 29690131 70351526 
separating route locations: 26 486 280 26 
separating route arcs: 27 144949421 144949618 41960105 
separating route locations: 28 40 199 40 
separating route arcs: 31 13364450 52612085 96183223 
separating route locations: 32 332 471 332 
separating route arcs: 34 144950400 144950889 144951277 16986142 50323446 77683186 119661204 
separating route locations: 35 46 407 390 26 486 280 26 
separating route arcs: 35 144953746 47475761 83342217 
separating route locations: 36 429 322 36 
separating route arcs: 39 144954983 35247147 
separating route locations: 40 199 40 
separating route arcs: 45 144871169 1325218 1486052 13802979 29761631 39955026 65730174 83527106 115453199 
separating route locations: 46 412 298 296 488 452 372 374 273 452 
separating route arcs: 53 144965496 144965985 144966473 144966960 144967064 57851289 93403200 
separating route locations: 54 350 173 330 362 106 18 362 
separating route arcs: 56 144971830 144972319 144972807 144972858 54937950 84360340 
separating route locations: 57 8 185 127 52 92 127 
separating route arcs: 64 144973819 7659165 11993453 
separating route locations: 65 40 28 40 
separating route arcs: 67 144975737 144976226 144976714 144976800 84675296 
separating route locations: 68 336 490 124 87 490 
separating route arcs: 69 144977691 144978180 144978668 144978772 70776999 106328910 
separating route locations: 70 173 330 362 106 18 362 
separating route arcs: 85 144990373 144990649 38485034 43203205 76185586 83152500 
separating route locations: 86 430 277 366 346 422 346 
separating route arcs: 104 144997692 144998181 144998669 144998679 67009520 
separating route locations: 105 348 341 275 10 341 
separating route arcs: 109 144999645 40191531 46883026 81917334 
separating route locations: 110 346 422 159 110 
separating route arcs: 125 145004040 145004501 42388495 89444168 104143744 122277468 
separating route locations: 126 446 464 484 134 257 446 
separating route arcs: 126 145006950 18343638 44336852 
separating route locations: 127 52 92 127 
separating route arcs: 131 145007930 145007956 19568850 58379827 85821108 
separating route locations: 132 46 26 280 486 280 
separating route arcs: 148 145011339 145011828 145012316 145012803 145012893 89144633 92755699 
separating route locations: 149 99 8 185 127 92 52 127 
separating route arcs: 149 145014748 145015237 145015433 78049797 
separating route locations: 150 28 40 199 28 
separating route arcs: 159 145020122 145020611 145021099 145021189 78612573 82223639 
separating route locations: 160 8 185 127 92 52 127 
separating route arcs: 175 145025486 40185541 65259176 77832778 92647905 
separating route locations: 176 432 290 288 392 288 
separating route arcs: 178 145027441 11189827 31440142 43130952 57700521 91028036 
separating route locations: 179 432 290 288 392 194 288 
separating route arcs: 184 145030366 145030457 42039259 45518565 
separating route locations: 185 127 92 52 127 
separating route arcs: 193 145032320 145032809 145033296 58467561 
separating route locations: 194 392 288 432 288 
separating route arcs: 202 145038996 342237 4473070 36072735 
separating route locations: 203 336 490 124 490 
separating route arcs: 207 145041592 145041740 74322944 84553156 
separating route locations: 208 476 148 431 476 
separating route arcs: 226 145057943 5527038 32626317 
separating route locations: 227 268 304 268 
separating route arcs: 228 145060120 145060609 145061097 145061230 46343053 93275107 
separating route locations: 229 126 446 257 134 484 257 
separating route arcs: 250 144874162 145067305 62559283 106704455 
separating route locations: 251 471 355 332 251 
separating route arcs: 267 145075549 30887210 34264893 
separating route locations: 268 304 402 268 
separating route arcs: 271 145077202 18452237 21773994 57925992 100032951 
separating route locations: 272 440 191 282 468 191 
separating route arcs: 273 145082005 145082493 53122570 95243325 
separating route locations: 274 477 306 468 306 
separating route arcs: 276 145087263 145087752 145088240 145088350 74648689 
separating route locations: 277 366 346 422 110 346 
separating route arcs: 280 145091171 145091597 66055951 102012687 
separating route locations: 281 36 429 322 36 
separating route arcs: 281 145093125 145093447 52097259 66799575 
separating route locations: 282 451 324 41 451 
separating route arcs: 282 145094403 34001646 76554425 97376582 106112052 124983514 
separating route locations: 283 302 326 443 287 401 326 
separating route arcs: 284 145098499 145098988 145099476 145099670 105866327 120893951 
separating route locations: 285 432 290 288 194 392 288 
separating route arcs: 285 145101229 16280501 32796517 43140216 69081184 101092312 
separating route locations: 286 296 488 452 372 273 488 
separating route arcs: 286 144875898 22589672 63629583 108140645 
separating route locations: 287 251 471 332 251 
separating route arcs: 287 145105509 14459160 26447981 
separating route locations: 288 194 392 288 
separating route arcs: 289 145106784 145107273 145107662 50085831 
separating route locations: 290 288 194 392 288 
separating route arcs: 291 145108251 145108740 145109228 145109485 13242225 54030132 
separating route locations: 292 457 294 397 258 242 397 
separating route arcs: 295 145115088 16719277 25662416 49975904 81942997 
separating route locations: 296 488 452 372 273 372 
separating route arcs: 297 144880984 752228 22214523 24138865 39446476 61933744 
separating route locations: 298 452 299 78 284 381 78 
separating route arcs: 298 145119962 145120451 145120734 50533803 
separating route locations: 299 78 381 284 299 
separating route arcs: 300 145121287 17292839 33673932 59499038 66869918 99646898 
separating route locations: 301 349 357 434 54 447 54 
separating route arcs: 314 145138663 41976119 44144555 
separating route locations: 315 318 419 315 
separating route arcs: 315 145139814 32205191 59482774 63076084 100552791 
separating route locations: 316 458 268 402 304 268 
separating route arcs: 316 145141050 12909594 34049438 79403310 
separating route locations: 317 258 397 242 397 
separating route arcs: 325 145145634 145146123 145146611 145147097 84844271 
separating route locations: 326 401 443 287 295 443 
separating route arcs: 328 145148074 145148563 145148846 34131342 
separating route locations: 329 299 78 284 78 
separating route arcs: 331 144885424 144885892 58844724 
separating route locations: 332 355 471 332 
separating route arcs: 335 145150151 18017135 34981464 
separating route locations: 336 124 490 124 
separating route arcs: 339 145151984 145152473 145152766 76718518 103540578 
separating route locations: 340 459 387 293 400 387 
separating route arcs: 340 145154423 3785701 31296550 
separating route locations: 341 275 10 341 
separating route arcs: 349 145164668 145165157 145165645 145165750 67425889 102977800 
separating route locations: 350 475 330 362 106 18 362 
separating route arcs: 350 145167437 435615 4823038 36955043 
separating route locations: 351 336 490 124 490 
separating route arcs: 355 145170458 24659749 48104440 60598498 75413531 108741048 
separating route locations: 356 432 290 288 392 194 290 
separating route arcs: 356 144887812 14507209 20198966 41639451 45973319 
separating route locations: 357 434 54 70 350 70 
separating route arcs: 359 145181653 2790787 28298828 
separating route locations: 360 419 315 419 
separating route arcs: 364 145185142 145185631 145185982 69457330 99201670 
separating route locations: 365 314 338 354 274 338 
separating route arcs: 369 145189536 145190025 145190328 81402258 85099093 
separating route locations: 370 458 268 304 402 268 
separating route arcs: 372 145193443 145193932 145194420 145194907 145195017 75606149 
separating route locations: 373 430 366 346 422 110 346 
separating route arcs: 373 145195883 145196372 145196860 145197236 92568276 109860479 
separating route locations: 374 368 299 78 381 284 78 
separating route arcs: 376 145201732 14880858 18707206 57414222 92922575 99908050 131588584 
separating route locations: 377 277 366 110 159 422 346 366 
separating route arcs: 385 145207477 145207966 145208454 145208756 82838448 86535283 
separating route locations: 386 227 458 268 304 402 268 
separating route arcs: 387 145210321 33882445 76554882 
separating route locations: 388 411 345 411 
separating route arcs: 388 145212842 145213331 145213730 74565568 
separating route locations: 389 458 268 402 268 
separating route arcs: 391 145216750 145217239 145217727 145218121 52810677 99028798 
separating route locations: 392 438 482 388 397 242 397 
separating route arcs: 394 145220158 39255847 67142454 70735728 
separating route locations: 395 458 268 402 268 
separating route arcs: 396 145221880 10730914 50242260 
separating route locations: 397 258 242 397 
separating route arcs: 400 144893689 7766481 29247996 53290435 65864528 80679561 114007076 
separating route locations: 401 445 295 290 288 392 194 288 
separating route arcs: 403 145235173 27104153 50925580 63470878 78285911 111613426 
separating route locations: 404 432 290 288 392 194 288 
separating route arcs: 405 145237674 145238163 145238651 145238845 107302517 122308093 
separating route locations: 406 432 290 288 194 392 288 
separating route arcs: 406 144896581 145240583 145240879 12798757 28485993 38604724 64293884 96304897 
separating route locations: 407 412 298 296 488 452 372 273 372 
separating route arcs: 411 144897936 145245263 12472324 28064359 38157714 63815254 81612186 113538279 
separating route locations: 412 298 296 488 452 372 374 273 452 
separating route arcs: 412 145246861 17348495 39368226 51523612 66317755 
separating route locations: 413 432 290 288 392 288 
separating route arcs: 417 144899595 144900084 144900472 13776615 46107108 73374616 115352634 
separating route locations: 418 46 407 390 26 486 280 26 
separating route arcs: 418 145252271 145252405 24029151 68860084 
separating route locations: 419 464 134 484 464 
separating route arcs: 419 144901721 14752870 44295495 69567746 82141348 96956475 
separating route locations: 420 176 432 290 288 392 288 
separating route arcs: 423 145257154 145257643 145258107 89498541 128142808 
separating route locations: 424 440 191 468 282 191 
separating route arcs: 425 145259517 145260006 145260470 73700451 112985042 
separating route locations: 426 440 191 468 282 191 
separating route arcs: 429 145261744 4800792 6932740 31362283 72737265 79802180 114949704 
separating route locations: 430 277 366 346 110 422 159 110 
separating route arcs: 431 145263911 145264400 145264888 145265082 83847086 
separating route locations: 432 290 288 392 194 288 
separating route arcs: 432 145265865 145266354 145266554 83222961 116403836 
separating route locations: 433 485 466 200 465 466 
separating route arcs: 437 145275578 145275974 16673133 58815478 
separating route locations: 438 482 397 242 397 
separating route arcs: 439 145278018 145278483 45602269 84739972 
separating route locations: 440 191 468 282 191 
separating route arcs: 442 144905942 144906235 24296232 47634106 62487821 95815336 108473840 
separating route locations: 443 287 295 290 392 194 288 290 
separating route arcs: 443 145280947 145281436 145281924 145282411 145282897 65074165 
separating route locations: 444 430 366 346 422 110 422 
separating route arcs: 444 144907700 13802295 34928379 46828544 61530361 94857876 
separating route locations: 445 295 290 288 392 194 288 
separating route arcs: 447 144909792 8141312 26766056 38148450 52443857 
separating route locations: 448 432 290 288 392 288 
separating route arcs: 451 145294113 21826073 23741143 38995074 61455014 
separating route locations: 452 299 78 284 381 78 
separating route arcs: 457 145300454 145300757 66082898 69779733 
separating route locations: 458 268 304 402 268 
separating route arcs: 458 145302305 24173180 49024310 77196258 
separating route locations: 459 387 400 293 387 
separating route arcs: 459 145303451 2169889 6441829 9653042 33562860 50994651 98061308 112761073 
separating route locations: 460 66 229 126 446 257 484 134 446 
separating route arcs: 460 144913032 25770960 67459423 111970485 
separating route locations: 461 251 471 332 251 
separating route arcs: 466 145308670 11815888 33170149 56648861 57358385 98605700 
separating route locations: 467 403 348 341 275 10 341 
separating route arcs: 470 144915225 144915497 31096746 41315563 71426042 115798590 
separating route locations: 471 355 272 353 361 332 471 
separating route arcs: 474 145312660 145313149 145313637 145313742 67904619 103456530 
separating route locations: 475 173 330 362 106 18 362 
separating route arcs: 481 145315585 145316074 145316562 145317049 145317456 126046133 
separating route locations: 482 388 258 397 242 411 388 
separating route arcs: 484 145320465 145320665 63115813 96297176 
separating route locations: 485 466 200 465 466 
separating route arcs: 489 145329215 145329302 73185776 
separating route locations: 490 124 87 490 
STATS - lpIterations[1] lagIterations[5] sspIterations[366] numSeparations[319] numCuts[0] compileTime[115] sspSolveTime[480] lpSolveTime[0] lb[61777.1] ub[66484] numArcs: [145464748] numFixed: [0] numHeuristicIPs: [0] numHeuristicLNS: [0] numPrimalLNSRepairs: [0] time: [794]
STATS1 - lpIterations[1] lagIterations[5] sspIterations[366] numSeparations[319] numCuts[0] compileTime[115] sspSolveTime[480] lpSolveTime[0] repairTime[170] cutsTime[0] alphaTime[0] decompTime[20] yellowTime[0] updateTime[7] fixTime[0] lb[61777.1] ub[66484] numArcs: [145464748] numFixed: [0] time: [794]
creating solution
Lagrangean bound solution value: 61756
STATS - lpIterations[1] lagIterations[6] sspIterations[388] numSeparations[319] numCuts[0] compileTime[115] sspSolveTime[501] lpSolveTime[0] lb[61777.1] ub[66484] numArcs: [145464676] numFixed: [0] numHeuristicIPs: [0] numHeuristicLNS: [0] numPrimalLNSRepairs: [0] time: [815]
STATS1 - lpIterations[1] lagIterations[6] sspIterations[388] numSeparations[319] numCuts[0] compileTime[115] sspSolveTime[501] lpSolveTime[0] repairTime[170] cutsTime[0] alphaTime[0] decompTime[20] yellowTime[0] updateTime[7] fixTime[0] lb[61777.1] ub[66484] numArcs: [145464676] numFixed: [0] time: [815]
lambda: 0,62.2405,111.521,174.269,245.198,19.7152,70.6283,160.712,201.999,82.1984,138.702,122.582,48.5162,189.713,215.129,150.783,111.951,28.133,149.948,171.811,241.497,274.993,156.273,196.413,71.3246,174.731,87.7247,49.3012,37.685,149.535,108.096,113.647,238.321,31.1797,61.0863,27.0416,31.0703,111.376,244.012,38.1984,155.076,104.67,97.876,213.638,222.451,234.656,6.2498,118.862,176.521,81.7685,20.8152,42.0489,33.6309,42.1757,27.0842,215.391,96.8386,87.177,231.203,22.147,200.479,175.479,38.7965,168.077,61.0863,12.8112,38.5016,352.264,21.4701,56.3106,78.84,18.3479,191.535,162.479,122.189,40.6657,16.147,310.362,13.2937,88.2124,62.7037,83.1009,102.208,216.754,48.7283,138.208,214.56,371.536,13.4508,180.923,78.6236,74.5162,230.764,13.9601,147.245,234.75,115.726,47.1984,129.628,59.0714,133.572,36.8719,276.46,50.9694,17.9461,39.4427,193.649,103.217,140.773,291.74,217.246,137.381,218.096,38.4694,183.329,137.507,364.899,132.722,31.3853,281.086,304.881,64.0022,146.928,43.2271,361.316,128.983,59.804,355.637,226.797,75.3807,174.932,222.647,24.6431,85.6657,134.747,182.619,83.404,57.9087,151.74,68.9367,111.418,419.395,150.769,149.871,135.932,121.156,359.142,42.8246,23.7178,94.2505,149.116,231.306,79.2364,57.7691,104.731,61.9087,148.049,183.469,311.012,184.945,69.1537,221.311,340.955,115.89,55.3853,39.1236,282.357,342.806,68.0956,196.927,28.9795,289.142,155.357,25.2846,88.6937,262.002,200.312,26.1517,87.2358,26.5468,18.404,57.876,107.988,204.918,18.3059,13.7174,173.142,29.1236,182.409,203.853,83.6296,27.7296,67.3713,58.5316,169.763,73.7779,278.96,31.3293,327.18,181.294,62.7806,18.1984,135.596,15.5262,227.722,27.6891,162.479,180.969,15.7512,161.26,29.0956,65.5349,49.2504,45.9327,447.348,195.002,218.872,193.007,160.624,302.526,114.544,279.124,160.329,56.5255,45.9046,130.259,81.105,22.1087,76.7218,112.637,335.152,42.1517,153.937,183.357,56.6657,87.7965,224.955,104.451,119.927,212.432,66.4134,165.675,275.281,157.974,117.226,91.5395,13.7886,94.8433,99.9461,166.152,115.799,243.421,91.8573,167.815,226.692,49.7685,155.703,168.413,90.0113,88.6336,27.3947,138.648,124.498,111.834,63.7965,39.6844,70.133,225.747,235.756,19.89,326.563,54.2872,91.308,110.143,172.024,9.63872,185.619,119.111,65.7965,15.8526,105.183,18.5743,247.664,172.736,75.3825,177.134,57.8767,42.9672,58.0064,122.189,123.956,136.905,17.2792,145.536,13.2991,145.66,89.7172,146.591,6.00971,170.102,354.04,24.2745,140.601,26.4759,323.967,294.769,261.031,128.171,66.3199,115.734,156.684,66.5336,215.983,20.6891,143.533,359.964,255.849,164.915,314.614,44.7218,188.166,275.329,31.7325,304.497,19.4201,193.89,201.353,18.5582,110.675,29.305,25.549,35.2265,233.661,255.853,18.2451,21.6003,54.9583,131.463,138.949,146.096,127.713,80.1635,211.313,115.077,221.25,267.832,173.309,301.46,86.6403,100.75,21.1246,15.9762,86.0863,69.2239,209.789,37.3395,105.316,56.756,122.512,31.569,176.271,172.461,107.208,44.7434,30.2465,108.247,28.2009,15.0162,153.476,48.0449,133.284,41.3066,86.9294,93.5929,65.8672,17.4648,122.648,111.297,21.2872,113.301,30.0582,96.7813,24.1236,79.9808,55.5215,14.9648,122.217,236.602,148.963,346.657,70.1618,245.105,75.3122,330.451,3.05358,310.433,335.549,152.185,34.8716,211.419,138.929,93.4703,35.7983,94.3066,128.129,48.3386,166.55,4.28478,18.1377,114.614,200.114,261.177,42.2477,66.3954,43.8713,17.7965,33.7432,116.348,17.3432,23.543,21.265,48.5349,41.0525,30.7311,261.871,81.1784,165.538,217.111,63.4788,34.139,28.2408,15.0222,164.03,23.5843,76.718,171.686,146.344,182.278,92.7979,206.035,216.965,112.862,336.32,100.578,46.7345,81.7452,268.472,103.311,7.58214,54.3339,84.6657,308.554,39.9438,139.065,44.5722,84.376,48.5776,20.0421,301.134,61.8875,119.746,66.5659,390.507,368.446,374.381,52.2979,36.109,33.2412,263.196,28.7498,65.7965,228.062,94.4064,14.3827,52.119,79.6156,21.8166,112.719,255.021,34.1003,84.1026,215.652,43.6773,91.1476,431.272,32.0903,69.7753,292.021,68.7389,37.4227,160.28,
mu: 
combDuals: 
srcDuals: 
fixed dual: 0
new best dual, value: 61756
added route to primal routes: 0,382,313,260,334,0,
added route to primal routes: 0,13,86,399,0,
added route to primal routes: 0,272,426,424,342,0,
added route to primal routes: 0,404,285,445,295,287,443,401,326,448,0,
added route to primal routes: 0,445,32,361,353,272,0,
added route to primal routes: 0,461,332,361,353,272,0,
added route to primal routes: 0,5,425,360,464,484,134,0,
added route to primal routes: 0,65,13,86,399,0,
added route to primal routes: 0,203,386,395,389,370,316,0,
added route to primal routes: 0,373,86,399,0,
added route to primal routes: 0,420,482,388,190,261,345,0,
added route to primal routes: 0,425,360,464,484,134,0,
added route to primal routes: 0,438,482,388,190,261,345,0,
added route to primal routes: 0,448,345,261,190,388,482,0,
added route to primal routes: 0,473,170,371,456,384,123,431,0,
added route to primal routes: 0,482,388,190,261,345,0,
best alpha: 0.055
alpha: 4.06279
psiStar: 64669.1
lagLB: 61756
||gamma||^2: 717
Dual needs repair, spl: -9.01824
Dual needs repair, spl: -5.01721
Dual needs repair, spl: -3.51466
Dual needs repair, spl: -3.47431
Dual needs repair, spl: -3.39549
Dual needs repair, spl: -2.16068
Dual needs repair, spl: -1.79684
Dual needs repair, spl: -1.63072
Dual needs repair, spl: -1.42973
Dual needs repair, spl: -1.15023
Dual needs repair, spl: -0.543209
Dual needs repair, spl: -0.053814
repaired lb: 61794.6
STATS - lpIterations[1] lagIterations[6] sspIterations[388] numSeparations[319] numCuts[0] compileTime[115] sspSolveTime[501] lpSolveTime[0] lb[61794.6] ub[66484] numArcs: [145464676] numFixed: [0] numHeuristicIPs: [0] numHeuristicLNS: [0] numPrimalLNSRepairs: [0] time: [845]
STATS1 - lpIterations[1] lagIterations[6] sspIterations[388] numSeparations[319] numCuts[0] compileTime[115] sspSolveTime[501] lpSolveTime[0] repairTime[195] cutsTime[0] alphaTime[0] decompTime[24] yellowTime[0] updateTime[8] fixTime[0] lb[61794.6] ub[66484] numArcs: [145464676] numFixed: [0] time: [845]
lambda: 0,62.2405,111.521,174.269,245.198,19.3379,70.6283,160.712,201.999,82.1984,138.702,122.582,48.5162,189.127,215.129,150.783,111.951,28.133,149.948,171.811,241.497,274.993,156.273,196.413,71.3246,174.731,87.7247,49.3012,37.685,149.535,108.096,113.647,238.253,31.1797,61.0863,27.0416,30.7102,111.376,244.012,38.1984,155.076,104.67,97.876,213.638,222.451,234.656,6.2498,118.862,176.521,81.7685,20.8152,42.0489,33.6309,42.1757,27.0842,215.391,96.8386,87.177,231.203,22.147,200.479,175.479,38.7965,168.077,61.0863,12.2254,38.5016,352.264,21.4701,56.3106,78.84,18.3479,191.535,162.479,122.189,40.6657,16.147,310.362,13.2937,88.2124,62.7037,83.1009,102.208,216.754,48.7283,138.208,213.974,371.536,13.4508,180.923,78.6236,74.5162,230.764,13.9601,147.245,234.75,115.726,47.1984,129.628,59.0714,133.572,36.8719,276.46,50.9694,17.9461,39.4427,193.649,103.217,140.773,291.74,217.246,137.381,218.096,38.4694,183.329,137.507,364.899,132.722,31.3853,281.086,304.881,64.0022,146.928,42.5104,361.316,128.983,59.804,355.637,226.797,75.3807,174.932,222.647,24.6431,85.6657,134.37,182.619,83.404,57.9087,151.74,68.9367,111.418,419.395,150.769,149.871,135.932,121.156,359.142,42.8246,23.7178,94.2505,149.116,231.306,79.2364,57.7691,104.731,61.9087,148.049,183.469,311.012,184.945,69.1537,221.311,340.955,115.89,55.3853,39.1236,282.357,342.806,68.0956,196.927,28.2627,289.142,155.357,25.2846,88.6937,262.002,200.312,26.1517,87.2358,26.5468,18.404,57.876,107.988,204.918,18.3059,13.7174,173.142,29.1236,182.409,203.853,82.6276,27.5258,67.3713,58.3069,169.763,73.7779,278.96,31.3293,327.18,181.294,62.556,18.1984,135.596,15.1788,227.722,27.6891,162.479,180.969,15.7512,161.26,29.0956,65.5349,49.2504,45.9327,447.348,195.002,218.872,193.007,160.624,302.526,114.544,279.124,160.329,56.5255,45.9046,130.259,81.105,21.7612,76.7218,112.637,335.152,42.1517,153.937,183.357,56.6657,87.7965,224.955,104.451,119.927,212.432,66.4134,165.675,275.281,157.974,117.226,91.5395,13.564,94.8433,99.9461,166.152,115.799,243.421,91.8573,167.815,226.692,49.7685,155.703,168.413,90.0113,88.6336,27.2669,137.646,124.498,111.834,63.7965,39.6844,70.133,225.747,235.756,19.89,326.563,54.2872,91.2324,110.143,172.024,9.63872,185.619,119.111,65.7965,15.8526,105.183,18.2142,247.46,172.736,75.3825,177.134,57.8767,42.7885,58.0064,122.189,123.956,136.905,17.2792,145.536,13.2991,145.481,89.7172,146.591,6.00971,170.102,354.04,24.2745,140.601,26.4759,323.967,294.769,260.827,128.171,66.3199,115.734,156.684,66.5336,215.983,20.5613,143.533,359.964,255.501,164.915,314.614,44.7218,188.166,275.329,31.3724,304.497,19.4201,193.89,201.174,18.5582,110.675,29.305,25.549,35.2265,233.593,255.853,18.1173,21.6003,54.9583,131.463,138.949,146.096,127.713,80.1635,211.306,115.077,221.25,266.83,173.309,301.46,86.6403,100.75,21.1246,15.9762,86.0863,68.9521,209.789,37.3395,105.316,56.756,122.512,31.569,175.894,172.393,107.208,44.7434,30.0219,108.247,28.2009,15.0162,153.476,48.0449,132.936,40.5898,86.9294,93.0071,65.8672,17.4648,122.648,111.297,21.2872,113.301,30.0582,96.7813,23.9958,79.9808,54.8048,14.9648,121.87,236.602,147.961,346.31,70.1618,245.105,75.3122,330.451,3.05358,310.085,335.549,152.185,34.8716,210.833,138.929,93.2916,35.7983,94.3066,128.129,48.3386,166.55,4.28478,18.1377,114.614,200.114,260.175,42.2477,66.3954,43.8713,17.7965,33.7432,116.348,17.3432,23.543,21.265,48.5349,41.0525,30.7311,261.864,80.8011,165.53,217.111,63.4788,33.7789,28.2408,14.3055,164.03,23.3597,76.718,171.686,146.344,182.278,92.7979,206.035,216.761,112.862,336.32,100.4,46.7345,81.6773,268.472,103.311,6.58011,54.3339,84.6657,308.554,39.9438,139.065,44.5722,84.376,47.8609,20.0421,301.134,61.8875,119.746,66.498,390.507,368.446,374.004,52.2979,35.8844,33.2412,262.992,28.7498,65.7965,228.062,94.4064,13.4413,52.119,79.6156,21.8166,112.515,255.021,34.1003,83.8987,215.652,42.6753,91.1476,430.894,31.8657,69.7753,292.021,68.7389,37.4227,160.28,
mu: 
combDuals: 
srcDuals: 
fixed dual: 0
separating route arcs: 381 5912698 14947257 28515110 50471798 
separating route locations: 382 334 313 260 334 
separating route arcs: 12 144941543 53070405 99032219 
separating route locations: 13 399 86 399 
separating route arcs: 271 145077203 145077544 44261920 88038473 
separating route locations: 272 426 342 424 342 
separating route arcs: 325 145145634 145146123 145146417 76226976 85046997 
separating route locations: 326 401 443 295 287 443 
separating route arcs: 444 144907438 25786004 54668559 65875157 81154059 
separating route locations: 445 32 361 353 272 361 
separating route arcs: 460 144913112 22996098 51338433 62524047 77802949 
separating route locations: 461 332 361 353 272 361 
separating route arcs: 4 144933282 762069 5978824 36983522 51030801 98062614 
separating route locations: 5 425 360 464 134 484 464 
separating route arcs: 64 144973793 13375764 54981910 100947139 
separating route locations: 65 13 399 86 399 
separating route arcs: 202 145039046 1498373 21477527 61246230 76843004 107805669 
separating route locations: 203 386 395 389 370 316 389 
separating route arcs: 280 145091108 25008828 66029572 102012687 
separating route locations: 281 429 36 322 36 
separating route arcs: 372 145193351 31255734 76053179 
separating route locations: 373 399 86 399 
separating route arcs: 419 144902025 714186 8447805 43739940 55815463 76789783 
separating route locations: 420 482 388 345 190 261 345 
separating route arcs: 424 470685 5002758 34782632 48678143 95668964 
separating route locations: 425 360 464 134 484 464 
separating route arcs: 437 145275578 145275965 16313587 55490542 67783713 88758033 
separating route locations: 438 482 388 345 190 261 345 
separating route arcs: 447 144909840 433559 7246514 41456090 53422789 74396133 
separating route locations: 448 482 388 345 190 261 345 
separating route arcs: 481 145315585 145315929 39643162 51527877 72481213 
separating route locations: 482 388 345 190 261 345 
STATS - lpIterations[1] lagIterations[6] sspIterations[388] numSeparations[335] numCuts[0] compileTime[115] sspSolveTime[501] lpSolveTime[0] lb[61794.6] ub[66484] numArcs: [145492480] numFixed: [0] numHeuristicIPs: [0] numHeuristicLNS: [0] numPrimalLNSRepairs: [0] time: [845]
STATS1 - lpIterations[1] lagIterations[6] sspIterations[388] numSeparations[335] numCuts[0] compileTime[115] sspSolveTime[501] lpSolveTime[0] repairTime[195] cutsTime[0] alphaTime[0] decompTime[24] yellowTime[0] updateTime[8] fixTime[0] lb[61794.6] ub[66484] numArcs: [145492480] numFixed: [0] time: [845]
creating solution
Lagrangean bound solution value: 59207
added route to primal routes: 0,2,400,293,387,459,0,
added route to primal routes: 0,5,315,419,383,460,0,
added route to primal routes: 0,275,10,341,0,
added route to primal routes: 0,14,171,383,0,
added route to primal routes: 0,469,33,414,231,17,0,
added route to primal routes: 0,18,172,94,85,51,0,
added route to primal routes: 0,189,19,93,108,0,
added route to primal routes: 0,486,286,280,26,0,
added route to primal routes: 0,35,407,357,434,54,447,0,
added route to primal routes: 0,39,101,144,178,220,58,0,
added route to primal routes: 0,41,324,437,254,0,
added route to primal routes: 0,46,407,18,106,362,330,173,350,54,0,
added route to primal routes: 0,52,92,127,0,
added route to primal routes: 0,54,369,18,106,362,330,475,350,0,
added route to primal routes: 0,57,52,92,127,8,0,
added route to primal routes: 0,58,84,289,0,
added route to primal routes: 0,59,206,141,162,396,0,
added route to primal routes: 0,64,462,214,204,0,
added route to primal routes: 0,65,159,422,110,366,277,430,0,
added route to primal routes: 0,66,383,318,419,315,0,
added route to primal routes: 0,68,220,84,289,178,101,351,0,
added route to primal routes: 0,70,350,173,330,362,106,18,0,
added route to primal routes: 0,71,204,214,462,270,59,118,0,
added route to primal routes: 0,476,75,33,414,17,469,0,
added route to primal routes: 0,78,375,100,51,94,0,
added route to primal routes: 0,80,14,171,383,0,
added route to primal routes: 0,81,459,293,387,292,152,340,359,0,
added route to primal routes: 0,86,430,277,366,346,422,110,0,
added route to primal routes: 0,87,124,271,0,
added route to primal routes: 0,88,29,48,142,0,
added route to primal routes: 0,99,185,127,92,52,0,
added route to primal routes: 0,101,178,289,84,0,
added route to primal routes: 0,18,106,362,0,
added route to primal routes: 0,107,108,19,189,0,
added route to primal routes: 0,110,422,159,0,
added route to primal routes: 0,113,88,29,48,142,0,
added route to primal routes: 0,114,180,189,19,93,108,0,
added route to primal routes: 0,118,204,214,462,270,59,0,
added route to primal routes: 0,124,490,0,
added route to primal routes: 0,126,257,484,134,446,0,
added route to primal routes: 0,129,52,92,127,0,
added route to primal routes: 0,132,46,407,357,434,54,447,0,
added route to primal routes: 0,144,289,84,0,
added route to primal routes: 0,147,39,101,144,178,220,58,0,
added route to primal routes: 0,148,431,75,33,414,17,469,0,
added route to primal routes: 0,149,99,185,127,92,52,0,
added route to primal routes: 0,152,292,457,387,293,400,0,
added route to primal routes: 0,154,343,70,447,54,434,357,407,46,418,0,
added route to primal routes: 0,101,144,178,155,0,
added route to primal routes: 0,160,8,127,92,52,0,
added route to primal routes: 0,171,347,383,66,0,
added route to primal routes: 0,172,94,85,51,0,
added route to primal routes: 0,176,288,194,392,290,432,0,
added route to primal routes: 0,178,289,84,0,
added route to primal routes: 0,179,420,400,293,387,459,359,0,
added route to primal routes: 0,180,189,19,93,108,0,
added route to primal routes: 0,183,289,84,0,
added route to primal routes: 0,269,265,335,428,408,234,187,0,
added route to primal routes: 0,191,451,41,324,254,0,
added route to primal routes: 0,194,258,242,397,317,0,
added route to primal routes: 0,203,336,490,87,124,410,0,
added route to primal routes: 0,205,294,397,242,0,
added route to primal routes: 0,206,141,162,396,0,
added route to primal routes: 0,208,469,17,414,33,75,0,
added route to primal routes: 0,209,274,338,314,365,0,
added route to primal routes: 0,212,459,293,387,457,205,152,292,340,359,0,
added route to primal routes: 0,213,57,52,92,127,185,8,0,
added route to primal routes: 0,220,84,289,0,
added route to primal routes: 0,227,441,83,22,304,402,458,0,
added route to primal routes: 0,229,126,446,360,419,315,0,
added route to primal routes: 0,234,408,428,335,0,
added route to primal routes: 0,246,335,428,408,234,265,269,0,
added route to primal routes: 0,274,354,477,249,0,
added route to primal routes: 0,250,398,372,273,452,488,0,
added route to primal routes: 0,251,291,471,355,332,0,
added route to primal routes: 0,254,324,41,0,
added route to primal routes: 0,255,59,270,462,214,204,0,
added route to primal routes: 0,265,234,408,335,0,
added route to primal routes: 0,266,343,70,350,0,
added route to primal routes: 0,268,402,304,22,83,441,333,0,
added route to primal routes: 0,269,265,234,408,428,335,0,
added route to primal routes: 0,273,299,78,284,0,
added route to primal routes: 0,274,354,435,311,321,0,
added route to primal routes: 0,275,329,299,78,284,0,
added route to primal routes: 0,279,180,189,19,93,108,0,
added route to primal routes: 0,280,296,488,452,372,298,412,0,
added route to primal routes: 0,282,451,41,324,254,437,416,311,435,0,
added route to primal routes: 0,283,302,326,404,406,356,0,
added route to primal routes: 0,284,78,0,
added route to primal routes: 0,285,432,290,392,194,0,
added route to primal routes: 0,286,341,275,0,
added route to primal routes: 0,287,471,355,249,274,354,338,314,0,
added route to primal routes: 0,288,258,242,397,0,
added route to primal routes: 0,289,84,0,
added route to primal routes: 0,291,471,0,
added route to primal routes: 0,292,457,205,294,397,242,258,0,
added route to primal routes: 0,387,293,400,0,
added route to primal routes: 0,296,488,452,273,374,372,0,
added route to primal routes: 0,301,417,447,54,434,357,0,
added route to primal routes: 0,302,481,274,354,338,314,365,0,
added route to primal routes: 0,303,259,369,18,106,362,330,173,475,350,54,301,0,
added route to primal routes: 0,304,315,419,0,
added route to primal routes: 0,307,400,293,387,457,205,152,292,340,359,81,0,
added route to primal routes: 0,311,416,437,254,324,41,0,
added route to primal routes: 0,313,187,234,408,428,335,269,0,
added route to primal routes: 0,314,435,311,321,380,0,
added route to primal routes: 0,315,419,318,0,
added route to primal routes: 0,321,416,437,254,324,41,0,
added route to primal routes: 0,327,118,204,214,462,270,59,0,
added route to primal routes: 0,329,299,78,381,284,0,
added route to primal routes: 0,330,362,106,18,0,
added route to primal routes: 0,331,301,70,447,54,434,357,0,
added route to primal routes: 0,291,471,355,332,0,
added route to primal routes: 0,22,83,441,333,0,
added route to primal routes: 0,334,187,234,408,428,335,265,269,0,
added route to primal routes: 0,335,88,29,48,142,0,
added route to primal routes: 0,336,490,87,124,410,0,
added route to primal routes: 0,337,451,41,324,254,437,416,321,311,0,
added route to primal routes: 0,338,435,311,416,254,324,41,0,
added route to primal routes: 0,340,292,152,457,387,293,400,0,
added route to primal routes: 0,343,70,447,0,
added route to primal routes: 0,349,447,54,434,357,0,
added route to primal routes: 0,350,173,330,362,470,82,18,106,0,
added route to primal routes: 0,351,84,289,178,101,0,
added route to primal routes: 0,352,154,417,54,434,357,0,
added route to primal routes: 0,354,41,324,254,437,416,311,0,
added route to primal routes: 0,355,451,41,324,254,0,
added route to primal routes: 0,356,406,404,326,302,283,0,
added route to primal routes: 0,359,340,292,457,387,293,400,0,
added route to primal routes: 0,362,106,18,0,
added route to primal routes: 0,363,338,314,380,0,
added route to primal routes: 0,364,193,335,408,0,
added route to primal routes: 0,365,314,338,354,274,249,481,0,
added route to primal routes: 0,366,380,435,311,416,437,254,324,41,0,
added route to primal routes: 0,299,78,284,368,0,
added route to primal routes: 0,369,18,106,362,330,0,
added route to primal routes: 0,370,315,419,0,
added route to primal routes: 0,372,452,488,0,
added route to primal routes: 0,373,377,277,366,346,422,110,0,
added route to primal routes: 0,374,284,381,78,299,0,
added route to primal routes: 0,375,100,51,94,0,
added route to primal routes: 0,376,341,10,275,348,105,202,467,0,
added route to primal routes: 0,377,430,277,366,110,159,0,
added route to primal routes: 0,378,114,180,189,19,93,108,0,
added route to primal routes: 0,379,396,162,141,0,
added route to primal routes: 0,380,311,416,437,254,324,41,0,
added route to primal routes: 0,383,126,446,134,484,257,229,0,
added route to primal routes: 0,385,476,208,0,
added route to primal routes: 0,386,370,315,419,0,
added route to primal routes: 0,400,293,387,0,
added route to primal routes: 0,391,451,41,324,254,0,
added route to primal routes: 0,392,258,242,397,0,
added route to primal routes: 0,397,242,258,0,
added route to primal routes: 0,398,259,369,18,106,362,0,
added route to primal routes: 0,400,387,0,
added route to primal routes: 0,401,251,291,355,471,0,
added route to primal routes: 0,402,304,22,83,441,333,0,
added route to primal routes: 0,407,18,106,362,330,173,475,350,54,0,
added route to primal routes: 0,408,113,88,29,48,142,0,
added route to primal routes: 0,410,490,87,124,336,0,
added route to primal routes: 0,412,298,372,374,273,452,0,
added route to primal routes: 0,413,176,400,293,387,459,340,359,0,
added route to primal routes: 0,416,437,254,324,41,0,
added route to primal routes: 0,417,434,54,309,357,0,
added route to primal routes: 0,418,46,407,357,434,54,447,350,70,0,
added route to primal routes: 0,419,315,0,
added route to primal routes: 0,420,400,293,387,459,359,0,
added route to primal routes: 0,422,311,416,254,324,41,0,
added route to primal routes: 0,425,318,419,315,0,
added route to primal routes: 0,430,366,380,435,311,416,437,254,324,41,0,
added route to primal routes: 0,431,75,33,414,231,0,
added route to primal routes: 0,432,290,392,194,0,
added route to primal routes: 0,433,466,465,200,0,
added route to primal routes: 0,434,54,262,350,447,0,
added route to primal routes: 0,435,311,416,437,254,324,41,0,
added route to primal routes: 0,436,110,422,346,366,277,430,0,
added route to primal routes: 0,438,258,242,397,0,
added route to primal routes: 0,440,191,451,41,324,254,437,416,311,435,0,
added route to primal routes: 0,443,291,471,251,461,0,
added route to primal routes: 0,444,430,366,314,338,354,274,0,
added route to primal routes: 0,448,41,324,254,416,311,435,380,0,
added route to primal routes: 0,451,41,324,254,0,
added route to primal routes: 0,453,481,274,354,338,314,277,0,
added route to primal routes: 0,457,387,293,400,0,
added route to primal routes: 0,458,402,304,22,83,441,0,
added route to primal routes: 0,460,383,318,419,315,0,
added route to primal routes: 0,461,291,471,355,453,0,
added route to primal routes: 0,468,451,41,324,254,0,
added route to primal routes: 0,33,414,231,469,0,
added route to primal routes: 0,471,272,249,274,354,338,314,0,
added route to primal routes: 0,472,481,249,274,354,338,314,0,
added route to primal routes: 0,473,148,75,33,414,17,469,0,
added route to primal routes: 0,26,280,486,474,0,
added route to primal routes: 0,475,330,362,106,18,0,
added route to primal routes: 0,477,282,451,41,324,254,437,416,311,380,366,0,
added route to primal routes: 0,480,254,324,41,451,0,
added route to primal routes: 0,485,423,278,465,200,466,246,0,
added route to primal routes: 0,486,341,275,0,
added route to primal routes: 0,488,452,273,374,372,0,
best alpha: 0.055
alpha: 0.068596
psiStar: 61973.7
lagLB: 59207
||gamma||^2: 40333
Dual needs repair, spl: -52.8506
Dual needs repair, spl: -44.6492
Dual needs repair, spl: -43.2598
Dual needs repair, spl: -38.3837
Dual needs repair, spl: -36.5588
Dual needs repair, spl: -32.8942
Dual needs repair, spl: -31.1296
Dual needs repair, spl: -30.1465
Dual needs repair, spl: -29.9251
Dual needs repair, spl: -27.9345
Dual needs repair, spl: -25.7849
Dual needs repair, spl: -25.024
Dual needs repair, spl: -23.3534
Dual needs repair, spl: -23.1052
Dual needs repair, spl: -23.0476
Dual needs repair, spl: -22.7057
Dual needs repair, spl: -19.8863
Dual needs repair, spl: -19.8008
Dual needs repair, spl: -18.4008
Dual needs repair, spl: -16.4079
Dual needs repair, spl: -15.5505
Dual needs repair, spl: -15.4156
Dual needs repair, spl: -15.2177
Dual needs repair, spl: -13.5943
Dual needs repair, spl: -13.2392
Dual needs repair, spl: -11.1324
Dual needs repair, spl: -11.0493
Dual needs repair, spl: -11.0241
Dual needs repair, spl: -9.56245
Dual needs repair, spl: -9.08124
Dual needs repair, spl: -8.90195
Dual needs repair, spl: -7.69154
Dual needs repair, spl: -6.57103
Dual needs repair, spl: -5.85928
Dual needs repair, spl: -5.45977
Dual needs repair, spl: -5.21156
Dual needs repair, spl: -4.49194
Dual needs repair, spl: -3.81022
Dual needs repair, spl: -3.50871
Dual needs repair, spl: -3.19386
Dual needs repair, spl: -3.02289
Dual needs repair, spl: -2.50447
Dual needs repair, spl: -2.45684
Dual needs repair, spl: -2.13657
Dual needs repair, spl: -2.04551
Dual needs repair, spl: -1.97182
Dual needs repair, spl: -1.81859
Dual needs repair, spl: -1.76891
Dual needs repair, spl: -1.63652
Dual needs repair, spl: -1.53885
Dual needs repair, spl: -1.12849
Dual needs repair, spl: -1.05924
Dual needs repair, spl: -0.938236
Dual needs repair, spl: -0.613091
Dual needs repair, spl: -0.231844
repaired lb: 62585.6
STATS - lpIterations[1] lagIterations[7] sspIterations[623] numSeparations[335] numCuts[0] compileTime[115] sspSolveTime[802] lpSolveTime[0] lb[62585.6] ub[66484] numArcs: [145489742] numFixed: [0] numHeuristicIPs: [0] numHeuristicLNS: [0] numPrimalLNSRepairs: [0] time: [1263]
STATS1 - lpIterations[1] lagIterations[7] sspIterations[623] numSeparations[335] numCuts[0] compileTime[115] sspSolveTime[802] lpSolveTime[0] repairTime[305] cutsTime[0] alphaTime[0] decompTime[28] yellowTime[0] updateTime[10] fixTime[0] lb[62585.6] ub[66484] numArcs: [145489742] numFixed: [0] time: [1263]
lambda: 0,66.3033,115.584,178.331,249.261,14.6066,74.6911,164.775,203.079,85.6102,139.351,126.644,52.579,181.587,217.811,154.845,116.014,29.4344,150.6,173.08,245.56,279.056,158.953,200.476,75.3874,178.794,89.341,53.364,39.9113,153.351,112.158,117.71,234.258,32.4811,65.1491,28.6578,27.0075,115.439,248.074,40.972,157.303,105.942,101.939,217.7,226.514,238.719,5.00364,122.925,180.337,85.8313,24.878,45.3698,34.7112,46.2385,25.1039,219.453,100.901,91.0378,233.977,20.8431,204.542,179.542,42.8593,172.14,62.6633,6.91197,41.4247,356.327,22.9436,60.3734,80.0729,22.4107,195.598,166.542,126.252,44.3111,20.2098,314.425,14.73,92.2752,65.3853,87.1637,106.271,219.434,50.3878,141.529,206.435,372.609,17.267,184.986,82.6864,78.579,231.845,15.2294,150.566,238.813,119.789,51.2612,133.691,63.1342,136.893,37.2422,280.523,55.0322,22.0089,42.0039,194.301,104.486,142.043,295.803,218.786,141.443,222.158,42.2857,187.392,141.57,368.962,136.785,32.9623,285.149,308.943,68.0649,150.991,39.1643,362.388,133.046,62.727,356.718,230.859,79.4434,178.995,226.71,26.2379,89.7285,129.545,186.682,87.4668,61.9715,155.803,72.9995,115.481,420.577,154.585,153.934,138.706,125.219,363.205,46.8874,27.7806,98.3133,153.015,235.369,83.2992,61.8319,106.572,64.6823,152.112,187.532,315.074,186.485,73.0144,225.373,342.137,119.953,59.4481,43.1864,286.42,346.869,72.1584,200.99,24.9167,291.824,158.678,25.9362,92.7565,266.065,202.785,30.2145,87.606,29.9586,19.6734,61.9388,112.051,208.981,22.3687,14.7977,177.205,33.1864,186.471,205.122,71.4413,23.6668,71.4341,58.5316,172.236,77.8406,283.023,35.392,331.243,183.52,61.9592,22.2612,138.157,10.6943,229.299,30.6507,163.661,185.032,17.9015,165.323,33.1584,69.5977,53.3132,49.9955,448.925,199.065,222.841,197.07,164.686,306.588,117.318,283.186,164.392,60.5883,44.5737,134.322,85.1677,19.9561,80.7846,115.56,339.214,43.8705,158,187.42,57.736,91.8593,229.018,108.514,123.99,216.495,70.4762,169.738,277.54,162.037,121.289,95.6023,12.7438,98.9061,104.009,166.531,119.179,245.956,95.9201,171.878,227.964,53.8313,159.766,171.336,92.271,92.3941,23.3319,126.46,128.457,115.897,67.8593,40.7547,74.1958,229.81,239.049,20.9371,328.14,58.35,79.1196,110.943,171.964,10.2876,189.682,120.651,69.038,17.122,106.799,14.5115,243.601,176.164,77.5607,177.134,61.4184,38.9044,60.4789,123.849,126.429,139.44,16.4682,146.083,15.8116,141.597,93.2588,150.654,4.7043,172.28,358.102,23.2858,144.029,29.8562,325.877,298.831,256.968,132.234,70.3827,119.114,160.005,67.3672,220.046,16.6263,143.474,361.46,255.849,168.725,316.109,48.7846,192.228,278.953,31.7325,308.56,20.6924,197.953,192.592,22.621,114.087,32.626,26.2006,39.2892,229.293,259.915,10.1196,22.424,56.0307,135.526,139.328,150.158,128.26,80.8124,207.251,119.14,225.313,239.392,177.372,304.142,87.2892,102.591,21.672,13.542,90.1491,57.0355,209.73,39.9619,108.744,57.3063,125.924,31.0148,164.083,160.273,107.86,48.8062,30.2465,108.626,26.9502,19.079,157.451,51.8054,129.333,37.2438,87.7294,85.4673,66.5789,20.7857,126.311,115.36,25.35,117.364,30.8918,98.9594,20.0609,80.0952,51.4587,17.1151,118.154,237.149,128.649,342.594,71.778,249.168,77.7846,334.514,7.11637,310.433,336.731,154.445,38.9344,191.105,139.476,85.3447,37.7085,94.2523,127.494,52.4014,169.977,0.365853,18.9614,118.677,201.187,257.114,43.5688,69.8071,45.1727,21.8593,35.0154,118.189,18.1035,25.0386,13.8787,52.5977,42.5925,33.9725,261.871,68.99,161.475,221.174,64.5491,34.139,26.9902,10.9594,166.503,23.5843,77.1641,175.31,150.407,183.55,88.0332,210.098,212.902,115.541,340.383,92.4528,48.2745,73.6196,271.489,104.44,0,58.3967,88.7285,312.617,40.6555,141.905,48.635,88.4388,44.5148,19.231,303.044,62.4344,120.196,61.2804,392.084,372.509,362.193,55.5393,35.2877,32.7876,259.133,30.0512,69.8593,230.597,98.3816,6.25712,56.1818,80.163,23.5495,108.656,259.084,38.1631,80.0398,216.032,15.2378,95.2104,426.069,31.269,71.3915,296.084,69.5389,41.4855,161.352,
mu: 
combDuals: 
srcDuals: 
fixed dual: 0
separating route arcs: 1 144930876 9610962 48825588 75772678 104005138 
separating route locations: 2 459 387 400 293 387 
separating route arcs: 4 144933316 1788741 4366321 5113558 34781938 
separating route locations: 5 460 383 419 315 419 
separating route arcs: 7 144936759 144937248 144937339 68559243 72170309 
separating route locations: 8 185 127 92 52 127 
separating route arcs: 9 144938226 144938564 31447456 
separating route locations: 10 275 341 275 
separating route arcs: 13 144944709 30462149 39070584 
separating route locations: 14 171 383 171 
separating route arcs: 16 3638542 20399771 43002010 78085174 107347087 
separating route locations: 17 469 33 414 231 17 
separating route arcs: 17 7886073 33969169 62814971 69745353 97305555 
separating route locations: 18 172 94 51 85 94 
separating route arcs: 18 5514210 31332478 54732292 55448359 
separating route locations: 19 189 108 93 19 
separating route arcs: 25 144947953 145334803 47693592 89497277 
separating route locations: 26 486 286 280 486 
separating route arcs: 27 144949128 13743877 42012368 
separating route locations: 28 199 40 28 
separating route arcs: 34 144950315 1226524 7056485 25929370 32483826 64220878 
separating route locations: 35 407 357 434 54 447 54 
separating route arcs: 38 420558 1275687 13129767 26836824 48129122 94244210 
separating route locations: 39 101 144 178 220 58 178 
separating route arcs: 39 144955276 144955473 41963036 
separating route locations: 40 28 199 40 
separating route arcs: 40 1227955 1573210 12172047 40641369 
separating route locations: 41 324 437 254 324 
separating route arcs: 45 144871164 144955818 531298 1124652 2053646 3316802 17407841 48937166 95674723 
separating route locations: 46 407 54 350 173 330 362 18 106 362 
separating route arcs: 51 144960221 6762439 44172176 
separating route locations: 52 92 127 92 
separating route arcs: 52 144962087 144962576 144963064 144963551 144963639 88665903 92276969 
separating route locations: 53 57 8 185 127 92 52 127 
separating route arcs: 53 144965496 144965968 6814500 12939330 16480698 38909713 73770614 120568683 
separating route locations: 54 350 475 369 330 362 18 106 362 
separating route arcs: 56 144971830 144971955 50230191 53980490 83402880 
separating route locations: 57 8 127 52 92 127 
separating route arcs: 57 14729052 20577379 38955211 
separating route locations: 58 84 289 84 
separating route arcs: 58 9007 2093541 30823673 65627867 102478820 
separating route locations: 59 206 141 396 162 141 
separating route arcs: 63 253225 16559708 37143846 84173089 
separating route locations: 64 462 204 214 462 
separating route arcs: 64 144974208 263310 5554966 7850344 41463161 48285056 83353524 
separating route locations: 65 430 277 366 110 422 159 110 
separating route arcs: 65 85944 955146 16961119 18729883 56475098 
separating route locations: 66 383 318 419 315 419 
separating route arcs: 67 144975596 357006 1115855 5994222 20831278 26926779 46276219 
separating route locations: 68 351 101 178 220 84 289 84 
separating route arcs: 69 144977549 5101684 7153631 9663218 29705503 63717284 110515353 
separating route locations: 70 350 173 330 362 18 106 362 
separating route arcs: 70 9408 139401 241301 12419020 48867412 72930014 120557547 
separating route locations: 71 118 59 270 462 204 214 462 
separating route arcs: 77 144980500 78819 5533142 8834607 31392027 
separating route locations: 78 375 100 51 94 51 
separating route arcs: 79 144982094 9213921 38798203 47789718 
separating route locations: 80 14 171 383 171 
separating route arcs: 80 144984877 3457071 17774459 30238294 31671787 77002720 105442377 117094449 
separating route locations: 81 359 340 152 292 387 293 459 340 
separating route arcs: 83 144986964 144987453 144987941 144988428 144988517 82921143 86532209 
separating route locations: 84 99 8 185 127 92 52 127 
separating route arcs: 85 144990373 144990649 145349605 145350092 145350578 145350687 125197946 
separating route locations: 86 430 277 366 346 422 110 366 
separating route arcs: 86 14040562 53564467 59226523 
separating route locations: 87 124 271 124 
separating route arcs: 87 3564 12387299 43797936 90878409 
separating route locations: 88 142 29 48 142 
separating route arcs: 98 144992506 414720 21812397 48991825 52551616 
separating route locations: 99 185 127 92 52 92 
separating route arcs: 100 144995425 3240275 5852059 18938819 
separating route locations: 101 178 84 289 84 
separating route arcs: 104 144997692 144997966 9153475 27186219 
separating route locations: 105 348 275 341 275 
separating route arcs: 105 15080334 46131897 72428707 
separating route locations: 106 18 362 106 
separating route arcs: 106 1979603 12504110 37521466 73282119 
separating route locations: 107 108 19 189 108 
separating route arcs: 109 144999575 17199310 48475042 
separating route locations: 110 422 159 110 
separating route arcs: 112 1077140 1305994 23011897 57472242 104761579 
separating route locations: 113 88 142 29 48 142 
separating route arcs: 113 9429428 10537321 40157910 69993033 70762433 94948471 
separating route locations: 114 180 189 19 93 108 19 
separating route arcs: 117 67043 147434 11471472 47461966 71493824 119121357 
separating route locations: 118 59 270 462 204 214 462 
separating route arcs: 123 13365586 29334302 
separating route locations: 124 490 124 
separating route arcs: 125 145004040 145004529 145005009 65986398 80685974 
separating route locations: 126 446 257 484 134 257 
separating route arcs: 126 145006951 145007003 44593801 
separating route locations: 127 92 52 127 
separating route arcs: 128 468910 915808 11829841 53065526 
separating route locations: 129 52 92 127 92 
separating route arcs: 131 145007930 145008419 145008774 7747068 27165480 33789720 65657068 
separating route locations: 132 46 407 357 434 54 447 54 
separating route arcs: 143 5133563 17813973 23692787 
separating route locations: 144 289 84 289 
separating route arcs: 146 1398287 3579528 5864129 25502464 41258105 87059882 110279224 
separating route locations: 147 39 101 144 178 58 220 178 
separating route arcs: 148 145011339 145011521 2801349 33425837 36901392 65689870 
separating route locations: 149 99 185 127 52 92 127 
separating route arcs: 149 145014748 145014944 45178970 78105488 
separating route locations: 150 28 199 40 28 
separating route arcs: 151 144928757 1574207 1962779 29961376 55666018 83898478 
separating route locations: 152 292 457 387 400 293 387 
separating route arcs: 154 1311330 2768618 18126794 32822585 
separating route locations: 155 101 144 178 144 
separating route arcs: 158 145018654 41917491 48753538 
separating route locations: 159 110 422 159 
separating route arcs: 159 145020122 145020248 47881925 51607824 81009230 
separating route locations: 160 8 127 52 92 127 
separating route arcs: 170 8632030 39236591 43208614 52024288 
separating route locations: 171 347 66 383 347 
separating route arcs: 171 7193464 28814399 35106965 61879535 
separating route locations: 172 94 51 85 94 
separating route arcs: 172 145023047 145023536 145023641 46488161 81913680 
separating route locations: 173 330 362 106 18 362 
separating route arcs: 175 145025487 145025680 51784965 66797463 92066732 125719010 
separating route locations: 176 288 194 392 290 432 176 
separating route arcs: 177 1678446 3586071 14203287 
separating route locations: 178 84 289 84 
separating route arcs: 178 145027369 786515 1646072 4873156 39169490 65719348 93951808 
separating route locations: 179 420 359 459 387 400 293 387 
separating route arcs: 179 10457 9166841 32695033 33417097 56650071 
separating route locations: 180 189 19 93 108 19 
separating route arcs: 182 8376864 23569963 29877729 
separating route locations: 183 289 84 289 
separating route arcs: 184 145029928 112089 18756528 45261616 
separating route locations: 185 52 127 92 127 
separating route arcs: 186 2085844 4886233 23115220 56061256 63515351 67854225 100132747 
separating route locations: 187 269 265 234 335 408 428 335 
separating route arcs: 188 8377084 31389139 32111203 55214049 
separating route locations: 189 19 93 108 189 
separating route arcs: 190 86990 18379250 31102089 32537859 65168556 
separating route locations: 191 451 41 324 254 41 
separating route arcs: 193 145032146 27979157 41287267 66691410 112914410 
separating route locations: 194 317 258 397 242 397 
separating route arcs: 201 145036227 145036716 145037204 145037214 114397374 115287489 
separating route locations: 202 105 348 341 10 275 341 
separating route arcs: 202 145038996 145364602 7014995 20089096 61222009 106696876 
separating route locations: 203 336 410 490 124 87 490 
separating route arcs: 204 67766 106981 5345161 40075710 
separating route locations: 205 294 397 242 397 
separating route arcs: 205 1776763 29534371 64191677 101042630 
separating route locations: 206 141 396 162 141 
separating route arcs: 208 145043420 20850073 43462123 67662580 97285284 
separating route locations: 209 365 314 338 274 338 
separating route arcs: 211 145045368 2397799 14861401 24055829 49952568 96632766 98989530 102333745 117061182 118631268 
separating route locations: 212 359 340 459 293 387 457 205 152 292 340 
separating route arcs: 212 145048475 2479101 15568222 16519544 59282629 63076360 92498750 
separating route locations: 213 57 8 185 127 52 92 127 
separating route arcs: 219 3071134 5653133 18562569 
separating route locations: 220 84 289 84 
separating route arcs: 223 145054274 145054763 145055251 145055738 145056224 145056313 89623363 93234429 
separating route locations: 224 84 99 8 185 127 92 52 127 
separating route arcs: 226 145058166 145058566 11721514 43333329 60073409 71614353 94954822 
separating route locations: 227 458 402 304 22 441 83 22 
separating route arcs: 228 145060120 145060609 145060966 34103839 36027124 76579804 
separating route locations: 229 126 446 360 419 315 419 
separating route arcs: 233 7889659 12314903 39293602 43665724 
separating route locations: 234 335 428 408 234 
separating route arcs: 245 132764 1099321 12154922 41990692 49213963 53493301 85770847 
separating route locations: 246 269 265 234 335 408 428 335 
separating route arcs: 248 145063807 25091245 58928890 77297345 
separating route locations: 249 274 354 477 354 
separating route arcs: 249 144872716 144873086 40715573 72367536 92120001 103214846 
separating route locations: 250 398 372 273 488 452 488 
separating route arcs: 250 144874183 144874651 81821346 89368163 131849444 
separating route locations: 251 291 471 355 332 355 
separating route arcs: 253 7194671 8114184 17869839 
separating route locations: 254 324 41 254 
separating route arcs: 254 254290 409484 13749187 50749646 98536199 122682064 
separating route locations: 255 59 270 462 214 204 270 
separating route arcs: 258 145069886 145070375 145070863 145070968 76043029 111594940 
separating route locations: 259 369 330 362 106 18 362 
separating route arcs: 261 145072811 145073300 145073788 145073893 82266519 117818430 
separating route locations: 262 173 330 362 106 18 362 
separating route arcs: 264 4952662 29194786 35979833 40020447 
separating route locations: 265 234 335 408 335 
separating route arcs: 265 3071881 27063373 49988679 54448939 
separating route locations: 266 343 70 350 70 
separating route arcs: 267 145075736 145076225 145076247 50063641 73414345 85020508 113574908 
separating route locations: 268 402 304 22 83 441 333 441 
separating route arcs: 268 469612 9216919 37480576 44555983 48773833 80983547 
separating route locations: 269 265 234 335 408 428 335 
separating route arcs: 272 145080051 145080540 145080822 59592852 
separating route locations: 273 299 78 284 78 
separating route arcs: 273 145081868 30476372 57093920 66842924 110542292 
separating route locations: 274 354 435 311 321 435 
separating route arcs: 274 145084823 145085312 145085800 145086286 34569080 
separating route locations: 275 329 299 78 284 78 
separating route arcs: 276 145087263 145087752 145087862 67949965 75015067 
separating route locations: 277 366 346 110 422 346 
separating route arcs: 278 32942 97974 10577227 34878355 35605787 59043721 
separating route locations: 279 180 189 19 93 108 19 
separating route arcs: 279 145089137 22073552 22584125 49003984 68662231 79756961 105943607 
separating route locations: 280 412 298 296 488 452 372 488 
separating route arcs: 283 145096620 2178254 
separating route locations: 284 78 284 
separating route arcs: 284 145098499 145098988 145099377 74934801 108262318 
separating route locations: 285 432 290 392 194 290 
separating route arcs: 285 145101274 12832266 13359086 
separating route locations: 286 341 275 341 
separating route arcs: 287 145105573 4336483 19662640 62647272 
separating route locations: 288 258 397 242 397 
separating route arcs: 288 2555917 4896031 
separating route locations: 289 84 289 
separating route arcs: 290 144878070 34763242 
separating route locations: 291 471 291 
separating route arcs: 291 145108251 145108456 270172 329431 6789458 15671870 57381242 
separating route locations: 292 457 205 294 397 258 242 397 
separating route arcs: 292 145110587 39170467 65720908 
separating route locations: 293 387 400 387 
separating route arcs: 295 145115088 145386082 145386570 145386941 67729016 99655145 
separating route locations: 296 488 452 372 374 273 488 
separating route arcs: 297 144880984 145388032 145388520 145388897 44868028 61987479 
separating route locations: 298 452 299 78 381 284 78 
separating route arcs: 298 145119962 145120245 28935396 50480068 
separating route locations: 299 78 284 381 299 
separating route arcs: 300 145121354 19521023 36308168 62371418 69742298 102519278 
separating route locations: 301 417 357 434 54 447 54 
separating route arcs: 303 145128565 43301480 45528038 
separating route locations: 304 315 419 315 
separating route arcs: 308 144883470 144883720 51740030 64904538 
separating route locations: 309 303 250 398 303 
separating route arcs: 310 521584 1054026 10355610 37938325 39595133 53873669 
separating route locations: 311 416 437 254 324 41 254 
separating route arcs: 312 1583223 8233182 13955669 44283326 51568085 55885975 88164497 
separating route locations: 313 187 269 234 335 408 428 335 
separating route arcs: 313 145135878 5292567 23121160 31586236 74158812 
separating route locations: 314 380 435 311 321 435 
separating route arcs: 314 145138836 145139153 43811395 
separating route locations: 315 419 318 315 
separating route arcs: 315 145139814 145394366 145394669 97200348 100897183 
separating route locations: 316 458 268 304 402 268 
separating route arcs: 316 145141050 145396069 53552378 79617120 
separating route locations: 317 258 242 397 242 
separating route arcs: 317 145142749 145143064 43762156 
separating route locations: 318 419 315 419 
separating route arcs: 320 13033705 16125518 38458545 71873989 73624981 88342229 
separating route locations: 321 416 437 254 324 41 254 
separating route arcs: 326 107680 354031 508239 14434791 51694418 99493659 123596922 
separating route locations: 327 118 59 270 462 214 204 270 
separating route arcs: 328 145148074 145148563 145148846 145398154 56188984 
separating route locations: 329 299 78 284 381 78 
separating route arcs: 329 133346 5942207 31343224 77004253 
separating route locations: 330 362 18 106 362 
separating route arcs: 330 2808854 5453787 16724632 39803762 46876474 79540254 104044864 
separating route locations: 331 301 357 434 54 447 70 54 
separating route arcs: 331 144885424 144885913 144886381 85651186 
separating route locations: 332 355 291 471 355 
separating route arcs: 332 4953428 14236867 23261637 44399274 
separating route locations: 333 22 441 83 22 
separating route arcs: 333 1312883 7513777 12949038 36658260 71380616 78834731 111141168 115729087 
separating route locations: 334 187 269 265 234 335 428 408 335 
separating route arcs: 334 292454 414245 17659973 50797838 98059359 
separating route locations: 335 88 142 29 48 142 
separating route arcs: 335 145150436 6360078 18951037 60736476 105267526 
separating route locations: 336 410 490 87 124 490 
separating route arcs: 337 3493331 19264964 27321679 30776634 63253918 65007841 79725089 
separating route locations: 338 435 311 416 254 324 41 254 
separating route arcs: 339 145151786 4761963 12255811 13676779 54981246 81996168 110228628 
separating route locations: 340 292 152 457 387 400 293 387 
separating route arcs: 340 145153944 30857764 31679071 
separating route locations: 341 10 275 341 
separating route arcs: 342 9704454 28442016 59912324 
separating route locations: 343 70 447 70 
separating route arcs: 345 145161247 145161405 75209565 82195040 
separating route locations: 346 110 159 422 346 
separating route arcs: 347 145162986 4426351 18537839 
separating route locations: 348 275 341 275 
separating route arcs: 348 11754300 26818964 51854486 59210238 91987218 
separating route locations: 349 357 434 54 447 54 
separating route arcs: 349 145164351 491189 1122884 10646598 20529298 39403615 74249344 121047341 
separating route locations: 350 173 330 362 470 82 18 106 362 
separating route arcs: 350 145167204 434325 3990306 15254402 20962413 
separating route locations: 351 101 178 289 84 289 
separating route arcs: 351 9985540 46054764 90902072 110318560 134277675 138498984 
separating route locations: 352 154 417 357 434 54 357 
separating route arcs: 353 8129110 14294009 17224012 39808847 73309897 88336925 89902991 
separating route locations: 354 311 416 437 254 41 324 254 
separating route arcs: 354 144886850 21040328 34151615 35597145 68519948 
separating route locations: 355 451 41 324 254 324 
separating route arcs: 356 144887434 145172957 145173445 145173932 145174418 145174522 77000489 112552400 
separating route locations: 357 54 350 173 330 362 106 18 362 
separating route arcs: 358 145178649 6145805 6955330 7867236 45562806 72421568 100654028 
separating route locations: 359 340 292 457 387 400 293 387 
separating route arcs: 361 4102448 27089796 72216953 
separating route locations: 362 18 106 362 
separating route arcs: 362 144889672 7249904 25133778 28641220 
separating route locations: 363 338 314 380 338 
separating route arcs: 363 3494068 31717672 38639933 42748379 
separating route locations: 364 193 335 408 335 
separating route arcs: 365 133853 446317 8429686 14640472 17593918 40262201 73788909 75539901 90257149 
separating route locations: 366 380 435 311 416 437 254 324 41 254 
separating route arcs: 367 145187582 145188071 145188354 69167452 
separating route locations: 368 299 78 284 78 
separating route arcs: 368 631011 1369769 11544837 41077404 87536313 
separating route locations: 369 330 362 18 106 362 
separating route arcs: 369 145189361 23018642 24938248 
separating route locations: 370 315 419 315 
separating route arcs: 371 145191935 9070559 23188649 
separating route locations: 372 452 488 372 
separating route arcs: 372 145193329 12195041 31020064 35567200 77042415 84110937 117357287 
separating route locations: 373 377 277 366 110 422 346 366 
separating route arcs: 373 145195677 7759722 23954976 25749294 67928821 
separating route locations: 374 284 381 78 299 284 
separating route arcs: 374 12814 4780432 7832736 29665475 
separating route locations: 375 100 51 94 51 
separating route arcs: 376 145201733 145202010 18543794 22543394 62201522 97709564 
separating route locations: 377 430 277 366 110 159 110 
separating route arcs: 377 159989 12735395 14022065 45191652 75259063 76028463 100214501 
separating route locations: 378 114 180 189 19 93 108 19 
separating route arcs: 378 873807 24970571 58925647 95776600 
separating route locations: 379 141 396 162 141 
separating route arcs: 379 87340 1023201 1751155 12820516 41549053 43231725 57703509 
separating route locations: 380 311 416 437 254 324 41 254 
separating route arcs: 382 145203911 2860013 4908892 24684146 41249388 55311555 102370977 
separating route locations: 383 229 126 446 257 134 484 257 
separating route arcs: 384 8634337 43745110 82822138 
separating route locations: 385 208 476 208 
separating route arcs: 385 145207356 5601845 36100520 38240214 
separating route locations: 386 370 315 419 315 
separating route arcs: 386 15082671 38003270 65706738 
separating route locations: 387 400 293 387 
separating route arcs: 389 145214796 145215075 76092837 103533864 
separating route locations: 390 26 280 486 26 
separating route arcs: 390 9986325 50231158 65357815 99158668 100912591 
separating route locations: 391 451 41 254 324 41 
separating route arcs: 391 145216518 5222644 21580490 65041410 
separating route locations: 392 258 397 242 397 
separating route arcs: 396 145222113 145222370 50561259 
separating route locations: 397 242 258 397 
separating route arcs: 397 144892526 8714177 15699836 38010321 72813154 119611223 
separating route locations: 398 259 369 362 18 106 362 
separating route arcs: 399 145228293 37828460 
separating route locations: 400 387 400 
separating route arcs: 400 144893497 31682928 57580021 64952093 108153833 
separating route locations: 401 251 291 355 471 251 
separating route arcs: 401 145231813 145231835 24003835 45326411 56775438 85329481 
separating route locations: 402 304 22 83 441 333 83 
separating route arcs: 402 145233280 145233555 24558625 46708747 
separating route locations: 403 348 275 341 275 
separating route arcs: 406 144896225 333295 847743 7038144 9665629 12660808 34046771 68504584 115302653 
separating route locations: 407 54 350 475 173 330 362 18 106 362 
separating route arcs: 407 108653 1897951 2191795 26623603 61780812 109070149 
separating route locations: 408 113 88 142 29 48 142 
separating route arcs: 409 3944885 6487641 18951074 59785819 105260686 
separating route locations: 410 336 490 124 87 490 
separating route arcs: 411 144897936 145245456 145245904 18650210 47096237 64854293 
separating route locations: 412 298 372 452 273 374 372 
separating route arcs: 415 87954 5540189 29207477 30797917 44488901 
separating route locations: 416 437 254 324 41 254 
separating route arcs: 416 13700682 29340472 54711738 62082481 101485612 
separating route locations: 417 357 434 54 309 54 
separating route arcs: 417 144899595 144900084 144900439 5984170 23921240 30313680 61827244 86332149 90834374 
separating route locations: 418 46 407 357 434 54 447 70 350 70 
separating route arcs: 418 145252096 12719501 
separating route locations: 419 315 419 
separating route arcs: 419 144901903 544119 2608042 32561452 58538398 86770858 
separating route locations: 420 359 459 387 400 293 387 
separating route arcs: 421 145255996 1524306 2407001 20743766 33713877 35157943 
separating route locations: 422 311 416 254 41 324 254 
separating route arcs: 424 145492034 14095125 15775027 52649650 
separating route locations: 425 318 419 315 419 
separating route arcs: 429 145261957 145262335 1053535 11227974 18282897 21385698 44836245 78576209 80327201 95044449 
separating route locations: 430 366 380 435 311 416 437 254 324 41 254 
separating route arcs: 430 575022 21821627 44844035 73832963 109200474 
separating route locations: 431 75 33 231 414 33 
separating route arcs: 431 145263911 145264301 38569863 71400108 
separating route locations: 432 290 392 194 290 
separating route arcs: 432 145265840 14863853 43383825 90400981 
separating route locations: 433 466 465 200 466 
separating route arcs: 433 145268305 145268749 31801242 36010950 70892617 
separating route locations: 434 54 447 350 262 350 
separating route arcs: 434 4601796 9077819 11411338 32300933 65171769 66922761 81640009 
separating route locations: 435 311 416 437 254 324 41 254 
separating route arcs: 435 145272197 145272474 26367450 30769397 62781146 69747824 111989649 
separating route locations: 436 430 277 366 346 422 110 366 
separating route arcs: 437 145275346 5810137 22748280 66477600 
separating route locations: 438 258 397 242 397 
separating route arcs: 442 144905911 6879869 44629138 71463307 114853652 
separating route locations: 443 461 251 291 471 291 
separating route arcs: 443 145280947 145281436 145281750 13157784 33190600 61859280 97705882 
separating route locations: 444 430 366 314 338 274 354 338 
separating route arcs: 446 145287291 145287780 145288268 145288755 145288860 83702709 119254620 
separating route locations: 447 350 173 330 362 106 18 362 
separating route arcs: 447 144909740 198444 7000155 12617869 15400655 44756200 46464739 61054619 
separating route locations: 448 380 435 311 416 254 324 41 254 
separating route arcs: 450 145293135 145293458 29085243 61338998 
separating route locations: 451 41 324 254 324 
separating route arcs: 451 145294113 145455960 145456447 44406378 61508749 
separating route locations: 452 299 78 381 284 78 
separating route arcs: 456 145298396 16533500 39800582 67621658 
separating route locations: 457 387 400 293 387 
separating route arcs: 457 145300365 10525221 41506737 58158489 69699433 93039902 
separating route locations: 458 402 304 22 441 83 22 
separating route arcs: 458 145302305 145458689 50423992 77210428 
separating route locations: 459 387 293 400 387 
separating route arcs: 459 145303768 3577303 26256488 66049698 68352385 
separating route locations: 460 383 318 315 419 315 
separating route arcs: 460 144913233 10063894 30986833 37747441 80387533 
separating route locations: 461 453 291 355 471 291 
separating route arcs: 466 145308670 145465215 145465490 33853117 57127326 98599284 
separating route locations: 467 403 348 275 341 10 275 
separating route arcs: 467 11755373 53064010 68230265 69796331 103467238 
separating route locations: 468 451 41 324 254 324 
separating route arcs: 468 4953928 20810899 47124611 82391594 
separating route locations: 469 33 231 414 33 
separating route arcs: 473 4430435 29598482 55661606 97639624 
separating route locations: 474 26 486 280 26 
separating route arcs: 474 145312499 4229883 19659973 51764162 98547103 
separating route locations: 475 330 362 18 106 362 
separating route arcs: 479 939631 25773464 39466447 40954921 74264708 
separating route locations: 480 451 41 324 254 324 
separating route arcs: 485 145322270 18914089 19501943 
separating route locations: 486 341 275 341 
separating route arcs: 487 145326289 5830638 23136858 38992526 70452616 
separating route locations: 488 452 372 374 273 488 
separating route arcs: 489 145328812 29967454 73192616 
separating route locations: 490 87 124 490 
STATS - lpIterations[1] lagIterations[7] sspIterations[623] numSeparations[546] numCuts[0] compileTime[115] sspSolveTime[802] lpSolveTime[0] lb[62585.6] ub[66484] numArcs: [145884639] numFixed: [0] numHeuristicIPs: [0] numHeuristicLNS: [0] numPrimalLNSRepairs: [0] time: [1263]
STATS1 - lpIterations[1] lagIterations[7] sspIterations[623] numSeparations[546] numCuts[0] compileTime[115] sspSolveTime[802] lpSolveTime[0] repairTime[305] cutsTime[0] alphaTime[0] decompTime[28] yellowTime[0] updateTime[10] fixTime[0] lb[62585.6] ub[66484] numArcs: [145884639] numFixed: [0] time: [1263]
creating solution
Lagrangean bound solution value: 61268.9
added route to primal routes: 0,195,328,483,413,358,0,
added route to primal routes: 0,5,460,66,229,257,484,134,446,126,0,
added route to primal routes: 0,14,171,347,383,0,
added route to primal routes: 0,35,26,280,486,0,
added route to primal routes: 0,46,452,273,374,372,298,412,407,0,
added route to primal routes: 0,55,227,268,304,402,458,0,
added route to primal routes: 0,65,444,159,422,110,366,277,430,0,
added route to primal routes: 0,66,229,126,257,484,134,446,0,
added route to primal routes: 0,68,155,58,220,178,144,101,0,
added route to primal routes: 0,78,375,310,100,51,85,94,0,
added route to primal routes: 0,80,171,383,0,
added route to primal routes: 0,81,359,340,459,293,387,292,152,0,
added route to primal routes: 0,84,410,490,87,124,336,0,
added route to primal routes: 0,101,144,178,0,
added route to primal routes: 0,105,348,341,275,10,329,488,452,0,
added route to primal routes: 0,132,407,390,280,486,26,46,0,
added route to primal routes: 0,154,417,357,0,
added route to primal routes: 0,155,220,178,144,101,0,
added route to primal routes: 0,159,422,346,0,
added route to primal routes: 0,173,330,470,82,256,94,85,51,100,310,375,78,298,0,
added route to primal routes: 0,179,400,293,387,459,292,340,359,0,
added route to primal routes: 0,187,234,428,335,265,0,
added route to primal routes: 0,202,105,403,0,
added route to primal routes: 0,212,400,293,387,459,340,359,0,
added route to primal routes: 0,224,410,490,87,124,336,0,
added route to primal routes: 0,229,216,257,484,134,0,
added route to primal routes: 0,250,372,273,0,
added route to primal routes: 0,255,270,462,214,204,59,0,
added route to primal routes: 0,259,369,18,106,362,0,
added route to primal routes: 0,262,369,18,106,362,0,
added route to primal routes: 0,266,343,70,447,0,
added route to primal routes: 0,268,402,22,83,441,333,0,
added route to primal routes: 0,269,265,234,428,335,0,
added route to primal routes: 0,275,329,299,78,381,284,0,
added route to primal routes: 0,279,107,108,93,19,189,0,
added route to primal routes: 0,280,286,376,403,105,202,467,0,
added route to primal routes: 0,285,432,290,194,392,0,
added route to primal routes: 0,286,296,488,452,273,374,372,0,
added route to primal routes: 0,288,258,242,397,317,0,
added route to primal routes: 0,291,355,332,0,
added route to primal routes: 0,296,452,273,374,372,0,
added route to primal routes: 0,301,70,447,54,434,357,0,
added route to primal routes: 0,303,250,372,273,452,488,0,
added route to primal routes: 0,307,293,387,459,340,0,
added route to primal routes: 0,407,309,303,250,398,372,452,488,296,298,412,46,0,
added route to primal routes: 0,311,416,323,437,254,0,
added route to primal routes: 0,314,338,354,274,0,
added route to primal routes: 0,331,301,154,417,349,0,
added route to primal routes: 0,335,142,48,29,88,0,
added route to primal routes: 0,336,490,87,124,0,
added route to primal routes: 0,314,338,380,0,
added route to primal routes: 0,341,275,10,329,273,372,452,488,296,298,412,0,
added route to primal routes: 0,348,275,10,341,0,
added route to primal routes: 0,349,417,154,0,
added route to primal routes: 0,350,475,173,330,362,106,18,369,0,
added route to primal routes: 0,351,410,490,87,124,336,0,
added route to primal routes: 0,352,154,417,349,301,132,418,0,
added route to primal routes: 0,355,481,274,354,338,314,365,377,0,
added route to primal routes: 0,357,262,475,350,447,54,0,
added route to primal routes: 0,359,459,387,293,400,0,
added route to primal routes: 0,363,314,338,380,0,
added route to primal routes: 0,366,380,311,416,437,254,324,41,0,
added route to primal routes: 0,370,402,304,22,83,441,0,
added route to primal routes: 0,488,452,372,0,
added route to primal routes: 0,373,365,314,338,354,274,0,
added route to primal routes: 0,376,341,10,275,0,
added route to primal routes: 0,377,277,366,346,110,422,159,0,
added route to primal routes: 0,476,431,148,385,0,
added route to primal routes: 0,386,458,402,304,22,83,441,0,
added route to primal routes: 0,403,105,348,275,10,341,0,
added route to primal routes: 0,407,412,298,372,374,273,452,488,296,0,
added route to primal routes: 0,410,490,87,124,0,
added route to primal routes: 0,412,298,372,273,452,488,296,0,
added route to primal routes: 0,417,54,434,357,0,
added route to primal routes: 0,467,105,403,418,0,
added route to primal routes: 0,430,366,110,346,422,159,0,
added route to primal routes: 0,432,290,194,392,0,
added route to primal routes: 0,434,262,475,350,447,54,0,
added route to primal routes: 0,436,159,110,366,430,0,
added route to primal routes: 0,440,451,41,324,254,437,416,311,435,380,0,
added route to primal routes: 0,447,350,475,262,0,
added route to primal routes: 0,448,430,277,366,110,422,159,0,
added route to primal routes: 0,452,273,299,78,381,0,
added route to primal routes: 0,460,383,419,315,0,
added route to primal routes: 0,461,251,291,471,0,
added route to primal routes: 0,472,453,291,471,0,
added route to primal routes: 0,486,286,296,488,452,273,372,0,
best alpha: 0.055
alpha: 0.229232
psiStar: 64105.4
lagLB: 61268.9
||gamma||^2: 12374
Dual needs repair, spl: -33.5189
Dual needs repair, spl: -31.7739
Dual needs repair, spl: -25.2106
Dual needs repair, spl: -24.6917
Dual needs repair, spl: -23.2851
Dual needs repair, spl: -22.3441
Dual needs repair, spl: -21.4179
Dual needs repair, spl: -20.9832
Dual needs repair, spl: -20.9217
Dual needs repair, spl: -20.1666
Dual needs repair, spl: -19.8415
Dual needs repair, spl: -19.1769
Dual needs repair, spl: -17.1596
Dual needs repair, spl: -17.0706
Dual needs repair, spl: -15.4676
Dual needs repair, spl: -12.9781
Dual needs repair, spl: -12.5717
Dual needs repair, spl: -12.2272
Dual needs repair, spl: -12.2052
Dual needs repair, spl: -12.1829
Dual needs repair, spl: -11.4039
Dual needs repair, spl: -11.4036
Dual needs repair, spl: -10.7982
Dual needs repair, spl: -9.82906
Dual needs repair, spl: -9.34903
Dual needs repair, spl: -6.88479
Dual needs repair, spl: -5.92787
Dual needs repair, spl: -5.81647
Dual needs repair, spl: -5.6953
Dual needs repair, spl: -5.60168
Dual needs repair, spl: -5.3257
Dual needs repair, spl: -4.78777
Dual needs repair, spl: -4.32903
Dual needs repair, spl: -4.16615
Dual needs repair, spl: -3.91738
Dual needs repair, spl: -3.43717
Dual needs repair, spl: -3.33004
Dual needs repair, spl: -2.52306
Dual needs repair, spl: -2.02313
Dual needs repair, spl: -1.99974
Dual needs repair, spl: -1.92027
Dual needs repair, spl: -1.91152
Dual needs repair, spl: -1.76424
Dual needs repair, spl: -1.65555
Dual needs repair, spl: -1.44887
Dual needs repair, spl: -1.33719
Dual needs repair, spl: -0.925606
Dual needs repair, spl: -0.747616
repaired lb: 62602.7
STATS - lpIterations[1] lagIterations[8] sspIterations[785] numSeparations[546] numCuts[0] compileTime[115] sspSolveTime[986] lpSolveTime[0] lb[62602.7] ub[66484] numArcs: [145883596] numFixed: [0] numHeuristicIPs: [0] numHeuristicLNS: [0] numPrimalLNSRepairs: [0] time: [1550]
STATS1 - lpIterations[1] lagIterations[8] sspIterations[785] numSeparations[546] numCuts[0] compileTime[115] sspSolveTime[986] lpSolveTime[0] repairTime[403] cutsTime[0] alphaTime[0] decompTime[32] yellowTime[0] updateTime[11] fixTime[0] lb[62602.7] ub[66484] numArcs: [145883596] numFixed: [0] time: [1550]
lambda: 0,66.3719,115.584,178.4,249.33,14.5094,74.7597,164.844,203.629,85.6711,140.855,126.713,52.6476,181.656,217.529,154.914,116.082,29.6201,150.931,172.84,245.629,279.124,158.576,200.545,75.456,178.863,88.9227,53.4326,39.7479,153.392,112.227,117.778,234.326,31.8768,65.2177,28.514,27.0761,115.507,248.143,40.4208,157.276,105.87,102.007,217.769,226.582,238.788,6.20453,122.993,180.378,85.8999,24.9466,45.0953,35.6034,46.2385,24.8882,219.522,100.97,89.7669,233.357,20.8581,204.61,179.61,42.9279,172.208,62.8669,7.22876,41.2157,356.395,24.879,60.442,80.1,22.4107,195.666,166.61,126.32,43.4911,20.2784,314.493,14.2056,92.3438,65.1037,86.8893,104.889,219.263,49.2927,141.666,206.435,372.209,17.0334,185.054,82.755,78.6476,232.462,15.4695,150.36,238.881,119.858,51.3298,133.76,62.7226,136.962,37.8596,280.591,55.1008,22.0775,40.4108,194.7,104.864,141.94,295.872,217.923,141.512,222.227,42.2579,187.323,141.638,369.031,136.853,32.9602,285.218,309.012,68.1335,151.059,39.2329,361.714,133.115,62.4494,356.512,230.928,79.4434,179.063,226.778,26.2904,89.7971,129.679,186.75,87.5354,62.0401,155.872,73.0681,115.549,420.594,154.351,154.003,137.674,125.288,363.274,46.8874,27.4179,98.1761,152.976,235.437,82.8876,61.9005,106.516,64.131,152.18,187.601,315.143,186.17,71.7436,225.442,342.36,120.021,59.5167,43.255,286.489,346.937,72.227,201.059,24.9853,291.199,158.953,25.8554,92.8251,266.134,202.834,30.2831,88.292,29.8138,19.9134,62.0074,112.12,208.981,22.4373,15.1412,177.274,33.0492,186.54,204.882,71.5098,23.5982,71.5027,58.5316,172.216,77.9092,283.091,35.4606,331.311,183.974,61.9849,22.3298,136.976,10.6975,229.365,30.7799,163.746,185.101,19.3827,165.323,33.227,69.6663,53.3132,49.9955,448.991,199.134,222.935,197.138,164.755,306.657,116.561,283.255,164.461,60.6569,46.2343,134.391,85.2363,20.2684,80.8532,115.351,339.283,44.2233,158.068,187.489,57.8526,91.9279,229.087,108.582,124.059,216.563,70.5448,169.806,277.602,162.106,121.358,95.6709,12.8557,98.9747,104.077,166.874,119.477,246.053,95.9887,171.947,227.069,53.7627,159.766,171.333,92.8131,92.0266,23.4005,126.529,128.27,115.965,67.9279,41.0085,74.1958,229.878,239.053,21.0769,328.069,58.35,79.1196,111.379,172.197,9.94013,189.75,119.788,69.1323,17.4306,106.518,14.5801,243.533,176.176,77.5165,177.066,61.7938,38.9044,60.5965,123.302,126.341,139.057,17.3708,146.187,16.3899,141.666,93.3599,150.722,5.19224,172.03,358.171,23.5992,143.972,30.0861,325.709,298.9,257.037,132.234,70.4513,119.344,160.348,67.6649,220.115,16.6263,143.501,361.42,255.849,168.551,317.578,48.8532,192.297,279.186,31.8011,308.629,20.7573,198.021,192.603,22.5524,114.148,32.8316,25.7082,39.2892,229.255,259.778,10.1196,22.0326,55.4937,135.526,139.054,150.227,128.295,80.6021,207.319,119.003,225.381,239.461,176.823,303.791,88.4508,102.466,21.1989,14.5706,90.1491,57.1041,209.963,40.5106,108.755,56.8774,125.985,31.5222,164.014,160.342,107.298,48.7376,30.2465,108.969,28.0546,19.1476,156.502,51.3007,131.317,37.3124,88.0967,85.4673,66.2804,20.8542,126.617,115.154,25.35,117.364,31.8755,99.1897,20.1295,81.008,51.5273,18.6649,118.086,236.498,128.717,342.663,72.0639,249.168,77.765,334.582,7.18497,310.501,336.954,154.027,38.7972,191.173,139.648,85.3447,37.5407,94.3754,127.505,52.47,169.989,1.16529,19.0502,118.746,200.787,257.183,43.4836,69.7995,45.3584,21.9279,34.8745,118.064,16.3812,24.8611,14.7518,52.6663,44.0351,34.0669,261.94,68.99,161.543,221.242,65.0087,34.2076,27.9755,9.94388,166.415,23.5157,76.6858,173.64,150.407,184.164,88.3775,210.167,212.902,115.439,340.451,92.4528,47.9601,73.6882,271.323,104.281,0,58.4653,88.7971,312,39.6625,142.108,48.7036,88.5074,44.5834,20.408,303.219,62.6755,122.116,61.4152,391.944,372.577,362.261,55.565,35.2448,33.148,259.133,30.0998,68.4776,230.557,97.6555,6.25712,56.1818,82.2376,24.5538,108.588,259.152,38.2317,80.0398,216.443,15.3064,95.279,426.203,31.2947,71.0419,296.152,69.6319,41.5541,160.472,
mu: 
combDuals: 
srcDuals: 
fixed dual: 0
separating route arcs: 194 3790905 24266003 55600676 71571277 94483759 
separating route locations: 195 328 358 413 483 358 
separating route arcs: 1 144930876 145503054 145503346 77197248 104019308 
separating route locations: 2 459 387 293 400 387 
separating route arcs: 4 144933316 145504580 2780435 7558597 11092731 35754843 49619011 96626217 115117594 
separating route locations: 5 460 66 229 126 446 134 484 257 446 
separating route arcs: 7 144936759 144936850 23495173 26554311 71732672 
separating route locations: 8 185 92 52 127 185 
separating route arcs: 13 144944709 145508415 145508760 76609844 
separating route locations: 14 171 383 347 171 
separating route arcs: 16 145509393 145509882 145510111 71918043 107285554 
separating route locations: 17 469 33 231 414 33 
separating route arcs: 25 144947953 145335008 145335292 89734687 
separating route locations: 26 486 280 286 486 
separating route arcs: 34 144949936 18437378 42524102 84235184 
separating route locations: 35 26 486 280 26 
separating route arcs: 38 145520614 145521103 145521591 145521648 71261792 94481134 
separating route locations: 39 101 144 178 58 220 178 
separating route arcs: 39 144954983 145340398 42262984 
separating route locations: 40 199 28 40 
separating route arcs: 45 144871164 144956254 144956742 144957227 12171755 20548540 49441575 67247943 
separating route locations: 46 407 412 298 372 452 273 374 372 
separating route arcs: 53 144965496 144965968 145530832 145531319 145531805 145531909 85138899 120690810 
separating route locations: 54 350 475 369 330 362 106 18 362 
separating route arcs: 54 144968905 144969394 144969882 144970183 97200348 100897183 
separating route locations: 55 227 458 268 304 402 268 
separating route arcs: 56 144971830 144971955 145533346 80048763 83659829 
separating route locations: 57 8 127 92 52 127 
separating route arcs: 58 145536675 145537164 145537324 66568949 102492498 
separating route locations: 59 206 141 162 396 141 
separating route arcs: 63 145539115 145539327 60237799 84419781 
separating route locations: 64 462 214 204 462 
separating route arcs: 64 144974222 701026 1460615 10085472 13321241 50270623 57301870 92449394 
separating route locations: 65 444 430 277 366 110 422 159 110 
separating route arcs: 65 145543987 1606629 3169264 20383868 36318614 50089445 97104947 
separating route locations: 66 229 126 446 257 134 484 257 
separating route arcs: 67 144975401 2458176 4387547 22329472 37653882 60018316 106212460 
separating route locations: 68 155 101 144 178 220 58 178 
separating route arcs: 69 144977549 145549346 145549834 145550321 145550425 75085569 110637480 
separating route locations: 70 350 173 330 362 106 18 362 
separating route arcs: 70 145552266 145552755 145553243 145553730 145553940 96621279 120803261 
separating route locations: 71 118 59 270 462 214 204 462 
separating route arcs: 77 144980500 145555493 8915736 29265344 35546167 62358265 92021898 
separating route locations: 78 375 310 100 51 85 94 51 
separating route arcs: 79 144982250 14433734 21721126 
separating route locations: 80 171 383 171 
separating route arcs: 80 144984877 145559088 145559542 27306901 53738488 100462443 102348403 117064650 
separating route locations: 81 359 340 459 293 387 292 152 340 
separating route arcs: 83 144986882 6790025 10216065 24776848 66966769 112441636 
separating route locations: 84 410 336 490 124 87 490 
separating route arcs: 85 144990373 144990649 145349605 145349714 85180825 92249347 125289996 
separating route locations: 86 430 277 366 110 422 346 366 
separating route arcs: 100 144995391 7918837 19729481 
separating route locations: 101 144 178 144 
separating route arcs: 104 144997692 144998181 144998669 144998679 145351389 73108590 92598731 103693576 
separating route locations: 105 348 341 275 10 329 488 452 488 
separating route arcs: 106 145573176 145573362 43346516 73344158 
separating route locations: 107 108 189 19 108 
separating route arcs: 109 144999575 145575129 145575473 81930035 
separating route locations: 110 422 159 346 110 
separating route arcs: 117 145581472 145581961 145582449 145582660 95185089 119367071 
separating route locations: 118 59 270 462 214 204 462 
separating route arcs: 131 145007930 145008419 145008807 16619652 49853012 77204456 119182474 
separating route locations: 132 46 407 390 26 486 280 26 
separating route arcs: 148 145011339 145011828 145012316 145012407 42039259 45518565 92318062 
separating route locations: 149 99 8 185 92 52 127 185 
separating route arcs: 149 145014455 38342533 45482334 78105488 
separating route locations: 150 199 28 40 28 
separating route arcs: 151 144928757 145598529 145599017 145599308 57090588 83912648 
separating route locations: 152 292 457 387 293 400 387 
separating route arcs: 153 12382796 51664268 71062683 
separating route locations: 154 417 357 417 
separating route arcs: 154 145600965 145601454 145601942 145602158 54752372 
separating route locations: 155 101 144 178 220 144 
separating route arcs: 158 145018655 145018999 39737688 
separating route locations: 159 422 346 422 
separating route arcs: 159 145020122 145020248 145603008 77655113 81266179 
separating route locations: 160 8 127 92 52 127 
separating route arcs: 170 145604869 145605249 48259562 52078509 
separating route locations: 171 347 383 66 347 
separating route arcs: 171 145606823 145606907 55180693 62090568 
separating route locations: 172 94 85 51 94 
separating route arcs: 175 145025486 145358836 145359225 80200831 113528346 125912408 
separating route locations: 176 432 290 392 194 288 176 
separating route arcs: 178 145027309 907256 9783544 17896855 41161620 69057848 115781803 117667950 
separating route locations: 179 359 340 459 400 293 387 292 340 
separating route arcs: 179 145616031 145616520 145616626 56168482 56884549 
separating route locations: 180 189 19 108 93 19 
separating route arcs: 186 145620689 15919618 47065914 54419501 86725865 
separating route locations: 187 265 234 335 428 335 
separating route arcs: 188 145624324 145624430 54732292 55448359 
separating route locations: 189 19 108 93 19 
separating route arcs: 201 145036227 145036627 53699616 
separating route locations: 202 105 403 105 
separating route arcs: 202 145038996 145364602 145631637 145631724 62172666 106703716 
separating route locations: 203 336 410 490 87 124 490 
separating route arcs: 205 145635539 145635700 65132759 101056308 
separating route locations: 206 141 162 396 141 
separating route arcs: 211 145045368 145639442 145639930 145640416 48553876 76717528 123375528 
separating route locations: 212 359 340 459 400 293 387 459 
separating route arcs: 212 145048475 145643807 145644295 145644782 145644871 89144633 92755699 
separating route locations: 213 57 8 185 127 92 52 127 
separating route arcs: 223 145054192 6572532 9932618 24378150 66488039 111962906 
separating route locations: 224 410 336 490 124 87 490 
separating route arcs: 226 145058166 145058566 145649159 145649646 145649728 83467675 95073528 
separating route locations: 227 458 402 304 22 83 441 22 
separating route arcs: 228 145059845 8974546 22029418 34596353 80828127 
separating route locations: 229 216 257 134 484 257 
separating route arcs: 245 145655003 145655492 145655980 145656467 145656889 81459908 86047827 
separating route locations: 246 269 265 234 335 428 408 335 
separating route arcs: 249 144872597 145065760 59441710 
separating route locations: 250 372 273 372 
separating route arcs: 250 144874183 144874672 144875139 89004714 131849444 
separating route locations: 251 291 355 471 332 355 
separating route arcs: 254 145664611 145665100 145665303 33627302 80343249 122501770 
separating route locations: 255 59 270 204 214 462 270 
separating route arcs: 258 145069886 145070246 26343163 59887444 106685513 
separating route locations: 259 369 362 18 106 362 
separating route arcs: 261 145072688 14985412 37121669 71855694 118653763 
separating route locations: 262 369 362 18 106 362 
separating route arcs: 264 145669237 9354243 37480576 44555983 48773833 80983547 
separating route locations: 265 269 234 335 408 428 335 
separating route arcs: 265 145671414 145671903 145672346 82891364 
separating route locations: 266 343 70 447 70 
separating route arcs: 267 145075736 145075758 16375379 36266163 47301366 75755238 
separating route locations: 268 402 22 83 441 333 441 
separating route arcs: 268 145675310 145675799 145676287 145676710 76672535 
separating route locations: 269 265 234 335 428 335 
separating route arcs: 273 145081868 145678721 145679040 100963174 110888152 
separating route locations: 274 354 435 321 311 435 
separating route arcs: 274 145084823 145085312 145085800 145086286 145680668 56667714 
separating route locations: 275 329 299 78 284 381 78 
separating route arcs: 276 145087263 145087373 35208361 68048153 75015067 
separating route locations: 277 366 110 346 422 346 
separating route arcs: 278 145681748 2568165 14178372 14728500 40216702 76154499 
separating route locations: 279 107 108 93 19 189 108 
separating route arcs: 284 145098499 145098988 145099182 93419347 108446973 
separating route locations: 285 432 290 194 392 290 
separating route arcs: 285 145101229 145379748 145380236 145380723 145381093 86878216 118804309 
separating route locations: 286 296 488 452 372 374 273 452 
separating route arcs: 287 145105631 11521619 22454617 65998870 92064100 
separating route locations: 288 317 258 242 397 242 
separating route arcs: 290 144878091 144878422 42357582 
separating route locations: 291 355 332 355 
separating route arcs: 291 145108251 145108456 145693344 145693831 145694072 43260761 57706585 
separating route locations: 292 457 205 294 397 242 258 397 
separating route arcs: 295 145115089 145115578 145116066 145116553 80173653 
separating route locations: 296 452 372 273 374 372 
separating route arcs: 297 144880906 145117042 145117530 145118017 145118392 93047006 110339209 
separating route locations: 298 374 368 299 78 381 284 78 
separating route arcs: 298 145119755 27252764 48598112 50676934 
separating route locations: 299 284 381 78 299 
separating route arcs: 300 145121294 4308654 20414942 26519574 49047908 81933904 
separating route locations: 301 357 434 54 70 447 70 
separating route arcs: 302 144882251 145126791 145127063 70452616 90205081 101299926 
separating route locations: 303 250 372 273 488 452 488 
separating route arcs: 306 145131036 22741655 32877540 78438910 106878567 
separating route locations: 307 340 459 387 293 459 
separating route arcs: 310 145704057 145704545 15520581 38013557 80390122 
separating route locations: 311 416 254 437 323 437 
separating route arcs: 313 145135836 17419826 43414266 79035412 
separating route locations: 314 338 274 354 338 
separating route arcs: 316 145141034 39624308 65253265 
separating route locations: 317 242 397 242 
separating route arcs: 326 145718190 145718679 145719167 145719369 34502290 81300709 123419313 
separating route locations: 327 118 59 270 204 214 462 270 
separating route arcs: 328 145148074 145148563 145149051 145149334 56242719 
separating route locations: 329 299 78 381 284 78 
separating route arcs: 330 145724014 145724361 36095369 78476158 123388860 
separating route locations: 331 301 349 154 417 349 
separating route arcs: 334 145733756 145734245 145734292 61199482 98168785 
separating route locations: 335 88 142 48 29 142 
separating route arcs: 335 145150517 145151006 145151093 79409266 
separating route locations: 336 490 124 87 490 
separating route arcs: 337 145737970 17414066 20616996 
separating route locations: 338 314 380 338 
separating route arcs: 339 145151786 145741554 145742042 145742529 145742820 83420738 110242798 
separating route locations: 340 292 152 457 387 293 400 387 
separating route arcs: 347 145163201 145163211 55992314 56882429 
separating route locations: 348 341 10 275 341 
separating route arcs: 348 145748534 48856874 93774444 
separating route locations: 349 154 417 349 
separating route arcs: 349 145164668 145165156 5875067 8089093 27173347 72213189 107765107 118537611 
separating route locations: 350 475 173 330 362 106 18 369 475 
separating route arcs: 350 145167510 4789028 7606361 20856236 62179469 107654336 
separating route locations: 351 410 336 490 124 87 490 
separating route arcs: 356 144887434 145172912 25066810 29058870 63233062 84921762 
separating route locations: 357 54 447 350 262 475 262 
separating route arcs: 358 145178767 1611780 28685250 54229828 82462288 
separating route locations: 359 459 387 400 293 387 
separating route arcs: 362 144889648 7707383 25141106 28641220 
separating route locations: 363 314 338 380 338 
separating route arcs: 365 145773307 145773795 1918812 2913114 16305189 46149937 47862865 62490809 
separating route locations: 366 380 311 416 437 254 324 41 254 
separating route arcs: 368 145778168 145778657 145778762 52120681 87658440 
separating route locations: 369 330 362 106 18 362 
separating route arcs: 369 145189447 2062910 22651793 37655699 60488635 72094488 
separating route locations: 370 402 304 22 83 441 22 
separating route arcs: 371 145191971 14561356 23265836 
separating route locations: 372 488 452 372 
separating route arcs: 372 145193318 10392814 30140151 53301656 82923400 118770002 
separating route locations: 373 365 314 338 274 354 338 
separating route arcs: 373 145195883 145196372 145196655 84965844 107891824 110003830 
separating route locations: 374 368 299 284 381 78 299 
separating route arcs: 375 145198659 31881777 32546893 72754280 
separating route locations: 376 341 275 10 341 
separating route arcs: 376 145201732 145413367 145413711 48487743 90928743 126132088 131781185 
separating route locations: 377 277 366 346 110 159 422 159 
separating route arcs: 377 145791331 145791820 145792308 145792795 145792901 99732912 100448979 
separating route locations: 378 114 180 189 19 108 93 19 
separating route arcs: 378 145794740 145794901 59866729 95790278 
separating route locations: 379 141 162 396 141 
separating route arcs: 379 145796694 145797183 145797671 145798158 145798199 56262015 57828081 
separating route locations: 380 311 416 437 254 41 324 254 
separating route arcs: 382 145203911 145800102 145800590 145801077 145801555 88007978 102707554 
separating route locations: 383 229 126 446 257 484 134 257 
separating route arcs: 384 145803006 40131453 50127213 78155272 
separating route locations: 385 476 431 148 476 
separating route arcs: 385 145207443 18447561 21389962 56030655 72999119 84540063 107880532 
separating route locations: 386 458 402 304 22 441 83 22 
separating route arcs: 389 145214790 25922012 61301338 103384384 
separating route locations: 390 486 26 280 26 
separating route arcs: 391 145216656 10943508 21677230 65041410 
separating route locations: 392 397 258 242 397 
separating route arcs: 397 144892517 17691600 40715573 72367536 92120001 103214846 
separating route locations: 398 250 372 273 488 452 488 
separating route arcs: 401 145231813 145231835 145817659 145817989 73842759 85497523 
separating route locations: 402 304 22 83 333 441 83 
separating route arcs: 402 145232895 11970307 33170149 56648596 98120554 99010676 
separating route locations: 403 105 348 341 10 275 348 
separating route arcs: 406 144896581 145240583 145240879 145427821 145428307 145428792 145429162 82090916 114017009 
separating route locations: 407 412 298 296 488 452 372 374 273 452 
separating route arcs: 407 145824466 145824955 145825443 145825490 72210272 109179575 
separating route locations: 408 113 88 142 48 29 142 
separating route arcs: 409 145827389 14215542 53562329 99037196 
separating route locations: 410 490 124 87 490 
separating route arcs: 411 144897936 145245263 145430247 145430734 145431220 145431493 95826167 
separating route locations: 412 298 296 488 452 372 273 372 
separating route arcs: 416 145833241 145833295 35976925 61890061 
separating route locations: 417 357 54 434 357 
separating route arcs: 417 144899570 2366090 18856256 27732556 
separating route locations: 418 467 403 105 403 
separating route arcs: 419 144901903 145839076 145839564 145839857 59962968 86785028 
separating route locations: 420 359 459 387 293 400 387 
separating route arcs: 429 145261957 145262067 19156987 49429899 56344410 91491934 
separating route locations: 430 366 110 346 422 159 110 
separating route arcs: 430 145849287 145849776 145850187 80000094 109262023 
separating route locations: 431 75 33 414 231 33 
separating route arcs: 431 145263911 145264105 56557137 71584763 
separating route locations: 432 290 194 392 290 
separating route arcs: 433 145268305 145268749 145854164 145854651 145855121 92581442 
separating route locations: 434 54 447 350 262 475 262 
separating route arcs: 434 145855627 145856116 145856604 145857091 145857132 80198515 81764581 
separating route locations: 435 311 416 437 254 41 324 254 
separating route arcs: 435 145272197 145272686 145273173 48389600 83826394 
separating route locations: 436 430 366 110 159 110 
separating route arcs: 437 145275485 11857830 22845996 66477600 
separating route locations: 438 397 258 242 397 
separating route arcs: 443 145280947 145281436 145281750 145864877 145865228 68021140 97765480 
separating route locations: 444 430 366 314 338 354 274 338 
separating route arcs: 446 145287291 145287552 37472896 58591612 
separating route locations: 447 350 262 475 262 
separating route arcs: 447 144909790 263310 5554966 7850344 41463161 48285056 83353524 
separating route locations: 448 430 277 366 110 422 159 110 
separating route arcs: 451 145294114 145294603 145295091 145295468 76291250 
separating route locations: 452 273 299 78 381 78 
separating route arcs: 457 145300365 145874604 145875092 145875174 81552755 93158608 
separating route locations: 458 402 304 22 83 441 22 
separating route arcs: 458 145302211 10340591 50238355 77210428 
separating route locations: 459 293 387 400 387 
separating route arcs: 459 145303768 145877942 4244989 32599104 
separating route locations: 460 383 419 315 419 
separating route arcs: 460 144913032 145463552 50905733 94268262 
separating route locations: 461 251 291 471 291 
separating route arcs: 466 145308670 145465215 145465490 145881912 74190470 98778078 
separating route locations: 467 403 348 275 10 341 275 
separating route arcs: 468 145885327 20431530 43002010 78085174 107347087 
separating route locations: 469 17 33 414 231 17 
separating route arcs: 471 144916653 15571752 38449479 81342552 
separating route locations: 472 453 291 471 291 
separating route arcs: 473 145887282 145887561 70348077 97789104 
separating route locations: 474 26 280 486 26 
separating route arcs: 474 145312499 145889235 145889340 63117319 98669230 
separating route locations: 475 330 362 106 18 362 
separating route arcs: 485 145322215 14916455 39776839 59087631 70182362 96368794 127803836 
separating route locations: 486 286 296 488 452 372 273 372 
separating route arcs: 487 145326289 145894602 145895089 52744861 70598954 
separating route locations: 488 452 372 273 374 273 
STATS - lpIterations[1] lagIterations[8] sspIterations[785] numSeparations[690] numCuts[0] compileTime[115] sspSolveTime[986] lpSolveTime[0] lb[62602.7] ub[66484] numArcs: [146070250] numFixed: [0] numHeuristicIPs: [0] numHeuristicLNS: [0] numPrimalLNSRepairs: [0] time: [1550]
STATS1 - lpIterations[1] lagIterations[8] sspIterations[785] numSeparations[690] numCuts[0] compileTime[115] sspSolveTime[986] lpSolveTime[0] repairTime[403] cutsTime[0] alphaTime[0] decompTime[32] yellowTime[0] updateTime[11] fixTime[0] lb[62602.7] ub[66484] numArcs: [146070250] numFixed: [0] time: [1550]
creating solution
Lagrangean bound solution value: 62531.9
STATS - lpIterations[1] lagIterations[9] sspIterations[823] numSeparations[690] numCuts[0] compileTime[115] sspSolveTime[1024] lpSolveTime[0] lb[62602.7] ub[66484] numArcs: [146070055] numFixed: [0] numHeuristicIPs: [0] numHeuristicLNS: [0] numPrimalLNSRepairs: [0] time: [1589]
STATS1 - lpIterations[1] lagIterations[9] sspIterations[823] numSeparations[690] numCuts[0] compileTime[115] sspSolveTime[1024] lpSolveTime[0] repairTime[403] cutsTime[0] alphaTime[0] decompTime[32] yellowTime[0] updateTime[11] fixTime[0] lb[62602.7] ub[66484] numArcs: [146070055] numFixed: [0] time: [1589]
lambda: 0,66.6011,115.584,178.629,249.559,14.9881,74.9889,165.073,202.833,86.559,141.07,126.942,52.8768,181.885,218.596,155.143,116.311,30.3402,151.401,172.919,245.858,279.353,157.197,200.774,75.6852,179.092,89.3815,53.6618,39.3886,153.163,112.456,118.008,234.556,32.7913,65.4469,30.8065,27.3053,115.737,248.372,42.1926,157.146,105.85,102.237,217.998,226.811,239.017,5.365,123.223,180.149,86.1291,25.1759,44.5774,35.9536,46.4677,25.7896,219.522,101.199,90.5756,234.899,23.2315,204.839,179.839,43.1572,172.438,64.5534,7.55711,41.0067,356.624,23.9066,60.6712,81.0707,22.4107,195.895,166.839,126.55,43.4686,20.5076,314.723,12.5244,92.5731,66.1708,86.2016,106.202,218.801,49.0635,141.606,206.435,374.11,16.3457,185.283,82.9843,78.8768,232.813,16.6944,150.071,239.11,120.087,51.559,133.989,62.4934,136.673,38.0268,280.821,55.3301,22.3067,40.733,195.171,106.318,142.248,296.101,217.437,141.741,222.456,42.0286,187.323,141.867,369.26,137.082,33.959,285.447,309.241,68.3628,151.289,39.4622,363.386,133.344,62.0112,355.716,231.157,79.6727,179.293,227.008,27.5832,90.0263,129.928,186.98,87.7646,62.2693,156.101,73.2974,115.779,421.968,153.663,154.232,137.154,125.517,363.503,47.1166,27.4827,97.9469,153.11,235.667,82.4292,62.1297,107.808,65.2152,152.41,187.83,315.372,186.831,72.7815,225.671,344.423,120.251,59.746,43.4843,286.718,347.167,72.4562,201.288,25.2145,291.12,159.351,26.0964,93.0544,266.363,204.008,30.5123,88.23,30.2432,21.1383,62.2366,112.349,209.21,22.6665,14.3452,177.503,33.0492,186.769,204.961,71.7391,23.8275,71.7319,58.7608,173.162,77.9092,283.321,35.6899,331.54,184.99,62.712,22.559,139.132,10.7992,230.593,31.0425,165.35,185.33,19.4475,165.552,33.4562,69.8955,53.3132,49.9955,450.219,199.363,222.476,197.367,164.984,306.886,117.645,283.484,164.69,60.8861,48.5938,134.62,85.4656,20.8253,81.0824,114.683,339.512,45.6188,158.297,187.718,58.2321,92.1572,229.316,108.811,124.288,216.793,70.774,170.036,276.32,162.335,121.587,95.9002,13.1243,99.204,104.307,169.642,119.105,246.453,96.2179,172.176,225.902,53.5335,159.766,170.895,92.6769,92.5592,23.6297,126.758,127.117,116.195,68.1572,41.388,74.1958,230.108,239.154,21.4564,328.839,58.5792,79.3489,110.516,172.902,9.00833,189.98,119.531,69.8593,18.8847,107.893,14.8093,243.762,176.501,77.4995,176.837,60.7248,39.1336,61.7714,123.531,126.828,138.54,17.815,146.576,15.9648,141.895,90.457,150.952,3.79466,170.409,358.4,26.3211,144.068,30.1722,324.891,299.129,257.266,132.234,70.6805,119.659,160.059,66.2696,220.344,16.8555,143.06,361.442,256.078,168.611,318.059,49.0824,192.526,279.186,32.0303,308.629,20.7374,198.251,192.929,22.3232,114.577,32.0844,25.0323,39.2892,229.3,259.549,10.3488,21.7244,56.4778,135.755,138.384,150.456,127.996,79.8995,207.549,119.003,225.61,239.69,175.218,304.629,88.2067,103.529,20.2867,17.382,90.1491,57.3333,210.668,39.868,109.081,57.705,126.414,31.4856,164.244,160.571,106.393,48.7376,30.4757,110.591,25.9641,19.3768,156.485,50.9164,132.253,37.5416,85.8588,85.2381,67.1575,20.5655,126.481,114.925,25.35,117.364,30.4802,98.9433,20.3587,81.4101,51.7566,18.959,118.086,235.511,128.946,342.892,73.4683,249.397,78.4815,334.811,7.4142,310.731,339.016,152.057,38.568,191.403,140.495,85.574,36.4929,95.642,127.831,52.6992,170.315,2.3007,19.8882,118.975,201.771,257.412,42.621,70.4581,46.0785,22.1572,33.7085,118.898,19.8482,25.1129,16.7672,52.8955,42.4349,34.7939,262.169,69.2193,161.773,221.471,66.3051,34.4369,27.4698,10.4324,166.902,23.7449,78.1941,173.162,150.407,182.998,88.4373,210.396,212.902,115.206,340.681,92.682,48.8497,73.9175,271.344,105.015,0,58.6945,89.0263,312,37.6367,142.463,48.9329,88.7366,44.8126,21.3107,303.776,62.1471,123.076,61.9995,392.485,372.807,362.49,56.2921,35.9718,35.4249,259.362,30.3614,69.7907,230.957,98.2399,6.48635,56.1818,80.7001,25.0545,108.817,259.381,38.4609,80.269,218.524,15.5356,95.279,426.453,32.0217,72.1883,296.381,67.3939,41.7833,160.769,
mu: 
combDuals: 
srcDuals: 
fixed dual: 0
new best dual, value: 62531.9
added route to primal routes: 0,5,80,171,347,383,66,0,
added route to primal routes: 0,54,262,475,350,447,0,
added route to primal routes: 0,46,26,486,280,390,0,
added route to primal routes: 0,64,270,462,214,204,0,
added route to primal routes: 0,80,14,171,347,383,0,
added route to primal routes: 0,107,108,93,19,189,0,
added route to primal routes: 0,118,204,214,462,59,0,
added route to primal routes: 0,132,349,417,154,301,0,
added route to primal routes: 0,176,288,392,194,290,432,0,
added route to primal routes: 0,179,9,413,358,0,
added route to primal routes: 0,246,466,200,465,278,423,485,0,
added route to primal routes: 0,286,10,341,0,
added route to primal routes: 0,349,417,154,301,0,
added route to primal routes: 0,331,352,154,349,301,0,
added route to primal routes: 0,351,224,410,490,87,124,336,0,
added route to primal routes: 0,357,434,54,447,70,0,
added route to primal routes: 0,370,315,318,0,
added route to primal routes: 0,407,357,434,54,447,70,0,
added route to primal routes: 0,418,132,349,417,154,0,
added route to primal routes: 0,357,434,309,303,250,0,
added route to primal routes: 0,448,358,406,356,413,179,0,
added route to primal routes: 0,467,105,403,0,
added route to primal routes: 0,469,17,414,33,75,476,0,
best alpha: 0.055
alpha: 3.0036
psiStar: 65400.4
lagLB: 62531.9
||gamma||^2: 955
Dual needs repair, spl: -12.888
Dual needs repair, spl: -10.9905
Dual needs repair, spl: -7.4332
Dual needs repair, spl: -7.36494
Dual needs repair, spl: -6.77077
Dual needs repair, spl: -6.28853
Dual needs repair, spl: -6.19396
Dual needs repair, spl: -6.16134
Dual needs repair, spl: -5.9551
Dual needs repair, spl: -5.79426
Dual needs repair, spl: -4.89954
Dual needs repair, spl: -4.78171
Dual needs repair, spl: -3.79526
Dual needs repair, spl: -3.35006
Dual needs repair, spl: -3.09452
Dual needs repair, spl: -2.52453
Dual needs repair, spl: -2.14264
Dual needs repair, spl: -1.83296
Dual needs repair, spl: -1.72542
Dual needs repair, spl: -1.44055
Dual needs repair, spl: -0.692523
Dual needs repair, spl: -0.399104
repaired lb: 62633.1
STATS - lpIterations[1] lagIterations[9] sspIterations[823] numSeparations[690] numCuts[0] compileTime[115] sspSolveTime[1024] lpSolveTime[0] lb[62633.1] ub[66484] numArcs: [146070055] numFixed: [0] numHeuristicIPs: [0] numHeuristicLNS: [0] numPrimalLNSRepairs: [0] time: [1639]
STATS1 - lpIterations[1] lagIterations[9] sspIterations[823] numSeparations[690] numCuts[0] compileTime[115] sspSolveTime[1024] lpSolveTime[0] repairTime[448] cutsTime[0] alphaTime[0] decompTime[36] yellowTime[0] updateTime[13] fixTime[0] lb[62633.1] ub[66484] numArcs: [146070055] numFixed: [0] time: [1639]
lambda: 0,66.6011,115.584,178.629,249.559,14.9881,74.9889,165.073,202.833,86.0277,140.831,126.942,52.8768,181.885,218.367,155.143,116.311,29.8245,151.401,172.29,245.858,279.353,157.197,200.774,75.6852,179.092,88.3657,53.6618,39.3886,153.163,112.456,118.008,234.556,32.2755,65.4469,29.7908,27.3053,115.737,248.372,41.6764,157.146,105.85,102.237,217.998,226.811,239.017,5.365,123.223,180.149,86.1291,25.1759,44.5774,35.9536,46.4677,25.1458,219.522,101.199,90.5756,234.383,22.3109,204.839,179.839,43.1572,172.438,63.3172,7.55711,41.0067,356.624,23.9066,60.6712,80.4269,22.4107,195.895,166.839,126.55,42.9528,20.5076,314.723,12.5244,92.5731,65.9417,86.2016,106.202,218.801,49.0635,141.606,206.435,372.938,16.3457,185.283,82.9843,78.8768,232.813,16.0655,150.071,239.11,120.087,51.559,133.989,62.4934,136.673,37.5106,280.821,55.3301,22.3067,40.1375,195.171,105.689,141.619,296.101,217.437,141.741,222.456,42.0286,187.323,141.867,369.26,137.082,33.0384,285.447,309.241,68.3628,151.289,39.4622,362.214,133.344,62.0112,355.716,231.157,79.6727,179.293,227.008,25.0839,90.0263,129.928,186.98,87.7646,62.2693,156.101,73.2974,115.779,421.653,153.663,154.232,136.638,125.517,363.503,47.1166,27.4162,97.9469,153.11,235.667,82.4292,62.1297,106.238,64.699,152.41,187.83,315.372,186.831,72.7815,225.671,344.107,120.251,59.746,43.4843,286.718,347.167,72.4562,201.288,25.2145,290.891,159.351,26.0964,93.0544,266.363,203.128,30.5123,87.7138,29.7119,20.5095,62.2366,112.349,209.21,22.6665,14.3452,177.503,33.0492,186.769,204.332,71.7391,23.8275,71.7319,58.7608,172.282,77.9092,283.321,35.6899,331.54,184.99,62.0995,22.559,138.536,10.7992,229.673,31.0425,165.035,185.33,19.381,165.552,33.4562,69.8955,53.3132,49.9955,449.299,199.363,222.476,197.367,164.984,306.886,117.129,283.484,164.69,60.8861,47.4221,134.62,85.4656,20.8253,81.0824,114.683,339.512,45.6188,158.297,187.718,57.8526,92.1572,229.316,108.811,124.288,216.793,70.774,170.036,276.32,162.335,121.587,95.9002,12.5119,99.204,104.307,168.675,118.925,246.453,96.2179,172.176,225.902,53.2179,159.766,170.895,92.6769,92.5592,23.6297,126.758,127.117,116.195,68.1572,41.0085,73.552,230.108,239.154,21.0769,327.918,58.5792,79.3489,110.516,171.935,8.77026,189.98,119.531,69.2469,18.2559,106.878,14.8093,243.762,176.214,77.4995,176.837,60.7248,39.1336,60.8912,123.531,125.948,138.54,17.815,146.576,15.9648,141.895,90.457,150.952,3.79466,170.409,358.4,24.1072,143.781,29.9922,324.891,299.129,257.266,132.234,70.6805,119.479,160.059,66.2696,220.344,16.8555,142.092,361.07,256.078,168.611,317.687,49.0824,192.526,279.186,32.0303,308.629,20.7374,198.251,192.642,22.3232,114.046,32.0844,25.0323,39.2892,229.3,259.549,10.3488,21.3449,55.3062,135.755,137.416,150.456,127.996,79.6615,207.549,118.359,225.61,239.69,175.218,304.4,87.9686,101.959,20.2867,15.6942,90.1491,57.3333,209.701,39.868,108.793,56.8811,125.883,31.4856,164.244,160.571,106.393,48.7376,30.4757,109.624,25.9641,19.3768,156.485,50.9164,131.881,37.5416,85.8588,85.2381,67.1575,20.5655,126.481,114.925,25.35,117.364,30.4802,98.9433,20.3587,80.8087,51.7566,18.8924,118.086,235.511,128.946,342.892,72.5392,249.397,77.6013,334.811,7.4142,310.731,338.7,152.057,38.568,191.403,140.495,85.574,36.4929,94.8084,127.544,52.6992,170.027,1.37155,19.5086,118.975,200.599,257.412,42.621,69.9268,45.5628,22.1572,33.7085,117.328,19.1661,24.7407,16.7672,52.8955,42.4349,34.1815,262.169,69.2193,161.773,221.471,65.9256,34.4369,27.4698,10.3658,166.022,23.7449,77.3702,173.162,150.407,182.998,88.4373,210.396,212.902,115.206,340.681,92.682,48.8497,73.9175,271.344,104.371,0,58.6945,89.0263,312,37.6367,142.463,48.9329,88.7366,44.8126,21.3107,303.776,62.1471,122.704,61.9995,391.564,372.807,362.49,55.6797,35.3594,34.5913,259.362,29.8456,69.7907,230.957,98.2399,6.48635,56.0952,80.7001,24.4722,108.817,259.381,38.4609,80.269,217.557,15.5356,95.279,426.453,31.4093,71.1726,296.381,67.3939,41.7833,159.597,
mu: 
combDuals: 
srcDuals: 
fixed dual: 0
separating route arcs: 4 144932939 759923 16223665 50316191 54452670 63498680 
separating route locations: 5 80 171 347 66 383 347 
separating route arcs: 53 144965451 10599069 13661019 44274182 65772562 
separating route locations: 54 447 350 262 475 262 
separating route arcs: 13 144944709 145508271 67515162 76904899 
separating route locations: 14 171 347 383 171 
separating route arcs: 34 144949936 145908577 56943637 84384664 
separating route locations: 35 26 280 486 26 
separating route arcs: 45 144871147 7660141 36572034 63321286 105299304 
separating route locations: 46 390 26 486 280 26 
separating route arcs: 63 145538894 12745453 49337846 73408744 121036271 
separating route locations: 64 270 462 204 214 462 
separating route arcs: 67 144975401 145924341 145924829 145925316 145925374 83230042 106449384 
separating route locations: 68 155 101 144 178 58 220 178 
separating route arcs: 79 144982094 145557624 145558112 145558456 85705714 
separating route locations: 80 14 171 383 347 171 
separating route arcs: 106 145573176 145573268 13031354 37966524 73760849 
separating route locations: 107 108 93 19 189 108 
separating route arcs: 117 145581472 145581931 15108391 35380206 82258169 
separating route locations: 118 59 462 204 214 462 
separating route arcs: 131 145007739 2627069 28294653 69859018 114838564 
separating route locations: 132 301 349 154 417 349 
separating route arcs: 175 145025487 145025976 145026464 145026751 92066732 125719010 
separating route locations: 176 288 392 194 290 432 176 
separating route arcs: 178 145026960 6574019 30929240 45861253 
separating route locations: 179 9 358 413 358 
separating route arcs: 202 145039070 4440036 7146462 20089096 61222009 106696876 
separating route locations: 203 410 336 490 124 87 490 
separating route arcs: 245 145654995 5741240 16371180 55492769 88636743 133498930 144097241 
separating route locations: 246 485 423 278 465 200 466 246 
separating route arcs: 268 145675310 145675799 145676287 145676710 145981592 81260527 
separating route locations: 269 265 234 335 428 408 335 
separating route arcs: 278 145682131 145682620 145683108 145683214 58562132 59278199 
separating route locations: 279 180 189 19 108 93 19 
separating route arcs: 285 145101274 145688957 48871942 
separating route locations: 286 341 10 341 
separating route arcs: 300 145121287 145390619 56454578 101434124 
separating route locations: 301 349 154 417 349 
separating route arcs: 330 145724014 145724364 33488199 74656805 117731953 
separating route locations: 331 301 352 349 154 352 
separating route arcs: 348 145748795 50719780 93793496 
separating route locations: 349 417 154 349 
separating route arcs: 350 145167326 482958 7703960 11393313 26401408 68881689 114356556 
separating route locations: 351 224 410 336 490 124 87 490 
separating route arcs: 356 144887812 145407038 145407526 145407968 74274224 
separating route locations: 357 434 54 70 447 70 
separating route arcs: 369 145189361 145780435 57003552 
separating route locations: 370 315 318 315 
separating route arcs: 384 145803006 146041842 68099454 78329666 
separating route locations: 385 476 148 431 476 
separating route arcs: 406 144896527 2202354 14857580 20583024 42095342 74752954 
separating route locations: 407 357 434 54 70 447 70 
separating route arcs: 417 144899236 3122734 29993388 71773938 116753484 
separating route locations: 418 132 349 154 417 349 
separating route arcs: 433 145268171 14567565 49356507 60606662 97682887 
separating route locations: 434 357 309 303 250 303 
separating route arcs: 447 144909539 478995 12122352 24410625 47171498 85227658 
separating route locations: 448 179 358 413 356 406 356 
separating route arcs: 459 145303768 145877942 146074303 146074620 68014342 
separating route locations: 460 383 419 315 318 315 
separating route arcs: 466 145308670 145464831 19785921 
separating route locations: 467 403 105 403 
STATS - lpIterations[1] lagIterations[9] sspIterations[823] numSeparations[721] numCuts[0] compileTime[115] sspSolveTime[1024] lpSolveTime[0] lb[62633.1] ub[66484] numArcs: [146111421] numFixed: [0] numHeuristicIPs: [0] numHeuristicLNS: [0] numPrimalLNSRepairs: [0] time: [1639]
STATS1 - lpIterations[1] lagIterations[9] sspIterations[823] numSeparations[721] numCuts[0] compileTime[115] sspSolveTime[1024] lpSolveTime[0] repairTime[448] cutsTime[0] alphaTime[0] decompTime[36] yellowTime[0] updateTime[13] fixTime[0] lb[62633.1] ub[66484] numArcs: [146111421] numFixed: [0] time: [1639]
creating solution
Lagrangean bound solution value: 60880.7
added route to primal routes: 0,36,429,322,385,0,
added route to primal routes: 0,2,307,81,0,
added route to primal routes: 0,5,126,446,134,484,257,229,66,0,
added route to primal routes: 0,8,185,92,127,0,
added route to primal routes: 0,18,172,94,85,51,100,310,375,78,329,275,0,
added route to primal routes: 0,28,103,21,38,325,223,0,
added route to primal routes: 0,322,429,36,281,0,
added route to primal routes: 0,39,101,289,84,224,0,
added route to primal routes: 0,41,324,248,451,0,
added route to primal routes: 0,46,298,78,375,100,51,94,0,
added route to primal routes: 0,52,92,127,185,0,
added route to primal routes: 0,53,52,92,127,185,8,0,
added route to primal routes: 0,54,350,173,330,470,82,256,94,85,51,100,375,381,78,0,
added route to primal routes: 0,55,227,395,0,
added route to primal routes: 0,127,92,52,57,0,
added route to primal routes: 0,59,141,162,396,0,
added route to primal routes: 0,62,50,30,163,20,137,0,
added route to primal routes: 0,64,206,141,162,396,0,
added route to primal routes: 0,28,199,40,65,0,
added route to primal routes: 0,68,160,99,8,185,127,92,52,0,
added route to primal routes: 0,70,173,330,362,106,18,475,0,
added route to primal routes: 0,71,59,206,141,162,396,0,
added route to primal routes: 0,76,310,375,100,51,85,94,0,
added route to primal routes: 0,78,375,100,51,85,94,0,
added route to primal routes: 0,80,126,134,484,257,216,229,66,0,
added route to primal routes: 0,81,459,293,387,457,205,152,292,340,359,0,
added route to primal routes: 0,84,149,99,8,185,92,52,0,
added route to primal routes: 0,142,48,29,88,0,
added route to primal routes: 0,94,51,0,
added route to primal routes: 0,95,129,221,52,127,185,0,
added route to primal routes: 0,99,127,92,52,0,
added route to primal routes: 0,224,84,289,101,0,
added route to primal routes: 0,103,223,325,21,38,7,0,
added route to primal routes: 0,104,113,88,29,48,142,0,
added route to primal routes: 0,127,185,0,
added route to primal routes: 0,129,221,92,52,0,
added route to primal routes: 0,133,444,28,40,0,
added route to primal routes: 0,145,66,229,257,484,446,126,0,
added route to primal routes: 0,150,40,28,0,
added route to primal routes: 0,152,292,387,293,400,0,
added route to primal routes: 0,155,84,289,0,
added route to primal routes: 0,160,185,127,92,52,0,
added route to primal routes: 0,224,84,289,178,0,
added route to primal routes: 0,179,420,2,81,0,
added route to primal routes: 0,186,449,7,38,21,325,0,
added route to primal routes: 0,191,282,451,41,324,254,0,
added route to primal routes: 0,194,242,397,317,0,
added route to primal routes: 0,197,140,49,175,4,0,
added route to primal routes: 0,203,227,268,402,304,458,0,
added route to primal routes: 0,205,294,397,242,258,0,
added route to primal routes: 0,209,453,355,471,291,461,0,
added route to primal routes: 0,210,164,48,29,142,0,
added route to primal routes: 0,212,81,2,420,0,
added route to primal routes: 0,213,52,92,127,185,0,
added route to primal routes: 0,215,320,216,257,484,134,446,126,229,66,0,
added route to primal routes: 0,217,137,50,30,163,20,0,
added route to primal routes: 0,223,325,38,253,222,225,0,
added route to primal routes: 0,224,99,8,185,127,92,52,0,
added route to primal routes: 0,227,333,441,83,22,304,402,0,
added route to primal routes: 0,246,378,210,164,48,29,142,0,
added route to primal routes: 0,254,437,323,0,
added route to primal routes: 0,255,59,206,141,162,396,0,
added route to primal routes: 0,258,242,411,0,
added route to primal routes: 0,259,369,172,94,51,0,
added route to primal routes: 0,262,369,106,18,82,470,362,330,173,350,0,
added route to primal routes: 0,268,402,304,22,83,441,0,
added route to primal routes: 0,269,408,113,88,29,48,142,0,
added route to primal routes: 0,272,426,440,424,337,0,
added route to primal routes: 0,273,299,78,381,284,0,
added route to primal routes: 0,275,329,78,375,310,100,51,94,0,
added route to primal routes: 0,281,429,322,0,
added route to primal routes: 0,282,451,41,324,254,0,
added route to primal routes: 0,284,94,51,100,375,381,0,
added route to primal routes: 0,285,445,355,471,291,251,0,
added route to primal routes: 0,287,291,355,471,0,
added route to primal routes: 0,224,84,289,0,
added route to primal routes: 0,295,332,355,471,291,0,
added route to primal routes: 0,296,372,273,374,0,
added route to primal routes: 0,298,78,375,100,51,94,0,
added route to primal routes: 0,299,78,375,100,51,85,94,0,
added route to primal routes: 0,302,251,355,471,291,0,
added route to primal routes: 0,303,259,369,106,18,82,470,362,330,173,350,0,
added route to primal routes: 0,307,340,292,205,218,152,0,
added route to primal routes: 0,310,375,100,51,85,94,0,
added route to primal routes: 0,314,380,435,311,416,254,324,41,0,
added route to primal routes: 0,316,370,304,402,268,0,
added route to primal routes: 0,317,397,242,258,0,
added route to primal routes: 0,320,216,257,484,134,126,0,
added route to primal routes: 0,322,36,0,
added route to primal routes: 0,327,4,175,49,140,71,0,
added route to primal routes: 0,329,78,375,310,100,51,94,0,
added route to primal routes: 0,330,470,82,256,94,85,51,0,
added route to primal routes: 0,332,355,471,291,251,209,0,
added route to primal routes: 0,333,441,83,22,0,
added route to primal routes: 0,335,142,48,29,88,408,0,
added route to primal routes: 0,337,282,451,41,324,254,416,311,435,380,0,
added route to primal routes: 0,350,173,330,470,82,256,94,85,51,100,375,381,78,329,0,
added route to primal routes: 0,351,160,8,127,92,52,0,
added route to primal routes: 0,353,191,451,41,324,254,0,
added route to primal routes: 0,355,191,451,41,324,254,0,
added route to primal routes: 0,359,340,459,293,387,457,205,218,0,
added route to primal routes: 0,363,41,324,254,437,416,311,435,380,0,
added route to primal routes: 0,466,465,200,364,0,
added route to primal routes: 0,365,380,435,311,416,254,324,41,451,468,0,
added route to primal routes: 0,366,380,311,416,323,437,254,0,
added route to primal routes: 0,368,284,381,78,299,0,
added route to primal routes: 0,369,172,94,85,51,0,
added route to primal routes: 0,374,172,94,85,51,100,310,375,381,78,298,0,
added route to primal routes: 0,375,100,51,85,94,0,
added route to primal routes: 0,377,277,366,346,110,159,436,444,0,
added route to primal routes: 0,378,210,164,48,29,142,0,
added route to primal routes: 0,379,396,162,141,206,0,
added route to primal routes: 0,380,435,311,416,437,254,324,41,0,
added route to primal routes: 0,381,375,100,51,94,0,
added route to primal routes: 0,383,126,134,484,257,216,229,0,
added route to primal routes: 0,386,458,402,304,268,0,
added route to primal routes: 0,389,268,402,0,
added route to primal routes: 0,391,451,41,324,254,437,416,311,435,0,
added route to primal routes: 0,392,242,397,0,
added route to primal routes: 0,395,458,304,268,0,
added route to primal routes: 0,398,259,369,106,18,82,470,362,330,173,350,0,
added route to primal routes: 0,81,400,293,387,457,205,218,152,292,340,359,0,
added route to primal routes: 0,401,291,471,355,251,461,0,
added route to primal routes: 0,402,304,22,83,441,0,
added route to primal routes: 0,407,298,78,375,100,51,94,0,
added route to primal routes: 0,408,88,29,48,142,0,
added route to primal routes: 0,409,103,21,38,325,223,0,
added route to primal routes: 0,412,298,374,284,381,78,299,0,
added route to primal routes: 0,416,437,254,41,324,248,451,0,
added route to primal routes: 0,420,293,387,457,205,152,292,340,359,0,
added route to primal routes: 0,103,21,38,325,223,422,0,
added route to primal routes: 0,423,278,465,0,
added route to primal routes: 0,426,191,451,41,324,254,0,
added route to primal routes: 0,430,366,346,110,422,159,0,
added route to primal routes: 0,433,466,200,465,0,
added route to primal routes: 0,435,311,416,437,254,324,41,451,282,0,
added route to primal routes: 0,444,436,28,40,0,
added route to primal routes: 0,397,242,258,438,0,
added route to primal routes: 0,440,191,451,41,324,254,0,
added route to primal routes: 0,443,251,291,471,0,
added route to primal routes: 0,444,422,186,449,325,38,21,0,
added route to primal routes: 0,445,295,471,355,291,0,
added route to primal routes: 0,448,258,242,397,294,457,292,359,0,
added route to primal routes: 0,449,7,225,222,253,0,
added route to primal routes: 0,452,78,381,375,100,51,85,94,256,82,470,330,173,0,
added route to primal routes: 0,453,355,471,291,0,
added route to primal routes: 0,457,205,294,397,242,258,0,
added route to primal routes: 0,458,268,402,304,22,83,441,0,
added route to primal routes: 0,459,258,242,397,294,457,292,0,
added route to primal routes: 0,460,66,229,257,484,134,446,126,0,
added route to primal routes: 0,461,291,471,453,0,
added route to primal routes: 0,468,451,41,324,254,416,311,435,380,365,0,
added route to primal routes: 0,470,82,256,94,85,51,0,
added route to primal routes: 0,471,355,332,0,
added route to primal routes: 0,472,453,291,355,332,0,
added route to primal routes: 0,475,369,172,94,85,51,0,
added route to primal routes: 0,477,282,451,41,324,254,416,311,435,380,366,0,
added route to primal routes: 0,480,282,451,41,324,254,416,311,435,380,366,430,0,
added route to primal routes: 0,481,355,471,291,0,
added route to primal routes: 0,483,251,291,355,471,0,
added route to primal routes: 0,489,485,466,200,0,
best alpha: 0.055
alpha: 0.0843768
psiStar: 63648
lagLB: 60880.7
||gamma||^2: 32797
Dual needs repair, spl: -34.2927
Dual needs repair, spl: -31.3029
Dual needs repair, spl: -31.2836
Dual needs repair, spl: -28.2873
Dual needs repair, spl: -25.5992
Dual needs repair, spl: -25.4451
Dual needs repair, spl: -25.3996
Dual needs repair, spl: -22.8502
Dual needs repair, spl: -22.1969
Dual needs repair, spl: -21.9956
Dual needs repair, spl: -19.9785
Dual needs repair, spl: -17.3037
Dual needs repair, spl: -16.8761
Dual needs repair, spl: -16.7927
Dual needs repair, spl: -15.9891
Dual needs repair, spl: -13.6219
Dual needs repair, spl: -11.8039
Dual needs repair, spl: -10.8051
Dual needs repair, spl: -10.0546
Dual needs repair, spl: -9.90143
Dual needs repair, spl: -9.79461
Dual needs repair, spl: -6.62884
Dual needs repair, spl: -5.67973
Dual needs repair, spl: -5.44307
Dual needs repair, spl: -4.19371
Dual needs repair, spl: -4.09072
Dual needs repair, spl: -3.72309
Dual needs repair, spl: -3.65703
Dual needs repair, spl: -3.61518
Dual needs repair, spl: -3.3085
Dual needs repair, spl: -3.07314
Dual needs repair, spl: -2.41456
Dual needs repair, spl: -2.27355
Dual needs repair, spl: -2.22019
Dual needs repair, spl: -2.02777
Dual needs repair, spl: -1.69941
Dual needs repair, spl: -1.26882
Dual needs repair, spl: -0.910965
Dual needs repair, spl: -0.624288
Dual needs repair, spl: -0.513313
repaired lb: 62930.8
STATS - lpIterations[1] lagIterations[10] sspIterations[1017] numSeparations[721] numCuts[0] compileTime[115] sspSolveTime[1224] lpSolveTime[0] lb[62930.8] ub[66484] numArcs: [146109616] numFixed: [0] numHeuristicIPs: [0] numHeuristicLNS: [0] numPrimalLNSRepairs: [0] time: [1926]
STATS1 - lpIterations[1] lagIterations[10] sspIterations[1017] numSeparations[721] numCuts[0] compileTime[115] sspSolveTime[1224] lpSolveTime[0] repairTime[529] cutsTime[0] alphaTime[0] decompTime[41] yellowTime[0] updateTime[14] fixTime[0] lb[62930.8] ub[66484] numArcs: [146109616] numFixed: [0] time: [1926]
lambda: 0,69.6047,117.061,181.633,251.49,14.6386,77.9925,167.824,202.992,86.559,138.066,129.946,55.8804,184.889,212.589,158.147,119.315,27.3366,152.407,163.908,248.507,279.795,159.221,203.778,78.6888,182.095,80.3707,56.6654,39.1391,154.181,115.105,121.011,237.559,29.7877,68.4505,27.8029,29.4018,118.74,248.814,42.1926,156.897,105.837,105.24,221.002,229.815,242.021,2.3614,126.226,181.167,88.0596,27.8245,44.1844,36.1128,49.4713,16.7788,222.526,104.203,90.7348,234.899,18.1184,207.843,182.843,45.8058,175.441,61.0844,7.30767,38.5368,359.628,23.9066,63.6748,72.0599,24.3413,198.899,169.843,129.553,40.465,23.5112,317.726,12.4696,95.5767,60.1636,87.6786,107.967,220.825,51.3467,141.213,209.438,371.106,17.3642,188.287,85.9879,81.8804,232.972,13.6908,149.678,242.114,123.091,54.5626,136.993,65.497,137.518,35.0232,283.824,55.772,25.3103,28.7186,196.176,103.314,133.237,299.105,218.617,144.745,225.46,43.1096,190.327,144.871,372.264,140.086,30.9554,288.45,312.245,71.3664,154.292,42.4658,360.382,136.348,62.5449,355.876,234.161,82.6763,182.296,230.011,18.5724,93.0299,130.462,189.983,90.7682,64.9179,159.105,76.301,117.709,422.397,154.682,157.236,134.15,128.521,366.507,50.1202,27.4827,100.95,155.704,238.67,85.4328,65.1333,95.794,65.2152,155.413,190.834,318.376,188.01,72.9407,228.675,344.851,122.899,62.6871,46.4879,289.722,350.17,75.4598,204.292,28.2181,270.095,160.915,25.8638,96.058,268.293,201.005,33.5159,85.2264,21.2324,18.1347,65.2402,115.352,212.214,25.6701,14.5045,177.945,36.0528,189.773,195.95,74.7427,26.5883,74.7355,61.3508,173.162,80.9128,286.324,38.6935,334.544,184.741,62.2984,25.5626,133.125,7.79558,227.59,31.7599,165.779,188.334,19.4475,168.555,36.3974,72.8991,54.7902,52.9991,447.216,202.366,223.359,200.016,167.988,309.89,117.645,286.488,167.693,61.3281,44.8698,137.623,88.4692,20.3831,84.086,115.217,342.516,48.6224,161.301,190.722,55.2285,95.1608,232.32,111.815,127.292,219.796,73.7776,173.039,276.598,165.338,124.591,98.9038,9.64471,102.208,107.31,166.639,119.105,246.17,99.2215,175.179,226.133,53.9622,161.531,171.429,92.9553,93.565,26.6333,129.761,124.113,119.198,71.1608,38.3844,71.1922,233.111,238.712,18.4528,325.835,61.5828,82.3525,112.857,169.899,9.00833,192.983,120.71,69.8593,15.8811,104.89,16.9057,245.517,173.498,79.6029,179.71,60.0619,42.0517,61.6412,125.815,126.698,138.343,16.5328,147.128,16.6822,144.899,92.7977,153.955,2.70335,172.512,361.404,0,141.065,27.1686,324.449,302.133,260.27,133.711,73.6841,116.656,162.861,66.0427,223.348,19.8591,140.056,346.424,258.87,171.176,315.055,52.086,195.53,281.733,34.1267,311.632,20.9675,198.693,189.926,24.2537,114.577,34.8862,24.7997,36.2856,231.873,261.573,13.3524,18.7208,47.467,137.753,135.38,153.46,128.548,73.8923,210.552,115.999,228.614,242.694,176.623,295.619,85.2031,79.5005,18.2889,11.3748,87.1455,60.3369,207.664,39.6704,100.07,48.6942,114.4,29.7515,167.247,163.574,107.399,51.7412,33.0658,107.13,25.3755,22.3804,158.588,51.9221,129.25,40.5452,88.1995,88.2417,68.5981,21.4108,126.481,117.703,28.2912,118.258,30.2532,101.047,23.3623,63.3885,54.7602,18.959,120.878,236.063,131.95,345.684,70.4647,252.401,78.4815,337.815,10.4178,313.523,339.445,152.335,41.5716,194.406,141.047,88.5776,36.0507,89.6348,124.828,55.7028,164.307,0,17.9031,121.979,192.76,260.416,45.6246,61.4473,43.0749,25.1608,33.9386,109.887,13.841,16.1021,16.2446,55.8991,41.5305,34.7939,265.173,72.2229,164.776,224.475,66.3051,36.5333,26.8812,10.4324,166.772,26.335,69.1833,174.703,153.41,184.233,91.0018,213.4,215.905,117.231,343.684,95.6856,47.9454,76.9211,273.998,96.0041,0,59.1365,92.0299,313.755,39.9775,142.611,51.9365,91.7402,47.8162,20.0285,303.334,62.6992,120.072,62.0613,383.474,375.81,365.494,56.2921,35.5583,26.4141,262.366,27.3578,71.556,230.674,101.244,9.07639,59.1854,78.7022,16.0437,111.82,262.385,41.4645,83.0298,215.52,18.5392,98.2826,426.986,31.6082,69.1847,299.385,69.7346,44.7869,151.758,
mu: 
combDuals: 
srcDuals: 
fixed dual: 0
separating route arcs: 384 145802568 43743978 79510325 120150690 
separating route locations: 385 36 322 429 36 
separating route arcs: 1 144930725 23100406 39886266 
separating route locations: 2 307 81 2 
separating route arcs: 4 144932925 229527 2121392 3902966 22316358 38538048 52448447 99498597 
separating route locations: 5 66 229 126 446 257 134 484 257 
separating route arcs: 7 144936759 144936850 145905015 68378539 
separating route locations: 8 185 92 127 92 
separating route arcs: 21 1582629 10660742 19022610 44348890 
separating route locations: 22 83 441 333 441 
separating route arcs: 27 144949032 1184348 2884654 18128611 49416309 88571408 
separating route locations: 28 103 223 325 38 21 325 
separating route arcs: 35 144953809 144954298 144954578 102186593 
separating route locations: 36 322 429 281 36 
separating route arcs: 38 145520614 145521102 2765139 5082742 17445044 
separating route locations: 39 101 224 84 289 84 
separating route arcs: 40 145523539 145523786 5423090 40973758 
separating route locations: 41 324 248 451 41 
separating route arcs: 45 144871056 47507 116738 212288 6562472 10207364 33568517 
separating route locations: 46 298 78 375 100 51 94 51 
separating route arcs: 51 144960221 145528887 145529069 45543480 
separating route locations: 52 92 127 185 127 
separating route arcs: 52 144961605 7461396 8120619 46483839 76218923 79829954 
separating route locations: 53 8 185 127 92 52 92 
separating route arcs: 54 144968808 32618947 34708620 
separating route locations: 55 395 227 395 
separating route arcs: 56 144971465 25367983 53240859 56850914 
separating route locations: 57 127 92 52 92 
separating route arcs: 58 145536325 16167493 47993913 84765810 
separating route locations: 59 141 396 162 141 
separating route arcs: 61 131568 240573 2465569 8258839 34842732 41804268 
separating route locations: 62 50 30 163 20 137 50 
separating route arcs: 63 145538830 3527266 35622199 70893897 107744850 
separating route locations: 64 206 141 396 162 141 
separating route arcs: 64 144974270 144974759 144974955 43790601 
separating route locations: 65 28 40 199 40 
separating route arcs: 65 145543987 145921422 145921910 145922397 145922875 82741948 97441524 
separating route locations: 66 229 126 446 257 484 134 257 
separating route arcs: 67 144975406 1338220 3019742 17028326 17993800 61197589 91059553 94670619 
separating route locations: 68 160 99 8 185 127 92 52 127 
separating route arcs: 69 144977674 14545442 18331663 22151288 45766143 80951564 127270065 
separating route locations: 70 475 173 330 362 18 106 362 
separating route arcs: 70 145551835 55456 2448437 32127127 67064057 103915010 
separating route locations: 71 59 206 141 396 162 141 
separating route arcs: 75 10089 7895567 8879079 28840782 35106974 63772465 91564173 
separating route locations: 76 310 375 100 51 94 85 51 
separating route arcs: 77 144980500 145555674 145556162 145556245 29685547 58032068 
separating route locations: 78 375 100 51 85 94 51 
separating route arcs: 79 144982146 980481 4018005 6486390 22756600 38985546 52922297 99977327 
separating route locations: 80 66 229 126 216 257 134 484 257 
separating route arcs: 80 144984877 145559088 145559575 19112321 31541178 34700865 36471768 82268750 110708407 122337502 
separating route locations: 81 359 340 292 152 205 457 387 293 459 340 
separating route arcs: 83 144986621 2471861 4723213 21180252 22191075 48991825 52551616 
separating route locations: 84 149 99 8 185 92 52 92 
separating route arcs: 87 145565366 145565413 54018532 90987835 
separating route locations: 88 142 48 29 142 
separating route arcs: 91 5320037 6940826 44172176 
separating route locations: 92 52 127 92 
separating route arcs: 93 5320525 8575100 
separating route locations: 94 51 94 
separating route arcs: 94 6532723 11672575 41525331 45055451 91839332 93259344 
separating route locations: 95 129 221 52 127 185 127 
separating route arcs: 98 144992448 21039401 48052909 51605868 
separating route locations: 99 127 92 52 92 
separating route arcs: 100 144995471 967625 2387971 11275152 
separating route locations: 101 224 84 289 84 
separating route arcs: 102 291121 1262672 12801209 31029993 64683453 103890768 
separating route locations: 103 223 325 7 38 21 325 
separating route arcs: 103 86163 1796757 2080340 26212217 61302082 108591419 
separating route locations: 104 113 88 142 29 48 142 
separating route arcs: 109 144999645 145351707 75209565 82195040 
separating route locations: 110 346 159 422 346 
separating route arcs: 112 145576107 145576596 145576643 67901702 104871005 
separating route locations: 113 88 142 48 29 142 
separating route arcs: 125 145004040 145004173 18620392 34123930 80349397 
separating route locations: 126 446 134 257 484 257 
separating route arcs: 126 145006643 16517590 
separating route locations: 127 185 127 
separating route arcs: 128 145586566 13755662 38865781 42299180 
separating route locations: 129 221 92 52 92 
separating route arcs: 132 3348163 6899196 10779083 37498343 
separating route locations: 133 444 28 40 28 
separating route arcs: 144 1775710 2780435 7558597 11092731 35754966 53361461 100455081 
separating route locations: 145 66 229 126 446 257 484 257 
separating route arcs: 148 145011339 145011521 145595607 145595698 62335753 65946819 
separating route locations: 149 99 185 127 92 52 127 
separating route arcs: 149 145014297 33977407 40893640 
separating route locations: 150 40 28 40 
separating route arcs: 151 144928757 145598425 28263510 55175668 81997728 
separating route locations: 152 292 387 293 400 387 
separating route arcs: 154 145600559 3019533 12855532 
separating route locations: 155 84 289 84 
separating route arcs: 158 145018655 145018999 145950547 81833135 
separating route locations: 159 422 346 110 422 
separating route arcs: 159 145019815 743257 24167985 51818821 55414724 
separating route locations: 160 185 127 92 52 92 
separating route arcs: 171 145606418 27154279 55159688 62090568 
separating route locations: 172 85 94 51 94 
separating route arcs: 175 145025486 145358836 145359029 98685377 113713001 125912408 
separating route locations: 176 432 290 194 392 288 176 
separating route arcs: 177 145611377 3447530 6061248 19318486 
separating route locations: 178 224 84 289 84 
separating route arcs: 178 145027369 145612624 9499233 23196095 
separating route locations: 179 420 2 81 2 
separating route arcs: 184 145029884 4607968 39162831 68559243 72170309 
separating route locations: 185 8 127 92 52 127 
separating route arcs: 185 4952387 8317296 29677646 50951217 85747573 124795992 
separating route locations: 186 449 325 7 38 21 325 
separating route arcs: 190 145626069 12402877 54017566 69187725 70753791 104424698 
separating route locations: 191 282 451 41 324 254 324 
separating route arcs: 193 145032146 145628622 52336827 98550068 
separating route locations: 194 317 397 242 397 
separating route arcs: 196 330641 4144525 10165254 46053544 89951588 
separating route locations: 197 140 49 4 175 4 
separating route arcs: 198 145034298 13967199 42012368 
separating route locations: 199 28 40 28 
separating route arcs: 202 145039152 145039641 145040129 145040616 145040917 72786451 
separating route locations: 203 227 458 268 402 304 268 
separating route arcs: 204 145633585 145634074 145634330 13242225 54030132 
separating route locations: 205 294 397 258 242 397 
separating route arcs: 208 145043515 14975244 37558700 63803627 107194036 114740812 
separating route locations: 209 461 453 291 471 355 291 
separating route arcs: 209 253417 2592646 28292083 63695732 110985069 
separating route locations: 210 164 142 29 48 142 
separating route arcs: 211 145045500 145045502 14502834 29772415 
separating route locations: 212 420 2 81 2 
separating route arcs: 212 145048603 513475 22590761 49932693 53500780 
separating route locations: 213 185 127 92 52 92 
separating route arcs: 216 5514648 9094558 9963917 20134568 33277788 66601908 
separating route locations: 217 137 50 30 163 20 137 
separating route arcs: 219 145646524 13186364 18677585 
separating route locations: 220 289 84 289 
separating route arcs: 222 331314 8423547 35718808 56675677 72527988 92594620 
separating route locations: 223 325 38 253 225 222 253 
separating route arcs: 223 145053882 1106888 10932683 11744298 52589193 56374140 85796530 
separating route locations: 224 99 8 185 127 52 92 127 
separating route arcs: 226 145058077 169470 12414181 25607411 47184723 58690358 87244401 
separating route locations: 227 402 304 22 83 441 333 83 
separating route arcs: 228 145059845 145969928 145970408 66465128 81164704 
separating route locations: 229 216 257 484 134 257 
separating route arcs: 241 145062812 26452975 50449726 
separating route locations: 242 258 397 242 
separating route arcs: 245 145654888 600583 1637957 6014186 37417237 73749062 121038384 
separating route locations: 246 378 210 164 142 29 48 142 
separating route arcs: 250 144874183 144874672 144875160 144875627 131857093 
separating route locations: 251 291 355 332 471 355 
separating route arcs: 253 145663143 25935501 66985682 
separating route locations: 254 437 323 437 
separating route arcs: 254 145664611 145664816 3987715 36944685 72330087 109181040 
separating route locations: 255 59 206 141 396 162 141 
separating route arcs: 257 145068171 26188646 68409954 
separating route locations: 258 242 411 242 
separating route arcs: 258 145069886 145070058 33097109 61857511 68787902 
separating route locations: 259 369 172 94 51 94 
separating route arcs: 267 145075736 145076225 145076247 145673314 61561023 84901492 
separating route locations: 268 402 304 22 441 83 22 
separating route arcs: 268 145675226 1050769 4507252 4946704 34774217 70876682 118166019 
separating route locations: 269 408 113 88 142 29 48 142 
separating route arcs: 271 145077203 145077539 31459833 66107348 110062490 
separating route locations: 272 426 337 440 424 337 
separating route arcs: 272 145080051 145080540 145081028 145081310 82573089 
separating route locations: 273 299 78 381 284 299 
separating route arcs: 274 145084823 145084901 405190 566948 12768067 34909578 41357794 70474651 
separating route locations: 275 329 78 375 310 100 51 94 51 
separating route arcs: 276 145087263 145087373 145983468 41815799 74750373 
separating route locations: 277 366 110 422 346 422 
separating route arcs: 280 145091001 21114037 58873536 
separating route locations: 281 322 429 322 
separating route arcs: 281 145093125 145093614 145093936 66923951 100594858 
separating route locations: 282 451 41 324 254 324 
separating route arcs: 283 145097032 145097405 11736459 33161554 39545354 68559731 
separating route locations: 284 381 375 100 51 94 51 
separating route arcs: 284 145098498 19739361 64066747 91091121 98463193 137063049 
separating route locations: 285 445 251 291 355 471 291 
separating route arcs: 285 145101229 145379748 145380236 145380509 74762049 92620633 118866351 
separating route locations: 286 296 488 452 273 374 372 452 
separating route arcs: 286 144876137 144876626 144877093 49794685 
separating route locations: 287 291 355 471 291 
separating route arcs: 287 145105710 9510651 19756940 62647272 
separating route locations: 288 397 258 242 397 
separating route arcs: 288 145691611 4727196 7830002 
separating route locations: 289 224 84 289 
separating route arcs: 290 144878070 145692720 41806995 85640438 
separating route locations: 291 471 355 332 355 
separating route arcs: 291 145108251 145108456 145693344 145693601 2720482 15581474 57381242 
separating route locations: 292 457 205 294 258 397 242 397 
separating route arcs: 294 144878871 22344776 64095634 71654313 114856093 
separating route locations: 295 291 332 355 471 291 
separating route arcs: 295 145114970 21963209 37651984 69016310 
separating route locations: 296 372 374 273 372 
separating route arcs: 297 144880612 35092 100331 5731580 9100950 31827325 
separating route locations: 298 78 375 100 51 94 51 
separating route arcs: 298 145119962 145120335 16146191 38895580 45487259 72890325 102553958 
separating route locations: 299 78 375 100 51 85 94 51 
separating route arcs: 301 145124599 41878822 49214515 92355783 119339021 
separating route locations: 302 251 355 471 291 251 
separating route arcs: 303 145128652 11415321 24003835 45326411 56775438 85329838 
separating route locations: 304 402 22 83 441 333 441 
separating route arcs: 306 145131036 145998913 24148995 37235201 66640569 70256458 
separating route locations: 307 340 292 152 218 205 218 
separating route arcs: 309 7195211 8115221 27577832 33792775 60443345 90106978 
separating route locations: 310 375 100 51 85 94 51 
separating route arcs: 310 145704057 145704546 145705034 145705075 52441447 53998241 
separating route locations: 311 416 437 254 41 324 254 
separating route arcs: 313 145135878 145710390 145710878 145711364 35135470 68040936 83070895 84636961 
separating route locations: 314 380 435 311 416 254 41 324 254 
separating route arcs: 315 145139693 14946760 47970214 51608977 79591779 
separating route locations: 316 370 304 402 268 304 
separating route arcs: 316 145141282 145141771 145142028 79728011 
separating route locations: 317 397 242 258 242 
separating route arcs: 319 2939194 5089510 20050626 35878297 82263218 96962794 
separating route locations: 320 126 216 257 484 134 257 
separating route arcs: 320 145715265 145715754 145716242 145716283 86900735 88466801 
separating route locations: 321 416 437 254 41 324 254 
separating route arcs: 321 8128346 42827510 
separating route locations: 322 36 322 
separating route arcs: 326 145717771 208904 3523262 9060304 44204016 88036668 
separating route locations: 327 71 140 49 4 175 4 
separating route arcs: 328 145147662 359234 512192 12441634 34471352 40903952 69995921 
separating route locations: 329 78 375 310 100 51 94 51 
separating route arcs: 329 145722038 1902344 10384449 35742101 64729891 71660273 99220475 
separating route locations: 330 470 82 256 94 51 85 94 
separating route arcs: 332 145727859 10751762 28872996 44467485 
separating route locations: 333 441 83 22 333 
separating route arcs: 334 145733672 785755 931011 21069647 55078592 102367929 
separating route locations: 335 408 88 142 29 48 142 
separating route arcs: 339 145151646 11319826 12371111 13676779 54981246 81996168 110228628 
separating route locations: 340 152 292 457 387 400 293 387 
separating route arcs: 345 145161177 10790930 39724676 81829639 
separating route locations: 346 422 159 110 346 
separating route arcs: 350 145167263 881498 10060306 50230191 53980490 83402880 
separating route locations: 351 160 8 127 52 92 127 
separating route arcs: 352 690029 1287240 27421937 41278887 42775657 76179346 
separating route locations: 353 191 451 41 324 254 41 
separating route arcs: 354 144886592 726471 24168912 37674503 39144921 72349506 
separating route locations: 355 191 451 41 324 254 41 
separating route arcs: 358 145178649 145765469 12606019 35779034 81792136 84148900 87493180 117389618 
separating route locations: 359 340 459 293 387 457 205 218 457 
separating route arcs: 362 144889713 1053535 11227974 18282897 21385698 44836245 78575927 93602955 95169021 
separating route locations: 363 380 435 311 416 437 254 41 324 254 
separating route arcs: 363 145771327 18150051 47555267 94709551 
separating route locations: 364 466 465 200 466 
separating route arcs: 365 145773307 145773795 146023891 146024377 22292105 46229073 89007262 
separating route locations: 366 380 311 416 254 437 323 437 
separating route arcs: 367 145187582 145188071 145188354 145777568 92093734 
separating route locations: 368 299 78 284 381 78 
separating route arcs: 368 145777850 13431678 38418771 45024145 72411595 
separating route locations: 369 172 94 51 85 94 
separating route arcs: 369 145189447 146027778 146028266 146028702 48704121 71975782 
separating route locations: 370 402 304 22 441 83 22 
separating route arcs: 372 145193443 145193932 145194420 145194530 68907425 75972527 
separating route locations: 373 430 366 346 110 422 346 
separating route arcs: 374 145787431 145787920 145788408 145788492 56138153 
separating route locations: 375 100 51 94 85 51 
separating route arcs: 377 145791050 835699 4170039 33027169 68961762 116251099 
separating route locations: 378 210 164 142 29 48 142 
separating route arcs: 378 145794455 5589448 40981927 76638657 113489610 
separating route locations: 379 206 141 396 162 141 
separating route arcs: 379 145796693 6137514 11360505 14004237 35799421 69001609 70752601 85469849 
separating route locations: 380 435 311 416 437 254 324 41 254 
separating route arcs: 380 3073381 3627915 18515626 24099594 51346435 
separating route locations: 381 375 100 51 94 51 
separating route arcs: 382 145203911 145800102 145800317 19670472 35437770 49148577 96147487 
separating route locations: 383 229 126 216 257 134 484 257 
separating route arcs: 385 145207443 146043426 43431410 46912480 84275971 
separating route locations: 386 458 268 402 304 268 
separating route arcs: 386 145805756 39337560 65720908 
separating route locations: 387 293 400 387 
separating route arcs: 388 145212620 35338382 38679360 
separating route locations: 389 268 402 268 
separating route arcs: 391 145216656 146047296 50711228 
separating route locations: 392 397 242 397 
separating route arcs: 394 145220158 145419560 145419863 104859895 
separating route locations: 395 458 268 304 268 
separating route arcs: 400 144893705 6235700 43248644 50625817 93791973 120775211 
separating route locations: 401 461 251 355 471 291 251 
separating route arcs: 401 145231813 145231835 145817608 34184593 56656422 
separating route locations: 402 304 22 441 83 22 
separating route arcs: 406 144896469 6435 52203 124287 5934418 9371201 32262623 
separating route locations: 407 298 78 375 100 51 94 51 
separating route arcs: 407 145824064 182017 15464449 47976698 95186979 
separating route locations: 408 88 142 29 48 142 
separating route arcs: 408 2680585 5077791 8564094 30106631 63725993 102933308 
separating route locations: 409 103 223 325 38 21 325 
separating route arcs: 411 144897936 145245339 6199567 16740214 36275082 38244592 81811991 
separating route locations: 412 298 374 284 381 78 299 284 
separating route arcs: 415 145830801 145831290 145831778 145832265 145832711 91361642 105109575 
separating route locations: 416 437 254 324 41 451 248 324 
separating route arcs: 419 144901903 145838927 8185798 9144007 19371862 22165549 23746038 49482134 96154036 
separating route locations: 420 359 340 292 152 205 457 293 387 457 
separating route arcs: 421 145255788 1107591 2754627 17755777 48945875 88092678 
separating route locations: 422 103 223 325 38 21 325 
separating route arcs: 422 1778367 26615729 57998101 
separating route locations: 423 278 465 278 
separating route arcs: 425 145259218 6502750 43251752 58176935 59743001 93413908 
separating route locations: 426 191 451 41 324 254 324 
separating route arcs: 429 145261957 145262446 145262933 49332425 84784165 91769453 
separating route locations: 430 366 346 110 159 422 159 
separating route arcs: 432 145265840 145852412 57371053 90552416 
separating route locations: 433 466 200 465 466 
separating route arcs: 435 145272148 11672872 16819020 45690435 
separating route locations: 436 444 28 40 28 
separating route arcs: 437 145275485 146065783 52126783 66802455 
separating route locations: 438 397 242 258 397 
separating route arcs: 439 145278018 145278466 50701592 65836615 67402681 101073588 
separating route locations: 440 191 451 41 324 254 324 
separating route arcs: 442 144905703 32988822 59016327 102406672 
separating route locations: 443 251 291 471 291 
separating route arcs: 443 145280879 1450259 13466734 19057295 44347999 79045353 118252668 
separating route locations: 444 422 186 449 325 38 21 325 
separating route arcs: 444 144907700 145451554 52150822 59686862 86306754 
separating route locations: 445 295 471 355 291 355 
separating route arcs: 447 144909719 301460 460027 674980 746459 8702336 18622334 61211082 
separating route locations: 448 359 292 457 294 397 258 242 397 
separating route arcs: 448 293351 5363260 18557823 31961838 50972926 
separating route locations: 449 7 253 225 222 253 
separating route arcs: 450 145292968 16877159 28960671 61338998 
separating route locations: 451 324 41 254 324 
separating route arcs: 452 144911804 144912293 144912761 67940553 
separating route locations: 453 291 355 471 291 
separating route arcs: 456 145298215 169948 218938 6149681 14606099 55945052 
separating route locations: 457 205 294 397 258 242 397 
separating route arcs: 457 145300454 145300943 145301431 145301453 86403559 97944503 121283446 
separating route locations: 458 268 402 304 22 441 83 22 
separating route arcs: 458 145302210 996840 1296861 1395223 11242093 22065192 65520140 
separating route locations: 459 292 457 294 397 258 242 397 
separating route arcs: 459 145303451 145460349 145460837 145461324 145461456 47273673 94232567 112723944 
separating route locations: 460 66 229 126 446 134 484 257 446 
separating route arcs: 460 144913233 145879964 145880431 73204142 
separating route locations: 461 453 291 471 291 
separating route arcs: 469 1008198 7728810 31373505 59942591 66872973 94433175 
separating route locations: 470 82 256 94 51 85 94 
separating route arcs: 470 144915225 144915556 58831558 
separating route locations: 471 355 332 355 
separating route arcs: 471 144916653 146077714 146078068 45481161 89468324 
separating route locations: 472 453 291 355 332 355 
separating route arcs: 474 145312538 6453607 30922083 59463861 66394243 93954445 
separating route locations: 475 369 172 94 51 85 94 
separating route arcs: 480 9987208 15012218 37556923 80385092 
separating route locations: 481 355 291 471 291 
separating route arcs: 482 145317786 35173608 61409861 68781933 111983673 
separating route locations: 483 251 291 355 471 251 
separating route arcs: 487 145326290 145326779 145327267 145327550 52895326 75816914 
separating route locations: 488 329 299 78 284 381 78 
separating route arcs: 488 9987827 30136371 55195988 102372180 
separating route locations: 489 485 466 200 485 
STATS - lpIterations[1] lagIterations[10] sspIterations[1017] numSeparations[894] numCuts[0] compileTime[115] sspSolveTime[1224] lpSolveTime[0] lb[62930.8] ub[66484] numArcs: [146406516] numFixed: [0] numHeuristicIPs: [0] numHeuristicLNS: [0] numPrimalLNSRepairs: [0] time: [1926]
STATS1 - lpIterations[1] lagIterations[10] sspIterations[1017] numSeparations[894] numCuts[0] compileTime[115] sspSolveTime[1224] lpSolveTime[0] repairTime[529] cutsTime[0] alphaTime[0] decompTime[41] yellowTime[0] updateTime[14] fixTime[0] lb[62930.8] ub[66484] numArcs: [146406516] numFixed: [0] time: [1926]
